gene_callers_id	sample_01_reads_against_MAGs	sample_02_reads_against_MAGs	sample_03_reads_against_MAGs	sample_04_reads_against_MAGs	sample_05_reads_against_MAGs	sample_06_reads_against_MAGs	sample_07_reads_against_MAGs	sample_08_reads_against_MAGs	sample_09_reads_against_MAGs	sample_10_reads_against_MAGs	sample_11_reads_against_MAGs	sample_12_reads_against_MAGs	sample_13_reads_against_MAGs	sample_14_reads_against_MAGs	sample_15_reads_against_MAGs	sample_16_reads_against_MAGs	sample_17_reads_against_MAGs	sample_18_reads_against_MAGs	sample_19_reads_against_MAGs	sample_20_reads_against_MAGs	sample_21_reads_against_MAGs	sample_22_reads_against_MAGs	sample_23_reads_against_MAGs	sample_24_reads_against_MAGs
10247	6.594190871369294	0.0	0.0	0.0	0.4826311899482631	0.0	0.0	0.0	8.161943319838057	0.0	0.0	0.0	0.0	0.0	0.0	0.0	14.50767754318618	0.0	0.0	0.0	0.0	0.0	0.0	0.0
10248	7.440860215053763	0.0	0.0	0.0	0.0	0.0	0.0	0.0	7.350140056022409	0.0	0.0	0.0	0.0	0.0	0.0	0.0	10.3983286908078	0.0	0.0	0.0	0.0	0.0	0.0	0.0
10249	8.957142857142857	0.0	0.0	0.0	0.0	0.0	0.0	0.0	3.950354609929078	0.0	0.0	0.0	0.0	0.0	0.0	0.0	4.540229885057471	0.0	0.0	0.0	0.0	0.0	0.0	0.0
10250	6.972633136094674	0.0	0.0	0.0	0.0	0.0	0.0	0.0	6.641418211120064	0.200139470013947	0.0	0.0	0.0	0.0	0.0	0.0	11.585074626865671	0.0	0.0	0.0	0.0	0.09205020920502092	0.0	0.0
10251	4.804347826086956	0.0	0.0	0.0	0.0	0.0	0.0	0.0	4.749003984063745	0.0	0.0	0.0	0.0	0.0	0.0	0.0	11.306501547987617	0.2366412213740458	0.0	0.0	0.0	0.0	0.0	0.0
10252	8.008591065292096	0.0	0.5257731958762887	0.0	1.0154639175257731	0.0	0.0	0.0	9.991935483870968	0.0	0.0	0.0	0.0	0.0	0.0	0.0	14.079470198675496	0.0	0.0	0.0	0.0	0.0	0.0	0.0
10253	9.058064516129033	0.0	1.6026490066225165	0.0	0.0	0.0	0.0	0.0	7.5559701492537314	0.0	0.0	0.753968253968254	0.0	0.0	0.0	0.0	16.661896243291594	0.0	2.914285714285714	0.0	0.0	0.0	0.0	0.0
10254	11.72600422832981	0.0	0.8450807635829662	0.0	0.0	0.0	0.0	0.0	11.824521422060164	0.0	0.0	0.0	0.0	0.14757709251101322	0.0	0.0	15.835699797160244	0.0	0.0	0.0	0.0	0.47687224669603523	0.0	0.0
10255	15.4	0.0	0.17670682730923695	0.0	0.0	0.0	0.0	0.0	14.842364532019705	0.0	0.0	0.0	0.0	0.0	0.0	0.0	23.266009852216747	0.0	0.6465863453815262	0.0	0.0	2.208835341365462	0.0	0.1686746987951807
10256	2.9278131634819533	0.0	0.0	0.0	0.0	0.0	0.0	0.0	6.98936170212766	0.0	0.0	0.0	0.0	0.0	0.0	0.0	17.698961937716263	0.0	0.0	0.0	0.0	0.0	0.0	0.0
10257	13.250836120401338	0.0	0.0	0.0	0.5663956639566395	0.0	0.0	0.0	6.6092715231788075	0.0	0.0	0.0	0.0	0.0	0.0	0.0	12.563545150501673	0.0	0.6598915989159891	0.0	0.0	0.0	0.0	0.0
10258	10.880877742946709	0.0	0.0	0.0	0.0	0.0	0.0	0.0	8.74607329842932	0.0	0.0	0.0	0.0	0.0	0.0	0.0	10.864321608040202	0.21040189125295508	1.0551181102362204	0.0	0.0	0.0	0.0	0.0
10259	8.476272648835202	0.0	0.0	0.0	0.0	0.0	0.0	0.0	7.757902852737086	0.0	0.0	0.0	0.0	0.0	0.0	0.0	12.933574007220217	0.0	0.4316069057104914	0.0	0.0	0.0	0.0	0.0
10260	8.484536082474227	0.0	0.0	0.0	0.0	0.0	0.0	0.0	0.0	0.0	0.0	0.0	0.0	0.0	0.0	0.0	3.1666666666666665	0.0	0.0	0.0	0.0	0.0	0.0	0.0
10261	9.974930362116991	0.0	0.0	0.0	0.0	0.0	0.0	0.0	8.2015503875969	0.0	0.0	0.0	0.0	0.0	0.0	0.0	11.360294117647058	0.0	0.0	0.0	0.0	0.8502109704641351	0.0	0.0
10262	15.834733893557424	0.0	0.0	0.0	0.0	0.0	0.0	0.0	10.358695652173912	0.5868544600938967	0.0	0.0	0.0	0.0	0.0	0.0	15.110576923076923	0.0	0.0	0.0	0.0	0.0	0.0	0.0
10263	12.78838174273859	0.0	0.0	0.0	0.0	0.0	0.0	0.0	12.125382262996942	0.0	0.0	0.0	0.0	0.0	0.0	0.0	8.333333333333334	0.0	0.0	0.0	0.0	0.0	0.0	0.0
10264	8.554597701149426	0.0	0.0	0.0	0.0	0.0	0.0	0.0	4.89873417721519	0.0	0.0	0.0	0.22303921568627452	0.0	0.0	0.0	13.504731861198739	0.0	0.0	0.0	0.0	0.0	0.0	0.0
10265	13.96923076923077	0.0	0.0	0.0	0.0	0.0	0.0	0.0	1.452991452991453	0.0	0.0	0.0	0.0	0.0	0.0	0.0	11.386075949367088	0.0	0.0	0.0	0.0	0.0	0.0	0.0
10266	9.120833333333334	0.0	1.2815533980582525	0.0	0.0	0.0	0.0	0.0	20.986254295532646	0.0	0.0	0.0	0.0	0.948220064724919	0.0	0.0	10.964169381107492	0.0	0.0	0.0	0.0	0.0	0.0	0.0
10267	7.81875	0.0	0.0	0.0	0.0	0.0	0.0	0.0	7.355343179843614	0.0	0.0	0.0	0.9045307443365695	0.0	0.0	0.0	11.807758620689656	0.0	0.0	0.0	0.0	0.7087378640776699	0.0	0.0
10268	9.817073170731707	0.0	0.0	0.0	0.0	0.0	0.0	0.0	6.6255506607929515	0.04129793510324484	0.0	0.0	0.0	0.0	0.0	0.0	7.38855421686747	0.0	0.0	0.0	0.0	0.6460176991150443	0.0	0.0
10269	9.17989417989418	0.0	0.0	0.0	0.0	0.0	0.0	0.0	6.5814696485623	0.0	0.0	0.0	0.0	0.0	0.0	0.0	12.753459119496855	0.0	0.0	0.0	0.0	0.4756657483930211	0.0	0.0
10270	9.510556621880998	0.0	0.0	0.0	0.0	0.0	0.0	0.0	8.65748031496063	0.0	0.0	0.0	0.0	0.0	0.0	0.0	10.689380530973452	0.0	0.0	0.0	0.0	0.3794162826420891	0.0	0.0
10271	5.835249042145594	0.0	0.0	0.0	0.0	0.0	0.0	0.0	2.952153110047847	0.0	0.0	0.0	0.0	0.0	0.0	0.0	6.175324675324675	0.0	0.0	0.0	0.0	0.0	0.0	0.0
10272	9.651515151515152	0.0	0.0	0.0	0.0	0.0	0.0	0.0	8.863157894736842	0.0	0.0	0.0	0.0	0.35350624399615754	0.0	0.0	10.286830357142858	0.0	0.0	0.0	0.0	0.0	0.0	0.0
10273	8.58883826879271	0.0	0.0	0.0	0.03205128205128205	0.0	0.0	0.0	10.542929292929292	0.0	0.0	0.0	1.4081196581196582	0.0	0.0	0.0	13.543741588156124	0.0	0.7948717948717948	0.0	0.0	0.0	0.0	0.0
10274	2.6560846560846563	0.0	0.6031746031746031	0.0	0.0	0.0	0.0	0.0	10.825396825396826	0.8783068783068783	0.0	0.0	0.0	0.0	0.0	0.0	23.767605633802816	0.544973544973545	0.35978835978835977	0.0	0.0	0.0	0.0	0.0
10275	5.734793187347932	0.0	0.0	0.0	0.0	0.19464720194647203	0.0	0.0	10.896	0.0	0.0	0.0	0.0	0.0	0.0	0.0	12.150684931506849	0.0	2.59367396593674	0.6034063260340633	0.0	0.0	0.0	0.0
10276	5.6656441717791415	0.0	0.5854922279792746	0.0	0.0	0.0	0.0	0.0	10.120751341681574	0.0	0.0	0.0	0.0	0.0	0.0	0.0	15.83648393194707	0.0	0.9222797927461139	0.0	0.0	0.0	0.0	0.0
10277	7.426395939086294	0.0	0.0	0.0	0.0	0.0	0.0	0.0	7.431818181818182	0.0	0.0	0.0	0.0	0.0	0.0	0.0	21.51923076923077	0.0	3.4507575757575757	0.0	0.0	0.0	0.0	0.0
10278	10.177474402730375	0.0	0.0	0.0	1.3513513513513513	0.0	0.0	0.0	10.803125	0.0	0.0	0.0	0.0	0.8303571428571429	0.0	0.0	9.303571428571429	0.0	0.0	0.0	0.0	0.0	0.0	0.0
10279	8.94962216624685	0.0	0.0	0.0	0.0	0.0	0.0	0.0	7.506578947368421	0.0	0.0	0.0	0.0	0.0	0.0	0.0	5.688720173535792	0.0	1.080872913992298	0.0	0.0	0.0	0.0	0.0
10280	11.927710843373495	0.0	0.0	0.0	0.0	0.0	0.0	0.0	7.474137931034483	0.0	0.0	0.0	0.8603988603988604	0.0	0.0	0.0	14.293103448275861	0.0	0.0	0.0	0.0	0.0	0.0	0.0
10281	7.010471204188482	0.0	0.39473684210526316	0.0	0.0	0.0	0.0	0.0	9.04864864864865	0.0	0.0	0.0	0.0	0.0	0.0	0.0	10.925438596491228	0.0	0.0	0.0	0.6228070175438597	0.0	0.0	0.0
10282	5.5994208494208495	0.0	1.1001602564102564	0.0	0.0	0.0	0.0	0.0	8.420593368237347	0.0	0.0	0.0	0.0	0.0	0.0	0.0	10.126715945089757	0.0	1.0786407766990291	0.0	0.0	0.0	0.0	0.0
10283	8.84	0.0	0.0	0.0	0.0	0.0	0.0	0.0	0.0	0.0	0.0	0.0	0.0	0.0	0.0	0.0	9.49645390070922	0.0	0.0	0.0	0.0	0.0	0.0	0.0
10284	8.69047619047619	0.0	0.0	0.0	0.0	0.0	0.0	0.0	6.762452107279693	0.0	0.0	0.0	0.0	0.0	0.0	0.0	3.814655172413793	0.0	0.644927536231884	0.0	0.0	1.0289855072463767	0.0	0.0
10285	9.112612612612613	0.0	0.0	0.0	0.0	0.0	0.0	0.0	4.644444444444445	0.0	0.0	0.0	0.0	0.9017094017094017	0.0	0.0	10.2987012987013	0.0	0.6837606837606838	0.0	0.0	0.0	0.0	0.0
10286	5.071942446043166	0.0	0.0	0.0	1.6918238993710693	0.0	0.0	0.0	5.844660194174757	0.15723270440251572	0.0	0.44025157232704404	0.0	0.0	0.0	0.0	14.248275862068965	0.0	0.7672955974842768	0.0	0.0	0.0	0.0	0.0
10287	2.0140350877192983	0.0	0.0	0.0	0.0	0.0	0.0	0.0	9.08918918918919	0.0	0.0	0.0	0.0	0.0	0.0	0.0	7.0119760479041915	0.0	2.997275204359673	0.0	0.0	0.0	0.0	0.0
10288	11.878335112059766	0.0	0.30029154518950435	0.0	0.0	0.0	0.0	0.0	7.974567650050865	0.0	0.0	0.0	0.0	0.21671525753158405	0.0	0.0	11.700495049504951	0.0	0.0	0.0	0.0	0.0	0.0	0.0
10289	13.99540581929556	0.0	0.39943741209563993	0.0	0.0	0.0	0.0	0.0	7.895052473763118	0.0	0.0	0.0	1.6680731364275667	0.0	0.0	0.0	15.841269841269842	0.0	0.0	0.0	0.0	0.0	0.0	0.0
10290	9.388571428571428	0.0	0.0	0.0	2.29320987654321	0.0	0.0	0.0	5.555045871559633	0.0	0.0	0.0	0.0	0.0	0.0	0.0	13.743801652892563	0.0	0.0	0.0	0.0	0.0	0.0	0.0
10291	6.040189125295508	0.0	0.5721040189125296	0.0	0.0	0.0	0.0	0.0	3.4940898345153664	0.0	0.0	0.0	0.0	0.0	0.0	0.0	8.266497461928934	0.0	0.0	0.0	0.0	0.983451536643026	0.0	0.0
10292	6.576407506702413	0.0	0.029258098223615466	0.0	0.0	0.0	0.0	0.0	6.986778846153846	0.0	0.0	0.0	0.05642633228840126	0.0	0.0	0.0	14.18096357226792	0.0	0.9571577847439916	0.0	0.4158829676071055	0.03343782654127482	0.0	0.0
10293	12.545176110260337	0.0	0.0	0.0	0.4074074074074074	0.0	0.0	0.0	10.725865880619013	0.0	0.0	0.0	0.0	0.0	0.0	0.0	11.422222222222222	0.0	0.5637162586315129	0.0	0.0	0.0	0.0	0.0
10294	8.016666666666667	0.0	0.9129353233830846	0.0	0.7761194029850746	0.0	0.0	0.0	6.961783439490445	0.0	0.0	0.0	0.0	0.0	0.0	0.0	5.2714776632302405	0.0	1.0591397849462365	0.0	0.7512437810945274	0.0	0.0	0.0
10295	2.9229074889867843	0.0	0.0	0.0	0.0	0.0	0.0	0.0	6.357277882797732	0.0	0.0	0.0	0.0	0.0	0.0	0.0	5.744554455445544	0.0	0.4427350427350427	0.0	0.0	0.12136752136752137	0.0	0.0
10296	11.838621940163192	0.0	0.0	0.0	0.0	0.0	0.0	0.0	11.317892824704813	0.0	0.0	0.0	0.0	0.0	0.0	0.0	18.47782258064516	0.0	0.0	0.0	0.0	0.0	0.0	0.0
10297	6.360655737704918	0.0	2.5128205128205128	0.0	0.0	0.0	0.0	0.0	10.575129533678757	0.0	0.0	0.0	0.0	0.0	0.0	0.0	11.851282051282052	0.0	0.0	0.0	0.0	0.0	0.0	0.0
10298	3.849912739965096	0.0	0.0	0.0	0.7225130890052356	0.0	0.0	0.0	4.938342967244702	0.0	0.0	0.0	0.0	0.0	0.0	0.0	5.739208633093525	0.0	0.0	0.0	0.0	0.4572425828970332	0.0	0.0
10299	9.751488095238095	0.0	0.0	0.0	0.5400238948626045	0.0	0.0	0.0	7.023977433004231	0.0	0.0	0.0	1.6678614097968936	0.0	0.0	0.0	8.432497013142175	0.0	0.0	0.0	0.14336917562724014	0.0	0.0	0.0
10300	13.502283105022832	0.0	0.0	0.0	0.0182648401826484	0.0	0.0	0.0	7.812785388127854	0.0	0.0	0.0	0.0	0.0	0.0	0.0	19.557077625570777	0.0	0.0	0.0	0.0	0.2237442922374429	0.0	0.0
10301	15.515	0.0	2.494949494949495	1.195959595959596	1.9205955334987592	0.0	0.0	0.45656565656565656	10.131645569620254	1.57566765578635	0.0	0.0	0.26262626262626265	2.3292929292929294	0.0	1.3494949494949495	26.541666666666668	0.18772563176895307	2.7373737373737375	0.6656716417910448	0.5373737373737374	0.0	2.985858585858586	4.014141414141414
10302	6.822784810126582	0.0	0.0	0.0	0.0	0.0	0.0	0.0	12.07994757536042	0.0	0.0	0.0	0.0	0.0	0.0	0.0	21.589974293059125	0.0	1.6395222584147666	0.0	0.0	0.0	0.0	0.0
10303	16.48148148148148	0.0	0.0	0.0	0.32456140350877194	0.0	0.0	0.0	8.534562211981568	0.0	0.0	0.0	0.0	0.0	0.0	0.0	20.264840182648403	0.0	1.8640350877192982	0.0	0.0	1.087719298245614	0.0	0.0
10304	10.121107266435986	0.0	0.6796116504854369	0.0	0.0	0.0	0.0	0.0	10.02608695652174	1.2233009708737863	0.0	0.0	1.1779935275080906	0.0	0.0	0.0	20.163636363636364	0.0	2.6883561643835616	0.0	0.0	0.0	0.0	0.0
10305	12.894009216589861	0.0	0.0	0.0	0.0	0.0	0.0	0.0	5.140096618357488	0.0	0.9319727891156463	0.0	0.0	0.0	0.0	0.0	16.7	1.217687074829932	0.9149659863945578	0.0	0.0	0.0	0.0	0.0
10306	12.79020979020979	0.0	0.7371134020618557	0.0	0.7941653160453809	0.0	0.0	0.0	12.7157712305026	0.0	0.0	0.0	1.0171130952380953	0.0	0.0	0.0	16.112489660876758	0.0	0.7527519051651143	0.0	0.0	0.0	0.0	0.0
10307	3.257270693512304	0.0	0.0	0.0	0.0	0.0	0.0	0.0	3.215909090909091	0.0	0.0	0.0	0.47874720357941836	0.6308724832214765	0.0	0.0	7.913173652694611	0.0	0.2841163310961969	0.0	0.0	0.0	0.0	0.0
10308	8.163855421686748	0.0	0.9715025906735751	0.0	0.0	0.0	0.0	0.0	11.897862232779097	0.034722222222222224	0.0	0.0	0.0	0.8472222222222222	0.0	0.0	17.52777777777778	0.0	0.5370370370370371	0.0	0.0	0.0	0.0	0.46296296296296297
10309	11.873817034700316	0.0	0.28482003129890454	0.0	2.1220657276995305	0.0	0.0	0.0	10.450704225352112	0.0	0.0	0.0	0.6338028169014085	0.0	0.0	0.0	11.544534412955466	0.0	0.0	0.0	0.0	0.0	0.0	0.4616588419405321
10310	10.861386138613861	0.0	0.35673426937077485	0.0	0.0	0.0	0.0	0.0	8.994758299359347	0.0	0.0	0.0	0.0	0.0	0.0	0.0	12.867307692307692	0.0	0.0	0.0	0.0	0.0	0.0	0.0
10311	10.266899766899767	0.0	0.8841732979664014	0.0	1.7089755213055304	0.0	0.0	0.0	12.046747967479675	0.0	0.0	0.0	0.0	0.0	0.0	0.0	13.891666666666667	0.0	0.0	0.0	0.0	0.0	0.0	0.0
10312	10.206896551724139	0.0	0.0	0.0	0.9333333333333333	0.0	0.0	0.0	10.452380952380953	0.0	0.0	0.0	0.0	0.7238095238095238	0.0	0.0	15.22	0.0	0.0	0.0	0.0	0.0	0.0	0.0
10313	8.224936815501264	0.0	0.0	0.0	0.0	0.0	0.0	0.0	4.605415860735009	0.0	0.0	0.0	0.0	0.0	0.0	0.0	12.822784810126583	0.0	0.0	0.0	0.0	0.9845150774246129	0.0	0.0
10314	13.54988913525499	0.0	0.9107142857142857	0.0	0.0	0.0	0.0	0.0	4.389791183294664	0.0	0.0	0.0	0.0	0.0	0.0	0.0	15.6993006993007	0.0	0.0	0.0	0.0	1.406631762652705	0.0	0.0
10315	10.551020408163266	0.0	0.0	0.0	0.0	0.0	0.0	0.0	9.310077519379846	0.0	0.0	0.0	1.1506849315068493	0.0	0.0	0.0	14.845070422535212	0.0	0.0	0.0	0.0	0.0	0.0	0.0
10316	12.251461988304094	0.0	0.0	0.0	0.0	0.0	0.0	0.0	6.574025974025974	0.24444444444444444	0.0	0.08888888888888889	0.8411111111111111	0.7366666666666667	0.0	0.0	13.007772020725389	0.0	0.9816933638443935	0.0	0.0	0.0	0.0	0.0
10317	6.546325878594249	0.0	0.0	0.0	0.0	0.0	0.0	0.0	8.764309764309765	0.0	0.0	0.0	0.0	0.0	0.0	0.0	14.1	0.0	0.0	0.0	0.0	0.0	0.0	0.0
10318	7.947198275862069	0.0	0.9797979797979798	0.0	0.0	0.0	0.0	0.0	3.9945205479452053	0.0	0.0	0.0	0.0	0.0	0.0	0.0	11.36544502617801	0.5313131313131313	0.0	0.0	0.0	0.0	0.0	0.0
10319	9.967353951890034	0.0	0.2006172839506173	0.0	0.0	0.0	0.0	0.0	9.90578158458244	0.3966049382716049	0.0	0.0	0.0	0.0	0.0	0.0	15.515966386554622	0.0	0.0	0.0	0.0	1.1355140186915889	0.0	0.0
10320	10.392156862745098	0.0	0.2224591329068941	0.0	0.0	0.0	0.0	0.0	11.558383233532934	0.0	0.0	0.0	0.0	0.5316275764036958	0.0	0.0	14.518808777429467	0.0	0.9985785358919688	0.0	0.0	0.0	0.0	0.0
10321	7.404109589041096	0.0	0.0	0.0	2.6472019464720193	0.0	0.0	0.0	12.7265625	0.0	0.0	0.0	0.0	0.0	0.0	0.0	14.73753280839895	0.0	0.3130630630630631	0.0	0.0	0.0	0.0	0.0
10322	9.952173913043477	0.0	0.0	0.0	0.0	0.0	0.0	0.0	8.914634146341463	0.0	0.0	0.0	0.0	0.35555555555555557	0.0	0.0	7.57037037037037	0.0	0.9888888888888889	0.0	0.0	0.9555555555555556	0.0	0.0
10323	7.566265060240964	0.0	0.0	0.0	0.0	0.0	0.0	0.0	2.619047619047619	0.0	0.0	0.0	0.6815642458100558	0.0	0.0	0.0	17.141573033707864	0.0	1.905027932960894	0.0	0.4245810055865922	0.0	0.0	0.0
10324	7.197159565580618	0.0	0.0	0.0	0.0	0.0	0.0	0.0	10.092146596858639	0.0	0.0	0.0	0.38478747203579416	0.07457121551081283	0.0	0.0	9.388524590163934	0.0	0.0	0.0	0.08351976137211037	0.0	0.0	0.0
10325	8.109809663250367	0.0	0.9221984296930764	0.0	0.0	0.0	0.0	0.0	7.762430939226519	0.0	0.0	0.0	0.0	0.0	0.0	0.0	12.184791496320523	0.0	0.4668094218415418	0.0	0.0	0.0	0.0	0.0
10326	9.00445765230312	0.0	0.0	0.0	0.0	0.0	0.0	0.0	7.5759312320916905	0.0	0.0	0.0	1.826865671641791	0.0	0.0	0.0	11.924632352941176	0.0	0.7901234567901234	0.0	0.0	0.0	0.0	0.0
10327	10.610864745011087	0.0	0.0	0.0	0.9098073555166375	0.0	0.0	0.0	5.992300288739172	0.0	0.0	0.0	0.0	0.2830349531116795	0.0	0.0	19.790147783251232	0.0	0.957487922705314	0.0	0.0	0.4057971014492754	0.0	0.0
10328	3.9126050420168066	0.0	0.9490740740740741	0.0	0.0	0.0	0.0	0.0	6.081081081081081	0.0	0.0	0.0	0.0	0.0	0.0	0.0	8.706349206349206	0.0	1.1643518518518519	0.0	0.0	0.0	0.0	0.0
10329	7.758122743682311	0.0	0.0	0.0	0.0	0.0	0.0	0.0	0.5846153846153846	0.0	0.0	0.0	0.8817204301075269	1.3548387096774193	0.0	0.0	11.176029962546817	0.0	0.0	0.0	0.0	0.48028673835125446	0.0	0.0
10330	2.357142857142857	0.0	0.0	0.0	0.0	0.0	0.0	0.0	3.1949685534591197	0.0	0.0	0.0	0.4276729559748428	0.0	0.0	0.0	3.5345911949685536	0.0	0.031446540880503145	0.0	0.0	0.0	0.0	0.0
10331	12.37117903930131	0.0	0.0	0.0	0.0	0.0	0.0	0.0	11.244444444444444	0.0	0.0	0.0	0.2222222222222222	0.0	0.0	0.0	6.258575197889182	0.0	0.0	0.0	0.0	0.4404040404040404	0.0	0.0
10332	6.257234726688103	0.0	0.0	0.0	1.5598958333333333	0.0	0.0	0.0	5.389920424403183	0.0	0.0	0.0	0.0	0.0	0.0	0.0	12.950391644908617	0.0	0.0	0.0	0.0	0.0	0.0	0.0
10333	8.889705882352942	0.0	0.710691823899371	0.0	0.0	0.0	0.0	0.0	1.8347457627118644	0.5723270440251572	0.0	0.0	1.150943396226415	0.0	0.0	0.0	20.986622073578594	0.0	2.047169811320755	0.0	0.0	0.0	0.0	0.0
10334	4.3883161512027495	0.0	0.8820058997050148	0.0	0.0	0.0	0.0	0.0	6.064896755162242	0.0	0.0	0.0	0.20058997050147492	0.0	0.0	0.0	16.83112582781457	0.0	0.0	0.0	0.0	0.0	0.0	0.0
10335	0.0	0.0	0.0	0.0	0.0	0.0	0.0	0.0	0.5803571428571429	0.0	0.0	0.0	0.0	0.0	0.0	0.0	7.580645161290323	0.0	0.0	0.0	0.0	0.0	0.0	0.0
10336	11.194285714285714	0.0	0.0	0.0	0.7378917378917379	0.0	0.0	0.0	5.813775510204081	0.0	0.0	0.0	0.0	0.0	0.0	0.0	10.049382716049383	0.0	0.0	0.0	0.0	0.0	0.0	0.0
10337	8.742857142857142	0.0	1.6476190476190475	0.0	0.0	0.0	0.0	0.0	2.3523809523809525	0.0	0.0	0.0	0.0	0.0	0.0	0.0	9.428571428571429	0.0	0.0	0.0	0.0	0.0	0.0	0.0
10338	5.8747514910536776	0.0	0.0	0.0	0.0	0.0	0.0	0.0	5.282805429864253	0.0	0.0	0.0	0.0	0.0	0.0	0.0	15.887473460721868	0.0	0.0	0.0	0.0	0.0	0.0	0.0
10339	10.016129032258064	0.0	0.0	0.0	0.0	0.0	0.0	0.0	6.9717813051146384	0.0	0.0	0.0	0.0	0.0	0.0	0.0	17.714545454545455	0.0	0.0	0.0	0.0	0.0	0.0	0.0
10340	3.6666666666666665	0.0	1.484375	0.0	0.0	0.0	0.0	0.0	5.057894736842106	0.0	0.0	0.0	0.0	1.2760416666666667	0.0	0.0	5.9743589743589745	0.0	1.375	0.0	0.0	0.0	0.0	0.0
10341	8.77450980392157	0.0	0.0	0.0	0.0	0.0	0.0	0.0	6.183807439824945	0.0	0.0	0.0	0.5784313725490197	0.0	0.0	0.0	7.683155080213904	0.0	1.65625	0.0	0.0	0.0	0.0	0.0
10342	9.108333333333333	0.0	1.35	0.0	0.0	0.0	0.0	0.0	8.016666666666667	0.0	0.0	0.0	0.0	0.0	0.0	0.0	5.808333333333334	0.0	2.2416666666666667	0.0	0.0	0.0	0.0	0.0
10343	14.753731343283581	0.0	1.8509803921568628	0.0	0.0	0.0	0.0	0.0	5.610576923076923	0.0	0.0	0.0	0.7333333333333333	0.0	0.0	0.0	6.027472527472527	0.0	0.0	0.0	0.0	0.3686274509803922	0.0	0.0
10344	11.006986027944112	0.0	0.0	0.0	0.0	0.0	0.0	0.0	8.90572033898305	0.0	0.0	0.0	0.0	0.0	0.0	0.0	15.560229445506693	0.0	0.0	0.0	0.0	0.0	0.0	0.0
10345	9.646048109965635	0.0	0.0	0.0	0.0	0.0	0.0	0.0	11.231496062992125	0.0	0.0	0.03463203463203463	0.9826839826839827	0.0	0.0	0.0	13.910780669144982	0.0	0.0	0.0	0.0	0.0	0.0	0.0
10346	9.263803680981596	0.0	0.44785276073619634	0.0	0.7876106194690266	0.0	0.0	0.0	7.239175257731959	0.0	0.0	0.0	0.3047034764826176	0.0	0.0	0.0	8.59620596205962	0.0	0.0	0.0	0.0	0.0	0.0	0.0
10347	9.317460317460318	0.0	0.0	0.0	0.5651340996168582	0.0	0.0	0.0	5.199475065616798	0.0	0.0	0.0	0.0	0.8505747126436781	0.0	0.0	13.142131979695431	0.0	0.0038314176245210726	0.0	0.0	0.0	0.0	0.0
10348	8.724097788125727	0.0	0.0	0.0	0.0	0.0	0.0	0.0	10.010081915563957	0.0	0.0	0.0	0.0	0.0	0.0	0.0	11.975372279495991	0.20717781402936378	0.0	0.0	0.0	0.0	0.0	0.0
10349	13.097523219814242	0.0	0.0	0.0	0.25704225352112675	0.0	0.0	0.0	9.932266009852217	0.4460093896713615	0.0	0.0	0.5727699530516432	0.0	0.0	0.0	11.077685950413223	0.0	0.0	0.0	0.0	0.0	0.0	0.0
10350	7.63963963963964	0.0	0.0	0.0	0.0	0.0	0.0	0.0	6.481751824817518	0.0	0.0	0.0	0.0	0.0	0.0	0.0	3.793939393939394	0.0	0.0	0.0	0.0	0.0	0.0	0.0
10351	7.206463195691203	0.0	0.7576530612244898	0.0	0.0	0.0	0.0	0.0	7.787133396404919	0.0	0.0	0.0	0.7185374149659864	0.0	0.0	0.0	11.079878665318503	0.0	1.0235042735042734	0.0	0.0	1.2670068027210883	0.0	0.0
10352	6.61171032357473	0.0	0.0	0.0	0.0	0.0	0.0	0.0	11.919540229885058	0.0	0.1697530864197531	0.0	0.0	0.0	0.0	0.0	20.992797118847538	0.0	0.043209876543209874	0.0	0.0	0.0	0.0	0.0
10353	4.936708860759493	0.0	0.0	0.0	0.0	0.0	0.0	0.0	5.4978902953586495	0.0	0.0	0.0	0.0	0.0	0.0	0.0	2.9871244635193133	0.0	0.0	0.0	0.0	0.0	0.0	0.0
10354	4.305210918114144	0.0	0.0	0.0	0.0	0.0	0.0	0.0	5.091796875	0.0	0.0	0.0	0.0	0.0	0.0	0.0	6.093489148580968	0.0	0.7693236714975845	0.0	0.0	0.0	0.0	0.0
10355	3.225526641883519	0.0	0.0	0.0	0.0	0.0	0.0	0.0	5.155862068965517	0.0	0.0	0.0	0.38166047087980176	0.0	0.0	0.0	7.654411764705882	0.0	1.141263940520446	0.0	0.0	0.0	0.0	0.0
10356	6.893462469733656	0.0	3.210227272727273	0.0	0.0	0.04728132387706856	0.0	0.0	12.162857142857144	0.0	0.3971631205673759	0.0	0.0	0.0	0.0	0.0	9.259154929577464	2.633663366336634	1.6453900709219857	0.0	0.0	0.0	0.0	0.0
10357	2.6134969325153374	0.0	0.0	0.0	0.0	0.0	0.0	0.0	4.862985685071575	0.0	0.0	0.0	0.0	0.0	0.0	0.0	5.359918200408998	0.0	0.6175869120654397	0.0	0.0	0.0	0.0	0.0
10358	11.966996699669966	0.0	0.4583333333333333	0.0	0.0	0.0	0.0	0.0	4.784511784511785	0.0	0.0	0.0	0.0	0.0	0.0	0.0	21.140065146579804	0.0	1.4833333333333334	0.0	0.0	0.0	0.0	0.0
10359	7.673151750972763	0.0	0.0	0.0	1.115264797507788	0.0	0.0	0.0	7.283993115318417	0.0	0.0	0.0	0.0	0.0	0.0	0.0	16.22586206896552	0.0	0.0	0.0	0.0	0.0	0.0	0.0
10360	6.9126157407407405	0.0	0.2931664058424622	0.0	0.3922796035472092	0.0	0.0	0.0	9.41489971346705	0.0	0.0	0.0	0.0	0.0	0.0	0.0	15.554878048780488	0.0	0.0	0.0	0.0	0.0	0.0	0.0
10361	10.797872340425531	0.0	1.0255102040816326	0.0	0.585812356979405	0.0	0.0	0.0	8.14824120603015	0.0	0.0	0.0	1.9489795918367347	0.0	0.0	0.0	14.763265306122449	0.0	0.5782312925170068	0.0	0.0	0.0	0.0	0.0
10362	12.039915966386555	0.0	1.0788530465949822	0.0	0.0	0.0	0.0	0.0	8.664772727272727	0.2025089605734767	0.0	0.0	0.0	0.0	0.0	0.0	16.613445378151262	0.0	0.0	0.0	0.0	0.0	0.0	0.0
10363	8.204737732656515	0.0	0.6968503937007874	0.0	0.6220472440944882	0.0	0.0	0.0	11.799307958477508	0.0	0.0	0.0	0.0	0.0	0.0	0.0	12.020710059171599	0.0	0.0	0.0	0.0	0.0	0.0	0.0
10364	9.25	0.0	0.14393939393939395	0.0	0.0	0.0	0.0	0.0	10.9438202247191	0.0	0.0	0.0	0.0	0.0	0.0	0.0	13.675438596491228	0.0	0.0	0.0	0.0	0.0	0.0	0.0
10365	16.0926517571885	0.0	0.0	0.0	0.1023391812865497	0.0	0.0	0.0	2.76890756302521	0.0	0.0	0.0	0.0	0.0	0.0	0.0	17.328185328185327	0.0	0.0	0.0	0.0	0.0	0.0	0.0
10366	9.714285714285714	0.0	0.0	0.0	0.0	0.0	0.0	0.0	7.257575757575758	0.0	0.0	0.0	0.0	0.0	0.0	0.0	8.585365853658537	0.0	0.0	0.0	0.0	0.0	0.0	0.0
10367	9.099283520982599	0.0	0.49937106918238994	0.0	0.9440137812230835	0.0	0.0	0.0	7.399790136411332	0.15934539190353145	0.0	0.0	0.0	0.0	0.0	0.0	11.615916955017301	0.0	0.31007751937984496	0.0	0.0	0.0	0.0	0.0
10368	6.978227060653188	0.0	0.0	0.0	0.0	0.0	0.0	0.0	8.193724420190996	0.0	0.0	0.0	0.0	0.0	0.0	0.0	7.37043795620438	0.0	1.4967658473479948	0.0	0.0	0.0	0.0	0.0
10369	6.9182839632277835	0.0	0.0	0.0	0.0	0.0	0.0	0.0	8.032584269662921	0.007028112449799197	0.0	0.0	0.0	0.0	0.0	0.0	14.47645739910314	0.0	0.0	0.0	0.0	0.7469879518072289	0.0	0.0
10370	10.050816696914701	0.0	0.0	0.0	0.0	0.0	0.0	0.0	11.041082164328657	0.0	0.0	0.0	0.5520282186948854	0.0	0.0	0.0	13.079775280898877	0.0	0.5846560846560847	0.0	0.0	0.6005291005291006	0.0	0.0
10371	9.021489971346705	0.0	0.8228404099560761	0.0	0.0	0.0	0.0	0.0	10.723107569721115	0.0	0.0	0.0	0.0	0.0	0.0	0.0	15.859177215189874	0.0	0.40725806451612906	0.0	0.0	0.0	0.0	0.0
10372	5.874251497005988	0.0	0.0	0.0	0.0	0.0	0.0	0.0	2.4005524861878453	0.0	0.0	0.0	0.0	0.0	0.0	0.0	13.630824372759857	0.0	0.0	0.0	0.0	0.008264462809917356	0.0	0.0
10373	16.20863309352518	0.0	0.0	0.0	0.0	0.0	0.0	0.0	18.357843137254903	0.0	0.0	0.0	0.0	0.6388888888888888	0.0	0.0	17.7546468401487	0.0	0.0	0.0	0.0	0.0	0.0	0.0
10374	7.209905660377358	0.0	0.0	0.0	0.42911877394636017	0.0	0.0	0.0	6.523809523809524	1.1417624521072798	0.0	0.0	0.0	0.0	0.0	0.0	14.213333333333333	0.0	0.05555555555555555	0.0	0.0	0.0	0.0	0.0
10375	8.76158940397351	0.0	0.0	0.0	0.0	0.0	0.0	0.0	12.65040650406504	1.9372937293729373	0.0	0.0	0.0	0.0	0.0	0.0	14.422641509433962	0.0	0.0	0.0	0.0	0.2739273927392739	0.0	0.0
10376	5.818007662835249	0.0	0.0	0.0	0.0	0.0	0.0	0.0	8.426959954878736	0.0	0.0	0.0	0.819047619047619	0.0	0.0	0.0	14.20200826934436	0.0	0.0	0.0	0.0	0.0	0.0	0.0
10377	6.74721189591078	0.0	0.7620578778135049	0.0	0.0	0.0	0.0	0.0	5.537407195888064	0.0	0.0	0.0	0.0	0.0	0.0	0.0	13.300813008130081	0.0	1.5448931116389548	0.0	0.0	0.0	0.0	0.0
10378	9.878481012658227	0.0	0.0	0.0	1.1526104417670682	0.0	0.0	0.0	5.74321503131524	0.0	0.0	0.0	0.0	0.0	0.0	0.0	17.369668246445496	0.0	0.0	0.0	0.0	0.0	0.0	0.0
10379	7.277477477477477	0.0	0.0	0.0	0.4846846846846847	0.0	0.0	0.0	11.297619047619047	0.0	0.0	0.0	0.0	0.0	0.0	0.0	13.298262548262548	0.0	1.9586614173228347	0.0	0.0	0.6558558558558558	0.0	0.0
10380	10.290804597701149	0.0	0.8402298850574713	0.0	1.0275862068965518	0.0	0.0	0.0	8.19725343320849	0.0	0.0	0.0	0.0	0.0	0.0	0.0	14.581749049429657	0.0	1.0251396648044693	0.0	0.0	0.0	0.0	0.0
10381	2.4153846153846152	0.0	0.0	0.0	0.0	0.0	0.0	0.0	1.980952380952381	0.0	0.0	0.0	0.0	0.0	0.0	0.0	0.0	0.0	0.0	0.0	0.0	0.0	0.0	0.0
10382	10.387195121951219	0.0	0.8053333333333333	0.0	0.0	0.0	0.0	0.0	3.815686274509804	0.0	0.0	0.0	0.0	0.0	0.0	0.0	16.05015673981191	0.0	0.0	0.0	0.0	0.0	0.0	0.0
10383	6.92948717948718	0.0	0.0	0.0	0.0	0.0	0.0	0.0	9.395348837209303	0.0	0.0	0.42735042735042733	0.0	0.0	0.0	0.0	11.84964200477327	0.0	0.0	0.0	0.0	0.0	0.0	0.0
10384	8.319843342036554	0.0	0.182648401826484	0.0	0.0	0.0	0.0	0.0	6.837150127226463	0.0	0.0	0.0	0.0	0.0	0.0	0.0	14.67807486631016	0.0	0.0	0.0	0.0	0.058447488584474884	0.0	0.0
10385	5.7238605898123325	0.0	0.0	0.0	0.0	0.0	0.0	0.0	4.319088319088319	0.0	0.0	0.0	0.0	0.0	0.0	0.0	8.02046783625731	0.0	0.0	0.0	0.0	0.0	0.0	0.0
10386	3.932098765432099	0.0	0.0	0.0	0.0	0.0	0.0	0.0	4.938775510204081	0.0	0.0	0.0	0.0	0.0	0.0	0.0	4.0680628272251305	0.0	0.0	0.0	0.0	0.0	0.0	0.0
10387	1.35	0.0	0.0	0.0	0.0	0.0	0.0	0.0	1.0567375886524824	0.0	0.0	0.0	0.0	0.0	0.0	0.0	3.0642857142857145	0.0	0.0	0.0	0.0	0.0	0.0	0.0
10388	7.065359477124183	0.0	0.0	0.0	0.0	0.0	0.0	0.0	5.201048951048951	0.0	0.0	0.0	0.8382352941176471	0.0	0.0	0.0	20.036	0.0	0.0	0.0	0.0	0.19444444444444445	0.0	0.0
10389	14.038461538461538	0.0	0.0	0.0	0.0	0.0	0.0	0.0	7.5344827586206895	0.0	0.0	0.0	0.0	0.0	0.0	0.0	18.166666666666668	0.0	0.0	0.0	0.0	0.0	0.0	0.0
10390	8.518891687657431	0.0	2.5586206896551724	0.0	0.8459770114942529	0.0	0.0	0.0	5.132124352331606	0.0	0.0	0.0	0.0	0.0	0.0	0.0	16.501392757660167	0.0	0.0	0.0	0.0	0.0	0.0	0.0
10391	14.337758112094395	0.0	0.0	0.0	0.0	0.0	0.0	0.0	8.561281337047355	0.0	0.0	0.8634590377113134	0.0	0.0	0.0	0.0	8.86808510638298	0.0	0.0	0.0	0.0	0.0	0.0	0.0
10392	14.30241935483871	0.0	1.018939393939394	0.0	0.0	0.0	0.0	0.0	14.411290322580646	0.0	0.0	0.0	0.7878787878787878	0.6585365853658537	0.0	0.0	12.781376518218623	0.0	1.0	0.0	0.0	0.0	0.0	0.0
10393	6.057017543859649	0.0	0.0	0.0	0.0	0.0	0.0	0.0	6.916666666666667	0.0	0.0	0.0	0.0	1.3114035087719298	0.0	2.504385964912281	11.733766233766234	0.0	0.0	0.0	0.0	0.0	0.0	0.0
10394	8.8379705400982	0.0	0.9211669770328988	0.0	0.0	0.0	0.0	0.0	9.08523096942095	0.0	0.0	0.0	0.0	0.0	0.0	0.0	8.380597014925373	0.0	0.6511483550589696	0.0	0.0	0.0	0.0	0.0
10395	6.727373068432671	0.0	1.001751313485114	0.0	0.0	0.0	0.0	0.0	6.5172727272727276	0.0	0.0	0.0	0.5694098088113051	0.0	0.0	0.0	17.0010582010582	0.0	1.112219451371571	0.0	0.0	0.1479634247714048	0.0	0.0
10396	7.025484199796127	0.04241219350563287	0.0	0.0	0.0	0.0	0.0	0.0	8.903803131991051	0.0	0.0	0.0	0.0	0.0	0.0	0.0	8.919198895027625	0.0	0.0	0.0	0.0	0.0	0.0	0.0
10397	14.616666666666667	0.0	1.7547619047619047	0.0	0.0	0.0	0.0	0.0	9.989169675090253	0.0	0.0	0.0	0.0	0.0	0.0	0.0	12.503722084367245	0.0	0.0	0.0	0.0	0.0	0.0	0.0
10398	12.631147540983607	0.0	1.667883211678832	0.0	0.0	0.0	0.0	0.0	6.430203045685279	0.0	0.0	0.0	0.0	0.0	0.0	0.0	12.227900552486188	0.0	0.0	0.0	0.0	0.7347931873479319	0.0	0.0
10399	18.782608695652176	0.0	0.0	0.0	1.2907801418439717	0.0	0.0	0.0	3.8865248226950353	0.0	0.0	3.148936170212766	0.0	0.0	0.0	0.0	8.292576419213974	0.0	0.0	0.0	0.0	0.0	0.0	0.0
10400	8.532894736842104	0.0	1.4279835390946503	0.0	0.0	0.0	0.0	0.0	7.594470046082949	0.0	0.053497942386831275	0.0	0.0	0.0	0.0	0.0	11.258771929824562	0.0	0.0	0.0	0.0	0.0	0.0	0.0
10401	12.629032258064516	0.0	0.0	0.0	0.0	0.0	0.0	0.0	5.451086956521739	0.0	0.0	0.0	0.0	0.0	0.0	0.0	6.951612903225806	0.0	1.3548387096774193	0.0	0.0	0.4838709677419355	0.0	0.0
10402	7.2631578947368425	0.0	0.0	0.0	0.0	0.0	0.0	0.0	5.1615720524017465	0.0	0.0	0.0	0.0	0.0	0.0	0.0	9.51764705882353	0.0	0.12631578947368421	0.0	0.0	1.4102564102564104	0.0	0.0
10403	17.00709219858156	0.0	0.0	0.0	0.0	0.0	0.0	0.0	13.264044943820224	0.0	0.0	0.0	1.639344262295082	0.0	0.0	0.0	16.192592592592593	0.0	0.0	0.0	0.0	0.0	0.0	0.0
10404	2.617234468937876	0.0	0.0	0.0	0.0	0.0	0.0	0.0	3.933333333333333	0.0	0.0	0.0	0.0	0.0	0.0	0.0	7.141776937618148	0.0	0.0	0.0	0.0	0.0	0.0	0.0
10405	3.634831460674157	0.0	0.0	0.0	0.0	0.0	0.0	0.0	1.381578947368421	0.0	0.0	0.0	0.0	0.4425770308123249	0.0	0.0	11.825153374233128	0.0	0.7394957983193278	0.0	0.0	0.0	0.0	0.0
10406	6.978021978021978	0.0	0.0	0.0	0.0	0.0	0.0	0.0	0.0	0.0	0.0	0.0	0.0	0.0	0.0	0.0	7.829268292682927	0.0	0.0	0.0	0.0	0.0	0.0	0.0
10407	3.0114503816793894	0.0	0.0	0.0	0.0	0.0	0.0	0.0	3.3868110236220472	0.0	0.0	0.0	0.0	0.0	0.0	0.0	8.941129032258065	0.0	1.032714412024757	0.0	0.0	0.0	0.0	0.0
10408	12.339869281045752	0.0	0.9166666666666666	0.0	0.0	0.0	0.0	0.0	6.496794871794871	0.0	0.0	0.0	0.0	0.0	0.0	0.0	8.6875	0.0	0.0	0.0	0.0	0.0	0.0	0.0
10409	13.964503042596348	0.0	0.0	0.0	0.0	0.0	0.0	0.0	10.726651480637813	0.0	0.06280193236714976	0.0	0.0	0.0	0.0	0.0	15.904347826086957	0.0	0.0	0.0	0.0	0.0	0.0	0.0
10410	8.129893238434164	0.0	0.0	0.0	0.0	0.0	0.0	0.0	8.15648854961832	0.0	0.0	0.0	0.0	0.0	0.0	0.0	16.303308823529413	0.0	0.514797507788162	0.0	0.0	0.0	0.0	0.0
10411	14.422939068100359	0.0	0.0	0.0	0.0	0.0	0.0	0.0	10.032758620689656	0.0	0.6323024054982818	0.0	0.0	0.0	0.0	0.0	10.965714285714286	0.0	1.255639097744361	0.0	0.0	0.0	0.0	0.0
10412	7.814360770577934	0.0	0.0	0.0	1.828125	0.0	0.0	0.0	10.352430555555555	0.0	0.020833333333333332	0.0	0.0	0.0	0.0	0.0	12.40926640926641	0.0	0.0	0.0	0.0	0.0	0.0	0.0
10413	9.47305389221557	0.0	0.0	0.0	0.0	0.0	0.0	0.0	7.60233918128655	0.0	0.0	0.0	0.36257309941520466	0.0	0.0	0.0	15.748538011695906	0.0	0.0	0.0	0.0	0.0	0.0	0.0
10414	13.271122320302648	0.0	0.0	0.0	0.0	0.0	0.0	0.0	10.383512544802867	0.0	0.0	0.0	0.0	0.0	0.0	0.0	11.806818181818182	0.0	0.0	0.0	0.0	0.0	0.0	0.0
10415	13.430379746835444	0.0	0.5344827586206896	0.0	0.0	0.0	0.0	0.0	9.20183486238532	0.0	0.0	0.0	0.867816091954023	0.14080459770114942	0.0	0.0	9.752988047808765	0.0	0.0	0.0	0.0	0.6580459770114943	0.0	0.0
10416	8.921810699588477	0.0	0.0	0.0	0.0	0.0	0.0	0.0	12.262626262626263	0.4444444444444444	0.0	0.0	0.0	0.4511784511784512	0.0	0.0	9.89179104477612	0.0	0.0	0.0	0.0	0.0	0.0	0.0
10417	11.077777777777778	0.0	0.0	0.0	0.0	0.0	0.0	0.0	10.629420084865629	0.0	0.0	0.0	0.0	0.0	0.0	0.0	13.1671974522293	0.0	0.0	0.0	0.0	0.0	0.0	0.0
10418	9.95679012345679	0.0	0.0	0.0	1.0612855007473843	0.0	0.0	0.0	7.2199630314232905	0.0	0.0	0.0	0.0	0.0	0.0	0.0	14.244402985074627	0.0	0.0	0.0	0.0	0.16741405082212257	0.0	0.0
10419	14.930970149253731	0.0	0.0	0.0	0.0	0.0	0.0	0.0	11.0	0.0	0.0	0.0	0.0	0.0	0.0	0.0	13.04460966542751	0.0	1.5296803652968036	0.0	0.0	0.3622526636225266	0.0	0.0
10420	16.829842931937172	0.0	0.0	0.0	0.0	0.0	0.0	0.0	7.023643949930459	0.0	0.0	0.0	0.0	0.0	0.0	0.0	11.591954022988507	0.0	0.625	0.0	0.0	0.0	0.0	0.0
10421	6.76751269035533	0.0	0.0	0.0	0.0	0.0	0.0	0.0	8.081237911025145	0.0	0.0	0.3496985357450474	0.0	0.0	0.0	0.0	10.89918533604888	0.0	0.0	0.0	0.0	0.0	0.0	0.0
10422	6.768149882903981	0.0	0.18497109826589594	0.0	0.0	0.0	0.0	0.0	8.246119733924612	0.0	0.0	0.0	0.0	0.0	0.0	0.0	16.816326530612244	0.0	4.272030651340996	0.0	0.0	0.0	0.0	0.0
10423	8.797860962566846	0.0	0.0	0.0	0.47981220657276996	0.0	0.0	0.0	13.05379746835443	0.0	0.0	0.0	0.0	0.0	0.0	0.0	12.020334928229666	0.0	0.476056338028169	0.0	0.0	0.6375586854460094	0.0	0.0
10424	0.8787878787878788	0.0	0.0	0.0	0.0	0.0	0.0	0.0	0.0	0.0	0.0	0.0	0.0	0.0	0.0	0.0	3.706122448979592	0.0	0.0	0.0	0.0	0.0	0.0	0.0
10425	6.764119601328904	0.0	0.0	0.0	0.0	0.0	0.0	0.0	8.48031496062992	0.0	0.0	0.3805774278215223	0.0	0.0	0.0	0.0	7.571428571428571	0.0	0.2283464566929134	0.0	0.0	0.0	0.0	0.0
10426	11.005714285714285	0.0	0.0	0.0	2.8260869565217392	0.0	0.0	0.0	11.447761194029852	0.0	0.0	0.0	0.0	0.0	0.0	0.0	13.93167701863354	0.0	0.0	0.0	0.0	0.0	0.0	0.0
10427	11.74541751527495	0.0	0.3774403470715835	0.0	0.6536514822848879	0.0	0.0	0.0	10.657223796033994	0.0	0.0	0.0	0.0	0.0	0.0	0.0	11.484565014031805	0.0	0.7122198120028923	0.0	0.0	0.0	0.0	0.0
10428	10.476121562952244	0.0	1.0749185667752443	0.0	0.7307274701411509	0.0	0.0	0.0	11.017601760176017	0.0	0.0	0.0	0.0	0.0	0.0	0.0	17.56806282722513	0.0	1.5363735070575462	0.0	0.0	0.09446254071661238	0.0	0.0
10429	7.21875	0.0	0.0	0.0	0.0	0.0	0.0	0.0	5.7042801556420235	0.0	0.0	0.0	0.0	0.0	0.0	0.0	8.860606060606061	0.0	0.12643678160919541	0.0	1.9157088122605364	0.0	0.0	0.0
10430	9.694444444444445	0.0	4.924914675767918	0.0	0.0	0.0	0.0	0.0	8.87603305785124	0.0	0.0	0.0	0.9966996699669967	0.0	0.0	0.0	18.729411764705883	0.0	0.0	0.0	0.0	1.7458745874587458	0.0	0.0
10431	3.5610278372591004	0.0	0.04700854700854701	0.0	0.0	0.0	0.0	0.0	7.631696428571429	0.0	0.0	0.2222222222222222	0.0	0.0	0.0	0.0	6.212464589235127	0.0	1.0427350427350428	0.0	0.0	0.0	0.0	0.0
10432	10.876379690949227	0.0	0.5243445692883895	0.0	0.0	0.0	0.0	0.0	6.829924650161464	0.0	0.0	0.0	0.0	0.0	0.0	0.0	14.08128078817734	0.0	0.0	0.0	0.0	0.0	0.0	0.0
10433	6.967415730337079	0.0	0.0	0.0	0.0	0.0	0.0	0.0	12.49933598937583	0.0	0.0	0.0	0.0	0.0	0.0	0.0	10.98079385403329	0.0	0.6380638063806381	0.0	0.0	0.5434543454345434	0.0	0.0
10434	15.055276381909549	0.0	0.5294924554183813	0.0	0.0	0.0	0.0	0.0	6.862068965517241	0.0	0.0	0.0	0.0	0.35390946502057613	0.0	0.0	12.007130124777184	0.0	0.0	0.0	0.0	0.0	0.0	0.0
10435	6.333333333333333	0.18344519015659955	0.0	0.0	0.0	0.0	0.0	0.0	6.027918781725888	0.0	0.0	0.0	0.0	0.0	0.0	0.0	16.168639053254438	0.0	0.0	0.0	0.0	0.0	0.0	0.0
10436	4.1016260162601625	0.0	0.0	0.0	0.0	0.0	0.0	0.0	6.619909502262443	0.0	0.0	0.0	0.0	0.0	0.0	0.0	12.0	0.0	1.0408163265306123	0.0	0.0	2.2764227642276422	0.0	0.0
10437	2.922705314009662	0.0	0.0	0.0	0.0	0.0	0.0	0.0	11.135265700483092	0.0	0.0	0.0	0.0	0.0	0.0	0.0	16.146496815286625	0.0	0.714975845410628	0.0	0.0	3.347826086956522	0.0	0.0
10438	3.7566137566137567	0.0	0.0	0.0	0.0	0.0	0.0	0.0	2.9100529100529102	0.0	0.0	0.0	0.0	0.0	0.0	0.0	6.40566037735849	0.0	3.0555555555555554	0.0	0.0	3.751322751322751	0.0	0.0
10439	4.815789473684211	0.0	0.0	0.0	0.0	0.0	0.0	0.0	4.1938775510204085	0.0	0.0	0.0	0.0	0.0	0.0	0.0	10.947368421052632	0.0	0.0	0.0	0.0	0.0	0.0	0.0
10440	9.493723849372385	0.0	1.4457831325301205	0.0	0.5783132530120482	0.0	0.0	0.0	9.1875	0.05622489959839357	0.0	0.0	0.0	0.9959839357429718	0.0	0.0	5.658823529411765	0.0	0.7871485943775101	0.0	0.0	0.7550200803212851	0.0	0.0
10441	7.690140845070423	0.0	0.4889753566796368	0.0	0.0	0.0	0.0	0.0	7.8353765323993	0.0	0.251621271076524	0.0	0.6355382619974059	0.0	0.0	0.0	8.052901023890785	0.0	0.8855098389982111	0.0	0.3476005188067445	0.937007874015748	0.0	0.0
10442	16.093167701863354	0.0	0.0	0.0	0.0	0.0	0.0	0.0	12.923076923076923	0.0	0.0	0.0	0.0	0.0	0.0	0.0	18.443001443001442	0.0	0.6093189964157706	0.0	0.23894862604540024	0.6045400238948626	0.0	0.8422939068100358
10443	3.162257495590829	0.0	0.0	0.0	0.0	0.0	0.0	0.0	1.1678966789667897	0.0	0.0	0.0	0.0	0.0	0.0	0.0	5.972677595628415	0.0	0.0	0.0	0.0	0.0	0.0	0.5326278659611993
10444	5.202898550724638	0.0	0.0	0.0	0.0	0.0	0.0	0.0	13.366906474820144	0.0	0.0	0.0	0.0	0.0	0.0	0.0	12.301169590643275	0.8753623188405797	0.0	0.0	0.0	0.0	0.0	0.0
10445	15.8375	0.0	0.0	0.0	1.7171717171717171	0.0	0.0	0.0	5.1767676767676765	0.0	0.0	0.0	0.5656565656565656	0.0	0.0	0.0	10.05050505050505	0.0	0.0	0.0	0.0	0.0	0.0	0.0
10446	10.372413793103448	0.0	0.0	0.0	0.0	0.0	0.0	0.0	10.18441971383148	0.0	0.0	0.0	0.0	0.0	0.0	0.0	8.620833333333334	0.0	0.7481146304675717	0.0	0.0	0.0	0.0	0.0
10447	13.978537894030852	0.0	1.179151388161341	0.0	0.0	0.0	0.0	0.0	16.550925925925927	0.0	0.0	0.0	0.0	0.0	0.0	0.0	21.08712121212121	0.0	1.4968671679197996	0.0	0.0	0.0	0.0	0.0
10448	6.398467432950191	0.0	0.6174070716228468	0.0	0.0	0.0	0.0	0.0	10.543976348854398	0.0	0.0	0.0	0.0	0.0	0.0	0.0	15.077625570776256	0.0	0.7012898845892735	0.0	0.0	0.0	0.0	0.0
10449	13.635658914728682	0.0	0.24919093851132687	0.0	0.0	0.13592233009708737	0.0	0.0	13.122923588039868	0.24919093851132687	0.0	0.0	0.27184466019417475	0.0	0.0	0.0	9.962328767123287	0.0	1.7864077669902914	0.0	0.0	0.0	0.0	0.0
10450	7.676553672316384	0.0	0.45528455284552843	0.0	0.0	0.0	0.0	0.0	5.357446808510638	0.0	0.0	0.0	0.0	0.0	0.0	0.0	18.565770862800566	0.0	0.0	0.0	0.0	0.0	0.0	0.0
10451	10.97098976109215	0.0	0.2049598832968636	0.0	1.336980306345733	0.0	0.0	0.0	11.162842339008142	0.5703865791393143	0.0	0.0	0.0	0.0	0.0	0.0	20.10114192495922	0.0	2.1684901531728666	0.0	0.0	0.0	0.0	0.0
10452	10.764705882352942	0.0	0.41445126107702795	0.0	0.0	0.0	0.0	0.0	9.40625	0.2229038854805726	0.0	0.0	0.0	0.0	0.0	0.0	14.862010221465077	0.0	0.0	0.0	0.0	0.0	0.0	0.0
10453	9.801324503311259	0.0	0.900709219858156	0.0	1.010492332526231	0.0	0.0	0.0	10.360176991150443	0.0	0.10653753026634383	0.0	0.0	0.0	0.0	0.0	12.628683693516699	0.0	0.9063761097659403	0.0	0.0	0.29620661824051653	0.0	0.0
10454	9.65390924002187	0.0	0.45413260672116257	0.0	0.0	0.0	0.0	0.0	9.108054027013507	0.0	0.0	0.0	0.0	0.0	0.0	0.0	16.08444854637748	0.0	0.7034514078110808	0.0	0.33969118982742963	0.0	0.0	0.0
10455	5.661506707946336	0.0	0.0	0.0	0.0	0.0	0.0	0.0	8.528846153846153	0.0	0.0	0.0	0.0	0.0	0.0	0.0	15.552607502287282	0.08016877637130802	0.729957805907173	0.0	0.0	0.0	0.0	0.0
10456	10.973180076628353	0.0	0.0	0.0	0.0	0.0	0.0	0.0	7.280373831775701	0.0	0.0	0.0	0.0	0.0	0.0	0.0	17.825949367088608	0.0	1.6573208722741433	0.0	0.0	0.0	0.0	0.0
10457	8.073500967117988	0.0	0.7137681159420289	0.0	0.5471014492753623	0.0	0.0	0.0	6.339491916859123	0.0	0.0	0.014492753623188406	0.0	0.0	0.0	0.0	6.53411306042885	0.0	3.10727969348659	0.0	0.0	0.0	0.0	0.0
10458	4.12378640776699	0.0	0.0	0.0	0.0	0.0	0.0	0.0	4.663956639566396	0.0	0.0	0.0	0.0	0.0	0.0	0.0	2.9461756373937678	0.0	0.20346320346320346	0.0	0.0	0.0	0.0	0.0
10459	11.843137254901961	0.0	0.0	0.0	0.0	0.0	0.0	0.0	1.9014084507042253	0.0	0.0	0.0	0.0	0.0	0.0	0.0	2.606060606060606	0.0	0.0	0.0	0.0	0.0	0.0	0.0
10460	2.9170506912442398	0.0	1.0132827324478177	0.0	0.0	0.0	0.0	0.0	4.283062645011601	0.0	0.0	0.0	0.0	0.0	0.0	0.0	3.9227166276346606	0.0	0.0	0.0	0.0	0.0	0.0	0.0
10461	6.761904761904762	0.0	0.0	0.0	0.0	0.0	0.0	0.0	3.5213270142180093	0.0	0.0	0.0	0.0	0.0	0.0	0.0	6.350230414746544	0.0	5.179775280898877	0.0	0.0	0.3970037453183521	0.0	0.0
10462	11.735	0.0	0.0	0.0	0.0	0.0	0.0	0.0	2.1479820627802693	0.0	0.0	0.0	0.985663082437276	0.0	0.0	0.0	5.85531914893617	0.0	0.0	0.0	0.0	0.0	0.0	0.0
10463	11.203508771929824	0.0	0.2087378640776699	0.0	0.0	0.0	0.0	0.0	5.436893203883495	0.8689320388349514	0.0	0.0	0.0	0.0	0.0	0.0	13.80327868852459	0.0	2.150485436893204	0.0	0.0	0.9773462783171522	0.0	0.0
10464	14.884422110552764	0.0	0.4199134199134199	0.0	1.2164502164502164	0.0	0.0	0.0	6.6339066339066335	0.0	0.0	0.0	0.6536796536796536	0.0	0.0	0.0	11.727069351230424	0.0	1.7359307359307359	0.0	0.14502164502164502	0.0	0.0	0.0
10465	9.18772136953955	0.0	1.2972508591065293	0.0	0.0	0.0	0.0	0.0	9.829521829521829	0.4115120274914089	0.0	0.0	0.0	0.0	0.0	0.0	13.112723214285714	0.0	0.01804123711340206	0.0	0.0	0.0	0.0	0.0
10466	10.888567293777134	0.0	0.0	0.0	0.0	0.0	0.0	0.0	12.79733727810651	0.0	0.0	0.0	0.0	0.0	0.0	0.0	11.363796133567662	0.0	0.0	0.0	0.0	0.9723320158102767	0.0	0.0
10467	13.448834853090172	0.0	0.6861598440545809	0.0	0.0	0.0	0.0	0.0	9.782655246252677	0.0	0.0	0.0	0.0	0.0	0.0	0.0	8.514110429447852	0.0	0.0	0.0	0.2553606237816764	0.0	0.0	0.0
10468	7.816239316239316	0.0	0.0	0.0	0.0	0.0	0.0	0.0	19.04639175257732	0.0	0.0	0.0	0.46153846153846156	0.0	0.0	0.0	21.721311475409838	0.0	0.0	0.0	0.0	0.0	0.0	0.0
10469	12.341804320203304	0.0	0.0	0.0	0.0	0.0	0.0	0.0	9.341296928327646	0.0	0.0	0.0	0.0	0.0	0.0	0.0	11.678614097968937	0.0	1.0613861386138614	0.0	0.0	0.0	0.0	0.0
10470	10.232271325796505	0.0	0.0	0.0	0.0	0.0	0.0	0.0	6.957380457380458	0.0	0.0	0.0	0.0	0.0	0.0	0.0	10.339869281045752	0.0	0.0	0.0	0.0	0.0	0.0	0.0
10471	10.199170124481327	1.8303030303030303	0.0	0.0	0.0	0.0	0.0	0.0	8.900641025641026	0.0	0.0	0.0	0.0	0.0	0.0	0.0	18.10181818181818	0.0	0.0	0.0	0.0	0.0	0.0	0.0
10472	6.565217391304348	0.0	0.0	0.0	0.0	0.0	0.0	0.0	7.982332155477032	0.0	0.0	0.0	0.40117994100294985	0.0	0.0	0.0	16.26923076923077	0.0	1.0684931506849316	0.0	0.0	0.0	0.0	0.0
10473	14.0625	0.0	0.0	0.0	0.0	0.0	0.0	0.0	6.879194630872483	0.0	0.0	0.0	0.6756152125279642	0.22371364653243847	0.0	0.0	17.774580335731414	0.0	1.8590604026845639	0.0	0.0	0.9185393258426966	0.0	0.0
10474	9.074074074074074	0.0	0.0	0.0	0.9160997732426304	0.0	0.0	0.0	7.659574468085107	0.0	0.0	0.2494331065759637	0.0	0.0	0.0	0.0	7.633333333333334	0.0022675736961451248	1.784580498866213	0.0	0.0	1.1655328798185942	0.0	0.0
10475	18.443946188340806	0.0	0.0	0.0	0.0	0.0	0.0	0.0	8.17357910906298	0.0	0.4061624649859944	0.0	0.0	0.0	0.0	0.0	14.55868544600939	0.0	0.0	0.0	0.0	0.0	0.0	0.0
10476	4.937956204379562	0.0	0.0	0.0	0.0	0.0	0.0	0.0	8.351778656126482	0.0	0.0	0.0	1.14	0.0	0.0	0.0	21.228	0.0	1.0	0.0	0.0	0.8433333333333334	0.0	0.0
10477	10.996539792387543	0.0	0.0	0.0	1.0344149459193708	0.0	0.0	0.0	9.63960639606396	0.07669616519174041	0.0	0.0	1.5231071779744345	0.0	0.0	0.0	16.53053435114504	0.0	0.0	0.0	0.0	0.0	0.0	0.0
10478	10.617977528089888	0.0	0.0	0.0	0.0	0.0	0.0	0.0	4.514285714285714	0.0	0.0	0.0	4.557077625570776	1.2876712328767124	0.0	0.0	21.78082191780822	0.0	0.0	0.0	0.0	0.0	0.0	0.0
10479	8.670408163265305	0.0	0.0	0.0	0.0	0.0	0.0	0.0	8.416393442622951	0.0	0.0	0.0	0.9162162162162162	0.0	0.0	0.0	13.948863636363637	0.11171171171171171	0.7242937853107345	0.0	0.0	0.0	0.0	0.0
10480	9.872068230277186	0.0	0.46598639455782315	0.0	0.0	0.0	0.0	0.0	11.602272727272727	0.0	0.0	0.0	0.0	0.0	0.0	0.0	11.240574506283663	0.0	0.7704081632653061	0.0	0.0	0.0	0.0	0.0
10481	8.59375	0.0	0.0	0.0	0.0	0.0	0.0	0.0	7.936378466557912	0.0	0.0	0.0	0.0	0.0	0.0	0.0	14.031347962382446	0.0	0.0	0.0	0.0	0.0	0.0	0.0
10482	15.989690721649485	0.0	0.0	0.0	0.0	0.0	0.0	0.0	10.822033898305085	0.48214285714285715	0.0	0.0	0.0	0.0	0.0	0.0	7.18562874251497	0.0	0.0	0.0	0.0	0.0	0.0	0.0
10483	6.627083333333333	0.0	0.0	0.0	0.05325443786982249	0.0	0.0	0.0	4.655384615384615	0.0	0.0	0.0	0.0	0.378698224852071	0.0	0.0	8.832347140039447	0.26429980276134124	0.0	0.0	0.0	0.0	0.0	0.0
10484	9.952536824877251	0.0	0.0	0.0	0.0	0.0	0.0	0.0	8.576013513513514	0.0	0.0	0.0	0.0	0.0	0.0	0.0	12.238095238095237	0.0	0.4427645788336933	0.0	0.0	0.4858757062146893	0.0	0.0
10485	9.909620991253645	0.0	0.04497354497354497	0.0	0.0	0.0	0.0	0.0	6.848184818481848	0.0	0.0	0.0	0.0	0.0	0.0	0.0	16.2671875	0.0	1.066137566137566	0.0	0.0	0.0	0.0	0.0
10486	9.742094861660078	0.0	0.4942528735632184	0.0	0.0	0.0	0.0	0.0	7.554787759131293	1.165340406719717	0.0	0.0	0.0	0.0	0.0	0.0	8.770491803278688	0.0	0.8984962406015038	0.0	0.0	0.0	0.0	0.0
10487	5.2023809523809526	0.0	2.0	0.0	0.0380952380952381	0.0	0.0	0.0	3.5047619047619047	0.0	0.0	0.0	0.0	1.9333333333333333	0.0	0.0	4.765625	0.0	0.0	0.0	0.0	0.0	0.0	0.0
10488	13.721264367816092	0.0	0.0	0.0	0.0	0.0	0.0	0.0	18.954887218045112	0.0	0.0	0.0	0.0	0.8649425287356322	0.0	0.0	25.083333333333332	0.0	0.0	0.0	0.9037656903765691	0.0	0.0	0.0
10489	7.591194968553459	0.0	0.7833461835003855	0.0	0.4589041095890411	0.0	0.0	0.0	5.381267738883633	0.0	0.0	0.0	0.0	0.09360730593607305	0.0	0.0	11.896769109535066	0.0	0.0	0.0	0.0	0.0	0.0	0.0
10490	8.152454780361758	0.0	0.42291128337639966	0.0	0.0	0.0	0.0	0.0	5.890495867768595	0.0	0.0	0.0	0.0	0.3807062876830319	0.0	0.0	13.301953818827709	0.0	0.5900086132644272	0.0	0.0	0.23255813953488372	0.0	0.0
10491	10.366129032258064	0.0	1.2616822429906542	0.0	0.21515892420537897	0.0	0.0	0.0	12.491803278688524	0.0	0.0	0.0	0.4174454828660436	0.0	0.0	0.0	15.80373831775701	0.0	0.0	0.0	0.0	0.0	0.0	0.0
10492	4.739583333333333	0.0	0.0	0.0	0.32558139534883723	0.0	0.0	0.0	4.735470941883768	1.0647321428571428	0.0	0.0	0.5251937984496124	0.0	0.0	0.0	17.048165137614678	0.0	1.0232558139534884	0.0	0.0	0.0	0.0	0.0
10493	6.4624624624624625	0.0	0.0	0.0	0.7597597597597597	0.7507507507507507	0.0	0.0	3.285285285285285	0.0	0.0	0.0	0.0	0.0	0.0	0.0	16.445454545454545	0.0	0.9129129129129129	0.0	0.0	0.0	0.0	0.0
10494	9.69521410579345	0.0	0.0	0.0	0.0	0.0	0.0	0.0	8.607392607392608	0.0	0.0	0.0	0.0	0.0	0.0	0.0	13.157534246575343	0.07220822837951302	0.4290512174643157	0.0	0.0	0.0	0.0	0.0
10495	7.75	0.0	0.0	0.0	0.0	0.0	0.0	0.0	13.918727915194346	0.0	0.0	0.0	0.0	0.12731481481481483	0.0	0.0	4.866983372921615	0.0	0.0	0.0	0.0	0.0	0.0	0.0
10496	15.315950920245399	0.0	0.0	0.0	0.0	0.0	0.0	0.0	8.7375	0.0	0.0	0.0	0.0	0.0	0.0	0.0	12.463903743315509	0.0	0.9110275689223057	0.0	0.0	0.0	0.0	0.0
10497	10.051341890315053	0.0	0.0	0.0	0.0	0.0	0.0	0.0	8.643487858719647	0.0	0.0	0.0	0.0	0.0	0.0	0.0	10.913357400722022	0.0	0.0	0.0	0.0	0.0	0.0	0.0
10498	7.7925	0.0	0.0	0.0	0.0	0.0	0.0	0.0	7.691197691197691	0.0	0.0	0.0	0.0	0.0	0.0	0.0	9.901484480431849	0.0	0.0	0.0	0.0	0.08716136631330977	0.0	0.0
10499	7.486363636363636	0.0	0.0	0.0	0.0	0.0	0.0	0.0	6.4209690230341545	0.0	0.0	0.0	0.0	0.0	0.0	0.0	15.42188879082083	0.0	1.1466666666666667	0.0	0.017228464419475654	0.0	0.0	0.0
10500	13.972868217054264	0.0	0.0	0.0	0.0	0.0	0.0	0.0	8.978056426332289	0.0	0.0	0.0	0.0	0.5	0.0	0.0	25.43840579710145	0.0	2.1774193548387095	0.0	0.0	0.0	0.0	0.0
10501	7.538759689922481	0.0	0.0	0.0	0.0	0.0	0.0	0.0	4.5096525096525095	0.0	0.0	0.5283018867924528	1.7672955974842768	0.0	0.0	0.0	14.26602564102564	0.0	0.0	0.0	0.0	2.2015209125475286	0.0	0.0
10502	6.503759398496241	0.0	2.011904761904762	0.0	0.5833333333333334	0.0	0.0	0.0	9.81981981981982	0.0	0.0	0.0	0.9166666666666666	0.0	0.0	0.0	12.952380952380953	0.0	0.0	0.0	0.0	0.7678571428571429	0.0	0.0
10503	19.76839464882943	3.4759036144578315	2.2797089733225544	0.0	6.357283464566929	2.4096638655462184	0.0	0.0	12.081378299120235	15.352631578947369	3.9702251270878723	0.0	5.986004198740378	8.0409057706355	0.0	3.22809667673716	21.738938053097346	7.040078201368524	6.025874125874126	0.0	3.040714285714286	11.869204152249136	0.0	4.222013170272813
10504	7.890322580645162	0.0	0.9025157232704403	0.0	0.8805031446540881	0.0	0.0	0.0	2.152173913043478	0.0	1.8050314465408805	0.0	0.0	0.0	0.0	0.0	13.845360824742269	0.0	0.0	0.0	0.5817610062893082	0.6509433962264151	0.0	0.0
10505	6.760067114093959	0.0	0.0	0.0	0.0	0.0	0.0	0.0	5.949206349206349	0.0	0.0	0.0	0.0	1.0858806404657932	0.0	0.0	10.98469387755102	0.0	0.0	0.0	0.0	0.0	0.0	0.0
10506	9.81423611111111	0.0	0.0	0.0	0.0	0.0	0.0	0.0	7.36437908496732	0.0	0.0	0.0	0.0	0.0	0.0	0.0	10.362745098039216	0.0	0.84593837535014	0.0	0.0	0.0	0.0	0.0
10507	7.614912280701755	0.0	0.0	0.0	0.0	0.0	0.0	0.0	7.360435875943001	0.42857142857142855	0.0	0.0	0.45714285714285713	0.0	0.0	0.0	15.179351921627731	0.0	0.0	0.0	0.0	0.0	0.0	0.0
10508	7.830882352941177	0.0	1.0152505446623095	0.0	2.131707317073171	0.0	0.0	0.0	6.8891454965357966	0.0	0.0	0.0	0.0	0.0	0.0	0.0	10.773067331670823	0.0	0.8257080610021786	0.0	0.0	2.982222222222222	0.0	0.0
10509	3.7760416666666665	0.0	0.0	0.0	0.9056603773584906	0.0	0.0	0.0	6.496666666666667	0.0	0.0	0.0	0.0	0.36477987421383645	0.0	0.0	5.760273972602739	0.0	0.4308176100628931	0.0	0.19811320754716982	0.0	0.0	0.0
10510	10.70667870036101	0.0	1.1012759170653907	0.0	0.0	0.0	0.0	0.0	10.096098953377735	0.0	0.0	0.01594896331738437	0.0	0.0	0.0	0.0	9.387580299785867	0.0	0.9210526315789473	0.0	0.0	0.0	0.0	0.0
10511	8.443965517241379	0.0	1.2535612535612535	0.0	0.150997150997151	0.0	0.0	0.0	11.973451327433628	0.7037037037037037	0.0	0.0	0.8603988603988604	0.0	0.0	0.0	14.417910447761194	0.0	0.0	0.0	0.0	0.0	0.0	0.0
10512	6.676145339652448	0.0	0.0	0.0	0.0	0.0	0.0	0.0	7.63968253968254	0.0	0.0	0.0	0.0	0.0	0.0	0.0	10.85024154589372	0.0	0.0	0.0	0.0	0.0	0.0	0.0
10513	11.388235294117647	0.0	1.1526104417670682	0.0	0.0	0.0	0.0	0.0	9.31527093596059	2.0240963855421685	0.0	0.0	0.0	0.0	0.0	0.0	9.505952380952381	0.0	0.0	0.0	0.0	0.10040160642570281	0.0	0.0
10514	0.8439024390243902	0.0	1.643939393939394	0.0	0.8295454545454546	0.0	0.0	0.0	5.78030303030303	0.0	0.0	0.0	0.0	0.0	0.0	0.0	8.1	0.0	0.42424242424242425	0.0	0.0	1.878787878787879	0.0	0.0
10515	6.22279792746114	0.0	0.0	0.0	1.1840796019900497	0.0	0.0	0.0	5.27363184079602	0.0	0.0	0.0	0.0	0.0	0.0	0.0	6.8474576271186445	0.0	1.1840796019900497	0.0	0.0	1.044776119402985	0.0	0.0
10516	10.51262862488307	0.0	0.0	0.0	0.4583333333333333	0.0	0.0	0.0	7.249237804878049	0.0	0.0	0.0	0.0	0.0	0.0	0.0	11.413657770800627	0.0	0.7515527950310559	0.0	0.0662568306010929	0.0	0.0	0.0
10517	4.925764192139738	0.0	1.080935251798561	0.0	0.0	0.0	0.0	0.0	6.651515151515151	0.9261168384879725	0.0	0.0	0.10652920962199312	0.0	0.0	0.0	12.79945054945055	0.0	0.5034364261168385	0.0	0.0	0.49828178694158076	0.0	0.0
10518	6.806640625	0.0	0.0	0.0	0.0	0.0	0.0	0.0	10.312698412698413	0.0	0.0	0.0	0.0	0.0	0.0	0.0	13.016863406408094	0.0	0.0	0.0	0.0	0.0	0.0	0.0
10519	6.094637223974764	0.16352201257861634	0.0	0.0	0.0	0.0	0.0	0.0	7.8427672955974845	0.0	0.0	0.0	1.4842767295597483	0.0	0.0	0.0	8.325991189427313	0.0	0.0	0.0	0.0	0.0	0.0	0.0
10520	13.258461538461539	0.0	0.8721461187214612	0.0	0.0	0.0	0.0	0.0	8.410041841004183	0.0	0.0	0.0	0.0	0.0	0.0	0.0	10.174094707520892	0.0	0.0	0.0	0.0	0.0	0.0	0.0
10521	11.342391304347826	0.0	0.5619967793880838	0.0	0.9371980676328503	0.16747181964573268	0.0	0.0	4.342672413793103	0.0	0.0	0.0	0.0	0.0	0.0	0.0	14.287581699346406	0.0	0.0	0.0	0.0	0.0	0.0	0.0
10522	7.020964360587002	0.0	0.0649895178197065	0.0	0.0	0.0	0.0	0.0	4.544117647058823	0.0	0.0	0.0	0.0	0.027253668763102725	0.0	0.0	11.38345864661654	0.0	3.1295336787564767	0.0	0.0	0.0	0.0	0.0
10523	12.09375	0.0	0.0	0.0	0.0	0.0	0.0	0.0	10.528428093645484	0.14327485380116958	0.5789473684210527	0.2309941520467836	0.0	0.0	0.0	0.0	7.585858585858586	0.0	0.0	0.0	0.0	0.0	0.0	0.0
10524	11.466174661746617	0.0	0.0	0.0	0.0	0.0	0.0	0.0	7.831043956043956	0.0	0.0	0.0	0.0	0.0	0.0	0.0	16.095577746077034	0.0	1.020066889632107	0.0	0.0	0.6064659977703456	0.0	0.0
10525	12.768939393939394	0.0	0.0	0.0	0.22789115646258504	0.0	0.0	0.0	13.051851851851852	0.0	0.0	0.0	0.0	0.0	0.0	0.0	13.595238095238095	0.0	2.622448979591837	0.0	0.0	0.0	0.0	0.0
10526	7.965811965811966	0.0	0.4230769230769231	0.0	0.0	0.0	0.0	0.0	8.92688679245283	0.0	0.0	0.0	0.0	0.0	0.0	0.0	17.453237410071942	0.0	0.23076923076923078	0.0	0.0	0.0	0.0	0.0
10527	11.25242718446602	0.0	2.0614886731391584	0.0	1.6440129449838188	0.0	0.0	0.0	12.991189427312776	0.0	0.0	0.0	0.0	0.0	0.0	0.0	15.872586872586872	0.0	2.0901287553648067	0.0	0.0	0.0	0.0	0.0
10528	9.150061500615006	0.0	0.6898454746136865	0.0	0.0	0.0	0.0	0.0	5.544227886056971	0.0	0.0	0.0	0.4955849889624724	0.0	0.0	0.0	11.648038049940547	0.0	0.07505518763796909	0.0	0.0	0.0	0.0	0.0
10529	5.893665158371041	0.0	0.9494949494949495	0.0	0.0	0.0	0.0	0.0	6.161458333333333	0.0	0.0	0.0	0.0	0.0	0.0	0.0	5.653366583541147	0.08888888888888889	0.0	0.0	0.0	0.0	0.0	0.0
10530	12.579514824797844	0.0	0.0	0.0	1.7704590818363273	0.0	0.0	0.0	9.915983606557377	0.6526946107784432	0.0	0.0	0.0	0.0	0.0	0.0	10.974117647058824	0.0	0.0	0.0	0.0	0.7956403269754768	0.0	0.0
10531	16.20098039215686	0.0	5.25	0.0	2.751173708920188	0.0	0.0	0.0	21.406779661016948	0.6150234741784038	0.0	0.0	0.0	0.0	0.0	0.0	17.914893617021278	0.0	1.4647887323943662	0.0	0.0	0.0	0.0	0.0
10532	7.983333333333333	0.0	4.872	0.0	0.0	0.0	0.0	0.0	1.2416666666666667	0.0	0.0	0.0	0.0	0.0	0.0	0.0	13.194117647058823	0.0	0.0	0.0	0.0	0.0	0.0	0.0
10533	8.611570247933884	0.0	0.0	0.0	0.0	0.0	0.0	0.0	7.993288590604027	0.0	0.0	0.0	0.0	0.0	0.0	0.0	8.38	0.0	0.0	0.0	0.9356060606060606	0.0	0.0	0.0
10534	2.776978417266187	0.0	1.1299435028248588	0.0	0.2598870056497175	0.0	0.0	0.0	6.796610169491525	0.0	0.0	0.0	0.0	0.0	0.0	0.0	5.468926553672317	0.0	0.0	0.0	0.0	1.3276836158192091	0.0	0.0
10535	11.326732673267326	0.0	0.0	0.0	0.7068965517241379	0.0	0.0	0.0	12.568965517241379	0.0	0.0	0.0	0.08045977011494253	0.0	0.0	0.0	8.390756302521009	0.0	0.0	0.0	0.0	0.0	0.0	0.0
10536	6.896424167694205	0.0	1.0267281105990784	0.0	0.0	0.0	0.0	0.0	2.6322188449848025	0.0	0.0	0.0	0.0	0.0	0.0	0.0	10.924663677130045	0.0	0.0	0.0	0.0	0.0	0.0	0.0
10537	13.068862275449101	0.0	0.0	0.0	0.0	0.0	0.0	0.0	11.970059880239521	0.0	0.8388888888888889	0.0	0.0	0.0	0.0	0.0	13.124567474048442	0.0	0.0	0.0	0.0	0.0	0.0	0.0
10538	3.8797327394209353	0.0	0.0	0.0	0.0	0.0	0.0	0.0	10.477124183006536	0.0	0.0	0.0	0.14130434782608695	0.18478260869565216	0.0	0.0	14.10379241516966	0.463768115942029	0.0	0.0	0.0	1.411231884057971	0.0	0.0
10539	6.776819923371647	0.0	0.0	0.0	0.0	0.0	0.0	0.0	10.353730092204527	0.0	0.0	0.0	0.0	1.0251256281407035	0.0	0.0	10.54733727810651	0.0	0.8810763888888888	0.0	0.0	0.5209380234505863	0.0	0.0
10540	0.5416666666666666	0.0	0.0	0.0	0.0	0.0	0.0	0.0	11.23076923076923	0.0	0.0	0.0	0.024305555555555556	0.0	0.0	0.0	13.6	0.0	0.0	0.0	0.0	0.0	0.0	0.0
10541	14.363128491620111	0.0	0.0	0.0	0.0	0.0	0.0	0.0	6.374509803921568	0.0	0.0	0.0	1.7469458987783595	0.0	0.0	0.0	10.501937984496124	0.0	0.0	0.0	0.0	0.0	0.0	0.0
10542	9.28534923339012	0.0	0.8340498710232158	0.0	0.6270022883295194	0.0	0.0	0.0	10.818474758324383	0.0	0.0	0.0	0.559115179252479	0.0	0.0	0.0	12.551155115511552	0.0	1.0892448512585813	0.0	0.0	0.0	0.0	0.0
10543	1.5044247787610618	0.0	0.23655913978494625	0.0	0.7311827956989247	0.0	0.0	0.0	3.2387387387387387	0.0	0.0	0.0	0.0	0.0	0.0	0.0	2.9430894308943087	0.0	0.2078853046594982	0.0	0.0	0.0	0.0	0.0
10544	3.4645390070921986	0.0	0.0	0.0	0.0	0.0	0.0	0.0	6.074626865671642	0.0	0.0	0.0	1.4078014184397163	0.0	0.0	0.0	10.556818181818182	0.0	0.0	0.0	0.0	0.0	0.0	0.0
10545	9.325042881646656	0.0	0.0	0.0	0.29185185185185186	0.0	0.0	0.0	9.400712377560106	0.0	0.0	0.0	0.0	0.0	0.0	0.0	11.178947368421053	0.0	0.0	0.0	0.0	0.0	0.0	0.0
10546	8.905117270788912	0.0	0.0	0.0	0.0	0.0	0.0	0.0	9.079108635097493	0.0	0.0	0.0	0.0	0.0	0.0	0.0	12.147472642001043	0.0	0.7613538988860326	0.0	0.0	0.0	0.0	0.0
10547	8.348336594911938	0.0	0.0	0.0	0.0	0.0	0.0	0.0	10.072805139186295	0.0	0.0	0.0	0.5086705202312138	0.0	0.0	0.0	17.815845824411134	0.0	0.9094412331406551	0.0	0.0	0.0	0.0	0.0
10548	7.73253493013972	0.0	0.0	0.0	0.0	0.0	0.0	0.0	9.942	0.0	0.0	0.0	0.0	0.0	0.0	0.0	12.7866323907455	0.0	0.0	0.0	0.0	0.0	0.0	0.0
10549	7.700296735905044	0.0	0.0	0.0	0.6514285714285715	0.0	0.0	0.0	7.755707762557078	0.0	0.0	0.0	0.0	0.0	0.0	0.0	17.726190476190474	0.0	0.8380952380952381	0.0	0.0	0.0	0.0	0.0
10550	8.708185053380783	0.0	0.6433566433566433	0.0	0.0	0.0	0.0	0.0	5.6875	0.0	0.0	0.0	0.0	0.0	0.0	0.0	13.26764705882353	0.0	0.0	0.0	1.2307692307692308	0.0	0.0	1.407925407925408
10551	12.614084507042254	0.0	0.0	0.0	0.0	0.0	0.0	0.26558265582655827	9.964769647696476	0.0	0.0	0.0	0.0	1.3333333333333333	0.0	0.0	14.130434782608695	0.0	0.0	0.0	0.0	0.0	0.0	0.0
10552	17.782258064516128	0.0	0.0	0.0	0.0	0.0	0.0	0.0	9.75	2.0	0.0	0.30303030303030304	0.0	0.0	0.0	0.0	12.646258503401361	0.0	2.33030303030303	0.0	0.0	0.0	0.0	0.0
10553	12.288288288288289	0.0	0.0	0.0	0.7837837837837838	0.0	0.0	0.0	13.207920792079207	0.0	0.0	0.0	0.0	0.0	0.0	0.0	5.395604395604396	0.0	0.0	0.0	0.5495495495495496	0.0	0.0	0.0
10554	14.429824561403509	1.5402298850574712	0.0	0.0	0.0	0.0	0.0	0.0	6.875968992248062	0.0	0.0	0.0	0.0	0.0	0.0	0.0	9.936416184971097	0.0	2.5923076923076924	0.0	1.206896551724138	0.0	0.0	0.0
10555	15.54054054054054	0.0	0.0	0.0	0.0	0.0	0.0	0.0	8.297872340425531	0.0	0.0	0.0	0.0	0.19913419913419914	0.0	0.0	11.596491228070175	0.0	0.8831168831168831	0.0	0.0	0.0	0.0	0.0
10556	8.434782608695652	0.0	0.0	0.0	0.0	0.0	0.0	0.0	7.659090909090909	0.0	0.0	0.0	0.17204301075268819	0.0	0.0	0.0	12.878787878787879	0.0	1.4408602150537635	0.0	0.0	0.0	0.0	0.0
10557	8.07638888888889	0.0	0.0	0.0	0.793002915451895	0.0	0.0	0.0	9.524590163934427	0.0	0.4837962962962963	0.0	0.0	0.0	0.0	0.0	16.774834437086092	0.0	0.0	0.0	0.0	0.0	0.0	0.0
10558	6.957957957957958	0.0	0.0	0.0	0.0	0.0	0.0	0.0	12.46195652173913	0.0	0.0	0.0	0.24875621890547264	0.0	0.0	0.0	9.121052631578948	0.0	0.11940298507462686	0.0	0.0	0.0	0.0	0.0
10559	4.989528795811518	0.5984848484848485	0.0	0.0	0.8863636363636364	0.0	0.0	0.0	7.471153846153846	0.0	0.5656565656565656	0.0	0.6060606060606061	0.0	0.0	0.0	11.258397932816537	0.4898989898989899	4.309248554913295	0.0	0.0	0.0	0.0	0.0
10560	8.043227665706052	0.0	3.8530465949820787	0.0	2.3010752688172045	0.0	0.0	0.0	8.108374384236454	0.0	0.0	0.0	0.0	0.10752688172043011	0.0	0.0	13.599137931034482	0.27956989247311825	0.0	0.0	0.0	0.2927120669056153	0.0	0.0
10561	7.409638554216867	0.0	0.0	0.0	0.0	0.0	0.0	0.0	10.215827338129497	0.0	0.0	0.0	0.0	0.0	0.0	0.0	11.256578947368421	0.0	0.0	0.0	0.3888888888888889	0.0	0.0	0.0
10562	5.064638783269962	0.0	0.0	0.0	0.0	0.0	0.0	0.0	5.363363363363363	0.0	0.0	0.0	0.0	1.41834451901566	0.0	0.0	22.0030959752322	0.0	0.0	0.0	0.0	0.0	0.0	0.0
10563	10.314285714285715	0.0	0.8388888888888889	0.0	0.0	0.0	0.0	0.0	9.818181818181818	0.0	0.0	0.0	0.0	0.0	0.0	0.0	17.264462809917354	0.0	1.9549180327868851	0.0	1.0833333333333333	0.0	0.0	0.0
10564	9.762376237623762	0.0	0.0	0.0	0.0	0.40264026402640263	0.0	0.0	12.467811158798284	0.26732673267326734	0.0	0.0	0.0	0.0	0.0	0.0	16.82312925170068	0.0	0.0	0.0	0.0	0.0	0.0	0.0
10565	18.969298245614034	0.0	0.0	0.0	0.0	2.2560975609756095	0.0	0.0	15.38647342995169	0.0	0.0	0.0	0.0	0.0	0.0	0.0	16.06910569105691	2.7113821138211383	3.3555555555555556	0.0	0.0	0.0	0.0	0.0
10566	11.366471734892787	0.0	0.0	0.0	1.2205438066465257	0.0	0.0	0.0	7.984101748807631	0.0	0.0	0.0	0.0	0.26606875934230195	0.0	0.0	16.43576388888889	0.0	0.5485799701046338	0.0	0.0	0.5964125560538116	0.0	0.0
10567	7.083557951482479	0.0	0.0	0.0	0.0	0.0	0.0	0.0	8.497706422018348	0.0	0.10441767068273092	0.0	0.0	0.0	0.0	0.0	8.36768149882904	0.0	0.910913140311804	0.0	0.0	0.09036144578313253	0.0	0.0
10568	8.02226345083488	0.0	1.353901996370236	0.0	0.0	0.0	0.0	0.0	14.972515856236786	0.0	0.0	0.0	0.0	0.0	0.0	0.0	8.236533957845433	0.0	0.0	0.0	0.5151515151515151	0.0	0.0	0.0
10569	21.414772727272727	0.0	1.0	0.0	0.0	0.0	0.0	0.0	15.264044943820224	0.35555555555555557	0.0	0.0	0.0	0.0	0.0	0.0	16.251612903225805	0.0	0.0	0.0	0.0	0.0	0.0	0.0
10570	10.567261904761905	0.0	0.6382708200890019	0.0	0.8397435897435898	0.0	0.0	0.0	8.012641383898869	0.0	0.0	0.0	0.0	0.0	0.0	0.0	14.221408450704226	0.0	0.0	0.0	0.0	0.0	0.0	0.0
10571	8.633333333333333	0.0	0.0	0.0	0.0	0.0	0.0	0.0	9.382352941176471	0.0	0.0	0.0	0.0	0.0	0.0	0.0	8.438356164383562	0.0	0.27044025157232704	0.0	0.0	0.0	0.0	0.0
10572	15.80281690140845	0.0	0.0	0.0	0.49056603773584906	0.0	0.0	0.0	12.06140350877193	0.0	0.0	0.0	1.1949685534591195	0.0	0.0	0.0	19.26126126126126	0.0	0.0	0.0	0.0	2.6540880503144653	0.0	0.0
10573	8.261802575107296	0.0	0.0	0.0	0.0	0.0	0.0	0.0	9.552147239263803	0.0	0.0	0.0	1.8226299694189603	0.0	0.0	0.0	18.758957654723126	0.0	0.9388379204892966	0.0	0.0	0.40061162079510704	0.0	0.0
10574	5.60352422907489	0.0	1.7264492753623188	0.0	0.0	0.0	0.0	0.0	2.927536231884058	0.0	0.0	0.0	0.0	0.0	0.0	0.0	10.682971014492754	0.0	1.1702898550724639	0.0	0.0	0.0	0.0	0.0
10575	3.9988623435722412	0.0	0.7246376811594203	0.0	0.0	0.0	0.0	0.0	6.386437029063509	0.0	0.0	0.4821256038647343	0.0	0.0	0.0	0.0	11.669230769230769	0.0	1.0531400966183575	0.0	0.0	0.9929292929292929	0.0	0.0
10576	16.622857142857143	0.0	2.7936507936507935	0.0	0.0	1.492063492063492	0.0	0.0	3.2203389830508473	0.0	0.0	0.0	0.0	0.0	0.0	0.0	8.8	0.0	1.2592592592592593	0.0	0.0	0.0	0.0	0.0
10577	17.043650793650794	0.0	0.0	0.0	0.0	0.0	0.0	0.0	4.050228310502283	0.0	0.0	0.0	0.0	0.3333333333333333	0.0	0.0	12.033175355450236	0.0	1.2698412698412698	0.0	0.0	0.0	0.0	0.0
10578	5.8604651162790695	0.0	0.0	0.0	0.9806201550387597	0.0	0.0	0.0	5.25968992248062	0.0	0.0	0.0	0.0	0.0	0.0	0.7906976744186046	4.891472868217054	0.0	0.16279069767441862	0.0	0.0	0.0	0.0	0.0
10579	7.0811170212765955	0.0	0.6239837398373984	0.0	0.0	0.0	0.0	0.0	3.88016967126193	0.0	0.0	0.0	0.0	0.0	0.0	0.0	11.404028436018958	0.0	0.9207317073170732	0.0	0.0	0.0	0.0	0.0
10580	4.636559139784946	0.0	0.0	0.0	0.0	0.0	0.0	0.0	8.01923076923077	0.09032258064516129	0.0	0.0	0.0	1.10752688172043	0.0	0.0	9.523702031602708	0.0	0.0	0.0	0.0	0.0	0.0	0.0
10581	5.689956331877729	0.0	0.0	0.0	1.210950080515298	0.0	0.0	0.0	4.003663003663004	0.0	0.0	0.0	0.0	0.5925925925925926	0.0	0.0	13.804088586030664	0.0	1.906854130052724	0.0	0.0	0.0	0.0	0.0
10582	15.162534435261708	0.0	0.0	0.0	0.0	0.0	0.0	0.0	5.912832929782082	0.0	0.0	0.0	0.0	0.0	0.0	0.0	8.613483146067416	0.0	0.0	0.0	0.0	0.0	0.0	0.0
10583	1.7729468599033817	0.0	0.0	0.0	0.0	0.0	0.0	0.0	0.0	0.0	0.0	0.0	0.0	0.0	0.0	0.0	3.0434782608695654	0.0	0.0	0.0	0.0	0.0	0.0	0.0
10584	4.894962486602358	0.0	1.6202651515151516	0.0	0.4251893939393939	0.0	0.0	0.0	8.188223938223938	0.0	0.0	0.0	0.0	0.0	0.0	0.0	11.688949522510232	0.0	0.0	0.0	0.0	0.0	0.0	0.0
10585	8.787841191066997	0.0	0.0	0.0	0.0	0.0	0.0	0.0	9.845360824742269	0.0	0.0	0.0	0.0	0.13151927437641722	0.0	0.0	11.909926470588236	0.0	0.0	0.0	0.20861678004535147	0.0	0.0	0.0
10586	8.379265091863518	0.0	0.38320209973753283	0.0	0.3359580052493438	0.0	0.0	0.0	7.680628272251309	0.0	0.0	0.0	0.0	0.0	0.0	0.0	7.235294117647059	0.0	0.0	0.0	0.39238845144356954	0.0	0.0	0.0
10587	13.132203389830508	0.0	0.8466019417475729	0.0	0.0	0.0	0.0	0.0	7.800341296928328	0.19815668202764977	0.0	0.1597542242703533	0.0	0.0	0.0	0.0	14.91283676703645	0.0	0.0	0.0	0.0	0.0	0.0	0.0
10588	6.588235294117647	0.0	0.0	0.0	0.49588477366255146	0.0	0.0	0.0	6.871900826446281	0.4444444444444444	0.0	0.0	0.0	0.0	0.0	0.0	16.795238095238094	0.0	0.0	0.0	0.0	0.0	0.0	0.0
10589	8.605703048180924	0.0	0.0	0.0	0.0	0.0	0.0	0.0	6.881526104417671	1.2798982188295165	0.0	0.0	0.0	0.0	0.0	0.0	19.697926059513076	0.0	0.0	0.0	0.0	0.0	0.0	0.0
10590	7.786692759295499	0.0	0.9392592592592592	0.0	0.8220858895705522	0.0	0.0	0.0	8.36	0.0	0.0	0.0	0.0	0.0	0.0	0.0	12.819148936170214	0.0	0.0	0.0	0.0	0.0	0.0	0.0
10591	5.923444976076555	0.0	0.0	0.0	0.0	0.0	0.0	0.0	6.898717948717949	0.0	0.0	0.0	0.0	0.0	0.0	0.0	13.70997375328084	0.0	1.219326818675353	0.0	0.0	0.0	0.0	0.0
10592	9.684085510688837	0.0	0.0	0.0	0.0	0.0	0.0	0.0	9.313937753721245	0.0	0.0	0.0	0.7331042382588774	0.0	0.0	0.0	9.890426758938869	0.0	0.0	0.0	0.0	0.0	0.0	0.3321878579610538
10593	8.18592057761733	0.0	0.0	0.0	0.0	0.0	0.0	0.0	10.450281425891182	0.0	0.0	0.0	0.6838340486409156	0.0	0.0	0.0	7.551418439716312	0.0	0.0	0.0	0.0	0.0	0.0	0.0
10594	8.512	0.0	0.6726618705035972	0.0	0.0	0.0	0.0	0.0	12.021592442645074	0.30935251798561153	0.04196642685851319	0.0	0.0	0.0	0.0	0.0	11.852146263910969	0.0	0.0	0.0	0.0	1.0498721227621484	0.0	0.0
10595	7.043814432989691	0.0	0.8105263157894737	0.0	0.0	0.0	0.0	0.0	6.93591654247392	0.30409356725146197	0.0	0.0	0.0	0.0	0.0	0.0	8.515536723163843	0.0	0.7660818713450293	0.0	0.0	1.2269005847953216	0.0	0.0
10596	9.36888888888889	0.0	0.0	0.0	1.0666666666666667	0.0	0.0	0.0	8.783638320775028	0.0	0.32950191570881227	0.0	0.1371647509578544	0.0	0.0	0.0	14.492063492063492	0.0	0.0	0.0	0.0	0.8754480286738351	0.0	0.0
10597	6.007150153217569	0.0	0.0	0.0	0.0	0.0	0.0	0.0	3.9072164948453607	0.0	0.0	0.0	0.0	0.0	0.0	0.0	12.923679060665362	0.0	0.9083769633507853	0.0	0.0	1.337696335078534	0.0	0.0
10598	2.4	0.0	0.0	0.0	0.0	0.0	0.0	0.0	6.762962962962963	0.0	0.0	0.0	0.0	0.0	0.0	0.0	4.844444444444444	0.0	0.0	0.0	0.0	0.0	0.0	0.0
10599	6.739130434782608	0.0	1.8840579710144927	0.0	0.0	0.0	0.0	0.0	4.971014492753623	0.0	0.0	0.0	0.0	0.0	0.0	0.0	12.412060301507537	0.0	0.0	0.0	0.0	0.0	0.0	0.0
10600	15.181930693069306	0.0	0.452991452991453	0.0	0.2799145299145299	0.0	0.0	0.0	7.960681520314548	0.0	0.13675213675213677	0.0	0.0	0.31517094017094016	0.0	0.0	16.72029702970297	0.0	0.0	0.0	0.2232905982905983	0.0	0.0	0.0
10601	6.4974093264248705	0.0	0.0	0.0	0.0	0.0	0.0	0.0	8.870967741935484	0.0	0.0	0.15204678362573099	0.0	0.0	0.0	0.0	17.621890547263682	0.0	0.49707602339181284	0.0	0.0	0.0	0.0	1.138401559454191
10602	5.073770491803279	0.0	0.0	0.0	1.0444444444444445	0.2222222222222222	0.0	0.0	8.108024691358025	0.0	0.0	0.0	0.0	0.0	0.0	0.0	7.803212851405623	0.0	0.0	0.0	0.0	0.0	0.0	0.0
10603	10.321951219512195	0.0	0.0	0.0	0.0	0.0	0.0	0.0	4.084805653710247	0.0	0.0	0.0	0.0	0.0	0.0	0.0	18.95578231292517	0.0	0.0	0.0	0.0	0.0	0.0	0.0
10604	7.025806451612903	0.0	0.8244444444444444	0.0	0.0	0.0	0.0	0.0	8.722411831626848	0.25222222222222224	0.0	0.0	0.0	0.0	0.0	0.0	9.102409638554217	0.0	0.0	0.0	0.0	0.0	0.0	0.0
10605	5.579787234042553	0.0	0.10652920962199312	0.0	0.0	0.0	0.0	0.0	9.243186582809225	0.0	0.0	0.0	1.0360824742268042	0.0	0.0	0.0	5.502577319587629	0.0	1.0189003436426116	0.0	0.0	0.0	0.0	0.0
10606	9.388174807197943	0.0	0.0	0.0	0.0	0.0	0.0	0.0	8.10951526032316	0.0	0.0	0.0	0.0	0.7064676616915423	0.0	0.0	6.5355871886121	0.0	0.01990049751243781	0.0	0.0	0.0	0.0	0.0
10607	11.483985765124554	0.0	0.0	0.0	0.8753894080996885	0.0	0.0	0.0	10.905844155844155	0.0	0.8068535825545171	0.0	0.0	0.0	0.0	0.0	16.553125	0.0	0.0	0.0	0.0	0.0	0.0	0.0
10608	9.002944062806673	0.0	0.0	0.0	0.0	0.0	0.0	0.0	10.823529411764707	0.0	0.0	0.0	0.9110922946655376	0.0	0.0	0.0	13.06333973128599	0.0	0.0	0.0	0.0	0.3680203045685279	0.0	0.0
10609	9.826370757180158	0.0	0.0	0.0	0.25679012345679014	0.0	0.0	0.0	10.092532467532468	0.0	0.0	0.0	0.0	0.0	0.0	0.0	7.71939736346516	0.0	1.5975308641975308	0.0	0.0	0.0	0.0	0.0
10610	7.922480620155039	0.0	1.7719298245614035	0.0	0.0	0.0	0.0	0.0	12.938271604938272	0.0	0.0	0.0	0.0	0.0	0.0	0.0	6.774834437086093	0.0	0.3333333333333333	0.0	0.0	0.0	0.0	0.0
10611	8.655263157894737	0.0	1.9095744680851063	0.0	0.0	0.0	0.0	0.0	7.855263157894737	0.0	0.0	0.0	0.0	0.0	0.0	0.0	11.518610421836229	0.0	0.0	0.0	0.0	0.0	0.0	0.0
10612	9.10179640718563	0.0	2.4840525328330205	0.0	0.0	0.0	0.0	0.0	13.471578947368421	0.0	0.0	0.0	0.0	0.0	0.0	0.0	7.855791962174941	0.06227106227106227	0.0	0.0	0.0	0.0	0.0	0.0
10613	12.727272727272727	0.0	0.0	0.0	0.0	0.0	0.0	0.0	18.84297520661157	0.0	2.272727272727273	0.0	1.2606060606060605	0.0	0.0	0.0	13.32	0.0	0.0	0.0	0.0	0.0	0.0	0.0
10614	6.339743589743589	0.0	0.8453900709219858	0.0	0.0	0.0	0.0	0.0	11.086134453781513	0.0	0.3404255319148936	0.0	0.0	0.0	0.0	0.0	12.438721136767318	0.0	0.0	0.0	0.0	0.0	0.0	0.0
10615	6.862944162436548	0.0	0.0	0.0	0.0	0.0	0.0	0.0	4.468048359240069	0.0	0.0	0.0	0.9086294416243654	0.0	0.0	0.0	12.111336032388664	0.0	2.231818181818182	0.0	0.0	0.0	0.0	0.0
10616	10.815978456014363	0.0	0.0	0.0	0.0	0.0	0.0	0.0	7.875	0.5416666666666666	0.0	0.0	0.0	0.0	0.0	0.0	15.28537360890302	0.0	0.0	0.0	0.0	0.0	0.0	0.0
10617	3.794392523364486	0.0	0.0	0.0	0.0	0.0	0.0	0.0	14.956709956709958	0.0	0.0	0.0	0.0	0.0	0.0	0.0	8.888461538461538	0.0	0.0	0.0	0.0	0.0	0.0	0.0
10618	11.626938775510204	0.0	1.2378976486860305	0.0	0.0	0.0	0.0	0.0	11.866666666666667	0.0	0.0	0.0	0.0	0.0	0.0	0.0	11.157816005983545	0.0	0.0	0.0	0.0	0.0	0.0	0.0
10619	6.960159362549801	0.0	0.0	0.0	0.0	0.0	0.0	0.0	6.830860534124629	0.0	0.0	0.0	0.0	0.0	0.0	0.0	14.902707275803722	0.0	0.0	0.0	0.0	0.6136680613668062	0.0	0.0
10620	8.342105263157896	0.0	0.4634920634920635	0.0	0.0	0.0	0.0	0.0	9.817829457364342	0.0	0.0	0.0	0.006349206349206349	0.0	0.0	0.0	22.88888888888889	0.0	0.0	0.0	0.0	0.0	0.0	0.0
10621	6.17174515235457	0.0	0.0	0.0	0.8220858895705522	0.0	0.0	0.0	11.481382978723405	0.0	0.0	0.0	0.0	0.0	0.0	0.0	11.174479166666666	0.0	0.0	0.0	0.0	0.0	0.0	0.0
10622	13.986584107327142	0.0	0.0	0.0	0.0	0.0	0.0	0.0	11.687568756875688	0.5470809792843692	0.0	0.0	0.0	0.0	0.0	0.0	18.19328585961343	0.0	0.0	0.0	0.0	0.0	0.0	0.2297551789077213
10623	10.653250773993808	0.0	0.765625	0.0	0.0	0.0	0.0	0.0	4.229166666666667	0.0	0.0	0.0	0.005208333333333333	0.19791666666666666	0.0	0.0	15.421965317919074	0.0	2.3125	0.0	0.0	0.0	0.0	0.0
10624	5.221590909090909	0.0	1.95	0.0	0.0	0.0	0.0	0.0	7.491935483870968	0.0	0.0	0.0	0.0	0.0	0.0	0.0	8.957142857142857	0.0	0.4696969696969697	0.0	0.0	0.0	0.0	0.0
10625	6.517241379310345	0.0	0.0	0.0	0.7586206896551724	0.0	0.0	0.0	9.726053639846743	0.0	0.0	0.0	0.0	0.0	0.0	0.0	9.840690978886757	0.0	0.8620689655172413	0.0	0.0	0.37547892720306514	0.0	0.0
10626	13.521341463414634	0.0	1.7063492063492063	0.0	0.0	0.0	0.0	0.0	7.8210227272727275	0.0	0.0	0.0	0.0	0.0	0.0	0.0	11.912181303116148	0.0	0.9708994708994709	0.0	0.0	0.0	0.0	0.0
10627	13.761241970021413	0.0	0.8237179487179487	0.0	0.0	0.0	0.0	0.0	7.5854430379746836	0.0	0.0	0.0	0.2228310502283105	0.0	0.0	0.0	10.56418918918919	0.0	0.6931506849315069	0.0	0.0	0.0	0.0	0.0
10628	10.226449275362318	0.0	0.13620071684587814	0.0	0.0	0.0	0.0	0.0	7.741127348643007	0.0	0.0	0.08960573476702509	0.0	0.0	0.0	0.0	11.705405405405406	0.0	1.014336917562724	0.0	0.0	1.8566308243727598	0.0	0.0
10629	9.797857142857143	0.0	0.28713450292397663	0.0	0.7888888888888889	0.0	0.0	0.0	9.882938026013772	0.10292397660818714	0.0	0.0	0.49473684210526314	0.0	0.0	0.0	10.180094786729859	0.0	0.0	0.0	0.0	0.0	0.0	0.0
10630	12.05718085106383	0.0	0.0	0.0	0.0	0.0	0.0	0.0	4.06113537117904	0.0	0.0	0.0	0.0	0.0	0.0	0.0	15.587467362924283	0.0	1.622340425531915	0.0	0.0	0.323037323037323	0.0	0.0
10631	7.857142857142857	0.0	0.0	0.0	0.0	0.0	0.0	0.0	6.588588588588588	0.0	0.0	0.0	0.0	0.0	0.0	0.0	10.786764705882353	0.0	0.640625	0.0	0.17708333333333334	0.21614583333333334	0.0	0.5
10632	10.031175059952039	0.0	0.0	0.0	0.0	0.0	0.0	0.0	7.2361331220285265	0.0	0.0	0.0	0.0	0.0	0.0	0.0	18.360869565217392	0.0	1.5375170532060027	0.0	0.0	0.0	0.0	0.0
10633	8.243055555555555	0.0	0.6387546967257112	0.0	0.0	0.0	0.0	0.0	8.994818652849741	0.0	0.2962962962962963	0.0	0.0	0.0	0.0	0.0	8.842233009708737	0.0	0.48040794417606014	0.0	0.0	0.202361782071927	0.0	0.0
10634	8.070796460176991	0.0	0.0	0.0	0.0	0.0	0.0	0.0	6.1234567901234565	0.0	0.0	0.0	0.0	0.0	0.0	0.0	13.587570621468927	0.0	0.0	0.0	1.2429378531073447	0.0	0.0	0.0
10635	10.985748218527316	0.0	0.0	0.0	0.7795992714025501	0.0	0.0	0.0	7.869565217391305	0.0	0.5373406193078324	0.0	0.0	0.0	0.0	0.0	12.265258215962442	0.0	0.38979963570127507	0.0	0.0	0.0	0.0	0.0
10636	9.740458015267176	0.0	0.0	0.0	0.0	0.0	0.0	0.0	8.209944751381215	0.0	0.0	0.0	1.4860050890585241	0.0	0.0	0.0	17.306122448979593	0.0	0.6641221374045801	0.0	0.0	0.0	0.0	0.0
10637	9.787610619469026	0.0	0.0	0.0	0.0	0.0	0.0	0.0	7.603921568627451	0.0	0.0	0.0	0.0	0.3362573099415205	0.0	0.0	6.1054545454545455	0.0	0.7426900584795322	0.0	0.0	0.0	0.0	0.0
10638	10.725474031327288	0.0	0.0	0.0	0.0	0.0	0.0	0.0	12.152697095435684	0.0	0.0	0.0	0.5253212396069539	0.0	0.0	0.0	15.087591240875913	0.0	0.0	0.0	0.0	0.0	0.0	0.0
10639	13.565693430656934	0.0	0.0	0.0	1.425531914893617	0.0	0.0	0.0	9.093617021276597	0.0	0.0	0.0	0.36879432624113473	0.5815602836879432	0.0	0.0	10.981818181818182	0.0	0.0	0.0	0.0	0.0	0.0	0.0
10640	8.918715504264927	0.0	0.0	0.0	0.0	0.0	0.0	0.0	10.090176322418136	0.0	0.0	0.0	0.0	0.3342002600780234	0.0	0.0	12.691675231243577	0.0	0.0	0.0	0.0	0.0	0.0	0.0
10641	12.168181818181818	0.0	0.9307637401855817	0.0	0.0	0.0	0.0	0.0	9.381143430290873	0.0	0.0	0.0	0.0	0.0	0.0	0.0	15.823909531502423	0.0	0.0	0.0	0.0	0.0	0.0	0.0
10642	8.744769874476987	0.0	0.0	0.0	0.0	0.0	0.0	0.0	5.0	0.0	0.0	0.0	0.0	0.0	0.0	0.0	4.281124497991968	0.0	0.0	0.0	0.0	0.0	0.0	0.0
10643	7.027322404371585	0.0	0.4371584699453552	0.0	0.0	0.0	0.0	0.0	11.438271604938272	1.9125683060109289	0.0	0.0	0.0	0.0	0.0	0.0	9.42962962962963	0.0	0.0	0.0	0.0	0.0	0.0	0.0
10644	9.8121387283237	0.0	0.31767337807606266	0.0	0.0	0.7919463087248322	0.0	0.0	8.835051546391753	0.0	0.0	0.0	0.0	0.0	0.0	0.0	8.491271820448878	0.0	1.0145631067961165	0.0	0.0	0.18344519015659955	0.0	0.0
10645	7.629737609329446	0.0	0.0	0.0	0.4883720930232558	0.0	0.0	0.0	6.641379310344828	0.0	0.0	0.0	0.0	0.0	0.0	0.0	16.666666666666668	0.0	0.0	0.0	0.0	0.0	0.0	0.0
10646	8.950757575757576	0.0	0.2912912912912913	0.0	0.0	0.0	0.0	0.0	5.485294117647059	0.0	0.0	0.0	0.0	0.0	0.0	0.0	11.20392156862745	0.0	0.0	0.0	0.0	0.0	0.0	0.0
10647	9.735249621785174	0.0	0.21476510067114093	0.0	1.64472049689441	0.17225950782997762	0.0	0.0	8.207762557077626	0.0	0.0	0.0	0.0	0.0	0.0	0.0	12.36860879904875	0.0	0.912751677852349	0.0	0.0	0.0	0.0	0.0
10648	9.796969696969697	0.0	0.0	0.0	0.960352422907489	0.0	0.0	0.0	6.4948301329394384	0.0	0.0	0.0	0.0	0.0	0.0	0.0	10.624413145539906	0.0	0.5814977973568282	0.0	0.0	0.0	0.0	0.0
10649	9.491477272727273	0.0	1.0141987829614605	0.0	0.0	0.0	0.0	0.0	7.21608040201005	0.0	0.0	0.0	0.0	0.0	0.0	0.0	15.448351648351649	0.0	0.0	0.0	0.0	0.0	0.0	0.45698924731182794
10650	8.662962962962963	0.11784511784511785	0.0	0.0	1.2892857142857144	0.0	0.0	0.0	0.0	0.0	0.0	0.0	0.0	0.0	0.0	0.0	4.730392156862745	0.0	0.0	0.0	0.0	0.0	0.0	0.0
10651	8.36627140974967	0.0	0.0	0.0	0.4580335731414868	0.0	0.0	0.0	10.446177847113885	0.0	0.0	0.0	0.0	0.0	0.0	0.0	17.091264667535853	0.0	0.0	0.0	0.0	0.0	0.0	0.0
10652	6.8053097345132745	0.0	0.0	0.0	0.0	0.0	0.0	0.0	8.47163120567376	0.0	0.0	0.0	0.0	0.0	0.0	0.0	14.254742547425474	0.0	0.7696476964769647	0.0	0.38482384823848237	0.13008130081300814	0.0	0.3252032520325203
10653	3.8914285714285715	0.0	0.0	0.0	0.0	0.0	0.0	0.0	1.994579945799458	0.0	0.0	0.0	0.0	0.0	0.0	0.0	3.9473684210526314	0.0	0.35772357723577236	0.0	0.0	0.0	0.0	0.0
10654	4.821428571428571	0.0	0.0	0.0	0.0	0.0	0.0	0.0	3.9583333333333335	0.0	0.0	0.0	0.0	0.0	0.0	0.0	4.46875	0.0	0.0	0.0	0.0	0.0	0.0	0.0
10655	8.90923317683881	0.0	0.0	0.0	0.0	0.0	0.0	0.0	9.772946859903382	0.07782101167315175	0.0	0.0	0.0	0.0	0.0	0.0	12.977430555555555	0.0	0.0	0.0	0.04669260700389105	0.0	0.0	0.0
10656	6.291005291005291	0.0	0.0	0.0	0.0	0.0	0.0	0.0	3.074074074074074	0.0	0.0	0.0	0.0	0.0	0.0	0.0	9.352941176470589	0.0	1.1058201058201058	0.0	0.0	0.0	0.0	0.0
10657	8.984615384615385	0.0	0.0	0.0	0.0	0.0	0.0	0.0	6.115168539325842	0.11794871794871795	0.0	0.0	1.2871794871794873	0.0	0.0	0.0	11.605670103092784	0.0	0.0	0.0	0.0	0.0	0.0	0.0
10658	10.722727272727273	0.0	0.03508771929824561	0.0	0.0	0.0	0.0	0.0	7.232558139534884	0.0	0.0	0.0	0.0	0.0	0.0	0.0	9.320652173913043	0.0	1.9342105263157894	0.0	0.0	0.0	0.0	0.0
10659	6.755697356426618	0.0	0.0	0.0	0.0	0.0	0.0	0.0	7.788571428571428	0.0	0.0	0.0	0.0	0.0	0.0	0.0	13.230836236933797	0.18679549114331723	0.8717504332755632	0.0	0.0	0.6457326892109501	0.0	0.0
10660	5.831325301204819	0.0	1.0843373493975903	0.0	0.0	0.0	0.0	0.0	6.223577235772358	0.0	0.0	0.0	0.0	0.37751004016064255	0.0	0.0	5.755813953488372	0.0	0.0	0.0	0.0	0.0	0.0	0.0
10661	13.356989247311828	0.0	0.0	0.0	0.3715277777777778	0.0	0.0	0.0	6.026785714285714	1.4965277777777777	0.0	0.0	0.0	0.3194444444444444	0.0	0.0	8.897654584221748	0.0	0.0	0.0	0.0	0.0	0.0	0.0
10662	10.402805611222444	0.0	1.0368271954674222	0.0	0.6861702127659575	0.0	0.0	0.0	5.144893111638955	0.0	0.0	0.0	0.0	0.0	0.0	0.0	8.941056910569106	0.0	0.0	0.0	0.0	0.0	0.0	0.0
10663	11.683257918552036	0.0	0.0	0.0	3.5048076923076925	0.0	0.0	0.0	6.479365079365079	0.0	0.0	0.0	0.0	0.0	0.0	0.0	11.885714285714286	0.0	1.0317460317460319	0.0	0.0	0.0	0.0	0.0
10664	4.853582554517134	0.0	0.0	0.0	0.0	0.0	0.0	0.0	7.0	0.0	0.0	0.0	0.0	0.0	0.0	0.0	16.080357142857142	0.0	1.0324074074074074	0.0	0.0	0.0	0.0	0.0
10665	11.20754716981132	0.0	0.75625	0.0	0.0	0.0	0.0	0.0	8.852578068264343	0.0	0.0	0.0	0.0	0.0	0.0	0.0	18.634663341645886	0.0	0.49666059502125076	0.0	0.2671523982999393	0.0	0.0	0.0
10666	5.669211195928753	0.0	0.0	0.0	0.0	0.0	0.0	0.0	10.815181518151816	0.0	0.0	0.0	0.0	0.5114503816793893	0.0	0.0	26.794117647058822	0.0	1.1577608142493638	0.0	0.0	0.0	0.0	0.0
10667	12.408577878103838	0.0	0.0	0.0	0.357429718875502	0.0	0.0	0.0	8.445344129554655	0.0	0.0	0.024096385542168676	0.0	0.06827309236947791	0.0	0.0	11.796296296296296	0.0	1.2349397590361446	0.0	0.0	0.0	0.0	0.0
10668	1.7002801120448179	0.0	0.0	0.0	0.0	0.0	0.0	0.0	3.848552338530067	0.0	0.0	0.0	0.0	0.0	0.0	0.0	8.31223628691983	0.0	0.0	0.0	0.0	0.0	0.0	0.0
10669	8.181069958847736	0.0	0.0	0.0	0.0	0.0	0.0	0.0	12.933333333333334	0.0	0.0	0.0	0.0	0.0	0.0	0.0	15.152439024390244	0.0	0.45267489711934156	0.0	0.0	0.0	0.0	0.0
10670	16.146341463414632	0.0	0.0	0.0	2.7049180327868854	0.0	0.0	0.0	9.923497267759563	0.0	0.0	0.0	0.0	0.0	0.0	0.0	11.236686390532544	0.0	0.0	0.0	0.0	0.0	0.0	0.0
10671	9.632860040567952	0.0	0.458005249343832	0.0	0.0	0.0	0.0	0.0	12.246696035242291	0.0	0.0	0.0	0.0	0.0	0.0	0.0	14.828083989501312	0.0	0.0	0.0	0.0	0.0	0.0	0.0
10672	10.321357285429142	0.0	0.0	0.0	0.0	0.0	0.0	0.0	11.941544885177453	0.2749778956675508	0.0	0.0	0.0	0.0	0.0	0.0	10.075154730327144	0.0	0.7692307692307693	0.0	0.0	1.4482758620689655	0.0	0.0
10673	11.412371134020619	0.0	0.0	0.0	1.1773472429210134	0.0	0.0	0.0	6.755960729312763	0.0	0.0	0.0	0.0	0.0	0.0	0.0	9.063186813186814	0.0	0.9392655367231638	0.0	0.0	0.13709677419354838	0.0	0.0
10674	18.182795698924732	0.2768817204301075	0.0	0.0	0.0	0.0	0.0	0.0	6.564315352697095	0.0	0.0	0.0	0.0	0.0	0.0	0.0	11.975609756097562	0.0	0.696236559139785	0.0	0.0	0.0	0.0	0.0
10675	9.954807692307693	0.0	0.5485133020344288	0.0	0.7230046948356808	0.0	0.0	0.0	11.623962040332147	0.0	0.0	0.0	0.24100156494522693	0.0	0.0	0.0	15.375569735642662	0.8364632237871674	0.9320882852292021	0.0	0.0	0.0	0.0	0.0
10676	6.665513264129181	0.0	0.0	0.0	0.0	0.0	0.0	0.0	9.063366336633663	0.0	0.0	0.0	0.0	0.0	0.0	0.0	14.397435897435898	0.0	0.0	0.0	0.0	0.0	0.0	0.0
10677	8.175686274509804	0.0	0.4470842332613391	0.0	1.195104391648668	0.0	0.0	0.0	8.901006711409396	0.8891288696904248	0.0	0.0	0.7113030957523399	0.0	0.0	0.0	13.34974533106961	0.0	0.0	0.0	0.0	0.0	0.0	0.0
10678	11.798305084745763	0.0	0.0	0.0	0.0	0.0	0.0	0.0	9.86748844375963	0.0	0.0	0.0	0.0	0.0	0.0	0.0	16.831360946745562	0.0	0.4778645833333333	0.0	0.0	0.0	0.0	0.0
10679	10.766233766233766	0.0	0.0	0.0	0.0	0.0	0.0	0.0	3.1578947368421053	0.0	0.0	0.0	0.0	0.0	0.0	0.0	13.37280701754386	0.0	0.4342105263157895	0.0	0.0	0.0	0.0	0.0
10680	14.05980471928397	0.0	0.0	0.0	0.0	0.0	0.0	0.0	11.374631268436579	0.0	0.0	0.0	0.0	0.0	0.0	0.0	16.630201028517998	0.0	0.0	0.0	0.0	0.0	0.0	0.0
10681	5.401606425702811	0.0	0.0	0.0	0.0	0.0	0.0	0.0	8.575221238938052	0.0	0.0	0.0	0.0	0.0	0.0	0.0	14.18954248366013	0.0	0.0	0.0	0.0	0.0	0.0	0.0
10682	9.991666666666667	0.0	0.0	0.0	0.0	0.0	0.0	0.0	7.1484375	0.0	0.0	0.0	0.0	0.32234432234432236	0.0	0.0	12.428571428571429	0.0	0.0	0.0	0.0	0.0	0.0	0.0
10683	6.601749714720426	0.0	0.0	0.0	0.8273287893541058	0.0	0.0	0.0	4.68546727048168	0.0	0.0	0.0	0.0	0.0	0.0	0.0	10.914503816793893	0.0	0.0	0.0	0.0	0.0	0.0	0.0
10684	7.765714285714286	0.0	0.0	0.0	0.0	0.0	0.0	0.0	9.336776859504132	1.2704761904761905	0.0	0.0	0.0	0.0	0.0	0.0	10.130977130977131	0.0	1.2802303262955854	0.0	0.0	0.8704761904761905	0.0	0.0
10685	7.09	0.0	0.0	0.0	0.0	0.0	0.0	0.0	5.504901960784314	0.0	0.0	0.0	0.0	0.0	0.0	0.0	8.490099009900991	0.0	0.27941176470588236	0.0	0.0	0.0	0.0	0.0
10686	9.032967032967033	0.0	0.0	0.0	0.0	0.0	0.0	0.0	8.097560975609756	0.0	0.0	0.0	2.0217391304347827	0.0	0.0	0.0	10.538461538461538	0.0	0.0	0.0	0.0	0.41545893719806765	0.0	0.0
10687	7.5078125	0.7838541666666666	0.0	0.0	0.033854166666666664	0.0	0.0	0.0	7.614243323442136	0.0	0.0	0.0	0.0	0.0	0.0	0.0	7.84452296819788	0.0	0.125	0.0	0.0	0.0	0.0	0.53125
10688	5.495268138801261	0.0	0.0	0.0	0.0	0.0	0.0	0.0	8.43730407523511	0.0	0.0	0.0	0.7912087912087912	0.0	0.0	0.0	5.47457627118644	0.0	0.0	0.0	0.0	0.0	0.0	0.0
10689	11.773584905660377	0.0	0.0	0.0	0.0	0.0	0.0	0.0	8.707920792079207	0.0	0.0	0.0	1.4285714285714286	1.880952380952381	0.0	0.0	13.804347826086957	0.0	0.7182539682539683	0.0	0.0	0.0	0.0	0.0
10690	9.583884780070067	0.0	0.0	0.0	0.0	0.0	0.0	0.0	7.600626468285043	0.0	0.0	0.0	0.0	0.0	0.0	0.0	13.109716744352815	0.0	0.7381381381381381	0.0	0.0	0.4165165165165165	0.0	0.0
10691	10.679169701383831	0.0	0.0	0.0	0.0	0.0	0.0	0.0	6.945674885081488	0.3517773306505701	0.0	0.0	0.0	0.0	0.0	0.0	13.301230377598642	0.0	1.0202679491583648	0.0	0.0	0.28101945003353457	0.0	0.0
10692	5.963809523809524	0.0	1.191553544494721	0.0	0.0	0.0	0.0	0.0	4.354497354497354	0.0	0.6742081447963801	0.0	0.0	0.0	0.0	0.0	10.89217758985201	0.0	0.0	0.0	0.0	0.0	0.0	0.0
10693	10.640625	0.0	0.4258474576271186	0.0	0.18596491228070175	0.0	0.0	0.0	7.449074074074074	0.0	0.0	0.0	0.0	0.0	0.0	0.0	22.126315789473683	0.0	1.7792452830188679	0.0	0.0	1.2162162162162162	0.0	0.0
10694	7.7819548872180455	0.0	1.139344262295082	0.0	0.0	0.0	0.0	0.0	13.280864197530864	0.0	0.0	0.0	1.0122950819672132	0.0	0.0	0.0	13.878086419753087	0.0	1.0669398907103824	0.0	0.0	0.3469945355191257	0.0	0.0
10695	6.667484662576687	0.0	0.0	0.0	0.0	0.0	0.0	0.0	9.152471083070452	0.0	0.0	0.0	0.0	0.0	0.0	0.0	12.118471337579617	0.0	0.0	0.0	0.3685800604229607	0.0	0.0	0.0
10696	6.958441558441558	0.0	1.1644204851752022	0.0	0.0	0.0	0.0	0.0	12.430921052631579	0.0	0.0	0.0	0.0	0.0	0.0	0.0	11.18599033816425	0.0	0.0	0.0	0.0	0.0	0.0	0.0
10697	1.0212765957446808	0.0	0.0	0.0	0.0	0.0	0.0	0.0	3.8395061728395063	0.0	0.0	0.0	0.0	0.0	0.0	0.0	5.349794238683128	0.0	0.0	0.0	0.0	0.0	0.0	0.0
10698	11.054761904761905	0.0	0.0	0.0	0.0	0.0	0.0	0.0	7.791304347826087	0.0	0.0	0.0	0.0	0.0	0.0	0.0	12.69249692496925	0.0	0.0	0.0	0.0	0.0	0.0	0.0
10699	11.200680272108844	0.0	0.0	0.0	0.5374149659863946	0.0	0.0	0.0	6.28428927680798	0.0	0.0	0.0	1.0272108843537415	0.0	0.0	0.0	9.005037783375315	0.0	0.0	0.0	0.0	0.0	0.0	0.0
10700	6.827882960413081	0.0	0.0	0.0	0.0	0.0	0.0	0.0	11.888726207906295	0.0	0.0	0.0	0.0	0.0	0.0	0.0	15.282766990291263	0.0	1.196551724137931	0.0	0.0	0.0	0.0	0.0
10701	8.88896797153025	0.0	0.0	0.0	0.0	0.0	0.0	0.0	9.572611464968153	0.0	0.0	0.0	0.0	0.018422567645365574	0.0	0.0	12.63196776359973	0.0	1.2095567069660333	0.0	0.18192285549798504	0.0	0.0	0.0
10702	7.717528373266078	0.0	0.6934523809523809	0.0	0.3253968253968254	0.4087301587301587	0.0	0.0	9.740698985343856	0.0	0.0	0.0	0.0	0.0	0.0	0.0	13.031487513572204	0.0	0.8133022170361727	0.0	0.0	0.0	0.0	0.0
10703	11.174825174825175	0.0	0.0	0.0	0.0	0.0	0.0	0.0	10.523668639053254	0.0	0.0	0.0	0.3232876712328767	0.0	0.0	0.0	14.212121212121213	0.0	0.7589041095890411	0.0	0.0	0.0	0.0	0.0
10704	7.882896764252696	0.0	0.0	0.0	0.26383526383526384	0.0	0.0	0.0	6.196356275303644	0.0	0.0	0.0	0.0	0.0	0.0	0.0	17.957241379310346	0.0	0.0	0.0	0.0	0.0	0.0	0.0
10705	11.060931899641577	0.0	0.0	0.0	0.0	0.0	0.0	0.0	7.644132653061225	0.0	0.0	0.0	0.9752720079129574	0.0	0.0	0.0	12.003314917127073	0.0	0.4394366197183099	0.0	0.0	0.0	0.0	0.0
10706	11.452292441140024	0.0	0.0	0.0	0.2680652680652681	0.0	0.0	0.0	9.23887587822014	0.0	0.0	0.0	0.10606060606060606	0.0	0.0	0.0	12.05777166437414	0.0	0.5524475524475524	0.0	0.0	0.0	0.0	0.0
10707	12.458119658119658	0.0	0.0	0.0	0.0	0.0	0.0	0.0	8.51261620185923	0.0	0.0	0.0	0.0	0.0	0.0	0.0	7.897615708274895	0.0	0.8005865102639296	0.0	0.4116865869853918	0.0	0.0	0.0
10708	9.337942955920484	0.0	0.0	0.0	0.0	0.0	0.0	0.0	8.629843363561418	0.030448717948717948	0.0	0.20512820512820512	0.7756410256410257	0.0	0.0	0.0	10.844465648854962	0.0	1.246288209606987	0.0	0.36378205128205127	0.0	0.0	0.0
10709	6.6158192090395485	0.0	0.0	0.0	0.0	0.0	0.0	0.0	8.454545454545455	0.0	0.0	0.0	0.0	0.0	0.0	0.0	19.243119266055047	0.0	0.0	0.0	0.0	0.0	0.0	0.0
10710	7.476851851851852	0.0	0.5537974683544303	0.0	0.38125	0.12916666666666668	0.0	0.0	9.420091324200913	0.0	0.0	0.0	0.0	0.0	0.0	0.0	13.210290827740492	0.0	0.7979166666666667	0.0	0.0	0.5020833333333333	0.0	0.0
10711	3.8891402714932126	0.0	0.9333333333333333	0.0	0.0	0.0	0.0	0.0	8.268976897689768	0.0	0.0	0.0	0.0	0.596	0.0	0.0	13.06709265175719	0.3453333333333333	0.9084302325581395	0.0	0.0	0.0	0.0	0.0
10712	14.895053475935828	0.0	0.8222826086956522	0.0	0.0	0.0	0.0	0.0	5.852941176470588	0.0	0.0	0.0	0.0	0.0	0.0	0.0	19.30206378986867	0.0	0.7948877805486284	0.0	0.0	0.0	0.0	0.0
10713	0.0	0.0	0.0	0.0	0.0	0.0	0.0	0.0	0.0	0.0	0.0	0.0	0.978494623655914	0.0	0.0	0.0	2.4244186046511627	0.0	0.0	0.0	0.0	0.0	0.0	0.0
10714	10.42152466367713	0.0	0.0	0.0	0.0	0.0	0.0	0.0	6.3049040511727075	0.0	0.0	0.0	0.0	0.0	0.0	0.0	18.49785407725322	0.0	0.0	0.0	0.0	0.0	0.0	0.0
10715	6.698600645855759	0.0	0.0	0.0	0.44499178981937604	0.0	0.0	0.0	8.94589720468891	0.0	0.0	0.0	0.38095238095238093	0.0	0.0	0.0	15.135826771653543	0.0	0.19704433497536947	0.0	0.0	0.0	0.0	0.0
10716	4.750204081632653	0.11465451784358391	0.0	0.0	0.0	0.0	0.0	0.0	8.68615984405458	0.0	0.0	0.0	0.0	0.0	0.0	0.0	16.0	0.0	0.0	0.0	0.0	0.0	0.0	0.0
10717	1.7027027027027026	0.0	0.8270042194092827	0.0	0.0	0.0	0.0	0.0	6.27906976744186	0.0	0.0	0.0	2.021097046413502	0.0	0.0	0.0	7.941520467836257	0.0	0.0	0.0	0.0	0.0	0.0	0.0
10718	1.0	0.0	0.0	0.0	0.0	0.0	0.0	0.0	5.2905982905982905	0.0	0.0	0.0	0.0	0.0	0.0	0.0	10.854700854700855	0.0	0.0	0.0	0.0	0.0	0.0	0.0
10719	9.717391304347826	0.0	1.0311850311850312	0.0	1.5853658536585367	0.0	0.0	0.0	6.333333333333333	0.0	0.0	0.0	0.0	0.0	0.0	0.0	18.691176470588236	0.0	0.0	0.0	0.0	0.0	0.0	0.0
10720	2.6621621621621623	0.0	0.0	0.0	0.0	0.0	0.0	0.0	12.404494382022472	0.0	0.0	0.0	0.0	0.0	0.0	0.0	8.045045045045045	0.0	0.0	0.0	0.0	0.0	0.0	0.0
10721	6.696349065004452	0.0	0.0	0.0	0.0	0.0	0.0	0.0	9.300877192982457	0.0	0.0	0.0	0.0	0.0	0.0	0.0	12.128342245989305	0.0	0.0	0.0	0.0	0.0	0.0	0.0
10722	12.307609860664524	0.0	0.0	0.0	0.0	0.0	0.0	0.0	8.89602053915276	0.0	0.0	0.0	0.0	0.0	0.0	0.0	10.501246882793017	0.0	0.46624472573839665	0.0	0.0	0.0	0.0	0.0
10723	7.766749379652605	0.0	0.0	0.0	0.0	0.0	0.0	0.0	9.35112059765208	0.0	0.0	0.0	0.0	0.0	0.0	0.0	15.01044776119403	0.0	0.0	0.0	0.0	0.0	0.0	0.0
10724	12.794181818181817	0.0	1.1622539035980992	0.0	0.0	0.0	0.0	0.0	7.9243156199677935	0.0	0.0	0.0	0.0	0.0	0.0	0.0	12.194128787878787	0.04480651731160896	0.0	0.0	0.0	0.0	0.0	0.0
10725	9.53524004085802	0.0	1.4129213483146068	0.0	0.22191011235955055	0.0	0.0	0.0	9.842105263157896	0.0	0.0	0.0	0.0	0.0	0.0	0.0	17.034917555771095	0.0	0.0	0.0	0.0	0.0	0.0	0.0
10726	14.20021528525296	0.0	0.0	0.0	0.0	0.0	0.0	0.0	9.08	0.0	0.0	0.42597402597402595	0.0	0.0	0.0	0.0	15.572456320657759	0.0	0.0	0.0	0.0	0.0	0.0	0.0
10727	14.876590330788805	0.0	0.7274774774774775	0.0	0.0	0.0	0.0	0.0	8.32722143864598	0.0	0.0	0.0	0.0	0.0	0.0	0.0	13.080901856763926	0.0	0.0	0.0	0.0	0.9954954954954955	0.0	0.0
10728	16.208333333333332	0.0	0.0	0.0	0.0	0.0	0.0	0.0	20.205479452054796	0.0	0.0	0.0	1.3162393162393162	0.0	0.0	0.0	23.10909090909091	0.0	1.6837606837606838	0.0	0.0	0.13675213675213677	0.0	0.0
10729	10.153923541247485	0.0	0.0	0.0	0.0	0.0	0.0	0.0	7.690647482014389	0.0	0.0	0.0	0.0	0.0	0.0	0.0	12.031479538300104	0.0	0.7723367697594502	0.0	0.0	0.0	0.0	0.0
10730	10.824120603015075	0.0	0.0	0.0	0.0	0.0	0.0	0.0	2.8	0.37650602409638556	0.0	0.0	0.0	0.0	0.0	0.0	4.3841059602649	0.0	2.253623188405797	0.0	0.9371980676328503	0.0	0.0	0.0
10731	10.104651162790697	0.0	0.0	0.0	0.9780621572212066	0.0	0.0	0.0	8.244510978043913	0.14673452078032231	0.0	0.0	0.0	0.0	0.0	0.0	14.2516010978957	0.0	0.678030303030303	0.0	0.0	0.0	0.0	0.0
10732	11.910891089108912	0.0	0.5432098765432098	0.0	0.8604938271604938	0.011111111111111112	0.0	0.0	10.163487738419619	0.0	0.0	0.0	0.0	0.0	0.0	0.0	15.845375722543352	0.0	0.0	0.0	0.0	0.29506172839506173	0.0	0.0
10733	10.676954732510287	0.0	0.0	0.0	0.0	0.0	0.0	0.0	6.717884130982368	0.0	0.0	0.0	0.0	0.0	0.0	0.0	15.905434782608696	0.0	0.0	0.0	0.0	0.0	0.0	0.0
10734	14.112903225806452	0.0	0.0	0.0	0.0	0.0	0.0	0.0	3.7096774193548385	0.0	0.0	0.0	1.118279569892473	0.010638297872340425	0.0	0.0	12.903225806451612	0.0	5.21301775147929	0.0	0.7096774193548387	0.0	0.0	0.0
10735	13.353424657534246	0.0	1.3768844221105527	0.0	0.0	0.0	0.0	0.0	8.761256544502618	0.0	0.0	0.0	0.0	0.0	0.0	0.0	12.923002887391723	0.0	0.9526785714285714	0.0	0.0	0.3316582914572864	0.0	0.0
10736	8.850299401197605	0.0	0.0	0.0	0.0	0.0	0.0	0.0	8.374829001367988	0.0	0.0	0.0	0.0	0.0	0.0	0.0	12.893895348837209	0.0	0.0	0.0	0.0	0.8321428571428572	0.0	0.0
10737	4.883629191321499	0.0	0.0	0.0	0.0	0.0	0.0	0.0	5.722222222222222	0.0	0.0	0.0	0.0	0.0	0.0	0.0	7.650563607085346	0.0	0.0	0.0	0.0	0.0	0.0	0.0
10738	10.978678038379531	0.0	0.0	0.0	0.0	0.0	0.0	0.0	10.660442600276625	0.0	0.0	0.0	0.0	0.0	0.0	0.0	13.607709750566894	0.0	0.0	0.0	0.0	0.0	0.0	0.0
10739	5.089700996677741	0.0	0.0	0.0	2.4958677685950414	0.0	0.0	0.0	4.259574468085106	0.0	0.0	0.0	0.2975206611570248	0.07713498622589532	0.0	0.0	11.647382920110193	0.0	0.0	0.0	0.0	0.0	0.0	0.0
10740	1.9339449541284404	0.0	0.0	0.0	0.0	0.0	0.0	0.0	3.581056466302368	0.0	0.0	0.0	0.0	0.0	0.0	0.0	5.0	0.0	0.0	0.0	0.0	0.0	0.0	1.3479052823315119
10741	22.040723981900452	0.0	0.0	0.0	0.0	0.0	0.0	0.0	33.40625	0.0	0.0	0.0	0.0	5.380645161290323	0.0	0.0	30.24888888888889	0.0	0.0	1.1733333333333333	0.0	4.734375	0.0	0.0
10742	9.048387096774194	0.0	0.0	0.0	0.0	0.0	0.0	0.0	10.305882352941177	1.689922480620155	0.0	0.0	1.2248062015503876	0.0	0.0	0.0	21.97752808988764	0.0	2.5891472868217056	0.0	0.0	0.0	0.0	0.0
10743	18.33492822966507	0.0	1.1111111111111112	0.0	1.4444444444444444	0.0	0.0	0.0	12.186147186147187	1.8477366255144032	0.0	0.0	0.0	0.0	0.0	0.0	25.26923076923077	0.0	0.7942386831275721	0.0	0.0	0.0	0.0	0.0
10744	18.139107611548557	0.0	0.9202898550724637	0.0	0.0	0.0	0.0	0.0	12.115853658536585	0.0	0.0	0.0	0.0	0.0	0.0	0.0	19.37386018237082	0.0	0.0	0.0	0.14492753623188406	1.0076530612244898	0.0	0.0
10745	0.0	0.0	0.0	0.0	0.0	0.0	0.0	0.0	4.2272727272727275	0.0	0.0	0.0	0.0	0.0	0.0	0.0	3.5454545454545454	0.0	0.0	0.0	0.0	0.0	0.0	0.0
10746	8.186842105263159	0.0	0.0	0.0	0.3877068557919622	0.0	0.0	0.0	9.107033639143731	0.0	0.0	0.0	0.0	0.0	0.0	0.0	6.873134328358209	0.0	0.0	0.0	0.0	0.0	0.0	0.0
10747	7.262755102040816	0.0	0.6433333333333333	0.0	0.0	0.0	0.0	0.0	8.787234042553191	0.0	0.0	0.0	0.0	0.0	0.0	0.0	13.231775700934579	0.0	1.5416666666666667	0.0	0.0	0.0	0.0	0.0
10748	7.756152125279642	0.0	0.0	0.0	0.0	0.0	0.0	0.0	5.756038647342995	0.0	0.3401709401709402	0.0	0.5931623931623932	0.0	0.0	0.0	18.216814159292035	0.0	0.0	0.0	0.0	0.0	0.0	0.0
10749	11.321239606953892	0.0	0.0	0.0	0.0	0.0	0.0	0.0	8.796109993293092	0.0	0.0	0.0	0.0	0.0	0.0	0.0	12.85960960960961	0.0	2.073873873873874	0.0	0.0	0.0	0.0	0.0
10750	4.942857142857143	0.0	1.4039548022598871	0.0	0.0	0.0	0.0	0.0	9.373371924746744	0.0	0.0	0.6450381679389313	0.0	0.0	0.0	0.0	8.738574040219378	0.0	0.0	0.0	0.0	0.5814249363867684	0.0	0.0
10751	6.233128834355829	0.0	0.4138418079096045	0.0	0.0	0.0	0.0	0.0	6.649056603773585	0.0	0.0	0.0	0.0	0.0	0.0	0.0	18.36704730831974	0.0	1.703125	0.0	0.0	0.0	0.0	0.0
10752	8.133099824868651	0.0	0.737603305785124	0.0	0.6278026905829597	0.0	0.0	0.0	7.956140350877193	0.0	0.0	0.0	0.0	0.0	0.0	0.0	13.272189349112425	0.0	0.0	0.0	0.0	0.0	0.0	0.0
10753	8.022916666666667	0.0	0.0	0.0	0.0	0.0	0.0	0.0	11.210526315789474	0.0	0.0	0.0	0.0	0.3645320197044335	0.0	0.0	9.03740157480315	0.0	0.0	0.0	0.0	1.2429577464788732	0.0	0.0
10754	9.900503778337532	0.0	0.0	0.0	0.08360836083608361	0.2376237623762376	0.0	0.0	8.725467289719626	0.0	0.0	0.0	0.0	0.0	0.0	0.0	10.042335766423358	0.0	1.9906759906759908	0.0	0.0	0.36303630363036304	0.0	0.0
10755	12.331138287864535	0.0	0.0	0.0	0.0	0.1394275161588181	0.0	0.0	7.9315738025415445	0.0	0.0	0.0	0.0	0.0	0.0	0.0	15.572639225181598	0.0	0.0	0.0	0.0	0.8356417359187442	0.0	0.0
10756	11.662882096069868	0.0	0.0	0.0	0.0	0.0	0.0	0.0	10.436643835616438	0.0	0.0	0.0	0.0	0.21401077752117012	0.0	0.0	8.803792250618303	0.0	1.1500789889415481	0.0	0.0	0.0	0.04157043879907621	0.0
10757	6.030985915492958	0.0	0.0	0.0	0.3709090909090909	0.3296969696969697	0.0	0.0	7.8330275229357795	0.0	0.0	0.0	0.0	0.0	0.0	0.0	10.89145183175034	0.0	1.023030303030303	0.0	0.0	0.0	0.0	0.0
10758	4.935897435897436	0.0	0.0	0.0	0.0	0.0	0.0	0.0	7.75	0.0	0.0	1.4615384615384615	0.0	0.5897435897435898	0.0	0.0	5.65	0.0	0.0	0.0	0.0	0.0	0.0	0.0
10759	8.599765258215962	0.0	0.0	0.0	0.0	0.0	0.0	0.0	7.873991935483871	0.25621251071122536	0.0	0.0	0.0	0.0	0.0	0.0	10.771305285868392	0.0	0.0	0.0	0.0	0.0	0.0	0.0
10760	8.129321382842509	0.0	0.0	0.0	0.1901840490797546	0.0	0.0	0.0	6.99057714958775	0.0	0.0	0.0	0.0	0.0	0.0	0.0	14.198589894242069	0.0	0.522189349112426	0.0	0.0	0.0	0.0	0.0
10761	8.329787234042554	0.0	0.8289085545722714	0.0	0.0	0.0	0.0	0.0	5.791666666666667	0.0	0.0	0.0	0.0	0.8908554572271387	0.0	0.0	11.709401709401709	0.0	0.0	0.0	0.0	0.0	0.0	0.0
10762	5.971223021582734	0.0	1.8051948051948052	0.0	0.0	0.0	0.0	0.0	4.567099567099567	0.0	0.0	0.0	0.0	0.0	0.0	0.0	15.9	0.0	0.0	0.0	0.0	0.0	0.0	0.0
10763	10.078333333333333	0.0	0.0	0.0	0.056666666666666664	0.0	0.0	0.0	10.811418685121108	0.0	0.0	0.0	0.0	0.0	0.0	0.0	13.86785009861933	0.0	0.4716666666666667	0.0	0.0	0.0	0.0	0.0
10764	11.143086816720258	0.0	0.0	0.0	0.0	0.0	0.0	0.0	8.926997245179063	0.0	0.0	0.0	0.0	0.0	0.0	0.0	15.205521472392638	0.0	0.0	0.0	0.0	0.0	0.0	0.0
10765	4.038759689922481	0.0	0.7984496124031008	0.0	0.0	0.0	0.0	0.0	4.496124031007752	0.0	0.0	0.0	0.0	0.0	0.0	0.0	6.024489795918368	0.0	0.01937984496124031	0.0	0.0	0.0	0.0	0.0
10766	11.161643835616438	0.0	0.0	0.0	1.986842105263158	0.0	0.0	0.0	9.29438202247191	0.0	0.0	0.0	0.6242424242424243	0.0	0.0	0.0	16.957894736842107	0.0	0.0	0.0	0.0	0.0	0.0	0.0
10767	4.405267008046818	1.4129736673089275	2.7835186396337477	0.0	1.482620320855615	0.0	0.0	0.0	3.7997118155619596	3.730964467005076	1.9676923076923076	0.0	1.450207468879668	2.0184804928131417	0.0	0.0	6.290605794556629	0.9858702633269107	3.9500984898227185	0.0	0.0	2.086705202312139	0.0	0.0
10768	7.949008498583569	2.6840277777777777	1.6012731481481481	0.0	0.7864583333333334	0.0	0.0	0.0	4.054263565891473	4.774846625766871	0.0	0.0	2.2878504672897195	1.7789351851851851	0.0	0.0	2.055357142857143	2.201917315757939	3.8252199413489736	0.0	0.0	2.1053639846743293	0.0	0.0
10769	12.348703170028818	0.0	1.9024390243902438	0.0	0.0	0.0	0.0	0.0	4.166666666666667	5.8217522658610275	1.7425474254742548	0.0	0.34146341463414637	2.3712737127371275	0.0	0.0	5.102981029810298	2.785211267605634	3.388888888888889	0.35772357723577236	0.0	1.1165311653116532	0.0	0.8184281842818428
10770	8.776371308016877	1.3333333333333333	0.9966996699669967	0.0	1.811881188118812	0.0	0.0	0.0	2.943894389438944	2.5860927152317883	0.9867986798679867	0.0	6.7194719471947195	0.0	0.0	0.0	3.8583333333333334	2.3432343234323434	0.0	0.0	0.0	1.353135313531353	0.0	0.0
10771	4.726166328600406	1.1742808798646363	0.0	0.0	0.049069373942470386	1.953924914675768	0.0	0.0	3.17353579175705	3.7315436241610738	4.8689839572192515	0.0	0.0	0.0	0.0	0.0	4.890269151138717	1.1928934010152283	2.3472222222222223	0.0	0.0	1.4923857868020305	0.0	0.0
10772	0.0	0.0	0.0	0.0	0.0	0.0	0.0	0.0	0.0	0.0	0.0	0.0	0.0	0.0	0.0	0.0	0.0	0.0	0.0	0.0	0.0	0.0	0.0	0.0
10773	7.716129032258064	0.0	0.0	0.0	0.0	0.6738351254480287	0.0	0.0	6.523297491039426	0.0	0.0	0.0	0.0	0.0	0.0	0.0	19.272401433691755	0.0	0.0	0.0	0.0	0.0	0.0	0.0
10774	11.29171270718232	0.0	0.0	0.0	0.0	0.0	0.0	0.0	8.694933920704846	0.0	0.0	0.0	0.4292364990689013	0.0	0.0	0.0	9.72391304347826	0.0	1.0186219739292366	0.0	0.0	0.0	0.0	0.0
10775	9.503105590062113	0.0	0.0	0.0	0.0	0.0	0.0	0.0	9.612546125461254	0.0	0.0	0.0	0.0	0.0	0.0	0.0	16.193388429752066	0.0	1.0083333333333333	0.0	0.0	0.0	0.0	0.0
10776	10.485556238475722	0.0	0.0	0.0	0.0	0.0	0.0	0.0	7.054072096128171	0.0	0.0	0.0	0.0	0.0	0.0	0.0	10.976	0.0	0.0	0.0	0.0	0.0	0.0	0.0
10777	9.395770392749245	0.0	0.0	0.0	0.0	0.0	0.0	0.0	7.62890625	0.0	0.0	0.0	0.0	0.0	0.0	0.0	9.112540192926046	0.0	0.8823529411764706	0.0	0.0	0.0	0.0	0.05325034578146611
10778	10.236238532110091	0.0	0.0	0.0	0.0	0.0	0.0	0.0	6.9188481675392675	0.0	0.0	0.0	0.0	0.0	0.0	0.0	11.063461538461539	0.0	0.2211690363349131	0.0	0.0	0.0	0.0	0.0
10779	9.921985815602836	0.0	0.0	0.0	0.0	1.0378006872852235	0.0	0.0	9.615120274914089	0.0	0.0	0.0	0.0	0.0	0.0	0.0	9.900343642611684	0.0	2.9587628865979383	0.0	0.0	0.0	0.0	0.0
10780	5.371359223300971	0.0	0.880184331797235	0.0	0.0	0.0	0.0	0.0	5.722784810126583	0.0	0.0	0.0	0.9690721649484536	0.0	0.0	0.0	16.397014925373135	0.0	1.3862612612612613	0.0	0.0	0.0	0.0	0.04054054054054054
10781	0.9290780141843972	0.0	0.0	0.0	0.0	0.10638297872340426	0.0	0.0	11.502732240437158	0.0	0.0	0.0	0.0	0.0	0.0	0.0	10.220408163265306	0.0	0.0	0.0	0.0	0.0	0.0	0.0
10782	8.761764705882353	0.0	0.6533333333333333	0.0	0.0	0.0	0.0	0.0	9.904035874439462	0.0	0.0	0.0	0.0	0.0	0.0	0.0	12.736842105263158	0.0	0.755	0.0	0.0	0.0	0.0	0.0
10783	7.778225806451613	0.0	0.0	0.0	1.2147435897435896	0.0	0.0	0.0	6.6968325791855206	0.0	0.0	0.0	0.0	0.0	0.0	0.0	12.401574803149606	0.0	0.0	0.0	0.0	0.0	0.0	0.0
10784	8.840551181102363	0.0	0.0	0.0	1.0273504273504273	0.0	0.0	0.0	9.396330275229358	0.0	0.0	0.0	0.0	0.0	0.0	0.0	16.457905544147845	0.0	0.0	0.0	0.0	0.5897435897435898	0.0	0.0
10785	10.427541456380677	0.0	0.9232488822652757	0.0	0.4291845493562232	0.0	0.0	0.0	8.404743687834737	0.0	0.2918454935622318	0.0	0.0	0.0	0.0	0.0	21.542260208926876	0.0	0.8015665796344648	0.0	0.0	0.0	0.0	0.0
10786	17.354700854700855	0.0	0.0	0.0	0.0	0.0	0.0	0.0	11.505	0.0	0.0	0.0	1.8985507246376812	0.0	0.0	0.0	6.524038461538462	0.0	0.42028985507246375	0.0	0.0	0.0	0.0	0.0
10787	6.518367346938776	0.0	0.0	0.0	0.6360153256704981	0.0	0.0	0.0	7.04739336492891	0.0	2.0651340996168583	0.0	0.06130268199233716	0.0	0.0	0.0	24.28054298642534	0.0	1.6475095785440612	0.0	0.0	0.0	0.0	0.0
10788	6.975062344139651	0.0	0.615686274509804	0.0	0.0	0.0	0.0	0.0	8.056155507559396	0.4647058823529412	0.0784313725490196	0.0	0.592156862745098	0.0	0.0	0.0	10.77	0.0	0.0	0.0	0.0	0.0	0.0	0.0
10789	14.854077253218884	0.0	0.0	0.0	0.0	0.0	0.0	0.0	10.755733944954128	0.0	0.0	0.0	0.0	0.0	0.0	0.0	15.388471177944862	0.0	0.764102564102564	0.0	0.0	0.0	0.0	0.0
10790	11.465811965811966	0.0	0.0	0.0	0.0	0.0	0.0	0.0	6.32051282051282	0.0	0.0	0.0	0.0	0.0	0.0	0.0	22.958715596330276	0.0	2.0256410256410255	0.0	0.0	0.0	0.0	0.0
10791	5.787545787545787	0.0	1.0591397849462365	0.0	0.0	0.0	0.0	0.0	11.152354570637119	0.0	0.0	0.0	0.0	0.0	0.0	0.0	11.311355311355312	0.0	2.6652542372881354	0.0	0.0	0.0	0.0	0.0
10792	7.517992424242424	0.0	0.3297796730632552	0.0	0.0	0.0	0.0	0.0	8.651183970856103	0.0	0.0	0.0	0.0	0.0	0.0	0.0	13.444790046656298	0.0	1.0319829424307037	0.0	0.0	0.0	0.0	0.0
10793	8.44778761061947	0.0	0.0	0.0	1.8112359550561798	0.0	0.0	0.0	5.24750499001996	0.3280701754385965	0.0	0.0	0.0	1.015929203539823	0.0	0.0	19.75222816399287	0.0	0.0	0.0	0.0	0.0	0.0	0.0
10794	13.495192307692308	0.0	0.0	0.0	1.1141975308641976	0.0	0.0	0.0	11.50128095644748	0.0	0.0	0.0	0.0	0.0	0.0	0.0	14.485739750445633	0.0	0.0	0.0	0.0	0.0	0.0	0.0
10795	13.974820143884893	0.0	0.0	0.0	3.3209876543209877	0.0	0.0	0.0	12.224334600760455	0.0	0.0	0.0	0.0	0.9228395061728395	0.0	0.0	14.232209737827715	0.0	0.0	0.0	0.0	0.0	0.0	0.0
10796	11.666666666666666	0.0	0.0	0.0	0.5847953216374269	0.0	0.0	0.0	13.99074074074074	0.0	0.0	0.0	0.0	0.0	0.0	0.0	16.8796992481203	0.0	0.0	0.0	0.0	1.1754385964912282	0.0	0.0
10797	8.209821428571429	0.0	0.0	0.0	1.503875968992248	0.0	0.0	0.0	10.652719665271967	0.0	0.0	0.8875968992248062	0.0	0.0	0.0	0.0	19.342629482071715	0.49612403100775193	0.0	0.0	1.0	0.0	0.0	0.0
10798	6.957746478873239	0.0	0.0	0.0	0.15492957746478872	0.0	0.0	0.0	14.104938271604938	0.0	0.0	0.0	0.0	0.0	0.0	0.0	8.494047619047619	0.0	0.0	0.0	0.0	0.0	0.0	0.0
10799	11.208333333333334	0.0	0.0	0.0	0.2152777777777778	0.0	0.0	0.0	11.15702479338843	0.4791666666666667	0.0	0.0	0.7916666666666666	2.375	0.0	0.0	7.428571428571429	0.0	0.0	0.0	0.0	0.0	0.0	0.0
10800	11.192019950124688	0.0	1.06640625	0.0	0.7577519379844961	0.0	0.0	0.0	13.0968992248062	0.0	0.0	0.0	0.0	0.0	0.0	0.0	7.275488069414317	0.0	0.0	0.0	0.0	0.0	0.0	0.0
10801	26.582781456953644	0.0	1.21875	0.0	0.0	0.0	0.0	0.0	9.213872832369942	0.7291666666666666	0.0	0.0	0.0	0.0	0.0	0.0	10.4375	0.0	0.578125	0.0	0.0	0.0	0.0	0.0
10802	19.572254335260116	0.0	1.1875	0.0	0.0	0.0	0.0	0.0	9.341772151898734	0.0	0.0	0.0	0.0	0.0	0.0	0.0	16.366666666666667	0.0	0.0	0.0	0.0	0.0	0.0	0.0
10803	10.963599595551061	0.0	0.0	0.0	1.1531165311653115	0.0	0.0	0.0	10.230947955390334	0.0	0.0	0.0	0.2926829268292683	0.0	0.0	0.0	12.56860592755214	0.006323396567299007	0.0	0.0	0.0	0.0	0.0	0.0
10804	11.578754578754578	0.0	2.0082304526748973	0.0	1.0551626591230552	0.0	0.0	0.0	11.146086956521739	0.0	0.0	0.0	0.0	0.0	0.0	0.0	13.11470113085622	0.0	0.0	0.0	0.0	0.0	0.0	0.0
10805	10.922976501305483	0.0	0.0	0.0	0.0	0.0	0.0	0.0	8.671515151515152	0.0	0.0	0.0	0.0	0.0	0.0	0.0	10.745992601726265	0.0	0.7417218543046358	0.0	0.006622516556291391	0.0	0.0	0.0
10806	11.40421052631579	2.8040201005025125	3.316780821917808	1.4136752136752138	0.7393258426966293	0.0	1.547008547008547	0.0	9.44957264957265	6.9690522243713735	3.649193548387097	0.9880341880341881	2.2883435582822087	6.589686098654709	0.0	2.3155737704918034	13.03968253968254	3.3794871794871795	5.87914691943128	5.7921478060046185	1.005639097744361	4.557235421166307	1.4135802469135803	3.2623655913978493
10807	1.8601398601398602	2.276923076923077	1.9538461538461538	0.0	0.37435897435897436	0.0	0.0	0.0	3.4571428571428573	1.241025641025641	0.07692307692307693	0.0	2.5128205128205128	1.3743589743589744	0.0	0.041025641025641026	7.975903614457831	0.0	0.9179487179487179	0.0	0.0	0.17435897435897435	0.13333333333333333	0.2205128205128205
10808	7.956730769230769	0.0	0.0	0.0	0.0	0.0	0.0	0.0	5.126829268292683	2.982456140350877	0.6947368421052632	0.0	0.04912280701754386	0.0	0.0	0.0	7.952755905511811	0.0	0.0	0.0	0.0	0.0	0.0	0.0
10809	5.454545454545454	0.0	1.8383838383838385	0.0	0.0	0.0	0.0	0.0	2.6099585062240664	2.4444444444444446	0.0	0.0	0.0	0.0	0.0	0.0	6.348360655737705	0.5420875420875421	2.1818181818181817	0.0	0.0	0.0	0.0	0.0
10810	5.138709677419355	0.0	1.1111111111111112	0.0	0.0	0.0	0.0	0.0	1.3361823361823362	0.0	0.0	0.0	0.0	0.0	0.0	0.0	7.672297297297297	0.0	0.0	0.0	0.0	0.0	0.0	0.0
10811	16.224043715846996	0.0	0.6560693641618497	0.0	0.9725738396624473	0.0	0.0	0.0	12.907090464547677	0.07805907172995781	0.22573839662447256	0.0	0.0	0.0	0.0	0.0	17.02857142857143	0.0	0.0	0.0	0.0	0.0	0.0	0.0
10812	8.125338142470694	0.0	0.0	0.0	0.0	0.0	0.0	0.0	10.035523978685612	0.0	0.19936204146730463	0.0	0.0	0.0	0.0	0.0	14.390611902766135	0.0	0.8495013599274706	0.0	0.0	0.0	0.0	0.0
10813	12.0975	0.0	0.0	0.0	0.0	0.0	0.0	0.0	10.950617283950617	0.0	0.0	0.0	0.36419753086419754	0.0	0.0	0.0	15.440677966101696	0.0	0.0	0.0	0.0	1.4832962138084633	0.0	0.0
10814	13.942622950819672	0.0	0.0	0.0	0.0	0.0	0.0	0.0	5.439716312056738	0.0	0.0	0.0	0.12056737588652482	0.0	0.0	0.0	14.028571428571428	0.0	1.1134751773049645	0.0	0.0	0.0	0.0	0.0
10815	18.996031746031747	0.0	0.0	0.0	0.0	0.0	0.0	0.0	6.576719576719577	0.0	0.0	0.0	0.0	0.0	0.0	0.0	17.25925925925926	0.0	0.23754789272030652	0.0	0.0	0.0	0.0	0.0
10816	13.73224043715847	0.0	0.0	0.0	0.8205128205128205	0.0	0.0	0.0	11.648275862068965	0.0	0.0	0.0	0.0	0.0	0.0	0.0	9.459016393442623	1.1794871794871795	0.0	0.0	0.0	0.0	0.0	0.0
10817	10.881652104845115	0.0	0.0	0.0	0.1827956989247312	0.0	0.0	0.0	12.908140403286035	0.0	0.0	0.0	0.9603494623655914	0.0	0.0	0.0	18.353084415584416	0.0	0.0	0.0	0.0	0.0	0.0	0.0
10818	9.610147719974309	0.0	0.0	0.0	0.0	0.0	0.0	0.0	10.394698085419735	0.0	0.0	0.0	0.0	0.0	0.0	0.0	9.727486296006264	0.0	0.0	0.0	0.0	0.0	0.0	0.0
10819	7.145038167938932	0.0	0.0	0.0	0.95561850802644	0.0	0.0	0.0	10.927083333333334	0.5760151085930123	0.254957507082153	0.0	0.0	0.0	0.0	0.0	12.822529224229543	0.0	0.0	0.0	0.0	0.0	0.0	0.0
10820	2.9242424242424243	0.0	0.0	0.0	0.6818181818181818	0.0	0.0	0.0	2.484848484848485	0.0	0.0	0.0	0.0	0.0	0.0	0.0	12.896103896103897	0.0	0.0	0.0	0.0	0.0	0.0	0.0
10821	3.13953488372093	0.0	0.0	0.0	0.0	0.0	0.0	0.0	8.67741935483871	0.0	0.0	0.0	1.4222222222222223	0.0	0.0	0.0	4.2555555555555555	0.0	2.0	0.0	0.0	0.0	0.0	0.0
10822	7.916790490341754	0.0	0.6907378335949764	0.0	1.5878136200716846	0.0	0.0	0.0	7.785817655571635	0.0	0.4765258215962441	0.0	0.0	0.5997652582159625	0.0	0.0	13.048816568047338	0.0	0.810126582278481	0.0	0.0	1.3370013755158183	0.0	0.0
10823	3.8263157894736843	0.0	1.8455284552845528	0.0	0.0	0.0	0.0	0.0	7.472906403940887	0.0	0.9715447154471545	0.0	0.0	0.0	0.0	0.0	13.125	0.0	0.0	0.0	0.0	0.0	0.0	0.0
10824	8.789473684210526	0.0	0.8865248226950354	0.0	0.5815602836879432	0.0	0.0	0.0	13.123809523809523	0.0	0.425531914893617	0.0	0.0	0.0	0.0	0.0	13.23076923076923	0.0	0.0	0.0	0.0	0.0	0.0	0.0
10825	6.579055441478439	0.0	0.0	0.0	0.0	0.0	0.0	0.0	7.291925465838509	0.0	0.0	0.0	0.0	0.0	0.0	0.0	12.702702702702704	0.0	1.096085409252669	0.0	0.0	0.0	0.0	0.0
10826	10.829113924050633	0.029982363315696647	0.0	0.0	0.0	0.0	0.0	0.0	5.749464668094219	0.0	0.0	0.0	0.0	0.0	0.0	0.0	14.18809980806142	0.0	0.0	0.0	0.0	0.0	0.0	0.0
10827	1.626865671641791	0.0	0.0	0.0	0.0	0.0	0.0	0.0	3.3349056603773586	0.0	0.0	0.0	0.0	0.0	0.0	0.0	16.252199413489738	0.0	0.0	0.0	0.0	0.0	0.0	0.0
10828	5.361111111111111	0.0	0.0	0.0	0.0	0.0	0.0	0.0	5.083333333333333	0.0	0.0	0.0	0.0	0.0	0.0	0.0	9.07035175879397	0.0	2.1666666666666665	0.0	0.0	0.0	0.0	0.0
10829	4.606481481481482	0.0	1.945273631840796	0.0	0.0	0.0	0.0	0.0	4.840506329113924	0.0	0.0	0.0	0.0	0.0	0.0	0.0	5.86	0.0	0.8208955223880597	0.0	0.0	0.0	0.0	0.0
10830	8.23258426966292	0.0	0.0	0.0	0.0	0.0	0.0	0.0	11.370637785800241	0.0	0.0	0.0	0.0	0.0	0.0	0.0	13.886061946902656	0.0	0.0	0.0	0.0	0.0	0.0	0.0
10831	8.88150289017341	0.0	0.0	0.0	0.6067146282973621	0.0	0.0	0.0	9.141689373297003	0.0	0.0	0.0	0.0	0.0	0.0	0.0	9.588235294117647	0.0	0.0	0.0	0.0	3.060846560846561	0.0	0.0
10832	6.539227895392279	0.0	0.0	0.0	0.0	0.09191583610188261	0.0	0.0	6.953542392566783	0.0	0.0	0.3920265780730897	0.9263157894736842	0.0	0.0	0.0	7.08972503617945	0.0	0.0	0.0	0.0	0.0	0.0	0.0
10833	9.116788321167883	0.0	0.0	0.0	0.0	0.0	0.0	0.0	8.501436781609195	0.0	0.0	0.0	0.0	0.0	0.0	0.0	12.376271186440677	0.0	0.0	0.0	0.0	0.0	0.0	0.0
10834	11.631304347826086	0.0	0.0	0.0	0.0	0.47413793103448276	0.0	0.0	8.914782608695653	0.0	0.0	0.0	0.9655172413793104	0.031609195402298854	0.0	0.0	15.259437751004016	0.0	0.0	0.0	0.0	0.0	0.0	0.0
10835	8.315055762081784	0.0	0.0	0.0	0.793418647166362	0.0	0.0	0.0	8.86449864498645	0.0	0.0	0.0	0.02444987775061125	0.0	0.0	0.0	12.0458984375	0.0	0.0	0.0	0.0	0.0	0.0	0.0
10836	12.1953125	0.0	0.0	0.0	0.3187454412837345	0.0	0.0	0.0	8.041385135135135	0.0	0.0	0.0	0.6994894237782641	0.0	0.0	0.0	14.766164747564217	0.0	1.369672131147541	0.0	0.0	0.0	0.0	0.0
10837	6.110047846889952	0.0	0.0	0.0	0.0	0.0	0.0	0.0	3.816666666666667	0.0	0.0	0.0	3.6944444444444446	0.0	0.0	0.0	14.41062801932367	0.0	0.0	1.0324074074074074	0.0	0.0	0.0	0.0
10838	7.987134502923976	0.18882466281310212	0.0	0.0	0.12427745664739884	0.0	0.0	0.0	10.611405835543767	0.0	0.4527938342967245	0.0	0.0	0.0	0.0	0.0	12.217993079584774	0.0	0.8439306358381503	0.0	0.0	0.0	0.0	0.0
10839	9.951737451737452	0.0	0.0	0.0	0.0	0.0	0.0	0.0	9.987640449438203	0.3172043010752688	0.0	0.0	0.0	0.0	0.0	0.0	11.798882681564246	0.0	0.0	0.0	0.0	0.0	0.0	0.0
10840	5.9225181598062955	0.0	0.0	0.0	0.5851318944844125	0.0	0.0	0.0	11.993630573248408	0.0	0.03357314148681055	0.0	0.41247002398081534	0.0	0.0	0.0	5.57516339869281	0.0	0.0	0.0	0.0	0.0	0.0	0.0
10841	7.286616161616162	0.0	0.0	0.0	0.0	0.0	0.0	0.0	9.131360946745563	0.0	0.0	0.0	0.0	0.0	0.0	0.0	14.491549295774648	0.0	1.0064516129032257	0.0	0.0	0.2483221476510067	0.0	0.4272930648769575
10842	9.781578947368422	0.0	0.0	0.0	1.3996316758747698	0.0	0.0	0.0	7.838709677419355	0.0	0.0	0.0	0.0	0.0	0.0	0.0	12.0075	0.0	0.0	0.0	0.0	0.0	0.0	0.0
10843	8.030303030303031	0.0	0.0	0.0	0.0	0.0	0.0	0.0	6.453020134228188	0.0	0.0	0.0	0.0	0.0	0.0	0.0	10.03631284916201	0.0	1.7086614173228347	0.0	0.0	0.0	0.0	0.0
10844	11.221238938053098	0.0	0.0	0.0	0.0	0.0	0.0	0.0	8.61111111111111	0.0	0.0	0.0	0.4567901234567901	0.0	0.0	0.0	12.554179566563468	0.0	0.0	0.0	0.0	0.0	0.0	0.0
10845	9.505747126436782	0.0	0.0	0.0	0.0	0.0	0.0	0.0	5.7272727272727275	0.0	0.0	0.0	0.37373737373737376	0.0	0.0	0.0	13.480519480519481	0.0	0.0	0.0	0.0	1.4545454545454546	0.0	0.0
10846	8.402298850574713	0.0	1.9743589743589745	0.0	0.0	0.0	0.0	0.0	7.758241758241758	0.0	1.4981684981684982	0.0	0.23076923076923078	0.0	0.0	0.0	11.548672566371682	0.0	3.1274131274131274	0.0	0.0	0.0	0.0	0.0
10847	9.0625	0.0	0.6015625	0.0	0.0	0.0	0.0	0.0	7.3671875	0.0	0.2734375	0.0	0.0	0.0	0.0	0.0	15.091216216216216	0.0	0.11979166666666667	0.0	0.0	0.0	0.0	0.0
10848	10.871571072319203	0.0	0.0	0.0	0.0	0.0	0.0	0.0	3.776725304465494	0.0	0.25252525252525254	0.0	0.604040404040404	0.0	0.0	0.0	11.598002496878902	0.0	0.0	0.0	0.0	0.08080808080808081	0.0	0.0
10849	0.0	0.0	0.0	0.0	0.0	0.0	0.0	0.0	4.238095238095238	0.0	0.0	0.0	0.0	0.0	0.0	0.0	5.839285714285714	0.0	0.0	0.0	0.0	0.0	0.0	0.0
10850	9.536170212765958	0.0	0.0	0.0	0.0	0.0	0.0	0.0	8.783382789317507	0.0	0.0	0.0	0.0	0.0	0.0	0.0	17.71945701357466	0.0	0.0	0.0	0.0	0.0	0.0	0.0
10851	11.918546365914787	0.0	0.0	0.0	0.0	0.0	0.0	0.0	9.661521499448732	0.0	0.0	0.0	0.0	0.4887525562372188	0.0	0.0	11.48477466504263	0.0	0.19120654396728015	0.0	1.081799591002045	0.0	0.0	0.0
10852	11.10401891252955	0.20015576323987538	0.0	0.0	0.8839563862928349	0.0	0.0	0.0	11.91398783666377	0.0	0.0	0.0	0.29283489096573206	0.0	0.0	0.0	20.209386281588447	0.0	0.6870967741935484	0.0	0.0	0.0	0.0	0.0
10853	7.924471299093655	0.0	0.7787356321839081	0.0	0.0	0.0	0.0	0.0	11.486567164179105	0.5201149425287356	0.0	0.0	0.0	0.0	0.0	0.0	17.08026755852843	0.0	0.3333333333333333	0.0	0.0	1.293103448275862	0.0	0.0
10854	7.962732919254658	0.0	0.8054945054945055	0.0	0.0	0.0	0.0	0.0	8.211678832116789	0.0	0.0	0.23220973782771537	0.2762172284644195	0.0	0.0	0.0	12.548793284365162	0.0	0.0	0.0	0.0	0.0	0.0	0.0
10855	10.75423197492163	0.07664130741053818	0.27500704423781347	0.0	0.5128205128205128	0.0	0.0	0.0	6.5648904870872835	0.0	0.0	0.04508312200619893	0.0	0.0	0.0	0.0	14.046252532072923	0.0	0.0	0.0	0.0	0.0	0.0	0.0
10856	9.288490284005979	0.0	0.0	0.0	0.0	0.0	0.0	0.0	16.124770642201835	0.0	0.0	0.0	0.0	1.2745961820851688	0.0	0.0	7.990909090909091	0.0	1.333868378812199	0.0	0.0	0.0	0.0	0.0
10857	10.054166666666667	0.0	0.0	0.0	0.1736111111111111	0.0	0.0	0.0	6.809197651663405	0.0	0.0	0.0	0.0	0.0	0.0	0.0	14.677509293680297	0.0	1.0071301247771836	0.0	0.0	0.0	0.0	0.0
10858	11.015473887814313	0.0	1.3333333333333333	0.0	0.34929078014184395	0.0	0.0	0.0	13.402482269503546	0.0	0.0	0.0	0.0	0.0	0.0	0.0	14.016348773841962	0.0	0.0	0.0	0.0	1.8173758865248226	0.0	0.0
10859	12.715648854961833	0.0	0.392512077294686	0.0	0.3055555555555556	0.0	0.0	0.0	10.587583148558759	0.0	0.0	0.0	0.0	0.0	0.0	0.0	13.478918058870326	0.0	0.6660628019323671	0.0	0.0	0.0	0.0	0.0
10860	7.87960687960688	0.0	0.0	0.0	0.0	0.0	0.0	0.0	8.967084639498433	0.0	0.0	0.0	0.0	0.0	0.0	0.0	9.87062404870624	0.0	0.0	0.0	0.0	0.19675925925925927	0.0	0.0
10861	13.337837837837839	0.0	0.2571428571428571	0.0	0.6714285714285714	0.0	0.0	0.0	15.077324973876697	0.0	0.0019047619047619048	0.0	1.0133333333333334	1.0057142857142858	0.0	0.0	21.5097037793667	0.0	0.0	0.0	0.0	0.0	0.0	0.0
10862	10.11111111111111	0.0	0.8831615120274914	0.0	1.8006872852233677	0.9553264604810997	0.0	0.0	9.048582995951417	0.0	0.0	0.0	0.0	0.0	0.0	0.0	9.582417582417582	0.0	3.258964143426295	0.0	0.0	0.0	0.0	0.0
10863	13.792929292929292	0.0	0.0	0.0	0.9711111111111111	0.0	0.0	0.0	8.924242424242424	0.0	0.0	0.0	0.0	0.0	0.0	0.0	10.950292397660819	0.0	1.7622222222222221	0.0	0.0	0.9466666666666667	0.0	0.0
10864	11.458521870286576	0.0	0.0	0.0	0.0	0.0	0.0	0.0	7.152066115702479	0.0	0.0	0.0	0.7240896358543417	0.0	0.0	0.0	10.68135593220339	0.0	0.9719887955182073	0.0	0.0	0.0	0.0	0.0
10865	14.50924784217016	0.0	0.0	0.0	0.0	0.0	0.0	0.0	11.38695652173913	0.0	0.0	0.0	0.9241917502787068	0.5261984392419174	0.0	0.0	11.741813602015114	0.0	1.2028985507246377	0.0	0.0	0.0	0.0	0.0
10866	14.60483870967742	0.0	0.0	0.0	0.0	0.0	0.0	0.0	5.669975186104218	0.0	1.3225806451612903	0.0	0.0	0.0	0.0	0.0	22.17543859649123	0.0	4.053763440860215	0.0	0.0	0.0	0.0	0.0
10867	13.24791086350975	0.0	1.0696378830083566	0.0	0.0	0.0	0.0	0.0	9.569529652351738	0.0	0.0	0.0	0.37604456824512533	0.0	0.0	0.0	17.830526315789474	0.0	0.6991643454038997	0.0	0.0	0.9789674952198852	0.0	0.0
10868	8.61939520333681	0.0	0.0	0.0	0.5441039925719592	0.0	0.0	0.0	7.816698656429942	0.0	0.0	0.0	0.0	0.0	0.0	0.0	12.845250800426895	0.0	0.0	0.0	0.0	0.0	0.0	0.0
10869	12.724252491694353	0.0	0.17301038062283736	0.0	0.0	0.0	0.0	0.0	6.912256267409471	0.0	0.0	0.4290657439446367	0.0	0.0	0.0	0.0	12.583454281567489	0.0	0.0	0.0	0.0	0.0	0.0	0.0
10870	8.059633027522937	0.0	0.0	0.0	0.0	0.0	0.0	0.0	6.388888888888889	0.0	0.0	0.0	0.0	0.0	0.0	0.0	17.306698002350178	0.0	1.1880597014925374	0.0	0.0	0.0	0.0	0.0
10871	9.613573407202216	0.0	0.0	0.0	1.6994047619047619	0.0	0.0	0.0	11.478187919463087	0.0	0.0	0.0	0.0	0.0	0.0	0.0	12.841025641025642	0.0	0.44140625	0.0	0.0	0.0	0.0	0.0
10872	14.912380952380952	0.0	0.49117647058823527	0.0	0.0	0.0	0.0	0.0	11.444630872483222	0.10903426791277258	0.0	0.0	0.0	0.0	0.0	0.0	14.929219600725952	0.0	0.0	0.0	0.0	0.0	0.0	0.0
10873	7.518518518518518	0.0	0.0	0.0	0.0	0.0	0.0	0.0	4.992592592592593	0.0	0.0	0.0	0.8592592592592593	0.0	0.0	0.0	5.450381679389313	0.0	0.0	0.0	0.0	0.0	0.0	0.0
10874	6.154589371980676	0.0	1.1457286432160805	0.0	0.0	0.0	0.0	0.0	4.737891737891738	0.0	0.0	0.0	0.0	0.0	0.0	0.0	10.571052631578947	0.0	1.0458937198067633	0.0	0.0	0.0	0.0	0.0
10875	8.872509960159363	0.0	0.0	0.0	0.44126984126984126	0.0	0.0	0.0	4.978339350180505	0.0	0.0	0.0	0.0	0.0	0.0	0.0	19.778242677824267	0.0	1.0936507936507935	0.0	0.0	0.0	0.0	0.0
10876	12.890034364261169	0.0	0.0	0.0	0.0	0.0	0.0	0.0	7.3544303797468356	0.0	0.0	0.0	0.0	0.0	0.0	0.0	10.645833333333334	0.0	1.1666666666666667	0.0	0.0	0.0	0.0	0.0
10877	14.251256281407036	0.0	2.2824074074074074	0.0	0.0	0.0	0.0	0.0	8.83435582822086	0.0	0.0	0.0	1.2268518518518519	0.0	0.0	0.0	7.627450980392157	0.0	3.287037037037037	0.0	0.0	0.0	0.0	0.0
10878	10.370098039215685	0.0	0.26715686274509803	0.0	0.0	0.0	0.0	0.0	6.684039087947883	0.0	0.9338235294117647	0.0	0.0	0.0	0.0	0.0	15.307065217391305	0.0	2.281862745098039	0.0	0.0	0.0	0.0	0.0
10879	7.693737095664143	0.0	0.0	0.0	0.0	0.0005592841163310962	0.0	0.0	8.791806581598388	0.0	0.03467561521252797	0.0	0.0	0.5995525727069351	0.0	0.0	8.910749185667752	0.0	0.3271812080536913	0.0	0.0	0.0	0.0	0.0
10880	15.287581699346406	0.0	0.0	0.0	0.0	0.0	0.0	0.0	11.1	0.0	0.0	0.0	0.0	0.0	0.0	0.0	25.08641975308642	0.0	0.16071428571428573	0.0	0.0	0.0	0.0	0.0
10881	13.881918819188192	0.0	2.577049180327869	0.0	0.8286604361370716	0.29283489096573206	0.0	0.0	12.76771653543307	0.0	0.0	0.0	0.0	0.0	0.0	0.0	13.800738007380074	0.0	1.071651090342679	0.0	0.7414330218068536	0.0	0.0	0.0
10882	9.468053491827638	0.0	0.0	0.0	0.5207439198855508	0.0	0.0	0.0	12.076687116564417	0.0	0.0	0.11015736766809728	0.0	0.0	0.0	0.0	13.822669104204753	0.06151645207439199	0.0	0.0	0.0	0.0	0.0	0.0
10883	9.847577092511013	0.0	0.4130248500428449	0.0	0.0	0.0	0.0	0.0	11.590643274853802	0.0	0.0	0.0	0.0	0.0	0.0	0.0	10.692829457364342	0.0	0.0	0.0	0.0	0.766923736075407	0.0	0.0
10884	6.835164835164835	0.0	0.8333333333333334	0.0	0.0	0.0	0.0	0.0	8.360119047619047	0.0	0.0	0.0	0.0	0.0	0.0	0.0	9.970833333333333	0.0	0.4523809523809524	0.0	0.0	0.0	0.0	0.0
10885	11.92384105960265	0.0	1.4946236559139785	0.0	0.0	0.0	0.0	0.0	14.048951048951048	0.0	0.0	0.0	1.1370967741935485	0.0	0.0	0.0	22.23512747875354	0.9758064516129032	0.0	0.0	0.0	1.2741935483870968	0.0	0.0
10886	3.9950248756218905	0.0	1.2525879917184266	0.0	0.0	0.0	0.0	0.0	11.130232558139534	0.0	0.0	0.6542443064182195	0.0	0.9834368530020704	0.0	0.2318840579710145	13.143589743589743	0.0	2.506142506142506	0.0	0.0	0.0	0.0	0.6273291925465838
10887	5.777064955894146	0.0	0.43757575757575756	0.0	0.0	0.0	0.0	0.0	9.969565217391304	0.0	0.0	0.0	0.0	0.0	0.0	0.0	13.050445103857566	0.0	0.0	0.0	0.0	0.7266666666666667	0.0	0.0
10888	11.328708644610458	0.0	0.750788643533123	0.0	1.5679405520169851	0.0	0.0	0.0	11.25421822272216	0.0	0.0	0.0	0.3764458464773922	0.35331230283911674	0.0	0.0	11.092342342342342	0.0	0.0	0.0	0.0	0.0	0.0	0.0
10889	15.59356725146199	0.0	0.2868217054263566	0.0	0.0	0.0	0.0	0.0	8.599303135888501	0.0	0.0	0.0	0.0	0.0	0.0	0.0	13.992831541218639	0.0	1.875968992248062	0.0	0.0	0.0	0.0	0.0
10890	7.972727272727273	0.0	0.5416666666666666	0.0	0.8151041666666666	0.0	0.0	0.0	12.244791666666666	0.0	0.0	0.0	0.7578125	0.0	0.0	0.0	23.5546875	0.0	2.6875	0.0	0.0	0.09635416666666667	0.0	0.0
10891	7.1114369501466275	0.0	1.4128595600676819	0.0	0.0	0.0	0.0	0.0	11.978281397544853	0.0	0.0	0.0	0.467005076142132	0.0	0.0	0.0	14.244604316546763	0.0	0.0	0.0	0.0	0.0	0.0	0.0
10892	6.237986270022883	0.0	0.0	0.0	0.0	0.0	0.0	0.0	9.072398190045249	0.0	0.0	0.0	0.0	0.0	0.0	0.0	10.491954022988505	0.0	0.0	0.0	0.0	0.0	0.0	0.0
10893	12.071881606765327	0.0	0.0	0.0	0.0	0.0	0.0	0.0	7.851703406813627	0.0	0.0	0.0	0.9798534798534798	0.0	0.0	0.0	18.065263157894737	0.0	0.0	0.0	0.0	0.0	0.0	0.0
10894	10.780869565217392	0.0	0.0	0.0	0.0	0.0	0.0	0.0	8.120689655172415	0.0	0.0	0.0	0.0	0.0	0.0	0.0	13.570635410240593	0.0	0.442512077294686	0.0	0.0	0.0	0.0	0.0
10895	2.9047619047619047	0.0	0.0	0.0	0.0	0.0	0.0	0.0	7.822222222222222	0.0	0.0	0.0	1.4609929078014185	0.0	0.0	0.0	5.553191489361702	0.0	0.0	0.0	0.0	0.0	0.0	0.0
10896	8.504950495049505	0.0	0.0	0.0	0.0	0.0	0.0	0.0	10.782334384858045	0.0	0.0	0.0	0.0	0.0	0.0	0.0	15.323529411764707	0.0	0.0	0.0	0.1345565749235474	0.0	0.0	0.0
10897	7.924731182795699	0.0	0.0	0.0	0.0	0.0	0.0	0.0	9.125244618395303	0.0	0.9581239530988275	0.0	0.04020100502512563	0.0	0.0	0.0	12.34412955465587	0.0	0.49413735343383586	0.0	0.0	0.0	0.0	0.0
10898	4.743971631205674	0.0	0.0	0.0	0.0	0.0	0.0	0.0	7.125105663567202	0.0	0.0	0.0	0.0	0.0	0.0	0.0	10.842809364548495	0.0	0.0	0.0	0.0	0.0	0.0	0.0
10899	10.30958904109589	0.0	0.0	0.0	1.6767676767676767	0.0	0.0	0.0	11.043037974683545	0.0	2.2626262626262625	0.0	1.1691919191919191	0.0	0.0	0.0	23.381107491856678	0.0	1.8207070707070707	0.0	0.0	0.0	0.0	0.7070707070707071
10900	9.444444444444445	0.0	0.0	0.0	0.0	0.0	0.0	0.0	8.765100671140939	0.011866235167206042	0.0	0.0	0.0	0.0	0.0	0.0	11.477333333333334	0.0	1.8174778761061947	0.0	0.0	0.0	0.0	0.0
10901	14.603883495145631	0.0	1.97979797979798	0.0	0.0	0.0	0.0	0.0	7.490774907749078	0.0	0.0	0.0	2.3754208754208754	0.016835016835016835	0.0	0.0	11.882075471698114	0.0	1.1858864027538727	0.0	0.2996632996632997	0.0	0.0	0.0
10902	6.265151515151516	0.0	0.7722772277227723	0.0	0.0	1.628787878787879	0.0	0.0	0.0	0.0	0.0	0.0	0.0	0.0	0.0	0.0	6.886363636363637	0.0	0.0	0.0	0.0	0.0	0.0	0.0
10903	12.32183908045977	0.0	0.0	0.0	0.0	0.0	0.0	0.0	6.0	0.0	0.0	0.0	0.0	0.0	0.0	0.0	16.033816425120772	0.0	0.8237547892720306	0.0	0.0	0.6491228070175439	0.0	0.0
10904	8.920738327904452	0.0	0.0	0.0	0.3143881208397337	0.0	0.0	0.0	4.530399536768964	0.0	0.0	0.0	0.0	0.0	0.0	0.0	12.693655589123868	0.0	0.5586277521761392	0.0	0.0	0.0	0.0	0.0
10905	13.137373737373737	0.0	0.2686868686868687	0.0	0.0	0.0	0.0	0.0	9.20945945945946	0.0	0.0	0.0	0.6101010101010101	0.0	0.0	0.0	12.044917257683215	0.0	0.0	0.0	1.2181818181818183	0.0	0.0	0.0
10906	9.153571428571428	0.0	0.8910891089108911	0.0	0.0	0.0	0.0	0.0	10.13953488372093	0.0	0.0	0.0	0.0	0.3102310231023102	0.0	0.0	14.113138686131387	0.0	0.0	0.0	0.0	0.6435643564356436	0.0	0.0
10907	14.84	0.0	0.0	0.0	0.0	0.0	0.0	0.0	6.052816901408451	0.0	0.0	0.0	0.0	0.0	0.0	0.0	12.336898395721924	0.0	0.0	0.0	0.0	3.0	0.0	0.0
10908	6.103274559193955	0.0	1.4026845637583893	0.0	0.9082774049217002	0.0	0.0	0.0	9.157175398633257	1.1167883211678833	0.0	0.0	0.0	0.0	0.0	0.0	11.768878718535468	0.0	0.0	0.0	0.0	0.07158836689038031	0.0	0.0
10909	4.827586206896552	0.0	0.7666666666666667	0.0	0.0	0.0	0.0	0.0	13.305555555555555	1.5333333333333334	0.0	0.0	0.0	1.5333333333333334	0.0	0.0	6.2407407407407405	0.0	0.0	0.0	0.0	0.0	0.0	0.0
10910	4.918287937743191	0.0	0.8988095238095238	0.0	0.0	0.0	0.0	0.0	7.4523809523809526	0.0	0.0	0.0	0.0	0.0	0.0	0.0	3.4672619047619047	0.0	0.0	0.0	0.0	0.0	0.0	0.0
10911	3.89	0.0	0.0	0.0	2.4696969696969697	0.0	0.0	0.0	3.090909090909091	0.0	0.0	0.0	0.0	0.0	0.0	0.0	4.596899224806202	0.0	0.0	0.0	0.0	0.0	0.0	0.0
10912	9.761548064918852	0.0	0.0	0.0	0.29754601226993865	0.0	0.0	0.0	6.597982708933718	0.2883435582822086	0.0	0.0	0.0	0.0	0.0	0.0	12.447520184544405	0.3057259713701431	1.3169642857142858	0.0	0.0	0.0	0.0	0.0
10913	13.146911519198664	0.0	1.0235081374321882	0.0	0.0	0.0	0.0	0.0	7.537037037037037	0.0	0.0	0.0	1.4411276948590381	0.0	0.0	0.0	12.075885328836424	0.0	1.1019417475728155	0.0	0.0	0.0	0.0	0.0
10914	8.720754716981132	0.0	0.5622343655130541	0.0	0.0	0.0	0.0	0.0	8.533946251768034	0.0	0.0	0.0	0.0	0.0	0.0	0.0	13.945753033547467	0.0	0.7115968427443837	0.0	0.0	0.0	0.0	0.0
10915	4.041666666666667	0.0	0.0	0.0	0.0	0.0	0.0	0.0	1.8819444444444444	0.0	0.0	1.587962962962963	0.0	0.0	0.0	0.0	3.785	0.0	0.0	0.0	0.0	0.0	0.0	0.0
10916	2.369158878504673	0.0	0.0	0.0	0.0	0.0	0.0	0.0	7.485380116959064	0.0	0.0	0.0	0.0	0.0	0.0	0.0	11.017241379310345	0.0	3.2793296089385473	0.0	0.0	0.0	0.0	0.0
10917	19.924786324786325	0.0	0.0	0.0	0.6155115511551155	0.0	0.0	0.0	14.14874551971326	0.0	0.0	0.0	0.0	0.0	0.0	0.0	20.822265625	0.0	0.0	0.0	0.0	0.0	0.0	0.0
10918	6.451612903225806	0.0	0.0	0.0	0.0	0.0	0.0	0.0	2.705426356589147	0.0	0.0	0.0	0.0	1.9069767441860466	0.0	0.0	8.719626168224298	0.0	0.0	0.0	0.0	0.0	0.0	0.0
10919	7.211838006230529	0.0	0.9190031152647975	0.0	1.0529595015576323	0.0	0.0	0.0	12.18840579710145	0.0	0.0	0.5046728971962616	0.9065420560747663	0.8940809968847352	0.0	0.0	12.254019292604502	0.0	3.1090342679127727	0.0	0.0	0.0	0.0	0.573208722741433
10920	8.627218934911243	0.0	0.0	0.0	0.0	0.0	0.0	0.0	14.990610328638498	0.0	0.0	0.0	0.49777777777777776	0.0	0.0	0.0	19.6	0.0	0.0	0.0	0.0	0.8533333333333334	0.0	0.0
10921	5.813953488372093	0.0	0.0	0.0	0.0	0.0	0.0	0.0	3.8051948051948052	0.0	0.0	0.0	0.0	0.0	0.0	0.0	10.617021276595745	0.0	2.316017316017316	0.0	0.0	0.4199134199134199	0.0	0.0
10922	3.6515151515151514	0.5235690235690236	1.4050632911392404	0.0	0.0	0.0	0.0	0.0	5.798039215686274	2.0366132723112127	0.844	0.2474747474747475	0.0	1.6868686868686869	0.8175824175824176	3.112794612794613	11.74012474012474	3.9158249158249157	0.0	3.808080808080808	0.0	2.6026936026936025	0.0	1.6810176125244618
10923	5.883116883116883	0.0	2.3640350877192984	0.0	0.0	0.0	0.0	0.0	7.583333333333333	0.0	0.0	0.0	0.0	0.0	0.0	0.0	9.37719298245614	0.0	0.0	0.0	0.0	0.0	0.0	0.0
10924	4.372727272727273	0.0	2.4166666666666665	3.4545454545454546	0.0	2.507575757575758	0.0	0.0	9.824175824175825	11.977272727272727	3.893939393939394	2.840909090909091	3.5606060606060606	4.803030303030303	0.0	2.287878787878788	3.418181818181818	0.696969696969697	0.0	3.1968503937007875	2.0	3.312	0.0	10.049180327868852
10925	0.0	0.0	0.0	0.0	0.0	0.0	0.0	0.0	13.671140939597315	0.0	0.0	0.0	0.0	0.0	0.0	0.0	12.677777777777777	0.0	0.0	0.0	0.0	0.0	0.0	0.0
10926	2.763239875389408	0.0	2.0623052959501558	0.0	0.0	0.0	0.0	0.0	5.134831460674158	0.0	0.0	0.0	0.6355140186915887	0.7601246105919003	0.0	0.0	7.772093023255814	0.0	0.4392523364485981	0.0	0.0	0.0	0.0	0.0
10927	13.62962962962963	0.0	0.0	0.0	0.0	0.0	0.0	0.0	11.912087912087912	0.0	0.0	0.0	0.0	0.0	0.0	0.0	10.391089108910892	0.17592592592592593	0.0	0.0	0.0	0.06018518518518518	0.0	0.0
10928	10.366176470588234	0.0	1.8277153558052435	0.0	0.0	0.0	0.0	0.0	9.354515050167224	0.0	0.0	0.0	0.0	0.0	0.0	0.0	15.333333333333334	0.0	1.3287858117326057	0.0	0.011235955056179775	0.0	0.0	0.0
10929	6.15034965034965	0.0	0.0	0.0	0.0	0.0	0.0	0.0	15.7926267281106	0.0	0.0	0.0	0.0	0.0	0.0	0.0	13.069264069264069	0.0	0.872791519434629	0.0	0.0	0.0	0.0	0.0
10930	7.153846153846154	0.0	0.0	0.0	0.0	0.0	0.0	0.0	5.983471074380165	0.9649122807017544	0.0	0.0	0.0	0.0	0.0	0.0	13.89272030651341	0.0	0.2631578947368421	0.0	0.0	0.10175438596491228	0.0	0.0
10931	7.448441247002398	0.0	0.0	0.0	0.0	0.0	0.0	0.0	7.582329317269076	0.0	0.7340823970037453	0.0	0.0	0.0	0.0	0.0	22.22198275862069	0.0	0.0	0.0	0.5805243445692884	0.0	0.0	0.0
10932	8.369515011547344	0.0	0.2366255144032922	0.0	0.0	0.0	0.0	0.0	11.278131634819532	0.0	0.0	0.0	0.0	0.0	0.0	0.0	10.525333333333334	0.0	0.0	0.0	0.0	0.0	0.0	0.0
10933	11.733193277310924	0.0	1.0066666666666666	0.0	0.145	0.0	0.0	0.0	11.862	0.0	0.0	0.0	0.0	0.31333333333333335	0.0	0.0	12.614973262032086	1.1116666666666666	0.26166666666666666	0.0	0.0	0.7966666666666666	0.0	0.0
10934	7.865359477124183	0.0	0.0	0.0	0.0	0.0	0.0	0.0	9.748837209302325	0.0	0.0	0.0	0.8709677419354839	0.0	0.0	0.0	12.297486033519553	0.0	2.02258064516129	0.0	0.11827956989247312	0.0	0.0	0.0
10935	9.861209964412812	0.0	0.4057971014492754	0.0	1.4840579710144928	0.0	0.0	0.0	9.835777126099707	0.0	0.0	0.0	0.020289855072463767	0.34782608695652173	0.0	0.0	10.508196721311476	0.0	0.0	0.0	0.0	0.0	0.0	0.0
10936	10.258305647840531	0.0	0.0	0.0	0.0	0.0	0.0	0.0	9.685303514376997	0.0	0.0	0.0	0.0	0.3399079552925707	0.0	0.0	12.536809815950921	0.0	0.0	0.0	0.0	0.0	0.0	0.0
10937	11.956363636363637	0.0	0.0	0.0	0.0	0.0	0.0	0.0	8.67680608365019	0.0	0.0	0.0	0.0	0.0	0.0	0.0	11.658119658119658	0.0	0.35555555555555557	0.0	0.0	0.0	0.0	0.0
10938	10.590643274853802	0.0	0.0	0.0	1.4698795180722892	0.0	0.0	0.0	10.354430379746836	0.0	0.0	0.0	0.0	0.0	0.0	0.0	9.799163179916318	0.0	1.8755020080321285	0.0	0.0	0.0	0.0	0.0
10939	10.96788990825688	0.0	0.0	0.0	0.0	0.0	0.0	0.0	7.336432797971259	0.0	0.0	0.0	0.0	0.0	0.0	0.0	13.267857142857142	0.0	0.867590454195535	0.0	0.0	0.0	0.0	0.0
10940	5.048442906574395	0.0	0.461038961038961	0.0	1.0432900432900434	0.0	0.0	0.0	4.783549783549783	0.0	0.0	0.0	0.0	0.3116883116883117	0.0	0.0	8.813852813852813	0.0	0.0	0.0	0.0	0.0	0.0	0.0
10941	13.084586466165414	0.0	1.795093795093795	0.0	1.824742268041237	0.0	0.0	0.0	7.400352733686067	5.855371900826446	0.0	0.0	3.1677524429967425	0.0	0.0	0.0	18.571865443425075	1.3659147869674186	0.662269129287599	0.4928131416837782	1.6896551724137931	1.1939252336448598	0.9711399711399712	2.8616600790513833
10942	15.519025875190259	1.1133540372670807	1.5063829787234042	1.1531914893617021	2.79553264604811	2.5886524822695036	0.507563025210084	0.7872340425531915	8.617699115044248	5.4126315789473685	1.651639344262295	0.914572864321608	0.7563352826510721	1.1593090211132437	1.7957446808510638	1.676595744680851	15.541052631578948	0.8252631578947368	0.9382978723404255	0.3318777292576419	1.2218045112781954	3.1806451612903226	1.0340425531914894	2.4344262295081966
10943	12.163873370577281	0.0	1.687150837988827	0.0	0.0	0.0	0.0	0.0	11.725738396624472	0.0	0.0	0.0	0.0	0.0	0.0	0.0	15.156479217603913	0.0	0.0	0.0	0.0	0.0	0.0	0.0
10944	12.089721254355402	0.0	1.0098478066248882	0.0	0.0	0.0	0.0	0.0	9.828063241106719	0.0	0.0	0.0	0.0	0.0	0.0	0.0	8.841409691629956	0.0	0.0	0.0	0.0	0.0	0.0	0.0
10945	9.59479015918958	0.0	1.1420765027322404	0.0	0.0	0.0	0.0	0.0	6.002732240437158	0.0	0.0	0.0	0.0	0.0	0.0	0.0	4.650994575045208	0.0	0.8660194174757282	0.0	0.0	0.29508196721311475	0.0	0.0
10946	4.381381381381382	0.0	0.0	0.0	1.4107142857142858	0.0	0.0	0.0	9.69047619047619	0.0	0.0	0.0	0.0	0.0	0.0	0.0	13.58052434456929	0.0	0.0	0.0	0.0	0.0	0.0	0.0
10947	9.890642002176278	0.0	0.5338865836791148	0.0	0.0	0.0	0.0	0.0	11.271	0.0	0.0	0.0	0.0	0.7763946519133241	0.0	0.0	15.091703056768559	0.0	0.0	0.0	0.0	0.42461964038727523	0.0	0.0
10948	12.895491803278688	0.0	0.06810035842293907	0.0	0.0	0.0	0.0	0.0	6.0961145194274025	0.0	0.0	0.0	0.0	0.0	0.0	0.0	21.342553191489362	0.0	0.0	0.0	0.0	0.0	0.0	0.0
10949	16.944615384615386	0.0	1.623931623931624	0.0	0.3789173789173789	0.0	0.0	0.0	10.269896193771626	0.0	0.0	0.0	0.0	0.717948717948718	0.0	0.0	9.829652996845425	0.0	1.4387464387464388	0.0	0.0	0.0	0.0	0.0
10950	11.407624633431086	0.0	0.0	0.0	0.0	0.0	0.0	0.0	3.8122270742358078	0.0	0.0	0.0	0.0	0.0	0.0	0.0	12.393939393939394	0.0	0.24929971988795518	0.0	0.0	0.0	0.0	0.0
10951	9.3446088794926	0.0	0.7429718875502008	0.0	2.987577639751553	0.0	0.0	0.0	12.095693779904305	0.0	0.0	0.0	1.4377510040160641	0.0	0.0	0.0	18.19148936170213	0.0	0.606425702811245	0.0	0.0	0.0	0.0	0.0
10952	12.873972602739727	0.0	0.0	0.0	0.0	0.1628498727735369	0.0	0.0	9.974358974358974	0.0	0.0	0.0	0.0	0.0	0.0	0.0	11.407124681933842	0.0	0.0	0.0	0.5318066157760815	0.0	0.0	0.0
10953	11.32899022801303	0.0	0.14743589743589744	0.0	0.0	0.0	0.0	0.0	7.218253968253968	0.0	0.0	0.0	0.8814102564102564	0.0	0.0	0.0	15.878923766816143	0.0	1.6442307692307692	0.0	0.0	0.6121794871794872	0.0	0.0
10954	5.7191435768261965	0.0	0.0	0.0	0.0	0.0	0.0	0.0	8.394648829431437	0.0	0.0	0.0	0.0	0.0	0.0	0.0	11.33655006031363	0.0	0.0	0.0	0.0	0.0	0.0	0.0
10955	10.233791748526523	0.0	0.0	0.0	0.0	0.0	0.0	0.0	12.089249492900608	0.0	0.0	0.0	0.0	0.17719298245614035	0.0	0.0	17.366666666666667	0.0	0.984	0.0	0.0	0.0	0.0	0.0
10956	10.43327239488117	0.0	0.0	0.0	0.0	0.0	0.0	0.0	9.875555555555556	0.0	0.0	0.0	0.0	0.0	0.0	0.0	18.902755267423014	0.0	0.8183118741058655	0.0	0.0	0.0	0.0	0.0
10957	9.663492063492063	0.0	0.0	0.0	1.0123456790123457	0.0	0.0	0.0	12.387654320987654	0.0	0.0	0.0	1.2567901234567902	0.11851851851851852	0.0	0.0	11.341107871720117	0.0	1.0148148148148148	0.0	0.0	2.106172839506173	0.0	0.0
10958	4.341772151898734	1.1814345991561181	0.0	0.0	0.0	0.0	0.0	0.0	0.0	0.0	0.0	0.0	0.0	0.0	0.0	0.0	4.708860759493671	0.0	0.0	0.0	0.0	0.0	0.0	0.0
10959	9.796973518284993	0.0	0.0	0.0	0.0	0.15384615384615385	0.0	0.0	7.579560155239327	0.16727716727716727	0.503052503052503	0.0	0.0	0.0	0.0	0.0	17.052790346907994	0.0	1.253968253968254	0.0	0.0	0.0	0.0	0.0
10960	3.098265895953757	0.0	0.0	0.0	0.0	0.0	0.0	0.0	1.7236842105263157	0.0	0.48917748917748916	0.0	0.01948051948051948	0.0	0.0	0.26406926406926406	8.340557275541796	0.0	0.030303030303030304	0.0	0.0	0.0	0.0	0.0
10961	2.3176470588235296	0.0	0.5027322404371585	0.0	0.0	0.0	0.0	0.0	6.819672131147541	0.0	0.0	0.0	0.0	0.0	0.0	0.0	5.1256830601092895	0.0	0.0	0.0	0.0	2.300546448087432	0.0	0.0
10962	11.068870523415978	0.0	0.0	0.0	0.0	0.4852531997774068	0.0	0.0	7.038438438438439	0.0	0.0	0.0	0.5208681135225376	0.0	0.0	0.0	10.660143509458578	0.0	0.9194630872483222	0.0	0.0	0.023928770172509738	0.0	0.0
10963	12.284403669724771	0.0	0.0	0.0	0.0	0.0	0.0	0.0	10.689922480620154	0.0	0.0	0.0	1.5813953488372092	0.0	0.0	0.0	12.322033898305085	0.0	1.0	0.0	0.0	0.0	0.0	0.0
10964	6.984025559105431	0.0	0.0	0.0	0.0	0.0	0.0	0.0	5.455128205128205	0.0	0.0	0.0	0.0	0.0	0.0	0.0	7.0778210116731515	0.0	0.0	0.0	0.0	0.0	0.0	0.0
10965	8.171182266009852	0.0	0.0	0.0	0.0	0.0	0.0	0.0	9.319852941176471	0.0	0.0	0.0	0.8324607329842932	0.0	0.0	0.0	12.914233576642335	0.0	0.0	0.0	0.0	0.0	0.0	0.0
10966	6.3462686567164175	0.0	0.0	0.0	0.0	0.0	0.0	0.0	8.144444444444444	0.0	0.0	0.0	0.0	0.0	0.0	0.0	10.930434782608696	0.6242424242424243	0.1006060606060606	0.0	0.0	0.0	0.0	0.0
10967	6.139221556886228	0.0	0.0	0.0	1.0267260579064588	0.0	0.0	0.0	7.171388101983003	0.0	0.0	0.0	0.0	0.0	0.0	0.0	11.98434004474273	0.0	0.0	0.0	0.0	0.0	0.0	0.2689161554192229
10968	7.9176728869374315	0.0	0.0	0.0	0.0	0.0	0.0	0.0	9.738569753810083	0.0	0.0	0.0	0.0	0.0	0.0	0.0	9.929747530186608	0.0	0.7172619047619048	0.0	0.0	0.0	0.0	0.0
10969	2.9692307692307693	0.0	0.7076923076923077	0.0	0.0	0.0	0.0	0.0	1.4974358974358974	0.0	0.0	2.2974358974358973	0.0	0.7897435897435897	0.0	0.0	11.328205128205129	0.0	0.8923076923076924	0.0	0.0	0.0	0.0	0.0
10970	5.100303951367781	0.0	1.1015452538631347	0.0	0.0	0.0	0.0	0.0	8.848920863309353	0.0	0.0	0.0	0.22075055187637968	0.0	0.0	0.0	9.671532846715328	0.0	2.132867132867133	0.0	0.0	0.03532008830022075	0.0	0.0
10971	17.038095238095238	0.0	0.0	0.0	1.7333333333333334	0.0	0.0	0.0	16.213675213675213	0.0	0.0	0.0	2.0761904761904764	0.9587301587301588	0.0	0.0	15.0	0.0	1.1746031746031746	0.0	0.0	0.0	0.0	0.0
10972	10.44267515923567	0.0	0.0	0.0	0.8673587081891581	0.0	0.0	0.0	9.19304556354916	0.0	0.0	0.0	0.0	0.0	0.0	0.0	10.48143053645117	0.0	0.9261992619926199	0.0	0.0	0.0392156862745098	0.0	0.0
10973	11.385882352941177	1.1174242424242424	0.5303030303030303	0.0	0.0	0.0	0.0	0.0	8.927374301675977	0.0	0.0	0.0	0.0	0.0	0.0	0.0	13.216666666666667	0.0	3.1432506887052343	0.0	0.0	0.0	0.0	0.0
10974	10.014989293361884	0.0	0.0	0.0	0.409009009009009	0.0	0.0	0.0	6.628450106157112	0.0	0.0	0.0	0.0	0.0	0.0	0.0	14.60897435897436	0.0	0.8684684684684685	0.0	0.0	0.0	0.0	0.0
10975	5.701058201058201	0.0	0.0	0.0	0.0	0.0	0.0	0.0	9.846965699208443	0.0	0.0	0.0	0.0	0.0	0.0	0.0	12.955555555555556	0.0	0.5134575569358178	0.0	0.0	0.0	0.0	0.0
10976	3.6666666666666665	0.0	0.0	0.0	0.6504065040650406	0.0	0.0	0.0	12.601626016260163	0.0	0.0	0.0	0.17886178861788618	0.7723577235772358	0.0	0.0	15.117647058823529	0.0	0.0	0.0	0.0	0.9512195121951219	0.0	0.0
10977	10.267549668874173	0.0	0.7258454106280193	0.0	0.0	0.0	0.0	0.0	8.49483013293944	0.1751207729468599	0.0	0.0	0.644927536231884	0.028985507246376812	0.0	0.0	15.99734395750332	0.0	0.6618357487922706	0.0	0.0	0.0	0.0	0.644927536231884
10978	14.292947558770344	0.0	0.8204081632653061	0.0	0.0	0.0	0.0	0.0	7.652694610778443	0.0	0.0	0.0	0.0	0.0	0.0	0.0	22.097127222982216	0.0	1.9319727891156462	0.0	0.0	0.0	0.0	0.0
10979	7.602739726027397	0.0	0.0	0.0	0.0	0.0	0.0	0.0	8.839024390243903	0.0	0.0	0.0	0.8858447488584474	0.0	0.0	0.0	11.11111111111111	0.0	0.4292237442922374	0.0	0.0	0.0	0.0	0.0
10980	11.502398081534773	0.0	0.0	0.0	0.0	0.0	0.0	0.0	5.651105651105651	0.0	0.0	0.0	0.0	0.0	0.0	0.0	14.05105105105105	0.0	0.0	0.0	0.0	0.0	0.0	0.0
10981	4.281879194630872	0.0	0.0	0.0	0.0	0.0	0.0	0.0	7.049115913555992	0.0	0.0	0.0	0.0	0.0	0.0	0.0	11.266514806378131	0.0	0.0	0.0	0.0	0.0	0.0	0.0
10982	9.002217294900221	0.0	0.0	0.0	0.0	0.0	0.0	0.0	8.734778982485404	0.0	0.0	0.0	0.0	0.0	0.0	0.0	11.856494096276112	0.0	1.0096618357487923	0.0	0.0	0.0	0.0	0.0
10983	8.579787234042554	0.0	0.0	0.0	0.0	0.4899598393574297	0.0	0.0	7.248995983935743	0.0	0.0	0.0	0.0	0.0	0.0	0.0	14.336032388663968	0.0	1.180722891566265	0.0	0.0	0.0	0.0	0.0
10984	12.009625668449198	0.0	0.825346112886049	0.0	0.0	0.0	0.0	0.0	9.341201716738198	0.0	0.0	0.0	0.9030883919062833	0.0	0.0	0.0	15.697736351531292	0.0	1.2864749733759318	0.0	0.0	0.0	0.0	0.0
10985	9.66231647634584	0.0	0.0	0.0	0.0	0.0	0.0	0.0	4.962134251290878	0.0	0.0	0.0	0.8305555555555556	0.0	0.0	0.0	13.992994746059544	0.0	0.0	0.0	0.0	0.8569444444444444	0.0	0.0
10986	9.829787234042554	0.0	2.7886178861788617	0.0	0.0	0.0	0.0	0.0	14.47337278106509	0.0	0.0	0.0	2.8786610878661087	0.0	0.0	0.0	15.004524886877828	0.0	0.5055555555555555	0.0	0.0	0.14227642276422764	0.0	0.21544715447154472
10987	10.846657929226737	0.0	0.0	0.0	0.0	0.0	0.0	0.0	9.129346314325453	0.0	0.553921568627451	0.0	0.0	0.0	0.0	0.0	15.624808575803982	0.0	2.690066225165563	0.0	0.0	0.0	0.0	0.0
10988	13.311345646437994	0.0	0.0	0.0	0.0	0.0	0.0	0.0	8.069651741293532	0.0	0.0	0.0	0.0	0.0	0.0	0.0	20.901515151515152	0.0	0.7529976019184652	0.0	0.0	2.0297619047619047	0.0	0.0
10989	8.812578616352202	0.0	0.33226837060702874	0.0	0.0	0.0	0.0	0.0	10.037859007832898	0.0	0.0	0.0	0.0	0.0	0.0	0.0	11.30367231638418	0.0	0.0	0.0	0.0	0.0	0.0	0.0
10990	6.214797136038186	0.0	1.9087048832271762	0.0	0.0	0.0	0.0	0.0	6.936061381074169	0.0	0.0	0.0	0.0	0.0	0.0	0.0	10.103139013452914	0.0	0.0	0.0	0.0	0.0	0.0	0.0
10991	5.89589905362776	0.0	0.0	0.0	0.0	0.0	0.0	0.0	7.987421383647798	0.0	0.0	0.0	0.0	0.0	0.0	0.0	8.919298245614035	0.0	0.6526315789473685	0.0	0.6526315789473685	0.0	0.0	0.0
10992	7.540965207631874	0.0	0.0	0.0	1.015712682379349	0.0	0.0	0.0	8.11873350923483	0.0	0.0	0.0	0.0	0.0	0.0	0.0	12.25975975975976	0.0	1.015712682379349	0.0	0.0	0.0	0.0	0.0
10993	9.376271186440677	0.0	0.5360983102918587	0.0	0.0	0.0	0.0	0.0	8.928057553956835	0.0	0.0	0.32565284178187404	0.0	0.0	0.0	0.0	13.15	0.0	0.7803379416282642	0.0	0.0	0.0	0.0	0.0
10994	10.16068376068376	0.0	0.0	0.0	0.0	0.0	0.0	0.0	9.239740820734342	0.0	0.0	0.0	0.0	0.0	0.0	0.0	13.051136363636363	0.0	0.0	0.0	0.0	0.0	0.0	0.0
10995	8.136531365313653	0.0	0.0	0.0	0.0	0.0	0.0	0.0	6.030864197530864	0.0	0.0	0.0	0.9243827160493827	0.0	0.0	0.0	13.173824130879346	0.0	0.0	0.0	0.0	0.0	0.0	0.0
10996	11.46	0.0	0.0	0.0	0.0	0.0	0.0	0.0	8.649006622516556	0.0	0.0	0.0	0.0	0.0	0.0	0.0	5.109589041095891	0.0	0.0	0.0	0.0	0.0	0.0	0.0
10997	5.2967032967032965	0.0	0.0	0.0	0.0	0.0	0.0	0.0	9.260073260073261	0.4981684981684982	0.0	0.0	0.0	0.6446886446886447	0.0	0.0	7.945205479452055	0.0	0.0	0.0	0.0	0.0	0.0	0.0
10998	9.649087221095336	0.0	0.0	0.0	0.0	0.0	0.0	0.0	7.067178502879079	0.0	0.0	0.0	0.3076923076923077	0.0	0.0	0.0	18.40909090909091	0.1794871794871795	0.0	0.0	0.0	0.4407051282051282	0.0	0.0
10999	13.698224852071005	0.0	0.0	0.0	0.0	0.0	0.0	0.0	8.351398601398602	0.0	0.0	0.0	0.0	0.0	0.0	0.0	10.526315789473685	0.0	0.0	0.0	0.0	0.0	0.0	0.0
11000	7.884925201380898	0.0	0.0	0.0	0.9002123142250531	0.0	0.0	0.0	8.010688836104514	0.0	0.0	0.0	0.0	0.0	0.0	0.0	12.20497803806735	0.0	2.116704805491991	0.0	0.0	0.25690021231422505	0.0	0.0
11001	6.9856608478802995	0.0	0.0	0.0	0.0	0.0	0.0	0.0	8.331460674157304	0.0	0.0	0.0	0.0	0.0	0.0	0.0	15.491849751948973	0.0	0.0	0.0	0.0	0.9525521207764198	0.0	0.0
11002	7.869272237196766	0.0	0.0	0.0	0.0	0.0	0.0	0.0	11.290609137055837	0.0	0.0	0.0	0.03929024081115336	0.0	0.0	0.0	13.209302325581396	0.0	0.8377693282636248	0.0	0.0	0.0	0.0	0.0
11003	7.777777777777778	0.0	0.0	0.0	0.0	0.0	0.0	0.0	6.690476190476191	0.0	0.0	0.0	0.6368159203980099	0.0	0.0	0.0	8.792746113989637	0.0	0.0	0.0	0.0	0.0	0.0	0.0
11004	5.421428571428572	0.0	1.0044444444444445	0.0	0.0	0.0	0.0	0.0	6.733681462140992	0.0	0.0	0.0	0.0	0.0	0.0	0.0	8.15018315018315	0.0	0.0	0.0	0.3244444444444444	0.0	0.0	0.0
11005	5.009852216748769	0.0	0.0	0.0	0.0	0.0	0.0	0.0	11.737804878048781	0.0	0.0	0.0	0.0	0.37681159420289856	0.0	0.0	14.27299703264095	0.0	0.0	0.0	0.0	1.3652173913043477	0.0	0.2985507246376812
11006	13.607046070460704	0.0	2.5014925373134327	0.0	0.0	0.0	0.0	0.0	10.82394366197183	0.0	0.0	0.0	0.0	0.0	0.0	0.0	20.483221476510067	0.0	0.0	0.0	0.0	0.0	0.0	0.0
11007	5.830578512396694	0.0	0.0	0.0	0.0	0.0	0.0	0.0	7.283737024221454	0.0	0.0	0.0	0.0	0.0	0.0	0.0	7.08745247148289	0.0	0.0	0.0	0.0	0.0	0.0	0.0
11008	4.487179487179487	0.0	0.0	0.0	0.0	0.0	0.0	0.0	8.534545454545455	0.0	0.0	0.0	0.2956521739130435	0.0	0.0	0.0	7.799382716049383	0.0	0.0	0.0	0.9506172839506173	0.0	0.0	0.0
11009	10.800703399765533	0.0	0.0	0.0	0.0	0.0	0.0	0.0	14.430473372781066	0.0	0.3125	0.0	0.0	0.5682870370370371	0.0	0.0	17.041251778093883	0.0	0.0	0.0	0.24768518518518517	1.1449086161879896	0.0	0.0
11010	5.765853658536585	0.0	0.0	0.0	0.0	0.0	0.0	0.0	4.662576687116564	0.0	0.0	0.0	0.536036036036036	0.0	0.0	0.0	19.524390243902438	0.0	0.0	0.0	0.0	0.0	0.0	0.0
11011	19.70921985815603	0.0	1.031281533804238	0.0	0.0	0.2894736842105263	0.0	0.0	13.53590425531915	0.0	0.0	0.0	1.6694648478488983	0.0	0.0	0.0	25.09196740395809	0.0	1.8228299643281807	0.0	0.0	0.5487329434697856	0.0	0.0
11012	9.846960167714885	0.0	0.0	0.0	0.648578811369509	0.0	0.0	0.0	9.946891191709845	0.0	0.0	0.0	0.43874643874643876	0.0	0.0	0.0	13.356846473029046	0.0	0.0	0.0	0.0	0.2630579297245964	0.0	0.0
11013	9.984455958549223	0.0	0.8282312925170068	0.0	0.0	0.0	0.0	0.0	8.366803278688524	0.0	0.0	0.0	0.10884353741496598	0.0	0.0	0.0	20.613882863340564	0.0	1.7976190476190477	0.0	0.0	0.0	0.0	0.0
11014	12.117056856187292	0.0	0.0	0.0	0.0	0.0	0.0	0.0	7.306397306397306	0.0	0.0	0.0	0.0	0.0	0.0	0.0	11.821608040201005	0.0	0.0	0.0	0.0	0.0	0.0	0.0
11015	6.6683168316831685	0.0	2.4014598540145986	0.0	0.0	0.0	0.0	0.0	8.15448275862069	0.0	0.0	0.0	0.8795620437956204	0.0	0.0	0.0	7.890489913544669	0.0	2.0206812652068127	0.0	0.0	0.0	0.0	0.21532846715328466
11016	10.789612676056338	0.0	0.0	0.0	0.0	0.0	0.0	0.0	11.30907726931733	0.0	0.0	0.0	0.0	0.0	0.0	0.0	17.047067901234566	0.0	0.0	0.0	0.0	0.0	0.0	0.0
11017	5.453333333333333	0.0	1.9824561403508771	0.0	0.0	0.0	0.0	0.0	10.669902912621358	0.0	0.8728070175438597	0.0	0.0	0.0	0.0	0.0	14.87280701754386	0.0	0.0	0.0	0.0	0.0	0.0	0.0
11018	19.483870967741936	0.0	0.2956989247311828	0.0	0.0	0.0	0.0	0.0	15.259887005649718	0.0	0.0	0.0	0.9354838709677419	0.0	0.0	0.0	21.804878048780488	0.0	0.0	0.0	0.0	0.0	0.0	0.0
11019	6.967963386727689	0.0	0.9309090909090909	0.0	0.4864864864864865	0.0	0.0	0.0	6.795564127290261	0.0	0.0	0.0	0.004914004914004914	0.0	0.0	0.0	9.726603575184017	0.0	0.7665847665847666	0.0	0.0	0.0	0.0	0.0
11020	9.951219512195122	0.0	0.0	0.0	0.0	0.0	0.0	0.0	10.07843137254902	0.0	0.0	0.0	1.0956521739130434	1.4705882352941178	0.0	0.0	8.543650793650794	0.0	0.0	0.0	0.0	2.1193181818181817	0.0	0.0
11021	7.137254901960785	0.0	0.0	0.0	0.0	0.0	0.0	0.0	1.853658536585366	0.0	0.0	0.0	0.0	0.0	0.0	0.0	1.875	0.0	0.0	0.9895833333333334	0.0	0.0	0.0	0.0
11022	4.346938775510204	0.0	0.0	0.0	0.0	0.0	0.0	0.0	3.448453608247423	0.0	0.0	0.0	1.1464646464646464	0.0	0.0	0.0	11.44949494949495	0.0	0.0	0.0	0.0	0.0	0.0	0.0
11023	10.653879686137751	0.0	0.0	0.0	0.0	0.0	0.0	0.0	9.587314662273476	0.0	0.0	0.0	0.0	0.0	0.0	0.0	10.738535800482703	0.0	1.1262729124236253	0.0	0.0	0.042090970807875085	0.0	0.0
11024	11.123333333333333	0.0	0.0	0.0	0.0	0.0	0.0	0.0	2.8733333333333335	0.0	0.0	0.0	0.7466666666666667	0.0	0.0	0.0	10.026936026936028	0.0	0.0	0.0	0.0	0.0	0.0	0.0
11025	12.151960784313726	0.0	0.0	0.0	0.45588235294117646	0.0	0.0	0.0	7.711864406779661	0.0	0.0	0.0	0.0	0.8235294117647058	0.0	0.0	9.564245810055866	0.0	0.0	0.0	0.0	0.6176470588235294	0.0	0.0
11026	18.414634146341463	0.0	0.0	0.0	3.0970873786407767	0.0	0.0	0.0	6.672413793103448	0.0	0.0	0.0	0.0	0.0	0.0	0.0	18.24137931034483	0.0	0.0	0.0	0.0	0.0	0.0	0.0
11027	10.861182519280206	0.0	0.0	0.0	0.517948717948718	0.0	0.0	0.0	6.316770186335404	0.0	0.0	0.0	0.7692307692307693	0.0	0.0	0.0	16.986376021798364	0.0	1.758974358974359	0.0	1.2128279883381925	0.0	0.0	0.0
11028	12.495398773006135	0.0	0.0	0.0	1.6597510373443984	0.0	0.0	0.0	7.760697305863708	0.0	0.33195020746887965	0.0	0.0	0.0	0.0	0.0	13.048622366288493	0.0	0.8091286307053942	0.0	0.0	0.0	0.0	0.43983402489626555
11029	9.708798017348203	0.0	0.6295289855072463	0.0	0.0	0.0	0.0	0.0	11.36136136136136	0.0	0.0	0.0	0.4166666666666667	0.0	0.0	0.0	18.217391304347824	0.0	0.0	0.0	0.0	0.0	0.0	0.0
11030	6.724550898203593	0.0	0.0	0.0	0.0	0.0	0.0	0.0	14.346153846153847	0.0	0.0	0.0	0.0	0.0	0.0	0.0	21.8375	0.0	0.0	0.0	0.0	0.0	0.0	0.0
11031	7.841196777905639	0.0	0.7465156794425087	0.0	0.0	0.0	0.0	0.0	8.71806167400881	0.0	0.0	0.0	0.30963665086887837	0.0	0.0	0.0	10.552953156822811	0.0	0.0	0.0	0.0	0.0	0.0	0.0
11032	14.592689295039165	0.0	0.0	0.0	3.0712468193384224	0.7684478371501272	0.0	0.0	10.331491712707182	0.3893129770992366	0.0	0.0	0.0	0.0	0.0	0.0	19.0032154340836	0.0	0.030534351145038167	0.0	0.0	1.2646310432569974	0.0	0.0
11033	9.631284916201118	0.0	1.9153439153439153	0.0	0.0	0.0	0.0	0.0	15.567251461988304	0.0	0.0	0.0	1.1111111111111112	0.0	0.0	0.0	18.207142857142856	0.0	0.0	0.0	0.0	0.0	0.0	0.0
11034	9.652654867256636	0.0	0.8013307984790875	0.0	0.9981220657276996	0.0	0.0	0.0	11.25974025974026	0.0	0.0	0.0	0.0	0.0	0.0	0.0	14.907484407484407	0.0	0.7917760279965005	0.0	0.0	0.0	0.0	0.0
11035	11.031481481481482	0.0	1.6611418047882136	0.0	0.0	0.0	0.0	0.0	8.932642487046632	1.5138121546961325	0.0	0.0	0.0	0.0	0.0	0.0	16.789081885856078	0.0	0.0	0.0	0.0	0.0	0.0	0.0
11036	10.911646586345382	0.0	1.6305220883534137	0.0	0.3293172690763052	0.7429718875502008	0.0	0.0	7.364705882352941	0.0	0.0	0.0	0.28112449799196787	0.0	0.0	0.0	7.625	0.0	0.0	0.0	0.0	0.5502008032128514	0.0	0.0
11037	7.610236220472441	0.0	0.9348093480934809	0.0	0.0	0.0	0.0	0.0	8.856230031948881	0.0	0.0	0.0	0.4821648216482165	0.0	0.0	0.0	14.74731182795699	0.0	1.3493234932349323	0.0	0.0	0.9596231493943472	0.0	0.0
11038	6.373534338358459	0.0	0.0	0.0	0.0	0.0	0.0	0.0	9.825905292479108	0.0	0.0	0.0	0.0	0.6474127557160048	0.0	0.0	9.558363417569193	0.0	0.5908543922984356	0.0	0.0	1.2690863579474343	0.0	0.0
11039	11.684326710816777	0.0	0.0	0.0	0.0	0.0	0.0	0.0	10.981770833333334	0.0	0.0	0.0	0.0	0.0	0.0	0.0	11.938666666666666	0.0	0.0	0.0	0.0	0.0	0.0	0.0
11040	10.053703703703704	0.0	0.3715277777777778	0.0	0.0	0.0	0.0	0.0	7.835117773019272	0.0	0.0	0.0	0.7864583333333334	0.0	0.0	0.0	8.469811320754717	0.0	0.0	0.0	0.0	0.0	0.0	0.0
11041	8.346059113300493	0.0	0.4883720930232558	0.0	0.0	0.0	0.0	0.0	7.691449814126394	0.0	0.0	0.0	0.0	0.0	0.0	0.0	16.600402955003357	0.0	0.6007751937984496	0.0	0.09745293466223699	0.0	0.0	0.0
11042	5.7507552870090635	0.0	0.0	0.0	0.0	0.0	0.0	0.0	8.675226586102719	0.0	0.0	0.0	0.0	0.0	0.0	0.0	12.929761904761905	0.5985915492957746	0.0	0.0	0.0	0.0	0.0	0.0
11043	9.050279329608939	0.0	1.0658436213991769	0.0	0.0	0.0	0.0	0.0	6.882022471910112	0.0	0.0	0.0	1.5555555555555556	0.0	0.0	0.0	11.162337662337663	0.5020576131687243	0.0	0.0	0.0	0.2222222222222222	0.0	0.0
11044	3.4664723032069973	0.04819277108433735	0.0	0.0	0.0	0.24096385542168675	0.0	0.0	8.169856459330143	0.0	0.0	0.0	0.0	0.0	0.0	0.0	12.0933014354067	0.0	0.2248995983935743	0.0	0.0	0.0	0.0	0.0
11045	11.019963702359346	0.0	0.0	0.0	0.0	0.0	0.0	0.0	4.4089068825910935	0.0	0.0	0.0	0.0	0.0	0.0	0.0	12.191616766467066	0.0	0.0	0.0	0.0	0.32589285714285715	0.0	0.0
11046	1.9408602150537635	0.0	0.0	0.0	0.0	0.0	0.0	0.0	12.775	0.0	0.0	0.0	0.0	0.0	0.0	0.0	9.656626506024097	0.0	0.0	0.0	0.0	0.0	0.0	0.0
11047	7.166515013648771	0.0	0.0	0.0	0.0	0.0	0.0	0.0	6.021757322175732	0.0	0.0	0.0	0.13246940244780417	0.0	0.0	0.0	13.042435424354244	0.0	0.0	0.0	0.0	0.0	0.0	0.0
11048	6.251918158567775	0.0	0.0	0.0	0.4959349593495935	0.0	0.0	0.0	6.744939271255061	0.0	0.0	0.0	0.5386178861788617	0.17479674796747968	0.0	0.0	10.74718526100307	0.0	0.4329268292682927	0.0	0.0	0.0	0.0	0.0
11049	7.9025423728813555	0.0	0.0	0.0	0.0	0.0	0.0	0.0	3.1365853658536587	0.0	0.0	0.0	0.0	0.0	0.0	0.0	11.636363636363637	0.0	0.6744186046511628	0.0	0.0	0.0	0.0	0.0
11050	7.415470494417863	0.0	0.0	0.0	0.0	0.0	0.0	0.0	7.427633977397011	0.0	0.0	0.0	0.0	0.0	0.0	0.0	12.149964209019327	0.0	0.0	0.0	0.0	0.0	0.0	0.0
11051	9.278625954198473	0.0	1.3093093093093093	0.0	0.0	0.0	0.0	0.0	13.257716049382717	0.0	0.0	0.0	0.0	0.0	0.0	0.0	15.022935779816514	0.0	0.0	0.0	0.0	0.0	0.0	0.0
11052	13.956989247311828	0.0	0.0	0.0	0.0	0.0	0.0	0.0	13.225806451612904	0.0	0.0	0.0	0.0	0.0	0.0	0.0	16.733606557377048	0.0	0.5340501792114696	0.0	0.5017921146953405	0.0	0.0	0.0
11053	6.940133037694014	0.0	0.0	0.0	2.4188034188034186	0.0	0.0	0.0	4.925507900677201	0.0	0.0	0.0	0.0	0.0	0.0	0.0	9.926153846153847	0.0	1.6517094017094016	0.0	0.0	0.0	0.0	0.0
11054	9.76595744680851	0.0	0.0	0.0	0.0	0.696969696969697	0.0	0.0	8.88	0.0	0.0	0.0	1.371212121212121	0.0	0.0	0.0	19.318725099601593	0.0	1.255813953488372	0.0	0.0	0.0	0.0	0.0
11055	4.983221476510067	0.0	0.0	0.0	0.0	0.0	0.0	0.0	4.087378640776699	0.0	0.0	0.0	0.0	0.0	0.0	0.0	13.863777089783282	0.0	0.06855791962174941	0.0	0.0	0.0	0.0	0.0
11056	9.419354838709678	0.0	0.8172043010752689	0.0	0.0	0.0	0.0	0.0	5.70679012345679	0.0	0.0	0.0	0.44086021505376344	0.0	0.0	0.0	11.71889400921659	0.0	2.1996927803379416	0.0	0.0	0.0	0.0	0.0
11057	9.741035856573705	0.0	0.0	0.0	0.0	0.0	0.0	0.0	4.834615384615384	0.9283489096573209	0.0	0.0	1.4797507788161994	0.0	0.0	0.0	10.178723404255319	0.0	0.0	0.0	0.0	0.0	0.0	0.0
11058	7.938853503184713	0.0	2.277173913043478	0.0	0.0	0.0	0.0	0.0	8.910059171597632	1.225841476655809	0.0	0.0	0.0	0.0	0.0	0.0	13.440825190010857	0.0	0.0	0.0	0.0	0.6449511400651465	0.0	0.0
11059	9.048951048951048	0.0	0.0	0.0	1.2207207207207207	0.0	0.0	0.0	5.100263852242744	0.0	0.9976905311778291	0.0	0.0	0.0	0.0	0.0	12.103092783505154	0.0	1.5080091533180777	0.0	0.0	0.0	0.0	0.0
11060	6.972296693476318	0.0	0.0	0.0	0.0	0.0	0.0	0.0	7.887488748874888	0.0	0.0	0.0	0.0	0.0	0.0	0.0	11.857142857142858	0.18475750577367206	0.0	0.0	0.0	0.0	0.0	0.0
11061	3.8423597678916828	0.0	0.49891540130151846	0.0	0.0	0.0	0.0	0.0	5.63955223880597	0.0	0.0	0.0	0.0	0.0	0.0	0.0	8.933528836754643	0.0	0.0	0.0	0.0	0.0	0.0	0.0
11062	2.4283333333333332	0.0	0.0	0.0	0.28820960698689957	0.0	0.0	0.0	4.467076382791923	0.0	0.0	0.0	0.0	0.0	0.0	0.0	4.7299270072992705	0.0	0.5982532751091703	0.0	0.0	0.13755458515283842	0.0	0.0
11063	5.47887323943662	0.0	0.0	0.0	0.0	0.0	0.0	0.0	3.291005291005291	0.6878306878306878	0.0	0.0	0.0	0.0	0.0	0.0	16.227513227513228	0.0	0.0	0.0	0.0	0.0	0.0	0.0
11064	7.9397590361445785	0.0	0.0	0.0	0.0	0.0	0.0	0.0	12.822429906542055	0.5907859078590786	0.0	0.0	0.0	0.0	0.0	0.0	22.792225201072387	0.0	0.9295392953929539	0.0	0.0	0.0	0.0	0.0
11065	9.863406408094436	0.0	0.0	0.0	0.0	0.0	0.0	0.0	12.81875	0.0	0.0	0.0	0.0	0.0	0.0	0.0	10.72	0.0	0.19298245614035087	0.0	0.0	0.0	0.0	0.0
11066	11.284810126582279	0.0	0.0	0.0	0.0	0.0	0.0	0.0	7.518518518518518	0.0	0.0	0.0	0.6583850931677019	0.0	0.0	0.0	17.62204724409449	0.0	0.6211180124223602	0.0	0.0	0.0	0.0	0.0
11067	6.151665485471297	0.0	0.0	0.0	0.0	0.0	0.0	0.0	6.1134307585247045	0.6454720616570327	0.0	0.0	0.0	0.0	0.0	0.0	13.189806678383128	0.0	0.6506101477199743	0.0	0.0	0.24791265253692998	0.0	0.012202954399486191
11068	9.203319502074688	0.0	0.5314465408805031	0.0	0.0	0.0	0.0	0.0	9.615384615384615	2.270440251572327	0.0	0.0	0.0	0.0	0.0	0.0	13.762820512820513	0.0	0.550314465408805	0.0	0.0	0.0	0.0	0.0
11069	11.146694214876034	0.0	0.0	0.0	0.0	0.0	0.0	0.0	7.884822389666308	0.0	0.14467253176930597	0.0	0.0	0.0	0.0	0.0	10.743827160493828	0.0	1.3792766373411536	0.0	0.0	1.343108504398827	0.0	0.13098729227761485
11070	11.23994811932555	0.0	0.0	0.0	0.0	0.0	0.0	0.0	8.359701492537313	0.0	0.0	0.2965779467680608	0.0	0.2877059569074778	0.0	0.0	18.450949367088608	0.0	0.0	0.0	0.0	0.0	0.0	0.0
11071	10.573863636363637	0.0	0.0	0.0	0.0	0.0	0.0	0.0	3.7666666666666666	0.5523809523809524	0.0	0.0	0.0	0.0	0.0	0.0	6.878453038674033	0.0	0.0	0.0	0.0	0.0	0.0	0.0
11072	5.541935483870968	0.0	0.12394957983193278	0.0	0.0	0.0	0.0	0.0	7.694444444444445	0.0	0.0	0.0	0.0	0.0	0.0	0.0	15.923132183908047	0.0	0.39215686274509803	0.0	0.0	0.029411764705882353	0.0	0.0
11073	4.913729128014842	0.0	0.9588281868566905	0.0	0.0	0.0	0.0	0.0	5.166507177033493	0.0	0.0	0.0	0.0	0.0	0.0	0.0	12.126984126984127	0.0	0.9038461538461539	0.0	0.0	0.0	0.0	0.0
11074	9.099290780141844	0.0	0.0	0.0	0.0	0.0	0.0	0.0	8.614906832298137	0.0	1.0364145658263306	0.0	0.0	0.0	0.0	0.0	16.897727272727273	0.0	0.3753501400560224	0.0	0.0	0.0	0.0	0.0
11075	4.625	0.0	0.0	0.0	0.0	0.0	0.0	0.0	13.806896551724138	0.0	0.0	0.0	0.0	0.0	0.0	0.0	14.267973856209151	0.0	0.0	0.0	0.0	0.0	0.0	0.0
11076	3.6237113402061856	0.0	0.0	0.0	0.5958333333333333	0.0	0.0	0.0	4.553571428571429	0.0	0.0	0.0	0.0	0.0	0.0	0.0	12.97	0.0	0.0	0.0	0.4583333333333333	0.0	0.0	0.0
11077	9.691518467852257	0.0	0.0	0.0	0.1697792869269949	0.0	0.0	0.0	8.574269732753264	0.0	0.0	0.0	0.0	0.0	0.0	0.0	11.432824427480917	0.0	0.0	0.0	0.0	0.0	0.0	0.0
11078	9.86111111111111	0.0	0.0	0.0	1.3194444444444444	0.0	0.0	0.0	2.2569444444444446	0.0	0.0	0.0	0.0	0.0	0.0	0.0	7.7075471698113205	0.0	0.9166666666666666	0.0	0.0	0.0	0.0	0.0
11079	14.43030303030303	0.0	0.0	0.0	0.36666666666666664	0.0	0.0	0.0	4.416666666666667	0.0	2.6944444444444446	0.0	0.0	0.0	0.0	0.0	15.083333333333334	0.0	0.0	0.0	0.0	0.0	0.0	0.0
11080	7.5051783659378595	0.0	0.0	0.0	0.0	0.0	0.0	0.0	7.4675467546754675	0.0	0.0	0.0	0.0	0.0	0.0	0.0	14.607661822985468	0.0	0.0	0.0	0.0	1.1617161716171618	0.0	0.0
11081	8.038071065989847	0.0	0.0	0.0	0.0	0.0	0.0	0.0	10.48575712143928	0.0	0.0	0.0	0.0	0.0	0.0	0.0	10.826494724501758	0.0	0.0	0.0	0.0	0.0	0.0	0.0
11082	10.08034188034188	0.0	0.8791208791208791	0.0	0.0	0.0	0.0	0.0	10.0225	0.0	0.0	0.0	0.0	0.0	0.0	0.0	15.14078947368421	0.0	0.0	0.0	0.0	0.024154589371980676	0.0	0.0
11083	10.188063844552394	0.0	0.0045662100456621	0.0	0.0	0.0	0.0	0.0	7.628195763330899	0.0	0.0	0.0	0.0	0.0	0.0	0.0	11.830597014925374	0.0	0.0	0.0	0.0	0.0	0.0	0.0
11084	11.042662116040956	1.214190093708166	0.0	0.0	1.110363391655451	0.0	0.0	0.0	5.591977869986168	0.0	0.0	0.0	0.0	0.7938420348058902	0.0	0.0	16.705479452054796	0.0	0.0	0.0	0.0	0.0	0.0	0.0
11085	9.426950354609929	0.7300275482093664	1.0	0.0	0.0	0.0	0.0	0.0	9.64878892733564	0.0	0.0	0.0	1.5702479338842976	0.0	0.0	0.0	13.542910447761194	0.0	0.0	0.0	0.0	0.0	0.0	0.0
11086	13.197898423817863	0.0	1.9439102564102564	0.0	0.0	0.0	0.0	0.0	12.765454545454546	0.0	0.5256410256410257	0.0	0.0	0.0	0.0	0.0	14.739770867430442	1.267628205128205	1.3024691358024691	0.0	0.0	0.0	0.0	0.0
11087	6.937869822485207	0.0	0.6534296028880866	0.0	0.0	0.6883273164861613	0.0	0.0	8.955116696588869	0.0	0.0	0.0	0.0	0.0	0.0	0.0	14.433147632311977	0.0	0.0	0.0	0.0	0.0	0.0	0.0
11088	9.303370786516854	0.0	0.3333333333333333	0.0	1.0256410256410255	0.0	0.0	0.0	6.599489795918367	0.0	0.0	0.0	0.0	0.0	0.0	0.0	11.74439461883408	0.0	2.111111111111111	0.0	0.0	0.0	0.0	0.0
11089	10.960176991150442	0.0	0.0	0.0	0.0	0.0	0.0	0.0	6.741176470588235	0.0	0.0	0.0	0.27106227106227104	0.0	0.0	0.0	12.32512315270936	0.0	0.0	0.0	0.0	0.0	0.0	0.0
11090	7.2332955832389585	0.0	0.0	0.0	0.4025157232704403	0.0	0.0	0.0	9.806588735387885	0.0	0.0	0.0	0.0	0.0	0.0	0.0	13.80952380952381	0.0	0.7223719676549866	0.0	0.0	0.0	0.0	0.6684636118598383
11091	6.918309859154929	0.0	0.0	0.0	1.2376237623762376	0.0	0.0	0.0	15.462093862815884	0.0	0.0	0.0	0.0	0.0	0.0	0.0	17.321656050955415	0.0	0.010666666666666666	0.0	0.0	0.0	0.0	0.0
11092	9.589147286821705	0.0	0.5052083333333334	0.0	0.0	0.0	0.0	0.0	4.072599531615925	0.0	0.0	0.0	0.0	0.0	0.0	0.0	9.145067698259188	0.0	0.0	0.0	0.0	0.0	0.0	0.0
11093	9.01923076923077	0.0	0.0	0.0	0.0	0.0	0.0	0.0	10.444805194805195	0.0	0.0	0.0	0.0	0.0	0.0	0.0	14.998058252427185	0.0	1.7424242424242424	0.0	0.0	0.0	0.0	0.0
11094	9.529469548133596	0.0	0.0	0.0	0.0	0.0	0.0	0.0	8.569430569430569	0.0	0.209992193598751	0.0	0.0	0.0	0.0	0.0	11.00943396226415	0.0	0.0	0.0	0.0	0.0	0.0	0.0
11095	8.416867469879518	0.0	0.0	0.0	0.0	0.0	0.0	0.0	8.534246575342467	0.0	0.0	0.5886939571150097	0.0	0.0	0.0	0.0	10.955445544554456	0.0	0.35477582846003897	0.0	0.0	0.0	0.0	0.0
11096	5.859872611464968	0.0	2.200617283950617	0.0	0.0	0.0	0.0	0.0	5.685667752442996	0.44135802469135804	0.0	0.0	0.8209876543209876	0.0	0.0	0.0	13.553149606299213	0.0	1.3641975308641976	0.0	0.0	0.0	0.0	0.0
11097	16.532846715328468	0.0	0.0	0.0	0.0	1.0467836257309941	0.0	0.0	8.676258992805755	0.6608187134502924	1.0350877192982457	0.0	0.0	0.0	0.0	0.0	23.728	0.0	0.0	0.0	0.935672514619883	0.0	0.0	0.0
11098	3.4166666666666665	0.0	3.466666666666667	0.0	0.0	0.0	0.0	0.0	7.516666666666667	0.9833333333333333	0.0	0.0	0.0	0.0	0.0	0.0	4.24	0.0	0.775	0.0	0.0	0.0	0.0	0.0
11099	8.740802675585284	0.0	0.0	0.0	0.1792452830188679	0.0	0.0	0.0	12.15677966101695	0.0	0.0	0.7704402515723271	0.0	0.5880503144654088	0.0	0.0	18.00343642611684	0.0	2.272373540856031	0.0	0.0	0.0	0.0	0.0
11100	4.939597315436242	0.0	0.0	0.0	0.0	0.0	0.0	0.0	3.609289617486339	0.0	0.0	0.0	0.0	0.0	0.0	0.0	10.948430493273543	0.0	2.2740286298568506	0.0	0.0	1.0531697341513293	0.0	0.0
11101	9.143864598025388	0.0	0.0	0.0	0.0	0.0	0.0	0.0	4.528550512445095	0.0	0.0	0.0	0.0	0.0	0.0	0.0	8.443313953488373	0.0	0.0	0.0	0.0	0.0	0.0	0.0
11102	8.68095238095238	0.0	0.0	0.0	0.0	0.0	0.0	0.0	13.090909090909092	0.0	0.0	0.0	0.0	0.0	0.0	0.0	8.511627906976743	0.0	0.0	0.0	0.0	0.0	0.0	0.0
11103	7.778947368421052	0.0	0.0	0.0	0.0	0.0	0.0	0.0	8.383647798742139	0.0	0.0	0.0	0.0	0.0	0.0	0.0	15.77948717948718	1.236842105263158	0.0	0.0	0.0	5.626943005181347	0.0	0.0
11104	7.240049751243781	0.0	0.0	0.0	0.0	0.0	0.0	0.0	9.871951219512194	0.5891472868217055	0.0	0.0	2.4143589743589744	0.0	0.0	0.0	18.962627406568515	0.0	0.0	0.0	0.0	0.0	0.0	0.0
11105	10.523076923076923	0.0	0.0	0.0	0.0	0.0	0.0	0.0	5.0246913580246915	0.0	0.0	0.0	0.0	0.0	0.0	0.0	16.188720173535792	0.0	1.0742971887550201	0.0	0.28112449799196787	0.0	0.0	0.0
11106	9.72168284789644	0.0	0.967948717948718	0.0	0.6057692307692307	0.0	0.0	0.0	8.313186813186814	0.0	0.0	0.0	0.0	0.0	0.0	0.0	9.942760942760943	0.0	0.1891025641025641	0.0	0.0	0.0	0.0	0.0
11107	10.364376130198915	0.0	0.0	0.0	0.0	0.0	0.0	0.0	8.176311030741411	0.0	0.0	0.0	0.0	0.0	0.0	0.0	15.991928251121076	0.0	0.0	0.0	0.0	0.9504843918191603	0.0	0.0
11108	5.525883319638456	0.0	0.0	0.0	0.0	0.0	0.0	0.0	8.638123603871929	0.0	0.0	0.0	0.0	0.0	0.0	0.0	15.754844144903117	0.0	0.0	0.0	0.0	0.40145502645502645	0.0	0.0
11109	8.84296875	0.0	0.0	0.0	0.0	0.0	0.0	0.0	10.905688622754491	0.0	0.0	0.0	0.0	0.0	0.0	0.0	13.059469941822883	0.0	0.7668097281831188	0.0	0.0	0.0	0.0	0.0
11110	8.433734939759036	0.0	0.0	0.0	0.0	0.0	0.0	0.0	8.63674762407603	0.0	0.0	0.0	0.0	0.0	0.0	0.0	10.948291782086796	0.0	1.5029093931837074	0.0	0.0	0.0	0.0	0.0
11111	8.222996515679442	0.0	0.04090909090909091	0.0	0.0	0.0	0.0	0.0	4.697247706422019	0.0	0.0	0.0	0.0	0.0	0.0	0.0	12.965447154471544	0.0	1.4485666104553119	0.0	0.0	0.0	0.0	0.0
11112	10.035714285714286	0.0	0.0	0.0	0.0	0.0	0.0	0.0	6.349462365591398	1.0228310502283104	0.0	0.0	0.0	3.958904109589041	0.0	0.0	18.646153846153847	0.0	0.0	0.0	0.0	0.0	0.0	0.0
11113	8.53736991485336	0.0	0.0	0.0	0.0	0.0	0.0	0.0	5.887744593202884	0.08922558922558922	0.0	0.0	0.0	0.04292929292929293	0.0	0.0	13.613084112149533	0.0	0.0	0.0	0.0	1.1897746967071057	0.0	0.0
11114	14.383403361344538	0.0	0.0	0.0	0.0	0.0	0.0	0.0	7.408323959505062	0.0	0.0	0.0	0.0	0.0	0.0	0.0	10.630291627469425	0.0	0.2526487367563162	0.0	0.0	0.0	0.0	0.0
11115	7.006932409012132	0.0	0.0	0.0	0.0	0.0	0.0	0.0	7.538536585365853	0.42857142857142855	0.0	0.0	0.0	0.0	0.0	0.0	9.816618911174785	0.0	0.957936507936508	0.0	0.0	0.28095238095238095	0.0	0.0
11116	4.72020725388601	0.0	0.0	0.0	0.0	0.0	0.0	0.0	2.3943661971830985	0.0	0.0	0.0	0.0	0.0	0.0	0.0	10.61744966442953	0.0	0.02032520325203252	0.0	0.0	0.5528455284552846	0.0	0.0
11117	8.782961460446247	0.0	0.0	0.0	0.0	0.0	0.0	0.0	5.671604938271605	0.0	0.0	0.0	0.45315161839863716	0.0	0.0	0.0	15.225833333333334	0.0	0.0	0.0	0.0	0.0	0.0	0.0
11118	11.082815734989648	0.0	0.0	0.0	0.0	0.0	0.0	0.0	8.38255033557047	0.0	0.0	0.0	0.0	0.0	0.0	0.0	9.138613861386139	0.0	1.3850931677018634	0.0	0.0	0.0	0.0	0.0
11119	11.051282051282051	0.0	0.0	0.0	1.0029498525073746	0.0	0.0	0.0	9.214285714285714	0.0	0.0	0.0	0.0	0.0	0.0	0.0	8.775811209439528	0.0	0.0	0.0	0.0	0.0	0.0	0.0
11120	8.104312938816449	0.0	0.0	0.0	0.0	0.0	0.0	0.0	3.759	0.3629242819843342	0.0	0.0	0.0	0.0	0.0	0.0	14.373001776198935	0.0	1.3646649260226285	0.0	0.0	0.2863359442993908	0.0	0.0
11121	11.074074074074074	0.0	0.0	0.0	0.0	0.0	0.0	0.0	9.13443396226415	0.0	0.0	0.0	0.0	0.0	0.0	0.0	10.016181229773462	0.0	0.7875243664717348	0.0	0.0	0.0	0.0	0.0
11122	5.755813953488372	0.0	0.0	0.0	0.0	0.0	0.0	0.0	12.34959349593496	0.0	0.0	0.0	0.0	0.0	0.0	0.0	7.243727598566308	0.0	0.0	0.0	0.0	0.0	0.0	0.0
11123	11.617021276595745	0.0	0.0	0.0	0.0	0.35667963683527887	0.0	0.0	8.97134670487106	0.0	0.0	0.0	0.0	0.0	0.0	0.0	10.46236559139785	0.4254215304798962	2.0221914008321775	0.0	0.0	0.24124513618677043	0.0	0.0
11124	12.109649122807017	0.0	0.0	0.0	0.0	0.023166023166023165	0.0	0.0	6.890322580645162	0.0	0.0	0.0	0.0	0.0	0.0	0.0	14.096423017107309	0.0	0.8185328185328186	0.0	0.0	0.0	0.0	0.0
11125	9.445219818562457	0.0	0.0	0.0	0.0	0.0	0.0	0.0	7.997265268915223	0.0	0.0	0.0	0.0	0.16565656565656567	0.0	0.0	9.764897959183674	0.0	0.0	0.0	0.0	0.232996632996633	0.0	0.0
11126	10.600825877494838	0.0	0.0	0.0	0.6626506024096386	0.0	0.0	0.0	8.607828655834565	0.0	0.0	0.0	0.0	0.0	0.0	0.0	12.40566037735849	0.0	0.1927710843373494	0.0	0.0	0.6331994645247657	0.0	0.0
11127	4.041666666666667	0.0	0.0	0.0	0.0	0.0	0.0	0.0	3.4508196721311477	0.0	0.0	0.0	0.0	0.0	0.0	0.0	8.284722222222221	0.0	0.0	0.0	0.006944444444444444	0.0	0.0	0.0
11128	11.090133982947625	0.0	0.0	0.0	0.0	0.0	0.0	0.0	13.124843945068664	0.0	0.0	0.0	0.0	0.0	0.0	0.0	10.59727385377943	0.0	1.3438202247191011	0.0	0.0	0.0	0.0	0.0
11129	13.1976401179941	0.0	0.0	0.0	0.0	0.0	0.0	0.0	5.204188481675392	0.0	0.0	0.0	0.0	0.0	0.0	0.0	12.518835616438356	0.0	0.0	0.0	0.0	0.0	0.0	0.0
11130	9.43598233995585	0.0	1.0	0.0	0.0	0.0	0.0	0.0	9.252199413489736	0.0	0.0	0.0	0.0	0.7472406181015453	0.0	0.0	12.673723536737235	0.0	0.0	0.0	0.0	0.7938751472320377	0.0	0.0
11131	10.714634146341464	0.0	0.0	0.0	0.0	0.0	0.0	0.0	13.904651162790698	0.0	0.0	0.0	0.0	0.0	0.0	0.0	17.006711409395972	0.0	0.5414364640883977	0.0	0.0	1.449355432780847	0.0	0.0
11132	8.326086956521738	0.0	1.7678571428571428	0.0	0.0	0.0	0.0	0.0	5.803571428571429	0.0	0.0	0.0	0.0	0.35714285714285715	0.0	0.0	11.94047619047619	0.0	0.06547619047619048	0.0	0.0	0.0	0.0	0.0
11133	8.944444444444445	0.0	0.0	0.0	0.0	0.0	0.0	0.0	4.412121212121212	0.0	0.0	0.0	0.0	0.0	0.0	0.0	14.235294117647058	0.8434343434343434	0.0	0.0	0.0	0.0	0.0	0.0
11134	4.22365988909427	0.0	0.5688225538971807	0.0	0.0	0.0	0.0	0.0	4.989945155393053	0.0	0.0	0.0	0.0	0.0	0.0	0.0	4.344763670064875	0.0	0.0	0.0	0.0	0.0	0.0	0.0
11135	10.298076923076923	0.0	1.7094972067039107	0.0	0.0	0.2085661080074488	0.0	0.0	4.1992409867172675	0.0	0.0	0.0	0.0	0.0	0.0	0.0	9.416498993963783	0.0	0.0	0.0	0.0	0.0	0.0	0.0
11136	9.11320754716981	0.0	0.528052805280528	0.0	0.0	0.0	0.0	0.0	8.674698795180722	0.0	0.0	0.0	0.0	0.0	0.0	0.0	17.735408560311285	0.0	0.0	0.0	0.9834983498349835	0.0891089108910891	0.0	0.0
11137	11.71875	0.0	0.0	0.0	0.0	0.0	0.0	0.0	6.012658227848101	0.0	0.0	0.0	0.0	0.0	0.0	0.0	14.177083333333334	0.0	0.0	0.0	0.0	0.0	0.0	0.0
11138	11.150887573964496	0.0	0.0	0.0	0.0	0.0	0.0	0.0	7.756923076923077	0.5989159891598916	0.0	0.0	0.8184281842818428	0.0	0.0	0.0	14.440828402366863	0.0	0.0	0.0	0.0	0.0	0.0	0.0
11139	9.2736974262398	0.0	0.0	0.0	0.0	0.0	0.0	0.0	8.757207890743551	0.0	0.0	0.0	0.0	0.0	0.0	0.0	9.32125	0.0	0.0	0.0	0.0	0.0	0.0	0.0
11140	5.051796157059315	0.0	0.0	0.0	0.7612903225806451	0.0	0.0	0.0	9.253452477660439	0.0	0.0	0.0	0.0	0.0	0.0	0.0	13.472054380664652	0.0	0.0	0.0	0.0	0.2086021505376344	0.0	0.0
11141	3.519083969465649	0.0	0.0	0.0	0.0	0.0	0.0	0.0	2.798611111111111	0.0	1.2361111111111112	0.0	0.0	0.0	0.0	0.0	6.25	0.0	0.0	0.0	0.0	0.0	0.0	0.0
11142	10.866863905325443	0.0	0.0	0.0	0.0	0.0	0.0	0.0	7.816720257234727	0.0	0.0	0.0	1.157814871016692	0.0	0.0	0.0	12.329032258064515	0.0	0.0	0.0	0.0	0.0	0.0	0.0
11143	5.198189134808853	0.0	0.0	0.0	0.0	0.0	0.0	0.0	7.971932638331997	0.0	0.0	0.0	0.0	0.0	0.0	0.0	9.658721560130012	0.0	0.0	0.0	0.0	0.0	0.0	0.0
11144	11.096296296296297	0.0	0.0	0.0	0.0	0.0	0.0	0.0	5.631372549019608	0.0	0.0	0.0	0.0	0.0	0.0	0.0	7.247663551401869	0.0	0.3011844331641286	0.0	0.043993231810490696	0.0	0.0	0.0
11145	9.34108527131783	0.0	0.0	0.0	0.0	0.0	0.0	0.0	3.389473684210526	0.5527777777777778	0.0	0.0	1.45	0.0	0.0	0.0	9.511111111111111	0.0	0.9127725856697819	0.0	0.0	0.08055555555555556	0.0	0.0
11146	10.94314381270903	0.0	0.0	0.0	0.0	0.0	0.0	0.0	7.626760563380282	0.0	0.0	0.0	1.1612021857923498	0.0	0.0	0.0	11.007380073800737	0.0	6.0213523131672595	0.0	0.0	0.0	0.0	0.0
11147	5.722466960352423	0.0	0.0	0.0	0.45652173913043476	0.0	0.0	0.0	7.66195652173913	0.0	0.0	0.0	0.0	0.0	0.0	0.0	11.965811965811966	0.0	1.1152219873150107	0.0	0.07608695652173914	0.348731884057971	0.0	0.0
11148	11.805555555555555	0.0	0.0	0.0	0.0	0.0	0.0	0.0	4.473265073947668	0.0	0.0	0.0	0.0	0.0	0.0	0.0	5.89042675893887	0.0	1.033932135728543	0.0	0.0	0.0	0.0	0.0
11149	6.475945017182131	0.0	0.0	0.0	0.0	0.0	0.0	0.0	8.874003189792663	0.0	0.0	0.6857142857142857	0.0	0.846031746031746	0.0	0.0	7.6912114014251785	0.0	0.0	0.0	0.0	1.753968253968254	0.0	0.0
11150	14.364928909952607	0.0	0.0	0.0	0.0	0.0	0.0	0.0	6.977337110481586	0.0	0.0	0.0	0.8652482269503546	0.0	0.0	0.0	15.209205020920502	0.0	0.0	0.0	0.0	0.0	0.0	0.0
11151	10.997455470737913	0.5241730279898219	1.6488549618320612	0.0	0.05089058524173028	0.0	0.0	0.0	8.11413043478261	0.0	0.0	0.0	0.0	3.236641221374046	0.0	0.0	11.173027989821882	0.0	0.6412213740458015	0.0	0.0	0.061068702290076333	0.0	0.0
11152	7.772030651340996	0.0	0.0	0.0	2.6518046709129512	0.0	0.0	0.0	7.865909090909091	0.0	0.0	0.0	1.132183908045977	0.0	0.0	0.0	6.007984031936128	0.0	0.0	0.0	0.0	0.0	0.0	0.0
11153	10.933450087565674	0.0	0.0	0.0	0.0	0.0	0.0	0.0	12.300664451827242	0.0	0.0	0.0	0.044444444444444446	0.0	0.0	0.0	6.533541341653666	0.0	0.0	0.0	0.0	0.0	0.0	0.0
11154	6.383495145631068	0.0	0.7868480725623582	0.0	0.7868480725623582	0.0	0.0	0.0	6.3580246913580245	0.0	0.0	0.0	0.0	0.0	0.0	0.0	10.039344262295081	0.0	0.0	0.0	0.0	0.0	0.0	0.0
11155	8.86376811594203	0.0	0.0	0.0	0.0	0.0	0.0	0.0	6.453924914675768	0.0	0.0	0.0	0.0	0.0	0.0	0.0	17.843373493975903	0.0	0.0	0.0	0.0	0.0	0.0	0.0
11156	9.584192439862543	0.2345679012345679	0.0	0.0	0.0	0.0	0.0	0.0	5.08641975308642	0.0	0.0	0.0	1.3271604938271604	0.0	0.0	0.0	9.518771331058021	0.0	0.0	0.0	0.0	0.0	0.0	0.0
11157	6.035897435897436	0.0	1.1590214067278288	0.0	0.0	0.0	0.0	0.0	8.196875	0.0	0.0	0.0	0.0	0.0	0.0	0.0	8.505454545454546	0.0	0.0	0.0	0.0	0.0	0.0	0.0
11158	11.944954128440367	0.0	1.7899159663865547	0.0	0.0	0.0	0.0	0.0	9.561759729272419	0.0	0.0	0.0	0.0	0.9257703081232493	0.0	0.0	12.381703470031546	0.0	0.0	0.0	0.0	0.0	0.0	0.0
11159	6.135593220338983	0.0	0.0	0.0	0.0	0.0	0.0	0.0	13.004494382022472	0.0	0.0	0.0	0.0	0.0	0.0	0.0	9.150990099009901	0.0	0.0	0.0	0.0	0.6331236897274634	0.0	0.0
11160	10.254601226993865	0.0	0.0	0.0	0.0	0.0	0.0	0.0	7.963235294117647	0.0	0.0	0.0	0.0	0.0	0.0	0.0	10.155063291139241	0.0	0.7401960784313726	0.0	0.0	0.0	0.0	0.0
11161	11.84	0.0	0.45791245791245794	0.0	0.0	0.0	0.0	0.0	7.173387096774194	0.0	0.0	0.6734006734006734	0.0	0.0	0.0	0.0	9.95067264573991	0.0	0.0	0.0	0.0	0.0	0.0	0.0
11162	4.342704149933065	0.0	0.0	0.0	0.0	0.30597014925373134	0.0	0.0	5.618403247631935	0.0	0.0	0.0	0.0	0.0	0.0	0.0	11.722408026755852	0.0	0.0	0.0	0.0	0.0	0.0	0.0
11163	9.772287862513426	0.0	0.0	0.0	0.0	0.20281124497991967	0.0	0.0	6.275730622617535	0.0	0.0	0.0	0.0	0.23493975903614459	0.0	0.0	12.884248210023866	0.0	0.015060240963855422	0.0	0.0	0.0	0.0	0.0
11164	10.807644882860666	0.0	0.0	0.0	0.0	0.0	0.0	0.0	5.92991239048811	0.4075382803297998	0.0	0.0	0.0	0.0	0.0	0.0	9.150337837837839	0.0	0.0	0.0	0.0	0.0	0.0	0.0
11165	9.921739130434782	0.0	0.0	0.0	0.0	0.0	0.0	0.0	5.684410646387833	0.0	0.0	0.0	1.3574660633484164	0.0	0.0	0.0	8.305810397553516	0.0	0.22473604826546004	0.0	0.0	0.22624434389140272	0.0	0.0
11166	6.302583025830258	0.0	0.23848238482384823	0.0	0.0	0.0	0.0	0.0	5.163003663003663	0.0	0.0	0.0	0.0	0.0	0.0	0.0	8.096188747731398	0.0	0.3130081300813008	0.0	0.0	0.0	0.0	0.0
11167	9.58656330749354	0.0	0.0	0.0	0.0	0.0	0.0	0.0	9.121890547263682	0.0	0.0	0.0	0.0	0.0	0.0	0.0	7.889830508474576	0.0	1.1595238095238096	0.0	0.0	0.0	0.0	0.0
11168	13.689700130378096	0.0	0.0	0.0	0.6892230576441103	0.0	0.0	0.0	6.727532097004279	0.0	0.1056338028169014	0.0	0.0	0.0	0.0	0.0	10.4618138424821	0.0	0.8004694835680751	0.0	0.0	0.0	0.0	0.0
11169	4.248826291079812	0.0	0.07560137457044673	0.0	0.0	0.0	0.0	0.0	6.516	0.0	0.0	0.0	0.0	0.0	0.0	0.0	8.204301075268818	0.0	0.0	0.0	0.0	0.15463917525773196	0.0	0.0
11170	5.638838475499092	0.0	0.0	0.0	0.0	0.0	0.0	0.0	6.598333333333334	0.0	0.0	0.5229885057471264	0.0	0.0	0.0	0.0	14.805607476635513	0.0	0.0	0.0	0.0	0.43137254901960786	0.0	0.0
11171	7.928194297782471	0.0	0.0	0.0	0.0	0.0	0.0	0.0	6.534013605442177	0.0	0.0	0.11247165532879819	0.0	0.12698412698412698	0.0	0.0	11.77021494370522	0.0	0.8423423423423423	0.0	0.0	0.1981859410430839	0.0	0.0
11172	7.2272727272727275	0.0	0.0	0.0	0.0	0.0	0.0	0.0	8.70398196844478	0.0	0.0	0.0	1.0422730422730422	0.0	0.0	0.0	13.797010228166798	0.0	0.0	0.0	0.0	0.0	0.0	0.0
11173	9.467320261437909	0.0	0.0	0.0	0.0	0.0	0.0	0.0	5.7851662404092075	0.0	0.0	0.0	0.0	0.0	0.0	0.0	14.214285714285714	0.0	1.0156862745098039	0.0	0.027450980392156862	0.0	0.0	0.0
11174	11.298136645962733	0.0	0.8365296803652968	0.0	0.0	0.0	0.0	0.0	6.808924485125858	0.0	0.0	0.0	0.0	0.0	0.0	0.0	12.853179190751446	0.25753424657534246	0.0	0.0	0.0	0.2146118721461187	0.0	0.0
11175	10.86737400530504	0.0	0.0	0.0	0.0	0.0	0.0	0.0	8.431034482758621	0.34965034965034963	0.0	0.0	0.0	0.0	0.0	0.0	13.466200466200466	0.0	1.86318407960199	0.0	0.0	0.0	0.0	0.0
11176	10.151414309484194	0.0	0.28194993412384717	0.0	0.0	0.0	0.0	0.0	12.82638888888889	0.43346508563899866	0.0	0.0	1.4650856389986824	0.0	0.0	0.0	12.865800865800866	0.0	1.3386034255599473	0.0	0.0	0.9064558629776021	0.0	0.0
11177	4.977777777777778	0.0	0.0	0.0	0.0	0.0	0.0	0.0	2.188505747126437	0.0	0.0	0.0	0.9748743718592965	0.0	0.0	0.0	11.125	0.0	0.0	0.0	0.0	0.0	0.0	0.0
11178	15.534391534391535	0.0	0.0	0.0	0.0	0.14285714285714285	0.0	0.0	12.083969465648854	0.26455026455026454	0.0	0.5185185185185185	0.0	0.0	0.0	0.0	24.16025641025641	0.0	0.0	0.0	0.0	0.0	0.0	0.0
11179	11.605263157894736	0.0	0.0	0.0	0.0	0.0	0.0	0.0	16.395209580838323	0.0	0.0	0.0	1.0049751243781095	0.0	0.0	0.0	6.315985130111524	0.0	2.297979797979798	0.0	0.0	0.0	0.0	0.0
11180	12.242494226327944	0.0	0.3632183908045977	0.0	0.9586206896551724	0.0	0.0	0.0	10.729299363057326	0.5977011494252874	0.0	0.0	0.0	0.0	0.0	0.0	16.975806451612904	0.0	0.0	0.0	0.0	0.9540229885057471	0.0	0.0
11181	6.564245810055866	0.0	0.0	0.0	0.4797979797979798	0.0	0.0	0.0	10.757575757575758	0.0	0.0	0.0	0.0	0.0	0.0	0.0	9.087209302325581	0.0	0.0	0.0	0.0	0.0	0.0	0.0
11182	12.348484848484848	0.0	0.0	0.0	0.0	0.0	0.0	0.0	10.884848484848485	0.0	0.0	0.0	1.564102564102564	0.0	0.0	0.0	16.04830917874396	0.0	0.0	0.0	0.0	0.0	0.0	0.0
11183	0.0	0.0	0.0	0.0	0.0	0.0	0.0	0.0	0.0	0.0	0.0	0.0	0.0	0.0	0.0	0.0	2.4925373134328357	0.0	0.0	0.0	0.0	0.0	0.0	0.0
11184	10.537433155080214	0.0	0.0	0.0	0.5563549160671463	0.1498800959232614	0.0	0.0	11.716951788491446	0.0	0.0	0.0	0.0	0.0	0.0	0.0	10.18040435458787	0.0	0.9904076738609112	0.0	0.0	0.0	0.0	0.0
11185	8.284313725490197	0.0	0.0	0.0	0.9099099099099099	0.0	0.0	0.0	11.085585585585585	0.0	0.0	0.0	1.2207207207207207	0.0	0.0	0.0	11.062857142857142	0.0	1.045045045045045	0.0	0.0	0.0	0.0	0.0
11186	12.167315175097276	0.0	0.0	0.0	0.5306122448979592	0.0	0.0	0.0	15.431111111111111	0.0	0.4557823129251701	0.0	0.0	0.0	0.0	0.0	17.8	0.0	1.2448979591836735	0.0	0.0	0.0	0.0	0.0
11187	12.175355450236967	0.0	1.7842377260981912	0.0	0.0	0.1937984496124031	0.0	0.0	6.617449664429531	0.06330749354005168	0.0	0.0	0.0	0.0	0.0	0.0	19.33068362480127	0.0	0.0	0.0	0.0	0.0	0.0	0.0
11188	9.934628975265017	0.0	0.0	0.0	0.0	0.0	0.0	0.0	12.192307692307692	0.0	0.0	0.0	0.0	0.0	0.0	0.0	14.006012024048097	0.0	0.6682098765432098	0.0	0.0	0.0	0.0	0.0
11189	8.056092843326885	0.0	0.0	0.0	0.0	0.0	0.0	0.0	9.611853088480801	0.0	0.0	0.0	0.0	0.0	0.0	0.0	14.705937794533458	0.0	0.05110062893081761	0.0	0.24371069182389937	0.0	0.0	0.0
11190	9.919014084507042	0.0	0.0	0.0	0.0	0.0	0.0	0.0	9.593272171253822	0.0	0.007936507936507936	0.0	0.0	0.0	0.0	0.0	14.524539877300613	0.0	0.0	0.0	0.0	0.0	0.0	0.0
11191	11.010683760683762	0.0	0.0	0.0	0.0	0.0	0.0	0.0	7.637362637362638	0.0	0.0	0.0	0.0	0.0	0.0	0.0	18.06234413965087	0.0	0.0	0.0	1.2991452991452992	0.0	0.0	0.0
11192	9.241379310344827	0.0	0.0	0.0	0.792022792022792	0.0	0.0	0.0	9.889070146818923	0.0	0.0	0.0	1.2763532763532763	0.0	0.0	0.0	12.46774193548387	0.0	0.0	0.0	0.0	0.0	0.0	0.0
11193	6.980424143556281	0.0	0.861244019138756	0.0	0.0	0.0	0.0	0.0	10.864978902953586	0.0	0.0	0.0	0.0	0.0	0.0	0.0	13.099159663865546	0.0	1.0079744816586922	0.0	0.0	0.0	0.0	0.0
11194	9.431818181818182	0.0	0.0	0.0	0.0	0.0	0.0	0.0	14.503048780487806	0.0	0.0	0.0	0.0	0.328042328042328	0.0	1.5238095238095237	8.729577464788733	0.0	0.3783068783068783	0.0	0.0	1.560846560846561	0.0	0.0
11195	5.647896879240163	0.0	0.0	0.0	1.0521582733812949	0.0	0.0	0.0	7.3320522674865485	0.0	0.0	0.0	0.0	0.0	0.0	0.0	9.049512378094523	0.0	0.0	0.0	0.0	0.0	0.0	0.0
11196	11.794871794871796	0.0	0.0	0.0	0.0	0.0	0.0	0.0	9.950832072617247	0.0	0.0	0.0	0.7993055555555556	0.0	0.0	0.0	15.797802197802199	0.0	1.2174629324546953	0.0	0.0	0.0	0.0	0.0
11197	10.26517571884984	0.0	0.7396825396825397	0.0	0.0	0.0	0.0	0.0	7.003636363636364	0.0	0.0	0.0	0.0	0.0	0.0	0.0	8.80281690140845	0.0	1.073015873015873	0.0	0.5968253968253968	0.0	0.0	0.0
11198	7.193069306930693	0.0	0.0	0.0	0.39473684210526316	0.0	0.0	0.0	4.333333333333333	0.0	0.0	0.0	2.8508771929824563	0.0	0.0	0.0	5.256281407035176	0.0	2.06140350877193	0.0	0.0	0.0	0.0	0.0
11199	9.35931790499391	0.0	0.30401737242128124	0.0	1.4636264929424538	0.0	0.0	0.0	7.894670050761421	0.0	0.0	0.0	0.0	0.4028230184581976	0.0	0.0	10.945241199478488	0.0	1.2048969072164948	0.0	0.0	0.0	0.0	0.0
11200	9.974269005847953	0.0	0.0	0.0	0.4386473429951691	0.0	0.0	0.0	7.813765182186235	0.0	0.0	0.0	0.9938900203665988	0.0	0.0	0.0	9.275633958103638	0.0	0.8879227053140096	0.0	0.0	0.0	0.0	0.0
11201	8.713408393039918	0.16620498614958448	0.0	0.0	0.0	0.0	0.0	0.0	7.8381374722838135	0.0	0.8365650969529086	0.0	0.5800256081946222	0.0	0.0	0.0	15.36946386946387	0.0	0.0	0.0	0.8254847645429363	0.0	0.0	0.0
11202	9.121951219512194	0.0	3.092857142857143	0.0	0.0	0.0	0.0	0.0	7.62037037037037	0.0	0.0	0.0	0.0	0.0	0.0	0.0	14.11111111111111	0.0	0.0	0.0	0.0	0.8425925925925926	0.0	0.0
11203	7.101515151515152	0.0	0.0	0.0	0.0	0.0	0.0	0.0	8.599721059972106	0.0	0.0	0.08530183727034121	0.7926509186351706	0.0	0.0	0.0	13.712744436952123	0.0	1.0892388451443569	0.0	0.3838582677165354	0.4389763779527559	0.0	0.0
11204	0.0	0.0	0.0	0.0	0.0	0.0	0.0	0.0	0.0	0.0	0.0	0.0	0.0	0.0	0.0	0.0	2.0	0.0	0.0	0.0	0.0	0.0	0.0	0.0
11205	4.349112426035503	0.0	0.0	0.0	0.0	0.0	0.0	0.0	4.808080808080808	0.0	0.0	0.0	0.9625246548323472	0.0	0.0	0.0	9.45107398568019	0.0	0.0	0.0	0.0	0.0	0.0	0.0
11206	9.93287827076223	0.0	0.4904904904904905	0.0	0.0	0.0	0.0	0.0	6.5712841253791705	0.0	0.0	0.0	0.0	0.0	0.0	0.0	16.547344110854503	0.0	1.042042042042042	0.0	0.0	0.5415415415415415	0.0	0.0
11207	11.981958762886597	0.0	1.5864978902953586	0.0	1.1350210970464134	0.0	0.0	0.0	9.388362652232747	0.0	0.0	0.0	0.0	0.0	0.0	0.0	18.07343412526998	0.0	0.7858649789029536	0.0	0.4989451476793249	0.0	0.0	0.0
11208	11.081604426002766	0.0	0.7981770833333334	0.0	0.0	0.0	0.0	0.0	10.326558265582657	0.0	0.0	0.0	0.3528645833333333	0.0	0.0	0.0	12.071428571428571	0.0	0.4244791666666667	0.0	0.0	0.0	0.0	0.0
11209	14.963855421686747	0.0	0.4425287356321839	0.0	0.853448275862069	0.0	0.0	0.0	11.410569105691057	0.0	0.0	0.0	0.0	0.867816091954023	0.0	0.0	8.183908045977011	0.0	0.8649425287356322	0.0	0.0	0.0	0.0	0.0
11210	5.86404833836858	0.0	0.0	0.0	0.0	0.0	0.0	0.0	1.335149863760218	0.0	0.0	0.0	0.0	0.0	0.0	0.0	12.648829431438127	0.0	0.0	0.0	0.0	0.0	0.0	0.0
11211	7.730703259005145	0.0	0.0	0.0	0.7661290322580645	0.0	0.0	0.0	7.652430044182622	0.4381720430107527	0.0	0.0	0.5806451612903226	0.0	0.0	0.0	13.089795918367347	0.0	0.0	0.0	0.0	0.0	0.0	0.0
11212	8.727765726681127	0.0	1.6775362318840579	0.0	1.1503680336487907	0.0	0.0	0.0	11.240857503152585	0.0	0.0	0.0	0.0	0.0	0.0	0.0	13.313549832026876	0.0	0.4422187981510015	0.0	0.0	0.0	0.0	0.0
11213	8.58392999204455	0.0	0.0	0.0	0.0	0.0	0.0	0.0	5.94240317775571	0.0	0.0	0.0	0.0	0.0	0.0	0.0	15.03000882612533	0.0	0.9299461123941494	0.0	0.0	0.0	0.0	0.0
11214	9.162732919254658	0.0	0.30538922155688625	0.0	0.812807881773399	0.0	0.0	0.0	6.250580046403712	0.0	0.1536926147704591	0.0	0.0	0.0	0.0	0.0	13.242014742014742	0.0	0.0	0.0	0.0	0.0	0.0	0.0
11215	5.988256549232159	0.0	0.0	0.0	0.05104408352668213	0.0	0.0	0.0	6.737108190091001	0.0	0.0	0.0	0.0	0.0	0.0	0.0	7.550047664442326	0.0	0.6303170920340294	0.0	0.0	0.0	0.0	0.0
11216	8.033333333333333	0.0	1.009049773755656	0.0	0.0	0.0	0.0	0.0	5.822107081174439	0.0	0.0	0.0	0.0	0.0	0.0	0.0	7.9206896551724135	0.0	2.81447963800905	0.0	0.0	0.0	0.0	0.0
11217	8.777256740914419	0.0	0.0	0.0	0.0	0.0	0.0	0.0	7.070077864293659	0.0	0.24646464646464647	0.0	0.0	0.0	0.0	0.0	19.204496788008566	0.0	0.9030303030303031	0.0	0.0	0.0	0.0	0.0
11218	13.312	0.0	0.0	0.0	0.0	0.0	0.0	0.0	9.171821305841924	0.0	0.0	0.0	0.0	0.0	0.0	0.0	13.133333333333333	0.0	0.0	0.0	0.0	0.27491408934707906	0.0	0.8213058419243986
11219	9.2012012012012	0.0	0.0	0.0	0.0	0.0	0.0	0.0	4.672535211267606	2.054054054054054	0.0	0.0	0.36036036036036034	0.0	0.0	0.0	10.79016393442623	0.0	0.25225225225225223	0.0	0.0	0.0	0.0	0.0
11220	7.213649851632048	0.0	0.0	0.0	0.0	0.0	0.0	0.0	5.211663066954643	0.0	0.0	0.0	0.0	0.0	0.0	0.0	8.16010498687664	0.0	0.0	0.0	0.0	0.0	0.0	0.0
11221	4.089622641509434	0.0	0.0	0.0	0.0	0.0	0.0	0.0	6.043233082706767	0.0	0.7357512953367875	0.0	0.0	0.0	0.0	0.0	9.129390018484289	0.0	0.0	0.0	0.0	0.0	0.0	0.0
11222	10.077058823529411	0.0	0.0	0.0	0.0	0.0	0.0	0.0	6.196054254007398	0.0	0.0	0.0	0.8154027042915932	0.0	0.0	0.0	14.053289473684211	0.0	1.0268410185822436	0.0	0.0	0.0	0.0	0.0
11223	2.185022026431718	0.0	0.0	0.0	1.017751479289941	0.0	0.0	0.0	14.2603550295858	0.0	0.0	0.0	0.0	0.0	0.0	0.0	9.730232558139535	0.0	1.2543859649122806	0.0	0.0	0.0	0.0	0.0
11224	4.5350089766606825	0.0	0.0	0.0	0.0	0.0	0.0	0.0	6.084380610412927	0.0	0.0	0.0	0.0	0.0	0.0	0.0	5.482874412357287	0.0	0.9373278236914601	0.0	0.0	0.0	0.0	0.0
11225	0.0	0.0	0.0	0.0	0.0	0.0	0.5784313725490197	0.0	0.0	0.0	1.8571428571428572	0.25297619047619047	0.0	0.0	0.0	5.51417004048583	0.0	2.6964285714285716	1.7142857142857142	10.092261904761905	0.0	0.0	4.1	4.105072463768116
11226	17.58677685950413	0.0	1.9523809523809523	0.0	0.0	0.0	0.0	0.0	12.090252707581227	0.0	0.0	0.0	0.0	0.0	0.0	0.0	11.55015197568389	0.0	0.0	0.0	0.0	2.2296918767507004	0.0	0.0
11227	10.788150807899461	0.7442244224422442	0.9653679653679653	1.117363344051447	0.6079545454545454	1.4834054834054835	0.0	1.1905537459283388	12.847154471544716	4.701342281879195	2.1197411003236244	0.0	0.0	0.911864406779661	0.0	1.3176043557168784	20.89511754068716	3.206953642384106	6.007797270955166	3.9554896142433233	0.0	2.9864864864864864	0.5432900432900433	3.393939393939394
11228	7.090322580645161	1.0918635170603674	0.0	0.0	0.0	0.0	0.0	0.0	6.785876993166287	0.0	0.0	0.0	0.39173228346456695	0.0	0.0	0.0	9.699658703071673	0.0	0.0	0.0	0.0	0.0	0.0	0.0
11229	6.744619799139167	0.0	0.0	0.0	0.0	0.0	0.0	0.0	6.566833452466047	0.0	0.0	0.0	1.0507936507936508	0.0	0.0	0.0	11.442962962962962	0.0	0.0	0.0	0.0	0.0	0.0	0.0
11230	11.743119266055047	0.0	1.2204545454545455	0.0	0.0	0.0	0.0	0.0	6.515477792732167	0.08539094650205761	0.0	0.0	0.06790123456790123	0.0	0.0	0.0	13.59128386336867	0.0	0.0	0.0	0.0	0.0	0.0	0.9366626065773447
11231	10.312056737588652	0.0	0.0	0.0	0.0	0.0	0.0	0.0	8.083636363636364	0.0	0.0	0.0	0.0	0.0	0.0	0.0	15.182795698924732	0.0	0.8618618618618619	0.0	0.0	0.0	0.0	0.0
11232	11.019471488178025	0.0	0.0	0.0	0.0	0.0	0.0	0.0	7.948217317487266	0.0	0.0	0.0	0.11738857501569366	0.0	0.0	0.0	10.637362637362637	0.0	0.645323289391086	0.0	0.0	0.0	0.0	0.0
11233	10.563417890520695	0.0	1.0063775510204083	0.0	0.0	0.0	0.0	0.0	9.070028011204482	0.0	0.050697084917617236	0.0	0.0	0.4309252217997465	0.0	0.0	15.126348228043144	0.0	0.0	0.0	0.0	0.0	0.0	0.0
11234	7.383895131086143	0.0	0.0	0.0	0.0	0.0	0.0	0.0	6.088211046990931	0.0	0.0	0.0	0.0	0.0	0.0	0.0	10.240303541315345	0.0	0.9714946070878274	0.0	0.0	0.0	0.0	0.0
11235	7.12751256281407	0.0	0.3881199538638985	0.0	0.0	0.0	0.0	0.0	9.988154613466333	0.0	0.0	0.0	0.0	0.0	0.0	0.0	13.37044673539519	0.0	0.0	0.0	0.0	0.0	0.0	0.0
11236	14.411042944785276	0.0	0.0	0.0	1.2554112554112553	0.0	0.0	0.0	7.736526946107785	0.0	0.0	0.0	0.0	0.0	0.0	0.0	11.405	0.0	1.2987012987012987	0.0	0.0	0.0	0.0	0.0
11237	9.202614379084967	0.0	0.0	0.0	1.1397849462365592	0.0	0.0	0.0	10.183229813664596	0.0	0.0	0.0	0.0	0.23387096774193547	0.0	0.0	9.770114942528735	0.0	0.7258064516129032	0.0	0.0	0.0	0.0	0.0
11238	11.971544715447154	0.0	1.1318681318681318	0.0	0.0	0.0	0.0	0.0	11.256410256410257	0.0	0.0	0.0	0.0	0.0	0.0	0.0	10.471887550200803	0.0	0.0	0.0	0.0	0.4908424908424908	0.0	0.0
11239	6.142857142857143	0.0	0.0	0.0	0.0	0.0	0.0	0.0	10.616847826086957	0.0	0.0	0.1984126984126984	0.0	0.0	0.0	0.0	14.402542372881356	0.0	0.13756613756613756	0.0	0.0	0.0	0.0	0.0
11240	5.266666666666667	0.0	0.0	0.0	0.0	0.0	0.0	0.0	9.427884615384615	0.0	0.0	0.0	0.0	0.0	0.0	0.0	17.929936305732483	0.0	0.0	0.0	0.0	0.0	0.0	0.0
11241	12.995454545454546	0.0	1.3820713664055702	0.0	0.0	0.0	0.0	0.0	5.952914798206278	0.0	0.0	0.0	0.0	0.0	0.0	0.0	18.364835164835164	0.0	1.6466492602262837	0.0	0.0	0.8876170655567117	0.0	0.0
11242	12.180382377389858	0.0	0.0	0.0	0.0	0.0	0.0	0.0	6.777777777777778	0.0	0.713971397139714	0.0	0.0	0.0	0.0	0.0	19.753401360544217	0.0	3.126543209876543	0.0	0.0	0.0	0.0	0.0
11243	3.949238578680203	0.0	0.0	0.0	0.0	0.0	0.0	0.0	0.0	0.0	0.0	0.0	0.0	0.0	0.0	0.0	0.5488721804511278	0.0	0.0	0.0	0.0	0.0	0.0	0.0
11244	7.70661672908864	0.0	0.0	0.0	0.0	0.0	0.0	0.0	6.823803967327888	0.0	0.0	0.0	0.0	0.0	0.0	0.0	12.771264367816093	0.0	0.0	0.0	0.0	0.0	0.0	0.0
11245	8.973539140022051	0.0	0.0	0.0	1.0771929824561404	0.0	0.0	0.0	9.742002063983488	0.0	0.0	0.0	0.0	0.0	0.0	0.0	12.157377049180328	0.0	1.2242718446601941	0.0	0.0	0.0	0.0	0.0
11246	9.11340206185567	0.0	0.0	0.0	0.5833333333333334	0.0	0.0	0.0	7.323722149410223	0.0	0.0	0.0	0.0	0.0	0.0	0.0	13.799435028248588	0.0	0.0	0.0	0.0	0.0	0.0	0.0
11247	11.14176245210728	0.0	0.0	0.0	0.0	0.0	0.0	0.0	8.75	0.0	0.0	0.0	0.0	0.0	0.0	0.0	11.289024390243902	0.0	0.0	0.0	0.08237547892720307	0.0	0.0	0.0
11248	10.716443927948866	0.0	0.0	0.0	0.0	0.0	0.0	0.0	10.448216340621403	0.0	0.0	0.0	0.3045333333333333	0.0	0.0	0.0	15.832545577312626	0.0	1.1417142857142857	0.0	0.0	0.0	0.0	0.0
11249	9.831541218637993	0.0	0.0	0.0	0.0	0.0	0.0	0.0	13.530465949820789	0.3727598566308244	0.0	0.8494623655913979	0.0	0.0	0.0	0.0	14.837037037037037	0.0	5.509933774834437	0.0	0.0	1.103942652329749	0.0	0.0
11250	9.19916142557652	0.0	0.0	0.0	0.0	0.0	0.0	0.0	8.329545454545455	0.0	0.0	0.0	0.0	0.0	0.0	0.0	9.67728237791932	0.0	2.4918347742555236	0.0	0.0	1.1790476190476191	0.0	0.0
11251	13.629526462395543	0.0	0.0	0.0	0.0	0.0	0.0	0.0	9.990536277602523	0.0	0.0	0.0	0.0	0.0	0.0	0.0	13.88888888888889	0.0	0.234375	0.0	0.0	0.0	0.0	0.0
11252	8.860732984293193	0.0	0.0	0.0	0.5930851063829787	0.0	0.0	0.0	7.974499089253188	0.0	0.0	0.0	0.0	0.11170212765957446	0.0	0.0	11.053521126760563	0.0	0.6445035460992907	0.0	0.0	0.0	0.0	0.0
11253	14.165807560137457	0.0	0.7531135531135531	0.0	0.0	0.0	0.0	0.0	9.689655172413794	0.0	0.0	0.0	0.0	0.0	0.0	0.0	11.202054794520548	0.0	0.0	0.0	0.0	0.0	0.0	0.0
11254	8.896265560165975	0.0	0.0	0.0	0.0	0.0	0.0	0.0	7.755434782608695	0.390625	0.0	0.0	0.6892361111111112	0.0	0.0	0.0	11.457597173144876	0.0	0.0	0.0	0.0	1.6006944444444444	0.0	0.0
11255	5.581176470588235	0.0	0.0	0.0	0.0	0.0	0.0	0.0	5.45945945945946	0.0	0.0	0.0	0.703962703962704	0.0	0.0	0.0	12.126712328767123	0.0	0.0	0.0	0.0	0.331002331002331	0.0	0.0
11256	9.842948717948717	0.0	0.9391025641025641	0.0	0.0	0.0	0.0	0.0	9.077134986225895	0.0	0.0	0.0	0.0	0.0	0.0	0.0	10.611059907834102	0.0	0.0	0.0	0.0	0.0	0.0	0.0
11257	10.275541795665635	0.0	0.0	0.0	0.0	0.0	0.0	0.0	6.059369202226345	0.16972477064220184	0.0	0.0	0.0	0.0	0.0	0.0	14.36111111111111	0.0	1.5507487520798668	0.0	0.0	0.0	0.0	0.0
11258	10.503759398496241	0.0	0.0	0.0	0.0	0.0	0.0	0.0	4.065693430656935	0.0	0.0	0.0	0.0	0.0	0.0	0.0	10.94078947368421	0.0	1.2678571428571428	0.0	0.0	0.0	0.0	0.0
11259	11.458333333333334	0.0	0.0	0.0	0.4270833333333333	0.0	0.0	0.0	10.358823529411765	1.34375	0.0	0.0	0.0	0.0	0.0	0.0	7.552795031055901	0.0	0.0	0.0	0.0	0.0	0.0	0.0
11260	7.339160839160839	0.0	0.0	0.0	0.0	0.0	0.0	0.0	8.095238095238095	0.5109034267912772	0.0	0.0	0.0	0.0	0.0	0.0	9.847107438016529	0.0	0.0	0.5109034267912772	0.0	0.0	0.0	0.0
11261	8.970219435736677	0.0	0.0	0.0	0.0	0.0	0.0	0.0	6.935217903415784	0.0	0.0	0.0	0.0	0.0	0.0	0.0	13.448317307692308	0.0	0.4664310954063604	0.0	0.0	0.0	0.0	0.0
11262	6.107246376811594	0.0	0.6840579710144927	0.0	0.07536231884057971	0.0	0.0	0.0	4.657587548638133	0.0	0.0	0.0	0.0	0.0	0.0	0.0	12.681818181818182	0.0	1.5623188405797102	0.0	0.0	0.0	0.0	0.0
11263	13.807256235827664	0.0	0.0	0.0	0.0	0.0	0.0	0.0	14.252653927813164	0.0	0.0	0.0	1.7961783439490446	0.0	0.0	0.0	12.567073170731707	0.0	1.6390658174097665	0.0	0.0	0.0	0.0	0.0
11264	6.526176275679258	0.0	0.18775995246583482	0.0	0.0	0.0	0.0	0.0	11.782467532467532	0.0	0.0	0.0	0.0	0.0	0.0	0.0	15.340875912408759	0.0	0.0	0.0	0.0	0.0	0.0	0.0
11265	12.025641025641026	0.0	0.0	0.0	0.09689922480620156	0.0	0.0	0.0	8.712962962962964	0.0	0.0	0.0	2.0232558139534884	0.0	0.0	0.0	11.312	0.0	0.0	0.0	0.0	1.6007751937984496	0.0	0.0
11266	11.059613769941226	0.0	0.0	0.0	0.0	0.0	0.0	0.0	7.238615664845173	0.0	0.0	0.0	0.0	0.0	0.0	0.0	13.045496750232127	0.0	0.0	0.0	0.0	0.45883293365307753	0.0	0.0
11267	9.50909090909091	0.0	0.0	0.0	0.0	0.0	0.0	0.0	8.743589743589743	1.3512304250559284	0.0	0.0	2.9932885906040267	0.2953020134228188	0.0	0.0	6.207386363636363	0.0	0.0	0.0	0.0	0.0	0.0	0.5838926174496645
11268	8.992583436341162	0.0	0.0	0.0	0.0	0.0	0.0	0.0	10.183531746031745	0.0	0.0	0.0	0.0	0.5833333333333334	0.0	0.0	21.285714285714285	0.0	0.2777777777777778	0.0	0.0	0.0	0.0	0.7624521072796935
11269	16.340557275541794	0.0	0.0	0.0	0.7107438016528925	0.0	0.0	0.0	9.426923076923076	0.0	0.0	0.0	3.325503355704698	1.2479338842975207	0.0	1.5702479338842976	14.861486486486486	0.0	0.0	0.0	0.0	7.9476584022038566	0.0	0.0
11270	11.099009900990099	0.0	1.0119047619047619	0.0	1.6726190476190477	0.0	0.0	0.0	4.291666666666667	0.0	0.0	0.0	0.0	0.0	0.0	0.0	14.99367088607595	0.0	1.3869047619047619	0.0	0.0	0.0	0.0	0.0
11271	9.532338308457712	0.0	0.4033970276008493	0.0	1.464968152866242	0.0	0.0	0.0	11.039634146341463	1.8531468531468531	0.0	0.0	0.0	0.0	0.0	0.9299363057324841	20.345454545454544	0.0	1.3503184713375795	0.0	0.0	2.023354564755839	0.0	1.0
11272	7.701086956521739	0.0	0.0	0.0	0.0	0.0	0.0	0.0	7.357723577235772	0.0	0.0	0.0	0.0	0.0	0.0	0.0	8.845272206303726	0.0	0.5067750677506775	0.0	0.0	0.0	0.0	0.0
11273	7.8273809523809526	0.0	0.0	0.0	0.0	0.0	0.0	0.0	4.7889908256880735	0.0	0.0	0.0	0.0	0.0	0.0	0.0	26.220973782771537	0.0	0.3630952380952381	0.0	0.0	0.0	0.0	0.0
11274	6.263440860215054	0.0	1.1353383458646618	0.0	0.6240601503759399	0.0	0.0	0.0	4.6561264822134385	0.0	0.0	0.0	0.0	0.0	0.0	0.0	9.558823529411764	0.0	0.0	0.0	0.03508771929824561	0.3208020050125313	0.0	0.0
11275	6.217543859649123	0.0	1.7894736842105263	0.0	0.0	0.0	0.0	0.0	7.369918699186992	0.0	0.0	0.0	0.0	0.0	0.0	0.0	18.581560283687942	0.0	0.0	0.0	0.0	0.1368421052631579	0.0	0.0
11276	7.70757180156658	0.0	0.7832310838445807	0.0	0.0	0.0	0.0	0.0	8.210850801479655	0.0	0.0	0.0	0.0	0.4100204498977505	0.0	0.0	24.761006289308177	0.0	0.0	0.0	0.0	0.0	0.0	0.0
11277	8.537960954446854	0.18646864686468648	0.5478547854785478	0.0	0.0	0.0	0.0	0.0	9.285229202037351	0.0	0.0	0.0	0.3564356435643564	0.0	0.0	0.0	14.91578947368421	0.0	0.8943894389438944	0.0	0.0	0.0	0.0	0.0
11278	5.118491921005386	0.0	0.0	0.0	0.0	0.0	0.0	0.0	7.135379061371841	0.0	0.0	0.0	0.0	0.0	0.0	0.0	17.521158129175948	0.0	0.0	0.0	0.0	0.0	0.0	0.0
11279	4.689226519337017	0.0	1.4926372155287817	0.0	0.0	0.0	0.0	0.0	5.302694136291601	0.7804551539491299	0.0	0.0	0.0	0.0	0.0	0.0	12.566917293233082	0.0	0.0	0.0	0.0	0.0	0.0	0.0
11280	6.608080808080808	0.0	0.0	0.0	0.0	0.6789473684210526	0.0	0.0	9.044210526315789	0.0	0.0	0.0	0.0	0.0	0.0	0.0	13.796	0.0	1.1649122807017545	0.0	0.0	0.0	0.0	0.0
11281	4.5813953488372094	0.0	0.0	0.0	0.0	0.0	0.0	0.0	11.806282722513089	0.0	0.0	1.3424657534246576	0.319634703196347	0.0	0.0	0.0	10.515981735159817	0.0	1.721461187214612	0.0	0.0	0.0	0.0	0.0
11282	13.096739130434782	0.0	1.1514841351074718	0.0	0.9151515151515152	0.0	0.0	0.0	10.296385542168675	0.0	0.0	0.0	0.0	0.0	0.0	0.0	8.197614991482112	0.0	0.0	0.0	0.0	0.0	0.0	0.0
11283	10.607993197278912	0.0	0.26109857035364936	0.0	0.0	0.0	0.0	0.0	7.062553556126821	0.0	0.0	0.0	0.0	0.0	0.0	0.0	9.112286411716843	0.0	0.8083778966131907	0.0	0.0	0.0	0.0	0.0
11284	10.792207792207792	0.0	0.0	0.0	0.0	0.0	0.0	0.0	6.687131050767414	0.0	0.0	0.0	0.0	0.0	0.0	0.0	12.910735826296744	0.0	1.0244648318042813	0.0	0.0	0.0	0.0	0.0
11285	12.9846547314578	0.0	0.24705882352941178	0.0	0.0	0.0	0.0	0.0	8.674725274725274	0.0	0.0	0.0	0.0	0.0	0.0	0.0	10.863414634146341	0.0	0.4803921568627451	0.0	0.0	0.0	0.0	0.34901960784313724
11286	10.491032283778397	0.0	0.0	0.0	1.0827740492170022	0.5126771066368382	0.0	0.0	7.742087254063302	0.0	0.0	0.0	0.0	0.2829977628635347	0.0	0.0	14.938359201773835	0.0	0.0	0.0	0.0	0.0	0.0	0.0
11287	9.979591836734693	0.0	0.42528735632183906	0.0	0.0	0.0	0.0	0.0	7.483870967741935	0.0	0.0	0.0	0.0	0.0	0.0	0.0	14.081632653061224	0.0	0.6241379310344828	0.0	0.0	0.0	0.0	0.0
11288	12.481400437636761	0.0	1.0975609756097562	0.0	0.0	0.0	0.0	0.0	8.129032258064516	0.0	0.0	0.0	0.0	0.0	0.0	0.0	11.19815668202765	0.0	0.0	0.0	0.0	0.0	0.0	0.0
11289	13.753246753246753	0.0	0.0	0.0	1.393939393939394	0.0	0.0	0.0	4.654353562005277	0.0	0.0	0.0	0.0	0.0	0.0	0.0	8.882513661202186	0.0	0.0	0.0	0.0	0.0	0.0	0.0
11290	4.312359550561798	0.0	0.0	0.0	0.7830374753451677	0.0	0.0	0.0	6.377281947261663	0.0	0.0	0.0	0.0	0.0	0.0	0.0	17.07551020408163	0.0	0.0	0.0	0.0	0.1893491124260355	0.0	0.0
11291	8.433333333333334	0.0	0.0	0.0	0.0	0.0	0.0	0.0	8.351063829787234	0.0	0.046031746031746035	0.0	0.0	0.0	0.0	0.0	8.317073170731707	0.0	0.0	0.0	0.0	0.0	0.0	0.0
11292	6.753246753246753	0.0	0.0	0.0	0.0	0.0	0.0	0.0	6.375502008032129	0.0	0.0	0.0	0.0	0.0	0.0	0.0	11.805555555555555	0.0	0.0	0.0	0.0	0.0	0.0	0.0
11293	11.429805615550755	0.0	0.9741935483870968	0.0	0.0	0.0	0.0	0.0	10.391666666666667	0.0	0.0	0.0	1.032258064516129	0.0	0.0	0.0	13.238912732474963	0.0	0.3688172043010753	0.0	0.0	0.0	0.0	0.0
11294	10.03751143641354	0.0	0.8032036613272311	0.0	0.0	0.0	0.0	0.0	7.464357429718875	0.5751334858886347	0.0	0.0	0.0	0.0	0.0	0.0	17.366185216652507	0.0	0.0	0.0	0.0	0.5968726163234173	0.0	0.0
11295	13.10952380952381	0.0	0.0	0.0	1.6857142857142857	0.0	0.0	0.0	9.81904761904762	0.12857142857142856	0.0	0.0	0.0	0.0	0.0	0.0	8.736585365853658	0.0	3.5918367346938775	0.0	0.0	0.9238095238095239	0.0	0.0
11296	10.90178058587019	0.0	0.0	0.0	0.25116279069767444	0.0	0.0	0.0	7.788681517158339	0.0	0.0	0.0	0.43617571059431526	0.0	0.0	0.0	13.876230661040788	0.0	0.0	0.0	0.0	0.8599483204134367	0.0	0.0
11297	11.834002677376171	0.0	0.0	0.0	0.0	0.0	0.0	0.0	12.417792792792794	0.0	0.0	0.0	0.6519453207150369	0.0	0.0	0.0	13.847478474784747	0.0	0.0	0.0	0.0	0.0	0.0	0.0
11298	14.39205298013245	0.0	0.0	0.0	0.0	0.17824074074074073	0.0	0.0	8.404558404558404	0.0	0.0	0.0	0.0	0.0	0.0	0.0	15.60180995475113	0.0	0.5598349381017882	0.0	0.0	0.6817129629629629	0.0	0.0
11299	12.671521035598705	0.0	0.6146520146520147	0.0	0.0	0.0	0.0	0.0	9.219104155423638	0.0	0.0	0.0	0.0	0.0	0.0	0.0	11.463625154130703	0.0	0.6556776556776557	0.0	0.0	0.2772893772893773	0.0	0.0
11300	12.977777777777778	0.0	0.5688073394495413	0.0	0.0	0.0	0.0	0.0	6.97427652733119	2.7981651376146788	0.0	0.0	0.0	0.0	0.0	0.0	16.135761589403973	0.0	0.0	0.0	0.0	0.21100917431192662	0.0	0.0
11301	9.765217391304347	0.0	0.0	0.0	0.0	0.0	0.0	0.0	8.931818181818182	0.0	0.0	0.0	0.0	0.0	0.0	0.0	23.977578475336323	0.0	0.5096153846153846	0.0	0.0	0.0	0.0	0.0
11302	10.784693877551021	0.0	1.187116564417178	0.0	0.0	0.0	0.0	0.0	10.686021505376344	0.0	0.0	0.0	0.14457831325301204	0.35843373493975905	0.0	0.0	11.730588235294118	0.0	0.0	0.0	0.0	0.0	0.0	0.0
11303	8.462809917355372	0.0	0.0	0.0	1.317829457364341	0.0	0.0	0.0	10.589673913043478	0.0	0.0	0.0	0.6098191214470284	0.0	0.0	0.0	10.878552971576227	0.0	1.1266149870801034	0.0	0.0	0.0	0.0	0.0
11304	9.771505376344086	0.0	0.0	0.0	0.0	0.0	0.0	0.0	9.218415417558887	0.0	0.0	0.0	0.0	0.0	0.0	0.0	9.069284064665126	0.0	0.0	0.0	0.0	0.0	0.0	0.0
11305	8.473906911142453	0.0	0.0	0.0	0.18244170096021947	0.0	0.0	0.0	6.970534069981584	0.0	0.0	0.0	0.0	0.0	0.0	0.0	12.229199372056515	0.0	0.0	0.0	0.0	0.0	0.0	0.0
11306	8.757967269595177	0.0	0.0	0.0	0.6933656957928802	0.0	0.0	0.0	11.16376944190302	0.0	0.0	0.0	0.0	0.0	0.0	0.0	10.438563327032137	0.0	1.1423948220064726	0.0	0.0	0.0	0.0	0.0
11307	8.701643489254108	0.0	0.0	0.0	0.0	0.0	0.0	0.0	6.83912037037037	0.6967592592592593	0.0	0.0	0.0	0.0	0.0	0.0	10.243556701030927	0.0	0.0	0.0	0.0	0.9143518518518519	0.0	0.0
11308	5.86900269541779	0.0	0.7613168724279835	0.0	0.5368084133516232	0.0	0.0	0.0	7.892156862745098	0.0	0.0	0.0	0.0	0.0	0.0	0.0	9.873352435530085	0.0	0.0	0.0	0.0	0.0	0.0	0.0
11309	10.025830258302584	0.0	0.0	0.0	0.7598736176935229	0.0	0.0	0.0	9.389565217391304	0.0	0.0	0.0	0.0	0.0	0.0	0.0	17.08829568788501	0.0	0.0	0.0	0.0	0.0	0.0	0.0
11310	3.2830188679245285	0.0	0.0	0.0	0.0	0.0	0.0	0.0	7.560975609756097	0.0	0.0	0.0	0.0	0.0	0.0	0.0	3.547169811320755	0.0	0.0	0.0	0.0	0.0	0.0	0.0
11311	13.652380952380952	0.0	0.861904761904762	0.0	2.2476190476190476	0.0	0.0	0.0	2.159090909090909	0.0	0.0	0.0	0.9428571428571428	0.0	0.0	0.0	16.03954802259887	0.0	0.0	0.0	0.0	0.0	0.0	0.0
11312	9.06825938566553	0.0	0.5624385447394297	0.0	0.0058997050147492625	0.0	0.0	0.0	8.337772397094431	0.0	0.0	0.0	1.407079646017699	0.06293018682399214	0.0	0.0	12.885529157667387	0.0	0.8908554572271387	0.0	0.0	0.2723697148475909	0.0	0.0
11313	14.091397849462366	0.0	0.0	0.0	0.0	0.0	0.0	0.0	9.091891891891892	0.0	0.0	0.0	0.0	0.0	0.0	0.0	7.968354430379747	0.0	0.0	0.0	0.0	0.0	0.0	0.0
11314	9.013071895424837	0.0	0.5607476635514018	0.0	0.0	0.0736196319018405	0.0	0.0	6.382478632478633	0.0	0.0	0.0	0.0	0.0	0.0	0.0	14.741935483870968	0.0	0.9141104294478528	0.0	0.0	0.0	0.0	0.0
11315	8.125560538116591	0.0	0.0	0.0	0.0	0.0	0.0	0.0	6.756302521008403	0.0	0.0	0.0	0.0	0.0	0.0	0.0	12.467032967032967	0.0	0.031007751937984496	0.0	0.0	0.0	0.0	0.0
11316	7.727891156462585	0.0	0.0	0.0	0.0	0.0	0.0	0.0	5.815889029003783	0.0	0.0	0.0	0.0	0.0	0.0	0.0	11.144220572640508	0.0	0.0	0.0	0.0	2.562176165803109	0.0	0.0
11317	10.045871559633028	0.0	0.0	0.0	0.5808080808080808	0.0	0.0	0.0	12.40625	0.0	0.0	0.0	0.0	0.0	0.0	0.0	15.236263736263735	0.0	0.6818181818181818	0.0	0.0	0.0	0.0	0.0
11318	6.964912280701754	0.0	1.5888888888888888	0.0	0.0	0.0	0.0	0.0	14.03888888888889	0.0	0.0	0.0	0.0	0.0	0.0	0.0	9.174311926605505	0.0	0.0	0.0	0.0	0.0	0.0	0.0
11319	9.7875	0.0	0.8096514745308311	0.0	0.0	0.0	0.0	0.0	10.08937198067633	0.0	0.0	0.0	0.4923747276688453	0.0	0.0	0.0	10.486552567237164	0.0	1.6557734204793029	0.0	0.0	0.0	0.0	0.0
11320	8.854700854700855	0.0	0.0	0.0	0.9430199430199431	0.0	0.0	0.0	8.185185185185185	0.0	0.0	0.0	0.0	0.0	0.0	0.0	20.126923076923077	0.0	0.0	0.0	0.0	4.673366834170854	0.0	0.0
11321	10.760504201680673	0.0	0.0	0.0	0.535077288941736	0.0	0.0	0.0	7.008337420304071	0.0	0.0	0.0	0.0	0.0	0.0	0.0	16.925570776255707	0.0	0.0	0.0	0.0	1.0753071739992073	0.0	0.0
11322	9.70524017467249	0.0	0.0	0.0	0.0	0.0	0.0	0.0	5.742056074766355	2.852233676975945	0.0	0.0	0.0	0.0	0.0	0.0	11.10394265232975	0.0	0.0	0.0	0.0	0.0	0.0	0.0
11323	9.442572741194487	0.0	0.8360413589364845	0.912621359223301	0.6407766990291263	0.0	0.0	0.14433656957928803	8.408753709198812	0.44991789819376027	0.0	0.0	1.175462645647704	0.0	0.0	0.5700934579439252	14.291858678955453	1.626537216828479	0.537864077669903	1.5580147551978538	0.2446601941747573	0.4517799352750809	0.0	3.0921885995777623
11324	0.0	0.0	0.0	0.0	0.0	0.0	0.0	0.0	0.0	0.0	1.5101010101010102	0.0	0.0	0.0	0.0	0.0	14.60655737704918	0.0	0.0	0.0	0.0	0.0	0.0	0.0
11325	11.325365205843294	0.0	0.0	0.0	0.0	0.0	0.0	0.0	6.7492492492492495	0.0	0.0	0.0	0.9751887810140237	0.014023732470334413	0.0	0.0	14.24487594390507	0.0	1.121898597626753	0.0	0.0	0.0	0.0	0.0
11326	3.7281167108753315	0.0	0.0	0.0	0.0	0.0	0.0	0.0	11.91891891891892	0.6405228758169934	0.0	0.0	1.0018674136321195	0.0	0.0	0.0	15.260576923076924	0.0	0.5994397759103641	0.0	0.0	0.0	0.0	0.0
11327	14.63615903975994	0.0	0.8190984578884934	0.0	0.0	0.0	0.0	0.0	8.459631728045325	0.0	0.0	0.0	0.3926453143534994	0.0	0.0	0.0	16.667699457784664	0.0	1.0632678132678133	0.0	0.0	0.0	0.0	0.0
11328	11.860520094562649	0.0	0.0	0.0	0.0	0.0	0.0	0.0	6.096202531645569	0.0	0.0	0.0	0.6611111111111111	0.0	0.0	0.32222222222222224	11.754189944134078	0.0	0.0	0.0	0.0	0.0	0.0	0.0
11329	8.584362139917696	0.0	0.0	0.0	1.143939393939394	0.7045454545454546	0.0	0.0	6.583333333333333	0.0	0.0	0.0	0.4659090909090909	0.0	0.0	0.0	21.665399239543728	0.0	2.734597156398104	0.0	0.0	0.0	0.0	0.0
11330	5.696642685851319	0.0	0.6756513926325247	0.0	0.0	0.0	0.0	0.0	9.478643216080402	0.0	0.0	0.0	0.0	0.0	0.0	0.0	21.16851441241685	0.0	0.7598752598752598	0.0	0.0	0.0	0.0	0.0
11331	7.809959349593496	0.0	0.40497076023391815	0.0	0.0	0.0	0.0	0.0	8.163636363636364	0.0	0.0	0.0	0.0	0.0	0.0	0.0	12.700149925037481	0.0	0.0	0.0	0.0	0.28654970760233917	0.0	0.0
11332	12.117863720073665	0.0	0.0	0.0	1.4614264919941775	0.0	0.0	0.0	7.9935064935064934	0.0	0.0	0.0	0.0	0.0	0.0	0.0	17.42998352553542	0.0	0.0	0.0	0.0	0.0	0.0	0.0
11333	9.263982102908278	0.0	0.0	0.0	0.0	0.0	0.0	0.0	6.124197002141328	0.0	0.0	0.0	0.0	0.48789571694599626	0.0	0.0	12.760824742268042	0.0	0.0	0.0	0.0	0.0	0.0	0.0
11334	10.26086956521739	0.0	0.6088154269972452	0.0	0.8567493112947658	0.0	0.0	0.0	9.88380716934487	0.0	0.0	0.0	0.7566574839302111	0.0	0.0	0.0	12.287254901960784	1.1065197428833793	0.0	0.0	0.0	1.024793388429752	0.0	0.0
11335	10.350098619329389	0.0	0.7205067300079177	0.0	0.0	0.0	0.0	0.0	8.556654676258994	0.0	0.0	0.0	0.7228820269200317	0.0	0.0	0.0	10.724581724581725	0.1543942992874109	1.3119556611243073	0.0	0.0	1.13618368962787	0.0	0.0
11336	4.655737704918033	0.0	0.0	0.0	1.5081967213114753	0.0	0.0	0.0	13.182539682539682	0.0	0.0	0.0	0.0	0.0	0.0	0.0	9.950819672131148	0.0	0.0	0.0	0.0	1.005464480874317	0.0	0.0
11337	11.594458438287154	0.0	0.0	0.0	1.3853427895981087	0.0	0.0	0.0	5.603535353535354	0.0	0.0	0.0	0.0	0.0	0.0	0.0	24.448979591836736	0.0	1.83451536643026	0.0	0.45390070921985815	0.0	0.0	0.0
11338	11.77027027027027	0.0	0.0	0.0	1.6011904761904763	0.0	0.0	0.0	10.309090909090909	0.0	0.5238095238095238	0.0	0.0	0.0	0.0	0.0	13.55921052631579	0.0	1.1904761904761905	0.0	0.0	0.0	0.0	0.0
11339	9.907608695652174	0.0	0.0	0.0	1.4175824175824177	0.0	0.0	0.0	10.036585365853659	0.0	0.0	0.0	0.0	0.0	0.0	0.0	13.457956015523934	0.0	0.0	0.0	0.0	0.9563543003851092	0.0	0.0
11340	6.372549019607843	0.0	0.0	0.0	0.0	0.0	0.0	0.0	8.414473684210526	0.0	0.0	0.0	0.0	0.0	0.0	0.0	17.387254901960784	0.0	0.0	0.0	0.0	0.0	0.0	0.0
11341	14.241590214067278	0.8562691131498471	0.0	0.0	0.0	0.0	0.0	0.0	9.872832369942197	0.0	0.0	0.0	0.0	0.0	0.0	0.0	15.703389830508474	0.0	0.0	0.0	0.0	0.0	0.0	0.0
11342	8.289757412398922	0.0	0.9776995305164319	0.0	0.0	0.0	0.0	0.0	10.507075471698114	0.0	0.08018327605956473	0.19243986254295534	0.0	0.5200458190148912	0.0	0.0	18.16830065359477	0.0	0.0	0.0	0.0	0.3127147766323024	0.0	0.7491408934707904
11343	9.032569360675513	0.0	0.5285087719298246	0.0	0.0	0.0	0.0	0.0	9.925581395348837	0.0	0.0	0.0	0.4506578947368421	0.0	0.0	0.0	12.720899470899472	0.0	0.5076754385964912	0.0	0.0	0.0	0.0	0.0
11344	12.77258566978193	0.0	0.940809968847352	0.0	0.0	0.0	0.0	0.0	6.13103448275862	0.0	0.0	0.0	0.0	0.0	0.0	0.0	19.685358255451714	0.0	1.5389408099688473	0.0	0.0	0.4766355140186916	0.0	0.0
11345	10.95114006514658	0.0	1.5380577427821522	0.0	0.0	0.0	0.0	0.0	8.253521126760564	0.0	0.0	0.0	0.0	0.0	0.0	0.0	16.993769470404985	0.0	0.27296587926509186	0.0	0.0	0.0	0.0	0.0
11346	14.822014051522249	0.0	0.09945130315500686	0.0	0.6941015089163237	0.0	0.0	0.0	5.607913669064748	0.7043895747599451	0.0	0.0	0.43689986282578874	0.0	0.0	0.0	16.408882082695254	0.0	2.3904910366328918	0.0	0.0	0.0	0.0	0.0
11347	0.0	0.0	0.0	0.0	0.0	0.0	0.0	0.0	0.0	0.0	0.0	0.0	0.0	0.0	0.0	0.0	3.4228855721393034	0.0	0.0	0.0	0.0	0.0	0.0	0.0
11348	10.508653122648608	0.010752688172043012	0.4274193548387097	0.0	0.0	0.0	0.0	0.0	10.763213530655392	0.0	0.0	0.0	0.0	0.0	0.0	0.0	9.220338983050848	0.0	0.0	0.0	0.0	0.0	0.0	0.0
11349	12.913636363636364	0.0	0.0	0.0	1.0066666666666666	0.0	0.0	0.0	9.954128440366972	0.0	0.0	0.0	0.0	0.0	0.0	0.0	21.900990099009903	0.0	0.0	0.0	0.0	0.0	0.0	0.0
11350	10.708609271523178	0.0	1.036745406824147	0.0	0.0	0.0	0.0	0.0	11.70673076923077	0.0	0.0	0.0	0.0	0.0	0.0	0.0	8.698360655737705	0.0	0.0	0.0	0.0	0.7926509186351706	0.0	0.0
11351	4.874755381604697	0.0	0.0	0.0	0.0	0.0	0.0	0.0	6.717277486910994	0.71658615136876	0.0	0.0	0.0	0.0	0.0	0.0	13.737945492662474	0.0	1.1900161030595813	0.0	0.0	0.0	0.0	0.0
11352	9.182866556836903	0.0	0.0	0.0	0.0	0.0	0.0	0.0	4.934426229508197	0.0	0.0	0.0	0.0	0.0	0.0	0.0	14.331877729257641	0.0	0.6549844236760125	0.0	0.0	0.0	0.0	0.0
11353	9.418300653594772	0.0	0.0	0.0	1.1481481481481481	0.4021164021164021	0.0	0.0	9.628571428571428	0.0	0.0	0.0	3.6507936507936507	0.0	0.0	0.0	13.503759398496241	0.0	0.0	0.0	0.9947089947089947	0.0	0.0	0.0
11354	7.195	0.0	0.0	0.0	0.0	0.0	0.0	0.0	7.03030303030303	0.0	0.0	0.0	0.0	0.0	0.0	0.0	8.249329758713136	0.0	0.8967254408060453	0.1267605633802817	0.0	0.0	0.0	0.0
11355	0.0	0.0	0.0	0.0	0.0	0.0	0.0	0.0	0.0	0.0	0.0	0.0	0.0	0.0	0.0	0.0	1.1452991452991452	0.0	0.0	0.0	0.0	0.0	0.0	0.0
11356	9.024647887323944	0.0	1.8842105263157896	0.0	1.0596491228070175	0.0	0.0	0.0	9.670644391408114	0.0	0.0	0.0	0.0	0.0	0.0	0.0	11.779047619047619	0.0	1.168421052631579	0.0	0.0	0.06315789473684211	0.0	0.0
11357	6.276422764227642	0.0	0.2335858585858586	0.0	0.8282828282828283	0.0	0.0	0.0	12.974554707379134	1.4330808080808082	0.0	0.0	0.0	0.2601010101010101	0.0	0.0	16.561475409836067	0.0	0.1856060606060606	0.0	0.0	0.0	0.0	0.0
11358	10.995548961424332	0.0	0.0	0.0	0.0	0.0	0.0	0.0	9.894243641231594	0.0	0.0	0.0	0.0	0.0	0.0	0.0	13.681967213114755	0.0	0.0	0.0	0.0	0.0	0.0	0.0
11359	8.507389162561577	0.0	0.0	0.0	0.0	0.0	0.0	0.0	5.078947368421052	0.0	0.0	0.0	0.0	0.39473684210526316	0.0	0.0	16.82017543859649	0.0	1.9473684210526316	0.0	0.0	0.0	0.0	0.0
11360	7.292620865139949	0.0	1.447427293064877	0.0	0.0	0.0	0.0	0.0	8.964653902798233	0.6756152125279642	0.0	0.0	1.0604026845637584	0.0	0.0	0.0	15.306122448979592	0.0	0.8585972850678733	0.0	0.0	0.0	0.0	0.0
11361	7.822055137844612	0.0	0.0	0.0	0.8045267489711934	0.0	0.0	0.0	8.876574307304786	0.0	0.0	0.0	0.0	0.0	0.0	0.0	11.248520710059172	0.0	0.0	0.0	0.0	0.0	0.0	0.0
11362	7.190853122251539	0.0	0.0	0.0	1.0661881977671452	0.0	0.0	0.0	10.438461538461539	0.0	0.0	0.0	0.0	0.0	0.0	0.0	10.145991561181434	0.0	1.5247208931419458	0.0	0.0	0.0	0.0	0.0
11363	16.149532710280372	0.0	0.07165109034267912	0.0	0.0	0.0	0.0	0.0	7.263345195729538	0.0	0.0	0.0	0.0	0.0	0.0	0.0	13.74766355140187	0.0	0.0	0.0	0.0	0.0	0.0	0.0
11364	10.669507575757576	0.0	0.0	0.0	0.6723484848484849	0.0	0.0	0.0	3.872812135355893	0.0	0.0	0.0	1.0852272727272727	0.2708333333333333	0.0	0.0	13.068100358422939	0.0	0.0	0.0	0.0	0.0	0.0	0.0
11365	14.49364406779661	0.0	0.8776470588235294	0.0	0.0	0.0	0.0	0.0	7.992094861660079	0.0	0.0	0.0	0.0	0.0	0.0	0.0	14.845982142857142	0.0	1.6324786324786325	0.0	0.0	0.0	0.0	0.0
11366	3.4460093896713615	0.0	0.0	0.0	1.971830985915493	0.0	0.0	0.0	13.093896713615024	0.0	0.0	0.0	0.0	0.0	0.0	0.0	11.380952380952381	0.0	2.1690140845070425	0.0	0.0	0.0	0.0	0.0
11367	3.784313725490196	0.0	1.0666666666666667	0.0	0.7215686274509804	0.0	0.0	0.0	6.6117647058823525	0.0	0.0	0.0	0.0	0.0	0.0	0.0	14.679824561403509	0.0	1.1607843137254903	0.0	0.0	0.0	0.0	0.0
11368	13.558974358974359	0.0	0.0	0.0	0.0	0.0	0.0	0.0	6.9785867237687365	0.0	0.0	0.0735042735042735	0.0	0.0	0.0	0.0	18.357438016528924	0.0	0.0	0.0	0.0	0.0	0.0	0.0
11369	8.008130081300813	0.0	0.0	0.0	0.0	0.0	0.0	0.0	7.253333333333333	0.0	0.0	0.0	0.0	0.0	0.0	0.0	2.7927927927927927	0.0	0.5365853658536586	0.0	0.0	0.0	0.0	0.0
11370	6.959349593495935	0.0	0.0	0.0	0.0	0.0	0.0	0.0	7.207492795389049	0.0	0.0	0.0	0.0	0.0	0.0	0.0	8.750677506775068	0.0	0.0	0.0	0.0	0.0	0.0	0.0
11371	10.36734693877551	0.0	0.0	0.0	0.0	0.0	0.0	0.0	5.864661654135339	0.6462585034013606	0.0	0.0	0.0	0.0	0.0	0.0	7.343065693430657	0.0	0.0	0.0	0.0	0.0	0.0	0.0
11372	11.841628959276019	0.0	0.0	0.0	0.0	0.0	0.0	0.0	13.02930402930403	0.0	0.0	0.0	0.0	0.0	0.0	0.0	13.014150943396226	0.0	0.0	0.0	0.0	1.7741935483870968	0.0	0.0
11373	14.19205298013245	0.0	0.0	0.0	1.3644444444444443	0.0	0.0	0.0	5.582010582010582	0.0	0.0	0.0	0.0	0.0	0.0	0.0	16.98076923076923	0.0	0.0	0.0	0.4533333333333333	2.3155555555555556	0.0	0.0
11374	7.895348837209302	0.0	0.0	0.0	1.748299319727891	0.0	0.0	0.0	7.021108179419525	0.0	0.0	0.0	0.0	0.0	0.0	0.0	17.40909090909091	0.0	1.2380952380952381	0.0	0.0	1.034013605442177	0.0	0.0
11375	12.66	0.0	0.0	0.0	1.504047093451067	0.0	0.0	0.0	11.831390134529148	0.0	0.0	0.0	0.0	0.0	0.0	0.0	19.49112426035503	0.0	0.0	0.0	0.0	0.0	0.0	0.0
11376	12.149382716049383	0.0	0.0	0.0	0.0	0.0	0.0	0.0	11.70995145631068	0.0	0.0	0.0	0.0	0.0	0.0	0.0	16.890151515151516	0.0	0.0	0.0	0.0	0.0	0.0	0.0
11377	14.378048780487806	0.0	0.0	0.0	0.983739837398374	0.0	0.0	0.0	9.068965517241379	0.0	0.0	0.0	0.0	0.0	0.0	0.0	10.94915254237288	0.0	0.0	0.0	0.10975609756097561	0.0	0.0	0.0
11378	14.011904761904763	0.0	0.0	0.0	1.025925925925926	0.0	0.0	0.0	5.818181818181818	0.0	0.0	0.0	0.0	0.0	0.0	0.0	20.168949771689498	0.0	0.0	0.0	0.0	0.0	0.0	0.0
11379	6.2540792540792545	0.0	0.0	0.0	0.0	0.0	0.0	0.0	6.509389671361502	0.0	0.0	0.0	0.0	0.0	0.0	0.0	17.235988200589972	0.0	0.2511415525114155	0.0	0.0	0.0	0.0	0.0
11380	15.359756097560975	0.0	0.0	0.0	0.0	0.0	0.0	0.0	5.394618834080718	0.0	0.0	0.0	0.42570281124497994	0.0	0.0	0.0	9.377510040160642	0.0	0.0	0.0	0.0	0.0	0.0	0.0
11381	5.637901861252115	0.0	0.0	0.0	0.0	0.0	0.0	0.0	7.0965665236051505	0.0	0.0	0.0	0.29411764705882354	0.0	0.0	0.0	12.579322638146168	0.0	0.0	0.0	0.0	0.0	0.0	0.0
11382	8.645125958378971	0.0	0.0	0.0	0.0	0.0	0.0	0.0	11.12082262210797	0.0	0.0	0.0	0.0	0.8362573099415205	0.0	0.0	12.307606263982104	0.0	0.6686159844054581	0.0	0.0	0.0	0.0	0.0
11383	9.091397849462366	0.0	0.9788359788359788	0.0	0.0	0.0	0.0	0.0	6.871287128712871	0.0	0.0	0.0	0.0	0.0	0.0	0.0	17.886104783599087	0.0	0.818342151675485	0.0	0.9876543209876543	0.0	0.0	0.0
11384	7.9581749049429655	0.0	0.0	0.0	0.4738955823293173	0.0	0.0	0.0	6.141350210970464	0.0	0.0	0.0	0.0	0.0	0.0	0.0	14.934634974533108	0.0	1.0295434198746642	0.0	0.0	0.0	0.0	0.0
11385	16.716763005780347	0.0	0.0	0.0	0.0	0.0	0.0	0.0	8.674698795180722	0.0	0.0	0.0	0.0	0.0	0.0	0.0	11.078212290502794	0.0	0.0	0.0	0.0	0.0	0.0	0.0
11386	5.547297297297297	0.0	0.0	0.0	0.0	0.0	0.0	0.0	6.6139954853273135	0.0	0.0	0.0	0.0	0.0	0.0	0.0	15.475703324808185	0.0	0.6621621621621622	0.0	0.0	0.581081081081081	0.0	0.0
11387	3.9075268817204303	0.0	0.0	0.0	0.0	0.0	0.0	0.0	8.315420560747663	0.0	0.0	0.0	0.0	0.0	0.0	0.0	11.179746835443037	0.0	0.0	0.0	0.0	0.0	0.0	0.0
11388	7.840390879478828	0.0	1.4216524216524216	0.0	0.0	0.0	0.0	0.0	8.478395061728396	0.8547008547008547	0.0	0.0	0.8603988603988604	0.0	0.0	0.0	11.376068376068377	0.0	0.8603988603988604	0.0	0.0	0.0	0.0	0.0
11389	6.707581227436823	0.0	2.3716108452950557	0.0	0.0	0.0	0.0	0.0	6.783132530120482	0.0	0.0	0.0	0.28751974723538704	0.2812006319115324	0.0	0.0	13.696098562628336	0.8404423380726699	0.0	0.0	0.0	0.0	0.0	0.0
11390	2.872549019607843	0.0	0.0	0.0	0.0	0.0	0.0	0.0	4.9411764705882355	0.0	0.0	0.0	0.0	0.0	0.0	0.0	6.598039215686274	0.0	0.0	0.0	0.0	0.5784313725490197	0.0	0.0
11391	8.585714285714285	0.0	0.0	0.0	0.0	0.0	0.0	0.0	4.883333333333334	0.0	0.0	0.0	0.0	0.0	0.0	0.0	3.3209876543209877	0.0	0.0	0.0	0.0	0.0	0.0	0.0
11392	12.067653276955603	0.0	0.0	0.0	0.6840077071290944	0.0	0.0	0.0	8.522277227722773	0.0	0.0	0.0	0.0	0.0	0.0	0.0	10.078125	0.0	0.0	0.0	0.0	0.0	0.0	0.0
11393	7.066666666666666	0.0	0.0	0.0	0.0	0.0	0.0	0.0	3.1839080459770117	0.0	0.0	0.0	0.0	1.1724137931034482	0.0	0.0	6.528735632183908	0.0	0.09195402298850575	0.0	0.0	0.0	0.0	0.0
11394	9.30841121495327	0.0	2.7289719626168223	0.0	0.6696428571428571	0.0	0.0	0.0	8.561797752808989	0.0	0.0	0.0	0.0	0.0	0.0	0.0	11.137071651090343	0.0	0.0	0.0	0.0	0.0	0.0	0.0
11395	12.862676056338028	0.0	0.0	0.0	0.0	0.0	0.0	0.0	4.5874439461883405	0.0	0.0	0.0	0.0	0.0	0.0	0.0	12.450920245398773	0.0	0.0	0.0	0.0	0.0	0.0	0.0
11396	4.956140350877193	0.0	0.0	0.0	0.0	0.0	0.0	0.0	3.447089947089947	0.0	0.0	0.0	0.0	0.0	0.0	0.0	9.383211678832117	0.0	0.0	0.0	0.0	0.0	0.0	0.0
11397	10.25624496373892	0.0	0.0	0.0	0.0	0.0	0.0	0.0	8.014766201804758	0.0	0.08888888888888889	0.0	0.6246246246246246	0.0	0.0	0.0	11.626808834729626	0.0	0.0	0.0	0.0	0.0	0.0	0.0
11398	11.59274193548387	0.0	0.0	0.0	0.0	0.0	0.0	0.0	10.469135802469136	0.0	0.0	0.0	0.9111111111111111	0.0	0.0	0.0	12.779850746268657	0.0	0.0	0.0	0.0	0.0	0.0	0.0
11399	13.88888888888889	0.0	0.0	0.0	0.5714285714285714	0.0	0.0	0.0	18.270967741935483	0.0	0.0	0.0	0.5362318840579711	0.0	0.0	0.0	18.593333333333334	0.0	0.0	0.0	0.0	0.0	0.0	0.0
11400	8.91900826446281	0.0	0.588597842835131	0.0	0.0	0.0	0.0	0.0	13.376325088339222	0.0	0.0	0.0	0.2117310443490701	1.1072961373390557	0.0	0.0	11.45718901453958	0.0	0.0	0.0	0.0	0.0	0.0	0.0
11401	9.697384806973847	0.0	0.4375	0.0	0.0	0.0	0.0	0.0	8.219745222929935	0.0	0.0	0.0	0.0	0.0	0.0	0.0	7.661682242990654	0.0	0.0	0.0	0.0	0.0	0.0	0.0
11402	7.023387096774194	0.0	0.0	0.0	0.0	0.0	0.0	0.0	9.43724364232978	0.0	0.0	0.0	0.7845433255269321	0.0	0.0	0.0	11.445535714285715	0.0	0.0	0.0	0.0	0.0	0.0	0.0
11403	9.062607944732298	0.0	0.0	0.0	0.0	0.0	0.0	0.0	7.53810623556582	0.0	0.0	0.0	0.43362463587182687	0.0	0.0	0.0	14.690282431785544	0.0	0.0	0.0	0.0	0.0	0.0	0.0
11404	12.105053191489361	0.0	0.0	0.0	0.0	0.0	0.0	0.0	7.5048076923076925	0.0	0.0	0.0	0.0	0.0	0.0	0.0	16.733072916666668	0.0	0.8175895765472313	0.0	0.0	0.744842562432139	0.0	0.0
11405	7.344827586206897	0.0	0.9396551724137931	0.0	0.0	0.0	0.0	0.0	10.042307692307693	0.0	0.0	0.0	0.0	0.0	0.0	0.8103448275862069	6.631944444444445	0.0	1.353448275862069	0.0	0.0	0.0	0.0	0.0
11406	11.794186959937157	0.0	0.0	0.0	0.0	0.0	0.0	0.0	5.832394366197183	0.0	0.0	0.0	0.0	0.0	0.0	0.0	21.210084033613445	0.0	0.2965931863727455	0.0	0.0	0.0	0.0	0.0
11407	12.564197530864197	0.0	0.0	0.0	0.0	0.25360230547550433	0.0	0.0	10.274834437086092	0.0	0.0	0.0	0.2334293948126801	0.0	0.0	0.0	15.496503496503497	0.0	0.8841743119266054	0.0	0.0	0.45917387127761766	0.0	0.0
11408	13.129107981220658	0.0	0.027777777777777776	0.0	1.7896825396825398	0.0	0.0	0.0	8.660592255125284	0.0	0.0	0.0	0.0	0.1626984126984127	0.0	0.0	6.465822784810126	0.0	0.0	0.0	0.9841269841269841	0.25992063492063494	0.0	0.0
11409	2.784	0.0	0.0	0.0	0.0	0.0	0.0	0.0	0.0	0.0	0.0	0.0	0.0	0.0	0.0	0.0	2.7306666666666666	0.0	1.7040229885057472	0.0	0.0	0.0	0.0	0.0
11410	14.6109375	0.0	1.461343472750317	0.0	0.0	0.0	0.0	0.0	12.531791907514451	0.0	0.0	0.0	0.0	0.0	0.0	0.0	17.303839732888147	0.0	0.0	0.0	0.0	0.0	0.0	0.0
11411	9.899490167516387	0.0	0.0	0.0	0.0	0.0	0.0	0.0	10.702763256161315	0.0	0.0	0.0	0.0	0.0	0.0	0.0	9.736635220125786	0.0	0.0	0.0	0.0	0.0	0.0	0.0
11412	0.23529411764705882	0.0	0.47904191616766467	0.0	0.0	0.0	0.0	0.0	3.8745098039215686	0.0	0.0	0.0	0.043137254901960784	0.0	0.0	0.0	11.42512077294686	0.0	2.019607843137255	0.0	0.0	0.0	0.0	0.0
11413	3.6974459724950886	0.0	1.0818452380952381	0.0	0.0	0.0	0.0	0.0	6.006122448979592	0.0	0.0	0.0	0.0	0.7976190476190477	0.0	0.0	10.204903677758319	0.0	0.5208333333333334	0.0	0.0	0.0	0.0	0.0
11414	6.816917728852839	0.0	1.7404580152671756	0.0	0.4733984799131379	0.0	0.0	0.0	4.988429752066116	0.0	0.0	0.0	0.07600434310532031	0.0	0.0	0.0	12.139633286318759	0.0	1.502375296912114	0.0	0.0	0.0	0.0	0.0
11415	6.988857938718663	0.0	0.0	0.0	2.7969924812030076	0.0	0.0	0.0	8.664082687338501	0.0	0.0	0.0	0.0	1.8796992481203008	0.0	0.0	19.750819672131147	0.543859649122807	1.6666666666666667	0.0	0.0	0.0	0.0	0.13283208020050125
11416	10.050290135396517	0.0	0.0	0.0	0.0	0.0	0.0	0.0	8.35752688172043	0.0	0.0	0.0	0.0	0.0	0.0	0.0	14.428571428571429	0.0	0.0	0.0	0.0	0.6455938697318008	0.0	0.0
11417	12.020689655172413	0.0	2.0244648318042815	0.0	0.0	0.0	0.0	0.0	11.168195718654435	0.0	0.0	0.0	1.688073394495413	0.0	0.0	0.0	16.27364864864865	0.0	2.72782874617737	0.0	0.0	0.0	0.0	0.0
11418	6.994186046511628	0.0	1.7058823529411764	0.0	0.0	0.0	0.0	0.0	5.810679611650485	0.0	0.0	0.0	0.0	0.0	0.0	0.0	21.580392156862747	1.0745098039215686	0.0	0.0	0.0	0.0	0.0	0.0
11419	9.149122807017545	0.0	0.0	0.0	0.0	0.0	0.0	0.0	6.0476190476190474	0.0	0.0	0.0	0.3567251461988304	1.8538011695906433	0.0	0.0	11.1	0.0	1.5321637426900585	0.0	0.0	0.0	0.0	0.0
11420	8.598726114649681	0.0	0.7401960784313726	0.0	0.0	0.0	0.0	0.0	7.509803921568627	0.0	0.0	0.0	0.0	0.0	0.0	0.0	14.426512968299711	0.0	0.5171568627450981	0.0	0.0	0.5833333333333334	0.0	0.0
11421	7.81549815498155	0.0	1.5014005602240896	0.0	0.0	0.0	0.0	0.0	14.56418918918919	0.0	0.0	0.0	0.0	0.24929971988795518	0.0	0.0	16.713826366559484	0.0	0.0	0.0	0.0	0.0	0.0	0.0
11422	12.638031693077565	0.0	0.4677528852681602	0.0	0.0	0.0	0.0	0.0	11.84046692607004	0.0	0.0	0.0	0.0	0.0	0.0	0.0	13.12316034082107	0.0	0.7196198234894773	0.0	0.0	0.0	0.0	0.0
11423	16.6734693877551	0.0	0.0	0.0	0.0	0.0	0.0	0.0	6.247863247863248	0.0	0.0	0.0	0.0	0.0	0.0	0.0	22.28205128205128	0.0	2.1724137931034484	0.0	0.0	0.3275862068965517	0.0	0.0
11424	7.994565217391305	0.0	0.0	0.0	0.0	0.0	0.0	0.0	12.828125	0.0	0.0	0.0	1.7146118721461188	0.0	0.0	0.0	16.87286063569682	0.0	0.7945205479452054	0.0	0.0	0.0	0.0	0.0
11425	10.325757575757576	0.0	1.0817610062893082	0.0	0.0	0.0	0.0	0.0	9.573248407643312	0.0	1.628930817610063	0.0	0.0	0.0	0.0	0.0	10.79245283018868	0.0	0.0	0.0	0.0	0.0	0.0	0.0
11426	10.051047120418849	0.0	0.0	0.0	0.0	0.0	0.0	0.0	7.5205254515599345	0.0	0.0	0.0	0.0	0.0	0.0	0.0	11.5139911634757	0.0	0.0	0.0	0.0	0.0	0.0	0.0
11427	10.168202764976959	0.46864686468646866	0.8174061433447098	0.0	0.0	0.0	0.0	0.0	11.951505016722408	0.0	0.0	0.0	0.0	0.0	0.0	0.0	17.24372759856631	0.0	0.0	0.0	0.0	0.0	0.0	0.0
11428	9.060952380952381	0.0	0.0	0.0	0.2078853046594982	0.0	0.0	0.0	8.460869565217392	0.0	0.0	0.0	0.9659498207885304	0.0	0.0	0.0	13.402247191011236	0.0	0.0	0.0	0.0	0.0	0.0	0.0
11429	4.597619047619047	0.0	0.0	0.0	0.0	0.0	0.0	0.0	6.042483660130719	0.0	0.0	0.15714285714285714	0.8261904761904761	0.0	0.0	0.0	6.647249190938512	0.0	0.6190476190476191	0.0	0.0	0.0	0.0	0.0
11430	7.800711743772242	0.0	0.8642611683848798	0.0	0.0	0.0	0.0	0.0	9.288241415192507	0.0	0.0	0.15807560137457044	0.5274914089347079	0.0	0.0	0.0	14.183673469387756	0.0	0.5240549828178694	0.0	0.0	0.23625429553264604	0.0	0.0
11431	10.103296703296703	0.0	0.0	0.0	0.0	0.0	0.0	0.0	10.40947546531303	0.0	0.0	0.0	0.0	0.0	0.0	0.0	9.75889328063241	0.0	0.0	0.0	0.0	0.0	0.0	0.0
11432	10.791482300884956	0.0	0.0	0.0	0.0	0.0	0.0	0.0	7.737406216505895	0.0	0.0	0.0	0.0	0.0	0.0	0.0	13.044327176781003	0.0	0.93342776203966	0.0	0.0	0.5585457979225684	0.0	0.0
11433	7.2154811715481175	0.0	1.0219966159052454	0.0	0.0	0.0	0.0	0.0	6.580952380952381	0.0	0.0	0.0	0.766497461928934	0.0	0.0	0.0	14.907894736842104	0.0	0.0	0.0	0.0	0.0	0.0	0.0
11434	13.266219239373601	0.0	0.0	0.0	0.0	0.2194616977225673	0.0	0.0	9.502645502645503	0.010351966873706004	0.0	0.0	0.0	0.0	0.0	0.0	15.105145413870247	0.0	0.0	0.0	0.0	0.0	0.0	0.0
11435	15.604612850082372	0.0	0.834054834054834	0.0	0.0	0.0	0.0	0.0	12.449244060475163	0.0	0.0	0.0	0.0	0.0	0.0	0.0	11.359342915811089	0.0	1.9134199134199135	0.0	0.0	0.0	0.0	0.0
11436	12.92436974789916	0.0	0.0	0.0	0.0	0.0	0.0	0.0	8.19951923076923	0.0	0.0	0.0	0.0	0.0	0.0	0.0	24.944055944055943	0.0	0.30743243243243246	0.0	0.2937062937062937	0.0	0.0	0.0
11437	10.267489711934155	0.0	0.0	0.0	0.0	0.9320987654320988	0.0	0.0	6.423529411764706	0.0	0.0	0.0	0.5370370370370371	0.0	0.0	0.0	20.393103448275863	0.0	3.082706766917293	0.0	0.0	0.5987654320987654	0.0	0.0
11438	4.504504504504505	0.0	0.0	0.0	0.0	0.0	0.0	0.0	8.703296703296703	0.0	0.0	0.0	0.0	0.0	0.0	0.0	5.027027027027027	0.0	0.0	0.0	0.0	0.0	0.0	0.0
11439	1.8461538461538463	0.0	2.05699481865285	0.0	0.0	0.0	0.0	0.0	9.557603686635945	0.0	0.0	0.0	0.0	0.0	0.0	0.0	18.26086956521739	0.0	0.0	0.0	0.0	0.0	0.0	0.0
11440	8.049723756906078	0.0	0.0	0.0	0.0	0.0	0.0	0.0	14.68472906403941	0.0	0.0	0.0	0.0	0.0	0.0	0.0	7.936073059360731	0.0	0.0	0.0	1.447488584474886	0.0	0.0	0.0
11441	8.822296730930427	0.0	3.0109649122807016	0.0	0.0	0.0	0.0	0.0	10.727901614142967	0.4342105263157895	0.0	0.0	0.0	0.0	0.0	0.0	16.113255033557046	0.0	0.0	0.0	0.0	0.0	0.0	0.0
11442	7.516064257028113	0.0	0.0	0.0	1.211049723756906	0.0	0.0	0.0	5.793067226890757	0.0	0.0	0.0	0.0	0.0	0.0	0.0	8.047008547008547	0.0	0.0	0.0	0.0	0.0	0.0	0.0
11443	10.310391363022942	0.0	0.0	0.0	0.0	0.0	0.0	0.0	5.846737481031867	0.0	0.0	0.0	0.4647887323943662	0.0	0.0	0.0	11.493765586034913	0.0	0.7065727699530516	0.0	0.0	0.0	0.0	0.0
11444	8.013066202090592	0.0	0.0	0.0	0.0	0.0	0.0	0.0	7.5996810207336525	0.0	0.0	0.0	0.0	0.0	0.0	0.0	11.00178412132025	0.0	0.0	0.0	0.0	0.48450491307634164	0.0	0.0
11445	0.06481481481481481	0.0	0.0	0.0	0.0	0.0	0.0	0.0	1.1296296296296295	0.0	0.0	0.0	0.5	0.0	0.0	0.0	5.733333333333333	0.0	0.0	0.0	0.0	1.0	0.0	0.0
11446	7.146031746031746	0.0	0.8425925925925926	0.0	0.0	0.0	0.0	0.0	11.641935483870968	0.0	0.0	0.0	0.0	0.7839506172839507	0.0	0.0	21.9625	0.0	0.0	0.0	0.0	0.0	0.0	0.0
11447	11.489345509893456	0.0	0.0	0.0	0.0	0.0	0.0	0.0	9.335245901639345	0.0	0.0	0.0	0.0	0.0	0.0	0.0	14.090462143559488	0.06738351254480286	0.0	0.0	0.0	0.0	0.0	0.0
11448	11.195567144719687	0.0	0.0	0.0	0.39344262295081966	0.0	0.0	0.0	8.134232498394349	0.0	0.0	0.0	0.7504553734061931	0.0	0.0	0.0	14.553543307086613	0.0	0.8724954462659381	0.0	0.0	0.0	0.0	0.0
11449	11.105546995377503	0.0	0.0	0.0	0.0	0.0	0.0	0.0	8.601279317697228	0.0	0.0	0.0	0.0	0.0	0.0	0.0	11.825030876904076	0.0	0.0	0.0	0.0	0.0	0.0	0.0
11450	9.822459222082811	0.0	0.0	0.0	0.0	0.028358208955223882	0.0	0.0	8.861624649859944	0.0	0.5029850746268657	0.0	0.0	0.0	0.0	0.0	10.546726357022944	0.0	1.0537313432835822	0.0	0.0	0.0	0.0	0.0
11451	7.293956043956044	0.33548387096774196	0.7634408602150538	0.0	0.0	0.0	0.0	0.0	7.276960784313726	0.0	0.0	0.0	0.0	0.0	0.0	0.0	12.916129032258064	0.0	1.1440860215053763	0.0	0.0	0.0	0.0	0.0
11452	4.482946793997272	0.0	0.0	0.0	0.0	0.0	0.0	0.0	6.797373358348968	0.0	0.0	0.0	0.6508515815085159	0.0	0.0	0.0	7.039334341906203	0.0	1.670316301703163	0.0	0.0	0.0	0.0	0.0
11453	8.495495495495495	0.0	0.0	0.0	1.794871794871795	0.0	0.0	0.0	4.871794871794871	0.0	0.0	0.0	0.0	0.0	0.0	0.0	14.264957264957266	0.0	0.0	0.0	0.0	0.0	0.0	0.0
11454	9.640502354788069	0.0	0.8120525059665871	0.0	0.0	0.0	0.0	0.0	10.572399728076139	0.0	0.0	0.0	0.5848670756646217	0.0	0.0	0.0	10.111621799080762	0.0	0.9699090272918125	0.0	0.0	0.4970657276995305	0.0	0.0
11455	101.72592592592592	0.0	7.0285714285714285	0.0	3.3112582781456954	0.0	0.0	0.0	67.54188034188034	3.1709401709401708	2.127586206896552	1.0324786324786326	4.848314606741573	0.0	0.0	0.0	104.38290598290598	0.0	6.291743119266055	0.0	0.0	0.0	0.0	0.0
11456	8.331979695431473	0.0	0.0	0.0	1.2201365187713311	0.0	0.0	0.0	5.055672268907563	0.0	0.0	0.0	0.0	0.0	0.0	0.0	8.35082304526749	0.0	0.0	0.0	0.0	0.0	0.0	0.0
11457	8.758187772925764	0.0	0.8495634654130289	0.0	0.4656084656084656	0.0	0.0	0.0	6.463354037267081	0.0	0.0	0.0	0.0	0.0	0.0	0.0	11.310610551274452	0.0	0.3952380952380952	0.0	0.0	0.0	0.0	0.0
11458	8.567099567099566	0.0	1.228956228956229	0.0	0.9528619528619529	0.0	0.0	0.0	6.2087542087542085	0.0	0.0	0.0	0.0	0.0	0.0	0.0	11.857142857142858	0.0	0.0	0.0	0.0	0.0	0.0	0.0
11459	8.936254980079681	0.0	0.0	0.0	0.40771349862258954	0.0	0.0	0.0	10.321875	0.0	0.0	0.0	1.4545454545454546	0.0	0.0	0.0	14.05	0.0	0.0	0.0	0.0	0.0	0.0	0.0
11460	7.853684210526316	0.0	0.0	0.0	0.0	0.0	0.0	0.0	7.9759414225941425	0.0	0.0	0.0	0.0830223880597015	0.37904228855721395	0.0	0.0	13.936558287073751	0.0	0.0	0.0	0.1691542288557214	0.4222636815920398	0.0	0.0
11461	8.185983827493262	0.0	0.0	0.0	0.0	0.0	0.0	0.0	16.66022099447514	0.0	0.0	0.0	0.0	0.0	0.0	0.0	19.472727272727273	0.0	0.9549019607843138	0.0	0.0	0.0	0.0	0.0
11462	11.458860759493671	0.0	0.0	0.0	0.0	0.0	0.0	0.0	7.575565610859728	0.0	0.0	0.0	0.0	0.0	0.0	0.0	12.585492227979275	0.0	1.7135761589403973	0.0	0.0	0.0	0.0	0.0
11463	5.957186544342508	0.0	0.0	0.0	0.0	0.0	0.0	0.0	10.074235807860262	0.0	0.0	0.0	0.0	0.7431192660550459	0.0	0.0	13.967479674796747	0.0	0.0	0.0	0.0	0.0	0.0	0.0
11464	7.0493421052631575	0.0	0.0	0.0	0.0	0.0	0.0	0.0	7.374501992031872	0.09977324263038549	0.0	0.0	0.0	0.0	0.0	0.0	5.401554404145077	0.0	0.06575963718820861	0.0	0.0	0.0	0.0	0.0
11465	7.498316498316498	0.0	0.0	0.0	0.0	0.0	0.0	0.0	10.30035335689046	0.0	0.0	0.0	0.0	0.0	0.0	0.0	12.844696969696969	0.0	1.0168350168350169	0.0	0.0	0.0	0.0	0.0
11466	3.537313432835821	0.0	0.746268656716418	0.0	0.07960199004975124	0.0	0.0	0.0	6.532338308457711	0.0	0.0	0.0	0.0	0.0	0.0	0.0	8.0	0.0	0.0	0.0	0.0	0.0	0.0	0.0
11467	8.827882960413081	0.0	0.0	0.0	0.0	0.945226917057903	0.0	0.0	8.380710659898478	0.5491803278688525	0.0	0.0	0.0	0.0	0.0	2.8622448979591835	12.029360967184802	0.0	1.618153364632238	0.0	0.0	3.604068857589984	0.0	0.0
11468	8.074509803921568	0.0	0.9629629629629629	0.0	0.0	0.0	0.0	0.0	8.072072072072071	0.0	0.0	0.0	0.0	0.0	0.0	0.0	12.771043771043772	0.0	1.2592592592592593	0.0	0.0	0.0	0.0	0.0
11469	13.061224489795919	0.0	2.2222222222222223	0.0	0.0	0.0	0.0	0.0	7.16600790513834	0.0	0.803921568627451	0.0	0.9869281045751634	0.0	0.0	0.0	12.952861952861953	0.0	1.2516339869281046	0.0	0.0	0.0	0.0	0.0
11470	12.936784241868988	0.0	0.8802843247287692	0.0	0.22344322344322345	0.0	0.0	0.0	8.653478260869566	0.0	0.0	0.0	0.0	0.6194139194139194	0.0	0.0	14.754668930390492	0.17509157509157508	0.0	0.0	0.0	0.0	0.0	0.0
11471	13.465608465608465	0.0	0.0	0.0	0.0	0.0	0.0	0.0	7.91246290801187	0.0	0.0	0.0	0.0	0.0	0.0	0.0	16.398246951219512	0.0	0.0	0.0	0.0	0.0	0.0	0.0
11472	8.82857142857143	0.0	0.0	0.0	0.2463768115942029	0.37681159420289856	0.0	0.0	8.245353159851302	0.0	0.0	0.0	0.14492753623188406	0.7608695652173914	0.0	0.0	17.108695652173914	0.0	0.0	0.0	0.0	0.0	0.0	0.0
11473	13.25569176882662	0.0	1.0106060606060605	0.0	0.0	0.0	0.0	0.0	8.862385321100918	0.0	0.0	0.0	0.0	0.0	0.0	0.0	11.258585858585858	0.0	0.0	0.0	0.0	0.0	0.0	0.0
11474	13.315	0.0	0.0	0.0	1.016431924882629	0.0	0.0	0.0	5.75	0.0	0.0	0.0	0.32629107981220656	0.0	0.0	0.0	16.867007672634273	0.0	0.0	0.0	0.0	0.0	0.0	0.0
11475	8.150627615062762	0.0	1.3339805825242719	0.0	0.0	0.0	0.0	0.0	11.144308943089431	0.0	0.0	1.7269503546099292	0.6684397163120568	0.0	0.0	0.0	15.03820224719101	0.0	0.10638297872340426	0.0	0.0	0.0	0.0	0.0
11476	5.02803738317757	0.0	0.0	0.0	0.0	0.0	0.0	0.0	4.368421052631579	0.0	0.0	0.0	0.0	0.0	0.0	0.0	6.614035087719298	0.0	0.0	0.0	0.0	0.0	0.0	0.0
11477	9.090395480225988	0.0	0.0	0.0	0.8192090395480226	0.0	0.0	0.0	5.751412429378531	0.0	0.0	0.0	2.6666666666666665	1.0169491525423728	0.0	0.0	12.964028776978417	0.0	0.0	0.0	0.0	0.0	0.0	0.0
11478	4.741839762611276	0.0	0.8183333333333334	0.0	0.0	0.0	0.0	0.0	9.632743362831858	0.0	0.0	0.0	0.9	0.0	0.0	0.0	18.346607669616517	0.0	1.4498525073746313	0.0	0.0	0.0	0.0	0.0
11479	11.852542372881356	0.0	1.4840871021775544	0.0	0.0	0.0	0.0	0.0	10.048059149722736	0.0	0.0	0.0	0.0	0.0	0.0	0.0	14.018707482993197	0.0	2.0686767169179228	0.0	0.0	1.289782244556114	0.0	0.0
11480	8.871212121212121	0.0	0.0	0.0	0.39436619718309857	0.0	0.0	0.0	5.921383647798742	0.0	0.0	0.0	0.0	0.0	0.0	0.0	18.45205479452055	0.0	0.0	0.0	0.0	0.0	0.0	0.0
11481	4.845714285714286	0.0	0.0	0.0	0.0	0.0	0.0	0.0	5.118131868131868	0.0	0.0	0.0	0.0	1.2989247311827956	0.0	0.0	13.062717770034844	0.0	0.0	0.0	0.0	0.0	0.0	0.0
11482	16.584699453551913	0.0	0.0	0.0	0.0	0.0	0.0	0.0	8.929032258064517	0.0	0.0	0.0	0.0	0.0	0.0	0.0	16.850515463917525	0.0	0.40444444444444444	0.0	0.0	0.0	0.0	0.0
11483	13.185416666666667	0.0	0.0	0.0	0.0	0.0	0.0	0.0	7.144373673036093	0.0	0.0	0.0	1.3583333333333334	0.0	0.0	0.0	16.4375	0.0	0.0	0.0	0.0	1.55625	0.0	0.0
11484	9.659121171770972	0.0	1.2218543046357615	0.0	0.0	0.0	0.0	0.0	9.57615894039735	0.0	0.0	0.0	0.0	1.075055187637969	0.0	0.0	13.778774289985053	0.0	1.6445916114790287	0.0	0.0	0.0	0.0	0.0
11485	11.026315789473685	0.0	0.08672086720867209	0.0	0.0	0.0	0.0	0.0	2.113821138211382	0.0	0.0	0.0	0.032520325203252036	0.0	0.0	0.0	6.524916943521594	0.0	1.1219512195121952	0.0	1.2845528455284554	0.0	0.0	0.0
11486	3.095833333333333	0.0	0.21666666666666667	0.0	0.0	0.0	0.0	0.0	5.48695652173913	0.0	0.0	0.0	0.0	0.0	0.0	0.0	5.397260273972603	0.0	1.6416666666666666	0.0	0.0	0.0	0.0	0.0
11487	4.71304347826087	0.0	0.0	0.0	1.3971014492753624	0.0	0.0	0.0	5.2477611940298505	0.0	0.0	0.0	0.0	0.0	0.0	0.0	11.660869565217391	0.0	0.0	0.0	0.0	0.0	0.0	0.0
11488	3.7468879668049793	0.0	0.4696969696969697	0.0	0.0	0.0	0.0	0.0	5.8773946360153255	0.0	0.0	0.0	0.0	0.0	0.0	0.0	3.976525821596244	0.0	2.7007575757575757	0.0	0.0	0.0	0.0	0.0
11489	4.790960451977401	0.0	1.4083333333333334	0.0	0.0	0.0	0.0	0.0	10.089473684210526	0.0	0.0	0.0	0.0	0.0	0.0	0.0	15.017699115044248	0.0	0.0	0.0	0.0	0.0	0.0	0.0
11490	5.675944333996024	0.0	0.0	0.0	0.0	0.0	0.0	0.0	2.521484375	0.0	0.0	0.0	0.0	0.19047619047619047	0.0	0.0	10.65576323987539	0.0	1.8637566137566137	0.0	0.0	0.0	0.0	0.0
11491	11.50943396226415	0.0	0.9944794952681388	0.0	0.8827203331020125	0.0	0.0	0.0	9.772384937238494	0.6748299319727891	0.0	0.0	0.0	0.0	0.0	0.0	17.115178571428572	0.0	1.0571428571428572	0.0	0.0	0.06462585034013606	0.0	0.0
11492	13.12214983713355	0.0	0.0	0.0	0.6724137931034483	0.5517241379310345	0.0	0.0	10.033222591362126	0.1781609195402299	0.0	0.0	0.0	0.8275862068965517	0.0	0.0	16.012213740458016	0.0	0.9051724137931034	0.0	0.2557471264367816	0.0	0.0	0.0
11493	12.521961932650074	0.0	0.5565092989985694	0.0	0.0	0.0	0.0	0.0	8.534234995773458	0.0	0.0	0.0	0.0	0.0	0.0	0.0	11.973684210526315	0.0	0.944206008583691	0.0	0.0	0.0	0.0	0.0
11494	11.689492325855962	0.0	0.9683830171635049	0.0	0.0	0.0	0.0	0.0	8.866257668711656	0.0	0.0	0.0	0.0	0.5076784101174345	0.0	0.0	14.406423034330011	0.0	1.047418335089568	0.0	0.0	0.0	0.0	0.0
11495	10.282051282051283	0.0	0.0	0.0	0.3385416666666667	0.0	0.0	0.0	7.868421052631579	0.0	0.0	0.0	0.0	0.0	0.0	0.0	11.796875	0.0	0.0	0.0	0.0	1.1171875	0.0	0.0
11496	8.804780876494023	0.0	0.160075329566855	0.0	0.0	0.0	0.0	0.0	8.262948207171315	0.0	0.0	0.0	0.0	0.0	0.0	0.0	12.355748373101953	0.0	1.8493408662900188	0.0	0.0	0.0	0.0	0.0
11497	2.046075085324232	0.0	0.0	0.0	0.0	0.0	0.0	0.0	4.1396103896103895	1.620618556701031	0.0	0.0	1.7138364779874213	0.0	0.0	0.0	10.616352201257861	0.0	0.0	0.0	0.0	0.0	0.0	0.0
11498	0.8433734939759037	0.0	2.946341463414634	0.0	0.0	0.0	0.0	0.0	10.104938271604938	1.7188755020080322	0.0	0.0	1.2044198895027625	1.285140562248996	0.0	0.0	10.523809523809524	1.0	4.172690763052209	0.0	2.144578313253012	0.0	0.0	0.0
11499	4.85171102661597	0.0	1.0945512820512822	0.0	0.6314102564102564	0.0	0.0	0.0	7.94017094017094	2.5242718446601944	0.0	0.0	0.0	0.0	0.0	0.0	7.504317789291883	0.0	1.3317307692307692	0.0	0.0	1.176948051948052	0.0	0.0
11500	3.184899845916795	0.0	0.0	0.0	0.6936572199730094	0.0	0.0	0.0	5.272024729520865	0.5236167341430499	0.8623481781376519	0.0	0.0	1.528301886792453	0.0	0.0	8.775092936802974	0.0	3.1919642857142856	0.0	0.0	3.2981927710843375	0.0	0.0
11501	7.885416666666667	0.0	0.0	0.0	0.0	0.0	0.0	0.0	8.552238805970148	0.0	0.0	0.0	1.3895348837209303	0.0	0.0	1.0	6.770833333333333	0.0	2.234375	0.0	0.5208333333333334	0.09375	0.0	0.0
11502	5.256830601092896	1.696236559139785	2.0626780626780628	0.0	0.0	0.0	0.0	0.0	6.659154929577465	0.0	0.0	0.0	0.5618279569892473	0.0	0.0	0.0	4.9100346020761245	0.44623655913978494	2.14247311827957	0.0	0.0	0.0	0.0	0.0
11503	9.326797385620916	0.0	4.7254901960784315	0.0	3.0718954248366015	0.0	0.0	0.0	5.861313868613139	1.8235294117647058	0.0	0.0915032679738562	0.0	0.0	0.0	0.0	15.635714285714286	0.0	0.9803921568627451	0.0	1.5098039215686274	0.0	0.0	0.0
11504	10.475438596491228	0.0	0.7292576419213974	0.0	0.0	0.0	0.0	0.0	11.762183235867447	0.0	0.0	0.0	0.0	0.0	0.0	0.0	13.217221135029353	0.0	0.0	0.0	0.0	0.0	0.0	0.0
11505	6.073239436619718	0.0	0.0	0.0	0.0	0.0	0.0	0.0	10.089385474860336	0.0	0.0	0.0	0.6141552511415526	1.1643835616438356	0.0	0.0	12.384353741496598	0.0	0.5182648401826484	0.0	0.4018264840182648	0.0	0.0	0.0
11506	13.968121968121968	0.0	0.0	0.0	1.1847172081829123	0.0	0.0	0.0	9.874726875455208	0.2858002406738869	0.0	0.0	0.21359807460890493	0.1624548736462094	0.0	0.0	15.673811118553248	0.0	0.0	0.0	0.0	0.43501805054151627	0.0	0.0
11507	6.007462686567164	0.0	0.0	0.0	0.0	0.0	0.0	0.0	3.5714285714285716	0.0	0.0	0.0	0.0	0.0	0.0	0.0	2.745	0.0	0.0	0.0	0.0	0.0	0.0	0.0
11508	6.091928251121076	0.0	0.0	0.0	0.0	0.0	0.0	0.0	11.193916349809886	0.0	0.0	0.0	0.0	0.0	0.0	0.3333333333333333	21.397540983606557	0.0	0.797752808988764	0.0	0.0	0.0	0.0	0.0
11509	9.659574468085106	0.0	0.0	0.0	0.0	0.0	0.0	0.0	5.464406779661017	0.0	0.0	0.0	0.6547619047619048	0.0	0.0	0.0	15.217755443886098	0.0	0.0	0.0	0.5529100529100529	0.0	0.0	0.0
11510	7.365448504983389	0.0	0.0	0.0	1.617283950617284	0.0	0.0	0.0	5.155172413793103	0.0	0.0	0.0	0.0	0.0	0.0	0.0	16.254166666666666	0.0	0.0030864197530864196	0.0	0.0	0.0	0.0	0.0
11511	15.680115273775217	0.0	0.0	0.0	0.0	0.0	0.0	0.0	6.780600461893765	0.0	0.0	0.0	0.0	0.0	0.0	0.0	17.6404833836858	0.0	0.0	0.0	0.0	0.0	0.0	0.0
11512	7.457912457912458	0.0	0.8388888888888889	0.0	0.0	0.0	0.0	0.0	7.705555555555556	0.0	0.0	0.0	0.0	0.011111111111111112	0.0	0.0	24.91111111111111	0.0	1.4333333333333333	0.0	0.0	0.0	0.0	0.0
11513	7.74290780141844	0.0	0.0	0.0	0.0	0.0	0.0	0.0	10.067448680351907	0.0	0.0	0.0	0.0	0.0	0.0	0.0	12.272727272727273	0.0	1.7468354430379747	0.0	0.0	0.7215189873417721	0.0	0.0
11514	7.801904761904762	0.0	1.0693069306930694	0.0	0.0	0.0	0.0	0.0	9.735632183908047	0.0	0.0	0.0	0.22112211221122113	0.0	0.0	0.0	7.834264432029795	0.0	0.0	0.0	0.0	0.0	0.0	0.0
11515	3.940774487471526	0.0	0.0	0.0	0.0	0.0	0.0	0.0	7.060215053763441	0.0	0.0	0.0	0.0	0.0	0.0	0.0	12.73063973063973	0.0	0.0	0.0	0.0	0.8895522388059701	0.0	0.0
11516	6.732928679817906	0.0	0.0	0.0	0.0	0.0	0.0	0.0	7.701782820097245	0.0	0.0	0.08395061728395062	0.0	0.0	0.0	0.0	10.494818652849741	0.0	0.0	0.0	0.0	0.0	0.0	0.0
11517	7.757921419518378	0.0	0.0	0.0	0.0	0.0	0.0	0.0	5.822666666666667	0.0	0.0	0.0	0.0	0.0	0.0	0.0	14.145705521472392	0.0	0.0	0.0	0.0	0.0	0.0	0.0
11518	5.683844011142061	0.0	0.0	0.0	0.0	0.0	0.0	0.0	6.5942408376963355	0.0	0.0	0.0	0.680089485458613	0.0	0.0	0.0	10.985195154777927	0.0	0.8087248322147651	0.0	0.0	0.0	0.0	0.0
11519	6.364556962025317	0.0	2.1377151799687013	0.0	0.0	0.0	0.0	0.0	7.009380863039399	0.0	0.0	0.0	0.0	0.0	0.0	0.0	8.237232289950576	0.0	0.4726134585289515	0.0	0.0	0.0	0.0	0.0
11520	10.079617834394904	0.0	1.921383647798742	0.0	0.0	0.0	0.0	0.0	7.064	0.0	0.0	0.0	0.0	0.0	0.0	0.0	10.18213058419244	0.0	0.0	0.0	0.0	0.0	0.0	0.0
11521	6.434210526315789	0.0	2.3207547169811322	0.0	0.0	0.0	0.0	0.0	4.179245283018868	0.0	0.0	0.0	0.39308176100628933	0.0	0.0	0.0	11.977198697068404	0.0	0.0	0.0	0.0	0.0	0.0	0.0
11522	6.637949836423119	0.0	0.0	0.0	0.0	0.0	0.0	0.0	8.665178571428571	0.0	0.3551912568306011	0.0	0.0	0.0	0.0	0.0	6.99160447761194	0.0	0.9356388088376562	0.0	0.0	0.0	0.0	0.0
11523	9.607843137254902	0.0	2.431159420289855	0.0	0.33507853403141363	0.0	0.0	0.0	4.204	0.0	0.0	0.0	1.3472949389179756	0.0	0.0	0.0	10.053191489361701	0.0	0.25654450261780104	0.0	0.0	0.0	0.0	0.0
11524	10.63883495145631	0.0	0.0	0.0	0.683206106870229	0.0	0.0	0.0	9.055441478439425	0.0	0.0	0.0	0.0	0.0	0.0	0.0	12.674698795180722	0.0	0.0	0.0	0.0	0.0	0.0	0.0
11525	6.018640350877193	0.0	0.0	0.0	0.0	0.0	0.0	0.0	7.55203171456888	0.0	0.0	0.0	0.0	0.0	0.0	0.0	9.617977528089888	0.0	1.844494892167991	0.0	0.0	0.9559925093632958	0.0	0.0
11526	8.73465140478668	0.0	0.7100646352723915	0.0	0.0	0.0	0.0	0.0	10.377705627705629	0.0	0.0	0.0	0.0	0.0	0.0	0.0	11.569575471698114	0.0	0.44321329639889195	0.0	0.0	0.3508771929824561	0.0	0.0
11527	10.427821522309712	0.0	0.2818627450980392	0.0	0.0	0.0	0.0	0.0	8.997191011235955	0.0	0.0	0.0	3.0444444444444443	0.0	0.0	0.0	9.321070234113712	0.0	0.0	0.0	1.0269607843137254	0.0	0.0	0.0
11528	7.15291936978684	0.0	0.0	0.0	0.0	0.0	0.0	0.0	10.061256961018298	0.0	0.0	0.0	0.38095238095238093	0.0	0.0	0.0	10.526153846153846	0.0	0.0	0.0	0.0	0.0	0.0	0.0
11529	5.559935639581657	0.0	0.0	0.0	0.0	0.0	0.0	0.0	10.452338129496402	0.0	0.37151248164464024	0.0	0.5227606461086637	0.0	0.0	0.0	10.406020558002936	0.0	1.3891336270190895	0.0	0.0	0.0	0.0	0.0
11530	9.863865546218488	0.0	0.0	0.0	0.04625850340136054	0.0	0.0	0.0	8.251127819548872	0.0	0.0	0.0	0.1523809523809524	0.0	0.0	0.0	15.495344506517691	0.0	1.027027027027027	0.0	0.0	0.0	0.0	0.0
11531	10.8	0.0	0.0	0.0	0.0	0.0	0.0	0.0	14.032	0.0	0.0	0.0	0.0	0.0	0.0	0.0	7.176470588235294	0.0	0.0	0.0	0.0	0.0	0.0	0.0
11532	9.963525835866262	0.0	0.8145695364238411	0.0	0.0	0.0	0.0	0.0	4.437333333333333	0.0	0.0	0.0	0.7792494481236203	0.0	0.0	0.0	16.7018779342723	0.0	0.0	0.0	0.004415011037527594	0.0	0.0	0.0
11533	5.315428571428572	0.0	0.6384015594541911	0.0	0.0	0.0	0.0	0.0	8.12448132780083	0.33235867446393763	0.0	0.0	0.0	0.6101364522417154	0.0	0.0	10.65704387990762	0.0	0.9434697855750487	0.0	0.0	0.0	0.0	0.0
11534	8.876027830487034	0.0	0.9018003273322422	0.0	0.812329514457174	0.0	0.0	0.0	8.482565379825655	0.16748499727223132	0.1854882705946536	0.0	0.0	0.0	0.0	0.0	8.967843631778058	0.11565739225313694	0.0	0.0	0.0	0.23404255319148937	0.0	0.0
11535	11.246648793565683	0.0	0.0	0.0	0.0	0.0	0.0	0.0	5.87037037037037	0.0	0.0	0.0	0.0	0.0	0.0	0.0	14.17361111111111	0.0	0.0	0.0	0.2824074074074074	0.0	0.0	0.0
11536	8.540940766550523	0.0	0.0	0.0	0.0	0.0	0.0	0.0	9.311759343664539	0.0	0.0	0.0	0.4811965811965812	0.0	0.0	0.0	12.061507936507937	0.0	0.0	0.0	0.0	0.0	0.0	0.0
11537	10.973581213307241	0.16825829922692132	0.0	0.0	0.0	0.0	0.0	0.0	12.967250922509225	0.0	0.0	0.0	0.0	0.0	0.0	0.0	12.696750902527075	0.0	1.0809011776753712	0.0	0.1318781264211005	0.0	0.0	0.0
11538	9.771464646464647	0.0	0.7440087145969498	0.0	0.0	0.0	0.0	0.0	8.69313593539704	0.0	0.0	0.0	0.5403050108932462	0.0	0.0	0.0	14.591981132075471	0.0	0.0	0.0	0.0	0.0	0.0	0.0
11539	8.615023474178404	0.0	0.0	0.0	0.0	0.0	0.0	0.0	5.130434782608695	0.0	0.3380281690140845	0.0	0.0	0.0	0.0	0.0	10.463414634146341	0.0	2.0892018779342725	0.0	0.0	2.7699530516431925	0.0	0.0
11540	6.431137724550898	0.0	0.0	0.0	0.0	0.0	0.0	0.0	4.039568345323741	0.0	0.8151260504201681	0.0	0.0	0.0	0.0	0.0	11.77292576419214	0.0	3.2903225806451615	0.0	0.0	0.7254901960784313	0.0	0.0
11541	13.78088578088578	0.0	0.0	0.0	0.8098159509202454	0.0	0.0	0.0	11.88963963963964	0.0	0.0	0.0	0.0	0.0	0.0	0.0	11.973415132924336	0.0	0.3394683026584867	0.0	0.0	0.0	0.0	0.0
11542	12.193717277486911	0.0	0.0	0.0	0.0	0.0	0.0	0.0	10.712121212121213	0.0	0.0	0.0	0.0	0.0	0.0	0.0	12.647577092511014	0.0	0.0	0.0	0.0	0.0	0.0	0.0
11543	7.732673267326732	0.0	0.0	0.0	0.0	0.0	0.0	0.0	5.663366336633663	0.8778877887788779	0.0	0.0	0.0	0.0	0.0	0.0	15.355450236966824	0.0	0.5808580858085809	0.0	0.0	0.8811881188118812	0.0	0.0
11544	3.3026315789473686	0.0	0.0	0.0	1.691542288557214	0.0	0.0	0.0	7.625	1.2338308457711442	0.0	0.0	0.0	0.0	0.0	0.0	11.392857142857142	0.0	0.0	0.0	0.0	0.0	0.0	0.0
11545	11.047222222222222	0.0	0.0	0.0	3.950354609929078	0.0	0.0	0.0	7.189839572192513	0.0	0.0	0.0	0.0	0.7139479905437353	0.0	0.0	11.725333333333333	0.0	0.0	0.0	0.0	0.2458628841607565	0.0	0.0
11546	10.185365853658537	0.0	0.2789115646258503	0.0	1.901360544217687	0.0	0.0	0.0	7.9025423728813555	0.0	0.0	0.0	0.0	0.0	0.0	0.0	22.797520661157026	0.0	0.0	0.0	0.0	0.0	0.0	0.0
11547	7.750721847930703	0.0	0.0	0.0	0.0	0.0	0.0	0.0	5.6	0.0	0.0	0.0	0.004810996563573883	0.0	0.0	0.0	14.617210682492582	0.0	0.8075601374570447	0.0	0.0	0.0	0.0	0.0
11548	6.021452145214521	0.0	0.0	0.0	0.0	0.0	0.0	0.0	9.63109756097561	0.0	0.0	0.0	0.0	0.0	0.0	0.0	9.076086956521738	0.0	0.0	0.0	0.0	0.0	0.0	0.0
11549	6.777777777777778	0.0	0.0	0.0	0.0	0.0	0.0	0.0	8.693989071038251	0.0	0.0	0.0	0.0	0.0	0.0	0.0	4.753846153846154	0.0	1.0205128205128204	0.0	0.0	0.7333333333333333	0.0	0.0
11550	7.45273631840796	0.0	0.0	0.0	0.0	0.0	0.0	0.0	8.519125683060109	0.0	0.0	0.0	0.0	0.8590381426202321	0.0	0.0	14.952471482889734	0.0	0.5505804311774462	0.0	0.0	0.0	0.0	0.0
11551	7.269102990033223	0.0	0.0	0.0	0.0	0.0	0.0	0.0	6.513293943870015	0.0	0.0	0.0	0.0	0.0	0.0	0.0	9.561031084154662	0.0	1.0256731371321228	0.0	0.0	0.0	0.0	0.0
11552	8.565502183406114	0.0	0.0	0.0	0.0	0.0	0.0	0.0	7.223004694835681	0.0	0.21228070175438596	0.0	0.0	0.0	0.0	0.0	13.373522458628841	0.0	0.0	0.0	0.0	0.8947368421052632	0.0	0.0
11553	6.468706536856746	0.0	0.32589838909541513	0.0	0.10037174721189591	0.0	0.0	0.0	3.893617021276596	0.31722428748451054	0.0	0.0	0.0	0.6641883519206939	0.0	0.0	8.96774193548387	0.0	0.0	0.0	0.0	0.0	0.0	0.0
11554	6.115853658536586	0.0	0.0	0.0	1.5919540229885059	0.0	0.0	0.0	8.835616438356164	0.0	0.0	0.0	2.5689655172413794	0.6436781609195402	0.0	0.0	10.703703703703704	0.0	0.0	0.0	0.28735632183908044	0.0	0.0	0.0
11555	12.364294330518698	0.0	0.8996763754045307	0.0	0.0	0.0	0.0	0.0	5.123384253819037	0.0	0.0	0.0	0.028047464940668825	0.895361380798274	0.0	0.0	11.234615384615385	0.0	0.8166127292340885	0.0	0.0	0.0	0.0	0.0
11556	7.032051282051282	0.0	0.8791946308724832	0.0	0.0	0.0	0.0	0.0	7.419654714475431	0.0	0.0	0.0	0.0	0.6554809843400448	0.0	0.0	13.872170439414115	0.0	0.0	0.0	0.0	0.0	0.0	0.0
11557	9.842592592592593	0.0	0.0	0.0	0.49333333333333335	0.0	0.0	0.0	10.81532416502947	0.0	0.0	0.0	0.0	0.0	0.0	0.0	12.832041343669252	0.0	0.0	0.0	0.0	0.0	0.0	0.0
11558	10.316742081447964	0.0	2.47766323024055	0.0	0.7216494845360825	0.0	0.0	0.0	10.674008810572687	0.0	0.0	0.0	0.0	0.0	0.0	0.0	11.60701754385965	0.0	0.6323024054982818	0.0	0.0	0.0	0.0	0.0
11559	6.443213296398892	0.0	0.7754868270332188	0.0	0.0	0.0	0.0	0.0	9.041884816753926	0.0	0.0	0.0	0.0	0.3837342497136312	0.0	0.0	13.802989130434783	0.0	1.6403207331042382	0.0	0.0	0.0	0.0	0.0
11560	9.255010366275052	0.0	0.554958183990442	0.0	0.0	0.0	0.0	0.0	8.961463096015676	0.0	0.0	0.0	0.0	0.7102747909199522	0.0	0.0	10.988939492517892	0.0	0.22580645161290322	0.0	0.0	0.0	0.0	0.0
11561	8.859474804826117	0.0	0.38222222222222224	0.0	0.0	0.0	0.0	0.0	7.5145429362880884	0.0	0.0	0.0	0.0	0.0	0.0	0.0	13.192642140468227	0.0	0.0	0.0	0.0	0.0	0.0	0.0
11562	8.293478260869565	0.0	0.0	0.0	0.0	0.0	0.0	0.0	5.80890052356021	0.13381995133819952	0.0	0.0	2.201946472019465	0.0	0.0	0.0	20.865625	0.0	0.0	0.0	0.0	0.0	0.0	0.0
11563	13.54305799648506	0.0	0.0	0.0	0.0	0.0	0.0	0.0	9.888059701492537	0.0	0.0	0.0	0.0	0.0	0.0	0.0	13.985645933014354	0.0	0.0	0.0	0.0	0.0	0.0	0.06790123456790123
11564	9.27037773359841	0.0	0.8490196078431372	0.0	0.0	0.0	0.0	0.0	9.5635103926097	0.0	0.09411764705882353	0.0	0.0	0.17254901960784313	0.0	0.0	16.733333333333334	0.0	1.6392156862745098	0.0	0.0	0.0	0.0	0.0
11565	14.349480968858131	0.0	0.867231638418079	0.0	0.0	0.0	0.0	0.0	9.784926470588236	0.0	0.0	0.0	0.0	0.0	0.0	0.0	16.395953757225435	0.0	0.2980225988700565	0.0	0.0	0.7027914614121511	0.0	0.0
11566	13.153724247226624	0.0	0.0	0.0	1.4811320754716981	0.0	0.0	0.0	10.338842975206612	0.0	0.2577777777777778	0.0	0.14814814814814814	0.0	0.0	0.0	14.853858784893267	0.0	0.0	0.0	0.0	0.5866666666666667	0.0	0.0
11567	8.989096573208723	0.0	0.0	0.0	0.0	0.0	0.0	0.0	10.062595419847328	0.0	0.0	0.0	0.0	0.0	0.0	0.0	15.483365949119374	0.0	0.0	0.0	0.0	0.0	0.0	0.0
11568	8.990353697749196	0.0	0.0	0.0	0.648989898989899	0.0	0.0	0.0	9.169191919191919	0.0	0.0	0.0	0.0	0.0	0.0	0.0	13.168674698795181	0.0	0.0	0.0	0.0	0.0	0.0	0.0
11569	10.18421052631579	0.0	0.0	0.0	0.0	0.0	0.0	0.0	10.3396449704142	0.0	0.0	0.0	0.6637080867850098	0.0	0.0	0.0	13.052631578947368	0.0	0.626984126984127	0.0	0.0	1.848697394789579	0.0	0.0
11570	11.681892332789559	0.0	0.9563106796116505	0.0	0.0	0.4773462783171521	0.0	0.0	9.454692556634305	0.0	0.0	0.0	0.0	0.0	0.0	0.0	10.907721280602637	0.0	2.233009708737864	0.0	0.0	0.0	0.0	0.0
11571	6.928355196770938	0.0	0.0	0.0	0.5085354896675651	0.0	0.0	0.0	11.328263624841572	0.0	0.0	0.0	0.5858041329739443	0.0	0.0	0.0	7.771804062126643	0.0	0.0	0.0	0.0	0.0	0.0	0.0
11572	1.5523809523809524	0.0	0.0	0.0	0.0	0.0	0.0	0.0	1.2904761904761906	0.0	0.0	0.0	0.0	0.0	0.0	0.0	5.758793969849246	0.0	0.0	0.0	0.0	0.0	0.0	0.0
11573	8.464539007092199	0.0	1.6253687315634218	0.0	0.0	0.0	0.0	0.0	10.881458966565349	0.8908554572271387	0.0	0.0	0.0	0.0	0.0	0.0	11.540441176470589	0.0	0.0	0.0	0.0	0.0	0.0	0.0
11574	5.714656290531777	0.0	0.0	0.0	0.0	0.1506524317912218	0.0	0.0	8.178807947019868	0.0	0.0	0.0	0.0	0.0	0.0	0.0	12.869415807560138	0.0	0.0	0.0	0.0	1.9236453201970443	0.0	0.0
11575	9.517145505097313	0.0	0.0	0.0	0.0	0.0	0.0	0.0	10.939234808702176	0.7877551020408163	0.0	0.0	0.7129251700680272	0.0	0.0	0.0	12.551227773073666	0.0	0.0	0.0	0.0	0.0	0.0	0.0
11576	8.804123711340207	0.0	0.0	0.0	0.0	0.0	0.0	0.0	9.337078651685394	0.0	0.0	0.4444444444444444	0.0	0.0	0.0	0.0	13.117913832199546	0.0	0.7969543147208121	0.0	0.0	0.0	0.0	0.0
11577	7.303703703703704	0.0	0.0	0.0	0.0	0.0	0.0	0.0	7.609375	0.0	0.0	0.0	0.0	0.0	0.0	0.0	9.446315789473685	0.0	0.0	0.0	0.0	0.0	0.0	0.0
11578	14.645118733509236	0.0	0.0	0.0	0.0	0.0	0.0	0.0	10.078167115902964	0.0	0.0	0.0	0.0	0.0	0.0	0.0	12.015970515970515	0.0	0.0	0.0	0.0	0.0	0.0	0.0
11579	11.039045553145336	0.0	1.4519650655021834	0.0	0.0	0.0	0.0	0.0	9.339887640449438	0.0	0.0	0.0	0.0	0.0	0.0	0.0	17.556915544675643	0.0	0.0	0.022289766970618033	0.0	0.7384615384615385	0.0	0.0
11580	11.026497695852534	0.0	0.0	0.0	0.5884444444444444	0.0	0.0	0.0	8.559837728194726	0.0	0.0	0.0	0.0	0.0	0.0	0.0	15.42986881937437	0.0	0.34844444444444445	0.0	0.0	0.0	0.0	0.0
11581	6.557471264367816	0.0	0.0	0.0	1.2086720867208671	0.0	0.0	0.0	8.939490445859873	0.0	0.0	0.0	0.0	0.0	0.0	0.0	16.878923766816143	0.0	0.8983739837398373	0.0	0.0	0.7344173441734417	0.0	0.0
11582	15.996815286624203	0.0	0.0	0.0	0.0	0.0	0.0	0.0	7.029850746268656	0.0	0.0	0.0	0.0	0.0	0.0	0.0	13.866883116883116	0.0	0.0	0.0	0.0	0.0	0.0	0.0
11583	9.04861111111111	0.0	0.0	0.0	0.0	0.0	0.0	0.0	9.216783216783217	0.0	0.0	0.0	0.009768009768009768	0.0	0.0	0.0	11.722745625841185	0.0	0.0	0.0	0.0	0.0	0.0	0.0
11584	0.9901960784313726	0.0	0.0	0.0	4.0	0.0	0.0	0.0	4.76530612244898	0.0	0.0	0.0	0.0	0.0	0.0	0.0	7.715686274509804	0.0	1.8627450980392157	0.0	0.0	0.0	0.0	0.0
11585	5.7696969696969695	0.0	0.0	0.0	0.0	0.0	0.0	0.0	4.602739726027397	0.0	0.0	0.0	0.0	0.0	0.0	0.0	9.871794871794872	0.0	0.0	0.0	0.0	0.0	0.0	0.0
11586	11.025695931477516	0.0	0.0	0.0	0.0	0.0	0.0	0.0	11.948275862068966	0.0	0.0	0.0	0.0	0.5436507936507936	0.0	0.0	17.169734151329244	0.0	0.0	0.0	0.0	0.0	0.0	0.0
11587	9.52046783625731	0.0	0.0	0.0	0.866581956797967	0.0	0.0	0.0	7.589622641509434	0.0	0.0	0.0	0.9955406911928651	0.0	0.0	0.0	10.965665236051501	0.0	0.9798206278026906	0.0	0.0	0.06911928651059086	0.0	0.0
11588	14.11111111111111	0.0	0.0	0.0	0.0	0.0	0.0	0.0	6.096205962059621	0.0	0.0	0.0	0.0	0.0	0.0	0.0	7.664233576642336	0.0	0.0	0.0	0.0	0.6642335766423357	0.0	0.0
11589	4.785867237687366	0.0	0.4930555555555556	0.0	0.0	0.0	0.0	0.0	6.038709677419355	0.0	0.0	0.0	0.0	0.0	0.0	0.0	10.48581560283688	0.0	0.528604118993135	0.0	0.0	0.0	0.0	0.0
11590	10.640522875816993	0.0	1.1274509803921569	0.0	1.9607843137254901	0.0	0.0	0.0	10.405128205128205	1.142156862745098	0.0	0.0	0.0	0.0	0.0	0.0	18.251572327044027	0.06862745098039216	0.8333333333333334	0.0	0.0	0.0	0.0	0.0
11591	5.713355048859935	0.3279279279279279	0.4126126126126126	0.0	0.5495495495495496	0.0	0.0	0.0	7.210013908205841	0.0	0.0	0.0	0.0	0.0	0.0	0.0	8.850412249705537	0.0	1.5360360360360361	0.0	0.0	0.0	0.0	0.0
11592	6.6692307692307695	0.0	0.0	0.0	0.0	0.0	0.0	0.0	3.7902097902097904	0.0	0.0	0.0	1.9813432835820894	0.0	0.0	0.0	11.316993464052288	0.0	0.0	0.0	0.0	0.0	0.0	0.0
11593	11.310393258426966	0.0	0.0	0.0	0.0	0.0	0.0	0.0	9.654586636466592	0.0	0.0	0.0	1.5511651469098278	0.0	0.0	0.0	12.068508287292818	0.0	0.9533941236068896	0.0	0.0	0.0	0.0	0.0
11594	4.832512315270936	0.0	0.0	0.0	0.0	0.0	0.0	0.0	6.604026845637584	0.0	0.0	0.0	0.0	0.3511111111111111	0.0	0.0	10.934731934731936	0.0	0.0	0.0	0.0	0.0	0.0	0.0
11595	11.882899628252789	0.0	0.8220064724919094	0.0	0.0	0.0	0.0	0.0	7.303921568627451	0.0	0.0	0.0	0.0	0.0	0.0	0.0	17.15736040609137	0.0	0.9093851132686084	0.0	0.0	0.0	0.0	0.0
11596	8.198266522210185	0.0	0.9585798816568047	0.0	0.0	0.0	0.0	0.0	12.308401639344263	0.23767258382642997	0.0	0.0	0.5690335305719921	0.0	0.0	0.0	9.760917030567686	0.0	1.0032967032967033	0.0	0.4280078895463511	0.0	0.0	0.0
11597	13.935702199661591	0.0	0.7177177177177178	0.0	0.0	0.0	0.0	0.0	12.884393063583815	0.0	0.0	0.0	0.0	0.0	0.0	0.0	11.069295101553166	0.0	0.0	0.0	0.0	0.0	0.0	0.0
11598	2.827067669172932	0.0	0.0	0.0	0.0	0.0	0.0	0.0	8.2	0.0	0.0	0.0	0.0	0.0	0.0	0.0	18.853174603174605	0.0	1.6917562724014337	0.0	0.0	0.0	0.0	0.0
11599	11.591591591591591	0.0	0.0	0.0	0.0	0.0	0.0	0.0	10.108747044917259	0.0	0.46335697399527187	0.0	2.6761229314420802	0.0	0.0	0.0	15.884831460674157	0.0	0.0	0.0	0.0	0.0	0.0	0.0
11600	8.313019390581717	0.0	2.2387387387387387	0.0	0.0	1.3198198198198199	0.0	0.0	10.589108910891088	0.0	0.0	0.0	0.0	0.0	0.0	0.0	20.403726708074533	0.0	0.0	0.0	0.0	0.0	0.0	0.0
11601	8.24140350877193	0.0	0.5661157024793388	0.0	0.0	0.0	0.0	0.0	8.822003577817531	0.12190082644628099	0.0	0.0	0.0	0.0	0.0	0.0	12.053968253968254	0.0	0.5433884297520661	0.0	0.0	0.0	0.0	0.0
11602	9.026515151515152	0.0	0.0	0.0	0.0	0.0	0.0	0.0	10.082901554404145	0.0	0.0	0.0	1.3409090909090908	0.0	0.0	0.0	13.588932806324111	0.0	0.8143939393939394	0.0	0.0	0.26136363636363635	0.0	0.0
11603	11.30318690783807	0.0	0.0	0.0	0.0	0.0	0.0	0.0	9.582127659574468	0.0	0.0	0.0	0.0	0.0	0.0	0.0	14.558293838862559	0.0	0.0	0.0	0.0	0.0	0.0	0.0
11604	8.869140625	0.0	0.0	0.0	0.0	0.0	0.0	0.0	9.946291560102301	0.0	0.0	0.0	0.0	0.0	0.0	0.0	14.461538461538462	0.0	0.28468468468468466	0.0	1.2648648648648648	0.0	0.0	0.0
11605	6.006920415224913	0.0	0.8733333333333333	0.0	0.24175824175824176	0.0	0.0	0.0	12.537931034482758	0.03666666666666667	0.0	0.0	0.8866666666666667	0.0	0.0	0.0	15.932584269662922	0.0	2.796666666666667	0.0	0.0	0.0	0.0	0.0
11606	5.239935587761675	0.0	0.7158218125960062	0.0	0.0	0.0	0.0	0.0	9.207079646017698	0.6943164362519201	0.0	0.0	0.0	0.0	0.0	0.0	15.257633587786259	0.0	2.043010752688172	0.0	0.0	0.0	0.0	0.0
11607	9.1335436382755	0.0	0.36016511867905054	0.0	0.542827657378741	0.0	0.0	0.0	10.908779931584949	0.015479876160990712	0.0	0.0	1.105263157894737	1.1444788441692466	0.0	0.0	19.48354143019296	0.0	0.6212590299277606	0.0	0.0	0.0	0.0	0.0
11608	7.732349165596919	0.0	0.0	0.0	0.0	0.0	0.0	0.0	9.022506393861892	0.0	0.0	0.0	0.0	0.0	0.0	0.0	17.857218966435802	0.0	1.6615305598356447	0.0	0.0	0.0	0.0	0.0
11609	10.145454545454545	0.0	0.0	0.0	0.0	0.0	0.0	0.0	7.751522533495737	0.0	0.0	0.0	0.0	0.0	0.0	0.0	15.040728831725616	0.00823045267489712	1.47119341563786	0.0	0.0	0.0	0.0	0.0
11610	8.909667194928685	0.0	0.0	0.0	0.9422222222222222	0.0	0.0	0.0	5.665492957746479	0.0	0.0	0.0	0.0	0.0	0.0	0.0	14.368131868131869	0.0	0.5807407407407408	0.0	0.0	0.8207407407407408	0.0	0.0
11611	1.0973451327433628	0.0	0.0	0.0	0.0	0.0	0.0	0.0	4.536585365853658	0.0	0.0	0.0	0.0	0.0	0.0	0.0	7.155339805825243	0.0	0.5203252032520326	0.0	0.0	0.0	0.0	0.0
11612	7.008756567425569	0.0	0.0	0.0	0.0	0.0	0.0	0.0	5.562248995983936	0.0	0.0	0.0	0.0	0.0	0.0	0.0	12.22844827586207	0.0	1.0	0.0	0.0	0.8006700167504187	0.0	0.0
11613	11.0398406374502	0.0	1.0	0.0	0.9023569023569024	0.0	0.0	0.0	4.582010582010582	0.7946127946127947	0.0	0.0	0.0	1.2424242424242424	0.0	0.0	12.540983606557377	0.0	1.65993265993266	0.0	0.0	0.0	0.0	0.0
11614	11.3954802259887	0.0	0.0	0.0	0.0	0.0	0.0	0.0	2.7570621468926553	0.7627118644067796	0.0	0.0	0.0	0.0	0.0	0.0	19.28476821192053	0.0	0.5480225988700564	0.0	0.0	0.0	0.0	0.0
11615	5.529166666666667	0.0	0.0	0.0	0.0	0.0	0.0	0.0	6.015625	0.0	0.0	0.0	0.0	0.0	0.0	0.0	9.084795321637428	0.0	0.0	0.0	0.0	1.0526315789473684	0.0	0.0
11616	8.941520467836257	0.0	0.0	0.0	0.0	0.0	0.0	0.0	18.361842105263158	0.0	0.0	0.0	0.0	0.0	0.0	0.0	11.292397660818713	0.9239766081871345	0.0	0.0	0.0	0.0	0.0	0.0
11617	5.291479820627803	0.0	0.16666666666666666	0.0	0.0	0.0	0.0	0.0	4.2	0.0	0.0	0.0	0.0	0.0	0.0	0.0	10.873417721518987	0.0	0.0	0.0	0.0	0.5458333333333333	0.0	0.0
11618	6.534526854219949	0.0	0.873542600896861	0.0	1.0360360360360361	0.0	0.0	0.0	5.152390438247012	0.0	0.0	0.0	0.0	0.0	0.0	0.0	8.34377967711301	0.0	0.0	0.0	0.0	0.0	0.0	0.0
11619	10.242424242424242	0.0	0.0	0.0	0.26666666666666666	0.0	0.0	0.0	5.300884955752212	0.0	0.0	0.0	0.0	0.0	0.0	0.0	9.28448275862069	0.0	0.0	0.0	0.0	0.0	0.0	0.0
11620	7.4708520179372195	0.0	0.0	0.0	0.0	0.0	0.0	0.0	2.6675191815856776	0.0	0.0	0.0	0.0	0.0	0.0	0.0	8.287009063444108	0.0	0.0	0.0	0.432258064516129	0.0	0.0	0.0
11621	6.232484076433121	0.0	0.0	0.0	0.0	0.0	0.0	0.0	5.657952069716775	0.0	0.0	0.0	0.025157232704402517	0.0	0.0	0.0	14.738351254480287	0.0	0.7955974842767296	0.0	0.0	0.0	0.0	0.0
11622	13.103761348897535	0.0	0.0	0.0	0.4469413233458177	0.0	0.0	0.0	7.790268456375839	0.0	0.0	0.0	0.0	0.0	0.0	0.0	10.257884972170686	0.0	0.9637952559300874	0.0	0.0	0.0	0.0	0.0
11623	10.072289156626505	0.0	0.0	0.0	1.0200803212851406	0.0	0.0	0.0	7.229299363057325	0.0	0.0	0.0	0.0	0.0	0.0	0.0	14.026104417670682	0.0	0.0	0.0	0.0	0.0	0.0	0.0
11624	12.98254189944134	0.0	0.8358531317494601	0.0	0.0	0.0	0.0	0.0	10.049242424242424	0.10271703114645461	0.0	0.0	0.0	0.0	0.0	0.0	16.462761506276152	0.0	0.0	0.0	0.0	0.6805455850681982	0.0	0.0
11625	11.12531328320802	0.0	0.13777777777777778	0.0	1.6577777777777778	0.0	0.0	0.0	11.395973154362416	0.94	0.0	0.0	0.0	0.0	0.0	0.0	19.889518413597735	0.0	0.0	0.0	0.0	0.0	0.0	0.0
11626	7.786217697729052	0.0	1.3903077930582841	0.0	0.0	0.0	0.0	0.0	10.137377963737796	0.0	0.0	0.0	0.2662760416666667	0.16145833333333334	0.0	0.0	12.127644569816644	0.0	0.0	0.0	0.0	0.0	0.0	0.0
11627	16.075965130759652	0.0	0.6750524109014675	0.0	0.0	0.0	0.0	0.0	8.291718170580964	0.0	0.0	0.0	0.0	0.0	0.0	0.0	12.96551724137931	0.0	0.0	0.0	0.0	0.0	0.0	0.0
11628	13.123203285420944	0.0	1.428828828828829	0.0	1.3693693693693694	0.0	0.0	0.0	12.264462809917354	0.0	0.0	0.0	0.0	0.0	0.0	0.0	19.466230936819173	0.0	0.0	0.0	0.0	0.0	0.0	0.0
11629	14.702970297029703	0.0	1.916083916083916	0.0	1.75990675990676	0.0	0.0	0.0	5.452214452214452	0.0	0.0	0.0	0.0	0.0	0.0	0.0	9.075757575757576	0.0	0.6013986013986014	0.0	0.0	1.7342657342657342	0.0	0.0
11630	6.114285714285714	0.0	0.0	0.0	0.0	0.0	0.0	0.0	7.155642023346304	0.0	0.0	0.0	0.0	0.0	0.0	0.0	13.70995670995671	0.0	0.6026936026936027	0.0	0.0	0.0	0.0	0.0
11631	13.074157303370786	0.0	0.0	0.0	0.0	0.0	0.0	0.0	3.525531914893617	0.0	0.0	0.0	1.0925039872408293	0.0	0.0	0.0	17.320723684210527	0.0	1.0723684210526316	0.0	0.0	0.0	0.0	0.0
11632	6.152777777777778	0.0	0.0	0.0	0.0	0.0	0.0	0.0	1.3366834170854272	0.0	0.1597222222222222	0.0	0.0	0.0	0.0	0.0	15.661157024793388	0.0	1.4791666666666667	0.0	0.0	0.0	0.0	0.0
11633	1.7777777777777777	0.0	0.0	0.0	0.896551724137931	0.0	0.0	0.0	8.109004739336493	0.0	0.0	0.0	0.0	0.0	0.0	0.0	8.324468085106384	0.0	0.9885057471264368	0.0	0.0	0.0	0.0	0.0
11634	12.422939068100359	0.0	0.0	0.0	0.0	3.176151761517615	0.0	0.0	3.469055374592834	0.0	0.0	0.0	0.0	0.6395663956639567	0.0	0.0	7.628099173553719	0.0	0.0	0.0	0.0	0.0	0.0	0.0
11635	11.774886877828054	0.0	0.0	0.0	0.0	0.0	0.0	0.0	7.0491967871485945	0.0	0.0	0.0	0.0	0.0	0.0	0.0	11.75131717597471	0.0	0.0	0.0	0.0	0.0	0.0	0.0
11636	7.247002398081535	0.0	0.0	0.0	0.0	0.006230529595015576	0.0	0.0	6.961672473867596	0.0	0.0	0.0	0.0	0.0	0.0	0.0	11.713763702801462	0.0	1.1274382314694409	0.0	0.0	0.0	0.0	0.0
11637	5.107843137254902	0.0	1.8137254901960784	0.0	0.9068627450980392	0.0	0.0	0.0	8.0625	0.0	0.0	0.0	0.0	0.0	0.0	0.0	15.240196078431373	0.0	0.0	0.0	0.0	0.0	0.0	0.0
11638	7.00548523206751	0.0	0.0	0.0	0.0	0.0	0.0	0.0	8.316645807259073	0.0	0.0	0.09856035437430787	0.0	0.0	0.0	0.0	11.268899954730648	0.0	0.7533482142857143	0.0	0.0	0.0	0.0	0.0
11639	4.190476190476191	0.0	0.0	0.0	0.3439153439153439	0.0	0.0	0.0	10.353333333333333	0.0	0.0	0.0	0.0	0.0	0.0	0.0	18.526315789473685	0.0	0.0	0.0	0.0	0.0	0.0	0.0
11640	8.896602658788774	0.0	0.0	0.0	0.0	0.0	0.0	0.0	7.214541120381407	0.06120218579234973	0.0	0.0	0.0	0.0	0.0	0.0	9.693481276005548	0.0	0.0	0.0	0.0	0.7530054644808744	0.0	0.0
11641	7.284246575342466	0.0	0.0	0.0	0.8037383177570093	0.0	0.0	0.0	13.73816155988858	0.7835820895522388	0.0	0.0	0.0	0.0	0.0	0.0	9.568888888888889	0.0	0.0	0.0	0.0	0.0	0.0	0.0
11642	8.306451612903226	0.0	0.0	0.0	0.0	0.0	0.0	0.0	10.13978494623656	0.0	0.0	0.0	0.0	0.0	0.0	0.0	13.98857142857143	0.0	0.0	0.0	0.0	0.0	0.0	0.0
11643	10.156225218080888	0.0	0.0	0.0	0.0	0.0	0.0	0.0	6.291744840525328	0.0	0.0	0.0	0.0	0.0	0.0	0.0	17.713846153846156	0.0	0.5294117647058824	0.0	0.0	0.4983096686950642	0.0	0.0
11644	6.656914893617022	0.0	0.9682758620689655	0.0	0.0	0.0	0.0	0.0	5.426527958387516	0.0	0.0	0.0	0.0	0.0	0.0	0.0	17.93421052631579	0.0	1.128395061728395	0.0	0.0	0.0	0.0	0.0
11645	8.0	0.0	0.0	0.0	0.0	0.0	0.0	0.0	5.477635782747604	0.0	0.0	0.0	0.0	0.0	0.0	0.0	12.795665634674922	0.0	0.0	0.0	0.0	0.0	0.0	0.0
11646	2.295238095238095	0.0	1.9619047619047618	0.0	0.0	0.0	0.0	0.0	1.1358024691358024	0.0	0.0	0.0	0.0	0.0	0.0	0.0	3.066666666666667	0.0	0.0	0.0	0.0	0.0	0.0	0.0
11647	4.993095512082854	0.0	0.0	0.0	0.0	0.0	0.0	0.0	4.2162485065710875	0.0	0.0	0.0	0.0	0.0	0.0	0.0	6.747854077253219	0.0	0.0	0.0	0.0	0.0	0.0	0.0
11648	6.875	0.0	0.0	0.0	0.0	0.0	0.0	0.0	7.176258992805756	0.0	0.0	0.0	0.8027210884353742	0.0	0.0	0.0	13.140449438202246	0.0	3.1621621621621623	0.0	0.0	0.0	0.0	0.0
11649	13.611439842209073	0.0	0.0	0.0	0.0	0.0	0.0	0.0	8.606407322654462	0.0	2.562222222222222	0.0	0.0	0.0	0.0	0.0	9.471153846153847	0.0	0.9329388560157791	0.0	0.0	0.0	0.0	0.0
11650	10.049019607843137	0.0	0.0	0.0	0.0	0.0	0.0	0.0	7.708719851576994	0.0	0.058823529411764705	0.0	0.0	0.0	0.0	0.0	14.687234042553191	0.0	0.0	0.0	0.0	0.0	0.0	0.0
11651	5.148076923076923	0.0	0.0	0.0	0.0	0.0	0.0	0.0	8.758333333333333	0.0	0.0	0.0	0.0	0.0	0.0	0.0	9.56637168141593	0.0	0.0	0.0	0.0	0.0	0.0	0.0
11652	13.915094339622641	0.0	0.0	0.0	0.0	0.0	0.0	0.0	7.8785425101214575	0.0	0.0	0.0	0.0	0.0	0.0	0.0	12.239018087855298	0.0	0.0	0.0	0.0	0.0	0.0	0.0
11653	9.180089485458613	0.0	1.1942919868276618	0.0	0.0	0.0	0.0	0.0	6.919674039580908	0.34316939890710385	0.0	0.0	0.0	0.7956284153005464	0.0	0.0	13.826855123674912	0.0	0.0	0.0	0.0	0.3726775956284153	0.0	0.10819672131147541
11654	9.771569433032045	0.0	0.6754807692307693	0.0	0.0	0.16346153846153846	0.0	0.0	11.139468690702087	0.0	0.0	0.0	0.0	0.0	0.0	0.0	14.777335984095428	0.0	0.0	0.0	0.0	0.0	0.0	0.0
11655	5.273993808049536	0.0	0.0	0.0	0.0	0.0	0.0	0.0	10.827956989247312	0.0	0.0	0.0	0.0	0.0	0.0	0.0	13.69910371318822	0.0	0.3022700119474313	0.0	0.0	0.0	0.0	0.0
11656	2.0	0.0	0.0	0.0	0.0	0.0	0.0	0.0	5.783783783783784	0.0	0.0	0.0	0.7567567567567568	0.0	0.0	0.0	3.5855855855855854	0.0	0.0	0.0	0.0	0.0	0.0	0.0
11657	7.840425531914893	0.0	0.0	0.0	0.0	0.0	0.0	0.0	21.936305732484076	0.0	0.0	0.0	0.7605633802816901	0.0	0.0	0.0	27.414012738853504	0.892018779342723	2.0	0.0	0.0	0.0	0.0	0.0
11658	11.851666666666667	0.0	0.0	0.0	0.0	0.0	0.0	0.0	12.39675174013921	0.0	0.0	0.0	0.0	0.967948717948718	0.0	0.0	9.096837944664031	0.0	0.0	0.0	0.0	0.0	0.0	0.0
11659	0.0	0.0	0.0	0.0	0.0	0.0	0.0	0.0	0.0	0.0	0.0	0.0	0.0	0.0	0.0	0.0	7.82089552238806	0.0	0.0	0.0	0.0	0.0	0.0	0.0
11660	8.800383877159309	0.0	0.0	0.0	0.9892952720785013	0.0	0.0	0.0	7.483243243243243	0.3478927203065134	0.0	0.0	0.0	0.0	0.0	0.0	11.055696202531646	0.0	0.8352490421455939	0.0	0.0	0.0	0.0	0.0
11661	11.775720164609053	0.0	0.0	0.0	0.12252252252252252	0.0	0.0	0.0	10.06483300589391	0.0	0.0	0.0	0.0	0.3261261261261261	0.0	0.0	10.69140625	0.0	0.0	0.0	0.0	0.0	0.0	0.0
11662	5.647058823529412	0.0	0.0	0.0	0.0	0.0	0.0	0.0	7.892193308550186	0.0	0.0	0.0	0.8126984126984127	0.0	0.0	0.0	10.787709497206704	0.0	0.0	0.0	0.0	0.0	0.0	0.0
11663	7.956444444444444	0.0	0.0	0.0	0.0	0.0	0.0	0.0	8.424175824175824	0.0	0.0	0.0	0.0	0.0	0.0	0.0	12.236695790309769	0.0	0.0	0.0	0.0	0.0	0.0	0.0
11664	9.059895833333334	0.0	0.0	0.0	0.8958333333333334	0.0	0.0	0.0	10.893939393939394	0.0	0.0	0.0	0.0	0.0	0.0	0.0	12.623931623931623	0.0	0.0	0.0	0.0	0.0	0.0	0.0
11665	8.831758034026466	0.0	0.0	0.0	0.7961570593149541	0.0	0.0	0.0	8.69064039408867	0.0	0.0	0.0	0.23725981620718462	0.0	0.0	0.0	12.889110889110889	0.0	0.5914786967418546	0.0	0.0	0.6223893065998329	0.0	0.0
11666	4.856428571428571	0.0	0.0	0.0	0.0	0.0	0.0	0.0	11.020893371757925	0.0	0.0	0.0	0.0	0.0	0.0	0.0	10.187845303867404	0.0	0.0	0.0	0.0	0.0	0.0	0.0
11667	7.45	0.0	0.0	0.0	0.0	0.0	0.0	0.0	8.8	0.0	0.0	0.0	0.9121212121212121	0.0	0.0	0.0	2.9672727272727273	0.0	0.0	0.0	0.0	0.0	0.0	0.0
11668	9.767123287671232	0.0	0.0	0.0	0.0	0.0	0.0	0.0	4.706306306306306	0.0	0.0	0.0	0.0	0.0	0.0	0.0	12.039938556067588	0.0	0.0	0.0	0.0	0.0	0.0	0.0
11669	14.97157622739018	0.0	0.7139479905437353	0.0	0.0	0.4326241134751773	0.0	0.0	7.291095890410959	0.0	0.0	0.0	0.0	0.0	0.0	0.0	9.333333333333334	0.0	0.0	0.0	0.0	0.0	0.0	0.0
11670	12.93800539083558	0.0	0.9384615384615385	0.0	1.4136752136752138	0.0	0.0	0.0	7.860262008733624	0.0	0.0	0.0	0.0	1.3487179487179488	0.0	0.0	16.368330464716006	0.0	0.0	0.0	0.0	0.7659176029962547	0.0	0.0
11671	10.97872340425532	0.0	0.0	0.0	0.9371980676328503	0.0	0.0	0.0	10.855072463768115	0.0	0.6570048309178744	0.0	0.0	0.0	0.0	0.0	5.169082125603865	0.0	4.202898550724638	0.0	0.0	0.42995169082125606	0.0	0.0
11672	7.131294964028777	0.0	0.0	0.0	0.0	0.0	0.0	0.0	4.5221579961464355	1.240566037735849	1.5996592844974447	0.0	0.0	0.0	0.0	0.0	9.644708423326135	1.6768826619964974	2.2766798418972334	1.5161550888529887	0.0	0.0	0.0	0.8394077448747153
11673	7.94659300184162	0.0	0.0	0.0	0.0	0.0	0.0	0.0	4.5669099756691	0.0	0.0	0.0	0.0	0.0	0.0	0.0	5.552830188679246	0.0	0.0	0.0	0.0	0.0	0.0	0.0
11674	4.961538461538462	0.0	0.0	0.0	0.0	0.0	0.0	0.0	1.6612903225806452	0.0	0.0	0.0	0.0	0.0	0.0	0.0	12.904761904761905	0.0	0.0	0.0	0.0	2.0483870967741935	0.0	0.0
11675	8.812865497076023	0.373015873015873	0.0	0.0	1.8253968253968254	0.0	0.0	0.0	12.536082474226804	0.0	0.0	0.0	0.26618705035971224	0.0	0.0	0.0	20.63519313304721	0.0	0.0	0.0	0.0	0.9047619047619048	0.0	0.0
11676	14.488448844884488	0.0	1.25	0.0	0.0	0.027777777777777776	0.0	0.0	14.496666666666666	0.0	0.0	0.0	0.0	0.0	0.0	0.0	12.699367088607595	0.0	0.0	0.0	0.0	0.0	0.0	0.0
11677	3.7948717948717947	0.0	0.0	0.0	0.0	0.0	0.0	0.0	14.868686868686869	0.0	0.0	0.0	0.0	0.0	0.0	0.0	11.452991452991453	0.0	0.0	0.0	0.0	0.0	0.0	0.0
11678	14.492592592592592	0.0	0.0	0.0	0.0	0.0	0.0	0.0	12.7981220657277	0.0	0.0	0.0	1.962962962962963	0.0	0.6296296296296297	0.0	25.399224806201552	0.0	0.0	0.0	0.0	0.0	0.0	0.0
11679	11.827272727272728	0.0	1.6010928961748634	0.0	0.0	0.0	0.0	0.0	14.479108635097493	0.0	0.0	0.0	0.0	0.664488017429194	0.0	0.0	25.579520697167755	0.18736383442265794	0.0	0.0	0.6405228758169934	0.2178649237472767	0.0	0.0
11680	10.891666666666667	0.0	0.0	0.0	0.6583333333333333	0.0	0.0	0.0	4.815068493150685	0.0	0.0	0.0	1.3291666666666666	0.0	0.0	0.0	18.744493392070485	0.0	1.3333333333333333	0.0	0.0	0.0	0.0	0.0
11681	3.9323076923076923	0.0	0.0	0.0	0.0	0.0	0.0	0.0	7.597938144329897	0.0	0.0	0.0	0.0	0.0	0.0	0.0	3.96984126984127	0.0	0.0	0.0	0.0	0.0	0.0	0.0
11682	12.669117647058824	0.0	0.0	0.0	5.160621761658031	0.0	0.0	0.0	11.25974025974026	1.8922305764411027	0.0	0.0	0.0	0.0	0.0	0.0	7.437956204379562	0.0	0.0	0.0	0.0	0.0	0.0	0.0
11683	5.938775510204081	0.0	1.3934837092731829	0.0	0.09022556390977443	0.0	0.0	0.0	4.3	0.48872180451127817	0.0	0.0	2.8693333333333335	0.0	0.0	0.0	13.137844611528822	0.0	1.4629080118694362	0.15037593984962405	0.0	0.0	0.0	0.0
11684	4.694444444444445	0.0	1.0724637681159421	0.0	0.0	1.3478260869565217	0.0	0.0	7.268518518518518	0.0	0.0	0.0	0.0	0.0	0.0	0.0	17.446153846153845	0.0	0.0	0.0	0.0	0.0	0.0	0.0
11685	15.136363636363637	0.0	2.3594202898550725	0.0	0.06376811594202898	0.0	0.0	0.0	4.444866920152092	0.0	0.0	0.0	0.0	0.0	0.0	0.0	21.217687074829932	0.0	0.0	0.0	0.0	0.0	0.0	0.0
11686	12.438202247191011	0.0	0.0	0.0	0.0	0.0	0.0	0.0	9.678100263852242	0.0	0.0	0.0	0.0	0.0	0.0	0.0	12.330128205128204	0.0	0.7842227378190255	0.0	0.0	0.0	0.0	0.0
11687	9.779761904761905	0.0	0.0	0.0	0.0	0.0	0.0	0.0	7.357142857142857	0.0	0.0	0.0	1.6056056056056056	0.0	0.0	0.0	21.795092024539876	0.0	0.7877877877877878	0.0	0.0	0.0	0.0	0.0
11688	11.91	0.0	0.0	0.0	0.0	0.05952380952380952	0.0	0.0	9.033834586466165	0.0	0.0	0.0	0.0	0.0	0.0	0.0	17.49663526244953	0.0	1.311904761904762	0.0	0.0	0.0	0.0	0.0
11689	8.267822736030828	0.0	0.5389408099688473	0.0	0.0	0.3442367601246106	0.0	0.0	2.6954813359528487	0.8052959501557633	0.0	0.0	0.0	0.0	0.0	0.0	16.330948121645797	0.0	0.0	0.0	0.0	0.0	0.0	0.0
11690	16.28755364806867	0.0	0.0	0.0	0.3125	0.0	0.0	0.0	6.519354838709678	0.0	0.0	0.0	0.0	0.0	0.0	0.0	19.968526466380542	0.0	0.3450520833333333	0.0	0.0	0.0	0.0	0.0
11691	7.364990689013036	0.0	0.0	0.0	0.4134078212290503	0.0	0.0	0.0	10.869473684210526	0.4543761638733706	0.0	0.0	0.0	0.0	0.0	0.0	13.35195530726257	0.0	0.6321243523316062	0.0	0.0	0.0	0.0	0.0
11692	13.574952561669829	0.0	0.0	0.0	0.4462962962962963	0.0	0.0	0.0	8.87746170678337	0.040740740740740744	0.1962962962962963	0.0	0.0	0.0	0.0	0.0	14.97467166979362	0.0	0.0	0.0	0.0	0.0	0.07685185185185185	0.0
11693	10.312820512820513	0.0	0.0	0.0	0.0	0.0	0.0	0.0	12.469525959367946	0.0	0.0	0.0	0.0	0.0	0.0	0.0	16.924786324786325	0.0	0.0	0.0	0.0	0.0	0.0	0.0
11694	13.080645161290322	0.0	0.0	0.0	0.0	0.0	0.0	0.0	18.526315789473685	0.6720430107526881	0.0	0.0	0.0	1.4516129032258065	0.0	0.0	20.767605633802816	0.0	0.0	0.0	0.0	0.0	0.0	0.0
11695	9.814016172506738	0.0	0.9846153846153847	0.0	0.7247474747474747	0.0	0.0	0.0	7.252427184466019	0.0	0.0	0.0	0.0	0.0	0.0	0.0	13.806916426512968	0.0	0.0	0.0	0.0	0.0	0.0	0.0
11696	3.751937984496124	0.0	0.0	0.0	0.0	0.0	0.0	0.0	6.041237113402062	0.0	0.0	0.0	1.6216216216216217	0.6666666666666666	0.0	0.0	8.716981132075471	0.0	1.0	0.0	0.0	0.0	0.0	0.0
11697	13.946969696969697	0.0	0.0	0.0	0.0	0.0	0.0	0.0	13.538258575197888	0.0	0.0	0.0	1.9015151515151516	0.0	0.0	0.0	12.159609120521173	0.0	0.7306122448979592	0.0	2.361111111111111	0.0	0.0	0.0
11698	1.7733812949640289	0.0	0.0	0.0	0.0	0.0	0.0	0.0	3.431693989071038	0.0	0.0	0.0	0.0	0.0	0.0	0.7923497267759563	6.969945355191257	0.0	1.1010928961748634	0.0	0.03825136612021858	0.2786885245901639	0.0	0.0
11699	12.288135593220339	0.0	3.1059602649006623	0.0	0.0	0.0	0.0	0.0	9.567099567099566	0.0	0.0	0.0	0.0	0.0	0.0	0.0	21.540106951871657	0.0	2.727272727272727	0.0	0.0	0.0	0.0	0.0
11700	5.233890214797136	0.0	0.0	0.0	0.0	0.0	0.0	0.0	11.79954954954955	0.46578366445916114	0.0	0.0	0.0	0.0	0.0	0.0	9.64516129032258	0.0	0.0	0.0	0.0	0.0	0.0	0.0
11701	5.275862068965517	0.0	0.0	0.0	0.7101449275362319	0.0	0.0	0.0	10.699386503067485	0.0	0.0	0.0	0.0	0.0	0.0	0.0	12.051020408163266	0.0	4.86	0.0	0.0	0.0	0.0	0.0
11702	20.78423236514523	0.0	1.5382513661202186	0.0	1.092896174863388	0.0	0.0	0.0	16.991329479768787	0.0	0.0	0.0	0.0	0.0	0.0	0.0	22.354570637119114	0.0	0.4562841530054645	0.0	0.0	0.0	0.0	0.0
11703	10.861480075901328	0.0	0.918010752688172	0.0	0.0	0.0	0.0	0.0	6.346828609986504	0.0	0.0	0.0	0.0	0.0	0.0	0.0	11.046992481203008	0.0	0.0	0.0	0.0	0.0	0.0	0.0
11704	2.2051282051282053	0.0	0.0	0.0	0.0	0.0	0.0	0.0	1.035897435897436	0.0	0.0	0.0	0.0	0.0	0.0	0.0	4.194871794871795	0.0	0.0	0.0	0.0	0.0	0.0	0.0
11705	4.683673469387755	0.0	1.1373390557939915	0.0	0.0	0.0	0.0	0.0	4.416974169741698	0.0	0.0	0.0	0.0	0.0	0.0	0.0	11.225641025641025	0.0	0.0	0.0	0.0	0.0	0.0	0.0
11706	9.147487844408428	0.0	0.7424960505529226	0.0	0.641390205371248	0.0	0.0	0.0	1.8224956063268893	0.0	0.0	0.0	0.0	0.0	0.0	0.0	11.831649831649832	0.0	0.8593996840442338	0.0	0.0	0.0	0.0	0.0
11707	11.198675496688741	0.0	0.0	0.0	0.0	0.0	0.0	0.0	9.97549019607843	0.0	0.0	0.0	0.0	0.0	0.0	0.0	14.705357142857142	0.0	0.0	0.0	0.0	0.0	0.0	0.0
11708	13.48263888888889	0.0	0.0	0.0	0.0	0.0	0.0	0.0	12.25492957746479	0.0	0.0	0.0	0.0	0.0	0.0	0.0	10.826285714285714	0.0	1.6601941747572815	0.0	0.0	0.0	0.0	0.0
11709	2.8795518207282913	0.0	0.0	0.0	0.0	0.0	0.0	0.0	3.6867816091954024	0.0	0.0	0.0	0.0	0.0	0.0	0.0	3.5080906148867315	0.0	0.0	0.0	0.0	0.0	0.0	0.0
11710	3.802139037433155	0.0	0.0	0.0	0.0	0.0	0.0	0.0	13.666666666666666	0.0	0.0	0.0	0.0	0.0	0.0	0.0	9.071748878923767	0.0	0.0	0.0	0.0	0.0	0.0	0.0
11711	10.817001180637543	0.0	0.0	0.0	0.0	0.0	0.0	0.0	11.638519924098672	0.0	0.0	0.0	1.9665809768637532	0.0	0.0	0.0	16.428118393234673	0.0	1.532133676092545	0.0	0.0	0.0	0.0	0.0
11712	12.02991452991453	0.0	0.0	0.0	0.0	0.0	0.0	0.0	6.1015625	0.9209621993127147	1.2412060301507537	0.0	0.0	0.0	0.0	0.0	20.470588235294116	0.0	1.0378006872852235	0.0	0.0	0.0	0.0	0.0
11713	6.635640413683373	0.0	0.8041825095057035	0.0	0.0	0.0	0.0	0.0	6.846041055718475	0.0	0.0	0.0	0.0	0.0	0.0	0.0	11.903921568627451	0.0	0.6177174780526736	0.0	0.0	0.0	0.0	0.0
11714	9.983910891089108	0.0	0.6646766169154229	0.0	1.0388059701492538	0.0	0.0	0.0	9.538929440389294	0.0	0.0	0.0	0.0	0.0	0.0	0.0	14.10344827586207	0.0	0.47076023391812866	0.0	0.0	1.0543589743589743	0.0	0.0
11715	5.951388888888889	0.0	2.6493055555555554	0.0	0.4444444444444444	0.0	0.0	0.0	11.03061224489796	0.0	0.0	0.0	0.0	2.21875	0.0	0.0	9.303703703703704	0.0	4.055555555555555	0.0	0.0	0.0	0.0	0.0
11716	9.047619047619047	0.0	1.5691056910569106	0.0	0.0	0.0	0.0	0.0	7.7486910994764395	0.0	0.0	0.0	0.0	0.4159891598915989	0.0	0.0	15.10122699386503	0.0	0.0	0.0	0.0	0.0	0.0	0.0
11717	22.559188275084555	0.0	0.0	0.0	2.014314928425358	0.0	0.0	0.0	17.081609195402297	0.0	0.0	0.0	0.0	0.0	0.0	0.0	27.144278606965173	0.0	0.9238210399032648	0.0	0.0	0.0	0.0	0.0
11718	2.5641025641025643	0.0	0.0	0.0	0.0	0.0	0.0	0.0	0.0	0.0	0.0	0.0	0.0	0.0	0.0	0.0	8.336633663366337	0.0	0.0	0.0	0.0	0.0	0.0	0.0
11719	2.0915032679738563	0.0	0.0	0.0	0.0	0.0	0.0	0.0	2.739130434782609	0.0	0.0	0.0	0.0	0.0	0.0	0.0	9.13978494623656	0.0	0.0	0.0	0.0	0.0	0.0	0.0
11720	4.884848484848485	0.0	0.0	0.0	0.0	0.0	0.0	0.0	3.206451612903226	1.5141242937853108	3.5141242937853105	0.0	0.0	0.0	0.0	1.6610169491525424	5.355263157894737	1.4350282485875707	0.0	1.8022598870056497	0.0	0.0	0.0	0.0
11721	8.106280193236715	0.0	0.0	0.0	0.0	0.0	0.013245033112582781	0.0	2.3955056179775283	0.0	0.0	0.0	0.0	1.2362030905077264	0.0	0.0	10.978947368421053	0.0	0.1280353200883002	0.0	0.0	1.0463576158940397	0.0	0.0
11722	4.224066390041494	0.0	0.22572178477690288	0.0	0.0	0.0	0.0	0.0	4.8664772727272725	0.0	0.0	0.0	0.1679790026246719	0.0	0.0	0.0	8.785185185185185	0.0	0.0	0.0	0.0	0.0	0.0	0.0
11723	2.796116504854369	0.0	2.325	0.0	0.0	0.0	0.0	0.0	8.036363636363637	0.19166666666666668	0.0	0.0	2.433333333333333	0.0	0.0	0.0	10.19047619047619	0.0	0.35833333333333334	0.0	0.0	0.0	0.0	0.0
11724	5.169014084507042	0.0	0.023504273504273504	0.0	0.0	0.0	0.0	0.0	3.159041394335512	0.0	0.0	0.0	0.0	0.0	0.0	0.0	7.077586206896552	0.0	1.7863247863247864	0.0	1.0213675213675213	0.3717948717948718	0.0	0.0
11725	8.122418879056047	0.0	0.6993464052287581	0.0	0.0	0.0	0.0	0.0	2.277602523659306	1.3319559228650137	0.0	0.0	0.0	0.0	0.0	0.0	10.950886766712141	0.0	2.0401854714064913	0.0	0.0	0.0	0.0	0.0
11726	4.533333333333333	0.0	0.0	0.0	0.0	0.0	0.0	0.0	4.325925925925926	0.0	0.0	0.0	0.0	0.0	0.0	0.0	8.566037735849056	0.0	0.0	0.0	0.0	0.0	0.0	0.0
11727	5.927170868347339	0.0	0.0	0.0	0.3684210526315789	0.0	0.0	0.0	7.8839907192575405	0.0	0.0	0.0	0.0	0.0	0.0	0.0	6.073286052009457	0.0	0.8640350877192983	0.0	0.0	0.0	0.0	0.0
11728	12.086538461538462	0.0	0.0	0.0	0.0	0.0	0.0	0.0	9.873188405797102	0.0	0.0	0.0	0.0	0.0	0.0	0.0	11.18552036199095	0.0	2.0	0.0	0.0	0.0	0.0	0.0
11729	10.090692124105011	0.0	0.0	0.0	0.0	0.0	0.0	0.0	8.769038701622971	0.0	0.043557168784029036	0.0	0.0	0.0	0.0	0.0	13.454423592493297	0.0	0.0	0.0	0.0	0.22262552934059285	0.0	0.0
11730	12.617977528089888	0.0	0.0	0.0	0.0	0.0	0.0	0.0	11.102253032928942	0.0	0.0	0.0	0.0	1.1523046092184368	0.0	0.0	8.675041876046901	0.0	0.0	0.0	0.3033033033033033	0.0	0.0	0.0
11731	13.631921824104234	0.0	0.0	0.0	0.0	0.0	0.0	0.0	5.824427480916031	0.0	0.0	0.0	0.0	0.0	0.0	0.0	15.942857142857143	0.0	0.0	0.0	0.0	0.0	0.0	0.0
11732	9.69047619047619	0.0	0.0	0.0	0.5079365079365079	0.0	0.0	0.0	7.301587301587301	0.0	0.0	0.0	2.0317460317460316	0.0	0.0	0.0	17.857142857142858	0.0	0.0	0.0	0.0	0.0	0.0	0.0
11733	12.807971014492754	0.0	0.0	0.0	0.0	0.0	0.0	0.0	11.61981981981982	0.0	0.0	0.0	0.0	0.0	0.0	0.0	10.389452332657202	0.0	0.7531531531531531	0.0	0.0	0.9441441441441442	0.0	0.0
11734	6.45303867403315	0.0	1.2550724637681159	0.0	0.0	0.0	0.0	0.0	15.228571428571428	0.0	0.0	0.0	0.0	0.30579710144927535	0.0	0.0	12.238805970149254	0.0	0.0	0.0	0.0	0.0	0.0	0.0
11735	13.589253996447603	0.0	0.0	0.0	0.0	0.0	0.0	0.0	9.734375	0.0	0.0	0.0	0.5582077051926299	0.0	0.0	0.0	14.762135922330097	0.0	0.9007537688442211	0.0	0.0	0.45938023450586263	0.0	0.0
11736	9.143746462931523	0.0	0.0	0.0	0.0	0.0	0.0	0.0	10.173398328690809	0.0	0.0	0.0	0.0	0.0	0.0	0.0	16.18033898305085	0.0	0.0	0.0	0.0	0.0	0.0	0.0
11737	13.962633451957295	0.0	0.0	0.0	0.17	0.0	0.0	0.0	6.673118279569892	0.0	0.0	0.0	0.0	0.0	0.0	0.0	17.003968253968253	0.0	0.3883333333333333	0.0	0.0	0.0	0.0	0.9622302158273381
11738	13.692682926829269	0.0	0.0	0.0	0.6251728907330567	0.0	0.0	0.0	9.445471349353049	0.0	0.0	0.0	0.8091054313099042	0.0	0.0	0.0	9.98320895522388	0.0	0.3457814661134163	0.0	0.0	0.0	0.0	0.13900414937759337
11739	10.240901213171577	0.0	0.0	0.0	0.815114709851552	0.0	0.0	0.0	13.488888888888889	0.0	0.0	0.0	0.0	0.0	0.0	0.0	17.272596843615496	0.0	0.0	0.0	0.3724696356275304	0.0	0.0	0.0
11740	10.184804928131417	0.0	0.4594594594594595	0.0	0.0	0.0	0.0	0.0	6.072625698324022	0.0	0.1981981981981982	0.0	0.0	2.028828828828829	0.0	0.0	17.378167641325536	0.0	0.0	0.0	0.0	1.3315315315315315	0.0	0.0
11741	6.195402298850575	0.0	0.0	0.0	0.0	0.0	0.0	0.0	7.0055401662049865	0.0	0.0	0.0	0.0	0.0	0.0	0.0	9.600326264274061	0.0	0.22469135802469137	0.0	0.0	0.0	0.0	0.0
11742	13.667277726856096	0.0	0.0	0.0	0.8486943164362519	0.0	0.0	0.0	5.972336065573771	0.0	0.0	0.0	0.0	0.0	0.0	0.0	16.302998965873837	0.0	0.0445468509984639	0.0	0.0	0.0	0.0	0.0
11743	23.197278911564627	0.0	0.0	0.0	0.0	0.0	0.0	0.0	7.26530612244898	0.0	0.0	0.0	0.0	0.0	0.0	0.0	4.448979591836735	0.0	1.748299319727891	0.0	1.1428571428571428	1.380952380952381	0.0	0.0
11744	6.503778337531486	0.0	0.6206896551724138	0.0	0.0	0.0	0.0	0.0	9.848659003831418	0.0	0.0	0.0	0.0	0.0	0.0	0.0	18.026011560693643	0.0	0.0	0.0	0.0	0.0	0.0	0.0
11745	9.067510548523206	0.0	0.0	0.0	0.0	0.0	0.0	0.0	8.101960784313725	0.0	0.0	0.0	0.0	0.0	0.0	0.0	13.456066945606695	1.4838709677419355	0.0	0.0	0.0	0.0	0.0	0.0
11746	3.931297709923664	0.0	0.0	0.0	0.0	0.0	0.0	0.0	9.761290322580646	0.0	0.0	0.0	0.0	0.0	0.0	0.0	7.888888888888889	0.0	0.0	0.0	0.0	1.9903846153846154	0.0	0.0
11747	4.243243243243243	0.0	1.5855855855855856	0.0	0.0	0.0	0.0	0.0	13.91891891891892	0.0	0.0	0.0	1.3693693693693694	0.0	0.0	0.0	11.481012658227849	0.0	0.0	0.0	0.0	0.6306306306306306	0.0	0.0
11748	9.287610619469026	0.0	0.8695652173913043	0.0	0.0	0.0	0.0	0.0	7.142172523961661	0.0	0.0	0.0	0.0	0.0	0.0	0.0	12.362869198312236	0.0	0.06047819971870605	0.0	0.4571026722925457	0.5921237693389592	0.0	0.0
11749	11.605504587155963	0.0	0.0	0.0	0.0	0.0	0.0	0.0	5.68824065633546	0.0	0.0	0.0	0.0	0.0	0.0	0.0	13.878154917319408	0.1478322672352523	0.2082444918265814	0.0	0.0	0.0	0.0	0.0
11750	10.081288343558283	0.0	0.0	0.0	0.0	0.0	0.0	0.0	7.982456140350878	0.0	0.05388471177944862	0.0	0.0	0.0	0.0	0.0	13.3796992481203	0.8358395989974937	0.0	0.0	0.0	0.0	0.0	0.0
11751	8.360052562417872	0.0	0.0	0.0	0.0	0.0	0.0	0.0	7.997854077253219	0.0	0.0	0.0	0.0	0.0	0.0	0.0	8.143011917659805	0.0	0.8594491927825261	0.0	0.0	0.0	0.0	0.0
11752	7.8538587848932675	0.0	0.0	0.0	0.0	0.0	0.0	0.0	11.291907514450868	0.0	0.0	0.0	0.0	0.0	0.0	0.0	8.025882352941176	0.0	0.41784037558685444	0.0	0.0	0.0	0.0	0.0
11753	10.297872340425531	0.0	0.0	0.0	0.0	0.0	0.0	0.0	8.072413793103449	0.0	0.0	0.0	0.0	0.0	0.0	0.0	10.97294776119403	0.0	0.0	0.0	0.0	0.0	0.0	0.0
11754	10.671077504725899	0.0	0.0	0.0	0.0	0.0	0.0	0.0	8.784182305630027	0.0	0.0	0.0	0.18077601410934743	0.0	0.0	0.0	13.484031936127744	0.0	0.0	0.0	0.0	0.0	0.0	0.0
11755	11.44267515923567	0.0	0.0	0.0	0.27414330218068533	0.0	0.0	0.0	4.032128514056225	0.0	0.0	0.0	0.0	0.0	0.0	0.0	10.785340314136125	0.0	0.0	0.0	1.0373831775700935	0.0	0.0	0.0
11756	12.119718309859154	0.0	0.0	0.0	0.3508771929824561	0.0	0.0	0.0	14.905901116427433	0.0	0.0	0.0	0.0	0.06060606060606061	0.0	0.0	6.957698815566836	0.0	0.0	0.0	0.06539074960127592	0.0	0.0	0.0
11757	8.350456621004566	0.0	0.0	0.0	0.0	0.0	0.0	0.0	15.430921052631579	0.0	0.0	0.0	0.8034744842562432	0.0	0.0	0.0	13.383309759547384	0.0	0.0	0.0	0.0	0.0	0.0	0.0
11758	9.479012345679012	0.0	0.0	0.0	0.0	0.0	0.0	0.0	10.764644351464435	0.0	0.04383282364933741	0.0	0.0	0.0	0.0	0.0	13.962962962962964	0.0	0.0	0.0	0.0	0.0	0.0	0.0
11759	4.343478260869565	0.0	0.7804878048780488	0.0	0.0	1.4200542005420054	0.0	0.0	7.299684542586751	0.0	0.0	0.0	2.105691056910569	0.22764227642276422	0.0	0.0	8.872628726287262	0.0	0.0	0.0	0.0	0.0	0.0	0.23848238482384823
11760	3.738888888888889	0.0	0.0	0.0	0.0	0.0	0.0	0.0	4.35	0.0	0.0	0.0	0.0	0.0	0.0	0.0	9.688888888888888	0.0	0.0	0.0	0.0	0.0	0.0	0.0
11761	3.3993399339933994	0.0	0.0	0.0	0.0	0.0	0.0	0.0	12.445983379501385	0.0	0.0	0.0	1.2142857142857142	0.0	0.0	0.0	21.269767441860466	0.0	0.0	0.0	0.0	0.0	0.0	0.0
11762	13.535836177474403	0.0	0.006802721088435374	0.0	0.0	0.0	0.0	0.0	10.612244897959183	0.0	0.0	0.0	0.7891156462585034	0.0	0.0	0.0	16.474137931034484	0.0	0.0	0.0	0.0	0.0	0.0	0.0
11763	7.6468330134357005	0.0	0.0	0.0	0.0	0.0	0.0	0.0	11.416256157635468	0.0	0.11553030303030302	0.0	0.0	0.0	0.0	0.0	14.65725806451613	0.0	0.5861742424242424	0.0	0.0	0.0	0.0	0.0
11764	14.157004830917874	0.0	0.0	0.0	0.2637889688249401	0.0	0.0	0.0	11.662460567823343	0.0	0.0	0.0	0.0	0.0	0.0	0.0	12.20979020979021	0.0	2.663341645885287	0.4844124700239808	0.0	0.0	0.0	0.0
11765	15.74129353233831	0.0	1.0333333333333334	0.0	0.0	0.0	0.0	0.0	6.453488372093023	0.0	0.0	0.0	0.0	0.0	0.0	0.0	17.134328358208954	0.0	0.0	0.0	0.0	0.0	0.0	0.0
11766	8.869318181818182	0.0	0.0	0.0	0.0	0.0	0.0	0.0	12.203980099502488	0.0	0.0	0.0	0.0	0.0	0.0	0.0	9.671641791044776	0.0	0.0	0.0	0.0	0.0	0.0	0.0
11767	2.8840579710144927	0.0	0.0	0.0	0.0	0.0	0.0	0.0	2.1619718309859155	0.0	0.0	0.0	0.0	0.0	0.0	0.0	5.670391061452514	0.0	0.0	0.0	0.0	0.0	0.0	0.0
11768	6.365461847389558	0.0	1.794759825327511	0.0	0.0	0.0	0.0	0.0	5.8562874251497	0.0	0.0	0.0	0.0	0.0	0.0	0.0	11.586345381526105	0.0	0.0	0.0	0.0	0.0	0.0	0.0
11769	7.7369826435246996	0.0	0.0	0.0	0.0	0.0	0.0	0.0	7.002624671916011	0.6044776119402985	0.0	0.0	0.0	0.0	0.0	0.0	10.585733882030178	0.0	0.8406735751295337	0.0	0.0	0.0	0.0	0.0
11770	7.102728731942215	0.0	2.1104	0.0	0.0	0.0	0.0	0.0	9.847272727272728	0.0	0.0	0.0	0.0	0.0	0.0	0.0	12.214814814814815	0.0	0.0	0.0	0.0	0.0	0.0	0.0
11771	10.327635327635328	0.0	0.9243959469992206	0.0	0.259958071278826	0.0	0.0	0.0	8.994575045207956	0.0	0.0	0.0	0.0	0.0	0.0	0.0	10.570962479608482	0.0	0.9930118798043326	0.0	0.0	0.0	0.0	0.0
11772	15.520547945205479	0.0	0.0	0.0	0.0	0.0	0.0	0.0	5.149305555555555	0.0	0.0	0.0	0.0	0.0	0.0	0.0	20.296747967479675	0.0	0.0	0.0	0.0	0.0	0.0	0.0
11773	11.070726915520629	0.0	0.0	0.0	0.9627228525121556	0.0	0.0	0.0	9.101867572156197	0.0	0.0	0.0	0.0	0.0	0.0	0.0	10.891373801916933	0.0	0.0	0.0	0.0	0.0	0.0	0.0
11774	7.047787610619469	0.0	1.073015873015873	0.0	0.0	0.0	0.0	0.0	9.716129032258065	0.0	0.0	0.0	0.0	0.0	0.0	0.0	11.96707818930041	0.0	0.0	0.0	0.0	0.0	0.0	0.0
11775	6.176706827309237	0.0	0.0	0.0	0.0	0.0	0.0	0.0	1.6586345381526104	0.0	0.0	0.0	0.0	0.0	0.0	0.0	9.06060606060606	0.46586345381526106	0.0	0.0	0.0	0.0	0.0	0.0
11776	9.04040404040404	0.0	0.5050505050505051	0.0	0.0	0.0	0.0	0.0	11.225806451612904	0.0	0.0	0.0	0.0	0.0	0.0	0.0	4.575757575757576	0.0	0.0	0.0	0.0	0.6262626262626263	0.0	0.0
11777	8.434865900383143	0.0	0.0	0.0	0.0	0.0	0.0	0.0	12.963340122199593	0.0	0.0	0.0	0.5306513409961686	0.0	0.0	0.0	9.976811594202898	0.0	0.0	0.0	0.0	0.0	0.0	0.0
11778	5.161016949152542	0.0	0.0	0.0	0.8652263374485597	0.0	0.0	0.0	9.090058479532164	0.0	0.0	0.0	0.0	0.0	0.0	0.0	19.044117647058822	0.0	0.19855967078189302	0.0	0.0	0.0	0.0	0.0
11779	9.424561403508772	0.0	0.0	0.0	0.0	0.0	0.0	0.0	14.550877192982457	0.0	0.0	0.0	2.4842105263157896	0.0	0.0	0.0	13.485294117647058	0.0	0.7368421052631579	0.0	0.0	0.0	0.0	0.0
11780	8.60126582278481	0.0	0.0	0.0	0.0	0.0	0.0	0.0	9.270833333333334	0.0	0.0	0.0	0.0	0.0	0.0	0.0	13.359375	0.0	0.078125	0.0	0.0	0.0	0.0	0.0
11781	6.93795326349718	0.0	0.5361757105943152	0.0	0.8492063492063492	0.0	0.0	0.0	8.719061166429588	0.0	0.0	0.0	0.0	0.0	0.0	0.0	14.467849223946786	0.0	1.7432614555256065	0.0	0.0	0.0	0.0	0.0
11782	0.0	0.0	0.0	0.0	0.0	0.0	0.0	0.0	8.648148148148149	0.0	0.0	1.6851851851851851	0.0	0.0	0.0	0.0	2.462962962962963	0.0	0.0	0.0	0.0	0.0	0.0	0.0
11783	12.128045325779038	0.0	1.0916069600818834	0.0	0.0	0.0	0.0	0.0	10.737186477644492	0.0	0.0	0.0	0.0	0.0	0.0	0.0	15.393243243243242	0.0	0.0	0.0	0.0	0.0	0.0	0.0
11784	10.65040650406504	0.0	0.0	0.0	0.0	0.0	0.0	0.0	5.413533834586466	0.0	0.0	0.0	1.6666666666666667	0.0	0.0	0.0	21.195488721804512	0.0	0.0	0.0	0.0	0.0	0.0	0.0
11785	3.0576923076923075	0.0	0.0	0.0	0.0	0.0	0.0	0.0	6.669444444444444	0.0	0.0	0.0	0.0	0.0	0.0	0.0	11.77889447236181	0.0	0.0	0.0	0.0	1.094972067039106	0.0	0.0
11786	5.5225225225225225	0.0	0.0	0.0	0.0	0.0	0.0	0.0	14.018018018018019	0.0	0.0	0.0	0.0	0.0	0.0	0.0	6.45945945945946	0.0	1.2522522522522523	0.0	0.0	0.0	0.0	0.0
11787	2.7734375	0.0	0.0	0.0	0.0	0.0	0.0	0.0	2.890728476821192	0.0	0.0	0.0	0.0	0.0	0.0	0.0	4.2029850746268655	0.0	0.0	0.0	0.16666666666666666	0.0	0.0	0.0
11788	4.28421052631579	0.0	0.0	0.0	0.0	0.0	0.0	0.0	5.608208955223881	0.0	0.0	0.0	0.8429752066115702	0.0	0.0	0.0	4.8319559228650135	0.8181818181818182	0.0	0.0	0.0	0.0	0.0	0.0
11789	2.327902240325866	0.0	0.0	0.0	0.0	0.0	0.0	0.0	7.839797639123103	0.0	0.0	0.0	0.18025751072961374	0.0	0.0	0.0	8.0104821802935	0.0	1.0314735336194563	0.0	0.0	0.0	0.0	0.0
11790	5.294811320754717	0.0	0.0	0.0	0.0	0.0	0.0	0.0	4.444134078212291	0.0	0.0	0.0	0.0	0.0	0.0	0.0	8.991701244813278	0.0	0.0	0.0	0.0	0.0	0.0	0.0
11791	13.147335423197493	0.0	0.0	0.0	0.0	0.0	0.0	0.0	11.315521628498727	0.9974937343358395	0.0	0.0	0.17794486215538846	0.0	0.0	0.0	12.749279538904899	0.0	1.105263157894737	0.0	0.0	0.0	0.0	0.0
11792	7.386363636363637	0.0	0.6766169154228856	0.0	1.164179104477612	0.0	0.0	0.0	20.032894736842106	1.4129353233830846	0.0	0.0	0.0	0.0	0.0	0.0	8.592039800995025	0.0	0.9253731343283582	0.6268656716417911	0.0	0.0	0.0	0.0
11793	10.48870056497175	0.0	0.0	0.0	0.0	0.0	0.0	0.0	10.088105726872246	0.0	0.0	0.0	0.0	0.0	0.0	0.0	12.080645161290322	0.0	0.0	0.12994350282485875	0.0049435028248587575	0.8531073446327684	0.0	0.0
11794	6.403927068723703	0.0	0.0	0.0	0.0	0.0	0.0	0.0	7.870514820592824	0.0	0.0	0.0	0.0	0.5138888888888888	0.0	0.0	11.51067615658363	0.0	0.4666666666666667	0.0	0.0	0.0	0.0	0.05694444444444444
11795	6.528925619834711	0.0	0.0	0.0	0.0	0.0	0.0	0.0	7.284539473684211	0.0	0.0	0.0	0.0	0.0	0.0	0.0	15.819838056680162	0.0	0.0	0.0	0.0	0.0	0.0	0.0
11796	10.744336569579287	0.0	0.0	0.0	0.0	0.0	0.0	0.0	7.404651162790698	0.0	0.0	0.0	0.0	0.4854368932038835	0.0	0.0	13.94017094017094	0.0	0.5889967637540453	0.0	0.3300970873786408	0.0	0.0	0.0
11797	10.863157894736842	0.0	0.39831697054698456	0.0	0.936545240893067	0.34965034965034963	0.0	0.0	8.302872062663186	0.0	0.0	0.0	0.0	0.0	0.0	0.0	10.75	0.0	0.0	0.0	0.0	0.5454545454545454	0.0	0.0
11798	9.674698795180722	0.0	0.0	0.0	0.0	0.0	0.0	0.0	8.128813559322033	0.0	0.0	0.0	0.0	0.0	0.0	0.0	16.93717277486911	0.35802469135802467	0.9308641975308642	0.0	0.0	0.0	0.0	0.0
11799	12.257861635220126	0.0	0.0	0.0	0.0	0.0	0.0	0.0	6.728205128205128	0.0	0.0	0.0	0.0	0.0	0.0	0.0	3.4974358974358974	0.37948717948717947	0.09743589743589744	0.0	0.0	0.0	0.0	0.0
11800	9.693530079455165	0.0	0.0	0.0	0.0	0.0	0.0	0.0	4.67515923566879	0.0	0.0	0.0	0.0	0.0	0.0	0.0	10.8035538005923	0.0	1.0730994152046784	0.0	0.0	0.0	0.0	0.0
11801	10.65380374862183	0.0	1.0056764427625355	0.0	0.0	0.0	0.0	0.0	9.337284482758621	0.0	0.1645462256149279	0.0	0.0	0.0	0.0	0.0	12.58910433979686	0.0	0.0	0.0	0.0	0.0	0.0	0.0
11802	13.064935064935066	0.0	0.0	0.0	0.0	0.0	0.0	0.0	7.281818181818182	0.0	0.0	0.0	0.0	0.0	0.0	0.0	6.3	0.0	0.0	0.0	0.0	0.0	0.0	0.0
11803	11.870440251572328	0.0	0.6215932914046122	0.0	1.5970873786407767	0.0	0.0	0.0	10.144204851752022	0.0	0.0	0.0	1.1687631027253669	0.0	0.0	0.0	14.842615012106538	0.0	1.021798365122616	0.0	0.0	0.0	0.0	0.0
11804	10.019736842105264	0.0	0.0	0.0	0.0	0.0	0.0	0.0	8.311627906976744	0.0	0.0	0.0	0.0	0.0	0.0	0.0	10.752252252252251	0.0	0.8760683760683761	0.0	0.0	0.0	0.0	0.0
11805	4.965413533834586	0.0	0.8577929465301479	0.0	0.0	0.0	0.0	0.0	5.039877300613497	0.0	0.0	0.0	0.0	0.0	0.0	0.0	10.16532721010333	0.0	0.0	0.0	0.0	0.0	0.0	0.0
11806	4.936542669584245	0.0	1.0127504553734061	0.0	0.0	0.0	0.0	0.0	4.885032537960955	0.0	0.0	0.0	0.0	0.17122040072859745	0.0	0.0	8.027972027972028	0.0	0.0	0.0	0.0	0.0	0.0	0.0
11807	11.277904328018224	0.0	0.0	0.0	1.1136363636363635	0.0	0.0	0.0	12.711864406779661	0.0	0.0	0.0	0.0	0.0	0.0	0.0	12.48974358974359	0.0	1.0042735042735043	0.0	0.0	0.0	0.0	0.9230769230769231
11808	9.063268892794376	0.0	0.0	0.0	1.2472613458528952	0.0	0.0	0.0	6.049128367670365	0.0	0.0	0.0	0.0	0.0	0.0	0.0	9.945141065830722	0.0	1.267605633802817	0.0	0.0	0.8964346349745331	0.0	0.0
11809	9.4625748502994	0.0	0.0	0.0	0.0	0.0	0.0	0.0	4.171140939597316	0.0	0.0	0.0	0.0	0.0	0.0	0.0	7.055160142348755	0.0	0.0	0.0	0.0	0.0	0.0	0.0
11810	6.93232044198895	0.0	0.6753812636165577	0.0	0.0	0.0	0.0	0.0	7.768258426966292	0.5098039215686274	0.0	0.0	0.0	0.0	0.0	0.0	13.203973509933775	0.0	0.0	0.0	0.0	0.0	0.0	0.0
11811	2.63681592039801	0.0	0.7014925373134329	0.0	0.0	0.0	0.0	0.0	3.6972972972972973	0.0	0.0	0.0	0.0	0.0	0.0	0.0	12.409090909090908	0.0	0.9850746268656716	0.0	0.0	3.7860696517412937	0.0	0.0
11812	7.585836909871245	0.0	0.0	0.0	0.0	0.0	0.0	0.0	17.061349693251532	0.0	0.0	0.0	1.7469458987783595	0.0	0.0	0.0	11.936868686868687	0.0	0.0	0.0	0.0	0.0	0.0	0.0
11813	8.414483821263483	0.0	0.5585585585585585	0.0	1.5637065637065637	0.0	0.0	0.0	15.336874051593323	0.0	0.0	0.0	3.213642213642214	0.0	0.0	0.0	11.500843170320405	0.0	0.0	0.0	0.0	0.0	0.0	0.0
11814	12.513651877133105	0.0	0.7406749555950266	0.0	0.6239316239316239	0.0	0.0	0.0	9.492012779552716	0.0	0.0	0.0	1.915954415954416	0.0	0.0	0.0	12.018518518518519	0.0	0.0	0.0	0.0	0.0	0.0	0.0
11815	14.198347107438016	0.0	0.0	0.0	0.0	0.0	0.0	0.0	8.47695390781563	0.0	0.0	0.0	0.8090277777777778	0.0	0.0	0.0	14.811659192825113	0.0	0.4340277777777778	0.0	0.0	0.0	0.0	0.0
11816	10.691842900302115	0.0	1.7823721436343851	0.0	0.0	0.0	0.0	0.0	7.738425925925926	0.0	0.0	0.0	0.30614300100704933	0.0	0.0	0.0	13.969823100936525	0.0	0.0	0.0	0.0	0.0	0.0	0.0
11817	7.043181818181818	0.0	0.847872340425532	0.0	0.2094662638469285	0.0	0.0	0.0	10.87392900856793	0.0	0.0	0.0	0.0	0.0	0.0	0.0	14.048387096774194	0.0	0.877030162412993	0.0	0.0	0.0	0.0	0.0
11818	9.06072874493927	0.0	0.7777777777777778	0.0	0.0	0.0	0.0	0.0	7.675675675675675	0.0	0.0	0.0	0.0	0.0	0.0	0.0	17.225806451612904	0.0	0.0	0.0	0.0	0.0	0.0	0.0
11819	10.958536585365854	0.0	0.0	0.0	0.9653916211293261	0.0	0.0	0.0	10.879807692307692	0.0	0.0	0.0	0.0	0.0	0.0	0.0	14.539196940726578	0.0	0.5500910746812386	0.0	0.0	0.0	0.0	0.0
11820	8.090112640801001	0.4943109987357775	0.6952380952380952	1.96343537414966	0.6556655665566556	0.0	0.0	0.0	6.495531281032771	10.10183299389002	1.7061567164179106	0.0	0.0	0.0	0.0	2.0433244916003535	12.436990027198549	4.063677130044843	2.2087475149105367	6.256726457399103	1.6953528399311533	0.0	0.6647465437788018	7.832446808510638
11821	12.196850393700787	1.7615262321144673	0.0	0.8392857142857143	2.299159663865546	0.0	1.8679245283018868	1.599702380952381	7.311188811188811	16.070149253731344	2.0455531453362257	1.835114503816794	4.3086172344689375	2.2413194444444446	6.440147329650092	6.387978142076503	14.582758620689654	7.659163987138264	2.7757685352622063	8.625212947189096	2.537124802527646	2.5425925925925927	2.81740614334471	10.60183486238532
11822	8.22	0.0	0.0	0.0	0.0	0.0	0.0	0.0	1.8954248366013071	0.9411764705882353	0.0	0.0	0.0	0.0	0.0	0.0	14.807692307692308	0.0	0.0	0.0	0.0	0.0	0.0	0.0
11823	9.352941176470589	0.0	0.0	0.0	0.0	0.0	0.0	0.0	2.691358024691358	0.6234567901234568	0.0	0.0	0.0	0.0	0.0	0.0	13.03305785123967	0.0	0.0	0.0	0.0	0.0	0.0	0.0
11824	10.3733681462141	0.0	0.0	0.0	0.0	0.0	0.0	0.0	6.584692597239648	0.0	0.0	0.0	0.0	0.0	0.0	0.0	7.426966292134831	0.0	0.0	0.0	0.0	0.0	0.0	0.0
11825	11.966935483870968	0.0	0.7503912363067292	0.0	0.28794992175273865	0.0	0.0	0.0	7.775597269624574	0.21439749608763695	0.0	0.0	0.0	0.0	0.0	0.0	11.27592116538132	0.0	0.6588419405320813	0.0	0.0	0.2605633802816901	0.0	0.0
11826	5.930232558139535	0.0	0.0	0.0	0.0	0.0	0.0	0.0	6.9766355140186915	0.9210526315789473	0.0	0.0	0.0	0.0	0.0	0.0	14.25625	0.0	0.0	0.0	0.0	0.0	0.0	0.0
11827	7.321428571428571	0.0	0.0	0.0	0.42745098039215684	0.0	0.0	0.0	8.651574803149606	0.4843137254901961	0.0	0.0	0.0	0.0	0.0	0.0	12.151785714285714	0.0	0.5176470588235295	0.0	0.09215686274509804	0.0	0.0	0.0
11828	6.954602774274905	0.0	0.0	0.0	0.0	0.0	0.0	0.0	5.334653465346535	0.0	0.0	0.0	0.0	0.0	0.0	0.0	12.328028293545534	0.0	0.8935643564356436	0.0	0.0	0.7372262773722628	0.0	0.0
11829	8.07638888888889	0.0	0.0	0.0	0.0	0.0	0.0	0.0	4.868600682593857	0.07085346215780998	0.0	0.0	0.0	0.0	0.0	0.0	7.797101449275362	0.0	0.0	0.0	0.0	0.0	0.0	0.0
11830	9.926372155287819	0.0	0.0	0.0	0.0	0.0	0.0	0.0	8.236652236652237	0.0	0.0	0.0	0.0	0.0	0.0	0.0	10.743421052631579	0.0	0.17556346381969157	0.0	0.0	0.0	0.0	0.0
11831	8.62127659574468	0.09215686274509804	0.696078431372549	0.0	0.0	0.0	0.0	0.0	5.179138321995465	0.3431372549019608	0.0	0.0	1.8549019607843138	0.0	0.0	0.0	13.533333333333333	0.0	0.0	0.0	0.0	0.0	0.0	0.0
11832	7.924848484848485	0.0	0.0	0.0	0.0	0.0	0.0	0.0	7.73249299719888	0.0	0.0	0.0	0.0	0.0	0.0	0.0	9.706964520367936	0.0	0.5455555555555556	0.1111111111111111	0.0	0.3511111111111111	0.0	0.0
11833	10.104910714285714	0.0	0.7574074074074074	0.0	0.0	0.0	0.0	0.0	8.300556586270872	0.0	0.0	0.0	0.0	0.0	0.0	0.0	10.986332574031891	0.0	0.337037037037037	0.0	0.0	1.0018518518518518	0.0	0.0
11834	1.7619047619047619	0.0	0.0	0.0	0.0	0.0	0.0	0.0	5.2139917695473255	0.0	0.0	0.0	0.0	0.0	0.0	0.0	6.291666666666667	0.0	0.0	0.0	0.0	0.0	0.0	0.0
11835	7.276970954356846	0.0	0.0	0.0	0.0	0.0	0.0	0.0	9.005482456140351	0.0	0.0	0.0	0.0	0.0	0.0	0.0	14.961576354679803	0.0	0.0	0.0	0.0	0.0	0.0	0.0
11836	8.535185185185185	0.0	0.0	0.0	0.0	0.5592592592592592	0.0	0.0	6.337772397094431	0.0	0.0	0.0	0.0	0.0	0.0	0.0	9.849616858237548	0.0	0.7592592592592593	0.0	0.0	0.0	0.0	0.0
11837	8.329545454545455	0.0	0.7658998646820027	0.0	0.7242206235011991	0.0	0.0	0.0	5.921122994652406	0.0	0.0	0.0	0.0	0.0	0.0	0.0	14.29709228824273	0.0	0.0	0.0	0.0	0.0	0.0	0.0
11838	3.1746575342465753	0.0	0.8531073446327684	0.0	0.0423728813559322	0.0	0.0	0.0	5.192452830188679	0.0	0.0	0.0	0.0	0.0	0.0	0.0	5.47191011235955	0.0	0.3050847457627119	0.0	0.0	0.0	0.0	0.0
11839	12.976942783945345	0.0	0.0	0.0	0.0	0.0	0.0	0.0	8.04236669101534	0.0	0.0	0.0	0.0	0.0	0.0	0.0	17.801079414032383	0.0	1.5057471264367817	0.0	0.0	0.0	0.0	0.0
11840	0.13821138211382114	0.0	0.0	0.0	0.0	0.0	0.0	0.0	0.0	0.0	0.0	0.0	0.0	0.0	0.0	0.0	2.4796747967479673	0.0	0.0	0.0	0.0	0.0	0.0	0.0
11841	4.2326530612244895	0.0	0.0	0.0	0.0	0.0	0.0	0.0	7.525862068965517	0.0	0.0	0.0	0.0	0.0	0.0	0.0	6.347985347985348	0.0	0.0	0.0	0.0	0.0	0.0	0.0
11842	9.017699115044248	0.0	0.0	0.0	0.0	0.0	0.0	0.0	8.173976608187134	0.0	0.0	0.0	0.0	0.0	0.0	0.0	9.114808652246257	0.0	0.0	0.0	0.0	0.0	0.0	0.0
11843	7.7330210772833725	0.0	0.841052029731275	0.0	0.0	0.0	0.0	0.0	8.367488931056293	0.0	0.0	0.0	0.0	0.0	0.0	0.0	10.840894148586456	0.0	0.0	0.0	0.0	0.0	0.0	0.0
11844	4.495555555555556	0.0	0.21586165772212285	0.0	0.30172927847346454	0.0	0.0	0.0	9.859346082665022	0.0	0.0	0.0	0.0	0.0	0.0	0.0	11.816881258941345	0.0	0.8146067415730337	0.0	0.0	0.0	0.0	0.0
11845	11.002005347593583	0.0	0.0	0.0	0.0	0.0	0.0	0.0	8.86144964720975	0.0	0.20169082125603865	0.03985507246376811	0.0	0.571256038647343	0.0	0.0	15.737979094076655	0.0	0.6304347826086957	0.0	0.0	0.5120772946859904	0.0	0.0
11846	10.564304461942257	0.0	1.6986817325800376	0.0	0.0	0.0	0.0	0.0	9.758333333333333	0.0	0.0	0.0	0.0	0.0	0.0	0.0	14.645054945054945	0.0	0.0	0.0	0.0	0.0	0.0	0.0
11847	7.68984962406015	0.0	0.0	0.0	0.4314574314574315	0.0	0.0	0.0	11.811224489795919	0.0	0.0	0.0	0.0	0.0	0.0	0.0	12.390825688073395	0.0	0.5454545454545454	0.0	0.0	0.15295815295815296	0.0	0.0
11848	8.065645514223196	0.0	1.022108843537415	0.0	0.0	0.0	0.0	0.0	9.872763419483102	0.0	0.0	0.0	0.0	0.0	0.0	0.0	14.46875	0.0	0.0	0.0	0.0	0.0	0.0	0.0
11849	2.2857142857142856	0.0	0.0	0.0	0.0	0.0	0.0	0.0	3.2	0.0	0.11794871794871795	0.0	1.912820512820513	0.0	0.0	0.0	5.688622754491018	0.0	0.7692307692307693	0.0	0.0	0.0	0.0	0.0
11850	12.081218274111675	0.0	0.0	0.0	0.0	0.0	0.0	0.0	5.629422718808193	0.0	0.0	0.0	0.0	0.0	0.0	0.0	12.895184135977336	0.0	0.0	0.0	0.0	0.0	0.0	0.0
11851	7.670988654781199	0.0	0.0	0.0	0.0	0.0	0.0	0.0	14.077826725403819	0.0	0.0	0.0	0.0	0.0	0.0	0.0	22.147496617050066	0.0024875621890547263	0.0	0.0	0.0	0.3308457711442786	0.0	0.0
11852	6.911111111111111	0.0	0.0	0.0	0.0	0.15079365079365079	0.0	0.0	13.01923076923077	0.0	0.0	0.0	0.0	0.0	0.0	0.0	12.363636363636363	0.0	0.0	0.0	0.0	0.0	0.0	0.0
11853	7.723314606741573	0.0	0.0	0.0	0.0	0.0	0.0	0.0	6.372990353697749	0.0	0.0	0.0	0.0	0.9716859716859717	0.0	0.0	15.44973544973545	0.0	0.0	0.0	0.0	0.0	0.0	0.0
11854	10.464326160815402	0.0	0.0	0.0	1.2516339869281046	0.0	0.0	0.0	11.466666666666667	0.0	0.0	0.0	0.0	0.0	0.0	0.0	6.308974358974359	0.0	0.16393442622950818	0.0	0.0	0.6666666666666666	0.0	0.0
11855	6.238273921200751	0.0	0.0	0.0	0.7270531400966184	0.0	0.0	0.0	5.811594202898551	0.0	0.0	0.36231884057971014	0.0	0.0	0.0	0.0	7.118335500650195	0.0	1.3888888888888888	0.0	0.0	0.0	0.0	0.0
11856	8.602941176470589	0.0	0.0	0.0	0.0	0.0	0.0	0.0	8.814814814814815	0.0	0.0	0.0	0.0	0.0	0.0	0.0	4.689473684210526	0.0	0.0	0.0	0.0	0.0	0.0	0.0
11857	7.457264957264957	0.0	1.7366946778711485	0.0	0.0	0.0	0.0	0.0	10.992481203007518	0.0	0.0	0.0	0.0	0.0	0.0	0.0	10.937321937321938	0.0	1.0856164383561644	0.0	0.0	0.84593837535014	0.0	0.0
11858	5.9079754601226995	0.0	0.5875706214689266	0.0	1.2429378531073447	0.0	0.0	0.0	6.719424460431655	0.0	0.0	0.0	0.0	0.0	0.0	0.0	6.72972972972973	0.0	0.0	0.0	0.7966101694915254	0.0	0.0	0.0
11859	6.235294117647059	0.0	0.0	0.0	0.0	0.0	0.0	0.0	4.795302013422819	0.0	0.0	0.0	0.0	0.43137254901960786	0.0	0.0	11.301538461538462	0.0	0.0	0.0	0.0	0.8403361344537815	0.0	0.0
11860	13.647668393782384	0.0	0.0	0.0	1.2835820895522387	0.0	0.0	0.0	12.253731343283581	0.0	0.0	0.0	0.0	0.10945273631840796	0.0	0.0	5.458015267175573	0.0	0.0	0.0	0.746268656716418	0.0	0.0	0.0
11861	8.243478260869566	0.0	0.0	0.0	0.0	0.0	0.0	0.0	11.007462686567164	0.0	0.0	0.0	0.0	0.0	0.0	0.0	6.629770992366412	0.0	0.0	0.0	0.0	0.0	0.0	0.0
11862	13.62015503875969	0.0	0.0	0.0	0.0	0.0	0.0	0.0	6.4603174603174605	0.0	0.0	0.0	0.0	0.0	0.0	0.0	8.51388888888889	0.0	1.6736111111111112	0.0	0.0	0.0	0.0	0.0
11863	12.795081967213115	0.0	2.7309941520467835	0.0	0.9298245614035088	0.0	0.0	0.0	6.824817518248175	0.0	0.0	0.0	0.0	0.0	0.0	0.0	3.216374269005848	0.0	0.06432748538011696	0.0	0.0	0.0	0.0	0.0
11864	11.210727969348659	0.0	0.0	0.0	0.0	0.0	0.0	0.0	7.724264705882353	0.0	0.0	0.0	0.0	0.0	0.0	0.0	19.934579439252335	0.0	0.0	0.0	0.0	0.0	0.0	0.0
11865	10.0	0.0	0.0	0.0	1.630952380952381	0.0	0.0	0.0	6.871794871794871	0.0	0.0	0.0	0.0	0.0	0.0	0.0	9.297101449275363	0.0	0.0	0.0	0.0	0.0	0.0	0.0
11866	6.078378378378378	0.0	0.0	0.0	0.0	0.0	0.0	0.0	14.634666666666666	0.0	0.0	0.0	0.0	0.0	0.0	0.0	6.079754601226994	0.0	0.0	0.0	0.0	0.0	0.0	0.0
11867	10.287749287749287	0.0	0.0	0.0	0.396011396011396	0.0	0.0	0.0	7.12109375	0.0	0.0	0.0	1.0	0.0	0.0	0.0	27.841897233201582	0.0	0.9572649572649573	0.0	0.0	0.45014245014245013	0.0	0.0
11868	11.934707903780069	0.0	0.8797250859106529	0.0	0.0	0.0	0.0	0.0	8.68361581920904	0.0	0.0	2.075601374570447	0.0	0.0	0.0	0.0	12.96808510638298	0.0	0.06872852233676977	0.0	0.0	0.0	0.0	0.0
11869	9.87218045112782	0.0	0.0	0.0	0.45161290322580644	0.0	0.0	0.0	9.26241134751773	0.4860215053763441	0.0	0.0	0.6537634408602151	0.0	0.0	0.0	19.223684210526315	0.0	0.0	0.0	0.0	0.0	0.0	0.0
11870	7.650602409638554	0.0	0.0	0.0	1.277056277056277	0.0	0.0	0.0	6.83982683982684	0.0	0.0	0.0	1.4025974025974026	0.0	0.0	0.0	11.826839826839826	0.0	1.800865800865801	0.0	0.0	0.0	0.0	0.0
11871	4.602836879432624	0.0	0.0	0.0	0.0	0.0	0.0	0.0	4.148387096774194	0.0	0.0	0.0	0.0	0.0	0.0	0.0	6.8006872852233675	0.0	0.09523809523809523	0.0	0.0	0.23529411764705882	0.0	0.0
11872	11.622082585278276	0.0	0.0	0.0	0.6442451420029895	0.0	0.0	0.0	8.929284525790349	0.0	0.0	0.02914798206278027	0.0	0.0	0.0	0.0	12.164141414141413	0.0	0.8764478764478765	0.0	0.0	0.0	0.0	0.0
11873	16.12295081967213	0.0	0.9411764705882353	0.0	0.5311942959001783	0.0	0.0	0.0	12.171487603305785	0.0	0.0	0.0	0.0	1.5962962962962963	0.0	0.0	8.982222222222223	0.0	0.0	0.0	0.0	0.0	0.0	0.0
11874	15.377358490566039	0.0	0.0	0.0	0.0	0.0	0.0	0.0	22.32420091324201	0.33707865168539325	0.0	0.0	0.0	1.0262172284644195	0.0	0.0	38.9030612244898	0.0	0.8689138576779026	0.0	0.0	1.5093632958801497	0.0	0.0
11875	9.118867924528303	0.2356164383561644	0.5643835616438356	0.0	0.0	0.0	0.0	0.0	10.342894393741851	0.0	0.0	0.0	0.0	0.0	0.0	0.0	18.837209302325583	0.0	0.863013698630137	0.0	0.0	0.8840182648401826	0.0	0.0
11876	9.058072009291521	0.0	0.0	0.0	1.3867355727820845	0.0	0.0	0.0	10.765323992994746	0.0	0.0	0.0	0.5400516795865633	0.0	0.0	0.0	13.731977818853974	0.0	0.3161068044788975	0.0	0.4168819982773471	0.0	0.0	0.0
11877	10.190600522193211	0.0	0.0	0.0	1.13125	0.0	0.0	0.0	11.396648044692737	0.0	0.0	0.0	0.0	0.0	0.0	0.0	11.868073878627968	0.0	1.5338345864661653	0.0	0.0	1.0576441102756893	0.0	1.2832080200501252
11878	14.884283246977548	0.0	0.0	0.0	0.940809968847352	0.0	0.0	0.0	6.487903225806452	0.0	0.0	0.0	0.20249221183800623	0.0	0.0	0.0	14.495840266222961	0.0	1.7912772585669783	0.0	0.0	0.0	0.0	0.0
11879	12.982336182336182	0.0	0.0	0.0	0.0	0.0	0.0	0.0	8.721456150027578	0.0	0.0	0.0	0.0	0.5070821529745042	0.0	0.0	17.601007556675064	0.0	0.8498583569405099	0.0	0.0	0.940982058545798	0.0	0.0
11880	10.623529411764705	0.0	0.9639794168096055	0.0	0.0	0.0	0.0	0.0	10.091623036649215	0.0	0.0	0.0	0.0	0.0	0.0	0.0	15.186699206833435	0.0	0.0	0.0	0.0	0.0	0.0	0.0
11881	12.283950617283951	0.0	1.2427184466019416	0.0	0.0	0.0	0.0	0.0	9.263565891472869	0.0	0.0	0.0	0.0	0.0	0.0	0.0	11.87709497206704	0.0	0.0	0.0	0.0	0.0	0.0	0.0
11882	11.136803316444036	0.0	0.9834469328140214	0.0	0.0	0.0	0.0	0.0	10.036912751677852	0.0	0.0	0.0	0.0	0.0	0.0	0.0	15.0023832221163	0.0	0.41046831955922863	0.0	0.0	0.0	0.0	0.04453627180899908
11883	13.28740157480315	0.0	0.0	0.0	0.9908496732026144	0.0	0.0	0.0	11.010542168674698	0.0	0.0	0.0	0.6666666666666666	0.0	0.0	0.0	13.965870307167236	0.13594771241830064	0.9163398692810457	0.0	0.0	0.0	0.0	0.0
11884	16.429942418426105	0.0	0.0	0.0	0.0	0.0	0.0	0.0	18.63915857605178	0.0	0.0	0.0	0.0	0.0	0.0	0.0	18.398563734290843	0.0	0.0	0.0	0.0	0.0	0.0	0.0
11885	13.092896174863387	0.0	0.0	0.0	0.0	0.0	0.0	0.0	10.161554192229039	0.0	0.0	0.09914529914529914	0.0	0.0	0.0	0.0	12.504115226337449	0.37094017094017095	0.0	0.0	0.0	0.041025641025641026	0.0	0.0
11886	10.111510791366907	0.0	0.0	0.0	0.0	0.0	0.0	0.0	9.144378698224852	0.0	0.0	0.0	0.0	0.0	0.0	0.0	15.177777777777777	0.0	0.0	0.0	0.0	0.0	0.0	0.0
11887	12.140433553251649	0.0	0.0	0.0	0.0	0.0	0.0	0.0	11.000961538461539	0.0	0.0	0.02557544757033248	0.0	0.0	0.0	0.0	15.030800821355236	0.0	1.287297527706735	0.0	0.0	0.0	0.0	0.0
11888	21.96732026143791	0.0	0.0	0.0	0.0	0.0	0.0	0.0	8.328467153284672	0.0	0.0	0.0	0.0	0.0	0.0	0.0	13.100917431192661	0.0	0.0	0.0	0.0	0.0	0.0	0.7254901960784313
11889	10.932027649769585	0.0	0.0	0.0	0.0	0.0	0.0	0.0	11.73159509202454	0.0	0.0	0.0	0.7745415318230853	0.0	0.0	0.0	12.93421052631579	1.2470334412081985	0.0	0.0	0.0	0.0	0.0	0.1423948220064725
11890	5.747252747252747	0.0	0.0	0.0	0.0546448087431694	0.0	0.0	0.0	9.021857923497267	0.0	0.0	0.0	0.0	0.0	0.0	0.0	15.992307692307692	0.0	1.2021857923497268	0.0	0.0	0.0	0.0	0.0
11891	8.702402957486136	0.0	0.0	0.0	0.0	0.0	0.0	0.0	16.612244897959183	0.0	0.0	0.75177304964539	0.0	0.425531914893617	0.0	0.0	15.442495126705653	0.0	0.0	0.0	0.0	0.0	0.0	0.0
11892	8.109546165884193	0.0	0.0	0.0	0.34444444444444444	0.0	0.0	0.0	7.629518072289157	0.0	0.0	0.0	0.0	0.0	0.0	0.0	15.71785028790787	0.0	0.0	0.0	0.03950617283950617	1.0198511166253101	0.0	0.0
11893	8.141304347826088	0.0	0.0	0.0	0.0	0.0	0.0	0.0	6.548387096774194	0.0	0.0	0.0	1.1965811965811965	0.0	0.0	0.0	9.274336283185841	0.0	0.0	0.0	0.0	0.05128205128205128	0.0	0.0
11894	5.346534653465347	0.0	0.0	0.0	0.0	0.0	0.0	0.0	6.298325722983257	0.0	0.0	0.0	0.0	0.3544600938967136	0.0	0.0	16.355555555555554	0.0	0.573943661971831	0.0	0.0	0.0	0.0	0.0
11895	12.754189944134078	0.0	0.0	0.0	0.0	0.0	0.0	0.0	13.75366568914956	0.0	0.0	0.0	0.0	0.0	0.0	0.0	19.680286006128703	0.0	1.0602536997885834	0.0	0.0	1.1518119490695398	0.0	0.0
11896	9.687813021702839	0.0	0.0	0.0	0.0	0.0	0.0	0.0	7.251533742331288	0.0	0.0	0.0	0.0	0.0	0.0	0.0	10.553231939163497	0.0	0.9461426491994177	0.0	0.0	0.0	0.0	0.0
11897	11.649546827794563	0.0	1.2923076923076924	0.0	0.6846153846153846	0.0	0.0	0.0	5.680672268907563	0.0	0.0	0.0	0.0	0.8461538461538461	0.0	0.0	9.344827586206897	0.0	0.0	0.0	0.0	0.0	0.0	0.0
11898	5.72	0.0	0.0	0.0	0.0	0.0	0.0	0.0	8.942222222222222	0.0	0.0	0.0	0.0	0.0	0.0	0.0	12.258278145695364	0.0	0.0	0.0	0.0	0.0	0.0	0.0
11899	7.50974930362117	0.0	0.0	0.0	0.0	0.0	0.0	0.0	12.587854251012146	0.0	0.0	0.0	0.0	0.0	0.0	0.0	12.700350877192982	0.0	0.0	0.0	0.0	0.0	0.0	0.0
11900	16.091346153846153	0.0	0.7815533980582524	0.0	0.0	0.0	0.0	0.0	9.333333333333334	0.0	0.0	0.0	0.0	0.0	0.0	0.0	5.828571428571428	0.0	0.0	0.0	0.0	0.0	0.0	0.0
11901	12.398097826086957	0.0	1.2922077922077921	0.0	0.6212121212121212	0.0	0.0	0.0	10.61251504211793	0.0	0.0	0.0	0.0	0.0	0.0	0.0	16.624847746650428	0.0	0.0	0.0	0.0	0.0	0.0	0.0
11902	12.33641160949868	0.0	0.0	0.0	0.0	0.0	0.0	0.0	10.776141384388808	0.0	0.0	0.0	0.0	0.5477075588599752	0.0	0.0	11.522924411400249	0.0	0.9281288723667905	0.0	0.0	0.0	0.0	0.0
11903	17.233494363929147	0.0	0.0	0.0	0.0	0.0	0.0	0.0	10.894214876033057	0.0	0.0	0.0	0.0	0.0	0.0	0.0	15.944444444444445	0.0	0.0	0.0	0.0	0.0	0.0	0.0
11904	12.076804915514593	0.0	0.0	0.0	0.0	0.17208182912154033	0.0	0.0	8.234986945169712	0.0	0.0	0.0	0.0	0.0	0.0	0.0	11.591639871382636	0.0	0.0	0.0	0.0	0.0	0.0	0.0
11905	11.355889724310776	0.0	0.0	0.0	0.11666666666666667	0.0	0.0	0.0	7.34025974025974	0.0	1.1904761904761905	0.0	0.36666666666666664	0.0	0.0	0.0	10.823056300268096	0.0	0.0	0.0	0.0	0.0	0.0	0.0
11906	3.0472813238770686	0.0	0.0	0.0	0.0	0.0	0.0	0.0	8.559171597633137	0.0	0.0	0.0	0.0	0.0	0.0	0.0	4.339869281045751	0.0	0.0	0.0	0.0	0.0	0.0	0.0
11907	7.7563837129054525	0.0	0.0	0.0	0.0	0.0	0.0	0.0	10.968108108108108	0.0	0.0	0.0	0.0	0.0	0.0	0.0	14.833535844471445	0.0	1.0197604790419161	0.0	0.0	0.0	0.0	0.0
11908	6.731107205623902	0.0	0.0	0.0	0.0	0.0	0.0	0.0	8.002083333333333	0.0	0.0	0.0	0.0	0.0	0.0	0.0	12.08421052631579	0.0	0.0	0.0	0.0	0.0	0.0	0.0
11909	0.0	0.0	0.0	0.0	0.0	0.0	0.0	0.0	5.308641975308642	0.0	0.0	0.0	0.0	0.0	0.0	0.0	0.28846153846153844	0.0	0.0	0.0	0.0	0.0	0.0	0.0
11910	10.06392694063927	0.0	5.541095890410959	0.0	0.0	0.0	0.0	0.0	6.894230769230769	1.8812785388127853	0.0	0.0	0.0	0.0	0.0	0.0	12.38755980861244	0.0	0.0	0.0	0.0	0.0	0.0	0.0
11911	5.553571428571429	0.0	0.13793103448275862	0.0	0.0	0.0	0.0	0.0	6.109489051094891	0.0	0.0	0.0	0.2988505747126437	0.0	0.0	0.0	16.28395061728395	0.0	1.3218390804597702	0.0	0.0	0.0	0.0	0.0
11912	14.75912408759124	0.0	2.2	0.0	0.7777777777777778	0.6333333333333333	1.511111111111111	0.21666666666666667	6.828402366863905	1.1055555555555556	0.0	0.0	0.0	0.0	0.5222222222222223	0.5555555555555556	6.094890510948905	1.0333333333333334	0.4444444444444444	2.033333333333333	0.9777777777777777	0.0	0.5555555555555556	0.0
11913	16.118100128369704	0.0	0.0	0.0	0.2	0.0	0.0	0.0	13.2524682651622	0.0	0.0	0.15353535353535352	0.0	0.0	0.0	0.0	17.114619883040934	0.0	0.0	0.0	0.0	1.1757575757575758	0.0	0.0
11914	8.68421052631579	0.0	1.1393939393939394	0.0	0.0	0.0	0.0	0.0	6.212121212121212	0.0	0.0	0.0	0.0	0.0	0.0	0.0	18.824675324675326	0.0	2.3878787878787877	0.0	0.0	0.0	0.0	0.0
11915	13.482059282371296	0.0	0.0	0.0	0.0	0.0	0.0	0.0	10.333916083916083	0.0	0.0	0.0	0.0	0.0	0.0	0.0	14.726844583987441	0.0	0.8415032679738562	0.0	0.0	0.0	0.0	0.0
11916	7.3467561521252795	0.0	2.203579418344519	0.0	0.0	0.0	0.0	0.0	11.404312668463612	0.0	0.0	0.0	0.0	0.23937360178970918	0.0	0.0	17.046594982078854	0.0	0.0	0.0	0.0	0.0	0.0	0.0
11917	8.761217948717949	0.0	0.781084656084656	0.0	0.0	0.0	0.0	0.0	6.827425373134329	0.0	0.0	0.0	0.3134920634920635	0.41335978835978837	0.0	0.0	13.947942905121746	0.0	1.07010582010582	0.0	0.0	0.798941798941799	0.0	0.0
11918	9.002808988764045	0.0	1.0410798122065728	0.0	0.0	0.0	0.0	0.0	8.538847117794486	0.0	0.0	0.0	0.0	0.0	0.0	0.0	11.915501905972047	0.0	0.0	0.0	0.0	0.0	0.0	0.0
11919	10.351089588377723	0.0	0.0	0.0	1.2448979591836735	0.0	0.0	0.0	10.908665105386417	0.0	0.0	0.0	0.23582766439909297	0.0	0.0	0.0	15.596153846153847	0.0	0.0	0.0	0.0	0.0	0.0	0.0
11920	13.149572649572649	0.0	0.0	0.0	0.0	0.0	0.0	0.0	11.016129032258064	0.0	0.0	0.0	0.0	1.6235294117647059	0.0	0.0	12.49090909090909	0.0	0.5019607843137255	0.0	1.1725490196078432	0.0	0.0	0.0
11921	12.0336	0.0	0.0	0.0	0.0	0.0	0.0	0.0	11.534923339011925	0.0	0.0	0.0	0.0	0.0	0.0	0.0	12.154605263157896	0.0	0.4121739130434783	0.0	0.0	0.0	0.0	0.0
11922	13.301184433164128	0.0	0.0	0.0	0.8264540337711069	0.0	0.0	0.0	10.949632738719831	0.0	0.4027072758037225	0.0	0.0	0.0	0.0	0.0	13.911417322834646	0.0	0.0	0.0	0.0	1.1302847282139776	0.0	0.0
11923	12.092369477911646	0.0	0.0	0.0	0.5079365079365079	0.0	0.0	0.0	8.688492063492063	0.0	0.0	0.0	0.0	0.0	0.0	0.0	17.61676646706587	0.0	1.1011904761904763	0.0	0.0	0.6772727272727272	0.0	0.0
11924	11.732142857142858	0.0	0.722639933166249	0.0	0.0	0.0	0.0	0.0	7.123924268502582	0.0	0.0	0.0	0.0	0.0	0.0	0.0	11.38695652173913	0.0	0.0	0.0	0.0	0.0	0.0	0.0
11925	11.994475138121548	0.0	0.0	0.0	0.0	0.0	0.0	0.0	9.1145584725537	0.0	0.0	0.0	0.9869281045751634	0.0	0.0	0.0	15.901996370235935	0.0	1.7679738562091503	0.0	0.0	1.3583617747440273	0.0	0.0
11926	11.227116311080524	0.0	0.5087390761548065	0.0	0.6622971285892634	0.0	0.0	0.0	9.779874213836479	0.0	0.0	0.0	0.0	0.0	0.0	0.0	11.823570924488356	0.0	0.0	0.0	0.0	1.0305867665418227	0.0	0.0
11927	5.243478260869566	0.0	0.0	0.0	0.0	0.0	0.0	0.0	8.081005586592179	0.39243498817966904	0.0	0.0	0.0	0.0	0.0	0.0	11.248041775456919	0.0	0.0	0.0	0.0	0.0	0.0	0.0
11928	11.168384879725085	0.0	0.0	0.0	0.0	0.0	0.0	0.0	4.876595744680851	0.0	0.0	0.0	0.0	0.0	0.0	0.0	12.135964912280702	0.0	1.5189003436426116	0.0	0.0	0.0	0.0	0.0
11929	12.239804241435563	0.0	0.0	0.0	1.0248366013071895	0.0	0.0	0.0	7.6649122807017545	0.0	0.0	0.0	0.40261437908496733	0.0	0.0	0.0	13.805194805194805	0.0	0.5477124183006536	0.0	0.0	0.0	0.0	0.0
11930	5.8583617747440275	0.0	0.809322033898305	0.0	0.0	0.0	0.0	0.0	6.84406779661017	0.0	0.0	0.0	0.0	0.0	0.0	0.0	13.383177570093459	0.0	0.0	0.0	0.0	0.0	0.0	0.0
11931	7.726432532347505	0.0	1.0604166666666666	0.0	0.0	0.0	0.0	0.0	4.914396887159533	0.0	0.0	0.0	0.0	0.0	0.0	0.0	13.245704467353951	0.0	0.0	0.0	0.0	1.2450980392156863	0.0	0.0
11932	8.822727272727272	0.0	0.0	0.0	0.0	0.0	0.0	0.0	7.004098360655738	0.0	0.0	0.0	1.1111111111111112	0.0	0.0	0.0	14.72962962962963	0.0	0.0	0.0	0.0	0.0	0.0	0.0
11933	5.480113636363637	0.0	0.0	0.0	0.0	0.0	0.0	0.0	9.851612903225806	0.0	0.0	0.0	3.039473684210526	0.9254385964912281	0.0	0.0	6.62719298245614	0.0	0.0	0.0	0.0	0.0	0.0	0.0
11934	6.532157676348548	0.0	0.8957345971563981	0.0	0.0	0.0	0.0	0.0	5.904812834224599	1.6880650994575046	1.2337228714524207	0.0	2.370489174017642	0.0	0.0	0.0	11.590093936806149	0.0	1.6753554502369667	0.0	0.0	0.7385466034755134	0.0	0.0
11935	15.704761904761904	0.12324929971988796	0.0	0.0	2.9685314685314683	0.0	0.0	0.0	15.530303030303031	8.15406162464986	0.5266106442577031	1.5238095238095237	0.0	0.0	0.0	0.0	18.57703081232493	0.9747191011235955	5.459537572254336	0.0	0.0	1.9663865546218486	0.0	0.0
11936	0.0	0.0	0.0	0.0	0.0	0.0	0.0	0.0	0.0	0.0	0.0	0.0	0.0	0.0	0.0	0.0	3.0	0.0	0.0	0.0	0.0	0.0	0.0	0.0
11937	0.0	0.0	0.0	0.0	0.0	0.0	0.0	0.0	4.020833333333333	0.0	0.0	0.0	0.0	0.0	0.0	0.0	9.757142857142858	0.0	0.0	0.0	0.0	0.0	0.0	0.0
11938	3.806451612903226	0.0	0.0	0.0	0.7739463601532567	0.0	0.0	0.0	3.586206896551724	0.0	0.0	0.0	0.0	0.0	0.0	0.0	5.662162162162162	0.0	0.0	0.0	0.0	0.0	0.0	0.0
11939	10.717647058823529	0.0	0.9095607235142119	0.0	1.5607235142118863	0.0	0.0	0.0	6.7700258397932815	0.5555555555555556	0.6356589147286822	0.0	0.0	0.0	0.0	0.0	14.212389380530974	0.0	0.0	0.0	0.0	0.0	0.0	0.0
11940	5.317431192660551	0.0	0.0	0.0	1.446969696969697	0.0	0.0	0.0	7.748484848484848	0.0	0.0	0.0	0.0	0.0	0.0	0.0	12.691756272401435	0.0	0.0	0.0	0.0	0.0	0.0	0.0
11941	17.189156626506023	0.0	0.0	0.0	0.0	0.0	0.0	0.0	11.246119733924612	0.0	0.0	0.20021299254526093	0.0	0.0	0.0	0.0	16.351948051948053	0.0	0.012779552715654952	0.0	0.0	1.2880258899676376	0.0	0.0
11942	10.831325301204819	0.0	1.0116959064327486	0.0	0.0	0.0	0.0	0.0	8.723926380368098	0.0	0.0	0.0	0.0	0.0	0.0	0.0	12.445544554455445	0.0	0.0	0.0	0.0	1.345029239766082	0.0	0.0
11943	8.797658862876254	0.0	0.0	0.0	0.7324364723467862	0.0	0.0	0.0	9.381118881118882	0.0	0.0	0.0	0.0	0.9940209267563528	0.0	0.0	15.86709886547812	0.0	0.712430426716141	0.0	0.0	0.04484304932735426	0.0	0.0
11944	10.632829373650107	0.0	0.0	0.0	0.0	0.0	0.0	0.0	3.6297297297297297	0.0	0.0	0.0	0.5593869731800766	0.0	0.0	0.0	10.949115044247788	0.0	0.0	0.0	0.0	0.867816091954023	0.0	0.0
11945	5.233333333333333	0.0	0.0	0.0	0.0	0.0	0.0	0.0	7.807909604519774	0.0	0.0	0.0	2.0294117647058822	0.0	0.0	0.0	8.096045197740112	0.0	0.0	0.0	0.0	0.0	0.0	0.0
11946	8.247167868177137	0.0	0.0	0.0	0.3055198973042362	0.0	0.0	0.0	5.78	0.0	0.0	0.0	0.0	0.0	0.0	0.0	11.65406345067362	0.0	0.0	0.0	0.0	0.0	0.0	0.0
11947	6.818511796733213	0.0	0.0	0.0	0.0	0.0	0.0	0.0	10.743935309973045	0.0	0.0	0.0	0.0	0.0	0.0	0.0	13.013266998341626	0.0	0.0	0.0	0.0	0.0	0.0	0.0
11948	6.819536423841059	0.0	0.3843843843843844	0.0	0.4744744744744745	0.0	0.0	0.0	6.4226086956521735	0.0	0.0	0.0	0.11711711711711711	0.0	0.0	0.0	15.220930232558139	0.0	1.34984984984985	0.0	0.7627627627627628	0.0	0.0	0.0
11949	6.134292565947242	0.0	0.0	0.0	0.0	0.0	0.0	0.0	8.078282828282829	0.0	0.0	0.0	0.0	0.0	0.0	0.0	10.01008064516129	0.0	1.7504621072088724	0.0	0.0	0.0	0.0	0.0
11950	13.196513470681458	0.0	0.0	0.0	0.9155937052932761	0.0	0.0	0.0	10.735537190082646	0.5836909871244635	0.0	0.0	0.0	0.0	0.0	0.0	10.316412859560067	0.0	0.0	0.0	0.4949928469241774	0.0	0.0	0.0
11951	8.921266968325792	0.0	0.0	0.0	0.0	0.0	0.0	0.0	8.37593984962406	0.5990888382687927	0.0	0.0	0.0	0.0	0.0	0.0	10.53295128939828	0.0	0.8162490508731967	0.0	0.0	0.0	0.0	0.0
11952	7.1877022653721685	0.0	0.0	0.0	0.6796116504854369	0.0	0.0	0.0	8.356617647058824	0.0	0.9773462783171522	0.0	0.8155339805825242	0.0	0.0	0.0	7.025454545454545	0.0	0.8155339805825242	0.0	0.8543689320388349	0.0	0.0	0.0
11953	20.264044943820224	0.0	0.0	0.0	0.0	0.0	0.0	0.0	14.086021505376344	0.0	0.0	0.0	0.0	0.0	0.0	0.0	16.340425531914892	0.0	0.0	0.0	0.0	0.0	0.0	0.0
11954	15.37378640776699	0.0	0.43555555555555553	0.0	0.0	0.0	0.0	0.0	13.851612903225806	0.0	0.0	0.0	0.0	0.0	0.0	0.0	18.87958115183246	0.0	0.0	0.0	0.0	0.0	0.0	0.0
11955	7.548286604361371	0.0	1.5242424242424242	0.0	0.0	0.0	0.0	0.0	6.5479452054794525	0.0	0.0	0.0	0.0	0.0	0.0	0.0	7.177165354330708	0.0	0.0	0.0	0.0	0.0	0.0	0.0
11956	9.217948717948717	0.0	0.07272727272727272	0.0	0.0	0.0	0.0	0.0	4.033653846153846	0.0	0.0	0.0	0.13002364066193853	0.0	0.0	0.0	16.740845070422534	0.0	0.1182033096926714	0.0	0.0	0.0	0.0	0.0
11957	6.930817610062893	0.0	1.5345911949685536	0.0	0.2830188679245283	0.0	0.0	0.0	3.6286472148541113	0.0	0.0	0.0	0.0	0.0	0.0	0.0	10.048319327731093	0.0	0.22641509433962265	0.0	0.0	0.0	0.0	0.0
11958	1.3441108545034641	0.0	0.0	0.0	0.0	0.0	0.0	0.0	6.037924151696607	0.0	0.0	0.0	0.015968063872255488	0.0	0.0	0.0	11.677852348993289	0.0	0.0	0.0	0.0	0.0	0.0	0.0
11959	3.1122448979591835	0.0	0.0	0.0	0.0	0.0	0.0	0.0	6.206185567010309	0.0	0.0	0.0	0.0	0.0	0.0	0.0	7.724299065420561	0.0	0.9965986394557823	0.0	0.0	0.0	0.0	0.0
11960	6.384615384615385	0.0	2.223529411764706	0.0	0.0	0.0	0.0	0.0	6.190476190476191	0.0	0.0	0.0	1.6705882352941177	0.0	0.0	0.0	5.827450980392157	0.0	1.1176470588235294	0.0	0.0	0.0	0.0	0.0
11961	5.106496272630458	0.0	0.0	0.0	0.0	0.0	0.0	0.0	4.436440677966102	0.0	0.8686868686868687	0.0	0.0	0.0	0.0	0.0	12.930669800235018	0.0	1.1162551440329218	0.0	0.0	0.0	0.0	0.0
11962	5.827956989247312	0.0	0.0	0.0	0.5645161290322581	0.0	0.0	0.0	6.0647482014388485	0.0	0.0	0.0	0.0	0.0	0.0	0.0	13.410596026490067	0.0	0.0	0.0	0.0	0.0	0.0	0.0
11963	13.002849002849002	0.0	1.339031339031339	0.0	0.0	0.0	0.0	0.0	8.613394216133942	0.0	0.0	0.0	0.0	0.0	0.0	0.0	11.181818181818182	0.0	1.3041322314049586	0.0	0.0	0.0	0.0	0.0
11964	10.0	0.0	0.0	0.0	0.0	0.0	0.0	0.0	4.196969696969697	1.0	0.0	0.0	0.0	0.0	0.0	0.0	9.78888888888889	0.0	2.5606060606060606	0.0	0.0	2.0	0.0	0.8863636363636364
11965	8.098425196850394	0.0	0.0	0.0	0.0	0.0	0.0	0.0	6.673539518900344	0.0	0.0	0.0	0.7447795823665894	0.0	0.0	0.0	11.80990099009901	0.0	0.0	0.0	0.0	0.0	0.0	0.0
11966	10.6751269035533	0.0	0.8689497716894977	0.0	0.0	0.0	0.0	0.0	7.776088096486628	0.0136986301369863	0.0	0.0	0.7589041095890411	0.0	0.0	0.0	13.097841065686724	0.0	0.8239962651727357	0.0	0.0	0.0	0.0	0.0
11967	6.657817109144543	0.0	0.0	0.0	0.0	0.0	0.0	0.0	17.943396226415093	0.0	0.0	0.0	3.15929203539823	1.0265486725663717	0.0	0.0	10.28613569321534	0.0	0.0	0.0	0.0	0.0	0.0	0.0
11968	12.775757575757575	0.0	1.4428794992175273	0.0	0.1267605633802817	0.0	0.0	0.0	6.968879668049793	0.0	0.0	0.0	0.0	0.0	0.0	0.0	12.72668810289389	0.0	1.194053208137715	0.0	0.0	0.0	0.0	0.0
11969	8.490059642147118	0.0	0.0	0.0	0.8353846153846154	0.0	0.0	0.0	6.618816682832202	0.0	0.0	0.0	0.0	0.0	0.0	0.0	13.675282714054926	0.0	0.0	0.0	0.0	0.0	0.0	0.0
11970	9.831586826347305	0.0	0.5438302624232273	0.0	0.0	0.0	0.0	0.0	9.678496868475992	0.0	0.0	0.0	0.0	0.0	0.0	0.0	14.808995686999383	0.0	0.8230039084310441	0.0	0.0	0.7755443886097152	0.0	0.0
11971	6.332644628099174	0.0	0.0	0.0	0.0	0.0	0.0	0.0	6.218809980806142	0.0	0.0	0.7819314641744548	0.0	0.0	0.0	0.0	13.494033412887829	0.0	0.0	0.0	0.0	0.6261682242990654	0.0	0.0
11972	11.810638297872341	0.0	0.0	0.0	0.2958801498127341	0.0	0.0	0.0	13.027184466019417	0.3445692883895131	0.0	0.0	0.0	0.0	0.0	0.0	19.04597701149425	0.0	0.0	0.0	0.0599250936329588	0.0	0.0	0.0
11973	6.418277680140598	0.0	1.6768189509306262	0.0	0.0	0.0	0.0	0.0	11.181132075471698	0.0	0.0	0.0	0.927536231884058	0.3688663282571912	0.0	0.0	13.96215139442231	0.0	0.766497461928934	0.0	0.0	0.19796954314720813	0.0	0.0
11974	7.285445420326224	0.0	1.3776150627615062	0.0	0.0	0.0	0.0	0.0	8.49106628242075	0.0	0.0	0.1413096996553422	0.0	0.0	0.0	0.0	10.647674418604652	0.0	0.9723320158102767	0.0	0.0	0.0	0.0	0.0
11975	13.673366834170855	0.0	0.0	0.0	0.0	0.0	0.0	0.0	11.0	0.0	0.0	0.0	2.006289308176101	0.0	0.0	0.0	13.699029126213592	0.0	0.0	0.0	0.0	0.0	0.0	0.0
11976	14.385767790262172	0.0	0.3468013468013468	0.0	0.0	0.0	0.0	0.0	5.594360086767896	0.0	0.0	0.0	0.0	0.0	0.0	0.0	5.8344370860927155	0.0	0.7912457912457912	0.0	0.0	0.0	0.0	0.0
11977	9.583916083916083	0.0	0.0	0.0	0.0	0.0	0.0	0.0	5.172477064220184	0.0	0.0	0.0	0.0	0.0	0.0	0.0	12.921635434412266	0.0	4.194895591647332	0.0	0.0	0.0	0.0	0.0
11978	9.936651583710407	0.0	0.0	0.0	0.0	0.0	0.0	0.0	5.003344481605351	0.0	0.0	0.0	0.0	0.0	0.0	0.0	9.205426356589147	0.0	0.3618339529120198	0.0	0.0	0.0	0.0	0.0
11979	9.783018867924529	0.27672955974842767	0.2641509433962264	0.0	3.6792452830188678	0.0	0.0	0.0	16.261006289308177	0.0440251572327044	0.0	0.0	0.0	0.0	0.0	0.0	13.178451178451178	0.0	0.0	0.0	0.0	0.5251572327044025	0.0	0.0
11980	11.1	0.0	0.0	0.0	0.0	0.0	0.0	0.0	7.9728601252609606	0.0	0.0	0.28415300546448086	0.08743169398907104	0.0	0.0	1.3114754098360655	16.023980815347723	0.0	0.0	0.0	0.0	3.9055944055944054	0.0	0.0
11981	9.883484162895927	0.0	0.5	0.0	0.5975378787878788	0.0	0.0	0.0	10.403990024937656	0.4791666666666667	0.0	0.0	0.0	0.0	0.0	0.0	15.67590618336887	0.0	0.0	0.0	0.0	0.0	0.0	0.0
11982	13.37885462555066	0.0	0.0	0.0	0.0	0.0	0.0	0.0	7.532467532467533	0.0	0.0	0.0	0.0	0.0	0.0	0.0	26.484848484848484	0.0	0.0	0.0	0.0	0.0	0.0	0.0
11983	12.06	0.0	0.0	0.0	1.5454545454545454	0.0	0.0	0.0	12.893333333333333	0.0	0.0	0.0	0.0	0.0	0.0	0.0	12.424	0.0	0.0	0.0	0.0	0.0	0.0	0.0
11984	14.450980392156863	0.0	0.0	0.0	0.0	0.0	0.0	0.0	5.375350140056023	0.0	0.0	0.0	0.0	0.0	0.0	0.0	14.6848635235732	0.0	0.2748917748917749	0.13852813852813853	0.0	0.5476190476190477	0.0	0.0
11985	0.5714285714285714	0.0	0.0	0.0	0.0	0.0	0.0	0.0	2.5416666666666665	0.0	0.0	0.0	0.0	0.0	0.0	0.0	4.482142857142857	0.0	0.0	0.0	0.0	0.0	0.0	0.0
11986	7.553058024046001	0.0	0.6653763440860215	0.0	0.0	0.0	0.0	0.0	8.928236397748593	0.0	0.0	0.0	0.0	0.0	0.0	0.0	12.735253135160242	0.0	0.9162487462387161	0.0	0.0	0.0	0.0	0.0
11987	4.982456140350878	0.0	0.0	0.0	0.0	0.0	0.0	0.0	5.0	0.0	0.4298245614035088	0.0	0.0	0.0	0.0	0.0	4.2894736842105265	0.0	0.0	0.0	0.0	0.10526315789473684	0.0	0.0
11988	6.4655172413793105	0.0	0.0	0.0	0.0	0.0	0.0	0.0	5.492211838006231	0.0	0.0	0.0	0.0	0.0	0.0	0.0	9.951672862453531	0.0	3.289719626168224	0.0	0.0	0.8909657320872274	0.0	0.0
11989	11.792079207920793	0.0	0.0	0.0	0.0	0.0	0.0	0.0	7.376344086021505	0.030303030303030304	0.0	0.0	6.545454545454546	0.0	0.0	0.0	10.2	0.0	3.0681818181818183	0.0	0.0	4.568181818181818	0.0	0.0
11990	9.518282988871224	0.0	0.9263721552878179	0.0	0.0	0.0	0.0	0.0	12.652173913043478	0.0	0.14056224899598393	0.0	0.4390896921017403	0.0	0.0	0.0	12.520729684908789	0.0	0.2931726907630522	0.0	0.0	1.35475234270415	0.0	0.0
11991	6.738325991189427	0.0	0.0	0.0	0.0	0.0	0.0	0.0	8.177092511013216	0.0	0.0	0.0	0.0	0.1765169424743893	0.0	0.0	17.4346257889991	0.0	0.0	0.0	0.0	0.7269906928645294	0.0	0.0
11992	8.347368421052632	0.0	0.0	0.0	0.0	0.0	0.0	0.0	6.842741935483871	0.0	0.0	0.0	0.0	0.0	0.0	0.0	6.284023668639053	0.0	0.0	0.0	0.0	0.0	0.0	0.0
11993	8.250712250712251	0.0	2.0072463768115942	0.0	0.463768115942029	0.0	0.0	0.0	5.938053097345133	0.0	0.0	0.0	0.0	0.0	0.0	0.0	13.830815709969789	0.0	1.3888888888888888	0.0	0.0	0.6400966183574879	0.0	0.0
11994	9.899268887083672	0.0	0.0	0.0	0.0	0.0	0.0	0.0	8.825258141382049	0.0	0.0	0.052598225602027884	0.0	0.0	0.0	0.0	13.61355174981385	0.0	0.0	0.0	0.0	0.0	0.0	0.0
11995	11.025757575757575	0.0	0.0	0.0	0.0	0.0	0.0	0.0	9.414634146341463	0.0	0.0	0.0	0.0	0.0	0.0	0.0	11.974257425742575	0.0	0.5742424242424242	0.0	0.0	0.8807829181494662	0.0	0.0
11996	6.550395256916996	0.0	0.7720254314259763	0.0	0.0	0.0	0.0	0.0	7.645238095238096	0.0	0.0	0.0	0.0	0.0	0.0	0.0	12.805414551607445	0.0	0.5833333333333334	0.0	0.0	0.0	0.0	0.08543417366946779
11997	9.734774066797643	0.0	0.0	0.0	0.0	0.0	0.0	0.0	7.791187739463601	0.0	0.0	0.0	0.9441624365482234	0.0	0.0	0.0	13.100213219616204	0.0	0.6666666666666666	0.0	0.0	0.0	0.0	0.0
11998	12.900874635568513	0.0	0.13507625272331156	0.0	0.616557734204793	0.0	0.0	0.0	3.9281767955801103	0.0	0.0	0.0	1.7037037037037037	0.0	0.0	0.0	12.71111111111111	0.0	0.0	0.0	0.0	0.0	0.0	0.0
11999	12.604010025062657	0.0	0.7518796992481203	0.0	0.0	0.0	0.0	0.0	10.340361445783133	0.0	0.0	0.0	0.0	0.0	0.0	0.0	13.728155339805825	0.0	0.0	0.0	0.0	4.530973451327434	0.0	0.0
12000	3.889705882352941	0.0	0.03825136612021858	0.0	0.0	0.0	0.0	0.0	2.5037593984962405	0.0	0.0	0.0	1.5081967213114753	2.982456140350877	0.0	0.0	14.056603773584905	0.0	2.26775956284153	0.0	0.0	0.19672131147540983	0.0	0.0
12001	7.78932584269663	0.0	0.0	0.0	0.0	0.0	0.0	0.0	4.051413881748072	0.0	0.0	0.0	0.0	0.0	0.0	0.0	6.532871972318339	0.0	0.0	0.0	0.0	0.0	0.0	0.0
12002	6.114688128772636	0.0	0.0	0.0	1.1221122112211221	0.0	0.0	0.0	7.605610561056106	0.0	0.0	0.0	0.6171617161716172	0.0	0.0	0.0	9.282786885245901	0.0	0.0	0.0	0.0	0.0	0.0	0.0
12003	10.44061757719715	0.0	0.0	0.0	0.5523306948109059	0.0	0.0	0.0	8.313121272365805	0.0	0.0	0.036939313984168866	0.0	0.0	0.0	0.0	11.836199095022625	0.0	0.0	0.0	0.0	0.36675461741424803	0.0	0.0
12004	6.280193236714976	0.0	1.1971830985915493	0.0	0.0	0.0	0.0	0.0	4.782122905027933	0.49295774647887325	0.0	0.0	0.0	0.0	0.0	0.0	12.894366197183098	0.0	0.0	0.0	0.0	0.0	0.0	0.0
12005	6.455892255892256	0.0	0.6422136422136422	0.0	0.24453024453024452	0.0	0.0	0.0	11.80078125	0.0	0.0	0.0	0.0	0.0	0.0	0.0	10.95092936802974	0.0	0.703989703989704	0.0	0.0	0.9195804195804196	0.0	0.0
12006	11.86517719568567	0.0	0.0	0.0	0.16305916305916307	0.0	0.0	0.0	7.448192771084337	0.0	0.0	0.0	0.0	0.0	0.0	0.0	16.75160403299725	0.0	0.0	0.0	0.0	0.0	0.0	0.0
12007	7.428870292887029	0.0	0.0	0.0	1.5	0.0	0.0	0.0	10.279017857142858	0.0	0.0	0.0	0.0	0.0	0.0	0.0	17.212034383954155	0.0	1.2585751978891822	0.0	0.0	0.0	0.0	0.0
12008	8.10828025477707	0.0	0.0	0.0	0.0	0.0	0.0	0.0	8.420289855072463	0.0	0.0	0.0	1.6868686868686869	0.0	0.0	0.0	15.704787234042554	0.0	1.1414141414141414	0.0	0.0	0.0	0.0	0.0
12009	10.214356929212363	0.0	0.0	0.0	0.47215295095594345	0.0	0.0	0.0	6.807658833768494	0.0	0.0	0.0	0.5785536159600998	0.0	0.0	0.0	12.401716738197425	0.0	1.5205357142857143	0.0	0.0	0.0	0.0	0.0
12010	1.8366013071895424	0.0	0.0	0.0	0.0	0.0	0.0	0.0	2.2287581699346406	0.0	0.0	0.0	0.0784313725490196	0.0	0.0	0.0	3.0065359477124183	0.0	0.0	0.0	0.0	0.0	0.0	0.0
28720	60.502385821404225	23.3640081799591	8.250503018108652	5.637972646822204	13.963457484188334	12.599573257467995	8.634628493524199	7.233128834355829	44.58049113233288	123.06952965235173	45.441717791411044	11.383147853736089	30.657805044308112	33.898969072164945	15.697826086956521	38.0892978868439	66.15983606557377	48.61596180081855	44.67552828902522	66.94342194955692	10.28943217665615	41.012951601908654	10.63023829087921	81.19836400817996
