gene_callers_id	sample_01_reads_against_MAGs	sample_02_reads_against_MAGs	sample_03_reads_against_MAGs	sample_04_reads_against_MAGs	sample_05_reads_against_MAGs	sample_06_reads_against_MAGs	sample_07_reads_against_MAGs	sample_08_reads_against_MAGs	sample_09_reads_against_MAGs	sample_10_reads_against_MAGs	sample_11_reads_against_MAGs	sample_12_reads_against_MAGs	sample_13_reads_against_MAGs	sample_14_reads_against_MAGs	sample_15_reads_against_MAGs	sample_16_reads_against_MAGs	sample_17_reads_against_MAGs	sample_18_reads_against_MAGs	sample_19_reads_against_MAGs	sample_20_reads_against_MAGs	sample_21_reads_against_MAGs	sample_22_reads_against_MAGs	sample_23_reads_against_MAGs	sample_24_reads_against_MAGs
18239	0.0	1.1384386171961036	0.0	0.0	0.0	0.0	0.0	0.0	0.0	4.2607047498878945	1.2203156606370469	0.0	0.0	0.0	1.0837138434963223	0.0	0.0	2.1238261035348382	1.0145592437725561	0.0	0.0	0.0	0.0	0.0
18240	0.0	1.6639588904564264	1.0060144608296784	0.0	0.0	0.0	0.0	0.0	0.0	1.276230721616942	1.8465262614065352	0.0	0.0	0.4805193451026593	1.0604682403302466	0.0	0.0	4.455431781540737	4.479546116853609	0.25081750941365843	0.0	0.0	0.0	0.0
18241	0.0	0.5673656067712337	0.0	0.0	0.0	0.0	0.32552424303870586	0.0	0.0	2.3676413006688772	0.8906523919978958	0.0	0.0	0.0	0.9210018366730386	0.0	0.0	1.0634294075810011	3.0017817002429226	0.0	0.0	0.49042048264975896	0.0	0.0
18242	0.0	1.202659388703658	0.0	0.0	0.0	0.0	0.7038748523206169	0.0	0.0	1.7199112970612098	1.138279147893671	0.0	0.0	0.0	1.3824173276589362	0.0	0.0	3.344109034723408	1.133700583288965	0.0	0.0	0.0	1.4912442327990743	0.0
18243	0.0	1.338978289920315	0.0	0.0	0.0	0.0	0.0	0.0	0.0	4.626396659625578	2.184995773187362	0.0	0.0	0.4757429568020378	1.3445635006482923	0.0	0.0	3.133048907233863	1.0993137331132394	0.2151600094348822	0.0	0.0	0.4450360434130872	0.8785712551333622
18244	0.0	2.0353987093793724	1.5873932467088927	0.0	0.0	0.0	0.0	0.0	0.0	2.107613177053442	2.172846262870984	0.0	0.7694023840007662	1.0589794855460706	0.9449057854614844	0.0	0.0	3.150042645419423	1.9767405742087276	0.0	0.0	0.0	0.0	0.0
18245	0.0	2.0511237525857506	0.18139171600599321	0.0	0.0	0.0	0.0	0.0	0.0	1.6760268783849932	1.3284513352953762	0.0	0.0	0.0	1.0298238559006168	0.0	0.0	3.6682898535201907	2.0661013514699067	0.0	0.0	0.0	0.0	0.0
18246	0.0	0.8242372880318781	0.0	0.0	0.0	0.0	0.0	0.0	0.0	1.6078889401027001	2.300545121524129	0.0	0.0	0.0	2.026886108132516	0.0	0.0	1.065225775780549	1.991360703541171	0.0	0.0	0.0	0.0	0.0
18247	0.0	1.3073266576580962	0.8099465829621668	0.0	0.0	0.0	0.0	0.0	0.0	2.312977375340994	1.2963914406817014	0.0	0.0	0.0	0.0	0.0	0.0	4.610383152881849	2.1026559482156255	0.8820381762007106	0.0	0.0	0.0	0.0
18248	0.0	0.0	0.9858515834907411	0.0	0.0	0.0	1.067701852062625	0.0	0.0	1.907973907240404	0.6143364689257461	0.857803977840563	0.0	0.0	1.4946996300685245	0.0	0.0	3.017710384334259	0.7071067811865476	0.32384453592227247	0.0	0.864366879305782	0.6308119789877703	0.0
18249	0.0	2.1268513040272503	0.8354312435611264	0.0	0.0	0.0	0.1842872129571235	0.0	0.0	2.2714981750781678	2.9233632908689535	0.0	0.0	1.4772715132085144	0.0	0.0	0.0	2.9799403313989736	2.282505600184157	0.4033690761204284	0.0	0.7338495827178049	1.497625914321402	0.0
18250	0.0	1.1284099978166378	0.8987139750549422	0.0	0.0	0.0	0.0	0.0	0.0	4.624286887020778	2.42419611452674	0.0	1.1608807430073564	0.0	1.862921134470078	0.0	0.0	2.8428884372978867	2.0544667441440287	0.3000736914026618	0.8546487049549731	0.9415738555438903	0.0	0.0
18251	0.0	1.3277176944348263	0.8985188700613691	0.0	0.0	0.0	0.8333796224992637	0.0	0.0	3.10158840091824	3.2239101650255044	1.2149517746272338	0.6889369056402397	0.0	0.0	0.0	0.0	3.1378447435264913	1.0763887563360186	0.6604960767496677	0.0	1.0411347879834028	0.0	0.0
18252	0.0	0.5955958350177095	0.9313686545854301	0.0	0.0	0.0	0.0	0.0	0.0	1.976964303125132	2.042626889207563	0.9907730876954829	0.0	0.0	0.0	0.0	0.0	1.352285532455474	1.276956836090211	0.0	0.0	0.0	1.3506006640722799	0.0
18253	0.0	1.8513619452943706	2.0914527589510206	0.0	0.0	0.0	0.8882339006966542	0.0	0.0	2.901623778556776	1.3797283752532432	0.0	0.0	0.0	0.0	0.0	0.0	1.9784414144634654	4.065856196868116	0.0	0.0	0.8838580994006078	0.0	0.5927079128195987
18254	0.0	0.0	0.4422166387140533	0.0	0.0	0.9856963133857313	0.9949874371066201	0.0	0.0	0.5977179402016042	0.0	0.0	0.0	0.0	0.0	0.0	0.0	2.254609475915705	0.9457140159688867	0.0	0.0	0.0	0.0	0.0
18255	0.0	1.1178877297387249	1.7316802364064467	0.0	0.0	0.0	0.0	0.0	0.0	3.1716342260484938	2.1994893267394664	0.0	0.0	0.5352925451679733	1.3258113714701452	0.0	0.0	2.9900602096865656	1.7944708138401793	0.0	0.0	0.4853928563627948	0.0	0.0
18256	0.0	2.835493718334167	0.0	0.0	0.0	0.0	0.7926345974926481	0.0	0.0	3.172772127165017	2.006871727710813	0.0	0.0	0.0	2.1067538427406896	0.0	0.0	1.780625285969064	1.150428358032656	0.0	0.0	0.0	0.0	0.0
18257	0.0	1.6018207924000467	0.0	0.0	0.0	0.0	0.0	0.0	0.0	1.9823297932862847	0.9281652696566138	0.0	0.0	0.0	0.8384937777556779	0.0	0.0	1.761212711704577	1.5758572359823155	0.0	0.0	0.7734289304855612	0.0	0.0
18258	0.0	1.8537775752275638	0.0	0.0	0.0	0.0	0.0	0.0	0.0	1.2793951930410035	1.423344892971095	1.1238806689162888	0.0	0.0	1.0538856828897736	0.0	0.0	4.1127266185557	0.9510381122829489	0.0	0.0	0.0	0.987162767718373	0.0
18259	0.0	1.1005660198969136	0.0	0.0	0.0	0.0	0.0	0.0	0.0	4.836503380741877	1.8563707248382435	0.0	0.0	0.0	0.0	0.0	0.0	2.198293582430748	1.5689313759053451	0.0	0.0	0.0	0.0	0.0
18260	0.8752921263231159	1.8129975532782838	0.0	0.0	0.0	0.2722430534812825	0.0	0.0	0.0	1.937365228618384	1.2693848386051905	0.0	0.0	0.0	0.0	0.0	0.0	3.576689118530475	1.1379170830480727	0.0	0.0	0.0	0.0	0.0
18261	0.0	1.231595086912498	0.0	0.0	0.0	0.0	0.8029307781646662	0.0	0.0	3.1120814650340107	1.9032400366785955	0.0	0.0	0.0	0.0	0.0	0.0	3.1730772471579085	2.352427777567095	0.36581114814631327	0.0	0.0	1.153445745791297	0.0
18262	0.0	0.9044670411481357	1.2263159010526719	0.0	0.0	0.0	0.6888102027688878	0.0	0.0	3.425728135752863	1.1488034660748059	0.0	0.0	0.0	0.0	0.0	0.0	0.9081059371953873	0.900611944201795	0.0	0.0	0.0	0.0	0.0
18263	0.0	0.0	0.0	0.0	0.0	0.0	0.0	0.0	0.0	2.938838351388264	0.0	0.0	0.0	0.0	1.3979321631166053	0.0	0.0	3.4181502386730553	1.3767271032106752	0.0	0.0	0.0	0.0	0.0
18264	0.0	3.5259856318426657	0.0	0.0	0.0	0.0	0.0	0.0	0.0	2.2349422887713715	1.1052499278805283	0.0	0.0	0.0	0.0	0.0	0.0	3.0535759996835083	1.1217179519752496	0.0	0.0	0.0	0.0	0.0
18265	0.0	0.7485858172303808	0.0	0.0	0.0	0.0	0.3333884106347012	0.0	0.0	2.0030693201432532	1.90271695558594	0.0	0.35805191468647685	0.0	0.5575020431706793	0.0	0.0	1.1710888161604065	0.7440074649056169	0.3587895753590324	0.0	0.0	0.0	0.0
18266	0.0	2.0333129556189355	0.0	0.0	0.0	0.0	0.9301527356856201	0.0	0.0	1.7125832936391323	0.9893590467724365	0.0	0.0	0.0	1.3126030224769143	0.0	0.0	1.116390122411433	1.2839650811317787	0.0	0.0	0.0	0.6496986659061902	0.0
18267	0.0	1.3221871956076903	0.0	0.0	0.0	0.0	0.0	0.0	0.0	1.0101905441725934	0.639382161337853	0.7892787283650521	0.0	0.0	0.0	0.0	0.0	0.8701146318356555	0.0	0.46929596836816095	1.4532840301005427	0.0	1.9306926985837733	0.0
18268	0.0	1.0336435405591868	0.0	0.0	0.0	0.0	0.0	0.0	0.0	2.2635977177937567	1.230472923206501	0.0	0.0	0.0	1.1087963680071862	0.0	0.0	2.0489745182284493	1.1611054175043731	0.0	0.0	0.0	1.347807386499536	0.0
18269	0.0	0.532938710021193	0.0	0.0	0.0	0.0	0.0	1.8887621545640376	0.0	1.946899508160575	1.2209110980602538	0.0	0.36738253249129216	0.0	1.2916235150596094	0.0	0.0	1.946539083707034	0.983760312474404	0.0	0.0	0.0	0.0	0.0
18270	0.0	0.0	0.9817871641375715	0.0	0.0	0.0	0.0	0.0	0.0	2.136486640351806	2.997051775682828	0.0	0.0	0.0	0.7791664651176594	0.0	0.0	1.2442936416564487	1.2656192177655234	0.0	0.0	0.0	0.0	0.0
18271	0.0	0.0	0.8409884365753877	0.0	0.0	0.0	0.0	0.0	0.0	1.8744004193937707	1.0338155930088324	0.0	0.0	0.0	0.3468634768060052	0.0	0.0	2.2435681469844253	0.8754256023770418	0.0	0.6500643174179347	0.0	0.8079247161331158	0.0
18272	0.0	0.8828994108567311	0.0	0.0	0.0	0.0	0.0	0.0	0.0	2.8247290099179043	1.180342767620235	0.0	0.0	0.0	0.0	0.0	0.0	2.383804990568929	1.1046496833133783	1.2143387218803863	0.0	0.0	1.5345351874534543	0.0
18273	0.0	2.0165543144714073	0.5922722871428489	0.0	0.0	0.0	0.0	0.0	1.5816970042503915	1.9862231041241296	0.9899759665503431	0.0	0.0	0.0	1.0272328652801486	0.0	0.0	1.7505777367045117	1.204557820887032	0.0	0.0	0.0	0.0	0.0
18274	0.0	1.7362667485793255	0.0	0.0	0.0	0.0	0.0	0.0	0.0	2.35811025925541	0.0	0.0	0.0	0.0	0.7947481936802528	0.0	0.0	2.552553531215088	1.0679367438612128	0.0	0.0	0.0	0.9600000000000001	0.9707728879609279
18275	0.0	0.0	0.0	0.0	0.0	0.0	0.0	0.0	0.0	3.9804698708347783	1.7212045899019783	0.0	1.4727794307933983	0.0	3.142021361349644	0.0	0.0	1.3731416094376572	0.0	0.0	0.0	0.0	0.0	0.0
18276	0.0	0.09962678803234223	0.0	0.0	0.0	0.0	0.0	0.0	0.0	5.307129252286283	0.835394531744516	0.0	0.0	0.0	0.439954049142968	0.0	0.0	3.2053596876784485	0.8333331995816139	0.0	0.0	0.0	0.0	0.0
18277	0.0	0.9104244992621017	0.9824410286756118	0.0	0.0	0.0	0.0	0.0	0.0	1.174490310483053	0.9436406464123465	0.0	0.0	0.0	0.0	0.0	0.0	3.6986663960983934	2.47081338133036	0.0	0.0	0.43443238474136275	0.0	0.0
18278	0.0	2.2073942981871397	0.0	0.0	0.0	0.0	0.0	0.0	0.0	3.0370408230687405	3.185003409050102	1.521636543816874	0.0	1.701005614194524	1.5595490526653653	0.0	0.0	3.1621356185966976	1.9475837179789945	0.720407518662407	0.0	0.0	0.0	0.0
18279	0.0	1.812945336611818	0.0	0.0	0.0	0.0	1.0295356577099668	0.0	0.0	3.1051469613955027	1.2416429624065648	0.0	0.0	0.0	0.0	0.0	0.0	2.3776318166866797	3.902211489325267	0.0	0.0	0.0	0.0	0.0
18280	0.0	0.0	0.0	0.6772289403221692	1.0724082657270795	0.0	0.0	0.0	0.0	3.174228040780175	1.4421372674640713	0.0	0.0	0.0	1.3369473131666858	0.0	0.0	2.158103976157538	2.186125947011421	0.0	0.0	0.0	1.619244027165824	0.0
18281	0.0	0.0	0.0	0.0	0.0	0.0	0.0	0.0	0.0	2.130658047279157	1.8770297242696496	0.0	0.0	0.0	0.0	0.0	0.0	2.1586310187593574	2.215044431697903	0.0	0.0	0.0	0.0	0.6940762740681299
18282	0.0	1.3483476366863354	0.0	0.0	0.0	0.0	0.0	0.0	0.0	3.3403034703084966	0.9909440006472264	0.5946647772257968	0.0	0.0	1.4493639798273317	0.0	0.0	1.4978833191773726	2.901289606297662	0.0	0.0	0.0	0.8089771177111081	0.0
18283	0.2010317172923476	0.9577847419079593	1.0925813619115818	0.0	0.0	0.0	0.0	0.0	0.0	1.4053877585147332	2.653271005586237	0.0	0.0	0.0	0.0	0.0	0.0	1.1133942331840179	1.7129905490325157	0.7935067658186059	0.0	0.0	1.8442668253806527	0.0
18284	0.0	1.3561014855468128	1.1323183507272545	0.0	0.0	0.0	0.0	0.0	0.0	5.556642612988673	0.8266440364731849	0.0	0.0	0.0	0.0	0.0	0.0	1.251854330445389	1.5859014671403269	0.9114973061322182	0.0	0.0	0.0	0.0
18285	0.3852625187736366	0.0	0.0	0.7624582843282566	0.0	0.0	0.0	0.0	0.0	4.32886753580969	1.2353974315895546	0.0	0.0	1.0418748637737738	0.0	0.0	0.0	2.055792128344204	1.2959539144665568	1.8674542886858145	0.0	1.0898903065312822	0.0	0.0
18286	0.0	1.2319140622473488	0.0	0.0	0.0	0.0	0.0	0.0	0.0	1.863321289793018	2.1138534634637334	0.0	0.0	0.0	0.0	0.0	0.0	2.099779863944976	2.1100699217212813	0.0	0.0	0.0	0.0	0.0
18287	0.0	0.903079831593927	0.0	0.0	0.0	0.0	0.0	0.0	0.0	1.1063765723185972	1.5936665121722622	0.0	0.0	0.0	0.7739173473223881	0.0	0.0	1.0042680927685685	1.398746987938116	0.0	0.0	0.0	0.7032785282261315	0.0
18288	0.0	0.0	0.6989109349929898	0.0	0.0	0.0	0.0	0.0	0.0	2.3619160883626003	1.6599346287517245	0.0	0.7234707018344795	0.0	1.0712144902300447	0.0	0.0	1.0463885785336047	0.7477994650025263	0.0	0.0	0.0	0.0	0.0
18289	0.0	1.0878257394084176	0.8725760075138949	0.0	0.8368156407875433	0.0	0.0	0.0	0.0	1.0842902080155883	0.0	0.0	0.0	0.0	1.1911229551611962	0.0	0.0	1.9333326495585021	0.7804665216758067	0.0	0.0	0.0	0.0	0.49495720914932523
18290	0.0	0.9895822144641008	0.4836373655528253	0.0	0.0	1.7450935430293997	0.26719494866027904	0.0	0.0	0.8253569196610485	1.205015383648662	0.9913886593677086	0.0	0.0	0.0	0.0	0.0	1.0067321768220776	1.1651081443707578	0.0	0.0	0.0	0.0	0.0
18291	0.0	0.7032123765738281	0.9254435978622925	0.0	0.0	0.0	0.3083271648125412	0.0	0.0	1.5076903508034458	0.8395498010012563	0.0	0.0	0.0	0.0	0.0	0.0	1.705574004808161	0.9892746640017268	0.0	0.0	0.4885515958810653	0.9481721800451733	0.0
18292	0.0	1.5854979832454164	0.0	0.966373401445015	1.4758755424425343	0.0	0.0	0.0	0.0	1.646669567324686	1.146828417637588	0.0	0.0	0.0	0.0	0.0	0.0	1.1616216887363242	0.7941966376910241	0.0	0.0	0.0	1.1547864504018681	0.0
18293	0.0	1.0423796015794282	0.0	0.0	0.0	0.0	0.7735530961886686	0.0	0.0	3.209438611045986	2.1185300497483355	0.3918119076590457	0.0	0.0	0.0	0.0	0.0	2.0955743891351855	0.9342894244247769	0.0	0.0	0.0	1.0136246061780747	0.0
18294	0.9896632393516893	1.612948247252181	0.9694475674436832	0.0	0.0	0.0	0.0	0.0	0.0	1.2955217082259969	2.4293001920921036	0.0	0.06213650985225347	0.0	0.0	0.46062104216645305	0.0	2.0219425024956967	0.8141755929928287	0.8962020666915955	0.0	0.0	0.0	1.1055415967851334
18295	0.0	0.7168079389382059	0.0	0.0	0.0	0.0	0.0	0.0	0.0	0.9020382598134242	2.2121120515997172	0.0	0.0	0.0	0.0	0.0	0.0	1.3209768481448745	1.0560485037704006	1.1002963509451755	0.0	0.0	0.0	0.0
18296	0.0	1.5884572735877667	0.0	0.0	0.0	0.0	0.0	0.0	0.0	2.9969352847484587	1.2990094766128275	0.0	0.6982712854063255	1.1777634356234248	0.9423377997224645	0.0	0.0	7.8000503361758415	1.0678132468602328	0.6449773404653799	0.0	0.0	0.0	0.0
18297	0.0	1.1843396429114317	0.0	0.0	0.0	0.0	0.0	0.0	0.0	5.385010886433787	1.2436101308321796	0.0	0.0	0.0	0.0	0.0	0.0	2.3726728093531024	4.202101770859535	0.0	0.0	0.0	0.0	0.0
18298	0.0	3.0363597904156476	0.0	0.0	0.0	0.0	0.0	0.0	0.0	2.4243555844801317	0.362980061485934	0.0	0.0	0.0	0.9647814656815596	0.0	0.0	2.4465485893396846	0.9900417899945853	0.0	0.0	0.9707711459366015	0.0	0.0
18299	0.0	2.251603832885732	0.0	0.0	0.0	0.0	2.1079917260615577	0.0	0.0	5.556375193077343	1.9409344913080737	0.0	0.0	0.0	0.0	0.0	0.0	1.1069601474884965	2.2383578201318572	0.0	0.0	0.9663398750679845	2.1408154314336323	0.0
18300	0.0	1.1367172912709422	0.0	0.0	0.0	0.0	0.0	0.0	0.0	2.1672996859385667	1.1598372076280958	0.8526646685755409	0.0	0.0	1.0143456043741803	0.0	0.0	3.15021065059397	1.161623432368794	0.0	0.0	0.0	2.159703912033851	0.0
18301	1.2056174125003396	1.985053030755947	1.0961210609664898	0.5548417273509836	1.0219503871429092	0.0	0.0	0.0	0.0	2.1644003594220926	1.8812044170170314	0.0	0.0	0.0	0.0	0.0	0.0	2.2462667441143953	1.6223034766138469	0.8415059958298431	0.0	0.7091951971873826	0.9230058278327591	0.0
18302	1.0285698784710542	0.8817915485158687	0.0	1.0732828053694103	1.537233352612897	1.98648173761491	0.0	0.0	0.0	1.8223627293049436	0.8691405212891019	0.0	0.9039587600711092	2.617350473645728	0.7423074889580902	0.820189072514988	3.011404767458102	3.5557278129098115	1.0552063033292531	1.5219017074884422	0.0	1.118366202858775	0.701769053479682	0.7609508537442211
18303	0.0	1.3788080021036593	0.0	0.0	0.0	0.0	0.0	0.0	0.0	1.944839324982915	0.0	0.0	0.0	0.0	1.5356910846384493	0.0	0.0	0.7882155844949422	0.9603718288177642	0.0	0.0	0.4000000000000001	0.0	0.0
18304	0.0	0.9095962159448808	0.0	0.0	0.0	0.0	0.0	0.0	0.0	2.2661317410330395	0.8726754884046911	0.0	0.0	0.0	0.0	0.0	0.0	3.9845256483625935	0.9900635966775907	0.0	0.0	0.0	0.9385533314367224	0.0
18305	0.0	1.1710725601015943	0.0	0.0	0.0	0.0	0.0	0.0	0.0	3.3061141773322014	2.4139684586218806	1.0487147359110829	0.0	0.0	0.9451264641115761	0.0	0.0	2.237828856184806	2.212604807196506	0.0	0.0	0.0	0.0	0.0
18306	0.0	0.9921809605304175	0.33713750028958356	0.0	0.0	0.0	0.0	0.0	0.0	2.2046246689028517	1.8923913582670344	0.0	0.0	0.0	0.9427276441958256	0.0	0.0	4.305602067215869	2.235614931437326	0.0	0.0	0.0	0.0	0.0
18307	0.0	0.93699515854686	0.0	0.0	0.0	0.0	0.0	0.0	0.0	0.9433789634781014	0.0	0.0	0.0	0.0	0.9770271754591042	0.0	0.0	2.2795332471422385	1.053270715030099	0.0	0.0	0.0	0.8339019828168432	0.0
18308	0.0	1.69120420719215	0.93446506170356	0.0	0.0	0.0	0.0	0.0	0.0	0.8661714574837289	2.387038957779666	0.0	0.0	0.0	0.0	0.5480005260576594	0.0	4.939025385381847	0.39617649680562567	0.0	0.0	0.0	0.0	0.0
18309	0.0	1.1077500745183635	0.0	0.0	0.0	0.0	0.0	0.0	0.0	3.3752786742772054	3.0057942854930975	0.0	0.0	0.0	1.2179126592007963	0.5380898689652138	0.0	4.855424066570847	2.3025483547598444	0.4709740186579121	0.0	0.0	1.1042141203420042	0.2906456893188553
18310	1.3419333308053185	1.7127731539036857	1.78144116801681	0.0	0.0	0.0	0.0	0.0	0.0	1.2295454564831358	2.3678013793703667	1.0855315421550955	0.0	0.0	1.3997947586855612	0.0	0.8803372933143295	2.1573398078007116	1.1962499307706211	0.0	0.0	0.0	1.0834190464649396	0.0
18311	13.233991066359204	1.0922317266312562	1.1579222039776242	0.0	0.7775631766553546	0.0	0.0	0.0	8.80137793851039	2.402178198229974	1.209306021668238	0.0	0.0	0.0	0.0	0.0	12.349591365483679	2.7243953332754023	3.2452629779056514	0.0	0.8483249840404592	0.8546380981766681	0.9591550734418304	0.0
18312	0.0	0.0	1.20607523561763	0.0	0.0	0.0	0.18933480564423072	0.0	0.0	1.225002576785581	4.237826041601437	0.0	0.0	0.21721124583139798	1.198692274639614	0.0	0.0	2.183122391463531	3.332629226223478	0.0	0.0	0.0	0.0	0.0
18313	0.0	1.331574275588154	0.0	0.0	0.0	0.0	0.3671494692762258	0.0	0.0	4.529700657448637	1.0082933876385163	0.0	0.0	0.9619478692926092	0.7139655511310282	0.0	0.0	2.0121558569709292	1.3155714903812545	0.3124151261808055	0.0	0.49824134394420777	0.9248658740190945	0.0
18314	0.0	0.9165151389911681	0.0	0.0	0.0	0.0	0.0	0.38243758105259545	0.0	2.8019510533225627	2.25602335908228	0.0	0.0	0.7066697150492587	1.5721210595403714	0.0	0.0	1.3569141417165058	2.150418318442387	0.0	0.0	0.0	0.0	0.0
18315	0.0	1.035139757858324	1.0772750306114933	0.0	0.0	0.0	0.0	0.0	0.0	1.913041237001574	2.1926299896565506	0.0	0.0	0.0	1.7112337828037716	0.0	0.0	2.056118949218067	2.1510554786559553	0.8052433145249823	0.0	1.956435926152487	0.8338450902408147	0.0
18316	0.0	0.9805515550358133	0.0	0.0	0.0	0.0	0.0	0.0	0.0	2.1748935260891713	0.9154109000363275	0.0	0.28667207651906146	0.0	0.7753192520163171	0.0	0.0	1.3311365691315105	1.2887279386203818	0.0	0.0	0.0	0.49912336656686107	0.0
18317	4.318707706519881	1.246493928347505	2.026127969198168	0.0	2.0146707230957692	0.9610041712491993	2.3821176412503067	0.0	2.118962010041709	5.936900630682492	4.405074160848271	2.018435348424865	1.9209494601014607	1.1623245655580738	0.0	1.18061311937584	4.023062141088994	2.2061440259772818	1.7136296676194038	1.441853079863513	0.7266822535114523	4.783639610316782	0.848602493912591	0.8963590385598855
18318	11.718795814214904	2.2174153581682967	1.3860461553683998	0.0	1.8207456670841464	0.0	0.0	0.0	2.9418549845678923	2.690385368918669	2.112714698196742	0.9695833266741722	1.9661866575265794	2.301629857296781	0.779592711823576	0.0	5.836674900375314	3.5209870394814	1.9305439521718732	0.0	2.4766671589667553	1.9564781400212745	0.4620215711975048	1.0337711484998342
18319	0.0	0.0	0.0	0.0	0.0	0.0	0.0	0.0	0.0	0.7334769896502275	0.0	0.0	0.0	0.0	0.0	0.0	0.0	2.1330243871741184	0.0	0.0	0.0	0.0	0.0	0.0
18320	0.0	0.0	1.6688310608004715	0.0	0.0	0.0	0.0	0.0	0.0	5.818003641939038	3.031521396230199	0.0	0.0	0.0	2.182752263988634	0.0	0.0	3.095718159247352	0.7609061420267186	0.0	0.0	0.0	0.0	0.0
18321	0.0	1.2045214720270738	0.9652599810756924	0.0	0.0	0.0	1.0717678242994664	0.0	0.0	3.0442977784307015	2.480517982995285	0.0	0.0	0.0	0.9388051949751853	0.0	0.0	2.3422811513000603	1.0472745708863453	0.0	0.0	0.0	0.0	0.0
18322	0.0	0.0	0.8852998722320894	0.0	0.0	0.0	0.0	0.0	0.0	0.9867670091528388	1.2622726777639144	0.0	0.0	0.0	0.0	0.0	0.0	2.115943310000444	1.0397443269087627	0.0	0.0	0.0	1.1448911722834203	0.0
18323	0.0	1.0766902748203875	0.0	0.0	0.0	0.0	0.0	0.0	0.0	2.063233261369736	0.7544424994579889	0.0	0.0	0.8683596697768253	0.0	0.0	0.0	0.8116394108127221	1.0528703264807278	0.0	0.0	0.0	0.8825928787962756	0.0
18324	0.0	0.0	0.0	0.0	0.0	0.0	0.0	0.0	0.0	1.18331343291095	0.0	0.0	0.0	0.0	0.0	0.0	0.0	1.687534763191451	0.0	0.0	0.0	0.0	0.0	0.0
18325	0.0	1.2187257971560308	1.581542593201869	0.0	0.0	0.0	0.0	0.0	0.0	2.16348692778822	1.1314990710252024	0.0	0.0	0.0	1.5770983325423462	0.0	0.0	2.996934025530813	3.6402295621008434	0.0	0.0	0.0	1.1653290783051269	0.0
18326	0.0	1.2020004548559815	0.8133412225987574	0.0	0.0	0.0	0.0	0.0	0.0	2.943038464123216	1.0189909796224428	0.0	0.22785299713451437	0.0	1.3943012561537265	0.0	0.0	4.287744381652179	1.768898608334282	0.0	0.0	0.0	0.0	0.5060253728022044
18327	0.0	1.2143785244539942	0.0	0.0	0.9314809179360488	0.0	0.0	0.0	0.0	2.2480044756009785	2.082347039339903	0.0	0.0	0.0	0.0	0.0	0.0	3.266543461078597	3.9059476153499935	0.0	0.0	0.0	0.0	0.590294196783424
18328	0.0	0.9453174281920959	1.2075384364911075	0.0	0.0	0.0	0.0	0.0	0.0	1.1680984466251274	0.921256043242213	0.0	0.0	0.0	0.0	0.0	0.0	2.2639611775803417	1.8970832720902695	0.0	0.0	0.0	0.0	0.0
18329	0.0	1.7080941483184056	0.0	0.0	0.0	0.0	0.0	0.0	0.0	2.223094169756243	1.836339233816984	0.0	0.0	0.0	0.0	0.0	0.0	2.1448863072019764	2.103815802908029	0.7363604263928678	0.0	0.0	0.8122823805645419	0.0
18330	0.0	0.9934800021216027	0.0	0.0	0.0	0.0	0.0	0.0	0.0	2.7886460208732524	0.895737292945242	0.0	0.0	0.0	1.5050500355766498	0.0	0.0	3.1789077824454663	0.7881513725769098	0.0	0.0	0.0	0.0	0.0
18331	1.6581467979527946	0.0	0.0	0.0	0.0	0.0	0.0	0.0	0.49858163954277984	1.684512504989451	2.5310249720121316	0.0	0.0	0.0	0.0	0.0	0.8612393095654939	1.2046370499092687	0.44049945900557724	0.0	0.0	0.0	0.0	0.0
18332	0.0	1.6290574465198795	0.0	0.0	0.0	0.0	0.0	0.0	0.0	1.195825056240544	0.0	0.0	0.0	0.0	1.8189337847967069	0.0	0.0	1.318076637266179	2.4073125799506845	0.0	0.0	0.0	0.0	0.0
18333	0.0	1.1803598076812503	0.0	0.0	0.572042958071585	0.0	0.0	0.0	0.0	3.0445562956309895	1.967000679534992	0.0	0.0	0.0	1.0548929299881875	0.0	0.0	5.55326081050338	2.0690217823473227	0.0	0.0	0.0	1.8568581281904766	0.0
18334	0.0	1.0647195429612	1.1003812367785142	0.0	0.0	0.0	1.199162381826174	0.0	0.0	6.092875848815734	1.292391442272173	1.7509213121600262	0.0	1.0951535048269956	0.8231840072934415	0.0	0.0	1.8999515532330196	2.200274198365767	0.0	0.0	0.0	0.0	0.0
18335	0.0	1.9293341619353797	0.0	0.7552916563926824	0.0	0.0	0.9088892297416874	0.0	0.0	2.142796808254374	1.0734296406240298	0.9939519923176059	0.0	0.0	0.8892695316706904	0.0	0.0	2.3714280553265588	2.4342602502094857	0.0	0.0	0.0	0.8552253860497359	0.0
18336	0.0	2.062598141538464	0.0	0.0	0.0	0.0	0.0	0.0	0.0	1.9780651158523759	2.5319858756868867	0.0	1.4497409324384047	0.0	0.0	0.0	0.0	3.0074204701661036	2.194506715889288	0.0	0.0	2.1859094429033936	0.0	0.0
18337	0.4490325554191125	0.9118257376733836	0.0	0.0	0.0	0.0	0.34624444585044667	0.0	0.0	3.921285950896382	1.3214830136524272	0.0	0.0	0.0	0.0	0.0	0.0	0.996559118250811	2.1474721448017493	0.0	0.0	0.0	0.0	0.0
18338	0.0	1.934239758233337	0.0	0.0	0.0	0.0	0.0	0.0	0.0	3.286034667196803	3.287450944950941	0.0	0.0	0.0	0.0	0.0	0.0	2.3584596498438537	1.1901712191427896	0.0	0.0	0.0	0.0	0.482437272834332
18339	0.0	1.3493582130456467	0.0	0.0	0.0	0.0	0.0	0.0	0.0	3.448200476095708	2.31407229365845	0.0	0.0	0.0	0.976784262295945	0.0	0.08736782070461961	3.267616036786859	3.1709222742269696	0.0	0.0	0.0	0.0	0.0
18340	0.0	0.0	0.0	0.0	0.0	0.0	0.0	0.0	0.0	1.941064323214187	0.6813965467377242	0.8200254597739182	0.0	0.0	0.9912396631368829	0.0	0.0	3.8202461032694615	0.4967114041220593	0.0	0.0	0.0	0.0	0.0
18341	0.0	0.7495198794682815	0.7269201267662113	1.0975246918452193	1.964772840247133	0.0	0.0	0.0	0.0	1.7168270737538773	4.096647354089099	0.7777959496191238	1.0556210391278424	0.0	0.0	1.3650917721186118	0.0	1.9668205979353608	1.7574530209756365	0.0	0.8231128321108273	0.0	0.0	0.0
18342	0.0	1.2470332644765376	1.3573971410210626	0.15596673042420836	0.0	0.0	0.0	0.0	0.0	2.2796901277702064	1.3722908311733182	0.0	1.206935466247878	0.0	0.0	0.0	0.0	2.2257981144061	1.1848152831774998	1.1202167034934225	0.0	0.0	0.0	0.0
18343	0.0	1.5325522508400657	0.0	0.0	0.0	0.0	0.0	0.0	0.0	2.1483512744830926	2.2733653886871767	0.0	0.0	0.0	0.0	0.0	0.0	3.5986682560712744	1.1208803652125674	0.0	0.0	0.0	0.0	0.0
18344	0.0	0.0	0.29294018384900417	0.0	0.7904829074692851	0.0	0.0	0.0	0.7690873105623558	2.631892347856098	1.9361058901857493	1.7686736745296876	0.0	0.0	0.0	0.0	0.0	2.0108173352776584	1.26117780002482	0.0	0.0	0.0	2.3680745602995237	0.0
18345	0.0	0.0	0.0	0.0	0.0	0.0	0.0	0.0	0.0	3.007764651605239	0.0	0.0	0.0	0.0	0.8093681767607595	0.0	0.0	0.8282916270253805	1.1231596517440363	0.0	0.0	0.0	0.0	0.0
18346	0.0	0.0	0.0	0.0	1.2160752955713938	0.0	0.0	0.5360456176923575	0.0	3.110482820187761	1.824099083520849	0.0	0.0	0.31108237939498407	0.0	0.0	0.0	1.282812961964374	2.232484513453561	0.0	0.0	0.0	0.0	0.0
18347	0.0	0.8657369201493323	0.0	0.0	0.7960771064007979	0.0	0.0	0.0	0.0	2.1738376001062845	1.2801439295698633	0.0	0.0	0.0	1.9767648953032213	0.13915064497388022	0.0	2.273947565539043	1.9915683404795101	0.0	0.0	0.0	0.0	0.0
18348	0.0	1.2893423498073329	0.0	0.0	0.0	0.0	0.0	0.0	0.0	1.1922483544674602	1.0625770824978034	0.0	0.0	0.0	0.0	0.0	0.0	4.075340425673803	1.4336633495697368	0.0	0.0	0.0	0.0	0.0
18349	0.0	0.0	0.0	0.0	0.0	0.0	0.0	0.0	0.0	4.53438743646381	1.3341976343288227	0.3199298986401319	0.0	0.0	0.6698414445661709	0.0	0.0	2.147200983868074	0.9062335236115624	0.0	0.0	0.0	0.9245345488859449	0.0
18350	0.0	1.5770003142450308	0.8744198080511495	0.0	0.0	0.44359540508092843	0.9676905900913677	0.0	0.0	3.2128071424581566	1.7833403129089185	1.38985131507609	0.0	0.0	1.576080277450328	0.0	0.0	2.9589031502574077	2.861080535928575	1.0724607104194348	0.0	0.0	1.0267256656852695	0.0
18351	0.0	1.4432320463581585	0.8131246848881335	0.0	0.0	0.0	0.0	0.0	0.0	1.0289944870166718	0.5511395989701982	0.0	0.0	0.0	0.0	0.0	0.0	3.664999621039847	0.8892603668217762	0.4836373655528254	0.0	0.09925341961820898	0.0	0.0
18352	0.0	1.0254764532080811	0.0	0.0	0.0	0.0	0.0	0.0	0.0	2.398992847784763	1.7904674886105387	0.0	0.0	0.0	0.0	0.0	0.0	2.200898748450938	1.3290265522152425	0.0	0.0	0.8496608407252343	1.0441567531936533	0.0
18353	0.0	1.0185183037861383	0.6725380157090264	0.0	0.0	0.0	0.0	0.0	0.0	2.1994687649400895	2.1588024334544555	0.0	1.9809560447448278	0.0	2.2489604552440894	0.0	0.0	1.1610257701785631	3.122809751214971	0.0	0.0	0.8498229719860005	1.8177368470516693	0.5548254033157386
18354	0.0	0.8052891693413637	0.0	0.8660254037844386	0.4946170301867581	0.0	0.32845542772500436	0.0	0.0	2.0129062720844755	0.7268094469162036	0.0	0.0	0.0	0.0	1.2498661429966902	0.0	1.0339099865950285	1.1827613064415055	0.0	0.0	0.4449003826320139	1.2874217057848905	0.0
18355	0.0	0.0	0.0	0.0	0.0	0.0	0.0	0.0	0.0	2.733787813195934	1.0079052613579393	0.0	0.0	0.0	0.5846429706733471	0.0	0.0	1.105665668565647	1.9146080718894638	1.1364316637557876	0.0	0.6300496503468149	0.8251797319092519	0.0
18356	0.0	0.0	0.0	0.0	0.0	0.0	0.0	0.0	0.0	3.545637030226498	1.1057569410582113	0.0	0.0	0.0	0.0	0.0	0.0	1.1507761356083617	1.0348941574672084	0.0	0.0	0.0	0.0	0.0
18357	0.0	1.151611376069505	1.1357306112775798	0.0	0.0	0.0	0.0	0.5809300463626418	0.0	2.318667297464649	0.9707339966348005	0.0	0.0	0.0	0.0	0.0	0.0	3.727348816787813	3.5438891173459734	0.0	0.0	0.0	0.0	0.0
18358	0.0	1.0213005145018184	0.8190187296463113	0.0	0.39299588499491384	0.0	1.4661731935459708	0.0	0.0	2.1734893664590547	1.035713441045153	0.0	0.0	0.0	0.0	0.0	0.0	1.810778989779125	4.0272427788522975	0.0	0.0	0.751468373657344	0.0	0.0
18359	0.0	1.0934299514507198	0.0	0.0	0.0	0.0	0.0	0.0	0.0	4.227955055474212	1.678039774098328	0.0	0.0	0.0	1.0838846364661536	0.0	0.0	2.2910587011719468	1.9971534084800153	0.0	0.0	0.0	0.0	0.0
18360	0.0	1.9254229201626336	0.0	0.0	0.0	0.0	1.3522628072591294	0.0	0.0	3.3856372120127167	2.4365353790095754	0.0	0.0	0.0	1.0603167362673576	0.0	0.0	2.118401923208381	2.245226244341191	0.7466148454168993	0.0	0.0	0.0	0.0
18361	0.0	0.9913277398246807	1.9789465757004914	0.0	0.0	0.6824916958466077	0.8763600418453844	0.0	0.0	1.939992938473329	1.1832883250901964	0.0	0.0	0.0	1.6072627147415406	0.0	0.0	1.4245784150953642	1.0284842437497375	0.0	0.0	0.0	0.0	0.0
18362	0.0	1.7679053194167234	0.0	0.0	0.0	0.6517572297120574	1.3012189086105395	0.0	0.0	2.106937577410695	2.190771041950231	0.0	0.0	0.0	1.3654866419516551	0.0	0.0	1.1058382096420822	1.0148015679048894	0.0	0.0	0.8795962806655307	0.8839705899807037	0.7964206197474263
18363	0.0	0.6910958053908276	0.0	0.9592782916441692	0.0	0.0	0.8125548883828468	0.0	0.0	2.935375554344907	1.6292610423649725	0.7203778964580452	0.676692483852213	0.0	0.9509801562547825	0.0	0.0	2.4103325947793226	0.906127748373607	0.0	0.0	1.0701791056249212	0.0	0.0
18364	0.0	1.739493187814195	0.0	0.0	0.0	0.0	0.7677758287341128	0.0	0.0	3.121658630306438	0.8801050442355667	0.0	0.9154825037696286	0.0	0.0	0.0	0.0	2.095282289260651	3.038577135057785	0.0	0.0	0.0	0.0	0.0
18365	0.0	0.0	0.0	0.0	0.0	0.0	0.0	0.0	0.0	5.647446145017219	0.0	0.0	0.4354868948401703	0.9881820762776714	0.9556287818016239	0.0	0.0	3.3727545155941807	0.6982770868147934	0.0	0.0	0.0	0.0	0.0
18366	0.0	1.1132848306641256	0.0	0.0	0.0	0.0	0.49157546024354676	0.0	0.0	2.179005130770922	0.6935275482407355	0.0	0.0	0.0	0.0	0.0	0.0	0.9442795010795765	0.3300217043703829	0.0	0.0	0.0	0.0	0.0
18367	0.0	1.4292229131025063	0.9757724289635401	0.0	0.0	0.0	0.0	0.0	0.0	2.6222436524574118	1.0102986618098635	0.0	0.0	0.0	1.0693754752397773	0.0	0.0	4.839113878724965	1.7677231136560976	0.0	0.0	0.0	1.0313954096216214	0.9795794951190272
18368	0.0	1.992743287327663	1.5440663997483903	0.0	0.0	0.0	0.0	0.0	0.0	3.0274497345197546	0.9279521031935017	0.0	0.0	0.0	0.0	0.0	0.0	2.1413270824966153	2.0436471476044598	0.4781906516832052	0.0	0.0	0.0	0.0
18369	0.0	1.4765047392768151	0.0	0.0	0.0	0.0	0.0	0.0	0.0	1.753517199892281	0.8292066530542238	0.0	0.75261702425009	0.0	0.9124383961634239	0.0	0.0	3.152622410370031	2.3454403894924094	0.0	1.6855758578703408	0.0	0.9430504929194986	0.0
18370	0.0	0.7318353574389564	0.8635985578588019	0.0	0.0	0.0	0.0	0.0	0.0	5.456630353507082	1.3142721884980804	0.0	0.0	0.0	0.0	0.0	0.0	1.8735686929062514	1.9854845152583234	1.1874342087037917	0.0	0.0	1.0911403838361726	0.0
18371	0.0	1.8479062794764596	1.4767347232012706	0.0	0.0	0.0	0.0	0.3121091305537215	0.0	6.4009622978971175	0.696201775833312	0.0	0.0	0.0	0.0	0.4999389611180049	0.0	1.7635458286154226	1.1824120371783056	1.0578142950912062	0.0	0.0	0.5698422074594325	0.0
18372	2.169790638569849	1.1683802216141612	1.7353961285515447	0.0	0.0	0.0	0.0	0.0	0.0	4.014687302311967	2.05045871559633	0.0	0.0	0.0	0.9497461289164512	0.0	5.570659766724118	2.207089444246357	3.7498127582268084	0.0	0.0	0.0	1.8506069479269784	0.8278559602492954
18373	0.0	0.0	0.49617497442243413	0.9923499488448683	0.0	0.0	0.0	0.0	0.0	0.8797517560889155	1.2076857211615089	0.8230967062115203	0.8200356496501537	0.0	2.4323494262006324	0.0	0.0	1.334879140145969	0.9043789220055393	0.4447872477691807	0.0	0.0	0.0	0.0
18374	0.0	0.0	0.0	0.0	0.0	0.0	0.0	0.0	0.0	2.153181477765048	0.6947721449031569	0.0	0.0	0.0	0.7301065371269838	0.0	0.0	2.1261449843598315	1.0402991022884822	0.0	0.0	0.0	0.0	0.0
18375	0.0	1.1060604808831047	1.0521093130053845	0.0	0.0	0.0	0.0	0.0	0.0	2.1940369043447667	2.5236596491387973	0.0	0.0	0.17617941229253653	1.328883242991339	0.0	0.0	4.086674940580716	1.713821568892901	0.0	0.0	0.0	0.0	0.0
18376	0.0	0.7597768803035664	0.4514562122770826	0.0	0.0	0.1725084249061153	0.0	0.0	0.0	3.6878567228818424	1.2134705486930446	0.4868223482635652	0.7079088674430443	0.0	0.0	0.0	0.0	1.274317178760342	0.9327726946828561	0.0	0.0	0.0	0.0	0.0
18377	0.0	0.5226027695657339	1.2787489234864202	0.0	0.7651009503887146	0.0	0.0	0.0	0.0	2.7602267123021265	1.2113479289725735	0.0	0.0	0.0	0.0	0.0	0.0	2.3504723310159648	2.767727768168555	0.0	0.0	0.0	0.9502906748885025	0.0
18378	0.0	2.192719105723714	0.9334010766307046	0.0	0.0	0.0	0.0	0.0	0.0	1.916321741027543	0.984599225374195	0.0	0.0	0.0	0.0	0.0	0.0	2.1022360443121944	2.399158316003204	0.936577729568666	0.0	0.0	1.9599247593871831	0.0
18379	0.0	1.7368157431402544	0.0	0.0	0.905287181299076	0.0	1.3540011024026612	0.0	0.0	1.2130829517942638	1.1375498858878141	0.0	0.0	0.0	1.1793584851325973	0.0	0.0	1.0165887087145966	1.934499061909973	0.0	0.0	0.0	0.0	0.0
18380	0.0	3.0880777974723177	0.0	0.0	0.0	0.0	0.0	0.0	0.0	1.8097941715678485	1.1846463876889666	0.0	0.0	0.0	1.8016306495840335	0.0	0.0	2.4087558787076633	1.176320933550191	0.0	0.0	0.0	0.0	0.0
18381	0.0	1.958707577272291	0.9543358818003457	0.0	0.0	0.0	0.0	0.0	0.0	3.1590337009145046	1.0541227568474913	0.0	0.0	0.0	0.0	0.0	0.0	2.7111256965001265	1.9135532519207499	0.0	0.0	0.0	0.7845479442803106	0.0
18382	0.0	1.1901895001905123	1.0619358441305604	0.0	1.3510224242903477	0.7475390309838406	0.0	0.0	0.0	1.7267063990464608	2.755165216144154	0.7133742098823307	0.0	6.037005501859202	1.8919537410468235	1.7369252918023879	0.0	3.0722575823804767	2.3574732242405276	0.0	1.981317746822664	2.015783124448115	0.8478330387983265	0.8243313648637673
18383	0.0	0.0	1.0	0.0	0.0	0.0	0.0	0.0	0.0	4.843649719841506	2.3829233897751503	0.0	0.0	0.0	0.0	0.0	0.0	2.183582359750757	2.8871019863147063	0.434031543920082	0.0	0.0	0.0	0.0
18384	0.0	0.9007405967687063	0.0	0.0	0.0	0.0	0.0	0.0	0.0	1.638508695064403	1.1344765475923408	0.0	0.0	0.9849500013228737	0.0	0.0	0.0	2.09526066305263	0.5710470169970399	0.0	0.8478165290562665	0.0	0.8525002005764746	0.0
18385	0.0	1.040690177820642	0.0	0.3803913786909649	0.0	0.0	0.8615467290013595	0.0	0.0	3.4938747920669564	2.2190553933980164	0.0	0.0	0.0	0.0	0.0	0.0	3.011220454299477	2.243292969417246	0.6361150369612675	0.0	0.0	0.7127380353395438	0.0
18386	0.0	1.6316778228084678	2.3553090429914683	0.0	0.0	0.0	0.0	0.0	0.0	1.6608272358791616	3.2745228660065884	0.0	0.0	0.0	0.0	0.0	0.0	3.044037982424327	1.8905129112023569	0.0	0.0	0.9926801576070587	0.0	0.0
18387	0.0	2.09011753463621	1.1463368158976535	0.0	0.0	0.0	0.0	0.0	0.0	3.3021204128538315	1.817630870226523	0.0	0.0	0.5453606136786963	1.8165102036785699	0.0	0.0	2.166167721232605	0.8837984195067512	0.0	0.0	0.0	0.0	0.0
18388	0.0	1.3257758606389924	0.0	0.6360027836913744	1.2006294475394768	0.0	0.0	0.0	0.0	3.5660070090090517	1.2944902912368523	0.0	0.0	2.156848002059164	1.5614067443572652	0.0	0.0	2.2657159389652906	0.9791843775758128	0.0	0.0	0.0	1.7247604152316358	0.0
18389	0.0	0.9382872523923659	0.0	0.0	0.9727763241207956	0.0	0.0	0.0	0.0	2.284023656041823	0.9429471382615018	0.0	0.0	0.0	0.0	0.0	0.0	3.2236121796842774	2.4857244217190813	0.2751851800986582	0.0	0.0	1.3762334992634189	0.4953194886309101
18390	0.0	1.2522886979591974	0.0	0.0	0.8750209156196302	0.0	0.0	0.0	0.0	3.800448438292997	1.3460428997933416	0.0	0.0	1.2536949475772443	0.0	0.0	0.0	2.3446419837037022	1.2940231837181277	0.0	0.933299487032625	0.0	1.5620626869121306	0.0
18391	0.0	1.0016933027112471	0.7476744558734715	0.0	0.0	1.1962959329832552	0.0	0.0	0.0	2.1324449120765143	2.183139178783697	0.0	0.0	0.0	0.0	0.0	0.0	3.181903229201039	1.7380839297194466	0.0	0.5636407846886472	1.1418542630715218	0.0	0.0
18392	0.0	0.8744059037335663	0.0	0.0	0.0	1.3771898784435044	0.0	0.0	0.0	2.223346592014998	3.154032997227672	0.0	0.0	1.6204107485918646	0.0	0.0	0.0	2.0434482048123885	1.4359153449310849	1.8817419514356988	0.5657724735648105	0.0	0.6630918828083623	0.0
18393	0.0	0.835134794815757	0.0	0.0	0.0	0.0	0.0	0.0	0.0	2.848281713569003	1.2685406585123122	0.0	0.0	0.0	0.0	0.0	0.0	0.5193322976474819	0.0	0.0	0.0	0.0	0.0	0.0
18394	0.0	2.194245379261343	0.0	0.0	0.0	0.0	0.0	0.0	0.0	1.257684614899704	0.8947919549369528	0.0	0.0	0.0	0.9701703390049771	0.0	0.0	1.9835524759438528	1.1399377498525252	0.0	0.3484482487002089	0.0	0.0	0.0
18395	0.0	0.956612709218527	0.0	0.0	0.0	0.0	0.0	0.0	0.0	1.034546438018462	0.9229186315687582	0.0	0.0	0.0	0.0	0.0	0.0	1.8350113858126733	0.7700497471905083	0.0	0.0	0.0	0.7256266773225163	0.0
18396	0.0	1.2651533780242625	2.123323668534909	0.0	0.0	0.0	0.0	0.0	0.0	4.467272705501098	2.3183053244976435	0.7891959981122458	0.0	0.0	1.8405639753544882	0.0	0.0	1.127010113070948	2.1248383505116557	0.0	0.0	0.0	1.1455970552505246	0.2210460148465077
18397	0.0	1.0787297023817544	0.0	0.0	0.5476591600215918	1.1470382073104552	0.0	0.0	0.9959465452573497	1.944057200147465	1.2164444391958196	0.0	0.49560651967604213	2.3993593327711946	0.0	2.468159844201531	1.6944769708041294	2.097254654615832	1.095608658524322	0.0	1.253867787817873	0.8368731792766618	1.4754412010559073	0.0
18398	0.0	0.9749478129209582	0.0	0.9743853173623305	1.0095064286705189	0.9361235663557517	0.0	0.0	0.0	3.0064737139596525	1.2648643706040252	0.9656802109637126	1.7653604118735653	2.1812906215429484	0.0	1.3124225929481568	0.0	5.511550869079967	1.0371414072697003	0.0	0.0	1.238726884431386	0.0	0.0
18399	4.406952330404504	0.9127652667026531	0.9450506122542973	0.0	0.9665614590080991	0.0	0.0	0.0	0.0	1.1247713759792828	2.37180657937023	0.0	1.8276303841339676	0.5891171386769646	0.0	3.509909328802986	2.193633988428327	4.202917488574173	1.0671676172290403	0.0	0.6194097991058868	1.6359947416305645	0.0	0.0
18400	0.0	0.8285121574616321	0.0	0.0	0.0	0.0	0.0	0.0	0.0	2.2257744048247963	2.010200764142772	0.0	0.0	0.0	0.9591419364918441	0.0	0.0	2.6045914569023045	3.067578105025505	1.1011491392893544	0.0	0.0	0.0	0.0
18401	0.0	1.0355165978618854	0.0	0.0	0.0	0.39530008448582005	0.0	0.0	0.0	4.489267761277238	1.7230057845563136	0.0	0.0	0.0	0.0	0.0	0.0	2.4905250677768755	2.6442817344040557	0.911789170829479	0.0	0.0	0.0	0.0
18402	0.0	1.7765545810365617	0.0	0.0	0.0	0.0	0.9824616763273335	0.0	0.0	2.2272024389776823	1.1108657537193602	0.0	0.0	0.0	1.531135810760618	0.0	0.0	6.423802222399184	2.251239576555234	0.8667213142528402	0.0	0.0	0.0	0.0
18403	0.0	1.8072382949769457	1.788483703295794	0.0	0.9871784749723437	0.0	0.0	0.0	0.0	6.090148462127292	1.8174862296743424	0.0	0.0	0.0	2.0283777037600554	1.7719229524002127	0.0	3.21020017990762	2.9010034432614273	0.0	0.0	1.0872618895586927	0.0	0.7766462925931207
18404	0.0	0.0	0.0	0.0	0.0	0.0	0.0	0.0	0.0	2.087332650196847	2.119150075208521	0.0	0.0	0.0	1.2251068763056576	0.0	0.0	3.0896721071487456	0.8314422788305219	0.0	0.0	0.8347223038915712	0.0	0.0
18405	0.0	1.6785613957716887	0.0	0.0	0.0	0.0	1.1672909932703004	0.0	0.0	4.191575758000842	1.0483005095371152	0.0	0.0	0.49725611787040985	0.0	0.0	0.0	1.8876806118723108	0.8222135951710751	0.0	0.0	0.0	0.9844410259560403	0.0
18406	0.0	0.0	0.0	0.0	0.0	0.0	0.4689574655941508	0.0	0.0	1.3626797129186297	0.5827342655058212	0.0	0.0	0.0	0.0	0.0	0.0	1.0469540366064793	0.6594600678643023	0.0	0.0	0.0	0.0	0.0
18407	0.0	1.8071219751027614	0.9635037999316033	0.0	0.0	0.0	0.0	0.0	0.0	3.1211226173276425	2.008566836080608	0.0	0.0	0.0	1.184753768956046	0.0	0.0	3.2037568986730336	2.072863775774571	0.0	0.0	2.3841762946000107	1.0200101248136668	0.0
18408	0.0	1.8748407141773846	0.0	0.0	0.0	0.0	0.0	0.0	0.0	2.198678837805507	1.0586970265187798	0.0	0.0	0.0	0.0	0.0	0.0	2.2148948346036996	1.1977382883720675	0.0	0.0	0.0	1.261413148374034	0.0
18409	0.0	0.8105071762449886	1.1088942156846826	0.0	0.0	0.0	1.9644361147993403	0.0	0.0	2.1905569833839817	2.470321616488203	0.0	1.3854797351977282	0.0	1.2138876018341838	0.0	0.0	2.106068392025223	1.1774931426161597	0.3167758816532981	0.0	0.0	0.0	0.0
18410	0.0	0.8979117075881196	0.0	0.0	0.0	0.0	0.6866230267844506	0.0	0.0	3.1427712149889806	0.9969262084477615	0.0	0.0	0.9413228943854478	0.9100882886432272	0.0	0.0	2.472253428805293	2.3367768053173696	0.0	0.0	0.562012533505746	0.0	0.0
18411	0.0	1.1278537050315325	0.0	0.0	0.0	0.0	0.0	0.0	0.0	8.874455960495634	2.254136233852079	0.0	0.0	0.0	1.2894558950152948	0.0	0.0	2.2379602063256683	1.296395906813267	0.488286114480656	0.0	0.0	0.0	0.0
18412	1.2333120453211406	1.1669537858956966	0.0	0.0	0.0	0.0	0.8850315380575077	0.0	0.0	5.254821683450158	0.9132832114346613	0.896285128815661	0.9973710454542174	0.0	1.8141750324003663	0.8438019200732246	0.0	2.2119124085639146	2.9284458337231034	0.41444207656151016	3.13069510458128	0.0	0.0	0.0
18413	0.0	0.9193539038388697	0.0	0.0	0.0	0.0	0.0	0.0	0.0	3.115358131340233	1.2737018122710373	0.0	0.0	0.0	0.7394912196418298	0.0	0.0	2.6924329893794665	1.1348703303314729	0.0	0.0	0.0	0.8835466473264687	0.0
18414	0.0	2.123905555601321	0.0	0.0	0.0	0.0	0.0	0.0	0.0	3.124119591509517	1.7182441223328557	0.0	0.0	0.0	0.0	0.0	0.0	2.0461034928478674	3.3375013564171017	0.0	0.0	0.0	0.0	0.0
18415	0.0	0.664629047539553	0.0	0.0	0.0	0.0	1.4646029251626742	0.0	0.0	3.2487452987017504	0.0	0.3957724124659724	2.4438130497691963	0.0	0.9374742794825669	0.0	0.0	1.1047424745234333	2.275508587670398	0.8224916858561362	0.0	0.6692297373533431	0.0	0.0
18416	0.0	1.4255313316774638	0.35102826782433627	0.0	0.0	0.0	0.0	0.0	0.0	5.780751869741654	1.2321032880390728	0.35686562767617813	0.0	0.9048829379058551	1.0	0.0	0.0	0.6465632816167233	1.223189937222451	0.38180615661679257	0.0	0.35855028988482524	1.5289962687474912	0.0
18417	1.928911463207228	0.7097998847912927	1.255715770466501	0.0	0.4845870578927678	0.0	0.0	0.0	2.2671317955623804	0.7826715141739874	0.6914121995290761	0.0	1.1209899701768193	0.0	0.9820912664404299	0.0	4.5256393435821805	3.0493731730606917	0.4837661692979151	0.0	0.0	1.2680124181346109	0.0	0.0
18418	0.0	0.0	0.0	0.0	0.0	0.0	0.0	0.0	0.0	1.6784376144713993	0.0	0.9891277482823667	0.0	0.0	0.0	0.0	0.0	0.7173789334114279	1.011598918625634	0.0	0.0	0.0	0.0	0.0
18419	0.0	1.102342279492167	0.0	0.0	0.0	0.0	0.0	0.0	0.0	2.5133596359615766	1.5611634089307003	0.0	0.0	0.0	0.7524025173278898	0.0	0.0	2.262424458382463	2.039306000059839	1.2865739315180864	0.0	0.0	0.0	0.0
18420	0.9983005647514372	1.7023946943498423	0.0	0.0	0.0	0.0	0.0	0.0	0.0	1.9522591692419196	2.2084857475320403	1.0785656943231523	0.0	0.0	0.0	0.0	0.0	3.0617892617913562	0.9895372586097976	0.0	0.0	0.0	0.5749595745760688	0.0
18421	0.0	1.1623532067550884	1.3783294770304584	0.0	0.0	0.0	0.0	0.0	0.0	2.1861215274772134	3.474200512945712	0.0	0.0	0.0	0.6685203467779662	0.0	0.0	2.2601946415537606	0.9969708190526763	0.0	0.0	0.0	0.17086691233268014	0.0
18422	0.0	1.4059356786347712	0.9854586181883312	0.0	0.0	0.0	0.8049028605375819	0.0	0.0	0.9048364325757399	0.8555368317055725	0.0	0.0	0.8162007309581389	0.0	0.5970583607563131	0.0	5.075950411347552	1.2921432204525838	0.0	0.0	0.0	0.0	0.0
18423	0.0	0.0	0.0	0.0	0.0	0.0	0.0	0.0	0.0	1.4641390609623426	0.9546438713242895	0.0	0.0	0.0	1.0461108291169094	0.0	0.0	1.4518101976547069	1.0747071412349434	0.0	0.0	0.0	0.0	0.0
18424	0.0	1.8745325943366153	1.2373246587573126	0.0	0.0	0.0	0.0	0.0	0.0	2.425893968699733	1.6507629697546837	0.0	0.0	0.0	1.2238816542074114	0.0	0.0	2.760135850550623	1.1226341372868431	0.0	0.0	0.0	0.0	0.0
18425	0.0	1.3122735349552517	0.0	0.0	0.0	0.0	0.0	0.0	0.0	2.379582890401903	1.8963224339674327	0.7131828581263469	0.0	0.0	0.0	0.0	0.0	1.7482758514998116	1.7209163820964752	0.0	0.0	0.0	1.1394744389850988	0.0
18426	0.0	0.7978519915708144	0.0	0.0	0.0	0.0	0.0	0.0	0.0	3.44948848352065	1.4856581185964266	0.0	0.0	0.0	0.8274782060005543	0.0	0.0	2.1267459728895224	1.1488320007670376	0.0	0.0	0.0	0.0	0.0
18427	0.0	0.0	0.0	0.0	0.0	0.0	0.0	0.0	0.0	3.368983660499948	1.8257680250986246	0.0	0.0	0.0	0.0	0.0	0.0	3.580194157918417	1.3279225572411302	0.8731353534506753	0.0	0.0	0.0	0.0
18428	0.0	0.8149488444660646	0.0	0.0	0.7316488808572282	0.0	0.0	0.0	0.0	0.8215504947876034	3.602883387537291	0.0	0.0	0.0	0.0	0.0	0.0	2.133651596630169	2.5860128068151145	2.552273434659942	0.0	0.0	0.0	0.0
18429	0.0	2.2039246699053225	0.0	0.0	0.0	0.0	0.0	0.0	0.0	2.427838544878963	1.7537926763773068	0.9849051507641492	0.0	0.0	0.0	0.0	0.0	1.1431791524844808	1.0999438818457405	0.0	0.0	0.0	0.9428090415820632	0.0
18430	0.0	1.6087603018644123	2.4250020454908734	0.8932207372549817	0.0	0.0	0.0	0.0	0.0	1.2368136225720454	0.9797958971132712	2.2892036857255036	0.0	0.0	1.5794089489001768	0.0	0.0	3.2192698760308476	0.0	0.0	0.0	0.0	0.0	0.0
18431	0.7729204612799008	1.67961205705986	0.0	0.0	0.0	0.0	0.0	0.0	0.0	5.88755969394401	1.104824997520641	0.0	0.0	1.452751522955364	1.2999131524946541	0.0	0.0	6.474613875941144	3.304261756315497	0.0	0.0	1.1645615562121703	0.0	0.0
18432	0.8100251048058027	2.330695637160893	1.4352114752502436	0.0	0.0	0.0	0.0	0.0	0.0	1.819139412842152	2.21046784042978	0.0	0.0	0.0	1.336349638027929	0.0	0.0	2.0743514055527172	0.4958201983528838	0.7291863233663396	0.0	0.5683044600683648	0.0	0.0
18433	0.0	1.0181263166136099	0.6481450799839719	0.0	0.0	0.0	0.0	0.0	0.0	0.9284615319583954	1.9942455018453737	0.0	0.0	0.0	0.0	0.0	0.0	2.364555360876394	2.394377954695239	0.9970370305242862	0.0	0.0	0.0	0.0
18434	0.0	0.0	0.0	0.0	0.0	0.0	0.0	0.0	0.0	1.229479499806313	0.0	0.0	0.0	0.0	0.0	0.0	0.0	2.190946042887391	0.0	0.0	0.0	0.0	0.0	0.0
18435	0.0	1.2355922737149225	0.5317340413586749	0.0	0.0	0.0	0.0	0.0	0.0	1.1960503640881215	1.1591573200742036	0.0	0.0	0.0	1.902146642105325	0.0	0.0	4.437296938681066	1.8497853029085556	0.0	0.0	0.0	0.9393010313368187	0.0
18436	0.0	0.8888053780215329	0.0	0.0	0.0	0.0	0.0	0.0	0.0	1.793892359070562	1.997143166961613	0.0	0.0	0.8207129712223161	1.2321531233306837	0.0	0.0	1.9738412168506299	1.7821102533281439	0.0	0.0	0.0	0.0	0.0
18437	0.0	1.0625669599743834	0.7332826923152086	0.9295456807978396	0.0	0.0	0.0	0.3601720232214426	0.0	2.937236737504656	2.1148146919595976	0.0	0.9961865941089649	0.0	0.0	0.0	0.0	2.082681534000175	1.0412513474686134	0.0	0.9379553139479887	0.0	1.239109987181861	0.0
18438	0.0	1.122949640602249	0.0	0.0	0.0	0.0	0.0	0.0	0.0	4.083622415650095	1.389532570524731	0.0	0.0	0.0	1.0918070588661948	0.0	0.0	1.0237984495525096	0.9449179963523497	1.099174104306107	0.0	0.0	0.8234589263528397	0.0
18439	0.0	0.904905678406741	0.0	0.0	0.0	0.0	0.0	0.0	0.0	2.275006678037417	2.2012753634387563	0.0	0.0	0.0	1.7004601679474456	0.0	0.0	2.3313616320876696	2.151245084877817	0.0	0.0	0.0	0.0	0.0
18440	0.0	0.8332955395813771	0.0	0.0	0.0	0.0	0.9769230022815005	0.0	0.0	1.293769733872689	1.9367416609227637	0.26394034136068645	0.9214469237989796	0.0	2.4576591559315273	0.0	0.0	1.915248194122181	1.1447421634888977	0.0	0.0	0.0	0.0	0.0
18441	0.0	0.5305991308161432	0.0	0.0	0.0	0.0	0.0	0.0	0.0	1.1185177893910783	0.787831214966395	0.0	0.0	0.0	0.0	0.0	0.0	1.2654477566029179	1.031361617916714	0.0	0.0	0.0	0.0	0.0
18442	0.0	1.0905670760164607	0.0	0.0	0.0	0.0	0.0	0.0	0.0	4.359060175346069	1.966153103064804	0.0	0.0	0.0	1.3642089088296856	0.0	0.0	2.4116572665974547	3.143450468554464	0.0	0.0	0.0	0.0	0.0
18443	0.0	0.8516785492183084	0.0	0.913887478359092	0.0	0.0	0.9998164861486645	0.0	0.0	1.02015838990613	1.0938293217106652	0.0	0.0	0.0	0.0	0.0	0.0	1.9858407401153564	0.0	0.0	0.0	0.0	0.0	0.0
18444	0.0	1.5645594398720912	1.155661264197459	0.0	0.0	0.0	0.0	0.0	0.0	2.2629708900137917	1.875442941246482	0.0	0.0	0.0	0.9802640972786357	0.0	0.0	1.1491065741129562	1.0402087970008995	0.7501651742244949	0.0	0.0	0.9832690881894616	0.0
18445	0.0	0.9279472576841871	0.9681544411976365	0.0	0.0	0.0	0.0	0.0	0.0	3.0494065923731712	1.1890650085383563	0.0	0.0	0.0	1.5989699372854522	0.0	0.0	1.9234969147671706	1.752393079189707	0.0	0.0	0.4419762278001277	0.0	0.0
18446	0.0	0.0	0.0	0.0	0.0	0.0	0.0	0.0	0.0	2.0880535633852944	0.9105801353780058	0.0	0.0	0.25425905472396254	0.9342958923107173	0.0	0.0	2.043629130366445	2.460958347206825	0.0	0.0	0.6745222552840997	0.0	0.0
18447	0.0	1.1595003422278416	0.0	0.0	0.0	0.0	0.0	0.0	0.0	2.152103532403104	2.2659311449419945	0.0	0.0	0.0	0.9117998715258873	0.0	0.0	2.2952129473145	1.2024742214358008	0.0	0.0	0.0	0.9804494953039932	0.0
18448	0.0	1.4255521956299844	0.0	0.0	0.0	0.0	0.0	0.0	0.0	2.90224223100149	2.333168471444856	0.0	0.0	0.0	1.7652810163718538	0.0	0.0	2.171599053455272	2.1363315753392507	0.0	0.0	0.0	0.0	0.0
18449	0.0	1.2146875018933418	0.0	0.0	0.0	0.0	0.0	0.0	0.0	1.094066254327466	1.2720098792469106	0.0	0.0	0.0	0.7739720156973424	0.0	0.2942539832441187	2.968851365809734	1.1557084046590467	0.0	0.0	0.0	0.0	0.0
18450	0.0	0.0	1.2938962608412388	0.0	0.0	0.0	0.0	0.0	0.0	1.866575963988507	2.346067027557715	0.0	0.0	0.0	0.0	0.0	0.0	2.0353502791576137	0.9678671725026055	0.0	0.0	0.0	0.0	0.0
18451	0.09185971551031025	1.0116949081148083	1.1881886059763676	0.0	0.0	0.0	0.0	0.0	0.0	2.211009164094445	2.835239368763441	0.0	0.0	0.09185971551031025	0.8916718669860159	0.0	0.0	3.7122279468181523	1.289234734357692	1.7076411884967142	0.0	0.0	1.067204888403433	0.0
18452	0.0	1.2449218885032813	1.1037289966598487	0.0	0.0	0.0	0.0	0.0	0.0	1.9571391527202713	2.2984647000293537	0.0	0.0	0.0	0.0	0.0	0.0	3.047940424024454	1.2226534542380947	0.4863062729272425	0.0	0.0	0.0	0.0
18453	0.0	1.2237345519477747	0.8724378592858628	0.0	0.0	0.0	0.0	0.0	0.0	3.01347456213355	2.2782776524086206	0.0	0.0	1.297987676164998	2.50307353600007	0.0	0.0	2.850209700397486	1.257417379971978	0.0	0.0	0.0	0.0	0.0
18454	0.0	1.1615977813098575	0.0	0.0	0.0	0.0	0.0	0.0	0.0	3.3720892073230484	0.9822473758760377	0.0	0.0	0.0	0.0	0.0	0.0	3.583159037067202	0.9846206549334465	0.5923393340878584	0.0	0.7065544669401809	2.3230231336791936	0.0
18455	0.0	0.3961764968056257	1.522766069529975	0.0	0.0	0.0	0.8511272212626367	0.0	0.0	1.0788607603637015	1.1307469493317786	0.0	0.0	0.0	0.0	0.0	0.0	0.7457539047940447	1.7428796395247212	0.0	0.0	0.0	0.0	0.0
18456	0.0	1.977900766998271	1.1717372232678436	0.0	0.0	0.0	1.5527937272285763	0.0	0.0	2.095499401438575	0.9285475041527095	0.0	0.0	0.0	0.0	0.0	0.0	2.091005069594713	2.777543996905939	0.806503467615074	0.0	0.0	0.0	0.0
18457	0.0	1.8279836573216524	0.0	0.0	0.0	0.0	0.0	0.0	0.0	1.727753505736277	1.8904755972658815	0.0	0.9698366703871399	0.0	0.8129001628286703	0.0	0.0	0.9742004290154551	0.5064259381997569	0.0	0.0	0.0	0.0	0.0
18458	0.0	1.353940750385908	0.0	0.0	0.0	0.0	0.0	0.0	0.0	2.2591593944630475	1.7790460397446988	0.0	0.0	0.0	0.0	0.0	0.0	5.022966584970515	2.368309289110882	0.0	0.0	0.0	1.7494475318416	0.0
18459	0.0	1.6838383298596935	0.0	0.0	0.0	0.0	0.0	0.0	0.0	3.2131944199549927	2.995166331741496	0.0	0.0	0.0	2.5790483334210688	0.8985435980632593	0.0	3.0764480269218395	2.099588748436161	0.0	0.0	0.9530860280211535	0.0	0.0
18460	0.0	1.1210642363114331	1.5418192237987507	0.0	0.0	1.109734385727118	0.9507685082446927	0.0	0.0	2.1358329816514687	2.0565445713037476	0.0	0.0	0.0	0.0	0.0	0.0	3.6679618449594353	2.3233743758068752	0.7316377840490109	0.0	0.0	0.0	0.8686176819604604
18461	0.0	0.348047998987134	0.0	0.0	0.8767768659036497	0.0	0.0	0.0	0.0	1.8851918803515193	0.8987068737099609	0.44053846791089285	0.0	0.8871201995900614	1.5945383075822566	0.0	0.0	3.282377591440468	1.7977794925423907	0.0	0.0	0.0	0.7409940943018347	0.36665072784276326
18462	0.0	0.0	1.6494327151659045	0.0	0.0	0.0	0.0	0.0	0.0	4.223559089959502	1.4060444861165582	0.1875216434841625	0.5894760037713707	0.0	0.0	0.0	0.0	1.012442306735516	2.3568915251532143	0.0	0.0	0.0	0.0	0.0
18463	0.0	1.3181765427570658	0.9912509078613905	0.0	0.0	0.0	0.0	0.0	0.0	2.2034746946485146	1.271276502039064	0.0	0.0	0.0	0.0	0.0	0.0	2.0863120021905597	1.0701916194606866	0.0	0.0	0.0	0.0	0.0
18464	0.0	1.2509385535566995	0.0	0.0	0.0	0.0	0.0	0.0	0.0	1.529110379674621	1.2106106538047356	0.0	0.0	0.0	1.4350963369741918	0.0	0.0	3.164111660269427	1.288014533910784	0.0	0.7439533001916874	0.0	0.7861852454644708	0.0
18465	0.0	1.3533670416247265	0.9845250997133443	0.0	0.0	0.0	0.0	0.0	0.0	2.2350558400658933	1.0870038499029167	0.0	0.0	0.0	1.8667585190727811	0.0	0.0	2.0060053506705096	1.003918946445071	0.0	0.0	0.0	0.0	0.0
18466	0.0	1.6255022492588165	0.0	0.0	0.7635964370319667	0.0	0.0	0.0	0.0	1.09339570388671	1.0438331109913046	0.0	0.0	0.0	0.0	0.0	0.0	2.3601729624282535	1.2463789573981017	0.0	0.41496787078187347	0.0	0.8630420556240276	0.0
18467	0.0	1.0370528591948476	0.0	0.0	0.0	0.0	0.0	0.0	0.0	1.1426686352470363	0.0	0.0	0.0	0.0	0.0	0.0	0.0	2.0457571207323118	1.8018959935637477	0.0	0.0	0.0	1.127626689163297	0.0
18468	0.0	0.8075007751613853	0.0	0.0	0.0	0.0	0.0	0.0	0.0	2.036109809528142	1.2956227987055424	0.0	0.0	0.0	1.4271989423708598	0.0	0.0	1.153110838680892	2.0775926598067804	0.0	0.0	0.0	0.0	0.0
18469	0.0	0.9976656018466833	0.0	0.0	0.0	0.0	1.2926299212591963	0.0	0.0	3.2993194287408087	1.9753492939851425	0.0	1.756369146941518	0.0	1.3174954659276386	0.0	0.0	2.002812915696052	2.3857787099364676	0.5472232954364868	0.0	1.5145856348589197	0.0	0.0
18470	0.49955659009125397	1.0007461051661568	0.7892787283650521	0.0	0.8128621313405856	0.0	0.9343484784068854	0.0	0.0	1.9063398417272823	2.296136818413414	0.0	0.9234805093526346	0.0	0.0	0.0	0.0	2.23545475911101	1.0013364415265047	0.0	0.0	0.0	0.0	0.0
18471	0.975995788044585	0.0	0.0	0.0	0.0	0.0	0.0	0.0	0.0	3.6338157038778958	1.254643648947182	0.0	0.0	0.0	0.0	0.0	0.0	0.961213820624152	1.120042264629426	0.0	0.0	0.6832390854069742	0.0	0.0
18472	0.0	0.6044502934432342	0.0	0.0	0.0	0.0	0.6373078357245268	0.0	0.0	1.5158451482700992	1.2231380229818254	0.3894129564312852	0.0	1.2279692639473998	1.2648759277186135	0.0	0.0	2.982858493342477	1.0514191678089126	0.0	0.0	0.0	0.0	0.7471377533780735
18473	0.0	0.9376998788940327	1.7818933398967225	0.0	0.0	0.0	0.6311006735003414	0.0	0.0	0.992264961725977	1.6262964485574003	1.1140284485275265	0.0	0.0	1.519955540807744	0.0	0.0	0.8719145365574332	0.9889306605053495	0.0	0.7746430249303312	0.0	0.0	0.0
18474	0.0	2.5917242847578583	0.8640792987614004	0.0	0.0	0.0	0.0	0.0	0.0	2.1203848108378223	1.7245210803531188	0.0	0.0	0.0	0.0	0.0	0.0	1.376687940078133	1.2392117150594102	0.4981435647441454	0.0	0.0	0.907704164440092	0.0
18475	0.0	1.0626008565433873	0.8362561482080266	0.0	0.0	0.0	0.0	0.0	0.0	3.5537531519484507	1.5925552508793948	0.0	0.0	0.0	1.0697294726251547	0.0	0.0	2.083620812795907	1.0859357434023893	0.0	0.0	0.0	1.305612326380337	0.0
18476	0.0	1.0309624175224401	0.0	0.0	0.0	0.0	0.0	0.0	0.0	1.153030734348252	1.1266977449600353	0.0	0.0	0.0	1.1910856900774462	0.0	0.0	1.2702104972742103	0.9262708571925791	0.7761338148653686	0.0	0.0	0.0	0.0
18477	0.0	1.07684497998083	0.919664491341175	0.0	0.0	0.0	0.9560068557837484	0.0	0.0	3.3773121130535304	1.8958325234826912	0.0	0.0	0.0	0.9983724760096885	0.0	0.0	1.767941720380977	3.428723273582953	0.0	0.0	0.0	0.9320598927896003	0.0
18478	0.0	1.2420911929397174	2.042571495603958	0.0	0.0	0.0	0.0	0.0	0.0	3.0733421800591003	1.1298867159718735	0.83071621974414	1.7235454637694372	0.7042321345901373	1.590860046859231	0.0	0.0	2.1325488751943658	1.2737171904782842	0.0	0.0	0.0	0.0	0.0
18479	0.0	1.9935101652544385	0.0	0.0	0.0	0.0	0.0	0.0	0.0	2.285011737458725	1.964866299870891	0.0	0.0	0.0	1.210872438654485	0.0	0.0	5.566788916358833	2.3069866586408985	0.0	0.0	0.0	0.0	0.0
18480	0.0	0.8272332754002386	0.6222168517185113	0.0	0.0	0.0	0.0	0.0	0.0	0.9060141709733547	1.7661560776539211	0.0	0.0	0.0	0.0	0.0	0.0	5.494173522874593	1.5066712934669548	0.0	0.0	0.0	0.0	0.0
18481	0.0	0.0	0.0	0.0	0.0	0.0	0.0	0.0	0.0	2.089206101374986	1.013547741313859	0.8852299004118674	0.0	0.0	0.841222887916151	0.0	0.0	2.4308948385589235	1.5192713399321565	0.0	0.0	0.6984247704101505	0.0	0.0
18482	0.0	0.8364991767726094	1.9779979839130615	0.0	0.0	0.0	0.0	0.0	0.0	3.2247416608381356	1.349510262047787	0.6001504910677518	0.0	0.8954204960324101	0.8172615176282977	0.0	0.0	3.16492088283559	2.9940143828915193	0.0	0.0	0.0	0.0	0.0
18483	0.0	0.9420486093774841	0.0	0.0	0.0	0.0	0.0	0.0	0.0	3.8888943812780457	1.2652054331254408	0.0	1.2510916729611412	0.0	0.9121591962782659	0.0	0.0	2.2014195469602065	1.0226617579688444	0.0	0.0	0.0	0.0	0.0
18484	0.0	1.5467261628120086	1.0856915522851576	0.0	0.0	0.0	0.0	0.0	0.0	3.243501389631026	2.0912955220707943	0.0	0.0	0.0	1.5095386588951418	0.0	0.0	3.1614966039283185	1.307263043350227	0.0	0.0	0.0	0.0	0.0
18485	0.0	1.0588830771172506	1.0656733022168954	0.0	0.0	0.0	0.0	0.0	0.0	3.3154206123376873	1.9815206849029359	0.0	2.08880481049144	0.0	0.0	0.0	0.0	3.243041004559008	3.2575740635939923	0.8912977221678077	0.0	0.603193585003451	0.0	0.0
18486	0.0	0.7514229252148955	0.882730143584093	0.0	0.46142448735187663	0.0	0.0	0.0	0.0	2.073574943107187	1.090169596973027	0.931098416826093	0.7401847573768068	0.0	0.8773611554030312	0.0	0.0	3.3425269887465174	3.0891890465905916	0.0	0.0	0.0	1.4857995366081116	0.0
18487	0.0	0.0	0.0	0.0	0.0	0.0	0.0	0.0	0.0	2.1343681877357907	2.1067208555683967	0.9899307483414976	0.9746478808734802	0.0	0.0	0.0	0.0	0.9139363415520495	0.6755617370942775	1.0321250934169952	0.8873733457365223	0.0	0.0	0.0
18488	0.0	1.281078882186148	0.0	0.0	0.0	0.0	0.0	0.0	0.0	2.0182972586901693	0.9960478277343787	0.0	0.0	0.0	0.0	0.1454672017003136	0.0	2.1887179179410676	1.340726234094431	0.0	0.0	1.1206795559075957	0.9133725928449287	0.0
18489	0.0	1.374956945199856	0.0	0.0	0.0	0.0	0.0	0.0	0.0	2.4572481202412155	1.1616441588982025	0.0	0.0	0.0	0.9358384317971508	0.0	0.0	5.109866450277986	1.0799580070781243	0.0	0.0	0.0	0.775062924724234	0.0
18490	0.0	1.3520026815675885	2.291045204583901	0.0	0.0	0.0	0.0	0.0	0.0	1.3524960036446727	1.3965878091713821	0.0	0.0	0.0	0.0	0.0	0.0	3.177532905925691	2.1170943634806774	0.0	0.0	0.0	0.0	0.0
18491	0.0	0.0	1.1833437174986428	0.0	0.0	0.0	0.0	0.0	0.0	1.1038420270506497	1.9620822229405226	0.0	0.0	0.0	0.0	0.0	0.0	1.9361827653491346	1.3857156303634466	1.0990547561016533	0.0	0.0	1.0376883010636477	0.0
18492	0.0	0.915508402378845	0.0	0.0	0.0	0.0	0.0	0.0	0.0	1.1623390635978093	1.5784789630589873	0.0	0.9850246108334965	0.0	0.0	0.0	0.0	1.2717686602318556	0.8867346199534327	0.0	0.0	0.0	0.0	0.0
18493	0.0	1.6010586594746419	0.0	0.0	0.0	0.0	0.8293653362112354	0.0	0.0	1.9781367853662954	3.7459501390452603	0.0	0.9596284737977694	0.0	0.9810907306932614	0.0	0.0	3.511339216733324	1.9260747998408665	0.0	0.0	0.0	0.0	0.0
18494	0.0	2.329049615310372	1.8695003903882585	0.0	0.0	0.0	0.0	0.0	0.0	2.9243049271323116	2.7814066102245345	0.0	0.0	0.0	0.8990645633205901	0.0	0.0	7.7403923764741505	1.0659690900935013	0.0	0.0	0.0	0.0	0.0
18495	0.0	1.6718072994049156	0.0	0.0	0.0	0.0	0.0	0.0	0.0	1.1249999511398479	2.1570382558802845	0.0	0.0	0.0	0.0	0.0	0.0	2.153968458727921	1.4374979375493944	0.6967224552135144	0.0	0.6471653576178492	0.0	0.0
18496	0.0	0.0	0.0	0.0	0.0	0.0	0.0	0.5921050257997922	0.0	1.9966940388265002	1.1920762674292693	0.0	0.0	0.0	0.0	0.0	0.0	5.342700233608847	1.882073980781787	0.0	0.0	0.0	0.0	0.0
18497	0.0	0.9528718248720149	0.0	0.0	0.0	0.0	0.0	0.0	0.0	1.9571750644706076	1.678880454770281	0.0	0.0	0.0	0.0	0.0	0.0	3.652151842659309	1.1767110524179956	0.672675183850133	0.7765291716128814	0.0	1.2261000920207863	0.0
18498	0.0	1.2025155185609127	0.0	0.0	0.0	0.0	0.0	0.0	0.0	1.1290378889854678	0.0	0.0	0.7337878641354743	1.998728499147432	0.0	0.0	0.0	3.119955903672778	1.2287822638635133	0.0	0.0	0.8498908876605202	0.0	0.0
18499	0.0	1.3062416923456306	0.0	0.0	0.0	0.0	0.0	0.0	0.0	2.9813890457846917	2.3703894086670823	0.0	0.0	0.0	0.0	0.0	0.0	2.038360059207252	2.256514231468271	0.0	0.7814333735938753	0.0	1.7721669252747259	0.0
18500	0.8487877627749322	1.0261299904609065	0.9143679747844681	0.0	0.0	0.4991552684353358	0.0	0.0	0.0	2.3177629378742797	2.9506250555349274	1.6955745672190934	1.2266008918811377	0.0	0.0	0.0	0.0	0.867466898954193	2.468581390039398	0.0	0.0	0.0	0.0	0.0
18501	0.0	0.9491647241643485	0.0	0.0	0.0	0.0	0.0	0.0	0.0	0.9405018141514023	1.028475072417981	0.0	0.0	0.0	0.9289221982090652	0.0	0.0	0.4458488123062605	0.7908032767289266	0.0	0.0	0.0	0.0	0.0
18502	0.0	1.3320264387743024	0.0	0.0	0.0	0.0	2.282498080641411	0.0	0.0	6.83776193516228	2.1063716336965466	0.0	0.0	0.0	1.272268504446686	0.0	0.0	0.8887118413665146	0.9330011339555558	0.0	0.0	0.7306159397818073	0.0	0.0
18503	0.79728457260676	1.752797989521507	0.0	0.0	0.0	0.0	0.0	0.0	0.0	4.044964920817667	0.879020570246018	0.0	0.0	0.0	1.2226492615345008	0.0	0.0	1.2458328978538815	2.5844818639964378	0.0	0.0	0.0	0.0	0.7565195031825899
18504	0.0	1.1587728512244744	1.007864487374554	0.0	0.0	0.0	0.0	0.0	0.0	3.102632913224892	2.330420801623667	0.0	1.1453671315717087	0.0	0.0	0.0	0.0	3.9307569562219475	2.0872548253353664	0.8542636691153789	0.0	2.0850193446021033	1.8390220805226254	0.0
18505	0.0	0.7686778588077038	0.0	0.8044304133550368	0.0	0.0	0.0	0.0	0.0	2.2960155837615708	0.9492886021160155	0.0	1.002546670429307	1.4559131703924593	0.0	0.8777239347058707	0.0	1.9889248910459694	1.0592554327978272	0.0	0.0	0.7287389401880093	0.42840718346422485	0.0
18506	0.0	0.0	0.0	0.0	0.0	0.0	0.0	0.0	0.0	0.9634047821671952	0.0	0.0	0.0	0.0	0.0	0.0	0.0	3.9884900544997377	1.1292138712140178	0.0	0.0	0.0	1.5671030859159296	0.0
18507	0.0	2.122920087113659	0.9629826790438176	0.0	0.0	0.0	0.0	0.0	0.0	2.0465856223409618	0.8633861947704334	0.0	0.9198136991044519	0.0	0.0	0.0	0.0	1.793393591256519	2.043188245269977	0.0	0.0	0.0	0.9790579156275783	0.0
18508	0.0	2.0218556345179235	1.484891170078136	0.0	0.0	0.0	0.0	0.0	0.0	3.012544795977006	2.0233600387202944	0.0	0.0	0.0	0.9066610664000206	0.0	0.0	1.112081373479307	1.3815500803395595	0.7966831718180153	0.0	0.0	0.9883492885138877	0.0
18509	1.6846012758260418	1.088149284430283	0.0	0.0	0.0	0.0	1.5267001285940758	0.0	0.0	3.529200129935696	1.3918821787495113	0.0	1.1092363626169597	0.0	0.0	0.0	0.0	1.839329887167309	2.309851027246642	0.0	0.0	0.837347252944742	0.0	0.0
18510	0.0	1.7795483958775258	0.0	0.0	0.0	0.0	0.6768377013436011	0.0	0.0	4.347069529575835	2.1344656944041884	0.0	0.0	0.0	0.9633132690415871	0.0	0.0	3.2059541340245814	2.039350580452206	0.0	0.4637628905907331	0.0	1.1116361417863256	0.3342006708252769
18511	0.0	2.5209536536795225	0.0	0.0	0.0	0.0	0.8243107764719766	0.0	0.0	1.1705020463127465	0.5457178869101932	0.0	0.0	0.0	1.0286345703179047	0.0	0.0	3.2764713574697395	0.9484671196742165	0.0	0.7258711627268044	0.0	1.4634101902595964	0.0
18512	0.0	1.54079344639197	0.0	0.0	0.0	0.0	0.0	0.0	0.0	5.320176363919704	1.2010365893214447	0.0	0.0	0.0	0.0	0.0	0.0	0.8761757532694476	0.8084247752784118	0.0	0.0	0.0	1.6649531932767567	1.349633695159954
18513	0.0	1.2429912576370195	0.0	0.0	0.0	0.0	0.0	0.0	0.0	3.194880109781796	2.2935593045007576	1.087957176014617	0.0	0.0	1.6614715759003629	0.0	0.0	3.4476702377526447	2.695447275201578	0.0	0.0	0.0	0.0	1.189858798612573
18514	0.0	0.0	0.0	0.0	0.0	0.0	0.0	0.0	0.0	3.502633736018452	1.3279914281483505	0.0	0.0	0.0	0.0	0.0	0.0	1.8569743809068717	2.1864131356854877	0.0	0.0	0.0	0.0	0.0
18515	0.0	1.0302653929874774	0.0	0.0	0.0	0.0	0.0	0.0	0.0	2.0999022221004133	2.569391790865447	0.0	0.0	0.0	0.0	0.0	0.0	0.9184260720815066	1.319888960511571	0.0	0.0	0.0	0.7926490647676585	0.0
18516	0.0	1.8918531110402916	0.0	0.0	0.0	0.0	0.0	0.0	0.0	1.9857427798197473	2.210776064713349	0.0	0.0	0.40158693804631646	0.9360896161309008	0.0	0.0	3.8472415497176873	0.9322909154603791	0.0	0.0	0.0	0.0	0.0
18517	0.0	0.9285592184789414	1.3405803055227818	0.0	0.0	0.0	0.0	0.0	0.0	1.2512216252748973	1.0887097358290172	0.0	0.0	0.0	0.9560102277463122	0.0	0.0	1.0409069251566287	0.21092389359408495	0.6499230723708769	0.0	0.0	0.0	0.0
18518	0.0	1.1149448986821595	0.0	0.0	0.0	0.0	0.8323754255877138	0.0	0.0	1.2363989562048658	1.1433179923237966	0.0	0.0	0.0	1.4047011644269103	0.0	0.0	1.3724811781912947	2.1853083449157187	0.0	0.0	0.0	0.9762837045888282	0.0
18519	0.0	0.0	0.29322338602475456	0.8870672608939323	0.0	0.0	0.456804608589594	0.0	0.0	1.716538390309155	2.8713836888859587	0.0	0.0	0.0	0.0	0.0	0.0	1.1839657934247931	1.703174598797941	0.0	0.0	0.0	0.0	0.0
18520	0.0	0.0	0.0	0.0	0.0	0.0	0.0	0.0	0.0	8.541749604851658	2.0786761084030805	0.0	0.0	0.0	0.0	0.0	0.0	5.039707778110778	4.896550133521947	0.0	0.0	0.0	0.0	0.0
18521	0.0	0.0	0.0	0.0	0.0	0.0	0.0	0.0	0.0	2.89695532833254	2.450557457993268	0.9991574574265958	0.0	0.0	1.6424642200369388	0.0	0.0	5.501458564005961	2.125692271629418	0.0	0.0	1.8233706612014948	0.0	0.0
18522	0.0	1.8176628151994845	0.0	0.0	0.0	0.0	0.6359816612317614	0.0	0.0	4.192975171196945	0.8925867483228844	0.0	0.0	0.0	1.1593815206667897	0.0	0.0	2.303560789080616	2.8860639423555883	0.0	0.0	0.0	1.8144146476687346	0.0
18523	0.0	2.699480918960886	1.4964894058001235	0.0	0.0	0.0	0.9886363608464855	0.0	0.0	1.9414295295098623	1.0389249632986397	0.0	0.0	0.0	0.7733437624966819	0.0	0.0	1.949957341905103	1.418044614098888	0.0	0.0	0.08058057520220886	0.0	0.0
18524	0.0	0.9027431140087748	2.4218630418083347	0.0	0.0	0.0	0.0	0.0	0.0	1.1922640598386431	2.1695358028096283	0.0	0.902481329839431	0.8740129737151681	0.9511341872281471	0.0	0.0	1.0176990650790332	1.0705128062744997	0.0	0.0	0.0	0.0	0.0
18525	0.0	2.11809763607854	0.6195530653422864	0.0	0.0	0.0	0.0	0.0	0.0	1.7650109780281389	0.8203653186425296	0.0	0.0	0.0	0.0	0.5475672669101614	0.0	0.902954565360502	1.0379537569184958	0.44323575446846897	0.0	0.0	0.0	0.0
18526	0.0	2.1023412005772877	0.0	0.0	0.0	0.5620154987374029	0.4988876515698588	0.0	0.0	0.5985173868667916	0.8479682002216272	0.7636717212537795	0.5376984000314545	0.0	0.0	1.1887521615048007	0.0	1.1506316881955116	0.5182123654844956	0.0	0.0	1.307418280640757	0.0	0.45263502465832123
18527	0.0	2.119505915234797	0.0	0.0	0.6976166390427138	0.0	0.0	0.0	0.0	1.2210879090105968	1.3971553014207436	0.0	0.0	0.0	0.9057203387923809	0.0	0.0	4.671676508867964	1.9082727998076396	0.4514562122770826	0.0	2.490363081855858	0.0	0.0
18528	0.0	0.0	0.0	0.0	0.0	0.0	0.0	0.0	0.0	2.105182337522552	1.35729091761178	0.0	0.0	0.0	1.4754985648701433	0.0	0.0	0.8743608762817743	2.4526603827601363	0.0	0.0	0.0	0.0	0.0
18529	0.0	1.4033274871623456	0.8325576294865933	0.0	0.49712961384586196	0.0	0.9022212373787954	0.0	0.0	0.9317297180163022	1.3379709172484369	0.8113530788853711	0.9778835006280385	1.5956984607637488	1.807328411263202	0.0	0.0	0.9514608650794725	0.9767692973751776	0.0	0.0	0.0	0.0	0.8855184080752913
18530	0.0	2.0258067801518997	0.7687827214487891	0.0	0.9336236025924103	0.0	0.0	0.0	0.0	1.2510897406866994	2.3328549385729773	0.0	0.0	0.0	1.637293202267653	0.0	0.0	3.458166108801534	2.2336901863302336	0.0	0.0	0.0	0.0	0.0
18531	0.0	2.167382458673229	0.0	0.0	0.0	0.0	0.0	0.0	0.0	2.692046896630199	2.0202978068452593	0.0	0.0	0.0	2.904264784998722	0.0	0.0	1.8695252043756774	0.815000139956638	0.0	0.0	0.0	0.0	0.0
18532	0.0	0.7825691911677075	0.0	0.0	0.0	0.0	0.0	0.0	0.0	2.1487738167761283	1.9700492784771038	0.0	0.0	0.0	1.8487922077491115	0.0	0.2097222524341239	3.0853658460036653	1.0738685906571623	0.3348924164763136	0.0	1.3659010089094494	0.0	0.0
18533	0.0	1.3150378302351209	1.4740920985209667	0.0	0.0	0.0	0.0	0.0	0.0	4.364399688950775	1.961224107541002	0.0	1.1194993295745328	0.0	1.5029766531847277	0.0	0.0	2.0731110804251234	2.1598510004408915	1.045674109574462	0.0	2.258264857999716	0.0	0.0
18534	0.0	1.2841285032232017	0.0	0.0	0.0	0.0	0.0	0.0	0.0	2.0798169770555845	0.9246056042491372	0.0	0.0	0.0	0.951743648375035	0.0	0.0	2.3796400737740697	1.6689856888238939	0.8077353916524621	0.0	0.2912257215903797	0.0	0.0
18535	0.0	0.49770740943492814	0.0	0.0	0.0	0.0	0.0	0.0	0.0	3.5027862063119635	0.899999785673538	0.0	0.0	0.0	0.0	0.0	0.0	5.85566364887085	0.9876897431572457	0.8694348452376283	0.0	0.0	0.0	1.3273542598213033
18536	1.1436601232484458	0.2973676644726098	1.5445317078066672	0.0	0.0	0.0	0.0	0.0	0.0	2.01474762611208	0.912414766949183	0.0	0.0	0.0	0.0	0.0	0.0	1.2677439577098673	1.384757407590236	0.0	0.0	0.0	0.0	0.0
18537	0.8238731097854709	1.5908019368342001	1.0610316270946358	0.0	0.0	0.0	0.0	0.0	0.0	2.271755913928616	1.1762140098448997	0.0	0.0	0.35209845059460726	1.7060083573516407	0.0	0.0	3.212545420237844	1.8711342616196425	0.0	0.718343278859122	0.46502324650976695	0.0	0.0
18538	0.0	0.0	0.0	1.3625450178323777	0.0	0.0	0.0	0.0	0.0	1.1351073997969194	0.9344858955002419	0.0	0.0	0.0	2.161232855659473	0.0	0.0	1.2143151807120582	1.365245084183268	0.0	0.0	0.9105846314223367	0.46921774183868875	0.5641249104591562
18539	0.0	0.0	0.49518390582864874	0.0	0.0	0.0	0.645094777169903	0.0	0.0	1.3015415539531063	0.876917803882931	0.0	0.0	0.0	0.0	0.0	0.0	2.0699532543472245	1.3915195042155337	0.0	0.0	0.49518390582864874	3.0896148499618095	0.0714276321906878
18540	0.0	1.5271654867840527	0.0	0.0	0.0	0.0	0.0	0.0	0.0	3.1831337128957102	2.140105853101842	0.0	0.0	0.0	0.0	0.0	0.0	2.4777397318220022	2.0757906778769355	0.0	0.0	0.0	1.5425022870841216	0.0
18541	0.0	0.0	0.7353793460119915	0.0	0.0	0.0	0.0	0.0	0.0	1.4805709694169429	2.312611769045345	0.0	0.0	0.0	0.0	0.0	0.0	0.8214770629387378	0.9047693197186922	1.297179192902058	0.0	0.0	0.9868515293137606	0.0
18542	0.0	0.0	0.0	0.0	0.0	0.0	0.0	0.0	0.0	0.7726737949409375	0.4411448854893655	0.0	0.0	0.0	0.7529133519844528	0.0	0.0	0.8907993780092824	0.0	0.0	0.0	0.0	0.0	0.0
18543	0.0	0.7445583186878194	0.0	0.0	0.0	0.0	0.8081030796576781	0.0	0.0	1.0918911693898483	1.2544638475219707	0.0	0.0	0.0	1.2740953444087881	0.0	0.0	0.8702563927742049	1.1507574087488517	0.0	0.0	0.0	0.0	0.0
18544	0.0	0.0	1.0874417082595014	0.0	0.0	0.0	0.0	0.0	0.0	3.101883539087909	2.220437657531953	0.35371245475933266	0.0	0.5060294287994306	0.9442619662117185	0.0	0.0	1.88909496000225	1.012448780686094	0.0	0.0	0.0	1.104671307218056	2.366033928293129
18545	0.0	0.0	0.0	0.0	0.0	0.0	0.0	0.0	0.0	2.257029343975411	0.927938586181147	0.0	0.0	0.0	1.4260191345112139	0.0	0.0	0.8262168604478882	2.150288323760012	0.0	0.0	0.48493918093351746	1.1411516784322284	0.0
18546	0.0	0.9132770750945179	0.7850210149496999	0.0	0.0	0.0	0.7982402587486107	0.0	0.0	0.8678476082286505	1.0917989267943826	1.4303237626985048	0.0	0.0	1.0816026219131594	0.0	0.0	1.2624758455353962	2.0278151967438443	0.0	0.0	0.3142696805273545	0.0	0.0
18547	0.0	0.0	0.855429879251611	0.0	0.0	0.0	0.8287477138348013	0.0	0.0	2.6536059204475104	2.1151454599066395	0.0	0.0	0.0	1.1214538282362607	0.0	0.0	2.191705823273933	1.2825697637846487	0.0	0.0	0.0	1.3054628457010826	0.0
18548	0.0	2.1425951612088663	0.0	0.0	0.0	0.0	0.0	0.0	0.0	0.7238908112028611	1.0761842943684705	0.0	0.0	0.0	0.0	0.0	0.0	1.8514738873544925	1.0174337657872674	0.0	0.0	0.0	0.0	0.0
18549	0.0	1.090164149617659	0.0	0.0	0.0	0.0	0.0	0.0	0.0	2.3650526315248928	0.2547546779093796	0.0	0.0	0.0	0.0	0.0	0.0	1.6605749056289232	1.0319289850866897	1.4828912327843649	0.0	2.2399647007185437	0.0	0.0
18550	0.0	1.0867802572790297	1.6177852645208994	0.5235518832674321	0.0	0.0	0.0	0.0	0.0	2.2181518230482635	0.9338758030071075	0.0	1.2865723586140247	0.0	0.0	0.0	0.0	1.9409576763464556	1.8867172392780862	0.0	0.6433552644717992	0.0	0.0	0.0
18551	0.0	2.0256560203857834	0.0	0.0	0.0	0.0	0.0	0.0	0.0	2.3947102841978203	2.002951337141498	0.0	0.0	0.0	1.203939135460628	0.0	0.0	2.27165292040657	2.435311655033675	0.0	0.0	0.0	0.0	2.1725078249417438
18552	0.0	2.185034129113133	1.1032179135205717	0.0	0.0	0.0	0.8985051691037909	0.0	0.0	5.6503316540038435	2.3096165811404346	0.0	0.6897034372177494	0.0	0.9435445577840991	0.0	0.0	4.955352471681987	2.889124518167212	0.0	0.0	0.0	1.1799819905306372	0.0
18553	0.0	0.9731450369721948	0.0	0.0	1.0939754878211574	0.7574201233979069	0.0	0.0	0.0	2.380940875174438	0.8975977830928346	0.0	2.8936624645359608	0.8996744828087779	0.0	1.084060916044627	0.0	1.9703221455716948	1.7070512695034896	0.0	1.6627087551628876	3.002786561256359	0.0	1.1273014564138302
18554	0.0	0.821617209169965	0.6677593178012694	0.0	0.0	0.0	0.0	0.0	0.0	2.0153798608080504	1.2347885129227916	0.0	0.45980321830754095	0.6630762692849812	1.1975239376792761	0.0	0.0	2.8571259458964406	2.014967772343818	0.0	0.0	1.3481838993211903	1.1066084439691797	0.0
18555	0.0	2.221194049058001	0.0	0.0	1.8093644248542542	0.0	1.594766698723182	0.0	0.0	1.093355222820523	0.8937912563442066	0.0	0.6860692612965154	1.6151040915783292	1.429264752090738	0.0	0.0	2.893958681356972	1.140912168612083	1.1425438403935195	0.0	2.123571711950176	0.0	0.5961156911575776
18556	0.0	0.9742092158201265	1.6208836087817864	0.0	0.0	0.0	0.6089742524909775	0.0	0.0	1.8250411455155857	1.3689138209944645	0.0	0.0	0.0	0.0	0.0	0.0	3.334445456951876	2.6186945793237837	0.0	0.0	0.0	0.0	0.0
18557	0.0	0.6146939634566079	0.0	0.0	0.0	0.35081664586421984	0.0	0.0	0.0	1.907094826209904	0.719658846508132	0.0	0.0	0.0	1.12504149873427	0.0	0.0	2.9131133139838847	0.7644403621768329	0.3167758816532981	2.0978819298484797	0.0	0.0	0.0
18558	0.0	1.080747621665959	0.0	0.0	0.0	0.0	0.0	0.0	0.0	2.2576423716810616	1.2156723345399065	0.0	0.0	0.0	1.0113684352261052	0.0	0.0	4.310356302583835	1.2773486308591004	0.0	0.0	0.0	1.464739058127166	0.0
18559	0.0	1.271023101030802	0.0	0.0	0.0	0.0	0.0	0.0	0.0	1.1373426454653512	2.031349368365205	1.1985410690947078	0.0	0.0	1.90596184163835	0.0	0.0	0.9396572212579756	1.3320631068581203	0.0	0.0	0.0	0.0	0.5025944119358888
18560	0.0	1.337658333433951	0.0	0.0	0.0	0.0	0.0	0.0	0.0	1.9668904419642703	2.053174475069854	0.0	0.9542673801097978	0.0	1.5617838349447002	0.0	0.0	2.1184270373969434	1.2787683502848175	0.0	0.0	0.0	0.6813889802682214	0.0
18561	0.0	1.2580605037610737	0.0	0.0	0.0	0.0	0.8243086432696182	0.0	0.0	2.870724501718148	1.2066148971064738	0.0	0.0	0.0	0.0	0.0	0.0	3.091634487611307	1.641783926213193	0.0	0.0	0.0	0.0	0.0
18562	0.0	2.043272115382579	0.0	0.0	0.0	0.0	0.0	0.0	0.0	3.2299586719730113	0.9666287854666096	0.0	0.0	0.0	1.6406690723723212	0.0	0.0	3.1455904241595207	0.9359694312097449	0.0	0.0	0.7175081631749748	1.9904163710758898	0.0
18563	0.0	0.9998621363648612	0.0	0.0	0.0	0.0	0.8812126923138967	0.0	0.0	3.396588904301757	2.6823447260668893	1.2243599970097128	0.0	0.0	0.7608851201909781	0.0	0.0	2.1219325017511523	1.3651538990949834	0.18944880847101278	0.0	0.0	1.2116764346537696	0.0
18564	0.0	1.1434782131376007	0.058520228061602765	0.0	0.9152771137439064	0.0	1.7711234859475982	0.0	0.0	2.4602040652771433	2.2826458864414376	0.0	0.0	2.3714029430647217	0.0	1.3973287808117714	0.0	4.447442444243198	2.320038138763433	0.0	1.5068326882232739	3.0595233344386448	0.6081600496392835	0.7153546433745449
18565	0.0	0.7947001183291553	0.0	0.0	0.0	0.0	0.0	0.0	0.0	0.8907733922321627	0.4213250442347431	0.7066882509449753	0.0	0.0	1.6551376392509538	0.0	0.0	0.8213137116947162	0.873372441420765	0.5230942053454705	0.0	0.0	1.5966043026201886	0.0
18566	0.0	1.5510985630274081	0.4905453653466307	0.0	0.0	0.0	0.0	0.0	0.0	2.496583551874261	1.1180195512343014	1.295754694735157	0.0	0.0	0.0	0.0	0.0	2.0635643989903745	0.45345606972847297	0.0	0.0	0.0	2.2747781347843077	1.0734763285283664
18567	0.0	1.8969129434787046	2.394637868713156	0.0	0.0	0.0	0.0	0.0	0.0	2.229871315415269	1.2612713798220339	0.5985567907674766	0.9142495059163535	0.0	0.6455073650056331	0.0	0.0	1.1871237539379293	1.853980752743318	0.0	0.0	0.0	0.0	0.0
18568	0.0	1.1307013145744258	0.0	0.0	0.6440810374394677	0.0	0.530306410103332	0.0	0.0	3.078888859342972	2.1375762230057505	0.0	0.0	0.0	0.0	0.0	0.0	3.2245580695450347	2.339367815658243	0.0	0.0	0.0	0.0	0.0
18569	0.0	1.5632639463596831	0.0	0.0	0.0	0.0	0.0	0.0	0.0	3.042996205491522	1.0255482878710906	0.0	0.0	0.0	2.1086703709996963	0.0	0.0	1.9655076950520316	2.1784591912415165	0.0	0.0	0.0	0.0	0.0
18570	0.9359207424713588	0.0	0.0	0.0	0.0	0.0	0.9492774289261535	0.0	0.0	2.9550200168426084	1.0201801995988022	0.0	0.0	0.0	0.0	0.0	3.8068929921794394	1.2958884798007408	1.0823415443577438	0.0	0.0	0.0	0.0	0.0
18571	0.0	1.261130328585698	0.0	0.0	0.0	0.4032591555871878	0.0	0.0	0.0	1.846972607557041	1.7179377931475925	0.0	0.0	0.0	1.0249715956320948	0.0	0.0	3.1613106669320956	0.85934879109432	0.21545804354355683	0.0	0.0	0.0	1.0978549871817396
18572	0.0	0.0	0.0	0.0	0.0	0.0	1.0780175011943516	0.0	0.0	2.924615977516021	2.221322338953586	0.0	0.0	0.0	1.2413829545221087	0.0	0.0	2.2523240472821637	0.7169704539330697	0.0	0.0	0.0	0.0	0.0
18573	0.0	1.6058882902219793	0.0	0.0	0.7607677856214855	0.0	0.49954322038299004	0.0	0.0	3.164397832815089	1.2949780763983871	0.8358935032155405	0.0	0.0	2.4289793378405578	0.0	0.0	4.111935033818328	2.1155204583842706	0.0	0.0	1.2711699911191519	0.9186046296581231	0.0
18574	0.0	1.9290214693840069	0.0	0.0	0.0	0.0	0.0	0.0	0.0	2.2521769007053236	2.071709577403566	0.8142887560140363	0.0	0.0	0.0	0.0	0.0	2.9866020637261	1.3271528488370614	0.0	0.0	0.3940327495569832	1.5034934461082499	0.0
18575	0.0	1.2713468551157654	2.0699000170562294	0.0	0.0	0.0	0.0	0.0	0.0	2.192964799751021	1.9129336703703033	0.0	0.0	0.0	0.0	0.0	0.0	2.032458825315977	2.9363757747746266	0.0	0.0	0.0	0.0	0.0
18576	0.0	1.3078362132695387	0.0	0.0	0.0	0.0	0.0	0.0	0.0	5.062247185605896	2.357298262994047	0.0	0.0	0.0	0.0	0.0	0.0	2.5614138910219086	0.0	0.0	0.0	0.0	0.0	0.0
18577	0.0	0.0	0.0	0.0	0.0	0.0	0.0	0.0	0.0	1.7611742519389324	2.2815121751585434	0.0	0.0	0.0	0.0	0.0	0.0	2.1069985166569625	0.765223862903841	0.0	0.0	0.0	1.1933859737858157	0.0
18578	0.0	0.0	0.0	0.0	0.0	0.0	0.0	0.0	0.0	2.1554742705214975	0.0	0.6460615689239566	0.0	0.0	1.2239704400771227	0.0	0.0	2.166347254549907	1.41745489661895	0.0	0.0	0.0	0.0	0.0
18579	0.0	0.2490710654313284	0.0	0.0	0.0	0.0	0.0	0.0	0.0	1.2200058161459457	0.9210633242364177	0.0	0.0	0.0	0.0	0.0	0.0	3.197967635733902	1.3769823911323407	0.5844193345970232	0.0	0.0	0.0	0.0
18580	4.412296202107857	0.0	0.0	0.0	1.4926371557477556	1.1757895956362687	0.0	0.0	1.1805381302699862	1.9837004618366931	1.1032125444420715	0.0	0.0	5.5807642645613305	0.0	1.8704068877362086	4.424137781719685	2.0891272406473025	3.010589432647378	0.0	0.0	0.5981073702136223	0.0	0.0
18581	0.9073424630067235	1.225473669356349	1.0822584727875495	0.0	3.0259844118703336	0.0	1.4338396187229543	0.0	0.7987625619956614	7.219773226390172	2.8957169441960935	0.0	1.3218044990644542	1.5347996340211738	0.0	2.0372082191207648	0.6948192381825451	3.24905022283521	4.391981099097556	0.0	0.0	4.280658684771563	0.0	0.0
18582	0.0	1.9580283450856575	0.0	0.0	0.0	1.8260406280470298	0.0	0.0	0.0	3.243802774767949	0.7947869805157959	0.9474922590753769	0.0	1.0747727744478779	0.0	1.3155013946944596	0.0	3.256477346185474	1.9016917241204632	0.0	0.0	0.803127875094074	0.9284131726049581	0.0
18583	0.0	1.9820513165349167	1.0354094182743878	0.0	0.0	0.0	0.4546946919881538	0.0	0.0	2.283982291252396	2.006296836892448	0.9572785462732041	0.0	2.07666785727952	1.335860116547716	1.0256613745004213	0.0	1.3011260054032083	1.636220072909515	0.0	0.0	1.9267709096784977	0.0	0.0
18584	0.0	2.179098378078822	0.0	0.0	0.0	0.0	1.3786688361894555	0.0	0.0	3.256209467876733	2.3280022423836972	2.0767008976156625	0.0	1.7893111621437157	0.0	1.9534178908510866	0.0	2.3105655354027177	3.136985253286743	0.0	0.0	2.720327447713495	0.8109272780032295	0.0
18585	0.0	0.8939762003291157	1.5854338146551727	0.0	0.0	0.0	1.3414294982711716	0.0	0.0	1.8208788279523338	2.2043366506579387	0.6531811901438868	0.0	0.0	0.905779920271593	0.0	0.0	2.540788198042135	1.1209349135595055	0.0	0.0	0.0	0.7899519704165813	0.0
18586	0.0	1.367484752033238	1.0703804634072558	0.0	0.0	0.0	0.6571262074593498	0.0	0.0	3.1213626534347263	2.055388583310049	0.0	0.9712534844778884	1.391034437905939	0.0	0.0	0.0	3.3147180922737154	1.912331812609321	0.0	0.5088470364988777	1.1793308956287338	1.0466348943388024	0.0
18587	0.0	1.1902005593238634	0.888979577955991	0.3324914641018509	0.0	0.0	0.8789075576462934	0.0	0.0	2.035662303932375	1.2167969667624863	0.0	0.0	0.0	1.2444082879066047	0.0	0.0	4.339792812208039	2.2822236060261907	1.177265182693683	0.0	1.1790474681879752	0.0	0.0
18588	0.0	1.8948179576952244	0.0	0.0	0.0	0.0	0.0	0.0	0.0	4.04270146974587	2.223881956623308	0.0	2.5968292971520266	2.0481740659528063	1.0326019658171337	1.6649456898530992	0.0	3.3604018026248945	1.8954481808073977	0.0	0.0	0.0	1.2487394727166004	0.43565822677154636
18589	0.0	2.2429409265515665	0.9486745843034644	0.0	0.0	0.0	0.0	0.0	0.0	1.9174506201843415	2.0346741686698184	0.0	0.0	0.0	1.5112870561406997	0.0	0.0	3.295820329578554	1.1186753949456734	0.0	0.0	0.0	0.0	0.0
18590	0.0	1.4654208786479477	0.0	0.0	0.0	0.0	0.0	0.0	0.0	4.663882624789134	1.1585651284670235	0.0	0.0	0.8338179612894906	0.0	0.0	0.0	2.962782230766576	2.2815286184197796	0.0	0.0	0.4167526651727721	0.0	0.0
18591	0.0	1.7639877671312654	0.0	0.0	0.0	0.0	0.0	0.0	0.0	3.245959011160227	2.3318515384468896	1.4564462664456967	0.0	0.0	0.0	0.0	0.0	3.2979169570047593	2.2303683092613467	0.0	0.0	0.0	0.992477755807831	0.0
18592	0.0	0.42662399793149625	0.0	0.0	1.436148209206417	0.0	0.0	0.0	0.0	3.0311856519313234	1.0856863666731125	0.0	1.2102029921584063	0.9826663003539093	0.0	0.0	0.0	1.9450731407092436	2.4209580617450146	0.0	0.639468612498439	0.9823596442877067	0.8088930785258289	0.0
18593	0.0	0.9996443812120832	0.0	0.4552898954390366	0.0	0.0	0.0	0.0	0.0	3.363331681532465	3.3811569354619166	0.0	0.0	0.0	0.0	0.0	0.0	2.4772834584143437	0.933903625100058	0.0	0.0	0.0	0.9618500691664764	0.0
18594	0.0	0.0	0.0	0.0	0.0	0.0	0.0	0.0	0.0	0.7184348140969454	1.599418041052067	0.0	0.0	0.0	0.0	0.0	0.0	2.4368258746894194	1.997085549766162	0.0	0.0	0.0	0.0	0.0
18595	0.0	1.7677026273246748	0.8693641634734697	0.0	0.0	0.0	0.0	0.0	0.0	2.16994833091581	1.2536983632746168	0.0	0.0	0.0	0.0	0.0	0.0	2.1001721605755175	1.2200260853088425	0.9509052585578986	0.0	0.0	0.0	1.3911153479530483
18596	0.0	0.785099998038731	1.0735444739738977	0.0	0.0	0.0	0.0	0.0	0.0	3.5780186113503607	1.4045192336843915	0.0	0.0	0.0	0.0	0.0	0.0	1.3504782231978967	2.9841560071199247	0.0	0.0	0.0	0.9511782856423813	0.0
18597	0.0	2.170438050967981	0.0	0.0	0.0	0.0	0.0	0.0	0.0	2.093124138941221	2.503192815374588	0.0	1.1242271711450254	0.0	1.847836587643115	0.0	0.0	1.7645131749843959	2.249451610837621	0.0	0.0	1.5514827686463455	0.5704007193215733	0.0
18598	0.0	1.428648370027712	0.0	0.0	0.0	0.0	0.0	0.0	0.0	4.469971396902565	0.8677069526051036	0.0	0.0	0.0	0.0	0.0	0.0	1.8174982751567577	0.8103102924701762	0.0	0.0	0.0	0.0	0.0
18599	0.0	1.149828471655258	1.3435410894855087	0.0	0.0	0.0	1.3748023315278006	0.0	0.0	4.480718977507263	1.174116421528025	0.0	0.43544172677222054	0.0	0.0	0.0	0.0	3.2101774156578946	1.9005940598334208	0.6317998180027358	0.0	0.0	0.9677429738415132	0.3040816230251051
18600	0.0	1.836501424402877	0.971253485622231	0.0	0.0	0.0	0.0	0.0	0.0	1.141878592446727	1.4200667899788215	0.26033911845761204	0.8263080807177666	0.0	0.49668607165086137	0.0	0.0	2.3698790118088824	6.220082311849082	0.0	0.0	0.0	0.3674567209918571	0.0
18601	0.0	1.6154136701618136	1.0360139270675859	0.0	0.0	0.0	0.8046387141616261	0.0	0.0	4.225705062242811	1.8297024887442739	0.0	0.0	0.0	1.6417783268365838	0.0	0.0	4.129426273796778	3.02129072707	0.0	0.0	0.0	0.0	0.0
18602	0.0	1.1530933778421326	0.0	0.0	0.3124002615723207	0.0	0.6894882904313343	0.0	0.0	3.267339083686547	2.058518144101027	0.6379975115988589	0.0	0.0	0.0	0.0	0.0	2.174344038270538	2.0797797361510075	0.0	0.4865442877790275	0.0	0.0	0.0
18603	0.0	0.0	0.0	0.0	0.0	0.0	0.0	0.0	0.0	1.931907520215879	1.016720732980578	0.0	0.0	0.0	0.0	0.0	0.0	0.9859716992302558	0.0	0.0	0.0	0.0	0.0	0.0
18604	0.0	1.1985605819129463	0.0	0.0	0.0	0.0	0.0	0.0	0.0	2.163897826892188	1.242495426457154	0.0	0.0	0.0	1.0620011086072647	0.0	0.0	2.089750781897886	3.99163927507021	0.7590042737469446	0.0	0.0	0.0	0.0
18605	0.0	1.1033037925441171	0.0	0.0	1.9293716291357774	0.0	0.0	0.0	0.0	1.9038910145883787	2.341798240972948	0.25942286164942163	0.0	0.0	0.0	0.0	0.30641821398890406	0.9973045995031643	3.488537935173083	0.7858624424280237	0.0	1.00246651656164	1.3666434280099	0.0
18606	0.0	2.1396465737595194	0.0	0.0	0.0	0.0	0.0	0.0	0.0	1.9341876921279428	2.0998680871377378	0.0	0.0	0.0	2.452767363258892	0.0	0.0	1.1115902383284417	5.116296135577818	0.7498998882540278	0.0	0.0	1.0627167866534202	0.0
18607	0.0	0.0	0.8026622028904662	0.0	0.0	0.0	0.0	0.0	0.0	1.168151275659938	1.5583690659434506	0.0	0.0	0.0	0.9149757761687927	0.0	0.0	2.223539080031665	2.897170989101432	0.8699358674804419	0.0	0.0	0.4285895452811124	0.0
18608	0.0	0.0	0.05882350736437414	0.0	0.0	0.0	0.0	0.0	0.0	2.1601271731782554	1.9578457771960152	0.6600197110713001	0.0	0.0	0.0	0.0	0.0	2.860927897108798	1.1052805148329061	0.0	0.0	0.0	0.0	0.0
18609	0.0	0.0	0.0	0.0	0.0	0.0	0.0	0.0	0.0	0.0	0.0	0.0	0.0	0.0	0.0	0.0	0.0	0.6022608155864179	0.0	0.0	0.0	0.0	0.0	0.0
18610	0.0	1.6610142143371172	0.0	0.0	0.0	0.0	0.0	0.0	0.0	2.1078735251195	1.2681690389080813	0.8590500525949124	0.0	0.0	1.8019453892545845	0.0	0.0	3.8172597267979618	2.104046441863108	0.0	0.0	0.0	0.0	0.0
18611	0.6651548439795264	1.8782044445172466	1.2596276178697405	0.0	0.0	0.0	0.0	0.0	0.0	1.9239762234841997	1.642906121772842	0.0	0.27195942496945624	0.0	0.0	0.0	0.0	1.1704257845872446	2.0101431627550115	0.0	0.0	0.0	0.0	0.0
18612	0.0	1.818247559049601	0.0	0.0	0.0	0.0	0.0	0.0	0.0	2.2788955632532533	1.1346116869973644	0.0	0.0	0.0	1.2123352501440334	0.0	0.0	1.1712961533358865	2.5006020637900885	0.0	0.0	0.0	0.0	0.0
18613	0.0	1.136378435080676	2.2562551275966665	0.43607030731886565	0.0	0.6235969386144643	0.0	0.0	0.0	1.1002697849953789	1.765334102764126	0.0	0.0	0.0	1.001691376375309	0.0	0.0	2.4285264301255745	3.5916617123742385	0.0	0.0	0.0	0.0	0.0
18614	0.0	0.7187795148233604	0.0	0.0	0.0	0.0	0.0	0.0	0.0	2.0051214511959476	2.2550158251954877	0.8456236545174013	0.0	0.0	0.8425847017314264	0.0	0.0	3.095486040939971	1.0567218166255614	0.0	0.0	0.0	0.0	0.0
18615	0.0	2.118902430741333	0.0	0.9390197522517569	0.0	0.0	0.42266434576826056	0.0	0.0	1.0637071953137338	0.4851369857641434	0.0	0.6526965620166444	0.6359994647116035	0.8475702605895328	0.0	0.0	5.716318701169341	0.680315801553771	0.9445986625579287	0.0	0.0	1.2189453082066861	0.0
18616	0.0	1.9956987611117833	0.0	0.98514629012013	0.0	0.0	0.0	0.0	0.0	2.7197802056234868	3.765912740018295	0.0	0.0	0.0	0.0	0.0	0.0	2.2273391490518297	1.7316089465939155	0.9938079899999066	0.0	0.0	0.0	0.0
18617	0.0	1.9755004117748949	0.9643040391231275	0.0	0.0	0.0	0.0	0.0	0.0	2.5381944303913024	1.1776195410673407	0.0	0.0	0.0	0.0	0.0	0.0	3.818929385705063	1.4120296383764528	0.0	0.5880345973228155	0.0	1.1129471788562175	0.0
18618	0.0	0.846450427885731	0.0	0.8140370059596992	0.0	0.0	0.0	0.0	0.0	1.1285984126218698	1.7999394054129951	1.6102499590334627	0.0	1.1034931442404867	2.0084714049761168	0.0	0.0	1.8581009330216773	1.036026352599822	0.0	0.0	0.28518907518615766	1.7501602889698449	0.0
18619	0.0	1.1033225492574863	0.0	0.0	0.0	0.0	0.7553396596475886	0.0	0.0	2.080654060629145	1.796932337872024	0.0	0.0	0.0	2.2158563838826524	0.0	0.0	2.1570663007521307	2.343412070816542	1.2125505219614297	0.0	0.3233546725987863	0.0	0.0
18620	0.0	0.8597713135882727	0.0	0.0	0.0	0.0	0.0	0.0	0.0	1.9421184477381312	2.2003669889396944	0.0	0.0	0.0	2.2223207555427433	0.0	0.0	3.4583675233004834	2.8835527235950824	0.0	0.0	0.0	0.0	0.0
18621	3.5801021239724857	0.0	1.0255249220385356	0.0	2.525755317561549	0.0	0.0	0.0	0.0	2.9845193788511284	0.8516897955522388	0.0	0.9857329476953379	0.0	0.9351879846146164	1.233493658721501	0.0	1.1376399983601517	1.1523935258994047	0.9224407682259103	0.0	0.0	0.0	0.0
18622	0.7640551495921563	1.211406190191695	1.23365824730084	0.0	0.0	0.0	0.8071978786887722	0.0	0.46804632648933375	1.9486678528399215	2.093525635946712	0.0	0.0	0.0	0.0	0.0	0.0	2.5757309794807535	1.1208002417104406	0.0	0.0	0.0	0.0	0.0
18623	0.0	2.6766917632598823	0.75668714957476	0.0	3.802157268811465	0.6688525638715495	0.9000733829214346	0.0	0.8738516555225044	4.232617147748673	2.0159945180192516	0.0	0.0	1.920630378318283	0.6719560814544521	2.3176474793087585	0.0	2.9126803381111888	2.7884107671107308	0.0	0.7132526430871827	3.5664022575242367	0.0	2.3313244364190737
18624	0.0	2.1552760047101045	0.0	0.0	0.0	0.0	0.0	0.0	0.0	2.2277961025365696	2.580018590475129	0.11170723241493642	0.0	0.374244236836298	0.0	0.0	0.0	1.2820717826770338	4.359171165736948	0.0	0.5942887756940999	0.0	0.0	0.0
18625	0.0	0.0	0.8893285512124752	0.0	0.0	0.0	0.0	0.0	0.0	2.162136440099902	1.4120061731024427	0.0	0.0	1.4019191235877098	0.9820912664404299	0.0	0.0	2.0363435892045127	3.110638754911028	0.0	0.0	0.21943483956125678	0.0	0.0
18626	0.0	0.8449070550763119	0.0	0.0	0.0	0.0	0.0	0.0	0.0	2.5543576145974387	2.313584882094073	0.0	0.0	0.0	0.97639661005969	0.0	0.0	3.4004313050922503	0.0	0.0	0.0	0.0	0.0	0.0
18627	0.0	1.2364449483496986	0.0	0.0	1.451022037336367	1.2302541921201005	0.0	0.0	0.0	1.952478784160842	2.797682689291336	1.0046804049295393	0.0	1.0220134575396578	0.0	0.0	0.0	4.556038642219091	2.6957127878769587	0.0	0.0	2.189264828449344	0.0	0.0
18628	0.0	1.2865364174006495	0.0	0.0	0.0	0.0	1.2953257296676082	0.0	0.0	3.0509489529970226	1.6611506134058376	0.0	0.0	0.0	0.0	0.0	0.0	2.01953125534583	2.271134830463783	0.0	0.0	0.0	0.7379514530421054	0.0
18629	0.0	2.0168829355539537	1.060007281092992	0.0	0.0	0.0	1.5038452926704697	0.0	0.0	5.604417682906784	1.1883831917151055	0.0	0.7844369938474421	0.0	1.5040870136826083	0.0	0.0	2.648224113054836	1.7003902438522747	0.8687092686907137	0.0	0.0	1.3118119850483896	0.0
18630	0.0	0.7367247991971398	0.0	0.0	0.0	0.0	0.0	0.0	0.0	1.2756810165294004	1.6543417819862436	0.0	0.24277055428451297	0.0	1.600974524011747	0.0	0.0	3.3396528837173265	1.8263161212143777	0.0	0.0	0.0	0.0	0.0
18631	0.0	0.7593354844260385	0.0	0.0	0.5333476425443381	0.0	0.5396807123953311	0.0	0.0	2.0979483891733612	2.3192160097148586	0.9300148672693825	0.0	0.0	1.0120960425793717	0.0	0.0	1.2644256883773641	2.0090285420846405	0.0	0.0	0.0	0.0	0.0
18632	0.0	1.550242125529786	0.0	0.0	0.0	0.0	0.6085990894664862	0.0	0.0	2.9708559272991777	0.9565514445883307	0.0	0.0	0.0	0.0	0.0	0.0	3.118916009432586	1.848327784000122	0.0	0.0	0.0	0.0	0.0
18633	0.0	1.487683969003524	0.0	0.0	0.0	0.0	0.0	0.0	0.0	2.7466496846756234	0.957008709401672	0.0	0.0	0.0	0.0	0.0	0.0	0.6445566264312035	0.0	0.0	0.9875615812020389	0.622736794691148	1.0348540126123111	0.3243722505214497
18634	0.0	0.0	1.7416172283327829	0.0	0.8045459645098625	0.0	0.0	0.0	0.0	3.2286166457670418	3.2128523277508716	0.0	0.0	1.2713955520842675	0.0	2.6100571713050806	0.0	2.2941655706236013	1.0241367923931275	0.20713642198380058	0.0	0.9163083031467685	0.0	0.0
18635	0.0	0.8435415172605912	0.0	0.0	0.0	0.0	0.0	0.0	0.0	3.9581795140318823	2.476034734462237	0.9338770635650003	1.1461578966680284	0.0	2.1138071575915474	0.0	0.3651810808000792	2.2108455773953763	0.8433328870714181	0.0	0.0	0.0	0.8398535567792648	0.0
18636	0.0	0.8713715805950099	0.0	0.0	0.0	0.0	0.0	0.0	0.6262831352304697	3.068227695830719	1.1735171602097947	0.0	0.0	0.0	0.0	0.0	0.0	2.0917511283198285	1.0677986121389074	0.0	0.0	0.0	0.9628020535642788	0.0
18637	0.0	0.0	0.9999509839962453	0.7602946164483089	0.0	0.0	0.0	0.0	0.0	2.214661175235108	1.339230659676135	0.0	0.0	0.0	1.40929116241289	0.0	0.0	1.3606874220911698	1.1953427572333524	1.288453452150503	0.0	0.0	0.9971385372981083	0.0
18638	0.0	1.2596613991516283	0.0	0.0	0.0	0.0	1.2314042073936942	0.0	0.0	4.609921310114356	1.99677786391613	0.0909088960666673	0.0	0.0	0.0	0.0	0.0	3.352618272355987	2.2621085723919654	0.5051364725919413	0.0	0.0	0.0	0.0
18639	0.0	1.1180563606573364	0.0	0.0	0.0	0.0	0.0	0.0	0.0	3.241851998333496	1.0077320314804756	0.0	0.0	0.0	1.1084490667541056	0.0	0.0	2.14544927854843	2.8423022834021716	0.0	0.0	0.0	0.0	0.0
18640	0.0	1.243074223795907	0.7491820041145337	0.0	0.0	0.0	0.7179052339488179	0.0	0.0	2.086057510873345	1.3019136272630634	0.0	0.0	0.963614423027035	0.0	0.0	0.0	2.024089940860815	2.189068601762729	0.5026452480851301	0.0	0.0	0.0	0.0
18641	0.0	1.1607524237167766	0.0	0.0	0.0	0.0	0.0	0.0	0.0	3.1429462636403867	2.6485997000013968	0.0	0.0	0.0	0.0	0.0	0.0	0.858302548888971	1.7869809231194838	0.0	0.0	0.0	0.0	0.0
18642	0.0	2.163883528479834	0.0	0.0	0.0	0.0	0.0	0.0	0.0	4.548384955211323	3.113838989204348	0.0	0.7739621999360642	0.0	0.0	0.0	0.0	1.2623532252483551	1.357067519160662	0.0	0.0	0.8175459279497821	0.0	0.0
18643	0.0	0.8317226257903975	0.0	0.0	0.0	0.0	0.0	0.0	0.0	3.5584056349431417	1.9947782960822795	0.0	0.0	1.5531276468496187	0.0	0.0	0.0	2.595770851941572	1.292349433113271	0.0	0.0	0.0	1.0048963166147729	0.0
18644	0.0	1.999714091912154	0.0	0.0	0.0	0.0	0.6976873775321414	0.0	0.0	2.7005176598515184	2.8291392946545444	0.0	0.0	0.0	0.9116109714311698	0.0	1.4862140418236673	3.1125702438724856	3.1665994163330375	0.0	0.0	0.0	0.0	0.0
18645	0.0	0.956022224963236	0.0	0.0	0.0	0.0	0.5197272152239429	0.0	0.0	2.188132019118561	2.3079276333608143	0.0	0.0	0.6803125446632243	1.4082551329128348	0.0	0.0	2.939734519207444	2.0975131901720294	0.0	0.0	0.38060373599988356	0.0	0.0
18646	0.0	1.2233787457511085	0.6723910807519813	0.0	0.0	0.0	0.0	0.0	0.0	1.8472930433167765	1.7862785704551578	0.0	0.0	1.8738318160231147	1.1568601487175916	0.0	0.0	3.0686431121569906	1.9758952302356785	0.0	0.0	0.0	0.0	0.0
18647	0.0	2.242354094484237	0.0	0.0	0.0	0.0	0.0	0.0	0.0	3.3209170323171278	2.434867207447099	1.0598916236446934	0.0	0.8309612817608978	0.8027953010718039	0.0	0.0	2.2431754566402327	1.7972420107068048	0.0	0.0	1.6757353684671095	1.5791802877542431	0.5694604534301778
18648	0.0	1.205149842131376	0.0	0.0	0.0	0.0	0.0	0.0	0.0	3.2377163903241795	2.0674036408227647	1.647633724753645	0.0	0.0	0.8602992468532223	0.0	0.0	2.1443654538795114	2.868375380959611	0.0	0.0	1.3784790113245888	0.0	1.19244325790409
18649	0.0	0.8756921653169054	0.0	0.0	0.0	0.0	0.24335534896253022	0.0	0.0	3.1466698135611075	2.090197813406742	0.0	0.5748563038837989	0.0	1.2418134558852938	0.0	0.0	1.0895088774528243	0.9075966470204055	0.0	0.0	0.0	0.0	0.0
18650	0.0	1.1978529684255264	0.0	0.0	0.0	0.0	0.0	0.0	0.0	3.6735742448335214	2.11135797449526	0.0	0.0	0.6748578322368626	0.959951386833964	0.0	0.0	3.157075866633816	2.0704268934301733	0.7584888981337421	0.0	0.0	0.0	0.0
18651	0.0	1.0669217382099088	0.0	0.0	0.0	0.5177267478674091	0.0	0.0	0.0	2.420347816924547	2.2765453899177768	0.0	0.0	0.0	0.0	0.0	0.0	3.014467250038581	1.1760253030358487	0.0	0.0	0.0	0.0	0.0
18652	0.0	0.0	0.0	0.0	0.0	0.0	0.0	0.0	0.0	1.7662069476462898	1.1715714450907981	0.0	0.0	0.0	1.5639876089855107	0.0	0.0	3.0818189341969284	1.2707447578489297	0.0	0.9256831015771296	0.4579018844313134	1.6631849415042137	0.0
18653	0.0	1.6392590141769339	1.3746708368973874	0.2088313506387307	0.0	0.0	0.7222133282980037	0.0	0.0	1.9428593221422548	1.3241423597124407	0.0	0.0	0.0	0.9543748761995926	0.0	0.0	1.1358022147065436	1.4045126551078817	0.0	0.0	0.423291079742281	0.0	0.0
18654	0.0	1.064285672672312	0.0	0.0	0.0	0.0	0.0	0.0	0.8599272215652257	1.295252436351914	3.6640259593211186	0.0	0.0	0.0	0.21137108216357317	0.0	0.0	0.9594774697330694	3.539490119500363	0.0	0.0	0.0	0.0	0.0
18655	0.0	1.3505203906064458	0.0	0.0	0.0	0.0	0.4795571708354278	0.0	0.0	1.0698484141765627	0.8091521199309136	0.2965504060471992	0.0	0.0	0.8668638828864608	0.8984755882287497	0.0	1.0582166532459696	1.7135880362334523	0.0	0.0	0.0	0.4765645191995464	0.0
18656	0.0	0.9146597080194232	0.0	0.0	0.0	0.0	0.0	0.0	0.0	2.192831648416693	2.392357948627848	0.9568451460405448	0.0	0.0	1.037916793692879	0.0	0.0	2.4077926082543666	1.8011134858419064	0.0	0.0	0.0	0.0	0.0
18657	0.0	0.0	0.7975215242218997	0.0	0.0	0.0	0.9973380368371708	0.0	0.0	2.5860201081971503	2.8761273076709513	0.0	0.0	0.0	0.0	0.0	0.0	1.0688986755994345	1.3482241406136197	0.0	0.0	0.0	0.8536583853561617	0.0
18658	0.0	1.2795371566194866	0.0	0.0	0.0	0.0	0.0	0.0	0.0	2.0260995846345566	2.129235204155065	0.0	0.0	0.8049364748867812	0.0	0.0	0.0	2.2735458557111357	2.250520837836555	0.6266002872741844	0.0	0.0	0.0	0.0
18659	0.0	1.0531992204551504	0.0	0.0	0.0	0.0	0.0	0.0	0.0	3.5351880412900516	1.1602254415053725	0.0	0.9280834102028606	0.0	0.0	0.0	0.0	3.4691556395717	2.247789227618961	0.0	0.33710297119420746	0.0	0.6330231321629731	0.0
18660	0.4983222485839538	1.0935659626888443	1.4064704494006948	0.0	0.0	0.0	0.7138074871940416	0.0	0.0	2.9033034654675367	1.775143178310768	0.0	0.0	0.0	1.0010251623314428	0.0	0.0	3.1644337456963427	3.3508207758663886	0.0	0.0	0.0	0.0	0.35901077379822605
18661	0.0	0.786971531600895	0.0	0.0	0.0	0.0	0.0	0.0	0.0	2.311972938497517	1.7611507388858127	0.0	0.0	0.0	1.1886517785294128	0.0	0.0	3.3558721993741814	2.0895012467737875	0.0	0.0	0.0	0.0	0.0
18662	0.0	1.2531433788732378	0.0	0.0	0.0	0.0	0.0	0.0	0.0	2.127747077091302	2.5940301312610017	0.0	0.0	1.86640179435163	1.312870186623733	1.5486148668969404	0.0	4.394563744765696	1.1723906314958634	0.0	1.0288027411501428	1.830129460939026	1.2913818419339962	0.0
18663	0.3499271061118826	1.2005190450953416	0.0	0.0	0.3637313702934828	0.40246209847575326	0.0	0.0	0.0	2.1959010990237107	1.7444499645740243	0.0	0.0	0.7767004696132133	1.459030204796802	0.0	0.0	2.316035356293311	1.7718934951066132	0.6798673389590317	0.0	0.3637313702934828	0.0	0.0
18664	0.0	1.49523688201346	0.0	0.0	0.0	0.0	0.0	0.0	0.0	2.301474687820627	1.7554109516999883	0.0	0.0	0.0	0.4606287823958331	0.0	0.0	2.3761482749490743	1.9334553828643903	0.0	0.0	0.0	0.0	0.0
18665	0.0	1.7064457036889864	0.0	0.0	0.875255892841016	0.0	0.0	0.0	0.0	4.058841386635884	2.9402992995639057	0.0	2.2459033891878217	0.8177080446931028	0.8123791260884602	0.0	0.0	1.337008739621022	0.8815238797593277	0.0	0.0	0.9900612518489688	0.0	0.0
18666	1.3273479386832754	1.0758309600538325	0.3801014260491106	0.0	0.8440584338813554	0.0	0.0	0.0	0.0	4.526737832540967	0.9917512590789537	1.823220490541808	1.4518171547717642	1.5973708839888308	0.9557912589270964	2.0495829853108694	0.0	1.059118193911944	0.9410189780780467	0.48878180228938356	0.0	0.5376443024367255	1.87392056200702	0.0
18667	0.0	1.1710365331701156	0.0	0.0	0.0	0.0	0.0	0.0	0.0	0.9307288620169046	3.064325253336092	0.0	0.0	0.0	0.0	0.0	0.0	0.976786477303863	2.902414061929875	0.0	0.0	0.0	0.6882382574703766	0.0
18668	0.0	1.6829082346126296	0.0	0.0	0.0	0.0	0.0	0.0	0.0	2.1312968388466627	3.3692333450405796	0.5425863986500216	0.0	0.0	1.0	0.0	0.0	0.8787393129235204	1.7968212673125468	0.0	0.0	0.0	0.0	0.0
18669	1.3788223079864652	0.9565282091278565	0.0	0.0	0.0	0.0	0.0	0.0	0.0	1.7642744393106897	1.0663161208455418	0.6150095782477086	0.0	0.0	1.1435895579365558	0.0	0.0	2.196287460571378	1.943014483738432	0.0	0.0	0.0	0.0	0.0
18670	0.0	1.05167939389963	0.0	0.0	0.0	0.0	0.0	0.0	0.0	1.9536943705607197	1.979031928632489	0.0	0.47548667261458993	0.0	1.5658533592306996	0.0	0.0	3.184845339995049	1.7960614365755774	0.0	0.0	0.0	0.0	0.0
18671	0.0	1.1672957487626539	0.0	0.0	0.0	0.0	0.0	0.0	0.0	4.589372027780741	1.1580086340523512	0.0	0.0	0.0	0.0	0.0	0.0	2.0722358187882226	0.9472271389586525	0.0	0.6722779248394437	0.0	0.0	0.0
18672	0.0	1.5477680185459488	0.0	0.0	0.0	0.0	0.0	0.0	0.0	3.553351403033906	1.356567549120015	1.1990729847745838	0.0	0.5281193745564242	0.0	0.0	0.0	1.85201504799408	1.4465557953197246	0.0	0.0	0.0	0.0	0.0
18673	0.0	0.843391678764691	0.0	0.0	0.0	0.0	0.0	0.0	0.0	0.5318160234783104	1.184962482153041	0.0	0.0	1.1124425129736828	0.0	1.3788469171237532	0.0	5.77407952240578	0.0	0.0	0.0	2.813348637399132	0.0	0.0
18674	0.0	1.3101932476803373	0.9752896145975339	0.0	0.0	0.7274503531949816	0.810029179432375	0.0	0.0	4.822285544202302	1.1664538271001994	0.6255686287569312	0.0	0.0	0.3705346385526554	2.262230256421823	0.0	3.331374068066586	1.068114874892758	0.0	0.0	0.6343455255318552	0.0	0.0
18675	0.0	1.8265868398481815	0.0	0.7340002842972434	1.8720920945571478	0.0	0.7942642373967651	0.0	0.0	2.1616706737860514	1.132770250507883	0.0	0.0	0.984177184330117	0.0	0.9535560423393743	0.4996068628508554	2.9193802409022336	2.03088984023081	0.46799531360034696	0.9773395485907568	3.167714236779253	0.0	0.0
18676	0.0	0.4969039949999533	1.1136898696060584	0.0	0.0	0.0	0.0	0.0	0.0	3.471909936526306	1.1522094406827321	0.4211290378579417	0.0	0.0	0.0	0.0	0.0	1.9483989465625824	1.3016514304020805	2.3705619624537166	0.6233098141741877	0.0	1.4233642179573602	0.0
18677	0.0	1.123646996674759	0.9767530841921257	0.0	0.0	0.0	1.3678475043750224	0.0	0.0	3.021845349083893	1.9456230102293863	1.0048740721236897	0.0	0.0	0.8440849121048043	0.0	0.0	2.889959352120534	2.0865117860532623	0.0	0.0	0.7430809711331859	0.0	0.0
18678	0.0	1.1919424457952466	0.0	0.0	0.0	0.0	0.0	0.0	0.0	4.553121837013117	1.3217010407979954	0.0	0.0	0.0	0.9117503155456202	0.0	0.0	2.39767603174112	3.2835803449549354	0.0	0.0	0.0	1.454934845684177	1.1100502432633836
18679	0.0	1.7105800711301455	1.166597742324946	0.0	1.5582206866223776	0.0	1.0057758712102058	0.0	0.0	2.1059846191994587	1.2344635239183996	0.8717422757100174	0.0	0.0	0.0	0.0	0.0	2.045858205338715	1.0193868301146216	1.3193317814886614	1.4901902993736011	0.0	0.951709918922418	0.0
18680	0.0	0.9738615775096565	0.0	0.7147829079473107	0.0	0.0	1.1037240020255392	0.0	0.0	2.3563284466588725	0.990562713892139	0.0	0.0	0.0	0.9926682399095795	0.0	0.0	3.092584577883155	1.5145780840249952	0.8564585776488731	0.0	0.0	0.7823231821183938	0.0
18681	0.0	4.015595171564919	0.0	0.0	0.0	0.0	0.0	0.0	0.0	5.046063225487337	0.9465887416120539	0.0	0.0	0.0	1.2316480315524434	0.0	0.0	4.829207396090944	1.9063306707377805	0.0	0.0	0.0	0.0	0.0
18682	0.0	0.8104559663917785	0.0	0.0	0.0	0.0	0.0	0.0	0.0	3.0582981237792772	1.9620699627245317	1.1651317544188098	0.0	0.0	0.7524799674926897	0.0	0.0	2.455016749797989	1.3155888343172253	0.0	0.0	0.0	1.0870298202742128	0.0
18683	0.0	1.2360564628433315	1.3876067539592194	0.9703627727238582	0.0	0.0	0.0	0.0	0.0	2.2947985826145407	1.8849911112155682	0.0	0.0	0.0	1.0300341368266108	0.0	0.0	1.9575146771963359	1.1224199075933827	0.0	0.0	0.0	0.0	0.4071444630834699
18684	0.0	0.0	0.0	0.0	0.0	0.0	0.9501324380292755	0.0	0.0	3.3492078537572785	1.0416879540196011	0.0	0.0	0.0	1.1197266383338476	1.5102568688694822	0.0	1.318062088031719	3.3004695463845333	0.0	0.48019077101235447	0.8145009923769627	1.1467893713421906	0.0
18685	0.0	0.0	0.0	0.0	0.0	0.0	0.0	0.0	0.0	2.962458995430039	1.3157941835924756	0.0	0.0	0.0	0.7957434868634101	0.0	0.0	1.0568908308362182	0.46618559952324534	1.2648553018091664	0.0	1.1444811546930374	0.9981357570642863	0.0
18686	0.0	0.0	0.0	0.0	0.0	0.0	0.0	0.0	0.0	0.0	0.0	0.0	0.0	0.0	0.0	0.0	0.0	1.3799575659080072	0.0	0.0	0.0	0.0	0.0	0.0
18687	0.0	1.9887090887254535	0.0	0.5714982304720507	0.0	0.0	0.0	0.0	0.0	1.154802844129678	2.422966691292668	0.8257047275951087	0.0	0.0	0.7634579654353412	0.0	0.0	1.1495522685908797	4.156590380316972	0.0	0.0	0.0	1.8246161773394451	0.0
18688	0.384015075924268	1.7619849566559294	0.0	0.33588017005113646	0.784297580999695	0.0	0.0	0.0	0.0	2.2103269328942883	1.1079059602639525	0.0	1.2575449536353724	0.8466228062808085	1.4368405122284353	0.0	0.0	2.1598159069254046	2.443502760083884	0.8901924021574092	0.0	0.0	0.0	0.0
18689	0.0	0.0	0.0	0.8467978188141447	0.0	0.0	0.0	0.0	0.0	3.4402061506888604	1.74723241970019	0.0	0.0	0.0	0.0	0.0	0.0	4.126280236699902	2.358017379809301	0.0	0.0	0.0	0.0	0.0
18690	0.0	2.4806917689166115	0.8550663985640885	0.0	0.0	0.0	0.9972527420619451	0.0	0.0	1.0075254438942296	0.0	0.8505303759648783	0.0	0.9165151389911679	0.3588772310150298	0.0	0.0	0.6934931756235877	1.0553300974192819	0.0	0.0	0.0	0.0	0.0
18691	0.0	1.2709261852357823	0.0	0.0	0.0	0.0	0.0	0.0	0.0	4.4155533028359795	1.2353069511850012	0.0	0.0	0.0	1.2461360772438805	0.0	0.0	2.0979052282726616	2.7494268121779544	0.0	0.0	0.0	0.0	0.0
18692	0.0	1.090314683938482	0.0	0.0	0.0	0.0	0.0	0.0	0.0	2.621686397424892	1.5820770627562668	0.0	0.0	1.6407283052897037	0.0	0.0	0.0	2.7622611551754246	2.1211848375892433	0.0	0.0	0.0	0.8031980684965888	0.0
18693	0.0	1.9506629504412214	0.0	0.0	0.0	0.0	1.075168927128043	0.0	0.0	3.3252925650419822	2.1493132352172744	0.0	0.0	0.0	0.0	0.0	0.0	2.9108022181591218	2.3038820414308425	0.0	0.0	0.0	0.0	0.0
18694	0.0	2.2676878331204557	0.0	0.0	0.0	0.0	0.0	0.0	0.0	3.0291429901038978	1.8685738119244022	0.0	0.0	0.0	0.0	0.0	0.0	3.2046855365371822	2.979403210965014	0.0	0.0	0.0	0.0	0.0
18695	0.0	1.176448531298744	0.0	0.0	0.9916453623504049	0.0	0.0	0.0	0.0	3.9021429426975422	2.4371678169527913	0.6686361441233486	0.0	0.0	0.8778963164032322	0.0	0.0	1.9722041644250998	1.2615010792750045	2.2037571103497764	0.0	0.0	1.380308803287105	0.0
18696	0.0	1.0658110489585697	0.6600592056829891	0.0	0.0	0.0	0.9428090415820635	0.0	0.0	2.3560817854499057	1.737585793442948	0.0	0.0	0.0	0.0	0.0	0.0	3.0804027614647254	3.5766990156798815	0.0	0.0	0.0	1.490877322935692	0.0
18697	0.0	1.3872339910615683	0.0	0.0	0.0	0.0	0.0	0.0	0.0	2.9400885543799964	2.724080073143585	0.0	0.0	0.0	0.9977753031397177	0.0	0.0	3.5563336318869707	0.9530740497868989	0.0	0.0	0.0	0.0	0.0
18698	0.0	1.5415289700597106	0.0	0.08325906067627618	0.0	0.0	0.0	0.0	0.0	3.5509349353618873	2.4653902665751435	0.0	0.0	0.0	0.0	0.0	0.0	1.2645007084425983	1.11530544877656	0.0	0.0	0.0	0.8898093635384807	0.0
18699	0.0	0.6092680974047218	1.1584723987354064	0.0	0.0	0.0	0.8861415670529246	0.0	0.0	0.8140205389729563	2.9052274187545213	0.0	0.0	0.0	0.0	0.0	0.0	1.451578147938196	0.9904027533555163	0.4193104701862643	0.0	0.0	0.0	0.0
18700	0.0	0.0	0.0	0.0	0.9760845356801586	0.0	0.0	0.0	0.0	2.814390096819187	0.9397997814725783	0.0	0.0	0.0	0.0	0.0	0.0	1.2780450087555963	0.873353927658162	0.4792601671588756	0.0	0.0	0.0	0.0
18701	0.0	2.3484723597340693	0.0	0.0	0.0	0.0	0.0	0.0	0.0	2.8214496118806895	2.8938545837102323	0.0	0.9687252766599636	0.0	1.1556129915090936	0.0	0.0	3.7560137479769238	3.1266580089742275	0.46880604546379834	0.0	0.0	0.0	0.0
18702	0.0	1.427742909520835	0.0	0.0	0.0	0.0	1.3607628353747263	0.0	0.0	4.00414848508441	1.1940984621921256	0.0	0.0	0.912053179380747	1.1692493253848566	0.0	0.0	1.9238582293622968	1.6434226148007116	0.0	0.0	0.794594102832211	0.9598319470594484	0.0
18703	0.0	0.9843114724700475	1.0170442004429432	0.0	0.0	0.0	0.0	0.0	0.0	4.192999733026996	1.1100303385663488	0.7931884994957742	0.0	0.7282736873137683	0.0	0.0	0.0	2.7069768275294743	2.1869296238558333	0.0	0.0	0.6902106881860548	0.8137622266888488	0.0
18704	1.175868659487977	1.0992742277935053	0.9432928039013149	0.0	1.6194130928926378	0.0	0.8348696948670536	0.0	1.886382651047459	1.859036261280658	1.2931508073216167	0.0	0.0	1.1425728433373348	1.057924065975341	0.0	3.649465757431761	3.156036399886087	2.8020858388013337	0.0	0.8307532074162417	0.8222842287034213	0.0	0.0
18705	0.6534792330477621	0.9476050057453159	1.0	0.0	0.0	0.0	0.9882605681789007	0.0	0.8955564767738311	0.8660254037844386	0.961506447834392	0.0	0.0	0.8814795362568016	0.6561673228343176	0.0	1.0714456273455375	3.5022309035492145	0.7887097452651268	0.0	0.0	0.1428261375083551	0.32267389320802614	0.0
18706	4.22089509953548	1.863867198225898	2.435000674400756	0.0	0.0	0.0	0.0	0.0	2.8911256736939808	3.2211950897980435	2.015479919896615	0.0	1.6811633678156994	0.0	1.7709569941841372	0.0	11.582907935124291	2.1017658407584583	2.189279155063976	0.0	0.0	0.4082077956673081	0.9603979902382538	0.0
18707	5.648327208641302	1.0551619946941408	1.4884782872777504	0.0	0.0	0.0	0.0	0.0	1.704555957725481	1.8380949884358744	2.3660291666574236	0.0	0.0	2.5093955392130236	0.49157838190420416	1.2125626415662911	15.057784531596939	2.012727674117567	1.3190946059426834	0.12883020694783584	0.0	2.544228328659648	0.8843525183285064	0.0
18708	5.2004251186224275	0.936196028282724	2.325728400810419	0.0	1.2236196274743587	0.0	0.9063465094758406	0.0	3.8167554365816376	3.148139159079623	0.8441536166345188	0.0	0.0	1.496629376579841	0.0	1.15307709059694	6.177397397467367	1.9525759781435121	3.054073607833165	0.0	0.0	1.7862662135939669	1.229061050291288	1.4579883827018458
18709	0.0	0.861864538720683	0.8068380595392037	0.0	0.0	0.0	0.0	0.0	0.0	2.8698943556644037	2.2892644860003872	0.0	0.0	0.0	1.5041276541570532	0.0	0.0	2.0439412737266167	1.2187223190329664	0.0	0.0	0.0	0.0	0.0
18710	0.0	1.6566402874722352	0.0	0.0	0.0	0.0	0.0	0.0	0.0	2.787658108525481	0.9007678385477236	0.0	0.0	0.0	0.0	0.0	0.0	3.0133582514049495	0.0	0.44790320823880836	1.3990541582522487	0.0	0.0	0.0
18711	0.0	1.4354091073821273	0.0	0.0	0.0	0.0	0.0	0.0	0.0	1.9924774170661772	0.9912389616819366	0.0	0.0	0.0	0.729297607290741	0.0	0.0	2.198629165750237	0.9744800752976858	0.0	0.0	0.9367496997597593	0.9191231290686187	0.0
18712	0.0	0.9628870424921536	1.4368311191182728	0.0	0.42737015654571625	0.0	0.0	0.0	0.0	3.139616075970761	2.882526586416162	0.0	0.0	0.0	0.9179520085943595	0.0	0.0	2.3085766771893996	2.0604864299981887	0.0	0.0	0.0	1.2234137025040541	0.0
18713	0.0	2.0989143557520054	0.0	0.0	0.0	0.0	1.2976774802719593	0.0	0.10980510837390707	4.590287133584398	3.0580387862400187	0.0	0.0	0.0	0.0	0.0	0.0	1.968394652147546	1.1478059894327048	0.0	0.0	0.0	0.0	0.0
18714	0.0	0.0	0.0	0.0	0.0	0.0	0.0	0.0	0.0	1.1183102544710488	2.2937373734902504	0.0	1.5783064369760158	0.0	0.0	0.0	0.0	1.1942371296039616	1.630172443615624	0.0	0.0	0.0	0.0	0.0
18715	0.0	1.803097632126694	0.0	0.0	0.0	0.0	0.0	0.0	0.0	4.009388995449293	1.1786530035325986	0.0	0.0	0.0	0.0	0.0	0.0	0.9085708256264803	1.9852821499332909	0.0	0.0	0.0	0.0	0.0
18716	0.0	0.844233446250842	0.0	0.0	0.0	0.0	0.0	0.0	0.0	2.715946792355676	1.2574275443205372	0.0	0.9282018660116064	0.0	0.0	0.0	0.0	1.8398779793124465	1.3563541537696597	0.0	0.0	0.9561647871378356	0.0	0.0
18717	0.0	0.0	1.0966243096627075	0.0	0.0	0.0	0.0	0.0	0.0	0.8762339533602855	1.9240284555684812	0.0	0.0	0.0	1.3888194427082465	0.0	0.0	3.206886308472932	1.1691897885457105	0.0	0.26339134382131846	0.0	1.0173798348675196	0.0
18718	0.0	0.0	0.0	0.0	0.0	0.0	0.0	0.0	0.0	1.8512143479699201	0.0	0.0	0.0	0.0	0.0	0.0	0.0	2.201802417179507	0.16216216216216217	0.0	0.0	0.0	0.0	0.0
18719	0.0	1.004770381294671	0.0	0.0	0.0	0.0	0.0	0.0	0.0	2.101110960958044	1.0925154398830157	0.0	0.0	0.0	0.0	0.0	0.0	1.7599637757488455	2.039899069866514	1.7701320859856957	0.0	0.0	0.0	0.0
18720	0.0	1.7865755416990607	0.0	0.0	0.0	0.0	1.019748660019314	0.0	0.0	1.8275532800200642	2.8752165678706283	0.0	0.0	0.0	0.0	0.0	0.0	2.170941593761027	1.9494569762790224	0.0	0.0	0.0	0.0	0.0
18721	0.0	0.0	0.0	0.0	0.0	0.0	0.0	0.0	0.0	4.2581748263487045	2.5920853060919407	0.0	0.0	0.0	0.0	0.0	0.0	2.5658404849373344	0.8612703131959286	0.0	0.0	0.0	0.0	0.0
18722	0.0	1.1850852489987442	0.0	0.0	0.0	0.0	0.0	0.0	0.0	2.3389831817879654	0.3228959254474457	0.0	0.0	0.0	2.1989019715813676	0.0	0.0	1.251821259087964	2.4789265947721915	0.0	0.0	0.0	0.0	0.0
18723	0.0	0.7342744382159057	0.0	0.0	0.0	0.0	2.9981910055157517	0.0	0.0	3.026405700198068	1.4414841994868621	1.5937159582421065	0.0	0.0	0.0	0.0	0.0	1.000528831522777	2.8303844317091134	0.9482917959398961	0.0	0.0	0.0	0.0
18724	0.0	0.0	0.0	0.0	0.0	1.3627058986959966	0.0	0.0	0.0	2.228637461105137	0.0	0.0	0.0	0.0	0.0	0.0	0.0	1.2811689271346531	1.0639565373235926	0.0	0.0	0.0	0.0	0.0
18725	0.0	1.7394108123874878	1.575574336103611	0.0	0.0	0.0	0.0	0.0	0.0	2.39731901513251	1.381574936641352	0.0	0.0	0.0	1.790694998110763	0.0	0.0	3.748323049539603	2.171011036794852	0.0	0.0	0.0	1.056791308327626	0.0
18726	0.731532333909825	2.5060641119758555	0.0	0.0	0.0	0.0	0.0	0.0	0.0	1.0004570840909253	1.6882710731179924	0.0	0.0	0.2610202205875161	0.8691270816627812	0.0	0.0	3.2426596143577147	2.441326051327206	0.0	0.0	0.5208693587540824	0.8078899815087585	0.0
18727	0.0	1.0436946222357537	1.425343747585914	0.0	0.8232435335279652	0.0	0.0	0.0	0.0	4.844126415990562	1.976834291395425	0.0	0.0	0.0	0.5150787536377127	0.0	0.0	2.2652418214616485	1.1206970641370353	0.0	0.0	0.0	0.0	0.0
18728	0.8056158349271897	0.0	0.0	0.0	0.0	0.0	0.0	0.0	0.0	1.4841368042865326	1.388095813930124	0.0	0.0	1.675242652027056	0.0	2.1388591546837183	0.0	0.0	0.0	0.0	0.0	2.6635437763316756	0.0	0.0
18729	0.0	0.0	0.0	0.0	0.0	0.0	0.0	0.0	0.0	2.3175338397623593	2.2840118839289723	0.0	0.0	0.0	1.0181734973435121	0.0	0.0	2.0796412056839753	1.3465369624676005	0.0	0.0	0.0	1.006042198934879	0.5084214296043651
18730	0.0	1.2815293467332354	1.0379107264015073	0.0	0.0	0.0	0.0	0.0	0.0	2.0508854733645703	1.6425385385310076	0.0	0.0	0.0	0.0	0.0	0.0	2.2243275360402444	1.285853890164424	0.0	0.0	0.0	1.5776090488565142	0.0
18731	0.0	1.2892719737209144	0.0	0.0	0.0	0.0	0.0	0.0	0.0	2.0844857063388598	1.7889696270168725	0.0	1.3671088456330118	0.0	0.0	0.0	0.0	3.727553513252695	1.0021875541572323	0.0	0.0	0.4337595285701408	0.0	0.0
18732	0.0	1.271032503845886	0.0	0.7139544244793566	1.0740192447707104	0.0	1.0344287466749915	0.0	0.0	4.177647959050454	3.5098755387588683	1.0503217389113464	1.3493436918029142	1.3043209543788152	1.0142928509806015	1.0468039154970714	0.0	2.149670409066499	2.181608099268237	0.8594005914682133	0.0	1.9623421548994375	0.0	0.0
18733	0.0	1.3270595638085185	0.0	0.7674201018091399	0.0	0.0	0.0	0.0	0.0	1.291450497601477	2.3324509342437882	0.0	0.0	0.0	0.0	0.0	0.0	1.5126312026358986	1.9268001804363721	0.0	0.0	0.0	0.0	0.0
18734	0.0	0.9216787472564714	0.0	0.0	0.0	0.0	0.0	0.34775391390534827	0.0	2.771812196803675	1.528076289579943	0.0	0.0	0.0	0.0	0.0	0.0	2.0289353846873595	0.9787814393986202	0.0	0.0	0.0	0.0	0.11311465225241077
18735	0.5699704939274364	1.815630863534581	0.7875837999285306	1.1434212568545523	0.0	0.0	0.0	0.0	0.0	3.2110122690334673	2.2431139215214064	0.0	0.0	0.0	0.0	0.0	0.0	2.2302660336243436	1.2335622370746395	0.9293935584849364	0.0	0.0	0.0	1.2015369029861
18736	0.0	0.6113696422837601	1.0061444692301131	0.0	0.0	0.0	0.0	0.0	0.0	3.264494717149342	1.109001829336302	0.8274852827944681	0.0	1.8724932318329002	0.0	0.0	0.0	3.162593210852437	0.8469494220537506	0.0	0.9953542389961555	0.0	0.0	0.0
18737	0.0	0.9629967005050312	0.0	0.0	0.0	0.0	0.0	0.0	0.0	2.064274877170659	2.0514267456018986	0.0	0.0	1.3689375231859833	0.0	0.0	0.0	3.08873701706583	1.8523127829025898	0.0	0.0	0.0	0.9810655686002766	0.0
18738	0.48972003363295996	2.20478878983577	0.0	0.0	0.0	0.0	0.0	0.0	0.0	3.2299459608592254	2.2865140223157203	0.0	0.0	0.0	1.6182154425814212	0.0	0.0	3.0651057336861514	2.1722170219356483	0.7371832240949682	0.0	0.9716702302335717	0.0	0.0
18739	0.1411570360247933	1.0212806253109967	0.0	0.7001146721210653	0.0	0.0	0.0	0.0	0.0	2.5402516035039056	1.1547190400823055	0.0	0.0	0.0	0.9481727522954885	0.0	0.0	4.654982032143597	1.1936848719631632	0.6350503645343636	0.0	0.14494140797682814	0.7078119789659884	0.4884577163647259
18740	0.0	2.392851213583073	0.0	0.0	0.0	0.0	0.0	0.0	0.0	0.9682782039716673	0.9715853293078278	0.9409513389884488	0.0	0.0	0.9469900334516674	0.0	0.0	5.521296839771154	3.0201974748590086	1.2463389459435112	0.0	0.0	0.0	0.0
18741	1.5617796117108058	0.8592811762215851	0.0	0.0	1.0154924366478013	0.0	0.0	0.0	0.7292681939899971	2.9973070455328528	1.0146845257700694	0.0	1.067588351433868	1.8331436147954623	1.8056823887076292	0.513431180223821	0.0	1.4967008096253098	3.770088624925934	0.0	1.4073458076188035	2.1090340659548446	0.0	0.0
18742	0.0	1.699116633234262	1.1353644150837512	0.8758041384287294	0.8622286368604456	0.0	0.0	0.0	0.0	2.2616072722238707	2.037787034996543	0.352	0.0	0.0	0.773263745385623	0.0	0.0	2.0154768828016616	1.3770345561863324	0.0	0.0	0.9071998432294592	0.3060980235153439	1.6148290587207332
18743	0.0	1.166619814290253	0.0	0.0	0.0	0.0	0.0	0.0	0.0	4.152824966794774	2.218558797093438	0.0	0.0	0.0	2.039050645282483	0.0	0.0	2.254248306911252	2.3028093385213086	0.0	0.0	0.0	0.0	0.0
18744	0.0	1.685938169530075	0.0	0.0	0.0	0.0	0.0	0.0	0.0	3.0012608308574755	1.323392695964378	0.0	0.0	0.0	0.0	0.0	0.0	1.1171487677173997	2.2682966914899882	1.0671013232864908	0.0	0.0	0.0	0.0
18745	0.0	1.1706627152724312	0.0	0.0	0.0	0.0	0.0	0.0	0.0	2.216864176529502	1.161247633297518	0.0	0.0	0.0	0.0	0.0	0.0	2.894303094743889	2.7974275840115395	0.0	0.0	0.0	0.6347381838076792	0.7588032517157273
18746	0.0	0.0	0.0	0.25870100686928793	0.0	0.0	0.0	0.0	0.0	2.1842193156646124	2.2125982924804997	0.8288483504531398	0.5891824496332074	0.8261510315220612	0.0	0.5051741735545054	0.0	4.048560964567665	2.189362064651332	0.0	0.3515470562097513	0.9964604022906948	1.3109731005242917	0.0
18747	0.0	1.3932524772193793	1.4624265076179488	0.0	0.0	0.0	0.0	0.0	0.0	2.2996901722940755	1.2370852908395493	0.0	0.0	0.0	0.0	0.0	0.0	2.470693817143634	0.0	0.0	0.0	0.9999979090062238	0.0	0.0
18748	0.0	1.804894984058418	0.6846003765785074	0.0	0.0	0.0	0.0	0.0	0.0	1.8116805462239276	2.414589768469998	0.0	0.6512574586076136	0.0	0.0	0.0	0.0	3.8910837236403304	1.3331829842555234	0.0	0.0	0.0	0.0	0.0
18749	0.0	1.1856164824902233	0.0	0.0	0.0	0.0	0.0	0.0	0.0	1.1661372180071305	0.8719655540030458	0.11331795224321536	0.7814481497932156	0.0	0.0	0.0	0.0	1.3881769008396196	0.9632980565995922	0.6778718683602726	0.0	0.0	0.0	0.0
18750	0.0	1.6062451038573018	0.0	0.0	0.0	0.0	0.0	0.0	0.0	1.938748772882718	1.2956690125480739	1.7152702644054747	0.0	0.0	1.0991653638019627	0.0	0.0	3.1912727950638353	1.1543344672019218	0.0	0.0	0.0	0.0	0.0
18751	0.0	0.6080478782318234	0.0	0.0	0.0	0.0	1.261727211228939	0.0	0.0	3.2682004222490177	1.161871361744871	0.0	0.0	0.0	1.1164464946123485	0.0	0.0	5.285785458748652	2.1454078415626876	0.0	0.0	1.2976474439881154	0.0	0.0
18752	0.0	1.8551875210872915	0.0	0.0	0.0	0.0	0.0	0.0	0.0	3.9163974375424147	1.6738317079824288	0.9124954464198323	0.0	0.0	1.7832857285413137	0.0	0.0	2.3473041522131193	0.9769955648085742	0.0	0.0	0.0	0.8446673965907641	0.0
18753	0.0	1.1512363696539227	1.5982073290617418	0.0	0.0	0.9380594626970913	0.0	0.0	0.0	1.3223680870619627	1.8416789085714234	0.0	0.0	0.0	1.024348031134384	0.0	0.0	2.049968408956232	1.770122406313567	0.0	0.0	0.0	0.0	0.0
18754	0.0	0.7214220201373069	1.599491518185149	0.7285060476359293	0.0	0.0	0.0	0.0	0.0	1.025539974714225	1.9640098809043114	0.0	0.0	0.9175179837436956	0.0	0.0	0.0	1.8464473401313606	2.1916625855475314	0.0	0.0	0.0	0.7382376770170387	0.0
18755	0.0	1.248479564505062	0.0	0.0	0.0	0.0	0.9580875071116791	0.0	0.0	1.9772998928687302	2.1006453466668873	0.0	0.9901391317152825	0.0	0.0	0.0	0.0	1.1361615997306644	1.8607916053615945	0.0	0.0	0.0	0.9135234580115621	0.0
18756	0.0	0.0	0.0	0.0	0.0	0.0	0.0	0.0	0.0	1.111133976088275	1.179698498284108	0.0	0.0	0.0	0.0	0.0	0.0	3.0053871497654066	0.0	0.0	0.0	0.0	0.0	0.0
18757	0.0	1.2137631688760817	0.0	0.0	0.0	0.0	1.8226730886828326	0.0	0.0	1.997001722322837	1.9943096873393684	0.0	0.0	0.0	0.0	0.0	0.28357884347599743	2.002126449536072	2.1189140043003882	0.0	0.0	0.0	2.1332700343699615	0.0
18758	0.0	0.0	1.2488089563755578	0.9508916927483743	0.0	0.0	0.0	0.0	0.0	2.3592763312626683	0.9113608025347011	0.0	0.0	1.2088111886460675	1.847003763530094	0.0	0.0	2.464602004086817	0.8380605715232939	0.6121120178929503	0.0	0.0	0.0	0.0
18759	0.0	1.9020731913787257	0.0	0.0	0.0	0.0	0.0	0.0	0.0	2.1968745970806096	2.4223489538336476	0.0	0.0	0.0	0.0	0.0	0.0	3.6177586145548055	2.116899628589289	0.0	0.0	0.7450978605467341	0.9301451780898463	0.0
18760	0.0	0.7336611057093717	0.0	0.0	0.48290388186686284	0.0	1.087752123316788	0.0	0.0	1.977192977850558	2.3128274726765388	0.8862551382438099	0.0	0.0	1.7433988685720174	0.0	0.0	2.1873930635189085	2.1147240615913088	0.0	0.0	0.7282644242853094	0.9702350207486068	0.0
18761	0.7807690441122446	1.265475022704766	1.5239347217718033	0.0	0.0	0.0	0.9522251668416655	0.0	0.0	2.2342657979815956	2.3364843743789265	0.0	1.0191007237511345	1.1862154635302853	0.0	0.0	0.0	2.0137025394864954	0.6373079235455876	0.0	1.387578138270791	0.0	1.0156174705868004	0.0
18762	0.0	0.0	0.8079114974143646	0.0	0.7950463919999253	0.0	0.0	0.0	0.0	2.396760682827605	0.7172788083366808	0.9235893481145272	0.26607341417059144	0.0	0.0	0.0	0.0	3.018801986235395	1.0862748168636895	0.0	0.0	0.0	0.0	0.0
18763	0.0	2.3697473666235536	0.0	0.0	0.993043909779199	0.0	0.0	0.0	0.0	2.0371794022662972	2.12815302784059	0.0	0.9100933176991314	0.0	1.6497087002845028	0.4548907244044761	0.0	2.9980442268160217	2.1062386502398174	0.0	0.0	2.0633274978435545	0.0	0.0
18764	0.0	0.0	0.0	0.0	0.0	0.0	0.25762594974639247	0.0	0.0	1.810753428083374	1.1930442497382643	0.0	0.0	0.9890352961339147	0.0	0.0	0.0	2.4768399710944777	0.9072416812384648	0.49963935078457095	0.0	0.0	0.0	0.0
18765	0.0	4.02655583935423	0.0	0.0	0.0	0.0	0.0	0.0	0.0	5.371409574434492	0.0	0.0	0.0	1.9573004191354793	1.7315961700247384	0.0	0.0	1.1178133591702806	1.600382607314863	0.0	0.0	2.0553870127630027	0.0	0.49084590781162624
18766	0.7248669524577819	1.110464836906709	0.8536369179307566	0.0	0.0	0.0	0.0	0.0	0.0	5.927210219627302	2.394411200023314	0.0	0.0	0.0	0.4086638873689552	0.0	0.0	3.077255434404263	1.6130552634717457	0.0	0.0	0.0	0.0	0.0
18767	0.0	0.0	0.0	0.0	0.0	0.0	0.0	0.0	0.0	1.1041048949477668	0.0	0.0	0.0	0.0	0.0	0.0	0.0	1.4999319712464785	0.0	0.0	0.0	0.0	0.0	0.0
18768	0.0	2.204229884770401	0.0	0.0	0.42542035247495374	0.0	0.0	0.0	0.0	1.3365124137466011	0.9220432336075676	0.0	0.0	0.0	0.0	0.0	0.0	1.3106049119632903	0.8028167081731802	0.0	0.0	1.4200922078409093	0.0	0.0
18769	0.0	1.2207182637233223	0.0	0.0	0.0	0.0	0.0	0.0	0.0	3.3876118236708326	2.81227454361041	0.7732855160889699	0.39009054227181966	0.0	0.0	0.0	0.0	1.9634241418203682	2.8997008647593754	0.0	0.0	0.0	0.0	0.0
18770	0.0	3.9539141734686347	0.8968615664631984	0.0	0.0	0.0	0.0	0.0	0.0	1.6548432286360566	1.9110525245301329	0.0	0.0	0.0	0.8309158794050353	0.0	0.0	2.125846114682938	0.8675845443227908	0.0	0.0	0.0	1.9179362588190914	0.0
18771	0.0	1.6212865493741613	0.0	0.45911207122162456	0.0	0.0	0.4881434354901887	0.0	0.0	2.039616406977469	1.3074068004275197	0.0	0.0	0.0	1.2396281210060711	0.0	0.0	2.0708421483503345	2.120754511704571	0.0	0.0	0.0	0.0	0.0
18772	0.0	0.8829659440465751	0.0	0.0	0.0	0.0	0.0	0.0	0.0	2.1516959486872684	1.7655289335486324	0.0	0.0	0.0	0.0	0.0	0.0	1.8224977330438252	1.6105670938773944	0.4880093076602094	0.0	0.0	0.0	0.0
18773	0.0	0.8313338932568433	0.0	0.0	0.0	0.0	0.0	0.0	0.0	3.856658849469224	1.6804927287064644	0.0	0.8214137681867356	0.0	0.0	0.0	0.0	2.1600755844674153	1.8060048873859795	0.0	0.0	0.6300339679643905	0.0	1.2472269873085269
18774	0.0	0.0	0.0	0.0	0.0	0.0	0.0	0.0	0.0	2.7321545707467565	2.051415341952881	0.0	0.0	0.0	0.0	0.0	0.0	2.3737080266785906	1.2957069443253013	0.0	0.0	0.0	1.2558175055256826	0.0
18775	0.0	1.8315328214539695	0.0	0.0	0.0	0.0	0.0	0.0	0.3376747689117136	2.079758199136197	1.02884393994834	0.0	0.0	0.0	1.2976191991664574	0.0	0.0	1.1068013465304636	1.1027101474813323	1.0155201616516005	0.0	0.15146898041970783	1.6320474470089021	0.0
18776	0.0	1.0225549194526238	0.9536216406828791	0.0	0.0	0.0	0.0	0.0	0.0	3.2660382409361035	1.9269632159640684	0.0	0.0	2.393093939643472	0.9735237311690853	0.0	0.0	3.4162725401870966	2.9949925510306263	0.42041642532869095	0.0	0.0	2.3321150085281896	0.0
18777	0.0	0.84300337136203	0.7332248630405694	0.0	0.0	0.0	0.0	0.0	0.0	3.170937147361177	2.345563587974368	0.0	0.0	0.0	0.8054990707917149	0.0	0.0	2.0418019698147614	2.2900622510687842	0.47075604179928504	0.0	0.0	0.0	0.0
18778	0.0	0.0	0.0	0.0	0.0	0.0	0.6102734238805844	0.0	0.0	3.410996046778986	1.0583005244258363	0.0	0.0	0.0	0.0	0.0	0.9710054770465152	0.9029529439704873	0.9321674477952713	0.0	0.9354211638618364	0.0	1.3242557363805365	0.0
18779	0.0	1.2791666703637934	0.0	0.0	0.0	0.8300289653911808	1.0339500279691511	0.0	0.0	1.6259812042385848	0.9604917379645824	0.0	0.0	0.0	2.092199149757376	0.0	0.0	2.2042723862842437	0.6200118480190374	0.0	0.0	0.0	0.6756592501715377	0.0
18780	0.0	1.04714494140372	0.0	0.0	0.0	0.0	0.7732544338449543	0.0	0.0	2.9392258560778	2.655489246917763	0.0	0.0	0.0	1.675942628772698	0.0	0.0	3.5868307096537655	1.2439475384416585	0.0	0.6761629160129685	0.0	0.0	0.0
18781	0.0	2.950872293442047	0.5491402612812012	0.0	0.0	0.0	0.0	0.0	0.0	1.642974552274651	2.060786776906439	0.0	0.8639294972389863	1.9585189478160718	0.8356279985459903	0.0	0.0	3.398034373095696	1.38098522128439	0.5117155528052098	0.0	0.0	0.0	0.0
18782	4.258952167718325	1.9802805370335677	1.1445047535017987	0.0	0.8093737618904917	0.0	0.0	0.0	1.8242204706666194	3.216937304572552	1.6557929464897574	0.0	0.0	0.0	0.0	0.0	3.778867919883208	2.373155356922072	1.1662299717247486	0.6716776067510398	0.0	0.4418964656882858	0.0	1.6089571479045897
18783	3.1951840835216143	1.234621130969574	0.9620267761010689	0.0	1.0435586745660976	0.0	0.0	0.0	0.0	1.9003662862113233	2.3336487349181305	0.0	0.0	1.7872914788293133	1.6283017732172835	0.9151154693482484	3.589090833076031	4.355661670465763	3.1159391808164294	0.8289443544067759	0.914582520831614	2.8349984012009832	1.0904244380741346	0.0
18784	0.0	0.9736852496606538	1.6655194468098673	0.0	0.0	0.0	1.0329152125226044	0.0	0.0	2.6319339181197283	1.3608232170973338	0.7365570664557308	0.0	0.0	0.0	0.0	0.0	1.0322355371142928	0.9685184435776173	0.0	0.19610689200703063	0.4825154811568612	0.0	0.0
18785	0.0	1.9974165198140688	1.084894375962158	0.0	0.0	0.0	0.0	0.0	0.0	2.9520028773113216	0.9459335620973772	0.0	0.0	0.0	1.9000461916744618	1.8562144862949295	0.0	2.225103366408087	1.761362692495286	1.1392543248275198	0.0	0.7429223193555115	0.8825520452735313	0.0
18786	0.376257201689523	1.4664559063685203	0.0	0.0	0.0	0.0	0.0	0.0	0.0	3.8244689161580894	1.7375115763691849	0.0	0.0	0.0	1.010677236330784	0.0	0.0	1.1773886371435456	1.1729714767771642	0.0	0.0	0.34639837759218806	0.0	0.0
18787	0.0	1.6268401710691545	0.9813954673719478	0.0	0.0	0.0	0.0	0.0	0.0	5.305326538956035	0.5851555335730901	0.0	1.1516241470858375	0.0	0.0	0.0	0.0	2.800773346136079	2.8169062608240574	0.0	0.0	0.0	1.5717128867178793	0.0
18788	0.0	1.3024362068077746	1.617706862273925	0.0	0.0	0.0	0.7251234456474621	0.0	0.0	3.8153697642133	0.0	0.0	0.0	0.0	2.2244948389805126	0.0	0.0	3.6232079248368523	2.396667614709002	1.0370944779486426	0.0	0.0	1.211293582438685	1.1966039858361854
18789	0.0	1.9690154468408827	0.0	0.0	0.0	0.0	1.0526401956487192	0.0	0.0	4.372966206465178	1.90238410237135	0.0	0.0	0.0	1.3050082384412818	0.0	0.0	2.2877308411712196	0.9886743806066128	0.5494769643039342	0.0	0.0	0.0	0.5344791267940726
18790	0.0	1.3020963700871435	0.0	0.0	0.0	0.0	0.9699711832725408	0.0	0.0	3.227825525937019	1.0575342465753423	0.0	0.2741686121574513	0.6170144926737847	1.5971682284794007	0.0	0.0	4.106609816630564	2.4775061121100848	0.0	0.0	0.4818887324405198	1.0898789051675353	0.0
18791	0.0	1.6783583672266482	1.368668363544382	0.0	0.0	0.5889298690368008	0.0	0.0	0.0	2.964270585383257	2.113651970340167	0.0	0.8095521351918152	0.0	1.26188724248802	0.0	0.0	2.9823888664559104	2.3063012606053084	0.0	0.0	0.6759348011497335	0.0	0.0
18792	0.882802378580906	0.9693495760241786	0.6285393610547089	0.0	0.9636153941739822	0.0	0.0	0.0	0.0	1.8516956949351773	1.1370675663924719	0.0	0.0	1.6105500930237464	1.3344674851237268	0.0	0.0	3.0800017435962297	1.2120425554729823	0.0	0.0	0.0	1.8349084973699559	0.0
18793	0.0	1.146238209185961	0.0	0.0	0.0	0.0	0.0	0.0	0.0	2.1847220956714044	1.289321334188733	0.0	0.0	0.0	0.7967950418572579	0.0	0.0	6.575510503709925	2.0074039480935038	0.0	0.0	0.0	0.0	0.28842224617260515
18794	0.0	1.8051202319563602	0.0	0.0	0.0	0.0	0.636003561371814	0.0	0.0	2.2866346583881363	2.4613458045837806	0.0	0.0	0.0	1.0112329067611099	0.0	0.0	2.1336063821585864	2.065170867649877	0.0	0.0	1.0543753830802745	1.2158223837980162	0.0
18795	0.0	2.2218548824028317	0.0	0.0	0.0	0.0	0.0	0.0	0.0	0.7515416254704824	1.2880347499147926	0.0	1.2176719496823267	0.0	0.0	0.0	0.0	2.383342091233824	1.0434488885919448	0.0	1.434201159539301	0.0	0.9884549351697024	0.0
18796	0.0	1.5674128494768111	0.0	0.0	0.0	0.0	0.7000669003498724	0.0	0.0	2.9387024254887884	1.871620739329037	0.0	0.0	0.0	0.0	0.0	0.0	1.185534428976827	2.75406448210806	0.0	0.0	0.0	0.0	0.0
18797	0.0	0.9448528528719417	0.0	0.0	0.0	0.0	0.0	0.0	0.0	1.1676855055420856	1.7406914886649392	0.0	0.0	0.0	0.0	0.0	0.0	4.897131493336752	1.3716331692622514	1.1442961068914435	0.0	0.0	1.080881515162291	0.0
18798	0.0	1.1435959408506389	1.3586187447717375	0.0	0.0	0.0	0.0	0.0	0.0	3.2132305448136167	0.9819165502632342	0.0	0.0	0.0	0.0	0.0	0.0	1.364370001425119	2.2463240475898147	0.0	0.0	0.0	0.0	0.0
18799	0.0	1.2128185027658158	0.0	0.0	0.0	0.0	0.0	0.0	0.0	5.155901243291606	2.5403779108859608	0.0	0.0	0.0	0.945030319822828	0.0	0.0	3.306049249311421	3.1110237941268153	0.0	0.6092529116289143	0.0	0.0	0.0
18800	0.0	0.4465142774872938	0.0	0.6614378277661477	0.6216018732990506	0.0	0.0	0.0	0.0	2.178875856950093	2.171532996653644	0.0	0.0	0.0	0.0	0.0	0.0	3.5583717501808514	0.7849483177552403	0.0	0.0	0.0	0.0	0.8844332774281067
18801	0.0	1.8524698928557408	0.0	0.0	0.0	0.0	0.0	0.0	0.0	3.96151421300383	2.2484805074670278	0.0	0.0	2.0778059105704516	0.0	0.0	0.0	2.291837455786305	2.0666984889420945	0.0	0.0	0.7183986869358019	0.0	0.0
18802	0.0	1.107912953052535	1.0774289235722831	0.0	0.6032973961599857	0.0	1.225227640719707	0.0	0.0	2.996400395360971	2.1040364543043606	0.0	0.0	1.394482558347479	0.9803767523458552	0.0	0.0	2.9117615596918998	1.2330563436797521	1.391169158382741	0.0	0.7263419995840851	0.0	0.0
18803	0.0	1.2068272424139135	0.0	0.0	0.0	0.0	0.0	0.0	0.0	1.9518057274045593	2.222622179778353	0.0	0.0	0.0	0.0	0.0	0.0	1.9174202185718179	1.9310357224994306	0.0	0.0	0.0	0.0	0.0
18804	0.0	0.5203122393225909	0.0	0.0	0.0	0.0	0.0	0.0	0.0	0.31851843440459693	0.0	0.7141306875417754	0.0	0.7634784250753622	0.8536583853561617	0.0	0.0	1.0626531752332617	0.0	0.0	0.0	0.0	0.0	0.0
18805	0.0	1.758747706179443	0.0	0.0	0.0	0.0	0.0	0.0	0.0	5.409183555889006	1.5453983916184142	0.0	0.0	0.0	0.0	0.0	0.0	1.0575429747409435	1.25869988354071	0.0	0.0	0.0	0.0	0.0
18806	0.0	0.9725486679292716	0.0	0.0	0.0	0.0	0.0	0.0	0.0	3.197212830805944	2.210870490320867	0.0	0.0	0.0	1.4174749910042657	0.0	0.0	3.033829468442213	2.080346979464521	0.0	0.0	0.0	1.4370516434624143	0.0
18807	0.0	1.3424726644756808	1.1287997967863885	0.0	0.0	0.0	0.0	0.0	0.0	1.8244880631138625	1.2503314133417622	0.5883416707727999	0.0	0.0	1.116204124397447	0.0	0.0	1.0427202132012152	1.0817247087202129	0.0	0.0	0.0	0.0	0.0
18808	0.0	1.1647544587789918	0.9889651794680511	0.0	0.0	0.0	0.0	0.0	0.0	1.3277443789147294	2.096267576763818	0.7946197299119694	0.0	0.0	0.30684663016386593	0.0	0.0	2.762205794115291	0.991796710160764	0.4275331992820443	0.0	0.0	0.0	1.4742363994416923
18809	0.0	2.0125334063544225	2.2978118223626263	0.0	0.0	0.0	0.0	0.0	0.0	4.628410933928833	5.561537499774565	0.0	0.0	0.0	0.0	0.0	0.0	1.9579788743200808	2.4106382765009724	0.292506702693019	0.0	0.0	0.0	0.0
18810	5.879824909633395	0.884650495865945	0.8684950014078265	0.0	1.0406244786451813	0.0	0.0	0.0	2.25090671405543	1.697350683429268	1.7949353240212231	0.0	4.50030374920976	3.7763683313170096	1.2846441598137532	1.5162868107718857	6.77638253414243	3.50989154715691	2.0462077123635303	0.0	0.0	6.290163388678019	0.0	0.6492099201141487
18811	0.0	0.795155619091314	0.9044025393487132	0.0	0.0	0.0	0.0	0.0	0.0	2.0714274299849045	2.13840728895582	0.0	0.49760575687061653	0.999998304215297	0.0	0.0	0.0	3.490087812000852	1.1199922024188753	0.0	0.0	0.0	0.0	1.093838938702132
18812	0.0	0.9583529705469138	1.1423827262314372	0.0	0.0	0.0	1.1154420396749514	0.0	0.0	3.7481968724843915	2.6017498508225185	1.0599135590769015	0.0	0.0	1.111896306150085	0.0	0.0	2.2841647610508744	2.141229376555761	0.7982344293560139	0.0	0.0	0.0	0.0
18813	0.0	1.1149097289250969	0.0	0.0	0.0	1.727270530444427	0.0	0.0	0.0	4.958435867994097	1.4281621437510297	0.0	0.0	0.0	1.1258540504305545	0.0	0.0	1.9919934412097058	0.9541450366716719	0.0	0.0	0.0	0.0	0.0
18814	0.0	0.9843509036100808	0.0	0.0	0.9579250090825109	0.0	0.0	0.0	0.0	2.015563611013313	2.1116002672301195	0.0	0.0	2.660277746016459	0.0	0.0	0.0	1.2136565960276329	0.7089173627559407	1.4145097606698729	0.0	0.9116683495233492	0.9851804577574342	0.0
18815	0.0	1.8469621575409334	0.9979609438629041	0.0	0.0	0.0	0.0	0.0	0.0	2.475888557862705	1.8375736049933893	0.0	0.0	0.0	0.9955766101727063	0.0	0.0	3.5290058519188023	2.3601336607849017	0.0	0.0	0.24214172747793938	0.0	0.0
18816	0.0	1.0140340729829558	0.8507968070655175	0.0	0.0	0.0	0.0	0.0	0.0	2.8638004583881913	1.774314898594666	0.0	0.0	0.0	0.0	0.0	0.0	2.240630090980096	2.23362477950888	0.0	0.0	0.0	0.0	0.0
18817	0.0	2.090688811108418	0.0	0.0	0.0	0.0	0.0	0.0	0.0	2.300838465353855	2.4283661786964066	0.0	0.0	0.0	1.790377392032651	0.0	0.0	2.2459309603564246	2.8982861727143443	0.0	0.0	0.0	0.6913045385945706	0.0
18818	0.0	3.297203403041371	0.0	0.0	0.0	0.0	0.0	0.0	0.0	3.7529500576564057	3.0913574292773185	0.0	0.0	0.0	1.1453813991438884	0.0	0.0	2.1027371254033036	1.105289201992728	0.0	0.0	0.4880718616088074	1.4032665834568794	0.0
18819	2.2531167426225824	0.7051281374550322	1.0403622015563865	0.0	0.963411114634229	2.1863034794989655	0.0	0.0	1.227839717040408	2.786601804688269	2.2831658931124177	0.0	1.870714459114194	2.845287107625293	1.352668630520114	1.8691101316700267	2.30683643784739	1.3649866375888586	2.4521241996698144	0.0	1.5155042983023612	0.8953781863402142	1.2131588881225912	0.8027734742024367
18820	0.0	1.2349657343656157	1.203426419707499	0.0	0.0	0.0	0.0	0.0	0.0	4.003559287168031	1.9572040319827508	0.0	0.0	0.0	0.08847462096218411	1.705133935441189	0.0	5.841795147879506	3.3026385135474077	0.0	0.0	0.7920719232271668	0.0	0.0
18821	0.0	0.8830471125590336	0.0	0.0	0.0	0.0	0.0	0.0	0.0	0.8916446398347551	1.2303767034970026	0.8858412243876241	0.0	0.0	1.2806900151450347	0.0	0.0	2.1229926199706917	2.0007748499019073	0.0	0.0	1.026870011975707	0.0	0.0
18822	0.8265641226722151	1.2015641786341869	0.0	0.0	0.0	0.0	0.0	0.0	0.0	3.2461216698885824	2.3804255761606683	0.0	0.0	0.0	0.0	0.0	0.0	3.1748894355640744	2.1564394048961986	0.0	0.0	0.0	1.0872698203400215	0.0
18823	0.0	1.5159234909373906	0.0	0.6318781384568627	0.0	0.0	0.0	0.0	0.0	3.171371303182527	2.335857022025053	0.0	0.7857723460404117	0.0	0.0	0.0	0.0	2.9603275235249504	1.064665415233029	0.0	0.0	0.0	0.0	0.07342123135037433
18824	0.0	1.3091617396779693	0.8795369103203595	0.0	0.0	0.0	0.0	0.0	0.0	4.325909899826644	1.875123345407479	0.0	1.0804043051748355	0.0	0.0	0.0	0.0	3.532787202321382	2.783565213180123	0.0	0.0	0.0	0.0	0.0
18825	0.0	1.1457844825843342	0.0	0.0	0.0	0.0	0.3325044439636379	0.0	0.0	2.090176043295938	2.3006948997465613	0.0	0.7583060334575641	0.0	0.0	0.0	0.0	2.0830445934582897	1.8378090355555678	0.0	0.0	0.0	0.0	0.0
18826	0.0	2.124604805188789	0.0	0.3331972511340172	0.0	0.0	0.0	0.0	0.0	1.1510125681211258	1.2984286743203943	0.0	0.9497413937804591	1.6746814094415843	1.879861045668112	1.7729640043002048	0.0	2.913009368808559	0.9301311539615618	0.0	0.0	0.4407992740465891	0.6694499722205705	0.7537660547584525
18827	0.0	0.9425558727199719	0.0	0.0	0.0	0.0	0.6688781675624677	0.0	0.0	3.17643382874658	2.0945131225492477	0.0	0.5468664932993526	0.0	1.296807079170338	0.0	0.0	3.324441906221163	2.4750302947579104	0.0	0.0	0.0	0.0	0.0
18828	0.0	0.0	0.0	0.0	0.0	0.0	0.0	0.0	0.0	0.9641690274947889	3.3114014649585672	0.0	0.0	0.0	0.0	0.0	0.0	2.1080555958402942	0.0	0.0	0.0	0.0	0.0	0.0
18829	3.04474397615573	1.0993261593587709	0.0	0.0	1.6842818560317734	0.0	0.0	0.5653990286434186	3.1041170213603486	6.173853229660836	3.818754171045353	1.1650449770515485	0.0	2.214165396001415	1.1955966774470639	0.0	2.3653928897779815	3.2077725391439382	1.2440325429839156	0.0	0.0	1.27139740703348	0.0	1.7412121088432704
18830	0.0	0.9813845590910042	0.0	0.0	0.0	0.0	0.9161482428408441	0.0	0.0	1.832762142723155	1.2101610619741354	0.7589157510973523	0.0	0.0	0.0	0.0	0.0	1.5889308400608693	0.5093902367778236	0.0	0.0	0.0	0.0	0.0
18831	0.0	2.945086586359763	0.0	0.0	0.0	0.0	0.7226572587173039	0.0	0.0	3.9055868923110237	1.9264556137470972	0.0	0.0	0.0	1.5714412531056148	0.0	0.0	4.027705569537327	0.9937192982449693	0.0	0.0	1.1497707245919961	0.9733726631633617	0.4684421703050386
18832	0.0	2.0907302166572874	0.0	0.0	0.0	0.0	0.0	0.0	0.0	2.0274340784263614	2.8216056989914597	0.0	2.080680662020641	0.0	0.9559044481408735	0.0	0.0	4.181947489777489	2.1453437064863348	0.0	0.0	0.0	2.8330496469821154	0.0
18833	0.0	1.5286097367453626	0.9545646609686569	0.0	0.0	0.0	0.9518412921177425	0.0	0.0	4.283194810534323	1.1648256610377798	0.0	0.0	0.0	1.2060129922669076	0.0	0.0	1.7105673468917295	3.0331856665266144	0.0	0.0	0.0	0.0	0.0
18834	0.0	1.217801000764377	0.0	0.9237922626367124	0.0	0.0	0.0	0.0	0.0	1.3271149538412041	2.705597326003235	1.4829245841954535	0.0	0.0	0.0	0.0	0.0	6.091565715220016	3.206709384735787	1.8188081006396253	0.0	0.7289835463840987	0.3100753140072879	0.0
18835	0.0	1.6839928900626142	0.0	0.0	0.0	0.0	0.0	0.0	0.0	3.522002691844875	1.2321072799411512	0.0	0.0	0.0	1.1515103964301896	0.0	0.0	5.4495410685723815	2.3690838552635416	0.0	0.0	0.0	0.0	0.0
18836	0.0	1.2636135786126024	0.0	0.0	0.0	0.0	0.0	0.0	0.0	1.7219175357722565	2.4912228941506998	0.9320050006605485	1.6189366996170234	0.0	0.0	0.0	0.0	3.2620251260325963	1.378294285453649	0.0	0.0	0.0	1.919682972074145	0.0
18837	0.0	3.2789019988457473	1.1869792515401525	0.0	0.0	0.0	0.0	0.0	0.0	3.034783606228147	1.449294777783483	0.0	0.0	0.0	0.0	0.0	0.0	2.724993189388133	1.3136185723282774	0.0	0.0	0.6278376904877659	0.0	0.0
18838	0.0	1.297980075123546	1.2918938574229122	0.0	0.0	0.0	0.0	0.0	0.0	2.1056758471359505	1.1631115048156202	0.0	1.2567809060327735	0.0	0.909810023239053	0.0	0.0	3.6325876780926194	1.1847053147210658	1.4121723881742263	0.24568918838132411	0.0	0.0	0.0
18839	0.0	1.9235876525950355	0.0	0.0	0.0	0.0	0.0	0.0	0.0	2.231384875778142	2.4048385077437593	0.0	0.0	0.0	1.1142086504642938	0.0	0.0	3.4545182209867433	1.0082299420985603	0.0	0.0	0.0	0.0	0.0
18840	0.0	0.0	0.0	0.0	0.0	0.9298038008228894	0.0	0.0	0.0	1.1065270184056528	1.3472535434503434	0.8661854856349714	0.0	0.0	0.0	0.0	0.0	3.0084557464501764	3.2060158025794085	0.0	0.0	0.0	2.4266138673285274	0.0
18841	0.0	1.0060936564762846	0.0	0.0	0.0	0.0	0.0	0.0	0.0	4.455493367841615	2.90869674600009	0.0	0.0	0.0	1.0305083765531429	0.0	0.0	1.923356685513407	1.9160485564410497	0.0	0.0	0.0	0.0	0.0
18842	0.0	1.2117095498513237	0.0	0.0	0.0	0.0	0.0	0.0	0.0	4.256804497088589	2.182108439609506	0.0	0.0	0.0	0.0	0.0	0.0	3.283339873248189	2.127369806107076	0.0	0.0	0.0	0.0	0.0
18843	0.0	1.1973302636916212	0.1256654289392399	0.0	0.0	0.0	0.0	0.0	0.0	4.240698507244347	2.33539892427605	0.09925803082588532	2.2399906917306107	1.6208921268095606	0.0	0.0	0.0	4.083610347749879	1.1385423819889509	0.47227023075576224	1.0488295933099652	0.6179936917648158	0.8642116400964637	0.0
18844	0.0	1.052061551945293	0.0	0.0	0.5093108581306871	0.0	0.0	0.0	0.0	6.357747400016158	1.2229548731217272	0.0	0.0	0.0	1.0078034409501797	0.0	0.0	2.8730358249706134	2.1486764399266782	0.0	0.12297420680090818	0.0	0.0	0.0
18845	0.0	1.8046365113020415	0.0	0.0	0.0	0.0	0.8996474518421954	0.0	0.0	1.092049607039912	2.345445399890839	0.0	0.0	0.0	0.0	0.0	0.0	3.495424213819038	0.9518801606692844	0.0	0.0	0.0	0.0	0.0
18846	0.0	1.8123265565747277	0.0	0.0	0.0	0.0	0.9551664421876397	0.0	0.0	2.9462374913297387	2.779354307734435	0.0	0.0	0.0	0.9831121317854977	0.0	0.0	2.350665288325376	2.0283008033626757	0.0	0.0	1.0761234790751177	0.9847133808331611	0.0
18847	0.0	1.6607111292049248	0.0	0.0	0.0	0.0	1.3683075051814886	0.0	0.0	3.246959489071881	2.0845128181562496	0.45296252857746705	0.0	0.0	0.0	0.0	0.0	2.973181808032811	2.113807916978208	0.0	0.0	1.8127617340767723	0.0	0.0
18848	0.0	1.2367592843864592	0.0	0.0	0.8649436094279268	0.0	0.9993410153815383	0.0	0.0	3.2346810560446735	2.1892607217446503	0.0	0.0	0.9661908979945008	0.0	0.0	0.0	2.129730935383332	2.108451781169688	0.9535466892013715	0.0	0.0	0.0	0.0
18849	0.0	0.93152116025414	1.3097198539843098	0.0	0.0	0.0	0.0	0.0	0.0	1.1835931966900985	1.1084277769374575	0.0	0.0	0.0	1.0376187916198736	0.89657184541085	0.0	2.0329436351278116	1.8694249948001065	0.9767344816870864	0.0	0.0	0.9734457950550195	0.0
18850	0.0	0.7644294602754496	0.9531290383990928	0.0	0.0	0.0	0.0	0.0	0.0	0.9080833577460741	2.687375213071612	1.8116432546313532	0.0	0.0	0.0	0.0	0.0	0.8388585475818892	0.12307692307692308	0.0	0.0	0.0	1.1521634716016131	0.0
18851	0.0	1.2622835157088181	0.0	0.0	0.0	0.0	0.0	0.0	0.0	3.195980904714172	2.032449410818642	0.0	0.0	0.0	0.9762823524872042	0.0	0.0	2.2635880374445887	1.852199850616978	1.0765205038921726	0.8067068247383972	0.0	0.9105856653484605	0.0
18852	0.0	1.1819199418037194	0.0	0.0	0.0	0.0	0.8844332774281067	0.0	0.0	1.359548739428191	1.122754249087006	0.0	0.0	0.0	0.9981792444149755	0.0	0.0	2.157260823700882	1.0562853117426827	0.9461222924602556	0.0	1.5736075961678173	0.0	0.0
18853	0.0	1.106487302749511	1.377676122528775	0.0	1.0971150194871013	0.0	0.0	0.0	0.0	2.56582676384415	1.1029775234671253	0.0	1.3280115783211341	3.263996348359272	0.8809276154903475	0.0	0.0	4.557299482009403	2.2747936698609483	0.0	0.0	2.704123336533941	0.0	0.0
18854	0.0	0.8648491690547694	0.8510801637171254	0.0	0.0	0.0	0.0	0.0	0.0	5.298136829514138	2.0973857022175264	0.0	0.6914120316586295	0.0	1.6084644940872013	0.0	0.0	1.0980830550619096	1.0799183294769648	0.0	0.0	0.0	0.0	0.0
18855	0.0	0.46890995213353764	0.499113443041703	0.0	0.0	0.0	0.0	0.0	0.0	2.3098254230323367	2.1331792036158683	0.0	0.0	0.0	0.0	0.0	0.0	0.6498946531617557	1.9390423420032974	0.7374949555921109	0.0	0.0	0.0	0.0
18856	0.0	2.0573071383053367	0.0	0.0	0.0	0.0	0.0	0.0	0.0	2.754648286411904	1.6200831843048036	0.0	0.0	0.0	0.0	0.0	0.0	3.3317348041626293	1.1097195821559642	0.0	0.0	0.0	0.0	0.0
18857	0.0	1.0816796001593998	1.9859719281198591	0.6027894915762773	0.40709499069954536	0.0	0.0	0.0	0.0	2.9142066467113334	4.36045441416986	0.0	0.0	0.0	1.0870578677485665	0.0	0.0	2.222435653114947	1.0269436068890487	0.0	0.0	0.0	1.1693436246488038	0.0
18858	0.0	1.3352358510430888	0.8677779254684364	0.0	0.0	0.0	0.5790446731998592	0.0	0.0	2.8613356577382745	1.2932383882076142	0.0	0.0	0.0	2.2334809710802346	0.0	0.0	3.881715799329599	1.0085389644770166	0.0	0.0	0.0	1.3970281178548885	0.0
18859	0.0	1.3296779554242737	1.1930854996064713	0.0	0.0	0.0	0.0	0.0	0.0	2.671122443259698	1.9404487186812114	0.0	0.0	0.0	0.0	0.0	0.0	3.5965202288127625	2.8028827844474384	0.22002210555071022	0.0	0.0	0.0	0.0
18860	0.0	0.0	0.0	0.0	0.0	0.0	0.0	0.0	0.0	0.7173501397431591	2.8846756180598843	0.0	0.0	0.0	0.0	0.0	0.0	0.6815956871847832	0.0	0.0	0.0	0.0	0.0	0.0
18861	0.0	1.9046123514685058	0.0	0.0	0.0	0.0	0.0	0.0	0.0	1.2175541123617157	1.7764076616715903	0.0	0.0	0.0	1.45528197471097	0.0	0.0	1.1711887732384707	1.8143983317098291	0.0	0.0	0.0	0.0	0.0
18862	0.0	0.9874325350001677	0.0	0.0	0.0	0.0	0.0	0.0	0.0	3.849059714143589	1.0262640628564863	0.9282828629721226	0.0	0.783325989093052	0.0	0.1202277834048337	0.0	2.742670972175258	1.015848039599418	0.0	0.0	0.8440682662378726	0.0	0.0
18863	0.0	0.8798778031805635	1.5450385996112033	0.0	0.0	0.0	0.0	0.0	0.0	4.919569595527713	1.0898186599220236	0.6263679307512233	0.0	0.0	0.0	0.0	0.0	2.3135150665049755	1.2665968756512032	0.0	0.0	0.5043196272745596	0.0	0.0
18864	0.0	1.0781456185512235	0.8562572239076214	0.0	0.0	0.0	0.0	0.0	0.0	2.1201076574127247	0.9910517743439244	0.0	0.0	0.0	0.0	0.0	0.0	2.315753480674235	3.9535841258540834	0.0	0.0	0.0	0.0	0.0
18865	0.0	2.2306614131544156	0.835232529709426	0.0	0.810517597285959	0.9393875555870628	0.9999546474976524	0.0	0.0	3.2171328693618295	1.071409886026976	0.0	0.8997577798003833	2.014975208589824	0.7788298682760061	0.0	0.0	2.0795882291862138	1.0791881711932991	0.0	0.0	0.0	0.817088974955397	1.5918941497872854
18866	0.0	1.2936545441248777	0.0	0.0	0.0	0.0	0.0	0.0	0.0	1.7265942358132933	3.6379609144938065	1.5185819388348365	0.9037454978587551	0.0	1.2408408670125208	0.5708524994928946	1.4163230803813547	3.75306574523179	1.1222281044276814	0.0	0.0	0.8819869004596005	0.9984228868587627	0.0
18867	0.0	0.7066695051665968	0.0	0.0	0.0	0.0	1.674702433226321	1.3677875909767934	0.0	3.341848256008394	2.163166089898777	0.9057036802168612	0.0	0.8551212079949604	1.2864740789851163	0.0	0.0	2.1895076239242965	2.146663944348392	0.0	0.0	0.0	1.7670887463041036	0.0
18868	0.0	2.1096784654851706	0.0	0.0	1.3446862995735438	0.0	0.0	0.0	0.0	4.991928478573806	0.6529263892832677	0.0	0.0	0.0	1.0498697028202413	2.8306888006278843	0.0	3.1080275144730165	1.8818047398516065	1.8474366053285596	1.7003314914745034	1.1101244550717817	1.6063672926877628	7.045878469444122
18869	0.9986246328863551	0.4850756794414602	0.0	0.0	0.0	0.0	0.0	0.0	0.0	2.3630871360619796	2.1634208693693013	0.0	0.0	0.0	0.0	0.0	0.0	1.6779902061945113	2.416439120068247	0.0	0.0	0.0	0.0	0.7291335971337048
18870	1.6664474981909123	0.5824521380307973	1.0925470893179345	0.0	2.0776308104421495	0.0	0.0	0.0	0.0	2.966869865156986	0.8384458557303822	0.0	1.869065840253357	0.9467281385606061	2.3002729735390575	2.6359866735811734	0.0	2.224035073225705	2.0518028185107484	0.48845237819588194	0.0	3.210300669620172	0.0	0.0
18871	0.0	1.4733332915522903	0.6397414921987922	0.0	0.6722206324113991	0.0	0.0	0.0	0.0	1.2789795584895627	2.1612310591642254	0.7154281853952827	0.8633734021527122	0.0	1.865234907974528	0.0	0.0	1.8498820443233621	1.9054284332534264	0.0	0.12236623765754914	1.2362379457063657	0.0	0.0
18872	0.0	1.2367459165156522	0.0	0.0	0.0	0.0	0.0	0.0	0.0	4.662214546213806	0.8986937756930565	1.944889809701847	0.0	0.0	0.7491255295055136	0.0	0.0	5.765559723917133	2.0784040245968205	1.0469043490149397	0.8825395933253352	0.4930066485916346	0.9303249621220493	0.4144071387464156
18873	0.0	1.0166835831030379	0.0	0.0	0.0	0.0	0.8903906841705655	0.0	0.10313616179167141	6.770314263509488	0.9545573310266572	0.0	0.0	0.0	0.0	0.0	0.0	1.152809980302095	2.2106183335973864	0.0	0.0	0.7507057012292127	0.7349680641133359	0.0
18874	0.0	1.7676345914642067	1.025022988866232	0.0	0.0	0.0	0.49360540191091024	0.0	0.0	1.7737915432083684	1.8367451940587214	0.0	0.6555932904529093	0.0	0.0	0.0	0.0	5.862565990641407	2.9569570113867965	0.0	0.0	0.0	0.7314821683205194	0.0
18875	0.0	1.0167547384559075	1.3607716325899712	0.0	0.0	0.0	0.0	0.0	0.0	3.1084997957077376	1.0577123485262472	0.0	0.0	0.0	0.0	0.0	0.0	3.4923394766145734	0.0	0.0	0.0	0.0	0.0	0.0
18876	0.0	1.645497650947224	0.0	0.0	1.2469589701571249	0.0	0.0	0.0	0.0	1.0258050441094586	0.7490592936861817	0.0	0.0	0.0	0.9014178451854264	1.2886897855792148	0.0	2.874091250842208	1.768804145541062	0.0	0.0	0.7149470459339952	0.0	0.0
18877	0.0	0.8958291075650759	0.8375130862237101	0.0	0.0	0.0	0.0	0.0	0.0	1.2079456629331562	2.263649714604237	0.0	1.3417830853802473	0.0	1.0570383619248833	0.0	0.0	2.2655593951914503	3.1373815275753163	0.0	0.0	0.0	0.0	0.0
18878	0.0	0.0	0.0	0.0	0.0	0.0	0.0	0.0	0.0	1.26944030223929	0.8805167851118365	0.0	0.8467105258326281	0.0	0.0	0.0	0.0	1.0621201314134476	0.0	0.0	0.0	0.7321351269747878	0.9820912664404299	0.0
18879	0.0	0.3101821964618897	0.0	0.0	0.0	0.0	0.0	0.0	0.0	1.1320777358467924	0.8702878831832214	1.591409319340555	0.0	0.0	0.0	0.4318179518734362	0.0	1.3736113106571401	0.6047272803866232	0.0	0.0	0.0	0.0	0.467822756487849
18880	0.0	0.9380090697121515	0.0	0.0	0.0	0.0	0.0	0.0	0.0	2.0674009002281974	2.626693362090322	0.0	0.0	0.0	0.0	0.0	0.0	1.859243499225959	2.585993236774208	0.0	0.0	0.5417507988865016	0.0	0.0
18881	0.0	0.0	1.685834743743403	0.0	0.0	0.0	0.6414632151290011	0.0	0.0	3.3907293942606525	2.99581768306559	0.9542378552706907	0.0	0.0	1.7172451954978072	0.0	0.0	2.1037684665515437	1.8011040504030107	1.535621056766058	0.0	1.2531560110433075	1.23250973826234	0.0
18882	0.0	0.0	0.0	0.0	0.0	0.0	0.0	0.0	0.0	3.441070052393236	0.6360089474085769	1.9540749720140123	0.8206518066482897	0.8122132766551866	0.9254201342717505	0.0	0.0	4.953872327209419	0.7821724215738273	1.141074086871388	0.0	0.8718371168691358	0.0	0.0
18883	0.0	0.0	0.0	0.0	0.0	0.0	0.9998376623365927	0.0	0.0	1.2525214542774818	0.8617616743251889	0.0	0.0	0.0	0.9489869608838697	0.0	0.0	1.1493422703098444	1.2669834801728566	0.9782970782341064	0.0	0.0	0.0	0.0
18884	0.0	0.0	0.0	0.0	0.0	0.0	0.0	0.0	0.0	0.0	0.0	0.0	0.0	0.0	0.0	0.0	0.0	0.6173059749157355	0.0	0.0	0.0	0.0	0.0	0.0
18885	0.0	0.9960246779306653	0.0	0.0	0.0	0.0	0.0	0.0	0.0	2.1974060735483145	1.0145660560513223	0.0	0.0	0.4893853334754506	0.0	0.0	0.0	3.357294734596905	3.245842095657081	0.0	0.0	0.0	0.0	1.237820780533581
18886	0.0	0.9476954757081204	0.0	0.0	1.6914819275153699	0.0	0.0	0.0	0.0	1.323273615404044	0.6323400583944386	0.0	0.30000000000000004	0.0	0.0	0.0	0.0	3.7823834929043447	0.5421109456040802	0.0	0.0	0.0	0.0	0.0
18887	0.0	0.9813346786286979	0.672160548352357	0.0	0.0	0.0	0.0	0.0	0.0	1.0797764397148668	0.8955641283708784	0.0	0.0	1.44320484917644	0.9813346786286979	0.0	0.0	1.3415891680558827	0.9991778342768571	0.0	0.0	0.0	0.0	0.0
18888	0.0	0.0	0.0	0.0	0.9617503748411349	0.0	0.0	0.0	0.0	1.0797765285483643	3.688612330171672	0.6673361994281723	1.2609161296446743	1.3483615381590834	0.0	0.0	0.0	2.244336048476087	0.8723865450855065	0.45350425705341735	0.0	1.6978457960729665	0.0	0.0
18889	0.0	1.3370884723576697	0.0	0.0	0.0	0.0	0.0	0.0	0.0	1.2279535671280033	1.1976606213150953	0.0	0.0	0.0	0.9860643867779346	0.0	0.0	3.4384440498828805	1.922727637848131	0.0	0.0	0.7482947971362846	0.8776706349454969	0.0
18890	0.0	1.0614594930962433	1.7994174113028887	0.0	0.0	0.0	0.0	0.0	0.0	2.6675166517260953	1.0467468711898207	0.7361966528601454	0.0	0.0	0.0	0.0	0.0	2.8415741509737242	1.2485981472568881	0.0	0.0	0.0	0.0	0.0
18891	0.0	0.29642485299489696	0.0	0.0	0.0	0.0	0.8890536956729808	0.0	0.0	2.1941817675086215	2.2699224830258546	0.0	0.0	0.0	1.314942816928341	0.0	0.0	0.6402560468631874	2.81208817770747	0.648643293568165	0.0	0.0	0.0	0.0
18892	0.0	0.8536056813774018	0.5393702653688377	0.0	0.8446161397433319	0.0	0.881086097724604	0.0	0.0	2.252141254724568	1.0327676301210509	0.0	0.0	0.0	0.6798692684790381	0.0	0.0	1.1035081806081866	5.497915327241926	0.0	1.1632200771926158	1.7825942756254904	0.0	0.4688643673962124
18893	0.0	0.9645406891079307	0.0	0.9592352814308787	0.0	0.0	0.0	0.0	0.0	3.8944058602613403	0.8010032959939907	0.0	0.0	0.0	1.2629293520241576	0.0	0.0	3.8346053477056548	0.4243154289921866	0.0	0.0	0.0	0.0	0.0
18894	0.9964433278192771	1.2779106211138382	0.0	0.0	0.0	0.0	0.0	0.0	0.0	1.1305974302237534	1.2880257826094423	0.651866976886815	0.0	0.0	0.0	0.0	0.0	2.9846914262082285	1.2410517317007406	0.0	0.0	0.0	1.210027547895777	0.0
18895	0.0	0.953712101849049	0.0	0.0	0.0	0.0	0.0	0.0	0.0	1.1509919688028913	2.079825457093538	0.6399124327431774	0.8816290850338141	0.0	0.0	0.0	0.0	1.9599350530222952	1.1814853725647536	0.5828652379463471	0.0	0.0	0.0	0.0
18896	0.0	0.9874073183831933	0.6809523807002952	0.0	0.0	0.0	0.0	0.0	0.0	1.0361930262525034	1.904106470214316	0.0	1.4355076526356398	0.0	0.0	0.0	0.0	2.289103525429236	1.243906618071936	0.45460394729758447	0.0	0.0	0.0	0.0
18897	0.732257816684932	0.9884906814291523	0.0	0.0	0.0	0.0	0.6513849682948284	0.0	0.0	1.1006798064973762	2.3261330194561127	0.0	0.0	0.0	0.0	0.0	0.0	1.099174394799362	1.7579149165010908	0.0	0.0	0.0	0.0	0.0
18898	0.0	0.5716566962050146	0.0	0.0	0.0	0.0	0.0	0.0	0.0	2.5203117972892866	1.1694541588296645	0.0	0.0	0.0	0.16895772489817729	0.0	0.0	4.190031806766474	0.5323482016905263	0.0	0.0	0.0	2.620559993392562	0.1881835866480842
18899	0.0	0.0	0.0	0.0	0.0	0.0	0.0	0.0	0.0	2.5083599426134255	0.0	0.0	0.0	0.0	0.0	0.0	0.0	2.2164224685937977	1.414839995094932	0.0	0.0	0.0	0.0	0.0
18900	0.0	0.4032852677905313	0.0	0.0	0.0	0.0	0.0	0.0	0.0	0.9909113996354172	1.3612438412777255	0.0	0.0	0.0	0.0	0.0	0.0	1.8166095388334438	0.7538020629517364	0.0	0.0	0.0	1.0598542379593117	0.0
18901	0.0	0.9227843355789304	0.0	0.0	0.0	0.0	0.0	0.0	0.0	3.1264915299023555	0.9776103047071031	0.0	0.0	0.7113169335599786	0.0	0.0	0.0	2.159491260003496	1.0246359812494206	0.0	0.0	0.0	0.0	0.0
18902	0.0	1.0159760968265021	0.0	0.0	0.0	0.0	0.0	0.0	0.0	2.510740689644425	1.6411177858745363	1.6325019016554352	0.0	0.0	1.8776620375225115	0.0	0.0	2.3083249680587143	2.11885154135626	0.0	0.0	0.0	0.0	0.0
18903	0.0	0.9618549488112271	1.3567195704501025	0.750233625921711	0.0	0.0	0.0	0.0	0.0	2.087194327802363	0.0	0.852422366291178	0.0	0.0	1.3903110853747398	0.0	0.0	1.9894444959023352	1.227344248102108	0.0	0.0	0.0	0.0	0.0
18904	0.0	1.0539119573183606	0.0	0.0	0.0	0.0	0.0	0.0	0.0	2.0790349817292553	0.9632747855693604	0.0	0.0	0.0	1.7666069151610566	0.0	0.0	3.5139074945577913	2.0366003650279443	0.0	0.0	0.0	1.6828613927920808	0.4693510623409935
18905	0.0	1.2646636376192428	0.7495600879233847	0.0	0.0	0.0	0.0	0.0	0.3103655577771984	2.294502425213437	0.9781332407911412	0.0	0.0	0.0	0.0	0.0	0.0	3.467825588169898	4.356851825177307	0.0	0.0	0.0	0.0	0.0
18906	0.0	0.916368604248368	0.0	0.48047391988573146	0.0	0.0	0.0	0.0	0.0	1.8152087204952323	2.3566281955117274	0.7085248311913271	0.8745078913622809	0.9553125809332087	0.0	0.0	0.0	4.32599063930308	1.009669049213806	0.0	2.330663936120688	1.1107348190818696	0.0	1.0138132634637957
18907	0.0	0.7551426996374861	0.0	0.0	0.0	0.0	0.4897691479488113	0.0	0.0	1.1904500326669811	0.8031621378789722	0.9450091034529537	0.0	0.806902552336041	1.2852367068623698	0.0	0.0	4.587407975519877	0.9405881637324114	0.0	0.48136838033087936	0.0	0.6116493668636079	0.0
18908	0.0	1.7193066649217736	0.9929316617770028	0.0	0.0	0.0	0.0	0.0	0.0	0.9906921023769957	1.927829226715756	0.0	0.0	0.0	0.8478974563292311	0.0	0.0	5.037643835684591	1.4334802672123876	1.1898428716864486	0.8647702844676874	1.006447755136136	0.0	0.0
18909	0.0	0.0	0.0	0.0	0.0	0.0	0.0	0.0	0.0	2.966396159119599	2.8321977874559243	0.0	0.9482928130378607	0.0	0.0	0.0	0.0	1.1535801476175647	0.9137619698258403	0.0	0.4054498424712298	0.4751867728965133	0.0	0.0
18910	0.0	1.007429586773446	0.8691393416969843	0.0	0.0	0.0	0.0	0.0	0.0	2.8169433856000707	2.2909401874825175	2.725923266893015	0.0	2.1452102655295433	0.0	1.0203477989042273	0.0	3.2033813616714912	0.9734142498603479	0.0	0.0	2.5913853009110355	0.0	0.0
18911	0.4433962751013672	0.8502903660498702	0.0	0.0	0.0	0.0	0.0	0.0	0.0	3.1660319978099656	1.2238624364102837	0.0	0.0	1.4401665355269326	0.0	1.6386443220863178	0.0	2.064098522306175	1.3592076330068297	0.0	0.0	1.8610158043595393	0.930017643080072	0.0
18912	0.0	1.0839564411961609	0.0	0.0	0.0	0.0	0.6785142374210946	0.0	0.0	3.2258049563057827	2.24559957448471	0.0	0.0	1.8667064694677737	0.0	0.0	0.0	2.203425786711844	2.1306788720014085	0.775629104393208	0.0	0.0	0.0	0.0
18913	0.0	1.3314419780560118	0.0	0.0	0.0	0.0	0.0	0.0	0.0	4.8174584532549805	1.8717375244793852	0.7185327607223574	0.0	0.0	1.2972879383151448	0.0	0.0	2.097844562252216	1.2989654083688384	0.0	0.0	0.6473727401666557	0.0	0.0
18914	0.0	0.8637243324914722	0.0	0.0	0.0	0.0	0.0	0.0	0.0	2.648912249623832	2.2167850091426735	0.0	0.0	0.5920920702732435	1.37074046708431	0.0	0.0	1.0367972327187405	1.2708120917720613	0.0	0.0	0.0	0.0	0.0
18915	0.0	2.149518714547081	2.1873656839272715	0.0	1.6678093585738267	0.0	0.0	0.0	0.0	3.446048234935199	1.8645258293771814	0.0	0.0	0.0	0.7370281295402846	0.0	0.0	2.406227452996818	1.6138197102957772	0.0	0.0	0.0	0.0	0.0
18916	0.0	0.0	0.0	0.0	0.0	0.0	0.0	0.0	0.0	0.48953868141928564	1.4911495568769761	0.6791005473410432	0.0	0.0	0.0	0.0	0.0	2.3368518546785872	0.8683669057755798	0.0	0.0	0.0	0.0	0.0
18917	0.0	0.7568891238234908	0.0	0.0	0.0	0.0	0.0	0.0	0.0	2.3528159875957457	0.8336876920334818	0.0	0.0	0.0	0.0	0.0	0.0	0.9289720141450547	2.465390754653155	0.0	0.0	0.0	0.0	0.0
18918	0.0	1.1603592148992943	0.0	0.0	0.0	0.0	0.0	0.0	0.0	2.166521247021017	1.4561783893027211	0.0	0.0	1.7001813284135925	1.4828456426911314	0.0	0.0	2.4485722853562764	0.95575248196133	0.0	0.0	0.0	0.6807044675930884	0.0
18919	0.0	1.1816675472424274	0.867983410814181	0.7903347662887467	0.0	0.0	0.0	0.0	0.0	3.753743693431443	0.9322461073614111	0.0	0.0	0.0	0.0	0.0	0.0	2.8146382500488305	1.0642958508405183	0.0	0.0	0.0	0.0	0.4596372593038286
18920	0.0	0.8909964608712146	0.8574028104683535	0.41332241763801797	0.0	0.0	0.0	0.0	0.0	1.0044261349716979	2.0867577298597104	0.0	0.0	0.0	0.9869070026308615	0.0	0.0	3.9451040738928747	0.4373053636056506	0.0	1.3790669005223009	0.0	0.0	0.0
18921	0.0	1.5806395759374159	0.0	0.0	0.0	0.0	0.0	0.0	0.0	4.210427417544013	2.069672130940511	0.0	0.0	0.0	0.0	0.0	0.0	1.8905866620358496	1.3214901014212213	0.0	0.0	0.0	0.0	0.0
18922	0.0	1.2602932721549114	0.6131944215332937	0.0	0.0	0.5745082650644158	0.0	0.0	0.0	1.8026809183192452	2.7679385406197943	0.1511832923904127	0.0	0.0	1.8831378647699204	0.0	0.0	2.037338265051277	1.8669631611851565	0.9256174734104975	0.0	0.0	0.0	0.0
18923	0.0	1.0717144804840857	0.0	0.0	0.0	0.0	0.0	0.0	0.0	2.17850866420127	1.0797071798522841	0.0	0.0	0.0	0.0	0.0	0.0	3.8038670891405695	1.279963213165765	0.0	0.0	0.0	0.0	0.0
18924	0.0	0.7470853031436341	0.0	0.0	0.0	0.0	0.0	0.0	0.0	4.161339657417826	3.7972976760971875	0.0	0.0	0.0	0.0	0.0	0.0	2.3314377076165114	1.0457358699440142	0.0	0.0	0.0	0.0	0.0
18925	0.0	0.7178617163402589	0.4416654382844553	0.0	0.0	0.0	0.0	0.0	0.0	0.9318699231919688	1.4630782184366933	0.0	0.0	0.0	0.0	0.0	0.0	0.9457489833636336	1.0778887399924304	0.0	0.0	0.0	1.0626531752332617	0.0
18926	0.0	0.19899748742132398	0.8581893083049269	0.0	0.0	0.4983974317750845	0.7886415887813397	0.0	0.0	3.08834659985051	2.310793514502468	0.0	0.9110372598795775	0.0	0.9901515035589251	0.0	0.0	1.2476619621449982	2.3553697515818333	0.0	0.0	0.0	0.0	0.0
18927	0.0	1.2630141843570255	0.0	0.0	0.0	0.0	0.5190422189647793	0.0	0.0	1.7621321571803288	2.1074579302309546	0.0	0.0	0.0	0.0	0.0	0.0	1.1504234535796387	1.1733791046907687	1.605419370153393	0.0	0.4992703670736658	0.9582159210859816	1.2225095412396954
18928	0.0	1.2869161800357745	0.9925144184607712	0.0	0.0	0.0	0.0	0.0	0.0	2.251825330358441	2.14067594942942	1.7454847731888659	0.0	0.0	1.8322729184762376	0.0	0.0	3.3004020866990205	2.1618083361002474	0.0	0.0	0.0	1.1157341084847738	0.0
18929	0.0	1.0703230567246007	1.743408021262812	0.0	0.7589201777353578	0.0	0.0	0.0	0.0	1.093590427476416	1.1939543726248374	0.0	0.0	0.0	0.0	0.0	0.0	1.157018596779541	2.1417259115383125	0.7312368692593365	0.0	0.9447424333150927	0.0	0.0
18930	0.0	1.3628657083091649	1.2451859659872726	0.0	0.0	0.8114265482089268	0.0	0.0	0.0	3.5735350192986997	1.2476332956932332	0.0	0.0	0.0	0.0	0.0	0.0	3.078804400723899	2.052786304111486	0.8021127876216765	0.0	0.0	0.0	0.0
18931	0.0	0.0	0.0	0.0	0.0	0.0	0.0	0.0	0.0	3.6807275234715235	0.0	0.0	0.0	0.0	0.0	0.0	0.0	2.0109296364151734	0.0	0.0	0.0	0.0	0.0	0.0
18932	0.0	2.0238591640293886	0.8875690225333192	0.0	0.0	0.0	0.8783668282908904	0.0	0.0	1.7754834639387405	1.017369806075475	0.0	0.0	0.0	0.0	0.0	0.0	2.2823911263804915	0.6256365052197904	0.0	0.0	0.0	0.917897723019083	0.0
18933	0.0	1.2076088061721069	0.0	0.0	1.2078586102326208	0.0	0.0	0.0	0.0	4.6575347480200895	1.175990000024787	0.0	0.0	0.0	0.6879946225231593	0.0	0.0	1.2557193251670047	1.680024522783241	0.7694819554796954	0.0	0.0	0.9052260334290178	0.0
18934	0.0	0.9701438118568574	0.0	0.0	0.0	0.0	0.0	0.0	0.0	2.6884487066422786	2.7300499787082315	0.9185310538665814	0.0	0.0	1.89810103445055	0.0	0.0	1.7401923435497941	0.9005124050043041	0.0	0.0	0.0	1.7542688754300024	0.0
18935	0.0	0.7845451586571871	0.0	0.0	0.0	0.0	0.0	0.0	0.0	4.0609334813841595	1.8385480659065192	0.0	0.0	0.0	1.5092883118318265	0.0	0.0	1.1353452850669399	1.1719911924352275	0.0	0.0	0.0	0.0	0.4005366321060644
18936	0.0	0.35511464617628646	0.0	0.0	0.0	0.0	0.8747998247435819	0.0	0.0	1.0550494072320404	1.987483453212039	0.0	0.0	0.0	0.0	0.0	0.0	1.8317578182766612	3.061640246394334	0.0	0.0	0.0	1.3321432446034704	0.0
18937	2.2585791809934364	1.1003251609745681	0.0	0.0	0.0	0.0	0.0	0.0	1.1026580956409928	2.0642897382210683	1.0845980825122161	0.0	0.0	0.0	1.510966911261372	0.0	1.208910121904914	2.238896020443585	3.419083745659154	0.0	0.0	0.9135630118852879	1.076577617987176	0.71140446772731
18938	0.0	1.306610516016297	1.1819894456046136	0.0	0.0	0.7438333024673005	0.0	0.0	0.0	1.3684204186027158	0.9606365540924284	0.0	1.194006212205748	0.899354117014165	3.2541159984472925	0.0	0.0	3.3543127620206628	1.0241739594169317	0.0	0.0	1.7487892637161544	1.8298546994393174	0.0
18939	0.5	1.0126079477392436	0.9125944990647178	0.0	0.49652773576865095	0.0	0.0	0.0	0.0	0.9810651807545148	1.3414275857233	0.0	1.8199416529510222	1.226394394098629	0.9561713992342439	0.9749234731745424	0.0	3.387718152169379	1.164157703189193	0.0	1.5381225042691422	1.2492212106820764	0.13968438087034318	0.0
18940	1.5154505991010303	2.3709416340279863	0.0	0.0	1.3664875014822753	0.0	0.0	0.0	0.0	1.9718726250697833	2.7156963489900616	0.0	1.9792824913424962	1.7024409196050718	1.1410328989771794	1.7722590937909422	1.617260345451164	3.126647845403338	3.2619499626023765	0.0	0.7619871433465234	1.8022380447338229	0.9035079029052513	0.0
18941	0.0	0.8786574171398893	0.0	0.0	0.0	0.0	0.0	0.0	0.0	1.6786595911300244	0.6371028174478591	0.0	0.0	1.7675973540793288	0.0	1.3620819394458485	0.0	1.9159723018420836	0.9252756597961695	0.0	0.0	0.0	0.7188435156555282	0.0
18942	0.0	1.3363539055417293	0.0	0.0	0.0	0.0	1.1034338749863608	0.0	0.0	1.975762929341502	0.8797982083993945	0.0	0.8765754308745378	0.0	1.8885253136774616	0.0	0.0	3.016417486046287	1.8541169431350413	0.8834854604650393	0.0	0.0	0.993534522157244	0.0
18943	0.0	2.4207218413795357	2.482804276532013	0.0	0.0	0.0	0.7029035634150875	0.0	0.0	3.298896304627238	2.245497453876371	0.0	0.0	0.0	0.0	0.0	0.0	2.007639985538714	1.826043906211528	0.0	0.0	0.0	1.091540248026119	0.0
18944	0.0	0.0	0.0	0.0	0.0	0.0	0.0	0.0	0.0	0.6650681933387887	0.0	0.0	0.0	0.0	0.0	0.0	0.0	2.2385558101378376	2.6258693962412454	0.0	0.0	0.0	0.0	0.0
18945	0.5478254157175511	0.9664639672704628	0.6982230634042784	0.0	1.2243699303537527	0.0	0.5769205668320928	0.0	0.0	3.392123883103714	2.1655028088253045	0.0	0.863808139285321	1.942632733051181	1.1295860047699318	0.0	0.0	2.2111342949476964	1.1863473556990352	0.5925386581617298	0.7679325032955289	1.7341871545403598	0.0	0.0
18946	0.0	1.1778475422240098	0.8011028555675764	0.0	0.0	0.0	0.0	0.0	0.0	1.9799126172642123	1.1240527180837872	0.0	0.8769054090177457	0.0	0.909868694227967	2.37677998701997	0.0	2.315370713252506	1.251956533524124	0.48234993936312326	0.0	0.0	1.6165107633462907	0.0
18947	0.0	0.7089797214466447	0.47276579747775527	0.0	0.0	0.0	0.0	0.0	0.0	1.1229155980867929	1.0077740280153202	0.0	0.0	0.0	0.0	0.0	0.0	3.337568305907949	2.8506140950475514	0.6287107057125113	0.7482947971362844	0.0	0.0	0.0
18948	0.0	0.8659140250425743	0.8064829431887082	0.0	0.0	0.0	0.0	0.0	0.0	2.060042475290255	0.9942132403666032	1.4179974383805396	0.0	0.0	1.0295592668470415	0.0	0.0	1.1917722893053175	5.833374129767688	0.0	0.0	0.0	0.8934945304782301	0.7373620863353928
18949	1.5454046241183492	4.666811616570009	1.1797769989529303	0.0	0.0	0.0	2.2240120237817464	0.0	1.01984111228333	4.623763439609932	1.2676274381602524	0.8770105073364028	0.9171910037898588	3.523395374167366	0.0	0.8865321156073996	1.0904194839429306	3.868140405344406	3.4398713175699527	0.5409562148280149	1.96855085573961	3.139247566447526	1.2191761696097816	3.41264608865712
18950	0.0	1.330410461104638	1.6285197391006767	0.0	0.0	0.0	0.0	0.0	0.0	2.9632674740642515	2.0528176627876498	0.8603655782281112	1.0065234098093103	0.0	1.0394786407531906	0.0	0.0	3.0091360320651193	2.1495013561180527	0.0	0.0	0.0	0.0	0.0
18951	0.0	1.1742786176080504	0.8314794192830982	0.0	0.0	0.0	0.0	0.0	0.0	4.231564814766709	1.204226171943397	1.9350383196822105	0.0	0.0	2.1129428550052642	0.0	0.0	1.8522007359356274	2.9491040232362904	0.5607840927924514	0.0	0.0	1.3842181049332496	0.0
18952	0.0	2.5078165627518714	1.1880039020165	0.0	0.0	0.0	0.0	0.0	0.0	2.1347667411861253	2.5356253498826287	0.0	0.0	0.0	0.5691411252841968	0.0	0.0	1.9250052102444282	0.8812427118198963	0.0	0.0	0.0	1.7062159380514839	0.0
18953	0.0	1.1734978867407402	2.155774985719223	0.0	0.46002246641630734	1.6982383644908334	1.0509902733615528	0.0	0.0	2.172184285529682	2.430901795678839	0.8301754056409922	0.0	0.0	0.0	0.0	0.0	6.128753179874698	3.3719152763577447	0.0	0.0	0.0	1.7664784032591352	0.0
18954	0.0	1.1427951372068323	0.7595838285486287	0.0	0.0	0.0	0.0	0.0	0.0	1.7122370834390832	0.7385261602978008	0.0	0.0	0.0	0.0	0.0	0.0	1.3782066676053741	2.228168510536393	0.0	0.0	0.0	1.363085931952757	0.0
18955	0.4284184575077349	2.181563650723895	0.0	0.0	0.0	0.0	0.0	0.0	0.0	2.1718848900306122	1.4958301492677075	0.0	0.0	0.0	0.0	0.0	0.0	5.16867075470149	1.0302040503260352	0.0	0.0	0.0	0.0	0.0
18956	0.0	0.9489939774102878	1.8390818965511628	0.0	0.0	0.0	0.0	0.0	0.0	2.1694195938787026	1.2128067195028873	0.0	0.0	0.0	0.868444017388495	0.0	0.0	2.78860950568677	0.9825335333991686	0.0	0.0	0.0	1.6241097334551797	0.5553491680129703
18957	0.0	0.0	1.021388866715084	0.0	0.0	0.0	0.0	0.0	0.0	1.9913883165875923	0.6122623696530816	0.7379035866598834	0.0	0.0	0.0	0.0	0.0	4.551816643948479	0.0	0.0	0.0	0.0	0.0	0.0
18958	0.0	0.0	0.0	0.0	0.9668325039060521	0.0	0.0	0.0	0.0	1.1792358134610972	1.966291904798289	0.8295438661127955	0.0	0.0	0.0	0.0	0.0	3.4865782665020952	1.0545552507381986	0.0	0.0	0.0	1.8856180831641265	0.0
18959	0.0	0.9433309340699022	0.0	0.0	0.8678547068103228	0.0	0.0	0.0	0.0	1.995320319061357	1.3555628415104741	0.0	0.0	0.0	0.3739016949210249	0.0	0.0	1.9873936030221424	0.4810456929208346	0.0	0.0	1.9619718266971784	1.1248749277168286	0.0
18960	0.0	0.9999063665675048	1.109679821649727	0.0	0.0	0.0	0.0	0.0	0.22165840208900964	2.266416194929516	1.1511992464338738	0.0	0.0	0.0	0.0	0.0	0.5200373549308759	2.3529159346650417	2.1875685504990643	0.9600241830386407	0.0	2.5824591103121546	1.990468585840315	0.0
18961	0.0	0.0	0.0	0.0	0.0	0.0	0.0	0.0	0.0	1.1479931722481793	0.8993996032297816	0.0	0.0	0.0	1.3741664917055705	0.0	0.0	2.361952261987824	0.9682458365518543	0.0	0.0	0.0	0.0	0.0
18962	0.0	1.9540460267509765	0.0	0.0	0.0	0.0	0.0	0.0	0.0	2.1000324305619014	0.9222029389789429	0.19982631347136334	0.0	0.0	1.5601602414482971	0.0	0.0	2.110449241275421	1.0190403505797074	0.0	0.0	0.0	0.0	0.0
18963	0.0	0.48336301606573323	0.0	0.0	0.0	0.0	0.0	0.0	0.0	0.5131455286517315	0.0	0.9744034953470182	0.0	0.0	0.0	0.0	0.0	3.3331821583255077	1.6820812322235124	0.6479247657043988	0.0	0.0	0.0	0.0
18964	0.0	1.0011450234729689	0.0	0.0	0.0	0.0	0.0	0.0	0.0	1.0372927896023123	1.9167229409875992	0.0	0.0	0.0	0.9822473974263506	0.0	0.0	2.1697051186825	1.178131447079324	0.0	0.0	1.4227022509518947	0.0	0.0
18965	0.0	1.448394142953184	1.31908081952649	0.0	0.0	0.0	0.0	0.0	0.0	2.2390195029401694	2.2151539239761435	0.0	0.5071431070891184	0.9239396491579398	0.0	0.0	0.0	2.034878819862116	1.1504239853292182	0.0	0.0	0.0	1.1388468005304642	0.0
18966	0.0	1.0530514553549866	1.6085837092896247	0.0	0.0	0.0	0.0	0.0	0.0	3.4527624459984696	2.4184937789995216	0.0	0.0	0.0	1.4251000646503917	0.0	0.0	3.261427999388378	2.223909407374822	0.8507834220346686	0.0	0.0	0.0	0.0
18967	0.0	1.2958024540800963	0.9388317946399112	0.0	0.5179321749446911	0.0	0.0	0.0	0.0	2.0576881541126397	2.7102854430496857	0.0	0.0	0.0	0.8470839100164055	0.0	0.0	2.3961319239569	2.124142062445085	0.0	0.0	0.0	1.3932341183023893	0.0
18968	0.0	0.8806391759870843	0.0	0.0	0.0	0.0	0.9195235862406305	0.0	0.0	2.3479909696815944	1.2172086880126638	0.0	0.0	1.4555108787026743	0.0	0.0	0.0	1.036114609318797	1.2314837505641636	0.0	0.0	0.0	0.0	0.6168752996100014
18969	0.0	1.1100057143540027	1.7702350539908152	0.0	0.0	0.0	0.0	0.0	0.0	3.322526267276038	1.0016050011834428	0.0	0.7234628160288965	0.6919359143225156	1.0207009586822908	0.0	0.0	3.3367034215536937	0.7946809131257964	0.0	0.1770480344533573	0.0	1.1038754744168158	1.0821893160266423
18970	0.0	0.0	0.0	0.0	0.0	0.0	0.0	0.0	0.0	0.9164550218982568	1.0795727990167128	0.0	0.0	1.424338959627147	0.0	0.0	0.0	0.9774979126903887	0.0	0.0	0.0	0.0	0.0	0.0
18971	0.3065828371067492	1.4727776611979206	2.1944428278877814	0.0	1.9201863924037497	0.9471266294389606	0.8438016869405143	0.0	0.0	1.9694943788650685	1.808261491198218	0.0	0.8454687787550434	1.6469336610607193	1.3699820935113756	0.0	0.0	2.194954122702764	2.980942678692534	0.0	0.0	2.296449767121449	0.0	1.976508479011118
18972	0.0	1.4767270068379534	0.0	0.0	0.0	0.0	0.7011416654722603	0.0	0.0	2.0529742802647877	3.2551416229892554	0.0	0.0	0.0	0.0	0.0	0.0	3.087637246400344	2.0847633271002044	0.0	0.0	0.0	0.0	0.0
18973	0.0	1.5311970715356291	0.0	0.0	0.8452959391912932	0.0	0.7936300947722127	0.0	0.0	1.9071651505741776	2.208932813296744	0.0	0.0	0.0	0.0	0.0	0.0	3.6407967856731447	1.9357727197386532	0.0	0.0	0.0	0.9212523512483908	0.0
18974	0.0	0.0	0.2743147627980575	0.0	0.0	0.0	0.9704031860294259	0.0	0.0	1.740077707445726	0.0	0.0	0.0	0.0	0.0	0.0	0.0	3.714488662048161	1.2938283644806576	0.0	0.0	0.0	0.0	0.0
18975	0.0	1.280958174092396	0.9956890907233159	0.0	0.0	0.0	0.8374567173371699	0.0	0.0	2.8015745371539476	1.2811584541592378	1.1185401714296492	0.33553150442870217	0.0	0.0	0.0	0.0	4.202364837498463	3.3953978301535024	0.0	0.0	0.0	1.668150568144381	0.0
18976	0.0	2.147137720530565	0.0	0.0	0.0	0.0	0.0	0.0	0.0	3.283105329857055	1.5965876925057718	0.0	0.0	0.0	1.4924281198857154	0.0	0.0	1.8162601681102541	4.591364318447591	0.0	0.0	0.0	0.7935431519926002	0.0
18977	0.0	1.8236448070758058	0.0	0.0	0.0	0.0	0.0	0.0	0.0	4.553438843924552	1.9648177921397891	0.0	0.0	0.0	1.284280013576235	0.0	0.0	2.2920321253153597	1.8374715820506136	0.0	0.0	0.0	1.6287790880399098	0.0
18978	0.0	1.9562975509721863	0.8800765767602271	0.0	0.6792523991577871	0.0	0.0	0.0	0.0	2.094615708426344	1.1745485189706397	0.9874725430864566	0.6093525484830971	0.0	0.8994499151235682	0.0	0.0	3.1815684270545876	2.0054341036758316	0.0	0.0	0.0	0.0	0.9870134656564752
18979	0.0	1.0815907375919749	1.770191636906171	0.0	0.0	0.3882154877102615	0.0	0.0	0.0	2.9024648061901845	1.9771240142062263	0.6614378277661477	0.0	0.9982683969692435	0.8770538042929635	0.0	0.0	2.269790470668308	2.4268190428350165	0.0	0.0	1.12524345788197	3.430402523954769	0.0
18980	0.0	2.0904854429700017	1.5281184040658766	0.0	0.0	0.0	0.0	0.0	0.0	2.3510081136627003	0.5871298431818074	0.0	0.0	0.0	0.0	0.0	0.0	2.1825094981916138	1.0848540580401425	0.0	0.0	0.3282155602433282	0.0	0.0
18981	0.0	1.6739853803472622	0.9710635735848708	0.0	0.0	0.0	0.9961062970182405	0.0	0.0	6.347386437520047	2.3153129622724236	0.0	0.0	0.0	1.8970374661144824	0.0	0.0	1.9458845932689317	1.1078632121234129	0.0	0.0	0.0	1.6058191801262371	0.0
18982	0.0	1.7996263870134341	1.0827996299686957	0.0	0.7395114516279159	0.0	0.0	0.0	0.0	1.1320388529726073	1.124619677320103	0.0	0.0	0.0	0.0	0.0	0.0	3.0555218741549206	2.847835368966703	0.0	0.0	0.0	1.0448362377140428	0.0
18983	0.0	0.9839771567517787	0.0	0.0	0.0	0.0	0.0	0.0	0.0	0.9963577682517599	1.95785165474227	0.0	0.0	0.0	0.0	0.0	0.0	1.0426284544865065	0.8757288550587315	0.0	0.0	0.0877031666587966	0.781370739122738	0.0
18984	0.0	0.0	0.0	0.0	0.0	0.0	0.0	0.0	0.0	2.804475264045442	1.2877347979158262	0.0	0.0	0.0	2.997860261315611	0.0	0.0	2.5946652215511112	1.312890307507516	0.0	0.0	0.0	1.8897830343066853	0.0
18985	0.0	1.0756833780989312	0.0	0.0	0.0	0.0	1.0433453034266067	0.0	0.0	3.620638379716375	1.9075911680706306	0.0	0.0	0.32586511878718505	0.9851744195121959	0.0	0.0	2.245661450028749	1.9086604977517494	1.3507768974417014	0.0	0.7125068430139625	1.7622179255146069	0.0
18986	0.0	2.629308221342241	0.0	0.0	0.0	0.0	0.0	0.0	0.0	1.9286419209296566	1.6774259970971381	0.0	0.0	0.0	0.8740395050709859	0.0	0.0	2.099666977431079	3.5161023448637887	1.208374250230679	0.0	0.0	0.9192118190726614	0.0
18987	0.0	1.191552609397522	0.0	0.0	0.0	0.7699017096634888	0.0	0.0	0.0	1.086019278233974	1.268356551000879	0.0	0.0	0.0	0.0	0.0	0.0	2.0837887325017395	2.2679746172765927	0.9491693568594034	0.0	0.0	0.0	0.0
18988	0.0	2.365998710062101	0.0	0.0	0.0	0.0	0.0	0.0	0.0	2.1797502408317424	1.0986804892635653	0.8831840672477629	0.0	0.0	0.0	0.0	0.0	2.932899917994239	1.1873121602573864	1.4164084734595803	0.0	0.0	0.0	0.0
18989	0.0	1.7149414256339677	0.9945598551900008	0.0	0.0	0.0	1.681437384293835	0.2663102629293378	0.0	2.4784253375682868	2.0909810905447785	0.0	0.0	0.0	1.341598325769801	0.0	0.0	1.4402614973789205	2.7379148525639443	0.8401479159707885	0.0	0.0	0.0	0.0
18990	0.0	0.0	0.0	0.0	0.0	0.0	0.0	0.0	0.0	3.0982735333350946	2.6021755474535837	1.7001802924454579	1.0687602264332885	2.7637792685421267	0.9066335588835236	0.0	0.0	3.0736091699745205	3.1293531409688233	0.0	0.0	0.0	0.0	0.0
18991	0.0	0.11249954342810413	0.6869151328490406	0.0	0.0	0.0	0.0	0.0	0.0	2.2082896571501993	0.47140452079103173	1.326907593121601	1.3812131753043955	0.0	0.3343180720616743	0.0	0.0	1.2340201456706872	0.9162128482942713	0.0	0.0	0.0	0.0	0.0
18992	0.0	2.244446087653019	1.0105929441111237	0.0	0.0	0.0	0.0	0.0	0.0	4.119422401036173	1.152407785670726	0.0	0.0	0.0	0.9888191037331477	0.0	0.0	3.606857548983789	2.3954699580431456	0.0	0.0	0.0	1.3381003192803258	0.0
18993	0.0	0.0	0.0	0.0	0.0	0.0	0.0	0.0	0.0	2.219664285925371	3.0056934753349975	0.0	0.5891574684963439	0.0	0.9125471909425639	0.0	0.0	3.853251634228544	1.0432786147334108	0.0	0.0	0.0	1.2403918937804468	0.0
18994	0.0	0.0	0.8936550612382169	0.5871288107855765	0.0	0.0	0.4965973476192652	0.0	0.0	2.732495726866637	1.0826444538097564	0.0	0.0	0.0	3.6198092343178008	0.9095905675965363	0.0	3.212091208682854	1.2479074835876793	0.0	0.0	0.0	0.0	0.0
18995	0.0	0.46275694584706684	0.0	0.0	0.0	0.0	0.0	0.0	0.0	3.7299773619308767	0.0	0.0	0.515594399731042	0.0	0.6476890718445449	0.0	0.0	1.9907310727673975	2.0358521107596843	0.0	0.0	0.0	0.8793421577437803	0.0
18996	0.0	1.3151118624407694	0.0	0.0	0.0	0.0	0.0	0.0	0.0	2.362296899287267	1.1800468372833899	0.0	0.0	0.0	0.8496351447289268	0.0	0.0	2.0325202449061512	2.392236038066642	0.0	0.0	0.0	1.051844609170817	0.0
18997	0.0	1.9181996851318355	0.0	0.0	0.4887762666450665	0.0	0.0	0.0	0.0	1.9795457373434606	1.9001275506734772	0.0	0.0	0.0	0.0	0.0	0.0	2.0036125415761363	0.9686211305079611	0.0	0.0	0.0	0.7178426359021255	0.0
18998	0.0	1.0078377500103795	0.0	0.0	0.0	0.0	0.0	0.0	0.0	1.1700767452794496	2.026845060495045	0.0	0.958838905627042	0.0	0.0	0.0	0.0	3.697999722947815	0.8326929409527339	0.788119565371746	0.0	0.0	0.17294970032249257	0.9511782856423814
18999	0.0	0.0	0.33734826941201795	0.0	0.0	0.0	0.0	0.0	0.0	1.0046157462413572	1.9531907792095338	0.0	0.0	0.0	0.0	0.0	0.6845782080045553	2.4998669972406815	2.2193102958770896	0.5415191385935442	0.0	0.0	0.7918579929119222	0.4794832703865605
19000	0.0	1.1895754648482602	0.9016394067826152	0.0	0.0	0.0	0.0	0.0	0.0	4.47319784571867	1.814893899229199	0.0	0.0	0.0	0.0	0.0	0.0	3.0380764262131184	1.0456701372362782	0.0	0.0	0.0	0.0	0.0
19001	0.0	1.1128986751472745	0.0	0.0	0.0	0.0	1.0809000721574675	0.0	0.0	2.1920795195492873	3.0863785531137062	0.0	0.0	0.9152623664676388	0.0	0.0	0.0	1.129761669143959	1.3672367319377636	0.0	0.0	0.0	0.0	0.0
19002	0.0	0.0	0.0	0.0	0.0	0.0	0.0	0.0	0.0	0.743624720473439	0.0	0.0	0.0	0.0	0.0	0.0	0.0	0.8892276186436885	0.0	0.0	0.0	0.0	0.0	0.0
19003	0.0	1.0768818845072394	0.6965439551377374	0.0	0.0	0.0	0.0	0.0	0.0	1.1683199940419158	0.9603598430416693	0.8624798507014726	0.0	0.0	0.9476843298645541	0.0	0.0	3.0052641566524017	2.4010002045750003	0.0	0.0	0.6585541910293061	0.0	0.0
19004	0.0	1.2333760403692353	0.9627367606617588	0.0	0.0	0.0	0.0	0.0	0.0	1.1183825986134854	2.4992028497583845	0.0	0.0	0.0	0.8111013305737614	0.0	0.0	3.0290405800052427	3.3911737397390893	0.0	0.9722424235188417	0.0	0.0	0.8833511890562845
19005	0.0	2.118932878410705	0.0	0.0	0.0	0.0	0.0	0.0	0.0	3.2771606285457375	2.3570169928045246	0.0	0.0	0.0	0.0	0.0	0.0	3.9728385286396626	1.388205631480493	1.1293430401099294	0.0	0.0	0.0	0.0
19006	0.0	1.150351709602828	0.0	0.0	0.0	0.0	0.0	0.0	0.0	2.568119793349702	0.9985356083196062	0.7633224301893035	0.7455967393876097	1.9382040637492581	1.3143107487984063	1.7307450228213528	0.0	1.9243429533610559	1.9061568816513432	0.7548031650385747	0.8179978766931925	0.8334690677041597	0.0	0.0
19007	0.0	1.1464273699775107	0.0	0.0	0.0	0.0	0.0	0.0	0.0	3.415429263755102	1.790794665007094	1.1470233612751897	0.0	0.0	0.9494914443391518	0.0	0.0	3.335381022262549	2.40392185487414	0.0	0.0	0.5480753785115375	0.0	0.0
19008	0.0	1.9221571036661955	0.0	0.0	0.0	0.0	0.0	0.0	0.0	2.8945525151534737	1.8601440078574207	0.0	0.0	1.9288042194418522	0.8651608898829002	0.0	0.4586784058497099	2.246746078466514	1.969800204458856	0.0	0.0	1.2032691029642795	0.0	0.0
19009	0.0	0.0	0.0	0.0	0.0	0.0	0.0	0.0	0.0	1.051919810796399	1.5891608158916553	0.0	0.0	0.0	0.0	0.0	0.0	3.204808689517324	1.1823170132321879	1.0204065507671813	0.0	0.0	0.0	0.0
19010	0.0	0.8804919440043917	1.4859597340368358	0.0	0.0	0.0	0.0	0.0	0.0	2.3234384709404647	1.5880002066681822	0.0	0.0	0.0	0.0	0.0	0.0	1.8334473428021518	1.0612454572769445	0.0	0.0	1.9132912185982778	0.0	0.5873290141678246
19011	0.9394887989004411	0.9215034394966896	1.2264995843032478	0.0	0.0	0.0	0.0	0.0	0.0	1.2034934073682944	1.1684714518017554	0.0	0.0	0.0	1.5548104713088526	0.0	0.0	1.058897630534364	1.1622774851642717	0.0	0.0	1.8028289529947779	0.0	0.0
19012	0.9891859728528751	2.316788962049534	0.0	0.0	0.0	0.0	0.925896295822207	0.0	0.0	1.835016062768194	1.223183460392503	0.0	0.0	0.0	0.9363338014054183	0.0	0.0	2.1716796578929913	0.9159869533816691	1.3888444437333105	0.0	0.0	0.0	0.0
19013	0.0	0.0	0.0	0.0	0.0	0.0	0.0	0.0	0.0	1.935751854476175	0.0	0.0	0.0	0.0	0.0	0.0	0.0	1.0874983591296563	0.0	0.0	0.0	0.0	0.0	0.0
19014	0.0	0.0	2.5834137905981294	0.0	0.0	0.0	0.0	0.0	0.0	1.0027164454392374	1.9625362656026575	0.0	0.7690675784766671	0.0	0.6224675555207904	0.0	0.0	1.1947249285425001	1.4148197535556946	0.0	0.0	0.0	0.0	0.0
19015	0.0	1.0733047001705172	0.0	0.0	0.0	0.0	0.0	0.0	0.0	1.235310660659756	1.6327584022138733	1.4999222202056568	0.0	0.0	1.3470915171418592	0.0	0.0	2.052681767629658	2.266074212711618	0.9906170916263368	0.0	0.3650532685634918	1.199884253677088	0.0
19016	0.0	2.0174901291132126	0.7840507315791145	0.0	0.0	0.0	1.4263213627303866	0.0	0.0	2.0782864709704167	1.8644166316374347	0.0	0.0	0.7870266488901714	0.0	0.0	0.0	3.075273514191788	2.4386601019043037	0.0	0.0	0.0	0.0	0.0
19017	0.0	0.0	0.0	0.0	0.0	0.0	0.0	0.0	0.0	2.4617065601686905	0.0	0.0	0.0	0.0	0.0	0.0	0.0	1.696560911842466	0.0	0.0	0.0	0.0	0.0	0.0
19018	0.0	1.2984683857666737	0.0	0.0	0.0	0.0	0.0	0.0	0.0	3.1926047205109382	1.9480218843844241	1.1755995688263947	0.0	0.0	1.2973423327107536	0.0	0.0	3.489141926510746	2.1357658034063656	0.0	0.0	0.0	0.0	0.0
19019	0.0	0.9288948422707187	0.0	0.0	0.0	0.0	0.0	0.0	0.0	0.8644757220037709	1.2153750316920258	0.0	0.0	0.7276365181606564	0.0	0.8828277049671039	0.0	0.9883537323190701	1.254332336095582	0.0	0.0	0.9303456652400415	0.0	0.0
19020	0.0	2.2434119099788945	0.0	0.0	0.0	0.0	0.0	0.0	0.0	3.378624173036394	1.6420663816778378	0.0	0.0	0.0	0.0	0.0	0.0	3.085750659902806	2.2249103558158647	0.0	0.0	0.363566461517203	1.527995945688552	0.0
19021	0.0	1.9525153134275222	0.0	0.0	0.0	0.0	1.3903860689982364	0.0	0.0	1.0176976064339995	2.381705611682481	1.5026907194280874	0.0	0.0	1.2212622428845783	0.0	0.0	2.419400060009047	1.0210764843242337	0.0	0.0	0.0	0.0	0.0
19022	0.0	0.0	1.3197098691960893	0.0	0.0	0.0	0.0	0.0	0.0	0.8639853966381683	0.7261786844706499	0.0	0.0	1.8631335257311106	0.0	0.0	0.0	1.1080662067850817	1.2902773693981835	1.239891944745846	0.0	0.9942809409314258	0.0	0.0
19023	0.0	0.0	0.8880395602218533	0.0	0.0	0.0	0.0	0.0	0.0	1.6481104451443034	1.0352917623176643	0.0	0.0	0.0	1.3488739086236279	0.0	0.0	1.0370078380336736	1.3363662953723807	0.8619515319532961	0.0	0.5654649121682298	0.0	0.0
19024	0.0	0.0	0.0	0.0	0.0	0.0	0.0	0.0	0.0	2.9173647403271565	1.1327520567023155	0.820960818400548	0.0	0.0	0.7584149342378975	0.0	0.0	3.2964258334210386	3.5595413411293246	0.6670401713202594	0.0	0.0	1.0306875085013083	0.0
19025	0.0	1.473301090805257	1.8027197016824323	0.0	0.0	0.0	0.9040165294440066	0.0	0.0	1.9648035097827816	2.731324631537875	0.7433251592275839	0.0	0.0	1.2602632161424643	0.0	0.0	3.4375336406015844	2.223805893253382	0.0	0.0	0.0	0.0	0.0
19026	0.0	1.9457149645582672	0.0	0.0	0.0	0.0	0.0	0.0	0.0	1.9047811035129303	1.9980618899689644	0.0	0.0	0.0	0.9393173771711208	0.0	0.0	4.225843612851295	2.076955969716249	0.0	0.0	1.0404207571942943	0.0	0.0
19027	0.0	2.3899054216591735	1.1510314823924688	0.0	0.0	0.0	0.0	0.0	0.0	2.152042248618229	1.126031620175705	0.0	0.0	0.0	0.0	0.0	0.0	2.1296508177605182	0.8228792180978307	0.0	0.0	0.0	0.0	0.0
19028	0.0	1.843568734413781	1.240887863534294	0.0	0.0	0.0	0.0	0.0	0.0	3.0952651602007837	1.3457827801901066	0.0	0.0	0.0	1.1487816667778408	0.0	0.0	2.7484200752808534	2.430099726741769	0.36619532280958206	0.0	0.0	0.0	0.0
19029	0.0	1.191687912351674	0.0	0.0	0.0	0.0	0.9531673980638318	0.0	0.0	2.1089790090035656	1.5718416447703982	0.0	0.0	0.0	0.8333431528754008	0.0	0.0	1.9956713070894507	1.2869641000236904	0.0	0.0	0.0	0.0	0.0
19030	0.0	1.0088684171790578	0.0	0.7159471691011742	0.0	0.0	0.0	0.0	0.0	2.0970738492279226	1.4409887145924138	0.0	0.0	0.0	1.6706089738279102	0.0	0.0	3.073709394268715	2.134158744956555	0.7521759680845291	0.0	0.0	2.7016724850601097	1.298506077500465
19031	0.0	2.2921831222351767	0.0	0.0	0.0	0.0	0.6822290133241222	0.0	0.0	2.151545194078993	3.151286025417975	0.7639359785282358	0.0	0.0	0.0	0.0	0.0	3.015930938410353	2.545339806186596	0.4567633469250445	0.0	2.189919155115668	0.0	0.4343898153897909
19032	0.0	1.46288523046932	0.0	0.0	0.7682307003534098	0.0	0.0	0.0	0.0	3.424069533074056	1.1045151460018108	0.0	0.0	0.0	1.271049218214287	0.0	0.0	3.2713664017396042	2.900044888426015	0.0	0.0	0.0	0.0	0.0
19033	0.49948811666025383	2.120234753078834	1.8102817961317228	0.0	0.0	0.0	0.0	0.0	0.0	2.0466334022334323	2.561262240217799	0.0	0.0	0.35901098714230034	0.0	0.0	0.0	1.3824126302347495	2.8730709833458037	0.0	0.0	0.0	0.0	1.1230115962675868
19034	0.0	0.0	0.0	0.0	0.0	0.0	1.3923579055786375	0.0	0.0	2.352206059412255	2.610137437876256	0.0	0.0	0.0	0.0	0.0	0.0	3.9226237641252464	0.860174806114137	0.9888507732776418	0.0	0.0	0.6555402648807127	0.0
19035	0.0	0.0	0.0	0.0	0.0	0.0	0.0	0.0	0.0	3.051228860409155	0.0	0.0	0.0	0.0	0.0	0.0	0.0	1.0312575156051293	0.0	0.0	0.0	0.0	0.0	0.0
19036	0.0	1.2657167042866284	0.0	0.0	0.0	0.0	0.0	0.0	0.0	1.1521760841453839	1.2484631010543394	0.0	0.0	0.6579216096036655	1.3684667687012202	0.0	0.0	2.183449811575778	1.194281459256888	0.0	0.0	0.0	0.0	0.0
19037	0.0	0.0	0.0	0.0	0.0	0.0	0.0	0.0	0.0	1.0455709145796692	0.0	0.0	0.0	0.0	0.82065180664829	0.0	0.0	0.8507418016338344	0.4714045207910317	0.0	0.0	0.0	0.9340497736158586	0.0
19038	0.0	0.0	0.0	0.0	0.0	0.0	0.0	0.0	0.0	0.8245791628750698	0.0	0.26033911845761204	0.0	0.0	0.4251445900369345	0.0	0.0	2.403130527542877	1.0824538658744154	0.0	0.0	0.0	0.0	0.0
19039	0.0	0.0	0.0	0.0	0.0	0.0	0.0	0.0	0.0	0.6839570708582393	0.9971148568069542	0.0	0.0	0.0	0.8379199334911959	0.0	0.0	0.8092181201670132	1.118645985206676	0.0	0.0	0.0	0.0	0.0
19040	0.6742426674448708	1.2165211915638008	0.0	0.0	0.0	0.0	0.0	0.0	0.0	0.7589500168843006	0.0	0.0	0.0	0.0	1.2013537337731937	0.0	0.0	1.0043966837921652	1.0819815250509175	0.0	0.0	0.0	0.0	0.0
19041	0.0	0.5445788069720687	0.0	0.0	0.0	0.0	0.0	0.0	0.0	0.7453559924999299	1.3164909193946812	0.0	0.0	0.0	1.1663197541800596	0.0	0.0	0.798237739912579	0.7569006546399168	0.0	0.0	0.0	0.0	0.5917887271319144
19042	0.0	2.029422905558272	0.0	0.0	0.0	0.0	0.0	0.0	0.0	3.711121451423425	2.537108310841005	0.0	0.0	0.0	2.084163016932241	0.0	0.0	2.227697012676125	3.3020298848654015	0.0	0.0	0.0	0.0	0.0
19043	0.0	0.9698942272382062	0.0	0.0	0.0	0.0	0.0	0.0	0.0	1.1531359129840009	1.001630965763302	0.0	0.0	0.0	1.899155584797752	0.0	0.0	2.941877767310758	3.2411094824155597	0.0	0.0	0.18924943816577378	1.120745128513214	0.35003342233995116
19044	0.0	2.056923327970608	0.6348161559046341	0.0	0.0	0.0	0.0	0.0	0.44679570284662157	4.305664148070344	1.2742402623563056	0.8378001569108259	0.0	0.0	0.0	0.0	0.0	4.182875317530673	2.230104554969612	0.0	0.0	0.0	1.120432560483086	0.0
19045	0.0	0.9338321594185784	0.0	0.0	0.0	0.0	0.0	0.0	0.762174550085524	3.262396750932128	1.0703730953532546	0.0	0.0	2.2913073956709398	1.1134733334735853	0.0	0.0	2.6568921532279357	2.0122570287807275	0.0	0.0	0.941981004263191	0.0	0.0
19046	0.0	2.351229869875698	0.8509350669872665	0.0	0.0	0.0	0.0	0.0	0.0	2.4159555980055982	2.0434509939049432	0.0	0.0	0.0	1.0579488786817528	0.0	0.0	3.020203236292924	1.182198293936197	0.0	0.0	0.0	0.0	0.0
19047	0.0	0.933488082409197	0.0	0.0	0.0	0.0	0.0	0.0	0.0	6.6174337283760565	0.7747739489581678	0.0	0.0	0.5856867863525598	0.8017662588970486	0.0	0.0	2.24134083321538	1.8038971570439195	0.7328517663433082	0.40823071741474204	0.0	0.0	0.0
19048	0.4162702751285296	1.5517168249756361	0.0	0.0	0.0	0.0	0.0	0.0	0.0	3.5014478835827814	1.3717348172835944	0.0	0.48344202692930865	0.0	1.5965753740724205	0.0	0.0	2.0746332191777563	1.2719313644212207	0.6876180400379351	0.0	0.0	0.9120173010535597	1.3247444176160637
19049	0.0	0.6190615611190939	0.0	0.0	0.0	0.0	0.0	0.0	0.0	2.080237144762564	1.7300474577521237	1.1879569984075011	0.0	1.6018827830387357	0.0	0.0	0.0	1.247443939559475	1.0192099525297231	0.6349551262120499	0.0	0.6146488074325674	0.9915909414449637	0.0
19050	0.0	1.9521465535227316	0.8776622620019631	0.0	0.0	0.0	1.5406692650821354	0.0	0.0	3.2093116795551624	2.1690386717468972	0.0	0.9451116206844073	0.0	0.9437928894790902	0.0	0.0	3.388334221960167	1.9619781681522475	0.0	0.0	0.9208262526960886	0.0	0.0
19051	0.0	1.7650121684701128	0.0	0.0	0.0	0.0	0.0	0.0	0.0	2.3454973938786114	1.1808172858486126	0.6285393610547089	1.079992552363962	0.0	2.8880676288581757	0.0	0.0	1.093061118463031	2.1129488854237324	1.0785226926252638	0.0	1.1188917875847828	0.0	0.0
19052	2.1790697228280074	0.0	0.0	0.0	0.0	1.7031502506431317	0.0	0.0	0.0	2.871913916946517	1.2760634038559535	0.0	0.0	2.6858446808800425	0.0	0.7297200487042746	0.0	4.250401407743811	0.7225274080470504	0.0	0.0	1.0830535106931665	0.6470446538723236	0.0
19053	0.0	1.084143116353505	0.0	0.0	0.0	1.405621974925414	0.0	0.0	0.0	5.68276238671446	2.0493814049579555	0.0	0.0	2.1563565573730594	0.0	0.0	0.0	3.1594375098813896	2.223813912428247	0.0	0.0	1.5843981772502822	0.9362576215481775	0.0
19054	0.7985085554889838	2.130578567472488	0.9746657227176058	0.0	0.0	0.0	0.0	0.0	0.0	4.4322580842547765	1.61721641360836	1.4659302715899527	1.2573499769772267	1.7657361172985206	0.7788453348371516	1.1757312839912422	0.7905216872458055	3.1305284045566237	1.8275640883685322	0.9917636743144193	0.0	2.133994787802235	1.0302399910603812	0.7530664640629295
19055	0.0	1.1501863844648244	0.8401489987710838	0.0	0.0	0.0	0.0	0.0	0.0	5.5461583496007405	2.2406941262963196	0.0	0.8323264665615143	0.5182352751921804	1.8550170984047962	0.0	0.0	0.9999077994393217	1.0950712052483798	0.0	0.0	0.0	0.9773934515760138	0.9676377950939758
19056	0.0	2.0087666859013775	0.0	0.0	0.7625906832643575	0.0	0.0	0.0	0.0	3.1521107958217147	3.2746469798872253	0.0	0.0	0.0	1.200309855828902	0.0	0.0	2.1450414897645653	3.611925298574522	0.7987779018969707	0.8837023462328205	0.0	0.0	0.0
19057	0.0	1.4380941926213142	1.4326065336097893	0.4449539246656982	0.0	0.0	0.9464495109879691	0.0	0.0	5.127219995436764	1.1702401661572936	0.3408861060392384	0.0	0.0	1.505551746167852	1.2429624884787969	0.0	3.4681836352637263	1.9721070762722837	0.0	0.0	2.7830471421457825	0.0	0.0
19058	0.0	0.9867017010797032	0.0	0.0	0.0	0.0	0.0	0.0	0.0	1.1757550765359253	0.7761886166326617	0.8812869377601523	0.9994442900376632	0.0	0.0	0.0	0.0	1.1724842214591276	2.004738308957186	0.0	0.0	0.0	0.9960415480451098	0.0
19059	0.0	2.1676730021524904	1.054604835009157	0.0	0.0	0.0	0.5775506197766292	0.0	0.0	5.300271499415246	1.6627191902852918	0.0	0.0	2.028454624631975	0.0	0.0	0.0	0.9644852803729208	1.2201801019118124	0.0	0.9678051289131289	0.0	0.0	0.0
19060	1.2295155986578845	1.089517006050625	0.0	0.0	0.0	0.0	0.8518354199999201	0.0	0.0	1.956226308951842	2.0262554004873485	0.0	0.8460739668608172	0.0	0.4785067632491895	0.0	0.0	3.206047863354433	0.4685916669676717	0.0	0.0	0.597214350163828	0.0	0.0
19061	0.0	1.4453783225714665	0.0	0.0	0.0	0.0	0.0	0.0	0.0	3.9333680230057637	1.1672153875673235	0.0	0.0	0.0	0.0	0.0	0.0	3.3283511708638795	1.9256971285690263	0.9007121423876363	0.0	1.2588709667797187	0.0	0.0
19062	0.0	1.76886546734093	0.0	0.0	0.0	0.0	0.0	0.0	0.44306148331041895	3.2122457763430483	2.2391852838493578	0.0	0.0	0.0	0.0	0.0	0.0	2.2016007138497287	1.9902778163832329	0.0	0.0	1.4182222191356713	0.0	0.0
19063	0.0	0.0	0.0	0.0	0.0	0.0	0.0	0.0	0.0	2.087671916382222	1.5112942304671244	0.0	2.033951020818501	0.0	0.0	0.0	0.0	4.239889367242226	1.913841420147004	0.0	0.0	0.0	0.0	0.0
19064	0.0	0.9750681454091628	1.2052580278016185	0.0	0.0	0.0	0.0	0.0	0.0	2.72245501831956	1.130323884631899	0.0	0.6901477943543152	0.0	0.0	0.0	0.0	3.3561263665279935	1.2842200695932	0.0	0.0	0.0	0.0	1.6272312317189221
19065	0.0	0.0	0.8623528520093757	0.0	0.5723997776064422	0.0	0.0	0.0	0.0	2.1401188199133667	1.0410919729594053	0.0	1.2715937816141554	0.8019541258226439	0.0	0.0	0.0	3.031433621701268	1.0019114385075385	0.0	0.3119612704355839	0.0	0.0	0.0
19066	0.0	0.0	0.874765922690827	0.0	0.6949608057595409	0.0	1.5888214945350527	0.0	0.0	3.9080495741383454	2.5602638385630203	0.6634104149655832	1.1030775336990026	1.9090710186357687	0.0	0.0	0.0	3.338246823858978	1.1674167762804457	0.40506991082165217	0.0	0.0	0.0	0.0
19067	0.0	1.0591746563163362	0.0	0.0	0.0	0.0	0.0	0.0	0.0	1.872678618384968	0.7633499941773668	0.687588209899433	0.0	1.6383580879358113	1.9544212951452198	0.0	0.0	1.2495891816698181	1.3965143070256847	0.0	0.0	0.0	0.0	0.48015839551078354
19068	0.0	1.8520286820141398	0.7559364751237317	0.0	0.0	0.0	0.0	0.0	0.0	1.978929824732641	1.4721152485342466	0.0	0.0	0.0	0.0	0.0	0.0	1.0511761202890313	1.1720038124666214	0.0	0.0	0.0	0.0	0.0
19069	0.0	0.0	0.0	0.0	0.0	0.0	0.0	0.0	0.0	3.2702303191819495	0.0	0.0	0.0	0.0	0.0	0.0	0.0	1.6546971785689308	0.0	0.0	0.0	0.0	0.0	0.0
19070	0.0	0.0	0.0	0.0	0.0	0.0	0.0	0.0	0.0	2.118893102617146	0.935108884300961	0.0	0.0	0.0	0.0	0.0	0.0	2.0851588388458326	1.6419425655112339	0.0	0.0	0.0	0.0	0.0
19071	0.0	0.0	0.0	0.0	0.0	0.0	0.0	0.0	0.0	1.3136486315878866	1.542088035105544	0.6402744138574978	0.0	0.5181377926405903	0.8681555287662513	0.0	0.0	1.784446424183594	1.6631114054392837	0.0	0.0	0.0	0.9874994036172557	0.0
19072	0.0	0.0	0.0	0.0	0.0	0.0	0.0	0.0	0.0	0.748036632087658	1.6220016623894544	0.10232317251753288	0.0	1.2472191289246475	1.5972878107185786	0.0	0.0	3.61310970528054	0.549857399228215	0.0	0.0	0.0	0.0	0.0
19073	0.0	0.0	0.0	0.0	0.0	0.0	0.0	0.0	0.0	1.0129114152983039	1.7015920572948717	0.0	0.0	0.0	0.0	0.0	0.0	2.1614733609067263	0.0	0.7672440440460161	0.0	0.0	0.9894822862539441	0.0
19074	0.0	1.2991403319325947	0.0	0.0	0.0	0.0	0.0	0.0	0.0	3.3847391505362423	1.1288748116044072	0.0	0.0	0.0	1.8921179924194922	0.0	0.0	3.621932969769043	2.375387772581925	0.0	0.0	0.0	0.0	0.0
19075	0.0	2.0884701768896425	0.0	0.0	0.0	0.0	0.9704263842897628	0.0	0.0	1.9219713863981518	1.7398591056633896	0.6458777383948906	0.988238326930609	0.0	0.0	0.0	0.0	2.891155242096581	2.968406384113887	0.0	0.0	0.0	1.84151405868107	0.0
19076	0.0	1.219792721429317	0.0	0.0	0.0	0.0	0.0	0.0	0.0	3.0365868145713937	0.965821288718324	0.0	0.0	0.0	0.0	0.0	0.0	4.1467043968608595	3.040956412964002	0.0	0.0	0.48027375967115876	1.2329728265382074	0.0
19077	0.0	0.0	0.0	0.0	0.0	0.0	0.0	0.0	0.0	2.0706848743970205	0.0	0.0	0.0	0.0	0.0	0.0	0.0	1.5648926125740668	0.0	0.0	0.0	0.0	0.0	0.0
19078	0.0	1.6576844482624329	0.8677417695067542	0.0	1.2897459894298409	0.0	0.0	0.0	0.0	3.946549771894536	2.5414582376543824	0.0	0.0	2.445032433147268	0.0	2.3009608211205297	0.0	3.0952272138624126	3.7322982369251556	0.0	0.0	3.545244713401441	0.0	0.0
19079	0.0	1.270777432694928	0.785353452498602	0.0	0.0	0.5852301522185607	0.0	0.0	0.0	1.0064094731435693	0.5564709012568206	0.0	0.0	0.0	0.0	0.0	0.0	2.928010012002262	0.4212065597618282	0.0	0.0	0.0	0.0	0.0
19080	0.0	1.5523737813511602	0.9584857118185572	0.0	0.0	0.4912091518528725	0.30669691714115316	0.0	0.0	1.1081025026876283	1.7785191013609658	0.0	0.0	0.0	0.0	0.0	0.0	1.7965244223221681	1.4447642541259111	0.0	0.0	0.0	0.0	0.0
19081	0.0	2.066323704190225	0.0	0.0	0.0	0.0	0.0	0.0	0.0	2.254449375520382	2.0972268437664714	0.0	0.6145432629144272	0.5957773996228959	0.8930982301209888	0.0	0.0	2.3222571483790704	2.217076744318876	0.3514513121526614	0.0	0.0	0.0	0.0
19082	0.0	1.072530743073157	1.1251862394055168	0.9687076745518164	0.0	0.8095951693637221	0.6455882297192779	0.0	0.0	0.9431345190166568	2.1962324999433838	0.0	0.0	0.0	1.5313237630167305	0.0	0.0	3.3399906200262617	1.8508277266834525	0.0	0.0	0.9224766832965446	0.0	0.0
19083	0.0	0.0	0.0	0.0	0.0	0.0	0.8578567537045699	0.0	0.3846495117812842	1.004840579317809	0.6954125508767836	0.0	0.0	0.0	0.0	0.0	0.0	0.7634784250753622	0.563099817368988	0.0	0.0	0.0	0.0	0.0
19084	0.0	1.360661699712909	0.0	0.0	0.0	0.0	0.0	0.0	0.0	2.067183437298126	1.1739620374468471	2.7052268457401603	0.0	0.0	0.0	0.0	0.0	1.018040930271834	1.0864544993910308	0.0	0.0	0.0	0.0	0.0
19085	0.0	0.9055796962765629	0.7270407793391381	0.0	0.0	0.0	0.7679560949576075	0.0	0.0	3.8008164952575147	1.3144927373183104	0.0	1.449641289317338	0.0	0.0	0.0	0.0	3.3985137915645467	0.9866901575793491	0.8436561957876216	0.0	0.0	1.5289170600619302	0.0
19086	0.0	0.0	0.6458278897654834	0.0	1.3552364808635098	0.0	0.0	0.0	0.0	2.011482815352327	2.976738288297365	0.7208937833306835	0.0	0.0	0.0	0.0	0.0	2.4929440041854787	0.9417433089489473	0.0	0.0	0.0	0.0	0.0
19087	0.0	0.7882202299631997	0.0	0.6331112648128121	0.0	0.0	0.0	0.0	0.0	3.2397715845370523	2.959619907115342	1.0732408553008466	1.0517696666751926	0.0	1.2321055103869796	0.0	0.0	3.309198145517388	2.325322520424706	0.0	0.0	0.0	0.0	0.0
19088	0.0	0.7573674419836586	0.0	0.0	0.0	0.0	0.0	0.8518354199999199	0.0	2.105526299344161	0.9995917534020516	0.0	0.0	0.0	0.9977753031397177	0.0	0.0	0.6256195276591274	0.9257311085578724	0.0	0.0	0.0	0.0	0.0
19089	0.0	1.6311937410718778	0.0	0.0	0.0	0.0	0.0	0.0	0.0	4.441699661931239	1.9892239004845913	0.9633769151400932	0.0	0.0	0.8995166110388931	0.0	0.0	3.8253234281910187	1.010331548339637	1.0166440003607342	0.0	0.0	0.0	0.0
19090	0.0	1.3118735161907245	0.0	0.0	0.0	0.0	0.0	0.0	0.0	3.185837608739378	2.059025473349953	0.0	0.0	0.0	1.8276965250098476	0.0	0.0	3.370046493639398	1.294296004262595	0.0	0.0	0.0	1.9692565789787349	0.0
19091	0.0	0.0	0.0	0.0	0.0	0.0	0.0	0.0	0.0	2.1881157956295243	2.3686155251903673	0.4829038818668629	0.0	0.0	0.0	0.0	0.0	1.1829884807057534	1.285595715731532	0.0	0.0	0.0	0.0	0.0
19092	0.0	0.8877664892395873	0.0	0.0	0.0	0.0	0.0	0.0	0.0	1.289498778825213	0.9419787384341389	0.0	0.0	0.0	0.0	0.0	0.0	1.841896031179839	1.1498742613801245	0.0	0.0	0.0	0.0	0.0
19093	0.0	0.8746284925612703	0.0	0.0	0.0	0.0	0.7981935496788619	0.0	0.0	4.023913907918953	1.1439241438378296	0.0	0.0	0.0	2.739306599809991	0.0	0.0	2.0056783687051283	0.8687116464328235	0.3574694219090264	0.0	0.0	0.937113107864638	0.0
19094	0.0	0.0	0.0	0.0	0.5900522325891917	0.0	0.0	0.0	0.0	0.9285638184218304	1.2991187635466788	0.0	0.0	0.0	1.4710762080364328	0.0	0.0	2.578678686247953	1.0471945174651225	0.0	0.0	0.0	0.0	0.0
19095	0.0	1.7445822116838514	0.437486854558836	0.0	0.0	0.0	1.3468755226289932	0.0	0.0	2.133377730136758	0.0	1.3206536086230607	0.0	0.0	0.5916409892431687	0.0	0.0	2.8972472839593086	1.0844659893212234	0.7464838556499324	0.0	0.8497835509166138	0.0	0.0
19096	0.0	0.0	1.5234305731168691	0.0	0.0	0.0	0.9590446059565482	0.0	0.0	1.2232580801198545	0.9442804945707277	0.0	0.0	0.0	0.9235775873557619	0.0	0.0	2.765085065780898	0.9891072859533101	0.0	0.0	0.0	0.0	0.0
19097	0.0	0.9851677804087767	0.0	0.0	0.0	0.0	0.0	0.0	0.0	2.245151219851349	1.405141150570733	0.0	0.0	0.0	1.3255743706228973	0.0	0.0	4.49190215001556	1.440119618720498	0.0	0.0	0.0	0.0	0.0
19098	0.0	1.1362022085185555	0.0	0.0	0.8533366386287633	0.0	0.6776239557644214	0.0	0.0	2.126188588825685	3.1336835277019657	0.8028365772658204	0.0	0.0	0.0	0.0	0.0	1.1286607247060914	2.396518782602491	0.0	0.0	0.0	1.013441275128998	0.0
19099	0.0	0.8709690104556157	0.0	0.0	0.0	0.0	0.0	0.0	0.0	1.745473429911559	1.0895458403265632	0.0	0.0	0.0	0.0	0.0	0.0	2.727166610272668	1.0833382783651477	0.0	0.0	0.0	0.0	0.0
19100	0.0	0.0	0.0	0.0	0.0	0.0	1.0973197101257506	0.0	0.0	2.206334987377154	1.3085452136419955	0.0	0.0	0.0	0.0	0.0	0.0	2.3254540296884696	1.9708884522287646	0.0	0.0	0.0	0.0	0.0
19101	0.0	0.981770854572742	0.0	0.0	0.0	0.0	0.0	0.0	0.0	2.019619870877634	1.093304278591809	0.0	0.0	0.0	1.2294592118977292	0.0	0.0	0.8149601781956635	1.106471465011	0.0	0.0	0.0	0.0	0.0
19102	0.0	1.8700818725985942	0.0	0.0	0.0	0.0	0.0	0.0	0.0	3.4767419947328047	1.8896752022903875	0.0	0.0	0.0	1.123399192298736	0.0	0.0	2.156194588935745	1.8988035649805068	0.0	0.0	0.0	0.0	0.0
19103	0.0	0.42448056852704424	0.9484010778157843	0.0	0.0	0.0	0.0	0.0	0.0	1.1672506901063364	1.5106644932995594	0.0	0.49265877748107695	0.957763605662042	0.0	0.0	0.0	1.9456560250899446	0.8687401788305266	0.0	0.0	0.4768415706866725	0.4991896400978457	0.0
19104	0.0	1.6907920166953148	0.0	0.0	2.0767215498244216	0.0	0.0	0.0	0.0	2.029190318408192	1.5865431744493976	0.0	0.0	0.0	1.2038231999679259	0.0	0.0	3.754180343416606	0.7495480119526848	0.0	0.0	2.9249682876248118	1.0187170301904123	0.0
19105	0.0	1.4057923156910073	0.499992020109324	0.0	0.0	0.0	0.0	0.0	0.0	2.1932549763388107	1.6218330660628195	0.0	0.0	0.0	0.9882969313297119	0.0	0.0	1.1784090350946117	1.1857123100808724	0.4445721033425085	0.0	0.23335453591032074	0.0	0.48640097740182786
19106	0.0	1.3639572520024086	0.0	0.0	0.0	0.0	0.9983244338682347	0.0	0.2646692208215459	3.2395620697270626	2.3965098988832936	0.0	0.0	0.0	0.0	0.0	0.0	1.701595383014661	3.077602427776074	0.0	0.0	0.0	0.978820128101015	0.6254019802206042
19107	0.0	0.0	0.0	0.0	0.0	0.0	0.787862848169225	0.0	0.0	3.471478221306317	2.4271633293990487	0.0	0.0	0.0	0.7710645636537633	0.0	0.0	3.3234270190164374	0.9926655625609743	0.0	0.0	0.0	1.346757745166447	0.0
19108	0.0	0.0	0.0	0.0	0.0	0.0	0.9856449849875466	0.0	0.0	1.0656549640769335	2.1171088504720976	0.0	0.785353452498602	0.8202977746661303	1.3874982262146252	0.0	0.0	2.5382963694770697	1.0181058729535595	0.0	0.0	0.0	0.0	0.9972883532455018
19109	0.0	1.7052568116504492	0.0	0.38884026611917366	0.0	0.0	0.0	0.0	0.0	4.108176433817855	0.993033083195356	1.430304996101089	0.27061887111147376	0.5919561795537893	0.0	0.0	0.0	3.5619853200462264	1.0794330087854	0.4638886647140315	0.0	0.7302541641638253	1.1220288468340691	0.0
19110	0.0	1.1387179960302558	0.0	0.0	0.0	0.0	0.0	0.0	0.0	2.3839587628069667	1.9563726034849713	0.0	0.9795721051770494	0.0	0.6558088802822681	0.0	0.0	3.3957849331889705	2.3421023928803795	0.0	0.0	0.0	0.0	0.0
19111	0.9931711276959722	1.8760922744423376	0.0	0.0	0.0	0.0	0.0	0.0	0.0	1.2971620512755846	2.197654391387968	0.9315293412342129	0.0	0.0	1.789751344892136	0.0	0.0	3.178525644284527	1.0254592837412073	0.0	0.0	0.8055363982396381	0.0	0.0
19112	0.0	0.8045573757425122	0.0	0.0	0.0	0.0	0.0	0.0	0.0	1.299628886974672	2.1796542546026023	1.9881369446839057	0.0	0.0	2.07320191490768	0.0	0.0	0.8845545256572709	0.9989246724088882	0.0	0.0	0.0	0.0	0.0
19113	0.0	1.7890393011596335	0.0	0.0	0.0	0.0	0.0	0.0	0.0	5.996772014492437	1.2080188946311394	0.0	0.0	0.0	0.0	0.0	0.0	2.2947035662740203	1.1556865203636044	0.893645562667876	0.0	0.0	0.0	0.0
19114	0.0	2.232407940684002	0.0	0.0	0.0	0.0	0.0	0.3632573901007565	0.0	2.249156286254915	1.3111033467894246	0.0	0.0	0.0	1.3061665440988992	0.0	0.0	0.9405201243328469	4.159184665923291	0.0	0.0	0.0	0.0	0.0
19115	0.0	0.7458379444577345	0.0	0.0	0.0	0.0	0.0	0.0	0.0	5.162504362044402	1.2019500845391096	0.9436121831100119	0.0	0.0	0.8953851025134686	0.0	0.0	1.7492254363134725	1.4521483816082055	0.49734970859862565	0.0	0.6892903868698056	2.1720564417927433	0.0
19116	0.0	1.1910473332323952	0.0	0.0	0.0	0.0	0.0	0.0	0.0	2.1941210781467366	1.153934479412005	0.6625478300217371	0.0	0.0	2.145809041557947	0.0	0.0	1.5751888928722408	1.0549095165848572	0.0	0.0	0.0	0.0	0.0
19117	0.0	0.9940513051533975	0.0	0.0	0.0	0.0	0.0	0.0	0.0	1.1270171024904916	0.8890327824673993	0.0	0.0	0.0	1.2364824660660936	0.0	0.0	3.414868494998888	3.9484879927741368	0.0	0.0	0.0	0.0	0.0
19118	0.0	1.73905479006857	0.0	0.0	0.0	0.0	0.0	0.0	0.0	2.218816925443634	1.3439040855211186	0.8556379218829018	0.0	0.0	0.0	0.0	0.0	1.1920578445900334	0.0	0.0	0.0	0.0	0.0	0.0
19119	0.0	0.797426167450844	0.0	0.0	0.0	1.05044140103397	0.0	0.0	0.0	2.07120716853403	1.6272981639434763	0.0	0.6141675210849304	0.0	0.0	1.5432805609096474	0.0	3.2460631227503396	1.1709569492675287	0.999362989075776	0.0	0.9401427607668289	0.0	0.0
19120	0.0	0.0	0.0	0.0	0.0	0.0	0.2906559431246333	0.0	0.0	2.130363931062925	0.9162226494798749	0.0	0.0	0.0	0.0	0.0	0.0	0.9295402708188181	1.3863014613176892	0.0	0.0	0.8507778335271319	0.0	0.0
19121	0.0	1.0228381495499246	1.2989497417485456	0.0	0.0	0.0	0.9373144138316087	0.0	0.0	1.6119638508297889	0.7692970781274273	0.0	0.0	0.0	0.0	0.0	0.0	1.1101076927406395	1.062701037965876	0.49676120441805444	0.0	0.0	0.0	0.0
19122	0.0	0.0	0.0	0.9914568913905548	0.0	0.0	0.0	0.0	0.0	0.8182382747725653	1.7005808738904407	0.0	0.0	0.7727354783426018	0.0	0.0	0.0	1.1300303711411512	0.9666665459540686	0.0	0.0	0.0	0.0	0.0
19123	0.0	0.816577530373315	0.0	0.0	0.0	0.0	0.9442033495678538	0.0	0.0	2.3624054832939314	1.2285135497169473	0.0	0.0	0.41709773458148486	0.0	0.0	0.0	3.3266105924929494	1.5914742191883884	0.0	0.0	0.7504915974189399	0.0	0.0
19124	0.0	2.608028311504027	0.0	0.0	0.0	0.0	0.0	0.0	0.0	1.9543837397785733	1.9601719331518275	0.0	0.0	0.0	0.25239013778176755	0.0	0.0	3.8989246752490674	0.8868693937849714	0.0	0.0	0.0	0.0	0.0
19125	0.0	1.1602890970335933	0.0	0.0	0.0	0.0	0.0	0.0	0.0	2.9305295990024915	1.0032932421698442	0.0	0.0	0.0	0.0	0.0	0.0	1.167151814892052	1.9944113967048374	0.0	0.0	0.0	0.0	0.0
19126	0.0	1.151700012203013	0.0	0.0	0.0	0.0	0.0	0.0	0.0	1.1537668112193555	2.0312466133276095	0.0	0.7410427136321865	0.0	0.8087644918950745	0.0	0.0	2.443897305758038	2.163937676589588	0.0	0.0	0.0	0.0	0.0
19127	0.0	1.8384970241851628	1.1317609626014205	0.8601860120793869	1.918314571661215	0.0	1.043800816660884	0.6337535254638023	0.0	1.9646970764156302	2.095426309734522	0.8560005841751654	1.036632200703936	8.61049368656354	1.5129528580163671	3.1775573090941833	1.021029113538918	5.662558803634402	2.2410795304831663	0.0	0.0	8.0793762465689	0.0	0.0
19128	0.0	1.0162225806059089	0.0	0.0	0.0	0.0	0.0	0.0	0.0	1.333217908207953	1.557575573340397	0.6682792995613602	0.6244441973111413	0.0	1.5032372474836506	0.0	0.0	0.9772054827699013	1.0784502523708408	0.0	0.0	0.0	0.0	0.0
19129	0.0	0.0	1.4141244808598339	0.0	0.0	0.0	0.0	0.0	0.0	2.1064028832528603	1.691040449161675	0.0	0.0	0.0	0.1774657124999833	0.0	0.0	2.5886532681649763	3.120006718729643	0.0	0.0	0.0	0.0	0.0
19130	0.0	2.146969754455767	0.0	0.0	0.0	0.0	0.0	0.0	0.0	3.5079512164312288	1.2057424133500512	0.0	0.7679002866040212	0.18026256674820418	1.8235598931666572	0.0	0.0	4.052818702142252	2.3154341052678693	0.5695411165867171	0.0	0.0	1.1767929011414564	0.0
19131	0.0	0.0	0.0	0.0	0.0	0.0	0.0	0.0	0.0	1.6994079163976594	0.0	0.0	0.0	1.117077995425229	0.0	0.0	0.0	0.0	1.2047836493047528	0.0	0.0	1.3259043534229065	0.0	0.0
19132	0.0	1.1172081641359057	0.0	0.0	0.0	0.0	0.0	0.0	0.0	3.343675620128045	2.6060972757448955	0.0	0.0	0.0	0.0	0.0	0.0	2.248183496903376	2.1578939297289774	0.0	0.0	0.0	0.8268258116661581	0.0
19133	0.0	2.3560880605262313	0.973552263123892	0.0	0.0	0.0	0.29131740048883975	0.0	0.0	2.6962286427413305	1.0406092523751835	0.0	0.0	0.0	0.0	0.0	0.0	1.8689176104981349	0.6812568330997852	0.0	0.0	0.0	0.3797390818168263	0.29131740048883975
19134	0.0	1.0369064563897707	0.0	0.0	0.0	0.0	0.0	0.0	0.0	1.768185273032395	2.8547712968402537	2.1410314519579674	0.0	0.0	1.5144805818662055	0.0	0.0	2.04715631655362	1.1028787730917937	0.0	0.0	0.0	0.0	0.0
19135	0.0	1.0485124211072252	2.055018054241798	0.0	0.0	0.0	0.0	0.0	0.0	3.5375242659231603	2.1051118636178474	0.0	0.0	0.0	0.0	0.0	0.5798223537909929	2.1983129883610952	0.8381513709332474	0.0	0.0	0.0	0.0	0.0
19136	0.0	1.101427447581756	0.8549903376117911	0.0	0.0	0.0	0.0	0.0	0.0	4.014429134514852	1.3001246556244954	0.0	0.0	0.0	0.0	0.0	0.0	3.1659909573220615	1.2200844845559304	0.0	0.0	0.7624994283699326	0.7259263046960183	0.0
19137	0.0	0.0	0.5874537076360759	0.0	0.0	0.0	0.0	0.0	0.0	0.6443178001175022	1.592333670280353	1.23038863719594	0.4148059255214897	0.0	0.881881313776704	0.0	0.0	2.031277936181551	0.8471918533693269	0.0	0.0	0.0	0.0	0.0
19138	0.0	0.0	0.0	0.0	0.0	0.0	0.0	0.0	0.0	2.0852871496680367	0.43121602954501187	0.0	0.0	0.0	0.0	0.0	0.0	0.901826289765416	0.0	0.0	0.0	0.0	0.0	0.0
19139	0.0	0.9130293282241677	0.999734064468179	0.0	0.0	0.0	0.0	0.0	0.0	1.6893841021197147	1.4795133251227788	0.0	0.6509358003992761	0.8612449191760345	0.0	0.0	0.0	1.8307394937020818	2.035852068164003	0.0	0.0	1.1946372437737882	0.0	0.0
19140	0.0	0.0	0.0	0.0	0.0	0.0	0.0	0.0	0.0	2.4925925763107157	0.8025096504905314	0.0	0.0	0.0	0.0	0.0	0.0	0.8551947291063936	0.0	0.0	0.0	0.0	0.0	0.0
19141	0.0	0.9456552162968956	0.0	0.0	0.0	0.0	0.2539661210627815	0.9388735123459903	0.0	1.163511044370342	0.8685946622392097	0.0	1.8937718036818894	0.0	0.9855475687515186	0.0	0.0	1.1861422062018252	1.1998239713919996	0.4714045207910317	0.8675971273000805	0.4751271064324407	0.0	0.0
19142	0.0	1.2968244008241874	1.1202304668545602	0.7286074601080659	0.0	0.0	0.875363873323046	0.0	0.0	5.845643637808539	1.2854277984553255	0.0	0.0	1.3604585857884326	0.0	0.0	0.0	1.1689007431082925	0.7924420211612241	0.0	0.0	0.0	1.6807064871005852	0.9839891296579887
19143	0.0	2.1263314521105134	0.0	0.0	0.43437864502785567	0.0	1.8443699954922572	0.0	0.0	2.2610134696195328	0.7403468454813736	1.014453373131808	0.0	0.0	0.0	0.0	0.0	2.132304102884591	1.159389877862011	0.5737255421649154	0.0	0.2321153829895989	0.0	0.0
19144	0.0	0.922695631572741	0.0	0.0	0.0	0.0	0.2397416351932802	0.0	0.0	1.9929857200574947	2.34635841180133	0.0	0.0	0.0	0.0	0.0	0.0	3.157022599722259	1.249857958003811	0.0	0.0	0.0	0.0	0.0
19145	0.0	1.17749855012172	0.0	0.0	0.0	0.0	0.0	0.0	0.0	5.215778217489637	4.516625718367485	0.9080408026423559	0.0	0.0	0.8774821935515273	0.0	0.0	3.1660176563710936	3.0894838657638783	0.4117003728768762	0.0	1.8064480169298596	0.0	0.0
19146	0.0	1.8529841156498974	0.7037233882106798	0.0	0.0	0.0	0.0	0.0	0.0	1.205799870166226	0.9205165401964047	0.0	0.0	0.0	0.0	0.0	0.0	1.1903991250705463	0.7813312938163126	0.0	0.0	0.0	1.5343024943908339	0.0
19147	0.7738791177495933	0.5351531452667442	0.0	0.0	0.0	0.0	0.816496580927726	0.0	0.0	3.3090197470535787	2.042261818017791	0.0	0.0	0.0	0.0	0.0	0.0	1.535143858622594	1.6886952528668335	0.0	0.0	0.34870793254846133	0.0	0.0
19148	0.0	0.9817149264746714	1.7092451958320054	0.0	0.49903759309269724	0.0	0.7922636112492817	0.0	0.0	2.00117914417817	1.8957252998774368	0.0	0.0	0.0	1.399010054597397	0.0	0.0	1.2555917658211841	1.1369017196314533	0.4095525720787459	0.0	0.0	0.0	0.0
19149	0.0	1.3316083949656734	0.0	0.0	0.4297573245736381	0.0	0.0	0.0	0.0	5.016599134906007	0.6600182684757485	0.0	0.0	0.0	1.4841005655429904	0.0	0.0	2.4195152518746506	1.6139802275657926	0.0	0.0	0.0	0.0	0.0
19150	0.0	1.0838770357890868	0.38253825198696345	0.0	0.0	0.0	0.8225542538089125	0.0	0.0	3.4931342462955928	0.8197455688480381	0.0	0.0	0.0	1.4905387258627676	0.0	0.0	2.057273498474562	1.363417075750843	0.0	0.0	0.0	0.8353432201523787	0.0
19151	0.0	1.0540672028506275	0.0	0.0	0.0	0.0	0.0	0.0	0.0	2.1809988992081375	2.2117382013390756	0.0	0.0	0.0	1.3690496697845644	0.0	0.0	3.384683238881034	1.1184206746397098	0.0	0.0	0.0	0.0	0.0
19152	0.0	0.9700988445048241	1.2246153954449224	0.673918198650118	0.0	0.0	0.0	0.0	0.0	1.9362638364166203	1.3784415584340264	1.7514699085124876	0.0	0.0	0.8148313627670258	0.0	0.0	2.937715481210149	1.2752203716615809	0.0	0.0	0.0	1.0070480075265191	0.0
19153	2.1919962026113415	2.6247634906061226	0.0	0.0	0.0	0.0	0.0	0.0	1.2682567892373815	3.91780768069146	2.6076559182060626	0.0	0.0	0.0	2.3857825292016854	0.0	0.9133297312446614	1.8549311389887269	1.891909002711735	0.0	0.0	0.0	1.0192807921928742	0.0
19154	0.0	1.6949011843185773	1.1073694390974804	0.0	0.0	0.0	0.6315601907265135	0.0	0.0	3.262888358987064	2.1221353163712573	0.0	0.9827810790847245	0.0	1.3714283711587922	0.0	0.0	2.133363740580818	2.2611733610727853	1.1055673035550995	0.0	0.995797450156165	1.2454804527337928	0.0
19155	0.0	0.0	1.0797133395913983	0.0	0.0	0.0	0.0	0.0	0.0	2.163073944387683	2.1780102712100784	0.0	0.995454521922232	0.34374677899954553	1.2340679692928047	0.0	0.0	1.2697801375813624	3.600103141631568	0.0	0.0	0.0	0.0	0.0
19156	0.0	1.58287958203992	0.8780048433414058	0.0	0.0	0.0	0.0	0.0	0.0	1.9911284279110324	1.1785113019775793	0.0	0.0	0.0	0.0	0.0	0.0	3.237762692248872	0.9609956550399084	0.0	0.0	0.0	1.7378412023851402	0.0
19157	0.0	1.591897515512436	0.8364635264778192	0.0	0.0	0.0	1.0763564478291399	0.0	0.0	1.0432131377593223	0.8868422361805776	0.0	0.0	0.0	0.0	0.0	0.0	1.4477854488057098	1.4081970487647095	0.0	0.9208866242173642	0.3751854851047229	0.7878874930965115	0.510354340819716
19158	0.0	1.2178307992350288	0.0	1.2570738678434688	0.0	0.0	1.0195930033464915	0.0	0.0	4.0526217234040205	2.336575902205283	0.7057925601301145	0.0	0.0	0.0	0.0	0.0	2.429396762921365	1.9985691851619218	0.0	0.0	1.0038197368320907	0.964343495177391	0.0
19159	0.0	0.732071371575444	0.9758991525655044	0.8475696592299186	0.0	0.0	0.0	0.0	0.0	2.632985412727231	1.1426762418791334	0.0	0.0	0.0	1.0143825219444813	0.0	0.0	1.8084434843968196	1.8435385470687735	0.6471509762777762	0.0	0.0	0.0	0.0
19160	0.0	2.5627545802048743	2.0581245597928772	0.0	0.0	0.0	0.0	0.0	0.8960350095357515	3.361190720987701	2.062832420361683	0.0	0.0	0.0	1.814422139585296	0.0	0.0	3.643990639854293	2.2050612467389326	0.0	0.9244724711176218	0.7739179396977355	0.0	0.0
19161	0.0	1.9906128668748608	2.040588001125372	0.0	0.0	0.0	0.0	0.0	0.0	2.7658943213152005	1.7318220971547078	0.9091041683981911	0.45004849759645504	0.0	1.2688467532289285	0.0	0.0	3.5621755844325325	1.8695047060074559	0.0	0.0	0.664096044791069	0.0	0.0
19162	0.0	1.0154702420025188	0.0	0.0	0.0	0.0	0.0	0.0	0.0	1.5465768511772129	1.836999175890458	0.0	0.0	0.0	0.0	0.0	0.0	3.349306617452086	1.5244187313508935	1.5008674117913527	0.0	0.0	1.0441117137707694	0.0
19163	0.0	2.3909545350751764	0.8506945001915799	0.0	0.0	0.0	0.0	0.6012733999160439	0.0	4.32875809044361	1.2385426159944393	0.0	0.0	0.0	0.0	0.0	0.0	2.0818662105872168	2.472238304941114	0.4172931578194668	0.0	0.0	1.8076272178793107	0.0
19164	0.0	2.2220744718020686	0.8222836074340519	0.7786659185713393	0.0	0.0	0.0	0.0	0.0	2.0930765623050123	1.8154190130487173	0.0	0.0	0.5925371126385893	0.0	0.0	0.0	2.3047483810304024	3.3345383538600664	0.0	0.0	0.0	0.0	0.0
19165	0.0	2.386725723149886	0.0	0.0	0.0	0.0	1.448124029856529	0.0	0.0	2.2770578252169913	2.4383546292147655	0.0	0.2786026600869361	0.0	0.0	0.0	0.0	2.129259344403597	3.3765390497387657	0.0	0.0	0.0	0.8132932264489807	0.0
19166	0.0	2.282997421058748	0.0	0.0	0.0	0.0	0.0	0.0	0.0	3.472702793830776	1.0318449495927184	1.3750859156709665	0.0	0.0	0.0	0.0	0.0	2.5454338202619478	1.2814581961504878	0.0	0.0	0.0	0.0	0.0
19167	0.0	0.0	0.0	0.0	0.0	0.0	0.0	0.0	0.0	1.9083515761263936	1.7483288911313646	0.7696431474265993	0.0	0.0	0.8247443150999545	0.0	0.0	1.1975096841783437	1.1551456147480117	3.3323117499260633	1.877375487625956	0.0	0.0	0.0
19168	0.0	1.9920026502980284	0.9255893146265873	0.0	0.0	0.0	2.349737666828987	0.0	0.0	1.9467266313740146	0.0	0.0	0.0	0.0	0.0	0.0	0.0	0.9463379711052259	1.122863653059082	0.5509442438086106	0.0	0.0	0.0	0.0
19169	0.4864421269731524	1.535476021323612	0.8078141782533098	0.0	0.0	0.0	0.0	0.0	0.0	2.2882514447840325	1.181062932334498	0.2908710216299091	0.0	0.0	2.127990759190889	0.0	0.0	1.9800545902465514	0.9646122488286223	0.0	0.0	0.0	0.0	0.0
19170	0.0	1.2529728153908897	0.0	0.0	0.0	0.0	0.9178066258887285	0.0	0.9573802752856195	1.8194742432980424	1.7428941043554411	1.0108740728619825	0.0	0.0	1.982265431118822	0.0	0.0	1.0118820709172522	2.1435599945352553	0.6373070883328555	0.0	0.0	0.5695312258898054	0.0
19171	0.0	1.265996874079085	0.4958295206825093	0.0	0.0	0.0	0.0	0.0	0.0	1.7044912528397784	2.3867370153091674	0.0	0.0	0.0	0.9938079899999066	0.0	0.0	2.2506887834616314	2.5885844739924986	0.0	0.0	0.0	1.8016398565860787	0.49690399499995325
19172	0.0	1.9817696337390625	1.0670394746478802	0.0	0.0	0.0	0.0	0.0	0.0	2.3283455614992286	1.1401330319223513	0.0	0.0	0.9572263607166025	0.7086265326544222	0.0	0.0	3.391902329990993	1.9292059678097202	0.0	0.44737297483362864	0.0	0.0	0.9953381505604991
19173	0.0	0.0	0.0	0.0	0.0	0.0	0.0	0.0	0.0	1.3311576367237854	2.3068378483903067	0.0	0.0	0.0	0.9274124237214403	0.0	0.0	1.1462303908773486	2.0906023800651066	0.0	0.0	0.0	0.0	0.0
19174	0.0	1.0845273680623442	0.0	0.0	0.0	0.0	0.0	0.0	0.0	2.3742241228034633	1.2756689531551733	1.0270672282835407	0.0	0.0	0.0	0.0	0.0	3.3710920648544813	3.4313736699242536	0.9866935410014593	0.0	0.0	0.9994280611389954	0.0
19175	0.0	0.0	1.6131287657961024	0.0	0.0	0.47390417932586826	0.0	0.0	0.0	3.2871871071101006	1.4822906860979912	0.0	0.0	0.0	0.0	0.0	0.0	0.9661616476301657	1.8163303417750924	0.0	0.0	0.0	0.5683672913370312	0.0
19176	0.0	1.2182270269692026	0.0	0.0	0.0	0.0	0.0	0.0	0.0	0.9125086787922928	1.2581041242033155	0.0	0.779895698209176	0.0	0.0	0.0	0.0	3.2157903907710703	1.7068278265485515	0.0	0.0	1.1490626769333052	0.0	0.0
19177	0.22612433149569605	0.9767888849700045	0.0	0.0	0.0	0.0	0.0	0.0	0.0	3.2409567514538438	3.1620434514818627	0.0	0.0	0.0	0.8635265546252618	0.0	0.0	1.1313849112361054	1.5980401219634501	0.0	0.5389428339789074	0.0	0.0	0.0
19178	0.0	0.0	0.0	0.0	0.0	0.0	0.0	0.0	0.0	3.4720922720462197	1.832546333349732	0.0	0.0	0.0	0.0	0.0	0.0	3.2290987682650285	0.0	0.9914377770797512	0.0	0.0	0.0	0.0
19179	0.0	0.0	0.0	0.0	0.0	0.0	0.0	0.0	0.0	3.3613689173109056	1.2205135944152727	0.0	0.0	0.0	0.0	0.0	0.0	1.8066007365242833	0.9815127321563714	0.0	0.0	0.0	0.9758983892866889	0.0
19180	0.0	0.3529390488770295	0.0	0.0	0.0	0.0	0.0	0.0	0.0	0.852103425009887	0.9102256876561635	0.0	0.0	0.0	0.0	0.0	0.0	2.162962171839977	0.5421561178967176	0.0	0.0	0.0	0.0	0.0
19181	0.0	0.0	0.0	0.0	0.0	0.0	0.0	0.0	0.0	2.17134679423312	0.8404982114361539	0.0	0.0	0.0	0.0	0.0	0.0	6.935425522801988	0.8003352286420816	0.0	0.0	0.0	0.0	0.0
19182	0.0	0.9078294043535204	0.0	0.0	0.0	0.0	0.0	0.0	0.0	2.209182024721112	1.1315546292676342	0.0	0.0	0.0	0.0	0.0	0.0	3.047895745977681	2.1023319269412752	0.0	0.0	0.0	1.2182564027879281	0.0
19183	0.0	1.300988392045684	0.0	0.0	0.0	0.0	0.0	0.0	0.0	1.423925561900873	1.152869547586729	0.3989322300829853	0.0	0.0	2.0556123113928266	0.0	0.0	1.0835981875859602	0.5813872775012539	0.0	0.0	0.0	0.0	0.0
19184	0.0	1.2747359627355612	0.0	0.0	0.0	0.0	0.0	0.0	0.0	1.2302255326203855	0.9606453592105879	0.0	0.0	0.0	1.138211180474882	0.0	0.0	2.0434610406590474	0.3957724124659724	0.0	0.0	0.0	0.0	0.0
19185	0.0	0.0	0.0	0.0	0.0	0.0	0.0	0.0	0.0	1.1755088207471356	0.7547994582816169	0.0	0.0	0.0	0.8595146491472763	0.0	0.0	1.3405819342626624	0.7779960011322536	0.0	0.0	0.0	0.0	0.0
19186	0.0	0.0	0.0	0.0	0.0	0.0	0.0	0.0	0.0	1.1538261909372372	1.7568794662998295	0.0	1.326005179536898	0.0	0.0	0.0	0.0	1.0133930520668326	0.6564658980407083	0.0	0.0	0.0	0.5153442952066594	0.0
19187	0.0	0.0	0.0	0.0	0.0	0.0	0.0	0.0	0.0	1.3593100105813105	0.0	0.0	0.0	0.0	0.0	0.0	0.0	0.6379244676333106	0.7525075354056331	0.0	0.0	0.0	0.835315852231279	0.0
19188	0.0	0.0	0.0	0.0	0.0	0.0	0.0	0.0	0.0	2.5639288801576887	0.0	0.0	0.0	0.0	0.0	0.0	0.0	2.158009460340217	0.0	0.0	0.0	0.0	0.0	0.0
19189	0.0	1.0957872809267728	0.0	0.0	0.0	0.0	0.0	0.0	0.0	2.2200909141653256	0.980890939558007	0.0	0.0	0.0	1.04248263710966	0.0	0.0	2.1392242503946837	0.0	0.0	0.0	0.0	0.9015935057664274	0.0
19190	0.0	2.2671834407881573	0.0	0.0	0.0	0.0	0.0	0.0	0.0	6.806744158534918	2.1124174295255784	0.0	0.0	0.0	0.0	0.0	0.0	2.453498153033721	1.0652739539083005	0.8360347429625743	0.0	0.0	0.0	0.0
19191	0.0	0.4670687796248859	0.0	0.0	1.0431799978304128	0.0	0.0	0.5835453723297762	0.0	3.2182814021057866	0.9585267519261784	0.0	0.0	0.0	0.4651522655343901	0.0	0.0	1.9729576114781735	1.6772945529237957	0.0	0.0	0.0	1.3215664734459134	0.5814403319179877
19192	0.0	0.0	0.8877543780387024	0.0	0.9983048816991115	0.0	0.0	0.0	0.0	1.2388776767796297	0.8541019344692412	0.0	1.607560313322563	0.0	1.1763417230500304	2.8064282111984857	0.0	0.9108027553336223	1.186350344753871	0.0	0.0	1.8258951854017036	0.0	0.0
19193	0.0	0.0	0.0	0.0	0.0	0.0	0.0	0.0	0.0	2.069785200747306	1.5374570783688122	0.0	0.0	0.0	0.922609609478277	0.0	0.0	2.175948986058401	1.280246627215588	0.3596315742919797	0.0	0.0	0.0	0.0
19194	0.0	0.9670566714795021	0.0	0.0	0.0	0.0	1.1272933737377604	0.0	0.0	1.367040599250805	1.4102141411502436	1.521474588279766	0.0	0.0	0.0	0.0	0.0	3.1131292407261166	2.2694767418252746	0.0	0.0	0.9322723831046561	0.0	0.0
19195	0.0	0.8813591337693543	0.0	0.0	0.0	0.0	0.7889805728972882	0.0	0.0	1.1893328636429337	0.9404554550604444	0.0	0.0	0.0	0.0	0.0	0.0	3.8046275399656713	0.8979674595598068	0.0	0.6598328280522683	0.0	0.0	0.0
19196	0.0	1.694231967540112	1.0360987766239593	0.0	0.0	0.0	0.0	0.0	0.0	2.0659995509987277	1.6167314720528296	0.0	0.6225682642486026	0.9786977719185461	0.9889651794680511	0.0	0.0	3.312237750407084	2.4073947981294768	0.0	0.0	0.0	0.0	0.0
19197	0.0	0.8257141356380368	0.0	0.0	0.0	0.0	0.0	0.0	0.0	1.1831827696977335	0.898494110535326	0.0	0.0	0.0	0.8745981630098068	0.0	0.0	1.2145811583180002	1.5634664197452999	0.0	0.0	0.35482943172718173	0.0	0.7108683974958447
19198	0.0	0.0	0.0	0.0	0.0	0.0	0.0	0.0	0.0	1.6145530891156454	0.4805514594873472	0.0	0.0	0.0	0.0	0.0	0.0	2.167766372413063	0.9274070446303393	0.0	0.0	0.0	0.0	0.0
19199	0.0	1.0717697245335132	0.9216865914395773	0.0	0.0	0.0	0.0	0.0	0.0	1.6502568742062709	2.2601069994404206	0.8660075841483544	0.6112121128655585	0.0	0.0	0.0	0.0	1.2710657528856868	0.8021233823040926	0.0	0.0	0.0	0.0	0.0
19200	0.0	0.9276081921665352	0.0	0.0	0.0	0.0	0.0	0.0	0.0	4.80457426279754	2.710711709191201	2.0673343322740063	1.3770320562538176	0.3349884833104226	0.0	0.0	0.0	1.5831322332741065	0.7036617620653354	0.0	0.0	0.0	0.575534105134387	0.0
19201	0.0	0.8243216440440626	0.9360370950792558	0.0	0.0	0.0	0.9028958361144771	0.0	0.0	2.682830418336255	4.558364851773286	0.0	0.0	0.0	0.0	0.8012312033682577	0.0	1.043062801718987	2.077232432770774	0.0	0.0	0.0	0.0	0.0
19202	0.0	1.4591992007861931	0.0	0.0	0.0	0.0	1.2586902611848496	0.0	0.0	1.8463534987087242	3.829281712997883	0.0	0.0	0.0	0.0	0.0	0.0	1.8181862524778014	1.1312481995077093	0.6437546566184981	0.0	0.0	0.0	0.6878925491107497
19203	0.0	2.188874724893042	0.0	0.0	0.0	0.0	0.0	0.0	0.0	2.3225838846053053	1.0417751871471792	0.0	0.0	0.6908159510879427	0.0	0.0	0.0	2.992665978195408	2.5700741609286233	0.0	0.0	0.0	1.106511962709288	0.0
19204	0.0	1.8602433862427719	0.0	0.0	0.0	0.0	0.0	0.0	0.0	3.0872117715620844	1.1168090165841178	0.0	0.0	0.0	0.0	0.0	0.0	4.256748540126281	2.3247156931777906	0.0	0.0	0.0	0.0	0.0
19205	0.0	1.1550573509268753	0.0	0.0	0.0	0.0	0.5938910771936617	0.0	0.0	2.833612944793333	2.379607162836879	0.0	0.0	0.0	0.0	0.0	0.0	2.867956009186717	1.8008661890191282	0.0	0.0	0.0	0.0	0.0
19206	0.0	2.958666948390031	0.0	0.0	0.5746130857473283	0.0	0.8074742423227208	0.0	0.0	2.3774728025998955	3.263162712766425	0.0	0.0	0.0	1.051090187185297	0.0	0.0	1.1067817094081367	1.0550274133477986	0.9280492856848132	0.0	1.4097187500845414	0.0	0.36768967300599575
19207	0.0	2.1174807747052813	0.0	0.0	0.0	0.0	0.0	0.0	0.0	3.118650576250089	1.9573861555438345	0.0	0.0	0.0	0.0	0.0	0.0	4.011293976677966	1.4340177716091367	0.0	0.0	0.0	0.28110362996666743	0.0
19208	0.0	1.3235738428590984	0.0	0.0	0.0	0.0	0.75925869467007	0.0	0.0	3.3186344330776794	2.849537083755097	0.5356431463641755	0.0	0.0	0.0	0.0	0.0	2.0138018105837765	2.027131009336827	0.6343908690163802	0.0	0.0	0.0	0.0
19209	0.0	2.6205071469921077	0.0	0.0	0.0	0.0	0.0	0.0	0.0	1.7286860291920074	1.2952343069358874	0.0	0.0	0.8299598523253039	0.0	0.0	0.0	0.866862967021115	3.2775920993099015	0.0	0.0	0.0	2.1374540455513675	0.4055043781898992
19210	0.0	0.9978091401680594	0.0	0.0	0.0	0.0	1.1716077415664035	0.0	0.0	2.3206785302657496	2.1925405986024327	0.0	0.0	0.0	1.7394183003873958	0.0	0.0	5.725484087010371	1.0878265952524837	0.0	0.0	0.0	1.137276754339178	0.0
19211	0.0	0.9756807317081805	0.0	0.0	0.0	0.0	0.0	0.0	0.0	2.75905426605929	2.4014715630959445	0.0	0.7790601583253439	0.0	0.0	0.0	0.0	2.0457116282325085	2.1845202110713706	0.43589952084952704	0.0	0.0	0.8892531832379325	0.0
19212	0.0	1.0862927075763822	0.0	0.0	0.0	0.0	0.0	0.0	0.0	1.913412054217172	1.9114725477254206	0.0	0.4738271389303802	0.0	2.064500100464988	0.0	0.0	4.0577190438755455	0.9945330813716609	0.0	0.0	0.0	1.395795569576548	0.0
19213	0.0	1.514246574913265	0.0	0.0	0.0	0.0	0.0	0.0	0.0	2.4731729432617797	2.0906965685192587	0.0	0.0	0.0	0.0	0.0	0.0	2.828483057335154	1.2067670880391348	0.0	0.0	0.35756577056189637	0.0	0.0
19214	0.0	0.8603047080995047	0.0	0.0	0.0	0.0	0.0	0.0	0.0	1.0127271019225965	0.6617824340948327	0.0	0.0	0.0	0.5041190560428667	0.0	0.0	1.2149676977670727	2.2497793126712375	0.0	0.0	0.0	1.5064147954768214	0.0
19215	0.0	1.240661254454146	0.0	0.0	1.7345224071748846	0.0	0.0	0.0	0.0	1.9741027358195542	1.3152646342940986	0.0	0.0	3.5964129024493245	0.0	1.5497128329211396	1.3166774963273953	1.092240026252065	1.116821529895151	0.14329457137428098	1.3418877178551119	2.955180752638422	0.0	0.0
19216	0.0	2.305818052641723	0.8577653069703319	0.0	0.0	0.0	0.0	0.0	0.0	4.652701883643592	1.4621396580390744	0.0	0.0	0.22057244274468268	0.0	0.0	0.0	2.07459498149763	2.083321896514698	0.7929554575864186	0.0	0.0	0.0	0.0
19217	0.0	1.4301238830911307	1.0438951620903687	0.1883501683321635	0.0	0.0	0.0	0.0	0.0	2.79583659227647	0.9962208979624957	0.0	0.0	0.0	0.0	0.0	0.0	2.012810605162186	1.451306892104849	0.0	0.0	0.0	0.9440169604395333	0.0
19218	0.0	1.8560531601582249	0.5732144362512172	0.0	0.0	0.0	0.0	0.0	0.0	0.9717631496227707	1.1722295945002508	0.0	0.0	0.0	0.0	0.0	0.0	3.1902089205338475	1.1262757588832368	0.3681447481026391	0.0	0.0	0.0	0.0
19219	0.0	0.0	0.0	0.0	0.0	0.0	0.0	0.0	0.0	3.5685593442437393	1.228341104183013	2.1102083768570763	0.0	0.0	0.0	0.0	0.0	1.216996201713671	0.6449476556861452	0.0	0.0	0.7389487819726622	0.9179002685866632	0.0
19220	0.0	1.177961217236725	0.0	0.0	0.0	0.0	0.0	0.0	0.0	1.3504428857431627	0.0	0.0	1.0173183289551777	0.0	0.0	0.0	0.0	0.6119991309537037	0.9270696969753827	0.0	0.0	0.0	0.0	0.9986072954023955
19221	0.0	0.9962017192938015	0.7139475108035511	0.0	0.0	0.0	0.0	0.0	0.0	4.000782930457871	1.2912923232801918	0.0	0.0	0.0	0.0	0.0	0.0	3.2217706040689364	0.9680470457160015	0.0	0.0	0.0	0.0	0.0
19222	0.0	1.4288003857716058	0.0	0.0	0.0	0.0	0.0	0.0	0.0	2.2889362313654575	1.378485187939884	0.8407293523160805	0.0	0.0	0.0	0.0	0.0	2.1404709297943656	1.1659989409360407	0.0	0.0	0.0	0.0	0.0
19223	0.0	1.3886153358725404	0.6931138045312227	0.0	0.0	0.0	0.0	0.0	0.0	0.8806104548792448	0.6219882081404435	0.0	0.0	0.0	0.7453559924999299	0.0	0.0	3.8014003789748116	1.909926035300179	0.0	0.0	0.0	0.0	0.0
19224	0.0	0.8518354199999199	0.0	0.0	0.0	0.0	0.0	0.0	0.0	1.040562427507514	0.0	0.0	0.692116278749935	0.0	0.0	0.0	0.0	3.523321837230809	0.7418394629242333	0.0	0.0	0.0	0.0	0.0
19225	0.5537589650142705	1.3166721374014494	0.0	0.0	0.0	0.0	1.2863022554638277	0.0	0.0	1.7377294119341897	2.226877976106491	0.0	0.0	0.0	0.0	0.0	0.0	0.6077622890571609	1.2054598335186602	0.0	0.0	0.0	2.2243963068484254	0.0
19226	0.0	1.241399999336857	0.8379930786578047	0.0	0.0	0.0	0.0	0.0	0.9783306884575373	2.4968119931495925	1.921078929788786	0.0	0.0	0.0	1.1804631680109599	0.0	0.0	2.291356225266509	1.3396616047743828	0.0	0.0	0.0	1.7397974936540892	0.0
19227	0.0	0.8122328620674134	0.0	0.0	0.0	0.0	0.0	0.0	0.0	0.5654398484562458	0.8886343288602956	0.0	0.0	0.0	0.0	0.0	0.0	2.9846714875994125	2.2317780654297446	0.0	0.0	0.19982631347136337	1.0453269026162741	0.0
19228	0.0	0.0	0.0	0.0	0.0	0.0	0.0	0.0	0.0	1.6713822283034028	1.087073295919223	0.0	0.0	0.0	0.7159873947551048	0.0	0.0	2.037207569552117	1.2917048012724348	0.0	0.0	0.7756688973282967	0.0	0.0
19229	0.0	0.8563295520932394	0.0	0.0	0.0	0.0	0.0	0.0	0.0	4.143350666009219	2.795388055157481	0.0	0.0	0.0	0.0	0.0	0.0	3.1589604863772975	1.177510749106591	0.8032601016399108	0.0	1.2038515809142938	0.9892075136795359	0.0
19230	0.0	2.1029139663423395	0.0	0.37634305931639833	0.0	0.0	0.0	0.0	0.0	2.9621018403574397	1.1214373345848139	0.0	0.0	1.738203995881018	0.0	0.0	0.0	3.127703843009682	3.10775924243973	0.0	0.0	0.0	0.7114269203756889	0.0
19231	0.0	1.0979067836367327	0.0	0.0	0.0	0.0	0.0	0.0	0.0	2.9028594175026687	1.1652074207338936	0.0	0.0	0.0	0.0	0.0	0.0	2.3193591967035494	1.2084869946865504	0.0	0.0	0.0	0.0	0.0
19232	0.0	0.8768917006192659	0.0	0.0	0.0	0.0	0.4142566691008517	0.0	0.0	4.3270916194341575	1.284664472030496	0.0	0.0	0.0	2.279998575075005	0.0	0.0	2.210260720796642	2.0150476428907207	0.0	0.0	0.0	0.7443938803460962	0.8247791720286112
19233	0.0	2.043331447016578	0.0	0.0	0.0	0.0	0.8829325526183289	0.0	0.0	6.190591733718899	1.9202232688917251	0.0	0.0	0.0	0.0	0.0	0.0	1.9604420674702054	1.1016987806456275	0.8323147704341016	0.3387950054664118	0.0	0.0	0.0
19234	0.0	1.2378628675669525	0.0	0.0	0.0	0.0	0.0	0.0	0.0	2.6394947610032107	1.2690180555494022	0.0	0.0	0.0	0.0	0.0	0.0	2.1910746873729017	1.9149243586242142	0.0	0.0	0.0	0.0	0.0
19235	0.0	0.0	0.9899307483414975	0.0	0.0	0.0	0.37470754774298887	0.0	0.0	2.3195561482137186	1.2240850067503335	0.6971811756709521	0.0	0.0	0.0	0.0	0.0	0.927814978150434	1.1236402906458371	0.0	0.0	0.0	0.28806959443995445	0.3234604702908647
19236	1.480924067828785	0.8925471237860944	0.0	0.0	0.0	0.0	0.0	0.0	0.0	2.0700503571803095	2.6616616914032285	0.0	0.0	0.0	0.0	0.0	0.0	4.398254276389034	1.466821988559744	0.05057200749568209	0.0	0.0	0.0	0.0
19237	0.0	1.2664457517707919	0.0	0.0	1.0900197878639732	0.0	0.9138393315939564	0.0	0.0	1.917630508662052	1.3439741888959569	0.0	0.0	0.9304250809764202	0.0	1.1736301771888866	0.0	3.2849627769695906	0.9426464215015424	0.0	0.0	0.9120322232549128	0.0	0.0
19238	0.0	1.3607671096109943	1.1225810210354206	0.0	0.0	0.0	0.0	0.0	0.0	3.448185622852564	3.0858723266001804	0.0	1.1648411997378647	0.0	0.0	0.0	0.0	2.8537245500089923	3.864779176432592	0.0	0.0	0.9792320627094324	0.0	0.0
19239	0.41931047018626433	2.022702916162272	1.0055049372629339	0.0	0.0	0.0	0.0	0.0	0.0	1.973255932987992	2.088995873856344	0.9095851421836435	0.0	0.0	2.3160745244891494	0.0	0.0	2.083847142470486	1.9497018088148532	0.0	0.39938895094848537	0.0	1.648658411798626	0.0
19240	0.0	1.6024994649444948	1.2656763776908238	0.2641509433962264	0.0	0.0	0.0	0.0	0.2268480544290213	1.2339833795764221	1.235799059353983	0.0	0.0	0.0	0.0	4.066292033187286	0.0	2.550962595344441	1.1523382628625478	0.7923053058755465	0.0	0.8772147750056818	0.9145043470370645	0.0
19241	0.7656612932457962	1.3677375835414605	0.9756135764199995	0.0	0.0	0.0	0.0	0.0	0.0	3.0287012115324328	3.386680524309926	0.0	0.0	0.0	1.9677349361598002	0.0	0.18618355708187442	2.9009076729963126	2.9547103996673973	0.0	0.0	0.0	0.7808526290730033	0.0
19242	0.31519021932003066	2.051173867592534	1.0016612743817512	0.0	0.0	0.0	0.8196686056419611	0.0	0.0	1.8887999080476046	1.0949459440984164	1.3162943867241317	0.0	0.0	1.2541160355861543	0.0	0.0	4.794750994851284	1.2424621180755917	0.0	0.0	0.0	1.4185989969240569	0.25405046204167137
19243	0.0	0.7806247497997998	0.0	0.0	0.0	0.0	0.0	0.0	0.0	0.5526794237662059	0.0	0.0	0.0	0.0	0.0	0.0	0.0	0.45175395145262554	0.0	0.0	0.0	0.0	0.7483263218346775	0.0
19244	0.0	0.7554959604571909	0.860891295086904	0.0	0.0	0.0	0.0	0.0	0.0	3.096832617371355	1.986997369395752	0.0	0.0	0.0	0.0	0.0	0.0	1.0659291693395017	2.0387116990471372	0.0	0.0	0.0	0.5022504125364832	0.0
19245	0.0	1.0320940459231442	0.0	0.6236312912269453	0.0	0.0	0.0	0.0	0.0	2.3385560545788566	1.5895532029158346	0.8061961961117426	0.0	0.0	1.0536665730657908	0.0	0.0	2.246756173254254	2.390634487411056	0.0	0.0	0.0	0.0	0.0
19246	0.0	1.6556281402413626	0.4395485573880749	0.0	0.0	0.0	0.0	0.0	0.0	2.725562581266251	2.2319191184075544	1.120204985343662	0.0	1.0897910190322078	1.7139859139773332	0.0	0.0	2.1896873867232824	3.3394091770451264	0.0	0.8877861774956807	0.0	0.0	0.0
19247	0.0	0.0	0.8322910148099242	0.0	0.0	0.0	0.0	0.0	0.0	1.0776248858074624	0.4639511300144301	0.858980338670346	0.0	0.0	0.0	0.0	0.0	0.9660580181312738	1.0290987256553947	0.0	0.9654963281764578	0.0	0.0	0.0
19248	0.0	1.5911898214379605	0.824427481435132	0.0	0.0	0.0	0.8310288271228438	0.0	0.0	1.18419073307795	0.9579555617557833	0.0	0.0	0.0	1.2628086565092078	0.0	0.0	2.2600607422823025	1.1647998871077268	0.0	0.0	2.2605167620722564	0.9863903016652421	0.0
19249	0.0	0.916389232306004	0.9725716625371786	0.0	0.0	0.0	0.0	0.0	0.0	3.204355635145512	2.2313842030779365	0.0	0.0	0.0	0.0	0.0	0.0	1.2163997669723694	1.1966319431413275	0.0	0.0	0.0	0.0	0.0
19250	0.0	4.586028808696528	1.786106942157069	0.0	0.3112569796364425	0.0	0.0	0.0	0.0	2.2503743441673247	3.250787554231639	1.0626701077622431	0.0	0.0	1.1023539250745424	0.0	0.0	2.2505207730656474	2.035889360793701	0.0	0.0	0.0	0.0	0.0
19251	0.0	0.8301712086112624	1.549765222609945	0.0	0.0	0.0	0.0	0.0	0.0	3.176682254603348	1.6033783118370928	0.0	0.0	0.0	0.0	0.0	0.0	2.9884475595476405	2.1770636348456605	0.758116709967589	0.0	0.38844772154450063	0.0	0.0
19252	0.0	0.8046038036024786	0.0	1.3393286640658664	0.0	0.0	0.0	0.0	0.0	4.080229405941928	1.2131748306444314	0.9874526552163723	0.0	1.5180035052742669	1.9318886810331297	0.0	0.0	2.8817308247307203	2.1910303482607825	0.0	0.0	0.0	0.0	0.0
19253	0.0	1.775973206658045	0.0	0.8467525977234025	0.0	0.0	0.0	0.0	0.0	1.198289379030556	1.9111516532678947	0.0	2.285297553021667	2.9442846207882467	0.5300126671551378	1.9057653825606662	0.0	1.9953801822004436	1.172482282257354	0.36643657804089275	0.35922142225893283	1.0312337623945078	0.0	0.0
19254	0.0	1.1288926244299686	0.8076555637642229	0.0	0.0	0.0	0.0	0.0	0.0	3.169832761489462	1.7906755893298478	0.8079459365269154	0.0	0.0	0.8298128515064994	0.0	0.0	2.1276507090368146	1.060616586886467	0.0	0.0	1.0109502548858431	0.0	0.0
19255	0.0	2.1686935725278103	0.0	0.0	0.0	0.0	0.0	0.0	0.0	3.0638806543157884	1.8770544300401448	0.0	0.0	0.0	1.4983484277610257	0.0	0.0	1.0015266125049078	1.19259258454155	0.5916050799686552	0.0	0.0	0.0	0.0
19256	0.0	2.084738976874191	0.0	0.0	0.0	0.0	0.8605735120762773	0.0	0.0	3.1937873806504764	2.2009325692110755	0.0	0.0	0.0	2.1022309459360593	0.0	0.0	2.8353661424837675	2.1860500207572544	0.0	0.0	0.3809317124022775	0.7530069059130425	0.0
19257	0.0	1.8168090130358092	0.0	0.0	0.0	0.0	0.0	0.0	0.0	2.3243657038753285	1.027946669831133	0.0	0.0	0.0	0.9258367154200052	0.0	0.0	2.0914759921960955	2.2606520703089132	0.0	0.0	0.0	0.0	0.0
19258	0.0	1.4485508063749961	0.0	0.0	2.2996467396242837	1.6375568098697217	0.0	0.0	0.0	4.273591319539096	1.1509959538010432	1.0593429358306161	2.2398694884852635	0.9609599287929615	1.8233358813407805	3.008920646155714	0.0	7.165600870984382	0.8580492463451664	0.0	1.0216720685052094	0.7202857870843088	0.0	1.4076175118995038
19259	0.0	1.073803085155914	0.3675758545733422	0.0	0.0	0.0	0.0	0.0	0.0	1.4905284449862366	0.7082514848582959	0.0	0.0	0.0	1.0559406853456834	0.0	0.4564373853657564	3.6027986715036673	1.1118338569683495	0.6509746867241032	0.0	0.0	0.0	0.0
19260	0.0	1.189285118451636	0.0	0.0	0.9547589359887344	0.0	0.0	0.0	0.0	0.6152442765672601	1.5501696015761612	0.4947284465519083	0.9090593428863094	1.0836752713699283	1.2371218701251505	0.0	0.0	1.9603908166501502	0.24736422327595414	0.47346691369867333	1.6996731711975948	1.8267148996689757	0.9319231328943298	0.0
19261	0.0	0.0	0.0	0.0	0.0	0.0	0.0	0.0	0.0	0.6366512978452636	0.6753329450703733	0.0	0.0	0.0	0.0	0.0	0.0	1.3718485607617101	0.5514651415853032	0.0	0.0	0.0	0.0	0.0
19262	0.0	0.46333285024286736	0.0	0.0	1.0961061167992558	0.0	0.0	0.0	0.0	0.8340263784797216	0.6245163110000372	0.0	0.0	0.0	0.9999748500433796	0.0	0.0	1.3784092555682628	0.7955912695210572	0.0	0.0	0.0	1.3955601561700817	0.0
19263	0.0	0.4485003834924321	0.0	0.0	0.0	0.0	0.9113381244431958	0.0	0.0	5.540304102142175	4.432253944242702	0.0	0.0	0.0	1.4980690154486405	0.0	0.0	1.0384933471707483	2.805244117713536	0.0	0.0	0.0	0.0	0.0
19264	0.0	1.0480083773595337	0.9194770539127385	0.0	0.0	0.0	0.0	0.0	0.0	2.0923213486539436	1.3216024428924835	1.078509355469242	0.0	0.0	1.2044767034613346	0.0	0.0	1.9053941115926958	1.322679298393951	0.0	0.0	0.9956532788824265	0.7806555312294032	0.0
19265	0.0	0.0	0.0	0.0	0.0	0.0	0.0	0.0	0.0	1.110614155998716	1.6654992167843259	0.0	0.0	0.0	0.0	0.0	0.0	2.105785059276442	1.1701061869217495	0.0	0.0	0.0	0.7760110542353218	0.0
19266	3.325790580882392	0.6741248870026029	0.9182455958125286	0.0	1.0255080041943438	0.0	0.0	0.0	0.48365966616321376	2.773324339212667	1.8048690664297744	0.0	1.2490335221970303	0.0	1.2141897931343433	1.1976185979205474	0.7339693949098693	3.1554603912832335	1.8883280290431337	0.0	0.49135182079339257	0.0	0.0	0.0
19267	0.0	1.6197886966819228	1.2296604448947948	0.0	0.0	0.0	0.0	0.0	0.0	2.0633280526680795	2.243774780716199	0.0	0.0	0.0	1.854666835982484	0.0	0.0	0.8351542605344769	2.4662001916827627	1.0564838173885884	0.0	0.0	0.0	0.0
19268	0.0	1.2922502123440898	0.0	0.0	0.0	0.0	0.0	0.0	0.0	2.2277079067752252	1.7718300874267152	0.0	0.0	0.0	0.0	0.0	0.0	1.2119458926553575	1.409104422797836	0.0	0.0	0.0	0.0	0.0
19269	0.0	0.9841119795891601	0.5915944361864592	0.0	0.7079811701742484	0.0	0.0	0.0	0.0	2.032501007460636	2.2008749744587948	0.0	0.880108497031692	0.0	1.0408950033936526	0.0	0.0	1.9617754525950244	1.2345771090469813	0.0	0.0	0.0	0.6459693751409337	0.0
19270	0.0	1.1224967558794705	0.0	0.07238353127955599	0.0	0.0	0.0	0.0	0.0	2.971065175867544	1.2085132353669736	1.0215350197623179	0.5965530631772308	0.5602723153211085	0.0	0.0	0.0	1.8147086835069157	1.7858034027789729	1.083053155221168	0.0	0.0	0.0	0.0
19271	0.0	2.443049386465436	0.0	0.0	0.0	0.0	0.0	0.0	0.0	1.9839771432424318	1.1500271119746022	0.0	0.0	0.0	2.2306581198581172	1.0642783327050462	0.0	2.053103342097843	0.8050385419151386	0.0	0.0	0.0	1.553155320840483	0.0
19272	0.0	1.8825395925722135	0.0	0.0	0.0	0.0	1.6207575023283685	0.0	0.0	3.43579875645849	2.06682890169169	2.318901717514302	0.0	1.599974386733979	1.2683105976429159	0.0	0.0	3.278128889974359	1.7679542412820293	0.0	0.0	0.0	0.0	0.0
19273	0.0	1.996366649185414	0.0	0.0	1.0783255667352427	1.2285814197141558	2.0079616553068775	0.0	0.0	2.2236565618940722	2.0228202730231306	0.0	0.0	0.6545569505786812	0.0	0.0	0.0	1.180708883753191	0.9663444279064658	0.0	0.0	1.0308320834188724	0.0	0.6137766394099725
19274	0.9984944781602726	2.0031576134776334	1.0230653693266298	0.0	0.0	0.0	0.0	0.0	0.0	4.373193311577504	1.5395779801841292	0.0	0.9818085787172312	0.0	0.878042749500055	0.0	0.0	2.3211156487067335	0.9509180578765816	0.0	0.0	0.0	0.5499494602575905	0.0
19275	0.0	1.8140862049135031	1.2074899570984161	0.0	0.48616420089335466	0.0	0.0	0.0	0.0	1.161569125779566	1.091593406878229	0.0	0.0	0.0	0.8429919724536057	0.0	0.0	2.273820851197245	1.3215080102148522	0.6388884918705313	0.0	0.0	0.7346078021515675	0.0
19276	0.0	2.8375650032957824	0.0	0.0	0.0	0.0	0.999260081289737	0.0	0.0	4.994618241076688	4.98996362863715	0.0	0.0	0.0	0.0	0.0	0.0	1.172595663929692	0.9946231185373655	0.0	0.7935006784866107	0.0	0.9381777628961898	1.0
19277	0.0	0.0	0.3615127909926512	0.0	0.0	0.0	0.9997082353428279	0.0	0.0	1.7386805928869262	1.26773600882585	0.8464285008646406	0.0	0.0	0.0	0.0	0.0	4.314228152262696	2.4243604096981803	0.0	0.0	0.0	0.0	0.6163918031975489
19278	0.0	1.866691836834198	1.033340447563778	0.0	0.0	0.0	0.0	0.0	0.0	2.4622091643846	1.8416286526387455	0.26858165585183474	1.1719109784087056	1.5338126973213477	1.5964253283594303	0.0	0.4536949519564791	4.315871786537778	1.0268743194832894	0.0	0.0	0.0	0.8169389230222479	0.6528241524951993
19279	0.0	0.8771299777912207	1.1849238138722233	0.0	0.0	0.0	0.0	0.0	0.0	2.2097274673979928	1.8829338471233816	0.0	0.0	0.0	0.0	0.0	0.0	3.3518501511017713	2.2145131410903014	0.0	0.0	1.346259075739343	0.0	0.0
19280	0.0	1.2599136720371849	0.0	0.0	0.0	0.0	0.4384235813529999	0.0	0.0	1.0627601445140733	1.0194109157843319	0.0	0.0	0.0	0.0	0.0	0.0	4.12362186338989	1.073300651419687	0.6208010300446621	0.0	0.0	0.0	0.0
19281	0.0	0.0	0.0	0.0	0.0	0.0	0.0	0.0	0.0	2.144290178268332	2.331033219115273	1.4763801057773887	0.0	0.12149051456930914	1.6561903199347303	0.0	0.0	0.955159126586032	0.0	0.8844332774281066	0.0	0.0	0.0	0.0
19282	0.825238891921622	1.2437619961612283	0.0	0.0	0.0	0.0	0.0	0.0	0.0	2.0606342563155353	1.9989506260761456	0.0	0.0	0.0	1.2981063767008443	0.0	0.0	3.0998274051229537	1.8568610815121434	0.0	0.0	1.6312208327456463	0.0	0.0
19283	0.0	1.403468269463547	0.0	0.0	0.0	0.0	0.0	0.0	0.0	0.8263725873634994	1.1454551383831855	0.0	0.0	2.0119021421451917	0.7669023257491943	0.0	0.0	1.2743965912170823	3.3704500707404192	0.0	0.0	0.0	0.0	0.0
19284	0.0	0.9299063920205114	1.1461468438840592	0.0	0.0	0.0	0.9377212652278357	0.0	0.0	2.215308111234379	1.3680054672010717	0.0	0.0	0.0	1.170287009037404	0.0	0.0	0.8704933800964209	0.0	0.0	0.0	0.0	0.0	0.0
19285	0.0	0.8043557015607404	0.46361636561342096	0.0	0.0	0.0	0.0	0.0	0.0	0.8975274678557507	1.034355406707671	0.0	0.0	0.0	0.0	0.0	0.0	3.7382748666750287	1.4576036416304778	0.0	0.0	0.0	0.0	0.0
19286	0.0	1.0089361208711263	0.0	0.0	0.0	0.0	0.0	0.0	0.0	3.407290155449422	2.829021453527273	0.0	0.0	0.5197116478794003	0.9504346565108365	0.0	0.0	2.9533929810236628	0.9837920185148238	0.0	0.0	0.0	0.0	0.0
19287	0.0	1.9641985660062287	1.145266043971949	0.4574199265548393	0.0	0.0	0.0	0.0	0.0	4.290232845032807	1.871411896455258	0.0	0.0	0.0	0.0	0.0	0.0	1.8879835023691443	1.3601442267847348	0.0	0.0	0.0	0.0	0.0
19288	2.5019721922256637	1.7775022739346815	0.9396478154759665	0.0	0.0	0.0	0.2601008860609035	0.0	0.0	0.8282003669527137	1.7566046813064957	0.0	0.0	0.4518874988551018	0.0	0.26646935501059654	0.0	3.3162105197406113	1.0756471333853979	0.0	0.0	0.0	0.0	0.0
19289	0.0	2.055023915536204	0.0	0.0	0.0	0.0	0.0	0.0	0.0	2.189172188147142	1.9413532059425598	0.0	0.0	0.0	0.0	0.0	0.0	3.4285704363982035	1.2127772946280926	0.8043501605657131	0.0	0.0	0.0	0.0
19290	0.0	0.784627835843479	0.0	0.0	0.0	0.0	0.0	0.0	0.0	2.1310383705028944	0.9557067846266577	1.2750362596222058	0.0	0.0	1.2289688548669015	0.0	0.0	1.8639124086028775	1.714197659051543	0.0	0.0	0.0	0.5786121433864152	0.0
19291	0.0	1.181182861464217	0.0	0.0	0.0	0.0	0.0	0.0	0.0	1.0765998125486123	0.0	0.0	0.0	0.0	0.0	0.0	0.0	0.927960727138337	0.0	0.0	0.0	0.0	0.0	0.0
19292	0.0	1.0259829061659718	0.0	0.06662961933584423	0.0	0.0	0.0	0.0	0.0	2.9748841906163412	2.0243490037266025	0.0	0.0	0.0	0.0	0.0	0.0	4.672315496492658	1.6918238007958355	0.0	1.339718046621917	0.8816895957250921	0.0	0.9672182334463671
19293	1.1447698280369174	1.2313663212772672	0.0	0.0	0.0	0.0	0.0	0.0	0.0	3.1382199981608405	1.3497618961828028	0.0	0.0	1.6826702706690515	0.0	0.0	0.0	3.108379535619436	2.1590008028200494	0.0	0.0	0.0	0.0	0.0
19294	0.0	0.893868937022477	0.0	0.0	0.0	0.0	0.0	0.0	0.0	2.8252729695620076	1.1674802799540696	0.7341268517194323	0.0	0.0	0.8039871681562932	0.0	0.0	1.6734460256737302	0.2898606637499727	0.0	0.0	0.0	0.9076383346031013	0.0
19295	0.0	0.0	0.0	0.0	0.0	0.0	0.0	0.0	0.0	1.9456548334367896	2.0766014908481867	0.0	0.0	0.0	0.0	0.0	0.0	1.9629613011025224	1.1817035752860148	0.0	0.0	0.0	1.50802670298869	0.0
19296	0.0	0.6164107338590359	1.0573442157548374	0.0	0.6547052324511129	0.0	0.0	0.0	0.0	2.097534517730752	1.3993169462905222	0.0	0.0	0.0	1.9613467075895585	0.0	0.0	2.941696543650524	1.976835795914707	0.0	0.0	0.7373878292689968	0.9995798319142251	0.0
19297	0.0	0.9913998927654445	0.9323113280344012	0.0	0.0	0.0	1.1804031933226224	0.0	0.0	1.872905763779908	2.015009288437716	0.0	0.0	0.0	0.8613925888590404	0.0	0.0	4.734194674463142	0.9577738523271231	0.0	0.0	0.0	0.0	0.0
19298	0.0	0.0	1.15787873347868	0.0	0.0	0.0	0.0	0.0	0.0	3.4322264943397616	1.35694555012149	0.0	0.0	0.0	0.0	0.0	0.0	2.1315215272250443	2.717032558531665	0.0	0.0	1.8357380782288368	0.0	0.0
19299	0.0	1.6301511775754076	0.7071470269950565	0.0	0.0	0.0	0.0	0.0	0.0	3.7617339634934264	0.7317771020488419	0.0	0.0	0.0	0.0	0.0	0.0	1.729768413815011	1.2528017692252522	0.0	0.0	0.0	0.0	0.0
19300	0.0	1.6154406246364776	0.0	0.0	0.0	0.0	0.0	0.0	0.0	1.1705051646490097	3.3305561965203383	1.1992581783892002	0.0	0.0	0.0	0.0	0.0	3.085094716158374	1.1312143664919396	0.0	0.0	0.0	0.0	0.0
19301	0.0	1.2895218971000006	0.9377729973364811	0.0	0.0	0.4509933926205076	0.7227370939941168	0.0	0.0	2.2531133955550144	1.1092450290897304	0.0	0.0	0.0	1.6610430590724055	0.0	0.0	2.243834418892866	1.8334506817582372	0.0	0.5783841919992265	0.0	0.0	0.0
19302	0.0	2.3814121605067626	1.221796903130817	0.0	0.0	0.0	1.475174559793417	0.0	0.0	3.745177543375988	2.945524898519586	0.0	0.0	0.0	1.511920848544509	0.0	0.0	2.9962490420603247	2.8937847550294116	0.0	0.0	0.0	0.9599885919743811	0.27549738359431336
19303	0.0	0.6240555516353579	0.0	0.0	0.0	0.0	0.0	0.0	0.0	1.9406489048437008	1.2189267768735068	0.0	0.0	0.0	0.0	0.0	0.0	1.203743934218203	1.8250663120628061	0.0	0.0	0.0	0.0	0.0
19304	0.0	1.405051709884408	0.7301630671595818	0.0	0.0	0.0	0.0	0.0	0.0	4.201084165503381	1.7994923400700453	0.0	0.0	0.0	0.7346682556104186	0.0	0.0	4.604665789702593	1.2101389760791221	0.0	0.0	0.0	0.0	0.0
19305	1.3587982566079622	1.7673645002052198	0.0	0.0	0.0	0.0	0.0	0.0	0.0	3.2421129030463884	1.2013036335264955	0.7322015811690444	0.0	0.0	0.0	0.0	0.0	2.8784504982496357	2.3238324515275446	0.0	0.0	0.0	0.0	0.0
19306	0.0	1.758096066745256	0.0	0.0	0.0	0.0	0.0	0.0	0.0	3.39971506449661	2.0912013396226623	0.515937279239812	0.0	0.0	0.0	0.0	0.0	2.9522032680082586	2.309267589899973	0.0	0.0	0.0	1.3941114545750546	0.0
19307	0.0	1.1576300866953553	0.9880007824083846	0.0	0.0	0.0	0.0	0.0	0.0	2.5970200431694606	1.2798082145316958	0.0	0.0	0.0	1.6493071848790657	0.0	0.0	1.3556819330613632	1.2304633664305011	1.422503339098356	0.0	0.0	0.0	0.0
19308	0.0	1.2046670345472643	0.6786663050816394	0.0	0.0	0.0	0.0	0.0	0.0	2.1670230575866003	1.291166153362666	0.0	0.0	0.0	0.0	0.0	0.0	3.9951882835624937	2.399747296576287	1.9885355606945283	0.0	0.0	1.2667246240841756	0.0
19309	0.0	1.1733634595508073	0.0	0.0	0.0	0.0	0.0	0.33946403413846304	0.0	1.8789627066621684	3.0967029344336745	0.3584656000209696	0.8797157933476731	0.0	1.3367251488722967	0.0	0.0	3.1447901570898766	1.0809416541914798	0.0	0.0	0.0	0.0	0.0
19310	0.0	1.2378536757373773	0.0	0.0	0.0	0.0	0.0	0.0	0.0	2.2689757947134144	0.8667503643874074	0.0	0.0	0.0	2.0229884880867	0.0	0.0	4.273052187397594	1.257243711898957	0.0	0.0	0.0	0.0	0.0
19311	0.0	0.9850876698466998	1.5138567831933942	0.0	0.0	0.0	0.0	0.0	0.0	1.9405741040060485	1.0767407661027677	0.0	0.9122319933387641	0.0	0.0	0.0	0.0	3.2345233827515365	0.8587038995234787	0.0	0.0	0.0	0.0	0.0
19312	0.0	0.0	1.620232892721678	0.0	2.023869281821609	0.0	0.0	0.0	0.0	1.0736895337238916	1.2236900569065274	0.0	0.0	1.1546873937043574	1.2318395596706493	0.0	0.0	3.6325349803312545	1.7531746237753847	0.0	0.0	0.0	1.3465073280089341	0.0
19313	0.0	1.442359267763907	0.0	0.0	0.0	0.0	0.0	0.0	0.0	4.293669699662041	2.1195634510568566	0.0	0.0	0.0	1.8081983843996559	0.0	0.0	1.9371605455997112	1.8179460097787876	0.0	0.0	1.1364555131246232	0.0	0.0
19314	0.0	2.9620449223602847	0.9334721896388072	0.0	0.0	0.0	0.0	0.0	0.0	3.1724609168416196	2.158555947459213	0.0	0.0	0.0	0.0	0.0	0.0	3.092573269699212	1.6882135408749142	1.133555435350216	0.0	0.4695427203314308	1.0216173535739483	0.0
19315	0.5999693900976767	0.8686957885459933	1.5012842680942142	0.6527472493496369	0.0	0.0	0.0	0.0	0.0	7.099723473931761	3.5030795862206663	0.0	0.0	0.0	0.0	0.0	0.0	3.865985524876657	1.2382970274864995	0.45433328381527277	0.0	0.0	1.0003856005872231	0.0
19316	0.0	0.6102273497444688	0.0	0.0	0.0	0.0	0.0	0.0	0.0	1.2573229645306072	1.2894406615857301	0.0	0.0	0.0	0.5368680128113466	0.725152795979161	0.0	3.123605018740331	1.0524057763050834	0.0	0.0	2.353912757941908	0.0	0.0
19317	0.0	2.3359813049409968	1.0349022274335973	0.0	0.0	0.0	0.0	0.0	0.0	1.9865165474168873	1.4905441340805294	0.0	0.0	0.0	1.0742925004264672	0.0	0.0	2.8578420004403373	2.084844842994713	0.0	0.0	0.0	0.4972349054919102	0.0
19318	0.0	0.4992446897406834	0.9055486543929658	0.7968579791210532	0.0	0.0	0.0	0.0	0.0	0.8874960391277253	1.7208146147902352	1.6572045454372293	0.0	0.0	0.0	0.0	0.48691557467337615	1.08550373458848	1.0519124216793807	0.0	0.0	0.0	1.1450175533278228	0.0
19319	0.0	0.8327229537048759	0.0	0.0	0.0	0.0	0.0	0.0	0.0	1.2270286450646073	3.728858270302051	0.0	0.0	0.0	0.0	0.0	0.0	3.488084809876033	1.162032044023563	1.483625579329102	0.0	0.0	0.7302188408659115	0.0
19320	0.0	1.0260137252557573	1.9728986891576594	0.0	0.0	0.0	0.0	0.0	0.0	3.3980832197379085	1.1636226638355678	0.0	0.0	0.0	0.0	0.0	0.0	1.352220011469019	3.140632074007278	0.0	0.0	0.4567371224771986	1.011191177164993	1.0217549420295995
19321	0.0	0.0	0.0	0.0	0.0	0.0	0.0	0.0	0.0	2.689507091074121	1.0352112790925627	0.0	0.0	0.0	0.9630265809288817	0.0	0.0	4.187804187028692	0.9088937578481873	0.46269927090021556	0.0	0.0	0.3747075477429889	0.0
19322	0.0	0.0	0.0	0.0	0.0	0.0	0.0	0.0	0.0	0.6027056688499695	1.0583353862650693	1.592696367951609	0.0	0.0	0.0	0.0	0.0	0.7579630548367186	0.91565404341365	0.0	0.0	0.0	0.0	0.0
19323	0.0	0.0	0.9226675057629566	0.0	0.0	0.0	0.0	0.0	0.0	0.9267057094015816	1.8793743447361209	0.0	0.0	0.0	0.0	0.0	0.0	2.063625663176936	0.0	0.0	0.0	0.0	0.0	0.0
19324	0.0	0.14345430525520947	0.0	0.0	0.0	0.0	0.7773892614344009	0.0	0.0	2.132914286214122	1.5312370911690045	0.0	0.0	0.0	0.0	0.0	0.0	1.3625311672980018	1.220579427347023	0.0	0.0	0.0	0.0	0.0
19325	0.0	1.1299080646853321	0.9418901382512381	0.0	0.0	0.0	0.4947000967150261	0.0	0.0	1.2682608612845903	1.0623509371676312	0.0	0.9695502390969484	0.0	0.0	0.0	0.0	2.055902730882087	2.151926846501817	0.0	0.0	1.2058766450824256	1.7373063939671	0.0
19326	0.9116858086238487	1.7224561290197316	0.0	0.0	0.0	0.0	0.0	0.0	0.0	3.551922882045724	2.066446219249688	0.0	0.8248164311298172	0.0	0.0	0.0	0.0	2.114667781940336	2.2540019279845405	0.0	0.0	0.0	0.9093932088655835	0.0
19327	0.0	1.0054037786408472	0.10689735265264116	0.0	0.0	0.0	0.0	0.0	0.0	3.0456668791275785	2.02028703152861	0.0	0.0	0.0	0.7670239267236241	0.0	0.0	3.187479465766577	1.973764655929573	0.0	0.0	0.4686083432375841	0.9482551232693117	0.0
19328	0.0	1.4501051753077259	0.0	0.0	0.0	0.0	0.0	0.0	0.0	2.2820921123849516	2.0781114101751914	0.0	0.0	0.0	0.0	0.0	0.0	5.109828489808858	2.2248460963683674	0.0	0.0	3.701326564773817	1.578344368020252	0.0
19329	0.0	0.0	1.3838916999962099	0.0	0.0	0.0	1.0204673708040666	0.0	0.0	2.1179514540981614	1.8249955192033915	0.0	0.0	0.0	0.0	0.0	0.0	2.1793645635337136	0.9917540060120117	0.8403894112080296	0.0	1.212300670691641	0.0	0.0
19330	0.0	2.234105329079956	0.0	0.0	0.0	0.0	0.0	0.0	0.0	2.0737494827620764	2.5125656083127574	0.0	0.0	0.0	0.0	0.0	0.0	2.3873378659435285	2.1893907236405714	0.0	0.0	0.0	0.0	0.0
19331	0.9192728901015041	1.6384338582067097	0.5863227887396133	0.0	1.6698185448479084	0.6743155717429745	0.0	0.0	0.7952138657254744	2.537075519634872	0.0	0.0	0.0	1.031386536468708	0.9936626907236287	0.0	0.0	1.6406120206676997	2.3670678494883988	0.0	0.0	2.642313759925015	0.0	0.0
19332	0.0	1.017108740825698	0.0	0.0	0.0	0.0	0.0	0.0	0.0	1.9094976074998593	1.895943116299629	0.0	0.0	0.0	0.0	0.0	0.0	1.985073710808044	1.0079134209732084	0.0	0.0	0.0	0.0	0.0
19333	0.0	1.0359874501719797	0.0	0.0	0.0	0.0	0.0	0.0	0.0	2.098697334911187	2.1948060893355494	0.0	0.0	0.0	1.0881408836934505	0.0	0.0	1.9204995999609822	2.2635776820141444	0.0	0.0	0.0	0.0	0.0
19334	0.0	1.337142312785575	0.7132841542949564	0.1688161745531938	0.0	0.0	0.356305270002836	0.0	0.0	3.2400169360471507	1.9366940186236783	0.0	0.0	0.0	0.7734547927661576	0.0	0.0	2.9871687403515277	1.0602390535994053	0.0	0.0	0.0	1.4438852665340631	0.0
19335	0.0	1.092384900612467	0.0	0.0	0.0	0.0	0.0	0.0	0.0	2.2834449037859237	1.897349745099224	0.0	0.0	0.0	0.0	0.0	0.0	3.469235116125926	2.4659078512004955	0.0	0.0	0.0	0.8709561574731346	0.0
19336	0.0	1.8663700574133701	0.887283742049999	0.0	0.0	0.0	0.8386217750418578	0.0	0.0	6.355980535682213	2.031131876938606	0.0	0.0	0.0	1.6111575232019137	0.0	0.0	4.495629011528328	2.3064311590329383	0.0	0.0	0.3072679290894408	0.6191004152894748	0.0
19337	0.0	1.43527956678908	0.0	0.0	0.0	0.17149388004133667	0.0	0.0	0.0	2.3288623832249087	1.8904823585103627	0.9898594210923982	0.0	2.2209996637039007	1.39770535053479	0.0	0.0	0.9159626341751849	1.2775845264491201	2.110553406629387	0.0	0.0	1.7446921267902689	0.0
19338	0.0	2.8685208081264384	1.202392872903604	0.0	0.0	0.0	0.0	0.0	0.0	5.115554527370344	1.6470604178644368	0.0	0.0	0.0	0.0	0.0	0.0	3.332912905335962	1.167403347612722	1.3930790517350002	0.0	1.3388045640864517	0.0	0.0
19339	0.0	0.0	0.0	0.8774463455760678	0.0	0.0	0.2241636392944197	0.0	0.0	1.7906039674443706	0.8320858512829824	0.31759390218901806	0.0	0.0	1.5281285087653027	0.0	0.0	3.5154272423469104	3.54804994562379	0.0	0.49946909630388175	0.0	0.8386209403725287	0.0
19340	0.0	1.829383143600924	0.7049627917900845	0.0	0.0	0.0	0.8142160028606497	0.0	0.0	3.340404193125689	1.8692156835921354	0.0	0.9705860733643188	0.0	1.0262599930627143	0.0	0.0	2.345910436538227	2.2153513799770277	0.9443436116215723	1.5108577108713588	0.0	0.0	0.0
19341	0.0	2.1533552756560357	0.0	0.0	0.0	0.0	0.0	0.0	0.0	3.327388193412478	1.9403024961450288	0.0	0.16041534322496148	0.0	1.084245492465979	0.0	0.0	2.517039695621031	1.0191659699914462	0.0	0.0	2.655336666208085	1.1293983504842762	0.0
19342	0.0	1.416460151204094	0.0	0.0	0.0	0.0	0.0	0.0	0.0	3.308992040666449	1.0970913669588425	2.8482590077272407	0.0	0.0	0.9948948045303456	0.0	0.0	2.0998928653418685	1.5374756456434506	0.2557130882002064	0.8523720843550042	0.0	1.949224055259991	0.0
19343	0.0	1.1420191745481176	0.0	0.0	0.0	1.242984819737342	0.0	0.0	0.0	2.079044763036691	1.1410349352487301	0.0	0.0	0.0	0.0	0.0	0.0	1.7392145728403516	2.73435479069252	0.0	0.0	0.0	0.8438410813652873	0.6712362881289465
19344	0.0	1.0665176686407125	0.0	0.8584287173818155	0.0	0.0	0.0	0.0	0.0	1.8878309416646766	2.769813962661591	0.0	0.0	0.0	1.2788502685810323	0.0	0.0	2.7560533202349426	2.132200891669096	0.0	0.0	0.0	0.0	0.4210838525981225
19345	0.0	0.0	0.8559117775994202	0.0	0.0	0.0	0.0	0.0	0.0	3.9706448309804427	0.9962311948520356	0.8955424564439686	0.0	0.0	2.2452073450060444	0.0	0.0	3.277767454726766	1.1465808592982543	0.0	0.0	0.0	1.0386584042771336	0.0
19346	0.0	1.3717082656204285	0.8927264498340135	0.0	0.0	0.0	0.0	0.0	0.0	3.9328968087227816	1.1203836065780313	0.0	1.078842733066095	0.0	1.9784960159304201	0.0	0.0	2.5208593024556607	1.9154143495868974	0.0	0.0	0.0	1.56909397827599	0.0
19347	0.0	2.006740850920414	0.0	0.0	0.0	0.0	0.0	0.0	0.0	2.478860374263303	4.623619988033273	0.0	0.0	0.0	0.0	0.0	0.0	0.8323677036125782	0.4792601671588756	0.0	0.0	0.0	0.0	0.0
19348	0.0	1.4515413044110328	1.0124506779463505	0.0	0.0	0.0	0.7704458939251154	0.0	0.0	3.1397935161567108	2.2225511318068625	0.6522931392052035	0.0	0.0	0.0	0.0	0.0	2.1446020703682622	0.9986062710997091	0.0	0.0	0.0	0.0	0.0
19349	0.0	0.0	0.3117532399905863	0.0	0.0	0.0	0.0	0.0	0.0	1.0596055494300545	4.205187229207581	0.7752839463247214	0.5615798258720182	0.15380093988423663	0.2596883064924672	0.9821922220549283	0.0	4.084938403830026	1.8829279897300168	0.40447451426578385	0.0	0.0	0.7971482689676306	0.0
19350	0.0	1.6006318100556172	1.3638216781568333	0.0	0.0	0.0	1.5638048439475691	0.0	0.0	1.894149336050294	1.4209072899141895	0.0	0.0	0.0	2.0480856190042425	0.7700756664649682	0.0	1.241038696028419	2.500332817103352	0.0	0.0	0.0	0.0	0.0
19351	0.0	0.7646511348482335	0.0	0.0	0.0	0.0	0.0	0.0	0.0	1.8597756402584602	1.1589693164804706	0.0	0.0	0.0	0.0	0.0	0.0	0.9625796989886556	2.625377177860345	0.0	0.20608041101101557	0.0	0.0	0.0
19352	0.0	1.8727265769432413	0.0	0.0	0.0	0.0	0.0	0.0	0.0	3.135823932368527	2.4487694822120822	0.0	0.0	0.0	0.5554683243125053	0.0	0.0	3.0177796552657377	2.090200508270379	0.0	0.0	0.879712638941964	0.0	0.0
19353	0.0	1.731059022556106	0.0	0.0	0.0	0.0	0.0	0.0	0.0	2.4384242244557646	1.1285568935319716	0.0	0.0	0.0	0.0	0.0	0.0	8.831775411328676	1.6824039818233831	0.0	0.0	0.0	0.0	0.0
19354	0.0	1.0230930586408709	0.0	0.0	0.0	0.0	0.0	0.0	0.0	2.2352219156392397	2.1762855659437497	0.0	0.0	0.3839472584089511	1.4613794836585001	0.0	0.0	3.051380753860078	0.9971005801105883	0.0	0.0	0.0	0.0	0.0
19355	0.0	1.6412592855447599	0.0	0.0	0.0	0.0	0.9788225138136488	0.0	0.0	3.2599609931156412	1.1608576612508892	0.0	0.0	0.0	1.6559721924714583	0.0	0.0	3.961090240982395	1.1262152207745852	0.6147503557170462	0.41940026785737644	0.0	0.0	0.0
19356	5.487369459925709	0.0	1.515313152829118	0.0	0.9506302881957034	0.0	0.0	0.0	2.2941350005000367	0.0	0.0	0.0	0.0	1.1690383581660557	0.0	0.0	2.3318417772385716	0.47140452079103173	1.283559123876328	0.0	0.0	2.529609585255344	0.0	0.0
19357	1.5657706684503239	2.3788352549764995	0.0	0.0	0.35569599200912977	0.0	0.0	0.0	0.36051726007504037	3.053933036595136	1.8684352982048738	0.0	0.0	0.0	0.0	0.0	0.5007508539876655	4.137014099487913	2.3311088780154043	0.0	0.0	2.0021958120356884	0.0	0.0
19358	0.0	0.8339010145029585	0.0	1.7988505300255588	0.0	0.0	0.0	0.0	0.0	2.1367775384409327	1.8476662832347202	0.8244797395540051	0.0	0.0	0.0	0.0	0.0	2.0110457227569647	3.171389624923346	0.0	0.0	0.0	1.0872733389582712	0.0
19359	0.0	1.595875185563443	1.0670489041610616	0.0	0.0	0.0	1.3112353980327782	0.0	0.0	2.4620011815237075	1.6437124546613424	1.407398329734672	0.0	0.0	0.0	0.0	0.0	0.9865328940985406	2.621296963944835	0.0	0.0	0.0	0.7707100080037227	0.0
19360	0.0	1.0204567276421546	1.6194617379699467	0.0	0.0	0.0	0.0	0.0	0.0	3.2774455243271805	2.2131293394840075	0.0	0.0	0.0	0.9015404355630434	0.7856667363147654	0.0	2.250489866673476	1.1622032186521927	0.0	0.0	0.0	1.3281964846482393	1.0363241270796288
19361	0.0	1.0194803678064064	0.0	0.0	0.0	0.0	1.5969481889728099	0.0	0.0	3.0329006832831995	1.8914942972690374	0.0	0.0	0.0	0.0	0.0	0.0	3.6308834667362575	1.9312151192279678	0.0	0.0	0.0	0.0	0.0
19362	0.0	1.2277814134712175	1.4415610126698308	0.0	0.0	0.0	0.29998469504883823	0.0	0.24590099482348188	1.8641225592169626	0.0	0.0	0.0	0.6209648846928708	0.0	0.0	0.403110039959173	2.2315281692188	1.8724658595183326	0.0	0.0	0.4768104757369244	0.0	0.0
19363	0.0	0.9403031228663382	1.0800300011877138	0.0	0.0	0.0	0.0	0.0	0.0	2.3429553466983273	2.069054320353696	0.0	0.0	0.0	1.5916950103550742	0.0	0.0	2.4713533901842606	2.0203644265454312	0.0	0.0	0.0	1.0088776977514582	1.204286689543525
19364	0.0	1.1787632906833538	0.0	0.0	0.0	0.0	0.0	0.0	0.0	2.0985985752814265	2.2686353824624073	0.0	0.0	0.0	1.0548296336462708	0.0	0.0	2.8695227578380473	2.2043408297398397	0.0	0.0	0.0	0.0	0.45312031214326953
19365	0.0	1.437307269120302	0.14506169422830154	0.0	0.0	0.0	0.0	0.0	0.0	6.214197954248905	2.663822855348995	0.0	0.0	0.0	1.0930195530848024	0.0	0.0	1.8366922788765356	3.8230843029135695	0.0	0.0	0.0	1.1348147987145114	0.0
19366	0.0	1.7934035508764603	0.0	0.0	0.0	0.0	0.0	0.0	0.0	2.4278408744367215	2.202816137164432	0.0	1.3289330988824632	0.0	0.0	0.0	0.39522149592842937	4.213354471938252	2.031969433116245	0.0	0.0	0.0	0.0	0.0
19367	0.0	0.0	0.0	0.4446966404649538	3.302222161183899	0.0	0.0	0.0	0.0	0.4955356249106169	0.4561497148505922	0.0	0.0	0.0	0.8741176309016202	0.0	0.0	2.185444531543529	0.924388507410457	0.0	0.0	0.8335917966527213	0.0	0.0
19368	0.0	1.9134011905409654	0.0	0.0	0.0	0.0	0.0	0.0	0.0	5.381385720473252	1.0715298579625867	0.0	0.0	0.0	1.1157584730856378	0.0	0.0	2.331943455225757	2.0330980889721264	0.0	0.0	0.0	0.0	0.0
19369	0.0	0.7669294951763956	0.0	0.0	0.0	0.0	0.0	0.0	0.0	4.063343377786714	0.4964817353875237	0.6434687368971151	0.0	0.0	0.0	0.0	0.0	4.200652730637632	0.608653487610918	0.7210001871298439	0.0	0.82065180664829	0.0	0.0
19370	0.0	1.6135284769383662	0.7347273095631743	0.4708306038720207	0.0	0.0	0.0	1.2808219121715074	0.0	1.9412744776649016	3.3980862837260135	0.0	0.0	0.0	1.3470268664305889	0.0	0.0	1.0311551145962232	2.0660198504759744	0.0	0.0	0.0	0.0	0.0
19371	0.0	3.270517260674126	0.0	0.0	0.0	0.0	0.0	0.0	0.0	6.634616054352518	1.263055849000982	0.0	0.0	0.0	0.0	0.0	0.0	3.2730338459148207	1.1630614564475483	0.0	0.0	0.0	0.0	0.0
19372	9.777494382703331	1.0510869010074226	0.0	0.0	0.7781425398243249	0.0	0.0	0.0	2.182817844709575	6.90429605836744	0.9486240579417039	0.0	0.0	0.0	0.0	0.0	9.830168757625119	0.506196208288822	2.7115412804808248	0.0	0.0	0.5225816582860587	0.7642203502647137	0.0
19373	3.261191263714253	0.0	0.0	0.0	1.7088935861031498	0.0	0.0	0.0	0.8647283400240888	0.0	0.0	0.0	0.0	1.8476626695108793	0.0	0.0	4.739851343604414	0.0	0.8398808227253807	0.0	0.0	1.2235112749585735	0.0	0.0
19374	0.0	1.7998397405676285	0.0	0.0	0.0	0.0	0.0	0.0	0.0	4.662118673633494	2.1212913785190697	0.0	0.0	0.0	0.0	0.0	0.0	2.2278105147619267	3.3103144767483954	0.0	0.0	0.0	0.7497390362554419	0.0
19375	0.0	1.0997295159606464	0.0	0.0	0.32798367140279994	0.0	0.0	0.0	0.0	3.9274256959448133	1.8743278658958402	0.0	0.0	0.0	0.7774054518635587	0.0	0.0	1.9434622974177573	1.2200533502739923	0.0	0.9750637937077444	0.0	0.4350979177495292	0.0
19376	0.0	2.4846435739900126	0.0	0.0	0.0	0.0	0.0	0.0	0.0	4.547367197444603	1.1866501499641862	0.0	0.0	0.0	0.0	0.0	0.0	3.1397622636097533	1.206251074485294	0.7451617145246808	0.0	0.0	0.0	0.0
19377	0.0	1.553096073234139	0.0	0.0	0.0	0.0	0.0	0.0	0.0	2.3106392629182766	2.344476195773942	1.7666429942288961	0.0	0.0	1.707988812543827	0.0	0.0	1.182819902196439	1.1946742031125657	0.0	0.0	2.0819297176246336	0.0	0.9129126690042544
19378	0.0	1.149929793654566	0.0	0.0	0.0	0.0	0.0	0.0	0.0	1.095783042868474	0.9923055379981363	0.0	0.0	0.0	1.0410205589255932	0.0	0.0	1.9731226127019192	1.651690094305088	0.6578313719451833	0.0	0.0	0.0	0.0
19379	0.0	1.31385498792699	0.9866802508623749	0.0	0.0	0.0	1.9247781694361223	0.0	0.0	3.447139756701483	2.422961303423377	0.0	0.0	1.264511646768976	0.8927357527191384	0.0	0.0	2.3209299585170635	1.090041489568098	0.0	0.0	1.0482863480888172	1.5664123453052832	0.0
19380	0.0	1.2615692581650153	0.0	0.0	0.0	0.0	0.0	0.0	0.0	3.4119468286636088	1.7615102124358792	0.0	0.0	0.0	0.0	0.0	0.0	1.1790543082990772	0.7730364707486351	0.0	0.0	0.0	0.9155084023788448	0.0
19381	0.8180928637497255	1.9071542489651818	1.496555273384074	0.0	0.0	0.0	0.821468021216562	0.0	0.0	3.518060284453156	1.1707803584068435	0.0	0.0	0.0	1.2875813474270752	0.0	0.0	3.1316546070642293	2.0043844053421127	0.0	0.0	0.0	1.0087918568340564	0.0
19382	0.0	0.4881256668796127	0.7916198847013316	0.0	0.0	0.0	0.0	0.0	0.0	1.6056287567412666	1.1359968701052343	0.0	0.0	0.0	0.0	0.0	0.0	1.7969851294753545	0.7894864716313313	0.0	0.0	0.0	0.0	0.0
19383	0.0	1.037498257868046	0.0	0.0	0.0	0.0	0.0	0.0	0.0	4.234503858308216	1.1693717276388558	0.0	0.0	0.0	0.9840316581112757	0.0	0.0	2.080938863382638	1.7882535841784786	0.0	0.0	0.0	0.0	0.0
19384	0.0	0.8567097147601757	0.0	0.8835774683383224	0.0	0.0	0.0	0.0	0.0	3.007447306943082	2.1294712737982855	0.0	0.0	0.0	0.0	0.0	0.0	2.338180808250727	1.2531471885723098	1.8168959872643935	0.0	0.0	0.0	0.0
19385	0.47287512999567594	1.0733500065803223	0.0	0.0	0.0	0.0	0.0	0.0	0.0	1.9602340303122765	1.00703611421452	0.0	0.0	0.0	0.0	0.0	0.0	2.1082985580428644	1.3262663426483254	0.470400534742683	1.4320777047244135	0.0	0.0	0.0
19386	0.0	0.9829434524045203	1.3989837581457318	0.0	0.0	0.0	0.0	0.974557431797419	0.0	1.9148274220237176	1.470177847232889	0.0	0.0	1.4259360778024366	0.0	0.0	0.0	1.1844963275876321	1.2020793638884117	0.0	0.0	0.0	0.9135581278167179	0.0
19387	0.0	0.7849298401679332	1.1457054074055768	0.0	0.0	0.0	0.0	0.0	0.0	3.0064889553266583	1.9416344340045075	0.0	0.0	0.0	0.8868525792865642	0.0	0.0	2.7663709280238287	3.3033472144356906	0.0	0.0	0.9590663016425909	0.0	0.0
19388	0.0	0.9957406397040705	0.0	0.0	0.0	0.0	0.0	0.0	0.0	0.733910356174986	1.0332231272748427	0.0	0.9863002023371613	0.9523637067571359	0.8283007841507195	0.0	0.0	1.037249583035982	1.0533287872872656	0.40419310209290793	0.0	0.0	0.0	0.0
19389	0.5491723339668533	0.9740328182004754	1.1674424295080126	0.0	0.0	0.0	0.5196669394591314	0.0	0.0	3.0402350544662093	2.2430163344536274	0.0	0.7584234054530652	0.0	0.903319799051609	0.0	0.0	3.1310674884792506	2.071433554501536	1.780141941517827	0.0	0.0	0.8793728817678934	0.0
19390	0.0	2.278334666916502	0.0	0.0	0.0	0.0	0.0	0.0	0.0	1.4118538284589723	0.0	0.0	0.0	0.0	0.0	0.0	0.0	0.9114605556278607	0.0	0.0	0.0	0.0	0.0	0.0
19391	0.0	1.179859950684876	0.2012467021908545	0.0	0.0	0.0	0.0	0.0	0.0	2.2505620033576403	0.0	0.0	0.0	0.0	0.0	0.0	0.0	1.1566751416097751	0.7625422976296886	0.0	0.0	0.0	0.0	0.0
19392	0.0	0.0	0.0	0.0	0.0	0.0	0.0	0.0	0.0	1.1728703081363279	0.878835885697862	0.9516483515399371	0.0	0.0	0.0	0.0	0.0	2.459844537541827	0.0	0.0	0.0	0.0	0.4851593087554415	0.0
19393	0.0	0.638196267597825	1.061334372926801	0.0	0.0	0.0	0.0	0.0	0.0	1.9822807248590064	1.207715416502516	0.0	0.0	0.0	1.6165014039279288	0.0	0.0	1.1255576612386649	1.1112449146060108	0.0	0.0	0.0	0.0	0.0
19394	0.0	0.8776155882191878	0.0	0.0	0.0	0.0	0.0	0.0	0.0	0.914172647972539	0.8576453553512404	0.0	0.0	0.0	0.0	0.0	0.0	4.545054631498997	3.5283882736348344	0.0	0.0	0.0	1.8523639503579037	0.0
19395	0.0	1.8155749741822904	0.0	0.0	0.0	0.0	0.0	0.0	0.0	0.9449705339999913	1.9275264529331073	0.0	0.0	0.6624106896252399	0.0	0.0	0.0	0.9518169758706532	2.0848580880068206	0.0	0.0	0.0	0.0	0.0
19396	4.868376626384956	0.9093305150141128	0.9956460386189506	0.0	0.0	0.6828722610376289	1.6132846545869821	0.0	2.8425981919020606	5.739353005050863	0.9156184754172826	1.138858320495458	0.0	1.007851634210245	0.0	1.4809634682240926	11.96214134023616	1.9582572690754698	4.868958983989412	0.0	0.0	2.051322114993372	0.8079720720204523	0.0
19397	0.0	2.4622059777878245	0.0	0.0	0.0	0.0	0.0	0.0	0.0	2.094881594669352	1.9916429438610874	0.0	0.3974981022148794	0.0	0.0	0.0	0.0	2.3871083182162844	1.71564719660263	0.0	0.0	0.0	0.0	0.0
19398	0.0	0.7934058453290761	0.0	0.0	0.0	0.8330203577661986	0.0	1.1967461556665062	0.0	7.750082600106336	0.6196873635155166	0.0	0.0	0.0	0.9342093823492799	0.0	0.0	1.2832015981859732	1.473710317229074	0.0	0.0	0.0	0.0	0.0
19399	0.0	0.9659866934965722	0.9512011893503605	0.0	0.0	0.0	0.0	0.0	0.0	2.128020112885504	1.4093223310073246	0.0	0.0	0.8457612362987454	1.3732803325777363	0.0	0.0	1.0981553287416368	1.8568484249813297	0.0	0.0	0.0	0.9019993303662538	0.0
19400	0.0	0.8545581552928792	0.23768921498285842	0.0	0.0	0.0	0.0	0.0	0.0	1.142725227531352	1.604437097573995	0.0	0.0	0.0	1.0581176003164028	0.0	0.0	0.8243216440440626	0.6838683742490932	0.0	0.0	0.0	0.6641986026856795	0.0
19401	0.0	2.021925325514426	0.0	0.0	0.0	0.13834199607222175	0.0	0.0	0.0	3.5341361784840473	1.9886894677020313	0.0	0.0	0.0	1.2973355294110576	0.0	0.0	2.0767609667001796	1.9029104934492866	0.0	0.0	0.0	1.1937956781183565	0.0
19402	0.0	0.602802735071432	0.0	0.0	0.0	0.0	0.0	0.0	0.0	1.0604222354221602	0.9925759923510723	0.627157682494103	0.0	0.0	0.9428090415820634	0.0	0.0	1.8253686937203317	1.3223350121052715	0.0	0.0	0.0	0.0	0.0
19403	0.0	0.7726885425748398	1.006088921328688	0.0	0.0	0.0	0.0	0.0	0.0	2.398982832935616	0.8339863535619659	0.0	0.10551988085695925	0.0	0.0	0.0	0.0	3.1754973566710563	1.0776488544350342	0.0	0.38054399568456004	0.0	0.0	0.0
19404	0.0	2.468030670446844	0.0	0.0	0.0	0.0	0.0	0.0	0.0	1.8609005633391063	1.8906662625744128	0.0	0.0	0.0	1.5159270742349484	0.0	0.0	1.8902645317521038	0.7630168242003946	0.0	0.0	1.6779480450458764	0.0	0.0
19405	0.0	2.2411729937463565	0.0	0.0	0.0	0.0	0.3743826360247083	0.0	0.0	2.590443977390748	0.6018863200729218	0.0	0.0	0.0	0.0	0.0	0.0	1.6224231141083076	0.5354397562690629	0.0	0.0	0.0	0.0	0.0
19406	0.0	1.7442331915745295	0.0	0.0	0.0	0.0	0.0	0.0	0.0	2.838903456595975	1.1349475393866288	0.0	0.0	0.0	0.0	0.0	0.0	2.3474131507414926	1.8543115065496376	0.0	0.0	0.0	0.0	0.3506250920324423
19407	0.0	0.0	0.0	0.0	0.0	0.0	1.1499191491521379	0.0	0.0	1.1589204295317515	0.0	0.0	0.0	0.0	0.0	0.0	0.0	0.7831116707653442	0.8128528005614778	0.0	0.0	0.0	0.7315216790650491	0.0
19408	0.0	0.4810456929208346	0.0	0.0	0.0	0.0	0.0	0.0	0.0	1.3518004862542703	0.0	0.0	0.0	0.0	0.0	0.0	0.0	0.7374429191290495	2.2628066306175114	0.0	0.0	0.0	0.0	0.0
19409	0.0	0.8456016801133779	0.0	0.0	0.0	0.0	1.423292030291652	0.0	0.0	1.0986408540825028	2.2419228487821155	0.0	0.0	0.0	0.0	0.0	0.0	1.003462306938752	0.9707946051431159	0.0	0.0	0.9999976875912681	0.0	0.0
19410	0.0	1.6030214552194872	0.0	0.0	0.0	0.0	1.29532507744019	0.0	0.0	1.0488212285843026	1.7285093292366156	0.0	0.0	0.0	0.0	0.0	0.0	3.0845332591021917	1.2394042218667733	0.0	0.0	0.0	0.9996347031841584	0.0
19411	0.0	0.0	0.0	0.0	0.0	0.0	0.0	0.1809674280005307	0.0	0.5965202808504186	1.1645986994654727	0.0	0.0	0.0	0.8229604346012926	0.0	0.0	1.8213106980787104	0.6843391606656145	0.0	0.0	0.0	0.0	0.4982013036169176
19412	0.0	1.7601183949629857	0.6559673428055998	0.0	0.0	0.0	0.5304818739868656	0.0	0.0	0.9943839008887394	1.2107617840334424	0.0	0.0	0.0	0.0	0.0	0.0	1.061901910065411	1.0988129689380655	0.7618261162689085	0.0	0.0	0.0	0.14986672195868164
19413	0.0	1.0202225102109586	0.0	0.0	0.0	0.0	0.0	0.0	0.0	1.6593226626567372	1.1034825844412055	0.0	0.0	0.0	0.0	0.0	0.0	2.290828102682858	0.8065890759860315	0.0	0.0	0.0	0.0	0.0
19414	0.0	0.0	0.0	0.0	0.0	0.0	0.0	0.0	0.0	2.5282611186759505	0.7998535546928471	0.0	0.0	0.0	0.6866987246163261	0.0	0.0	1.9218781705611152	0.9242699045981633	0.8358925523304892	0.0	1.0634049761540714	0.0	0.48736712847486224
19415	0.0	0.8040540003872578	0.0	0.0	0.0	0.0	0.0	0.0	0.0	1.24482973744929	0.7496488788896936	0.0	0.0	0.0	0.5579239581136277	0.0	0.0	3.0460837867754154	1.497179312480575	0.4309005434005364	0.0	0.0	0.0	0.0
19416	0.0	0.8443818416930967	0.0	0.35581023094772624	0.0	0.0	0.0	0.0	0.0	2.302895908005651	3.0687979389425672	0.0	0.0	0.0	0.0	0.0	0.0	1.1381455780366618	2.1755783072619232	0.9459236395644824	0.0	0.7451075421088417	0.0	0.0
19417	0.0	1.0506841096425128	0.0	0.0	0.0	0.0	0.0	0.0	0.0	3.116183315110051	2.3212397464522003	1.2101976160409817	0.8769461168712136	0.0	0.9511677618100945	0.0	0.0	2.920362599942969	2.2917929258148115	0.0	0.0	0.6803447267126539	0.0	0.0
19418	0.0	0.9913164647746618	0.0	0.0	0.0	0.0	0.0	0.0	0.0	2.767753035665168	0.9347688011645175	0.0	0.0	1.40764008797844	0.9502923526765622	0.0	0.0	3.2527184736979313	1.6948633362000196	0.0	1.3863059315325996	0.0	0.0	0.0
19419	0.0	1.127949582806021	0.0	0.3503807439003736	0.0	0.0	0.0	0.0	0.0	1.263332525622128	0.9851824828968033	0.0	0.0	0.0	0.0	0.0	0.0	2.12630918093646	1.042576319849888	0.0	0.8898649060686085	0.0	0.0	0.0
19420	0.0	0.836726145238653	0.0	0.0	0.0	0.4445460441459664	0.6303476247354227	0.0	0.0	1.9598169877406104	1.5955412997605618	0.829264343057956	0.0	0.5664766564346952	0.9186834294560606	0.0	0.0	3.183504523940935	2.481837105147204	0.0	0.0	0.0	0.0	0.0
19421	0.0	1.4870829890515629	0.0	0.0	0.0	0.0	0.0	0.0	0.0	0.6139903313441727	0.0	0.0	0.0	0.9344858955002416	0.0	0.0	0.0	0.80068365033795	0.96795304977874	0.0	0.0	0.0	0.0	0.0
19422	0.0	1.3610769836991423	0.0	0.0	0.0	0.0	0.0	0.0	0.0	2.1973755690928676	1.1388819755334665	0.0	0.0	0.0	1.0546221197905663	0.0	0.0	1.195799604218954	1.9161245932410236	0.0	0.0	0.7415862261247772	0.0	0.0
19423	0.0	0.0	0.0	0.0	0.0	0.0	0.0	0.0	0.0	0.5471587667664501	1.9819333356573294	0.0	0.0	0.0	0.0	0.0	0.0	1.118385385418675	1.3269164288932742	0.0	0.0	0.32896080480183276	0.0	0.0
19424	0.0	0.9878191578952368	1.066863591903476	0.0	0.0	0.0	0.9482361612962147	0.0	0.0	7.982434154298643	1.9378373488059262	0.037164671763608305	0.0	0.0	2.014391650632767	0.0	0.0	3.150247506945133	2.401258574179505	0.952906469009964	0.0	0.5049792341702927	1.0656825313124347	0.0
19425	0.0	1.9282734413533824	1.6184513135639917	0.0	0.0	0.0	0.0	0.0	0.0	3.413203048458569	1.1371405448410363	0.0	0.0	0.0	2.371232069253819	0.0	0.0	3.173765001908702	0.8197897670159581	0.32092460811962026	0.0	0.44612039454563784	0.0	0.0
19426	0.0	1.750573415267891	0.0	0.0	0.0	0.0	0.0	0.0	0.0	3.2567637842383723	2.2194420258211105	0.0	0.0	0.0	1.0756337988136255	0.0	0.0	3.2069846608766444	0.778848432990816	0.0	0.0	0.0	0.0	0.0
19427	0.0	2.010071992283302	0.0	0.0	0.0	0.0	0.0	0.0	0.0	3.0788305385660806	2.2986104554799334	0.984847548012382	0.0	0.0	0.965670485922991	0.0	0.0	4.038378444674604	2.0887862842095317	0.0	0.0	0.0	2.0059267930262035	0.0
19428	0.0	1.4531637711949268	1.3258632544230966	0.0	0.0	0.0	0.0	0.0	0.0	3.0899341921175973	2.3946989973162456	0.0	0.0	0.0	0.0	0.0	0.0	3.1608086166535156	2.0883230257378087	0.0	0.0	0.0	0.0	0.0
19429	0.0	1.1525107282505613	0.0	0.0	0.0	0.0	0.0	0.0	0.0	4.0152899962914494	0.0	0.0	0.0	0.934485895500242	1.0251336388350953	0.0	0.0	1.1664236870396087	1.082162408773928	0.6232995531037269	0.0	0.0	0.0	0.0
19430	0.0	0.0	0.0	0.0	0.0	0.0	0.0	0.0	0.0	2.050546095428869	1.113980608282086	0.0	0.0	0.0	0.0	0.0	0.0	1.2736980233413755	1.0450824380506551	0.0	0.6931901888727567	0.0	0.825228905686409	0.0
19431	0.0	0.0	0.0	0.0	0.0	0.0	0.0	0.0	0.0	2.1981579070642954	1.0936547333636444	0.4736113577666169	0.0	0.0	1.8729232904572646	0.0	0.0	1.1255164969650135	0.9676538858194921	0.0	0.7061969272166845	0.0	0.0	0.9818609434576735
19432	0.0	0.9789034544141078	0.0	0.0	0.0	0.0	0.0	0.0	0.0	1.2436569457355586	2.172483597017497	0.0	0.0	0.0	2.1167653704081206	0.0	0.0	2.1177134769691577	0.7067081245537278	0.0	0.0	0.0	0.0	0.0
19433	0.0	1.2497776361821265	0.6215846488696648	0.0	0.0	0.0	0.0	0.0	0.0	4.406248146915524	1.3062352105875827	0.9926005593623354	0.0	0.0	1.0448456630397458	0.42700306395445037	0.0	2.439644600146702	0.8947427031920653	0.0	0.0	0.871096035986954	0.0	0.42162835844172947
19434	0.0	0.7719695719814205	0.0	0.0	0.623418532501775	0.0	0.6051629716218783	0.0	0.0	1.273499599495304	0.9254869097640593	0.0	0.9244376068123197	0.8797733346608795	1.6751591632505318	0.0	0.0	1.467290925176473	1.0006362420424761	0.0	0.0	2.089744694667004	0.0	0.0
19435	0.8213876311483918	0.0	0.0	0.0	0.0	0.5295260193915121	0.8964263756235535	0.0	0.0	1.0912624589932671	1.1979558238347554	0.0	0.0	0.0	0.0	0.0	0.0	1.1303737119496362	0.7297800183421493	0.7083278866892994	0.0	1.0148672924583662	0.0	0.0
19436	0.0	0.9379637687881069	0.0	0.0	0.0	0.8891884267067367	0.0	0.0	0.0	2.0105780258956973	2.8030285513009465	0.0	0.0	0.0	1.8890141344683042	0.0	0.0	1.353688396643156	2.0110408635397405	0.0	0.0	0.0	0.0	0.0
19437	0.0	0.0	0.0	0.0	0.0	0.0	0.0	0.0	0.0	1.5269871243214606	2.977004015298982	0.0	0.0	0.0	0.0	0.0	0.0	5.902737675984202	4.028641333168305	0.0	0.0	0.0	0.0	0.0
19438	0.0	0.8736542035865569	0.0	0.8052611091028196	0.5505407975121276	0.0	0.0	0.0	0.0	2.07120436255779	1.1613805711931269	0.8492296974842046	0.0	2.5899133852498935	1.1407028265397023	1.047326428575623	0.0	2.358779507570912	0.9564075105207998	0.4979050445987495	0.0	0.8986829205029903	0.0	0.0
19439	0.42112458816799175	1.2606729055441193	0.0	0.0	0.0	0.0	0.0	0.0	0.0	2.0118132840565366	1.220206085761301	0.0	0.0	0.0	0.5043946098361062	0.0	0.0	2.2084554493571	1.937504260623025	0.0	0.0	1.040626982576745	0.0	0.0
19440	0.0	1.3981074763948145	1.4856014695264443	0.0	0.0	0.0	0.0	0.0	0.0	2.072348695719733	0.9113290483848759	0.0	0.13968438087034318	0.0	0.0	1.63418279054878	0.0	1.3327001632421784	2.4484788627814384	0.0	0.7083290928701349	0.6592681666597698	1.412368811381002	0.0
19441	0.0	0.7785303261792657	0.0	0.0	0.0	0.0	0.0	0.0	0.0	0.8698112551090429	3.1031420013255238	0.0	0.0	0.0	0.5392974772229652	0.0	0.0	2.017496403363703	1.0456570610521154	0.0	0.0	0.0	1.915781843598726	0.0
19442	0.0	2.0705250585679478	1.9854240480342096	0.0	0.0	0.0	0.0	0.0	0.0	2.0532035108112834	1.9693556570648312	0.0	0.0	0.0	0.0	0.0	0.0	4.400424917465751	2.2012683152569887	0.3134002323538118	0.0	0.0	1.3275256892558316	0.0
19443	0.0	1.933523210395541	0.0	0.0	0.0	0.0	0.0	0.0	0.0	3.359462591749768	1.8382617543076487	0.0	0.0	0.0	0.0	0.0	0.0	1.7929135908080633	2.123031387080471	0.8015675629312038	0.0	0.0	0.0	0.0
19444	0.0	1.4337550478150087	0.0	0.0	0.0	0.0	0.0	0.0	0.0	3.4658790637117383	1.745900516811362	0.956721443580589	0.0	1.1663614253409247	0.9647637096331413	3.972470423049459	0.0	2.541665892221981	0.7284575009169835	0.0	0.0	2.205467195837707	0.0	0.0
19445	0.0	1.2295280525546997	0.0	0.0	0.0	0.0	1.0087310173213286	0.0	0.0	2.1116817345310612	2.4652612696117	0.0	0.8771816196503183	0.0	0.9178061872088854	0.0	0.0	3.1286257704892755	1.196587741129844	0.0	0.0	1.1366017618391695	1.3776415337507948	0.0
19446	0.0	1.3116050555394176	0.5790947406962417	0.0	0.0	0.0	0.95920557393494	0.0	0.11903320870928441	3.1864838684311843	1.0897702313768354	0.0	0.0	0.0	1.024549929481814	0.0	0.0	2.4068335329561616	1.368956699332928	1.073935549626199	0.0	0.14644827716664288	0.9113621696156778	0.0
19447	0.0	1.706394336432386	0.9245036403918954	0.0	1.4639661965855355	0.0	2.089720297985369	0.0	0.0	3.5872446460300167	1.986596858556295	0.0	0.0	0.0	0.0	0.0	0.0	2.1067493134227493	0.8763994680759142	0.0	0.0	0.0	0.0	0.0
19448	0.0	0.9100728486531773	0.0	0.6513275434326065	0.0	0.0	0.0	0.0	0.0	2.2082374145075496	2.136886860636926	0.0	0.0	0.0	0.0	0.0	0.0	7.3680027568528415	2.0930797421785066	0.0	0.12647438362686217	1.029625645612056	0.0	0.0
19449	0.8880043851000423	0.7061240054771619	0.0	0.0	0.0	0.0	0.0	0.0	0.9840706589104234	1.0181137399499447	2.0813991020998888	1.6373250542678852	1.7314804911860904	0.0	0.4976147747098334	0.0	1.1308796969124915	1.8290701234298397	1.057987179123575	0.0	0.0	0.0	0.0	1.0662614971229682
19450	0.0	0.8523227047636098	0.0	0.0	0.0	0.0	0.0	0.0	0.0	1.3930664196970464	0.9461116597565389	0.0	0.0	0.0	0.0	0.0	0.0	2.19297857649262	1.0283355337535258	0.9955213217052298	0.0	0.0	1.977493810567642	0.19374369949433196
19451	0.0	1.8649315557093866	0.7505037426491445	0.0	0.0	0.0	0.0	0.0	0.0	1.3449136199362637	1.8016497789214203	0.0	0.0	0.0	2.7621812115916686	0.0	0.0	3.395611838448878	2.233638077153587	0.0	0.0	0.0	0.0	0.0
19452	0.0	1.1535450024259846	0.0	0.0	0.0	0.0	0.0	0.0	0.0	2.994261551573711	2.1057851442366466	0.0	0.0	0.0	0.0	0.0	0.0	2.3659638575303137	1.9583719482608788	0.0	0.0	0.0	0.7979442537837677	0.8006497888772371
19453	0.0	1.1247847967083306	0.0	0.0	0.0	0.0	0.0	0.0	0.0	1.9266899191236206	2.9157515548589386	0.0	0.0	0.0	1.0540699431735576	0.0	0.0	4.9098172127339845	1.09521327167527	0.21794494717703372	0.0	0.0	0.9301536072447111	0.0
19454	0.0	0.0	0.5967350039427515	0.0	0.0	0.0	0.4732137007708275	0.0	0.0	0.5799918383429018	1.6429216728937168	0.0	0.0	0.0	0.4568809849129202	0.0	0.0	0.6141901079502371	0.0	0.0	0.0	0.0	0.0	0.0
19455	0.0	0.0	0.0	0.0	0.0	0.0	0.0	0.0	0.0	2.4554675700677295	0.0	0.0	0.0	0.0	1.780759218721534	0.0	0.0	1.243526626604505	2.1834177075865417	0.0	0.0	0.0	0.0	0.0
19456	0.0	1.4971876688533492	0.7860749532961514	0.0	0.0	0.0	0.0	0.0	0.0	3.266279951724318	0.867504970492587	0.0	0.0	0.0	0.9597022801280676	0.0	0.0	2.8674284012545934	2.3151170566241563	0.0	0.0	0.0	0.0	0.0
19457	0.7253550216613404	0.0	1.0382912718272548	0.0	0.0	0.0	1.779460363684791	0.0	0.0	2.667957589957124	1.7856810699160606	0.0	0.0	0.0	0.0	0.0	0.0	3.042813684712644	1.0312335943476865	0.0	0.0	0.0	1.3611848899442147	0.0
19458	0.0	2.155612277868547	0.0	0.0	0.0	0.0	0.0	0.0	0.0	4.141112273695443	1.8113632504460506	1.093605942372254	0.0	0.0	0.0	0.0	0.0	3.393110737348134	2.7881880862742245	0.5896042198752267	0.0	1.0136834111312938	0.8311828487429316	0.0
19459	0.0	2.326567852664255	0.0	0.0	0.0	0.0	0.0	0.0	0.0	4.304377777882574	1.6287083865370557	0.0	0.0	0.0	0.0	0.0	0.0	1.4197215225638335	2.0796093591117515	0.0	0.0	0.0	0.8851906035163604	0.0
19460	0.0	0.9587968297556662	0.0	0.0	0.0	0.0	0.0	0.0	0.0	3.7431367430661098	2.198557935355888	0.0	0.0	0.0	0.0	0.0	0.0	3.0343911222962587	1.2497131595120117	0.0	0.0	0.0	0.0	0.0
19461	0.0	1.2249253497959856	0.0	0.0	0.0	0.0	0.0	0.0	0.0	3.110123900889448	1.7655333197464056	0.0	0.0	0.0	0.0	0.0	0.0	1.8479302411469347	0.9918055731461117	0.0	0.0	0.0	0.0	0.0
19462	0.0	1.8122182672018086	0.0	0.0	0.0	0.0	0.0	0.0	0.0	1.5641030607290007	2.3867610325689887	0.0	0.0	0.0	0.9171664045331064	0.0	0.0	4.396619164390097	1.9826420519026724	0.0	0.0	0.0	0.0	0.0
19463	0.0	1.2853607636285875	0.6848199528592629	0.0	0.0	0.0	0.0	0.0	0.0	2.1213347857981044	2.5552603427744365	0.0	0.0	0.6664664735668129	0.9660925364914829	0.0	0.0	4.538372515335011	2.181977279712433	0.0	0.0	0.0	0.9318365773235426	1.3193364796803828
19464	0.0	2.596577005235336	0.0	0.0	0.8504974608809709	0.0	0.0	0.0	0.0	4.356564904123527	0.0	0.19142620230706459	0.9425631522844207	0.7569438479303915	1.4602484455741471	1.2731350806774735	0.9985426518499937	0.886757591118385	2.0576474004039214	1.1036210127956525	0.0	2.9123692560867767	0.0	0.0
19465	0.0	1.379567797247799	0.0	0.0	0.0	0.0	0.0	0.0	0.0	7.060375717573716	1.0540672681906311	0.0	0.0	0.0	0.0	0.0	0.0	5.2944272040996925	0.92482734929434	0.0	0.0	0.0	1.0410085286932143	0.0
19466	0.0	1.9494415704330428	0.7450964343378045	0.0	0.0	0.0	0.0	0.0	0.0	3.3363209974774968	0.9623717234655434	0.0	1.0124029313635179	1.7431907273759553	1.3520901552932172	0.8891892002523852	0.0	2.1421871685583165	1.2850876922319694	0.0	0.0	1.1491445817670285	0.0	0.0
19467	0.0	1.8275490456831378	1.3059695281397434	0.0	3.1992460689883115	0.0	0.0	0.0	0.0	2.1232241216750514	1.5762922150256484	1.213288249706487	0.5878596466899271	1.9939215806909545	0.9741417820329094	1.6883995212499427	0.0	3.118506262743347	1.236338788608059	0.0	0.0	0.8174387755560184	0.0	0.0
19468	0.0	1.1504502607540823	0.0	1.8972145817919182	0.0	0.0	0.0	0.0	0.0	1.9579712804917657	1.0423336288561678	0.0	0.0	0.0	0.0	0.5344511066183633	0.0	1.9418796976077555	0.8085647744167014	0.0	0.0	0.0	0.0	0.0
19469	0.0	2.565326024865882	0.0	0.0	0.0	0.0	0.0	0.0	0.0	2.963246088829463	2.05660269555546	0.6148835902825703	0.0	0.0	0.0	0.0	0.0	1.146379879897501	0.9516268930907967	0.0	0.0	0.0	1.4079516963935073	0.0
19470	0.0	1.4809006268709142	0.0	0.331732154338741	0.0	0.5034918072819059	0.0	0.0	0.0	5.6011302034103405	1.1473889771318835	0.8531249745624743	0.0	0.0	0.0	0.0	0.0	0.9556171109751804	5.307641618982536	0.0	0.0	0.0	0.21540659228538014	0.0
19471	0.0	1.1850125426160671	0.0	0.0	0.0	0.0	0.7159545203826384	0.0	0.0	3.0201739978002418	1.2462501748127464	1.855311358945739	0.0	0.0	0.0	0.0	0.0	0.8689062998729579	1.0784317281133327	0.4969599483610519	0.0	1.4126056203062887	0.0	0.0
19472	0.0	1.8284341658591603	0.0	0.0	0.0	0.0	0.0	0.0	0.0	1.964902686131522	2.129741162036797	0.6367436666645379	0.0	0.23520529247690042	1.5574183360210125	0.47041058495380084	0.0	2.5329351876469213	1.1989103008300175	0.0	0.0	0.0	0.0	0.0
19473	0.0	1.5454840391892146	1.3269181163454151	0.0	0.0	0.0	1.3198751898932306	0.0	0.0	1.893375251016194	2.112692735666672	0.0	0.0	0.0	0.0	0.0	0.0	1.8791788449514675	1.2413395424860505	0.0	0.43180751601964823	0.0	0.8833479710409817	0.0
19474	0.0	1.0078477949814864	1.5229138166868	0.0	0.0	0.0	0.0	0.0	0.0	3.2471291121483254	1.2476696963303577	0.0	0.6753471329620051	0.0	0.0	0.0	0.0	1.1903964169110044	1.5140894876091815	0.0	0.7603424621328354	0.0	0.0	0.0
19475	0.0	0.8526031453521561	0.0	0.0	0.0	0.0	0.0	0.0	0.0	5.279924836017712	1.2359502572954892	0.0	0.0	0.0	0.0	0.0	0.0	2.875801126336403	1.052054794520548	0.0	0.15114442085754487	0.780038924001547	0.0	0.0
19476	0.0	0.8564578407797975	0.0	0.0	0.0	0.0	0.0	0.0	0.0	2.186311692882863	1.5413757599620015	0.0	0.0	0.0	0.0	0.0	0.0	3.2714281194938537	1.2615220128104438	0.0	0.0	0.0	0.0	0.17119824621231616
19477	0.0	1.2451966749395929	0.0	0.0	0.0	0.0	0.0	0.0	0.0	1.8696282933085058	0.9116293142591032	0.0	0.0	0.0	0.0	0.0	0.0	0.919757475773211	1.3281236732903403	0.0	0.0	0.0	0.0	0.8788358856978621
19478	0.0	1.7902026229351784	0.8789630350966314	0.3413879470995634	0.0	0.0	1.1225694688111523	0.0	0.0	2.2756805047971356	3.4601827884108465	0.0	1.9488069906940364	0.0	0.8715480640119281	0.0	0.0	2.028147732072723	1.1696993148608583	0.0	0.0	0.0	2.2652410972194414	0.0
19479	0.0	1.0306234556463028	0.9757080522974135	0.0	0.0	0.0	0.0	0.0	0.0	3.3972006954194844	2.396427184021458	0.0	0.0	0.0	0.9406222585055911	0.0	0.0	3.184140655605157	2.161438090257102	0.0	0.0	0.0	0.8820799205755558	0.0
19480	0.0	0.0	1.7293408987458316	0.9326063998504206	0.0	0.0	0.0	0.0	0.0	2.0118838515739994	1.090556066640088	0.0	0.0	0.7132007262550689	0.0	0.0	0.0	1.420665126940472	1.0473848860545862	0.0	0.0	0.0	0.0	0.0
19481	0.0	0.9749960430435692	0.0	0.0	0.0	0.0	0.0	0.0	0.0	0.7508659147465454	1.3448396744593758	0.0	0.0	0.0	0.0	0.0	0.0	1.1048023512348795	0.44612313184302843	0.0	0.0	0.0	0.9606453592105878	0.0
19482	0.0	0.912621743256204	0.6047554908802827	0.0	0.0	0.0	0.31320502133304995	0.0	0.0	0.7708957708701666	0.6531407182100452	0.0	0.0	0.0	0.0	0.0	0.0	0.38616557064172957	0.8735475942666409	0.0	0.0	0.0	0.0	0.44418725994992647
19483	0.0	1.3235964080665565	0.0	0.0	0.0	0.0	0.0	0.0	0.0	3.0608350065790875	1.9953650636913487	0.0	0.0	0.0	1.69149169095606	0.0	0.0	5.9152332004379575	1.30662921018967	0.0	0.0	0.0	0.0	0.0
19484	0.0	2.0110512693054994	0.0	0.0	0.9503858835200168	0.0	0.0	0.0	0.0	1.8357488736288783	2.3638444570523403	0.0	0.0	0.0	1.5424621951632413	0.0	0.0	2.982110315743761	2.382326262335244	0.41067731981335504	0.0	1.3909441576879147	0.0	0.0
19485	0.0	1.3489167257803	0.0	0.0	0.06696427363656983	0.0	0.0	0.0	0.0	0.940015191895017	1.4370710773616933	0.5640711696164772	0.0	0.0	0.0	0.0	0.0	3.554864658241449	1.051882959718671	0.0	0.0	0.3243243243243243	0.7611546383031751	0.0
19486	0.0	2.2564555663327552	1.0196386249667122	0.0	0.0	0.0	2.2376426425182427	0.0	0.0	2.1499090000717627	2.0864071234287374	0.0	0.0	0.9232802716756748	0.9813247498504222	0.0	0.0	2.580171302572231	2.4167046809111676	0.0	0.0	0.0	0.0	0.0
19487	0.0	1.235566725581349	0.0	0.0	0.0	0.0	0.0	0.0	0.0	2.640350472434285	1.487090718503819	0.9987799293916483	0.0	0.0	0.2349533869526945	0.0	0.0	2.204912675481965	2.33259051537056	0.0	0.0	1.637606738476603	0.845538196801101	0.0
19488	0.0	1.0061662692599809	0.0	0.451562863719584	0.0	0.0	0.0	0.0	0.0	4.700855032098359	1.3325569119311858	0.0	0.0	0.0	0.0	0.0	0.0	1.2265482266772878	2.141727645894661	0.0	0.0	0.0	1.025414777896862	0.6907156064030141
19489	0.479419452813521	0.0	1.930250063143905	0.0	1.0436961520884038	2.5772643166785767	0.0	0.0	1.5443285205009487	0.9146461812853055	0.0	0.0	2.4727802185846603	2.757040431963911	1.4672613988532521	0.8610577263826538	0.0	2.313272725482537	2.2251708832207937	0.0	0.87206718491062	4.038062432110076	0.0	0.695618034042455
19490	0.0	1.1546812004365874	0.934355258059743	0.0	0.0	0.0	0.0	0.0	0.0	4.050345973077053	1.2453425594634917	0.0	0.9902670446018469	0.0	2.7740230700294393	0.0	0.0	4.339296395125897	1.0546343323158731	0.0	0.8818084798889118	0.6853041956303064	0.0	0.0
19491	0.0	0.8884951256846529	0.0	0.5819444406862012	0.0	0.0	0.5475615336717569	0.0	0.0	2.655062093683007	1.7962979035553797	0.0	0.0	0.0	1.3786901943908225	0.0	0.0	4.128855581864999	0.855337507741999	0.0	0.0	0.0	0.0	0.0
19492	0.0	1.8951020762326818	0.8813170462627065	0.0	0.0	0.0	0.0	0.0	0.0	4.217000269704534	1.897316336544879	0.0	0.0	0.0	0.0	0.0	0.0	4.473074427261154	3.2860962291019318	0.0	0.0	1.0421048985960595	0.0	0.0
19493	0.0	2.4491958481218825	1.157678059054128	0.0	0.5670382514718947	0.0	0.0	0.0	0.0	1.9404131133359466	2.0625620516842686	0.9802557187793125	0.0	0.0	1.2462725884072672	0.0	0.0	3.160418866556237	2.1129474675315154	0.0	0.0	0.24112552827925876	1.317023392006217	0.0
19494	0.0	1.0998956457721858	1.1587332988328674	0.0	0.0	0.0	0.730838620542596	0.0	0.0	2.236554273803283	1.2190879402695265	0.0	0.5193766129849346	0.9045994547045054	1.3082522216424959	0.0	0.0	5.486412592987869	2.2991194865041575	0.0	0.0	0.3386475679644487	0.0	0.0
19495	0.0	2.3059890598226027	0.0	0.8684835892022207	0.0	0.0	0.0	0.0	0.0	1.8708206248620871	1.944892462254589	0.970966454333112	0.0	0.0	0.0	0.0	0.0	5.218079946083774	3.4061812832466463	1.6271793587083223	0.0	1.625441707926487	0.0	0.48134758930538313
19496	0.0	0.7299808027053445	0.9090593428863095	0.0	0.0	0.0	0.0	0.0	0.0	2.3058101502585986	2.0391949323745937	0.0	0.0	0.0	0.9405136746598755	0.0	0.0	2.146979924759827	2.2018963800842988	0.8036267617633339	0.0	0.0	0.0	0.0
19497	0.0	1.3302633542708664	1.0738662354549706	0.0	0.0	0.0	0.0	0.0	0.0	5.552266550291521	1.2853373913517987	0.0	0.0	0.0	1.435944008725621	0.0	0.0	4.823469837728506	1.1131836182964134	0.4539529788809029	0.0	0.0	0.852494527943032	0.0
19498	0.0	0.7445950367196138	1.2788063985563498	0.0	0.0	0.0	1.6333788384300783	0.0	0.0	5.1220156004998065	2.405695004456919	0.8935094618851029	0.0	0.0	0.0	0.0	0.0	2.360677388286887	0.9495659455818843	0.0	0.0	0.0	0.6659103797905723	0.0
19499	0.0	1.8399378452700965	1.7026123718829511	0.0	0.0	0.0	0.0	0.0	0.0	2.826923312840616	1.9287890257148974	0.0	0.0	0.0	0.0	1.3306852009609325	1.0870351448868554	3.1906399898408497	1.1026614989052395	0.0	0.0	1.515848135529545	0.0	0.5290711338101316
19500	0.0	1.2172404455874817	0.0	0.0	0.0	0.0	0.06441510347391792	0.0	0.0	1.1378753208475945	0.9801958629937475	0.0	0.0	0.0	0.6682792995613602	0.0	0.0	1.1660597286840524	1.1568926248536513	0.0	0.0	0.0	0.0	0.0
19501	0.0	2.0305319083273594	0.0	0.4999754919981226	0.0	0.0	0.0	0.0	0.0	3.0999018517378176	0.8562151059066697	0.0	0.0	0.0	0.0	0.0	0.0	2.1467881291809143	0.8431043289538472	0.0	0.0	0.0	0.0	0.0
19502	0.0	1.747463708366018	0.0	0.0	0.0	0.0	0.0	0.0	0.0	3.179685409840973	2.083822642860944	0.0	0.861285397934714	0.0	0.0	0.0	0.0	3.008156665008172	1.2675165637101093	0.0	0.0	3.9270543960782387	0.0	0.0
19503	0.0	0.5665556697480673	0.6995682926078378	0.0	0.0	0.0	0.0	0.0	0.0	4.418218935311134	1.9768986617232298	0.0	0.8221083951795289	0.7781253794687992	0.0	0.0	0.0	3.149324612486694	0.8704839906998553	0.49779312090805833	0.0	1.8142153516297346	0.0	0.0
19504	0.0	1.0743174624648768	0.0	1.0799965480776543	0.0	0.0	0.821522957208926	0.0	0.0	2.0276606476925507	0.8576776534442326	0.0	0.0	0.0	0.0	0.0	0.0	6.0013940971721045	1.701793949621486	0.0	1.6157266117264955	0.0	0.0	0.45748788808439633
19505	0.0	0.0	0.0	0.0	0.0	0.0	0.0	0.0	0.0	2.9780398517744198	2.6523333691582285	0.5399539848919589	0.0	0.8383381957936213	1.5675437773736312	0.0	0.0	2.425534157222742	1.1235430591101299	0.0	0.0	0.0	0.9212466842923032	0.0
19506	0.0	0.9251093650893513	0.0	0.0	0.0	0.0	0.49776156074946865	0.0	0.0	1.1507558574778058	1.7822785399362004	0.0	0.0	0.0	0.0	0.0	0.0	1.2180071707122484	1.9454392214189447	0.0	0.0	0.0	1.5105193160714379	0.0
19507	0.0	0.0	0.0	0.0	0.7521395815783737	0.0	0.0	0.0	0.0	1.1300520555378246	1.0296121719272386	0.0	0.0	0.0	0.0	0.7145157300767979	0.0	1.232528352976911	1.8997673494405283	0.0	0.0	0.0	0.0	0.0
19508	0.0	0.7091068527782144	0.0	0.9081581428222242	0.0	0.0	0.0	0.0	0.0	2.1458653946627266	1.6918153904144564	0.8741115419865887	0.0	0.0	0.0	0.0	0.0	1.0166120518049933	1.178318819324253	0.0	0.9601746696045391	0.0	0.0	0.0
19509	0.0	0.9478257364839137	1.2195411014631021	0.0	0.0	0.0	0.0	0.0	0.0	3.075915958916564	1.9751256136485535	0.0	0.0	0.0	0.0	0.0	0.0	4.102928349963828	1.0682815457711035	0.0	0.0	0.0	0.0	0.0
19510	0.0	1.6477040572707964	0.0	0.0	0.0	0.0	1.4386517514076884	0.0	0.0	3.3872809526176635	2.2666569636179275	0.0	0.0	0.0	0.4962612155781726	0.0	0.0	3.2128326478874816	2.2104479160988664	0.0	0.0	0.0	0.0	0.0
19511	0.0	1.1108094333706013	0.0	0.0	0.0	0.0	0.0	0.0	0.0	2.928951588684699	1.4273211592695418	0.0	0.0	0.0	0.0	0.0	0.0	2.894958716808	1.1334053265462583	0.9747474334515204	0.0	0.0	0.0	0.0
19512	0.0	0.0	0.0	0.0	0.0	0.0	0.0	0.0	0.0	3.609221409374131	2.4598467083392594	0.0	0.0	0.0	1.6357637398220297	0.0	0.0	1.2715531825938315	1.09036903068352	0.0	0.0	0.0	0.0	0.0
19513	0.0	1.2230914805047566	1.492305453002917	2.3030325773558977	0.0	0.6328453566480007	0.0	0.0	0.0	2.3141365329858408	1.260582187457623	0.0	0.0	0.0	0.0	0.0	0.0	0.7665392223923276	0.0	0.0	0.0	0.0	0.0	0.0
19514	0.0	1.3491088912110574	1.2470521490409663	0.0	0.9614726391322316	0.0	0.0	0.0	0.0	2.128820964342669	1.1875766438314006	0.0	0.8110087563797984	2.537152783230305	2.7994581759598747	1.0471109289886522	0.0	2.1574347595932144	3.726800140762188	0.0	0.9129089488304098	1.2092806161995258	0.0	0.0
19515	0.0	1.1013899099308113	1.0134588207318471	0.0	1.091793025827706	1.2468930840794192	0.0	0.0	0.0	3.290903034048874	2.561758428286374	1.1428729793995152	1.1170147944639461	2.0715278120120897	0.9685137189152861	2.1092853417666886	0.0	3.164281444116739	3.354433721104934	0.6527769960988127	0.0	1.963685012587046	0.0	1.4438981919771956
19516	3.179050770316886	1.3714413130303431	2.140898635801005	0.0	1.2008988585941989	1.2420541329612502	1.75420248989076	0.0	2.267673355989553	3.0882952673294883	1.9477438469711428	1.5014958984797055	2.241976839019561	2.111725235107204	1.029867558338388	2.4883491478250157	2.9068188005267146	1.8570252432829988	2.6106806266099225	0.0	0.0	3.8253086772831724	0.35572362627080484	1.1265080013055655
19517	0.0	0.0	0.46966216879873834	0.0	0.3752684989190962	0.0	0.0	0.0	0.0	1.0930434724801323	1.3927079276739667	0.0	0.7917133720710496	0.0	0.948286357389292	0.0	0.0	2.13968896988952	1.4116887368096225	0.0	0.0	0.0	0.0	1.1558235191179445
19518	0.0	1.8711575227149821	0.0	0.0	0.0	0.0	0.0	0.0	0.0	5.191205194879813	2.3507658504398568	0.6037010113029061	0.0	0.0	1.046621123482516	0.0	0.0	4.734889202339103	2.2327075825048435	0.0	0.0	0.0	0.0	0.0
19519	0.0	1.331708193268383	0.7667812691630053	0.0	0.0	0.0	2.36015199940967	0.0	0.0	1.8676246199803355	0.7132955693068755	0.0	0.0	0.0	0.0	0.0	0.0	3.198791376464221	1.0676076732148982	0.0	0.0	0.0	0.0	0.9000000000000002
19520	0.0	0.7356698386474592	0.4640062574980091	0.0	0.0	0.0	0.0	0.0	0.0	1.0136997157644663	0.5527707983925666	0.8164377194792893	0.0	0.0	0.9930554715373019	0.0	0.0	1.8508816753547366	1.279692689158146	0.0	0.0	0.0	0.7829031433041148	0.0
19521	0.0	0.5673068139123748	0.0	0.0	0.0	0.0	0.7020565356486722	0.0	0.0	2.29599743442112	1.1025116520040366	0.0	0.0	0.0	0.0	0.32132287970376505	0.0	0.46057208438393793	0.8399180574874135	1.4361206801300346	0.0	0.0	0.0	0.0
19522	0.0	1.507802440229161	0.0	0.0	0.0	0.0	0.0	0.0	0.0	3.420045424730238	2.8819460899920024	0.0	0.19790945529497744	0.3377747574538615	0.0	0.0	0.0	2.321374813995174	1.3431467191215856	0.0	0.0	0.0	0.0	0.0
19523	0.0	1.0204925078988507	2.2217419841967896	0.48768626933897974	0.7934591203694878	0.0	0.0	0.0	0.0	1.777232654339471	2.8281101225140786	1.7409065352155517	0.0	0.0	1.0388078479423712	0.0	0.0	3.8992039299454135	1.1724255249568085	0.0	0.0	0.5769905129925614	1.084648112859667	0.0
19524	0.0	0.0	1.046409341031918	0.0	0.0	0.0	0.0	0.0	0.0	3.60917526834563	1.136816881929311	0.0	0.0	0.0	0.9156506986240703	0.0	0.0	2.276766966571064	0.8270599522133246	0.0	0.0	0.0	0.0	0.49641728957663184
19525	0.0	0.0	0.0	0.0	0.0	0.0	0.0	0.0	0.0	1.1507134826927077	3.8949001159953056	0.45808755339335216	0.0	0.0	1.0657403385139377	0.0	0.0	2.120777562454214	1.0078657937020705	0.0	0.0	0.8207898559645587	0.0	0.41758232721225164
19526	0.0	0.0	2.3571508075506227	0.0	0.0	0.0	0.7246267057914719	0.0	0.0	3.000256886985683	2.423414332808909	0.0	0.8920480395363323	0.0	1.657405884950006	0.0	0.0	1.3543450760952307	1.7854524847605364	0.0	0.0	0.0	0.0	0.0
19527	0.0	1.719775528134361	0.0	0.0	0.0	0.282487352309247	0.0	0.0	0.0	3.850193324979822	2.550194483960325	0.0	0.0	0.0	1.4447168447458745	0.0	0.0	3.347349456527984	1.8369007943779292	0.4408958614263994	0.0	1.0974966819731844	0.0	0.0
19528	0.0	1.249784833552366	0.9401366016716803	0.0	0.0	0.0	0.0	0.0	0.0	4.221972496730314	0.9635863779692885	0.0	0.0	0.0	0.0	0.5270248881316589	0.0	2.1106785258724794	1.2629796462340865	0.0	0.0	0.0	0.0	0.0
19529	4.1540770401851095	1.3359130230671867	2.333669770579618	0.0	0.6443977374543791	0.0	0.8752782618313825	0.0	2.66634448620014	3.275658691837572	1.6987452403295868	0.0	1.1074899757940042	1.7640334749096966	0.0	0.0	1.9394279102826524	2.9915597142937265	2.3902707746459626	1.1063562199339108	1.0474008892215756	0.0	1.971143990623787	1.3879760606960865
19530	0.0	1.0909090909090908	1.8470022634178456	0.0	0.0	0.0	0.0	0.0	0.0	2.2948713527546123	3.2940108207465144	0.0	0.9122341461478547	0.32988720347362543	0.0	0.0	0.0	4.436479552557771	2.264290794121166	0.0	0.0	0.44410601622017026	0.0	0.0
19531	0.0	1.3411545559157976	0.0	0.0	0.0	0.0	0.0	0.0	0.0	4.099817189898486	2.123089554734437	0.0	0.0	0.0	0.0	0.0	0.0	3.090938368845293	1.6510791116007346	0.0	0.0	0.0	0.0	0.0
19532	0.0	1.387086305441164	1.2309226845506223	0.0	0.0	0.0	0.7337522567452756	0.0	0.0	4.044196361583896	3.01199929845982	0.0	2.0099932486814454	0.0	0.9793471832664417	0.0	0.0	4.061184274695056	2.0693742127108234	0.0	0.0	0.5355810776650449	0.9284151397318116	0.7853356621341228
19533	0.0	1.9413316609275908	0.0	0.0	0.0	0.0	0.0	0.0	0.0	1.4914963112654671	3.11734177259236	0.0	0.0	0.0	0.8946296187927081	0.0	0.0	3.3640135606831376	2.28698937610523	0.0	0.0	0.0	0.43442249166279595	0.0
19534	0.0	0.0	1.077073021451973	0.0	0.0	0.0	0.0	0.0	0.0	3.3704569293116293	1.2766318014504867	0.0	0.0	0.0	0.0	0.0	0.0	2.81996917948943	1.1245923480847269	0.0	0.4927861804570559	0.0	0.0	0.6160079134208308
19535	0.0	2.1435184164858625	2.062878708646582	0.6412015718807252	0.0	0.0	0.0	0.0	0.0	2.0917708647872715	2.604462425377044	0.0	0.0	0.0	1.3225464006816139	0.0	0.0	2.6992833489784953	1.256541114761527	0.0	0.0	0.0	3.1916975274257995	0.0
19536	0.0	1.1442846172905632	1.2766873366472917	0.0	0.0	0.0	0.887818311491989	0.0	0.0	3.8994276502352703	2.072311104871769	0.0	0.0	0.0	0.0	0.0	0.0	1.9342940272210196	2.1140169804364106	0.0	0.0	0.12449912047907007	0.7702998464172075	0.0
19537	0.0	0.9533321091516357	0.0	0.0	0.0	0.0	0.0	0.0	0.0	1.9717702888099433	2.9999234684115748	0.0	0.0	0.0	0.8333333333333334	0.0	0.0	1.2262581009052131	0.9616113172141082	0.0	0.0	0.0	0.0	0.0
19538	0.0	0.0	0.5849871610331417	0.0	0.46744387983301594	0.0	1.5304576675841128	0.0	0.0	2.2212729307587518	1.1067012740605773	0.0	0.9030601812385298	0.0	1.6795104202509976	0.0	0.0	1.1906572841125167	1.1591504935602017	0.0	1.2925059823357314	0.0	2.309685777738489	0.0
19539	0.0	2.0291914436987804	0.9212010066256571	0.0	0.0	0.0	0.0	0.0	0.0	2.6455522414212878	0.9035425940062327	0.6689637617212639	0.0	0.0	1.0366445412930059	0.7744985890713487	0.0	3.1380058842396177	0.9948320534604991	0.0	0.0	0.0	1.1265280021447628	0.0
19540	0.0	0.7289852807110424	0.9189710186290851	0.0	0.0	0.0	0.0	0.0	0.0	1.013871417056636	0.887840052076543	0.0	0.0	0.0	0.0	0.0	0.0	1.7571836318067051	2.454184435051361	0.9782250110804316	0.0	0.0	0.0	0.0
19541	0.0	2.0232248552513297	0.9019463403632104	0.0	0.0	0.0	0.0	0.0	0.0	2.637960419723826	1.8033289714087204	0.0	1.8694628339937869	0.0	0.0	0.0	0.0	1.2269388515736548	0.9933509859627822	0.998636079129869	0.0	0.0	1.7766766738567967	0.0
19542	0.0	1.916098379719255	1.077706873166947	0.0	0.0	0.0	0.0	0.0	0.0	5.006609523912637	1.5616568503565655	0.0	0.0	0.0	1.3267522551837563	0.0	0.0	4.768693231456322	1.722756624205283	0.7774082700605017	0.0	0.0	0.0	0.0
19543	0.0	1.864885802326634	0.0	0.0	0.0	0.0	0.0	0.0	0.0	2.4849966452641636	2.406844208364477	0.0	0.0	0.0	2.0543562977195067	0.45656852593965563	0.0	3.096038621420604	4.516216376424891	0.0	0.0	0.6922646147046712	0.0	0.0
19544	0.9847447497814964	1.3969177108053028	0.6804818554197868	0.0	5.547262588180067	1.022980395163509	0.9105797908780732	0.0	0.7310874700669469	2.470703269297061	1.135199229501599	0.8009092055629998	0.8500718923845336	1.8632348538784895	0.8375294356352829	1.670994381265904	0.38418745424597095	2.8078679139557514	1.069259543900461	0.9496432078534667	1.0554045537671244	7.498982629445201	1.4990994611218889	1.0742387485512188
19545	0.0	1.320502319613432	0.0	0.0	0.0	0.0	0.0	0.0	0.0	3.7313438129701533	1.2807430531398911	0.0	0.7702059376779518	0.5847660648236761	2.1801841839805123	0.0	0.0	2.7694853525296024	3.5599689253799207	0.0	0.0	0.0	0.0	0.0
19546	0.0	0.9832792526917403	0.0	0.0	0.8442996239100203	0.0	0.9924531914890842	0.0	0.0	1.234769434167997	2.1888329225159966	0.0	0.5779220731023693	1.0873314132891012	1.0013986453597088	2.529545324914996	0.0	0.8627462348568303	1.7711595663685722	0.4997026464203254	0.3341251000861755	1.005972881066979	1.3368803147951092	0.0
19547	0.0	0.9340722943672783	0.8027939222473113	0.0	0.9370623978689999	0.0	0.0	0.0	0.0	1.8759798525499605	2.251015358270398	1.3844310403756324	0.0	0.676974350203413	0.9295286103719455	0.0	0.0	3.5977398626647235	1.940330646255627	1.3945563188300747	0.0	1.1655301091159966	0.0	0.0
19548	0.0	1.1855004946828742	0.0	0.0	0.0	0.0	0.7645382907898739	0.0	0.0	3.178519829931877	1.4396090349652988	0.0	0.0	0.0	1.5526231152755956	0.0	0.0	1.8763931809517884	1.921310544263805	1.3677470247376342	0.0	1.2169055755031493	0.0	0.0
19549	0.0	1.3588160312128326	0.0	0.0	0.0	0.0	1.0666598367177504	0.0	0.0	4.255852445911497	1.1411864129296563	0.0	1.472939344345453	0.0	0.0	0.0	0.0	2.115074075126482	1.1641398909846492	0.0	0.0	0.0	0.0	0.0
19550	0.0	1.3299901628935582	0.0	0.0	0.0	0.0	0.8133357632739106	0.0	0.0	2.675327753508124	1.2082668177534681	0.0	0.0	0.0	1.179592741126947	0.0	0.0	3.021147789548595	2.1558119706481174	0.0	0.0	0.0	0.0	0.0
19551	0.0	0.351235832245368	0.0	0.9221811023617436	0.0	0.0	0.0	0.0	0.0	4.272258197263735	1.7908507295485891	0.0	0.8106105858884319	0.0	0.0	0.0	0.0	3.563609392874917	1.1073021312639988	0.0	0.4343052538087911	0.0	0.8413179684472099	0.0
19552	0.0	0.0	0.0	0.0	0.0	0.0	0.0	0.0	0.0	3.988693269344433	0.3226738932080262	1.8252663428174591	0.0	0.0	1.4487116456005884	0.0	0.0	1.74978552653832	1.693177463480868	0.0	0.0	0.0	0.0	0.0
19553	0.0	1.2429591485726634	0.0	0.0	0.0	0.0	0.0	0.0	0.0	2.99939034673557	1.1070276437748212	0.0	0.0	0.8179323674375812	0.0	0.0	0.0	2.1392891304313957	1.2578228214976876	0.0	0.0	0.0	0.0	0.0
19554	0.0	2.534751938742438	1.21017250151004	0.0	0.0	0.0	0.7536648458874471	0.0	0.0	2.207295013698687	1.9845589214365202	0.0	0.0	0.0	2.0105656818031337	0.0	0.0	1.1756192497734328	1.2105642774657912	1.949981331610163	0.0	0.0	0.0	0.0
19555	0.0	1.0342480573287163	0.8345135952897137	0.1992441795924992	0.0	0.0	0.0	0.0	0.0	2.2419715976912493	1.9088832689461976	0.2627996128896434	0.0	0.0	1.5113556051115098	0.0	0.0	2.863397842554345	1.3562716776288044	0.0	0.0	0.0	1.5682655747541898	0.0
19556	0.0	1.2484180036376542	0.8721642239417481	0.0	0.0	0.0	0.43891484955363974	0.0	0.0	2.296554318038264	1.5050321989471378	0.0	0.0	0.0	0.0	0.0	0.0	2.1857815115712116	1.0095756881204194	0.0	0.0	0.0	0.0	0.0
19557	0.0	1.1823306983147797	0.0	0.0	0.0	0.0	0.0	0.0	0.0	0.7441904624788229	0.7552392615290928	1.5344142307974105	0.42957105103090604	0.0	1.6268266149222868	0.0	0.0	2.386243474755746	0.0	0.0	0.0	0.0	1.194575084340731	1.8338487310022464
19558	0.0	0.0	0.0	0.9978973092360361	0.8337447544066984	0.0	0.7624003454184037	0.0	0.0	2.073715853727027	1.1415565386247228	0.0	0.0	0.0	1.7844925273721135	0.0	0.0	1.0671274214914936	1.0856654227481373	0.0	0.0	0.0	0.0	0.0
19559	0.0	0.9562982044358215	0.0	0.0	0.0	0.0	0.0	0.0	0.0	3.03788907570696	2.3934286234445903	0.0	0.0	0.0	0.0	0.0	0.0	2.096875024406328	1.0379539656757049	0.9957896811591379	0.0	1.3318949149163122	0.0	0.0
19560	0.0	1.3814672089566842	1.5065214945600942	0.0	0.0	0.0	0.0	0.0	0.0	2.1815870447677086	1.173788327332446	0.0	0.7313443687511594	0.0	1.5367380563159119	0.0	0.0	1.8418767562245344	5.3252240366773105	1.2230526240247757	0.0	0.0	0.9342409060537895	0.0
19561	0.6290304378852644	2.6057147520512745	0.0	0.0	0.0	0.0	0.0	0.0	0.0	4.765036638223761	1.1813926247847997	0.0	0.0	0.0	1.9960791001499993	0.0	0.0	2.8497518678435485	0.7321913608590159	2.3818617305704706	0.0	0.0	0.0	0.0
19562	0.0	1.8691974981557242	0.0	0.0	0.0	0.0	0.0	0.0	0.0	3.126585794762782	2.248881573732282	0.0	1.0148684859837471	0.439372250739516	1.1733954184739788	0.0	0.0	2.851161476109547	2.316369629376583	0.0	0.0	0.0	0.0	0.0
19563	0.0	0.7551532362748703	0.48471712403762435	0.0	0.0	0.0	0.7329208091994167	0.0	0.0	3.477638048853167	0.6790951051442586	0.0	0.0	0.0	0.0	0.0	0.0	2.419026118717761	1.9074770795670712	0.4448847260368477	0.0	0.12307692307692308	0.8832728571460464	0.0
19564	0.0	0.9669161530655869	0.0	0.0	0.0	0.0	0.9026762929178535	0.0	0.0	1.8296437827845307	2.372981868814903	0.0	0.0	0.9264720399278239	0.0	0.0	0.0	1.8866831639367023	2.0274717002357594	0.8691745025619864	0.0	0.0	1.1213099796768438	0.6433552644717994
19565	0.0	1.1780061274497404	1.001510216878827	0.21347683098460393	1.4625889661959983	0.0	0.0	0.0	0.0	3.083030730577933	1.8958034657090643	0.0	1.9645770926325303	2.424197573200947	0.0	0.0	0.0	4.057760349187047	2.058163621412305	1.097859206159951	0.0	0.0	0.829184940775702	0.0
19566	0.0	1.0411183857868258	0.0	0.0	0.0	0.0	0.0	0.0	0.0	2.371329109526002	2.015197362087214	0.0	0.9463196422022713	0.0	1.4342989749831767	0.0	0.0	2.1716774442120585	4.110084129538283	0.7598855653779745	0.8132567818375541	0.0	0.0	0.27638539919628335
19567	0.0	1.7009667544210398	0.0	0.0	0.0	0.0	0.0	0.0	0.0	2.2421749180774677	2.150334084036214	0.0	0.0	0.0	0.0	0.0	0.0	1.8407454199521551	2.302209157108828	1.24633792150749	0.0	0.0	0.0	0.0
19568	0.0	1.2967387526377083	0.0	0.0	0.23650116312812866	0.0	0.0	0.0	0.0	2.2076018838106344	2.8269327285363453	0.0	0.0	0.0	0.8555437645390196	0.0	0.5681941007269536	2.1892484620902866	2.7053605351561933	0.0	0.6012134539971508	0.0	0.0	0.0
19569	0.0	1.333533558169723	0.0	0.0	0.0	0.0	0.8386420255832003	0.0	0.0	2.255423043815941	3.178214137201369	0.0	0.0	0.0	0.0	0.0	0.0	4.491650002351811	1.2076019497896657	0.0	0.0	0.0	0.0	1.3527758006646575
19570	0.0	1.1100303385663488	0.0	0.0	0.0	0.0	0.0	0.0	0.0	1.2458736074367813	0.0	0.0	0.0	0.0	0.0	0.0	0.0	2.1530913750084557	2.690607551953324	0.18885257457751048	0.0	0.0	0.0	0.0
19571	0.0	0.0	2.5335278381539155	0.0	0.0	0.0	0.0	0.0	0.0	2.8439725018755824	0.0	0.0	0.9998988271169643	0.0	0.0	0.0	0.0	4.4471346025097445	4.327075419934104	0.0	0.0	0.0	0.0	0.0
19572	0.0	0.0	0.0	0.0	0.0	0.0	0.0	0.0	0.0	1.118962717129963	0.8765833887885396	0.0	0.0	0.0	0.0	0.0	0.0	2.3044960927757563	1.1108928122175814	0.49851851526214314	0.0	0.0	0.8895034036261239	0.4571299425244421
19573	0.0	2.2187178174814006	1.4489214367316356	0.7521218937845474	0.0	0.0	0.8176436195868446	0.0	0.0	4.165510691220911	5.481175611530645	0.0	0.0	0.0	1.1609697785063795	0.0	0.0	9.823223145748278	11.396252843560287	0.9812425796078293	0.0	0.0	0.0	0.0
19574	0.0	2.6252258435510964	0.0	0.0	0.0	0.0	0.0	0.47739247926096456	0.0	0.7601690494475728	0.0	0.0	0.0	0.0	0.0	0.0	0.0	1.442658551469668	1.1992476607058549	0.0	0.0	0.0	0.0	0.0
19575	0.0	1.4120823846836084	1.0718485546426058	0.0	0.0	0.0	0.0	0.0	0.0	2.87456861677453	1.9284921349155892	0.0	1.1526350144278483	0.9293186004586029	0.0	0.0	0.0	1.9333883992822911	3.666348048556296	0.0	0.0	0.0	0.0	0.0
19576	0.0	0.0	0.0	0.0	0.0	0.0	0.0	0.0	0.0	0.0	0.0	0.0	0.0	0.0	0.3331972511340172	0.0	0.0	0.8293920402696091	0.0	0.0	0.0	0.0	1.460779774990196	0.0
19577	0.0	2.8960477317262496	0.0	0.0	0.0	0.0	0.0	0.0	0.0	3.2325675863027628	2.2431900094312907	0.0	0.0	0.0	1.2279167409266984	0.0	0.0	2.115277698147191	1.9437284013524494	0.0	0.0	0.0	0.0	0.0
19578	0.0	0.0	0.0	0.4761340159115218	0.0	0.0	0.6482782557126174	0.0	0.0	2.156842298655553	2.9087654254829376	0.0	0.0	0.0	0.0	0.0	0.0	1.128340802089852	2.9586814889797437	0.0	0.0	0.2494438257849294	0.0	0.0
19579	0.0	1.1890359494574885	0.0	0.0	0.0	0.0	0.0	0.0	0.0	4.16638344883698	1.9471870825463233	0.0	0.9763031634390085	0.0	1.4054235710414806	0.0	0.0	1.2156445517878607	3.3068450788681147	2.1403741482933256	0.0	0.0	0.705851106779128	1.376220248301328
19580	0.9252163749758915	1.2385406462199433	0.8739354253669833	0.0	0.0	0.5716281233232808	1.000959102692574	0.0	0.0	1.8839816221002303	2.457564326501216	0.609175726797753	0.0	0.0	0.0	0.0	0.0	5.241956763875237	2.1962105635462277	0.0	0.0	0.0	0.0	0.0
19581	0.0	1.6092318915768067	0.0	0.0	0.0	0.0	0.0	0.0	0.0	3.3343383112504905	1.3759875048343941	0.0	0.0	0.0	0.0	0.0	0.0	2.1933606449079597	0.7229738865177658	0.0	0.0	0.0	0.0	0.0
19582	0.0	1.3675697106839735	0.0	0.0	0.0	0.0	0.0	0.0	1.0934146311237818	3.780942302040329	1.087211718566193	0.0	0.0	0.0	1.1766110573366688	0.0	0.0	1.766631372822338	0.8679345773023033	0.0	0.0	0.0	0.8389394760317603	1.4859189906968617
19583	0.0	1.4003999509644813	0.0	0.0	0.0	0.0	0.0	0.0	0.0	0.8644274274777887	1.9988146687536148	0.8768437901460192	0.0	0.0	1.61297161760896	0.0	0.0	3.3634695916229678	1.9460801472012705	0.7374350162563377	0.0	0.0	0.0	0.0
19584	0.0	0.8751734258530027	0.0	0.0	0.25212541593344795	0.0	0.0	0.0	0.0	1.1486085517810711	2.38100742860728	0.0	0.0	0.0	0.0	0.0	0.0	2.1031902230742396	3.2268181799556888	0.0	0.0	0.6943448062364842	0.0	0.0
19585	0.0	2.1603590568402455	0.5347018075683584	0.0	0.0	0.0	0.5256963629374702	0.0	0.0	4.415046226636337	3.3776904293190912	0.0	0.0	0.0	0.9664248840819104	0.0	0.0	4.155956908878713	1.9703690885779925	0.0	0.0	1.0006937906578188	0.0	0.0
19586	1.0357467939051568	1.0023061275391212	1.161715218228585	0.0	1.6297673125497256	1.137527768959651	0.525293403463457	0.0	0.0	4.1337029404639125	3.002590489553187	0.0	1.5427388275990186	0.8310342310998905	0.0	2.2481900966249304	0.0	2.7331700141839956	3.1107068341547115	0.4889124546217987	1.043880748815167	0.7378026386458818	1.4154236104126496	0.8366668712879711
19587	0.6705173785538018	0.96587280903174	1.6630682080711432	0.0	1.4809048598975614	0.9975751840856412	0.0	0.0	1.2988227954473317	3.1602253402668783	2.628081961607112	2.326373597535619	2.2063813021633485	1.1306761389433244	0.0	2.32114213934109	2.646869312936193	1.3063886435384255	1.0346000402670754	0.0	0.8416147851479512	0.5809465789740117	0.0	0.0
19588	0.0	1.473631982840519	0.8660267040633354	0.0	0.0	0.0	0.0	0.0	0.0	3.075065726536338	4.044277324725341	0.0	0.0	1.1024324463007895	0.0	0.0	0.0	3.0918842228270926	2.766994502989241	0.0	0.0	0.0	1.048354118045987	0.0
19589	0.0	2.173303384125489	0.0	0.0	0.0	0.0	0.0	0.0	0.0	3.1515451145289686	1.0445601796495296	0.7562700869692285	0.0	0.0	0.9625651777220364	0.0	0.0	4.140120459049079	2.254840606798985	0.0	0.0	0.0	0.9346551486583596	0.0
19590	0.0	1.2529752973416801	0.0	0.0	0.0	0.0	0.8784457976182765	0.0	0.0	2.9486781308872496	3.3281984946765957	1.3448514983807462	0.0	0.0	0.0	0.0	0.0	2.0783325396188324	1.1161436157502316	0.0	0.0	0.0	0.0	0.0
19591	0.8848116367842732	1.6927479428014134	0.837412781992908	0.0	0.0	0.0	0.0	0.0	0.9733764622065312	2.2045545118424825	2.6921644483034743	0.0	0.0	0.0	0.0	0.0	3.145040561231549	1.1494726757976264	2.2905915799664336	0.0	0.0	1.1966422024434777	0.0	0.3457053874581944
19592	1.1895494811207852	1.8296127018822559	0.0	0.0	0.0	0.0	0.0	0.0	0.9966042039492933	3.418694815830554	2.2576118590754732	0.0	1.0949294236197753	0.0	0.0	0.0	7.424871551788194	4.412909595951499	2.1267249432813355	0.0	0.0	2.590163194835193	0.0	0.0
19593	0.631961232988227	0.0	0.0	0.0	0.0	0.0	0.21295885499997996	0.0	0.0	0.7778004024658571	1.2220201853215575	0.0	0.36110844016106236	0.0	0.9830508068705751	0.0	2.1870674175454416	1.2377364590314934	2.7548513562255876	0.7069103353482832	0.0	0.4111087650083207	0.0	0.0
19594	0.0	2.131885831526505	1.3834020789176569	0.0	0.0	0.0	1.0320064579093293	0.0	0.0	3.6475430758587493	2.487072901991915	1.202170736804456	0.0	0.0	0.0	0.0	0.0	3.1506245894341	3.5756566861919215	1.7470011445747635	0.0	0.19957262291404704	0.9017007198439446	0.0
19595	0.0	1.1546074873827272	0.0	0.0	0.0	0.0	0.0	0.0	0.0	4.258199345305936	2.2482189260508925	0.0	0.0	0.0	1.456236061272937	0.0	0.0	2.2820075305765823	1.0264615372970944	0.0	0.0	0.0	0.0	0.0
19596	0.0	1.857753257441063	0.0	0.0	0.0	0.0	0.0	0.0	0.8672750551926494	2.878734596992476	2.4308418915122374	0.0	0.0	0.0	0.0	0.0	0.0	1.2137020072317077	0.9569307268275322	0.0	0.6709566261734939	0.0	0.0	0.0
19597	0.0	1.0886492125417062	1.2923936913634948	0.0	0.0	0.0	0.2752898455352475	0.0	0.0	1.1373149904058502	2.772665514600448	0.0	0.0	1.7285888243510943	0.35901098714230034	0.0	0.0	3.0867010168465954	1.9825926476337996	0.0	0.0	0.0	1.2196011688794477	0.0
19598	0.0	1.2561925907655398	0.9065206326370778	0.0	0.0	0.9516483515399371	0.0	0.0	0.0	4.291292579983157	1.06169836967111	0.0	0.0	0.0	1.7198491668806384	0.0	0.0	2.025637759719854	1.3722944144430294	0.0	0.0	0.0	0.9296752404379843	0.0
19599	0.0	1.4392662503589428	0.0	0.0	0.0	0.0	0.0	0.0	0.0	2.569719493528561	1.993670298984624	0.0	0.0	0.0	0.8836095863056572	0.0	0.0	3.1675031039343367	1.8764730752552192	0.0	0.0	1.7213625511349118	0.0	0.0
19600	0.0	0.0	0.0	0.0	0.0	0.0	1.3975535118700944	0.0	0.0	2.1171402365441474	2.076101765982589	0.0	0.0	0.0	0.0	0.0	0.0	1.166666059280697	2.494761364262037	0.0	0.0	0.0	0.9052544039283595	0.0
19601	0.0	1.3200703282338453	1.0928328324440637	0.0	0.0	0.0	1.0118643774823217	0.0	0.0	3.4725376733695947	1.3316667071142707	0.0	0.3193133274571362	0.0	1.0750345479958725	0.0	0.0	2.1359359124801056	2.0366960958515046	0.0	0.0	0.0	0.0	0.0
19602	0.0	1.1586167998475116	0.9571959047133454	0.0	0.0	0.0	0.0	0.0	0.0	3.1984875810015865	0.8969896798492312	0.7363574011458174	0.0	0.0	1.005967921736443	0.0	0.0	2.0835151265059575	2.9792336076395367	0.0	0.0	0.0	0.0	0.0
19603	0.0	0.9094396362681346	0.7409001545412609	0.662347307293942	0.0	0.0	0.0	0.0	0.0	3.3186675798626974	1.7724798500665555	0.9410862963613117	0.0	0.0	0.0	0.0	0.0	3.038188627821147	0.8655156231844773	0.0	0.0	0.0	0.0	0.0
19604	0.0	1.0	1.3046492883050285	0.0	0.0	0.0	0.0	0.0	0.0	3.8322267847754024	3.805876165504966	0.0	0.0	0.0	0.9960996601103589	0.0	0.0	2.1370586393684134	0.0	0.0	0.0	0.0	0.0	0.8770538042929634
19605	0.0	1.9409699760912422	2.087252690823867	0.0	0.0	0.0	0.9918015328745186	0.0	0.0	2.145836009811069	2.0973421496764058	0.0	0.0	0.0	0.0	0.0	0.0	3.085522704579508	2.294720576650611	0.0	0.0	0.0	0.0	0.0
19606	0.0	0.6750978322439467	0.9288427225451001	0.0	0.0	0.9209845471250991	0.0	0.0	0.0	1.5615481988083963	0.9003000148739346	0.0	0.3629355813634022	0.0	1.3543249248881721	0.0	0.0	2.2211027275864645	0.7031236641176051	0.0	0.0	0.0	1.37447292986913	0.0
19607	0.0	1.0072751235899626	0.0	0.0	0.0	0.0	1.025105379724844	0.0	0.0	5.668179069882494	2.1135764440908233	0.0	0.0	0.0	1.8772188517282555	0.0	0.0	1.920086501788714	1.2412815335912595	0.0	0.0	0.0	0.0	0.0
19608	0.0	1.339766913271195	0.0	0.0	0.0	0.0	0.0	0.0	0.0	3.990861223575634	0.7844720200134714	0.0	0.0	0.0	1.4636481775823191	0.0	0.0	2.0028956376626943	0.9070477525533346	0.0	0.0	0.0	0.9903516932457475	0.0
19609	0.0	0.9878512936465165	0.9983182666257695	0.0	0.0	0.0	0.0	0.0	0.0	1.0958213767744807	0.7148412479069002	0.0	0.0	0.0	1.441589928223587	0.0	0.0	5.437716867580156	0.873648491320783	0.0	0.0	0.0	0.0	0.0
19610	0.0	1.218935552980982	1.1904447043925317	0.0	0.0	0.0	0.0	0.0	0.0	3.9697541658554267	1.9660154988583656	1.5957225824832044	0.635570512170655	0.0	2.0423274202685477	0.0	0.0	2.313845158323475	2.3395210558291275	1.6242891669423172	0.0	0.0	1.1841174916642259	0.12715398779038126
19611	0.0	1.8732383868342963	0.0	0.0	0.0	0.5939018235295834	0.0	0.0	0.0	2.192506667425849	2.1136527870776534	0.0	0.0	0.0	1.7970246082077777	0.0	0.0	4.120296463833202	1.0408663393857969	0.0	0.0	0.0	0.0	0.0
19612	0.0	0.9599578842192981	0.0	0.0	0.0	1.970700595648675	0.0	0.0	0.0	1.1905706159318483	0.8486159493583881	0.0	0.0	0.0	0.0	0.0	0.0	1.1659776933110055	0.9083020829284659	0.0	0.0	0.0	0.0	0.0
19613	0.0	0.8101099910219176	0.0	0.0	0.0	0.0	0.9574260833598203	0.0	0.0	4.017369251423239	1.0400474059916327	0.0	0.0	0.0	0.0	0.0	0.0	1.1896318348141957	2.8025010603231784	0.0	0.0	0.0	0.0	0.0
19614	0.8428522089981109	1.386925756005724	0.0	0.0	0.0	0.0	0.0	0.0	0.0	0.9454878042199537	1.60762642011485	0.0	0.0	0.0	0.0	0.0	0.0	2.2009094272152763	0.0	0.0	0.0	0.0	0.0	0.0
19615	0.0	1.0096270452904348	0.0	0.0	0.0	0.0	0.0	0.0	0.0	4.517343331982104	1.2096092760505393	0.0	0.0	0.0	0.0	0.0	0.0	3.369969655840922	1.1687244844530886	0.0	0.0	0.0	0.0	0.0
19616	0.6263929170176207	1.0075847103326994	0.8194648982046301	0.0	0.8704252768926813	0.0	0.0	0.0	0.0	3.293725589342184	1.2702623860811024	0.0	0.0	2.523483709348397	1.0135579967105568	0.0	0.0	1.923366195854692	2.727627373273559	0.0	1.8356074954043988	0.0	0.0	0.0
19617	0.0	1.7493118721219008	0.5406154401881397	0.6947331501437845	0.0	0.0	0.0	0.0	0.0	2.128043650128638	0.0	0.0	1.4034834106790857	0.8703913661698732	1.5606901146199355	0.0	0.0	2.3559035438503946	1.0581947796064537	0.0	0.0	0.0	0.0	0.41922661988445087
19618	0.0	1.5566500139953166	0.0	0.0	0.0	1.0786099842133055	0.0	0.0	0.0	2.3168654073441775	0.9668746955514403	0.0	0.0	3.9523455185694303	0.0	0.0	0.8327145870090814	1.7284788050856001	2.3162469545242583	0.0	0.0	3.5493411129892665	0.0	0.0
19619	0.0	1.024204554662014	0.8678235680219145	0.0	0.0	0.0	0.0	0.0	0.0	1.6638024450905446	1.763922004555531	1.0184743927924407	0.0	1.7316274710881612	0.821421108904136	0.0	0.0	2.0116479306091053	1.1128985071751085	0.0	0.0	0.0	0.0	0.0
19620	0.0	0.9222286100506507	0.5673364607728135	0.6494355187819308	0.0	0.0	0.0	0.0	0.0	2.147687324472372	1.8341188089027443	0.0	0.0	0.0	1.5443093903281027	0.0	0.0	2.321489352072291	1.1926291389794126	0.0	0.0	0.0	1.5628818977737537	0.0
19621	0.0	1.3807147971054068	0.0	0.0	0.49755520096237366	0.0	1.0482139864703346	0.0	0.0	3.073171697928919	2.120384941362005	0.0	0.0	0.0	0.8592860629974222	0.0	0.0	3.3000130285757416	2.1450801928966916	0.8037491110884697	0.0	0.0	0.0	0.0
19622	5.302280355026724	1.1255331659237695	0.9024060167138417	0.0	1.0115531033455258	0.0	0.0	0.0	2.7148090446270667	2.1268144977772017	1.579345138264476	0.0	0.8761716542303613	1.4188403589812864	0.0	2.1179832547958046	4.409645058756249	0.9293549545460331	1.1092329805828078	0.0	0.0	3.0135983474909196	0.0	0.0
19623	0.0	0.39777057314639475	0.8418566884587537	0.0	1.0762784666909013	1.303790438867362	0.0	0.8043893129701316	1.013008493261041	3.1936171241461846	2.8907816244715696	1.8224481689224363	2.2730028351715825	1.5144487247779415	2.00468501630799	0.8	0.8380751517541184	4.544841728185559	1.6541764843272708	0.0	0.9831075534652945	2.2776458849811063	0.8668471606921256	0.0
19624	0.0	1.8225318345555563	0.7923134607025738	0.0	0.4849391809335174	0.0	0.0	0.0	0.0	1.9749003670216208	1.6503653686701394	0.0	0.0	1.2596724721192891	1.0	0.4758654857381084	0.0	5.800767614249851	0.8099022949512649	0.0	0.0	1.19044519542632	1.7808518376291482	0.0
19625	0.4636841683796455	0.0	0.0	0.0	1.3474368624855608	0.0	0.0	0.0	0.0	1.2501215033497999	0.8609944776725503	0.0	0.0	1.1026588236990993	0.8278103806898643	1.2449814516913231	0.0	2.333086212656356	1.4385584352867584	0.0	0.0	1.114131209542002	0.0	0.0
19626	0.0	1.929082209624299	0.38537784755377	0.0	1.0813510676496598	1.0461752825344512	0.0	0.0	0.0	3.1270242602581306	0.9170601629870333	0.0	2.0758857830186157	2.0544361542664618	2.3870359073414344	0.8944052954268948	0.0	1.0081342638148705	2.4318786121171225	0.6258253109885791	0.0	1.7543392211340947	0.0	0.0
19627	0.0	0.0	0.0	0.0	0.0	0.0	0.0	0.0	0.0	1.2256400918463892	0.0	0.0	0.0	0.3	1.3432961119739923	0.0	0.0	0.984448097654668	1.2771428072067743	0.0	0.0	0.0	0.0	0.0
19628	0.0	0.9982971612812601	0.0	0.0	0.0	0.0	0.0	0.0	0.0	1.8713807662317745	1.0104583061761667	0.0	0.0	0.0	0.0	0.8432637487761466	0.0	2.0407268244971504	0.0	0.0	0.0	0.0	1.374974747242856	0.0
19629	0.0	2.070999753044331	0.8636583420914243	0.0	0.0	0.0	0.0	0.0	0.0	2.068305557640157	1.6874650131349496	0.0	0.0	0.5761803951177777	1.758094079620235	0.0	0.0	3.860591859755798	3.178748880368571	0.0	0.0	0.0	1.470032680628089	0.0
19630	0.0	0.0	0.0	0.0	0.0	0.0	0.0	0.0	0.0	0.0	0.0	0.0	0.0	2.8326513378633615	0.0	0.0	0.0	0.7391265835944231	0.0	0.0	0.0	2.286812308857247	0.0	0.0
19631	0.0	1.5304768579609491	0.8610980512827384	0.0	0.0	0.0	1.597339721859001	0.0	0.0	7.280148728357827	1.3604120103232273	0.0	0.0	0.0	1.7588806612485806	0.7709824679069395	0.0	3.135090880906339	0.9867568104946806	0.0	0.0	0.3794231508805864	0.643369890637121	0.0
19632	0.9990746094027199	1.7695932539501682	0.0	0.39129296715975836	0.2722894034860344	0.0	0.0	0.0	0.0	1.274185415946243	0.6039718997842416	0.48251548115686116	0.0	0.0	0.0	0.0	0.0	1.806902907216984	1.1096035545311107	0.0	0.0	0.0	0.8472988645916264	0.21937855659250713
19633	0.0	0.9945852786213739	0.0	0.0	0.5117155528052099	0.0	0.0	0.0	0.0	1.9871859681062256	1.530913449376092	0.9953999423382942	0.0	0.7606190207434053	0.0	0.0	0.0	4.1760094662251666	1.9168125805154566	0.0	0.30865607957565633	0.0	0.0	0.0
19634	0.0	1.1887865613811455	0.0	0.0	0.0	0.0	0.0	0.0	0.0	2.3552779340727055	3.478432215922516	1.0561108765508225	0.0	0.0	0.0	0.0	0.0	2.076486793478382	1.7954735548484835	0.0	0.0	0.9310359345856074	0.0	0.0
19635	0.0	0.0	0.0	0.0	0.0	0.0	0.0	0.0	0.0	3.1816828663487926	0.9934606371757615	1.4209319544044392	0.8009521292992955	0.0	0.0	0.0	0.0	2.2056913044438935	2.623263379563285	0.0	0.0	0.0	0.0	0.0
19636	0.0	1.937202020516774	1.4058641445941906	0.0	0.0	0.0	0.0	0.0	0.0	2.276756632219291	0.8446353931897679	0.0	0.0	0.0	1.0879309490955758	0.0	0.0	3.0870824471917455	1.8507968412234335	0.0	0.0	0.7535440983942653	0.0	0.0
19637	0.0	0.9249384289949728	0.0	0.0	0.0	0.0	0.0	0.0	0.0	1.0623415018102953	1.1075881031496257	0.0	0.0	0.0	0.7818125133687643	0.0	0.0	1.638222977274185	0.9078224051271154	0.0	0.0	0.0	0.0	0.0
19638	0.0	0.0	1.5024546749957821	0.0	0.0	0.0	0.0	0.0	0.0	5.480471628863694	3.847920128162826	0.0	0.0	0.0	0.7053016349623163	0.0	0.0	3.4287378867971174	1.239409286429218	0.0	0.0	0.0	0.0	0.0
19639	0.0	1.1044119374464838	0.0	0.0	1.219056432401585	0.0	0.0	0.0	0.0	2.448254606303019	3.806658431954675	0.0	0.0	0.0	0.0	0.0	0.0	1.0873895507471358	1.148271188610959	0.0	0.0	0.9133702461660992	0.0	0.6502395194301428
19640	0.0	0.0	0.0	0.0	0.0	0.0	1.5504866089759197	0.0	0.0	3.72980653404361	1.8693082846993587	0.9645493424630385	0.0	0.0	1.7755741061244066	0.0	0.0	3.483969657544635	2.7543188496988655	0.0	0.0	0.0	0.7300326297221742	0.0
19641	0.0	1.0065999933324459	0.0	0.4918019896469637	0.0	0.0	0.0	0.0	0.0	3.1526291009146448	1.9742481998551704	0.0	0.0	0.0	0.9681722018881392	0.0	0.0	2.9346700908254597	1.2304096001321787	0.0	0.0	0.0	0.0	0.0
19642	0.0	1.9614272219294757	0.988660209023043	0.0	0.0	0.0	0.0	0.0	0.0	1.0638561667725046	0.9912309395444656	0.0	0.0	0.0	0.0	0.0	0.0	2.2610957217081706	1.8815360488831925	0.0	0.0	0.9746878261912695	1.3021409983625465	0.0
19643	0.7905118103104153	1.7387049870504196	2.582862057650933	0.0	1.0188522008889394	0.0	0.0	0.0	0.0	2.214536910426828	2.517275434897938	0.06213650985225347	0.0	1.4686102301508501	0.0	0.0	0.0	1.9867865869457475	2.6938919652058977	0.0	0.0	0.8786056352014823	0.0	0.0
19644	0.0	1.9227101797427126	0.0	0.0	0.0	0.0	0.0	0.0	0.0	2.973283096365703	2.8822386041585406	0.0	0.0	1.7127885079255787	0.0	0.0	0.0	3.2796222199240685	2.13887138468689	1.2685333830413497	0.0	0.0	0.0	1.2355258913999148
19645	0.0	2.5409692973889872	0.0	0.0	0.9083412580118408	0.0	0.9620767211408343	0.0	0.0	2.2484911667452385	2.0695262776396026	0.0	0.0	0.0	0.0	0.0	0.0	2.9273127068368936	1.0948475627201304	0.0	0.0	2.8575222283754407	0.8847681094049222	0.3402377972255092
19646	0.0	0.608159630435877	0.4577886542878651	0.0	1.6046305811968153	0.0	0.6048435216657326	0.0	0.0	1.9612092424051901	0.9454307618924308	0.0	0.0	0.0	0.0	0.0	0.0	1.2372085470735283	1.1713029132168793	0.0	0.0	0.0	2.6300844159815773	0.0
19647	0.0	1.4242013750516862	0.955628781801624	0.0	0.0	0.0	0.0	0.0	0.0	1.8904934793042762	1.724905842893391	0.0	1.0394392084951198	0.0	0.6722655644336172	0.0	0.0	2.0403886498605033	1.853844277435856	0.0	0.0	0.0	1.2758636703355632	0.0
19648	0.0	0.5773146819076128	0.0	0.0	0.0	0.0	0.0	0.0	0.0	5.722566801029233	3.3440394513329244	0.0	0.0	0.368854420020918	0.0	0.0	0.0	1.5496443757401293	0.46908888144809496	0.0	0.0	0.0	0.0	1.2934390080153069
19649	0.0	0.6869455910022656	1.3098358068994516	0.0	0.0	0.0	0.0	0.0	0.0	2.297486230900689	1.25255756181655	0.0	0.0	0.0	1.6079134371590404	0.0	0.0	1.1589994955187268	1.62771819985415	0.0	0.0	0.0	0.0	0.0
19650	0.0	0.0	0.0	0.0	0.0	0.0	0.0	0.0	0.0	0.7972845726067599	0.8475174649651701	0.0	0.0	0.0	1.0182778564318327	0.0	0.0	2.234597471199393	0.40530529294421597	0.0	0.0	0.0	0.5334368051563049	0.38433745959822596
19651	0.0	1.2307411367093515	0.6886594307039184	0.0	0.0	0.0	0.0	0.7923506899109198	0.0	3.288821129958376	0.0	0.0	0.0	0.0	0.9274737666453662	1.158983143060855	0.0	1.234075520660076	1.0725953572545377	0.0	0.0	0.0	0.0	0.0
19652	0.0	2.3201993943539265	0.0	0.0	0.0	0.8542779125952534	0.9545689153010153	0.0	0.0	2.1449978312189915	1.0532850924888222	0.0	0.0	0.0	1.6255220130155263	0.8266967429260015	0.0	3.30388219151352	1.995684239053898	0.0	0.0	0.9428394212064004	0.0	0.0
19653	0.0	1.202804123082188	0.9734667650486983	0.0	2.481975838079437	0.5420703931034865	0.0	0.0	0.44069225219611935	3.626965323179826	2.001464310941598	0.0	2.147295888371903	1.7039696402145161	1.3845674634089755	0.6557601896921333	0.0	2.244941799801351	1.2734140694488378	0.0	0.0	1.2467439382048635	0.0	0.0
19654	0.0	0.0	0.22409393117801574	0.0	0.0	0.0	0.0	0.0	0.0	0.6305007782785642	1.589826471463597	0.0	0.0	0.0	0.47401485487759565	0.0	0.0	0.9999634736553618	0.9168857739640769	0.0	0.0	0.0	1.02647690746573	0.615830346451563
19655	0.0	1.2482661641807171	0.0	0.0	0.0	0.0	1.1570620571704275	0.0	0.0	3.3723650970847237	1.0870298263230738	0.0	0.0	0.0	1.4949785402048896	0.0	0.0	0.828476967208033	0.9477763912719028	0.0	0.0	0.0	0.0	0.0
19656	1.5810532394252728	1.8717717486461423	0.0	0.0	0.0	0.0	0.0	0.0	0.0	3.10409331812559	3.335546907563974	0.0	0.0	0.9346293825791172	1.6830627724010248	0.0	0.0	3.43483902297307	1.227822181487212	0.0	0.0	0.0	0.989799685003617	0.0
19657	0.0	0.0	0.0	0.0	0.0	0.0	0.9780578828587918	0.0	0.0	2.3828660232498375	0.6110761585195069	0.8122328620674136	0.0	0.0	0.0	0.0	0.0	0.5802884574739972	0.5203701644259511	0.0	0.0	0.0	0.0	0.0
19658	0.0	1.6819351639381377	0.8187014772452396	0.0	0.0	0.0	0.0	0.0	0.0	2.2633357261942946	2.0299213283560293	0.0	0.0	0.0	1.5786199087578145	0.7647973365450449	0.0	7.647882934426023	1.3258362440987659	0.5258563903868219	0.0	1.9611576825391457	1.25948555167389	0.0
19659	0.0	1.311279121253428	0.6574652675385667	0.0	0.0	0.0	0.0	0.0	0.0	4.3586168309323785	1.8775807048356554	0.0	0.0	1.6254485725688068	1.713848360978031	0.0	0.0	2.341890564360037	3.5532334242837527	0.6712842606480134	0.0	0.0	1.2058585243783668	0.0
19660	0.0	1.8750113519022318	0.0	0.0	0.0	0.0	0.0	0.0	0.0	5.513819352930354	2.3842124336615913	0.0	0.0	0.0	1.1549239749628777	0.0	0.0	1.635706244975024	3.3515179140337756	0.0	0.0	0.20526651250905964	0.0	0.0
19661	0.0	0.0	1.4266760496188564	0.0	0.0	0.0	0.0	0.0	0.0	4.349141775130548	0.7776628773955813	0.0	0.0	0.0	0.0	0.0	0.0	1.6686370593379634	2.1761758317959434	0.0	0.0	0.0	0.0	1.2733784609557512
19662	0.0	1.0715147764368642	0.0	0.0	0.0	0.0	0.0	0.0	0.0	1.8953876232232627	1.8946322458252667	0.0	0.0	0.0	0.0	0.0	0.0	2.8600959966174746	2.1629779350762406	0.0	0.0	0.0	1.0336367156889246	0.7199468241740014
19663	0.0	1.8262173947140576	1.908338515739172	0.0	0.0	0.0	0.0	0.0	0.0	3.005560064485466	2.391611544522431	0.0	0.0	0.0	0.0	0.0	0.0	2.1482816558449733	2.0945317861435777	0.9580875844153901	0.0	0.0	0.0	0.0
19664	0.0	1.9169217736067239	0.0	0.0	0.0	0.0	0.0	0.0	0.0	3.000601517605365	0.9085031869854151	0.704923047077564	0.0	0.0	0.7922039596852316	0.0	0.0	2.170774228177434	1.2029462854030868	0.0	0.7717735749681162	0.0	0.9104008552781877	0.0
19665	0.0	1.8641289295150818	0.0	0.0	0.0	0.0	0.0	0.0	0.0	3.0839021197083687	2.30679159070061	0.0	0.7815639840602298	0.0	1.1739399012080667	0.0	0.0	1.0100462770249408	1.891906638724165	0.0	0.0	0.36652248310644525	0.0	0.0
19666	0.0	1.2016060350724678	1.4662199553341255	0.0	0.0	0.0	0.0	0.0	0.0	2.9025138974842353	2.0046644053732896	0.0	0.0	0.0	1.1710112389484193	0.0	0.0	2.153658463287425	0.8340249518661396	0.6587282463158317	0.0	0.0	1.6258679872665371	0.0
19667	0.0	0.7788521499485483	1.4846149779161804	0.0	0.0	0.0	0.0	0.0	0.0	6.281631511170533	0.7746348634018694	0.0	0.0	0.0	0.9468100164248185	0.0	0.0	1.6673174006302125	1.3606870462501193	0.0	0.0	0.0	0.0	0.0
19668	0.0	0.4971995073632733	0.8683596697768252	0.0	0.0	0.0	0.0	0.0	0.0	1.3250609539092193	2.2735364048882967	0.9484010778157844	0.0	0.0	0.33639285960288134	0.0	0.0	1.7199686107439898	1.2425998812710768	0.0	0.9823614612678514	0.0	0.0	0.0
19669	0.0	0.812057296836199	0.0	0.0	0.9958047760229436	0.0	0.0	0.0	0.0	2.422910794766868	0.0	0.0	0.0	1.205771644137822	2.2564264998801438	0.0	0.0	4.657042070803535	3.300105198911267	0.0	0.0	0.4980498300551794	0.0	0.0
19670	0.0	1.301272706851401	0.0	0.0	0.0	0.0	0.0	0.0	0.0	4.021251371254169	2.0819702173248458	0.0	0.0	1.2316107661778048	0.0	0.7096315967611281	0.0	4.464054618784962	1.152467708086356	1.7141927058102484	0.0	0.8969696953374409	0.0	0.0
19671	0.0	0.0	1.5622231284351444	0.0	0.0	0.0	0.0	0.0	0.0	4.134022886354665	2.10654980538803	0.0	1.1875724117683537	0.0	1.30391802160378	0.0	0.0	3.3869648378865316	1.7322120317330063	0.0	0.0	1.1240890557758045	0.0	0.8586604829929201
19672	0.0	0.810110298694828	0.0	0.0	0.0	0.0	0.0	0.0	0.0	0.6921042294790646	1.7141982574219334	0.0	0.0	0.0	0.9124936318129424	0.0	0.0	1.3676707995632433	0.9158353155778146	0.0	0.0	0.0	1.4387558394226974	0.0
19673	0.0	0.9568271632819885	0.0	0.0	0.0	0.0	0.0	0.0	0.0	4.071143620344889	1.837132327584856	0.0	0.0	1.657948585214084	1.6897565765132803	0.0	0.0	2.036614196176239	2.9185727071547545	0.0	0.0	1.0087434847318812	0.0	0.0
19674	0.0	1.4679329287584408	1.0016430945645705	0.0	0.0	0.0	0.0	0.0	0.0	5.212141260534707	2.3700951746412087	0.0	0.0	0.0	0.0	0.0	0.0	2.1732886654841987	1.1072499790120685	0.0	0.0	0.0	2.0203339589175733	0.0
19675	0.0	2.4582413600779964	0.6636025072292484	0.0	0.0	0.0	0.0	0.0	0.0	2.856230549885415	1.164913150725269	0.0	0.0	0.9794820712499333	0.0	0.0	0.0	1.2598045119790446	1.843680317632023	1.3554558866675384	0.12098930462443053	0.0	2.1958156026747813	0.0
19676	0.0	0.0	0.0	0.0	0.0	0.0	0.0	0.0	0.0	2.1362475583735736	0.9276568493755186	0.0	0.0	0.0	1.189174760014688	0.0	0.0	2.0982861041037957	1.1074763902217903	0.0	0.0	0.3423975680351424	1.633274688133185	0.0
19677	0.0	1.8283768070035238	0.8642687743018611	0.0	0.0	0.0	0.8804910638515224	0.0	0.0	4.47133213620867	2.105956993044156	0.9442278150518983	0.0	0.0	0.812791919631615	0.0	0.0	2.8174279050225937	0.6319907474535132	1.7007101633399462	1.5399929903627123	0.0	0.0	0.0
19678	0.0	2.0752315278125057	0.0	0.8299123720071832	0.0	0.0	0.8770637561931548	0.0	0.0	2.186362953756958	2.0598073003903923	0.0	0.0	0.0	1.2094050389677748	0.0	0.0	1.9168169023721613	2.6603345066162154	0.0	0.0	0.0	1.3127508710805125	0.0
19679	0.0	0.9064166681705966	0.0	0.0	0.0	0.0	0.7761134395215156	0.0	0.0	7.61118374904724	2.203771470871274	0.0	0.0	0.0	0.9350018661048232	0.0	0.0	2.277493763524917	3.1879484326209346	0.0	0.3966990688372044	0.0	1.3218090165623833	0.0
19680	0.0	0.9999237892008191	0.0	0.0	0.0	0.0	0.0	0.0	0.0	5.446003430423685	0.5777025483542547	0.0	0.0	0.0	0.49444405912347617	0.0	0.0	2.2374150925938707	0.7234610036535116	0.0	0.0	0.0	0.0	0.0
19681	0.0	0.9305144649436803	0.0	0.0	0.0	0.0	0.0	0.0	0.0	1.5839596340588518	3.5586566029729494	0.0	0.0	0.0	0.0	0.0	0.0	1.2961394953587062	1.2902944550367168	0.0	0.0	0.0	0.0	0.0
19682	0.0	1.6410651756696641	0.0	0.0	0.0	0.0	0.9303881175695145	0.0	0.0	5.6756664133524675	2.4952118394335163	0.0	0.7096138236239291	0.0	1.0996337507005405	0.0	0.0	2.3077384762366013	2.4213100118679227	0.0	0.0	0.0	1.9153426862481073	0.0
19683	0.0	0.0	0.0	0.6135076734291296	0.0	0.0	0.0	0.0	0.0	1.807919352762749	1.8090310410740886	0.0	0.0	0.0	0.0	0.0	0.0	1.762342288017868	2.45279169879747	0.0	0.0	0.0	0.9991366803046945	0.0
19684	0.0	1.0896659937207018	0.0	0.0	0.0	0.0	0.0	0.0	0.0	4.476126573441161	2.004434528264855	1.018402946865572	0.9605784319967603	0.17852297807946074	0.0	0.6118701582550462	0.0	1.7149263022713899	4.654771492907577	0.0	0.0	0.0	0.0	0.3496340888194108
19685	3.071675616461294	1.899671579797482	0.0	0.0	0.0	0.0	0.0	0.0	1.0033347916172115	3.507709424511391	0.9187705771532445	1.3624929371182335	0.0	0.0	0.0	0.0	3.592557404179174	2.215940969492631	2.4818683327577173	0.17480784058282367	0.0	1.0072799608589385	0.0	0.0
19686	0.0	1.9542062419732433	0.48741952995736515	0.0	0.0	0.0	0.7629439434659271	0.0	0.0	3.9054863883729465	2.114696792975967	0.0	0.7994328925550976	0.0	0.0	0.0	0.0	2.8277326183069498	3.279956603975243	1.7061712328218488	0.0	0.0	1.7094598068816182	0.0
19687	0.0	0.7010976362186693	0.0	0.0	0.0	0.0	0.0	0.0	0.0	2.195598131276003	2.128827493088426	0.0	0.0	0.0	0.0	0.0	0.0	1.6828703007492698	0.0	0.0	0.0	0.0	0.0	0.0
19688	0.0	0.0	0.0	0.0	0.0	0.0	0.0	0.0	0.0	3.3202899163585045	1.0785200676539033	0.0	0.0	0.0	0.0	0.0	0.0	3.204469362575189	0.0	0.0	0.0	0.927311710147754	0.6098100264457305	0.0
19689	0.0	1.0401968069284904	1.0222934123577334	0.0	0.0	0.0	0.8047960543631685	0.0	0.0	2.1212918760621977	2.4473607162867475	0.0	0.0	0.0	1.5493615070641469	0.0	0.0	3.2544013455494136	2.91296548516967	0.0	0.0	0.0	0.0	0.0
19690	0.0	1.1601523006778787	0.0	0.0	0.0	0.0	0.0	0.0	0.0	1.0555515057186893	0.8680899993166494	0.9853800976779789	0.0	0.0	0.41216082202203125	0.0	0.0	0.5174470787336043	0.9999725647814048	0.4883273992251707	0.0	0.0	0.0	0.0
19691	0.0	0.719425949035149	0.0	0.0	0.0	0.0	1.6409473889596013	0.0	0.0	0.9192444666529147	2.225555632480098	0.0	0.0	0.0	0.7460653444999901	0.0	0.0	1.0031679185958486	0.6311331024875462	0.0	0.0	0.0	0.0	0.0
19692	0.0	1.4005736849648809	0.0	0.0	0.0	0.0	0.0	0.0	0.0	3.2597117446433903	2.2171802053689667	0.0	0.0	0.9144700727327637	0.0	0.0	0.0	1.9761204525515386	0.7634489188642689	0.7508070802296574	0.0	0.0	1.1133368202509908	0.0
19693	0.0	0.6038454103188308	1.9278219739147122	0.0	0.0	0.0	0.0	0.0	0.0	3.854540929791893	1.2182179786701177	0.0	0.0	0.0	1.3267328880054854	0.0	0.0	2.3497626502447297	2.359249352266844	0.2991700516470136	0.0	0.4643962029034892	2.0229851699112844	0.9161718774575799
19694	0.0	1.914228740767537	0.0	0.0	0.0	0.0	0.6845860308606387	0.0	0.0	2.094390617254391	3.154945371459358	0.0	0.0	0.5617233544759787	0.0	0.0	0.0	1.2276525541739969	1.3038162435723581	0.0	0.0	0.0	0.0	0.0
19695	0.0	1.2776592072773347	1.4006601764159812	0.0	0.0	0.0	0.7927552005177811	0.0	0.0	3.1535785137272447	1.8974599598073862	0.09235120848279617	0.0	0.0	0.0	0.0	0.0	1.9172185278016511	1.1610481805081971	0.9145698529501153	0.0	0.0	0.0	0.0
19696	0.0	1.1407699936162672	0.0	0.0	0.0	0.0	0.0	0.0	0.0	3.689967871035378	2.076130699365829	0.0	0.0	0.0	0.0	0.0	0.0	2.1809616202399655	1.7410293138250168	0.8495097882071337	0.0	0.0	0.5166293554344968	0.0
19697	0.0	1.2043371031549717	0.0	0.0	0.0	0.0	0.0	0.0	0.0	3.0319324511432084	2.057434761078503	0.0	0.0	0.6013244130471437	0.0	0.0	0.0	6.455825679633221	1.1374595737240114	0.0	0.0	0.0	0.0	0.6103972780157075
19698	0.0	1.2629868234488122	0.21934805585498726	0.0	0.0	0.0	0.0	0.0	0.0	1.0279720475831262	1.9517801211698855	1.1299284098753317	0.0	0.0	0.0	0.0	0.0	1.8440138980577487	2.8737356079692145	0.0	0.0	0.0	0.0	0.37528290217883453
19699	0.0	1.145204823526033	1.4604022306207813	0.0	0.0	0.0	0.0	0.0	0.0	2.5228048839199992	1.1946513319474525	0.7595598934591665	0.0	1.491559910712597	1.7717643911784546	0.0	0.0	2.0189095701833697	1.6959197551229799	0.0	0.0	0.0	0.779646110384401	0.0
19700	0.0	1.900360520511903	1.3477715610835586	0.0	0.0	0.0	1.3245689354545145	0.0	0.0	3.2415302505873536	1.6017213143460025	0.0	0.0	0.0	0.0	0.0	0.0	2.1349425748670146	2.0555905865004975	0.39592886825903634	0.0	0.0	1.585017630406505	0.0
19701	0.0	0.7836163678882586	0.0	0.0	0.5900745143223035	0.0	0.0	0.0	0.0	2.1239416060201033	3.3410565195452318	0.0	0.7632635513705767	0.0	0.0	0.0	0.0	3.350510033947637	0.9757508605872056	0.0	0.0	0.0	0.0	0.0
19702	0.0	1.6158299328339352	0.0	0.0	0.0	0.0	0.9783935820095372	0.0	0.0	1.227612851094408	1.2638803662090257	2.3242550063501994	0.0	0.0	0.0	0.0	0.0	1.2025640314510717	2.4833795650253454	0.633108267551329	0.0	0.0	0.8879626287234368	0.0
19703	0.0	1.4934317682956468	0.0	0.0	0.7244163446555029	0.0	0.0	0.0	0.0	3.5505510696503984	0.9175734521765755	0.9193702399112291	2.636016359683815	3.3848767207655923	1.2669185293607141	3.648432376590568	0.0	2.0874584160861476	1.84248822666333	0.0	0.0	1.8998846937972365	0.0	1.0503987679952982
19704	0.0	3.1988475740114457	0.2333227510827856	0.0	0.8748220277558824	0.0	1.2117612933654738	0.0	0.0	1.7593931289705564	1.5606215703009059	0.0	1.8145294174531088	3.1418670237713324	1.0347063757175834	1.7496440555117647	0.24944382578492943	1.0573668669662506	3.11965810092495	0.0	0.0	1.1612007713104961	0.0	0.0
19705	0.0	0.0	0.0	0.0	0.0	0.0	0.0	0.0	0.0	3.415453605400995	0.2036510874807664	0.0	0.0	0.0	0.8660254037844386	0.0	0.0	1.8281063187358888	0.0	0.43694850602053814	0.0	0.0	0.0	0.0
19706	0.0	2.401841860607104	0.0	0.0	0.0	0.0	0.0	0.0	0.0	2.265201339764504	1.7589935146167035	0.0	0.0	0.6777990423116262	1.1241292779741308	0.0	0.0	2.078540486869466	2.4853786954824266	0.0	0.0	0.0	0.9092112178709131	0.0
19707	0.0	0.0	0.0	0.0	0.0	0.0	0.9146240715790758	0.0	0.0	4.034083414368478	1.0664129454067865	0.0	0.0	0.0	1.8241280451574464	0.0	0.0	3.324916849500483	2.615708770303096	0.0	0.0	0.0	0.0	0.0
19708	0.0	0.0	0.0	0.0	0.0	0.0	0.0	0.0	0.0	3.328164393922376	1.9288006918402785	0.0	0.0	0.0	0.0	0.0	0.0	1.1542924974425326	2.30831434237343	0.0	0.0	0.0	0.9770133507982859	0.0
19709	0.0	0.0	0.0	0.0	0.0	0.0	0.0	0.0	0.0	1.4329238685263277	0.0	0.0	0.0	0.0	0.0	0.0	0.0	2.2952483896372358	0.8044448149403575	0.4784644185223008	0.0	0.0	0.0	0.0
19710	0.0	0.0	0.0	0.0	0.0	0.0	0.0	0.0	0.0	1.649555156561522	1.8920996822473948	0.0	0.0	0.0	0.0	0.0	0.0	1.7392679501670882	0.0	0.0	0.0	0.0	0.0	0.0
19711	0.0	0.644235094808489	0.5731513024140634	0.0	0.0	0.0	0.0	0.0	0.0	3.983044181081459	1.7153500306220018	0.0	0.8331617830844482	0.0	0.6628047492228983	0.0	0.0	0.7685764066942907	2.253994667282754	0.0	0.0	0.4979965148329611	1.0316922508954753	0.0
19712	0.0	4.481645815932736	0.9136991787040037	0.0	0.0	0.0	0.0	0.0	0.0	2.368105117353439	2.1106038087476295	0.0	0.0	0.0	0.0	0.0	0.0	2.899789422708384	1.1200979270767517	0.0	0.0	0.0	0.0	0.0
19713	0.0	1.0727002708381506	0.0	0.0	0.7508015442977263	0.0	0.0	0.0	0.0	1.9818631694576956	1.0257227686072492	0.0	0.0	0.0	0.0	0.0	0.0	7.282600381299455	1.8944238959259463	0.0	0.0	0.9457161359853528	0.0	3.249237223176833
19714	0.0	0.0	0.0	0.0	0.0	0.0	0.0	0.0	0.0	2.5612542878646756	0.7629271414291483	0.0	0.9774799490352138	0.0	1.5318977980016342	0.0	0.0	3.5336604912922676	2.663455892781908	0.0	0.0	0.0	0.0	0.0
19715	8.656518375073324	1.05835408668495	0.0	0.0	0.0	0.0	0.0	0.0	3.0551422965784494	2.22943478412244	2.242799072013191	0.0	0.0	1.9826519107606444	0.9290153229157888	0.8801437186999479	4.789953414053755	1.1520485962905072	2.1247415775165908	0.0	0.0	2.1133061152171937	0.0	0.8244319071172515
19716	0.0	0.14069079067862747	0.6146902451975851	0.0	0.0	0.0	0.4983648397700511	0.0	0.0	1.0705066161011974	1.8527576603167675	0.0	0.0	0.0	0.0	0.0	0.0	1.087521536546809	1.2648492993238365	0.0	0.0	0.0	0.2801551161284578	0.0
19717	0.0	1.2936934167493028	1.8911881709850167	0.0	0.0	0.0	0.0	0.0	0.0	4.108033138467291	2.1049667109572923	1.6359669315470475	0.0	0.0	0.0	0.0	0.0	2.529645887227006	1.172345312482962	0.0	0.0	0.0	0.0	0.3153045407908001
19718	0.0	0.0	0.0	0.0	0.0	0.0	0.0	0.0	0.0	2.264546649804932	1.230637733353733	0.0	0.0	0.0	0.0	0.0	0.0	2.0375156332163464	1.7163677607979801	0.0	0.0	0.0	1.5075436941071119	0.3933886357276857
19719	0.0	0.0	0.0	0.0	0.0	0.0	0.9265213431571974	0.0	0.0	1.626050553962085	1.3393994121310997	0.0	0.0	0.0	0.9464032448961534	0.0	0.0	2.152665614042399	1.2122562290608616	0.0	0.0	0.0	1.1448037543076284	0.0
19720	2.1226398658274563	0.0	0.0	0.0	0.0	0.22939534045447016	0.0	0.0	0.0	0.9407351906684143	1.3686002581713428	0.9759983808932126	0.0	1.002219758558194	0.0	0.5140207038151453	0.0	1.0344414938275868	0.8081439518692204	0.0	0.0	0.0	0.6870944370551247	0.0
19721	0.0	0.9358821678904763	0.0	0.0	0.0	0.0	0.0	0.0	0.0	2.235387549676845	1.2588121600366287	0.4679621334530846	0.0	0.0	1.2435231746166235	0.0	0.0	3.416801738912285	2.9039732237314095	1.4221553671479534	0.6201798689880856	0.0	1.216312748513954	0.0
19722	0.0	1.3214513840048314	0.0	0.0	0.0	0.0	0.4011497750075921	0.0	0.0	2.250852504353515	2.0632606837189593	0.0	0.0	0.0	0.0	0.0	0.0	3.349638321051952	2.198464691589747	0.0	0.0	0.0	0.0	0.0
19723	0.0	1.7644691259495668	0.7912443652594469	0.0	0.0	0.0	0.0	0.0	0.0	2.397515872839265	1.9877329131895265	0.8862287612102695	0.0	0.0	0.8006571922573842	0.0	0.0	3.9370197087776524	3.0624850244110426	0.0	0.0	0.8537498983243798	0.0	0.0
19724	0.0	2.626281611335848	1.1264531473875583	0.0	0.0	0.0	0.0	0.0	0.0	2.7511638254144413	1.1552701354972512	0.0	0.0	0.0	0.0	0.0	0.0	2.3267814014699724	2.099031906932981	0.8373472529447421	0.0	0.0	0.0	0.0
19725	0.0	0.877523525966759	1.4956342017752544	0.5629601829195411	0.0	0.0	0.0	0.0	0.0	1.683139196020656	1.8241423345130234	0.0	0.0	0.0	0.0	0.0	0.0	1.0187928943380522	0.825461410309554	0.0	0.0	0.0	0.0	0.0
19726	0.0	2.187224409447725	0.0	0.0	0.0	0.0	0.0	0.0	0.0	2.1434917822094177	1.873105587838092	0.0	0.0	0.0	0.0	0.0	0.0	1.9434534847746263	0.7659103802029669	0.0	0.0	0.0	0.0	0.0
19727	0.0	0.0	0.9769921398500996	0.0	0.0	0.0	0.5669012642617155	0.0	0.0	2.020113037699677	1.325885322024557	0.8128808632645697	0.0	0.0	1.815345151849306	0.0	0.0	1.9498155023737496	2.1184476563408943	0.0	0.0	0.0	0.9147815234221331	0.0
19728	0.0	1.0279472725824634	0.0	0.7649683999896946	0.0	0.0	0.7977066505130234	0.0	0.0	5.824318555906094	1.1808559420196754	0.0	0.0	0.0	0.8842675149273354	0.0	0.0	3.107905958577814	2.22471010996916	0.0	0.0	0.0	0.0	0.0
19729	0.0	1.617017982490338	1.5702989487992869	0.8281243001566563	0.0	0.0	0.7378848013276987	0.0	0.0	3.2826387300327164	2.0160750529981675	1.2743879496960193	0.8180090704237662	0.0	2.3137045742074167	0.0	0.0	4.516993329754744	1.1276741057207473	0.0	0.0	0.0	0.0	0.0
19730	0.0	1.162965443495171	0.46195231713961304	0.0	0.0	0.0	0.0	0.0	0.0	3.1277285206236782	1.128209335899289	0.0	0.0	0.0	0.5557503910053008	0.0	0.0	2.1100219709583556	1.140802407112853	0.0	0.0	0.0	1.3111998503493125	0.0
19731	0.0	0.0	0.0	0.0	0.0	0.0	0.6555320146432378	0.9248183004725247	0.0	2.229293406385384	1.2440941858439465	0.0	0.0	0.0	0.0	0.0	0.0	2.739910278336379	1.2844338151343393	0.0	0.0	0.0	0.0	0.0
19732	0.0	1.019375830648068	0.42481477061724726	0.0	0.0	0.0	0.0	0.0	0.0	2.309546669536841	1.3256937686610228	0.0	0.0	0.0	0.0	0.0	0.0	3.592554368831409	3.2768227415919267	0.0	0.0	0.0	0.0	0.0
19733	0.0	1.1513957351401611	0.0	0.0	0.0	0.0	0.0	0.0	0.0	4.106220605246787	1.8633570478628885	1.231662853675978	0.0	0.0	0.0	0.0	0.0	2.045904795473006	1.1416369578131367	0.0	0.0	0.0	0.0	0.0
19734	0.0	2.6967269163660372	1.4584052331723998	0.0	0.0	0.0	0.9489601106076626	0.0	0.0	2.395490116903111	3.5463944419710085	0.0	0.7361578382641126	0.0	0.0	0.0	0.0	1.112392792938114	1.2365667075504752	0.0	0.0	0.0	0.0	0.0
19735	0.0	0.0	0.9101903826094411	0.0	0.0	0.9554650492188417	0.0	0.0	0.0	3.0495569647343705	1.0184793531613054	0.0	0.0	1.6884796364712444	1.241957405979302	0.0	0.0	3.2043308567276325	2.379051622032151	0.0	0.0	0.9956502621123767	0.0	0.0
19736	0.0	0.0	0.0	0.0	0.0	0.0	0.0	0.0	0.0	0.0	1.7747505089444624	0.0	0.0	0.0	0.0	0.0	0.0	0.8681532043842141	1.2444353931719847	0.0	0.0	0.0	0.7886715054344394	0.0
19737	0.0	1.0715369559210213	0.0	0.0	0.0	0.0	0.0	0.0	0.0	3.70419638279853	1.0231089520785372	0.0	0.0	0.0	0.0	0.0	0.0	2.2480522998177577	1.0927046844124264	0.0	0.0	0.0	1.5046916703912914	0.0
19738	0.0	1.2989645386077597	0.0	0.0	0.0	0.0	0.0	0.0	0.0	4.04267422301486	2.1205775131549554	0.0	0.0	0.0	0.6601758089822984	0.0	0.0	2.689961907114745	1.20974805167367	0.0	0.0	0.0	0.0	0.0
19739	0.0	1.1168740387187674	0.0	0.0	0.0	0.0	0.0	0.0	0.0	3.2839494860618834	1.2821853432019839	1.4968472969989213	0.0	0.0	0.8308438385421452	0.0	0.0	3.071863116193165	1.0133258890594574	0.0	0.0	0.0	1.1817462268468792	0.0
19740	0.0	0.8999095617362363	0.0	0.0	0.9022011597162595	0.0	0.0	0.0	0.0	3.2365471576278124	0.7775256711025769	1.235571783881427	0.9063565811994201	0.0	1.2841198984591693	0.0	0.0	3.20475667787126	2.140912843935032	0.0	0.7517061352656844	0.0	0.0	0.0
19741	0.0	1.3863316933393508	0.8014159432294731	0.0	0.0	0.0	0.0	0.0	0.0	2.262857356524702	1.8237917349881885	0.0	0.0	0.0	1.2332571710154288	0.0	0.0	3.113698672649162	0.9636481130231462	0.0	0.0	0.0	0.0	1.2777531299998799
19742	0.0	1.3818358330819611	1.396901738861499	0.0	0.0	0.0	0.0	0.0	0.0	2.237403779111392	1.836764186312558	0.0	0.0	0.0	0.0	0.0	0.0	3.806798158600183	1.8414904673257506	0.0	0.0	0.0	0.0	0.0
19743	0.0	1.2576525860167236	0.0	0.0	0.0	0.0	0.0	0.0	0.0	2.2634301511936767	2.0685952762554174	0.0	0.8678833527161098	0.0	0.0	0.0	0.0	1.7837422683583675	2.965320226298849	0.0	0.0	0.6952921822897108	0.0	0.0
19744	0.0	1.9178263383211058	0.0	0.0	0.0	0.0	0.0	0.0	0.0	1.097791349787334	0.855478605342188	0.0	0.0	0.0	0.0	0.7346688921142096	0.0	2.0947718121329415	1.4972661877506204	0.0	0.0	0.0	0.0	0.0
19745	0.0	1.295677868639047	0.0	0.0	0.0	0.0	0.0	0.0	0.0	1.9384227193491335	2.212521407579164	0.0	0.0	0.0	1.5973299966872008	0.0	0.0	2.0020222688451623	1.127008146289753	0.0	0.0	0.0	0.0	0.0
19746	0.0	0.6782042004440846	0.0	0.0	0.0	0.0	0.0	0.0	0.0	2.1656201726059026	1.2909395140936484	0.42461002763645367	0.0	0.0	0.0	0.0	0.0	4.0305345438026485	1.3676037117091713	0.0	0.0	0.7152146314315436	1.0685095922022685	0.0
19747	0.0	1.853435355920397	0.0	0.0	0.0	0.0	0.0	0.0	0.0	2.415639110897725	0.8652704743930263	0.0	0.0	0.0	0.4087560601543516	0.0	0.0	2.2997273044299154	1.2501714761276483	0.0	0.0	0.0	0.0	0.0
19748	0.0	2.17806004324848	0.8690909185910165	0.0	0.739682537257316	0.0	0.0	0.0	0.0	3.5338682499006975	0.8871655731010538	0.0	0.9399031242607584	1.5858685741661906	0.0	0.0	0.0	2.8610691024574817	1.3029660183257612	0.0	2.454054502631064	3.4717198156586333	0.902196544704473	0.0
19749	0.0	3.362499618109762	0.0	0.0	0.0	0.0	0.8888823142426151	0.0	0.0	1.9449084930152005	0.0	0.0	0.0	0.0	0.0	0.0	0.0	2.2425819402081126	0.0	0.0	0.0	0.0	0.0	0.0
19750	0.0	1.1747258698864091	1.026182257981008	0.0	0.0	0.0	0.0	0.0	0.0	2.654012244081692	2.5687041592745685	0.0	0.0	0.0	0.0	0.0	0.0	1.9118608936143995	0.6830931102080727	0.5371926748754804	0.0	0.0	0.0	0.0
19751	0.0	1.5853069016376942	1.50622002297399	0.0	0.0	0.0	0.0	0.0	0.0	1.2694126538456298	4.669979255479812	0.835241682601202	0.8321848800445918	0.0	2.5661630909818927	0.0	0.0	2.2667039924140933	1.0504865058866264	0.8558964449103882	0.0	0.8467978188141446	0.0	0.0
19752	0.0	1.6923232968219903	0.7324430086016879	0.9736446965271303	0.0	0.0	0.9488292830168393	0.0	0.0	1.2775736853078954	0.0	0.0	0.0	0.0	0.0	0.0	0.0	0.9749301019731497	0.7804553129661482	0.0	0.0	0.0	0.0	0.0
19753	0.0	0.0	0.0	0.6579216096036655	1.353527908510197	0.0	0.0	0.0	0.0	3.8283202145712587	0.8086898285216186	0.0	0.0	0.0	0.0	0.0	0.0	2.346231254031386	0.9243430929025432	0.0	0.0	0.0	0.0	0.0
19754	0.0	0.9290078339581188	0.8292979621171007	0.0	0.0	0.0	0.0	0.0	0.0	2.3240666047047283	0.9355865658624125	0.0	0.8623214078361376	0.0	1.6169517471542367	0.0	0.0	8.639052707424318	1.1479747472698096	0.0	0.0	0.0	0.0	1.114962667113264
19755	0.0	0.0	0.0	1.319548216660128	0.0	0.0	1.649883996609589	0.7858969507065932	0.0	1.7572739812340457	0.7874790730126038	0.0	0.0	0.0	1.428980281091723	0.0	0.0	5.2243110312167165	2.0453928177401606	0.0	0.0	0.0	0.0	0.0
19756	0.0	0.0	0.0	0.0	0.0	0.0	0.0	0.0	0.0	0.6556177842078623	0.0	0.0	0.0	0.0	0.0	0.0	0.0	2.463566722809112	0.0	0.0	0.0	0.0	0.0	0.0
19757	0.0	0.0	2.609963455676944	0.0	0.0	0.0	0.0	0.0	0.0	1.1771104413178413	1.2265333260861688	0.0	0.0	0.0	2.6919285934937305	0.0	0.0	0.9526804291051643	1.2106976301763694	0.8441357143058613	0.0	0.0	0.0	0.0
19758	0.0	1.8864292737712716	0.5778089008559059	0.0	0.0	0.0	0.0	0.0	0.0	2.1940800830494447	1.2273904875584671	0.0	0.8431338091674321	0.0	1.7536493478296475	0.0	0.0	2.201571827414847	2.1312113569785165	1.2434272377300364	0.0	0.26105875064971745	0.0	0.0
19759	0.0	2.1821715115063953	0.0	0.0	0.5030933431844669	0.0	0.0	0.0	0.0	2.201585216382767	1.8964116854132682	0.21907286248532284	0.2812527033677475	0.0	0.0	0.0	0.0	1.1810087275663832	2.306270844263655	0.0	0.0	0.0	0.0	0.0
19760	5.758081283950364	1.9535482582101629	1.146838617457926	0.0	3.1237873020638576	1.2085074644321743	0.0	0.0	6.16031983233168	10.210394309658154	4.1583856485196335	1.4228451931449897	1.9341735098923323	5.114652871594863	1.02173901622868	2.2452802891194077	9.16571503096099	7.09639361538431	7.100894491566052	0.9159376087559922	4.311011227920294	4.431011306318969	0.0	2.275838896752057
19761	0.0	1.145522685162639	0.0	0.0	0.0	0.0	0.0	0.0	0.0	2.6574615246001074	2.854931497484982	0.9425542053647091	0.0	0.0	0.0	0.0	0.0	1.105808238939883	0.9766187864379267	0.0	0.0	0.0	0.8791690144329029	0.0
19762	0.3436814391839747	1.2092256565836554	0.8513871807053246	0.0	0.0	0.0	0.0	0.0	0.0	1.9462335031286984	1.731136809217642	0.0	0.944247338334081	0.0	0.9507559859144824	0.0	0.0	1.7905155483610184	1.062917354433256	0.6976736284982654	0.0	0.0	0.0	0.0
19763	0.0	1.0592576581121669	1.0557460239848233	0.0	0.0	0.0	0.0	0.0	0.0	2.333334157192143	2.1402311089261508	0.0	0.37724509484359886	1.7508490098000404	0.0	0.0	0.0	3.1132982477203726	2.0061384845813066	0.4969373877210001	0.0	0.0	0.7048790950644961	0.0
19764	0.0	0.0	0.0	0.0	0.0	0.0	0.0	0.0	0.0	4.020451733356385	1.5764205995356595	0.0	0.0	0.0	0.0	0.0	0.0	0.0	3.233857234371214	0.0	0.0	0.0	0.0	0.0
19765	0.0	1.9762575226178611	0.0	0.0	0.0	0.0	0.0	0.0	0.0	1.09231035400627	1.2305895513473186	0.8270234981717612	0.0	0.0	0.0	0.0	0.0	2.330299423786808	1.3462616788249087	0.0	0.0	0.0	0.7846405922935119	0.0
19766	0.0	1.1399868326741391	0.0	0.0	0.0	0.0	0.0	0.0	0.0	3.487934534248586	1.1416009057751824	1.2666390368171316	0.0	0.4525486807194022	1.3389474357246998	0.0	0.0	2.1039882861702988	1.8581205383787023	0.8160669666183058	0.0	0.0	1.5487243150566758	0.0
19767	0.0	1.365217756437104	0.9963368974050553	0.0	0.0	0.0	0.0	0.0	0.0	2.0556860038535065	1.6945150448236257	0.8111110088915511	0.0	0.0	0.0	0.0	0.0	3.996874626097144	0.4229583095204499	0.4707838601000664	0.0	0.0	0.0	0.0
19768	0.0	3.527572524369419	0.0	0.0	0.0	0.0	0.0	0.0	0.0	1.8169913224322702	1.5369310530158595	0.0	0.0	0.0	1.5299650205447552	0.0	0.0	2.1932194057129277	0.39872859594691806	0.0	0.0	0.0	0.0	0.0
19769	0.0	1.2278708357467576	1.896119464936273	0.0	0.0	0.0	0.0	0.0	0.0	1.8539988974267678	2.234443305983499	0.0	0.0	0.5782864548840855	1.0864777609547789	0.0	0.0	2.293781989131346	2.0474725680102956	0.0	0.0	0.7988257886090576	0.7360537670095808	0.0
19770	0.0	1.1479442398984439	0.0	0.0	0.0	0.0	0.0	0.0	0.0	1.8370180755204812	0.8986036514368628	0.0	1.0443419946772339	1.0451448742295133	0.0	0.0	0.0	1.8349084427590514	2.095080729687664	0.0	0.0	0.0	1.4760184783419847	0.0
19771	0.0	1.251040931842847	0.0	0.0	0.6089067873215235	0.0	0.5794113150684244	0.0	0.0	2.8264125904409205	1.0854341452785483	0.0	0.0	0.0	0.0	0.0	0.0	1.6622249215285796	1.2036606231439075	0.0	0.0	0.0	1.2840839255195813	0.0
19772	1.3760689516289468	0.9779830687452502	0.0	0.0	1.3424961520866074	0.0	0.6763486987924769	0.0	0.0	1.5051171713334324	1.0059171591466962	0.0	2.480129364905522	4.0579699581694655	0.43833805259920633	0.9870503296056402	0.0	2.098173336431636	0.8828324893666608	0.0	0.0	1.9159942660958877	1.1447941444722685	0.0
19773	0.0	1.1605061688917027	0.0	0.0	0.0	0.0	0.0	0.0	0.0	3.307228173814467	3.0192528986706586	0.0	0.9683373648667348	0.0	2.0187721191978576	0.0	0.0	3.173578117103951	2.1902615956639426	0.0	0.5734050426212636	1.0455160658804705	0.0	0.0
19774	0.0	0.9523263326123993	0.0	1.888693607270106	0.0	0.0	0.0	0.0	0.0	3.948741809934827	3.0780429533222198	0.0	0.0	0.0	1.290212649761044	0.0	0.6368743212613868	5.446213984151234	1.1625247323755763	0.0	0.0	0.0	0.9553226500222219	1.1060350443275284
19775	0.0	0.0	2.360144205337127	0.0	0.0	0.0	0.0	0.0	0.0	2.021945458393881	3.3406004839826577	1.249821424797802	0.0	0.4327803171091759	0.0	0.0	0.0	3.792458302215942	3.109241111221818	0.0	0.0	0.9080697603175313	0.14517368432949448	0.0
19776	0.0	1.1114874636768368	0.9998261105814866	0.0	0.0	0.0	2.2586128575174698	0.0	0.0	4.33655627955274	2.2147232621681647	0.0	0.0	0.0	0.0	0.0	0.0	5.625524125762309	1.9301895700153238	0.7092876606895597	0.0	0.0	0.0	0.0
19777	0.0	0.8775026020802746	0.0	0.0	0.0	0.0	0.0	0.0	0.0	1.1396593918411608	1.1204299718408588	0.0	0.0	0.9482090202169358	0.0	0.0	0.0	1.1759220085333302	1.736958409203293	0.0	0.0	0.8921029934178292	0.0	0.0
19778	0.0	0.9406002851997978	0.0	0.0	1.3331285573817964	0.0	0.0	0.0	0.0	4.640852695194451	2.323250463248728	1.21958698553118	0.7314102632519442	0.6244427384891372	1.054963105990978	0.0	0.0	2.3444652273532296	2.112633256767738	0.0	0.0	0.0	0.0	0.0
19779	0.0	2.0395774780640914	0.0	0.0	0.0	0.0	0.0	0.0	0.0	3.5803948985878207	1.088114483642538	0.0	0.0	0.0	0.0	0.0	0.0	3.602340920163635	2.7904784041127066	0.0	0.0	0.0	1.4949214586985293	0.0
19780	0.0	0.9133046241036302	0.0	0.0	0.0	0.0	0.38122004108281526	0.0	0.0	2.398738040776534	2.1693128465821157	0.0	0.0	0.0	0.768369804757283	0.0	0.0	1.2209760313961786	2.106533322520413	0.0	0.0	0.0	1.5357135129471642	0.0
19781	0.0	1.1163259192552972	1.1883454407842382	0.0	0.0	0.0	0.0	0.0	0.0	2.221223099619453	2.5072040546340846	0.0	0.0	0.0	0.0	0.0	0.0	0.898640622738904	2.1684024210052417	0.0	0.0	0.0	0.38187098360911365	0.0
19782	0.0	2.031555300945004	0.944615299128644	0.0	0.0	0.0	1.4261420591369947	0.0	0.0	2.062725834865721	1.3833259260845598	0.0	0.0	0.0	0.0	0.0	0.0	3.262614909655994	4.006929447736584	0.0	0.0	0.8659708299908616	1.5192971693809243	0.0
19783	0.0	2.857958295912358	0.0	0.0	0.0	0.0	0.0	0.0	0.0	5.642307876835317	2.0433833210514876	0.8564703543652027	0.0	0.0	1.1262246917396834	0.0	0.0	1.1722764613284387	2.021536742237089	0.0	0.0	0.0	0.0	0.0
19784	0.0	1.6240520503152704	0.9197766589042617	0.0	0.0	0.0	0.0	0.0	0.0	2.7155649712569097	2.3765560445087024	0.0	0.0	0.0	1.0661753367914872	0.0	0.0	2.45570721567629	1.055822666088296	0.6974153196123813	0.0	0.3982817516192678	0.0	1.6319471115523592
19785	0.0	2.0454142078472803	0.0	0.0	0.0	0.0	1.6939636086452416	0.0	0.0	4.264565896123818	3.336239948073377	0.0	0.0	0.8094157486930336	0.0	0.0	0.0	3.0107993534350648	2.1569480093373437	0.5402682982264211	0.0	0.0	0.8795546385010999	0.0
19786	0.0	1.8289017289534184	0.0	0.8620143039317273	0.0	0.0	0.0	0.0	0.0	1.977726263793281	2.2275490796165167	0.9817285299909952	0.8504199796026618	0.0	0.8546412149343227	0.0	0.0	1.1018902167918072	4.280882711159418	0.0	0.0	0.0	2.0417569569926486	0.0
19787	0.0	0.5752283886604466	0.0	0.0	0.0	0.0	0.0	0.0	0.0	2.1424885348779386	1.1582637994118923	1.259086873665427	0.0	0.0	0.0	0.0	0.0	2.02554902023288	1.478527121537577	0.0	0.0	0.0	0.8261047025600547	0.0
19788	0.0	1.7087026189317907	1.5389939665601324	0.0	0.0	0.0	0.0	0.0	0.0	3.107673533997681	1.264472103492727	0.0	0.8802057403763713	0.0	0.9961921202519655	0.0	0.0	2.3756944086504137	1.751864021495204	0.0	0.0	0.8918906233653164	0.0	0.0
19789	0.0	0.5526492369616193	1.857132939885688	0.0	0.0	0.0	1.187241903755246	0.0	0.0	0.8876778000435196	2.574538531654559	2.693056025778074	0.0	0.8314556743864653	1.176579423976676	0.0	0.0	2.0394127867882323	1.1985455654618662	0.0	0.0	1.1250498112857508	0.0	0.0
19790	0.0	2.608807150525973	0.8551609122909954	0.0	0.0	0.0	0.0	0.0	0.0	0.7904849780571406	2.447698357056747	0.9999802221057505	0.0	0.9955400723224843	0.0	0.0	0.0	1.2022060163241033	0.771870063316488	0.0	0.0	1.1731877964046031	0.2228936496436396	0.0
19791	0.0	2.4787900274125683	0.5662473793975176	0.0	0.0	0.0	0.0	0.0	0.0	1.0985368669004274	1.0073377784448299	0.0	0.0	0.0	0.0	0.0	0.0	1.3781361541078803	0.47969966497101807	0.5	0.0	0.4865042554105199	0.7794197001831109	0.0
19792	0.0	1.9604510480337487	0.0	0.0	0.0	0.0	0.6348231760425966	0.0	0.0	4.217237798103691	1.3463729256738064	0.0	0.2690234012779064	0.0	0.9676858540793082	0.0	0.0	2.399866088105485	2.658141675009793	1.2260594561296925	0.0	0.0	1.5076427342047714	2.176606317159443
19793	0.0	0.8331058740412893	0.4499981737124165	0.0	0.0	0.0	0.6412244589636318	0.0	0.0	1.590608809619131	0.5934744229311227	0.0	0.0	0.0	0.8642670652896437	0.0	0.0	1.0816297570399143	1.071564751371976	0.357250852461146	0.0	0.0	0.0	0.9928834781595556
19794	0.0	1.2137326453724713	1.0778738582948852	0.0	0.0	0.0	0.0	0.0	0.0	2.9722411855249153	1.151415392484523	0.0	0.0	0.6210333319261058	0.0	0.0	0.0	3.944929419208324	1.020458189244948	0.7266813907218205	0.0	0.0	0.0	0.0
19795	0.0	0.0	0.0	0.0	0.0	0.0	0.0	0.0	0.0	3.5666143870445817	1.1506327450657916	0.0	0.0	0.0	0.9341826401270726	0.0	0.0	1.991027033495741	2.37933746264889	0.0	0.0	0.0	0.0	0.4687499860233375
19796	7.2085599165437495	0.9302052560706431	1.796498359041473	0.0	0.9167705536025551	0.0	0.0	0.0	1.509093069548717	2.3143673978789994	2.2004488879867163	0.948494449460079	0.0	1.131857754656476	1.116341218867309	0.0	9.909743267445478	1.9853610404288882	0.9586973282871414	0.0	0.0	2.5931741762176195	0.0	0.32939779760422017
19797	0.0	0.46095851551228945	0.6119498269456466	0.0	0.0	0.0	0.0	0.0	0.0	0.6374152414886028	0.0	0.0	0.0	0.0	0.2863107852625351	0.0	0.0	0.49113560974555	0.7909306300542941	0.0	0.0	0.0	0.0	0.0
19798	0.6869984198792102	1.0035398340781299	3.0243035623159646	0.0	0.0	0.0	0.0	0.0	1.8352905284262595	0.9954063167181953	1.2016135616766142	0.0	0.0	0.0	0.5226152644897015	0.0	2.4276419564929275	1.6584733778055907	1.7226142027041413	0.5527707983925667	0.0	0.0	0.0	0.0
19799	3.8303382344607084	1.2276999314614814	0.0	0.0	0.0	0.0	0.6521509317136752	0.47927557897870143	0.0	2.275644762491187	2.460464902050059	0.0	0.0	0.0	1.7649598889219318	0.0	0.0	2.007550298617018	2.3994498730121747	0.0	0.0	0.0	1.336458033853242	0.0
19800	1.653132778987404	2.1098877880442557	0.29642485299489696	0.0	0.0	0.0	0.0	0.0	0.0	1.1685326695808378	0.8189094362095691	0.0	0.0	0.0	1.2946022145906135	0.0	0.0	1.2829340992300187	1.1595725161022026	0.0	0.0	0.0	0.865484644815831	0.0
19801	0.0	1.6511459060822617	0.0	0.0	0.0	0.0	0.0	0.0	0.0	2.998716363958881	1.2306685805704156	0.0	0.843484899747499	0.0	0.0	0.0	0.0	4.311198592310685	0.9930039848276941	0.0	0.0	0.0	0.0	0.0
19802	0.0	2.285725155631742	1.4399768757537446	0.0	0.0	0.0	1.1781888759301489	0.0	0.0	2.1110869696634107	2.037668099134194	0.0	0.0	0.0	1.2707389547918044	0.0	0.0	2.2277778614516186	2.0788976373225636	0.0	0.0	0.0	0.0	0.0
19803	0.0	0.0	1.0942924629700377	0.0	0.0	0.0	0.0	0.0	0.0	2.343967300565204	1.274144054925632	0.947916638402749	0.0	0.0	0.7708331943054039	0.0	0.0	0.9757386908725286	1.392572814688325	0.0	0.0	0.0	0.0	0.0
19804	0.0	0.6011499547068633	0.8934388076456407	0.0	0.0	0.0	0.0	0.0	0.0	4.741189061356012	3.051853023333181	0.0	0.0	0.0	0.0	0.0	0.0	2.691217765478017	1.9863412582675177	0.0	0.0	0.0	0.9140798830197076	0.4811614269569464
19805	0.4956528474167726	1.2931383657102025	2.5165961906075607	0.0	0.7969821644107411	1.67548452219595	0.0	0.0	0.0	2.4905415857869095	2.4088292693243045	0.7823754973784152	1.8081403001507486	2.0055009403374235	1.2892946528060938	0.7949083511286703	0.9241673804749317	3.1314609251609538	0.6882994170457183	0.6837042661456094	0.7276473090312453	2.561093807258145	0.0	0.0
19806	0.0	1.2658057769346287	0.0	0.0	0.0	0.0	0.0	0.0	0.0	3.2647934067445505	2.202716463601076	0.662158767461421	0.0	0.0	0.0	0.0	0.0	2.0135224037897275	2.334778860929173	0.0	0.0	0.0	0.0	0.0
19807	1.0068559062984623	1.9480263324733036	0.0	0.0	0.5971218593995946	0.4578170869930382	0.0	0.0	0.0	3.243784518739256	3.0536215147931136	0.0	1.0191007350815364	1.1466500494887706	1.3684315567191898	0.4424884696640581	0.0	2.996935371612411	3.1605177901803496	0.49674160857616034	0.716216210909828	2.229585903471685	0.9996091269852561	0.0
19808	0.0	1.0536332921418672	1.074683668694039	0.0	0.0	0.0	0.0	0.0	0.0	3.68073630383614	2.300248419952769	0.0	0.0	0.0	0.0	0.0	0.0	2.6886181042176274	2.1992492398529824	0.0	0.6836193808373192	0.0	0.0	0.0
19809	0.0	1.7533472068905067	0.0	0.0	0.0	0.0	0.0	0.0	0.0	1.9738772675173206	1.3526217928674846	0.0	0.0	0.0	0.0	0.0	0.0	2.2331899197332272	0.854936255745216	0.0	0.0	0.0	0.0	0.0
19810	0.0	2.2457066881967833	0.0	0.0	0.0	0.0	0.0	0.0	0.0	1.919768225455421	2.08464608503235	0.8519908180637568	0.0	0.0	0.0	0.0	0.0	2.258160318565153	1.1526414685461395	0.0	0.0	0.0	0.0	0.0
19811	1.294911000201853	1.1496997078081375	0.795943074495103	0.0	0.0	0.0	0.0	0.0	0.0	1.108970289767289	1.3914510558427073	0.0	0.0	0.0	0.9280933260970705	0.0	0.0	2.0573604124764353	2.182776625467979	0.0	0.0	0.0	0.0	0.03671112148106732
19812	0.0	1.2765094006124267	0.0	0.0	0.0	0.0	0.9918843078496383	0.0	0.0	2.8775961482615715	2.2721908187861666	0.6762560645151577	0.0	0.0	1.3569061667470075	0.0	0.0	0.9172274185730807	0.9942527752780537	0.0	0.0	0.6301488200535834	0.8267792934030217	0.0
19813	0.9689832424988709	1.7941053306949053	1.0753660766216786	0.929898554950845	1.6249917426134501	0.0	0.0	0.0	0.7652962989295313	4.376660319873539	1.9543504627554125	0.929898554950845	1.1432412669818743	3.0023813048648273	2.7098257161616255	0.0	0.0	1.5665551383030618	3.5302757774360667	0.0	0.0	2.106406123354849	1.7780159352137312	0.0
19814	0.0	1.2783136327997338	0.7282606856283271	0.0	0.0	0.0	1.3098506944773527	0.0	0.0	4.3632299279838485	1.0102394527216456	0.0	1.0169573308188147	0.0	0.9665226753222739	0.0	0.0	3.568974227377837	0.8833547731958598	0.0	0.0	0.0	0.0	0.0
19815	0.0	1.268973279796696	0.0	0.7512535853605523	0.0	2.043754801938629	1.0196187486815516	0.0	0.0	2.3146568197475217	2.32732027610942	0.0	0.5218425211825993	0.0	1.1037299982777886	0.0	0.0	1.008396219578545	1.1799937741860411	0.0	0.0	0.0	0.0	0.0
19816	0.4703797364582023	1.2651923634404096	0.0	0.0	1.2418012384478414	0.0	0.0	0.0	0.0	3.5869609186730966	1.1727503244794502	0.8672565443929939	0.0	0.0	0.0	0.0	0.0	1.9665301929926668	1.2670956117546948	1.8359544616493884	0.0	0.8862011081086906	0.0	0.0
19817	0.0	1.4231567377855185	0.0	0.0	0.0	0.0	0.0	0.0	0.0	4.1562229224651785	1.7991788582009731	0.0	0.0	0.0	1.674828548269874	0.0	0.0	1.975058725379409	1.305666818227524	0.0	0.0	0.0	0.0	0.0
19818	0.0	2.1962750420841712	0.8700437512418091	0.0	0.0	0.0	0.0	0.0	0.0	2.42642255668089	4.845089912532647	0.8202302527768452	0.0	0.0	1.9011128269579138	0.0	0.0	2.0549205053316	1.0861996163511398	0.0	0.0	1.1597066042968667	0.9566987733481143	0.0
19819	0.0	0.0	0.0	0.0	0.0	0.0	0.0	0.0	0.0	0.0	0.0	0.0	0.0	0.0	0.0	0.0	0.0	0.7496555682941201	0.0	0.0	0.0	0.0	0.0	0.0
19820	0.0	1.207711137621733	0.0	0.0	0.0	0.0	0.0	0.0	0.0	3.0573177223031367	1.0046620299347055	0.0	0.0	0.0	0.0	0.0	0.0	3.182443556205776	0.9069068047269918	0.0	0.0	0.0	0.9736494456052658	0.0
19821	0.0	1.2269397759072966	0.843521142973062	0.0	0.0	0.0	0.0	0.0	0.0	2.188082707889988	1.3985200476652615	1.0144470846579188	0.0	0.0	0.0	0.0	0.0	3.066887580500513	1.6311867578919543	0.0	0.0	0.0	0.9780320752167193	0.0
19822	0.0	1.4524932602579534	0.0	0.0	0.0	0.0	0.0	0.0	0.0	2.7216735310845275	2.0813304694467356	0.0	0.0	0.0	1.3582374773398247	0.0	0.0	1.9345316902488112	1.2261182133591682	0.0	0.7696907837596441	2.565010250491437	0.8793343498893196	0.0
19823	0.0	1.0833002836223191	0.0	0.0	0.0	0.0	0.5593266133376917	0.0	0.0	2.1444078083435643	1.1264482282536166	0.0	0.0	0.0	0.0	0.0	0.0	1.06069334857565	1.362210095209364	0.0	0.0	0.0	1.3791222762771895	0.0
19824	0.0	0.9573797385148805	0.0	0.0	0.0	0.0	0.0	0.0	0.0	6.148511609433446	0.0	0.0	0.0	0.0	0.0	0.0	0.0	3.543794678818679	1.0851978257385397	0.0	0.0	0.0	0.8989285635456672	0.9963197585235826
19825	0.0	0.0	0.0	0.0	1.5099787107056475	0.0	0.0	0.0	0.0	0.857637808307681	1.0893045096996772	0.0	0.0	0.0	0.0	0.0	0.0	2.1574253989482197	4.300826891572218	0.0	0.9820912664404299	0.0	0.0	0.0
19826	0.0	1.2070387426064717	0.0	0.0	0.0	0.0	0.0	0.0	0.0	2.300100789700063	1.9315820286587084	0.0	0.6417382511929138	0.0	0.9265473197145597	0.0	0.0	2.1582139203052426	2.202929635534869	0.0	0.0	0.0	1.131500670982953	0.0
19827	0.0	0.0	0.0	0.0	0.0	0.0	0.0	0.0	0.0	1.2349551227680873	2.1238101652316796	0.0	0.0	0.0	0.0	0.0	0.0	0.9031146106668855	1.8740063599535473	0.0	0.0	0.0	0.0	0.0
19828	0.0	1.0481969306339378	1.3381080080445469	0.0	0.0	0.0	0.0	0.0	0.0	2.0957147221872083	1.4064579537403996	0.0	0.6640651066167387	0.2743472354163088	0.0	0.0	0.0	1.0789054088719547	1.1465696287536342	0.9801995693310802	0.0	0.0	0.0	0.0
19829	0.0	0.9073924631635615	0.8691072655376263	0.0	0.0	0.0	0.0	0.0	0.0	2.9149808016304495	1.2736489921152525	0.0	0.0	0.0	0.0	0.0	0.0	2.1510483264592932	0.5233588612317401	0.0	0.0	0.0	0.0	0.0
19830	0.0	0.9566691123233078	0.0	0.0	0.0	0.0	0.0	0.0	0.0	3.469878770473721	3.058624143487348	0.0	0.0	0.0	0.0	0.0	0.0	1.1514247388216288	1.155874102719554	0.0	0.0	0.0	0.0	0.0
19831	0.0	1.0562289112775178	0.9443059337387116	0.0	0.0	0.0	0.0	0.0	0.0	3.473288423319038	2.144501885944996	0.0	0.0	0.0	0.0	0.0	0.0	3.0789209658569248	1.7843714288188683	2.2026394779009437	0.0	0.0	0.0	0.0
19832	0.0	0.0	0.0	0.8381404052084444	0.0	0.0	0.0	0.0	0.0	2.799685978310503	1.963475886924579	0.0	0.0	0.0	0.0	0.0	0.0	2.337735481581331	1.0348248860145652	1.8729233985758642	0.0	0.3740276650394674	0.0	0.0
19833	0.0	1.14582722440059	0.0	0.0	0.0	0.0	0.0	0.0	0.0	3.1546948888691047	1.8934256120220234	0.0	0.0	0.9384072463230682	1.0375398990356985	0.0	0.0	1.64706802707388	1.9658905952791437	0.0	0.0	0.0	0.0	0.0
19834	0.0	1.3173248881796558	0.0	0.0	0.0	0.0	0.0	0.0	0.0	4.272989154077449	1.1823511570417464	0.0	0.0	0.0	0.0	0.0	0.0	2.3077596923644346	0.9671431960781335	0.0	0.0	0.0	0.0	0.0
19835	0.0	0.5503755937770047	0.0	0.0	0.0	0.0	0.0	0.0	0.0	1.6480408901208137	1.8283977123275024	1.4543278041317882	0.0	0.0	1.9182943854339654	0.0	0.0	1.9468441634768214	2.2193541759442885	0.5904735420248884	0.0	0.0	0.0	0.0
19836	0.0	2.0649175432701226	0.8189371874160802	0.0	0.0	0.0	0.0	0.0	0.0	3.314717564862367	2.1720714110633934	0.0	0.9749159668427972	0.0	0.5333882424704811	0.0	0.0	2.525307728088328	2.482321944803143	0.0	0.0	0.7813015373112119	0.0	0.0
19837	0.0	2.1530015591944465	0.0	0.0	0.0	0.0	0.0	0.0	0.3043808576981186	2.0428319957686325	2.35018836795	0.0	1.0606667222784052	0.0	0.9539616231118025	0.0	0.0	2.776454400810595	1.3232422475215442	0.0	0.0	0.0	0.0	0.0
19838	0.49451976204624715	2.398573496240365	0.7069556273344667	0.0	0.0	0.0	1.0686284475919452	0.0	0.7556542220080579	2.381134334341947	2.0675574849795963	2.1530818817230277	0.0	0.0	0.0	0.0	0.0	0.970870685793881	0.9955657303375761	0.9123744141401487	0.7124189650612966	0.0	0.0	0.0
19839	0.0	1.1952357750700473	0.0	0.0	0.0	0.0	0.0	0.0	0.0	3.3014811604774517	3.1478624095913204	0.9740982094961022	0.0	0.0	0.0	0.0	0.0	2.2605005191421843	2.231993881499706	0.0	0.0	0.0	1.4931270778629386	0.0
19840	0.0	1.2455758031523132	0.4428440806040429	0.0	0.0	0.0	1.1122896244309664	0.0	0.0	1.2510207923048162	0.9661046298852046	0.0	0.0	0.0	0.0	0.0	0.0	4.3490049663986685	1.0193349053025793	0.0	0.6553728927722628	0.0	0.0	0.4015657264076393
19841	0.0	1.2848707045989696	0.0	0.0	0.0	0.0	0.0	0.0	0.0	3.1638036059205423	1.9863210268797182	0.0	0.0	0.0	0.0	0.277296776935901	0.0	1.879263382119441	2.1739265607555964	0.0	0.0	0.0	0.7677008971178826	0.0
19842	0.0	2.820186474520931	0.0	0.0	0.0	0.0	0.0	0.0	0.0	1.8136091972704436	0.9802692152541564	1.4034705355750314	0.0	0.0	0.0	0.0	0.0	2.318357835592381	2.124578886721584	0.0	0.0	0.0	0.0	0.0
19843	0.0	1.091916648234993	0.0	0.0	0.0	0.0	0.0	0.0	0.0	4.662535035588277	1.287683670173762	0.0	0.0	0.0	2.008388579638746	0.0	0.9945377921838118	1.160341857032273	1.4849515528029942	0.9214030951752217	0.0	0.0	0.0	0.0
19844	0.0	0.5601120336112039	0.0	0.0	0.0	0.0	0.0	0.0	0.0	0.9972993478449579	0.9014396524254092	0.0	0.0	0.0	1.8368687731184892	0.0	0.7733437624966819	0.7689675118089245	0.6772200704307774	0.7147829079473107	0.0	0.0	0.0	0.0
19845	0.0	1.0903488072977798	0.0	0.0	0.4120848088371925	0.0	0.0	0.0	0.0	5.395130916427094	1.4008170617259597	0.0	0.0	0.0	1.5562044835135926	0.0	0.0	3.19251029643715	1.6761793752761645	0.626211501631358	0.0	0.0	0.0	0.0
19846	0.0	0.9200689520788474	0.0	0.0	0.0	0.0	0.0	0.0	0.0	2.8832255319344893	1.1088610046178449	0.0	0.8029157075334319	0.0	0.0	0.0	0.0	4.444372347994948	1.5955486499198834	0.0	0.0	0.0	0.0	0.0
19847	0.0	0.0	0.0	0.0	0.0	0.0	0.0	0.0	0.0	0.0	0.0	0.0	0.0	0.0	0.0	0.0	0.0	2.0385814937205318	2.171036605704901	0.0	0.0	0.0	0.0	0.0
19848	0.0	1.6845059079447062	0.0	0.0	0.0	0.0	0.0	0.0	0.0	0.8358331701645724	0.8765033896214345	0.0	0.0	0.0	0.0	0.0	0.0	2.2706134222586245	2.0588625206391837	0.6852673936948368	0.0	1.1366665630070814	0.0	0.0
19849	0.0	0.0	1.8281323954857975	0.0	0.0	0.0	0.0	0.6646527535091936	0.0	2.9087928811788433	2.8747738762373753	0.0	1.7262513298217061	1.7176144841419159	0.0	2.743027256817737	0.0	1.383290357236178	0.7379030009676718	0.0	0.0	1.2549041844307813	1.3300931503339397	0.0
19850	0.0	1.274216934785134	0.0	0.0	0.0	0.0	0.0	0.0	0.0	4.2172976262879995	1.218212660787342	0.6315544363175716	0.0	0.0	0.0	0.0	0.0	1.2144912344164247	1.1050072397263215	0.0	0.0	0.0	0.0	0.0
19851	0.0	0.9392843648659203	0.6107014300599686	0.0	0.0	0.0	0.0	0.0	0.0	4.638506701275852	2.2794375233851194	0.0	1.5177351675925683	0.0	0.8105570028525423	0.0	0.0	2.098812256469725	0.9767802272082097	0.0	0.0	0.0	0.0	0.0
19852	0.0	1.698888371409442	0.0	0.0	0.0	0.0	0.0	0.0	0.0	4.3303598266056005	1.3438774001180265	0.2714824807061739	0.0	0.0	0.0	0.0	0.0	4.152205824610151	2.0256996546717083	0.0	0.0	0.8937207546026313	0.0	0.0
19853	0.0	2.26129869742207	0.0	0.0	0.0	0.0	0.0	0.0	0.0	2.138195124847464	1.0338681641139504	1.3940975621369303	0.0	0.0	0.0	0.0	0.0	2.340247267163909	2.141440325263972	0.0	0.0	0.0	0.0	0.0
19854	0.0	1.2346260389768386	1.0398000576738229	0.0	0.0	0.0	0.0	0.0	0.810541846761651	1.338218934590864	1.2709148521097304	0.8986943615910559	0.0	0.0	0.0	0.0	0.0	3.648057563490551	2.132368806339042	0.0	0.0	0.36913294502580196	0.0	0.0
19855	0.0	1.8910643540355938	0.0	0.0	0.0	0.0	1.0916149205372652	0.0	0.0	2.1359510235731536	1.7324712377320013	0.0	0.2728134838763019	0.8386953065780882	0.0	0.515219447352822	0.0	1.1078649272107044	3.5715011658863642	0.0	0.0	0.0	1.4093111612630151	0.47539123469683586
19856	0.0	1.0724827215386523	0.6537817689640854	0.0	0.0	0.0	0.0	0.0	0.0	1.1558811718278603	1.124412094018865	0.0	0.0	0.0	0.819746552352496	0.0	0.0	2.2103340089094177	0.9304824688378971	0.0	0.0	0.0	0.7313593180158168	0.0
19857	0.0	1.045833330142202	0.0	0.0	0.0	0.0	0.0	0.0	0.0	1.2374970521740563	1.1342458878188268	0.822595175035413	0.0	0.0	0.4925000322558041	0.0	0.0	1.0526225670807676	0.7096847478766218	0.0	0.0	1.4071274602360122	0.0	0.0
19858	0.0	0.9590443129826136	0.0	0.0	0.0	0.0	0.0	0.0	0.0	3.3718930351608773	1.0730625580133955	0.5065724584259009	0.0	1.0688244770662965	1.101464177982799	0.0	0.0	2.6620233827491804	1.315631233134349	0.0	0.0	0.0	0.0	0.0
19859	0.0	1.6659018173630549	0.0	0.0	0.0	0.0	0.0	0.0	0.0	4.694490359283667	2.0258578836399717	0.0	0.0	0.0	1.0209115221270095	0.0	0.0	3.1952974006862465	2.425323987411921	0.0	0.0	0.0	0.8795750400452258	0.0
19860	0.0	0.8912176915859782	1.0355674772799695	0.0	0.0	0.0	0.9199236830063703	0.0	0.0	1.1057291030407903	1.091989144804297	0.0	0.0	0.6294962949483605	0.0	0.0	0.0	1.0707569321079415	2.325026457901016	1.2355813166104637	0.0	0.0	0.0	0.0
19861	0.0	0.9621984586616328	0.0	0.0	0.0	0.0	0.0	0.0	0.0	2.911717592506291	1.5967487953899797	0.0	0.0	0.0	0.0	0.0	0.0	2.9479293422702617	1.1501756601037558	1.7036684050225428	0.0	0.0	0.0	0.0
19862	0.0	1.053759811642671	0.0	0.0	0.0	0.061084293746442274	0.0	0.0	0.0	2.1529942468378604	1.321691302135689	0.0	0.7310761649715202	0.0	0.0	0.0	0.0	1.9539938440689666	2.275631513806459	0.0	0.0	0.0	1.398804955833702	0.0
19863	0.0	1.7369149636134835	1.6600959489479667	0.0	0.0	0.0	0.0	0.0	0.0	3.223364233135966	1.9377480297256293	0.0	0.0	0.0	0.0	0.0	0.0	3.0327706525027915	1.2350586877977388	0.188841523915502	0.0	0.043509109877500556	1.5940303306511734	0.46110107494685876
19864	0.0	1.1679520237970495	0.27346864465680587	0.0	2.1783867193380613	0.7994947437346387	0.0	0.0	0.0	3.479020484929625	2.2233810786167	0.0	0.0	0.9577372789381857	0.401254048229249	2.32555442388959	0.0	2.1697494809606783	0.7891386547432544	0.0	0.0	2.163048673642924	0.0	0.39267672624930106
19865	0.0	0.8801180074584772	0.0	0.0	0.0	0.0	0.0	0.0	0.0	3.124411596778977	1.3710696808341198	0.8686508109007716	0.0	0.0	0.0	0.0	0.0	3.9261572878645405	1.2561400939331901	0.0	0.0	0.0	1.6634643078086802	0.0
19866	0.0	0.0	3.153502047470192	0.0	0.0	0.0	0.0	0.0	0.0	2.3968635243544685	0.937291357670195	0.0	0.0	0.0	0.0	0.0	0.0	0.7345778233543372	0.8068278692165831	0.0	0.0	0.3550265191452948	0.0	0.0
19867	0.0	1.2760266237961801	0.0	0.0	0.0	0.3072130596802647	0.0	0.0	0.0	2.2069004608122844	2.1482732993137432	0.0	0.964844194736112	0.0	1.2111601382463963	0.0	0.0	2.849508052118269	0.9127624721571941	0.0	0.0	0.2731028179846903	0.0	0.0
19868	0.0	0.7249264420745342	0.8491421388742294	0.0	0.0	0.0	0.0	0.0	0.0	2.048198942408066	2.148392717680466	0.0	0.0	0.0	0.962020725743241	0.0	0.0	2.1754616104047066	1.136292539253718	1.098294812965472	0.0	0.0	0.0	0.0
19869	0.0	1.324961756590914	0.0	0.0	0.0	0.0	0.8216089838323639	0.0	0.0	1.9709332428690762	2.356458259475692	0.0	0.0	0.0	1.3379951560634362	0.0	0.0	3.4167540562797822	1.271720445713498	0.6068431311785493	0.0	0.0	0.0	0.0
19870	0.0	1.188421403532077	1.5086168139584104	0.0	0.0	0.0	0.0	0.0	0.0	3.387443304193039	1.1570354496875266	0.0	0.0	0.0	1.2566041552747043	0.0	0.0	1.884736395790513	2.344533986570637	0.0	0.0	0.0	0.0	0.0
19871	0.0	0.9805310872849192	0.0	0.0	0.0	0.0	0.0	0.0	0.0	2.213364339222068	1.2691816542488967	0.0	0.0	1.6901321478459865	0.9209703240845047	0.0	0.0	4.5766368633565255	1.8827920789830939	0.0	0.0	0.9809394657684347	0.7230875822608862	0.0
19872	0.0	2.4549328451081425	0.0	0.0	0.0	0.0	0.0	0.0	0.0	2.208324047619803	1.6926734618592139	1.0400419578425657	0.0	0.0	0.0	0.0	0.0	3.3101893384252454	2.088112278396061	1.553377694618205	0.0	0.0	0.0	0.0
19873	0.0	0.0	0.0	0.0	0.0	0.0	0.9919047492043171	0.0	0.0	1.7340134720031544	0.0	0.0	0.0	0.0	0.0	0.0	0.0	1.3108775686539154	1.1108843305982659	0.2290614236454256	0.0	0.0	0.0	0.0
19874	0.0	2.039491993048385	0.0	0.0	0.0	0.0	0.0	0.0	0.0	3.951719603734537	1.9370434262862755	0.0	0.0	0.0	0.0	0.0	0.0	2.095342556147257	2.213259749515857	1.288345492902517	0.0	0.0	0.0	0.0
19875	0.0	2.4117010440481503	0.0	0.0	0.0	0.0	0.0	0.0	0.0	2.2202885532069163	1.1304559637406335	0.0	0.0	0.0	0.0	0.0	0.0	2.6546096920385107	1.2816638252993353	0.8342251227891471	0.0	0.0	0.9130213153785627	0.32169790792874986
19876	0.0	2.0101959422943385	0.0	0.0	0.0	0.0	0.0	0.0	0.0	3.089010356218816	2.0367342278413854	0.9809390325739913	1.081928754009562	0.0	0.0	0.0	0.0	2.20493579675605	1.723952696798303	0.0	0.0	0.0	0.0	0.0
19877	0.0	1.3498993242444297	0.0	0.0	0.0	0.0	0.35389260193102673	0.0	0.0	2.816742762906748	2.0596775430757734	0.6264181806230735	0.0	0.0	1.1857137764921657	0.0	0.0	1.10739412230231	3.7366200911885987	0.0	0.0	0.0	0.7555307794599597	0.0
19878	0.0	0.0	1.1116523824395437	0.0	0.0	0.0	0.0	0.0	0.0	1.7970310319174474	2.223131241054601	0.0	0.0	0.0	1.0982485733577394	0.0	0.0	2.1664127802506714	2.0857121982867746	0.0	0.0	0.0	0.0	0.5650700909165939
19879	0.0	0.5164619893370238	0.0	0.0	0.0	0.0	0.6984503376737033	0.0	0.0	0.8678055195451838	1.662818826222497	0.0	0.0	0.0	0.7171458404546087	0.0	0.0	1.1755009189782144	0.852398980547588	0.6943296507508848	0.0	0.0	0.0	0.0
19880	0.0	1.7416298653235516	1.4773658780956913	0.0	0.3228673584916229	0.0	0.0	0.0	0.0	3.243078077578736	1.1725919583667825	1.2029985926590359	0.0	0.4645976649336119	1.7631261766412374	0.0	0.0	1.281164813929519	2.32897955019276	0.0	0.0	0.0	0.0	0.0
19881	0.0	1.95430562739142	0.4435600997950305	0.0	0.0	0.0	0.6899856860207901	0.0	0.0	2.3051990698453535	0.0	0.0	0.0	0.0	2.066131400134083	0.0	0.0	2.9831148557159057	1.2138914939102143	0.0	0.0	0.0	0.0	0.0
19882	0.0	1.0813911331006958	0.6459359984109957	0.0	0.0	0.0	0.0	0.0	0.0	3.2489650582087033	2.8694554835780797	0.0	0.0	0.0	2.343726851737539	0.0	0.0	2.0463517088986865	1.4191127260147123	0.0	0.0	0.0	0.0	0.0
19883	0.7212533111377253	2.1875674189592664	0.0	0.0	0.0	0.0	0.0	0.0	0.0	1.1225109516305538	2.175299764571298	0.0	0.0	0.0	0.0	0.0	0.0	3.6391802075950976	1.727263217411354	1.9125280897229135	0.0	0.0	0.0	0.0
19884	0.0	1.0262530165726829	0.0	0.0	0.0	0.0	0.0	0.0	0.0	1.026846737833787	0.7122823802147369	0.0	0.0	0.0	0.0	0.0	0.4333850252451019	1.039269502674777	1.0703640930945544	1.3568327577502162	0.0	0.0	0.762803652474321	0.0
19885	0.0	0.6815061263001766	0.7224337948028121	0.0	0.0	0.0	0.0	0.0	0.0	3.111496134619035	2.146919386208694	0.0	0.0	0.0	0.0	0.0	0.0	3.4182712237679915	1.0371728926423545	0.0	0.0	0.0	0.0	0.0
19886	0.0	1.1335516544965785	0.0	0.0	0.0	0.0	0.0	0.0	0.0	2.1034508653329564	2.043233731176966	1.1617158211587693	0.0	0.0	0.0	0.0	0.0	5.311950523604611	1.7671633429613673	0.8620266336479979	0.0	0.0	0.0	0.0
19887	0.0	1.0055395038871178	0.0	0.0	0.0	0.0	0.0	0.0	0.0	2.8383161866695197	3.1180605679547617	0.0	0.0	0.0	1.044769984891239	0.0	0.0	3.9624651906539063	2.110868101037897	0.0	0.0	0.0	0.0	0.0
19888	0.0	1.1525002563388	1.1514957144226985	0.0	0.0	0.0	0.0	0.0	0.0	4.1994919314475805	2.3876745054478707	0.0	0.0	0.0	1.3477369682733022	0.0	0.0	3.4110446799144127	2.361572422086866	0.6376690812458947	0.0	0.6334186431125024	1.1981503057885203	0.0
19889	6.840122958222015	0.880360161300727	1.1768134713965677	0.0	0.7134731443078842	0.0	1.1775753366427932	0.0	0.975107137446055	2.3030484167401224	2.0231944968841287	0.0	0.0	4.415866953654849	0.0	3.2477715204024022	12.837399965276484	0.9979262392208964	0.9360117359422763	0.19142620230706456	0.0	3.7928027403117284	0.0	0.0
19890	0.0	1.078658203544986	0.924016728087713	0.0	0.0	0.0	0.0	0.0	0.0	4.06292956310662	2.1029626307931295	0.0	1.152814381948974	1.696543411944154	1.2791423663564547	0.0	0.0	1.9466484461222977	1.365676801527838	0.0	0.0	0.8165687302091039	0.0	0.0
19891	0.0	2.1282581112302834	0.0	0.0	0.0	0.0	1.3609350425612163	0.0	0.0	4.069664597825271	2.158443624930773	0.0	0.0	0.0	2.378918595868468	0.0	0.0	2.779315173728018	1.9835661763818355	0.0	0.6871097155793797	0.0	0.6749613262860842	0.0
19892	0.0	1.732042581773142	0.0	0.0	0.5778719966152973	0.0	0.0	0.0	0.0	4.187953671166458	2.384050226383224	0.0	0.0	1.1694231299274183	0.0	0.0	0.0	2.005345414489982	2.29885494180765	0.0	0.0	0.9099932305617698	0.9360502450419254	0.0
19893	0.0	1.2306500939501903	0.0	0.0	0.0	0.0	0.0	0.0	0.0	3.5093624340693976	0.8639051915174465	0.23601830414015912	0.40283482046905156	0.0	0.9488292830168393	0.0	0.0	2.461314205331983	2.217360330406063	0.0	0.0	0.0	0.0	0.0
19894	0.0	0.7347360276524258	0.0	0.0	0.0	0.0	0.0	0.0	0.0	1.0976510569905844	0.0	0.0	0.0	0.0	1.3600986861047495	0.0	0.0	4.663604617935617	1.0552432331971504	0.0	0.0	0.0	0.0	0.0
19895	0.0	1.822589908536111	0.0	0.0	0.0	0.740641373258156	0.39168382623975195	0.0	0.47929670115163353	3.30369476389247	1.9796884632665448	0.0	0.0	0.0	0.0	0.0	0.0	1.1837422332334369	2.2644014472478657	0.0	0.0	0.7912821576676973	1.2862586294170795	0.0
19896	0.0	1.660846120109474	1.9989638830864465	0.0	1.5572761630645002	0.0	0.0	0.0	0.0	4.310999336156336	2.0401021671390978	0.0	1.116359986909527	1.0682069231245261	0.0	1.674418598858561	0.0	2.1544914501529715	1.5130101281342627	0.0	1.1350362546169173	4.0051936387505815	0.0	0.0
19897	0.0	0.0	0.8334720455302664	0.0	0.0	0.0	0.9173985275906262	0.0	0.0	3.053694048451001	1.0298106500214537	0.0	0.0	0.0	0.0	0.4429390544367286	0.0	1.0752778648401118	1.8779711328209876	0.0	0.0	0.0	0.0	0.0
19898	0.0	1.324823359554318	1.2439293882814908	0.0	0.0	0.0	0.0	0.0	0.0	2.290553676071669	3.2624394631401374	0.0	0.0	0.0	0.9173752801691564	0.0	0.0	2.303369139413932	1.9484431085006795	0.0	0.0	0.0	0.0	0.0
19899	0.0	1.381864388906151	0.0	0.0	0.0	0.0	0.0	0.0	0.0	1.2629884405996692	1.3070232326427849	0.0	1.308890167026411	0.0	0.0	0.0	0.0	1.7421486808882107	3.3214426784447815	0.0	0.0	2.3836930667458356	1.669831574408202	0.0
19900	0.4375696763306624	0.0	1.7502787053226496	0.0	0.0	0.0	0.0	0.0	0.0	3.5407869079330996	0.0	0.7355970484510567	0.0	0.0	0.0	0.0	0.0	0.7862379824440271	0.9452772870107344	0.0	0.0	0.0	0.0	0.43144951930621245
19901	0.0	0.9947265599018866	0.71637189479364	0.0	0.8078346266574769	1.2653568179956363	0.9434341865553989	0.0	0.0	2.3290946354012103	1.0578340382963989	0.0	0.0	1.394102013382054	0.0	0.0	0.0	1.1716811695316138	1.9067579717319936	0.0	0.0	0.0	0.0	0.0
19902	0.0	0.0	0.0	0.0	0.0	0.0	0.0	0.0	0.0	0.0	0.0	0.0	0.0	0.0	0.0	0.0	0.0	0.0	0.0	0.0	0.0	0.0	0.0	0.0
19903	0.0	1.7393734046669753	0.0	0.0	0.0	0.0	0.0	0.0	0.0	4.331569155569488	1.0991998341972304	0.0	0.0	0.0	1.0892126011845364	0.0	0.0	1.1753446165893586	2.1810943062823362	0.2461474974019666	0.0	0.0	0.9522192619723296	0.0
19904	0.0	1.0687206148256723	0.0	0.0	0.0	0.0	0.9716975536423756	0.0	0.0	1.1948555866587376	0.7925917749735772	0.0	0.4592010599541513	0.0	0.0	0.4348710558507329	0.0	1.172865160752425	2.2426008520269036	0.0	0.0	0.0	1.560676607972489	0.0
19905	0.0	1.0239368855364719	0.0	0.0	0.0	0.0	0.0	0.0	0.0	4.10081759036582	2.119833543755384	0.0	0.8194564272104956	0.0	0.0	0.0	0.0	1.0844117375024422	3.955766151817934	0.0	0.0	0.46021927555927694	0.9747663109249038	0.0
19906	0.0	1.9200050102065898	0.7419510673133586	0.0	0.0	0.0	0.0	0.0	0.0	1.021041376324026	2.4845832453364154	1.3510375076555605	0.0	0.630309336833458	0.0	0.0	0.0	1.0404156295018716	1.0400729328357947	0.0	0.0	0.0	1.4619164395625188	0.0
19907	0.0	1.2612133188825247	2.8725225773582843	0.0	0.0	0.0	0.0	0.0	0.0	2.2818478370036543	3.4863969798903094	0.0	0.0	0.0	1.872444204534258	0.0	0.0	3.0085816254088558	1.8489084500313213	0.997261824092174	0.0	1.7961127339165794	0.0	0.0
19908	0.0	1.2533240970714614	0.0	0.0	0.0	0.0	0.0	0.0	0.0	3.379422118279693	1.7986736546339497	0.7473863468183781	0.0	0.0	2.6286753929757722	0.0	0.0	2.1565596354486134	3.4061905933598347	0.0	0.0	0.0	1.1010692888958276	0.09512633176255551
19909	0.0	0.0	0.0	0.0	0.0	0.0	0.0	0.0	0.0	2.985084554427364	1.0481885668104243	0.6758894083689935	0.0	0.0	0.8473983492167826	0.0	0.0	2.236678799877501	1.2529905055907613	0.0	0.0	0.0	0.8287405350925663	0.0
19910	0.0	0.32014539633148537	0.48879409528965023	0.0	0.0	0.0	0.0	0.0	0.0	1.2658403299730718	1.9009198984831972	0.0	0.0	0.0	0.0	0.0	0.0	1.2652501556191345	0.7181607394207994	0.0	0.0	0.0	1.7723803057729406	0.0
19911	0.0	1.218874290784783	0.0	0.0	0.0	0.0	0.0	0.0	0.0	2.7040220029038546	3.8492383405641615	0.0	0.0	0.0	1.3909318308330898	0.0	0.0	2.637744263600433	2.1090455235521626	0.0	0.0	0.0	0.0	0.0
19912	0.0	0.8211978906323928	0.9701579236722848	0.0	0.0	0.0	0.0	0.0	0.0	4.521239612883988	1.9489381536579622	0.0	1.07350656182198	0.0	1.4023674829531765	0.0	0.0	3.855678957279681	2.3053773906149524	0.0	0.0	0.0	0.0	0.0
19913	0.0	1.0324727840626902	0.0	0.0	0.0	0.0	0.0	0.0	0.0	2.7877237155967762	1.3467386480492731	0.33041385387735317	0.8026030030653641	0.0	1.2760812023056851	1.5281230755798274	0.0	1.0885781512263841	1.0413735727706281	0.0	0.0	1.0116765395828267	0.7322762222813057	0.0
19914	0.0	2.062625406443821	1.6297685556842285	0.6031804945490512	0.0	0.0	0.0	0.0	0.0	3.1338302748073605	1.869553056780961	0.0	0.0	0.0	0.0	0.0	0.0	2.4934464463103327	2.542863230895219	0.0	0.0	0.0	0.9631216723477383	0.0
19915	0.0	1.248350719691309	1.0656649717357731	0.0	0.0	0.0	0.8469064834062566	0.0	0.0	4.272801968188216	1.1010157435415193	0.0	0.0	0.0	1.2909943796085803	0.0	0.0	3.0210719980711183	2.0214108737878544	0.0	0.0	0.4713738511362365	0.0	0.0
19916	0.0	1.2160250376179877	0.0	0.0	0.0	0.0	0.0	0.0	0.0	3.3063676537136955	1.1099406920008585	0.9848542481268233	1.893665368268377	0.0	0.0	0.0	0.0	1.9348766058497802	1.2035224499101238	0.0	0.0	0.0	0.0	0.0
19917	0.0	0.0	0.0	0.0	0.0	0.0	0.0	0.0	0.0	3.680487178698799	0.7806370023356753	0.580573769848893	0.0	0.0	0.0	0.0	0.0	1.1486405007660145	0.4909525124637421	0.0	0.0	0.0	0.9920704452817678	0.0
19918	0.0	2.007060171596344	0.8000387655647069	0.0	0.0	0.0	1.3505521302999364	0.0	0.0	0.8666056507754715	0.7840906977016258	0.8087806584088084	2.319657038757611	0.0	0.6473321104088153	0.0	0.0	2.361323246484454	0.660217511923627	0.0	0.0	0.377358299199965	0.0	0.0
19919	0.0	0.9425686290161769	0.0	0.0	0.0	0.0	0.0	0.0	0.0	2.2744223667466144	3.10182918731355	0.0	0.0	0.0	1.0645555239858717	0.0	0.0	1.2573643770888439	0.0	0.0	0.0	0.0	0.0	0.0
19920	0.0	0.8547053064356944	0.0	0.0	0.0	0.0	0.0	0.0	0.0	2.091297011782599	1.8216916404922194	0.0	0.0	0.0	0.0	0.0	0.0	1.1001348376324287	1.2300054976374362	0.0	0.0	0.0	1.8241953599078211	0.0
19921	0.0	1.2143164486906575	1.0650913461029579	0.0	0.0	0.0	0.0	0.0	0.0	2.4489945896634526	1.3313237185410132	0.0	0.0	0.0	1.3347503484708583	0.0	0.0	4.159228807188564	0.8970772623640962	0.0	0.0	0.0	1.754968113449051	0.0
19922	1.351022162249378	1.7750730957674323	0.0	0.0	0.0	0.0	0.0	0.0	0.0	0.9041940639073959	1.864007672849515	0.0	0.973512531799241	0.0	0.0	0.0	0.0	2.2403376249015023	1.1514877110295159	0.0	0.0	0.36720094620602284	0.0	1.4567190154020901
19923	0.0	1.7714674748166013	0.5428853752172806	0.0	0.0	0.0	0.0	0.0	0.0	2.053153181280933	3.092106827095571	0.0	0.0	0.0	1.9730751496894245	0.0	0.0	1.7708318414315967	2.0318727259872036	0.0	0.5779470358422498	0.0	0.0	0.0
19924	0.0	0.8599675987113313	0.9270248108869579	0.0	0.0	0.0	0.0	0.0	0.0	5.248144099875265	0.9051717723725149	0.0	0.0	0.0	0.0	0.0	0.0	6.054268466682549	2.7050660562818103	0.0	0.0	0.0	0.0	0.0
19925	0.0	0.0	0.0	0.0	0.0	0.0	0.0	0.0	0.0	2.1428303892903475	1.4783024270824878	0.0	0.0	0.0	0.0	0.0	0.0	1.7070258768544264	1.639553437106752	0.0	0.0	0.0	0.0	0.0
19926	0.0	1.857015060714599	0.9903963059026615	0.0	0.0	0.0	0.0	0.0	0.0	3.3122330618226488	0.9525935971264129	0.0	0.0	0.0	2.0238877402637976	0.0	0.0	2.055745781130144	2.5085252063597885	0.0	0.0	0.0	0.6265018686071318	0.0
19927	0.0	1.7842448702339966	0.3726779962499649	0.0	0.0	0.0	0.9353757198637732	0.0	0.0	0.7998897021405454	0.9860710832713223	0.0	0.0	0.0	0.0	0.0	0.0	1.824385722500264	1.0247825191080955	0.0	0.0	0.0	0.0	0.0
19928	0.0	0.4017237076044868	0.0	0.0	0.0	0.0	1.5170684225305908	0.0	0.0	2.3012590943673814	0.9295355190519287	0.0	0.0	0.0	0.0	0.0	0.0	4.198777896422082	0.6094907398436439	0.0	0.0	1.247219128924647	0.11250822315345618	0.0
19929	0.5581522088358153	0.0	0.0	0.0	0.0	0.0	0.6548250294575364	0.0	1.4660267563940117	3.3588445511798337	2.1062179295215273	0.0	0.0	0.0	0.0	0.0	0.0	1.9222971340051889	0.951678846998303	0.0	0.0	0.9461817506001392	0.0	0.4346590896825066
19930	0.0	0.0	0.0	0.0	0.0	0.0	0.8761617542863143	0.0	0.0	3.55791287397337	1.883994463159293	0.0	0.0	0.0	0.0	0.0	0.0	4.331855692318965	1.969767819596045	0.7284211257632102	0.0	0.9734693782474554	0.9875175265790248	1.841295750927779
19931	0.0	1.7140502409405305	0.9162241574304089	0.0	0.0	0.0	0.0	0.0	0.0	3.1636247044972547	2.424460984983741	0.0	0.0	0.0	0.7906040991207763	0.0	0.0	2.2925757941799683	1.2810745703269848	0.0	0.0	0.0	1.3588110127275161	0.0
19932	0.4687988732196605	1.8035299414857615	0.9785935798255505	0.0	0.0	0.0	0.0	0.0	0.0	2.0158845610057603	2.1004362563331256	0.0	0.0	0.0	0.0	0.0	0.0	2.208852280639177	1.0893939125915297	0.7463506285103462	0.0	1.1023378539784892	1.4175867065452317	0.0
19933	0.0	3.8236734125746983	0.7397884825631508	0.0	0.0	0.0	0.0	0.0	0.0	1.68008797117418	2.19752934568325	0.0	0.0	0.0	0.8892531832379323	0.0	0.0	1.2810845679731426	1.1998766653387802	0.0	0.7905814644764855	0.0	0.0	0.0
19934	0.0	1.0645342092703114	0.0	0.0	0.0	0.0	0.0	0.0	0.0	3.9793969392358934	1.2342385052613492	0.0	0.0	0.0	1.3871296034205451	0.0	0.0	3.1940511324315755	2.420193001484116	0.0	0.0	0.0	0.0	0.0
19935	0.0	1.7737072320366583	0.0	0.0	0.0	0.0	0.0	0.0	0.0	2.9658164859698704	1.6567740045859898	0.0	0.0	0.0	2.1880706572682187	0.0	0.0	6.367863182466825	1.992519512167901	0.0	0.0	0.0	0.0	0.5789530075248203
19936	0.0	1.389066858217755	0.0	0.0	0.0	0.0	0.0	0.0	0.0	3.224558142263802	2.450352035406503	0.0	0.0	0.0	0.0	0.0	0.0	6.560683151934514	1.9150500876307206	0.0	0.0	0.0	0.0	0.0
19937	0.0	1.2482119756254042	1.0742654275750074	0.0	0.0	0.0	0.0	0.0	0.0	2.969078749005123	2.137225490648401	0.0	0.8684621641800205	0.0	0.8304559324527162	0.0	0.0	2.042199569315222	3.0973972270768377	0.6722718290604963	0.0	0.0	0.6501789961916062	0.0
19938	0.0	0.0	0.0	0.0	0.0	0.0	0.0	0.0	0.0	4.750596530770892	1.8302981586290714	0.6465170346548887	0.30566018679826973	1.4291687913489455	0.0	0.0	0.0	2.2852450537026945	2.0417710610377466	0.0	0.0	0.0	0.9890313234405735	0.0
19939	0.0	1.0982172082152601	0.0	0.0	0.0	0.0	0.0	0.0	0.0	2.2579698654636604	2.07535539313908	0.6711313944312189	0.0	0.0	0.0	0.7222520363671963	0.0	4.082421881737996	1.056333830682668	0.0	0.0	0.0	1.0737899895819711	0.0
19940	0.0	0.7083056389855502	0.0	0.0	0.0	0.7424753505155169	0.0	0.0	0.0	3.5282616642043076	1.158651493853831	0.0	0.3431742925123068	0.0	0.9394343317944015	0.0	0.0	3.502586661204601	1.8668300794273016	0.0	0.0	0.0	0.0	0.0
19941	0.4659442010178149	0.0	1.2985455109698607	0.0	0.0	0.0	1.311911152029327	0.0	0.0	2.6318151228033915	2.9495306190547086	0.0	0.0	0.0	0.0	0.0	0.0	3.296769334650542	2.9341572696639617	0.3996526269427267	0.0	0.0	0.0	0.0
19942	0.0	1.2778232272884618	0.9934352421003161	0.33993463423951903	0.0	0.0	0.0	1.3249737942901194	0.0	3.2333061080688283	0.9584427124641045	0.0	0.0	0.0	0.0	0.0	0.0	0.9229619721002842	0.8465616732800196	0.0	0.0	0.0	1.5195840886470005	0.0
19943	0.0	0.0	0.0	0.0	0.0	0.0	0.0	0.0	0.0	2.364263857893951	1.6047588799183383	0.9368265530951242	0.0	0.0	0.0	0.0	0.0	3.003162372139284	0.43594214683396315	0.0	0.0	0.0	0.0	0.0
19944	0.0	0.6655765289813986	0.0	0.0	0.0	0.0	0.0	0.0	0.0	1.2276703506228837	1.9494630451142485	0.0	0.3069705417373352	0.0	0.0	0.0	0.0	4.267567037381996	2.04428076738071	0.4913899880648469	0.0	0.0	0.0	0.0
19945	0.0	2.036253061535389	0.0	0.0	0.0	0.0	0.0	0.0	0.0	4.593699833696396	1.3003024985637777	1.0290232693622088	0.0	0.0	2.02206064491169	0.0	0.0	2.003682547211509	2.0795813288740024	0.0	0.0	0.0	0.0	0.0
19946	0.0	1.6027675113073214	1.0789823628193125	0.0	0.0	0.0	0.0	0.0	0.0	4.148754325785901	2.197066619271525	0.0	0.0	0.0	0.0	0.0	0.0	3.442494254135275	3.4641765818996175	0.0	0.0	0.0	0.0	0.0
19947	0.0	0.0	0.9055766868700128	0.0	0.0	0.0	0.0	0.0	0.0	1.1838084596486893	2.133398147163578	0.0	0.0	0.0	0.8	0.0	0.0	4.444665606054852	0.768365157726937	0.0	0.0	0.0	0.0	0.0
19948	0.0	1.9729339265326777	0.0	0.0	0.0	0.0	0.0	0.0	0.0	4.136612014715481	3.783631022612773	0.0	0.0	0.0	0.0	0.0	0.0	2.119890777833621	1.1100976346043858	0.0	0.0	0.0	0.0	0.0
19949	0.0	1.4577748607445828	0.0	0.0	0.0	0.0	0.0	0.0	0.0	2.9303922835873495	2.257996762834532	0.0	0.0	0.0	0.0	0.32800794152767115	0.0	2.0660647853953007	2.8729927153304002	0.0	0.0	0.0	0.0	0.0
19950	0.0	1.0894738577930794	0.0	0.0	0.0	0.0	0.0	0.0	0.0	2.8954828463849642	1.617816313982964	0.0	0.0	0.0	0.5831060148844904	0.0	0.0	3.2090719005261463	1.141470692535021	0.0	0.0	0.0	0.0	0.0
19951	0.0	1.3180232961306417	0.5939138709164986	0.0	0.0	0.0	0.0	0.0	0.0	6.97113783825312	0.8332283464562762	0.0	0.0	0.0	1.560048221983691	0.0	0.0	1.6176464525202887	1.405857530386682	0.0	0.0	0.0	0.4969039949999533	0.0
19952	0.0	0.8162625031874653	0.0	0.0	0.0	0.0	0.8886042851680088	0.0	0.0	0.8923199550184423	1.893710852347066	0.0	0.0	0.0	0.0	0.0	0.0	3.147539131042895	0.7955506984810973	0.0	0.0	0.0	0.0	0.0
19953	0.0	1.4474239708773646	0.0	0.0	0.0	0.0	0.0	0.0	0.0	4.538652565132316	1.5113318233670574	1.7435379991092148	0.0	0.0	0.8124885693719457	0.0	0.0	3.2249580465312957	1.1657802994818702	0.8134425561043658	0.0	2.1711970743761073	0.0	0.7667940427475332
19954	0.0	1.5241930734225526	0.0	0.0	0.0	0.0	0.0	0.0	0.0	3.4473159019887594	0.8624176322035634	0.0	0.0	0.0	0.0	0.0	0.0	1.6876578900024055	0.7087972559290828	0.0	0.0	0.0	0.8047227691558023	0.0
19955	0.0	0.0	0.714142842854285	0.0	0.0	0.0	0.0	0.0	0.0	4.078049642769063	1.0062219630324558	0.0	1.0540420344631085	1.442604939237363	1.7825074044388225	0.0	0.0	1.0455496979129977	1.2708404288132753	0.0	0.0	0.9075565520616806	0.0	0.0
19956	0.0	0.0	0.0	0.0	0.0	0.0	0.0	0.0	0.0	2.109542464315001	2.17009438729882	0.0	0.0	0.0	1.424774495601215	0.0	0.0	1.4333321370461083	1.7031300383228645	0.0	0.0	0.0	1.1148110166851826	0.0
19957	0.0	0.0	0.9863848647972175	0.0	0.0	0.0	0.0	0.0	0.0	2.2381867738133145	0.8177374169114668	0.0	0.0	0.0	0.0	0.0	0.0	1.1924986350519098	0.6144506121126851	0.0	0.0	0.0	0.98792551643663	0.7286832666174906
19958	0.0	1.140347546427653	0.5262765658230562	0.0	0.0	0.0	0.0	0.0	0.0	2.441498368294453	1.018443093177366	0.0	0.0	0.0	0.0	0.0	0.0	1.9722421831572674	1.82562824914868	0.0	0.0	0.13072431633367745	1.2905030126368822	0.0
19959	0.0	1.9069294897509068	0.0	0.0	0.0	0.0	0.0	0.0	0.0	1.3220387006540315	1.018077523025537	0.0	0.0	0.0	0.0	0.0	0.0	1.1488775232129258	2.005486225332899	0.0	0.0	0.648895800292457	0.0	0.0
19960	0.0	0.0	0.0	0.0	0.0	0.0	0.0	0.0	0.0	0.4223140396033711	0.8446280792067422	0.0	0.0	0.0	0.0	0.0	0.0	0.492573145060065	0.0	0.0	0.0	0.0	0.0	0.0
19961	0.0	1.2982281767152961	0.0	0.0	0.0	0.0	0.0	0.0	0.0	1.3371622070757394	0.0	1.4724358141836797	1.5109753644431518	0.39874419382127163	1.611868977796213	0.0	0.0	0.7299464460027038	1.1692706345772397	0.8352507188788932	0.0	0.0	1.1012358431646492	0.0
19962	0.0	0.0	1.6239074423707802	0.0	0.0	0.0	0.0	0.0	0.0	3.996126485200543	2.7260564557239877	0.778256808770386	0.0	0.6121537145086319	0.9169417654757266	0.0	0.0	2.133149416789514	3.506664994639641	0.5618306964545879	0.0	0.47993898926199363	0.0	0.0
19963	0.0	1.15582546327019	0.0	0.0	0.0	0.0	0.0	0.0	0.0	2.561588454214788	1.163410770681572	0.0	0.0	2.430069695257482	0.0	0.0	0.0	4.209455632575781	1.0958883202884186	0.49973978660740864	0.0	0.0	0.0	0.0
19964	0.0	1.6932926277463554	0.0	0.0	0.0	0.0	0.0	0.0	0.0	2.7376437400928264	1.81584232077672	0.0	0.0	0.0	0.0	0.0	0.0	3.6340154380431553	1.1477094701986574	0.0	0.0	0.0	0.0	0.0
19965	0.0	0.0	1.4851328265628965	0.0	0.0	0.0	0.0	0.0	0.0	2.2456136886125977	0.8399036972116124	0.0	0.5841154894851848	0.0	0.9996475218720664	0.0	0.0	0.6990989076628047	1.6153991339727807	0.0	0.0	0.0	0.0	0.0
19966	0.0	2.235227558270807	0.04573883486220424	0.0	0.0	0.0	0.5742092057772581	0.0	0.0	2.238680777436544	1.4210594364739884	0.0	0.0	0.0	1.3756132518250725	0.9321246041497397	2.017682208280532	1.1569716733297593	1.1338181058920642	1.089658816783678	0.0	0.0	0.0	1.4298124267302048
19967	0.4571853468823407	1.0789361694696542	0.0	0.0	0.0	0.0	0.0	0.0	0.0	1.1127835934941095	1.6414390523969578	0.0	0.339934634239519	0.0	1.4082690180992496	0.0	0.0	2.128037750683864	2.9084634541051995	0.0	0.0	0.0	0.9267779189883252	0.42140494425289143
19968	0.0	0.0	0.0	0.0	0.0	0.0	0.0	0.0	0.0	1.0729108249053163	2.1179176753172992	0.0	0.0	0.0	1.6212267171423216	0.0	0.0	1.7721119770982308	1.0971962355131348	0.30338870682562136	0.0	0.0	1.3538461538461537	0.0
19969	0.0	1.1531116977101383	0.0	0.0	0.14309994440161053	0.0	0.0	0.0	0.0	2.0887363767180696	1.7348055144627543	0.0	0.0	0.0	0.0	0.0	0.0	1.8238232061605912	2.1615500661651574	0.0	0.0	0.0	0.0	0.0
19970	0.0	0.4506168611531925	0.0	0.0	0.0	0.0	0.0	0.0	0.0	2.0002514805929787	0.5609735805050816	0.0	0.0	0.0	0.0	0.0	0.0	1.3786513418909454	0.3632415786283895	0.0	0.0	0.0	0.0	0.0
19971	1.8613345488025246	1.7433198171104558	0.0	0.0	0.0	0.0	0.0	0.0	0.0	3.1325434582195864	2.977855839666024	0.0	1.7030060944651568	1.1659193519535178	0.9833826455125451	0.0	1.497279702228737	4.070884698898192	1.8333573383888362	0.8647338878694381	0.0	1.938364574703178	1.6637863110654831	0.0
19972	0.0	0.9529960623150976	0.0	0.0	0.0	0.0	0.0	0.0	0.0	4.4200144775762045	3.3324890061900323	0.0	0.0	0.0	0.0	0.0	0.0	2.2717250206748516	2.175712927914402	0.46359208397364343	0.0	0.0	0.0	0.0
19973	0.0	0.785402655141606	0.8952827242848773	0.0	0.0	0.0	0.7683679871797738	0.0	0.0	2.1874395502564172	2.3227176540545917	0.0	0.0	0.0	1.1111058514010947	0.0	0.0	2.8849620934273865	2.3390243077150785	3.020216296832927	0.0	0.0	1.6322378665250976	0.0
19974	0.0	2.2661681048785938	0.0	0.0	0.8837514303545491	0.0	1.5979953483825633	0.0	0.0	1.0202087798191555	1.7586175836169822	0.0	0.0	0.0	0.27942534725340495	0.0	0.0	1.0810905783744233	0.5941645816342365	0.0	0.0	0.0	0.30851489367496376	0.0
19975	0.0	3.077869459958906	0.9643040044178455	0.0	0.0	0.0	0.6457564291922333	0.0	0.0	2.287129696777443	1.1722999489372747	0.0	0.0	0.2242906606580766	0.0	0.0	0.0	1.205197079319395	0.8577816490251864	0.0	0.0	0.0	2.012964447367348	0.0
19976	0.0	1.181669411262312	0.0	0.0	0.0	0.4557986079951287	1.1079707917959278	0.0	0.0	2.291652559330098	2.091324026746844	1.268708466641215	0.0	1.1157456124416838	1.5330662509980884	0.0	0.0	1.0512444248812067	2.584058889439779	0.0	0.0	0.0	2.59008725508581	0.0
19977	0.0	0.0	0.0	0.0	0.0	0.0	0.9994795732148174	0.0	0.0	2.759442863311155	0.9674052327883451	0.0	0.0	0.0	0.0	0.0	0.0	2.992650256136783	0.0	0.48638315303254415	0.0	0.0	0.0	0.0
19978	0.0	1.407557329684687	0.0	0.0	0.0	0.0	0.0	0.0	0.0	2.2327617065532745	2.065860616920686	0.0	0.569757133108469	0.0	0.0	0.0	0.0	1.2453104215818145	1.1803890469363236	0.0	0.0	0.7954722411582831	0.0	0.0
19979	0.0	1.13493148362974	0.0	0.0	0.0	0.0	0.8500218603149883	0.0	0.0	4.271105444949432	1.5367209437367888	0.0	0.0	0.0	0.0	0.0	0.0	2.3945541136407713	1.2374810746406604	0.0	0.0	0.0	0.0	0.0
19980	0.0	2.140810098145584	0.0	0.0	0.0	0.0	0.6042251741147556	0.0	0.0	1.8066276296545625	1.7716739917053768	0.0	0.650554008376793	0.0	0.0	0.0	0.0	2.816205264744432	2.0220459319293203	0.0	0.0	1.5557749317754948	0.0	0.0
19981	0.0	0.495153985277108	0.0	0.0	0.0	0.0	0.0	0.0	0.0	5.100076571549225	0.0	0.0	0.8916936533385807	0.0	0.0	0.0	0.0	3.797744175201474	1.1106166700329605	0.0	0.0	0.0	0.946031709042055	0.0
19982	0.0	1.9469900132067481	0.0	0.0	1.4010844734621237	0.0	0.8749180547288915	0.0	0.0	2.2190516679646084	1.7801048807802715	0.0	0.8819799744474707	0.0	0.0	0.0	0.0	4.473725190934846	1.1689122214504841	0.6990280615955079	0.0	1.851995628897055	0.0	0.0
19983	0.0	1.6259271201379228	0.7253005261423898	0.0	0.6730985137576966	0.0	0.9934114370485342	0.0	0.0	3.254901646047363	2.070850673399949	0.0	0.0	0.0	0.0	0.0	0.0	2.268962255521612	1.0108159654093154	0.0	0.0	1.559812450668231	0.0	0.0
19984	0.8774835179438065	1.2946427203065058	0.0	0.0	0.0	0.0	0.0	0.0	0.0	3.2430280234091415	0.0	0.0	0.0	0.5259695722470125	0.0	0.0	0.0	3.3804862187013764	2.464054509512795	0.497727260961116	0.0	0.0	0.0	0.0
