gene_callers_id	sample_01_reads_against_MAGs	sample_02_reads_against_MAGs	sample_03_reads_against_MAGs	sample_04_reads_against_MAGs	sample_05_reads_against_MAGs	sample_06_reads_against_MAGs	sample_07_reads_against_MAGs	sample_08_reads_against_MAGs	sample_09_reads_against_MAGs	sample_10_reads_against_MAGs	sample_11_reads_against_MAGs	sample_12_reads_against_MAGs	sample_13_reads_against_MAGs	sample_14_reads_against_MAGs	sample_15_reads_against_MAGs	sample_16_reads_against_MAGs	sample_17_reads_against_MAGs	sample_18_reads_against_MAGs	sample_19_reads_against_MAGs	sample_20_reads_against_MAGs	sample_21_reads_against_MAGs	sample_22_reads_against_MAGs	sample_23_reads_against_MAGs	sample_24_reads_against_MAGs
24328	0.0	1.4444444444444444	0.2998477929984779	1.8401826484018264	0.0	0.0	1.4353120243531203	1.4007782101167314	0.0	10.14017094017094	5.161417322834645	0.1308980213089802	0.0	0.0	6.9916943521594686	5.955056179775281	0.0	1.7223168654173764	1.7679738562091503	19.685258964143426	0.0	0.0	5.292079207920792	8.858376511226252
24329	0.0	1.2115509409474368	1.5793801391524351	1.612987012987013	0.0	0.0	1.8049738219895288	1.525595238095238	0.0	5.599439775910364	2.475	0.0	0.0	0.0	2.863342566943675	7.7520098948670375	0.0	3.3035598705501616	0.5625	12.719851576994435	0.0	0.0	5.74422956955708	13.923314780457638
24330	0.0	0.706959706959707	0.27106227106227104	5.070484581497797	0.0	0.0	0.7619047619047619	2.758241758241758	0.0	4.262745098039216	2.9084249084249083	0.8974358974358975	0.0	0.0	2.311355311355311	7.316666666666666	0.0	4.215613382899628	0.9120879120879121	14.846808510638297	0.0	0.0	3.6556776556776556	14.905737704918034
24331	0.0	2.0928792569659445	0.0	0.0	0.0	0.0	3.9871794871794872	0.0	0.0	1.993127147766323	1.7777777777777777	0.0	0.0	0.0	5.132716049382716	2.9876543209876543	0.0	6.0476190476190474	1.2222222222222223	26.196652719665273	0.0	0.0	1.2333333333333334	12.80078125
24332	0.0	0.0	0.0	3.0842490842490844	0.0	0.0	2.0104166666666665	0.0	0.0	4.676744186046512	3.4270205066344994	0.0	0.0	0.0	1.3753280839895012	6.447916666666667	0.0	5.390046296296297	0.0	15.63425925925926	0.0	0.0	3.7892095357590967	14.761648745519713
24333	0.0	1.5905044510385757	0.22033898305084745	2.8502824858757063	0.0	0.0	3.9096045197740112	2.327683615819209	0.0	4.2175141242937855	7.373737373737374	0.5627705627705628	0.0	0.0	10.347368421052632	7.16	0.0	3.7917888563049855	5.553672316384181	19.63758389261745	0.0	0.0	3.508720930232558	23.24124513618677
24334	0.0	1.3352017937219731	0.6936685288640596	2.1531151003167897	0.0	0.1378026070763501	1.296816479400749	1.058361391694725	0.0	11.1786771964462	3.0259887005649717	0.0	0.0	0.0	6.496108949416342	5.927	0.0	6.042810098792535	0.483160621761658	18.800851970181043	0.0	0.0	3.581094527363184	15.84349593495935
24335	0.0	2.332657200811359	0.0	3.0606060606060606	0.0	0.0	0.8939393939393939	4.46780303030303	0.0	8.826175869120654	3.393643031784841	2.162878787878788	0.0	0.0	6.925581395348837	6.266811279826464	0.0	6.228971962616822	2.671814671814672	23.829545454545453	0.0	0.0	4.111111111111111	20.397228637413395
24336	0.0	2.0958531611148876	0.0	2.7363571934798014	0.0	0.0	1.8341264445955132	1.4746646795827123	0.0	7.169288389513109	1.4303073624017155	0.9007633587786259	0.0	0.0	6.538063562453806	8.108896797153024	0.0	4.932342007434944	2.780534351145038	15.27445652173913	0.0	0.0	3.2904699738903394	15.103076923076923
24337	0.0	2.8804185351270553	0.0	2.8218579234972676	0.0	0.0	1.379652605459057	0.9430463576158941	0.0	7.667924528301887	3.5801435406698565	1.014207650273224	0.0	0.0	4.0379918588873815	10.30359355638166	0.0	7.143437077131258	0.886107634543179	15.572851805728519	0.0	0.0	5.240437158469946	15.927694406548431
24338	0.0	4.685714285714286	0.0	2.0952380952380953	0.0	0.0	2.1523809523809523	4.247619047619048	0.0	15.344827586206897	4.152380952380953	0.0	1.8095238095238095	0.0	5.780952380952381	7.619047619047619	0.0	0.0	2.010752688172043	7.038095238095238	0.0	0.0	3.4857142857142858	8.582417582417582
24339	0.0	2.673076923076923	0.5480769230769231	2.812	0.0	0.0	3.6923076923076925	0.8803418803418803	0.0	9.814159292035399	2.7756410256410255	2.1538461538461537	0.0	0.0	7.4600760456273765	13.0	0.0	1.641025641025641	1.3782051282051282	18.226765799256505	0.0	0.0	5.080971659919029	18.088
24340	0.0	1.6505376344086022	0.0	4.132411067193676	0.0	0.0	4.258364312267658	1.9551971326164874	0.0	15.927738927738927	3.4496919917864477	0.0	0.0	0.0	6.017766497461929	6.4728850325379605	0.0	5.891181988742964	0.0	14.279352226720647	0.0	0.0	5.707843137254902	20.344689378757515
24341	0.0	2.994208494208494	1.0497237569060773	4.305084745762712	0.0	0.0	1.2449355432780846	1.6500920810313076	0.0	11.149700598802395	2.6414686825053995	2.0976058931860035	0.0	0.0	5.182555780933063	8.516877637130802	0.0	2.331034482758621	1.1123388581952118	20.456349206349206	0.0	0.0	4.4788213627992635	12.025641025641026
24342	0.0	1.6414027149321266	0.0	2.415568862275449	0.0	0.0	1.8756830601092895	0.9431693989071038	0.0	8.346153846153847	4.567796610169491	0.898360655737705	0.030601092896174863	0.0	3.8481166464155527	9.308310991957105	0.0	4.433607520564042	0.0	13.712389380530974	0.0	0.0	3.0824175824175826	14.227386934673367
24343	0.0	0.0	0.0	0.0	0.0	0.0	1.2976190476190477	4.0	0.0	0.6666666666666666	0.0	2.5952380952380953	0.0	0.0	4.071428571428571	5.166666666666667	0.0	0.6666666666666666	0.0	9.011904761904763	0.0	0.0	4.428571428571429	4.975903614457831
24344	0.0	0.0	1.4444444444444444	6.35016835016835	0.0	0.0	2.3378378378378377	2.606060606060606	0.0	10.826839826839826	4.019083969465649	1.0303030303030303	0.0	0.9393939393939394	13.2984496124031	11.840579710144928	0.0	6.954022988505747	0.0	17.00383141762452	0.0	0.0	4.653198653198653	18.996124031007753
24345	0.0	7.0476190476190474	0.0	0.27835051546391754	0.0	0.0	1.018181818181818	0.0	0.0	8.808219178082192	4.527272727272727	1.5818181818181818	0.0	0.0	1.3962264150943395	4.284848484848485	0.0	1.6303030303030304	2.4527027027027026	8.73939393939394	0.0	0.0	5.546099290780142	8.28448275862069
24346	0.0	1.9827586206896552	1.9138321995464853	1.6326530612244898	0.0	0.0	1.7311827956989247	0.0	0.0	2.353801169590643	1.0211640211640212	0.0	0.0	0.0	4.67515923566879	3.8111455108359134	0.0	1.5927051671732524	1.1405895691609977	13.838283828382838	0.0	0.0	4.959183673469388	10.403189066059225
24347	0.0	2.5128205128205128	0.5512820512820513	5.506410256410256	0.0	0.0	3.46474358974359	0.36538461538461536	0.0	18.497925311203318	2.5993589743589745	4.461538461538462	0.0	0.47804878048780486	10.117845117845118	3.547945205479452	2.4166666666666665	6.613545816733068	3.1826923076923075	32.31353135313531	0.0	0.0	5.090909090909091	18.52861952861953
24348	0.0	3.5508474576271185	0.0	9.128205128205128	0.0	0.0	6.966789667896679	4.769028871391076	0.39487179487179486	34.779944289693596	7.55440414507772	1.0256410256410255	1.1846153846153846	0.0	15.291545189504372	18.83008356545961	0.0	16.164102564102564	4.2615384615384615	37.11671087533156	0.0	0.0	14.282485875706215	43.170731707317074
24349	0.0	0.0	0.0	4.857142857142857	0.0	0.0	1.4566666666666668	4.053333333333334	0.0	5.291139240506329	1.9912280701754386	1.5466666666666666	0.9666666666666667	0.8066666666666666	10.044444444444444	10.496666666666666	0.0	2.14	5.769230769230769	13.623529411764705	0.0	0.0	3.471311475409836	11.184738955823294
24350	0.0	0.0	0.0	0.46745562130177515	0.0	0.0	0.0	0.5621890547263682	0.0	2.0049751243781095	0.0	0.0	0.0	0.0	0.0	3.681592039800995	0.0	0.0	1.3034825870646767	1.0398009950248757	2.0796019900497513	0.0	1.8855721393034826	0.9601990049751243
24351	0.0	1.9035087719298245	0.0	0.0	0.0	0.0	0.0	0.0	0.0	2.5964912280701755	0.0	0.0	0.0	0.0	0.0	7.19	0.0	2.0	0.0	4.417721518987341	0.0	0.0	0.0	7.009174311926605
24352	0.0	1.780045351473923	0.673469387755102	2.05249343832021	0.0	0.0	4.758700696055684	0.0	0.0	4.6287703016241295	4.216279069767442	0.0	0.0	0.0	5.2063492063492065	13.194581280788178	0.0	4.501597444089457	0.2653061224489796	18.597560975609756	0.0	0.0	3.3741496598639458	17.313157894736843
24353	0.0	0.7777777777777778	0.0	3.5044642857142856	0.0	0.0	7.472222222222222	1.8293650793650793	0.0	4.819095477386934	5.387755102040816	0.1865079365079365	0.0	0.7619047619047619	5.765873015873016	10.246031746031745	0.0	4.2343096234309625	0.0	17.980099502487562	0.0	0.0	7.681632653061224	23.14457831325301
24354	0.0	1.4470079307858688	0.5425888665325285	2.287856071964018	0.0	0.0	2.1817512877115526	1.8605442176870748	0.0	9.105697151424287	2.666346153846154	0.0	0.0	0.0	4.445371142618849	7.683244070390207	0.0	1.7645875251509053	1.1897341888175985	26.880763116057235	0.0	0.0	4.8655462184873945	22.995626822157433
24355	1.1591591591591592	0.6504424778761062	0.0	3.5749235474006116	0.0	0.0	0.0	0.0	0.0	13.655765920826163	4.713864306784661	0.0	0.0	0.0	5.662632375189108	6.233676975945017	0.0	2.8916827852998064	0.3141592920353982	14.91650853889943	0.0	0.0	4.299065420560748	14.565217391304348
24356	0.0	0.0	0.0	6.135964912280702	0.0	0.0	1.665016501650165	1.0844529750479845	0.0	5.735401459854015	4.911153119092628	0.0	0.0	0.0	1.3333333333333333	8.875	0.0	3.111320754716981	0.9966996699669967	19.650574712643678	0.0	0.0	1.3959183673469389	16.75377969762419
24357	0.0	1.2275641025641026	0.0	2.5034722222222223	0.0	0.0	2.231404958677686	1.4230769230769231	0.0	5.862179487179487	3.709090909090909	0.0	0.0	0.0	5.950413223140496	1.9586466165413534	0.0	5.9006849315068495	1.7852564102564104	12.773333333333333	0.0	0.0	7.951754385964913	14.949308755760368
24358	0.0	1.5648148148148149	0.0	3.700847457627119	0.0	0.0	0.0	3.2706834532374103	0.0	6.04089709762533	3.170865279299014	0.8913857677902621	0.0	0.0	4.9674556213017755	8.812187812187812	0.0	2.768	1.1950384944396921	14.405222437137331	0.0	0.0	4.801315789473684	13.876543209876543
24359	0.0	1.5532646048109966	0.0	0.0	0.0	0.0	0.6666666666666666	1.261168384879725	0.0	11.846153846153847	0.9818181818181818	0.0	0.0	1.0274914089347078	4.986062717770035	4.216981132075472	0.0	1.3573883161512028	0.0	11.371428571428572	0.0	0.0	6.628865979381444	11.373684210526315
24360	0.0	2.070298769771529	0.0	2.7522441651705565	0.0	0.0	0.0	0.5760649087221096	0.0	2.2199488491048593	3.2037422037422036	1.4090909090909092	0.0	0.0	3.882136279926335	14.48207171314741	0.0	4.637130801687764	0.7171717171717171	11.010309278350515	0.0	0.0	5.236559139784946	12.253101736972704
24361	0.0	0.0	0.0	1.5214521452145215	0.0	0.0	0.0	2.112391930835735	0.0	7.376736111111111	4.062222222222222	0.0	0.0	0.0	5.955993930197269	8.230103806228374	0.0	1.5828460038986354	1.0333333333333334	20.06269113149847	0.0	0.0	4.620689655172414	20.975867269984917
24362	0.0	1.5555555555555556	0.32	4.706666666666667	0.0	0.0	0.0	0.0	0.0	12.26161369193154	8.04421768707483	0.0	0.0	0.25333333333333335	3.283582089552239	10.311111111111112	0.0	3.7066666666666666	0.470404984423676	17.09375	0.0	0.0	5.142222222222222	16.604597701149427
24363	0.0	0.0	0.0	2.471590909090909	0.0	0.0	0.0	1.7651006711409396	0.0	18.201342281879196	2.601063829787234	0.0	0.0	0.0	5.349206349206349	7.615384615384615	0.0	3.6084656084656084	0.0	21.014285714285716	0.5132275132275133	0.0	3.3941176470588235	8.205405405405406
24364	0.0	0.0	0.0	1.858974358974359	0.0	0.0	1.4423076923076923	0.0	0.0	9.205128205128204	4.955128205128205	1.891025641025641	0.0	0.0	15.098591549295774	1.5192307692307692	0.0	0.0	1.3461538461538463	10.143835616438356	0.0	0.0	4.294871794871795	11.950819672131148
24365	0.0	0.0	0.0	5.819444444444445	0.0	0.0	3.9097222222222223	1.5763888888888888	0.0	9.680672268907562	0.9444444444444444	0.0	0.0	0.0	5.183333333333334	6.908396946564886	0.0	1.3333333333333333	1.0	9.805555555555555	0.0	0.0	3.5555555555555554	15.243055555555555
24366	0.0	1.75	0.0	0.0	0.0	0.0	2.8425925925925926	0.0	0.0	6.908653846153846	3.473193473193473	0.4074074074074074	0.0	0.0	9.807291666666666	11.967213114754099	0.0	3.064814814814815	2.825174825174825	12.728232189973614	0.0	0.0	6.733893557422969	16.048433048433047
24367	0.0	0.9668127739511584	0.0	1.676416819012797	0.13445378151260504	0.0	2.7215686274509805	0.9323076923076923	0.0	5.813765182186235	3.524712643678161	0.9113680154142582	0.0	0.0	4.578763127187865	6.6305295950155765	0.0	3.973242065961419	0.9678714859437751	14.196927374301676	0.0	0.0	3.5393462469733654	12.846852693056457
24368	0.0	1.6006600660066006	0.0	1.9108910891089108	0.0	0.0	0.0	0.0	0.0	7.620071684587813	5.1924398625429555	0.0	0.0	0.0	4.4804469273743015	0.0	0.0	3.6864686468646863	0.07260726072607261	13.381443298969073	0.0	0.0	3.3979933110367893	12.023529411764706
24369	0.0	0.0	0.041379310344827586	1.2438423645320198	0.0	0.0	1.0413793103448277	0.0	0.0	5.192513368983957	1.3517241379310345	0.0	0.0	0.0	5.495121951219512	1.9929078014184398	0.0	2.8162162162162163	0.45977011494252873	5.096938775510204	0.0	0.0	2.533333333333333	9.339331619537274
24370	0.0	2.8080279232111693	1.4018018018018017	2.9919028340080973	0.0	0.0	1.6893542757417104	2.99	0.0	4.985955056179775	3.1463878326996197	0.0	0.0	0.0	2.2301255230125525	9.0984555984556	0.0	6.987783595113438	1.1326352530541013	11.79657794676806	0.0	0.0	7.3421588594704685	17.034146341463416
24371	0.0	0.6017699115044248	0.0	5.534124629080119	0.0	0.0	1.8280254777070064	0.9061224489795918	0.0	7.389261744966443	0.7666666666666667	1.4100294985250736	0.18289085545722714	0.0	6.422310756972111	3.7904191616766467	0.0	6.383480825958702	1.1376811594202898	12.605839416058394	0.0	0.0	1.4751131221719458	18.928571428571427
24372	0.0	1.176954732510288	0.2222222222222222	1.8	0.0	0.0	1.3689839572192513	0.0	0.0	7.184971098265896	3.812064965197216	0.0	0.0	0.0	4.950226244343892	9.076763485477178	0.0	4.7366255144032925	1.331275720164609	16.15841584158416	0.0	0.0	1.694767441860465	19.489583333333332
24373	0.0	0.0	0.0	2.7257336343115126	0.0	0.0	0.0	0.990325417766051	0.0	9.129763130792997	5.015384615384615	1.4309586631486368	0.1864555848724714	0.0	3.7864583333333335	7.541375872382852	0.0	2.569272976680384	1.076017130620985	12.948742746615087	0.0	0.0	3.16542948038176	18.364245810055866
24374	0.0	2.1370967741935485	0.0	2.17687074829932	0.0	0.0	2.135514018691589	2.9121621621621623	0.0	6.4391891891891895	5.740947075208914	0.0	0.0	0.0	10.321937321937321	7.459770114942529	0.0	3.7972972972972974	0.0	9.307246376811595	0.0	0.0	0.0	17.861892583120206
24375	0.0	1.0649087221095335	0.22882882882882882	2.7453703703703702	0.0	0.0	1.676950998185118	1.2393669634025717	0.0	7.797766749379653	3.405829596412556	0.0	0.0	0.0	3.9108108108108106	7.6819126819126815	0.0	3.6234234234234233	2.363963963963964	23.19755409219191	0.0	0.0	2.820143884892086	16.185230024213077
24376	0.0	1.8685446009389672	0.0	7.007352941176471	0.0	0.0	2.3215962441314555	1.124413145539906	0.0	5.905982905982906	4.817880794701987	0.1784037558685446	0.0	0.0	2.0892018779342725	9.645645645645645	0.0	3.748826291079812	2.125301204819277	13.4937106918239	0.0	0.0	2.4608150470219434	19.812206572769952
24377	0.0	0.0	1.7395833333333333	4.104166666666667	0.0	0.0	4.14410480349345	0.12244897959183673	0.0	11.84375	1.0321428571428573	0.0	0.0	0.0	4.318367346938776	2.801418439716312	0.0	7.451388888888889	1.7867132867132867	9.028112449799197	0.0	1.03125	1.7341269841269842	12.108
24378	0.0	1.732470334412082	0.0	3.8581445523193096	0.0	0.0	1.5524193548387097	1.565673289183223	0.0	9.81186943620178	4.931127616475354	0.0	0.0	0.0	3.870633187772926	10.727382388419782	0.0	5.1740430622009566	1.399103139013453	17.607908847184987	0.0	0.0	4.446428571428571	15.652005174644243
24379	0.0	1.546712802768166	0.0	3.436430317848411	0.0	0.0	1.4647482014388489	0.0	0.0	6.4245416078984485	3.124546553808948	0.0	0.0	0.0	3.0684357541899443	8.306784660766962	0.0	2.840845070422535	0.8363095238095238	15.90311418685121	0.0	0.3344867358708189	3.50904033379694	14.888260254596888
24380	0.0	2.8269484808454424	0.0	0.9890625	0.0	0.0	1.7451984635083226	2.471980074719801	0.0	10.217457886676875	3.0258503401360546	0.0	0.0	0.0	5.528	7.673723536737235	0.0	4.526153846153846	2.1452991452991452	24.705246913580247	0.0	0.0	1.8772919605077574	14.74129353233831
24381	0.0	1.9314420803782506	0.0	7.675438596491228	0.0	0.0	1.8652482269503545	0.0	0.0	11.884180790960452	5.037914691943128	1.6950354609929077	0.0	0.0	7.759615384615385	4.479704797047971	0.0	4.3861386138613865	1.7659574468085106	12.623493975903614	0.0	0.0	2.1372549019607843	13.039473684210526
24382	0.0	0.2191780821917808	0.0	0.0	0.54337899543379	0.0	2.2442922374429224	0.0228310502283105	0.0	8.419597989949748	2.127853881278539	2.0730593607305936	0.0	0.0	4.0201005025125625	6.018469656992084	0.0	2.211031175059952	1.0947712418300655	20.423631123919307	0.0	0.0	4.668949771689498	11.545454545454545
24383	0.0	1.5298013245033113	0.8513189448441247	1.8985915492957746	0.0	0.0	0.0	0.0	0.0	9.066666666666666	4.387700534759358	0.0	0.0	0.0	5.1866666666666665	14.714646464646465	0.0	1.8992805755395683	0.0	23.134831460674157	0.0	0.0	3.878688524590164	19.522292993630572
24384	0.0	2.2163355408388523	0.0	2.702875399361022	0.0	0.0	4.135977337110481	2.0993377483443707	0.0	4.135555555555555	3.5805369127516777	2.1766004415011038	0.6710816777041942	0.0	2.227373068432671	12.75820895522388	0.0	4.873493975903615	0.6931567328918322	15.628048780487806	0.0	0.0	3.8388520971302427	20.032085561497325
24385	0.0	1.136963696369637	0.0	3.025948103792415	0.0	0.0	4.079207920792079	0.0	0.0	6.537653239929948	4.963882618510158	0.0	0.0	0.6831683168316832	2.741052631578947	10.848540145985401	0.0	3.458745874587459	0.0	30.97094430992736	0.0	0.0	6.161716171617162	16.122448979591837
24386	0.0	1.8870523415977962	3.295285359801489	5.157524613220816	0.0	0.0	1.1556473829201102	0.8593481989708405	0.0	9.89048473967684	5.74051593323217	1.6088154269972452	0.0	0.0	2.6607142857142856	11.963636363636363	0.0	4.092067988668555	4.097966728280961	29.40084388185654	0.7988980716253443	0.0	8.509641873278238	14.215189873417721
24387	0.0	1.7658438959306204	0.0	3.8464140730717187	0.0	0.0	2.0416666666666665	0.9919484702093397	0.0	9.822268326417705	3.8543140028288545	1.8419071518193224	0.0	0.0	4.958607095926412	8.802527646129542	0.0	3.1609632446134346	1.730989956958393	18.62102874432678	0.15543071161048688	0.0	5.291666666666667	10.61602671118531
24388	0.0	3.164705882352941	0.0	4.092723004694836	0.0	0.0	1.7069536423841059	2.4354460093896715	0.0	5.668284789644013	4.937081659973226	1.2863849765258215	0.23591549295774647	0.0	5.538593481989708	10.241758241758241	0.0	1.1019021739130435	1.06857855361596	17.310478654592497	0.0	0.0	3.021390374331551	19.71023427866831
24389	0.0	1.6418732782369145	0.0	2.8270440251572326	0.0	0.6391184573002755	5.095846645367412	2.2203856749311295	0.0	10.09920634920635	4.134986225895317	1.121212121212121	1.2506887052341598	0.0	5.772455089820359	11.566153846153846	0.0	3.2947658402203857	5.105485232067511	21.330128205128204	0.0	0.0	4.986798679867987	17.139442231075698
24390	0.0	0.9453781512605042	0.0	3.0547619047619046	0.0	0.0	0.0	1.8830532212885154	0.0	7.432090077410274	2.7900852052672347	0.8803680981595092	0.0	0.0	2.7634146341463413	10.062394603709949	0.0	1.674933569530558	2.1991150442477876	18.532725766362883	0.0	0.0	2.4	15.33015873015873
24391	0.0	3.7667087011349305	1.044848484848485	1.661951909476662	0.0	0.0	0.0	0.0	0.0	8.03050397877984	2.1277777777777778	1.2612732095490715	0.0	0.0	2.16969696969697	6.133047210300429	0.0	6.8284839203675345	0.9224242424242424	10.383252818035427	0.0	0.0	2.8756906077348066	14.988906497622821
24392	0.0	0.5917553191489362	0.0	3.1503623188405796	0.0	0.0	0.6737907761529809	1.4692737430167597	0.0	4.715877437325905	3.91683569979716	0.0	0.0	0.0	5.757156048014774	5.57396449704142	0.0	5.594594594594595	0.7471861471861472	10.056902002107481	0.0	0.0	2.305139186295503	14.887537993920972
24393	0.0	0.20098039215686275	1.8823529411764706	2.0098039215686274	0.0	0.0	0.0	0.0	0.5294117647058824	5.963730569948186	1.6176470588235294	0.0	0.0	0.0	7.333333333333333	5.647058823529412	0.0	5.265895953757226	1.6666666666666667	18.438271604938272	0.0	0.0	4.682758620689655	12.179775280898877
24394	0.0	0.24427480916030533	0.0	3.5256410256410255	0.0	0.0	3.073791348600509	0.0	0.0	10.235820895522387	2.1119592875318065	0.926208651399491	0.0	0.0	7.188295165394402	8.938502673796792	0.0	5.816568047337278	3.634831460674157	22.29460580912863	0.0	0.7404580152671756	4.888040712468193	15.305343511450381
24395	0.0	0.2556390977443609	0.0	3.7193877551020407	0.0	0.0	4.601092896174864	0.0	0.0	10.508379888268156	3.864341085271318	1.6434108527131783	0.0	0.0	4.403100775193798	7.350785340314136	0.0	0.64	3.24031007751938	18.327956989247312	0.0	0.0	8.328703703703704	10.006060606060606
24396	0.0	1.1772486772486772	0.0	3.5502645502645502	0.0	0.0	3.4444444444444446	0.8992537313432836	0.0	10.897196261682243	3.0115384615384615	0.0	0.0	0.0	3.988826815642458	9.294392523364486	0.0	1.9074074074074074	0.7698412698412699	17.104477611940297	0.0	0.0	9.641304347826088	9.8475073313783
24397	0.0	0.9320388349514563	0.0	1.736220472440945	0.0	0.0	1.0453648915187377	1.7394822006472492	0.0	8.892739273927393	0.0	1.0113268608414239	0.0	0.0	3.0825242718446604	1.610032362459547	0.0	6.650819672131147	1.2685337726523889	7.183673469387755	0.0	0.0	2.6289424860853434	13.49244060475162
24398	0.0	0.0	0.0	3.7224770642201834	0.0	0.0	2.063008130081301	0.9467592592592593	0.0	7.930526315789474	4.272357723577236	0.0	0.0	0.0	3.8577235772357725	5.195121951219512	0.0	4.273159144893111	0.0	9.464102564102564	0.0	0.0	3.6645962732919255	15.857749469214438
24399	0.0	0.0	0.0	3.9836601307189543	0.0	0.0	2.607843137254902	1.3888888888888888	0.0	10.063745019920319	2.9869281045751634	0.8856209150326797	0.0	0.0	7.712418300653595	8.363295880149813	0.0	3.356401384083045	2.3333333333333335	22.17676767676768	0.0	0.0	2.8607594936708862	23.067226890756302
24400	4.839328537170264	3.7506925207756234	2.8920863309352516	7.034883720930233	0.0	0.4364508393285372	2.3485576923076925	2.515587529976019	0.9303135888501742	20.97808219178082	7.461111111111111	2.3333333333333335	0.0	0.9571428571428572	4.579387186629527	6.65993265993266	3.1882716049382718	7.96734693877551	2.316546762589928	22.086330935251798	2.0047961630695443	1.8081534772182255	10.453865336658355	19.20246913580247
24401	0.0	0.0	0.0	0.6872246696035242	0.0	0.0	0.0	1.4005376344086022	0.0	11.023026315789474	9.298245614035087	0.5806451612903226	0.0	0.005376344086021506	4.417582417582418	7.729166666666667	0.0	3.173780487804878	2.2876344086021505	28.7816091954023	0.0	1.717741935483871	4.055776892430279	29.68888888888889
24402	0.0	0.0	0.0	3.673758865248227	0.0	0.32510288065843623	0.4381551362683438	4.039007092198582	0.0	7.250343878954608	3.8856209150326797	0.9286694101508917	0.0	0.0	4.377410468319559	8.258064516129032	0.0	6.925619834710743	0.0	12.229260935143287	0.0	0.0	6.007564296520424	16.846685082872927
24403	0.0	0.9066666666666666	0.0	1.0534591194968554	0.0	0.0	0.0	1.6377777777777778	0.0	4.189333333333333	6.615591397849462	0.0	2.2133333333333334	0.0	2.3955555555555557	9.296875	0.0	1.8622222222222222	0.0	11.627853881278538	0.0	0.0	4.3719676549865225	15.926470588235293
24404	0.0	1.5049019607843137	1.8775510204081634	2.446475195822454	0.0	0.0	1.6612529002320187	1.9024943310657596	0.0	12.30188679245283	3.0755148741418763	1.9229024943310657	0.0	0.0	3.1582278481012658	6.811671087533156	0.0	2.7694300518134716	0.8011527377521613	27.1925	0.0	0.0	3.7369614512471654	17.252450980392158
24405	0.0	1.6999260901699926	0.0	1.9854202401372212	0.36585365853658536	0.0	2.50531914893617	3.0767195767195767	0.0	9.738095238095237	2.691358024691358	0.0	0.004434589800443459	0.0	6.06076854334227	9.60204081632653	0.0	7.017182130584192	2.8934426229508197	18.67482241515391	0.0	0.0	2.669724770642202	16.42622950819672
24406	0.0	0.0	0.0	2.76875	0.0	0.0	4.941520467836257	0.010416666666666666	0.0	9.65625	4.380208333333333	5.140625	0.0	0.0	0.0	7.375	0.0	4.771929824561403	2.1145833333333335	14.342105263157896	0.0	0.0	3.0104166666666665	21.683760683760685
24407	0.0	1.2945736434108528	0.0	8.282407407407407	0.8914728682170543	0.0	0.0	0.9922480620155039	0.0	9.240663900414937	0.0	1.2868217054263567	0.0	0.0	3.267326732673267	8.622489959839358	0.0	7.140909090909091	1.6085271317829457	20.502347417840376	0.0	0.0	3.546511627906977	13.691428571428572
24408	0.0	6.203703703703703	0.7592592592592593	8.0	0.0	0.0	2.3703703703703702	8.097222222222221	0.0	5.37696335078534	3.0838323353293413	0.2777777777777778	0.0	0.0	8.326633165829145	9.74537037037037	0.0	4.967592592592593	3.199074074074074	14.93939393939394	0.0	0.5972222222222222	2.3055555555555554	9.907894736842104
24409	0.0	1.1977309562398704	0.0	6.596654275092937	0.0	0.0	0.9360341151385928	2.1137440758293837	0.0	6.076749435665914	2.99822695035461	2.2243285939968405	0.0	0.0	7.333980582524272	9.98135593220339	0.0	3.9827255278310942	2.022116903633491	14.459745762711865	0.0	0.0	3.894214876033058	18.906077348066297
24410	0.0	2.388888888888889	1.5	2.574074074074074	0.0	0.0	3.9444444444444446	0.5555555555555556	0.0	8.722222222222221	0.0	1.1203703703703705	0.0	0.0	3.537037037037037	4.166666666666667	0.0	1.4907407407407407	0.0	15.945652173913043	0.0	0.7870370370370371	6.772151898734177	18.876543209876544
24411	0.0	0.5588235294117647	0.0	2.022875816993464	0.0	0.0	2.7864406779661017	1.3398692810457515	0.0	7.454700854700855	2.6029411764705883	1.1715686274509804	0.0	0.0	4.620274914089347	5.759574468085106	0.0	1.5771230502599654	0.9869281045751634	11.658008658008658	0.0	0.0	6.095360824742268	9.885311871227364
24412	0.0	1.1326291079812207	0.0	1.692972972972973	0.0	0.0	1.007308160779537	0.8172645739910314	0.0	5.2517006802721085	5.314093959731544	0.0	0.0	0.0	5.378934624697337	10.583424209378407	0.0	5.525515743756786	3.1545454545454548	10.490066225165563	0.0	0.030303030303030304	5.863169897377423	10.696808510638299
24413	0.0	2.1622857142857144	0.0	4.825708061002179	0.0	0.0	1.5290322580645161	2.2747909199522103	0.0	5.900560224089636	5.201986754966887	1.4723247232472325	0.0	0.0	5.515776699029126	13.832764505119455	0.7273603082851637	8.642857142857142	5.2618741976893455	22.4369310793238	0.0	0.0	6.3313953488372094	19.52296819787986
24414	0.8968253968253969	0.48412698412698413	0.0	1.3650793650793651	0.0	0.0	0.9444444444444444	2.2222222222222223	0.0	5.358744394618834	5.37962962962963	2.7936507936507935	0.0	0.0	3.9444444444444446	8.355263157894736	0.0	5.9004149377593365	1.9126984126984128	25.51832460732984	0.0	0.2896825396825397	2.3134920634920637	13.848484848484848
24415	0.0	0.0	1.3544973544973544	0.0	0.0	0.0	3.873015873015873	1.8095238095238095	0.0	5.784313725490196	0.6772486772486772	0.0	0.0	0.0	3.1005291005291005	4.391534391534392	0.0	2.328042328042328	3.0423280423280423	6.305194805194805	0.0	0.0	2.507936507936508	10.021857923497267
24416	0.0	1.8075571177504393	0.0	5.029875518672199	0.0	0.0	0.8222923238696109	1.0521276595744682	0.0	4.414195867026056	3.921074727120067	2.325862068965517	0.0	0.0	6.870901639344262	10.025092936802974	0.0	4.769328263624842	0.7523167649536647	16.336870026525197	0.0	0.0	5.872687704026116	17.484356894553883
24417	0.0	0.0	0.0	2.4339622641509435	0.0	0.0	4.074446680080483	0.0	0.0	11.69622641509434	6.044362292051756	2.4198895027624308	0.6795580110497238	1.1988950276243093	7.346938775510204	9.631675874769797	0.0	6.180746561886051	1.4815618221258136	18.88533834586466	0.0	0.0	6.898876404494382	25.210526315789473
24418	0.0	2.972375690607735	0.8376068376068376	4.86150234741784	0.0	0.0	4.84	0.0	0.0	18.587467362924283	10.85945945945946	1.8098434004474273	0.8859060402684564	0.0	14.788990825688073	18.931506849315067	0.0	5.884318766066838	1.1051454138702461	29.864406779661017	0.0	0.0	9.850111856823267	36.11232876712329
24419	0.0	4.015250544662309	1.1263616557734204	5.980978260869565	0.0	0.0	4.10757946210269	1.8701594533029613	0.0	13.118155619596541	6.172018348623853	0.6309148264984227	0.0	0.0	13.291970802919709	9.083333333333334	0.0	5.7853535353535355	1.5664488017429194	28.799382716049383	0.0	0.0	6.867102396514161	18.66360856269113
24420	0.0	0.0	0.0	3.5414414414414415	0.0	0.0	0.613947696139477	2.3463324048282264	0.0	4.863992172211351	2.6313276026743075	0.0	0.0	0.0	2.8294243070362475	5.74744661095636	0.0	1.8349633251833741	0.5125541125541125	7.889737991266376	0.0	0.0	2.1087866108786613	8.746010638297872
24421	0.0	0.8184281842818428	0.0	0.0	0.0	0.0	0.0	0.0	0.0	6.490842490842491	0.0	0.0	0.0	0.0	0.5474254742547425	0.0	0.0	0.0	0.0	0.7317073170731707	0.0	0.0	0.6151761517615176	0.0
24422	0.0	0.0	0.0	0.0	0.0	0.0	0.0	0.0	0.0	3.4756944444444446	0.5524861878453039	2.7881944444444446	0.0	0.0	0.0	2.3333333333333335	0.0	3.1990950226244346	0.0	9.208510638297872	0.0	0.0	0.0	9.848039215686274
24423	0.0	0.32098765432098764	0.0	2.7819148936170213	0.0	0.0	0.6340694006309149	1.6049382716049383	0.0	2.1141975308641974	3.4691358024691357	0.0	0.0	0.0	5.135802469135802	8.463333333333333	0.0	6.467576791808874	0.8395061728395061	12.994750656167978	0.0	2.0419753086419754	4.609876543209877	11.787234042553191
24424	0.0	1.2654566080544527	0.0	1.9201101928374655	0.0	0.0	2.3680336487907465	2.252266666666667	0.0	4.823933975240715	5.783379501385042	1.572093023255814	0.0	0.0	3.4947589098532497	7.978385251112524	0.0	5.96880623875225	0.0	17.53611111111111	0.0	0.0	4.306859205776173	18.01625135427952
24425	0.0	1.314176245210728	0.0	1.685823754789272	0.0	0.0	0.0	2.0168776371308015	0.0	10.626582278481013	3.2873563218390807	1.5325670498084292	0.0	0.0	4.402777777777778	2.7850877192982457	0.0	0.0	1.9003831417624522	15.085106382978724	0.0	0.0	3.2796934865900385	2.464114832535885
24426	0.0	3.9278688524590164	0.832183908045977	4.231638418079096	2.0229885057471266	0.0	0.0	3.7780678851174936	0.0	12.472826086956522	8.689149560117302	0.0	0.0	0.0	4.997518610421836	14.551724137931034	0.0	9.782608695652174	0.0	25.612048192771084	0.0	0.0	10.928374655647383	23.39209726443769
24427	0.0	0.0	0.0	4.086956521739131	0.0	0.0	3.414829659318637	2.393684210526316	0.0	6.716701902748414	7.082677165354331	0.0	0.0	0.0	3.65281173594132	8.408	0.0	8.733812949640289	0.6470588235294118	18.0	0.0	0.0	5.17004048582996	15.91304347826087
24428	0.0	1.9018003273322421	0.0	4.537467700258398	0.0	0.0	6.1355206847360915	3.5461847389558234	0.0	9.071691176470589	6.440119760479042	1.9828269484808454	0.0	0.0	3.9372128637059722	12.966717095310136	0.0	6.618571428571428	0.943217665615142	22.803030303030305	0.0	0.0	7.438291139240507	17.816855753646678
24429	0.0	0.0	0.0	1.1382113821138211	0.0	0.0	2.5853658536585367	0.5528455284552846	0.0	3.369918699186992	2.0934959349593494	0.0	0.0	0.0	7.679775280898877	7.165829145728643	0.0	2.987755102040816	0.0	20.885714285714286	0.0	0.926829268292683	2.5448717948717947	12.02061855670103
24430	0.0	0.24766355140186916	0.0	2.2132132132132134	0.0	0.0	1.5135135135135136	6.358108108108108	0.0	8.362459546925566	0.45045045045045046	0.34234234234234234	0.0	0.9009009009009009	3.5075075075075075	11.538812785388128	0.0	4.034351145038168	0.16816816816816818	10.405797101449275	0.0	0.0	4.564564564564565	18.33173076923077
24431	0.0	0.7986798679867987	0.0	1.4983498349834983	0.0	0.0	2.00990099009901	0.0	0.0	4.276752767527675	0.4166666666666667	0.0	0.0	0.0	4.459731543624161	6.454148471615721	0.0	3.0596026490066226	0.0	9.76056338028169	0.13861386138613863	0.0	4.270627062706271	12.036764705882353
24432	0.0	0.5650969529085873	0.0	4.140089418777944	0.0	0.0	0.4856278366111952	2.1454965357967666	0.0	6.800436205016358	7.248913043478261	1.5970464135021096	0.0	0.0	3.5488095238095236	8.567296996662959	0.0	6.106540084388186	2.7220744680851063	15.65247410817031	0.0	0.0	3.271232876712329	19.199776785714285
24433	0.0	0.0	0.0	2.3666666666666667	0.0	0.35555555555555557	1.8777777777777778	2.661111111111111	0.0	9.755555555555556	3.383116883116883	0.0	0.0	1.1	4.366666666666666	9.207100591715976	0.0	3.7111111111111112	0.5277777777777778	16.055172413793102	0.0	0.8222222222222222	5.022222222222222	10.282208588957054
24434	0.0	3.1897163120567376	0.0	0.0	0.0	0.0	0.7198581560283688	2.4308510638297873	0.0	5.365461847389558	3.2440604751619873	1.7701612903225807	0.0	0.0	1.7729831144465291	4.576241134751773	0.0	4.945454545454545	1.7358490566037736	12.482180293501049	0.0	0.2429078014184397	3.2172949002217295	11.994140625
24435	0.0	2.0094438614900314	0.0	5.164646464646465	0.22369584438549955	0.0	3.3626666666666667	1.9593023255813953	0.0	11.472762645914397	6.131059245960503	1.9991158267020337	0.0	0.0	5.548654244306419	13.030133928571429	0.0	7.714884696016772	0.0	19.95571955719557	0.0	0.0	5.49092970521542	20.876629889669008
24436	0.0	0.9745098039215686	0.710691823899371	3.556756756756757	0.0	0.0	2.359375	1.5369774919614148	0.0	8.687707641196013	2.73036093418259	0.0	0.0	0.0	6.954545454545454	5.745299145299145	0.0	8.021001615508885	1.5817610062893082	20.973025048169557	0.0	0.0	9.271095152603232	18.444444444444443
24437	0.0	0.0	0.35185185185185186	0.0	0.0	0.0	0.0	3.228395061728395	0.0	5.222222222222222	10.766666666666667	4.567901234567901	0.0	1.4320987654320987	8.72549019607843	4.234567901234568	0.0	3.0185185185185186	0.0	21.549382716049383	0.0	0.0	9.952702702702704	7.160493827160494
24438	0.6118721461187214	0.0	0.0	2.8306264501160094	0.0	0.0	0.4703196347031963	2.9023136246786634	0.0	10.296875	4.01123595505618	0.7785388127853882	0.0	0.0	3.2979214780600463	9.211796246648793	0.0	2.5359116022099446	0.0	24.23076923076923	0.0	0.0	3.8904109589041096	7.714285714285714
24439	0.026701119724375538	0.0	0.6503014642549526	2.124493927125506	0.0	0.0	2.7063492063492065	1.4100856327307327	0.0	9.654440154440154	1.6534883720930234	2.1343669250645996	0.4151593453919035	0.0	4.664082687338501	4.930799220272904	0.0	4.805864509605662	1.9808660624370593	13.98906439854192	0.0	0.8647717484926787	5.002705139765554	15.208620689655172
24440	0.0	4.231958762886598	1.7647058823529411	2.6029411764705883	0.0	0.0	4.705882352941177	5.2565445026178015	0.0	10.72972972972973	1.165137614678899	0.0	0.0	0.0	1.9871794871794872	5.534313725490196	0.0	8.088235294117647	6.112745098039215	23.642857142857142	0.9313725490196079	0.0	3.28125	15.005347593582888
24441	0.0	0.0	0.0	4.6568627450980395	0.0	0.0	1.6875	3.25	0.0	10.068432671081677	7.3843137254901965	2.1098039215686275	0.0	0.16666666666666666	5.930803571428571	13.98812351543943	0.0	7.072261072261072	3.103448275862069	16.177419354838708	0.0	0.0	6.009009009009009	17.967880085653103
24442	0.0	4.169811320754717	0.0	3.6613333333333333	0.0	0.0	2.4392764857881137	4.886304909560724	0.0	10.881136950904393	3.647249190938511	0.0	0.0	0.0	3.745583038869258	10.32934131736527	0.0	4.322916666666667	2.8242677824267783	8.6775956284153	0.7803617571059431	0.0	7.514376996805112	20.17312661498708
24443	0.0	0.0	0.0	0.0	0.0	0.0	1.0596330275229358	1.1862348178137652	0.0	5.007042253521127	0.0	0.0	0.0	0.0	1.7573839662447257	2.188976377952756	0.0	0.0	0.0	7.4411764705882355	0.0	0.0	2.665991902834008	7.845098039215686
24444	0.0	0.9688888888888889	0.0	8.409937888198758	0.0	0.0	5.093333333333334	1.5911111111111111	0.0	20.14367816091954	10.150234741784038	1.8933333333333333	0.0	1.7066666666666668	9.443946188340806	18.477386934673365	0.0	4.568888888888889	0.0	30.657608695652176	0.0	0.0	6.768888888888889	25.968888888888888
24445	0.0	5.23404255319149	0.0	9.219397363465161	0.0	0.0	3.7933541017653165	2.884726224783862	0.0	24.830578512396695	8.200787401574804	1.6979166666666667	0.0	0.0	10.186046511627907	11.91383495145631	0.0	8.592674805771365	2.747529200359389	36.47342026078235	0.0	0.7309027777777778	7.706650831353919	28.065317387304507
24446	0.0	0.017094017094017096	1.6182336182336183	1.3304843304843306	0.0	0.0	3.8176470588235296	2.888888888888889	0.0	10.166037735849057	1.4827586206896552	1.8404558404558404	0.0	0.0	2.3265895953757227	20.52547770700637	0.0	7.279411764705882	3.9914529914529915	22.50557620817844	0.0	0.0	4.331010452961673	23.622775800711743
24447	0.0	2.0	0.0	6.361111111111111	0.0	0.0	0.0	2.547169811320755	0.0	5.0	0.0	0.0	0.0	0.0	3.736111111111111	5.958333333333333	0.0	4.972972972972973	0.0	9.902777777777779	0.0	0.0	0.0	5.027777777777778
24448	0.0	0.9367816091954023	0.04830917874396135	1.1261950286806883	0.0	0.0	1.5570977917981073	1.14713216957606	0.0	6.851851851851852	1.9817251461988303	0.0	0.0	0.0	2.600402955003358	5.5492647058823525	0.0	4.4848858729179515	1.0365469439193447	7.763703703703704	0.0	0.0	2.0285132382892055	9.502773925104023
24449	0.0	0.0	0.0	2.0684931506849313	0.0	0.0	5.385844748858448	0.0	0.0	5.207407407407407	0.0	0.0	0.0	0.0	2.182648401826484	8.057377049180328	0.0	6.017341040462428	0.0	15.376712328767123	0.0	0.0	0.5616438356164384	10.625
24450	0.0	3.1555555555555554	0.0	0.4444444444444444	0.0	0.0	0.0	4.711111111111111	0.0	10.066666666666666	5.653333333333333	0.0	0.0	0.0	5.252475247524752	7.9319371727748695	0.0	4.5	3.5	13.87012987012987	0.0	0.0	2.7288888888888887	9.71111111111111
24451	0.0	0.0	0.0	1.6312056737588652	0.0	0.0	0.0	0.0	0.0	5.912408759124087	6.4822695035460995	0.0	0.0	0.0	2.482269503546099	2.9432624113475176	0.0	5.3120567375886525	0.7659574468085106	16.496	0.0	0.0	4.0638297872340425	17.08421052631579
24452	0.0	1.9845594913714806	0.0	3.6541274817136884	0.0	0.0	1.8737511353315168	0.0	0.0	7.271497584541063	3.966796875	1.009671179883946	0.0	0.0	5.0602006688963215	10.163950143815915	0.0	1.700507614213198	4.281489594742607	18.376425855513308	0.0	0.0	4.673429951690821	12.708129285014692
24453	0.0	1.5728987993138936	0.0	0.9557021677662583	0.0	0.0	1.5671506352087115	2.0844854070660523	0.0	9.516075845012367	3.6546521374685668	0.26849733028222733	0.0	0.0	3.641284403669725	7.858942065491184	0.0	8.111711711711711	1.6534234995773458	19.75299539170507	0.0	0.0	3.7611301369863015	14.722077922077922
24454	0.0	1.7576832151300237	0.8687943262411347	2.557997557997558	0.0	0.0	2.641089108910891	1.1264775413711583	0.0	7.928067700987306	4.195678271308523	0.828080229226361	0.0	0.0	4.26125	7.765753424657534	0.0	5.118086696562033	1.4314420803782506	17.80253164556962	0.0	0.3203309692671395	1.9178807947019867	24.556603773584907
24455	0.0	1.7526652452025586	0.0	2.9623430962343096	0.0	0.0	2.145945945945946	0.7108294930875576	0.0	10.397074190177639	1.8497596153846154	0.6441441441441441	0.0	0.0	2.780795344325897	7.386128364389234	0.0	4.963805584281283	0.7628267182962246	20.44400785854617	0.0	0.0	4.547743966421826	20.023162134944613
24456	0.0	0.0	0.0	1.725	1.7106227106227105	0.0	0.0	5.3744493392070485	0.0	4.831325301204819	4.076923076923077	0.0	0.0	0.0	5.3949044585987265	6.051813471502591	0.0	2.7948717948717947	2.0036630036630036	13.644688644688644	0.0	0.0	4.285714285714286	15.655172413793103
24457	3.3944444444444444	2.4673469387755103	0.0	2.9149338374291114	0.0	0.9512195121951219	2.9736263736263737	0.0	0.0	13.129943502824858	3.6641074856046063	0.0	1.3855721393034826	1.9780701754385965	5.488069414316703	9.840095465393794	0.0	8.893617021276595	3.4482758620689653	19.97678916827853	0.0	1.5899581589958158	7.809322033898305	18.83809523809524
24458	1.940251572327044	1.8050314465408805	0.0	7.345724907063197	2.6037735849056602	0.8270440251572327	8.844357976653697	3.289308176100629	1.7830188679245282	11.678233438485805	6.531446540880503	0.6540880503144654	2.2169811320754715	1.6540880503144655	8.243816254416961	15.455974842767295	0.0	7.877358490566038	5.401673640167364	18.742049469964666	1.9748427672955975	1.3113207547169812	7.242718446601942	16.76298701298701
24459	0.0	1.1776649746192893	0.0	4.332453825857519	0.0	0.0	5.088383838383838	2.0955631399317407	0.0	4.452830188679245	3.7455470737913488	2.026315789473684	0.0	0.0	4.068493150684931	10.127868852459017	0.0	2.127551020408163	0.0	9.652173913043478	0.0	0.0	5.845697329376854	12.409090909090908
24460	0.0	3.71882951653944	0.4568306010928962	5.992258064516129	0.0	0.0	5.224178403755869	0.8853868194842407	0.0	17.950800915331808	6.0459627329192545	2.4511278195488724	0.0	0.0	10.993606138107417	11.180487804878048	0.0	5.6753782668500685	1.8765060240963856	20.69819193324061	0.0	0.6316939890710382	7.245856353591161	17.58698940998487
24461	0.0	0.0	0.0	0.5932203389830508	0.0	0.0	0.0	0.0	0.0	8.215469613259668	2.08	4.294685990338165	0.0	0.0	0.0	3.2290076335877864	0.0	10.479041916167665	3.0652173913043477	28.174698795180724	0.0	0.0	3.5872093023255816	5.979166666666667
24462	0.0	0.0	1.1728395061728396	2.015267175572519	0.0	0.0	1.9414634146341463	1.3045267489711934	0.0	8.311377245508982	5.8533333333333335	1.8888888888888888	0.0	0.0	5.933701657458563	4.263414634146342	0.0	5.539094650205762	2.263374485596708	24.302083333333332	0.0	0.0	2.6	8.67878787878788
24463	0.0	1.606837606837607	0.2588522588522589	6.690721649484536	0.0	0.0	2.665610142630745	2.8259493670886076	0.0	8.216296296296296	3.338441890166028	1.6720496894409937	0.0	0.0	9.251269035532994	9.545787545787546	0.0	4.203907203907204	1.841359773371105	21.81714285714286	0.0	0.0	5.954301075268817	21.61576354679803
24464	0.0	1.564042303172738	0.0	3.7642752562225477	0.0	0.0	3.5337209302325583	0.7408585055643879	0.0	6.020949720670391	2.8025134649910233	0.9074074074074074	0.0	0.0	4.375	7.013647642679901	0.0	6.046511627906977	0.9193548387096774	27.225449515905947	0.0	0.0	6.151260504201681	12.97510980966325
24465	0.0	0.0	0.0	2.88659793814433	0.0	0.0	1.5932203389830508	0.4463276836158192	0.0	2.6186186186186187	0.7062146892655368	1.2768361581920904	0.0	0.0	4.11864406779661	3.9322033898305087	0.0	2.6266233766233764	2.353107344632768	18.4983922829582	0.0	0.0	8.731638418079097	17.280701754385966
24466	0.8031914893617021	4.25531914893617	0.3599290780141844	13.432188065099458	0.0	0.0	4.1453900709219855	0.9848156182212582	0.0	27.260127931769723	7.9490022172949	1.8475177304964538	0.05673758865248227	0.0	14.572446555819477	16.64027149321267	0.0	10.020089285714286	2.3112033195020745	49.78103837471783	0.0726950354609929	0.0	13.736654804270463	36.25099601593625
24467	0.0	0.0	0.0	0.0	0.0	0.0	0.717948717948718	0.0	0.0	2.8119658119658117	0.0	0.0	0.0	0.0	0.0	0.0	0.0	0.0	0.0	0.0	0.0	0.0	2.7094017094017095	6.8344370860927155
24468	0.0	0.6684266103484688	0.0	2.1517467248908297	0.0	0.0	2.687679083094556	0.0	0.0	7.407602956705386	3.2037735849056603	0.0	0.0	0.0	3.5026511134676563	4.814857142857143	0.0	1.0527522935779816	1.2879719051799825	12.260595130748422	0.0	0.0	2.328598484848485	11.517385257301807
24469	0.0	1.5853379152348224	0.38946162657502864	4.427262313860252	0.0	0.0	1.238651102464332	0.6353503184713376	0.0	7.660645161290323	3.6666666666666665	0.0	0.0	0.0	2.3371824480369514	10.07244094488189	0.0	2.9318181818181817	1.6168009205983889	16.125287356321838	0.0	0.0	3.5724233983286906	9.705172413793104
24470	0.0	3.5238095238095237	0.0	4.541666666666667	0.0	0.0	0.0	2.2	0.38095238095238093	4.475903614457831	1.7321428571428572	2.4642857142857144	0.0	0.0	2.6904761904761907	19.757575757575758	0.0	6.571428571428571	0.7380952380952381	13.210526315789474	0.0	0.0	10.88888888888889	7.574074074074074
24471	0.0	0.8878326996197718	0.0	2.6225108225108227	0.0	0.0	3.540016849199663	1.7158671586715868	0.0	7.6	2.4982778415614235	0.7895277207392197	0.0	0.0	4.044270833333333	6.277584204413473	0.0	7.766454352441613	1.062152133580705	19.816102470265324	0.0	0.0	5.178228388473853	11.336448598130842
24472	0.0	0.9413145539906104	0.0	1.8514588859416445	0.0	0.0	1.5093896713615023	0.6854460093896714	0.0	7.075067024128686	3.8883248730964466	0.0	0.0	0.004694835680751174	3.929411764705882	6.771739130434782	0.0	3.249388753056235	1.4099526066350712	17.431924882629108	0.0	0.24178403755868544	3.0127551020408165	13.846733668341708
24473	0.0	2.8350840336134455	0.0	3.9253886010362695	0.0	0.0	1.293889427740058	0.0	0.0	9.947115384615385	3.7468030690537084	3.6692047377326564	0.0	0.0	5.76775956284153	12.095238095238095	0.0	2.969286359530262	0.9805414551607445	10.901574803149606	0.0	0.0	5.078449053201082	13.868167202572348
24474	0.0	0.7916666666666666	0.0	2.0194444444444444	0.0	0.0	2.036111111111111	1.3416666666666666	0.0	8.556650246305418	1.1115241635687731	1.2638888888888888	0.2833333333333333	0.0	2.2916666666666665	5.85	0.0	4.948096885813149	0.0	9.08695652173913	0.0	0.0	2.7091836734693877	8.01840490797546
24475	0.0	0.0	0.0	1.664	0.0	0.0	0.0	0.0	0.0	3.2826666666666666	3.3946666666666667	0.0	0.0	0.0	1.8308823529411764	4.72191011235955	0.0	3.5946666666666665	2.8933333333333335	8.322463768115941	0.0	0.7413333333333333	0.0	4.253333333333333
24476	0.0	1.2643229166666667	0.4140625	0.7760416666666666	0.0	0.0	0.7630208333333334	2.0533854166666665	0.0	1.7448015122873346	3.4217506631299734	0.0	0.0	0.0	3.265625	4.846011131725417	0.0	6.711048158640226	0.9075520833333334	12.297213622291022	0.0	0.0	1.5651041666666667	6.810855263157895
24477	0.0	2.0949019607843136	0.0	1.6739837398373985	0.0	0.0	1.2545327754532776	0.9965132496513249	0.0	7.067618332081142	2.1166666666666667	0.0	0.0	0.0	4.794871794871795	6.927452596867271	0.0	5.884195193008011	1.908236994219653	17.844785772029102	0.0	0.0	3.1630347054075867	16.539254559873118
24478	1.1711711711711712	0.0	0.0	3.135048231511254	0.0	0.0	2.854237288135593	1.3063063063063063	0.0	11.188841201716738	5.5375375375375375	0.0	0.0	0.0	4.801020408163265	7.578125	0.0	8.319018404907975	2.3183183183183185	14.854092526690392	0.0	0.0	3.940959409594096	11.310580204778157
24479	0.0	1.8446969696969697	0.0	1.3692660550458715	0.0	0.0	0.0	1.2215909090909092	0.0	9.466793168880455	0.8371212121212122	2.0454545454545454	0.0	0.23863636363636365	4.124282982791587	12.546875	0.0	6.791962174940898	3.0056818181818183	12.123989218328841	0.0	0.0	4.169014084507042	14.685884691848907
24480	0.0	1.4012219959266803	0.0	1.935483870967742	0.0	0.0	1.7739420935412027	1.3118279569892473	0.0	10.859139784946237	1.4037145650048877	1.0271682340647859	0.0	0.0	3.3186558516801856	6.953012048192771	0.0	2.7612826603325415	0.6504629629629629	21.753233830845772	0.0	0.0	2.449052132701422	17.774017467248907
24481	0.0	0.0	0.0	0.0	0.0	0.0	0.0	0.19047619047619047	0.0	6.3076923076923075	3.7777777777777777	0.0	0.0	0.0	2.8506493506493507	7.1873015873015875	0.0	2.9238095238095236	0.0	14.993174061433447	0.0	0.0	4.888535031847134	16.629392971246006
24482	0.0	0.0	0.0	1.0272108843537415	0.0	0.0	1.3741496598639455	0.0	0.0	4.6689655172413795	0.5068027210884354	2.010204081632653	0.0	0.0	3.391156462585034	6.321608040201005	0.0	2.237762237762238	0.0	11.168458781362007	0.0	0.0	3.8793774319066148	10.54421768707483
24483	0.0	0.0	0.0	0.0	0.0	0.0	2.5714285714285716	1.0504587155963303	0.0	2.4166666666666665	4.216867469879518	0.0	0.0	0.0	0.9484126984126984	2.851674641148325	0.0	1.4047619047619047	0.0	14.47867298578199	0.0	0.0	1.8333333333333333	3.076923076923077
24484	0.0	2.641025641025641	1.3205128205128205	5.705128205128205	0.0	0.0	3.8846153846153846	2.3846153846153846	0.0	10.878205128205128	3.9870967741935486	0.9743589743589743	0.0	0.0	4.723684210526316	14.275641025641026	0.0	3.532051282051282	0.0	23.649350649350648	0.8717948717948718	0.0	11.265734265734265	15.305555555555555
24485	0.0	1.0234741784037558	0.0	2.0446927374301676	0.0	0.0	2.9061032863849765	0.0	0.0	7.482456140350878	2.136150234741784	0.0	0.0	0.0	0.0	5.461538461538462	0.0	2.8826291079812205	0.29577464788732394	13.061224489795919	0.0	0.0	2.295774647887324	8.870588235294118
24486	0.0	0.0	0.4074074074074074	1.385185185185185	0.0	0.0	2.2222222222222223	2.588888888888889	0.0	11.820224719101123	1.9576923076923076	0.0	0.0	0.7037037037037037	8.594262295081966	3.9068825910931175	0.0	8.688741721854305	0.0	17.732217573221757	0.0	0.3111111111111111	1.7333333333333334	11.245454545454546
24487	0.0	0.9384057971014492	1.0942028985507246	0.5108695652173914	0.0	0.0	0.0	1.4963768115942029	0.0	8.932489451476794	5.1587982832618025	3.068840579710145	0.0	0.0	8.221739130434782	7.4937759336099585	0.0	1.2572463768115942	0.0	12.357429718875501	0.0	0.0	4.8059701492537314	7.244541484716157
24488	0.0	4.039009287925697	1.6453703703703704	8.26595744680851	0.3631361760660248	0.0	6.7623554153522605	5.0	0.0	30.823094425483504	10.521646178514164	2.720782959124928	0.0	0.0	13.312846068660022	26.0715859030837	0.0	13.46218487394958	3.9690666666666665	56.85437430786268	0.0	0.8523613021549747	16.08854427213607	44.753340757238306
24489	0.0	0.0	0.0	1.5676767676767678	0.0	0.0	1.749761222540592	1.5296574770258982	0.0	5.108695652173913	2.3446153846153845	1.2832080200501252	0.0	0.0	2.8306613226452906	6.068561872909699	0.0	1.1101123595505618	1.6232247284878865	13.072208228379512	0.0	0.0	3.4601694915254235	14.12129894937918
24490	0.0	1.365296803652968	0.0	4.851335656213705	0.0	0.0	2.1354330708661418	0.0	0.0	4.171799027552674	6.172571428571429	2.4046242774566475	0.0	0.0	3.3275	11.258649093904449	0.0	2.717598908594816	0.8068571428571428	24.218225419664268	0.0	0.0	4.7535816618911175	17.121447028423773
24491	0.0	0.9726443768996961	0.0	2.56	0.0	0.0	2.5080645161290325	0.0	0.0	7.629850746268657	7.780701754385965	1.2526881720430108	0.021052631578947368	0.0	7.559782608695652	6.574675324675325	0.0	10.027027027027026	0.0	15.256965944272446	0.0	0.0	4.349570200573066	25.279503105590063
24492	0.0	1.6507936507936507	1.0456349206349207	3.194510739856802	0.0	0.0	2.331770222743259	2.5069444444444446	0.0	3.1582278481012658	3.849264705882353	1.0892857142857142	0.0	0.0	3.659327925840093	12.539184952978056	0.0	7.007731958762887	0.9137554585152838	15.195436507936508	0.0	0.0	3.7070572569906792	27.214689265536723
24493	0.0	0.6825396825396826	0.0	2.125	0.0	0.0	1.7088948787061995	0.8863636363636364	0.0	10.416879795396419	4.720238095238095	1.4563492063492063	0.0	0.0	4.05249343832021	5.684317718940937	0.0	3.0589970501474926	3.0867678958785247	13.21174004192872	0.0	0.0	4.032454361054767	20.09976247030879
24494	0.0	2.312684365781711	0.0	3.8947368421052633	0.0	0.0	3.9144542772861355	1.2355212355212355	0.0	9.019512195121951	3.616519174041298	3.033195020746888	0.0	0.0	3.658536585365854	5.466076696165191	0.0	2.5427728613569323	5.9397590361445785	16.106382978723403	0.0	0.0	4.991150442477876	7.784246575342466
24495	0.0	1.4157894736842105	0.0	0.0	0.0	0.0	1.936842105263158	2.449122807017544	0.0	9.687719298245614	4.046099290780142	0.0	0.0	0.0	1.0167597765363128	8.375510204081632	0.0	5.7168458781362	1.1122807017543859	19.814035087719297	0.0	0.45964912280701753	7.930232558139535	8.850678733031675
24496	0.0	2.334164588528678	0.0	4.87020316027088	0.0	0.0	1.482959268495428	2.733673469387755	0.0	9.007312614259599	3.84	0.0	0.0	0.0	4.183129855715872	9.482758620689655	0.0	5.781596452328159	1.2890422778257118	18.02534965034965	0.0	0.0	5.718324607329843	13.979686057248385
24497	0.0	1.476655808903366	1.3137893593919652	1.8554054054054054	0.0	0.0	0.998914223669924	2.0792616720955484	0.0	10.229135053110774	3.1979565772669223	1.462455303933254	0.0	0.0	4.530751708428246	10.03888888888889	0.0	2.251564455569462	0.7973760932944607	18.923821039903263	0.0	0.0	5.223618090452261	20.426321709786276
24498	0.0	0.8021164021164021	0.0	2.9047619047619047	0.0	0.0	1.2126984126984126	0.0	0.0	9.193426042983566	2.6713395638629285	0.0	0.0	0.0	4.922135706340378	10.129854368932039	0.0	6.1294387170675835	0.6391534391534391	16.48074179743224	0.0	0.0	2.530994152046784	10.17410071942446
24499	0.0	1.8837719298245614	0.0	2.057184750733138	0.0	0.0	2.7565982404692084	0.8065173116089613	0.0	6.435681470137825	5.438683127572016	0.0	0.0	0.0	3.1219096334185847	8.630705394190871	0.0	2.918388429752066	1.0346456692913386	11.083267248215702	0.0	0.0	2.4121151936444885	14.759117082533589
24500	0.0	2.3205673758865246	0.0	4.057943925233645	0.0	0.0	0.0	0.0	0.0	5.771381578947368	2.5355191256830603	0.0	0.0	0.0	1.2439372325249642	8.39795918367347	0.0	3.3741496598639458	3.7148936170212767	17.104906937394247	0.0	0.0	5.840064620355412	16.21442885771543
24501	0.0	1.0636363636363637	0.0	0.0	0.0	0.0	0.0	0.0	0.0	2.9877675840978593	1.3064516129032258	0.0	0.09090909090909091	0.0	1.1757575757575758	0.6958333333333333	0.0	2.4920127795527156	0.0	1.0705882352941176	0.0	0.0	0.08839779005524862	5.757575757575758
24502	0.0	7.956164383561644	1.8734177215189873	9.671641791044776	0.9282700421940928	0.0	7.077669902912621	7.238396624472574	0.0	38.43196544276458	15.145077720207254	0.3745819397993311	2.271505376344086	2.825287356321839	18.345714285714287	29.97948717948718	0.0	22.007317073170732	9.288	57.275204359673026	1.4725738396624473	3.878338278931751	15.49164677804296	71.46272493573265
24503	0.0	3.3954802259887007	0.0	9.757062146892656	0.0	0.0	5.933333333333334	1.4406779661016949	0.0	16.71232876712329	6.288135593220339	0.0	0.0	0.0	7.818181818181818	21.05263157894737	0.0	15.015037593984962	3.4237288135593222	47.97761194029851	0.0	0.0	7.706214689265536	30.633540372670808
24504	0.0	2.078590785907859	0.0	2.6016260162601625	0.0	0.0	2.078590785907859	0.5441860465116279	0.0	18.05294117647059	2.3850746268656717	2.772357723577236	0.0	0.0	3.926829268292683	5.4591439688715955	0.0	6.507552870090635	2.6124661246612466	16.495934959349594	0.0	0.0	5.807339449541284	18.233532934131738
24505	0.0	2.3605150214592276	0.0	4.450777202072539	0.0	0.0	3.436420722135008	1.882825040128411	0.0	13.40200286123033	6.017825311942959	1.7167381974248928	0.0	0.0	6.601073345259392	12.957081545064378	0.0	7.76937984496124	0.8783977110157367	25.04812030075188	0.0	0.0	9.467845659163988	29.674809160305344
24506	0.0	0.5568627450980392	0.0	3.784313725490196	0.8862745098039215	0.0	0.8941176470588236	0.6784313725490196	0.0	4.764705882352941	3.6862745098039214	2.1813725490196076	0.0	0.0	2.231372549019608	7.562841530054645	0.0	7.402439024390244	0.6823529411764706	13.628318584070797	0.6431372549019608	0.0	7.09375	18.591489361702127
24507	0.0	3.4509090909090907	0.0	1.045925925925926	0.24296296296296296	0.0	0.0	2.4828209764918627	0.0	5.651600753295669	2.9195205479452055	0.0	0.0	0.0	3.1032934131736525	9.137221269296742	0.0	3.9735576923076925	0.0	16.539823008849556	0.0	0.0	1.3934782608695653	19.21875
24508	0.0	0.0	0.0	2.2053712480252763	0.0	0.0	2.1769352290679307	0.0	0.0	8.87785016286645	2.0632183908045976	1.5592417061611374	0.0	0.0	3.9170731707317072	8.276666666666667	0.0	1.9431279620853081	0.0	16.21896551724138	0.0	0.0	2.240126382306477	17.111617312072894
24509	0.0	1.028906955736224	0.0	1.4634858812074	0.0	0.0	2.2309941520467835	0.8581752484191508	0.0	10.213349225268177	5.362068965517241	0.0	0.0	0.0	5.034195933456562	9.893115942028986	0.0	5.449414270500532	3.0919409761634506	15.08390243902439	0.0	0.0	4.1750465549348235	11.273584905660377
24510	0.0	0.0	0.0	2.1885521885521886	0.0	0.0	1.943661971830986	0.0	0.0	9.875420875420875	3.832167832167832	2.430976430976431	0.0	0.0	3.560483870967742	5.960573476702509	0.0	1.787313432835821	1.9696969696969697	14.315315315315315	0.0	0.0	5.121212121212121	17.820627802690584
24511	1.0492957746478873	1.2160737812911726	1.0128654970760234	1.9391812865497076	0.11461988304093568	0.0	3.0947521865889214	2.5204359673024523	0.0	13.201342281879194	4.277192982456141	0.0	0.0	0.0	3.537062937062937	10.804387568555759	0.0	3.0517711171662127	1.3941520467836257	14.450532724505328	0.0	0.0	3.1335403726708075	15.526395173453997
24512	0.0	3.0837696335078535	0.0	4.819526627218935	0.0	0.0	2.206322795341098	1.1886345698500396	0.0	7.981623277182236	3.95221843003413	1.6120567375886525	0.0	0.0	6.074183976261128	8.551980198019802	0.0	2.772222222222222	1.2320574162679425	24.883516483516484	0.0	0.0	5.783763837638376	23.088557213930347
24513	0.0	1.0023584905660377	0.0	2.2173382173382175	0.0	0.0	0.11888888888888889	0.3322222222222222	0.0	9.508988764044943	3.936111111111111	1.0555555555555556	0.0	0.0	2.2818294190358466	11.740447957839262	0.0	3.109234234234234	0.17777777777777778	18.922636103151863	0.0	0.0	2.82537517053206	10.865248226950355
24514	0.0	1.2016985138004246	0.0	5.705685618729097	0.0	0.0	2.685774946921444	1.4602803738317758	0.0	10.602523659305994	4.186516853932584	1.6666666666666667	0.0	0.39490445859872614	0.0	6.472491909385114	0.0	3.9020172910662825	0.0	16.83653846153846	0.0	0.0	3.7549019607843137	15.474254742547425
24515	0.0	0.9317073170731708	0.44195953141640043	2.4856194690265485	0.0	0.0	1.387012987012987	1.6624068157614484	0.0	9.97055359246172	2.868279569892473	0.0	0.0	0.3663471778487753	4.3296337402885685	9.965217391304348	0.0	3.83739837398374	2.2807399347116433	15.991094147582697	0.0	0.0	5.464912280701754	9.726941747572816
24516	0.0	0.0	0.6017094017094017	2.747008547008547	0.0	0.0	4.698292220113852	1.5529865125240847	0.0	14.081967213114755	3.112947658402204	1.6461824953445066	0.0	0.0	3.979202772963605	8.910675381263616	0.0	4.286407766990291	1.12991452991453	15.863883847549909	0.0	0.0	7.364210526315789	14.712121212121213
24517	0.0	0.23174603174603176	0.0031746031746031746	0.0	0.0	0.0	0.0	0.04126984126984127	0.0	2.8476190476190477	0.49206349206349204	0.0	0.0	0.0	0.0	0.25396825396825395	0.0	0.0	0.0	1.7714285714285714	0.0	0.0	0.4158730158730159	0.8698412698412699
24518	0.0	2.453416149068323	0.0	0.0	0.0	0.0	0.0	0.0	0.0	4.154362416107382	3.028985507246377	0.0	0.0	0.0	3.217391304347826	6.801136363636363	0.0	3.771604938271605	0.0	9.718918918918918	0.0	0.0	2.106280193236715	3.6
24519	0.36156351791530944	1.0451977401129944	0.0	2.13953488372093	0.0	0.0	1.827455919395466	0.9193548387096774	0.0	7.176229508196721	2.601841196777906	2.3524027459954233	0.0	0.0	6.020460358056266	10.813641900121803	0.0	6.950113378684807	1.4239888423988842	18.70687237026648	0.0	0.0	2.459425717852684	12.569711538461538
24520	0.0	1.6235167206040992	0.09924487594390508	2.1143473570658036	0.0	0.0	1.7045454545454546	0.7708592777085927	0.0	4.781565656565657	5.734717416378316	2.22874251497006	0.0	0.0	2.9856687898089174	5.89766081871345	0.0	4.8708133971291865	0.5232876712328767	16.916666666666668	0.0	0.0	2.3890625	10.768406961178046
24521	0.0	0.8395061728395061	0.0	3.7082630691399663	1.2531120331950207	0.0	0.0	0.96513470681458	0.0	6.546808510638298	5.169984686064319	2.251728907330567	0.0	0.0	2.6763392857142856	5.840579710144928	0.0	3.914285714285714	1.9657631954350927	17.617391304347827	0.0	0.0	5.802008608321377	14.670731707317072
24522	0.0	0.0	0.0	2.0246913580246915	0.0	0.0	0.0	4.246913580246914	0.0	7.061728395061729	3.8947368421052633	2.728395061728395	0.9876543209876543	0.0	5.4772727272727275	7.987654320987654	0.0	4.1234567901234565	1.9691358024691359	15.241830065359476	0.0	0.8148148148148148	2.234567901234568	14.930379746835444
24523	0.0	1.0492424242424243	0.5303030303030303	3.949612403100775	0.0	0.0	0.6891891891891891	1.1022727272727273	0.0	5.5625	3.125	0.0	0.0	0.0	3.91254752851711	5.3130434782608695	0.0	1.7765151515151516	2.4507575757575757	18.074257425742573	0.0	1.0454545454545454	1.5681818181818181	8.0
24524	0.0	0.0	0.0	2.8194805194805195	0.0	0.0	1.7776412776412776	1.1789137380191694	0.0	7.209331651954603	1.455388180764774	0.0	0.0	0.0	5.098501070663811	5.546997389033942	0.0	3.492622020431328	1.119530416221985	15.155878467635404	0.0	0.0	2.417227456258412	16.598507462686566
24525	0.0	2.796747967479675	0.24074074074074073	2.399548532731377	0.0	0.0	2.736111111111111	1.154320987654321	0.0	8.273148148148149	4.135658914728682	2.2808641975308643	0.0	0.0	5.202472952086553	7.803691275167785	0.0	2.248456790123457	1.054	14.115315315315316	0.0	0.0	3.990740740740741	8.58648111332008
24526	0.0	3.301169590643275	0.0	3.131332082551595	0.0	0.0	1.7353801169590644	2.581168831168831	0.0	10.860759493670885	5.460803059273423	0.6739766081871345	0.0	0.3333333333333333	3.5562632696390657	7.608156028368795	0.0	1.4062015503875969	3.309941520467836	9.597802197802197	0.0	0.0	1.4444444444444444	16.194940476190474
24527	0.0	0.0	0.9042675893886967	2.131764705882353	0.0	0.0	1.7047289504036909	1.0980392156862746	0.0	9.600467289719626	3.0760095011876483	1.5420991926182237	0.17531718569780855	0.0	1.8846694796061885	4.748180494905386	0.0	3.4822190611664294	0.0	10.86874154262517	0.0	0.0	1.657439446366782	10.351787773933102
24528	0.0	0.0	0.0	1.6070528967254407	0.0	0.0	1.7666405638214566	1.5858895705521472	0.0	9.465531224655312	3.851104707012488	1.5792227204783258	0.0	0.0	3.371332774518022	6.012830793905373	0.0	6.212060301507537	2.3568627450980393	18.6577243293247	0.0	0.0	4.69880418535127	15.76976542137272
24529	0.0	1.8222222222222222	0.0	8.515555555555556	0.0	0.0	0.0	0.8623188405797102	0.0	10.693333333333333	1.6396396396396395	0.3466666666666667	0.0	0.0	1.9245283018867925	6.723404255319149	0.0	2.1555555555555554	3.299492385786802	15.466666666666667	0.0	0.0	4.213333333333333	8.142222222222221
24530	0.0	2.2454780361757107	0.0	1.8089887640449438	0.0	0.0	1.9904761904761905	0.9629629629629629	0.0	6.827868852459017	4.118798955613577	0.0	0.0	0.0	2.345549738219895	9.980645161290322	0.0	2.53359173126615	3.024817518248175	19.04655172413793	0.0	0.0	5.175115207373272	18.223463687150836
24531	0.0	2.1726408193123627	0.0	2.8682816048448143	0.0	0.0	2.1364522417153995	1.8488888888888888	0.0	7.498635743519782	2.9564912280701754	0.0	0.47021546261089986	0.0	4.75	7.900355871886121	0.0	2.9193548387096775	1.5985977212971079	15.692127825409198	0.017743979721166033	0.0	3.6022099447513813	17.015037593984964
24532	0.0	0.9270568278201866	0.0	3.37829209896249	0.0	0.0	1.1294117647058823	2.1634103019538187	0.0	4.959398496240602	3.9191073919107393	0.9333333333333333	0.0	0.0	3.838661710037175	7.825250836120401	0.0	2.924214417744917	1.108515448379804	13.466010733452594	0.0	0.0	3.552522746071133	14.053417124901808
24533	0.0	0.7528868360277137	0.0	3.794694348327566	0.0	0.0	1.6846307385229542	2.18828297715549	0.0	9.297428251956765	3.797160243407708	1.0826271186440677	0.0	0.0	3.5522041763341066	7.107800175284837	0.0	3.6974231088944305	1.3743629949039593	14.521158129175946	0.0	0.0	4.012307692307692	15.555640828856484
24534	0.0	1.8484848484848484	0.0	3.0710594315245476	0.0	0.0	2.121212121212121	1.9981751824817517	0.0	5.67699836867863	3.933080808080808	0.0	0.0	0.30303030303030304	4.128246753246753	8.941678520625889	0.0	1.8400556328233657	0.0	21.12590448625181	0.0	0.0	5.105339105339105	15.133567662565905
24535	0.967948717948718	0.3301282051282051	0.0	3.6185897435897436	0.0	0.0	0.0	0.8269230769230769	0.0	6.337254901960784	1.4186046511627908	1.8333333333333333	0.0	0.0	2.077966101694915	11.61744966442953	0.0	3.125	0.2403846153846154	7.356807511737089	0.0	0.0	3.7115384615384617	12.32258064516129
24536	0.0	1.9341614906832298	0.25195094760312153	2.245121951219512	0.0	0.0	1.584169453734671	1.6833890746934226	0.0	11.988826815642458	3.796037296037296	0.0	0.0	0.0	3.6045977011494252	6.932448733413752	0.0	3.357142857142857	1.898633257403189	16.964933494558647	0.0	0.0	3.2445582586427655	13.183941605839417
24537	0.0	4.936781609195402	1.6781609195402298	12.605263157894736	0.0	0.0	0.16091954022988506	0.47126436781609193	0.0	5.383647798742138	2.028735632183908	0.0	0.0	0.0	2.2126436781609193	7.345238095238095	0.0	0.3390804597701149	0.0	18.176	0.0	0.0	4.7011494252873565	12.513698630136986
24538	0.0	1.0272108843537415	0.0	2.4124293785310735	0.0	0.0	1.782312925170068	2.292517006802721	0.0	7.115879828326181	3.5136054421768708	0.0	0.0	0.0	5.9604743083003955	8.639455782312925	0.0	1.5374149659863945	0.8095238095238095	15.913793103448276	0.0	0.0	6.901360544217687	12.913669064748202
24539	0.0	0.0	0.0	6.003787878787879	0.8371212121212122	0.0	0.6022727272727273	0.0	0.0	5.1206030150753765	6.265151515151516	2.1136363636363638	0.0	0.0	14.482758620689655	9.923728813559322	0.0	3.4942528735632186	2.623931623931624	20.145299145299145	0.0	0.0	5.96969696969697	19.05785123966942
24540	0.0	1.8002049180327868	0.0	3.258445945945946	0.0	0.0	2.298507462686567	1.9236111111111112	0.0	8.979806848112379	3.9767827529021558	0.7172470978441128	0.0	0.0	6.002680965147453	8.012455516014235	0.0	4.031315240083507	1.2272727272727273	22.207253886010363	0.0	0.0	4.2671040299906275	13.721932114882506
24541	0.0	0.8651960784313726	1.5563725490196079	3.575980392156863	0.07692307692307693	0.3799392097264438	3.822454308093995	1.9534313725490196	0.0	6.098039215686274	5.655948553054662	0.0	0.0	0.0	2.1951219512195124	7.794270833333333	0.0	4.227513227513228	0.5269607843137255	13.51015228426396	0.0	1.6323529411764706	4.615635179153094	15.81981981981982
24542	0.0	2.2115732368896928	0.0	4.144124168514413	0.0	0.0	1.3929824561403508	2.1228070175438596	0.0	8.860074626865671	1.840085287846482	1.2117863720073665	0.0	0.0	4.637898686679175	8.472766884531591	0.0	6.345833333333333	2.0140350877192983	19.53937007874016	0.0	0.0	7.413669064748201	15.296213808463252
24543	0.0	1.7059773828756057	0.991701244813278	6.025242718446602	0.0	0.0	1.7777777777777777	0.9736379613356766	0.0	11.94134477825465	4.902723735408561	0.0	0.0	0.0	8.392706872370267	12.74480712166172	0.0	5.498194945848375	1.4787878787878788	19.195454545454545	0.0	0.0	5.274425287356322	20.594101123595507
24544	0.0	2.764705882352941	0.20915032679738563	2.150326797385621	0.0	0.0	0.0	0.0	0.0	11.261437908496733	4.642857142857143	0.0	0.0	0.0	3.2222222222222223	10.420168067226891	0.0	5.281879194630872	0.9869281045751634	17.427083333333332	0.0	0.934640522875817	4.03921568627451	18.793893129770993
24545	0.0	1.7670682730923695	1.1967871485943775	4.923694779116466	0.0	0.0	3.0	1.751004016064257	0.0	15.52995391705069	4.00462962962963	0.8617021276595744	0.0	0.0	13.708133971291867	6.757142857142857	0.0	3.8674698795180724	1.6746987951807228	30.57429718875502	0.0	0.20883534136546184	5.775100401606426	27.3402489626556
24546	0.0	2.0110847189231986	0.0	3.109837631327603	0.0	0.0	1.8669201520912548	0.8271604938271605	0.0	8.536435469710272	2.881044487427466	1.9540775930324623	0.0	0.0	4.041595925297114	9.216191352345906	0.0	5.487029288702929	0.0	17.537644787644787	0.0	0.8657718120805369	4.013599274705349	13.55374887082204
24547	0.0	0.5189393939393939	0.0	2.1818181818181817	0.0	0.0	1.1336032388663968	0.0	0.0	9.232876712328768	2.49618320610687	0.0	0.0	1.6893939393939394	3.7161016949152543	9.167664670658683	0.0	7.1477272727272725	1.8620689655172413	13.82882882882883	0.0	1.003787878787879	3.6515151515151514	13.81592039800995
24548	0.0	0.0	2.1818181818181817	5.45021645021645	0.0	0.0	4.64935064935065	2.121212121212121	0.0	12.268398268398268	6.109523809523809	1.6308411214953271	3.2337662337662336	0.0	11.288235294117648	3.151351351351351	0.0	9.264069264069263	3.2467532467532467	17.619718309859156	0.0	0.0	3.0361990950226243	16.074626865671643
24549	0.0	3.8958333333333335	0.0	5.67966573816156	0.0	0.0	0.0	1.3078703703703705	0.0	5.801801801801802	3.689814814814815	2.8747044917257685	0.0	0.0	6.762569832402234	7.8040201005025125	0.0	2.763888888888889	5.99	19.13888888888889	0.0	0.0	1.8095238095238095	20.698675496688743
24550	0.0	0.0	0.0	1.032	0.0	0.0	3.145618556701031	0.0	0.0	7.084192439862543	3.265415549597855	1.945945945945946	0.0	0.0	5.884297520661157	7.168338907469343	0.0	3.3002680965147455	0.7302118171683389	16.258805513016846	0.0	0.0	3.677382319173364	13.414301929625426
24551	0.0	1.3603603603603605	0.0	3.782258064516129	0.0	1.3603603603603605	0.0	0.0	0.0	11.488888888888889	0.0	1.9768115942028985	0.0	1.3209876543209877	1.0694444444444444	8.333333333333334	0.0	0.0	1.2617079889807163	17.53071253071253	0.0	1.2162162162162162	5.282122905027933	14.83008356545961
24552	0.0	1.5517241379310345	0.0	1.3103448275862069	0.0	0.0	0.9808429118773946	0.7931034482758621	0.0	6.19455252918288	4.140845070422535	0.0	0.0	0.0	4.235023041474655	4.189516129032258	0.0	1.2298850574712643	0.5325670498084292	5.978448275862069	0.0	0.3716475095785441	6.5523255813953485	13.069444444444445
24553	0.0	2.624548736462094	0.0	2.0167130919220058	0.0	0.0	3.2508474576271187	1.5935251798561152	0.0	12.289439374185138	7.115995115995116	1.3962040332147094	0.0	0.0	4.137592137592137	6.82367758186398	0.0	3.8850267379679146	0.0	22.42695035460993	0.0	0.0	3.558734939759036	9.863746958637469
24554	0.0	0.9550438596491229	0.0	5.813291139240507	0.0	0.0	0.0	1.7963176064441888	0.0	5.724181360201511	1.84478672985782	0.0	0.0	0.0	3.8093922651933703	4.719640179910045	0.0	4.246376811594203	3.1932367149758454	19.57920792079208	0.0	0.6052631578947368	4.176674364896074	10.35740072202166
24555	0.0	2.438867438867439	0.0	3.435006435006435	0.0	0.0	1.0748502994011977	0.8668478260869565	0.0	5.969827586206897	4.585915492957747	1.5804375804375805	0.0	0.5586592178770949	5.921696574225122	8.037698412698413	0.0	6.004524886877828	0.39510939510939513	19.19922380336352	0.0	0.0	3.7544117647058823	12.636220472440945
24556	0.0	2.4091503267973855	0.0	2.9297218155197657	0.0	0.0	2.518954248366013	1.1393188854489165	0.0	9.75594294770206	5.764705882352941	0.0	0.0	0.0	3.995114006514658	4.661431064572426	0.0	3.076045627376426	0.0	15.741017964071856	0.9320261437908497	0.0	3.9450980392156865	21.767123287671232
24557	0.0	0.0	0.580161476355248	4.084407971864009	0.0	0.0	1.1868512110726643	0.9653979238754326	0.0	9.524057217165149	4.467128027681661	0.5905420991926182	0.0	0.0	4.5889724310776945	5.690888119953864	0.0	3.9583333333333335	0.0	18.088315217391305	0.0	0.0	2.9217221135029354	10.859223300970873
24558	0.0	1.529201430274136	0.0	1.4175035868005739	0.0	0.0	1.5269953051643192	1.644646924829157	0.0	7.409405255878285	4.806818181818182	0.96875	0.0	0.21555555555555556	3.893815635939323	12.002325581395349	0.0	5.555427251732102	1.78	23.872053872053872	0.0	0.0	4.6177777777777775	16.353887399463808
24559	0.0	2.93006993006993	0.5538461538461539	3.679144385026738	1.1128205128205129	0.0	4.774358974358974	1.3692307692307693	0.0	14.03968253968254	2.8923076923076922	5.819672131147541	0.0	0.0	5.410256410256411	9.666666666666666	0.0	4.441025641025641	5.425806451612903	22.8625	0.0	0.0	3.3743589743589744	11.570422535211268
24560	0.0	5.003076923076923	0.0	5.7020547945205475	0.0	0.0	2.943462897526502	1.4345549738219896	0.0	2.083067092651757	3.0	1.3358778625954197	0.0	0.0	9.916230366492147	8.901234567901234	0.0	4.0	0.7758620689655172	19.138801261829652	0.0	0.0	8.564864864864864	22.25083612040134
24561	0.0	6.101010101010101	0.0	3.98989898989899	0.0	0.0	1.3434343434343434	3.2323232323232323	0.0	9.8	3.081967213114754	2.0	0.0	0.0	6.393939393939394	9.092783505154639	0.0	1.3131313131313131	0.20202020202020202	8.978260869565217	0.0	0.0	6.614583333333333	12.474747474747474
24562	0.0	1.2011494252873562	0.0	0.632183908045977	0.0	0.0	2.545977011494253	1.882183908045977	0.0	6.264094955489615	2.0153846153846153	0.0	0.0	0.5804597701149425	3.238970588235294	17.724137931034484	0.0	0.8666666666666667	2.971264367816092	13.852173913043478	0.0	0.0	8.366037735849057	14.311572700296736
24563	0.0	0.0	0.0	0.0	0.0	0.0	0.0	0.0	0.0	5.068783068783069	0.2751322751322751	0.0	0.0	0.0	3.3015873015873014	6.888888888888889	0.0	1.56875	1.216931216931217	19.97860962566845	0.0	0.0	1.5714285714285714	12.441340782122905
24564	0.0	0.16393442622950818	0.40437158469945356	0.0	0.0	0.0	0.0	0.0	0.0	0.4972677595628415	0.36065573770491804	0.0	0.0	0.0	0.25136612021857924	5.73125	0.0	0.825136612021858	0.0	2.5245901639344264	0.0	0.0	0.9508196721311475	5.890710382513661
24565	0.0	1.3122171945701357	0.0	1.770901194353963	0.0	0.0	0.0	0.0	0.0	6.815513626834382	0.0	0.6331236897274634	0.0	0.0	0.0	3.724330357142857	0.0	0.645933014354067	0.0	9.913870246085011	0.0	0.0	2.1218026796589524	3.7521263669501823
24566	0.0	0.4393939393939394	1.2954545454545454	2.7196969696969697	0.0	0.0	1.4242424242424243	0.0	0.0	7.6893939393939394	4.357758620689655	2.053030303030303	0.0	0.0	5.747706422018348	6.737288135593221	0.0	3.820408163265306	0.0	16.112903225806452	1.0378787878787878	0.0	6.458333333333333	15.431818181818182
24567	0.0	2.6805555555555554	0.0	2.81875	0.0	0.0	0.8228571428571428	0.8200934579439252	0.0	7.066666666666666	2.941666666666667	0.0	0.0	0.0	3.1294117647058823	10.48	0.0	5.669724770642202	0.0	18.91780821917808	0.0	0.69375	1.7737430167597765	17.847916666666666
24568	0.0	0.0	0.0	6.87378640776699	0.0	0.0	1.8476190476190477	1.307936507936508	0.0	12.05079365079365	2.0539682539682538	0.0	0.0	0.24126984126984127	8.076628352490422	8.342342342342342	0.9428571428571428	2.384126984126984	1.5682539682539682	14.942857142857143	0.0	0.0	5.483636363636363	13.498412698412698
24569	0.0	1.5132013201320131	0.0	2.1633663366336635	0.0	0.0	2.257995735607676	0.0	0.0	8.4348623853211	5.305825242718447	0.8597359735973598	1.334056399132321	0.0	2.7828467153284673	9.705284552845528	0.0	3.556105610561056	0.0	16.792	0.0	0.0	4.943396226415095	13.846867749419953
24570	0.0	1.1405835543766578	0.0	3.579194001874414	0.0	0.0	2.321987120515179	1.8391261171797417	0.0	10.340670859538784	2.913002806361085	0.8335067637877211	0.0	0.1237842617152962	4.012126865671642	6.0875	0.0	6.9245283018867925	1.1671763506625892	11.751677852348994	0.0	0.0	4.803386641580433	21.446952595936793
24571	0.0	0.0	0.0	0.0	0.0	0.0	0.0	0.0	0.0	3.062222222222222	0.0	0.0	0.0	0.0	0.0	0.8711111111111111	0.0	0.5688888888888889	0.0	0.8311111111111111	0.0	0.0	1.4577777777777778	1.5066666666666666
24572	0.0	0.0	0.0	3.9615384615384617	0.0	0.0	0.0	4.136904761904762	0.0	2.1872146118721463	5.5964912280701755	0.5854700854700855	0.0	0.0	1.9017094017094016	6.004273504273504	0.0	6.104294478527607	1.935897435897436	14.11111111111111	0.0	0.0	0.0	14.973684210526315
24573	0.0	0.9633740288568258	0.9342629482071713	4.067514677103718	0.0	0.0	3.144578313253012	2.537282941777324	0.0	7.071917808219178	4.019586507072906	0.0	0.0	0.0	6.6694825765575505	7.898612593383137	0.0	4.370762711864407	0.8753623188405797	17.74541531823085	0.0	0.15169082125603864	4.525531914893617	18.591657519209658
24574	0.0	2.1812725090036014	0.0	4.042813455657492	0.0	0.0	3.5513264129181086	0.8389715832205683	0.0	6.838368580060423	3.331381733021077	1.2239583333333333	0.0	0.0	4.731155778894473	7.76678445229682	0.0	3.8060046189376444	1.0196078431372548	15.126174496644296	0.0	0.0	5.141141141141141	13.07843137254902
24575	0.0	0.0	0.0	4.1066666666666665	0.0	0.0	0.0	1.2133333333333334	0.0	1.2072072072072073	7.871794871794871	0.94	0.0	0.0	0.0	18.00925925925926	0.0	4.213333333333333	1.76	4.105263157894737	0.0	0.0	2.46	12.035714285714286
24576	0.0	1.9495412844036697	0.0	2.9974093264248705	0.0	0.0	2.111607142857143	0.0	0.0	13.047493403693931	1.7006960556844548	3.054054054054054	0.0	0.0	2.55858310626703	7.753246753246753	0.0	4.822368421052632	3.982968369829684	17.219941348973606	0.0	0.0	1.9429824561403508	15.69704433497537
24577	0.0	1.8387096774193548	0.34408602150537637	2.688888888888889	0.0	0.0	2.4086021505376345	0.41935483870967744	0.0	4.702898550724638	5.385756676557864	0.0	0.0	0.0	3.5953177257525084	9.908227848101266	0.0	1.6327683615819208	2.053763440860215	18.492354740061163	0.0	0.0	5.967741935483871	10.743362831858407
24578	0.0	0.0	0.0	2.9411764705882355	0.0	0.0	2.0	0.0	0.0	3.176470588235294	2.6470588235294117	3.9019607843137254	0.0	0.0	10.529411764705882	9.916666666666666	0.0	0.0	0.0	10.264705882352942	0.0	0.0	0.0	7.934210526315789
24579	0.0	0.0	0.0	6.074380165289257	0.0	0.0	2.7306397306397305	3.540682414698163	0.0	9.064896755162241	10.011869436201781	2.880108991825613	0.0	0.0	10.198757763975156	5.020618556701031	0.0	7.803234501347709	0.9545454545454546	14.321428571428571	0.0	0.0	3.327974276527331	18.093484419263458
24580	0.0	1.8703703703703705	0.0	5.471698113207547	0.0	0.0	4.314814814814815	2.868181818181818	0.0	8.61111111111111	3.0296296296296297	1.6026785714285714	0.0	0.0	11.33984375	12.625925925925927	0.0	5.188405797101449	3.757142857142857	20.0	0.0	0.0	3.9518518518518517	21.051724137931036
24581	0.0	2.517857142857143	0.0	0.8571428571428571	0.0	0.0	0.47619047619047616	0.45535714285714285	0.0	5.9523809523809526	2.988095238095238	1.3850746268656717	0.0	0.0	6.094202898550725	6.752976190476191	0.0	5.845238095238095	3.716262975778547	10.876	0.0	0.0	3.3095238095238093	11.602446483180428
24582	2.4646464646464645	2.272727272727273	0.0	0.08080808080808081	0.0	0.0	1.202020202020202	1.2525252525252526	0.0	4.191919191919192	2.1447368421052633	1.2626262626262625	0.0	0.0	6.606060606060606	7.242424242424242	0.0	2.6464646464646466	2.7676767676767677	14.326086956521738	0.0	0.0	6.070707070707071	15.919191919191919
24583	0.0	2.8839285714285716	0.0	2.185279187817259	0.0	0.0	2.595567867036011	3.0552325581395348	0.0	6.326923076923077	1.5322128851540617	3.591880341880342	1.017094017094017	0.0	3.6299019607843137	9.241830065359476	0.0	3.800632911392405	2.448717948717949	18.865853658536587	0.0	0.0	5.556792873051225	16.74175824175824
24584	0.0	1.8616071428571428	0.0	4.453333333333333	0.0	0.0	2.461333333333333	1.9066666666666667	0.0	9.091397849462366	3.896	4.278761061946903	0.042666666666666665	0.0	3.7507987220447285	9.005464480874316	0.0	5.9915492957746475	1.2533333333333334	18.306590257879655	0.6346666666666667	0.0	6.630372492836676	17.8943661971831
24585	0.0	0.0	0.0	6.007352941176471	0.0	0.0	2.120833333333333	1.7650676506765068	0.0	16.801849405548218	4.891472868217054	2.673768308921438	0.0	0.0	6.141190198366394	12.064629847238542	0.0	6.9162303664921465	2.509375	26.23086269744836	0.0	0.0	4.017177914110429	18.736961451247165
24586	0.11904761904761904	2.094736842105263	0.0	5.069506726457399	0.0	0.0	1.7740384615384615	2.0376984126984126	0.0	9.238095238095237	3.9836448598130842	0.0	0.0	0.0	7.126315789473685	9.003968253968255	0.0	9.469432314410481	4.035087719298246	14.030534351145038	0.0	0.0	4.621710526315789	20.986455981941308
24587	0.0	1.2236842105263157	0.0	6.350877192982456	0.0	0.0	0.8358974358974359	0.0	0.0	8.271844660194175	5.730392156862745	2.175438596491228	0.0	0.0	4.261467889908257	6.228070175438597	0.0	5.350877192982456	0.0	12.697368421052632	0.0	0.09649122807017543	5.548245614035087	9.864864864864865
24588	0.0	0.0	0.0	1.8454106280193237	0.0	0.0	1.6628787878787878	1.7278582930756843	0.0	5.50402576489533	1.7681159420289856	0.7091254752851711	0.0	0.0	1.0892448512585813	4.885204081632653	0.0	1.7407407407407407	1.1239935587761676	15.384937238493723	0.0	0.0	2.711779448621554	5.18232044198895
24589	0.0	0.8843537414965986	0.0	0.25170068027210885	0.0	0.0	1.0952380952380953	0.9319727891156463	0.0	2.1904761904761907	1.5136054421768708	0.20068027210884354	0.0	0.0	0.4421768707482993	4.12043795620438	0.0	1.3979591836734695	0.0	2.6826086956521737	0.0	0.0	3.5850340136054424	6.542222222222223
24590	0.0	0.0	0.0	2.8733333333333335	0.0	0.0	0.0	0.0	0.0	0.0	3.25	0.0	0.0	0.0	5.159509202453988	10.942446043165468	0.0	1.7005649717514124	0.0	8.826771653543307	0.0	0.0	8.903225806451612	27.215827338129497
24591	0.0	0.955470737913486	0.0	2.653992395437262	0.0	0.0	3.220183486238532	0.0	0.0	8.24561403508772	2.0544	0.0	0.0	0.0	5.13013698630137	8.831288343558283	0.0	3.643605870020964	1.7404580152671756	16.7488	0.0	0.031806615776081425	2.9468503937007875	18.61328125
24592	0.0	2.1146496815286624	0.0	1.8705882352941177	0.0	0.0	3.1146496815286624	1.558659217877095	0.0	9.748129675810473	5.254777070063694	2.9129511677282376	0.0	0.0	8.045822102425875	5.799533799533799	0.0	6.225255972696246	1.40552016985138	26.75283446712018	0.0	0.0	6.061611374407583	13.773955773955773
24593	0.0	1.7824735860783094	0.0	2.3411764705882354	0.0	0.0	1.9641891891891892	2.4416491963661775	0.0	9.588357588357589	2.6488095238095237	0.0	0.0	0.0	5.359558316080055	8.633148404993065	0.0	2.5239880059970017	0.9092558983666061	18.30413223140496	0.0	0.0	4.976744186046512	16.012518409425628
24594	0.0	0.759493670886076	0.9683544303797469	1.5949367088607596	0.0	0.0	1.2447257383966244	2.9595238095238097	0.0	8.858744394618833	3.8954545454545455	8.223495702005732	0.0	0.0	3.7209302325581395	12.756696428571429	0.0	3.6847826086956523	0.0	15.331645569620253	0.0	0.0	4.50561797752809	15.788690476190476
24595	0.0	0.4401294498381877	0.019417475728155338	2.8640776699029127	0.0	0.0	1.4498381877022655	1.0129449838187703	0.0	8.815533980582524	3.6861313868613137	4.86084142394822	0.0	0.2912621359223301	8.061643835616438	4.818770226537217	0.0	6.634304207119741	1.035598705501618	14.498381877022654	0.2977346278317152	0.0	1.255663430420712	13.990654205607477
24596	0.0	0.0	0.0	0.0	0.0	0.0	0.0	0.0	0.0	3.261904761904762	0.0	0.0	0.0	0.0	0.0	1.7619047619047619	0.0	0.0	0.0	1.7166666666666666	0.0	0.0	0.0	9.666666666666666
24597	0.0	0.2764227642276423	0.0	0.0	0.0	0.0	4.7253086419753085	0.0	0.0	11.043360433604336	2.3902439024390243	2.64	0.0	0.0	2.5528455284552845	9.171206225680933	0.0	7.232091690544412	0.0	14.490514905149052	0.0	0.0	5.950920245398773	8.951219512195122
24598	0.0	0.7364953886693018	0.0	3.533523537803138	0.0	0.0	1.1765480895915679	2.6587615283267456	0.0	9.759679572763686	3.399345335515548	0.0	0.0	0.0	6.328197226502311	11.9968	0.0	7.340872374798061	2.910614525139665	19.487220447284344	0.0	0.0	6.1697574893009985	16.849290780141843
24599	0.0	0.8118939883645766	0.0	3.128809660724554	0.0	0.0	2.1291866028708135	1.5146005509641873	0.11900826446280992	5.4348432055749125	3.649294911097486	2.134649910233393	0.0	0.0	2.758469259723965	7.926718547341116	0.0	7.669504643962848	2.174101610904585	19.82560834298957	0.0	0.1746556473829201	5.131279303415941	11.008089607965152
24600	0.0	0.4859437751004016	0.0	1.1111111111111112	0.0	0.0	1.0240963855421688	2.1566265060240966	0.0	6.83743842364532	2.9097560975609755	0.9056224899598394	0.0	0.0	2.0779944289693595	3.645533141210375	0.0	2.3293172690763053	0.3453815261044177	13.584022038567493	0.0	0.0	5.487804878048781	7.136546184738956
24601	0.0	0.0	0.0	1.1233333333333333	0.0	0.0	0.038461538461538464	0.0	0.0	2.1066666666666665	0.0	0.0	0.0	0.0	0.0	0.0	0.0	1.8266666666666667	0.0	9.666666666666666	0.0	0.0	0.0	4.155797101449275
24602	0.0	2.362776025236593	0.0	5.769113149847095	0.0	0.0	1.8577981651376148	2.3577981651376145	0.0	10.064327485380117	2.625225225225225	0.7553516819571865	0.0	0.0	1.574938574938575	8.790064102564102	0.0	3.688188976377953	0.0	16.66407465007776	0.0	0.0	4.542813455657492	18.40267175572519
24603	0.0	9.271794871794873	0.0	3.0251256281407035	0.0	0.0	0.0	0.9090909090909091	0.0	17.28723404255319	8.561085972850679	0.0	0.0	0.0	11.835497835497835	12.146153846153846	0.0	5.012987012987013	0.0	21.883870967741935	0.0	0.0	3.54978354978355	19.432038834951456
24604	1.2304964539007093	3.5141509433962264	1.024822695035461	5.579710144927536	0.0	0.0	1.4609929078014185	3.6373626373626373	0.0	19.32846715328467	8.920634920634921	0.0	0.0	0.0	2.984	7.873737373737374	0.0	9.400709219858156	3.404255319148936	21.07906976744186	1.070921985815603	0.0	0.0	12.181818181818182
24605	0.0	1.1728971962616823	0.1845444059976932	4.973747016706444	0.0	0.0	4.862068965517241	2.0599769319492505	0.0	15.313725490196079	3.068062827225131	1.3252595155709344	0.0	0.0	5.074821852731591	8.443488943488944	0.0	6.20353982300885	0.6136101499423299	24.949224259520452	0.0	0.0	7.969465648854962	19.491654021244308
24606	0.0	1.765137614678899	0.0	1.9100204498977504	0.0	0.0	3.411063829787234	3.1884681583476766	0.0	9.69925512104283	4.039166666666667	1.5148936170212766	0.0	0.7644362969752521	6.731682146542828	8.572301425661914	0.0	5.210280373831775	1.6045099739809194	19.23767258382643	0.009098428453267164	0.0	5.76	20.72187218721872
24607	0.0	2.7713310580204777	0.0	1.8473413379073755	0.0	0.0	1.2328358208955223	2.7705779334500877	0.0	4.75113808801214	5.613207547169812	0.0	0.0	0.0	5.307240704500979	5.226086956521739	0.0	3.812267657992565	3.914512922465209	13.310139165009941	0.0	0.0	3.8590504451038576	19.49425287356322
24608	3.0851581508515813	0.9770114942528736	0.19770114942528735	2.271232876712329	0.0	0.0	2.793450881612091	2.027586206896552	0.0	7.347593582887701	3.034313725490196	2.258293838862559	0.0	0.0	4.92	7.246246246246246	0.0	3.995402298850575	0.6919540229885057	19.41	0.0	2.0804597701149423	4.050574712643678	21.62686567164179
24609	0.0	0.0	0.0	2.134703196347032	0.0	0.0	1.5164835164835164	0.0	1.478658536585366	8.880829015544041	3.587257617728532	1.4223744292237444	0.6712328767123288	0.42671009771986973	4.265895953757226	7.450920245398773	1.29375	6.452784503631961	1.5753424657534247	23.955399061032864	3.525925925925926	0.0	4.6438356164383565	22.036649214659686
24610	0.0	0.6238095238095238	0.47619047619047616	1.0476190476190477	0.0	0.0	1.1761904761904762	0.0	0.0	9.666666666666666	5.134969325153374	0.0	2.704761904761905	0.0	0.0	10.841836734693878	0.0	0.0	0.6952380952380952	9.814207650273223	0.0	0.0	0.5476190476190477	15.666666666666666
24611	1.3194444444444444	0.0	0.2986111111111111	0.8387096774193549	0.0	0.0	0.0	2.013888888888889	0.0	8.409722222222221	2.6315789473684212	1.0138888888888888	0.0	0.0	3.513888888888889	2.826388888888889	0.0	2.0972222222222223	2.8958333333333335	12.243697478991596	0.0	0.0	4.98581560283688	6.5078125
24612	0.0	1.735042735042735	0.0	11.741758241758241	0.0	0.0	2.323741007194245	3.8974358974358974	0.0	12.158653846153847	0.0	0.0	0.0	0.0	6.717948717948718	3.547169811320755	0.0	6.2094017094017095	0.42735042735042733	14.467980295566502	0.0	0.0	6.469026548672566	11.562231759656653
24613	0.0	1.0	0.9126984126984127	0.9126984126984127	0.0	0.0	0.0	2.1825396825396823	0.0	12.058823529411764	4.087719298245614	2.142857142857143	0.0	0.0	3.626984126984127	13.317460317460318	0.0	15.85135135135135	0.15079365079365079	22.024	0.0	0.0	10.504854368932039	19.373015873015873
24614	1.0072463768115942	0.0	0.0	2.5	0.0	0.0	3.391011235955056	2.3043478260869565	0.0	8.111776447105788	4.2465483234714005	0.0	0.0	0.7611111111111111	4.82903981264637	9.755208333333334	0.0	6.940047961630696	3.9642147117296225	20.657327586206897	0.0	0.0	5.736137667304015	19.983253588516746
24615	0.0	4.681992337164751	0.7183908045977011	10.777301927194861	0.0	0.0	8.381226053639846	4.172113289760349	0.0	20.00449438202247	9.656976744186046	6.434589800443459	0.8169934640522876	0.7528735632183908	15.98945147679325	19.55048076923077	0.0	10.747844827586206	2.3084291187739465	48.689243027888445	0.0	0.0	12.429245283018869	34.45525291828794
24616	0.0	0.8962264150943396	0.0	1.7169811320754718	0.0	0.0	1.619496855345912	0.0	0.0	5.394736842105263	0.0	0.0	0.0	0.0	0.0	6.830508474576271	0.0	0.0	0.0	4.405109489051095	0.0	0.0	2.292452830188679	3.943609022556391
24617	0.0	1.2802400738688828	0.0	1.194088669950739	0.0	0.0	2.1390284757118927	1.9599809433063364	0.0	5.959641255605381	2.8464769015398974	0.0	0.0	0.0	3.747148288973384	6.20504009163803	0.0	4.936367858801672	1.1789568345323742	15.510182767624022	0.0	0.0	2.848996832101373	11.21763506625892
24618	0.0	0.8172043010752689	0.0	0.0	0.0	0.0	0.0	0.8599182004089979	0.0	5.893719806763285	1.1197033898305084	1.1638115631691648	0.0	0.0	2.0687645687645686	5.9326923076923075	0.0	1.7341513292433537	0.9199507389162561	10.0	0.0	0.0	2.623391812865497	7.214676889375685
24619	0.0	2.8817005545286505	0.0	2.972332015810277	0.0	0.0	0.8473118279569892	0.0	0.0	5.049019607843137	4.071047957371226	0.9196787148594378	0.0	0.0	4.266666666666667	8.470588235294118	0.0	5.658947368421052	0.0	7.866791744840525	0.0	0.2073732718894009	6.956666666666667	13.688845401174168
24620	0.0	0.0	0.0	4.412844036697248	0.0	0.0	1.7522522522522523	3.7612612612612613	0.0	13.036036036036036	7.9405940594059405	0.0	0.0	0.0	8.227053140096618	6.786885245901639	0.0	4.198198198198198	4.1567567567567565	10.887755102040817	0.0	0.0	3.981981981981982	10.119617224880383
24621	0.0	0.0	0.0	0.0	0.0	0.0	4.1157407407407405	0.0	0.0	3.037037037037037	1.3935185185185186	2.425925925925926	0.0	0.0	1.7615384615384615	7.111111111111111	0.0	7.097297297297297	0.625	10.87962962962963	0.0	0.0	0.0	17.383561643835616
24622	0.0	0.0	0.0	2.3547880690737832	0.0	0.0	3.1150278293135436	1.929861111111111	0.0	8.052099533437014	2.849336455893833	1.6860816944024206	0.0	0.0	5.997285067873303	8.994550408719347	0.0	4.753521126760563	0.8618677042801557	18.440119760479043	0.0	0.0	5.641666666666667	11.250600480384307
24623	0.0	1.7722567287784678	0.0	6.117045454545455	0.0	0.8198757763975155	3.189054726368159	1.9936305732484076	0.0	13.099050203527815	3.4524312896405918	1.7111801242236024	0.0	0.0	8.54516129032258	6.83659217877095	0.0	7.571241830065359	2.0588235294117645	26.30078125	0.0	0.0	6.5718270571827055	16.59921156373193
24624	0.0	1.9666666666666666	0.0	1.8314814814814815	0.0	0.0	3.1020408163265305	0.7703703703703704	0.0	13.544444444444444	4.810526315789474	0.0	0.0	0.0	9.244781783681214	10.653061224489797	0.0	4.8621621621621625	0.9	16.707216494845362	0.0	0.0	6.1957773512476	14.66859344894027
24625	0.0	2.030828516377649	0.08285163776493257	1.1695568400770713	0.0	0.0	0.7425	1.4489402697495184	0.0	8.227272727272727	4.087982832618025	0.905587668593449	0.0	0.0	1.7720090293453725	11.720779220779221	0.0	2.5221579961464355	1.0635838150289016	13.907297830374754	0.0	0.0	4.9614243323442135	13.882978723404255
24626	0.0	0.6356404136833731	0.0	1.748917748917749	0.0	0.053301511535401754	1.3007159904534606	2.1822784810126583	0.0	11.398815399802567	2.0264830508474576	0.0	0.0	0.0	4.02828618968386	8.496277915632755	0.0	2.921030756442228	1.129060579455663	22.205909510618653	0.0	0.0	4.175394846217789	15.4911131898971
24627	0.0	1.174934725848564	0.0	0.4108527131782946	0.0	0.0	1.6491228070175439	0.6917293233082706	0.0	2.2580645161290325	2.827067669172932	0.0	0.0	0.0	2.9832869080779942	6.658536585365853	0.0	0.7745454545454545	1.3784461152882206	11.097744360902256	0.0	0.0	4.155555555555556	14.264631043256998
24628	0.0	2.820615796519411	0.0	2.6772388059701493	0.0	0.0	1.9386973180076628	3.1915708812260535	0.0	6.898089171974522	3.142857142857143	0.8844566712517193	0.0	0.0	5.33641975308642	6.621542940320233	0.0	4.2326530612244895	1.3710407239819005	10.373983739837398	0.0	0.0	5.732620320855615	17.063593004769476
24629	0.0	0.7948369565217391	1.4873563218390804	3.227326266195524	0.0	0.0	0.6080459770114942	2.168965517241379	0.0	11.605187319884726	5.125598086124402	0.0	0.0	0.8574712643678161	6.594147582697201	7.946583850931677	0.0	7.309316770186335	1.7872093023255815	14.844357976653697	0.6022988505747127	0.0	3.914942528735632	15.094102885821831
24630	0.0	0.7439516129032258	0.0	1.0554089709762533	0.0	0.0	2.1265664160401	1.9961880559085134	0.0	3.458092485549133	1.485207100591716	0.0	0.0	0.6917293233082706	3.884892086330935	5.289719626168225	0.0	1.855889724310777	1.5137844611528821	10.32282471626734	0.0	0.0	3.1631799163179917	11.940579710144927
24631	0.0	3.212962962962963	0.0	5.217592592592593	0.0	0.0	0.0	5.723684210526316	0.0	11.880208333333334	3.772093023255814	2.1296296296296298	0.0	0.0	6.282407407407407	5.620967741935484	0.0	2.763888888888889	0.0	10.032407407407407	0.0	0.0	7.7534246575342465	10.933333333333334
24632	0.0	0.0	0.0	3.607717041800643	0.967948717948718	0.0	3.1452991452991452	1.4615384615384615	0.0	7.979757085020243	2.173501577287066	0.9187935034802784	3.25	0.0	4.087606837606837	13.904109589041095	0.0	2.891764705882353	2.947058823529412	13.812297734627832	0.0	0.0	9.551369863013699	18.6193853427896
24633	0.0	0.0	0.0	1.1712962962962963	0.0	0.0	0.74	0.0	0.0	6.0	1.6018518518518519	0.0	0.0	0.0	0.0	5.965317919075145	0.0	5.980582524271845	0.0	1.651006711409396	0.0	0.0	2.412037037037037	1.9074074074074074
24634	0.0	2.937984496124031	0.0	0.0	0.0	0.0	0.5351351351351351	0.0	0.0	5.679558011049724	3.85	0.7751937984496124	0.0	0.0	3.0829694323144103	4.73936170212766	0.0	3.1444444444444444	0.5465116279069767	17.787330316742082	0.0	0.0	1.9950738916256157	14.059701492537313
24635	0.0	0.0	1.0711974110032363	3.8577405857740588	0.0	0.0	1.3656957928802589	1.5501618122977345	0.0	8.803389830508475	2.498381877022654	1.4318181818181819	0.0	0.0	8.43720930232558	5.684782608695652	0.0	6.184466019417476	1.826086956521739	12.394822006472491	0.0	0.0	4.9546925566343045	12.670886075949367
24636	0.0	0.0	0.0	1.9386792452830188	0.0	0.0	0.7277777777777777	2.183673469387755	0.0	12.285714285714286	1.8888888888888888	1.7619047619047619	0.0	0.0	3.443298969072165	4.17877094972067	0.0	4.535545023696683	2.6158536585365852	19.043650793650794	0.0	0.0	5.7687074829931975	16.059405940594058
24637	0.0	0.986922406277245	0.0	1.8937823834196892	0.0	0.0	1.8644927536231883	2.8096385542168676	0.0	10.04638783269962	4.6395939086294415	1.1128284389489953	0.0	0.0	4.0702928870292885	7.369206598586017	0.0	3.868640850417616	1.047877145438121	21.0901835594573	0.0	0.0	3.54773082942097	20.606145251396647
24638	0.0	1.140529531568228	0.0	0.0	0.0	0.0	8.863874345549739	1.5479930191972078	0.0	9.519337016574585	5.618249534450651	0.0	0.0	0.0	4.194748358862144	5.837606837606837	0.0	3.2063106796116503	2.0396659707724427	20.228621291448516	0.0	0.0	2.1443569553805775	21.746666666666666
24639	0.0	0.0	0.0	1.8962264150943395	0.0	0.0	1.1099585062240664	1.1077481840193704	0.0	8.3475935828877	4.73982869379015	0.9113149847094801	0.0	0.0	2.4449197860962566	8.164772727272727	0.0	3.642857142857143	1.4617737003058104	10.86658932714617	0.0	0.0	2.8240887480190175	15.768085106382978
24640	0.0	0.7383177570093458	0.0	1.2981530343007917	0.0	0.0	0.8632183908045977	2.358514724711908	0.0	6.0046082949308754	2.8168316831683167	2.9091954022988507	0.0	0.0	4.028735632183908	9.102635228848822	0.0	2.8796433878157504	1.6942528735632183	13.001228501228502	0.0	0.0	3.975177304964539	11.224489795918368
24641	0.0	0.0	0.0	2.090909090909091	0.0	0.0	0.19117647058823528	0.0	0.0	3.3333333333333335	2.227272727272727	4.0	0.0	0.0	0.0	6.318181818181818	0.0	2.378787878787879	0.10606060606060606	12.189473684210526	0.0	0.0	1.2121212121212122	10.260162601626016
24642	0.0	1.8333333333333333	0.0	3.4444444444444446	0.0	0.0	1.6777777777777778	1.0629629629629629	0.0	5.322222222222222	2.8333333333333335	2.5703703703703704	0.0	0.0	3.1	9.461538461538462	0.0	5.392592592592592	5.511494252873563	15.660919540229886	0.022222222222222223	0.0	4.709677419354839	10.669201520912548
24643	0.0	0.0	0.0	2.9743589743589745	0.0	0.0	0.0	0.46153846153846156	0.0	4.37037037037037	0.49514563106796117	0.0	0.0	0.0	4.865384615384615	7.829787234042553	0.0	3.2756410256410255	0.0	4.403846153846154	0.0	0.0	2.8846153846153846	6.0
24644	0.0	0.0	0.0	0.6886792452830188	0.0	0.0	0.9637023593466425	0.8824404761904762	0.0	3.9836309523809526	0.0	0.0	0.0	0.0	3.1160714285714284	6.100299401197605	0.0	3.8586309523809526	0.8422619047619048	12.380414312617702	0.0	0.0	4.019345238095238	8.157989228007182
24645	0.0	0.0	3.3636363636363638	3.2616822429906542	0.0	0.0	1.9696969696969697	7.363636363636363	0.0	8.13076923076923	0.0	0.0	0.0	0.0	8.696969696969697	0.0	0.0	3.1742424242424243	3.0454545454545454	18.638655462184875	0.0	0.0	0.0	21.068181818181817
24646	0.0	1.3544973544973544	3.248677248677249	14.017341040462428	0.0	0.0	2.142857142857143	1.783068783068783	0.0	11.063492063492063	9.761904761904763	0.0	0.0	0.0	5.4603174603174605	5.89622641509434	0.0	3.6296296296296298	4.946308724832215	24.052910052910054	0.0	0.0	4.746031746031746	19.90277777777778
24647	0.0	3.193050193050193	0.0	0.41767068273092367	0.0	0.0	0.6972477064220184	4.133064516129032	0.0	8.363309352517986	2.636085626911315	0.0	0.0	0.0	4.153846153846154	11.595818815331011	0.0	2.984423676012461	1.1896024464831805	20.680981595092025	0.0	0.0	6.470948012232416	15.323308270676693
24648	0.0	1.3333333333333333	0.0	5.25679012345679	0.0	0.0	3.2987654320987656	0.5456790123456791	0.0	5.351648351648351	3.8108808290155443	1.2296296296296296	0.0	0.0	6.003968253968254	7.377777777777778	0.0	5.170731707317073	3.4296296296296296	35.17627118644068	0.0	0.0	5.042857142857143	21.25378787878788
24649	0.0	3.602272727272727	0.0	3.098859315589354	0.0	0.0	5.0227272727272725	0.9924242424242424	0.0	7.2317073170731705	7.928571428571429	0.05303030303030303	0.0	0.0	5.787878787878788	16.443181818181817	0.0	1.223529411764706	1.1856060606060606	24.193181818181817	0.0	0.0	2.143646408839779	20.747619047619047
24650	0.0	0.9047619047619048	0.0	0.0	0.0	0.0	3.1822222222222223	2.6044444444444443	0.0	6.903225806451613	4.084444444444444	0.0	0.0	0.0	4.400990099009901	9.944444444444445	0.0	7.093333333333334	0.5155555555555555	14.994871794871795	0.0	0.0	1.9644444444444444	28.68452380952381
24651	0.0	0.7333333333333333	0.0	5.371428571428571	0.0	0.0	0.14285714285714285	0.0	0.0	6.590909090909091	4.970443349753695	0.5428571428571428	0.0	0.0	6.180952380952381	5.103658536585366	0.0	7.623809523809523	0.0	14.166666666666666	1.0095238095238095	0.0	8.415094339622641	11.214285714285714
24652	0.0	1.239057239057239	1.0134680134680134	0.0	0.0	0.0	7.4120603015075375	0.0	0.0	6.580645161290323	0.0	2.4444444444444446	0.0	0.0	2.9225589225589226	4.087542087542087	0.0	2.154882154882155	0.0	11.226993865030675	0.0	0.0	5.913907284768212	18.10878661087866
24653	0.0	0.8340780458742926	0.0	1.9409317803660566	0.0	0.0	0.9006859528780197	1.4226678821027043	0.0	8.9990990990991	3.0788690476190474	0.820244849208719	0.0	0.0	3.9243386243386245	7.034776679168087	0.0	2.8750902527075812	0.9769338959212377	11.49833383823084	0.0	0.0	3.6414084507042253	12.09127789046653
24654	0.0	0.7859399684044234	0.0	3.119448698315467	0.0	0.0	2.1728665207877462	1.9893129770992366	0.0	9.408888888888889	2.942015209125475	0.0	0.0	0.0	5.2308313155770785	6.638863428047663	0.0	2.809910641754671	1.8769874476987447	24.684487291849255	0.0	0.3078045222465354	3.313888888888889	22.391114982578397
24655	0.0	1.6496223126089482	0.7761194029850746	3.0226460071513706	0.0	0.0	1.659334126040428	0.8759878419452888	0.0	7.77882797731569	2.311720698254364	0.0	0.0	0.0	3.831985065339141	9.172821270310193	0.0	4.989205859676176	1.075148319050758	19.235867446393762	0.0	0.0	2.641392169049099	12.625595643294758
24656	0.0	1.0793650793650793	0.0	1.0158730158730158	0.0	0.0	0.0	0.7931034482758621	0.0	5.264550264550264	2.5102639296187683	0.0	0.8333333333333334	0.0	4.0	8.515873015873016	0.0	7.040214477211796	1.8015873015873016	6.051612903225807	0.0	0.0	1.8333333333333333	11.16445623342175
24657	0.0	2.0530973451327434	0.0	2.702064896755162	0.0	0.0	0.0	0.3775811209439528	0.0	2.75811209439528	0.0	0.0	0.0	0.0	1.5680933852140078	3.6106194690265485	0.0	0.6383928571428571	2.870206489675516	7.9734513274336285	0.0	0.0	1.9882005899705015	3.0029498525073746
24658	0.0	0.7509157509157509	1.9248826291079812	3.4195933456561924	0.0	0.0	0.0	0.0	0.0	7.785714285714286	4.355242566510172	0.0	0.0	0.0	4.936883629191321	8.35778175313059	0.0	2.333965844402277	0.0	9.978131212723659	0.0	0.0	3.464864864864865	9.915492957746478
24659	0.0	2.893617021276596	0.3120567375886525	3.1792452830188678	0.0	0.0	4.141843971631205	0.0	0.0	6.289256198347108	3.1631205673758864	0.0	0.0	0.0	6.148936170212766	2.8157894736842106	0.0	7.75206611570248	1.099290780141844	15.74436090225564	0.0	0.0	12.05109489051095	16.46456692913386
24660	0.0	3.445126107702795	0.0	1.6597853014037984	0.0	0.0	0.7955555555555556	2.0366032210834555	0.0	8.894736842105264	3.42735648476258	0.3122017723244717	0.18745739604635311	0.0	5.95139911634757	11.051048313582498	0.0	6.387533875338754	0.7920927062031357	18.93663688058489	0.0	0.0	6.055817610062893	19.315870570107858
24661	0.0	0.0	0.0	1.474074074074074	0.0	0.0	2.0407407407407407	2.964814814814815	0.0	9.141350210970463	4.64245810055866	3.0542056074766357	0.0	0.0	3.2152641878669277	8.77319587628866	0.0	8.025531914893618	3.3201970443349755	27.75294117647059	0.0	0.0	5.349009900990099	22.947145877378436
24662	0.0	0.640117994100295	0.0	4.158576051779935	0.0	0.0	4.80078125	3.9724770642201834	0.0	18.221212121212123	7.217391304347826	0.0	0.0	0.0	7.757679180887372	8.835403726708075	0.0	4.379746835443038	1.991150442477876	27.34726688102894	0.0	0.0	3.698717948717949	9.988200589970502
24663	0.0	2.9935897435897436	0.0	0.0	0.0	0.0	2.08974358974359	0.0	0.0	5.042016806722689	7.7368421052631575	1.391025641025641	0.0	0.0	1.8012820512820513	6.544871794871795	0.0	5.0625	2.08974358974359	19.83739837398374	0.0	4.061855670103093	5.672897196261682	14.505050505050505
24664	0.0	0.0	0.0	3.032448377581121	0.0	0.0	2.5119453924914676	1.71976401179941	0.0	3.8716814159292037	2.1238938053097347	0.0	0.0	0.0	3.032448377581121	4.931677018633541	0.0	4.4	0.29793510324483774	13.64041095890411	0.0	0.7647058823529411	5.504731861198739	11.243975903614459
24665	0.0	0.0	0.0	0.0	0.0	0.0	1.8431372549019607	1.2647058823529411	0.0	3.5588235294117645	0.4178082191780822	4.0	0.0	0.0	2.3627450980392157	4.082051282051282	0.0	4.989189189189189	0.0	17.535714285714285	0.0	0.0	4.254901960784314	10.789473684210526
24666	0.0	2.1646586345381524	0.0	0.0	0.0	0.0	1.6907630522088353	0.0	0.0	7.9375	4.216867469879518	0.0	0.0	0.0	1.5823293172690762	4.642570281124498	0.0	0.0	0.0	13.287958115183246	0.0	0.0	12.334928229665072	9.727659574468085
24667	0.0	1.4926605504587156	0.0	4.127348643006263	0.0	0.0	3.0026178010471205	1.2241071428571428	0.0	10.810718358038768	4.998938428874735	1.5322939866369711	0.0	0.0	3.7808080808080806	13.691919191919192	0.0	3.595608417200366	3.21447963800905	25.095343680709533	0.0	0.9537521815008726	5.801733477789816	17.46946564885496
24668	0.0	1.6147902869757174	0.0	6.850340136054422	0.0	0.0	3.5264423076923075	2.9248768472906406	0.0	9.485448195576252	4.097127222982216	2.3311258278145695	0.0	0.0	9.042959427207638	12.081490104772993	0.0	2.6537982565379825	1.4030037546933667	30.577399380804952	0.0	0.0	2.401844532279315	21.37742718446602
24669	0.0	3.2272228320526892	0.0	3.808453237410072	0.0	0.0	0.9537735849056603	1.871692060946271	0.0	11.1935987509758	3.4759358288770055	0.0	0.0	0.0	6.953694581280788	6.8833652007648185	0.0	6.816231343283582	1.230293663060278	29.740771123872026	0.0	0.0	7.511020408163265	18.181220657276995
24670	0.0	2.1875	0.5416666666666666	5.917570498915401	0.0	0.0	3.2196162046908317	3.910416666666667	0.0	9.795833333333333	7.544270833333333	3.875	0.0	0.0	6.106024096385542	8.721518987341772	0.0	7.595061728395062	1.8770833333333334	28.116847826086957	0.0	0.0	5.136460554371002	20.067961165048544
24671	0.0	1.4152173913043478	0.0	1.925512104283054	0.0	0.0	0.0	2.089385474860335	0.0	5.357314148681056	5.178260869565217	1.2364990689013036	0.0	0.0	4.03125	6.088235294117647	0.0	3.8422273781902554	2.9472573839662446	16.035928143712574	0.0	0.0	1.5414507772020725	5.576923076923077
24672	0.0	1.630952380952381	0.0	4.852664576802508	0.0	0.0	3.1398809523809526	0.3604060913705584	1.6666666666666667	12.097297297297297	11.048484848484849	1.3154761904761905	0.0	0.0	4.663690476190476	8.761467889908257	0.8988095238095238	9.87202380952381	0.0	18.99651567944251	0.0	1.4642857142857142	7.028673835125448	16.918032786885245
24673	0.0	6.356060606060606	0.0	6.041095890410959	0.0	0.0	2.120218579234973	1.726775956284153	0.0	19.11111111111111	0.9341317365269461	0.0	0.0	0.0	2.632258064516129	11.856164383561644	0.0	13.918032786885245	1.8469945355191257	12.22962962962963	0.0	0.15846994535519127	9.029585798816568	22.904411764705884
24674	0.0	0.0	0.0	7.12	0.0	0.0	2.253822629969419	3.932098765432099	0.0	16.776758409785934	3.439655172413793	0.0	0.0	0.0	9.453968253968254	13.637323943661972	0.0	7.034267912772585	1.3761467889908257	31.16988416988417	0.0	0.0	6.513761467889908	31.62962962962963
24675	0.0	2.7849293563579276	0.0	2.6301775147928996	0.0	0.0	2.1503759398496243	1.8379446640316206	0.0	9.034732272069464	6.323863636363637	3.1595744680851063	0.0	0.0	4.176820208023774	10.390749601275918	0.0	7.695729537366548	2.0210526315789474	17.04830053667263	0.0	0.0	7.444036697247706	21.7702479338843
24676	0.0	3.026315789473684	0.0	0.9760479041916168	0.0	0.0	2.0091954022988507	1.085057471264368	0.0	9.363112391930835	1.7048192771084338	0.27586206896551724	0.0	0.0	4.3887043189368775	11.394673123486683	0.0	2.457471264367816	3.232183908045977	15.713554987212277	0.0	0.0	3.0945558739255015	13.099078341013826
24677	0.0	0.0	0.0	6.111392405063291	0.0	0.0	3.1037037037037036	0.0	0.0	4.84985835694051	4.655948553054662	0.0	0.0	0.0	6.416129032258064	8.890845070422536	0.0	5.8054794520547945	1.2864197530864196	13.642857142857142	0.0	0.0	3.0592592592592593	13.724252491694353
24678	0.0	1.0636182902584492	0.0	4.484375	0.0	0.0	2.255813953488372	0.49551569506726456	0.0	8.029595015576325	3.8457943925233646	0.9338842975206612	0.0	0.0	6.18625678119349	6.9216417910447765	0.0	1.6902485659655833	1.3179723502304148	16.8718487394958	0.0	0.0	5.162911611785096	22.03001579778831
24679	0.0	0.15128205128205127	0.0	7.171779141104294	0.0	0.0	1.6487179487179486	0.0	0.0	7.391891891891892	1.0974358974358975	1.8487179487179488	0.0	0.0	4.22478386167147	12.197435897435897	0.0	6.364963503649635	1.1256410256410256	19.1994459833795	0.002564102564102564	0.0	2.769230769230769	16.96206896551724
24680	0.0	1.6176470588235294	0.0	0.0	0.0	0.0	0.0	0.16176470588235295	0.0	1.553921568627451	0.49019607843137253	0.0	0.0	0.0	1.2352941176470589	2.519607843137255	0.0	0.0	2.3627450980392157	5.018691588785047	0.0	0.0	2.1470588235294117	3.985294117647059
24681	0.0	0.2972972972972973	0.0	3.4976303317535544	0.0	0.0	2.1171171171171173	3.7072072072072073	0.0	3.5	5.175675675675675	0.0	0.0	0.0	6.846846846846847	11.729591836734693	0.0	6.582914572864322	0.0	10.524038461538462	0.0	0.0	2.430939226519337	13.468468468468469
24682	0.0	1.8049382716049382	0.0	6.043243243243243	0.0	0.0	2.9223454833597464	1.2049382716049384	0.0	12.350073855243723	5.812664907651715	2.725925925925926	0.0	0.0	8.64450474898236	8.49846153846154	0.0	2.522292993630573	2.945679012345679	21.173521850899743	0.0	0.0	7.5590778097982705	21.46511627906977
24683	0.0	2.5863095238095237	0.0	2.1517857142857144	0.0	0.0	7.617021276595745	1.9348534201954397	0.0	18.110749185667753	6.036144578313253	0.0	0.0	0.15476190476190477	6.054794520547945	12.134782608695652	0.0	9.066006600660065	1.2232142857142858	33.726190476190474	0.0	0.0	8.966777408637874	18.345911949685533
24684	0.0	2.893719806763285	0.0	4.3768115942028984	0.0	0.0	1.4444444444444444	3.758454106280193	0.0	29.33816425120773	4.695	0.0	0.0	0.0	6.059701492537314	10.751412429378531	0.0	5.53475935828877	3.1256038647342996	23.497584541062803	0.0	0.6666666666666666	6.468599033816425	17.822580645161292
24685	0.0	2.940251572327044	1.1918238993710693	1.2861635220125787	0.0	0.0	0.0	0.7484276729559748	0.0	11.262672811059907	5.35472972972973	0.0	0.0	0.0	4.675471698113207	5.107011070110701	0.0	2.9182389937106916	3.1949685534591197	17.01063829787234	0.0	0.0	9.227053140096618	19.11392405063291
24686	0.0	3.6802721088435373	0.0	3.0	0.0	0.0	2.557823129251701	0.22448979591836735	0.0	10.680272108843537	9.231292517006803	0.0	0.0	0.0	3.4693877551020407	4.374149659863946	0.0	1.4050632911392404	0.0	8.77037037037037	0.0	0.0	2.6825396825396823	12.957894736842105
24687	0.0	2.321525885558583	0.0	5.352617079889807	0.0	0.0	2.6675675675675676	5.661585365853658	0.0	7.515503875968992	2.525	0.0	0.0	0.0	6.227513227513228	17.127118644067796	0.0	6.050264550264551	0.0	23.66931216931217	0.0	0.21164021164021163	4.4907407407407405	24.575757575757574
24688	0.0	0.0	0.0	2.234234234234234	0.0	0.0	2.5305164319248825	0.9369369369369369	0.0	11.18961038961039	5.3023255813953485	0.0	0.0	0.0	3.7433155080213902	5.933155080213904	0.0	3.8478802992518704	2.2072072072072073	11.804627249357326	0.0	0.0	4.6995708154506435	12.025925925925925
24689	0.0	1.1756756756756757	0.0	2.382716049382716	0.0	0.0	1.0134932533733134	1.8560115190784736	0.0	10.892491467576791	1.6169244767970883	0.9030769230769231	1.125269978401728	0.0	7.141429669485012	7.494965143299767	0.0	6.843355605048256	1.103068450039339	14.055165496489469	0.0	0.0	3.859582542694497	13.470209339774557
24690	0.0	2.0120481927710845	0.0	2.037914691943128	0.0	0.0	6.47979797979798	2.7591623036649215	0.0	11.194117647058823	7.301435406698564	2.891566265060241	0.0	0.0	2.0120481927710845	11.370731707317074	0.0	0.0	3.4698795180722892	13.140562248995984	0.0	0.0	1.7269076305220883	11.91304347826087
24691	0.0	0.30977620730270905	0.0	0.7255594817432274	0.0	0.0	1.8014285714285714	0.8150765606595995	0.0	6.051490514905149	1.7797408716136631	1.6325088339222615	0.0	0.0	3.8454301075268815	5.663805436337626	0.0	3.4181389870435805	1.6737338044758538	14.047146401985112	0.0	0.009422850412249705	3.5995288574793873	13.344086021505376
24692	0.0	0.6910569105691057	0.0	0.0	0.0	0.0	1.91869918699187	0.12195121951219512	0.0	3.4552845528455283	2.686991869918699	1.7235772357723578	0.0	0.0	7.070484581497797	8.432773109243698	0.0	2.1422764227642275	0.4715447154471545	15.769565217391305	0.0	0.0	0.08943089430894309	12.697435897435897
24693	0.0	1.1623931623931625	0.0	1.355357142857143	0.25	0.0	1.6956521739130435	0.8962585034013606	0.0	9.518046709129512	1.8589065255731922	0.0	0.0	0.0	2.442176870748299	3.195578231292517	0.0	4.187074829931973	0.9812925170068028	11.521560574948666	0.0	0.0	3.4157303370786516	14.369892473118279
24694	0.0	0.0	0.0	2.0	0.0	0.0	2.329896907216495	0.0	0.0	7.843373493975903	1.6288209606986899	2.895734597156398	0.0	0.0	3.3373493975903616	5.199170124481328	0.0	0.7935779816513762	0.0	9.045	0.0	0.0	1.3413654618473896	18.02409638554217
24695	0.0	1.1326883206634415	0.0	2.045189504373178	0.0	0.0	1.3003300330033003	1.9089347079037802	0.0	6.039093041438624	1.9903846153846154	0.0	0.0	0.0	5.614035087719298	9.391701828410689	0.0	4.234761120263592	0.8125412541254126	18.5994787141616	0.0	0.0	3.0900692840646653	13.141924959216965
24696	0.0	0.8469785575048733	0.43664717348927873	1.9478908188585609	0.0	0.0	4.128099173553719	1.9181286549707601	0.0	2.9292682926829268	2.1334816462736375	1.8937621832358675	0.0	0.0	5.864532019704433	6.940405244338498	0.0	4.1156941649899395	2.94151376146789	13.424065420560748	0.0	0.0	2.12668743509865	13.58883826879271
24697	0.0	0.6965174129353234	0.2676616915422886	2.0422535211267605	0.0	0.0	0.0	1.2523041474654377	0.0	10.268917345750873	3.7195121951219514	0.0	0.0	0.0	3.3629893238434163	4.845605700712589	0.0	3.8696517412935325	1.7243367935409457	12.65711009174312	0.0	0.0	5.485576923076923	15.649425287356323
24698	0.0	3.4074074074074074	0.0	2.889655172413793	0.0	0.0	2.111111111111111	0.0	0.0	10.066006600660065	5.045751633986928	0.5130718954248366	0.0	0.0	4.27112676056338	8.452380952380953	0.0	1.2352941176470589	4.0359477124183005	12.454225352112676	0.0	0.0	1.9255813953488372	15.704081632653061
24699	0.0	2.44015444015444	0.7545541706615532	3.855769230769231	0.0	0.0	1.4700176366843034	0.8366445916114791	0.0	6.6948853615520285	5.015334063526835	0.7586206896551724	0.0	0.0	6.06371191135734	8.988153998025666	0.0	2.793577981651376	1.3743641912512716	19.58273381294964	0.0	0.0	5.428707224334601	16.297453703703702
24700	0.0	1.0857142857142856	0.0	3.0334448160535117	0.0	0.0	1.4386873920552676	0.0	0.0	8.78	1.1487455197132617	1.669150521609538	0.0	0.0	5.3125	5.68901303538175	0.0	5.57057057057057	1.6175824175824176	21.112962962962964	0.0	0.0	5.952802359882006	12.66139240506329
24701	0.0	1.872093023255814	0.0	2.3	0.0	0.0	0.0	3.5775193798449614	0.0	5.310077519379845	4.967567567567568	3.25968992248062	0.0	0.0	2.1705426356589146	8.0968992248062	0.0	11.827225130890053	1.426356589147287	17.523012552301257	0.3023255813953488	0.0	7.935483870967742	13.004166666666666
24702	0.0	1.032541776605101	0.0	0.6804123711340206	0.0	0.0	0.0	1.6329243353783232	0.0	9.049425287356321	3.9061553985872854	1.0489759572573465	0.0	0.0	3.524907749077491	10.724038461538461	0.0	4.045933014354067	3.2808764940239046	16.202094240837695	0.0	0.0	5.17629179331307	14.165656565656565
24703	0.0	0.8379888268156425	0.0	5.795228628230617	0.0	0.0	0.6182495344506518	0.0	0.0	5.067796610169491	2.3128491620111733	0.9236499068901304	0.0	0.0	2.1582867783985105	6.226640159045726	0.0	3.064655172413793	0.8566108007448789	12.886621315192743	0.0	0.0	2.673960612691466	18.01366742596811
24704	0.0	0.0	0.0	1.1435897435897435	0.0	0.0	5.920792079207921	0.0	0.0	8.03584229390681	2.300578034682081	0.0	0.0	0.7153846153846154	2.1942857142857144	10.182051282051281	0.0	0.8345588235294118	0.0	15.773851590106007	0.0	0.0	0.0	16.087786259541986
24705	0.0	1.1607142857142858	0.0	0.0	0.0	0.0	0.0	1.7083333333333333	0.0	8.752136752136753	1.380952380952381	0.0	0.0	0.0	1.7142857142857142	8.452380952380953	0.0	1.0357142857142858	2.7916666666666665	15.054545454545455	0.0	0.0	6.2023809523809526	18.42622950819672
24706	0.0	0.0	0.0	0.0	0.0	0.0	2.3365617433414045	0.0	0.0	10.817535545023697	2.706730769230769	1.3165618448637317	0.0	0.0	3.758909853249476	9.246445497630331	0.0	6.119791666666667	1.3620253164556961	14.378016085790884	0.0	0.0	3.3029490616621984	9.072972972972973
24707	0.0	1.6816684961580681	0.0	2.8273480662983426	0.0	0.39420289855072466	0.8548571428571429	2.8314917127071824	0.0	11.732026143790849	5.144992526158445	0.0	0.0	0.0	2.2619300106044538	8.732833957553058	0.0	5.259299781181619	2.184581976112921	15.839430894308943	0.0	0.0	4.025669642857143	22.537294563843236
24708	0.0	0.0	0.0	5.97189349112426	0.0	0.0	1.4971014492753623	2.116477272727273	0.2181372549019608	11.81201044386423	4.331189710610932	0.0	0.049019607843137254	0.0	3.652857142857143	15.742657342657342	0.0	8.0944669365722	1.2213642213642213	28.58705035971223	0.0	0.4681372549019608	6.731364275668073	13.272307692307692
24709	0.0	0.0	0.0	0.0	0.0	0.0	0.0	0.0	0.0	3.8979591836734695	7.08	0.0	1.9111111111111112	0.0	3.6666666666666665	2.7445255474452557	0.0	7.125	0.0	23.341666666666665	0.0	0.0	0.0	16.522222222222222
24710	0.8939974457215837	2.1496598639455784	0.8531289910600255	1.896265560165975	0.0	0.0	1.9425113464447807	0.0	0.0	10.834101382488479	7.0344827586206895	0.0	0.388250319284802	0.0	5.8796680497925315	11.510335917312661	0.0	7.731012658227848	2.201787994891443	25.904	0.0	0.0	3.642105263157895	17.001584786053883
24711	0.0	1.926605504587156	0.0	3.6266666666666665	0.0	0.0	1.69	1.84	0.0	12.510135135135135	0.95	0.0	0.11333333333333333	0.0	7.82	10.601731601731602	0.0	7.896907216494846	0.16333333333333333	11.144144144144144	0.0	0.2866666666666667	3.9045226130653266	13.907949790794978
24712	0.0	1.512280701754386	0.0	3.5173745173745172	0.0	0.0	1.4653846153846153	3.4375	0.0	10.20701754385965	5.582456140350877	0.0	0.0	0.0	8.6	11.2	0.0	3.0636042402826855	0.0	14.905263157894737	0.0	0.0	2.340248962655602	15.312217194570136
24713	0.0	2.309265944645006	0.0	2.912400455062571	0.24687144482366324	0.0	2.959090909090909	1.9493506493506494	0.0	10.092505854800937	3.1862745098039214	1.2434584755403868	0.0	0.0	7.277410832232497	8.910394265232975	0.0	12.49770290964778	0.8766404199475065	24.375	0.0	0.2707622298065984	4.133608815426998	24.822666666666667
24714	0.0	0.0	0.0	6.285996055226825	0.0	0.0	3.7130242825607063	3.1070496083550916	0.0	4.782089552238806	3.86317907444668	2.0114285714285716	0.0	0.0	6.4344569288389515	7.039911308203991	0.0	5.1075949367088604	0.3857677902621723	13.952112676056338	0.0	0.0	7.033398821218075	14.167391304347825
24715	0.0	0.0	0.0	1.3605442176870748	0.0	0.0	0.0	0.0	0.0	1.0	2.0	0.0	0.0	0.0	0.0	1.510204081632653	0.0	0.0	0.0	4.639455782312925	0.0	0.0	3.292517006802721	0.0
24716	0.0	2.2162162162162162	0.0	3.5687203791469195	0.0	0.0	0.0	0.0	0.0	4.277153558052435	4.975460122699387	3.1161048689138577	0.0	0.0	4.397003745318352	6.626666666666667	0.0	0.7528089887640449	1.568075117370892	17.94360902255639	0.0	0.0	1.7752808988764044	4.709163346613546
24717	0.0	2.6039886039886038	0.0	1.3247863247863247	0.0	0.0	0.7264957264957265	0.0	0.0	13.034013605442176	4.020408163265306	0.0	0.0	0.8433048433048433	1.9515669515669516	4.359322033898305	0.0	1.1965811965811965	3.763157894736842	15.005714285714285	0.0	0.0	2.6894586894586894	16.507122507122507
24718	0.0	2.7701793721973096	0.0	2.0632630410654826	0.0	0.0	1.4156504065040652	2.8073298429319373	0.0	8.445445445445445	4.752598752598753	0.0	0.0	0.0	3.257473481195757	8.02846975088968	0.0	2.0664451827242525	0.6842105263157895	18.685077519379846	0.0	0.0	3.0359477124183005	14.497034400948992
24719	0.0	3.11340206185567	0.0	3.225225225225225	0.0	0.0	1.9362637362637363	1.2324786324786325	0.0	5.5851851851851855	4.742173112338858	0.9572649572649573	0.0	0.0	5.954365079365079	8.746561886051081	0.0	4.714776632302406	1.003960396039604	19.25173210161663	0.0	0.0	6.063314711359404	13.182389937106919
24720	0.0	1.059047619047619	0.0	5.289655172413793	0.0	0.0	1.308091286307054	2.2013358778625953	0.0	7.9715686274509805	5.483549351944167	1.2145144076840981	0.580952380952381	0.0	3.730727470141151	8.90965092402464	0.0	1.875831485587583	0.0	20.8042226487524	0.0	0.46476190476190476	6.043735224586288	17.136363636363637
24721	0.0	0.509009009009009	0.0	7.118556701030927	0.0	0.0	1.8465116279069766	1.3018018018018018	0.0	10.768115942028986	4.22972972972973	0.5066666666666667	0.0	0.0	1.8468468468468469	8.288288288288289	0.0	4.541666666666667	0.6351351351351351	14.42654028436019	0.0	0.0	6.205479452054795	10.989637305699482
24722	0.0	0.0	0.0	2.687312687312687	0.0	0.0	2.261758691206544	0.9111111111111111	0.0	6.798963730569948	4.857002938295788	1.9926931106471817	0.0	0.0	6.658215010141988	8.312700106723586	0.0	5.946088794926005	0.8944444444444445	15.068743286788399	0.0	0.0	5.176719576719576	11.782511210762332
24723	0.0	3.6939890710382515	0.0	2.707943925233645	0.0	0.0	1.7689486552567237	1.7773766546329723	0.0	8.003921568627451	5.918575063613232	0.0	0.0	0.0	3.2863849765258215	5.83741935483871	0.0	4.279322853688029	0.0	20.925840092699882	0.0	0.5928899082568807	2.9184491978609626	18.05732484076433
24724	0.0	1.6858552631578947	0.0	1.6100094428706326	0.0	0.0	1.1996386630532971	0.9293577981651376	0.0	10.449901768172888	2.6901535682023487	0.0	0.0	0.0	6.572946859903381	6.900167785234899	0.0	3.2988782051282053	1.8406193078324227	17.02947154471545	0.0	0.0	4.830327868852459	15.647425897035882
24725	0.0	0.0	0.0	2.922360248447205	0.0	0.0	0.40938967136150234	1.4547346514047867	0.0	7.9648924122310305	5.005181347150259	1.7311827956989247	0.0	0.0	3.7400932400932403	7.238505747126437	0.0	4.720081135902637	3.5875331564986737	16.604188481675394	0.0	0.0	2.8022922636103154	17.413793103448278
24726	0.0	2.491228070175439	0.0	2.049122807017544	0.0	0.0	3.0035087719298246	0.8912280701754386	0.0	3.6007194244604315	2.8105263157894735	0.0	0.0	0.0	3.7333333333333334	4.516746411483253	0.0	4.150877192982456	1.1789473684210525	12.090909090909092	0.0	0.0	5.649122807017544	13.313953488372093
24727	0.0	1.4787018255578093	0.0	4.685010861694424	0.0	0.0	1.8835370237239397	4.1665490472829925	0.0	10.442088091353996	5.559837728194726	0.0	0.0	0.0	6.532859680284192	9.627224199288257	0.0	4.232245681381958	1.1216309606081547	18.177244582043343	0.0	0.0	6.246884735202492	14.030143180105501
24728	0.0	1.7557471264367817	0.0	3.500853242320819	0.0	0.0	3.778894472361809	1.5185964912280703	0.0	5.814814814814815	4.947603121516165	1.4557051736357194	0.2343859649122807	0.0	6.436713545521836	10.778730703259004	0.0	5.4979253112033195	2.0657311669128506	22.05209222886422	0.0	0.0	3.4044444444444446	17.719166666666666
24729	0.0	2.0939716312056738	0.0	3.1650390625	0.0	0.0	2.1194029850746268	1.7572209211553473	0.0	10.691382765531062	6.019950124688279	0.7454718779790277	0.0	0.0	2.72	9.279209621993127	0.0	5.526406926406926	1.959040959040959	23.352487135506003	0.5487900078064013	0.0	8.372026641294006	15.669657422512234
24730	0.0	0.9866666666666667	0.0	1.991111111111111	0.0	0.0	0.0	0.0	0.0	7.0	3.546666666666667	0.6488888888888888	0.0	0.0	6.0	7.6177777777777775	0.0	5.366071428571429	6.890243902439025	13.035874439461884	0.0	0.0	3.120967741935484	17.93777777777778
24731	0.0	4.851955307262569	0.0	3.6854460093896715	0.0	0.0	2.7702265372168284	2.130612244897959	0.0	18.49043062200957	4.640845070422535	0.8051643192488263	0.0	0.0	10.591549295774648	13.651567944250871	0.0	6.882629107981221	3.464788732394366	25.353403141361255	0.0	0.0	10.095465393794749	20.818443804034583
24732	0.0	2.8700564971751414	0.0	0.0	0.0	0.0	2.231638418079096	2.8870056497175143	0.0	5.112994350282486	0.8587570621468926	0.0	0.0	0.0	1.1977401129943503	8.656626506024097	0.0	5.5625	2.1864406779661016	14.852272727272727	0.21468926553672316	0.0	0.0	12.928104575163399
24733	0.0	2.959731543624161	0.0	2.0549019607843135	0.0	0.0	2.2549019607843137	3.631372549019608	0.0	7.050632911392405	0.0	0.6509803921568628	0.0	0.0	1.7647058823529411	7.588235294117647	0.0	6.2274881516587675	0.6666666666666666	10.741228070175438	0.0	0.0	0.0	8.364705882352942
24734	0.0	0.0	0.0	2.380859375	0.0	0.0	1.7242424242424241	1.290035587188612	0.0	13.096185737976782	2.2066246056782335	0.0	0.0	0.0	6.128378378378378	9.313432835820896	0.0	4.211740041928721	1.1624087591240877	17.60268714011516	0.0	0.0	4.024263431542461	12.813708260105448
24735	0.0	0.0	0.6933333333333334	0.0	0.0	0.0	0.0	0.5688888888888889	0.0	9.277611940298508	3.4116161616161618	2.331111111111111	0.0	0.0	4.6	6.888631090487239	0.0	1.2269503546099292	0.8555555555555555	2.9741379310344827	0.0	0.0	6.827868852459017	12.643356643356643
24736	1.217094017094017	3.9891500904159134	0.0	1.326996197718631	0.0	0.0	1.0878504672897196	3.2	0.0	8.144859813084112	0.0	1.7094017094017093	0.0	0.0	3.9957537154989384	8.0062893081761	0.0	4.2536873156342185	1.6495726495726495	14.162162162162161	0.0	0.0	6.340471092077088	18.731843575418996
24737	0.0	3.0497925311203318	0.0	2.8253968253968256	0.0	0.0	3.560747663551402	3.9950980392156863	0.9246031746031746	21.767543859649123	9.86111111111111	4.921686746987952	1.6428571428571428	0.0	12.106796116504855	22.065502183406114	0.0	6.396135265700483	1.746031746031746	29.369158878504674	0.0	0.0	13.058823529411764	20.705882352941178
24738	0.0	1.784037558685446	0.0	1.6863636363636363	0.0	0.0	1.2272300469483568	1.1183098591549296	0.0	1.9631284916201117	1.8283898305084745	1.3220657276995305	0.0	0.0	2.8640897755610975	6.067895247332687	0.0	2.004540295119183	1.3352112676056338	13.217026378896882	0.0	0.0	2.6266944734098017	10.17103762827822
24739	0.0	3.5336538461538463	0.0	3.1366459627329193	1.2742616033755274	0.0	4.223628691983122	5.843881856540085	0.0	26.95566502463054	14.970464135021096	0.0	0.0	8.509345794392523	9.924050632911392	22.386363636363637	0.0	14.177215189873417	5.757575757575758	31.70334928229665	4.156118143459915	5.779411764705882	17.63684210526316	37.796052631578945
24740	0.0	3.709422492401216	0.0	7.7915	0.0	0.0	5.5442622950819676	3.7730202578268877	0.0	15.815595880333497	7.806039488966318	3.151685393258427	0.0	0.0	14.10344827586207	19.162019230769232	0.0	9.68741024413595	3.7768595041322315	49.6046986721144	0.0	0.0	12.988998899889989	43.55112570356473
24741	0.5412186379928315	3.4086021505376345	0.0	2.7216494845360826	0.0	0.0	5.471177944862156	9.172794117647058	0.0	20.852040816326532	6.596685082872928	1.558252427184466	0.0	0.0	14.206140350877194	17.402020202020203	0.0	9.43943661971831	1.4274809160305344	43.23529411764706	0.0	0.0	3.5	37.79372197309417
24742	0.0	3.1952054794520546	0.0	3.004938271604938	0.6473429951690821	0.0	1.536340852130326	2.0676328502415457	0.0	5.9620596205962055	1.0156739811912225	1.5555555555555556	0.0	0.0	1.8309178743961352	6.993846153846154	0.0	4.757894736842105	0.9227053140096618	27.304582210242586	0.0	0.0	5.760526315789473	20.474926253687315
24743	0.0	1.062295081967213	0.0	1.0678391959798994	0.0	0.0	1.475177304964539	3.14	0.0	6.170212765957447	3.7353951890034365	0.9897435897435898	0.0	0.0	3.090909090909091	14.004750593824228	0.0	2.602836879432624	0.4657210401891253	16.662420382165607	0.0	0.0	5.742316784869977	19.633431085043988
24744	0.0	3.1523809523809523	0.0	6.032258064516129	1.6285714285714286	0.0	2.1523809523809523	1.938095238095238	0.0	7.415841584158416	3.3	1.638095238095238	0.6047619047619047	0.0	12.222222222222221	13.641509433962264	0.0	6.676470588235294	1.6	21.575949367088608	0.6190476190476191	0.0	10.287769784172662	24.272727272727273
24745	0.0	0.14102564102564102	2.7115384615384617	0.0	0.0	0.0	0.0	0.0	0.0	11.450381679389313	5.260416666666667	0.0	0.0	0.0	5.7756410256410255	16.19298245614035	0.0	3.4423076923076925	0.0	14.060402684563758	0.0	0.0	1.435897435897436	24.276923076923076
24746	0.7718446601941747	0.0	0.0	1.2825719120135364	0.0	0.0	1.4261006289308176	3.043613707165109	0.0	3.865546218487395	4.549844236760125	1.1869158878504673	0.0	0.0	5.4176776429809355	7.640794223826715	0.0	3.2	0.7663551401869159	18.972668810289388	0.0	0.0	3.2741433021806854	7.204419889502763
24747	0.0	0.8021978021978022	0.0	3.322295805739514	0.0	0.0	2.986754966887417	3.874698795180723	0.0	8.153846153846153	1.7442622950819673	2.6501240694789083	0.0	0.0	7.512141280353201	7.530183727034121	0.0	8.107871720116618	1.7086092715231789	17.28918322295806	0.0	0.0	7.816582914572864	23.933806146572103
24748	0.0	0.0	0.0	3.8983050847457625	0.0	0.0	1.536723163841808	3.573446327683616	0.0	11.687315634218288	9.948339483394834	1.426553672316384	0.0	0.0	5.610921501706485	10.746212121212121	0.0	7.853820598006645	3.3700564971751414	24.388379204892967	0.0	0.0	3.101449275362319	20.03448275862069
24749	0.0	2.9973890339425586	0.11827956989247312	4.4319809069212415	0.0	0.0	3.5714285714285716	1.1147186147186148	0.0	14.14516129032258	0.8710601719197708	1.189247311827957	0.0	0.0	7.58560794044665	13.103064066852367	0.0	8.00925925925926	4.625806451612903	31.531157270029674	0.0	0.0	7.9185185185185185	13.148337595907929
24750	0.0	2.484375	0.0	3.5	0.0	0.0	1.6049237983587339	1.7583333333333333	0.0	5.8937568455640745	3.383047210300429	1.284375	0.0	0.0	4.872909698996655	7.260981912144703	0.0	7.052311435523114	1.1095890410958904	16.315453384418902	0.0	0.0	6.022321428571429	22.013715710723194
24751	0.0	1.7034120734908136	0.0	7.100346020761246	0.0	0.0	0.0	3.2378223495702008	0.0	8.9002624671916	7.763313609467455	0.0	0.0	0.0	3.8290598290598292	9.161375661375661	0.0	7.80327868852459	0.28608923884514437	17.32732732732733	0.7821522309711286	0.0	2.084639498432602	9.858870967741936
24752	0.0	1.3333333333333333	0.0	0.0	0.0	0.0	1.5555555555555556	0.791005291005291	0.0	6.52037617554859	4.822784810126582	1.9735449735449735	0.0	0.0	4.9465648854961835	8.087301587301587	0.0	3.132013201320132	0.0	20.849206349206348	0.0	0.0	5.779944289693593	11.70357142857143
24753	0.0	1.46875	0.9947916666666666	0.0	0.0	0.0	0.0	2.8020833333333335	0.0	5.817708333333333	0.0	0.0	0.0	0.0	1.046875	2.4114583333333335	0.0	0.0	1.3494623655913978	3.6408839779005526	0.0	0.0	2.0885416666666665	4.548571428571429
24754	0.0	1.6532438478747205	0.0	8.736842105263158	0.0	0.0	0.0	0.0	0.0	10.164665523156089	2.8106666666666666	1.992094861660079	0.0	0.0	9.02020202020202	8.21947194719472	0.0	5.976798143851508	1.059782608695652	37.014028056112224	0.0	0.0	5.5017543859649125	29.198373983739838
24755	0.0	0.0	0.0	0.98989898989899	0.0	0.0	2.9116465863453813	0.0	0.0	8.71841155234657	6.37037037037037	0.0	0.0	1.0168350168350169	5.9326599326599325	6.606060606060606	0.0	2.282828282828283	0.0	14.697594501718212	0.0	0.0	5.574829931972789	7.408560311284047
24756	0.0	2.2268518518518516	0.0	2.8058375634517767	0.0	0.0	1.75125	2.0162037037037037	0.0	8.865951742627345	6.791457286432161	1.4475	0.0	0.0	4.689504373177843	10.160539215686274	0.0	5.9776733254994125	2.4	24.581143740340032	0.0	0.0	5.713235294117647	16.970794392523363
24757	0.0	0.0	0.0	1.8131283264340627	0.0	0.0	1.821207798383262	0.8642557651991615	0.0	7.300232018561485	3.4599910594546266	0.8468513853904283	0.0	0.0	4.044768856447688	9.5941893158388	0.0	5.25984990619137	2.6449732880038854	16.601482326111746	0.0	0.0	4.345828933474129	17.73620599054125
24758	0.0	1.2128851540616246	0.0	3.7136563876651985	0.0	0.0	1.7338935574229692	1.557422969187675	0.0	8.457231726283048	3.4458333333333333	1.8427672955974843	0.0	0.0	5.483823529411764	12.037433155080214	0.0	2.403914590747331	0.9187675070028011	21.96551724137931	0.0	0.0	4.104790419161676	19.86081370449679
24759	0.0	0.0	0.0	0.9780334728033473	0.0	0.0	2.5162488393686164	1.6217038539553752	0.0	6.836403033586132	3.6117908787541713	1.3333333333333333	0.0	0.0	5.229007633587786	7.483086680761099	0.0	4.2044760935910475	1.8487309644670051	14.47362755651238	0.0	0.0807799442896936	4.082991803278689	13.847826086956522
24760	0.0	2.9537275064267354	0.4360730593607306	3.202325581395349	0.0	0.0	2.0616438356164384	0.954337899543379	0.0	12.203208556149733	1.4383561643835616	0.9212827988338192	0.0	0.0	5.694960212201591	7.521865889212828	0.0	5.3130434782608695	3.377104377104377	24.06788511749347	0.0	0.0	3.7070938215102975	11.8839590443686
24761	0.0	1.4666666666666666	0.0	2.4545454545454546	0.0	0.0	1.6975806451612903	1.7878787878787878	0.0	7.292063492063492	2.6366559485530545	0.0	0.0	2.4484848484848483	5.766666666666667	5.412121212121212	0.0	0.0	0.6121212121212121	11.419452887537993	0.0	0.0	3.1515151515151514	14.088339222614842
24762	0.0	0.0	2.033333333333333	5.333333333333333	0.0	0.0	0.2571428571428571	2.9	0.0	5.671328671328672	2.6857142857142855	1.4476190476190476	0.0	0.0	2.7904761904761903	6.644329896907217	0.0	0.9453125	0.0	16.87142857142857	0.0	0.0	2.926829268292683	11.410891089108912
24763	0.0	0.597667638483965	0.7191780821917808	2.148780487804878	0.0	0.0	1.1701030927835052	1.1369863013698631	0.0	4.0823170731707314	0.0	0.0	0.0	0.0	1.9703196347031964	4.591324200913242	0.0	7.12962962962963	1.0228310502283104	6.538043478260869	0.0	0.0	1.5297805642633229	10.149606299212598
24764	0.0	1.2019230769230769	0.0	2.4583333333333335	0.19230769230769232	0.0	1.1282051282051282	1.8964143426294822	0.0	3.4775641025641026	2.41025641025641	0.8939929328621908	0.967948717948718	0.08974358974358974	2.2564102564102564	4.612179487179487	0.0	3.858974358974359	1.375	18.696774193548386	0.0	0.0	4.548076923076923	13.91705069124424
24765	0.0	2.2574525745257454	0.0	1.5474254742547426	0.0	0.0	0.0	0.0	0.0	9.087349397590362	5.037142857142857	0.2005420054200542	0.0	0.0	5.652567975830816	4.8602484472049685	0.0	5.436314363143631	1.094850948509485	24.55	0.0	0.0	5.985714285714286	18.99728997289973
24766	0.0	0.9444444444444444	1.4444444444444444	0.4722222222222222	0.0	0.0	0.0	0.0	0.0	2.298611111111111	0.9583333333333334	0.0	0.0	0.0	0.8055555555555556	1.4930555555555556	0.0	0.4722222222222222	0.0	5.138888888888889	0.0	0.0	0.5138888888888888	1.9702970297029703
24767	0.0	1.0936936936936936	0.0	5.319829424307036	0.0	0.0	1.8738738738738738	2.456140350877193	0.0	8.855691056910569	2.76036036036036	0.0	0.0	0.0	3.262180974477958	8.43646408839779	0.0	5.370689655172414	4.4715189873417724	21.886831275720166	0.0	0.08288288288288288	10.347349177330896	17.095412844036698
24768	0.0	0.0	0.6846846846846847	2.4954954954954953	0.0	0.0	0.0	0.0	0.0	5.7207207207207205	5.659090909090909	2.4414414414414414	0.0	0.0	3.189189189189189	7.391304347826087	0.0	5.423423423423423	1.0	13.801801801801801	0.0	0.0	5.009009009009009	20.563218390804597
24769	0.0	1.0606372045220966	0.0	2.9190064794816415	0.0	0.0	1.5301062573789848	0.9862637362637363	0.0	6.324165029469548	3.0796178343949046	0.8717948717948718	0.0	0.0	3.343355965082444	8.589341692789969	0.0	5.960479041916168	1.5924908424908424	10.888026607538803	0.1794871794871795	0.0	3.6240837696335078	15.660313901345292
24770	0.0	1.9094650205761317	0.0	0.0	0.0	0.0	2.802469135802469	1.4897119341563787	0.0	11.7119341563786	1.2450331125827814	2.3292181069958846	0.0	0.0	4.337448559670782	10.559090909090909	0.0	5.411522633744856	1.4526748971193415	17.132596685082873	0.0	0.0	3.4526748971193415	9.012658227848101
24771	0.0	1.0670391061452513	0.0	0.10800744878957169	0.0	0.0	1.5940409683426444	0.0	0.0	6.259345794392523	2.377049180327869	0.0	0.0	0.0	2.367816091954023	2.9781553398058254	0.0	1.7504655493482308	2.6890130353817505	12.82803738317757	0.5623836126629422	0.0	5.647410358565737	14.240223463687151
24772	0.0	0.0	0.0	1.9064124783362217	0.0	0.0	0.8022388059701493	0.75564681724846	0.0	1.7903225806451613	2.1265822784810124	0.0	0.0	0.0	4.921568627450981	7.702276707530648	0.0	1.0382882882882882	3.0101626016260163	11.725	0.0	0.0	2.9372759856630823	7.385844748858448
24773	0.0	1.0393412625800549	0.32577665827036106	3.4310344827586206	0.0	0.18639798488664988	1.8068849706129304	1.9204545454545454	0.0	10.32261521972133	4.643340857787811	2.022670025188917	0.0	0.0	4.470950704225352	7.561352657004831	0.0	5.7042869641294836	0.0	16.47731755424063	0.0	0.0	4.80765639589169	24.37875288683603
24774	0.0	1.2231884057971014	0.0	0.9855072463768116	0.0	0.0	0.21159420289855072	0.0	0.0	0.5304347826086957	1.5942028985507246	1.4492753623188406	0.0	0.0	3.5904761904761906	8.200647249190938	0.0	2.782608695652174	0.005797101449275362	5.034883720930233	0.8347826086956521	0.0	1.6463768115942028	1.8646616541353382
24775	0.0	3.6333333333333333	0.0	7.994152046783626	0.0	0.0	2.4067278287461775	5.08955223880597	0.0	22.59546925566343	5.16796875	0.46601941747572817	0.8830409356725146	0.0	10.891812865497077	15.342105263157896	0.0	6.2250922509225095	0.0	15.93730407523511	0.0	0.0	7.462365591397849	18.61111111111111
24776	0.0	1.1206543967280163	2.394683026584867	4.985915492957746	0.0	0.0	2.735966735966736	1.671023965141612	0.08384458077709611	11.251282051282052	4.742092457420925	1.3537832310838447	0.0	0.0	3.200413223140496	9.80879120879121	0.0	1.0315533980582525	1.752556237218814	10.895705521472392	0.0	0.3558282208588957	7.734597156398104	18.177914110429448
24777	0.0	0.5948717948717949	0.6358974358974359	2.287179487179487	0.0	0.0	0.8666666666666667	2.3897435897435897	0.0	4.266666666666667	1.2923076923076924	0.0	0.0	4.164102564102564	3.805128205128205	9.05982905982906	0.0	2.3230769230769233	6.184931506849315	3.476923076923077	0.0	0.0	4.015384615384615	8.886363636363637
24778	0.0	0.18181818181818182	1.4848484848484849	0.16161616161616163	0.6533333333333333	0.0	6.979591836734694	1.6363636363636365	0.0	1.2676767676767677	3.5689655172413794	0.5555555555555556	0.0	0.0	3.217171717171717	14.005847953216374	0.0	0.0	4.075757575757576	7.85792349726776	0.0	0.0	3.9358974358974357	18.756302521008404
24779	0.0	3.9722222222222223	0.0	6.291005291005291	0.0	0.0	3.935672514619883	1.3493975903614457	0.0	9.557692307692308	4.3	0.04819277108433735	0.0	0.0	5.036458333333333	5.6781115879828326	0.0	3.825892857142857	2.0458333333333334	10.843373493975903	0.0	0.0	4.417670682730924	16.348717948717947
24780	0.0	0.13194444444444445	0.0	2.111111111111111	0.0	0.0	1.0138888888888888	1.5	0.0	7.6875	1.6666666666666667	0.0	0.0	0.0	1.6805555555555556	5.138888888888889	0.0	1.4444444444444444	5.015267175572519	8.555555555555555	0.0	0.0	4.763888888888889	10.539130434782608
24781	0.0	0.0	0.0	2.019607843137255	0.0	0.0	0.6891891891891891	1.4313725490196079	0.0	3.872549019607843	0.6274509803921569	0.0	0.0	0.0	9.88135593220339	4.602564102564102	0.0	0.0	2.735294117647059	5.978021978021978	0.0	0.0	1.7647058823529411	10.435897435897436
24782	0.0	0.0	0.0	5.1676829268292686	0.0	0.0	2.492063492063492	1.0158730158730158	0.0	9.56015037593985	0.0	0.0	0.0	0.0	0.7156398104265402	6.697872340425532	0.0	1.0299727520435968	1.7671957671957672	12.404761904761905	0.0	0.0	0.0	12.227513227513228
24783	0.0	1.6724137931034482	0.35645472061657035	4.486815415821501	0.0	0.0	1.7567567567567568	0.0	0.0	17.394678492239468	3.672055427251732	0.24470134874759153	0.0	0.0	4.408477842003854	10.673076923076923	0.0	5.857461024498886	1.3737957610789981	16.83609958506224	0.0	0.0	6.469626168224299	22.926829268292682
24784	0.0	1.9254901960784314	0.0	4.050980392156863	0.0	0.0	0.6	1.0137254901960784	0.0	6.019607843137255	4.081932773109243	0.6683291770573566	0.20392156862745098	0.0	4.879385964912281	5.087155963302752	0.0	2.933609958506224	2.949748743718593	9.481308411214954	0.0	0.0	5.650205761316872	12.342465753424657
24785	0.0	0.0	0.0	3.4776647501105704	0.0	0.0	1.696229648671808	0.9306078536847767	0.0	8.94934725848564	3.8121850664223547	1.5249650023331778	0.0	0.0	3.20457730032695	5.754936708860759	0.0	3.586038961038961	1.3486486486486486	16.0919384057971	0.0	0.11782347900599828	3.638002059732235	17.94984326018809
24786	0.0	2.017283950617284	0.0	2.022222222222222	0.0	0.0	0.0	1.3382716049382717	0.0	14.176282051282051	5.145604395604396	2.1597938144329896	0.0	0.0	7.088154269972452	8.936170212765957	0.0	4.821138211382114	0.6048109965635738	17.115384615384617	0.0	0.0	2.07	14.196531791907514
24787	0.0	2.098581560283688	0.0	3.883882149046794	0.0	0.0	3.7378097521982414	2.3333333333333335	0.0	11.3	4.298446443172526	2.0160384923817163	0.0	0.0	5.799680766161213	9.616484440706476	0.0	12.197483059051306	1.9131474103585657	32.1781512605042	0.0	0.0	4.7298850574712645	24.80893682588598
24788	0.0	0.8468468468468469	0.0	0.7487179487179487	0.0	0.0	3.463963963963964	0.0	0.0	1.8806818181818181	0.07207207207207207	3.225225225225225	0.0	0.0	0.0	3.018018018018018	0.0	5.851351351351352	1.2747747747747749	6.472222222222222	0.0	0.0	4.2342342342342345	4.462962962962963
24789	0.0	0.0	0.0	1.0657276995305165	0.0	0.0	0.0	1.0909090909090908	0.0	9.451104100946372	7.543859649122807	0.0	0.0	0.0	2.775757575757576	8.53623188405797	0.0	1.9151943462897527	3.2796052631578947	21.738170347003155	0.0	0.8818181818181818	5.919860627177701	23.857723577235774
24790	0.0	3.5558086560364464	0.0	7.443159922928709	0.0	0.0	1.16580310880829	0.0	0.0	10.076628352490422	3.1565420560747666	0.23834196891191708	0.0	0.0	3.6995884773662553	4.601036269430052	0.0	4.003710575139147	2.8082901554404147	9.508298755186722	0.0	0.0	4.423236514522822	9.617307692307692
24791	0.0	1.484593837535014	0.0	3.015625	0.0	0.0	1.7787114845938374	3.0780669144981414	0.0	7.932773109243698	1.49185667752443	1.4397759103641457	0.0	0.0	7.012578616352202	2.646017699115044	0.0	0.6277777777777778	0.0	19.294117647058822	0.0	0.0	1.960573476702509	15.365019011406844
24792	0.0	0.8681081081081081	0.0	3.275529865125241	0.0	0.0	1.686626746506986	1.1654040404040404	0.0	9.042959427207638	4.139583333333333	0.0	0.0	0.0	3.1518661518661517	10.824468085106384	0.0	2.9964114832535884	2.210019267822736	21.85194479297365	0.0	0.0	5.229551451187335	16.18918918918919
24793	0.0	2.6019417475728157	0.0	4.411255411255412	0.0	0.0	3.121212121212121	1.9869565217391305	0.0	19.2109375	6.0021645021645025	1.6385281385281385	0.0	0.0	5.967741935483871	7.843956043956044	0.0	1.5649350649350648	2.1864951768488745	15.429280397022332	0.0	0.0	7.793269230769231	12.169197396963124
24794	0.0	0.010416666666666666	1.1666666666666667	1.6979166666666667	0.0	0.0	0.0	2.894179894179894	0.0	8.130208333333334	1.453125	4.447916666666667	0.0	0.0	7.734375	8.688311688311689	0.0	12.136842105263158	0.5885416666666666	15.515625	0.0	0.0	10.184713375796179	11.106666666666667
24795	0.0	3.9552715654952078	0.0	0.0	0.0	0.0	1.903030303030303	3.2510822510822512	0.0	17.764150943396228	2.3524904214559386	1.9	0.0	0.8636363636363636	4.1909090909090905	11.743772241992882	0.0	8.803333333333333	0.0	35.21818181818182	0.0	0.0	6.278787878787878	19.933962264150942
24796	0.0	2.0555555555555554	0.2608695652173913	3.6804123711340204	0.0	0.0	4.045893719806763	2.3333333333333335	0.0	4.176895306859206	2.9232954545454546	2.036231884057971	0.0	0.0	4.258454106280193	10.027855153203342	0.0	7.9914772727272725	1.2463768115942029	25.09090909090909	0.0	0.0	7.532432432432432	16.785714285714285
24797	0.0	0.0	0.48104575163398694	4.446017699115044	0.0	0.0	1.2944693572496264	0.0	0.0	10.316139767054908	5.509572901325479	0.0	0.0	0.0	6.9456	9.508620689655173	0.0	10.258064516129032	2.6505681818181817	22.913978494623656	0.0	0.0	6.620060790273556	13.98165137614679
24798	0.0	0.5111111111111111	0.8074074074074075	1.2	0.0	0.0	0.8111111111111111	1.0037037037037038	0.0	8.402173913043478	2.52	1.3333333333333333	0.0	0.0	4.162162162162162	7.183035714285714	0.0	3.4919354838709675	2.037037037037037	12.737113402061855	0.0	0.0	0.0	15.231759656652361
24799	0.0	0.9327073552425665	0.0	1.100952380952381	0.0	0.0	0.0	2.0326460481099655	0.0	8.990243902439024	3.3268101761252447	0.0	0.0	0.0	3.4131455399061035	7.913875598086125	0.0	3.1784511784511786	0.9159836065573771	9.127348643006263	0.0	0.0	3.675531914893617	9.529520295202952
24800	0.0	0.6550925925925926	0.0	2.4722222222222223	0.0	0.0	3.2570621468926553	1.7106481481481481	0.0	8.028776978417266	4.898148148148148	0.8865740740740741	0.0	0.17592592592592593	7.206650831353919	5.814946619217082	0.6990740740740741	2.8684210526315788	4.585915492957747	19.057971014492754	0.0	0.0	7.716937354988399	20.154028436018958
24801	0.0	2.71978021978022	0.0	5.267441860465116	0.0	0.0	4.034883720930233	3.777227722772277	0.0	24.177685950413224	7.688172043010753	6.632978723404255	0.38372093023255816	1.1705426356589148	11.776470588235295	18.100775193798448	0.0	6.0732984293193715	6.793248945147679	29.212435233160623	0.0	0.0	8.302631578947368	30.282945736434108
24802	0.0	2.8975409836065573	0.0	4.009009009009009	0.0	0.0	3.1809210526315788	1.8108108108108107	0.0	6.4489051094890515	7.801801801801802	0.0	0.0	0.0	8.601694915254237	5.685714285714286	0.0	4.18018018018018	2.6462093862815883	15.308970099667775	0.11411411411411411	0.0	7.63963963963964	10.49809885931559
24803	0.0	1.4527363184079602	0.0	2.6129032258064515	0.0	0.0	7.293532338308458	0.5299145299145299	0.0	7.344827586206897	2.044776119402985	0.0	0.0	0.0	0.0	3.144278606965174	0.0	1.8109452736318408	0.0	16.558823529411764	0.0	0.0	14.288557213930348	14.18125
24804	0.0	0.0	0.0	2.15531660692951	0.0	0.0	2.048314606741573	0.6015037593984962	0.0	8.202912621359223	2.6685714285714286	1.8047846889952153	0.0	0.0	5.669471153846154	11.842754367934225	0.0	5.240325865580448	1.4753914988814318	15.351001177856302	0.0	0.0	4.857418111753372	15.9140708915145
24805	0.0	2.0944444444444446	0.0	3.797752808988764	0.5833333333333334	0.0	0.8388888888888889	1.3170731707317074	0.0	8.585365853658537	5.64625850340136	1.1055555555555556	0.0	0.0	8.727272727272727	7.4576271186440675	0.0	9.123456790123457	0.18333333333333332	13.289940828402367	0.4888888888888889	0.0	7.410714285714286	13.87037037037037
24806	0.0	0.0	0.0	5.196078431372549	0.1488673139158576	0.0	4.627737226277373	1.8884848484848484	0.0	11.60589519650655	2.7097480832420593	1.3279395900755124	0.0	0.0	6.070878274268105	8.761969904240766	0.0	8.284649776453055	2.697950377562028	13.6340206185567	0.0	0.0	3.2215568862275448	10.278350515463918
24807	0.0	0.39677239844184753	0.0	0.9109545163356823	0.0	0.0	1.151603498542274	1.0077907623817473	0.0	4.88479262672811	1.8595279217040874	0.7698717948717949	0.0	0.0	4.078125	3.8687921520539548	0.0	2.613132911392405	0.5742904841402338	9.943532501641497	0.0	0.0	3.43468339988591	10.30040206777714
24808	0.0	1.2849740932642486	0.0	2.601449275362319	0.0	0.0	2.9528985507246377	1.8768115942028984	0.0	14.060377358490566	3.261992619926199	0.0	0.0	0.0	3.181159420289855	7.557971014492754	0.0	5.830188679245283	6.121428571428571	15.992217898832685	0.0	0.0	5.609302325581395	15.042857142857143
24809	0.0	4.9297385620915035	0.0	5.442786069651741	0.0	0.0	1.901098901098901	6.524752475247524	0.0	16.78846153846154	13.583650190114069	3.516728624535316	0.0	1.2908496732026145	15.905096660808436	15.704545454545455	0.0	12.304940374787053	2.334710743801653	36.47602131438721	0.0	0.0	9.8715953307393	42.37017543859649
24810	0.0	0.0	0.0	3.490546218487395	0.0	0.0	1.9676700111482721	0.0	0.0	4.5005500550055	2.5532150776053215	1.0507772020725388	0.0	0.0	2.4145496535796767	6.880597014925373	0.0	4.060542797494781	1.1476323119777159	16.86509900990099	0.294238683127572	0.0	2.959501557632399	11.436756756756758
24811	0.0	0.0	0.48417721518987344	2.1480611045828435	0.0	0.0	2.024636058230683	0.7719869706840391	0.0	3.619428571428571	2.889830508474576	0.0	0.0	0.0	1.7972027972027973	11.911421911421911	0.0	5.064270152505447	1.4484590860786397	14.203728362183755	0.0	0.0	4.01123595505618	9.338196286472149
24812	0.0	0.8273572377158035	0.3240371845949535	4.229747675962815	0.0	0.0	2.0120967741935485	2.3856749311294765	0.0	6.02710027100271	3.202721088435374	0.8905547226386806	0.0	0.0	4.598373983739838	5.532028469750889	0.0	6.250996015936255	1.4513513513513514	19.571428571428573	0.0	0.0	4.9933598937583	12.478102189781023
24813	0.0	1.0122783083219646	0.0	3.1241184767277854	0.0	0.0	1.7394578313253013	2.1803482587064678	0.0	9.6	2.703092783505155	1.2441140024783148	0.0	0.0	2.2888198757763973	12.258957654723128	0.0	4.483617300131062	1.8597285067873304	20.397435897435898	0.0	0.6567534076827757	3.057001239157373	9.304615384615385
24814	0.0	0.0	0.0	3.646766169154229	0.0	0.0	0.0	0.0	0.0	4.102439024390244	0.6195652173913043	0.0	0.0	0.0	4.6118721461187215	9.648401826484019	0.0	2.6118721461187215	0.0	9.017964071856287	0.0	0.0	3.82648401826484	11.266272189349113
24815	0.0	1.973102785782901	0.0	3.8222222222222224	0.0	0.0	1.8463519313304722	1.8966666666666667	0.0	10.98481973434535	5.239583333333333	0.0	0.0	0.0	4.568548387096774	7.516602316602317	0.0	5.411764705882353	0.7330508474576272	13.596408317580341	0.0	0.0	3.1965029142381347	18.0311027332705
24816	0.0	0.0	0.0	1.7202380952380953	0.0	0.0	3.607142857142857	0.0	0.0	4.121951219512195	6.311111111111111	2.857142857142857	0.0	0.0	4.0	6.266129032258065	0.0	0.4112903225806452	0.0	12.793388429752065	1.369047619047619	0.0	8.458333333333334	9.0
24817	0.0	2.068270481144343	0.6386986301369864	3.7799871712636306	0.0	0.0	2.4975903614457833	3.085645355850422	0.0	12.29315960912052	5.509986684420772	1.5448851774530272	0.1906392694063927	0.0	4.802244039270687	9.706457925636007	0.0	5.8510773130545	2.0755555555555554	19.51997146932953	0.0	0.0	4.4677990092002835	24.71622641509434
24818	0.0	1.4166666666666667	0.8876811594202898	0.7028985507246377	0.0	0.0	0.0	0.0	0.0	8.889473684210527	1.0888030888030888	1.1014492753623188	0.0	1.608695652173913	2.5	3.7971014492753623	0.0	6.3515625	0.0	16.145833333333332	0.0	0.0	3.268421052631579	7.550185873605948
24819	0.0	0.18834080717488788	1.6053811659192825	4.863076923076923	0.0	0.0	1.6797583081570997	0.9939024390243902	0.0	10.200647249190938	2.9571428571428573	1.0	0.0	0.0	8.247672253258845	8.359649122807017	0.0	2.3420560747663552	2.0881863560732112	17.42258064516129	0.0	0.0	8.734317343173432	17.99448529411765
24820	0.0	7.069832402234637	0.6761904761904762	11.041871921182265	0.0	0.0	5.048109965635739	3.8333333333333335	0.0	20.570934256055363	4.497619047619048	1.0857142857142856	0.0	0.0	7.502824858757062	16.95505617977528	0.0	10.417266187050359	1.5285714285714285	42.21470588235294	0.0	1.1285714285714286	10.91	25.273809523809526
24821	0.0	2.1135940409683425	0.0	4.407129455909944	0.24208566108007448	0.0	5.986301369863014	0.6424581005586593	0.0	6.91409691629956	7.528864059590316	0.0	0.16759776536312848	0.0	6.614609571788413	10.216400911161731	0.0	2.5392156862745097	1.2439678284182305	26.658898305084747	0.0	0.0	7.492407809110629	20.50965250965251
24822	0.0	0.11286089238845144	0.0	5.17	0.0	0.0	5.586206896551724	1.0153256704980842	0.0	10.881422924901186	5.637735849056604	1.6220472440944882	0.7217847769028871	0.0	6.574175824175824	8.554385964912282	0.42782152230971127	5.742857142857143	1.5459317585301837	17.528901734104046	0.0	0.0	7.997333333333334	19.532
24823	0.0	2.992094861660079	0.0	3.66412213740458	0.0	0.0	2.966666666666667	2.958823529411765	0.0	11.23826714801444	1.9006928406466512	2.2413793103448274	0.0	0.0	5.885057471264368	10.088974854932301	0.0	3.1670103092783504	1.5195530726256983	24.472972972972972	0.0	0.0	6.832412523020258	20.651991614255767
24824	0.0	3.2967213114754097	0.0	4.056338028169014	0.0	0.0	0.8575899843505478	3.9983525535420097	0.0	18.16896551724138	10.225806451612904	2.355242566510172	0.0	0.0	5.435272045028142	9.164781906300485	0.0	6.119850187265918	0.0	20.627232142857142	0.0	0.0	8.018808777429467	21.1985559566787
24825	0.0	2.2267839687194524	0.0	3.5070993914807302	0.0	0.0	1.0620067643742954	0.9035476718403548	0.0	10.443084455324357	5.383064516129032	0.0	0.0	0.0	5.541294642857143	8.742138364779874	0.0	5.073560767590618	3.995183044315992	16.874066168623266	0.0	0.0	2.961620469083156	16.50886339937435
24826	0.0	0.0	0.0	2.696078431372549	0.0	0.0	1.3775100401606426	0.0	0.0	4.55005500550055	2.731991525423729	0.0	0.0	0.19979919678714858	3.8133498145859086	8.090439276485789	0.0	2.6595238095238094	0.0	8.802017654476671	0.0	0.6014056224899599	1.8185840707964602	11.293981481481481
24827	0.0	3.2035928143712575	0.0	2.253968253968254	0.0	0.0	2.358064516129032	0.0	0.0	12.151162790697674	4.755102040816326	0.0	0.0	0.0	3.9471698113207547	19.822033898305083	0.0	5.077363896848137	1.843205574912892	6.709433962264151	0.0	0.0	6.982248520710059	29.653846153846153
24828	0.0	1.8319914117015565	0.0	1.6125848241826033	0.0	0.0	1.9545951859956237	1.2765273311897105	0.0	9.04931506849315	3.7791193181818183	0.0	0.0	0.0	3.2488509520682864	7.88338192419825	0.0	2.4953125	1.6025848142164782	15.060170045781556	0.0	0.0	3.387975042541123	15.658038147138965
24829	0.0	1.2750455373406193	0.0	4.061855670103093	0.0	0.0	3.1246458923512748	1.703096539162113	0.0	6.922935779816513	5.163934426229508	1.7777777777777777	0.0	0.0	3.7495145631067963	7.476744186046512	0.0	6.263285024154589	0.9599271402550091	14.568306010928962	0.0	0.0	3.797169811320755	12.098360655737705
24830	0.0	0.0	0.0	2.389578163771712	0.0	0.0	0.0	0.0	0.0	10.885314685314686	0.0	0.0	0.0	0.0	3.7881996974281393	3.5357575757575757	0.0	3.620065789473684	0.0	11.425030978934325	0.0	0.0	0.0	16.667796610169493
24831	0.0	3.083720930232558	0.0	2.176706827309237	0.0	0.0	0.0	1.9839357429718876	0.0	6.036144578313253	0.0	0.0	0.0	0.0	3.465863453815261	4.2254901960784315	0.0	0.9919678714859438	0.24096385542168675	14.021621621621621	0.0	0.0	6.271794871794872	11.78640776699029
24832	0.0	1.3284438775510203	0.0	2.797163120567376	0.0	0.0	2.3304347826086955	1.9935934769947583	0.0	8.199471598414796	2.6853088480801337	0.0	0.4568115942028986	0.0	5.792038027332145	10.935758513931889	0.0	5.0875	0.8967479674796748	19.32891061452514	0.0	0.0	3.7158719790986283	15.454074074074073
24833	0.0	0.0	0.0	1.2903225806451613	0.0	0.0	1.9696969696969697	0.0	0.0	4.416666666666667	0.0	2.772727272727273	0.0	0.0	0.0	5.565217391304348	0.0	2.365217391304348	0.0	7.204545454545454	0.0	0.0	0.0	8.840909090909092
24834	0.45098039215686275	1.3766233766233766	0.0	3.536332179930796	0.0	0.0	1.962882096069869	1.0973084886128364	0.0	14.017777777777777	3.4128205128205127	1.3411764705882352	0.0	0.0	7.857142857142857	17.153846153846153	0.0	5.055555555555555	1.6333333333333333	18.232432432432432	0.0	0.0	6.064777327935222	27.45098039215686
24835	0.0	1.6785714285714286	0.0	1.9240780911062907	0.0	0.0	3.939075630252101	4.938492063492063	0.0	13.838709677419354	8.13551401869159	1.75	0.0	0.0	4.207729468599034	9.914507772020725	0.0	5.789699570815451	0.8531746031746031	24.70028818443804	0.0	0.49404761904761907	7.630952380952381	20.568464730290458
24836	0.0	1.8368794326241136	0.0	3.342789598108747	0.0	0.0	2.1465721040189125	1.9456264775413712	0.0	4.161383285302594	3.03988603988604	0.0	0.0	0.0	2.927613941018767	6.347305389221557	0.0	3.7392739273927393	2.226950354609929	10.888607594936708	0.13711583924349882	0.0	1.9763313609467457	23.870646766169155
24837	0.0	2.3419540229885056	0.0	1.8505747126436782	0.0	0.0	2.9626436781609193	4.038690476190476	0.0	12.974137931034482	1.3045977011494252	0.6839080459770115	0.0	0.0	3.99290780141844	9.589830508474575	0.0	3.5833333333333335	0.0	17.3015873015873	0.0	0.0	4.468227424749164	25.401315789473685
24838	0.0	0.9896907216494846	0.0	0.0	0.0	0.0	0.0	0.0	0.0	0.0	7.963855421686747	0.0	0.0	0.0	1.025974025974026	0.0	0.0	0.5844155844155844	0.0	8.257142857142858	0.0	0.0	7.2368421052631575	2.8780487804878048
24839	0.0	1.9827044025157232	0.0	1.1666666666666667	0.0	0.0	0.9056603773584906	1.3726415094339623	0.0	12.988326848249027	4.974609375	2.4120781527531086	0.0	0.0	6.239543726235741	10.900414937759336	0.0	6.754530477759473	1.3569182389937107	28.058139534883722	0.0	0.8443396226415094	8.842105263157896	17.650943396226417
24840	0.0	1.283720930232558	0.5937984496124031	2.978294573643411	0.0	0.0	0.0	1.0806201550387597	0.0	7.134883720930232	1.1836065573770491	1.1116279069767443	0.0	0.0	2.0790697674418603	5.637426900584796	0.0	4.44031007751938	0.9364341085271318	10.855813953488372	0.0	0.0	1.8477064220183486	12.03584229390681
24841	0.0	0.0	0.0	0.0	0.0	0.0	0.0	0.0	0.0	0.9259259259259259	0.0	0.0	0.0	0.0	1.9012345679012346	2.432098765432099	0.0	1.4074074074074074	0.0	0.5061728395061729	0.0	0.0	1.7234042553191489	5.533333333333333
24842	0.0	0.0	0.0	0.0	0.0	0.0	0.0	1.0	0.0	0.0	0.0	0.0	0.0	0.0	0.0	2.2972972972972974	0.0	0.0	2.1578947368421053	5.280701754385965	0.0	0.0	3.7017543859649122	0.0
24843	0.0	1.8535564853556485	0.0	4.004573170731708	0.019525801952580194	0.0	0.8423988842398884	2.767085076708508	0.0	9.603361344537815	5.659476117103236	0.0	0.0	0.0	4.327639751552795	3.6245791245791246	0.0	1.1487101669195752	0.8758716875871687	12.428	0.0	0.9651324965132496	2.865996649916248	15.75268817204301
24844	0.0	2.1952861952861955	0.0	0.9039451114922813	0.0	0.0	0.0	1.754208754208754	0.0	9.443946188340806	5.136363636363637	1.904040404040404	0.0	0.0	6.269230769230769	10.247330960854093	0.0	2.223826714801444	0.3434343434343434	16.087786259541986	0.0	0.0	4.330494037478705	16.582846003898634
24845	0.0	1.5309973045822103	0.0	1.9244823386114494	0.0	0.0	2.2228212039532793	0.9712488769092543	0.0	10.73644251626898	4.051808406647116	0.8661275831087152	0.0	0.0	3.818926296633303	7.037667071688943	0.0	3.014018691588785	1.5534591194968554	15.535005224660397	0.0	0.0	3.9176470588235293	11.1419185282523
24846	0.0	0.0	0.0	0.0	0.0	0.0	2.3295880149812733	0.6891385767790262	0.0	4.876447876447877	8.299625468164795	1.7191011235955056	0.0	0.0	4.0	7.450892857142857	0.0	1.8426966292134832	2.059925093632959	21.35114503816794	0.0	0.0	3.7602996254681647	8.666666666666666
24847	0.0	1.4595469255663431	0.0	3.052362707535121	0.0	0.0	3.0609137055837565	1.224025974025974	0.0	7.2493438320209975	3.6030204962243797	0.0	0.0	0.0	2.3049267643142475	8.886274509803922	0.0	6.002645502645502	0.8942826321467098	17.499375780274658	0.0	0.0	5.242919389978214	14.649072753209701
24848	0.0	0.9254901960784314	0.0	3.832558139534884	0.0	0.0	0.39215686274509803	3.984313725490196	0.0	9.004065040650406	0.9098039215686274	0.0	0.0	0.0	1.0823529411764705	7.953125	0.0	2.8878048780487804	0.0	14.152709359605911	0.0	0.0	5.274774774774775	17.40983606557377
24849	0.0	0.9990817263544536	0.0	2.9311926605504586	0.0	0.0	1.6762948207171315	1.871002132196162	0.0	7.251748251748252	5.767836919592299	0.0	0.0	0.0	3.5032139577594124	8.148232611174459	0.0	2.6888433981576254	1.4669117647058822	10.820199778024417	0.0	0.0	4.618852459016393	11.592746113989637
24850	0.0	0.5885885885885885	0.0	1.3873873873873874	0.0	0.0	0.0	0.0	0.0	7.423529411764706	0.7982300884955752	0.0	0.0	0.0	2.3037300177619895	5.425531914893617	0.0	5.070017953321364	2.6375404530744335	17.516129032258064	0.0	0.0	1.6936936936936937	14.69108910891089
24851	0.0	0.0	0.0	7.00625	0.0	0.0	0.0	0.0	0.0	1.8908045977011494	4.0	0.0	0.0	0.0	6.134146341463414	14.60625	0.0	6.25	0.0	17.21311475409836	0.0	0.0	2.0961538461538463	17.57236842105263
24852	0.0	0.9839357429718876	0.0	1.2931726907630523	0.0	0.0	1.891304347826087	1.1512195121951219	0.0	9.98314606741573	0.3092369477911647	1.9116465863453815	0.0	0.0	4.7028112449799195	8.458333333333334	0.0	1.1452513966480447	1.2208835341365463	11.257309941520468	0.0	0.0	5.829896907216495	18.20731707317073
24853	0.0	1.9469964664310955	0.0	3.354385964912281	0.0	0.0	0.0	1.010204081632653	0.0	9.974074074074075	1.9929824561403509	0.0	0.0	0.0	3.8189655172413794	5.127358490566038	0.0	7.301754385964912	1.7157894736842105	12.718518518518518	0.0	0.0	0.0	14.957446808510639
24854	0.0	0.0	0.0	1.419298245614035	0.0	0.0	3.514925373134328	3.468421052631579	0.0	8.631067961165048	1.7869481765834934	1.8694736842105264	0.0	0.0	3.892405063291139	7.483370288248337	0.0	2.918181818181818	0.8403508771929824	9.482688391038696	0.0	0.0	2.9833333333333334	14.799603174603174
24855	0.0	0.4739583333333333	0.0	2.2317708333333335	0.0	0.0	1.7473958333333333	0.0	0.0	5.557324840764331	2.0775862068965516	0.0	0.0	0.0	3.3125	9.956140350877194	0.0	0.7470238095238095	4.817708333333333	13.67018469656992	0.0	0.0	3.65625	12.74736842105263
24856	0.0	0.8743169398907104	0.0	3.084848484848485	0.0	0.0	0.0	4.666666666666667	0.0	4.233333333333333	1.5136612021857923	0.6010928961748634	0.0	0.0	6.064	2.1748633879781423	0.0	5.497267759562842	2.2841530054644807	18.174698795180724	0.0	0.0	12.211267605633802	12.018292682926829
24857	0.0	0.0	0.0	2.8333333333333335	0.0	0.0	0.0	3.4379084967320264	0.0	10.92156862745098	2.7777777777777777	0.0	0.0	0.0	6.392156862745098	8.594771241830065	0.0	10.62015503875969	0.0	30.24503311258278	0.0	0.0	2.607843137254902	10.805555555555555
24858	0.0	1.9438058748403575	0.0	5.574264202600959	0.0	0.0	1.7746031746031745	1.0426504188880426	0.0	10.213229571984435	4.726277372262774	2.0014144271570014	0.0	0.0	3.8815987933634992	8.935185185185185	0.0	3.816289592760181	1.1581166549543218	20.94489346069067	0.0	0.0	3.586316626889419	18.59799713876967
24859	0.0	2.5868544600938965	1.323943661971831	1.3380281690140845	0.0	0.0	0.0	2.0375586854460095	0.0	10.183098591549296	2.2629107981220655	0.0	0.0	0.0	1.4647887323943662	10.995305164319248	0.0	4.578947368421052	1.807511737089202	15.026881720430108	0.0	0.0	2.3380281690140845	15.303030303030303
24860	0.0	1.1845238095238095	0.8452380952380952	3.3273809523809526	0.0	0.0	0.0	0.0	0.0	6.723577235772358	1.6373626373626373	0.0	0.0	1.6904761904761905	7.24113475177305	7.484472049689441	0.0	5.111553784860558	1.3482142857142858	8.982142857142858	0.0	0.0	1.7619047619047619	14.73943661971831
24861	0.0	1.692821368948247	0.9834983498349835	4.475442043222004	0.0	0.0	2.32013201320132	1.6716171617161717	0.0	12.061181434599156	6.075213675213675	2.9981549815498156	0.0	0.0	5.605217391304348	13.444656488549619	0.0	3.9023136246786634	1.6148531951640759	18.693617021276594	0.0	0.0	5.273603082851638	22.343949044585987
24862	0.0	0.9873646209386282	0.0	1.1725175526579739	0.24300559552358114	0.0	1.9272727272727272	2.353107344632768	0.0	7.839799749687109	2.995663486556808	0.6650679456434853	0.0	0.0	2.151862464183381	5.614709110867179	0.0	4.33710174717369	0.29096722621902477	15.24283305227656	0.0	0.0	2.908763505402161	11.84413309982487
24863	0.0	1.186307519640853	0.0	0.9601449275362319	0.3894500561167228	0.0	2.787798408488064	1.205128205128205	0.0	3.214095744680851	2.398406374501992	1.3277216610549945	0.0	0.0	4.538720538720539	3.872611464968153	0.0	3.9269662921348316	0.0	8.093975903614458	0.0	0.0	2.186651583710407	12.858345021037868
24864	0.0	1.6923076923076923	0.0	6.26	0.0	0.0	2.3333333333333335	1.75	0.0	5.4296875	9.489795918367347	0.0	0.0	0.0	1.8846153846153846	11.300751879699249	0.0	2.621794871794872	0.0	13.887218045112782	0.0	0.0	5.532051282051282	12.481132075471699
24865	0.0	2.798185941043084	0.0	0.8806682577565632	0.0	0.0	1.0169971671388103	0.045351473922902494	0.0	8.16504854368932	0.7322033898305085	0.15873015873015872	0.0	0.0	0.0	4.029478458049887	0.0	0.41496598639455784	1.9931972789115646	9.741144414168938	0.0	0.0	2.4398976982097187	7.891156462585034
24866	0.0	1.6540880503144655	0.0	3.2588832487309647	0.0	0.0	1.8207070707070707	1.5044563279857397	0.0	8.905545927209705	1.8322017458777886	1.2794229309035687	0.0	0.0	5.342512908777969	6.2229020979020975	0.0	6.4048	0.0	21.98582995951417	0.0	0.0	4.1730072463768115	16.55902777777778
24867	0.0	1.597883597883598	0.4576719576719577	2.5454545454545454	0.0	0.0	3.2242990654205608	2.7333333333333334	0.0	11.770514603616133	1.4281391830559758	0.0	0.0	0.29894179894179895	1.8953662182361735	10.582278481012658	0.0	4.132275132275132	1.7760778859527122	21.085714285714285	0.0	0.0	4.189312977099236	17.81863560732113
24868	0.11400651465798045	1.5863192182410424	0.8121606948968513	2.176470588235294	0.0	0.0	3.868217054263566	0.0	0.0	8.941638608305276	3.9747899159663866	0.0	0.0	0.14115092290988057	5.936912751677852	7.863912515188336	0.0	4.738304093567251	0.5320304017372421	20.818075117370892	0.0	0.0	3.7633209417596034	20.09311224489796
24869	0.0	1.3929539295392954	0.0	0.0	0.0	0.0	2.172222222222222	3.1333333333333333	0.0	2.5267489711934155	1.5638629283489096	0.0	0.0	0.0	2.850948509485095	9.08130081300813	0.0	2.8507462686567164	0.0	14.864161849710984	0.0	0.8130081300813008	3.292682926829268	10.791327913279133
24870	0.0	1.2133333333333334	0.0	3.058666666666667	0.0	0.0	5.853107344632768	0.8133333333333334	0.0	14.195402298850574	3.056149732620321	1.408	0.0	0.0	11.594982078853047	11.749333333333333	0.0	4.081911262798635	0.0	24.698591549295774	0.0	0.8	4.240793201133145	20.26706231454006
24871	0.0	3.2155172413793105	0.0	3.281786941580756	0.0	0.0	1.9597701149425288	0.46534653465346537	0.0	4.649425287356322	3.68299711815562	3.6436781609195403	1.5804597701149425	0.6551724137931034	6.1877022653721685	7.922413793103448	0.0	4.798722044728435	0.0	19.818505338078293	0.0	0.0	2.4384057971014492	16.49019607843137
24872	0.0	0.8562340966921119	0.0	2.3256880733944953	0.0	0.0	1.6666666666666667	1.4256259204712813	0.0	12.43854324734446	1.7675507020280812	0.17436974789915966	0.2697201017811705	0.0	6.998473282442748	16.310344827586206	0.0	4.08141592920354	2.3063063063063063	23.084722222222222	0.0	0.0	5.887640449438202	22.05425219941349
24873	0.0	0.7230392156862745	0.0	4.817337461300309	0.0	0.0	3.0089285714285716	3.730392156862745	0.0	13.463235294117647	5.281725888324873	3.4555873925501435	0.0	0.0	8.394648829431437	10.386740331491712	0.0	10.183206106870228	4.546568627450981	21.780548628428928	0.0	0.0	5.068627450980392	16.315960912052116
24874	0.0	1.89778534923339	0.0	3.9109697933227343	0.0	0.0	1.4638364779874213	1.5652985074626866	0.0	8.07120253164557	1.759170653907496	0.4386792452830189	0.0	0.0	3.3946540880503147	10.767295597484276	0.0	4.203980099502488	2.8101472995090018	16.855750487329434	0.0	0.0	3.688073394495413	15.163333333333334
24875	0.0	0.0	0.0	1.7131147540983607	0.0	0.0	3.79874213836478	1.7777777777777777	0.0	11.138138138138139	1.9276485788113695	1.8087855297157622	0.0	0.0	2.899182561307902	10.288079470198676	0.0	5.9630872483221475	1.4728682170542635	19.617857142857144	0.0	0.0	6.30945558739255	18.10385756676558
24876	0.0	1.9313725490196079	0.0	2.9019607843137254	0.0	0.0	1.7843137254901962	2.3627450980392157	0.0	8.42	4.47	5.104166666666667	0.0	0.0	6.75	9.87012987012987	0.0	12.128834355828221	0.5637254901960784	20.273743016759777	0.0	0.0	6.671568627450981	19.041666666666668
24877	0.0	1.4550724637681158	1.7507246376811594	7.190476190476191	0.0	0.0	5.900900900900901	3.76953125	0.0	14.663768115942029	7.913043478260869	0.0	0.0	0.0	4.611801242236025	11.48559670781893	0.0	4.483636363636363	1.5768115942028986	21.671641791044777	0.0	0.0	1.8247863247863247	14.22
24878	0.0	1.6716666666666666	0.0	0.765	0.0	0.0	3.1666666666666665	2.0683333333333334	0.0	5.12956204379562	3.238532110091743	1.8733333333333333	0.0	0.0	7.005464480874317	5.83265306122449	0.0	3.710144927536232	0.9683333333333334	18.235294117647058	0.8766666666666667	0.0	4.627345844504021	23.190045248868778
24879	0.0	2.0793650793650795	0.0	1.6299694189602447	0.0	0.13756613756613756	1.5886524822695036	2.5396825396825395	0.0	5.6873315363881405	3.790769230769231	0.0	0.0	0.0	7.970588235294118	6.38403041825095	0.0	5.842323651452282	0.15079365079365079	26.616402116402117	0.0	0.0	7.834834834834835	16.839506172839506
24880	0.0	3.3534743202416917	0.6123778501628665	3.721862871927555	0.0	0.0	1.6251851851851853	1.3068181818181819	0.0	11.377808988764045	5.690504103165299	2.869888475836431	0.0	0.5754614549402823	6.579976985040276	13.060803474484256	0.0	6.8669950738916254	2.137115839243499	21.68206820682068	0.0	0.0	7.532621589561091	24.62881562881563
24881	0.0	5.142857142857143	0.0	5.920634920634921	0.0	0.0	2.6867469879518073	1.6402116402116402	0.0	10.825	5.920634920634921	2.5767195767195767	0.0	0.0	7.084656084656085	20.408163265306122	0.0	5.281609195402299	1.14	25.94814814814815	0.0	0.0	9.796791443850267	23.115384615384617
24882	0.0	3.259259259259259	0.0	1.7314814814814814	0.0	0.0	3.838951310861423	2.080246913580247	0.0	6.987903225806452	7.247619047619048	1.3438735177865613	0.0	0.0	6.682242990654205	13.225	0.0	15.093137254901961	1.8333333333333333	23.153153153153152	0.0	0.0	5.052631578947368	22.386861313868614
24883	0.0	2.067024128686327	0.7525252525252525	3.3350923482849604	0.0	0.0	4.222570532915361	1.3080808080808082	0.0	19.92896174863388	4.133779264214047	2.212121212121212	0.0	0.0	4.319648093841642	15.599476439790577	0.0	9.69974554707379	1.1598746081504703	29.798657718120804	0.0	1.02020202020202	6.98989898989899	38.36868686868687
24884	0.0	1.2646592709984152	0.0	4.8205546492659055	0.0	0.0	2.935064935064935	0.8338983050847457	0.0	16.339250493096646	5.097560975609756	0.0	1.2147838214783822	0.0	9.0	10.956661316211878	0.0	7.873082287308229	1.5699708454810495	29.038128249566725	0.3542538354253835	0.0	6.886981402002861	31.539553752535497
24885	0.0	0.8467807660961695	0.0	2.755879059350504	0.0	0.0	3.878312070657507	3.069682151589242	0.0	13.49953488372093	4.593898951382269	0.0	0.0	0.5069274653626732	7.270646766169154	16.07679033649698	0.0	6.9200695047784535	1.13026444662096	33.40427426536064	0.0	0.0	6.549321266968326	22.909324208725405
24886	0.0	1.7746979388770434	0.7509578544061303	4.180798878766644	0.0	0.0	1.9107648725212465	1.7417261518494485	0.0	11.729299363057326	4.936660268714012	2.0644955300127714	0.0	0.0	9.073062730627306	11.354882154882155	0.0	7.77061170212766	3.0268199233716473	36.536018590240126	0.0	0.3544061302681992	10.029589778076664	29.64002642007926
24887	0.0	2.235897435897436	0.0	1.027190332326284	0.0	0.0	6.371517027863777	3.660326086956522	0.0	9.266832917705736	8.464285714285714	0.6346153846153846	0.7679012345679013	0.0	10.50326797385621	8.119741100323624	0.0	6.046913580246914	1.9331103678929766	11.546268656716418	0.0	0.0	5.6	16.4520202020202
24888	0.0	3.4301075268817205	0.0	6.451612903225806	0.0	0.0	0.0	2.956989247311828	0.0	16.408602150537636	2.827956989247312	2.6881720430107525	0.0	0.0	6.376344086021505	12.720430107526882	0.0	1.1714285714285715	0.0	13.112676056338028	0.0	0.0	8.774193548387096	21.0
24889	0.0	0.0	0.0	0.6203389830508474	0.0	0.0	2.9796437659033077	0.0	0.0	3.588888888888889	3.8706624605678233	3.316076294277929	0.0	0.0	2.95221843003413	6.857707509881423	0.0	3.316614420062696	1.4608150470219436	11.261648745519713	0.0	0.8829516539440203	3.119891008174387	14.32
24890	0.0	0.3789954337899543	1.1689497716894977	2.2739726027397262	0.0	0.0	4.308724832214765	2.1141552511415527	0.0	7.853881278538813	3.2261904761904763	0.7488584474885844	0.0	0.0	1.9360730593607305	9.06046511627907	0.0	2.7077625570776256	2.0638297872340425	13.885416666666666	0.0	0.0	3.410958904109589	11.767123287671232
24891	0.0	1.7232704402515724	0.0	2.358490566037736	0.0	0.0	6.97196261682243	1.3533333333333333	0.0	2.6540880503144653	3.453333333333333	0.0	0.0	0.0	0.0	12.588709677419354	0.0	4.680851063829787	3.206896551724138	17.93877551020408	0.0	0.0	2.0	13.373737373737374
24892	1.0	6.288888888888889	0.0	3.3466666666666667	0.0	0.0	3.9444444444444446	0.25	0.0	15.209876543209877	2.3555555555555556	0.0	0.0	0.0	6.323943661971831	2.5444444444444443	0.0	2.977777777777778	0.9888888888888889	13.48314606741573	1.7444444444444445	0.9777777777777777	5.7	29.106060606060606
24893	0.0	2.110294117647059	0.0	4.549019607843137	0.0	0.0	4.870098039215686	3.6053333333333333	0.0	3.9688715953307394	5.283854166666667	2.5269607843137254	0.22058823529411764	0.0	6.616959064327485	9.053072625698324	0.0	10.773993808049536	3.0588235294117645	27.083582089552237	0.0	0.0	5.852941176470588	18.351791530944624
24894	0.0	0.0	0.0	4.474489795918367	0.0	0.0	1.1561181434599157	6.646464646464646	0.0	7.0095238095238095	4.0168776371308015	1.8438818565400843	0.0	0.0	5.761421319796955	5.908108108108108	0.0	4.7974683544303796	3.766949152542373	23.557077625570777	0.0	0.0	2.5443037974683542	29.988505747126435
24895	0.0	1.543117744610282	0.0	3.3101160862354893	0.0	0.0	2.063029162746943	0.0	0.0	9.070409134157945	4.2144144144144144	1.1405723905723906	0.0	0.0	3.973584905660377	8.626402070750647	0.0	3.7078552515445717	1.801498127340824	15.985044865403788	0.27943615257048093	0.0	3.78912213740458	17.372315035799524
24896	0.0	1.6598513011152416	0.8214285714285714	2.7193877551020407	0.0	0.0	2.363013698630137	2.1122448979591835	0.0	5.076655052264808	1.0782312925170068	0.967687074829932	0.0	0.0	2.900442477876106	10.75	0.0	5.6351606805293	0.9047619047619048	15.152777777777779	0.0	0.0	3.7176870748299318	14.012345679012345
24897	0.0	1.8208	0.0	4.178438661710037	0.0	0.0	0.0	0.9813084112149533	0.0	10.71853856562923	2.8782849239280774	0.0	0.0	0.0	2.094435075885329	4.754716981132075	0.0	3.5186567164179103	2.1256038647342996	19.738235294117647	0.0	0.0	2.917117117117117	19.6396255850234
24898	0.0	0.0	0.0	1.7930648769574944	0.0	0.0	1.8383534136546185	3.010920436817473	0.0	7.39976275207592	4.581691772885284	0.0	0.0	0.0	2.5169398907103826	5.902610441767068	0.0	2.480651731160896	1.830564784053156	17.192350956130483	0.0	0.0	2.8156028368794326	16.231106243154436
24899	0.0	1.788863109048724	0.0	3.8896882494004794	0.0	0.8253012048192772	3.268191268191268	1.395582329317269	0.0	7.990888382687927	0.7228915662650602	0.0	0.0	0.0	1.8614457831325302	8.635057471264368	0.0	2.748995983935743	1.1646586345381527	20.7090395480226	0.0	0.0	6.066265060240964	17.885714285714286
24900	0.0	2.4482758620689653	0.728744939271255	3.5282758620689654	0.0	0.0	0.20917678812415655	1.3349917081260365	0.0	7.300711743772242	1.1382978723404256	1.796221322537112	0.0	0.0	5.947750362844703	9.083333333333334	0.0	5.218373493975903	1.727395411605938	12.037337662337663	0.22941970310391363	0.0	3.083955223880597	10.850556438791733
24901	0.0	0.0	0.0	0.0	0.0	0.0	1.5458937198067633	4.835616438356165	0.0	3.9323671497584543	7.229166666666667	2.2801932367149758	0.0	0.0	3.4782608695652173	0.0	0.0	3.004830917874396	0.0	17.766467065868262	0.0	0.893719806763285	5.101449275362318	18.25625
24902	0.0	0.3111111111111111	0.0	3.1074074074074076	0.0	0.0	0.8851851851851852	0.0	0.0	2.7379679144385025	2.3407407407407406	0.0	0.0	0.0	2.600896860986547	6.7103825136612025	0.0	2.920152091254753	0.0	11.559241706161137	0.0	0.762962962962963	1.8407407407407408	5.2372093023255815
24903	0.0	0.0	3.990950226244344	2.1916010498687664	0.0	0.0	2.573943661971831	0.0	0.0	10.198275862068966	0.0	0.0	0.0	0.4225721784776903	1.5636363636363637	3.7866666666666666	0.0	2.409448818897638	1.328729281767956	9.936781609195402	0.0	0.7926509186351706	4.179419525065963	10.53103448275862
24904	0.0	2.007716049382716	0.24228395061728394	1.4753086419753085	0.0	0.0	0.9475308641975309	1.598814229249012	0.0	2.978165938864629	3.8830645161290325	0.0	0.0	0.0	1.2984293193717278	8.062972292191436	0.0	3.8858024691358026	2.4768518518518516	18.92706645056726	0.6635802469135802	0.0	2.7839506172839505	15.435779816513762
24905	0.0	1.4861111111111112	0.0	3.947122861586314	0.0	0.0	1.465224111282844	2.2065217391304346	0.0	7.006791171477079	4.688888888888889	2.4833333333333334	0.0	0.19722222222222222	6.8083067092651754	11.029462738301559	0.0	9.174789915966386	0.9013888888888889	30.329011345218802	0.0	0.3263888888888889	6.761827079934747	22.527216174183515
24906	0.0	1.5276190476190477	1.4514285714285715	1.7142857142857142	0.0	0.0	0.0	0.0	0.0	11.049180327868852	3.4651162790697674	1.3428571428571427	0.0	0.0	4.203809523809523	8.948275862068966	0.0	7.2928759894459105	0.0	14.349425287356322	0.0	0.0	1.6318537859007833	13.30817610062893
24907	0.0	0.6880952380952381	0.9097222222222222	4.262376237623762	0.0	0.0	1.6423611111111112	0.0	0.0	7.6560364464692485	2.154513888888889	0.0	0.0	0.0	2.57319587628866	9.306843267108167	0.0	1.9188679245283018	0.7986111111111112	15.911032028469752	0.0	0.5052083333333334	3.3290598290598292	16.539930555555557
24908	0.0	0.8230801866779804	0.2350791717417783	1.768659973810563	0.0	0.0	0.7719714964370546	0.6501024590163934	0.0	2.992004264392324	2.504442250740375	0.745879851143009	0.0	0.0	2.3128578865174387	7.0541820094687	0.0	2.9755664149266994	1.3359477124183006	12.064145524174245	0.0	0.008120178643930167	2.9416058394160585	12.168869309838472
24909	0.0	0.0	0.0	3.5284552845528454	0.0	0.0	2.063008130081301	4.555327868852459	0.0	4.864197530864198	1.0072115384615385	0.7341772151898734	0.18902439024390244	0.0	1.5	7.781176470588235	0.0	3.128735632183908	0.0	14.05868544600939	0.0	0.0	3.525301204819277	9.93142857142857
24910	0.0	0.0	0.0	3.3513513513513513	0.0	0.9338235294117647	1.463235294117647	0.0	0.0	6.926530612244898	5.874125874125874	1.017156862745098	0.0	0.0	10.504201680672269	6.4950495049504955	0.0	3.7421602787456445	0.2647058823529412	19.868035190615835	0.0	0.5661764705882353	2.974747474747475	25.805194805194805
24911	0.3333333333333333	1.7985347985347986	0.0	4.332023575638507	0.2857142857142857	0.0	1.6454720616570329	3.2857142857142856	0.0	13.899441340782124	5.823091247672253	1.7564102564102564	0.3516483516483517	0.0	7.0406852248394	9.780373831775702	0.0	3.097069597069597	1.0732600732600732	18.86761229314421	0.0	1.031135531135531	2.9865125240847785	25.68801652892562
24912	0.0	1.8117443868739205	0.0	3.5914893617021275	0.0	2.374774774774775	2.0946236559139786	2.096638655462185	0.0	10.831439393939394	3.5120593692022264	0.0	0.0	0.0	6.11611374407583	7.44468085106383	0.0	4.883771929824562	2.1018998272884284	23.377079482439925	0.0	0.0	5.089445438282648	14.465116279069768
24913	0.0	1.976520811099253	0.0	2.8638676844783717	0.0	0.0	1.873015873015873	2.920676202860858	0.0	9.448537378114843	4.688212927756654	1.0869017632241813	0.0	0.0	5.8565459610027855	10.298561151079136	0.0	8.991206030150753	2.5397170837867247	15.673056443024494	0.0	0.0	5.724734042553192	15.713483146067416
24914	0.0	0.8768115942028986	1.539855072463768	3.3949275362318843	0.0	0.0	3.5693069306930694	0.6666666666666666	0.0	3.9454545454545453	7.579365079365079	0.0	0.0	0.0	1.8814229249011858	6.3688212927756656	0.0	0.8490566037735849	1.7413793103448276	11.020325203252032	0.0	0.0	1.7318840579710144	18.98578199052133
24915	0.0	0.0	0.052742616033755275	2.2095808383233533	0.29324894514767935	0.0	3.007383966244726	4.155097613882863	0.0	9.949029126213592	3.565891472868217	2.957805907172996	0.0	0.0	4.121212121212121	7.28719723183391	0.0	2.9460317460317462	1.0672782874617737	13.142150803461064	0.0	0.0	5.978807947019868	15.429495472186288
24916	0.0	0.6756487025948104	0.0	3.4961580680570803	0.0	0.0	1.183632734530938	0.9341317365269461	0.0	6.225548902195609	2.5116883116883115	0.0	0.0	0.0	5.0993150684931505	6.802911534154536	0.0	1.2383863080684596	1.1535982814178303	14.703910614525139	0.0	0.0	2.687116564417178	12.365058670143416
24917	0.0	0.0	0.0	3.0193236714975846	0.0	0.0	2.0869565217391304	2.3333333333333335	0.0	5.995169082125604	3.8115942028985508	0.0	0.0	0.0	7.25531914893617	7.405882352941177	0.0	2.5893719806763285	1.5942028985507246	13.043478260869565	0.0	0.0	4.922535211267606	9.394904458598726
24918	0.0	2.511904761904762	0.0	5.646825396825397	0.0	0.0	2.0833333333333335	0.9880952380952381	0.0	0.8419452887537994	4.5773809523809526	1.4671201814058956	0.0	0.0	4.206896551724138	8.619444444444444	0.0	5.432926829268292	1.7896825396825398	28.165829145728644	0.0	0.0	5.070652173913044	21.6218487394958
24919	0.0	0.0	1.1236559139784945	0.0	0.0	0.0	2.932515337423313	0.0	0.0	4.8352272727272725	0.0	0.0	0.0	0.0	0.0	0.0	0.0	0.0	0.0	8.279569892473118	0.0	0.0	0.0	7.258064516129032
24920	0.0	0.9621212121212122	0.13903743315508021	4.636363636363637	0.0	0.0	2.4955436720142603	1.242299794661191	0.0	6.980609418282548	5.392935982339956	2.3508771929824563	0.0	0.008912655971479501	3.7611408199643495	11.294776119402986	0.0	6.223057644110276	1.5878524945770065	24.876344086021504	0.0	1.4636871508379887	2.1066945606694563	8.577680525164114
24921	0.0	0.0	0.0	7.132530120481928	0.0	0.0	0.0	1.07909604519774	0.0	6.216	0.3096446700507614	0.0	0.0	0.0	2.9260450160771705	11.107344632768362	0.0	5.02	1.225609756097561	16.885416666666668	0.03389830508474576	0.0	3.4718100890207717	14.091836734693878
24922	0.0	0.0	1.0410958904109588	0.952054794520548	0.0	0.0	1.148936170212766	1.8630136986301369	0.0	6.6925675675675675	5.278606965174129	0.0	0.0	0.0	5.662100456621005	8.957178841309824	0.0	2.6870967741935483	2.0616438356164384	10.774111675126903	0.0	0.0	5.853881278538813	10.764302059496568
24923	0.0	0.9292035398230089	0.0	4.126623376623376	0.0	0.0	5.070796460176991	1.392330383480826	0.0	8.833333333333334	4.8040816326530615	0.0	0.0	0.0	3.8271604938271606	7.599397590361446	0.0	5.144295302013423	6.283185840707965	7.895652173913043	0.0	0.0	2.0589970501474926	11.21476510067114
24924	0.0	0.0	0.0	1.16	0.0	0.0	2.6481481481481484	0.0	0.0	4.6118421052631575	0.6311111111111111	0.0	0.0	0.0	2.6133333333333333	0.0	0.0	0.0	0.0	10.624242424242425	0.0	0.0	0.0	2.9955555555555557
24925	0.0	1.9534883720930232	0.0	5.079941860465116	0.0	0.0	1.9113924050632911	1.0885885885885886	0.0	7.133074935400517	1.8460490463215258	1.0820995962314939	0.012919896640826873	0.0	7.056865464632455	10.331597222222221	0.0	3.9137426900584797	1.1046511627906976	20.289473684210527	0.0	0.0	6.557496360989811	20.39067055393586
24926	0.0	1.752411575562701	0.0	3.3529411764705883	1.6697819314641744	0.8255451713395638	4.8304347826086955	0.0	0.0	4.648550724637682	8.018691588785046	0.0	0.0	0.0	3.548494983277592	8.951020408163265	0.0	5.56386292834891	0.0	13.534693877551021	0.0	0.0	9.00711743772242	13.709150326797385
24927	0.0	0.0	0.0	3.3155555555555556	0.4533333333333333	0.0	1.606936416184971	1.7644444444444445	0.0	7.969325153374233	5.91875	0.0	0.0	1.2044444444444444	6.955555555555556	12.021978021978022	0.0	6.93717277486911	2.3955555555555557	21.32367149758454	0.0	0.0	6.104938271604938	26.12857142857143
24928	0.0	2.6219512195121952	0.0	5.731981981981982	0.0	0.0	5.103658536585366	1.6476683937823835	0.0	17.70076726342711	4.458885941644563	1.6690140845070423	0.0	0.0	10.056016597510373	8.917840375586854	0.0	5.211382113821138	4.595528455284553	24.852130325814535	0.4065040650406504	0.0	6.727642276422764	17.574358974358976
24929	0.0	0.717948717948718	0.0	6.2556390977443606	0.0	0.0	3.816993464052288	0.0	0.0	11.88953488372093	6.6068376068376065	0.0	0.0	0.0	10.864197530864198	12.492063492063492	0.0	1.4743589743589745	4.298013245033113	12.815668202764977	0.0	0.0	3.3675213675213675	14.835680751173708
24930	0.0	2.753623188405797	0.0	0.0	0.0	0.0	0.16666666666666666	4.3478260869565215	0.0	6.051470588235294	7.1923076923076925	1.9492753623188406	0.0	1.8333333333333333	9.386138613861386	8.884057971014492	0.0	5.6521739130434785	1.3840579710144927	16.093333333333334	0.0	0.0	1.62	19.911290322580644
24931	0.0	0.8918918918918919	1.6904761904761905	2.2738095238095237	0.0	0.0	2.2698412698412698	4.626984126984127	0.0	5.649193548387097	5.795	0.0	0.0	0.0	8.178571428571429	7.527093596059113	0.0	1.9682539682539681	1.4880952380952381	21.930875576036865	0.0	0.0	3.388888888888889	20.61904761904762
24932	0.0	0.8593903638151426	0.0	3.584070796460177	0.0	0.0	2.646516393442623	1.2713864306784661	0.0	6.843338213762811	3.782188841201717	1.59882005899705	0.0	0.0	3.68459152016546	6.75028901734104	0.0	2.5346733668341708	1.5644051130776795	13.873891625615764	0.0	0.0	4.00103734439834	13.108161258603737
24933	0.0	2.7722513089005236	0.0	9.406666666666666	0.0	0.0	7.726618705035971	1.1218390804597702	0.0	13.794285714285714	5.487356321839081	0.9311163895486936	0.0	0.41379310344827586	5.634615384615385	11.384892086330936	0.0	7.83756345177665	0.5241379310344828	26.815436241610737	0.0	0.0	7.418390804597701	13.015424164524422
24934	0.0	1.3125	3.0416666666666665	6.786458333333333	0.0	0.0	3.0059171597633134	1.4427083333333333	0.0	5.851063829787234	4.276041666666667	0.0	0.0	0.0	2.423841059602649	5.447916666666667	0.0	2.5729166666666665	0.06770833333333333	13.833333333333334	0.0	0.5052083333333334	2.7291666666666665	12.951807228915662
24935	0.0	0.0	0.0	2.8632478632478633	0.0	0.0	2.8441247002398082	2.6091127098321345	0.0	8.124700239808153	1.7330827067669172	2.6906474820143886	0.0	0.9130434782608695	13.468030690537084	11.622222222222222	0.0	11.860795454545455	0.0	24.3208722741433	0.0	0.0	3.117505995203837	17.75800711743772
24936	0.0	3.5152542372881355	2.0957095709570956	4.805054151624549	1.0033003300330032	0.0	3.6588628762541804	2.201320132013201	0.0	4.974910394265233	5.90625	1.7326732673267327	0.0	0.0	5.496688741721854	7.069306930693069	0.0	2.5115511551155114	0.8131487889273357	28.105504587155963	0.0	0.0	2.327433628318584	22.454901960784312
24937	0.0	0.3663003663003663	0.0	0.9084249084249084	0.0	0.0	1.5916030534351144	2.249084249084249	0.0	7.476190476190476	1.5494505494505495	3.6338582677165356	0.0	0.0	5.490842490842491	5.873949579831932	0.0	2.7838827838827838	0.8351648351648352	14.785407725321889	0.0	0.0	1.7382198952879582	18.207373271889402
24938	0.0	0.6342592592592593	0.0	3.112820512820513	0.0	0.0	1.5671296296296295	1.3078703703703705	0.0	5.298342541436464	1.9791666666666667	1.3425925925925926	0.6898148148148148	0.0	1.8020565552699228	9.041062801932368	0.0	0.9027777777777778	0.48717948717948717	8.131944444444445	0.0	0.0	5.400485436893204	16.187935034802784
24939	0.6361974405850092	1.5252525252525253	1.8690095846645367	6.041733547351525	0.0	1.6349206349206349	2.3565640194489466	1.4616564417177915	0.0	8.118326118326118	3.3507340946166395	0.0	0.9405772495755518	2.0392156862745097	0.0	5.639784946236559	0.0	6.835637480798771	2.376130198915009	9.279034690799397	2.39460370994941	1.798019801980198	2.88	14.591078066914498
24940	0.3058823529411765	0.0	2.1333333333333333	2.220779220779221	1.9333333333333333	0.6392156862745098	1.4352941176470588	2.596078431372549	0.0	10.108108108108109	3.9329896907216493	5.624413145539906	0.0	0.9254901960784314	6.266666666666667	16.498039215686273	0.0	7.678048780487805	3.3372549019607844	13.868	0.0	5.83743842364532	1.6305732484076434	19.452830188679247
24941	1.02803738317757	3.1806853582554515	1.7040498442367602	2.5233644859813085	0.6947040498442367	1.1370716510903427	0.6542056074766355	0.0	1.64797507788162	6.053941908713693	1.2442748091603053	2.5981308411214954	3.1794871794871793	2.9746192893401013	0.7430830039525692	14.67457627118644	0.0	1.5924170616113744	4.062305295950155	22.60816326530612	0.0	2.5171339563862927	4.193146417445483	18.131147540983605
24942	0.0	1.0136612021857923	0.0	3.287425149700599	0.0	0.0	0.0	1.1557377049180328	0.0	3.7215686274509805	4.109289617486339	1.0792349726775956	0.0	0.0	3.3257328990228014	7.827272727272727	0.0	5.002732240437158	3.5382513661202184	13.814024390243903	0.0	0.0	4.8579881656804735	11.551912568306012
24943	0.0	0.0	0.0	1.8580246913580247	0.0	0.0	3.3703703703703702	0.0	0.0	1.8518518518518519	0.0	0.0	0.0	0.0	5.077669902912621	2.3655913978494625	0.0	4.585987261146497	0.06790123456790123	8.007936507936508	0.0	0.0	1.8888888888888888	10.685185185185185
24944	0.3388888888888889	0.6388888888888888	2.4555555555555557	2.188888888888889	0.0	0.0	2.3536585365853657	1.3	0.0	5.75	4.888888888888889	1.6944444444444444	0.0	0.0	2.422222222222222	4.091463414634147	0.0	3.2	0.0	16.283236994219653	0.0	0.0	2.027972027972028	17.177914110429448
24945	0.0	0.0	1.2736318407960199	2.31592039800995	0.0	0.0	1.6750629722921915	2.1315068493150684	0.0	2.8387909319899243	3.6144278606965172	0.7238805970149254	0.0	0.0	0.2835820895522388	4.803030303030303	0.0	5.244648318042813	0.0	14.61012658227848	0.20149253731343283	0.0	6.033444816053512	9.290220820189274
24946	0.0	0.0	0.0	2.3454545454545452	0.0	0.0	0.8848484848484849	0.0	0.0	6.636986301369863	1.6424242424242423	0.0	0.0	0.0	0.0	7.518867924528302	0.0	7.4261603375527425	0.6121212121212121	17.19254658385093	0.0	0.0	2.006060606060606	9.202643171806168
24947	0.0	1.6035405516673529	0.0	1.848629839060461	0.0	0.0	1.8386462022825658	0.0	0.0	7.795679567956796	1.7817955112219452	0.7601426660722247	0.0	0.0	4.8500432152117545	6.573722627737227	0.0	4.291970802919708	0.8055159296243461	12.557007125890737	0.0	0.0	3.00129785853342	14.02620876638048
24948	0.0	0.0	0.23577235772357724	5.219512195121951	0.0	0.0	2.3780487804878048	0.0	0.0	8.576036866359447	2.5853658536585367	5.798969072164948	0.0	0.0	8.272357723577235	6.955	0.0	5.098039215686274	0.5217391304347826	12.323008849557523	0.0	0.0	3.040650406504065	16.205128205128204
24949	0.0	3.5772357723577235	0.0	1.6422764227642277	0.0	0.0	0.0	0.6991869918699187	0.0	3.8125	5.105691056910569	0.0	0.0	0.0	6.611111111111111	5.544715447154472	0.0	0.07317073170731707	1.2845528455284554	12.024390243902438	0.0	0.0	4.902439024390244	8.008130081300813
24950	0.0	0.0	0.0	4.439024390243903	0.0	0.0	0.0	1.2564102564102564	0.0	6.164948453608248	2.948717948717949	0.0	0.0	0.0	0.0	11.533333333333333	0.0	2.830769230769231	0.7487179487179487	0.0	0.0	0.0	4.8820512820512825	10.331325301204819
24951	0.0	1.8098384728340675	0.0	3.6681614349775784	0.0	0.0	2.852014010507881	2.3458702064896757	0.0	10.27570093457944	3.376284584980237	2.5169117647058825	0.0	0.0	3.7485714285714287	8.738929889298893	0.0	2.957649092480553	0.8155774395702775	20.29092382495948	0.0	0.0	5.62107051826678	17.13296903460838
24952	0.0	0.0	0.0	0.0	0.0	0.0	2.5157232704402515	0.5462555066079295	0.0	9.615384615384615	3.6045627376425857	0.0	1.5471698113207548	0.0	5.475806451612903	13.182758620689656	0.0	2.855855855855856	1.179245283018868	20.819935691318328	0.0	0.0	4.2924528301886795	12.95221843003413
24953	0.0	1.2011784511784511	0.0	1.9310661764705883	0.0	0.0	3.281986531986532	1.8253676470588236	0.0	7.063429137760159	3.0331632653061225	0.7368421052631579	0.0	0.0	4.633663366336633	6.0335820895522385	0.0	3.265029635901778	2.1624579124579126	8.971030042918455	0.0	0.0	5.711133400200602	8.995353159851302
24954	0.0	0.0	0.0	2.9484066767830046	0.0	0.0	0.9351145038167938	0.974025974025974	0.0	12.149532710280374	4.61491935483871	0.0	0.0	0.0	9.240641711229946	7.504573170731708	0.0	4.9491094147582695	1.178117048346056	29.78157894736842	0.0	0.0	2.5258764607679467	19.184593023255815
24955	0.0	0.0	0.0	2.103030303030303	0.0	0.0	1.284848484848485	0.8545454545454545	0.0	12.756756756756756	4.9818181818181815	0.703030303030303	0.0	0.0	6.454545454545454	6.337931034482758	0.0	12.19811320754717	2.5939393939393938	14.835714285714285	0.0	0.0	7.472222222222222	15.025806451612903
24956	0.0	0.0	0.0	1.9815436241610738	0.0	0.0	0.0	2.5647249190938513	0.0	8.83960720130933	0.7378640776699029	0.7475728155339806	0.0	0.0	6.525519848771267	11.324267782426778	0.0	2.3276190476190477	1.9530744336569579	15.173489278752436	0.0	0.0	6.223214285714286	21.502
24957	0.0	0.0	1.1313131313131313	3.2	0.0	0.0	0.1414141414141414	2.888888888888889	0.0	2.5	2.9444444444444446	0.7373737373737373	0.0	0.0	6.038167938931298	8.818181818181818	0.0	2.2626262626262625	0.0	11.880829015544041	0.0	0.0	0.0	5.53030303030303
24958	0.0	0.0	0.0	1.650574712643678	0.0	0.0	1.0198019801980198	0.0	0.0	7.167848699763593	0.0	0.0	0.0	0.0	3.0284900284900287	4.883905013192612	0.0	1.3543859649122807	0.0	7.3543859649122805	0.0	0.0	1.7696969696969698	5.994594594594594
24959	0.0	0.7680140597539543	0.0	0.9885931558935361	0.0	0.0	1.496831432192649	1.1514285714285715	0.0	8.266866566716642	3.281303602058319	0.0	0.0	0.0	3.7838983050847457	7.89875173370319	0.0	6.9301972685887705	2.041551246537396	15.57918552036199	0.0	0.0	2.619799139167862	12.83435582822086
24960	0.0	0.776431718061674	0.0	1.496888888888889	0.0	0.0	1.0609480812641083	2.1225596529284165	0.0	8.351425942962281	2.7695238095238097	1.463111111111111	0.0	0.0	2.8174019607843137	8.678398058252426	0.0	2.9319664492078283	0.8908748824082785	14.140316205533598	0.0	0.0	1.8497777777777777	13.965601965601966
24961	0.0	0.0	0.0	3.0317460317460316	0.0	0.0	1.3109619686800895	2.83668903803132	0.0	8.344927536231884	1.4451901565995526	0.0	0.0	0.0	3.9661016949152543	5.961968680089486	0.0	3.145124716553288	0.9284116331096197	9.220140515222482	0.0	0.0	2.8635346756152127	9.129930394431554
24962	0.0	0.9505703422053232	0.0	3.545325779036827	0.0	0.0	2.6905615292712066	0.0	0.0	4.7729468599033815	3.132701421800948	0.0	0.0	0.0	4.132513661202186	8.776429809358753	0.0	4.987277353689567	1.7058047493403694	22.255539143279172	0.0	0.0	3.7569141193595343	10.678370786516854
24963	0.0	0.09692671394799054	0.0	3.5046153846153847	0.0	0.0	5.210023866348449	0.26713947990543735	0.0	9.061093247588424	3.9388753056234718	1.4444444444444444	0.0	0.0	4.107843137254902	11.552132701421801	0.0	6.904761904761905	4.003484320557491	20.47300771208226	0.0	0.0	1.789855072463768	19.393333333333334
24964	0.0	0.0	0.0	1.6023778071334214	0.0	0.0	1.0129564193168434	1.6933333333333334	0.0	12.414141414141413	3.60577915376677	2.3712820512820514	0.0	0.0	5.723716381418093	10.8	0.0	4.60171568627451	1.861904761904762	13.507228915662651	0.0	0.0	3.5937859608745684	23.84931506849315
24965	0.0	2.6891361256544504	0.0	3.1180212014134274	0.0	0.0	1.670182841068917	0.8585858585858586	0.0	7.736803519061583	2.100234925606891	0.0	0.0	0.0	2.7016534867002155	8.398813936249073	0.0	3.127756160830091	1.1240506329113924	16.14182534471438	0.0	0.0	3.144867549668874	19.111332007952285
24966	0.0	1.4896755162241888	0.0	4.752212389380531	0.0	0.0	0.0	3.8761061946902653	0.0	10.736686390532544	5.8517241379310345	0.8113207547169812	0.0	0.0	1.7413793103448276	3.4909090909090907	0.0	8.266871165644172	2.75811209439528	15.855305466237942	0.0	0.0	3.75811209439528	21.28
24967	0.0	0.5555555555555556	0.0	3.108910891089109	0.0	0.3786008230452675	0.0	2.6322314049586777	0.0	11.200836820083682	2.8683127572016462	1.876543209876543	0.0	0.0	7.067796610169491	12.427884615384615	0.0	5.917695473251029	1.5637860082304527	15.07361963190184	0.0	0.0	7.211111111111111	21.70952380952381
24968	0.0	1.0459770114942528	0.0	2.7553072625698323	0.0	0.0	0.0	1.3638392857142858	0.0	14.490867579908675	5.831367924528302	1.8070907194994785	0.0	0.0	6.940667490729296	8.704964539007092	0.0	3.116527942925089	0.4616977225672878	16.643835616438356	0.0	0.0	3.482608695652174	18.0
24969	0.0	1.42010582010582	0.0	2.7484035759897827	0.0	0.0	3.91006711409396	1.9324034334763949	0.0	9.170990566037736	2.6901217861975644	1.017989417989418	0.0	0.0	3.234782608695652	9.802043422733078	0.0	2.6860795454545454	1.1723666210670314	17.414383561643834	0.0	0.0	3.9293820933165193	20.9
24970	0.0	0.0	0.25806451612903225	3.0044150110375276	0.0	0.0	1.392724573125464	1.3937699680511182	0.0	8.110751818916734	4.657575757575757	0.0	0.0	0.0	3.411061285500747	8.641472868217054	0.0	6.8974804517810595	1.2538649308380798	22.272648083623693	0.0	0.007885304659498209	4.312591508052709	12.059431524547804
24971	0.0	0.0	0.0	1.9859154929577465	0.0	0.0	1.2065727699530517	0.0	0.0	9.38150289017341	4.930635838150289	0.0	0.0	0.0	4.31219512195122	5.804878048780488	0.0	10.16931216931217	2.723004694835681	12.185185185185185	0.0	0.0	2.4225352112676055	7.877934272300469
24972	0.0	0.14507772020725387	0.0	1.7	0.7212121212121212	0.0	2.8636363636363638	1.5250836120401339	0.0	1.922077922077922	0.8186274509803921	0.0	0.0	0.0	1.5909090909090908	11.676724137931034	0.0	0.0	0.0	14.628458498023715	0.0	0.8848484848484849	0.0	12.7987012987013
24973	0.0	0.9433805162364696	0.0	4.6009002250562645	0.0	0.0	3.834504293520687	2.630182421227197	0.0	13.366724738675957	5.4354545454545455	1.4690529455630126	0.0	0.0	8.057318321392016	13.816733067729084	0.0	6.945684523809524	1.7639653815892997	31.85777126099707	0.0	0.0	6.5659287776708375	34.775830258302584
24974	0.0	2.275757575757576	0.0	3.933579335793358	0.0	0.0	4.672727272727273	1.9212121212121211	0.0	11.8125	3.896969696969697	0.0	0.0	0.0	5.9573770491803275	9.845454545454546	0.0	4.412121212121212	4.136170212765958	19.88546255506608	0.0	0.0	6.048951048951049	16.012158054711247
24975	0.0	0.0	0.0	0.0	0.0	0.0	0.0	0.0	0.0	7.206422018348624	1.868421052631579	0.0	0.0	0.0	0.6140350877192983	1.0580357142857142	0.0	1.719298245614035	0.0	4.302631578947368	0.0	0.0	1.2719298245614035	0.43859649122807015
24976	0.0	2.32967032967033	0.0	1.1572052401746724	0.0	0.0	2.1135531135531136	0.0	0.0	10.908602150537634	2.9853479853479854	5.2967032967032965	0.0	0.0	5.096774193548387	5.0042918454935625	0.0	2.490842490842491	2.1465201465201464	22.48739495798319	1.315018315018315	0.0	6.963541666666667	25.121495327102803
24977	0.0	1.1105485232067511	0.5533184190902312	4.3130366900858705	0.1401938851603281	0.0	0.8247576435495898	1.3968120805369129	0.0	7.680168776371308	3.825625473843821	1.2460850111856823	0.2595078299776286	0.0	5.1533203125	10.343018563357546	0.0	7.15082482325216	2.118828451882845	17.80597014925373	0.08351976137211037	0.0	3.991783073130649	15.654735272184936
24978	0.0	0.0	0.0	3.2875226039783003	0.0	0.0	2.6706349206349205	0.8152958152958153	0.0	9.482300884955752	4.492350486787204	1.5047169811320755	0.0	0.0	7.2506811989100814	8.805466237942122	0.0	3.9948453608247423	1.2301587301587302	24.633204633204635	0.0	0.0	1.8554621848739496	12.480555555555556
24979	0.0	1.928927680798005	0.0	2.768009768009768	0.0	0.0	3.142480211081794	1.681198910081744	0.0	10.88402625820569	5.812854442344046	2.9269588313413015	0.0	0.0	6.289738430583501	9.877733598409543	0.0	5.100418410041841	2.765957446808511	21.58440366972477	0.0	0.0	8.2188919164396	21.239039665970772
24980	0.0	0.02185792349726776	0.25136612021857924	3.2185792349726774	0.0	0.0	4.622950819672131	0.0	0.0	16.92156862745098	5.017751479289941	0.0	0.0	0.0	4.833333333333333	14.289617486338798	0.0	11.05813953488372	0.0	18.16891891891892	0.0	0.0	8.426229508196721	18.50420168067227
24981	0.0	0.9464285714285714	0.0	1.6879581151832461	0.0	0.0	0.9019823788546255	0.0	0.0	12.434727503168569	1.6068660022148393	0.0	0.0	0.0	1.859449192782526	7.0332383665717	0.0	3.0424242424242425	0.9360236220472441	9.889135254988913	0.0	0.0	2.9076433121019107	10.662528216704288
24982	0.0	0.9603960396039604	0.0	2.444043321299639	0.0	0.0	0.9869565217391304	2.1056105610561056	0.0	7.787985865724382	3.2805280528052805	0.0	0.0	0.8473282442748091	4.62046204620462	5.408560311284047	0.0	3.5643564356435644	0.0	14.135313531353136	0.0	0.0	6.242798353909465	12.224
24983	0.0	1.8864218616567037	0.5008333333333334	3.8561001042752867	0.0	0.0	1.695939565627951	1.2991666666666666	0.0	9.010232558139535	5.7887082976903335	0.0	0.0	0.0	5.200584225900681	8.895477386934674	0.0	4.677137870855148	1.2217821782178218	17.003452243958574	0.0	0.0	3.8171140939597317	14.956131605184448
24984	0.0	1.873015873015873	0.4603174603174603	4.339285714285714	0.0	0.0	6.0663507109004735	1.7976190476190477	0.0	5.880184331797235	2.8430493273542603	1.1011904761904763	0.0	0.0	1.970649895178197	5.981723237597911	0.0	9.223463687150838	5.677524429967427	9.646464646464647	0.0	0.0	4.309139784946237	16.612472160356347
24985	0.0	1.9135802469135803	0.9782608695652174	5.996376811594203	0.0	0.0	4.196261682242991	0.6847826086956522	0.0	11.47463768115942	2.2736842105263158	0.0	0.0	0.0	9.412955465587045	11.402173913043478	0.0	12.753623188405797	1.45	20.18099547511312	0.0	0.0	7.149321266968326	17.075396825396826
24986	0.0	2.6280193236714977	0.8266666666666667	3.789156626506024	0.0	0.0	5.228426395939087	4.413333333333333	0.0	14.702564102564102	10.462222222222222	6.017441860465116	0.0	0.0	15.116751269035532	19.711111111111112	0.0	11.266666666666667	2.008888888888889	26.60487804878049	0.0	1.1422222222222222	7.195804195804196	30.926829268292682
24987	0.0	1.961290322580645	0.9193302891933028	2.7870036101083033	0.0	0.0	2.5776	0.0	0.0	9.182948490230906	7.534965034965035	0.6612903225806451	0.0	0.0	3.0593607305936072	11.538461538461538	0.0	3.63953488372093	0.9193302891933028	26.064935064935064	0.0	0.0	6.680926916221034	21.83582089552239
24988	0.0	2.272727272727273	0.0	2.840909090909091	0.0	0.0	4.643939393939394	1.0	0.0	13.68695652173913	3.0606060606060606	1.4242424242424243	0.0	0.0	0.8484848484848485	7.722222222222222	0.0	4.212121212121212	0.0	24.931818181818183	0.0	0.0	4.856060606060606	17.46212121212121
24989	0.0	0.8326180257510729	0.0	3.5207100591715976	0.0	0.0	1.5342763873775844	0.9901960784313726	0.0	6.153587443946188	1.5683453237410072	0.0	0.0	0.0	4.809472551130248	4.75121359223301	0.0	1.6021765417170495	0.9375	12.684337349397591	0.0	1.0976331360946745	1.5691987513007284	12.226495726495726
24990	0.0	0.7901234567901234	0.0	3.1073825503355703	0.4567901234567901	0.0	0.0	0.0	0.0	4.574074074074074	2.1790123456790123	0.0	0.0	0.0	6.5673076923076925	6.271604938271605	0.0	5.333333333333333	2.0617283950617282	13.272727272727273	0.0	0.6296296296296297	6.875776397515528	22.012345679012345
24991	0.0	1.736842105263158	0.0	1.8216374269005848	0.5087719298245614	0.0	1.304093567251462	0.6871345029239766	0.0	2.8801169590643276	3.3568627450980393	0.34210526315789475	0.0	0.0	3.0760233918128654	5.094488188976378	0.0	5.752212389380531	0.0	12.683890577507599	0.0	0.0	3.125730994152047	8.2
24992	0.0	0.0	0.0	0.0	0.0	1.1030927835051547	0.0	0.5757575757575758	0.0	6.961267605633803	2.604810996563574	0.9725085910652921	0.0	0.9725085910652921	3.388316151202749	4.5236363636363635	0.0	4.453608247422681	0.0	14.995283018867925	0.0	0.0	4.40893470790378	11.738532110091743
24993	0.0	2.035971223021583	0.0	2.2158273381294964	0.0	0.0	0.5971223021582733	1.244215938303342	0.0	6.330935251798561	4.170263788968825	0.0	0.0	0.0	0.756578947368421	5.569148936170213	0.0	4.785507246376811	1.0191846522781776	9.07457627118644	0.0	0.0	1.6642685851318946	12.864661654135338
24994	0.0	0.0	0.0	3.842315369261477	0.0	0.0	0.4311377245508982	2.2642276422764227	0.0	8.923884514435695	6.749326145552561	0.0	0.0	0.0	7.067114093959732	5.525842696629214	0.0	4.7213622291021675	1.391919191919192	19.996610169491525	0.0	0.0	6.72651356993737	13.051679586563308
24995	0.0	0.8705114254624592	0.0	3.479961832061069	0.0	0.0	0.0	1.9692307692307693	0.0	11.061430010070493	4.347270615563298	1.2256410256410257	0.0	0.0	4.002976190476191	7.261673151750973	0.0	4.76252319109462	0.9484029484029484	12.170849420849422	0.0	0.8264957264957264	4.089193825042882	12.353658536585366
24996	0.0	3.143776824034335	0.0	3.2470588235294118	0.0	0.0	2.9785522788203753	1.740041928721174	0.0	10.699316628701595	5.444987775061125	0.0	0.0	0.0	4.850980392156862	12.90677966101695	0.0	5.970338983050848	1.3705882352941177	13.112266112266113	0.0	0.0	4.637254901960785	9.46173469387755
24997	0.0	0.683291770573566	0.0	2.0281543274244003	0.0	0.0	1.6407960199004976	2.7850574712643676	0.0	5.2013820335636725	2.9213583556747094	0.0	0.0	0.09808811305070657	2.3855072463768114	7.514546965918537	0.0	7.445945945945946	1.0746395250212044	14.595969289827256	0.0	0.0	3.8178001679261127	14.71147880041365
24998	0.0	1.4660869565217391	0.0	1.724191063174114	0.0	0.0	4.454142011834319	0.0	0.0	11.700342465753424	5.156976744186046	0.49129852744310576	0.0	0.0	7.096774193548387	14.878125	0.0	5.633474576271187	1.963375796178344	31.945132743362834	0.0	0.0	10.979966611018364	23.72690763052209
24999	0.13111111111111112	2.76	0.0	5.6466666666666665	0.0	0.1	1.6092896174863387	2.84	0.0	10.598784194528875	5.515406162464986	3.7511111111111113	0.0	0.6153846153846154	6.90990990990991	16.92063492063492	0.0	8.814317673378076	2.5244444444444443	29.99749373433584	0.0	0.0	5.7875	25.653333333333332
25000	0.0	1.4754098360655739	0.0	5.184931506849315	0.0	0.0	4.788235294117647	0.5612903225806452	0.0	5.377049180327869	3.943820224719101	9.477707006369426	0.0	0.0	5.475409836065574	14.693989071038251	0.0	6.745856353591161	1.5683060109289617	19.223684210526315	0.0	0.0	7.534883720930233	29.861313868613138
25001	0.0	5.060402684563758	0.994750656167979	4.981627296587926	0.0	0.0	9.346704871060172	1.9546666666666668	0.0	8.395136778115502	2.7664041994750654	0.968503937007874	0.0	0.0	13.094488188976378	13.288753799392097	0.0	9.931758530183727	0.0	35.442953020134226	0.0	0.0	9.653125	28.61049723756906
25002	0.0	2.028673835125448	0.0	4.087786259541985	0.0	0.0	0.0	1.885304659498208	0.0	7.463320463320463	3.209205020920502	0.0	0.0	0.0	3.7132616487455197	11.396825396825397	0.0	5.3652173913043475	1.9056603773584906	13.431718061674008	0.0	0.0	7.888888888888889	13.974468085106382
25003	0.0	0.0	0.0	1.4550264550264551	0.0	0.0	5.436046511627907	2.6613756613756614	0.0	7.657754010695188	7.901515151515151	1.4745762711864407	0.0	0.0	0.0	7.281914893617022	0.0	0.0	1.597883597883598	21.766871165644172	0.0	0.0	1.9891891891891893	13.93006993006993
25004	0.0	0.9911504424778761	0.0	4.6608557844690965	0.0	0.0	3.548159749412686	2.686588921282799	0.0	10.04014272970562	3.249620637329287	0.0	0.0	0.0	7.1923076923076925	11.764957264957266	0.0	5.121869782971619	1.5689404934687954	24.428969359331475	0.0	0.4707977207977208	4.93704092339979	17.66485507246377
25005	0.0	2.4820143884892087	0.7242206235011991	6.927492447129909	0.3980815347721823	0.0	2.6481012658227847	3.860294117647059	0.0	17.626344086021504	5.996923076923077	3.6498800959232613	0.0	0.0	7.491749174917492	6.138461538461539	0.0	5.9113924050632916	1.8992805755395683	27.80225988700565	0.0	0.0	6.584951456310679	16.303333333333335
25006	0.0	6.285185185185185	0.0	9.346774193548388	0.0	0.0	3.4296296296296296	4.932075471698113	0.0	15.857142857142858	2.9296296296296296	0.0	0.0	0.0	6.059259259259259	8.352380952380953	0.0	8.208333333333334	2.8531746031746033	28.446280991735538	0.0	0.0	10.68780487804878	19.50943396226415
25007	0.0	1.7810945273631842	0.0	4.994301994301995	0.0	0.0	1.7765567765567765	1.2159090909090908	0.0	6.183752417794971	5.101200686106346	2.009950248756219	0.0	0.0	3.909307875894988	10.05989110707804	0.0	3.31203007518797	5.635135135135135	7.289308176100629	0.0	0.0	4.483430799220273	9.344221105527637
25008	0.0	2.950561797752809	0.0	4.16548463356974	0.0	0.0	3.7489451476793247	0.0	0.0	9.949339207048459	2.580135440180587	0.9390581717451524	0.0	0.0	3.5478260869565217	7.362573099415204	0.0	3.6806451612903226	0.6624472573839663	20.100877192982455	0.0	0.0	1.8881856540084387	15.288590604026846
25009	0.0	2.4754601226993866	0.0	3.1709401709401708	0.0	0.0	3.4294871794871793	4.296296296296297	0.0	15.956228956228957	5.399305555555555	1.1225071225071226	0.0	0.7378917378917379	2.353896103896104	6.496951219512195	0.0	4.682539682539683	0.0	23.84319526627219	1.0484330484330484	0.0	3.903914590747331	12.084745762711865
25010	0.0	0.0	0.0	3.520345252774353	0.0	0.0	2.6322489391796324	3.163478260869565	0.0	7.559485530546624	3.857142857142857	1.1784037558685445	0.0	1.045774647887324	2.995145631067961	6.9118942731277535	0.0	6.725465838509317	1.9259259259259258	13.427566807313642	0.0	0.0	4.159493670886076	15.730722154222766
25011	0.0	1.6666666666666667	0.0	1.5	0.0	0.0	0.0	1.206896551724138	0.0	4.9451476793248945	1.839080459770115	0.0	0.0	0.0	5.616033755274262	6.011111111111111	0.0	3.692528735632184	1.7873563218390804	15.907284768211921	0.0	0.0	1.7959770114942528	18.285714285714285
25012	0.0	0.0	0.0	0.987391646966115	0.0	0.0	1.636761487964989	2.182615047479912	0.0	7.42	2.9658986175115207	0.9116059379217274	0.0	0.0	3.787792760823279	8.075539568345324	0.0	3.819368131868132	2.0241718889883615	18.151585460170146	0.0	0.4149797570850202	4.188524590163935	14.25226586102719
25013	0.0	0.7318224740321058	0.0	3.9789590254706533	0.0	0.0	2.174134419551935	1.1049019607843138	0.0	6.406285072951739	1.7150127226463103	1.0292728989612843	0.0	0.0	2.021276595744681	9.8008008008008	0.0	5.9327217125382266	1.731041456016178	21.335707019328584	0.010387157695939566	0.0	2.873015873015873	15.335092348284961
25014	0.0	0.0	0.0	2.6440677966101696	0.0	0.0	1.970414201183432	1.0495327102803738	0.0	6.188571428571429	1.7906103286384976	1.4251781472684086	0.0	0.0	6.1340405014464805	7.52882703777336	0.0	4.275291828793774	1.1162579473206176	19.432692307692307	0.0	0.0	1.6350877192982456	15.595679012345679
25015	0.0	1.8948412698412698	0.0	3.8273809523809526	0.0	0.0	2.136904761904762	1.8293650793650793	0.0	9.765822784810126	2.7806788511749345	0.0	0.0	0.4781746031746032	3.2857142857142856	17.36046511627907	0.0	4.233183856502242	2.9907975460122698	22.86994219653179	0.0	0.0	2.415349887133183	12.57869249394673
25016	0.0	0.0	0.0	2.9366391184573004	0.0	0.0	2.686335403726708	2.0365997638724913	0.0	9.881861575178998	3.372549019607843	1.3768115942028984	0.0	0.0	3.2108938547486034	8.72248243559719	0.0	5.8805790108564535	3.344238975817923	20.233453670276774	0.0	0.2795031055900621	3.515267175572519	18.850119904076738
25017	0.0	1.6910935738444195	0.0	3.8333333333333335	0.0	0.25272331154684097	1.8104575163398693	1.7788671023965141	0.0	11.013129102844639	2.1694058154235147	0.0	0.0	0.0	4.158139534883721	5.627062706270627	0.0	5.695473251028806	1.711111111111111	17.1981845688351	0.0	0.0	1.7351524879614768	17.93621867881549
25018	0.0	0.0	0.0	2.891647855530474	0.0	0.0	1.5015290519877675	0.6790606653620352	0.0	10.288073394495413	2.7151898734177213	1.599388379204893	0.0	0.0	3.74798927613941	7.436573311367381	0.0	1.8493870402802102	3.28110599078341	12.142857142857142	0.0	0.0	3.7338129496402876	13.825370675453048
25019	0.0	1.4205607476635513	0.0	2.2679127725856696	0.0	0.0	1.3925233644859814	0.9968847352024922	0.0	7.160278745644599	2.838006230529595	0.38006230529595014	0.0	0.0	2.7538940809968846	10.616788321167883	0.0	6.508250825082508	1.3489096573208723	15.171339563862928	1.841121495327103	0.0	5.095744680851064	16.459546925566343
25020	0.0	0.7550607287449392	0.9011213047910296	2.075621890547264	0.0	0.0	1.1029962546816479	1.5698924731182795	0.0	8.872685185185185	3.0571161048689137	0.7621722846441947	0.0	0.0	2.773755656108597	6.025484199796127	0.0	5.586142322097379	1.0290262172284643	11.325855962219599	0.0	0.0	2.23027027027027	16.314754098360655
25021	0.0	1.4623655913978495	0.0	0.0	0.0	0.0	3.086021505376344	0.0	0.0	6.032258064516129	0.0	0.0	0.0	0.0	4.946236559139785	10.84375	0.0	2.3870967741935485	1.924731182795699	6.26984126984127	0.0	0.0	0.0	18.72093023255814
25022	0.0	0.7367896311066799	0.0	1.7366336633663366	0.0	0.0	3.5335120643431637	2.5842490842490844	0.0	6.3190298507462686	2.4016028495102404	0.3867016622922135	0.0	0.0	4.744516129032258	5.968527918781726	0.0	2.563230605738576	1.1836158192090396	12.511926605504588	0.0	0.44969378827646544	7.071337579617834	11.126859142607174
25023	0.0	0.0	0.0	1.3117505995203838	0.0	0.0	0.0	1.788968824940048	0.0	8.009592326139089	0.6666666666666666	1.685851318944844	0.0	0.0	5.635922330097087	10.250746268656716	0.0	3.997601918465228	0.0	12.041131105398458	0.0	0.0	6.856617647058823	12.286486486486487
25024	0.0	3.783333333333333	0.0	0.825	0.0	0.0	6.794392523364486	0.85	0.0	7.8	1.5	2.051282051282051	0.0	0.0	1.9	7.151785714285714	0.0	5.247863247863248	2.0	8.628205128205128	0.0	0.0	4.131868131868132	7.64
25025	0.0	0.4818181818181818	0.0	3.803030303030303	0.0	0.0	0.6051660516605166	0.0	0.0	2.8806451612903228	2.772727272727273	1.9561128526645768	0.0	0.0	1.5185185185185186	5.0783582089552235	0.0	4.709090909090909	1.084848484848485	11.987878787878788	0.9212121212121213	0.0	3.33030303030303	9.454545454545455
25026	0.0	1.3528368794326242	0.0	1.2270992366412214	0.0	0.0	2.2169059011164274	1.8676236044657097	0.0	2.911764705882353	3.2459016393442623	0.0	0.0	0.0	3.9617224880382773	4.90566037735849	0.0	6.809677419354839	2.5268199233716473	12.17557251908397	0.0	0.0	3.9934426229508198	12.06616257088847
25027	0.0	0.9357798165137615	0.0	3.720183486238532	0.0	0.0	2.2091836734693877	1.1023102310231023	0.0	11.20103986135182	5.281318681318681	0.0	0.0	0.0	2.026415094339623	5.680061823802164	0.0	4.201228878648234	1.481651376146789	19.248995983935743	0.0	0.7262996941896025	5.042345276872964	20.119642857142857
25028	0.0	1.8323746918652424	0.0	2.9136094674556214	0.0	0.0	1.2824232081911262	0.7552301255230126	0.0	8.370883882149046	4.016181229773463	0.9676910953506698	0.0	0.0	5.181192660550459	10.972277227722772	0.0	4.745322245322245	0.9653270291568163	19.457023060796647	0.0	0.0	4.794893617021277	13.819734345351044
25029	0.0	1.6801007556675063	0.632420091324201	2.1884057971014492	0.0	0.0	0.0	1.3812785388127853	0.0	6.980722891566265	3.910652920962199	0.6894977168949772	0.0	0.0	1.8731707317073172	8.682151589242054	0.0	4.573059360730594	2.089041095890411	21.680387409200968	0.0	0.0	7.269230769230769	13.622699386503067
25030	0.0	0.0	0.0	0.0	0.0	0.0	1.7121212121212122	1.0	0.0	6.7727272727272725	1.7625	0.0	1.6515151515151516	0.0	0.0	5.97979797979798	0.0	0.0	1.856060606060606	11.445454545454545	0.0	0.0	0.0	8.026785714285714
25031	0.0	1.181	0.0	0.8860182370820668	0.0	0.0	1.8162267839687194	1.86787072243346	0.0	12.619183285849953	4.4281115879828326	0.6649746192893401	0.5602240896358543	0.0	1.8939974457215836	6.740499457111835	0.0	4.673224043715847	1.8464419475655431	17.176196032672113	0.0	0.0	3.8859556494192184	19.738197424892704
25032	0.0	1.2463054187192117	0.0	0.6376146788990825	0.0	0.0	0.80623973727422	0.0	0.0	2.8177777777777777	1.0104166666666667	0.0	0.0	1.8142361111111112	0.0	6.144554455445545	0.0	0.5484581497797357	0.8349282296650717	14.914691943127963	0.0	0.0	0.9075785582255084	5.675724637681159
25033	0.0	2.042016806722689	0.0	4.9381818181818184	0.0	0.0	0.0	0.0	0.0	12.251592356687897	4.114391143911439	0.0	0.0	0.0	5.994579945799458	12.955414012738853	0.0	7.736413043478261	4.509554140127388	19.144329896907216	0.0	0.0	3.6366782006920415	14.957894736842105
25034	0.0	2.2857142857142856	0.32967032967032966	4.203773584905661	0.0	0.0	3.0146520146520146	0.0	0.0	3.5384615384615383	1.5091575091575091	4.923076923076923	1.021978021978022	0.0	3.99601593625498	7.102564102564102	0.0	5.734439834024896	0.5677655677655677	10.275229357798166	0.0	0.01098901098901099	1.5025125628140703	8.168604651162791
25035	0.0	1.030701754385965	0.0	0.0	0.0	0.0	0.0	0.0	0.0	9.143589743589743	2.8201754385964914	1.0	0.0	0.0	5.853503184713376	3.088372093023256	0.0	0.4298245614035088	1.8465909090909092	13.956140350877194	0.0	0.0	5.282208588957055	19.9
25036	0.0	1.0446735395189004	0.0	3.451476793248945	0.0	0.0	0.0	0.0	0.0	12.186335403726709	2.2989690721649483	1.6219931271477663	0.0	0.0	2.9072164948453607	7.338028169014085	0.0	3.874439461883408	0.9690721649484536	7.913533834586466	0.0	0.0	3.0859106529209623	16.038327526132406
25037	0.0	0.7514910536779325	0.25620567375886527	3.909090909090909	0.0	0.0	1.8764591439688716	1.5607385811467445	0.0	8.042267050912583	3.08704253214639	1.4314285714285715	0.0	0.0	3.036468330134357	8.157635467980295	0.0	2.7375886524822697	0.9323383084577115	14.533759124087592	0.0	0.0	3.7476979742173113	10.140712945590995
25038	0.0	1.8566037735849057	0.22767295597484277	3.786008230452675	0.0	0.0	1.9801136363636365	0.0	0.0	12.769100169779287	4.867924528301887	1.1182389937106918	0.0	0.0	6.153627311522048	7.561333333333334	0.0	4.900763358778626	0.0	18.084415584415584	0.0	0.0	4.8366412213740455	19.138522427440634
25039	0.0	0.0	0.0	1.621301775147929	0.398422090729783	0.0	1.0581162324649298	2.5660749506903353	0.3096646942800789	5.137931034482759	1.8333333333333333	0.0	0.0	0.0	1.8094218415417558	6.916030534351145	0.0	3.4043392504930967	0.0039447731755424065	4.390449438202247	0.0	0.0	3.6478260869565218	12.440758293838863
25040	0.0	0.0	0.0	0.0	0.0	0.0	0.0	3.2753623188405796	0.0	7.550724637681159	2.5144927536231885	0.0	0.0	0.0	6.453781512605042	11.340579710144928	0.0	1.2735849056603774	0.0	15.398550724637682	0.0	0.0	4.2898550724637685	15.642857142857142
25041	0.0	1.83841059602649	0.0	2.251207729468599	0.0	0.0	0.7549668874172185	1.6830808080808082	0.0	8.973145780051151	3.8114525139664805	2.2729468599033815	0.0	0.0	5.42577030812325	8.293532338308458	0.0	7.067292644757433	0.0	8.231234866828087	0.0	0.0	5.733333333333333	12.342666666666666
25042	0.0	0.7380952380952381	0.0	2.241206030150754	0.0	0.0	0.0	0.0	0.0	5.595854922279793	2.8795180722891565	0.0	0.0	0.0	1.9268292682926829	3.980952380952381	0.0	4.414285714285715	5.161490683229814	2.9709302325581395	0.0	0.0	5.4523809523809526	10.246305418719212
25043	0.0	1.6950732356857523	0.0	1.4469135802469135	0.0	0.0	0.0	1.0497866287339972	0.0	5.6711309523809526	4.7076502732240435	1.6950617283950618	0.0	0.0	4.362337662337662	9.995356037151703	0.0	2.250955414012739	0.2506172839506173	10.471264367816092	0.0	0.0	2.7049418604651163	11.797650130548304
25044	0.0	0.0	0.0	3.3856209150326797	0.0	0.7581699346405228	0.0	1.0681818181818181	0.0	8.651006711409396	0.6804123711340206	1.9452054794520548	0.0	0.0	4.660130718954249	6.777777777777778	0.0	1.6744186046511629	0.0	7.6761904761904765	0.0	0.0	5.074829931972789	12.453846153846154
25045	0.0	1.4192592592592592	0.0	1.7458143074581431	0.0	0.0	1.337037037037037	0.8416955017301038	0.0	5.089334548769371	3.031073446327684	0.9735973597359736	0.0	0.007407407407407408	2.901918976545842	6.221476510067114	0.0	2.416289592760181	0.0	15.039252336448598	0.0	0.0	3.1929321872015284	15.174830444611906
25046	0.0	0.9519464720194647	0.0	2.1370320855614975	0.0	0.0012165450121654502	1.3320537428023032	1.8102981029810299	0.0	6.691420331651045	3.605834885164494	1.8495297805642634	0.0	0.0	6.308260577568838	5.036565977742448	0.0	1.8729121278140886	0.9418604651162791	11.032953105196452	0.0	0.0	3.683125	15.95875
25047	0.0	4.156028368794326	0.0	0.5177304964539007	0.0	0.0	1.3191489361702127	1.950354609929078	0.0	2.702127659574468	0.9	0.0	0.0	1.0070921985815602	4.141843971631205	18.78102189781022	0.0	2.524822695035461	3.0425531914893615	6.529411764705882	0.0	0.0	1.624113475177305	9.573643410852712
25048	0.0	1.7540983606557377	0.0	0.0	0.0	0.0	1.1530054644808743	0.7868852459016393	0.0	1.795275590551181	4.453551912568306	0.0	0.0	0.0	5.3224043715847	9.478787878787879	0.0	0.0	0.7431693989071039	14.380681818181818	0.0	0.0	7.919117647058823	15.134615384615385
25049	0.0	0.8847352024922118	0.0	4.03765690376569	0.0	0.0	1.8030842230130486	1.5599582898852973	0.0	9.265993265993266	2.2223463687150837	0.0	0.0	0.0	4.8367003367003365	6.923076923076923	0.0	1.7725856697819315	0.0	16.10576923076923	0.0	0.0	5.375132837407014	10.235609103078982
25050	0.0	2.122241086587436	0.9949494949494949	5.352720450281426	0.0	0.0	3.6633466135458166	1.9801324503311257	0.0	10.75609756097561	4.185897435897436	4.37037037037037	0.0	0.0	9.52621359223301	13.438240270727581	0.0	8.298850574712644	1.1229946524064172	30.883018867924527	0.0	0.0	9.321663019693654	28.577358490566038
25051	0.0	5.194915254237288	3.0942028985507246	15.584158415841584	0.0	0.0	8.855072463768115	0.0	0.0	22.347826086956523	8.0	2.0	4.391304347826087	0.0	22.423728813559322	23.168316831683168	2.210144927536232	21.407692307692308	9.064516129032258	39.375	0.0	0.0	18.089887640449437	40.58015267175573
25052	0.4652777777777778	5.1	4.861111111111111	13.374045801526718	3.027027027027027	0.3333333333333333	11.541666666666666	0.3333333333333333	0.0	19.609375	15.149122807017545	6.138888888888889	1.3515625	3.6944444444444446	14.018181818181818	15.669811320754716	3.6879432624113475	16.008928571428573	9.09433962264151	31.27777777777778	0.0	2.6805555555555554	19.88617886178862	53.86805555555556
25053	0.0	3.1372549019607843	2.0588235294117645	6.39622641509434	0.8431372549019608	0.0	0.0	2.034313725490196	1.0294117647058822	12.552447552447552	6.490196078431373	3.867403314917127	4.446078431372549	1.6372549019607843	11.857843137254902	14.953125	0.0	11.352941176470589	0.0196078431372549	27.135802469135804	2.4705882352941178	0.0	6.642384105960265	25.233128834355828
25054	0.0	2.994350282485876	1.615819209039548	1.0677966101694916	0.0	0.0	0.4180790960451977	4.5473684210526315	0.0	6.741496598639456	2.8895705521472395	0.5254237288135594	0.07909604519774012	1.768361581920904	3.457627118644068	2.689265536723164	0.0	3.92090395480226	0.0	19.18	2.7796610169491527	0.7062146892655368	4.445378151260504	14.052631578947368
25055	1.2613908872901678	0.0	0.0	2.9280575539568345	0.0	0.0	1.630695443645084	0.0	0.0	7.757785467128028	1.7099447513812154	1.8009592326139088	0.47019867549668876	0.0	2.8776978417266186	2.831746031746032	0.0	6.624338624338624	1.8277777777777777	13.869444444444444	0.0	0.0	3.52757793764988	17.88888888888889
25056	0.0	0.7658536585365854	0.0	3.5063291139240507	0.0	0.8607594936708861	1.6371308016877637	2.8438818565400843	0.0	5.642512077294686	1.5884955752212389	1.780590717299578	0.0	0.0	2.413502109704641	6.265895953757226	0.0	4.641350210970464	0.0	15.221052631578948	1.729957805907173	0.0	4.666666666666667	20.869955156950674
25057	0.0	2.005159071367154	0.0	7.5667527993109385	0.0	0.0	2.3338802296964727	2.270408163265306	0.0	14.179611650485437	4.057586837294333	0.0	0.0	0.0	8.918081918081919	12.560591133004927	0.0	10.652272727272727	1.948220064724919	28.37594696969697	0.0	0.0	9.653679653679653	30.652173913043477
25058	0.0	1.8305084745762712	0.0	3.0628930817610063	0.0	0.0	0.8505747126436781	4.750902527075812	0.0	13.025423728813559	0.6561264822134387	5.008097165991903	0.0	0.6666666666666666	9.77734375	11.435028248587571	0.0	4.943521594684386	2.805084745762712	23.04780876494024	0.0	0.8587570621468926	6.415254237288136	18.11304347826087
25059	0.0	1.1720430107526882	0.0	4.025806451612903	0.0	0.0	2.3578199052132702	2.066666666666667	0.0	7.660287081339713	4.966666666666667	1.0193548387096774	0.0	0.0	4.853763440860215	6.315186246418338	0.0	4.870967741935484	0.0	11.011961722488039	0.0	0.0	2.933333333333333	15.566473988439306
25060	0.0	2.278787878787879	2.727272727272727	2.521212121212121	0.806060606060606	1.7757575757575759	4.6909090909090905	2.2545454545454544	0.0	5.87603305785124	10.714285714285714	5.2204724409448815	4.096969696969697	8.275	6.850931677018633	5.8	0.0	4.2024539877300615	3.315151515151515	13.973451327433628	0.7393939393939394	0.0	3.793939393939394	12.227272727272727
25061	0.0	1.8775510204081634	0.0	3.8606403013182673	0.0	0.0	1.878787878787879	1.2091836734693877	0.0	9.978131212723659	3.936056838365897	0.0	0.0	0.30952380952380953	2.2045060658578857	6.113597246127367	0.0	6.542517006802721	0.0	10.859688195991092	0.0	0.0	2.7125256673511293	12.004424778761061
25062	0.0	0.0	0.0	2.5885416666666665	0.0	0.0	2.5434782608695654	0.0	0.0	4.550420168067227	2.2049180327868854	1.0905797101449275	0.0	0.0	2.538135593220339	9.796296296296296	0.0	5.441666666666666	1.0217391304347827	17.065217391304348	0.0	0.0	6.103448275862069	19.83783783783784
25063	0.0	1.0939668980245596	0.0	3.0726141078838176	0.0	0.0	1.4494875549048316	0.7634069400630915	0.0	8.842168674698796	3.792682926829268	0.9970717423133236	0.0	0.0	5.803038829487901	6.907049282595134	0.0	3.930282064928153	0.0	18.063956963538555	0.0	0.0	4.990534521158129	15.209053007742703
25064	0.0	0.0	0.0	2.388888888888889	0.0	0.0	2.413978494623656	1.8666666666666667	0.0	11.389952153110048	2.7423580786026203	0.0	0.0	0.0	4.769825918762089	8.48076923076923	0.0	4.266129032258065	0.0	22.589511754068717	0.0	0.0	5.174603174603175	21.637744034707158
25065	0.0	0.0	0.0	2.9885057471264367	0.0	0.0	1.90625	3.190854870775348	0.0	7.940828402366864	5.874782608695652	1.6929392446633826	0.0	0.9359605911330049	4.962432915921288	8.972076788830716	0.0	8.342984409799554	2.006568144499179	18.821124361158432	0.0	0.0	6.1440677966101696	14.085964912280701
25066	0.0	0.05363984674329502	0.0	0.0	0.0	0.0	1.0574712643678161	0.0	0.0	10.03831417624521	6.145593869731801	0.842911877394636	0.0	0.0	2.8045977011494254	5.679144385026738	0.0	2.808	1.6091954022988506	11.02262443438914	0.0	0.6475095785440613	4.329501915708812	17.489270386266096
25067	0.0	6.645484949832776	0.0	2.4344262295081966	0.0	0.0	1.1406926406926408	1.1625615763546797	0.0	7.197826086956522	5.986979166666667	1.3151927437641724	0.0	0.021645021645021644	5.667621776504298	10.393162393162394	0.0	1.8938906752411575	0.0	15.582901554404145	0.0	0.0	5.372294372294372	18.984848484848484
25068	0.0	1.3608562691131498	0.0	6.96319018404908	0.0	0.0	1.4311926605504588	2.2674418604651163	0.0	5.4984709480122325	3.7857142857142856	3.7003058103975537	0.0	0.0	11.546511627906977	15.076452599388379	0.0	8.07986111111111	0.0	19.186915887850468	0.0	0.0	4.8283828382838285	19.26277372262774
25069	0.0	0.9210053859964094	0.0	2.8808743169398907	0.0	0.0	1.2095572117492328	2.2095049504950497	0.0	7.7481203007518795	4.184697855750487	0.0	0.0	0.0	4.664807066480707	8.06672226855713	0.0	4.998637602179836	1.6236893203883496	21.86677768526228	0.0	0.0	4.915165165165165	15.856799615569438
25070	0.0	0.0	0.0	5.568627450980392	0.0	0.0	0.0	0.45098039215686275	0.0	1.6862745098039216	1.892156862745098	0.3333333333333333	0.0	0.0	1.5490196078431373	4.794117647058823	0.0	0.17647058823529413	0.0	3.0294117647058822	0.0	0.0	0.7745098039215687	2.4313725490196076
25071	0.0	0.0	0.0	5.327272727272727	0.0	0.0	3.2325581395348837	0.0	0.0	2.564935064935065	1.5977961432506886	0.0	0.0	0.0	1.8870523415977962	6.05859375	0.0	0.5622489959839357	0.0	5.305555555555555	0.0	0.0	0.0	7.822393822393822
25072	0.0	1.6208333333333333	0.0	3.7555555555555555	0.0	0.6476190476190476	2.2603174603174603	4.043103448275862	0.0	5.683720930232558	3.8831615120274914	1.8857142857142857	0.0	0.0	5.644444444444445	11.206349206349206	0.0	6.962566844919786	0.0	16.678571428571427	0.0	0.0	8.52863436123348	25.22945205479452
25073	0.0	0.0	0.0	3.997991967871486	0.0	0.17670682730923695	4.738955823293173	1.140562248995984	0.0	11.086387434554974	4.07429718875502	2.241014799154334	0.0	0.24096385542168675	3.7432432432432434	8.013736263736265	0.0	7.7541322314049586	4.865461847389558	12.105740181268882	0.0	0.0	8.627811860940696	25.69733656174334
25074	0.0	0.0	0.0	5.434466019417476	0.0	0.0	0.6571428571428571	2.3214285714285716	0.0	12.396325459317586	1.0080862533692723	0.2761904761904762	0.0	0.0	2.0774410774410774	5.0627450980392155	0.0	6.030952380952381	1.0286458333333333	19.185758513931887	0.0	0.0	7.014851485148514	10.023569023569024
25075	0.0	1.05	0.0	2.687679083094556	0.0	0.0	0.8876080691642652	2.0904761904761906	0.0	8.002739726027396	2.471014492753623	0.0	0.0	0.0	5.347619047619047	3.7796052631578947	0.0	6.57372654155496	1.9952038369304557	10.296587926509186	0.0	1.4619047619047618	3.4785714285714286	22.907161803713528
25076	0.0	1.8571428571428572	0.0	2.788118811881188	0.0	0.0	3.4693486590038316	2.0363984674329503	0.5632183908045977	10.417624521072797	4.449136276391554	0.0	0.0	0.0	2.0566502463054186	9.504366812227074	0.0	4.729124236252546	0.0	9.387755102040817	0.0	0.4904214559386973	3.0307692307692307	11.543788187372709
25077	0.0	1.2767732962447844	0.0	1.049079754601227	0.0	0.0	1.5388471177944862	1.7582089552238807	0.0	4.646638054363376	3.674185463659148	0.0	0.0	0.0	3.1882183908045976	5.707865168539326	0.0	3.994930291508238	0.0	11.717717717717719	0.0	0.0	2.3785529715762275	15.247524752475247
25078	0.0	0.0	0.0	0.0	0.0	0.0	1.6787878787878787	0.0	0.0	6.901960784313726	3.876543209876543	0.0	0.0	0.0	2.2564102564102564	16.24590163934426	0.0	0.0	0.0	7.2303030303030305	0.0	0.0	5.03030303030303	5.4787878787878785
25079	0.8988095238095238	2.949404761904762	0.0	4.97265625	0.0	0.0	2.653225806451613	2.4107142857142856	0.0	16.80564263322884	8.0	1.8316831683168318	0.0	0.0	7.896103896103896	20.38576779026217	0.0	3.9568345323741005	4.223214285714286	22.775510204081634	0.0	0.0	9.811728395061728	25.30952380952381
25080	0.0	0.732824427480916	0.0	1.1628498727735368	0.0	0.0	0.3460559796437659	0.178117048346056	0.0	8.158854166666666	4.405099150141643	0.6793893129770993	0.0	0.0	2.117283950617284	4.967153284671533	0.0	6.208333333333333	1.7582697201017812	9.720101781170483	0.17048346055979643	0.0	6.344569288389513	9.991428571428571
25081	0.0	1.0959409594095941	0.0	5.984593837535014	0.0	0.0	3.839700996677741	2.4351407000686343	0.0	9.77789046653144	2.986167615947925	0.7268128161888702	0.0	0.0	8.82956381260097	8.3822652757079	0.0	6.901877133105802	3.106676342525399	31.979822437449556	0.0	0.0	5.389255419415646	19.146942017474185
25082	0.0	0.0	0.0	0.0	0.0	0.0	0.0	0.0	0.0	1.9337349397590362	3.771144278606965	0.0	0.0	0.0	0.0	5.987577639751553	0.0	2.537313432835821	0.0	11.98	0.0	0.0	0.0	7.428571428571429
25083	0.0	0.0	0.0	6.228395061728395	0.0	0.0	0.7953216374269005	1.0467836257309941	0.0	9.746666666666666	2.6140350877192984	0.0	2.935672514619883	0.0	3.56140350877193	8.2	0.0	8.173333333333334	3.4327485380116958	24.128205128205128	0.0	0.0	0.4327485380116959	15.064285714285715
25084	0.0	3.112676056338028	4.982352941176471	9.123222748815166	0.0	0.0	0.0	0.0	0.0	10.44811320754717	8.553990610328638	0.0	1.0140845070422535	0.0	10.651428571428571	20.55072463768116	0.0	7.131455399061033	0.3755868544600939	28.24203821656051	0.0	0.0	5.370892018779343	23.016666666666666
25085	0.0	5.062111801242236	0.0	3.068111455108359	0.0	0.0	3.6176470588235294	1.84	0.0	8.859106529209622	7.766990291262136	2.204724409448819	0.0	0.5245098039215687	5.787581699346405	13.81074168797954	0.0	7.042168674698795	2.4038461538461537	24.838461538461537	0.0	0.16176470588235295	5.0	16.595588235294116
25086	0.0	1.786549707602339	0.5321637426900585	1.0116959064327486	0.0	0.0	3.2280701754385963	0.8742690058479532	0.0	9.76	1.7251461988304093	0.0	0.0	0.9883040935672515	5.389408099688474	11.727969348659004	0.0	2.304093567251462	0.6900584795321637	11.026315789473685	0.0	0.0	6.206896551724138	8.6524064171123
25087	0.0	0.0	0.0	5.163841807909605	0.0	0.0	1.5441176470588236	4.339080459770115	0.0	12.969849246231156	5.821428571428571	0.0	0.0	0.0	6.759803921568627	8.101694915254237	0.0	6.477987421383648	0.0	22.26950354609929	0.0	0.0	4.269607843137255	20.47027027027027
25088	0.0	1.0304568527918783	0.0	0.0	0.0	0.0	1.6134969325153374	2.914141414141414	0.0	10.011363636363637	1.8872549019607843	2.3186274509803924	0.0	0.0	5.0931372549019605	6.567741935483871	0.0	6.251612903225807	0.7401960784313726	14.27927927927928	0.0	0.0	11.166666666666666	11.472049689440993
25089	0.0	3.689003436426117	1.1972477064220184	6.718649517684887	0.0	0.0	7.247113163972286	5.765784114052953	0.0	21.296015180265655	6.928446771378709	2.8560975609756096	0.0	0.01529051987767584	6.205588822355289	17.358044164037857	0.0	10.798780487804878	0.0	35.016453382084094	0.0	0.0	5.512670565302145	35.215986394557824
25090	0.0	2.0588235294117645	0.0	3.226950354609929	0.0	0.0	1.457516339869281	1.6518151815181519	0.0	11.907815631262524	1.4661016949152543	1.7859477124183007	0.0	0.0	6.7388429752066115	9.228346456692913	0.0	4.939542483660131	1.897338403041825	18.054166666666667	0.0	0.0	5.690531177829099	19.296360485268632
25091	0.0	5.218181818181818	0.0	3.655430711610487	0.0	0.0	0.9058823529411765	2.6329588014981273	0.0	4.7174887892376685	0.8689138576779026	2.191011235955056	0.0	0.0	0.7586206896551724	4.760299625468165	0.0	1.5805243445692885	0.0	17.198347107438018	0.0	0.0	6.256302521008403	19.02173913043478
25092	0.0	0.0	0.0	3.232804232804233	0.7328042328042328	0.0	0.8756613756613757	0.8015873015873016	0.0	6.746031746031746	2.8406374501992033	0.0	0.0	0.5793650793650794	1.0543130990415335	9.71376811594203	0.0	7.7746031746031745	4.002645502645502	20.997175141242938	0.0	0.0	4.726153846153847	22.555172413793102
25093	0.0	0.9642857142857143	0.0	0.0	0.0	0.0	0.0	2.630952380952381	0.0	7.318518518518519	1.6071428571428572	2.261904761904762	0.0	0.0	1.6071428571428572	8.339285714285714	0.0	5.285714285714286	1.2797619047619047	19.041958041958043	0.0	0.0	6.464285714285714	14.107142857142858
25094	0.0	1.5045806906272023	0.0	1.9991386735572783	0.0	0.0	3.0763422818791946	1.6170678336980306	0.0	8.127943485086343	3.4748376623376624	1.4256368118323748	0.0	0.0	5.213392857142857	8.281825460368294	0.0	8.116559485530546	1.6051159072741807	18.947819314641745	0.0	1.51092318534179	3.9222585924713584	14.719460227272727
25095	0.0	2.239600665557404	0.9230046948356807	3.1996867658574786	0.0	0.0	1.990726429675425	0.46955503512880564	0.0	14.08675799086758	4.264532434709351	1.019538188277087	1.1908602150537635	0.5397849462365591	7.981481481481482	10.005	0.0	5.756537421100091	1.4271844660194175	24.168021680216803	0.6577645895153313	0.0	7.826875515251443	20.365787079162875
25096	0.0	3.4946236559139785	0.0	1.7538461538461538	0.0	0.0	0.0	3.358974358974359	0.0	4.448529411764706	3.117948717948718	2.066666666666667	0.0	0.8051282051282052	0.5333333333333333	4.829411764705882	0.0	3.517948717948718	0.0	12.686274509803921	0.0	0.0	3.8066298342541436	17.48148148148148
25097	0.0	1.8275401069518717	0.0	4.7795275590551185	0.0	0.0	2.0611735330836454	3.9675405742821472	0.0	8.1283676703645	4.011093502377179	1.303370786516854	0.0	0.0	7.981155778894473	14.315315315315315	0.0	4.429203539823009	1.9385714285714286	30.752923976608187	0.4943820224719101	0.0	6.377564979480164	19.897905759162303
25098	0.0	3.3618157543391187	0.0	3.1929133858267718	0.0	0.0	1.770156438026474	1.6257521058965103	0.0	11.716236722306524	6.299559471365638	0.0	0.0	0.0	4.515862068965517	5.307584269662922	0.0	6.167870036101083	1.3357400722021662	15.664110429447852	0.0	0.0	4.921316165951359	21.336990595611287
25099	0.0	2.1123595505617976	0.0	4.0411985018726595	0.0	0.0	6.23841059602649	0.0	0.0	11.345864661654135	0.0	2.6292134831460676	0.0	0.0	2.059925093632959	10.572	0.0	0.9136690647482014	0.0	10.894736842105264	0.0	0.0	3.00749063670412	12.990697674418605
25100	0.0	0.0	0.4382583868665239	2.2033227848101267	0.12134189864382584	0.0	2.1101123595505618	0.8418323249783924	0.0	6.883921568627451	4.5133394664213435	0.9677165354330709	0.0	0.0	4.53531914893617	7.611408199643494	0.0	3.392884178652536	2.2598253275109172	12.804694048616932	0.0	0.38401142041399	2.239	16.83812949640288
25101	0.0	1.8230647709320695	0.0	2.707037643207856	0.0	0.0	3.1148325358851676	2.8973941368078178	0.0	8.636515912897822	2.2480252764612954	0.3791469194312796	0.0	0.0	6.265625	6.157608695652174	0.0	4.218009478672986	1.0549828178694158	17.255775577557756	0.0	0.0	3.1666666666666665	10.67258064516129
25102	0.0	1.951219512195122	0.0	2.576374745417515	0.0	0.0	2.839430894308943	4.109756097560975	0.0	11.267532467532467	3.168269230769231	0.4065040650406504	0.0	0.0	4.8957654723127035	4.572895277207392	0.0	7.01131221719457	0.0	14.331125827814569	0.0	0.0	1.8565310492505354	10.885281385281385
25103	0.0	0.6872727272727273	0.4045584045584046	3.03988603988604	0.0	0.0	4.291021671826625	0.0	0.0	7.196581196581197	2.684057971014493	0.0	0.0	0.0	1.227920227920228	10.152091254752852	0.0	2.415954415954416	3.914798206278027	16.333333333333332	0.0	0.0	3.8088737201365186	15.969418960244647
25104	0.0	1.4377510040160641	0.0	1.248995983935743	0.0	0.0	1.248995983935743	1.176706827309237	0.0	11.295454545454545	5.094444444444444	0.0	0.0	0.0	4.746887966804979	1.9437751004016064	0.0	5.085714285714285	1.9518072289156627	13.357466063348417	0.0	0.0	1.9504132231404958	12.97872340425532
25105	0.0	0.0	0.0	2.034567901234568	0.0	0.0	1.7925925925925925	0.0	0.0	3.8557993730407523	1.7876543209876543	0.0	0.0	0.0	0.0	14.283950617283951	0.0	6.251412429378531	2.8	17.35	0.0	0.562962962962963	4.175675675675675	12.35135135135135
25106	0.0	1.6703296703296704	1.0586080586080586	4.216117216117216	0.0	0.0	0.0	0.0	0.0	12.543396226415094	3.410041841004184	4.50462962962963	0.0	0.0	1.9926739926739927	8.836158192090396	0.0	10.0	1.89010989010989	21.234432234432234	0.0	0.0	5.238738738738738	19.32442748091603
25107	0.0	0.0	0.0	0.9824046920821115	0.0	0.0	2.839622641509434	0.0	0.022222222222222223	9.053333333333333	0.9466666666666667	3.9244444444444446	0.0	0.0	4.566666666666666	9.039473684210526	0.0	3.369146005509642	0.7866666666666666	26.90443686006826	0.0	0.82	4.875555555555556	19.633495145631066
25108	0.0	2.4583333333333335	0.0	1.6145833333333333	0.0	0.0	1.7777777777777777	1.1666666666666667	0.0	4.462962962962963	2.1666666666666665	0.034722222222222224	0.0	0.0	2.2916666666666665	5.614583333333333	0.0	4.493055555555555	1.1944444444444444	14.805555555555555	0.0	0.0	5.020833333333333	11.74793388429752
25109	0.9652351738241309	0.0	0.0	2.3241525423728815	1.803680981595092	0.0	2.8606811145510838	1.2760736196319018	0.0	14.008219178082191	3.458077709611452	2.191142191142191	0.0	0.0	8.17319587628866	6.972850678733032	0.0	4.1531791907514455	1.421505376344086	18.066298342541437	0.0	0.0	2.883177570093458	16.806372549019606
25110	0.0	0.0	0.0	0.8930817610062893	0.949685534591195	0.0	0.0	0.0	0.0	5.283018867924528	4.1572327044025155	0.0	0.0	0.0	6.820754716981132	4.052459016393443	0.0	3.1878980891719744	1.9748427672955975	5.546925566343042	0.0	0.0	3.3969465648854964	8.611650485436893
25111	0.0	1.0810185185185186	0.0	4.973297730307076	0.0	0.0	2.3537284894837476	1.404594767070836	0.0	7.767031630170316	1.796567069294342	0.0	0.0	0.0	3.673974540311174	9.359784801613987	0.0	3.6743711760707	1.2632850241545894	17.63095238095238	0.0	0.532608695652174	3.2006125574272586	14.278571428571428
25112	0.0	0.8467153284671532	0.058333333333333334	6.04983922829582	0.0	0.0	1.0413694721825963	0.6373831775700934	0.0	6.973856209150327	3.5833333333333335	0.21770334928229665	0.0	0.0	3.7373004354136428	10.150943396226415	0.0	2.4914196567862716	0.0	14.181208053691275	0.0	0.0	3.3930555555555557	14.585910652920962
25113	0.0	2.132295719844358	0.0	4.952112676056338	0.0	0.0	2.2381818181818183	2.471243042671614	0.0	12.374531835205993	2.139874739039666	0.0	0.0	0.0	9.831914893617022	11.201754385964913	0.0	10.328159645232816	0.7207207207207207	12.369261477045908	0.0	0.0	3.8845360824742268	18.97659574468085
25114	0.0	1.4248366013071896	0.0	2.816993464052288	0.0	0.0	2.208053691275168	1.6829268292682926	0.0	7.241830065359477	5.551470588235294	0.0	0.0	0.0	4.738562091503268	7.064285714285714	0.0	2.1241830065359477	5.5816993464052285	17.23076923076923	0.0	0.0	4.784313725490196	27.080882352941178
25115	0.0	2.6165413533834587	0.0	6.076923076923077	0.0	0.0	1.641025641025641	0.0	0.0	7.897321428571429	5.702127659574468	1.2527472527472527	0.0	0.6227106227106227	7.925093632958801	5.846153846153846	0.0	10.531496062992126	3.199074074074074	23.86521739130435	0.0	0.0	4.617283950617284	18.933333333333334
25116	0.0	0.0	0.0	1.4046511627906977	0.43790849673202614	0.0	1.8455284552845528	0.6244343891402715	0.0	9.175496688741722	6.725925925925926	0.0	0.0	1.3006535947712419	6.437908496732026	9.849372384937238	0.0	5.238562091503268	1.7679738562091503	17.74264705882353	0.0	0.0	3.9072164948453607	20.215686274509803
25117	0.0	1.9707317073170731	0.3853658536585366	0.24065040650406505	0.0	0.0	0.46178861788617886	0.0	0.0	7.08	0.7813121272365805	0.0	0.0	0.0	1.390284757118928	4.2699186991869915	0.0	3.5365853658536586	0.5091649694501018	7.0399239543726235	0.0	0.0	0.0	4.449438202247191
25118	0.0	0.4222222222222222	0.0	1.2592592592592593	0.0	0.0	0.0	0.0	0.0	3.169491525423729	4.188888888888889	1.9074074074074074	0.0	0.0	0.7037037037037037	5.212669683257919	0.0	4.5	1.125925925925926	3.2	0.0	0.0	0.937037037037037	7.3088235294117645
25119	0.0	3.278481012658228	0.0	7.837121212121212	0.0	0.0	0.0	2.621212121212121	0.0	15.58203125	0.0	3.352272727272727	0.0	0.0	5.15625	6.174089068825911	0.0	10.406451612903226	0.8484848484848485	21.867424242424242	0.0	0.0	11.155303030303031	26.704545454545453
25120	0.0	1.4825870646766168	0.0	3.4722222222222223	0.0	0.0	1.164179104477612	3.5024875621890548	0.0	8.618705035971223	3.5161290322580645	0.0	0.0	0.0	6.258169934640523	9.534375	0.0	1.5124378109452736	0.0	13.118959107806692	0.0	0.0	3.057471264367816	17.064935064935064
25121	0.0	2.320408163265306	0.0	1.0308943089430895	0.0	0.0	1.3677298311444652	1.2292682926829268	0.0	8.887351778656127	2.0185185185185186	1.1640759930915372	0.0	0.0	6.026717557251908	7.08498023715415	0.0	3.9507042253521125	0.0	10.102230483271375	0.0	1.5429042904290429	2.523214285714286	12.546341463414635
25122	0.0	0.0	0.9012345679012346	0.8580246913580247	0.0	0.0	1.4081632653061225	0.0	0.0	10.0625	4.985294117647059	0.0	0.0	0.0	0.8395061728395061	3.685185185185185	0.0	2.8721804511278197	0.5864197530864198	8.012345679012345	0.0	0.0	0.18518518518518517	9.788732394366198
25123	0.0	1.8173553719008264	0.0	4.3263061411549035	0.0	0.10030864197530864	2.987772925764192	1.2899521531100477	0.0	12.343687374749498	4.0620408163265305	1.869260700389105	0.0	0.4158950617283951	5.774162679425837	9.900596421471173	0.0	3.8758561643835616	1.012448132780083	20.57751586582049	0.0	0.0	5.2253086419753085	23.854785478547853
25124	0.0	5.1759465478841875	0.0	1.7134986225895317	0.0	0.0	1.605316973415133	1.6646216768916156	0.0	9.78323108384458	2.2025316455696204	0.0	0.0	0.0	8.915531335149863	6.775401069518717	0.0	1.5010224948875255	0.7689161554192229	9.293333333333333	0.0	0.0	5.796610169491525	15.877300613496933
25125	0.0	1.0355329949238579	0.0	2.7082035306334373	0.0	0.0	2.0434782608695654	1.2432859399684044	0.0	5.6738768718802	4.03402489626556	1.570300157977883	0.09557661927330174	0.0	4.892177589852008	8.512733446519524	0.0	3.978595890410959	0.9788494077834179	17.878216123499143	0.0	0.0	3.889990982867448	15.138339920948617
25126	0.0	3.185	1.1978851963746224	4.021164021164021	0.0	0.0	4.2407407407407405	1.3465608465608465	0.0	9.252086811352253	2.767032967032967	0.0	0.34656084656084657	0.18386243386243387	5.682539682539683	11.222677595628415	0.0	8.05457227138643	1.8783068783068784	22.833333333333332	0.0	0.0	4.870689655172414	20.60282574568289
25127	0.0	0.0	0.0	1.0635155096011817	0.0	0.0	1.9019933554817277	1.7061224489795919	0.0	9.804054054054054	2.837037037037037	0.0	0.0	0.0	8.850308641975309	9.001555209953343	0.0	9.277856135401974	0.0	22.940532081377153	0.0	0.0	5.489010989010989	16.472268907563024
25128	0.0	1.5363984674329503	0.0	2.45703125	0.0	0.0	2.417624521072797	3.0384615384615383	0.0	8.147410358565738	4.642857142857143	0.7241379310344828	0.0	0.0	3.7337962962962963	9.63855421686747	0.16283524904214558	2.68944099378882	4.265243902439025	16.091463414634145	0.0	0.0	0.5074183976261127	11.454545454545455
25129	0.0	1.156537753222836	0.0	4.797849462365591	0.0	0.0	3.867030965391621	3.1132404181184667	0.0	10.70796460176991	1.751984126984127	0.0	0.0	0.0	4.121359223300971	6.3399602385685885	0.0	3.6721044045677	0.9015817223198594	18.170955882352942	0.0	0.0	5.5662921348314605	21.817307692307693
25130	0.0	0.0	0.23303834808259588	1.6703096539162112	0.0	0.0	1.766961651917404	2.2359882005899707	0.0	7.784386617100372	2.050147492625369	1.2448377581120944	0.0	0.0	2.9351032448377583	11.478184991273997	0.0	4.642036124794745	2.2666666666666666	18.073529411764707	0.0	0.0	3.519392917369309	20.364820846905538
25131	0.0	0.0	0.0	0.0	0.0	0.0	0.0	3.861842105263158	0.0	0.0	8.434782608695652	1.323943661971831	1.0093896713615023	0.0	1.5352112676056338	9.852941176470589	0.0	4.1567567567567565	0.0	6.573913043478261	0.0	0.0	3.427230046948357	14.924882629107982
25132	0.0	0.0	0.0	2.4380952380952383	0.0	0.0	1.6571428571428573	0.0	0.0	8.86144578313253	0.8650793650793651	0.0	0.0	0.0	3.4857142857142858	5.319148936170213	0.0	3.4952380952380953	7.519047619047619	10.19047619047619	0.0	0.0	1.9142857142857144	13.357142857142858
25133	0.0	1.0606060606060606	1.8977272727272727	2.0568181818181817	0.0	0.0	0.8636363636363636	0.0	0.0	22.40343347639485	1.9771689497716896	0.0	0.2196969696969697	0.0	6.641711229946524	8.6	0.0	2.7803030303030303	2.9069767441860463	23.760479041916167	0.0	0.0	2.9812206572769955	21.223484848484848
25134	0.0	2.366120218579235	0.0	5.953488372093023	0.0	0.0	0.45901639344262296	0.45901639344262296	0.0	11.62406015037594	1.0546448087431695	1.5956284153005464	0.0	0.0	7.181818181818182	5.967213114754099	0.0	4.927374301675978	2.8579234972677594	14.042682926829269	0.0	0.0	6.218579234972678	15.852459016393443
25135	0.0	3.1037735849056602	0.0	6.676100628930818	0.0	0.0	0.6415929203539823	1.6635220125786163	0.0	6.915384615384616	7.369565217391305	0.0	0.0	0.0	5.665116279069768	4.426415094339623	0.0	5.864077669902913	1.688715953307393	19.41588785046729	0.0	0.0	6.666666666666667	15.458041958041958
25136	0.0	3.5708582834331337	0.0	4.823886639676114	0.0	0.0	4.2875	5.419161676646707	0.0	6.618336886993603	8.852295409181636	4.147869674185464	0.0	0.0	4.459649122807018	11.483731019522777	0.0	5.5265588914549655	2.5169660678642716	24.848314606741575	0.0	0.0	5.305050505050505	21.26875
25137	0.0	0.6950904392764858	0.7803617571059431	0.8992248062015504	0.0	0.0	1.251948051948052	0.046511627906976744	0.0	2.3917197452229297	0.8165137614678899	0.0	0.0	0.0	6.091922005571031	7.624664879356568	0.0	0.3763440860215054	0.0	7.465116279069767	0.0	0.0	2.8578811369509043	21.560693641618496
25138	0.0	0.0	0.0	0.0	0.0	0.0	1.067750677506775	0.978319783197832	0.0	5.391780821917808	4.174603174603175	2.016304347826087	0.0	0.0	2.32996632996633	4.8655462184873945	0.0	4.588075880758808	0.0	8.94579945799458	0.0	0.0	1.983739837398374	7.583798882681564
25139	0.0	0.0	0.0	0.43089430894308944	0.0	0.0	0.0	2.4878048780487805	0.0	10.341772151898734	0.0	1.7560975609756098	0.0	0.0	4.084905660377358	11.397321428571429	0.0	3.524390243902439	4.560975609756097	8.109756097560975	0.8739837398373984	0.0	5.160919540229885	13.168316831683168
25140	0.0	1.9234972677595628	0.0	6.255172413793104	0.0	0.0	0.0	0.5573770491803278	0.0	11.647540983606557	1.6597222222222223	0.0	0.0	0.0	4.23943661971831	4.9890710382513666	0.0	3.8688524590163933	0.41530054644808745	6.311475409836065	0.0	0.0	2.929936305732484	21.284552845528456
25141	0.0	0.0	0.0	2.408888888888889	0.0	0.0	0.9126760563380282	2.8431876606683804	0.0	8.514492753623188	2.1639344262295084	2.9055690072639226	0.0	0.0	2.151111111111111	3.8790697674418606	0.0	2.9069767441860463	0.0	11.255555555555556	0.0	0.0	4.722727272727273	7.562310030395137
25142	0.0	0.0	0.0	0.0	0.0	0.0	4.721014492753623	0.0	0.0	4.990430622009569	3.1990291262135924	0.8403361344537815	0.0	0.0	1.8405797101449275	6.818840579710145	0.0	5.84469696969697	0.6811594202898551	13.182170542635658	0.0	0.0	7.659420289855072	16.73643410852713
25143	0.0	2.57556270096463	0.0	5.774104683195592	0.0	0.0	3.15702479338843	1.6308539944903582	0.0	17.847736625514404	3.2479338842975207	0.0	0.0	0.0	6.383606557377049	6.885017421602788	0.0	8.733711048158641	0.7079889807162535	19.21851851851852	0.0	0.0	4.984313725490196	24.7248322147651
25144	0.0	5.847025495750708	0.0	3.8198529411764706	0.0	0.0	2.217877094972067	1.2424242424242424	0.0	9.662538699690403	6.328671328671328	2.198135198135198	0.0	0.0	8.479905437352246	6.045614035087719	0.0	3.5083333333333333	0.0	12.892156862745098	0.0	0.0	6.172077922077922	17.882513661202186
25145	0.0	1.6495176848874598	0.0	3.2218045112781954	0.07692307692307693	0.0	4.2057142857142855	1.1229946524064172	0.0	3.6079136690647484	3.972809667673716	3.5304878048780486	0.0	0.0	7.947368421052632	13.115987460815047	0.0	1.9504504504504505	0.0	14.597183098591549	0.0	0.0	3.4637305699481864	22.489164086687307
25146	0.0	0.0	0.0	2.9456681350954477	0.0	0.0	2.650655021834061	0.8695652173913043	0.0	4.450592885375494	2.1482479784366575	0.0	0.0	0.0	4.699346405228758	8.195804195804195	0.0	4.986754966887418	1.4190620272314676	10.025974025974026	0.0	0.0	4.0795755968169765	12.850891410048622
25147	0.0	0.0	0.0	3.4070473876063185	0.0	0.0	2.020253164556962	1.404352806414662	0.0	5.1556372549019605	1.3505154639175259	1.5807560137457044	0.0	0.0	5.250990752972259	5.085054678007291	0.0	1.6346863468634687	1.2256586483390608	9.814910025706942	0.0	0.0	3.6368843069873997	16.35333333333333
25148	0.0	0.0	0.0	2.782710280373832	0.0	0.0	5.010548523206751	0.41350210970464135	0.0	5.378076062639821	1.9683377308707124	0.0	0.0	0.0	3.4219409282700424	7.995661605206074	0.0	6.626315789473685	2.997518610421836	12.212938005390836	0.0	0.0	5.022222222222222	14.806593406593407
25149	0.0	0.0	0.0	1.0588235294117647	0.0	0.0	0.0	0.0	0.0	3.392156862745098	0.6862745098039216	0.0	0.0	0.0	1.0588235294117647	0.0	0.0	1.2794117647058822	0.0	2.299019607843137	0.0	0.0	1.2205882352941178	0.00980392156862745
25150	0.0	0.0	0.0	0.0	0.0	0.0	0.0	0.0	0.0	3.8353413654618476	0.9141414141414141	0.0	0.0	0.0	0.0	5.138297872340425	0.0	1.3083333333333333	0.0	14.184971098265896	0.0	0.0	2.712328767123288	2.819277108433735
25151	0.0	3.13302752293578	0.6300813008130082	2.186991869918699	0.0	0.0	0.0	0.0	0.0	12.886075949367088	4.806034482758621	0.0	0.0	0.0	7.004237288135593	4.060975609756097	0.0	10.739795918367347	1.2525773195876289	13.432038834951456	0.0	0.0	7.132352941176471	11.847133757961783
25152	0.0	0.8507936507936508	0.2328767123287671	3.6	1.1757990867579908	0.0	2.794425087108014	1.2557077625570776	0.0	14.420091324200913	7.470588235294118	1.5593607305936072	0.0	0.0	5.207070707070707	10.419902912621358	0.0	10.01497005988024	3.027681660899654	21.260623229461757	0.0	0.0	2.916883116883117	19.21951219512195
25153	0.0	1.0685249709639955	1.1015801354401806	5.242767295597484	0.0	0.0	2.2416666666666667	3.0025974025974027	0.0	7.767268862911796	4.193446088794926	0.7986348122866894	0.0	0.0	4.912345679012346	5.8232984293193715	0.0	4.58893280632411	1.5899053627760253	20.029451137884873	0.0	0.0	3.882575757575758	16.328217237308145
25154	0.0	5.231746031746032	2.2412698412698413	0.08888888888888889	1.1047619047619048	0.0	4.682539682539683	2.1404255319148935	0.0	10.251012145748987	4.861538461538461	0.0	0.0	0.0	4.761658031088083	14.448	0.0	2.482876712328767	1.7841269841269842	24.810035842293907	0.0	1.3238095238095238	8.731884057971014	15.632478632478632
25155	0.0	8.852664576802507	0.0	2.5073746312684366	0.0	0.0	0.0	0.0	0.0	5.978056426332288	2.776271186440678	0.8613569321533924	0.0	0.0	5.492625368731564	9.459016393442623	0.0	5.438524590163935	1.7857142857142858	21.126666666666665	0.0	0.0	3.8131868131868134	6.791443850267379
25156	0.0	4.053571428571429	0.0	1.4188034188034189	0.0	0.0	0.0	0.0	0.0	5.113924050632911	1.4387755102040816	0.0	0.0	0.0	2.4188034188034186	6.064935064935065	0.0	14.48314606741573	2.324786324786325	23.58974358974359	0.0	0.0	1.7532467532467533	7.6239316239316235
25157	0.0	6.073654390934844	0.0	7.036231884057971	0.0	0.0	2.209844559585492	1.5740072202166064	0.0	8.963446475195822	11.845959595959595	1.7476190476190476	0.0	0.0	14.520900321543408	15.207084468664851	0.0	5.812709030100335	2.2261904761904763	31.31761006289308	0.0	0.0	10.236363636363636	19.13294797687861
25158	0.0	2.8163992869875223	0.0	2.530448717948718	0.0	0.0	1.6084905660377358	4.426829268292683	0.0	4.477124183006536	5.282442748091603	0.0	0.0	0.0	9.118794326241135	12.004535147392291	0.0	5.755	2.5267295597484276	24.060428849902536	0.0	0.0	5.038181818181818	14.636209813874789
25159	0.0	0.0	2.1320754716981134	0.0	0.0	0.0	0.3270440251572327	0.6352201257861635	0.0	6.710691823899371	2.5723270440251573	0.0	0.0	0.0	4.429530201342282	7.329032258064516	0.0	0.8679245283018868	1.0566037735849056	19.868965517241378	0.3018867924528302	0.0	3.69811320754717	14.152
25160	0.0	0.0	0.0	1.4979423868312758	0.0	0.0	0.0	0.0	0.0	1.5061728395061729	0.0	0.0	0.0	0.0	1.6296296296296295	0.5596707818930041	0.0	0.0	0.0	10.577922077922079	0.0	0.0	0.8724279835390947	0.0
25161	0.0	1.780612244897959	0.6711111111111111	0.0	0.0	0.0	1.8	0.8755980861244019	0.0	5.8690095846645365	1.7333333333333334	0.4577777777777778	0.0	0.0	2.3933333333333335	5.259770114942529	0.0	4.815555555555555	1.6804597701149426	15.616797900262467	0.0	0.0	1.72196261682243	19.690184049079754
25162	0.0	0.3888888888888889	0.0	2.551440329218107	0.0	0.0	1.1002178649237473	0.0	0.0	10.884875846501128	6.243010752688172	1.7263374485596708	0.0	0.0	5.221932114882507	4.1826484018264845	0.0	2.9975308641975307	2.6378600823045266	15.665865384615385	0.0	0.0	1.0594900849858357	12.194581280788178
25163	0.0	1.3903903903903905	0.5525525525525525	0.0	0.0	0.0	1.6396396396396395	2.6636636636636637	0.0	6.130434782608695	5.821678321678322	0.13813813813813813	0.0	0.0	1.4714714714714714	13.115671641791044	0.0	4.687687687687688	3.2746478873239435	23.41747572815534	0.0	0.0	8.830434782608696	15.028125
25164	0.0	2.852986217457887	0.0	1.7189542483660132	0.0	0.0	2.1193029490616624	1.4915032679738562	0.0	7.845916795069337	2.0	3.440944881889764	0.0	0.0	5.7908587257617725	7.093352192362094	0.0	2.7398373983739837	5.184991273996509	12.527240773286467	0.0	0.0	1.6574746008708272	18.753956834532374
25165	0.0	0.0	0.0	0.0	0.0	0.0	0.0	1.0793650793650793	0.0	5.857142857142857	0.0	0.0	0.0	0.0	0.0	3.2698412698412698	0.0	1.5873015873015872	0.0	10.485436893203884	0.0	0.0	4.0396825396825395	0.0
25166	0.0	1.3275862068965518	0.0	8.620689655172415	0.0	0.0	1.5517241379310345	3.218390804597701	0.0	7.586666666666667	0.8716216216216216	0.0	0.0	0.0	9.653543307086615	10.781609195402298	0.0	1.9022988505747127	2.310344827586207	26.541095890410958	0.0	0.0	9.120689655172415	26.04724409448819
25167	0.0	0.0	0.0	5.864501679731243	0.0	0.0	2.6088709677419355	0.7160883280757098	0.0	11.696808510638299	6.081609195402299	2.809734513274336	0.0	1.0334075723830736	5.438280166435506	9.750861079219288	0.0	8.060975609756097	0.9789325842696629	27.531007751937985	0.2086021505376344	0.0	4.32761087267525	21.369758576874204
25168	0.0	2.6952789699570814	0.11780455153949129	2.7329286798179058	0.0	0.0	2.2610441767068274	0.0	0.0	9.101321585903083	3.9074960127591707	2.4014492753623187	0.0	0.0	5.875968992248062	9.3646408839779	0.0	4.107973421926911	1.2650602409638554	22.05034722222222	0.0	0.23828647925033467	4.7196467991169975	17.077507598784194
25169	0.0	0.6724137931034483	1.4827586206896552	0.0	0.6436781609195402	0.0	0.0	3.576687116564417	0.0	7.844262295081967	0.9080459770114943	1.0	0.4942528735632184	0.13861386138613863	2.8505747126436782	4.32183908045977	0.0	4.160919540229885	1.3850574712643677	14.039473684210526	0.0	1.1091954022988506	0.0	0.6124031007751938
25170	0.0	0.0	0.0	4.340996168582375	0.0	0.0	0.0	0.0	0.0	4.766283524904215	3.642857142857143	1.946360153256705	0.0	0.0	3.8659003831417627	11.06140350877193	0.0	1.7816091954022988	7.208835341365462	13.421455938697317	0.0	0.0	6.666666666666667	12.2
25171	0.0	0.12121212121212122	0.0	2.04040404040404	0.0	0.0	0.0	2.5505050505050506	0.0	4.404040404040404	4.151515151515151	0.0	0.0	0.0	2.7444444444444445	9.251282051282052	0.0	3.494949494949495	0.0	5.8	0.0	0.0	2.0063694267515926	15.555555555555555
25172	0.0	1.9415938864628821	0.0	2.1319520174482007	0.12696078431372548	0.0	2.3425624321389793	1.6840458811261731	0.0	8.583969465648854	5.7571902654867255	0.7997587454764777	0.0	0.0	5.454545454545454	9.790358744394618	0.0	6.216326530612245	0.0	17.453397474443776	0.0	0.0	5.741029641185648	13.008103727714749
25173	0.0	1.1055045871559632	0.6178451178451179	1.7464788732394365	0.0	0.0	1.5006105006105006	0.0	0.0	10.238601823708207	3.600249066002491	1.0346740638002774	0.0	0.0	6.001237623762377	9.16010165184244	0.0	4.697191697191697	1.72419627749577	17.134310134310134	0.0	0.0	3.4367201426024954	10.390177353342429
25174	0.0	1.8355555555555556	0.3688888888888889	1.4755555555555555	0.0	0.0	1.1301775147928994	1.248888888888889	0.0	11.198757763975156	0.0	2.9910714285714284	0.0	0.0	4.817777777777778	7.654028436018957	0.0	3.5233644859813085	1.96	7.825503355704698	0.0	0.0	5.004444444444444	15.044692737430168
25175	0.0	0.0	0.0	0.0	0.0	0.0	1.2972972972972974	0.5405405405405406	0.0	5.666666666666667	4.396396396396397	1.2432432432432432	0.0	0.0	6.576576576576577	4.0	0.0	0.7477477477477478	2.135135135135135	4.603603603603603	0.0	0.0	1.4774774774774775	5.063063063063063
25176	0.0	0.8312883435582822	0.0	0.0	0.0	0.0	2.1573498964803313	2.2904564315352696	0.0	0.8063492063492064	0.0	0.0	0.0	0.0	0.0	4.018518518518518	0.0	2.9304556354916067	0.0	4.1547344110854505	0.0	0.0	2.1446808510638298	15.832298136645962
25177	0.0	0.639751552795031	0.0	2.7305893358278763	0.0	0.0	2.2934330839567747	1.690990990990991	0.0	8.870511425462459	3.544147843942505	0.0	0.0	0.0	4.185398655139289	7.226692836113837	0.0	3.8824074074074075	1.4371152154793316	19.263513513513512	0.0	0.0	4.406171809841535	15.398148148148149
25178	0.0	0.0	0.0	2.293189368770764	0.0	0.0	2.9268774703557314	1.83248730964467	0.0	10.279114533205005	0.8444924406047516	0.0	0.0	0.0	5.203517587939698	6.16546762589928	0.0	5.756501182033097	1.2285263987391648	15.244755244755245	0.0	0.0	4.714879467996675	14.985632183908047
25179	0.0	0.0	0.0	4.150442477876106	0.0	0.0	0.0	1.8997050147492625	0.0	9.243589743589743	4.055921052631579	2.4366666666666665	0.0	0.0	3.528023598820059	2.631268436578171	0.0	4.775757575757575	0.17699115044247787	11.278884462151394	0.0	0.0	4.848484848484849	19.159663865546218
25180	0.0	0.0	0.0	0.0	0.0	0.0	0.0	0.0	0.0	6.219298245614035	2.5045045045045047	0.2807017543859649	0.0	0.0	0.0	1.9298245614035088	0.0	1.5	0.2982456140350877	5.283185840707965	0.0	0.0	1.6140350877192982	10.447368421052632
25181	0.949685534591195	1.775609756097561	0.0	2.389937106918239	0.0	0.0	0.0	3.188679245283019	0.0	3.018867924528302	0.0	0.0	0.0	0.0	0.0	5.410256410256411	0.0	3.4041811846689893	0.0	12.244444444444444	0.0	0.0	0.0	4.086206896551724
25182	0.0	0.0	0.0	3.71875	0.0	0.0	1.836676217765043	1.931758530183727	0.0	4.099601593625498	4.301837270341207	0.0	0.0	0.0	12.780590717299578	5.938697318007663	0.0	1.041994750656168	2.5519287833827895	19.825342465753426	0.0	0.0	6.320699708454811	13.906906906906906
25183	0.0	2.2650392327811684	0.0	2.0765993265993266	0.0	0.0	2.107505070993915	1.879324894514768	0.0	8.931922723091077	1.5314109165808445	0.0	0.0	0.0	5.9797525309336335	7.272471910112359	0.0	3.7252047315741583	1.1096446700507614	22.742750233863426	0.0	0.0	2.058177826564215	16.047572815533982
25184	0.0	2.5240963855421685	0.0	5.683168316831683	0.0	0.0	0.8241758241758241	1.9863013698630136	0.0	10.735159817351597	4.3881278538812785	0.0	0.0	0.0	9.894977168949772	11.593607305936073	0.0	8.061224489795919	0.7718120805369127	21.80128205128205	0.0	0.0	3.105022831050228	17.908653846153847
25185	0.0	1.8921475875118259	0.0	3.061682242990654	0.0	0.0	0.0	1.8925022583559168	0.0	7.674295774647887	1.9576968272620447	0.0	0.0	0.0	5.7848518111964875	6.605633802816901	0.0	5.201020408163266	3.1676470588235293	15.485513608428446	0.0	0.0	9.288604898828542	12.177638453500522
25186	0.0	3.9941176470588236	0.0	3.0719602977667493	0.0	0.0	1.9862475442043221	1.8196078431372549	0.0	6.535211267605634	3.9366666666666665	1.3980392156862744	0.0	0.0	4.727091633466135	4.394117647058824	0.0	4.559322033898305	2.069868995633188	18.625806451612902	0.0	0.0	3.750499001996008	18.52267818574514
25187	0.0	0.7133333333333334	0.0	2.0533333333333332	0.0	0.0	1.5846994535519126	5.315508021390374	0.0	7.125506072874494	5.776666666666666	0.0	0.0	0.0	4.71	8.333333333333334	0.0	4.4526748971193415	1.2424242424242424	17.44776119402985	0.4166666666666667	0.0	2.3933333333333335	15.97844827586207
25188	0.0	6.193650793650794	0.0	1.2507936507936508	0.0	0.0	0.0	2.933333333333333	0.0	8.727272727272727	3.873015873015873	0.9650793650793651	0.0	0.0	4.695238095238095	7.412698412698413	0.0	3.6704119850187267	0.0	7.979166666666667	0.0	0.0	5.356862745098039	18.034313725490197
25189	0.0	0.0	0.0	0.0	0.0	0.0	0.0	0.0	0.0	4.2342342342342345	1.0	0.0	0.0	0.0	3.063063063063063	2.935483870967742	0.0	1.4054054054054055	0.0	8.8659793814433	0.0	0.0	0.0	12.060975609756097
25190	0.0	0.9094650205761317	0.0	0.0	0.0	0.0	0.8571428571428571	2.004474272930649	0.0	13.611979166666666	2.739454094292804	1.2798353909465021	0.0	0.0	3.405349794238683	11.959550561797753	0.0	6.161490683229814	0.0	21.305986696230597	0.0	0.0	3.363849765258216	11.870833333333334
25191	0.0	0.0	1.1705170517051706	5.622432859399684	0.0	0.0	1.9891067538126361	1.6044776119402986	0.0	11.495887191539365	3.1492374727668846	0.7205882352941176	0.0	0.0	4.975728155339806	7.968109339407745	0.0	1.818880351262349	0.8442265795206971	17.631652661064425	0.0	0.0	5.817772778402699	12.805479452054794
25192	0.0	2.811335403726708	0.0	2.7056981840951786	0.0	0.0	1.875077688004972	1.7984934086629	0.0	10.203691045796308	3.820336868371803	0.0	0.0	0.0	3.2517281105990783	8.096792668957617	0.0	4.316656856974691	1.1962922573609596	20.957507082152976	0.0	0.23669923995656894	3.414436838830118	16.157039711191334
25193	0.0	1.3895833333333334	0.0	4.766666666666667	0.0	0.0	1.4166666666666667	1.0333333333333334	0.0	14.228571428571428	4.0951374207188165	0.0	0.0	0.725	4.565874730021599	7.189309576837417	0.0	6.546910755148741	1.06875	16.560526315789474	0.0	0.0	2.5208333333333335	13.813483146067416
25194	0.0	1.6632996632996633	0.835016835016835	2.285148514851485	0.0	0.0	2.1006944444444446	1.33	0.0	12.270833333333334	4.046610169491525	0.4781144781144781	0.6397306397306397	0.0	5.417748917748917	9.627039627039627	0.0	6.0184049079754605	1.3501683501683501	22.166969147005446	0.0	0.0	3.367704280155642	13.721354166666666
25195	0.0	0.0	0.0	2.394230769230769	0.0	0.0	0.8585365853658536	1.8782051282051282	0.0	10.685430463576159	6.706081081081081	0.0	0.0	0.0	6.579661016949153	3.953020134228188	0.0	4.112179487179487	1.4134615384615385	16.778846153846153	0.0	0.0	5.29042904290429	9.98876404494382
25196	0.0	1.6990881458966565	0.0	2.244047619047619	0.0	0.5416666666666666	1.2380952380952381	1.5029761904761905	0.0	2.0297619047619047	0.9912663755458515	1.1688311688311688	0.0	0.0	3.5714285714285716	2.1862348178137654	0.0	1.397212543554007	0.0	6.894736842105263	0.0	0.0	2.0952380952380953	3.1280276816608996
25197	0.0	0.0	0.0	0.0	0.0	0.0	0.0	3.185185185185185	0.0	6.565573770491803	0.0	0.0	0.0	0.0	2.5555555555555554	6.411764705882353	0.0	4.340740740740741	0.0	8.407407407407407	0.0	0.0	0.0	5.8125
25198	0.0	1.0534188034188035	0.8568376068376068	2.4871794871794872	0.0	0.0	0.0	0.5598290598290598	0.0	4.692708333333333	2.3461538461538463	2.1076487252124645	0.0	0.0	6.0927152317880795	6.448	0.0	3.238213399503722	0.8824786324786325	13.432548179871521	0.0	0.0	3.730769230769231	13.335227272727273
25199	0.0	0.0	0.3805309734513274	9.417808219178083	0.831858407079646	0.0	3.3451327433628317	0.0	0.0	7.322175732217573	5.261818181818182	0.8171091445427728	0.0	0.0	1.3746312684365782	2.5580110497237567	0.0	3.8053097345132745	0.975609756097561	6.818604651162791	0.0	0.0	10.085714285714285	9.226415094339623
25200	0.9215086646279307	1.0658823529411765	0.0	3.0136674259681095	0.0	0.0	2.1617819460726846	3.857142857142857	0.0	10.102067183462532	5.925862068965517	0.9012820512820513	1.0486486486486486	0.0	4.977333333333333	8.119774011299436	0.0	3.539071347678369	0.9275956284153005	14.801307189542484	1.7125382262996942	3.9571865443425076	3.8431105047748977	13.85995085995086
25201	0.0	0.0	0.0	4.02970297029703	0.0	0.0	1.9581881533101044	0.0	0.9966996699669967	7.848184818481848	0.0	0.9966996699669967	0.0	0.0	2.65016501650165	6.9245283018867925	0.0	3.4884488448844886	0.0	16.287735849056602	0.0	0.0	3.5643564356435644	22.59656652360515
25202	0.0	1.5964285714285715	0.0	1.5182186234817814	0.0	0.0	1.116591928251121	1.915335463258786	0.0	10.510597302504816	3.217457886676876	0.9155844155844156	0.0	0.0	4.461068702290076	7.677130044843049	0.0	2.997549019607843	1.351270553064275	18.09105431309904	0.0	0.0	5.668593448940269	12.860507246376812
25203	0.0	1.6453765490943757	0.0	2.4624434389140273	0.0	0.0	1.2322834645669292	3.0336538461538463	0.0	10.182572614107883	3.2583979328165373	1.3936261843238587	0.0	0.0	1.5302663438256658	9.788732394366198	0.0	2.6773858921161824	0.6815980629539952	15.411896745230079	0.0	0.0	3.5852059925093633	19.191176470588236
25204	0.0	1.6537800687285222	0.12903225806451613	1.8274478330658106	0.0	0.0	0.0	1.375	0.0	7.550863723608446	3.774669774669775	1.1013824884792627	0.0	0.0	3.846286701208981	7.494658997534922	0.0	4.2772093023255815	0.7851083883129123	11.696914700544465	0.0	0.0	4.166800320769847	13.058558558558559
25205	0.0	0.0	0.0	3.813620071684588	0.0	0.0	1.9426523297491038	1.2724014336917562	0.0	8.358490566037736	0.5988023952095808	0.0	0.0	0.0	2.314432989690722	10.1890756302521	0.0	2.1535087719298245	1.6559139784946237	13.010752688172044	0.7240143369175627	0.0	3.1160714285714284	17.779467680608366
25206	0.0	4.308411214953271	0.0	2.7901234567901234	1.0232558139534884	0.0	1.6705426356589148	5.71	0.0	17.489626556016596	13.47008547008547	2.131782945736434	0.0	0.0	10.54655870445344	15.983333333333333	0.0	14.108490566037736	5.988095238095238	31.261083743842363	1.1705426356589148	1.0310077519379846	6.421052631578948	28.31578947368421
25207	0.0	0.8360655737704918	0.0	0.8758169934640523	0.0	0.0	0.9281045751633987	2.673202614379085	0.0	9.126984126984127	8.543624161073826	0.0	0.0	0.0	7.688524590163935	9.894736842105264	0.0	7.901960784313726	5.97887323943662	15.360824742268042	0.9934640522875817	0.0	1.3071895424836601	17.31297709923664
25208	0.0	1.2771929824561403	0.0	7.722807017543859	0.0	0.0	3.9696969696969697	3.849122807017544	0.0	11.762962962962963	4.6421052631578945	0.0	0.0	0.0	4.459770114942529	14.027906976744186	0.0	11.111553784860558	0.0	37.333333333333336	0.0	0.0	4.1233480176211454	21.0817843866171
25209	0.0	0.9314641744548287	0.0	3.776325344952796	0.0	0.0	2.0023310023310024	1.9105367793240557	0.0	11.448842419716206	1.855530474040632	1.6153333333333333	0.0	0.0	6.359910581222056	7.18993993993994	0.0	6.009181331293037	1.6534128561961563	22.693548387096776	0.0	0.0	4.714285714285714	20.055473372781066
25210	0.0	0.0	0.0	0.0	0.0	0.0	0.0	0.0	0.0	2.8444444444444446	0.0	0.0	0.0	0.0	0.0	4.911111111111111	0.0	0.0	0.5777777777777777	8.691358024691358	0.0	0.0	0.0	6.246376811594203
25211	0.0	0.0	0.0	3.960573476702509	0.0	0.0	0.0	6.089605734767025	0.0	10.430232558139535	2.8545454545454545	0.0	0.0	1.082437275985663	8.448979591836734	7.928934010152284	0.0	3.1115241635687734	6.216101694915254	14.214545454545455	0.0	0.0	4.939068100358423	14.614718614718615
25212	0.0	1.6898148148148149	0.0	3.067055393586006	0.0	0.0	2.99009900990099	5.681704260651629	0.0	13.07638888888889	3.928240740740741	3.383177570093458	0.0	0.0	5.238425925925926	6.706989247311828	0.0	5.495238095238095	2.25	19.22850122850123	0.25925925925925924	0.0	7.172323759791123	24.42824074074074
25213	0.0	1.0670731707317074	0.0	2.6682926829268294	0.0975609756097561	0.0	2.0101626016260163	2.0469483568075115	0.0	6.598726114649682	2.3900523560209423	0.926829268292683	0.0	0.23983739837398374	7.208530805687204	8.990498812351545	0.0	5.845315904139434	1.0182926829268293	13.44559585492228	0.0	0.0	7.487804878048781	11.079166666666667
25214	0.044585987261146494	1.7319884726224783	0.0	3.6588235294117646	0.0	0.0	1.016431924882629	2.4076433121019107	0.0	10.401041666666666	9.301486199575372	1.802547770700637	0.0	0.0	7.308433734939759	14.428884026258206	0.0	7.495238095238095	2.346368715083799	17.603932584269664	0.0	0.0	8.23003194888179	23.238095238095237
25215	0.0	1.6143790849673203	0.0	1.5555555555555556	0.0	0.0	1.1241830065359477	1.0588235294117647	2.9673202614379086	1.8562091503267975	5.029197080291971	1.4313725490196079	0.0	0.0	8.854368932038835	8.176470588235293	0.8627450980392157	6.777777777777778	2.69281045751634	8.164473684210526	0.0	0.0	2.394160583941606	3.150326797385621
25216	0.0	0.0	0.0	5.9054441260744985	0.0	0.0	1.0369230769230768	1.6676829268292683	0.0	12.030516431924882	1.2347417840375587	3.954326923076923	0.0	0.0	5.846354166666667	12.489028213166144	0.0	5.903755868544601	4.308605341246291	32.52866242038217	0.0	0.0	4.516819571865444	17.71361502347418
25217	0.0	1.9639079029247044	0.30681133212778783	0.8140243902439024	0.0	0.0	3.014426727410782	2.1872659176029963	0.0	9.301369863013699	3.355828220858896	0.7589082638362395	0.4213381555153707	0.0	5.549006622516556	9.722547584187408	0.0	3.8703007518796992	2.003616636528029	21.911740890688257	0.0	0.0	6.210922787193974	22.365957446808512
25218	0.0	2.4782608695652173	0.0	6.344202898550725	0.0	0.0	4.231884057971015	6.261627906976744	0.0	16.06367041198502	7.949275362318841	0.21014492753623187	0.0	0.0	10.448717948717949	14.647540983606557	0.0	11.851449275362318	3.1497975708502026	25.0635593220339	0.0	0.0	7.476439790575916	23.967032967032967
25219	0.0	0.0	0.0	0.0	2.0	0.0	0.0	2.104761904761905	0.0	4.40952380952381	2.8859060402684564	0.0	0.0	0.0	5.033333333333333	6.219047619047619	0.0	1.8571428571428572	0.0	4.161904761904762	0.03333333333333333	0.0	1.880952380952381	6.380487804878049
25220	0.6291079812206573	0.0	0.0	4.248387096774193	0.028169014084507043	0.0	1.431924882629108	0.9107981220657277	0.0	4.75774647887324	1.7511737089201878	0.2300469483568075	0.0	0.0	1.907216494845361	7.049230769230769	0.0	2.0539906103286385	1.7582159624413145	6.426966292134831	0.0	0.0	1.9976525821596245	11.553516819571865
25221	0.0	1.1839080459770115	0.0	0.0	0.0	0.0	0.0	0.0	0.0	10.134328358208956	1.034965034965035	0.13793103448275862	0.0	0.0	2.454022988505747	8.790849673202615	0.0	4.730769230769231	1.9137931034482758	15.716814159292035	0.0	0.0	7.048192771084337	8.14367816091954
25222	0.0	1.3089430894308942	0.0	3.2398373983739837	0.4796747967479675	0.0	0.0	2.2601626016260163	0.0	5.2317073170731705	3.6219512195121952	0.0	0.0	0.0	3.7886178861788617	11.192622950819672	0.0	3.122549019607843	0.9552845528455285	11.871657754010695	0.0	0.0	4.405737704918033	7.823770491803279
25223	0.5500650195058517	1.7612293144208038	0.9792626728110599	6.0376884422110555	1.7957198443579767	0.0	0.9614873837981408	2.2709750566893425	0.8832199546485261	11.81191222570533	6.930704898446834	1.8693586698337292	1.8102564102564103	1.9241126070991432	6.171361502347418	11.97716894977169	0.0	9.341176470588236	2.6258503401360542	17.042105263157893	0.31746031746031744	1.6134564643799472	3.8550368550368552	19.822429906542055
25224	0.0	0.0	0.0	3.972972972972973	0.0	0.0	2.063613231552163	0.0	0.0	10.919753086419753	5.614035087719298	0.0	0.0	0.0	0.0	9.261980830670927	0.0	6.337748344370861	1.9567430025445292	15.643916913946587	0.0	0.0	4.175572519083969	15.230985915492958
25225	0.0	0.0	0.0	3.7492537313432837	0.0	0.0	5.331081081081081	0.7431693989071039	0.0	5.285185185185185	2.4962630792227203	1.953929539295393	0.0	0.0	7.0109289617486334	9.27652733118971	0.0	2.811217510259918	0.7811993517017828	28.23022847100176	0.0	0.0	4.13810316139767	19.510887772194305
25226	0.0	2.0642570281124497	0.0	3.819277108433735	0.0	0.0	2.9950980392156863	6.566666666666666	0.0	5.212643678160919	1.7108433734939759	2.36144578313253	0.0	0.0	6.879518072289157	11.0	0.0	11.878378378378379	2.57429718875502	28.618852459016395	0.0	0.4899598393574297	4.949238578680203	21.866995073891626
25227	0.0	0.8898550724637682	0.6507246376811594	5.853982300884955	0.0	0.0	1.08994708994709	1.1043478260869566	0.0	6.765793528505393	3.5454545454545454	0.9246376811594202	0.5681159420289855	0.0	4.279411764705882	12.50880626223092	0.0	6.208333333333333	2.135593220338983	18.24337748344371	0.0	0.0	6.111470113085622	16.78026070763501
25228	0.0	2.525351252290776	0.5938069216757741	4.723880597014926	0.0	0.0	2.161631419939577	2.3528995756718527	0.0	5.468283582089552	3.335927367055772	0.6921875	0.0	0.0	3.9316473000683527	13.478853046594983	0.0	4.002061855670103	2.33270911360799	23.3278955954323	0.0	0.0	5.990220048899755	20.484256926952142
25229	0.0	3.038095238095238	0.0	2.961904761904762	0.0	0.0	1.161904761904762	1.7142857142857142	0.0	14.146666666666667	3.84375	1.7047619047619047	0.0	0.0	5.314285714285714	8.561904761904762	0.0	4.695238095238095	3.1523809523809523	14.626865671641792	0.0	0.0	3.769230769230769	6.419047619047619
25230	0.0	2.0295566502463056	0.0	2.878531073446328	0.0	0.0	2.7496038034865293	2.081277213352685	0.0	7.321688500727802	5.285714285714286	0.7578947368421053	0.0	0.0	5.176691729323308	8.774281805745554	0.0	7.478893740902475	2.0268620268620268	18.40268456375839	0.0	0.0	2.1983739837398373	15.606815203145478
25231	0.0	1.4879743452699092	0.0	3.6805555555555554	0.0	0.0	2.014207650273224	1.9448169159360496	0.0	13.285952248750695	3.226725082146769	1.665942422596415	0.05923694779116466	0.4407630522088353	8.015862944162437	11.070006035003017	0.0	5.862122788761707	1.376300578034682	20.921185372005045	0.0	0.0	4.83753046303818	16.48185868873329
25232	0.0	2.1834451901565997	0.0	3.8044041450777204	0.0	0.0	1.8100490196078431	1.4031088082901555	0.0	9.27111111111111	3.9572836801752462	1.8542857142857143	0.0	0.0	4.882647943831494	4.707082833133254	0.0	4.99687825182102	0.0	27.06578947368421	0.16285714285714287	0.0	5.746014877789586	19.387129724208375
25233	0.0	1.996941896024465	0.0	2.9150943396226414	0.0	0.0	2.36085626911315	0.9235474006116208	0.0	7.553921568627451	2.2629969418960245	0.9663608562691132	0.0	0.0	10.654434250764526	13.348920863309353	0.0	9.033210332103321	0.2599388379204893	22.293929712460063	0.0	0.0	3.387323943661972	20.043010752688172
25234	0.0	3.780141843971631	0.0	5.577981651376147	0.0	0.0	2.524822695035461	2.9078014184397163	0.0	4.130434782608695	18.959183673469386	0.0	0.0	0.0	13.705882352941176	15.044776119402986	0.0	3.3900709219858154	0.0	19.803571428571427	0.0	0.0	5.6453900709219855	18.914893617021278
25235	0.0	3.08974358974359	0.0	2.41025641025641	0.0	0.0	0.0	0.0	0.0	1.205128205128205	5.339285714285714	3.0	0.0	0.0	6.196078431372549	6.743589743589744	0.0	1.5128205128205128	0.358974358974359	6.181818181818182	0.8717948717948718	0.0	2.717948717948718	6.818181818181818
25236	0.0	3.734513274336283	0.0	17.836923076923078	0.30385487528344673	0.0	3.5551181102362204	5.034013605442177	0.0	23.606177606177607	12.75	2.687074829931973	0.0	0.0	20.90909090909091	21.671201814058957	0.0	10.378048780487806	5.615591397849462	54.47687861271676	0.0	0.0	16.762124711316396	49.235732009925556
25237	0.0	0.0	0.0	0.0	0.0	0.0	0.0	0.0	0.0	3.7471264367816093	3.3793103448275863	0.0	0.0	0.0	8.11023622047244	3.3833333333333333	0.0	4.471264367816092	0.0	6.971264367816092	0.0	0.0	0.9827586206896551	14.388059701492537
25238	0.0	0.0	0.0	0.0	0.0	0.0	0.0	0.5216049382716049	0.0	5.760869565217392	1.4722222222222223	1.4412698412698413	0.0	0.0	1.873456790123457	2.4658385093167703	0.0	0.30864197530864196	0.0	13.172881355932203	0.0	0.0	0.0	8.885135135135135
25239	0.0	1.39247311827957	1.5806451612903225	2.7738095238095237	0.0	0.0	2.370967741935484	0.0	0.0	5.091397849462366	3.4803149606299213	2.064516129032258	0.0	0.0	6.343373493975903	15.806451612903226	0.0	9.63978494623656	1.4516129032258065	24.79136690647482	0.0	0.0	8.505376344086022	18.306451612903224
25240	0.0	0.958139534883721	0.0	3.1487603305785123	0.0	0.0	2.899145299145299	1.2548209366391185	0.0	8.432732316227462	5.027072758037225	2.2644628099173554	0.0	0.0	9.443373493975903	11.816831683168317	0.0	6.372159090909091	1.6225895316804408	28.618479880774963	0.0	0.0	4.002886002886003	17.02874432677761
25241	0.0	0.0	0.0	2.7222222222222223	0.0	0.0	7.34640522875817	3.870967741935484	0.41975308641975306	5.265432098765432	1.3703703703703705	1.2345679012345678	0.0	0.0	8.678571428571429	11.094117647058823	0.0	0.8333333333333334	0.5308641975308642	17.65909090909091	0.0	0.0	6.896774193548387	13.845637583892618
25242	0.0	2.954876273653566	0.9819277108433735	4.303448275862069	0.0	0.0	1.925984251968504	2.3871906841339157	0.0	10.692867540029113	2.809135399673736	1.9636098981077148	0.0	0.0	7.477104874446086	9.692035398230088	0.0	3.621542940320233	1.8733624454148472	13.293814432989691	0.0	0.0	7.362348178137652	12.648062015503877
25243	0.0	1.0146520146520146	0.8974358974358975	0.0	0.0	0.23443223443223443	0.0	1.7875457875457876	0.0	3.9474708171206228	1.8424908424908424	0.0	0.0	0.0	4.068265682656826	4.356394129979035	0.0	3.476547842401501	0.0	7.677922077922078	0.15018315018315018	0.0	2.412087912087912	7.048355899419729
25244	0.0	1.1192660550458715	0.0	1.7064220183486238	0.0	0.0	0.0	0.0	0.0	3.847972972972973	2.015290519877676	1.018348623853211	0.0	0.0	2.0397553516819573	8.056478405315614	0.0	3.0219435736677114	0.0	15.335570469798657	0.0	0.0	6.942857142857143	15.820224719101123
25245	0.0	2.2033898305084745	1.3333333333333333	4.11864406779661	0.0	0.0	0.0	2.954022988505747	0.0	8.531073446327683	5.10828025477707	0.0	0.0	0.0	4.870056497175141	6.892857142857143	0.0	10.572727272727272	2.305732484076433	20.048780487804876	0.0	0.0	4.88622754491018	12.808510638297872
25246	0.0	0.0	0.0	3.5768463073852295	0.0	0.0	2.118511263467189	2.313706563706564	0.0	6.968531468531468	6.010822510822511	0.6928446771378709	0.0	0.0	3.9236842105263157	11.218861209964412	0.0	3.542028985507246	2.514450867052023	20.065666041275797	0.0	0.0	6.027081243731193	15.302346570397113
25247	0.0	0.0	0.0	2.908108108108108	0.0	0.0	1.9989615784008308	2.836086404066074	0.0	10.838331160365058	2.9786967418546366	0.0	0.0	1.1007268951194185	3.880184331797235	6.2026359143327845	0.0	0.5461095100864554	1.803225806451613	9.752179327521793	0.0	0.0	3.455867082035306	12.04116865869854
25248	0.0	0.0	0.0	1.8107416879795397	0.0	0.0	0.0	1.2375	0.0	4.742105263157895	2.2159383033419022	0.0	0.0	0.0	3.416317991631799	3.5229166666666667	0.0	0.0	0.0	5.791397849462365	0.0	0.0	1.7708333333333333	14.729166666666666
25249	0.0	0.5769230769230769	0.0	2.3658536585365852	0.0	0.0	2.524390243902439	0.8617886178861789	0.0	13.6	0.9308943089430894	0.0	0.0	0.0	1.1951219512195121	9.223577235772357	0.0	0.0	5.701986754966887	10.279661016949152	0.0	0.0	3.8292682926829267	8.514893617021277
25250	0.0	0.9603603603603603	2.0	3.9925373134328357	0.0	0.0	2.0594594594594593	1.7349397590361446	0.0	6.4838012958963285	4.022680412371134	1.6144144144144144	0.0	0.0	2.9457202505219207	10.825757575757576	0.0	0.4018018018018018	1.2004950495049505	5.677477477477478	0.0	0.0	3.464864864864865	14.579326923076923
25251	0.0	0.8916938110749185	0.0	1.7489609310058187	0.0	0.0	1.9890965732087227	0.9650468883205456	0.0	7.258594917787743	3.572435395458105	0.0	0.0	0.0	2.93312101910828	6.580295566502463	0.0	2.76734693877551	0.0	17.199303742384682	0.0	0.0	3.011965811965812	12.201154163231656
25252	0.0	2.314655172413793	0.0	1.9603729603729603	0.0	0.0	1.1232323232323231	3.018181818181818	0.0	3.9238845144356955	3.440909090909091	0.0	0.0	0.0	3.886509635974304	7.101485148514851	0.0	3.7470588235294118	0.5414141414141415	11.367170626349893	0.0	0.0	1.8101010101010102	6.408163265306122
25253	3.164750957854406	9.727969348659004	6.130268199233717	3.506912442396313	1.4559386973180077	0.0	7.319634703196347	0.7177914110429447	4.406130268199234	30.885057471264368	9.478927203065133	2.1296296296296298	9.258964143426295	4.271317829457364	10.816091954022989	8.355263157894736	9.942528735632184	19.12442396313364	20.06046511627907	35.39676113360324	2.946360153256705	7.21860465116279	4.612745098039215	29.068493150684933
25254	0.0	3.2152777777777777	0.0	2.995515695067265	0.0	0.0	0.0	0.0	0.0	5.755905511811024	2.7534722222222223	1.8159722222222223	0.0	0.0	4.072916666666667	7.548223350253807	0.0	0.8645833333333334	0.6180555555555556	9.67013888888889	0.0	0.0	0.6180555555555556	9.514285714285714
25255	0.0	2.168765743073048	0.037037037037037035	4.377314814814815	0.0	0.0	0.0	0.875	0.9560185185185185	7.190298507462686	0.7314814814814815	3.75	0.6111111111111112	0.0	2.8411764705882354	9.701970443349754	0.0	2.986111111111111	1.8842592592592593	9.86574074074074	0.0	0.2037037037037037	4.706959706959707	14.104166666666666
25256	0.0	2.01440329218107	0.0	2.351100811123986	0.0	0.0	1.5726405090137858	2.925170068027211	0.060699588477366256	10.084566596194502	7.161856963613551	0.6168091168091168	0.0	0.0	5.938848920863309	10.74087591240876	0.0	5.873730043541364	1.087448559670782	14.59952606635071	0.0	0.0	3.9051522248243558	19.215028901734104
25257	0.0	0.0	0.0	0.0	0.0	0.0	2.372168284789644	4.436893203883495	0.0	3.854368932038835	2.885135135135135	2.6828478964401294	0.0	0.0	7.006472491909385	5.037735849056604	0.0	2.5608856088560885	3.982608695652174	9.954692556634305	0.0	0.0	3.410909090909091	10.06842105263158
25258	0.0	1.1062271062271063	0.0	4.251937984496124	0.0	0.0	2.432234432234432	1.7472527472527473	0.0	9.263736263736265	0.0	0.0	0.0	0.6117216117216118	3.698473282442748	2.593582887700535	0.0	4.670329670329671	0.0	12.628865979381443	0.0	0.03663003663003663	4.95970695970696	14.044843049327355
25259	0.0	1.434782608695652	0.0	0.0	1.4492753623188406	0.0	0.0	0.17391304347826086	0.0	0.0	0.0	0.0	0.6521739130434783	0.0	1.9130434782608696	2.1159420289855073	0.0	0.43478260869565216	0.0	6.333333333333333	0.0	0.0	0.0	7.022222222222222
25260	0.0	0.0	0.0	0.0	0.0	0.0	0.0	0.0	0.0	0.0	0.0	0.0	0.0	0.0	1.3222222222222222	2.3222222222222224	0.0	0.0	2.0	0.0	0.0	0.0	0.0	0.0
25261	0.0	1.7443581206067333	0.27421109902067464	3.444533762057878	0.0	0.0	1.6072826938136258	1.6497386109036594	0.0	9.348963029756538	3.7191489361702126	1.25607544432354	0.0	0.0	2.936550491510277	9.05695564516129	0.0	4.040880503144654	0.8198095238095238	17.726508407517308	0.0	0.0	3.943321616871705	15.032312211498112
25262	0.0	2.6666666666666665	1.3983050847457628	1.463276836158192	0.0	0.0	0.0	0.6242937853107344	0.0	3.7203389830508473	3.1666666666666665	0.0	0.0	0.0	4.7491961414791	6.938566552901024	0.0	3.6242774566473988	0.0	2.975806451612903	0.0	0.0	2.468926553672316	17.39179104477612
25263	0.0	0.4437984496124031	1.1434108527131783	5.3076923076923075	0.0	0.0	2.9455958549222796	2.523517382413088	0.0	12.0125	2.6315789473684212	1.7674418604651163	0.7131782945736435	0.0	9.065126050420169	16.057603686635943	0.0	2.2771084337349397	0.9651162790697675	15.461855670103093	0.0	0.0	5.664414414414415	19.639473684210525
25264	0.0	0.9142857142857143	0.6238095238095238	4.6761904761904765	0.0	0.0	0.0	0.0	0.0	11.759803921568627	1.5857142857142856	1.6476190476190475	0.0	1.8047619047619048	3.1476190476190475	18.275	0.0	0.8809523809523809	0.0	17.020833333333332	0.0	2.085714285714286	5.675675675675675	14.439613526570048
25265	0.0	1.866412213740458	0.1111111111111111	5.949685534591195	0.0	0.0	1.6481481481481481	5.051502145922747	0.0	9.770491803278688	4.02846975088968	0.0	0.0	0.0	10.445205479452055	14.654761904761905	0.0	6.1991525423728815	0.9722222222222222	11.52734375	0.0	0.0	4.75	18.05921052631579
25266	0.0	1.5957446808510638	0.04964539007092199	5.702127659574468	0.0	0.04964539007092199	0.0	3.4609929078014185	0.0	6.191489361702128	6.415254237288136	2.078014184397163	0.0	0.3829787234042553	4.836879432624113	6.907801418439717	0.0	10.992647058823529	4.219858156028369	22.149122807017545	0.0	0.0	1.070921985815603	26.887931034482758
25267	0.0	0.0	0.0	0.8689138576779026	0.0	0.0	1.1273408239700375	1.7078651685393258	0.0	2.816479400749064	8.190677966101696	0.0	0.0	0.0	4.274193548387097	12.46058091286307	0.0	0.7116104868913857	2.762645914396887	25.23873873873874	0.0	0.0	6.543071161048689	19.057416267942585
25268	0.0	0.0	0.0	0.9583333333333334	0.0	0.0	0.0	0.0	0.0	2.1333333333333333	0.0	0.0	0.0	0.5583333333333333	0.8583333333333333	2.0166666666666666	0.0	0.0	0.24166666666666667	8.165217391304347	0.0	0.0	0.5583333333333333	8.916666666666666
25269	0.3979933110367893	3.1119515885022695	0.0	5.722801788375559	0.0	0.0	2.6769456681350956	4.739762219286658	0.0	17.81107099879663	7.493993993993994	2.134560906515581	0.0	0.0	10.489032258064515	14.45	0.0	16.200542005420054	4.551645856980704	36.648173207036535	0.0	0.0	7.790301441677588	29.366384522370012
25270	0.0	0.0	1.0451505016722409	3.281188118811881	0.0	0.0	1.8461538461538463	3.397034596375618	0.0	4.674259681093394	5.10337552742616	0.0	0.0	0.0	5.945518453427065	8.123076923076923	0.0	5.474747474747475	1.39652448657188	27.581722319859402	0.0	0.0	5.775828460038986	18.306451612903224
25271	0.0	6.368421052631579	0.0	5.688679245283019	0.0	0.0	0.6842105263157895	2.5964912280701755	0.0	13.456140350877194	4.473684210526316	0.7017543859649122	0.0	0.0	3.2982456140350878	5.7368421052631575	0.0	2.0849056603773586	1.0	16.416666666666668	0.0	2.1228070175438596	4.087719298245614	22.910112359550563
25272	0.0	2.0150375939849625	0.0	2.3680555555555554	0.0	0.0	2.5902777777777777	4.111111111111111	0.0	7.962085308056872	4.2153284671532845	0.0	0.0	0.0	9.657992565055762	7.544117647058823	0.0	4.875	0.34375	13.7	0.0	1.4097222222222223	3.2118055555555554	14.578703703703704
25273	0.0	2.5925925925925926	1.2486772486772486	1.597883597883598	0.0	0.0	4.751322751322752	0.4126984126984127	0.0	9.832	0.7513227513227513	0.0	0.0	0.0	1.835978835978836	4.058201058201059	0.0	3.0264550264550265	0.0	14.317460317460318	0.0	0.0	11.904109589041095	9.164893617021276
25274	0.0	2.308300395256917	0.0	3.324705882352941	0.0	0.0	0.0	0.945823927765237	0.0	2.7356948228882834	1.907216494845361	0.0	0.0	0.0	2.536363636363636	6.770053475935829	0.0	3.2970521541950113	0.7889546351084813	9.629268292682926	0.0	0.0	5.461538461538462	15.046838407494144
25275	0.0	0.0	0.0	3.80184331797235	0.0	0.0	0.0	0.0	0.0	0.0	0.0	0.0	0.0	0.0	4.352697095435684	3.7736625514403292	0.0	0.6408839779005525	2.7037037037037037	11.880184331797235	0.0	0.0	0.0	11.852941176470589
25276	0.0	1.6603295310519646	0.3533834586466165	2.982408660351827	0.0	0.0	0.7969924812030075	0.0	0.0	6.592833876221499	3.9554597701149423	0.0	0.0	0.0	3.731457800511509	7.801242236024844	0.0	3.702189781021898	1.4761904761904763	13.763157894736842	0.0	0.0	6.457559681697613	12.269162210338681
25277	0.0	1.4204131227217498	0.0	2.032588454376164	0.0	0.0	2.0558428128231645	1.9227188081936686	0.0	10.979238754325259	3.5182998819362457	0.0	0.0	0.0	2.5319351763584366	9.111814345991561	0.0	2.716321243523316	1.9462055715658022	12.939024390243903	0.0	0.0	3.625698324022346	19.229828850855746
25278	0.0	1.9373881932021466	0.0	2.5445180279617365	0.0	0.0	0.0	1.1194151096669374	0.0	9.484952708512468	1.998173515981735	0.0	0.0	0.0	3.4347826086956523	7.720734506503443	0.0	2.338156892612338	1.9386503067484662	14.877675840978593	0.0	0.0	3.247216035634744	15.975024015369836
25279	0.0	0.0	0.0	0.0	0.0	0.0	1.1666666666666667	0.0	0.0	5.051282051282051	0.0	0.0	0.0	0.0	0.0	1.0	0.0	0.0	0.0	7.679245283018868	0.0	0.0	0.0	0.0
25280	0.0	0.917910447761194	0.0	2.787826086956522	0.0	0.0	1.734820322180917	1.0956072351421189	0.0	6.218249075215783	6.356228172293364	1.10752688172043	0.0	0.0	5.387706855791962	6.602409638554217	0.0	4.546948356807512	1.8881199538638984	15.038709677419355	0.0	0.0	5.173010380622838	12.725699067909455
25281	0.0	3.6543715846994536	0.0	4.620218579234972	0.0	0.0	2.3345195729537367	2.2734761120263594	0.11475409836065574	9.97444089456869	3.096368715083799	0.0	0.0	0.0	8.422916666666667	8.240845070422536	0.0	2.6038251366120218	1.8743169398907105	20.683812405446293	0.0	0.0	3.6475279106858056	15.550387596899224
25282	0.6759259259259259	4.934673366834171	0.0	6.208333333333333	0.0	0.0	4.893939393939394	5.50354609929078	0.0	10.26027397260274	7.238095238095238	5.189814814814815	0.0	0.0	5.768518518518518	21.18	0.0	5.858974358974359	1.1712962962962963	30.385964912280702	0.0	0.0	16.281767955801104	27.77358490566038
25283	0.0	1.6855575868372943	0.0	3.971014492753623	0.0	0.0	0.0	1.970893970893971	0.0	6.431127012522361	2.137787056367432	0.0	0.0	0.0	1.924944812362031	3.470707070707071	0.0	5.288172043010753	1.2463768115942029	29.82366589327146	0.0	0.0	7.84251968503937	15.309055118110237
25284	0.0	1.9160935350756534	0.0	3.621745788667688	0.0	0.0	2.378698224852071	1.3640054127198917	0.0	7.48404255319149	5.202363367799114	0.0	0.0	0.0	5.319205298013245	7.6537102473498235	0.6808009422850412	3.4298136645962733	1.7754342431761787	16.047752808988765	0.0	0.0	3.2785145888594163	13.582159624413146
25285	0.0	0.9066666666666666	0.0	3.7285714285714286	0.0	0.0	1.7466666666666666	7.578199052132701	0.0	11.466981132075471	5.020833333333333	1.4679802955665024	0.0	0.8	6.1880733944954125	7.556756756756757	0.0	9.715555555555556	0.0	20.83653846153846	0.0	0.0	3.082901554404145	23.385057471264368
25286	0.0	1.3634385201305768	0.6810699588477366	3.252933507170795	0.0	0.0	2.536098310291859	1.0879828326180256	0.0	6.63151364764268	3.6180836707152495	1.1306584362139918	0.0	0.0	3.754246885617214	8.815294117647058	0.0	8.58553386911596	0.0	20.518805309734514	0.10905349794238683	0.0	1.9897304236200257	18.235099337748345
25287	0.0	1.1924398625429553	0.0	3.551546391752577	0.0	0.0	1.5841924398625429	2.761168384879725	0.0	8.105263157894736	3.0743099787685777	1.1717171717171717	0.0	0.054982817869415807	3.705357142857143	11.358736059479554	0.0	1.9805447470817121	1.3350877192982455	10.995744680851065	0.0	0.0	2.7419354838709675	14.55179282868526
25288	0.0	0.0	0.7342995169082126	2.282608695652174	0.0	0.0	2.603864734299517	2.136950904392765	0.0	7.550675675675675	3.5845410628019323	0.0	0.0	0.0	4.954787234042553	12.222910216718267	0.0	6.022988505747127	1.6545893719806763	26.9559902200489	0.0	0.0	3.024154589371981	7.399253731343284
25289	0.2623574144486692	0.8915569326103796	0.0	3.4694140373470703	0.0	0.0	2.3519944016794962	0.0	0.0	7.877142857142857	4.140362225097024	1.3187579214195184	0.0	0.0	2.7225296442687745	7.63265306122449	0.0	5.002991772625281	1.9016506189821183	20.596153846153847	0.564638783269962	0.0	4.311659192825112	17.623148148148147
25290	0.0	2.5136612021857925	4.771428571428571	3.1147540983606556	0.0	0.0	0.0	0.0	0.0	1.6775956284153006	0.8469945355191257	2.624242424242424	0.0	0.6666666666666666	5.769230769230769	1.3989071038251366	0.0	5.502732240437158	0.6120218579234973	21.636904761904763	0.0	0.0	3.8482142857142856	20.684848484848484
25291	0.0	0.616822429906542	0.0	3.0167173252279635	0.0	0.0	3.02571860816944	2.486784140969163	0.0	8.68373151308305	2.886853448275862	1.1202247191011236	0.0	0.0	1.932061978545888	8.04653937947494	0.0	4.15	1.1462264150943395	17.486590038314176	0.0	0.0	2.0929535232383807	14.018220793140408
25292	1.413105413105413	2.0626780626780628	0.0	2.7635327635327633	0.0	0.0	8.07773851590106	0.0	0.0	7.684365781710914	3.8394495412844036	0.0	0.4074074074074074	3.3447293447293447	3.47244094488189	6.478260869565218	0.0	12.271523178807946	3.47008547008547	15.993399339933994	0.0	0.0	1.5036231884057971	17.62962962962963
25293	0.0	5.352640545144804	0.0	1.859375	0.0	0.0	0.0	1.1106442577030813	0.0	10.388297872340425	0.9356136820925554	1.9957805907172996	0.0	0.0	3.995419847328244	10.341736694677872	0.0	7.022044088176353	2.3081232492997197	22.835164835164836	0.0	0.0	2.7857142857142856	23.491143317230275
25294	0.22797927461139897	1.1085271317829457	0.0	2.9790356394129978	0.0	0.0	0.0	0.8303571428571429	0.0	9.55092936802974	2.7324246771879483	0.9758203799654577	0.0	0.0	3.25	7.584095707248417	0.0	4.762440758293839	0.8054116292458261	16.65084226646248	0.0	0.0	3.147774480712166	15.283935242839352
25295	0.0	2.2714776632302405	0.0	4.180392156862745	0.0	0.0	1.6013745704467355	1.6323024054982818	0.0	7.816326530612245	1.9484536082474226	0.0	0.0	0.0	5.768361581920904	5.439446366782007	0.0	5.255395683453237	1.9003436426116838	22.48263888888889	0.0	0.0	2.5736434108527133	17.26086956521739
25296	0.0	0.9322709163346613	0.0	1.6056338028169015	0.0	0.0	1.146090534979424	0.0	0.0	10.287958115183246	3.816740088105727	0.9121552604698672	0.0	0.0	5.660761736049602	6.638747884940778	0.0	3.9861259338313766	0.7113316790736146	18.454891994917407	0.0	0.0	4.282608695652174	16.248642779587406
25297	0.0	1.2892459826946847	0.0	2.371841155234657	0.0	0.08904933814681107	3.059047619047619	1.229843561973526	0.0	7.696750902527076	4.712	0.6787003610108303	0.0	0.0	4.172922252010724	12.837004405286343	0.0	4.939823008849557	1.337992376111817	23.105865522174536	0.0	0.3176895306859206	4.013927576601671	14.94383775351014
25298	0.0	1.4550847457627119	0.6314553990610329	4.154090548054011	0.0	0.0	1.44679186228482	2.619718309859155	0.0	13.993981945837513	3.5722738799661875	1.2506102522375915	0.0	0.0	4.882747068676717	8.25631067961165	0.0	4.590998043052838	0.8451923076923077	16.2493321460374	0.0	0.0	2.1018010963194986	16.88083735909823
25299	0.0	1.397887323943662	0.0	3.9788434414668545	0.10446009389671361	0.0	1.3608923884514437	1.0422535211267605	0.0	7.443778110944527	3.4529262086513994	1.2183098591549295	0.0	0.0	6.7838196286472146	6.37733499377335	0.0	5.679136690647482	2.7183098591549295	15.732612055641422	0.0	0.0	3.8288508557457215	15.394062078272604
25300	0.8623853211009175	2.6013745704467355	0.0	3.617737003058104	0.0	0.0	1.9235474006116209	3.801223241590214	0.0	7.297247706422018	2.081967213114754	1.6605504587155964	0.0	0.0	5.281345565749236	8.32874617737003	0.0	2.6679462571976966	1.2370030581039755	18.992945326278658	0.0	0.0	3.4067278287461775	15.492635024549918
25301	0.0	1.8549382716049383	0.0	2.0339506172839505	0.0	0.0	0.9320987654320988	3.4382716049382718	0.0	9.604938271604938	7.060897435897436	0.7222222222222222	0.0	0.0	6.973584905660378	7.139344262295082	0.0	6.83445945945946	1.626543209876543	16.599348534201955	0.0	0.0	4.703703703703703	14.290123456790123
25302	0.0	1.460653474459273	0.0	2.9605055292259084	0.0	0.0	1.4242048740190003	0.8767588549247938	0.0	8.943747094374709	2.9176781002638523	0.9267840593141798	0.0	0.2846975088967972	4.9156441717791415	9.38566131025958	0.0	3.896437054631829	0.8549127640036731	15.901468498342018	0.0	0.0	3.455181460428509	14.737562756732085
25303	0.0	0.0	1.1382113821138211	1.5731707317073171	0.0	0.0	1.565040650406504	0.8902439024390244	0.0	6.253658536585366	2.9146341463414633	0.2764227642276423	0.0	0.0	0.0	10.115384615384615	0.0	3.3155737704918034	0.0	10.0625	0.0	0.0	3.8461538461538463	16.31578947368421
25304	0.2388888888888889	0.3111111111111111	0.0	2.0277777777777777	0.0	0.0	1.011111111111111	1.511111111111111	0.0	11.582608695652175	5.5	0.0	0.0	0.4777777777777778	4.455555555555556	3.9074074074074074	0.0	2.0166666666666666	0.0	11.034965034965035	0.0	0.0	7.211678832116788	19.788888888888888
25305	0.0	0.0	0.0	2.0	0.0	0.0	2.1020979020979023	1.0125	0.0	8.395833333333334	3.7769985974754556	0.49166666666666664	0.0	0.0	4.094575799721836	7.16566866267465	0.0	2.3361111111111112	2.099697885196375	15.277074542897328	0.0	0.0	1.8097222222222222	12.026388888888889
25306	0.0	1.3668763102725368	0.0	5.333333333333333	0.0	0.0	0.9936305732484076	0.8742138364779874	0.0	5.726582278481013	3.813031161473088	3.9639065817409764	0.6184486373165619	0.0	1.8103975535168195	8.303030303030303	0.0	5.182389937106918	4.534591194968553	15.636559139784946	0.0	0.0	3.8835164835164835	12.855643044619423
25307	0.0	1.0298507462686568	0.0	0.0	0.0	0.0	0.9353233830845771	1.0248756218905473	0.0	6.4125	3.3930348258706466	0.0	0.0	0.0	7.714285714285714	6.897810218978102	0.0	3.890547263681592	2.987878787878788	11.628048780487806	0.0	0.0	4.352112676056338	10.096590909090908
25308	0.0	0.0	0.0	2.5833333333333335	0.0	0.0	0.0	1.6458333333333333	0.0	9.75	4.166666666666667	0.0	0.0	0.0	7.1866666666666665	9.988235294117647	0.0	4.333333333333333	3.1354166666666665	18.447916666666668	0.0	0.0	1.4375	10.75
25309	0.0	0.0	0.0	0.0	0.0	0.0	0.0	0.0	0.0	4.824561403508772	1.7653061224489797	0.49122807017543857	0.0	0.0	3.4298245614035086	11.592233009708737	0.0	7.719298245614035	1.0	12.931034482758621	0.0	0.0	8.929824561403509	4.228070175438597
25310	0.0	0.0	0.0	1.7255139056831923	0.0	0.0	2.3044058744993325	2.0	0.0	9.444137931034483	4.038690476190476	2.3699421965317917	0.0	0.0	7.134969325153374	7.889818688981869	0.0	1.9362670713201822	2.8693548387096772	9.984829329962073	0.0	0.0	5.774496644295302	18.71087533156499
25311	0.0	0.0	0.0	3.111111111111111	0.0	0.0	0.0	0.0	0.0	7.2745098039215685	0.0	1.25	0.0	0.0	4.633663366336633	9.598130841121495	0.0	4.361111111111111	0.9074074074074074	11.568627450980392	0.0	0.4537037037037037	0.0	12.7012987012987
25312	0.0	0.2695035460992908	0.0	0.0425531914893617	0.0	0.0	0.0	2.3191489361702127	0.0	5.524193548387097	0.0	0.7021276595744681	0.0	0.0	4.201492537313433	9.907801418439716	0.0	7.099290780141844	0.6808510638297872	11.444444444444445	0.0	0.0	2.9645390070921986	20.0
25313	0.0	0.0	0.0	0.0	0.0	0.0	0.0	0.0	0.0	4.442622950819672	4.03125	0.0	0.0	2.606060606060606	0.0	8.780303030303031	0.0	0.0	0.0	13.58974358974359	0.0	0.0	4.7272727272727275	11.206896551724139
25314	0.0	5.53125	0.0	9.715151515151515	0.0	0.0	0.1497584541062802	3.6908212560386473	0.0	12.731428571428571	4.763285024154589	3.0531400966183573	0.0	0.0	7.004830917874396	11.971014492753623	0.0	0.9855072463768116	1.1884057971014492	24.006060606060608	0.0	0.357487922705314	0.9536423841059603	21.112582781456954
25315	0.0	3.6292134831460676	1.1703296703296704	5.573033707865169	0.0	0.0	2.0994152046783627	3.9950738916256157	0.0	21.026217228464418	5.779661016949152	2.6728971962616823	0.0	0.0	15.437229437229437	21.913857677902623	0.0	21.228464419475657	8.666666666666666	29.46816479400749	0.0	0.0	15.685393258426966	33.194871794871794
25316	0.0	0.8918918918918919	0.0	3.2972972972972974	0.0	0.0	2.4594594594594597	0.0	0.0	10.566666666666666	2.09009009009009	3.4234234234234235	0.0	0.0	4.780952380952381	8.162162162162161	0.0	3.7477477477477477	0.0	40.464646464646464	0.0	0.0	13.779816513761467	17.76388888888889
25317	0.0	2.6981981981981984	0.0	5.079081632653061	0.0	0.0	3.2004504504504503	4.004504504504505	0.0	12.140776699029127	3.5555555555555554	0.9234234234234234	0.0	0.0	3.5994897959183674	12.923664122137405	0.0	2.144144144144144	3.1036036036036037	19.567251461988302	0.0	0.3918918918918919	8.518604651162791	16.022727272727273
25318	0.0	1.1440677966101696	0.0	5.416267942583732	0.0	0.0	0.8287037037037037	2.838709677419355	0.0	11.699074074074074	9.95360824742268	1.923444976076555	0.0	0.0	6.0054945054945055	9.636363636363637	0.0	2.9768518518518516	1.1574074074074074	12.441624365482234	3.611940298507463	0.0	8.494623655913978	25.43888888888889
25319	0.0	3.0981047937569675	0.0	5.653061224489796	0.0	0.0	6.111545988258317	3.8393094289508634	0.0	18.4090407938258	8.870262390670554	2.5226179018286814	0.0	0.32196969696969696	7.255266418835192	18.50606394707828	0.0	9.711267605633802	4.905717151454363	35.61711229946524	0.0	0.0	8.459193706981317	39.77946324387398
25320	0.0	0.5365853658536586	0.0	0.0	0.0	0.0	0.3252032520325203	0.0	0.0	6.735772357723577	0.13414634146341464	0.991869918699187	0.0	0.0	4.253393665158371	4.028455284552845	0.0	7.586021505376344	0.32926829268292684	7.872222222222222	0.0	0.0	1.7398373983739837	4.504098360655738
25321	0.0	4.017142857142857	0.0	3.6048565121412803	0.0	1.3024282560706402	1.9050772626931567	0.3353658536585366	0.0	8.180156657963446	0.652317880794702	1.5208913649025069	0.0	0.0	2.085872576177285	8.101545253863135	0.0	1.962837837837838	1.9403973509933774	19.277936962750715	0.0	0.0	3.579081632653061	14.67989417989418
25322	0.0	1.1203155818540433	0.0	4.539358600583091	0.0	0.0	2.8067961165048545	1.1394182547642928	0.0	7.983084577114428	3.81077694235589	0.7804621848739496	0.0	0.0	5.780058651026393	10.387612387612387	0.0	2.9861286254728876	1.9133858267716535	17.926751592356688	0.0	0.0	8.112169312169312	18.18472063854048
25323	0.0	0.6536796536796536	0.0	3.697732997481108	0.0	0.0	0.0	1.4736842105263157	0.0	1.3641456582633054	2.451388888888889	0.0	0.0	0.0	0.0	3.068075117370892	0.0	2.634199134199134	0.0	13.553072625698324	0.0	0.0	5.296943231441048	8.070175438596491
25324	0.0	0.0	0.0	3.2789115646258504	0.0	0.0	1.8503401360544218	0.0	0.0	7.5	2.139455782312925	2.204081632653061	0.0	0.0	3.7891156462585034	7.77891156462585	0.0	3.752	0.8469387755102041	19.43776824034335	0.0	0.0	1.2222222222222223	10.108949416342412
25325	0.0	1.5430839002267573	0.0	3.758503401360544	0.0	0.0	3.840480274442539	0.0	0.0	6.943589743589744	2.3515731874145005	1.0269541778975741	0.0	0.0	5.622554660529344	11.106933019976498	0.0	3.010204081632653	2.3892694063926943	21.99201065246338	0.0	0.0	6.323420074349443	12.055325034578146
25326	0.0	0.0	1.393939393939394	1.2545454545454546	0.0	2.812121212121212	0.8545454545454545	3.515151515151515	0.0	6.962732919254658	6.752	2.6424242424242426	0.0	0.0	5.24375	4.824324324324325	0.0	2.5933333333333333	2.6226415094339623	16.437037037037037	0.0	0.0	2.191919191919192	19.161290322580644
25327	0.0	0.0	2.154166666666667	3.7882882882882885	1.5166666666666666	2.0166666666666666	4.148325358851674	2.7041666666666666	0.0	11.67816091954023	3.811659192825112	2.4291666666666667	0.0	0.0	7.873949579831932	7.504166666666666	0.0	4.520833333333333	0.6358381502890174	20.26222222222222	0.0	0.0	9.116666666666667	14.16826923076923
25328	0.0	1.7639296187683284	0.0	2.028328611898017	0.0	0.0	2.5860655737704916	2.337404580152672	0.0	11.305719921104536	2.7770961145194275	1.9916083916083915	0.0	0.0	8.918836140888208	9.786032689450224	0.0	4.570637119113574	0.0	28.92179700499168	0.0	0.0	4.601756954612006	12.712092130518235
25329	0.0	1.553030303030303	0.0	0.0	0.0	0.0	1.946969696969697	6.045833333333333	0.0	6.965909090909091	3.1485148514851486	1.0075757575757576	0.0	0.0	5.981060606060606	7.155778894472362	0.0	5.988636363636363	0.8674242424242424	8.275109170305678	0.0	0.0	1.3181818181818181	12.791666666666666
25330	0.0	2.048449612403101	0.0	3.245960502692998	0.0	0.0	1.7222222222222223	3.2864583333333335	0.0	11.245934959349594	3.120805369127517	0.0	0.0	0.0	8.131465517241379	4.27852998065764	0.0	2.082024432809773	1.508313539192399	3.0859598853868193	0.0	0.0	4.494485294117647	17.2972972972973
25331	0.0	1.3367174280879865	0.0	2.931919642857143	0.0	0.0	2.422391857506361	1.6504653567735263	0.0	8.411492122335495	3.527950310559006	0.0	0.0	0.0	6.877917414721724	10.062628336755647	0.0	7.5159817351598175	0.6155285313376988	15.654970760233919	0.0	0.0	4.380910683012259	14.36923076923077
25332	0.0	1.0138888888888888	2.9583333333333335	4.027777777777778	0.0	0.0	2.0	1.3819444444444444	0.0	9.444444444444445	0.0	0.0	0.0	0.7013888888888888	1.3333333333333333	1.5585585585585586	0.0	5.576388888888889	1.1666666666666667	17.583333333333332	0.0	0.0	1.3846153846153846	22.127659574468087
25333	4.323476702508961	3.0084439083232812	0.0	2.8253796095444685	0.0	0.0	3.684587813620072	2.7664835164835164	1.802734375	19.036328871892927	8.053349875930522	1.9818529130850049	2.0913978494623655	1.6366594360086768	5.893137254901961	8.388195232690125	3.875234521575985	9.0297121634169	5.699	18.639680729760546	0.0	1.6684723726977249	4.967032967032967	28.045500505561172
25334	0.0	0.6549707602339181	0.543859649122807	1.5964912280701755	0.0	0.0	0.9766081871345029	1.1900584795321638	0.0	13.537764350453172	5.1345029239766085	0.8830409356725146	0.3684210526315789	1.286549707602339	9.640350877192983	10.547297297297296	0.0	1.5598290598290598	0.6461988304093568	19.09727626459144	0.3684210526315789	1.5847953216374269	4.633093525179856	15.540350877192983
25335	0.0	3.234042553191489	0.0	10.23963133640553	0.0	0.0	3.4329896907216493	2.9782608695652173	0.0	18.297029702970296	3.909090909090909	4.36180904522613	2.3076923076923075	0.5341880341880342	7.395555555555555	18.207070707070706	0.0	10.38888888888889	6.701298701298701	17.26923076923077	0.6153846153846154	0.48717948717948717	12.436363636363636	19.00854700854701
25336	0.0	2.6796536796536796	0.0	2.6926406926406927	0.0	0.0	2.488986784140969	0.008658008658008658	0.0	6.12987012987013	0.0	0.0	0.0	0.0	2.963235294117647	3.4285714285714284	0.0	7.208588957055214	0.0	13.414746543778802	0.0	0.0	5.991341991341991	13.597883597883598
25337	0.0	1.393939393939394	0.0	0.0	0.0	0.0	2.183098591549296	1.187878787878788	0.0	6.812362030905077	1.984771573604061	0.0	0.0	0.08080808080808081	2.511111111111111	6.127118644067797	0.0	3.8048780487804876	2.3838383838383836	12.976842105263158	0.0	0.0	5.706989247311828	11.621399176954732
25338	0.0	1.5361305361305362	0.0	1.6526806526806528	0.0	0.0	1.5011655011655012	1.31002331002331	0.0	4.7785714285714285	1.973621103117506	2.382284382284382	0.0	0.0	3.2842377260981914	5.402597402597403	0.0	4.908794788273616	0.0	7.609756097560975	0.0	0.0	1.407925407925408	8.873972602739727
25339	0.0	1.2474226804123711	0.0	0.8762886597938144	0.0	0.0	0.0	1.0206185567010309	0.0	3.9328358208955225	6.606271777003484	1.0549828178694158	0.0	1.0378006872852235	10.701149425287356	2.019704433497537	0.0	1.8487972508591066	0.0	12.587412587412587	0.0	0.0	4.536082474226804	13.223684210526315
25340	0.0	3.287878787878788	0.0	11.326996197718632	0.0	0.0	3.8257575757575757	5.555555555555555	0.0	24.833333333333332	8.639830508474576	3.1515151515151514	0.0	0.0	10.528205128205128	19.3475935828877	0.0	12.928571428571429	0.0	36.960199004975124	0.0	0.08333333333333333	8.056338028169014	11.748603351955307
25341	0.0	1.0990990990990992	0.0	3.4714714714714714	0.0	0.0	0.6192468619246861	1.954954954954955	0.0	11.062706270627062	3.7237762237762237	0.0	0.0	0.0	5.188235294117647	6.385113268608414	0.0	10.19375	2.062962962962963	17.045045045045047	0.0	0.0	1.960960960960961	20.342560553633216
25342	0.0	0.0	1.1376404494382022	0.6139705882352942	0.0	0.0	2.362962962962963	2.017283950617284	0.0	10.435828877005347	3.9322916666666665	0.6370370370370371	0.0	0.7283950617283951	5.677710843373494	9.103053435114504	0.0	9.579268292682928	2.6271604938271604	10.208092485549132	0.0	0.0	5.521739130434782	14.907185628742514
25343	0.0	1.7491082045184305	0.0	2.603465851172273	0.0	0.0	3.8633540372670807	0.0	0.0	10.151685393258427	3.496027241770715	1.0468909276248726	0.0	0.0	5.392030848329049	8.90899001109878	0.0	5.748140276301807	1.4169215086646278	12.911357340720222	0.0	0.0	3.706015891032917	15.537240537240537
25344	0.0	1.4355555555555555	0.0	5.3259668508287294	0.0	0.0	2.7866666666666666	3.8554913294797686	0.0	3.951111111111111	6.937007874015748	0.0	0.0	0.0	6.034090909090909	8.4921875	0.0	4.167464114832536	0.0	15.736263736263735	0.0	0.0	2.1584158415841586	12.093959731543624
25345	0.0	0.0	0.9757575757575757	1.8164794007490637	0.0	0.0	3.190909090909091	2.296969696969697	0.0	6.166666666666667	2.8452380952380953	0.9787878787878788	0.0	0.0	12.812785388127853	4.282539682539682	0.0	6.973584905660378	1.8484848484848484	7.2784313725490195	0.0	0.0	9.110410094637224	16.90836653386454
25346	0.0	1.8949771689497716	0.0	3.584474885844749	0.1917808219178082	0.0	2.1872146118721463	1.4155251141552512	0.0	8.015544041450777	5.949771689497717	0.9808612440191388	0.0	0.0	1.96045197740113	11.875	0.0	2.0878378378378377	1.2237442922374429	20.39072847682119	0.0	0.0	8.397260273972602	13.187134502923977
25347	0.0	0.4601449275362319	0.0	3.2681159420289854	0.0	0.0	0.6666666666666666	1.108695652173913	0.0	5.521739130434782	7.634538152610442	0.0	0.0	0.0	4.105485232067511	8.13978494623656	0.0	1.5615942028985508	0.40942028985507245	8.970260223048328	0.0	0.0	12.789954337899543	16.13397129186603
25348	0.0	2.4995215311004784	1.3943533697632058	4.0744827586206895	0.0	0.0	2.9447236180904524	1.7133458646616542	0.0	14.097813578826237	5.189300411522634	1.4953095684803002	0.0	0.0	6.9818181818181815	10.819738167170192	0.0	7.605731225296442	3.037325038880249	20.712280701754388	0.0	0.0	5.9302059496567505	25.180131004366814
25349	0.0	0.0	0.0	2.8086956521739133	0.0	0.0	1.207070707070707	1.77020202020202	0.0	13.071065989847716	4.391414141414141	1.4898989898989898	0.0	0.0	6.13595166163142	7.812925170068027	0.0	2.691394658753709	3.1174863387978142	25.791208791208792	0.0	0.0	10.037414965986395	18.88135593220339
25350	0.0	0.0	0.0	0.0	0.0	0.0	1.2795698924731183	2.064516129032258	0.0	9.83969465648855	3.5483870967741935	3.6881720430107525	0.0	0.0	6.975609756097561	11.096551724137932	0.0	5.861635220125786	2.064516129032258	23.154929577464788	0.0	0.0	2.6176470588235294	28.627777777777776
25351	0.0	0.0	0.0	1.7289340101522843	0.0	0.0	2.395209580838323	1.871628910463862	0.0	10.380660954712363	5.186746987951807	1.5908183632734532	0.0	0.0	5.616842105263158	9.193742478941035	0.0	3.2580645161290325	0.0	23.38060606060606	0.0	0.0	3.080357142857143	22.343058350100602
25352	0.0	4.159695817490494	1.7127659574468086	3.9468085106382977	0.0	0.0	1.9306930693069306	0.8404255319148937	0.0	9.125	3.1037037037037036	0.0	0.0	0.8439716312056738	6.506550218340611	7.726235741444867	0.0	6.289285714285715	0.0	18.556910569105693	0.0	0.0	5.827338129496403	15.65925925925926
25353	0.0	2.073170731707317	0.0	2.589430894308943	0.0	0.0	1.2032520325203253	1.2235772357723578	0.0	11.704347826086957	3.2083333333333335	3.6910569105691056	0.0	0.044715447154471545	5.631799163179917	12.189743589743589	0.0	1.9261083743842364	0.0	16.817073170731707	0.0	0.0	4.434959349593496	18.571428571428573
25354	0.0	1.4935897435897436	0.0	5.258333333333334	0.0	0.0	5.391025641025641	1.580128205128205	0.0	9.481099656357388	3.125	1.7564102564102564	0.0	0.0	5.772435897435898	9.453815261044177	0.0	3.0498220640569396	0.47435897435897434	21.84294871794872	0.0	0.0	4.600660066006601	10.864951768488746
25355	0.0	1.8299643281807372	0.0	3.171276595744681	0.0	0.0	0.0	2.351966873706004	0.0	7.961904761904762	3.6531049250535332	1.3781321184510251	0.0	0.0	3.706033376123235	10.332417582417582	0.0	3.2091584158415842	1.6585928489042676	21.717367853290185	0.0	0.0	5.943270300333704	17.71599045346062
25356	0.0	0.0	0.0	0.07492354740061162	0.0	0.0	1.7111486486486487	2.5913621262458473	0.0	11.82361963190184	2.3598774885145484	0.0	0.0	0.0	3.703076923076923	11.75492341356674	0.0	10.981167608286253	0.7881873727087576	17.080675422138835	0.0	0.0	3.627858627858628	15.222772277227723
25357	0.0	0.0	0.6147186147186147	4.525714285714286	0.9047619047619048	0.0	3.0606060606060606	2.103896103896104	0.0	0.8658008658008658	0.0	0.45454545454545453	0.0	0.0	5.271739130434782	4.214689265536723	0.0	1.3246753246753247	1.2337662337662338	9.248704663212436	0.0	0.0	1.8354978354978355	12.363636363636363
25358	0.0	0.0	0.0	2.4915254237288136	0.0	0.0	0.0	0.0	1.6440677966101696	3.2542372881355934	0.0	0.0	0.0	0.0	12.24561403508772	3.943502824858757	0.0	4.726315789473684	0.0	4.073333333333333	0.0	0.0	5.553672316384181	3.168831168831169
25359	0.0	0.0	0.0	0.0	0.0	1.0084033613445378	3.4391691394658754	1.484593837535014	0.0	9.79646017699115	3.518207282913165	0.7619047619047619	0.0	0.84593837535014	3.9607843137254903	9.144475920679886	0.6582633053221288	5.694158075601375	3.099264705882353	18.063063063063062	0.0	0.0	3.9607843137254903	11.187290969899665
25360	0.0	0.9120879120879121	0.0	6.291228070175438	0.0	0.0	0.4	2.7929824561403507	0.0	13.585964912280701	4.176245210727969	0.0	0.0	1.3754385964912281	7.101754385964912	10.836575875486382	0.0	8.082926829268292	0.0	16.248979591836736	0.0	0.0	5.6263345195729535	15.982456140350877
25361	0.0	3.1789473684210527	0.0	1.6746031746031746	1.0596491228070175	0.0	3.126315789473684	1.4210526315789473	0.0	8.578740157480315	7.0	0.0	0.0	0.0	3.8898678414096914	9.48728813559322	0.0	0.9642857142857143	7.726315789473684	22.6	0.0	0.0	2.8954545454545455	23.554716981132074
25362	0.0	3.307603686635945	0.0	4.984723854289071	0.0	0.0	7.130852340936374	1.9427710843373494	0.0	15.89825282631038	5.788461538461538	1.28714859437751	0.0	0.0	12.576679340937895	20.011627906976745	0.0	6.689944134078212	0.0	21.084249084249084	0.0	0.0	7.22876557191393	28.15863453815261
25363	0.0	0.0	0.0	1.5679012345679013	0.0	0.0	2.0	0.0	0.0	3.962962962962963	0.8024691358024691	0.0	0.0	0.0	3.759259259259259	4.518518518518518	0.0	0.0	0.0	10.296296296296296	0.0	0.0	1.5802469135802468	3.3684210526315788
25364	0.0	1.3742424242424243	0.0	3.022780832678712	0.0	0.0	2.2651982378854627	0.0	0.0	8.989972652689152	2.9297235023041477	0.8923187365398421	0.0	0.0	3.870139968895801	5.832253419726422	0.0	4.768312101910828	0.5738317757009346	18.73973607038123	0.0	0.0	6.867572156196944	17.80277098614507
25365	0.0	1.60352422907489	0.05592105263157895	4.906064209274673	0.0	0.0	3.629878869448183	2.0550351288056206	0.0	8.791277258566979	5.049418604651163	0.7224938875305623	0.0	0.0	2.912568306010929	11.975476839237057	0.0	7.667796610169492	1.2258771929824561	17.34771573604061	0.0	0.0	2.030892448512586	22.528089887640448
25366	0.0	0.9384384384384384	0.0	3.0056022408963585	0.0	0.0	2.7282913165266107	0.46846846846846846	0.0	11.33277027027027	4.853197674418604	0.47058823529411764	0.0	0.0	3.888695652173913	11.873651771956856	0.0	7.273118279569893	0.7717086834733894	19.362745098039216	0.0	0.35294117647058826	5.530578512396694	14.096474953617811
25367	0.0	0.0	0.0	3.915492957746479	0.0	0.0	1.0481283422459893	0.0	0.0	5.712918660287081	5.084507042253521	0.0	0.0	0.0	3.3661971830985915	9.225352112676056	0.0	6.415094339622642	1.0328638497652582	15.563758389261745	0.0	0.0	7.793427230046948	13.182857142857143
25368	0.0	2.076407506702413	0.0	1.8460559796437659	0.0	0.0	1.3498727735368956	1.520055325034578	0.0	6.725415070242656	2.9514563106796117	0.0	0.0	0.0	3.4022988505747125	4.253105590062112	0.0	5.422391857506361	1.9054593874833554	11.140136054421768	0.0	0.0	3.0025445292620865	9.201652892561983
25369	0.0	0.0	0.0	3.217094017094017	0.0	0.0	1.6666666666666667	0.0	0.0	7.8710407239819	1.3193832599118942	0.9747706422018348	0.0	0.0	1.8529411764705883	9.457627118644067	0.0	4.456637168141593	0.0	16.061962134251292	0.9128205128205128	0.0	2.9415204678362574	12.282868525896415
25370	0.08568075117370892	0.7746478873239436	0.0	3.077961019490255	0.0	0.0	1.4166666666666667	2.1148325358851676	0.0	6.008215962441315	6.796992481203008	1.4788732394366197	0.0	0.0	4.712883435582822	9.246913580246913	0.0	4.303990610328638	2.0201342281879193	13.321022727272727	0.14084507042253522	0.0	2.564066852367688	17.394444444444446
25371	0.0	0.0	1.6363636363636365	1.368731563421829	0.0	0.0	1.0973451327433628	2.8761061946902653	0.0	6.990769230769231	3.4159021406727827	0.0	0.0	0.9262536873156342	3.6884057971014492	10.12015503875969	0.0	3.094395280235988	1.2654867256637168	16.604938271604937	0.0	0.26253687315634217	4.147492625368732	14.334507042253522
25372	0.0	0.635	0.0	6.96	0.0	0.0	3.1339285714285716	2.2383333333333333	0.0	12.373029772329247	5.7538167938931295	1.0425531914893618	0.0	0.08333333333333333	7.125984251968504	13.127619047619048	0.0	2.9549356223175964	1.5166666666666666	35.141372141372145	0.0	0.0	7.459161147902869	16.74255319148936
25373	1.2146892655367232	0.0	0.0	2.824858757062147	0.0	0.0	1.9548022598870056	2.694915254237288	0.0	8.738372093023257	3.4971751412429377	3.711864406779661	0.0	0.0	3.5421686746987953	6.766423357664234	1.5649717514124293	10.86111111111111	0.07909604519774012	21.459119496855347	0.0	0.0	4.620689655172414	23.103174603174605
25374	0.0	0.0	0.0	4.889967637540453	0.0	0.0	0.0	2.0	0.0	5.32475884244373	4.186440677966102	2.0395480225988702	0.0	0.0	1.723342939481268	9.94331983805668	0.0	5.768976897689769	0.9463276836158192	16.463258785942493	0.0	0.0	5.100286532951289	21.940944881889763
25375	0.0	1.1642611683848798	1.2817869415807561	3.6784140969162995	0.0	0.0	1.4350152905198776	3.847457627118644	0.0	8.618932038834952	3.151558073654391	0.0	0.0	0.6309278350515464	5.150649350649351	8.588908450704226	0.0	7.2675585284280935	1.039877300613497	22.8586017282011	0.0	0.0	5.68280701754386	19.811072056239016
25376	0.03294573643410853	1.926356589147287	0.016472868217054265	3.9911699779249448	0.0	0.0	1.5833333333333333	0.8207364341085271	0.031007751937984496	5.966085271317829	5.684486373165618	0.03294573643410853	0.0	0.7364341085271318	3.6921465968586387	6.717983651226158	0.0	6.2214912280701755	3.363447559709242	20.16596194503171	0.0	0.0	3.8301119023397763	16.9378453038674
25377	0.0	0.7075	1.046242774566474	5.5606936416184976	0.0	0.0	0.649325626204239	3.4007707129094413	0.0	5.3893129770992365	5.2306122448979595	0.0	0.21579961464354527	0.0	3.4714003944773175	7.378600823045267	0.0	4.935034802784223	2.524	11.560640732265446	0.0	0.0	4.688659793814433	21.555555555555557
25378	0.0	0.48417132216014896	0.39106145251396646	5.926977687626775	0.0	0.0	0.0	2.792233009708738	0.0	9.231707317073171	3.2309124767225326	0.0	0.0	0.0	4.919220055710307	6.981519507186858	0.0	8.055232558139535	0.845437616387337	24.56900726392252	0.0	0.0	3.5865921787709496	26.108695652173914
25379	0.0	2.7080745341614905	0.0	2.2737127371273713	0.0	0.0	0.8184281842818428	0.0	0.0	1.9259259259259258	1.91869918699187	0.0	0.0	0.0	2.186991869918699	3.3843283582089554	0.0	0.6138211382113821	0.0	4.403794037940379	0.0	0.0	1.6639566395663956	6.06353591160221
25380	0.0	3.2533333333333334	0.0	3.038922155688623	0.0	0.0	2.874125874125874	2.9367945823927766	0.0	9.416666666666666	6.185614849187935	3.6422222222222222	0.0	0.0	8.671111111111111	5.202325581395349	0.0	2.84	0.013333333333333334	22.11241217798595	0.0	0.0	2.3118279569892475	8.035046728971963
25381	0.0	3.427262313860252	0.0	5.046571798188874	0.0	0.0	1.960639606396064	2.111111111111111	0.0	10.135989010989011	1.591160220994475	1.3730407523510972	0.0	0.0	9.33922261484099	12.517123287671232	0.0	9.776824034334764	1.244514106583072	20.87857142857143	0.0	0.0	5.619930475086906	14.847102342786684
25382	0.0	1.6823935558112773	0.0	3.0761290322580646	0.0	0.0	0.9759206798866855	1.6075514874141876	0.0	9.249433106575964	3.2606199770378876	1.0647208121827412	0.0	0.0	4.122950819672131	5.956466069142126	0.0	3.8897535667963683	1.7867469879518072	24.280058651026394	0.0	0.0	8.009803921568627	16.679338842975206
25383	0.0	2.893939393939394	0.0	2.66140350877193	0.0	0.0	2.0952380952380953	0.9218989280245024	0.0	5.788359788359788	4.552287581699346	0.0	0.0	0.0	4.147100424328147	3.4317343173431736	0.0	4.739130434782608	3.2301587301587302	18.09672131147541	0.0	0.0	7.575396825396825	10.45593220338983
25384	0.0	2.1265822784810124	0.0	2.4894514767932487	0.0	0.0	3.350210970464135	0.0	0.0	6.092165898617512	0.0	0.0	0.0	0.0	5.434599156118144	5.776744186046511	0.0	5.919831223628692	1.9662447257383966	17.29957805907173	0.0	0.0	4.839662447257384	16.339285714285715
25385	0.0	0.6295971978984238	0.0	1.6789431545236189	0.0	0.0	1.588961510530138	1.1472629144178874	0.0	7.13549459684123	3.5445632798573974	1.8489469862018881	0.0	0.46042120551924476	4.007334963325183	5.189094107299912	0.0	4.364875094625284	0.49382716049382713	12.026644462947544	0.0	0.0	2.4643179765130983	10.98249227600412
25386	0.0	0.0	0.0	2.042105263157895	0.0	0.0	0.0	0.5263157894736842	0.0	1.6771929824561405	0.0	1.1157894736842104	0.0	0.0	0.5051020408163265	3.5043103448275863	0.0	1.19921875	0.0	9.47719298245614	0.0	0.0	0.6324110671936759	2.5672514619883042
25387	0.0	1.3258474576271186	0.0	3.330734509643004	0.0	0.0	1.8082942097026604	1.5018018018018018	0.0	9.647007805724197	1.5235124760076775	0.0	0.0	0.0	3.6024646280237334	7.543859649122807	0.0	2.9625506072874495	0.7675294117647059	12.388059701492537	0.0	0.0	3.44971381847915	13.197878416972664
25388	0.7443609022556391	0.0	0.0	2.736842105263158	0.0	0.0	1.205513784461153	1.5137844611528821	0.0	7.913312693498452	2.3784461152882206	2.43859649122807	0.0	0.0	2.4334277620396603	10.960912052117264	0.0	2.8260869565217392	2.142857142857143	13.423728813559322	0.0	0.0	0.0	13.69423558897243
25389	0.0	1.4677777777777778	0.0	2.9484848484848483	0.0	0.0	0.4896551724137931	1.6688888888888889	0.0	6.613636363636363	4.51400730816078	0.6255555555555555	0.0	0.0	1.6248366013071895	3.902120717781403	0.0	4.755725190839694	1.8311111111111111	10.827676240208877	0.11555555555555555	0.0	3.1666666666666665	19.147356580427445
25390	0.0	0.30994152046783624	0.0	0.0	0.0	0.0	4.72027972027972	1.7076023391812865	0.0	6.197278911564626	2.7251461988304095	0.0	0.0	0.0	0.0	1.4176470588235295	0.0	0.9941520467836257	0.0	13.5390625	1.736842105263158	0.0	2.810810810810811	8.286821705426357
25391	0.0	0.0	0.0	1.4165813715455475	0.0	0.0	1.288117770767613	1.6766034327009938	0.0	3.552752293577982	0.0	0.7352647352647352	0.0	0.0	3.72528616024974	7.4692737430167595	0.0	0.0	1.2537462537462538	7.997927461139897	0.0	0.0	2.9448345035105317	8.105543710021323
25392	0.0	0.0	0.0	0.8449612403100775	0.0	0.0	0.0	0.8682170542635659	0.0	11.279069767441861	0.0	1.0930232558139534	0.07751937984496124	0.0	4.434108527131783	12.791208791208792	0.0	2.604651162790698	1.434108527131783	4.713178294573644	0.0	0.0	1.7209302325581395	8.97391304347826
25393	0.0	1.6559743384121892	0.3502824858757062	3.902290076335878	0.0	0.0	2.5395480225988702	2.0	0.0	9.715925394548064	4.0069713400464755	1.4621428571428572	0.0	0.0	5.00160128102482	7.588424437299035	0.0	3.762301918265221	0.0	19.161344537815125	0.0	0.0	5.029285099052541	17.0926517571885
25394	0.0	0.0	0.0	0.7555555555555555	0.0	0.0	0.0	0.0	0.0	2.588888888888889	0.0	5.451612903225806	0.0	0.0	2.6444444444444444	0.32222222222222224	0.0	0.0	0.0	0.7333333333333333	0.0	0.0	0.0	0.17777777777777778
25395	0.0	1.0014409221902016	0.0	2.7651821862348176	0.0	0.0	3.446693657219973	0.9926362297496318	0.0	3.85829307568438	2.6626180836707154	0.0	0.0	0.0	2.218266253869969	4.819172113289761	0.0	1.972027972027972	0.8609986504723347	11.901484480431849	0.0	0.7327935222672065	3.3120915032679736	16.635701275045538
25396	0.0	0.7902259105578607	0.0	1.9002361275088548	0.0	0.0	2.105185185185185	1.9692898272552783	0.0	9.081621321488063	2.902906208718626	0.9152454780361757	0.0	0.0	4.4742152466367715	8.911557788944723	0.0	3.742544731610338	0.7666201766620176	13.921277809469482	0.0	0.0	4.994716618635927	15.955008034279594
25397	0.0	0.0	0.0	0.0	0.0	0.0	0.0	0.0	0.0	0.0	0.0	0.0	0.0	0.0	0.0	3.0100334448160537	0.0	1.9112903225806452	0.0	4.497142857142857	0.0	0.0	1.5013550135501355	0.208955223880597
25398	0.0	0.5632183908045977	0.0	2.086206896551724	0.0	0.0	1.293103448275862	0.0	0.0	8.683168316831683	0.0	0.7816091954022989	0.0	0.0	0.0	2.8735632183908044	0.0	0.8505747126436781	0.0	3.4080459770114944	0.0	0.0	0.0	1.6379310344827587
25399	0.0	0.0	0.0	0.44808743169398907	0.0	0.0	4.38768115942029	1.9254901960784314	0.8985507246376812	3.5610687022900764	1.818840579710145	2.307984790874525	0.0	0.0	4.771739130434782	6.93984962406015	0.0	2.995594713656388	0.0	9.626865671641792	0.0	0.0	2.7794117647058822	12.105691056910569
25400	0.0	0.8502617801047121	0.14492753623188406	4.404520654715511	0.0	0.0	1.446911196911197	0.0	0.0	6.026359143327842	1.997245179063361	1.236842105263158	0.459954233409611	0.0	4.051063829787234	11.194275802254987	0.0	3.237704918032787	1.313856427378965	17.664383561643834	0.0	0.0	5.068328716528162	19.261904761904763
25401	0.0	2.268292682926829	0.02032520325203252	0.0	0.0	0.0	1.0772357723577235	0.0	0.0	8.538681948424069	1.498533724340176	0.0	0.0	0.0	2.9826589595375723	9.406852248394005	0.0	3.796747967479675	0.7601626016260162	20.03713527851459	0.0	0.6260162601626016	1.6097560975609757	13.691542288557214
25402	0.0	0.0	0.1872146118721461	5.8969696969696965	0.0	0.0	4.013698630136986	0.9197860962566845	0.0	5.726027397260274	12.493150684931507	0.5205479452054794	0.0	0.0	4.255707762557078	8.95774647887324	0.0	2.5662100456621006	2.0593607305936072	14.281879194630873	1.3105022831050228	0.0	2.2420091324200913	14.193103448275862
25403	0.0	0.0	0.0	2.7834757834757835	0.0	0.0	0.0	1.1622641509433962	0.0	5.866220735785953	1.7065527065527066	0.0	0.0	0.0	2.2477341389728096	6.901449275362319	0.0	1.0718390804597702	1.1635220125786163	7.782608695652174	0.0	0.0	3.5641025641025643	10.516260162601625
25404	0.0	1.2851323828920571	0.0	1.9823788546255507	0.0	0.0	1.72991452991453	0.0	0.0	4.432572614107884	4.205248359887535	0.0	0.0	0.0	2.378827646544182	7.788853161843516	0.0	2.723684210526316	1.527117031398668	14.975261655566127	0.0	0.0	4.105540897097625	9.834851936218678
25405	0.0	0.23423423423423423	0.0	0.6306306306306306	0.0	0.0	1.1666666666666667	0.0	0.0	2.671171171171171	0.9144144144144144	0.0	0.0	0.0	0.6846846846846847	0.0	0.0	0.0	0.0	1.0765765765765767	0.0	0.0	0.0	3.8063063063063063
25406	0.0	0.0	0.0	0.0	0.0	0.0	0.9041666666666667	2.1166666666666667	0.0	2.8292682926829267	2.1	3.058333333333333	0.0	0.0	1.775	11.1625	0.0	14.74251497005988	0.0	11.932291666666666	0.0	0.0	1.6416666666666666	11.507389162561577
25407	0.0	0.0	0.0	2.6451612903225805	0.0	0.0	1.5053763440860215	1.6774193548387097	0.0	11.96774193548387	1.118279569892473	1.2903225806451613	0.0	0.0	0.3225806451612903	2.217391304347826	0.0	8.74468085106383	0.0	10.843137254901961	0.0	0.21505376344086022	0.0	7.466666666666667
25408	0.0	1.9616438356164383	0.07901234567901234	1.7927272727272727	0.0	0.0	0.0	1.418732782369146	0.0	4.577836411609499	0.0	0.03950617283950617	0.0	0.0	5.165432098765432	7.80939226519337	0.0	4.330601092896175	1.0469135802469136	13.190140845070422	0.0	0.0	1.9204152249134947	14.517142857142858
25409	0.0	2.3958333333333335	0.0	0.0	0.0	0.6333333333333333	3.3317972350230414	1.7333333333333334	0.0	7.5	7.645	0.0	0.0	0.0	10.437158469945356	6.073891625615763	0.0	5.745833333333334	2.1708333333333334	13.705882352941176	0.0	0.041666666666666664	6.359832635983263	14.791489361702128
25410	0.0	3.264437689969605	0.022357723577235773	1.6158536585365855	0.0	0.0	2.2378048780487805	1.896341463414634	0.0	13.325062034739455	5.10752688172043	0.0	0.0	0.0	6.051724137931035	11.116772823779193	0.0	3.7976190476190474	0.8780487804878049	14.298206278026905	0.0	0.0	2.868945868945869	15.231132075471699
25411	0.0	0.8710691823899371	1.3930817610062893	5.333333333333333	0.0	0.0	1.6415094339622642	4.768253968253968	0.0	12.68867924528302	4.035019455252918	1.7861635220125787	0.0	0.0	8.545741324921135	5.710963455149502	0.0	3.830188679245283	2.147798742138365	19.506410256410255	0.0	0.0	2.5346153846153845	15.459259259259259
25412	0.0	1.933596837944664	0.5126536514822849	3.5626535626535625	0.0	0.0	2.2566585956416465	1.7757487216946677	0.0	9.629331184528606	0.9712368168744008	0.0	0.0	0.351409978308026	6.464828897338403	7.36697247706422	0.0	5.215962441314554	1.2714067278287462	23.80698689956332	0.0	0.0	3.3978685612788633	15.582267689684569
25413	0.0	0.0	0.0	2.4625850340136055	0.0	0.0	0.9659863945578231	1.8095238095238095	0.0	7.35374149659864	3.4081632653061225	0.0	0.0	0.0	2.2448979591836733	2.4625850340136055	0.0	3.6122448979591835	0.0	16.167832167832167	0.0	1.9863945578231292	7.5859375	10.767605633802816
25414	0.0	3.1213463241806907	0.0	3.2645290581162323	0.0	0.0	1.826783114992722	1.7321899736147757	0.0	7.862359550561798	2.8490245971162	1.2350948509485096	0.0	0.0	4.037410071942446	6.052936910804931	0.0	2.4304635761589406	0.6568627450980392	12.884471117779444	0.0	0.0	3.768976897689769	16.0064874884152
25415	0.0	1.4858490566037736	0.0	1.6455026455026456	0.0	0.0	1.8483245149911816	1.1675485008818343	0.0	2.248565965583174	5.358288770053476	0.0	0.0	0.0	3.179856115107914	9.108	0.0	1.714	0.0	8.924489795918367	0.0	0.0	2.8005698005698005	10.45679012345679
25416	0.0	1.7853881278538812	0.0	2.302127659574468	0.0	0.0	2.404255319148936	1.2680851063829788	0.0	5.700598802395209	2.3268921095008053	0.0	0.0	0.0	1.904	6.428030303030303	0.0	4.516431924882629	1.04822695035461	11.09009009009009	0.0	0.0	5.907258064516129	12.90566037735849
25417	0.0	0.0	0.0	0.0	0.0	0.0	0.19047619047619047	0.0	0.0	2.373015873015873	6.308411214953271	1.9841269841269842	0.0	0.0	3.5641025641025643	5.5	0.0	0.8709677419354839	1.7053571428571428	3.9875	0.0	0.0	2.015873015873016	4.76984126984127
25418	0.0	0.0	0.0	3.5034293552812072	0.0	0.0	2.0265379975874547	1.4774774774774775	0.0	12.652472527472527	6.438356164383562	3.28490990990991	0.0	0.0	6.901408450704225	6.8255659121171774	0.0	7.893691588785047	1.7078189300411524	25.98562300319489	0.0	0.0	10.3734375	18.40921052631579
25419	0.0	0.0	0.4180790960451977	0.0	0.0	0.0	2.694915254237288	4.655367231638418	0.0	10.73	3.790960451977401	0.7142857142857143	0.0	0.0	4.254777070063694	8.124293785310735	0.0	10.631067961165048	1.4293785310734464	15.0	0.0	0.0	2.4489795918367347	14.654867256637168
25420	0.0	0.0	0.0	0.0	0.0	0.0	0.0	0.0	0.0	0.0	0.0	0.0	0.0	0.0	0.0	0.0	0.0	0.0	0.0	0.0	0.0	0.0	0.0	3.4523809523809526
25421	0.0	0.0	0.0	1.5898161244695899	0.0	0.0	1.66015625	0.0	0.0	8.126279863481228	2.298270893371758	0.0	0.0	0.0	3.737327188940092	6.3023255813953485	0.0	1.3127690100430416	0.82421875	14.30225988700565	0.0	0.22526041666666666	2.815405046480744	15.353479853479854
25422	0.0	1.1129032258064515	0.0	1.2150537634408602	0.0	0.0	3.528	1.903225806451613	0.0	10.883333333333333	4.32258064516129	0.0	0.0	0.0	2.1344086021505375	4.066666666666666	0.0	6.413978494623656	0.0	8.258064516129032	0.0	0.0	2.7514450867052025	7.240875912408759
25423	0.0	1.0422535211267605	0.0	6.13915857605178	0.0	0.0	1.0613718411552346	0.5631067961165048	0.0	6.413533834586466	3.4045307443365695	0.0	0.0	0.0	4.142394822006472	6.50561797752809	0.0	3.381877022653722	0.0	13.728744939271255	0.0	0.0	2.705084745762712	25.90073529411765
25424	0.0	1.9736842105263157	0.20175438596491227	0.0	0.0	0.0	4.607843137254902	0.0	0.0	4.491228070175438	3.902173913043478	1.0471698113207548	0.0	0.0	6.0046728971962615	7.176470588235294	0.0	8.600877192982455	0.5701754385964912	19.27891156462585	0.0	0.0	4.885964912280702	12.195804195804195
25425	0.0	0.9611111111111111	0.6277777777777778	1.1688311688311688	0.39444444444444443	0.0	0.7444444444444445	0.39444444444444443	0.0	3.432	2.738888888888889	2.88	0.0	0.0	6.8264462809917354	5.188888888888889	0.0	3.7666666666666666	0.3611111111111111	10.05	0.0	0.0	2.4555555555555557	11.157894736842104
25426	0.0	0.0	0.0	3.2671118530884806	0.0	0.0	1.8877887788778878	0.94896331738437	0.0	5.926315789473684	5.267605633802817	1.2998405103668262	0.0	0.0	5.045372050816697	7.241176470588235	0.0	4.558762886597938	0.0	17.06554307116105	0.6666666666666666	1.6427432216905902	0.0	14.17039586919105
25427	0.0	1.9807692307692308	0.0	3.273927392739274	0.0	0.0	1.7226277372262773	2.2761020881670535	0.0	5.875	2.0022075055187636	0.0	0.0	0.0	3.507726269315673	5.81294964028777	0.0	5.546728971962617	3.9755244755244754	12.072847682119205	0.0	0.6666666666666666	3.9977924944812364	12.995444191343964
25428	0.0	0.0	0.0	1.2453245324532454	0.0	0.0	1.4565456545654565	0.0	0.0	6.543785310734464	3.5637393767705383	0.0	0.0	0.0	3.7961783439490446	10.06081081081081	0.0	8.807692307692308	0.8581477139507621	17.082901554404145	0.0	1.0504103165298946	6.308578745198464	11.021505376344086
25429	0.0	0.9034157832744405	0.0	1.9600798403193613	0.0	0.0	1.8204633204633205	1.3935483870967742	0.0	6.962065331928345	3.641304347826087	0.0	0.0	0.0	4.970307529162248	7.388564760793465	0.0	4.84004884004884	1.083720930232558	16.54449152542373	0.0	0.0	2.6514285714285712	9.615853658536585
25430	0.0	1.948220064724919	0.0	1.161812297734628	0.0	0.0	5.948220064724919	3.4024896265560165	0.0	9.135922330097088	4.660194174757281	2.4563106796116503	0.0	0.0	14.57421875	10.360869565217392	0.0	5.304166666666666	5.796116504854369	18.91164658634538	0.0	0.0	8.284789644012944	26.053061224489795
25431	0.0	2.1271929824561404	0.0	2.0	0.0	0.0	2.592362344582593	1.7337016574585635	0.0	10.706341463414635	4.0227272727272725	1.7666666666666666	0.0	0.0	3.980786825251601	10.711134453781513	0.0	4.522453450164294	2.9975961538461537	17.88294314381271	0.0	0.0	3.947718631178707	23.491408934707902
25432	0.06427503736920777	0.9103139013452914	0.0	5.40443686006826	0.0	0.0	1.9311926605504588	1.9484126984126984	0.0	7.662309368191721	3.5201793721973096	1.6816143497757847	0.0	0.0	2.8177339901477834	7.7859477124183005	0.0	1.596806387225549	0.0	12.535564853556485	0.0	0.0	3.7491408934707904	13.802867383512545
25433	0.0	4.965034965034965	0.587251828631139	2.656078860898138	0.0	0.0	1.8981581798483207	1.4790697674418605	0.0	9.873533246414603	5.089786756453423	0.9164054336468129	0.0	0.0	6.037756202804746	5.663682864450128	0.0	3.276470588235294	2.779134295227525	19.228320526893523	0.1588296760710554	0.0	8.00715137067938	12.259136212624584
25434	0.0	2.1168658698539176	0.0	2.185419968304279	0.0	0.0	3.4851973684210527	1.8207171314741035	0.0	6.733542319749216	4.7736220472440944	1.843293492695883	0.0	0.0	6.28695652173913	3.0950871632329635	0.0	4.893915756630265	0.9667994687915007	19.41919191919192	0.0	0.0	4.890432098765432	16.30359937402191
25435	0.0	1.7902439024390244	0.0	1.7739837398373983	0.0	0.0	3.603252032520325	1.5138211382113822	0.0	9.041591320072333	9.289719626168225	0.7644444444444445	0.0	0.2601626016260163	3.678988326848249	7.191846522781774	0.0	8.080610021786493	0.0	15.558878504672897	0.0	0.14471544715447154	3.095602294455067	15.334841628959277
25436	0.0	2.094188376753507	0.0	3.0166402535657686	0.0	0.0	2.1330108827085854	1.5872053872053873	0.0	15.110316040548598	3.637748344370861	0.0	0.0	0.0	3.7132169576059852	8.904793171372292	0.0	4.670603674540683	2.3149068322981368	15.208761122518823	0.0	0.0	6.218707015130674	18.040281329923275
25437	0.0	2.315192743764172	0.0	0.8916666666666667	0.0	0.0	3.7083333333333335	1.3645320197044335	0.0	9.136258660508084	3.904166666666667	0.0	0.0	0.44583333333333336	4.133182844243792	4.694444444444445	0.0	5.389755011135858	1.2439759036144578	16.30424528301887	0.0	0.0	4.63355408388521	16.576732673267326
25438	0.2837465564738292	1.5454545454545454	0.0	3.616600790513834	0.0	0.0	0.0	3.561797752808989	0.0	2.7346153846153847	2.6887052341597797	2.7052341597796143	0.0	0.0	2.0358126721763083	9.770909090909091	0.0	3.529616724738676	0.2837465564738292	16.69321533923304	0.0	0.0	9.12267657992565	16.763085399449036
25439	0.0	0.0	0.0	3.077490774907749	0.0	0.0	0.0	2.1009174311926606	0.0	8.141955835962145	2.6055045871559632	0.10397553516819572	0.8990825688073395	0.0	2.0764119601328903	5.2	0.0	7.450793650793651	3.1413793103448278	20.27016129032258	0.0	0.0	2.782874617737003	9.890675241157556
25440	0.0	0.14207650273224043	0.0	5.953424657534247	0.0	0.0	0.0	0.0	0.0	9.879781420765028	1.7240437158469946	0.7759562841530054	0.0	0.0	6.18360655737705	6.818965517241379	0.0	2.904918032786885	2.521857923497268	11.972307692307693	0.0	0.39344262295081966	2.302491103202847	10.951417004048583
25441	0.0	0.8848987108655617	0.0	3.9737261146496814	0.0	0.0	2.5425442291491156	2.1232876712328768	0.0	10.233822260569456	3.0675213675213677	0.0	0.0	0.0	5.41005498821681	11.186201163757273	0.0	5.621576763485477	2.528916929547844	16.67237687366167	0.0	0.0	5.3573287077189935	17.264681555004135
25442	0.0	1.2371794871794872	0.0	7.818181818181818	0.967948717948718	0.0	0.6634615384615384	0.5448717948717948	0.0	9.18716577540107	2.2243589743589745	1.5833333333333333	0.0	0.8493589743589743	1.8621794871794872	5.65	0.0	3.128205128205128	0.5737179487179487	10.847402597402597	0.0	0.20833333333333334	4.0	11.795275590551181
25443	0.0	2.1712538226299696	0.0	0.0	0.0	0.0	2.7492260061919507	0.4709480122324159	0.0	11.571428571428571	6.939716312056738	0.36085626911314983	0.0	0.0	8.247706422018348	5.353790613718411	0.0	5.47766323024055	0.3149847094801223	21.216949152542373	0.0	0.0	5.927899686520377	20.87375415282392
25444	0.0	1.6983471074380165	0.0	1.4600550964187329	0.0	0.0	0.8606194690265486	1.5826446280991735	0.0	7.730994152046784	6.317120622568093	0.0	0.0	0.47107438016528924	3.6646971935007384	9.722408026755852	0.0	4.885328836424958	0.0	17.796610169491526	0.0	0.0	3.247081712062257	17.333333333333332
25445	0.0	0.8470319634703196	0.0	1.8037486218302095	0.0	0.0	1.5868448098663925	1.9570011025358325	0.0	7.474801061007957	1.84311377245509	0.0	0.0	0.038267875125881166	5.8031212484994	12.028985507246377	0.0	2.8079385403329065	1.0286697247706422	13.612903225806452	0.05840886203423968	0.0	3.735234215885947	20.9351100811124
25446	0.0	0.0	1.7481751824817517	5.996621621621622	0.0	0.0	1.7648578811369509	2.8449612403100777	0.0	6.705357142857143	1.4935400516795865	0.3695090439276486	0.0	1.2506459948320414	7.204481792717087	5.836538461538462	0.0	5.924924924924925	1.7105943152454781	16.25	0.0	0.0	5.76984126984127	18.05151515151515
25447	0.0	1.3115942028985508	0.0	3.9797047970479706	0.0	0.0	3.039156626506024	0.4166666666666667	0.0	10.04093567251462	2.864097363083164	0.0	0.0	0.0	5.553047404063205	4.009411764705883	0.0	3.0018552875695734	0.0	12.566084788029926	0.0	0.0	4.450281425891182	16.367864693446087
25448	0.0	0.0	0.0	3.9263370332996974	0.0	0.0	2.3	1.853658536585366	0.0	8.22922922922923	3.5559410234171724	0.0	0.0	0.0	2.6435845213849287	11.655276381909548	0.0	3.9769673704414585	2.085714285714286	17.11159169550173	0.0	0.0	6.032579185520362	16.58071278825996
25449	0.0	2.1379310344827585	0.7474344355758267	3.0161725067385445	0.0	0.0	1.655241935483871	2.1165285226718673	0.0	10.204904632152589	3.8659685863874347	1.0038929440389295	0.0	0.0	3.3855361596009974	10.145969498910675	0.0	5.1450777202072535	1.9795620437956205	28.2597844583097	0.0	0.0	4.835916622127205	19.21283979178716
25450	0.0	2.494832041343669	0.7803617571059431	3.7635467980295565	0.0	0.0	5.028416779431664	3.7148703956343794	0.0	6.776234567901234	3.871212121212121	1.5297157622739017	0.0	0.0	6.123529411764705	9.857558139534884	0.0	4.089147286821706	2.1286713286713286	20.07894736842105	0.0	0.0	5.009668508287293	20.187793427230048
25451	0.0	0.0	0.0	0.0	0.0	0.0	1.9010416666666667	0.0	0.0	5.942708333333333	1.796875	0.0	0.0	0.890625	3.8697916666666665	5.671875	0.0	0.0	0.8541666666666666	15.152542372881356	0.0	1.9375	0.0	10.625
25452	0.0	3.0056818181818183	1.472537878787879	5.820709491850431	0.0	0.0	2.9583333333333335	5.074803149606299	0.0	15.601805416248746	6.721014492753623	0.0	0.0	0.990530303030303	6.6142191142191145	12.901277584204413	0.0	11.312380952380952	3.6822916666666665	33.166666666666664	0.0	0.0	5.371794871794871	29.952651515151516
25453	0.0	0.9218241042345277	0.0	2.826923076923077	0.0	0.0	2.7937384898710866	2.9073634204275534	0.0	7.331877729257642	1.8598326359832635	1.5705128205128205	0.0	0.0	3.78003696857671	8.683241252302025	0.0	0.29411764705882354	2.9439102564102564	17.685393258426966	0.0	0.0	3.5017921146953404	19.649186256781192
25454	0.0	0.3055555555555556	1.3402777777777777	1.1284722222222223	0.0	0.0	1.6770833333333333	3.3333333333333335	0.0	7.427083333333333	8.11111111111111	1.7014218009478672	0.0	0.0	3.9635036496350367	4.652777777777778	0.0	0.0	1.384297520661157	15.193548387096774	0.8125	0.0	10.361256544502618	21.65625
25455	0.0	1.2736318407960199	1.0398009950248757	6.1420118343195265	0.0	0.0	0.0	0.0	0.0	11.248756218905474	7.346938775510204	0.0	0.0	0.0	1.9900497512437811	5.855721393034826	0.0	1.955223880597015	0.0	8.016759776536313	0.0	0.0	0.0	19.552845528455286
25456	0.0	1.0207570207570207	0.0	4.086770981507824	0.0	0.0	2.075	1.2702380952380952	0.0	9.820960698689957	3.537848605577689	2.0305732484076433	0.0	0.0	5.1395348837209305	11.802120141342757	0.0	4.72827417380661	2.183568677792041	9.062027231467473	0.0	0.0	3.7172932330827066	19.814407814407815
25457	0.0	1.286898839137645	0.0	2.175787728026534	0.0	0.0	2.2847222222222223	1.207296849087894	0.0	11.470099667774086	5.8710217755443885	0.0	0.0	0.0	6.576709796672828	10.366292134831461	0.0	7.0	0.0	18.027896995708154	0.0	0.0	3.2106135986733	16.670281995661604
25458	0.0	0.2827868852459016	0.0	3.330042313117066	0.0	0.0	0.0	1.657967032967033	0.0	6.160283687943262	2.140625	1.7006472491909386	0.0	0.0	5.886706948640484	13.246894409937887	0.0	3.875968992248062	0.9419263456090652	16.691312384473196	0.0	0.0	4.921804511278196	14.320675105485233
25459	0.0	0.5344352617079889	0.0	3.1322314049586777	0.0	0.0	1.0110192837465564	1.3140495867768596	0.0	3.4171779141104293	2.0	3.8	0.0	0.0	5.820224719101123	8.614325068870523	0.0	2.9604519774011298	0.5206611570247934	5.497630331753554	0.0	0.0	4.476190476190476	15.469613259668508
25460	0.0	2.864864864864865	0.31216931216931215	4.239010989010989	0.30687830687830686	0.0	2.3133333333333335	6.597014925373134	0.0	5.455026455026455	3.129370629370629	1.0423280423280423	0.0	0.0	7.47075208913649	12.224852071005918	0.0	5.939716312056738	1.7645502645502646	19.267148014440433	0.0	0.0	8.324404761904763	17.47019867549669
25461	0.0	0.0	0.0	4.580568720379147	0.0	0.0	3.281904761904762	2.3790523690773067	0.0	4.937768240343348	8.359281437125748	1.830708661417323	0.0	1.1485714285714286	4.6971428571428575	14.266666666666667	0.0	2.096	0.0	32.39411764705882	0.6447638603696099	0.0	6.932489451476793	30.791583166332664
25462	0.0	1.0966850828729282	0.8184281842818428	2.5486725663716814	0.0	0.0	5.514285714285714	0.4890829694323144	0.0	3.795698924731183	0.6769662921348315	2.143631436314363	0.0	0.5962059620596206	2.3613707165109035	5.323671497584541	0.0	6.181008902077151	1.5149051490514904	13.115942028985508	0.0	0.0	5.710027100271002	10.772908366533864
25463	0.0	0.9584199584199584	0.0	2.6766917293233083	0.0	0.0	3.285425101214575	0.9800399201596807	0.0	7.70353982300885	5.070866141732283	1.125748502994012	0.0	0.1317365269461078	5.170526315789473	12.21875	0.0	6.887290167865707	1.5688622754491017	32.85253456221198	0.0	0.0	4.025948103792415	18.875
25464	0.0	1.391304347826087	0.0	2.6884057971014492	0.0	0.0	6.405797101449275	7.898550724637682	0.0	12.736363636363636	1.173913043478261	0.0	0.0	0.0	11.619402985074627	6.108695652173913	0.0	10.16030534351145	1.3333333333333333	28.894736842105264	0.0	0.0	8.434343434343434	10.333333333333334
25465	0.0	0.7292225201072386	0.0	1.807511737089202	0.0	0.0	1.9316770186335404	3.048936170212766	0.0	14.52069716775599	4.896825396825397	0.7122153209109731	0.0	0.0	10.270440251572326	11.664772727272727	0.0	11.309659090909092	0.9130434782608695	16.87527352297593	0.0	0.0	8.951406649616368	28.473815461346632
25466	0.0	2.697887323943662	0.0	3.3459796149490373	0.0	0.0	4.084239130434782	1.872129112352576	0.0	14.085729221118662	5.19118488838008	0.0	0.0	0.0	7.087549744172826	13.119080779944289	0.0	2.7677376171352077	1.6505073280721534	31.0171974522293	0.0	0.0	7.59316427783903	25.80952380952381
25467	0.0	4.983333333333333	0.0	3.183333333333333	0.0	0.0	0.6416666666666667	3.8333333333333335	0.0	14.460526315789474	9.858490566037736	0.13333333333333333	1.5	0.0	6.925	19.441666666666666	0.0	6.372881355932203	1.975	18.191666666666666	0.0	0.0	3.1842105263157894	18.80246913580247
25468	0.0	3.5555555555555554	0.0	6.166666666666667	0.0	0.0	0.0	0.0	0.0	14.0	11.24	0.5301204819277109	0.0	0.0	11.674603174603174	15.807692307692308	0.0	5.849206349206349	0.0	17.61904761904762	0.0	0.0	7.213592233009709	23.353982300884955
25469	0.0	3.8956386292834893	0.0	5.897744360902256	0.0	0.0	8.273202614379086	3.548693586698337	0.0	13.103163686382393	6.218905472636816	3.66320645905421	0.0	0.0	9.642954856361149	23.206482593037215	0.0	13.20384047267356	2.0968586387434556	30.722784810126583	0.0	0.0	8.89937106918239	35.1141498216409
25470	0.0	0.0	0.0	0.0	0.0	0.0	1.546474358974359	0.0	0.0	2.9769452449567724	1.7747551686615888	0.0	0.0	0.0	3.0819009100101113	5.042671614100185	0.0	2.1787310098302055	0.0	12.471349353049908	0.0	0.0	1.7951142631993695	11.249087591240876
25471	0.0	1.273659305993691	0.33183856502242154	2.9187358916478554	0.0	0.0	0.7894288150042625	1.0619469026548674	0.0	6.362332695984704	3.0599848139711465	1.406576980568012	0.0	0.0	4.483372003093581	7.390954773869347	0.0	2.6290630975143405	1.5590433482810164	14.813741721854305	0.0	0.0	3.827956989247312	10.917716204869857
25472	0.0	1.7763157894736843	0.22666666666666666	2.6545454545454548	0.0	0.0	1.3317073170731708	0.9903030303030304	0.0	10.292022792022792	2.3357558139534884	0.8775757575757576	0.0	0.0	3.703989703989704	8.375	0.0	4.8927038626609445	1.0708215297450425	29.802710843373493	0.0	0.0	3.8331015299026427	16.430247718383313
25473	0.0	1.5621468926553672	0.6252354048964218	1.9844074844074844	0.0	0.0	3.0824468085106385	1.718296224588577	0.0	11.147749510763209	1.9654714475431607	0.0	0.0	0.0	3.8070707070707073	7.1234177215189876	0.0	7.85337552742616	0.5126728110599078	14.221590909090908	0.0	0.0	1.761178861788618	16.801906779661017
25474	0.0	1.5255972696245734	0.45620022753128553	1.9184993531694696	0.0	0.0	2.3013856812933025	0.7246871444823664	0.0	8.153164556962025	3.4305555555555554	0.7945945945945946	0.0	0.2923777019340159	4.113496932515337	8.06910039113429	0.0	11.273045507584598	1.645203679369251	17.971870604781998	0.0	0.5665529010238908	2.5147679324894514	24.863520408163264
25475	0.0	1.761168384879725	0.0	1.8258928571428572	0.0	0.0	1.0700389105058365	0.7972508591065293	0.0	12.711764705882352	4.336575875486381	0.0	0.18213058419243985	0.0	3.0945017182130585	8.997955010224949	0.0	6.190721649484536	0.8541666666666666	15.044401544401545	0.0	0.5601374570446735	2.70985401459854	9.230952380952381
25476	0.0	1.2227912932138285	0.0	4.71	0.0	0.0	3.842168674698795	1.9815270935960592	0.0	11.799431009957326	3.890092879256966	0.0	0.0	0.0	3.303225806451613	9.205555555555556	0.0	3.049645390070922	1.0484633569739952	12.67007299270073	0.0	0.0	3.624384236453202	17.635174418604652
25477	0.0	0.8994152046783626	0.5485380116959064	3.893992932862191	0.0	0.0	2.5195729537366547	1.5728155339805825	0.0	10.049160671462829	4.594152046783626	0.935672514619883	0.0	0.0	2.9397417503586802	5.834586466165414	0.0	7.198263386396527	1.1464019851116625	13.083109919571045	0.0	0.0	7.104825291181364	20.144721233689204
25478	0.0	0.889602053915276	0.0	1.9218573046432617	0.7668508287292818	0.0	2.9988518943742823	1.0106589147286822	0.0	9.868200836820083	3.456630109670987	0.7073643410852714	0.0	0.0	3.1973490427098676	8.341111111111111	0.0	6.315665488810365	0.0	16.440100882723833	0.0	0.0	5.224534501642935	18.076446280991735
25479	0.0	3.2598039215686274	1.803921568627451	3.887179487179487	0.0	0.0	2.61340206185567	4.102564102564102	0.0	17.645833333333332	2.6470588235294117	1.5637254901960784	0.7843137254901961	0.0	10.385964912280702	18.5	0.0	2.9166666666666665	0.0	9.112745098039216	0.0	0.0	8.200980392156863	22.12213740458015
25480	0.0	0.908256880733945	0.0	1.8547008547008548	0.0	0.0	2.1182608695652174	0.0	0.0	10.590909090909092	5.084444444444444	2.180740740740741	0.0	0.0	5.807751937984496	8.939495798319328	0.0	2.365925925925926	4.399568034557236	13.039855072463768	0.0	0.0	4.1827242524916945	15.211214953271028
25481	0.0	0.7189132706374086	0.0	3.9193391642371234	0.0	0.0	2.9130434782608696	2.0307539682539684	0.0	7.24207492795389	4.767754318618042	1.4409687184661957	0.0	0.0	6.739805825242718	7.985619469026549	0.0	2.4423269809428283	1.0020833333333334	14.396495071193867	0.0	0.0	4.850746268656716	12.67491926803014
25482	0.0	0.0	0.0	0.0	0.0	0.0	2.278688524590164	0.0	0.0	9.300751879699249	4.65680473372781	0.0	0.0	0.0	0.0	0.0	0.0	2.205298013245033	0.0	25.625	0.0	0.0	2.8852459016393444	10.382513661202186
25483	0.0	1.7750511247443763	0.0	0.0	0.0	0.0	1.9552631578947368	2.208588957055215	0.0	7.359102244389027	1.8977505112474438	0.0	0.0	0.0	6.077922077922078	10.51255230125523	0.0	3.0463215258855585	0.0	16.034682080924856	0.0	0.0	3.2615384615384615	19.613941018766756
25484	0.0	1.0064070970921637	0.14266117969821673	1.6457178065311153	0.0	0.0	2.246347607052897	0.0	0.0	6.5594059405940595	3.157213930348259	0.0	0.0	0.0	3.707187650747709	7.527245949926362	0.0	5.946560846560846	1.099222679469593	17.458355159769514	0.0	0.0	3.5137211855104282	13.09780534351145
25485	0.0	0.0	0.0	0.782608695652174	0.0	0.0	0.642512077294686	1.3478260869565217	0.0	1.4444444444444444	0.0	0.0	0.0	1.2560386473429952	2.0483091787439616	4.260869565217392	0.0	6.892682926829268	0.0	10.436046511627907	0.0	0.0	2.241545893719807	18.85925925925926
25486	0.0	1.0987654320987654	0.6213991769547325	7.95	0.0	0.0	1.6872427983539096	1.691358024691358	0.0	5.399176954732511	3.7242798353909463	1.9094650205761317	0.345679012345679	0.05761316872427984	6.744318181818182	10.690677966101696	0.0	5.056497175141243	2.3415637860082303	8.629310344827585	0.0	0.39094650205761317	4.049792531120332	14.198863636363637
25487	0.0	2.794466403162055	0.0	1.2078431372549019	0.0	0.0	0.0	2.203921568627451	0.0	10.197530864197532	5.705882352941177	0.0	0.0	0.0	4.874509803921568	16.129807692307693	0.0	4.474308300395257	1.9843137254901961	27.846511627906978	0.0	0.8549019607843137	1.7882352941176471	21.485714285714284
25488	0.0	0.0	0.0	5.855072463768116	0.0	0.0	3.3745624270711785	3.192513368983957	0.0	13.484316185696361	3.397358943577431	0.0	0.0	0.25496688741721857	4.982964224872232	13.125	0.0	3.7781456953642385	3.795302013422819	21.600512163892446	0.0	0.0	5.382151029748284	13.719342604298356
25489	0.05647382920110193	1.621212121212121	0.0	3.1449704142011834	0.0	0.0	0.7276264591439688	0.9738292011019284	0.0	6.345008756567426	2.275042444821732	1.8257328990228012	0.0	0.0	2.9201680672268906	5.036036036036036	0.0	1.457271364317841	0.0	10.642960812772133	0.0	0.0	2.049586776859504	15.92809364548495
25490	0.0	0.0	0.0	0.0	0.0	0.0	1.4285714285714286	0.0	0.0	7.312977099236641	3.1809523809523808	0.0	0.0	0.0	0.0	3.7285714285714286	0.0	0.0	0.0	7.09375	0.0	0.0	0.0	1.5930232558139534
25491	0.0	0.0	0.0	2.738095238095238	0.0	0.0	0.0	4.0476190476190474	0.0	11.506024096385541	5.9523809523809526	0.0	0.373015873015873	0.0	5.690721649484536	6.3535911602209945	0.0	9.060913705583756	0.9206349206349206	16.677419354838708	0.0	0.0	5.912698412698413	15.51004016064257
25492	0.0	4.895	0.0	2.7162162162162162	0.08108108108108109	0.0	1.7927927927927927	0.0	0.0	5.497448979591836	3.0273972602739727	0.0	0.0	1.5698198198198199	8.00900900900901	10.288508557457213	0.0	3.916376306620209	0.0	24.19144144144144	0.0	0.0	5.45273631840796	9.7
25493	0.0	0.570446735395189	0.0	7.239024390243903	0.0	0.0	1.9450171821305842	5.810996563573883	0.0	14.405498281786942	2.8672566371681416	6.17	0.0	0.0	4.325	7.784386617100372	0.0	9.173708920187794	0.0	13.945945945945946	0.0	0.0	5.092050209205021	29.092896174863387
25494	0.0	0.3963963963963964	0.0	3.9954954954954953	0.0	0.0	2.2026143790849675	3.282722513089005	0.0	8.973544973544973	6.493212669683258	0.0	0.0	0.0	0.0	9.67579908675799	0.0	4.36036036036036	0.42342342342342343	21.036036036036037	0.0	0.0	7.475	24.023121387283236
25495	0.8602150537634409	0.0	0.25806451612903225	2.759856630824373	0.0	0.0	3.781362007168459	4.132616487455197	0.0	10.784	2.132616487455197	0.0	0.0	0.0	5.03584229390681	7.761029411764706	0.0	1.146953405017921	2.197132616487455	20.0390625	0.0	0.0	6.207729468599034	19.992727272727272
25496	0.0	0.8091216216216216	0.0	2.374506486181613	0.0	0.0	0.9345549738219895	1.0441888619854722	0.0	9.222775357809583	4.3221258134490235	0.0	0.0	0.0	2.8354885057471266	5.45040369088812	0.0	4.7973640856672155	1.4955691888207225	20.990886998784934	0.0	0.0	4.173913043478261	12.056271186440679
25497	0.0	2.2982456140350878	0.1935483870967742	2.921146953405018	0.0	0.0	0.0	0.3727598566308244	0.0	3.2681159420289854	2.9460580912863072	0.0	0.0	0.0	5.115537848605578	7.291139240506329	0.0	3.6108374384236455	0.0	17.791970802919707	0.0	0.0	6.591397849462366	16.34016393442623
25498	0.0	0.0	0.0	1.4645390070921986	0.013220018885741265	0.0	2.336166194523135	1.1420882669537136	0.0	9.92057761732852	2.535675082327113	0.0	0.0	0.0	5.83028083028083	7.6798245614035086	0.0	6.09469696969697	0.8193325661680092	18.22938144329897	0.0	0.7337110481586402	5.878934624697337	14.632272228320527
25499	0.0	0.7767584097859327	0.0	2.1926605504587156	0.0	0.0	3.1376146788990824	1.2415902140672783	0.0	4.657534246575342	2.7309417040358746	0.0	0.0	0.0	2.6864406779661016	4.726923076923077	0.0	6.415902140672783	0.03058103975535168	12.214067278287462	0.0	0.05198776758409786	2.589430894308943	12.752767527675276
25500	0.0	3.538265306122449	0.0	3.827683615819209	0.0	0.0	2.2369477911646585	1.357429718875502	0.0	18.75669099756691	7.742393509127789	6.51004016064257	0.0	0.0	12.855	14.245238095238095	0.0	6.7592592592592595	0.8542713567839196	39.44827586206897	0.0	0.0	10.655328798185941	29.82451923076923
25501	0.0	0.9461805555555556	0.0	2.1514657980456025	0.0	0.0	2.7567567567567566	0.0	0.0	5.056349206349206	1.555978674790556	1.0196969696969698	0.0	0.0	2.8822553897180763	5.6894009216589865	0.0	2.821944177093359	2.0522727272727272	12.603742880390561	0.0	0.6151515151515151	2.0403348554033487	10.582407407407407
25502	0.0	0.0	0.0	4.90990990990991	0.0	0.0	2.065340909090909	1.0393700787401574	0.0	9.981627296587927	10.645348837209303	0.0	0.0	0.0	1.9937106918238994	7.016129032258065	0.0	2.781456953642384	1.839572192513369	13.401574803149606	1.5853018372703411	0.0	3.226865671641791	12.034120734908136
25503	0.0	0.5645161290322581	2.0644171779141103	5.668463611859838	0.0	0.0	1.7848605577689243	1.2106918238993711	0.0	13.65891472868217	1.4916943521594683	0.0	0.0	0.0	4.254125412541254	5.314285714285714	0.0	4.370967741935484	1.0026881720430108	15.332075471698113	0.06451612903225806	0.0	3.596774193548387	14.201612903225806
25504	0.0	1.1781609195402298	0.0	4.12200956937799	0.0	0.0	1.318007662835249	1.5478927203065134	0.0	5.653256704980843	1.5689655172413792	1.1436781609195403	0.0	0.0	4.02729044834308	5.082758620689655	0.0	0.8908045977011494	0.7854406130268199	6.652073732718894	0.0	0.0	0.0	13.852459016393443
25505	0.0	0.0	0.0	1.030701754385965	0.0	0.0	1.219298245614035	2.486842105263158	0.0	4.675438596491228	2.7429906542056073	0.0	0.0	0.0	6.43859649122807	7.322274881516588	0.0	0.0	0.0	8.371559633027523	0.0	0.0	4.169014084507042	5.4222222222222225
25506	0.0	1.4205495818399043	0.0	2.0983009708737863	0.0	0.0	1.8160095579450417	0.46714456391875747	0.0	4.1531165311653115	1.5854241338112305	0.7455197132616488	0.0	0.0	2.8500635324015247	7.138655462184874	0.0	5.925170068027211	1.4336917562724014	9.514124293785311	0.007168458781362007	0.0	2.282184655396619	6.462882096069869
25507	0.0	2.2879091516366064	0.0	2.806064880112835	0.0	0.0	0.8956254796623178	0.6225296442687747	0.0	6.521531100478469	2.2454545454545456	0.948563794255177	0.0	0.0	4.665924276169265	5.730855018587361	0.0	3.850488354620586	1.4297407912687585	13.827612509534706	0.0	0.0	3.442646023926812	11.654880860876249
25508	0.0	1.1403508771929824	0.0	3.1096491228070176	0.0	0.0	1.4163934426229507	0.0	0.0	6.8861209964412815	4.3710407239819	0.7850877192982456	0.0	1.0154867256637168	5.872972972972973	11.215025906735752	0.0	5.745614035087719	0.3706140350877193	22.611842105263158	0.0	0.7540983606557377	2.046875	17.766483516483518
25509	0.0	3.509031198686371	0.7026548672566372	3.9835796387520523	0.0	0.0	6.687074829931973	3.425287356321839	0.0722495894909688	6.452793834296725	6.466377440347071	0.937037037037037	0.0	0.0	8.547430830039525	8.164502164502165	0.0	3.86697247706422	2.67816091954023	22.240079365079364	0.0	0.0	5.966442953020135	22.919117647058822
25510	0.19393939393939394	4.03030303030303	2.812121212121212	3.8181818181818183	0.0	0.20606060606060606	1.9217391304347826	2.1818181818181817	0.23030303030303031	11.432692307692308	5.270440251572327	0.0	0.0	0.3878787878787879	18.104477611940297	7.271428571428571	0.0	9.493827160493828	1.896969696969697	18.746478873239436	0.0	0.509090909090909	8.50909090909091	22.98
25511	0.0	2.389937106918239	0.0	4.547169811320755	0.0	0.0	5.245283018867925	2.811320754716981	0.0	5.778625954198473	4.951219512195122	0.0	0.0	0.0	2.694267515923567	10.968354430379748	0.0	2.943396226415094	1.6729559748427674	9.090909090909092	0.0	0.0	9.031446540880504	14.390243902439025
25512	0.0	1.697211155378486	0.0	8.532646048109966	0.0	0.0	3.6219931271477663	1.904382470119522	0.0	14.305841924398626	5.24031007751938	2.2199312714776633	0.0	0.0	6.277777777777778	8.281786941580757	0.0	2.937219730941704	0.0	29.92016806722689	0.872852233676976	0.0	5.430327868852459	16.266666666666666
25513	0.0	2.9652061855670104	0.0	7.417783191230207	0.0	0.0	1.7947845804988662	4.2853503184713375	0.0	14.119424460431654	7.4108322324966975	1.6830188679245284	0.0	0.0	6.030812324929972	14.738520408163266	0.0	11.555	1.3516819571865444	38.55930087390762	0.2698412698412698	0.9464052287581699	10.761467889908257	39.775193798449614
25514	0.0	2.09070796460177	0.0	7.582070707070707	0.0	0.0	5.844891871737509	5.974981604120677	0.0	21.7646229739253	7.800582241630276	2.960280373831776	0.3235831809872029	0.0	10.3870112657389	23.183994528043776	0.0	15.355450236966824	4.691651432053626	46.230230930720786	0.0	0.0	13.26328502415459	36.43521341463415
25515	0.0	2.056657223796034	0.0	4.6521739130434785	0.0	0.0	2.7616191904047978	1.0181159420289856	0.0	14.31400966183575	4.489473684210527	0.9395973154362416	0.0	0.8502415458937198	6.54228855721393	14.546261089987325	0.0	6.756944444444445	1.9274755927475593	17.58816120906801	0.0	0.0	3.9973821989528795	20.304568527918782
25516	0.0	0.5089058524173028	0.9872611464968153	6.216783216783217	0.0	0.0	0.0	4.3871681415929205	0.0	10.004962779156328	4.516483516483516	2.2123142250530785	0.0	0.0	6.893478260869565	10.768539325842697	0.0	5.145652173913043	0.0	30.696517412935325	0.0	1.7494692144373674	8.877551020408163	19.522292993630572
25517	0.0	1.92	0.0	3.4755555555555557	0.0	0.0	4.9526315789473685	0.4666666666666667	0.0	12.666666666666666	6.253886010362694	0.0	0.0	0.0	2.217142857142857	8.54054054054054	0.0	8.158192090395481	1.8844444444444444	11.095022624434389	0.0	0.0	4.315315315315315	11.353260869565217
25518	0.0	1.3685446009389672	0.0	6.939230769230769	0.0	0.0	2.9466666666666668	2.5254338719329743	0.0	10.393122049898853	5.973527465254798	0.8584837545126354	0.0	0.0	8.16055625790139	13.574984443061606	0.0	8.536973833902161	1.2082860385925085	25.719821162444113	0.0	0.0	6.0201219512195125	24.71054718477399
25519	0.0	0.0	0.0	6.031531531531532	0.0	0.0	4.894179894179894	0.0	0.0	14.604444444444445	6.133333333333334	0.48148148148148145	0.0	1.5407407407407407	8.723076923076922	7.918287937743191	0.0	5.825892857142857	0.8703703703703703	13.602339181286549	0.0	1.1	4.109756097560975	19.129464285714285
25520	0.0	2.487108655616943	0.0	3.983425414364641	0.0	0.0	3.1709401709401708	2.0755064456721914	0.0	10.106017191977077	3.9840525328330205	1.9261186264308012	0.0	0.0	5.883187772925764	11.605011933174225	0.0	9.30082135523614	0.0	19.897880539499038	0.0	0.0	3.144750254841998	23.776328986960884
25521	0.0	1.8541666666666667	3.203125	1.4270833333333333	0.0	0.0	0.0	1.7135416666666667	0.0	8.946969696969697	0.0	0.609375	0.0	0.0	2.9010416666666665	9.124183006535947	0.0	2.1510416666666665	0.890625	7.771604938271605	0.0	0.0	4.807291666666667	16.533783783783782
25522	0.0	2.0435897435897434	0.0	0.0	0.0	0.0	0.5076923076923077	0.0	0.0	12.36745406824147	4.168478260869565	0.6358974358974359	0.0	0.0	2.9622641509433962	10.84871794871795	0.0	7.4447852760736195	1.3951612903225807	13.50909090909091	0.6076923076923076	0.0	9.702185792349727	13.231292517006803
25523	0.11604938271604938	0.0	0.0	2.11358024691358	0.0	0.0	1.2222222222222223	0.0	0.0	6.673184357541899	1.2569444444444444	0.0	0.0	0.0	4.689969604863222	12.014814814814814	0.0	2.638888888888889	7.916905444126074	12.718204488778055	0.0	0.0	2.968668407310705	10.832191780821917
25524	0.0	2.118556701030928	0.0	4.543046357615894	0.0	0.0	1.3929359823399559	2.295805739514349	0.0	8.259887005649718	6.134090909090909	3.355408388520971	0.0	0.0	5.4613686534216335	4.977917981072555	0.0	6.153498871331829	0.0	18.980132450331126	0.0	0.0	4.807962529274005	11.075
25525	0.0	2.089368258859784	1.6862745098039216	8.87298747763864	0.0	0.0	1.453996983408748	5.159090909090909	0.0	13.715536105032823	4.4145962732919255	1.5664556962025316	0.0	0.0	7.139954853273138	13.939297124600639	0.0	8.248037676609105	3.1014263074484942	28.034146341463416	0.0	0.0	6.076923076923077	15.094292803970223
25526	0.0	0.027777777777777776	0.0	2.3722222222222222	0.0	0.0	0.0	0.0	0.0	4.205673758865248	3.8333333333333335	2.488888888888889	0.0	0.0	2.900709219858156	9.477777777777778	0.0	3.3666666666666667	0.0	18.073446327683616	0.0	0.0	2.0	15.784615384615385
25527	0.0	1.839080459770115	0.0	1.6781609195402298	0.0	0.0	2.160919540229885	1.0942528735632184	0.0	18.582706766917294	3.0781609195402297	1.4804597701149425	0.0	0.0	3.6684073107049606	14.48951048951049	0.0	3.721014492753623	0.0	18.53370786516854	0.0	0.0	3.52183908045977	17.744897959183675
25528	0.0	0.15151515151515152	2.7079889807162534	3.2451790633608817	0.0	0.0	2.515151515151515	1.7079889807162534	0.0	7.743801652892562	2.2947658402203857	1.7758007117437722	0.0	0.0	4.056666666666667	3.6228373702422147	0.0	2.8236914600550964	2.09366391184573	18.049861495844876	0.0	0.0	2.472027972027972	11.034267912772586
25529	1.6949685534591195	1.1383647798742138	0.0	0.4779874213836478	0.0	0.22955974842767296	1.9433962264150944	3.1794871794871793	0.0	6.2	0.6540084388185654	0.0	0.0	0.0	2.4705882352941178	9.315068493150685	0.0	1.3363636363636364	0.0	15.187290969899665	0.4371069182389937	0.0	5.170818505338079	15.745318352059925
25530	0.0	1.0153061224489797	1.1181818181818182	7.740061162079511	0.0	0.0	1.3873873873873874	0.7048192771084337	0.0	11.444141689373296	2.988235294117647	2.0441767068273093	0.0	0.0	5.763723150357995	8.625352112676056	0.0	2.4519650655021836	0.9889196675900277	22.22252747252747	0.0	0.0	5.726287262872629	17.720883534136547
25531	0.0	2.7398373983739837	0.0	4.826558265582656	0.0	0.0	3.1337386018237083	3.6906077348066297	0.0	8.308943089430894	1.934959349593496	0.0	0.0	0.0	4.298165137614679	6.239747634069401	0.0	0.4173441734417344	0.0	14.964028776978417	0.0	0.0	3.663230240549828	13.29503105590062
25532	0.0	0.2597402597402597	0.0	0.0	0.0	0.0	1.2424242424242424	1.2207792207792207	0.0	10.118721461187215	2.5108225108225106	2.3766233766233764	0.0	0.0	3.6815286624203822	4.632034632034632	0.0	1.1904761904761905	0.0	13.03896103896104	0.0	0.0	4.429378531073446	14.364864864864865
25533	0.0	0.0	0.0	0.0	0.0	0.0	1.2702702702702702	0.0	0.0	2.5945945945945947	0.0	0.0	0.0	0.0	0.0	0.0	0.0	0.0	0.0	0.0	0.0	0.0	4.333333333333333	4.378378378378378
25534	0.0	0.0	0.0	7.487394957983193	0.0	0.0	0.0	0.5098039215686274	0.0	7.102941176470588	0.0	0.0	0.0	0.0	5.112820512820512	4.8742857142857146	0.0	7.472727272727273	0.0	12.149171270718233	0.0	0.0	3.911764705882353	7.284313725490196
25535	0.0	2.449931412894376	0.3635116598079561	3.6021840873634945	0.0	0.0	1.8165266106442577	1.8257887517146776	0.0	8.78453947368421	4.228699551569507	0.0	0.0	0.0	6.874458874458875	10.257443082311735	0.0	5.503389830508475	2.728395061728395	25.29059829059829	0.0	0.0	1.8248587570621468	20.513595166163142
25536	0.0	1.705009276437848	2.049910873440285	5.085551330798479	0.0	0.0	2.8955223880597014	4.189964157706093	0.0	23.027027027027028	8.188524590163935	4.0227272727272725	0.0	0.8360071301247772	4.8919449901768175	16.220306513409962	0.0	8.727272727272727	7.7736185383244205	25.40463458110517	0.0	0.0	9.055258467023172	24.75579322638146
25537	0.0	0.9094017094017094	0.0	3.9122203098106714	0.0	0.0	2.924170616113744	1.6986027944111777	0.0	7.071297989031079	3.1425742574257427	0.1675213675213675	0.0	0.0	3.938428874734607	8.651785714285714	0.0	4.31504424778761	0.9170212765957447	22.048237476808904	0.0	0.0	7.461406518010292	8.27991452991453
25538	0.0	1.2247191011235956	0.0	3.25	0.0	0.0	4.07563025210084	0.7578947368421053	0.0	13.336158192090396	7.284313725490196	0.38164251207729466	0.714975845410628	0.0	5.4227053140096615	12.447432762836186	0.0	2.652173913043478	2.994134897360704	20.50578034682081	0.0	1.9009661835748792	6.900369003690037	12.843137254901961
25539	0.0	2.201101928374656	0.8815426997245179	1.853658536585366	0.2975206611570248	0.0	8.238493723849372	2.603305785123967	0.0	7.372384937238493	4.131054131054131	1.6501377410468319	0.0	0.0	6.020172910662824	10.646239554317548	0.0	9.86111111111111	1.2947658402203857	15.570247933884298	0.0	0.0	3.9490084985835696	21.296610169491526
25540	0.0	1.2172284644194757	4.411985018726591	2.7865168539325844	0.0	0.0	6.430711610486892	2.056179775280899	0.0	39.1744966442953	10.788571428571428	1.8426966292134832	0.0	0.0	7.01255230125523	12.909465020576132	0.0	4.0093023255813955	0.0	24.192118226600986	0.0	0.0	7.913419913419913	27.022727272727273
25541	0.0	0.0	0.0	7.596774193548387	0.0	0.0	1.6989247311827957	0.0	0.0	0.5268817204301075	7.386904761904762	0.0	0.0	0.0	4.592814371257485	7.175757575757576	0.0	5.2375	0.0	13.139393939393939	0.6666666666666666	0.0	3.693548387096774	12.208955223880597
25542	0.0	0.7202216066481995	0.04856512141280353	2.867088607594937	0.0	0.0	2.0573951434878586	0.9183222958057395	0.0	7.468834688346884	1.7969094922737308	0.8095238095238095	0.0	0.0	2.1977077363896846	5.342424242424243	0.0	5.429333333333333	0.3487858719646799	17.6282722513089	0.0	0.0	2.863760217983651	15.77247191011236
25543	0.0	3.0555555555555554	0.0	3.779471544715447	0.0	0.0	0.0	0.9630911188004614	0.0	7.2603734439834025	3.2742155525238745	1.8658536585365855	0.0	0.0	5.233751425313569	8.912751677852349	0.0	5.708029197080292	0.0	18.626619552414606	0.0	0.0	4.870488322717622	21.456242707117852
25544	0.0	1.0033860045146727	0.0	5.007936507936508	0.0	0.0	0.9489655172413793	1.2142051860202931	0.0	8.526256983240224	1.4654696132596685	0.0	0.0	0.0	3.667071688942892	8.543195266272189	0.0	3.5642135642135644	2.016429353778751	15.52319587628866	0.0	0.0	7.822328931572629	16.230344827586208
25545	0.0	3.055341055341055	0.20077220077220076	3.9160206718346253	0.0	0.0	1.7876447876447876	2.008510638297872	0.0	8.728260869565217	3.9932546374367623	0.0	0.0	0.0	2.9730290456431536	11.604651162790697	0.0	2.7094682230869003	0.0	16.160211267605632	0.0	0.0	1.6442622950819672	16.12883435582822
25546	0.0	1.8480825958702065	0.0	5.0552147239263805	0.0	0.0	1.9431438127090301	0.7123893805309734	0.0	9.559099437148218	2.287051482059282	1.6371681415929205	0.0	0.0	3.5659050966608086	6.327893175074184	0.0	5.189723320158103	0.7861356932153393	13.927734375	0.0	0.0	2.622418879056047	15.772373540856032
25547	0.0	0.9680555555555556	0.0	2.318295739348371	0.0	0.0	1.7001239157372987	0.0	0.0	3.7982608695652176	4.521685254027261	0.0	0.0	0.0	3.5236220472440944	2.6618556701030927	0.0	2.806015037593985	0.0	16.737373737373737	0.0	0.0	2.2648171500630516	14.182258064516128
25548	0.0	3.191919191919192	0.0	3.6666666666666665	0.0	0.8333333333333334	0.725	0.0	0.0	10.153846153846153	3.4358974358974357	1.275	0.0	0.0	1.9	13.45	0.0	1.9166666666666667	0.0	14.339622641509434	0.0	0.0	1.925	22.786516853932586
25549	0.0	1.1063829787234043	0.0	6.26241134751773	0.0	0.0	0.0	1.2765957446808511	0.0	9.067164179104477	4.950354609929078	0.24113475177304963	0.9219858156028369	0.0	3.5588235294117645	3.752808988764045	0.0	3.4539007092198584	0.48226950354609927	12.157894736842104	0.0	0.0	3.099290780141844	21.12
25550	0.0	1.4557823129251701	0.0	3.4725274725274726	0.0	0.0	0.8471177944862155	2.2857142857142856	0.0	8.267139479905437	5.428954423592494	0.0	0.0	0.0	2.046875	6.498850574712644	0.0	5.270833333333333	1.3310344827586207	14.684807256235828	0.0	0.0	6.167816091954023	13.338308457711443
25551	0.0	2.163538873994638	0.0	2.567982456140351	0.0	0.0	1.3628318584070795	0.07456140350877193	0.0	11.127802690582959	7.814058956916099	0.0	0.0	0.0	4.649819494584838	13.850374064837906	0.0	4.942477876106195	2.192982456140351	18.51688311688312	0.0	0.0	6.321951219512195	13.621621621621621
25552	0.0	0.0	0.0	3.452830188679245	0.0	0.0	0.0	0.89937106918239	0.0	6.015625	0.9371069182389937	0.2138364779874214	0.0	0.0	5.446540880503145	10.62992125984252	0.0	3.1132075471698113	1.3270440251572326	9.325842696629213	0.0	0.0	1.9182389937106918	9.062893081761006
25553	0.0	0.0	0.0	0.0	0.0	0.0	1.1988795518207283	1.7328339575530587	0.0	5.726169844020797	0.0	1.801608579088472	0.0	0.0	4.997267759562842	5.009803921568627	0.0	3.640151515151515	0.7091136079900124	16.86042944785276	0.0	0.0	2.2247191011235956	7.582972582972583
25554	0.0	0.0	0.0	2.4918743228602382	0.0	0.0	1.354769560557342	1.3269024651661308	0.0	6.64	4.874100719424461	1.7642015005359057	0.0	0.0	6.13972602739726	9.08433734939759	0.0	4.807639836289223	0.0	18.13914027149321	0.0	0.01607717041800643	3.014040561622465	9.95822102425876
25555	0.0	0.5588822355289421	0.0	1.6467065868263473	0.0	0.0	0.0	1.0538922155688624	0.0	5.925339366515837	1.4623893805309736	0.0	0.0	0.0	1.2784090909090908	4.887195121951219	0.0	2.900199600798403	1.215568862275449	9.123249299719888	0.0	0.0	2.7944111776447107	5.9157175398633255
25556	0.0	3.4545454545454546	0.0	2.8016528925619837	0.0	0.0	3.7509578544061304	3.0	0.0	4.754820936639119	5.482093663911845	1.9311294765840221	0.0	0.0	7.325153374233129	16.080906148867314	0.0	5.4813664596273295	0.0	19.690721649484537	0.0	0.0	2.134897360703812	13.192634560906516
25557	0.0	1.11864406779661	0.0	4.25	0.0	0.0	2.247191011235955	0.9166123778501629	0.0	10.769010043041607	3.1104252400548695	0.701627486437613	0.0	0.0	4.889136904761905	7.837896253602305	0.0	3.807029177718833	1.6766020864381521	19.14327485380117	0.0	0.054249547920433995	5.11877667140825	14.163227016885553
25558	0.0	0.0	0.0	6.20703933747412	0.0	0.0	0.2774327122153209	0.0	0.0	10.389233954451345	3.8447204968944098	1.184265010351967	0.0	0.0	8.074534161490684	11.984848484848484	0.0	3.725806451612903	1.9379157427937916	16.863849765258216	0.0	0.0	6.952755905511811	20.72608695652174
25559	0.0	3.656716417910448	0.0	0.35074626865671643	0.0	0.0	0.0	1.082051282051282	0.0	8.097435897435897	1.7435897435897436	0.0	0.0	0.0	4.087179487179487	10.416184971098266	0.0	3.306451612903226	4.697435897435898	17.846153846153847	0.37948717948717947	2.1076923076923078	4.4051282051282055	7.941489361702128
25560	0.6023688663282571	3.732656514382403	1.5786802030456852	4.95852534562212	0.0	0.0	0.7366071428571429	1.8206429780033841	0.0	14.233480176211454	6.068181818181818	2.206429780033841	0.0	0.12521150592216582	2.941018766756032	9.227443609022556	0.0	4.661590524534687	0.4179357021996616	19.012396694214875	0.0	0.0	3.613259668508287	17.402805611222444
25561	0.0	1.372937293729373	0.0	0.0	0.0	0.0	2.202469135802469	0.9160493827160494	0.0	15.40625	3.3051948051948052	2.8641975308641974	0.0	0.0	5.044973544973545	10.462566844919786	0.0	7.204444444444444	1.0343915343915344	19.71502590673575	0.0	0.0	5.885	22.59748427672956
25562	0.0	1.206140350877193	0.3567251461988304	1.0100401606425702	0.0	0.0	3.482706766917293	1.208398133748056	0.0	9.12037037037037	2.090643274853801	0.03654970760233918	0.0	0.0	2.7786144578313254	7.287968441814596	0.0	4.7376146788990825	1.7871064467766118	17.30030959752322	0.0	0.0	3.7567084078711988	17.267651888341543
25563	0.0	1.0769230769230769	0.0	5.647540983606557	0.0	0.0	2.1504273504273503	0.8211382113821138	0.0	11.190751445086706	3.3025641025641024	2.3863247863247863	0.0	0.0	8.266401590457257	7.903688524590164	0.0	4.598790322580645	0.0	8.847082494969818	0.0	0.0	6.61003861003861	13.806358381502891
25564	0.0	1.2070484581497798	1.0323054331864905	2.8474708171206227	0.0	0.0	0.0	1.5301027900146842	0.0	8.314967105263158	2.6337792642140467	1.3171806167400881	0.0	0.0	5.458670988654781	8.934075342465754	0.0	7.606811145510836	0.6312910284463895	17.698523023457863	0.0	0.0	4.28250773993808	14.233076263924593
25565	0.0	1.456060606060606	0.8863636363636364	3.070909090909091	0.0	0.0	1.8409090909090908	3.6645569620253164	0.0	7.068807339449541	1.221487603305785	1.4454545454545455	0.0	0.0	4.14448051948052	7.39625850340136	0.0	7.679566563467493	0.0	15.097520661157025	0.0	0.9121212121212121	6.310077519379845	24.006359300476948
25566	0.0	3.1353135313531353	0.0	1.9306930693069306	0.0	0.0	1.6435643564356435	5.419141914191419	0.0	10.656765676567657	4.967741935483871	0.0	0.0	0.0	2.2706270627062706	9.241721854304636	0.0	1.9731182795698925	1.4521452145214522	14.825	0.0	0.0	8.125412541254125	14.323275862068966
25567	0.0	2.672043010752688	0.0	2.682795698924731	0.0	0.0	2.1236559139784945	5.65	0.0	6.946236559139785	7.090322580645161	0.0	0.0	1.0376344086021505	7.006024096385542	6.8930817610062896	0.0	3.5483870967741935	2.5	22.218543046357617	0.0	0.0	6.130841121495327	16.282608695652176
25568	0.0	1.4560570071258907	0.0	2.650622406639004	0.0	0.0	1.636963696369637	1.6127728375101051	0.0	10.019400352733687	2.9442262372348784	1.0559322033898304	0.0	0.0	4.8279792746113985	8.28532110091743	0.0	2.8684416601409555	1.09926769731489	29.837364470391993	0.0	0.0	4.693412162162162	14.101369863013698
25569	0.0	0.7704728950403691	0.0	0.5846994535519126	0.0	0.0	2.1998021760633035	0.8195121951219512	0.0	6.8281081081081085	2.2261521972132905	0.37487636003956476	0.0	0.0	3.356297093649085	7.3454133635334085	0.0	3.147692307692308	0.743321718931475	18.44602609727165	0.0	0.0	4.047556142668428	16.088607594936708
25570	0.0	0.0	0.0	3.1031746031746033	0.0	0.0	0.6382978723404256	0.0	0.0	7.990566037735849	3.0992063492063493	1.5753968253968254	0.0	0.0	2.8214285714285716	1.5416666666666667	0.0	0.0	1.496031746031746	6.087301587301587	0.0	0.0	2.9215686274509802	15.29004329004329
25571	0.0	2.0406386066763424	0.0	4.352708058124175	0.0	0.0	2.7450980392156863	1.7299741602067182	0.0	8.670510708401977	2.7184	2.498708010335917	0.0	0.0	5.507402422611037	5.934	0.0	4.853107344632768	1.4444444444444444	20.226331360946745	0.0	0.0	5.194726166328601	16.3752417794971
25572	0.0	0.0	0.0	2.389294403892944	0.0	0.0	1.6009732360097324	0.44768856447688565	0.0	10.955112219451372	1.3357664233576643	0.0	0.0	0.0	9.982035928143713	16.06788511749347	0.0	8.061281337047355	0.0	16.869158878504674	0.0	0.2871046228710462	4.038961038961039	15.953771289537713
25573	0.0	5.124031007751938	0.8488372093023255	2.885593220338983	0.0	0.0	5.108527131782946	1.0155038759689923	0.0	12.410480349344978	0.0	0.313953488372093	0.0	0.0	3.488372093023256	7.077519379844961	0.0	9.551219512195122	1.6395348837209303	19.3099173553719	0.0	0.0	5.011173184357542	21.415
25574	0.0	0.7986577181208053	0.0	0.3671497584541063	0.0	0.0	0.0	2.6908212560386473	0.0	8.391304347826088	8.223880597014926	0.0	0.0	0.0	2.7777777777777777	4.299516908212561	0.0	3.3526570048309177	3.0677083333333335	11.88888888888889	0.0	0.0	3.246376811594203	15.48792270531401
25575	0.0	1.1341463414634145	0.0	3.967479674796748	0.0	0.0	3.7540650406504064	0.8388888888888889	0.0	9.96796338672769	3.7051282051282053	0.0	0.0	0.0	3.4892086330935252	12.452685421994884	0.0	4.091463414634147	0.0	23.05725971370143	0.0	0.0	5.038617886178862	18.43552311435523
25576	0.0	4.397101449275362	0.0	3.4260869565217393	0.0	0.0	0.8446215139442231	1.6869565217391305	0.0	8.42608695652174	4.8352941176470585	1.4028985507246376	0.0	0.0	1.2927536231884058	8.87125748502994	0.0	11.46551724137931	0.7710144927536232	19.567656765676567	0.663768115942029	0.0	3.4318840579710144	23.49174917491749
25577	0.0	1.7367149758454106	0.0	0.0	0.0	0.0	2.5924050632911393	0.0	0.0	10.978102189781023	2.4489795918367347	1.9595015576323989	0.0	0.7270531400966184	3.6218274111675126	11.762273901808786	0.0	5.687179487179487	1.497584541062802	24.73856209150327	0.0	0.0	4.094430992736077	19.642105263157895
25578	0.0	3.265798045602606	0.0	4.072592592592593	0.0	0.0	1.6704384724186705	0.8203184230477635	0.0	8.045383411580595	3.5916784203102963	0.9552529182879378	0.0	0.0	5.275611368142763	8.804087385482735	0.0	4.143873517786561	0.9604938271604938	17.802816901408452	0.0	0.0	5.548192771084337	23.399820305480684
25579	0.0	1.5186781609195403	0.0	2.786771105308964	0.0	0.0	2.579022988505747	2.346264367816092	0.0	6.000793021411578	4.529548989113531	1.7057034220532319	0.0	0.0	7.17859778597786	9.643196955280684	0.0	4.913732394366197	1.2636600173460537	21.407462686567165	0.0	0.0	3.7536824877250408	17.2515479876161
25580	0.0	1.7102564102564102	0.0	2.513286713286713	0.0	0.0	0.9426666666666667	1.4986772486772486	0.0	6.511834319526627	2.1776223776223778	1.3166666666666667	0.0	0.0	4.04179104477612	11.45608108108108	0.0	7.728731942215088	1.4733637747336377	20.2701062215478	0.0	0.0	5.336065573770492	18.253968253968253
25581	6.421538461538462	0.7837837837837838	1.057057057057057	8.76876876876877	2.963963963963964	5.207207207207207	6.595918367346939	3.133603238866397	7.583756345177665	45.32183908045977	14.24024024024024	2.83271375464684	0.0	9.780082987551868	16.107142857142858	17.442622950819672	6.337349397590361	15.626506024096386	3.8987341772151898	37.21604938271605	2.1681681681681684	2.439189189189189	14.076923076923077	53.52838427947598
25582	0.0	0.0	0.0	2.985294117647059	0.0	0.0	0.9712230215827338	3.1666666666666665	0.0	5.416666666666667	0.0	0.0	0.0	0.0	1.669172932330827	1.9880952380952381	0.0	0.0	1.0535714285714286	12.718181818181819	0.0	0.0	2.7857142857142856	11.142857142857142
25583	0.0	0.0	0.0	0.0	0.0	0.0	1.9172932330827068	0.7401960784313726	0.0	4.792105263157895	1.6813725490196079	0.0	0.0	0.0	1.6358024691358024	2.31592039800995	0.0	2.088235294117647	0.049019607843137254	16.118032786885244	0.0	0.0	0.0	7.427480916030534
25584	0.0	1.018818948734588	0.41343191620455944	2.1991182953710506	0.0	0.0	2.232394366197183	2.348329048843188	0.0	8.605283605283605	1.9250567751703256	0.9337016574585635	0.0	0.0	2.696759259259259	8.029218407596787	0.0	3.494047619047619	1.9826551034022681	18.07246376811594	0.0	0.0	5.955823293172691	13.938392186326071
25585	0.0	0.0	0.0	2.227642276422764	0.0	0.0	2.970464135021097	2.0609756097560976	0.0	7.597560975609756	5.93298969072165	2.605691056910569	0.0	1.008130081300813	1.748917748917749	10.51552795031056	0.0	6.41869918699187	0.25203252032520324	22.50232558139535	0.0	0.0	1.3943089430894309	21.86178861788618
25586	0.0	0.10666666666666667	0.0	4.532608695652174	0.0	0.0	2.5533333333333332	0.0	0.0	2.588709677419355	1.9933333333333334	1.2933333333333332	0.21333333333333335	0.0	2.973333333333333	10.191780821917808	0.0	2.96	0.0	12.161764705882353	0.0	0.0	3.1333333333333333	9.741496598639456
25587	0.0	1.671875	0.0	4.057228915662651	0.0	0.0	0.0	1.0729166666666667	0.0	8.315254237288135	3.0104166666666665	0.0	0.0	0.0	3.554973821989529	18.852459016393443	0.0	4.244525547445256	0.0	11.546099290780141	0.0	0.0	0.0	17.55786350148368
25588	0.0	2.271356783919598	0.0	5.407035175879397	0.0	0.0	1.9579524680073126	0.0	0.0	9.572792362768496	2.8477157360406093	0.9061976549413735	0.0	0.0	6.769927536231884	7.376681614349776	0.0	6.142335766423358	2.48068669527897	15.663019693654267	0.21440536013400335	0.0	5.4973166368515205	20.759191176470587
25589	0.0	0.0	0.0	0.9261363636363636	0.0	0.0	0.0	0.59375	0.0	13.692170818505337	8.639365918097754	2.0014245014245016	0.0	0.6953125	4.783216783216783	13.181962025316455	0.0	5.744827586206896	1.6497395833333333	16.953232462173315	0.0	0.0	3.5852047556142668	18.82866556836903
25590	0.0	1.7096774193548387	1.885304659498208	3.2666666666666666	0.0	0.0	4.931192660550459	1.7455197132616487	0.0	19.462365591397848	0.0	0.0	0.0	0.0	4.035714285714286	13.248868778280542	0.0	3.609318996415771	4.017921146953405	11.872146118721462	0.0	0.0	2.050179211469534	19.76793248945148
25591	0.0	2.121091151031271	0.0	2.9719887955182074	0.0	0.0	2.1949202598936797	2.3728613569321535	0.0	5.760252365930599	4.983007646559049	1.8303269447576098	0.0	0.0	3.431832202344232	11.17912457912458	0.0	2.876543209876543	0.8611111111111112	13.5484126984127	0.0	0.0	3.917481662591687	18.134592680047227
25592	0.0	1.8593272171253823	0.0	3.0603504218040234	0.0	0.0	1.897271268057785	1.4831804281345566	0.0	10.492330168005843	3.444530643910008	0.0	0.0	0.0	4.227528089887641	9.533932951757972	0.0	5.598214285714286	1.034862385321101	18.074274139095206	0.0	0.0	3.325944170771757	15.18996138996139
25593	0.0	2.3030842230130486	0.7114093959731543	2.5113250283125708	0.0	0.0	1.6754540128881077	1.0920897284533648	0.0	6.046349206349206	2.8382978723404255	0.0	0.0	0.0	4.565472695243687	8.263546798029557	0.0	2.848353014294593	1.0364614465032875	15.283765347885403	0.0	0.0	3.7433290978398985	16.006532066508314
25594	0.0	4.425925925925926	0.0	15.0	0.0	0.0	11.850877192982455	6.851851851851852	0.0	19.808917197452228	7.135802469135802	1.5925925925925926	0.0	0.0	11.775510204081632	19.836879432624112	0.0	14.647058823529411	6.048543689320389	24.22047244094488	0.0	2.265432098765432	11.226415094339623	24.938271604938272
25595	0.0	0.0	0.0	3.1807909604519775	0.0	0.0	2.6497175141242937	2.23728813559322	0.0	14.107954545454545	1.2654867256637168	0.0	0.0	0.6440677966101694	8.445714285714285	12.939759036144578	0.0	3.76271186440678	3.1638418079096047	22.23076923076923	0.0	0.0	3.546511627906977	21.954802259887007
25596	0.0	0.6356033452807647	0.0	4.888888888888889	0.0	0.0	1.6598984771573604	3.2235965746907707	0.0	8.209033613445378	4.161727349703641	2.178710178710179	0.0	0.0	6.583128583128583	14.929158110882957	0.0	6.082013047530289	3.319672131147541	20.831349206349206	0.35586635586635584	0.27350427350427353	8.357328707718993	22.327006039689387
25597	0.0	4.915942028985508	0.0	7.822033898305085	0.0	0.0	2.356687898089172	1.7709923664122138	0.0	13.126760563380282	1.6751592356687899	2.4191616766467066	0.867741935483871	0.0	1.9795918367346939	15.197297297297297	0.0	8.109375	2.1908396946564888	21.34985422740525	0.0	0.0	11.041984732824428	27.433846153846154
25598	0.0	2.8248407643312103	0.0	8.44883303411131	0.0	0.0	2.9355555555555557	4.0	0.0	11.762237762237762	5.534090909090909	0.0	0.0	0.0	11.04625550660793	16.423153692614772	0.0	16.113636363636363	4.820244328097731	35.45724258289703	0.0	0.0	7.833333333333333	31.554455445544555
25599	0.0	3.9792387543252596	1.126865671641791	10.417127071823204	0.0	0.0	6.15	0.0	0.0	13.811728395061728	7.851123595505618	0.35984848484848486	0.0	0.0	9.68922305764411	17.691542288557216	0.0	6.379888268156424	2.728110599078341	28.59271523178808	0.0	0.0	9.196517412935323	31.649819494584836
25600	0.0	3.5881057268722465	0.8874045801526718	4.70902394106814	0.0	0.0	5.922155688622754	1.920570264765784	0.0	12.451866404715128	7.2088772845953	0.9355432780847146	0.0	0.0	10.199626865671641	13.744897959183673	0.0	7.075268817204301	4.942928039702233	31.66243654822335	0.0	1.3259668508287292	11.993377483443709	28.294979079497907
25601	0.24612403100775193	1.806201550387597	0.0	2.501070663811563	0.0	0.0	2.1627906976744184	1.8414918414918415	0.0	6.335648148148148	3.798449612403101	0.0	0.4941860465116279	0.0	8.353684210526316	13.246575342465754	0.0	4.433179723502304	0.0	19.797136038186157	0.0	0.0	3.8987341772151898	16.48302872062663
25602	0.0	0.0	0.0	0.0	0.0	0.0	0.0	3.099009900990099	0.0	7.3304347826086955	2.1020408163265305	0.0	0.0	0.0	0.0	6.881188118811881	0.0	2.4477611940298507	2.2857142857142856	8.073170731707316	0.0	0.7142857142857143	4.826086956521739	18.19047619047619
25603	0.0	0.0	0.0	2.0873015873015874	0.0	0.0	1.0476190476190477	2.248677248677249	0.0	3.753968253968254	2.267195767195767	0.30158730158730157	0.0	1.3650793650793651	5.04320987654321	6.212121212121212	0.0	8.77198697068404	0.0	8.742937853107344	0.0	0.0	4.0	9.14344262295082
25604	0.0	0.36363636363636365	0.0	4.303030303030303	0.0	0.0	1.915151515151515	0.0	0.0	11.919117647058824	3.5174825174825175	0.0	0.0	0.0	5.8396946564885495	6.393939393939394	0.0	3.845679012345679	1.3151515151515152	12.066666666666666	0.0	0.0	1.9636363636363636	7.1835443037974684
25605	0.0	2.3874643874643873	0.0	0.9517543859649122	0.0	0.0	3.219298245614035	0.7127192982456141	0.0	7.847874720357942	2.579754601226994	0.18859649122807018	0.0	0.0	11.414473684210526	6.299401197604791	0.09649122807017543	3.6030701754385963	5.291005291005291	23.248337028824835	0.0	0.019736842105263157	3.028409090909091	15.202156334231805
25606	0.0	0.0	0.0	0.0	0.0	0.0	3.4305555555555554	0.0	0.0	1.5833333333333333	0.0	0.0	0.0	0.0	0.0	2.111111111111111	0.0	0.38271604938271603	0.0	2.8055555555555554	0.0	0.0	1.9097222222222223	3.34375
25607	0.0	2.4940898345153664	0.0	1.9817073170731707	0.0	0.0	2.908536585365854	3.5345528455284554	0.0	8.997674418604651	10.426048565121413	0.8455284552845529	0.0	0.0	4.616541353383458	11.1203007518797	0.0	3.79	0.0	19.199143468950748	0.0	0.0	7.444444444444445	24.105145413870247
25608	0.0	1.139240506329114	0.0	3.668213457076566	0.270042194092827	0.0	4.993406593406593	4.85904255319149	0.0	18.32236842105263	3.5558659217877095	0.0	0.0	0.0	12.240506329113924	13.733509234828496	0.0	6.513812154696133	3.016348773841962	34.745370370370374	0.0	0.0	9.189655172413794	26.233333333333334
25609	0.0	0.0	0.0	6.981566820276497	0.0	0.0	0.5515151515151515	0.0	0.0	9.68904593639576	2.687878787878788	0.0	0.0	0.0	6.556420233463035	7.276666666666666	0.0	4.426136363636363	2.1859756097560976	10.12109375	0.0	0.0	4.63030303030303	14.805309734513274
25610	0.0	3.254166666666667	0.0	0.0	0.0	0.0	0.9166666666666666	0.0	0.0	7.5875	1.7416666666666667	3.0	0.0	0.0	0.0	6.449579831932773	0.0	4.768472906403941	4.3625	10.946745562130177	0.0	1.3166666666666667	2.504166666666667	4.309644670050761
25611	0.0	1.0681198910081744	0.0	3.966189856957087	0.0	0.0	0.0	1.826647564469914	0.0	6.001636661211129	3.8388349514563105	1.229712858926342	0.0	0.0	7.272292993630574	7.561354019746121	0.0	7.0064935064935066	1.1310861423220975	16.479541734860884	0.0	0.0	5.957264957264957	10.6346396965866
25612	0.0	1.3819951338199514	0.0	3.291970802919708	0.0	0.0	3.0076923076923077	0.2895377128953771	0.0	5.7125	3.6809338521400776	0.6708229426433915	0.0	0.0	3.608272506082725	4.801749271137027	0.0	0.9483695652173914	0.0	19.32804232804233	0.0	0.0	4.220338983050848	14.667630057803468
25613	0.0	2.7687943262411348	0.0	2.7701492537313435	0.0	0.0	1.8328488372093024	3.1458646616541355	0.0	13.424541607898448	2.6510500807754442	1.8627450980392157	0.0	0.0	7.019726858877086	6.674491392801252	0.0	7.973831775700934	3.1262626262626263	17.288378766140603	0.0	0.0	4.878787878787879	18.008756567425568
25614	0.0	0.5074626865671642	0.0	1.0796019900497513	0.0	0.0	0.0	0.0	0.0	5.896551724137931	5.670454545454546	1.9900497512437811	0.0	0.0	2.7860696517412937	8.010582010582011	0.0	1.7124183006535947	1.2587064676616915	14.422885572139304	0.2885572139303483	0.0	6.3428571428571425	9.391959798994975
25615	0.0	1.0320512820512822	0.0	0.0	0.0	0.0	0.0	0.0	0.0	3.269230769230769	3.3461538461538463	2.3333333333333335	0.0	0.0	4.721649484536083	5.159574468085107	0.0	0.0	0.0	2.673758865248227	0.0	0.0	3.8974358974358974	11.26923076923077
25616	0.0	1.676300578034682	1.0252252252252252	2.1490825688073394	0.0	0.0	2.0432432432432432	1.6576576576576576	0.0	9.436131386861314	4.1765765765765765	0.6990990990990991	0.0	0.0	4.261083743842365	7.462929475587703	0.0	1.9183168316831682	2.234234234234234	19.15135135135135	0.0	0.0	4.043243243243243	11.636363636363637
25617	0.0	4.361111111111111	0.0	3.9115384615384614	0.12264150943396226	0.0	0.9811320754716981	0.4088050314465409	0.0	7.261006289308176	1.8584905660377358	0.09748427672955975	0.0	0.0	4.2959641255605385	2.0634920634920637	0.0	5.786163522012578	1.5628930817610063	9.481605351170568	0.0	0.0	3.605128205128205	13.672955974842766
25618	0.0	0.8603603603603603	0.0	2.1310679611650487	0.0	0.0	0.0	0.8663663663663663	0.0	6.924268502581755	4.591463414634147	1.7447447447447448	0.0	0.0	2.7993197278911564	10.742616033755274	0.0	2.1930091185410334	0.8428351309707242	12.382936507936508	0.0	0.0	4.164362519201229	11.358024691358025
25619	0.0	1.0139616055846423	0.0	1.5781893004115226	0.0	0.0	4.738515901060071	0.9586776859504132	0.0	8.364541832669323	1.7116704805491991	0.0	0.0	0.0	4.8522727272727275	9.462686567164178	0.0	1.799097065462754	1.6532846715328466	14.772853185595569	0.0	0.0	2.49438202247191	13.11276595744681
25620	0.0	2.0059665871121717	0.38065843621399176	6.8705612829324165	0.0	0.0	3.3724279835390947	0.9584415584415584	0.0	11.609903381642512	8.680170575692964	1.537162162162162	0.0	0.0	5.094650205761317	10.514522821576763	0.0	5.300411522633745	1.7984886649874054	25.114213197969544	0.2242798353909465	0.0	7.765645805592543	13.953634085213032
25621	0.0	1.2276785714285714	0.0	4.572953736654804	0.0	0.0	1.2083333333333333	2.0736842105263156	0.0	4.891089108910891	2.702838063439065	0.0	0.0	0.0	3.299492385786802	3.987037037037037	0.0	2.95021645021645	0.0	12.427480916030534	0.0	0.6741071428571429	3.4151785714285716	14.38488576449912
25622	0.0	1.2492431886982847	0.0	5.48527528809219	0.0	0.0	2.7806122448979593	2.0818652849740933	0.0	5.445502645502645	4.09375	0.0	0.0	0.0	4.173184357541899	7.688109161793372	0.0	4.009815950920245	1.4113060428849902	14.088888888888889	0.0	0.0	4.16421052631579	14.396158463385355
25623	0.0	0.0	0.012232415902140673	3.9059633027522938	0.0	0.0	0.0	0.0	0.0	10.922310756972111	2.9106239460370995	0.9485815602836879	0.0	0.0	2.8699059561128526	8.97191011235955	0.0	4.863945578231292	2.6432	17.977777777777778	0.0	0.0	2.660617059891107	22.403114186851212
25624	0.0	1.076086956521739	0.0	2.4444444444444446	0.0	0.0	2.7355072463768115	1.809782608695652	0.0	10.179732313575526	2.1630434782608696	0.49094202898550726	0.0	0.0	2.587473002159827	10.188725490196079	0.0	6.1270207852194	1.2477064220183487	16.718550106609808	0.0	0.0	3.423444976076555	24.03096539162113
25625	0.0	1.3950617283950617	0.44598765432098764	4.739039665970773	0.0	0.0	1.4614197530864197	0.6157407407407407	0.0	9.128874388254486	6.239344262295082	0.0	0.0	0.0	4.616692426584235	11.08347245409015	0.0	5.757211538461538	1.4212962962962963	24.84032258064516	0.0	0.0	4.064263322884012	16.931637519872815
25626	0.0	0.7561136814276272	0.0	3.223809523809524	0.0	0.0	1.0245064669843431	3.1929215822345594	0.0	8.64549578742709	3.482738095238095	1.0010946907498632	0.0	0.0	2.915492957746479	8.01955835962145	0.0	3.796448953709575	0.7131910235358512	19.494094488188978	0.0	0.0	3.873079112122937	18.665003119151592
25627	0.0	0.0	0.0	3.3434343434343434	0.0	0.0	2.323232323232323	2.0	0.0	3.8282828282828283	5.08080808080808	0.0	0.0	0.0	0.0	7.222222222222222	0.0	3.7474747474747474	2.202020202020202	9.909090909090908	0.0	0.98989898989899	9.975609756097562	21.359375
25628	0.0	2.0350877192982457	0.0	6.3201754385964914	0.0	0.0	1.5964912280701755	3.8771929824561404	0.0	32.657407407407405	14.355263157894736	7.894736842105263	1.631578947368421	2.8508771929824563	9.526315789473685	13.807017543859649	0.0	12.896103896103897	11.1	28.99390243902439	4.583333333333333	3.277486910994764	16.13425925925926	26.788079470198674
25629	0.0	4.362021857923497	0.0	7.0028208744710865	0.0	0.0	6.582181259600614	5.5997267759562845	0.0	17.835595776772248	6.135972461273666	2.680327868852459	0.0	1.2691256830601092	11.957650273224044	18.680212014134277	0.0	10.593949044585987	3.105	37.985099337748345	0.0	0.0	9.415977961432507	25.301369863013697
25630	0.0	0.0	0.0	4.421768707482993	0.0	0.0	3.542997542997543	2.0215827338129495	0.0	10.934659090909092	2.714788732394366	0.8345323741007195	0.0	0.0	4.510309278350515	9.724242424242425	0.0	1.5731414868105515	0.12949640287769784	25.176315789473684	0.0	0.0	5.321705426356589	10.647482014388489
25631	0.0	1.0305343511450382	0.5903614457831325	3.932479627473807	0.0	0.0	1.8393574297188755	1.984971098265896	0.0	8.15	2.3499480789200415	0.0	0.0	0.0	3.2550655542312277	7.847904191616767	0.0	1.9295612009237875	2.0475708502024292	11.368763557483732	0.0	0.0	6.569402228976697	15.734744707347447
25632	0.5859519408502772	0.9756862745098039	0.7737321196358907	2.8202154101077053	0.0	0.0	2.7627627627627627	1.7627737226277371	0.0	9.57504215851602	6.748538011695906	1.4367396593673967	0.0	0.0	6.003182179793158	9.33513097072419	0.0	7.735104091888012	6.055900621118012	15.521359223300971	1.7217847769028871	0.0	5.448644793152639	18.968903436988544
25633	0.0	0.9029126213592233	0.0	8.838174273858922	0.0	0.0	3.2134831460674156	4.086142322097379	0.0	2.9806763285024154	6.51310861423221	3.388646288209607	0.0	0.4794007490636704	4.812734082397004	11.367041198501873	0.0	3.8726591760299627	0.0	18.497737556561084	0.0	0.0	4.439834024896266	15.172185430463577
25634	0.0	0.7645569620253164	0.0	3.797327394209354	0.0	0.0	1.05	2.6706443914081146	0.0	12.973856209150327	5.4972972972972975	0.0	0.0	0.0	5.550102249488752	9.353293413173652	0.0	6.479616306954436	0.6366279069767442	19.557894736842105	0.0	0.294478527607362	3.6837606837606836	16.676891615541923
25635	0.0	0.0	0.0	0.0	0.0	0.0	0.0	0.0	0.0	1.462962962962963	0.0	0.0	0.0	0.0	0.0	6.071942446043166	0.0	2.037037037037037	0.0	10.23076923076923	0.0	0.0	3.4382716049382718	21.152173913043477
25636	0.0	0.0	0.0	3.9566326530612246	0.0	0.0	6.395759717314488	4.113695090439276	0.0	8.585081585081586	4.021028037383178	1.4382284382284383	0.0	0.0	8.728494623655914	8.341597796143251	0.0	9.186732186732186	0.6993006993006993	20.239852398523986	0.0	0.0	3.8132911392405062	17.580281690140843
25637	0.0	3.5168776371308015	0.0	4.92191435768262	0.0	0.0	0.9948453608247423	2.2225274725274726	0.0	11.605022831050228	5.6076233183856505	0.0	0.0	0.0	4.5738396624472575	6.115879828326181	0.0	4.179324894514768	2.258992805755396	21.827683615819208	0.20675105485232068	0.0	3.9008438818565403	20.475054229934923
25638	0.0	0.0	0.0	1.8591549295774648	0.0	0.0	2.90625	0.0	0.0	9.677083333333334	2.71875	1.2395833333333333	0.0	0.0	4.28125	12.144444444444444	0.0	5.854166666666667	0.0	17.174603174603174	0.0	0.0	1.625	17.11764705882353
25639	0.0	1.439894319682959	0.0	1.7433414043583535	0.0	0.0	1.226388888888889	1.2540760869565217	0.0	13.875912408759124	5.425970873786408	2.0476190476190474	0.6547619047619048	0.0	4.194047619047619	12.33532041728763	0.0	3.377049180327869	0.0	18.77777777777778	0.08095238095238096	0.0	5.972295514511873	21.398809523809526
25640	0.0	2.2588235294117647	0.0	4.572614107883817	0.0	0.0	2.6553030303030303	4.958333333333333	0.0	5.609375	3.5688073394495414	2.393939393939394	0.0	0.0	1.8214285714285714	7.803738317757009	0.0	5.306818181818182	5.777142857142858	15.503787878787879	0.0	0.0	1.6085271317829457	31.1125
25641	0.0	2.296	0.0	6.694533762057878	0.0	0.0	3.547008547008547	0.0	0.0	6.182890855457227	2.5164835164835164	2.056980056980057	0.0	0.0	8.891737891737892	9.707006369426752	0.0	10.301994301994302	3.4415954415954415	24.14814814814815	0.0	0.0	4.052307692307692	13.394578313253012
25642	0.0	0.0	0.0	0.38461538461538464	0.0	0.0	0.0	0.0	0.0	11.972727272727273	0.0	3.893081761006289	0.0	0.0	0.0	0.0	0.0	2.1132075471698113	0.0	16.36986301369863	0.0	1.2389937106918238	1.421383647798742	23.041666666666668
25643	0.0	1.8653061224489795	0.0	0.8534031413612565	0.0	0.0	2.5305410122164047	4.347294938917975	0.0	7.98220640569395	2.7673956262425445	0.0	0.0	0.0	7.195402298850575	5.943566591422122	0.0	2.825436408977556	4.5775280898876405	24.918478260869566	0.0	0.0	5.462478184991274	19.856812933025402
25644	0.0	0.0	1.039426523297491	4.391891891891892	0.0	0.0	0.9689366786140979	0.0	0.0	4.751453488372093	3.945041816009558	1.4468339307048985	0.0	0.0	6.21505376344086	8.87139423076923	0.0	6.105100463678516	0.8207885304659498	28.77920227920228	0.0	0.8984468339307049	3.9658385093167703	12.0459940652819
25645	0.0	1.5701981050818261	0.0	1.78698224852071	0.0	0.0	2.3372093023255816	1.020671834625323	0.0	5.482262703739214	4.6233230134158925	0.0	0.0	0.0	3.2988802756244615	7.633123689727463	0.0	2.8181818181818183	1.6271493212669683	18.705816554809843	0.0	0.0	3.834201388888889	9.743686868686869
25646	0.0	0.7950617283950617	0.0	2.634567901234568	0.0	0.0	3.1245283018867926	1.982716049382716	0.0	4.668367346938775	3.151436031331593	0.6765432098765433	0.0	0.0	5.129568106312292	10.944606413994169	0.0	7.33235294117647	2.5876543209876544	16.382716049382715	0.0	0.0	3.925675675675676	15.257452574525745
25647	0.0	0.0	0.0	0.0	0.0	0.0	0.0	0.703125	0.0	2.5944444444444446	1.9222222222222223	0.0	0.0	0.0	2.577777777777778	11.811111111111112	0.0	0.0	0.7222222222222222	10.16161616161616	0.0	0.0	1.22	12.384615384615385
25648	0.0	2.3339460784313726	0.0	1.5214007782101167	0.0	0.0	2.059286146400484	1.441016333938294	0.0	9.544662309368192	3.7777082028804005	1.4168179068360556	0.0	0.0	4.956658291457287	8.68227424749164	0.0	2.920863309352518	0.0	19.261675315048183	0.0	0.0	4.840104849279161	14.521604938271604
25649	0.0	1.9662107803700724	0.0	3.8825396825396825	0.0	0.0	1.7816091954022988	1.5646551724137931	0.0	7.88010425716768	3.899482631189948	1.8392857142857142	0.0	0.3994252873563218	4.425675675675675	8.021739130434783	0.0	3.5994962216624686	1.8182471264367817	11.793771043771043	0.0	0.0	5.568773234200743	10.684848484848485
25650	0.0	1.8651315789473684	0.0	2.630813953488372	0.0	0.0	1.4427083333333333	1.5498652291105122	0.0	12.786350148367953	3.7442748091603053	0.0	0.0	0.0	6.136842105263158	4.7727272727272725	0.0	5.651041666666667	0.0	11.760416666666666	0.0	0.0	2.832	10.784671532846716
25651	0.0	0.8208333333333333	0.0	3.8035714285714284	0.0	0.0	0.0	1.4623287671232876	0.0	6.621483375959079	2.0791666666666666	0.0	0.20833333333333334	0.0	3.5	5.780281690140845	0.0	5.757575757575758	1.099056603773585	18.059431524547804	0.0	1.2583333333333333	2.450363196125908	13.20103092783505
25652	0.0	0.9014778325123153	0.0	2.042105263157895	0.0	0.4456140350877193	0.9473684210526315	1.1978417266187051	1.056140350877193	9.947368421052632	2.4771929824561405	3.4	0.0	0.0	7.0227272727272725	6.6192660550458715	0.0	4.751111111111111	2.1894736842105265	8.097472924187725	0.0	0.0	1.6280701754385964	14.167400881057269
25653	0.0	0.0	0.0	1.2374350086655113	0.0	0.0	2.6370106761565837	0.0	0.0	7.939001848428836	0.0	0.0	0.0	0.0	7.434782608695652	6.317384370015949	0.0	2.6561085972850678	0.0	13.919743178170144	0.0	0.0	7.087096774193548	14.985645933014354
25654	0.0	1.108457711442786	0.0	4.705114254624592	0.0	0.0	1.137704918032787	3.143171806167401	0.0	11.837234042553192	4.547528517110266	1.623578076525336	0.0	0.0	4.607264472190693	7.09775429326288	0.0	4.830166270783848	0.0	23.595866819747418	0.0	0.0	2.9005524861878453	19.919856459330145
25655	0.0	3.466549295774648	0.0	1.9864864864864864	0.0	0.0	0.6440677966101694	2.1824561403508773	0.0	8.597597597597598	3.257799671592775	1.0105105105105106	0.0	0.0	4.1213960546282244	11.124804992199689	0.0	6.039443155452436	0.5659340659340659	15.055855855855857	0.0	0.0	5.74721189591078	24.69188191881919
25656	0.0	1.067829457364341	0.0	3.701550387596899	0.0	0.0	3.099756690997567	3.4166666666666665	0.0	8.489051094890511	5.1161825726141075	1.0077519379844961	0.0	0.0	5.001937984496124	10.716627634660421	0.0	5.532388663967612	1.4726775956284153	17.094961240310077	0.0	0.0	5.0144927536231885	14.238396624472573
25657	0.0	1.7113821138211383	0.0	4.142241379310345	0.0	0.0	1.339430894308943	3.2392638036809815	0.0	7.576441102756892	6.836776859504132	0.0	0.0	0.0	3.5032537960954446	5.958333333333333	0.0	5.794258373205742	1.8699186991869918	15.760162601626016	0.0	0.0	8.234848484848484	15.043360433604336
25658	0.0	0.0	0.0	0.0	0.0	0.0	0.0	0.0	0.0	3.0074812967581046	0.5096153846153846	1.821078431372549	0.0	0.0	0.0	0.0	0.0	0.0	0.0	0.22807017543859648	0.0	0.0	0.0	3.838235294117647
25659	0.0	1.62905604719764	0.0	1.825769854132901	0.0	0.0	1.712756467439786	2.243201243201243	0.0	5.849715678310317	3.560299625468165	0.0	0.0	0.0	5.066612510154346	10.961709706144257	0.0	2.4935304990757854	1.7644268774703558	12.656565656565656	0.0	0.0	4.828137490007993	18.41628959276018
25660	0.0	1.2329317269076305	0.0	3.3466666666666667	0.0	0.0	4.0187265917602994	0.0	0.0	6.022471910112359	0.3295880149812734	0.37453183520599254	0.0	0.0	3.7752808988764044	2.8793103448275863	0.0	7.383233532934132	0.35580524344569286	12.934497816593886	0.0	0.0	5.825112107623318	22.982758620689655
25661	0.0	1.0293040293040292	0.9926739926739927	0.7545787545787546	0.0	0.0	2.7142857142857144	0.6336996336996337	0.0	7.34054054054054	11.25257731958763	0.0	0.0	0.0	5.0256410256410255	5.840163934426229	0.0	4.0	1.9267399267399268	11.207468879668049	0.0	0.0	5.112994350282486	15.267441860465116
25662	0.0	0.0	0.0	0.6190476190476191	0.0	0.0	1.9409937888198758	1.660455486542443	0.0	5.365296803652968	3.2224969097651424	0.0	0.0	0.0	4.09047619047619	8.18458197611292	0.0	2.0345982142857144	1.9083063646170442	19.501050420168067	0.0	0.0	5.286390532544378	8.635504201680673
25663	0.0	1.328928046989721	0.8986784140969163	3.6894273127753303	0.0	0.0	1.841409691629956	2.4095238095238094	0.0	7.312734082397004	1.1121157323688968	0.9221183800623053	0.0	0.0	3.64540059347181	5.341421143847487	0.0	4.966226138032305	0.0	14.457627118644067	0.0	0.0	5.629457364341086	16.198664440734557
25664	0.0	0.0	0.0	1.8985507246376812	0.0	0.0	2.9528985507246377	1.9395604395604396	0.0	6.325991189427313	2.7068062827225132	0.0	0.0	0.0	7.107142857142857	7.251396648044692	0.0	3.3127753303964758	1.3007246376811594	16.04265402843602	0.0	0.0	3.119565217391304	12.46829268292683
25665	0.0	0.9559386973180076	0.0	4.409961685823755	0.0	0.0	0.0	0.0	0.0	11.206692913385826	2.2796934865900385	0.6095717884130982	0.0	0.0	4.026819923371647	7.586433260393873	0.0	2.2279693486590038	1.0919540229885059	23.161458333333332	0.0	0.0	3.3084291187739465	15.269151138716357
25666	0.0	1.5889967637540454	0.0	1.916083916083916	0.6472491909385113	0.0	1.1007194244604317	1.522653721682848	0.0	5.137476459510358	2.817097415506958	0.0	0.0	0.0	3.7596638655462185	5.656307129798903	0.0	3.331715210355987	4.358885017421603	18.07942238267148	0.0	0.0	0.9818780889621087	8.365750528541227
25667	0.0	1.062015503875969	0.0	1.8372093023255813	0.0	0.0	0.0	0.0	0.0	6.3023255813953485	3.2758620689655173	0.689922480620155	0.0	0.0	0.0	4.633333333333334	0.0	4.395348837209302	5.243589743589744	11.2015503875969	0.0	0.0	2.62015503875969	7.757894736842105
25668	0.0	0.8661588683351469	0.1661409043112513	3.1384439359267735	0.0	0.0	2.103049421661409	1.0399579390115667	0.0	6.37922077922078	3.82124079915878	0.0	0.0	0.0	4.4773922187171395	6.096815286624204	0.0	4.2507970244420825	0.5938606847697757	16.177111716621255	0.0	0.0	4.195154777927321	12.275327771156139
25669	0.0	1.9504950495049505	0.0	1.5196463654223968	0.0	0.0	1.2308478038815118	0.0	0.0	9.062380038387715	2.5118679050567594	1.642791551882461	0.0	0.0	3.1443298969072164	6.736373748609566	0.0	0.7833333333333333	1.8595664467483506	10.702380952380953	0.0	0.0	3.681899641577061	10.279126213592233
25670	0.0	2.1687715269804824	0.0	2.0995316159250588	0.0	0.0	0.5774804905239688	2.469342251950948	0.0	5.323376623376624	4.211920529801325	0.0	0.0	0.0	3.1546894031668695	4.249667994687915	0.0	3.1616161616161618	0.0	18.7593984962406	0.0	0.0	8.625	15.810643564356436
25671	0.0	0.0	0.0	0.0	0.0	0.0	1.3144654088050314	0.0	0.0	2.0599520383693046	0.6174863387978142	0.0	0.0	0.0	0.0	0.7756813417190775	0.0	0.36056338028169016	0.0	4.155440414507772	0.03773584905660377	0.0	2.0335429769392035	3.9080962800875274
25672	0.0	0.0	0.0	2.7772511848341233	0.0	0.0	2.9557522123893807	2.096317280453258	0.0	13.944444444444445	3.5971896955503513	0.0	0.0	0.0	8.424444444444445	8.23342939481268	0.0	1.6381418092909537	1.255125284738041	17.708978328173373	0.0	0.0	3.306701030927835	20.9748427672956
25673	0.0	5.07900677200903	0.0	4.236151603498542	0.0	0.0	2.2635135135135136	4.896396396396397	0.0	7.7952755905511815	4.116710875331565	2.4954954954954953	0.0	0.0	6.908396946564886	11.244582043343653	0.0	5.493243243243243	4.469512195121951	18.2972972972973	0.0	0.0	9.884012539184953	16.60096153846154
25674	0.0	2.9641025641025642	0.9828801611278952	4.694105691056911	0.15861513687600645	0.0	3.642512077294686	1.7753623188405796	0.0	14.425252525252525	7.878563885955649	2.0312213039485765	0.33011272141706927	0.0	6.24811320754717	8.788908765652952	0.0	7.143326039387309	1.827697262479871	19.855924978687128	0.0	0.0	6.953216374269005	15.701986754966887
25675	0.0	1.7159763313609468	1.228985507246377	5.122516556291391	0.0	0.0	7.206642066420664	0.0	0.0	14.420289855072463	8.867132867132867	0.0	0.0	0.0	3.647798742138365	8.59919028340081	0.0	6.7894736842105265	1.8940809968847352	21.889855072463767	0.0	0.0	9.746268656716419	17.74404761904762
25676	0.0	0.53125	0.0	0.6861111111111111	0.0	0.0	2.5388888888888888	0.9277777777777778	0.0	12.773134328358209	7.961111111111111	1.2166666666666666	0.0	0.0	5.566265060240964	2.3855072463768114	0.0	3.9518072289156625	0.0	11.365269461077844	0.0	0.0	7.583596214511041	17.0
25677	0.0	0.0	0.0	3.6455026455026456	0.0	0.0	0.0	3.054673721340388	0.0	10.117171717171717	2.592734225621415	0.0	0.0	0.5889423076923077	6.174950298210735	10.831062670299728	0.0	5.9709443099273605	1.2821869488536155	19.880668257756565	0.0	0.0	4.691011235955056	9.428865979381444
25678	0.0	1.9156118143459915	0.0	3.7496183206106872	0.0	0.0	0.0	1.2175226586102719	0.0	10.715339233038348	1.0442477876106195	1.2236286919831223	0.0	0.0	5.102189781021898	9.89873417721519	0.0	3.0558912386706947	1.0618846694796062	26.196793002915452	0.0	0.0	5.935379644588045	14.78018018018018
25679	0.0	2.7509578544061304	0.3103448275862069	2.2339181286549707	0.0	0.0	2.7375478927203063	1.9425287356321839	0.0	5.232142857142857	2.9691358024691357	0.0	0.0	0.0	2.628352490421456	8.354166666666666	0.0	3.9140401146131807	1.6436781609195403	8.24234693877551	0.0	0.0	4.795969773299748	15.568359375
25680	0.0	0.07772795216741404	0.0	1.6337817638266068	0.0	0.0	0.9348739495798319	2.0559322033898306	0.0	11.811145510835914	3.769230769230769	2.4931714719271625	0.0	0.0	4.856115107913669	8.555555555555555	0.0	7.011605415860735	0.8056801195814649	13.604966139954854	0.0	0.0	3.6013071895424837	21.781420765027324
25681	0.0	0.0	0.0	2.3837638376383765	0.0	0.0	3.365325077399381	1.3616352201257862	0.0	16.165697674418606	7.6421052631578945	7.057441253263708	0.0	0.0	13.977961432506888	22.205980066445182	0.0	13.385892116182573	3.3108808290155443	29.56382978723404	0.0	0.0	9.553691275167786	23.295031055900623
25682	0.0	0.8509554140127389	0.0	3.983257229832572	0.0	0.0	1.1715481171548117	0.0	0.0	5.793103448275862	3.1469489414694896	1.7043740573152337	0.0	0.0	4.982849604221636	7.849872773536895	0.0	3.174661746617466	2.3645443196004994	13.664323374340949	0.0	0.0	3.9132124352331608	13.595771144278608
25683	0.0	2.9456521739130435	0.9869281045751634	1.5849673202614378	0.0	0.0	2.5947712418300655	2.1371681415929205	0.0	19.479591836734695	5.2046511627906975	0.0	0.049019607843137254	0.0	11.607142857142858	13.693877551020408	0.0	9.054347826086957	0.9084967320261438	14.845901639344262	0.0	0.0	9.693548387096774	28.08108108108108
25684	0.0	0.0	0.0	0.0	0.0	0.0	0.0	0.0	0.0	12.878378378378379	2.1578947368421053	0.0	0.0	0.0	0.0	6.932515337423313	0.0	0.0	0.0	8.79746835443038	0.0	0.0	0.0	2.3
25685	0.0	0.0	0.0	2.7051282051282053	0.6923076923076923	0.0	0.0	1.2179487179487178	0.0	7.929577464788732	0.0	0.5769230769230769	0.0	0.0	1.1346153846153846	7.308943089430894	0.0	5.288461538461538	0.1794871794871795	17.46794871794872	0.0	0.0	5.518248175182482	15.993589743589743
25686	0.0	0.375	0.07407407407407407	2.7037037037037037	0.0	0.0	0.0	3.0260416666666665	0.0	13.090909090909092	3.240740740740741	1.9947643979057592	0.0	0.0	4.912037037037037	11.181102362204724	0.0	9.694029850746269	0.0	22.27027027027027	0.0	0.0	5.814814814814815	17.14388489208633
25687	0.0	3.742441209406495	0.9566968781470292	6.529276693455798	0.0	0.0	3.7942477876106193	5.271204188481676	0.0	18.668127053669224	11.785641025641025	4.335805084745763	0.9553191489361702	1.322072072072072	12.291666666666666	15.901063829787233	0.0	15.844537815126051	4.124384236453202	46.398395721925134	0.8795309168443497	0.0	17.307246376811595	36.55793025871766
25688	0.0	2.2658959537572256	0.0	1.6157461809635723	0.0	0.0	2.686175580221998	1.8776493256262043	0.0	10.07832618025751	4.596452328159645	2.0809248554913293	0.0	0.0	1.8117249154453212	10.802455357142858	0.0	3.3769035532994924	1.1363193768257058	13.082535885167465	0.0	0.0	1.8676092544987146	15.753398058252428
25689	0.0	3.3887468030690537	0.5752380952380952	0.0	0.0	0.0	1.5559921414538311	1.24	0.0	8.731313131313131	5.586466165413534	1.0342857142857143	0.0	0.0	4.786931818181818	13.140845070422536	0.0	4.8342857142857145	0.6561679790026247	15.43614931237721	0.4514285714285714	0.0	3.496551724137931	13.126582278481013
25690	0.0	1.2708333333333333	0.0	1.25	0.0	0.0	3.46875	0.4791666666666667	0.0	5.259433962264151	2.1004566210045663	0.0	0.0	0.0	4.926724137931035	3.4293785310734464	0.0	4.221590909090909	1.1111111111111112	23.895522388059703	0.0	0.0	4.375	11.07037037037037
25691	0.0	0.0	0.0	0.0	0.0	0.0	0.6726190476190477	2.7261904761904763	0.0	6.276785714285714	7.996969696969697	0.0	0.0	0.0	7.56140350877193	10.130990415335463	0.0	5.107843137254902	1.1964285714285714	20.503676470588236	0.0	1.505952380952381	5.833333333333333	18.222996515679444
25692	0.0	0.9821138211382113	0.0	1.8112522686025407	0.0	0.0	1.7548500881834215	1.8339973439575032	0.0	8.472014925373134	4.164285714285715	0.0	0.0	0.0	5.993344425956739	8.659973226238286	0.0	3.4820717131474104	0.9588313413014609	21.180689655172415	0.0	0.0	5.8484375	18.180851063829788
25693	0.0	0.0	0.0	5.9790123456790125	0.0	0.0	0.9172749391727494	2.9228441754916794	0.0	9.087591240875913	2.889075630252101	0.7785888077858881	0.0	0.0	6.008141112618724	9.061433447098976	0.0	8.531520395550062	0.84625	15.727272727272727	0.0	0.2944038929440389	4.079545454545454	13.65628891656289
25694	0.0	0.7380660954712362	0.0	4.463815789473684	0.0	0.0	2.3487124463519313	3.1745350500715306	0.0	7.86454652532391	2.8336106489184694	0.0	0.0	0.0	2.9201934703748487	4.90832328106152	0.0	3.882285714285714	0.8997641509433962	16.16005291005291	0.0	0.0	3.033047735618115	16.467105263157894
25695	0.0	1.7264437689969605	0.0	3.8337182448036953	0.0	0.0	1.740628166160081	2.005924170616114	0.0	9.182658959537573	5.693684210526316	0.5491388044579534	0.0	0.0	5.254736842105263	6.221322537112011	0.0	4.759665621734587	0.9027355623100304	22.34915611814346	0.0	0.41742654508611954	3.672727272727273	15.13860103626943
25696	0.0	3.9601990049751246	1.6218905472636815	0.4527363184079602	0.0	0.0	3.241206030150754	0.8805970149253731	0.0	6.894736842105263	7.271676300578035	0.4427860696517413	0.0	0.0	3.1959798994974875	6.7611940298507465	0.0	3.5024875621890548	1.6616915422885572	27.661290322580644	0.0	0.0	0.6567164179104478	15.564285714285715
25697	0.0	1.4703196347031964	0.0	4.03347280334728	0.0	0.0	1.9095890410958904	0.8738916256157635	0.0	6.987804878048781	5.35091743119266	0.7120253164556962	0.0	0.0	3.627551020408163	8.261673151750973	0.0	3.323473282442748	1.0490463215258856	15.261988304093567	0.0	0.0	3.8212512413108244	17.97688442211055
25698	0.0	0.6846330275229358	0.0	3.0634441087613293	0.0	0.2729103726082578	1.32	1.2642140468227425	0.0	8.39655172413793	4.4642497482376635	0.0	0.0	0.0	2.653930131004367	9.05082742316785	0.0	2.6992399565689467	2.3146067415730336	17.22819593787336	0.0	0.0	4.033232628398792	15.522439585730725
25699	0.0	1.6750700280112045	0.0	4.204481792717087	0.0	0.32492997198879553	3.0840336134453783	0.38375350140056025	0.0	8.328301886792453	5.912225705329154	0.0	0.0	0.0	5.109704641350211	8.166666666666666	0.0	3.403361344537815	0.0	16.57312252964427	0.0	0.0	4.383753501400561	15.327510917030567
25700	0.0	2.2041420118343193	0.0	2.652956298200514	0.0	0.0	1.7731755424063116	1.038659793814433	0.0	8.966887417218542	1.7033639143730888	0.0	0.0	0.0	4.789976133651551	9.559808612440191	0.0	4.894150417827298	2.5088757396449703	14.004444444444445	0.0	0.0	2.9510309278350517	19.793367346938776
25701	0.0	3.257142857142857	0.17054263565891473	5.070739549839228	0.0	0.0	5.1030303030303035	2.383720930232558	0.0	14.687234042553191	2.5348837209302326	1.8971553610503282	0.0	0.0	5.253333333333333	11.08352668213457	0.0	3.1642105263157894	1.2105263157894737	15.65	0.0	0.0	8.269326683291771	16.665245202558637
25702	0.0	1.1873417721518988	0.33174603174603173	1.594153052450559	0.0	0.0	1.1064377682403435	1.3238095238095238	0.0	9.654228855721392	3.1405877680698966	1.792857142857143	0.0	0.0	5.033824804856895	8.918552036199095	0.0	5.64493480441324	0.976984126984127	21.674097664543524	0.0	0.0	4.14486391571554	16.142715559960358
25703	0.0	1.665475126601132	0.0	3.416719044626021	0.0	0.0	1.5649068322981365	0.0	0.0	7.610152945004881	3.59271978021978	1.3120189461219656	0.0	0.0	4.120222149624306	9.0125	0.0	4.450389794472006	0.79481504900411	16.60590334090172	0.0	0.12847838957963292	5.46005595275101	16.224025974025974
25704	0.0	0.0	0.0	0.0	0.0	0.0	1.2076502732240437	0.273224043715847	0.0	8.182432432432432	3.847682119205298	1.6256830601092895	0.0	0.0	0.8120300751879699	9.572237960339944	0.0	5.967213114754099	0.0	3.8015873015873014	0.0	0.0	2.248633879781421	8.887978142076502
25705	0.0	0.0	0.0	0.0	0.0	0.0	0.0	0.0	0.0	1.5072463768115942	0.0	0.0	0.0	0.0	0.0	3.6724137931034484	0.0	1.4734299516908214	0.0	1.932367149758454	0.0	0.0	3.3399014778325125	15.18452380952381
25706	0.0	2.5258620689655173	0.0	1.0046948356807512	0.0	0.0	0.7845303867403315	0.0	0.0	4.784037558685446	4.47887323943662	0.0	0.0	0.0	2.861271676300578	5.985915492957746	0.0	2.492957746478873	1.0892018779342723	3.563380281690141	0.0	0.0	1.699530516431925	6.425925925925926
25707	0.0	6.134146341463414	0.0	0.6743295019157088	0.0	0.0	0.6734006734006734	2.4512635379061374	0.0	2.9297297297297296	3.0402298850574714	1.734006734006734	0.0	0.0	0.0	4.006944444444445	0.0	5.154929577464789	2.558922558922559	14.127659574468085	0.0	0.0	4.905923344947735	7.864541832669323
25708	0.0	4.531380753138075	0.0	4.688442211055277	0.0	0.0	2.736842105263158	0.8968253968253969	0.0	8.915151515151516	2.7261904761904763	4.418181818181818	0.0	0.0	19.335403726708076	15.480392156862745	0.0	2.257936507936508	0.0	17.862433862433864	0.0	0.0	8.158730158730158	25.621145374449338
25709	0.0	1.097872340425532	0.0	6.569506726457399	0.0	0.0	1.4492753623188406	0.6075268817204301	0.0	13.311355311355312	3.3934426229508197	0.0	0.0	0.0	12.173333333333334	13.20703125	0.0	3.3909465020576133	3.028985507246377	34.31578947368421	0.0	0.0	5.536231884057971	31.96014492753623
25710	0.0	2.671122994652406	0.0	3.7566137566137567	0.0	0.0	1.5925925925925926	2.142857142857143	0.0	7.285714285714286	2.966666666666667	0.0	0.0	0.0	3.8996539792387543	7.761904761904762	0.0	7.712074303405573	3.068783068783069	11.899053627760253	0.0	0.0	4.502008032128514	16.779310344827586
25711	0.0	2.9082426127527214	0.0	4.5406427221172025	0.0	0.0	2.1435114503816792	2.3833333333333333	0.0	12.474332648870636	4.095238095238095	2.4873949579831933	0.0	0.0	8.50925925925926	7.24633431085044	0.0	4.655677655677656	1.022328548644338	23.500742942050522	0.0	0.0	5.826797385620915	17.77237354085603
25712	0.9409448818897638	4.365963855421687	0.0	5.351424694708276	0.0	0.0	4.335989375830013	3.029143897996357	0.0	16.253644314868804	10.064205457463885	4.246947082767979	0.9816272965879265	1.7317073170731707	11.075134168157424	18.54707792207792	0.0	11.9904	4.535830618892508	30.936708860759495	1.7545931758530184	0.0	9.53225806451613	30.34552845528455
25713	0.0	2.004830917874396	0.0	3.1884057971014492	0.0	0.0	0.0	1.4685990338164252	0.0	6.859756097560975	4.130434782608695	2.2318840579710146	0.0	0.3864734299516908	1.9033816425120773	10.18840579710145	0.0	2.497584541062802	0.0	18.65536723163842	0.0	0.0	5.033816425120773	16.256038647342994
25714	0.0	3.044382801664355	0.0	5.568253968253968	0.0	0.0	4.924600638977636	3.373425692695214	0.0	29.78298727394508	9.978534418948927	5.063279857397505	1.6101583113456464	1.9848369977255496	8.753284671532846	17.23931623931624	0.0	14.353082465972777	5.33102253032929	37.74357090374725	2.3088512241054615	0.6917164816396243	7.370044052863436	33.13550340651022
25715	0.0	6.066508313539193	1.236331569664903	4.895874263261296	0.0	0.0	4.258620689655173	3.04296875	0.30511463844797176	20.49673202614379	6.055555555555555	2.674955595026643	0.2821869488536155	0.0	6.283950617283951	10.80952380952381	0.0	7.082706766917293	2.2021978021978024	31.115089514066497	0.564373897707231	0.8218694885361552	8.158590308370044	22.974554707379134
25716	0.37777777777777777	3.0684931506849313	0.0	4.741176470588235	0.0	0.0	3.4444444444444446	2.0	0.0	10.035502958579881	4.523809523809524	2.3833333333333333	0.0	0.0	2.75	11.633986928104575	0.0	2.2555555555555555	1.4388888888888889	36.317880794701985	0.0	0.0	3.161111111111111	5.0647482014388485
25717	2.1666666666666665	2.5865384615384617	0.0	3.2205128205128206	0.0	0.0	3.587878787878788	1.437984496124031	0.0	9.914893617021276	5.696335078534031	2.5193798449612403	0.0	0.0	9.41747572815534	10.275193798449612	0.0	3.313953488372093	2.7635658914728682	33.0	0.0	0.0	4.945736434108527	12.238095238095237
25718	0.0	1.3675213675213675	0.0	1.047008547008547	0.0	0.0	1.641025641025641	1.1666666666666667	0.0	6.833333333333333	2.8333333333333335	3.6595744680851063	0.0	0.0	6.205128205128205	17.21875	0.0	9.656626506024097	0.0	16.048648648648648	0.0	0.0	4.884120171673819	13.094240837696335
25719	0.0	0.8122977346278317	2.9320388349514563	5.922330097087379	0.0	0.0	2.6537216828478964	0.0	0.0	14.298305084745763	6.971887550200803	0.8880597014925373	0.4336569579288026	0.0	3.9923664122137406	11.141414141414142	0.0	3.56	3.177993527508091	22.290657439446367	0.0	0.0	6.26171875	20.720338983050848
25720	0.0	0.6021505376344086	0.0	0.5376344086021505	0.0	0.0	3.4301075268817205	0.9516129032258065	0.0	14.252252252252251	0.0	0.0	0.0	0.0	10.932584269662922	8.023076923076923	0.0	5.56989247311828	2.129032258064516	17.629032258064516	0.0	0.0	10.218045112781954	16.03030303030303
25721	0.0	3.725266362252664	0.0	2.924345295829292	0.0	0.0	3.0257548845470694	3.9593984962406017	0.0	12.836461126005362	5.23155929038282	1.7100340136054422	0.0	0.0	7.649443561208267	13.653310104529616	0.0	10.041428571428572	1.8823529411764706	24.556596409055427	0.0	0.9623312011371713	7.8760611205432935	21.834267413931144
25722	0.0	0.07936507936507936	0.0	1.8888888888888888	0.0	0.0	3.6666666666666665	2.1984126984126986	0.0	9.412280701754385	8.508771929824562	0.0	0.0	0.0	8.19672131147541	5.87962962962963	0.0	0.0	0.9285714285714286	20.01123595505618	0.0	0.0	0.0	14.721649484536082
25723	0.0	2.7733333333333334	2.088963963963964	4.919463087248322	0.0	0.0	2.208128078817734	2.2473745624270713	0.0	11.258543833580982	7.850140056022409	1.9876126126126126	0.0	0.0	8.897168405365127	11.957063711911358	0.0	8.147222222222222	1.6858108108108107	20.291884816753928	0.0	0.0	5.905585106382978	23.75340909090909
25724	0.0	1.8434343434343434	0.15151515151515152	3.676767676767677	0.0	0.0	3.122448979591837	7.166666666666667	0.0	4.33502538071066	6.551020408163265	0.0	0.0	0.0	3.585858585858586	8.24031007751938	0.0	6.404040404040404	1.6565656565656566	16.931818181818183	0.0	0.0	7.56701030927835	17.755102040816325
25725	0.0	0.0	0.0	2.197802197802198	0.0	0.0	0.0	2.912087912087912	0.0	9.120967741935484	1.956043956043956	0.0	0.0	0.0	3.7032967032967035	9.992673992673993	0.0	2.399267399267399	0.0	21.772893772893774	0.0	0.0	8.9812734082397	17.253164556962027
25726	0.0	2.629496402877698	0.0	7.556581986143187	0.0	0.0	1.356164383561644	2.1196581196581197	0.0	15.419525065963061	4.445910290237467	0.7876712328767124	0.0	0.0	8.90379746835443	13.936739659367397	0.0	1.4829268292682927	1.2372881355932204	23.328	0.0	0.0	4.19634703196347	18.0125
25727	0.0	0.0	0.0	2.0324675324675323	0.0	0.0	1.3676470588235294	0.0	0.0	12.98360655737705	3.0362694300518136	0.0	0.0	0.0	3.803921568627451	7.928934010152284	0.0	0.0784313725490196	1.9558823529411764	10.245901639344263	0.0	0.0	7.8125	20.285714285714285
25728	0.0	2.385897435897436	0.0	1.5282714054927302	0.0	0.0	1.4941348973607038	1.9935897435897436	0.06666666666666667	14.355244755244755	6.945525291828794	0.9384615384615385	0.0	0.0	5.809523809523809	6.910906298003072	0.0	1.8278443113772456	1.141025641025641	15.911957950065704	0.0	0.0	5.556368960468522	16.082251082251084
25729	0.0	1.8395061728395061	0.0	2.8909313725490198	0.0	0.0	0.8366080661840745	1.0106995884773662	0.0	9.713888888888889	3.8769363166953528	0.6897119341563785	0.0	0.0	8.814625850340136	12.089034676663543	0.0	4.979735682819383	1.5765027322404372	13.130203720106289	0.0	0.09465020576131687	3.447635135135135	18.922930542340627
25730	0.0	3.786231884057971	1.068840579710145	2.2681159420289854	0.0	0.0	4.050724637681159	1.7681159420289856	0.0	5.186046511627907	5.413043478260869	0.9128630705394191	0.0	0.0	3.4886363636363638	10.959183673469388	0.0	4.088709677419355	0.0	18.423076923076923	0.0	0.0	5.1708542713567835	21.398340248962654
25731	0.0	1.7866666666666666	0.0	3.9700910273081926	0.0	0.0	1.8575721153846154	2.1021184139054863	0.0	7.614673242909988	4.675814751286449	0.0	0.0	0.0	6.584398117014122	10.10132412204951	0.0	6.048134777376655	1.2166569598136283	21.583536585365852	0.0	0.14424635332252836	3.917083631165118	14.746563060370592
25732	0.0	0.9286898839137645	1.4029850746268657	2.081818181818182	0.0	0.0	0.8098039215686275	0.0	0.0	10.351648351648352	1.212569316081331	0.0	0.0	0.0	1.3797678275290215	5.248015873015873	0.0	0.7676056338028169	0.0	18.890274314214462	0.0	0.0	3.17967332123412	16.381489841986458
25733	0.0	6.992063492063492	0.0	6.6455696202531644	0.0	0.0	0.0	0.0	0.0	3.4523809523809526	1.5654761904761905	1.7976190476190477	0.0	0.0	6.161290322580645	2.857142857142857	0.0	1.0297619047619047	0.0	6.89171974522293	0.0	0.0	0.0	6.046357615894039
25734	0.0	1.4390243902439024	0.0	7.038585209003215	0.0	0.0	5.80225988700565	2.6287262872628725	0.0	5.631386861313868	2.3956521739130436	0.0	0.0	0.0	6.012121212121212	5.694779116465863	0.0	4.7368421052631575	2.168021680216802	14.60058309037901	0.0	0.0	4.8566978193146415	13.846846846846846
25735	0.0	0.0	1.0315315315315314	0.0	1.1756756756756757	0.0	2.4684684684684686	3.234234234234234	0.0	5.081081081081081	6.342342342342342	1.5225225225225225	0.0	0.0	7.579545454545454	5.896396396396397	0.0	2.7012987012987013	0.8341232227488151	8.934131736526947	2.364864864864865	0.581081081081081	1.8923076923076922	19.62272727272727
25736	0.0	5.7063492063492065	0.0	2.8156028368794326	0.0	0.0	4.085106382978723	3.375886524822695	0.0	5.8936170212765955	8.472527472527473	0.0	0.0	0.0	2.8214285714285716	6.971631205673759	0.0	4.634146341463414	0.0	9.900826446280991	0.0	0.0	4.404255319148936	5.85
25737	0.0	2.015923566878981	0.0	1.749498997995992	0.0	0.0	1.751269035532995	1.9064327485380117	0.0	9.381278538812785	7.390845070422535	1.2903780068728523	0.0	0.0	4.792397660818714	6.018518518518518	0.0	3.719642857142857	0.9342105263157895	20.25521669341894	0.0	0.0	5.8552188552188555	12.681927710843373
25738	0.0	1.530054644808743	0.9726775956284153	1.1584699453551912	0.1762295081967213	0.0	2.064516129032258	4.036764705882353	0.0	11.087893864013267	3.2615384615384615	2.064207650273224	0.0	0.0	6.0691399662731875	8.408517350157728	0.0	4.446175637393767	1.3232	21.770893371757925	0.0	0.0	4.843629343629344	19.21892393320965
25739	0.0	1.0179063360881542	0.972972972972973	2.947058823529412	0.0	0.0	1.90990990990991	1.8198198198198199	0.0	9.14342105263158	7.385740402193784	0.42213642213642216	0.0	0.0	3.533434650455927	5.821106821106821	0.0	4.319870759289176	2.144144144144144	20.1994851994852	0.0	0.0	4.214912280701754	11.413629160063392
25740	0.0	1.6923076923076923	0.0	1.3759398496240602	0.0	0.0	0.0	1.72991452991453	0.0	11.185682326621924	1.623931623931624	0.0	0.4427350427350427	0.0	3.758220502901354	6.789366053169734	0.0	4.44022770398482	1.4575971731448762	26.259896729776248	0.0	0.0	3.8923076923076922	20.764595103578156
25741	0.0	0.7307343608340888	0.0	1.50431447746884	0.0	0.04738562091503268	2.0187908496732025	1.6784232365145229	0.0	12.323788546255507	3.2651209677419355	1.5032679738562091	0.0	0.0	3.977815699658703	11.904854368932039	0.0	6.869565217391305	1.0566037735849056	23.511092150170647	0.0	0.0	3.583922261484099	14.905847373637265
25742	0.0	0.0	0.0	1.9990089197224976	0.11823035850495804	0.0	2.6499595796281326	1.7254004576659039	0.0	10.965017064846416	4.474617244157937	0.0	0.0	0.0	3.2846580406654344	8.998299319727892	0.0	5.387121799844841	1.8161648177496037	15.286486486486487	0.0	0.0	4.516182572614108	16.533731853116993
25743	0.0	0.0	0.0	0.0	0.0	0.0	2.4504504504504503	4.09009009009009	0.0	5.263636363636364	0.0	2.0585585585585586	0.0	0.0	4.162162162162162	5.170731707317073	0.0	3.2027027027027026	0.5405405405405406	17.105263157894736	0.0	0.0	3.4684684684684686	11.209302325581396
25744	0.0	3.345528455284553	0.0	0.0	0.0	0.0	0.34959349593495936	0.0	0.0	3.9901477832512313	1.4959349593495934	0.0	0.0	0.0	1.6406926406926408	1.26	0.0	6.006711409395973	0.37398373983739835	6.863905325443787	0.0	0.0	5.342592592592593	18.089887640449437
25745	0.0	2.9775280898876404	0.0	2.9981718464351004	0.0	0.0	3.7205387205387206	0.0	0.0	9.253493013972056	5.5803402646502835	0.0	0.0	0.0	5.449596774193548	12.92	0.0	4.887404580152672	3.643097643097643	22.39171374764595	0.0	1.0420875420875422	6.219281663516068	20.135627530364374
25746	0.0	1.8883572567783093	0.0	5.974137931034483	0.0	0.0	3.8659476117103235	2.525	0.0	12.226039783001807	5.54054054054054	1.1441441441441442	0.0	0.0	5.599644128113879	9.503875968992247	0.0	6.6604823747680895	1.8663663663663663	29.05909090909091	0.0	0.6186186186186187	5.0537459283387625	23.560420315236428
25747	0.0	2.4717119764878768	0.0	3.675631621841891	0.0	0.0	1.7942477876106195	2.15	0.0	9.751842751842752	3.5991803278688526	0.8969957081545065	0.0	0.0	7.253955037468776	7.964339908952959	0.0	4.760194174757282	2.194103194103194	26.22673893405601	0.0	0.0	2.446503791069924	17.605263157894736
25748	0.01598173515981735	0.8447488584474886	0.8471849865951743	5.397260273972603	0.0	0.0	2.2739726027397262	1.8059360730593608	0.0	5.841423948220065	1.8675799086757991	0.0	0.0	0.0	3.6374622356495467	6.806701030927835	0.0	2.219178082191781	2.471604938271605	10.986033519553073	0.0	0.0	8.03875968992248	17.726315789473684
25749	0.0	2.032863849765258	0.0	3.806451612903226	0.0	0.0	1.4093959731543624	0.0	0.0	9.865771812080537	2.270893371757925	0.0	0.0	0.0	4.15406162464986	9.305841924398626	0.0	1.8970917225950783	3.9395973154362416	19.675615212527966	0.0	1.523489932885906	4.384787472035794	11.243847874720357
25750	0.0	1.811533052039381	0.0	2.1158645276292334	0.0	0.0	0.5019685039370079	0.8635724331926864	0.0	7.084070796460177	2.556348074179743	0.0	0.0	0.0	6.852534562211981	13.478260869565217	0.0	3.4614065180102918	0.63668430335097	19.863636363636363	0.0	0.33755274261603374	4.1	12.634429400386848
25751	0.0	0.7741530740276035	0.0	4.042402826855124	0.0	0.0	3.2605042016806722	1.1876750700280112	0.0	8.82741116751269	5.49	0.0	0.0	0.0	7.113602391629297	12.871452420701168	0.0	7.324728260869565	0.695201037613489	19.05843293492696	0.0	0.0	2.3497942386831276	16.303830911492735
25752	0.0	0.830952380952381	0.0	2.598337950138504	0.65	0.0	3.755364806866953	0.0	0.0	10.212209302325581	3.6984126984126986	0.0	0.0	0.0	5.612903225806452	8.817391304347826	0.0	5.910216718266254	0.0	25.174454828660437	0.0	0.0	4.2	12.954773869346734
25753	0.0	2.4275862068965517	0.0	0.0	0.0	0.0	0.0	1.7954022988505747	0.0	8.811494252873564	1.3011494252873563	0.0	0.0	0.2620689655172414	0.0	5.46	0.0	4.369928400954654	1.9080459770114941	24.538205980066444	0.0	1.2206896551724138	4.863517060367454	14.148387096774194
25754	0.0	0.0	0.34108527131782945	0.0	0.0	0.0	0.751937984496124	1.1085271317829457	0.0	6.1645021645021645	1.3333333333333333	0.4728682170542636	0.0	0.0	8.095652173913043	6.109004739336493	0.0	1.441860465116279	0.42248062015503873	14.42436974789916	0.0	0.0	0.6550387596899225	14.016460905349794
25755	0.0	1.2304582210242587	0.0	1.4272237196765498	0.0	0.0	1.9963503649635037	1.7688564476885644	0.0	8.298682284040996	1.6034063260340632	0.572992700729927	0.0	0.0	2.4604409857328147	6.068331143232589	0.0	3.479064039408867	0.0	11.446428571428571	0.0	0.0	4.195739014647137	13.502680965147453
25756	0.0	1.0675105485232068	0.0	1.9747292418772564	0.0	0.0	2.610951008645533	1.491118077324974	0.0	8.688622754491018	2.742584745762712	0.0	0.0	0.0	5.2026143790849675	10.504878048780487	0.0	5.275316455696203	0.0	12.585266030013642	0.0	0.0	4.158868335146899	18.5724043715847
25757	0.0	0.7193347193347194	0.0	4.678776290630975	0.0	0.0	0.0	2.81592039800995	0.0	9.439469320066335	5.489642184557439	0.0	0.0	1.1514018691588785	1.6917098445595855	3.5536480686695278	0.0	3.8772802653399667	3.8140794223826715	9.118895966029724	0.0	0.0	3.658374792703151	9.688128772635816
25758	0.0	5.213333333333333	0.0	2.314655172413793	0.0	0.0	2.0972850678733033	1.858649789029536	0.0	10.89486552567237	4.531645569620253	2.4042056074766354	0.0	0.0	5.570048309178744	9.768398268398268	0.0	4.143459915611814	0.2805907172995781	24.196202531645568	0.0	0.0	6.088516746411483	12.696132596685082
25759	0.0	0.9122807017543859	0.0	0.13450292397660818	0.0	0.0	2.216374269005848	1.064327485380117	0.0	8.087591240875913	5.631578947368421	3.56875	0.0	0.0	3.1169590643274856	4.521367521367521	0.0	1.2959183673469388	0.0	10.952702702702704	1.6608187134502923	0.0	7.441717791411043	6.619883040935672
25760	0.0	0.0	0.0	1.8352941176470587	0.0	0.0	0.0	0.0	0.0	4.227642276422764	2.0980392156862746	0.6901960784313725	0.0	0.0	4.883408071748879	7.664921465968586	0.0	1.1725490196078432	3.615686274509804	6.965686274509804	0.0	0.0	0.0	12.0
25761	0.0	0.0	0.0	2.710570469798658	0.0	0.0	2.097413793103448	0.7700258397932817	0.0	6.107047279214987	2.5726698262243284	0.0	0.0	0.0	2.409052092228864	7.405508072174739	0.0	4.760711398544867	1.59064807219032	9.186655405405405	0.0	0.0	2.886046511627907	12.224107142857143
25762	0.0	0.9400151860288535	0.0	0.9152215799614644	0.0	0.0	0.7473073736536868	0.0	0.0	11.47421875	4.308654848800834	0.9316628701594533	0.0	0.0	4.727347611202636	6.022887323943662	0.0	5.783699059561129	1.8359057676685622	15.89594356261023	0.0	0.0	4.90386521308226	16.613019891500905
25763	0.0	0.4105691056910569	0.0	0.6574712643678161	0.0	0.0	0.0	3.593103448275862	0.0	3.5033333333333334	3.1547619047619047	0.0	0.0	0.0	3.5357142857142856	5.453551912568306	0.0	3.4574132492113563	3.4863945578231292	11.633802816901408	0.0	0.0	1.7655172413793103	10.920987654320987
25764	0.0	0.14859437751004015	2.4096385542168677	1.5903614457831325	0.0	0.0	1.7991967871485943	1.8032128514056225	0.0	7.622489959839357	1.7389558232931728	0.0	0.4538152610441767	0.0	1.5662650602409638	7.346153846153846	0.0	6.327044025157233	0.0	9.381909547738694	0.0	0.0	5.291666666666667	6.877828054298643
25765	0.0	6.175298804780876	0.0	1.5104166666666667	0.0	0.0	2.1362007168458783	0.0	0.0	8.202643171806168	5.300884955752212	0.0	0.0	0.7777777777777778	6.068100358422939	19.261802575107296	0.0	9.297979797979798	0.0	31.257731958762886	0.0	0.0	4.659498207885305	29.35458167330677
25766	0.0	2.0168539325842696	0.16276477146042365	0.9531772575250836	0.0	0.0	0.0	0.6644370122630993	0.0	4.027380952380953	3.0509461426491993	0.0	0.0	0.0	1.994186046511628	5.861111111111111	0.0	0.8721704394141145	0.0	19.178807947019866	0.0	0.0	5.952898550724638	4.603726708074534
25767	0.0	0.8010291595197255	0.0	6.295340501792115	0.0	0.0	2.465099191770757	3.729200652528548	0.0	14.285914505956551	9.519644180874723	2.156073446327684	0.0	0.0	8.848417954378219	16.72193690388848	0.0	6.468199233716475	3.8699551569506725	43.931263858093125	0.0	0.0	6.023299161230196	28.93984962406015
25768	1.1258278145695364	2.2012383900928794	0.0	6.663366336633663	0.0	0.0	6.002336448598131	3.823960880195599	0.0	24.75208913649025	7.24223602484472	3.7295454545454545	0.0	0.12362030905077263	8.48036253776435	14.449404761904763	0.0	10.552941176470588	5.608591885441528	43.65994236311239	0.12362030905077263	0.0	13.24310776942356	45.755627009646304
25769	0.0	1.6155950752393982	1.2871046228710463	5.193891102257636	0.0	0.0	1.7897727272727273	6.270860077021823	0.0	10.240845070422536	2.5283363802559413	2.9391447368421053	0.0	0.0	9.144620811287478	6.8503086419753085	0.0	9.600286532951289	4.798053527980535	31.357927786499214	0.0	0.0	9.30026455026455	15.829493087557603
25770	0.0	2.2483940042826553	0.0	1.8711538461538462	0.0	0.0	4.1582608695652175	1.355716878402904	0.0	8.651442307692308	4.7073170731707314	1.6849087893864014	0.13598673300165837	0.0	3.7861952861952863	5.898009950248756	0.0	4.355704697986577	1.8424543946932006	9.995680345572355	0.0	0.0	5.048821548821548	15.071739130434782
25771	0.0	2.1360069747166524	0.21940928270042195	3.12374245472837	0.0	0.0	2.6529351184346037	2.18669314796425	0.0	10.986159169550174	3.9576036866359448	0.8209944751381215	0.0	0.0	6.7706766917293235	10.028195488721805	0.0	4.695652173913044	1.5628691983122363	19.980627306273064	0.0	0.37468354430379747	5.994629430719656	20.126295947219603
25772	0.0	3.5087976539589443	0.993421052631579	3.6878172588832485	0.0	0.0	1.650219298245614	2.329571106094808	0.0	10.426997245179063	6.869062901155328	2.5460526315789473	0.0	0.8640350877192983	6.320574162679426	16.199471598414796	0.0	9.824451410658307	2.5848142164781907	30.595209580838322	0.0	0.0	7.242388758782202	29.250345781466113
25773	0.0	0.0	0.0	0.0	0.0	0.0	1.9966942148760332	0.0	0.0	5.709939148073023	5.077220077220077	0.0	0.0	0.0	3.7181069958847734	6.7853211009174315	0.0	2.713270142180095	0.6609808102345416	17.813084112149532	0.0	0.0	3.813915857605178	12.212543554006968
25774	0.0	0.0	0.0	3.8214285714285716	0.0	0.0	1.919732441471572	3.8363095238095237	0.0	15.534615384615385	7.014563106796117	0.0	0.0	0.0	2.857142857142857	11.813333333333333	0.0	7.501519756838905	2.9242424242424243	20.96153846153846	0.0	0.10119047619047619	1.2440677966101694	11.958333333333334
25775	0.0	0.0	0.2268041237113402	2.319569120287253	0.0	0.0	1.263622974963181	2.185545873910815	0.0	5.823794212218649	2.3466955579631636	0.0	0.0	0.0	3.5738831615120277	7.923391812865497	0.0	3.9473684210526314	2.964956195244055	14.849093264248705	0.0	0.0	5.227748691099476	14.813325991189428
25776	0.0	0.0	0.0	4.046808510638298	0.0	0.0	3.006060606060606	2.433333333333333	0.0	4.590909090909091	3.563380281690141	0.0	0.0	0.0	3.7784615384615385	9.328888888888889	0.0	3.7696969696969695	1.1481481481481481	17.342307692307692	0.0	0.0	1.3588516746411483	17.24074074074074
25777	0.0	0.0	0.0	2.4573643410852712	0.0	0.0	2.9270833333333335	0.0	0.0	8.751937984496124	0.0	2.8372093023255816	0.0	0.0	5.209302325581396	4.751937984496124	0.0	7.303370786516854	6.72093023255814	15.263565891472869	0.0	0.0	10.434108527131784	20.29245283018868
25778	0.0	2.494047619047619	0.0	1.8748114630467572	0.0	0.0	1.0195035460992907	1.6607142857142858	0.0	6.549488054607509	3.134715025906736	0.7380952380952381	0.0	0.1130952380952381	5.873355263157895	9.368055555555555	0.0	4.717781402936378	2.645669291338583	15.811011904761905	0.0	0.4017857142857143	3.9061913696060038	12.902155887230514
25779	0.0	0.27851458885941643	0.0	2.123469387755102	0.0	0.0	0.0	0.8428290766208252	0.0	12.179317931793179	3.8778004073319754	0.749748743718593	0.0	0.0	5.225961538461538	5.908207343412527	0.0	5.402412280701754	3.112624886466848	14.389168765743072	0.0	0.0	3.7808349146110056	13.231396534148828
25780	0.0	0.8288288288288288	0.0	0.0	0.0	0.0	0.0	1.870748299319728	0.0	5.03852327447833	6.549632352941177	0.0	0.0	0.0	3.897590361445783	7.85034965034965	0.0	1.7786357786357787	4.597402597402597	10.10728476821192	0.0	0.0	3.468208092485549	15.813758389261745
25781	0.0	0.945479641131815	0.0	3.1138652207591013	0.0	0.0	1.8388780169602088	0.8254716981132075	0.0	9.47840260798696	3.821021021021021	1.7530864197530864	0.0	0.40291806958473625	5.721609344581441	8.2654996353027	0.0	4.204361370716511	1.3659942363112392	14.96393643031785	0.42480359147025815	0.0	4.807768268597762	14.27044430135222
25782	0.0	0.0	0.0	2.1323529411764706	0.0	0.0	0.0032679738562091504	1.6258169934640523	0.0	7.775831873905429	0.31699346405228757	0.24509803921568626	0.0	0.0	2.0620915032679736	5.580065359477124	0.0	2.204248366013072	0.9371816638370118	10.273348519362187	0.0	0.0	3.8763440860215055	10.786290322580646
25783	0.0	1.3743641912512716	0.0	1.6198521647307287	0.0	0.0	0.0	0.9658848614072495	0.0	5.020833333333333	0.7804154302670623	0.38414634146341464	0.0	0.0	1.953091684434968	4.830393487109905	0.0	2.6616862326574173	0.0	5.931210191082802	0.0	0.10873983739837398	1.5890710382513662	8.18566392479436
25784	0.0	1.1935483870967742	0.0	2.9170403587443947	0.0	0.0	1.7201646090534979	0.9074074074074074	0.0	8.628647214854112	0.0	0.51440329218107	0.0	0.0	4.811855670103093	4.528358208955224	0.0	1.8830275229357798	2.0823045267489713	26.320454545454545	0.0	0.0	1.851948051948052	20.89400921658986
25785	0.0	1.1861861861861862	0.0	3.315315315315315	0.0	0.0	1.337539432176656	1.6156156156156156	0.0	9.889795918367346	2.4285714285714284	0.7207207207207207	0.0	0.0	9.735735735735735	8.607250755287009	0.0	3.144694533762058	1.1921921921921923	26.748447204968944	0.0	0.0	3.3313069908814588	23.03690036900369
25786	0.0	0.9457627118644067	0.0	1.4106060606060606	0.0	0.0	1.873156342182891	0.45132743362831856	0.0	9.085454545454546	2.2888888888888888	0.0	0.0	0.0	7.282868525896414	6.207766990291262	0.0	2.088695652173913	0.7256637168141593	15.743676222596964	0.0	0.0	4.564308681672026	11.246312684365781
25787	0.0	0.9857142857142858	0.0	2.9952380952380953	0.7571428571428571	0.0	2.6952380952380954	6.08843537414966	0.0	9.741935483870968	5.969512195121951	1.9180327868852458	1.161904761904762	0.0	4.273972602739726	5.994318181818182	0.0	5.292207792207792	2.3714285714285714	7.092105263157895	0.0	0.7285714285714285	2.9054726368159205	18.633093525179856
25788	0.0	0.0	0.0	0.9024943310657596	0.0	0.0	0.0	0.0	0.0	2.8548812664907652	1.6507936507936507	0.0	0.0	0.0	0.6031746031746031	1.437641723356009	0.0	0.8798185941043084	0.0	2.610079575596817	0.0	0.0	0.0	1.075880758807588
25789	0.0	2.6666666666666665	0.0	3.893617021276596	0.0	0.0	0.0	0.0	0.0	7.516203703703703	1.795774647887324	0.0	0.0	0.0	3.526854219948849	7.997275204359673	0.0	1.1107954545454546	5.260340632603406	10.487031700288185	0.0	0.0	2.1203703703703702	5.891203703703703
25790	0.0	3.055755395683453	0.0	2.8465346534653464	0.0	0.0	3.7777777777777777	1.6837606837606838	0.0	7.552870090634441	1.5541310541310542	2.7227488151658767	0.0	0.0	1.6819526627218935	8.13740458015267	0.0	3.62624584717608	2.0268562401263823	15.755555555555556	0.0	0.0	5.329411764705882	16.67577413479053
25791	0.0	1.2746536267318664	0.4409127954360228	3.337278106508876	0.0	0.0	0.94067067927773	1.4017929910350448	0.0	11.496343692870202	2.4250457038391224	0.0	0.0	0.0	4.070564516129032	8.435695538057743	0.0	6.681692732290708	1.895680521597392	16.609990393852065	0.0	0.0	2.1203599550056245	9.824473420260782
25792	0.0	2.4827586206896552	1.3160919540229885	5.354838709677419	0.0	0.0	0.0	1.8218390804597702	0.0	4.493975903614458	2.2605042016806722	0.0	0.0	0.0	3.625	8.81081081081081	0.0	2.235632183908046	0.9942528735632183	12.330827067669173	0.0	0.0	7.649425287356322	20.310606060606062
25793	0.0	1.5691056910569106	0.0	3.0025316455696203	0.0	0.0	0.0	1.8954703832752613	0.0	3.1757857974388823	4.930612244897959	1.7293844367015099	0.0	0.0	4.2895408163265305	9.982926829268292	0.0	1.7813765182186234	1.5249709639953541	12.99712643678161	0.1951219512195122	0.0	4.0157384987893465	19.376498800959233
25794	0.0	1.5505505505505506	0.0	4.9129158512720155	0.0	0.0	1.7564870259481038	2.428424304840371	0.0	8.18772136953955	3.36779324055666	0.0	0.0	0.0	3.524137931034483	7.794183445190156	0.0	3.654048370136698	0.0	15.559322033898304	0.0	0.0	4.550420168067227	15.614935822637106
25795	0.0	0.6616915422885572	0.0	1.44	0.2562189054726368	0.0	0.8818407960199005	0.7325870646766169	0.0	1.6998468606431854	2.8260869565217392	0.47512437810945274	0.0	0.0	1.5604575163398693	4.55054432348367	0.0	4.579275905118601	1.6940104166666667	12.667098445595855	0.053482587064676616	0.0	2.3573333333333335	12.608582574772432
25796	0.0	0.0	0.0	1.5723270440251573	0.0	0.0	0.0	0.6163522012578616	0.0	0.0	0.0	0.0	0.0	0.0	0.0	2.4842767295597485	0.0	0.16352201257861634	0.0	2.9935897435897436	0.0	0.0	0.0	2.106918238993711
25797	0.0	0.0	0.0	2.2907153729071537	0.0	0.0	2.499121265377856	1.6167341430499325	0.0	10.371913580246913	2.627329192546584	0.0	0.0	0.0	6.046875	7.41390205371248	0.0	3.6778398510242085	0.921727395411606	19.605222734254994	0.0	0.0	1.3873144399460189	25.881932021466906
25798	0.0	0.6493333333333333	0.0	1.6722846441947565	0.0	0.0	0.6933560477001703	3.029126213592233	0.0	10.04866562009419	3.8335949764521193	1.772	0.0	0.0	4.786384976525822	10.672619047619047	0.0	5.445652173913044	1.4113029827315542	17.141544117647058	0.0	0.0	6.830699774266366	23.38860103626943
25799	0.0	1.0911949685534592	0.0	3.6761006289308176	0.0	0.0	0.8490566037735849	5.012448132780083	0.949685534591195	9.205787781350482	7.8277310924369745	2.647798742138365	0.0	0.0	8.084249084249084	11.92384105960265	0.0	2.150501672240803	1.5377358490566038	23.79016393442623	0.0	0.7484276729559748	3.930817610062893	30.806962025316455
25800	0.0	4.548672566371682	1.9292035398230087	4.1931034482758625	0.0	0.0	3.108695652173913	2.005899705014749	0.0	9.840989399293287	8.25609756097561	0.0	0.672566371681416	0.0	5.764957264957265	11.30566037735849	0.02064896755162242	7.984848484848484	0.4837758112094395	30.310043668122272	0.0	0.0	1.8395904436860069	22.55521472392638
25801	0.0	1.6231884057971016	0.7660455486542443	2.853211009174312	0.0	0.0	0.0	1.773224043715847	0.0	14.252475247524753	6.118733509234828	1.0192307692307692	0.0	0.0	8.95353982300885	8.930722891566266	0.0	8.783333333333333	1.6376811594202898	21.997536945812808	0.43478260869565216	0.0	5.2771739130434785	16.991718426501034
25802	0.0	0.3564356435643564	1.386138613861386	1.858085808580858	0.0	0.0	3.8646864686468647	1.2673267326732673	0.0	12.337349397590362	1.6434426229508197	0.17491749174917492	0.0	1.3686131386861313	1.5082508250825082	8.033222591362126	0.0	7.247272727272727	1.5907590759075907	18.122112211221122	0.0	0.5676567656765676	5.443661971830986	21.952380952380953
25803	0.0	0.0	0.0	0.0	0.0	0.0	7.441860465116279	3.4806201550387597	0.0	7.395348837209302	7.666666666666667	0.0	0.0	0.0	2.1705426356589146	9.07258064516129	0.0	3.1440677966101696	5.056451612903226	32.13978494623656	2.046511627906977	0.0	4.887640449438202	20.45378151260504
25804	0.0	3.029126213592233	0.0	8.843283582089553	0.0	0.0	4.877022653721683	3.753846153846154	0.0	31.839449541284402	12.727272727272727	5.30503144654088	0.0	0.0	19.21383647798742	15.351170568561873	0.0	16.364485981308412	6.239382239382239	43.12893081761006	0.7610062893081762	1.9968152866242037	11.128813559322033	37.55161290322581
25805	0.0	0.0	0.0	4.5611702127659575	0.0	0.0	2.5619335347432024	1.0149253731343284	0.0	10.037313432835822	5.306451612903226	0.7512437810945274	0.0	0.0	3.7761194029850746	8.329268292682928	0.0	2.398009950248756	0.0	18.0251572327044	0.0	0.0	2.03072625698324	12.782369146005509
25806	0.0	0.9345156889495225	0.5471264367816092	5.288505747126437	0.0	0.0	1.5728155339805825	0.0	0.0	7.212158808933003	2.039072039072039	0.0	0.0	0.0	2.3123287671232875	6.018469656992084	0.0	3.137978142076503	0.32298850574712645	8.72958500669344	0.0	0.0	3.5388535031847135	19.330634278002698
25807	0.0	0.75	1.8958333333333333	11.43157894736842	0.0	0.0	0.43243243243243246	1.4166666666666667	0.0	16.380208333333332	7.020942408376963	3.456989247311828	0.0	0.0	11.090395480225988	11.57037037037037	0.0	10.072916666666666	0.46846846846846846	15.502617801047121	0.0	0.0	10.087431693989071	25.958677685950413
25808	0.07079646017699115	2.5634218289085546	0.2610619469026549	9.144215530903328	0.0	0.0	5.620338983050847	2.748407643312102	0.0	26.63807531380753	7.185321100917431	2.8762886597938144	0.7433628318584071	0.0	10.886986301369863	21.64761904761905	0.0	8.215976331360947	6.699346405228758	39.31703204047218	0.061946902654867256	0.0	11.25811209439528	35.57227138643068
25809	0.0	2.005009392611146	0.0	2.502478314745973	0.0	0.0	1.7552258934592042	0.0	0.0	12.625413633355393	2.8498269896193773	1.5776699029126213	0.0	0.0	4.659136212624585	6.9212271973466	0.0	1.8674803836094158	2.1089704996989767	15.425787106446776	0.0	0.0	3.368624919302776	15.916036308623298
25810	0.0	0.0	0.0	3.58008658008658	0.0	0.0	6.12987012987013	0.0	0.0	4.525773195876289	1.6883116883116882	0.0	0.0	0.0	1.8658008658008658	6.210191082802548	0.0	3.2937853107344632	0.23809523809523808	8.255411255411255	0.0	0.0	3.4627659574468086	10.28310502283105
25811	0.0	2.4779299847793	0.6225266362252664	2.4596651445966513	0.5068493150684932	0.0	1.3470319634703196	1.330289193302892	0.0	5.015432098765432	3.4073359073359075	0.0	0.0	0.0	5.185303514376997	8.331811263318112	0.0	1.9406392694063928	1.2879684418145956	14.357751277683134	0.0	0.0	4.696649029982363	10.1285140562249
25812	0.0	1.884333821376281	0.05822416302765648	6.48122866894198	0.0	0.0	3.9142011834319526	1.8770053475935828	0.0	15.276564774381368	1.6996402877697843	0.0	0.0	0.0	3.649331352154532	7.8893280632411065	0.0	9.182094081942337	3.022267206477733	19.515007898894154	0.0	0.0	5.703101920236337	17.594679186228483
25813	0.0	4.217255717255718	0.0	5.521064301552107	0.0	0.0	2.801906779661017	2.4456630109670985	0.0	11.738520408163266	5.562189054726368	0.8229475766567754	0.0	0.0	5.798301486199575	15.062571103526736	0.0	6.98343685300207	2.059003051881994	33.030581039755354	0.0	0.0	3.589989350372737	16.01529411764706
25814	0.0	0.060240963855421686	0.0	7.009615384615385	0.0	0.0	1.5217391304347827	2.4455128205128207	0.0	7.368	3.588235294117647	0.0	0.46474358974358976	0.0	6.506976744186047	5.618677042801556	0.0	0.0	0.5103092783505154	14.35483870967742	0.0	0.0	2.4711538461538463	10.325259515570934
25815	0.0	0.0	0.7691029900332226	1.7224264705882353	0.0	0.0	1.3952380952380952	0.7773006134969325	0.0	7.438061041292639	1.6102564102564103	0.7873754152823921	0.0	0.0	2.905852417302799	5.8474374255065555	0.0	3.6622325043377675	1.8996415770609318	12.157515252357182	0.0	0.4108527131782946	2.387337057728119	6.215019255455712
25816	0.0	0.311614730878187	0.0	2.067864271457086	0.0	0.0	1.750499001996008	0.0	0.0	6.658536585365853	1.7259036144578312	0.0	0.0	0.0	2.193018480492813	2.1591511936339525	0.0	0.9829683698296837	3.8552631578947367	14.226277372262773	0.0	0.0	2.730538922155689	8.63820224719101
25817	1.0260416666666667	0.4600694444444444	0.0	1.5888888888888888	0.3645833333333333	0.0	2.298611111111111	0.6927083333333334	0.0	5.593345656192237	0.75	0.0	0.0	0.0	4.871111111111111	5.117801047120419	0.0	2.826164874551971	2.525139664804469	9.460573476702509	0.0	0.0	2.008298755186722	11.168402777777779
25818	0.0	0.0	0.0	1.724537037037037	0.0	0.0	0.8089080459770115	0.0	0.0	6.577881619937695	1.6164199192462987	0.0	0.0	0.0	0.9751552795031055	2.992997198879552	0.0	2.75	0.0	7.652777777777778	0.0	0.0	0.8145285935085008	11.128472222222221
25819	0.0	0.5860805860805861	0.0	1.1135531135531136	0.0	0.0	1.1868131868131868	1.5531135531135531	0.0	8.683206106870228	1.5257142857142858	0.0	0.0	0.0	2.2666666666666666	15.061538461538461	0.0	6.757990867579909	0.0	13.695970695970695	0.0	0.0	4.669527896995708	17.295652173913044
25820	0.0	0.0	0.7684478371501272	6.119592875318066	0.0	0.0	2.1153846153846154	5.2565445026178015	0.0	14.063829787234043	8.239782016348775	0.0	0.0	0.0	9.90234375	10.74736842105263	0.0	11.036269430051814	6.888513513513513	26.293963254593177	0.0	0.3791348600508906	7.989547038327526	23.899253731343283
25821	0.0	3.085714285714286	1.0943396226415094	0.9433962264150944	0.0	0.0	3.6446540880503147	1.4339622641509433	0.0	9.152866242038217	0.88	0.0	0.0	0.0	7.7894736842105265	6.761363636363637	0.0	9.776729559748428	0.7735849056603774	24.509293680297397	0.0	0.0	6.114982578397212	8.450495049504951
25822	0.0	4.379421221864952	0.0	2.4565217391304346	0.0	0.0	5.027522935779817	1.8960244648318043	0.0	15.475155279503106	12.122324159021407	4.140672782874618	0.0	0.0	3.5064102564102564	16.1525974025974	0.0	9.66909090909091	7.526315789473684	56.774193548387096	0.0	0.0	10.506622516556291	21.822429906542055
25823	0.0	4.632183908045977	0.0	2.94375	0.0	0.0	3.4213836477987423	2.9655172413793105	0.0	9.183908045977011	5.38	0.0	0.0	0.0	2.9871794871794872	12.01639344262295	0.0	4.603448275862069	0.29310344827586204	10.073394495412844	0.0	0.6954022988505747	3.1379310344827585	16.75625
25824	0.0	0.26495726495726496	0.0	0.6265822784810127	0.0	0.0	5.553846153846154	2.58974358974359	0.0	9.194029850746269	1.8785046728971964	0.0	0.0	0.0	6.05982905982906	15.321888412017167	0.0	2.3076923076923075	0.0	9.582417582417582	0.0	0.0	4.17948717948718	16.92156862745098
25825	0.0	1.434782608695652	0.0	4.935587761674718	0.0	0.0	5.323970037453184	0.8341384863123994	0.0	9.282732447817837	3.1460481099656357	1.5636070853462158	0.0	0.0	7.1726190476190474	11.535528596187175	0.0	7.7479892761394105	1.0980392156862746	22.642857142857142	0.0	0.0	8.671118530884808	13.805714285714286
25826	0.0	0.0	1.34878587196468	0.0	0.0	0.0	3.088300220750552	3.3773584905660377	0.0	9.39514348785872	3.1936936936936937	0.5816993464052288	0.0	0.0	6.408388520971302	5.7234513274336285	0.0	4.8861788617886175	0.9094922737306843	26.20718232044199	0.0	0.32450331125827814	8.84	21.254355400696863
25827	0.0	3.4551724137931035	1.1770114942528735	2.78125	0.0	0.0	0.0	0.0	0.0	7.231770833333333	3.3445378151260505	0.0	0.0	0.0	6.027586206896552	10.211494252873564	0.0	8.438461538461539	1.6114942528735632	15.577114427860696	0.0	0.0	6.2457142857142856	17.902366863905325
25828	0.0	0.6522462562396006	0.0	6.772068511198946	0.0	0.0	0.512087912087912	1.151567944250871	0.0	12.579354838709678	5.2875	1.8874074074074074	0.0	0.0	6.316804407713499	17.173106646058734	0.0	6.346264367816092	5.402261712439419	33.19502868068834	0.0	0.9514687100893997	5.985951468710089	21.67183098591549
25829	0.0	1.3703703703703705	0.0	0.6481481481481481	0.0	0.0	1.7839506172839505	0.6172839506172839	0.0	7.555555555555555	6.7785714285714285	2.0864197530864197	0.0	0.0	3.341463414634146	2.6625	0.0	2.2222222222222223	1.0987654320987654	13.98989898989899	0.0	0.0	0.0	8.234567901234568
25830	0.0	2.2381861575179	0.44399641577060933	4.524006195147135	0.0	0.0	3.2685	3.083947816222348	0.0	9.252636865896534	3.9189448441247	0.0	0.0	0.0	6.7255011135857465	11.782983306408186	0.0	7.161390762843799	2.0423183072677094	27.01967213114754	0.0	0.0	4.814377154111275	19.767201241593376
25831	0.0	3.2962962962962963	1.3037037037037038	2.3555555555555556	0.0	0.0	6.954545454545454	4.281481481481482	0.0	8.02962962962963	5.125925925925926	0.0	0.0	0.0	12.088888888888889	6.772357723577236	0.0	5.037037037037037	5.711111111111111	21.142857142857142	0.0	0.0	6.881481481481481	12.9375
25832	0.0	0.9322033898305084	0.0	3.596045197740113	0.0	0.0	1.1174496644295302	1.6638418079096045	0.0	4.795665634674923	2.8220338983050848	1.8418079096045197	0.0	0.0	8.175141242937853	8.964664310954063	0.0	6.166666666666667	0.6892655367231638	19.153846153846153	0.0	0.0	6.27683615819209	15.251412429378531
25833	0.0	0.0	0.0	1.6704980842911878	0.0	0.0	1.1417624521072798	3.210727969348659	0.0	7.031872509960159	3.5670498084291187	3.1152073732718892	0.0	0.0	5.175	8.055555555555555	0.0	2.9042145593869733	0.0	13.744075829383887	0.0	0.0	6.2063492063492065	16.723076923076924
25834	0.0	0.0	0.0	1.2974910394265233	0.0	0.0	0.0	0.9667994687915007	0.0	5.228915662650603	3.154050464807437	2.2416302765647744	0.0	0.0	4.683881064162755	9.68169014084507	0.0	3.143426294820717	0.0	14.98031496062992	0.0	0.0	2.978523489932886	15.793243243243243
25835	0.0	0.0	0.0	3.810752688172043	0.0	0.0	2.451901565995526	3.6739130434782608	0.0	7.475982532751091	2.9751861042183623	0.0	0.0	0.5440860215053763	2.72183908045977	9.304761904761905	0.0	4.058064516129032	0.0	9.714634146341464	0.0	0.0	1.306878306878307	14.313664596273291
25836	0.0	0.4566929133858268	0.5551181102362205	2.634794156706507	0.0	0.0	2.6280400572246068	0.0	0.0	5.502446982055465	2.787593984962406	0.5564304461942258	0.0	0.0	3.9754901960784315	6.769017980636238	0.0	4.168758716875872	0.631233595800525	12.413729128014843	0.0	0.0	3.7349081364829395	16.384823848238483
25837	0.0	3.33587786259542	0.0	1.5757575757575757	0.0	0.0	0.0	0.0	0.0	4.84	2.895674300254453	3.05852417302799	0.0	0.0	3.758269720101781	6.587601078167116	0.0	9.39929328621908	0.0	20.863387978142075	0.0	0.0	3.0076335877862594	17.588082901554404
25838	0.16784869976359337	1.7750677506775068	0.900709219858156	2.051851851851852	0.0	0.0	0.9514285714285714	2.0141843971631204	0.0	5.707792207792208	4.002932551319648	2.486997635933806	0.0	0.0	9.30260047281324	8.037825059101655	0.0	6.889162561576355	0.0	18.9	0.08983451536643026	0.0	3.3070866141732282	18.35311572700297
25839	0.0	1.072790294627383	0.0	2.929126213592233	0.0	0.0	2.881419234360411	1.9661835748792271	0.0	10.945506692160611	3.7690987124463518	0.0	0.0	0.0	8.088461538461539	7.979130434782609	0.0	5.826401446654611	2.703157894736842	21.609099350046424	0.0	0.47020933977455714	6.090710382513661	19.0506993006993
25840	0.0	0.5794573643410853	0.0	3.7494505494505495	0.0	0.0	2.62015503875969	0.9405940594059405	0.0	5.816438356164384	5.399497487437186	0.75	0.0	0.4728682170542636	3.6726907630522088	6.162	0.0	6.249448123620309	0.0	15.493801652892563	0.0	0.0	2.430523917995444	18.472019464720194
25841	0.5	3.8373751783166905	0.0	7.572072072072072	0.0	0.0	3.440389294403893	2.5941358024691357	0.0	16.969021065675342	6.849942726231386	0.8955555555555555	0.0	0.0	10.633626097867001	14.094281298299846	0.0	18.439252336448597	2.0944444444444446	41.148911798396334	0.42	0.0	7.90921052631579	34.155029585798815
25842	0.0	0.8732394366197183	0.0	4.7101449275362315	0.0	0.0	0.0	2.3260869565217392	0.0	12.016949152542374	1.8549618320610688	0.0	0.0	0.0	9.695652173913043	5.477876106194691	0.0	5.77536231884058	1.536231884057971	13.051020408163266	0.0	0.0	8.347826086956522	12.895238095238096
25843	0.0	1.5302564102564102	0.0	2.1239860950173814	0.0	0.0	1.9820143884892085	2.1247288503253796	0.0	6.9838274932614555	2.8753926701570682	1.5561613958560523	0.0	0.0	7.46775956284153	9.412790697674419	0.0	4.478165938864628	0.0	17.943793911007027	0.0	0.0	3.6877278250303767	21.00424628450106
25844	0.0	0.0	0.0	0.0	0.0	0.0	1.919871794871795	2.326923076923077	0.0	4.996415770609319	0.4088669950738916	0.0	0.0	0.0	1.684981684981685	7.734006734006734	0.0	6.7622641509433965	1.0993589743589745	15.477551020408164	0.0	0.0	4.217391304347826	9.87295081967213
25845	0.0	1.6786389413988658	0.0	2.1387478849407784	0.0	0.0	0.7834179357021996	0.7566462167689162	0.0	8.460629921259843	4.406091370558376	0.338409475465313	0.0	0.0	1.896153846153846	7.08659793814433	0.0	3.9574944071588365	1.1695568400770713	10.955102040816326	0.0	1.0372250423011844	3.3519458544839256	9.559819413092551
25846	0.0	3.8	0.0	0.0	0.0	0.0	0.0	4.584507042253521	0.0	4.401639344262295	5.321428571428571	0.0	0.0	0.0	0.0	3.5238095238095237	0.0	3.8511904761904763	0.0	8.982142857142858	0.0	0.0	1.0654761904761905	7.826086956521739
25847	0.0	0.0	0.0	3.1893939393939394	0.0	0.0	1.1893939393939394	2.0946969696969697	0.0	5.090909090909091	0.8823529411764706	0.0	0.0	0.0	3.1893939393939394	7.386363636363637	0.0	7.78030303030303	1.393939393939394	14.751020408163265	0.0	0.0	5.778656126482214	14.299019607843137
25848	0.0	0.0	0.0	2.717948717948718	0.0	0.0	0.0	0.0	0.0	5.0	0.9007633587786259	0.0	0.0	0.0	5.11864406779661	3.292307692307692	0.0	1.66	1.2797927461139897	13.61849710982659	0.0	0.0	5.668639053254438	5.991525423728813
25849	0.0	4.955056179775281	2.711442786069652	3.943820224719101	0.0	0.0	6.005780346820809	2.099502487562189	0.0	5.769230769230769	3.5074626865671643	0.6991150442477876	0.0	1.164179104477612	10.974193548387097	7.52542372881356	0.0	2.878306878306878	0.0	20.006493506493506	0.0	0.0	1.4338235294117647	16.82456140350877
25850	0.0	0.0	1.881720430107527	3.518987341772152	0.0	0.0	2.543010752688172	0.7741935483870968	0.0	5.601449275362318	4.575268817204301	0.0	0.0	0.0	3.2204301075268815	3.798780487804878	0.0	1.1505376344086022	0.0	13.446927374301676	0.0	0.0	1.5483870967741935	5.752688172043011
25851	0.0	1.05668016194332	0.0	0.5723014256619144	0.8611111111111112	0.0	1.9863945578231292	0.0	0.0	5.86676875957121	5.753968253968254	0.0	0.0	0.0	4.760869565217392	4.578947368421052	0.0	0.6567398119122257	0.0	8.70018281535649	0.0	0.0	2.6567717996289426	12.134883720930233
25852	0.0	1.8825396825396825	0.0	1.8666666666666667	0.0	0.0	2.292063492063492	2.022222222222222	0.0	6.074803149606299	3.9519650655021836	0.9333333333333333	0.0	0.0	2.2412698412698413	8.227118644067797	0.0	1.9492063492063492	1.7015873015873015	15.311827956989248	0.0	0.0	5.821428571428571	7.876190476190477
25853	0.0	1.6869565217391305	0.0	3.3596837944664033	0.0	0.0	1.6579710144927535	4.906542056074766	0.0	9.733333333333333	1.3101449275362318	1.7507246376811594	0.0	0.0	1.298550724637681	10.697594501718212	0.0	1.9855072463768115	1.2144927536231884	10.556851311953352	0.0	0.0	2.9517241379310346	12.935483870967742
25854	0.0	1.889795918367347	0.0	3.1404833836858006	0.0	0.0	1.5923295454545454	2.3945578231292517	0.0	11.656634746922025	3.7991329479768785	2.055397727272727	0.0	0.0	4.895747599451303	10.409785932721713	0.0	2.9694072657743784	0.0	12.878787878787879	0.0	0.0	7.770700636942675	14.560869565217391
25855	0.0	1.7313432835820894	0.24358974358974358	3.2564102564102564	0.0	0.0	0.3141025641025641	5.458904109589041	0.0	11.80952380952381	4.7243589743589745	0.0	0.0	0.0	6.227564102564102	7.525291828793774	0.0	1.465863453815261	1.5769230769230769	11.490774907749078	0.0	0.0	0.9730941704035875	18.59294871794872
25856	0.0	0.0	0.0	3.087114337568058	0.0	0.0	7.0524475524475525	1.8844765342960288	0.0	11.696043165467627	3.168181818181818	2.216867469879518	0.6772727272727272	0.0	6.7094736842105265	12.250493096646943	0.0	5.91743119266055	0.7084942084942085	22.082236842105264	0.0	0.0	10.280669144981413	26.38660578386606
25857	0.0	3.089430894308943	0.43304843304843305	4.166666666666667	0.0	0.0	2.494301994301994	3.504398826979472	0.0	11.515486725663717	4.1923076923076925	0.7560581583198708	0.14814814814814814	0.0	6.700147710487444	10.580698835274543	0.0	9.850694444444445	2.3333333333333335	26.963350785340314	0.0	0.0	11.14396887159533	25.511796733212343
25858	0.0	1.665983606557377	0.0	3.8063806380638066	0.0	0.0	2.876657824933687	0.9372037914691943	0.0	14.239419588875453	4.600591715976331	0.0	0.0	0.0	3.4827201783723525	8.672327672327672	0.0	4.727835051546392	2.1437578814627996	24.846994535519126	0.0	0.0	10.256410256410257	19.05742145178765
25859	0.0	1.8078994614003592	0.0	3.1286764705882355	0.0	0.0	0.0	0.2621527777777778	0.0	8.786516853932584	3.376736111111111	0.0	0.0	0.0	3.5727272727272728	4.570484581497797	0.0	3.6434426229508197	3.0936936936936936	14.454545454545455	0.0	0.9965277777777778	8.12303664921466	11.973140495867769
25860	0.0	1.8592592592592592	0.0	1.2222222222222223	0.0	0.0	0.0	1.6592592592592592	0.0	10.207407407407407	1.702127659574468	0.0	0.0	0.0	3.414814814814815	5.955555555555556	0.0	4.572519083969466	0.0	11.717948717948717	0.0	0.0	3.5481481481481483	15.077519379844961
25861	0.0	0.0	0.0	2.9693877551020407	0.0	0.0	0.0	2.452830188679245	0.0	6.943396226415095	3.79874213836478	0.0	0.0	0.0	0.0	8.351724137931035	0.0	3.490566037735849	0.0	10.50344827586207	0.0	1.5345911949685536	3.691823899371069	10.137096774193548
25862	0.0	2.9420289855072466	0.961352657004831	3.1884057971014492	0.25120772946859904	0.0	0.6956521739130435	0.0	0.0	10.385093167701863	1.748792270531401	0.0	1.3623188405797102	0.0	4.444444444444445	12.445121951219512	0.0	3.342995169082126	0.748792270531401	9.942028985507246	0.0	0.0	2.1690821256038646	10.413978494623656
25863	0.0	0.0	0.0	1.4415724286483576	0.0	0.0	0.0	1.4945736434108527	0.0	6.293922651933702	3.201944652206432	0.0	0.0	0.0	3.349726775956284	4.590534979423868	0.0	2.6664438502673797	0.7365883062085594	7.618296529968454	0.0	0.36382428940568473	2.0231638418079094	14.540862656072644
25864	0.0	1.9097938144329898	0.0	3.7376294591484465	0.0	0.0	2.6174010039040714	1.9523560209424085	0.0	13.995993131081855	6.736179529282977	0.9247441300421433	0.0	0.0	4.729551451187335	12.82318652849741	0.0	7.689540675152186	2.2602880658436213	23.041196013289035	0.0	0.0	4.783730158730159	22.298525073746312
25865	0.0	2.882978723404255	0.0	1.9839816933638443	0.0	0.0	0.0	0.0	0.0	8.113122171945701	3.9184549356223175	0.5902335456475584	0.4989384288747346	0.0	8.028639618138424	10.455357142857142	0.0	3.709039548022599	1.732484076433121	11.64319248826291	0.0	0.0	6.7239915074309975	26.3046875
25866	0.0	1.3752665245202558	1.258273381294964	3.8378378378378377	0.0	0.0	1.8870967741935485	2.7832744405182566	0.0	9.941272430668842	2.986425339366516	0.816289592760181	0.0	0.0	5.8449014567266495	12.314674735249621	0.0	7.11736641221374	1.0898972602739727	17.599830795262267	0.0	0.0	5.535394629780309	20.920032310177707
25867	0.0	1.2479815455594003	0.0	3.536363636363636	0.39792387543252594	0.0	2.4841168996188054	3.075151515151515	0.0	10.362688296639629	5.13290113452188	0.8327566320645905	0.0	0.0	7.9110854503464205	9.91937984496124	0.0	4.626062322946176	1.9774614472123369	17.131926121372032	0.0	0.0	3.8980582524271843	21.090140845070422
25868	0.0	0.8737864077669902	0.0	2.2582959641255607	0.013020833333333334	0.0	1.7094774136403896	1.0808888888888888	0.0	10.924708377518558	5.559432933478735	2.3667595171773446	0.0	0.0	6.08955223880597	11.234243697478991	0.0	6.995565410199556	1.0871647509578544	28.592880978865406	0.1909722222222222	0.0	6.873	23.226987447698743
25869	0.0	0.8928571428571429	0.9087301587301587	1.746031746031746	0.0	0.0	1.4410480349344978	3.292682926829268	0.0	3.560747663551402	2.261904761904762	0.0	0.0	0.0	7.666666666666667	9.873362445414847	0.0	8.516666666666667	0.8253968253968254	20.5	0.0	0.0	4.035714285714286	22.976470588235294
25870	0.0	2.3870967741935485	0.053763440860215055	3.736196319018405	0.0	0.0	4.30625	5.817204301075269	0.0	12.136612021857923	6.379310344827586	3.338709677419355	0.0	0.0	2.4805194805194803	14.736559139784946	0.0	2.7688172043010755	2.006060606060606	28.698529411764707	0.0	0.0	1.2580645161290323	19.134615384615383
25871	0.0	0.0	0.0	6.653061224489796	0.0	0.0	0.0	1.280701754385965	0.0	5.432748538011696	4.309941520467836	1.654970760233918	0.0	0.0	15.576923076923077	10.502923976608187	0.8421052631578947	9.394495412844037	4.567251461988304	30.985611510791365	0.0	0.0	5.1345029239766085	12.08695652173913
25872	0.0	1.001930501930502	0.0	1.9225512528473805	0.0	0.0	2.2890173410404624	0.0	0.0	10.184331797235023	1.6660117878192535	4.296593186372745	0.0	0.0	0.0	10.771058315334773	0.0	0.959375	4.219653179190751	18.420944558521562	0.0	0.0	4.367403314917127	19.3490990990991
25873	0.0	5.770700636942675	0.20614035087719298	3.6140350877192984	0.0	0.0	0.0	2.3681592039800994	0.0	7.202970297029703	7.134529147982063	1.5219298245614035	0.0	0.0	4.315789473684211	3.1496598639455784	0.0	0.0	5.723684210526316	10.207207207207206	0.0	0.0	3.526315789473684	21.465437788018434
25874	0.0	2.0708661417322833	0.0	7.327327327327327	0.0	0.0	5.361204013377926	0.5774278215223098	0.0	13.636704119850187	4.908136482939632	3.705539358600583	0.0	0.0	2.8553191489361702	13.94277108433735	0.0	5.910714285714286	0.6029411764705882	25.510416666666668	0.0	0.5826771653543307	8.175853018372704	13.64095744680851
25875	0.0	0.0	0.2947903430749682	3.1654632972322503	0.0	0.0	2.7279187817258883	3.3790178571428573	0.0	8.481534090909092	3.628216911764706	0.0	0.0	0.0	6.762765476728423	11.650578179989944	0.0	4.832380952380952	1.6910828025477707	19.894545454545455	0.0	0.0	5.201295465869457	19.979749276759883
25876	0.0	2.789473684210526	0.0	2.74375	0.0	0.0	2.370567375886525	0.0	0.0	9.983812949640289	4.33889816360601	1.1882183908045978	0.0	0.0	5.317934782608695	10.969827586206897	0.0	4.341194968553459	0.738191632928475	26.660112359550563	0.0	0.3900134952766532	4.603244837758112	23.872
25877	0.0	2.9215160796324655	0.34312080536912754	3.7667667667667666	0.0	0.0	2.9577167019027484	2.012449528936743	0.0	10.2920245398773	5.441185098269287	1.6670633739958345	0.0	0.0	5.9104526212959945	12.688286544046466	0.0	4.708150744960561	2.1023622047244093	23.594367109096794	0.0	0.4256152125279642	5.97009009009009	18.770671378091873
25878	0.0	3.4066985645933014	1.0745614035087718	9.367647058823529	0.0	0.0	5.4021739130434785	4.048245614035087	0.0	17.475409836065573	8.98913043478261	2.5921052631578947	0.30701754385964913	0.10526315789473684	6.632075471698113	19.5	0.0	12.459183673469388	6.185185185185185	27.742424242424242	0.0	0.0	11.468571428571428	20.342105263157894
25879	0.0	2.5472779369627507	0.0	5.777586206896552	0.0	0.0	1.516839378238342	2.572715572715573	0.0	8.167364016736402	3.1181434599156117	1.2252252252252251	0.0	0.0	7.243076923076923	10.83011583011583	0.10038610038610038	6.728907330567082	0.804945054945055	27.282576866764277	0.0	0.0	5.990084985835694	13.537117903930131
25880	0.0	0.9150442477876106	0.0	3.5257731958762886	0.0	0.0	1.73305954825462	4.01252236135957	0.0	7.479381443298969	4.266781411359725	0.0	0.0	0.0	4.227191413237925	7.24331550802139	0.0	1.1879350348027842	2.2481751824817517	12.613963039014374	0.0	0.0	6.225409836065574	14.029296875
25881	0.0	0.0	0.0	5.026431718061674	0.0	0.0	2.4078674948240164	0.9072398190045249	0.0	5.817955112219451	1.629399585921325	0.865424430641822	0.0	0.0	5.049568965517241	12.182978723404256	0.0	2.609375	0.8620689655172413	19.007894736842104	0.32298136645962733	0.0	3.4567567567567568	13.534591194968554
25882	0.0	1.0473061760840998	1.0391498881431767	4.162531017369727	0.0	0.0	2.1144945188794155	0.9944071588366891	0.0	7.705801104972376	2.553892215568862	1.5369127516778522	0.0	0.0	3.676505312868949	7.631432545201669	0.0	5.728813559322034	4.105970149253731	24.6625386996904	0.0	0.0	2.6488340192043895	10.504402515723271
25883	0.0	2.954198473282443	0.0	3.873310810810811	0.23214285714285715	0.0	1.701062215477997	1.106060606060606	0.0	11.17098445595855	5.0448	2.568452380952381	0.0	1.0357142857142858	4.067001675041876	10.050541516245488	0.0	8.20335429769392	3.1458333333333335	29.972932330827067	0.0	0.0	6.9146110056926	13.33616298811545
25884	0.0	0.4444444444444444	0.0	1.6666666666666667	0.0	0.0	1.503968253968254	1.2936507936507937	0.0	12.617977528089888	6.981900452488688	1.3571428571428572	0.0	0.0	4.995652173913044	10.023809523809524	0.0	2.099099099099099	0.0	19.453333333333333	0.0	0.0	1.3452380952380953	19.18957345971564
25885	0.0	0.0	0.0	2.155844155844156	0.0	0.0	1.0973451327433628	2.1904761904761907	0.0	5.96969696969697	7.974874371859296	1.6926406926406927	0.0	0.0	3.5757575757575757	14.522613065326633	0.0	7.606060606060606	0.22943722943722944	12.943722943722944	0.0	0.0	3.0265486725663715	12.359375
25886	0.0	1.1369047619047619	0.0	2.3057851239669422	0.0	0.0	0.0	1.0595238095238095	0.0	12.733870967741936	2.7916666666666665	0.0	0.0	0.0	1.2142857142857142	4.8152866242038215	0.0	10.4	2.9404761904761907	19.918518518518518	0.0	0.0	7.207792207792208	11.054421768707483
25887	0.0	0.8778778778778779	0.0	3.688149688149688	0.0	0.0	1.1079295154185023	1.788108108108108	0.0	7.008350730688935	5.784042553191489	0.0	0.0	0.0	6.0125173852573015	7.031182795698925	0.0	3.11011011011011	1.857857857857858	16.193181818181817	0.0	0.0	5.567243675099867	18.49635922330097
25888	0.0	0.8471337579617835	0.0	0.7746913580246914	0.0	0.0	3.611111111111111	3.113013698630137	0.3888888888888889	9.003086419753087	7.596273291925466	1.238255033557047	0.0	0.0	4.295454545454546	8.258741258741258	0.0	0.9893992932862191	2.7037037037037037	24.026315789473685	0.0	0.0	2.7348837209302324	17.299651567944252
25889	0.0	2.530317613089509	0.0	1.8905325443786982	0.0	0.0	2.3091247672253257	0.9233511586452763	0.0	8.844370860927153	2.4623255813953486	1.268270944741533	0.0	0.0	3.385753931544866	3.931350114416476	0.0	2.66743648960739	2.4899257688229057	17.137554585152838	0.0	0.0	5.462291870714985	19.122632103688932
25890	0.0	0.0	0.0	0.0	0.0	0.0	0.0	0.0	0.0	0.0	0.0	0.0	0.0	0.0	1.8468468468468469	0.0	0.0	0.0	0.0	5.368421052631579	0.0	0.0	3.054054054054054	4.620689655172414
25891	0.0	1.4891774891774892	0.0	2.2164502164502164	0.0	0.0	2.826839826839827	0.8571428571428571	0.0	9.969696969696969	1.8571428571428572	0.0	0.0	0.0	5.341584158415841	9.904761904761905	0.0	3.41991341991342	0.0	9.203125	0.0	0.0	3.554112554112554	10.663366336633663
25892	0.0	1.642935377875137	0.0	1.950950950950951	0.0	0.0	2.136136136136136	1.5765765765765767	0.0	9.559652928416487	4.25025025025025	0.0	0.0	0.056056056056056056	5.070294784580499	6.247854077253219	0.0	3.8744460856720826	1.1919905771495878	10.937701396348013	0.0	0.0	2.206024096385542	16.02552204176334
25893	0.0	0.0	0.0	3.07719298245614	0.0	0.0	5.059850374064838	2.2405745062836626	0.0	1.7388059701492538	5.31559633027523	2.4210526315789473	0.0	0.0	4.742465753424658	4.576086956521739	0.0	1.6261904761904762	0.787719298245614	12.84819734345351	0.0	0.0	1.6217391304347826	16.240165631469978
25894	0.0	1.9370370370370371	0.7781569965870307	4.845559845559846	0.0	0.0	5.455696202531645	5.422360248447205	0.0	14.861538461538462	6.963898916967509	0.0	0.0	0.056847545219638244	9.856368563685637	18.343669250645995	0.0	3.372670807453416	5.650704225352112	19.26181818181818	0.6086956521739131	1.1705426356589148	6.727626459143969	32.82477341389728
25895	0.0	1.781763826606876	0.0	3.758415841584158	0.0	0.0	0.0	5.2727272727272725	0.0	8.198130841121495	3.2257575757575756	1.4003724394785848	0.0	0.0	8.694189602446484	6.24297520661157	0.0	9.236434108527131	1.8918439716312057	17.453252032520325	0.09267563527653214	0.0	6.329351535836177	15.13345521023766
25896	0.0	0.6136363636363636	0.0	6.786046511627907	0.8888888888888888	0.0	3.3244444444444445	3.031111111111111	0.0	3.981818181818182	2.510752688172043	0.05333333333333334	0.0	0.0	4.326530612244898	7.030864197530864	0.0	4.262222222222222	3.871111111111111	26.511111111111113	0.0	0.5466666666666666	5.28921568627451	13.057777777777778
25897	0.0	0.0	0.0	3.8683385579937304	0.0	0.0	2.136	0.0	0.0	8.058479532163743	0.7286245353159851	0.0	0.0	1.264	3.6586666666666665	6.087786259541985	0.0	2.7253333333333334	0.0	13.22184300341297	0.0	0.0	2.048	11.850136239782016
25898	0.0	0.0	0.0	1.8712871287128714	0.0	0.0	2.709939148073022	1.2525667351129364	0.0	9.605504587155963	1.8354978354978355	0.0	0.0	0.0	2.51268115942029	6.401785714285714	0.0	4.655430711610487	5.257777777777778	16.671586715867157	0.15942028985507245	0.0	3.3315508021390374	9.511520737327189
25899	0.0	1.3300653594771241	0.0	3.7437722419928825	0.0	0.0	1.4019607843137254	0.0	0.0	3.9628378378378377	2.176470588235294	0.0	0.0	0.0	2.3333333333333335	9.34967320261438	0.0	5.519607843137255	2.3214285714285716	13.434389140271493	0.0	0.0	3.8659003831417627	6.672794117647059
25900	0.0	1.9843137254901961	0.0	0.0	0.0	0.0	1.0470588235294118	0.0	0.0	6.964705882352941	1.7951807228915662	0.0	0.0	0.8941176470588236	0.8392156862745098	6.805555555555555	0.0	2.615686274509804	0.0	9.194029850746269	0.0	0.0	2.76078431372549	8.450980392156863
25901	0.0	0.9316081330868762	0.0	3.164029975020816	0.0	0.0	1.0315682281059062	1.4160700079554496	0.0	6.5182926829268295	1.8492217898832686	2.695840554592721	0.0	0.0	4.31095041322314	6.694235588972431	0.0	3.833980582524272	0.0	15.457792207792208	0.0	0.0	5.851225697379544	18.03445149592022
25902	0.0	0.0	0.0	5.806451612903226	0.0	0.0	1.7839506172839505	0.0	0.0	5.967320261437909	1.2098765432098766	0.0	0.0	0.0	3.271604938271605	4.170731707317073	0.0	0.12962962962962962	0.6234567901234568	10.339506172839506	0.0	0.0	0.8518518518518519	9.41358024691358
25903	0.0	1.121374865735768	0.0	4.811676082862523	0.18041237113402062	0.0	1.803658536585366	1.7902621722846441	0.0	10.313559322033898	3.624758220502901	0.6460481099656358	1.074978204010462	0.0	7.041015625	7.89066918001885	0.0	6.661512027491409	1.3631984585741812	23.81203931203931	0.0	0.0	4.701522842639594	22.204003813155385
25904	0.0	1.3732193732193732	0.0	2.5413105413105415	0.0	0.0	0.0	0.0	0.0	6.703703703703703	0.8717948717948718	0.0	0.0	0.0	1.3333333333333333	10.92877492877493	0.0	1.5450980392156863	2.561253561253561	11.116279069767442	0.0	0.0	2.319088319088319	13.238562091503267
25905	0.0	0.0	0.0	0.9438202247191011	0.28355957767722473	0.0	1.2255054432348367	0.0	0.0	10.218813905930471	2.84629294755877	0.918552036199095	0.0	0.0	5.467374810318665	8.127697841726619	0.0	2.512908777969019	1.1885369532428356	18.458256029684602	0.0	0.12669683257918551	4.5368589743589745	15.916349809885931
25906	0.0	1.5670731707317074	0.0	2.8846153846153846	0.0	0.0	2.595528455284553	0.15447154471544716	0.0	12.642487046632125	1.010928961748634	1.83130081300813	0.0	0.0	3.4087403598971724	7.465227817745803	0.0	4.765586034912718	3.2072649572649574	16.0609756097561	0.0	0.0	6.831428571428572	17.422492401215806
25907	0.0	0.0	0.0	5.434977578475336	0.0	0.0	5.090909090909091	1.271111111111111	0.0	10.191176470588236	11.950226244343892	3.8933333333333335	0.0	1.2933333333333332	3.12	20.56279069767442	0.0	6.071111111111111	0.6088888888888889	21.742690058479532	0.0	1.1733333333333333	7.266009852216749	29.890243902439025
25908	0.0	1.9866666666666666	0.0	1.8742857142857143	0.0	0.0	1.2285714285714286	0.0	0.0	8.044624746450305	1.1257142857142857	0.8609523809523809	0.0	0.0	4.808290155440415	5.855238095238096	0.0	1.411134903640257	2.7632311977715878	21.183333333333334	0.0	0.0	1.7447619047619047	9.288819875776397
25909	0.0	0.0	0.0	0.2857142857142857	0.0	0.0	3.7210884353741496	1.9421768707482994	0.0	12.92887029288703	1.6700680272108843	1.7108843537414966	0.0	0.3401360544217687	1.489795918367347	7.834061135371179	0.0	5.95578231292517	0.9659863945578231	13.995798319327731	0.0	0.0	3.183673469387755	12.226130653266331
25910	0.0	2.0396825396825395	0.780952380952381	4.965587044534413	0.6222222222222222	0.0	4.56984126984127	3.604761904761905	0.0	7.6980519480519485	2.606060606060606	2.45221843003413	0.0	0.0	5.657303370786517	7.970434782608696	0.0	4.158516020236088	2.5638126009693054	34.36991150442478	0.0	0.5349206349206349	4.828571428571428	19.72875816993464
25911	0.0	2.4982935153583616	0.0	1.0056338028169014	0.0	0.0	0.23873873873873874	2.826388888888889	0.0	4.725247524752476	4.517333333333333	1.4256756756756757	0.0	0.0	10.520710059171599	9.018604651162791	0.0	6.925170068027211	4.666666666666667	23.93877551020408	0.0	0.0	3.8550295857988166	14.380952380952381
25912	0.0	0.0	0.0	0.0	0.0	0.0	1.5818181818181818	0.0	0.0	5.375757575757576	1.3272727272727274	0.0	0.0	0.0	2.7393939393939393	0.0	0.0	0.0	2.3333333333333335	8.67878787878788	0.0	0.0	0.0	5.254545454545455
25913	0.0	0.0	0.0	2.6374695863746958	0.0	0.0	0.0	1.0559610705596107	0.0	10.022277227722773	1.897810218978102	1.805352798053528	0.0	0.0	3.9172749391727493	5.818181818181818	0.0	5.7626112759643915	1.4841849148418491	11.588807785888077	0.41849148418491483	0.0	1.7274939172749393	12.755102040816327
25914	0.0	2.4552845528455283	0.0	3.2113821138211383	0.0	0.0	4.0894308943089435	0.0	0.0	5.77542372881356	5.252032520325203	2.7642276422764227	0.0	0.0	4.536885245901639	8.739316239316238	0.0	1.853658536585366	4.597560975609756	15.39344262295082	0.0	0.0	1.2386363636363635	10.304878048780488
25915	0.0	1.882882882882883	0.0	1.4378531073446328	0.0	0.0	2.3449541284403668	0.0	0.0	5.471512770137524	5.812612612612613	0.788546255506608	0.0	0.0	7.540755467196819	4.988888888888889	0.0	8.195255474452555	0.0	18.93040293040293	0.0	0.0	4.64873417721519	12.44976076555024
25916	0.0	1.4136546184738956	1.21285140562249	6.1678832116788325	0.0	0.0	0.0	1.9959839357429718	0.0	6.798387096774194	3.6626506024096384	1.036144578313253	0.0	0.0	4.149425287356322	12.709183673469388	0.0	5.321285140562249	0.0	20.814569536423843	0.0	0.0	7.63855421686747	23.120481927710845
25917	0.0	1.2	0.0	0.0	0.0	0.0	0.0	0.0	0.0	4.161971830985915	0.0	0.0	0.0	0.0	0.0	0.0	0.0	0.7388888888888889	0.0	1.95	0.0	0.0	0.0	0.1
25918	0.0	0.0	0.0	1.2088353413654618	0.0	0.0	1.8393574297188755	0.0	0.0	10.28	0.0	4.465863453815261	0.0	0.0	4.982832618025751	2.5105263157894737	0.0	1.8714859437751004	0.0	17.808943089430894	0.0	0.0	2.4010695187165774	8.828054298642535
25919	0.0	0.0	0.0	2.968152866242038	0.0	0.6199575371549894	1.7405405405405405	2.252212389380531	0.0	6.4957081545064375	2.276008492569002	2.781316348195329	0.0	0.0	6.4935064935064934	7.7468671679198	0.0	2.146511627906977	1.8478802992518704	19.39189189189189	0.0	0.0	2.068230277185501	10.381696428571429
25920	0.0	0.0	0.45794392523364486	0.5295950155763239	0.0	0.0	1.750778816199377	0.0	0.0	12.006230529595015	5.367601246105919	0.0	0.0	0.0	6.098540145985401	7.989285714285714	0.0	4.352697095435684	2.364485981308411	21.490272373540854	0.0	0.0	9.174796747967479	9.487068965517242
25921	0.0	2.8176638176638176	0.0	2.5136612021857925	0.0	0.0	2.132404181184669	2.9849012775842043	0.0	12.253105590062113	2.1968295904887714	0.0	0.27990708478513354	0.0	4.784290738569754	11.024930747922438	0.0	7.757396449704142	1.8438661710037174	18.949035812672175	0.0	0.0	3.6885245901639343	15.155059132720105
25922	0.0	0.0	0.8163265306122449	1.598639455782313	0.0	0.0	2.67687074829932	0.0	0.0	0.0	4.857142857142857	0.0	1.0272108843537415	0.0	5.6255506607929515	4.982993197278912	0.0	6.64625850340136	0.3843537414965986	15.327433628318584	0.0	0.0	5.326530612244898	16.454545454545453
25923	0.0	0.0	0.0	2.491166077738516	0.0	0.0	3.9173989455184532	0.7670588235294118	0.0	12.319502074688797	4.233743409490334	1.22168284789644	0.0	0.0	5.574433656957929	9.408783783783784	0.0	5.809935205183585	1.22168284789644	19.258780036968577	0.0	0.0	5.8363338788870704	14.195020746887966
25924	0.0	1.574108818011257	0.0	2.0192644483362523	0.0	0.0	1.9760869565217392	1.829145728643216	0.0	9.382591093117409	3.6659959758551306	1.814070351758794	0.0	0.0	6.04149377593361	10.18145956607495	0.0	2.9358974358974357	0.5917030567685589	21.722960151802656	0.0	0.0	5.93526405451448	13.399538106235566
25925	0.0	5.07	1.9	4.3418803418803416	0.0	0.0	1.7133333333333334	1.952191235059761	0.0	9.57	2.8360655737704916	1.4684014869888475	0.0	0.0	5.932773109243698	8.94	0.0	4.469534050179211	0.7723880597014925	22.28181818181818	0.0	0.0	4.073913043478261	20.52
25926	0.0	7.1	0.0	2.8535031847133756	0.0	0.0	1.2520325203252032	1.8221574344023324	0.0	8.33453237410072	3.107638888888889	1.8699186991869918	0.0	0.0	6.892655367231638	5.9447852760736195	0.0	7.805785123966942	0.6172413793103448	13.357558139534884	0.0	0.0	3.734417344173442	20.412429378531073
25927	0.0	0.9849537037037037	0.0	3.4231974921630095	0.0	0.0	1.953015873015873	1.6050420168067228	0.0	15.181126331811264	2.755378486055777	0.0	0.0	0.0	5.089639970609846	9.126543209876543	0.0	8.262357414448669	1.3868038740920097	28.159304851556843	0.0	0.0	4.2058111380145276	21.993548387096773
25928	0.0	0.0	0.0	0.2037037037037037	0.0	0.0	0.0	0.0	0.0	2.740740740740741	0.0	0.25	0.0	0.0	2.0	1.6666666666666667	0.0	1.5462962962962963	1.0	4.586538461538462	0.0	0.0	5.550561797752809	4.0092592592592595
25929	0.0	0.6411889596602972	0.0	5.099722991689751	0.0	0.0	2.237791932059448	3.197619047619048	0.0	7.747706422018348	4.050955414012739	0.0	0.0	0.0	1.6118251928020566	7.545454545454546	0.0	2.3588390501319263	0.9617834394904459	12.720338983050848	0.0	0.0	4.104033970276008	15.978021978021978
25930	0.0	3.0988142292490117	0.0	3.7575057736720554	0.0	0.0	1.9285714285714286	1.1872294372294372	0.0	5.6036866359447	4.909677419354839	0.8896103896103896	0.0	0.0	8.166485310119695	7.865023474178404	0.0	5.143184421534937	1.8191721132897603	22.482658959537574	0.0	0.0	3.8257575757575757	18.259085580304806
25931	0.0	0.8787045523984113	0.0	3.194585448392555	0.0	0.0	1.6806201550387596	0.8574675324675325	0.0	7.178992146596858	2.90571817562968	0.8657587548638133	0.0	0.2625493513818387	5.023948418790297	8.54226426609704	0.0	5.046018276762402	1.000919399325774	16.320909665192673	0.0	0.0	3.623485868102288	15.102737709743892
25932	0.0	0.0	0.6523297491039427	0.0	0.0	0.0	1.2508960573476702	0.053763440860215055	0.0	6.146953405017921	2.4659498207885306	0.45161290322580644	0.0	0.0	2.046594982078853	4.591397849462366	0.0	1.6236559139784945	0.942652329749104	14.959276018099548	0.0	0.0	1.2974910394265233	6.406130268199234
25933	0.0	1.9924098671726755	0.0	4.736077481840193	1.2562724014336917	0.0	3.425263157894737	2.0344827586206895	0.0967741935483871	7.462686567164179	3.6890951276102086	1.086021505376344	0.0	0.0	3.4982078853046596	8.113138686131387	0.0	3.443010752688172	0.0	24.03393213572854	0.0	0.0	4.015209125475285	15.763837638376383
25934	0.0	0.0	0.0	2.1396011396011394	0.0	0.0	2.051282051282051	1.2621082621082622	0.0	5.898773006134969	4.90282131661442	0.0	0.0	0.0	2.8350877192982455	7.54140127388535	0.0	1.9437086092715232	1.7122507122507122	19.305993690851736	0.0	0.0	0.9572649572649573	10.146875
25935	0.0	1.125968992248062	0.0	2.403470715835141	0.0	0.0	3.048449612403101	2.3577981651376145	0.0	4.954545454545454	2.10077519379845	1.1085271317829457	0.0	0.0	3.2347560975609757	11.694300518134716	0.0	5.2155555555555555	3.895348837209302	18.12061403508772	0.0	0.0	4.018433179723503	17.401554404145077
25936	0.0	0.0	0.0	2.7136150234741785	0.0	0.0	1.7320441988950277	3.2598684210526314	0.0	5.326666666666667	7.909375	0.0	0.0	0.0	6.898773006134969	6.210106382978723	0.0	5.898550724637682	1.9466666666666668	11.938303341902314	0.0	0.0	5.917771883289125	22.738095238095237
25937	0.0	1.2838709677419355	0.0	3.75801749271137	0.0	0.0	1.0580645161290323	0.28817204301075267	0.0	3.6226415094339623	3.8577777777777778	0.0	0.0	0.0	4.486021505376344	7.823979591836735	0.0	9.251612903225807	0.6708333333333333	21.57683741648107	0.0	0.0	3.2301075268817203	18.385224274406333
25938	0.0	0.0	0.0	2.198300283286119	0.0	0.0	0.24404761904761904	1.244047619047619	0.0	8.208421052631579	3.7386018237082066	3.234126984126984	0.0	0.0	3.501103752759382	7.142538975501114	0.0	2.5952380952380953	1.125	9.92512077294686	0.0	0.0	5.804545454545455	12.63888888888889
25939	0.0	1.2445923460898503	0.0	2.4362818590704647	0.0	0.0	3.3526383526383525	0.0	0.0	9.845934379457917	2.66260162601626	1.2792792792792793	1.8275418275418276	0.0	5.555895865237366	9.269601100412654	0.0	3.569465648854962	1.7462462462462462	16.118858954041205	0.0	0.0	4.009174311926605	19.127478753541077
25940	0.0	0.8984910836762688	0.0	3.2003710575139146	0.0	0.0	3.3209876543209877	2.0919067215363514	0.0	5.786499215070644	1.90625	0.8047538200339559	0.0	0.5157750342935528	5.65072463768116	13.409365558912386	0.0	6.464949928469242	1.9745222929936306	17.25242718446602	0.0	0.0	5.272161741835148	24.515657620041754
25941	0.0	0.572	0.0	2.303724928366762	0.0	0.0	1.8937125748502994	1.168	0.0	7.292424242424242	6.581005586592179	1.7906666666666666	0.0	0.0	5.166371681415929	9.19203413940256	0.0	9.492537313432836	0.0	15.363117870722434	0.0	0.0	2.9885807504078303	21.994652406417114
25942	0.0	0.0	0.0	3.4431314623338256	0.0	0.0	0.6549707602339181	0.32662192393736017	0.0	3.615497076023392	1.2660818713450293	0.5146198830409356	0.0	0.0	2.1703703703703705	7.676079734219269	0.0	1.8903508771929824	0.06286549707602339	17.728070175438596	0.0	0.0	2.087719298245614	14.956140350877194
25943	0.0	1.9880095923261392	0.0	0.0	0.0	0.0	3.637630662020906	2.5448504983388704	0.0	9.090243902439024	4.178137651821863	0.6067146282973621	0.0	0.0	5.093525179856115	10.628297362110311	0.0	3.286111111111111	3.4124700239808154	17.402948402948404	0.0	0.0	4.571059431524548	14.776081424936386
25944	0.0	0.0	0.0	2.9790874524714828	0.0	0.0	3.0833333333333335	2.94990366088632	0.0	9.468277945619336	3.9858156028368796	1.3820058997050146	0.0	0.0	6.670807453416149	7.324822695035461	0.0	7.57397504456328	0.9229671897289586	13.585690515806988	0.0	0.0	3.814159292035398	23.817891373801917
25945	0.0	1.7536842105263157	1.2138228941684666	8.643979057591624	0.0	0.0	4.586901763224182	3.660287081339713	0.0	14.38004246284501	9.771929824561404	0.6183673469387755	0.7387914230019493	0.43529411764705883	7.123318385650224	18.262206148282097	0.0	7.129511677282378	6.961038961038961	41.12127659574468	0.0	0.0	11.329787234042554	29.08651911468813
25946	0.0	2.542372881355932	0.096045197740113	2.5254237288135593	0.0	0.0	4.621468926553672	1.3276836158192091	0.0	12.770186335403727	4.422857142857143	0.0	0.6949152542372882	0.0	9.006756756756756	2.3220338983050848	0.0	4.522292993630574	0.768361581920904	23.295454545454547	0.0	0.0	2.0654205607476634	12.670454545454545
25947	0.0	1.7197962154294033	0.0	1.8119227539882452	0.0	0.0	2.137686860739575	1.5616338439095552	0.0	14.96305031446541	6.956521739130435	2.1262482168330954	0.0	0.0	8.122053872053872	12.485238455715367	0.0	6.5945730247406225	2.200319233838787	27.465045592705167	0.0	0.0	6.999099099099099	20.70027247956403
25948	0.0	2.2432432432432434	0.0	3.108108108108108	0.0	0.0	0.558282208588957	0.0	0.0	8.497267759562842	1.7432432432432432	1.2252252252252251	0.0	0.3783783783783784	2.2208588957055215	5.950617283950617	0.0	7.599099099099099	0.9954954954954955	8.481308411214954	0.0	0.0	0.0	12.052941176470588
25949	2.5636363636363635	0.0	0.0	1.6242424242424243	0.0	0.0	6.333333333333333	3.212121212121212	0.0	10.503311258278146	0.5212121212121212	2.4424242424242424	0.0	0.0	3.1019108280254777	2.466666666666667	0.0	4.733333333333333	0.0	11.336	0.0	0.0	1.5333333333333334	6.424242424242424
25950	0.0	1.7170542635658914	0.9186046511627907	3.686046511627907	0.0	0.0	1.9069767441860466	3.0511811023622046	0.0	18.24418604651163	2.2093023255813953	0.34108527131782945	0.0	0.0	5.744186046511628	9.61883408071749	0.0	5.230769230769231	0.0	10.149532710280374	0.0	0.0	6.098290598290598	29.014563106796118
25951	0.803921568627451	0.7843137254901961	0.0	1.9901960784313726	0.0	0.0	0.08823529411764706	0.0392156862745098	0.0	2.0153061224489797	0.37254901960784315	0.0	0.4117647058823529	0.0	3.8970588235294117	9.647058823529411	0.0	0.0	1.8872549019607843	7.621621621621622	0.0	0.0	1.7450980392156863	19.520661157024794
25952	0.0	3.2750809061488675	0.0	0.1893491124260355	0.0	0.0	0.0970873786407767	2.0194174757281553	0.0	9.307443365695793	9.954397394136809	0.0	0.0	0.0	5.741100323624596	5.899653979238754	0.0	2.983818770226537	2.5384615384615383	20.109649122807017	1.7702265372168284	0.3365695792880259	5.838709677419355	18.982142857142858
25953	0.0	1.595959595959596	2.0505050505050506	6.747524752475248	0.0	0.0	0.0	1.872053872053872	0.0	4.778688524590164	1.7575757575757576	1.9292929292929293	0.0	0.0	4.822222222222222	13.129032258064516	0.0	3.138047138047138	2.2693602693602695	19.88702928870293	0.0	0.0	7.02755905511811	25.44787644787645
25954	0.0	3.8095238095238093	0.0	0.0	0.0	0.0	1.7737226277372262	0.0	0.0	8.220095693779903	3.317241379310345	1.2091954022988505	0.0	0.0	6.207142857142857	7.960919540229885	0.0	8.117241379310345	7.242331288343558	14.670454545454545	0.0	0.0	5.6918238993710695	17.760493827160495
25955	0.0	2.8524590163934427	0.0	6.461988304093567	0.0	0.0	0.9180327868852459	1.7049180327868851	0.0	8.350877192982455	5.524590163934426	1.819672131147541	0.0	3.442622950819672	1.7814207650273224	7.491803278688525	0.0	1.578512396694215	0.0	20.918032786885245	0.0	0.0	6.19672131147541	28.434343434343436
25956	0.0	2.5185185185185186	0.0	3.956578947368421	0.0	0.0	3.136029411764706	1.9031862745098038	0.0	5.96301775147929	0.8964451313755796	0.0	0.35171568627450983	0.0	3.0748091603053433	6.411847672778562	0.0	0.9842381786339754	1.3758480325644504	23.104372355430183	0.6225490196078431	0.0	4.689213893967093	11.480252764612954
25957	0.0	1.5301204819277108	0.0	3.894243641231593	0.0	0.0	1.792483660130719	0.0	0.0	5.835849056603774	3.4985207100591715	1.6474258970358815	0.0	0.0	4.822888283378747	3.5949579831932774	0.0	4.0	0.0	7.111650485436893	0.0	0.0	3.7215528781793843	11.047879616963064
25958	0.0	1.919831223628692	0.0	2.434927697441602	0.0	0.0	0.9713930348258707	2.0031645569620253	0.0	11.911242603550296	5.582379862700229	0.7538247566063978	0.0	0.0	2.9959514170040484	6.674568965517241	0.0	5.965083798882682	2.5832438238453275	12.988805970149254	0.0	0.2468354430379747	3.3680981595092025	12.436079545454545
25959	0.0	2.721518987341772	0.0	1.8475609756097562	0.0	1.1158536585365855	4.375275938189845	0.8871951219512195	0.0	8.563084112149532	6.569148936170213	0.0	0.0	0.0	4.414634146341464	7.868945868945869	0.0	8.050602409638554	0.3548387096774194	21.53146853146853	0.0	0.0	6.408536585365853	16.353191489361702
25960	0.0	0.0	0.0	0.0	0.0	0.0	0.0	8.08860759493671	0.0	2.9140625	1.7579617834394905	1.6981132075471699	0.0	0.0	3.064748201438849	8.0	0.0	1.559748427672956	7.914893617021277	10.010416666666666	0.0	0.0	0.0	7.30188679245283
25961	0.7579908675799086	2.2374429223744294	0.0	1.726027397260274	0.0	0.0	2.1780821917808217	1.45662100456621	0.0	12.115606936416185	2.0228310502283104	0.0	0.0	0.0	4.351598173515982	11.06280193236715	0.0	7.404907975460123	3.7945205479452055	14.421875	0.0	0.365296803652968	4.069767441860465	24.625806451612902
25962	0.0	3.669753086419753	0.0	8.706070287539935	0.0	0.0	5.960339943342777	3.473389355742297	0.0	21.472868217054263	9.91186440677966	6.081967213114754	0.0	0.0	8.935064935064934	22.379310344827587	0.0	7.492997198879552	4.83030303030303	43.16783216783217	0.0	0.0	10.145348837209303	21.091269841269842
25963	0.0	4.003378378378378	0.0	1.7713004484304933	0.0	0.0	4.602150537634409	7.403587443946188	0.0	15.223880597014926	10.102102102102101	2.64247311827957	0.0	0.0	11.275167785234899	22.574018126888216	0.0	10.168195718654435	3.0833333333333335	43.75423728813559	1.0483870967741935	0.0	15.965753424657533	41.23446327683616
25964	0.0	1.4166666666666667	0.0	0.0	0.0	0.0	0.8592964824120602	3.1774193548387095	0.0	9.525691699604742	7.75494071146245	2.1475409836065573	0.0	0.0	7.475285171102661	12.066079295154186	0.0	6.134831460674158	1.9156118143459915	20.87593984962406	0.0	0.0	3.438202247191011	18.229787234042554
25965	0.0	0.793859649122807	0.0	3.1025641025641026	0.0	0.0	3.003968253968254	1.327485380116959	0.0	14.661016949152541	4.008561643835616	0.0	0.0	0.0	6.427906976744186	10.17157712305026	0.0	4.074010327022375	3.607142857142857	20.415354330708663	0.0	0.0	7.686340640809443	16.71137521222411
25966	0.0	3.3733333333333335	0.0	5.71326164874552	0.0	0.0	2.8303249097472922	2.521857923497268	0.0	10.143356643356643	1.352	0.0	0.0	0.0	4.287671232876712	11.008595988538682	0.0	8.166051660516604	3.1792828685258963	22.643504531722055	0.0	2.6160714285714284	4.55786350148368	16.083916083916083
25967	0.0	0.6494623655913978	1.049462365591398	2.361290322580645	1.5376344086021505	0.0	0.0	0.7956989247311828	0.0	6.683098591549296	4.6460905349794235	1.782795698924731	0.0	0.9698924731182795	5.079881656804734	9.36745406824147	0.0	4.873900293255132	1.221505376344086	20.99715909090909	0.0	0.025806451612903226	6.31875	8.173529411764706
25968	0.0	0.0	0.0	4.3652173913043475	0.0	0.0	0.0	0.8782051282051282	0.0	2.4166666666666665	1.7916666666666667	2.0128205128205128	0.0	0.0	2.6850393700787403	4.1824324324324325	0.0	3.076923076923077	1.8974358974358974	11.466666666666667	0.0	0.0	1.8012820512820513	6.283464566929134
25969	0.0	1.9754098360655739	0.0	1.619241192411924	0.0	0.0	1.2005420054200542	1.6016260162601625	0.0	7.990243902439024	5.871287128712871	0.5311653116531165	0.0	0.0	5.459866220735786	8.357504215851602	0.0	4.81591263650546	3.8419354838709676	7.553156146179402	0.0	0.0	2.008130081300813	10.573573573573574
25970	0.0	0.0	0.0	5.1375	0.0	0.0	0.0	1.3451776649746192	0.0	6.758426966292135	3.425619834710744	0.0	0.0	0.0	3.689138576779026	8.506666666666666	0.0	3.8410852713178296	1.6741573033707866	13.04868913857678	0.0	2.262172284644195	5.280898876404494	10.992248062015504
25971	0.0	0.0	3.2976190476190474	3.392857142857143	0.0	0.0	0.4166666666666667	1.4226190476190477	0.0	6.833333333333333	3.9038461538461537	1.3333333333333333	0.0	0.08333333333333333	5.08843537414966	4.8076923076923075	0.0	3.386904761904762	0.8452380952380952	16.8875	0.0	0.0	6.804054054054054	12.019480519480519
25972	0.0	0.0	0.329004329004329	0.8196248196248196	0.0	0.0	0.0	0.5872641509433962	0.0	7.782738095238095	3.1385281385281387	0.9478672985781991	0.0	0.0	5.325670498084291	5.134585289514867	0.0	2.7687074829931975	0.6416819012797075	13.509146341463415	0.0	0.0	2.776212832550861	9.690721649484535
25973	0.33183183183183185	0.0	0.0	2.0158982511923687	0.0	0.0	0.0	1.7601880877742946	0.0	6.516030534351145	2.6821052631578945	0.8849721706864564	0.0	0.0	2.933649289099526	2.142857142857143	0.0	3.0165165165165164	0.0	8.276422764227643	0.0	0.0	3.9259896729776247	13.177814029363784
25974	0.0	0.0	0.0	0.0	0.0	0.0	0.0	0.0	0.0	0.6565656565656566	0.0	0.0	0.0	0.0	0.0	1.9	0.0	0.0	0.0	0.0	0.0	0.0	0.0	0.0
25975	0.0	2.0766519823788547	0.0	1.8712541620421754	0.0	0.0	1.3836978131212723	1.1323407775020677	0.0	7.693137254901961	1.9472674976030682	0.0	0.0	0.0	4.0993265993265995	6.704375667022412	0.0	4.829581993569132	0.0	17.958592132505174	0.0	0.0	2.648293963254593	17.37636761487965
25976	0.0821078431372549	0.0	0.0	2.032023289665211	0.0	0.0	2.141289437585734	1.1053921568627452	0.0	8.304347826086957	2.995114006514658	1.5036764705882353	0.0	0.32230392156862747	2.404255319148936	8.661917098445596	0.0	5.684892086330935	1.4895448954489545	12.621546961325967	0.0	0.0	3.6002460024600245	17.748563218390803
25977	0.0	0.0	0.0	1.7145688800792864	0.0	0.0	0.9490392648287385	1.058983666061706	0.0	9.750753768844222	4.137674418604651	1.0401002506265664	0.0	0.0	3.7625113739763423	6.660919540229885	0.0	5.574504737295435	1.993220338983051	13.171736997055937	0.0	0.0	4.075660893345487	13.513098464317977
25978	0.0	2.461618257261411	0.0	3.122767857142857	0.0	0.0	1.3342210386151798	0.6724137931034483	0.0	5.855799373040752	1.8234126984126984	0.0	0.48412698412698413	0.0	3.6765402843601898	7.677685950413223	0.0	4.169215086646279	0.8442460317460317	19.839036755386566	0.0	0.0	5.056133056133056	18.36710369487485
25979	0.0	0.5968882602545968	0.2974910394265233	1.8541076487252124	0.0	0.0	1.1868898186889818	2.4719235364396654	0.0	13.998803827751196	4.417209908735332	1.063321385902031	0.0	0.0	5.647768395657419	8.089622641509434	0.0	1.9179566563467492	0.9020310633213859	22.364275668073137	0.0	0.0	5.123611111111111	14.517241379310345
25980	0.0	3.273781902552204	0.0	0.966183574879227	0.0	0.0	1.0628019323671498	1.6859903381642511	0.0	14.19047619047619	3.2154195011337867	0.0	0.0	0.0	4.059859154929577	7.335051546391752	0.0	1.4530973451327434	1.1867954911433172	16.71186440677966	0.0	0.0	3.32	10.290375203915172
25981	0.0	0.0	0.0	0.0	0.0	0.0	0.0	0.0	0.0	3.111111111111111	0.0	0.0	0.0	0.0	0.0	0.0	0.0	2.2735042735042734	0.0	1.6111111111111112	0.0	0.0	0.0	1.8104265402843602
25982	0.0	4.003472222222222	0.0	2.1875	0.0	0.0	2.2218045112781954	1.8229166666666667	0.0	11.706161137440759	6.895833333333333	0.0	0.0	0.0	5.100371747211896	5.15625	0.0	12.715277777777779	1.8576388888888888	19.786729857819907	0.0	0.0	7.684027777777778	23.636363636363637
25983	0.0	0.0	0.0	2.0416666666666665	0.0	0.0	6.690476190476191	2.7433862433862433	0.0	11.011811023622048	2.685185185185185	0.0	0.0	0.0	6.669312169312169	9.157190635451505	0.0	4.5	3.9035812672176307	27.596685082872927	0.0	0.0	7.336231884057971	15.904320987654321
25984	0.0	4.125827814569536	0.5384615384615384	3.1135531135531136	0.0	0.0	1.3846153846153846	2.076923076923077	0.0	6.5911602209944755	1.9963369963369964	0.0	0.0	0.0	1.032967032967033	8.751243781094526	0.0	7.3446808510638295	2.9548022598870056	12.662921348314606	0.0	0.0	4.0111940298507465	12.094017094017094
25985	0.0	0.0	0.4910941475826972	3.5623409669211195	0.0	0.0	0.8189300411522634	0.8739946380697051	0.0	7.90625	0.7152777777777778	1.534351145038168	0.0	0.0	4.83112582781457	1.439252336448598	0.0	5.440129449838188	0.3638676844783715	10.361323155216285	0.0	0.0	2.984732824427481	15.534722222222221
25986	0.0	0.7401315789473685	0.0	3.638655462184874	0.0	0.0	2.431547619047619	0.0	0.0	6.708683473389356	2.373801916932907	0.0	0.0	0.0	4.076158940397351	0.39805825242718446	0.0	1.207282913165266	0.5724907063197026	6.372693726937269	0.0	0.0	1.7058823529411764	9.358543417366947
25987	0.0	1.468671679197995	0.0	1.862155388471178	0.0	0.0	1.4467532467532467	2.7649122807017545	0.0	8.31829573934837	2.2982456140350878	0.0	0.0	0.0	2.3981191222570533	8.002762430939226	0.0	4.92	0.0	16.739766081871345	0.0	0.0	2.491228070175439	12.222972972972974
25988	0.0	2.850980392156863	0.0	2.9504950495049505	0.9537953795379538	0.0	0.0	0.0	0.0	12.53448275862069	1.8877887788778878	0.0	0.0	0.0	2.4839857651245554	5.178807947019868	0.0	6.302521008403361	0.9801980198019802	13.690376569037657	0.0	0.0	4.014084507042254	14.651639344262295
25989	0.0	0.0	0.0	3.8820960698689957	0.0	0.0	0.8487928843710292	0.0	0.07773851590106007	8.146496815286625	5.062857142857143	0.0	0.0	0.16725559481743227	3.1373390557939915	6.268608414239482	0.0	2.893992932862191	1.6760895170789163	12.571428571428571	0.0	0.0	3.7670250896057347	14.648894668400521
25990	0.0	2.5976190476190477	0.0	2.529780564263323	0.0	0.0	0.9509803921568627	1.0358126721763086	0.0	8.765463917525773	4.301136363636363	0.0	0.0	0.0	5.213235294117647	5.130952380952381	0.0	3.858858858858859	1.8	6.883783783783784	0.0	0.0	2.538095238095238	18.68041237113402
25991	0.0	2.6651445966514458	0.6422764227642277	2.7249322493224932	0.0	0.0	1.2112482853223594	0.0	0.0	15.724932249322492	4.08130081300813	0.7953929539295393	0.0	0.0	2.787425149700599	8.964669738863288	0.0	2.6611940298507464	2.7058823529411766	10.30064308681672	0.0	1.2655826558265582	4.061046511627907	11.763271162123386
25992	0.0	1.207017543859649	0.0	1.8244604316546762	0.0	0.0	0.0	1.8692307692307693	0.0	11.866837387964148	5.9223140495867765	1.75	0.0	0.0	1.9310344827586208	11.145427286356822	0.0	4.295508274231678	1.109697933227345	11.62532637075718	0.0	0.0	3.7076023391812867	15.052631578947368
25993	0.0	0.45916114790286977	0.0	0.0	0.0	0.0	0.0	0.38631346578366443	0.0	3.0397350993377485	0.11037527593818984	1.9426048565121412	0.0	0.0	0.8344370860927153	5.750551876379691	0.0	0.5298013245033113	1.216335540838852	3.3956639566395665	0.0	0.0	0.0	5.315521628498728
25994	0.0	0.0	0.0	2.259259259259259	0.0	0.0	0.0	0.0	0.0	4.838649155722327	2.5979591836734692	0.0	0.0	0.0	0.0	6.050955414012739	0.0	3.984984984984985	0.0	19.380116959064328	0.0	0.0	2.4653846153846155	8.0098814229249
25995	0.0	2.4308466051969826	0.08549019607843138	2.8423529411764705	0.0	0.0	1.6304526748971193	2.798787878787879	0.0	9.699122106943337	2.9252577319587627	0.5882352941176471	0.18666666666666668	0.0	3.475619504396483	7.694548872180451	0.0	3.2552742616033754	1.218045112781955	14.345924453280318	0.0	0.0	3.433333333333333	14.881809787626961
25996	0.0	1.6787330316742082	0.0	2.3012048192771086	0.0	0.0	2.953822861468584	2.065620542082739	0.0	7.29260700389105	3.5891354246365723	0.0	0.0	0.0	2.364227642276423	6.027476500361533	0.0	5.680761099365751	0.8217687074829932	14.979641693811075	0.0	0.0	2.861963190184049	13.468885672937772
25997	0.0	1.8344086021505377	0.0	1.6728971962616823	0.0913978494623656	0.0	2.152688172043011	0.9279569892473118	0.0	11.933333333333334	3.256501182033097	2.709189189189189	0.0	0.0	2.9329501915708813	7.247232472324724	0.0	4.233468286099865	3.320693391115926	18.650856389986824	0.0	0.0	5.577752553916005	18.582758620689656
25998	0.0	0.0	0.0	0.0	0.0	0.0	0.0	0.9326599326599326	0.0	3.659025787965616	3.094017094017094	0.0	0.0	0.0	2.091168091168091	6.1506849315068495	0.0	1.4679245283018867	0.0	17.71326164874552	0.0	0.0	1.0997150997150997	6.850909090909091
25999	0.0	2.647291941875826	0.0	3.6653225806451615	0.0	0.0	1.093952483801296	1.933404940923738	0.0	6.088302752293578	6.6938775510204085	0.5597667638483965	0.0	0.0	3.0754162585700295	6.164667393675027	0.0	2.6862745098039214	1.900874635568513	18.433070866141733	0.0	0.33527696793002915	3.39471007121058	15.710560625814862
26000	0.0	2.012295081967213	0.0	3.5463659147869673	0.0	0.0	1.1726495726495727	1.764102564102564	0.0	9.388501742160278	5.436507936507937	0.0	0.044444444444444446	0.0	5.687179487179487	8.645669291338583	0.0	1.2954048140043763	1.6376068376068376	12.026132404181185	0.0	0.0	4.375652173913044	10.244206773618538
26001	0.0	1.8423019431988041	0.0	3.002707581227437	0.0	0.0	0.8504446240905417	1.5712309820193637	0.0	10.929745889387146	3.06298600311042	0.8506224066390041	0.32295988934993086	0.0	4.048374905517763	5.71622641509434	0.0	4.682572614107884	1.8530721282279607	17.93515625	0.0	0.1542185338865837	4.474493927125506	15.587792012057273
26002	0.0	0.0	0.0	1.0691358024691358	0.0	0.0	0.9728395061728395	0.6469135802469136	0.0	9.009615384615385	3.8567901234567903	2.4972067039106145	0.0	0.0	3.5160493827160493	8.042105263157895	0.0	5.8617283950617285	0.0	23.571428571428573	0.0	0.0	2.0272727272727273	18.67017543859649
26003	0.0	0.0	0.48084291187739464	3.655637254901961	0.0	0.0	3.0259740259740258	1.5343137254901962	0.0	13.223316912972086	5.45203679369251	0.0	0.0	0.0	2.5477178423236513	8.661268556005398	0.0	1.8463901689708142	1.772079772079772	18.095	0.0	0.0	5.888745148771022	20.738486842105264
26004	0.0	2.4714285714285715	0.0	6.492857142857143	0.0	0.0	0.0	0.5	0.0	6.080952380952381	7.8431372549019605	2.4761904761904763	0.0	0.44761904761904764	2.076530612244898	12.7	0.0	2.4444444444444446	4.752380952380952	24.923529411764704	0.0	1.2333333333333334	7.592105263157895	30.279411764705884
26005	0.0	1.9700374531835205	0.0	4.636363636363637	0.0	0.0	2.097378277153558	2.0224719101123596	0.0	8.277153558052435	4.906103286384977	0.0	0.0	0.0	2.737827715355805	8.872509960159363	0.0	4.8313725490196076	5.558052434456929	19.991701244813278	0.0	0.0	1.7752808988764044	11.704347826086957
26006	0.6215277777777778	1.3449074074074074	0.0	1.4517006802721089	0.0	0.0	0.0	0.7915632754342432	0.0	9.297766749379653	4.456018518518518	1.5115740740740742	0.0	0.0	3.6906565656565657	7.791862284820032	0.0	3.185185185185185	2.158322056833559	15.163727959697733	0.0	0.0	1.9444444444444444	15.620553359683795
26007	0.0	0.8043478260869565	0.0	5.050724637681159	0.0	0.0	0.0	0.0	0.0	6.934782608695652	3.101449275362319	1.1884057971014492	0.0	1.1159420289855073	7.173913043478261	2.8473282442748094	0.0	2.9057971014492754	2.152173913043478	9.681159420289855	0.0	0.0	1.8333333333333333	14.804347826086957
26008	0.0	0.8051282051282052	0.0	3.391304347826087	0.0	0.0	3.239130434782609	1.623076923076923	0.0	7.4969325153374236	1.8357487922705313	0.0	0.0	0.0	3.0463917525773194	11.197222222222223	0.0	4.18586387434555	0.0	14.988970588235293	0.0	0.0	2.9660493827160495	13.056497175141242
26009	0.0	1.8858173076923077	0.0	3.072691552062868	0.0	0.0	2.256886611146701	2.092489137181875	0.0	6.4145985401459855	5.803813038130381	0.0	0.0	0.0	6.694089456869009	8.777917189460476	0.0	3.8504551365409623	1.1347565043362242	21.10100231303007	0.0	0.0	3.8872638634978673	11.607470049330514
26010	0.0	0.0	0.9571865443425076	3.6531365313653135	0.0	0.0	3.326996197718631	0.0	0.0	11.601941747572816	3.0397553516819573	2.314984709480122	0.0	0.0	7.2439024390243905	12.761029411764707	0.0	3.3394495412844036	2.834862385321101	22.103975535168196	0.0	0.0	1.972	12.284403669724771
26011	0.20474777448071216	1.1083249749247743	0.0	2.8051434223541047	0.0	0.0	2.589108910891089	1.9831849653808111	0.0	7.889016018306636	4.033622559652929	0.0	0.0	0.0	4.404977375565611	10.726840855106888	0.0	4.058479532163743	1.858480749219563	20.847437425506556	0.0	0.0	3.637400228050171	17.30324074074074
26012	0.0	0.8081936685288641	0.0	4.721666666666667	0.0	0.0	1.806896551724138	0.9142857142857143	0.0	10.998091603053435	3.3598393574297187	0.8862847222222222	0.0	0.0	4.285843101893597	5.636446886446887	0.0	7.704014939309057	0.9379310344827586	15.641852770885029	0.0	0.0	3.5524296675191818	16.30892857142857
26013	0.0	0.0	0.0	0.0	0.0	0.0	1.8333333333333333	0.7380952380952381	0.0	4.488095238095238	0.0	1.2976190476190477	0.0	0.0	1.7142857142857142	5.464285714285714	0.0	3.0476190476190474	1.7142857142857142	3.3454545454545452	0.0	0.0	1.8452380952380953	1.6428571428571428
26014	0.0	2.4176029962546814	0.0	8.011210762331839	0.0	0.0	7.8087318087318085	4.498896247240618	0.0	19.120857699805068	6.1533180778032035	3.3741496598639458	0.0	0.47959183673469385	13.159645232815965	19.249557522123894	0.0	13.962555066079295	0.9302721088435374	47.6849593495935	0.0	0.0	6.738613861386138	41.984848484848484
26015	0.0	5.088235294117647	0.9122807017543859	5.399491094147582	0.0	0.0	0.0	1.0319634703196348	0.0	14.96923076923077	5.0310077519379846	0.5281501340482574	0.0	0.0	11.128571428571428	19.71240105540897	0.0	5.192575406032483	1.2100456621004567	26.990963855421686	0.0	0.0	7.126126126126126	20.933673469387756
26016	0.0	1.4094292803970223	0.0	6.504878048780488	0.0	0.0	2.9901639344262296	2.279826464208243	0.0	11.618811881188119	6.913157894736842	2.034188034188034	0.0	0.0	6.989333333333334	7.150501672240803	0.0	5.857142857142857	0.0	25.143564356435643	0.0	0.0	6.609913793103448	20.40059347181009
26017	0.0	0.0	0.0	0.0	0.0	0.0	5.414634146341464	0.0	0.0	4.158415841584159	3.9444444444444446	1.3443223443223444	0.0	0.0	6.725563909774436	8.302788844621514	0.0	4.602150537634409	0.42124542124542125	9.846153846153847	0.0	0.0	6.16600790513834	4.326007326007326
26018	0.0	0.5548961424332344	0.07606263982102908	1.5950782997762865	0.0	0.0	2.232662192393736	0.0	0.0	6.268456375838926	2.015151515151515	0.3534675615212528	0.0	0.0	3.7756410256410255	8.303191489361701	0.0	2.1209302325581394	0.0	5.920792079207921	0.0	0.0	0.768595041322314	7.430232558139535
26019	0.0	1.4722222222222223	0.0	1.8981481481481481	0.0	0.0	3.1129032258064515	4.003184713375796	0.0	5.305660377358491	0.845679012345679	0.0	0.0	0.0	2.7746913580246915	4.787037037037037	0.0	2.70679012345679	0.0	8.299212598425196	0.0	0.0	10.216666666666667	9.924242424242424
26020	0.0	0.7807807807807807	0.0	2.5217391304347827	0.0	0.0	0.0	0.2042042042042042	0.0	9.225225225225225	2.5045045045045047	1.4744744744744744	0.0	0.0	3.5705705705705704	10.11520737327189	0.0	1.4624624624624625	0.0	10.953703703703704	1.1291291291291292	0.0	5.651651651651652	7.24896265560166
26021	0.0	1.4645390070921986	0.0	2.0106382978723403	0.0	0.0	0.0	0.0	0.0	9.631205673758865	0.42138364779874216	0.900709219858156	0.0	0.0	3.5815602836879434	1.9539007092198581	0.0	2.825242718446602	1.7269503546099292	13.581560283687944	0.0	0.0	0.7634408602150538	9.745
26022	0.0	0.8498349834983498	0.7178217821782178	2.0897666068222622	0.0	0.0	0.9469387755102041	0.3333333333333333	0.0	4.142378559463987	1.3547854785478548	0.0	0.0	0.0	2.123762376237624	4.845261121856867	0.0	4.214521452145214	0.019801980198019802	9.520754716981132	0.0	0.0429042904290429	3.769230769230769	11.395604395604396
26023	0.0	1.4636048526863086	0.0	2.7828618968386025	0.0	0.0	3.584104938271605	0.0	0.0	10.717813051146384	3.8372681281618886	0.9359567901234568	0.0	0.0	3.366964285714286	8.31712962962963	0.0	4.95015906680806	1.0116913484021823	17.344673231871084	0.0	0.0	5.080631753948462	12.81872340425532
26024	0.0	1.177304964539007	1.929078014184397	1.4259259259259258	0.0	0.0	1.148936170212766	0.0	0.0	10.148936170212766	5.843971631205674	0.0	0.0	0.0	5.7443609022556394	10.312056737588652	0.0	7.829787234042553	0.0	10.859649122807017	0.3829787234042553	0.0	3.234042553191489	17.572519083969464
26025	0.0	2.4794520547945207	0.0	1.4597156398104265	0.0	0.0	1.552511415525114	1.2968036529680365	0.0	7.763313609467455	6.301369863013699	0.0	0.0	0.0	2.164383561643836	6.8807339449541285	0.0	6.4	0.0	11.568527918781726	0.0	0.0	0.0	25.45408163265306
26026	0.0	0.4269005847953216	0.0	1.8011695906432748	0.0	0.0	0.0	2.257309941520468	0.0	7.3933333333333335	4.298245614035087	0.0	0.0	0.0	2.935672514619883	8.75294117647059	0.0	4.385964912280702	3.853801169590643	10.210084033613445	0.0	0.0	5.228070175438597	11.064935064935066
26027	0.0	5.0395256916996045	3.986666666666667	4.326666666666667	0.0	0.0	5.070038910505836	4.97265625	0.0	6.1866666666666665	3.183333333333333	0.0	0.0	0.0	4.246666666666667	6.635379061371841	0.0	0.8033333333333333	1.8366666666666667	30.610441767068274	0.0	0.0	8.154362416107382	14.82876712328767
26028	0.0	0.6294326241134752	0.0	3.4698162729658795	0.2429078014184397	0.0	3.872340425531915	1.024822695035461	0.0	11.325187969924812	2.2557726465364123	1.0070921985815602	0.0	0.0	6.068459657701712	8.52	0.0	1.1331828442437923	0.9308510638297872	22.12704918032787	0.0	0.0	3.337325349301397	11.748440748440748
26029	0.0	1.560229445506692	0.0	3.8006644518272426	0.0	0.0	1.4098883572567784	3.8915470494417863	0.0	9.35725677830941	3.727592267135325	2.946945337620579	0.0	0.0	1.842809364548495	9.852459016393443	0.0	7.658314350797267	1.8149920255183414	24.85496183206107	0.0	0.0	4.204318936877076	23.233480176211454
26030	0.0	2.490566037735849	0.0	2.8647798742138364	0.0	0.0	0.949685534591195	2.9213836477987423	0.0	4.119469026548672	2.355769230769231	0.0	0.0	0.0	2.217821782178218	8.731277533039648	0.0	4.009433962264151	1.3823529411764706	17.9748427672956	0.0	0.7987421383647799	3.559748427672956	17.02857142857143
26031	0.0	2.022222222222222	0.0	8.023148148148149	0.0	0.5333333333333333	3.037037037037037	6.426966292134831	0.0	6.733333333333333	10.728395061728396	0.0	0.0	0.0	2.6009615384615383	6.778325123152709	0.0	7.821192052980132	0.8518518518518519	13.54375	0.0	0.0	6.314410480349345	3.140740740740741
26032	0.0	0.0	0.0	2.8027842227378192	0.0	0.0	0.0	1.1123388581952118	0.0	5.219512195121951	3.501347708894879	0.0	0.0	0.0	6.041379310344827	5.57	0.0	3.4325699745547076	3.0607734806629834	21.209134615384617	0.0	1.6685082872928176	5.214953271028038	10.924812030075188
26033	0.0	0.960960960960961	0.0	6.033132530120482	0.0	0.0	1.3398692810457515	0.0	0.0	10.97752808988764	7.911949685534591	0.9669669669669669	0.0	0.0	10.130612244897959	9.771929824561404	0.0	5.714285714285714	2.9501779359430604	15.680981595092025	0.0	0.0	3.147887323943662	17.484745762711864
26034	0.0	1.973856209150327	1.8660130718954249	5.57516339869281	0.0	0.0	3.46484375	2.3366013071895426	0.0	10.11913357400722	10.19047619047619	0.0	0.16993464052287582	0.0	7.489795918367347	7.7112970711297075	0.0	6.330275229357798	1.9215686274509804	14.551724137931034	1.7712418300653594	0.0	5.185840707964601	16.845890410958905
26035	0.0	1.6775553213909378	0.0	3.4702868852459017	0.0	0.0	2.8248259860788862	0.0	0.0	7.674271229404309	4.281973816717019	0.0	0.0	0.0	4.76319350473613	10.268008474576272	0.0	3.6545654565456545	0.0	17.144607843137255	0.0	0.0	4.6797583081570995	14.546770601336302
26036	0.0	3.6927710843373496	0.5550595238095238	2.2720478325859492	0.0	0.0	5.454337899543379	0.6636904761904762	0.0	9.197614991482112	4.153030303030303	0.8482142857142857	0.0	0.0	3.6865912762520194	8.443974630021142	0.0	1.5114503816793894	2.216848673946958	26.6231884057971	0.0	0.0	3.2749590834697218	16.16552901023891
26037	0.0	2.0589147286821707	0.0	2.541242937853107	0.0	0.0	3.201954397394137	1.9888089528377297	0.0	8.86259541984733	1.774327122153209	0.6147286821705427	0.0	0.0	4.06864406779661	9.354889589905362	0.0	4.697614991482112	1.366325369738339	11.78713768115942	0.0	0.0	4.671075837742505	15.573675496688741
26038	0.0	0.0	0.0	0.0	0.0	0.0	3.243333333333333	0.0	0.0	5.6695652173913045	6.6422018348623855	0.9833333333333333	0.0	0.0	8.956	18.16906474820144	0.0	9.179856115107913	0.0	18.025862068965516	0.0	0.0	8.18450184501845	8.11111111111111
26039	0.0	0.0	0.0	1.7404371584699454	0.0	0.0	0.9398907103825137	0.6273062730627307	0.0	3.3549295774647887	0.8633879781420765	0.11475409836065574	0.0	0.0	1.9180327868852458	2.215686274509804	0.0	1.2883895131086143	1.7712609970674487	10.78186968838527	0.0	0.0	2.23224043715847	4.556547619047619
26040	0.0	1.6196581196581197	0.0	1.7305699481865284	0.0	0.0	0.0	0.9957264957264957	0.0	5.237113402061856	0.0	0.0	0.0	0.0	1.0374331550802138	8.828125	0.0	3.4572649572649574	0.0	10.33093525179856	0.0	0.0	0.0	12.813333333333333
26041	0.0	5.372937293729373	0.0	6.224691358024692	0.0	0.0	0.0	3.404938271604938	0.0	14.390123456790123	5.086567164179105	1.7836065573770492	0.0	0.0	7.971223021582734	12.961937716262975	0.0	10.526923076923078	2.2666666666666666	19.754950495049506	0.0	0.7851851851851852	5.498701298701299	19.931623931623932
26042	0.10021786492374728	5.161953727506427	0.7145969498910676	3.8540305010893245	0.0	0.0	3.239808153477218	1.2287581699346406	0.9368191721132898	18.149295774647886	2.8725212464589234	0.0	0.0	1.5032679738562091	5.002222222222223	8.089324618736384	0.0	6.904139433551198	2.2962962962962963	23.76865671641791	0.0	2.0888382687927107	5.896875	24.32897603485839
26043	0.0	1.948235294117647	3.4096774193548387	4.688340807174888	0.0	0.0	3.31025641025641	2.0781563126252505	0.0	9.4	1.3490196078431373	1.8862745098039215	0.0	0.0	6.184049079754601	5.15625	0.0	6.988636363636363	0.5392156862745098	18.995169082125603	0.0	0.0	3.952054794520548	16.888636363636362
26044	0.0	0.0	0.0	0.0	0.0	0.0	0.0	0.0	0.0	2.18018018018018	2.90990990990991	1.0810810810810811	0.0	0.0	6.148936170212766	0.0	0.0	0.23880597014925373	0.0	0.0	0.0	0.0	0.0	8.613861386138614
26045	0.0	1.125	0.0	1.6666666666666667	0.0	0.0	2.0166666666666666	0.0	0.0	8.041666666666666	2.3130434782608695	0.0	0.0	0.23333333333333334	8.63963963963964	10.05	0.0	2.8666666666666667	4.975	15.379746835443038	0.0	0.0	0.0	9.57391304347826
26046	0.0	0.0	0.0	2.4591836734693877	0.0	0.0	1.1549295774647887	0.0	0.0	19.7	6.248322147651007	0.0	0.023474178403755867	0.0	8.760479041916168	12.37914691943128	0.0	11.62962962962963	1.62015503875969	13.022598870056497	0.0	0.0	11.16256157635468	36.98620689655172
26047	0.0	5.902723735408561	0.0	3.082437275985663	0.0	0.0	1.2549019607843137	2.25089605734767	0.0	10.4015444015444	2.51	2.1577060931899643	0.0	0.0	8.237569060773481	15.021505376344086	0.0	3.1197916666666665	1.4086021505376345	24.27338129496403	0.0	0.0	12.799163179916318	32.39408866995074
26048	0.0	1.5368098159509203	0.0	2.1004862236628847	0.17543859649122806	0.0	1.7491582491582491	0.0	0.0	7.116393442622951	4.167582417582418	0.0	0.0	0.0	4.820338983050847	8.138790035587188	0.0	5.757703081232493	0.0	24.721845318860243	0.0	0.0	6.838056680161944	18.523478260869567
26049	0.0	2.864476386036961	0.0	5.088512241054614	0.0	0.0	1.8757062146892656	1.1503579952267302	0.0	6.033898305084746	6.699619771863118	1.2662721893491125	0.007532956685499058	0.0	6.620352250489237	13.304431599229288	0.0	4.748076923076923	1.5819209039548023	21.37204724409449	0.0	0.0	5.017937219730942	17.784761904761904
26050	0.0	1.8015873015873016	0.0	4.169077757685352	0.0	0.0	3.422867513611615	1.5738007380073802	0.0	14.140549273021001	5.0867579908675795	1.6653386454183268	0.0	0.0	6.800888888888889	10.18801996672213	0.0	8.21283422459893	1.7722772277227723	22.896769109535068	0.0	0.0	6.446766169154229	21.107913669064747
26051	0.0	4.298701298701299	0.0	5.953271028037383	0.0	0.0	3.091891891891892	1.5411255411255411	0.0	12.595854922279793	2.7445887445887447	2.2510822510822512	0.0	0.33766233766233766	8.714285714285714	8.160714285714286	0.0	9.748633879781421	0.0	30.78391959798995	0.0	0.0	9.825581395348838	24.318681318681318
26052	0.0	7.69281045751634	0.989247311827957	2.763440860215054	0.0	0.0	3.5376344086021505	3.143646408839779	0.0	7.928571428571429	5.955801104972376	0.0	0.0	0.0	6.114130434782608	5.6422018348623855	0.0	4.258064516129032	1.1989247311827957	19.8	0.0	0.0	4.445783132530121	27.71794871794872
26053	0.0	2.8556701030927836	0.0	6.183168316831683	0.0	0.0	0.7249190938511327	4.537878787878788	0.0	6.232558139534884	3.7292929292929293	0.0	0.0	0.0	4.119047619047619	5.655405405405405	0.0	7.213953488372093	1.3326086956521739	23.762345679012345	0.0	0.0	9.16	19.366255144032923
26054	0.0	0.0	0.0	2.7841530054644807	0.0	0.0	3.5364431486880465	1.7595628415300546	0.0	8.199453551912569	6.405555555555556	1.5439189189189189	0.0	0.6276595744680851	5.994535519125683	7.6988304093567255	0.0	3.9925373134328357	0.0	14.425714285714285	0.0	0.0	4.64207650273224	20.676829268292682
26055	0.0	2.5502645502645502	2.306878306878307	6.324022346368715	0.0	0.0	0.8201058201058201	2.5555555555555554	0.0	4.694805194805195	2.0211640211640214	2.634920634920635	0.0	0.0	2.9682539682539684	6.396825396825397	0.0	5.111111111111111	2.708994708994709	34.52054794520548	0.0	0.0	10.701086956521738	9.493243243243244
26056	0.0	2.2088520055325036	0.0	0.9543568464730291	0.0	0.0	1.8533886583679116	0.0	0.0	9.939655172413794	1.0298769771528997	0.0	0.0	0.0	3.7147016011644833	7.157381615598886	0.0	7.060674157303371	0.0	19.19640387275242	0.0	0.0	2.9695712309820195	14.920203735144312
26057	0.0	1.4431279620853081	0.0	3.7021696252465484	0.7869822485207101	0.0	4.306990881458966	0.0	0.0	5.8729792147806	1.196078431372549	1.5219512195121951	0.0	0.0	6.201612903225806	12.085808580858085	0.0	6.96996996996997	0.0	18.358490566037737	0.0	0.0	3.1289537712895377	11.557017543859649
26058	0.0	0.95	0.0	1.5445544554455446	0.0	0.0	2.7543478260869567	1.044543429844098	0.0	8.71951219512195	4.112994350282486	0.0	0.0	0.0	4.630341880341881	8.598870056497175	0.0	3.275	0.0	17.17241379310345	0.0	0.0	3.7686375321336762	17.548022598870055
26059	0.0	1.919869174161897	0.0	3.4509056244041947	0.0	0.0	4.098976109215017	2.7413479052823315	0.0	10.522904062229905	5.6490850376749195	1.5662745098039215	0.0	0.0	6.977884615384616	12.55598086124402	0.0	3.001639344262295	0.0	11.805433829973706	0.0	0.0	5.63047285464098	13.939901477832512
26060	0.0	1.318709026727181	0.0	3.573834924199888	0.0	0.0	2.9339622641509435	0.7793548387096774	0.0	10.222361809045227	4.157192575406032	0.9721463681048608	0.0	0.0	3.8933797909407666	5.6276668960770815	0.0	5.689325544344132	1.20199370409234	18.96804260985353	0.0	0.0	3.808762581409118	17.941242305540012
26061	0.0	0.9325	0.0	2.8525714285714288	0.0	0.0	0.0	1.2097560975609756	0.0	4.845121951219512	3.602609727164887	1.658254468980021	0.0	0.0	4.413867822318527	8.91741935483871	0.0	4.095300261096606	2.0875512995896033	15.63659793814433	0.0	0.0	4.658241758241759	16.723449001051524
26062	0.0	0.2657856093979442	0.0	3.376068376068376	0.0	0.0	3.984974958263773	0.6811594202898551	0.0	4.9353891336270195	2.272292993630573	3.2903225806451615	0.0	0.0	4.563988095238095	6.773861967694566	0.0	5.7682926829268295	1.296551724137931	21.60271646859083	0.0	0.17033773861967694	3.8084745762711862	18.14977973568282
26063	0.12447257383966245	1.229957805907173	0.0	0.806049822064057	0.0	0.0	0.8213660245183888	0.8055813953488372	0.0	6.911092985318108	3.1080691642651295	0.0	0.31645569620253167	0.0	4.77027027027027	6.844974446337308	0.0	2.946938775510204	1.0793650793650793	20.26022913256956	0.0	0.6146272855133614	3.5390127388535033	13.123076923076923
26064	0.0	0.0	1.303437967115097	1.5586510263929618	0.0	0.0	1.0419161676646707	0.0	0.0	3.6872909698996654	2.5583657587548636	0.0	0.0	0.0	1.4530477759472817	5.476603119584055	0.0	4.934121621621622	0.0	20.269724770642203	0.0	0.0	2.1118314424635334	15.24074074074074
26065	0.0	2.2377777777777776	0.0	2.9591836734693877	0.0	0.0	2.4444444444444446	1.6933333333333334	0.0	6.664444444444444	4.955844155844156	0.0	0.0	0.29333333333333333	2.3268765133171914	7.5735660847880295	0.0	3.6622222222222223	0.58	16.134517766497463	0.0	0.0	3.4652777777777777	10.275434243176178
26066	0.0	1.9305993690851735	0.0	1.9920424403183024	0.33819241982507287	0.0	0.5350993377483444	1.2089407191448007	0.0	7.068642745709829	2.7751605995717346	0.0	0.0	0.0	1.1584062196307094	7.93859649122807	0.0	3.8790593505039195	0.0	19.28409090909091	0.021379980563654033	0.0	4.523565573770492	15.279156327543424
26067	0.0	0.625	0.0	2.4698275862068964	0.0	0.0	3.160919540229885	1.6885758998435054	0.0	4.203056768558952	4.925795053003534	0.0	0.0	0.0	4.366863905325443	7.191275167785235	0.0	3.326923076923077	0.0	18.31660899653979	0.0	0.0	0.0	12.127906976744185
26068	0.0	0.0	0.0	0.0	0.0	0.0	0.0	0.0	0.0	1.2380952380952381	0.0	0.0	0.0	0.0	0.0	0.0	0.0	0.0	0.0	0.0	0.0	0.0	0.0	5.4353741496598635
26069	0.0	1.0899122807017543	0.0	2.379385964912281	0.0	0.0	2.7039473684210527	0.0	0.0	11.635746606334841	4.288265306122449	0.581140350877193	0.0	0.0	3.217948717948718	11.523659305993691	0.0	6.70935960591133	2.8876146788990824	17.228494623655912	0.0	0.0	7.967171717171717	14.269129287598945
26070	0.0	1.3461538461538463	0.4166666666666667	3.1474358974358974	0.0	0.0	5.064102564102564	7.516129032258065	0.0	8.070175438596491	3.395348837209302	0.0	0.0	0.0	7.9423076923076925	12.458333333333334	0.0	4.782051282051282	0.0	10.7682119205298	0.0	0.0	6.03921568627451	13.549180327868852
26071	0.0	1.1071428571428572	0.6657509157509157	3.9694072657743784	0.0	0.0	1.7527472527472527	2.5867665418227217	0.0	6.9498644986449865	3.389144434222631	1.0143266475644699	0.0	0.0	4.7397899649941655	6.409514925373134	0.0	3.950733752620545	3.0204520990312163	16.009489916963226	0.0	0.0	4.171144278606965	17.44126659856997
26072	0.0	0.9341692789968652	0.696969696969697	3.63768115942029	0.0	0.0	0.9657228017883756	1.5028328611898016	0.0	9.82015503875969	3.2336	0.0	0.0	0.0	3.1759890859481583	7.011075949367089	0.0	4.0763582966226135	1.7364953886693018	14.773524720893143	0.0	0.0	3.758037225042301	15.0784
26073	0.0	1.8981818181818182	0.9084699453551912	2.8405797101449277	0.0	0.0	3.828080229226361	1.7695852534562213	0.0	6.3930817610062896	3.1700581395348837	1.9043715846994536	0.0	0.0	3.4064697609001406	6.08600583090379	0.0	4.145299145299146	1.3456284153005464	12.901453957996768	0.0	0.0	3.9672131147540983	16.035036496350365
26074	0.0	0.0	0.0	1.5460199004975124	0.0	0.0	2.5481997677119628	0.9001161440185831	0.0	10.866287339971551	1.5384615384615385	0.0	0.0	0.0	3.900116144018583	13.122784810126582	0.0	4.655373831775701	0.0	12.445454545454545	0.6643437862950058	0.34610917537746805	4.05859375	18.424206815511162
26075	0.0	1.0353741496598639	0.0	2.4666212534059944	0.0	0.0	1.621903520208605	2.03093476798924	0.0	10.72005772005772	4.069637883008356	0.0	0.0	0.0	6.556002682763246	9.660201149425287	0.0	4.580732700135685	1.5045103092783505	15.31562740569669	0.0	0.0	3.9402390438247012	16.810077519379846
26076	0.0	0.7835051546391752	0.0	2.1860119047619047	0.0	0.0	3.25	1.3487394957983194	0.0	7.824742268041237	5.644285714285714	0.0	0.0	0.0	3.6409495548961424	10.457106274007682	0.0	5.328767123287672	1.9165613147914033	18.65625	0.0	0.0	4.3977272727272725	15.386324786324787
26077	0.0	0.0	0.0	1.8171296296296295	0.0	0.0	1.025462962962963	6.316279069767442	0.0	12.915492957746478	2.6319444444444446	1.4583333333333333	0.0	1.1597222222222223	3.915492957746479	17.672727272727272	0.0	12.094043887147336	1.8764845605700713	16.009478672985782	0.0	0.0	2.8356481481481484	16.353801169590643
26078	0.0	0.8752834467120182	0.0	3.2628205128205128	0.0	0.0	0.0	1.9592233009708737	0.0	7.177753544165758	3.751802265705458	2.181318681318681	0.0	0.0	2.988095238095238	9.422200198216055	0.0	6.430698739977091	1.5564803804994054	17.720504009163804	0.0	0.0	5.074175824175824	16.781634938409855
26079	0.0	3.8849557522123894	0.0	0.46607669616519176	1.2861356932153392	0.0	1.4365781710914454	3.6457564575645756	0.0	6.953125	4.957081545064377	0.0	0.0	0.0	4.244837758112094	11.856707317073171	0.0	1.955223880597015	0.0	10.875862068965517	0.0	0.0	2.421828908554572	19.198501872659175
26080	0.0	1.8019169329073483	0.0	3.2039573820395737	0.0	0.0	1.7275862068965517	2.0654490106544903	0.0	9.468315301391035	3.7455621301775146	0.0563165905631659	0.0	0.0	4.110569105691057	6.193037974683544	0.0	4.183770883054892	2.0290909090909093	18.02340093603744	0.0	0.0	3.6452599388379205	14.45131086142322
26081	0.0	1.625	0.0	3.4664371772805507	0.0	0.0	3.8963317384370018	1.1598023064250411	0.0	9.05815831987076	2.9210526315789473	0.0	0.0	0.0	3.0611916264090175	9.352649006622517	0.0	3.389393939393939	2.1984848484848483	16.98181818181818	0.0	0.0	7.036906854130053	12.437282229965156
26082	0.0	1.9265017667844524	0.0	3.433463035019455	0.0	0.0	1.9644128113879002	1.927719298245614	0.0	7.341715976331361	3.7637362637362637	0.0	0.0	0.0	5.207983193277311	7.496850393700788	0.0	6.210651828298887	2.682437275985663	17.94188679245283	0.0	0.0	4.36214953271028	15.834729626808835
26083	0.0	0.9285714285714286	0.0	0.0	0.0	0.0	1.0634920634920635	3.1253968253968254	0.0	4.819047619047619	0.6898047722342733	1.0952380952380953	0.0	0.0	6.43992606284658	7.7463503649635035	0.0	4.018487394957983	0.0	17.792035398230087	0.0	0.0	5.105360443622921	15.927835051546392
26084	0.0	0.0	0.0	0.0	0.0	0.0	0.9117647058823529	2.0	0.0	2.5784313725490198	0.37254901960784315	0.0	0.0	0.0	4.333333333333333	3.8333333333333335	0.0	1.0	0.0	13.1	0.0	1.2058823529411764	4.735294117647059	9.107843137254902
26085	0.0	2.4214876033057853	0.0	1.7768595041322315	0.10743801652892562	0.0	1.9862258953168044	1.3112947658402203	0.0	3.0859375	1.3101449275362318	0.0	0.0	0.0	2.868512110726644	8.625	0.0	1.9256198347107438	1.1542699724517906	8.775280898876405	0.0	0.0	5.016835016835016	14.015723270440251
26086	0.0	1.8007246376811594	0.0	1.036231884057971	0.0	0.0	0.0	0.07971014492753623	0.0	11.433333333333334	3.41044776119403	0.0	0.32608695652173914	0.0	4.797101449275362	6.442982456140351	0.0	3.3484162895927603	0.0	22.680555555555557	0.0	0.0	7.971014492753623	8.506726457399104
26087	0.0	0.0	0.0	1.696969696969697	0.0	0.0	0.18787878787878787	1.8424242424242425	0.0	8.385416666666666	1.0787878787878789	1.9393939393939394	0.0	0.0	2.4038461538461537	12.978813559322035	0.0	4.938511326860842	2.323170731707317	14.122605363984674	0.0	0.20606060606060606	6.092150170648464	19.226006191950464
26088	0.0	1.2668329177057356	0.0	1.690909090909091	0.0	0.0	2.5474747474747477	1.825278810408922	0.0	10.176755447941888	3.030269058295964	0.0	0.0	0.0	3.639160839160839	8.031042128603104	0.0	1.9938875305623471	0.7707070707070707	17.03514739229025	0.0	0.0	8.56135770234987	11.558389261744967
26089	0.0	0.0	0.0	1.81	0.0	0.0	3.723333333333333	0.0	0.0	5.904761904761905	0.0	1.0333333333333334	0.0	0.0	0.0	4.601374570446735	0.0	5.543333333333333	0.0	21.15057915057915	0.0	0.0	1.9533333333333334	17.186666666666667
26090	0.0	2.6784565916398715	0.0	1.0444444444444445	0.0	0.0	4.736111111111111	0.0	0.0	10.18909090909091	0.0	0.0	0.0	0.0	8.093373493975903	11.94277108433735	0.0	4.430555555555555	2.1055555555555556	13.842271293375394	0.0	0.0	8.269444444444444	18.40357142857143
26091	0.0	1.8	0.0	3.085714285714286	0.0	0.0	1.8930131004366813	0.7	0.0	5.540948275862069	5.158163265306122	0.0	0.0	0.0	4.213483146067416	5.478908188585608	0.0	7.216666666666667	0.9375	15.263157894736842	0.0	0.3125	4.835416666666666	10.739247311827956
26092	0.0	1.2724252491694352	0.0	1.1444444444444444	0.0	0.0	0.0	0.0	0.0	6.986440677966102	0.8444444444444444	0.0	0.0	0.0	1.6888888888888889	4.623728813559322	0.0	2.0722222222222224	1.0823863636363635	24.827361563517915	0.0	0.0	3.296511627906977	10.525
26093	0.0	0.4859437751004016	0.0	5.591111111111111	0.0	0.0	0.0	0.0	0.0	8.230392156862745	4.426829268292683	0.46586345381526106	0.0	0.0	5.236947791164659	12.305555555555555	0.0	3.6272727272727274	0.8232931726907631	15.15725806451613	0.0	0.0	5.221105527638191	17.594713656387665
26094	0.0	0.0	0.0	1.9465776293823038	0.0	0.0	0.5961871750433275	3.594553706505295	0.0	9.820301783264746	2.917832167832168	1.6008230452674896	0.0	0.0	5.626886145404664	10.185358255451714	0.0	5.690647482014389	3.796982167352538	18.723314606741575	0.0	0.0	5.745152354570637	14.423407917383821
26095	0.0	0.0	0.0	2.1312741312741315	0.0	0.0	3.0410334346504557	1.0940803382663848	0.0	8.077611940298507	3.867139959432049	0.0	0.0	0.0	3.5853174603174605	5.197928653624857	0.0	2.3167870036101084	0.8823529411764706	8.712765957446809	0.0	0.0	3.985074626865672	13.071765816808309
26096	0.0	0.0	0.44352617079889806	1.6323943661971831	0.0	0.0	2.466171003717472	0.0	0.0	8.611756168359943	3.7242401779095626	0.0	0.0	0.0	4.823134953897736	4.917786561264822	0.0	3.4213483146067416	0.8794765840220385	17.0	0.0	0.0	3.1220268872802484	13.899055918663763
26097	0.09836065573770492	0.5792349726775956	0.0	4.884615384615385	0.0	0.0	2.169398907103825	0.0	0.0	6.511904761904762	8.82857142857143	0.0	0.0	0.0	7.092896174863388	9.049180327868852	0.0	4.540983606557377	1.6174863387978142	4.314465408805032	0.0	0.0	5.072992700729927	11.761006289308176
26098	0.0	0.0	0.9056603773584906	2.910569105691057	0.0	0.0	2.018867924528302	0.6792452830188679	0.0	5.730769230769231	2.813953488372093	0.0	0.0	0.0	3.0476190476190474	7.668918918918919	2.4654088050314464	2.6540880503144653	4.432624113475177	17.58823529411765	0.0	0.0	0.0	10.172413793103448
26099	0.0	0.0	0.0	4.5777777777777775	0.0	0.0	0.0	2.488888888888889	0.0	5.985074626865671	0.0	0.0	0.0	0.0	5.4375	9.08	0.0	2.809917355371901	1.2577777777777779	11.381720430107526	0.0	0.0	4.568888888888889	22.16759776536313
26100	0.0	1.0656934306569343	0.0	3.878361858190709	0.0	0.0	0.9005010737294202	1.9712230215827338	0.0	8.902234636871508	5.651030561478323	1.314148681055156	0.2158273381294964	0.0	5.5829383886255926	8.87211478477854	0.0	3.1311266709102483	1.4203102961918195	22.64616497829233	0.0	0.0	3.63265306122449	20.241405082212257
26101	0.0	2.8811188811188813	0.0	1.9661016949152543	0.0	0.0	0.0	0.0	0.0	5.930320150659134	0.0	0.0	0.0	0.0	0.9140350877192982	3.0562770562770565	0.0	1.0175438596491229	0.9052631578947369	4.578838174273859	0.0	0.0	2.4713216957605986	2.1731266149870803
26102	0.0	0.0	0.0	4.3784219001610305	0.0	0.0	1.8060897435897436	0.0	0.0	4.4778012684989426	5.881516587677726	0.1858974358974359	0.0	0.7003205128205128	3.6437389770723105	7.948176583493282	0.0	4.908653846153846	0.0	12.851485148514852	0.0	0.0	4.668269230769231	12.834470989761092
26103	0.0	0.0	0.0	3.1705426356589146	0.0	0.0	0.0	0.0	0.0	2.86046511627907	3.9069767441860463	0.0	0.0	0.0	2.310077519379845	6.339285714285714	0.0	2.434108527131783	0.0	7.635658914728682	0.0	0.0	7.90990990990991	11.864
26104	0.0	1.0666666666666667	0.0	3.1511627906976742	0.0	0.0	3.4814814814814814	0.0	0.0	3.324324324324324	4.437037037037037	0.8888888888888888	0.0	0.0	3.066666666666667	6.669354838709677	0.0	6.782608695652174	0.0	18.932038834951456	0.0	0.0	2.1333333333333333	14.902985074626866
26105	0.0	1.2645403377110693	0.05877413937867338	3.56478102189781	0.0	0.0	1.6887966804979253	2.0934393638170974	0.0	7.528949950932287	2.7479757085020244	0.6960537363560033	0.0	0.0	5.032347504621072	10.749268292682927	0.0	5.320422535211268	2.414423076923077	21.870435806831566	0.0	0.0	4.097716894977169	16.222979552093477
26106	0.0	0.7494646680942184	0.0	1.3382838283828382	0.0	0.0	1.8897196261682243	1.2622601279317698	0.0	8.181338028169014	0.0	0.0	0.0	0.0	4.224422442244224	2.128712871287129	0.0	2.660516605166052	3.550724637681159	13.153982300884955	0.0	0.0	3.1624713958810067	11.344884488448844
26107	0.0	1.1850699844479005	0.0	3.1282527881040894	0.0	0.0	0.5522174535050072	1.9647318148420279	0.0	4.853344768439108	3.3798283261802573	0.6909871244635193	0.0	0.0	3.4263233190271816	7.719591457753018	0.0	3.6266666666666665	0.5967153284671532	11.192688499619193	0.008583690987124463	0.0	3.1887550200803214	16.11028315946349
26108	0.0	1.081242532855436	0.0	3.0136752136752136	0.0	0.0	0.6072607260726073	1.837514934289128	0.0	2.6419213973799125	2.9697452229299364	0.0	0.0	0.0	3.1208499335989375	7.565113500597372	0.0	4.387448840381992	0.14695340501792115	11.826760563380281	0.0	1.2628434886499402	1.670375521557719	17.481638418079097
26109	0.0	4.962962962962963	2.2395833333333335	2.9583333333333335	0.0	0.0	2.8757062146892656	0.036458333333333336	0.0	8.924050632911392	6.348958333333333	1.0520833333333333	0.0	0.0	3.0104166666666665	6.602209944751381	0.0	6.6440677966101696	0.0	14.954545454545455	0.0	0.0	9.786516853932584	12.264516129032257
26110	0.0	1.3172905525846703	0.0	4.84133611691023	0.0	0.0	0.671604938271605	2.2522361359570664	0.0	5.244206773618538	5.541666666666667	0.94824016563147	0.0	0.0	6.004597701149425	9.227356746765249	0.0	3.4516728624535316	0.9090909090909091	13.286	0.0	0.0	3.983957219251337	9.742382271468143
26111	0.0	3.046740467404674	0.3991507430997877	3.282716049382716	0.0	0.0	1.7775	1.048832271762208	0.0	4.760900140646976	4.294762484774665	1.0711252653927814	0.0	0.0	1.8142235123367199	10.984165651644336	0.0	4.412151067323481	0.0	18.7196261682243	0.0	0.0	4.061994609164421	14.078947368421053
26112	0.0	4.584070796460177	0.0	1.4921630094043887	0.0	0.0	5.291497975708502	2.9240506329113924	0.0	7.03257328990228	3.9939759036144578	0.16224188790560473	0.0	0.0	5.412979351032448	9.114624505928854	0.0	9.751612903225807	1.4778761061946903	15.457227138643068	0.0	0.0	4.927536231884058	16.321533923303836
26113	0.0	1.8605200945626477	0.0	3.277227722772277	0.0	0.0	5.156368221941992	0.0	0.0	14.538461538461538	5.546142208774584	0.7221458046767538	0.0	0.0	3.9094955489614245	8.987637362637363	0.0	5.718009478672986	0.6879432624113475	15.137393767705383	0.0	0.0	4.260078023407022	16.210776545166404
26114	0.0	4.43859649122807	0.0	3.271386430678466	0.0	0.0	2.03834808259587	1.5575221238938053	0.0	3.6677740863787376	5.8810975609756095	2.1150442477876106	0.0	0.0	4.86969696969697	4.994100294985251	0.0	3.2949852507374633	1.7935103244837758	21.985250737463126	0.058997050147492625	0.0	5.780141843971631	16.265486725663717
26115	0.0	0.34050179211469533	0.9713261648745519	3.8394160583941606	0.0	0.0	4.832089552238806	0.3154121863799283	0.0	8.147058823529411	4.412087912087912	1.3942652329749103	0.0	0.0	5.329501915708812	4.507772020725389	0.0	2.7865612648221343	3.411290322580645	12.375586854460094	0.0	0.7096774193548387	3.842696629213483	10.550898203592814
26116	0.0	12.25	0.6979166666666666	7.037735849056604	0.8779661016949153	0.0	7.46027397260274	8.702412868632708	0.0	22.501672240802677	8.306282722513089	4.010958904109589	0.0	0.0	21.88095238095238	15.30795847750865	0.0	9.765822784810126	3.1458333333333335	47.63525835866261	1.0104166666666667	1.4641350210970465	14.182098765432098	26.564738292011018
26117	0.0	6.169398907103825	0.0	4.601049868766404	0.0	0.0	3.868766404199475	3.253086419753086	0.7900262467191601	11.812925170068027	6.861818181818182	1.3543307086614174	0.0	1.8556430446194225	8.118840579710145	16.621451104100945	0.0	14.112676056338028	5.482993197278912	33.11437908496732	0.0	0.9973753280839895	6.4021739130434785	26.942257217847768
26118	0.0	0.0	0.0	0.7764705882352941	0.0	0.0	2.003921568627451	1.5294117647058822	0.0	8.79607843137255	4.1607843137254905	1.8784313725490196	0.0	0.19215686274509805	3.6926406926406927	10.701960784313725	0.0	1.0300751879699248	3.7294117647058824	10.65702479338843	0.0	0.03529411764705882	6.188340807174888	11.51131221719457
26119	0.0	4.141552511415525	0.0	0.7488584474885844	0.0	0.0	1.643835616438356	1.3287671232876712	0.0	3.876190476190476	1.0459770114942528	0.3835616438356164	1.8310502283105023	0.0	3.5114155251141552	3.634703196347032	0.0	2.036529680365297	0.3378995433789954	12.186746987951807	0.0	0.0	3.1187214611872145	17.020689655172415
26120	0.0	0.9110787172011662	0.34461152882205515	2.7241379310344827	0.0	0.0	2.9099216710182767	1.6228070175438596	0.0	7.76043068640646	3.4555873925501435	0.9712041884816754	0.0	0.0	5.863636363636363	11.352845528455285	0.0	1.838879159369527	0.0	20.382731958762886	0.0	0.3533834586466165	3.856508875739645	16.06675749318801
26121	0.0	0.6774193548387096	1.082437275985663	2.572139303482587	0.0	0.0	0.3918918918918919	1.4946236559139785	0.0	6.611721611721611	1.6236559139784945	0.0	0.0	0.0	2.205	6.102678571428571	0.0	5.093189964157706	0.0	10.858921161825727	0.0	1.5806451612903225	3.2688172043010755	12.086580086580087
26122	0.0	1.069790628115653	0.0	1.75626204238921	0.0	0.0	1.256276150627615	2.215702479338843	0.0	5.903985507246377	2.3194588969823102	0.0	0.0	0.0	5.016839378238342	9.777976723366159	0.0	2.6066390041493777	0.0	18.095726495726495	0.0	0.0	4.752604166666667	16.77058279370953
26123	0.0	1.878787878787879	0.7151515151515152	6.022388059701493	0.0	0.0	5.609090909090909	1.3181818181818181	0.0	1.9583333333333333	2.9	0.0	0.0	0.0	5.946666666666666	13.288537549407115	0.0	3.8353658536585367	1.5	26.45528455284553	0.0	0.0	8.348484848484848	17.355072463768117
26124	0.0	1.6493506493506493	0.0	3.5757575757575757	0.0	0.0	4.216867469879518	1.8181818181818181	0.0	11.013953488372094	0.9503105590062112	3.8578199052132702	0.0	0.0	6.577464788732394	7.047826086956522	0.0	7.733695652173913	0.0	18.882882882882882	0.0	0.0	5.271084337349397	17.523809523809526
26125	0.0	4.470370370370371	0.0	6.236	0.1259259259259259	0.0	3.4840182648401825	3.761111111111111	0.0	10.6203007518797	8.012448132780083	0.6037037037037037	0.23703703703703705	0.0	6.608	11.153061224489797	0.0	3.643122676579926	1.262962962962963	16.488888888888887	0.0	0.0	3.8520179372197307	24.54326923076923
26126	0.0	0.0	0.0	3.097802197802198	0.0	0.0	1.7274352100089365	0.7418300653594772	0.0	4.7899239543726235	1.658450704225352	0.0	0.0	0.0	2.28125	9.38937093275488	0.0	2.247320692497939	0.3983353151010702	11.387010676156583	0.0	0.0	3.9166666666666665	15.748375116063139
26127	0.0	1.4723004694835682	0.0	3.937680323139065	0.0	0.0	1.3797909407665505	2.1026004728132386	0.0	6.570028818443804	3.723981900452489	0.9112676056338028	0.0	0.0	3.804864864864865	9.787803668815071	0.0	4.832242712671029	0.5333333333333333	17.45541591861161	0.0	0.0	4.1592689295039165	15.133846153846154
26128	0.0	1.4031100478468899	0.0	4.337331334332833	0.0	0.0	2.030095759233926	3.4280821917808217	0.0	11.02295918367347	1.896923076923077	0.9699248120300752	0.0	0.0	5.8751608751608755	8.9088	0.0	4.239048811013768	1.2579310344827586	17.86631016042781	0.0	0.0	3.609042553191489	11.702337023370234
26129	0.0	1.8975535168195719	0.0	5.606456571867794	0.0	0.0	3.814574898785425	1.8318042813455657	0.0	9.496742671009772	5.017213114754099	1.2285932721712538	0.0	0.0	6.903648269410664	7.0362381363244175	0.0	6.006525285481239	2.6283941039565555	16.71690895179801	0.0	0.0	5.904347826086957	19.02377300613497
26130	0.0	2.140151515151515	0.38636363636363635	1.9457142857142857	0.0	0.0	3.0	1.393939393939394	0.0	5.665178571428571	5.972916666666666	0.0	0.0	0.06439393939393939	4.294736842105263	8.441287878787879	0.0	5.214925373134329	1.4409937888198758	12.507905138339922	0.0	0.0	4.801075268817204	13.188481675392671
26131	0.0	0.0	0.26666666666666666	3.5025641025641026	0.0	0.0	3.6506849315068495	1.7025641025641025	0.0	9.536423841059603	1.7512820512820513	0.0	0.0	0.0	0.9564102564102565	8.195845697329377	0.0	4.15015015015015	0.28717948717948716	17.16734693877551	0.0	0.0	6.247311827956989	15.612637362637363
26132	0.0	1.44	0.0	0.952286282306163	0.0	0.0	1.5393258426966292	0.0	0.0	9.08735632183908	3.9401496259351623	0.0	0.0	0.0	2.0594713656387666	6.571739130434783	0.0	2.4953271028037385	1.2097378277153559	16.88576779026217	0.0	0.0	2.4054054054054053	11.0962441314554
26133	0.0	0.7559808612440191	0.84765625	1.8803827751196172	0.0	0.0	2.6771378708551485	3.816949152542373	0.011164274322169059	5.874517374517374	3.46677471636953	1.3045774647887325	0.0	0.0	3.5094664371772804	14.173357664233576	0.0	8.880701754385965	2.256931608133087	19.642233856893544	0.0	0.0	3.9084745762711863	18.092672413793103
26134	0.0	2.264073694984647	0.0	3.1338951310861423	0.0	0.0	1.72015503875969	2.6977466977466977	0.0	8.264788732394367	3.908055329536208	2.000827129859388	0.0	0.0	4.905484247374562	9.668320926385443	0.0	4.563189143341815	1.6015503875968993	14.119402985074627	0.0	0.0	6.133014354066986	14.800385728061716
26135	0.0	1.5381679389312977	0.0	1.9491094147582697	0.0	0.0	1.7146529562982005	2.5114503816793894	0.0	6.3263009845288325	2.7828492392807744	1.0038167938931297	0.0	0.0	3.8287373004354137	9.177570093457945	0.0	3.385214007782101	0.8826025459688827	20.39572192513369	0.0	0.0	4.08446455505279	20.38310708898944
26136	0.0	1.3830985915492957	0.0	2.6282722513089007	0.0	0.0	2.0093896713615025	3.3863636363636362	0.0	10.425133689839573	1.6603260869565217	2.053763440860215	0.0	0.0	2.817204301075269	9.671910112359551	0.0	4.911680911680912	3.8301075268817204	22.512064343163537	0.0	0.0	7.877505567928731	17.054726368159205
26137	0.0	3.439655172413793	0.0	4.355345911949685	0.0	0.0	1.5404530744336569	2.3240469208211145	0.0	11.723370429252782	1.837920489296636	1.757183908045977	0.0	0.0	4.952743902439025	9.845181674565561	0.0	1.8635057471264367	2.8111658456486044	20.032258064516128	0.0	0.0	4.4266441821247895	16.146875
26138	0.0	1.1235772357723577	0.3170731707317073	6.933789954337899	0.0	0.0	1.9037328094302555	1.7692307692307692	0.0	12.57243816254417	7.302284710017575	0.6403846153846153	0.0	0.0	8.990243902439024	9.342047930283224	0.0	4.089613034623218	2.029268292682927	17.127744510978044	0.0	0.0	1.799625468164794	13.004494382022472
26139	0.0	1.0422374429223744	0.0	2.87369985141159	0.0	0.0	1.5837837837837838	1.7568493150684932	0.0	7.78	2.089041095890411	1.9707317073170731	0.0	0.0	4.841448189762796	11.708963911525029	0.09817351598173515	2.6890862944162435	0.0	17.959761549925485	0.0	0.0	2.909090909090909	15.934189406099518
26140	0.0	0.0	0.0	1.782857142857143	0.0	0.0	0.8104761904761905	2.031217481789802	0.0	8.0069848661234	4.75	0.9367875647668393	0.0	0.0	4.669593852908891	7.778021978021978	0.0	5.153386454183267	1.7066666666666668	18.996138996138995	0.0	0.0	4.525600835945664	16.98076923076923
26141	0.0	0.0	0.0	0.7586206896551724	0.0	0.0	1.0171821305841924	0.9072164948453608	0.0	10.235521235521235	6.155378486055777	0.0	0.0	0.0	3.642611683848797	8.301255230125523	0.0	5.446969696969697	1.8213058419243986	26.212435233160623	0.0	0.0	3.3654618473895583	11.899253731343284
26142	0.0	1.6630434782608696	0.0	0.0	0.0	0.0	0.0	0.0	0.0	3.7309417040358746	0.0	0.0	0.0	0.0	3.5760869565217392	1.469090909090909	0.0	0.0	0.0	6.159420289855072	0.0	0.0	0.0	0.7927461139896373
26143	0.20915032679738563	0.0	0.0	3.34640522875817	0.0	0.0	0.9411764705882353	3.236641221374046	0.0	1.8496732026143792	4.862745098039215	0.8627450980392157	0.0	0.0	0.6535947712418301	4.437908496732026	0.0	2.3006535947712417	1.3986928104575163	9.657718120805368	0.0	0.6339869281045751	3.7908496732026142	11.934782608695652
26144	0.0	3.9200913242009134	0.0	6.8426573426573425	0.0	0.0	8.487935656836461	4.5337243401759535	0.0	16.405555555555555	9.252396166134185	2.4406392694063928	0.0	1.1415525114155252	11.53225806451613	21.22108843537415	0.0	10.906921241050119	4.051150895140665	51.7469512195122	0.0	0.0	13.23989898989899	39.195238095238096
26145	0.0	0.0	0.0	4.483471074380165	1.3159041394335511	0.0	1.4270152505446623	0.0	0.0	5.3871733966745845	2.892768079800499	0.8627450980392157	0.0	0.0	5.549019607843137	6.514161220043573	0.0	2.9804469273743015	1.2570806100217864	10.54858934169279	0.0	0.0	7.243975903614458	13.986928104575163
26146	0.0	0.8222222222222222	0.0	2.2933333333333334	0.0	0.0	3.4335664335664338	0.0	0.0	12.463276836158192	0.0	3.296774193548387	0.0	0.0	6.365979381443299	7.497536945812808	0.0	10.672897196261681	0.0	17.23152709359606	0.0	0.0	6.0542986425339365	15.58108108108108
26147	0.0	0.0	0.08823529411764706	3.0408163265306123	0.0	0.0	4.112745098039215	1.4746666666666666	0.0	15.95343137254902	4.297814207650274	1.799472295514512	0.5196078431372549	0.0	8.840848806366047	10.931372549019608	0.0	5.775910364145658	2.0275229357798166	31.120098039215687	0.0	0.0	9.404411764705882	18.079601990049753
26148	0.0	1.9670542635658914	0.0	2.252049180327869	0.0	0.0	2.174358974358974	4.903940886699507	0.0	13.171875	1.5906040268456376	0.75	0.0	0.0	4.937037037037037	13.090909090909092	0.0	2.1796296296296296	0.0	18.611386138613863	0.0	0.0	5.843657817109144	19.042105263157893
26149	0.0	2.8001867413632118	0.0	3.749189189189189	0.0	0.0	3.6786060019361084	1.9766970618034447	0.0	11.703219315895373	4.936989498249709	1.973856209150327	0.0	0.0	9.225841476655809	7.837235228539576	0.0	8.253998118532456	2.9325714285714284	25.06834030683403	0.0	0.0	6.708683473389356	20.700778642936598
26150	0.0	1.0875912408759123	0.0	1.8006042296072509	0.0	0.0	2.964516129032258	0.39902676399026765	0.0	8.401459854014599	6.021897810218978	0.20924574209245742	0.0	0.0	2.896551724137931	7.823076923076923	0.0	5.642335766423358	1.5158150851581509	8.339622641509434	0.0	1.416058394160584	1.4695863746958637	6.827930174563591
26151	0.0	2.794037940379404	0.0	2.6377551020408165	0.0	0.0	1.2320441988950277	0.7073170731707317	0.0	6.996363636363636	0.6327433628318584	0.0	0.0	0.22764227642276422	0.7967479674796748	3.7291666666666665	0.0	2.368563685636856	0.0	2.1049382716049383	0.0	0.23848238482384823	1.5718157181571815	6.158620689655172
26152	0.0	2.1203170028818445	0.0	6.587360594795539	0.0	0.0	2.3327908868999185	1.2759856630824373	0.0	15.371534195933457	2.585237258347979	1.731818181818182	0.0	0.0	9.057863501483679	10.42162615255658	0.0	6.232673267326732	4.029245283018868	30.271428571428572	0.0	0.3634408602150538	9.174880763116057	23.017437452615617
26153	0.0	0.7980456026058632	2.2118380062305296	1.1370967741935485	0.557632398753894	0.0	1.1626297577854672	2.2429906542056073	0.0	8.87	3.2274143302180685	0.0	0.0	0.0	4.914285714285715	9.087248322147651	0.0	6.691588785046729	1.0973154362416107	18.84423676012461	0.0	0.0	9.495145631067961	14.100502512562814
26154	0.0	2.178743961352657	0.05314009661835749	5.6141732283464565	0.0	0.0	1.3864734299516908	2.1932367149758454	0.0	11.736585365853658	6.246376811594203	0.0	0.0	0.34299516908212563	5.101449275362318	8.623188405797102	0.0	0.7874396135265701	2.7971014492753623	14.966183574879228	0.4057971014492754	0.0	8.38647342995169	11.55
26155	0.0	1.0839328537170263	0.0	0.7146282973621103	0.0	0.0	0.0	0.0	0.0	7.865482233502538	1.0748792270531402	2.7937649880095923	0.0	0.0	3.428169014084507	6.056930693069307	0.0	2.8529411764705883	1.7793764988009593	12.402816901408451	0.0	0.0	3.0071942446043165	17.387596899224807
26156	0.0	1.3653333333333333	0.0	3.406222222222222	0.0	0.0	0.8175598631698974	1.3048780487804879	0.0	5.086629001883239	5.230676328502415	0.176	0.0	0.0	5.004524886877828	6.0	0.0	5.475113122171946	0.6750972762645915	13.053861788617887	0.0	0.0	2.881165919282511	18.98316183348924
26157	0.0	1.048780487804878	0.0	2.939325842696629	0.0	0.0	1.1247357293868923	3.582750582750583	0.0	7.662946428571429	1.863821138211382	2.341463414634146	0.0	0.0	5.9411764705882355	7.672897196261682	0.0	3.6952380952380954	0.0	20.387951807228916	0.0	0.0	4.272972972972973	16.01023890784983
26158	0.0	0.0	0.0	1.9188405797101449	0.0	0.0	2.0057971014492755	1.0289855072463767	0.0	7.809352517985611	2.813953488372093	0.4666666666666667	0.0	0.0	4.817391304347826	6.907246376811594	0.9797101449275363	1.6202898550724638	1.6579710144927535	7.0242914979757085	0.0	0.0	2.9304347826086956	12.07396449704142
26159	0.0	0.0	0.0	1.2518518518518518	0.0	0.0	1.8074074074074074	1.037037037037037	0.0	9.435114503816793	2.2222222222222223	0.0	0.0	0.0	8.231707317073171	19.263157894736842	0.0	1.8592592592592592	0.0	8.555555555555555	0.0	0.0	2.859259259259259	10.916666666666666
26160	0.0	0.0	0.0	2.0382513661202184	0.0	0.0	0.0	1.6307692307692307	0.0	6.21015761821366	1.2017094017094017	2.454700854700855	0.0	0.0	4.781456953642384	4.641732283464567	0.0	6.921367521367522	2.594642857142857	17.264270613107822	0.0	0.0	3.197979797979798	14.03012048192771
26161	0.0	2.542579075425791	0.0	1.294871794871795	0.11678832116788321	0.0	3.752808988764045	0.0	0.0	8.090909090909092	3.613013698630137	1.6204379562043796	0.0	0.0	12.695431472081218	24.39482200647249	0.0	5.768194070080862	3.433048433048433	41.60458452722063	0.0	0.0	7.819277108433735	19.42222222222222
26162	0.0	3.6598984771573604	0.0	4.2885906040268456	0.0	0.0	4.482352941176471	5.434782608695652	0.0	5.697777777777778	2.496124031007752	4.466666666666667	0.0	0.0	5.604444444444445	11.53072625698324	0.0	5.04390243902439	7.303571428571429	35.7887323943662	0.0	0.0	5.013333333333334	34.03731343283582
26163	0.0	1.5625	0.0	6.982646420824295	0.0	0.0	3.9313850063532403	2.1913875598086126	0.0	10.546762589928058	9.836538461538462	1.643162393162393	0.0	0.6346153846153846	7.459546925566343	10.04630788485607	0.0	3.0406607369758576	1.974009900990099	20.406130268199234	0.0	0.07158119658119658	5.120443740095087	17.332541567695962
26164	0.0	2.1518817204301075	0.0	1.168848167539267	0.02965599051008304	0.0	2.1162514827995254	1.863031914893617	0.0	11.572715572715573	1.2755775577557755	1.704626334519573	0.0	0.0	3.838150289017341	8.779829545454545	0.0	6.4868421052631575	1.2467105263157894	24.67917675544794	0.0	0.9157769869513642	5.945569620253164	20.550925925925927
26165	0.0	2.035623409669211	0.0	3.5355191256830603	0.49363867684478374	0.0	2.5216284987277353	0.7905405405405406	0.0	11.061046511627907	4.072555205047319	0.0	0.0	0.0	8.976666666666667	6.997142857142857	0.0	5.970189701897019	0.41475826972010177	17.273529411764706	0.0	0.0	4.872262773722627	13.4070796460177
26166	0.0	1.5608391608391607	1.2310469314079422	4.737665463297232	0.0	0.0	2.0481347773766547	1.9511002444987775	0.0	11.879663056558364	3.7911227154046996	1.9927797833935017	0.0	0.0	3.2170639899623588	6.187250996015936	0.0	3.146376811594203	2.3935018050541514	27.377171215880892	0.0	0.0	7.509142053445851	12.583201267828843
26167	0.0	3.130081300813008	0.0	0.8943089430894309	0.0	0.0	3.073170731707317	0.7560975609756098	0.0	11.05857740585774	0.0	0.6991869918699187	0.0	0.0	3.4482758620689653	8.668965517241379	0.0	3.4174311926605503	3.686991869918699	21.383561643835616	0.5203252032520326	0.0	0.6504065040650406	12.146341463414634
26168	0.0	0.564625850340136	0.0	2.0510204081632653	0.0	0.0	0.04081632653061224	0.5136054421768708	0.0	7.072	2.6904761904761907	1.5578231292517006	0.0	0.0	2.0272108843537415	3.6134751773049647	0.0	4.971119133574007	0.0	15.821428571428571	0.0	0.8979591836734694	1.1902985074626866	12.423664122137405
26169	0.0	2.4895287958115184	0.0	2.2216494845360826	0.0	0.0	1.4433443344334433	3.926791277258567	0.0	6.162962962962963	4.475706214689265	1.3463414634146342	0.0	0.0	3.7414741474147415	9.659971305595409	0.0	7.012222222222222	2.6511627906976742	19.698309492847855	0.0	0.0	4.7155049786628735	11.391908975979772
26170	0.0	1.4990019960079841	0.0	1.6646666666666667	0.0	0.0	1.8382204246713851	1.4536239229599595	0.0	7.025625	1.703448275862069	1.0347263095938788	0.0	0.0	3.9922520661157024	6.822118587608261	0.0	3.654782116581777	0.0	22.88486842105263	0.0	0.0	3.8485200232153223	16.03435114503817
26171	0.0	0.9494773519163763	0.0	2.0104790419161676	0.0	0.0	1.1780575539568345	0.0	0.0	3.6440944881889763	3.7309292649098476	1.7254335260115607	0.48686030428769017	0.0	1.3001658374792704	10.545886075949367	0.0	5.2234375	2.8033898305084746	23.539837398373983	0.0	0.0	5.788519637462236	14.169520547945206
26172	0.0	0.0	0.0	4.056291390728477	0.0	0.0	0.7950219619326501	2.125993189557321	0.0	10.831223628691983	2.2548794489093	0.0	0.0	0.0	2.8845654993514915	10.726467331118494	0.0	4.841099163679809	0.9309090909090909	17.264705882352942	0.0	0.0	1.7408963585434174	22.88005215123859
26173	0.0	1.3522388059701493	0.0	1.8981173864894796	0.0	0.2920035938903863	0.0	1.527403414195867	0.0	8.666666666666666	3.8409311348205626	1.4228187919463087	0.0	0.0	1.7635782747603834	10.109201213346815	0.0	3.5556872037914693	2.127583108715184	11.181818181818182	0.0	0.0	1.9197860962566844	16.72746553552492
26174	0.0	0.9193548387096774	0.0	1.9070048309178744	0.0	0.0	1.5579710144927537	1.6183574879227054	0.0	8.199740596627755	3.7016434892541086	0.0	0.0	0.0	3.5328376703841387	7.5182926829268295	0.0	4.375886524822695	1.0531400966183575	9.811808118081181	0.0	0.0	2.1884057971014492	15.218551461245236
26175	0.0	0.779269202087994	0.0	1.8379310344827586	0.0	0.0	1.6120556414219473	2.9783588818755637	0.0	7.116680361544782	2.3715728715728717	0.6435786435786436	0.0	0.0	3.2445820433436534	7.480613893376414	0.0	6.4680497925311204	0.9977358490566037	16.172901080631753	0.0	0.0	2.1727659574468086	14.752167630057803
26176	0.0	0.14363143631436315	1.1761517615176151	2.205962059620596	0.7804878048780488	0.0	0.0	1.1681957186544343	0.0	10.972809667673715	1.2274247491638797	0.0	0.6910569105691057	0.0	3.4742547425474255	3.69054441260745	0.0	3.2222222222222223	3.9961089494163424	15.831501831501832	0.0	0.8130081300813008	5.235772357723577	9.616519174041297
26177	0.0	1.4953051643192488	0.0	1.8215962441314555	0.09389671361502347	0.0	1.8561320754716981	0.0	0.0	5.46830985915493	2.1549295774647885	0.13615023474178403	0.0	0.0	3.516431924882629	8.62716049382716	0.0	2.887218045112782	1.1737089201877935	15.137313432835821	0.0	0.0	2.1279620853080567	13.665
26178	0.0	1.0320512820512822	0.0	2.3548387096774195	0.0	0.0	0.8824921135646687	0.5569800569800569	0.0	9.85480943738657	1.5633903133903133	0.0	0.0	0.0	4.368421052631579	7.019693654266958	0.0	2.9105367793240555	1.5663636363636364	19.245833333333334	0.0	0.0	2.92797783933518	17.914012738853504
26179	0.0	0.0	0.0	0.0	0.0	0.0	0.0	0.0	0.0	1.2569444444444444	0.0	0.0	0.0	0.0	0.0	0.0	0.0	0.0	0.0	0.1597222222222222	0.0	0.0	0.0	2.173611111111111
26180	0.0	3.2368214004720692	0.0	6.080267558528428	0.0	0.0	1.8883534136546185	1.9227871939736347	0.0	8.269131556319863	2.2018099547511314	2.2448036951501154	0.5789068514241724	0.0	5.906363636363636	7.934893184130214	0.0	4.251566696508505	2.616681455190772	22.041052631578946	0.0	0.976905311778291	6.95141065830721	17.542701863354036
26181	0.0	0.7936507936507936	0.8698412698412699	6.038915094339623	0.0	0.0	3.9612518628912072	0.6787790697674418	0.0	6.885604113110539	4.239048811013768	1.964021164021164	0.0	0.0	8.886308068459657	10.622474747474747	0.0	10.330558858501783	4.698154180238871	21.04172274562584	0.0	0.0	8.144055944055944	21.402660217654173
26182	0.0	2.8465227817745804	0.0	5.324390243902439	0.0	0.0	6.276041666666667	3.496969696969697	0.0	9.104868913857677	0.0	1.8609112709832134	0.0	0.0	5.405555555555556	9.60062893081761	0.0	1.662125340599455	1.530612244897959	19.559726962457336	0.0	0.0	4.298507462686567	13.085
26183	0.0	0.5964912280701754	0.4946236559139785	2.303763440860215	0.0	0.0	4.071917808219178	0.3064516129032258	0.0	11.231182795698924	3.167202572347267	1.9516129032258065	0.0	0.0	6.852150537634409	7.1456582633053225	0.0	5.078947368421052	1.00390625	13.087452471482889	0.0	0.0	4.217741935483871	11.67
26184	0.0	2.2853333333333334	0.0	6.612021857923497	0.0	0.0	3.0373563218390807	0.49130434782608695	0.0	7.800539083557951	9.717333333333332	2.6785714285714284	0.8233438485804416	0.0	6.8	13.12639405204461	0.0	12.0561797752809	6.580327868852459	23.19622641509434	0.0	0.0	5.71976401179941	28.94
26185	0.0	1.5856992639327023	0.0	4.19376026272578	0.0	0.0	3.0723684210526314	2.5005257623554153	0.0	7.897228637413395	1.9840490797546013	2.214797136038186	0.0	0.0	5.912723449001051	15.540962288686606	0.0	4.36076817558299	0.9200841219768665	23.056488549618322	0.0	0.0	4.3991655076495135	18.90507152145644
26186	0.0	2.5254901960784313	0.8117647058823529	12.222222222222221	0.0	0.0	4.323699421965318	7.118577075098814	0.3607843137254902	11.273743016759777	3.071729957805907	0.48878923766816146	1.3764705882352941	0.0	10.47549019607843	11.740331491712707	0.0	7.807486631016043	5.180392156862745	18.689873417721518	0.0	0.0	15.838709677419354	34.46341463414634
26187	0.0	0.9488304093567251	0.8703862660944206	4.965613382899628	0.0	0.0	2.3510235026535256	1.0007993605115908	0.0	7.071895424836601	4.711555959963603	1.825063078216989	0.0	0.0	4.857142857142857	7.799805636540331	0.0	5.20450885668277	1.164624808575804	22.82110469909316	0.5307017543859649	0.0	6.0899067005937235	19.700274977085243
26188	0.0	1.5777777777777777	0.9037037037037037	4.481343283582089	0.0	0.0	0.6814814814814815	0.0	0.0	7.137037037037037	3.8962962962962964	0.16296296296296298	0.0	0.0	4.19634703196347	6.9	0.0	7.981308411214953	1.0962962962962963	20.518828451882847	0.0	0.0	2.897233201581028	4.148148148148148
26189	0.0	0.8309178743961353	0.0	4.748792270531401	0.0	0.0	2.21256038647343	3.036231884057971	0.0	11.49079754601227	3.770348837209302	3.739130434782609	0.0	0.0	5.3427672955974845	12.954022988505747	0.0	6.857142857142857	2.4879227053140096	16.621993127147768	0.0	0.0	7.688405797101449	25.043478260869566
26190	0.0	0.0	0.8444444444444444	5.622222222222222	0.0	0.0	2.5722222222222224	0.0	0.0	7.251655629139073	0.06666666666666667	0.0	0.0	0.0	1.8111111111111111	9.633333333333333	0.0	5.066666666666666	0.0	17.138613861386137	0.0	0.0	2.4444444444444446	7.66887417218543
26191	0.0	0.0	0.0	2.0663956639566394	0.0	0.0	1.1246612466124661	1.593167701863354	0.0	6.235294117647059	2.948509485094851	0.0	0.0	0.0	4.176056338028169	9.726844583987441	0.0	1.9684385382059801	0.0	9.853736089030207	0.0	0.08807588075880758	3.255813953488372	10.967465753424657
26192	0.0	0.0	0.0	7.154545454545454	0.0	0.0	2.65359477124183	0.0	0.0	11.383838383838384	4.4640522875816995	0.7843137254901961	0.0	0.0	2.7320261437908497	4.117647058823529	0.0	1.9263157894736842	0.0	11.208955223880597	0.0	0.0	3.9869281045751634	9.102739726027398
26193	0.0	0.6393939393939394	0.0	4.389694041867955	0.0	0.0	2.018181818181818	0.0	0.0	6.434325744308231	3.6729776247848536	1.3614678899082568	0.0	0.0	6.414364640883978	10.927244582043343	0.0	1.9728682170542635	0.0	16.772486772486772	0.0	0.0	3.4803030303030305	13.648936170212766
26194	0.0	0.9398907103825137	4.087431693989071	2.0273224043715845	0.0	0.0	1.0655737704918034	0.0	0.0	10.907894736842104	4.644808743169399	0.0	0.0	0.0	5.810055865921788	17.462809917355372	0.0	1.0710382513661203	2.169398907103825	27.28099173553719	0.0	0.0	2.841530054644809	23.64748201438849
26195	0.0	1.217910447761194	0.0	5.513274336283186	0.0	0.0	2.3569321533923304	0.9967948717948718	0.0	13.358078602620088	3.303834808259587	1.0678466076696165	0.0	0.0	7.191740412979351	9.214953271028037	0.0	8.495522388059701	4.489675516224189	23.50147492625369	0.0	0.0	13.116182572614107	16.18430034129693
26196	0.0	0.8661417322834646	0.0	3.132275132275132	0.0	0.0	10.196850393700787	4.571428571428571	0.0	6.649122807017544	2.6984126984126986	0.6137566137566137	0.6931216931216931	0.0	5.089285714285714	5.0137931034482754	0.0	5.096774193548387	0.0	12.60135135135135	0.0	0.0	3.7777777777777777	11.755725190839694
26197	0.0	4.333333333333333	0.0	2.550724637681159	0.0	0.0	3.5242718446601944	0.0	0.0	4.913043478260869	2.945945945945946	0.0	0.0	0.0	6.231884057971015	13.065217391304348	0.0	1.4466019417475728	1.8043478260869565	26.201612903225808	0.0	0.0	5.601449275362318	17.719298245614034
26198	0.0	0.6504854368932039	0.0	2.564373897707231	0.0	0.0	3.112	2.239130434782609	0.0	5.809345794392524	4.179138321995465	0.948220064724919	0.0	0.0	6.230769230769231	7.290672451193059	0.0	2.600665557404326	4.828478964401294	21.001751313485112	0.0	0.0	3.092391304347826	10.657640232108317
26199	0.0	0.0	0.0	2.889830508474576	0.22033898305084745	0.0	2.0875706214689265	0.0	0.0	7.58273381294964	2.06508875739645	1.3192090395480225	0.0	0.0	3.617940199335548	4.402390438247012	0.0	3.970059880239521	0.480225988700565	12.365930599369085	0.0	0.0	1.9003831417624522	5.5
26200	0.0	0.7799671592775042	0.0	0.9392446633825944	0.8932676518883416	0.0	1.3638095238095238	0.0	0.0	2.4	3.2798573975044563	2.0985221674876846	0.0	0.0	1.7832512315270936	2.150462962962963	0.0	2.8542713567839195	0.9064039408866995	12.301498127340825	0.0	0.0	3.779896013864818	8.607843137254902
26201	0.0	0.8192918192918193	0.0	1.9255189255189256	0.0	0.0	1.1514041514041513	1.1355311355311355	0.0	6.170795306388527	1.9441707717569787	0.0	0.0	0.0	2.9840989399293285	6.940828402366864	0.0	7.136752136752137	0.9431216931216931	13.041237113402062	0.14896214896214896	0.0	3.1847389558232932	13.124098124098124
26202	0.0	0.0	0.0	0.9087809036658141	0.0	0.0	0.9211711711711712	0.0	0.0	6.441935483870968	2.4271771771771773	0.0	0.03453453453453453	0.0	5.593531468531468	6.987694831829368	0.0	2.8865355521936458	0.8706697459584296	16.184615384615384	0.0	0.0	5.179551122194514	11.883479648842778
26203	0.0	2.2367168913560667	0.9409722222222222	3.5117845117845117	0.0	0.0	2.9263803680981595	2.2022222222222223	0.0	11.732996323529411	3.2848629320619787	0.0	0.0	0.0	5.075980392156863	9.850488354620586	0.0	5.220810166799047	1.9661928543987706	21.004657070279425	0.0	0.0	5.894316580554251	19.12212529738303
26204	0.0	1.575858250276855	0.0	3.6563517915309447	0.0	0.0	2.731102850061958	1.9452631578947368	0.0	13.852713178294573	5.501580611169652	0.688715953307393	0.13855421686746988	0.4407630522088353	5.608150470219436	12.272621809744779	0.0	4.0141987829614605	1.9355179704016914	15.882872928176795	0.0	1.1566265060240963	7.604417670682731	15.78048780487805
26205	0.0	0.0	1.2969696969696969	0.0	0.0	0.0	4.6909090909090905	0.0	0.0	16.022556390977442	1.9197530864197532	1.1818181818181819	0.0	0.0	7.315151515151515	5.266666666666667	0.0	3.8727272727272726	0.0	20.926174496644297	0.0	0.0	2.7454545454545456	26.814814814814813
26206	0.0	1.446808510638298	2.49645390070922	1.1292682926829267	0.0	0.0	4.416075650118203	1.9217391304347826	0.0	15.048484848484849	2.8763440860215055	1.3475177304964538	0.0	0.2789598108747045	4.2005347593582885	6.226950354609929	0.0	10.88888888888889	1.3498817966903074	24.158273381294965	0.0	0.7281323877068558	4.017751479289941	18.56749311294766
26207	0.0	3.1775147928994083	1.4404761904761905	5.81981981981982	0.0	0.0	5.254545454545455	4.787330316742081	0.0	18.36904761904762	9.679347826086957	2.063063063063063	0.0	0.10810810810810811	16.09090909090909	22.10909090909091	0.0	9.397849462365592	4.311557788944723	36.592039800995025	0.0	0.0	5.72289156626506	31.35810810810811
26208	1.1847389558232932	1.0349854227405249	0.0	1.858054226475279	0.9874804381846636	0.0	2.73587786259542	3.67032967032967	0.571150097465887	15.120234604105573	4.851351351351352	1.5676037483266398	0.8983050847457628	2.2676837725381414	4.598958333333333	5.806603773584905	3.210027100271003	9.435126582278482	3.317241379310345	12.709175738724728	0.0	0.0	6.814917127071824	14.09452736318408
26209	0.0	0.0	0.0	3.102222222222222	0.0	0.0	2.060185185185185	0.6571428571428571	0.0	9.939086294416244	2.431111111111111	0.11206896551724138	0.0	0.0	1.9733333333333334	0.0	0.0	7.705128205128205	1.6368715083798884	10.069230769230769	0.0	0.0	6.208888888888889	6.169117647058823
26210	0.0	0.0	0.0	5.189130434782609	0.12021857923497267	0.0	5.009107468123862	3.0426065162907268	0.0	12.98364008179959	3.223529411764706	2.725806451612903	0.0	0.0	6.2076502732240435	10.064587973273943	0.0	6.562790697674418	3.1463414634146343	21.217391304347824	0.0	0.0	5.928089887640449	19.406976744186046
26211	0.0	0.0	0.3426791277258567	1.7071651090342679	0.0	0.0	1.7570093457943925	1.2718446601941749	0.0	8.88785046728972	4.341991341991342	0.7102803738317757	0.0	0.0	7.4600760456273765	7.506329113924051	0.0	3.67601246105919	0.3	23.05855855855856	0.0	0.5763239875389408	6.5792880258899675	20.34013605442177
26212	0.0	3.8818565400843883	0.0	5.246376811594203	0.0	0.0	2.8949275362318843	4.86231884057971	0.0	7.876146788990826	5.190677966101695	0.0	0.0	0.0	6.307971014492754	13.184782608695652	0.0	6.57429718875502	5.800724637681159	17.8731884057971	0.0	0.0	3.5	13.861538461538462
26213	0.0	1.8515723270440252	0.0	2.7104	0.0	0.0	2.953551912568306	1.0262345679012346	0.0	6.482710926694329	3.750943396226415	0.9572901325478645	0.0	0.0	8.554364471669219	12.346049046321525	0.0	5.31043956043956	5.243636363636363	22.5932944606414	0.0	0.0	3.957055214723926	21.764214046822744
26214	0.0	2.1955555555555555	0.8888888888888888	6.437689969604863	0.0	0.0	1.6962962962962962	0.7911111111111111	0.0	11.82	3.6281179138321997	1.2755555555555556	0.0	0.0	8.366742596810933	9.796825396825398	0.0	6.089743589743589	1.0044444444444445	27.671554252199414	0.0	0.47555555555555556	5.23162583518931	27.723723723723722
26215	0.0	2.875757575757576	0.0	6.706060606060606	0.0	0.0	3.8039867109634553	4.183279742765273	0.0	12.908554572271386	4.896694214876033	3.4188790560471976	0.3215339233038348	0.0	7.743589743589744	13.024390243902438	0.0	9.64306784660767	0.0	22.54635761589404	1.7817109144542773	0.0	6.645933014354067	28.346774193548388
26216	0.0	2.0683760683760686	0.0	2.937777777777778	0.0	0.0	4.5673076923076925	2.2564102564102564	0.0	8.3954802259887	2.7244444444444444	3.9797979797979797	0.0	0.0	2.324786324786325	12.085470085470085	0.0	7.777777777777778	1.6581196581196582	13.183760683760683	0.0	0.0	6.3	14.61883408071749
26217	0.0	1.7936962750716332	0.0	7.042986425339366	0.0	0.0	6.131147540983607	0.0	0.0	6.623076923076923	5.83442265795207	0.0	0.0	0.0	4.889570552147239	8.208	0.0	2.6180555555555554	1.3753148614609572	24.138297872340427	0.0	0.0	3.315904139433551	17.799564270152505
26218	0.0	1.0711354309165526	0.08860759493670886	6.465422612513721	0.0	0.0	1.96140350877193	2.761603375527426	0.0	7.9598278335724535	6.724528301886792	3.4365714285714284	0.0	0.0	8.857142857142858	10.21577380952381	0.0	4.842839036755387	1.5759493670886076	25.06892523364486	0.0	1.4567510548523206	4.666666666666667	24.310418904403868
26219	0.0	1.2596314907872697	0.0	4.911070780399274	0.0	0.0	1.5321637426900585	2.878980891719745	0.0	15.469785575048732	9.21015761821366	1.8609715242881073	0.0	0.0	4.553319919517103	8.620454545454546	0.0	2.032178217821782	1.300395256916996	26.964285714285715	0.932998324958124	0.0	5.79054054054054	16.05
26220	0.0	2.9186991869918697	0.0	1.91869918699187	0.0	0.0	2.2601626016260163	2.16260162601626	0.0	7.790123456790123	4.08130081300813	4.308943089430894	0.0	0.0	6.569105691056911	10.148148148148149	0.0	10.926829268292684	0.0	17.554455445544555	0.0	0.0	6.642276422764228	19.7979797979798
26221	0.0	1.9857142857142858	0.0	0.0	0.0	0.0	0.8194444444444444	2.3055555555555554	0.0	7.17816091954023	0.9722222222222222	1.1388888888888888	0.0	0.0	3.9775280898876404	4.0785340314136125	0.0	4.2898550724637685	0.0	14.417721518987342	0.0	1.1203703703703705	8.981481481481481	11.302702702702703
26222	0.0	3.420303605313093	0.0	4.1627469426152395	0.0	0.0	3.681933842239186	2.0893032384690873	0.0	8.842201834862385	4.163246268656716	0.0	0.0	0.0	6.5857933579335795	8.691144708423327	0.0	3.8988040478380865	1.925026399155227	27.703862660944207	0.0	0.04079861111111111	6.937701396348013	20.92020202020202
26223	0.0	1.7803030303030303	0.0	8.122330097087378	0.0	0.0	1.4109848484848484	3.5359848484848486	0.0	17.558685446009388	3.790948275862069	1.378787878787879	1.4431818181818181	0.0	5.561032863849765	18.472677595628415	0.0	6.187935034802784	0.7130681818181818	21.94600938967136	0.0	0.2897727272727273	4.907865168539326	29.358452138492872
26224	0.0	2.463963963963964	0.0	4.029360967184801	0.0	0.0	4.323671497584541	4.045045045045045	0.0	13.063063063063064	3.4030075187969926	1.7053435114503817	0.0	0.0	4.382905982905983	11.772222222222222	0.0	6.396946564885496	1.9458987783595114	18.674008810572687	0.0	0.0	6.515463917525773	28.472972972972972
26225	0.0	1.2083333333333333	0.0	5.149892933618844	0.0	0.0	0.7376	3.2267080745341614	0.0	9.801393728222996	4.949389179755672	0.0	0.0	0.0	4.273809523809524	11.353182751540041	0.0	1.6093514328808447	2.9717261904761907	18.434701492537314	0.0	0.07142857142857142	2.8990384615384617	21.81123244929797
26226	0.0	3.9968051118210863	1.0829268292682928	5.674074074074074	0.0	0.0	5.297124600638978	1.7057220708446867	0.0	15.866372980910425	11.093989071038251	4.502325581395349	0.0	0.5321375186846039	11.55396475770925	15.303030303030303	0.0	10.938232161874334	4.809027777777778	26.12150837988827	0.0	0.0	12.194162436548224	31.362541073384445
26227	0.0	2.4166666666666665	0.0	1.162162162162162	0.0	0.0	0.84375	0.0	0.0	8.24207492795389	7.541379310344827	1.1989247311827957	0.0	0.0	2.5410334346504557	5.23943661971831	0.0	2.236559139784946	0.0	23.115702479338843	0.0	0.0	3.620967741935484	13.591397849462366
26228	0.0	1.6102150537634408	0.024193548387096774	0.0	0.0	0.0	1.5052631578947369	0.0	0.0	7.049462365591398	2.9489247311827955	0.0	0.0	0.0	2.69375	7.697635135135135	0.024193548387096774	3.8564954682779455	3.9675425038639878	14.534290271132376	0.0	0.0	2.4917491749174916	14.71841155234657
26229	0.26490409538621046	0.7273198548470711	0.0	2.076109936575053	0.0	0.0	1.891387822270982	0.8275641025641025	0.0	6.125911199469847	2.673284174702212	0.0	0.0	0.07879730430274753	3.185966913861951	9.593281343731254	0.0	2.2403361344537815	1.5851428571428572	18.27240356083086	0.18144116122343182	0.0	4.226890756302521	13.905414220482713
26230	0.0	0.0	0.0	3.3209876543209877	0.0	0.0	1.1646090534979423	1.5508684863523574	0.0	5.596059113300493	3.5699588477366255	0.0	0.0	0.4279835390946502	2.9709302325581395	6.123430962343096	0.0	1.6604938271604939	1.6934156378600822	11.264900662251655	0.0	0.0	5.618025751072961	8.27331189710611
26231	0.0	0.0	0.0	2.9206349206349205	0.0	0.0	2.286324786324786	2.484126984126984	0.0	4.50597609561753	0.0	0.0	0.0	0.0	3.8491379310344827	8.821100917431192	0.0	3.515873015873016	0.0	11.7720207253886	0.0	0.0	3.0674603174603177	16.555555555555557
26232	0.6666666666666666	1.2142857142857142	0.7328042328042328	2.073529411764706	0.0	0.0	0.6137566137566137	0.0	0.0	8.386440677966101	3.665745856353591	1.1375661375661377	0.0	0.0	5.785714285714286	7.09433962264151	0.0	6.982456140350878	2.7804232804232805	18.114406779661017	0.0	0.0	1.8703703703703705	19.27840909090909
26233	0.0	0.0	0.0	2.8933054393305437	0.0	0.0	1.6858345021037868	2.0460440985732813	0.0	7.5510480054090605	3.0930869267624916	0.850190114068441	0.0	0.0	2.5511171293161814	7.654098360655738	0.0	3.3240469208211145	0.9635302698760029	16.63542384562371	0.0	0.0	5.100965107646622	10.989276139410189
26234	0.0	0.0	0.0	2.0	0.0	0.0	0.0	1.3603603603603605	0.0	8.989583333333334	0.0	0.0	0.0	0.0	7.907216494845361	0.0	0.0	3.033333333333333	0.0	8.873873873873874	0.0	0.0	3.1666666666666665	5.54054054054054
26235	0.0	1.9413145539906103	0.0	2.4265060240963856	0.0	0.0	3.014957264957265	1.466403162055336	0.0	8.199554069119287	2.8241758241758244	2.6478494623655915	0.0	0.0	3.9452411994784877	9.516627078384799	0.0	5.1931119311193115	0.0	28.353947368421053	0.18803418803418803	0.0	7.2322097378277155	21.392156862745097
26236	0.0	0.022598870056497175	0.0	4.138418079096045	0.1751412429378531	0.0	0.07344632768361582	0.2604166666666667	0.0	9.099264705882353	1.0158227848101267	2.4519774011299433	0.0	2.1299435028248586	2.9221556886227544	7.733333333333333	0.0	6.287925696594427	4.067796610169491	22.140983606557377	0.0	0.0	10.585227272727273	19.76829268292683
26237	0.0	0.0	1.653179190751445	0.7225130890052356	0.0	0.0	0.0	0.0	0.0	4.1888246628131025	3.363013698630137	0.0	0.0	0.0	1.6150234741784038	3.5904761904761906	0.0	2.6424870466321244	0.0	10.682577565632458	0.0	0.0	3.254335260115607	6.736616702355461
26238	0.0	3.253623188405797	0.5277777777777778	3.0416666666666665	0.0	0.0	2.611111111111111	0.0	0.0	10.088888888888889	0.0	0.0	0.0	0.0	6.725352112676056	9.978021978021978	0.0	2.888888888888889	0.0	13.633587786259541	0.0	0.0	5.083333333333333	10.0
26239	0.0	0.620137299771167	0.0	7.82129963898917	0.0	0.0	2.577142857142857	1.5714285714285714	0.0	13.682226211849192	3.9054945054945054	0.982078853046595	0.0	0.0	5.381578947368421	13.501700680272108	0.0	3.198	5.1187214611872145	22.175054704595187	0.0	0.0	5.705882352941177	18.33005893909627
26240	0.0	1.5453149001536097	0.0	2.3924466338259442	0.0	0.0	1.4425385934819897	2.2987288135593222	0.0	5.045553145336226	2.3203125	0.0	0.0	0.0	4.586885245901639	6.061443932411675	0.0	5.802380952380952	0.8878648233486943	17.726510067114095	0.0	0.0	3.692179700499168	14.445297504798464
26241	0.0	1.2912087912087913	0.0	2.5774647887323945	0.0	0.0	0.0	1.6109725685785536	0.0	8.609498680738787	10.450892857142858	1.84981684981685	0.0	0.0	7.495967741935484	7.812615955473098	0.0	9.732472324723247	2.5714285714285716	29.37317073170732	0.0	0.4523809523809524	5.123809523809523	21.534653465346533
26242	0.0	0.0	0.0	0.0	0.0	0.0	0.0	0.0	0.0	5.491803278688525	3.6666666666666665	0.0	0.0	0.0	4.836065573770492	3.840659340659341	0.0	1.6010928961748634	0.0	9.45054945054945	0.0	0.0	7.712962962962963	7.669354838709677
26243	0.0	0.6147455867082036	0.2222222222222222	1.6746987951807228	0.0	0.0	1.5790094339622642	1.7466251298026998	0.0	4.46521287642783	3.640625	0.0	0.0	0.0	2.0161290322580645	4.215158924205379	0.0	2.9791425260718425	1.1052060737527114	7.8020969855832245	0.0	0.0	2.1019771071800206	10.164364640883978
26244	0.0	1.095659875996457	0.0	0.0	0.0	0.0	0.58004158004158	0.9881494986326345	0.0	8.852283770651118	3.2954264524103833	0.0	0.0	0.0	1.8372093023255813	5.557301293900185	0.0	1.374784110535406	1.5645472061657033	6.897715988083416	0.0	0.0	2.485308056872038	9.76457142857143
26245	0.0	1.15220700152207	0.0	2.4027565084226645	0.0	0.0	1.1232876712328768	1.1304347826086956	0.0	9.647798742138365	2.234398782343988	1.8234398782343988	0.0	0.0	3.906396255850234	3.7869158878504674	0.0	3.0210526315789474	0.0	14.577060931899641	0.0	0.4550989345509893	5.591726618705036	13.185770750988143
26246	0.0	0.9108781127129751	0.0	2.770408163265306	0.0	0.0	2.030955585464334	0.74822695035461	0.0	7.955585464333782	4.489844683393071	1.0543735224586288	0.0	0.0	3.7494089834515365	8.411944869831547	0.0	2.191969887076537	0.690537084398977	19.336146272855135	0.0	0.0	4.320049813200498	11.768
26247	0.0	0.975051975051975	0.0	3.4539473684210527	0.0	0.0	1.230721393034826	0.8401741293532339	0.0	8.24554183813443	5.029450261780105	0.8815104166666666	0.0	0.0	3.6411917098445596	9.76536312849162	0.0	4.408528198074277	0.9422572178477691	20.593464052287583	0.0	0.0	4.639386189258312	14.25887573964497
26248	0.0	1.782367758186398	0.0	3.0779411764705884	0.0	0.0	1.2020057306590257	1.9040114613180517	0.0	8.366851945426983	2.965411222136818	0.9530416221985059	0.0	0.0	3.8134040501446482	9.961232604373757	0.0	3.213169642857143	1.6280743851229753	19.890151515151516	0.0	0.0	5.521885521885522	16.039661554732945
26249	0.0	1.8125	0.2532051282051282	2.6344086021505375	0.0	0.0	0.7773019271948608	1.813953488372093	0.0	12.211812627291243	3.7367424242424243	0.9391025641025641	0.0	0.0	3.9326923076923075	5.540930979133226	0.0	4.1618589743589745	2.0849358974358974	14.442	0.0	0.0	2.460674157303371	16.83469387755102
26250	0.0	0.0	0.6805555555555556	2.723809523809524	0.0	0.0	1.3611111111111112	4.007299270072993	0.0	3.5625	0.0	0.8888888888888888	0.0	0.0	0.5902777777777778	6.121951219512195	0.0	7.2100840336134455	0.9861111111111112	16.80327868852459	0.0	0.0	0.9722222222222222	11.472222222222221
26251	0.0	0.5117845117845118	0.0	1.9814814814814814	0.0	0.0	0.0	1.0185185185185186	0.0	6.237113402061856	5.577167019027484	0.0	0.0	0.0	3.4663299663299663	10.095864661654135	0.0	5.0033670033670035	1.0349040139616057	16.744318181818183	0.0	0.018518518518518517	2.9422632794457275	15.09775967413442
26252	0.0	2.675090252707581	0.0	2.9422492401215807	0.0	0.0	0.0	1.900262467191601	0.0	6.6092715231788075	4.235087719298246	2.8451443569553807	0.0	0.0	3.431216931216931	10.848275862068965	0.0	4.884514435695538	2.2467191601049867	24.739766081871345	0.0	0.0	6.011080332409972	18.062295081967214
26253	0.0	1.7625	0.39800995024875624	3.053067993366501	0.0	0.0	2.7001862197392925	4.302284710017575	0.0	4.647230320699708	1.8940397350993377	0.0	0.0	0.0	2.7157712305026	5.697463768115942	0.4129353233830846	5.216157205240175	1.1393034825870647	20.77045908183633	0.978441127694859	0.0	2.3740601503759398	14.361525704809287
26254	0.0	1.3227513227513228	0.0	2.244173140954495	0.0	0.0	2.866151866151866	0.0	0.0	7.618633540372671	3.955223880597015	0.0	0.0	0.0	3.839153439153439	5.731958762886598	0.0	2.7	0.0	14.667601683029453	0.0	0.0	4.279361459521095	14.728693181818182
26255	0.0	1.4465558194774346	0.0	1.318888888888889	0.0	0.0	1.087837837837838	0.0	0.0	4.304152637485971	4.622817229336437	1.2755555555555556	0.0	0.0	2.2766233766233768	5.491156462585034	0.0	2.6940874035989717	2.6755555555555555	17.06151990349819	0.0	0.0	3.1176470588235294	16.265486725663717
26256	0.0	0.0	0.0	1.2622950819672132	0.0	0.0	0.0	0.0	0.0	5.365079365079365	0.9032258064516129	0.0	0.0	0.0	1.4659090909090908	2.9047619047619047	0.0	5.761904761904762	0.0	22.5	0.0	0.0	4.373015873015873	6.158730158730159
26257	0.0	1.4922360248447204	0.0	3.954277286135693	0.0	0.0	0.0	0.7685534591194969	0.0	6.510282776349614	1.3672955974842766	1.869182389937107	0.0	0.0	5.017123287671233	7.587301587301587	0.0	2.2021943573667713	0.7018867924528301	16.30743243243243	0.3672955974842767	0.0	1.966565349544073	9.086666666666666
26258	0.0	1.545679012345679	0.0	3.454320987654321	0.0	0.0	2.4486486486486485	2.25679012345679	0.0	6.770370370370371	0.0	0.2962962962962963	0.0	0.0	3.6169665809768636	6.135838150289017	0.0	3.140740740740741	2.6345177664974617	11.96551724137931	0.0	0.0	6.025316455696203	16.43205574912892
26259	0.0	1.2904761904761906	0.0	1.8523809523809525	0.0	0.0	3.219047619047619	0.7142857142857143	0.0	5.29047619047619	3.970731707317073	0.6952380952380952	0.0	0.0	1.8766233766233766	7.076190476190476	0.0	0.0	0.0	9.18095238095238	0.0	0.0	3.3142857142857145	12.185714285714285
26260	3.493827160493827	0.0	2.246913580246914	2.0636363636363635	0.0	0.0	7.469135802469136	2.95679012345679	0.0	13.313432835820896	9.153846153846153	3.2777777777777777	0.0	0.0	12.915966386554622	19.55	0.0	12.21774193548387	5.796296296296297	37.68789808917197	0.0	0.0	8.549382716049383	28.442028985507246
26261	0.0	0.10869565217391304	0.5942028985507246	2.7318840579710146	0.0	0.0	7.315217391304348	1.0289855072463767	0.0	1.3096446700507614	0.0	0.0	0.0	0.0	5.471014492753623	10.323699421965317	0.0	4.472727272727273	0.2028985507246377	6.682403433476395	0.0	0.0	3.2025862068965516	4.719148936170213
26262	0.0	0.0	0.0	6.918803418803419	0.0	0.0	3.5213675213675213	3.6666666666666665	0.0	7.2727272727272725	3.9789473684210526	1.1644444444444444	0.20085470085470086	0.0	4.435897435897436	9.69811320754717	0.0	9.46376811594203	3.1055276381909547	18.73873873873874	0.0	0.0	5.047008547008547	13.678571428571429
26263	0.0	2.930930930930931	0.0	2.5486725663716814	0.0	0.0	1.24	1.5765765765765767	0.0	6.308157099697885	2.377049180327869	0.0	0.0	0.0	0.0	4.9543726235741445	0.0	2.5525525525525525	0.0	10.72289156626506	0.0	0.0	0.0	9.394648829431437
26264	0.0	0.5897435897435898	0.0	0.6752136752136753	0.6367521367521367	0.0	1.1931330472103003	0.37606837606837606	0.0	7.434146341463415	1.8034188034188035	0.0	0.0	0.0	0.6606060606060606	5.6521739130434785	0.0	1.329059829059829	0.0	12.628205128205128	0.0	0.0	4.799145299145299	5.055555555555555
26265	0.0	0.0	0.0	2.917293233082707	0.0	0.0	1.6825396825396826	0.0	0.0	5.912240184757506	2.8794178794178795	1.2123015873015872	0.0	0.0	3.0734126984126986	7.859504132231405	0.0	2.8313492063492065	0.7003968253968254	12.802228412256268	0.0	0.0	3.5892857142857144	5.706521739130435
26266	0.0	0.0	0.0	3.127906976744186	0.0	0.0	3.236040609137056	1.044917257683215	0.0	4.444444444444445	1.8681948424068768	0.508274231678487	0.0	0.0	3.8616504854368934	3.8548812664907652	0.0	3.557840616966581	2.3049645390070923	7.872204472843451	0.0	0.0	3.6595744680851063	12.573839662447257
26267	0.0	0.0	0.0	1.005940594059406	0.0	0.0	2.0710659898477157	2.028985507246377	0.0	3.024896265560166	2.992818671454219	0.8460236886632826	0.0	0.0	4.979539641943734	6.229083665338646	0.0	6.744500846023689	1.3190045248868778	12.34108527131783	0.35194585448392557	0.1218274111675127	1.6175972927241962	20.68794326241135
26268	0.0	0.0	0.0	2.4012345679012346	0.0	0.0	3.5185185185185186	1.545679012345679	0.0	8.182272159800249	2.6604938271604937	0.0	0.0	0.0	4.358395989974937	10.018587360594795	0.0	2.1030405405405403	0.6864197530864198	28.130817610062895	0.0	0.0	5.63582966226138	19.680851063829788
26269	0.0	0.0	0.0	8.323232323232324	0.0	0.0	3.2666666666666666	0.0	0.0	7.028735632183908	4.578313253012048	1.9540229885057472	0.0	0.7126436781609196	2.536231884057971	3.3292682926829267	0.0	14.718390804597702	0.0	23.553333333333335	0.0	0.0	4.752873563218391	20.225
26270	0.4984709480122324	3.636085626911315	0.0	2.7978339350180503	0.0	0.0	5.7153846153846155	0.0	0.0	20.492481203007518	3.429951690821256	2.1712538226299696	0.0	2.2793650793650793	9.915750915750916	12.061162079510703	0.0	9.170347003154575	1.4181818181818182	16.518218623481783	0.0	0.0	8.598540145985401	19.171253822629968
26271	0.0	0.0	0.0	2.171	0.0	0.0	0.0	0.0	0.0	0.7133333333333334	1.9317507418397626	0.0	0.0	0.0	3.326713008937438	3.6998892580287928	0.0	0.9576470588235294	0.0	6.266285714285714	0.0	0.0	2.344213649851632	6.70547147846333
26272	0.0	0.0	0.0	1.0154639175257731	0.0	0.0	0.0	0.11940298507462686	0.0	9.48936170212766	1.0348258706467661	0.0	0.0	0.0	2.218905472636816	3.71356783919598	0.0	2.8606965174129355	0.46766169154228854	6.051546391752577	0.0	0.0	11.125	9.63681592039801
26273	0.0	0.0	0.0	0.0	0.0	0.0	0.0	2.294573643410853	0.0	0.1643835616438356	5.046511627906977	0.0	0.0	0.0	0.0	7.990990990990991	0.0	0.0	0.0	4.661016949152542	0.0	0.0	3.185840707964602	13.126050420168067
26274	0.0	0.1346153846153846	0.0	2.5595238095238093	0.0	0.0	1.4607843137254901	0.9635761589403974	0.0	5.6603260869565215	2.7429305912596402	0.0	0.0	0.0	3.1681159420289857	9.092261904761905	0.0	2.6151960784313726	1.3137254901960784	12.280346820809248	0.0	0.5784313725490197	3.036312849162011	11.592452830188678
26275	0.0	1.1008771929824561	0.06725146198830409	4.551263001485884	0.0	0.0	1.655992680695334	3.152046783625731	0.0	10.095103578154426	6.120443740095087	2.199842643587726	0.0	0.0	8.169258920402562	9.62224183583407	0.0	3.4302822925577416	1.3408304498269896	26.498048399687743	0.0	0.0	6.705192629815746	24.26521344232516
26276	0.0	0.9465408805031447	0.0	4.128378378378378	0.0	0.0	3.9899665551839463	0.0	0.0	10.133995037220844	0.9285714285714286	0.0	0.0	0.0	5.644986449864499	4.280555555555556	0.42662116040955633	4.114369501466276	1.84009009009009	21.70232558139535	0.6351351351351351	0.0	6.033898305084746	19.41966426858513
26277	0.0	1.1929824561403508	0.0	6.068421052631579	0.0	0.0	3.001754385964912	1.8954128440366973	0.0	9.10022271714922	4.681818181818182	1.7846153846153847	0.0	0.0	2.477064220183486	12.208920187793428	0.0	2.8248945147679323	2.7453531598513012	23.34978540772532	0.0	0.0	8.205263157894738	14.442105263157895
26278	0.0	1.025089605734767	0.9007352941176471	1.0541455160744502	0.0	0.01353637901861252	4.683417085427136	1.4970059880239521	0.0	8.547244094488189	4.304568527918781	0.0	0.0	0.0	8.830078125	14.978142076502733	0.0	5.128898128898129	1.796116504854369	25.52370203160271	0.0	0.0	4.374736842105263	15.265232974910393
26279	0.0	1.6235294117647059	1.9176470588235295	6.822033898305085	0.0	0.0	1.3294117647058823	2.156862745098039	0.0	5.9372549019607845	5.23921568627451	1.0470588235294118	0.0	1.3411764705882352	7.185	4.93859649122807	0.07058823529411765	3.6872427983539096	0.6686046511627907	25.743243243243242	0.0	0.07058823529411765	1.8666666666666667	23.77094972067039
26280	0.0	3.429951690821256	0.391304347826087	2.9262295081967213	0.0	0.0	7.012578616352202	0.0	0.0	5.840579710144928	7.674074074074074	0.0	0.6376811594202898	1.2270531400966183	6.473429951690822	7.95906432748538	0.0	2.516949152542373	0.635593220338983	25.130434782608695	0.0	0.0	2.8792270531400965	18.902912621359224
26281	0.0	0.5025380710659898	1.0186125211505923	1.9517102615694164	0.0	0.0	1.496031746031746	1.7876106194690264	0.0	15.418691588785046	4.281578947368421	0.6666666666666666	0.0	1.0355329949238579	5.622559652928416	16.055555555555557	0.0	3.7944444444444443	1.2386980108499095	14.906172839506173	0.0	0.0	1.7093023255813953	15.127413127413128
26282	0.0	0.0	0.0	4.567049808429119	0.0	0.0	3.3511830635118307	3.6808785529715764	0.0	8.21297429620563	4.506257110352673	0.0	0.0	0.0	4.92191435768262	8.492610837438423	0.21387940841865757	5.577608142493639	2.739476678043231	28.570117955439056	0.0	0.0	7.862068965517241	23.876712328767123
26283	0.0	1.7484848484848485	0.40606060606060607	3.9316239316239314	0.0	0.0	1.878787878787879	2.2666666666666666	0.0	8.900662251655628	6.538940809968848	0.0	0.0	0.0	6.188925081433225	5.72258064516129	0.0	7.983606557377049	2.7244094488188977	16.7	0.0	0.0	4.885964912280702	23.711246200607903
26284	0.0	1.1536458333333333	0.0	3.8518518518518516	0.0	0.0	2.75414364640884	1.7264957264957266	0.0	9.194842406876791	2.0243243243243243	0.0	0.0	0.0	6.169611307420495	12.478260869565217	0.0	8.865853658536585	0.13513513513513514	18.275985663082437	0.7864583333333334	0.0	4.606770833333333	17.879518072289155
26285	0.0	1.2179487179487178	0.8923076923076924	2.2459546925566345	0.0	0.0	3.987603305785124	3.002666666666667	0.0	11.261904761904763	0.0	0.21025641025641026	0.0	0.0	4.3307692307692305	10.7	0.0	1.9644128113879002	2.426865671641791	15.666666666666666	0.0	0.0	3.123076923076923	14.146981627296588
26286	0.0	0.0	0.0	1.992874109263658	0.0	0.0	2.535070140280561	0.0	0.0	8.35135135135135	3.2422802850356294	1.651394422310757	0.0	0.0	9.183066361556063	5.864035087719298	0.0	4.486552567237164	0.8358585858585859	28.489690721649485	0.0	0.0	3.5218253968253967	14.282352941176471
26287	0.0	0.0	0.5848303393213573	5.088741721854305	0.0	0.0	1.777422790202343	0.0	0.0	8.926261319534282	3.5153061224489797	2.063872255489022	0.0	0.0	4.183718371837184	7.846350832266325	0.0	3.1627906976744184	2.5159453302961277	14.36021505376344	0.0	0.0	2.174185463659148	11.292288557213931
26288	0.0	2.7412935323383083	0.0	4.084905660377358	0.0	0.0	2.0103986135181975	3.6320754716981134	0.0	10.662544169611307	3.9004065040650406	2.1761006289308176	0.0	0.0	5.5974643423137875	7.502202643171806	0.0	4.0883280757097795	1.8930817610062893	19.536489151873766	0.0	0.7767295597484277	4.806603773584905	18.011070110701105
26289	0.0	3.3738317757009346	0.0	1.0295566502463054	0.0	0.0	3.6360544217687076	0.0	0.0	11.457227138643068	3.1091445427728615	1.9675516224188792	0.0	0.0	10.126843657817108	6.652582159624413	0.0	3.1238938053097347	1.3539823008849559	26.16015625	0.0	0.0	1.1238938053097345	20.657817109144542
26290	0.10593607305936073	2.356164383561644	0.0	3.164069660861595	0.0	0.0	1.0676056338028168	0.0	0.0	7.809352517985611	3.7352056168505516	2.0577114427860694	0.0	0.0	3.91505376344086	7.813287514318442	0.0	2.9779411764705883	0.6510138740661686	17.178438661710036	0.0	0.0	4.945222929936306	19.24931506849315
26291	0.0	1.0597014925373134	0.0	2.085245901639344	0.0	0.0	3.5995288574793873	1.6181606519208382	0.0	6.970695970695971	4.877483443708609	0.9901639344262295	0.0	0.0	3.0512396694214874	7.9670886075949365	0.0	4.675034867503487	1.1161137440758293	18.67162329615861	0.0	0.0	2.6012422360248446	12.8875
26292	0.0	4.318840579710145	0.0	9.486187845303867	0.0	0.0	1.5458937198067633	1.9033816425120773	0.0	8.203980099502488	4.009661835748792	0.0	0.0	0.0	12.88961038961039	12.76878612716763	0.0	8.23076923076923	0.4106280193236715	22.869565217391305	0.0	0.0	10.202898550724637	21.0979381443299
26293	0.0	0.81067472306143	0.0	2.358050847457627	0.0	0.0	0.0	0.9365558912386707	0.0	6.277777777777778	4.240259740259741	0.0	0.0	0.0	2.4250281848928976	12.88016967126193	0.0	5.939834024896266	0.9284994964753273	19.411556603773583	0.0	0.0	5.92627824019025	15.00723763570567
26294	0.0	1.2401263823064772	0.0	2.910958904109589	0.0	0.0	1.4028436018957346	0.6260162601626016	0.0	7.15034965034965	4.915335463258786	0.0	0.0	0.0	6.830313014827018	5.606593406593406	0.0	5.440758293838862	1.869140625	23.421940928270043	0.0	0.0	2.7081260364842454	14.713684210526315
26295	0.0	0.0	0.7164887307236062	4.759679572763685	0.0	0.0	2.0776986951364176	1.7489204194941395	0.0	9.299741602067183	4.10347085789129	0.8018018018018018	0.0	0.0	4.277305825242719	9.855610561056105	0.0	3.7313228238519534	0.7588447653429603	15.784107946026987	0.0	0.0	2.6503291880029263	17.147984886649873
26296	0.0	0.9472693032015066	0.0	3.018651362984218	0.12994350282485875	0.0	0.9783427495291902	1.6638418079096045	0.0	6.828292682926829	4.773388773388773	0.0	0.1751412429378531	0.0	4.529896907216495	8.216189536031589	0.0	3.448717948717949	1.2137476459510357	19.32181425485961	0.0	0.0	3.926470588235294	19.454075032341528
26297	0.0	0.22641509433962265	0.0	3.9327868852459016	0.0	0.0	1.9103773584905661	1.9811320754716981	0.0	11.308089500860586	3.6291739894551847	1.4245283018867925	0.0	0.0	5.952830188679245	12.790102389078498	0.0	1.3049242424242424	1.9559748427672956	18.93542757417103	0.0	0.007861635220125786	2.8666666666666667	15.122935779816514
26298	0.0	0.0	0.0	2.948148148148148	0.0	0.0	1.0797101449275361	3.1548117154811717	0.0	11.63076923076923	7.751131221719457	5.4319066147859925	0.0	0.0	1.7391304347826086	11.484444444444444	0.0	3.960144927536232	1.4528985507246377	30.16355140186916	0.572463768115942	0.0	7.836956521739131	24.15
26299	0.0	0.8333333333333334	0.0	1.4222222222222223	0.0	0.0	1.1925925925925926	0.0	0.0	5.2407407407407405	0.294478527607362	0.0	0.0	0.0	3.3666666666666667	3.4518072289156625	0.0	2.4962962962962965	0.0	10.92962962962963	0.0	0.0	5.561497326203209	5.425837320574162
26300	0.0	1.2903225806451613	0.0	2.0871794871794873	0.0	0.0	2.3548850574712645	1.7256410256410257	0.0	6.881051175656985	0.8165784832451499	0.5871794871794872	0.0	0.0	6.12597200622084	7.984615384615385	0.0	2.8025641025641024	3.6104815864022664	20.28067700987306	0.0	0.0	5.654545454545454	19.1625386996904
26301	0.0	3.783132530120482	0.0	4.045081967213115	0.0	0.0	1.7068273092369477	0.0	0.0	10.695238095238095	1.5180722891566265	3.3493975903614457	0.0	0.0	5.072289156626506	8.036144578313253	0.0	4.572916666666667	2.7429718875502007	19.792792792792792	0.0	0.0	2.746987951807229	15.985148514851485
26302	0.0	0.5409836065573771	0.0	3.647514525500323	0.0	0.0	1.04720406681191	2.9243119266055047	0.0	12.226329442282749	4.228454172366621	1.9007585335018964	0.4067901234567901	0.0	5.697009966777409	7.63202846975089	0.0	5.969241285030758	1.1518324607329844	26.34535686876439	0.0	0.0	4.7700084245998315	14.577186963979416
26303	0.0	1.1514423076923077	0.0	1.2244444444444444	0.0	0.3244444444444444	1.8738317757009346	1.951111111111111	0.0	10.151111111111112	2.2533333333333334	0.8133333333333334	0.0	0.2088888888888889	3.84	7.7026378896882495	0.0	2.359322033898305	0.0	17.19333333333333	0.0	0.0	2.640096618357488	14.826666666666666
26304	0.0	0.0	0.0	0.0	0.0	0.0	1.7685185185185186	0.0	0.0	1.6527777777777777	1.5277777777777777	0.0	0.0	0.0	7.670967741935484	5.560185185185185	0.0	1.5648148148148149	0.0	16.454545454545453	0.0	0.0	0.0	6.947761194029851
26305	0.48945147679324896	2.3122362869198314	0.0	0.0	0.0	0.0	2.257383966244726	0.0	0.0	0.35443037974683544	1.919831223628692	3.257383966244726	0.0	0.0	7.657534246575342	4.738396624472574	0.0	3.227272727272727	0.0	15.423076923076923	0.5232067510548524	0.0	6.172995780590718	13.051282051282051
26306	0.0	0.4927536231884058	0.0	3.9830917874396135	0.0	0.0	1.4154589371980677	0.0	0.0	10.903333333333334	6.579710144927536	0.0	0.0	0.0	8.06031746031746	12.188202247191011	0.0	5.816425120772947	0.31958762886597936	10.364734299516908	0.0	0.0	6.19281045751634	10.272946859903382
26307	0.0	0.0	0.0	1.287280701754386	0.0	0.0	1.7564102564102564	0.0	0.0	10.703703703703704	4.346633416458853	0.0	0.0	0.32967032967032966	4.6434108527131785	7.694835680751174	1.5421245421245422	2.7677824267782425	3.5251572327044025	10.180327868852459	0.0	0.14285714285714285	4.357142857142857	9.703225806451613
26308	0.0	2.003831417624521	0.0	2.5632183908045976	0.0	0.0	0.0	3.421455938697318	0.0	11.055776892430279	7.192708333333333	0.0	0.0	0.0	11.363984674329503	8.948936170212766	0.0	7.784313725490196	0.0	22.479041916167663	0.0	0.0	8.028225806451612	12.215859030837004
26309	0.0	0.0	0.0	5.672316384180791	0.0	0.0	0.696969696969697	3.6254071661237783	0.0	6.536964980544747	3.797979797979798	0.0	0.0	0.0	4.659090909090909	5.992094861660079	0.0	3.9714285714285715	0.0	13.88860103626943	0.0	0.0	1.5858895705521472	22.751552795031056
26310	0.0	0.798941798941799	0.0	2.6587301587301586	0.0	0.0	0.0	2.1624649859943976	0.0	6.685185185185185	4.2786377708978325	0.0	0.0	0.0	7.944444444444445	12.61320754716981	0.0	2.844380403458213	0.0	25.113793103448277	0.0	0.0	2.82010582010582	13.684887459807074
26311	0.0	0.0	0.07053469852104664	2.9139240506329114	0.0	0.0	1.8727959697732997	2.535836177474403	0.0	7.582109479305741	3.8850967007963595	2.4925925925925925	0.0	0.0	4.093622795115333	10.126865671641792	0.0	2.9329411764705884	2.920364050056883	11.25	0.0	0.0	1.8152031454783748	18.77764277035237
26312	0.0	1.0579710144927537	0.0	3.072463768115942	0.0	0.0	0.0	0.0	0.0	3.5579710144927534	5.768115942028985	1.2173913043478262	0.0	0.0	2.0	2.5217391304347827	0.0	4.833333333333333	1.3623188405797102	18.396551724137932	0.0	1.434782608695652	10.281481481481482	13.39423076923077
26313	0.0	1.9710982658959537	0.0	0.0	0.0	0.0	3.9681697612732094	4.911458333333333	0.0	3.9950372208436726	1.990990990990991	2.8220338983050848	0.0	0.0	3.168918918918919	3.725752508361204	0.0	4.083333333333333	1.2387387387387387	15.862302483069977	0.0	0.0	4.063063063063063	13.669902912621358
26314	0.0	1.3333333333333333	0.0	0.0	0.0	0.0	3.3049645390070923	0.0	0.0	6.9523809523809526	3.8085106382978724	0.8936170212765957	0.0	0.0	0.0	10.919354838709678	0.0	1.7234042553191489	0.0	20.022988505747126	0.0	0.0	9.954022988505747	12.840336134453782
26315	0.0	0.5239130434782608	0.5813492063492064	5.627118644067797	0.08333333333333333	0.0	1.856818181818182	4.313807531380753	0.0	7.238568588469185	5.168141592920354	0.0	0.0	0.0	8.964194373401535	9.154838709677419	0.0	6.905913978494624	1.9325396825396826	27.626780626780626	0.36507936507936506	0.0	12.036281179138323	16.152838427947597
26316	0.0	1.320872274143302	0.0	1.7013888888888888	0.0	0.0	0.0	2.420765027322404	0.0	5.166666666666667	6.555232558139535	0.0	1.0655737704918034	0.0	5.314984709480123	4.660766961651918	0.0	4.8469945355191255	1.2784810126582278	16.89273356401384	0.0	0.0	4.717717717717718	11.053221288515406
26317	0.0	0.0	0.0	0.0	0.0	0.0	0.0	0.0	0.0	2.5714285714285716	0.0	0.0	0.0	0.0	0.0	3.015873015873016	0.0	0.8518518518518519	0.0	0.0	0.0	0.0	0.0	2.0264550264550265
26318	0.0	0.0	0.0	2.8028169014084505	0.0	0.22535211267605634	2.056338028169014	0.7511737089201878	0.0	6.461038961038961	1.3145539906103287	0.4460093896713615	0.0	0.0	0.5070422535211268	15.051546391752577	0.0	3.5925925925925926	0.0	11.413145539906104	0.0	0.9765258215962441	5.384976525821596	20.099236641221374
26319	0.0	1.1016731016731016	0.0	2.9924127465857357	0.0	0.0	0.9012539184952978	0.792714657415438	0.0	8.646730462519937	3.2008397480755773	0.0	0.0	0.4954954954954955	3.267019667170953	8.65551839464883	0.0	4.152590489709014	1.1332046332046333	16.235161532682195	0.0	0.0	1.8852080123266564	12.349387755102041
26320	0.0	0.0	0.0	3.0736434108527133	0.2593320235756385	0.0	1.4066797642436148	1.6981132075471699	0.0	8.775525525525525	3.655533726260642	0.0	0.0	0.0	3.806312769010043	9.435934144595562	0.0	3.9542575650950034	1.2162162162162162	19.246441947565543	0.0	0.0	2.027065527065527	15.849813432835822
26321	0.0	0.011764705882352941	1.1470588235294117	9.13921568627451	0.0	0.0	1.9431372549019608	0.7686274509803922	0.0	7.891647855530474	2.8663101604278074	0.0	0.0	0.0	4.58235294117647	8.908548707753479	0.0	2.8372641509433962	0.18627450980392157	19.21764705882353	0.0	0.0	1.5650319829424306	12.957711442786069
26322	0.0	0.9545454545454546	0.0	0.0	0.0	0.0	0.7727272727272727	0.0	0.0	2.477272727272727	1.4924242424242424	0.0	0.0	0.9772727272727273	1.0303030303030303	0.0	0.0	1.4772727272727273	0.0	9.159090909090908	0.0	0.0	4.7727272727272725	0.0
26323	0.0	0.0	0.0	0.0	0.0	0.0	0.43010752688172044	1.2652329749103943	0.0	3.4886363636363638	0.0	0.0	0.0	0.0	0.0	0.0	0.0	0.0	0.0	4.112781954887218	0.0	0.0	1.7634408602150538	6.872950819672131
26324	0.0	0.0	0.0	0.03571428571428571	0.0	0.0	1.4821428571428572	2.2857142857142856	0.0	3.4552845528455283	5.397260273972603	0.0	0.0	0.0	0.0	5.342592592592593	0.0	3.6011904761904763	0.0	9.723809523809523	0.0	0.0	3.505952380952381	7.529761904761905
26325	0.0	1.4026666666666667	0.0	1.9895470383275262	0.0	0.0	3.1993569131832795	0.0	0.0	7.722027972027972	3.722689075630252	1.832	0.0	0.0	3.399650959860384	7.694006309148265	0.0	2.977883096366509	1.7453333333333334	20.623229461756374	0.0	0.0	1.789049919484702	11.36861313868613
26326	0.0	1.804416403785489	0.0	2.2763532763532766	0.0	0.0	2.8644688644688645	0.0	0.0	7.598290598290598	2.752136752136752	1.7150997150997151	0.7207977207977208	0.0	5.431893687707642	6.04485049833887	0.0	3.910913140311804	0.0	13.420221169036335	0.8034188034188035	0.0	6.456973293768546	12.528938906752412
26327	0.6203703703703703	2.1550925925925926	0.0	1.9143518518518519	0.0	0.5046296296296297	1.7083333333333333	0.8726851851851852	0.0	13.22397476340694	3.696759259259259	0.5879629629629629	0.0	0.0	7.9052132701421804	9.578817733990148	0.0	10.879411764705882	0.9629629629629629	18.65137614678899	0.0	0.0	5.846698113207547	10.252659574468085
26328	0.0	0.0	0.0	0.9900497512437811	0.0	0.0	0.5373134328358209	0.8159203980099502	0.0	8.951807228915662	9.800995024875622	0.0	0.0	0.0	4.432835820895522	8.932926829268293	0.0	2.3229813664596275	1.7213930348258706	10.014925373134329	0.0	0.6766169154228856	5.467105263157895	13.893617021276595
26329	0.0	1.1583333333333334	0.0	1.9666666666666666	0.0	0.0	2.7666666666666666	3.0166666666666666	0.0	7.016666666666667	3.6310679611650487	0.0	0.0	0.0	3.493150684931507	11.3125	0.0	3.308333333333333	1.8	14.616161616161616	0.0	0.0	5.175	11.29203539823009
26330	0.8486997635933806	0.0	0.0	0.0	0.0	0.0	1.3908045977011494	1.918859649122807	0.0	7.097014925373134	2.745920745920746	1.1538461538461537	0.0	0.0	4.60727969348659	8.743326488706366	0.0	2.746938775510204	1.6226053639846743	10.53265306122449	0.0	0.0	3.842436974789916	8.003883495145631
26331	0.0	0.0	0.0	1.8106995884773662	0.0	0.0	0.0	0.588477366255144	0.0	3.321266968325792	1.2222222222222223	0.0	0.0	0.0	7.769547325102881	3.5185185185185186	0.0	1.4938271604938271	0.0	11.82716049382716	0.0	4.0	9.104265402843602	12.373417721518987
26332	0.0	0.9326424870466321	0.0	2.2053422370617697	0.0	0.0	0.0	0.9806451612903225	0.0	9.818181818181818	3.130162703379224	1.5466321243523315	0.0	0.13285024154589373	1.5504885993485342	8.612208258527827	0.0	3.171919770773639	0.0	19.414267834793492	0.0	0.0	4.124	19.617149758454108
26333	0.0	1.5833333333333333	0.0	4.852252252252252	0.0	0.0	1.9846938775510203	0.6496598639455783	0.0	8.087866108786612	5.117521367521367	1.85146804835924	0.43537414965986393	0.0	6.859589041095891	13.0	0.0	6.183157894736842	1.1598639455782314	23.686486486486487	0.0	0.0	5.4661190965092405	19.2015503875969
26334	0.0	0.7428571428571429	0.0	3.3694779116465865	0.0	0.0	0.0	2.7389558232931726	0.0	12.560669456066945	1.9116465863453815	2.8473895582329316	0.0	0.0	9.357142857142858	7.967213114754099	0.0	5.214876033057851	1.180722891566265	10.016064257028113	0.0	1.0441767068273093	5.373493975903615	9.3375
26335	0.0	1.5367003367003367	0.0	2.1615541922290387	0.0	0.0	0.8392469225199131	0.0	0.0	4.66607617360496	1.6513693560325684	0.0	0.0	0.0	2.9723796033994336	4.64591439688716	0.0	2.822716807367613	0.402020202020202	7.776119402985074	0.0	0.0	2.60480841472577	13.447343895619758
26336	0.0	1.4814814814814814	1.6182336182336183	0.0	0.0	0.0	1.9002849002849003	0.6724890829694323	0.0	3.5185185185185186	1.8774928774928774	0.0	0.0	0.0	2.753993610223642	8.836065573770492	0.0	3.1544117647058822	0.6524216524216524	11.186851211072664	0.0	0.0	1.396011396011396	10.38390092879257
26337	0.0	1.1575299306868305	0.0	2.705190311418685	0.0	0.0	2.4301494476933074	0.7816277195809831	0.0	6.066199376947041	1.7785870356882738	0.0	0.0	0.0	3.893006993006993	6.582876712328767	0.0	3.376750700280112	2.717110266159696	16.812080536912752	0.0	0.0	4.231765507839127	15.935437589670014
26338	0.0	2.550185873605948	0.0	1.9518900343642611	0.0	0.0	0.7010309278350515	0.0	0.0	9.680608365019012	3.7413793103448274	0.9656357388316151	0.0	0.5326460481099656	2.7341772151898733	4.065727699530516	0.0	0.8247422680412371	0.0	11.857142857142858	0.0	0.0	4.106529209621993	9.598484848484848
26339	0.0	3.880952380952381	0.0	2.45970695970696	0.8223443223443223	0.0	1.086080586080586	1.4565217391304348	0.0	5.7481481481481485	2.67032967032967	0.29304029304029305	0.0	0.6117216117216118	3.5714285714285716	8.315018315018316	0.5531135531135531	5.275080906148867	1.1658536585365853	10.195054945054945	0.7142857142857143	0.1391941391941392	3.529292929292929	9.642857142857142
26340	0.0	2.06872852233677	0.0	3.3316151202749142	0.0	0.0	1.5077452667814113	0.0	0.0	1.5475578406169666	1.1168384879725086	0.0	0.0	0.0	2.546637744034707	8.906593406593407	0.0	2.508591065292096	1.1013745704467355	12.560975609756097	0.0	0.0	3.066147859922179	10.905693950177936
26341	2.0108932461873636	2.7546583850931676	0.9505882352941176	3.819277108433735	0.0	0.07734204793028322	2.1887254901960786	2.271619975639464	0.5816993464052288	8.805010893246187	3.2669753086419755	3.3981337480559874	0.0	0.0	5.682330827067669	8.924083769633508	0.8921568627450981	4.160130718954249	2.9971305595408895	23.871459694989106	0.0	0.0	8.868027210884353	8.887096774193548
26342	0.0	0.0	0.0	2.8289085545722714	0.0	0.0	0.0	0.0	0.0	5.094972067039106	0.0	0.0	0.0	0.0	1.3963963963963963	4.505190311418685	2.036036036036036	1.4324324324324325	0.0	3.0454545454545454	0.0	0.0	0.0	7.680672268907563
26343	0.0	1.9058380414312617	0.0	4.4124293785310735	0.0	0.0	1.732394366197183	0.0	0.487758945386064	8.094188376753507	4.226415094339623	1.7369791666666667	0.0	0.0	3.7660098522167487	8.365570599613152	0.0	4.181222707423581	1.7476459510357816	24.085714285714285	0.0	0.0	5.895582329317269	16.433414043583536
26344	0.0	0.6837606837606838	0.0	1.3888888888888888	0.0	0.0	1.5897435897435896	0.8632478632478633	0.0	10.241830065359476	5.987179487179487	0.0	0.0	0.05555555555555555	3.782051282051282	16.569767441860463	0.0	0.44871794871794873	0.42735042735042733	7.606741573033708	0.0	0.0	0.8076923076923077	12.671111111111111
26345	0.0	2.3391812865497075	0.0	3.0350877192982457	0.0	0.0	3.517543859649123	0.0	0.0	11.695384615384615	2.5643153526970957	0.03508771929824561	0.0	0.0	11.917491749174918	7.511278195488722	0.0	5.193251533742331	3.754385964912281	19.085585585585587	0.0	0.0	5.240549828178694	23.422287390029325
26346	0.0	2.765957446808511	1.0433333333333332	5.791907514450867	0.0	0.0	1.8657718120805369	2.9632183908045975	0.0	14.442815249266863	6.884318766066838	3.146118721461187	0.0	0.0	9.992857142857142	16.553524804177545	0.0	7.718120805369128	1.7517899761336515	23.183462532299743	0.0	0.0	5.6405797101449275	19.55851063829787
26347	0.0	0.7399103139013453	0.005979073243647235	0.7428998505231689	0.0	0.0	2.203288490284006	0.0	0.0	6.360153256704981	2.005979073243647	0.46038863976083705	0.0	0.0	1.7548579970104634	3.6454545454545455	0.0	1.6289808917197452	1.6203288490284007	10.57593984962406	0.0	0.0	3.8011958146487292	6.5951417004048585
26348	0.0	0.0	0.0	0.8074534161490683	0.0	0.0	1.734463276836158	0.0	0.0	2.84180790960452	2.146892655367232	1.4915254237288136	0.0	0.0	0.0	1.6666666666666667	0.0	1.771186440677966	1.03954802259887	2.3333333333333335	0.0	0.0	0.96045197740113	3.5254237288135593
26349	0.0	0.9939393939393939	0.0	0.6151515151515151	0.0	0.0	1.8303030303030303	1.8303030303030303	0.0	1.3606060606060606	1.2409240924092408	0.0	0.0	0.0	1.4181818181818182	0.9636363636363636	0.0	1.896969696969697	0.6272727272727273	7.306060606060606	0.0	0.0	0.0	5.231075697211155
26350	0.0	0.0	0.7568922305764411	1.8646616541353382	0.0	0.0	2.6244725738396624	0.0	0.0	1.305764411027569	2.9724310776942358	0.0	0.0	0.0	0.0	5.034574468085107	0.0	1.06265664160401	0.0	7.238095238095238	0.0	0.0	1.543859649122807	4.787037037037037
26351	0.0	0.2857142857142857	0.0	1.7891156462585034	0.0	0.0	0.0	0.0	0.0	7.6938775510204085	3.060344827586207	2.068027210884354	0.0	0.0	6.380952380952381	7.065420560747664	0.0	1.870748299319728	5.299212598425197	12.075268817204302	0.0	0.0	2.0816326530612246	15.598425196850394
26352	0.0	2.446969696969697	0.0	6.785714285714286	0.0	0.0	3.2906666666666666	3.0452830188679245	0.0	9.474193548387097	2.7663934426229506	1.3888888888888888	0.0	0.0	9.65266106442577	14.698060941828254	0.0	4.9569230769230765	2.2525252525252526	15.96418732782369	0.0	0.0	5.141414141414141	17.654040404040405
26353	0.0	2.481907894736842	0.0	4.870484581497798	0.0	0.0	1.958267716535433	2.4866141732283467	0.0	11.76985559566787	4.532702237521515	0.9992559523809523	0.0	0.0	5.580315691736304	6.0744769874476985	0.0	5.629166666666666	5.848214285714286	21.163141993957705	0.0	0.0	6.020733652312599	17.67587327376117
26354	0.3072463768115942	1.2579710144927536	0.0	2.7768115942028984	0.0	0.0	0.0	0.7536231884057971	0.0	8.223188405797101	2.356521739130435	0.0	0.5043478260869565	0.0	4.963730569948186	7.034985422740525	0.0	5.219827586206897	1.5971014492753624	16.209003215434084	0.0	0.0	1.8333333333333333	5.851282051282051
26355	0.0	1.6807511737089202	0.0	4.213235294117647	0.0	0.0	1.0704225352112675	2.1384976525821595	0.0	12.007194244604317	6.742021276595745	0.0	0.0	0.0	6.088319088319088	3.2588235294117647	0.0	4.994579945799458	0.6971830985915493	17.949554896142434	0.0	0.0	6.927461139896373	16.434285714285714
26356	0.0	3.0498687664041997	0.0	3.9027777777777777	0.0	0.0	0.0	1.5590551181102361	0.0	9.915032679738562	6.093220338983051	1.1574803149606299	0.0	0.0	2.356955380577428	13.172881355932203	0.0	2.8293963254593177	0.9816272965879265	9.381962864721485	0.0	0.0	3.6876640419947506	14.721784776902886
26357	0.0	0.0	0.0	5.689814814814815	0.0	0.0	3.925925925925926	0.3425925925925926	0.0	11.029585798816568	8.08860759493671	0.0	0.0	0.0	3.4074074074074074	9.91044776119403	0.0	6.197802197802198	2.574074074074074	13.393203883495145	0.0	0.0	8.36574074074074	15.671296296296296
26358	0.0	0.06280193236714976	0.0	1.2710526315789474	0.0	0.0	3.111111111111111	1.6908212560386473	0.0	12.514492753623188	2.2222222222222223	0.0	0.0024154589371980675	0.0	4.029315960912052	6.072463768115942	0.0	7.264305177111717	0.45410628019323673	22.997402597402598	0.7294685990338164	0.0	4.36231884057971	13.947214076246334
26359	0.0	1.4305555555555556	0.0	3.0624479600333054	0.0	0.0	1.842169408897014	1.1168996188055909	0.0	8.75650289017341	2.1670616113744074	1.7144444444444444	0.0	0.0	3.8120665742024964	7.620442708333333	0.0	6.047529706066292	0.7631768953068592	18.47489539748954	0.0	0.09777777777777778	5.763681592039801	12.21184668989547
26360	0.0	1.206896551724138	0.0	3.116279069767442	0.0	0.0	0.0	0.0	0.0	8.136498516320474	2.787878787878788	1.0977011494252873	0.0	0.0	5.415686274509804	10.472972972972974	0.0	5.82520325203252	1.7873563218390804	13.482608695652173	0.0	0.0	2.1267605633802815	13.604046242774567
26361	0.0	0.0	0.0	2.2602409638554217	0.0	0.0	1.8873239436619718	1.5376884422110553	0.0	5.7746913580246915	2.699530516431925	0.0	0.0	0.0	5.380382775119617	6.716292134831461	0.0	8.20911528150134	1.4812206572769953	19.004694835680752	0.0	0.5845070422535211	7.514588859416445	12.65679012345679
26362	0.0	0.7506471095772217	0.0	1.8897576231430806	0.0	0.0	3.71015625	1.034965034965035	0.0	9.804503582395087	4.191216834400732	0.0	0.0	0.0	1.9599287622439894	9.220588235294118	0.0	5.465740740740741	1.2077464788732395	14.473790322580646	0.0	0.0	2.67363184079602	11.984924623115578
26363	0.7092198581560284	2.101063829787234	0.0	3.1649048625792813	0.0	0.0	1.070921985815603	0.5283687943262412	0.0	4.757751937984496	0.8280871670702179	0.6351039260969977	0.0	0.0	1.9369747899159664	9.00886524822695	0.0	1.096638655462185	0.0	15.910828025477707	0.0	0.0	3.3404255319148937	15.868794326241135
26364	0.0	0.8048192771084337	1.1388888888888888	7.273809523809524	0.0	0.0	3.4526066350710902	6.091445427728614	0.0	10.58679706601467	0.8578088578088578	2.7995495495495497	0.0	0.0	5.2094763092269325	13.327981651376147	0.0	9.158590308370044	0.0	28.150793650793652	0.5992063492063492	0.0	7.090243902439024	20.49145299145299
26365	0.3825503355704698	6.795857988165681	0.9888143176733781	5.181008902077151	0.0	0.0	5.326923076923077	7.342281879194631	0.0447427293064877	26.56046511627907	8.2378223495702	3.726519337016575	1.163895486935867	0.0	7.731117824773414	27.43946188340807	0.0	13.803317535545023	5.316901408450704	40.483870967741936	0.0	0.0	17.633109619686802	30.01826484018265
26366	0.0	3.7843803056027165	0.0	2.1065918653576436	0.0	0.0	2.581935483870968	0.9120111731843575	0.0	9.16580310880829	3.6012084592145017	1.510939510939511	0.7619047619047619	0.0	7.692561983471075	13.061919504643964	0.0	4.078507078507078	1.8064516129032258	24.857142857142858	0.0	0.0	2.9241486068111455	21.96764252696456
26367	0.0	1.2463768115942029	0.0	0.0	0.0	0.0	0.0	3.6594202898550723	0.0	2.967741935483871	3.971014492753623	5.869565217391305	0.0	0.0	8.11111111111111	3.4565217391304346	0.0	2.5353535353535355	1.9057971014492754	11.459854014598541	0.0	1.2753623188405796	3.803030303030303	12.384057971014492
26368	0.0	0.48333333333333334	0.4875	3.225	0.0	0.0	1.5166666666666666	0.575	0.0	4.970833333333333	2.995833333333333	2.75	0.0	1.8083333333333333	6.741666666666666	10.822784810126583	0.0	3.70625	1.888268156424581	19.634517766497463	0.0	1.1944444444444444	6.6875	16.045833333333334
26369	0.0	0.0	0.0	0.0	0.0	0.0	5.972413793103448	0.0	0.0	12.223214285714286	0.0	2.510204081632653	0.9251700680272109	0.0	2.3125	17.683673469387756	0.0	6.127906976744186	1.1972789115646258	14.0	0.0	3.401360544217687	7.605442176870748	10.177966101694915
26370	0.0	2.0	0.0	3.2830009496676165	0.0	0.0	2.297674418604651	1.697	0.0	9.996926229508198	5.18921308576481	0.5479331574318381	0.26033421284080915	0.7449428320140721	3.5352743561030233	11.129930394431554	0.0	5.267068273092369	1.0546318289786223	19.71678966789668	0.0	0.0	5.3438343834383435	26.308490566037737
26371	0.0	2.691699604743083	0.0	7.585399449035813	0.0	0.0	3.546116504854369	2.0236907730673317	0.0	7.048939641109299	4.579793340987371	0.9493670886075949	0.0	0.0	4.084905660377358	8.040745052386496	0.0	6.690026954177897	1.7546012269938651	16.264172335600907	0.0	0.0	4.969899665551839	16.824396782841823
26372	0.0	1.0820895522388059	0.0	1.9154228855721394	0.0	0.0	0.5323383084577115	1.9577114427860696	0.0	14.17013888888889	0.0	2.239795918367347	0.0	0.0	3.5	3.982005141388175	0.0	6.065573770491803	0.06467661691542288	8.850746268656716	0.0	0.0	0.0	13.47197640117994
26373	0.0	1.653012048192771	0.0	5.346965699208443	0.0	0.0	3.638157894736842	2.7316486161251503	0.0	8.785900783289817	7.045728038507822	0.9261285909712722	0.0	0.0	5.297435897435897	7.6339969372128635	0.0	3.0196969696969695	0.0	23.581047381546135	0.0	0.0	3.7024647887323945	19.429340511440106
26374	0.0	2.9384057971014492	0.6363636363636364	5.260964912280702	0.0	0.0	1.111926605504587	2.4347826086956523	0.0	10.391891891891891	5.145877378435518	0.0	0.0	0.0	7.830097087378641	9.923963133640553	0.0	2.871459694989107	0.0	24.39696312364425	0.0	0.0	3.435523114355231	19.248815165876778
26375	0.0	0.8875	0.0	2.304785894206549	0.01520086862106406	0.0	0.22041259500542887	1.0164424514200299	0.0	10.76923076923077	1.8071808510638299	1.5570175438596492	0.0	0.0	6.150246305418719	15.192252510760401	0.0	4.939467312348668	0.8377192982456141	18.94833524684271	0.0	0.0	6.711538461538462	16.485714285714284
26376	0.0	1.689892051030422	0.4775549188156638	6.172888015717092	0.0	0.0	2.3572413793103446	1.630071599045346	0.0	11.899538106235566	5.427753934191703	1.049665711556829	0.0	0.0	8.100286532951289	9.839537869062902	0.0	3.941949616648412	0.9551098376313276	27.225844004656576	0.0	0.0	7.583333333333333	13.333333333333334
26377	0.0	0.0	0.0	3.7209302325581395	0.0	0.0	1.7248062015503876	0.0	0.0	10.546666666666667	6.056768558951965	0.937984496124031	0.0	1.1627906976744187	5.01980198019802	6.507751937984496	0.0	11.213973799126638	0.0	19.274418604651164	0.0	0.0	6.069651741293533	19.865591397849464
26378	0.0	2.135693215339233	0.0	2.065040650406504	0.0	0.0	2.2542087542087543	1.0810313075506446	0.0	6.907936507936508	2.541871921182266	1.7861356932153392	0.0	0.0	6.059273422562142	11.697074010327022	0.0	1.3063063063063063	1.5147492625368733	20.715927750410508	0.0	0.0	3.8060413354531	14.589905362776026
26379	0.0	1.6865248226950356	0.0	2.7108208955223883	0.0	0.0	2.3558620689655174	1.747675962815405	0.0	7.8373860182370825	3.540197461212976	2.4262948207171315	0.0	0.0	2.255855855855856	4.9179389312977095	0.0	3.4194260485651213	3.6666666666666665	20.64199655765921	0.0	0.0	3.5660919540229883	11.447931526390871
26380	0.0	6.4774774774774775	0.0	3.8	0.0	0.0	4.072072072072072	0.17117117117117117	0.0	9.185185185185185	14.964705882352941	2.7117117117117115	0.0	0.0	2.09009009009009	5.036036036036036	0.0	9.342342342342342	1.2072072072072073	20.083333333333332	0.954954954954955	0.7657657657657657	5.027027027027027	25.467391304347824
26381	0.0	1.8177339901477831	0.0	4.209677419354839	0.0	0.0	0.0	2.899159663865546	0.0	7.911290322580645	5.082101806239737	1.4121510673234812	0.0	0.0	3.9813278008298756	8.698744769874477	0.0	3.6862003780718338	2.337231968810916	21.93414211438475	0.0	0.0	6.408450704225352	18.469785575048732
26382	0.0	1.6126126126126126	0.0	4.757575757575758	0.0	0.0	0.0	0.0	0.0	9.1787072243346	3.6728624535315983	0.0	0.3483483483483483	0.8828828828828829	9.57057057057057	12.680161943319838	0.0	1.1591591591591592	2.201201201201201	28.353951890034363	0.0	0.0	5.300940438871473	15.792569659442725
26383	0.0	2.2983870967741935	0.0	6.1775956284153	0.0	0.0	6.246835443037975	0.8817204301075269	0.2734375	6.182142857142857	3.03125	0.0	0.0	0.0	4.809688581314879	10.44186046511628	0.0	6.588709677419355	0.8521505376344086	28.01923076923077	0.0	0.22043010752688172	7.096590909090909	23.333333333333332
26384	0.0	1.1166666666666667	0.0	0.0	0.0	0.0	0.0	0.0	0.0	9.070422535211268	5.950704225352113	0.0	0.0	0.0	3.623152709359606	8.41747572815534	0.0	0.0	0.0	11.4775	0.0	0.0	4.5089974293059125	8.86448598130841
26385	0.0	2.1865079365079363	0.0	2.253968253968254	0.75	0.0	0.8849206349206349	0.7297297297297297	0.0	7.017857142857143	3.7872340425531914	0.5470588235294118	0.0	0.0	2.9761904761904763	8.075555555555555	0.0	6.800813008130081	1.2738095238095237	13.14975845410628	0.0	0.0	4.178571428571429	20.119266055045873
26386	0.0	0.0	0.0	3.6349871134020617	0.0	0.0	1.1123557365919892	1.276927692769277	0.0	10.153409090909092	4.69640062597809	0.0	0.0	0.12061206120612061	4.118893064571234	7.921892189218922	0.0	3.7133587786259543	0.0	18.03380386329866	0.0	0.0	3.1632406287787185	15.30338230269901
26387	0.0	1.551109813084112	0.0	2.8464954012052015	0.0	0.0	0.9435542607428987	1.0453020134228188	0.06102081551183348	7.806408544726302	3.0121951219512195	0.8705629257798494	0.09409751924721985	0.0	2.538186545336367	7.8820242160819625	0.0	3.4722419928825623	1.1254038179148311	15.839648982848026	0.05873966353008269	0.08639863130881095	3.612079701120797	15.714916430148218
26388	0.0	2.2128801431127014	0.0	3.7745454545454544	0.4326241134751773	0.0	4.148314606741573	3.547872340425532	0.0	9.536496350364963	4.428893905191874	2.0460992907801416	0.0	0.0	3.634453781512605	7.019438444924406	0.0	2.248743718592965	0.8031914893617021	18.274428274428274	0.0	0.0	3.8079096045197742	18.591666666666665
26389	0.0	0.0	0.0	0.0	0.0	0.02666666666666667	1.6627906976744187	3.9155555555555557	0.0	7.665116279069768	4.402777777777778	1.04	0.0	0.0	5.542222222222223	12.009302325581395	0.0	5.86144578313253	0.0	24.90277777777778	0.0	0.0	5.8533333333333335	14.13265306122449
26390	0.0	0.0856760374832664	0.9049531459170014	4.042492917847025	0.0	0.0	3.049921996879875	3.9967532467532467	0.0	7.930693069306931	3.0257452574525745	1.2077151335311573	0.0	0.0	7.437751004016064	8.425685425685426	0.0	10.05718270571827	0.9745649263721553	25.085072231139648	0.0	0.0	3.874380165289256	17.380451127819548
26391	0.0	0.0	0.0	4.091981132075472	0.0	0.0	0.0	1.5833333333333333	0.0	6.151051625239006	3.127551020408163	1.5	0.0	0.0	3.284274193548387	11.869718309859154	0.0	4.087912087912088	2.554421768707483	19.420841683366735	0.0	0.0	6.598553345388789	16.044989775051125
26392	0.0	2.1705426356589146	0.0	1.069767441860465	0.0	0.0	0.0	0.023255813953488372	0.0	3.8449612403100777	5.739583333333333	0.0	0.0	0.0	3.488372093023256	6.018691588785047	0.0	2.3076923076923075	0.751937984496124	9.714285714285714	0.0	0.0	4.0310077519379846	17.955357142857142
26393	0.0	1.5564516129032258	0.0	0.0	0.0	0.0	1.3709677419354838	0.0	0.0	5.677669902912621	7.265895953757226	0.0	0.0	0.0	2.3907563025210083	11.76311844077961	0.0	3.2294853963838666	0.0	14.269927536231885	0.0	0.0	2.007824726134585	15.361873990306947
26394	0.0	0.0	0.0	2.9817708333333335	0.0	0.0	0.9552238805970149	1.9244791666666667	0.0	8.19281045751634	3.7890625	0.0	0.0	0.0	7.919871794871795	4.872	0.0	5.1892655367231635	1.3187134502923976	22.597122302158272	0.0	0.0	1.9826388888888888	6.7601156069364166
26395	0.0	4.266903914590747	0.0	3.9591836734693877	0.0	0.0	4.73828125	1.8639455782312926	0.0	6.596551724137931	0.8128654970760234	1.8979591836734695	0.0	0.0	3.479591836734694	4.082142857142857	0.0	3.557093425605536	0.0	22.10112359550562	0.0	0.0	0.0	8.726315789473684
26396	0.0	2.2048192771084336	1.7028112449799198	5.536144578313253	0.0	0.0	0.0	3.1791044776119404	0.0	6.075	3.1566265060240966	0.11244979919678715	0.0	0.0	7.113689095127611	9.746636771300448	0.0	4.272916666666666	0.6657060518731989	9.263005780346822	0.0	0.0	3.648854961832061	20.243589743589745
26397	0.35384615384615387	1.532258064516129	1.036101083032491	3.1774744027303754	0.0	0.0	0.0	1.8244047619047619	0.0	11.60077519379845	4.008230452674897	0.0	1.2529761904761905	1.3095238095238095	12.019417475728156	9.554385964912282	1.1071428571428572	11.154340836012862	3.479553903345725	26.803571428571427	0.0	0.0	5.877976190476191	28.04982206405694
26398	0.0	1.9111627906976745	0.0	3.065458796025716	0.0	0.0	0.5931603773584906	1.7848214285714286	0.0	9.44589720468891	2.897968197879859	0.0	0.0	0.0	3.540341171046565	6.856330749354005	0.0	4.030703826169107	0.0	15.793993430314407	0.0	0.0	5.357957136342909	17.944794188861984
26399	0.0	0.0	0.0	2.2627450980392156	0.0	0.0	1.6686274509803922	1.940329218106996	0.0	11.287280701754385	4.125490196078432	5.89556135770235	0.0	0.0	2.3529411764705883	12.302798982188294	0.0	2.250497017892644	1.7159353348729791	18.35697399527187	0.0	0.0	1.3419203747072599	9.870103092783506
26400	0.0	1.7720588235294117	0.0	7.266871165644171	0.0	0.0	0.6102941176470589	0.7328431372549019	0.0	6.949008498583569	3.575980392156863	0.0	0.0	0.0	3.801470588235294	8.009803921568627	0.0	6.849056603773585	1.0612745098039216	8.531007751937985	0.0	0.0	2.218390804597701	10.861495844875346
26401	0.0	1.7743413516609392	0.0	1.9860627177700347	0.0	0.0	1.0214067278287462	1.418098510882016	0.0	10.127475247524753	2.367088607594937	0.0	0.7857961053837342	0.0	3.9545454545454546	9.642023346303501	0.0	3.1426751592356688	1.1556195965417868	24.961489088575096	0.0	0.0	5.121573301549463	15.510107015457788
26402	0.0	0.7960725075528701	0.0	0.0	0.0	0.0	0.0	0.0	0.0	11.396704689480355	4.095303867403315	0.0	0.14681107099879662	0.0	7.584905660377358	7.8321678321678325	0.0	3.5872442839951866	0.21928166351606806	13.244005641748942	0.0	0.6293622141997594	4.068285280728376	17.542458808618505
26403	0.0	1.4022988505747127	0.0	0.6290944123314065	0.0	0.0	0.8789189189189189	3.058186738836265	0.0	10.678832116788321	3.432530120481928	0.0	0.0	0.0	2.462121212121212	11.022610483042138	0.0	3.542708333333333	1.4194444444444445	17.840860215053763	0.0	0.0	8.058823529411764	18.927810650887572
26404	0.0	0.4617737003058104	0.0	3.103448275862069	0.0	0.0	2.700361010830325	0.7507645259938838	0.0	6.943485086342229	3.667247386759582	0.0	0.0	0.0	3.2589703588143526	2.754385964912281	0.0	3.106529209621993	2.2247706422018347	16.207109737248842	0.0	0.0	3.909547738693467	12.138195777351248
26405	0.0	4.440476190476191	0.0	1.3630952380952381	0.0	0.0	0.38095238095238093	0.4642857142857143	0.0	2.1267605633802815	1.2153846153846153	0.023809523809523808	0.0	1.6011904761904763	3.3452380952380953	9.2	0.0	2.107142857142857	0.8035714285714286	10.496688741721854	0.0	0.0	4.988095238095238	5.2465753424657535
26406	0.0	0.2268041237113402	0.9676113360323887	2.559233449477352	0.0	0.0	3.5412371134020617	0.0	0.0	5.442804428044281	4.690189328743545	2.508591065292096	0.0	0.0	2.77431906614786	6.386759581881533	0.0	2.7422680412371134	0.7147766323024055	14.421516754850089	0.0	0.0	1.853658536585366	15.235867446393762
26407	0.0	0.0	0.4375	4.083720930232558	0.0	0.0	3.3041666666666667	0.15833333333333333	0.0	8.00438596491228	6.3	0.7583333333333333	0.0	0.0	8.891666666666667	3.2586206896551726	0.0	3.3125	0.0	9.939914163090128	0.0	0.0	4.280851063829787	14.217171717171718
26408	0.0	0.0	0.0	5.932960893854749	0.0	0.0	0.8928571428571429	0.0	0.0	6.126262626262626	7.695652173913044	0.0	0.0	0.0	7.457142857142857	9.650887573964496	0.0	2.968421052631579	0.23809523809523808	7.299107142857143	0.0	0.0	3.876984126984127	8.72316384180791
26409	0.0	1.7095032397408207	0.0	3.4122674710910004	0.0	0.0	1.9285333333333334	2.281936127744511	0.0	9.519810762862212	3.6135957066189626	1.8292422625400213	0.0	0.0	5.064417177914111	8.363577023498694	0.0	5.1139896373057	1.786610878661088	20.679479597871083	0.0	0.0	4.290570175438597	15.804862023653088
26410	0.0	2.517948717948718	0.0	3.856060606060606	0.0	0.0	3.7094017094017095	0.0	0.0	9.314977973568283	2.8425925925925926	1.0564102564102564	0.0	0.0	6.955223880597015	8.958333333333334	0.0	7.075901328273245	0.8547008547008547	21.036259541984734	0.0	0.532258064516129	4.741880341880342	21.62046908315565
26411	0.0	1.8313253012048192	0.3674698795180723	3.2720883534136544	0.0	0.0	2.0734649122807016	3.7299196787148596	0.0	10.975274725274724	3.026406429391504	1.0031982942430704	0.0	0.0	5.087090163934426	11.683333333333334	0.0	3.3458823529411763	0.4387550200803213	13.546018614270942	0.0	0.0	6.351449275362318	14.780045351473923
26412	0.0	9.291970802919709	0.0	1.5254237288135593	0.0	0.0	0.0	5.695970695970696	0.0	9.078125	6.845528455284553	0.0	0.0	0.0	9.212454212454212	9.29004329004329	0.0	5.26007326007326	2.672932330827068	28.312741312741313	0.0	0.0	0.9863945578231292	21.68679245283019
26413	0.0	1.5981651376146788	0.0	6.94238683127572	0.0	0.0	1.5577557755775577	1.8745874587458746	0.0	9.043117744610282	4.7924528301886795	0.0	0.0	0.0	7.726256983240224	10.044554455445544	0.0	8.00190114068441	1.5016501650165017	27.683823529411764	0.0	0.7937293729372937	7.182572614107884	21.73643410852713
26414	0.0	1.8818181818181818	0.0	2.7146776406035666	0.0	0.0	1.7865353037766831	1.9862825788751715	0.0	13.686274509803921	2.9258241758241756	1.6227709190672153	0.0	0.0	9.136678200692042	8.299689440993788	0.0	11.207006369426752	0.6415841584158416	23.59718309859155	0.0	0.0	3.628257887517147	19.876632801161104
26415	0.0	2.580209895052474	1.5550786838340487	1.9941434846266473	0.0	0.0	2.75	1.4650145772594751	0.0	11.135076252723312	3.8795620437956204	1.3960066555740434	0.0	0.0	3.6728778467908905	9.539923954372624	0.0	5.596244131455399	3.4908814589665655	18.92914653784219	0.0	0.0	4.764811490125673	20.53074433656958
26416	0.0	1.1638981173864895	0.0	3.096296296296296	0.09169054441260745	0.0	1.853868194842407	1.4708691499522446	0.0	9.401442307692308	4.928421052631579	1.2074688796680497	0.0	0.13753581661891118	2.93173198482933	9.006191950464396	0.0	3.054958183990442	0.0	20.656512605042018	0.0	0.0	4.939271255060729	14.439411098527746
26417	0.0	0.0	0.7752808988764045	3.2416502946954813	0.0	0.0	0.0	3.5512295081967213	0.0	10.32696390658174	4.398876404494382	2.458823529411765	0.651685393258427	0.0	3.484536082474227	8.776243093922652	0.0	7.24582338902148	1.4475655430711611	11.594871794871795	0.0	0.5037453183520599	3.988888888888889	18.575824175824177
26418	0.0	0.7955182072829131	0.0	6.824675324675325	0.0	0.0	2.3977591036414565	1.1624649859943978	0.0	5.059210526315789	2.3529411764705883	1.7366946778711485	0.0	0.0	2.1993355481727574	6.504201680672269	0.0	9.062295081967212	1.8739495798319328	14.104938271604938	0.0	0.0	5.126050420168068	18.63486842105263
26419	0.0	0.0	0.0	2.6786060019361084	0.6131078224101479	0.0	1.0694444444444444	1.1177745664739884	0.0	10.221232368225687	5.1398086828550404	0.0	0.0	0.0	4.017391304347826	9.675697865353039	0.0	4.992764109985528	1.2903453136011276	16.275318829707427	0.0	0.0	4.720588235294118	12.998367346938776
26420	0.0	1.2975	0.0	4.540215326155795	0.0	0.0	3.1569037656903767	1.4527620030975736	0.0	7.756586483390607	3.6797461050201963	1.1291152263374487	0.0	0.0	6.15979081929111	7.764202810018326	0.0	5.579320113314448	1.6601269474899019	17.658969804618117	0.0	0.0	3.5119533527696793	14.904791154791155
26421	0.0	1.1744471744471745	0.0	0.0	0.0	0.0	1.8403547671840355	0.0	0.0	7.883544303797469	5.883656509695291	0.0	0.0	0.0	5.318181818181818	10.824940047961631	0.0	7.54421768707483	2.186147186147186	23.252983293556085	0.0	0.0	6.040963855421687	18.67241379310345
26422	0.0	2.013372956909361	0.0	3.3685714285714288	0.0	0.0	3.8016806722689074	0.0	0.0	7.626647144948755	4.401785714285714	0.0	0.707641196013289	0.0	2.167870036101083	11.3785594639866	0.0	3.959124087591241	1.0661040787623066	17.65751211631664	0.0	0.0	3.9445324881141044	16.824304538799414
26423	0.0	1.0369127516778522	0.0	6.183561643835616	0.16145833333333334	0.0	3.3301435406698565	2.09375	0.0	9.029333333333334	6.135416666666667	2.9010416666666665	0.0	0.0	3.2714285714285714	10.411552346570398	0.0	4.359375	1.9114583333333333	18.124620060790274	0.0	0.0	2.7308868501529053	17.66216216216216
26424	0.0	2.9758771929824563	0.0	1.792	0.0	0.0	1.855421686746988	1.1900452488687783	0.0	5.5703517587939695	4.786231884057971	0.0	0.0	0.0	2.8425720620842574	9.779591836734694	0.0	4.665775401069519	0.0	28.681399631675873	0.0	0.0	7.642487046632124	19.16826923076923
26425	0.0	0.31693989071038253	0.0	1.5081967213114753	0.0	0.0	1.1912568306010929	0.0	0.0	5.85792349726776	6.165605095541402	0.7540983606557377	0.0	0.0	7.939890710382514	4.169398907103825	0.0	8.6	0.0	20.52121212121212	0.0	0.0	6.093406593406593	15.666666666666666
26426	0.0	4.180089485458613	0.0	1.5723039215686274	0.0	0.0	4.056	0.8791500664010624	0.0	13.938983050847458	7.803664921465969	1.307936507936508	0.0	0.0	6.51625	11.549520766773163	0.0	6.787965616045845	3.952101661779081	23.982365145228215	0.0	0.0	8.828367103694875	23.727948990435706
26427	0.0	6.211267605633803	0.0	0.0	0.0	0.0	3.0634920634920637	0.0	0.0	9.972850678733032	7.468599033816425	0.28294573643410853	0.0	0.0	7.170542635658915	4.186046511627907	0.0	2.511627906976744	0.0	11.384615384615385	0.0	0.0	4.759036144578313	11.919431279620854
26428	0.576271186440678	0.0	0.0	4.423728813559322	0.0	0.0	1.7514124293785311	0.0	0.0	13.357142857142858	5.619585687382298	1.9732739420935412	0.0	0.71939736346516	8.733830845771145	11.115902964959568	0.0	6.161194029850746	0.9453860640301318	16.42452830188679	0.0	0.0	3.6252354048964217	18.51358695652174
26429	0.0	2.309917355371901	0.0	0.49206349206349204	0.0	0.0	1.4801587301587302	2.1706349206349205	0.0	9.058295964125561	6.059523809523809	0.35714285714285715	0.0	0.0	0.9285714285714286	6.867579908675799	0.0	6.4541832669322705	0.0	9.060869565217391	0.0	0.0	12.363636363636363	9.453781512605042
26430	0.0	4.738095238095238	0.0	0.0	0.38095238095238093	0.0	3.676190476190476	2.6619047619047618	0.0	8.095890410958905	5.066666666666666	0.0	0.0	0.0	3.280952380952381	7.95625	0.0	2.219047619047619	0.0	10.152380952380952	0.0	0.0	2.533333333333333	11.152173913043478
26431	0.0	0.0	0.0	2.981132075471698	0.0	0.0	4.067897165458141	2.42964996568291	0.0	10.678492239467849	2.1209048361934477	0.9861751152073732	0.0	0.0	2.299698795180723	8.04373610081542	0.0	2.793226381461676	1.8885774351786966	16.62801070472792	0.0	0.0	5.902457185405808	18.21435499515034
26432	0.0	0.0	0.0	1.1666666666666667	0.0	0.0	0.3218390804597701	0.0	0.0	2.9770114942528734	2.0402298850574714	2.689655172413793	0.0	0.0	2.124031007751938	2.2758620689655173	0.0	0.41954022988505746	5.748466257668712	10.753731343283581	0.0	0.0	1.704225352112676	7.632183908045977
26433	0.1732283464566929	0.0	0.2887139107611549	0.0	0.0	0.0	0.0	1.0275590551181102	0.0	4.197349042709868	0.0	1.0026246719160106	0.0	0.8910761154855643	2.900262467191601	5.222963951935914	0.0	1.6403641881638846	0.3937007874015748	6.146762589928057	0.0	0.9589603283173734	3.577272727272727	7.12
26434	0.0	0.0	0.0	5.476190476190476	0.0	0.0	0.7738853503184714	0.7635327635327636	0.0	8.704761904761904	8.693140794223826	0.8081395348837209	0.0	0.0	5.111959287531807	8.732186732186733	0.0	4.961218836565097	2.898823529411765	10.995464852607709	0.0	0.0	5.786666666666667	13.753694581280788
26435	0.0	0.0	0.0	1.2834138486312399	0.0	0.0	1.9358717434869739	0.0	0.0	6.806451612903226	3.5153970826580228	0.0	0.0	0.0	0.0	4.911111111111111	0.0	1.7079107505070994	0.9726247987117552	6.981519507186858	0.0	0.0	2.4766505636070852	14.782752902155888
26436	0.0	2.7025641025641027	0.0	0.0	0.0	0.0	1.2307692307692308	2.128205128205128	0.0	6.871794871794871	0.9128205128205128	0.8615384615384616	0.0	0.0	5.361702127659575	3.317948717948718	0.0	2.0358974358974358	0.0	14.031578947368422	0.0	0.0	3.7282051282051283	6.656716417910448
26437	0.0	6.438287153652393	0.6773504273504274	6.861111111111111	1.1866666666666668	0.0	7.898351648351649	1.420940170940171	0.0	7.85972850678733	5.932714617169373	2.8098958333333335	0.0	0.0	6.622589531680441	10.149122807017545	0.0	1.6875	1.6816239316239316	19.437837837837836	0.0	0.7094017094017094	7.9144542772861355	25.13294797687861
26438	0.0	0.0	0.0	3.8106666666666666	0.0	0.0	1.9946666666666666	1.9413333333333334	0.0	7.273148148148148	2.2410468319559227	1.5973333333333333	0.0	0.0	2.9653614457831323	6.5772357723577235	0.0	3.4158730158730157	1.3125	7.081497797356828	0.0	0.0	2.1522346368715084	14.153703703703703
26439	0.0	1.8611111111111112	0.42828882294757664	3.4100905562742563	0.0	0.42136498516320475	2.027511961722488	2.0	0.0	8.796149490373725	6.5351137487636	0.0	0.0	0.0	5.729124236252546	8.186732186732186	0.0	6.271018793273986	1.644578313253012	20.054711246200608	0.0	0.0	6.428070175438597	18.432799013563503
26440	0.0	1.1339031339031338	0.0	3.50997150997151	0.0	0.0	1.6809116809116809	0.0	0.0	9.948717948717949	5.230240549828179	0.0	0.0	0.0	8.216	9.27007299270073	0.0	2.3903133903133904	3.242165242165242	28.26829268292683	0.0	0.6951566951566952	9.866096866096866	10.831615120274915
26441	0.0	2.285907859078591	0.0	2.7513416815742398	0.0	0.0	3.1712962962962963	2.259684361549498	0.0	6.069306930693069	2.0273972602739727	0.8369905956112853	0.0	0.0	5.4668547249647395	7.181506849315069	0.0	8.118210862619808	2.2506775067750677	13.985294117647058	0.0	0.0	5.051971326164875	14.164179104477611
26442	0.0	2.12751677852349	0.0	1.8193384223918576	0.5058823529411764	0.0	2.3933161953727504	1.4168734491315136	0.0	6.221445221445221	2.268	1.996078431372549	0.0	0.0	7.633771929824562	6.2055837563451774	0.0	1.4609929078014185	3.2215686274509805	25.70378151260504	0.0	0.0	6.764840182648402	5.283208020050125
26443	0.0	0.0	0.0	2.2222222222222223	0.0	0.0	0.0	0.9852507374631269	0.0	10.102564102564102	5.758024691358025	1.0469135802469136	0.0	0.4	8.180246913580246	4.401360544217687	0.0	1.46	0.0	22.7439446366782	0.0	0.0	2.8753117206982544	11.22962962962963
26444	0.0	1.3856447688564477	0.0	2.1842105263157894	0.0	0.0	3.2044989775051125	1.4841053587647592	0.0	8.029322548028311	1.9531090723751274	0.0	0.0	0.0	5.259765625	11.00561167227834	0.0	4.927736450584485	4.648987463837994	13.85945945945946	0.12806539509536785	0.0	4.8933623503808485	19.39075630252101
26445	0.0	1.9402985074626866	0.0	14.32972972972973	0.0	0.0	5.528925619834711	5.986754966887418	0.0	12.972136222910217	11.346938775510203	4.9437229437229435	0.0	0.0	11.65989847715736	22.294573643410853	0.0	8.415584415584416	5.52319587628866	40.876315789473686	0.0	0.0	11.853711790393014	30.649068322981368
26446	0.0	1.6425339366515836	1.6237623762376239	8.93525179856115	0.0	0.0	4.783018867924528	1.2013201320132014	0.0	24.636666666666667	7.35973597359736	2.5280528052805282	0.0	0.9966996699669967	14.333333333333334	23.482758620689655	0.0	17.667910447761194	3.08	38.16379310344828	0.0	0.0	12.834983498349835	50.156462585034014
26447	0.0	5.69	0.0	7.895043731778426	0.0	0.0	5.259358288770054	3.8585858585858586	0.0	19.355048859934854	9.297297297297296	0.06930693069306931	0.0	0.0	10.04733727810651	22.315018315018314	0.0	11.060171919770774	6.97979797979798	48.34172661870504	0.0	1.47979797979798	12.349367088607595	34.92203389830509
26448	0.0	1.4833333333333334	0.0	0.9841849148418491	0.0	0.0	1.4951219512195122	0.0	0.0880952380952381	2.997539975399754	0.9670958512160229	2.16969696969697	0.0	0.0	2.329559748427673	4.493268053855569	0.0	0.7944785276073619	0.0	11.029329608938548	0.0	0.0	3.2805555555555554	16.96951219512195
26449	0.0	0.8968253968253969	0.0	1.8174603174603174	0.0	0.0	3.936974789915966	0.1111111111111111	0.0	6.551020408163265	1.7245508982035929	0.0	0.0	0.0	4.92	8.413953488372092	0.0	2.0674603174603177	0.0	11.018018018018019	0.0	0.0	2.511904761904762	12.886666666666667
26450	0.0	1.9463327370304115	0.0	1.1777777777777778	0.0	0.0	1.7437603993344426	1.3303703703703704	0.0	9.587431693989071	4.862068965517241	1.3837037037037037	0.0	0.0	3.5682242990654207	7.597200622083982	0.0	4.981220657276995	0.0	16.12770137524558	0.0	0.0	1.7692307692307692	9.881889763779528
26451	0.0	2.0451977401129944	0.0	1.65625	0.0	0.0	1.8488120950323974	1.6854990583804144	0.0	8.043165467625899	2.4826254826254828	2.948374760994264	0.0	0.0	5.146137787056367	5.657250470809793	0.0	6.131979695431472	1.5536723163841808	13.886198547215496	0.0	0.9811676082862524	4.493801652892562	18.399585921325052
26452	1.4642857142857142	0.0	0.0	0.84251968503937	0.0	0.0	3.5934959349593494	1.2321428571428572	0.0	4.801587301587301	2.3212121212121213	0.0	0.0	0.0	5.025773195876289	5.319191919191919	0.0	4.038383838383838	1.2857142857142858	11.918650793650794	0.0	0.0	3.399113082039911	15.035555555555556
26453	0.0	2.82183908045977	0.0	2.6492537313432836	0.0	0.0	1.8322981366459627	0.0	0.0	13.848484848484848	4.7611940298507465	0.0	0.0	0.0	5.615584415584416	7.067164179104478	0.0	1.4950248756218905	1.644278606965174	11.490196078431373	0.0	0.36069651741293535	3.7564469914040113	13.022388059701493
26454	0.0	5.240259740259741	0.0	6.429553264604811	0.0	0.0	3.663230240549828	0.9830508474576272	0.0	7.453571428571428	4.7212543554006965	0.0	0.0	0.0	2.734126984126984	3.161512027491409	0.0	3.8195876288659796	0.0	20.03813559322034	0.0	0.0	8.279151943462898	15.19047619047619
26455	0.0	1.9163498098859315	0.38022813688212925	3.8569482288828336	0.0	0.0	2.640102827763496	1.2357414448669202	0.0	9.742251223491028	1.678082191780822	0.0	0.0	0.14702154626108999	5.579214195183777	7.545454545454546	0.0	5.956204379562044	0.0	23.55832241153342	0.0	0.0	3.650190114068441	18.552803129074317
26456	0.0	0.5107033639143731	0.0	3.298989898989899	0.0	0.0	2.092233009708738	0.7878787878787878	0.0	9.926470588235293	2.9663677130044843	1.7737373737373738	0.0	0.0	3.8511166253101736	5.156182212581345	0.0	6.4222222222222225	0.8646464646464647	13.103064066852367	0.0	0.0	5.715	18.0020202020202
26457	0.0	4.484662576687117	0.0	0.0	0.0	0.0	2.9081632653061225	0.0	0.0	9.748344370860927	3.586826347305389	0.0	0.0	0.0	7.608	11.321428571428571	0.0	2.7560975609756095	0.35353535353535354	17.161971830985916	0.0	0.0	5.025252525252525	9.677631578947368
26458	0.0	3.748031496062992	1.1504761904761904	2.6533333333333333	0.0	0.0	2.969465648854962	0.0	0.0	8.157790927021697	2.6988188976377954	0.0	0.0	0.0	5.552380952380952	8.306122448979592	0.0	5.206434316353888	0.7195121951219512	7.889855072463768	0.0	0.0	3.3	17.575892857142858
26459	0.0	1.3710843373493975	0.0	4.0263852242744065	0.0	0.0	1.6168032786885247	0.6720867208672087	0.0	9.177655677655677	4.74375	0.022452504317789293	0.0	0.0	4.836322869955157	7.921671018276762	0.0	7.844660194174757	2.822550831792976	8.256198347107437	0.0	0.0	4.994987468671679	20.43661971830986
26460	0.0	1.6573621772505234	0.0	2.1019955654101996	0.0	0.0	1.751145038167939	3.042320819112628	0.0	9.756949960285942	2.936332767402377	1.012491781722551	0.0	0.0	7.966503838101884	7.162139917695473	0.0	5.902818991097923	2.7465469613259668	15.170805116629044	0.0	0.0	5.902234636871508	16.16790736145575
26461	0.0	0.832	0.0	2.2446153846153845	0.0	0.0	1.8433179723502304	1.6274509803921569	0.0	9.11340206185567	1.5384615384615385	0.0	0.0	0.0	2.03778677462888	11.467353951890034	0.0	0.844	1.765993265993266	11.584770114942529	0.0	0.0	1.5041322314049588	12.099415204678362
26462	0.0	2.5479082321187585	0.0	4.26775956284153	0.0	0.0	3.6171107994389904	5.1632996632996635	0.0	8.282006920415226	4.805668016194332	1.2105263157894737	0.008097165991902834	0.0	3.7402234636871508	10.794495412844038	0.3697705802968961	3.2591093117408905	0.0	22.532867132867132	0.0	0.0	0.0	15.08753709198813
26463	0.0	0.0	0.0	0.0	0.0	0.0	1.6346801346801347	0.0	0.0	5.875457875457876	3.4267399267399266	0.0	0.0	0.0	1.884453781512605	5.829545454545454	0.0	3.41875	1.6885521885521886	6.3883161512027495	0.0	0.0	2.7986463620981388	8.753001715265865
26464	0.0	0.0	0.0	1.9160206718346253	0.0	0.0	3.289405684754522	1.268733850129199	0.0	3.782051282051282	2.6707317073170733	1.1795865633074936	0.0	0.9056847545219638	3.9394387001477105	5.332041343669251	0.0	0.739406779661017	1.5180878552971577	14.122511485451762	0.0	0.0	3.805855161787365	12.98705035971223
26465	0.0	1.2907801418439717	0.0	0.46099290780141844	0.0	0.0	1.177304964539007	0.0	0.0	2.9745762711864407	2.219858156028369	0.0	0.0	0.0	2.1777777777777776	7.3120567375886525	0.0	5.633093525179856	0.9787234042553191	15.776923076923078	0.0	0.0	2.2238805970149254	12.846938775510203
26466	0.0	3.3088655862726406	0.0	4.980947955390334	0.0	0.0	3.5531914893617023	1.924871675221652	0.0	10.866587254318047	6.825389550870761	1.4836363636363636	0.49411764705882355	0.0	5.931868131868132	11.777719665271967	0.0	5.422191528545119	2.265655577299413	29.99096705632306	0.0	0.0	7.820017559262511	23.839669421487603
26467	0.0	3.6619718309859155	0.8215962441314554	3.1267605633802815	0.0	0.0	3.347417840375587	0.0	0.0	18.828767123287673	7.572769953051643	0.4413145539906103	0.0	0.0	4.446009389671362	12.746478873239436	0.0	7.968085106382978	1.4929577464788732	25.61875	0.0	1.0422535211267605	1.727699530516432	14.567741935483872
26468	0.0	3.2723880597014925	1.731638418079096	3.2231638418079096	0.0	0.0	0.0	1.7372881355932204	0.0	11.098305084745762	0.9685534591194969	1.972027972027972	0.0	0.0	2.968926553672316	10.520900321543408	0.8870056497175142	4.570996978851964	1.497175141242938	16.246861924686193	0.7824858757062146	0.0	8.162544169611307	16.245283018867923
26469	0.0	0.0	0.0	0.7511111111111111	0.0	0.0	0.0	0.7777777777777778	0.0	4.855140186915888	1.5333333333333334	1.6666666666666667	0.0	0.0	6.294392523364486	8.454545454545455	0.0	2.432558139534884	3.7104072398190047	20.908256880733944	0.0	0.0	2.7955555555555556	18.012269938650306
26470	0.0	0.8051282051282052	0.40854700854700854	5.608547008547008	0.0	0.0	1.5846153846153845	0.751101321585903	0.0	8.196172248803828	4.305982905982906	0.0	0.0	0.0	4.348958333333333	3.362676056338028	0.0	3.2243186582809225	3.011965811965812	18.86394557823129	0.0	0.0	2.7563025210084033	10.184331797235023
26471	0.0	0.0	0.0	0.8864468864468864	0.0	0.0	0.0	0.608058608058608	0.0	5.169934640522876	0.0	0.0	0.0	0.0	1.1062271062271063	2.2564102564102564	0.0	1.1062271062271063	0.0	12.730392156862745	0.0	0.0	0.0	1.8827838827838828
26472	0.0	0.86	0.0	1.9504950495049505	0.0	0.0	3.926829268292683	3.716171617161716	0.0	12.015873015873016	3.613756613756614	0.8474320241691843	0.0	0.0	4.378976486860305	14.524617996604414	0.0	3.2707736389684814	1.5971830985915494	24.589939024390244	0.0	0.0	5.833566433566434	13.326359832635983
26473	0.0	0.0	2.2869198312236287	3.071729957805907	0.0	0.0	5.2784810126582276	3.721518987341772	0.0	16.786324786324787	3.005235602094241	1.9435028248587571	0.0	0.0	6.9298245614035086	11.5990990990991	0.0	3.5520833333333335	0.0	27.845794392523363	2.0084388185654007	0.0	7.7156398104265405	19.827004219409282
26474	0.0	0.0	0.0	2.4296296296296296	0.0	0.0	3.104417670682731	3.0497737556561084	0.0	18.65909090909091	2.2873563218390807	2.1555555555555554	0.0	0.0	10.166666666666666	6.45925925925926	0.0	2.5461847389558234	3.7962962962962963	24.947955390334574	0.0	0.0	7.309803921568627	11.851851851851851
26475	0.0	1.4638694638694638	0.0	11.90495867768595	0.0	0.0	1.141089108910891	3.6677524429967425	0.0	11.613053613053612	8.736040609137056	0.0	0.0	0.0	5.189102564102564	7.394202898550724	0.0	3.7374701670644392	0.745920745920746	23.28503562945368	0.0	0.0	2.2162162162162162	8.666666666666666
26476	0.0	6.437158469945355	3.1759776536312847	10.573221757322175	0.0	0.0	6.693989071038251	1.9125683060109289	0.0	13.948087431693988	9.975609756097562	1.8743169398907105	0.0	0.0	10.204918032786885	23.644827586206898	0.0	9.822857142857142	2.248633879781421	44.59183673469388	0.0	0.0	13.986842105263158	38.14134275618375
26477	0.0	0.0	0.0	4.747058823529412	0.0	0.0	1.6576576576576576	0.7387387387387387	0.0	10.530232558139534	2.392857142857143	0.0	0.0	0.0	7.351351351351352	14.30817610062893	0.0	6.0353535353535355	1.3108108108108107	16.7	0.0	0.0	5.576719576719577	14.262443438914028
26478	0.0	0.0	1.0444444444444445	11.044444444444444	0.0	0.0	0.0	0.0	0.0	8.191176470588236	0.0	0.0	1.0	0.0	4.588888888888889	7.397058823529412	0.0	6.944444444444445	2.0	10.367088607594937	0.0	0.0	4.655172413793103	6.455555555555556
26479	0.0	2.1154545454545453	0.3552055993000875	4.931737588652482	0.0	0.0	3.222760290556901	1.6332046332046333	0.0	10.045395590142672	3.515392254220457	1.5258092738407698	0.0	0.0	7.546351084812623	10.84533073929961	0.0	8.628421052631579	3.6439232409381663	16.674217907227614	0.0	0.7917760279965005	8.002012072434608	18.76923076923077
26480	0.0	0.0	0.0	7.559322033898305	0.0	0.0	1.118421052631579	4.93359375	0.0	12.06425702811245	2.033707865168539	0.0	0.0	0.0	8.397003745318353	5.745318352059925	0.0	18.184426229508198	1.0786516853932584	17.256880733944953	0.0	0.0	4.223404255319149	15.089887640449438
26481	2.08974358974359	0.0	0.0	10.739837398373984	0.0	0.0	0.0	0.0	0.0	10.461538461538462	7.166666666666667	2.076923076923077	6.288288288288288	0.0	3.75	7.410256410256411	0.0	0.0	1.5512820512820513	2.326923076923077	0.0	1.9230769230769231	2.6474358974358974	14.107692307692307
26482	0.0	0.0	0.0	2.4583333333333335	0.0	0.0	1.0416666666666667	4.953642384105961	0.0	6.831521739130435	2.1276041666666665	0.7864583333333334	0.0	0.0	3.1510416666666665	12.617142857142857	0.0	2.050561797752809	3.8020833333333335	14.184895833333334	0.0	0.0	1.7508417508417509	13.884476534296029
26483	0.0	0.0	0.228310502283105	2.538812785388128	0.0	0.0	1.0410958904109588	2.132420091324201	0.0	6.388297872340425	4.061538461538461	0.0	0.45662100456621	0.0	2.8812785388127855	4.172932330827067	0.0	8.58041958041958	3.0593607305936072	11.518134715025907	0.0	1.0410958904109588	4.080952380952381	19.90547263681592
26484	0.0	0.0	0.0	3.2081736909323118	0.0	0.0	1.9491279069767442	0.9220945083014048	0.0	7.795414462081129	2.4021592442645074	0.0	0.0	0.3818646232439336	3.121987951807229	3.723101265822785	0.0	1.2236111111111112	3.158365261813538	14.291420118343195	0.0	0.0	5.206410256410257	14.074235807860262
26485	0.0	0.0	0.0	7.166666666666667	0.0	0.0	0.0	0.0	0.0	22.394904458598727	10.086206896551724	0.0	1.0	1.0459770114942528	3.4655172413793105	9.988505747126437	0.0	1.5114942528735633	0.0	20.133333333333333	0.0	0.0	3.9290780141843973	12.906542056074766
26486	0.0	0.8504672897196262	0.0	1.560747663551402	0.0	0.0	1.9034267912772587	1.8193146417445483	0.0	11.112280701754386	3.312280701754386	0.0	0.0	0.0	4.099236641221374	13.095617529880478	0.0	5.834890965732087	0.11214953271028037	22.239700374531836	0.0	0.0	1.2693602693602695	12.806666666666667
26487	0.0	1.71045197740113	0.0	2.84559585492228	0.0	0.0	1.1539645881447267	1.9931245225362872	0.0	7.280448717948718	3.4204379562043794	1.4011299435028248	0.0	0.0	3.8503350707371555	11.434188034188034	0.0	6.462595419847328	0.7773689052437902	18.565768621236135	0.0	0.0	5.998532648569332	11.454234388366125
26488	0.0	0.0	0.0	2.6944444444444446	0.0	0.0	0.6574074074074074	3.2777777777777777	0.0	1.1018518518518519	3.2222222222222223	0.0	0.0	1.4259259259259258	2.111111111111111	4.368421052631579	0.0	3.489795918367347	0.8518518518518519	7.742268041237113	0.0	0.0	5.944444444444445	10.507042253521126
26489	0.0	0.0	0.0	0.0	0.0	0.0	3.5543478260869565	2.0427350427350426	0.0	14.689320388349515	3.1623931623931623	0.0	0.0	0.0	8.44059405940594	7.67948717948718	0.0	4.380341880341881	0.0	10.330049261083744	0.0	0.0	5.683760683760684	13.782122905027933
26490	0.0	0.0	0.0	5.634615384615385	0.0	0.0	2.4935064935064934	1.5684007707129095	0.0	15.643059490084985	6.076502732240437	3.005714285714286	0.0	0.0	3.879350348027842	8.67146282973621	0.0	6.039920159680639	0.0	15.924564796905223	0.0	0.0	12.146750524109015	31.161616161616163
26491	0.0	1.5177993527508091	0.0	2.275735294117647	0.0	0.0	2.8715083798882683	1.8187702265372168	0.0	6.736666666666666	2.459546925566343	0.0	0.0	0.0	4.087378640776699	8.60327868852459	0.0	5.511363636363637	0.0	10.734177215189874	0.0	0.0	5.514056224899599	10.185430463576159
26492	0.0	2.5774647887323945	0.0	3.058988764044944	0.0	0.0	3.8902147971360383	2.0258215962441315	0.0	13.144736842105264	3.8051643192488265	0.0	0.0	0.0	5.714285714285714	12.283154121863799	0.0	0.48148148148148145	3.8380281690140845	29.12751677852349	0.0	0.0	4.085872576177286	21.5
26493	0.0	1.8025210084033614	0.0	5.065656565656566	0.0	0.0	4.225108225108225	3.3524904214559386	0.0	16.71875	11.01015228426396	11.38036809815951	0.0	0.0	13.457627118644067	9.928571428571429	0.0	9.646341463414634	7.920560747663552	34.02892561983471	0.0	0.0	8.164556962025317	29.07179487179487
26494	0.0	4.9183006535947715	0.0	4.695187165775401	0.0	0.0	2.1134453781512605	1.4076190476190475	0.19607843137254902	9.876923076923077	8.10394265232975	2.7989821882951653	0.0	0.0	7.62874251497006	12.909246575342467	0.0	8.150943396226415	1.9700934579439253	19.43069306930693	0.0	0.3611111111111111	10.134538152610443	23.014423076923077
26495	0.0	1.7562028047464942	0.0	2.3312262958280656	0.0	0.0	0.0	2.256742179072276	0.0	10.396111786148237	3.066137566137566	0.0	0.0	0.0	2.699654775604143	6.081521739130435	0.0	2.7039877300613497	0.0	11.651564185544768	0.0	0.0	0.0	7.483050847457627
26496	0.0	0.0	0.0	1.729281767955801	0.0	0.0	1.7590579710144927	1.5535714285714286	0.0	8.263702171664944	5.644240570846075	1.1032608695652173	0.5081521739130435	0.0	3.089795918367347	6.91407867494824	0.0	2.2240085744908895	1.3092406221408965	17.79832713754647	0.0	0.0	3.6474045053868758	15.450638792102207
26497	0.0	1.9244444444444444	0.0	5.311111111111111	0.0	0.0	0.56	2.473333333333333	0.0	6.371287128712871	0.8577981651376146	0.0	0.0	0.0	4.995535714285714	8.043478260869565	0.0	8.340579710144928	0.9688888888888889	8.531531531531531	0.0	0.0	1.8577777777777778	11.120218579234972
26498	0.0	2.9203980099502487	0.0	1.4129353233830846	0.0	0.0	0.0	1.6965174129353233	0.0	5.558139534883721	2.5	0.1691542288557214	0.0	0.0	9.679012345679013	3.765432098765432	0.0	7.9391891891891895	0.0	10.694610778443113	0.0	0.0	4.5721393034825875	13.728323699421965
26499	0.0	0.9879101899827288	0.8186528497409327	1.2193436960276338	0.0	0.0	1.2659758203799654	0.8013816925734024	0.0	9.0956678700361	3.7612293144208038	0.0	0.0	0.0	1.0694980694980696	6.551181102362205	0.0	2.680483592400691	2.7537037037037035	10.712209302325581	0.0	0.0	2.4326923076923075	13.792660550458715
26500	0.0	1.3765258215962441	0.0	1.8460093896713614	0.0	0.0	1.1686358754027928	0.0	0.0	9.505102040816327	6.2730964467005075	1.0018779342723005	0.0	0.0	4.070707070707071	8.76353591160221	0.0	4.9161041465766635	0.8374439461883408	14.679633867276888	0.0	0.0	2.142681426814268	19.19838523644752
26501	0.3333333333333333	2.7532467532467533	0.0	3.2962962962962963	0.0	0.0	0.0	2.606060606060606	0.0	5.909090909090909	3.7489177489177488	2.0606060606060606	0.0	0.0	5.765822784810126	6.9728260869565215	0.0	8.87557603686636	1.4761904761904763	22.036363636363635	0.0	0.0	3.930735930735931	9.182291666666666
26502	0.0	1.9821428571428572	0.0	3.3392857142857144	0.0	0.0	0.0	0.0	0.0	6.12396694214876	2.3452380952380953	6.343434343434343	0.0	0.0	3.9047619047619047	10.6953125	0.0	5.726190476190476	0.6726190476190477	20.31205673758865	0.0	0.0	0.5238095238095238	7.338582677165355
26503	2.3095238095238093	3.086350974930362	0.0	0.0	0.798941798941799	0.0	2.046242774566474	0.35944700460829493	0.0	9.066666666666666	3.693121693121693	3.5074626865671643	0.0	0.0	3.8160237388724036	4.016528925619835	0.0	3.746938775510204	1.7301587301587302	4.366666666666666	0.0	0.0	1.7804232804232805	13.544973544973544
26504	0.0	3.0686274509803924	0.0	0.0	0.0	0.0	1.2254901960784315	0.0	0.0	8.92156862745098	3.5294117647058822	2.0098039215686274	0.0	0.0	4.6568627450980395	5.098039215686274	0.0	1.0784313725490196	1.0686274509803921	15.640625	0.2647058823529412	0.0	2.9215686274509802	19.010416666666668
26505	0.0	1.4713804713804715	0.0	2.918253968253968	0.0	0.0	1.8707165109034267	0.574410163339383	0.0	4.89891975308642	1.6718995290423861	0.0	0.0	0.0	3.6293103448275863	6.809902740937224	0.0	2.696528555431131	1.054945054945055	14.670046082949309	0.0	0.0	2.2202970297029703	9.680478821362799
26506	0.0	0.0	0.0	4.06	0.0	0.0	2.0366666666666666	3.44	0.0	7.8579881656804735	1.1633333333333333	0.0	0.0	0.0	4.028925619834711	4.65	0.0	1.24	1.2733333333333334	11.405109489051094	0.0	0.0	4.365248226950355	9.166666666666666
26507	0.0	0.5555555555555556	0.0	2.4157303370786516	0.0	0.0	4.494252873563219	2.117283950617284	0.0	8.519305019305019	5.451345755693581	0.0	0.0	0.0	7.683923705722071	6.399456521739131	0.0	7.2296137339055795	0.0	17.76953125	0.0	0.0	6.23196881091618	9.147826086956522
26508	0.0	2.0821917808219177	0.0	7.673758865248227	0.0	0.0	4.576086956521739	0.9069767441860465	0.0	2.452054794520548	3.8219178082191783	0.0	0.0	0.0	7.032786885245901	6.468599033816425	0.0	7.972602739726027	1.7397260273972603	18.4337899543379	0.0	0.0	8.708333333333334	20.889400921658986
26509	0.0	3.0901162790697674	0.0	1.601336302895323	0.0	0.0	2.420042643923241	1.9156118143459915	0.0	7.465324384787472	5.165116279069768	1.6054852320675106	0.0	0.0	2.672463768115942	11.717299578059071	0.0	8.237687366167023	1.6772151898734178	20.976793248945146	0.0	0.0	6.298165137614679	22.559574468085106
26510	0.0	0.0	0.0	0.5014005602240896	0.0	0.0	0.9719887955182073	2.103641456582633	0.0	10.158273381294965	2.887955182072829	0.9523809523809523	0.0	0.0	7.025	7.140401146131805	0.0	7.007692307692308	0.6633333333333333	25.476635514018692	1.69187675070028	0.0	1.3529411764705883	15.524390243902438
26511	0.0	1.4677296886864084	0.0	3.201112140871177	0.0	0.0	1.5107665805340225	1.0521446593776282	0.0	6.2465543644716695	2.656763096168882	1.8633257403189065	0.0	0.0	4.07516339869281	7.8216	0.0	3.2022813688212928	1.3934987168520103	18.64148033924441	0.0	0.0	7.338178294573644	14.312938816449348
26512	0.0	1.7603174603174603	0.0	3.7183333333333333	0.0	0.0	1.9572490706319703	0.0	0.0	7.837979094076655	1.545757071547421	1.288888888888889	0.0	0.0	2.6311688311688313	9.712854757929883	0.0	4.065953654188949	1.837011884550085	16.74920634920635	0.0	0.0	2.87041564792176	12.443935926773456
26513	0.0	2.6823899371069184	0.0	4.286206896551724	0.0	0.0	0.6886792452830188	0.8872549019607843	0.0	6.299625468164794	1.9242424242424243	2.0377358490566038	0.0	0.0	2.9792387543252596	4.748427672955975	0.0	3.0220125786163523	0.279874213836478	14.076923076923077	0.0	0.03459119496855346	0.2760416666666667	16.17391304347826
26514	0.0	1.592964824120603	0.0	2.877862595419847	0.0	0.0	1.085427135678392	2.0088652482269502	0.0	11.150579150579151	2.592964824120603	0.0	0.2613065326633166	0.0	1.9061976549413735	15.154334038054968	0.0	4.866050808314088	1.1557788944723617	15.685148514851486	0.0	0.0	3.4675324675324677	20.862934362934364
26515	0.0	0.0	0.0	1.3099415204678362	0.0	0.0	3.487329434697856	1.0020833333333334	0.0	12.567032967032967	4.825396825396825	1.2566735112936345	0.0	0.0	3.62227602905569	9.507128309572302	0.0	2.0270935960591134	0.6744639376218323	17.26441351888668	0.0	0.0	4.0504587155963305	10.181556195965419
26516	0.0	1.1140873015873016	1.2823418319169027	2.8	0.0	0.0	0.6984732824427481	0.8431137724550898	0.0	8.174011299435028	4.437980241492865	0.0	0.0	0.0	4.119096509240246	9.342138364779874	0.0	3.6345957011258956	0.8478015783540023	17.95598086124402	0.0	0.0	2.4917555771096023	23.047082906857728
26517	0.0	2.0915032679738563	0.0	2.019607843137255	0.0	0.0	6.601307189542483	0.0	0.0	7.098039215686274	1.411764705882353	1.3225806451612903	0.0	0.0	2.3398692810457518	0.7373737373737373	0.0	3.8445945945945947	0.0	15.0	0.0	0.7843137254901961	4.261437908496732	14.840579710144928
26518	0.0	0.0	0.0	4.612590799031477	0.0	0.0	2.9574944071588365	1.5190156599552573	0.0	7.465324384787472	1.3154362416107384	2.146788990825688	0.0	0.0	5.185682326621924	6.578282828282828	0.0	4.871121718377088	3.3588850174216027	20.762025316455695	0.0	0.1342281879194631	3.3069767441860467	12.593406593406593
26519	0.0	1.2876984126984128	0.0	3.4134199134199132	0.0	0.0	0.8329297820823245	2.9642857142857144	0.0	8.483957219251337	4.132564841498559	0.9304123711340206	0.0	1.7956349206349207	2.791845493562232	12.53187250996016	0.0	5.076923076923077	1.626984126984127	18.731428571428573	0.0	0.0	7.225512528473804	12.835365853658537
26520	0.0	0.3584905660377358	0.0	5.712460063897764	0.0	0.0	1.7610062893081762	1.578616352201258	0.0	9.020833333333334	5.9100346020761245	0.0	0.0	0.0	1.8377358490566038	6.808888888888889	0.0	7.66887417218543	1.6069182389937107	9.920152091254753	0.05660377358490566	0.0	5.657051282051282	11.231511254019292
26521	0.0	1.4593301435406698	0.0	3.1114864864864864	0.0	0.0	1.2138728323699421	1.2984234234234233	0.0	10.837455830388693	5.053859964093357	1.179054054054054	0.0	0.0	2.342751842751843	11.879738562091504	0.0	1.9725130890052356	1.2477477477477477	23.041763341067284	0.0	0.0	4.756756756756757	16.688920454545453
26522	0.0	2.825958702064897	0.0	3.3706624605678233	0.0	0.0	2.2742175856929956	0.0	0.0	5.693220338983051	4.961937716262976	3.851788756388416	0.0	0.0	4.157503714710253	10.889692585895117	0.0	3.678466076696165	0.0	19.96090534979424	0.0	0.0	4.552158273381295	8.136904761904763
26523	0.0	1.7161458333333333	0.0390625	3.7611940298507465	0.0	0.0	2.5945945945945947	3.5625	0.0	6.711397058823529	4.090128755364807	0.0	0.0	0.0	2.9152798789712557	10.558869701726845	0.0	2.5702054794520546	0.8703976435935199	19.73868613138686	0.0	0.0	5.293640054127199	17.942204301075268
26524	0.0	0.7540826128722382	0.0	2.388888888888889	0.08711111111111111	0.0	1.7270935960591134	1.83942908117752	0.0	10.893577981651376	2.2502606882168927	0.96	0.0	0.0	4.061715481171548	5.900739176346357	0.0	3.5960874568469503	1.5772727272727274	14.179422835633627	0.0	0.0	3.9007803790412487	13.518859245630175
26525	0.0	4.194805194805195	0.2619047619047619	5.300595238095238	0.0	0.0	1.9137380191693292	2.358433734939759	0.0	11.861952861952862	0.0	1.5357142857142858	0.5565476190476191	0.0	4.053571428571429	10.454545454545455	0.0	0.8286604361370716	1.1547619047619047	26.378260869565217	0.0	0.0	3.764525993883792	18.354166666666668
26526	0.0	0.9027777777777778	0.0	2.993993993993994	0.0	0.0	3.682926829268293	2.5709515859766277	0.0	7.808695652173913	2.9434782608695653	2.013681592039801	0.0	0.0	7.892682926829268	9.38438880706922	0.0	4.51761102603369	2.8301329394387	17.116838487972508	0.0	0.0	4.315051020408164	14.176470588235293
26527	0.0	0.0	0.7823834196891192	3.6054298642533937	0.0	0.0	2.2667295004712535	1.7715930902111325	0.0	8.57286995515695	3.0473269062226116	0.7081174438687392	0.0	0.0	5.84256243213898	10.915695067264574	0.0	4.088	0.8593903638151426	20.158746208291202	0.0	0.27806563039723664	6.2911917098445596	11.542610571736786
26528	0.0	2.010382868267359	0.0	2.7444126074498567	0.0	0.0	1.8227176220806793	1.8832271762208068	0.0	8.276185226019846	3.6989737742303306	1.1008450704225352	0.0	0.0	5.6846965699208445	9.46890636168692	0.0	4.611721611721611	1.8138013087447948	12.028251912889935	0.0	0.0	5.040022547914318	13.116784037558686
26529	0.0	1.8609154929577465	0.0	3.3313953488372094	0.0	0.0	3.824959481361426	1.1132376395534291	0.0	12.704834605597965	2.848	1.4066985645933014	0.0	0.1722488038277512	6.154034229828851	9.926282051282051	0.0	4.938613861386139	2.156794425087108	17.660818713450293	0.0	0.6188197767145136	5.404669260700389	15.308333333333334
26530	0.0	0.0	0.0	2.3728070175438596	0.0	0.0	3.5	2.460526315789474	0.0	14.478021978021978	4.05	0.0	0.0	0.0	2.5734597156398102	12.274193548387096	0.0	8.570175438596491	1.9385964912280702	31.539473684210527	0.0	0.0	5.991228070175438	14.929824561403509
26531	0.0	0.7711598746081505	0.0	1.9423076923076923	0.0	0.0	3.4789644012944985	3.3423423423423424	0.0	1.8940397350993377	2.740406320541761	1.0225225225225225	0.0	0.0	5.170212765957447	4.026252983293556	0.0	1.3449197860962567	0.6801801801801802	23.56551724137931	0.0	0.0	8.70045045045045	21.411149825783973
26532	0.0	1.068592057761733	0.0	4.75	0.0	0.0	1.7372881355932204	2.598870056497175	0.0	3.97787610619469	1.2735562310030395	0.0	0.0	0.0	10.160493827160494	8.025	0.0	1.6836158192090396	0.0	15.976027397260275	0.0	0.0	4.073446327683616	11.139830508474576
26533	0.0	1.4723467862481316	0.0	2.9817749603803487	0.0	0.0	1.2381703470031546	2.4866888519134775	0.0	9.511647254575708	5.86736641221374	0.0	0.0	0.3475336322869955	5.714285714285714	8.186773905272565	0.0	4.868482490272373	1.0754857997010463	13.707011686143572	0.0	0.0	5.333333333333333	18.940639269406393
26534	0.0	0.0	0.0	1.9953051643192488	0.0	0.0	1.8588588588588588	1.475177304964539	0.0	11.34250764525994	3.5062034739454093	0.0	0.0	0.0	2.0657276995305165	7.488	0.0	0.795774647887324	0.0	21.986979166666668	0.0	0.0	1.8254716981132075	18.966666666666665
26535	0.0	3.8512396694214877	0.6455026455026455	4.761904761904762	0.0	0.0	6.248677248677248	2.896103896103896	0.0	16.708333333333332	4.031746031746032	4.894409937888199	0.0	4.391534391534392	11.052287581699346	12.222222222222221	0.7407407407407407	4.737804878048781	1.1920529801324504	24.574468085106382	4.529100529100529	0.0	10.940119760479043	19.402116402116402
26536	0.0	0.0	0.0	2.0	0.0	0.0	0.0	0.0	0.0	2.3142857142857145	0.0	0.0	0.0	0.0	3.676190476190476	8.49438202247191	0.0	0.0	0.0	0.0	0.0	0.0	3.7142857142857144	5.63013698630137
26537	0.0	1.2592592592592593	0.0	7.215488215488215	0.0	0.0	0.734006734006734	0.6852791878172588	0.0	13.737864077669903	9.544520547945206	2.101010101010101	0.0	0.0	2.8790697674418606	14.95539033457249	0.42424242424242425	5.075396825396825	1.1043771043771045	25.124463519313306	0.0	0.0	12.245791245791246	22.37037037037037
26538	0.0	1.1775147928994083	0.0	0.0	0.0	0.0	0.9341085271317829	0.0	0.0	4.108635097493036	2.2436548223350252	1.7810077519379846	0.0	0.9341085271317829	2.1122448979591835	3.8696969696969696	0.0	1.625968992248062	1.1065891472868217	15.735224586288416	0.0	0.0	1.3972868217054264	10.368217054263566
26539	0.0	1.7142857142857142	0.0	2.9206349206349205	0.0	0.0	0.0	0.0	0.0	2.138157894736842	11.275167785234899	1.9841269841269842	0.0	0.0	0.8221153846153846	6.51394422310757	0.0	2.623015873015873	2.7738095238095237	10.220408163265306	0.0	0.0	1.7857142857142858	11.96
26540	0.0	1.8149779735682818	0.0	3.066371681415929	0.0	0.0	0.525	2.2333333333333334	0.0	8.2125	0.0	1.8	0.0	0.0	3.0784313725490198	9.358407079646017	0.0	5.1768707482993195	0.0	9.797385620915033	0.0	0.9416666666666667	3.0	17.994764397905758
26541	0.0	0.3817204301075269	0.0	2.4453551912568305	0.0	0.0	1.032258064516129	0.0	0.0	10.258675078864353	6.857142857142857	2.0618279569892475	0.0	0.0	9.884408602150538	9.97278911564626	0.0	6.755376344086022	2.4545454545454546	12.949526813880126	0.0	0.0	3.7434402332361514	17.854166666666668
26542	0.0	1.0193548387096774	0.09487179487179487	10.888235294117647	0.0	0.0	1.4923076923076923	1.958974358974359	0.0	5.948717948717949	5.289115646258503	0.0	0.0	0.0	5.017948717948718	16.932515337423315	0.0	3.7666666666666666	0.958974358974359	21.64503816793893	0.0	0.0	6.802564102564102	25.54123711340206
26543	0.0	1.3616071428571428	0.0	2.288065843621399	0.0	0.0	2.743119266055046	1.7901234567901234	0.0	7.28169014084507	2.3292181069958846	1.8847736625514404	0.5432098765432098	0.0	5.654320987654321	9.201923076923077	0.0	3.683257918552036	0.0	13.62295081967213	0.0	0.0	5.131687242798354	13.153846153846153
26544	0.0	5.127868852459017	1.2642276422764227	3.2784552845528454	0.0	0.0	4.764705882352941	2.2845528455284554	0.0	9.271844660194175	1.2738693467336684	0.693089430894309	0.0	0.9308943089430894	6.856846473029045	11.200440528634362	0.0	5.810975609756097	1.99581589958159	22.01497005988024	0.0	0.0	5.0136612021857925	21.39622641509434
26545	0.0	3.313953488372093	0.0	3.511627906976744	0.0	0.12403100775193798	5.554263565891473	6.868131868131868	0.0	12.784	2.2851239669421486	1.2131782945736433	0.0	0.0	7.230046948356808	11.402061855670103	0.0	5.174418604651163	2.716	17.948	0.0	0.0	10.199052132701421	26.686046511627907
26546	0.0	0.6770508826583593	0.5362318840579711	3.1259057971014492	0.0	0.0	0.44	0.9505766062602965	0.0	11.259789875835722	2.6719787516600264	1.5845410628019323	0.3494363929146538	0.2391304347826087	3.8745318352059925	8.94005212858384	0.0	4.433573635427394	1.7303005686433794	15.669595782073813	0.0	0.0	3.5579710144927534	18.134524929444968
26547	0.0	1.748427672955975	0.8603773584905661	2.1660377358490566	0.0	0.0	1.896700143472023	1.4138364779874213	0.0	13.397111913357401	5.221204188481676	1.9911949685534591	0.0	0.0	2.9529837251356237	11.107142857142858	0.0	4.678010471204188	1.8867924528301887	11.510718789407314	0.0	0.8805031446540881	4.30188679245283	11.037604456824512
26548	0.0	0.0	0.0	2.0	0.0	0.0	5.481203007518797	1.6426858513189448	0.0	6.790087463556851	4.926509186351706	2.470023980815348	0.0	0.0	8.310850439882698	9.763358778625955	0.0	9.868421052631579	0.0815347721822542	24.258064516129032	0.0	0.0	4.993650793650794	27.3125
26549	0.0	6.25625	0.0	5.086206896551724	0.0	0.0	2.218390804597701	2.4655172413793105	0.0	11.62992125984252	3.6333333333333333	4.137931034482759	0.0	0.0	7.619834710743802	8.203125	0.0	7.109195402298851	0.0	34.075581395348834	0.0	0.0	6.3059701492537314	23.070422535211268
26550	0.0	1.0612244897959184	1.0369290573372205	3.251207729468599	0.0	0.0	2.005893909626719	3.21313672922252	0.0	6.32943469785575	3.4034151547491995	1.5695364238410596	0.0	0.0	4.128760529482551	8.847628657921291	0.0	10.973317865429234	1.0066666666666666	27.382113821138212	0.0	0.0	4.647473560517039	22.218623481781375
26551	0.0	4.52891156462585	0.0	3.0895238095238096	0.0	0.0	2.3976109215017063	4.912280701754386	0.0	8.994642857142857	3.970260223048327	1.4795918367346939	0.0	0.5748299319727891	6.766129032258065	8.97465886939571	0.0	5.608938547486034	2.774703557312253	25.017301038062282	0.0	0.0	6.868231046931408	20.819277108433734
26552	0.0	2.0771604938271606	0.0	4.28030303030303	0.9320987654320988	0.0	2.29320987654321	6.180645161290323	0.0	12.128676470588236	7.020477815699659	0.0	0.0	0.0	2.9228395061728394	10.299674267100977	0.0	5.580246913580247	1.0401234567901234	12.202572347266882	0.0	0.0	7.1223776223776225	24.547703180212014
26553	0.0	1.2777777777777777	1.3888888888888888	5.08	0.0	0.0	2.106060606060606	1.8484848484848484	0.0	16.243243243243242	6.0	0.8131313131313131	0.0	0.0	6.045454545454546	8.034883720930232	0.0	3.590909090909091	1.0505050505050506	16.908163265306122	0.0	0.0	9.071428571428571	21.125714285714285
26554	0.0	0.0	0.7031963470319634	2.269406392694064	0.0	0.0	8.319634703196346	0.0639269406392694	0.0	8.004651162790697	3.947867298578199	0.0	0.0	0.0	3.0913242009132422	15.07361963190184	0.0	4.561643835616438	2.7990867579908674	11.166666666666666	0.0	0.0	5.420765027322404	28.15714285714286
26555	0.0	1.596439169139466	0.0	2.8093994778067883	0.0	0.0	0.6329479768786127	0.9225181598062954	0.0	10.017543859649123	5.932367149758454	0.0	0.0	0.0	5.029629629629629	12.822429906542055	0.0	10.78960396039604	5.398416886543536	22.041666666666668	0.0	0.0	4.458333333333333	20.907894736842106
26556	0.0	3.5912838633686692	0.0	4.856338028169014	0.0	0.0	2.2167255594817434	3.632850241545894	0.0	12.372262773722628	5.1567567567567565	1.8963486454652532	0.0	0.0	5.189119170984456	10.34251497005988	0.0	6.907918968692449	1.5502318392581145	18.387596899224807	0.0	0.7137809187279152	7.512071156289708	21.141304347826086
26557	0.5288640595903166	0.8957169459962756	0.0	1.8603351955307263	0.0	0.0	2.537280701754386	0.8305400372439479	0.0	5.3019323671497585	2.921787709497207	1.590316573556797	0.0	0.0	4.708779443254818	7.727619047619048	0.0	6.440097799511002	0.5027932960893855	10.9171974522293	0.0	0.0	3.5176908752327747	18.303538175046555
26558	0.0	2.0476190476190474	0.0	3.814655172413793	0.0	0.0	2.0	6.953781512605042	0.0	12.904255319148936	3.3333333333333335	1.3833333333333333	0.0	0.0	6.3655462184873945	8.118181818181819	0.0	5.2164179104477615	1.7625	13.908333333333333	0.0	0.0	6.482412060301508	10.536585365853659
26559	0.0	5.026104417670683	0.0	1.180722891566265	0.0	0.0	4.9125	2.1666666666666665	0.0	8.625866050808314	3.3042505592841165	0.0	0.0	0.0	4.132978723404255	8.847107438016529	0.0	4.4847715736040605	0.0	13.0020366598778	0.0	0.0	3.8442622950819674	14.689361702127659
26560	0.0	2.9601990049751246	0.0	4.398009950248756	0.8159203980099502	0.0	2.5472636815920398	0.0	0.0	7.370558375634518	9.202702702702704	1.4527363184079602	0.0	0.0	5.684931506849315	8.753333333333334	0.0	3.845771144278607	0.0	24.718954248366014	0.0	0.0	6.079601990049751	12.08904109589041
26561	0.0	0.6048387096774194	0.0	0.8622047244094488	0.0	0.0	0.0	2.803763440860215	0.0	11.70326409495549	2.879032258064516	0.0	0.0	0.0	9.276881720430108	4.956140350877193	0.0	3.120967741935484	1.4299674267100977	16.259818731117825	0.0	0.0	8.008823529411766	11.547540983606558
26562	0.0	1.5857605177993528	0.0	3.0472727272727274	0.0	0.0	2.9779411764705883	2.669230769230769	0.0	3.1802816901408453	4.27027027027027	0.0	0.0	0.0	2.627450980392157	10.02803738317757	0.0	5.931034482758621	1.8284313725490196	19.103174603174605	0.0	0.0	7.795061728395062	23.886986301369863
26563	0.0	0.4715909090909091	0.2803030303030303	5.296812749003984	0.0	0.0	1.5252747252747252	2.4204545454545454	0.0	6.011415525114155	4.849686847599165	0.0	0.0	0.0	6.247826086956522	11.044145873320538	0.0	1.9364640883977902	0.0	19.860887096774192	0.0	0.0	3.9193548387096775	14.684759916492693
26564	0.0	0.4121212121212121	0.0	3.890909090909091	0.0	0.0	1.4181818181818182	3.1818181818181817	0.0	7.66	3.2848484848484847	0.0	1.5393939393939393	0.0	9.671052631578947	6.346153846153846	0.0	4.539393939393939	0.0	15.797619047619047	0.0	0.0	3.8633093525179856	25.072580645161292
26565	0.0	0.0	0.0	3.2039800995024876	0.0	0.0	3.353233830845771	1.9253731343283582	0.0	9.047872340425531	6.431034482758621	0.6119402985074627	0.0	0.0	3.228855721393035	10.86413043478261	0.0	4.313432835820896	0.6417910447761194	26.116161616161616	0.0	0.0	7.776119402985074	21.62015503875969
26566	0.0	2.9037900874635567	0.0	3.9747899159663866	0.0	0.0	2.9131652661064424	2.851449275362319	0.0	14.54326923076923	4.42577030812325	1.0972222222222223	0.0	0.0	9.166666666666666	7.968503937007874	0.0	4.940677966101695	2.8795518207282913	20.571428571428573	0.0	0.0	4.609489051094891	11.243323442136498
26567	0.09744623655913978	2.1322489391796324	0.0	3.2236024844720497	0.0	0.0	2.95162404975812	0.0	0.0	12.660627177700349	2.824165915238954	1.096774193548387	0.0	0.0	9.229166666666666	8.750698324022347	0.0	5.7721788502484035	3.0481927710843375	17.438682550805886	0.0	0.0	7.247713414634147	19.46046915725456
26568	0.0	2.1275720164609053	0.8817567567567568	2.8161865569272977	0.1056241426611797	0.0	0.7933723196881092	2.010973936899863	0.0	14.066101694915254	4.384057971014493	0.0	0.0	0.28532235939643347	6.125412541254126	5.126198083067092	0.0	8.390581717451523	1.4349030470914128	18.01194029850746	0.0	0.0	5.432119205298013	18.44610778443114
26569	0.0	1.7493261455525606	0.058524173027989825	6.057251908396947	0.0	0.0	1.7404692082111437	1.4595300261096606	0.0	11.07912687585266	4.029457364341085	0.0	0.11704834605597965	0.0	8.293370944992947	9.583565459610028	0.0	9.17425431711146	3.234074074074074	15.484276729559749	0.0	0.0	8.995447647951442	17.425696594427244
26570	0.0	1.2293906810035842	0.0	3.7616822429906542	0.0	0.0	4.136986301369863	0.0	0.0	6.17562724014337	4.150537634408602	1.6630824372759856	0.0	0.0	9.2073732718894	17.444043321299638	0.0	3.937984496124031	3.65929203539823	12.387096774193548	0.0	0.0	2.9516728624535316	18.995594713656388
26571	0.0	0.616991643454039	0.0	3.624413145539906	0.0	0.0	2.672530446549391	1.7813471502590674	0.0	10.810483870967742	3.2992545260915866	0.0	0.0	0.0	6.333733493397359	11.5437430786268	0.0	5.765729585006693	1.5169029443838604	18.649938800489597	0.0	0.0	6.02725968436155	25.201162790697673
26572	0.0	3.8095238095238093	0.33003300330033003	6.484902309058614	0.0	0.0	2.68976897689769	4.289428076256499	0.0	10.024347826086956	4.8861386138613865	1.0607142857142857	0.0	0.0	4.674740484429066	7.7161716171617165	0.0	6.185031185031185	1.9405940594059405	26.675540765391016	0.0	0.21287128712871287	4.003597122302159	17.189247311827955
26573	0.0	3.4747191011235956	0.0	2.92751677852349	0.0	0.0	1.3428571428571427	1.720741599073001	0.0	8.242391304347827	5.689005235602094	1.466067864271457	0.0	0.0	6.943548387096774	12.340298507462686	0.0	3.878504672897196	1.0455212922173274	24.163329820864067	0.0	0.0	9.64927857935627	28.656821378340364
26574	0.0	2.47534516765286	1.2017353579175705	3.757238307349666	0.0	0.0	0.8349282296650717	3.417777777777778	0.0	7.8538899430740035	2.4858757062146895	2.2184557438794728	0.0	0.0	4.940617577197149	11.847280334728033	0.0	1.9661016949152543	0.0	25.864372469635626	0.0	0.0	4.875486381322958	23.0
26575	0.0	2.6003386960203216	1.2841932841932842	5.683752417794971	0.0	0.0	2.825626204238921	1.8061821219715957	0.0	14.141824751580849	4.089635854341736	2.195744680851064	0.0	0.0	4.6136783733826245	10.911193339500462	0.0	6.5037807183364835	1.6781326781326782	24.47532894736842	0.0	0.3144963144963145	6.039	20.93984962406015
26576	0.0	0.0	0.0	4.791666666666667	0.0	0.0	0.70995670995671	2.8263665594855305	0.0	5.516908212560386	4.245847176079734	2.119047619047619	0.33630952380952384	0.4107142857142857	4.885496183206107	6.044827586206897	0.0	1.9345238095238095	4.119047619047619	21.59027777777778	0.0	0.24702380952380953	7.4	19.952380952380953
26577	0.0	0.9643183897529735	0.8323454699407282	2.8815331010452963	0.0	0.0	2.8333333333333335	1.048759623609923	0.0	10.559017941454202	4.289318755256518	1.4978973927670312	0.0	0.0	7.587418300653595	9.886870355078447	0.0	5.111111111111111	1.724573125463994	21.454545454545453	0.0	0.0	7.063551401869159	21.573055028463
26578	0.0	0.7017543859649122	0.0	2.5555555555555554	0.0	0.0	3.56140350877193	0.0	0.0	14.27972027972028	5.7368421052631575	4.723926380368098	0.0	0.0	11.503225806451614	14.47953216374269	0.0	2.783625730994152	4.345029239766082	26.06081081081081	0.0	0.0	5.846153846153846	23.596491228070175
26579	0.5345911949685535	0.0	0.0	2.4785714285714286	0.0	0.0	1.0772626931567328	3.1143695014662756	0.0	17.093275488069413	6.068119891008174	4.213836477987422	0.0	0.0	3.5609756097560976	13.070776255707763	0.0	7.16919191919192	0.43370165745856354	13.773684210526316	0.0	0.0	9.787114845938376	20.20159151193634
26580	0.0	2.5961538461538463	0.5	1.794871794871795	0.0	0.0	2.529182879377432	0.0	0.0	12.53448275862069	0.6153846153846154	1.935897435897436	0.0	0.0	2.9873949579831933	7.553990610328638	0.0	5.506410256410256	0.0	15.983471074380166	0.0	0.0	4.884353741496598	10.691558441558442
26581	0.0	0.7435440783615316	0.0	1.8768558951965066	0.0	0.0	2.010569105691057	0.7772474144789181	0.0	5.235827664399093	1.88993981083405	0.0	0.0	0.0	3.873880082701585	4.502815768302494	0.0	0.4738372093023256	0.9931506849315068	14.212908011869436	0.0	0.0	3.621683093252464	14.6619812583668
26582	0.0	0.7988826815642458	1.2522522522522523	5.244047619047619	0.0	0.0	1.7387387387387387	4.04954954954955	0.0	4.122093023255814	1.0855855855855856	1.635135135135135	0.0	0.0	5.776190476190476	11.13888888888889	0.0	3.1900452488687785	2.204081632653061	11.141975308641975	0.0	0.0	2.4144144144144146	10.73953488372093
26583	0.0	2.1578947368421053	0.0	3.5958549222797926	0.0	0.0	2.5771144278606966	0.0	0.0	12.276923076923078	2.9128205128205127	0.0	0.0	0.5771144278606966	4.850828729281768	14.306122448979592	0.0	0.0	0.0	11.303867403314918	0.0	0.0	3.218905472636816	11.243478260869566
26584	0.0	4.482866043613707	0.0	2.2740213523131674	0.0	0.0	2.293233082706767	0.0	0.0	7.033333333333333	0.19117647058823528	0.0	0.0	0.0	8.12992125984252	4.391891891891892	0.0	8.078787878787878	0.0	17.203225806451613	0.0	0.0	2.581818181818182	11.233082706766917
26585	0.0	0.0	0.0	0.0	0.0	0.0	0.0	0.0	0.0	2.727272727272727	0.0	0.0	0.0	0.0	1.9848484848484849	0.0	0.0	3.522727272727273	3.5319148936170213	5.803030303030303	0.0	0.0	0.0	0.0
26586	0.0	1.7711053089643167	0.0	3.4905123339658446	0.0	0.0	2.076588337684943	2.597674418604651	0.0	7.006591337099811	3.5833333333333335	0.9010526315789473	0.0	0.5596170583115753	8.24793388429752	9.642284569138276	0.0	4.824384787472035	0.7675194660734149	20.671483622350674	0.0	0.0	6.0386313465783665	21.384201077199283
26587	0.0	0.0	0.0	5.580357142857143	0.0	0.0	3.5553745928338762	1.809608540925267	0.0	14.919871794871796	3.673076923076923	0.9166666666666666	0.0	0.0	4.778716216216216	10.407942238267148	0.0	3.207079646017699	7.453154875717018	17.712927756653993	0.0	0.0	1.7811816192560175	18.829126213592232
26588	0.0	2.241496598639456	0.0	3.8146233382570163	0.0	0.0	2.0104923325262307	1.6695402298850575	0.0	8.551809210526315	3.213882163034705	1.9224137931034482	0.0	0.0	4.7364746945898775	9.098920863309353	0.0	2.527693856998993	1.36988416988417	19.571428571428573	0.0	0.0	6.2799696509863425	18.269035532994923
26589	0.0	0.0	0.0	0.6851851851851852	0.0	0.0	0.0	2.324074074074074	0.0	5.121052631578947	3.814814814814815	0.0	0.0	0.0	1.5972222222222223	6.271186440677966	0.0	0.7685185185185185	0.1574074074074074	5.150753768844221	0.0	0.0	3.405	7.841584158415841
26590	0.0	0.0	0.0	2.670955882352941	0.0	0.0	0.0	3.595800524934383	0.0	8.10234899328859	4.911591355599215	2.3346560846560847	0.0	0.0	6.119127516778524	11.35	0.0	3.4876712328767123	0.0	31.035222052067382	0.0	0.0	8.560367454068242	19.940613026819925
26591	0.0	1.3084745762711865	1.880778588807786	1.0247252747252746	0.0	0.0	1.8418491484184916	1.8759124087591241	0.0	11.352739726027398	2.7542579075425793	0.9464720194647201	0.0	0.0	5.117437722419929	7.334677419354839	0.0	3.586374695863747	1.4306569343065694	18.004878048780487	0.0	1.3576642335766422	5.579881656804734	19.50126582278481
26592	0.0	0.6129032258064516	0.0	13.492424242424242	0.0	0.0	0.0	3.7302631578947367	0.0	7.0227272727272725	4.929936305732484	0.0	0.0	0.0	0.0	10.316455696202532	0.0	0.8494623655913979	0.0	15.9	0.0	0.6505376344086021	3.903225806451613	13.816568047337277
26593	0.0	0.0	0.0	2.8803827751196174	0.0	0.4444444444444444	5.134680134680135	3.1858736059479553	0.31313131313131315	7.077441077441078	4.361990950226244	0.14814814814814814	0.0	0.0	12.388111888111888	8.522556390977444	0.0	11.785087719298245	2.0336700336700337	27.542087542087543	0.0	0.0	5.801346801346801	23.013100436681224
26594	0.0	1.0846153846153845	0.0	1.967455621301775	0.0	0.0	4.1461538461538465	1.647887323943662	0.0	6.2	3.0538461538461537	0.6177606177606177	0.0	0.0	9.620418848167539	12.531772575250836	0.0	7.451612903225806	2.3278688524590163	26.00864553314121	0.0	0.0	2.873198847262248	20.78477690288714
26595	0.0	0.0	0.0	0.0	0.7543859649122807	0.0	0.7944862155388471	0.0	0.0	3.2055137844611528	0.0	0.0	0.0	0.0	1.2355889724310778	2.1353383458646618	0.0	0.8897243107769424	0.0	3.230337078651685	0.0	0.0	0.45614035087719296	1.8922305764411027
26596	0.0	0.0	0.0	1.9793814432989691	0.0	0.0	0.44673539518900346	3.5395189003436425	0.0	10.630081300813009	1.0996563573883162	0.0	0.0	0.0	5.067873303167421	8.153191489361703	0.0	3.7547169811320753	1.738831615120275	20.01098901098901	0.0	0.0	2.9768518518518516	26.71551724137931
26597	0.0	0.0	0.0	1.0583333333333333	0.0	0.0	0.0	0.7916666666666666	0.0	7.640552995391705	0.3416666666666667	1.4083333333333334	0.0	0.8833333333333333	6.526315789473684	5.128888888888889	0.0	6.8125	1.2416666666666667	16.308333333333334	0.0	0.0	4.9227053140096615	15.936507936507937
26598	0.0	0.34615384615384615	0.0	3.3893129770992365	0.0	0.0	0.0	2.4358974358974357	0.0	6.886792452830188	6.7243589743589745	0.0	0.0	0.0	2.664335664335664	8.16260162601626	0.0	2.980769230769231	1.4038461538461537	6.788461538461538	0.0	0.0	5.833333333333333	13.895104895104895
26599	0.0	2.823809523809524	0.0	1.5952380952380953	0.0	0.0	0.0	0.0	0.0	4.995238095238095	4.895238095238096	3.8210526315789473	0.49523809523809526	1.2619047619047619	3.2549019607843137	9.347619047619048	0.0	2.6775956284153004	0.0	8.409937888198758	0.0	0.0	4.442857142857143	15.551470588235293
26600	0.0	7.478260869565218	0.8482142857142857	2.5762711864406778	0.0	0.0	1.502415458937198	0.0	0.0	13.372262773722628	7.880597014925373	3.821256038647343	0.0	0.0	16.0	11.831325301204819	3.080808080808081	7.364161849710983	2.733695652173913	9.98473282442748	1.7053140096618358	0.0	4.202898550724638	22.753623188405797
26601	0.08888888888888889	2.9482288828337873	0.014814814814814815	1.4864197530864198	0.0	0.0	1.5827160493827162	2.1277173913043477	0.0	10.6	4.582716049382716	0.9543147208121827	1.2938271604938272	0.0	7.609756097560975	9.872972972972972	1.002469135802469	1.7012345679012346	1.8666666666666667	9.07202216066482	0.0	0.0	3.987577639751553	14.503571428571428
26602	0.0	0.0	0.0	0.0	1.2361111111111112	0.0	1.7534722222222223	1.3819444444444444	0.0	6.267206477732794	7.134020618556701	0.0	0.0	0.0	3.5972222222222223	12.604240282685513	0.0	1.4201388888888888	1.2222222222222223	12.052083333333334	0.0	1.0486111111111112	2.7152777777777777	12.248091603053435
26603	0.0	0.0	0.0	0.0	0.0	0.0	4.874125874125874	1.2881355932203389	0.0	3.463636363636364	4.413173652694611	2.0451977401129944	0.0	0.0	7.258620689655173	6.327683615819209	0.0	2.8192090395480225	1.5141242937853108	13.17123287671233	0.4745762711864407	0.0	2.440677966101695	14.305343511450381
26604	0.0	0.0	0.0	0.0	0.0	0.0	2.5410628019323673	1.0821256038647342	0.0	6.21301775147929	0.0	2.1207729468599035	0.0	0.09178743961352658	4.028985507246377	4.507246376811594	0.0	5.855072463768116	2.396135265700483	11.41764705882353	0.0	0.0	4.608695652173913	17.825242718446603
26605	0.0	2.7111111111111112	0.0	3.2888888888888888	0.0	0.0	2.911111111111111	6.0	0.0	2.9944444444444445	2.150943396226415	0.0	0.0	0.0	6.283950617283951	6.02	0.0	5.689075630252101	0.0	14.635838150289016	0.0	0.7611111111111111	5.870588235294117	18.42
26606	0.23509655751469352	3.1606425702811247	1.1552162849872774	4.129245283018868	0.0	0.0	0.8812729498164015	1.209505334626576	0.30310663308144414	9.08820614469772	4.980827447023209	1.9440860215053763	0.0	0.0	5.616928446771379	10.899063475546306	0.0	4.05982905982906	1.1212415130940834	27.400452488687783	0.0	0.3811922753988245	3.2443324937027707	17.90959409594096
26607	0.0	2.1434599156118144	0.9704641350210971	1.8860759493670887	0.0	0.0	3.611814345991561	0.8776371308016878	0.0	11.995780590717299	6.90990990990991	5.0588235294117645	0.0	0.0	7.898395721925134	7.719298245614035	0.0	3.696969696969697	4.703056768558952	20.270742358078603	0.0	0.0	3.371308016877637	12.104972375690608
26608	0.0	0.0	0.0	5.508620689655173	0.6257309941520468	0.0	0.40350877192982454	3.5684931506849313	0.0	11.450292397660819	10.878504672897197	0.0	0.0	0.0	8.839181286549708	6.836177474402731	0.0	5.950292397660819	0.8742690058479532	16.80701754385965	0.0	0.0	13.20754716981132	22.903345724907062
26609	0.0	0.0	0.0	1.126984126984127	0.0	0.0	4.079365079365079	1.4682539682539681	0.0	3.5	2.4796747967479673	2.5793650793650795	0.12698412698412698	0.0	11.547008547008547	8.428571428571429	0.0	2.3253968253968256	0.0	9.836363636363636	0.0	0.0	8.027522935779816	13.741935483870968
26610	0.0	1.4379084967320261	0.0	1.869281045751634	0.0	0.0	0.0	0.0	0.0	11.92156862745098	0.0	1.8741721854304636	0.0	0.0	3.7973856209150325	6.810457516339869	0.0	7.921052631578948	0.0	11.057142857142857	0.0	0.0	5.291666666666667	13.472440944881889
26611	0.0	1.8686131386861313	0.0	4.08641975308642	0.0	0.0	1.1037037037037036	0.945679012345679	0.0	9.771653543307087	3.4763092269326683	4.0	0.0	0.0	3.550649350649351	5.655440414507772	0.0	4.523573200992556	0.745679012345679	15.222222222222221	0.0	0.0	3.2045454545454546	13.258152173913043
26612	0.0	2.518987341772152	0.0	1.1536796536796536	0.0	0.0	1.1774891774891776	4.928020565552699	0.0	13.482315112540192	3.497835497835498	1.2361111111111112	0.0	0.0	7.157894736842105	9.523573200992557	0.0	11.14950980392157	0.0	23.270700636942674	0.0	0.0	6.773480662983426	18.448051948051948
26613	2.313953488372093	1.8992248062015504	0.0	3.9153225806451615	0.0	0.5736434108527132	2.5742574257425743	0.7674418604651163	1.372093023255814	21.213930348258707	14.26063829787234	0.0	0.0	1.7751937984496124	3.522613065326633	12.913793103448276	0.0	6.083333333333333	4.775	10.825581395348838	0.8062015503875969	0.0	5.367768595041323	18.232558139534884
26614	0.0	0.0	0.0	8.952380952380953	0.0	0.0	3.876190476190476	0.0	0.0	5.6	5.104761904761904	0.0	0.0	0.0	2.533333333333333	3.8666666666666667	0.0	3.9238095238095236	0.0	12.904255319148936	0.0	0.0	4.285714285714286	21.363636363636363
26615	0.0	1.8918918918918919	0.0	0.0	0.0	0.0	3.2972972972972974	0.0	0.0	11.79020979020979	0.972972972972973	0.7477477477477478	0.0	0.0	1.2567567567567568	5.738738738738738	0.0	0.7702702702702703	1.8558558558558558	9.653153153153154	0.0	0.45045045045045046	1.2072072072072073	11.391891891891891
26616	0.0	1.8857715430861723	0.0	1.7382297551789077	0.0	0.0	1.0282485875706215	1.1657250470809792	0.0	6.062146892655368	3.681732580037665	0.0	0.0	0.0	2.4842105263157896	8.473572938689218	0.0	5.105820105820106	1.1694915254237288	12.71576227390181	0.3220338983050847	0.0	4.056497175141243	9.077212806026365
26617	0.0	0.0	0.0	0.2222222222222222	0.0	0.0	2.2292263610315186	1.4285714285714286	0.0	4.104294478527607	3.3185840707964602	1.15	0.0	0.0	6.027303754266212	8.757309941520468	0.0	6.91588785046729	2.1972222222222224	11.621262458471762	0.0	0.0	6.09480122324159	14.067415730337078
26618	0.0	1.821705426356589	0.0	1.8658256880733946	0.0	0.0	2.7780678851174936	1.8904109589041096	0.0	4.839041095890411	1.5648679678530424	0.0	0.0	0.0	2.4015151515151514	6.353279631760644	0.0	1.5462686567164179	1.1187214611872147	8.112480739599384	0.0	0.0	2.5463659147869673	15.511006289308176
26619	0.0	3.261168384879725	0.0	1.422680412371134	0.0	0.0	5.206185567010309	0.0	0.0	3.3851851851851853	4.577319587628866	3.759450171821306	0.0	0.0	1.8831615120274914	5.573883161512027	0.0	3.415807560137457	1.1383399209486167	18.995192307692307	0.24054982817869416	0.0	6.2175732217573225	9.360714285714286
26620	0.0	0.6619883040935672	0.0	2.657587548638132	0.0	0.0	1.3439716312056738	1.8467836257309942	0.0	9.655927835051546	2.8941548183254344	0.8936170212765957	0.0	0.0	4.191270860077021	7.10720887245841	0.0	1.7727272727272727	1.2547169811320755	15.723976608187135	0.0	0.0	3.5936708860759494	11.190713101160862
26621	0.0	3.490304709141274	0.0	3.777327935222672	0.0	0.0	3.4140625	1.247282608695652	0.0	6.211764705882353	4.328125	0.0	0.0	0.0	2.949820788530466	8.966996699669966	1.5729166666666667	3.1927083333333335	2.6197916666666665	19.5	0.0	0.049479166666666664	3.1561461794019934	12.334224598930481
26622	0.0	1.1486725663716815	0.0	6.064073226544623	0.0	0.0	4.501736111111111	1.0520833333333333	0.0	6.770833333333333	4.819444444444445	1.5052083333333333	0.0	0.0	7.5141242937853105	11.444244604316546	0.0	4.835820895522388	0.6220806794055201	14.40625	0.0	0.0	1.528216704288939	14.349372384937238
26623	0.0	0.5852017937219731	0.0	3.2357142857142858	0.0	0.0	2.319268635724332	0.0	0.0	9.16955017301038	2.9551401869158878	0.0	0.0	0.0	4.852551984877127	11.233473980309423	0.0	4.998540145985402	0.8215434083601286	14.648601398601398	0.0	0.0	5.1616	22.01
26624	0.0	0.0	0.0	5.110576923076923	0.0	0.0	2.9036144578313254	2.244979919678715	0.0	13.138392857142858	5.262222222222222	0.0	0.0	0.0	6.2076271186440675	5.951417004048583	0.0	2.068273092369478	0.0	28.949152542372882	0.0	0.0	2.8032128514056227	16.65714285714286
26625	0.0	1.5830388692579505	0.0	1.9774557165861513	0.0	0.0	0.0	0.0	0.0	11.873015873015873	4.730844793713163	0.6083333333333333	0.1964573268921095	0.0	4.373355263157895	6.363813229571984	0.0	5.714022140221402	2.14170692431562	21.14170692431562	0.0	0.02576489533011272	3.2947976878612715	23.301498127340825
26626	0.0	0.0	0.0	0.9362101313320825	0.0	0.0	1.0987202925045705	0.0	0.0	6.087344028520499	4.176895306859206	0.693522906793049	0.0	0.0	1.1227495908346972	6.75751503006012	0.0	6.764612954186414	0.8751974723538705	10.687203791469194	0.0	0.0	5.168141592920354	10.976923076923077
26627	0.0	2.1366120218579234	1.639344262295082	1.2185792349726776	0.0	0.0	1.7355371900826446	3.659090909090909	0.0	10.483870967741936	1.8360655737704918	0.0	0.0	0.0	4.316939890710382	1.1126760563380282	0.0	1.4426229508196722	1.3224043715846994	11.817679558011049	0.0	0.73224043715847	8.59016393442623	18.724770642201836
26628	0.0	3.1121794871794872	1.7596153846153846	4.674418604651163	0.0	0.0	3.9315960912052117	3.2156133828996283	0.0	11.980707395498392	7.9743589743589745	1.4038461538461537	0.14102564102564102	0.0	11.577075098814229	26.39245283018868	0.0	9.34070796460177	2.5064102564102564	49.7	0.0	0.0	11.435374149659864	36.68803418803419
26629	0.0	2.9895833333333335	0.0	0.0	0.0	0.0	0.0	0.0	0.0	0.0	3.5104166666666665	0.0	0.0	0.0	0.0	0.0	0.0	7.145833333333333	0.0	1.3287671232876712	0.0	0.0	2.1475409836065573	3.1458333333333335
26630	0.0	1.2698412698412698	0.0	1.4166666666666667	0.0	0.0	3.8565400843881856	2.0238095238095237	0.0	11.573394495412844	7.630952380952381	1.0873015873015872	0.0	0.0	5.88780487804878	18.23041474654378	0.0	9.492957746478874	2.0	21.808943089430894	0.0	0.0	6.560846560846561	31.472826086956523
26631	0.0	0.6666666666666666	0.0	2.7066666666666666	0.0	0.0	1.3666666666666667	0.8	0.0	2.053435114503817	5.506666666666667	0.29333333333333333	0.0	0.0	4.6866666666666665	4.472972972972973	0.0	2.6733333333333333	0.0	13.036363636363637	0.0	0.0	6.513333333333334	22.533333333333335
26632	0.0	1.5858050847457628	0.3958974358974359	3.1298013245033114	0.0	0.0	1.9312820512820512	2.236383442265795	0.0	4.8046571798188875	4.908980582524272	2.9915764139590855	0.04512820512820513	0.0	7.101045296167247	11.617834394904458	0.0	3.5484221980413495	1.8010810810810811	30.083732057416267	0.0	0.0	9.723700887198985	19.504010695187166
26633	0.0	0.0	0.0	3.8652482269503547	0.0	0.0	1.25	0.0	0.0	4.930232558139535	2.3569739952718676	0.0	0.0	0.0	5.169934640522876	6.7746913580246915	0.0	2.8911764705882352	0.0	13.252551020408163	2.141843971631206	0.0	2.756501182033097	13.777126099706745
26634	0.0	0.9731800766283525	0.0	3.7203065134099615	0.0	0.0	3.7247706422018347	3.256704980842912	0.9731800766283525	18.226053639846743	4.911877394636015	3.5172413793103448	0.0	0.0	12.367441860465116	8.047413793103448	0.0	6.28	1.5977011494252873	23.13095238095238	0.5517241379310345	0.0	5.765486725663717	23.05921052631579
26635	0.0	3.102713178294574	0.9197860962566845	6.227848101265823	0.0	0.0	7.7	1.7254901960784315	0.0	11.436781609195402	8.137254901960784	0.0	0.0	0.1532976827094474	9.246653919694072	13.220858895705522	0.0	6.273224043715847	3.4631956912028725	19.03155818540434	0.0	0.0	7.222429906542056	24.055
26636	0.0	1.6296583850931676	0.0	1.854009595613434	0.0	0.0	1.763623978201635	0.9042838018741634	0.0	13.864393338620143	2.04607250755287	0.0	0.0	0.0	5.613207547169812	7.8939597315436245	0.0	5.827707454289733	2.5977443609022557	20.145385587863466	0.0	0.0	5.431137724550898	21.680836707152498
26637	0.0	0.0	0.16580310880829016	1.9550949913644213	0.0	0.0	1.9015544041450778	1.798181818181818	0.0	13.762208067940552	4.109185441941075	1.9388111888111887	0.0	0.0	2.484931506849315	10.98252427184466	0.0	3.6367521367521367	4.689774696707106	14.321513002364066	0.0	0.0	3.3229706390328153	17.676625659050966
26638	0.0	2.5648967551622417	0.7817109144542773	2.7140439932318103	0.0	0.0	1.1713286713286712	2.359583952451709	0.0	5.631336405529954	3.1268436578171093	2.4365781710914454	0.0	0.0	5.161971830985915	5.852589641434263	0.0	3.997041420118343	0.724188790560472	20.35812133072407	0.0	0.0	6.849028400597907	11.180360721442886
26639	0.36257309941520466	0.0	0.0	2.2865853658536586	0.0	0.0	2.1875	2.3216374269005846	0.0	14.859649122807017	1.7017543859649122	2.1695906432748537	0.0	0.0	1.1812865497076024	13.923976608187134	0.0	3.573099415204678	0.0	16.239766081871345	0.0	0.0	5.707602339181286	26.267241379310345
26640	0.0	1.9095826893353942	0.0	3.194006309148265	0.0	0.0	2.178173719376392	0.9582401193139448	0.0	9.653778558875219	3.893617021276596	0.0	0.0	0.0	6.226771653543307	10.382165605095542	0.0	4.183656957928803	1.0963740458015268	24.57264150943396	0.0	0.0	7.7465181058495824	19.925445705024313
26641	0.0	1.6262203626220362	0.0	5.090534979423868	0.0	0.0	1.7925925925925925	1.9073305670816045	0.0	10.90967741935484	5.554411764705883	0.0	0.0	0.0	5.900265957446808	8.023391812865498	0.0	4.612005856515373	0.3345679012345679	25.45273631840796	0.0	0.0	6.0	21.74882995319813
26642	0.0	2.9338842975206614	0.0	5.6419753086419755	0.0	0.0	0.0	4.392857142857143	0.0	18.71186440677966	4.05	1.1666666666666667	0.0	0.0	3.2098765432098766	5.6106870229007635	0.0	6.565217391304348	0.0	25.916666666666668	0.043209876543209874	2.54320987654321	5.925925925925926	16.580645161290324
26643	0.0	0.0	0.0	1.4274725274725275	0.0	0.3706896551724138	1.4942528735632183	0.0	0.0	10.52591656131479	2.5653436592449177	0.0	0.0	0.0	2.6272855133614628	5.859484777517564	0.0	2.937282229965157	1.314617618586641	12.358108108108109	0.0	0.0	3.771604938271605	8.391498881431767
26644	0.0	0.4174757281553398	0.0	3.0576923076923075	0.0	0.0	0.0	0.0	0.0	11.066037735849056	8.292307692307693	1.205128205128205	0.0	0.0	7.8431372549019605	8.814102564102564	0.0	0.0	0.0	10.66025641025641	0.0	0.0	9.346153846153847	11.275
26645	0.0	0.0	0.925	0.0	0.0	0.0	1.7708333333333333	2.65	0.0	2.0416666666666665	1.853960396039604	1.6229166666666666	0.0	0.0	3.596009975062344	6.1125	0.0	3.4236842105263157	0.7604166666666666	9.32518337408313	0.0	0.0	2.14375	14.70026525198939
26646	0.0	0.0	0.0	2.7683982683982684	0.0	0.0	1.0023148148148149	1.260204081632653	0.0	12.122093023255815	4.035211267605634	1.9891774891774892	0.0	0.0	7.166853303471445	8.275561097256858	0.0	5.287787182587667	1.0119047619047619	16.906329113924052	0.0	0.0	5.81236442516269	10.357908847184987
26647	0.0	0.0	0.0	2.8085106382978724	0.0	0.0	0.0	0.0	0.0	10.372239747634069	5.42942942942943	0.0	0.0	0.0	4.868085106382979	15.455882352941176	0.0	9.922535211267606	1.3624595469255663	32.89206349206349	0.0	0.0	8.239852398523984	22.316
26648	0.0	0.4074074074074074	0.8777777777777778	2.096296296296296	0.0	0.0	4.286792452830189	2.348148148148148	0.0	8.22707423580786	11.158301158301159	0.0	0.0	1.2	14.107407407407408	11.493449781659388	0.0	6.1020408163265305	1.9222222222222223	47.17937219730942	0.0	0.0	5.050420168067227	20.751295336787564
26649	0.0	5.746268656716418	0.0	0.9914529914529915	0.0	0.905982905982906	1.6666666666666667	2.717948717948718	0.0	9.606837606837606	4.543859649122807	0.0	0.0	0.0	0.358974358974359	13.438202247191011	0.0	2.213675213675214	1.8547008547008548	19.483516483516482	0.0	0.0	0.0	9.098039215686274
26650	0.0	2.2287581699346406	1.7581699346405228	1.9444444444444444	0.0	0.0	2.052287581699346	0.0	0.0	9.508264462809917	8.212244897959184	2.7448979591836733	1.1862745098039216	0.0	0.0	13.205533596837945	0.0	2.8798586572438163	2.8900709219858154	21.965753424657535	0.0	0.9673202614379085	4.150943396226415	24.338461538461537
26651	0.0	1.3711583924349882	0.0	1.6602739726027398	0.0	0.0	1.2980295566502462	5.954545454545454	0.0	11.158730158730158	7.176623376623376	2.044917257683215	0.6808510638297872	0.0	3.713709677419355	6.841379310344828	0.0	1.8037825059101655	1.2033096926713949	20.56737588652482	0.0	0.0	4.678486997635934	14.66031746031746
26652	0.0	2.1805555555555554	0.5625	5.395833333333333	0.0	0.0	0.0	4.798611111111111	0.0	10.991803278688524	3.7058823529411766	0.3472222222222222	0.0	0.0	2.375	11.865671641791044	0.0	2.4842105263157896	0.0	24.8125	0.0	0.0	6.2844827586206895	21.322222222222223
26653	0.0	1.7604790419161678	0.0	2.6733780760626398	0.0	0.0	0.0	5.4380733944954125	0.0	10.1524064171123	5.113978494623656	2.277445109780439	0.0	1.181636726546906	4.659043659043659	9.223552894211577	0.0	5.317365269461078	3.386609071274298	17.729016786570742	0.0	0.0	9.035353535353535	22.34733893557423
26654	0.0	2.8796296296296298	0.0	4.420062695924765	0.0	0.0	3.052469135802469	3.246913580246914	0.0	7.53030303030303	3.0246913580246915	0.0	0.0	0.0	4.268115942028985	13.827027027027027	0.0	4.975728155339806	0.25	22.75735294117647	0.04938271604938271	0.009259259259259259	3.308641975308642	25.57547169811321
26655	0.0	1.6553911205073997	0.0	5.852125693160813	0.0	0.0	3.9981308411214953	1.764018691588785	0.0	11.446680080482897	5.485604606525912	5.0435483870967746	0.0	0.0	9.413461538461538	12.561188811188812	0.0	3.1551724137931036	2.6622390891840606	28.113671274961597	0.0	0.0	9.194570135746606	25.466996699669966
26656	0.0	1.7047619047619047	0.0	2.985549132947977	0.0	0.14523809523809525	1.4428571428571428	1.8730569948186528	0.0	5.101063829787234	2.0242424242424244	1.1595238095238096	0.0	0.0	2.5346534653465347	4.28030303030303	0.0	3.0407608695652173	3.372413793103448	21.538095238095238	0.0	0.0	3.8487654320987654	9.681564245810057
26657	0.0	1.4426229508196722	0.18933969769291964	2.415127528583993	0.4343675417661098	0.0	2.237867939538584	1.7517899761336515	0.0	5.707364341085271	2.8198757763975157	0.7987271280827367	0.0	0.0	6.313186813186813	5.122659176029963	0.0	1.7793296089385475	1.1253091508656223	14.845662100456622	0.0	0.0	4.117647058823529	14.210176991150442
26658	0.0	0.8343949044585988	0.0	0.9150743099787686	0.0	0.0	1.709090909090909	0.0	0.0	5.992592592592593	6.732484076433121	0.7515923566878981	0.0	0.0	5.991379310344827	8.685774946921443	0.0	6.924778761061947	0.7745664739884393	11.881081081081081	0.0	0.0	5.606060606060606	15.611510791366907
26659	0.0	0.0	0.0	2.8833333333333333	0.0	0.0	0.125	0.0	0.0	6.741666666666666	0.0	2.55	0.0	0.0	8.741666666666667	4.733333333333333	0.0	7.577464788732394	0.0	16.6	0.0	0.0	9.35	7.642857142857143
26660	0.0	0.0	0.0	0.0	0.0	0.0	3.8865248226950353	0.0	0.0	5.184397163120567	0.6382978723404256	3.2056737588652484	0.0	0.0	1.2340425531914894	3.0638297872340425	0.0	0.1347517730496454	0.0	2.4680851063829787	0.0	0.0	1.9574468085106382	15.054263565891473
26661	0.0	2.625	0.0	5.443181818181818	0.0	0.0	0.9166666666666666	1.3472222222222223	0.0	13.118055555555555	2.6875	3.84070796460177	0.0	0.0	6.569444444444445	9.60204081632653	0.0	0.0	0.0	26.021897810218977	0.0	0.0	6.8320610687022905	30.67883211678832
26662	0.0	2.145390070921986	0.0	2.594059405940594	0.0	0.0	1.6418439716312057	0.975177304964539	0.0	9.8698224852071	8.0	0.75177304964539	0.5035460992907801	0.0	7.304964539007092	6.630434782608695	0.0	12.375722543352602	5.476190476190476	17.2863436123348	0.0	0.0	4.177304964539007	17.658536585365855
26663	0.0	4.123134328358209	0.9107142857142857	9.261904761904763	0.0	0.0	5.288690476190476	0.6011904761904762	0.0	12.712538226299694	4.813278008298755	2.9054726368159205	0.7738095238095238	0.0	9.71259842519685	8.655737704918034	0.0	6.088888888888889	1.7777777777777777	26.300595238095237	0.0	0.0	9.67878787878788	25.553571428571427
26664	0.0	0.0	0.0	6.098591549295775	0.0	0.0	2.5060240963855422	2.433734939759036	0.0	12.83673469387755	3.393574297188755	0.0	0.0	0.0	5.063025210084033	9.100502512562814	0.0	4.634538152610442	4.168674698795181	19.393574297188756	0.0	0.0	5.068493150684931	14.301282051282051
26665	0.0	4.813664596273292	0.0	4.634920634920635	0.0	0.0	4.003831417624521	0.3446327683615819	0.0	12.576419213973798	8.857142857142858	1.793103448275862	0.0	0.0	11.731092436974789	20.40573770491803	0.0	5.068965517241379	0.31800766283524906	26.100840336134453	0.0	0.0	7.207446808510638	13.233716475095786
26666	0.0	1.944055944055944	0.674074074074074	2.0814814814814815	0.0	0.0	0.0	0.4962962962962963	0.0	5.481481481481482	0.2740740740740741	3.5703703703703704	0.0	0.0	0.0	1.6	0.0	2.359259259259259	0.6037037037037037	17.26050420168067	0.0	0.0	4.044444444444444	8.31764705882353
26667	0.0	2.1884057971014492	0.0	0.0	0.0	0.0	0.0	0.0	0.0	10.572463768115941	0.0	0.0	0.0	0.0	1.1594202898550725	3.463768115942029	0.0	0.2971014492753623	0.5579710144927537	15.240963855421686	0.0	0.0	3.927536231884058	10.702898550724637
26668	0.0	0.7424242424242424	0.0	2.205607476635514	0.0	0.0	3.7333333333333334	1.1090909090909091	0.0	4.888888888888889	0.0	2.43030303030303	0.0	0.45454545454545453	3.6	8.521008403361344	0.0	1.993939393939394	0.8606060606060606	14.152439024390244	0.0	0.0	5.278787878787878	13.986928104575163
26669	0.0	2.6160370084811104	0.0	2.9647058823529413	0.0	0.0	0.8923739237392374	1.0562546262028127	0.0	8.61732385261797	4.1690851735015775	1.0401459854014599	0.0	0.0	5.288617886178862	8.898406374501992	0.0	3.8985095812633075	1.053629823413996	16.75955414012739	0.0	0.0	4.578592814371257	16.386255924170616
26670	0.0	2.220657276995305	0.0	0.0	0.0	0.0	0.9301075268817204	0.0	0.0	10.083743842364532	3.8508771929824563	1.5789473684210527	0.0	0.0	1.9210526315789473	5.588541666666667	0.0	3.0789473684210527	0.0	16.14423076923077	0.0	0.0	3.8464912280701755	7.325991189427313
26671	0.0	0.0	1.0144356955380578	1.7198142414860682	0.0	0.0	1.4225352112676057	1.218281036834925	0.0	8.861244019138756	2.4768856447688563	0.0	0.0	0.0	3.74051593323217	7.586776859504132	0.0	7.023094688221709	2.131233595800525	14.781102362204724	0.0	0.0	3.3398950131233596	18.263071895424837
26672	0.0	3.2848484848484847	0.0	2.5293185419968305	0.0	0.0	2.0393939393939395	0.603030303030303	0.0	10.81904761904762	6.354275741710297	0.0	0.0	0.0	3.2666666666666666	5.222602739726027	0.8484848484848485	3.453020134228188	0.0	17.088091353996738	0.0	0.0	2.2772727272727273	9.687872763419483
26673	0.0	2.964	0.0	3.625	0.0	0.0	4.072916666666667	1.8645833333333333	0.0	10.881944444444445	5.940972222222222	0.0	0.0	0.0	5.720754716981132	8.12280701754386	0.0	7.903846153846154	2.454887218045113	17.76388888888889	0.0	0.0	6.437262357414449	12.615384615384615
26674	0.0	1.2102564102564102	0.0	5.6692307692307695	0.0	0.0	0.0	2.8230769230769233	0.0	7.323741007194244	4.107692307692307	0.0	0.0	0.0	4.361702127659575	6.357512953367876	0.0	1.502092050209205	2.953846153846154	12.950877192982457	0.0	0.0	4.861538461538461	10.596100278551532
26675	0.0	10.954545454545455	0.0	6.757575757575758	0.0	0.0	0.0	0.3448275862068966	0.0	6.576923076923077	10.147727272727273	6.662790697674419	0.696969696969697	0.0	2.1884057971014492	8.963855421686747	0.0	2.6262626262626263	2.5555555555555554	26.043478260869566	0.0	0.9191919191919192	7.575757575757576	26.9875
26676	0.0	11.191011235955056	0.0	8.27	0.0	0.0	3.5972222222222223	0.07692307692307693	0.0	10.26388888888889	7.985714285714286	1.0396039603960396	0.0	0.0	10.89516129032258	8.147058823529411	0.0	2.5625	2.4930555555555554	33.26890756302521	0.0	0.0	8.506944444444445	27.474137931034484
26677	0.0	6.137704918032787	2.511111111111111	10.282442748091603	0.0	0.0	6.09771986970684	2.8825396825396825	0.0	22.14920634920635	12.986710963455149	1.5654450261780104	0.0	0.0	13.323809523809524	17.45769230769231	0.0	8.163461538461538	3.240549828178694	36.219298245614034	0.9777777777777777	0.19047619047619047	11.60952380952381	37.891304347826086
26678	0.0	2.3220338983050848	0.0	1.3971631205673758	0.0	0.0	12.892857142857142	0.0	0.0	6.745098039215686	8.01388888888889	0.0	0.0	0.0	5.503759398496241	9.887931034482758	0.0	7.560283687943262	1.9787234042553192	15.97872340425532	0.0	0.4397163120567376	9.137614678899082	24.516666666666666
26679	0.0	2.1636726546906186	0.0	2.4350132625994694	0.0	0.0	2.650698602794411	2.419831223628692	0.0	10.802997858672377	5.287425149700598	0.0	0.780439121756487	0.0	6.864978902953586	6.4646924829157175	0.0	8.651356993736952	3.151696606786427	19.251231527093594	0.0	0.0	5.480263157894737	20.977157360406093
26680	0.0	0.7857142857142857	0.0	3.75	0.0	0.0	3.1547619047619047	13.456896551724139	0.0	21.818181818181817	5.7976190476190474	3.7183098591549295	0.0	0.0	6.5773809523809526	14.962962962962964	0.0	9.739495798319327	3.1464968152866244	42.2751677852349	0.0	0.0	8.421686746987952	26.784615384615385
26681	0.0	1.1575757575757575	0.0	4.1603053435114505	0.0	0.0	5.566037735849057	2.515151515151515	0.0	18.086614173228348	3.721212121212121	3.139393939393939	0.0	0.0	8.08029197080292	15.770700636942674	0.0	3.327272727272727	3.0727272727272728	32.33774834437086	0.0	2.278787878787879	7.824242424242424	20.634146341463413
26682	0.0	0.0	0.054901960784313725	9.714859437751004	0.0	0.0	1.2095808383233533	3.6990291262135924	0.0	15.388235294117647	3.8071065989847717	1.6392156862745098	0.0	0.0	4.231372549019608	13.31223628691983	0.0	7.3843137254901965	0.615686274509804	21.70334928229665	0.0	3.5215686274509803	7.720164609053498	24.77533039647577
26683	0.0	1.7951807228915662	0.0	0.0	0.0	0.0	1.8273092369477912	0.8955823293172691	0.0	3.180722891566265	5.422594142259414	0.8514056224899599	0.0	0.0	6.4787234042553195	7.362244897959184	0.0	8.316326530612244	0.9357429718875502	9.857142857142858	0.0	0.0	2.3734939759036147	9.036842105263158
26684	0.0	0.8496732026143791	0.0	1.736745886654479	0.0	0.0	0.8027777777777778	0.0	0.0	6.755685131195335	3.3459016393442624	1.5687229437229437	0.0	0.0	3.1814795103778604	4.429864253393665	0.0	4.374711316397229	1.917558886509636	15.477569562748439	0.0	0.0	3.9829787234042553	9.342886920270974
26685	0.0	0.0	0.0	8.102803738317757	0.0	0.0	0.0	0.6885964912280702	0.0	2.6820809248554913	3.557017543859649	1.719298245614035	0.0	0.0	3.495614035087719	1.6684491978609626	0.0	4.239583333333333	2.8464912280701755	5.664739884393064	1.956140350877193	0.0	7.754716981132075	6.358381502890174
26686	0.0	2.0148809523809526	0.0	3.47766323024055	0.0	0.0	0.845360824742268	4.241071428571429	0.0	4.208	3.1398809523809526	0.0	0.0	0.0	2.130952380952381	4.238993710691824	0.0	2.261904761904762	2.169642857142857	12.511210762331839	0.0	0.0	4.878504672897196	8.964285714285714
26687	0.0	2.9854166666666666	0.6104166666666667	4.941952506596306	0.0	0.0	2.152083333333333	1.7625	0.0	7.602067183462532	2.6633906633906634	0.0	0.0	0.0	4.816666666666666	3.973607038123167	0.0	3.2917847025495752	0.0	17.98125	0.4	0.0	4.0873362445414845	7.552380952380952
26688	0.0	1.0574712643678161	0.0	2.403451109285127	0.0	0.0	2.8282828282828283	1.8737458193979932	0.0	7.985882352941177	4.9426699426699425	2.0147420147420148	0.0	0.0	4.754098360655738	9.012448132780083	0.0	3.045409674234946	2.0567986230636834	19.245720040281974	0.0	0.0	2.3885407341092213	19.53630203291384
26689	0.0	0.42517006802721086	1.3945578231292517	1.7414965986394557	0.0	0.0	0.0	1.0816326530612246	0.0	9.766283524904214	3.496598639455782	0.891156462585034	0.0	0.0	6.56989247311828	2.8204225352112675	0.0	3.493197278911565	0.7040816326530612	20.408510638297873	0.0	0.0	1.5170068027210883	21.359447004608295
26690	0.0	0.0	0.0	2.464169381107492	0.0	0.0	1.132686084142395	1.7281553398058251	0.0	6.2405857740585775	2.518	1.1715210355987056	0.0	0.0	2.5614886731391584	6.117744610281924	0.0	2.7142857142857144	1.4191919191919191	8.612040133779264	0.0	0.0	2.9867986798679866	8.705607476635514
26691	0.0	2.26796875	0.0	1.363564668769716	0.0	0.0	1.3807565789473684	0.7924230465666929	0.0	5.611021069692058	2.5254110612855007	1.6546242774566473	0.0	0.0	2.514464425332291	7.876511226252159	0.0	1.9548611111111112	0.6566738044254105	13.018142235123367	0.0	0.0	2.955951265229616	15.5375
26692	0.0	2.9565217391304346	0.0	1.6884057971014492	0.0	0.0	2.536231884057971	0.0	0.0	9.558333333333334	4.028985507246377	0.9420289855072463	0.0	0.0	3.782608695652174	11.735537190082646	0.0	1.4492753623188406	3.6449275362318843	23.137096774193548	0.0	0.0	5.579710144927536	11.77310924369748
26693	0.0	3.0199600798403194	0.8263473053892215	3.1623931623931623	0.0	0.0	1.0214067278287462	1.968063872255489	0.0	7.144628099173554	8.782435129740518	0.0	0.0	0.0	8.9475	9.415929203539823	0.0	6.815789473684211	7.829545454545454	22.17564870259481	0.0	0.0	0.0	21.468409586056644
26694	0.0	1.5980295566502463	0.0	5.638963360142985	0.0	0.0	3.5707196029776673	1.1469622331691298	0.0	10.281645569620252	2.7675977653631283	0.0	0.0	0.0	4.585077343039126	11.029154518950437	0.0	3.040920716112532	3.0735930735930737	22.821131447587355	0.1625615763546798	0.0	3.376409366869037	16.707419017763847
26695	0.0	0.8727272727272727	0.0	1.7005988023952097	0.0	0.0	2.3174603174603177	0.0	0.0	6.386986301369863	5.355102040816327	0.0	0.0	0.0	0.0	2.2755555555555556	0.0	0.9788359788359788	0.0	19.44973544973545	0.0	0.0	4.165109034267913	11.219330855018587
26696	0.0	0.0	1.6206896551724137	2.3225	0.6183908045977011	0.0	4.005434782608695	1.4827586206896552	0.0	8.165829145728644	4.0325	1.0390804597701149	0.0	0.0	5.0152284263959395	8.60128617363344	0.0	2.87816091954023	1.1425287356321838	13.245977011494253	0.0	0.0	4.277251184834123	21.02469135802469
26697	0.0	2.433333333333333	0.2642857142857143	0.0	0.0	0.0	1.5415384615384615	1.8928571428571428	0.0	9.005420054200542	1.5536912751677852	1.4766584766584767	0.0	0.0	0.7443609022556391	7.35472972972973	0.0	3.021686746987952	1.0928571428571427	21.763496143958868	0.0	0.0	1.7333333333333334	28.048710601719197
26698	2.2357723577235773	1.065040650406504	0.0	3.531400966183575	0.0	0.0	0.983739837398374	1.1869918699186992	0.0	6.606635071090047	13.5	0.7886178861788617	0.0	0.0	4.206896551724138	5.497716894977169	0.0	7.343434343434343	5.890243902439025	12.134146341463415	0.0	0.0	6.861702127659575	11.657142857142857
26699	0.0	0.0	0.0	0.0	0.0	0.0	0.0	2.2170542635658914	0.0	0.0	1.6640826873385013	0.0	0.0	0.0	2.149870801033592	3.9198966408268734	0.0	0.10050251256281408	1.6378830083565459	9.198473282442748	0.0	0.0	0.0	11.554263565891473
26700	0.0	2.3102040816326532	0.358974358974359	4.799004975124378	0.0	0.0	1.0913140311804008	2.0161779575328613	0.0	6.534342258440047	4.428272251308901	1.360730593607306	0.0	0.0	2.721052631578947	8.247382198952879	0.0	3.8471264367816094	1.6844181459566074	13.909598214285714	0.0	0.1252465483234714	4.717002237136465	15.166846071044134
26701	0.0	0.5169628432956381	0.0	4.269709543568465	0.0	0.0	1.0868794326241136	1.9943396226415093	0.0	9.055089820359282	3.469790382244143	0.8632862644415917	0.39095315024232635	0.0	3.695823927765237	7.103755569700827	0.0	5.186806771745475	1.3945205479452054	19.40800444691495	0.0	0.0	3.905982905982906	19.708732057416267
26702	0.0	0.0	0.0	6.9268585131894485	0.0	0.0	2.4018583042973285	0.9379310344827586	0.0	6.083908045977012	2.1006191950464395	2.0237467018469655	0.0	0.0	2.152875175315568	10.248101265822784	0.0	4.661698956780924	0.9432624113475178	15.894009216589861	0.0	0.0	3.54125	18.14766081871345
26703	0.0	1.32	0.811704834605598	1.8378109452736318	0.0	0.0	2.498617511520737	0.8138862102217936	0.0	6.841652323580035	3.7064814814814815	0.0	0.0	0.0	2.3228105906313647	9.234345351043643	0.0	6.310442144873001	0.6356192425793245	12.179234972677596	0.35793044953350295	0.26293469041560646	2.0396270396270397	17.560730593607307
26704	0.0	0.0	0.0	2.533980582524272	0.0	0.0	5.449612403100775	2.140449438202247	0.0	7.0606060606060606	6.7745098039215685	1.0066666666666666	0.0	0.0	2.006622516556291	7.816326530612245	0.0	3.283333333333333	0.36666666666666664	13.06910569105691	0.0	0.89	1.3470588235294119	4.651685393258427
26705	0.01182033096926714	0.7796208530805687	0.0	4.267287234042553	0.0	0.0	0.7222222222222222	1.6335697399527187	0.0	8.30888575458392	4.858040201005025	0.0	0.0	0.0	3.8375499334221037	6.194267515923567	0.0	2.1914893617021276	1.2356687898089171	16.04499274310595	0.0	0.0	8.426952141057935	18.33495736906212
26706	0.0	1.1887905604719764	0.0	6.604081632653061	0.0	0.0	1.7787610619469028	0.9941002949852508	0.0	6.825278810408922	1.8761061946902655	1.8053097345132743	0.0	0.0	5.811377245508982	6.930555555555555	0.0	4.7186147186147185	0.0	11.886029411764707	0.0	0.0	4.654867256637168	11.256410256410257
26707	0.0	0.0	0.0	3.0378057820607856	0.0	0.0	2.7993779160186625	0.9182908545727136	0.0	9.614363778298204	0.4989539748953975	0.0	0.0	0.0	3.48	6.955914768552535	0.0	5.98653500897666	0.0	21.85038860103627	0.0	0.0	4.316279069767442	19.755719557195572
26708	0.0	0.0	0.0	1.6099773242630386	0.0	0.0	1.4782608695652173	2.4054878048780486	0.0	10.087264150943396	4.317733990147783	2.1846965699208445	0.0	0.0	3.719298245614035	7.191542288557214	0.0	5.04093567251462	1.0136054421768708	21.358490566037737	0.0	0.0	6.414965986394558	14.127551020408163
26709	0.0	0.0	0.0	2.4251626898047722	0.0	0.0	3.4056603773584904	0.01289134438305709	0.0	11.6787072243346	3.474541751527495	0.7863720073664825	0.13075506445672191	0.0	4.420704845814978	6.9846827133479215	0.0	4.830423940149626	0.988950276243094	17.797323135755256	0.0	0.0	3.565377532228361	15.045238095238096
26710	0.0	0.0	0.0	3.3053311793214863	0.0	0.0	3.439814814814815	1.8575498575498575	0.0	9.605678233438486	4.505102040816326	0.0	0.0	0.0	3.7031484257871066	13.366525423728813	0.0	6.396778916544656	1.1737160120845922	13.487619047619047	0.0	0.0	3.7	10.6078125
26711	0.0	2.1380208333333335	0.8655834564254062	4.83203125	0.0	0.0	1.4795918367346939	2.857702349869452	0.0	6.354838709677419	4.2747875354107645	2.3798140770252325	0.0	0.0	2.877551020408163	11.598885793871867	0.0	4.590711175616836	1.0043227665706052	11.459627329192546	0.0	0.0	2.6102635228848823	10.461016949152542
26712	0.0	0.8336594911937377	0.0	2.045592705167173	0.0	0.0	1.7343485617597292	0.0	0.0	6.0965732087227416	3.917995444191344	1.5071225071225072	0.0	0.0	5.405325443786983	8.773076923076923	0.0	2.0796019900497513	1.1324786324786325	16.13131313131313	0.0	0.0	2.7058823529411766	16.89049919484702
26713	0.5656565656565656	5.457070707070707	0.0	6.838383838383838	0.0	0.0	2.292929292929293	1.6045751633986929	0.0	5.011019283746556	4.836990595611285	2.8184713375796178	0.0	0.0	1.9226190476190477	8.747340425531915	0.0	5.666666666666667	1.053030303030303	18.511784511784512	0.0	0.0	4.474320241691843	16.93193717277487
26714	0.2966934763181412	0.8919491525423728	0.5281501340482574	2.318592057761733	0.0	0.2037533512064343	1.8480697384806974	0.733615221987315	0.0	7.38021778584392	2.7076446280991737	1.002680965147453	0.0	0.0	4.840292275574113	9.847710330138446	0.0	3.1379716981132075	0.9579982126899017	18.81981981981982	0.0	0.0	4.304744525547445	16.819736842105264
26715	0.0	0.0	0.0	1.7159420289855072	0.0	0.0	1.0260869565217392	0.0	0.0	7.108771929824561	1.9855072463768115	1.2115942028985507	0.0	0.0	4.759420289855073	3.2729970326409497	0.0	4.253112033195021	0.0	12.71656050955414	0.0	0.0	1.518840579710145	7.447058823529412
26716	0.0	2.4464285714285716	0.0	4.029761904761905	0.0	0.0	3.0476190476190474	0.0	0.0	6.8062015503875966	3.5952380952380953	5.070921985815603	0.0	0.0	6.964601769911504	12.55952380952381	0.0	3.494047619047619	0.8571428571428571	26.43220338983051	0.0	0.0	3.238095238095238	13.147286821705427
26717	0.0	1.6153846153846154	0.0	1.7735042735042734	0.0	0.0	1.0317460317460319	3.858974358974359	0.0	5.846153846153846	5.294117647058823	0.4925373134328358	0.0	0.0	5.088785046728972	3.6266666666666665	0.0	0.0	0.0	14.926966292134832	0.0	0.0	2.948717948717949	14.790960451977401
26718	0.0	0.0	4.197183098591549	4.154929577464789	0.0	0.0	0.0	3.328638497652582	0.0	5.057142857142857	4.028169014084507	0.647887323943662	0.0	0.0	0.92018779342723	6.7981220657277	1.812206572769953	7.253521126760563	0.0	13.6875	0.0	0.0	4.52020202020202	10.465116279069768
26719	0.0	1.1497584541062802	0.0	0.8216216216216217	0.0	0.0	0.0	5.004830917874396	0.0	8.899109792284866	2.0942028985507246	0.36231884057971014	0.0	0.0	4.217391304347826	3.8803680981595092	0.0	4.866120218579235	1.923943661971831	6.506329113924051	0.0	1.773224043715847	5.816537467700258	10.338289962825279
26720	0.0	1.0324074074074074	0.0	5.953703703703703	0.0	0.0	4.87037037037037	2.486111111111111	0.0	10.958333333333334	1.4027777777777777	0.0	0.0	0.0	10.095588235294118	7.8657407407407405	0.0	2.277027027027027	2.2731481481481484	15.777777777777779	0.0	0.0	5.350785340314136	14.550925925925926
26721	0.0	1.3580494321977288	0.0	2.274949083503055	0.0	0.0	1.614562458249833	0.0	0.0	5.704545454545454	2.016755521706017	0.9539078156312625	0.0	0.0	3.443727598566308	3.633624107850912	0.0	3.873923257635082	2.3199732798931194	14.694928684627575	0.0	0.0	3.680821917808219	14.58185053380783
26722	0.0	1.756989247311828	0.2967741935483871	1.096774193548387	0.0	0.0	1.5169491525423728	2.079710144927536	0.0	4.41505376344086	4.559902200488998	1.675268817204301	0.0	0.0	3.358543417366947	5.81981981981982	0.0	1.5139784946236559	0.0	11.673529411764706	0.0	0.0	4.097285067873303	11.151515151515152
26723	0.25396825396825395	2.513227513227513	0.7513227513227513	3.5185185185185186	0.0	0.0	1.873015873015873	1.7566137566137565	0.0	4.890710382513661	5.899408284023669	0.0	0.0	0.0	0.0	6.4010989010989015	0.0	3.984126984126984	1.3968253968253967	9.632911392405063	0.0	0.0	4.41717791411043	13.179012345679013
26724	0.0	1.2783505154639174	1.0378006872852235	1.0692640692640694	0.0	0.0	1.9156118143459915	0.0	0.0	4.350515463917525	2.8316151202749142	1.9243986254295533	0.0	0.0	6.914179104477612	11.562737642585551	0.0	5.985221674876847	0.3024054982817869	17.639130434782608	0.0	0.0	4.605263157894737	16.432989690721648
26725	0.0	0.9320987654320988	0.0	1.7450980392156863	0.8641975308641975	0.0	0.0	0.21604938271604937	0.0	5.197530864197531	5.26551724137931	0.0	0.0	0.0	1.8300653594771241	4.719148936170213	0.0	4.289156626506024	0.6296296296296297	8.518518518518519	0.0	0.0	4.026315789473684	14.931372549019608
26726	0.0	1.6774193548387097	0.0	4.795865633074936	0.17701149425287357	0.0	6.222551928783383	1.688821752265861	0.0	21.776041666666668	7.861016949152543	1.9095744680851063	0.0	0.0	7.867507886435331	20.826498422712934	0.0	14.64367816091954	3.4413793103448276	39.67719298245614	0.0	0.0	8.855113636363637	29.669934640522875
26727	0.4022346368715084	1.4599627560521415	0.0	0.0	0.0	0.0	3.1808278867102397	0.0	0.0	6.717054263565892	3.4965034965034967	1.6146993318485523	0.0	0.0	9.809411764705882	7.853281853281853	0.0	4.783985102420856	1.1601489757914338	15.225274725274724	0.0	0.0	2.212290502793296	12.98828125
26728	0.0	0.8839506172839506	0.0	3.2750252780586453	0.0	0.0	2.753309265944645	2.397233201581028	0.0	13.1437125748503	6.914258188824663	2.030828516377649	0.0	0.0	4.759152215799615	11.767961165048543	0.0	7.013612565445026	2.9788732394366195	18.86786786786787	0.0	0.0	5.931865828092243	16.904487917146145
26729	0.0	0.0	0.0	0.0	0.0	0.0	0.7298578199052133	0.0	0.0	10.22972972972973	4.473958333333333	2.0881834215167547	0.0	0.1721958925750395	5.561643835616438	7.006359300476947	0.0	1.935412026726058	3.060031595576619	11.637931034482758	0.0	0.0	5.1952	23.412087912087912
26730	0.0	0.8666666666666667	0.0	3.045901639344262	0.0	0.0	3.4714285714285715	3.0352941176470587	0.0	11.963302752293577	3.18562874251497	0.0	0.4666666666666667	0.0	0.0	13.551829268292684	0.0	5.015503875968992	0.0	11.2296918767507	0.0	0.0	5.454802259887006	13.698924731182796
26731	0.0	0.580952380952381	1.6285714285714286	1.6857142857142857	0.0	0.0	0.19047619047619047	2.1333333333333333	0.0	6.085714285714285	6.073033707865169	0.0	0.0	3.357142857142857	4.995145631067961	5.53932584269663	0.0	12.36923076923077	0.0	12.128571428571428	0.0	0.0	7.3238095238095235	15.822660098522167
26732	0.0	2.2695652173913046	0.0	5.473076923076923	0.0	0.0	3.7542242703533026	1.700381679389313	0.0	13.497354497354497	7.616298811544992	3.5295081967213116	0.0	0.0	5.984	7.3311688311688314	0.0	9.257475083056478	2.729281767955801	36.9607535321821	0.0	1.2811059907834101	7.191489361702128	23.924006908462868
26733	0.0	4.266283524904215	0.8053333333333333	6.073431241655541	0.0	0.0	2.3031988873435325	3.876923076923077	0.0	12.003003003003004	4.080196399345335	1.5319148936170213	0.0	0.0	4.460420032310178	14.836424957841484	0.0	9.357340720221607	0.0	27.753532182103612	0.0	0.0	5.48881239242685	17.66323024054983
26734	0.0	0.0	0.0	5.650909090909091	0.0	0.0	1.0715883668903803	2.2234234234234234	0.0	8.597156398104266	6.301158301158301	1.0357894736842106	0.0	0.0	6.03030303030303	9.44672131147541	0.0	2.885514018691589	0.6205673758865248	9.145833333333334	0.0	0.0	0.0	11.439613526570048
26735	0.3249581239530988	1.9215017064846416	0.0	0.8106995884773662	0.0	0.0	0.0	0.0	0.0	5.1244541484716155	2.546594982078853	0.0	0.0	0.0	0.9332023575638507	7.45	0.0	5.004444444444444	2.869346733668342	12.337837837837839	0.0	0.0	4.626415094339623	10.70701754385965
26736	0.7163398692810458	3.7171581769436997	0.32941176470588235	3.0623145400593472	0.0	0.0	1.5019607843137255	0.0	0.0	10.088888888888889	4.915282392026578	1.7751633986928104	0.0	0.0	2.673076923076923	7.8704581358609795	0.0	6.086124401913875	1.0196078431372548	15.658333333333333	0.0	0.0	4.73763440860215	15.001666666666667
26737	1.4146341463414633	2.2357723577235773	0.0	0.6666666666666666	0.0	0.0	3.5203252032520327	0.0	0.0	7.333333333333333	2.926829268292683	0.0	0.0	0.0	1.6170212765957446	10.32	0.0	6.642276422764228	0.0	13.419354838709678	0.06504065040650407	0.8455284552845529	3.4878048780487805	17.34188034188034
26738	0.0	1.6871270247229326	1.2438192668371697	4.290613718411552	0.12105711849957375	0.0	2.0698496905393458	1.1529933481152994	0.0	9.348525469168901	2.8529139685476412	2.3204524033930256	0.0	0.0	3.5965250965250966	6.903160040774719	0.0	2.2268722466960353	2.305135951661631	19.659030837004405	0.0	0.0	3.7181425485961124	18.021324354657686
26739	0.0	1.062330623306233	0.0	4.092896174863388	0.0	0.0	2.2042723631508676	2.3296296296296295	0.0	10.411764705882353	4.510518934081347	1.002469135802469	0.0	0.0	3.0813008130081303	12.6071964017991	0.0	1.8902027027027026	0.9757207890743551	18.780068728522338	0.0	0.0	2.97125	14.361481481481482
26740	0.0	0.06504065040650407	1.8455284552845528	2.2845528455284554	0.0	0.0	2.2439024390243905	1.8617886178861789	0.0	5.235772357723577	0.06504065040650407	0.0	0.0	0.0	5.260162601626016	1.7235772357723578	0.0	1.7479674796747968	1.0	1.796116504854369	0.0	0.0	0.0	12.195121951219512
26741	0.0	0.0	0.0	0.0	0.0	0.0	0.0	0.0	0.0	2.4324324324324325	0.0	0.0	0.0	0.0	6.711711711711712	2.0	0.0	2.7889908256880735	4.045045045045045	12.714285714285714	0.0	0.0	4.918918918918919	3.954954954954955
26742	0.9068627450980392	2.1154929577464787	0.0	1.9215686274509804	0.0	0.0	4.55	0.42857142857142855	0.0	7.909313725490196	4.787878787878788	0.0	0.0	0.0	8.930167597765363	11.887218045112782	0.0	2.688581314878893	1.2156862745098038	16.03252032520325	0.0	1.4305555555555556	2.0167785234899327	12.397260273972602
26743	0.0	1.0187793427230047	0.0	2.9092331768388107	0.0	0.0	4.944550669216061	2.6932707355242567	0.0	12.587174348697395	2.6731234866828086	0.0	0.0	0.18779342723004694	6.170682730923695	7.931734317343174	0.0	7.954802259887006	1.0172143974960877	20.29890453834116	0.0	0.0	3.8980392156862744	14.69579831932773
26744	0.0	2.2448630136986303	0.6401869158878505	4.061002178649238	0.0	0.0	3.423785594639866	5.962406015037594	0.0	8.176	2.992287917737789	2.545171339563863	0.0	0.0	5.605431309904153	5.397526501766785	0.0	5.418383518225039	1.1079429735234216	22.409657320872274	0.0	0.0	6.752542372881356	17.69942196531792
26745	0.0	0.994535519125683	0.0	4.660919540229885	0.0	0.0	1.7083333333333333	0.0	0.0	7.890710382513661	7.4863387978142075	0.0	0.0	0.0	3.782857142857143	6.491329479768786	0.0	3.901639344262295	0.7486338797814208	26.232142857142858	0.0	0.0	6.092896174863388	25.918032786885245
26746	0.0	1.7197452229299364	0.0	2.6238805970149253	0.0	0.0	1.3919239904988123	4.867208672086721	0.0	5.707006369426751	4.923566878980892	1.9660297239915074	0.0	0.0	5.565989847715736	5.1246105919003115	0.0	5.821656050955414	1.8657074340527577	17.224188790560472	0.0	0.0	5.183374083129585	18.402380952380952
26747	0.0	0.0	0.0	0.0	0.032520325203252036	0.0	2.252032520325203	0.7357723577235772	0.0	5.98695652173913	0.9471544715447154	0.0	0.0	0.0	3.0813008130081303	3.374331550802139	0.0	0.0	0.556910569105691	16.80701754385965	0.0	0.0	4.402010050251256	17.317073170731707
26748	0.0	0.10052910052910052	0.0	0.7248677248677249	0.0	0.0	1.7142857142857142	0.20105820105820105	0.0	7.594936708860759	0.0	1.5714285714285714	0.0	0.0	5.022222222222222	3.108527131782946	0.0	0.164021164021164	2.4656084656084656	15.416666666666666	0.0	0.0	3.956043956043956	13.664739884393063
26749	0.10215053763440861	3.2419354838709675	0.0	4.335813953488372	0.0	0.0	2.8916750250752257	1.8099902056807051	0.0	8.204301075268818	4.613412228796844	2.4105461393596985	0.0	0.0	5.033018867924528	10.745098039215685	0.0	6.290927021696253	1.5511882998171846	26.92339979013641	0.0	0.0	3.604125736738703	23.282242990654204
26750	0.0	5.299435028248587	0.0	4.597560975609756	0.0	0.0	4.218120805369128	5.026470588235294	0.0	25.32608695652174	6.219424460431655	1.2937853107344632	0.9011299435028248	0.7750865051903114	9.524390243902438	15.446875	0.0	9.418410041841005	1.6779661016949152	21.676156583629894	0.0	0.0	12.101587301587301	24.366666666666667
26751	0.0	0.12672176308539945	0.0	1.6528925619834711	0.0	0.0	3.1737704918032787	2.2644628099173554	0.0	5.138418079096045	2.3071672354948807	0.0	0.0	0.0	1.8297101449275361	10.478260869565217	0.0	5.650137741046832	3.7520661157024793	20.67383512544803	0.0	0.0	2.821818181818182	16.691011235955056
26752	0.0	2.1396103896103895	0.11059907834101383	4.821428571428571	0.0	0.0	2.1259600614439322	3.312399355877617	0.0	9.143740340030911	4.982352941176471	0.0	0.0	0.0	3.8876923076923076	7.066141732283465	0.0	4.290448343079922	1.756989247311828	20.3184165232358	0.0	0.2227342549923195	7.938369781312128	22.41793570219966
26753	0.0	3.0258620689655173	0.0	2.6073414905450503	0.0	0.0	2.513542795232936	1.4765807962529274	0.0	8.016643550624133	2.281895504252734	0.4406604747162023	0.0	0.17750257997936017	2.6402366863905327	10.712686567164178	0.0	5.776988636363637	1.9019607843137254	13.889897843359819	0.0	0.0	6.011061946902655	19.712814645308924
26754	0.0	1.2064164648910412	0.0	2.8537915984724496	0.0	0.0	2.0895908855515275	2.3035078800203355	0.0	9.657142857142857	2.453379953379953	0.0	0.0	0.0	5.1089473684210525	8.778511404561824	0.0	3.8392752776154295	1.6559959349593496	15.690728064716863	0.0	0.0	4.360328638497653	19.134408602150536
26755	0.0	2.390909090909091	0.5151515151515151	3.4834710743801653	0.0	0.0	4.584848484848485	2.503030303030303	0.0	5.212121212121212	2.7393939393939393	0.5151515151515151	0.0	0.0	5.8343558282208585	6.990909090909091	0.0	2.7303030303030305	2.3878787878787877	19.89189189189189	0.0	0.0	5.296969696969697	16.524752475247524
26756	0.0	1.584375	0.0	3.2151515151515153	0.03284072249589491	0.0	2.7240384615384614	3.2791461412151066	0.0	12.166504381694255	6.347294938917975	1.7914614121510672	0.0	0.0	10.114438502673798	12.8837890625	0.0	7.046306504961411	1.6041666666666667	23.696534234995774	0.0	0.0	9.48881239242685	19.681274900398407
26757	0.0	3.9593908629441623	0.0	5.799145299145299	0.0	0.0	5.015424164524422	1.1627218934911243	0.0	12.802739726027397	10.937644341801386	3.8525641025641026	0.0	0.0	5.384393063583815	12.662983425414364	0.0	6.051813471502591	2.302158273381295	33.46394984326019	0.0	0.0	7.919389978213507	23.036324786324787
26758	0.0	4.432926829268292	0.7083333333333334	2.4	0.0	0.0	7.666666666666667	4.37037037037037	0.0	15.668831168831169	5.128834355828221	0.0	0.0	0.0	11.042328042328043	7.4375	1.0520833333333333	6.776041666666667	4.0130718954248366	19.23931623931624	0.0	0.0	25.390243902439025	11.063953488372093
26759	0.0	1.7887421820708826	0.0	3.4226277372262772	0.0	0.0	2.4890597279716142	2.4695924764890282	0.0	13.947775628626692	4.447035309793471	1.5980046948356808	0.0	0.0	5.9110198494182065	10.695898161244696	0.0	7.073029645697758	3.221590909090909	28.055154300722258	0.0	0.0	7.177518848526388	19.311053984575835
26760	0.0	3.1	0.0	2.175609756097561	0.0	0.0	0.7904761904761904	0.10476190476190476	0.0	16.753246753246753	3.8190476190476192	0.0	0.0	0.0	6.485714285714286	5.89873417721519	0.0	4.139344262295082	2.4571428571428573	16.557142857142857	0.0	0.0	5.9520547945205475	16.0253807106599
26761	0.0	2.024390243902439	0.0	6.846441947565543	0.0	0.0	3.958852867830424	2.0816582914572863	0.0	19.682648401826484	14.94927536231884	2.108176100628931	0.0	0.0	11.647149460708782	15.622593068035943	0.0	12.008254716981131	2.803225806451613	46.340239912758996	0.0	0.0	11.700591715976332	41.81416957026713
26762	0.0	0.0	0.0	0.0	0.0	0.0	0.0	0.0	0.0	0.0	0.0	0.0	0.0	0.0	0.0	4.733333333333333	0.0	0.0	0.0	7.05	0.0	0.0	0.0	0.0
26763	0.0	1.8496732026143792	0.0	3.9014598540145986	0.0	0.1830065359477124	2.1633986928104574	2.9698275862068964	0.0	4.382352941176471	2.0718954248366015	0.0	0.0	0.0	6.007380073800738	10.123015873015873	0.0	6.954248366013072	0.0	25.53684210526316	0.0	0.0	5.900793650793651	16.896551724137932
26764	0.7902298850574713	0.0	0.0	7.84	0.0	0.0	3.2996845425867507	1.504201680672269	0.0	5.980769230769231	2.355769230769231	0.0	0.0	0.0	5.636363636363637	12.924012158054712	0.0	5.526315789473684	4.37593984962406	11.517110266159696	0.0	0.0	3.9530791788856305	11.570967741935483
26765	0.0	0.0	0.0	2.8202247191011236	0.0	0.0	1.1685393258426966	0.0	0.0	4.2959641255605385	0.7961783439490446	1.985981308411215	0.0	0.0	6.608333333333333	10.84304932735426	0.0	0.5191256830601093	5.226851851851852	8.44569288389513	0.0	0.0	0.7528089887640449	14.666666666666666
26766	0.0	0.0	0.0	2.6642685851318944	0.0	0.0	3.1585677749360612	0.6762589928057554	0.0	6.605714285714286	0.0	0.0	0.0	0.0	5.855585831062671	8.012084592145015	0.0	5.938574938574939	2.049586776859504	8.421052631578947	0.0	0.0	3.6677115987460813	20.897959183673468
26767	0.0	1.7908902691511388	0.0	0.565625	0.0	0.0	1.4074074074074074	2.107212475633528	0.0	14.41842105263158	4.837378640776699	1.0227272727272727	0.0	0.0682261208576998	11.158018867924529	13.336426914153133	0.0	8.50109409190372	3.993684210526316	21.779545454545456	0.0	0.0	8.51881188118812	26.89676113360324
26768	0.0	1.3461988304093566	0.0	4.814935064935065	0.0	0.0	2.254327563249001	0.0	0.0	11.735930735930737	3.9745403111739743	2.43859649122807	0.0	0.0	4.363636363636363	5.669479606188467	0.0	6.711111111111111	1.7542613636363635	25.389162561576356	0.0	0.0	2.8510948905109488	13.686186186186186
26769	0.0	1.0993124522536286	0.0	3.45987862440998	0.0	0.0	1.5089672232529376	1.4956110735989196	0.0	7.5758354755784065	2.8355899419729207	0.0	0.0	0.0	3.757328990228013	9.167420814479637	0.0	3.2316486161251503	2.0868055555555554	20.77680250783699	0.0	0.0	4.338972023422251	14.7991513437058
26770	0.0	2.3805309734513274	0.0	3.5037353255069372	0.0	0.0	2.0728476821192054	0.9749739311783108	0.0	10.658426966292135	7.554229934924078	0.7066666666666667	0.0	0.0	3.466599190283401	9.120111731843576	0.0	3.015873015873016	2.3268608414239482	19.62908011869436	0.0	0.0	3.7161862527716187	10.416766467065868
26771	0.0	0.6975909789851358	0.0	2.0174854288093256	0.0	0.0	0.9587831207065751	1.4839901477832513	0.0	6.512738853503185	2.9693926351028215	0.9583118888317036	0.0	0.0	5.748660235798499	7.70372526193248	0.0	4.786810452094566	2.1988795518207285	19.078039927404717	0.0	0.0	5.3149674620390455	16.164041281912006
26772	0.0	2.129598662207358	0.0	5.984805318138651	0.0	0.0	1.7211981566820276	2.536741214057508	0.0	7.5069252077562325	4.930706521739131	1.281874039938556	0.0	0.0	5.985148514851486	8.759862778730703	0.0	8.924581005586592	1.3241167434715821	20.069216757741348	0.0	0.0	1.4632174616006468	15.376228775692583
26773	0.0	1.876984126984127	1.2817460317460319	3.4087301587301586	0.0	0.0	1.9285714285714286	1.1904761904761905	0.0	4.238297872340426	1.3888888888888888	1.1904761904761905	0.6428571428571429	0.0	5.162698412698413	3.734126984126984	0.0	2.6468253968253967	0.6587301587301587	19.211206896551722	0.0	0.0	3.413502109704641	23.178571428571427
26774	0.0	0.56	0.0	4.260869565217392	0.0	0.0	0.9133333333333333	0.0	0.0	6.141304347826087	1.7733333333333334	0.0	0.0	0.0	7.103174603174603	11.793333333333333	0.0	3.106382978723404	2.2733333333333334	24.266666666666666	0.0	0.0	0.56	8.803418803418804
26775	0.0	1.2982885085574571	0.0	1.8037466547725245	0.05297473512632437	0.0	0.9521435692921236	0.9402023919043239	0.0	4.944584382871536	3.0523513753327416	0.0	0.0	0.0	2.6268533772652387	6.0977891156462585	0.0	2.112759643916914	0.9822537710736469	6.018461538461539	0.33903830480847597	0.0	2.137862137862138	12.332727272727272
26776	0.0	0.0	0.0	0.9028527370855821	0.0	0.0	2.0271021542738015	0.9545078577336642	0.0	6.3068965517241375	2.1743185078909613	1.8634423897581793	0.0	0.0	2.3076923076923075	5.217060167555217	0.0	2.935483870967742	1.0313351498637602	8.926067073170731	0.0	0.0	2.6961566352429296	9.293874172185431
26777	0.0	0.7564766839378239	0.0	2.138169257340242	0.0	0.0	0.8156028368794326	0.0	0.0	0.6221498371335505	3.9858012170385395	0.18652849740932642	0.0	0.0	2.9447322970639034	2.9647058823529413	0.0	2.5751295336787563	1.4006908462867012	13.83419689119171	0.0	0.0	1.927461139896373	6.508078994614004
26778	0.37018425460636517	0.0	0.0	2.8137651821862346	0.0	0.0	2.7001675041876045	2.4137353433835846	0.0	10.187654320987654	6.177101967799643	1.4371859296482412	0.0	0.0	4.506616257088847	7.357913669064748	0.0	5.4790619765494135	0.0	22.466666666666665	0.0	0.0	3.2033898305084745	10.0509337860781
26779	0.0	0.8908554572271387	0.0	5.136882129277566	0.0	0.0	3.893805309734513	3.23728813559322	0.0	9.75075075075075	2.683582089552239	0.0	0.0	0.0	3.9026548672566372	13.983333333333333	0.0	3.1563421828908553	3.9646017699115044	21.433333333333334	0.0	0.0	8.950381679389313	6.386430678466077
26780	0.0	1.3231552162849873	0.0	1.0083798882681565	0.0	0.0	1.2354497354497354	2.0087976539589443	0.0	10.302798982188294	2.964376590330789	1.7857142857142858	0.0	0.0	6.391857506361323	7.072131147540984	0.0	6.6344537815126055	0.0	17.964052287581698	0.0	0.0	7.004016064257028	18.897590361445783
26781	0.0	1.9907918968692448	0.0	2.9201934703748487	0.0	0.0	2.0164888457807955	2.8267790262172285	0.0	5.803956834532374	5.748098055790363	1.862851952770209	0.0	0.0	3.2169525731584256	5.473928157589803	0.0	2.9664292980671414	1.8042194092827004	21.399061032863848	0.0	0.2514767932489452	4.908639523336643	15.615537848605578
26782	0.0	1.282442748091603	0.0	3.2566929133858267	0.0	0.0	0.9057750759878419	2.0031397174254315	0.0	10.053968253968254	3.8040885860306646	0.917312661498708	0.0	0.3875968992248062	2.2622222222222224	7.062251655629139	0.0	4.128747795414462	3.1197916666666665	24.10785619174434	0.0	0.0	4.7913446676970635	16.874115983026876
26783	0.0	2.3333333333333335	1.4701492537313432	2.3189189189189188	0.0	0.0	3.794316644113667	2.8401206636500755	0.0	14.009210526315789	2.757142857142857	1.0278551532033426	0.0	0.0	9.812154696132596	10.794244604316546	0.0	5.5492577597840755	1.6996996996996998	23.368343195266274	0.0	0.0	6.391910739191074	16.423562412342218
26784	0.0	3.549382716049383	0.0	3.2962962962962963	0.0	0.0	0.0	0.0	0.0	10.875	4.135802469135802	0.19753086419753085	0.0	0.0	4.055555555555555	5.329192546583851	0.0	5.083333333333333	0.0	18.646616541353385	0.0	0.0	3.728476821192053	14.866141732283465
26785	0.0	0.0	1.2555123216601816	0.0	0.0	0.0	1.6186770428015564	0.0	0.0	4.07190412782956	1.8289902280130292	0.0	0.0	0.0	1.8713826366559485	4.581944444444445	0.0	3.9241011984021306	2.944992947813822	13.228571428571428	0.0	0.0	2.3170391061452515	8.934491978609625
26786	0.0	1.0596491228070175	0.0	2.610526315789474	0.0	0.0	0.0	1.143859649122807	0.0	7.283018867924528	0.0	0.0	0.0	0.0	0.0	6.631578947368421	0.0	2.849122807017544	0.0	12.4	0.0	0.0	1.3333333333333333	3.7651821862348176
26787	0.0	3.6178010471204187	0.0	3.6850117096018735	0.0	0.0	3.63189448441247	1.5205479452054795	0.0	14.441831683168317	4.837019790454017	1.4729458917835672	0.0	0.0	7.083705357142857	17.003275109170307	0.0	6.649882903981265	1.2045184304399525	37.6551724137931	0.0	0.0	7.66624203821656	24.271464646464647
26788	0.0	0.0	0.7575757575757576	0.8821548821548821	0.0	0.0	2.622895622895623	0.0	0.0	6.879310344827586	2.474747474747475	0.0	0.8754208754208754	0.0	1.8608695652173912	4.3971291866028706	0.0	1.5218855218855218	4.223776223776224	10.574074074074074	1.8181818181818181	0.0	3.6785714285714284	10.03862660944206
26789	0.0	0.0	0.6894977168949772	0.0	0.0	0.0	1.1164383561643836	0.0	0.0	7.536708860759494	0.5296803652968036	0.0	0.0	0.0	1.4794520547945205	6.269922879177378	0.0	2.2914691943127963	1.1095890410958904	7.552511415525114	0.0	0.0	6.6480263157894735	8.013698630136986
26790	0.0	1.045633359559402	0.0	3.6648122392211406	0.0	0.0	1.9637841832963785	1.6872964169381108	0.0	13.08612099644128	3.4323899371069184	0.42829076620825146	0.0	0.0	5.546147978642257	11.409352517985612	0.0	3.6398140975987605	1.9925474254742548	18.474125874125875	0.0	0.0	5.058697972251868	13.195041322314049
26791	0.0	0.0	0.0	0.0	0.0	0.0	4.2521008403361344	0.0	0.0	4.092896174863388	2.371584699453552	0.0	0.0	0.0	4.916167664670659	6.910714285714286	0.0	3.19672131147541	0.0	7.2555555555555555	0.0	0.0	0.0	8.130681818181818
26792	0.0	0.0	0.0	1.5156794425087108	0.0	0.0	1.3205574912891986	2.9449003516998826	0.0	6.571428571428571	3.6864406779661016	1.900116144018583	0.0	0.0	2.313588850174216	6.034965034965035	0.0	4.502570694087404	0.0	13.053191489361701	0.0	0.0	2.7517831669044224	9.602465331278891
26793	0.0	1.6694214876033058	0.0	2.2169059011164274	0.0	0.0	1.5716253443526171	1.721311475409836	0.0	8.483660130718954	4.070032573289902	0.8367346938775511	0.0	0.0	3.8778735632183907	11.235785953177258	0.0	2.979557069846678	0.9608938547486033	15.568115942028985	0.0	0.0	2.5287539936102235	12.24263431542461
26794	0.0	1.1639676113360324	0.0	0.0	0.0	0.0	1.5076923076923077	0.0	0.0	3.7676190476190476	2.0436681222707422	0.0	0.0	0.0	2.5850622406639006	3.8974358974358974	0.0	2.219665271966527	1.2813141683778233	12.3359375	0.0	0.0	0.0	11.442553191489361
26795	0.0	5.239393939393939	0.5132275132275133	4.329670329670329	0.0	0.0	0.0	1.9813084112149533	0.0	15.052805280528053	9.6375	1.1111111111111112	0.7486772486772487	0.13756613756613756	3.0686274509803924	10.679442508710801	0.0	8.673295454545455	1.8518518518518519	20.551532033426184	0.0	0.0	4.9453125	21.203187250996017
26796	0.0	0.0	0.0	2.2222222222222223	0.0	0.0	2.7986725663716814	0.638095238095238	0.0	6.195266272189349	3.0591397849462365	0.6492753623188405	0.0	0.0	2.377880184331797	7.603290676416819	0.0	3.345878136200717	3.302867383512545	16.096153846153847	0.0	0.0	4.073852295409182	7.7244701348747595
26797	0.0	1.600664767331434	0.0	3.3523114355231143	0.0	0.0	3.59815668202765	1.9930417495029822	0.0	9.748305905130687	3.7180518319928506	1.274751302700142	0.0	0.0	6.664281783159053	11.92860708936595	0.0	4.100049285362247	2.250388802488336	24.887749595250945	0.0	0.0	6.737798546209762	18.652517275419545
26798	0.0	1.4454486765655261	0.0	4.7433447098976105	0.0	0.0	2.8722397476340693	1.8598765432098765	0.0	6.412782956058589	2.01897233201581	0.9576427255985267	0.0	0.0	5.85668016194332	9.274454609429979	0.0	6.352161785216179	2.9686912961803382	20.084546084546083	0.0	0.0	7.036958817317846	21.639355742296917
26799	0.0	0.037037037037037035	0.0	0.0	0.0	0.0	0.0	3.446215139442231	0.0	0.8743961352657005	1.9158415841584158	1.048148148148148	0.0	0.0	4.127551020408164	7.956284153005464	0.0	2.011111111111111	0.0	13.908730158730158	0.0	0.0	2.6305220883534135	11.532407407407407
26800	0.0	0.8183632734530938	0.0	2.0672645739910314	0.0	0.0	2.0120967741935485	0.6027944111776448	0.0	6.802395209580839	5.731656184486373	0.0	0.0	0.0	7.0603621730382295	11.709523809523809	0.0	5.916890080428955	1.908296943231441	18.235772357723576	0.0	0.0	8.0	14.476309226932669
26801	0.0	0.07111111111111111	0.0	2.04	0.0	0.0	2.5681818181818183	1.045325779036827	0.0	8.512	2.6955555555555555	2.7830188679245285	0.0	0.0	5.375555555555556	7.329192546583851	0.0	4.76	4.868888888888889	27.70744680851064	0.0	0.0	5.312292358803987	21.781767955801104
26802	0.0	3.5947712418300655	0.0	1.0980392156862746	0.0	0.0	0.0	1.7189542483660132	0.0	6.677165354330708	4.326797385620915	0.0	0.47058823529411764	0.0	2.2222222222222223	3.4901960784313726	0.0	2.3289473684210527	0.6078431372549019	9.84967320261438	0.0	0.0	6.0078740157480315	7.490196078431373
26803	0.0	2.575591985428051	0.0	1.9586614173228347	0.0	0.0	1.998109640831758	3.3020637898686678	0.0	6.528864059590316	2.6088709677419355	1.6612021857923498	0.0	0.0	5.338266384778013	13.221978021978021	0.0	3.9455445544554455	0.8247663551401869	22.856236786469346	0.0	0.7504553734061931	5.143920595533499	16.88671875
26804	0.0	4.079220779220779	0.0	3.9353846153846153	0.0	0.0	6.076030927835052	2.3389121338912133	0.0	8.586046511627908	2.9628099173553717	0.0	0.0	0.3254237288135593	9.093350383631714	12.035809018567639	0.0	6.180428134556575	0.9883419689119171	24.611494252873563	0.0	0.24180790960451978	3.7895545314900154	19.922062350119905
26805	0.0	1.7753623188405796	1.7666666666666666	3.7838541666666665	0.0	0.0	3.7525252525252526	2.44300518134715	0.0	10.412371134020619	5.974393530997305	0.8067632850241546	0.0	0.0	6.110539845758355	8.504504504504505	0.0	4.0693374422187985	0.0	20.43796711509716	0.0	0.0	4.4855072463768115	15.738636363636363
26806	0.0	2.3254901960784315	0.7098039215686275	2.8860759493670884	0.0	0.0	4.784313725490196	3.3360323886639676	0.0	11.31958762886598	3.7176470588235295	0.0	0.0	0.0	7.806282722513089	8.944915254237289	0.0	7.686274509803922	0.984313725490196	28.111607142857142	0.0	0.0	4.6415094339622645	33.8744769874477
26807	0.0	1.6494623655913978	0.0	4.064052287581699	0.0	0.0	5.32247191011236	1.6440860215053763	0.0	9.861575178997613	2.4829857299670692	0.7689133425034388	0.24731182795698925	0.0	6.08879781420765	10.73469387755102	0.0	10.816647919010125	5.424379232505643	28.198973042362002	0.0	0.0	3.6495215311004783	19.147342995169083
26808	0.0	1.7441016333938295	1.1233766233766234	5.772939346811819	0.0	0.0	1.7893660531697342	1.4185692541856925	0.0	12.162287480680062	2.082051282051282	2.0547945205479454	0.0	0.0	6.421471172962226	8.949593495934959	0.0	10.014040561622465	1.3968992248062015	25.01880341880342	0.0	0.0	8.652733118971062	14.108620689655172
26809	0.0	0.0	0.0	3.232307692307692	0.0	0.0	3.3333333333333335	0.6124763705103969	0.0	10.800335570469798	5.49770290964778	3.3559322033898304	0.0	0.0	6.511737089201878	11.485185185185186	0.0	4.7656529516994635	1.4049180327868853	27.121993127147768	0.0	0.0	6.1938775510204085	16.533333333333335
26810	0.0	2.26078431372549	0.0	4.0435729847494555	0.0	0.0	2.3072164948453606	1.495049504950495	0.0	15.713080168776372	3.7294117647058824	0.0	0.0	0.0	5.901960784313726	6.723716381418093	0.0	6.664893617021277	0.0	20.892448512585812	0.0	0.0	8.323155216284988	22.829145728643216
26811	0.0	3.147222222222222	0.8083333333333333	6.113372093023256	0.0	0.0	2.8361111111111112	1.3027777777777778	0.0	12.86111111111111	3.9855907780979827	1.3555555555555556	0.0	1.3	2.946127946127946	12.153846153846153	0.0	3.822742474916388	0.0	20.921311475409837	0.0	0.0	5.075	23.658362989323845
26812	0.0	1.9534050179211468	1.0025690430314709	3.917503586800574	0.0	0.0	2.7132043734230447	1.5735900962861074	0.0	10.996664442961974	3.545112781954887	1.692357512953368	0.0	0.0	5.272941176470588	9.035532994923859	0.0	6.112359550561798	3.295238095238095	22.896253602305475	0.0	0.0	3.6444972288202693	17.478014184397164
26813	0.0	0.0	0.0	0.0	0.0	0.0	0.0	0.0	0.0	0.0	0.0	0.0	0.0	0.0	0.31666666666666665	3.909090909090909	0.0	0.0	0.0	7.308333333333334	1.3333333333333333	0.0	0.0	1.9
26814	0.0	5.909208819714657	0.0	3.881520778072502	0.0	0.0	2.0183574879227053	2.0733333333333333	0.0	14.466666666666667	5.706877113866967	1.5104427736006683	0.8651685393258427	0.0	4.826335877862595	12.95475113122172	0.0	9.043343653250774	2.459000942507069	26.623732251521297	0.0	0.0	11.653804930332262	19.750225428313797
26815	0.0	1.0036231884057971	0.0	2.866952789699571	0.0	0.9710144927536232	4.211111111111111	1.0942028985507246	0.0	19.34251968503937	3.2637362637362637	1.2210144927536233	0.0	0.0	7.753623188405797	8.273504273504274	0.0	1.394927536231884	0.0	23.15837104072398	0.0	0.0	2.9347826086956523	11.483870967741936
26816	0.0	1.5215686274509803	0.0	6.7356608478802995	0.0	0.0	1.907843137254902	4.5058823529411764	0.0	3.9725490196078432	2.074468085106383	1.5576923076923077	0.0	0.0	5.049222797927461	11.828908554572271	0.0	2.7753036437246963	0.0	15.444943820224719	0.0	0.0	2.739030023094688	23.141176470588235
26817	0.0	0.0	0.0	0.0	0.0	0.0	0.7833333333333333	0.0	0.0	5.816666666666666	0.9666666666666667	0.0	0.0	0.0	0.0	0.45	0.0	5.8	0.0	0.0	0.0	0.0	5.833333333333333	0.7096774193548387
26818	0.0	0.0	0.0	1.0710382513661203	0.0	0.0	1.1967213114754098	1.1366120218579234	0.0	10.797814207650273	0.994535519125683	0.0	0.0	0.0	2.3705882352941177	5.109289617486339	0.0	4.754098360655738	0.5185185185185185	7.91875	0.0	0.0	0.0	11.27450980392157
26819	0.0	1.416243654822335	0.0	0.4090909090909091	0.0	0.0	1.4883720930232558	0.0	0.0	10.659751037344398	1.87984496124031	0.007692307692307693	0.0	0.0	5.069767441860465	9.97489539748954	0.0	2.191235059760956	0.1937984496124031	9.604651162790697	0.0	0.0	2.7751937984496124	12.753488372093024
26820	0.0	2.9735376044568245	0.337995337995338	4.004016064257028	0.0	0.0	1.7657342657342658	0.0	0.0	7.917341977309563	5.744405182567727	0.0	0.0	0.0	5.887587822014051	8.588873812754409	0.0	3.1848617176128093	0.9811320754716981	18.229074889867842	0.0	0.0	5.359576968272621	12.737762237762238
26821	0.0	2.216768916155419	0.0	2.546201232032854	0.0	0.0	0.8505747126436781	2.0265848670756648	0.0	5.816120906801007	3.6459627329192545	0.8139059304703476	0.08588957055214724	0.0	6.416666666666667	11.061965811965813	0.0	5.521472392638037	0.967280163599182	13.159574468085106	0.3312883435582822	0.0	6.413943355119826	10.0
26822	0.0	1.8967136150234742	0.0	0.568075117370892	0.1643192488262911	0.0	1.1188405797101448	4.173708920187793	0.0	4.393351800554017	2.5211267605633805	0.6619718309859155	0.0	0.22065727699530516	6.474006116207951	4.056716417910447	0.0	4.383386581469648	1.4661835748792271	13.002777777777778	0.0	0.0	1.6150234741784038	10.897619047619047
26823	0.0	2.8020833333333335	0.0	3.6149732620320854	0.0	0.0	0.0	1.7789473684210526	0.0	10.928571428571429	3.6197916666666665	2.0364583333333335	0.0	0.0	2.172043010752688	11.013157894736842	0.0	6.1893939393939394	0.9010416666666666	14.030674846625766	1.21875	1.1041666666666667	7.2011494252873565	12.100529100529101
26824	0.0	0.9012345679012346	0.8148148148148148	0.0	0.0	0.0	2.0864197530864197	0.0	0.0	3.9935897435897436	3.8133333333333335	1.6136363636363635	0.0	0.0	3.7375	0.0	0.0	4.104938271604938	2.966386554621849	12.666666666666666	0.0	0.0	5.679012345679013	5.08641975308642
26825	0.0	3.1533923303834808	0.0	1.5401606425702812	0.0	0.0	2.176706827309237	1.6907630522088353	0.0	10.569002123142251	4.826190476190476	0.0	0.0	0.0	3.8092485549132946	10.875565610859729	0.0	6.904665314401623	1.823293172690763	18.972789115646258	0.0	0.0	2.9046653144016226	17.165983606557376
26826	0.0	1.8131868131868132	0.0	1.6045197740112995	0.0	0.0	2.0211864406779663	2.0437853107344632	0.0	4.880239520958084	1.2542372881355932	1.4307909604519775	0.0	0.0	0.0	3.030201342281879	0.0	6.2398081534772185	1.307909604519774	5.8014440433212995	0.0	0.10875706214689265	0.8248587570621468	11.612391930835734
26827	0.0	0.0	0.0	4.628318584070796	0.0	0.0	5.054726368159204	5.7518518518518515	0.0	16.861423220973784	5.931818181818182	2.8814814814814813	0.0	1.7555555555555555	10.369158878504672	13.961538461538462	0.0	12.97071129707113	3.789237668161435	25.266932270916335	0.0	0.0	9.148471615720524	24.0982905982906
26828	0.0	7.117647058823529	0.0	4.45985401459854	0.6339869281045751	0.0	2.449781659388646	4.529616724738676	0.0	13.25	7.751152073732719	0.7320261437908496	0.0	0.0	3.860082304526749	12.883895131086142	0.0	13.749034749034749	3.0366300366300365	22.22064056939502	0.0	0.0	5.141078838174274	23.127450980392158
26829	0.0	0.789412449098313	0.3965341488277268	4.89920724801812	0.0	0.0	2.9322799097065464	2.8403412553321146	0.0	8.650918635170603	2.9861878453038675	0.0	0.0	0.0	7.629755820556502	11.246519721577727	0.0	4.655770513675784	2.250277469478357	19.894444444444446	0.0	0.0	5.340034462952326	19.160044150110377
26830	0.0	1.1275167785234899	0.0	4.724928366762177	0.0	0.0	0.0	1.5794183445190157	0.0	6.19533527696793	3.641891891891892	3.4361370716510904	0.0	0.0	3.1096605744125325	8.743243243243244	0.0	6.827830188679245	1.348993288590604	16.334426229508196	0.0	0.0	5.740061162079511	13.502994011976048
26831	0.0	2.7639751552795033	0.0	5.535714285714286	0.0	0.0	3.1379310344827585	2.6682027649769586	0.0	10.168724279835391	5.408730158730159	1.6031746031746033	0.0	2.0258620689655173	4.938144329896907	12.290598290598291	0.0	13.175824175824175	3.0238095238095237	29.618852459016395	0.0	0.0	11.17094017094017	18.893719806763286
26832	0.0	0.0	0.0	3.6318407960199006	0.0	0.0	0.8109452736318408	1.626865671641791	0.0	11.805714285714286	1.4545454545454546	0.0	0.0	0.0	1.4577114427860696	4.7360406091370555	0.0	2.5074626865671643	0.48756218905472637	22.78125	0.0	0.0	4.114427860696518	11.429487179487179
26833	0.0	0.0	0.0	1.9229559748427674	0.0	0.0	1.8031189083820662	0.0	0.0	5.5564681724846	2.887543252595156	0.0	0.0	0.0	3.412962962962963	4.1656441717791415	0.0	2.6194539249146755	0.0	15.983416252072969	0.0	0.0	2.884469696969697	11.224669603524228
26834	0.0	1.624031007751938	0.0	1.6020671834625324	0.0	0.0	1.0292307692307692	1.5400516795865633	0.0	6.798179059180576	1.5116279069767442	2.0155148095909734	0.19638242894056848	0.0	4.148578811369509	6.7335907335907335	0.0	5.790654205607477	0.9069767441860465	10.195876288659793	0.0	0.0	5.436906377204885	14.183774834437086
26835	0.0	1.8218390804597702	0.0	0.0	0.0	0.0	1.3908045977011494	0.0	0.0	6.464285714285714	1.3017241379310345	0.5086206896551724	0.0	0.0	2.718562874251497	3.6264367816091956	0.0	3.89419795221843	0.15804597701149425	6.970414201183432	0.0	0.40804597701149425	3.5854430379746836	12.579617834394904
26836	0.0	0.0	0.0	1.6	0.0	0.0	0.0	1.5081256771397618	0.0	7.98404255319149	3.3224755700325734	0.0	0.0	0.0	4.087417218543046	6.577960140679953	0.0	2.0447154471544717	1.379907621247113	16.698431845597106	0.0	0.0	4.82387706855792	10.422885572139304
26837	0.0	0.6835443037974683	0.0	2.2320675105485233	0.0	0.0	5.298165137614679	1.0042194092827004	0.0	10.98469387755102	5.111111111111111	0.4978902953586498	0.0	0.0	5.656716417910448	9.113924050632912	0.0	6.21875	0.9156118143459916	21.29281767955801	0.0	0.0	8.828282828282829	10.152542372881356
26838	0.0	0.0	0.0	2.4159021406727827	0.362962962962963	0.0	2.565891472868217	0.08395061728395062	0.0	11.942928039702233	2.1604938271604937	0.6938271604938272	0.0	0.0	2.0055710306406684	4.381546134663342	0.0	2.4271604938271607	1.7703703703703704	16.36503856041131	0.0	0.0	2.704225352112676	13.724043715846994
26839	0.0	0.0	0.0	3.4756335282651074	0.0	0.0	2.1130604288499026	1.746588693957115	0.0	12.4151376146789	4.761388286334056	0.9176470588235294	0.0	0.0	6.788095238095238	11.635245901639344	0.0	6.095011876484561	2.179337231968811	13.898395721925134	0.0	0.0	1.8588516746411483	11.582051282051282
26840	0.0	4.222222222222222	1.0681003584229392	0.23655913978494625	0.0	0.0	4.21505376344086	0.7419354838709677	0.0	9.340501792114695	4.37956204379562	1.206896551724138	0.0	0.0	3.766949152542373	7.702508960573477	0.0	2.2903225806451615	3.118279569892473	11.756906077348066	0.0	0.0	1.8709677419354838	8.010752688172044
26841	0.0	0.0	0.0	5.481481481481482	0.8941798941798942	0.0	2.2169312169312168	0.0	0.0	5.387218045112782	0.0	0.0	0.0	0.5238095238095238	0.0	11.11111111111111	0.0	7.65587044534413	2.878306878306878	18.785932721712538	0.0	0.0	5.1645569620253164	11.079575596816976
26842	0.0	0.8617021276595744	0.0	4.527777777777778	0.0	0.0	0.0	0.0	0.0	12.497142857142856	1.0046296296296295	3.634259259259259	2.365740740740741	0.0	9.489690721649485	6.822784810126582	0.0	2.0833333333333335	1.8240740740740742	26.651515151515152	0.0	0.125	3.176470588235294	16.453703703703702
26843	0.0	3.7838235294117646	0.0	2.9378612716763004	0.0	0.0	1.9987163029525032	2.221383647798742	0.0	11.330567081604427	4.389937106918239	1.5371069182389938	0.0	0.0	7.115646258503402	10.954220314735336	0.0	5.925353925353925	1.8742058449809402	19.896700143472025	0.0	0.0	6.213864306784661	19.671251719394775
26844	0.0	1.5914454277286136	0.0	6.563694267515924	0.0	0.0	4.538847117794486	3.655388471177945	0.0	12.664201183431953	1.2279635258358663	1.7644110275689222	0.0	0.0	9.495440729483283	8.108196721311476	0.0	4.231416549789621	3.850187265917603	20.99019607843137	0.0	0.0	2.973643410852713	28.99108469539376
26845	0.0	0.0	0.0	1.9903660886319845	0.0	0.0	0.0	0.5741811175337187	0.0	9.269874476987448	0.7623762376237624	0.0	0.0	0.0	5.2969543147208125	1.550351288056206	0.0	2.8562753036437245	1.163776493256262	9.280898876404494	0.0	0.0	3.517543859649123	10.89402697495183
26846	0.0	0.0	0.0	3.171597633136095	0.0	0.0	1.3221288515406162	0.9138576779026217	0.0	6.714285714285714	0.0	0.0	0.0	0.0	4.311526479750778	4.616246498599439	0.0	1.6442577030812324	3.495798319327731	9.68545994065282	0.0	0.0	2.0644257703081235	7.599439775910364
26847	0.0	0.574468085106383	0.0	0.0	0.0	0.0	0.9539007092198581	0.0	0.0	6.797872340425532	1.297872340425532	0.0	0.0	0.0	3.8191489361702127	5.343511450381679	0.0	3.698581560283688	0.0	8.73758865248227	0.0	1.0	3.0144927536231885	6.141843971631205
26848	0.0	0.0	0.0	3.5261194029850746	0.0	0.0	0.9384057971014492	4.949612403100775	0.0	5.0	1.1770334928229664	0.9021739130434783	0.0	0.0	6.246376811594203	4.011673151750973	0.0	1.7620967741935485	1.4673913043478262	7.149122807017544	0.0	0.11231884057971014	2.721014492753623	9.51923076923077
26849	0.0	0.6289308176100629	0.0	1.9120879120879122	0.0	0.0	2.141509433962264	0.0	0.0	4.098513011152416	3.4	0.0	0.0	0.0	3.90251572327044	6.726415094339623	0.0	1.8106995884773662	0.0	4.829222011385199	0.0	0.0	2.800947867298578	8.094488188976378
26850	0.2755417956656347	0.9115958668197475	0.0	1.5633456334563345	0.0	0.0	1.631578947368421	1.3993808049535603	0.0	3.6480086114101185	1.6046176046176046	0.0	0.0	0.0	4.830210772833723	4.3849938499385	0.0	3.2101769911504423	2.284963196635121	11.503432494279176	0.0	0.0	4.299277605779154	10.745762711864407
26851	0.0	3.253687315634218	0.0	3.698550724637681	0.0	0.0	0.0	3.301449275362319	0.0	3.4725274725274726	3.139130434782609	0.0	0.0	0.0	2.672463768115942	5.097122302158273	0.0	2.126099706744868	0.0	14.469565217391304	0.0	0.0	0.0	9.234782608695653
26852	0.8021248339973439	1.1288180610889775	0.0	2.0575916230366493	0.0	0.0	1.0650730411686586	1.2097222222222221	0.0	7.560250391236306	4.178018575851393	0.9043062200956937	0.24701195219123506	0.0	8.24468085106383	9.310099573257467	0.0	5.4397394136807815	0.8446215139442231	11.812693498452012	0.0	0.0	3.9296148738379815	16.508
26853	0.0	1.7481804949053856	0.5846702317290553	3.406515580736544	0.0	0.0	1.4253835425383543	1.8884239888423988	0.0	7.800319488817891	2.3026315789473686	0.0	0.3528591352859135	0.6136680613668062	4.2594142259414225	6.4688856729377715	0.0	4.185886402753873	2.312811980033278	14.775401069518717	0.0	0.0	2.580327868852459	15.811011904761905
26854	0.0	0.3157894736842105	0.31934731934731936	5.2890442890442895	0.0	0.0	2.7365967365967365	5.7008086253369274	0.0	10.323170731707316	2.1375291375291376	0.0	0.0	0.0	5.933497536945813	6.226107226107226	0.0	3.2004662004662006	0.08391608391608392	17.80373831775701	0.0	0.4289044289044289	6.42042755344418	10.652173913043478
26855	0.0	1.0506024096385542	0.5975903614457831	3.9305555555555554	0.0	0.0	0.8232931726907631	1.9140562248995985	0.0	13.063589743589743	3.765734265734266	0.5526104417670683	0.0	0.327710843373494	5.15356820234869	9.407883461868037	0.0	5.685886402753873	0.9413654618473896	21.070635721493442	0.1646586345381526	0.714859437751004	2.5157446808510637	8.877640845070422
26856	0.0	2.0927152317880795	0.0	3.831730769230769	0.0	0.0	1.4583333333333333	3.127853881278539	0.0	6.075055187637969	0.8057395143487859	0.0	0.0	0.0	11.14179104477612	10.045045045045045	0.0	4.390909090909091	3.327058823529412	26.044510385756677	0.11479028697571744	0.0	5.286821705426356	21.836644591611478
26857	0.0	1.399650959860384	0.0	2.9324618736383443	0.0	0.0	0.0	1.3826923076923077	0.0	11.657243816254416	5.498084291187739	0.0	0.0	0.0	9.284796573875804	8.517401392111369	0.0	5.521428571428571	0.0	27.052516411378555	0.0	0.0	4.1457943925233645	16.983561643835618
26858	0.0	0.0	0.0	0.45454545454545453	0.0	0.0	0.0	0.0	0.0	6.238605898123325	0.0	0.0	0.0	0.0	1.2473794549266248	5.424317617866005	0.0	2.9790356394129978	0.9942363112391931	10.182561307901908	0.0	0.0	1.9050131926121372	10.041958041958042
26859	0.0	1.7962962962962963	0.0	2.595744680851064	0.0	0.0	2.397163120567376	0.0	0.0	3.602836879432624	5.413533834586466	0.0	0.0	0.0	3.4609929078014185	3.479591836734694	0.0	6.75886524822695	1.0	16.97872340425532	0.0	0.0	2.2290076335877864	11.273684210526316
26860	0.0	3.98989898989899	0.0	4.760504201680672	0.0	0.0	2.105095541401274	3.7538860103626943	0.0	13.058282208588958	4.544	1.958477508650519	0.0	1.5252525252525253	12.333333333333334	18.507575757575758	0.0	14.763157894736842	5.66764705882353	29.56084656084656	0.0	0.0	12.231543624161073	35.860681114551085
26861	0.0	2.13265306122449	0.0	1.5145631067961165	0.0	0.0	6.087378640776699	2.796116504854369	0.0	7.5210355987055015	7.29126213592233	0.0	0.0	0.0	5.757281553398058	8.76027397260274	0.0	7.191489361702128	0.0	29.572847682119207	1.3689320388349515	0.0	5.591269841269841	14.724907063197026
26862	0.0	2.0368663594470044	0.0	2.1699029126213594	0.0	0.0	2.8202764976958523	0.9714912280701754	0.0	6.430426716141002	2.953632148377125	0.0	0.0	0.0	5.16195856873823	6.33665008291874	0.0	2.5379061371841156	0.0	10.472072072072072	0.0	0.0	4.046075085324232	17.398832684824903
26863	0.0	0.0	0.0	0.0	0.0	0.0	0.0	0.0	0.0	1.1904761904761905	0.0	0.0	0.0	0.0	0.0	4.708333333333333	0.0	1.6607142857142858	0.0	7.46583850931677	0.0	0.0	0.0	4.313725490196078
26864	0.0	0.0	0.0	0.0	0.0	0.0	2.029850746268657	0.0	0.0	3.572192513368984	3.9029850746268657	0.0	0.0	0.0	2.728855721393035	5.1940298507462686	0.0	2.8981132075471696	0.0	17.934725848563968	0.0	0.0	0.0	13.445682451253482
26865	0.0	1.8505154639175259	0.0	2.0474137931034484	0.0	0.0	1.3754940711462451	3.5209205020920504	0.0	6.811111111111111	2.178694158075601	0.0	0.0	0.0	3.246938775510204	10.246119733924612	0.0	4.571428571428571	5.323717948717949	15.915717539863326	0.0	0.0	3.0182186234817814	12.844290657439446
26866	0.0	0.0	0.0	6.299492385786802	0.0	0.0	1.948356807511737	0.0	0.0	15.424050632911392	1.6990291262135921	2.645631067961165	0.0	0.0	1.3517241379310345	11.655844155844155	0.0	5.535211267605634	2.107981220657277	17.636363636363637	0.0	2.31924882629108	8.288557213930348	19.49390243902439
26867	0.0	3.040160642570281	0.3303303303303303	2.502774694783574	0.48848848848848847	0.0	2.020942408376963	1.3766375545851528	0.0	9.943859649122807	3.1827676240208875	0.7967967967967968	0.0	0.0	5.874855156431054	9.201701093560146	0.0	3.0724465558194773	0.7261345852895149	19.955112219451372	0.0	0.0	3.966863905325444	22.53416149068323
26868	0.0	1.566951566951567	0.0	6.244776119402985	0.0	0.0	1.5270655270655271	1.1823361823361824	0.0	6.533834586466165	1.955719557195572	0.0	0.0	1.5698005698005697	5.087136929460581	14.149068322981366	0.0	5.16796875	1.1290322580645162	18.629893238434164	0.0	0.0	8.988095238095237	26.322981366459626
26869	0.0	4.8	0.0	6.311475409836065	0.0	0.0	0.0	2.0238095238095237	0.0	13.654205607476635	2.4345238095238093	0.0	0.0	0.0	9.945736434108527	12.619047619047619	0.0	6.760683760683761	5.511904761904762	31.643478260869564	0.0	0.0	10.914728682170542	29.036231884057973
26870	0.0	1.5050100200400802	0.0	6.653225806451613	0.0	0.0	2.3333333333333335	1.9770114942528736	0.0	7.354838709677419	2.0	0.4885057471264368	0.0	0.5498084291187739	5.0	9.89587852494577	0.0	7.132882882882883	1.0695296523517381	11.842261904761905	0.0	0.0	3.9314420803782504	18.97340425531915
26871	0.0	1.924924924924925	0.0	5.830670926517572	0.0	0.0	2.2762762762762763	0.0	0.0	14.21921921921922	5.067741935483871	2.4144144144144146	0.0	0.0	7.222222222222222	7.115079365079365	0.0	3.6948529411764706	6.957957957957958	24.089430894308943	0.46846846846846846	0.0	10.5	16.65765765765766
26872	0.0	0.6585695006747638	0.0	3.3112033195020745	0.0	0.0	1.6611570247933884	3.130434782608696	0.0	6.78255033557047	3.460620525059666	0.0	0.0	0.0	6.701829924650162	9.892561983471074	0.0	5.442477876106195	1.812807881773399	16.024731182795698	0.0	0.0	3.662597114317425	16.042774566473987
26873	0.0	0.0	0.0	1.4434782608695653	0.0	0.0	3.802521008403361	1.1884057971014492	0.0	7.988416988416988	3.781710914454277	0.0	0.0	0.0	6.239644970414201	4.168141592920354	0.0	7.735632183908046	6.192182410423452	17.202643171806166	0.0	0.0	8.935483870967742	13.906542056074766
26874	0.8787878787878788	0.18614718614718614	0.0	3.103896103896104	0.05627705627705628	0.0	2.047191011235955	1.7570754716981132	0.0	11.002421307506053	3.5281385281385282	0.0	0.0	0.0	3.599378881987578	4.0519480519480515	0.0	4.992941176470588	1.093073593073593	25.613333333333333	0.0	0.0	6.269689737470167	20.8538283062645
26875	0.26515151515151514	1.085173501577287	0.0	3.104265402843602	0.0	0.0	1.2026515151515151	0.8825757575757576	0.0	9.245049504950495	4.025742574257426	0.0	1.106060606060606	0.0	3.773936170212766	12.215533980582524	0.0	2.153409090909091	0.0	17.193467336683415	0.0	0.0	4.702651515151516	20.824362606232295
26876	0.0	0.8674846625766871	0.0	1.7331499312242091	0.0	0.0	2.4983012457531144	0.0	0.0	7.887719298245614	7.914634146341464	0.6687631027253669	0.0	0.7421383647798742	6.133180252583237	10.764071856287424	0.5450733752620545	4.596514745308311	0.6928721174004193	20.186230248306998	0.0	0.0	9.117216117216117	14.453703703703704
26877	0.0	0.8287292817679558	0.994475138121547	2.8013856812933025	0.0	0.0	0.3756906077348066	0.6961325966850829	0.0	7.3106060606060606	2.007751937984496	1.5819521178637201	0.0	0.3241252302025783	4.169776119402985	10.229461756373938	0.0	1.6089385474860336	1.9705263157894737	23.785067873303166	0.0	0.0	2.8112033195020745	16.491803278688526
26878	0.0	0.0	1.0326086956521738	1.8985507246376812	0.0	0.0	0.0	0.0	0.0	4.123287671232877	1.1521739130434783	2.0579710144927534	0.0	0.0	4.663043478260869	5.817708333333333	0.0	8.173913043478262	2.471014492753623	13.981566820276498	0.0	0.0	2.4693877551020407	22.21383647798742
26879	0.9137254901960784	2.196078431372549	0.0	0.8941176470588236	0.0	0.0	0.0	0.0	0.0	6.9067357512953365	6.882352941176471	0.0	0.0	1.003921568627451	6.763713080168777	7.207964601769912	0.0	3.7294117647058824	4.208835341365462	13.162162162162161	0.0	0.0	7.660550458715596	29.085714285714285
26880	0.0	0.0	1.40625	3.9479166666666665	0.0	0.0	3.5052083333333335	0.0	0.0	8.049689440993788	4.135416666666667	0.0	0.0	0.0	5.359375	9.050314465408805	0.0	3.011904761904762	0.0	10.257142857142858	1.5208333333333333	0.0	9.536458333333334	14.095541401273886
26881	0.0	0.0	0.0	3.7525252525252526	0.0	0.0	0.9393939393939394	1.5025252525252526	0.0	7.938953488372093	4.063131313131313	0.0	0.0	0.0	4.454545454545454	10.557184750733137	0.0	3.4974747474747474	0.0	17.142473118279568	0.0	0.0	3.9805825242718447	14.525252525252526
26882	0.0	1.1556064073226544	0.0	2.251005631536605	0.0	0.0	2.919938414164742	1.6622222222222223	0.0	5.710309278350516	4.764864864864865	0.0	0.0	0.0	4.032036613272311	7.232306411323897	0.0	4.251063829787234	0.8703196347031964	20.137877614252517	0.0	0.0	3.88824101068999	14.789373814041745
26883	0.0	3.1732954545454546	1.4645390070921986	1.2607879924953096	0.03546099290780142	0.0	2.764397905759162	1.9432624113475176	0.0	7.773049645390071	1.1625	0.0	0.0	1.5	2.872340425531915	4.743181818181818	0.0	5.482683982683983	0.9009708737864077	19.90134529147982	0.0	0.0	4.118343195266272	11.781124497991968
26884	0.0	0.0	0.0	0.6089743589743589	0.0	0.0	1.9743589743589745	2.9358974358974357	0.0	7.972972972972973	5.033783783783784	0.8461538461538461	0.0	0.0	3.198675496688742	3.3461538461538463	0.0	6.32258064516129	0.34615384615384615	15.912	0.0	0.0	1.0769230769230769	11.76923076923077
26885	0.0	0.1694915254237288	0.7853107344632768	3.0508474576271185	0.0	0.0	7.266187050359712	3.3446327683615817	0.0	13.300653594771243	4.525714285714286	3.9420289855072466	0.5254237288135594	0.0	0.0	5.191860465116279	0.0	10.013245033112582	3.6758620689655173	25.784313725490197	0.0	0.9152542372881356	1.2203389830508475	17.310734463276837
26886	0.0	0.0	0.0	0.0	0.0	0.0	1.8293650793650793	0.5605381165919282	0.25396825396825395	9.718253968253968	4.782786885245901	0.0	0.0	0.0	1.5158730158730158	5.649402390438247	0.0	5.331838565022421	2.0242424242424244	20.827102803738317	0.0	0.21428571428571427	6.896825396825397	14.919597989949748
26887	0.0	0.0	0.0	4.875647668393782	0.0	0.0	0.49127906976744184	1.6533333333333333	0.0	5.148706896551724	3.5776031434184676	0.5142857142857142	0.0	0.0	7.834763948497854	5.983014861995754	0.0	3.7643312101910826	0.9251336898395722	19.80082135523614	0.09142857142857143	0.0	8.008849557522124	19.79493670886076
26888	0.0	1.7905166312809624	0.0	2.001466275659824	0.0	0.0	2.0290697674418605	2.7229394240317775	0.0	7.381110190555095	3.8887733887733886	1.8751891074130105	0.0	0.0	4.6868381240544625	5.999163179916318	0.0	6.113384484228474	2.6740576496674056	21.939810834049872	0.0	0.0	5.177156177156177	14.1184
26889	0.0	0.12418300653594772	0.0	4.388888888888889	0.0	0.0	4.454248366013072	1.3856209150326797	0.0	7.208333333333333	3.7679738562091503	0.0	1.542483660130719	0.0	1.6745762711864407	12.57843137254902	0.0	2.0784313725490198	1.2833333333333334	20.198653198653197	0.0	0.0	6.009661835748792	18.61090909090909
26890	0.8958333333333334	0.0	0.0	1.3489583333333333	0.0	0.0	1.6302083333333333	0.921875	0.0	10.381578947368421	5.984375	0.0	0.0	0.0	3.595890410958904	9.840490797546012	0.0	7.1923076923076925	0.0	15.671875	0.0	0.0	1.956140350877193	15.826086956521738
26891	0.0	3.256880733944954	0.42507645259938837	6.082191780821918	0.0	0.0	0.4648318042813456	0.7155963302752294	0.0	11.87593984962406	3.8900709219858154	0.0	0.0	0.0	4.877358490566038	10.519877675840979	0.0	3.767584097859327	0.26299694189602446	7.266968325791855	0.0	0.0	4.256880733944954	11.188925081433224
26892	0.0	2.653030303030303	0.0	4.211878009630818	0.0	0.0	0.6892857142857143	0.0	0.0	9.621212121212121	1.0727272727272728	0.0	0.0	0.0	4.705607476635514	10.393548387096773	0.0	2.6440677966101696	1.996969696969697	16.098562628336754	0.0	0.0	4.723618090452261	18.910714285714285
26893	0.0	0.0	0.0	1.2329931972789117	0.38184663536776214	0.0	3.4786821705426356	0.8904538341158059	0.0	7.2543252595155705	3.5874363327674024	2.5250403877221324	0.0	0.0	5.966929133858268	8.81586402266289	0.0	3.1247401247401245	1.8327067669172932	21.849162011173185	0.0	0.0	4.112676056338028	11.671480144404333
26894	0.0	0.0	0.0	1.9457671957671958	0.0	0.0	1.6463963963963963	0.8970775095298602	0.15765765765765766	9.030508474576271	2.3372549019607844	0.0	0.0	0.0	3.8033240997229916	6.514851485148514	0.0	6.380249716231555	0.5416666666666666	14.771863117870723	0.0	0.0	3.830832196452933	12.624489795918368
26895	0.0	1.7067510548523206	0.629746835443038	3.979020979020979	0.0	0.0	0.0	2.348137535816619	0.0	9.302375809935205	2.656210790464241	0.6687763713080169	0.0	0.0	2.264925373134328	7.328476821192053	0.0	4.240524781341108	1.611957796014068	17.44076840981857	0.0	1.0675105485232068	4.4469413233458175	16.65173410404624
26896	0.0	2.76027397260274	0.0	1.5722222222222222	0.0	0.0	0.7444444444444445	2.2055555555555557	0.0	4.657718120805369	4.051282051282051	0.0	0.4777777777777778	0.0	5.038167938931298	5.218978102189781	0.0	7.111111111111111	0.0	22.27485380116959	0.0	1.3611111111111112	2.308139534883721	14.13888888888889
26897	0.0	1.6079136690647482	0.0	3.0258899676375406	0.0	0.0	1.67	1.880095923261391	0.0	10.39448275862069	5.331592689295039	1.0467625899280575	0.0	0.0	4.824675324675325	6.9945725915875165	0.0	4.526060606060606	2.29136690647482	15.812754409769335	0.0	0.0	7.974789915966387	11.90436005625879
26898	0.0	1.06	0.023333333333333334	1.8933333333333333	0.0	2.013333333333333	2.4747081712062258	1.0066666666666666	0.0	4.03125	2.369491525423729	0.0033333333333333335	0.0	1.5633333333333332	5.776666666666666	6.929577464788732	0.0	3.835664335664336	1.5353159851301115	20.48469387755102	0.0	0.0	4.246478873239437	13.017543859649123
26899	0.0	0.0	0.0	0.0	0.0	0.0	1.6036036036036037	0.0	0.0	1.2162162162162162	3.8309859154929575	0.0	0.0	0.0	0.0	10.85135135135135	0.0	1.8918918918918919	0.0	15.720930232558139	0.0	0.0	6.831460674157303	4.423423423423423
26900	0.0	0.8625954198473282	0.0	0.0	0.0	0.0	0.42386831275720166	0.0	0.0	9.564885496183207	2.9483204134366927	0.0	0.0	0.0	2.2755681818181817	5.147757255936676	0.0	1.5244565217391304	1.1526717557251909	6.80327868852459	0.0	0.0	2.6285714285714286	3.20746887966805
26901	0.6181818181818182	0.08787878787878788	0.0	1.8846153846153846	0.0	0.0	6.202479338842975	0.8787878787878788	0.0	9.673780487804878	6.933333333333334	3.9282868525896415	0.0	0.0	3.196969696969697	9.336842105263157	0.0	5.024242424242424	0.0	28.59223300970874	0.0	0.6484848484848484	3.587878787878788	8.640287769784173
26902	0.0	0.0	0.0	2.1159420289855073	0.0	0.0	0.17598343685300208	0.0	0.0	10.243589743589743	3.5916114790286975	3.1697722567287783	0.0	0.0	1.3583815028901733	8.828402366863905	0.0	6.154684095860566	3.679089026915114	10.735294117647058	0.0	0.0	3.516949152542373	12.883116883116884
26903	0.0	0.0	0.0	0.8686868686868687	0.0	0.0	0.0	0.0	0.0	5.242424242424242	1.0151515151515151	0.98989898989899	0.0	0.0	4.9449035812672175	8.034120734908136	0.0	1.9065656565656566	1.6683544303797468	22.030888030888033	0.0	0.0	7.842424242424243	7.913207547169812
26904	0.0	0.5453074433656958	0.0	2.199786324786325	0.0	0.0	1.612756264236902	2.108974358974359	0.0	6.1057401812688825	3.020785219399538	1.6314102564102564	0.0	0.0	4.94141689373297	10.09696261682243	0.0	1.762812872467223	1.9930555555555556	9.33673469387755	0.0	0.0	3.9031890660592254	18.014857142857142
26905	0.0	1.4727503168567808	0.0	3.462490332559938	0.0	0.0	1.020912547528517	0.0	0.0	4.993814432989691	2.717665615141956	1.8508361204013377	0.0	0.0	1.8275862068965518	5.628434065934066	0.0	3.140047206923682	2.7562380038387717	13.466618287373004	0.0	0.0	3.5297783933518008	12.03648068669528
26906	0.0	3.442495126705653	0.0	1.7434679334916865	0.0	0.0	1.2592592592592593	2.0	0.0	5.137651821862348	3.305764411027569	2.52046783625731	0.0	0.0	1.7753846153846153	7.796442687747035	0.0	6.301282051282051	2.1981981981981984	17.49317738791423	0.0	0.7543859649122807	4.962105263157895	11.958715596330276
26907	0.0	0.0	0.0	2.9047619047619047	0.0	0.0	1.034013605442177	2.8435374149659864	0.0	4.72108843537415	2.435374149659864	2.2176870748299318	0.0	0.0	2.3835616438356166	11.146067415730338	0.0	7.346938775510204	2.0136054421768708	9.434482758620689	0.0	1.4761904761904763	2.5714285714285716	10.571428571428571
26908	0.0	1.515638963360143	0.0071492403932082215	3.704071499503476	0.0	0.0	1.714030384271671	2.8958333333333335	0.20285969615728328	8.429347826086957	3.772072072072072	1.8266309204647007	0.0	0.0	2.9474196689386565	8.01171875	0.0	5.440904419321686	1.1185410334346504	18.16532618409294	0.8588025022341377	0.0	3.85310119695321	24.5139146567718
26909	0.0	0.6976744186046512	0.7028423772609819	3.10077519379845	0.0	0.11369509043927649	3.3767123287671232	2.1194805194805193	0.0	7.724242424242425	1.4697986577181208	0.4778156996587031	0.0	0.0	2.56	9.888252148997134	0.0	9.918727915194346	2.5546875	11.24633431085044	0.0	0.0	3.8249336870026527	14.49862258953168
26910	0.0	0.7084057971014492	0.0	2.89738919247116	0.0	0.0	1.7257967528562839	0.7579273008507347	0.0	6.709310589907605	3.9204993429697765	0.0	0.0	0.0	4.393156875403486	8.93434650455927	0.0	3.2597517730496453	0.5002898550724638	12.765669515669515	0.0	0.0	4.249624060150376	14.379722921914357
26911	0.0	1.0535405872193437	0.0	1.5685840707964602	0.0	0.0	0.0	1.721627408993576	0.0	5.725378787878788	1.1955719557195572	0.0	0.0	0.0	0.0	0.42857142857142855	0.0	4.825561312607944	0.0	9.770293609671848	0.0	0.0	3.5194085027726434	10.31712962962963
26912	0.0	1.6848484848484848	0.0	1.9419152276295133	0.0	0.0	3.6901234567901233	2.0785804816223066	0.0	11.778491171749598	2.3160237388724036	2.2825822168087697	0.0	0.0	3.587878787878788	9.589490968801314	0.0	5.211864406779661	1.175074183976261	16.72596843615495	0.2957575757575758	0.3103030303030303	3.7261410788381744	19.523076923076925
26913	0.0	1.106776180698152	0.0	1.3299832495812396	0.0	0.0	2.8442211055276383	1.3711151736745886	0.0	6.948398576512456	3.6941391941391943	2.157453936348409	0.0	0.0	5.451114922813036	6.220689655172414	0.0	3.0592592592592593	1.7772194304857623	14.72	0.0	0.0	2.1232876712328768	10.370114942528735
26914	0.0	1.2607561929595827	0.0	1.9323410013531799	0.0	0.0	1.0241796200345423	0.0	0.0	14.056410256410256	3.881720430107527	0.0	0.0	0.0	5.86824769433465	13.143826322930801	0.0	7.1328125	0.0	10.769857433808554	0.0	0.0	3.776280323450135	20.106666666666666
26915	0.0	0.7312925170068028	1.5034013605442176	3.314176245210728	0.0	0.0	3.0374149659863945	0.0	0.0	4.969387755102041	9.466960352422907	0.0	0.0	0.0	5.024734982332156	7.3061224489795915	0.0	2.5703703703703704	0.8803827751196173	11.16243654822335	0.0	0.7936507936507936	5.116	16.32312925170068
26916	0.0	0.9125475285171103	0.46387832699619774	2.9038961038961038	0.0	0.0	2.3439086294416245	2.6440217391304346	0.0	12.329201101928374	4.712146422628952	0.0	0.0	0.0	3.986058301647655	10.30939226519337	0.0	6.33794466403162	1.9890795631825273	13.262430939226519	0.0	0.8821292775665399	3.4714828897338403	16.294303797468356
26917	0.0	1.0217391304347827	0.0	2.367283950617284	0.0	0.0	0.0	3.0365111561866125	0.0	6.08587786259542	2.3633333333333333	0.4799382716049383	0.0	0.0	3.9367283950617282	7.097359735973598	0.0	5.188405797101449	2.4212962962962963	18.168173598553345	0.15432098765432098	0.0	4.131386861313868	14.251543209876543
26918	0.7202380952380952	0.8154761904761905	0.0	0.0	0.0	0.0	0.9880952380952381	0.0	0.0	0.7857142857142857	0.125	0.0	0.0	0.0	0.0	4.767857142857143	0.0	0.125	0.3273809523809524	2.8727272727272726	0.0	0.0	0.0	1.7678571428571428
26919	0.0	1.2877906976744187	0.0	1.623931623931624	0.0	0.0	0.0	0.0	0.0	9.915254237288135	1.945945945945946	1.2849002849002849	0.0	0.0	8.057522123893806	6.924290220820189	0.0	4.8352941176470585	2.71513353115727	24.355300859598852	0.0	0.0	5.857615894039735	19.937321937321936
26920	0.0	2.203921568627451	0.7673202614379085	3.0058252427184464	0.0	0.0	1.964705882352941	1.8146911519198665	0.0	10.215151515151515	5.157894736842105	1.231372549019608	0.0	0.07058823529411765	2.5196687370600412	8.804241435562806	0.0	3.2083333333333335	2.5437908496732025	19.95847176079734	0.0	0.0	3.9745222929936306	26.353658536585368
26921	0.0	0.5738831615120275	0.0	0.9089347079037801	0.0	0.0	2.661512027491409	1.092783505154639	0.0	5.092495636998255	3.613682092555332	0.0	0.0	0.0	3.1366594360086766	10.06938775510204	0.0	3.172348484848485	2.316872427983539	16.407894736842106	0.0	0.0	3.848543689320388	8.857142857142858
26922	0.0	1.4574074074074075	0.0	0.0	0.0	0.0	1.8936170212765957	0.0	0.0	10.135029354207436	1.9054945054945054	2.227777777777778	0.0	0.0	3.859259259259259	6.527306967984934	0.0	7.117206982543641	0.6930946291560103	9.5	0.0	0.0	5.9346049046321525	11.072261072261073
26923	0.0	3.1966759002770084	0.9817708333333334	4.317808219178082	0.0	0.0	0.0	0.0	0.0	7.318471337579618	5.1953125	0.0	0.0	0.0	5.423197492163009	6.25	0.0	6.193916349809886	1.765625	13.97452229299363	0.0	0.14583333333333334	3.2083333333333335	16.944444444444443
26924	0.0	0.0	0.01155115511551155	1.768976897689769	0.0	0.0	1.2173913043478262	0.42244224422442245	0.0	8.80095923261391	3.83003300330033	0.0	0.0	0.0	3.988212180746562	5.949019607843137	0.0	4.061068702290076	1.9455445544554455	19.518587360594797	0.054455445544554455	0.0	2.3948811700182815	17.566006600660067
26925	0.0	0.0	0.0	1.2697095435684647	0.0	0.0	1.9481268011527377	1.5580286168521462	0.0	6.935275080906149	3.0571827057182706	0.714	0.0	0.0	4.740277777777778	8.378787878787879	0.0	5.803394625176804	2.79253112033195	20.023333333333333	0.3775933609958506	0.0	3.4731182795698925	13.022727272727273
26926	0.0	1.4210950080515299	0.0	2.1514052583862195	0.0	0.0	1.5877616747181964	1.0458937198067633	0.0	10.021933387489845	5.571166207529844	1.5026223776223777	0.0	0.0	5.191757779646762	8.85394581861013	0.0	3.78755980861244	2.2176520994001714	18.206362854686155	0.0	0.0	3.2761989342806395	18.342737722048067
26927	0.0	0.9824561403508771	0.0	1.8046783625730993	0.0	0.0	0.929745889387145	2.3230769230769233	0.0	8.646778042959427	3.456549935149157	1.1707602339181287	0.0	0.0	1.9953051643192488	8.360931435963778	0.0	2.539015606242497	2.0535714285714284	16.60377358490566	0.0	0.0	5.180288461538462	13.162878787878787
26928	0.0	1.5930122757318226	0.0	3.1353620146904513	0.0	0.0	0.7595744680851064	0.8498705780845557	0.38369304556354916	8.313861386138614	6.054026503567788	0.6777442094662638	0.0	0.0	4.533333333333333	10.331428571428571	0.0	2.913946587537092	0.9018181818181819	15.586069651741294	0.06554756195043965	0.0	2.934005499541705	15.196428571428571
26929	0.0	1.363036303630363	0.0	3.0529595015576323	0.0	0.0	2.596330275229358	0.7767584097859327	0.0	11.125448028673835	1.4801223241590213	0.9510703363914373	0.0	0.0	5.994949494949495	7.8690095846645365	0.0	7.971061093247588	4.363934426229508	15.474006116207951	0.0	0.0	3.345565749235474	22.828070175438597
26930	0.0	1.1934156378600822	0.0	7.111940298507463	0.0	0.0	3.131004366812227	0.9814814814814815	0.0	10.560679611650485	1.5679012345679013	1.9090909090909092	0.0	0.0	10.907766990291263	15.65843621399177	0.0	9.242888402625821	1.6918238993710693	26.094594594594593	0.0	0.018518518518518517	7.748427672955975	14.747072599531617
26931	0.0	0.0	0.7164179104477612	7.661691542288557	0.0	0.0	2.985074626865672	0.12437810945273632	0.0	3.7611940298507465	3.0864864864864865	0.0	0.0	0.0	9.10759493670886	4.387931034482759	0.0	7.387878787878788	0.0	23.96923076923077	0.0	0.0	4.192982456140351	16.373563218390803
26932	0.0	1.2005044136191678	0.0	5.478409090909091	0.0	0.0	3.2071713147410357	2.7908653846153846	0.0	14.073972602739726	5.824009324009324	1.0346420323325636	0.0	0.0	7.423475258918297	8.950131233595801	0.0	4.9	3.042222222222222	20.544797687861273	0.0	0.0	3.7083333333333335	18.125352112676055
26933	0.0	2.695890410958904	0.0	10.89795918367347	0.0	0.0	3.884272997032641	5.146938775510204	0.0	17.621487603305784	9.673913043478262	3.561061946902655	0.0	0.0	14.128491620111731	19.520795660036168	0.0	7.676573426573427	3.01510989010989	43.720735785953174	0.0	2.216326530612245	12.821548821548822	34.95338345864662
26934	0.0	1.0081053698074975	0.0	3.7399014778325124	0.0	0.0	2.9416767922235723	2.426310583580613	0.0	6.059610705596107	3.088169642857143	1.5121293800539084	0.0	0.0	5.6409638554216865	7.227783452502553	0.0	4.836050724637682	0.0	18.651572327044025	0.0	0.0	6.541044776119403	13.857849196538936
26935	0.0	0.7454212454212454	0.9267399267399268	0.9505494505494505	0.0	0.0	2.8223443223443225	1.880952380952381	0.0	8.016483516483516	4.04578313253012	3.480874316939891	0.0	0.0	6.97985347985348	8.247081712062256	0.0	3.6550925925925926	1.5366300366300367	21.833675564681723	0.0	0.0	7.943223443223443	13.031365313653136
26936	0.0	0.0	0.0	0.5682539682539682	0.0	0.0	2.412280701754386	1.0275229357798166	0.0	6.384375	3.0535714285714284	0.2324561403508772	0.0	0.0	4.117469879518072	10.630289532293986	0.0	2.7565789473684212	3.037825059101655	14.510362694300518	0.0	0.0	4.541666666666667	22.00966183574879
26937	0.0	1.6054421768707483	0.0	10.150259067357513	0.0	0.0	2.9829931972789114	0.0	0.0	9.655430711610487	5.690476190476191	0.0	0.0	0.0	8.058333333333334	8.586363636363636	0.0	3.8979591836734695	1.3129251700680271	22.889867841409693	0.0	0.0	5.476190476190476	16.933673469387756
26938	0.0	0.63689776733255	0.0	4.179611650485437	0.0	0.0	1.1160409556313993	2.3687392055267704	0.0	9.235748792270531	4.032803180914513	1.9183501683501682	0.0	0.0	5.744924977934686	8.83843537414966	0.0	4.558521560574949	1.6888454011741683	24.18918918918919	0.0	0.0	4.351548269581056	21.693658536585367
26939	0.0	0.0	0.0	0.4190871369294606	0.0	0.0	0.0	0.0	0.0	5.080555555555556	2.686111111111111	0.0	0.0	0.0	3.8055555555555554	10.211895910780669	0.0	2.8402366863905324	6.078125	20.310077519379846	0.0	0.0	0.0	27.43032786885246
26940	0.0	2.1008849557522122	0.0	1.7881355932203389	0.0	0.0	1.3844621513944224	0.0	0.0	14.109780439121757	3.7547169811320753	1.7458745874587458	0.0	0.0	6.584158415841584	6.76126878130217	0.0	6.138783269961977	3.034623217922607	17.666666666666668	0.0	0.0	5.424489795918367	11.771812080536913
26941	0.0	0.0	0.0	4.873101952277657	0.0	0.0	1.407960199004975	1.2463312368972745	0.0	6.6030444964871196	4.312252964426878	0.0	0.2050561797752809	0.0	2.5416098226466577	8.367149758454106	0.0	2.744516129032258	0.9794661190965093	18.11578947368421	0.4035580524344569	0.0	3.2802547770700636	15.336723163841809
26942	0.0	0.8683385579937304	0.0	2.8286467486818982	0.0	0.0	0.9818631492168178	0.0	0.0	7.241106719367589	2.4327062228654124	1.6693907875185736	0.07010309278350516	0.0	3.6806429070580013	8.76423487544484	0.0	5.414084507042253	1.0325757575757575	12.243609022556392	0.0	0.027491408934707903	4.838475499092559	10.83882783882784
26943	0.0	0.9310009718172984	0.0	3.359536082474227	0.07968901846452867	0.0	1.7051442910915935	1.1729834791059282	0.0	10.924278846153847	3.013285024154589	0.7133138969873664	0.0	0.03304178814382896	3.033985581874356	8.878923766816143	0.0	2.9911012235817576	1.8283166109253066	9.751214771622935	0.0	0.5383867832847424	4.4300341296928325	14.090909090909092
26944	0.0	1.0987124463519313	0.0	0.0	0.0	0.0	0.9903536977491961	2.432664756446991	0.0	8.120500782472613	2.4811165845648606	0.0	0.0	0.0	1.782546494992847	9.101719197707736	0.0	9.476439790575917	0.0	20.006012024048097	0.0	0.0	3.2818311874105865	9.192697768762677
26945	0.0	1.2022988505747128	0.0	5.0456852791878175	0.0	0.0	0.6206896551724138	2.3632075471698113	0.0	7.855072463768116	0.8674033149171271	0.0	0.0	0.0	3.7766233766233768	8.149068322981366	0.0	3.1643518518518516	1.7011494252873562	18.403341288782816	0.0	0.0	3.3905882352941177	13.946372239747634
26946	0.0	1.5986159169550174	0.48854961832061067	3.946564885496183	0.0	0.0	1.9516539440203562	3.5772357723577235	0.0	11.974025974025974	1.3536895674300256	0.0	0.0	0.0	6.125964010282776	10.320588235294117	0.0	4.049315068493151	0.4758269720101781	20.138810198300284	0.0	0.2340966921119593	3.3893129770992365	12.838983050847459
26947	0.0	1.642041127189642	0.0	4.327208480565371	0.0	0.0	1.7556440903054449	1.235062893081761	0.0	11.56858846918489	3.801973220577872	1.6	0.0	0.0	7.1379573170731705	10.916489738145788	0.0	3.83968253968254	4.251362397820164	17.683087027914613	0.0	0.0	5.058565153733529	22.564551422319475
26948	0.0015873015873015873	1.0571428571428572	0.0	4.453744493392071	0.0	0.0	3.3085106382978724	2.1920634920634923	0.0	14.942622950819672	6.2209737827715355	1.9746031746031747	0.0	0.0	7.002288329519451	13.494137353433835	0.0	7.656451612903226	1.9523809523809523	21.10110294117647	0.0	0.0	3.099838969404187	23.28
26949	0.0	0.0	0.0	1.3742138364779874	0.0	0.0	4.179166666666666	0.0	0.0	5.9655172413793105	3.8553459119496853	0.0	0.0	0.0	6.041095890410959	4.59433962264151	0.0	1.783132530120482	0.0	12.342465753424657	0.0	0.0	2.3836065573770493	12.050314465408805
26950	0.0	1.7604166666666667	0.0	0.0	0.0	0.0	5.243697478991597	0.0	0.0	7.3076923076923075	1.083916083916084	0.0	0.0	0.0	10.872881355932204	3.689922480620155	0.0	0.8489583333333334	1.9791666666666667	9.544827586206896	0.6041666666666666	0.640625	0.0	20.70063694267516
26951	0.0	5.027262813522356	0.0	5.851415094339623	0.0	0.0	1.4344827586206896	1.7343589743589745	0.4523076923076923	14.228606356968216	4.793517406962785	2.7580993520518358	0.0	0.0	6.91907514450867	13.697705802968962	0.0	7.109447004608295	1.5323076923076924	28.534285714285716	0.0	0.038974358974358976	4.626723223753976	25.529680365296805
26952	0.0	1.4304932735426008	0.43946188340807174	0.6965620328849028	0.0	0.0	0.7877428998505231	0.8893871449925261	0.0	6.133034379671151	2.205042016806723	1.242152466367713	0.0	0.0	0.8968609865470852	3.772108843537415	0.0	1.1482820976491863	0.0	7.0	0.0	0.0	1.5400340715502556	7.315094339622641
26953	0.0	0.9873873873873874	0.0	2.00375234521576	0.0	0.0	1.454954954954955	0.0	0.0	2.59727626459144	1.1927927927927928	1.0453720508166968	0.0	0.0	2.2774774774774773	4.963249516441006	0.0	5.019693654266958	2.2414414414414416	8.821052631578947	0.0	0.0	3.0672853828306264	9.233716475095786
26954	0.0	0.0	0.0	2.0105042016806722	0.0	0.0	0.9801192842942346	1.447702834799609	0.0	2.345679012345679	1.5356793743890518	0.6793743890518084	0.0	0.0	2.8974093264248704	3.7382857142857144	0.0	2.257086999022483	0.0	10.001982160555006	0.0	0.5747800586510264	2.167372881355932	9.34964200477327
26955	0.0	1.6379690949227372	0.0	1.9735099337748345	0.0	0.0	2.913612565445026	1.1214128035320088	0.0	2.7616438356164386	1.494871794871795	1.3995584988962473	0.0	0.0	4.826789838337183	5.76158940397351	0.0	3.1662269129287597	0.282560706401766	8.469696969696969	0.0	0.0	2.950904392764858	6.158836689038031
26956	0.0	0.0	0.0	2.475026567481403	0.0	0.0	2.281581485053038	4.557823129251701	0.0	12.531868131868132	2.749238578680203	1.9741293532338309	0.0	0.0	5.824214202561118	10.005194805194805	0.0	7.916241062308478	1.4324644549763033	15.638952164009112	0.0	0.0	5.884241245136187	16.48210922787194
26957	0.0	1.5710382513661203	0.0	0.7213483146067415	0.0	0.0	2.2602409638554217	0.7219251336898396	0.0	12.021505376344086	5.330396475770925	0.7396449704142012	0.0	0.0	6.19893899204244	3.627737226277372	0.0	2.7218934911242605	2.658486707566462	19.498977505112475	1.0674846625766872	0.0	2.5970149253731343	24.230978260869566
26958	0.0	0.7743589743589744	1.0487179487179488	4.119318181818182	0.0	0.0	4.163663663663663	1.5987179487179488	0.0	7.585089141004862	7.290322580645161	0.0	0.0	0.0	8.27946127946128	14.157342657342657	0.0	4.776881720430108	3.704248366013072	16.172529313232832	0.0	0.0	3.8525641025641026	19.309774436090226
26959	0.0	0.0	0.0	2.8399014778325125	0.0	0.0	1.2967741935483872	1.7849462365591398	0.0	10.464516129032258	8.149882903981265	0.0	0.0	0.0	3.008752735229759	6.128415300546448	0.0	4.045592705167174	1.1797752808988764	13.851612903225806	0.0	0.0	4.708894878706199	13.945409429280398
26960	0.0	0.7966963151207116	0.0	1.1229314420803782	0.0	0.0	2.282685512367491	1.8450390189520625	0.0	9.169856459330143	2.2637590861889927	0.0	0.0	0.0	6.64748201438849	8.089605734767025	0.0	3.011166253101737	2.157840083073728	18.88888888888889	0.0	0.0	3.5879781420765027	17.447831184056273
26961	0.0	0.0	0.0	1.9619565217391304	0.0	0.0	1.027027027027027	0.0	0.0	3.399527186761229	6.233644859813084	1.3803339517625233	0.9692028985507246	0.0	3.729847494553377	6.749486652977413	0.0	2.663883089770355	0.6068840579710145	26.176136363636363	0.0	0.0	3.053864168618267	15.518046709129512
26962	0.0	1.0302267002518892	0.0	3.4392598551890585	0.0	0.0	0.24902419984387197	0.0	0.0	8.151646447140381	3.622950819672131	0.8350230414746543	0.0	0.0	2.786104605776737	7.165480427046264	0.0	6.783259911894273	1.0182291666666667	23.329400196656835	0.0	0.0	2.7224435590969454	14.479707792207792
26963	0.0	0.0	0.0	3.439753737906772	0.0	0.0	1.4095595126522962	1.208032955715757	0.0	7.500580720092915	1.9905123339658444	0.8254901960784313	0.0	0.0	5.339024390243902	4.383438343834383	0.0	0.5176470588235295	0.0	12.406642728904847	0.0	0.0	5.357308584686775	8.800531914893616
26964	0.0	0.0	0.0	3.0306122448979593	0.0	0.0	1.9663299663299663	0.0	0.0	7.595238095238095	3.4276094276094278	0.0	0.0	0.0	4.625	4.524528301886792	0.0	0.6767676767676768	0.0707070707070707	5.11986301369863	0.0	0.0	4.249158249158249	10.151515151515152
26965	0.0	0.9544025157232704	0.0	0.14150943396226415	0.0	0.0	0.0	0.0	0.0	5.661129568106312	1.54874213836478	0.0	0.0	0.0	2.80253164556962	5.917329093799682	0.0	0.0	0.0	5.4983498349834985	0.0	0.0	1.4137291280148423	6.287735849056604
26966	0.0	0.0	0.0	2.2323232323232323	0.0	0.0	0.39057239057239057	0.6868686868686869	0.0	7.679245283018868	7.616438356164384	0.4444444444444444	0.0	0.0	0.8918918918918919	5.309803921568627	0.0	0.0	0.734006734006734	9.546712802768166	0.0	0.0	2.228956228956229	11.242553191489362
26967	0.0	0.9438470728793309	0.0	0.0	0.0	0.0	2.6033653846153846	3.443099273607748	0.0	2.984550561797753	1.8805256869773	0.0	0.0	0.0	2.014760147601476	6.364102564102564	0.0	4.46433041301627	2.6147798742138364	17.224489795918366	0.0	0.0	3.80375	12.650676506765068
26968	0.0	2.0656455142231946	0.0	3.3942558746736293	0.0	0.0	6.10752688172043	0.0	0.0	11.683516483516483	0.0	0.0	0.0	0.0	2.549872122762148	12.777397260273972	0.0	2.971830985915493	2.141057934508816	20.866504854368934	0.0	0.0	7.892543859649122	11.098290598290598
26969	0.0	1.3005050505050506	0.7373737373737373	4.348484848484849	0.0	0.0	0.827922077922078	0.0	0.0	9.06060606060606	2.7626262626262625	0.0	0.0	0.0	6.852713178294573	8.335164835164836	0.0	5.037878787878788	2.3838383838383836	20.885714285714286	0.0	0.0	8.960732984293193	21.460526315789473
26970	0.0	3.044260027662517	0.4247104247104247	2.3314037626628075	0.0	0.0	1.9021879021879022	0.0	0.0	7.017241379310345	4.0515320334261835	0.8944658944658944	0.0	0.0	7.1063829787234045	8.48634590377113	0.0	7.9880636604774535	1.5855855855855856	21.916	0.0	0.0	9.41296928327645	21.803571428571427
26971	0.0	1.2743538767395626	0.4387755102040816	5.668803418803419	0.0	0.0	2.0019083969465647	3.4192982456140353	0.0	8.779960707269154	7.056985294117647	0.6080808080808081	0.816017316017316	0.0	3.9812925170068025	11.357407407407408	0.0	6.75049115913556	0.7616033755274262	15.084444444444445	0.0	0.0	5.07008547008547	20.790017211703958
26972	0.0	2.8404255319148937	0.0	2.517412935323383	0.0	0.0	0.6840796019900498	2.2587064676616917	0.0	8.667910447761194	3.68299711815562	1.6169154228855722	1.626865671641791	0.0	3.0597014925373136	7.879310344827586	0.0	4.467661691542289	4.411764705882353	19.27146814404432	0.0	0.0	4.1114551083591335	13.442508710801393
26973	0.0	2.7835178351783516	0.0	5.032051282051282	0.0	0.0	1.9927095990279466	0.8480861244019139	0.0	6.996779388083736	2.483726150392817	0.9358178053830227	1.2225672877846792	0.0	3.5775656324582337	11.945945945945946	0.0	3.1571609632446136	3.1197339246119733	19.93606138107417	0.0	0.0	2.579743888242142	23.39877300613497
26974	0.0	1.5817610062893082	0.0	1.71875	0.0	0.0	1.6572327044025157	2.2327044025157234	0.0	6.965863453815261	1.4076433121019107	1.8915094339622642	0.0	0.0	4.211045364891519	5.975659229208925	0.0	6.3394342762063225	1.7290076335877862	25.030685920577618	0.0	0.0	3.1053864168618266	15.169435215946844
26975	0.0	1.1124859392575928	0.0	3.3483796296296298	0.0	0.0	0.8580024067388689	0.7318116975748931	0.0	11.78623718887262	3.057810578105781	0.0	0.0	0.0	6.835064935064935	10.190611664295874	0.0	7.2883522727272725	1.2830601092896174	37.42970822281167	0.0	0.0	6.028530670470756	23.517587939698494
26976	0.0	4.375968992248062	0.0	6.4314574314574315	0.0	0.0	3.7349397590361444	1.0155038759689923	0.0	9.152979066022544	2.7687943262411348	1.2850678733031675	0.0	0.0	5.241739130434783	11.741176470588234	0.0	8.181091877496671	1.4134366925064599	30.59132720105125	0.0	0.0	8.725155279503106	16.9943741209564
26977	0.0	1.3552875695732838	0.0	3.8	0.0	0.0	1.8191570881226053	2.0986590038314175	0.0	13.093518518518518	5.195143884892087	0.553030303030303	0.39015151515151514	0.01818181818181818	7.297979797979798	9.959312839059674	0.0	5.435684647302905	4.66	26.61522633744856	0.0	0.0	4.391822827938671	20.447138700290978
26978	0.0	2.1513409961685825	0.8654320987654321	3.6319514661274015	0.0	0.0	2.875	2.0160771704180065	0.0	9.199110122358176	5.684931506849315	1.6276067527308837	0.0	0.0	7.484304932735426	11.061715481171548	0.0	5.716685330347144	1.8475247524752476	25.46441947565543	0.0	0.0	7.103556485355648	18.649237472766885
26979	0.0	1.977671451355662	0.0	0.0	0.0	0.0	1.642156862745098	0.0	0.0	2.7892918825561313	2.0760330578512396	0.0	0.0	0.0	3.4793233082706765	12.412698412698413	0.0	0.0	1.6777777777777778	19.03954802259887	0.0	0.0	1.8314814814814815	14.09959349593496
26980	0.0	1.2847682119205297	0.0	4.215601300108342	0.0	0.0	3.4207188160676534	1.6212590299277605	0.047471620227038186	7.512960436562073	1.543859649122807	0.7347781217750258	0.0	0.0	3.8542336548767415	9.186021505376344	0.0	2.993324432576769	1.6087962962962963	16.73134328358209	0.0	0.0	3.889839572192513	12.785939139559286
26981	0.0	1.9259259259259258	0.0	3.6027397260273974	0.0	0.0	2.9824046920821115	3.164141414141414	0.0	11.08093994778068	3.3068181818181817	1.9610136452241715	0.0	0.0	6.426900584795321	8.809768637532134	0.0	2.6320939334637963	0.8844221105527639	12.405263157894737	0.0	0.0	3.2865497076023393	19.8
26982	0.0	2.1493055555555554	0.0	2.0297202797202796	0.4270833333333333	0.0	2.5725806451612905	3.8140794223826715	0.0	9.57638888888889	3.6944444444444446	1.0347222222222223	0.0	1.0052083333333333	4.146067415730337	6.601336302895323	0.0	4.399176954732511	2.276150627615063	19.34027777777778	0.0	0.0	5.741007194244604	14.438515081206496
26983	0.0	0.7541666666666667	0.8416666666666667	2.8934540389972145	0.0	0.0	2.9027102154273803	3.193607305936073	0.0	8.994062765055132	3.8632840028188866	0.0	0.0	0.0	5.848190644307149	8.406349206349207	0.0	3.95221843003413	1.0152877697841727	18.310070671378092	0.0	0.0	4.053151100987092	14.877655055225148
26984	0.0	1.0706921944035346	0.0	2.0915032679738563	0.0	0.0	0.0	1.0775757575757576	0.0	6.700564971751413	2.5191780821917806	0.46424242424242423	0.0	0.0	2.8473837209302326	13.907913669064747	0.0	1.915644171779141	1.9440993788819876	21.646433990895297	0.0	0.0	3.88	11.612951807228916
26985	0.0	3.62032598274209	0.0	4.049905838041432	0.0	0.0	2.919885550786838	0.8053777208706786	0.0	9.449579831932773	2.075980392156863	2.442495126705653	0.20433145009416195	0.0	3.224	11.842443729903536	0.0	3.76271186440678	1.2815442561205272	19.281672816728168	0.1657250470809793	0.0	3.7166030534351147	11.915742793791575
26986	0.0	2.136310223266745	0.18125	1.7439446366782008	0.5416666666666666	0.0	2.6701434159061277	1.2833333333333334	0.0	5.367396593673966	4.594594594594595	0.6387434554973822	0.0	0.0	4.457291666666666	7.555435952637245	0.0	3.9420103092783507	0.35625	17.194791666666667	0.0	0.0	3.8275	15.247727272727273
26987	0.0	0.6717635066258919	0.0	3.0852402745995424	0.0	0.0	2.3634894991922457	2.0902335456475583	0.0	5.795494961470065	4.7260843731431965	0.6946992864424058	0.0	0.0	4.465334900117509	9.258041458184417	0.0	5.235849056603773	0.9807572936064556	19.89272437599575	0.0	0.0	3.9994435169727325	11.59128386336867
26988	0.0	1.3010446343779678	0.0	4.964620187304891	0.0	0.0	3.118895966029724	2.0009505703422055	0.0	7.521984216459978	2.5197018104366347	0.0	0.0	0.0	2.0038510911424905	7.6796875	0.0	3.0851769911504423	1.9131944444444444	20.82894736842105	0.0	0.0	3.774353876739563	12.406727828746178
26989	0.0	1.0265957446808511	0.07342143906020558	1.4505862646566163	0.0	0.0	3.0734214390602057	0.8414096916299559	0.0	8.244047619047619	4.948604992657856	0.0	0.0	0.0	4.1674140508221225	9.252307692307692	0.0	5.886513157894737	0.9853157121879589	17.229445506692162	0.0	0.0	4.170774647887324	17.044834307992204
26990	0.0	0.8721590909090909	0.0	3.0858164481525625	0.264026402640264	0.0	0.1485148514851485	0.8418367346938775	0.0	5.271727172717272	1.9491525423728813	0.0	0.0	0.0	3.2789017341040463	5.083333333333333	0.0	4.412545235223161	0.0	13.379518072289157	0.0	0.0	2.799256505576208	14.900259067357513
26991	0.0	0.0	0.0	1.6445916114790287	0.0	0.0	0.0	0.0	0.0	1.8079470198675496	0.0	0.0	0.0	0.0	0.0	0.7994505494505495	0.0	0.0	0.0	1.6123778501628665	0.0	0.0	0.0	0.0
26992	0.0	3.714859437751004	0.0	7.365482233502538	0.0	0.0	4.14859437751004	2.78	0.0	12.534412955465587	4.446808510638298	1.2449799196787148	0.0	0.0	4.041666666666667	7.958677685950414	0.0	2.931726907630522	0.6265060240963856	14.19277108433735	0.0	0.0	2.783132530120482	11.05020920502092
26993	0.0	4.232974910394265	0.0	2.5161290322580645	0.0	0.0	0.8387096774193549	2.4229390681003586	0.0	4.665158371040724	4.064516129032258	0.0	0.0	0.0	2.05607476635514	3.5062240663900415	0.0	3.390681003584229	2.974910394265233	11.682656826568266	0.0	0.0	5.663082437275985	9.810035842293907
26994	0.0	0.0	0.0	2.8967741935483873	0.0	0.0	4.253086419753086	2.691358024691358	0.0	8.219354838709677	3.067901234567901	1.8641975308641976	0.0	0.0	8.080745341614907	14.260162601626016	0.0	4.007518796992481	0.35802469135802467	14.941176470588236	0.0	0.5405405405405406	0.0	13.056737588652481
26995	0.0	2.0987654320987654	0.0	2.6450617283950617	0.0	0.0	2.8469945355191255	1.5140562248995983	0.0	12.302631578947368	4.0549019607843135	0.8652173913043478	0.0	0.0	12.461805555555555	13.422053231939163	0.0	8.373390557939913	0.0	21.87713310580205	0.0	0.0	3.7975206611570247	23.00793650793651
26996	0.0	1.6388888888888888	0.0	0.9689922480620154	0.0	0.0	0.9747474747474747	2.022222222222222	0.0	6.126843657817109	4.421717171717172	0.0	0.0	0.0	8.406716417910447	9.979591836734693	0.0	4.036269430051814	1.3282828282828283	15.394366197183098	0.0	0.0	3.36085626911315	17.601156069364162
26997	0.0	2.549019607843137	0.0	3.0016077170418005	0.030501089324618737	0.0	0.0	0.9905288082083662	0.0	7.703089675960814	5.283255086071987	1.6623093681917211	0.0	0.0	6.293893129770993	11.005172413793103	0.0	4.766990291262136	0.0	20.41409691629956	0.0	0.0	7.0634299138606105	18.224980605120248
26998	0.31065759637188206	1.8976377952755905	0.0	6.988662131519274	0.1746031746031746	0.30839002267573695	1.9909297052154196	1.816326530612245	0.0	8.94331983805668	2.7183544303797467	1.310657596371882	0.0	0.0	3.3210526315789473	9.09538002980626	0.0	7.335820895522388	0.0	19.316564417177915	0.0	0.0	4.882086167800454	18.876358695652176
26999	0.0	0.0	0.0	1.7752596789423984	0.0	0.0	1.4973544973544974	1.6901535682023487	0.0	7.756807511737089	4.131484794275492	0.0	0.0	0.0	4.052165354330708	7.698945349952061	0.0	3.9365079365079363	2.132841328413284	22.5798755186722	0.0	0.0	4.954602774274905	17.006340579710145
27000	0.0	7.686567164179104	0.0	1.626984126984127	0.0	0.0	0.0	0.9920634920634921	0.0	9.63519313304721	3.895582329317269	3.619047619047619	0.0	0.0	6.802816901408451	8.038277511961722	0.0	7.690322580645161	5.23015873015873	20.75	0.0	0.0	6.805555555555555	15.36021505376344
27001	0.20481099656357388	1.8228417266187051	0.0	3.0079646017699115	0.0	0.0	1.9663230240549827	0.9211287988422576	0.0	6.708301008533747	2.6014913007456504	1.7773195876288659	0.0	0.0	5.209474463360474	9.857894736842105	0.0	3.4829821717990277	1.08515625	23.579159935379643	0.0	0.0	3.064176245210728	20.018808777429467
27002	0.0	1.8319502074688796	1.1228070175438596	2.7888888888888888	0.0	0.0	3.0467596390484	0.7755244755244756	0.0	6.956969696969697	1.7656988521269412	0.7968307866440294	0.0	0.03169213355970572	2.3856613102595796	7.553281580804517	0.0	4.834666666666666	2.3996437054631827	17.643421998562186	0.0	0.0	3.0683544303797468	20.390585241730278
27003	0.0	0.05649717514124294	0.0	2.0112994350282487	0.0	0.0	1.4124293785310735	0.0	0.0	9.304964539007091	3.1638418079096047	1.5536723163841808	0.0	3.638418079096045	4.03954802259887	6.011299435028248	0.0	5.189542483660131	0.0	12.937062937062937	0.0	0.0	2.1129943502824857	16.280701754385966
27004	0.0	1.70126582278481	1.806611570247934	1.8188235294117647	0.0	0.0	0.0	1.2178477690288714	0.0	12.841165413533835	4.597535934291581	1.0337254901960784	0.0	0.0	4.100700525394045	5.856378233719893	0.0	4.414285714285715	1.0055452865064696	16.910976663785654	0.0	0.1843137254901961	6.033696729435084	16.613468634686345
27005	0.0	0.0	0.8050632911392405	3.654008438818565	0.0	0.0	1.12	1.0580708661417322	0.0	7.802054154995331	2.6375838926174495	0.9569620253164557	0.0	0.0	4.767289719626168	10.62915601023018	0.0	5.973421926910299	1.7113924050632912	20.13760683760684	0.0	0.0	2.9003880983182406	12.688657407407407
27006	0.0	0.7345559845559846	0.0	3.0933660933660936	0.0	0.0	1.6977886977886978	2.0	0.0	10.219461697722567	4.013923013923014	1.0425880425880425	0.0	0.0	3.3819849874895747	7.448571428571428	0.0	5.032838983050848	1.5454545454545454	14.867996201329534	0.0	0.0	3.632863849765258	16.31447124304267
27007	0.0	1.8633879781420766	2.4754098360655736	4.051912568306011	0.0	0.0	1.9398907103825136	0.8808139534883721	0.0	11.272	2.680327868852459	0.0	0.0	0.0	5.834269662921348	11.168253968253968	0.0	1.8746268656716418	2.8825136612021858	26.974137931034484	0.0	0.0	7.5109289617486334	20.043715846994534
27008	0.0	0.9937888198757764	0.06584362139917696	1.757201646090535	0.0	0.0	4.766233766233766	0.0	0.0	8.191489361702128	4.07177033492823	1.0576131687242798	0.0	0.0	2.22	3.994285714285714	0.0	6.765853658536585	3.0329218106995883	25.503030303030304	0.0	0.0	2.717241379310345	20.01047120418848
27009	0.0	3.246819338422392	0.0	3.7885304659498207	0.3460559796437659	0.0	3.966666666666667	0.0	0.0	7.801186943620178	3.8197674418604652	3.4051724137931036	0.0	0.0	4.896551724137931	7.278820375335121	0.0	12.534328358208954	1.4783715012722647	18.900990099009903	0.0	0.0	6.37940379403794	25.099737532808398
27010	0.0	1.886178861788618	0.0	0.18699186991869918	0.0	0.0	0.13008130081300814	4.099547511312217	0.0	14.439814814814815	6.81875	0.14634146341463414	0.0	0.4878048780487805	1.1260162601626016	5.036585365853658	0.0	4.520325203252033	2.5528455284552845	24.28497409326425	0.0	0.0	1.8780487804878048	18.004651162790697
27011	0.0	0.7635782747603834	0.0	5.681672025723473	0.0	0.0	2.2987654320987656	1.8814814814814815	0.0	12.584415584415584	2.610738255033557	1.348148148148148	0.0	0.0	7.003496503496503	11.350819672131147	0.0	6.539893617021277	0.20987654320987653	17.58032786885246	0.0	0.0	2.235632183908046	15.708446866485014
27012	1.3586161011310711	5.82620320855615	0.0	3.9121574139142656	0.0	0.31869594145043245	5.480027081922817	3.322715842414082	0.2661343978709248	13.668292682926829	7.266028002947679	3.587861679604799	1.8625356125356125	2.3496659242761693	8.423007246376812	13.788879235447437	0.1643379906852961	12.765112262521589	2.7816425120772945	36.09662576687116	1.1942781104457751	1.3599467731204258	11.095354523227384	23.505042668735452
27013	0.0	0.0	0.33608815426997246	0.7548209366391184	0.0	0.0	0.5840220385674931	2.184573002754821	0.0	3.256198347107438	2.7925696594427243	0.696969696969697	0.0	0.0	0.27548209366391185	4.1725146198830405	0.0	0.0	0.0	5.325102880658436	0.0	0.0	0.0	5.264788732394366
27014	0.0	0.5694444444444444	0.0	0.0	1.0486111111111112	0.0	0.0	0.3229166666666667	0.0	8.278260869565218	2.236111111111111	0.0	0.0	0.0	3.6041666666666665	4.811244979919679	0.0	0.881578947368421	1.1859504132231404	8.184027777777779	0.0	0.0	1.4513888888888888	3.236111111111111
27015	0.0	0.0	0.0	0.0	0.0	0.0	0.0	0.14444444444444443	0.0	4.8277777777777775	2.1944444444444446	1.8	0.0	0.0	1.6	1.4722222222222223	0.0	4.561111111111111	0.0	1.5740740740740742	0.0	0.0	0.0	3.76271186440678
27016	0.0	0.0	0.0	0.0	0.0	0.0	0.0	0.0	0.0	5.029045643153527	0.6705426356589147	0.0	0.0	0.0	0.0	0.8527131782945736	0.0	3.7364341085271318	0.0	3.9806201550387597	0.0	0.0	0.0	2.5697211155378485
27017	0.0	0.0	0.0	0.7878787878787878	0.0	0.0	0.0	0.0	0.0	2.272727272727273	0.0	0.0	0.0	1.3484848484848484	1.5	2.9696969696969697	0.0	6.710843373493976	0.0	4.015625	0.0	0.0	0.0	0.8181818181818182
27018	0.0	1.7571428571428571	1.0	1.6142857142857143	0.0	0.0	1.2809523809523808	0.0	0.0	6.112994350282486	5.64625850340136	0.0	0.0	0.0	4.2601156069364166	9.10948905109489	0.0	0.8255813953488372	6.099236641221374	9.32857142857143	0.0	0.0	2.298507462686567	14.105263157894736
27019	0.0	1.1205673758865249	2.4680851063829787	1.6851851851851851	0.0	0.0	1.7872340425531914	4.780141843971631	0.0	3.5478260869565217	2.5390070921985815	0.0	0.0	0.0	7.045454545454546	2.8368794326241136	0.0	1.673758865248227	0.0	8.695035460992909	0.0	0.0	2.404255319148936	2.528
27020	0.0	0.85	0.0	1.4285714285714286	0.0	0.0	2.4572953736654806	2.9633967789165445	0.0	2.556025369978858	1.9680555555555554	0.0	0.0	0.0	2.074433656957929	5.618104667609618	0.0	4.617405582922824	1.7381370826010545	6.99364406779661	0.0	0.0	3.111801242236025	4.4769539078156315
27021	0.0	1.9955752212389382	0.0	2.1994342291371995	0.0	0.0	2.83974358974359	0.0	0.0	8.10909090909091	5.075704225352113	0.0	0.0	0.0	5.886238532110092	7.165204678362573	0.0	3.1145833333333335	3.002677376171352	17.06986301369863	0.0	0.0	2.9029275808936825	8.368421052631579
27022	0.0	2.604724409448819	0.0	1.7147192716236723	0.0	0.0	2.7628607277289836	2.4252450980392157	0.0	9.193627450980392	2.5382059800664454	0.0	0.0	0.0	7.757841907151819	7.571223021582734	0.0	3.9281984334203655	1.9490358126721763	20.41393442622951	0.0	0.0	3.9216783216783218	11.098214285714286
27023	0.0	2.4631217838765007	0.0	1.8757062146892656	0.0	0.0	2.9604519774011298	1.8720238095238095	0.0	8.077310924369748	0.0	2.176553672316384	0.0	0.0	3.8220338983050848	3.0938628158844765	0.0	1.6961240310077519	2.749620637329287	19.62108262108262	0.0	0.0	8.527573529411764	19.17721518987342
27024	0.0	1.5510204081632653	0.0	3.6057416267942584	0.0	0.0	2.036231884057971	1.1777777777777778	0.0	12.012806830309499	4.147027027027027	1.1028368794326242	0.05230496453900709	0.0	5.94962486602358	11.72718253968254	0.0	4.812260536398467	1.4450354609929077	20.88792270531401	0.0	0.0	6.289377289377289	17.130385487528343
27025	0.0	2.304785894206549	0.0	0.6621160409556314	0.0	0.0	2.657074340527578	1.6474820143884892	0.0	12.402702702702703	1.7058823529411764	0.0	0.0	0.0	3.7245657568238215	7.1206030150753765	0.0	8.883076923076922	0.5011990407673861	9.828220858895705	0.0	0.0	5.51063829787234	12.94973544973545
27026	0.0	0.0	0.0	4.145299145299146	0.0	0.0	0.0	1.6495726495726495	0.0	5.833333333333333	2.310344827586207	0.0	0.0	0.0	3.236923076923077	5.390625	0.0	5.4888178913738015	2.6545454545454548	19.25	0.0811965811965812	0.0	0.0	17.601626016260163
27027	0.0	1.7467320261437909	0.0	3.207516339869281	0.0	0.0	1.663951120162933	0.48366013071895425	0.0	9.081545064377682	1.4475524475524475	0.0	0.0	0.0	4.430769230769231	8.24375	0.0	5.078431372549019	1.2336601307189543	12.514814814814814	0.0	0.0	7.208576998050682	15.033970276008493
27028	0.0	0.0	0.0	1.1714285714285715	0.0	0.0	7.096209912536443	1.4404761904761905	0.0	5.0049751243781095	4.34047619047619	0.0	0.0	0.0	3.257217847769029	6.912280701754386	0.0	2.2338129496402876	0.7928571428571428	18.172932330827066	0.0	0.0	2.4471153846153846	15.615384615384615
27029	0.0	0.5205992509363296	0.0	2.7704918032786887	0.0	0.0	0.0	3.7265917602996255	0.41947565543071164	10.0	5.108614232209738	0.0	0.0	0.0	5.535580524344569	8.335078534031414	0.0	4.752808988764045	1.0411985018726593	15.227272727272727	0.0	0.0	5.598130841121495	17.049382716049383
27030	0.0	1.8309178743961352	0.0	0.0	0.0	0.0	2.6658227848101266	0.0	0.0	10.206043956043956	2.935860058309038	0.41843971631205673	0.0	0.030732860520094562	2.0091463414634148	4.669590643274854	0.0	6.3161764705882355	0.9267139479905437	10.994805194805195	0.0	0.0	4.48936170212766	25.745098039215687
27031	0.0	0.2631578947368421	0.9912280701754386	0.0	0.0	0.0	0.4692982456140351	0.0	0.0	6.482233502538071	8.772727272727273	0.0	0.0	0.0	3.807017543859649	8.701754385964913	0.0	3.92896174863388	0.0	17.915	0.0	0.0	4.442982456140351	9.015463917525773
27032	0.0	0.0	0.0	2.0267639902676398	0.0	0.0	3.086206896551724	2.1630170316301705	0.0	4.266483516483516	1.1782477341389728	0.0	0.0	0.0	3.1161616161616164	4.3192019950124685	0.0	0.30434782608695654	1.5815085158150852	7.454545454545454	0.0	0.0	3.037037037037037	5.378223495702006
27033	0.0	0.7531645569620253	0.0	3.183673469387755	0.0	0.0	4.122137404580153	1.1020408163265305	0.0	8.650602409638553	3.7868480725623583	0.0	0.0	0.0	4.142118863049095	7.678018575851393	0.0	5.6461538461538465	1.1405895691609977	21.48961424332344	0.0	0.0	7.218543046357616	10.724035608308606
27034	0.0	1.9666666666666666	0.5047619047619047	3.0142857142857142	0.0	0.0	2.4238095238095236	0.8428571428571429	0.0	9.366666666666667	0.0	0.0	0.0	0.0	5.123809523809523	7.876190476190477	0.0	9.673758865248226	3.723809523809524	18.437158469945356	0.0	0.0	5.557213930348259	12.104761904761904
27035	0.0	0.0	0.0	1.3766816143497758	0.0	0.0	0.40847784200385356	0.8740359897172236	0.0	2.9894957983193278	1.5780346820809248	0.0	0.0	0.0	3.376842105263158	3.859344894026975	0.0	0.0	0.0	9.37473233404711	0.0	0.0	3.4146341463414633	4.109826589595376
27036	0.0	1.5923076923076922	0.0	1.8613333333333333	0.0	0.0	0.4166666666666667	0.0	0.0	8.792397660818713	2.675287356321839	1.552	0.0	0.0	8.245333333333333	13.632716049382717	0.0	6.2873239436619714	1.2385057471264367	20.07017543859649	0.0	0.0	5.519174041297935	14.120743034055728
27037	0.0	1.4921875	0.0	3.810126582278481	0.0	0.0	1.0313111545988258	1.643658326143227	0.0	9.502702702702702	3.4759036144578315	0.4991624790619765	0.0	0.0	2.154103852596315	12.167330677290837	0.0	5.436619718309859	0.7612565445026178	17.224428997020855	0.0	0.0	4.510584250635055	17.396192203082503
27038	0.0	0.7286135693215339	0.0	1.0167464114832536	0.0	0.0	1.789085545722714	0.9541734860883797	0.0	7.721991701244813	4.777506112469438	1.6460176991150441	0.0	0.0	4.083	6.636899747262005	0.0	6.066515495086923	0.0	17.843692870201096	0.0	0.0	3.0540865384615383	14.984141791044776
27039	0.0	0.0	0.0	3.237250554323725	0.0	0.0	1.743726235741445	0.9536370903277378	0.0	7.048780487804878	2.2835341365461845	0.92	0.0	0.0	5.009861932938856	8.11437908496732	0.0	2.6825053995680346	0.0	16.818112633181126	0.0	0.0	4.192492012779553	14.106461086637298
27040	0.0	0.6909090909090909	0.0	4.064516129032258	0.0	0.0	3.022357723577236	3.0124740124740126	0.0	6.381188118811881	6.638211382113822	1.1016260162601625	0.0	0.0	3.627906976744186	9.246376811594203	0.0	3.8260869565217392	3.9855072463768115	15.220843672456576	0.0	0.0	3.303030303030303	17.3915857605178
27041	0.0	1.2932692307692308	0.0	2.9930313588850175	0.0	0.0	1.6352636127917026	1.4726224783861672	0.0	7.294234592445328	2.9227430555555554	0.0	0.0	0.0	2.800804828973843	7.932251908396947	0.0	3.670818505338078	0.7925311203319502	12.390924956369982	0.0	0.044070512820512824	3.9672276350752878	16.067937033968516
27042	0.0	1.290909090909091	0.0	4.03690036900369	0.0	0.0	0.6981818181818182	1.8593939393939394	0.0	13.453703703703704	4.106941838649155	0.0	0.0	0.0	2.2413314840499305	7.821428571428571	0.0	1.1029986962190352	1.449920508744038	13.413793103448276	0.0	0.0	3.359781121751026	12.764615384615384
27043	0.0	2.064935064935065	1.0619883040935671	1.6608910891089108	0.0	0.0	1.4035087719298245	0.6619883040935672	0.0	4.537803138373752	5.272847682119205	0.0	0.0	0.0	3.501754385964912	9.854345165238678	0.0	2.8526727509778356	1.5134502923976607	11.353904282115868	0.0	0.0	3.0598591549295775	13.33083645443196
27044	0.0	1.7550200803212852	0.0	2.184177997527812	0.0	0.0	0.9317269076305221	4.595622119815668	0.0	7.384615384615385	4.981779206859593	0.0	0.0	0.0	1.776271186440678	9.272475795297373	0.0	3.3836317135549874	2.031124497991968	20.133180252583237	0.0	0.0	4.920265780730897	14.446862996158771
27045	0.0	0.7743589743589744	0.0	1.9153846153846155	0.0	0.0	2.1068090787716955	1.5691868758915835	0.0	13.099216710182768	3.2334869431643627	1.5615384615384615	0.0	0.0	3.908507223113965	9.340789473684211	0.0	5.2015503875969	0.9786585365853658	19.308900523560208	0.0	0.0	4.358389261744967	15.756756756756756
27046	0.0	0.0	0.0	1.529723991507431	0.0	0.0	0.779	0.9872146118721461	0.0	8.859449192782526	3.314789687924016	0.0	0.0	0.0	0.6106194690265486	7.585450346420323	0.0	2.115068493150685	0.9639222941720629	14.543053960964409	0.0	0.0	2.284090909090909	16.956413449564135
27047	0.0	0.0	0.0	1.0657894736842106	0.0	0.0	0.0	0.0	0.0	1.0921052631578947	0.12307692307692308	0.0	0.0	0.0	0.0	4.982456140350878	0.0	0.6008771929824561	0.0	6.059139784946237	0.0	0.0	0.0	5.211981566820277
27048	0.0	0.0	1.3076923076923077	5.3076923076923075	0.0	0.0	5.743589743589744	0.0	0.0	12.303448275862069	4.926666666666667	0.0	0.0	0.0	5.4423076923076925	13.61344537815126	0.0	0.0	1.75	5.182795698924731	0.0	0.0	11.664	15.134615384615385
27049	0.0	3.3339960238568587	0.0	2.5392670157068062	0.0	0.0	2.1099476439790577	2.18848167539267	0.0	8.342465753424657	5.609284332688588	1.0820244328097732	0.0	0.0	5.911552346570397	10.552581261950287	0.0	5.516765285996056	1.2329246935201401	15.425619834710744	0.0	0.0	1.8032786885245902	14.273364485981308
27050	0.0	1.5166666666666666	0.0	2.120833333333333	0.0	0.0	0.4708333333333333	1.075	0.0	7.735159817351598	4.084415584415584	2.2875	0.0	0.0	5.198198198198198	6.684210526315789	0.0	2.6125	0.8458333333333333	7.911242603550296	0.0	0.0	2.6372093023255814	19.316582914572866
27051	0.0	1.3670886075949367	0.0	2.3966244725738397	0.0	0.0	0.5822784810126582	3.8392857142857144	0.0	1.5477707006369428	1.9451476793248945	0.0	0.0	0.0	7.813953488372093	5.071729957805907	0.14767932489451477	1.5654008438818565	0.0	16.39896373056995	0.0	0.09282700421940929	1.9873417721518987	15.09375
27052	0.0	0.0	0.0	4.275	0.0	0.0	0.0	0.0	0.0	3.972972972972973	1.280701754385965	0.0	0.0	0.0	6.198795180722891	3.3728070175438596	0.0	4.1535087719298245	0.0	12.576530612244898	0.0	0.0	0.0	12.983695652173912
27053	0.0	0.0	0.0	0.0	0.0	0.0	2.759259259259259	0.0	0.0	5.37962962962963	0.0	0.0	0.0	1.0	1.0	7.329411764705882	0.0	0.3611111111111111	0.0	6.701492537313433	0.0	0.0	0.0	4.888888888888889
27054	0.0	0.5676691729323309	0.0	2.6867749419953597	0.0	0.0	0.0	0.0	0.0	7.523114355231144	1.2462908011869436	0.0	0.0	0.0	0.0	7.324175824175824	0.0	4.5539772727272725	0.0	14.55813953488372	0.0	0.0	0.0	7.205970149253731
27055	0.0	0.9508547008547008	0.0	6.1	0.0	0.0	1.989841986455982	2.027204502814259	0.0	6.8719165085389	4.007554296506138	0.0	0.0	0.0	4.394897959183673	10.819548872180452	0.0	5.898234683281412	3.0318054256314313	17.265495867768596	0.0	0.0	2.656448202959831	16.12866108786611
27056	0.0	1.0329218106995885	0.0	4.1646090534979425	0.0	0.0	1.868312757201646	0.0	0.0	11.221719457013574	2.9348837209302325	0.0	1.6049382716049383	0.0	6.852631578947369	11.300411522633745	0.0	4.955056179775281	1.7983539094650205	15.504166666666666	0.0	0.0	7.193415637860082	14.878172588832488
27057	0.0	0.0	0.7105263157894737	3.482456140350877	0.0	0.0	5.182222222222222	0.7543859649122807	0.0	4.910891089108911	0.0	0.08771929824561403	0.0	0.0	5.473404255319149	1.6956521739130435	0.0	5.461165048543689	0.9824561403508771	8.083333333333334	0.0	0.0	4.605263157894737	6.068292682926829
27058	0.0	1.7017017017017018	0.7867867867867868	1.5359897172236503	0.0	0.0	1.6516516516516517	1.9661781285231117	0.0	9.147278548559232	5.951677852348993	0.7376058041112454	0.0	0.0	1.9818365287588295	7.864783047426841	0.0	4.531066822977726	1.6066066066066067	20.392773892773892	0.0	0.0	5.214941022280472	16.454166666666666
27059	0.0	0.9499449944994499	0.0	5.3698019801980195	0.0	0.0	2.504407443682664	1.3852996254681649	0.0	9.085106382978724	2.8951156812339334	0.0	0.0	0.0	5.038461538461538	7.594908688433868	0.0	3.732490784623486	0.0	18.234375	0.0	0.0	5.391699829448551	16.677893447642376
27060	0.0	1.1317418213969939	0.0	5.779787234042553	0.0	0.0	3.141258741258741	1.8547717842323652	0.0	9.714104193138501	6.067873303167421	1.7692307692307692	0.0	0.0	5.663019693654267	6.8351870576339735	0.0	3.6455186304128904	1.9726295210166178	17.623732251521297	0.0	0.0	4.396432111000991	11.556122448979592
27061	0.0	0.7761904761904762	0.0	2.4278846153846154	0.0	0.0	1.7318611987381702	0.0	0.0	9.740648379052368	3.024258760107817	0.14523809523809525	1.1404761904761904	0.0	0.0	3.4234875444839856	0.0	4.526143790849673	0.6396103896103896	11.43167701863354	0.0	0.0	0.6228373702422145	11.157232704402515
27062	0.0	0.0	0.0	1.1803921568627451	0.0	0.0	2.792134831460674	1.6941176470588235	0.0	9.06276150627615	3.334231805929919	0.0	0.0	0.0	2.789855072463768	9.74938574938575	0.0	8.615686274509804	0.0	16.93820224719101	0.0	0.0	3.5036855036855035	11.670854271356784
27063	0.6009732360097324	5.796672828096118	0.7440100882723834	4.0966386554621845	0.0	0.0	0.9945578231292517	1.9963503649635037	0.0	13.766140602582496	5.737704918032787	0.9533678756476683	0.0	0.0	2.8149920255183414	10.811410459587956	0.0	4.62962962962963	1.316301703163017	20.819905213270143	0.0	0.0	4.262886597938144	18.836581709145428
27064	0.0	1.8988095238095237	0.0	2.257142857142857	0.0	0.0	1.79683698296837	0.0	0.0	9.768310911808669	5.6070878274268106	0.0	0.0	0.0	3.6294820717131473	9.278688524590164	0.0	3.4845238095238096	0.0	7.863708399366086	0.0	0.0	4.180952380952381	10.794025157232705
27065	0.0	1.9980638915779283	0.0	4.968063872255489	0.0	0.0	2.8134034165571618	1.758308157099698	0.0	13.366120218579235	5.567262464722483	2.2567567567567566	0.0	0.0	2.536105032822757	7.840043525571273	0.0	2.6091127098321345	1.5333333333333334	18.67167381974249	0.0	0.0	5.305739514348786	20.57375
27066	0.0	1.8587140439932317	1.131979695431472	3.117241379310345	0.0	0.0	2.010669253152279	2.2720519962859798	0.0	6.715367965367966	4.304867634500427	0.0	0.0	0.24534686971235195	6.272952853598015	8.341603053435115	0.0	5.011454753722795	1.0547550432276658	17.434038267875128	0.0	0.0	4.0945709281961475	18.399563318777293
27067	0.0	1.768	0.0	3.091247672253259	0.0	0.0	1.9553072625698324	2.0555555555555554	0.0	13.326291079812206	3.28246013667426	2.128301886792453	0.0	0.43947858472998136	3.995515695067265	10.801435406698564	0.0	5.294243070362473	1.0670391061452513	20.685649202733487	0.0	0.0	8.336309523809524	10.431034482758621
27068	0.0	1.408839779005525	0.0	0.742014742014742	0.0	0.0	1.2523020257826887	1.4401473296500922	0.0	6.992941176470588	3.9221411192214113	0.0	0.0	0.0	4.99388379204893	7.48742746615087	0.0	5.375690607734807	1.4880294659300184	18.271863117870723	0.0	0.0	4.833644859813084	10.231454005934719
27069	0.0	3.686046511627907	1.2432432432432432	3.563063063063063	0.0	0.0	4.13963963963964	0.0	0.0	14.635897435897435	2.154589371980676	0.0	0.0	3.2882882882882885	6.733644859813084	4.530612244897959	0.0	0.4881889763779528	3.3394495412844036	13.475113122171946	0.0	0.0	3.5945945945945947	17.12751677852349
27070	0.0	3.06158357771261	0.0	1.8656330749354004	0.0	0.0	0.32170542635658916	0.9715762273901809	0.0	2.9658703071672354	3.1305970149253732	0.0	0.20671834625322996	0.0	2.7783783783783784	2.5873015873015874	0.0	4.934707903780069	3.236220472440945	12.625748502994012	0.0	0.0	6.1866666666666665	12.765625
27071	0.0	0.9210526315789473	0.0	1.230263157894737	0.0	0.0	2.1303370786516855	2.732360097323601	0.0	3.057471264367816	1.861842105263158	0.0	0.0	0.0	2.6666666666666665	6.244318181818182	0.0	2.949561403508772	3.9178885630498534	11.903790087463557	0.0	0.618421052631579	5.982698961937716	19.17792792792793
27072	0.0	0.0	0.0	0.0	0.0	0.0	0.9848484848484849	2.111111111111111	0.0	4.032520325203252	2.3484848484848486	0.0707070707070707	0.0	0.0	2.212121212121212	4.884892086330935	0.0	5.021857923497268	0.7929292929292929	17.622448979591837	0.0	0.0	2.914141414141414	6.7357512953367875
27073	0.0	1.251604621309371	0.0	3.7032967032967035	0.0	0.0	0.008674101610904586	0.6964064436183395	0.0	13.03918918918919	3.761904761904762	0.5570698466780238	0.0	0.0	5.462686567164179	9.031531531531531	0.0	7.071140939597315	1.81908302354399	29.499261447562777	0.0	0.0	6.59433962264151	21.982532751091703
27074	0.0	0.5231316725978647	0.0	4.205314009661835	0.0	0.0	3.309433962264151	0.0	0.0	6.886861313868613	1.403755868544601	2.037593984962406	0.0	0.0	8.524590163934427	11.270557029177718	0.0	5.670520231213873	1.8615023474178405	19.042492917847024	0.0	0.0	2.48828125	10.134986225895316
27075	0.0	0.0	0.0	1.9678030303030303	0.0	0.0	2.615530303030303	0.0	0.0	3.1268939393939394	2.2765151515151514	0.0	0.0	0.9393939393939394	3.1515151515151514	9.027848101265823	0.0	2.7893617021276595	0.42234848484848486	22.940038684719536	0.0	0.0	3.422348484848485	14.893805309734514
27076	0.0	2.313953488372093	0.9870801033591732	3.875	0.0	0.0	0.0	2.214681440443213	0.0	11.851190476190476	5.338317757009346	2.3742603550295858	0.0	0.0	5.752307692307692	9.164670658682635	0.0	2.75046904315197	2.875247524752475	18.98740157480315	0.0	0.0	7.336092715231788	15.609261939218523
27077	0.0	0.0	0.0	0.65	0.0	0.0	0.6148867313915858	0.0	0.0	5.0	2.6758620689655173	4.172549019607843	0.0	0.0	3.9482200647249193	5.800995024875622	0.0	0.9385113268608414	1.1877022653721683	14.362676056338028	0.0	0.0	0.0	11.770226537216828
27078	0.0	0.0	0.0	1.8016528925619835	0.0	0.0	1.0	0.0	0.0	5.830645161290323	4.41044776119403	2.1818181818181817	0.0	0.0	1.5858585858585859	2.7676767676767677	0.0	0.10101010101010101	0.4393939393939394	28.55952380952381	0.0	0.0	2.196969696969697	10.33838383838384
27079	0.0	2.0345911949685536	0.0	0.949685534591195	0.0	0.0	0.8867924528301887	0.0	0.0	4.914285714285715	0.22012578616352202	0.7767295597484277	0.0	0.0	5.722007722007722	6.67936507936508	0.0	1.650943396226415	0.0	15.54863813229572	0.0	0.0	2.535031847133758	10.09691629955947
27080	0.0	0.8514421177400237	0.0	1.6355902162353775	0.0	0.0	0.4712522045855379	1.2076287848997247	0.0	7.012025554302894	2.1688825008983112	1.0081128747795414	0.0	0.0	3.7485865058424426	4.901357827476039	0.0	2.703856749311295	0.0	10.754144763445208	0.0	0.0	1.9243507715468573	6.304923458833264
27081	0.0	1.465846994535519	0.0	1.5655737704918034	0.22131147540983606	0.0	1.7097701149425288	1.9354330708661418	0.0	9.166666666666666	2.6448087431693987	0.6188524590163934	0.0	0.0	4.17621776504298	5.6366782006920415	0.0	4.996992481203008	1.4371584699453552	17.804709141274238	0.0	0.0	2.189890710382514	17.587387387387388
27082	0.0	1.4631578947368422	0.0	3.4403508771929823	0.0	0.0	0.7605633802816901	2.487544483985765	0.0	8.580459770114942	1.5562130177514792	0.0	0.0	0.0	2.739240506329114	8.09865470852018	0.0	4.230490018148821	0.0	14.348794063079778	0.0	0.0	8.173570019723867	10.080078125
27083	0.0	0.9984639016897081	0.0	3.2401500938086305	0.0	0.0	2.2587301587301587	1.8493647912885662	0.0	10.70389170896785	3.2349726775956285	0.9906890130353817	0.0	0.0	6.809523809523809	8.215753424657533	0.0	5.129032258064516	1.9738863287250383	22.523326572008113	0.0	0.0	3.2920203735144313	16.27013422818792
27084	0.0	0.8053333333333333	0.0	2.9013333333333335	0.0	0.0	1.032	1.184	0.0	9.788461538461538	2.4318181818181817	0.0	0.0	0.07466666666666667	1.5749128919860627	7.293103448275862	0.0	3.3875338753387534	0.36	12.7125748502994	0.0	0.0	0.0	13.947916666666666
27085	0.0	0.873767258382643	0.0	3.0562659846547313	0.0	0.0	1.4654832347140039	0.9230769230769231	0.0	5.01948051948052	5.2103174603174605	1.8185404339250493	0.0	0.0	2.9762532981530345	12.779411764705882	0.0	3.0602150537634407	0.8455056179775281	12.058951965065502	0.0	0.0	6.427645788336933	14.45940594059406
27086	0.0	1.883495145631068	0.0	4.608108108108108	0.0	0.0	2.5242718446601944	2.27831715210356	0.0	7.995901639344262	3.6682464454976302	0.20711974110032363	0.0	0.0	5.745928338762215	10.355212355212355	0.0	2.9622641509433962	2.7850877192982457	11.676375404530745	0.11974110032362459	0.0	3.612794612794613	11.018382352941176
27087	0.0	0.0	0.0	0.0	0.0	0.0	1.9301075268817205	0.9623655913978495	0.0	4.672413793103448	1.1397849462365592	0.13978494623655913	0.0	0.0	6.086021505376344	9.215469613259668	0.0	1.3387096774193548	0.0	12.321428571428571	0.0	0.0	7.0109289617486334	26.806451612903224
27088	0.0	0.574750830564784	0.0	2.5424242424242425	0.0	0.0	2.790108564535585	0.0	0.0	8.75364238410596	2.4646074646074645	0.6566998892580288	0.06423034330011074	0.0	4.353919239904988	10.269318181818182	0.0	6.102402022756005	1.299287410926366	19.774157303370785	0.0	0.0	5.803986710963455	21.150442477876105
27089	0.0	1.9506172839506173	0.0	2.045267489711934	0.0	0.0	0.0	0.48559670781893005	0.0	9.66326530612245	4.524444444444445	0.897119341563786	0.0	0.0	6.785407725321888	3.5728643216080402	0.0	6.090534979423868	0.0	12.860082304526749	0.0	0.0	5.6716417910447765	8.9
27090	0.0	5.081081081081081	0.0	3.89237668161435	0.0	0.0	4.226315789473684	2.799154334038055	0.0	24.554455445544555	10.32420091324201	2.1449275362318843	0.0	1.2525879917184266	13.09792284866469	11.803076923076922	0.0	9.303529411764705	1.4912280701754386	43.82258064516129	0.5403726708074534	0.0	5.0459518599562365	36.472361809045225
27091	0.0	0.0	0.0	0.0	0.0	0.0	0.31095406360424027	0.0	0.0	0.0	0.0	0.0	0.0	0.0	0.0	2.9338235294117645	0.0	0.0	0.0	3.0069204152249136	0.0	0.0	0.0	1.823076923076923
27092	0.0	0.9375307427447123	0.0	2.7257462686567164	0.07017543859649122	0.0	1.6353691886964448	1.9869604316546763	0.0	6.15556768558952	3.3362997658079627	1.7280783582089552	0.0	0.0	4.163522012578617	7.125707102451289	0.0	4.375	0.0	19.473488865323436	0.0	0.0	6.210078931390407	17.476987447698743
27093	0.0	1.1880819366852886	0.0	4.596153846153846	0.0	0.0	1.8366890380313199	3.7292161520190024	0.0	17.50965250965251	3.5096618357487923	2.908582089552239	0.0	0.0	7.675438596491228	17.516666666666666	0.0	10.76978417266187	3.9065934065934065	28.06160164271047	0.1282051282051282	0.029304029304029304	4.864161849710983	30.253846153846155
27094	0.8956228956228957	1.4074074074074074	1.0627177700348431	4.306397306397306	1.387205387205387	0.0	4.063973063973064	0.0	0.0	9.431451612903226	4.877272727272727	0.0	0.0	0.0	7.948979591836735	11.390334572490707	0.0	13.661157024793388	2.810810810810811	37.07364341085271	0.0	0.0	8.622489959839358	22.148936170212767
27095	0.0	0.9815668202764977	1.4205607476635513	5.538983050847458	0.0	0.0	1.4174454828660437	2.9065420560747666	0.0	7.018796992481203	5.934959349593496	1.3035714285714286	0.0	0.0	13.040133779264215	11.851694915254237	0.0	5.759358288770054	2.2336448598130842	32.11214953271028	0.0	0.940809968847352	4.767741935483871	17.7344262295082
27096	0.5642023346303502	1.6557377049180328	0.0	5.4491587417703	0.0	0.0	4.227118644067796	1.3575207860922147	0.0	12.584934665641814	3.787922358015816	1.9623955431754874	0.0	0.0	7.89771833202203	13.087993421052632	0.0	11.737906137184115	1.9654025282767797	29.389984825493173	0.0	0.0	6.223182145428366	21.683689024390244
27097	0.2869757174392936	1.3333333333333333	0.5386313465783664	12.009771986970684	0.002207505518763797	0.0	5.0949227373068435	3.471976401179941	0.0	12.123620309050773	7.796482412060302	2.7108167770419427	0.0	0.0	7.405913978494624	10.291169451073985	0.0	8.263529411764706	0.5894039735099338	27.939086294416242	0.0	0.3178294573643411	4.110817941952506	28.589622641509433
27098	0.0	2.944906444906445	1.0303030303030303	5.918181818181818	0.41818181818181815	0.0	6.444162436548224	1.569482288828338	0.0	6.667525773195877	3.328735632183908	0.2467741935483871	0.0	0.0	5.0	12.989224137931034	0.0	4.701417004048583	0.9810554803788903	23.763636363636362	0.0	0.0	9.370575221238939	17.81929347826087
27099	0.0	2.993299832495812	0.0	4.170353982300885	0.0	0.0	3.126605504587156	2.7532467532467533	0.0	13.88	6.829457364341085	0.0	0.0	0.0	6.977528089887641	14.847246891651865	0.0	11.093023255813954	1.9193798449612403	26.267175572519083	0.0	0.0	7.647058823529412	23.212264150943398
27100	0.0	3.3118279569892475	0.0	3.959844559585492	0.0	0.0	2.664750957854406	0.8419117647058824	0.0	10.10909090909091	5.981900452488688	0.7085201793721974	0.0	0.0	4.9730820995962315	10.230271668822768	0.0	4.582554517133956	1.1901840490797546	24.165580182529336	0.0	0.0	4.111888111888112	21.537360890302068
27101	0.0	2.0	0.0	5.059139784946237	0.0	0.0	0.0	0.0	0.0	13.78494623655914	5.0	1.1952861952861953	0.04377104377104377	0.0	4.161971830985915	9.645038167938932	0.0	7.3931623931623935	1.621212121212121	23.630859375	0.0	0.0	7.045454545454546	28.05942275042445
27102	0.0	3.0765027322404372	0.0	1.683794466403162	0.0	0.0	2.1129032258064515	3.1134328358208956	0.0	5.587020648967552	2.366279069767442	1.5570032573289903	0.0	0.0	10.40926640926641	7.269230769230769	0.0	2.834983498349835	2.193548387096774	17.10431654676259	0.0	0.0	3.524193548387097	10.24702380952381
27103	0.0	0.0	0.0	3.588235294117647	0.0	0.0	2.5	6.281481481481482	0.0	7.9125	5.26595744680851	0.0	0.0	0.0	7.0212765957446805	5.788043478260869	0.0	6.720588235294118	0.7368421052631579	20.564245810055866	0.0	0.0	11.150537634408602	20.401960784313726
27104	0.0	0.0	3.0	7.569444444444445	0.0	0.0	0.0	3.4722222222222223	0.0	3.3402777777777777	6.766129032258065	1.4236111111111112	0.0	0.9305555555555556	6.951388888888889	13.626016260162602	0.0	3.701388888888889	2.138888888888889	28.43801652892562	0.0	0.0	3.861788617886179	16.625
27105	0.0	0.0	0.0	6.0	0.0	0.0	0.0	5.625	0.0	8.061855670103093	3.4076433121019107	2.3541666666666665	0.0	1.3166666666666667	6.552742616033755	5.848684210526316	0.0	7.063063063063063	0.0	8.286624203821656	0.0	0.0	2.7083333333333335	9.990049751243781
27106	0.0	0.8205128205128205	0.0	6.705479452054795	0.0	0.0	0.0	0.0	0.0	8.508547008547009	10.964646464646465	2.5217391304347827	0.0	0.0	6.338028169014085	10.243589743589743	0.0	17.225352112676056	6.880239520958084	14.67515923566879	0.0	2.396039603960396	9.216216216216216	35.1978021978022
27107	0.0	1.4078014184397163	0.3617021276595745	4.815602836879433	0.0	0.0	5.214634146341464	2.3192307692307694	0.0	13.654676258992806	13.606060606060606	3.409448818897638	0.0	0.0	11.52914798206278	7.868421052631579	0.0	6.695035460992908	3.358695652173913	18.69090909090909	0.0	0.0	10.031818181818181	20.859205776173287
27108	1.5333333333333334	0.28717948717948716	0.0	1.0512820512820513	0.0	0.0	4.7384615384615385	0.6871794871794872	0.0	8.965116279069768	3.629032258064516	1.5384615384615385	0.0	0.0	3.0	5.5777777777777775	0.0	6.866666666666666	6.105960264900662	15.398305084745763	0.0	0.0	3.9384615384615387	6.331288343558282
27109	0.0	8.503649635036496	0.0	0.0	0.0	0.0	1.5192307692307692	0.0	0.0	4.371794871794871	6.042857142857143	0.20512820512820512	0.0	0.0	7.150793650793651	6.980769230769231	0.0	1.8625954198473282	1.1153846153846154	9.73076923076923	0.0	1.858974358974359	5.468531468531468	12.037593984962406
27110	0.0	0.39065817409766457	0.0	3.7197452229299364	0.0	0.0	0.8691588785046729	2.5414012738853504	0.0	9.964383561643835	3.9160839160839163	0.0	0.0	0.0	2.3630573248407645	16.710594315245476	0.0	6.275449101796407	1.296983758700696	23.13782991202346	0.0	0.0	5.621380846325167	16.41554959785523
27111	0.0	2.0185706246482837	0.7884297520661157	2.3248175182481754	0.0	0.0	1.8620013080444735	1.7349319507453014	0.0	7.097000638162093	3.0187646598905395	1.1366391184573004	0.0	0.0	4.1876234364713625	8.709043250327653	0.0	3.5219244823386116	0.7766027759418375	20.12472963229993	0.0	0.0	4.70345744680851	17.318124207858048
27112	0.0	2.2083333333333335	0.0	2.763095238095238	0.0	0.0	0.6231404958677685	0.6107142857142858	0.0	9.698795180722891	2.7516666666666665	0.0	0.0	0.0	2.8142857142857145	9.129464285714286	0.0	2.8507246376811595	0.0	20.65714285714286	0.0	0.0	1.8680124223602483	17.84944532488114
27113	0.0	0.0	0.0	1.7815533980582525	0.0	0.0	1.6228070175438596	2.5657894736842106	0.0	7.084158415841584	4.977876106194691	0.0	0.0	0.0	6.604060913705584	10.256684491978609	0.0	5.293859649122807	1.8903508771929824	17.151041666666668	0.0	0.0	5.128440366972477	22.928571428571427
27114	0.0	1.1545253863134657	0.5584988962472406	3.3917197452229297	0.0	0.0	1.2891832229580573	0.9227373068432672	0.0	9.042440318302388	2.5433526011560694	0.0	0.0	0.0	0.9492273730684326	7.783132530120482	0.0	2.5381165919282513	1.467991169977925	13.7926267281106	0.0	0.0	1.0905077262693157	14.626543209876543
27115	0.0	0.0	0.0	0.0	0.0	0.0	0.0	0.0	0.0	3.4130434782608696	0.0	0.0	0.0	0.0	0.0	3.393617021276596	0.0	0.0	0.0	9.768115942028986	0.0	0.0	5.905797101449275	8.26086956521739
27116	0.0	1.9455337690631809	0.0	1.6605263157894736	1.7342047930283224	0.0	0.0	2.002444987775061	0.0	5.653225806451613	4.7444444444444445	1.1116071428571428	0.0	0.0	6.844262295081967	8.541528239202657	0.0	3.8017429193899783	1.3352112676056338	15.28125	0.0	0.0	4.434782608695652	11.50974930362117
27117	0.0	1.3032581453634084	0.0	7.406876790830945	0.6766917293233082	0.0	0.3258145363408521	2.9470404984423677	0.0	8.573934837092732	1.8195488721804511	1.4285714285714286	0.7568922305764411	0.0	3.8442211055276383	11.674846625766872	0.0	2.93734335839599	2.017543859649123	17.991891891891893	0.0	0.0	3.0722222222222224	14.708196721311475
27118	0.0	0.0	0.0	2.96165191740413	0.0	0.0	0.16519174041297935	1.407079646017699	0.0	0.911504424778761	0.9616519174041298	0.0	0.0	0.0	0.6047197640117994	7.583061889250814	0.0	2.2996941896024463	2.392330383480826	9.556016597510373	0.0	0.0	3.177121771217712	7.659442724458204
27119	0.0	1.5572033898305084	0.0	1.812089356110381	0.0	0.0	1.0638051044083527	0.0	0.0	9.213138686131387	4.275	0.0	0.0	0.0	5.866822429906542	6.010989010989011	0.0	6.402298850574713	1.0995934959349594	13.442073170731707	0.0	0.0	3.5182403433476397	14.48
27120	0.0	0.0	0.0	3.7859922178988326	0.0	0.0	1.443064182194617	1.9618055555555556	0.0	6.285067873303167	3.9878472222222223	1.4057450628366248	0.0	0.0	6.919449901768173	9.455696202531646	0.0	4.148496240601504	2.8049281314168377	18.79707495429616	0.0	0.0	3.079822616407982	16.866388308977037
27121	0.0	1.0224215246636772	0.0	1.6758241758241759	0.0	0.0	0.5196687370600414	1.824016563146998	0.0	8.898936170212766	5.944262295081967	1.1987577639751552	0.0	0.0	2.031055900621118	3.2297592997811817	0.0	4.765560165975104	0.0	13.365853658536585	0.0	0.0	5.1138613861386135	8.638461538461538
27122	0.0	1.936936936936937	0.0	0.0	0.0	0.0	4.60960960960961	4.315315315315315	0.0	21.304615384615385	3.4814814814814814	0.0	0.0	0.9069069069069069	4.873362445414847	6.285714285714286	0.0	0.5138888888888888	0.0	11.911184210526315	0.0	0.0	4.534534534534535	17.6260162601626
27123	0.0	2.4404761904761907	0.4970414201183432	5.923766816143497	0.0	0.0	2.8347826086956522	1.8777120315581854	0.0	8.702325581395348	2.8419354838709676	1.0896226415094339	0.0	0.0	5.242299794661191	7.965432098765432	0.0	6.9156626506024095	0.0	26.943775100401606	0.0	0.0	3.0927021696252464	19.536159600997507
27124	0.0	2.0552380952380953	0.0	1.7714285714285714	0.0	0.0	4.123809523809523	1.619047619047619	0.0	9.389294403892944	3.7898383371824482	1.4742857142857142	0.0	0.0	3.9127906976744184	9.778225806451612	0.0	3.7920997920997923	2.3485714285714288	24.080234833659492	0.0	0.0	2.9482758620689653	19.910714285714285
27125	0.0	0.9111111111111111	0.5777777777777777	5.236013986013986	0.0	0.0	3.3794871794871795	4.138257575757576	0.0	13.393939393939394	2.046846846846847	0.9145299145299145	0.0	0.0	3.3636363636363638	18.31111111111111	0.0	3.323529411764706	2.899145299145299	28.089068825910932	0.0	0.0	6.8108108108108105	21.015590200445434
27126	0.0	0.0	0.0	3.508905852417303	0.0	0.0	1.8685015290519877	2.032258064516129	0.0	5.647887323943662	9.442424242424243	0.0	0.0	0.0	5.684210526315789	12.251908396946565	0.0	3.0966921119592876	2.9209726443768997	18.984375	0.47837150127226463	0.0	6.241730279898219	15.191549295774648
27127	0.6185567010309279	0.0	0.0	3.1305841924398625	0.0	0.0	0.0	2.1168384879725086	0.0	10.86259541984733	3.8738317757009346	0.0	0.0	0.6872852233676976	3.9952380952380953	6.115555555555556	0.0	0.9602888086642599	0.0	16.195238095238096	0.0	0.0	3.7420494699646643	7.0625
27128	0.0	0.0	0.0	3.8445229681978796	0.0	0.0	1.542719614921781	1.0671378091872792	0.0	5.318120805369127	2.470031545741325	1.5500588928150765	0.0	0.0	4.166237113402062	7.099730458221024	0.0	4.713598074608905	0.9551282051282052	10.800237812128419	0.0	0.0	4.171003717472119	15.474397590361447
27129	0.0	0.0	1.3095238095238095	0.0	0.0	0.0	0.0	0.0	0.0	3.9901960784313726	0.0	0.0	0.0	0.0	0.0	5.276190476190476	0.0	0.0	0.0	11.033980582524272	0.0	0.0	3.564885496183206	5.87719298245614
27130	0.0	0.0	0.026402640264026403	3.485294117647059	0.0	0.0	2.0165016501650164	0.0	0.0	6.43298969072165	0.0	0.0	0.0	0.0	1.9636963696369636	4.297979797979798	0.0	0.0	0.0	14.342857142857143	0.0	0.0	2.2046204620462047	6.337078651685394
27131	0.0	1.5307781649245065	0.0	3.127170138888889	0.0	0.0	2.825237856785178	2.3270412642669007	0.0	9.569580731489742	3.5914442700156988	1.3829873829873829	0.0	0.0	8.785714285714286	11.865659452837892	0.0	5.655939422621865	1.720331950207469	22.946519524617997	0.0	0.0	5.71505376344086	18.861574074074074
27132	0.0	2.5339578454332554	0.0	2.222315436241611	0.0	0.0	1.8540202966432475	1.578397212543554	0.0	11.608849557522124	4.991556091676719	1.1803556308213379	0.0	0.0	6.570383912248629	11.021400778210117	0.0	5.766816143497758	1.4483091787439613	28.04268846503179	0.0	0.0	8.431746031746032	25.649484536082475
27133	0.0	1.650965250965251	0.0	6.713780918727915	0.17684478371501272	0.0	4.924167257264352	2.0553435114503817	0.0	9.539267015706807	4.917021276595745	1.6230867346938775	0.0	0.0	6.908826382153249	10.783451842275372	0.0	6.311726147123088	1.2004103967168263	29.29740680713128	0.0	0.0	4.95027195027195	13.776201733648541
27134	0.0	0.7166666666666667	0.2826666666666667	5.9155435759209345	0.0	0.0	1.0265282583621684	3.975806451612903	0.0	7.489775051124744	3.0485781990521326	0.8764444444444445	0.0	0.0	7.869752421959096	11.842424242424242	0.0	5.182553956834532	0.9777777777777777	27.56165616561656	0.0	0.8115555555555556	8.915476190476191	15.916030534351146
27135	0.0	1.0754237288135593	0.6660899653979239	4.617075232459848	0.0	0.0	1.5952380952380953	1.8327433628318583	0.0	10.6893039049236	5.217171717171717	0.8567708333333334	0.0	0.0	8.542130365659778	11.50763701707098	0.0	5.305457746478873	3.1246983105390185	24.399283795881825	0.0	0.11693242217160213	9.722972972972974	21.132572431957858
27136	0.0	0.020202020202020204	0.21717171717171718	3.6666666666666665	0.0	0.0	0.6767676767676768	2.878787878787879	0.0	4.4646464646464645	2.2323232323232323	0.0	0.0	0.1919191919191919	4.544776119402985	6.905063291139241	0.0	2.6044776119402986	4.060402684563758	15.856115107913668	0.0	0.0	4.311111111111111	4.6767676767676765
27137	0.0	0.0	0.0	2.4992784992784993	0.0	0.0	0.0	1.193979933110368	0.0	10.488255033557047	4.232937685459941	3.117052023121387	0.0	0.0	8.49483013293944	7.2993920972644375	0.0	10.465693430656934	2.660828025477707	23.77330895795247	0.0	0.0	2.9537444933920707	19.74331550802139
27138	0.0	3.2276029055690074	0.0	4.317422434367542	0.0	0.0	1.8854961832061068	2.2968036529680367	0.0	8.835616438356164	3.230769230769231	3.0525114155251143	0.0	0.0	4.066210045662101	7.776412776412776	0.0	3.143603133159269	1.9408866995073892	15.12972972972973	0.0	0.0	3.5139664804469275	13.04
27139	0.0	1.386138613861386	2.594059405940594	0.5803571428571429	0.0	0.0	0.8118811881188119	0.0	0.0	2.3069306930693068	1.273927392739274	1.867704280155642	0.0	0.0	3.1037735849056602	7.696750902527076	0.0	4.504854368932039	0.0	8.421875	0.2607260726072607	0.9966996699669967	5.818481848184819	9.028688524590164
27140	0.0	3.7310734463276836	1.1784511784511784	2.537607891491985	0.2828282828282828	0.0	2.0036540803897687	1.9876543209876543	0.0	12.565826330532213	2.112960760998811	1.9304152637485972	0.0	0.0	5.592920353982301	14.618339529120199	0.0	6.1037868162692845	0.8869814020028612	28.42225201072386	0.0	0.0	5.421052631578948	11.905311778290994
27141	0.0	0.0	0.0	5.996389891696751	0.0	0.0	2.306122448979592	1.6462585034013606	0.0	10.692307692307692	2.261904761904762	0.0	0.0	0.0	5.010238907849829	4.4574898785425106	0.0	2.5764705882352943	3.5454545454545454	13.034220532319392	0.0	0.0	3.557823129251701	14.537414965986395
27142	0.0	0.0	0.0	0.3303303303303303	0.0	0.0	1.990990990990991	1.695364238410596	0.0	15.403973509933774	3.6587837837837838	0.0	0.0	0.0	2.4954954954954953	8.0	0.0	4.698630136986301	2.3213213213213213	9.2375	0.32432432432432434	0.0	3.0839694656488548	10.0
27143	0.0	4.745247148288973	0.0	3.4246575342465753	0.0	0.0	1.030612244897959	3.931972789115646	0.0	48.920529801324506	7.755102040816326	2.802721088435374	0.0	0.0	7.343537414965986	6.894557823129252	0.0	6.8108108108108105	0.0	32.56730769230769	0.0	0.0	1.8439024390243903	14.200680272108844
27144	0.0	0.0	0.0	3.219430485762144	0.0	0.0	2.575221238938053	0.0	0.0	11.097864768683275	1.543438077634011	1.8597122302158273	0.0	0.0	5.358736059479554	12.774127310061601	0.0	9.52112676056338	0.0	19.79429735234216	0.0	0.0	6.296812749003984	20.515810276679844
27145	0.0	0.0	1.715210355987055	1.8576051779935274	0.11003236245954692	0.0	1.2297734627831716	0.889967637540453	0.0	9.346278317152104	5.11326860841424	0.4854368932038835	0.0	0.9773462783171522	4.541254125412541	7.6573426573426575	0.0	7.241206030150754	0.0	20.86008230452675	0.0	0.0	6.400709219858156	8.996763754045308
27146	0.0	1.0598290598290598	0.0	0.0	0.0	0.0	0.0	0.0	0.0	12.237837837837837	2.3480662983425415	0.7435897435897436	0.0	0.0	8.071428571428571	2.134715025906736	0.0	7.182608695652174	0.0	19.91907514450867	0.0	0.0	4.512820512820513	7.713483146067416
27147	0.0	0.0	1.193798449612403	2.454337899543379	0.0	0.0	3.4709302325581395	1.2790697674418605	0.0	3.995085995085995	1.4760820045558087	1.5193798449612403	0.0	0.9748062015503876	2.860248447204969	3.10230179028133	0.0	5.01038961038961	1.5794573643410852	17.505649717514125	0.0	0.0	4.7810077519379846	21.800387596899224
27148	0.0	1.389121338912134	0.0	3.1051587301587302	0.0	0.0	1.2837127845884413	0.8535127055306427	0.0	4.615079365079365	2.672245467224547	0.0	0.0	0.0	3.472	6.012965964343598	0.0	1.7433751743375174	1.0244956772334295	13.212553495007132	0.0	0.0	2.797768479776848	15.896147403685092
27149	0.0	0.0	0.0	2.0945945945945947	0.0	0.0	1.554054054054054	4.822072072072072	0.0	5.683291770573566	5.6891891891891895	1.6396396396396395	0.0	0.0	3.2117117117117115	9.878378378378379	0.0	5.032019704433497	2.6126126126126126	13.81081081081081	0.0	0.0	1.653731343283582	22.14864864864865
27150	0.0	1.756734693877551	0.0	3.296983758700696	0.0	0.0	3.182136602451839	0.7470997679814385	0.0	14.212683681361176	4.048535564853556	2.5862335653518946	0.0	0.0	5.466784765279008	7.592201462225833	0.0	6.948635634028893	2.006108202443281	16.616438356164384	0.0	0.0	5.991886409736308	19.276408450704224
27151	0.0	1.734463276836158	0.0	3.1689497716894977	0.0	0.0	3.1534391534391535	1.6012658227848102	0.0	7.865921787709497	0.5238095238095238	0.5757575757575758	0.0	0.0	4.721739130434782	6.808695652173913	0.0	3.1774891774891776	6.6644295302013425	12.381944444444445	0.0	0.0	5.987012987012987	5.092233009708738
27152	0.0	1.067357512953368	0.0	0.0	0.0	0.0	0.0	0.0	0.0	3.579378068739771	1.6167471819645733	0.0	0.0	0.0	1.2877263581488934	3.813204508856683	0.0	1.8208092485549132	0.0	2.066265060240964	0.0	0.0	0.6255707762557078	6.361486486486487
27153	0.0	1.484375	0.0	3.6468842729970326	0.0	0.04018445322793149	1.6454237288135594	1.7847124824684433	0.0	7.062271062271062	4.202774108322325	0.2318840579710145	0.0	0.0	4.819243986254295	7.13487629688747	0.0	6.836986301369863	0.9110671936758893	20.393288590604026	0.0	0.0	4.307262569832402	15.603801169590643
27154	0.0	0.32558139534883723	0.0	0.6201550387596899	0.0	0.0	0.3643410852713178	0.0	0.0	6.061855670103093	3.3214285714285716	3.4108527131782944	0.0	0.0	3.189922480620155	9.527426160337553	0.0	1.2054263565891472	2.813953488372093	19.820833333333333	0.0	0.0	0.5271317829457365	10.345991561181435
27155	0.0	2.1856763925729443	0.0	0.0	0.0	0.0	0.9371428571428572	2.0958286358511837	0.0	9.908928571428572	3.573091849935317	0.0	0.0	0.0	5.277591973244147	5.580882352941177	0.0	4.679324894514768	1.1270903010033444	7.1755102040816325	0.022296544035674472	0.0	0.0	14.925449871465295
27156	0.0	0.9583333333333334	0.0	2.095890410958904	1.4642857142857142	0.0	0.44642857142857145	0.7639484978540773	0.0	5.4851190476190474	3.31438127090301	0.03571428571428571	0.0	0.0	3.412140575079872	6.624561403508772	0.0	1.869047619047619	2.9274447949526814	8.605734767025089	0.0	0.0	4.867741935483871	10.37062937062937
27157	0.0	3.6616915422885574	0.8557213930348259	0.5472636815920398	0.0	1.681592039800995	1.4776119402985075	0.0	0.0	7.972602739726027	7.766871165644171	3.4527363184079602	0.6368159203980099	0.0	2.5771144278606966	5.834482758620689	0.0	10.403225806451612	0.0	8.94047619047619	0.0	0.0	1.7960199004975124	14.115
27158	0.0	0.0	0.0	0.0	0.0	1.1839080459770115	2.6264367816091956	0.20689655172413793	0.0	8.65079365079365	4.528985507246377	0.0	0.0	0.0	4.103448275862069	5.116959064327485	0.0	4.533333333333333	0.6264367816091954	7.64367816091954	0.0	0.0	0.39080459770114945	7.798780487804878
27159	0.0	1.125	0.0	0.0	0.0	0.0	1.208469055374593	1.8339920948616601	0.0	3.175115207373272	3.0476190476190474	3.869047619047619	0.0	0.0	2.357142857142857	5.612903225806452	0.0	2.814035087719298	1.2678571428571428	8.288690476190476	0.0	0.0	5.284789644012945	13.755395683453237
27160	0.0	0.0	0.5654320987654321	2.211699164345404	0.0	0.0	0.9521963824289406	0.0	0.0	8.658823529411764	2.7410832232496696	0.0	0.0	0.0	3.52755905511811	5.873617693522907	0.0	3.683646112600536	0.7599451303155007	12.19203413940256	0.0	0.0	3.4012345679012346	11.430313588850174
27161	0.0	1.9406158357771262	0.18233082706766918	3.09362389023406	0.0	0.0	2.4905414220482713	1.8293778062860808	0.0	7.463570856685348	3.3358443188951665	0.9449294828744124	0.17606516290726817	0.0	4.774425287356322	7.150902527075813	0.0	6.503961965134707	1.8114035087719298	16.77639344262295	0.0	0.0	5.446215139442231	16.36742671009772
27162	0.0	2.9363295880149813	0.5291005291005291	3.013559322033898	0.0	0.0	0.0	3.00990099009901	0.0	9.297029702970297	4.793233082706767	4.236686390532545	0.0	0.0	6.069306930693069	6.191964285714286	0.0	3.1245551601423487	1.4484126984126984	18.919117647058822	0.0	0.0	4.480565371024735	15.156028368794326
27163	0.0	0.0	0.0	0.751004016064257	0.0	0.0	2.895582329317269	3.2971887550200805	0.0	7.877551020408164	0.3493975903614458	1.8944099378881987	0.0	0.0	7.112554112554113	8.207207207207206	0.0	4.605405405405405	6.180722891566265	21.144736842105264	0.0	0.0	6.627530364372469	5.8
27164	0.0	3.925925925925926	0.0	4.57556270096463	0.9320987654320988	0.0	0.8854625550660793	0.7993827160493827	0.0	8.05226480836237	4.288135593220339	0.0	0.0	0.0	4.243827160493828	9.052	0.0	3.302469135802469	0.0	12.683206106870228	0.0	0.0	3.169753086419753	18.916398713826368
27165	0.0	0.0	1.4074074074074074	2.6545454545454548	0.0	0.0	0.2996632996632997	0.0	0.0	6.883177570093458	0.0	0.0	0.0	0.0	6.079439252336448	8.02016129032258	0.0	4.936026936026936	6.173144876325089	12.666666666666666	0.0	0.4781144781144781	3.606060606060606	24.428571428571427
27166	0.0	0.0	0.0	2.038961038961039	0.0	1.2041343669250646	3.1214470284237725	2.915204678362573	0.0	5.276978417266187	3.9065934065934065	0.0	0.0	0.35658914728682173	4.3646112600536195	4.356725146198831	0.0	4.708333333333333	1.9147286821705427	17.142857142857142	0.7467700258397932	0.0	3.898591549295775	19.714697406340058
27167	0.0	1.0493827160493827	0.0	2.6307692307692307	0.0	0.0	0.0	0.3950617283950617	0.0	7.1610738255033555	0.0	1.604026845637584	0.0	0.0	7.56	10.532374100719425	0.0	1.9259259259259258	0.0	20.64885496183206	0.0	0.0	6.728395061728395	18.64406779661017
27168	0.0	0.4329268292682927	0.0	2.773109243697479	0.0	0.0	2.008130081300813	1.4024390243902438	0.0	10.53072625698324	1.6962025316455696	0.0	0.0	0.38414634146341464	6.5	5.166666666666667	0.0	5.8028455284552845	0.0	19.166666666666668	0.0	0.0	0.5819935691318328	17.573264781491
27169	0.0	0.8911860718171926	0.0	2.068702290076336	0.0	0.0	1.5633187772925765	3.3160569105691056	0.0	10.710144927536232	0.823238566131026	0.0	0.0	0.0	5.3	9.287830687830688	0.0	6.07449494949495	0.6654929577464789	17.42873969375736	0.0	0.0	4.130151843817788	17.841394825646795
27170	0.0	1.128068303094984	0.0	4.027322404371585	0.0	0.0	4.838028169014085	1.6932447397563677	0.0	9.451530612244898	4.851642129105323	0.9706227967097533	0.0	0.2469879518072289	7.074074074074074	9.5	0.0	5.8052287581699344	1.9882075471698113	29.59188034188034	0.0	0.0	4.548532731376975	16.890167364016737
27171	0.14901960784313725	1.103921568627451	0.0	3.7779282329045363	0.0	0.0	1.9818435754189945	2.984543010752688	0.0	8.853637901861251	2.206288343558282	2.1633986928104574	0.0	0.0	4.824771287825475	10.848565710473649	0.0	5.774478330658106	2.120820668693009	23.52903739061257	0.0	0.0	5.040552995391705	17.691056910569106
27172	0.0	2.0034722222222223	0.0	10.347222222222221	0.0	0.0	4.909090909090909	7.524590163934426	0.0	22.063157894736843	6.588235294117647	1.8194444444444444	0.0	0.0	15.316981132075473	15.122222222222222	0.0	6.270833333333333	0.0	38.625	0.0	1.3680555555555556	5.517361111111111	29.757847533632287
27173	0.0	2.176056338028169	0.0	1.7652582159624413	0.0	0.0	0.7216828478964401	2.637837837837838	0.0	4.455399061032864	2.6043165467625897	0.0	0.0	0.5915492957746479	2.7859424920127798	2.042016806722689	0.0	2.4982578397212545	1.443661971830986	21.015267175572518	0.0	0.0	3.5487012987012987	12.955399061032864
27174	0.0	1.2628205128205128	0.7115384615384616	0.0	0.0	0.0	0.9551282051282052	1.6666666666666667	0.0	4.166666666666667	3.2884615384615383	0.8076923076923077	0.0	0.0	0.0	5.115384615384615	0.0	2.6474358974358974	0.0	7.889705882352941	0.0	0.0	0.0	8.89655172413793
27175	1.1037037037037036	0.0	0.0	3.445	0.0	0.0	0.0	1.9679012345679012	0.0	8.052830188679245	2.5286624203821657	0.0	0.0	0.0	2.077220077220077	10.609756097560975	0.0	1.9297752808988764	0.515625	14.90725806451613	0.0	0.0	2.93127147766323	12.94855305466238
27176	0.0	0.9572784810126582	0.0	2.233383685800604	0.0	0.0	0.9226519337016574	0.902706656912948	0.0	9.232078853046595	0.9614779874213837	0.8271844660194175	0.0	0.0	3.1436893203883494	7.871906841339156	0.0	4.268874172185431	0.0	20.9625748502994	0.0	0.0	4.79188255613126	16.5752688172043
27177	0.0	1.3333333333333333	0.5454545454545454	2.828877005347594	0.0	0.0	3.5399449035812673	1.3916666666666666	0.0	6.742937853107344	7.2299270072992705	1.9853658536585366	0.08585858585858586	0.0	5.607792207792208	12.63225806451613	0.0	2.838905775075988	0.0	22.59531772575251	0.0	0.0	2.494949494949495	16.685185185185187
27178	0.0	2.5733333333333333	0.0	0.8044444444444444	0.0	0.0	3.033333333333333	2.92326139088729	0.0	9.09274193548387	2.09480122324159	0.662269129287599	0.0	0.0	4.259507829977629	5.733990147783251	0.0	5.368421052631579	2.2377777777777776	10.806853582554517	0.0	0.0	1.3911111111111112	15.326704545454545
27179	0.0	0.0	0.0	0.0	0.0	0.0	0.0	0.013477088948787063	0.0	1.9473684210526316	0.0	0.0	0.0	0.0	0.0	3.616120218579235	0.0	0.0	0.0	1.814207650273224	0.0	0.0	1.0884808013355594	1.5352697095435686
27180	0.0	0.0	0.0	0.0	0.0	0.0	3.036231884057971	0.0	0.0	3.072463768115942	0.0	0.0	0.0	0.0	1.7681159420289856	4.37956204379562	0.0	1.3692307692307693	1.673913043478261	6.830645161290323	0.0	0.0	0.7608695652173914	8.714285714285714
27181	0.0	4.754901960784314	0.0	0.0	0.0	0.0	1.0392156862745099	3.2941176470588234	0.0	8.284313725490197	4.2254901960784315	0.0	0.0	0.8431372549019608	8.205882352941176	5.893939393939394	0.0	2.343137254901961	0.0	20.236842105263158	0.0	0.0	1.5490196078431373	11.493827160493828
27182	0.0	1.6852791878172588	1.9137055837563453	4.050125313283208	0.0	0.0	1.951983298538622	1.9524886877828054	0.0	10.994594594594595	4.097130242825607	1.380710659898477	0.0	0.0	4.304780876494024	15.156193895870736	0.0	4.922630560928433	0.0	22.20305676855895	0.0	0.0	6.912109375	16.650095602294456
27183	0.0	1.1158150851581508	0.0	1.724074074074074	0.0	0.0	1.5194594594594595	2.191765369430344	0.0	7.107121119902617	5.15501968503937	1.6906546726636682	0.30267639902676396	0.4068126520681265	4.668092909535452	8.555302166476626	0.0	5.002037697401936	2.0954568657478307	19.723147616312463	0.0	0.0	3.5715751667521807	14.322804801010738
27184	0.0	0.39728682170542634	0.0	0.0	0.0	0.0	2.358527131782946	1.503875968992248	0.0	14.87012987012987	4.106430155210643	0.0	0.0	0.5542635658914729	3.625968992248062	6.190476190476191	0.0	4.934065934065934	0.8701550387596899	12.948387096774194	0.0	0.6821705426356589	3.0543933054393304	14.23394495412844
27185	0.0	0.0	0.0	2.0297619047619047	0.0	0.0	1.6576086956521738	1.7407407407407407	0.0	11.251996450754215	4.78298800436205	1.0817901234567902	0.0	0.0	2.93812375249501	4.731550802139037	0.0	1.9439775910364145	1.8792822185970637	16.07108549471662	0.0	0.0	4.050092764378479	16.580305927342256
27186	0.0	0.0	0.0	3.650485436893204	0.0	0.0	1.990583804143126	0.8738229755178908	0.0	9.966903073286051	2.0037664783427496	0.0	0.0	0.0	3.105461393596987	10.955456570155903	0.0	1.7303370786516854	0.2730696798493409	19.09504132231405	0.0	0.0	3.073446327683616	20.037406483790523
27187	0.0	0.0	0.0	2.9519650655021836	0.0	0.0	1.1349765258215962	0.8021108179419525	0.0	7.544117647058823	2.211042944785276	0.964367816091954	0.0	0.0	2.10062893081761	6.200777202072539	0.0	2.8579387186629526	2.8656	20.724711907810498	0.0	0.0	2.8091954022988506	17.734666666666666
27188	0.0	1.2315270935960592	0.7294685990338164	2.577294685990338	0.0	0.0	1.391304347826087	1.041062801932367	0.0	4.270893371757925	5.134545454545455	0.014492753623188406	0.0	0.0	8.182051282051281	3.858131487889273	0.0	7.92330383480826	1.6183574879227054	17.539893617021278	0.0	0.45893719806763283	1.697749196141479	10.554597701149426
27189	0.0	1.649171270718232	0.0	2.459727385377943	0.0	0.0	1.670344827586207	0.3766546329723225	0.0	10.152046783625732	4.181818181818182	1.8532338308457712	0.0	0.0	5.257602862254025	9.15748031496063	0.0	4.260294117647059	1.3598074608904933	13.425696594427244	0.0	0.0	2.1344956413449565	17.146067415730336
27190	0.0	1.2800429184549356	0.0	3.879494655004859	0.0	0.0	2.927007299270073	1.2550200803212852	0.0	6.047830923248053	4.992452830188679	1.1385041551246537	0.0	0.0	4.193548387096774	9.653436592449177	0.0	5.9575253924284395	1.119047619047619	21.783203125	0.0	0.0	5.482917820867959	17.406603773584905
27191	0.0	1.7669836956521738	0.0	4.696171263894607	0.0	0.0	2.7195822454308094	1.7641172265904217	0.0	10.528876443822192	3.86282722513089	0.7333894028595458	0.0	0.0	7.623063683304647	7.391156462585034	0.0	7.418992248062016	0.7595734367426078	24.61842105263158	0.0	0.0	5.650759219088937	18.219427244582043
27192	0.0	1.5103697024346259	0.0	5.096610169491526	0.0	0.0	1.8842195540308748	0.8790100824931256	0.0	9.158677685950414	4.390990990990991	2.502206531332745	0.0	0.0	7.253308128544424	10.547029702970297	0.0	6.389455782312925	1.28	28.559966914805624	0.0	0.0	4.852132701421801	18.188659793814434
27193	0.0	1.681592039800995	0.0	2.0566801619433197	0.0	0.0	2.3407960199004973	1.9751243781094527	0.0	6.297169811320755	3.208835341365462	0.0	0.0	0.0	4.74438202247191	7.26912568306011	0.0	4.421216848673947	1.199004975124378	16.96	0.0	0.0	2.8010291595197256	22.72286079182631
27194	0.0	1.4476190476190476	0.0	2.4921259842519685	0.0	0.0	0.0	0.18333333333333332	0.0	13.306060606060607	1.35	0.0	0.0	0.0	1.0122699386503067	11.14864864864865	0.0	4.683333333333334	0.0	20.456756756756757	0.0	0.0	2.683333333333333	20.896174863387976
27195	3.4805825242718447	1.9579288025889967	0.941747572815534	3.328333333333333	0.0	0.0	3.604735883424408	1.9115191986644406	0.0	18.22977346278317	2.6731391585760518	0.6488673139158576	0.0	0.0	7.29126213592233	9.768339768339768	1.3624595469255663	7.203883495145631	1.9014989293361884	23.353281853281853	0.0	0.0	6.681735985533454	18.741197183098592
27196	0.0	3.2369791666666665	0.0	2.0778688524590163	0.0	0.0	2.2035398230088497	0.9270833333333334	0.0	17.75531914893617	9.237785016286646	1.171875	0.2604166666666667	0.0	9.24705882352941	13.279132791327914	0.0	3.700906344410876	0.0	28.88888888888889	0.0	0.0	8.946428571428571	28.345132743362832
27197	8.073126142595978	2.292149292149292	1.4375804375804375	5.9393939393939394	0.0	0.0	3.0733590733590734	3.0854037267080745	6.9209039548022595	12.221453287197232	6.712820512820513	1.3963963963963963	0.7078507078507078	0.0	8.111459968602826	12.05641748942172	7.21418826739427	9.212014134275618	5.789687924016282	24.05140186915888	0.0	0.05019305019305019	8.93222683264177	25.32944606413994
27198	0.0	0.0	0.0	1.4848484848484849	0.0	0.0	0.6060606060606061	0.0	0.0	2.8545454545454545	0.92	2.1333333333333333	0.0	0.0	1.1696969696969697	1.5727272727272728	0.0	0.48484848484848486	0.0	5.345454545454546	0.0	0.0	0.5333333333333333	6.9609375
27199	0.0	0.0	0.0	0.0	0.0	0.0	0.0	1.9972222222222222	0.0	14.473484848484848	1.5223880597014925	0.0	0.0	0.0	2.6104294478527605	10.940993788819876	0.0	4.335365853658536	0.0	20.575342465753426	0.0	0.9111111111111111	5.042296072507553	14.504098360655737
27200	0.0	1.2884160756501182	0.0	1.436532507739938	0.0	0.0	1.4830508474576272	0.0	0.0	4.22316384180791	5.151079136690647	1.4609929078014185	0.0	0.0	3.7853403141361257	9.48	0.0	3.607565011820331	1.6713947990543736	27.332247557003257	0.0	0.5981087470449172	3.57185628742515	15.377717391304348
27201	0.0	1.688073394495413	0.0	2.2169117647058822	0.0	0.0	4.66006600660066	1.966996699669967	0.0	6.458064516129032	6.703703703703703	1.9966996699669968	0.0	0.0	3.0871559633027523	10.850980392156863	0.0	4.549668874172186	1.99009900990099	17.256521739130434	0.0	0.0	3.750943396226415	14.295774647887324
27202	0.0	2.456603773584906	0.0	2.305019305019305	0.0	0.1455223880597015	1.4495021337126601	2.631259484066768	0.0	12.909090909090908	2.7731629392971247	0.0	0.0	0.0	4.507204610951009	5.477611940298507	0.0	3.940491591203105	3.2848258706467663	22.422459893048128	0.0	0.0	3.338064516129032	19.804177545691907
27203	0.0	1.9322344322344323	0.0	5.550098231827112	0.0	0.0	2.5953654188948305	2.0	0.0	9.689265536723164	1.9918864097363083	0.0	0.0	0.0	4.751082251082251	11.196363636363637	0.0	3.379679144385027	0.0	15.034862385321102	0.0	0.0	3.101593625498008	14.035320088300221
27204	0.0	1.136968085106383	0.0	5.721354166666667	0.0	0.0	2.064009661835749	1.1239766081871345	0.0	14.76923076923077	1.9295261239368164	0.9697802197802198	0.0	0.0	2.921694480102696	6.8208232445520585	0.0	4.254523522316044	0.0	11.862937062937062	0.0	0.0	2.847487001733102	17.88051209103841
27205	0.0	2.3875	0.9429175475687104	2.811279826464208	0.0	0.0	3.685774946921444	0.940149625935162	0.0	17.65204678362573	5.826291079812207	2.029166666666667	0.0	0.0	9.711538461538462	9.495260663507109	0.0	7.955602536997886	0.9696048632218845	22.437299035369776	0.0	0.0	6.1702702702702705	27.686746987951807
27206	0.0	1.7774480712166172	0.0	3.413757700205339	0.0	0.0	2.9927884615384617	2.2785467128027683	0.0	14.887295081967213	5.952288218111003	0.0	0.0	0.0	10.10541586073501	11.139032815198618	0.0	7.346534653465347	2.1832324978392394	28.434782608695652	0.07813798836242726	0.0	5.936960276338515	18.56983240223464
27207	0.0	2.0729232720355104	0.0	3.7089410272669627	0.0	0.0	2.1494057724957556	2.4262765347102695	0.0	8.569951338199514	5.677175283732661	1.499194847020934	0.0	0.0	5.891625615763547	6.960837272113437	0.0	5.673212882953653	1.8959571938168847	17.48049645390071	0.0	0.0	3.9952153110047846	10.724797219003475
27208	0.0	0.0	0.0	3.3402777777777777	0.0	0.0	0.0	5.649484536082475	0.0	2.3333333333333335	0.0	0.0	0.0	0.0	3.048611111111111	5.131944444444445	0.0	2.2777777777777777	0.0	7.713178294573644	0.0	0.0	0.0	10.472222222222221
27209	0.0	1.256916996047431	0.0	2.505730659025788	0.0	0.0	1.7416173570019724	1.865612648221344	0.3689064558629776	8.00920245398773	4.57492795389049	0.0	0.0	0.0	3.466947960618847	5.1378378378378375	0.0	1.2667814113597247	0.8368055555555556	20.076416337285902	0.0	0.0	4.5146627565982405	19.864615384615384
27210	0.0	0.7235142118863049	1.4589614740368508	3.050251256281407	0.0	0.0	1.3015075376884422	1.7504520795660037	0.0	8.958333333333334	4.659966499162479	0.8207705192629816	0.0	0.0	3.08008658008658	9.350083752093802	0.0	5.91131498470948	0.7253787878787878	16.61425576519916	0.0	0.0	3.909090909090909	11.84020618556701
27211	0.0	2.816425120772947	0.0	0.946236559139785	0.0	0.0	2.598997493734336	1.1538461538461537	0.0	8.195906432748538	3.63768115942029	0.0	0.0	0.40096618357487923	3.548476454293629	7.044226044226044	0.0	4.022408963585434	1.1280193236714975	10.231481481481481	0.0	0.0	1.9106280193236715	20.06038647342995
27212	0.0	2.2937062937062938	0.0	2.882998171846435	0.0	0.0	2.1221640488656197	2.68760907504363	0.0	5.195067264573991	3.76280834914611	0.9587155963302753	0.0	0.0	1.7859778597785978	7.4153577661431065	0.0	4.380761523046092	3.5155807365439093	20.238875878220142	1.0541012216404886	0.0	5.415559772296016	8.575963718820862
27213	0.0	0.0	0.0	1.8333333333333333	0.0	0.0	0.0	0.0	0.0	2.1893939393939394	6.492424242424242	0.0	0.0	0.0	0.0	5.45045045045045	0.0	4.825757575757576	2.8333333333333335	6.590909090909091	0.0	0.0	5.363636363636363	7.688
27214	0.0	0.83675799086758	0.0	3.036303630363036	0.0	0.0	2.3339622641509434	1.1253507951356407	0.0	9.063687150837989	5.86660777385159	0.0	0.0	0.0	7.612770339855818	9.939024390243903	0.0	5.018229166666667	2.31872852233677	20.586285714285715	0.0	0.0	5.538383838383838	13.118006103763987
27215	0.0	3.337028824833703	0.0	3.7566137566137567	0.0	0.0	1.2795698924731183	1.190990990990991	0.0	4.05685618729097	3.76036036036036	0.0	0.0	0.0	4.129787234042553	6.241050119331742	0.0	5.105371900826446	0.0	15.50242718446602	0.0	0.0	4.254065040650406	13.327319587628866
27216	0.0	0.0	0.0	3.0675990675990676	0.0	0.0	1.5524475524475525	0.0	0.0	7.618037135278515	3.1718213058419242	0.0	0.6993006993006993	0.0	0.7429467084639498	6.1891891891891895	0.0	6.853233830845771	1.2523584905660377	14.331002331002331	0.0	1.0	3.6958174904942966	15.501672240802675
27217	0.7484276729559748	1.4811320754716981	0.0	3.792079207920792	0.0	0.0	0.0	0.0	0.0	12.577889447236181	0.41568627450980394	0.0	0.0	0.0	2.2169811320754715	10.98443579766537	0.0	2.6320754716981134	0.8490566037735849	16.506493506493506	0.0	0.0	2.2327044025157234	17.308333333333334
27218	0.0	0.0	0.0	4.152	0.0	0.0	2.29375	4.6453900709219855	0.0	7.358156028368795	4.025210084033613	1.2765957446808511	0.0	0.0	2.379432624113475	14.180327868852459	0.0	3.0567375886524824	2.987704918032787	13.651982378854626	0.0	0.0	5.936	29.445344129554655
27219	0.0	1.051643192488263	0.0	1.1737089201877935	0.0	0.0	3.272300469483568	6.130081300813008	0.0	5.303664921465969	7.661971830985915	0.0	0.0	0.0	3.9107981220657275	9.774647887323944	0.0	3.0106951871657754	2.9859154929577465	14.469483568075118	0.0	0.0	5.935323383084577	14.968586387434556
27220	0.09578544061302682	0.0	1.0153256704980842	2.10727969348659	0.0	0.0	0.0	1.7816091954022988	0.0	6.854406130268199	1.2950191570881227	0.0	1.157088122605364	0.0	3.0191570881226055	7.076	0.0	6.885057471264368	2.0689655172413794	21.012820512820515	0.0	0.0	2.471264367816092	26.30275229357798
27221	0.0	0.7963963963963964	0.0	3.188715953307393	0.0	0.0	1.8949579831932772	0.0	0.0	10.778067885117494	2.041284403669725	0.0	0.0	0.0	2.599557522123894	10.63679245283019	0.0	3.984732824427481	0.0	19.263948497854077	0.0	0.4756756756756757	4.129675810473816	13.894505494505495
27222	0.0	1.570578231292517	0.0	1.6945701357466063	0.0	0.0	1.2108843537414966	2.1138698630136985	0.0	9.035752979414951	2.561181434599156	0.0	0.0	0.0	3.9224572004028198	11.894787644787645	0.0	5.329070758738278	0.0	9.591346153846153	0.0	0.0	1.5661252900232019	13.101190476190476
27223	0.0	0.9893742621015348	0.0	2.5919003115264796	0.0	0.0	0.8053221288515406	0.0	0.0	8.094164456233422	3.3484162895927603	1.7148362235067438	0.10789980732177264	0.0	5.589967284623773	5.842958459979736	0.0	3.8234567901234566	0.847255369928401	14.055066079295154	0.0	0.924892703862661	3.6362672322375396	15.838912133891213
27224	0.0	0.6789667896678967	0.8929889298892989	2.907068062827225	0.0	0.0	3.0558510638297873	1.6137761377613775	0.0	11.072487644151565	3.5673940949935816	0.0	0.0	0.0	2.906519065190652	7.6104651162790695	0.0	2.9008498583569406	1.1689750692520775	14.79080824088748	0.0	0.0	3.8056265984654734	17.358344113842172
27225	0.0	1.6128133704735377	0.0	1.6702898550724639	0.0	0.0	1.2939024390243903	0.0	0.0	6.629198966408269	3.9903181189488244	0.0	0.0	0.0	3.0811258278145695	10.318306010928962	0.0	3.8445839874411303	1.2765700483091786	17.636896046852122	0.0	0.535024154589372	5.458852867830424	19.11219512195122
27226	0.0	1.1730959446092977	0.0	2.7968299711815563	0.0	0.0	3.0569105691056913	1.5405117270788913	0.0	5.553299492385787	3.8976608187134505	0.8723849372384938	0.0	0.0	4.874583795782464	8.909188034188034	0.0	3.3253275109170306	0.0	16.462721893491125	0.0	0.0	2.526140155728587	11.792298716452741
27227	0.0	1.5555555555555556	0.0	0.0	0.0	0.0	3.764367816091954	1.3703703703703705	0.0	6.6	3.9206349206349205	4.201058201058201	0.0	0.0	4.608465608465608	7.035211267605634	0.0	0.3915343915343915	0.09523809523809523	6.576388888888889	0.0	0.0	0.0	16.341269841269842
27228	0.0	6.174496644295302	1.3647058823529412	4.01417004048583	0.0	0.0	3.8508771929824563	6.371638141809291	0.0	8.46742209631728	4.11578947368421	2.0220440881763526	0.0	0.0	11.112637362637363	16.3519313304721	0.0	13.69653767820774	3.6447963800904977	25.317171717171718	0.0	0.0	6.828125	25.447033898305083
27229	0.0	0.0	0.9375	0.9010416666666666	0.0	0.0	5.328125	0.0	0.0	5.795321637426901	1.0625	0.0	0.0	0.0	4.213541666666667	4.578125	0.0	0.8125	0.6302083333333334	16.91616766467066	0.0	0.78125	0.0	10.656084656084657
27230	0.0	1.0240641711229947	1.2777777777777777	3.335632183908046	0.0	0.0	0.6622222222222223	1.3488888888888888	0.0	13.206650831353919	2.5955555555555554	1.0444444444444445	0.0	0.0	4.199535962877031	8.945578231292517	0.0	7.623100303951368	2.9728395061728397	22.204301075268816	0.0	0.3377777777777778	3.7777777777777777	21.453488372093023
27231	0.0	0.0	0.0	0.7948717948717948	0.0	0.0	0.0	0.0	0.0	3.9958592132505175	2.2947154471544717	1.5731707317073171	0.0	0.0	3.6136986301369864	11.06341463414634	0.0	3.2311688311688314	2.7653061224489797	9.012820512820513	0.0	0.0	2.7113821138211383	11.0
27232	0.0	0.5821596244131455	0.0	1.8262910798122065	0.0	0.0	0.5610328638497653	0.0	0.0	2.077294685990338	5.110328638497653	0.9256198347107438	0.0	0.07511737089201878	2.9131455399061035	10.097859327217126	0.0	1.6502347417840375	0.24413145539906103	14.997518610421837	0.0	0.0	6.611386138613861	15.38562091503268
27233	0.0	0.0	0.0	3.1724137931034484	0.0	0.0	0.0	0.0	0.0	1.8958333333333333	0.0	0.0	0.0	0.0	2.7492354740061162	1.6095238095238096	0.0	1.8	0.0	9.204892966360855	0.0	0.0	0.0	1.1846153846153846
27234	0.0	2.543154761904762	0.0	5.888594164456234	0.0	0.0	2.715372907153729	1.853220696937698	0.0	7.0545229244114	2.1359918200409	0.0	0.0	0.696319018404908	5.285377358490566	10.126326963906582	0.0	9.128813559322033	2.8243831640058055	19.13679745493107	0.0	0.0	3.2642777155655094	11.970691676436108
27235	1.9542483660130718	0.0	0.0	5.607843137254902	0.0	0.0	3.1601307189542482	0.0	0.0	4.261410788381743	4.532871972318339	0.0	0.0	0.0	4.237623762376238	3.198237885462555	0.0	2.588932806324111	3.05761316872428	13.418060200668897	0.0	0.0	1.7352941176470589	11.57088122605364
27236	0.0	0.0	0.0	3.2612612612612613	0.0	0.0	2.0855855855855854	0.8918918918918919	0.0	7.906403940886699	4.33411214953271	0.7882882882882883	0.0	0.0	2.1977077363896846	6.106635071090047	0.0	6.837662337662338	0.0	10.893732970027248	0.0	0.6846846846846847	4.322884012539185	11.051801801801801
27237	0.0	2.2549019607843137	0.2564102564102564	2.7940074906367043	0.0	0.0	0.5339366515837104	1.7821011673151752	0.0	2.585218702865762	2.3936651583710407	0.9083044982698962	0.0	0.0	4.7588325652841785	11.281553398058252	0.0	6.478129713423831	0.0	10.510033444816054	0.0	0.0	4.7160714285714285	9.079482439926062
27238	0.0	1.948955916473318	0.0	2.4742063492063493	0.0	0.0	1.7123015873015872	1.1091269841269842	0.0	7.577167019027484	7.649779735682819	2.0714285714285716	0.0	0.0	6.014141414141414	5.0863874345549736	0.0	5.108829568788501	3.9250585480093676	13.958230958230958	0.0	0.0	2.9539007092198584	15.109725685785536
27239	0.0	0.0	1.0333333333333334	0.0	0.0	0.0	4.157575757575757	1.412121212121212	0.0	5.736	1.7242424242424241	2.206060606060606	0.0	0.0	5.011152416356877	3.824372759856631	0.0	2.382262996941896	0.15757575757575756	9.730088495575222	0.0	0.0	6.13030303030303	16.687732342007436
27240	0.0	5.442771084337349	0.0	5.16271186440678	0.0	0.0	1.2592592592592593	0.0	1.0	8.77023498694517	4.699275362318841	0.0	0.4049382716049383	0.0	3.5919540229885056	6.766381766381766	0.0	2.6987654320987655	1.7024221453287198	10.207282913165265	0.0	0.0	1.5941176470588236	7.5
27241	0.0	1.4559043348281016	0.0	2.9778225806451615	0.0	0.0	1.794921875	0.6734006734006734	0.0	6.505248425472359	3.8279835390946504	0.5729166666666666	0.0	0.0	4.305942773294204	8.73952779893374	0.0	3.625282167042889	1.0574963609898107	14.656752411575562	0.0	0.0	3.90625	15.03136136849608
27242	0.0	0.0	0.0	0.0	0.0	0.0	0.0	0.0	0.0	10.069767441860465	5.619047619047619	0.0	0.0	0.0	4.395348837209302	7.5260663507109005	0.0	8.63758389261745	2.3920454545454546	14.289017341040463	0.0	0.0	5.868217054263566	21.209606986899562
27243	0.0	2.4793926247288502	0.0	1.6939454424484364	0.0	0.0	1.6127409891031015	1.1736526946107784	0.0	11.274862960062647	4.169383416017009	0.6892880904856953	0.0	0.0	2.9458804523424877	9.441340782122905	0.0	4.068533529845247	0.9445266272189349	12.773006134969325	0.0	0.0	5.632569558101473	14.787548638132296
27244	0.0	2.073490813648294	1.0129870129870129	2.681159420289855	0.0	0.0	1.4834437086092715	1.1824146981627297	0.0	6.650190114068441	4.06415620641562	0.6246719160104987	0.0	0.0	2.741590214067278	6.680491551459293	0.0	1.8414839797639122	1.9855643044619422	11.405511811023622	0.0	0.0	4.91795665634675	18.958715596330276
27245	0.0	0.0	0.0	1.8211382113821137	0.0	0.0	1.2682926829268293	0.0	0.0	4.012195121951219	2.630081300813008	0.0	0.0	0.0	5.122905027932961	3.575	0.0	10.652849740932643	1.213991769547325	14.284883720930232	0.0	0.0	4.58130081300813	13.619246861924687
27246	0.0	2.731707317073171	0.0975609756097561	3.4168618266978923	0.0	0.0	1.7700205338809034	0.0	0.0	9.824858757062147	1.421487603305785	0.8010335917312662	0.0	0.0	6.243169398907104	5.796052631578948	0.0	3.434090909090909	0.8760162601626016	17.321138211382113	0.0	0.0	5.965591397849463	18.768637532133678
27247	0.0	2.9232673267326734	0.3053763440860215	1.0494117647058823	0.0	0.0	0.27956989247311825	1.2989247311827956	0.0	9.251131221719458	1.9887640449438202	0.556989247311828	0.0	0.0	4.00453514739229	9.802380952380952	0.0	3.1032258064516127	3.422169811320755	16.885558583106267	0.0	0.4258064516129032	5.436559139784946	21.74942528735632
27248	0.0	1.7068452380952381	0.9404761904761905	4.84	0.0	0.0	2.314814814814815	2.3223880597014928	0.0	7.738486842105263	2.5457317073170733	0.5550595238095238	0.1130952380952381	0.0	4.9010989010989015	10.218333333333334	0.0	2.799097065462754	0.0	18.009276437847866	0.0	0.0	3.4821731748726656	17.077490774907748
27249	0.0	1.9837962962962963	0.07407407407407407	2.731764705882353	0.0	0.0	5.625429553264605	0.0	0.0	5.5092592592592595	3.2724795640326976	0.0	0.0	0.0	3.6082474226804124	9.134426229508197	0.0	2.637770897832817	0.0	21.150462962962962	0.0	0.12037037037037036	1.9976851851851851	16.501510574018127
27250	0.0	1.6406926406926408	0.0	2.554112554112554	0.0	0.0	1.6536796536796536	0.0	0.0	3.6623376623376624	2.896103896103896	3.4545454545454546	0.0	0.0	4.58008658008658	10.372294372294371	0.0	2.2554112554112553	2.8008658008658007	13.281385281385282	0.0	0.0	5.056521739130435	16.353535353535353
27251	0.0	2.017699115044248	0.0	2.094395280235988	0.0	0.0	0.0	0.0	0.0	5.181184668989547	2.5259740259740258	2.8605341246290803	2.4572271386430677	0.0	2.466076696165192	3.193548387096774	0.0	7.528925619834711	0.8215767634854771	12.21875	0.0	0.0	7.017699115044247	11.332089552238806
27252	0.0	0.9299030574198359	0.0	0.9016272189349113	0.0	0.0	1.7751623376623376	1.7506963788300836	0.0	9.776184538653366	3.7504542701393095	0.8405296488198043	0.0	0.0	3.391188251001335	8.771037181996086	0.0	3.950864422202002	1.7075417386298215	19.604336043360433	0.0	0.5630397236614854	2.916439600363306	16.23714652956298
27253	0.0	0.0	0.0	2.6927710843373496	0.0	0.0	7.13855421686747	6.141791044776119	0.0	7.133333333333334	6.8125	0.0	0.0	0.0	3.6033519553072626	10.624113475177305	0.0	0.7407407407407407	1.5714285714285714	18.888059701492537	0.0	0.0	1.9947089947089947	17.074074074074073
27254	0.0	1.9941690962099126	0.4144144144144144	2.653884964682139	0.0	0.0	1.1837837837837837	1.0297297297297296	0.0	7.844095940959409	1.5762304921968788	1.7009009009009008	0.0	0.0	4.012732615083252	8.661290322580646	0.0	1.9207089552238805	1.4243951612903225	16.397233201581027	0.0	0.2756756756756757	3.8304093567251463	24.659871244635195
27255	0.0	1.4410774410774412	0.0	3.92	0.0	0.0	1.4484126984126984	2.0216450216450217	0.0	9.185873605947956	5.649558941459503	0.4880952380952381	0.0	0.6325396825396825	3.816521048451152	6.7428057553956835	0.0	4.781391147244806	3.125607779578606	16.363559322033897	0.0	0.0	3.6274149034038636	17.026264591439688
27256	0.0	0.6206896551724138	0.0	4.690851735015773	0.0	0.0	2.4559748427672954	0.867816091954023	0.0	10.033003300330034	6.021148036253776	0.617816091954023	0.0	0.0	3.967741935483871	10.675471698113208	0.0	8.887931034482758	1.278735632183908	19.28158844765343	0.0	0.0	5.008620689655173	15.587591240875913
27257	0.0	2.569060773480663	0.0	2.9326145552560647	0.0	0.0	0.0	0.0	0.0	9.616822429906541	7.841379310344828	0.0	0.0	0.0	4.28169014084507	4.823151125401929	0.0	6.021235521235521	2.0	16.374695863746958	0.0	0.0	5.910505836575876	10.142574257425743
27258	0.0	3.7953795379537953	0.0	2.6186868686868685	0.0	0.0	2.285416666666667	1.743142144638404	0.35	5.60625	2.9833333333333334	0.0	0.0	0.0	4.994219653179191	6.968085106382978	0.0	0.3770833333333333	0.8833333333333333	13.832898172323759	0.0	0.0	7.584527220630372	7.171052631578948
27259	0.0	1.7294117647058824	0.0	0.5411764705882353	0.0	0.0	2.603921568627451	2.168627450980392	0.0	4.579487179487179	3.0313725490196077	0.3843137254901961	0.5490196078431373	0.0	2.66079295154185	3.533333333333333	0.0	1.8235294117647058	3.100418410041841	7.541176470588235	0.0	0.0	1.184313725490196	4.753036437246964
27260	0.0	3.486792452830189	0.0	2.270018621973929	0.5623836126629422	0.0	4.333333333333333	1.505966587112172	0.0	14.432892249527411	5.944444444444445	1.62756052141527	0.0	0.0	4.395402298850574	17.128947368421052	0.0	11.76328502415459	3.2440944881889764	32.849162011173185	0.0	0.0	8.245810055865922	15.733668341708542
27261	0.0	1.5934272300469483	0.0	1.8579931972789117	0.0	0.0	2.243197278911565	0.9145220588235294	0.0	6.153381642512077	5.245856353591161	0.0	0.0	0.2568027210884354	2.565510597302505	6.128331688055281	0.0	4.308628318584071	0.0	17.782901056676273	0.0	0.0	1.92987012987013	9.878627968337732
27262	0.8632872503840245	1.9824868651488616	1.1797235023041475	4.3481624758220505	0.0	0.0	1.6374807987711213	0.8738574040219378	0.0	8.699825479930192	3.393241167434716	0.3210445468509985	0.0	0.0	3.313364055299539	9.438538205980066	0.0	8.128712871287128	1.251920122887865	16.236559139784948	0.42242703533026116	0.0	2.9551656920077973	19.264240506329113
27263	0.0	2.2420091324200913	0.0	0.0	0.0	0.0	2.91324200913242	2.7488584474885847	0.0	6.496688741721854	4.275	1.552511415525114	0.0	0.0	5.733644859813084	6.247619047619048	0.0	6.059360730593608	1.7671232876712328	16.2	0.0	0.0	3.842696629213483	18.018957345971565
27264	0.0	1.303941908713693	0.0	0.0	0.0	0.0	0.0	1.6375502008032128	0.0	8.54006968641115	0.9100591715976332	0.0	0.0	0.0	4.258103241296519	9.044520547945206	0.0	2.8579161028416777	4.195402298850575	16.04642409033877	0.0	0.0	5.231905465288035	10.310719131614654
27265	0.0	0.0	0.22038567493112948	4.775919732441472	0.0	0.0	1.1101928374655647	0.3746556473829201	0.0	5.117302052785924	1.8953168044077136	0.8319559228650137	0.0	0.0	0.0	7.922865013774104	0.0	1.5896226415094339	0.09090909090909091	8.8732782369146	0.0	0.0	2.2451790633608817	10.3
27266	0.0	0.0	0.0	3.0376344086021505	0.0	0.0	1.9689703808180536	1.962655601659751	0.0	8.404255319148936	4.860393603936039	0.0	0.0	0.0	5.468670076726343	9.199144777031155	0.0	6.638472032742156	1.6201153106982704	16.830842391304348	0.0	0.0	5.885887913571911	14.346516007532957
27267	0.0	1.3669467787114846	0.0	2.1624649859943976	0.0	0.0	5.311377245508982	1.173669467787115	0.0	7.6761904761904765	4.479768786127168	0.0	0.0	0.0	7.389355742296919	2.560224089635854	0.0	4.084033613445378	4.341736694677871	13.749174917491748	0.0	0.0	1.4453781512605042	14.184
27268	0.0	0.958984375	0.0	3.4527938342967244	0.0	0.0	1.6721915285451197	0.0	0.0	6.310344827586207	2.1049723756906076	0.0	0.0	0.0	1.0338983050847457	1.7712418300653594	0.0	3.9	0.0	6.82509505703422	0.0	0.17679558011049723	1.1012891344383058	0.3907103825136612
27269	0.0	0.0	0.2682682682682683	1.6697154471544715	0.0	0.0	0.6376811594202898	0.0	0.0	5.160535117056856	2.444862155388471	0.9823284823284824	0.0	0.0	2.162251655629139	5.549875311720698	0.0	4.969750889679715	0.0	16.966781214203895	0.0	0.0	2.4744744744744747	17.294811320754718
27270	0.0	1.5394736842105263	0.0	3.765498652291105	0.0	0.0	0.8351515151515152	3.339622641509434	0.0	6.541772151898734	4.905063291139241	0.0	0.0	0.0	3.1315436241610737	11.044957472660997	0.0	4.266836086404066	0.8241912798874824	15.264890282131661	0.0	0.34424242424242424	4.16036308623298	9.99367088607595
27271	0.0	0.4	0.0	1.3533333333333333	0.0	0.0	1.0	1.8945578231292517	0.0	7.1	6.836666666666667	0.6866666666666666	0.0	0.03666666666666667	3.0933333333333333	13.461538461538462	0.0	6.896103896103896	1.0733333333333333	16.55823293172691	0.0	0.0	5.62	13.144827586206896
27272	0.0	2.517156862745098	0.0	3.6004901960784315	0.0	0.0	0.0	2.299019607843137	0.0	9.6848635235732	0.0	1.7254901960784315	0.0	0.0	1.7406143344709897	9.746951219512194	0.0	6.649122807017544	2.985074626865672	25.38909090909091	0.0	0.0	2.817857142857143	9.227611940298507
27273	0.0	0.9639065817409767	0.0	1.1011560693641618	0.0	0.0	1.7791932059447984	2.0194805194805197	0.0	10.759465478841872	2.896103896103896	1.7729357798165137	0.0	0.0	2.697508896797153	11.64334085778781	0.0	3.6496815286624202	1.673036093418259	23.39856801909308	0.0	0.13800424628450106	4.637231503579952	14.535294117647059
27274	0.0	2.400291120815138	0.3236914600550964	1.143250688705234	0.0	0.0	1.8507718696397941	2.0730027548209367	0.0	9.721774193548388	1.5	0.0	0.0	0.0	1.5612788632326822	11.045368620037808	0.0	4.4958677685950414	2.014556040756914	15.264619883040936	0.0	0.0	2.0489038785834737	16.7310443490701
27275	0.0	2.972972972972973	1.662162162162162	1.2072072072072073	0.0	0.0	8.36734693877551	0.0	0.0	8.536036036036036	3.0720720720720722	0.9369369369369369	0.0	0.0	4.9952153110047846	10.5359477124183	0.0	4.135483870967742	0.0	14.21476510067114	0.0	0.0	4.441441441441442	20.243243243243242
27276	0.0	1.4185185185185185	0.13333333333333333	0.0	0.0	0.0	10.125	2.7474747474747474	0.0	7.877777777777778	2.168888888888889	0.0	0.0	0.0	2.7241379310344827	9.377952755905511	0.0	1.674074074074074	0.3148148148148148	14.034934497816593	0.0	0.0	0.8629629629629629	13.789473684210526
27277	0.0	1.0744047619047619	0.0	3.7466216216216215	0.0	0.0	0.21354166666666666	0.9255952380952381	0.0	4.636655948553055	3.6577380952380953	0.0	0.0	0.0	3.5833333333333335	8.214285714285714	0.0	5.005970149253732	0.25892857142857145	27.877777777777776	0.0	0.0	4.579470198675497	15.810714285714285
27278	0.0	0.6765799256505576	0.0	5.806267806267806	0.0	0.0	3.6735632183908047	2.305084745762712	0.367816091954023	5.987096774193549	2.989100817438692	1.0206896551724138	0.19080459770114944	0.0	3.754022988505747	7.181609195402299	0.0	6.719626168224299	0.0	11.356877323420074	0.0	0.6942528735632184	5.892976588628763	16.76865671641791
27279	0.0	0.9338235294117647	0.0	2.7745098039215685	0.0	0.0	2.2598039215686274	1.0733333333333333	0.0	6.007352941176471	5.100515463917525	0.0	0.0	0.0	1.8448275862068966	5.992268041237113	0.0	2.889273356401384	0.8946078431372549	16.298412698412697	0.0	0.0	2.8504901960784315	16.727011494252874
27280	0.0	0.3668061366806137	0.19804741980474197	3.5361702127659576	0.0	0.0	2.4435146443514646	0.0	0.0	8.014245014245015	7.290178571428571	0.0	0.0	0.0	3.311018131101813	13.733870967741936	0.0	7.333333333333333	1.1813110181311017	17.11715481171548	0.0	0.0	2.876160990712074	16.895770392749245
27281	0.0	1.7696969696969698	0.0	0.9479166666666666	0.22626262626262628	0.0	4.763636363636364	0.9575757575757575	0.0	8.338709677419354	3.703030303030303	0.0	0.0	0.0	1.6470588235294117	14.77366255144033	0.0	1.7037861915367483	0.8118279569892473	21.011764705882353	0.0	0.0	2.3371824480369514	18.49685534591195
27282	0.0	2.967741935483871	0.0	4.720430107526882	0.0	0.0	0.7849462365591398	0.0	0.0	9.076335877862595	13.310679611650485	0.0	0.0	2.5913978494623655	3.157303370786517	13.846938775510203	0.0	2.3	0.8655913978494624	14.704225352112676	0.0	0.0	0.0	13.677018633540373
27283	0.0	0.7667638483965015	0.8895184135977338	3.3053435114503817	0.0	0.0	0.0	0.0	0.0	15.190184049079754	1.7958115183246073	1.6588541666666667	0.0	0.0	1.6721311475409837	3.6759581881533103	0.0	3.918032786885246	1.5318066157760815	16.045454545454547	0.0	0.0	0.0	9.82857142857143
27284	0.0	1.7243243243243243	0.0	2.4433399602385686	0.0	0.0	0.8856548856548857	0.0	0.0	11.176470588235293	2.3524416135881103	1.9531531531531532	0.0	0.0	3.696629213483146	8.77534791252485	0.0	2.4661791590493602	2.0167714884696015	12.570388349514563	0.0	0.0	3.7386363636363638	13.934977578475337
27285	0.0	2.2258953168044076	0.0	2.3443526170798896	0.0	0.0	1.628099173553719	0.0	0.0	6.722063037249284	1.7878787878787878	0.0	0.0	0.0	2.1870503597122304	8.685950413223141	0.0	5.710743801652892	1.2644628099173554	18.825503355704697	0.0	0.0	8.066115702479339	19.82456140350877
27286	0.0	0.0	0.0	5.745704467353952	0.0	0.0	0.4827586206896552	0.0	0.0	5.971264367816092	2.5114942528735633	0.0	0.0	0.0	2.0977011494252875	8.7	0.0	4.811827956989247	3.2697095435684647	19.18103448275862	0.0	0.0	1.4971264367816093	16.806818181818183
27287	0.0	0.0	0.0	3.127312295973885	0.0	0.0	1.6013925152306354	0.9923591212989494	0.0	8.518518518518519	3.853922452660054	0.9982593559617058	0.0	0.0	3.805168986083499	9.911282545805207	0.0	7.805785123966942	1.3420365535248042	11.844155844155845	0.0	0.0	3.386046511627907	18.448195576251454
27288	0.0	1.2700803212851406	1.5120481927710843	3.3022088353413657	0.0	0.0	0.9919678714859438	1.5843373493975903	0.0	9.953964194373402	2.8522588522588523	0.0	0.0	0.0	6.111597374179431	7.43075117370892	0.0	5.238095238095238	4.007978723404255	17.445887445887447	0.0	0.5823293172690763	2.958835341365462	12.717948717948717
27289	0.0	0.0	0.0	2.5492753623188404	0.0	0.0	1.0392464678178963	0.8913043478260869	0.0	6.086776859504132	2.951219512195122	0.0	0.0	0.0	4.383561643835616	8.451242829827915	0.0	4.565789473684211	1.677115987460815	16.408360128617364	0.0	0.0	5.0941558441558445	11.36078431372549
27290	0.0	1.4574209245742094	0.0	3.0608272506082725	0.0	0.0	1.8	2.9367396593673964	0.0	9.020833333333334	3.863372093023256	0.0	0.0	0.0	3.926829268292683	7.28719723183391	0.0	4.370843989769821	0.0	15.436363636363636	0.0	0.0	0.0	9.073170731707316
27291	0.0	0.0	0.0	0.9696969696969697	0.0	0.0	4.212121212121212	0.0	0.0	0.7307692307692307	0.2727272727272727	1.6	0.0	0.0	1.4545454545454546	4.527272727272727	0.0	1.5493827160493827	0.7454545454545455	1.216	0.0	0.0	1.4848484848484849	3.5844155844155843
27292	0.0	2.7751937984496124	0.0	2.3645833333333335	0.0	0.0	2.0729166666666665	0.0	0.0	4.2517006802721085	0.0	0.0	0.0	0.0	5.104166666666667	4.0	0.0	0.0	3.0364583333333335	18.126582278481013	0.0	0.0	0.0	11.101910828025478
27293	0.0	0.7379454926624738	0.9862258953168044	1.1090146750524108	0.0	0.0	2.0065645514223194	1.1055408970976253	0.0	5.107049608355092	2.912240184757506	0.8756613756613757	0.0	0.0	6.021479713603819	9.969907407407407	0.0	4.2072538860103625	0.4570230607966457	13.703804347826088	0.0	0.0	2.8155136268343814	13.278846153846153
27294	0.0	0.0	0.0	1.679127725856698	0.0	0.0	2.3719806763285023	0.0	0.0	7.695652173913044	4.997389033942559	0.0	0.0	0.0	5.83641975308642	3.816425120772947	0.0	1.8820224719101124	3.622994652406417	13.24547803617571	0.0	0.0	3.5761194029850745	11.619289340101522
27295	0.0	0.0	0.09405940594059406	1.8778877887788779	0.0	0.0	1.4636963696369636	1.1080550098231827	0.0	9.4070796460177	4.711832061068702	0.0	0.0	0.35313531353135313	6.035087719298246	7.242268041237113	0.0	5.403305785123967	3.3286573146292584	12.578947368421053	0.1188118811881188	0.0	2.7513966480446927	12.783505154639176
27296	0.0	0.0	0.0	1.6954732510288066	0.0	0.0	1.168724279835391	0.102880658436214	0.0	4.335195530726257	4.185185185185185	0.8353909465020576	0.0	0.0	2.702439024390244	9.812765957446809	0.0	1.7448559670781894	0.8106995884773662	12.102325581395348	0.0	1.1563786008230452	0.0	13.302083333333334
27297	0.0	0.8333333333333334	0.0	4.404761904761905	0.0	0.0	0.0	0.0	0.0	3.979591836734694	4.888888888888889	0.0	0.0	0.0	5.714285714285714	7.814432989690721	0.0	5.158730158730159	2.888888888888889	13.104347826086956	0.8253968253968254	1.0793650793650793	1.0317460317460319	16.936507936507937
27298	0.0	0.0	0.0	0.0	0.0	0.0	2.264957264957265	2.4957264957264957	0.0	1.1495327102803738	2.572649572649573	1.0	0.0	0.0	2.9743589743589745	0.8888888888888888	0.0	1.5726495726495726	0.0	10.581196581196581	0.0	0.0	0.0	11.353846153846154
27299	0.0	0.0	0.0	2.7679738562091503	0.0	0.0	4.288079470198675	0.0	0.0	8.44979079497908	4.453307392996109	0.0	0.0	0.0	2.8218029350104823	6.204968944099379	0.0	4.151960784313726	1.3794266441821248	12.563545150501673	0.0	0.0	3.0017421602787455	13.961389961389962
27300	0.0	0.03259259259259259	0.0	4.1384297520661155	0.0	0.0	0.5011185682326622	1.1314285714285715	0.0	8.042483660130719	3.9725490196078432	0.0	0.0	0.0	1.7671957671957672	3.567514677103718	0.0	5.49811320754717	1.5466666666666666	18.074569789674953	0.0	0.0	2.977827050997783	19.028960817717206
27301	0.0	1.9080459770114941	0.0	1.7112299465240641	0.0	0.0	2.4036281179138324	0.0	0.0	6.494331065759638	3.623582766439909	3.126984126984127	0.0	1.2403628117913832	3.3197278911564627	9.843137254901961	0.0	1.773371104815864	0.0	19.621315192743765	0.0	0.0	3.7392290249433104	13.692874692874692
27302	0.0	1.937679769894535	0.0	3.075702075702076	0.5382513661202186	0.0	2.2971311475409837	1.5119047619047619	0.0	11.06338028169014	2.1423324150596876	0.0	0.0	0.0	6.146137787056367	5.871276595744681	0.0	1.7402135231316727	2.0391621129326047	15.189158016147635	0.0	0.0	3.551912568306011	13.079120879120879
27303	0.0	1.9227467811158798	0.0	2.732474964234621	0.0	0.0	2.2975679542203147	1.9899856938483549	0.0	6.589390962671906	2.4627329192546585	1.3361945636623749	0.0	0.0	2.334841628959276	11.26607142857143	0.0	5.121951219512195	1.6729857819905214	18.650943396226417	0.0	0.0	1.8049853372434017	16.1727078891258
27304	0.0	0.7548209366391184	0.0	0.0	0.0	0.0	0.0	1.9462809917355373	0.0	7.656023222060958	4.651017214397496	0.9752066115702479	0.0	0.0	2.628099173553719	6.785831960461285	0.0	1.8407407407407408	2.0550964187327825	17.750915750915752	0.0	0.0	6.620111731843576	7.362275449101796
27305	0.0	0.0	0.0	1.885304659498208	0.0	0.0	1.646953405017921	1.5	0.0	7.144465290806754	2.5864661654135337	0.6774193548387096	0.0	0.0	2.2490421455938696	6.22004357298475	0.0	3.783300198807157	1.1939736346516008	13.64516129032258	0.0	0.0	4.618279569892473	20.10828025477707
27306	0.0	0.0	0.8130081300813008	0.0	0.0	0.0	1.8008130081300813	0.8130081300813008	0.0	4.873913043478261	0.0	1.1666666666666667	0.0	0.4634146341463415	2.4065040650406506	5.104712041884817	0.0	0.0	0.5	6.839805825242719	0.0	0.0	6.033057851239669	11.448275862068966
27307	0.0	3.016181229773463	0.0	3.8943396226415095	0.0	0.0	0.0	0.0	0.0	11.792929292929292	7.19344262295082	2.0875912408759123	0.0	0.0	6.730538922155689	15.242819843342037	0.0	8.486486486486486	6.703812316715543	29.706586826347305	0.0	0.0	9.92430278884462	32.675
27308	0.0	1.523590333716916	0.6676470588235294	6.492434662998624	0.0	0.0	3.485278080697928	5.044303797468355	0.0	15.033821871476889	8.341614906832298	1.8701161562829989	0.0	0.0	10.407445708376422	14.741104294478527	0.0	5.330788804071247	2.743956043956044	28.00774336283186	0.0	0.6372549019607843	7.957731958762887	20.511378848728246
27309	0.0	2.496732026143791	0.0	2.0074626865671643	0.0	0.0	0.0	3.25	0.0	4.533018867924528	2.8333333333333335	0.0	0.0	0.0	0.0	4.333333333333333	0.0	1.6797385620915033	0.0	12.10188679245283	0.0	0.0	2.213815789473684	12.908496732026144
27310	0.0	2.2222222222222223	0.9082687338501292	1.9120715350223547	0.0	0.0	2.397932816537468	1.162460567823344	0.0	2.6877523553162854	2.062015503875969	0.0	0.0	0.0	3.29328165374677	5.326979472140763	0.0	3.0052219321148823	1.0968992248062015	12.718978102189782	0.0	0.0	2.883480825958702	15.09451219512195
27311	0.0	2.0335195530726256	0.5441176470588235	0.5793450881612091	0.0	0.0	0.9630434782608696	0.0	0.0	5.022332506203474	2.809941520467836	0.0	0.0	0.0	5.010126582278481	7.7434679334916865	0.0	5.5418994413407825	0.0	16.331807780320368	0.0	0.0	2.8733850129198966	3.1059431524547803
27312	0.0	2.2949852507374633	2.359882005899705	2.752	0.0	0.0	0.8908554572271387	4.3886925795053005	1.0147492625368733	12.698473282442748	8.198581560283689	2.365781710914454	0.0	0.0	9.186440677966102	17.31055900621118	0.0	4.967551622418879	2.694533762057878	16.096069868995635	0.0	0.0	6.379182156133829	11.931451612903226
27313	0.0	2.2522522522522523	0.0	1.89010989010989	0.0	0.0	0.0	0.0	0.6306306306306306	12.770833333333334	1.9189189189189189	0.0	0.0	0.0	2.855855855855856	5.423423423423423	0.0	4.155172413793103	0.8288288288288288	17.38532110091743	0.0	0.0	5.421052631578948	8.82882882882883
27314	0.0	0.668997668997669	0.3146853146853147	1.5403225806451613	0.0	0.0	2.5869565217391304	1.9285714285714286	0.0	8.82983682983683	1.7383177570093458	1.9953379953379953	0.0	0.0	5.058375634517766	5.1364902506963785	0.0	8.788511749347258	0.0	19.065040650406505	0.1351981351981352	0.0	6.0	14.202797202797203
27315	0.0	0.0	0.0	4.52683615819209	0.0	0.0	1.7159090909090908	1.573373676248109	0.0	6.043327556325823	3.711864406779661	0.0	0.4025423728813559	0.0	2.0049586776859503	5.32046332046332	0.0	2.2360060514372164	1.0141242937853108	8.13296903460838	0.0	0.0	3.9119878603945373	7.91145038167939
27316	0.0	5.84393063583815	0.0	1.5870646766169154	0.0	0.0	0.0	3.4904761904761905	0.0	2.861904761904762	5.578947368421052	0.9904761904761905	2.1523809523809523	0.0	4.347619047619047	6.2349726775956285	0.0	8.58235294117647	0.0	23.28994082840237	0.0	0.0	3.9128205128205127	11.871165644171779
27317	0.0	1.8525641025641026	0.0	2.036412078152753	0.0	0.0	1.7336601307189543	1.5850515463917525	0.0	10.292105263157895	3.4067656765676566	0.26004728132387706	0.0	0.0	3.5153374233128836	5.510474090407938	0.0	4.443298969072165	0.7951142631993696	16.820919175911254	0.0	0.0	4.148148148148148	19.97642792384406
27318	0.0	1.2708333333333333	0.0	1.0	0.0	0.0	0.0	3.1875	0.0	4.72463768115942	0.0	0.5	0.0	0.0	3.0	7.0	0.0	3.36	0.90625	16.958333333333332	0.0	0.0	2.8541666666666665	17.44047619047619
27319	0.0	2.4208333333333334	0.5833333333333334	0.5833333333333334	0.0	0.0	1.7291666666666667	2.591666666666667	0.0	5.759656652360515	0.0	0.0	0.0	0.0	4.7006369426751595	6.267942583732057	0.0	2.8833333333333333	0.44583333333333336	15.306451612903226	0.0	0.0	5.209580838323354	23.523809523809526
27320	0.0	0.2520775623268698	0.0	2.4790419161676644	0.0	0.0	1.114814814814815	0.0	0.0	3.9360341151385927	1.1166666666666667	0.9534883720930233	0.23703703703703705	0.0	5.5785536159601	4.178217821782178	0.0	1.1829025844930416	2.975925925925926	6.6005509641873275	0.0	0.0	2.3185185185185184	10.473958333333334
27321	0.0	2.114186851211073	0.0	1.529051987767584	0.2701325178389399	0.0	0.9016203703703703	0.6982670744138634	0.0	6.820754716981132	1.7757390417940877	0.0	0.0	0.0	4.054279749478079	6.355704697986577	0.0	2.775631500742942	1.792	12.899321266968325	0.2762487257900102	0.0	4.012779552715655	10.656666666666666
27322	0.0	0.0	1.2294022617124394	1.896764252696456	0.0	0.0	1.0087412587412588	1.4779179810725551	0.0	5.276666666666666	0.6770642201834862	0.0	0.0	0.0	3.4027210884353742	4.056798623063683	0.0	3.1253521126760564	1.7938931297709924	15.4421768707483	0.0	0.0	4.622448979591836	6.773504273504273
27323	0.0	1.4596491228070176	0.8350877192982457	5.088888888888889	0.0	0.0	2.6982456140350877	2.4280701754385965	0.0	4.944444444444445	1.3754385964912281	0.0	0.0	0.0	1.6982456140350877	5.5234657039711195	0.0	3.588744588744589	0.0	23.357400722021662	0.0	0.0	4.317204301075269	11.886255924170616
27324	0.0	1.2203947368421053	0.0	2.1021021021021022	0.0	0.0	1.7318840579710144	1.3003003003003002	0.0	11.232558139534884	2.051051051051051	0.9039039039039038	0.0	0.0	1.957957957957958	5.183453237410072	0.0	3.5991735537190084	1.867867867867868	3.7013422818791946	0.13813813813813813	0.0	2.6594427244582044	17.104895104895103
27325	1.7933333333333332	8.510440835266822	0.0	3.380952380952381	0.0	0.0	4.476190476190476	1.4502923976608186	0.0	6.787951807228915	2.111111111111111	1.5822222222222222	0.0	0.3422222222222222	2.8595238095238096	13.14090909090909	0.0	2.5873015873015874	2.2377777777777776	21.525316455696203	0.0	0.0	5.595505617977528	10.002617801047121
27326	0.23472222222222222	1.8784722222222223	0.0	1.7824232081911262	0.0	0.0	0.8796992481203008	1.9358132749817651	0.0	9.026512013256006	3.2025751072961373	0.7533512064343163	0.0	0.0	5.289865871833085	11.750447227191414	0.0	4.6986940298507465	2.371841155234657	23.517623363544814	0.0	0.0	3.807142857142857	12.791217895608948
27327	0.0	2.0073260073260073	0.0	5.869955156950673	0.29304029304029305	0.0	1.1941391941391941	2.3956043956043955	0.0	13.148837209302325	2.578754578754579	3.4846625766871164	0.0	0.0	3.9098360655737703	9.320930232558139	0.0	5.608058608058608	1.1758241758241759	29.795454545454547	0.0	0.0	5.878787878787879	18.240437158469945
27328	0.0	2.211635750421585	0.0	2.365539452495974	0.0	0.0	1.676126878130217	2.962781586679726	0.0	9.473784556720686	2.60093896713615	0.6537785588752196	0.0	0.0	3.7866549604916595	8.88272921108742	0.0	1.8154815481548154	0.0	19.882914137033826	0.0	0.0	5.278434940855323	14.983501374885426
27329	0.0	1.8241469816272966	0.0	4.146981627296588	0.0	0.0	2.8028169014084505	0.6219081272084805	0.0	5.929936305732484	4.832432432432433	1.6377952755905512	0.0	0.0	3.57742782152231	9.154362416107382	0.0	3.7534246575342465	2.664041994750656	20.003012048192772	0.0	0.0	2.031496062992126	7.583577712609971
27330	0.0	1.9123398516520567	0.0	2.007361963190184	0.0	0.0	0.757090909090909	0.9267421083978559	0.0	7.964824120603015	3.4845661036691906	0.0	0.0	0.0	2.96345116836429	6.928434504792333	0.0	4.878306878306878	2.104847801578354	20.05287623474724	0.0	0.0	4.960721184803606	12.98157894736842
27331	0.7672955974842768	2.342767295597484	0.0	2.00314465408805	0.0	0.0	1.3962264150943395	2.527508090614887	0.0	20.59259259259259	6.803088803088803	1.4025157232704402	0.0	0.0	6.401929260450161	11.965034965034965	0.0	16.54421768707483	5.273584905660377	31.71212121212121	0.0	0.0	6.871069182389937	24.954716981132076
27332	0.0	3.842406876790831	0.0	6.800995024875622	0.0	0.0	0.5199004975124378	3.1380281690140843	0.0	6.962025316455696	3.9513513513513514	0.0	0.0	0.0	2.7220543806646527	5.697368421052632	0.0	11.280575539568344	0.39552238805970147	14.616915422885572	0.0	0.0	5.619402985074627	22.114503816793892
27333	0.0	0.0	0.0	0.0	0.0	0.0	0.0	0.0	0.0	4.722567287784679	0.0	0.0	0.0	0.0	2.268292682926829	5.303529411764706	0.0	0.875	0.0	12.996478873239436	0.0	0.0	0.0	0.0
27334	0.0	1.5289855072463767	1.4782608695652173	3.920289855072464	0.0	0.0	0.0	1.3667883211678833	0.0	9.408247422680413	3.9115384615384614	0.0	0.0	0.0	3.739130434782609	8.292803970223325	0.0	3.004040404040404	1.1829710144927537	11.08768267223382	0.0	0.2826086956521739	6.032692307692308	11.03763440860215
27335	0.0	2.1305220883534135	0.0	2.5147392290249435	0.0	0.0	1.4357429718875503	2.040160642570281	0.0	5.616621983914209	2.8568548387096775	0.9257028112449799	0.0	0.0	4.1655629139072845	10.578680203045685	0.0	4.62227602905569	1.3038229376257546	13.091880341880342	0.7188755020080321	0.0	7.248633879781421	22.151219512195123
27336	0.0	1.6729559748427674	1.7106918238993711	1.0566037735849056	0.0	0.0	1.1446540880503144	2.5786163522012577	0.0	3.691823899371069	7.622641509433962	1.4150943396226414	0.0	0.0	8.717391304347826	9.171875	0.0	6.523809523809524	1.3584905660377358	15.862068965517242	0.0	0.0	12.23404255319149	11.187096774193549
27337	0.0	0.0	0.0	1.8755555555555556	0.0	0.0	0.0	1.4933333333333334	0.0	6.0311111111111115	1.511111111111111	2.111111111111111	0.0	0.0	3.9244186046511627	6.298136645962733	0.0	2.417777777777778	0.37333333333333335	21.25862068965517	0.0	0.0	7.012195121951219	12.848888888888888
27338	0.0	3.0385964912280703	1.9859649122807017	0.5578947368421052	0.0	0.0	0.543859649122807	0.0	0.0	13.251101321585903	3.8701754385964913	1.6035087719298247	0.0	0.0	6.383620689655173	9.228070175438596	0.0	3.7017543859649122	2.7473684210526317	11.08230452674897	0.0	0.0	6.782287822878229	7.217543859649123
27339	0.0	0.6880733944954128	0.0	6.912162162162162	0.0	0.0	3.036363636363636	4.269938650306749	0.0	12.267543859649123	7.1433333333333335	4.256756756756757	0.0	0.6066666666666667	6.673306772908367	4.456	0.0	9.577075098814229	1.7233333333333334	32.433035714285715	1.9	1.0066666666666666	7.77027027027027	26.216666666666665
27340	0.0	0.8284518828451883	0.0	3.657817109144543	0.0	0.8908554572271387	1.2713864306784661	1.40117994100295	0.0	7.666666666666667	2.9174041297935105	1.0442477876106195	0.0	0.0	6.471698113207547	11.334426229508196	0.0	13.596551724137932	3.0122699386503067	17.811209439528024	0.0	0.0	10.276119402985074	17.99651567944251
27341	0.0	2.2327044025157234	0.0	4.314465408805032	0.0	0.0	3.2857142857142856	0.0	0.0	11.20979020979021	7.386792452830188	0.0	0.0	0.0	5.962264150943396	5.408805031446541	0.0	0.8490566037735849	0.0	10.462264150943396	0.0	0.0	4.377358490566038	19.46099290780142
27342	0.0	0.0	0.0	3.967741935483871	0.0	0.0	0.0	0.0	0.0	5.855626326963907	3.0945558739255015	0.0	0.0	0.0	2.4838709677419355	6.440993788819876	0.0	3.7299771167048057	0.9710144927536232	5.04710920770878	0.0	0.0	1.1602870813397128	8.53416149068323
27343	0.0	2.156862745098039	0.0	0.0	0.0	0.0	0.0	0.0	0.0	6.494897959183674	0.0	3.2450980392156863	0.0	0.0	3.6911764705882355	9.965686274509803	0.0	4.813725490196078	3.8137254901960786	7.4068627450980395	0.0	0.0	1.9019607843137254	14.970588235294118
27344	0.0	2.9074074074074074	0.0	1.7956989247311828	0.0	0.0	0.053763440860215055	3.306451612903226	0.0	5.540816326530612	5.170731707317073	1.39247311827957	0.0	0.0	4.5	3.8865248226950353	0.0	6.3517241379310345	4.023255813953488	10.940860215053764	0.0	0.0	2.252688172043011	13.535911602209945
27345	0.0	0.0	0.0	6.883838383838384	0.0	0.0	0.515828677839851	1.0334928229665072	0.0	5.763500931098696	3.243498817966903	1.7877094972067038	0.0	0.0	5.098696461824954	8.809145129224651	0.0	5.027586206896552	1.0724346076458753	17.238227146814406	0.0	0.0	3.92814371257485	14.966244725738397
27346	0.0	0.935672514619883	0.0	1.80622009569378	0.0	0.0	1.3808392715756137	0.9143389199255121	0.0	10.241674595623216	5.707607699358387	0.665083135391924	0.12193190815518606	0.0	3.826244343891403	7.63531669865643	0.0	4.801369863013699	2.354732510288066	23.878116343490305	0.0	0.0	2.839811542991755	15.807240704500979
27347	0.0	0.0	0.0	4.634517766497462	0.0	0.0	2.2055137844611528	1.5288220551378446	0.0	5.531486146095718	1.2832080200501252	0.0	0.0	0.0	2.284122562674095	11.428571428571429	0.0	3.3709273182957395	0.6894409937888198	19.8328611898017	0.0	0.0	0.0	14.942748091603054
27348	0.0	0.0	0.0	2.2099358974358974	0.0	0.0	0.8488745980707395	2.4941176470588236	0.0	6.891373801916933	3.8111658456486044	0.5788690476190477	0.0	0.0	4.482935153583618	12.084905660377359	0.0	7.201309328968904	0.47172619047619047	21.575438596491228	0.0	0.5109983079526227	4.800599700149925	20.425493716337524
27349	0.0	0.8714897667777249	0.0	2.286923402454507	0.0	0.0	1.773514272344408	1.5032493907392364	0.0	8.52617914322804	3.974487662066081	1.008254716981132	0.0	0.1430817610062893	3.736168455821635	7.079439252336448	0.0	3.6972049689440993	0.7042750110180697	10.65634280865507	0.0	0.0	3.8150623885918002	11.572164948453608
27350	0.0	1.7357723577235773	0.0	2.834492350486787	0.0	0.0	2.0026525198938994	1.7677345537757436	0.0	7.859174964438123	4.944444444444445	0.6880081300813008	0.0	0.8201219512195121	5.634751773049645	7.331460674157303	0.0	3.0330237358101133	0.9227642276422764	16.660738714090286	0.0	0.0	3.237472766884532	7.9976580796252925
27351	0.0	1.017913593256059	1.1175889328063242	1.7225274725274726	0.0	0.0	2.42032967032967	0.8983516483516484	0.0	8.739174219536757	3.3807982740021574	0.7917133258678611	0.08424908424908426	0.0	3.760220994475138	8.960893854748603	0.0	2.740740740740741	1.8930936613055818	17.142329020332717	0.0	0.0	3.2545638945233266	13.801488833746898
27352	0.0	4.757575757575758	3.1515151515151514	2.1728395061728394	0.0	0.0	1.7736625514403292	0.0	0.0	10.262032085561497	6.450592885375494	0.0	0.0	0.0	6.196969696969697	8.137755102040817	0.0	1.020100502512563	0.5606060606060606	17.442477876106196	0.0	0.0	4.5606060606060606	16.90810810810811
27353	0.0	2.1417624521072796	0.0	2.987551867219917	0.0	0.0	2.1417624521072796	1.3984674329501916	0.0	7.015325670498084	5.974789915966387	0.0	0.0	0.0	6.377049180327869	11.76061776061776	0.0	9.245210727969349	1.1647509578544062	17.854054054054053	0.0	0.0	7.796934865900383	11.884169884169884
27354	0.07916666666666666	2.038216560509554	0.475	5.929319371727749	0.0	0.0	3.8270833333333334	4.184343434343434	0.0	20.94392523364486	2.159468438538206	0.0	0.0	0.0	5.337078651685394	9.75916230366492	0.0	5.587078651685394	3.778538812785388	25.66768292682927	0.0	0.0	5.76036866359447	25.576923076923077
27355	0.0	0.0	0.0	2.056603773584906	0.0	0.0	0.0	0.2893081761006289	0.0	0.6289308176100629	0.0	0.0	0.0	0.0	2.993710691823899	8.528301886792454	0.0	0.0	0.0	3.509433962264151	0.0	0.0	0.4779874213836478	3.4339622641509435
27356	0.8591549295774648	0.0	0.0	0.0	0.0	0.0	0.0	2.84037558685446	0.0	11.985645933014354	2.4129353233830844	0.0	0.0	0.0	7.541935483870968	7.98051948051948	0.0	5.067796610169491	1.2018779342723005	11.892018779342724	0.0	0.0	6.172043010752688	11.248
27357	0.0	1.9705882352941178	0.0	4.8062770562770565	0.0	0.0	2.508578431372549	1.898950131233596	0.0	10.080645161290322	4.729665071770335	1.7863436123348018	0.0	0.0	5.661179698216735	11.725437415881562	0.0	4.781995661605206	1.7082847141190198	15.215780998389693	0.0	0.0	3.3230088495575223	18.634437086092714
27358	0.0	0.0	0.0	2.9651162790697674	0.0	1.3544973544973544	1.1904761904761905	1.492063492063492	0.0	6.162650602409639	3.648936170212766	2.1726190476190474	0.0	0.0	2.8994708994708995	3.8306878306878307	0.0	6.171122994652406	2.0375	9.804195804195805	0.0	0.0	4.216931216931217	13.835978835978835
27359	0.0	0.0	0.0	2.1567065073041167	0.0	0.0	1.110091743119266	0.9777777777777777	0.0	5.390070921985815	2.857142857142857	0.776608187134503	0.0	0.0	5.584795321637427	4.324037184594953	0.0	4.56734693877551	0.8508014796547472	8.945652173913043	0.0	0.0	2.606779661016949	8.221140472878998
27360	0.0	1.2395061728395063	0.0	1.2864197530864196	0.3037037037037037	0.0	3.0560224089635852	0.5419847328244275	0.0	4.933333333333334	2.7889447236180906	0.7248908296943232	0.11234567901234568	0.0	1.2960812772133528	7.526244952893674	0.0	5.019525801952581	0.828395061728395	12.90895295902883	0.0	0.0	3.6274238227146816	10.542635658914728
27361	0.0	0.8150572831423896	0.0	6.464169381107492	0.0	0.0	0.0	2.432471264367816	0.0	9.37459807073955	5.175471698113207	0.0	0.0	0.0	5.618618618618618	12.719941348973608	0.0	2.066225165562914	1.323051948051948	16.888333333333332	0.0	0.0	1.7868852459016393	23.503649635036496
27362	0.0	0.9301801801801802	0.0	4.518386714116252	0.0	0.0	2.1185372005044134	0.0	0.0	7.4206471494607085	4.06831566548881	0.0	0.0	0.0	3.9610538373424973	9.84144645340751	0.0	3.7064846416382253	1.3973941368078175	18.85939393939394	0.0	0.5211726384364821	5.902688860435339	24.02784222737819
27363	0.0	0.2693798449612403	1.1567010309278352	2.913429522752497	0.0	0.0	4.774428274428274	1.7073170731707317	0.0	6.89060773480663	5.251040221914009	1.2897286821705427	0.1298449612403101	0.0	2.835616438356164	4.574593796159528	0.0	2.703319502074689	1.0974178403755868	18.063616071428573	0.0	0.0	4.062630480167015	12.683738796414852
27364	0.7729468599033816	0.11594202898550725	0.0	6.521739130434782	0.0	0.0	2.097297297297297	2.3091787439613527	0.0	4.596590909090909	2.449275362318841	1.3186274509803921	0.0	0.0	5.903381642512077	8.869565217391305	0.0	2.8743961352657004	1.619047619047619	18.770833333333332	0.0	0.0	3.7681159420289854	14.61111111111111
27365	0.0	1.7080745341614907	0.0	2.739130434782609	0.0	0.0	2.663129973474801	1.0542986425339367	0.0	13.872282608695652	5.481375358166189	0.8944099378881988	0.0	0.0	9.60126582278481	7.872093023255814	0.0	2.8439153439153437	1.1325648414985592	13.898666666666667	0.0	0.0	1.87	22.645631067961165
27366	0.0	0.0	0.0	3.507042253521127	0.0	0.0	1.2629107981220657	6.205882352941177	0.0	5.30188679245283	9.102564102564102	0.056338028169014086	0.0	0.0	2.131455399061033	9.629411764705882	0.0	5.729468599033816	2.427230046948357	24.347619047619048	0.0	0.0	7.239234449760765	16.331360946745562
27367	0.0	1.8615107913669064	0.0	1.8160919540229885	0.0	0.0	0.9222222222222223	1.7937806873977087	0.0	7.021782178217822	5.31496062992126	2.1301482701812193	0.0	0.0	5.340836012861736	8.13221601489758	0.0	4.854640980735551	1.3578336557059962	17.055350553505534	0.0	0.0	2.4812925170068025	17.365957446808512
27368	0.0	1.148005148005148	0.9626769626769627	3.213406292749658	0.0	0.0	2.6203346203346203	3.8861671469740635	0.0	8.686666666666667	1.3603896103896105	2.2033462033462032	0.0	0.0	2.5538461538461537	8.15551839464883	0.0	5.178893178893179	2.7481146304675717	17.64500792393027	0.0	0.0	5.2875	17.401544401544403
27369	0.0	0.8358381502890173	0.9609644087256027	4.998768472906404	0.0	0.0	1.919436052366566	0.9867256637168141	0.0	10.364109232769831	2.921375921375921	1.495005549389567	0.0	0.0	5.861988304093567	8.740467404674046	0.0	4.115135834411384	2.483383685800604	21.805555555555557	0.0	0.22860020140986909	3.561849710982659	8.446308724832214
27370	0.0	0.8469750889679716	0.0	3.8421052631578947	0.0	0.0	2.124384236453202	2.084791386271871	0.0	9.355527638190955	2.72911051212938	1.1269276393831553	0.0	0.0	3.4875	6.742146596858639	0.0	5.9914320685434515	0.9466192170818505	13.418103448275861	0.0	0.0	4.482804232804233	14.657534246575343
27371	0.0	1.7962962962962963	0.0	2.6801210898082743	0.0	0.0	1.4075117370892019	1.5422459893048128	0.0	9.19873417721519	3.7812128418549347	0.0	0.19061032863849764	0.0	4.56047197640118	8.206997084548105	0.0	8.926711668273867	1.5739710789766408	21.831967213114755	0.0	0.14084507042253522	3.5886255924170616	12.658119658119658
27372	0.0	3.265552460538533	0.4883936861652739	1.3886792452830188	0.0	0.0	1.9452054794520548	1.7199230028873917	0.0	7.6081708449396475	4.640295358649789	0.0	0.0	0.0	5.685499058380414	10.595291479820627	0.0	1.9195250659630607	0.9401408450704225	13.172946859903382	0.0	0.8272980501392758	3.460696517412935	14.849947534102833
27373	1.3827956989247312	3.015105740181269	0.0	1.6494623655913978	0.0	0.0	1.7010752688172044	3.529680365296804	0.0	3.923076923076923	4.701793721973094	0.0	0.0	0.0	2.766016713091922	12.034246575342467	0.0	0.46021505376344085	2.520430107526882	15.661691542288557	0.24946236559139784	0.0	5.782716049382716	18.961206896551722
27374	0.0	1.8983644859813085	0.0	3.3617021276595747	0.0	0.0	2.0	0.8970588235294118	0.0	7.630864197530864	4.686746987951807	0.8115942028985508	0.7558528428093646	0.0	4.328042328042328	9.906204906204906	0.0	4.3861834654586636	0.0	23.431506849315067	0.3857302118171683	0.0	5.2228654124457305	17.361268403171007
27375	0.0	1.471875	0.0	4.5048076923076925	0.0	0.07122507122507123	1.5372340425531914	2.329971181556196	0.0	7.717138103161398	2.9736346516007535	0.0	0.0	0.0	6.426307448494454	9.323283082077053	0.19658119658119658	6.9921383647798745	1.1870047543581617	21.955479452054796	0.10826210826210826	0.0	5.719936708860759	16.468842729970326
27376	0.0	0.9442379182156134	0.10476190476190476	4.117788461538462	0.0	0.0	0.0	0.0	0.0	2.458167330677291	5.191542288557214	0.3	0.0	0.0	6.77810650887574	7.132132132132132	0.0	7.57703081232493	1.7380952380952381	19.845569620253166	0.0	0.0	2.7766749379652604	12.49240121580547
27377	0.0	1.5798319327731092	0.0	0.6335877862595419	0.0	0.0	0.5194174757281553	0.0	0.0	3.7058823529411766	4.144295302013423	3.4485049833887045	0.0	0.0	3.585434173669468	13.181481481481482	0.0	6.5664556962025316	0.0	18.384615384615383	0.0	0.0	1.3854961832061068	21.85648148148148
27378	0.0	1.935960591133005	0.0	5.7164383561643834	0.0	0.0	2.147887323943662	0.8678304239401496	0.0	9.576	5.057949479940564	0.0	0.0	0.0	6.4907407407407405	11.079445145018916	0.0	11.917283950617284	3.2261904761904763	16.92751479289941	0.0	0.0	6.361308677098151	13.546378653113088
27379	0.9562841530054644	3.1879194630872485	3.819571865443425	4.952542372881356	0.0	0.0	2.185792349726776	1.3278688524590163	0.0	15.479041916167665	3.1651917404129795	3.890710382513661	0.0	0.0	2.30327868852459	10.404255319148936	0.0	0.8325991189427313	1.3373493975903614	16.991329479768787	0.0	0.0	7.863387978142076	19.60248447204969
27380	0.0	3.5824175824175826	0.0	3.4418145956607495	0.0	0.0	2.0521885521885523	0.8333333333333334	0.0	8.568464730290456	4.11088295687885	0.0	0.0	0.0	5.361952861952862	9.960612691466084	0.0	3.4292929292929295	3.1652542372881354	30.66735966735967	0.0	0.0	2.823061630218688	15.004415011037528
27381	0.0	7.873684210526315	0.0	0.0	0.0	0.0	1.1397849462365592	7.479338842975206	0.0	5.134408602150538	0.0	2.532258064516129	0.0	0.16666666666666666	4.884848484848485	7.566037735849057	0.0	2.3655913978494625	9.69832402234637	18.54268292682927	0.0	0.0	9.993150684931507	14.086021505376344
27382	0.0	5.823104693140794	0.0	6.792592592592593	0.0	0.0	0.0	3.097457627118644	0.0	10.133333333333333	1.0842105263157895	0.0	0.0	0.0	12.765182186234817	18.85140562248996	0.0	1.63	0.0	23.27710843373494	0.0	0.0	6.521551724137931	14.521739130434783
27383	0.0	1.9902912621359223	0.0	0.0	0.0	0.0	0.0	0.0	0.0	4.147260273972603	5.7011494252873565	1.5533980582524272	0.0	0.0	5.164750957854406	6.426116838487973	0.0	4.556363636363637	0.42071197411003236	11.3646408839779	0.0	0.0	2.5792880258899675	12.675
27384	0.0	1.6508264462809918	0.0	4.075581395348837	0.0	0.0	0.8728323699421965	2.585858585858586	0.0	10.241869918699187	1.7206165703275529	1.4778420038535645	0.0	0.0	4.922027290448343	5.4714285714285715	0.0	4.515923566878981	0.0	11.33406113537118	0.0	3.3757062146892656	3.8157303370786515	21.55122950819672
27385	0.0	1.362962962962963	0.28888888888888886	7.04	0.0	0.0	3.901098901098901	5.162962962962963	0.0	5.959349593495935	9.325925925925926	0.0	0.9777777777777777	0.0	10.426966292134832	10.296875	0.0	3.8814814814814813	0.0	26.275229357798164	0.0	0.0	7.5777777777777775	29.49514563106796
27386	0.0	0.8004640371229699	0.0	4.03921568627451	0.0	0.0	1.8932461873638344	1.7637614678899083	0.0	7.191542288557214	6.185096153846154	0.6013071895424836	0.0	0.0	4.788671023965142	7.337278106508876	0.0	6.724489795918367	1.4275700934579438	9.565104166666666	0.0	0.0	3.3601108033241	16.569620253164558
27387	0.0	0.0	0.25044091710758376	3.2204585537918873	0.0	0.0	1.6331569664902998	1.617283950617284	0.0	8.281496062992126	4.305288461538462	0.3527336860670194	0.0	0.0	4.566071428571429	5.479919678714859	0.0	1.5209205020920502	2.625	13.77431906614786	0.0	0.18694885361552027	3.1940035273368608	19.336343115124155
27388	0.0	1.737151248164464	0.0	1.8053333333333332	0.0	0.0	2.1385826771653544	0.9453333333333334	0.0	9.19755600814664	3.9869942196531793	0.9386666666666666	0.0	0.0	5.605118829981718	6.892523364485982	0.0	5.92442645074224	3.1379310344827585	23.58128834355828	0.0	0.6013333333333334	6.117969821673525	18.529411764705884
27389	0.0	2.043956043956044	0.18376068376068377	2.923076923076923	0.0	0.0	0.9316239316239316	4.2905982905982905	0.0	6.0	6.7905982905982905	1.9444444444444444	0.0	0.0	13.34375	14.077844311377245	0.0	2.3974358974358974	0.6142857142857143	26.255	0.0	0.0	5.756410256410256	25.964824120603016
27390	0.0	1.2246376811594204	0.0	1.3848797250859106	0.0	0.0	1.5189003436426116	1.3745704467353952	0.0	10.232365145228215	11.477777777777778	0.7708333333333334	0.0	0.0	5.285223367697594	13.697594501718212	0.0	2.745704467353952	2.5876288659793816	31.923664122137403	0.0	0.0	6.156028368794326	16.021660649819495
27391	0.0	3.7682119205298013	0.0	2.750750750750751	0.0	0.0	3.051051051051051	2.032258064516129	0.0	10.525490196078431	5.36	0.0	0.0	0.0	6.75226586102719	4.8901098901098905	0.0	8.72072072072072	1.8138138138138138	20.503184713375795	0.0	0.8498498498498499	2.164	21.776119402985074
27392	0.0	2.37359900373599	0.0	3.7031802120141344	0.0	0.0	2.376912378303199	0.0	0.0	9.525537634408602	4.347270615563298	1.7816492450638792	0.0	0.0	4.591961023142509	8.713266761768901	0.0	6.43716814159292	0.9035608308605341	19.86394557823129	0.0	0.0	6.057142857142857	15.453938584779706
27393	0.0	1.3369175627240144	0.0	3.3789954337899544	0.0	0.0	0.8456659619450317	0.9372623574144486	0.0	13.203327171903881	3.0595744680851062	2.0555555555555554	0.0	0.0	9.823394495412844	6.825059101654847	0.0	1.8577235772357723	1.4312796208530805	20.796680497925312	0.0	0.0	1.891025641025641	14.531322505800464
27394	0.0	2.710758377425044	0.5670498084291188	1.2343283582089553	0.0	0.0	1.0163487738419619	0.0	0.0	6.417027417027417	4.077798861480076	1.0715197956577267	0.0	0.0	1.6832579185520362	8.964194373401535	0.0	2.4949324324324325	0.7215836526181354	13.370944992947814	0.0	0.0	3.99442119944212	14.848816029143897
27395	0.0	0.0	0.0	3.3541666666666665	0.0	0.0	3.676190476190476	0.0	0.0	2.989247311827957	0.0	0.0	0.0	0.0	3.7142857142857144	5.136363636363637	0.0	5.466666666666667	0.0	13.82258064516129	0.0	0.0	0.0	9.659340659340659
27396	0.0	0.0	0.0	1.129251700680272	0.0	0.0	1.5464852607709751	0.9297052154195011	0.0	3.2834467120181405	1.855721393034826	0.0	0.0	0.0	3.1223880597014926	5.138888888888889	0.0	4.619512195121951	0.0	8.63265306122449	0.0	0.0	3.988416988416988	6.806451612903226
27397	0.0	2.388335704125178	0.0	1.0743801652892562	0.0	0.0	1.137741046831956	0.0	0.0	9.069551777434313	2.03168044077135	1.986130374479889	0.0	0.0	3.367624810892587	8.005226480836237	0.6639118457300276	3.0436893203883497	0.0	15.307560137457045	0.0	0.0	2.436817472698908	7.193905817174516
27398	0.0	2.3063725490196076	0.48284313725490197	4.3887323943661976	0.0	0.0	1.696969696969697	0.0	0.0	11.267489711934155	10.619808306709265	1.446078431372549	0.0	0.0	11.866847826086957	12.492307692307692	0.0	10.176623376623377	0.8961748633879781	26.01818181818182	0.0	0.0	1.6341463414634145	24.61464968152866
27399	0.0	1.295774647887324	0.7294281729428173	2.3296296296296295	0.0	0.0	4.231520223152022	1.4755927475592747	0.0	10.970544918998527	5.0565610859728505	1.8716875871687588	0.0	0.0	7.773615635179153	8.05439330543933	0.0	5.216549295774648	0.0	16.94891944990177	0.0	0.0	7.840120663650075	15.848837209302326
27400	0.0	0.9855072463768116	0.0	0.0	0.0	0.0	0.0	0.0	0.0	3.0869565217391304	0.0	0.057971014492753624	0.0	0.0	2.7246376811594204	8.405797101449275	0.0	0.08695652173913043	1.2573529411764706	6.914285714285715	0.0	0.0	3.6666666666666665	2.1594202898550723
27401	0.0	2.4983498349834985	0.0	0.0	0.0	0.0	0.6367713004484304	3.7653061224489797	0.0	8.26072607260726	0.0	2.3036303630363038	0.0	0.0	6.24907063197026	8.306930693069306	0.0	2.33003300330033	0.0	16.331983805668017	0.0	0.0	1.5841584158415842	10.238095238095237
27402	0.0	2.529190207156309	0.0	4.320675105485232	0.0	0.0	2.453658536585366	1.3583138173302107	0.0	12.0	3.343963553530752	1.7922606924643585	0.0	0.0	12.896353166986565	13.157772621809745	0.0	8.395112016293279	3.417165668662675	19.021978021978022	0.0	0.0	9.0	24.774834437086092
27403	0.0	3.875	0.0	0.5797101449275363	0.0	0.0	2.009920634920635	0.0	0.0	11.116822429906541	3.880085653104925	0.5238095238095238	0.0	0.4007936507936508	6.443693693693693	11.655405405405405	0.0	5.697115384615385	1.5079681274900398	24.45610278372591	0.7916666666666666	0.0	6.714876033057851	14.64516129032258
27404	0.0	1.327485380116959	0.0	3.388888888888889	0.0	0.0	2.2660818713450293	1.672514619883041	0.0	3.477966101694915	10.416	0.0	0.0	0.07309941520467836	6.220820189274448	7.894736842105263	0.0	3.5701754385964914	0.0	13.796352583586627	0.0	0.0	6.0321637426900585	22.128099173553718
27405	0.8535469107551488	3.7407035175879395	0.6575144508670521	2.2176403207331044	0.0	0.0	3.258959537572254	2.712328767123288	0.0	24.771820448877804	5.688688688688688	1.9682539682539681	0.813443072702332	2.395348837209302	8.718478260869565	12.545667447306792	0.2876984126984127	7.141447368421052	1.5041095890410958	21.170343137254903	1.4265873015873016	0.9365079365079365	6.395480225988701	29.13593539703903
27406	0.0	1.2392156862745098	0.5411764705882353	1.8509803921568628	0.0	0.0	4.4941176470588236	1.0470588235294118	0.0	10.189573459715639	1.6195121951219513	1.9137254901960785	1.988235294117647	0.0	6.026455026455026	3.1122994652406417	0.0	9.18348623853211	1.1568627450980393	32.20392156862745	0.0	0.0	13.016260162601625	23.265560165975103
27407	0.0	0.95	0.0	0.0	0.0	0.0	2.8208333333333333	1.9	0.0	7.232456140350878	2.829113924050633	1.4666666666666666	0.0	0.0	5.222222222222222	5.684210526315789	0.0	3.8128342245989306	1.8958333333333333	30.3248730964467	0.0	0.0	4.0625	15.652582159624414
27408	0.0	2.8555555555555556	0.0	5.905555555555556	0.0	0.0	0.0	3.6277777777777778	0.0	6.788888888888889	0.0	1.6111111111111112	0.0	0.0	4.211111111111111	4.138888888888889	0.0	4.6722222222222225	1.9166666666666667	13.988235294117647	0.0	0.0	4.456375838926174	5.811320754716981
27409	0.0	0.0	0.0	0.0	0.0	0.0	2.863049095607235	2.373913043478261	0.0	7.805755395683454	4.805343511450381	1.0129198966408268	0.0	0.0	3.660649819494585	6.4366925064599485	0.0	5.815068493150685	0.0	12.917127071823204	0.0	0.0	3.369918699186992	8.325581395348838
27410	0.0	2.519607843137255	0.0	4.527472527472527	0.0	0.0	0.9869281045751634	2.338129496402878	0.0	14.061016949152542	12.444043321299638	2.7942583732057416	1.9215686274509804	1.588235294117647	12.819787985865725	7.261016949152542	0.0	10.676258992805755	0.696078431372549	28.301369863013697	0.0	0.0	12.020746887966805	22.45762711864407
27411	0.0	0.0	0.0	0.0	0.0	0.0	0.0	2.0208333333333335	0.0	3.9444444444444446	2.3020833333333335	0.0	0.0	0.0	0.0	0.0	0.0	0.7604166666666666	1.7604166666666667	7.135416666666667	0.0	0.0	1.7395833333333333	9.1875
27412	0.0	1.907679033649698	0.0	3.0673469387755103	0.0	0.0	1.6857360793287566	2.2373817034700316	0.0	13.135662898252827	4.845518867924528	0.0	0.0	0.0	5.802601377199694	8.410658307210031	0.0	7.29253271747498	3.9079054604726977	25.002819548872182	0.0	0.0	4.895622895622895	15.317880794701987
27413	0.0	1.033013844515442	0.0	3.9092664092664093	0.0	0.0	2.5382882882882885	2.5671031096563013	0.0	10.424499229583976	4.0048270313757035	0.0	0.0	0.6025354213273676	5.755120213713268	9.500429184549356	0.0	2.5486058779201204	1.0938037865748709	18.0550918196995	0.0	0.0	3.872187218721872	17.053571428571427
27414	0.0	2.9174041297935105	0.0	7.159574468085107	0.0	0.0	2.935374149659864	5.510324483775811	0.0	12.569377990430622	9.034615384615385	1.6666666666666667	0.0	0.1710914454277286	4.216730038022813	22.017964071856287	0.0	7.59882005899705	1.123076923076923	15.990147783251231	0.0	0.0	10.544827586206896	13.156739811912226
27415	0.0	0.1841704718417047	0.0	2.4180790960451977	0.0	0.2694063926940639	3.7492354740061162	0.0	0.0	9.397515527950311	8.648994515539306	1.0279937791601865	0.0	0.0	3.7636655948553055	7.033386327503974	0.0	8.012176560121766	0.512937595129376	21.389799635701277	0.0	0.0	3.6362252663622527	14.726984126984126
27416	0.0	5.052631578947368	0.0	1.9298245614035088	0.0	0.0	0.0	0.0	0.0	10.920529801324504	2.491228070175439	0.0	0.0	0.0	5.991228070175438	4.201754385964913	0.0	4.4338624338624335	2.745614035087719	10.12280701754386	0.0	0.0	2.1491228070175437	0.0
27417	0.0	0.6666666666666666	0.0	0.0	0.0	0.0	3.8	1.32	0.0	6.758293838862559	4.026666666666666	0.0	0.0	0.0	4.26	6.773333333333333	0.0	4.78921568627451	1.3333333333333333	5.173333333333333	0.0	0.0	2.128888888888889	12.8125
27418	0.0	2.4976905311778292	0.0	2.7639097744360903	0.0	0.0	4.3171247357293865	2.0524064171122993	0.0	9.41329856584094	5.925520262869661	1.4871794871794872	0.0	0.0	9.381748071979434	11.257297297297297	0.0	7.1856060606060606	1.4380053908355794	18.62676056338028	0.0	0.0	8.03872437357631	20.180722891566266
27419	0.0	0.0	0.0	3.7559055118110236	0.0	0.0	3.1333333333333333	0.0	0.0	6.678832116788321	0.9128205128205128	0.0	0.0	0.0	5.335329341317365	4.256410256410256	0.0	2.635897435897436	0.0	7.661538461538462	0.0	0.0	1.5794871794871794	9.483516483516484
27420	0.0	3.4523809523809526	0.0	2.3	0.0	0.0	2.480952380952381	0.6571428571428571	0.0	12.294478527607362	1.7088607594936709	7.0	0.0	0.0	4.622549019607843	5.654970760233918	0.0	1.1666666666666667	0.0	9.347619047619048	0.0	0.0	3.9407894736842106	15.798994974874372
27421	0.0	0.8036437246963563	0.0	2.4085106382978725	0.0	0.0	1.5750394944707742	0.9959100204498977	0.0	5.076595744680851	3.161137440758294	1.0	0.0	0.0	7.159453302961276	8.017123287671232	0.0	2.0603015075376883	1.1456521739130434	10.595	0.0	0.0	4.282780410742496	8.927021696252465
27422	0.0	0.0	0.0	2.958904109589041	0.0	0.0	0.0	3.2287581699346406	1.2679738562091503	11.207207207207206	2.0657894736842106	0.0	0.0	0.0	0.16339869281045752	5.026666666666666	0.0	4.741007194244604	0.0	9.861538461538462	0.0	1.6470588235294117	1.8823529411764706	11.89090909090909
27423	0.0	0.2783882783882784	0.8205128205128205	3.5907335907335907	0.0	0.0	4.21578947368421	0.0	0.0	6.978021978021978	3.5128205128205128	0.0	0.0	0.0	2.106194690265487	7.394366197183099	0.0	0.09523809523809523	2.0256410256410255	7.782805429864253	0.6923076923076923	0.0	5.270588235294118	10.764462809917354
27424	0.0	0.0	0.0	1.5726495726495726	0.0	0.0	2.6367521367521367	0.0	0.0	0.0	2.7814207650273226	0.0	0.0	0.0	6.200854700854701	3.7564102564102564	0.0	4.722222222222222	0.0	7.720779220779221	0.0	0.0	2.141025641025641	1.7337278106508875
27425	0.0	2.4174174174174174	0.06606606606606606	0.0	0.0	0.9069069069069069	0.8888888888888888	2.987987987987988	0.0	8.073717948717949	3.159159159159159	0.4444444444444444	0.0	0.0	3.6816816816816815	5.443181818181818	0.0	1.9039039039039038	0.0	3.314741035856574	0.0	0.0	4.0	12.616
27426	0.0	1.585057471264368	0.0	2.3279901356350186	0.5908045977011495	0.0	0.0	0.9770700636942675	0.0	10.731554160125588	1.6737481031866464	1.0092226613965745	0.08735632183908046	0.0	4.400468384074942	7.173963133640553	0.0	7.438231469440832	1.6264367816091954	13.737771739130435	0.0	0.0	3.3912408759124086	14.304221251819506
27427	0.0	1.3333333333333333	0.0	0.0	0.0	0.0	1.303030303030303	0.0	0.0	13.421768707482993	6.202020202020202	0.0	0.0	0.0	3.3842105263157896	8.056737588652481	0.0	5.717277486910994	0.0	7.115384615384615	0.0	0.4494949494949495	5.687150837988827	10.13768115942029
27428	0.0	1.4713216957605986	0.0	1.6253101736972704	0.0	0.0	0.0	0.6372549019607843	0.0	6.225316455696203	5.4363636363636365	0.0	0.0	0.0	3.5078947368421054	4.8561643835616435	0.0	4.698529411764706	0.0	15.964401294498382	0.0	0.0	4.044117647058823	11.0875
27429	0.0	2.569023569023569	0.0	2.242798353909465	0.0	0.0	0.0	0.2828282828282828	0.0	3.6623376623376624	3.8033898305084746	0.0	0.0	0.0	5.485185185185185	7.56198347107438	0.0	4.616161616161616	3.175084175084175	13.75563909774436	0.0	0.0	7.339160839160839	15.841004184100418
27430	0.0	1.905437352245863	0.0	0.5011820330969267	0.0	0.0	0.0	0.0	0.0	5.790281329923274	2.900709219858156	0.0	0.0	0.0	3.602409638554217	10.825153374233128	0.0	3.2867469879518074	2.1246819338422394	14.061224489795919	0.8226950354609929	0.0	0.9225352112676056	11.471751412429379
27431	0.0	0.9081632653061225	0.0	0.0	0.0	0.0	0.0	1.2993197278911566	0.0	0.0	1.445578231292517	0.02040816326530612	0.0	0.0	1.0034013605442176	4.730538922155689	0.0	1.3027210884353742	0.0	1.7380952380952381	0.0	0.0	0.0	2.054421768707483
27432	0.0	0.0	0.0	0.0	0.0	0.0	0.0	0.0	0.0	4.882352941176471	2.021276595744681	0.0	0.0	0.0	0.0	0.0	0.0	2.2836879432624113	0.0	0.0	0.0	0.0	0.0	0.0
27433	0.0	7.410909090909091	0.0	0.0	0.0	0.9880952380952381	1.1857142857142857	0.0	0.0	8.097560975609756	4.910071942446043	3.0739795918367347	0.0	0.0	6.306733167082294	3.8621794871794872	0.0	5.163727959697733	6.575221238938053	15.575079872204473	0.0	0.9380952380952381	7.225888324873097	21.134146341463413
27434	0.0	2.0095238095238095	0.0	3.8142857142857145	0.0	0.0	0.8952380952380953	1.938095238095238	0.0	7.2105263157894735	3.5	0.0	0.0	0.0	1.1144578313253013	11.552631578947368	0.0	9.725274725274724	0.0	20.356060606060606	0.0	0.0	4.057142857142857	28.385057471264368
27435	0.0	0.0	0.0	4.961538461538462	0.0	0.0	3.458823529411765	2.4958677685950414	0.0	16.625984251968504	5.254901960784314	1.2431372549019608	0.0	0.0	8.953051643192488	8.790476190476191	0.0	9.865248226950355	0.0	26.40990990990991	0.0	0.0	2.197530864197531	20.822134387351777
27436	0.0	3.4960629921259843	1.078740157480315	6.203703703703703	0.0	0.0	1.3517060367454068	1.9868766404199476	0.0	9.293103448275861	2.8503937007874014	2.2493438320209975	0.0	0.0	4.967930029154519	3.808270676691729	0.0	7.7637795275590555	6.051359516616314	14.259398496240602	0.0	0.0	4.553846153846154	15.180327868852459
27437	0.0	3.271276595744681	0.357429718875502	3.0522088353413657	0.0	0.0	1.072289156626506	0.0	0.0	11.516778523489933	1.0040160642570282	0.0	0.0	0.0	8.421686746987952	7.844559585492228	0.0	3.0281124497991967	2.4859437751004014	12.541463414634146	0.0	0.0	2.6974358974358976	17.444444444444443
27438	0.0	2.876318312559923	0.0	6.012956419316843	0.0	0.0	4.361530715005035	0.9375709421112373	0.0	9.435467980295567	2.9232769830949286	1.6705653021442495	0.0	0.0	6.025085518814139	8.60887656033287	0.0	4.571808510638298	2.537931034482759	17.876258992805756	0.0	0.0	4.853073463268366	18.737704918032787
27439	0.0	0.0	0.0	0.0	0.0	0.0	0.0	0.0	0.0	0.0	1.0	0.0	0.0	0.0	0.0	2.449275362318841	0.0	2.3333333333333335	0.0	0.0	0.0	0.0	0.0	0.0
27440	0.0	1.3125	0.0	1.7673611111111112	0.0	0.0	0.9513888888888888	0.8888888888888888	0.0	2.745967741935484	0.0	0.0	0.0	0.0	3.4097222222222223	6.736607142857143	0.0	1.9930555555555556	1.4652777777777777	9.457564575645756	0.0	0.0	4.361111111111111	5.612244897959184
27441	0.0	0.0	0.0	2.0631578947368423	0.0	0.0	2.3789473684210525	0.0	0.0	9.522821576763485	2.6466165413533833	0.0	0.0	0.0	5.117437722419929	5.179916317991632	0.0	3.3513513513513513	1.1894736842105262	14.613475177304965	0.0	0.19649122807017544	7.8807017543859645	19.522321428571427
27442	0.0	0.0	0.0	2.721461187214612	0.0	0.0	1.1324200913242009	0.8854961832061069	0.0	15.531791907514451	4.968036529680365	3.2968036529680367	0.0	0.0	4.7853881278538815	8.272727272727273	0.0	1.3245033112582782	0.7351598173515982	17.8133971291866	0.0	0.0	3.1963470319634704	15.908675799086758
27443	0.0	1.8148148148148149	0.0	3.074074074074074	0.0	0.0	1.765880217785844	1.0168350168350169	0.0	7.183333333333334	1.6750841750841752	0.0	0.0	0.0	1.9762376237623762	4.1632996632996635	0.0	2.0474040632054176	0.0	14.399659863945578	0.0	0.0	0.47477744807121663	12.10893246187364
27444	0.0	5.471861471861472	0.0	8.082608695652175	0.0	0.0	3.705627705627706	4.961538461538462	0.0	23.96969696969697	6.116883116883117	2.5194805194805197	0.0	0.0	6.679245283018868	17.583783783783783	0.0	7.887445887445887	2.645021645021645	28.961038961038962	0.0	0.0	14.683982683982684	39.04265402843602
27445	0.0	0.0	0.0	1.0874439461883407	0.0	0.0	2.718840579710145	0.0	0.0	6.321112515802781	4.319806763285024	0.0	0.0	0.0	2.0748129675810474	5.123239436619718	0.0	4.7705711519845115	0.7333333333333333	17.661330049261085	0.0	0.0	6.1687242798353905	10.970238095238095
27446	0.0	1.6507936507936507	0.0	1.7287822878228782	0.0	0.0	2.556998556998557	2.401492537313433	0.0	12.955789473684211	3.771137026239067	0.0	0.0	0.0	3.6911976911976914	5.463362068965517	0.0	5.433384379785605	1.0894660894660895	22.66110183639399	0.0	0.0	3.738888888888889	12.855072463768115
27447	0.0	1.037190082644628	0.0	2.923222748815166	0.0	0.0	1.9648068669527896	1.1996740016299918	0.0	6.752873563218391	3.545075125208681	0.0	0.0	0.0	4.937837837837838	8.029100529100528	0.0	3.691818181818182	1.6244653550042771	19.13196814562002	0.0	0.0	4.148413510747186	14.632107023411372
27448	0.0	0.0	0.0	0.0	0.0	0.0	0.0	1.8814814814814815	0.0	1.6407407407407408	3.0632183908045976	0.2518518518518518	0.0	0.0	0.662962962962963	3.033333333333333	0.0	3.411111111111111	0.3148148148148148	23.25862068965517	0.0	0.0	2.696296296296296	6.181102362204724
27449	0.0	1.7816764132553606	0.0	4.1988304093567255	0.0	0.0	2.8518518518518516	1.5083798882681565	0.0	7.842723004694836	2.4425427872860634	0.0	0.0	0.0	3.53411306042885	3.9938775510204083	0.0	4.1986143187066975	1.003898635477583	5.594594594594595	0.0	0.0	2.9059633027522938	17.482517482517483
27450	0.0	3.288	0.0	0.0	0.0	0.0	3.1043478260869564	1.208	0.0	9.173144876325088	0.0	0.6106666666666667	0.0	0.0	2.3813559322033897	9.805929919137466	0.0	8.433526011560694	0.0	20.697508896797153	0.0	0.0	2.284313725490196	13.912650602409638
27451	0.0	3.607806691449814	0.0	4.721485411140583	0.0	0.0	1.8011583011583012	2.8105646630236794	0.0	5.775985663082437	3.623931623931624	0.8333333333333334	0.0	0.0	3.764344262295082	7.880998080614203	0.0	5.1267056530214425	2.2917505030181085	19.09181636726547	0.0	0.0	3.0806451612903225	19.268602540834845
27452	0.0	1.0168067226890756	0.5303454715219421	3.0795287187039766	0.0	0.0	2.251261352169526	2.060287081339713	0.0	3.73109243697479	3.775763358778626	0.0	0.0	0.0	2.8720821661998133	8.464980544747082	0.0	2.7881269191402254	3.0300429184549356	15.764705882352942	0.0	0.0	4.83578947368421	13.284810126582279
27453	0.0	1.7834757834757835	0.0	4.776271186440678	0.0	0.0	4.042979942693409	2.8205128205128207	0.0	4.911262798634812	7.29126213592233	0.25925925925925924	0.0	0.0	2.883190883190883	7.9006849315068495	0.0	3.715099715099715	1.7264957264957266	12.996078431372549	0.0	0.0	3.4245014245014245	20.956810631229235
27454	0.0	1.5421455938697317	0.25	1.3204419889502763	0.0	0.0	0.9830316742081447	1.7289617486338797	0.0	4.698275862068965	7.142574257425743	0.0	0.0	0.03065134099616858	3.722648752399232	8.223529411764705	0.0	4.978927203065134	0.85727969348659	9.765446224256292	0.0	0.0	3.0333716915995397	12.407894736842104
27455	0.0	2.0	0.0	2.717948717948718	0.0	0.0	0.0	0.0	0.0	4.5	0.0	0.0	0.0	0.0	0.0	2.7435897435897436	0.0	7.961538461538462	2.371794871794872	12.087719298245615	0.0	0.0	0.0	10.833333333333334
27456	0.0	0.1568627450980392	0.0	3.2620689655172415	0.0	0.0	3.7696969696969695	0.0	0.0	8.734939759036145	2.553435114503817	0.0	0.0	0.0	4.12874251497006	6.906801007556675	0.0	3.14540059347181	0.7034313725490197	15.77450980392157	0.0	0.0	5.80058651026393	13.145833333333334
27457	0.0	2.272222222222222	0.0	3.975609756097561	0.0	0.0	0.4444444444444444	0.4111111111111111	0.0	7.008	2.9709302325581395	3.0166666666666666	0.0	0.0	5.841379310344828	6.759124087591241	0.0	2.816666666666667	2.988888888888889	20.10948905109489	0.0	0.0	2.2892561983471076	20.921212121212122
27458	0.0	0.12916666666666668	0.0	1.6416666666666666	0.0	0.0	2.0541666666666667	0.9166666666666666	0.0	14.519607843137255	7.8927038626609445	0.0	0.0	0.0	5.319277108433735	5.745856353591161	0.0	2.9583333333333335	0.5291666666666667	18.963963963963963	0.0	0.0	6.497076023391813	18.85135135135135
27459	0.0	3.1636690647482015	0.0	5.572784810126582	0.0	0.0	1.9431818181818181	2.1569230769230767	0.0	11.912917271407837	3.8648180242634314	1.988888888888889	0.0	0.0	2.838012958963283	11.809728183118741	0.0	4.963875205254515	0.8736111111111111	20.306501547987615	0.0	0.0	5.770348837209302	18.149859943977592
27460	0.0	3.51288056206089	0.0	5.4124293785310735	0.911487758945386	0.0	2.0677966101694913	1.9031578947368422	0.0	12.187878787878788	4.202586206896552	0.0	0.0	0.0	1.7854889589905363	9.733183856502242	0.0	3.4780701754385963	0.7344632768361582	23.4	1.1939736346516008	0.3804143126177024	6.275789473684211	19.62146892655367
27461	0.0	1.611683848797251	2.3780068728522337	5.106529209621993	0.0	0.0	2.141843971631206	3.070631970260223	0.0	8.382456140350877	1.4598214285714286	1.034364261168385	0.0	0.0	9.014598540145986	18.586734693877553	0.0	8.229571984435797	0.9862542955326461	18.85388127853881	1.0378006872852235	0.0	10.054545454545455	16.03409090909091
27462	0.0	0.0	0.0	5.778688524590164	0.0	0.0	3.7916666666666665	1.9903846153846154	0.0	18.36518771331058	4.751111111111111	2.3811320754716983	1.2980769230769231	0.5961538461538461	6.946601941747573	12.387543252595156	0.0	5.310897435897436	3.4474708171206228	26.022435897435898	0.0	0.0	6.752941176470588	21.255244755244757
27463	0.0	4.223905723905724	0.0	2.112087912087912	0.0	0.0	1.343807763401109	0.9040404040404041	0.0	21.356890459363957	6.197278911564626	1.7575757575757576	0.0	0.0	5.265350877192983	10.20875420875421	0.0	4.314814814814815	5.27008547008547	30.265917602996254	0.0	0.0	5.098522167487685	15.083175803402646
27464	0.0	1.0693512304250559	0.470917225950783	4.5941704035874436	0.0	0.0	0.9758745476477684	0.9298245614035088	0.0	8.044152744630072	2.796766743648961	0.0	0.0	0.0	1.7539149888143177	8.042582417582418	0.0	7.43734335839599	1.570528967254408	13.740514075887393	0.0	0.0	2.9566360052562417	13.947941888619855
27465	0.0	2.2824302134646963	0.5041050903119869	1.8144499178981937	0.0	0.0	1.6338259441707716	1.1083172147001934	0.0	3.1403162055335967	2.0864661654135337	1.1067323481116584	0.0	0.0	2.1947483588621446	8.153271028037382	0.0	6.8882352941176475	1.5402298850574712	6.0060851926977685	0.0	0.0	3.779510022271715	13.148362235067438
27466	0.0	0.0	0.0	1.5297297297297296	0.0	0.0	5.325153374233129	0.0	0.0	11.308823529411764	5.848888888888889	2.4183673469387754	0.0	0.0	2.876865671641791	9.03781512605042	0.0	1.7619047619047619	0.0	11.617647058823529	0.0	0.0	0.0	16.673387096774192
27467	0.0	1.6347736625514404	0.0	1.9043010752688172	0.0	0.0	3.0857461024498885	2.9851239669421488	0.0	10.512295081967213	1.7609970674486803	0.9026651216685979	0.0	0.0	3.1119186046511627	5.988833746898263	0.0	2.7960122699386503	0.0	15.713375796178344	0.0	0.20164609053497942	7.036739380022962	16.814305364511693
27468	0.0	0.0	0.09722222222222222	1.9409722222222223	0.25	0.0	1.4930555555555556	3.8194444444444446	0.0	3.3076923076923075	3.4157303370786516	1.9270833333333333	0.0	0.0	4.333333333333333	7.0625	0.0	1.8487804878048781	1.0486111111111112	11.995884773662551	0.0	0.0	0.0	12.385496183206106
27469	0.0	1.2961876832844574	0.0	1.1440329218106995	0.0	0.0	0.9506172839506173	2.5617283950617282	0.0	11.178861788617887	6.4	1.6952141057934509	0.0	0.0	5.534979423868313	10.184873949579831	0.0	3.8353909465020575	1.6440329218106995	14.449781659388647	0.0	0.0	6.192771084337349	13.562363238512035
27470	0.0	1.6101694915254237	0.711864406779661	3.079646017699115	0.0	0.0	2.519774011299435	0.9943502824858758	0.0	14.784722222222221	6.440677966101695	2.1638418079096047	0.0	0.0	6.968926553672317	7.604895104895105	0.0	7.248587570621469	1.847457627118644	15.576323987538942	0.0	0.0	2.7003058103975537	11.835087719298246
27471	0.0	0.0	0.0	3.901918976545842	0.0	0.0	0.05055292259083728	0.9617834394904459	0.0	8.943310657596372	4.196399345335515	2.1879936808846763	0.0	0.0	5.071574642126789	7.047001620745543	0.0	5.4524271844660195	1.1012216404886561	15.828371278458844	0.0	0.0	3.9210110584518167	21.270321361058603
27472	0.0	0.0	0.0	6.5272108843537415	0.0	0.0	2.891156462585034	3.5170068027210886	0.0	8.44767441860465	2.4408602150537635	1.1768707482993197	0.0	0.0	6.535714285714286	7.071428571428571	0.0	9.922764227642276	4.54421768707483	13.964912280701755	0.0	0.0	2.041025641025641	14.962585034013605
27473	0.0	1.2950191570881227	0.5708812260536399	0.6666666666666666	0.0	0.0	0.3333333333333333	1.2911877394636015	0.0	1.2337164750957854	1.3984674329501916	0.0	0.0	0.0	0.735632183908046	6.556291390728477	0.0	2.0957854406130267	0.0	5.611464968152866	0.0	0.0	1.8199233716475096	9.32567049808429
27474	0.0	1.0184994861253853	0.0	3.1409155937052935	0.0	0.0	0.9452554744525548	0.7884711779448621	0.0	4.709494324045408	3.1351063829787233	0.8391936240037506	0.0	0.0	3.343798250128667	3.8449916060436484	0.0	3.7945409429280397	0.9435483870967742	11.845204711160966	0.0	0.0	2.221269296740995	10.978302796528448
27475	0.0	0.0	1.227390180878553	2.761780104712042	0.0	0.0	1.98005698005698	2.454780361757106	0.0	7.665615141955836	3.464751958224543	0.0	0.0	0.0	1.5478036175710594	5.3058103975535165	0.0	9.176470588235293	1.343108504398827	11.674796747967479	0.0	0.0	2.2324324324324323	12.796536796536797
27476	0.0	0.0	0.0	2.5098039215686274	0.0	0.0	0.0	0.2549019607843137	0.0	5.088235294117647	1.4705882352941178	0.0	0.0	0.0	0.0	4.509803921568627	0.0	4.137254901960785	1.8431372549019607	13.0	0.0	0.0	4.401960784313726	12.044444444444444
27477	0.0	0.0	0.0	2.253968253968254	0.0	0.0	0.0	0.0	0.0	11.405	0.0	0.5714285714285714	0.0	0.0	0.0	4.506329113924051	0.0	7.222222222222222	0.49206349206349204	11.994871794871795	0.0	1.1865079365079365	1.4653061224489796	16.876984126984127
27478	0.0	2.1671671671671673	0.0	3.4874715261959	0.0	0.0	2.018867924528302	0.0	0.0	6.766334440753045	5.19019019019019	1.6646646646646646	0.0	0.0	6.127098321342926	9.077555816686251	0.0	3.0908096280087527	0.0	15.764957264957266	0.0	0.0	5.942675159235669	16.089333333333332
27479	0.0	0.0	0.0	4.321533923303835	0.0	0.0	4.5855457227138645	0.0	0.0	6.78988326848249	4.04930966469428	0.7890855457227138	0.0	0.0	8.358407079646017	6.435691318327974	0.0	6.178082191780822	0.7256637168141593	20.38632986627043	0.0	0.2182890855457227	4.839150227617602	16.441176470588236
27480	0.0	0.0	0.0	2.088524590163934	0.0	0.0	1.5763239875389408	1.4953271028037383	0.0	8.566978193146417	0.9117647058823529	1.1869158878504673	0.0	0.0	4.371859296482412	4.990654205607477	0.0	3.3457943925233646	1.3453947368421053	13.710280373831775	0.0	0.0	6.212218649517685	14.045454545454545
27481	0.10042735042735043	2.0767123287671234	0.0	2.795774647887324	0.0	0.0	1.3206278026905829	3.645669291338583	0.0	9.19017094017094	0.9826302729528535	0.3611111111111111	0.0	0.3974358974358974	5.526717557251908	7.311953352769679	0.3034188034188034	3.3376068376068377	2.5064102564102564	12.305993690851736	0.0	0.0	5.804721030042918	8.918495297805643
27482	0.0	0.05	0.0	1.8166666666666667	0.0	0.0	2.5833333333333335	1.1833333333333333	0.0	8.883333333333333	0.0	0.0	0.0	0.0	1.275	2.566666666666667	0.0	0.8416666666666667	0.375	9.568627450980392	0.0	0.0	7.923809523809524	14.925
27483	0.0	0.0	0.0	1.977124183006536	0.0	0.0	1.6781045751633987	0.5996732026143791	0.0	4.6371681415929205	4.901734104046243	2.7458471760797343	0.0	0.0	2.019148936170213	6.956439393939394	0.0	1.794314381270903	1.633906633906634	11.74955595026643	0.0	0.0	2.6759776536312847	6.582191780821918
27484	0.0	1.5193798449612403	0.0	0.5714285714285714	0.0	0.0	1.599483204134367	0.0	0.0	7.035714285714286	0.8333333333333334	0.0	0.0	1.054263565891473	2.5322997416020674	5.590308370044053	0.0	0.6175710594315246	2.2807486631016043	13.907246376811594	0.0	0.0	1.3074935400516796	11.665730337078651
27485	0.0	2.617241379310345	0.0	1.1746031746031746	0.0	0.0	1.7015873015873015	1.5939597315436242	0.0	7.083623693379791	3.928888888888889	0.0	0.0	0.0	2.9004739336492893	5.263392857142857	0.0	0.8711111111111111	0.8476190476190476	11.933884297520661	0.0	0.0	4.717460317460318	20.866666666666667
27486	0.0	0.0	0.0	1.8585858585858586	0.0	0.0	0.0	1.0909090909090908	0.0	2.5656565656565657	2.676767676767677	0.0	0.0	0.0	3.9292929292929295	2.7386363636363638	0.0	0.5959595959595959	0.0	7.608695652173913	0.0	0.0	0.0	4.492307692307692
27487	0.0	0.0	0.0	0.0	0.0	0.0	0.0	0.0	0.0	0.0	1.7703703703703704	0.0	0.0	0.0	7.537234042553192	4.376984126984127	0.0	0.0	0.0	13.968468468468469	0.0	0.0	3.3074074074074074	10.707317073170731
27488	0.0	1.130952380952381	0.0	3.258445945945946	0.0	0.0	0.0	1.0998531571218797	0.0	4.682779456193353	3.318783068783069	0.7116402116402116	0.0	0.0	4.820143884892087	3.968903436988543	0.0	4.3686868686868685	1.759018759018759	11.059060402684564	0.0	0.0	1.5777777777777777	12.742253521126761
27489	0.0	0.8888888888888888	0.0	2.816326530612245	0.0	0.0	3.38	0.0	0.0	7.149425287356322	3.9386973180076628	1.624031007751938	0.0	0.7586206896551724	4.942528735632184	12.051724137931034	0.0	7.0285714285714285	3.5576923076923075	11.714285714285714	0.0	0.0	3.515923566878981	8.920948616600791
27490	0.0	3.027659574468085	0.0	3.779591836734694	0.0	0.0	0.6565874730021598	3.019277108433735	0.0	13.79375	3.840531561461794	2.0	0.0	0.0	6.6072144288577155	12.253393665158372	0.0	4.889090909090909	1.5297029702970297	18.82247191011236	0.16666666666666666	0.0	3.5186567164179103	17.506542056074768
27491	0.0	0.0	0.0	3.4558441558441557	0.0	0.0	1.0847651775486826	1.5028636884306987	0.0	5.654121863799283	2.5885093167701863	0.0	0.0	0.0	3.5879556259904914	6.027595269382392	0.0	1.3104238258877434	1.002770083102493	13.019495412844037	0.0	0.0	3.7169014084507044	14.585680751173708
27492	0.0	0.0	0.0	4.974424552429667	0.0	0.0	2.027027027027027	0.0	0.0	9.656641604010025	5.898773006134969	1.2406311637080867	0.0	0.0	2.31163708086785	13.834319526627219	0.0	3.995983935742972	0.8205128205128205	21.4625	0.0	0.0	2.5116883116883115	17.623376623376622
27493	0.0	2.2786144578313254	0.0	1.9671150971599403	0.21524663677130046	0.0	1.711509715994021	1.875	0.0	7.495219885277247	4.652694610778443	0.0	0.0	0.0	4.884267631103074	8.717428087986464	0.0	2.8403225806451613	1.4386792452830188	22.493630573248407	0.0	0.0	5.130052724077329	11.834080717488789
27494	0.0	0.0	0.0	1.3793103448275863	0.0	0.0	1.4942528735632183	2.8850574712643677	0.0	5.971830985915493	3.954022988505747	0.0	0.0	2.0	0.5061728395061729	1.9058823529411764	0.0	0.0	2.632183908045977	6.1234567901234565	0.0	0.0	0.5747126436781609	3.2528735632183907
27495	0.0	2.8844621513944224	0.0	3.7025641025641027	0.0	0.0	4.289308176100629	1.220125786163522	0.0	17.28930817610063	9.716981132075471	1.287037037037037	0.0	3.0695364238410594	5.131221719457014	12.99685534591195	0.0	9.959119496855346	3.1226415094339623	11.218446601941748	0.0	0.0	5.901639344262295	27.18867924528302
27496	0.0	3.740053050397878	0.0	4.127131782945736	0.0	0.0	2.5277777777777777	1.2415005861664712	0.0	8.063636363636364	5.925867507886435	1.4767726161369192	0.0	0.0	5.59275053304904	9.310299869621904	0.0	4.93491124260355	1.545647558386412	19.87663755458515	0.0	0.0	3.4916067146282974	18.358322744599747
27497	0.0	0.4050314465408805	0.0	0.0	0.0	0.0	0.5836477987421383	0.0	0.0	7.1747430249632895	2.4943396226415095	0.0	0.0	0.01761006289308176	7.729381443298969	5.734323432343234	0.0	2.038821954484605	0.0	12.728693181818182	0.027672955974842768	0.0	2.775147928994083	8.187306501547988
27498	0.0	1.3973168214654283	0.0	2.667027027027027	0.0	0.0	0.0	0.9354485776805251	0.0	4.038338658146965	3.633431085043988	0.0	0.0	0.0	5.889437314906219	7.404915912031048	0.0	4.6532438478747205	0.0	13.697274031563845	0.0	0.0	5.6767676767676765	10.402203856749312
27499	0.0	1.2790091264667536	0.0	2.2568093385214008	0.0	0.0	2.7713815789473686	0.5188067444876784	0.29571984435797666	5.540880503144654	4.319241982507289	2.916938110749186	0.4798962386511025	0.0	3.9001367989056086	6.0243553008595985	0.0	7.21103448275862	1.3683527885862516	17.4774011299435	0.0	0.0	4.050488599348534	11.272727272727273
27500	0.0	2.242943548387097	0.0	2.607476635514019	0.0	0.0	3.877551020408163	2.177587844254511	0.0	8.086698337292162	3.0885558583106265	0.6590693257359924	0.0	0.0	2.738598442714127	9.043046357615895	0.0	4.270092226613966	1.9171210468920392	18.442899702085402	0.0	0.0	5.053385416666667	20.45707376058041
27501	0.0	1.0120918984280531	0.0	1.687888198757764	0.0	0.0	1.8575899843505477	1.0312925170068028	0.0	8.852857142857143	3.138157894736842	0.4642857142857143	0.0	0.0	5.564766839378239	10.292954264524104	0.0	3.4154761904761903	1.3	15.10207100591716	0.0	0.0	2.8755244755244753	11.50679347826087
27502	0.0	0.0	0.0	0.0	0.0	0.0	4.3232323232323235	0.0	0.0	6.015384615384615	0.0	0.0	0.0	0.0	0.0	3.494949494949495	0.0	0.0	3.2626262626262625	5.686868686868687	0.0	0.0	0.0	9.05
27503	0.0	1.1998556998557	0.8556535685645549	3.9140919366993216	0.0	0.0	2.122326775021386	0.7917341977309562	0.0	12.68244719592134	3.9871016691957513	2.7081798084008843	0.0	0.0	3.580621301775148	5.393939393939394	0.0	3.810966810966811	1.6550802139037433	15.393505253104108	0.0	0.0	3.5029142381348874	18.208845208845208
27504	0.0	2.0062305295950154	0.0	1.7487844408427877	0.0	0.0	2.1654135338345863	2.2888283378746594	0.0	10.422425032594525	4.782923299565846	0.0	0.0	0.8571428571428571	8.012676056338028	10.595988538681949	0.0	4.865067466266867	1.2769423558897244	20.700892857142858	0.0	0.0	6.160511363636363	7.797178130511464
27505	0.0	2.315518351577592	0.0	2.9437109103544126	0.0	0.0	1.042113323124043	1.2072409488139826	0.0	13.183219178082192	3.363384188626907	1.7971285892634208	0.0	0.0	5.06076854334227	8.655482815057283	0.0	7.559794570799706	1.3488533703961083	14.215317011927182	0.0	0.0	2.8205128205128207	11.799074686054198
27506	0.0	1.0121951219512195	0.0	2.907637655417407	0.0	0.0	2.898	0.919093851132686	0.0	10.761020881670534	3.58578856152513	0.0	0.0	0.0	3.511986301369863	8.9015625	0.0	3.1245733788395906	1.3969924812030075	14.13232104121475	0.0015015015015015015	0.0	6.007532956685499	16.780442804428045
27507	0.0	1.0113168724279835	0.0	3.088235294117647	0.0	0.0	0.9210526315789473	2.0787589498806684	0.0	12.270666666666667	4.2734375	0.0	0.0	0.06790123456790123	6.250267379679144	7.895927601809955	0.0	9.068157614483493	1.0657734470158344	17.89378531073446	0.0	0.0	3.3876698014629048	18.778947368421054
27508	0.0	1.8637820512820513	0.09750152346130408	2.4412628487518355	0.0	0.0	1.4405874499332443	1.6459709379128138	0.0	7.283512064343164	4.414273281114013	0.8167574931880109	0.0	0.0	3.856754921928038	9.984485190409027	0.0	4.109389243391067	0.9316546762589928	15.922680412371134	0.0	0.0	4.232344632768362	15.806083650190114
27509	0.0	0.7249560632688928	0.25486250838363517	2.6403508771929824	0.0	0.0	1.9252209381373215	1.2463662790697674	0.0	8.887235708692247	4.110861423220974	0.0	0.0	0.0	4.751173708920188	8.833995234312948	0.0	3.5836701697655617	1.7149659863945579	18.29299363057325	0.0	0.0	2.190729483282675	13.958001448225923
27510	0.0	0.9022556390977443	0.0	0.2920353982300885	0.0	0.0	0.0	1.1879699248120301	0.0	5.888888888888889	5.9700374531835205	0.0	0.0	0.0	7.726775956284153	7.159235668789809	0.0	0.0	2.2481203007518795	13.118577075098814	0.0	0.0	7.532432432432432	15.737837837837837
27511	0.0	0.8595744680851064	0.0	0.0	0.0	0.0	3.018181818181818	0.9309153713298791	0.0	10.274853801169591	3.8454935622317596	0.0	0.0	0.0	5.367595818815331	10.27257525083612	0.0	1.6591375770020533	0.5783333333333334	18.432038834951456	0.0	0.0	3.4316666666666666	20.543278084714547
27512	0.0	4.93687707641196	0.0	4.1294498381877025	0.47249190938511326	0.0	1.1503267973856208	0.0	0.0	14.371841155234657	2.9190938511326863	2.7475728155339807	0.0	0.0	6.598705501618123	5.949090909090909	0.0	3.2815533980582523	1.1423948220064726	16.773972602739725	0.0	0.0	6.194174757281553	20.842105263157894
27513	0.0	4.422818791946309	0.0	4.339195979899498	0.0	0.0	5.104477611940299	3.6711409395973154	0.0	10.913907284768213	4.355481727574751	0.0	0.0	0.3579418344519016	5.147196261682243	13.820261437908497	0.0	4.255079006772009	0.0	23.84308510638298	0.0	0.7536945812807881	5.241157556270096	14.609375
27514	0.0	5.469194312796208	0.0	3.6777777777777776	0.0	0.0	4.120171673819742	1.4681647940074907	1.5205992509363295	10.297872340425531	6.640449438202247	0.0	0.0	0.0	2.363157894736842	12.239495798319327	0.0	0.29213483146067415	0.43820224719101125	10.381818181818181	0.0	0.0	6.190697674418605	18.640625
27515	0.0	1.4351145038167938	0.0	3.1745762711864405	0.0	0.0	0.0	0.7457264957264957	0.0	8.938435940099833	6.409448818897638	0.41585760517799353	0.0	0.48058252427184467	4.952173913043478	10.490981963927856	0.0	9.751243781094526	1.6578512396694214	21.926829268292682	0.0	0.49514563106796117	5.182456140350877	8.64
27516	0.0	1.2602436323366555	0.0	2.992748846407383	0.0	0.0	1.8343125734430081	1.8326647564469913	0.0	9.896131805157593	3.3940677966101696	0.8648947951273532	0.14119601328903655	0.0	5.244741873804971	6.547019053472649	0.0	6.014188422247446	1.071982281284607	17.911577608142494	0.0	0.0	3.8027681660899653	20.81968341362698
27517	0.0	2.6422651933701657	0.0	3.534435261707989	0.0	0.0	1.010540184453228	0.7154150197628458	0.0	8.161016949152541	3.3828892005610096	1.8397626112759644	0.0	0.0	3.078125	7.638998682476943	0.07905138339920949	3.2173228346456693	0.0	15.503389830508475	0.0	0.0	1.790513833992095	12.799392097264437
27518	0.0	1.9381443298969072	0.0	5.017985611510792	0.0	0.0	1.8857142857142857	0.9140893470790378	0.0	13.735395189003436	4.81786941580756	1.8969072164948453	0.0	0.0	0.0	6.487364620938628	0.0	4.0	0.0	28.824626865671643	0.0	0.0	0.0	11.635379061371841
27519	0.0	1.727450980392157	0.0	3.212707182320442	0.0	0.0	1.9100642398286938	1.2215686274509805	0.0	6.295711060948081	4.155263157894737	0.0	0.0	0.0	5.301229508196721	9.239175257731958	0.0	7.760775862068965	1.1529411764705881	15.16421568627451	0.0	0.0	3.1666666666666665	15.856854838709678
27520	0.0	1.6521739130434783	0.0	2.9643347050754456	0.0	0.0	0.0	2.971875	0.0	6.163372859025033	1.7125984251968505	0.0	1.4180790960451977	1.1899736147757256	6.280868385345998	5.742105263157895	0.0	4.237871674491393	0.9986824769433466	18.052482269503546	0.0	0.0	5.892638036809816	14.264615384615384
27521	0.0	1.528692380056444	0.0	0.0	0.0	0.0	0.9393605292171996	1.9449360865290068	0.0	6.89957264957265	5.017135862913097	0.0	0.0	0.0	3.49558390578999	7.086458333333334	0.0	4.600182149362477	1.8032786885245902	18.73264540337711	0.0	0.0	4.048780487804878	22.18210197710718
27522	0.0	0.0	0.0	3.8625	0.0	0.0	2.648550724637681	1.7173913043478262	0.0	8.652173913043478	2.4053030303030303	0.0	0.0	0.0	4.0398550724637685	4.322463768115942	0.0	6.884615384615385	0.5217391304347826	3.06951871657754	0.0	0.0	1.934782608695652	6.935828877005347
27523	0.0	0.0	0.0	0.2557077625570776	0.0	0.0	2.922374429223744	0.0	0.0	2.497716894977169	1.2283105022831051	0.0	0.0	0.0	0.0	0.2557077625570776	0.0	2.9360730593607305	0.0	2.688995215311005	0.0	0.0	0.0	4.367149758454106
27524	0.09450171821305842	0.0	0.38602520045819017	3.7188059701492535	0.0	0.0	1.5025	0.7868852459016393	0.0	9.531428571428572	1.847255369928401	0.0	0.0	0.0	3.9920687376074024	6.94382801664355	0.0	4.749039692701665	1.0354654844838505	15.32241813602015	0.0	0.0	5.299932295192959	17.272912423625254
27525	0.0	0.7811447811447811	0.0	0.3157894736842105	0.0	0.0	1.3161764705882353	1.7745098039215685	0.0	9.38121546961326	2.3333333333333335	0.0	0.0	0.0	8.343629343629344	6.173295454545454	0.0	4.149333333333334	1.2769607843137254	17.473684210526315	0.0	0.0	2.4901960784313726	12.070769230769232
27526	0.0	0.0	0.0	2.8676286072772896	0.0	0.0	2.545070422535211	1.8423545331529094	0.0	7.428783382789318	5.023760330578512	1.8525821596244132	0.0	0.0	5.087077093732668	5.805108273181566	0.0	2.7916666666666665	1.8225352112676056	18.97312750142939	0.0	0.0	4.207799145299146	12.679185232336092
27527	0.0	2.12183908045977	0.0	2.8226600985221677	0.0	0.0	0.0	2.2804597701149425	0.0	10.848275862068965	1.631728045325779	4.445977011494253	0.728735632183908	0.0	3.829971181556196	6.3244147157190636	0.0	2.550480769230769	1.3908045977011494	13.375598086124402	0.0	0.0	2.8513513513513513	14.115789473684211
27528	0.0	2.6769109535066984	1.1875492513790387	1.9749303621169916	0.0	0.0	2.2919254658385095	2.247549019607843	0.0	8.387603305785124	3.260869565217391	1.6264775413711583	0.0	0.0	3.9551020408163264	9.820700896495518	0.0	1.498003992015968	1.2126050420168066	15.444761904761904	0.0	0.0	2.0495495495495497	15.850937808489634
27529	0.0	1.4365781710914454	0.0	1.9341563786008231	0.0	0.0	2.191740412979351	1.3244837758112094	0.0	8.00589970501475	5.651162790697675	0.0	0.0	0.0	2.896755162241888	10.767175572519085	0.0	5.041297935103245	3.4690265486725664	10.629283489096574	0.0	0.0	1.0029498525073746	20.207100591715978
27530	0.033426183844011144	1.6812834224598932	0.0	4.2322097378277155	0.0	0.0	1.0950048971596473	1.4702380952380953	0.0	5.245125348189415	3.4631268436578173	1.1429897864438254	0.0	0.0	3.9901768172888015	7.419501133786848	0.0	1.6862955032119915	2.0157845868152275	13.127363184079602	0.0	0.0	3.7063236870310825	9.955901426718547
27531	0.0	0.0	0.0	1.1687763713080168	0.0	0.0	0.0	0.0	0.0	2.6371308016877637	1.5822784810126582	0.0	0.0	0.0	5.324894514767933	4.675675675675675	0.0	0.0	0.0	15.889473684210527	0.0	0.0	0.6242038216560509	8.10126582278481
27532	0.0	1.254368932038835	0.0	1.9429012345679013	0.0	0.0	1.4368	1.2795497185741087	0.0	11.181229773462784	5.033003300330033	2.095679012345679	0.0	0.0	4.724738675958188	6.17948717948718	0.0	3.165170556552962	5.13745704467354	22.351738241308794	0.0	0.0	4.873840445269017	13.922689075630252
27533	0.0	0.0	0.0	2.3777089783281733	0.0	0.0	1.7962962962962963	1.0102739726027397	0.0	4.8441558441558445	2.2848101265822787	0.0	0.0	0.0	2.447530864197531	7.474402730375426	0.0	1.5019011406844107	1.3558052434456929	8.551181102362206	0.6419753086419753	0.4351851851851852	5.538071065989848	20.27777777777778
27534	0.0	2.5202821869488536	0.0	3.1146384479717812	0.0	0.0	0.47971781305114636	1.1022927689594357	0.0	9.15606936416185	2.475374732334047	2.0	0.0	0.0	7.551383399209486	13.877083333333333	0.0	3.375	1.4797178130511464	21.868525896414344	0.0	0.0	2.856812933025404	9.235421166306695
27535	0.0	2.798816568047337	1.8284023668639053	4.195187165775401	0.0	0.0	3.5863636363636364	1.0256410256410255	0.0	13.285302593659942	7.928571428571429	0.0	1.0059171597633136	0.0	4.639455782312925	6.032	0.0	2.708641975308642	1.0715705765407555	22.435443037974682	0.0	0.0	5.492	10.666666666666666
27536	0.0	0.0	0.0	0.0	0.0	0.0	0.0	0.0	0.0	7.297297297297297	0.0	0.0	0.0	0.0	0.0	0.0	0.0	0.0	0.0	8.919191919191919	0.0	0.0	5.313868613138686	12.491891891891893
27537	0.0	3.7777777777777777	1.2592592592592593	10.291005291005291	0.0	0.0	3.1164021164021163	3.4497354497354498	0.0	14.524271844660195	5.658682634730539	4.4603174603174605	0.0	0.0	8.148936170212766	12.555555555555555	0.0	3.9576719576719577	2.8306878306878307	28.83916083916084	0.0	0.0	12.110294117647058	18.048484848484847
27538	0.4567901234567901	0.32510288065843623	0.0	1.3016528925619835	0.0	0.0	0.0	0.0	0.0	4.48404255319149	0.32098765432098764	0.0	0.0	0.0	5.126168224299065	5.658436213991769	0.0	4.181069958847736	0.0	6.9405940594059405	0.0	0.0	1.308641975308642	17.71505376344086
27539	0.0	1.4363636363636363	0.0	2.193939393939394	0.0	0.0	0.0	0.0	0.0	1.8060606060606061	4.442424242424242	0.0	0.0	0.0	2.303030303030303	10.207407407407407	0.0	5.496969696969697	2.2545454545454544	6.796178343949045	0.0	0.0	0.0	9.803680981595091
27540	0.0	0.0	0.0	3.678936605316973	0.0	0.0	2.9721030042918457	1.2024539877300613	0.0	8.802631578947368	2.5705521472392636	0.0	0.0	0.0	5.167525773195877	10.813793103448276	0.0	1.188073394495413	2.223849372384937	12.592132505175984	0.0	0.0	4.74012474012474	13.63594470046083
27541	0.0	0.0	2.638888888888889	4.319444444444445	0.0	0.0	5.71875	0.6666666666666666	0.0	7.784090909090909	9.109004739336493	0.0	0.0	0.0	3.4339622641509435	6.106508875739645	0.0	4.472222222222222	0.0	12.857954545454545	0.0	0.0	3.4953703703703702	12.891304347826088
27542	0.0	0.0	0.0	1.0687103594080338	0.0	0.0	0.0	1.8076588337684942	0.0	4.336345381526105	2.1849442379182156	0.0	0.0	0.0	1.632393084622384	3.8975265017667846	0.0	4.498940677966102	0.4134029590948651	8.234347048300537	0.14273281114012185	0.20974760661444736	3.0657657657657658	6.761085972850679
27543	0.0	0.9351851851851852	0.0	4.015432098765432	0.0	0.0	0.0	0.0	0.0	9.773234200743495	3.2244224422442245	2.549342105263158	0.0	0.9320987654320988	4.180451127819549	11.756	0.0	5.1234567901234565	2.205357142857143	19.69047619047619	0.0	0.7314814814814815	4.844594594594595	11.262672811059907
27544	0.0	2.7827715355805243	1.0	3.4508670520231215	0.0	0.0	5.536363636363636	2.041198501872659	0.0	7.083018867924529	2.8277153558052435	0.0	0.0	0.0	8.033333333333333	10.924324324324324	0.0	5.846511627906977	0.9250936329588015	20.19921875	0.0	0.0	5.987804878048781	20.639024390243904
27545	0.0	1.0182926829268293	0.0	5.623175182481752	0.0	0.0	1.6190965092402465	0.9073869900771775	0.0	7.165067178502879	1.925751879699248	0.0	0.0	0.0	4.129455909943715	8.1537558685446	0.0	5.9026047565118915	1.7304643261608155	17.211306765523634	0.025431425976385105	0.0	3.772375690607735	16.09238578680203
27546	0.0	0.0	0.9966996699669967	4.396039603960396	0.0	0.0	1.8385650224215246	2.2706270627062706	0.0	9.72888888888889	3.9174917491749173	1.9867986798679869	0.46864686468646866	0.0	2.2962962962962963	5.468965517241379	0.0	6.924092409240924	1.2706270627062706	15.859712230215827	0.0	1.033003300330033	5.211221122112211	19.86178861788618
27547	0.0	0.7660818713450293	0.0	4.713450292397661	0.0	0.0	0.3333333333333333	0.14035087719298245	0.0	7.368421052631579	2.046783625730994	0.0	0.0	0.0	1.6140350877192982	4.718954248366013	0.0	3.4330708661417324	3.274390243902439	18.408333333333335	0.0	0.23391812865497075	3.4853801169590644	6.83125
27548	0.0	2.024608501118568	0.0	3.2885906040268456	0.0	0.0	1.9776286353467563	3.2290249433106575	0.0	12.480106100795757	10.518018018018019	0.2058165548098434	0.0	0.0	3.680089485458613	9.61111111111111	0.0	2.950391644908616	1.4744897959183674	18.745205479452054	0.0	0.0	1.276657060518732	19.15573770491803
27549	0.0	0.0	0.0	0.0	0.0	0.0	0.0	1.1691542288557213	0.0	5.87248322147651	0.0	0.0	0.0	0.0	9.802139037433156	4.785123966942149	0.0	5.410596026490066	0.0	4.63681592039801	0.0	0.0	0.0	12.472636815920398
27550	0.0	1.1244813278008299	0.0	2.043630017452007	0.0	0.0	0.0	0.0	0.0	7.577909270216963	3.0697674418604652	0.0	0.0	0.5026178010471204	3.0202020202020203	9.808564231738035	0.0	2.6766595289079227	0.0	10.230923694779117	0.0	0.0	4.076305220883534	10.213740458015268
27551	0.0	1.9430379746835442	1.0632911392405062	7.502173913043478	0.0	0.0	5.248633879781421	5.37199124726477	0.0	26.521628498727736	6.875690607734807	3.029535864978903	0.0	0.4810126582278481	8.512658227848101	18.970464135021096	0.0	7.89662447257384	5.369158878504673	34.14412416851441	0.0	0.0	11.938028169014084	27.28133704735376
27552	0.0	1.72	0.0	3.64	0.0	0.0	1.6	1.8256880733944953	0.0	16.178403755868544	5.104417670682731	1.7033333333333334	0.0	0.0	6.030769230769231	7.671586715867159	0.0	3.0168067226890756	3.5566666666666666	21.528	0.0	0.0	4.066666666666666	8.378091872791519
27553	0.0	0.0	0.0	1.681159420289855	0.0	0.0	2.1932367149758454	0.0	0.0	10.870967741935484	4.5893719806763285	4.367149758454106	0.0	0.0	8.407407407407407	16.426470588235293	0.0	2.6451612903225805	1.293193717277487	16.635359116022098	0.0	0.0	5.927536231884058	7.883720930232558
27554	0.0	2.763157894736842	0.0	4.53125	0.0	0.0	0.0	3.9947916666666665	0.0	15.061349693251534	7.791666666666667	1.8385416666666667	0.0	0.0	10.933333333333334	13.050359712230216	0.0	17.562043795620436	1.78125	16.85987261146497	0.16666666666666666	0.0	9.472222222222221	21.354166666666668
27555	0.0	1.7254901960784315	0.0	10.88135593220339	0.0	0.0	4.30718954248366	0.8169934640522876	0.0	22.897435897435898	14.533834586466165	2.094017094017094	0.0	0.0	13.359477124183007	13.986928104575163	0.0	8.525925925925925	1.5815602836879432	43.31578947368421	0.0	0.0	7.457516339869281	24.3841059602649
27556	0.0	4.565217391304348	0.8362068965517241	3.25	0.0	0.0	5.735632183908046	1.2097701149425288	0.0	9.89080459770115	9.0	2.086206896551724	0.4051724137931034	0.0	11.8671875	17.029850746268657	0.0	9.272988505747126	0.5833333333333334	30.660919540229884	1.1264367816091954	0.0	10.332046332046332	25.311377245508982
27557	0.0	0.5158730158730159	0.626984126984127	0.0	0.0	0.0	0.0	1.5476190476190477	0.0	4.599118942731278	2.986666666666667	1.6865079365079365	0.0	0.0	3.4444444444444446	8.72316384180791	0.0	6.835555555555556	0.40476190476190477	16.140625	0.0	0.0	4.126829268292683	15.0
27558	0.0	0.0	0.0	2.981060606060606	0.0	0.0	0.0	1.606060606060606	0.0	4.390350877192983	0.0	0.0	0.0	0.0	6.99537037037037	5.649769585253456	0.0	7.495762711864407	1.4053030303030303	8.078838174273859	0.0	0.0	1.2386363636363635	2.765765765765766
27559	0.0	0.0	0.0	3.9458333333333333	0.0	0.0	3.0854166666666667	0.0	0.0	9.246153846153845	3.3507972665148062	0.0	0.0	0.0	3.8354166666666667	5.484184914841849	0.0	0.9878787878787879	1.0416666666666667	15.952083333333333	0.0	0.20833333333333334	1.2166666666666666	8.89375
27560	0.0	0.0	0.0	4.040123456790123	0.0	0.0	0.5267175572519084	0.0	0.0	5.63375796178344	12.690972222222221	0.0	0.6234096692111959	0.05343511450381679	3.1376404494382024	9.232835820895522	0.0	3.776081424936387	1.633587786259542	19.418367346938776	0.6743002544529262	0.6844783715012722	7.370262390670554	9.247232472324724
27561	0.0	1.9774774774774775	0.0	2.7613941018766757	0.0	0.0	1.8265765765765767	1.9627906976744185	0.0	12.080882352941176	2.0142857142857142	0.3355855855855856	0.0	0.0	4.3428571428571425	9.802292263610315	0.0	10.88888888888889	1.364864864864865	24.273170731707317	0.0	0.0	4.1122715404699735	22.463730569948186
27562	0.0	2.098445595854922	0.0	2.6271186440677967	0.0	0.2158894645941278	2.587219343696028	2.2728842832469773	0.0	13.22863741339492	0.0	2.4185639229422065	0.0	0.0	6.7734375	8.808383233532934	0.0	1.5734024179620034	2.0541586073500966	11.752118644067796	0.46113989637305697	0.0	6.822102425876011	13.19815668202765
27563	0.0	2.387205387205387	0.0	0.0	0.0	0.0	2.2457912457912457	1.4006734006734007	0.0	13.506172839506172	4.860902255639098	2.04040404040404	1.7171717171717171	2.676767676767677	9.77720207253886	10.361702127659575	0.0	10.75925925925926	5.737373737373737	27.280276816608996	0.4064516129032258	1.9966329966329965	8.157894736842104	26.8989898989899
27564	0.0	2.132841328413284	0.3242424242424242	3.4186046511627906	0.0	0.0	1.9094827586206897	0.5878787878787879	0.0	5.12	6.0212121212121215	1.812121212121212	0.0	0.0	6.906666666666666	7.704119850187266	0.0	4.083892617449664	1.5333333333333334	16.32295719844358	0.0	0.0	0.8121212121212121	20.266666666666666
27565	0.0	2.1142857142857143	0.0	3.7666666666666666	0.7666666666666667	0.0	5.51948051948052	0.0	0.0	5.446601941747573	2.368715083798883	2.4761904761904763	0.0	0.6	1.7523809523809524	5.8341463414634145	0.0	4.170212765957447	0.9523809523809523	21.31958762886598	0.0	0.0	6.6	18.60135135135135
27566	1.1879432624113475	2.742296918767507	1.5376984126984128	4.975409836065574	1.6932624113475176	2.6790780141843973	7.8618421052631575	7.580375782881002	0.0	50.16107382550336	14.324137931034484	4.251386321626617	2.8670411985018727	2.3238636363636362	9.666666666666666	14.136363636363637	2.131205673758865	29.75227272727273	16.35456475583864	40.24843423799582	3.314410480349345	2.234866828087167	7.791666666666667	56.81196581196581
27567	0.0	7.2272727272727275	0.0	5.45679012345679	0.0	0.0	8.944186046511629	1.6825396825396826	0.0	9.666666666666666	5.400793650793651	2.853211009174312	0.0	0.0	11.65079365079365	10.98015873015873	0.0	7.122905027932961	1.1825396825396826	30.49122807017544	0.0	0.753968253968254	14.017045454545455	23.69325153374233
27568	0.0	1.0642201834862386	0.0	2.6666666666666665	0.0	0.0	1.379204892966361	1.0061162079510704	0.0	6.533653846153846	5.125984251968504	0.0	0.0	0.0	3.558922558922559	11.377118644067796	0.0	2.434250764525994	1.4882154882154883	14.958860759493671	0.0	0.5688073394495413	5.417763157894737	11.009771986970684
27569	0.0	0.0	1.4234234234234233	1.1531531531531531	0.0	0.0	3.315315315315315	1.3333333333333333	0.0	5.198198198198198	2.018018018018018	0.36036036036036034	0.0	0.0	4.54054054054054	8.073684210526316	0.0	3.027027027027027	0.3963963963963964	9.315315315315315	0.0	0.0	1.8484848484848484	6.216216216216216
27570	0.0	1.707282913165266	0.0	0.9173669467787114	0.0	0.0	2.2	0.9649859943977591	0.0	6.382978723404255	3.1095041322314048	0.8856152512998267	0.0	0.0	3.3081232492997197	7.570402298850575	0.0	3.7764298093587523	0.30392156862745096	17.474336283185842	0.0	0.0	6.645412130637636	15.133333333333333
27571	0.0	1.6752136752136753	0.0	5.230046948356808	0.0	0.0	2.5256410256410255	0.0	0.0	10.845771144278608	0.0	0.0641025641025641	0.0	0.0	1.4059829059829059	3.024390243902439	0.0	3.2606837606837606	2.7393162393162394	11.306358381502891	0.0	0.0	3.9401709401709404	12.346153846153847
27572	0.0	0.8418079096045198	1.0319634703196348	3.690773067331671	0.0	0.0	1.1621004566210045	1.8538812785388128	0.0	9.068493150684931	2.059880239520958	1.8926940639269407	0.11187214611872145	0.0	5.087349397590361	8.03943661971831	0.0	5.071240105540897	0.2237442922374429	24.408668730650156	0.0	0.0	2.819634703196347	14.254658385093167
27573	0.0	1.5762052877138413	0.0	3.4188334504567814	0.0	0.0	1.3717948717948718	0.5804243668720055	0.0	7.761061946902655	3.030878859857482	1.624812030075188	0.0	0.08350444900752908	4.605113636363637	8.47626112759644	0.0	4.245430809399478	1.3897353648757016	20.744401544401544	0.0	0.0	5.065369649805447	18.093267882187938
27574	0.0	1.5060240963855422	0.0	5.26878612716763	0.0	0.0	2.6997245179063363	1.6115702479338843	0.0	9.31045751633987	2.2451790633608817	1.0769230769230769	0.8319559228650137	0.0	3.6261682242990654	8.066115702479339	0.0	5.0321428571428575	2.1707988980716255	19.598513011152416	0.09917355371900827	0.0	3.5847457627118646	15.740072202166065
27575	0.28933333333333333	1.7573333333333334	0.0	2.7975460122699385	0.0	0.0	1.956	1.796	0.0	7.8754098360655735	6.053857350800582	0.0	0.0	0.0	6.725067385444744	12.517301038062284	0.0	3.128	0.30133333333333334	16.738931297709925	0.0	0.0	2.4054054054054053	22.635343618513325
27576	0.0	0.0	0.0	3.353191489361702	0.0	0.0	1.2745098039215685	0.0	0.0	6.197346600331675	1.7719821162444114	0.0	0.0	0.0	0.0	6.933928571428571	0.0	3.397163120567376	0.0	13.266666666666667	0.0	0.0	1.7570498915401302	9.408360128617364
27577	0.0	0.70995670995671	0.0	1.2534435261707988	0.0	0.0	0.0	0.7218934911242604	0.0	3.600550964187328	3.041322314049587	0.0	0.0	0.0	5.224431818181818	9.708196721311475	0.0	0.4935064935064935	0.0	24.93846153846154	0.0	0.0	4.088154269972452	16.68705035971223
27578	0.0	1.1689750692520775	0.0	3.2535885167464116	0.0	0.0	2.4616822429906544	2.1791320406278856	0.0	6.383589743589743	1.4207525655644242	0.7762008733624454	0.0	0.0	3.2871652816251156	8.181902123730378	0.0	3.291547958214625	1.2354570637119113	13.837182448036952	0.0	0.0	3.5720384204909283	8.603268945022288
27579	0.0	2.868544600938967	0.24882629107981222	1.6525821596244132	0.0	0.0	2.7652582159624415	2.0	0.0	15.07981220657277	4.769230769230769	3.918918918918919	0.0	0.0	5.8604651162790695	14.28	0.0	6.995305164319249	2.9342723004694835	39.66197183098591	0.460093896713615	0.0	10.408450704225352	24.27659574468085
27580	0.0	2.4590818363273454	0.0	4.215859030837004	0.0	0.0	1.146067415730337	3.7645429362880884	0.0	10.251428571428571	4.253493013972056	1.0698602794411178	0.0	0.0	7.8923766816143495	10.759791122715404	0.0	5.299776286353468	1.8083832335329342	30.031936127744512	0.0	0.0	7.327345309381237	31.503703703703703
27581	0.0	4.356394129979035	0.0	3.0377358490566038	0.0	0.0	1.8003992015968064	1.183632734530938	0.0	17.98663697104677	8.947236180904522	2.267734553775744	0.0	2.089430894308943	9.392523364485982	14.197994987468672	0.0	8.029545454545454	5.987804878048781	19.6597510373444	2.0059880239520957	0.5988023952095808	5.023255813953488	10.278378378378378
27582	0.0	0.0	0.2222222222222222	1.257936507936508	0.0	0.0	5.829365079365079	2.1587301587301586	0.0	7.5256410256410255	10.372448979591837	0.0	0.0	0.2619047619047619	3.4206349206349205	4.063025210084033	0.0	3.347826086956522	4.821917808219178	9.893518518518519	0.0	0.0	3.103448275862069	15.894039735099337
27583	0.0	2.6405228758169934	1.4640522875816993	7.273755656108597	0.0	0.0	5.404833836858006	2.701525054466231	0.0	9.992592592592592	2.849673202614379	1.2766884531590414	0.0	0.0	6.614285714285714	8.708133971291867	0.0	8.426829268292684	1.308724832214765	23.120786516853933	0.0	0.0	4.943820224719101	26.410404624277458
27584	0.0	3.9435294117647057	0.0	4.705336426914153	0.0	0.0	2.4004329004329006	2.0043290043290045	0.0	9.930735930735931	4.7018779342723	0.7623188405797101	0.0	0.0	7.078260869565217	12.283950617283951	0.0	3.2705627705627704	2.4554455445544554	17.005633802816902	0.0	0.0	2.3562653562653564	22.484777517564403
27585	0.0	0.8492377188029362	0.0	3.948172757475083	0.0	0.0	2.113131313131313	4.066345639379347	0.0	10.81527936145952	5.781266631186801	0.0	0.0	0.0	6.770127706829539	9.083943661971832	0.0	7.093631178707224	2.961615154536391	24.754377431906615	0.0	0.5788505747126437	6.967044840626689	19.111046511627908
27586	0.0	0.8940568475452196	0.0	2.00749063670412	0.0	0.0	5.0850622406639	1.1291666666666667	0.0	5.293144208037825	3.940074906367041	0.0	0.0	0.0	5.799603174603175	9.533333333333333	0.0	1.4042553191489362	2.799625468164794	16.915948275862068	0.0	0.0	5.84375	19.85185185185185
27587	0.0	0.0	0.0	7.017142857142857	0.0	0.0	6.1335311572700295	4.73352435530086	0.0	16.355371900826448	6.801075268817204	0.0	1.14247311827957	0.0	11.64247311827957	13.28763440860215	0.0	6.195652173913044	3.9301075268817205	23.98701298701299	0.0	0.0	13.523121387283236	25.790178571428573
27588	0.0	2.8863636363636362	1.559748427672956	2.981132075471698	0.0	0.0	0.3522012578616352	2.763358778625954	0.0	6.454545454545454	9.132075471698114	1.471698113207547	0.0	0.0	3.949685534591195	10.735294117647058	0.0	1.2893081761006289	0.8805031446540881	20.943089430894307	0.2893081761006289	0.0	5.786206896551724	24.17241379310345
27589	0.0	5.981220657276995	0.0	2.9342723004694835	0.0	0.0	2.5023474178403755	1.3333333333333333	0.0	8.545454545454545	1.2300469483568075	0.0	0.0	0.0	3.995305164319249	15.0	0.0	1.5211267605633803	0.7511737089201878	11.64039408866995	0.0	0.0	7.629834254143646	11.870967741935484
27590	0.0	0.9836734693877551	0.5326241134751774	3.9013953488372093	0.0	0.0	2.746646795827124	1.8136256851996868	0.0	14.815447154471546	3.839080459770115	0.8435980551053485	0.0	0.0	6.502598366740906	8.820930232558139	0.0	7.555640243902439	2.651968503937008	29.857717041800644	0.0	0.0	6.194590533433509	19.384364820846905
27591	0.0	3.3635265700483092	0.8454106280193237	4.135854341736695	1.2717391304347827	0.0	1.465149359886202	1.7014725568942437	0.0	6.818181818181818	3.4574616457461644	0.0	0.0	0.0	6.346764346764346	11.857946554149086	0.0	7.5773913043478265	1.5809178743961352	26.756038647342994	0.0	0.0	5.151419558359621	24.736091298145507
27592	0.0	4.878787878787879	0.0	1.6242424242424243	0.0	0.0	0.806060606060606	0.0	0.0	4.223529411764706	0.0	0.0	0.0	0.0	3.0787878787878786	2.963636363636364	0.0	3.75	0.0	6.781818181818182	0.0	0.0	0.0	4.951515151515151
27593	0.0	1.2248062015503876	0.0	2.456989247311828	0.0	0.0	0.0	0.0	0.0	10.277372262773723	0.0	2.1344086021505375	0.0	0.0	0.0	4.817204301075269	0.0	7.9937106918239	0.0	16.892857142857142	0.0	0.0	5.98936170212766	12.180124223602485
27594	0.0	1.0579322638146167	0.0	0.9691991786447639	0.0	0.0	2.018744142455483	1.8275862068965518	0.0	4.992950654582074	3.9168877099911583	0.0	0.0	0.0	3.897312859884837	6.956190476190476	0.0	2.690582959641256	0.9625668449197861	9.593821510297483	0.0	0.33244916003536695	5.350109409190372	13.553492484526966
27595	0.0	1.434920634920635	0.0	2.4671532846715327	0.0	0.0	4.376190476190477	1.6472727272727272	0.0	5.19622641509434	2.9714285714285715	0.1111111111111111	0.0	0.0	3.657142857142857	8.894366197183098	0.0	4.930327868852459	1.1301587301587301	10.945686900958467	0.0	0.0	3.780952380952381	16.280898876404493
27596	0.0	1.1899441340782122	0.7579143389199255	1.3348519362186788	0.0	0.0	2.623836126629423	1.011467889908257	0.0	8.919512195121952	3.335195530726257	2.2410546139359697	0.0	0.0	2.7665847665847667	8.07578947368421	0.0	5.524210526315789	1.4878957169459963	19.839851024208567	0.0	0.0	6.21327967806841	20.090551181102363
27597	0.0	1.7035175879396984	0.0	7.582677165354331	0.0	0.0	2.201550387596899	0.9932432432432432	0.0	14.174193548387096	3.1361702127659576	0.0	0.0	0.0	5.476744186046512	15.220430107526882	0.0	13.685950413223141	1.426356589147287	22.63005780346821	0.1511627906976744	0.0	8.397196261682243	21.626050420168067
27598	0.0	0.0	0.0	1.7142857142857142	0.0	0.0	1.4106463878326996	0.0	0.0	4.162105263157895	4.542619542619542	1.5590828924162257	0.0	0.0	2.8465608465608465	10.388140161725067	0.0	5.983208955223881	1.2663139329805997	19.77906976744186	0.0	0.0	5.008928571428571	11.776150627615063
27599	0.0	1.4238805970149253	0.0	3.2613803230543317	0.0	0.0	1.7142857142857142	2.092797783933518	0.0	9.082530949105914	5.0242914979757085	0.0	0.0	0.0	5.914285714285715	10.25975975975976	0.0	4.555732484076433	1.0418353576248314	26.70196671709531	0.0	0.0	4.329912023460411	9.99646017699115
27600	0.3164251207729469	0.9759206798866855	0.042270531400966184	4.954545454545454	0.0	0.0	0.9807692307692307	1.2079207920792079	0.0	10.36938202247191	3.9987293519695046	1.463768115942029	0.05314009661835749	0.0	3.4642356241234222	5.1717612809315865	0.0	5.979020979020979	0.5314009661835749	24.85990338164251	0.0	0.0	5.675062972292191	12.498626373626374
27601	0.6120218579234973	0.9590163934426229	0.0	1.9508196721311475	0.0	0.0	0.6065573770491803	0.7951388888888888	0.0	12.775577557755776	1.8820754716981132	0.0	0.0	0.0	7.526027397260274	8.105442176870747	0.0	4.719546742209632	4.581967213114754	14.127118644067796	0.0	0.0	2.4523809523809526	17.640949554896142
27602	0.0	0.9411764705882353	0.0	2.7418032786885247	0.0	0.0	2.831372549019608	0.6313725490196078	0.0	13.989189189189188	5.933884297520661	1.9529411764705882	0.3843137254901961	0.0	3.164705882352941	9.689024390243903	0.0	2.615686274509804	4.788079470198675	19.912037037037038	0.0	0.0	6.968036529680365	14.79607843137255
27603	0.0	0.21839080459770116	0.0	2.7339593114241003	0.0	0.0	3.7339593114241003	1.9454887218045114	0.0	10.205660377358491	4.428571428571429	1.2128325508607198	0.0	0.0	6.647887323943662	11.53298611111111	0.0	4.062724014336918	0.0	25.09457092819615	0.22848200312989045	0.0	4.73202614379085	15.549532710280374
27604	0.0	2.0745233968804158	0.0	3.4726962457337884	0.0	0.0	1.909710391822828	0.5746835443037974	0.0	7.8111753371868975	4.185897435897436	0.0	0.0	1.0964467005076142	2.7380281690140844	9.26565143824027	0.0	5.2867256637168145	0.0	19.053061224489795	0.0	0.0	3.0761421319796955	9.874172185430464
27605	0.0	0.0	0.19799498746867167	5.096026490066225	0.0	0.0	4.900990099009901	2.886029411764706	0.0	13.913669064748202	8.666666666666666	1.2105263157894737	0.0	0.0	4.326589595375722	6.824503311258278	0.0	4.877984084880636	3.3753501400560224	25.216129032258063	0.0	0.0	4.537906137184115	17.670360110803323
27606	0.0	2.4132231404958677	0.0	3.0275482093663912	0.0	0.0	0.0	1.7851239669421488	0.0	6.787096774193548	3.635048231511254	1.1831955922865014	0.0	0.0	2.948497854077253	8.600308641975309	0.0	3.175046554934823	0.6101928374655647	22.266666666666666	0.0	0.0	7.5366197183098596	13.408771929824562
27607	0.0	0.20134228187919462	0.5637583892617449	3.953307392996109	0.0	0.0	0.8604651162790697	0.0	0.0	10.487394957983193	6.201780415430267	1.9686800894854586	0.0	0.0	5.404682274247492	2.639821029082774	0.0	6.331838565022421	0.0	21.701970443349754	0.0	0.0	3.4541387024608503	14.260089686098654
27608	0.0	1.8533333333333333	0.0	3.2266666666666666	0.0	0.0	0.0	0.0	0.0	3.626465661641541	3.5761467889908256	0.0	0.0	0.0	3.887780548628429	7.6327944572748265	0.0	1.258347978910369	0.0	5.442013129102845	0.0	0.0	5.175406871609403	12.678294573643411
27609	0.0	0.14035087719298245	0.0	0.16140350877192983	0.0	0.0	5.817021276595745	0.0	0.0	4.857758620689655	1.6771929824561405	0.9859649122807017	0.0	0.0	4.680701754385965	5.752577319587629	0.0	5.884892086330935	5.133858267716535	7.429951690821256	0.0	0.0	2.2035087719298247	21.44140625
27610	0.0	2.063013698630137	0.0	6.197916666666667	0.0	0.0	3.0217983651226157	3.456090651558074	0.0	11.134615384615385	4.702917771883289	1.4321608040201006	0.0	0.0	7.233727810650888	12.198966408268733	0.0	10.692307692307692	5.275590551181103	28.861290322580643	0.5124378109452736	0.0	6.3058103975535165	24.04985337243402
27611	0.0	0.972318339100346	1.1155555555555556	2.7099697885196377	0.0	0.0	1.9171122994652405	0.0	0.0	5.590452261306533	5.208888888888889	1.385321100917431	0.0	0.0	4.544529262086514	10.654088050314465	0.0	4.029315960912052	1.1088888888888888	9.129337539432177	0.0	0.0	1.6168478260869565	15.560794044665013
27612	0.0	0.0	0.0	2.6379310344827585	0.0	0.0	0.0	3.870503597122302	0.0	16.2578125	1.4827586206896552	0.0	0.0	0.0	2.1091954022988504	12.181034482758621	0.0	7.160919540229885	0.0	21.424	0.0	0.0	5.241176470588235	6.096153846153846
27613	0.0	0.0	0.0	1.9532163742690059	0.0	0.0	2.664717348927875	1.3675889328063242	0.0	13.513647642679901	6.2162740899357605	1.290448343079922	0.0	0.0	6.059701492537314	9.590643274853802	0.0	6.475442043222004	0.5692007797270955	17.176125244618394	0.0	0.0	5.2272727272727275	18.119804400977994
27614	0.0	2.2824858757062145	0.0	1.9096045197740112	0.14689265536723164	0.0	1.8644067796610169	0.1864406779661017	0.0	9.937853107344633	1.265625	0.0	0.0	0.0	4.72316384180791	14.219354838709677	0.0	15.19205298013245	0.0	26.320987654320987	0.0	0.0	2.689265536723164	18.649717514124294
27615	0.0	0.0	0.0	5.414267834793492	0.0	0.0	1.8231481481481482	3.0027777777777778	0.0	10.913494809688581	3.8667334669338675	1.6904083570750237	0.0	0.0	6.063429137760159	11.456762749445677	0.0	2.8363443145589797	0.7546296296296297	29.82776617954071	0.0	0.08148148148148149	2.959375	27.59439707673569
27616	0.0	0.71280276816609	0.0	5.425797503467407	0.0	0.0	2.2205882352941178	0.6875957120980092	0.0	13.0864	6.075642965204236	0.6919831223628692	0.0	0.5229007633587787	7.952023988005997	8.661045531197303	0.0	8.007987220447284	0.0	18.731428571428573	0.0	0.0	5.259574468085106	15.917808219178083
27617	0.0	0.0	0.0	4.449612403100775	0.0	0.0	4.52	2.3446969696969697	0.0	9.887254901960784	0.5841584158415841	1.1730769230769231	0.0	0.0	4.091666666666667	11.161538461538461	0.0	7.944444444444445	1.143939393939394	28.238636363636363	0.0	0.0	4.03030303030303	21.75
27618	0.0	0.0	0.0	1.6685878962536023	0.0	0.0	3.838709677419355	0.9326923076923077	0.0	7.629729729729729	3.8649425287356323	0.0	0.0	0.0	7.4475524475524475	4.579545454545454	0.0	4.888888888888889	3.163170163170163	20.574358974358976	0.0	0.0	2.4670487106017194	13.931818181818182
27619	0.0	0.0	0.0	5.206666666666667	0.0	0.0	1.5	5.096385542168675	0.0	10.768115942028986	2.506666666666667	0.0	0.0	0.0	1.48	7.371134020618556	0.0	1.7333333333333334	2.1133333333333333	28.55140186915888	0.0	0.0	10.092783505154639	6.258333333333334
27620	0.0	0.0	0.0	0.0	0.0	0.0	1.8630952380952381	0.0	0.0	0.9226190476190477	0.40476190476190477	0.0	0.0	0.0	0.0	0.0	0.0	0.0	0.0	0.0	0.0	0.0	0.0	0.0
27621	0.0	0.0	0.0	0.5238095238095238	0.0	0.0	0.0	0.0	0.0	3.877551020408163	0.0	0.0	0.0	0.0	0.0	0.0	0.0	1.6666666666666667	0.0	1.782312925170068	0.0	0.0	0.0	0.0
27622	0.0	1.070063694267516	0.0	2.1444201312910285	0.0	0.0	2.9592760180995477	1.7643312101910829	0.0	9.803097345132743	5.4986807387862795	2.140127388535032	0.0	0.6029723991507431	3.8067940552016983	5.633136094674557	0.0	5.822695035460993	0.39490445859872614	17.794117647058822	0.0	0.0	3.433333333333333	23.192073170731707
27623	0.0	3.957957957957958	0.0	3.878594249201278	0.0	0.0	1.5735735735735736	1.0990990990990992	0.0	8.049056603773584	2.1531531531531534	0.0	0.0	0.0	3.0737327188940093	10.175298804780876	0.0	1.2612612612612613	1.3393393393393394	12.477351916376307	0.0	0.0	4.24024024024024	16.906906906906908
27624	0.0	0.0	0.0	3.6943521594684388	0.0	0.0	5.908333333333333	2.9555555555555557	0.0	5.64935064935065	8.972560975609756	3.442786069651741	0.0	0.0	7.36318407960199	8.649305555555555	0.0	5.1759530791788855	1.5472636815920398	21.94375	0.0	0.0	2.027363184079602	12.603092783505154
27625	0.0	0.0	0.0	5.403118040089087	0.0	0.0	0.6594202898550725	0.5978260869565217	0.0	7.315035799522673	4.092	0.0	0.391304347826087	0.0	3.1704781704781704	7.84869976359338	0.0	5.904458598726115	2.690866510538642	25.251196172248804	0.0	0.5471014492753623	3.9185022026431717	17.56813819577735
27626	0.0	1.1615434924787442	0.0	2.9833506763787723	0.0	0.030952380952380953	0.6894824707846411	2.856424982053123	0.0	7.509884117246081	4.994001713796059	0.8942875902823375	0.0	0.0	4.367678193366267	6.659949622166247	0.0	5.231913455037187	1.8384424192212097	17.77459618208517	0.0	0.0	5.767857142857143	12.075316927665922
27627	0.0	1.4799635701275045	0.0	1.9395348837209303	0.0	0.0	0.0	2.1669658886894076	0.0	4.456026058631922	3.472998137802607	1.3550347222222223	0.0	0.0	1.820054945054945	4.303162486368593	0.0	4.081920903954802	0.8018018018018018	11.680369989722507	0.0	0.0	4.416958041958042	13.724714160070361
27628	0.0	1.9393939393939394	0.0	3.1549586776859506	0.0	0.0	0.0	0.0	0.0	10.35966892400301	2.7786333012512032	1.4050736497545009	0.0	0.0	4.644194756554307	10.700842696629213	0.0	6.256887565152644	0.38980716253443526	16.072078907435507	0.0	0.0	4.841004184100418	14.532774390243903
27629	0.0	1.6666666666666667	0.0	2.832744405182568	0.0	0.0	2.560185185185185	3.26986301369863	0.0	8.381630012936611	4.043478260869565	1.0822510822510822	0.0	0.2922077922077922	2.4602649006622515	7.699754901960785	0.0	6.196691176470588	0.0	18.074424898511502	0.0	0.0	4.517704517704518	13.81260096930533
27630	0.0	0.2706552706552707	0.18518518518518517	4.048076923076923	0.0	0.0	1.9202279202279202	1.601139601139601	0.0	10.051903114186851	3.0559006211180124	0.6495726495726496	0.0	0.0	1.3162393162393162	9.91764705882353	0.0	8.136363636363637	0.0	11.195035460992909	0.0	0.0	2.671875	18.081911262798634
27631	0.0	0.0	0.9671717171717171	4.438746438746438	0.0	0.0	5.470760233918129	2.8676923076923075	0.0	7.940721649484536	2.9453781512605044	2.3055555555555554	0.0	0.0	6.297872340425532	11.28423772609819	0.0	2.3836734693877553	0.6439393939393939	25.325757575757574	0.0	0.0	7.682926829268292	9.451807228915662
27632	0.0	1.857451403887689	0.0	4.549726775956284	0.0	0.0	0.722875816993464	0.0	0.0	10.687882496940025	1.62178517397882	0.0	0.0	0.0	3.6122994652406417	9.201129943502824	0.0	6.379578246392897	0.0	18.26254375729288	0.0	0.0	5.140864714086471	10.564979480164158
27633	0.5198135198135199	1.835820895522388	0.0	4.4581005586592175	0.0	0.0	5.112412177985949	1.0536130536130537	0.0	5.694638694638694	1.9560810810810811	0.0	0.0	0.0	4.75990675990676	11.067164179104477	0.0	11.165501165501166	2.861182519280206	24.7016317016317	0.0	0.6153846153846154	4.312676056338028	15.32512315270936
27634	0.0	0.0	0.0	3.3663793103448274	0.0	0.0	1.0984848484848484	0.8958333333333334	0.0	9.546938775510204	8.081896551724139	0.0	1.5795454545454546	0.0	3.800531914893617	6.209580838323354	0.0	3.188888888888889	0.7665903890160183	9.682572614107883	0.0	0.0	3.504	10.185714285714285
27635	0.0	1.5241809672386895	0.0	2.6289592760180995	0.0	0.0	0.7849264705882353	3.716	0.0	8.22635135135135	3.1413333333333333	0.0	0.0	0.0	3.341692789968652	10.389393939393939	0.0	7.355742296918767	0.0	19.823529411764707	0.0	0.0	4.174922600619195	16.830015313935682
27636	0.0	0.0	0.8202898550724638	2.859011627906977	0.0	0.0	1.6985507246376812	1.655536028119508	0.0	6.92128801431127	1.9020537124802528	0.3652173913043478	0.0	0.0	4.095447870778267	7.45	0.0	6.964150943396226	1.5342205323193916	15.891437308868502	0.0	0.0	3.5188405797101447	17.831067961165047
27637	0.0	1.425357873210634	0.0	2.1356350184956843	0.0	0.0	2.994878361075544	1.5458663646659117	0.0	7.8215859030837	3.572354211663067	0.9054505005561735	0.0	0.0	5.195555555555556	7.816936488169365	0.0	4.061026352288488	0.7743732590529248	17.17653758542141	0.0	0.0	6.817989417989418	16.92235294117647
27638	0.0	1.4785932721712538	0.6452599388379205	1.3700305810397553	0.0	0.0	3.293918918918919	1.9982847341337908	0.0	7.277972027972028	3.771493212669683	1.9835526315789473	0.0	0.0	4.67737003058104	5.28781512605042	0.0	1.8942307692307692	2.2660550458715596	19.84926470588235	0.0	0.0	8.9609375	16.067226890756302
27639	0.0	0.8156424581005587	0.0	1.66597510373444	0.0	0.0	1.9454191033138402	0.9478584729981379	0.0	8.090336134453782	0.0	0.17318435754189945	0.0	0.0	3.546666666666667	10.012170385395537	0.0	3.0540037243947857	3.422382671480144	11.064102564102564	0.0	0.0	3.5898876404494384	16.525751072961373
27640	0.0	1.3776493256262043	1.930635838150289	3.9498956158663883	0.0	0.0	2.4065510597302504	2.203309692671395	0.0	8.092337917485265	3.0992167101827675	0.5838150289017341	0.0	0.0	3.3424657534246576	5.085510688836105	0.0	2.7505285412262155	0.0	14.411458333333334	0.0	0.0	7.534334763948498	21.73474178403756
27641	0.0	0.0	2.214814814814815	5.2368421052631575	0.0	0.0	3.577777777777778	3.3333333333333335	0.0	10.145669291338583	3.903703703703704	0.5259259259259259	0.0	0.0	0.625	13.044897959183674	0.0	1.089430894308943	0.0	24.704453441295545	0.0	0.0	2.1542857142857144	13.803846153846154
27642	0.0	1.8447488584474885	0.0	5.5353535353535355	0.0	0.0	1.821917808219178	0.0	0.0	7.338308457711443	4.2	3.4794520547945207	0.0	0.0	10.40677966101695	8.68125	0.0	3.954337899543379	1.8949771689497716	17.107142857142858	0.0	0.0	3.6164383561643834	11.317567567567568
27643	0.0	0.0	0.0	3.398550724637681	0.0	0.5072463768115942	5.353115727002967	0.9518072289156626	0.0	9.827298050139277	2.152173913043478	3.916434540389972	0.0	0.6666666666666666	2.207161125319693	14.854889589905362	0.0	2.9485530546623795	2.053299492385787	15.50936329588015	0.0	0.0	6.338164251207729	18.334246575342465
27644	0.0	2.164940239043825	0.0	3.6333608587943846	0.20076628352490422	0.0	0.0	1.568659127625202	0.0	9.63219512195122	2.50169779286927	1.3463601532567049	0.0	0.0	2.4383673469387754	4.590822179732314	0.0	1.9152410575427683	2.5959119496855347	21.208333333333332	0.07662835249042145	0.0	4.427777777777778	15.294009216589862
27645	0.0	1.3591269841269842	0.0	7.609756097560975	0.0	0.0	0.0	0.0	0.0	9.59919028340081	4.363143631436315	0.0	0.0	0.0	2.3155452436194897	6.005797101449275	0.0	2.229357798165138	2.0972222222222223	12.424444444444445	0.0	0.9603174603174603	2.972413793103448	18.386904761904763
27646	0.0	2.1673582295988933	0.5696969696969697	0.4340425531914894	0.0	0.0	1.5636363636363637	0.0	0.0	9.534666666666666	2.547680412371134	0.0	0.0	0.0	2.686153846153846	10.297297297297296	0.0	1.9420485175202156	2.720048899755501	18.8125	0.0	0.7127272727272728	5.238451935081149	19.555151515151515
27647	0.0	0.8579970104633782	0.0	1.2929745889387145	0.0	0.0	2.011111111111111	1.460388639760837	0.0	5.553271028037384	2.7693836978131214	2.1333333333333333	0.0	0.0	2.6625874125874125	7.376363636363636	0.0	7.109983079526227	2.884228187919463	12.220454545454546	0.0	0.0	4.933333333333334	10.886397608370702
27648	0.0	1.8694885361552027	0.7802874743326489	2.5238095238095237	0.0	0.0	2.6864754098360657	2.812267657992565	0.0	12.42970297029703	5.789256198347108	0.0	0.0	0.0	6.6316758747697975	11.481624758220503	0.0	6.23956043956044	1.5394736842105263	27.947483588621445	0.2962962962962963	0.0	7.6558317399617595	15.837264150943396
27649	0.0	2.092741935483871	1.3333333333333333	5.17921146953405	0.0	0.0	3.1577060931899643	3.795698924731183	0.0	7.4640287769784175	2.655	0.0	0.0	0.007168458781362007	8.075268817204302	8.630952380952381	0.0	4.956937799043062	0.0	24.774193548387096	0.0	0.0	8.05911330049261	23.059288537549406
27650	0.0	2.6597222222222223	0.8645833333333334	1.982905982905983	0.0	0.0	0.9027777777777778	3.453061224489796	0.0	8.12206572769953	2.298611111111111	0.0	0.0	0.0	11.770114942528735	10.916666666666666	0.0	4.6937984496124034	0.0	29.66822429906542	0.0	0.0	5.052083333333333	16.471698113207548
27651	0.0	1.7753164556962024	0.0	3.9453551912568305	0.0	0.0	1.0237467018469657	1.4063604240282686	0.0	13.122754491017965	3.8	2.871794871794872	0.0	0.0	4.679347826086956	5.888888888888889	0.0	6.202156334231806	0.0	20.572207084468666	0.12051282051282051	0.0	7.44559585492228	18.14144736842105
27652	0.0	1.5887445887445888	0.0	0.0	0.0	0.0	4.017316017316017	2.481981981981982	0.0	15.029411764705882	9.394618834080717	1.844155844155844	0.0	0.0	0.0	15.289099526066352	0.0	14.204379562043796	0.0	23.53488372093023	0.0	0.0	19.233502538071065	22.524064171122994
27653	0.0	2.158333333333333	0.4361111111111111	1.012448132780083	0.0	0.0	0.0	2.723943661971831	0.0	11.283216783216783	5.2555555555555555	2.861111111111111	0.0	0.0	5.593220338983051	15.93525179856115	0.0	1.8274647887323943	1.3194444444444444	24.271317829457363	0.0	0.0	2.6117216117216118	12.657692307692308
27654	0.0	3.774193548387097	0.0	2.8536585365853657	0.0	0.0	0.0	0.0	0.0	15.329741379310345	3.765957446808511	0.7866666666666666	0.0	0.9085365853658537	5.325301204819277	6.8	0.0	6.397530864197531	3.897018970189702	14.675615212527964	0.0	0.0	5.997524752475248	14.008130081300813
27655	0.0	0.8830022075055187	0.0	5.629242819843342	0.0	0.0	2.664459161147903	0.0	0.0	3.930894308943089	3.166189111747851	3.07125890736342	0.0	0.0	7.8053333333333335	6.2975460122699385	0.0	8.236641221374045	1.1267605633802817	9.528395061728395	0.0	0.47902869757174393	5.886363636363637	16.752336448598133
27656	0.0	0.5605573419078242	0.0	0.677384780278671	0.0	0.0	1.1071811361200428	1.392282958199357	0.0	3.7404092071611252	2.9750656167979	0.0	0.0	0.0	4.2888283378746594	6.055359246171967	0.0	4.279937791601866	1.690246516613076	14.488126649076516	0.0	1.1864951768488745	3.6175637393767706	15.094319399785638
27657	0.0	5.617283950617284	0.0	2.6774193548387095	0.0	0.0	7.068292682926829	6.35	0.0	6.529411764705882	4.521367521367521	3.4705882352941178	0.9859154929577465	0.0	7.146596858638744	18.78488372093023	0.0	8.372972972972972	0.0	27.27699530516432	0.0	0.0	2.995305164319249	31.4
27658	0.0	0.0	0.0	3.4174454828660434	0.0	0.0	3.642857142857143	1.8611111111111112	0.0	5.9914772727272725	1.773936170212766	1.5376984126984128	0.0	0.0	4.980337078651686	6.875518672199171	0.0	2.4384920634920637	1.1408730158730158	19.54756380510441	0.0	0.0	4.159313725490196	9.93002257336343
27659	0.0	0.0	0.0	4.262962962962963	0.0	0.0	0.0	0.14074074074074075	0.0	6.970772442588727	1.8649789029535866	1.7722222222222221	0.0	0.0	3.020242914979757	8.351598173515981	0.0	3.4988452655889146	2.6444444444444444	21.5807962529274	0.0	0.24814814814814815	3.7804232804232805	10.566985645933014
27660	0.0	3.838235294117647	0.0	5.107843137254902	0.5196078431372549	0.0	4.176470588235294	0.0	0.0	11.82089552238806	12.872549019607844	3.735294117647059	0.0	0.0	5.623711340206185	15.221052631578948	0.0	9.259803921568627	0.553921568627451	32.384105960264904	0.8480392156862745	0.0	8.304123711340207	27.35151515151515
27661	0.0	0.45045045045045046	0.0	0.0	0.0	0.0	1.2612612612612613	1.6036036036036037	0.0	6.252252252252252	0.0	0.0	0.0	0.0	4.640776699029126	4.441441441441442	0.0	0.7972972972972973	1.0	4.18018018018018	0.0	0.5495495495495496	4.711711711711712	3.5555555555555554
27662	0.0	1.6342857142857143	0.0	1.006726457399103	0.0	0.0	0.0	2.142023346303502	0.0	5.861176470588235	2.196687370600414	0.9371980676328503	0.0	0.0	7.186335403726708	4.250585480093677	0.0	0.7705882352941177	1.9561904761904763	13.174157303370787	0.0	0.0	2.4301075268817205	25.19260700389105
27663	0.0	0.0	0.0	2.3346613545816735	0.01834862385321101	0.0	0.0	3.453658536585366	0.0	4.241803278688525	3.7935222672064777	0.0	0.0	0.0	4.112244897959184	7.532786885245901	0.0	6.196551724137931	0.0	17.024539877300615	0.0061162079510703364	0.0	2.2996941896024463	9.209059233449477
27664	0.0	0.6597061098221191	0.0	0.9146825396825397	0.0	0.0	1.6844547563805103	1.0027027027027027	0.0	7.084837545126354	1.879746835443038	0.45011600928074247	0.0	0.0	3.917009038619556	6.914036996735582	0.0	3.002577319587629	0.0	12.084192439862543	0.0	0.0	2.4194880264244425	10.058566433566433
27665	0.0	0.8333333333333334	0.0	1.4444444444444444	0.0	0.0	2.037037037037037	1.2916666666666667	0.0	14.515695067264573	2.274074074074074	1.4592592592592593	0.0	0.0	1.4158415841584158	14.02962962962963	0.0	4.5399239543726235	0.1111111111111111	12.31223628691983	0.2222222222222222	0.0	2.411111111111111	20.655339805825243
27666	0.0	1.3333333333333333	0.0	2.0576923076923075	0.0	0.5555555555555556	1.1752136752136753	0.0	0.0	4.798955613577023	3.52991452991453	0.0	0.0	1.0683760683760684	9.262798634812286	6.717277486910994	0.0	0.9002624671916011	1.016470588235294	16.769452449567723	0.0	0.0	3.192214111922141	17.609418282548475
27667	0.0	2.201058201058201	0.0	3.8158415841584157	0.0	0.0	1.4771929824561403	1.252573238321457	0.0	7.836925960637301	2.007269789983845	1.6386999244142102	0.0	0.0	5.719090009891197	6.174468085106383	0.0	3.6254266211604094	0.75	15.7012987012987	0.0	0.0	4.935647756138866	17.41509433962264
27668	0.0	3.864406779661017	0.0	1.5698924731182795	0.0	0.0	3.472049689440994	1.4301075268817205	0.0	8.988950276243093	1.6559139784946237	4.193548387096774	0.0	0.0	4.338709677419355	3.4887640449438204	0.0	4.053763440860215	0.37	23.019108280254777	0.0	0.0	2.7419354838709675	19.335227272727273
27669	0.0	2.5736434108527133	0.0	2.2325581395348837	0.0	0.0	0.8811369509043928	1.0956072351421189	0.0	8.165374677002584	3.45703125	0.599483204134367	0.0	0.0	5.337662337662338	2.8376811594202898	0.0	4.277777777777778	0.0	10.276657060518732	0.0	0.0	4.684754521963824	6.332425068119891
27670	0.0	0.0	0.0	3.9047619047619047	0.0	0.0	1.2659090909090909	0.0	0.0	4.419953596287703	2.022332506203474	0.9030470914127424	0.0	0.0	3.4451754385964914	7.364130434782608	0.0	5.350446428571429	0.0	21.455026455026456	0.0	0.6622807017543859	2.8373333333333335	10.449404761904763
27671	0.0	1.1807909604519775	0.0	5.4241758241758244	0.0	0.0	1.0866290018832392	0.0	0.0	9.084479371316306	1.848866498740554	1.1713747645951036	0.0	0.0	5.36346516007533	8.530183727034121	0.0	6.291338582677166	6.168900804289544	22.627956989247313	0.0	0.0	5.44988344988345	14.752358490566039
27672	0.0	1.7058823529411764	0.6803327391562686	3.7162977867203217	0.0	0.0	1.6556688662267547	2.1508951406649617	0.0	6.471238938053097	3.5065176908752327	1.7253269916765754	0.29233511586452765	0.0	5.917539267015707	9.091844813935076	0.0	7.074521651560927	1.0231809401159047	23.330733229329173	0.0	0.0	6.534516765285996	14.336265223274696
27673	0.0	2.230899830220713	0.0	2.9583333333333335	0.0	0.0	2.3255813953488373	1.7839931153184165	0.0	9.157792836398839	1.7315731573157316	0.0	0.0	0.0	4.466968325791855	9.402970297029704	0.0	4.283566058002148	1.8408163265306123	16.414750957854405	0.0	0.0	3.4088717454194795	23.12831389183457
27674	0.0	0.9928994082840237	0.5912806539509536	3.652834008097166	0.0	0.0	2.163754368447329	3.1475409836065573	0.0	7.121228448275862	3.082420448617632	1.6217075386012716	0.0	0.0	4.019143576826196	12.831756046267087	0.0	3.97874852420307	1.217369222955815	17.46457142857143	0.0	0.0	3.7101303911735206	18.633081896551722
27675	0.0	2.101010101010101	0.0	4.6767676767676765	0.0	0.0	7.070707070707071	5.373737373737374	0.0	7.338983050847458	5.646464646464646	0.0	0.0	0.0	2.3535353535353534	11.202380952380953	0.0	5.383838383838384	0.0	14.94949494949495	0.0	0.0	12.11111111111111	12.011111111111111
27676	0.0	0.855595667870036	0.0	3.2407894736842104	0.0	0.0	3.087579617834395	0.51985559566787	0.0	10.436739659367397	4.826362484157161	1.2166064981949458	0.0	0.0	6.024067388688327	6.97962154294032	0.0	4.465233881163084	1.2214199759326112	19.279452054794522	0.0	0.0	1.8753026634382566	16.548599670510708
27677	0.0	1.5680087051142546	0.0	2.4237132352941178	0.0	0.0	1.5834127740705435	0.9951830443159922	0.0	12.536701620591039	3.5775	0.0	0.0	0.0	2.9877126654064274	8.903307888040713	0.0	5.978515625	0.16570605187319884	17.67389060887513	0.0	0.0	5.2057692307692305	21.699771689497716
27678	0.0	1.7835144927536233	0.0	2.4808548530721284	0.0	0.0	1.653361344537815	3.848816029143898	0.0	12.935632183908046	3.816849816849817	1.0203644158628082	0.0	0.0	4.788865546218488	5.948387096774193	0.0	7.068965517241379	1.4450307827616535	24.87569573283859	0.0	0.0	4.87037037037037	17.17686318131257
27679	0.0	1.701716738197425	0.0	2.706581352833638	0.0	0.0	1.5407725321888412	1.9334456613310869	0.0	10.56645056726094	2.270995670995671	0.9048640915593705	0.0	0.0	8.10387323943662	12.805091487669053	0.0	7.048892284186402	1.6807367613200308	33.62534690101758	0.0	0.0	5.161068702290076	17.53198127925117
27680	0.0	0.0	0.17106314948041568	1.6814814814814816	0.0	0.0	0.7639442231075697	1.0868347338935573	0.0	6.888785046728972	3.4990774907749076	0.9584332533972821	0.0	0.0	5.8277777777777775	10.835371589840076	0.0	3.5986733001658373	1.5731414868105515	12.070786516853932	0.0	0.2190247801758593	3.13077593722755	18.821645021645022
27681	0.0	0.9587471352177235	0.3502487562189055	2.569027181688126	0.0	0.0	1.8440213760855044	1.9192546583850931	0.0	10.79657794676806	3.707408800300865	0.8535911602209945	0.0	0.11973466003316749	4.444918265813788	10.674453096032629	0.0	4.401621223286662	0.0	19.11770761839396	0.33034825870646767	0.42023217247097844	6.142521534847298	22.89778468713564
27682	0.0	1.801033591731266	0.0	2.5249283667621776	0.20095342867620095	0.0	1.827084252315836	1.4059405940594059	0.0	7.562412993039443	5.381720430107527	1.2867620095342867	0.0022002200220022	0.0	4.581341911764706	10.850334448160535	0.0	2.902837902837903	1.6883786316776008	21.946436677258284	0.0	0.0	3.914473684210526	17.858577040593627
27683	0.0	0.0	0.0	1.991158267020336	0.0332541567695962	0.0	2.899919935948759	2.718263718263718	0.0	5.534754402224282	4.906427221172023	0.0	0.0	0.0	3.6403425309229305	8.387982832618025	0.0	4.95906432748538	2.2485966319166	19.961904761904762	0.0	0.0	5.800548947849954	17.88492417484389
27684	0.0	2.011173184357542	0.8200692041522492	3.3171856978085352	0.0	0.0	2.615681233933162	2.0433673469387754	0.0	10.426202321724709	5.154471544715447	1.2110726643598615	0.0	0.0	4.712066905615293	12.215453194650816	0.0	7.28170731707317	2.216601815823606	18.926795580110497	0.0	0.0	5.863395225464191	18.92509855453351
27685	0.0	1.2583025830258303	0.0	2.4587945879458792	0.07749077490774908	0.0	1.9506346967559944	1.9089790897908978	0.0	8.07823613086771	4.845962732919254	0.6051660516605166	0.0	0.0	3.7080745341614905	4.965909090909091	0.0	4.262166405023548	1.5104551045510455	18.45727136431784	0.0	0.0	4.026912181303116	22.007451564828614
27686	0.0	0.0	0.0	0.0	0.0	0.0	0.0	0.0	0.0	2.652263374485597	0.0	0.0	0.0	0.0	0.0	0.0	0.0	0.0	0.0	0.0	0.0	0.0	0.8162162162162162	2.477366255144033
27687	0.0	0.8970917225950783	0.0	3.5097087378640777	0.0	0.0	1.854586129753915	0.15436241610738255	0.0	4.754521963824289	1.7202970297029703	0.0	0.0	0.0	2.825503355704698	5.839743589743589	0.0	1.8501118568232662	2.0447427293064875	17.41176470588235	0.0	0.0	2.6271186440677967	10.917888563049853
27688	0.0	2.1690821256038646	0.0	1.95088161209068	0.0	0.0	1.9061784897025171	1.5555555555555556	0.0	8.110047846889952	3.723382045929019	2.0995121951219513	0.0	0.0	2.9808184143222505	7.994775339602926	0.0	1.8282442748091603	0.0	17.37615740740741	0.0	0.0	5.30083857442348	13.50943396226415
27689	0.0	1.5238095238095237	0.0	1.0654761904761905	0.0	0.0	2.7589285714285716	1.1279761904761905	0.0	8.754940711462451	2.6041666666666665	2.7132616487455197	0.0	0.0	3.7589285714285716	3.6913183279742765	0.0	2.0755287009063443	0.008928571428571428	10.568888888888889	0.0	0.0	1.5714285714285714	6.848484848484849
27690	0.0	2.5898876404494384	0.839835728952772	3.5977249224405377	0.0	0.0	3.032219570405728	3.032178217821782	0.0	12.19904076738609	5.752625437572929	0.6071428571428571	0.0	0.0	4.361803084223013	14.519640852974186	0.0	11.396511627906976	3.1333333333333333	26.022030651340994	0.0	0.0	7.262273901808785	22.23314285714286
27691	0.0	3.197416974169742	0.8525345622119815	7.258517034068136	0.0629800307219662	0.0	6.49615975422427	2.035330261136713	0.0	12.252767527675276	5.870722433460076	1.40234375	0.0	0.0	6.5	9.48936170212766	0.0	3.8413223140495867	2.7956600361663653	20.17089678510998	0.0	0.0	8.345276872964169	19.714876033057852
27692	3.066666666666667	2.3904761904761904	0.0	0.9587301587301588	0.0	0.0	0.7206349206349206	1.5365079365079366	0.025396825396825397	11.884816753926701	9.88929889298893	0.0	1.9936507936507937	5.418181818181818	2.5445859872611467	7.184126984126984	0.8698412698412699	0.0	8.108433734939759	8.485714285714286	3.191780821917808	5.063492063492063	4.06425702811245	9.05079365079365
27693	0.0	0.5816993464052288	0.0	1.7901907356948228	0.21350762527233116	0.0	0.0	2.8758169934640523	0.0	8.612200435729848	2.6963855421686747	2.943355119825708	0.0	0.0	7.833333333333333	8.492374727668846	0.0	8.885093167701863	0.28322440087145967	22.318885448916408	0.0	0.0	3.3967517401392113	15.121546961325967
27694	0.0	2.5106227106227106	0.0	4.55078125	0.0	0.0	1.5747776879547293	2.3594095940959408	0.0	8.463070539419087	4.587230215827338	1.5238095238095237	0.37655677655677655	0.0	5.584567420109119	13.238326848249027	0.0	6.0583717357910905	0.826394344069128	28.491568296795954	0.0	0.0	5.233064516129033	15.89911929543635
27695	0.0	0.8405797101449275	0.0	1.0289855072463767	0.0	0.0	0.7391304347826086	3.393700787401575	0.0	5.373737373737374	2.3840579710144927	0.6666666666666666	0.0	0.0	1.3768115942028984	6.021739130434782	0.0	1.9326923076923077	0.0	3.4946236559139785	0.0	2.0	3.3168316831683167	12.572463768115941
27696	0.0	0.0	0.0	0.0	0.0	0.0	0.0	0.0	0.0	0.0	0.0	1.507936507936508	0.0	0.0	0.0	0.7083333333333334	0.0	0.0	0.0	0.32575757575757575	0.0	0.0	0.0	3.7925925925925927
27697	1.4222222222222223	1.8703703703703705	0.0	2.3296296296296295	0.0	0.0	2.757847533632287	0.0	0.0	3.151898734177215	3.7589285714285716	0.0	0.0	0.0	12.48917748917749	4.7309417040358746	0.0	4.814814814814815	0.0	9.020408163265307	0.0	0.0	1.537037037037037	5.738636363636363
27698	0.0	1.0959183673469388	0.0	2.831807780320366	0.0	0.0	2.152854511970534	2.10865561694291	0.0	6.733552631578948	6.71648987463838	0.5518169582772544	0.0	0.0	3.1817142857142855	12.85085574572127	0.0	4.472832369942196	1.1570621468926554	20.593366093366093	0.0	0.0	6.871977240398293	22.566556655665565
27699	0.0	1.7034035656401945	0.0	3.7913279132791327	0.0	0.0	1.8534798534798536	1.0182481751824817	0.0	10.175824175824175	3.6191950464396285	1.8541666666666667	0.0	0.0	4.998313659359191	11.471927162367223	0.0	7.383141762452107	1.2098214285714286	28.043478260869566	0.0	0.0	8.026785714285714	22.553014553014552
27700	0.0	1.7556719022687608	0.0	1.0372340425531914	0.0	0.0	1.0767888307155322	1.2774869109947644	0.0	4.617801047120419	1.1239092495636998	0.0	0.0	0.0	0.0	0.7577197149643705	0.0	4.32037037037037	0.0	4.580037664783427	0.0	0.0	0.0	5.148883374689826
27701	0.0	1.7421259842519685	0.0	3.46929422548121	0.0	0.0	3.5534591194968552	2.884735202492212	0.0	8.916338582677165	7.389830508474576	2.9963403476669717	0.0	0.0	6.072710951526032	13.00329489291598	0.0	10.329136690647482	3.6834008097165993	34.40366172624237	0.0	0.0	8.891487371375117	21.017806935332707
27702	0.0	0.2638888888888889	0.0	4.88855421686747	0.8388888888888889	3.1666666666666665	2.6135693215339235	4.969444444444444	0.8388888888888889	2.908450704225352	3.5304347826086957	0.0	0.0	0.0	5.498338870431894	6.083870967741936	0.0	2.121771217712177	7.601941747572815	20.698224852071007	0.0	0.0	5.170886075949367	26.310606060606062
27703	0.6911111111111111	0.0	0.0	4.081218274111675	0.0	0.0	2.548888888888889	1.228888888888889	0.0	7.038095238095238	1.3977777777777778	1.6643835616438356	0.0	0.0	8.236585365853658	4.112994350282486	0.0	7.750716332378223	0.0	23.714714714714713	0.0	0.0	8.233668341708542	13.484375
27704	0.0	0.0	0.0	0.0	0.7551020408163265	0.0	2.401360544217687	3.704081632653061	0.0	9.654166666666667	0.0	0.0	0.0	0.0	3.9761904761904763	11.316326530612244	0.0	3.877551020408163	0.0	12.158590308370044	0.0	0.0	6.387755102040816	14.098639455782314
27705	0.0	1.0	1.037037037037037	0.0	0.0	0.0	0.4074074074074074	0.0	0.0	2.6203703703703702	2.5462962962962963	0.0	0.0	0.17592592592592593	5.592592592592593	16.669811320754718	0.0	7.401869158878505	0.0	12.731707317073171	0.0	0.0	3.9278350515463916	8.98019801980198
27706	0.0	3.107142857142857	0.0	0.0	0.0	0.0	1.501984126984127	0.0	0.0	6.22737819025522	1.8806682577565632	0.39285714285714285	0.0	0.0	2.6780821917808217	8.91991341991342	0.0	2.609126984126984	0.9682539682539683	15.254166666666666	0.0	0.0	4.37020316027088	16.417525773195877
27707	0.0	1.1099195710455765	0.0	3.239390642002176	0.0	0.0	3.1038575667655786	1.166	0.0	7.721729490022173	2.2273603082851636	1.0786416443252904	0.0	0.0	6.360328638497653	6.795966785290629	0.0	2.771764705882353	0.840929401251117	13.263002944062807	0.0	0.0	5.3746452223273415	12.602687140115163
27708	0.0	2.3885209713024285	0.0	8.189573459715639	0.0	0.0	1.6095505617977528	1.9183222958057395	0.0	11.591743119266056	2.4804878048780488	2.1942604856512142	0.1434878587196468	0.0	8.237136465324385	11.558962264150944	0.0	3.7152466367713006	0.6666666666666666	23.393103448275863	0.19426048565121412	0.0	5.771498771498772	9.867298578199053
27709	0.0	2.150997150997151	0.0	0.0	0.0	0.0	3.7986348122866893	0.0	0.0	13.234726688102894	6.4586894586894585	2.9936507936507937	0.0	0.0	10.320512820512821	7.134670487106018	0.0	5.5078125	0.0	21.85663082437276	0.0	0.0	5.256637168141593	10.406153846153845
27710	0.0	0.9961977186311787	0.0	0.9641255605381166	0.0	0.0	1.5727272727272728	1.7713310580204777	0.0	9.973597359735974	8.072164948453608	0.13157894736842105	0.0	0.0	5.4	10.4	0.0	5.235294117647059	3.8363636363636364	17.360294117647058	0.0	0.49696969696969695	6.560165975103734	23.431372549019606
27711	0.0	1.7385524372230428	0.0	1.9036544850498338	0.0	0.0	5.257183908045977	1.0732758620689655	0.0	10.014727540500736	4.747648902821316	0.6867816091954023	0.0	0.0	6.1996402877697845	13.080438756855576	0.0	6.875542691751085	2.802047781569966	28.26271186440678	0.0	0.0	7.839595375722543	24.740219092331767
27712	0.0	3.4164588528678306	0.0	6.733785822021116	0.44505831798649476	0.0	3.6305732484076434	6.044472681067345	0.0	19.961707470182045	6.7740506329113925	2.231032125768968	0.0	0.0	11.518196202531646	14.139833711262282	0.0	10.102941176470589	3.6751800916830386	41.34794711203897	0.0	0.0	12.36049723756906	36.69929622520793
