items	num_genomes_gene_cluster_has_hits	num_genes_in_gene_cluster	max_num_paralogs	SCG	functional_homogeneity_index	geometric_homogeneity_index	combined_homogeneity_index	ECGs_and_EAGs!EAG	ECGs_and_EAGs!ECG	ECGs_and_EAGs!NA	EAG_ECG_ratio
GC_00000001	12	99	19	0	0.496736096306353	0.700363135115884	0.581231096976011	1	98	0	0.0101010101010101
GC_00000002	11	71	20	0	0.663219129958439	0.682618637179036	0.672779066984008	0	71	0	0.0
GC_00000003	9	35	8	0	0.544740155002164	0.694910565873971	0.610729591798709	1	34	0	0.0285714285714286
GC_00000004	11	33	11	0	0.711937636861912	0.647576195938941	0.678233432424854	0	33	0	0.0
GC_00000005	10	30	7	0	0.683471049727053	0.728987751929831	0.705496009462624	0	30	0	0.0
GC_00000006	12	29	6	0	0.813410272733821	0.798469698054941	0.805870743026531	0	29	0	0.0
GC_00000007	9	27	6	0	0.69448074796421	0.76724941552344	0.729053776514373	0	27	0	0.0
GC_00000008	11	27	5	0	0.619999328768962	0.702775272067396	0.65879734413061	0	27	0	0.0
GC_00000009	9	26	7	0	0.795373421197144	0.66446735810101	0.72405112034302	0	26	0	0.0
GC_00000010	9	25	5	0	0.789636919406546	0.714632592592592	0.750264862009184	1	24	0	0.04
GC_00000011	9	25	8	0	0.78933386070734	0.662759664446943	0.720530235273137	0	25	0	0.0
GC_00000012	3	23	15	0	0.741156840934372	0.589893367597457	0.656930147359223	0	23	0	0.0
GC_00000013	6	23	8	0	0.727578849103154	0.660078665823319	0.692187043029451	0	23	0	0.0
GC_00000014	9	23	7	0	0.716016163447195	0.62869932731593	0.669522859517472	0	23	0	0.0
GC_00000015	11	22	4	0	0.755496727700566	0.754533772075002	0.755014942846457	0	22	0	0.0
GC_00000016	10	22	4	0	0.789791903550093	0.668506640020631	0.724105683415112	0	22	0	0.0
GC_00000017	11	22	3	0	0.763645682070556	0.748989954108365	0.756246819378018	0	22	0	0.0
GC_00000018	9	21	4	0	0.835793457691268	0.702236652236652	0.763216267226287	0	21	0	0.0
GC_00000019	10	21	5	0	0.732123744967127	0.627944509517543	0.676044138849079	1	20	0	0.0476190476190476
GC_00000020	12	21	2	0	0.782015790013329	0.890424632555035	0.832706640043425	0	21	0	0.0
GC_00000021	9	21	8	0	0.810488118927777	0.642279180801608	0.716645597916936	1	20	0	0.0476190476190476
GC_00000022	5	20	6	0	0.66580973575832	0.653381244948131	0.659536944097953	0	20	0	0.0
GC_00000023	11	20	2	0	0.709707602339181	0.855043522785458	0.775626077154446	0	20	0	0.0
GC_00000024	9	20	4	0	0.682950839844952	0.769174786225861	0.723502921247802	0	20	0	0.0
GC_00000025	10	19	5	0	0.676338801050117	0.62177872355891	0.647912178116482	0	19	0	0.0
GC_00000026	10	19	6	0	0.726867579908676	0.714895682328075	0.72083192589442	0	19	0	0.0
GC_00000027	7	19	5	0	0.622441940676017	0.677216219356338	0.648674845119182	0	19	0	0.0
GC_00000028	3	19	9	0	0.496104366733104	0.652732155782537	0.563741257253458	0	19	0	0.0
GC_00000029	7	18	4	0	0.710237061539522	0.67249382137679	0.69085031874137	0	18	0	0.0
GC_00000030	10	18	4	0	0.798274543542682	0.70403078750246	0.748196580175264	0	18	0	0.0
GC_00000031	7	18	7	0	0.683264177040111	0.721143981640474	0.701693230842406	1	17	0	0.0555555555555556
GC_00000032	10	18	3	0	0.816623464330761	0.642019009526458	0.718870864001757	2	16	0	0.111111111111111
GC_00000033	12	18	2	0	0.682296959432212	0.81637009331671	0.743336328665791	0	18	0	0.0
GC_00000034	12	18	2	0	0.789046004222919	0.829094375611136	0.808574598783268	0	18	0	0.0
GC_00000035	8	17	4	0	0.810364769451206	0.687362952765973	0.743813060925272	0	17	0	0.0
GC_00000036	7	17	8	0	0.717219436945623	0.810669722434428	0.761086729758855	0	17	0	0.0
GC_00000037	7	17	3	0	0.631905337949638	0.649356394724926	0.640512022788455	0	17	0	0.0
GC_00000038	11	17	5	0	0.738101985232765	0.673863515914633	0.704521460996516	0	17	0	0.0
GC_00000039	11	17	2	0	0.656565138618261	0.768632210165618	0.708192607914228	0	17	0	0.0
GC_00000040	8	17	5	0	0.796392247169449	0.668906647741413	0.727103623965776	0	17	0	0.0
GC_00000041	8	17	4	0	0.753763440860215	0.705980543544613	0.729089935451276	0	17	0	0.0
GC_00000042	9	17	4	0	0.62621359223301	0.71631352070475	0.668240154918036	0	17	0	0.0
GC_00000043	6	17	4	0	0.663067001858127	0.738769064651537	0.698873998845927	1	16	0	0.0588235294117647
GC_00000044	7	16	5	0	0.738006006963825	0.740637939958592	0.739319631088218	1	15	0	0.0625
GC_00000045	12	16	4	0	0.734159887359199	0.699505183405288	0.716413696794828	0	16	0	0.0
GC_00000046	10	16	4	0	0.669916937522571	0.667779985235367	0.668846754503144	0	16	0	0.0
GC_00000047	10	16	2	0	0.699933880056449	0.728103646013283	0.713740921696814	0	16	0	0.0
GC_00000048	11	16	3	0	0.763804028060647	0.738856396217022	0.751123117999484	0	16	0	0.0
GC_00000049	9	16	4	0	0.735993328810493	0.758857402759842	0.747250510240557	0	16	0	0.0
GC_00000050	9	16	4	0	0.69969169870209	0.755168267069465	0.7263722695284	0	16	0	0.0
GC_00000051	12	16	3	0	0.858826776350347	0.891092451523546	0.874662150551837	0	16	0	0.0
GC_00000052	8	16	4	0	0.621344163352794	0.677386594448205	0.648156216006567	0	16	0	0.0
GC_00000053	11	16	2	0	0.706456360650996	0.721437496419774	0.713868339210341	0	16	0	0.0
GC_00000054	11	16	3	0	0.807048108075066	0.851363984767065	0.82861394481512	0	16	0	0.0
GC_00000055	10	16	3	0	0.577191889834614	0.721563852813852	0.641353551196118	0	16	0	0.0
GC_00000056	4	16	9	0	0.727726800796925	0.623750312730913	0.671738818269524	0	16	0	0.0
GC_00000057	12	16	2	0	0.730744903420425	0.662765385442593	0.695097024322375	0	16	0	0.0
GC_00000058	12	16	2	0	0.837990094516466	0.683662840019703	0.753000470636412	1	15	0	0.0625
GC_00000059	11	16	2	0	0.823626443344753	0.689406673314204	0.750563302426252	0	16	0	0.0
GC_00000060	6	15	5	0	0.767621515282376	0.700985797827903	0.732791911788164	0	15	0	0.0
GC_00000061	3	15	10	0	0.745792791138853	0.633235166562071	0.684920446580279	1	14	0	0.0666666666666667
GC_00000062	10	15	3	0	0.962490684772708	0.745676794807228	0.840323887947594	0	15	0	0.0
GC_00000063	11	15	3	0	0.721591968933883	0.68917021179269	0.705008536310419	0	15	0	0.0
GC_00000064	7	15	4	0	0.632321423726974	0.702027776145424	0.665353871311357	0	15	0	0.0
GC_00000065	10	15	2	0	0.772548398172358	0.841970289744208	0.805766825145871	0	15	0	0.0
GC_00000066	11	15	2	0	0.827243716160493	0.644438972191022	0.724487818486339	0	15	0	0.0
GC_00000067	7	15	4	0	0.699612747362063	0.733484567103127	0.71614837032919	0	15	0	0.0
GC_00000068	4	15	5	0	0.683154121863799	0.612637655959244	0.645977150095312	0	15	0	0.0
GC_00000069	8	15	5	0	0.625182325182325	0.653202996555597	0.638885571132065	0	15	0	0.0
GC_00000070	8	15	5	0	0.709707413835854	0.68243487834005	0.69580400701871	0	15	0	0.0
GC_00000071	7	15	4	0	0.685378475572318	0.682111568685216	0.683741119840537	0	15	0	0.0
GC_00000072	12	15	2	0	0.838291850315444	0.743102514701622	0.787832302686319	0	15	0	0.0
GC_00000073	11	15	2	0	0.758946814112691	0.83415576938893	0.794776017825477	0	15	0	0.0
GC_00000074	10	15	3	0	0.711253162871221	0.797855730214777	0.752069534849464	0	15	0	0.0
GC_00000075	11	15	3	0	0.683281442753921	0.793533694627474	0.734292104698115	0	15	0	0.0
GC_00000076	9	14	2	0	0.948378082398701	1.0	0.973505184610912	0	14	0	0.0
GC_00000077	9	14	3	0	0.739470852350737	0.682413750155685	0.709797513235548	0	14	0	0.0
GC_00000078	12	14	2	0	0.791864571915723	0.792629412159717	0.792246807442321	0	14	0	0.0
GC_00000079	11	14	2	0	0.72247518502102	0.688685675883265	0.705175894385631	0	14	0	0.0
GC_00000080	8	14	3	0	0.785785674625208	0.760973587625809	0.773180621597559	0	14	0	0.0
GC_00000081	8	14	3	0	0.732931556460968	0.629609332459938	0.677352953961884	1	13	0	0.0714285714285714
GC_00000082	11	14	3	0	0.906572257331613	0.819967529290968	0.861097809303407	0	14	0	0.0
GC_00000083	9	14	3	0	0.766597524437033	0.685905245719988	0.724009997324102	0	14	0	0.0
GC_00000084	11	14	2	0	0.720816081832999	0.706940155832079	0.713810690893055	0	14	0	0.0
GC_00000085	9	14	3	0	0.713401112924145	0.743293308828059	0.728040508467342	0	14	0	0.0
GC_00000086	9	14	4	0	0.762556612895018	0.840701411444349	0.799724574628249	1	13	0	0.0714285714285714
GC_00000087	11	14	2	0	0.743107091954588	0.752191261119832	0.747621582669654	0	14	0	0.0
GC_00000088	8	14	3	0	0.693137920539414	0.672159161170677	0.682487364086067	1	13	0	0.0714285714285714
GC_00000089	11	14	2	0	0.649179125011465	0.76000999000999	0.700236206844595	0	14	0	0.0
GC_00000090	11	14	2	0	0.831607915083213	0.818118996430952	0.824808309985641	0	14	0	0.0
GC_00000091	12	14	2	0	0.638630997409623	0.782225636580379	0.703172334967921	0	14	0	0.0
GC_00000092	8	14	3	0	0.669656973946518	0.688970406048117	0.679176415912813	0	14	0	0.0
GC_00000093	7	14	4	0	0.683046029895916	0.657953091422284	0.670264789602493	0	14	0	0.0
GC_00000094	10	14	3	0	0.669547460161179	0.674366449876653	0.671948315082345	0	14	0	0.0
GC_00000095	12	14	2	0	0.774910476481758	0.759478247045272	0.767116756362182	2	12	0	0.142857142857143
GC_00000096	12	14	2	0	0.723534404542395	0.81202477646577	0.765229852916634	0	14	0	0.0
GC_00000097	12	14	2	0	0.729703088595496	0.763733734141895	0.746330686619087	0	14	0	0.0
GC_00000098	10	14	4	0	0.840766706443914	0.788906625614177	0.814011510480764	0	14	0	0.0
GC_00000099	11	14	2	0	0.785383709504414	0.714617032768233	0.748331064450283	0	14	0	0.0
GC_00000100	12	14	2	0	0.740772717461688	0.791026581971031	0.765075308401195	0	14	0	0.0
GC_00000101	12	14	3	0	0.853075143100719	0.717939929552215	0.779695521451917	0	14	0	0.0
GC_00000102	10	14	4	0	0.736483180428135	0.770280314330543	0.753002707714524	0	14	0	0.0
GC_00000103	12	14	2	0	0.715329715989637	0.765999928324933	0.739798212072231	0	14	0	0.0
GC_00000104	11	14	2	0	0.78560077748447	0.941746691746693	0.856616223901875	0	14	0	0.0
GC_00000105	11	14	2	0	0.712862834376779	0.675566173741234	0.693713563468443	0	14	0	0.0
GC_00000106	10	14	3	0	0.683610492028116	0.685681231002059	0.684644295756737	1	13	0	0.0714285714285714
GC_00000107	8	14	4	0	0.848630380647456	0.588674057424059	0.695143876546223	0	14	0	0.0
GC_00000108	11	14	2	0	0.685395051875499	0.670101417569773	0.677661958123784	0	14	0	0.0
GC_00000109	10	13	2	0	0.875732179868433	0.758528330643715	0.812927515795403	0	13	0	0.0
GC_00000110	11	13	3	0	0.807343660355709	0.815969013460201	0.81163342181668	1	12	0	0.0769230769230769
GC_00000111	4	13	6	0	0.741579448144624	0.603658476468144	0.665548765250476	0	13	0	0.0
GC_00000112	12	13	2	0	0.814916042945645	0.77998740278111	0.797069251464557	1	12	0	0.0769230769230769
GC_00000113	12	13	2	0	0.748889577522983	0.808467455621302	0.777538918046193	0	13	0	0.0
GC_00000114	5	13	5	0	0.622777777777778	0.726708763872943	0.670741137592709	0	13	0	0.0
GC_00000115	11	13	2	0	0.67844582147044	0.76936949229632	0.721052626328777	0	13	0	0.0
GC_00000116	11	13	2	0	0.702607191864509	0.833446715346113	0.762454564243019	0	13	0	0.0
GC_00000117	8	13	3	0	0.650239249032337	0.68191774896113	0.665701843933085	0	13	0	0.0
GC_00000118	12	13	2	0	0.781693954922301	0.82300730943265	0.801818821896394	0	13	0	0.0
GC_00000119	8	13	4	0	0.698234258786124	0.795171363290175	0.743556712586824	0	13	0	0.0
GC_00000120	11	13	2	0	0.693580747134874	0.682202993078573	0.68784482300056	0	13	0	0.0
GC_00000121	11	13	2	0	0.677014520872792	0.726918158567774	0.701079412201727	0	13	0	0.0
GC_00000122	10	13	2	0	0.762142381902861	0.771152825298966	0.766621128565378	1	12	0	0.0769230769230769
GC_00000123	11	13	2	0	0.771578538102644	0.775836562839979	0.773701692064394	0	13	0	0.0
GC_00000124	12	13	2	0	0.754469214437367	0.735127976566086	0.744673030186267	0	13	0	0.0
GC_00000125	11	13	2	0	0.9307845846768	0.680754042705265	0.78637316926844	0	13	0	0.0
GC_00000126	11	13	2	0	0.799249145002443	0.746433935773814	0.771939205892604	1	12	0	0.0769230769230769
GC_00000127	11	13	2	0	0.720638336022951	0.907871127360023	0.803491478870393	0	13	0	0.0
GC_00000128	11	13	2	0	0.765116772823779	0.786393116231035	0.775609059930739	1	12	0	0.0769230769230769
GC_00000129	11	13	2	0	0.729831615983916	0.72097662590508	0.725377097783534	1	12	0	0.0769230769230769
GC_00000130	11	13	2	0	0.8435734870317	0.930673166702577	0.884985418312316	0	13	0	0.0
GC_00000131	12	13	2	0	0.714604118021651	0.781896924311785	0.746737551362387	1	12	0	0.0769230769230769
GC_00000132	3	13	7	0	0.60987885266346	0.651393109601584	0.629952768637245	1	12	0	0.0769230769230769
GC_00000133	12	13	2	0	0.727455508450235	0.777988859483025	0.751874055792319	0	13	0	0.0
GC_00000134	12	13	2	0	0.782115429369327	0.749494877350031	0.765457773739232	1	12	0	0.0769230769230769
GC_00000135	12	13	2	0	0.697989215906538	0.850795602997011	0.766854308725757	0	13	0	0.0
GC_00000136	10	13	2	0	0.785574365959655	0.773218883699982	0.779347658123714	0	13	0	0.0
GC_00000137	11	13	2	0	0.7585714568998	0.738049778673572	0.748169921106988	0	13	0	0.0
GC_00000138	7	13	4	0	0.703863071332951	0.584058662594643	0.638388674191894	0	13	0	0.0
GC_00000139	11	13	2	0	0.718782712726185	0.696446083178677	0.707438127860632	0	13	0	0.0
GC_00000140	12	13	2	0	0.746274186908193	0.771759191270451	0.758802765780164	0	13	0	0.0
GC_00000141	11	13	3	0	0.678169689144512	0.827166797267864	0.745294430630227	0	13	0	0.0
GC_00000142	7	13	4	0	0.725058310516175	0.658294110369211	0.690065103123268	0	13	0	0.0
GC_00000143	12	13	2	0	0.685498262421339	0.77843297286268	0.729015731678568	0	13	0	0.0
GC_00000144	6	13	4	0	0.582984028718213	0.748575090865886	0.655483208897859	0	13	0	0.0
GC_00000145	11	13	2	0	0.735497986369269	0.722764911723177	0.729075858524735	0	13	0	0.0
GC_00000146	11	13	2	0	0.820259283673918	0.782923656710064	0.801156725969834	0	13	0	0.0
GC_00000147	8	13	3	0	0.789504824321864	0.689785352372181	0.736284025979885	0	13	0	0.0
GC_00000148	12	13	2	0	0.759389628100697	0.850209032160251	0.802237149769192	0	13	0	0.0
GC_00000149	12	13	2	0	0.790454494145656	0.886855976178356	0.835884953242671	0	13	0	0.0
GC_00000150	12	13	2	0	0.799856983034036	0.736136888573457	0.76667523442423	0	13	0	0.0
GC_00000151	11	13	2	0	0.667705956907478	0.74189426925276	0.702847819945336	1	12	0	0.0769230769230769
GC_00000152	11	13	2	0	0.743335926918533	0.766481688242871	0.754731393348048	0	13	0	0.0
GC_00000153	9	13	5	0	0.702803107058426	0.739425949330729	0.72064954221674	0	13	0	0.0
GC_00000154	10	13	2	0	0.836610320284698	0.666750424496668	0.742084410710402	1	12	0	0.0769230769230769
GC_00000155	12	13	2	0	0.83664018090857	0.850092470163249	0.843312682154406	0	13	0	0.0
GC_00000156	9	13	3	0	0.781643599882835	0.698722045566129	0.73786042886475	0	13	0	0.0
GC_00000157	11	13	2	0	0.780711175784453	0.760972803681567	0.770715633314165	0	13	0	0.0
GC_00000158	8	13	3	0	0.732835820895522	0.655229312606566	0.691863082775314	0	13	0	0.0
GC_00000159	12	13	2	0	0.719638391998461	0.848968753990892	0.778971982297841	0	13	0	0.0
GC_00000160	10	13	2	0	0.668152968586808	0.753165820029028	0.708116972098269	0	13	0	0.0
GC_00000161	10	13	2	0	0.683124846701006	0.712147983782602	0.697334559408431	1	12	0	0.0769230769230769
GC_00000162	11	13	2	0	0.726505547730249	0.806449130423212	0.764392810256386	0	13	0	0.0
GC_00000163	11	13	2	0	0.673138651843733	0.74293737421431	0.706317815258946	0	13	0	0.0
GC_00000164	9	13	2	0	0.78999583918448	0.690673477300698	0.737003417613659	0	13	0	0.0
GC_00000165	12	13	2	0	0.781285524050797	0.749017483070208	0.764811300847746	0	13	0	0.0
GC_00000166	11	13	2	0	0.810020670754366	0.707653154138633	0.755384553880979	0	13	0	0.0
GC_00000167	11	13	2	0	0.676525699789559	0.922646300213304	0.780646401899152	1	12	0	0.0769230769230769
GC_00000168	6	13	5	0	0.638951841359773	0.593308850853611	0.615285036913796	2	11	0	0.153846153846154
GC_00000169	12	13	2	0	0.694315498004723	0.716438324859155	0.705203451165485	0	13	0	0.0
GC_00000170	12	13	2	0	0.695480402204102	0.751179264775936	0.722257582924594	0	13	0	0.0
GC_00000171	4	13	7	0	0.72900011586143	0.649318423511972	0.686856038643113	0	13	0	0.0
GC_00000172	8	12	4	0	0.750036791758646	0.671926784181686	0.708836454085774	0	12	0	0.0
GC_00000173	9	12	3	0	0.781115632124203	0.845082501872298	0.811840991386236	0	12	0	0.0
GC_00000174	11	12	2	0	0.916625896934116	0.889018389018389	0.902611089642203	0	12	0	0.0
GC_00000175	11	12	2	0	0.730759330759331	0.819818963423007	0.772731514819407	0	12	0	0.0
GC_00000176	12	12	1	1	0.746660942568212	0.963938382995931	0.841500555821927	0	12	0	0.0
GC_00000177	10	12	2	0	0.749248106678262	0.669636165013978	0.707208669247749	0	12	0	0.0
GC_00000178	12	12	1	1	0.810406272273699	0.787890779398017	0.798989935973321	0	12	0	0.0
GC_00000179	12	12	1	1	0.852381555077416	0.816926196780563	0.834277347865019	0	12	0	0.0
GC_00000180	12	12	1	1	0.779998680651758	0.899245533308461	0.835388115357475	0	12	0	0.0
GC_00000181	9	12	3	0	0.89004165684194	0.777922077922077	0.830213560039599	0	12	0	0.0
GC_00000182	12	12	1	1	0.720723014256619	0.882441362368368	0.793425562423934	0	12	0	0.0
GC_00000183	6	12	3	0	0.721121788585997	0.722340175953079	0.721730468065558	0	12	0	0.0
GC_00000184	11	12	2	0	0.729372937293729	0.822935503315252	0.773334563614001	1	11	0	0.0833333333333333
GC_00000185	11	12	2	0	0.760435122996415	0.851464753127896	0.803379557083593	0	12	0	0.0
GC_00000186	10	12	2	0	0.931097394107094	0.805304324749962	0.863644340010687	0	12	0	0.0
GC_00000187	11	12	2	0	0.722893819603843	0.714924480807381	0.718887064535665	0	12	0	0.0
GC_00000188	11	12	2	0	0.754867648242015	0.775457135047261	0.76502388282235	0	12	0	0.0
GC_00000189	8	12	2	0	0.69082822454622	0.696223106907762	0.69351517413413	0	12	0	0.0
GC_00000190	5	12	5	0	0.766931177321954	0.597657872213747	0.671795594034087	0	12	0	0.0
GC_00000191	12	12	1	1	0.803916175507531	0.976549858931149	0.881863750949736	0	12	0	0.0
GC_00000192	11	12	2	0	0.806709346991037	0.828484790186564	0.81745207971085	0	12	0	0.0
GC_00000193	11	12	2	0	0.777841331579248	0.763132643911114	0.770416790098641	0	12	0	0.0
GC_00000194	12	12	1	1	0.821437755217494	0.955097230474059	0.883239487354822	0	12	0	0.0
GC_00000195	11	12	2	0	0.850239529808637	0.875632384987871	0.862749154110992	0	12	0	0.0
GC_00000196	7	12	4	0	0.734066683721327	0.668949279519778	0.699996852581025	0	12	0	0.0
GC_00000197	11	12	2	0	0.772399797057331	0.734416894600266	0.752929621081771	0	12	0	0.0
GC_00000198	12	12	1	1	0.702113854454803	0.918274068032523	0.795776044001278	0	12	0	0.0
GC_00000199	12	12	1	1	0.87622625756627	0.808210282474989	0.840845059229469	0	12	0	0.0
GC_00000200	10	12	2	0	0.657125217488915	0.754033703536192	0.7022519633299	0	12	0	0.0
GC_00000201	11	12	2	0	0.825080906148867	0.876824887730927	0.850166296518301	0	12	0	0.0
GC_00000202	12	12	1	1	0.695139353400223	0.864498371269291	0.770623625364052	0	12	0	0.0
GC_00000203	11	12	2	0	0.64920427294528	0.74161478422774	0.692339502132874	0	12	0	0.0
GC_00000204	12	12	1	1	0.74284217877095	0.836143102887652	0.786736103912159	0	12	0	0.0
GC_00000205	11	12	2	0	0.841431556948798	0.853766568639986	0.847554185292723	0	12	0	0.0
GC_00000206	10	12	2	0	0.875196108064539	0.841122498953481	0.857821076435929	0	12	0	0.0
GC_00000207	6	12	5	0	0.683803689929264	0.670516197701362	0.677094760747665	0	12	0	0.0
GC_00000208	10	12	2	0	0.888076636904762	0.7557581847872	0.816592005720189	0	12	0	0.0
GC_00000209	9	12	3	0	0.801338173535483	0.729276553682362	0.763611026521766	0	12	0	0.0
GC_00000210	12	12	1	1	0.728887455505387	0.983465242767564	0.837252137485257	0	12	0	0.0
GC_00000211	10	12	2	0	0.75887457750982	0.748545858997163	0.753674832496628	0	12	0	0.0
GC_00000212	10	12	2	0	0.798199045763054	0.760198858028598	0.778735651007028	0	12	0	0.0
GC_00000213	12	12	1	1	0.684363967657442	0.727612789952122	0.705326023486326	0	12	0	0.0
GC_00000214	10	12	3	0	0.742127435492364	0.875609375609375	0.803361505968957	0	12	0	0.0
GC_00000215	12	12	1	1	0.703961639456559	0.878959225901951	0.781787126852063	0	12	0	0.0
GC_00000216	10	12	2	0	0.669471075458162	0.757417030018903	0.710733787338635	0	12	0	0.0
GC_00000217	11	12	2	0	0.708627135957474	0.881599489187966	0.785706026054876	0	12	0	0.0
GC_00000218	11	12	2	0	0.693185581454592	0.808503665319032	0.746416856292276	0	12	0	0.0
GC_00000219	11	12	2	0	0.751202067556197	0.890590111642744	0.814979071879313	0	12	0	0.0
GC_00000220	11	12	2	0	0.779546376876945	0.887662395015339	0.830098804169232	1	11	0	0.0833333333333333
GC_00000221	11	12	2	0	0.730175316382213	0.816860745969233	0.771089398810404	0	12	0	0.0
GC_00000222	12	12	1	1	0.806060911912392	0.967702228770491	0.879516462025581	0	12	0	0.0
GC_00000223	12	12	1	1	0.834659452577976	0.788211534013061	0.810770804248503	0	12	0	0.0
GC_00000224	10	12	2	0	0.744664821648216	0.716814820311279	0.730474465735583	0	12	0	0.0
GC_00000225	11	12	2	0	0.732575403623527	0.810004509359452	0.7693466969026	0	12	0	0.0
GC_00000226	11	12	2	0	0.727353535353535	0.780650246513892	0.75306006988039	0	12	0	0.0
GC_00000227	6	12	4	0	0.728534732469804	0.699500177761047	0.713722292384775	0	12	0	0.0
GC_00000228	7	12	3	0	0.836314789332285	0.788840720165678	0.811884348108797	0	12	0	0.0
GC_00000229	11	12	2	0	0.634052834764312	0.802998520260611	0.708594701647191	0	12	0	0.0
GC_00000230	3	12	8	0	0.780730142508374	0.665408822125984	0.718471374092462	0	12	0	0.0
GC_00000231	10	12	3	0	0.726338424564399	0.752567534398147	0.739220386530213	0	12	0	0.0
GC_00000232	11	12	2	0	0.804978295003233	0.812178483903024	0.808562360481519	0	12	0	0.0
GC_00000233	11	12	2	0	0.777861706480345	0.874439186152034	0.823327955079477	0	12	0	0.0
GC_00000234	12	12	1	1	0.783929881462605	0.872258422326954	0.825738764191167	0	12	0	0.0
GC_00000235	12	12	1	1	0.866152754606991	0.911387784708085	0.888194696863841	0	12	0	0.0
GC_00000236	8	12	3	0	0.696253909109056	0.691517748062918	0.693877746845256	0	12	0	0.0
GC_00000237	12	12	1	1	0.652223230490018	0.846109598310571	0.736621830545472	0	12	0	0.0
GC_00000238	11	12	2	0	0.676257058349019	0.799036854160401	0.732537846086336	0	12	0	0.0
GC_00000239	12	12	1	1	0.691455696202532	0.811842198205833	0.746828575301016	0	12	0	0.0
GC_00000240	11	12	2	0	0.653012235990959	0.719375841716265	0.684589489733577	0	12	0	0.0
GC_00000241	12	12	1	1	0.78909542681009	0.965278257446931	0.868340269106539	0	12	0	0.0
GC_00000242	12	12	1	1	0.707319928586063	0.862335282341262	0.77717313468162	0	12	0	0.0
GC_00000243	9	12	2	0	0.731431087626596	0.67610866366473	0.702682669905929	0	12	0	0.0
GC_00000244	9	12	3	0	0.705498774453129	0.716268635553394	0.710842914256722	0	12	0	0.0
GC_00000245	12	12	1	1	0.724754805806199	0.864842235461315	0.788625733619845	0	12	0	0.0
GC_00000246	11	12	2	0	0.8165404950733	0.793688873285525	0.804952534417213	0	12	0	0.0
GC_00000247	10	12	2	0	0.735565523386646	0.649686531537002	0.689963984400817	0	12	0	0.0
GC_00000248	11	12	2	0	0.788920213003983	0.888103375137696	0.835578830062342	0	12	0	0.0
GC_00000249	10	12	2	0	0.825536459850471	0.713890661467756	0.765665046726918	0	12	0	0.0
GC_00000250	12	12	1	1	0.783333333333333	0.975806451612903	0.869040342298288	0	12	0	0.0
GC_00000251	10	12	2	0	0.857295664064223	0.79866527994453	0.826942548388346	0	12	0	0.0
GC_00000252	7	12	4	0	0.461003428270042	0.692225478801354	0.553434477589867	0	12	0	0.0
GC_00000253	11	12	2	0	0.617517390026452	0.751130250674584	0.677801909231951	0	12	0	0.0
GC_00000254	11	12	2	0	0.682988836078258	0.813541476982621	0.742570653753465	0	12	0	0.0
GC_00000255	12	12	1	1	0.888847499016991	0.961830734596911	0.92390003556123	0	12	0	0.0
GC_00000256	11	12	2	0	0.86814826448877	0.796159031560492	0.830596709089765	0	12	0	0.0
GC_00000257	6	12	3	0	0.793392275476966	0.784183923878281	0.788761224988718	1	11	0	0.0833333333333333
GC_00000258	11	12	2	0	0.811553985872856	0.852248806549882	0.831403720514021	0	12	0	0.0
GC_00000259	10	12	2	0	0.760937586204179	0.714552400410453	0.737015884509345	0	12	0	0.0
GC_00000260	10	12	2	0	0.773791973791974	0.908250200665062	0.835646960750479	0	12	0	0.0
GC_00000261	12	12	1	1	0.806325348363864	0.788525650594617	0.797326170689001	0	12	0	0.0
GC_00000262	10	12	2	0	0.723264186524944	0.810455963959718	0.764381655026677	0	12	0	0.0
GC_00000263	12	12	1	1	0.797438448147227	0.89747519309563	0.844504649461683	0	12	0	0.0
GC_00000264	11	12	2	0	0.786523095329659	0.76176921193865	0.773948272801168	0	12	0	0.0
GC_00000265	11	12	2	0	0.78850445195643	0.873784462228282	0.828956907115361	0	12	0	0.0
GC_00000266	12	12	1	1	0.816420581655481	0.902656678307238	0.85737564855553	0	12	0	0.0
GC_00000267	12	12	1	1	0.772026961964372	0.899608848929247	0.830949279824098	0	12	0	0.0
GC_00000268	10	12	2	0	0.689853704577631	0.724390365228157	0.706700332258225	0	12	0	0.0
GC_00000269	10	12	2	0	0.576637300695717	0.708668429159633	0.635871513814654	0	12	0	0.0
GC_00000270	12	12	1	1	0.847717603771415	0.902487732511694	0.874245692408468	0	12	0	0.0
GC_00000271	10	12	2	0	0.773973339066867	0.812156242879929	0.792605202374777	0	12	0	0.0
GC_00000272	5	12	3	0	0.702466955637609	0.758954942295432	0.729619240733201	0	12	0	0.0
GC_00000273	9	12	3	0	0.801247635117861	0.691436990350034	0.742303154864097	0	12	0	0.0
GC_00000274	10	12	2	0	0.830725322310796	0.74547866766754	0.785796775558792	0	12	0	0.0
GC_00000275	12	12	1	1	0.717447379281882	0.833522983865449	0.771141595680735	0	12	0	0.0
GC_00000276	11	12	2	0	0.750093156129673	0.816188310666839	0.781746166219272	0	12	0	0.0
GC_00000277	11	12	2	0	0.7756017436351	0.917713939595703	0.840694430173357	0	12	0	0.0
GC_00000278	12	12	1	1	0.912749104084844	0.827558439473334	0.868068666372342	0	12	0	0.0
GC_00000279	11	12	2	0	0.872971848564693	0.864927470190628	0.868931041491478	0	12	0	0.0
GC_00000280	12	12	1	1	0.768768768768769	0.987140883807553	0.864376001046058	0	12	0	0.0
GC_00000281	12	12	1	1	0.72286464191976	0.948745006641825	0.820543504387456	0	12	0	0.0
GC_00000282	3	12	5	0	0.695839280307945	0.726856644489613	0.711009844862906	0	12	0	0.0
GC_00000283	8	12	3	0	0.634316391271003	0.669233569460842	0.651307330728598	0	12	0	0.0
GC_00000284	12	12	1	1	0.676313203014088	0.977409779374396	0.799450870049895	0	12	0	0.0
GC_00000285	11	12	2	0	0.740939597315436	0.781562765868108	0.760709231095286	0	12	0	0.0
GC_00000286	11	12	2	0	0.668372479552115	0.820303533514879	0.736585129159366	0	12	0	0.0
GC_00000287	12	12	1	1	0.765686821211397	0.840814605836065	0.801494044053171	0	12	0	0.0
GC_00000288	11	12	2	0	0.780764391852834	0.786913601707806	0.783826936656368	0	12	0	0.0
GC_00000289	9	12	2	0	0.722983696436301	0.773556337539389	0.747415515280548	1	11	0	0.0833333333333333
GC_00000290	10	12	3	0	0.839184597961495	0.739426734881277	0.786153645705682	0	12	0	0.0
GC_00000291	11	12	2	0	0.665009686958295	0.818465429942134	0.733800564837566	0	12	0	0.0
GC_00000292	12	12	1	1	0.978488589599701	0.908821478382148	0.942369207547316	0	12	0	0.0
GC_00000293	10	12	2	0	0.871043262905348	0.738441011951983	0.799279717809978	0	12	0	0.0
GC_00000294	12	12	1	1	0.792579551382368	0.855480714440028	0.822829765304486	0	12	0	0.0
GC_00000295	9	12	3	0	0.695329757021142	0.705004048357716	0.70013348497413	1	11	0	0.0833333333333333
GC_00000296	9	12	3	0	0.750800898746104	0.777911667985566	0.764115887026867	0	12	0	0.0
GC_00000297	7	11	3	0	0.6379569681512	0.694397521911255	0.66498179136912	0	11	0	0.0
GC_00000298	10	11	2	0	0.718719554627697	0.849976556578933	0.778856743284074	0	11	0	0.0
GC_00000299	11	11	1	0	0.735075735075735	0.758613366573754	0.74665909720661	0	11	0	0.0
GC_00000300	7	11	3	0	0.77152766487834	0.884660209377237	0.824229951397743	0	11	0	0.0
GC_00000301	9	11	2	0	0.730629615721617	0.802259372152215	0.764770914817066	0	11	0	0.0
GC_00000302	10	11	2	0	0.818641364582489	0.868305174144591	0.842742216563822	0	11	0	0.0
GC_00000303	9	11	2	0	0.78320536258379	0.76490488188584	0.773946955650758	0	11	0	0.0
GC_00000304	10	11	2	0	0.890867201179615	0.76982882816888	0.825937126865106	0	11	0	0.0
GC_00000305	11	11	1	0	0.748781259892371	0.880893168549549	0.809482292985027	0	11	0	0.0
GC_00000306	10	11	2	0	0.777056641942009	0.716188698692149	0.745382115126766	0	11	0	0.0
GC_00000307	10	11	2	0	0.688407407407407	0.767953763637548	0.726008177017192	1	10	0	0.0909090909090909
GC_00000308	10	11	2	0	0.751862197392924	0.955544978581629	0.841554559935697	0	11	0	0.0
GC_00000309	10	11	2	0	0.893899204244032	0.802201793213029	0.845571750351401	0	11	0	0.0
GC_00000310	11	11	1	0	0.829010013023335	0.970376871714006	0.894140276202578	0	11	0	0.0
GC_00000311	11	11	1	0	0.848685624938923	0.972512730068769	0.906389544894999	0	11	0	0.0
GC_00000312	9	11	2	0	0.708926381078016	0.805004989846155	0.753916967653568	0	11	0	0.0
GC_00000313	11	11	1	0	0.75719059162681	0.93697006674432	0.837541487779402	0	11	0	0.0
GC_00000314	10	11	2	0	0.803871625063678	0.833844965916631	0.818584010804136	0	11	0	0.0
GC_00000315	11	11	1	0	0.722865828608989	0.979406453919727	0.831805187835139	0	11	0	0.0
GC_00000316	11	11	1	0	0.706978729458633	0.937393749802508	0.806042974564518	0	11	0	0.0
GC_00000317	11	11	1	0	0.722931813715858	0.777987428418039	0.749449866302953	0	11	0	0.0
GC_00000318	8	11	4	0	0.69188506126037	0.651904249279646	0.671299894873382	0	11	0	0.0
GC_00000319	9	11	2	0	0.807519562902255	0.718038157880724	0.76015459985531	0	11	0	0.0
GC_00000320	10	11	2	0	0.785132587154491	0.784995148392277	0.785063861758137	0	11	0	0.0
GC_00000321	8	11	3	0	0.803136396790664	0.927545114061968	0.860869242662114	0	11	0	0.0
GC_00000322	10	11	2	0	0.78196640093681	0.735930857754413	0.758250534917954	0	11	0	0.0
GC_00000323	8	11	2	0	0.696821934214466	0.706740100306295	0.701745974271112	0	11	0	0.0
GC_00000324	10	11	2	0	0.723747980613893	0.75054430816216	0.736902623081044	0	11	0	0.0
GC_00000325	11	11	1	0	0.720574775764232	0.927138936451574	0.810908990175815	0	11	0	0.0
GC_00000326	9	11	2	0	0.766190650555352	0.736420178611537	0.751010500896363	1	10	0	0.0909090909090909
GC_00000327	11	11	1	0	0.644715333239923	0.910740242142683	0.754979065941628	0	11	0	0.0
GC_00000328	11	11	1	0	0.889011304847672	0.962327197957864	0.924217539526631	0	11	0	0.0
GC_00000329	10	11	2	0	0.857670306812273	0.799509406483489	0.827569240024374	0	11	0	0.0
GC_00000330	11	11	1	0	0.900377812124335	0.97547829498672	0.936424717957241	0	11	0	0.0
GC_00000331	11	11	1	0	0.690589186528862	0.825295714509201	0.751957217514833	0	11	0	0.0
GC_00000332	11	11	1	0	0.696074654338427	0.799688275132089	0.744292733458914	0	11	0	0.0
GC_00000333	10	11	2	0	0.757657657657658	0.9409355179704	0.839408765773181	0	11	0	0.0
GC_00000334	11	11	1	0	0.797180043383948	0.834051870459637	0.815199237625057	0	11	0	0.0
GC_00000335	11	11	1	0	0.69654812057085	0.83692587614333	0.760311746183988	0	11	0	0.0
GC_00000336	8	11	3	0	0.717619703754736	0.842182079391382	0.774927251463176	0	11	0	0.0
GC_00000337	6	11	4	0	0.698490412076703	0.620632967938048	0.657264034723707	1	10	0	0.0909090909090909
GC_00000338	5	11	6	0	0.648155065786743	0.828315586431852	0.727243636856841	0	11	0	0.0
GC_00000339	11	11	1	0	0.760547811750599	0.851707133158928	0.803550329830434	0	11	0	0.0
GC_00000340	10	11	2	0	0.699020480854853	0.705820831953053	0.702404197329666	0	11	0	0.0
GC_00000341	10	11	2	0	0.649583692219351	0.927179923901233	0.763945783834424	0	11	0	0.0
GC_00000342	11	11	1	0	0.857448797997165	0.994698425066386	0.920988308404662	0	11	0	0.0
GC_00000343	11	11	1	0	0.785645278756261	0.822428004574558	0.803615961546957	0	11	0	0.0
GC_00000344	11	11	1	0	0.693299940755103	0.900596172309319	0.78346796605945	0	11	0	0.0
GC_00000345	10	11	2	0	0.802231184203635	0.737868956150499	0.768705191265812	0	11	0	0.0
GC_00000346	5	11	5	0	0.627141155995237	0.633652855873369	0.630380190247163	1	10	0	0.0909090909090909
GC_00000347	11	11	1	0	0.788321320380236	0.952564907051531	0.862695348428991	0	11	0	0.0
GC_00000348	11	11	1	0	0.703871829105474	0.790906448970963	0.744855310052933	0	11	0	0.0
GC_00000349	11	11	1	0	0.793844856661046	0.754299413286228	0.773567065090271	0	11	0	0.0
GC_00000350	11	11	1	0	0.82468085106383	0.847889610389609	0.836124207163929	0	11	0	0.0
GC_00000351	9	11	2	0	0.772724250282599	0.970173249308459	0.860264469817658	0	11	0	0.0
GC_00000352	9	11	2	0	0.80456077731509	0.671888724673229	0.732263872031317	0	11	0	0.0
GC_00000353	10	11	2	0	0.75	0.775856094578067	0.762708977604413	0	11	0	0.0
GC_00000354	11	11	1	0	0.873098039215686	0.800786502798888	0.835380347777903	0	11	0	0.0
GC_00000355	11	11	1	0	0.695700139920353	0.85038080683837	0.765302809718102	0	11	0	0.0
GC_00000356	11	11	1	0	0.858577591351646	0.864427000302691	0.861492366780768	0	11	0	0.0
GC_00000357	11	11	1	0	0.838060790659306	0.791230620155039	0.813972693552171	0	11	0	0.0
GC_00000358	11	11	1	0	0.747236521808532	0.740801860516932	0.744005278596218	0	11	0	0.0
GC_00000359	11	11	1	0	0.755007239382239	0.847658075841938	0.798654563372718	0	11	0	0.0
GC_00000360	11	11	1	0	0.817719497331148	0.965116127720153	0.885324775583614	0	11	0	0.0
GC_00000361	9	11	3	0	0.85319626010069	0.764517532726547	0.806426331525204	0	11	0	0.0
GC_00000362	10	11	2	0	0.766657620985979	0.85899955467323	0.810205946092843	0	11	0	0.0
GC_00000363	9	11	3	0	0.819934418815016	0.785051860890786	0.802114073420146	0	11	0	0.0
GC_00000364	11	11	1	0	0.829384843182124	0.956297658184735	0.888331248877521	0	11	0	0.0
GC_00000365	11	11	1	0	0.857621440536013	0.965723530570325	0.908467918656896	0	11	0	0.0
GC_00000366	8	11	3	0	0.692257555486947	0.744872064278343	0.71760167945332	0	11	0	0.0
GC_00000367	11	11	1	0	0.903543342511112	0.922401347319904	0.9128749639961	0	11	0	0.0
GC_00000368	11	11	1	0	0.723214059611537	0.874510604840708	0.791698818666003	0	11	0	0.0
GC_00000369	11	11	1	0	0.774814575364115	0.883027154913832	0.825389176269361	0	11	0	0.0
GC_00000370	11	11	1	0	0.940638052075002	0.795587377697141	0.862053680795023	0	11	0	0.0
GC_00000371	11	11	1	0	0.730977280923188	0.900373520285024	0.806880515442472	0	11	0	0.0
GC_00000372	8	11	2	0	0.744109068265985	0.757574806295572	0.750781563022337	0	11	0	0.0
GC_00000373	11	11	1	0	0.677051496927273	0.956771078662271	0.792966507751025	0	11	0	0.0
GC_00000374	7	11	3	0	0.762569160452249	0.685096277722866	0.721759709882486	1	10	0	0.0909090909090909
GC_00000375	11	11	1	0	0.812620535369899	0.888591140201209	0.848909537177784	0	11	0	0.0
GC_00000376	9	11	3	0	0.784953565647099	0.722885612131259	0.752642121467447	0	11	0	0.0
GC_00000377	11	11	1	0	0.698232164551129	0.799715920501555	0.745536355725119	0	11	0	0.0
GC_00000378	11	11	1	0	0.701084290059857	0.935012734549615	0.801325018429285	0	11	0	0.0
GC_00000379	11	11	1	0	0.732768475556452	0.936576581880987	0.822231199103093	0	11	0	0.0
GC_00000380	10	11	2	0	0.658564573336115	0.817006409537529	0.729279016400973	0	11	0	0.0
GC_00000381	11	11	1	0	0.700602321140003	0.842705197672085	0.765111567628791	0	11	0	0.0
GC_00000382	10	11	2	0	0.791663993498856	0.916796194993628	0.849647585401027	0	11	0	0.0
GC_00000383	11	11	1	0	0.866346573548669	0.908917287464925	0.887121509007453	0	11	0	0.0
GC_00000384	11	11	1	0	0.671758397377759	0.802914000968121	0.731503787726016	0	11	0	0.0
GC_00000385	10	11	2	0	0.720298267353638	0.699498432115028	0.709745992306641	0	11	0	0.0
GC_00000386	10	11	2	0	0.83443030568963	0.94418334108888	0.885920554313572	0	11	0	0.0
GC_00000387	10	11	2	0	0.787316227188522	0.798117805115777	0.792680220522896	0	11	0	0.0
GC_00000388	9	11	2	0	0.779202828672453	0.65073630434154	0.709198814629299	0	11	0	0.0
GC_00000389	10	11	2	0	0.785732981178766	0.827596259313126	0.806121478148174	0	11	0	0.0
GC_00000390	11	11	1	0	0.81764443253862	0.89281443194487	0.853577674070863	0	11	0	0.0
GC_00000391	11	11	1	0	0.686481553904315	0.702437465167361	0.694367858726562	0	11	0	0.0
GC_00000392	11	11	1	0	0.829789879398234	0.963182451915459	0.891524131917674	0	11	0	0.0
GC_00000393	9	11	2	0	0.680797375725461	0.756275067696755	0.716554108000908	0	11	0	0.0
GC_00000394	11	11	1	0	0.662365047233468	0.862317816393956	0.749230144591717	0	11	0	0.0
GC_00000395	11	11	1	0	0.741784620478437	0.738944786841555	0.74036198045647	0	11	0	0.0
GC_00000396	9	11	2	0	0.770116123728291	0.823133007343535	0.795742471865358	0	11	0	0.0
GC_00000397	11	11	1	0	0.823926826733188	0.847369787702694	0.835483892231914	0	11	0	0.0
GC_00000398	10	11	2	0	0.671712591559121	0.768379243989	0.71680152687435	0	11	0	0.0
GC_00000399	10	11	2	0	0.84860646599777	0.797439224044728	0.822227579535936	0	11	0	0.0
GC_00000400	6	11	5	0	0.771639911866541	0.633667188861451	0.695880485500245	1	10	0	0.0909090909090909
GC_00000401	10	11	2	0	0.846119055074279	0.778348578687814	0.810820172997292	1	10	0	0.0909090909090909
GC_00000402	11	11	1	0	0.747296349610601	0.908698936365677	0.820132042393789	0	11	0	0.0
GC_00000403	11	11	1	0	0.722803904170364	0.962328273031854	0.825543114363637	0	11	0	0.0
GC_00000404	11	11	1	0	0.745903760775648	0.831777979651613	0.786503776084126	0	11	0	0.0
GC_00000405	11	11	1	0	0.694328142886265	0.928593601847531	0.794553000671786	0	11	0	0.0
GC_00000406	6	11	4	0	0.694300045599635	0.67927572255242	0.686705715225841	0	11	0	0.0
GC_00000407	10	11	2	0	0.888992308822809	0.82179723429724	0.854075153358401	0	11	0	0.0
GC_00000408	11	11	1	0	0.790237852035605	0.914707676751471	0.847929294528017	0	11	0	0.0
GC_00000409	11	11	1	0	0.763842106421857	0.86902096298381	0.813044051675336	0	11	0	0.0
GC_00000410	11	11	1	0	0.707553402334288	0.865613149736859	0.778642958554225	0	11	0	0.0
GC_00000411	10	11	2	0	0.70764064508105	0.809399305786989	0.755107136825932	0	11	0	0.0
GC_00000412	8	11	3	0	0.731647348085704	0.834300910661015	0.779609473532867	0	11	0	0.0
GC_00000413	9	11	2	0	0.717491749174918	0.814713248184321	0.763018048529044	0	11	0	0.0
GC_00000414	9	11	2	0	0.797018947831587	0.722830209723124	0.758113883013645	0	11	0	0.0
GC_00000415	11	11	1	0	0.860394146628429	0.756456356392613	0.805084477512269	0	11	0	0.0
GC_00000416	9	11	3	0	0.686524370818732	0.650816099127467	0.668193512442139	0	11	0	0.0
GC_00000417	10	11	2	0	0.755282051282051	0.863168397259305	0.805629357724744	0	11	0	0.0
GC_00000418	10	11	2	0	0.738350458206054	0.689709638180887	0.713201676411811	0	11	0	0.0
GC_00000419	10	11	2	0	0.753551819776985	0.865633477633477	0.805713445365147	0	11	0	0.0
GC_00000420	11	11	1	0	0.566603743213779	0.840450018929112	0.676878367439333	0	11	0	0.0
GC_00000421	10	11	2	0	0.751098874559243	0.822374504393963	0.785122357935857	0	11	0	0.0
GC_00000422	11	11	1	0	0.961042195984656	0.860426680599093	0.907955504743669	0	11	0	0.0
GC_00000423	11	11	1	0	0.787144896173857	0.760120549226854	0.773396720749274	0	11	0	0.0
GC_00000424	11	11	1	0	0.926053386278403	0.76956034630978	0.840585271219711	0	11	0	0.0
GC_00000425	11	11	1	0	0.831017463933181	0.991544325239979	0.904211484552284	0	11	0	0.0
GC_00000426	11	11	1	0	0.740659340659341	0.97382309108442	0.84138647933282	0	11	0	0.0
GC_00000427	11	11	1	0	0.780711435605739	0.763488219187204	0.772003777904788	0	11	0	0.0
GC_00000428	11	11	1	0	0.672614634307086	0.860040693367034	0.754867641815001	0	11	0	0.0
GC_00000429	11	11	1	0	0.666323074657635	0.836146868183657	0.741637401437639	0	11	0	0.0
GC_00000430	8	11	2	0	0.666166880860584	0.770580652224488	0.714579698552378	0	11	0	0.0
GC_00000431	11	11	1	0	0.825242919593097	0.760705353230383	0.791661011153056	0	11	0	0.0
GC_00000432	10	11	2	0	0.783683439179287	0.929104477611939	0.850220608440398	0	11	0	0.0
GC_00000433	6	11	4	0	0.743410338379878	0.643558514980199	0.689890118627595	0	11	0	0.0
GC_00000434	11	11	1	0	0.819248378481496	0.96596613179277	0.886578260018389	0	11	0	0.0
GC_00000435	10	11	2	0	0.878848955460319	0.823089756015751	0.850055959649875	0	11	0	0.0
GC_00000436	9	11	2	0	0.70363624097686	0.869054279054279	0.777645796588766	0	11	0	0.0
GC_00000437	11	11	1	0	0.713681822868337	0.772575840366809	0.741961972941951	0	11	0	0.0
GC_00000438	10	11	2	0	0.758675239844866	0.84455147501505	0.799313393332975	0	11	0	0.0
GC_00000439	10	11	2	0	0.892073170731707	0.92658544204936	0.90900184062452	0	11	0	0.0
GC_00000440	10	11	2	0	0.774358679397216	0.904709537038304	0.834474353670134	0	11	0	0.0
GC_00000441	11	11	1	0	0.698211519504295	0.906765518295453	0.788938552331066	0	11	0	0.0
GC_00000442	9	11	2	0	0.741937848138376	0.801246105919002	0.770452297785743	0	11	0	0.0
GC_00000443	11	11	1	0	0.758340192708081	0.891682860083852	0.819623641992533	0	11	0	0.0
GC_00000444	11	11	1	0	0.737911471732964	0.792753260377178	0.764349909963086	0	11	0	0.0
GC_00000445	11	11	1	0	0.723009749386925	0.910251295789413	0.805897579191662	0	11	0	0.0
GC_00000446	10	11	2	0	0.819560151935906	0.753870623915695	0.78534414422136	0	11	0	0.0
GC_00000447	10	11	2	0	0.76861215448329	0.779054093601479	0.773797898717583	0	11	0	0.0
GC_00000448	11	11	1	0	0.617310020553538	0.790262414017724	0.693160643187165	0	11	0	0.0
GC_00000449	10	11	2	0	0.687706511175899	0.788837869400719	0.734808849886579	0	11	0	0.0
GC_00000450	11	11	1	0	0.848992030004688	0.932301740812377	0.888698720532933	0	11	0	0.0
GC_00000451	11	11	1	0	0.707892762125657	0.906909855109977	0.795137331932006	0	11	0	0.0
GC_00000452	11	11	1	0	0.845812124016659	0.94266231792546	0.891614885465391	0	11	0	0.0
GC_00000453	11	11	1	0	0.864957873501839	0.968831168831168	0.91395261748143	0	11	0	0.0
GC_00000454	11	11	1	0	0.671854200118023	0.903237940179515	0.770550735782257	0	11	0	0.0
GC_00000455	11	11	1	0	0.699960900010664	0.879227909726604	0.77941935152025	0	11	0	0.0
GC_00000456	11	11	1	0	0.750737542241056	0.81157216739419	0.779970438054833	0	11	0	0.0
GC_00000457	10	11	2	0	0.732942213053102	0.823511189971027	0.77559162757923	0	11	0	0.0
GC_00000458	9	11	2	0	0.78727331086503	0.843870277975765	0.814589901499367	0	11	0	0.0
GC_00000459	11	11	1	0	0.809944174023045	0.997202797202796	0.893871509925965	0	11	0	0.0
GC_00000460	11	11	1	0	0.682751389325784	0.789317222861526	0.732177054881602	0	11	0	0.0
GC_00000461	11	11	1	0	0.704504970407401	0.856730907893697	0.77319665952021	0	11	0	0.0
GC_00000462	7	11	3	0	0.55304601674733	0.658471320346321	0.601171654271982	0	11	0	0.0
GC_00000463	11	11	1	0	0.734866713847606	0.799181530971862	0.765675926316262	0	11	0	0.0
GC_00000464	11	11	1	0	0.672408481080021	0.91094662573083	0.773709238461832	0	11	0	0.0
GC_00000465	11	11	1	0	0.702187918882691	0.954545243477471	0.809146763310947	0	11	0	0.0
GC_00000466	8	11	3	0	0.707032660853413	0.907414478805962	0.794788082789078	0	11	0	0.0
GC_00000467	11	11	1	0	0.676184914841849	0.930702210746722	0.783286871984095	0	11	0	0.0
GC_00000468	10	11	2	0	0.798288877705083	0.869704744594615	0.83246796056691	1	10	0	0.0909090909090909
GC_00000469	11	11	1	0	0.789117809148332	0.773447962402936	0.781204314971929	0	11	0	0.0
GC_00000470	11	11	1	0	0.843449878669811	0.878091500008136	0.860422152282644	0	11	0	0.0
GC_00000471	10	11	2	0	0.68230446152627	0.863733605640481	0.762373586025173	1	10	0	0.0909090909090909
GC_00000472	10	11	2	0	0.721653580108432	0.756654107781309	0.738739506338628	0	11	0	0.0
GC_00000473	10	11	2	0	0.794964333519714	0.723298135883947	0.757439813097506	0	11	0	0.0
GC_00000474	11	11	1	0	0.722037345165465	0.960899061580082	0.824517200548231	0	11	0	0.0
GC_00000475	11	11	1	0	0.793035370628443	0.884254415723702	0.836164429079827	0	11	0	0.0
GC_00000476	10	11	2	0	0.795936130620085	0.724986124986125	0.758806242656641	0	11	0	0.0
GC_00000477	10	11	2	0	0.809592454769967	0.721666221050326	0.763104936677944	0	11	0	0.0
GC_00000478	11	11	1	0	0.653801409703688	0.833147105083765	0.732658523650598	0	11	0	0.0
GC_00000479	10	11	2	0	0.705112246211959	0.829532453515185	0.762278710776254	0	11	0	0.0
GC_00000480	9	11	2	0	0.77412755012568	0.789969439896404	0.781968268058011	0	11	0	0.0
GC_00000481	11	11	1	0	0.81745848581759	0.930138131805889	0.870165690594237	0	11	0	0.0
GC_00000482	11	11	1	0	0.808366475180439	0.927469599460065	0.863831950384852	0	11	0	0.0
GC_00000483	11	11	1	0	0.691062698751721	0.822203458735966	0.750950701310056	0	11	0	0.0
GC_00000484	11	11	1	0	0.760986154435506	0.937320642598478	0.839999030245605	0	11	0	0.0
GC_00000485	10	11	2	0	0.740643351739855	0.849741155396327	0.791450287172776	1	10	0	0.0909090909090909
GC_00000486	10	11	2	0	0.662857538610707	0.760075335023542	0.708145373640325	0	11	0	0.0
GC_00000487	11	11	1	0	0.704775528169014	0.821718860849296	0.758767733871515	0	11	0	0.0
GC_00000488	10	11	2	0	0.668740771989032	0.843508292986802	0.746025770616243	0	11	0	0.0
GC_00000489	11	11	1	0	0.707518894970029	0.960004686035614	0.814646895992134	0	11	0	0.0
GC_00000490	9	10	2	0	0.968933669185558	0.667402679546892	0.790386313447807	0	10	0	0.0
GC_00000491	8	10	2	0	0.810889292196007	0.720568773295241	0.763065624481851	0	10	0	0.0
GC_00000492	5	10	3	0	0.720210915416395	0.61691357531712	0.664572212820972	1	9	0	0.1
GC_00000493	9	10	2	0	0.832294046222552	0.802341104152171	0.817043147362147	0	10	0	0.0
GC_00000494	10	10	1	0	0.760186730971372	0.974345445495269	0.854045245279586	0	10	0	0.0
GC_00000495	10	10	1	0	0.67662549075936	0.859481876864103	0.757170180925141	0	10	0	0.0
GC_00000496	9	10	2	0	0.736110029843	0.923042989673704	0.819045856147738	0	10	0	0.0
GC_00000497	9	10	2	0	0.676803742920463	0.766303401569562	0.718778245087605	0	10	0	0.0
GC_00000498	10	10	1	0	0.74998836938823	0.821457564475659	0.78409776121014	0	10	0	0.0
GC_00000499	9	10	2	0	0.759018235243281	0.882076000672487	0.815933362909265	1	9	0	0.1
GC_00000500	9	10	2	0	0.719549830599443	0.803343434633121	0.759141360067887	0	10	0	0.0
GC_00000501	10	10	1	0	0.756811223501143	0.957380234505864	0.845361938128655	0	10	0	0.0
GC_00000502	7	10	2	0	0.728386657590197	0.695613275613276	0.711622826638047	0	10	0	0.0
GC_00000503	10	10	1	0	0.826534362366777	0.899815288434214	0.861619493280259	0	10	0	0.0
GC_00000504	10	10	1	0	0.67	0.936388982511328	0.781106724601388	0	10	0	0.0
GC_00000505	10	10	1	0	0.778819305943359	0.74511976911977	0.761596931171931	0	10	0	0.0
GC_00000506	9	10	2	0	0.659493326069191	0.793221404766395	0.720202268807132	0	10	0	0.0
GC_00000507	8	10	2	0	0.708453788874288	0.729960200952567	0.719046218612671	0	10	0	0.0
GC_00000508	10	10	1	0	0.810791319740379	0.985466434635871	0.889635832220214	0	10	0	0.0
GC_00000509	8	10	3	0	0.784176552097063	0.843951013613934	0.812966514335242	0	10	0	0.0
GC_00000510	10	10	1	0	0.701514980639826	0.971301218791831	0.814652985698837	0	10	0	0.0
GC_00000511	5	10	4	0	0.596901893287435	0.731673379245322	0.657451985399315	0	10	0	0.0
GC_00000512	10	10	1	0	0.728662201614288	0.960800264550264	0.828782941438365	0	10	0	0.0
GC_00000513	3	10	4	0	0.707504640678865	0.706643776501932	0.707073946564461	0	10	0	0.0
GC_00000514	8	10	2	0	0.925995024875622	0.6630160143449	0.772744198174243	0	10	0	0.0
GC_00000515	10	10	1	0	0.747996651118287	0.849688292319165	0.795606167235604	0	10	0	0.0
GC_00000516	7	10	4	0	0.71840242669363	0.703786286635355	0.711019250053042	0	10	0	0.0
GC_00000517	10	10	1	0	0.720193691925141	0.732465360726231	0.726277692464571	0	10	0	0.0
GC_00000518	10	10	1	0	0.721158680434699	0.824190012437026	0.769239699154268	0	10	0	0.0
GC_00000519	9	10	2	0	0.777466542172425	0.918864468864469	0.842272382789827	0	10	0	0.0
GC_00000520	9	10	2	0	0.71788476830767	0.780641733214113	0.747949147660189	0	10	0	0.0
GC_00000521	10	10	1	0	0.861979623244307	0.729977565970463	0.790505915052126	0	10	0	0.0
GC_00000522	8	10	2	0	0.682777499164159	0.707073437200656	0.694713109939653	0	10	0	0.0
GC_00000523	10	10	1	0	0.71510144386358	0.946692508090781	0.814759469589336	0	10	0	0.0
GC_00000524	9	10	2	0	0.693314763231198	0.866510313082419	0.770297133537478	0	10	0	0.0
GC_00000525	10	10	1	0	0.837113402061856	0.867180783083536	0.851881866237541	0	10	0	0.0
GC_00000526	10	10	1	0	0.885604354354354	0.957989421444431	0.920375859577857	0	10	0	0.0
GC_00000527	10	10	1	0	0.721231583988281	0.981577133061285	0.831502004184137	0	10	0	0.0
GC_00000528	9	10	2	0	0.710009556398163	0.756111594623344	0.73233573843742	0	10	0	0.0
GC_00000529	10	10	1	0	0.774427952999382	0.913912926425907	0.838408552984408	0	10	0	0.0
GC_00000530	9	10	2	0	0.690529455630127	0.817651822993033	0.74873316123086	0	10	0	0.0
GC_00000531	9	10	2	0	0.725348101887311	0.741522045540269	0.733345905475638	0	10	0	0.0
GC_00000532	10	10	1	0	0.772684886306578	0.922160766961653	0.840831359483544	0	10	0	0.0
GC_00000533	10	10	1	0	0.659984368894099	0.8489008252398	0.742616174613814	0	10	0	0.0
GC_00000534	10	10	1	0	0.718029051552264	0.754745654745655	0.735929676579592	0	10	0	0.0
GC_00000535	7	10	3	0	0.63266758144026	0.685535039842511	0.658041167036454	1	9	0	0.1
GC_00000536	10	10	1	0	0.746558338975401	0.831368829878517	0.786684385643516	0	10	0	0.0
GC_00000537	9	10	2	0	0.74170806718713	0.776949250368882	0.758919764362626	0	10	0	0.0
GC_00000538	10	10	1	0	0.768805425143453	0.993117408906881	0.866682736629097	0	10	0	0.0
GC_00000539	10	10	1	0	0.822956877495133	0.894383169934643	0.857184669879668	0	10	0	0.0
GC_00000540	9	10	2	0	0.700634920634921	0.947945205479452	0.805740046585121	1	9	0	0.1
GC_00000541	7	10	3	0	0.794946942900455	0.779799754753147	0.78730049986985	0	10	0	0.0
GC_00000542	10	10	1	0	0.655035737491878	0.876672568426551	0.749818826703896	0	10	0	0.0
GC_00000543	9	10	2	0	0.798972853998533	0.903749882596037	0.848137641531388	0	10	0	0.0
GC_00000544	10	10	1	0	0.787150963537277	0.87812793596012	0.830154337641134	0	10	0	0.0
GC_00000545	5	10	3	0	0.732326806636785	0.709760369397341	0.720867023070733	1	9	0	0.1
GC_00000546	8	10	2	0	0.824988600091199	0.798664270739742	0.811613036871899	0	10	0	0.0
GC_00000547	10	10	1	0	0.701390764245207	0.824770884323704	0.758093589136442	0	10	0	0.0
GC_00000548	9	10	2	0	0.650747274974716	0.808866018677341	0.721242208142567	0	10	0	0.0
GC_00000549	8	10	2	0	0.713818368616	0.773891736600015	0.74264217869921	0	10	0	0.0
GC_00000550	6	10	3	0	0.733125417687681	0.793639401534139	0.762183160651651	0	10	0	0.0
GC_00000551	10	10	1	0	0.843525277101919	1.0	0.915122008446739	0	10	0	0.0
GC_00000552	9	10	2	0	0.658904779366826	0.816857899382171	0.729428358254346	0	10	0	0.0
GC_00000553	10	10	1	0	0.708361462050342	0.900215834330395	0.792847450976598	0	10	0	0.0
GC_00000554	9	10	2	0	0.771713788460907	0.791447293447293	0.781455982063927	0	10	0	0.0
GC_00000555	10	10	1	0	0.703319028961171	0.74393597895463	0.723057550280854	0	10	0	0.0
GC_00000556	10	10	1	0	0.847795910710936	0.890901323303364	0.868814286889631	0	10	0	0.0
GC_00000557	10	10	1	0	0.746005305694367	0.83961720281333	0.790047927158279	0	10	0	0.0
GC_00000558	9	10	2	0	0.736451169188446	0.780286234094972	0.757735265388604	0	10	0	0.0
GC_00000559	10	10	1	0	0.84021731041155	0.870987654320989	0.855325831093097	0	10	0	0.0
GC_00000560	10	10	1	0	0.73514545356778	0.902467438460922	0.81025844093792	0	10	0	0.0
GC_00000561	10	10	1	0	0.756898656898657	0.854061277603754	0.802549858730164	0	10	0	0.0
GC_00000562	10	10	1	0	0.898259572352064	0.831186991486544	0.863422654539995	0	10	0	0.0
GC_00000563	10	10	1	0	0.734476653654999	0.872588337843956	0.797597814386119	0	10	0	0.0
GC_00000564	10	10	1	0	0.723385834024132	0.906242916974625	0.804555378545419	0	10	0	0.0
GC_00000565	6	10	4	0	0.743274676375405	0.591140544565485	0.658535349506111	0	10	0	0.0
GC_00000566	10	10	1	0	0.694998554495519	0.957770806100215	0.805495723296476	0	10	0	0.0
GC_00000567	10	10	1	0	0.76078431372549	0.980976013234077	0.856961949882304	0	10	0	0.0
GC_00000568	10	10	1	0	0.697190628949159	0.90731528512332	0.788494088731341	0	10	0	0.0
GC_00000569	9	10	2	0	0.846046881207787	0.878105146344848	0.861777973827643	0	10	0	0.0
GC_00000570	6	10	3	0	0.587719298245614	0.663503518062704	0.623316354108458	0	10	0	0.0
GC_00000571	10	10	1	0	0.667121496389789	0.778953581716012	0.718713276952764	0	10	0	0.0
GC_00000572	10	10	1	0	0.82595041322314	0.760474237190558	0.791861132880529	0	10	0	0.0
GC_00000573	10	10	1	0	0.687657430730479	0.883292554324392	0.773293477537234	0	10	0	0.0
GC_00000574	10	10	1	0	0.77026082906381	0.831410165383925	0.799668203395936	0	10	0	0.0
GC_00000575	10	10	1	0	0.711176827418866	0.894801822806273	0.792491632965075	0	10	0	0.0
GC_00000576	10	10	1	0	0.782143159678103	0.896711678295964	0.835518222920347	0	10	0	0.0
GC_00000577	9	10	2	0	0.756558237145855	0.76014652014652	0.758348133991837	0	10	0	0.0
GC_00000578	10	10	1	0	0.776064143379319	0.911434462564714	0.838319632318717	0	10	0	0.0
GC_00000579	9	10	2	0	0.665184264218312	0.800009554217962	0.726393682520494	0	10	0	0.0
GC_00000580	10	10	1	0	0.878996643702526	0.998412698412699	0.934906832780512	0	10	0	0.0
GC_00000581	10	10	1	0	0.683358160498071	0.750347054075867	0.715287602215787	0	10	0	0.0
GC_00000582	10	10	1	0	0.791098009244095	0.845728514056226	0.817501591410968	0	10	0	0.0
GC_00000583	7	10	2	0	0.675256769374416	0.743863099921322	0.707901572767048	0	10	0	0.0
GC_00000584	10	10	1	0	0.819758317639674	0.963896486429624	0.886003457946723	0	10	0	0.0
GC_00000585	10	10	1	0	0.802301452556122	0.938331021485553	0.865000915176887	0	10	0	0.0
GC_00000586	10	10	1	0	0.73404452690167	0.96667464774426	0.834449619960333	0	10	0	0.0
GC_00000587	10	10	1	0	0.740879132285017	0.882153723377724	0.805367904707277	0	10	0	0.0
GC_00000588	10	10	1	0	0.846235155132749	0.901507278422701	0.872997229983583	0	10	0	0.0
GC_00000589	10	10	1	0	0.800640623911984	0.87066514343742	0.834185936862646	0	10	0	0.0
GC_00000590	9	10	2	0	0.829623741388447	0.849042442110435	0.839220774618901	0	10	0	0.0
GC_00000591	6	10	3	0	0.711349055751333	0.824371381371522	0.763701243470711	0	10	0	0.0
GC_00000592	10	10	1	0	0.735329093635283	0.911991722432744	0.814187546370029	0	10	0	0.0
GC_00000593	10	10	1	0	0.751715905699791	0.721912128202801	0.736512629785521	0	10	0	0.0
GC_00000594	10	10	1	0	0.772602739726027	0.87051170772101	0.818640151809041	0	10	0	0.0
GC_00000595	9	10	2	0	0.737725082168854	0.797323967058315	0.766367549505247	0	10	0	0.0
GC_00000596	10	10	1	0	0.807844548398705	0.817440888323679	0.812614388032907	0	10	0	0.0
GC_00000597	10	10	1	0	0.806149140810495	0.959918557300755	0.876339588843221	0	10	0	0.0
GC_00000598	10	10	1	0	0.792054624456859	0.898336201950661	0.841854240991362	0	10	0	0.0
GC_00000599	10	10	1	0	0.692966360856269	0.805300356482587	0.744922183707274	0	10	0	0.0
GC_00000600	10	10	1	0	0.670155061046902	0.936652591110957	0.781303815092902	0	10	0	0.0
GC_00000601	9	10	2	0	0.727419169255552	0.91857134340815	0.811895813958962	0	10	0	0.0
GC_00000602	10	10	1	0	0.830613652034015	0.916144349477682	0.871284978516114	0	10	0	0.0
GC_00000603	10	10	1	0	0.800301098122565	0.744755772076883	0.771529998309134	0	10	0	0.0
GC_00000604	10	10	1	0	0.791593203015204	0.830038522671576	0.810360135880212	0	10	0	0.0
GC_00000605	10	10	1	0	0.771753460777851	0.933773946360154	0.845067949857142	0	10	0	0.0
GC_00000606	10	10	1	0	0.703593027392387	0.889157175049292	0.785565479962325	0	10	0	0.0
GC_00000607	10	10	1	0	0.769447128287708	0.903931571833673	0.831285293718108	0	10	0	0.0
GC_00000608	10	10	1	0	0.856970185334408	0.794014550264551	0.824292050224886	0	10	0	0.0
GC_00000609	10	10	1	0	0.665922746781116	0.847252847121636	0.745723028373957	0	10	0	0.0
GC_00000610	9	10	2	0	0.836540500424088	0.840508270347244	0.838519691664638	0	10	0	0.0
GC_00000611	9	10	2	0	0.666485285448692	0.835177334879962	0.741356143387153	0	10	0	0.0
GC_00000612	10	10	1	0	0.696182152713891	0.849348365101504	0.765175668036879	0	10	0	0.0
GC_00000613	10	10	1	0	0.69339086011119	0.848412061198089	0.763108125833994	0	10	0	0.0
GC_00000614	5	10	3	0	0.698734922035893	0.596300096779754	0.643466308755793	0	10	0	0.0
GC_00000615	10	10	1	0	0.694888971591614	0.809167248522088	0.747686675074716	0	10	0	0.0
GC_00000616	8	10	3	0	0.757937663850859	0.735270591176103	0.746432083131221	0	10	0	0.0
GC_00000617	10	10	1	0	0.818704284221526	0.90119834447628	0.857972926193735	0	10	0	0.0
GC_00000618	10	10	1	0	0.705224691358025	0.936002034714206	0.804388248808908	0	10	0	0.0
GC_00000619	10	10	1	0	0.731342723004695	0.843485511778196	0.783421299382429	0	10	0	0.0
GC_00000620	10	10	1	0	0.674266850913558	0.844220585947106	0.749732848814061	0	10	0	0.0
GC_00000621	10	10	1	0	0.762239868131171	0.9589657132812	0.849360363140317	0	10	0	0.0
GC_00000622	9	10	2	0	0.768759571209801	0.857490323466904	0.81070430263243	0	10	0	0.0
GC_00000623	6	10	2	0	0.813390049935269	0.585703201147242	0.681019875779969	0	10	0	0.0
GC_00000624	3	10	7	0	0.744484922080551	0.620620909145499	0.676933463498241	0	10	0	0.0
GC_00000625	10	10	1	0	0.76287157061794	0.877666840645563	0.816252855289011	0	10	0	0.0
GC_00000626	10	10	1	0	0.877404462682739	0.756860439891113	0.812686763991096	0	10	0	0.0
GC_00000627	10	10	1	0	0.814345991561181	0.840179235968712	0.827060937626827	0	10	0	0.0
GC_00000628	9	10	2	0	0.928281461434371	0.914704837317903	0.921443142297266	0	10	0	0.0
GC_00000629	6	10	3	0	0.649160363446078	0.763908908107339	0.701875547660171	0	10	0	0.0
GC_00000630	6	10	3	0	0.811687383911987	0.642143965459082	0.717029737519187	1	9	0	0.1
GC_00000631	10	10	1	0	0.708880550343965	0.83949975949976	0.768680727524724	0	10	0	0.0
GC_00000632	10	10	1	0	0.700457848113865	0.850471128965886	0.76820948693614	0	10	0	0.0
GC_00000633	9	10	2	0	0.676472325595133	0.679566003616636	0.678015635633475	0	10	0	0.0
GC_00000634	10	10	1	0	0.757492035045799	0.892366591270838	0.819416372344258	0	10	0	0.0
GC_00000635	6	10	3	0	0.789952853194603	0.616773155924425	0.69270307243621	0	10	0	0.0
GC_00000636	10	10	1	0	0.801850985285707	0.836339892384431	0.81873239056973	0	10	0	0.0
GC_00000637	7	10	3	0	0.807059558517285	0.767240265906932	0.786646330861406	0	10	0	0.0
GC_00000638	7	10	2	0	0.665353390639924	0.797038565913695	0.725266998255697	0	10	0	0.0
GC_00000639	4	10	5	0	0.720402298850575	0.76111980525126	0.740201520970382	0	10	0	0.0
GC_00000640	10	10	1	0	0.785119782271591	0.92881611142481	0.850944199084922	0	10	0	0.0
GC_00000641	9	10	2	0	0.704164476374044	0.961769090395045	0.813049981631877	0	10	0	0.0
GC_00000642	9	10	2	0	0.808206146337428	0.835827530328906	0.821784805113765	0	10	0	0.0
GC_00000643	9	10	2	0	0.713212080574414	0.948655913978495	0.814255837858949	0	10	0	0.0
GC_00000644	10	10	1	0	0.857052718970527	0.917713297822633	0.886346334888113	0	10	0	0.0
GC_00000645	10	10	1	0	0.673050213675214	0.88836048118829	0.765860274495767	0	10	0	0.0
GC_00000646	10	10	1	0	0.741746416960483	0.85079391756254	0.792536711621559	0	10	0	0.0
GC_00000647	10	10	1	0	0.733507601293252	0.814986338475106	0.772103343602457	0	10	0	0.0
GC_00000648	10	10	1	0	0.827150084317032	0.842636916835701	0.834821682439893	0	10	0	0.0
GC_00000649	10	10	1	0	0.843851851851852	0.99009900990099	0.911144241043721	0	10	0	0.0
GC_00000650	10	10	1	0	0.714743284812736	0.947482527456855	0.814819224895242	0	10	0	0.0
GC_00000651	10	10	1	0	0.800326909841707	0.935874361254994	0.862809454194407	0	10	0	0.0
GC_00000652	9	10	2	0	0.659638181503205	0.854213161420226	0.744421331789698	0	10	0	0.0
GC_00000653	10	10	1	0	0.745941717191473	0.860558986836359	0.799161614776543	0	10	0	0.0
GC_00000654	9	10	2	0	0.786289481370217	0.88624472200077	0.833280301741619	0	10	0	0.0
GC_00000655	10	10	1	0	0.768854346574554	0.9109391124871	0.833887633413826	0	10	0	0.0
GC_00000656	10	10	1	0	0.736192527016788	0.938704424598634	0.825205612560917	0	10	0	0.0
GC_00000657	10	10	1	0	0.791787003610108	0.874139952188735	0.830927972046063	0	10	0	0.0
GC_00000658	10	10	1	0	0.715619448919734	0.803460718386093	0.757000359684577	0	10	0	0.0
GC_00000659	10	10	1	0	0.89998704495401	0.741337729068282	0.81299492051415	0	10	0	0.0
GC_00000660	10	10	1	0	0.684412046241072	0.950601976639713	0.795838365773125	0	10	0	0.0
GC_00000661	8	10	2	0	0.825090986940698	0.727796347879912	0.773395717125147	0	10	0	0.0
GC_00000662	10	10	1	0	0.80568590937306	0.824016777695531	0.814748250885519	0	10	0	0.0
GC_00000663	8	10	3	0	0.744341866911107	0.712694092134642	0.728174274330808	0	10	0	0.0
GC_00000664	9	10	2	0	0.755247581925798	0.77937254119154	0.767120433633553	0	10	0	0.0
GC_00000665	10	10	1	0	0.589396752423894	0.781086105547044	0.671835639964812	0	10	0	0.0
GC_00000666	9	10	2	0	0.684113417446751	0.845789618236746	0.756408756211692	0	10	0	0.0
GC_00000667	10	10	1	0	0.678570273330099	0.894088016167468	0.771561824413559	0	10	0	0.0
GC_00000668	10	10	1	0	0.66006600660066	0.947934597381306	0.778232797503477	0	10	0	0.0
GC_00000669	10	10	1	0	0.666003933641183	0.916333071024089	0.771367196783277	0	10	0	0.0
GC_00000670	9	10	2	0	0.861164556962025	0.909620711416447	0.884729651797627	0	10	0	0.0
GC_00000671	10	10	1	0	0.876228488047723	0.959863438857853	0.916141155503221	0	10	0	0.0
GC_00000672	9	10	2	0	0.802985805188448	0.728759171168265	0.764074018693224	0	10	0	0.0
GC_00000673	10	10	1	0	0.769601872417664	0.990948611998581	0.866360736615473	0	10	0	0.0
GC_00000674	10	10	1	0	0.735435307484732	0.82326555068719	0.776875883832278	0	10	0	0.0
GC_00000675	10	10	1	0	0.677820076137047	0.855749023077491	0.756462644263861	0	10	0	0.0
GC_00000676	7	10	4	0	0.726406799531067	0.713124362264191	0.719704302911979	0	10	0	0.0
GC_00000677	10	10	1	0	0.748469483568075	0.892974046887094	0.814361031997173	0	10	0	0.0
GC_00000678	10	10	1	0	0.799023752353253	0.942604548545498	0.86489571049736	0	10	0	0.0
GC_00000679	9	10	2	0	0.790973778354366	0.747795448255306	0.768778814801102	0	10	0	0.0
GC_00000680	10	10	1	0	0.757975308641975	0.897799940301652	0.821983765348651	0	10	0	0.0
GC_00000681	10	10	1	0	0.751582599708396	0.87437198907577	0.808340869043793	0	10	0	0.0
GC_00000682	5	9	4	0	0.550513538748833	0.662129487398304	0.601184749935407	1	8	0	0.111111111111111
GC_00000683	6	9	3	0	0.641263356379635	0.669920594448896	0.655278809098723	0	9	0	0.0
GC_00000684	8	9	2	0	0.586009026434558	0.782918770747672	0.670301921792461	0	9	0	0.0
GC_00000685	9	9	1	0	0.743788819875776	0.901835761138086	0.815222820851895	0	9	0	0.0
GC_00000686	9	9	1	0	0.728013949262015	0.896239270014026	0.803414988135208	0	9	0	0.0
GC_00000687	6	9	3	0	0.631217624664545	0.758349428684996	0.688967867921731	0	9	0	0.0
GC_00000688	9	9	1	0	0.722195240407965	0.81956841421292	0.767806928330812	0	9	0	0.0
GC_00000689	4	9	3	0	0.671144102745375	0.695794089366188	0.683246839539754	0	9	0	0.0
GC_00000690	8	9	2	0	0.605251340571097	0.799271242374715	0.688860395412932	0	9	0	0.0
GC_00000691	8	9	2	0	0.671201184527115	0.771485299178387	0.717857763973469	0	9	0	0.0
GC_00000692	9	9	1	0	0.816777041942605	0.900030746942244	0.85638527027231	0	9	0	0.0
GC_00000693	9	9	1	0	0.818102125794434	0.961331168831168	0.883952295585996	0	9	0	0.0
GC_00000694	7	9	3	0	0.89883992556519	0.836526729580678	0.866564562733731	0	9	0	0.0
GC_00000695	6	9	2	0	0.681452770600057	0.69693302099601	0.689105968700488	0	9	0	0.0
GC_00000696	9	9	1	0	0.701614382682077	0.780926687221652	0.739149028243188	0	9	0	0.0
GC_00000697	9	9	1	0	0.712637871516376	0.961422235841912	0.818543961196321	0	9	0	0.0
GC_00000698	9	9	1	0	0.664216910453086	0.794767626794644	0.723651394679633	0	9	0	0.0
GC_00000699	9	9	1	0	0.699514833373101	0.774712463467483	0.735195801835871	0	9	0	0.0
GC_00000700	8	9	2	0	0.771254602095724	0.843611459203563	0.805811993804547	0	9	0	0.0
GC_00000701	5	9	4	0	0.707238358690641	0.623510024718484	0.66274017238237	0	9	0	0.0
GC_00000702	8	9	2	0	0.652639190166305	0.822289639326534	0.727707579594528	0	9	0	0.0
GC_00000703	9	9	1	0	0.783380220731443	0.889136881331023	0.832914946577986	0	9	0	0.0
GC_00000704	5	9	3	0	0.719964053643025	0.72869506277578	0.724303247492267	0	9	0	0.0
GC_00000705	9	9	1	0	0.735064446326089	0.825636412101826	0.777722353199203	0	9	0	0.0
GC_00000706	9	9	1	0	0.764482863208978	0.769346238293676	0.766906840499516	0	9	0	0.0
GC_00000707	9	9	1	0	0.694336052973868	0.862156844921173	0.769199244733512	0	9	0	0.0
GC_00000708	9	9	1	0	0.699962958389925	0.836753053477274	0.762269851073004	0	9	0	0.0
GC_00000709	8	9	2	0	0.715190137031946	0.810353643582511	0.759803737870675	0	9	0	0.0
GC_00000710	9	9	1	0	0.634095275097671	0.970972292050719	0.767181338956301	0	9	0	0.0
GC_00000711	5	9	4	0	0.757463884430177	0.625338922233067	0.685089221453097	0	9	0	0.0
GC_00000712	5	9	2	0	0.727885652642934	0.684761214130322	0.705665194855552	0	9	0	0.0
GC_00000713	9	9	1	0	0.799675734101964	0.821457252469837	0.810420165209691	0	9	0	0.0
GC_00000714	9	9	1	0	0.677240684793555	0.77627008481439	0.723381889996248	0	9	0	0.0
GC_00000715	9	9	1	0	0.825902335456476	0.868756581233825	0.846787612914469	0	9	0	0.0
GC_00000716	6	9	3	0	0.559069238507632	0.65882415592444	0.604861346398663	1	8	0	0.111111111111111
GC_00000717	9	9	1	0	0.799093399267932	0.858118976540033	0.827555019440856	0	9	0	0.0
GC_00000718	7	9	2	0	0.879173918087945	0.856647252902009	0.867764415298162	0	9	0	0.0
GC_00000719	9	9	1	0	0.682433590402742	0.813719808787046	0.74231657127283	0	9	0	0.0
GC_00000720	8	9	2	0	0.706435191228299	0.951617441632857	0.810898322565357	0	9	0	0.0
GC_00000721	9	9	1	0	0.738663929837656	0.933878113026819	0.82487860906186	0	9	0	0.0
GC_00000722	9	9	1	0	0.94169148840148	0.959819941613275	0.95066929932492	0	9	0	0.0
GC_00000723	9	9	1	0	0.683807000642261	0.833975381343803	0.751462411073668	0	9	0	0.0
GC_00000724	9	9	1	0	0.663690327729835	0.859640844685163	0.749062743900337	0	9	0	0.0
GC_00000725	9	9	1	0	0.655744188876719	0.813893200123259	0.726309415290892	0	9	0	0.0
GC_00000726	7	9	3	0	0.710423699981681	0.729542969596629	0.719856405993395	0	9	0	0.0
GC_00000727	5	9	4	0	0.698504219938163	0.787840530132914	0.740487608826747	0	9	0	0.0
GC_00000728	8	9	2	0	0.688336445689387	0.987636391578299	0.81126150531271	0	9	0	0.0
GC_00000729	8	9	2	0	0.714731782619373	0.836801579038694	0.770964645769366	0	9	0	0.0
GC_00000730	9	9	1	0	0.672390873823282	0.935030690919983	0.782254160463115	0	9	0	0.0
GC_00000731	7	9	2	0	0.721462436177972	0.663105603333155	0.69105420661439	0	9	0	0.0
GC_00000732	7	9	2	0	0.676076728193992	0.801101011234554	0.733298013058169	0	9	0	0.0
GC_00000733	7	9	2	0	0.838651578482346	0.749601814995828	0.791630287661806	0	9	0	0.0
GC_00000734	6	9	2	0	0.680738177623991	0.658296707350493	0.669329389287998	0	9	0	0.0
GC_00000735	9	9	1	0	0.839365256124722	0.821883597883598	0.83053244548853	0	9	0	0.0
GC_00000736	9	9	1	0	0.742230107102963	0.885331273689666	0.807489700661567	0	9	0	0.0
GC_00000737	8	9	2	0	0.716321044546851	0.886783779827255	0.792489516337238	0	9	0	0.0
GC_00000738	8	9	2	0	0.782013037233455	0.731518428560414	0.755923429461998	0	9	0	0.0
GC_00000739	9	9	1	0	0.947173489278752	0.989583333333333	0.967914079684299	0	9	0	0.0
GC_00000740	9	9	1	0	0.787987612876363	0.940299458181761	0.857432006348284	0	9	0	0.0
GC_00000741	7	9	2	0	0.776680255043378	0.677954967227353	0.723967395801262	0	9	0	0.0
GC_00000742	9	9	1	0	0.921988577362409	0.940974658869396	0.931384871362134	0	9	0	0.0
GC_00000743	9	9	1	0	0.694461942257218	0.922506313131312	0.792403343512492	0	9	0	0.0
GC_00000744	3	9	7	0	0.697063369397218	0.653989928606667	0.674840028679755	0	9	0	0.0
GC_00000745	8	9	2	0	0.811614083219022	0.890126152353225	0.849058987958291	0	9	0	0.0
GC_00000746	9	9	1	0	0.947183098591549	0.937173489278753	0.942151708659508	0	9	0	0.0
GC_00000747	9	9	1	0	0.673809204946208	0.978664980163645	0.798116519017118	0	9	0	0.0
GC_00000748	8	9	2	0	0.658058107772535	0.725878051965008	0.690306317945034	0	9	0	0.0
GC_00000749	9	9	1	0	0.716251024470203	0.755724846736385	0.735458652931348	0	9	0	0.0
GC_00000750	9	9	1	0	0.894470512466648	0.864465758173873	0.879212217782145	0	9	0	0.0
GC_00000751	8	9	2	0	0.677297074577668	0.669394731053923	0.673322717468968	0	9	0	0.0
GC_00000752	8	9	2	0	0.737248053554537	0.848528397093787	0.788983729563378	1	8	0	0.111111111111111
GC_00000753	8	9	2	0	0.855411860654783	0.682744825362275	0.759386903460226	0	9	0	0.0
GC_00000754	5	9	2	0	0.853127474267617	0.995271867612293	0.918734123506147	0	9	0	0.0
GC_00000755	9	9	1	0	0.787461512145056	0.946351353387425	0.859625952227682	0	9	0	0.0
GC_00000756	9	9	1	0	0.692154026313977	0.773917224106978	0.730755647170045	0	9	0	0.0
GC_00000757	8	9	2	0	0.748619077968982	0.679242376279412	0.71224529513673	0	9	0	0.0
GC_00000758	8	9	2	0	0.70472716782064	0.915059141065336	0.796237174414537	0	9	0	0.0
GC_00000759	9	9	1	0	0.700411792573157	0.86666911471162	0.77472103116198	0	9	0	0.0
GC_00000760	4	9	5	0	0.742609422333647	0.69211325122292	0.71647271093308	0	9	0	0.0
GC_00000761	9	9	1	0	0.877394636015326	0.747027027027027	0.806979519399453	0	9	0	0.0
GC_00000762	4	9	5	0	0.79798876072168	0.610063221790763	0.691485258165011	0	9	0	0.0
GC_00000763	9	9	1	0	0.687393355415036	0.840717797443463	0.756363601771727	0	9	0	0.0
GC_00000764	9	9	1	0	0.639161014820397	0.837473990844777	0.725000726408906	0	9	0	0.0
GC_00000765	6	9	4	0	0.731461483081354	0.685502146351203	0.707736467203893	0	9	0	0.0
GC_00000766	8	9	2	0	0.721195239301089	0.880358705161856	0.792868088190321	0	9	0	0.0
GC_00000767	8	9	2	0	0.926410904357148	0.761919164762289	0.83615192951295	0	9	0	0.0
GC_00000768	9	9	1	0	0.674007682458387	0.828373564277378	0.743260270961818	0	9	0	0.0
GC_00000769	9	9	1	0	0.83253926239633	0.959782986020411	0.891644368023476	0	9	0	0.0
GC_00000770	8	9	2	0	0.747649378222627	0.773538405762837	0.760373589886038	0	9	0	0.0
GC_00000771	5	9	3	0	0.707945463093559	0.829082554306101	0.763740447417499	0	9	0	0.0
GC_00000772	9	9	1	0	0.690681879923934	0.888443014084006	0.777179174999114	0	9	0	0.0
GC_00000773	5	9	3	0	0.723947256486601	0.650297200641263	0.685148660215926	0	9	0	0.0
GC_00000774	8	9	2	0	0.730875044373447	0.751729090209385	0.741155402643185	0	9	0	0.0
GC_00000775	7	9	3	0	0.656450602786911	0.738970363285642	0.69527053443355	0	9	0	0.0
GC_00000776	6	9	4	0	0.772433306386419	0.724255797853929	0.747569149826597	0	9	0	0.0
GC_00000777	8	9	2	0	0.723887523887524	0.863891652846877	0.787717081379806	0	9	0	0.0
GC_00000778	6	9	3	0	0.852083333333333	0.709931756443384	0.774539274849051	0	9	0	0.0
GC_00000779	7	9	2	0	0.671765745298498	0.691707035047694	0.681590565833002	0	9	0	0.0
GC_00000780	8	9	2	0	0.775836320191159	0.944691157357687	0.851977920498753	0	9	0	0.0
GC_00000781	9	9	1	0	0.631761006289308	0.905421804658445	0.744231832874356	0	9	0	0.0
GC_00000782	8	9	2	0	0.801860649247823	0.85027646819161	0.825359146801282	0	9	0	0.0
GC_00000783	9	9	1	0	0.692507025803861	0.834136294879363	0.756752067566699	0	9	0	0.0
GC_00000784	9	9	1	0	0.722719605553393	0.886790516989365	0.796392496910211	0	9	0	0.0
GC_00000785	9	9	1	0	0.914106019766397	0.806651925557397	0.857023944607645	0	9	0	0.0
GC_00000786	9	9	1	0	0.627669172932331	0.831549283837613	0.715366296002263	0	9	0	0.0
GC_00000787	8	9	2	0	0.679856115107914	0.675855438946458	0.67784987407176	0	9	0	0.0
GC_00000788	9	9	1	0	0.683210087220326	0.94958297155787	0.794668572766292	0	9	0	0.0
GC_00000789	9	9	1	0	0.786486982031536	0.971651730146876	0.869318707944347	0	9	0	0.0
GC_00000790	9	9	1	0	0.688660281423673	0.919462599854757	0.787498741726923	0	9	0	0.0
GC_00000791	9	9	1	0	0.717175672148264	0.771332948008704	0.743269092227238	0	9	0	0.0
GC_00000792	9	9	1	0	0.701524410276628	0.941421404682275	0.803958462571753	0	9	0	0.0
GC_00000793	6	9	2	0	0.663006535947712	0.899994461061261	0.763534010716858	0	9	0	0.0
GC_00000794	7	9	3	0	0.819850007978299	0.712143411947465	0.762210560924098	0	9	0	0.0
GC_00000795	6	9	3	0	0.621095294582839	0.708964967986	0.662127601330977	0	9	0	0.0
GC_00000796	9	9	1	0	0.674693106704438	0.83538217124444	0.746488073320396	0	9	0	0.0
GC_00000797	8	9	2	0	0.779342243988709	0.825489758012232	0.801752506925111	1	8	0	0.111111111111111
GC_00000798	9	9	1	0	0.786200822078685	0.964363070414862	0.866215785660373	0	9	0	0.0
GC_00000799	6	9	4	0	0.713572166724079	0.702915037326697	0.708203511861965	0	9	0	0.0
GC_00000800	9	9	1	0	0.824962276352662	0.728898294687768	0.773960814273791	0	9	0	0.0
GC_00000801	8	9	2	0	0.899935400516796	0.777503588567467	0.834251508321846	0	9	0	0.0
GC_00000802	9	9	1	0	0.80440492541989	0.892169063029505	0.84601696535982	0	9	0	0.0
GC_00000803	9	9	1	0	0.630138918270926	0.819523548740416	0.712460582035329	0	9	0	0.0
GC_00000804	3	9	3	0	0.693681756839652	0.824442169710054	0.753430576641978	0	9	0	0.0
GC_00000805	6	9	3	0	0.827460106382979	0.636329841749615	0.71941682509915	0	9	0	0.0
GC_00000806	9	9	1	0	0.855513077249833	0.876177024482109	0.865721761278882	0	9	0	0.0
GC_00000807	9	9	1	0	0.757487421994774	0.944749156863695	0.840818029823242	0	9	0	0.0
GC_00000808	9	9	1	0	0.813737241654862	0.885908374649294	0.848290526249387	0	9	0	0.0
GC_00000809	7	9	3	0	0.769597415898527	0.79787522052991	0.783481247019932	0	9	0	0.0
GC_00000810	9	9	1	0	0.681829121540313	0.994971264367816	0.809160576110377	0	9	0	0.0
GC_00000811	7	9	2	0	0.703869303525365	0.644613885003411	0.672939685329193	0	9	0	0.0
GC_00000812	7	9	3	0	0.721258011457093	0.730478911051313	0.725839177370874	0	9	0	0.0
GC_00000813	6	9	3	0	0.722008595340421	0.666066317237277	0.692910161770732	0	9	0	0.0
GC_00000814	6	9	3	0	0.724081040058074	0.745889719848052	0.734823601730273	0	9	0	0.0
GC_00000815	9	9	1	0	0.835159710888319	0.898734709909102	0.865781689461561	0	9	0	0.0
GC_00000816	9	9	1	0	0.665275538271839	0.908621218684573	0.768136115248803	0	9	0	0.0
GC_00000817	8	9	2	0	0.680292385210418	0.917668012738434	0.781349227450774	0	9	0	0.0
GC_00000818	9	9	1	0	0.711023590722839	0.982222460606927	0.824904732871982	0	9	0	0.0
GC_00000819	8	9	2	0	0.72974105202524	0.791692040931483	0.759455260311974	0	9	0	0.0
GC_00000820	9	9	1	0	0.766325951164111	0.90203788263149	0.828662219104812	0	9	0	0.0
GC_00000821	8	9	2	0	0.694255035661102	0.670910913086527	0.682383383965309	0	9	0	0.0
GC_00000822	9	9	1	0	0.791091478004786	0.92737237115018	0.85382812110334	0	9	0	0.0
GC_00000823	6	9	3	0	0.758890079790401	0.765962688293952	0.762409981871393	1	8	0	0.111111111111111
GC_00000824	8	9	2	0	0.714241402039471	0.761120180499337	0.736936017955561	1	8	0	0.111111111111111
GC_00000825	9	9	1	0	0.801759713462587	0.787974465148378	0.794807320485751	0	9	0	0.0
GC_00000826	9	9	1	0	0.657926025900575	0.946440897325281	0.776241505995368	0	9	0	0.0
GC_00000827	8	9	2	0	0.681535298921461	0.791934518261072	0.732599096819397	0	9	0	0.0
GC_00000828	9	9	1	0	0.672838545718583	0.838682687966337	0.746662405416465	0	9	0	0.0
GC_00000829	7	9	3	0	0.745424634998972	0.71743555636173	0.731162336489285	0	9	0	0.0
GC_00000830	4	9	4	0	0.623963334788302	0.644025412273588	0.633835662756122	0	9	0	0.0
GC_00000831	5	9	2	0	0.708532938478065	0.70485289153669	0.706688124119708	0	9	0	0.0
GC_00000832	6	9	2	0	0.80702048105363	0.661665274732921	0.727150006334029	0	9	0	0.0
GC_00000833	7	9	2	0	0.6548	0.796006058301138	0.718531279895437	1	8	0	0.111111111111111
GC_00000834	9	9	1	0	0.630621079600671	0.89729835316745	0.740687295498567	0	9	0	0.0
GC_00000835	9	9	1	0	0.690299203367703	0.873186173381944	0.771046188011474	0	9	0	0.0
GC_00000836	9	9	1	0	0.774204991764855	0.942456058210172	0.850085326740487	0	9	0	0.0
GC_00000837	9	9	1	0	0.83843561630832	0.975796342825239	0.901915991468712	0	9	0	0.0
GC_00000838	9	9	1	0	0.745937518738382	0.965824734413095	0.841758140884191	0	9	0	0.0
GC_00000839	8	9	2	0	0.695248935542346	0.650055939768202	0.671893350661491	0	9	0	0.0
GC_00000840	9	9	1	0	0.678616183315431	0.878017976135129	0.765545589796733	0	9	0	0.0
GC_00000841	9	9	1	0	0.63197729422895	0.885144982159907	0.73743763377761	0	9	0	0.0
GC_00000842	9	9	1	0	0.739941946807074	0.869522000633114	0.799515643656825	0	9	0	0.0
GC_00000843	7	9	2	0	0.654751407447602	0.764591113576142	0.705421137351431	0	9	0	0.0
GC_00000844	9	9	1	0	0.871496116176967	0.939990830795428	0.904448535662189	0	9	0	0.0
GC_00000845	9	9	1	0	0.812157809983897	0.983036971542718	0.889464655487023	0	9	0	0.0
GC_00000846	9	9	1	0	0.805944154165964	0.969877596008819	0.880344188467014	0	9	0	0.0
GC_00000847	9	9	1	0	0.809324512848207	0.919726631393299	0.861000914154493	0	9	0	0.0
GC_00000848	9	9	1	0	0.765645853623345	0.903136836063665	0.828727404784315	0	9	0	0.0
GC_00000849	9	9	1	0	0.784785932721712	0.976964769647698	0.870393531789784	0	9	0	0.0
GC_00000850	9	9	1	0	0.68168727014932	0.917947768499365	0.78237009483939	0	9	0	0.0
GC_00000851	8	9	2	0	0.757498014782237	0.74994433996783	0.753702251940498	0	9	0	0.0
GC_00000852	9	9	1	0	0.753030663180414	0.714173486653546	0.733087531604173	0	9	0	0.0
GC_00000853	8	9	2	0	0.760340141546245	0.73870921216348	0.749368612244713	0	9	0	0.0
GC_00000854	9	9	1	0	0.743342354002432	0.865719610691378	0.799877279356181	0	9	0	0.0
GC_00000855	8	9	2	0	0.731326976559396	0.777252906976743	0.753590876671246	0	9	0	0.0
GC_00000856	6	9	3	0	0.751899918157372	0.695306752061929	0.722496794311223	0	9	0	0.0
GC_00000857	9	9	1	0	0.883395865519017	0.98339929188539	0.930719008092743	0	9	0	0.0
GC_00000858	9	9	1	0	0.806970509383378	0.857252730349176	0.831352015720364	0	9	0	0.0
GC_00000859	9	9	1	0	0.769449401811091	0.931038676572331	0.842566510001772	0	9	0	0.0
GC_00000860	9	9	1	0	0.813674220414488	0.889209801034469	0.849766728125155	0	9	0	0.0
GC_00000861	9	9	1	0	0.840735068912711	0.957581820047192	0.895362349549602	0	9	0	0.0
GC_00000862	9	9	1	0	0.754107516872236	0.859468289057089	0.803348060759978	0	9	0	0.0
GC_00000863	7	9	2	0	0.625364568632985	0.737325401541088	0.676745542668056	0	9	0	0.0
GC_00000864	8	9	2	0	0.748425835767608	0.863102287715468	0.801683869643206	0	9	0	0.0
GC_00000865	8	9	2	0	0.752261841405003	0.877272727272727	0.809972135501331	0	9	0	0.0
GC_00000866	9	9	1	0	0.870114942528736	0.902986540917575	0.886246037793142	0	9	0	0.0
GC_00000867	7	9	2	0	0.768264462809917	0.800768938674769	0.784180015446081	0	9	0	0.0
GC_00000868	5	8	2	0	0.848449001051525	0.630892787169726	0.723673676099399	0	8	0	0.0
GC_00000869	6	8	3	0	0.723922342875946	0.660541884436701	0.69078134214749	0	8	0	0.0
GC_00000870	8	8	1	0	0.709790062686693	0.933924771706497	0.806576065852602	0	8	0	0.0
GC_00000871	8	8	1	0	0.71778149386845	0.852006193102241	0.779155401900558	0	8	0	0.0
GC_00000872	8	8	1	0	0.727588243981687	0.694481627401461	0.710649565013435	0	8	0	0.0
GC_00000873	5	8	2	0	0.608357628765792	0.671722975561173	0.638471976246768	0	8	0	0.0
GC_00000874	7	8	2	0	0.712988038817423	0.829545454545456	0.766863072070919	1	7	0	0.125
GC_00000875	8	8	1	0	0.804512210239246	0.816613830658212	0.810517851469554	0	8	0	0.0
GC_00000876	7	8	2	0	0.648086390344609	0.769125657371017	0.703437247531819	0	8	0	0.0
GC_00000877	8	8	1	0	0.757668191831893	0.902110893352931	0.823604460978562	0	8	0	0.0
GC_00000878	3	8	6	0	0.678588719438393	0.704230183009691	0.691171717760566	0	8	0	0.0
GC_00000879	8	8	1	0	0.735457875457875	0.996941982882679	0.846466050150788	0	8	0	0.0
GC_00000880	5	8	2	0	0.731795567616463	0.735311059907834	0.733549101837187	1	7	0	0.125
GC_00000881	4	8	5	0	0.580901856763926	0.700659256837747	0.635185101882524	0	8	0	0.0
GC_00000882	8	8	1	0	0.673234022104757	0.711410138248848	0.691795802059443	0	8	0	0.0
GC_00000883	3	8	4	0	0.698516320474777	0.624372968772079	0.659366905901679	0	8	0	0.0
GC_00000884	8	8	1	0	0.706894697214155	0.898518159317692	0.79127025747685	0	8	0	0.0
GC_00000885	8	8	1	0	0.684154175588865	0.837040009990983	0.752914287207834	0	8	0	0.0
GC_00000886	8	8	1	0	0.677475788815995	0.79034522217204	0.729570906561059	0	8	0	0.0
GC_00000887	7	8	2	0	0.728769841269841	0.772002644725242	0.749763538586295	1	7	0	0.125
GC_00000888	8	8	1	0	0.733289430358907	0.811461239171929	0.770397400133755	0	8	0	0.0
GC_00000889	8	8	1	0	0.728076379066478	0.980749095754807	0.835732215994218	0	8	0	0.0
GC_00000890	8	8	1	0	0.857600732600733	0.772538716814159	0.812850421772267	0	8	0	0.0
GC_00000891	8	8	1	0	0.671108788433063	0.910492354306717	0.772684596974754	0	8	0	0.0
GC_00000892	6	8	3	0	0.779597407028318	0.682265516738723	0.727691248073687	0	8	0	0.0
GC_00000893	8	8	1	0	0.84504726674887	0.919509756393162	0.880707391371638	0	8	0	0.0
GC_00000894	7	8	2	0	0.804513439701021	0.867415134370581	0.834781035773258	0	8	0	0.0
GC_00000895	4	8	4	0	0.672976656001896	0.624223344540989	0.647683840320236	0	8	0	0.0
GC_00000896	6	8	2	0	0.682126149378932	0.704180042203694	0.69297767488081	0	8	0	0.0
GC_00000897	4	8	4	0	0.641410870785304	0.801403707550436	0.712536534671585	0	8	0	0.0
GC_00000898	6	8	2	0	0.637097270991191	0.740402876896172	0.684876372649434	0	8	0	0.0
GC_00000899	6	8	2	0	0.734781717565075	0.663808167141501	0.697494112490721	0	8	0	0.0
GC_00000900	7	8	2	0	0.681734073486651	0.749257559395247	0.713902717975353	0	8	0	0.0
GC_00000901	7	8	2	0	0.683828076685219	0.777127289589612	0.727498556146434	0	8	0	0.0
GC_00000902	5	8	2	0	0.740311123100441	0.854066992362982	0.793130924448844	1	7	0	0.125
GC_00000903	8	8	1	0	0.699281927387424	0.980252772816016	0.816265419486266	0	8	0	0.0
GC_00000904	6	8	2	0	0.827795874049946	0.873906386701662	0.850226409052326	0	8	0	0.0
GC_00000905	3	8	6	0	0.721300486006368	0.658895502645502	0.688687186737632	0	8	0	0.0
GC_00000906	7	8	2	0	0.809329401980797	0.709994570429848	0.756414683806875	0	8	0	0.0
GC_00000907	8	8	1	0	0.870418496281029	0.710437155444799	0.782332833322698	0	8	0	0.0
GC_00000908	8	8	1	0	0.745158632056036	0.841388044579534	0.790355018935511	0	8	0	0.0
GC_00000909	6	8	3	0	0.755858888057841	0.754096010485787	0.754976420188979	0	8	0	0.0
GC_00000910	6	8	2	0	0.783481541363514	0.733648393859661	0.757746533233462	0	8	0	0.0
GC_00000911	8	8	1	0	0.664039342495284	0.866226791828312	0.751775990326969	0	8	0	0.0
GC_00000912	8	8	1	0	0.807610089781958	0.921790511076226	0.860931026670176	0	8	0	0.0
GC_00000913	7	8	2	0	0.668482261151185	0.814278321299194	0.734212414156474	0	8	0	0.0
GC_00000914	6	8	3	0	0.666371485499225	0.653781329232305	0.660016371878564	1	7	0	0.125
GC_00000915	6	8	3	0	0.772762610326062	0.704166763469091	0.736871723046524	0	8	0	0.0
GC_00000916	8	8	1	0	0.838493162178035	0.942149164301483	0.887304115229489	0	8	0	0.0
GC_00000917	8	8	1	0	0.654304780658571	0.827624799919968	0.730829413591733	0	8	0	0.0
GC_00000918	8	8	1	0	0.839311654933512	0.98648506650843	0.906966700087499	0	8	0	0.0
GC_00000919	8	8	1	0	0.766975499279391	0.855348615948012	0.80875507627242	0	8	0	0.0
GC_00000920	8	8	1	0	0.634093844167025	0.912598330631117	0.748271689841344	0	8	0	0.0
GC_00000921	5	8	3	0	0.790302153066763	0.759188594951373	0.774432996055267	0	8	0	0.0
GC_00000922	7	8	2	0	0.655617882032976	0.6625	0.659040974661446	0	8	0	0.0
GC_00000923	5	8	3	0	0.702406078514141	0.587706243444932	0.639957359913547	1	7	0	0.125
GC_00000924	6	8	2	0	0.698870056497175	0.874608067044729	0.77692518260443	0	8	0	0.0
GC_00000925	4	8	3	0	0.667703150912106	0.759262485481999	0.710545427298115	0	8	0	0.0
GC_00000926	4	8	4	0	0.638520971302428	0.653827082455402	0.646083386807943	0	8	0	0.0
GC_00000927	8	8	1	0	0.683597305661751	0.847621831123807	0.756824397052271	0	8	0	0.0
GC_00000928	1	8	8	0	0.846059865607819	0.702813525546785	0.767812682905232	1	7	0	0.125
GC_00000929	8	8	1	0	0.826757141660384	0.938060531230035	0.878898999502846	0	8	0	0.0
GC_00000930	8	8	1	0	0.703227842394734	0.820409053193483	0.75731230981464	0	8	0	0.0
GC_00000931	8	8	1	0	0.656862745098039	0.881396287328491	0.752742382926933	0	8	0	0.0
GC_00000932	8	8	1	0	0.85439947024253	0.931514453288647	0.891292066125365	0	8	0	0.0
GC_00000933	8	8	1	0	0.68858763580425	0.839380321665089	0.756543235622888	0	8	0	0.0
GC_00000934	7	8	2	0	0.756808278867102	0.863544806108097	0.806661047515205	0	8	0	0.0
GC_00000935	7	8	2	0	0.826154443150951	0.748220104237411	0.785258329532842	0	8	0	0.0
GC_00000936	6	8	2	0	0.805742211362248	0.757408256004888	0.780827969971834	0	8	0	0.0
GC_00000937	8	8	1	0	0.629440118650352	0.834772223227268	0.717708917219476	0	8	0	0.0
GC_00000938	8	8	1	0	0.829107981220657	0.837011606721101	0.833041047628629	0	8	0	0.0
GC_00000939	8	8	1	0	0.702519379844961	0.849560304488547	0.769074660630561	0	8	0	0.0
GC_00000940	7	8	2	0	0.673691275167785	0.738485630066323	0.704601985726413	0	8	0	0.0
GC_00000941	7	8	2	0	0.656919836451493	0.829677897859716	0.733260728695991	0	8	0	0.0
GC_00000942	7	8	2	0	0.647697150430749	0.771334395827296	0.704129646058925	0	8	0	0.0
GC_00000943	8	8	1	0	0.700281463610776	0.895378348294805	0.785902929372501	0	8	0	0.0
GC_00000944	6	8	2	0	0.780181437543615	0.854416900928528	0.815613463367459	1	7	0	0.125
GC_00000945	8	8	1	0	0.683574103798823	0.869744568408691	0.765502758090117	0	8	0	0.0
GC_00000946	7	8	2	0	0.675367122404824	0.772085448851731	0.720494941521932	0	8	0	0.0
GC_00000947	7	8	2	0	0.624460197180803	0.762418749255657	0.686577820966787	0	8	0	0.0
GC_00000948	7	8	2	0	0.70658547586829	0.697380418443038	0.701952770823552	0	8	0	0.0
GC_00000949	7	8	2	0	0.80689022355689	0.798304777698038	0.802574540837365	0	8	0	0.0
GC_00000950	8	8	1	0	0.716472749540723	0.863776187316331	0.783258998604618	0	8	0	0.0
GC_00000951	5	8	2	0	0.828377230246389	0.536872263273125	0.651504007959473	0	8	0	0.0
GC_00000952	8	8	1	0	0.834935139961136	0.99421992481203	0.907642187435896	0	8	0	0.0
GC_00000953	3	8	4	0	0.775873326803787	0.669788731030343	0.718938714873327	1	7	0	0.125
GC_00000954	8	8	1	0	0.815849056603774	0.837160131180063	0.826367219610229	1	7	0	0.125
GC_00000955	4	8	4	0	0.714065647588577	0.623483915509778	0.665707586727855	0	8	0	0.0
GC_00000956	8	8	1	0	0.698906525573192	0.886374676165803	0.781556035100326	0	8	0	0.0
GC_00000957	7	8	2	0	0.850458398201003	0.898282362798491	0.873716443781158	0	8	0	0.0
GC_00000958	3	8	6	0	0.487377640391551	0.719859732883973	0.581233725516566	0	8	0	0.0
GC_00000959	8	8	1	0	0.835748792270531	0.821906559466614	0.828769881162093	0	8	0	0.0
GC_00000960	8	8	1	0	0.756834215167548	0.868432996980469	0.808802147465529	0	8	0	0.0
GC_00000961	8	8	1	0	0.773549310434556	0.978911505951353	0.864197719372427	0	8	0	0.0
GC_00000962	7	8	2	0	0.847112759491063	0.789955938127462	0.817536558602552	0	8	0	0.0
GC_00000963	8	8	1	0	0.635129490392648	0.928216803760282	0.754199971882226	0	8	0	0.0
GC_00000964	8	8	1	0	0.681432262827612	0.88938595188595	0.771644071916045	0	8	0	0.0
GC_00000965	2	8	7	0	0.715036112934997	0.592339208410637	0.647930121068824	0	8	0	0.0
GC_00000966	8	8	1	0	0.636080105055811	0.848107774151952	0.726949046867545	0	8	0	0.0
GC_00000967	6	8	2	0	0.714453125	0.724518743667679	0.719450729796013	0	8	0	0.0
GC_00000968	8	8	1	0	0.650655458821175	0.830028876169816	0.729477318691808	0	8	0	0.0
GC_00000969	8	8	1	0	0.687007874015748	0.76078111078111	0.722014905483489	0	8	0	0.0
GC_00000970	6	8	3	0	0.693658788583236	0.662169743494843	0.677548600345658	0	8	0	0.0
GC_00000971	8	8	1	0	0.719711355867831	0.918207266330637	0.806931660293978	0	8	0	0.0
GC_00000972	8	8	1	0	0.687113647170709	0.867392554892552	0.76679946484599	0	8	0	0.0
GC_00000973	7	8	2	0	0.663540010598834	0.751274392355873	0.704686943001678	0	8	0	0.0
GC_00000974	8	8	1	0	0.69253543001359	0.924854270507729	0.792009927749051	0	8	0	0.0
GC_00000975	8	8	1	0	0.784438005553543	0.941490902581128	0.855818849069209	0	8	0	0.0
GC_00000976	5	8	3	0	0.772268135904499	0.639336219336221	0.699543024913403	0	8	0	0.0
GC_00000977	7	8	2	0	0.654683719322503	0.795053724441221	0.718073098846192	0	8	0	0.0
GC_00000978	3	8	3	0	0.666784078901022	0.656998013153792	0.661854874257376	0	8	0	0.0
GC_00000979	8	8	1	0	0.750650549819525	0.906441281395787	0.821222618374555	0	8	0	0.0
GC_00000980	8	8	1	0	0.689200013930972	0.794649666431769	0.738177954846658	0	8	0	0.0
GC_00000981	8	8	1	0	0.875953454707422	0.959941363528808	0.916026283583547	0	8	0	0.0
GC_00000982	8	8	1	0	0.689501266989173	0.881156520739647	0.773635787773085	0	8	0	0.0
GC_00000983	8	8	1	0	0.643156096519325	0.856684270477374	0.734720472223356	0	8	0	0.0
GC_00000984	8	8	1	0	0.756702281711088	0.858522477067071	0.804403119462252	0	8	0	0.0
GC_00000985	8	8	1	0	0.828067179049246	0.844562082258646	0.836233297079859	0	8	0	0.0
GC_00000986	8	8	1	0	0.706494305940289	0.909716084670014	0.795328674503773	0	8	0	0.0
GC_00000987	8	8	1	0	0.793341621770963	0.834127893795501	0.813223682162537	0	8	0	0.0
GC_00000988	6	8	2	0	0.767696022366247	0.725228678102237	0.745858342768805	0	8	0	0.0
GC_00000989	7	8	2	0	0.84287556415216	0.7948286574583	0.818147311607552	0	8	0	0.0
GC_00000990	8	8	1	0	0.673474049707602	0.919008348335628	0.777312546536403	0	8	0	0.0
GC_00000991	7	8	2	0	0.733112079098389	0.733938075525893	0.733524844780862	1	7	0	0.125
GC_00000992	8	8	1	0	0.642433801739795	0.854585726230022	0.733477081303092	0	8	0	0.0
GC_00000993	8	8	1	0	0.629840067340067	0.798363292336803	0.70415909107092	0	8	0	0.0
GC_00000994	6	8	3	0	0.680835197613721	0.759718710493046	0.718117156849973	1	7	0	0.125
GC_00000995	7	8	2	0	0.72078099933482	0.770312251708245	0.744723959011587	0	8	0	0.0
GC_00000996	5	8	3	0	0.715405000576103	0.793901045819789	0.752611810571252	0	8	0	0.0
GC_00000997	8	8	1	0	0.713766705592319	0.839648701758914	0.77160724024391	0	8	0	0.0
GC_00000998	8	8	1	0	0.843205574912892	0.784833292322834	0.812972983363098	0	8	0	0.0
GC_00000999	4	8	5	0	0.736434108527132	0.79706339057362	0.765550211618743	0	8	0	0.0
GC_00001000	7	8	2	0	0.853763440860215	0.813470076903623	0.833129857928441	0	8	0	0.0
GC_00001001	7	8	2	0	0.633747779751332	0.795505428448752	0.705473034682811	0	8	0	0.0
GC_00001002	8	8	1	0	0.821240225495545	0.818801899458008	0.820019249891058	0	8	0	0.0
GC_00001003	8	8	1	0	0.687151348879744	0.8640734802693	0.765523148342046	0	8	0	0.0
GC_00001004	8	8	1	0	0.709440483905811	0.836579009713338	0.767782062161604	0	8	0	0.0
GC_00001005	6	8	2	0	0.684688581314879	0.703154453033993	0.693798668837157	0	8	0	0.0
GC_00001006	7	8	2	0	0.841172079134005	0.783031849103273	0.811061366232728	0	8	0	0.0
GC_00001007	8	8	1	0	0.794930875576037	1.0	0.885750962772786	0	8	0	0.0
GC_00001008	6	8	3	0	0.737505432420687	0.678782529961137	0.706926580716974	0	8	0	0.0
GC_00001009	5	8	2	0	0.702602635304367	0.76303581013726	0.731573291764328	0	8	0	0.0
GC_00001010	6	8	3	0	0.708615567439097	0.840154257069309	0.768799050948077	0	8	0	0.0
GC_00001011	5	8	2	0	0.708692676249144	0.842205750224619	0.769702305309806	0	8	0	0.0
GC_00001012	8	8	1	0	0.701944532993306	0.871055882102395	0.777409730481525	0	8	0	0.0
GC_00001013	6	8	2	0	0.789804604372219	0.729094928567167	0.758236498358002	0	8	0	0.0
GC_00001014	8	8	1	0	0.630952380952381	0.871587343096234	0.732000759158279	0	8	0	0.0
GC_00001015	8	8	1	0	0.746069770923791	0.839105436224836	0.789857421138021	0	8	0	0.0
GC_00001016	8	8	1	0	0.803839582771333	0.88554432245715	0.842716183676682	0	8	0	0.0
GC_00001017	8	8	1	0	0.718562874251497	0.84990849049097	0.778736165040817	0	8	0	0.0
GC_00001018	8	8	1	0	0.821357285429142	0.908805816686252	0.862871572816433	0	8	0	0.0
GC_00001019	8	8	1	0	0.687767094017094	0.909519213090643	0.78325017043782	0	8	0	0.0
GC_00001020	1	8	8	0	0.823055028462998	0.874708824989499	0.848096153519281	0	8	0	0.0
GC_00001021	8	8	1	0	0.699932795698925	0.850549687148481	0.767925632172747	0	8	0	0.0
GC_00001022	8	8	1	0	0.79290780141844	0.856634707574305	0.823540271194621	0	8	0	0.0
GC_00001023	7	8	2	0	0.763544536271809	0.696903889761033	0.72870379788631	0	8	0	0.0
GC_00001024	8	8	1	0	0.690058479532164	0.877126728110599	0.772427832275701	0	8	0	0.0
GC_00001025	8	8	1	0	0.695322106388666	0.954561592437127	0.804575228670325	0	8	0	0.0
GC_00001026	7	8	2	0	0.611946446961895	0.649270205241187	0.630056056620458	0	8	0	0.0
GC_00001027	6	7	2	0	0.646418857660925	0.779481786191321	0.706741704577704	0	7	0	0.0
GC_00001028	6	7	2	0	0.676306276700624	0.796121862793982	0.731339205471814	0	7	0	0.0
GC_00001029	7	7	1	0	0.771390552228876	0.938295948300582	0.846696314779999	0	7	0	0.0
GC_00001030	3	7	4	0	0.653273137697517	0.609089658220696	0.630408173389676	0	7	0	0.0
GC_00001031	4	7	2	0	0.731638418079096	0.676889375684556	0.703199857657187	0	7	0	0.0
GC_00001032	7	7	1	0	0.736430133989609	0.973972817638591	0.838706378415722	0	7	0	0.0
GC_00001033	5	7	2	0	0.680718728403594	0.811566710443115	0.740406151217929	0	7	0	0.0
GC_00001034	7	7	1	0	0.69012989896747	0.827535217161194	0.752612404070123	0	7	0	0.0
GC_00001035	5	7	2	0	0.618241654913023	0.64578175017147	0.63171168561068	0	7	0	0.0
GC_00001036	6	7	2	0	0.599543138288526	0.700582167338877	0.64613653686655	0	7	0	0.0
GC_00001037	7	7	1	0	0.76331559518673	0.655443735894865	0.705278780432182	0	7	0	0.0
GC_00001038	5	7	2	0	0.843277515851081	0.810026842877167	0.826317816472203	1	6	0	0.142857142857143
GC_00001039	7	7	1	0	0.703973203973204	0.81212648837863	0.754192206408991	0	7	0	0.0
GC_00001040	6	7	2	0	0.687572590011614	0.744505494505494	0.714907345722886	1	6	0	0.142857142857143
GC_00001041	7	7	1	0	0.6886012581102	0.954066151956814	0.79988334647854	0	7	0	0.0
GC_00001042	5	7	2	0	0.681164159581426	0.820672285074315	0.744438649552886	0	7	0	0.0
GC_00001043	5	7	2	0	0.710320742578807	0.727775711164415	0.718942296588725	0	7	0	0.0
GC_00001044	7	7	1	0	0.705160960654062	0.819472558898035	0.758031421258458	0	7	0	0.0
GC_00001045	7	7	1	0	0.729791591374533	0.877709588540889	0.796945078969888	0	7	0	0.0
GC_00001046	4	7	4	0	0.734529818657693	0.730002687145546	0.732259255815639	0	7	0	0.0
GC_00001047	5	7	3	0	0.864013266998342	0.666724837203288	0.752655340844735	0	7	0	0.0
GC_00001048	6	7	2	0	0.676444074613411	0.857802768503875	0.756404489335577	0	7	0	0.0
GC_00001049	5	7	2	0	0.7138304652645	0.776554929120812	0.743872784108133	0	7	0	0.0
GC_00001050	7	7	1	0	0.693237819438094	0.926839668160294	0.793197011183267	0	7	0	0.0
GC_00001051	3	7	3	0	0.662610355523741	0.62322145232362	0.642312603520844	0	7	0	0.0
GC_00001052	5	7	3	0	0.753297362110312	0.650465991819376	0.698115269084801	0	7	0	0.0
GC_00001053	7	7	1	0	0.700937233740415	0.93481290946665	0.801155576904555	0	7	0	0.0
GC_00001054	3	7	4	0	0.732306985294118	0.572431445742944	0.642574076685047	0	7	0	0.0
GC_00001055	7	7	1	0	0.777388296877921	0.848491043839878	0.811384942249954	0	7	0	0.0
GC_00001056	7	7	1	0	0.695722003212148	0.811444721773602	0.749140672985057	0	7	0	0.0
GC_00001057	6	7	2	0	0.598614875037639	0.660532795207635	0.628051444648202	0	7	0	0.0
GC_00001058	6	7	2	0	0.732484076433121	0.734606871018925	0.73354393794637	0	7	0	0.0
GC_00001059	6	7	2	0	0.728953184649387	0.964045232038648	0.83017660868861	0	7	0	0.0
GC_00001060	5	7	2	0	0.813335648550096	0.728338014050433	0.768493729110158	0	7	0	0.0
GC_00001061	4	7	3	0	0.734098424431045	0.653584846451553	0.69150593089867	0	7	0	0.0
GC_00001062	3	7	3	0	0.730355097365407	0.703408105879617	0.716628372794874	0	7	0	0.0
GC_00001063	5	7	3	0	0.560318575778871	0.589554063802991	0.574564663952455	1	6	0	0.142857142857143
GC_00001064	7	7	1	0	0.704836415362731	0.849655381352723	0.770500113994399	0	7	0	0.0
GC_00001065	5	7	2	0	0.587344028520499	0.654898998377259	0.619284645036848	0	7	0	0.0
GC_00001066	7	7	1	0	0.686817188638019	0.815222183547976	0.745531200563544	0	7	0	0.0
GC_00001067	7	7	1	0	0.690583804143126	0.8368974384012	0.756733111466626	0	7	0	0.0
GC_00001068	4	7	3	0	0.569177203591717	0.663355730840394	0.612668350384063	0	7	0	0.0
GC_00001069	7	7	1	0	0.832635983263598	0.859414877061936	0.845813524844234	0	7	0	0.0
GC_00001070	7	7	1	0	0.717516535097077	0.757940111836218	0.737174574374873	0	7	0	0.0
GC_00001071	4	7	3	0	0.832936696811042	0.574227800898621	0.679800277047996	0	7	0	0.0
GC_00001072	7	7	1	0	0.913438045375218	0.988681091165563	0.949571355510462	0	7	0	0.0
GC_00001073	6	7	2	0	0.675956839405816	0.719771131628015	0.697176282668376	0	7	0	0.0
GC_00001074	5	7	2	0	0.722492697176241	0.651001914138986	0.684886747917826	0	7	0	0.0
GC_00001075	5	7	3	0	0.770742989303267	0.630806260451676	0.693788681256472	0	7	0	0.0
GC_00001076	7	7	1	0	0.646709816612729	0.951011821278301	0.769882144610943	0	7	0	0.0
GC_00001077	6	7	2	0	0.839786756453423	0.717557750490913	0.773875649434986	0	7	0	0.0
GC_00001078	5	7	3	0	0.801162676125727	0.658187128582564	0.722671095888651	0	7	0	0.0
GC_00001079	7	7	1	0	0.711484937786509	0.817328057614658	0.760742620546002	0	7	0	0.0
GC_00001080	7	7	1	0	0.650793650793651	0.814788854108656	0.72361591547068	0	7	0	0.0
GC_00001081	7	7	1	0	0.628163466272772	0.803091060985798	0.704937458703149	0	7	0	0.0
GC_00001082	5	7	3	0	0.728274692666384	0.738305709023942	0.733255896115245	0	7	0	0.0
GC_00001083	5	7	2	0	0.779529503050824	0.892959201105775	0.832397899672115	0	7	0	0.0
GC_00001084	7	7	1	0	0.781629116117851	0.790359190359191	0.785969911901627	0	7	0	0.0
GC_00001085	7	7	1	0	0.735276259866424	0.886796458552093	0.803959496887041	0	7	0	0.0
GC_00001086	7	7	1	0	0.698119918699187	0.98555151805561	0.817300965781063	0	7	0	0.0
GC_00001087	6	7	2	0	0.756978653530378	0.938203520435144	0.837904089063292	0	7	0	0.0
GC_00001088	4	7	3	0	0.592844974446337	0.636213425129088	0.613764052047267	1	6	0	0.142857142857143
GC_00001089	5	7	2	0	0.871578552680915	0.926501035196687	0.898200988163453	1	6	0	0.142857142857143
GC_00001090	6	7	2	0	0.683694779116466	0.743626291679981	0.712402308965629	0	7	0	0.0
GC_00001091	5	7	2	0	0.868237934904602	0.697998722588886	0.773866409737181	1	6	0	0.142857142857143
GC_00001092	4	7	2	0	0.744348659003831	0.613943187023284	0.672886006497012	0	7	0	0.0
GC_00001093	5	7	2	0	0.710974588103882	0.799407220115186	0.75260204533161	0	7	0	0.0
GC_00001094	7	7	1	0	0.642596073517126	0.930385512898377	0.760164114582062	0	7	0	0.0
GC_00001095	6	7	2	0	0.583730674757983	0.795891608391609	0.673497886015625	0	7	0	0.0
GC_00001096	7	7	1	0	0.767700166310287	0.931930156886605	0.841880645063708	0	7	0	0.0
GC_00001097	7	7	1	0	0.708000651784259	0.947603636924025	0.810464187790657	0	7	0	0.0
GC_00001098	6	7	2	0	0.607274555816292	0.699048118901639	0.649937636567276	0	7	0	0.0
GC_00001099	6	7	2	0	0.70817885630828	0.788471092494276	0.746171216537956	0	7	0	0.0
GC_00001100	6	7	2	0	0.812460942382202	0.760256941566512	0.785492525394187	0	7	0	0.0
GC_00001101	7	7	1	0	0.676171746968207	0.840400653959975	0.749394065187462	0	7	0	0.0
GC_00001102	6	7	2	0	0.797331544424568	0.643876478171656	0.712434317197927	0	7	0	0.0
GC_00001103	5	7	2	0	0.790167992926614	0.762810594241886	0.776248328490147	0	7	0	0.0
GC_00001104	6	7	2	0	0.831212574850299	0.770443928115119	0.799675436125862	0	7	0	0.0
GC_00001105	7	7	1	0	0.736878901373283	0.899762152051834	0.810215220635796	0	7	0	0.0
GC_00001106	4	7	3	0	0.663681441003845	0.792240103071656	0.722284872240842	0	7	0	0.0
GC_00001107	7	7	1	0	0.760474545727587	0.906516347203318	0.827098228619595	0	7	0	0.0
GC_00001108	7	7	1	0	0.634909515469936	0.872448293999533	0.734962488847656	0	7	0	0.0
GC_00001109	5	7	2	0	0.744012772751463	0.793130690998951	0.767786974320086	0	7	0	0.0
GC_00001110	6	7	2	0	0.752598752598753	0.62511757838339	0.682960198901773	1	6	0	0.142857142857143
GC_00001111	6	7	2	0	0.884444444444444	0.919203938312218	0.901489252920954	0	7	0	0.0
GC_00001112	5	7	2	0	0.681005173688101	0.708074111847697	0.694275897054922	0	7	0	0.0
GC_00001113	7	7	1	0	0.773559190031153	0.976673159704686	0.863330515471678	0	7	0	0.0
GC_00001114	7	7	1	0	0.675193798449612	0.833201839105477	0.745921959218453	0	7	0	0.0
GC_00001115	4	7	3	0	0.73705501618123	0.652208616780045	0.69204090741178	0	7	0	0.0
GC_00001116	7	7	1	0	0.748477057420147	0.824774903848237	0.784775876037827	0	7	0	0.0
GC_00001117	5	7	3	0	0.721816083108888	0.660913824868156	0.69002373578046	0	7	0	0.0
GC_00001118	4	7	3	0	0.69823754789272	0.876220488195279	0.777169071601269	0	7	0	0.0
GC_00001119	7	7	1	0	0.702355460385439	0.697097752144337	0.699716729730359	0	7	0	0.0
GC_00001120	7	7	1	0	0.77868406742795	0.893544851772702	0.832169724633478	0	7	0	0.0
GC_00001121	6	7	2	0	0.623279682761838	0.806146439767129	0.703015971680564	0	7	0	0.0
GC_00001122	6	7	2	0	0.666381685190463	0.653768705405985	0.660014941837642	0	7	0	0.0
GC_00001123	5	7	2	0	0.701493985254172	0.78238747553816	0.739735784467792	0	7	0	0.0
GC_00001124	7	7	1	0	0.72977651872836	0.826503829878407	0.775134233654357	0	7	0	0.0
GC_00001125	7	7	1	0	0.651579443658652	0.728224874855603	0.687773407359289	0	7	0	0.0
GC_00001126	7	7	1	0	0.886827956989247	0.953438593840498	0.918927749796932	0	7	0	0.0
GC_00001127	5	7	2	0	0.710928961748634	0.65109377084167	0.679697052669834	0	7	0	0.0
GC_00001128	7	7	1	0	0.975978270095917	1.0	0.987843120408952	0	7	0	0.0
GC_00001129	5	7	3	0	0.761254901960784	0.764615246192951	0.762931373921461	0	7	0	0.0
GC_00001130	7	7	1	0	0.667089477300354	0.846929006458872	0.746328310109331	0	7	0	0.0
GC_00001131	7	7	1	0	0.893119810201661	0.677284530861016	0.770370045265902	0	7	0	0.0
GC_00001132	7	7	1	0	0.688875786163522	0.746330668834394	0.716453196598795	0	7	0	0.0
GC_00001133	6	7	2	0	0.66618682021753	0.781461787092066	0.719234682278164	0	7	0	0.0
GC_00001134	6	7	2	0	0.686883629191322	0.880305975114101	0.771658721221759	0	7	0	0.0
GC_00001135	6	7	2	0	0.66946989037393	0.79798213686661	0.728098777706585	0	7	0	0.0
GC_00001136	6	7	2	0	0.739507959479016	0.977595473833097	0.842045528562901	0	7	0	0.0
GC_00001137	7	7	1	0	0.716439945165032	0.876241414112652	0.788323850243225	0	7	0	0.0
GC_00001138	7	7	1	0	0.627533713907504	0.91504658735532	0.744496196264645	0	7	0	0.0
GC_00001139	6	7	2	0	0.788069293098631	0.793114321752095	0.790583758924899	0	7	0	0.0
GC_00001140	5	7	2	0	0.675063727695307	0.862595524956971	0.757394005942907	0	7	0	0.0
GC_00001141	7	7	1	0	0.746839443742099	0.892816923377194	0.813330046209668	0	7	0	0.0
GC_00001142	7	7	1	0	0.611545623836127	0.938984824699111	0.740691111142954	0	7	0	0.0
GC_00001143	7	7	1	0	0.693156320119671	0.812763287813811	0.74820993994823	0	7	0	0.0
GC_00001144	5	7	2	0	0.630524310037495	0.770734200415919	0.693614556221036	0	7	0	0.0
GC_00001145	7	7	1	0	0.73960343919986	0.784610649430595	0.761442554665163	0	7	0	0.0
GC_00001146	7	7	1	0	0.711712878984193	0.918075576280808	0.80182947597778	0	7	0	0.0
GC_00001147	7	7	1	0	0.831097792998478	0.978893023485055	0.898961280898232	0	7	0	0.0
GC_00001148	6	7	2	0	0.683467567333507	0.753638710386116	0.716839977699203	0	7	0	0.0
GC_00001149	4	7	4	0	0.566121542499495	0.613442212355492	0.588832693550656	1	6	0	0.142857142857143
GC_00001150	2	7	4	0	0.639566395663957	0.636524846158936	0.638041996161472	0	7	0	0.0
GC_00001151	6	7	2	0	0.677172247756621	0.861279395479121	0.758209732164704	0	7	0	0.0
GC_00001152	7	7	1	0	0.749098064939324	0.851261891159053	0.796919009368961	0	7	0	0.0
GC_00001153	7	7	1	0	0.714567317169328	0.828791144200623	0.767452382876044	0	7	0	0.0
GC_00001154	7	7	1	0	0.766927763272411	0.853708278221027	0.807994594146935	0	7	0	0.0
GC_00001155	2	7	5	0	0.752839372633856	0.68715335827827	0.718498214670541	0	7	0	0.0
GC_00001156	6	7	2	0	0.621947024423805	0.824801884771899	0.70915288024404	0	7	0	0.0
GC_00001157	7	7	1	0	0.70140127388535	0.899699100005956	0.788270498399772	0	7	0	0.0
GC_00001158	4	7	2	0	0.630227439471754	0.786740558292282	0.699840064650058	0	7	0	0.0
GC_00001159	7	7	1	0	0.684055804683607	0.974610500473054	0.803884383593624	0	7	0	0.0
GC_00001160	4	7	2	0	0.616568434839555	0.969640427599611	0.753809532854224	0	7	0	0.0
GC_00001161	7	7	1	0	0.829903336451512	0.840494092373791	0.835165140333492	0	7	0	0.0
GC_00001162	6	7	2	0	0.771201302768383	0.767863834974448	0.769528950216492	0	7	0	0.0
GC_00001163	7	7	1	0	0.644154284856671	0.751945742870031	0.693888779643062	1	6	0	0.142857142857143
GC_00001164	4	7	4	0	0.696003401360544	0.654843150357298	0.674796200096505	0	7	0	0.0
GC_00001165	6	7	2	0	0.719129523457247	0.783464334928924	0.749919654840473	0	7	0	0.0
GC_00001166	7	7	1	0	0.769573403131744	0.888639134316033	0.82483159101452	0	7	0	0.0
GC_00001167	6	7	2	0	0.664668769716088	0.733777395472625	0.697515472293422	0	7	0	0.0
GC_00001168	7	7	1	0	0.722272810052814	0.787166917790625	0.753324894271257	0	7	0	0.0
GC_00001169	6	7	2	0	0.769397748498157	0.778590524031057	0.773966840475777	0	7	0	0.0
GC_00001170	7	7	1	0	0.64080710955711	0.883538726333906	0.742847041757891	0	7	0	0.0
GC_00001171	7	7	1	0	0.795910791284731	0.85199971313141	0.823000720045829	0	7	0	0.0
GC_00001172	3	7	3	0	0.660847074038151	0.772629101687594	0.712379723937119	0	7	0	0.0
GC_00001173	4	7	3	0	0.811322934719815	0.831257490155796	0.821169248345451	0	7	0	0.0
GC_00001174	6	7	2	0	0.659463409541706	0.799698040135596	0.722842008015316	0	7	0	0.0
GC_00001175	6	7	2	0	0.778679653679654	0.833648490693112	0.805227050447614	0	7	0	0.0
GC_00001176	5	7	2	0	0.842695612844867	0.6626503417842	0.741905917579319	0	7	0	0.0
GC_00001177	7	7	1	0	0.843812375249501	0.956911976911976	0.89681040540555	0	7	0	0.0
GC_00001178	7	7	1	0	0.675760159136118	0.789598997493734	0.72825769953525	0	7	0	0.0
GC_00001179	6	7	2	0	0.659934318555008	0.716093884883693	0.686868087094671	0	7	0	0.0
GC_00001180	5	7	3	0	0.691247767287573	0.741482908655627	0.715484652763054	0	7	0	0.0
GC_00001181	7	7	1	0	0.729781160799239	0.836858907230759	0.779660723872603	0	7	0	0.0
GC_00001182	5	7	2	0	0.674722775092408	0.678485587783501	0.676598949886134	1	6	0	0.142857142857143
GC_00001183	7	7	1	0	0.770614453995543	0.865353037766832	0.815240598691471	0	7	0	0.0
GC_00001184	5	7	3	0	0.698886814630436	0.614624776932466	0.654053082290904	0	7	0	0.0
GC_00001185	7	7	1	0	0.717021933889404	0.721187668115043	0.719098768035396	0	7	0	0.0
GC_00001186	7	7	1	0	0.69478527607362	0.856136656136657	0.767067807394969	0	7	0	0.0
GC_00001187	7	7	1	0	0.708954065797641	0.820647551682033	0.760722807433339	0	7	0	0.0
GC_00001188	6	7	2	0	0.761684460260973	0.798990692906616	0.779891694238776	0	7	0	0.0
GC_00001189	7	7	1	0	0.644255146536862	0.838328710629103	0.728589595390356	0	7	0	0.0
GC_00001190	6	7	2	0	0.683423099940156	0.933144069613561	0.78899562573961	0	7	0	0.0
GC_00001191	6	7	2	0	0.711240310077519	0.80602752049725	0.755673127785632	0	7	0	0.0
GC_00001192	7	7	1	0	0.75815144165993	0.921955749354006	0.832068434987852	0	7	0	0.0
GC_00001193	7	7	1	0	0.749076871433367	0.821448248720976	0.78359508714621	0	7	0	0.0
GC_00001194	7	7	1	0	0.689094477151668	0.935752881688162	0.793701807424527	0	7	0	0.0
GC_00001195	6	7	2	0	0.743813682678311	0.722669266217654	0.733089039553394	0	7	0	0.0
GC_00001196	6	7	2	0	0.698080279232112	0.758974306120977	0.727254834339013	0	7	0	0.0
GC_00001197	5	7	3	0	0.717092337917485	0.883385661957093	0.791599871619903	0	7	0	0.0
GC_00001198	6	7	2	0	0.711741990846682	0.772059694581698	0.740674861702174	0	7	0	0.0
GC_00001199	7	7	1	0	0.675085251491901	0.944813796741966	0.787493344454985	0	7	0	0.0
GC_00001200	4	7	4	0	0.669726210088648	0.6575147803901	0.663564318924616	0	7	0	0.0
GC_00001201	7	7	1	0	0.887629374075899	0.981096426968175	0.932025454875521	0	7	0	0.0
GC_00001202	7	7	1	0	0.627132153674478	0.896201047986763	0.737903556144309	0	7	0	0.0
GC_00001203	7	7	1	0	0.657818707114482	0.971761817065683	0.784549266071976	0	7	0	0.0
GC_00001204	7	7	1	0	0.634784520668426	0.818348177176107	0.714972219893152	0	7	0	0.0
GC_00001205	6	7	2	0	0.784663271080928	0.897495915929096	0.837295407727071	0	7	0	0.0
GC_00001206	6	7	2	0	0.736439665471924	0.811859996642607	0.772312904235836	0	7	0	0.0
GC_00001207	7	7	1	0	0.711770318327695	0.89143374741201	0.791535021302164	0	7	0	0.0
GC_00001208	6	7	2	0	0.699285618007818	0.791695105592593	0.742626638191808	0	7	0	0.0
GC_00001209	6	7	2	0	0.616728778467909	0.779615812249635	0.688671708630185	0	7	0	0.0
GC_00001210	7	7	1	0	0.768	0.862368687676639	0.81245322869819	0	7	0	0.0
GC_00001211	6	7	2	0	0.765320214051441	0.772288336927122	0.768788486445842	0	7	0	0.0
GC_00001212	5	7	3	0	0.52977184195882	0.643165051331441	0.580987324853593	0	7	0	0.0
GC_00001213	7	7	1	0	0.647777400746522	0.938275733927906	0.766423019279385	0	7	0	0.0
GC_00001214	7	7	1	0	0.674839323970483	0.818262588717911	0.739662534095185	0	7	0	0.0
GC_00001215	4	7	3	0	0.603068072866731	0.674167402032879	0.636638809246189	1	6	0	0.142857142857143
GC_00001216	7	7	1	0	0.695009523809524	0.820553327998255	0.752581626122779	0	7	0	0.0
GC_00001217	6	7	2	0	0.678260869565217	0.766546618647459	0.719706369696736	0	7	0	0.0
GC_00001218	7	7	1	0	0.739753086419753	0.978521250915401	0.842547781531342	0	7	0	0.0
GC_00001219	6	7	2	0	0.667189366786141	0.753150415586738	0.707568646750916	0	7	0	0.0
GC_00001220	7	7	1	0	0.784524145721548	0.77884571550139	0.78167461809024	0	7	0	0.0
GC_00001221	2	6	4	0	0.746765758326452	0.951289012646478	0.836710420723989	0	6	0	0.0
GC_00001222	1	6	6	0	0.647959183673469	0.592652329749104	0.619072958184948	1	5	0	0.166666666666667
GC_00001223	4	6	2	0	0.803183791606368	0.701398443364543	0.748848215902575	0	6	0	0.0
GC_00001224	1	6	6	0	0.810010482180293	0.669260071313091	0.732939179770888	0	6	0	0.0
GC_00001225	5	6	2	0	0.698755730189915	0.663428162461979	0.680633844799308	0	6	0	0.0
GC_00001226	1	6	6	0	0.694505494505494	0.612697487697488	0.651041617053997	0	6	0	0.0
GC_00001227	4	6	2	0	0.806502775574941	0.758071895424836	0.781537754736634	1	5	0	0.166666666666667
GC_00001228	6	6	1	0	0.731984053971174	0.946964116195178	0.825710578866883	0	6	0	0.0
GC_00001229	2	6	4	0	0.698627450980392	0.579661435438052	0.633608561217134	0	6	0	0.0
GC_00001230	6	6	1	0	0.675346521329565	0.714675279632362	0.694454523872852	0	6	0	0.0
GC_00001231	4	6	2	0	0.733333333333333	0.694179926896969	0.713219686158734	0	6	0	0.0
GC_00001232	2	6	5	0	0.656641604010025	0.659326781560082	0.65798145328973	1	5	0	0.166666666666667
GC_00001233	6	6	1	0	0.658832521257285	0.910915207522699	0.764633134128138	0	6	0	0.0
GC_00001234	5	6	2	0	0.721793458287394	0.879633684356862	0.792935029201091	0	6	0	0.0
GC_00001235	5	6	2	0	0.706534254461716	0.829181210005817	0.762960250879871	0	6	0	0.0
GC_00001236	5	6	2	0	0.672456340167046	0.754727065361145	0.711220433522264	0	6	0	0.0
GC_00001237	5	6	2	0	0.684922413077753	0.753797085853092	0.717711158286449	0	6	0	0.0
GC_00001238	6	6	1	0	0.776407244248654	0.883808533808533	0.826633931862428	0	6	0	0.0
GC_00001239	5	6	2	0	0.822434150772025	0.561145316067211	0.667117549140472	0	6	0	0.0
GC_00001240	6	6	1	0	0.667144392690792	0.840767741348614	0.74396043580265	0	6	0	0.0
GC_00001241	6	6	1	0	0.698933441339274	0.733380958171206	0.715742964090119	0	6	0	0.0
GC_00001242	4	6	2	0	0.803763440860215	0.785518237630914	0.794536110346533	0	6	0	0.0
GC_00001243	6	6	1	0	0.732902847079542	0.886647856647859	0.802477794611322	0	6	0	0.0
GC_00001244	4	6	3	0	0.602903058579575	0.826981132075472	0.697384385636842	0	6	0	0.0
GC_00001245	5	6	2	0	0.699608478466316	0.856706785278214	0.770228686311523	0	6	0	0.0
GC_00001246	4	6	2	0	0.64897381457891	0.807362353408866	0.71955505570271	0	6	0	0.0
GC_00001247	5	6	2	0	0.668697123519459	0.771876271876272	0.716591663245034	0	6	0	0.0
GC_00001248	6	6	1	0	0.676551996836694	0.93893090569561	0.786434295459649	0	6	0	0.0
GC_00001249	5	6	2	0	0.695012558306423	0.804717454581953	0.745852562816536	1	5	0	0.166666666666667
GC_00001250	5	6	2	0	0.698005698005698	0.764017553019568	0.729521373904351	0	6	0	0.0
GC_00001251	6	6	1	0	0.659857629216961	0.640247192421106	0.649904511501638	0	6	0	0.0
GC_00001252	5	6	2	0	0.669608461161308	0.651891475833926	0.660631205128697	0	6	0	0.0
GC_00001253	6	6	1	0	0.684478371501272	0.698425206230085	0.691381460680082	0	6	0	0.0
GC_00001254	6	6	1	0	0.701898027540007	0.979080846293959	0.817636587244592	0	6	0	0.0
GC_00001255	6	6	1	0	0.743554200166343	0.702288305717645	0.722332366518431	0	6	0	0.0
GC_00001256	5	6	2	0	0.693996840442338	0.752242152466368	0.721946621020414	0	6	0	0.0
GC_00001257	4	6	2	0	0.67503434494817	0.756630677417887	0.713507260035416	0	6	0	0.0
GC_00001258	4	6	2	0	0.59967845659164	0.849254449254449	0.702971953121739	0	6	0	0.0
GC_00001259	3	6	4	0	0.641172265904217	0.819247670095128	0.719353210708128	0	6	0	0.0
GC_00001260	4	6	3	0	0.718973359324237	0.733664464190781	0.726244623260161	0	6	0	0.0
GC_00001261	6	6	1	0	0.825538498155421	0.607030195530396	0.699619917930524	0	6	0	0.0
GC_00001262	4	6	2	0	0.683838752892461	0.773332774330595	0.725837569688047	0	6	0	0.0
GC_00001263	3	6	4	0	0.839716312056738	0.681841689803474	0.752588581530668	0	6	0	0.0
GC_00001264	6	6	1	0	0.723496998108397	0.993395919253313	0.837232139809085	0	6	0	0.0
GC_00001265	3	6	3	0	0.68970189701897	0.667629168455703	0.678486060919952	0	6	0	0.0
GC_00001266	6	6	1	0	0.830836828440184	0.914794596775318	0.870796699097225	0	6	0	0.0
GC_00001267	6	6	1	0	0.674592391304348	0.912564901349948	0.775738286143724	0	6	0	0.0
GC_00001268	6	6	1	0	0.721933842239186	0.928951797090995	0.812462988533839	0	6	0	0.0
GC_00001269	6	6	1	0	0.772556390977444	0.972136703855387	0.860931272888641	0	6	0	0.0
GC_00001270	6	6	1	0	0.682130877252829	0.883684566526433	0.76993560253125	0	6	0	0.0
GC_00001271	4	6	3	0	0.840752166887028	0.633240386969062	0.722389303951122	0	6	0	0.0
GC_00001272	5	6	2	0	0.711684673869548	0.658228854711268	0.683913806270699	0	6	0	0.0
GC_00001273	5	6	2	0	0.651458273173549	0.884471137227792	0.750289740958475	0	6	0	0.0
GC_00001274	2	6	5	0	0.83905415713196	0.671890867481943	0.746225463290805	1	5	0	0.166666666666667
GC_00001275	4	6	3	0	0.70288491690185	0.653756762080132	0.677431298931542	0	6	0	0.0
GC_00001276	5	6	2	0	0.745739130434783	0.91054874959015	0.819944214924299	0	6	0	0.0
GC_00001277	5	6	2	0	0.727971614429332	0.864063274251955	0.790200693713834	0	6	0	0.0
GC_00001278	6	6	1	0	0.678448699067256	0.804465075154731	0.73610252082272	0	6	0	0.0
GC_00001279	4	6	3	0	0.583701916633159	0.756289780447687	0.658881387607213	0	6	0	0.0
GC_00001280	4	6	2	0	0.538575943483919	0.691001222093058	0.605340836762654	0	6	0	0.0
GC_00001281	6	6	1	0	0.739987285441831	0.666011577348211	0.701053339711457	0	6	0	0.0
GC_00001282	3	6	3	0	0.69488188976378	0.626742927081862	0.659055889410697	0	6	0	0.0
GC_00001283	5	6	2	0	0.651065699846188	0.726116492560935	0.686546115692571	0	6	0	0.0
GC_00001284	4	6	3	0	0.785504929389822	0.775870170331214	0.780657823313023	0	6	0	0.0
GC_00001285	6	6	1	0	0.660241497729035	0.93949658490925	0.775495237706423	0	6	0	0.0
GC_00001286	5	6	2	0	0.668493150684932	0.7845563632168	0.721889447150911	1	5	0	0.166666666666667
GC_00001287	6	6	1	0	0.667009778692743	0.832932389937107	0.740793959523742	0	6	0	0.0
GC_00001288	6	6	1	0	0.713469688594067	0.817589725948859	0.761989354076875	0	6	0	0.0
GC_00001289	6	6	1	0	0.700062539086929	0.871619768526135	0.776477975627872	0	6	0	0.0
GC_00001290	5	6	2	0	0.597866077998528	0.629706567941862	0.613373387408628	1	5	0	0.166666666666667
GC_00001291	4	6	2	0	0.66965620328849	0.666046345811053	0.667846396565891	1	5	0	0.166666666666667
GC_00001292	6	6	1	0	0.69558792484695	0.897056020455604	0.783579201843057	0	6	0	0.0
GC_00001293	6	6	1	0	0.681220941985041	0.722990498202362	0.701484483228419	0	6	0	0.0
GC_00001294	4	6	3	0	0.800738007380074	0.869465648854961	0.833687782385709	0	6	0	0.0
GC_00001295	5	6	2	0	0.686197347325463	0.817949409902132	0.746303128500304	0	6	0	0.0
GC_00001296	5	6	2	0	0.688839432904715	0.701860861918861	0.695289186177293	0	6	0	0.0
GC_00001297	6	6	1	0	0.630260324916813	0.872611612306269	0.731895332764733	0	6	0	0.0
GC_00001298	5	6	2	0	0.692940263770365	0.784201892109503	0.735751889287725	0	6	0	0.0
GC_00001299	6	6	1	0	0.69267571329158	0.961214356646331	0.80514400832106	0	6	0	0.0
GC_00001300	6	6	1	0	0.717948717948718	0.719438711156977	0.718692942290715	0	6	0	0.0
GC_00001301	6	6	1	0	0.687265917602996	0.852021056589585	0.760826334649221	0	6	0	0.0
GC_00001302	5	6	2	0	0.678980793060719	0.913019891500904	0.778797366135805	0	6	0	0.0
GC_00001303	6	6	1	0	0.693966693966694	0.919203268641471	0.79086081220004	0	6	0	0.0
GC_00001304	5	6	2	0	0.844170659365731	0.960358004419309	0.898523881706962	0	6	0	0.0
GC_00001305	4	6	3	0	0.715383847459319	0.690511652879417	0.702727738773403	0	6	0	0.0
GC_00001306	4	6	2	0	0.698062792251169	0.795000497586705	0.743384786115403	0	6	0	0.0
GC_00001307	5	6	2	0	0.847262064129534	0.828654566849575	0.837855017106859	0	6	0	0.0
GC_00001308	6	6	1	0	0.614957833999112	0.853958916900094	0.715014959887464	0	6	0	0.0
GC_00001309	6	6	1	0	0.676782877685812	0.847205996884735	0.75246548335322	0	6	0	0.0
GC_00001310	3	6	4	0	0.66982007048785	0.727825367266708	0.697619046485299	0	6	0	0.0
GC_00001311	6	6	1	0	0.705561484643662	0.752071888243602	0.728074655668519	0	6	0	0.0
GC_00001312	4	6	2	0	0.669823232323232	0.850077073699122	0.749261475865044	0	6	0	0.0
GC_00001313	6	6	1	0	0.664887307236062	0.796172610458325	0.724631559119221	0	6	0	0.0
GC_00001314	6	6	1	0	0.625684856454087	0.941280943826523	0.751701450172809	0	6	0	0.0
GC_00001315	6	6	1	0	0.670046801872075	0.816844116844117	0.736198978997046	0	6	0	0.0
GC_00001316	5	6	2	0	0.701429499675114	0.685418489355497	0.69333157182245	0	6	0	0.0
GC_00001317	6	6	1	0	0.637240232751455	0.886487742535145	0.741478353809385	0	6	0	0.0
GC_00001318	6	6	1	0	0.766091051805338	0.863412060301508	0.81184533923667	0	6	0	0.0
GC_00001319	5	6	2	0	0.832308323083231	0.778824290641987	0.804678564382007	0	6	0	0.0
GC_00001320	6	6	1	0	0.843725615379159	0.818182781241089	0.830757906993126	0	6	0	0.0
GC_00001321	6	6	1	0	0.757414785303231	0.750654654654655	0.754019568366831	0	6	0	0.0
GC_00001322	6	6	1	0	0.806149888927862	0.776606753812636	0.791102600893434	0	6	0	0.0
GC_00001323	6	6	1	0	0.669964547778053	0.892991084268046	0.765565388645439	0	6	0	0.0
GC_00001324	6	6	1	0	0.808315431435732	0.744227630910362	0.774948783264859	0	6	0	0.0
GC_00001325	5	6	2	0	0.637717961740308	0.784734734050549	0.703628931333008	0	6	0	0.0
GC_00001326	6	6	1	0	0.687242798353909	0.918383084577113	0.786175867884641	0	6	0	0.0
GC_00001327	6	6	1	0	0.654050672505474	0.941518849167673	0.771888693172022	0	6	0	0.0
GC_00001328	3	6	4	0	0.774253238170764	0.707531366211378	0.73939012428188	0	6	0	0.0
GC_00001329	6	6	1	0	0.700596460350054	0.920664098210787	0.795694442786442	0	6	0	0.0
GC_00001330	6	6	1	0	0.728484119827673	0.947611454327875	0.823723786267332	0	6	0	0.0
GC_00001331	6	6	1	0	0.704428904428904	0.936078431372549	0.803898512955016	0	6	0	0.0
GC_00001332	6	6	1	0	0.636157680108745	0.974613686534216	0.769827418921667	0	6	0	0.0
GC_00001333	6	6	1	0	0.801354250469295	0.828919456561492	0.814903812712604	0	6	0	0.0
GC_00001334	3	6	4	0	0.746952988972722	0.612321516866971	0.672969860423522	0	6	0	0.0
GC_00001335	6	6	1	0	0.750380517503805	0.898983044994647	0.817987468461324	0	6	0	0.0
GC_00001336	4	6	2	0	0.577196727143365	0.764123400232695	0.657634992193502	0	6	0	0.0
GC_00001337	4	6	2	0	0.701030927835051	0.634764003321197	0.666253760701686	1	5	0	0.166666666666667
GC_00001338	6	6	1	0	0.706652697747512	0.965028144035777	0.815873131210486	0	6	0	0.0
GC_00001339	6	6	1	0	0.665602189781022	0.79574912710407	0.724880260341193	0	6	0	0.0
GC_00001340	3	6	4	0	0.723915737298637	0.676586107941776	0.699451175792785	0	6	0	0.0
GC_00001341	6	6	1	0	0.76674348767372	0.806790336961199	0.786257310899064	0	6	0	0.0
GC_00001342	4	6	2	0	0.651329243353783	0.558442566990955	0.601319970434944	0	6	0	0.0
GC_00001343	6	6	1	0	0.774211711711712	0.750691082143597	0.762270001753644	0	6	0	0.0
GC_00001344	5	6	2	0	0.7512279304394	0.648296951275675	0.695977303983579	0	6	0	0.0
GC_00001345	6	6	1	0	0.736361977741288	0.932667841064786	0.82297048055552	0	6	0	0.0
GC_00001346	2	6	5	0	0.746382530912918	0.774471952058158	0.76016784271034	0	6	0	0.0
GC_00001347	6	6	1	0	0.752700692153438	0.968272459616459	0.846985148834986	0	6	0	0.0
GC_00001348	6	6	1	0	0.780982163539495	0.792726973655732	0.786810742022103	0	6	0	0.0
GC_00001349	5	6	2	0	0.685011709601874	0.708218192285551	0.69642168031486	0	6	0	0.0
GC_00001350	5	6	2	0	0.73385479342158	0.972317963049216	0.836421980373812	0	6	0	0.0
GC_00001351	6	6	1	0	0.653540175019889	0.786103268711965	0.713718483635056	0	6	0	0.0
GC_00001352	5	6	2	0	0.706736111111111	0.928468906202004	0.802569093305495	0	6	0	0.0
GC_00001353	5	6	2	0	0.672228401928068	0.77234977779074	0.718819464592537	0	6	0	0.0
GC_00001354	6	6	1	0	0.753441494591937	0.962235949058187	0.845133791659661	0	6	0	0.0
GC_00001355	6	6	1	0	0.605932799100239	0.711007851169141	0.654278501241554	0	6	0	0.0
GC_00001356	5	6	2	0	0.79434628975265	0.946868686868687	0.863927359224264	0	6	0	0.0
GC_00001357	4	6	2	0	0.71859649122807	0.573116215070283	0.637663931317391	0	6	0	0.0
GC_00001358	4	6	3	0	0.695335608646189	0.617464862051015	0.654090724760116	0	6	0	0.0
GC_00001359	6	6	1	0	0.730021598272138	0.669420807871173	0.698409089125022	0	6	0	0.0
GC_00001360	4	6	2	0	0.68039950062422	0.687061831706181	0.683714436581813	0	6	0	0.0
GC_00001361	4	6	3	0	0.746808510638298	0.600401332409604	0.665649567743134	1	5	0	0.166666666666667
GC_00001362	4	6	3	0	0.770555555555556	0.948430796256885	0.850290193805404	1	5	0	0.166666666666667
GC_00001363	5	6	2	0	0.701382268827455	0.844160448840304	0.766176391106768	0	6	0	0.0
GC_00001364	6	6	1	0	0.648665425201738	0.777272401861353	0.707169307780293	0	6	0	0.0
GC_00001365	6	6	1	0	0.789311529802109	0.724749508962978	0.755654004688581	0	6	0	0.0
GC_00001366	5	6	2	0	0.71431722920803	0.65442932127896	0.683063112483689	0	6	0	0.0
GC_00001367	6	6	1	0	0.737166991552957	0.9010262584566	0.810901664077536	0	6	0	0.0
GC_00001368	6	6	1	0	0.654512765192377	0.818485587328511	0.727372524369329	0	6	0	0.0
GC_00001369	6	6	1	0	0.687608641668736	0.96303258468494	0.80234216480918	0	6	0	0.0
GC_00001370	6	6	1	0	0.692879405418365	0.993112305854241	0.81626387531236	0	6	0	0.0
GC_00001371	6	6	1	0	0.704594820384294	0.948309608540925	0.808484781825003	0	6	0	0.0
GC_00001372	6	6	1	0	0.709677419354839	0.847538107676115	0.772505342542109	0	6	0	0.0
GC_00001373	6	6	1	0	0.673309178743961	0.93413393919723	0.782560761768441	0	6	0	0.0
GC_00001374	6	6	1	0	0.668081594151633	0.839530775737673	0.744057385301718	0	6	0	0.0
GC_00001375	6	6	1	0	0.686903841196185	0.720689397170283	0.703391152688594	0	6	0	0.0
GC_00001376	2	6	4	0	0.777398235126672	0.617931621506597	0.688552530721699	0	6	0	0.0
GC_00001377	6	6	1	0	0.745969983324069	0.650553821885395	0.695002293341457	0	6	0	0.0
GC_00001378	6	6	1	0	0.652463142754405	0.776679973386561	0.709173281005705	0	6	0	0.0
GC_00001379	5	6	2	0	0.719762062128222	0.680447236180905	0.699552711833074	0	6	0	0.0
GC_00001380	6	6	1	0	0.784464475079533	0.877462207970685	0.82836136804123	0	6	0	0.0
GC_00001381	5	6	2	0	0.76386292834891	0.653440353104783	0.704350110742721	0	6	0	0.0
GC_00001382	6	6	1	0	0.698687318064481	0.865595455432199	0.773236882143559	0	6	0	0.0
GC_00001383	6	6	1	0	0.771825396825397	0.804894317394319	0.788013075910343	0	6	0	0.0
GC_00001384	5	6	2	0	0.70973917205073	0.635320260418696	0.670471006309038	0	6	0	0.0
GC_00001385	5	6	2	0	0.768666666666667	0.713595332772183	0.740107951223928	0	6	0	0.0
GC_00001386	6	6	1	0	0.697682904579456	0.888127758662634	0.781469779039814	0	6	0	0.0
GC_00001387	6	6	1	0	0.724856655818999	0.82472299597648	0.771571764185038	0	6	0	0.0
GC_00001388	6	6	1	0	0.69798878997692	0.970201230320093	0.811885426175455	0	6	0	0.0
GC_00001389	5	6	2	0	0.720924908424908	0.61988901869159	0.66660022691577	0	6	0	0.0
GC_00001390	4	6	2	0	0.700164406083025	0.74818060119265	0.723376576223712	0	6	0	0.0
GC_00001391	6	6	1	0	0.673766233766234	0.760335805876602	0.714438133636123	0	6	0	0.0
GC_00001392	6	6	1	0	0.701919947933615	0.945764351140696	0.805798616255682	0	6	0	0.0
GC_00001393	5	6	2	0	0.664182669341741	0.685961977733413	0.674896661516827	0	6	0	0.0
GC_00001394	6	6	1	0	0.695053061996266	0.85669350269235	0.767454500352782	0	6	0	0.0
GC_00001395	4	6	2	0	0.647058823529412	0.659962831286362	0.653447127845	0	6	0	0.0
GC_00001396	5	6	2	0	0.743948478791917	0.97193349831842	0.842795084051866	0	6	0	0.0
GC_00001397	6	6	1	0	0.662425447316103	0.756096316702377	0.706168144204949	0	6	0	0.0
GC_00001398	6	6	1	0	0.705801376597837	0.874489388045587	0.781142088167608	0	6	0	0.0
GC_00001399	6	6	1	0	0.732358224275083	0.841954412096591	0.783341534480394	0	6	0	0.0
GC_00001400	6	6	1	0	0.760824204486176	0.990765673874611	0.860702056994412	0	6	0	0.0
GC_00001401	4	6	2	0	0.55906432748538	0.650173554379162	0.6011866587694	0	6	0	0.0
GC_00001402	6	6	1	0	0.710685905478879	0.760054912153296	0.734541813189041	0	6	0	0.0
GC_00001403	3	6	3	0	0.584209555432577	0.734316679883691	0.650718673032207	0	6	0	0.0
GC_00001404	6	6	1	0	0.694658216387506	0.906717197300865	0.786646960682598	0	6	0	0.0
GC_00001405	4	6	2	0	0.758074074074074	0.803383917669632	0.780071603249858	0	6	0	0.0
GC_00001406	6	6	1	0	0.675146771037182	0.923929408860916	0.78018541567981	0	6	0	0.0
GC_00001407	6	6	1	0	0.734922354640664	0.905445761967501	0.811320733007783	0	6	0	0.0
GC_00001408	5	6	2	0	0.716551868085995	0.662478395903993	0.688454988330939	0	6	0	0.0
GC_00001409	5	6	2	0	0.714389009399855	0.806404309441866	0.757612975623423	0	6	0	0.0
GC_00001410	6	6	1	0	0.696328713834184	0.841192583227981	0.761936176995033	0	6	0	0.0
GC_00001411	5	6	2	0	0.681589834515366	0.796882747068676	0.734740956941872	0	6	0	0.0
GC_00001412	6	6	1	0	0.851443026330919	0.952938594352045	0.899336272750916	0	6	0	0.0
GC_00001413	6	6	1	0	0.671767706494016	0.885081759500362	0.763810961337213	0	6	0	0.0
GC_00001414	6	6	1	0	0.798197295943916	0.808131463380083	0.803133661267002	0	6	0	0.0
GC_00001415	6	6	1	0	0.768850072780204	0.822952930084134	0.794982066312628	0	6	0	0.0
GC_00001416	6	6	1	0	0.692210933720368	0.874715089610821	0.772834632781926	0	6	0	0.0
GC_00001417	4	6	3	0	0.754126846220678	0.694254429133858	0.722953150563614	0	6	0	0.0
GC_00001418	3	6	4	0	0.675279329608939	0.772619323001002	0.720677317488439	0	6	0	0.0
GC_00001419	6	6	1	0	0.649305555555556	0.978548097337908	0.780631250051819	0	6	0	0.0
GC_00001420	6	6	1	0	0.702603830428233	0.917735988200591	0.795888384915735	0	6	0	0.0
GC_00001421	5	6	2	0	0.724745269286754	0.66530854528729	0.693756192397156	0	6	0	0.0
GC_00001422	5	6	2	0	0.672110552763819	0.641555938320209	0.65647791012388	0	6	0	0.0
GC_00001423	5	6	2	0	0.682901283058392	0.642861218085866	0.662276614824165	0	6	0	0.0
GC_00001424	5	6	2	0	0.667507356031946	0.925107665805341	0.775474503981789	0	6	0	0.0
GC_00001425	5	6	2	0	0.6875	0.625164203612478	0.654852000688005	0	6	0	0.0
GC_00001426	6	6	1	0	0.75494433529797	0.949521896512042	0.841126874366911	0	6	0	0.0
GC_00001427	6	6	1	0	0.749639009219149	0.858364919306778	0.80032618856532	0	6	0	0.0
GC_00001428	4	6	2	0	0.693372177713037	0.759689747638022	0.725017599754093	0	6	0	0.0
GC_00001429	6	6	1	0	0.688432580424367	0.867511371020144	0.767666587404291	0	6	0	0.0
GC_00001430	6	6	1	0	0.694181818181818	0.834847590953787	0.758044305924286	0	6	0	0.0
GC_00001431	6	6	1	0	0.64222095887815	0.831895159686593	0.724855390171288	0	6	0	0.0
GC_00001432	6	6	1	0	0.888230313293819	0.878014132731113	0.883092677174254	0	6	0	0.0
GC_00001433	6	6	1	0	0.903555555555556	1.0	0.949334578566425	0	6	0	0.0
GC_00001434	3	6	3	0	0.85886466096237	0.633642049234864	0.729260056345991	0	6	0	0.0
GC_00001435	5	6	2	0	0.710733778047301	0.751019694393188	0.730321596421904	0	6	0	0.0
GC_00001436	4	6	2	0	0.635116153430578	0.651524169072471	0.643215538781439	0	6	0	0.0
GC_00001437	5	6	2	0	0.764251207729469	0.627288184646551	0.68902936609215	0	6	0	0.0
GC_00001438	6	6	1	0	0.697504832191179	0.875296603282952	0.776351797016688	0	6	0	0.0
GC_00001439	4	6	3	0	0.776822916666667	0.624647671568626	0.692473506315946	0	6	0	0.0
GC_00001440	4	6	3	0	0.704557935200439	0.624558666745153	0.662150730807766	0	6	0	0.0
GC_00001441	4	6	2	0	0.758222222222222	0.722768598653728	0.740071046084591	1	5	0	0.166666666666667
GC_00001442	6	6	1	0	0.727170553526271	0.780979272840431	0.753115002495563	0	6	0	0.0
GC_00001443	5	6	2	0	0.734359961501444	0.638669919146108	0.683180495700602	0	6	0	0.0
GC_00001444	6	6	1	0	0.690666666666667	0.965434863755132	0.805257005062626	0	6	0	0.0
GC_00001445	6	6	1	0	0.644062947067239	0.948518808582581	0.7671892724341	0	6	0	0.0
GC_00001446	5	6	2	0	0.727313366115333	0.728702694466907	0.7280073674436	0	6	0	0.0
GC_00001447	2	6	5	0	0.715768463073852	0.855610021786493	0.779466788154646	0	6	0	0.0
GC_00001448	4	6	3	0	0.719947377076139	0.97244291523303	0.827359657355441	0	6	0	0.0
GC_00001449	5	6	2	0	0.702405857740586	0.695190251693844	0.698779428101746	0	6	0	0.0
GC_00001450	6	6	1	0	0.601334445371143	0.76334937639083	0.672724724300939	0	6	0	0.0
GC_00001451	5	6	2	0	0.659612465398696	0.89852534562212	0.760752372809345	0	6	0	0.0
GC_00001452	2	6	5	0	0.56188831318365	0.605167298987105	0.582725329068583	1	5	0	0.166666666666667
GC_00001453	4	6	2	0	0.699439633214468	0.593400889234224	0.642071613796583	0	6	0	0.0
GC_00001454	6	6	1	0	0.649301623254058	0.875860459126179	0.745753680116591	0	6	0	0.0
GC_00001455	4	6	2	0	0.722773333333333	0.668513360156815	0.694585281321574	0	6	0	0.0
GC_00001456	6	6	1	0	0.742997588573548	0.856038217609754	0.795522312822975	0	6	0	0.0
GC_00001457	6	6	1	0	0.661044973544973	0.919628490665672	0.769185799657709	0	6	0	0.0
GC_00001458	6	6	1	0	0.651127361365021	0.764264376400299	0.703174158097736	0	6	0	0.0
GC_00001459	5	6	2	0	0.696920289855072	0.803158151174895	0.746277256183952	0	6	0	0.0
GC_00001460	6	6	1	0	0.694886062533121	0.953993506493506	0.804081515547887	0	6	0	0.0
GC_00001461	4	6	3	0	0.659887662211892	0.778246855345912	0.714196748257006	0	6	0	0.0
GC_00001462	4	6	3	0	0.616449189402926	0.756130664826318	0.67918253933083	0	6	0	0.0
GC_00001463	6	6	1	0	0.737186629526462	0.993110250371666	0.846221948065667	0	6	0	0.0
GC_00001464	6	6	1	0	0.741269841269841	1.0	0.851412944393801	0	6	0	0.0
GC_00001465	6	6	1	0	0.709325009754194	0.803078294254766	0.753295787434049	0	6	0	0.0
GC_00001466	4	6	2	0	0.808871493803001	0.615093708165997	0.698797647393477	0	6	0	0.0
GC_00001467	4	6	3	0	0.728221742260619	0.762042692939245	0.744748441178181	0	6	0	0.0
GC_00001468	6	6	1	0	0.739659367396594	0.766236559139785	0.752713436064646	0	6	0	0.0
GC_00001469	6	6	1	0	0.651963084623807	0.960859839431269	0.776830655694913	0	6	0	0.0
GC_00001470	6	6	1	0	0.719207579672696	0.810518924589277	0.762138006249698	0	6	0	0.0
GC_00001471	5	6	2	0	0.675560897435897	0.81464010972628	0.738610430363333	0	6	0	0.0
GC_00001472	4	6	2	0	0.721739130434783	0.924081632653061	0.810472062280305	0	6	0	0.0
GC_00001473	4	6	2	0	0.67296511627907	0.672459535110137	0.672712230701429	1	5	0	0.166666666666667
GC_00001474	6	6	1	0	0.676967592592593	0.895288042083656	0.770970034591238	0	6	0	0.0
GC_00001475	6	6	1	0	0.722634299842661	0.897542997542997	0.800647381807843	0	6	0	0.0
GC_00001476	6	6	1	0	0.744215273157389	0.858580372750711	0.797317647156723	0	6	0	0.0
GC_00001477	6	6	1	0	0.638807097017743	0.926046410756888	0.75606440656617	0	6	0	0.0
GC_00001478	4	6	3	0	0.732784184514003	0.613748006076116	0.668004575416026	0	6	0	0.0
GC_00001479	6	6	1	0	0.7859450726979	0.743336656696577	0.764047292865689	0	6	0	0.0
GC_00001480	6	6	1	0	0.803545613634634	0.961715447860575	0.875544412720996	0	6	0	0.0
GC_00001481	4	6	2	0	0.720759534067337	0.752447236180906	0.736262594379225	0	6	0	0.0
GC_00001482	2	6	5	0	0.677341873498799	0.63946163357928	0.657856906654653	0	6	0	0.0
GC_00001483	1	5	5	0	0.681424446583253	0.607746955964481	0.642480328546412	0	5	0	0.0
GC_00001484	3	5	3	0	0.511574074074074	0.613407668831943	0.557881871757368	0	5	0	0.0
GC_00001485	2	5	4	0	0.795061728395062	0.663649667904987	0.723436388241961	0	5	0	0.0
GC_00001486	4	5	2	0	0.593391642371234	0.704323765470837	0.644116319230286	0	5	0	0.0
GC_00001487	4	5	2	0	0.513363590519415	0.634065794969809	0.567366144265974	0	5	0	0.0
GC_00001488	4	5	2	0	0.887254901960784	0.8001998001998	0.841481782433942	0	5	0	0.0
GC_00001489	5	5	1	0	0.677857713828937	0.778446115288221	0.72467804244967	0	5	0	0.0
GC_00001490	3	5	3	0	0.692477876106195	0.661939792528309	0.676864562911833	0	5	0	0.0
GC_00001491	5	5	1	0	0.670662100456621	0.670859950859951	0.670761011068596	0	5	0	0.0
GC_00001492	3	5	2	0	0.766451414514145	0.612161466796666	0.680672621731551	0	5	0	0.0
GC_00001493	5	5	1	0	0.68824163969795	0.939132441162896	0.794347235587757	0	5	0	0.0
GC_00001494	5	5	1	0	0.607413893753649	0.952871148459384	0.741899279775574	0	5	0	0.0
GC_00001495	5	5	1	0	0.62037037037037	0.872862694300518	0.725269438183836	0	5	0	0.0
GC_00001496	5	5	1	0	0.737373737373737	0.960552481862311	0.834295584189885	0	5	0	0.0
GC_00001497	2	5	4	0	0.650581539222965	0.622277897598952	0.636115034752258	0	5	0	0.0
GC_00001498	4	5	2	0	0.644405997693195	0.752267303102623	0.694171731802416	0	5	0	0.0
GC_00001499	5	5	1	0	0.86783988957902	0.817243640178338	0.841782164417275	0	5	0	0.0
GC_00001500	4	5	2	0	0.714560663261529	0.782172063850978	0.74683927010568	0	5	0	0.0
GC_00001501	4	5	2	0	0.763366336633663	0.701626373626373	0.731195385164282	0	5	0	0.0
GC_00001502	3	5	3	0	0.606502242152466	0.697979797979797	0.649033561870964	0	5	0	0.0
GC_00001503	5	5	1	0	0.789782736347622	0.769220894638096	0.779366219485869	0	5	0	0.0
GC_00001504	5	5	1	0	0.854618473895582	0.976638655462184	0.911563345089877	0	5	0	0.0
GC_00001505	5	5	1	0	0.651791751183232	0.86544227886057	0.743574329756172	0	5	0	0.0
GC_00001506	3	5	3	0	0.678809244026635	0.677149294670847	0.677978253302975	0	5	0	0.0
GC_00001507	5	5	1	0	0.663858804653028	0.868676886918435	0.752581232464556	0	5	0	0.0
GC_00001508	4	5	2	0	0.77159739201304	0.673609706774521	0.719281677232186	0	5	0	0.0
GC_00001509	5	5	1	0	0.67965811965812	0.877180783817952	0.765889188404532	0	5	0	0.0
GC_00001510	5	5	1	0	0.794624949859607	0.894613903743319	0.841660167701592	0	5	0	0.0
GC_00001511	2	5	4	0	0.7158026233604	0.759986234021632	0.737233022609347	1	4	0	0.2
GC_00001512	2	5	4	0	0.638562091503268	0.704442732408833	0.669886535836751	0	5	0	0.0
GC_00001513	3	5	3	0	0.620057859209257	0.671735929319373	0.64486320647528	0	5	0	0.0
GC_00001514	5	5	1	0	0.611695906432749	0.60133730972687	0.606472379890389	0	5	0	0.0
GC_00001515	5	5	1	0	0.683401766828419	0.831883739054691	0.750367920578081	0	5	0	0.0
GC_00001516	5	5	1	0	0.705196233089536	0.894865462108406	0.788789275931898	0	5	0	0.0
GC_00001517	3	5	2	0	0.668185961713765	0.589440032746625	0.626347669161194	0	5	0	0.0
GC_00001518	4	5	2	0	0.711071640023683	0.695449561403508	0.703173844346124	0	5	0	0.0
GC_00001519	5	5	1	0	0.717210087580458	0.777303053631	0.746048429817544	0	5	0	0.0
GC_00001520	3	5	3	0	0.681831968456172	0.731065551475588	0.705590967499429	0	5	0	0.0
GC_00001521	2	5	3	0	0.797166968053044	0.738827984851506	0.766889583176144	0	5	0	0.0
GC_00001522	3	5	3	0	0.803597331012475	0.628049315253322	0.705060504696744	0	5	0	0.0
GC_00001523	2	5	3	0	0.743843843843844	0.702138680033417	0.722389829812123	0	5	0	0.0
GC_00001524	4	5	2	0	0.806032836960672	0.784314460692413	0.795025351700366	0	5	0	0.0
GC_00001525	5	5	1	0	0.809565050038491	0.740299506773496	0.77338449300026	0	5	0	0.0
GC_00001526	5	5	1	0	0.761959433601225	0.875247524752475	0.814683940620283	0	5	0	0.0
GC_00001527	2	5	3	0	0.853760445682451	0.634313725490196	0.727856150544225	0	5	0	0.0
GC_00001528	4	5	2	0	0.877151799687011	0.832147794394874	0.854057343705276	0	5	0	0.0
GC_00001529	4	5	2	0	0.722815342032424	0.669366687472994	0.695065014339807	0	5	0	0.0
GC_00001530	5	5	1	0	0.846907993966817	0.818116883116883	0.832263514914527	0	5	0	0.0
GC_00001531	5	5	1	0	0.784881938055811	0.685929735717678	0.732077219592579	0	5	0	0.0
GC_00001532	4	5	2	0	0.678477690288714	0.772956025765594	0.722641913654652	0	5	0	0.0
GC_00001533	4	5	2	0	0.631594998475145	0.810019157088123	0.709765572586261	0	5	0	0.0
GC_00001534	1	5	5	0	0.747967479674797	0.753013228809408	0.750481873258907	0	5	0	0.0
GC_00001535	5	5	1	0	0.589644012944984	0.688920056100982	0.635427815175154	0	5	0	0.0
GC_00001536	5	5	1	0	0.652045342533268	0.962288422477995	0.777355584885613	0	5	0	0.0
GC_00001537	4	5	2	0	0.826936744847193	0.652278606965174	0.729296308771223	0	5	0	0.0
GC_00001538	4	5	2	0	0.614583333333333	0.688596725991346	0.649488254756581	0	5	0	0.0
GC_00001539	3	5	3	0	0.652538134533633	0.715990990990994	0.682793543652269	0	5	0	0.0
GC_00001540	5	5	1	0	0.673688558446923	0.878552746294682	0.762601705498844	0	5	0	0.0
GC_00001541	2	5	4	0	0.849899598393574	0.789175257731957	0.818412572314107	0	5	0	0.0
GC_00001542	4	5	2	0	0.864318864318864	0.700586786438712	0.773887390998136	0	5	0	0.0
GC_00001543	5	5	1	0	0.71313048245614	0.763568075117374	0.737487914515622	0	5	0	0.0
GC_00001544	3	5	3	0	0.696770147381624	0.69800880167376	0.697388924524964	0	5	0	0.0
GC_00001545	5	5	1	0	0.656472986748216	0.745247079964061	0.698048901585449	0	5	0	0.0
GC_00001546	5	5	1	0	0.79010331702012	0.735755478662053	0.761961520753589	0	5	0	0.0
GC_00001547	5	5	1	0	0.630784913353721	0.797452754407477	0.704394202655509	0	5	0	0.0
GC_00001548	5	5	1	0	0.703987019007881	0.748722025192615	0.72566573283913	0	5	0	0.0
GC_00001549	5	5	1	0	0.698282978372131	0.906778323745608	0.788989015924732	0	5	0	0.0
GC_00001550	4	5	2	0	0.656743346865133	0.778015309932785	0.712254114845934	0	5	0	0.0
GC_00001551	5	5	1	0	0.678807947019868	0.866303481264947	0.761179649375068	0	5	0	0.0
GC_00001552	3	5	2	0	0.668838219326819	0.792799770510614	0.725562403930136	0	5	0	0.0
GC_00001553	4	5	2	0	0.835336003560303	0.634517443340971	0.721208316961342	0	5	0	0.0
GC_00001554	5	5	1	0	0.74265584701516	0.911598310580602	0.818500364497509	0	5	0	0.0
GC_00001555	5	5	1	0	0.801310752060217	0.959426349560607	0.873269097362793	0	5	0	0.0
GC_00001556	5	5	1	0	0.709323891417973	0.781138969248901	0.743501294836618	0	5	0	0.0
GC_00001557	4	5	2	0	0.759413396749901	0.580459798994975	0.657986067683785	0	5	0	0.0
GC_00001558	4	5	2	0	0.749246534056661	0.578473474117953	0.652877478471486	0	5	0	0.0
GC_00001559	5	5	1	0	0.753898886032562	0.749952545590132	0.751920537905285	0	5	0	0.0
GC_00001560	5	5	1	0	0.793724279835391	0.737438423645322	0.764546811909989	0	5	0	0.0
GC_00001561	3	5	3	0	0.715491606714628	0.653211015387953	0.682934322439827	0	5	0	0.0
GC_00001562	4	5	2	0	0.687212760205461	0.75059036374024	0.717504736300783	0	5	0	0.0
GC_00001563	4	5	2	0	0.625198728139905	0.732342099813626	0.674542289909617	1	4	0	0.2
GC_00001564	4	5	2	0	0.830233667143538	0.622965056526208	0.711818080979234	0	5	0	0.0
GC_00001565	5	5	1	0	0.646274887604367	0.922808259587019	0.760173615161822	0	5	0	0.0
GC_00001566	5	5	1	0	0.67125	0.827155778894473	0.741092065184858	0	5	0	0.0
GC_00001567	5	5	1	0	0.698600645855759	0.893957621326041	0.784297045195342	0	5	0	0.0
GC_00001568	2	5	4	0	0.741977734119188	0.819937015503875	0.779011798218608	0	5	0	0.0
GC_00001569	4	5	2	0	0.745352356247298	0.825601374570446	0.783427185391092	0	5	0	0.0
GC_00001570	4	5	2	0	0.800460891961502	0.677203925845149	0.733691770947704	0	5	0	0.0
GC_00001571	2	5	4	0	0.742424242424242	0.689960199004973	0.715231418651876	0	5	0	0.0
GC_00001572	3	5	3	0	0.69047619047619	0.731925019425019	0.710596694672242	0	5	0	0.0
GC_00001573	5	5	1	0	0.839042049568365	0.740504025021792	0.786699451016799	0	5	0	0.0
GC_00001574	4	5	2	0	0.7624750499002	0.802449223416966	0.781951589734494	0	5	0	0.0
GC_00001575	4	5	2	0	0.616204690831556	0.738582900330657	0.671866572620879	0	5	0	0.0
GC_00001576	5	5	1	0	0.659328832795225	0.772168714858384	0.711301389685317	0	5	0	0.0
GC_00001577	1	5	5	0	0.672131147540984	0.609595501541811	0.639337762510159	0	5	0	0.0
GC_00001578	3	5	2	0	0.745771740577973	0.65184570167848	0.695652599675883	0	5	0	0.0
GC_00001579	3	5	2	0	0.656197654941373	0.619884331742043	0.637524311241522	0	5	0	0.0
GC_00001580	5	5	1	0	0.679716629381059	0.966862514688602	0.798251978261699	0	5	0	0.0
GC_00001581	4	5	2	0	0.798152760481528	0.864519388657319	0.83001154124585	0	5	0	0.0
GC_00001582	5	5	1	0	0.704705102717031	0.804030662710191	0.751098401372337	0	5	0	0.0
GC_00001583	3	5	2	0	0.73	0.646781858810937	0.685875912600648	0	5	0	0.0
GC_00001584	5	5	1	0	0.726937708036139	0.984037558685444	0.836171067397056	0	5	0	0.0
GC_00001585	3	5	3	0	0.776286353467561	0.88296853625171	0.826197866862274	0	5	0	0.0
GC_00001586	5	5	1	0	0.653333333333333	0.742444856730571	0.695044494199705	0	5	0	0.0
GC_00001587	5	5	1	0	0.679710144927536	0.791997133301481	0.731570053667659	0	5	0	0.0
GC_00001588	5	5	1	0	0.670854997111496	0.753523394090461	0.709790231989454	0	5	0	0.0
GC_00001589	4	5	2	0	0.743146603098927	0.673608109240179	0.706670779129072	0	5	0	0.0
GC_00001590	5	5	1	0	0.668065870196965	0.690711770526426	0.679200107806248	0	5	0	0.0
GC_00001591	3	5	3	0	0.750453955901427	0.598666646145639	0.666021632438997	0	5	0	0.0
GC_00001592	4	5	2	0	0.696421984507562	0.667258543634759	0.681528421866923	0	5	0	0.0
GC_00001593	5	5	1	0	0.662241887905605	0.748244731399186	0.702621346073391	0	5	0	0.0
GC_00001594	5	5	1	0	0.626848691695108	0.702478799739073	0.662512314531171	0	5	0	0.0
GC_00001595	5	5	1	0	0.692967818831943	0.924263061499907	0.792075597298883	0	5	0	0.0
GC_00001596	4	5	2	0	0.786069651741294	0.970438596491228	0.868578135454549	0	5	0	0.0
GC_00001597	5	5	1	0	0.718357948229316	0.974387309124266	0.827010284178848	0	5	0	0.0
GC_00001598	4	5	2	0	0.705908885881822	0.644798136645961	0.673971078356576	1	4	0	0.2
GC_00001599	5	5	1	0	0.796465762070054	0.846565939728738	0.820752010555146	0	5	0	0.0
GC_00001600	5	5	1	0	0.697969543147208	0.764288290888104	0.72962501797894	0	5	0	0.0
GC_00001601	5	5	1	0	0.842668863261944	0.734866508062382	0.785084298272625	0	5	0	0.0
GC_00001602	5	5	1	0	0.797037849698299	0.834911514594345	0.815535203286241	0	5	0	0.0
GC_00001603	5	5	1	0	0.724968314321927	0.831226946224034	0.774469905288859	0	5	0	0.0
GC_00001604	5	5	1	0	0.721192586623691	0.835739804810039	0.774252440107943	0	5	0	0.0
GC_00001605	5	5	1	0	0.677104193215608	0.962802716072138	0.795066784095648	0	5	0	0.0
GC_00001606	4	5	2	0	0.612745098039216	0.944525547445257	0.743291990827754	0	5	0	0.0
GC_00001607	4	5	2	0	0.624949124949125	0.647293076522645	0.635924891173216	0	5	0	0.0
GC_00001608	3	5	3	0	0.765017308083893	0.755903682683087	0.760433190162361	0	5	0	0.0
GC_00001609	5	5	1	0	0.767224788298691	0.986989010989012	0.863341099376435	0	5	0	0.0
GC_00001610	4	5	2	0	0.741657696447793	0.73537870580124	0.738504854898425	1	4	0	0.2
GC_00001611	5	5	1	0	0.649955237242614	0.82237923946557	0.726071014631528	0	5	0	0.0
GC_00001612	2	5	4	0	0.692488262910798	0.756049382716049	0.722874307467863	0	5	0	0.0
GC_00001613	4	5	2	0	0.733090909090909	0.753086061699751	0.742953977145065	0	5	0	0.0
GC_00001614	2	5	3	0	0.737536052740008	0.605635868426567	0.66510962708206	0	5	0	0.0
GC_00001615	4	5	2	0	0.663305835624809	0.632633932135732	0.647606917295307	0	5	0	0.0
GC_00001616	5	5	1	0	0.617026378896882	1.0	0.763161797419546	0	5	0	0.0
GC_00001617	4	5	2	0	0.73714953271028	0.877386105957535	0.80117743148333	0	5	0	0.0
GC_00001618	5	5	1	0	0.629460629460629	0.933771563270116	0.751996330067497	0	5	0	0.0
GC_00001619	2	5	4	0	0.669037458511143	0.692479674796748	0.680556755934514	0	5	0	0.0
GC_00001620	5	5	1	0	0.85445094217024	0.817019230769231	0.835315954545908	0	5	0	0.0
GC_00001621	5	5	1	0	0.616523772408418	0.659235165369649	0.637164497182911	0	5	0	0.0
GC_00001622	2	5	4	0	0.756656017039404	0.570368105662223	0.650436494248604	0	5	0	0.0
GC_00001623	4	5	2	0	0.746355685131195	0.648395812225598	0.693935660348014	0	5	0	0.0
GC_00001624	5	5	1	0	0.618873190301762	0.733060127204776	0.671144432541942	0	5	0	0.0
GC_00001625	5	5	1	0	0.814207650273224	0.834949494949495	0.824448135035468	0	5	0	0.0
GC_00001626	5	5	1	0	0.758734655335222	0.80597532948736	0.781641863040355	0	5	0	0.0
GC_00001627	4	5	2	0	0.651560926485398	0.678853448856367	0.664927244146828	0	5	0	0.0
GC_00001628	4	5	2	0	0.710259529602595	0.725329981143934	0.717715652500208	0	5	0	0.0
GC_00001629	5	5	1	0	0.675991501416431	0.812715165221762	0.738074943941501	0	5	0	0.0
GC_00001630	5	5	1	0	0.764556670125677	0.752186013345962	0.758320893775586	0	5	0	0.0
GC_00001631	5	5	1	0	0.750566893424036	0.676369183829138	0.711538975301016	0	5	0	0.0
GC_00001632	4	5	2	0	0.733752620545073	0.797810084652189	0.764441753934499	0	5	0	0.0
GC_00001633	4	5	2	0	0.761352657004831	0.927871621621622	0.836404654396068	0	5	0	0.0
GC_00001634	4	5	2	0	0.751333333333333	0.730077166688971	0.740552751895199	0	5	0	0.0
GC_00001635	4	5	2	0	0.775604063701263	0.75946807589015	0.76745126267299	0	5	0	0.0
GC_00001636	3	5	3	0	0.701769048614013	0.753711752282211	0.726813543679304	0	5	0	0.0
GC_00001637	5	5	1	0	0.710098012768636	0.881034406215317	0.786384305378924	0	5	0	0.0
GC_00001638	5	5	1	0	0.663468372423596	0.673526949241234	0.668459824137717	0	5	0	0.0
GC_00001639	4	5	2	0	0.824594257178527	0.894090309446802	0.857937225812684	0	5	0	0.0
GC_00001640	5	5	1	0	0.641929953465589	0.729642701085679	0.682981690543655	0	5	0	0.0
GC_00001641	4	5	2	0	0.648858160486067	0.636900756177866	0.642823857116242	0	5	0	0.0
GC_00001642	2	5	4	0	0.769356153219234	0.564619147737422	0.651276249606214	0	5	0	0.0
GC_00001643	5	5	1	0	0.645849596669269	0.815623744044799	0.720875641656023	0	5	0	0.0
GC_00001644	5	5	1	0	0.715894369706029	0.967328492676275	0.822832242883211	0	5	0	0.0
GC_00001645	4	5	2	0	0.76	0.659767225325885	0.706345494251818	0	5	0	0.0
GC_00001646	5	5	1	0	0.73438011122015	0.839690322580646	0.783512426439868	0	5	0	0.0
GC_00001647	2	5	3	0	0.863786008230453	0.694672088416224	0.770053467043203	0	5	0	0.0
GC_00001648	3	5	3	0	0.465970610982212	0.679219193020722	0.552740133131503	0	5	0	0.0
GC_00001649	5	5	1	0	0.637458365359979	0.660335985853227	0.648695531363452	0	5	0	0.0
GC_00001650	5	5	1	0	0.701119272472893	0.935342058583823	0.801468792671227	0	5	0	0.0
GC_00001651	3	5	2	0	0.74336917562724	0.665758380254982	0.702426485425196	0	5	0	0.0
GC_00001652	4	5	2	0	0.748815165876777	0.710514624213255	0.729162290526942	0	5	0	0.0
GC_00001653	4	5	2	0	0.746064339493498	0.738165060745706	0.742093679580349	0	5	0	0.0
GC_00001654	4	5	2	0	0.794072363356428	0.789829136970527	0.791945066422993	0	5	0	0.0
GC_00001655	4	5	2	0	0.649330181245075	0.835180995475113	0.730621952422681	0	5	0	0.0
GC_00001656	2	5	3	0	0.62677304964539	0.669476510067114	0.647421371504702	1	4	0	0.2
GC_00001657	5	5	1	0	0.824209245742092	0.978961038961039	0.894944583301863	0	5	0	0.0
GC_00001658	5	5	1	0	0.833688699360341	0.718459315960301	0.771796770351864	0	5	0	0.0
GC_00001659	4	5	2	0	0.624007060900265	0.780495208618537	0.693533263344111	0	5	0	0.0
GC_00001660	5	5	1	0	0.706674530620269	0.924814151166927	0.801161066555429	0	5	0	0.0
GC_00001661	5	5	1	0	0.733333333333333	0.903076923076923	0.809401441554372	0	5	0	0.0
GC_00001662	5	5	1	0	0.618932038834951	0.888591764107781	0.729644084130017	0	5	0	0.0
GC_00001663	5	5	1	0	0.67787610619469	0.783253588516747	0.726764906179816	0	5	0	0.0
GC_00001664	5	5	1	0	0.786569397680509	0.931048211169283	0.85273232749558	0	5	0	0.0
GC_00001665	5	5	1	0	0.688624910007199	0.795836606441478	0.738359203547793	1	4	0	0.2
GC_00001666	4	5	2	0	0.71911938534279	0.583872129022966	0.644476593918816	0	5	0	0.0
GC_00001667	5	5	1	0	0.672873563218391	0.93221670802316	0.781593396032571	0	5	0	0.0
GC_00001668	5	5	1	0	0.678270960255294	0.907228655241624	0.776218228181654	0	5	0	0.0
GC_00001669	5	5	1	0	0.733277240218763	0.756133869481444	0.744530174964104	0	5	0	0.0
GC_00001670	3	5	3	0	0.715335169880624	0.668044627128596	0.690881589955282	0	5	0	0.0
GC_00001671	5	5	1	0	0.654936461388074	0.866017587939698	0.745829888543635	0	5	0	0.0
GC_00001672	5	5	1	0	0.640339966832504	0.870381231671555	0.737846122199231	0	5	0	0.0
GC_00001673	4	5	2	0	0.673647469458988	0.605125544120616	0.637550663288955	0	5	0	0.0
GC_00001674	4	5	2	0	0.929117701921283	0.769563370935635	0.84184719793689	0	5	0	0.0
GC_00001675	5	5	1	0	0.660332891442039	0.841756258234519	0.740088354954324	0	5	0	0.0
GC_00001676	5	5	1	0	0.653743315508021	0.806008771929824	0.721934705796251	0	5	0	0.0
GC_00001677	5	5	1	0	0.819009900990099	0.763545807834904	0.790305924763399	0	5	0	0.0
GC_00001678	5	5	1	0	0.647913736521331	0.904933463161312	0.755153271409912	0	5	0	0.0
GC_00001679	5	5	1	0	0.657111657111657	0.921599453178401	0.767200205185089	0	5	0	0.0
GC_00001680	4	5	2	0	0.685957446808511	0.713187610069408	0.69930755169921	0	5	0	0.0
GC_00001681	5	5	1	0	0.6567081604426	0.783571915473756	0.71455278704437	0	5	0	0.0
GC_00001682	5	5	1	0	0.714117647058824	0.825586136595312	0.765816952025187	0	5	0	0.0
GC_00001683	5	5	1	0	0.627577550654474	0.915988119385684	0.744838514551454	0	5	0	0.0
GC_00001684	5	5	1	0	0.711748633879781	0.737857276543407	0.724567835715725	0	5	0	0.0
GC_00001685	5	5	1	0	0.718119211588696	0.864643880726936	0.784599268137086	0	5	0	0.0
GC_00001686	1	5	5	0	0.70066889632107	0.652064156206417	0.675493323395965	0	5	0	0.0
GC_00001687	5	5	1	0	0.706771124790151	0.735014034878165	0.720615956800244	0	5	0	0.0
GC_00001688	5	5	1	0	0.698147614934255	0.950179654165734	0.804895571104723	0	5	0	0.0
GC_00001689	4	5	2	0	0.741232550221314	0.919095256899652	0.820637127495159	0	5	0	0.0
GC_00001690	4	5	2	0	0.658397932816537	0.943237440961785	0.775489342270676	0	5	0	0.0
GC_00001691	3	5	3	0	0.638409961685824	0.727942497753818	0.680242844940738	0	5	0	0.0
GC_00001692	3	5	2	0	0.72015503875969	0.724456157591459	0.722299195199032	0	5	0	0.0
GC_00001693	4	5	2	0	0.81972592163675	0.680080673100721	0.743402193990769	1	4	0	0.2
GC_00001694	5	5	1	0	0.657330567081604	0.782448574265855	0.714453141129714	0	5	0	0.0
GC_00001695	5	5	1	0	0.657477025898079	0.787298136645964	0.716555005646158	0	5	0	0.0
GC_00001696	5	5	1	0	0.664617104527669	0.884919830000966	0.759107888361845	0	5	0	0.0
GC_00001697	4	5	2	0	0.711274509803922	0.922399111440208	0.803194674017651	0	5	0	0.0
GC_00001698	5	5	1	0	0.650308051837689	0.883968363567888	0.749345735391525	0	5	0	0.0
GC_00001699	4	5	2	0	0.721275252525252	0.762452700378398	0.741292583896883	0	5	0	0.0
GC_00001700	4	5	2	0	0.677689594356261	0.828002745367193	0.745343294682397	0	5	0	0.0
GC_00001701	5	5	1	0	0.733853229354129	0.975128998968007	0.837459340501279	0	5	0	0.0
GC_00001702	5	5	1	0	0.700768049155146	0.821171023965141	0.756206902957021	0	5	0	0.0
GC_00001703	3	5	3	0	0.642441860465116	0.788592800374006	0.708054164844058	0	5	0	0.0
GC_00001704	3	5	2	0	0.721175166297118	0.764310565419405	0.742116584966526	0	5	0	0.0
GC_00001705	5	5	1	0	0.747590923220392	0.812759443571387	0.778814291593919	0	5	0	0.0
GC_00001706	5	5	1	0	0.784392718591465	0.638571506759351	0.704010447034993	0	5	0	0.0
GC_00001707	5	5	1	0	0.702710495963091	0.895646988670244	0.787534135094562	0	5	0	0.0
GC_00001708	3	5	3	0	0.708493384549723	0.635008048801154	0.669741007405307	0	5	0	0.0
GC_00001709	5	5	1	0	0.696876774559909	0.948269130389396	0.803365502126518	0	5	0	0.0
GC_00001710	5	5	1	0	0.717547568710359	0.773492272760566	0.744470381405857	0	5	0	0.0
GC_00001711	4	5	2	0	0.612291888062345	0.771921668441423	0.682902394049697	0	5	0	0.0
GC_00001712	5	5	1	0	0.85599753314832	0.934685157421289	0.893612467732591	0	5	0	0.0
GC_00001713	5	5	1	0	0.7460024600246	0.777727431160685	0.761534679119756	0	5	0	0.0
GC_00001714	5	5	1	0	0.677756852898096	0.861574126749346	0.75869033548302	0	5	0	0.0
GC_00001715	5	5	1	0	0.733574754267977	0.80074659639877	0.765690300052054	0	5	0	0.0
GC_00001716	4	5	2	0	0.828178694158076	0.666759065550906	0.738754036600833	0	5	0	0.0
GC_00001717	2	5	4	0	0.780469897209985	0.643925972793419	0.705653320654065	0	5	0	0.0
GC_00001718	5	5	1	0	0.649299719887955	0.836626031586444	0.73115503573586	0	5	0	0.0
GC_00001719	5	5	1	0	0.698375870069606	0.886046632393418	0.781096692148802	0	5	0	0.0
GC_00001720	4	5	2	0	0.787125557680051	0.659888776541963	0.717913166384302	0	5	0	0.0
GC_00001721	3	5	3	0	0.731462925851703	0.597702517313765	0.657852240067346	0	5	0	0.0
GC_00001722	5	5	1	0	0.723905723905724	0.754385964912281	0.738831615120275	0	5	0	0.0
GC_00001723	5	5	1	0	0.682764036120927	0.955056179775281	0.796275446714755	0	5	0	0.0
GC_00001724	5	5	1	0	0.693934557063049	0.907651351842717	0.786533691769278	0	5	0	0.0
GC_00001725	5	5	1	0	0.640921409214092	0.847448852958908	0.729856174742836	0	5	0	0.0
GC_00001726	5	5	1	0	0.696663782328622	0.904649081488461	0.787149425987321	0	5	0	0.0
GC_00001727	4	5	2	0	0.642909356725146	0.69488812673526	0.667888950425777	0	5	0	0.0
GC_00001728	5	5	1	0	0.716022889842632	0.939119841632403	0.81253572894578	0	5	0	0.0
GC_00001729	3	5	2	0	0.518383838383838	0.622826861044783	0.565826063563201	0	5	0	0.0
GC_00001730	4	5	2	0	0.611735330836454	0.80230179028133	0.694177463630458	0	5	0	0.0
GC_00001731	5	5	1	0	0.70591620626151	0.902236409437915	0.792093109924663	0	5	0	0.0
GC_00001732	5	5	1	0	0.765233821445442	0.621173471912893	0.685719055243858	0	5	0	0.0
GC_00001733	4	5	2	0	0.816152495610735	0.918350515463918	0.8642407193942	0	5	0	0.0
GC_00001734	5	5	1	0	0.708397733127254	0.939437215698719	0.807720693738769	0	5	0	0.0
GC_00001735	5	5	1	0	0.663118410381184	0.970337400289747	0.787837161201509	0	5	0	0.0
GC_00001736	3	5	3	0	0.756446991404012	0.673454165734317	0.712542087227558	1	4	0	0.2
GC_00001737	1	5	5	0	0.793475401210208	0.563873429041682	0.659255285551901	0	5	0	0.0
GC_00001738	5	5	1	0	0.743089430894309	0.959093501820896	0.837386194803025	0	5	0	0.0
GC_00001739	5	5	1	0	0.706523837097086	0.924406417112298	0.800911218820889	0	5	0	0.0
GC_00001740	2	5	4	0	0.641814595660749	0.654909972759285	0.648296160337018	0	5	0	0.0
GC_00001741	4	5	2	0	0.739019407558733	0.644577304964538	0.688575122691593	0	5	0	0.0
GC_00001742	4	5	2	0	0.698524695317511	0.690662779838973	0.694571490863491	0	5	0	0.0
GC_00001743	5	5	1	0	0.687669376693767	0.875887392900858	0.770449719822098	0	5	0	0.0
GC_00001744	5	5	1	0	0.804457458923052	0.919269841269841	0.858039993321192	0	5	0	0.0
GC_00001745	3	5	2	0	0.756278086174993	0.963675866118615	0.847472618379498	0	5	0	0.0
GC_00001746	2	4	3	0	1.0	0.973348348348348	0.986494198211908	0	4	0	0.0
GC_00001747	1	4	4	0	0.788265306122449	0.568187858605756	0.660373373655947	0	4	0	0.0
GC_00001748	3	4	2	0	0.807987711213518	0.829730844918429	0.818714941952317	0	4	0	0.0
GC_00001749	4	4	1	0	0.866169977924945	0.796683243763535	0.829974767061084	0	4	0	0.0
GC_00001750	4	4	1	0	0.75945648182152	0.988795971243093	0.859083604594054	0	4	0	0.0
GC_00001751	3	4	2	0	0.72840260798696	0.786238647197551	0.75621640326847	0	4	0	0.0
GC_00001752	2	4	3	0	0.806919642857143	0.730315873360863	0.766709092377848	0	4	0	0.0
GC_00001753	4	4	1	0	0.687449062754686	0.887173579109062	0.774644831395761	0	4	0	0.0
GC_00001754	4	4	1	0	0.696363636363636	0.713548279823448	0.704851230994122	0	4	0	0.0
GC_00001755	4	4	1	0	0.715311004784689	0.652173745767928	0.682284840384406	0	4	0	0.0
GC_00001756	2	4	3	0	0.769396551724138	0.572521481841764	0.656517079134124	0	4	0	0.0
GC_00001757	2	4	2	0	0.669108669108669	0.668156281920327	0.668632136374017	0	4	0	0.0
GC_00001758	4	4	1	0	0.514636449480642	0.684751570531125	0.587629876494805	0	4	0	0.0
GC_00001759	3	4	2	0	0.644314868804665	0.785789473684211	0.708054407783699	1	3	0	0.25
GC_00001760	4	4	1	0	0.694954507857734	0.918132725190538	0.79110473768628	0	4	0	0.0
GC_00001761	4	4	1	0	0.740643274853801	0.833931478466776	0.784523872128356	0	4	0	0.0
GC_00001762	4	4	1	0	0.693717277486911	0.880517503805175	0.776034442610835	0	4	0	0.0
GC_00001763	4	4	1	0	0.731645569620253	0.766849774037713	0.748834145015599	0	4	0	0.0
GC_00001764	3	4	2	0	0.601554907677357	0.684014812048792	0.640140259681299	0	4	0	0.0
GC_00001765	3	4	2	0	0.668845315904139	0.682500000000001	0.675603670996788	0	4	0	0.0
GC_00001766	3	4	2	0	0.751023751023751	0.69836828218303	0.723739547154369	0	4	0	0.0
GC_00001767	3	4	2	0	0.665681121331581	0.889688936019798	0.761553979731993	0	4	0	0.0
GC_00001768	4	4	1	0	0.465709728867624	0.606450462539026	0.52684269150145	0	4	0	0.0
GC_00001769	4	4	1	0	0.685414323209599	0.825397348568081	0.748920829268042	0	4	0	0.0
GC_00001770	4	4	1	0	0.654950869236584	0.831031307550645	0.73255882304037	0	4	0	0.0
GC_00001771	3	4	2	0	0.714501510574018	0.645132835201327	0.678047574635792	0	4	0	0.0
GC_00001772	3	4	2	0	0.780089153046062	0.618564569264508	0.689999966746173	0	4	0	0.0
GC_00001773	3	4	2	0	0.676007866273353	0.731836945304438	0.702815435034794	0	4	0	0.0
GC_00001774	4	4	1	0	0.722504230118443	0.948609036594475	0.820260427967544	0	4	0	0.0
GC_00001775	3	4	2	0	0.684100418410042	0.641182807186226	0.661946696678476	0	4	0	0.0
GC_00001776	4	4	1	0	0.734234234234234	0.724317309862334	0.729242058673739	0	4	0	0.0
GC_00001777	1	4	4	0	0.4995670995671	0.617265825961479	0.552214554726745	0	4	0	0.0
GC_00001778	1	4	4	0	0.76976976976977	0.61930788005579	0.686389971513855	0	4	0	0.0
GC_00001779	4	4	1	0	0.819634703196347	0.7782874617737	0.798426139541387	1	3	0	0.25
GC_00001780	4	4	1	0	0.739091318038686	0.671768924302789	0.70382390087963	0	4	0	0.0
GC_00001781	2	4	2	0	0.775716014521985	0.684674585034197	0.727357517240427	0	4	0	0.0
GC_00001782	4	4	1	0	0.702590420332356	0.73442274381581	0.718154011602345	0	4	0	0.0
GC_00001783	3	4	2	0	0.681109844165716	0.618730396928401	0.648423322973551	0	4	0	0.0
GC_00001784	4	4	1	0	0.678410117434508	0.961600440600522	0.795555204979285	0	4	0	0.0
GC_00001785	4	4	1	0	0.694806538381957	0.983705020469727	0.814393772216992	0	4	0	0.0
GC_00001786	4	4	1	0	0.692181069958848	0.635936507936508	0.662867836124774	0	4	0	0.0
GC_00001787	4	4	1	0	0.728187919463087	0.825268817204301	0.773694907380523	0	4	0	0.0
GC_00001788	4	4	1	0	0.802896725440806	0.782250156556984	0.792438980018807	0	4	0	0.0
GC_00001789	2	4	3	0	0.808472044387537	0.766317378981854	0.786830504245563	0	4	0	0.0
GC_00001790	3	4	2	0	0.702114983616324	0.921706579524949	0.797062946658156	0	4	0	0.0
GC_00001791	2	4	3	0	0.60462962962963	0.619709645669292	0.612076768422628	0	4	0	0.0
GC_00001792	2	4	3	0	0.736681887366819	0.729407979407979	0.733026888880649	0	4	0	0.0
GC_00001793	3	4	2	0	0.876825396825397	0.994318181818182	0.931882987809463	0	4	0	0.0
GC_00001794	3	4	2	0	0.651718983557549	0.626084656084657	0.638644691603354	0	4	0	0.0
GC_00001795	4	4	1	0	0.687584345479082	0.649744496855345	0.668129080083353	0	4	0	0.0
GC_00001796	4	4	1	0	0.804453723034099	0.898430400660886	0.848848927113637	0	4	0	0.0
GC_00001797	3	4	2	0	0.836646785950961	0.655006467321007	0.734767352210235	0	4	0	0.0
GC_00001798	3	4	2	0	0.875432525951557	0.710554796081112	0.784423395217365	0	4	0	0.0
GC_00001799	4	4	1	0	0.721620079863092	0.918320598223614	0.808173847121328	0	4	0	0.0
GC_00001800	4	4	1	0	0.659294365455503	0.977284527518172	0.787396422141121	0	4	0	0.0
GC_00001801	4	4	1	0	0.785871964679912	0.839882943143812	0.811980275074945	0	4	0	0.0
GC_00001802	3	4	2	0	0.779264214046823	0.64592603958877	0.70635768984317	0	4	0	0.0
GC_00001803	3	4	2	0	0.787450980392157	0.913744141163495	0.845909690981024	0	4	0	0.0
GC_00001804	3	4	2	0	0.871048513302034	0.796582047453129	0.832152665567526	0	4	0	0.0
GC_00001805	2	4	2	0	0.852166869177805	0.98688874986967	0.914593215662309	0	4	0	0.0
GC_00001806	3	4	2	0	0.758377425044092	0.69826933272741	0.727083207669677	0	4	0	0.0
GC_00001807	4	4	1	0	0.655750487329435	0.928719972837619	0.768721904372568	0	4	0	0.0
GC_00001808	3	4	2	0	0.781949934123847	0.587865353037767	0.671158043555021	0	4	0	0.0
GC_00001809	2	4	2	0	0.728609625668449	0.845697240865027	0.782799291795384	0	4	0	0.0
GC_00001810	2	4	2	0	0.723478260869565	0.631828481355598	0.674554558931079	0	4	0	0.0
GC_00001811	4	4	1	0	0.683643892339544	0.812440500475996	0.742498202249715	0	4	0	0.0
GC_00001812	4	4	1	0	0.812675660483418	0.976418938190112	0.887054162580886	0	4	0	0.0
GC_00001813	3	4	2	0	0.770903637045369	0.597920777195254	0.673481999604059	0	4	0	0.0
GC_00001814	4	4	1	0	0.633689205219454	0.625490710569242	0.629563267778946	0	4	0	0.0
GC_00001815	2	4	3	0	0.746637977407208	0.850482141312812	0.795184104649134	0	4	0	0.0
GC_00001816	1	4	4	0	0.834049871023216	0.574034427287297	0.68003505275403	0	4	0	0.0
GC_00001817	4	4	1	0	0.741521918941274	0.756721130318099	0.749044428985361	0	4	0	0.0
GC_00001818	4	4	1	0	0.661521797996209	0.885492706308156	0.757294421687275	0	4	0	0.0
GC_00001819	2	4	3	0	0.662379421221865	0.616033972314621	0.638366631791893	0	4	0	0.0
GC_00001820	4	4	1	0	0.782013685239492	0.924676850763809	0.847382623231533	0	4	0	0.0
GC_00001821	3	4	2	0	0.853181076672104	0.762155054500331	0.805103355816988	0	4	0	0.0
GC_00001822	2	4	3	0	0.773139745916515	0.579408147022647	0.662399416552413	0	4	0	0.0
GC_00001823	4	4	1	0	0.764725238565317	0.626876991068184	0.688973682762752	0	4	0	0.0
GC_00001824	2	4	3	0	0.706666666666667	0.62448596782339	0.663039543066252	0	4	0	0.0
GC_00001825	3	4	2	0	0.635087719298246	0.775841346153846	0.698443774575225	0	4	0	0.0
GC_00001826	4	4	1	0	0.783746556473829	0.747363465160076	0.765122733150801	0	4	0	0.0
GC_00001827	4	4	1	0	0.681417624521073	0.821451151588137	0.744910402389799	0	4	0	0.0
GC_00001828	4	4	1	0	0.882666666666667	0.967536456385877	0.923155050595326	0	4	0	0.0
GC_00001829	4	4	1	0	0.521604938271605	0.702129384025937	0.598551740096543	0	4	0	0.0
GC_00001830	4	4	1	0	0.693400167084378	0.715827167520395	0.704435211230677	0	4	0	0.0
GC_00001831	3	4	2	0	0.794948737184296	0.765269082557666	0.779826615345303	1	3	0	0.25
GC_00001832	3	4	2	0	0.7048652995577	0.718339386423362	0.711538560521765	0	4	0	0.0
GC_00001833	4	4	1	0	0.659822419533851	0.710267238392238	0.684116174500567	0	4	0	0.0
GC_00001834	4	4	1	0	0.841787439613527	0.953113026819922	0.89399784502066	0	4	0	0.0
GC_00001835	4	4	1	0	0.751540616246499	0.743687594473185	0.747593483106152	0	4	0	0.0
GC_00001836	3	4	2	0	0.680694722778891	0.706285544520838	0.693254048763558	0	4	0	0.0
GC_00001837	4	4	1	0	0.671919191919192	0.895433598659407	0.767739112272759	0	4	0	0.0
GC_00001838	4	4	1	0	0.688603126575895	0.90566754309086	0.782358370728897	0	4	0	0.0
GC_00001839	4	4	1	0	0.878584861307005	0.92824335213537	0.90273170490429	0	4	0	0.0
GC_00001840	4	4	1	0	0.620093147039255	0.809345391903534	0.702191129502306	0	4	0	0.0
GC_00001841	4	4	1	0	0.601401664476566	0.699833706788427	0.646894736207803	0	4	0	0.0
GC_00001842	4	4	1	0	0.698350694444444	1.0	0.822386915410171	0	4	0	0.0
GC_00001843	3	4	2	0	0.843459222769568	0.749162561576354	0.79351931277866	1	3	0	0.25
GC_00001844	4	4	1	0	0.746212121212121	1.0	0.854663774403471	0	4	0	0.0
GC_00001845	2	4	3	0	0.663299663299663	0.753292361720808	0.705437502217196	0	4	0	0.0
GC_00001846	4	4	1	0	0.633620689655172	0.887669801462906	0.739432679127081	0	4	0	0.0
GC_00001847	3	4	2	0	0.682068673166596	0.658144146643441	0.669892868085057	0	4	0	0.0
GC_00001848	4	4	1	0	0.781545417180436	0.677260024578948	0.725675204242199	0	4	0	0.0
GC_00001849	4	4	1	0	0.651994497936726	0.64989084001616	0.650940969373368	0	4	0	0.0
GC_00001850	4	4	1	0	0.63963963963964	0.772656205583036	0.699883864384719	0	4	0	0.0
GC_00001851	1	4	4	0	0.566502463054187	0.626646090534979	0.595058432050998	1	3	0	0.25
GC_00001852	4	4	1	0	0.696296296296296	0.853087175302598	0.766758457760086	0	4	0	0.0
GC_00001853	4	4	1	0	0.720160481444333	0.966629266965866	0.825388225097315	0	4	0	0.0
GC_00001854	4	4	1	0	0.695094760312152	0.708120008191684	0.701546931252801	0	4	0	0.0
GC_00001855	4	4	1	0	0.865277777777778	0.993788819875777	0.925091530048306	0	4	0	0.0
GC_00001856	4	4	1	0	0.765126512651265	0.767455798621517	0.766289385560784	0	4	0	0.0
GC_00001857	3	4	2	0	0.727659574468085	0.68054226475279	0.703312665820045	0	4	0	0.0
GC_00001858	4	4	1	0	0.697093551316985	0.655292256859378	0.675546879777749	0	4	0	0.0
GC_00001859	2	4	3	0	0.800641025641026	0.523216039678243	0.632860204645731	0	4	0	0.0
GC_00001860	3	4	2	0	0.802655184786509	0.674281954116486	0.732889562085991	0	4	0	0.0
GC_00001861	3	4	2	0	0.623938223938224	0.729652395082662	0.672667220181323	0	4	0	0.0
GC_00001862	2	4	3	0	0.729663608562691	0.804683662442283	0.765339628107144	0	4	0	0.0
GC_00001863	4	4	1	0	0.720898100172712	0.816880775298625	0.765893989537207	0	4	0	0.0
GC_00001864	4	4	1	0	0.734122712594187	0.664836837954214	0.697764024299576	0	4	0	0.0
GC_00001865	3	4	2	0	0.748427672955975	0.615014988538177	0.675194123968884	0	4	0	0.0
GC_00001866	2	4	2	0	0.577380952380952	0.634585427135678	0.604633172139316	0	4	0	0.0
GC_00001867	4	4	1	0	0.726030322442878	0.869251563314224	0.791211883531779	0	4	0	0.0
GC_00001868	4	4	1	0	0.648550724637681	0.934797297297299	0.765799377209068	0	4	0	0.0
GC_00001869	4	4	1	0	0.675888439046334	0.753755868544602	0.712701578578096	0	4	0	0.0
GC_00001870	4	4	1	0	0.671253822629969	0.91575300746155	0.77466926441395	0	4	0	0.0
GC_00001871	3	4	2	0	0.67381974248927	0.694369063772049	0.683940084295697	1	3	0	0.25
GC_00001872	4	4	1	0	0.776859504132231	0.753492777646222	0.764997749314563	0	4	0	0.0
GC_00001873	3	4	2	0	0.727430555555556	0.633764358797315	0.677374789973287	0	4	0	0.0
GC_00001874	2	4	2	0	0.656626506024096	0.773421052631579	0.710254369375462	0	4	0	0.0
GC_00001875	4	4	1	0	0.753668763102725	0.726748331754663	0.739963782076253	0	4	0	0.0
GC_00001876	1	4	4	0	0.740210124164279	0.770576131687243	0.755087957551953	0	4	0	0.0
GC_00001877	3	4	2	0	0.720272904483431	0.6981737262124	0.709051164464799	1	3	0	0.25
GC_00001878	4	4	1	0	0.694742215416029	0.947673531655226	0.801732216763409	0	4	0	0.0
GC_00001879	4	4	1	0	0.779521318750991	0.987383623776558	0.871225798280242	0	4	0	0.0
GC_00001880	3	4	2	0	0.784516765285996	0.649305766184745	0.710535994780741	0	4	0	0.0
GC_00001881	4	4	1	0	0.824466891133558	0.932240645418306	0.875047816126541	0	4	0	0.0
GC_00001882	3	4	2	0	0.634920634920635	0.79773082942097	0.707074647698063	0	4	0	0.0
GC_00001883	4	4	1	0	0.789461049093746	0.690107621996163	0.736448531107853	0	4	0	0.0
GC_00001884	3	4	2	0	0.798568507157464	0.976300411225739	0.878535596465303	0	4	0	0.0
GC_00001885	3	4	2	0	0.794549266247379	0.655220580206021	0.718189900978341	0	4	0	0.0
GC_00001886	4	4	1	0	0.738396624472574	0.672101943402658	0.703691329594995	1	3	0	0.25
GC_00001887	4	4	1	0	0.772570164523711	0.9578825245293	0.855303891578764	0	4	0	0.0
GC_00001888	3	4	2	0	0.817883895131086	0.755829106790645	0.785633026047945	0	4	0	0.0
GC_00001889	4	4	1	0	0.677394636015326	0.806510051425899	0.736335139786379	0	4	0	0.0
GC_00001890	4	4	1	0	0.756900212314225	0.987507146941112	0.856960807022295	0	4	0	0.0
GC_00001891	4	4	1	0	0.876498800959233	1.0	0.934185303514377	0	4	0	0.0
GC_00001892	4	4	1	0	0.710080941869021	0.869710031347963	0.781830670870247	0	4	0	0.0
GC_00001893	4	4	1	0	0.719451371571072	0.866099134411236	0.78599351810952	0	4	0	0.0
GC_00001894	3	4	2	0	0.743257820927724	0.753032091329033	0.748113031712831	0	4	0	0.0
GC_00001895	4	4	1	0	0.618769470404984	0.860309143617526	0.719817091713667	0	4	0	0.0
GC_00001896	3	4	2	0	0.789127837514934	0.742209045780474	0.764949666751783	0	4	0	0.0
GC_00001897	3	4	2	0	0.763374485596708	0.730014207909069	0.746321735077095	0	4	0	0.0
GC_00001898	4	4	1	0	0.696441539578795	0.980961813579838	0.814571587008077	0	4	0	0.0
GC_00001899	4	4	1	0	0.725118483412322	0.781432369902277	0.752222938517046	0	4	0	0.0
GC_00001900	4	4	1	0	0.787939032471836	0.670502291825822	0.724492536366943	0	4	0	0.0
GC_00001901	1	4	4	0	0.844942935852027	0.832266009852216	0.838556564553869	0	4	0	0.0
GC_00001902	1	4	4	0	0.729448198198198	0.712310416855872	0.720777451520672	0	4	0	0.0
GC_00001903	3	4	2	0	0.747995418098511	0.816909257802254	0.780934955653605	0	4	0	0.0
GC_00001904	1	4	4	0	0.661678004535147	0.640153817813394	0.650737973207907	0	4	0	0.0
GC_00001905	4	4	1	0	0.710095238095238	0.948709786945081	0.812240488634492	0	4	0	0.0
GC_00001906	2	4	3	0	0.838974358974359	0.765786569071687	0.800711538609516	0	4	0	0.0
GC_00001907	3	4	2	0	0.674839462930531	0.706244416958707	0.690184875774993	0	4	0	0.0
GC_00001908	4	4	1	0	0.619174041297935	0.888651221973585	0.7298322714396	0	4	0	0.0
GC_00001909	3	4	2	0	0.740366392924826	0.75265267506647	0.746458981148702	0	4	0	0.0
GC_00001910	1	4	4	0	0.614193807800563	0.634815292525715	0.624334316963013	0	4	0	0.0
GC_00001911	4	4	1	0	0.821985815602837	0.649705578625886	0.725761898238719	1	3	0	0.25
GC_00001912	4	4	1	0	0.689655172413793	0.739976689976689	0.713930299307603	0	4	0	0.0
GC_00001913	4	4	1	0	0.74269340974212	0.926733056987836	0.824568853713243	0	4	0	0.0
GC_00001914	4	4	1	0	0.72070467141726	0.866026638989793	0.786710944944569	0	4	0	0.0
GC_00001915	4	4	1	0	0.746794871794872	0.981132075471697	0.848073355965422	0	4	0	0.0
GC_00001916	2	4	3	0	0.875750750750751	0.904009608277901	0.889655833853212	1	3	0	0.25
GC_00001917	3	4	2	0	0.680971659919028	0.704372958029655	0.692474661130561	0	4	0	0.0
GC_00001918	4	4	1	0	0.725875040889761	0.970886699507391	0.830691081635654	0	4	0	0.0
GC_00001919	3	4	2	0	0.692281766093697	0.860115428672128	0.767126132426952	0	4	0	0.0
GC_00001920	4	4	1	0	0.724590163934426	0.701528822055141	0.712873033977514	0	4	0	0.0
GC_00001921	4	4	1	0	0.697516025641026	0.957351532567051	0.807035019600707	0	4	0	0.0
GC_00001922	3	4	2	0	0.658952105432337	0.591871575263621	0.623613106602703	0	4	0	0.0
GC_00001923	4	4	1	0	0.61961961961962	0.624089125560538	0.621846341576615	0	4	0	0.0
GC_00001924	2	4	3	0	0.813975448536355	0.605696188514605	0.694557549585305	0	4	0	0.0
GC_00001925	4	4	1	0	0.672932330827068	0.927229020979022	0.779874336539439	0	4	0	0.0
GC_00001926	4	4	1	0	0.66955266955267	0.974926971762415	0.793886333600836	0	4	0	0.0
GC_00001927	3	4	2	0	0.588628762541806	0.791581225791751	0.67518345951358	0	4	0	0.0
GC_00001928	3	4	2	0	0.89073196419168	0.669436335055022	0.764389767325417	0	4	0	0.0
GC_00001929	4	4	1	0	0.639934533551555	0.914092664092663	0.752830405421203	0	4	0	0.0
GC_00001930	4	4	1	0	0.648967551622419	0.740720901495312	0.691815246504375	0	4	0	0.0
GC_00001931	4	4	1	0	0.77330779054917	0.643888342040835	0.702688724155608	0	4	0	0.0
GC_00001932	4	4	1	0	0.704609116373822	0.733502896707645	0.718765747320873	0	4	0	0.0
GC_00001933	4	4	1	0	0.742446755819713	0.736673791448621	0.739549007778354	0	4	0	0.0
GC_00001934	4	4	1	0	0.717948717948718	0.768774012161923	0.742492605037215	0	4	0	0.0
GC_00001935	4	4	1	0	0.654399079930995	0.708944865406058	0.680580816352739	0	4	0	0.0
GC_00001936	4	4	1	0	0.713787085514834	0.929516466780887	0.807491529893777	0	4	0	0.0
GC_00001937	3	4	2	0	0.778133903133903	0.849376114081996	0.81219573936626	0	4	0	0.0
GC_00001938	4	4	1	0	0.737992740778256	0.986838787813307	0.844464922692272	0	4	0	0.0
GC_00001939	3	4	2	0	0.651515151515151	0.607257799671593	0.62860845077549	0	4	0	0.0
GC_00001940	3	4	2	0	0.643625192012289	0.926007326007325	0.759415514350096	0	4	0	0.0
GC_00001941	4	4	1	0	0.676175382989963	0.841115075459318	0.749680201467302	0	4	0	0.0
GC_00001942	2	4	3	0	0.761006289308176	0.830138115852401	0.794070387463496	0	4	0	0.0
GC_00001943	4	4	1	0	0.644971924451251	0.944284459501849	0.766442685049224	0	4	0	0.0
GC_00001944	4	4	1	0	0.704530087897228	0.703601038857258	0.7040652568958	0	4	0	0.0
GC_00001945	4	4	1	0	0.65583913379737	0.777272727272728	0.711411141065047	0	4	0	0.0
GC_00001946	4	4	1	0	0.777777777777778	0.871130730773322	0.82181166562136	0	4	0	0.0
GC_00001947	1	4	4	0	0.823486506199854	0.850832138875617	0.836936012707006	0	4	0	0.0
GC_00001948	4	4	1	0	0.728603603603604	0.628578066346307	0.674904847930944	0	4	0	0.0
GC_00001949	4	4	1	0	0.69302870533099	0.83695652173913	0.758222869628551	0	4	0	0.0
GC_00001950	4	4	1	0	0.74330900243309	0.85840835327821	0.796723160275807	0	4	0	0.0
GC_00001951	3	4	2	0	0.726148822020061	0.77411304697832	0.749364212727683	0	4	0	0.0
GC_00001952	4	4	1	0	0.790078644888082	0.840440155882982	0.814481647381859	0	4	0	0.0
GC_00001953	4	4	1	0	0.843529847979236	0.97530415920023	0.904643486867145	0	4	0	0.0
GC_00001954	4	4	1	0	0.704617834394904	0.917490232130545	0.79708620379043	0	4	0	0.0
GC_00001955	4	4	1	0	0.869376693766938	0.891191904047976	0.880149142742512	0	4	0	0.0
GC_00001956	4	4	1	0	0.650208096859629	0.90346178620789	0.756194317721874	0	4	0	0.0
GC_00001957	3	4	2	0	0.815801154016866	0.759010966273536	0.786382088656041	0	4	0	0.0
GC_00001958	4	4	1	0	0.841983852364475	0.976833976833978	0.904409910362102	0	4	0	0.0
GC_00001959	1	4	4	0	0.68530701754386	0.647845426744509	0.66604988669349	0	4	0	0.0
GC_00001960	4	4	1	0	0.690321180555556	0.949586947542339	0.799459398287027	0	4	0	0.0
GC_00001961	3	4	2	0	0.752702702702703	0.804147256728779	0.777575012728585	0	4	0	0.0
GC_00001962	1	4	4	0	0.729672200936569	0.731127894195652	0.730399322263972	0	4	0	0.0
GC_00001963	3	4	2	0	0.836976320582878	0.736565656565656	0.783567292201753	0	4	0	0.0
GC_00001964	2	4	2	0	0.719332048811818	0.698356807511737	0.708689259858932	0	4	0	0.0
GC_00001965	3	4	2	0	0.75462962962963	0.613384440070444	0.676715368771638	0	4	0	0.0
GC_00001966	4	4	1	0	0.636190476190476	0.804414706081768	0.710480541392457	0	4	0	0.0
GC_00001967	3	4	2	0	0.526282051282051	0.639971386301192	0.577585356819785	0	4	0	0.0
GC_00001968	3	4	2	0	0.712707182320442	0.755380222978636	0.733423511919599	0	4	0	0.0
GC_00001969	4	4	1	0	0.746196403872752	0.640546753490917	0.689347095645256	1	3	0	0.25
GC_00001970	4	4	1	0	0.765986394557823	0.894199928724161	0.825142298562285	0	4	0	0.0
GC_00001971	3	4	2	0	0.787583468687962	0.746836926780454	0.76666918541375	0	4	0	0.0
GC_00001972	4	4	1	0	0.754477937964177	0.722399211135132	0.738090189203046	0	4	0	0.0
GC_00001973	2	4	3	0	0.757446808510638	0.97159090909091	0.851257813264721	0	4	0	0.0
GC_00001974	3	4	2	0	0.75998003992016	0.872133397932817	0.812203317740704	0	4	0	0.0
GC_00001975	4	4	1	0	0.604803493449782	0.895668034655722	0.722043899113548	0	4	0	0.0
GC_00001976	4	4	1	0	0.694027360694027	0.89772008510149	0.782840648434178	0	4	0	0.0
GC_00001977	4	4	1	0	0.762716680875249	0.881286034593208	0.817725606998291	0	4	0	0.0
GC_00001978	2	4	2	0	0.725845410628019	0.653772458069974	0.687926344028774	0	4	0	0.0
GC_00001979	4	4	1	0	0.683531746031746	0.833120204603581	0.750948967386304	0	4	0	0.0
GC_00001980	4	4	1	0	0.767313546423135	0.674291970428507	0.717801585948547	0	4	0	0.0
GC_00001981	2	4	3	0	0.743961352657005	0.663276134567622	0.701305664094026	0	4	0	0.0
GC_00001982	4	4	1	0	0.718666666666667	0.88338422141239	0.792557587917323	0	4	0	0.0
GC_00001983	4	4	1	0	0.709509899383317	0.772711587928978	0.739763288680891	0	4	0	0.0
GC_00001984	4	4	1	0	0.717767295597484	0.981579290558164	0.829195784471831	0	4	0	0.0
GC_00001985	4	4	1	0	0.679725085910653	0.904091661493896	0.776016269921504	0	4	0	0.0
GC_00001986	3	4	2	0	0.685275873326804	0.865939428122168	0.765087086622001	0	4	0	0.0
GC_00001987	2	4	3	0	0.726422764227642	0.619077365583339	0.668468001175135	0	4	0	0.0
GC_00001988	2	4	3	0	0.800275482093664	0.549612300643228	0.651670834400902	0	4	0	0.0
GC_00001989	3	4	2	0	0.765482233502538	0.844711924661165	0.803147828449788	0	4	0	0.0
GC_00001990	2	4	3	0	0.80251572327044	0.72086247086247	0.759500785045685	0	4	0	0.0
GC_00001991	4	4	1	0	0.750455373406193	0.867351437136307	0.804680190970708	0	4	0	0.0
GC_00001992	4	4	1	0	0.566666666666667	0.818014375561546	0.669528166196239	0	4	0	0.0
GC_00001993	3	4	2	0	0.837278106508876	0.93422865013774	0.883100436731449	0	4	0	0.0
GC_00001994	4	4	1	0	0.711436170212766	0.778752019769984	0.743573675076605	0	4	0	0.0
GC_00001995	2	4	3	0	0.765113974231913	0.680953525816159	0.72058470076551	0	4	0	0.0
GC_00001996	4	4	1	0	0.679749103942652	0.811305752741521	0.739723768012085	0	4	0	0.0
GC_00001997	4	4	1	0	0.690690690690691	0.733720596672404	0.711555700499679	0	4	0	0.0
GC_00001998	2	4	3	0	0.766283524904215	0.767189136615293	0.766736063349518	0	4	0	0.0
GC_00001999	1	4	4	0	0.701241134751773	0.607662192393737	0.651106489688926	0	4	0	0.0
GC_00002000	3	4	2	0	0.798710400897112	0.726672203765228	0.760990253089442	1	3	0	0.25
GC_00002001	3	4	2	0	0.600668337510443	0.650621839551728	0.624647976745213	0	4	0	0.0
GC_00002002	3	4	2	0	0.814516129032258	0.661069237211368	0.729814171966802	0	4	0	0.0
GC_00002003	1	4	4	0	0.677287581699346	0.783873343151694	0.726692962988888	0	4	0	0.0
GC_00002004	4	4	1	0	0.75975975975976	0.694653465346534	0.725749382414198	0	4	0	0.0
GC_00002005	4	4	1	0	0.673113386423967	0.935203331700148	0.782803380082858	0	4	0	0.0
GC_00002006	4	4	1	0	0.772839506172839	0.855300632911393	0.811981847140445	0	4	0	0.0
GC_00002007	3	4	2	0	0.636302294197031	0.732604914111765	0.681066159575923	1	3	0	0.25
GC_00002008	2	4	3	0	0.49609035621199	0.671271872928017	0.570536709588896	0	4	0	0.0
GC_00002009	4	4	1	0	0.716783216783217	0.966905681191397	0.823265824611723	0	4	0	0.0
GC_00002010	1	4	4	0	0.771153846153846	0.649017565084913	0.704833779325378	0	4	0	0.0
GC_00002011	4	4	1	0	0.723374827109267	0.720750740487582	0.722060399715367	0	4	0	0.0
GC_00002012	4	4	1	0	0.699497991967871	0.984685139018405	0.817945821676314	0	4	0	0.0
GC_00002013	4	4	1	0	0.716343327454439	0.790822837485433	0.751742808469796	0	4	0	0.0
GC_00002014	4	4	1	0	0.741293532338308	0.806370631194574	0.772463881579561	0	4	0	0.0
GC_00002015	4	4	1	0	0.718985334918747	0.876287605756206	0.789881056270166	0	4	0	0.0
GC_00002016	4	4	1	0	0.785673021374928	0.67742453436095	0.727544350789622	0	4	0	0.0
GC_00002017	4	4	1	0	0.727858928806422	0.934113448852945	0.818187863294474	0	4	0	0.0
GC_00002018	4	4	1	0	0.666666666666667	0.969268106457242	0.789981053345112	0	4	0	0.0
GC_00002019	2	4	3	0	0.884703196347032	0.581955922865014	0.702083065311549	0	4	0	0.0
GC_00002020	1	4	4	0	0.741007194244604	0.67969588550984	0.709028576397964	1	3	0	0.25
GC_00002021	2	4	3	0	0.864823348694316	0.729123376623376	0.791196983145163	0	4	0	0.0
GC_00002022	4	4	1	0	0.701320132013201	0.654116317909422	0.676896275667388	1	3	0	0.25
GC_00002023	4	4	1	0	0.82954889494399	0.872263174059935	0.850369985406523	0	4	0	0.0
GC_00002024	4	4	1	0	0.634560906515581	0.678163944225696	0.655638273277199	0	4	0	0.0
GC_00002025	4	4	1	0	0.794685990338164	0.854368678969869	0.823447314874016	0	4	0	0.0
GC_00002026	2	4	3	0	0.615111111111111	0.752508361204013	0.676907960950627	0	4	0	0.0
GC_00002027	4	4	1	0	0.684565171615077	0.751663407081449	0.716546929782564	0	4	0	0.0
GC_00002028	2	4	3	0	0.68	0.627011156782149	0.652431441613054	0	4	0	0.0
GC_00002029	4	4	1	0	0.734426229508197	0.938195864576233	0.823898780002753	0	4	0	0.0
GC_00002030	1	4	4	0	0.762666666666667	0.738451935081148	0.750363995444651	0	4	0	0.0
GC_00002031	3	4	2	0	0.847122302158273	0.686743015790387	0.758548117256459	0	4	0	0.0
GC_00002032	4	4	1	0	0.686666666666667	0.803529500871015	0.740515827313022	0	4	0	0.0
GC_00002033	4	4	1	0	0.893447293447293	0.677015596087761	0.77031779098619	0	4	0	0.0
GC_00002034	4	4	1	0	0.590834697217676	0.623036020325644	0.606508243595836	0	4	0	0.0
GC_00002035	4	4	1	0	0.677826297913634	0.774233935998641	0.722829687502847	0	4	0	0.0
GC_00002036	1	4	4	0	0.632941176470588	0.672499143542309	0.652120809452135	0	4	0	0.0
GC_00002037	4	4	1	0	0.788812785388128	0.700197044334977	0.741868011663989	0	4	0	0.0
GC_00002038	4	4	1	0	0.647435897435897	0.890772128060263	0.749856771753035	0	4	0	0.0
GC_00002039	4	4	1	0	0.650946766702394	0.844422004778701	0.735168186237595	0	4	0	0.0
GC_00002040	2	4	3	0	0.874843240531728	0.683125833092853	0.7671885503138	1	3	0	0.25
GC_00002041	4	4	1	0	0.814707023670935	0.872970862428691	0.842833219465132	0	4	0	0.0
GC_00002042	4	4	1	0	0.702886247877759	0.687499005331426	0.695107482133794	0	4	0	0.0
GC_00002043	4	4	1	0	0.806984126984127	0.824371389738362	0.815585100169028	0	4	0	0.0
GC_00002044	3	4	2	0	0.751446759259259	0.913021891220942	0.824392025758851	0	4	0	0.0
GC_00002045	4	4	1	0	0.714567483798253	0.877951476875496	0.78787831507195	0	4	0	0.0
GC_00002046	3	4	2	0	0.670705782312925	0.766833310188398	0.715555546136282	0	4	0	0.0
GC_00002047	4	4	1	0	0.785218253968254	0.944416749750748	0.857491054081526	0	4	0	0.0
GC_00002048	4	4	1	0	0.821219715956558	0.839994122832795	0.830500828792334	0	4	0	0.0
GC_00002049	4	4	1	0	0.7085346215781	0.869753086419753	0.780909806025864	0	4	0	0.0
GC_00002050	4	4	1	0	0.891067538126362	0.691254565551712	0.778545028869911	0	4	0	0.0
GC_00002051	4	4	1	0	0.710570469798658	0.937318719940806	0.808344404862218	0	4	0	0.0
GC_00002052	1	4	4	0	0.800371402042711	0.796170074651088	0.798265210412891	0	4	0	0.0
GC_00002053	4	4	1	0	0.606135986733002	0.671631347461016	0.637205097704092	0	4	0	0.0
GC_00002054	4	4	1	0	0.826498422712934	0.969873448047465	0.892464292154686	0	4	0	0.0
GC_00002055	4	4	1	0	0.612640163098879	0.917495868640345	0.734699146934623	0	4	0	0.0
GC_00002056	4	4	1	0	0.641952983725136	0.63454398708636	0.63822698389323	0	4	0	0.0
GC_00002057	4	4	1	0	0.717661691542289	0.739533506985555	0.728433456425932	0	4	0	0.0
GC_00002058	1	4	4	0	0.758092738407699	0.718031131471356	0.737518304292036	0	4	0	0.0
GC_00002059	4	4	1	0	0.659836065573771	0.792045189843932	0.719921109075678	0	4	0	0.0
GC_00002060	3	4	2	0	0.610508556278621	0.725842292224151	0.663198486248145	0	4	0	0.0
GC_00002061	4	4	1	0	0.838718820861678	0.961789998554707	0.896048233483058	0	4	0	0.0
GC_00002062	4	4	1	0	0.693355119825708	0.958444060589956	0.804628194947233	0	4	0	0.0
GC_00002063	4	4	1	0	0.66232073011734	0.854362728012084	0.746183579400151	0	4	0	0.0
GC_00002064	4	4	1	0	0.764444444444444	0.889215686274511	0.822122972741526	0	4	0	0.0
GC_00002065	4	4	1	0	0.662882228277324	0.954582656926408	0.782429200765694	0	4	0	0.0
GC_00002066	3	4	2	0	0.76574427480916	0.649335122552848	0.702751596064891	0	4	0	0.0
GC_00002067	4	4	1	0	0.709291187739464	0.852183967112024	0.774199418194271	0	4	0	0.0
GC_00002068	3	4	2	0	0.828098615332658	0.638971269694162	0.721344264607289	0	4	0	0.0
GC_00002069	3	4	2	0	0.796610169491525	0.567369527578531	0.662725899072449	0	4	0	0.0
GC_00002070	3	4	2	0	0.822589531680441	0.659019363269185	0.731775344016644	1	3	0	0.25
GC_00002071	3	4	2	0	0.687017001545595	0.689284911807664	0.688149088112433	0	4	0	0.0
GC_00002072	3	4	2	0	0.758082497212932	0.615038856600379	0.679109957761232	1	3	0	0.25
GC_00002073	3	4	2	0	0.655930470347648	0.682583104837343	0.668991432448398	0	4	0	0.0
GC_00002074	3	4	2	0	0.664658634538153	0.881010605012678	0.757692901893454	0	4	0	0.0
GC_00002075	4	4	1	0	0.693200663349917	0.954496432719431	0.803130092180962	0	4	0	0.0
GC_00002076	4	4	1	0	0.660043352601156	0.905293822366278	0.763456179485656	0	4	0	0.0
GC_00002077	3	4	2	0	0.853619729514718	0.944526718499321	0.896775279739083	0	4	0	0.0
GC_00002078	4	4	1	0	0.737191078963231	0.991071658801992	0.845483929633122	0	4	0	0.0
GC_00002079	2	4	3	0	0.745583038869258	0.996478873239436	0.852963653375043	0	4	0	0.0
GC_00002080	1	4	4	0	0.655381944444444	0.932331628303495	0.769702200589055	0	4	0	0.0
GC_00002081	4	4	1	0	0.726101413133832	0.986517698510316	0.836510453608337	0	4	0	0.0
GC_00002082	4	4	1	0	0.688904830224773	0.946161716719209	0.797295226961741	0	4	0	0.0
GC_00002083	4	4	1	0	0.768901766004415	0.979869641762115	0.861660357275912	0	4	0	0.0
GC_00002084	3	4	2	0	0.743410852713178	0.595851710917006	0.661502293176523	0	4	0	0.0
GC_00002085	4	4	1	0	0.619270346117867	0.896059463986599	0.732385848552556	0	4	0	0.0
GC_00002086	4	4	1	0	0.652930402930403	0.95873015873016	0.77681874674185	0	4	0	0.0
GC_00002087	4	4	1	0	0.75116144018583	0.807199378748201	0.778172860213927	0	4	0	0.0
GC_00002088	2	4	2	0	0.906057661159702	0.793335062240665	0.84595785436986	0	4	0	0.0
GC_00002089	4	4	1	0	0.684237726098191	0.960706241956242	0.799238718412961	0	4	0	0.0
GC_00002090	4	4	1	0	0.793518518518519	0.96853516657853	0.872335045199434	0	4	0	0.0
GC_00002091	3	4	2	0	0.593939393939394	0.64265999654994	0.617339927215914	0	4	0	0.0
GC_00002092	4	4	1	0	0.803772949300994	0.965188100587082	0.877116074758332	0	4	0	0.0
GC_00002093	4	4	1	0	0.660092807424594	0.71364263755568	0.685824004677677	0	4	0	0.0
GC_00002094	4	4	1	0	0.763485477178423	0.713261217948718	0.737519282264662	0	4	0	0.0
GC_00002095	4	4	1	0	0.712820512820513	0.736059155070078	0.724253471162529	0	4	0	0.0
GC_00002096	4	4	1	0	0.756422160321882	0.956109910114915	0.84462385983793	0	4	0	0.0
GC_00002097	4	4	1	0	0.668558456299659	0.813406322155562	0.733903643312718	0	4	0	0.0
GC_00002098	2	4	3	0	0.864709268854347	0.636259706643659	0.733099317460277	0	4	0	0.0
GC_00002099	1	4	4	0	0.796019900497512	0.519311338046609	0.628559784068757	0	4	0	0.0
GC_00002100	3	4	2	0	0.830610021786492	0.779809788737687	0.804408665839627	0	4	0	0.0
GC_00002101	1	4	4	0	0.622076023391813	0.687656529516995	0.653224413474789	0	4	0	0.0
GC_00002102	4	4	1	0	0.643776824034335	0.79359477124183	0.710877998534763	0	4	0	0.0
GC_00002103	4	4	1	0	0.746150024838549	0.948935245545415	0.835412907426777	0	4	0	0.0
GC_00002104	4	4	1	0	0.749249249249249	0.833093419506461	0.788949993506207	0	4	0	0.0
GC_00002105	4	4	1	0	0.660888888888889	0.73097014925373	0.69416519419367	0	4	0	0.0
GC_00002106	3	4	2	0	0.783427495291902	0.919875776397516	0.846186333885237	0	4	0	0.0
GC_00002107	4	4	1	0	0.658764367816092	0.658269443224321	0.658516812527016	0	4	0	0.0
GC_00002108	2	4	3	0	0.689081706435286	0.569817048158176	0.623799971948582	2	2	0	0.5
GC_00002109	3	4	2	0	0.635049683830172	0.619463582677165	0.62715981221732	0	4	0	0.0
GC_00002110	4	4	1	0	0.722943722943723	0.853005464480875	0.782607651444534	0	4	0	0.0
GC_00002111	3	4	2	0	0.761711711711712	0.636510754776306	0.693505802065052	0	4	0	0.0
GC_00002112	3	4	2	0	0.833785004516712	0.831491228070176	0.832636536552412	0	4	0	0.0
GC_00002113	1	4	4	0	0.600276625172891	0.611341419061631	0.605758498908077	0	4	0	0.0
GC_00002114	3	4	2	0	0.672477064220183	0.689510775523046	0.680887403751469	0	4	0	0.0
GC_00002115	3	4	2	0	0.730560578661845	0.672290182372183	0.700215187965508	0	4	0	0.0
GC_00002116	3	4	2	0	0.685430463576159	0.679343434343434	0.682373374577645	0	4	0	0.0
GC_00002117	4	4	1	0	0.792091836734694	0.961333749366904	0.868545116812228	0	4	0	0.0
GC_00002118	3	4	2	0	0.846542346542347	0.812197159565581	0.829014184303076	0	4	0	0.0
GC_00002119	4	4	1	0	0.73448275862069	0.71510100636377	0.724662310014384	0	4	0	0.0
GC_00002120	1	4	4	0	0.72830494728305	0.858719135802469	0.788153628665334	0	4	0	0.0
GC_00002121	3	4	2	0	0.747579529737206	0.580626858982193	0.653610399524137	0	4	0	0.0
GC_00002122	3	4	2	0	0.716461628588166	0.826508569529507	0.767560742896508	0	4	0	0.0
GC_00002123	4	4	1	0	0.639069264069264	0.846085759244688	0.728149445696869	0	4	0	0.0
GC_00002124	4	4	1	0	0.685434516523868	0.972901678657073	0.804252350848326	0	4	0	0.0
GC_00002125	4	4	1	0	0.734633569739953	0.809609489537518	0.77030141831762	0	4	0	0.0
GC_00002126	3	4	2	0	0.730978260869565	0.674416920179633	0.701559410565047	0	4	0	0.0
GC_00002127	4	4	1	0	0.888563049853372	0.783771929824562	0.832884302268793	0	4	0	0.0
GC_00002128	4	4	1	0	0.784060846560847	0.971568759241835	0.867801524131783	0	4	0	0.0
GC_00002129	2	3	2	0	0.844272844272844	0.935879357618487	0.887719068418214	0	3	0	0.0
GC_00002130	3	3	1	0	0.667495854063018	0.837839884874651	0.743029790705876	0	3	0	0.0
GC_00002131	2	3	2	0	0.688282138794084	0.721333562664833	0.704420370432966	0	3	0	0.0
GC_00002132	3	3	1	0	0.769273433166944	0.959038768249295	0.853738167429222	0	3	0	0.0
GC_00002133	3	3	1	0	0.833333333333333	0.912341192184636	0.871049345919672	0	3	0	0.0
GC_00002134	3	3	1	0	0.905138339920949	0.631549413735344	0.743989254246787	0	3	0	0.0
GC_00002135	3	3	1	0	0.730245231607629	0.807447329740323	0.766908258696792	0	3	0	0.0
GC_00002136	2	3	2	0	0.672633744855967	0.921281971050767	0.777563501095969	0	3	0	0.0
GC_00002137	3	3	1	0	0.611295681063123	0.577838709758972	0.5940965299684	0	3	0	0.0
GC_00002138	3	3	1	0	0.780982905982906	0.779732036183651	0.780356969814529	0	3	0	0.0
GC_00002139	2	3	2	0	0.676684881602914	0.639460689119459	0.657546384430747	0	3	0	0.0
GC_00002140	2	3	2	0	0.801864801864802	0.714878587196469	0.755877336685763	0	3	0	0.0
GC_00002141	2	3	2	0	0.901875901875902	1.0	0.948406676783004	0	3	0	0.0
GC_00002142	2	3	2	0	0.486111111111111	0.594332380979681	0.534801822033775	0	3	0	0.0
GC_00002143	2	3	2	0	0.833333333333333	0.896362552176505	0.863699566771239	1	2	0	0.333333333333333
GC_00002144	1	3	3	0	0.867355727820844	0.88705619233995	0.877095350850658	0	3	0	0.0
GC_00002145	2	3	2	0	0.858039215686275	0.591946211683054	0.700576783205997	0	3	0	0.0
GC_00002146	2	3	2	0	0.624242424242424	0.5998920241178	0.611825035919246	0	3	0	0.0
GC_00002147	3	3	1	0	0.879432624113475	0.749621845394475	0.809355265802955	0	3	0	0.0
GC_00002148	3	3	1	0	0.792483660130719	0.542836067933218	0.644323160851386	0	3	0	0.0
GC_00002149	2	3	2	0	0.852459016393443	0.968595323434033	0.906823919132571	0	3	0	0.0
GC_00002150	3	3	1	0	0.711183496199783	0.895234055446143	0.79266525047235	0	3	0	0.0
GC_00002151	3	3	1	0	0.792095180479935	0.957414452495973	0.86694392445719	0	3	0	0.0
GC_00002152	3	3	1	0	0.611111111111111	0.669278809601395	0.638873690525507	0	3	0	0.0
GC_00002153	3	3	1	0	0.85297845373891	0.985103847463399	0.91429241882363	0	3	0	0.0
GC_00002154	3	3	1	0	0.695833333333333	0.612014885699096	0.651238196861529	0	3	0	0.0
GC_00002155	1	3	3	0	0.574712643678161	0.688342888342887	0.626416418102525	0	3	0	0.0
GC_00002156	3	3	1	0	0.774955908289242	0.937202675333242	0.848391915867205	0	3	0	0.0
GC_00002157	3	3	1	0	0.773946360153257	0.911513157894737	0.83711567466356	0	3	0	0.0
GC_00002158	3	3	1	0	0.70671834625323	0.887158987306262	0.786724949494829	0	3	0	0.0
GC_00002159	3	3	1	0	0.89041095890411	0.669493644341203	0.764308889912687	0	3	0	0.0
GC_00002160	3	3	1	0	0.698765432098765	0.75884145935657	0.727565413349995	0	3	0	0.0
GC_00002161	3	3	1	0	0.584144645340751	0.680969892863229	0.628852020179984	0	3	0	0.0
GC_00002162	3	3	1	0	0.67953431372549	0.868201308959601	0.762368678490349	0	3	0	0.0
GC_00002163	3	3	1	0	0.888888888888889	0.844953906404699	0.866364748943946	0	3	0	0.0
GC_00002164	3	3	1	0	0.672862453531598	0.817279052383415	0.738072708160707	0	3	0	0.0
GC_00002165	3	3	1	0	0.623052959501558	0.89873417721519	0.73592288357389	0	3	0	0.0
GC_00002166	3	3	1	0	0.660391288298265	0.810215119908504	0.727671257039538	0	3	0	0.0
GC_00002167	3	3	1	0	0.701779701779702	0.863869527584163	0.774434130039342	0	3	0	0.0
GC_00002168	2	3	2	0	0.72069825436409	0.602755790090882	0.656471673567244	0	3	0	0.0
GC_00002169	2	3	2	0	0.65980024968789	0.598213375830709	0.627499300060486	0	3	0	0.0
GC_00002170	2	3	2	0	0.709713024282561	0.812257751937984	0.757530847019793	0	3	0	0.0
GC_00002171	3	3	1	0	0.735555555555556	0.962223052028878	0.833758310349384	0	3	0	0.0
GC_00002172	1	3	3	0	0.732124874118832	0.634983473928271	0.680102929049273	0	3	0	0.0
GC_00002173	1	3	3	0	0.781746031746032	0.660974992086102	0.716305603940234	0	3	0	0.0
GC_00002174	2	3	2	0	0.580993520518359	0.602410498979782	0.591508209931401	0	3	0	0.0
GC_00002175	3	3	1	0	0.714666666666667	0.899563659030701	0.796525937370437	0	3	0	0.0
GC_00002176	2	3	2	0	0.540996168582375	0.641672107147802	0.587049062830091	0	3	0	0.0
GC_00002177	3	3	1	0	0.844057971014493	0.70934234587252	0.770858682984765	0	3	0	0.0
GC_00002178	2	3	2	0	0.577777777777778	0.814629858227658	0.676059247345818	0	3	0	0.0
GC_00002179	3	3	1	0	0.713652482269504	0.964619359968198	0.820371269255941	0	3	0	0.0
GC_00002180	1	3	3	0	0.794612794612795	0.665022879736995	0.724065187273063	0	3	0	0.0
GC_00002181	1	3	3	0	0.704385964912281	0.743679653679654	0.723499686363856	0	3	0	0.0
GC_00002182	3	3	1	0	0.693558474046279	0.840160436934631	0.759852912319851	0	3	0	0.0
GC_00002183	3	3	1	0	0.687853107344633	0.836851322702554	0.755071961965249	0	3	0	0.0
GC_00002184	1	3	3	0	0.625	0.73829765309014	0.676940992505072	0	3	0	0.0
GC_00002185	2	3	2	0	0.714060031595577	0.545413155090574	0.618445456201153	0	3	0	0.0
GC_00002186	3	3	1	0	0.778420038535645	0.988615216201423	0.871015892444032	0	3	0	0.0
GC_00002187	1	3	3	0	0.800557880055788	0.674152104088409	0.731937513256022	0	3	0	0.0
GC_00002188	2	3	2	0	0.726495726495726	0.600726724256135	0.657652223584113	0	3	0	0.0
GC_00002189	2	3	2	0	0.643347907557776	0.746557126860278	0.691120549310051	0	3	0	0.0
GC_00002190	3	3	1	0	0.699851851851852	0.679999072528287	0.689782645006015	0	3	0	0.0
GC_00002191	3	3	1	0	0.685232067510549	0.751325341534347	0.71675829160902	0	3	0	0.0
GC_00002192	3	3	1	0	0.527653213751868	0.710624338624338	0.605620630570082	0	3	0	0.0
GC_00002193	1	3	3	0	0.724896836313618	0.75531391958777	0.739792855240256	0	3	0	0.0
GC_00002194	3	3	1	0	0.717698154180239	0.928369669546138	0.809552545315943	0	3	0	0.0
GC_00002195	3	3	1	0	0.626262626262626	0.609379658296068	0.617705803636877	0	3	0	0.0
GC_00002196	3	3	1	0	0.707317073170732	0.627163751127971	0.664833275636968	0	3	0	0.0
GC_00002197	3	3	1	0	0.647852760736196	0.995115995115996	0.784785033059562	0	3	0	0.0
GC_00002198	3	3	1	0	0.710382513661202	0.88034188034188	0.786282627205731	0	3	0	0.0
GC_00002199	3	3	1	0	0.720043572984749	0.674483323102109	0.696519204108374	0	3	0	0.0
GC_00002200	3	3	1	0	0.700294985250737	0.683959595959597	0.692030904814968	0	3	0	0.0
GC_00002201	3	3	1	0	0.746996996996997	0.93539112726111	0.830645857524476	0	3	0	0.0
GC_00002202	3	3	1	0	0.807784145176695	0.885679358471509	0.844940256394418	0	3	0	0.0
GC_00002203	3	3	1	0	0.809610705596107	0.798437518467303	0.803985294753483	0	3	0	0.0
GC_00002204	3	3	1	0	0.817283950617284	0.606256381694979	0.696128658207802	0	3	0	0.0
GC_00002205	3	3	1	0	0.709832134292566	0.786884308951452	0.746374867444782	0	3	0	0.0
GC_00002206	3	3	1	0	0.776143790849673	0.701392123376288	0.736877034619574	0	3	0	0.0
GC_00002207	2	3	2	0	0.744791666666667	0.649294045426642	0.693771968330285	0	3	0	0.0
GC_00002208	1	3	3	0	0.954484605087015	0.593406593406594	0.731831098354892	0	3	0	0.0
GC_00002209	3	3	1	0	0.677083333333333	0.759242931875625	0.715813318430592	0	3	0	0.0
GC_00002210	2	3	2	0	0.687321937321937	0.8324056213833	0.752938434326057	0	3	0	0.0
GC_00002211	2	3	2	0	0.707482993197279	0.544262170577959	0.615231024121908	0	3	0	0.0
GC_00002212	3	3	1	0	0.72192513368984	0.909446736485771	0.804908394982443	0	3	0	0.0
GC_00002213	3	3	1	0	0.930412371134021	0.994881694881696	0.9615676410911	0	3	0	0.0
GC_00002214	1	3	3	0	0.674774774774775	0.574973881980252	0.620889439836626	0	3	0	0.0
GC_00002215	3	3	1	0	0.855555555555556	0.790048407069682	0.821498148008795	0	3	0	0.0
GC_00002216	2	3	2	0	0.659844054580897	0.58864356846008	0.62221355141607	0	3	0	0.0
GC_00002217	2	3	2	0	0.552053486150907	0.560147175089703	0.556070880988183	0	3	0	0.0
GC_00002218	3	3	1	0	0.783902012248469	1.0	0.878862187346739	0	3	0	0.0
GC_00002219	3	3	1	0	0.554559043348281	0.671961222967934	0.607641281126888	0	3	0	0.0
GC_00002220	3	3	1	0	0.680454176804542	0.715715874781505	0.697639740728068	0	3	0	0.0
GC_00002221	1	3	3	0	0.824691358024691	0.518385460693152	0.636609914788654	0	3	0	0.0
GC_00002222	3	3	1	0	0.800557880055788	0.989693181891471	0.885134708132959	0	3	0	0.0
GC_00002223	2	3	2	0	0.792843691148776	0.620526908988447	0.696180952018918	0	3	0	0.0
GC_00002224	1	3	3	0	0.71810287241149	0.681460013275238	0.699301757671868	0	3	0	0.0
GC_00002225	3	3	1	0	0.803977272727273	0.679456212064906	0.736490524062932	0	3	0	0.0
GC_00002226	3	3	1	0	0.640901771336554	0.793018775775994	0.708891631578089	0	3	0	0.0
GC_00002227	1	3	3	0	0.76980056980057	0.691120706084924	0.728341933445627	0	3	0	0.0
GC_00002228	2	3	2	0	0.80773249738767	0.825168983063719	0.816357644887007	0	3	0	0.0
GC_00002229	3	3	1	0	0.840341255332115	0.8482151665046	0.844259852492085	0	3	0	0.0
GC_00002230	3	3	1	0	0.620689655172414	0.704522500280552	0.659954447234713	0	3	0	0.0
GC_00002231	2	3	2	0	0.808049535603715	0.769608299940981	0.78836058789562	0	3	0	0.0
GC_00002232	2	3	2	0	0.816017316017316	0.665999443981096	0.733415563730954	0	3	0	0.0
GC_00002233	3	3	1	0	0.701682582992269	0.636060792171124	0.667262178796034	0	3	0	0.0
GC_00002234	2	3	2	0	0.737352737352737	0.818506477513421	0.775813114668458	0	3	0	0.0
GC_00002235	3	3	1	0	0.658119658119658	0.615519848106607	0.636107328677381	0	3	0	0.0
GC_00002236	2	3	2	0	0.671957671957672	0.904061284046694	0.770918285494781	0	3	0	0.0
GC_00002237	3	3	1	0	0.880520688052069	1.0	0.936464771322621	0	3	0	0.0
GC_00002238	3	3	1	0	0.676116838487973	0.860927152317882	0.757411431130787	0	3	0	0.0
GC_00002239	3	3	1	0	0.840401785714286	0.88645686058892	0.862815181998172	0	3	0	0.0
GC_00002240	3	3	1	0	0.742642026009583	0.6703093212385	0.704624222691321	0	3	0	0.0
GC_00002241	3	3	1	0	0.770698924731183	0.835564287069304	0.801821884305319	0	3	0	0.0
GC_00002242	2	3	2	0	0.797814207650273	0.644506287363431	0.713012502777462	1	2	0	0.333333333333333
GC_00002243	3	3	1	0	0.696707818930041	0.858651577584563	0.769248919806378	0	3	0	0.0
GC_00002244	3	3	1	0	0.66320987654321	0.883453048242458	0.757650264536854	0	3	0	0.0
GC_00002245	2	3	2	0	0.790055248618785	0.624183006535947	0.697391770608587	0	3	0	0.0
GC_00002246	3	3	1	0	0.692570452604611	0.95767893562011	0.803830183031709	0	3	0	0.0
GC_00002247	3	3	1	0	0.667325428194993	0.783329100653137	0.720689064302614	0	3	0	0.0
GC_00002248	1	3	3	0	0.834757834757835	0.653100648643941	0.732839701386755	0	3	0	0.0
GC_00002249	3	3	1	0	0.700075930144267	0.898626496448261	0.787021736989763	0	3	0	0.0
GC_00002250	3	3	1	0	0.820952380952381	0.969523809523808	0.889073961499493	0	3	0	0.0
GC_00002251	3	3	1	0	0.843028624192059	0.855346531402869	0.849142908385775	0	3	0	0.0
GC_00002252	1	3	3	0	0.902654867256637	0.629811420982736	0.741944340266081	0	3	0	0.0
GC_00002253	2	3	2	0	0.83651804670913	0.591914838035526	0.693273655933986	0	3	0	0.0
GC_00002254	2	3	2	0	0.776190476190476	0.569264561084602	0.656815305610665	0	3	0	0.0
GC_00002255	3	3	1	0	0.818707482993197	0.956211806806036	0.882133363536884	0	3	0	0.0
GC_00002256	2	3	2	0	0.652254765225477	0.626508859357699	0.639122635514813	0	3	0	0.0
GC_00002257	2	3	2	0	0.74585635359116	0.837285466855614	0.788930817388885	0	3	0	0.0
GC_00002258	3	3	1	0	0.578358208955224	0.712564430874291	0.638485181513401	0	3	0	0.0
GC_00002259	2	3	2	0	0.628056628056628	0.58430790797711	0.605392921887174	0	3	0	0.0
GC_00002260	3	3	1	0	0.72005772005772	0.897726961556747	0.799136296095728	0	3	0	0.0
GC_00002261	2	3	2	0	0.805167958656331	0.66700736488054	0.729604619508693	0	3	0	0.0
GC_00002262	2	3	2	0	0.735973597359736	0.674755485064762	0.704036271553797	0	3	0	0.0
GC_00002263	3	3	1	0	0.80952380952381	0.731265713535218	0.768407361726976	0	3	0	0.0
GC_00002264	3	3	1	0	0.735368956743003	0.970536828963796	0.836743343478449	0	3	0	0.0
GC_00002265	3	3	1	0	0.860371267150928	0.963623231228864	0.909074825877923	0	3	0	0.0
GC_00002266	1	3	3	0	0.992481203007519	0.610883915139235	0.756272911432813	1	2	0	0.333333333333333
GC_00002267	3	3	1	0	0.676959619952494	0.695698445698443	0.686201126393735	0	3	0	0.0
GC_00002268	3	3	1	0	0.788659793814433	0.766208905534749	0.777272264482202	0	3	0	0.0
GC_00002269	2	3	2	0	0.704236610711431	0.657687395618429	0.680166500106131	0	3	0	0.0
GC_00002270	2	3	2	0	0.698412698412698	0.589315818281336	0.639242892469001	0	3	0	0.0
GC_00002271	2	3	2	0	0.726122707147375	0.58973088501986	0.650858103466901	0	3	0	0.0
GC_00002272	2	3	2	0	0.911196911196911	0.513713958090587	0.657015932631554	0	3	0	0.0
GC_00002273	3	3	1	0	0.729989868287741	0.966551011656464	0.83177771197083	0	3	0	0.0
GC_00002274	3	3	1	0	0.836206896551724	0.944695372879654	0.887146700301185	0	3	0	0.0
GC_00002275	2	3	2	0	0.63023679417122	0.901594966344747	0.741880846025323	0	3	0	0.0
GC_00002276	3	3	1	0	0.822321428571429	0.963136116216912	0.887175916680918	0	3	0	0.0
GC_00002277	2	3	2	0	0.668908819133034	0.60758025179619	0.636771278365415	0	3	0	0.0
GC_00002278	3	3	1	0	0.771929824561403	0.691661581930226	0.729594613943664	0	3	0	0.0
GC_00002279	2	3	2	0	0.675175730669626	0.753232029760805	0.71207116083473	1	2	0	0.333333333333333
GC_00002280	2	3	2	0	0.626262626262626	0.564620900558897	0.593846434286563	0	3	0	0.0
GC_00002281	2	3	2	0	0.68640350877193	0.59854778790949	0.639472177427768	0	3	0	0.0
GC_00002282	3	3	1	0	0.792	0.668789808917197	0.72519882796149	0	3	0	0.0
GC_00002283	2	3	2	0	0.855952380952381	0.569066425938463	0.683631345560762	0	3	0	0.0
GC_00002284	3	3	1	0	0.834697217675941	0.993511876295235	0.907206513310027	0	3	0	0.0
GC_00002285	3	3	1	0	0.750856583455702	0.695339030572191	0.72203218399301	0	3	0	0.0
GC_00002286	3	3	1	0	0.649612403100775	0.930161532103277	0.764975867339476	0	3	0	0.0
GC_00002287	2	3	2	0	0.8	0.638755980861243	0.710342534087129	0	3	0	0.0
GC_00002288	2	3	2	0	0.663056558363418	0.607622520010433	0.634130369751298	0	3	0	0.0
GC_00002289	3	3	1	0	0.746368715083799	0.960114787539329	0.839855339014013	0	3	0	0.0
GC_00002290	3	3	1	0	0.664549304295221	0.806106246881098	0.728515042321613	0	3	0	0.0
GC_00002291	3	3	1	0	0.68640350877193	0.690626288219265	0.688508423738733	0	3	0	0.0
GC_00002292	3	3	1	0	0.8275	0.863166203930536	0.844956895798771	0	3	0	0.0
GC_00002293	3	3	1	0	0.621103117505995	0.92452736318408	0.743032483723866	0	3	0	0.0
GC_00002294	3	3	1	0	0.588203463203463	0.671600207649414	0.627141477941738	0	3	0	0.0
GC_00002295	3	3	1	0	0.735267857142857	0.94211207850387	0.825936586492989	0	3	0	0.0
GC_00002296	3	3	1	0	0.749575757575758	0.729982865785333	0.739649583326883	0	3	0	0.0
GC_00002297	2	3	2	0	0.580188679245283	0.637554064131245	0.607520188361156	0	3	0	0.0
GC_00002298	3	3	1	0	0.70380687093779	0.600861472678111	0.648272697075808	0	3	0	0.0
GC_00002299	3	3	1	0	0.783929257977701	1.0	0.878879310344828	0	3	0	0.0
GC_00002300	3	3	1	0	0.807519640852974	1.0	0.893511331884508	0	3	0	0.0
GC_00002301	2	3	2	0	0.744242424242424	0.632912034922086	0.684077205818131	0	3	0	0.0
GC_00002302	1	3	3	0	0.696907216494845	0.736014908055272	0.715927393517705	0	3	0	0.0
GC_00002303	2	3	2	0	0.687203791469194	0.579081323475943	0.628526508548445	0	3	0	0.0
GC_00002304	2	3	2	0	0.810353935552034	0.864382500967866	0.836496712207643	0	3	0	0.0
GC_00002305	1	3	3	0	0.788079470198676	0.662552649622882	0.719884985254233	0	3	0	0.0
GC_00002306	2	3	2	0	0.764044943820225	0.673653868326991	0.716007869842309	0	3	0	0.0
GC_00002307	3	3	1	0	0.633652822151225	0.734555277840895	0.680383378570322	0	3	0	0.0
GC_00002308	3	3	1	0	0.674778761061947	0.676825138832451	0.67580040080178	0	3	0	0.0
GC_00002309	3	3	1	0	0.715873015873016	0.752871287128713	0.733906150688772	0	3	0	0.0
GC_00002310	3	3	1	0	0.524324324324324	0.631140026094009	0.572794941905335	0	3	0	0.0
GC_00002311	1	3	3	0	0.734526472781506	0.607611043502075	0.665068059258943	0	3	0	0.0
GC_00002312	3	3	1	0	0.758580570098895	0.719977553310883	0.738775127202233	0	3	0	0.0
GC_00002313	1	3	3	0	0.972698412698413	0.625158454165224	0.761132800643278	0	3	0	0.0
GC_00002314	3	3	1	0	0.665841584158416	0.902043251304997	0.766150540962156	0	3	0	0.0
GC_00002315	3	3	1	0	0.697272122421823	0.94489385379216	0.802413583572071	0	3	0	0.0
GC_00002316	3	3	1	0	0.842925659472422	0.749200984387235	0.793304648568729	0	3	0	0.0
GC_00002317	3	3	1	0	0.690277777777778	0.772954349698537	0.729280338798753	0	3	0	0.0
GC_00002318	3	3	1	0	0.712280701754386	0.950921273031825	0.814480600596144	0	3	0	0.0
GC_00002319	1	3	3	0	0.719791666666667	0.639554652824796	0.677305117732468	0	3	0	0.0
GC_00002320	2	3	2	0	0.615993665874901	0.729518794517974	0.667966993673996	0	3	0	0.0
GC_00002321	3	3	1	0	0.607235142118863	0.706747563890423	0.653223144320635	0	3	0	0.0
GC_00002322	2	3	2	0	0.64638783269962	0.645552835577315	0.645970064304019	0	3	0	0.0
GC_00002323	3	3	1	0	0.735381988903116	0.926440523964567	0.819928325483882	0	3	0	0.0
GC_00002324	1	3	3	0	0.770459081836327	0.722939376553835	0.745943194401604	0	3	0	0.0
GC_00002325	3	3	1	0	0.657718120805369	0.727549467275495	0.69087369476727	0	3	0	0.0
GC_00002326	3	3	1	0	0.735151515151515	0.778231204387442	0.756078210299518	0	3	0	0.0
GC_00002327	3	3	1	0	0.795584045584046	0.965720939479146	0.872435130146956	0	3	0	0.0
GC_00002328	2	3	2	0	0.620098039215686	0.510878225163939	0.560214384120466	0	3	0	0.0
GC_00002329	3	3	1	0	0.661375661375661	0.616677878194065	0.638245154711827	0	3	0	0.0
GC_00002330	2	3	2	0	0.691358024691358	0.625208830010119	0.656621637088683	0	3	0	0.0
GC_00002331	1	3	3	0	0.869309838472834	0.840421319394948	0.854621521109164	0	3	0	0.0
GC_00002332	2	3	2	0	0.624142661179698	0.649970073320365	0.6367945948025	0	3	0	0.0
GC_00002333	2	3	2	0	0.752747252747253	0.544896863737444	0.632175820779121	0	3	0	0.0
GC_00002334	3	3	1	0	0.723300970873786	0.609938382031405	0.661800183043163	0	3	0	0.0
GC_00002335	3	3	1	0	0.924509803921569	0.953520391207331	0.938791029235611	0	3	0	0.0
GC_00002336	3	3	1	0	0.633162393162393	0.848819018741897	0.725299625152226	0	3	0	0.0
GC_00002337	3	3	1	0	0.679931536157467	0.726532762161072	0.702460115959552	0	3	0	0.0
GC_00002338	3	3	1	0	0.883495145631068	0.917155022166072	0.90001047884407	0	3	0	0.0
GC_00002339	1	3	3	0	0.809273840769904	0.942804496038327	0.870950801199914	0	3	0	0.0
GC_00002340	1	3	3	0	0.752136752136752	0.857476635514018	0.801359750877758	0	3	0	0.0
GC_00002341	2	3	2	0	0.733870967741935	0.541416330148725	0.62312190643586	0	3	0	0.0
GC_00002342	3	3	1	0	0.706766917293233	0.879629629629628	0.783780225567209	0	3	0	0.0
GC_00002343	3	3	1	0	0.766823161189358	1.0	0.868024800708592	0	3	0	0.0
GC_00002344	2	3	2	0	0.646125116713352	0.638250555967382	0.642163696710405	0	3	0	0.0
GC_00002345	2	3	2	0	0.768072289156627	0.548876426838484	0.640232635493924	0	3	0	0.0
GC_00002346	3	3	1	0	0.905602240896359	0.683109695884757	0.778776387398034	0	3	0	0.0
GC_00002347	3	3	1	0	0.613182674199623	0.946873196471268	0.744340314543366	0	3	0	0.0
GC_00002348	2	3	2	0	0.674846625766871	0.591606573872212	0.630491044237464	0	3	0	0.0
GC_00002349	2	3	2	0	0.695562435500516	0.618859305426473	0.654972863444907	0	3	0	0.0
GC_00002350	3	3	1	0	0.902610441767068	0.598068874188277	0.719438463632796	0	3	0	0.0
GC_00002351	3	3	1	0	0.711551844119694	0.844451921135861	0.772326308164112	0	3	0	0.0
GC_00002352	1	3	3	0	0.757296466973886	0.906909282700421	0.825377746458646	0	3	0	0.0
GC_00002353	2	3	2	0	0.896057347670251	0.73009027657984	0.804604387739596	0	3	0	0.0
GC_00002354	3	3	1	0	0.675968992248062	0.554536482515756	0.609260949973277	0	3	0	0.0
GC_00002355	2	3	2	0	0.644090305444887	0.699375640667225	0.670595442067834	0	3	0	0.0
GC_00002356	1	3	3	0	0.463414634146341	0.57645540522267	0.513790878858367	0	3	0	0.0
GC_00002357	1	3	3	0	0.912772585669782	0.586513157894738	0.714144230289469	1	2	0	0.333333333333333
GC_00002358	1	3	3	0	0.865013774104683	0.655400155400156	0.74575765318872	1	2	0	0.333333333333333
GC_00002359	3	3	1	0	0.572483841181902	0.707415285049447	0.632837090667244	0	3	0	0.0
GC_00002360	3	3	1	0	0.754789272030651	0.792046783625731	0.772969330577703	1	2	0	0.333333333333333
GC_00002361	1	3	3	0	0.734972677595628	0.618227215980025	0.67156391963746	0	3	0	0.0
GC_00002362	3	3	1	0	0.673300165837479	0.926724137931035	0.779942547478746	0	3	0	0.0
GC_00002363	3	3	1	0	0.790363178712693	0.895135645433766	0.839493026003551	0	3	0	0.0
GC_00002364	3	3	1	0	0.785714285714286	1.0	0.88	0	3	0	0.0
GC_00002365	3	3	1	0	0.671245421245421	0.909325552687688	0.772354577844986	0	3	0	0.0
GC_00002366	3	3	1	0	0.764197530864198	0.867643467643467	0.812641668213943	0	3	0	0.0
GC_00002367	1	3	3	0	0.860294117647059	0.778165262036228	0.817171308349986	0	3	0	0.0
GC_00002368	2	3	2	0	0.813309776207303	0.674140125557695	0.737214415085982	0	3	0	0.0
GC_00002369	3	3	1	0	0.749275362318841	0.633956386292842	0.686808846761457	1	2	0	0.333333333333333
GC_00002370	3	3	1	0	0.747527632344386	0.855162241887907	0.797730635510499	0	3	0	0.0
GC_00002371	3	3	1	0	0.70917225950783	0.597612264278934	0.64863033201553	0	3	0	0.0
GC_00002372	2	3	2	0	0.716910386201725	0.630258054241223	0.670797402178244	0	3	0	0.0
GC_00002373	2	3	2	0	0.761904761904762	0.860483042137719	0.808199033189795	0	3	0	0.0
GC_00002374	3	3	1	0	0.782584581253466	0.978612078856578	0.869689048687734	1	2	0	0.333333333333333
GC_00002375	2	3	2	0	0.668473351400181	0.83158204562178	0.741159877301346	0	3	0	0.0
GC_00002376	3	3	1	0	0.672872340425532	0.827314620863007	0.74214366552048	0	3	0	0.0
GC_00002377	3	3	1	0	0.697183098591549	0.735900283845489	0.716018685909701	0	3	0	0.0
GC_00002378	3	3	1	0	0.859714463066418	0.626082557321944	0.724529962326341	0	3	0	0.0
GC_00002379	1	3	3	0	0.753086419753086	0.8423802510695	0.795234571740143	0	3	0	0.0
GC_00002380	3	3	1	0	0.704805491990847	0.720416429339915	0.71252546472918	0	3	0	0.0
GC_00002381	2	3	2	0	0.675070028011205	0.539762977262977	0.599881311420397	0	3	0	0.0
GC_00002382	3	3	1	0	0.772727272727273	0.905811726957513	0.833993640311847	0	3	0	0.0
GC_00002383	3	3	1	0	0.891652846876728	1.0	0.942723553477499	0	3	0	0.0
GC_00002384	2	3	2	0	0.697478991596639	0.579540810193532	0.633063855887336	0	3	0	0.0
GC_00002385	3	3	1	0	0.688172043010753	0.853836647567689	0.762105315935271	0	3	0	0.0
GC_00002386	3	3	1	0	0.745495495495496	0.847220244029815	0.793109353970548	0	3	0	0.0
GC_00002387	2	3	2	0	0.873611111111111	0.682073057869237	0.766050865368965	0	3	0	0.0
GC_00002388	3	3	1	0	0.592662871600253	0.673781011245597	0.630624055851898	0	3	0	0.0
GC_00002389	2	3	2	0	0.778284671532847	0.654570331097016	0.711086682459785	0	3	0	0.0
GC_00002390	3	3	1	0	0.606546426185705	0.68652811122095	0.64406367968892	0	3	0	0.0
GC_00002391	3	3	1	0	0.70230607966457	0.822921522921523	0.757844649093268	0	3	0	0.0
GC_00002392	3	3	1	0	0.676245210727969	0.798978854906707	0.73250652113125	0	3	0	0.0
GC_00002393	3	3	1	0	0.818895166352793	0.938992042440315	0.87484116267736	0	3	0	0.0
GC_00002394	3	3	1	0	0.580712788259958	0.594780797309179	0.587662611602706	1	2	0	0.333333333333333
GC_00002395	2	3	2	0	0.743589743589744	0.653901591438613	0.695867665899907	1	2	0	0.333333333333333
GC_00002396	3	3	1	0	0.615776081424936	0.798746125669204	0.695427412664435	0	3	0	0.0
GC_00002397	2	3	2	0	0.716962524654832	0.673452230829281	0.694526593227465	0	3	0	0.0
GC_00002398	3	3	1	0	0.886863020102852	0.988291175791175	0.934833944666909	0	3	0	0.0
GC_00002399	2	3	2	0	0.727866904337493	0.731958717610892	0.729907076407127	0	3	0	0.0
GC_00002400	3	3	1	0	0.822130772748057	0.943831126393788	0.878787491013098	0	3	0	0.0
GC_00002401	3	3	1	0	0.821428571428571	0.836952132451153	0.829117696443372	0	3	0	0.0
GC_00002402	3	3	1	0	0.882575757575758	0.815315315315315	0.847613305195458	0	3	0	0.0
GC_00002403	2	3	2	0	0.746286393345217	0.61955776416657	0.677042877470311	0	3	0	0.0
GC_00002404	2	3	2	0	0.765010351966874	0.707749208247515	0.735266618574034	0	3	0	0.0
GC_00002405	2	3	2	0	0.608205128205128	0.78319949614234	0.684697954320566	0	3	0	0.0
GC_00002406	2	3	2	0	0.747165532879819	0.640161022969453	0.689536648511798	1	2	0	0.333333333333333
GC_00002407	2	3	2	0	0.879487179487179	0.647992511344906	0.746197948885455	0	3	0	0.0
GC_00002408	2	3	2	0	0.883940620782726	0.556469214760671	0.682980261595421	0	3	0	0.0
GC_00002409	3	3	1	0	0.666666666666667	0.889313350964835	0.762060644213619	0	3	0	0.0
GC_00002410	1	3	3	0	0.687552213868003	0.657665565518324	0.672276894471548	1	2	0	0.333333333333333
GC_00002411	3	3	1	0	0.692982456140351	0.920268386197281	0.790614614713265	0	3	0	0.0
GC_00002412	3	3	1	0	0.642669007901668	0.660366730131924	0.651397684526457	0	3	0	0.0
GC_00002413	1	3	3	0	0.708661417322835	0.581268768768769	0.638674486360027	0	3	0	0.0
GC_00002414	3	3	1	0	0.8436706565107	0.743267596839825	0.790292955715242	0	3	0	0.0
GC_00002415	2	3	2	0	0.648221343873518	0.980711354309166	0.780533207727419	1	2	0	0.333333333333333
GC_00002416	3	3	1	0	0.749497386409329	0.771260843731435	0.760223387465157	0	3	0	0.0
GC_00002417	2	3	2	0	0.636094674556213	0.583140820597876	0.608467801295056	0	3	0	0.0
GC_00002418	3	3	1	0	0.723735408560311	0.762200165425973	0.742469939863483	0	3	0	0.0
GC_00002419	3	3	1	0	0.707903780068729	0.868828828828829	0.780154109441108	0	3	0	0.0
GC_00002420	3	3	1	0	0.954248366013072	1.0	0.976588628762542	0	3	0	0.0
GC_00002421	3	3	1	0	0.586129753914989	0.633630370209375	0.608955163590867	0	3	0	0.0
GC_00002422	2	3	2	0	0.755386565272497	0.754065040650407	0.754725224464162	0	3	0	0.0
GC_00002423	2	3	2	0	0.735632183908046	0.623163418290854	0.674743229352608	1	2	0	0.333333333333333
GC_00002424	3	3	1	0	0.733333333333333	0.931047197640117	0.820446925724076	0	3	0	0.0
GC_00002425	1	3	3	0	0.587896253602305	0.601771359640171	0.594752893866524	0	3	0	0.0
GC_00002426	3	3	1	0	0.722222222222222	1.0	0.838709677419355	0	3	0	0.0
GC_00002427	1	3	3	0	0.961382113821138	0.568578255675029	0.71455571818975	0	3	0	0.0
GC_00002428	3	3	1	0	0.797927461139896	0.947541703248463	0.866322431839875	0	3	0	0.0
GC_00002429	2	3	2	0	0.749343832020997	0.529294849637053	0.620384533309586	0	3	0	0.0
GC_00002430	3	3	1	0	0.738831615120275	0.745808966861597	0.742303895292909	0	3	0	0.0
GC_00002431	3	3	1	0	0.657142857142857	0.85050505050505	0.741424196018377	0	3	0	0.0
GC_00002432	3	3	1	0	0.76962676962677	0.913932980599647	0.835595276520094	0	3	0	0.0
GC_00002433	3	3	1	0	0.758169934640523	0.771945269799346	0.764995593863248	0	3	0	0.0
GC_00002434	3	3	1	0	0.637751004016064	0.617492074822077	0.627458055461658	0	3	0	0.0
GC_00002435	1	3	3	0	0.778412698412698	0.887213847012843	0.829259748073883	0	3	0	0.0
GC_00002436	3	3	1	0	0.773648648648649	0.810962962962963	0.791866468480954	0	3	0	0.0
GC_00002437	3	3	1	0	0.695187165775401	0.945843045843045	0.80137214007719	0	3	0	0.0
GC_00002438	2	3	2	0	0.883219954648526	0.676260445858265	0.766007344660986	0	3	0	0.0
GC_00002439	2	3	2	0	0.809917355371901	0.661234692025191	0.728062682566001	0	3	0	0.0
GC_00002440	2	3	2	0	0.657091561938959	0.917556780308573	0.765782177219432	0	3	0	0.0
GC_00002441	1	3	3	0	0.734926052332196	0.64191928224388	0.685281334320191	0	3	0	0.0
GC_00002442	3	3	1	0	0.677220756376429	0.663165549607907	0.670119461983679	0	3	0	0.0
GC_00002443	3	3	1	0	0.798798798798799	0.942706069824713	0.864806627605371	0	3	0	0.0
GC_00002444	2	3	2	0	0.918259023354565	0.567101645961653	0.701171391327115	0	3	0	0.0
GC_00002445	1	3	3	0	0.860507246376812	0.698375719924934	0.771010243462631	0	3	0	0.0
GC_00002446	3	3	1	0	0.820058997050148	0.559958854726989	0.665497618317652	0	3	0	0.0
GC_00002447	3	3	1	0	0.681922196796339	0.584522431766574	0.629476902119766	0	3	0	0.0
GC_00002448	3	3	1	0	0.668491484184915	0.780805986197512	0.720296782738344	0	3	0	0.0
GC_00002449	3	3	1	0	0.856240126382307	0.977138960666094	0.912703317152787	0	3	0	0.0
GC_00002450	2	3	2	0	0.754025351147653	0.911201352049202	0.825195654292717	0	3	0	0.0
GC_00002451	3	3	1	0	0.768737672583826	0.683004203346818	0.723339417772484	0	3	0	0.0
GC_00002452	3	3	1	0	0.719599427753934	0.933617135207497	0.812755414249084	0	3	0	0.0
GC_00002453	3	3	1	0	0.773876404494382	0.976907118321263	0.863619469111297	0	3	0	0.0
GC_00002454	1	3	3	0	0.896499238964992	1.0	0.945425361155698	0	3	0	0.0
GC_00002455	1	3	3	0	0.788617886178862	0.756768092732403	0.772364783636366	0	3	0	0.0
GC_00002456	2	3	2	0	0.674965421853389	0.623420162213267	0.648169631493049	0	3	0	0.0
GC_00002457	3	3	1	0	0.768518518518518	0.921525048561227	0.83809563125252	0	3	0	0.0
GC_00002458	1	3	3	0	0.823289070480082	0.825053866163777	0.824170523584115	0	3	0	0.0
GC_00002459	3	3	1	0	0.646651270207852	0.64465628933714	0.645652238718761	0	3	0	0.0
GC_00002460	3	3	1	0	0.63681592039801	0.608680429308231	0.622430387547261	0	3	0	0.0
GC_00002461	3	3	1	0	0.702103140305387	0.962352452202828	0.811881893170858	0	3	0	0.0
GC_00002462	3	3	1	0	0.649019607843137	0.930703176604814	0.764747608434992	0	3	0	0.0
GC_00002463	3	3	1	0	0.580882352941177	0.795724944545271	0.671538758984379	0	3	0	0.0
GC_00002464	1	3	3	0	0.767094017094017	0.529935950988584	0.62683316106769	0	3	0	0.0
GC_00002465	2	3	2	0	0.732106339468303	0.677218614718612	0.703593645409449	0	3	0	0.0
GC_00002466	3	3	1	0	0.661771250556297	0.971891212710764	0.787396022987567	0	3	0	0.0
GC_00002467	2	3	2	0	0.735159817351598	0.840604319052595	0.784354083689026	0	3	0	0.0
GC_00002468	3	3	1	0	0.584670231729055	0.716197508075679	0.64378468340407	0	3	0	0.0
GC_00002469	3	3	1	0	0.721212121212121	0.591784591194969	0.650119252064118	0	3	0	0.0
GC_00002470	3	3	1	0	0.736745886654479	0.737869090288442	0.737307060703391	0	3	0	0.0
GC_00002471	3	3	1	0	0.579380139152435	0.71754385964912	0.641102580622528	0	3	0	0.0
GC_00002472	2	3	2	0	0.798701298701299	0.602242674283296	0.686696991969858	0	3	0	0.0
GC_00002473	3	3	1	0	0.81769641495042	0.675700934579437	0.739948054626178	0	3	0	0.0
GC_00002474	2	3	2	0	0.828193832599119	0.860231528770854	0.843908724703432	0	3	0	0.0
GC_00002475	3	3	1	0	0.753059755219582	0.699043337943752	0.72504687503009	0	3	0	0.0
GC_00002476	3	3	1	0	0.738095238095238	0.708190337106001	0.722833615221903	0	3	0	0.0
GC_00002477	3	3	1	0	0.783800623052959	0.826104384927913	0.804396692231388	0	3	0	0.0
GC_00002478	1	3	3	0	0.72924988903684	0.6599395313681	0.692865671091746	0	3	0	0.0
GC_00002479	3	3	1	0	0.720472440944882	0.65731680800174	0.687447148389614	0	3	0	0.0
GC_00002480	3	3	1	0	0.649666059502125	0.915522388059701	0.76001560471935	0	3	0	0.0
GC_00002481	3	3	1	0	0.840608465608466	0.682022326064384	0.753056806888587	0	3	0	0.0
GC_00002482	3	3	1	0	0.796466973886329	0.869724695021433	0.831485367361152	0	3	0	0.0
GC_00002483	3	3	1	0	0.622977346278317	0.881566770101802	0.730049881590066	0	3	0	0.0
GC_00002484	3	3	1	0	0.737588652482269	0.694399520814615	0.715342788987963	0	3	0	0.0
GC_00002485	3	3	1	0	0.675774134790528	0.983870967741936	0.801224973889646	0	3	0	0.0
GC_00002486	3	3	1	0	0.752226093689508	0.915849425403566	0.826012764762199	0	3	0	0.0
GC_00002487	1	3	3	0	0.762411347517731	0.826611984506721	0.793214730433394	0	3	0	0.0
GC_00002488	2	3	2	0	0.686582809224319	0.832773356911286	0.752644947352372	0	3	0	0.0
GC_00002489	3	3	1	0	0.732352941176471	0.636868138496804	0.681281147790997	0	3	0	0.0
GC_00002490	1	3	3	0	0.894039735099338	0.663817663817663	0.761917449859509	1	2	0	0.333333333333333
GC_00002491	3	3	1	0	0.66973886328725	0.940695470107235	0.782422855480389	0	3	0	0.0
GC_00002492	3	3	1	0	0.843283582089552	0.650952712908099	0.734740197851929	0	3	0	0.0
GC_00002493	1	3	3	0	0.65679012345679	0.610362095531589	0.632725555888742	0	3	0	0.0
GC_00002494	2	3	2	0	0.922480620155039	0.692521545732556	0.791129223813757	0	3	0	0.0
GC_00002495	3	3	1	0	0.794369029663147	0.973958130287317	0.875044157451659	0	3	0	0.0
GC_00002496	3	3	1	0	0.787644787644788	0.959841864336247	0.865259188733311	0	3	0	0.0
GC_00002497	1	3	3	0	0.698739977090493	0.51088450361418	0.590225201367125	2	1	0	0.666666666666667
GC_00002498	1	3	3	0	0.792270531400966	0.574942369755649	0.666333526294102	0	3	0	0.0
GC_00002499	2	3	2	0	0.496402877697842	0.656044534717521	0.565166603566193	0	3	0	0.0
GC_00002500	3	3	1	0	0.803223070398643	0.77832512315271	0.790578115464582	0	3	0	0.0
GC_00002501	1	3	3	0	0.822717622080679	0.700574754106244	0.756749268621454	0	3	0	0.0
GC_00002502	3	3	1	0	0.625258799171843	0.597431496765183	0.611028486111539	0	3	0	0.0
GC_00002503	3	3	1	0	0.862282181000562	0.993316752110722	0.923172912153276	0	3	0	0.0
GC_00002504	3	3	1	0	0.735144312393888	0.879193121693121	0.800741913383258	0	3	0	0.0
GC_00002505	2	3	2	0	0.640086206896552	0.697904047407059	0.667745901804107	0	3	0	0.0
GC_00002506	2	3	2	0	0.860563924295095	0.584925453193385	0.696464119708411	0	3	0	0.0
GC_00002507	3	3	1	0	0.647522522522523	0.767127326331308	0.702268793715231	0	3	0	0.0
GC_00002508	1	3	3	0	0.775828460038986	0.671060488058152	0.719651395123123	0	3	0	0.0
GC_00002509	1	3	3	0	0.72752808988764	0.869741528262632	0.7923037983852	0	3	0	0.0
GC_00002510	3	3	1	0	0.645345813832553	0.733619161330004	0.686657113471437	0	3	0	0.0
GC_00002511	3	3	1	0	0.75906432748538	0.907326007326006	0.826599616156396	0	3	0	0.0
GC_00002512	3	3	1	0	0.784313725490196	0.713899144764289	0.747451725947644	0	3	0	0.0
GC_00002513	3	3	1	0	0.691579943235572	0.989747850398274	0.81422523887098	0	3	0	0.0
GC_00002514	1	3	3	0	0.764705882352941	0.628746708909961	0.69009352715436	0	3	0	0.0
GC_00002515	1	3	3	0	0.652582159624413	0.607009371478823	0.628971339946937	0	3	0	0.0
GC_00002516	3	3	1	0	0.640713706407137	0.928035178035178	0.758062510184995	0	3	0	0.0
GC_00002517	3	3	1	0	0.817258883248731	0.994949494949496	0.897392731336738	0	3	0	0.0
GC_00002518	2	3	2	0	0.562372188139059	0.723249299719888	0.632745011023246	0	3	0	0.0
GC_00002519	2	3	2	0	0.777980535279805	0.665504832905714	0.717360657124088	1	2	0	0.333333333333333
GC_00002520	2	3	2	0	0.840787119856887	0.608743472068365	0.706192299028671	0	3	0	0.0
GC_00002521	3	3	1	0	0.676245210727969	0.977676209822468	0.79949246236267	0	3	0	0.0
GC_00002522	1	3	3	0	0.891111111111111	0.762510974539069	0.821810506345243	0	3	0	0.0
GC_00002523	3	3	1	0	0.738677536231884	0.985382389774151	0.844378811832679	0	3	0	0.0
GC_00002524	3	3	1	0	0.673177083333333	0.970045280390107	0.794794748380362	0	3	0	0.0
GC_00002525	3	3	1	0	0.803312629399586	0.942147034252298	0.867208365941569	0	3	0	0.0
GC_00002526	3	3	1	0	0.69731365872115	0.821330724070452	0.754258388219715	0	3	0	0.0
GC_00002527	3	3	1	0	0.659776055124892	0.805016473077941	0.725195661080504	0	3	0	0.0
GC_00002528	3	3	1	0	0.628060263653484	0.776540685197808	0.694452538825143	0	3	0	0.0
GC_00002529	2	3	2	0	0.796002351557907	0.582481787512833	0.672705415257701	0	3	0	0.0
GC_00002530	2	3	2	0	0.599439775910364	0.658199033163856	0.627446732873326	0	3	0	0.0
GC_00002531	2	3	2	0	0.742837176799441	0.634719848053179	0.684535727349417	0	3	0	0.0
GC_00002532	2	3	2	0	0.79328165374677	0.789978213507626	0.791626487346003	0	3	0	0.0
GC_00002533	3	3	1	0	0.918328584995252	0.704743336360237	0.797482776147147	0	3	0	0.0
GC_00002534	3	3	1	0	0.614697523345514	0.758138544200297	0.678924303476088	0	3	0	0.0
GC_00002535	3	3	1	0	0.721721721721722	0.804017685505574	0.760650246731617	0	3	0	0.0
GC_00002536	1	3	3	0	0.758730158730159	0.917868522555763	0.830746841907346	0	3	0	0.0
GC_00002537	1	3	3	0	0.691446842525979	0.795212073900598	0.739708175912669	0	3	0	0.0
GC_00002538	3	3	1	0	0.848299735288129	0.955097587759587	0.898536357480609	0	3	0	0.0
GC_00002539	2	3	2	0	0.744157441574416	0.668407386877494	0.704251331945337	0	3	0	0.0
GC_00002540	3	3	1	0	0.62962962962963	0.810737179487179	0.708797435231773	0	3	0	0.0
GC_00002541	2	3	2	0	0.546666666666667	0.688547626217003	0.609458679087264	0	3	0	0.0
GC_00002542	2	3	2	0	0.795466526093832	0.896692777020763	0.843051936064477	0	3	0	0.0
GC_00002543	3	3	1	0	0.838991769547325	0.944661508210117	0.888696519979408	0	3	0	0.0
GC_00002544	3	3	1	0	0.816625916870416	0.984486998378067	0.892734254350264	0	3	0	0.0
GC_00002545	3	3	1	0	0.917153996101364	0.626006093047542	0.744114617607836	0	3	0	0.0
GC_00002546	3	3	1	0	0.695652173913043	0.805880635830481	0.7467204347345	0	3	0	0.0
GC_00002547	2	3	2	0	0.661157024793388	0.983739837398374	0.790817368571545	0	3	0	0.0
GC_00002548	2	3	2	0	0.806201550387597	0.902148950131233	0.851480866549875	0	3	0	0.0
GC_00002549	3	3	1	0	0.671353251318102	0.777650063856958	0.720602766454022	0	3	0	0.0
GC_00002550	3	3	1	0	0.634199134199134	0.82020997375328	0.715309677822568	0	3	0	0.0
GC_00002551	3	3	1	0	0.719817767653758	0.783658740546828	0.750382838901684	0	3	0	0.0
GC_00002552	3	3	1	0	0.65359477124183	0.624819624819625	0.638883355834422	0	3	0	0.0
GC_00002553	3	3	1	0	0.908408408408408	0.726190476190476	0.807143013363078	1	2	0	0.333333333333333
GC_00002554	1	3	3	0	0.655270655270655	0.681079894644425	0.667926045128924	0	3	0	0.0
GC_00002555	3	3	1	0	0.691919191919192	1.0	0.817910447761194	0	3	0	0.0
GC_00002556	3	3	1	0	0.773773773773774	0.8952688172043	0.830099285632016	0	3	0	0.0
GC_00002557	3	3	1	0	0.798611111111111	0.827783600741757	0.812935723819219	0	3	0	0.0
GC_00002558	1	3	3	0	0.78714859437751	0.69927536231884	0.740614568343563	0	3	0	0.0
GC_00002559	3	3	1	0	0.841204654346338	0.983986203498398	0.907010651119367	0	3	0	0.0
GC_00002560	3	3	1	0	0.698275862068966	0.944308943089431	0.802866481200184	0	3	0	0.0
GC_00002561	2	3	2	0	0.756356911696717	0.724690818440817	0.74018534071142	0	3	0	0.0
GC_00002562	2	3	2	0	0.670182841068917	0.618073031586062	0.643074018273639	0	3	0	0.0
GC_00002563	2	3	2	0	0.633213859020311	0.838337547408343	0.721479319359132	0	3	0	0.0
GC_00002564	3	3	1	0	0.773082942097027	0.933195433999846	0.845626929081065	0	3	0	0.0
GC_00002565	3	3	1	0	0.884185773074662	0.984484075043629	0.931643236871067	0	3	0	0.0
GC_00002566	1	3	3	0	0.806397306397306	0.703759024147374	0.751590242608262	0	3	0	0.0
GC_00002567	3	3	1	0	0.708904109589041	0.830211202938477	0.764777179201022	0	3	0	0.0
GC_00002568	3	3	1	0	0.684606481481482	0.984721120803593	0.807686233464345	0	3	0	0.0
GC_00002569	3	3	1	0	0.676551996836694	0.989486388294432	0.803629733645829	0	3	0	0.0
GC_00002570	3	3	1	0	0.838787878787879	0.992805943598594	0.909321249395816	0	3	0	0.0
GC_00002571	2	3	2	0	0.773216031280547	0.549490567806027	0.64243259443701	0	3	0	0.0
GC_00002572	3	3	1	0	0.728395061728395	0.991525423728813	0.839832106575826	0	3	0	0.0
GC_00002573	2	3	2	0	0.816091954022989	0.707285974499089	0.757803276750901	0	3	0	0.0
GC_00002574	2	3	2	0	0.835051546391753	0.636557886557886	0.722418103113939	0	3	0	0.0
GC_00002575	1	3	3	0	0.768433881779403	0.932487353915925	0.842549157529795	0	3	0	0.0
GC_00002576	1	3	3	0	1.0	0.589332382988834	0.74160998579864	0	3	0	0.0
GC_00002577	3	3	1	0	0.795948434622468	0.99560684545276	0.884652256004361	0	3	0	0.0
GC_00002578	3	3	1	0	0.81738683127572	0.823920326770387	0.820640575191574	0	3	0	0.0
GC_00002579	3	3	1	0	0.685829551185073	0.9510934467831	0.796968449404118	0	3	0	0.0
GC_00002580	3	3	1	0	0.625812441968431	0.694076099339255	0.658178997764579	0	3	0	0.0
GC_00002581	3	3	1	0	0.740740740740741	0.981984987489575	0.844471380567978	0	3	0	0.0
GC_00002582	3	3	1	0	0.869086908690869	1.0	0.929958799293702	0	3	0	0.0
GC_00002583	3	3	1	0	0.759926131117267	0.909090909090909	0.82784288085299	0	3	0	0.0
GC_00002584	2	3	2	0	0.866666666666667	0.572857992201304	0.689778981577	0	3	0	0.0
GC_00002585	3	3	1	0	0.779623477297896	0.66061619141265	0.7152030366856	0	3	0	0.0
GC_00002586	1	3	3	0	0.616512345679012	0.682876826622804	0.647999849722122	0	3	0	0.0
GC_00002587	3	3	1	0	0.696217494089834	0.713507625272332	0.704756528855569	0	3	0	0.0
GC_00002588	3	3	1	0	0.760034904013962	0.730485900615413	0.744967503483911	0	3	0	0.0
GC_00002589	3	3	1	0	0.69849537037037	0.801799196787148	0.746590755152289	0	3	0	0.0
GC_00002590	1	3	3	0	0.795620437956204	0.550974906137924	0.65107442714237	0	3	0	0.0
GC_00002591	2	3	2	0	0.636752136752137	0.59454006558756	0.614922528427076	0	3	0	0.0
GC_00002592	3	3	1	0	0.686631944444444	0.984734184734186	0.80909854067371	0	3	0	0.0
GC_00002593	1	3	3	0	0.769911504424779	0.541899585921325	0.636089645093297	0	3	0	0.0
GC_00002594	1	3	3	0	0.738425925925926	0.863852813852814	0.796230141605783	0	3	0	0.0
GC_00002595	3	3	1	0	0.788732394366197	0.623219233175441	0.696274841728649	0	3	0	0.0
GC_00002596	1	3	3	0	0.847710330138445	0.984276729559747	0.910903324284552	0	3	0	0.0
GC_00002597	1	3	3	0	0.642493638676845	0.618926758520666	0.630490050802854	0	3	0	0.0
GC_00002598	3	3	1	0	0.642786069651741	0.726828782140721	0.682228898979244	0	3	0	0.0
GC_00002599	3	3	1	0	0.651543793320731	0.612883679787708	0.631622716345401	0	3	0	0.0
GC_00002600	3	3	1	0	0.7	0.539439949389005	0.609320305930835	1	2	0	0.333333333333333
GC_00002601	2	3	2	0	0.883624272651704	0.869602977667494	0.876557558065901	0	3	0	0.0
GC_00002602	3	3	1	0	0.698076923076923	0.968844809909401	0.811469657461296	0	3	0	0.0
GC_00002603	1	3	3	0	0.757105943152455	0.948449053318261	0.842044280636487	0	3	0	0.0
GC_00002604	2	3	2	0	0.796875	0.622369633314906	0.69889403124172	0	3	0	0.0
GC_00002605	2	3	2	0	0.733812949640288	0.558393442093886	0.634196427790152	0	3	0	0.0
GC_00002606	1	3	3	0	0.838226827864134	0.746303146004854	0.789598592664295	1	2	0	0.333333333333333
GC_00002607	3	3	1	0	0.846846846846847	0.991071428571429	0.91330036325441	0	3	0	0.0
GC_00002608	3	3	1	0	0.812720848056537	0.786114209827357	0.799196144880356	0	3	0	0.0
GC_00002609	3	3	1	0	0.762874251497006	0.86988941125508	0.812874819100077	0	3	0	0.0
GC_00002610	1	3	3	0	0.829749103942652	0.806962025316456	0.818196938301721	0	3	0	0.0
GC_00002611	3	3	1	0	0.672297297297297	0.679971489665003	0.676112617770188	0	3	0	0.0
GC_00002612	3	3	1	0	0.706135629709365	0.769330005534115	0.736379506151622	0	3	0	0.0
GC_00002613	3	3	1	0	0.876271876271876	0.965264704962636	0.918617987539086	0	3	0	0.0
GC_00002614	2	3	2	0	0.755504935459377	0.908762109245201	0.825077034214898	0	3	0	0.0
GC_00002615	3	3	1	0	0.847457627118644	0.967577413479052	0.903542731175626	0	3	0	0.0
GC_00002616	1	3	3	0	0.845977011494253	0.601724137931035	0.70324567767724	0	3	0	0.0
GC_00002617	3	3	1	0	0.745907007203667	0.939103744628607	0.831429785059802	0	3	0	0.0
GC_00002618	1	3	3	0	0.719298245614035	0.843989769820971	0.776671163284636	0	3	0	0.0
GC_00002619	1	3	3	0	0.911827956989247	0.61673219529189	0.735795260400152	1	2	0	0.333333333333333
GC_00002620	2	3	2	0	0.664811379097093	0.868922643379164	0.753285318585982	0	3	0	0.0
GC_00002621	3	3	1	0	0.518364518364518	0.608217272335979	0.559707703493741	0	3	0	0.0
GC_00002622	1	3	3	0	0.729411764705882	0.878234943351223	0.796934919401995	0	3	0	0.0
GC_00002623	3	3	1	0	0.768352365415987	0.912248677248679	0.83414018106317	0	3	0	0.0
GC_00002624	2	3	2	0	0.733463035019455	0.685764204855676	0.708812064578751	1	2	0	0.333333333333333
GC_00002625	3	3	1	0	0.811912225705329	0.966944676118988	0.882672690891042	0	3	0	0.0
GC_00002626	2	3	2	0	0.607407407407407	0.93927304964539	0.737736622107303	0	3	0	0.0
GC_00002627	3	3	1	0	0.743185550082102	0.938575972093978	0.829530335801647	0	3	0	0.0
GC_00002628	3	3	1	0	0.545086119554205	0.647480081844475	0.591887318099931	0	3	0	0.0
GC_00002629	3	3	1	0	0.707692307692308	0.594452773613194	0.646148668396674	0	3	0	0.0
GC_00002630	3	3	1	0	0.628803963198868	0.936484245439466	0.752404575407745	0	3	0	0.0
GC_00002631	3	3	1	0	0.569175627240143	0.618852049910875	0.592975248727468	0	3	0	0.0
GC_00002632	3	3	1	0	0.744744744744745	0.708374928456387	0.726104690489326	0	3	0	0.0
GC_00002633	3	3	1	0	0.778877887788779	0.852225672877846	0.813902621534568	0	3	0	0.0
GC_00002634	2	3	2	0	0.704761904761905	0.815374614009424	0.756043893384325	0	3	0	0.0
GC_00002635	3	3	1	0	0.84469696969697	0.988764044943821	0.911070359107686	0	3	0	0.0
GC_00002636	3	3	1	0	0.672278338945006	0.633621763356277	0.652377905228601	0	3	0	0.0
GC_00002637	3	3	1	0	0.796469366562825	0.917771883289124	0.852828842609627	0	3	0	0.0
GC_00002638	2	3	2	0	0.738863287250384	0.590761431822884	0.656564107504904	0	3	0	0.0
GC_00002639	3	3	1	0	0.687418936446174	0.809313316652766	0.743402566802833	0	3	0	0.0
GC_00002640	2	3	2	0	0.817365269461078	0.944613453088029	0.876394498683667	0	3	0	0.0
GC_00002641	2	3	2	0	0.868757259001161	0.596459787461484	0.70730649948477	0	3	0	0.0
GC_00002642	3	3	1	0	0.759371833839919	0.907866544230178	0.827006253745192	0	3	0	0.0
GC_00002643	3	3	1	0	0.749213836477987	0.968697842859394	0.844934970715807	0	3	0	0.0
GC_00002644	3	3	1	0	0.748206131767776	0.942275424595866	0.83410108538925	0	3	0	0.0
GC_00002645	3	3	1	0	0.654088050314465	0.630058479532164	0.641848438449637	0	3	0	0.0
GC_00002646	1	3	3	0	0.732212885154062	0.565393410109336	0.638080042574418	0	3	0	0.0
GC_00002647	3	3	1	0	0.725146198830409	0.632927447995941	0.675905808381206	0	3	0	0.0
GC_00002648	2	3	2	0	0.854166666666667	0.703292466651245	0.771421822993862	0	3	0	0.0
GC_00002649	3	3	1	0	0.645357686453577	0.712862943384662	0.67743276724637	0	3	0	0.0
GC_00002650	3	3	1	0	0.70125786163522	0.597577942199456	0.645279763107771	0	3	0	0.0
GC_00002651	3	3	1	0	0.911796892098928	0.862905768874047	0.886677881918805	0	3	0	0.0
GC_00002652	3	3	1	0	0.743317610062893	0.667957657982517	0.703625580631654	0	3	0	0.0
GC_00002653	2	3	2	0	0.862979571499751	0.965857331074723	0.911524854433339	0	3	0	0.0
GC_00002654	2	3	2	0	0.815622161671208	0.529404600341026	0.642060272292043	0	3	0	0.0
GC_00002655	3	3	1	0	0.775948788294467	0.976108736019349	0.86459534626809	0	3	0	0.0
GC_00002656	3	3	1	0	0.555263157894737	0.605659177617635	0.579367313875431	0	3	0	0.0
GC_00002657	3	3	1	0	0.788359788359788	0.996047430830042	0.88011719894521	0	3	0	0.0
GC_00002658	2	3	2	0	0.700665188470067	0.699073858371259	0.699868618847953	0	3	0	0.0
GC_00002659	1	3	3	0	0.651305683563748	0.592586203591896	0.620559980149743	0	3	0	0.0
GC_00002660	3	3	1	0	0.897624897624898	0.777102330293819	0.833026881089097	0	3	0	0.0
GC_00002661	3	3	1	0	0.643167972149695	0.577781268727491	0.608723761008372	0	3	0	0.0
GC_00002662	2	3	2	0	0.859770114942529	0.839664913306059	0.849598586620116	0	3	0	0.0
GC_00002663	1	3	3	0	0.761689291101056	0.758139993103788	0.759910497717126	0	3	0	0.0
GC_00002664	3	3	1	0	0.867863720073665	0.92495101049984	0.895498470833626	0	3	0	0.0
GC_00002665	2	3	2	0	0.893292682926829	0.592875355139507	0.712720504099722	0	3	0	0.0
GC_00002666	3	3	1	0	0.822115384615385	0.90603514132926	0.862037672652154	0	3	0	0.0
GC_00002667	1	3	3	0	0.840986394557823	0.910353535353536	0.874296216735819	0	3	0	0.0
GC_00002668	2	3	2	0	0.633771929824561	0.778031953522151	0.698531599842345	0	3	0	0.0
GC_00002669	3	3	1	0	0.746812386156648	0.989228358793576	0.851095221391981	0	3	0	0.0
GC_00002670	3	3	1	0	0.7426597582038	0.728475558605963	0.735499278726978	0	3	0	0.0
GC_00002671	1	3	3	0	0.623543123543124	0.546164806179645	0.582294606304491	0	3	0	0.0
GC_00002672	3	3	1	0	0.670016750418761	0.796168582375479	0.7276655609862	0	3	0	0.0
GC_00002673	1	3	3	0	0.877777777777778	0.59520578923564	0.709387975121883	0	3	0	0.0
GC_00002674	1	3	3	0	1.0	0.598000999500251	0.748436327245435	0	3	0	0.0
GC_00002675	3	3	1	0	0.855821125674634	0.845799498006791	0.850780800849921	0	3	0	0.0
GC_00002676	3	3	1	0	0.766505636070853	0.824378508420208	0.794389428228189	0	3	0	0.0
GC_00002677	3	3	1	0	0.704119850187266	0.744514767932491	0.723754106524459	0	3	0	0.0
GC_00002678	3	3	1	0	0.703659506762132	0.695008348882634	0.699307172888267	0	3	0	0.0
GC_00002679	3	3	1	0	0.693989071038251	0.978724627680985	0.812122475814784	0	3	0	0.0
GC_00002680	1	3	3	0	0.604575163398693	0.921976521976522	0.730278721334887	0	3	0	0.0
GC_00002681	1	3	3	0	0.703875968992248	0.665462039025256	0.684130192551366	1	2	0	0.333333333333333
GC_00002682	3	3	1	0	0.812214611872146	0.993214721786148	0.89364174462219	0	3	0	0.0
GC_00002683	3	3	1	0	0.696557971014493	0.757396449704141	0.725704364238239	0	3	0	0.0
GC_00002684	3	3	1	0	0.741209563994374	0.95997498436523	0.836526102112761	0	3	0	0.0
GC_00002685	3	3	1	0	0.635607321131448	0.963791341508732	0.766028942021025	0	3	0	0.0
GC_00002686	2	3	2	0	0.703125	0.63921611401978	0.669649205371109	0	3	0	0.0
GC_00002687	3	3	1	0	0.752347417840376	0.669287211740042	0.708390883380239	0	3	0	0.0
GC_00002688	3	3	1	0	0.694282945736434	0.878569899688072	0.775630218383422	0	3	0	0.0
GC_00002689	3	3	1	0	0.668859649122807	0.906296296296297	0.769682550486456	0	3	0	0.0
GC_00002690	3	3	1	0	0.768126177024482	0.987506176738043	0.864109553119409	0	3	0	0.0
GC_00002691	3	3	1	0	0.706148867313916	0.598932870735426	0.648136826891838	0	3	0	0.0
GC_00002692	3	3	1	0	0.669926650366748	0.728642104650486	0.698051865857196	0	3	0	0.0
GC_00002693	2	3	2	0	0.68215892053973	0.744693206810484	0.712055726523683	0	3	0	0.0
GC_00002694	3	3	1	0	0.965714285714286	0.628772753963593	0.761642855489407	0	3	0	0.0
GC_00002695	3	3	1	0	0.636623748211731	0.937310216475659	0.758245208042639	0	3	0	0.0
GC_00002696	2	3	2	0	0.757679180887372	0.653680497540145	0.701848170255352	0	3	0	0.0
GC_00002697	1	3	3	0	0.865961199294533	0.49548649820389	0.630317393767359	0	3	0	0.0
GC_00002698	3	3	1	0	0.817567567567568	0.623752994776325	0.70762914514029	0	3	0	0.0
GC_00002699	2	3	2	0	0.755336617405583	0.588450128187302	0.661530456070651	1	2	0	0.333333333333333
GC_00002700	3	3	1	0	0.918518518518519	0.910269865067467	0.914375589235046	0	3	0	0.0
GC_00002701	1	3	3	0	0.806654111738857	0.7951995322685	0.800885867141375	0	3	0	0.0
GC_00002702	1	3	3	0	0.723404255319149	0.880852550663872	0.794402094580505	1	2	0	0.333333333333333
GC_00002703	1	3	3	0	0.875621890547264	0.584268768410159	0.700872384440601	0	3	0	0.0
GC_00002704	2	3	2	0	0.666666666666667	0.663052293804435	0.664854568035464	0	3	0	0.0
GC_00002705	3	3	1	0	0.626992200746016	0.663765250081263	0.644854902306306	0	3	0	0.0
GC_00002706	1	3	3	0	0.694510739856802	0.674804650276347	0.684515897943227	0	3	0	0.0
GC_00002707	3	3	1	0	0.768316831683168	0.990219282979466	0.865267577761765	0	3	0	0.0
GC_00002708	3	3	1	0	0.773071625344353	0.969523740608076	0.860224133044415	0	3	0	0.0
GC_00002709	3	3	1	0	0.728577837595334	0.877666113847707	0.796202941381832	0	3	0	0.0
GC_00002710	3	3	1	0	0.624280481423339	0.74680612547062	0.680068618852397	0	3	0	0.0
GC_00002711	2	3	2	0	0.914473684210526	0.682584269662921	0.781694052302708	1	2	0	0.333333333333333
GC_00002712	3	3	1	0	0.842952081147254	0.995826843582208	0.913034513252787	0	3	0	0.0
GC_00002713	3	3	1	0	0.712108843537415	0.920477781151942	0.802996126913287	0	3	0	0.0
GC_00002714	3	3	1	0	0.682316118935837	0.947747747747747	0.793421139122703	0	3	0	0.0
GC_00002715	3	3	1	0	0.6375	0.863036681156105	0.733318806726031	0	3	0	0.0
GC_00002716	2	3	2	0	0.700913242009132	0.782692307692308	0.739548868620267	0	3	0	0.0
GC_00002717	3	3	1	0	0.901092896174863	0.742555665308476	0.814178469416863	0	3	0	0.0
GC_00002718	3	3	1	0	0.776722925457103	0.790050007656141	0.783329786001263	0	3	0	0.0
GC_00002719	2	3	2	0	0.688271604938272	0.603912697415272	0.643338509430191	0	3	0	0.0
GC_00002720	3	3	1	0	0.669956140350877	0.956394129979036	0.787950949637697	0	3	0	0.0
GC_00002721	3	3	1	0	0.713713713713714	0.855829285218599	0.778337513370236	0	3	0	0.0
GC_00002722	1	3	3	0	0.662760416666667	0.628020839871948	0.644923144646593	0	3	0	0.0
GC_00002723	3	3	1	0	0.794776119402985	0.863431013431013	0.827682304145034	0	3	0	0.0
GC_00002724	1	3	3	0	0.616033755274262	0.893939393939393	0.729412760912824	0	3	0	0.0
GC_00002725	2	3	2	0	0.799435028248588	0.923761482939631	0.857113257152061	0	3	0	0.0
GC_00002726	3	3	1	0	0.77792672028597	0.933898416453119	0.848806944820985	0	3	0	0.0
GC_00002727	3	3	1	0	0.657014157014157	0.701050046362427	0.678318159171483	0	3	0	0.0
GC_00002728	2	3	2	0	0.916211293260474	0.528120567375886	0.670026108569988	1	2	0	0.333333333333333
GC_00002729	3	3	1	0	0.668152550767707	0.722463768115939	0.694247583533935	0	3	0	0.0
GC_00002730	3	3	1	0	0.725373134328358	0.80175606641124	0.761654365037139	0	3	0	0.0
GC_00002731	2	3	2	0	0.771551724137931	0.717490781465193	0.743539888766732	1	2	0	0.333333333333333
GC_00002732	1	3	3	0	0.671023965141612	0.875316578998636	0.759675355884072	0	3	0	0.0
GC_00002733	2	3	2	0	0.812959251837007	0.907865379299453	0.857795206053715	0	3	0	0.0
GC_00002734	3	3	1	0	0.829710144927536	0.989247311827957	0.902482383430787	0	3	0	0.0
GC_00002735	3	3	1	0	0.731182795698925	0.899334080159323	0.806587919124834	0	3	0	0.0
GC_00002736	3	3	1	0	0.725583234480032	0.966212426432835	0.828785123124918	0	3	0	0.0
GC_00002737	2	3	2	0	0.726495726495726	0.694606028556319	0.710193073156613	0	3	0	0.0
GC_00002738	1	3	3	0	0.734920634920635	0.550445831852866	0.629445392721623	0	3	0	0.0
GC_00002739	3	3	1	0	0.755725190839695	0.983565012976776	0.854722064787245	0	3	0	0.0
GC_00002740	3	3	1	0	0.75	0.986301369863014	0.85207100591716	0	3	0	0.0
GC_00002741	3	3	1	0	0.783950617283951	0.991561485755498	0.875618068164465	0	3	0	0.0
GC_00002742	3	3	1	0	0.715750915750916	0.786467661691544	0.749444797870323	0	3	0	0.0
GC_00002743	3	3	1	0	0.803269118505546	0.869349169797599	0.835003833427274	0	3	0	0.0
GC_00002744	3	3	1	0	0.724193548387097	0.988881732302786	0.836089083444286	0	3	0	0.0
GC_00002745	3	3	1	0	0.766426858513189	0.883123055651571	0.820647163703829	0	3	0	0.0
GC_00002746	2	3	2	0	0.662650602409639	0.781665594165594	0.717254543132499	0	3	0	0.0
GC_00002747	3	3	1	0	0.718676122931442	0.878273912541826	0.790499985994025	0	3	0	0.0
GC_00002748	2	3	2	0	0.908256880733945	0.588026453184824	0.713874251021615	0	3	0	0.0
GC_00002749	3	3	1	0	0.771618625277162	0.947191041052994	0.850437675897695	0	3	0	0.0
GC_00002750	3	3	1	0	0.76140350877193	0.909730848861283	0.828984524430534	0	3	0	0.0
GC_00002751	1	3	3	0	1.0	0.588706739526412	0.741114423297409	0	3	0	0.0
GC_00002752	3	3	1	0	0.700734802939212	0.817005759940544	0.754416642994465	0	3	0	0.0
GC_00002753	3	3	1	0	0.665530948324815	0.948737237201939	0.782291317944836	0	3	0	0.0
GC_00002754	1	3	3	0	0.789991063449509	0.690347535949449	0.736815731611513	0	3	0	0.0
GC_00002755	1	3	3	0	0.758595729279768	0.729383890668061	0.743703068306342	0	3	0	0.0
GC_00002756	2	3	2	0	0.828282828282828	0.716254617789144	0.768205914465584	0	3	0	0.0
GC_00002757	3	3	1	0	0.755090168702734	0.970043855105495	0.849175273447719	0	3	0	0.0
GC_00002758	2	3	2	0	0.827956989247312	0.7898912724067	0.808476314170483	0	3	0	0.0
GC_00002759	3	3	1	0	0.750912884715702	0.970747825242784	0.846795243183693	0	3	0	0.0
GC_00002760	3	3	1	0	0.638215665612926	0.910554512619526	0.750440785231989	0	3	0	0.0
GC_00002761	3	3	1	0	0.664087685364281	0.885566021280306	0.758999880796172	0	3	0	0.0
GC_00002762	3	3	1	0	0.754852320675105	0.982680231799803	0.853829705117244	0	3	0	0.0
GC_00002763	1	3	3	0	0.823045267489712	0.540105517303051	0.652211472011058	0	3	0	0.0
GC_00002764	3	3	1	0	0.75089605734767	0.666270245780949	0.706056444583091	0	3	0	0.0
GC_00002765	2	3	2	0	0.773049645390071	0.703151260504201	0.736445602245533	1	2	0	0.333333333333333
GC_00002766	2	3	2	0	0.643478260869565	0.714743589743589	0.677241294400098	1	2	0	0.333333333333333
GC_00002767	3	3	1	0	0.82982982982983	0.652118100128368	0.730318577487051	0	3	0	0.0
GC_00002768	1	3	3	0	0.75	0.740059531742858	0.744996608501852	0	3	0	0.0
GC_00002769	1	3	3	0	0.878963330576234	0.784490809736716	0.829044382074646	0	3	0	0.0
GC_00002770	2	3	2	0	0.700757575757576	0.71479638842823	0.707707366851737	0	3	0	0.0
GC_00002771	3	3	1	0	0.663355408388521	0.959096459096459	0.784272046595929	0	3	0	0.0
GC_00002772	3	3	1	0	0.589539007092199	0.727628039185827	0.651345040807391	0	3	0	0.0
GC_00002773	2	3	2	0	0.857001972386588	0.591572842284337	0.699969497624033	0	3	0	0.0
GC_00002774	1	3	3	0	0.680722891566265	0.767719298245614	0.721608503658476	0	3	0	0.0
GC_00002775	3	3	1	0	0.604273504273504	0.912636659115532	0.727112475665798	0	3	0	0.0
GC_00002776	2	3	2	0	0.67065868263473	0.546420614162549	0.602198608131865	0	3	0	0.0
GC_00002777	1	3	3	0	0.738425925925926	0.543122084423712	0.625892162981831	0	3	0	0.0
GC_00002778	1	3	3	0	0.65632183908046	0.668446099731015	0.662328488860045	0	3	0	0.0
GC_00002779	3	3	1	0	0.725409836065574	0.845839874411303	0.781009613612856	0	3	0	0.0
GC_00002780	2	2	1	0	0.664772727272727	0.844272556559063	0.743846955420918	0	2	0	0.0
GC_00002781	1	2	2	0	0.964912280701754	0.511026413200325	0.668179056348633	1	1	0	0.5
GC_00002782	1	2	2	0	0.661111111111111	0.545191512813446	0.597581667578279	0	2	0	0.0
GC_00002783	2	2	1	0	0.648250460405157	0.920879519320419	0.760880972373676	0	2	0	0.0
GC_00002784	2	2	1	0	0.736648250460405	0.958262974220419	0.832967217587915	0	2	0	0.0
GC_00002785	2	2	1	0	0.639846743295019	0.58688684503902	0.61222361570922	0	2	0	0.0
GC_00002786	2	2	1	0	1.0	1.0	1.0	0	2	0	0.0
GC_00002787	2	2	1	0	1.0	1.0	1.0	0	2	0	0.0
GC_00002788	2	2	1	0	1.0	1.0	1.0	0	2	0	0.0
GC_00002789	1	2	2	0	1.0	1.0	1.0	0	2	0	0.0
GC_00002790	2	2	1	0	0.590909090909091	0.750132205182443	0.661068291808568	0	2	0	0.0
GC_00002791	2	2	1	0	1.0	1.0	1.0	0	2	0	0.0
GC_00002792	1	2	2	0	1.0	1.0	1.0	0	2	0	0.0
GC_00002793	2	2	1	0	1.0	1.0	1.0	1	1	0	0.5
GC_00002794	1	2	2	0	1.0	1.0	1.0	0	2	0	0.0
GC_00002795	2	2	1	0	1.0	1.0	1.0	1	1	0	0.5
GC_00002796	2	2	1	0	1.0	1.0	1.0	1	1	0	0.5
GC_00002797	1	2	2	0	1.0	1.0	1.0	0	2	0	0.0
GC_00002798	1	2	2	0	1.0	1.0	1.0	0	2	0	0.0
GC_00002799	2	2	1	0	1.0	1.0	1.0	1	1	0	0.5
GC_00002800	1	2	2	0	0.65891472868217	0.502990561351214	0.570490369749336	0	2	0	0.0
GC_00002801	2	2	1	0	0.721598002496879	0.971280690112808	0.828026495824987	0	2	0	0.0
GC_00002802	1	2	2	0	0.736318407960199	0.971331852322015	0.837653399806326	0	2	0	0.0
GC_00002803	2	2	1	0	0.732323232323232	0.630846263893472	0.677807677410147	0	2	0	0.0
GC_00002804	2	2	1	0	0.697674418604651	0.807165038248883	0.748436514225584	0	2	0	0.0
GC_00002805	2	2	1	0	0.637096774193548	0.933242196400092	0.757244905719986	0	2	0	0.0
GC_00002806	2	2	1	0	0.78030303030303	0.796365914786967	0.788252649325626	0	2	0	0.0
GC_00002807	2	2	1	0	0.596899224806202	0.509246743671663	0.54960013451205	1	1	0	0.5
GC_00002808	2	2	1	0	0.751572327044025	0.721518987341773	0.736239089901911	0	2	0	0.0
GC_00002809	1	2	2	0	1.0	0.507967871485943	0.673711795975328	1	1	0	0.5
GC_00002810	1	2	2	0	0.621621621621622	0.513574660633486	0.562456234850526	0	2	0	0.0
GC_00002811	1	2	2	0	0.825870646766169	0.756211180124224	0.789507351397278	0	2	0	0.0
GC_00002812	2	2	1	0	0.729885057471264	0.551218990590249	0.628093409329229	0	2	0	0.0
GC_00002813	2	2	1	0	0.662162162162162	0.552199700564319	0.602202290592396	0	2	0	0.0
GC_00002814	1	2	2	0	0.698630136986301	0.899265318488222	0.786351635821989	0	2	0	0.0
GC_00002815	2	2	1	0	0.58187134502924	0.987031808770936	0.732136365160672	0	2	0	0.0
GC_00002816	2	2	1	0	0.648780487804878	0.722195331235836	0.683522251497387	0	2	0	0.0
GC_00002817	2	2	1	0	0.653333333333333	0.628511655708309	0.640682170735423	0	2	0	0.0
GC_00002818	1	2	2	0	0.814492753623188	0.884908984145625	0.848241989147265	0	2	0	0.0
GC_00002819	2	2	1	0	0.675213675213675	0.917445866141732	0.777908873807343	0	2	0	0.0
GC_00002820	2	2	1	0	0.638655462184874	0.85567375886525	0.731406054635699	0	2	0	0.0
GC_00002821	1	2	2	0	0.780555555555556	0.899899001234429	0.835989479173062	0	2	0	0.0
GC_00002822	2	2	1	0	0.628985507246377	0.944045522286954	0.754964066888737	0	2	0	0.0
GC_00002823	2	2	1	0	0.585185185185185	0.606314432989691	0.595562463197446	0	2	0	0.0
GC_00002824	2	2	1	0	0.662280701754386	0.977647546934968	0.789640771137413	0	2	0	0.0
GC_00002825	1	2	2	0	0.984313725490196	0.539273063298938	0.696795065300022	0	2	0	0.0
GC_00002826	2	2	1	0	0.7825311942959	0.994680851063831	0.875943640330988	0	2	0	0.0
GC_00002827	2	2	1	0	1.0	0.52730475631239	0.690503652441369	0	2	0	0.0
GC_00002828	2	2	1	0	0.813725490196078	0.507840013416066	0.625383097135457	0	2	0	0.0
GC_00002829	1	2	2	0	0.753554502369668	0.95120459826342	0.840921755372877	0	2	0	0.0
GC_00002830	2	2	1	0	0.623306233062331	1.0	0.767946577629382	0	2	0	0.0
GC_00002831	2	2	1	0	0.672222222222222	0.898776792728088	0.769163732300045	0	2	0	0.0
GC_00002832	1	2	2	0	0.87037037037037	0.858371040723982	0.864329061403339	0	2	0	0.0
GC_00002833	2	2	1	0	0.717948717948718	0.704937766518231	0.711383755809584	0	2	0	0.0
GC_00002834	2	2	1	0	0.830729166666667	0.504992967651197	0.628143198965024	0	2	0	0.0
GC_00002835	2	2	1	0	0.717813051146384	0.924820659971305	0.808273122856484	0	2	0	0.0
GC_00002836	1	2	2	0	1.0	0.493674843674841	0.661020496884407	0	2	0	0.0
GC_00002837	1	2	2	0	0.663082437275986	0.515308757142144	0.579929972752714	0	2	0	0.0
GC_00002838	1	2	2	0	0.928104575163399	0.868205727644652	0.89715647318889	0	2	0	0.0
GC_00002839	1	2	2	0	0.872222222222222	0.794705294705295	0.831661378339055	1	1	0	0.5
GC_00002840	1	2	2	0	0.837837837837838	0.539572746094486	0.65641206509887	0	2	0	0.0
GC_00002841	2	2	1	0	0.917721518987342	0.556507754268952	0.692862570077523	0	2	0	0.0
GC_00002842	2	2	1	0	0.617486338797814	0.756302521008403	0.679881004111375	0	2	0	0.0
GC_00002843	1	2	2	0	1.0	0.477413223056938	0.64628259122944	0	2	0	0.0
GC_00002844	1	2	2	0	0.972972972972973	0.621864542043459	0.758769951874711	0	2	0	0.0
GC_00002845	2	2	1	0	0.660919540229885	0.702241489397453	0.680954211887641	0	2	0	0.0
GC_00002846	2	2	1	0	0.718213058419244	0.632438275116622	0.672602049921774	0	2	0	0.0
GC_00002847	2	2	1	0	0.821969696969697	0.768067226890756	0.794104811361171	0	2	0	0.0
GC_00002848	1	2	2	0	0.564102564102564	0.694828092859242	0.622678154074509	0	2	0	0.0
GC_00002849	2	2	1	0	0.68018018018018	0.790055841924398	0.731012322964724	0	2	0	0.0
GC_00002850	1	2	2	0	0.760416666666667	1.0	0.863905325443787	0	2	0	0.0
GC_00002851	2	2	1	0	0.759375	0.964128416991228	0.849589283589381	0	2	0	0.0
GC_00002852	2	2	1	0	0.873015873015873	0.519998771196853	0.651776609943918	0	2	0	0.0
GC_00002853	1	2	2	0	0.689922480620155	0.607373678025853	0.646021730372405	0	2	0	0.0
GC_00002854	2	2	1	0	0.734006734006734	0.98029702970297	0.839459886119255	0	2	0	0.0
GC_00002855	2	2	1	0	0.670250896057348	0.701804792917033	0.685665013584978	0	2	0	0.0
GC_00002856	2	2	1	0	0.625925925925926	0.994475138121548	0.768288524921391	0	2	0	0.0
GC_00002857	2	2	1	0	0.769047619047619	0.739643367321807	0.754058950073046	0	2	0	0.0
GC_00002858	2	2	1	0	0.875	0.6620029455081	0.753742963229129	0	2	0	0.0
GC_00002859	2	2	1	0	0.760714285714286	0.969050365244137	0.852336132559319	0	2	0	0.0
GC_00002860	2	2	1	0	0.634615384615385	1.0	0.776470588235294	0	2	0	0.0
GC_00002861	2	2	1	0	0.703703703703704	0.641293532338309	0.671050648692341	0	2	0	0.0
GC_00002862	2	2	1	0	0.621212121212121	0.678899082568807	0.648775793862932	0	2	0	0.0
GC_00002863	2	2	1	0	0.633559066967645	0.984548379114079	0.770986567012583	0	2	0	0.0
GC_00002864	2	2	1	0	0.908983451536643	0.944670153307445	0.926483280665889	0	2	0	0.0
GC_00002865	1	2	2	0	0.608187134502924	0.519443970663484	0.560323564338045	0	2	0	0.0
GC_00002866	2	2	1	0	0.877068557919622	0.982627128968593	0.926852027515603	0	2	0	0.0
GC_00002867	2	2	1	0	0.704545454545455	0.579173175507691	0.635737175804182	0	2	0	0.0
GC_00002868	2	2	1	0	0.615740740740741	0.531802120141344	0.570701526793734	0	2	0	0.0
GC_00002869	2	2	1	0	0.704761904761905	0.497743288412001	0.583432836739467	0	2	0	0.0
GC_00002870	2	2	1	0	0.832142857142857	0.985952819389833	0.902541716286139	0	2	0	0.0
GC_00002871	2	2	1	0	0.781395348837209	0.726003437468404	0.752681658538395	0	2	0	0.0
GC_00002872	1	2	2	0	0.85	0.505063093939868	0.633628990072603	1	1	0	0.5
GC_00002873	2	2	1	0	0.666666666666667	0.598676791218707	0.630845101107129	0	2	0	0.0
GC_00002874	1	2	2	0	1.0	0.610928961748634	0.758480325644505	0	2	0	0.0
GC_00002875	2	2	1	0	0.72206572769953	0.991643584808221	0.835651462540419	0	2	0	0.0
GC_00002876	2	2	1	0	0.739803094233474	0.843847294292065	0.788407395850864	0	2	0	0.0
GC_00002877	1	2	2	0	0.646090534979424	0.681797778027158	0.663464068233223	0	2	0	0.0
GC_00002878	2	2	1	0	0.688888888888889	0.957051792828687	0.801125281723855	0	2	0	0.0
GC_00002879	2	2	1	0	0.871794871794872	0.508248312268414	0.64213682202235	1	1	0	0.5
GC_00002880	2	2	1	0	0.695035460992908	0.509108527131784	0.587717886465615	0	2	0	0.0
GC_00002881	1	2	2	0	0.659863945578231	0.530581668625147	0.588202785802623	0	2	0	0.0
GC_00002882	2	2	1	0	0.69047619047619	0.787513691128148	0.735809439788266	0	2	0	0.0
GC_00002883	2	2	1	0	0.611111111111111	0.635011441647598	0.622832075086717	0	2	0	0.0
GC_00002884	2	2	1	0	0.658119658119658	0.593826920585566	0.624322437722864	0	2	0	0.0
GC_00002885	2	2	1	0	0.614583333333333	0.516599150281592	0.561347496758637	0	2	0	0.0
GC_00002886	2	2	1	0	0.719646799116998	0.534795833717392	0.613601769968921	0	2	0	0.0
GC_00002887	2	2	1	0	0.675757575757576	0.609955614247458	0.641172744291395	0	2	0	0.0
GC_00002888	2	2	1	0	0.741016109045849	0.981805299323546	0.844583819554367	0	2	0	0.0
GC_00002889	1	2	2	0	0.801801801801802	0.901832918854195	0.84888063209118	0	2	0	0.0
GC_00002890	1	2	2	0	0.802005012531328	0.555150738328094	0.656127602992735	0	2	0	0.0
GC_00002891	2	2	1	0	0.636998254799302	0.572828507795099	0.603211585404641	0	2	0	0.0
GC_00002892	2	2	1	0	0.677002583979328	0.949673202614378	0.790484763349394	0	2	0	0.0
GC_00002893	1	2	2	0	1.0	0.48967558607625	0.657425805528621	0	2	0	0.0
GC_00002894	2	2	1	0	0.718518518518519	0.513060867391576	0.598652005003488	0	2	0	0.0
GC_00002895	1	2	2	0	0.674074074074074	0.538915094339621	0.598964446972915	0	2	0	0.0
GC_00002896	2	2	1	0	0.903954802259887	0.881592039800996	0.89263338181864	0	2	0	0.0
GC_00002897	1	2	2	0	0.779342723004695	0.715039806161301	0.745807795145331	0	2	0	0.0
GC_00002898	1	2	2	0	0.865800865800866	1.0	0.928074245939675	0	2	0	0.0
GC_00002899	2	2	1	0	0.949206349206349	1.0	0.973941368078176	0	2	0	0.0
GC_00002900	1	2	2	0	0.951890034364261	0.979901051329623	0.965692462638828	0	2	0	0.0
GC_00002901	2	2	1	0	0.642735042735043	0.994897959183674	0.780951265104835	0	2	0	0.0
GC_00002902	1	2	2	0	1.0	0.49079822616408	0.658436826057857	0	2	0	0.0
GC_00002903	2	2	1	0	0.706467661691542	0.775208986415883	0.739243721840439	0	2	0	0.0
GC_00002904	2	2	1	0	0.685185185185185	0.565774958632102	0.619780928624211	0	2	0	0.0
GC_00002905	1	2	2	0	1.0	0.427840506129617	0.599283329325549	0	2	0	0.0
GC_00002906	1	2	2	0	0.951923076923077	1.0	0.975369458128079	0	2	0	0.0
GC_00002907	1	2	2	0	0.727272727272727	0.841119271045832	0.780064048874218	0	2	0	0.0
GC_00002908	1	2	2	0	0.717054263565892	0.941001621329491	0.813904079764239	0	2	0	0.0
GC_00002909	1	2	2	0	0.880597014925373	1.0	0.936507936507936	0	2	0	0.0
GC_00002910	2	2	1	0	0.746666666666667	0.990123639229593	0.851331694772355	0	2	0	0.0
GC_00002911	1	2	2	0	0.635416666666667	0.502791818171588	0.561377472379787	0	2	0	0.0
GC_00002912	2	2	1	0	0.779279279279279	0.780010465724752	0.779644701067034	0	2	0	0.0
GC_00002913	2	2	1	0	0.8	0.507464740282077	0.621006103978109	0	2	0	0.0
GC_00002914	2	2	1	0	0.649669499527856	0.962377003170878	0.775693486460158	0	2	0	0.0
GC_00002915	2	2	1	0	0.65296803652968	0.506733179648033	0.570630718918749	0	2	0	0.0
GC_00002916	1	2	2	0	0.993464052287582	0.524935857094447	0.686913770947669	0	2	0	0.0
GC_00002917	2	2	1	0	0.642342342342342	0.704882246376807	0.6721607028323	0	2	0	0.0
GC_00002918	2	2	1	0	0.703651685393258	0.911004248442667	0.794013958496052	0	2	0	0.0
GC_00002919	2	2	1	0	0.850059737156511	0.982484412648727	0.911487389447406	0	2	0	0.0
GC_00002920	1	2	2	0	0.636904761904762	0.501470094086029	0.561130965244729	0	2	0	0.0
GC_00002921	2	2	1	0	0.69946452476573	0.886716249293915	0.782037671944568	0	2	0	0.0
GC_00002922	2	2	1	0	1.0	0.500919467343056	0.667483470288768	1	1	0	0.5
GC_00002923	2	2	1	0	0.699275362318841	0.905455251407494	0.78912004740934	0	2	0	0.0
GC_00002924	2	2	1	0	0.698347107438017	0.550553012967199	0.615705127760227	0	2	0	0.0
GC_00002925	1	2	2	0	0.980392156862745	0.683236808236807	0.805275722084122	1	1	0	0.5
GC_00002926	1	2	2	0	0.805970149253731	0.636011318897637	0.710974653892267	0	2	0	0.0
GC_00002927	2	2	1	0	0.674418604651163	0.509612313980966	0.580545694034999	0	2	0	0.0
GC_00002928	2	2	1	0	0.772727272727273	0.679997598030386	0.723402896121782	0	2	0	0.0
GC_00002929	2	2	1	0	0.822916666666667	1.0	0.902857142857143	0	2	0	0.0
GC_00002930	2	2	1	0	0.58974358974359	0.538730343622598	0.563083926633671	0	2	0	0.0
GC_00002931	2	2	1	0	0.687645687645688	0.77195135253054	0.727363791551388	0	2	0	0.0
GC_00002932	2	2	1	0	0.65230961298377	0.829358781601514	0.730256119153569	0	2	0	0.0
GC_00002933	1	2	2	0	0.713080168776371	0.570873205741627	0.634101471251581	0	2	0	0.0
GC_00002934	2	2	1	0	0.991666666666667	0.504606335482953	0.668863612413457	0	2	0	0.0
GC_00002935	1	2	2	0	0.724014336917563	0.556798730198252	0.629491178363464	0	2	0	0.0
GC_00002936	2	2	1	0	0.922480620155039	0.612415871138519	0.736130124480949	0	2	0	0.0
GC_00002937	1	2	2	0	1.0	0.449707287531122	0.620411156650777	0	2	0	0.0
GC_00002938	1	2	2	0	0.657894736842105	0.663869463869464	0.660868596675237	0	2	0	0.0
GC_00002939	2	2	1	0	0.764444444444444	0.810108604845448	0.786614363549114	0	2	0	0.0
GC_00002940	1	2	2	0	0.876543209876543	0.511795940314558	0.646256004901045	1	1	0	0.5
GC_00002941	2	2	1	0	0.968253968253968	0.508797653958945	0.66706584939256	0	2	0	0.0
GC_00002942	1	2	2	0	0.800925925925926	0.602274607113318	0.687538717390747	0	2	0	0.0
GC_00002943	1	2	2	0	0.82089552238806	0.641243862520458	0.720032879129104	0	2	0	0.0
GC_00002944	2	2	1	0	0.553333333333333	0.67156862745098	0.606744570727282	0	2	0	0.0
GC_00002945	2	2	1	0	0.701960784313725	0.966300940438871	0.813188189801757	0	2	0	0.0
GC_00002946	1	2	2	0	0.977272727272727	1.0	0.988505747126437	1	1	0	0.5
GC_00002947	2	2	1	0	0.631043256997455	0.984962406015039	0.769247161613412	0	2	0	0.0
GC_00002948	2	2	1	0	0.907407407407407	0.857983193277311	0.882003455449385	0	2	0	0.0
GC_00002949	1	2	2	0	0.978632478632479	0.538717413166243	0.694904135399368	0	2	0	0.0
GC_00002950	1	2	2	0	0.73208722741433	0.559381383133938	0.634186479641755	0	2	0	0.0
GC_00002951	2	2	1	0	0.690058479532164	0.533429684554481	0.601718411122968	0	2	0	0.0
GC_00002952	1	2	2	0	0.748427672955975	0.578491683754841	0.652577992034488	0	2	0	0.0
GC_00002953	2	2	1	0	0.694989106753813	0.968596307344998	0.809292840321523	0	2	0	0.0
GC_00002954	2	2	1	0	0.907692307692308	0.694174757281553	0.786703342813185	0	2	0	0.0
GC_00002955	2	2	1	0	0.620689655172414	0.956776556776556	0.752930625840753	0	2	0	0.0
GC_00002956	1	2	2	0	0.888040712468193	0.555272108843536	0.683295030529807	1	1	0	0.5
GC_00002957	2	2	1	0	0.671497584541063	0.631635057793738	0.650956628421221	0	2	0	0.0
GC_00002958	2	2	1	0	0.68018018018018	0.644965650493773	0.662105018494105	0	2	0	0.0
GC_00002959	2	2	1	0	0.76078431372549	0.697620917966558	0.727834815430508	0	2	0	0.0
GC_00002960	2	2	1	0	0.684931506849315	0.920866173075392	0.785566280754203	0	2	0	0.0
GC_00002961	2	2	1	0	0.59915611814346	0.515664083948507	0.554283623897054	0	2	0	0.0
GC_00002962	2	2	1	0	0.607017543859649	0.916822255414487	0.730427429317257	0	2	0	0.0
GC_00002963	2	2	1	0	0.763218390804598	0.993150684931507	0.863133925609833	0	2	0	0.0
GC_00002964	2	2	1	0	0.800637958532695	0.955280465837208	0.871149583464868	0	2	0	0.0
GC_00002965	1	2	2	0	0.699530516431925	0.832130446404705	0.760090718554534	0	2	0	0.0
GC_00002966	1	2	2	0	0.938697318007663	0.5197247706422	0.669030251393987	1	1	0	0.5
GC_00002967	2	2	1	0	0.644194756554307	0.880120364977674	0.743899888214007	0	2	0	0.0
GC_00002968	2	2	1	0	0.762345679012346	0.539768797549651	0.632034153501056	0	2	0	0.0
GC_00002969	1	2	2	0	0.65679012345679	0.964799588900308	0.781542749409537	0	2	0	0.0
GC_00002970	2	2	1	0	0.764705882352941	0.716464646464647	0.739799663833185	0	2	0	0.0
GC_00002971	2	2	1	0	0.666666666666667	0.887570621468927	0.761420089664364	0	2	0	0.0
GC_00002972	2	2	1	0	0.813333333333333	0.613958454668997	0.699720800836419	0	2	0	0.0
GC_00002973	2	2	1	0	0.748241912798875	1.0	0.855993563958166	0	2	0	0.0
GC_00002974	2	2	1	0	0.614457831325301	0.696796206338192	0.653041856916118	0	2	0	0.0
GC_00002975	1	2	2	0	0.669099756690998	0.909845474613687	0.771119065589615	0	2	0	0.0
GC_00002976	2	2	1	0	0.774946921443737	0.867681498829039	0.818696545137811	0	2	0	0.0
GC_00002977	1	2	2	0	1.0	0.721678321678322	0.838342810722989	0	2	0	0.0
GC_00002978	1	2	2	0	0.948948948948949	0.887619047619047	0.917259980440889	0	2	0	0.0
GC_00002979	2	2	1	0	0.649350649350649	0.709039548022598	0.677883706484457	0	2	0	0.0
GC_00002980	2	2	1	0	0.609903381642512	0.80198137980425	0.69287688190037	0	2	0	0.0
GC_00002981	2	2	1	0	0.657258064516129	0.721922731356696	0.688074454867123	0	2	0	0.0
GC_00002982	1	2	2	0	0.765957446808511	0.536603875341882	0.631088498199649	0	2	0	0.0
GC_00002983	1	2	2	0	0.73208722741433	0.58435341365462	0.64993081660733	0	2	0	0.0
GC_00002984	2	2	1	0	0.593220338983051	0.632820990529421	0.612381122040526	0	2	0	0.0
GC_00002985	2	2	1	0	0.808888888888889	0.651143790849674	0.721494778571127	0	2	0	0.0
GC_00002986	2	2	1	0	0.617283950617284	0.904237288135593	0.733701444711092	0	2	0	0.0
GC_00002987	1	2	2	0	0.966378482228626	1.0	0.982901807523205	0	2	0	0.0
GC_00002988	2	2	1	0	0.742857142857143	0.952219819926546	0.834609059450529	0	2	0	0.0
GC_00002989	2	2	1	0	0.672259507829978	0.789955357142857	0.726370675503121	0	2	0	0.0
GC_00002990	2	2	1	0	0.658119658119658	0.520164773104776	0.581066257976211	0	2	0	0.0
GC_00002991	2	2	1	0	0.587677725118483	0.576401293873412	0.581984892111925	0	2	0	0.0
GC_00002992	1	2	2	0	0.906666666666667	0.531089792396325	0.669823333065021	1	1	0	0.5
GC_00002993	2	2	1	0	0.622516556291391	0.56720669396475	0.593575956015555	0	2	0	0.0
GC_00002994	2	2	1	0	0.840909090909091	0.838110023087334	0.839507223856021	0	2	0	0.0
GC_00002995	2	2	1	0	0.732426303854875	0.980167224080267	0.838377870034776	0	2	0	0.0
GC_00002996	1	2	2	0	0.732323232323232	0.515937564181557	0.605375200016487	0	2	0	0.0
GC_00002997	2	2	1	0	0.798245614035088	0.698308270676692	0.744940118770865	0	2	0	0.0
GC_00002998	2	2	1	0	0.849829351535836	0.996598639455782	0.917380780233253	0	2	0	0.0
GC_00002999	1	2	2	0	0.69047619047619	0.519247965662166	0.592743982871942	0	2	0	0.0
GC_00003000	2	2	1	0	0.756756756756757	0.960012326964406	0.846352397522657	0	2	0	0.0
GC_00003001	1	2	2	0	0.671497584541063	0.506983782807065	0.577757773671899	0	2	0	0.0
GC_00003002	2	2	1	0	0.885802469135803	0.74568273375215	0.809725525650328	0	2	0	0.0
GC_00003003	1	2	2	0	0.965936739659367	1.0	0.982673267326733	0	2	0	0.0
GC_00003004	2	2	1	0	0.712719298245614	0.54544842498792	0.617964698200111	0	2	0	0.0
GC_00003005	2	2	1	0	0.60952380952381	0.544699140401144	0.575291099736384	0	2	0	0.0
GC_00003006	1	2	2	0	0.7	0.509802998933433	0.589950759864232	0	2	0	0.0
GC_00003007	1	2	2	0	0.964539007092199	0.727869878010635	0.829656350316359	0	2	0	0.0
GC_00003008	2	2	1	0	0.66025641025641	0.55701754385965	0.604259053954176	0	2	0	0.0
GC_00003009	2	2	1	0	0.627906976744186	0.580551451503416	0.603301360207435	0	2	0	0.0
GC_00003010	1	2	2	0	0.771739130434783	0.522720327229128	0.623277505383456	0	2	0	0.0
GC_00003011	1	2	2	0	0.71875	0.580493346316131	0.642265506069714	0	2	0	0.0
GC_00003012	2	2	1	0	0.707070707070707	0.505925792911496	0.589820841403068	0	2	0	0.0
GC_00003013	2	2	1	0	0.633333333333333	0.831050228310502	0.718844194990126	1	1	0	0.5
GC_00003014	2	2	1	0	0.63226571767497	0.725369660781869	0.675625247296071	0	2	0	0.0
GC_00003015	2	2	1	0	0.808219178082192	0.51622162142143	0.630032259244583	0	2	0	0.0
GC_00003016	2	2	1	0	0.79296066252588	0.592968520152988	0.678534973466178	0	2	0	0.0
GC_00003017	2	2	1	0	0.650118203309693	0.731856374223034	0.688570048719811	0	2	0	0.0
GC_00003018	2	2	1	0	0.659259259259259	0.551610885204879	0.600650012294168	0	2	0	0.0
GC_00003019	2	2	1	0	0.78921568627451	0.971635610766046	0.87097651760632	0	2	0	0.0
GC_00003020	1	2	2	0	1.0	0.410193059066883	0.581754471743472	0	2	0	0.0
GC_00003021	2	2	1	0	0.575757575757576	0.605882352941177	0.590435963192035	0	2	0	0.0
GC_00003022	2	2	1	0	0.7	0.677308944001795	0.688467555323795	0	2	0	0.0
GC_00003023	2	2	1	0	0.904428904428904	0.942357964447542	0.923003943474718	0	2	0	0.0
GC_00003024	2	2	1	0	0.81767955801105	0.523449070264931	0.638288670290686	0	2	0	0.0
GC_00003025	2	2	1	0	0.746221161495624	0.932769116555311	0.829131725969453	0	2	0	0.0
GC_00003026	2	2	1	0	0.752358490566038	0.882017521345587	0.812044922558795	0	2	0	0.0
GC_00003027	1	2	2	0	0.780555555555556	0.526435252220871	0.628790896334416	0	2	0	0.0
GC_00003028	2	2	1	0	0.632478632478632	0.975104602510461	0.76727949395867	0	2	0	0.0
GC_00003029	2	2	1	0	0.671361502347418	0.641547049441787	0.656115752087727	0	2	0	0.0
GC_00003030	1	2	2	0	0.959349593495935	1.0	0.979253112033195	0	2	0	0.0
GC_00003031	1	2	2	0	0.647509578544061	0.592138318309442	0.618587316449336	0	2	0	0.0
GC_00003032	2	2	1	0	0.644214162348877	0.898492678725235	0.750397538910984	0	2	0	0.0
GC_00003033	2	2	1	0	0.759873617693523	0.947521512543933	0.84338602919532	0	2	0	0.0
GC_00003034	2	2	1	0	0.675925925925926	0.645591250854408	0.660410430784703	0	2	0	0.0
GC_00003035	2	2	1	0	0.6875	0.835007496251874	0.754108147364016	0	2	0	0.0
GC_00003036	1	2	2	0	0.732394366197183	0.83012563485699	0.778203591371552	0	2	0	0.0
GC_00003037	2	2	1	0	0.861111111111111	0.9700061842919	0.912320696481008	0	2	0	0.0
GC_00003038	2	2	1	0	0.873873873873874	0.584771828510452	0.700672990401193	0	2	0	0.0
GC_00003039	1	2	2	0	0.794444444444444	0.924519230769231	0.854560427608067	0	2	0	0.0
GC_00003040	1	2	2	0	0.63677130044843	0.957525529080952	0.764882379582267	0	2	0	0.0
GC_00003041	1	2	2	0	0.970588235294118	0.571495825748541	0.719399336267294	1	1	0	0.5
GC_00003042	1	2	2	0	0.861111111111111	0.594850948509485	0.703634765524017	0	2	0	0.0
GC_00003043	1	2	2	0	0.764227642276423	0.717741935483871	0.740255718267486	0	2	0	0.0
GC_00003044	2	2	1	0	0.91156462585034	0.98	0.944544342947565	0	2	0	0.0
GC_00003045	2	2	1	0	0.671717171717172	0.54294122357463	0.600502897805431	0	2	0	0.0
GC_00003046	1	2	2	0	0.968824940047962	1.0	0.984165651644336	1	1	0	0.5
GC_00003047	2	2	1	0	0.575091575091575	0.553177674466924	0.563921812526866	0	2	0	0.0
GC_00003048	2	2	1	0	0.627450980392157	0.935897435897436	0.751246181058048	0	2	0	0.0
GC_00003049	2	2	1	0	0.677333333333333	0.54446203802508	0.603672751974775	0	2	0	0.0
GC_00003050	2	2	1	0	0.717171717171717	0.517234094692459	0.601010883625304	0	2	0	0.0
GC_00003051	1	2	2	0	0.728070175438597	0.520987981618949	0.607362930277446	0	2	0	0.0
GC_00003052	1	2	2	0	0.923172242874845	0.576067272241902	0.709438765987886	0	2	0	0.0
GC_00003053	2	2	1	0	0.794871794871795	0.891363636363636	0.840356928095992	0	2	0	0.0
GC_00003054	1	2	2	0	0.711711711711712	0.533263410248725	0.609698632216373	0	2	0	0.0
GC_00003055	2	2	1	0	0.796363636363636	1.0	0.88663967611336	0	2	0	0.0
GC_00003056	2	2	1	0	0.627450980392157	0.502230598563826	0.557900717019819	1	1	0	0.5
GC_00003057	2	2	1	0	0.791327913279133	0.880091185410333	0.833352594561335	0	2	0	0.0
GC_00003058	2	2	1	0	0.935294117647059	0.672589869281044	0.782481016593014	0	2	0	0.0
GC_00003059	2	2	1	0	0.587878787878788	0.52014652014652	0.551942457574483	0	2	0	0.0
GC_00003060	2	2	1	0	0.691823899371069	0.586759220886861	0.634974833867647	0	2	0	0.0
GC_00003061	1	2	2	0	1.0	0.671130952380953	0.803205699020481	0	2	0	0.0
GC_00003062	2	2	1	0	0.631782945736434	0.92601683029453	0.751112755113614	0	2	0	0.0
GC_00003063	1	2	2	0	0.811936936936937	0.970880069025019	0.884323390164158	0	2	0	0.0
GC_00003064	2	2	1	0	0.842105263157895	0.79544613106257	0.818110962367991	0	2	0	0.0
GC_00003065	2	2	1	0	0.627272727272727	0.865342027559056	0.727321570275988	0	2	0	0.0
GC_00003066	2	2	1	0	0.638418079096045	0.983444816053512	0.774231844429675	0	2	0	0.0
GC_00003067	1	2	2	0	0.823008849557522	0.751632669515439	0.785703070997314	0	2	0	0.0
GC_00003068	2	2	1	0	0.63718820861678	0.587851002865329	0.611526102901086	0	2	0	0.0
GC_00003069	1	2	2	0	0.770114942528736	0.550302802685321	0.641912626211647	0	2	0	0.0
GC_00003070	2	2	1	0	0.671232876712329	0.567894413750768	0.615254629519665	0	2	0	0.0
GC_00003071	1	2	2	0	1.0	0.414914312181566	0.586486840382349	0	2	0	0.0
GC_00003072	2	2	1	0	0.607017543859649	0.559690917355151	0.582394346604346	0	2	0	0.0
GC_00003073	1	2	2	0	1.0	0.500315370903611	0.666946937432602	0	2	0	0.0
GC_00003074	1	2	2	0	0.803921568627451	0.583057851239669	0.675904452012781	0	2	0	0.0
GC_00003075	2	2	1	0	0.707165109034268	0.955839768339769	0.812909863577331	0	2	0	0.0
GC_00003076	2	2	1	0	0.690972222222222	0.945017256255394	0.798270016015963	0	2	0	0.0
GC_00003077	2	2	1	0	0.789473684210526	0.617595048629531	0.693036561771369	0	2	0	0.0
GC_00003078	2	2	1	0	0.759036144578313	0.879287428301265	0.814748625487828	0	2	0	0.0
GC_00003079	2	2	1	0	0.776515151515151	0.505187652675996	0.612132337353895	0	2	0	0.0
GC_00003080	1	2	2	0	0.87037037037037	0.607444668008048	0.715518284688464	1	1	0	0.5
GC_00003081	1	2	2	0	0.994047619047619	1.0	0.997014925373134	0	2	0	0.0
GC_00003082	2	2	1	0	0.783950617283951	0.758237689744538	0.770879797511273	0	2	0	0.0
GC_00003083	2	2	1	0	0.780141843971631	0.527644770312733	0.629518240327022	0	2	0	0.0
GC_00003084	2	2	1	0	0.708967851099831	0.617903040628124	0.66031049988847	0	2	0	0.0
GC_00003085	2	2	1	0	0.886178861788618	0.581188118811882	0.701987481554219	0	2	0	0.0
GC_00003086	1	2	2	0	1.0	0.418561408463967	0.590120957706285	0	2	0	0.0
GC_00003087	1	2	2	0	0.670498084291188	0.900021477663231	0.768487946553364	0	2	0	0.0
GC_00003088	2	2	1	0	0.603305785123967	0.901326699834163	0.722801903764261	0	2	0	0.0
GC_00003089	2	2	1	0	0.845679012345679	0.86844350893162	0.856910098076354	0	2	0	0.0
GC_00003090	2	2	1	0	0.760683760683761	0.815051020408163	0.786929479240897	0	2	0	0.0
GC_00003091	2	2	1	0	0.683908045977011	0.571340564564034	0.622576923514729	0	2	0	0.0
GC_00003092	1	2	2	0	0.836065573770492	0.512508031112873	0.635471908307784	0	2	0	0.0
GC_00003093	1	2	2	0	0.92156862745098	0.49697257202001	0.64572580796111	0	2	0	0.0
GC_00003094	2	2	1	0	0.700680272108844	0.511625895725228	0.591411940888103	0	2	0	0.0
GC_00003095	1	2	2	0	0.688405797101449	0.905882352941177	0.782311106357949	0	2	0	0.0
GC_00003096	2	2	1	0	0.863636363636364	0.533940640611226	0.659900029627931	1	1	0	0.5
GC_00003097	2	2	1	0	0.80327868852459	0.511020378667435	0.624655057333829	0	2	0	0.0
GC_00003098	2	2	1	0	0.597222222222222	0.531708246048372	0.562564283990563	0	2	0	0.0
GC_00003099	2	2	1	0	0.772222222222222	0.514311080486573	0.617414947052872	0	2	0	0.0
GC_00003100	2	2	1	0	0.833333333333333	1.0	0.909090909090909	0	2	0	0.0
GC_00003101	2	2	1	0	0.926829268292683	1.0	0.962025316455696	0	2	0	0.0
GC_00003102	2	2	1	0	0.624472573839662	0.993710691823901	0.76696513496671	0	2	0	0.0
GC_00003103	2	2	1	0	0.72280701754386	0.609969952219101	0.661611915507923	0	2	0	0.0
GC_00003104	1	2	2	0	0.760683760683761	0.836282194848824	0.796693608610235	0	2	0	0.0
GC_00003105	1	2	2	0	1.0	0.513655336911151	0.678695241096754	0	2	0	0.0
GC_00003106	2	2	1	0	0.684782608695652	0.753843269591302	0.717655324417047	0	2	0	0.0
GC_00003107	1	2	2	0	0.954436450839328	1.0	0.976687116564417	0	2	0	0.0
GC_00003108	1	2	2	0	0.698245614035088	0.553059685412626	0.617229863582349	0	2	0	0.0
GC_00003109	2	2	1	0	0.927083333333333	0.602691511387163	0.730493454349622	0	2	0	0.0
GC_00003110	2	2	1	0	0.822751322751323	0.91510631545541	0.86647480777072	0	2	0	0.0
GC_00003111	2	2	1	0	0.842767295597484	0.518155467720686	0.641747634767014	0	2	0	0.0
GC_00003112	1	2	2	0	0.879310344827586	0.471022918773172	0.613441638879141	0	2	0	0.0
GC_00003113	1	2	2	0	0.675675675675676	0.830337078651685	0.745064827697457	0	2	0	0.0
GC_00003114	2	2	1	0	0.776556776556777	0.539553752535496	0.636715706753079	0	2	0	0.0
GC_00003115	2	2	1	0	0.645833333333333	0.79825489159175	0.714000167840277	0	2	0	0.0
GC_00003116	2	2	1	0	0.852886405959032	0.988996189222695	0.915912238423753	0	2	0	0.0
GC_00003117	1	2	2	0	0.960709759188847	0.742464423383473	0.837604074432046	0	2	0	0.0
GC_00003118	2	2	1	0	0.566523605150215	0.987342228633251	0.719949775226609	0	2	0	0.0
GC_00003119	2	2	1	0	0.826007326007326	0.829736547085204	0.827867736896164	0	2	0	0.0
GC_00003120	2	2	1	0	0.63768115942029	0.506550384162629	0.564601872914912	0	2	0	0.0
GC_00003121	2	2	1	0	0.71900826446281	1.0	0.836538461538462	0	2	0	0.0
GC_00003122	1	2	2	0	0.970720720720721	0.862750369673343	0.913556439519726	0	2	0	0.0
GC_00003123	1	2	2	0	0.712018140589569	0.864740282077743	0.780983007779126	0	2	0	0.0
GC_00003124	2	2	1	0	0.698198198198198	0.730548068283917	0.714006898130208	0	2	0	0.0
GC_00003125	2	2	1	0	0.679824561403509	0.78368085132649	0.728067674228205	0	2	0	0.0
GC_00003126	1	2	2	0	0.721393034825871	0.527704683858358	0.609531948839695	0	2	0	0.0
GC_00003127	2	2	1	0	0.644675925925926	0.916054999494491	0.756771837322445	0	2	0	0.0
GC_00003128	2	2	1	0	0.764631043256997	0.918145012881852	0.834385747883654	0	2	0	0.0
GC_00003129	2	2	1	0	0.848822800495663	0.989011287171697	0.913570312067087	0	2	0	0.0
GC_00003130	2	2	1	0	0.649122807017544	0.705435417884278	0.676108579474059	0	2	0	0.0
GC_00003131	1	2	2	0	0.869047619047619	0.61544227886057	0.720582400538636	0	2	0	0.0
GC_00003132	1	2	2	0	0.691358024691358	0.534043626276636	0.602602985347648	0	2	0	0.0
GC_00003133	2	2	1	0	0.753357753357753	0.880328139170581	0.811908864704428	0	2	0	0.0
GC_00003134	2	2	1	0	0.820224719101124	0.788535219569703	0.804067858014012	0	2	0	0.0
GC_00003135	2	2	1	0	0.82560706401766	0.601215479488786	0.69576661669905	0	2	0	0.0
GC_00003136	2	2	1	0	0.824561403508772	0.493014310764187	0.617073565685668	0	2	0	0.0
GC_00003137	2	2	1	0	0.645276292335116	0.992063604040861	0.781945307254765	0	2	0	0.0
GC_00003138	1	2	2	0	1.0	0.463890923890922	0.633777990313556	0	2	0	0.0
GC_00003139	2	2	1	0	0.644257703081233	0.931902066929133	0.761832774265603	0	2	0	0.0
GC_00003140	2	2	1	0	0.727272727272727	0.880634920634922	0.796639982769143	0	2	0	0.0
GC_00003141	1	2	2	0	0.884353741496599	1.0	0.938628158844765	0	2	0	0.0
GC_00003142	2	2	1	0	0.685897435897436	0.705079213438421	0.695356064866944	0	2	0	0.0
GC_00003143	1	2	2	0	0.631808278867102	0.730714285714284	0.677671470846558	0	2	0	0.0
GC_00003144	1	2	2	0	0.968599033816425	0.771778506123859	0.859059483584813	0	2	0	0.0
GC_00003145	2	2	1	0	0.955223880597015	0.657456202820111	0.778849905617598	0	2	0	0.0
GC_00003146	2	2	1	0	0.661904761904762	0.666322314049586	0.664106191805986	0	2	0	0.0
GC_00003147	2	2	1	0	0.855855855855856	0.511558441558442	0.640362308114199	0	2	0	0.0
GC_00003148	1	2	2	0	0.736842105263158	0.676470588235295	0.705366922234393	0	2	0	0.0
GC_00003149	2	2	1	0	0.997354497354497	0.547657375243582	0.707060645805972	0	2	0	0.0
GC_00003150	2	2	1	0	0.820289855072464	0.558584323889535	0.664601688943114	0	2	0	0.0
GC_00003151	2	2	1	0	0.814814814814815	0.61986301369863	0.704093360445584	0	2	0	0.0
GC_00003152	2	2	1	0	0.752168525402726	0.992633593002595	0.855830856735043	0	2	0	0.0
GC_00003153	2	2	1	0	1.0	0.848173515981735	0.917850525015441	0	2	0	0.0
GC_00003154	2	2	1	0	0.836213991769547	1.0	0.910802330793366	0	2	0	0.0
GC_00003155	2	2	1	0	0.734299516908213	0.582994984475759	0.649957826455207	0	2	0	0.0
GC_00003156	1	2	2	0	0.939102564102564	0.950923714967952	0.944976171899059	0	2	0	0.0
GC_00003157	1	2	2	0	0.96551724137931	0.731512605042017	0.832381391457282	0	2	0	0.0
GC_00003158	2	2	1	0	0.648148148148148	0.524154589371979	0.579594017094016	0	2	0	0.0
GC_00003159	2	2	1	0	0.642222222222222	0.877056983544131	0.741490415783199	0	2	0	0.0
GC_00003160	2	2	1	0	0.645161290322581	0.550751879699248	0.594230086700806	0	2	0	0.0
GC_00003161	2	2	1	0	0.836088154269972	0.983789613406341	0.903945151341807	0	2	0	0.0
GC_00003162	1	2	2	0	0.770833333333333	0.615370573201897	0.684384379441088	1	1	0	0.5
GC_00003163	2	2	1	0	0.691441441441441	0.943818389678261	0.798154685144108	0	2	0	0.0
GC_00003164	1	2	2	0	0.957854406130268	0.679166666666668	0.794788527739583	0	2	0	0.0
GC_00003165	1	2	2	0	0.870833333333333	0.710582433693189	0.782588465656513	1	1	0	0.5
GC_00003166	2	2	1	0	0.784313725490196	1.0	0.879120879120879	0	2	0	0.0
GC_00003167	1	2	2	0	0.851581508515815	0.773678025851938	0.810762695346171	0	2	0	0.0
GC_00003168	2	2	1	0	0.702020202020202	0.504501977504138	0.587093360035328	0	2	0	0.0
GC_00003169	1	2	2	0	0.934895833333333	0.618861688748498	0.744738102307484	1	1	0	0.5
GC_00003170	2	2	1	0	0.666666666666667	0.888888888888888	0.761904761904762	0	2	0	0.0
GC_00003171	1	2	2	0	0.84593837535014	0.876824817518249	0.861104723700393	0	2	0	0.0
GC_00003172	2	2	1	0	0.712592592592593	0.836889387984278	0.769755552078018	0	2	0	0.0
GC_00003173	2	2	1	0	0.738396624472574	0.898144581407294	0.810473851580075	0	2	0	0.0
GC_00003174	2	2	1	0	0.587878787878788	0.57468297609696	0.581205991580337	0	2	0	0.0
GC_00003175	2	2	1	0	0.710045662100457	0.881826708029724	0.786667625507724	0	2	0	0.0
GC_00003176	2	2	1	0	0.714285714285714	0.98	0.826306913996627	0	2	0	0.0
GC_00003177	2	2	1	0	0.728937728937729	0.688987622976833	0.708399878005988	0	2	0	0.0
GC_00003178	1	2	2	0	0.794871794871795	0.652434456928839	0.716644106484062	0	2	0	0.0
GC_00003179	2	2	1	0	0.695652173913043	0.497132815390308	0.579872360653638	0	2	0	0.0
GC_00003180	2	2	1	0	0.728070175438597	0.950949367088608	0.824716871951724	0	2	0	0.0
GC_00003181	1	2	2	0	1.0	0.464879012873244	0.634699533255543	0	2	0	0.0
GC_00003182	2	2	1	0	0.956989247311828	0.68887417218543	0.801093417257751	0	2	0	0.0
GC_00003183	2	2	1	0	0.622222222222222	0.601398601398602	0.611633223266447	1	1	0	0.5
GC_00003184	2	2	1	0	0.726190476190476	0.852121212121212	0.784131947301535	0	2	0	0.0
GC_00003185	2	2	1	0	0.901785714285714	0.870661896243292	0.8859505413204	0	2	0	0.0
GC_00003186	2	2	1	0	0.637130801687764	0.683720930232558	0.659604184000951	0	2	0	0.0
GC_00003187	1	2	2	0	0.729292929292929	0.710544334132146	0.719796565896688	0	2	0	0.0
GC_00003188	2	2	1	0	0.608974358974359	0.799864314789688	0.691487062978077	0	2	0	0.0
GC_00003189	2	2	1	0	0.808259587020649	0.878146727403499	0.841755044634128	0	2	0	0.0
GC_00003190	1	2	2	0	1.0	0.538461538461538	0.699999999999999	1	1	0	0.5
GC_00003191	2	2	1	0	0.635555555555556	0.498147767910611	0.55852457134062	0	2	0	0.0
GC_00003192	2	2	1	0	0.61231884057971	0.728622540250447	0.665427013357128	0	2	0	0.0
GC_00003193	2	2	1	0	0.869731800766284	0.738967741935483	0.799035155840647	0	2	0	0.0
GC_00003194	2	2	1	0	0.834945196647324	0.98302009777295	0.902952230565039	0	2	0	0.0
GC_00003195	1	2	2	0	0.982658959537572	1.0	0.991253644314869	0	2	0	0.0
GC_00003196	1	2	2	0	0.818666666666667	0.823460410557186	0.821056541595433	0	2	0	0.0
GC_00003197	1	2	2	0	0.676767676767677	0.580240909771061	0.624798106674226	0	2	0	0.0
GC_00003198	2	2	1	0	0.78494623655914	0.539406856520951	0.639414645856399	0	2	0	0.0
GC_00003199	2	2	1	0	0.62962962962963	0.804987212276215	0.706591175451049	0	2	0	0.0
GC_00003200	1	2	2	0	0.916666666666667	0.533084906317477	0.674130896948781	0	2	0	0.0
GC_00003201	1	2	2	0	1.0	0.478939675790593	0.647679798751179	0	2	0	0.0
GC_00003202	1	2	2	0	0.962546816479401	0.526491268294545	0.680670963870008	0	2	0	0.0
GC_00003203	2	2	1	0	0.770666666666667	0.928413488114981	0.842217274047198	0	2	0	0.0
GC_00003204	2	2	1	0	0.841666666666667	0.556497175141244	0.670000336734351	0	2	0	0.0
GC_00003205	2	2	1	0	0.698717948717949	0.62621359223301	0.660481939029546	1	1	0	0.5
GC_00003206	2	2	1	0	0.688235294117647	0.922003525264394	0.788150626788851	0	2	0	0.0
GC_00003207	1	2	2	0	0.944020356234097	0.977780271574457	0.960603786817311	0	2	0	0.0
GC_00003208	2	2	1	0	0.624561403508772	0.774580645161291	0.691528319561992	0	2	0	0.0
GC_00003209	1	2	2	0	0.80089485458613	0.993333333333335	0.886794178033799	0	2	0	0.0
GC_00003210	2	2	1	0	0.885057471264368	1.0	0.939024390243902	0	2	0	0.0
GC_00003211	1	2	2	0	0.804878048780488	0.584875040571243	0.677462903363618	0	2	0	0.0
GC_00003212	2	2	1	0	0.670781893004115	0.922413793103448	0.776726268676657	0	2	0	0.0
GC_00003213	1	2	2	0	0.740384615384615	0.601594888552895	0.663812821092573	0	2	0	0.0
GC_00003214	2	2	1	0	0.928571428571429	0.500000000000001	0.650000000000001	0	2	0	0.0
GC_00003215	2	2	1	0	0.859126984126984	0.568209003121628	0.684020709302913	0	2	0	0.0
GC_00003216	2	2	1	0	0.691056910569106	0.554263128176172	0.615146874831811	0	2	0	0.0
GC_00003217	2	2	1	0	0.852813852813853	0.533059905543129	0.656049469276011	0	2	0	0.0
GC_00003218	2	2	1	0	0.784810126582278	0.563947696139477	0.656295526649654	0	2	0	0.0
GC_00003219	2	2	1	0	0.822857142857143	0.94245858761988	0.878606322122916	0	2	0	0.0
GC_00003220	2	2	1	0	0.634920634920635	0.888833499501494	0.740721507615452	0	2	0	0.0
GC_00003221	2	2	1	0	0.72972972972973	0.571520618556701	0.641007454197503	0	2	0	0.0
GC_00003222	2	2	1	0	0.800524934383202	0.92319898444938	0.857496723662693	0	2	0	0.0
GC_00003223	2	2	1	0	0.618421052631579	0.564319566689234	0.590132941663842	0	2	0	0.0
GC_00003224	2	2	1	0	0.693055555555556	0.755808843724251	0.723073212843782	0	2	0	0.0
GC_00003225	1	2	2	0	0.930232558139535	0.505790282464395	0.655285661251876	0	2	0	0.0
GC_00003226	2	2	1	0	0.78783151326053	0.819689643184474	0.803444893281691	0	2	0	0.0
GC_00003227	1	2	2	0	0.713178294573643	0.729089271642462	0.721046018813405	0	2	0	0.0
GC_00003228	2	2	1	0	0.636363636363636	0.536911585895431	0.582422611036339	0	2	0	0.0
GC_00003229	2	2	1	0	0.640579710144928	0.769021134593997	0.698948695060955	0	2	0	0.0
GC_00003230	2	2	1	0	0.927536231884058	0.515045656362571	0.66231735091508	0	2	0	0.0
GC_00003231	1	2	2	0	0.853333333333333	0.726767863754165	0.784981676971092	0	2	0	0.0
GC_00003232	2	2	1	0	0.714285714285714	0.892957746478873	0.793690535803706	0	2	0	0.0
GC_00003233	1	2	2	0	0.72680412371134	0.780083443126921	0.752501879743018	0	2	0	0.0
GC_00003234	2	2	1	0	0.781774580335731	0.896650124069477	0.835281168839571	0	2	0	0.0
GC_00003235	2	2	1	0	0.836477987421384	0.964190687361419	0.895805316046611	0	2	0	0.0
GC_00003236	2	2	1	0	0.606060606060606	0.575227963525836	0.590241905615875	0	2	0	0.0
GC_00003237	2	2	1	0	0.630385487528345	0.556439196154825	0.591108693255962	0	2	0	0.0
GC_00003238	2	2	1	0	0.824858757062147	0.647641234711707	0.725585802201535	0	2	0	0.0
GC_00003239	2	2	1	0	0.734463276836158	0.608770614692654	0.665736121353871	0	2	0	0.0
GC_00003240	1	2	2	0	0.972222222222222	0.646677132391418	0.776717684051366	0	2	0	0.0
GC_00003241	1	2	2	0	0.850877192982456	1.0	0.919431279620853	1	1	0	0.5
GC_00003242	2	2	1	0	0.688888888888889	0.949006710517574	0.798292856508631	0	2	0	0.0
GC_00003243	2	2	1	0	0.659722222222222	0.536209553158706	0.591587856880833	0	2	0	0.0
GC_00003244	2	2	1	0	0.723051409618574	0.584924075341595	0.646694348722385	0	2	0	0.0
GC_00003245	2	2	1	0	0.580882352941177	0.971736896197329	0.727112993112847	0	2	0	0.0
GC_00003246	2	2	1	0	0.700854700854701	0.513708006511764	0.592863042882537	1	1	0	0.5
GC_00003247	2	2	1	0	0.765957446808511	0.764716569767442	0.765336505314837	0	2	0	0.0
GC_00003248	2	2	1	0	0.73015873015873	0.46391944589954	0.567357883772963	0	2	0	0.0
GC_00003249	2	2	1	0	0.659090909090909	0.758613445378151	0.705358947070631	0	2	0	0.0
GC_00003250	2	2	1	0	0.639240506329114	0.90535303776683	0.749372980977215	0	2	0	0.0
GC_00003251	2	2	1	0	0.751445086705202	0.825523232855076	0.786744247928729	0	2	0	0.0
GC_00003252	2	2	1	0	0.777049180327869	0.69233620175513	0.732250755513159	0	2	0	0.0
GC_00003253	2	2	1	0	0.588235294117647	0.607455770060602	0.597691049586687	0	2	0	0.0
GC_00003254	1	2	2	0	1.0	0.507081368365896	0.672931639936225	1	1	0	0.5
GC_00003255	2	2	1	0	0.671875	0.51595189112201	0.583679624427686	0	2	0	0.0
GC_00003256	2	2	1	0	0.77536231884058	0.483068612432475	0.595270173653216	1	1	0	0.5
GC_00003257	2	2	1	0	0.730496453900709	0.89670503272399	0.805112153576681	0	2	0	0.0
GC_00003258	2	2	1	0	0.6875	0.526710869050438	0.596459365835465	0	2	0	0.0
GC_00003259	1	2	2	0	0.73015873015873	0.513348734843409	0.602852931584467	0	2	0	0.0
GC_00003260	2	2	1	0	0.65530303030303	0.937886067261497	0.771533753143271	0	2	0	0.0
GC_00003261	1	2	2	0	0.96545768566494	1.0	0.982425307557118	0	2	0	0.0
GC_00003262	2	2	1	0	0.72463768115942	0.658921555344804	0.69021893003648	0	2	0	0.0
GC_00003263	1	2	2	0	0.948012232415902	0.87104761904762	0.907901735294222	0	2	0	0.0
GC_00003264	2	2	1	0	0.677083333333333	0.530511811023622	0.594902533451063	1	1	0	0.5
GC_00003265	2	2	1	0	0.846743295019157	1.0	0.91701244813278	0	2	0	0.0
GC_00003266	2	2	1	0	0.666666666666667	0.9065717415115	0.768327492979972	0	2	0	0.0
GC_00003267	2	2	1	0	0.860082304526749	0.629225869671731	0.726761654076554	0	2	0	0.0
GC_00003268	2	2	1	0	0.870748299319728	0.757775524002705	0.810343378883233	0	2	0	0.0
GC_00003269	2	2	1	0	0.969072164948454	0.68533556245522	0.80287296320467	0	2	0	0.0
GC_00003270	2	2	1	0	0.880503144654088	0.927794376771624	0.903530372253906	0	2	0	0.0
GC_00003271	2	2	1	0	0.684807256235828	0.796318552286227	0.736365161883137	0	2	0	0.0
GC_00003272	2	2	1	0	0.818300653594771	0.996093750000001	0.898486200190808	0	2	0	0.0
GC_00003273	2	2	1	0	0.854460093896714	0.569200779727097	0.683251693858398	0	2	0	0.0
GC_00003274	2	2	1	0	0.708045977011494	0.725407520104324	0.716621609751812	0	2	0	0.0
GC_00003275	2	2	1	0	0.734375	1.0	0.846846846846847	0	2	0	0.0
GC_00003276	1	2	2	0	0.873873873873874	0.830337078651685	0.851549367720169	1	1	0	0.5
GC_00003277	1	2	2	0	0.674242424242424	0.762994350282486	0.715878092651491	1	1	0	0.5
GC_00003278	2	2	1	0	0.580952380952381	0.668079096045198	0.621476958202751	1	1	0	0.5
GC_00003279	1	2	2	0	0.708333333333333	0.637728937728938	0.67117944531374	0	2	0	0.0
GC_00003280	1	2	2	0	0.699815837937385	0.778682572614108	0.737145732659821	0	2	0	0.0
GC_00003281	1	2	2	0	0.626126126126126	0.647113289760349	0.636446739280819	0	2	0	0.0
GC_00003282	1	2	2	0	0.929292929292929	0.569422110552763	0.706151505858274	0	2	0	0.0
GC_00003283	2	2	1	0	0.69811320754717	0.509047398486954	0.588774534846317	0	2	0	0.0
GC_00003284	2	2	1	0	0.666666666666667	0.903278156442713	0.767142168010475	0	2	0	0.0
GC_00003285	2	2	1	0	0.947242206235012	0.940843905129621	0.944032214477355	0	2	0	0.0
GC_00003286	2	2	1	0	0.839416058394161	0.992753623188406	0.909668292964577	0	2	0	0.0
GC_00003287	1	2	2	0	0.72744014732965	0.94339005235602	0.821459653774865	0	2	0	0.0
GC_00003288	2	2	1	0	0.859195402298851	0.991477411477415	0.920608793821668	0	2	0	0.0
GC_00003289	2	2	1	0	0.784431137724551	0.679802371541501	0.728378560334197	0	2	0	0.0
GC_00003290	2	2	1	0	0.675736961451247	0.703976097448864	0.689567538635354	0	2	0	0.0
GC_00003291	2	2	1	0	0.615819209039548	0.598947490168863	0.60726618517344	0	2	0	0.0
GC_00003292	1	2	2	0	0.956204379562044	0.622529644268775	0.754104951526393	0	2	0	0.0
GC_00003293	1	2	2	0	0.671428571428571	0.527813533227327	0.591021754856042	0	2	0	0.0
GC_00003294	2	2	1	0	0.715277777777778	0.479798994974874	0.574338932410445	0	2	0	0.0
GC_00003295	2	2	1	0	0.574712643678161	0.640417940876656	0.605788863416668	0	2	0	0.0
GC_00003296	1	2	2	0	0.972972972972973	0.585035750766088	0.730707042964787	0	2	0	0.0
GC_00003297	2	2	1	0	0.7875	0.562702366127023	0.656387700750544	0	2	0	0.0
GC_00003298	1	2	2	0	0.767123287671233	0.552610506085842	0.64243317892679	0	2	0	0.0
GC_00003299	1	2	2	0	0.793333333333333	0.72072072072072	0.75528581062319	0	2	0	0.0
GC_00003300	2	2	1	0	0.593869731800766	0.909320175438596	0.718495681893578	0	2	0	0.0
GC_00003301	2	2	1	0	0.772222222222222	0.811449846009903	0.791350199169897	0	2	0	0.0
GC_00003302	2	2	1	0	0.925287356321839	0.923195084485407	0.924240036296774	0	2	0	0.0
GC_00003303	2	2	1	0	0.686354378818737	0.886480761530816	0.773685603540142	0	2	0	0.0
GC_00003304	2	2	1	0	0.729372937293729	0.921184320266889	0.814133421163443	0	2	0	0.0
GC_00003305	1	2	2	0	0.857142857142857	0.723170731707317	0.784478006834968	0	2	0	0.0
GC_00003306	1	2	2	0	0.811755952380952	0.678462922541443	0.739148221930116	0	2	0	0.0
GC_00003307	2	2	1	0	0.695863746958638	1.0	0.820659971305595	0	2	0	0.0
GC_00003308	2	2	1	0	0.90547263681592	0.665742128935532	0.767318757519949	0	2	0	0.0
GC_00003309	1	2	2	0	0.706093189964158	0.657414334879546	0.680884815647018	0	2	0	0.0
GC_00003310	2	2	1	0	0.72972972972973	0.527482143220531	0.612338158891704	0	2	0	0.0
GC_00003311	1	2	2	0	0.685823754789272	0.946129956999523	0.795216671821881	0	2	0	0.0
GC_00003312	2	2	1	0	0.626984126984127	0.744413407821229	0.68067118216647	0	2	0	0.0
GC_00003313	2	2	1	0	0.829268292682927	0.524620188554615	0.642668719172521	0	2	0	0.0
GC_00003314	1	2	2	0	0.983388704318937	1.0	0.991624790619765	0	2	0	0.0
GC_00003315	1	2	2	0	0.916666666666667	1.0	0.956521739130435	0	2	0	0.0
GC_00003316	2	2	1	0	0.766927083333333	0.971757058029881	0.857276820434	0	2	0	0.0
GC_00003317	2	2	1	0	0.616666666666667	0.665235250186707	0.640030877383773	0	2	0	0.0
GC_00003318	2	2	1	0	0.73394495412844	0.910224089635855	0.812634662169397	0	2	0	0.0
GC_00003319	1	2	2	0	0.71957671957672	0.51545339452445	0.600646508116165	0	2	0	0.0
GC_00003320	1	2	2	0	0.855855855855856	0.698757557637365	0.769369082161316	0	2	0	0.0
GC_00003321	1	2	2	0	0.882183908045977	0.638439186384391	0.740776302237157	0	2	0	0.0
GC_00003322	2	2	1	0	0.647619047619048	0.668079096045198	0.65768998762895	0	2	0	0.0
GC_00003323	1	2	2	0	0.646464646464647	0.879245283018869	0.745097059484848	0	2	0	0.0
GC_00003324	2	2	1	0	0.666666666666667	0.707101086048454	0.686288818616719	0	2	0	0.0
GC_00003325	2	2	1	0	0.702169625246548	0.758156028368796	0.729089615046033	0	2	0	0.0
GC_00003326	2	2	1	0	0.562962962962963	0.511414735385679	0.535952217135866	0	2	0	0.0
GC_00003327	2	2	1	0	0.835205992509363	0.590082101806241	0.691565599216971	0	2	0	0.0
GC_00003328	2	2	1	0	0.688888888888889	0.79037778070291	0.736151881663287	0	2	0	0.0
GC_00003329	2	2	1	0	0.808943089430894	0.598627940128296	0.688073177321206	0	2	0	0.0
GC_00003330	1	2	2	0	0.98936170212766	0.546226574728205	0.70385488332454	1	1	0	0.5
GC_00003331	2	2	1	0	0.793333333333333	0.574188468992248	0.666201959328955	0	2	0	0.0
GC_00003332	1	2	2	0	0.851851851851852	0.662777461582242	0.74551337810097	0	2	0	0.0
GC_00003333	2	2	1	0	0.695	0.728363887928054	0.7112909164035	0	2	0	0.0
GC_00003334	1	2	2	0	0.788288288288288	0.528430299109144	0.632717453754124	0	2	0	0.0
GC_00003335	2	2	1	0	0.659259259259259	0.789304500292227	0.718444454738767	0	2	0	0.0
GC_00003336	2	2	1	0	1.0	0.769783419211597	0.869918218077238	0	2	0	0.0
GC_00003337	2	2	1	0	0.666666666666667	0.815207780725022	0.733492442322991	0	2	0	0.0
GC_00003338	1	2	2	0	0.929078014184397	0.984320749517774	0.955901910914811	0	2	0	0.0
GC_00003339	1	2	2	0	1.0	0.597026604068857	0.747672709456149	0	2	0	0.0
GC_00003340	2	2	1	0	0.844062947067239	0.975159101297421	0.904887521169217	0	2	0	0.0
GC_00003341	2	2	1	0	0.913888888888889	0.960645161290323	0.936683907111923	0	2	0	0.0
GC_00003342	2	2	1	0	0.847058823529412	0.563931644649134	0.677089301792584	0	2	0	0.0
GC_00003343	2	2	1	0	0.530864197530864	0.870624571036377	0.659560639542441	0	2	0	0.0
GC_00003344	1	2	2	0	0.930555555555556	0.817522220206785	0.870384435236895	0	2	0	0.0
GC_00003345	2	2	1	0	0.638297872340426	0.607029702970297	0.62227124097321	0	2	0	0.0
GC_00003346	1	2	2	0	1.0	0.48786584908363	0.655792791244055	0	2	0	0.0
GC_00003347	1	2	2	0	1.0	0.420805369127517	0.592347661785546	0	2	0	0.0
GC_00003348	2	2	1	0	0.856540084388186	0.636026490066225	0.729993814411373	0	2	0	0.0
GC_00003349	1	2	2	0	1.0	0.595910418695228	0.74679682733374	0	2	0	0.0
GC_00003350	2	2	1	0	0.75883476599809	0.997144900878811	0.861818882983234	0	2	0	0.0
GC_00003351	2	2	1	0	0.662962962962963	0.939144736842106	0.777248842214128	0	2	0	0.0
GC_00003352	2	2	1	0	0.828660436137072	0.6067398794143	0.700545105988886	0	2	0	0.0
GC_00003353	1	2	2	0	0.990740740740741	0.573632538569424	0.72657994570947	0	2	0	0.0
GC_00003354	2	2	1	0	0.799614643545279	0.591756947715497	0.680159813215972	0	2	0	0.0
GC_00003355	2	2	1	0	0.794642857142857	0.666016772608301	0.724666390869841	0	2	0	0.0
GC_00003356	2	2	1	0	0.677029360967185	0.848729531338228	0.753218369080136	0	2	0	0.0
GC_00003357	1	2	2	0	1.0	0.462805925289824	0.632764630343056	0	2	0	0.0
GC_00003358	2	2	1	0	0.649350649350649	0.523548158640225	0.579702757754038	0	2	0	0.0
GC_00003359	2	2	1	0	0.749063670411985	0.527625712511995	0.619140815462562	0	2	0	0.0
GC_00003360	2	2	1	0	0.79383429672447	1.0	0.885069817400644	0	2	0	0.0
GC_00003361	2	2	1	0	1.0	0.687152827232587	0.814570934109999	1	1	0	0.5
GC_00003362	1	2	2	0	0.851063829787234	0.571936407623186	0.684124115611307	0	2	0	0.0
GC_00003363	2	2	1	0	0.82312925170068	0.848409090909092	0.835578008992269	0	2	0	0.0
GC_00003364	2	2	1	0	0.894736842105263	0.521818746120421	0.659191154848954	0	2	0	0.0
GC_00003365	2	2	1	0	0.772727272727273	0.843251088534108	0.806450295978771	0	2	0	0.0
GC_00003366	1	2	2	0	0.68733850129199	0.949673202614378	0.797485997497139	0	2	0	0.0
GC_00003367	1	2	2	0	0.945	1.0	0.97172236503856	0	2	0	0.0
GC_00003368	2	2	1	0	0.634615384615385	0.750194250194251	0.687581600612882	1	1	0	0.5
GC_00003369	1	2	2	0	0.794117647058823	0.824193184382758	0.808875945940403	0	2	0	0.0
GC_00003370	2	2	1	0	0.764322916666667	1.0	0.866420664206642	0	2	0	0.0
GC_00003371	1	2	2	0	0.957446808510638	0.507199179519969	0.663117558344017	0	2	0	0.0
GC_00003372	2	2	1	0	0.893162393162393	0.588219741480611	0.709304830563244	1	1	0	0.5
GC_00003373	1	2	2	0	0.895238095238095	0.705147808358817	0.788903700535797	0	2	0	0.0
GC_00003374	1	2	2	0	0.952380952380952	0.576805527871903	0.71847169075469	0	2	0	0.0
GC_00003375	2	2	1	0	0.670850767085077	0.815752508361206	0.736239728546818	0	2	0	0.0
GC_00003376	2	2	1	0	0.811111111111111	1.0	0.895705521472393	0	2	0	0.0
GC_00003377	2	2	1	0	0.582278481012658	0.515047178104674	0.546603254967865	0	2	0	0.0
GC_00003378	2	2	1	0	0.713333333333333	0.813620071684588	0.760183402970127	0	2	0	0.0
GC_00003379	1	2	2	0	0.724561403508772	0.890241251901759	0.798901895260208	0	2	0	0.0
GC_00003380	1	2	2	0	0.967078189300412	1.0	0.98326359832636	0	2	0	0.0
GC_00003381	1	2	2	0	0.708333333333333	0.532100667693888	0.60769801425047	0	2	0	0.0
GC_00003382	2	2	1	0	0.871345029239766	0.595169946332736	0.707252749447684	1	1	0	0.5
GC_00003383	2	2	1	0	0.732360097323601	0.704998658678352	0.718418952995176	0	2	0	0.0
GC_00003384	2	2	1	0	0.947154471544715	0.616969568892646	0.747211181307953	0	2	0	0.0
GC_00003385	2	2	1	0	0.791044776119403	0.938835812075248	0.858627086567869	0	2	0	0.0
GC_00003386	2	2	1	0	0.931216931216931	0.519132053291533	0.666632048873841	0	2	0	0.0
GC_00003387	1	2	2	0	0.949275362318841	0.629213483146067	0.756795790993965	0	2	0	0.0
GC_00003388	1	2	2	0	0.808219178082192	0.583412683298419	0.677658125634438	0	2	0	0.0
GC_00003389	2	2	1	0	0.965367965367965	0.807805596465391	0.879586366341208	0	2	0	0.0
GC_00003390	1	2	2	0	0.679738562091503	0.72972972972973	0.703847599949868	0	2	0	0.0
GC_00003391	2	2	1	0	0.730593607305936	0.904475308641976	0.808288717392438	0	2	0	0.0
GC_00003392	1	2	2	0	0.897435897435897	0.874906367041198	0.886027937622593	0	2	0	0.0
GC_00003393	1	2	2	0	0.981132075471698	1.0	0.990476190476191	0	2	0	0.0
GC_00003394	1	2	2	0	0.88477366255144	0.516927369047989	0.652583841026055	0	2	0	0.0
GC_00003395	2	2	1	0	0.666666666666667	0.547211117456692	0.601061188217152	0	2	0	0.0
GC_00003396	1	2	2	0	0.725490196078431	0.951211568525272	0.823157322226089	0	2	0	0.0
GC_00003397	2	2	1	0	0.609318996415771	0.644217588918548	0.626282502394692	0	2	0	0.0
GC_00003398	2	2	1	0	0.718954248366013	0.912662337662337	0.804309628382992	0	2	0	0.0
GC_00003399	2	2	1	0	0.990407673860911	0.738582089552239	0.846155812773276	1	1	0	0.5
GC_00003400	2	2	1	0	0.713333333333333	0.794471153846154	0.751719153549375	0	2	0	0.0
GC_00003401	1	2	2	0	0.736625514403292	0.758204633204633	0.747259317523228	0	2	0	0.0
GC_00003402	2	2	1	0	0.857677902621723	0.57701081612586	0.689891012730471	0	2	0	0.0
GC_00003403	2	2	1	0	0.67816091954023	0.659017269004805	0.66845205967273	0	2	0	0.0
GC_00003404	2	2	1	0	0.807219662058372	0.971097801988341	0.881607761712973	0	2	0	0.0
GC_00003405	2	2	1	0	0.661458333333333	0.932939615129396	0.774086147713777	0	2	0	0.0
GC_00003406	2	2	1	0	0.893939393939394	0.836381999775559	0.86420340255511	0	2	0	0.0
GC_00003407	1	2	2	0	0.980309423347398	1.0	0.990056818181818	0	2	0	0.0
GC_00003408	1	2	2	0	0.774509803921569	0.76469681397739	0.769572028297966	0	2	0	0.0
GC_00003409	1	2	2	0	0.79004329004329	0.891369344229621	0.837653238716651	0	2	0	0.0
GC_00003410	2	2	1	0	0.760162601626016	0.888574906529864	0.819368042937098	0	2	0	0.0
GC_00003411	2	2	1	0	0.834757834757835	0.956022080963535	0.891284200006595	0	2	0	0.0
GC_00003412	1	2	2	0	0.794520547945205	0.480189148830264	0.598599267913415	0	2	0	0.0
GC_00003413	2	2	1	0	0.856396866840731	0.7721634317379	0.812101761545424	0	2	0	0.0
GC_00003414	2	2	1	0	0.775238095238095	0.692132959794049	0.73133218153944	0	2	0	0.0
GC_00003415	2	2	1	0	0.769953051643192	0.648181276088253	0.7038390394801	0	2	0	0.0
GC_00003416	2	2	1	0	0.860576923076923	0.738405315614618	0.794823806192205	0	2	0	0.0
GC_00003417	2	2	1	0	0.668367346938776	0.927210945184657	0.776793620902086	0	2	0	0.0
GC_00003418	2	2	1	0	0.63953488372093	0.888023202162021	0.743568209398609	0	2	0	0.0
GC_00003419	2	2	1	0	0.700440528634361	0.804605655649681	0.7489184274482	0	2	0	0.0
GC_00003420	2	2	1	0	0.804281345565749	0.973294723294723	0.880753069752277	0	2	0	0.0
GC_00003421	1	2	2	0	0.656118143459916	0.682773356911289	0.669180418601997	0	2	0	0.0
GC_00003422	2	2	1	0	0.990267639902676	0.596628980396225	0.744626165002765	0	2	0	0.0
GC_00003423	2	2	1	0	0.617357001972387	0.559489087800464	0.587000303408287	0	2	0	0.0
GC_00003424	2	2	1	0	0.693333333333333	0.729214559386973	0.71082142648729	0	2	0	0.0
GC_00003425	2	2	1	0	0.724137931034483	0.51968253968254	0.605106360507996	0	2	0	0.0
GC_00003426	2	2	1	0	0.655677655677656	0.875	0.749626084355369	0	2	0	0.0
GC_00003427	2	2	1	0	0.776758409785933	0.986445907034144	0.86913370932482	0	2	0	0.0
GC_00003428	2	2	1	0	0.611594202898551	0.878151746472356	0.721025645526376	0	2	0	0.0
GC_00003429	1	2	2	0	0.944055944055944	1.0	0.971223021582734	0	2	0	0.0
GC_00003430	2	2	1	0	0.682638888888889	0.755288386680603	0.717128374757519	0	2	0	0.0
GC_00003431	1	2	2	0	1.0	0.510638297872341	0.676056338028169	0	2	0	0.0
GC_00003432	1	2	2	0	0.903846153846154	0.963312368972747	0.9326323062639	0	2	0	0.0
GC_00003433	1	2	2	0	0.955882352941177	0.879287379287379	0.915986433586214	0	2	0	0.0
GC_00003434	2	2	1	0	0.671794871794872	0.596915478520175	0.632145481063125	0	2	0	0.0
GC_00003435	2	2	1	0	0.63768115942029	0.551467684612346	0.591449176898451	0	2	0	0.0
GC_00003436	1	2	2	0	0.945402298850575	0.8331335530916	0.885724485657379	0	2	0	0.0
GC_00003437	2	2	1	0	0.612403100775194	0.883928571428572	0.72353022804015	0	2	0	0.0
GC_00003438	1	2	2	0	0.706806282722513	0.960103548043246	0.814209871819399	0	2	0	0.0
GC_00003439	1	2	2	0	0.853413654618474	0.50154350269292	0.631789826377437	0	2	0	0.0
GC_00003440	2	2	1	0	0.773049645390071	0.979166666666667	0.863985158951008	0	2	0	0.0
GC_00003441	1	2	2	0	0.852941176470588	1.0	0.920634920634921	0	2	0	0.0
GC_00003442	1	2	2	0	0.990804597701149	0.967114093959732	0.978816020172968	0	2	0	0.0
GC_00003443	1	2	2	0	0.895833333333333	0.597902097902097	0.717155954354822	0	2	0	0.0
GC_00003444	2	2	1	0	0.926298157453936	1.0	0.961739130434783	0	2	0	0.0
GC_00003445	2	2	1	0	0.803240740740741	0.954569536423842	0.872391237537226	0	2	0	0.0
GC_00003446	1	2	2	0	0.633986928104575	0.945492662473794	0.75902213894094	0	2	0	0.0
GC_00003447	2	2	1	0	0.628930817610063	0.540504367427443	0.581374424298768	0	2	0	0.0
GC_00003448	2	2	1	0	0.868544600938967	1.0	0.92964824120603	0	2	0	0.0
GC_00003449	2	2	1	0	0.754901960784314	0.994152046783627	0.858163700134396	0	2	0	0.0
GC_00003450	1	2	2	0	0.915151515151515	1.0	0.955696202531646	0	2	0	0.0
GC_00003451	1	2	2	0	0.774509803921569	0.868898132161358	0.818993394387688	0	2	0	0.0
GC_00003452	2	2	1	0	0.669312169312169	0.832602339181286	0.742080690559148	0	2	0	0.0
GC_00003453	1	2	2	0	0.75	0.739355742296919	0.744639834493135	0	2	0	0.0
GC_00003454	1	2	2	0	0.789473684210526	0.51158199526191	0.620850481570414	1	1	0	0.5
GC_00003455	2	2	1	0	0.598353909465021	0.822706617438232	0.692820202331077	0	2	0	0.0
GC_00003456	1	2	2	0	0.975	0.523145096315827	0.680930665744278	0	2	0	0.0
GC_00003457	2	2	1	0	0.765151515151515	0.504711726629537	0.608224460145311	0	2	0	0.0
GC_00003458	2	2	1	0	0.769230769230769	0.885042576823399	0.823082816144888	0	2	0	0.0
GC_00003459	2	2	1	0	0.861979166666667	0.970043950959982	0.912824372611359	0	2	0	0.0
GC_00003460	2	2	1	0	0.823529411764706	0.962542791179048	0.887626264281548	0	2	0	0.0
GC_00003461	2	2	1	0	0.622222222222222	0.539072847682119	0.577670764161703	0	2	0	0.0
GC_00003462	2	2	1	0	0.68682505399568	0.899875818469181	0.779046975186168	0	2	0	0.0
GC_00003463	2	2	1	0	0.650537634408602	0.541796008869181	0.591208167158402	0	2	0	0.0
GC_00003464	1	2	2	0	0.936507936507937	0.614364710317958	0.741978947530897	0	2	0	0.0
GC_00003465	1	2	2	0	1.0	0.500124069478909	0.666776941526756	0	2	0	0.0
GC_00003466	2	2	1	0	1.0	0.548155096935585	0.708139769743486	1	1	0	0.5
GC_00003467	1	2	2	0	0.682291666666667	0.701864035087719	0.691939471356333	0	2	0	0.0
GC_00003468	2	2	1	0	0.878974358974359	0.685656373986547	0.770372662514442	0	2	0	0.0
GC_00003469	2	2	1	0	0.606060606060606	0.736965932618107	0.665133572428086	0	2	0	0.0
GC_00003470	2	2	1	0	0.687074829931973	0.774125874125874	0.728007318685111	0	2	0	0.0
GC_00003471	2	2	1	0	0.836791147994468	0.601971000763138	0.700218594467388	0	2	0	0.0
GC_00003472	1	2	2	0	0.77363184079602	0.54390736634639	0.638742368755317	0	2	0	0.0
GC_00003473	2	2	1	0	0.65546218487395	0.885444854448546	0.753290891756091	0	2	0	0.0
GC_00003474	2	2	1	0	0.673333333333333	0.928348909657321	0.780539671425423	0	2	0	0.0
GC_00003475	1	2	2	0	0.936507936507937	0.749952390020949	0.832911814419353	0	2	0	0.0
GC_00003476	1	2	2	0	0.685990338164251	0.958528951486697	0.799676359783106	0	2	0	0.0
GC_00003477	2	2	1	0	0.627627627627628	0.628008192524321	0.62781785240414	0	2	0	0.0
GC_00003478	2	2	1	0	0.859259259259259	1.0	0.924302788844622	0	2	0	0.0
GC_00003479	1	2	2	0	0.872549019607843	0.48227215980025	0.62119799515049	0	2	0	0.0
GC_00003480	2	2	1	0	0.713276836158192	0.975326634889062	0.823968336299859	0	2	0	0.0
GC_00003481	2	2	1	0	0.894308943089431	0.991935483870968	0.940595780180055	0	2	0	0.0
GC_00003482	1	2	2	0	1.0	0.463926174496641	0.633810888252146	0	2	0	0.0
GC_00003483	2	2	1	0	0.694573643410853	0.782246948850961	0.735807878299293	0	2	0	0.0
GC_00003484	1	2	2	0	0.904761904761905	1.0	0.95	0	2	0	0.0
GC_00003485	2	2	1	0	0.635135135135135	0.802463605823068	0.709061320387287	0	2	0	0.0
GC_00003486	1	2	2	0	0.960526315789474	0.742099898063201	0.83730236881701	0	2	0	0.0
GC_00003487	1	2	2	0	0.75632183908046	0.930769230769231	0.834526492322206	0	2	0	0.0
GC_00003488	2	2	1	0	0.739837398373984	0.587787470261696	0.655105464003737	0	2	0	0.0
GC_00003489	2	2	1	0	0.604938271604938	0.66234687298517	0.632342254238576	0	2	0	0.0
GC_00003490	1	2	2	0	0.625	0.919260129183794	0.744094301059936	0	2	0	0.0
GC_00003491	1	2	2	0	0.753424657534247	0.584360554699538	0.658209773549331	0	2	0	0.0
GC_00003492	2	2	1	0	0.697674418604651	0.514506024096384	0.592251250036983	0	2	0	0.0
GC_00003493	2	2	1	0	0.75968992248062	0.854365884284749	0.804251190921453	0	2	0	0.0
GC_00003494	1	2	2	0	0.810810810810811	0.852795193312435	0.831273222663835	0	2	0	0.0
GC_00003495	2	2	1	0	0.772277227722772	0.658040027605245	0.710596654492644	0	2	0	0.0
GC_00003496	2	2	1	0	0.673469387755102	0.473591300663747	0.556115725217308	0	2	0	0.0
GC_00003497	2	2	1	0	0.809187279151943	0.996478873239439	0.893119724375539	0	2	0	0.0
GC_00003498	2	2	1	0	0.663492063492063	0.901030776567259	0.7642288804065	0	2	0	0.0
GC_00003499	1	2	2	0	0.73036093418259	0.86560980003603	0.792254605472381	0	2	0	0.0
GC_00003500	2	2	1	0	0.735159817351598	0.796517064048621	0.764609489683105	0	2	0	0.0
GC_00003501	1	2	2	0	0.690909090909091	0.919817927170869	0.789097793394015	0	2	0	0.0
GC_00003502	2	2	1	0	0.700854700854701	0.88953488372093	0.784002499609436	0	2	0	0.0
GC_00003503	1	2	2	0	0.884057971014493	0.560758313477674	0.68623653008843	1	1	0	0.5
GC_00003504	2	2	1	0	0.784511784511784	0.926484138475713	0.849607781096689	0	2	0	0.0
GC_00003505	1	2	2	0	0.954415954415954	0.568558253340863	0.712607035942705	0	2	0	0.0
GC_00003506	2	2	1	0	0.593175853018373	0.848597072150576	0.698261540849543	0	2	0	0.0
GC_00003507	2	2	1	0	0.700374531835206	0.947494852436513	0.805405173523229	0	2	0	0.0
GC_00003508	1	2	2	0	0.66358024691358	0.612177846048815	0.636843502662492	0	2	0	0.0
GC_00003509	1	2	2	0	0.699346405228758	0.876818181818184	0.778090877733316	0	2	0	0.0
GC_00003510	2	2	1	0	0.771144278606965	0.836232853797256	0.802370729045262	0	2	0	0.0
GC_00003511	1	2	2	0	0.833721833721834	0.597585458667659	0.696174814527985	0	2	0	0.0
GC_00003512	2	2	1	0	0.626543209876543	0.964768339768341	0.759711764199302	0	2	0	0.0
GC_00003513	2	2	1	0	0.682051282051282	0.599383350462487	0.638050778791854	0	2	0	0.0
GC_00003514	1	2	2	0	0.952380952380952	0.578837945752446	0.720046277801258	0	2	0	0.0
GC_00003515	2	2	1	0	0.760536398467433	0.889801098104218	0.820106340564102	0	2	0	0.0
GC_00003516	1	2	2	0	1.0	0.511325374961737	0.6766582278481	0	2	0	0.0
GC_00003517	2	2	1	0	0.858156028368794	0.674164849404248	0.755114203588219	0	2	0	0.0
GC_00003518	2	2	1	0	0.783687943262411	1.0	0.878727634194831	0	2	0	0.0
GC_00003519	1	2	2	0	0.740740740740741	0.48821608040201	0.588534169495478	0	2	0	0.0
GC_00003520	1	2	2	0	0.638047138047138	0.603878868683873	0.620492979135015	0	2	0	0.0
GC_00003521	2	2	1	0	0.75	0.944581984383927	0.836119461691906	0	2	0	0.0
GC_00003522	1	2	2	0	0.938189845474614	0.748453336843492	0.832649522791264	0	2	0	0.0
GC_00003523	1	2	2	0	0.801864801864802	0.986254789272031	0.884552694470547	0	2	0	0.0
GC_00003524	2	2	1	0	0.671328671328671	0.960411754035915	0.790262883413347	0	2	0	0.0
GC_00003525	1	2	2	0	0.608333333333333	0.921010425020048	0.73270818130574	0	2	0	0.0
GC_00003526	2	2	1	0	0.727272727272727	0.919326241134752	0.812099260927023	0	2	0	0.0
GC_00003527	1	2	2	0	0.979166666666667	1.0	0.989473684210526	0	2	0	0.0
GC_00003528	2	2	1	0	0.779279279279279	0.682969787291695	0.727952871747464	0	2	0	0.0
GC_00003529	2	2	1	0	0.911458333333333	1.0	0.953678474114441	0	2	0	0.0
GC_00003530	2	2	1	0	0.596774193548387	0.969022687609073	0.738649744276558	0	2	0	0.0
GC_00003531	2	2	1	0	0.826546003016591	0.973685236443022	0.894102516096571	0	2	0	0.0
GC_00003532	2	2	1	0	0.780538302277433	0.896590296771733	0.834549084044464	0	2	0	0.0
GC_00003533	2	2	1	0	0.692556634304207	0.711876960613454	0.702083905804128	0	2	0	0.0
GC_00003534	1	2	2	0	0.953488372093023	1.0	0.976190476190476	0	2	0	0.0
GC_00003535	2	2	1	0	0.68075117370892	0.665600426496069	0.67309055300171	0	2	0	0.0
GC_00003536	2	2	1	0	0.818376068376068	0.568298151360041	0.670787125275792	0	2	0	0.0
GC_00003537	1	2	2	0	0.848039215686274	0.682142857142859	0.75609811907922	0	2	0	0.0
GC_00003538	2	2	1	0	0.710296684118674	0.919755667038277	0.801568612238692	0	2	0	0.0
GC_00003539	2	2	1	0	0.724941724941725	0.953825503355705	0.823780562356302	0	2	0	0.0
GC_00003540	2	2	1	0	0.724242424242424	0.566833890746936	0.635942502253571	0	2	0	0.0
GC_00003541	1	2	2	0	0.773049645390071	0.590158465387823	0.669335501725659	0	2	0	0.0
GC_00003542	1	2	2	0	0.962365591397849	0.63466742629255	0.764896011891205	0	2	0	0.0
GC_00003543	1	2	2	0	0.967213114754098	0.416771269177127	0.582530615346682	0	2	0	0.0
GC_00003544	2	2	1	0	0.751686909581646	0.995967741935484	0.856754981115509	0	2	0	0.0
GC_00003545	2	2	1	0	0.778985507246377	0.840079990304205	0.808380066605932	0	2	0	0.0
GC_00003546	2	2	1	0	0.972916666666667	0.996884735202493	0.984754882094977	0	2	0	0.0
GC_00003547	1	2	2	0	0.922666666666667	0.732690806461298	0.816777517930954	0	2	0	0.0
GC_00003548	2	2	1	0	0.673076923076923	0.981221922731355	0.79845045444006	0	2	0	0.0
GC_00003549	2	2	1	0	0.808290155440414	0.693423113059821	0.746463506180323	0	2	0	0.0
GC_00003550	2	2	1	0	0.758928571428571	0.59672901559242	0.66812549668786	0	2	0	0.0
GC_00003551	2	2	1	0	0.903333333333333	0.990099009900989	0.944728172770214	0	2	0	0.0
GC_00003552	1	2	2	0	0.765957446808511	0.558877995642702	0.646233862566227	0	2	0	0.0
GC_00003553	2	2	1	0	0.635658914728682	0.911247627609628	0.748904555203234	0	2	0	0.0
GC_00003554	1	2	2	0	0.759368836291913	0.895321637426902	0.821760154806294	0	2	0	0.0
GC_00003555	1	2	2	0	1.0	0.58357600465929	0.737035674880471	0	2	0	0.0
GC_00003556	1	2	2	0	0.730496453900709	0.606163677592249	0.662547504083888	0	2	0	0.0
GC_00003557	2	2	1	0	0.670411985018727	0.929385964912281	0.77893772724519	0	2	0	0.0
GC_00003558	2	2	1	0	0.809195402298851	0.558477868822693	0.66085626337699	0	2	0	0.0
GC_00003559	2	2	1	0	0.659147869674185	0.828370492293879	0.734133654086872	0	2	0	0.0
GC_00003560	2	2	1	0	0.62962962962963	0.891918889221856	0.738167140807742	0	2	0	0.0
GC_00003561	2	2	1	0	0.824	1.0	0.903508771929825	0	2	0	0.0
GC_00003562	1	2	2	0	0.915032679738562	1.0	0.955631399317406	0	2	0	0.0
GC_00003563	1	2	2	0	0.893503727369542	0.993660903851989	0.940924502976146	0	2	0	0.0
GC_00003564	2	2	1	0	0.783132530120482	0.84070707070707	0.810899124565599	0	2	0	0.0
GC_00003565	2	2	1	0	0.857723577235772	0.655347508727388	0.743001455427842	0	2	0	0.0
GC_00003566	1	2	2	0	0.961352657004831	0.736969696969697	0.834338398309146	0	2	0	0.0
GC_00003567	2	2	1	0	0.572463768115942	0.511694122432377	0.540375803200159	0	2	0	0.0
GC_00003568	2	2	1	0	0.797421731123389	1.0	0.887295081967213	0	2	0	0.0
GC_00003569	1	2	2	0	0.715242881072027	0.957241731698254	0.818734389344453	0	2	0	0.0
GC_00003570	2	2	1	0	0.923497267759563	0.939903846153846	0.931628329937895	0	2	0	0.0
GC_00003571	2	2	1	0	0.635220125786163	0.924485125858124	0.753028890959926	0	2	0	0.0
GC_00003572	1	2	2	0	0.932098765432099	0.670926899187768	0.780237207963107	0	2	0	0.0
GC_00003573	2	2	1	0	0.717391304347826	0.992805755395683	0.832921810699588	0	2	0	0.0
GC_00003574	2	2	1	0	0.668840579710145	0.953373194848927	0.786153699744274	0	2	0	0.0
GC_00003575	2	2	1	0	0.853211009174312	0.783069571417931	0.816636935263713	0	2	0	0.0
GC_00003576	2	2	1	0	0.673913043478261	0.63625170998632	0.654541079908116	0	2	0	0.0
GC_00003577	2	2	1	0	0.657407407407407	0.866609294320138	0.747649771512826	0	2	0	0.0
GC_00003578	2	2	1	0	0.684931506849315	0.872920252438324	0.767583411319269	0	2	0	0.0
GC_00003579	2	2	1	0	0.821222606689735	0.993138997511553	0.899035996411204	0	2	0	0.0
GC_00003580	2	2	1	0	0.832855778414518	0.962125017122507	0.892835602542376	0	2	0	0.0
GC_00003581	1	2	2	0	0.757396449704142	0.94504425334254	0.840878817117091	0	2	0	0.0
GC_00003582	2	2	1	0	0.752941176470588	0.988372093023256	0.854741142273549	0	2	0	0.0
GC_00003583	2	2	1	0	0.807692307692308	0.708333333333334	0.754756871035941	0	2	0	0.0
GC_00003584	2	2	1	0	0.73972602739726	0.973601789709171	0.840701443095393	0	2	0	0.0
GC_00003585	1	2	2	0	0.966360856269113	0.513131651161228	0.670324911149704	0	2	0	0.0
GC_00003586	1	2	2	0	0.991228070175439	0.825161887141535	0.900603553415147	0	2	0	0.0
GC_00003587	1	2	2	0	0.612244897959184	0.549266862170089	0.579048521978391	0	2	0	0.0
GC_00003588	1	2	2	0	0.992982456140351	1.0	0.996478873239437	0	2	0	0.0
GC_00003589	2	2	1	0	0.685714285714286	0.50617155896691	0.582419986871679	0	2	0	0.0
GC_00003590	2	2	1	0	0.743589743589744	0.991525423728812	0.849843456480901	0	2	0	0.0
GC_00003591	2	2	1	0	0.618666666666667	0.757457976214205	0.681063308776294	0	2	0	0.0
GC_00003592	1	2	2	0	0.940104166666667	0.657044593863514	0.773491331104126	0	2	0	0.0
GC_00003593	1	2	2	0	0.705882352941177	0.812445462478185	0.755424367342023	0	2	0	0.0
GC_00003594	1	2	2	0	0.652582159624413	0.986111111111111	0.785404480522064	0	2	0	0.0
GC_00003595	1	2	2	0	0.941666666666667	0.674682144831397	0.786124482368464	0	2	0	0.0
GC_00003596	2	2	1	0	0.629107981220657	0.893196202531645	0.73824517570934	0	2	0	0.0
GC_00003597	2	2	1	0	0.835164835164835	1.0	0.910179640718563	0	2	0	0.0
GC_00003598	2	2	1	0	0.731391585760518	0.684033847439007	0.706920461731959	0	2	0	0.0
GC_00003599	2	2	1	0	0.757062146892655	0.537771673707022	0.628847611728494	0	2	0	0.0
GC_00003600	1	2	2	0	0.694915254237288	0.656684981684982	0.675259442656197	0	2	0	0.0
GC_00003601	1	2	2	0	0.755952380952381	0.679990649836373	0.715962318486693	0	2	0	0.0
GC_00003602	2	2	1	0	0.690335305719921	0.92583918813427	0.79092880306997	0	2	0	0.0
GC_00003603	2	2	1	0	0.807407407407407	0.958101472995089	0.876323234542807	0	2	0	0.0
GC_00003604	2	2	1	0	0.685606060606061	0.988764044943821	0.809740474314329	0	2	0	0.0
GC_00003605	2	2	1	0	0.799564270152505	0.939445580549876	0.863879085741777	0	2	0	0.0
GC_00003606	2	2	1	0	0.636954503249768	0.989026376268971	0.774873569711076	0	2	0	0.0
GC_00003607	1	2	2	0	0.919753086419753	0.550726037258793	0.688934598776698	0	2	0	0.0
GC_00003608	2	2	1	0	0.858024691358025	0.776604068857591	0.815286605383141	0	2	0	0.0
GC_00003609	2	2	1	0	0.874587458745875	0.602287499370182	0.713334721553565	0	2	0	0.0
GC_00003610	2	2	1	0	0.816888888888889	0.964295179286038	0.884492548122795	0	2	0	0.0
GC_00003611	2	2	1	0	0.701754385964912	0.954410665016375	0.808810534662704	0	2	0	0.0
GC_00003612	2	2	1	0	0.673809523809524	0.690102735382405	0.681858810746614	0	2	0	0.0
GC_00003613	1	2	2	0	0.968253968253968	0.525	0.680839755514217	0	2	0	0.0
GC_00003614	1	2	2	0	0.768707482993197	0.730046948356808	0.748878589313303	0	2	0	0.0
GC_00003615	1	2	2	0	1.0	0.459821798590966	0.629969766220494	0	2	0	0.0
GC_00003616	1	2	2	0	0.72463768115942	0.524271844660195	0.60838215412348	0	2	0	0.0
GC_00003617	1	2	2	0	0.663194444444444	0.909703504043126	0.767132172246981	0	2	0	0.0
GC_00003618	2	2	1	0	0.699815837937385	1.0	0.823401950162513	0	2	0	0.0
GC_00003619	2	2	1	0	0.629032258064516	0.532156582661632	0.57655334790543	0	2	0	0.0
GC_00003620	2	2	1	0	0.64957264957265	0.539770287677115	0.589602889033483	0	2	0	0.0
GC_00003621	2	2	1	0	0.723926380368098	0.943708831832237	0.819334724706745	0	2	0	0.0
GC_00003622	1	2	2	0	0.716417910447761	0.732589943193772	0.724413680711168	0	2	0	0.0
GC_00003623	2	2	1	0	0.855721393034826	1.0	0.922252010723861	0	2	0	0.0
GC_00003624	2	2	1	0	0.643960036330608	0.889878353995695	0.747205312871302	0	2	0	0.0
GC_00003625	1	2	2	0	1.0	0.517057338622429	0.681658267566796	0	2	0	0.0
GC_00003626	2	2	1	0	0.857030015797788	0.963846483391323	0.907305209612371	0	2	0	0.0
GC_00003627	2	2	1	0	0.629969418960245	0.948588863463005	0.757123739809718	0	2	0	0.0
GC_00003628	2	2	1	0	0.772357723577236	0.797532656023222	0.784743335826252	0	2	0	0.0
GC_00003629	2	2	1	0	0.630952380952381	0.51719301420686	0.5684370030165	0	2	0	0.0
GC_00003630	2	2	1	0	0.763157894736842	0.533629893238436	0.628080970022605	0	2	0	0.0
GC_00003631	2	2	1	0	0.914046121593291	0.619516477008335	0.738498230967495	0	2	0	0.0
GC_00003632	2	2	1	0	0.748571428571429	0.680412371134018	0.712866389083562	0	2	0	0.0
GC_00003633	2	2	1	0	0.772727272727273	0.678899082568807	0.722780810112037	0	2	0	0.0
GC_00003634	2	2	1	0	0.664583333333333	0.978696459728709	0.791618515938851	0	2	0	0.0
GC_00003635	2	2	1	0	0.646746347941567	0.871785756606235	0.74259115442338	0	2	0	0.0
GC_00003636	2	2	1	0	0.68978102189781	0.924754299754299	0.790169106038747	0	2	0	0.0
GC_00003637	1	2	2	0	0.978494623655914	0.586079229914846	0.733075494262232	0	2	0	0.0
GC_00003638	2	2	1	0	0.696969696969697	0.925491949910552	0.795137247302414	0	2	0	0.0
GC_00003639	1	2	2	0	0.846994535519126	0.8885336743393	0.867266994008134	0	2	0	0.0
GC_00003640	2	2	1	0	0.80976430976431	0.798849063316986	0.804269653836892	0	2	0	0.0
GC_00003641	2	2	1	0	0.712250712250712	0.87840870833801	0.786651397606429	0	2	0	0.0
GC_00003642	2	2	1	0	0.889671361502347	1.0	0.941614906832298	0	2	0	0.0
GC_00003643	2	2	1	0	0.730864197530864	0.936649987169619	0.821059211994623	0	2	0	0.0
GC_00003644	2	2	1	0	0.7	0.777023971053822	0.736503659246104	0	2	0	0.0
GC_00003645	1	2	2	0	1.0	0.487756574201586	0.655694059982015	0	2	0	0.0
GC_00003646	2	2	1	0	0.725694444444444	0.974774681446184	0.831992254537524	0	2	0	0.0
GC_00003647	2	2	1	0	0.671768707482993	0.943213489409142	0.784678998790502	0	2	0	0.0
GC_00003648	2	2	1	0	0.816872427983539	0.690708081073966	0.748511119406122	0	2	0	0.0
GC_00003649	2	2	1	0	0.617460317460317	0.985981929311721	0.759372177337305	0	2	0	0.0
GC_00003650	2	2	1	0	0.728395061728395	0.778123918310834	0.752438737274457	0	2	0	0.0
GC_00003651	2	2	1	0	0.785036292573981	0.890055599402118	0.834253871427993	0	2	0	0.0
GC_00003652	1	2	2	0	0.621621621621622	0.837479270315092	0.713583584198563	0	2	0	0.0
GC_00003653	1	2	2	0	0.666666666666667	0.546419098143235	0.600583090379008	0	2	0	0.0
GC_00003654	2	2	1	0	0.625	0.699692780337942	0.660240614581824	0	2	0	0.0
GC_00003655	2	2	1	0	0.699430199430199	0.854011375736955	0.769029690457569	0	2	0	0.0
GC_00003656	2	2	1	0	0.908333333333333	0.995024875621891	0.949704850900695	0	2	0	0.0
GC_00003657	2	2	1	0	0.595600676818951	0.866546421112586	0.705969509688638	0	2	0	0.0
GC_00003658	1	2	2	0	0.776255707762557	1.0	0.874035989717224	0	2	0	0.0
GC_00003659	2	2	1	0	0.733739837398374	0.900768630276827	0.808719980818369	0	2	0	0.0
GC_00003660	2	2	1	0	0.774011299435028	0.891356783919598	0.828549831688978	0	2	0	0.0
GC_00003661	2	2	1	0	0.824225865209472	0.633518172503159	0.716397461212288	0	2	0	0.0
GC_00003662	2	2	1	0	0.810035842293907	0.740040399506228	0.773457759276902	0	2	0	0.0
GC_00003663	2	2	1	0	0.679324894514768	0.554166050022201	0.610395714929733	0	2	0	0.0
GC_00003664	2	2	1	0	0.659090909090909	0.679984779299848	0.669374838543012	0	2	0	0.0
GC_00003665	1	2	2	0	0.642361111111111	0.538422649140547	0.585817289823832	0	2	0	0.0
GC_00003666	1	2	2	0	0.948148148148148	0.745535714285714	0.834722845930062	0	2	0	0.0
GC_00003667	2	2	1	0	0.807692307692308	0.843895778814428	0.825397245973224	0	2	0	0.0
GC_00003668	2	2	1	0	0.607669616519174	0.982684973302822	0.750961835439376	0	2	0	0.0
GC_00003669	1	2	2	0	0.858333333333333	0.861473347060168	0.859900473686719	0	2	0	0.0
GC_00003670	2	2	1	0	0.871212121212121	1.0	0.931174089068826	0	2	0	0.0
GC_00003671	1	2	2	0	0.754901960784314	0.610128858255919	0.674838201458824	0	2	0	0.0
GC_00003672	2	2	1	0	0.719298245614035	0.897378922546709	0.798530587740299	0	2	0	0.0
GC_00003673	1	2	2	0	0.778538812785388	0.673983739837399	0.722498249272874	0	2	0	0.0
GC_00003674	2	2	1	0	0.863849765258216	0.883487654320988	0.873558357123162	0	2	0	0.0
GC_00003675	1	2	2	0	0.962962962962963	0.505033249954245	0.662574345208045	0	2	0	0.0
GC_00003676	1	2	2	0	0.761097659402744	0.882878918477519	0.817477678733945	0	2	0	0.0
GC_00003677	2	2	1	0	0.884615384615385	0.44971694971695	0.596293025666622	0	2	0	0.0
GC_00003678	2	2	1	0	0.688995215311005	0.815119363395227	0.746769360841828	0	2	0	0.0
GC_00003679	1	2	2	0	0.68922305764411	0.560869875222815	0.618457140550349	0	2	0	0.0
GC_00003680	2	2	1	0	0.8635477582846	1.0	0.926778242677824	0	2	0	0.0
GC_00003681	2	2	1	0	0.713930348258706	0.985365209619758	0.827969124034114	0	2	0	0.0
GC_00003682	2	2	1	0	0.687179487179487	0.943307757885762	0.795126417919852	0	2	0	0.0
GC_00003683	2	2	1	0	0.70042194092827	0.975462962962962	0.815373013069998	0	2	0	0.0
GC_00003684	1	2	2	0	0.804597701149425	0.648358945171695	0.718078021289449	0	2	0	0.0
GC_00003685	2	2	1	0	0.767932489451477	0.96386630532972	0.854815528894934	0	2	0	0.0
GC_00003686	2	2	1	0	0.883561643835616	0.768641185726613	0.82210471671969	0	2	0	0.0
GC_00003687	2	2	1	0	0.813725490196078	0.618332273562246	0.702698934556954	0	2	0	0.0
GC_00003688	2	2	1	0	0.734265734265734	0.902237083034791	0.809631083127745	0	2	0	0.0
GC_00003689	1	2	2	0	0.83629191321499	0.926229508196721	0.878966051789138	0	2	0	0.0
GC_00003690	1	2	2	0	0.737373737373737	0.691582002902757	0.713744158488979	1	1	0	0.5
GC_00003691	2	2	1	0	0.802083333333333	0.877128753599343	0.837929121549587	0	2	0	0.0
GC_00003692	1	2	2	0	0.944444444444444	0.818162600938571	0.876779796305354	0	2	0	0.0
GC_00003693	2	2	1	0	0.945147679324895	0.995798319327729	0.969812113517413	0	2	0	0.0
GC_00003694	2	2	1	0	0.855889724310777	0.964150197628456	0.906800160694445	0	2	0	0.0
GC_00003695	1	2	2	0	0.790277777777778	0.922634836427939	0.851342680514661	0	2	0	0.0
GC_00003696	1	2	2	0	0.879227053140097	0.98578263841422	0.929460868900114	0	2	0	0.0
GC_00003697	2	2	1	0	0.628787878787879	0.589202965708991	0.608352163988103	0	2	0	0.0
GC_00003698	1	2	2	0	0.648018648018648	0.960411754035915	0.773878342011667	0	2	0	0.0
GC_00003699	2	2	1	0	0.808823529411765	0.834704672347928	0.821560321729916	0	2	0	0.0
GC_00003700	2	2	1	0	0.785714285714286	0.506851277154454	0.616201298615638	0	2	0	0.0
GC_00003701	1	2	2	0	0.684895833333333	0.575320631625771	0.625344477536213	0	2	0	0.0
GC_00003702	2	2	1	0	0.831715210355987	1.0	0.908127208480565	0	2	0	0.0
GC_00003703	1	2	2	0	0.816666666666667	0.62463036422647	0.707855197808201	0	2	0	0.0
GC_00003704	2	2	1	0	0.748299319727891	0.961429308565533	0.841580219995679	0	2	0	0.0
GC_00003705	2	2	1	0	0.838095238095238	1.0	0.911917098445596	0	2	0	0.0
GC_00003706	2	2	1	0	0.644444444444444	0.640577507598785	0.64250515775503	0	2	0	0.0
GC_00003707	1	2	2	0	1.0	0.769736842105263	0.869888475836431	0	2	0	0.0
GC_00003708	2	2	1	0	0.674698795180723	0.564897612447465	0.614935209836606	0	2	0	0.0
GC_00003709	2	2	1	0	0.704	0.915951051953628	0.796109906898363	0	2	0	0.0
GC_00003710	2	2	1	0	0.810062893081761	1.0	0.895066018068103	0	2	0	0.0
GC_00003711	2	2	1	0	0.692307692307692	0.81937984496124	0.750502938740089	0	2	0	0.0
GC_00003712	2	2	1	0	0.565040650406504	0.528476616761846	0.546147336169627	0	2	0	0.0
GC_00003713	1	2	2	0	0.715384615384615	0.778489383919247	0.745604152365726	0	2	0	0.0
GC_00003714	1	2	2	0	0.933333333333333	0.81015037593985	0.867390210594408	0	2	0	0.0
GC_00003715	2	2	1	0	0.764285714285714	0.902398676592226	0.827619699187886	0	2	0	0.0
GC_00003716	1	2	2	0	0.844086021505376	0.46679644048943	0.601146726314438	0	2	0	0.0
GC_00003717	1	2	2	0	0.851282051282051	0.616309715363701	0.714985475721205	0	2	0	0.0
GC_00003718	2	2	1	0	0.838006230529595	0.913766139298054	0.87424796870621	0	2	0	0.0
GC_00003719	1	2	2	0	0.72	0.511136136136136	0.597851053536655	0	2	0	0.0
GC_00003720	1	2	2	0	1.0	0.526235057653655	0.689585860336164	0	2	0	0.0
GC_00003721	1	2	2	0	1.0	0.461299393221844	0.631355073931538	0	2	0	0.0
GC_00003722	1	2	2	0	0.984126984126984	0.693366336633664	0.813547825581864	0	2	0	0.0
GC_00003723	2	2	1	0	0.633663366336634	0.527432808155699	0.57568848485519	0	2	0	0.0
GC_00003724	1	2	2	0	0.770833333333333	0.556179775280899	0.646145704709825	1	1	0	0.5
GC_00003725	2	2	1	0	0.872592592592593	0.700525185008355	0.777148534034185	0	2	0	0.0
GC_00003726	1	2	2	0	1.0	0.440024479804163	0.61113472163196	0	2	0	0.0
GC_00003727	1	2	2	0	0.970149253731343	0.624060150375939	0.759538223285935	1	1	0	0.5
GC_00003728	2	2	1	0	0.62719298245614	0.542982535517148	0.582057700989043	0	2	0	0.0
GC_00003729	2	2	1	0	0.819672131147541	0.508127914723517	0.627350920874162	0	2	0	0.0
GC_00003730	1	2	2	0	0.866666666666667	0.54873054873055	0.671990124599777	0	2	0	0.0
GC_00003731	1	2	2	0	0.740740740740741	0.847938144329897	0.790722826413507	0	2	0	0.0
GC_00003732	2	2	1	0	0.571794871794872	0.918789331735091	0.704903522929897	0	2	0	0.0
GC_00003733	2	2	1	0	0.753968253968254	0.947881066302118	0.83987721359002	0	2	0	0.0
GC_00003734	2	2	1	0	0.676190476190476	0.498722161372763	0.574053193409865	0	2	0	0.0
GC_00003735	2	2	1	0	0.703804347826087	0.991935601369565	0.82339109760141	0	2	0	0.0
GC_00003736	2	2	1	0	0.671345029239766	0.715901969192204	0.692907937783822	0	2	0	0.0
GC_00003737	2	2	1	0	0.77536231884058	0.497663877266388	0.606224473715444	0	2	0	0.0
GC_00003738	2	2	1	0	0.791005291005291	1.0	0.883308714918759	0	2	0	0.0
GC_00003739	2	2	1	0	0.985074626865672	1.0	0.992481203007519	1	1	0	0.5
GC_00003740	1	2	2	0	1.0	0.47318295739348	0.642395372575703	0	2	0	0.0
GC_00003741	2	2	1	0	0.81657848324515	0.987013519609582	0.893743154227287	0	2	0	0.0
GC_00003742	1	2	2	0	0.82520325203252	0.595975002961739	0.692102498537179	0	2	0	0.0
GC_00003743	1	2	2	0	0.947089947089947	0.669003115264797	0.784120840313421	1	1	0	0.5
GC_00003744	2	2	1	0	0.641304347826087	0.490745591059893	0.556013070470896	0	2	0	0.0
GC_00003745	2	2	1	0	0.705314009661836	0.985714285714286	0.822266661225156	0	2	0	0.0
GC_00003746	2	2	1	0	0.664478482859227	0.927178884956194	0.77414955162165	0	2	0	0.0
GC_00003747	2	2	1	0	0.725274725274725	0.710431654676259	0.717776462328437	0	2	0	0.0
GC_00003748	2	2	1	0	0.615942028985507	0.632863581540023	0.624288160141682	0	2	0	0.0
GC_00003749	1	2	2	0	0.976525821596244	0.532504054831789	0.689189747361167	0	2	0	0.0
GC_00003750	2	2	1	0	0.824561403508772	1.0	0.903846153846154	0	2	0	0.0
GC_00003751	1	2	2	0	0.974358974358974	0.485085687818436	0.647708824470021	0	2	0	0.0
GC_00003752	1	2	2	0	0.957627118644068	1.0	0.978354978354978	0	2	0	0.0
GC_00003753	1	2	2	0	0.75886524822695	0.503150051872111	0.605100570459584	0	2	0	0.0
GC_00003754	2	2	1	0	0.66231884057971	0.798948248241275	0.72424607589746	0	2	0	0.0
GC_00003755	1	2	2	0	0.80952380952381	0.718925518925518	0.761539573490364	0	2	0	0.0
GC_00003756	1	2	2	0	0.682170542635659	0.584077107103423	0.629324282932978	0	2	0	0.0
GC_00003757	2	2	1	0	0.773584905660377	0.969661828520126	0.860596196086768	0	2	0	0.0
GC_00003758	1	2	2	0	0.774509803921569	0.811954941860465	0.792790466331482	0	2	0	0.0
GC_00003759	2	2	1	0	0.877777777777778	0.694493006993006	0.775452338446142	0	2	0	0.0
GC_00003760	2	2	1	0	0.745098039215686	0.945396825396824	0.83338120171737	0	2	0	0.0
GC_00003761	2	2	1	0	0.62756052141527	0.962801511188607	0.759847388197086	0	2	0	0.0
GC_00003762	1	2	2	0	1.0	0.676390773405699	0.806960744637798	0	2	0	0.0
GC_00003763	1	2	2	0	0.991228070175439	0.705435417884278	0.824261726410447	1	1	0	0.5
GC_00003764	2	2	1	0	0.657738095238095	1.0	0.793536804308797	0	2	0	0.0
GC_00003765	1	2	2	0	0.825688073394495	0.948970251716247	0.883047071947646	0	2	0	0.0
GC_00003766	1	2	2	0	0.875	0.63411425176131	0.735331959980595	0	2	0	0.0
GC_00003767	1	2	2	0	0.941798941798942	0.581818181818182	0.719282737719409	0	2	0	0.0
GC_00003768	2	2	1	0	0.82183908045977	0.545828695496833	0.655982923750492	0	2	0	0.0
GC_00003769	2	2	1	0	0.688073394495413	0.945191040843213	0.796393766799682	0	2	0	0.0
GC_00003770	1	2	2	0	0.976470588235294	0.926421404682275	0.950787808610066	0	2	0	0.0
GC_00003771	2	2	1	0	0.63963963963964	0.723651145602364	0.679056827800301	0	2	0	0.0
GC_00003772	1	2	2	0	0.893719806763285	0.692137592137593	0.780116895160355	0	2	0	0.0
GC_00003773	1	2	2	0	0.682539682539683	0.631391539666715	0.655970074778641	0	2	0	0.0
GC_00003774	1	2	2	0	0.861111111111111	0.721333333333333	0.7850489163507	0	2	0	0.0
GC_00003775	1	2	2	0	0.65	0.572268495835375	0.608662537830958	0	2	0	0.0
GC_00003776	2	2	1	0	0.724242424242424	0.965145163794441	0.827517708928597	0	2	0	0.0
GC_00003777	1	2	2	0	0.845360824742268	0.780099321705426	0.811419963041221	0	2	0	0.0
GC_00003778	2	2	1	0	0.615384615384615	0.802448979591837	0.696576464856725	0	2	0	0.0
GC_00003779	1	2	2	0	0.984674329501916	0.562397179788483	0.715904937291485	0	2	0	0.0
GC_00003780	2	2	1	0	0.683195592286501	0.78898973011703	0.732291373609443	2	0	0	1.0
GC_00003781	1	2	2	0	0.964539007092199	0.515451686678101	0.671859978802891	0	2	0	0.0
GC_00003782	1	2	2	0	0.825708061002179	0.807561528497409	0.816533985721063	0	2	0	0.0
GC_00003783	1	2	2	0	0.991869918699187	0.797532656023222	0.884148331811153	0	2	0	0.0
GC_00003784	1	2	2	0	1.0	0.534614053305642	0.696740724032931	0	2	0	0.0
GC_00003785	2	2	1	0	0.714583333333333	0.908320493066255	0.799888046490376	0	2	0	0.0
GC_00003786	2	2	1	0	0.668449197860963	0.964211313498212	0.789541089028708	0	2	0	0.0
GC_00003787	2	2	1	0	0.729591836734694	0.921870847727877	0.814537865558651	0	2	0	0.0
GC_00003788	1	2	2	0	0.724279835390947	0.736093552465234	0.730138910288552	0	2	0	0.0
GC_00003789	2	2	1	0	0.68	0.879746084480304	0.767082980235122	0	2	0	0.0
GC_00003790	2	2	1	0	0.783625730994152	0.666728440820359	0.720466175732508	0	2	0	0.0
GC_00003791	2	2	1	0	0.802395209580838	0.837636815920398	0.819637370505198	0	2	0	0.0
GC_00003792	1	2	2	0	0.815126050420168	0.875912408759125	0.844426711161087	0	2	0	0.0
GC_00003793	1	2	2	0	0.915151515151515	0.533507997793712	0.674058532268551	0	2	0	0.0
GC_00003794	2	2	1	0	0.7735368956743	0.749078458512422	0.761111233800327	0	2	0	0.0
GC_00003795	1	2	2	0	0.786274509803922	0.868276675383276	0.825243514281394	0	2	0	0.0
GC_00003796	1	2	2	0	0.796296296296296	0.712105341912314	0.751851273525548	0	2	0	0.0
GC_00003797	1	2	2	0	0.75	0.929087624209575	0.829993275050437	0	2	0	0.0
GC_00003798	2	2	1	0	0.848717948717949	1.0	0.918169209431345	0	2	0	0.0
GC_00003799	1	2	2	0	0.859259259259259	0.58256880733945	0.694365234605142	0	2	0	0.0
GC_00003800	2	2	1	0	0.656934306569343	0.94616858237548	0.775459399202578	0	2	0	0.0
GC_00003801	2	2	1	0	0.850340136054422	1.0	0.919117647058824	0	2	0	0.0
GC_00003802	2	2	1	0	0.681286549707602	0.622470780444891	0.650552001503985	0	2	0	0.0
GC_00003803	1	2	2	0	0.880503144654088	0.981481481481481	0.928254206542816	0	2	0	0.0
GC_00003804	2	2	1	0	0.890666666666667	1.0	0.942172073342736	0	2	0	0.0
GC_00003805	2	2	1	0	0.733333333333333	0.662561576354679	0.696153393718385	0	2	0	0.0
GC_00003806	2	2	1	0	0.876344086021505	1.0	0.934097421203438	0	2	0	0.0
GC_00003807	2	2	1	0	0.810897435897436	0.93082368082368	0.866731796274586	0	2	0	0.0
GC_00003808	2	2	1	0	0.765903307888041	0.57890688709319	0.659404132179457	0	2	0	0.0
GC_00003809	2	2	1	0	0.86039886039886	1.0	0.924961715160796	0	2	0	0.0
GC_00003810	2	2	1	0	0.631578947368421	0.748253105590063	0.684983230793151	0	2	0	0.0
GC_00003811	2	2	1	0	0.841121495327103	0.995348837209303	0.911759136527173	0	2	0	0.0
GC_00003812	1	2	2	0	0.655038759689923	0.773988005997001	0.709562837641385	0	2	0	0.0
GC_00003813	2	2	1	0	0.764857881136951	0.942464577071704	0.84442333198384	0	2	0	0.0
GC_00003814	2	2	1	0	0.647058823529412	0.607564803385646	0.626690201687411	0	2	0	0.0
GC_00003815	1	2	2	0	0.911458333333333	1.0	0.953678474114441	0	2	0	0.0
GC_00003816	2	2	1	0	0.788530465949821	0.799579831932774	0.794016710651215	0	2	0	0.0
GC_00003817	1	2	2	0	0.954545454545455	0.491396218784756	0.648795225524554	0	2	0	0.0
GC_00003818	2	2	1	0	0.792207792207792	0.584123972169513	0.672436071512768	0	2	0	0.0
GC_00003819	2	2	1	0	0.828828828828829	1.0	0.9064039408867	0	2	0	0.0
GC_00003820	1	2	2	0	0.81039755351682	0.897913561847987	0.851913854855168	0	2	0	0.0
GC_00003821	1	2	2	0	0.92	0.928348909657321	0.924155599002225	0	2	0	0.0
GC_00003822	1	2	2	0	0.656565656565657	0.696788648244958	0.676079419404466	0	2	0	0.0
GC_00003823	2	2	1	0	0.786885245901639	0.912709181365897	0.845139731095076	0	2	0	0.0
GC_00003824	1	2	2	0	0.731707317073171	0.581188118811882	0.647819449298288	0	2	0	0.0
GC_00003825	2	2	1	0	0.844859813084112	0.92670515325911	0.883891878018646	0	2	0	0.0
GC_00003826	1	2	2	0	0.846994535519126	0.739635854341737	0.789683004819299	0	2	0	0.0
GC_00003827	1	2	2	0	0.754480286738351	0.614580835930632	0.677382649523898	0	2	0	0.0
GC_00003828	2	2	1	0	0.999190938511327	1.0	0.999595305544314	0	2	0	0.0
GC_00003829	1	2	2	0	0.980099502487562	0.87781954887218	0.926144228397703	0	2	0	0.0
GC_00003830	2	2	1	0	1.0	0.500859649480469	0.667430361864741	1	1	0	0.5
GC_00003831	1	2	2	0	0.657657657657658	0.624149659863946	0.640465688911201	0	2	0	0.0
GC_00003832	2	2	1	0	0.688235294117647	0.907327340994424	0.782739186351551	0	2	0	0.0
GC_00003833	1	2	2	0	0.930817610062893	1.0	0.964169381107492	0	2	0	0.0
GC_00003834	2	2	1	0	0.666666666666667	0.555728047130007	0.606163231191726	0	2	0	0.0
GC_00003835	1	2	2	0	0.741293532338308	0.878193701723112	0.80395732369557	0	2	0	0.0
GC_00003836	1	2	2	0	0.874587458745875	0.913595413595413	0.893665970586257	0	2	0	0.0
GC_00003837	2	2	1	0	0.723311546840959	0.89296885624915	0.799235928938458	0	2	0	0.0
GC_00003838	2	2	1	0	0.724444444444444	0.567673023459981	0.636548267973702	0	2	0	0.0
GC_00003839	2	2	1	0	0.606060606060606	0.562336530078465	0.583380440927077	0	2	0	0.0
GC_00003840	2	2	1	0	0.746835443037975	0.680739415623137	0.712257322235464	0	2	0	0.0
GC_00003841	2	2	1	0	0.638743455497382	0.917395104895106	0.753120749362175	0	2	0	0.0
GC_00003842	1	2	2	0	0.933333333333333	1.0	0.96551724137931	0	2	0	0.0
GC_00003843	2	2	1	0	0.655737704918033	0.983919942536243	0.786985509985603	0	2	0	0.0
GC_00003844	1	2	2	0	0.947916666666667	0.549163537043361	0.695435379078525	0	2	0	0.0
GC_00003845	2	2	1	0	0.576388888888889	0.720657276995305	0.640499710931805	0	2	0	0.0
GC_00003846	2	2	1	0	0.610738255033557	0.94953454189123	0.743353431978976	0	2	0	0.0
GC_00003847	2	2	1	0	0.61	0.92705088265836	0.735826048183329	0	2	0	0.0
GC_00003848	2	2	1	0	0.759398496240602	0.56120342360683	0.645428466469805	0	2	0	0.0
GC_00003849	2	2	1	0	0.944099378881988	1.0	0.971246006389776	0	2	0	0.0
GC_00003850	2	2	1	0	0.692307692307692	0.870887647423962	0.771397153155355	0	2	0	0.0
GC_00003851	2	2	1	0	0.924242424242424	0.515016738402676	0.661451851314829	0	2	0	0.0
GC_00003852	2	2	1	0	0.818481848184819	0.990220226021445	0.896197657162187	0	2	0	0.0
GC_00003853	2	2	1	0	0.864583333333333	0.916746411483253	0.889901120854154	0	2	0	0.0
GC_00003854	1	2	2	0	0.836363636363636	0.93395675043834	0.882470167350957	0	2	0	0.0
GC_00003855	2	2	1	0	0.717948717948718	0.963425925925927	0.822767740523444	0	2	0	0.0
GC_00003856	1	2	2	0	0.935483870967742	0.61452277131783	0.741772486939205	0	2	0	0.0
GC_00003857	1	2	2	0	0.68063872255489	0.893190351575832	0.772561582306151	0	2	0	0.0
GC_00003858	2	2	1	0	0.696666666666667	0.642314990512335	0.668387712394836	0	2	0	0.0
GC_00003859	2	2	1	0	0.685897435897436	0.914172686618507	0.783751528005744	0	2	0	0.0
GC_00003860	2	2	1	0	0.662551440329218	0.810832137733143	0.729230335832581	0	2	0	0.0
GC_00003861	1	2	2	0	0.915492957746479	0.811542390194076	0.860389272311518	0	2	0	0.0
GC_00003862	1	2	2	0	0.90325417766051	0.820846920127569	0.860081129553488	0	2	0	0.0
GC_00003863	2	2	1	0	0.802216538789429	0.980126194884193	0.882292085334504	0	2	0	0.0
GC_00003864	1	2	2	0	0.700636942675159	0.535559159089589	0.607076063919859	0	2	0	0.0
GC_00003865	2	2	1	0	0.760536398467433	0.956681440106854	0.847406823520519	0	2	0	0.0
GC_00003866	2	2	1	0	0.725490196078431	0.985507246376812	0.83574157116758	0	2	0	0.0
GC_00003867	2	2	1	0	0.866666666666667	0.982142857142857	0.920798454603992	0	2	0	0.0
GC_00003868	2	2	1	0	0.792156862745098	0.984585914818474	0.877950932723246	0	2	0	0.0
GC_00003869	1	2	2	0	0.94579945799458	0.493343650179554	0.648447196522212	0	2	0	0.0
GC_00003870	2	2	1	0	0.819521178637201	0.755505364201018	0.786212333185223	0	2	0	0.0
GC_00003871	2	2	1	0	0.952380952380952	0.504624258829597	0.65970187137404	0	2	0	0.0
GC_00003872	1	2	2	0	0.701492537313433	0.66290893015031	0.681655185087569	0	2	0	0.0
GC_00003873	1	2	2	0	0.728260869565217	0.752571428571429	0.740216598018573	1	1	0	0.5
GC_00003874	1	2	2	0	0.617777777777778	0.744665843766531	0.675313096079022	0	2	0	0.0
GC_00003875	2	2	1	0	0.831363278171789	0.986052109883882	0.902124544459026	0	2	0	0.0
GC_00003876	2	2	1	0	0.741935483870968	0.492663933369433	0.592135147135016	0	2	0	0.0
GC_00003877	2	2	1	0	0.702290076335878	0.725976221640488	0.713936745320258	0	2	0	0.0
GC_00003878	2	2	1	0	0.612403100775194	0.888739095955591	0.725136605084662	0	2	0	0.0
GC_00003879	2	2	1	0	0.65952380952381	0.902398676592226	0.762078039321005	0	2	0	0.0
GC_00003880	1	2	2	0	1.0	0.506967670011147	0.672831514703161	1	1	0	0.5
GC_00003881	1	2	2	0	0.977011494252874	0.650825725253574	0.781238082909783	0	2	0	0.0
GC_00003882	1	2	2	0	1.0	0.413079470198676	0.58465143526655	0	2	0	0.0
GC_00003883	1	2	2	0	0.719135802469136	0.780594405594407	0.748605824236712	0	2	0	0.0
GC_00003884	2	2	1	0	0.9	0.564993829699712	0.694193294771719	0	2	0	0.0
GC_00003885	1	2	2	0	0.808429118773946	0.932378816629292	0.865991209899343	0	2	0	0.0
GC_00003886	2	2	1	0	0.813148788927336	0.936483419493127	0.870469067437705	0	2	0	0.0
GC_00003887	2	2	1	0	0.733940313606474	0.8813155792277	0.800904717914012	0	2	0	0.0
GC_00003888	2	2	1	0	0.926380368098159	1.0	0.961783439490446	1	1	0	0.5
GC_00003889	1	2	2	0	0.978142076502732	0.633086909484315	0.768666588840356	0	2	0	0.0
GC_00003890	1	2	2	0	0.858757062146893	0.662859318484675	0.74819794030125	0	2	0	0.0
GC_00003891	1	2	2	0	0.707482993197279	0.702147352832284	0.704805074956739	0	2	0	0.0
GC_00003892	1	2	2	0	0.748587570621469	0.898303375964971	0.816640280024014	0	2	0	0.0
GC_00003893	2	2	1	0	0.665833333333333	0.601085337305815	0.631804808045355	0	2	0	0.0
GC_00003894	1	2	2	0	1.0	0.632280701754387	0.774720550300946	0	2	0	0.0
GC_00003895	1	2	2	0	0.907284768211921	0.876220849113015	0.891482283282449	0	2	0	0.0
GC_00003896	2	2	1	0	0.657575757575758	0.842392277202403	0.738598059443664	0	2	0	0.0
GC_00003897	2	2	1	0	0.836879432624113	1.0	0.911196911196911	0	2	0	0.0
GC_00003898	2	2	1	0	0.86984126984127	0.981308411214952	0.922218838651771	0	2	0	0.0
GC_00003899	2	2	1	0	0.708920187793427	0.537694266684079	0.611548051835949	0	2	0	0.0
GC_00003900	1	2	2	0	0.67989417989418	0.92835630562188	0.784932514859888	0	2	0	0.0
GC_00003901	2	2	1	0	0.694444444444444	0.861411877539692	0.768969067751741	0	2	0	0.0
GC_00003902	2	2	1	0	0.677740863787375	0.956232939035487	0.793254012964257	0	2	0	0.0
GC_00003903	2	2	1	0	0.808846761453397	1.0	0.894323144104804	0	2	0	0.0
GC_00003904	1	2	2	0	0.872	0.81927212572374	0.844814128684807	0	2	0	0.0
GC_00003905	2	2	1	0	0.802816901408451	1.0	0.890625	0	2	0	0.0
GC_00003906	2	2	1	0	0.860952380952381	0.776868521549371	0.816752066472264	0	2	0	0.0
GC_00003907	1	2	2	0	0.737777777777778	0.780303030303029	0.758444784527691	0	2	0	0.0
GC_00003908	1	2	2	0	0.79646017699115	0.720257570483815	0.756444596262923	0	2	0	0.0
GC_00003909	1	2	2	0	0.943396226415094	1.0	0.970873786407767	0	2	0	0.0
GC_00003910	2	2	1	0	0.824074074074074	0.973218673218673	0.892458146523244	0	2	0	0.0
GC_00003911	2	2	1	0	0.807606263982103	0.839495323582953	0.823242096331835	0	2	0	0.0
GC_00003912	1	2	2	0	0.969072164948454	1.0	0.984293193717277	1	1	0	0.5
GC_00003913	2	2	1	0	0.74320987654321	0.933301515332299	0.82747890333359	0	2	0	0.0
GC_00003914	1	2	2	0	0.726027397260274	0.508609167387369	0.598174718932534	0	2	0	0.0
GC_00003915	2	2	1	0	0.752415458937198	0.978912697811766	0.850848574156571	0	2	0	0.0
GC_00003916	2	2	1	0	0.821138211382114	0.721311475409835	0.767994469886805	0	2	0	0.0
GC_00003917	2	2	1	0	0.697916666666667	0.521898454746137	0.597207926809498	0	2	0	0.0
GC_00003918	2	2	1	0	0.917617237008872	0.956974120769743	0.936882531700471	0	2	0	0.0
GC_00003919	1	2	2	0	0.853968253968254	1.0	0.921232876712329	0	2	0	0.0
GC_00003920	2	2	1	0	0.594086021505376	0.736685288640597	0.65774551779603	0	2	0	0.0
GC_00003921	1	2	2	0	0.771349862258953	0.991803278688526	0.867794526337359	0	2	0	0.0
GC_00003922	2	2	1	0	0.740412979351032	0.720257570483815	0.730196215323647	0	2	0	0.0
GC_00003923	1	2	2	0	0.8	0.667153711279953	0.727562442735928	0	2	0	0.0
GC_00003924	2	2	1	0	0.941176470588235	0.576744186046512	0.71521268925739	0	2	0	0.0
GC_00003925	1	2	2	0	0.747474747474748	0.516363636363636	0.610788188793304	0	2	0	0.0
GC_00003926	2	2	1	0	0.833333333333333	0.974525474525475	0.898415914533063	0	2	0	0.0
GC_00003927	1	2	2	0	0.675615212527964	0.564982369124654	0.61536583503931	0	2	0	0.0
GC_00003928	2	2	1	0	0.647798742138365	0.859032258064516	0.738609726181035	0	2	0	0.0
GC_00003929	2	2	1	0	0.705234159779614	0.628364481802737	0.66458390634487	0	2	0	0.0
GC_00003930	2	2	1	0	0.739442946990117	0.908116166736242	0.815145373475617	0	2	0	0.0
GC_00003931	2	2	1	0	0.662835249042146	0.899585258916931	0.763273159935334	0	2	0	0.0
GC_00003932	1	2	2	0	0.966386554621849	0.713132171695709	0.820665267491288	0	2	0	0.0
GC_00003933	2	2	1	0	0.742616033755274	0.952688803996473	0.834636892755116	0	2	0	0.0
GC_00003934	2	2	1	0	0.719047619047619	0.882120253164557	0.792279783724771	0	2	0	0.0
GC_00003935	2	2	1	0	0.744131455399061	0.903571716520197	0.816137454767915	0	2	0	0.0
GC_00003936	2	2	1	0	0.643255295429208	0.861082621082621	0.736398318135596	0	2	0	0.0
GC_00003937	1	2	2	0	0.947089947089947	1.0	0.972826086956522	0	2	0	0.0
GC_00003938	1	2	2	0	0.893162393162393	0.676335877862595	0.769771821231558	0	2	0	0.0
GC_00003939	1	2	2	0	0.977401129943503	1.0	0.988571428571429	0	2	0	0.0
GC_00003940	2	2	1	0	0.652482269503546	0.547551673228347	0.595429421946468	0	2	0	0.0
GC_00003941	1	2	2	0	0.996491228070175	1.0	0.998242530755712	0	2	0	0.0
GC_00003942	1	2	2	0	0.944444444444444	0.889801098104218	0.916308841178825	0	2	0	0.0
GC_00003943	1	2	2	0	0.674757281553398	0.890613437916235	0.767802661451204	0	2	0	0.0
GC_00003944	1	2	2	0	0.797037037037037	0.938877266387725	0.862162323412803	0	2	0	0.0
GC_00003945	2	2	1	0	0.642036124794745	0.933116306599584	0.760681144924701	0	2	0	0.0
GC_00003946	2	2	1	0	0.942604856512141	0.993421052631578	0.967346050845041	0	2	0	0.0
GC_00003947	2	2	1	0	0.740909090909091	0.89855649576904	0.812153279483751	0	2	0	0.0
GC_00003948	1	2	2	0	0.738738738738739	1.0	0.849740932642487	0	2	0	0.0
GC_00003949	2	2	1	0	0.83859649122807	0.802465790543288	0.820133402315219	0	2	0	0.0
GC_00003950	2	2	1	0	0.689138576779026	1.0	0.815964523281597	1	1	0	0.5
GC_00003951	1	2	2	0	0.923423423423423	1.0	0.960187353629977	1	1	0	0.5
GC_00003952	2	2	1	0	0.898305084745763	0.902432299074098	0.900363962209124	0	2	0	0.0
GC_00003953	1	2	2	0	0.846153846153846	0.529200359389038	0.651155778894472	0	2	0	0.0
GC_00003954	1	2	2	0	0.734126984126984	0.644168734491315	0.686212173386238	0	2	0	0.0
GC_00003955	1	2	2	0	1.0	0.471951219512195	0.641259320629661	0	2	0	0.0
GC_00003956	1	2	2	0	0.991452991452991	0.569174757281553	0.723183368005476	0	2	0	0.0
GC_00003957	1	2	2	0	0.717391304347826	0.581067556296914	0.642073191166121	0	2	0	0.0
GC_00003958	1	2	2	0	0.830917874396135	0.634174985320024	0.719336426087563	0	2	0	0.0
GC_00003959	1	2	2	0	0.978494623655914	1.0	0.989130434782609	0	2	0	0.0
GC_00003960	2	2	1	0	0.740591397849462	0.877158711989253	0.803110681553555	0	2	0	0.0
GC_00003961	1	2	2	0	1.0	0.507316935892384	0.673139037732678	0	2	0	0.0
GC_00003962	1	2	2	0	0.971428571428571	0.503942172634033	0.663621434564269	1	1	0	0.5
GC_00003963	2	2	1	0	0.860869565217391	0.944045522286954	0.900541043667949	0	2	0	0.0
GC_00003964	2	2	1	0	0.666666666666667	0.895454545454547	0.764306498545102	0	2	0	0.0
GC_00003965	1	2	2	0	0.981481481481482	0.513758821606448	0.674466529979327	1	1	0	0.5
GC_00003966	1	2	2	0	0.71689497716895	0.895331437976955	0.796238797177932	0	2	0	0.0
GC_00003967	1	2	2	0	0.857142857142857	1.0	0.923076923076923	0	2	0	0.0
GC_00003968	1	2	2	0	0.88034188034188	0.552353556485355	0.67880437953608	0	2	0	0.0
GC_00003969	1	2	2	0	0.731182795698925	0.96911909448819	0.833502818484904	0	2	0	0.0
GC_00003970	1	2	2	0	0.873239436619718	0.621491485613622	0.726165314022278	0	2	0	0.0
GC_00003971	1	2	2	0	1.0	0.759481961147086	0.863301787592009	0	2	0	0.0
GC_00003972	1	2	2	0	0.754440961337513	0.981680911680913	0.853189286127235	0	2	0	0.0
GC_00003973	2	2	1	0	0.876106194690266	0.609665203026201	0.718995481915022	0	2	0	0.0
GC_00003974	2	2	1	0	0.700223713646532	0.57070090606075	0.628862328460265	0	2	0	0.0
GC_00003975	2	2	1	0	0.803703703703704	0.543273201477939	0.648312057127524	0	2	0	0.0
GC_00003976	1	2	2	0	0.954248366013072	0.980769230769231	0.967327054238389	0	2	0	0.0
GC_00003977	1	2	2	0	0.812121212121212	0.660923845193508	0.728762873359529	0	2	0	0.0
GC_00003978	1	2	2	0	0.643892339544513	0.694250897354688	0.66812404263156	0	2	0	0.0
GC_00003979	2	2	1	0	0.740740740740741	0.590857142857144	0.657363552560476	1	1	0	0.5
GC_00003980	1	2	2	0	1.0	0.59921568627451	0.749386954389407	0	2	0	0.0
GC_00003981	1	2	2	0	0.897610921501707	0.989899221255156	0.941498890052978	0	2	0	0.0
GC_00003982	2	2	1	0	0.871641791044776	0.796334551618197	0.832288153122296	0	2	0	0.0
GC_00003983	2	2	1	0	0.772182254196643	0.850116764846101	0.809277540211499	0	2	0	0.0
GC_00003984	1	2	2	0	0.701754385964912	0.950949367088608	0.807565043586341	0	2	0	0.0
GC_00003985	1	2	2	0	0.802588996763754	0.898245614035087	0.847727394114191	0	2	0	0.0
GC_00003986	2	2	1	0	0.736625514403292	1.0	0.848341232227488	0	2	0	0.0
GC_00003987	2	2	1	0	0.806451612903226	0.969143081761007	0.880343925073466	0	2	0	0.0
GC_00003988	1	2	2	0	0.917225950782998	1.0	0.956826137689615	0	2	0	0.0
GC_00003989	1	2	2	0	0.884057971014493	0.567555033391048	0.691302089104979	0	2	0	0.0
GC_00003990	2	2	1	0	0.594871794871795	0.529068142433899	0.560043655452985	0	2	0	0.0
GC_00003991	2	2	1	0	0.777777777777778	0.610635964912281	0.684146330762279	0	2	0	0.0
GC_00003992	2	2	1	0	0.675287356321839	0.749513691455932	0.710467078922646	0	2	0	0.0
GC_00003993	2	2	1	0	0.834983498349835	0.937002422983731	0.883056181977361	0	2	0	0.0
GC_00003994	2	2	1	0	0.666666666666667	0.821081081081081	0.73586048201526	0	2	0	0.0
GC_00003995	1	2	2	0	0.976811594202899	0.430371079744442	0.597493798477117	0	2	0	0.0
GC_00003996	2	2	1	0	0.622222222222222	0.990566037735848	0.764331210191083	0	2	0	0.0
GC_00003997	1	2	2	0	0.980392156862745	0.613696722373366	0.754868139592743	0	2	0	0.0
GC_00003998	2	2	1	0	0.677777777777778	0.751348674903327	0.712669525159071	0	2	0	0.0
GC_00003999	2	2	1	0	0.680790960451977	0.967619563744749	0.799250723632597	0	2	0	0.0
GC_00004000	2	2	1	0	0.951612903225806	0.683556590953214	0.795613267434045	0	2	0	0.0
GC_00004001	2	2	1	0	0.621212121212121	0.72051282051282	0.667187861941163	0	2	0	0.0
GC_00004002	2	2	1	0	0.833333333333333	0.755765199161425	0.792656112576957	0	2	0	0.0
GC_00004003	2	2	1	0	0.862542955326461	0.613258706467661	0.716846973072579	1	1	0	0.5
GC_00004004	2	2	1	0	0.880313199105145	0.970982095335423	0.923427350769387	0	2	0	0.0
GC_00004005	2	2	1	0	0.870699881376038	0.78906710262755	0.827876008231354	0	2	0	0.0
GC_00004006	2	2	1	0	0.862585034013605	1.0	0.926223520818115	0	2	0	0.0
GC_00004007	1	2	2	0	1.0	0.484959027227069	0.653161492452293	0	2	0	0.0
GC_00004008	2	2	1	0	0.593939393939394	0.905737704918033	0.717425509713964	0	2	0	0.0
GC_00004009	2	2	1	0	0.738562091503268	0.788331071913161	0.762635473416427	0	2	0	0.0
GC_00004010	2	2	1	0	0.825641025641026	1.0	0.904494382022472	0	2	0	0.0
GC_00004011	2	2	1	0	0.775438596491228	0.724117935679559	0.748900069708784	0	2	0	0.0
GC_00004012	1	2	2	0	1.0	0.432100959829363	0.603450415787513	0	2	0	0.0
GC_00004013	2	2	1	0	0.647619047619048	0.669459962756051	0.658358412948487	0	2	0	0.0
GC_00004014	1	2	2	0	0.874213836477987	0.811623699683401	0.841756875211443	0	2	0	0.0
GC_00004015	2	2	1	0	0.914454277286136	0.57907083909346	0.709105993402122	0	2	0	0.0
GC_00004016	1	2	2	0	1.0	0.96551724137931	0.982456140350877	0	2	0	0.0
GC_00004017	1	2	2	0	0.981818181818182	0.641347801256425	0.775874973611653	0	2	0	0.0
GC_00004018	2	2	1	0	0.689655172413793	0.983050847457627	0.810621942697414	0	2	0	0.0
GC_00004019	2	2	1	0	0.746974697469747	0.990206793099754	0.851562630299145	0	2	0	0.0
GC_00004020	2	2	1	0	0.680428134556575	0.908938450899029	0.778256319506907	0	2	0	0.0
GC_00004021	2	2	1	0	0.83739837398374	0.92326353421859	0.87823718876558	0	2	0	0.0
GC_00004022	2	2	1	0	0.971544715447154	1.0	0.985567010309278	0	2	0	0.0
GC_00004023	2	2	1	0	0.799741602067183	0.996138996138996	0.887201295508773	0	2	0	0.0
GC_00004024	2	2	1	0	0.863374485596708	0.893498571912667	0.87817826861105	0	2	0	0.0
GC_00004025	1	2	2	0	0.84652278177458	0.669151033443057	0.747458442008137	0	2	0	0.0
GC_00004026	1	2	2	0	0.963470319634703	1.0	0.981395348837209	0	2	0	0.0
GC_00004027	1	2	2	0	0.957746478873239	0.839945280437757	0.894986173929819	0	2	0	0.0
GC_00004028	2	2	1	0	0.532051282051282	0.81875	0.644975679202752	0	2	0	0.0
GC_00004029	2	2	1	0	0.614285714285714	0.902097902097902	0.730878186968839	0	2	0	0.0
GC_00004030	2	2	1	0	0.769607843137255	0.933409436834094	0.843631162048964	0	2	0	0.0
GC_00004031	1	2	2	0	1.0	0.590361445783132	0.742424242424242	0	2	0	0.0
GC_00004032	2	2	1	0	0.715151515151515	0.811381074168798	0.760233235263507	0	2	0	0.0
GC_00004033	2	2	1	0	0.678714859437751	0.597837962164337	0.635714404591084	0	2	0	0.0
GC_00004034	2	2	1	0	0.716981132075472	0.893462469733656	0.795551899236901	0	2	0	0.0
GC_00004035	1	2	2	0	0.654377880184332	0.657686441027333	0.656027989097365	0	2	0	0.0
GC_00004036	2	2	1	0	0.928446771378709	0.863248718770018	0.894661498279822	0	2	0	0.0
GC_00004037	2	2	1	0	0.783231083844581	0.932413793103448	0.851336399014203	0	2	0	0.0
GC_00004038	1	2	2	0	0.439393939393939	0.516789031867578	0.474959239753644	0	2	0	0.0
GC_00004039	2	2	1	0	0.789473684210526	0.536840208971358	0.639096400614792	1	1	0	0.5
GC_00004040	2	2	1	0	0.661904761904762	0.569146700294241	0.612031133896241	0	2	0	0.0
GC_00004041	2	2	1	0	0.705882352941177	0.87219694671924	0.780275659291357	0	2	0	0.0
GC_00004042	1	2	2	0	0.747967479674797	0.600813551089795	0.666363163942706	0	2	0	0.0
GC_00004043	2	2	1	0	0.675840978593272	0.862081692913387	0.757684564718904	0	2	0	0.0
GC_00004044	1	2	2	0	0.922705314009662	0.558944723618092	0.696171502881774	0	2	0	0.0
GC_00004045	2	2	1	0	0.705882352941177	0.962626995645864	0.814501170480857	0	2	0	0.0
GC_00004046	2	2	1	0	0.634538152610442	0.734366391184573	0.680812252853818	0	2	0	0.0
GC_00004047	1	2	2	0	0.928888888888889	0.567864964478392	0.704836609849469	0	2	0	0.0
GC_00004048	2	2	1	0	0.793564055859138	1.0	0.88490182802979	0	2	0	0.0
GC_00004049	2	2	1	0	0.732	0.826430042449463	0.776354118690091	0	2	0	0.0
GC_00004050	1	2	2	0	0.630718954248366	0.632056606675895	0.631387071977554	0	2	0	0.0
GC_00004051	2	2	1	0	0.693430656934307	0.992753623188406	0.816524985099909	0	2	0	0.0
GC_00004052	2	2	1	0	0.86372745490982	0.980446452052041	0.918393341874547	0	2	0	0.0
GC_00004053	2	2	1	0	0.966666666666667	0.953359425962165	0.959966931666327	0	2	0	0.0
GC_00004054	2	2	1	0	0.669811320754717	0.981568016614744	0.796262075879681	0	2	0	0.0
GC_00004055	2	2	1	0	0.951916829109812	0.89203733916608	0.921004838358303	0	2	0	0.0
GC_00004056	2	2	1	0	0.631578947368421	0.921998942358541	0.749643935254441	0	2	0	0.0
GC_00004057	2	2	1	0	0.892100192678227	0.766001573339052	0.824255983767491	0	2	0	0.0
GC_00004058	2	2	1	0	0.648148148148148	0.894444444444444	0.751633986928105	0	2	0	0.0
GC_00004059	1	2	2	0	0.932135728542914	1.0	0.964876033057851	0	2	0	0.0
GC_00004060	1	2	2	0	0.818181818181818	0.576485461441214	0.676390605686032	0	2	0	0.0
GC_00004061	2	2	1	0	0.65625	0.711513157894737	0.682765151515152	0	2	0	0.0
GC_00004062	1	2	2	0	0.767676767676768	0.504197034430764	0.608645840527025	0	2	0	0.0
GC_00004063	1	2	2	0	0.731884057971015	0.510804885687444	0.601679051666361	0	2	0	0.0
GC_00004064	2	2	1	0	0.962121212121212	1.0	0.980694980694981	1	1	0	0.5
GC_00004065	2	2	1	0	0.883333333333333	0.988290788013321	0.932869144099626	0	2	0	0.0
GC_00004066	1	2	2	0	0.937019969278034	0.595841001104163	0.728461259483967	0	2	0	0.0
GC_00004067	1	2	2	0	0.951070336391437	0.99090909090909	0.970581077405408	0	2	0	0.0
GC_00004068	2	2	1	0	0.803370786516854	1.0	0.890965732087227	0	2	0	0.0
GC_00004069	1	2	2	0	0.732258064516129	0.575893475366181	0.644730566425119	0	2	0	0.0
GC_00004070	1	2	2	0	1.0	0.537757437070937	0.699404761904761	0	2	0	0.0
GC_00004071	1	2	2	0	0.634920634920635	0.915174765558397	0.74971300867303	0	2	0	0.0
GC_00004072	2	2	1	0	0.812757201646091	0.993865030674846	0.894233389464564	0	2	0	0.0
GC_00004073	1	2	2	0	0.708333333333333	0.749918857513794	0.728533140435319	0	2	0	0.0
GC_00004074	1	2	2	0	0.954198473282443	0.896747740191968	0.924581512289834	0	2	0	0.0
GC_00004075	1	2	2	0	0.703196347031963	0.73319641523525	0.717883094922536	0	2	0	0.0
GC_00004076	1	2	2	0	0.703252032520325	0.965227984684999	0.81367296590366	0	2	0	0.0
GC_00004077	2	2	1	0	0.670682730923695	0.764167054805154	0.714379515258178	0	2	0	0.0
GC_00004078	2	2	1	0	0.760348583877996	0.752727667898283	0.756518933742238	0	2	0	0.0
GC_00004079	1	2	2	0	0.968063872255489	0.439095326400793	0.604156690118286	0	2	0	0.0
GC_00004080	2	2	1	0	0.683870967741935	0.872073316176009	0.766589946490215	0	2	0	0.0
GC_00004081	2	2	1	0	0.646198830409357	0.935510093483267	0.764395419553281	0	2	0	0.0
GC_00004082	2	2	1	0	0.645161290322581	0.706117021276596	0.674264309069553	1	1	0	0.5
GC_00004083	2	2	1	0	0.690366972477064	0.941289007224252	0.796534134925065	0	2	0	0.0
GC_00004084	1	2	2	0	0.825242718446602	0.990384615384615	0.9003033574991	0	2	0	0.0
GC_00004085	2	2	1	0	0.801801801801802	0.494663767146202	0.611851651572551	0	2	0	0.0
GC_00004086	2	2	1	0	0.781609195402299	1.0	0.87741935483871	0	2	0	0.0
GC_00004087	2	2	1	0	0.697916666666667	0.623015873015873	0.658342721241708	0	2	0	0.0
GC_00004088	2	2	1	0	0.754954954954955	0.777850333028602	0.766231650865239	0	2	0	0.0
GC_00004089	2	2	1	0	0.724137931034483	0.511313546870408	0.599394699933564	0	2	0	0.0
GC_00004090	2	2	1	0	0.909333333333333	0.626762463738782	0.742057886553859	0	2	0	0.0
GC_00004091	1	2	2	0	1.0	0.496782496782497	0.663800515907137	0	2	0	0.0
GC_00004092	1	2	2	0	0.610328638497653	0.972792998477931	0.750066719365091	0	2	0	0.0
GC_00004093	2	2	1	0	0.723618090452261	0.94887218045113	0.82107631625318	0	2	0	0.0
GC_00004094	1	2	2	0	0.904040404040404	0.524950099800399	0.664211692168772	0	2	0	0.0
GC_00004095	2	2	1	0	0.860050890585242	0.880984340044742	0.870391767974696	0	2	0	0.0
GC_00004096	2	2	1	0	0.861471861471861	0.564112487100104	0.68177941884456	0	2	0	0.0
GC_00004097	1	2	2	0	0.661691542288557	0.62982971227246	0.645367611599044	0	2	0	0.0
GC_00004098	1	2	2	0	0.657142857142857	0.77043673012318	0.709294246845514	0	2	0	0.0
GC_00004099	1	1	1	0	1.0	1.0	1.0	0	1	0	0.0
GC_00004100	1	1	1	0	1.0	1.0	1.0	0	1	0	0.0
GC_00004101	1	1	1	0	1.0	1.0	1.0	0	1	0	0.0
GC_00004102	1	1	1	0	1.0	1.0	1.0	0	1	0	0.0
GC_00004103	1	1	1	0	1.0	1.0	1.0	0	1	0	0.0
GC_00004104	1	1	1	0	1.0	1.0	1.0	0	1	0	0.0
GC_00004105	1	1	1	0	1.0	1.0	1.0	0	1	0	0.0
GC_00004106	1	1	1	0	1.0	1.0	1.0	0	1	0	0.0
GC_00004107	1	1	1	0	1.0	1.0	1.0	0	1	0	0.0
GC_00004108	1	1	1	0	1.0	1.0	1.0	0	1	0	0.0
GC_00004109	1	1	1	0	1.0	1.0	1.0	0	1	0	0.0
GC_00004110	1	1	1	0	1.0	1.0	1.0	0	1	0	0.0
GC_00004111	1	1	1	0	1.0	1.0	1.0	0	1	0	0.0
GC_00004112	1	1	1	0	1.0	1.0	1.0	0	1	0	0.0
GC_00004113	1	1	1	0	1.0	1.0	1.0	0	1	0	0.0
GC_00004114	1	1	1	0	1.0	1.0	1.0	0	1	0	0.0
GC_00004115	1	1	1	0	1.0	1.0	1.0	0	1	0	0.0
GC_00004116	1	1	1	0	1.0	1.0	1.0	0	1	0	0.0
GC_00004117	1	1	1	0	1.0	1.0	1.0	0	1	0	0.0
GC_00004118	1	1	1	0	1.0	1.0	1.0	0	1	0	0.0
GC_00004119	1	1	1	0	1.0	1.0	1.0	0	1	0	0.0
GC_00004120	1	1	1	0	1.0	1.0	1.0	0	1	0	0.0
GC_00004121	1	1	1	0	1.0	1.0	1.0	0	1	0	0.0
GC_00004122	1	1	1	0	1.0	1.0	1.0	0	1	0	0.0
GC_00004123	1	1	1	0	1.0	1.0	1.0	1	0	0	1.0
GC_00004124	1	1	1	0	1.0	1.0	1.0	0	1	0	0.0
GC_00004125	1	1	1	0	1.0	1.0	1.0	0	1	0	0.0
GC_00004126	1	1	1	0	1.0	1.0	1.0	0	1	0	0.0
GC_00004127	1	1	1	0	1.0	1.0	1.0	0	1	0	0.0
GC_00004128	1	1	1	0	1.0	1.0	1.0	0	1	0	0.0
GC_00004129	1	1	1	0	1.0	1.0	1.0	0	1	0	0.0
GC_00004130	1	1	1	0	1.0	1.0	1.0	0	1	0	0.0
GC_00004131	1	1	1	0	1.0	1.0	1.0	0	1	0	0.0
GC_00004132	1	1	1	0	1.0	1.0	1.0	0	1	0	0.0
GC_00004133	1	1	1	0	1.0	1.0	1.0	0	1	0	0.0
GC_00004134	1	1	1	0	1.0	1.0	1.0	0	1	0	0.0
GC_00004135	1	1	1	0	1.0	1.0	1.0	0	1	0	0.0
GC_00004136	1	1	1	0	1.0	1.0	1.0	0	1	0	0.0
GC_00004137	1	1	1	0	1.0	1.0	1.0	0	1	0	0.0
GC_00004138	1	1	1	0	1.0	1.0	1.0	0	1	0	0.0
GC_00004139	1	1	1	0	1.0	1.0	1.0	0	1	0	0.0
GC_00004140	1	1	1	0	1.0	1.0	1.0	0	1	0	0.0
GC_00004141	1	1	1	0	1.0	1.0	1.0	0	1	0	0.0
GC_00004142	1	1	1	0	1.0	1.0	1.0	0	1	0	0.0
GC_00004143	1	1	1	0	1.0	1.0	1.0	0	1	0	0.0
GC_00004144	1	1	1	0	1.0	1.0	1.0	0	1	0	0.0
GC_00004145	1	1	1	0	1.0	1.0	1.0	0	1	0	0.0
GC_00004146	1	1	1	0	1.0	1.0	1.0	0	1	0	0.0
GC_00004147	1	1	1	0	1.0	1.0	1.0	0	1	0	0.0
GC_00004148	1	1	1	0	1.0	1.0	1.0	0	1	0	0.0
GC_00004149	1	1	1	0	1.0	1.0	1.0	0	1	0	0.0
GC_00004150	1	1	1	0	1.0	1.0	1.0	0	1	0	0.0
GC_00004151	1	1	1	0	1.0	1.0	1.0	0	1	0	0.0
GC_00004152	1	1	1	0	1.0	1.0	1.0	0	1	0	0.0
GC_00004153	1	1	1	0	1.0	1.0	1.0	0	1	0	0.0
GC_00004154	1	1	1	0	1.0	1.0	1.0	0	1	0	0.0
GC_00004155	1	1	1	0	1.0	1.0	1.0	0	1	0	0.0
GC_00004156	1	1	1	0	1.0	1.0	1.0	0	1	0	0.0
GC_00004157	1	1	1	0	1.0	1.0	1.0	0	1	0	0.0
GC_00004158	1	1	1	0	1.0	1.0	1.0	0	1	0	0.0
GC_00004159	1	1	1	0	1.0	1.0	1.0	0	1	0	0.0
GC_00004160	1	1	1	0	1.0	1.0	1.0	0	1	0	0.0
GC_00004161	1	1	1	0	1.0	1.0	1.0	0	1	0	0.0
GC_00004162	1	1	1	0	1.0	1.0	1.0	0	1	0	0.0
GC_00004163	1	1	1	0	1.0	1.0	1.0	0	1	0	0.0
GC_00004164	1	1	1	0	1.0	1.0	1.0	0	1	0	0.0
GC_00004165	1	1	1	0	1.0	1.0	1.0	0	1	0	0.0
GC_00004166	1	1	1	0	1.0	1.0	1.0	0	1	0	0.0
GC_00004167	1	1	1	0	1.0	1.0	1.0	0	1	0	0.0
GC_00004168	1	1	1	0	1.0	1.0	1.0	0	1	0	0.0
GC_00004169	1	1	1	0	1.0	1.0	1.0	0	1	0	0.0
GC_00004170	1	1	1	0	1.0	1.0	1.0	0	1	0	0.0
GC_00004171	1	1	1	0	1.0	1.0	1.0	0	1	0	0.0
GC_00004172	1	1	1	0	1.0	1.0	1.0	0	1	0	0.0
GC_00004173	1	1	1	0	1.0	1.0	1.0	0	1	0	0.0
GC_00004174	1	1	1	0	1.0	1.0	1.0	0	1	0	0.0
GC_00004175	1	1	1	0	1.0	1.0	1.0	0	1	0	0.0
GC_00004176	1	1	1	0	1.0	1.0	1.0	0	1	0	0.0
GC_00004177	1	1	1	0	1.0	1.0	1.0	0	1	0	0.0
GC_00004178	1	1	1	0	1.0	1.0	1.0	0	1	0	0.0
GC_00004179	1	1	1	0	1.0	1.0	1.0	0	1	0	0.0
GC_00004180	1	1	1	0	1.0	1.0	1.0	0	1	0	0.0
GC_00004181	1	1	1	0	1.0	1.0	1.0	0	1	0	0.0
GC_00004182	1	1	1	0	1.0	1.0	1.0	0	1	0	0.0
GC_00004183	1	1	1	0	1.0	1.0	1.0	0	1	0	0.0
GC_00004184	1	1	1	0	1.0	1.0	1.0	0	1	0	0.0
GC_00004185	1	1	1	0	1.0	1.0	1.0	0	1	0	0.0
GC_00004186	1	1	1	0	1.0	1.0	1.0	0	1	0	0.0
GC_00004187	1	1	1	0	1.0	1.0	1.0	0	1	0	0.0
GC_00004188	1	1	1	0	1.0	1.0	1.0	0	1	0	0.0
GC_00004189	1	1	1	0	1.0	1.0	1.0	0	1	0	0.0
GC_00004190	1	1	1	0	1.0	1.0	1.0	0	1	0	0.0
GC_00004191	1	1	1	0	1.0	1.0	1.0	0	1	0	0.0
GC_00004192	1	1	1	0	1.0	1.0	1.0	0	1	0	0.0
GC_00004193	1	1	1	0	1.0	1.0	1.0	0	1	0	0.0
GC_00004194	1	1	1	0	1.0	1.0	1.0	0	1	0	0.0
GC_00004195	1	1	1	0	1.0	1.0	1.0	0	1	0	0.0
GC_00004196	1	1	1	0	1.0	1.0	1.0	0	1	0	0.0
GC_00004197	1	1	1	0	1.0	1.0	1.0	0	1	0	0.0
GC_00004198	1	1	1	0	1.0	1.0	1.0	0	1	0	0.0
GC_00004199	1	1	1	0	1.0	1.0	1.0	0	1	0	0.0
GC_00004200	1	1	1	0	1.0	1.0	1.0	0	1	0	0.0
GC_00004201	1	1	1	0	1.0	1.0	1.0	0	1	0	0.0
GC_00004202	1	1	1	0	1.0	1.0	1.0	0	1	0	0.0
GC_00004203	1	1	1	0	1.0	1.0	1.0	0	1	0	0.0
GC_00004204	1	1	1	0	1.0	1.0	1.0	0	1	0	0.0
GC_00004205	1	1	1	0	1.0	1.0	1.0	0	1	0	0.0
GC_00004206	1	1	1	0	1.0	1.0	1.0	0	1	0	0.0
GC_00004207	1	1	1	0	1.0	1.0	1.0	0	1	0	0.0
GC_00004208	1	1	1	0	1.0	1.0	1.0	0	1	0	0.0
GC_00004209	1	1	1	0	1.0	1.0	1.0	0	1	0	0.0
GC_00004210	1	1	1	0	1.0	1.0	1.0	0	1	0	0.0
GC_00004211	1	1	1	0	1.0	1.0	1.0	0	1	0	0.0
GC_00004212	1	1	1	0	1.0	1.0	1.0	0	1	0	0.0
GC_00004213	1	1	1	0	1.0	1.0	1.0	0	1	0	0.0
GC_00004214	1	1	1	0	1.0	1.0	1.0	0	1	0	0.0
GC_00004215	1	1	1	0	1.0	1.0	1.0	0	1	0	0.0
GC_00004216	1	1	1	0	1.0	1.0	1.0	0	1	0	0.0
GC_00004217	1	1	1	0	1.0	1.0	1.0	0	1	0	0.0
GC_00004218	1	1	1	0	1.0	1.0	1.0	0	1	0	0.0
GC_00004219	1	1	1	0	1.0	1.0	1.0	0	1	0	0.0
GC_00004220	1	1	1	0	1.0	1.0	1.0	0	1	0	0.0
GC_00004221	1	1	1	0	1.0	1.0	1.0	0	1	0	0.0
GC_00004222	1	1	1	0	1.0	1.0	1.0	0	1	0	0.0
GC_00004223	1	1	1	0	1.0	1.0	1.0	0	1	0	0.0
GC_00004224	1	1	1	0	1.0	1.0	1.0	0	1	0	0.0
GC_00004225	1	1	1	0	1.0	1.0	1.0	0	1	0	0.0
GC_00004226	1	1	1	0	1.0	1.0	1.0	0	1	0	0.0
GC_00004227	1	1	1	0	1.0	1.0	1.0	0	1	0	0.0
GC_00004228	1	1	1	0	1.0	1.0	1.0	0	1	0	0.0
GC_00004229	1	1	1	0	1.0	1.0	1.0	0	1	0	0.0
GC_00004230	1	1	1	0	1.0	1.0	1.0	0	1	0	0.0
GC_00004231	1	1	1	0	1.0	1.0	1.0	0	1	0	0.0
GC_00004232	1	1	1	0	1.0	1.0	1.0	0	1	0	0.0
GC_00004233	1	1	1	0	1.0	1.0	1.0	0	1	0	0.0
GC_00004234	1	1	1	0	1.0	1.0	1.0	0	1	0	0.0
GC_00004235	1	1	1	0	1.0	1.0	1.0	0	1	0	0.0
GC_00004236	1	1	1	0	1.0	1.0	1.0	0	1	0	0.0
GC_00004237	1	1	1	0	1.0	1.0	1.0	0	1	0	0.0
GC_00004238	1	1	1	0	1.0	1.0	1.0	0	1	0	0.0
GC_00004239	1	1	1	0	1.0	1.0	1.0	0	1	0	0.0
GC_00004240	1	1	1	0	1.0	1.0	1.0	0	1	0	0.0
GC_00004241	1	1	1	0	1.0	1.0	1.0	0	1	0	0.0
GC_00004242	1	1	1	0	1.0	1.0	1.0	0	1	0	0.0
GC_00004243	1	1	1	0	1.0	1.0	1.0	0	1	0	0.0
GC_00004244	1	1	1	0	1.0	1.0	1.0	0	1	0	0.0
GC_00004245	1	1	1	0	1.0	1.0	1.0	0	1	0	0.0
GC_00004246	1	1	1	0	1.0	1.0	1.0	0	1	0	0.0
GC_00004247	1	1	1	0	1.0	1.0	1.0	0	1	0	0.0
GC_00004248	1	1	1	0	1.0	1.0	1.0	0	1	0	0.0
GC_00004249	1	1	1	0	1.0	1.0	1.0	0	1	0	0.0
GC_00004250	1	1	1	0	1.0	1.0	1.0	0	1	0	0.0
GC_00004251	1	1	1	0	1.0	1.0	1.0	0	1	0	0.0
GC_00004252	1	1	1	0	1.0	1.0	1.0	0	1	0	0.0
GC_00004253	1	1	1	0	1.0	1.0	1.0	0	1	0	0.0
GC_00004254	1	1	1	0	1.0	1.0	1.0	0	1	0	0.0
GC_00004255	1	1	1	0	1.0	1.0	1.0	0	1	0	0.0
GC_00004256	1	1	1	0	1.0	1.0	1.0	0	1	0	0.0
GC_00004257	1	1	1	0	1.0	1.0	1.0	0	1	0	0.0
GC_00004258	1	1	1	0	1.0	1.0	1.0	0	1	0	0.0
GC_00004259	1	1	1	0	1.0	1.0	1.0	0	1	0	0.0
GC_00004260	1	1	1	0	1.0	1.0	1.0	0	1	0	0.0
GC_00004261	1	1	1	0	1.0	1.0	1.0	0	1	0	0.0
GC_00004262	1	1	1	0	1.0	1.0	1.0	0	1	0	0.0
GC_00004263	1	1	1	0	1.0	1.0	1.0	0	1	0	0.0
GC_00004264	1	1	1	0	1.0	1.0	1.0	0	1	0	0.0
GC_00004265	1	1	1	0	1.0	1.0	1.0	0	1	0	0.0
GC_00004266	1	1	1	0	1.0	1.0	1.0	0	1	0	0.0
GC_00004267	1	1	1	0	1.0	1.0	1.0	0	1	0	0.0
GC_00004268	1	1	1	0	1.0	1.0	1.0	0	1	0	0.0
GC_00004269	1	1	1	0	1.0	1.0	1.0	0	1	0	0.0
GC_00004270	1	1	1	0	1.0	1.0	1.0	0	1	0	0.0
GC_00004271	1	1	1	0	1.0	1.0	1.0	0	1	0	0.0
GC_00004272	1	1	1	0	1.0	1.0	1.0	0	1	0	0.0
GC_00004273	1	1	1	0	1.0	1.0	1.0	0	1	0	0.0
GC_00004274	1	1	1	0	1.0	1.0	1.0	0	1	0	0.0
GC_00004275	1	1	1	0	1.0	1.0	1.0	0	1	0	0.0
GC_00004276	1	1	1	0	1.0	1.0	1.0	0	1	0	0.0
GC_00004277	1	1	1	0	1.0	1.0	1.0	0	1	0	0.0
GC_00004278	1	1	1	0	1.0	1.0	1.0	0	1	0	0.0
GC_00004279	1	1	1	0	1.0	1.0	1.0	0	1	0	0.0
GC_00004280	1	1	1	0	1.0	1.0	1.0	0	1	0	0.0
GC_00004281	1	1	1	0	1.0	1.0	1.0	0	1	0	0.0
GC_00004282	1	1	1	0	1.0	1.0	1.0	0	1	0	0.0
GC_00004283	1	1	1	0	1.0	1.0	1.0	0	1	0	0.0
GC_00004284	1	1	1	0	1.0	1.0	1.0	0	1	0	0.0
GC_00004285	1	1	1	0	1.0	1.0	1.0	0	1	0	0.0
GC_00004286	1	1	1	0	1.0	1.0	1.0	0	1	0	0.0
GC_00004287	1	1	1	0	1.0	1.0	1.0	0	1	0	0.0
GC_00004288	1	1	1	0	1.0	1.0	1.0	0	1	0	0.0
GC_00004289	1	1	1	0	1.0	1.0	1.0	0	1	0	0.0
GC_00004290	1	1	1	0	1.0	1.0	1.0	0	1	0	0.0
GC_00004291	1	1	1	0	1.0	1.0	1.0	0	1	0	0.0
GC_00004292	1	1	1	0	1.0	1.0	1.0	0	1	0	0.0
GC_00004293	1	1	1	0	1.0	1.0	1.0	0	1	0	0.0
GC_00004294	1	1	1	0	1.0	1.0	1.0	0	1	0	0.0
GC_00004295	1	1	1	0	1.0	1.0	1.0	0	1	0	0.0
GC_00004296	1	1	1	0	1.0	1.0	1.0	0	1	0	0.0
GC_00004297	1	1	1	0	1.0	1.0	1.0	0	1	0	0.0
GC_00004298	1	1	1	0	1.0	1.0	1.0	0	1	0	0.0
GC_00004299	1	1	1	0	1.0	1.0	1.0	0	1	0	0.0
GC_00004300	1	1	1	0	1.0	1.0	1.0	0	1	0	0.0
GC_00004301	1	1	1	0	1.0	1.0	1.0	0	1	0	0.0
GC_00004302	1	1	1	0	1.0	1.0	1.0	0	1	0	0.0
GC_00004303	1	1	1	0	1.0	1.0	1.0	0	1	0	0.0
GC_00004304	1	1	1	0	1.0	1.0	1.0	0	1	0	0.0
GC_00004305	1	1	1	0	1.0	1.0	1.0	0	1	0	0.0
GC_00004306	1	1	1	0	1.0	1.0	1.0	0	1	0	0.0
GC_00004307	1	1	1	0	1.0	1.0	1.0	0	1	0	0.0
GC_00004308	1	1	1	0	1.0	1.0	1.0	0	1	0	0.0
GC_00004309	1	1	1	0	1.0	1.0	1.0	0	1	0	0.0
GC_00004310	1	1	1	0	1.0	1.0	1.0	0	1	0	0.0
GC_00004311	1	1	1	0	1.0	1.0	1.0	0	1	0	0.0
GC_00004312	1	1	1	0	1.0	1.0	1.0	0	1	0	0.0
GC_00004313	1	1	1	0	1.0	1.0	1.0	0	1	0	0.0
GC_00004314	1	1	1	0	1.0	1.0	1.0	0	1	0	0.0
GC_00004315	1	1	1	0	1.0	1.0	1.0	0	1	0	0.0
GC_00004316	1	1	1	0	1.0	1.0	1.0	0	1	0	0.0
GC_00004317	1	1	1	0	1.0	1.0	1.0	0	1	0	0.0
GC_00004318	1	1	1	0	1.0	1.0	1.0	0	1	0	0.0
GC_00004319	1	1	1	0	1.0	1.0	1.0	0	1	0	0.0
GC_00004320	1	1	1	0	1.0	1.0	1.0	0	1	0	0.0
GC_00004321	1	1	1	0	1.0	1.0	1.0	0	1	0	0.0
GC_00004322	1	1	1	0	1.0	1.0	1.0	0	1	0	0.0
GC_00004323	1	1	1	0	1.0	1.0	1.0	0	1	0	0.0
GC_00004324	1	1	1	0	1.0	1.0	1.0	0	1	0	0.0
GC_00004325	1	1	1	0	1.0	1.0	1.0	0	1	0	0.0
GC_00004326	1	1	1	0	1.0	1.0	1.0	0	1	0	0.0
GC_00004327	1	1	1	0	1.0	1.0	1.0	0	1	0	0.0
GC_00004328	1	1	1	0	1.0	1.0	1.0	0	1	0	0.0
GC_00004329	1	1	1	0	1.0	1.0	1.0	0	1	0	0.0
GC_00004330	1	1	1	0	1.0	1.0	1.0	0	1	0	0.0
GC_00004331	1	1	1	0	1.0	1.0	1.0	0	1	0	0.0
GC_00004332	1	1	1	0	1.0	1.0	1.0	0	1	0	0.0
GC_00004333	1	1	1	0	1.0	1.0	1.0	0	1	0	0.0
GC_00004334	1	1	1	0	1.0	1.0	1.0	0	1	0	0.0
GC_00004335	1	1	1	0	1.0	1.0	1.0	0	1	0	0.0
GC_00004336	1	1	1	0	1.0	1.0	1.0	0	1	0	0.0
GC_00004337	1	1	1	0	1.0	1.0	1.0	0	1	0	0.0
GC_00004338	1	1	1	0	1.0	1.0	1.0	0	1	0	0.0
GC_00004339	1	1	1	0	1.0	1.0	1.0	0	1	0	0.0
GC_00004340	1	1	1	0	1.0	1.0	1.0	0	1	0	0.0
GC_00004341	1	1	1	0	1.0	1.0	1.0	0	1	0	0.0
GC_00004342	1	1	1	0	1.0	1.0	1.0	0	1	0	0.0
GC_00004343	1	1	1	0	1.0	1.0	1.0	0	1	0	0.0
GC_00004344	1	1	1	0	1.0	1.0	1.0	0	1	0	0.0
GC_00004345	1	1	1	0	1.0	1.0	1.0	0	1	0	0.0
GC_00004346	1	1	1	0	1.0	1.0	1.0	1	0	0	1.0
GC_00004347	1	1	1	0	1.0	1.0	1.0	0	1	0	0.0
GC_00004348	1	1	1	0	1.0	1.0	1.0	0	1	0	0.0
GC_00004349	1	1	1	0	1.0	1.0	1.0	1	0	0	1.0
GC_00004350	1	1	1	0	1.0	1.0	1.0	0	1	0	0.0
GC_00004351	1	1	1	0	1.0	1.0	1.0	0	1	0	0.0
GC_00004352	1	1	1	0	1.0	1.0	1.0	0	1	0	0.0
GC_00004353	1	1	1	0	1.0	1.0	1.0	0	1	0	0.0
GC_00004354	1	1	1	0	1.0	1.0	1.0	0	1	0	0.0
GC_00004355	1	1	1	0	1.0	1.0	1.0	0	1	0	0.0
GC_00004356	1	1	1	0	1.0	1.0	1.0	0	1	0	0.0
GC_00004357	1	1	1	0	1.0	1.0	1.0	0	1	0	0.0
GC_00004358	1	1	1	0	1.0	1.0	1.0	0	1	0	0.0
GC_00004359	1	1	1	0	1.0	1.0	1.0	0	1	0	0.0
GC_00004360	1	1	1	0	1.0	1.0	1.0	0	1	0	0.0
GC_00004361	1	1	1	0	1.0	1.0	1.0	0	1	0	0.0
GC_00004362	1	1	1	0	1.0	1.0	1.0	0	1	0	0.0
GC_00004363	1	1	1	0	1.0	1.0	1.0	0	1	0	0.0
GC_00004364	1	1	1	0	1.0	1.0	1.0	0	1	0	0.0
GC_00004365	1	1	1	0	1.0	1.0	1.0	0	1	0	0.0
GC_00004366	1	1	1	0	1.0	1.0	1.0	0	1	0	0.0
GC_00004367	1	1	1	0	1.0	1.0	1.0	0	1	0	0.0
GC_00004368	1	1	1	0	1.0	1.0	1.0	0	1	0	0.0
GC_00004369	1	1	1	0	1.0	1.0	1.0	0	1	0	0.0
GC_00004370	1	1	1	0	1.0	1.0	1.0	0	1	0	0.0
GC_00004371	1	1	1	0	1.0	1.0	1.0	0	1	0	0.0
GC_00004372	1	1	1	0	1.0	1.0	1.0	0	1	0	0.0
GC_00004373	1	1	1	0	1.0	1.0	1.0	0	1	0	0.0
GC_00004374	1	1	1	0	1.0	1.0	1.0	0	1	0	0.0
GC_00004375	1	1	1	0	1.0	1.0	1.0	0	1	0	0.0
GC_00004376	1	1	1	0	1.0	1.0	1.0	0	1	0	0.0
GC_00004377	1	1	1	0	1.0	1.0	1.0	0	1	0	0.0
GC_00004378	1	1	1	0	1.0	1.0	1.0	0	1	0	0.0
GC_00004379	1	1	1	0	1.0	1.0	1.0	0	1	0	0.0
GC_00004380	1	1	1	0	1.0	1.0	1.0	0	1	0	0.0
GC_00004381	1	1	1	0	1.0	1.0	1.0	0	1	0	0.0
GC_00004382	1	1	1	0	1.0	1.0	1.0	0	1	0	0.0
GC_00004383	1	1	1	0	1.0	1.0	1.0	0	1	0	0.0
GC_00004384	1	1	1	0	1.0	1.0	1.0	0	1	0	0.0
GC_00004385	1	1	1	0	1.0	1.0	1.0	0	1	0	0.0
GC_00004386	1	1	1	0	1.0	1.0	1.0	0	1	0	0.0
GC_00004387	1	1	1	0	1.0	1.0	1.0	0	1	0	0.0
GC_00004388	1	1	1	0	1.0	1.0	1.0	0	1	0	0.0
GC_00004389	1	1	1	0	1.0	1.0	1.0	0	1	0	0.0
GC_00004390	1	1	1	0	1.0	1.0	1.0	0	1	0	0.0
GC_00004391	1	1	1	0	1.0	1.0	1.0	0	1	0	0.0
GC_00004392	1	1	1	0	1.0	1.0	1.0	0	1	0	0.0
GC_00004393	1	1	1	0	1.0	1.0	1.0	0	1	0	0.0
GC_00004394	1	1	1	0	1.0	1.0	1.0	0	1	0	0.0
GC_00004395	1	1	1	0	1.0	1.0	1.0	0	1	0	0.0
GC_00004396	1	1	1	0	1.0	1.0	1.0	0	1	0	0.0
GC_00004397	1	1	1	0	1.0	1.0	1.0	0	1	0	0.0
GC_00004398	1	1	1	0	1.0	1.0	1.0	0	1	0	0.0
GC_00004399	1	1	1	0	1.0	1.0	1.0	0	1	0	0.0
GC_00004400	1	1	1	0	1.0	1.0	1.0	0	1	0	0.0
GC_00004401	1	1	1	0	1.0	1.0	1.0	0	1	0	0.0
GC_00004402	1	1	1	0	1.0	1.0	1.0	0	1	0	0.0
GC_00004403	1	1	1	0	1.0	1.0	1.0	0	1	0	0.0
GC_00004404	1	1	1	0	1.0	1.0	1.0	1	0	0	1.0
GC_00004405	1	1	1	0	1.0	1.0	1.0	0	1	0	0.0
GC_00004406	1	1	1	0	1.0	1.0	1.0	0	1	0	0.0
GC_00004407	1	1	1	0	1.0	1.0	1.0	0	1	0	0.0
GC_00004408	1	1	1	0	1.0	1.0	1.0	0	1	0	0.0
GC_00004409	1	1	1	0	1.0	1.0	1.0	0	1	0	0.0
GC_00004410	1	1	1	0	1.0	1.0	1.0	0	1	0	0.0
GC_00004411	1	1	1	0	1.0	1.0	1.0	0	1	0	0.0
GC_00004412	1	1	1	0	1.0	1.0	1.0	0	1	0	0.0
GC_00004413	1	1	1	0	1.0	1.0	1.0	0	1	0	0.0
GC_00004414	1	1	1	0	1.0	1.0	1.0	0	1	0	0.0
GC_00004415	1	1	1	0	1.0	1.0	1.0	0	1	0	0.0
GC_00004416	1	1	1	0	1.0	1.0	1.0	0	1	0	0.0
GC_00004417	1	1	1	0	1.0	1.0	1.0	0	1	0	0.0
GC_00004418	1	1	1	0	1.0	1.0	1.0	0	1	0	0.0
GC_00004419	1	1	1	0	1.0	1.0	1.0	0	1	0	0.0
GC_00004420	1	1	1	0	1.0	1.0	1.0	0	1	0	0.0
GC_00004421	1	1	1	0	1.0	1.0	1.0	0	1	0	0.0
GC_00004422	1	1	1	0	1.0	1.0	1.0	0	1	0	0.0
GC_00004423	1	1	1	0	1.0	1.0	1.0	0	1	0	0.0
GC_00004424	1	1	1	0	1.0	1.0	1.0	0	1	0	0.0
GC_00004425	1	1	1	0	1.0	1.0	1.0	0	1	0	0.0
GC_00004426	1	1	1	0	1.0	1.0	1.0	0	1	0	0.0
GC_00004427	1	1	1	0	1.0	1.0	1.0	0	1	0	0.0
GC_00004428	1	1	1	0	1.0	1.0	1.0	0	1	0	0.0
GC_00004429	1	1	1	0	1.0	1.0	1.0	0	1	0	0.0
GC_00004430	1	1	1	0	1.0	1.0	1.0	0	1	0	0.0
GC_00004431	1	1	1	0	1.0	1.0	1.0	0	1	0	0.0
GC_00004432	1	1	1	0	1.0	1.0	1.0	0	1	0	0.0
GC_00004433	1	1	1	0	1.0	1.0	1.0	0	1	0	0.0
GC_00004434	1	1	1	0	1.0	1.0	1.0	1	0	0	1.0
GC_00004435	1	1	1	0	1.0	1.0	1.0	0	1	0	0.0
GC_00004436	1	1	1	0	1.0	1.0	1.0	0	1	0	0.0
GC_00004437	1	1	1	0	1.0	1.0	1.0	0	1	0	0.0
GC_00004438	1	1	1	0	1.0	1.0	1.0	0	1	0	0.0
GC_00004439	1	1	1	0	1.0	1.0	1.0	0	1	0	0.0
GC_00004440	1	1	1	0	1.0	1.0	1.0	0	1	0	0.0
GC_00004441	1	1	1	0	1.0	1.0	1.0	0	1	0	0.0
GC_00004442	1	1	1	0	1.0	1.0	1.0	0	1	0	0.0
GC_00004443	1	1	1	0	1.0	1.0	1.0	0	1	0	0.0
GC_00004444	1	1	1	0	1.0	1.0	1.0	0	1	0	0.0
GC_00004445	1	1	1	0	1.0	1.0	1.0	0	1	0	0.0
GC_00004446	1	1	1	0	1.0	1.0	1.0	0	1	0	0.0
GC_00004447	1	1	1	0	1.0	1.0	1.0	0	1	0	0.0
GC_00004448	1	1	1	0	1.0	1.0	1.0	0	1	0	0.0
GC_00004449	1	1	1	0	1.0	1.0	1.0	0	1	0	0.0
GC_00004450	1	1	1	0	1.0	1.0	1.0	0	1	0	0.0
GC_00004451	1	1	1	0	1.0	1.0	1.0	0	1	0	0.0
GC_00004452	1	1	1	0	1.0	1.0	1.0	0	1	0	0.0
GC_00004453	1	1	1	0	1.0	1.0	1.0	0	1	0	0.0
GC_00004454	1	1	1	0	1.0	1.0	1.0	0	1	0	0.0
GC_00004455	1	1	1	0	1.0	1.0	1.0	0	1	0	0.0
GC_00004456	1	1	1	0	1.0	1.0	1.0	0	1	0	0.0
GC_00004457	1	1	1	0	1.0	1.0	1.0	0	1	0	0.0
GC_00004458	1	1	1	0	1.0	1.0	1.0	0	1	0	0.0
GC_00004459	1	1	1	0	1.0	1.0	1.0	0	1	0	0.0
GC_00004460	1	1	1	0	1.0	1.0	1.0	0	1	0	0.0
GC_00004461	1	1	1	0	1.0	1.0	1.0	0	1	0	0.0
GC_00004462	1	1	1	0	1.0	1.0	1.0	0	1	0	0.0
GC_00004463	1	1	1	0	1.0	1.0	1.0	0	1	0	0.0
GC_00004464	1	1	1	0	1.0	1.0	1.0	0	1	0	0.0
GC_00004465	1	1	1	0	1.0	1.0	1.0	0	1	0	0.0
GC_00004466	1	1	1	0	1.0	1.0	1.0	0	1	0	0.0
GC_00004467	1	1	1	0	1.0	1.0	1.0	0	1	0	0.0
GC_00004468	1	1	1	0	1.0	1.0	1.0	0	1	0	0.0
GC_00004469	1	1	1	0	1.0	1.0	1.0	0	1	0	0.0
GC_00004470	1	1	1	0	1.0	1.0	1.0	0	1	0	0.0
GC_00004471	1	1	1	0	1.0	1.0	1.0	0	1	0	0.0
GC_00004472	1	1	1	0	1.0	1.0	1.0	0	1	0	0.0
GC_00004473	1	1	1	0	1.0	1.0	1.0	0	1	0	0.0
GC_00004474	1	1	1	0	1.0	1.0	1.0	0	1	0	0.0
GC_00004475	1	1	1	0	1.0	1.0	1.0	1	0	0	1.0
GC_00004476	1	1	1	0	1.0	1.0	1.0	0	1	0	0.0
GC_00004477	1	1	1	0	1.0	1.0	1.0	0	1	0	0.0
GC_00004478	1	1	1	0	1.0	1.0	1.0	0	1	0	0.0
GC_00004479	1	1	1	0	1.0	1.0	1.0	0	1	0	0.0
GC_00004480	1	1	1	0	1.0	1.0	1.0	0	1	0	0.0
GC_00004481	1	1	1	0	1.0	1.0	1.0	0	1	0	0.0
GC_00004482	1	1	1	0	1.0	1.0	1.0	0	1	0	0.0
GC_00004483	1	1	1	0	1.0	1.0	1.0	0	1	0	0.0
GC_00004484	1	1	1	0	1.0	1.0	1.0	0	1	0	0.0
GC_00004485	1	1	1	0	1.0	1.0	1.0	0	1	0	0.0
GC_00004486	1	1	1	0	1.0	1.0	1.0	0	1	0	0.0
GC_00004487	1	1	1	0	1.0	1.0	1.0	0	1	0	0.0
GC_00004488	1	1	1	0	1.0	1.0	1.0	0	1	0	0.0
GC_00004489	1	1	1	0	1.0	1.0	1.0	0	1	0	0.0
GC_00004490	1	1	1	0	1.0	1.0	1.0	0	1	0	0.0
GC_00004491	1	1	1	0	1.0	1.0	1.0	0	1	0	0.0
GC_00004492	1	1	1	0	1.0	1.0	1.0	0	1	0	0.0
GC_00004493	1	1	1	0	1.0	1.0	1.0	0	1	0	0.0
GC_00004494	1	1	1	0	1.0	1.0	1.0	0	1	0	0.0
GC_00004495	1	1	1	0	1.0	1.0	1.0	0	1	0	0.0
GC_00004496	1	1	1	0	1.0	1.0	1.0	0	1	0	0.0
GC_00004497	1	1	1	0	1.0	1.0	1.0	0	1	0	0.0
GC_00004498	1	1	1	0	1.0	1.0	1.0	0	1	0	0.0
GC_00004499	1	1	1	0	1.0	1.0	1.0	0	1	0	0.0
GC_00004500	1	1	1	0	1.0	1.0	1.0	0	1	0	0.0
GC_00004501	1	1	1	0	1.0	1.0	1.0	0	1	0	0.0
GC_00004502	1	1	1	0	1.0	1.0	1.0	0	1	0	0.0
GC_00004503	1	1	1	0	1.0	1.0	1.0	0	1	0	0.0
GC_00004504	1	1	1	0	1.0	1.0	1.0	0	1	0	0.0
GC_00004505	1	1	1	0	1.0	1.0	1.0	0	1	0	0.0
GC_00004506	1	1	1	0	1.0	1.0	1.0	0	1	0	0.0
GC_00004507	1	1	1	0	1.0	1.0	1.0	0	1	0	0.0
GC_00004508	1	1	1	0	1.0	1.0	1.0	1	0	0	1.0
GC_00004509	1	1	1	0	1.0	1.0	1.0	0	1	0	0.0
GC_00004510	1	1	1	0	1.0	1.0	1.0	0	1	0	0.0
GC_00004511	1	1	1	0	1.0	1.0	1.0	0	1	0	0.0
GC_00004512	1	1	1	0	1.0	1.0	1.0	0	1	0	0.0
GC_00004513	1	1	1	0	1.0	1.0	1.0	0	1	0	0.0
GC_00004514	1	1	1	0	1.0	1.0	1.0	0	1	0	0.0
GC_00004515	1	1	1	0	1.0	1.0	1.0	0	1	0	0.0
GC_00004516	1	1	1	0	1.0	1.0	1.0	0	1	0	0.0
GC_00004517	1	1	1	0	1.0	1.0	1.0	0	1	0	0.0
GC_00004518	1	1	1	0	1.0	1.0	1.0	1	0	0	1.0
GC_00004519	1	1	1	0	1.0	1.0	1.0	0	1	0	0.0
GC_00004520	1	1	1	0	1.0	1.0	1.0	0	1	0	0.0
GC_00004521	1	1	1	0	1.0	1.0	1.0	0	1	0	0.0
GC_00004522	1	1	1	0	1.0	1.0	1.0	0	1	0	0.0
GC_00004523	1	1	1	0	1.0	1.0	1.0	0	1	0	0.0
GC_00004524	1	1	1	0	1.0	1.0	1.0	0	1	0	0.0
GC_00004525	1	1	1	0	1.0	1.0	1.0	0	1	0	0.0
GC_00004526	1	1	1	0	1.0	1.0	1.0	0	1	0	0.0
GC_00004527	1	1	1	0	1.0	1.0	1.0	0	1	0	0.0
GC_00004528	1	1	1	0	1.0	1.0	1.0	0	1	0	0.0
GC_00004529	1	1	1	0	1.0	1.0	1.0	0	1	0	0.0
GC_00004530	1	1	1	0	1.0	1.0	1.0	0	1	0	0.0
GC_00004531	1	1	1	0	1.0	1.0	1.0	0	1	0	0.0
GC_00004532	1	1	1	0	1.0	1.0	1.0	0	1	0	0.0
GC_00004533	1	1	1	0	1.0	1.0	1.0	0	1	0	0.0
GC_00004534	1	1	1	0	1.0	1.0	1.0	0	1	0	0.0
GC_00004535	1	1	1	0	1.0	1.0	1.0	0	1	0	0.0
GC_00004536	1	1	1	0	1.0	1.0	1.0	0	1	0	0.0
GC_00004537	1	1	1	0	1.0	1.0	1.0	0	1	0	0.0
GC_00004538	1	1	1	0	1.0	1.0	1.0	0	1	0	0.0
GC_00004539	1	1	1	0	1.0	1.0	1.0	0	1	0	0.0
GC_00004540	1	1	1	0	1.0	1.0	1.0	0	1	0	0.0
GC_00004541	1	1	1	0	1.0	1.0	1.0	0	1	0	0.0
GC_00004542	1	1	1	0	1.0	1.0	1.0	0	1	0	0.0
GC_00004543	1	1	1	0	1.0	1.0	1.0	0	1	0	0.0
GC_00004544	1	1	1	0	1.0	1.0	1.0	0	1	0	0.0
GC_00004545	1	1	1	0	1.0	1.0	1.0	0	1	0	0.0
GC_00004546	1	1	1	0	1.0	1.0	1.0	0	1	0	0.0
GC_00004547	1	1	1	0	1.0	1.0	1.0	0	1	0	0.0
GC_00004548	1	1	1	0	1.0	1.0	1.0	0	1	0	0.0
GC_00004549	1	1	1	0	1.0	1.0	1.0	0	1	0	0.0
GC_00004550	1	1	1	0	1.0	1.0	1.0	0	1	0	0.0
GC_00004551	1	1	1	0	1.0	1.0	1.0	0	1	0	0.0
GC_00004552	1	1	1	0	1.0	1.0	1.0	0	1	0	0.0
GC_00004553	1	1	1	0	1.0	1.0	1.0	0	1	0	0.0
GC_00004554	1	1	1	0	1.0	1.0	1.0	0	1	0	0.0
GC_00004555	1	1	1	0	1.0	1.0	1.0	0	1	0	0.0
GC_00004556	1	1	1	0	1.0	1.0	1.0	0	1	0	0.0
GC_00004557	1	1	1	0	1.0	1.0	1.0	0	1	0	0.0
GC_00004558	1	1	1	0	1.0	1.0	1.0	1	0	0	1.0
GC_00004559	1	1	1	0	1.0	1.0	1.0	0	1	0	0.0
GC_00004560	1	1	1	0	1.0	1.0	1.0	0	1	0	0.0
GC_00004561	1	1	1	0	1.0	1.0	1.0	0	1	0	0.0
GC_00004562	1	1	1	0	1.0	1.0	1.0	0	1	0	0.0
GC_00004563	1	1	1	0	1.0	1.0	1.0	0	1	0	0.0
GC_00004564	1	1	1	0	1.0	1.0	1.0	0	1	0	0.0
GC_00004565	1	1	1	0	1.0	1.0	1.0	0	1	0	0.0
GC_00004566	1	1	1	0	1.0	1.0	1.0	0	1	0	0.0
GC_00004567	1	1	1	0	1.0	1.0	1.0	0	1	0	0.0
GC_00004568	1	1	1	0	1.0	1.0	1.0	0	1	0	0.0
GC_00004569	1	1	1	0	1.0	1.0	1.0	0	1	0	0.0
GC_00004570	1	1	1	0	1.0	1.0	1.0	0	1	0	0.0
GC_00004571	1	1	1	0	1.0	1.0	1.0	0	1	0	0.0
GC_00004572	1	1	1	0	1.0	1.0	1.0	0	1	0	0.0
GC_00004573	1	1	1	0	1.0	1.0	1.0	0	1	0	0.0
GC_00004574	1	1	1	0	1.0	1.0	1.0	0	1	0	0.0
GC_00004575	1	1	1	0	1.0	1.0	1.0	0	1	0	0.0
GC_00004576	1	1	1	0	1.0	1.0	1.0	0	1	0	0.0
GC_00004577	1	1	1	0	1.0	1.0	1.0	0	1	0	0.0
GC_00004578	1	1	1	0	1.0	1.0	1.0	0	1	0	0.0
GC_00004579	1	1	1	0	1.0	1.0	1.0	0	1	0	0.0
GC_00004580	1	1	1	0	1.0	1.0	1.0	0	1	0	0.0
GC_00004581	1	1	1	0	1.0	1.0	1.0	0	1	0	0.0
GC_00004582	1	1	1	0	1.0	1.0	1.0	0	1	0	0.0
GC_00004583	1	1	1	0	1.0	1.0	1.0	0	1	0	0.0
GC_00004584	1	1	1	0	1.0	1.0	1.0	0	1	0	0.0
GC_00004585	1	1	1	0	1.0	1.0	1.0	0	1	0	0.0
GC_00004586	1	1	1	0	1.0	1.0	1.0	0	1	0	0.0
GC_00004587	1	1	1	0	1.0	1.0	1.0	0	1	0	0.0
GC_00004588	1	1	1	0	1.0	1.0	1.0	0	1	0	0.0
GC_00004589	1	1	1	0	1.0	1.0	1.0	0	1	0	0.0
GC_00004590	1	1	1	0	1.0	1.0	1.0	0	1	0	0.0
GC_00004591	1	1	1	0	1.0	1.0	1.0	0	1	0	0.0
GC_00004592	1	1	1	0	1.0	1.0	1.0	0	1	0	0.0
GC_00004593	1	1	1	0	1.0	1.0	1.0	0	1	0	0.0
GC_00004594	1	1	1	0	1.0	1.0	1.0	0	1	0	0.0
GC_00004595	1	1	1	0	1.0	1.0	1.0	0	1	0	0.0
GC_00004596	1	1	1	0	1.0	1.0	1.0	0	1	0	0.0
GC_00004597	1	1	1	0	1.0	1.0	1.0	0	1	0	0.0
GC_00004598	1	1	1	0	1.0	1.0	1.0	0	1	0	0.0
GC_00004599	1	1	1	0	1.0	1.0	1.0	0	1	0	0.0
GC_00004600	1	1	1	0	1.0	1.0	1.0	0	1	0	0.0
GC_00004601	1	1	1	0	1.0	1.0	1.0	0	1	0	0.0
GC_00004602	1	1	1	0	1.0	1.0	1.0	0	1	0	0.0
GC_00004603	1	1	1	0	1.0	1.0	1.0	1	0	0	1.0
GC_00004604	1	1	1	0	1.0	1.0	1.0	0	1	0	0.0
GC_00004605	1	1	1	0	1.0	1.0	1.0	0	1	0	0.0
GC_00004606	1	1	1	0	1.0	1.0	1.0	1	0	0	1.0
GC_00004607	1	1	1	0	1.0	1.0	1.0	0	1	0	0.0
GC_00004608	1	1	1	0	1.0	1.0	1.0	0	1	0	0.0
GC_00004609	1	1	1	0	1.0	1.0	1.0	0	1	0	0.0
GC_00004610	1	1	1	0	1.0	1.0	1.0	0	1	0	0.0
GC_00004611	1	1	1	0	1.0	1.0	1.0	0	1	0	0.0
GC_00004612	1	1	1	0	1.0	1.0	1.0	0	1	0	0.0
GC_00004613	1	1	1	0	1.0	1.0	1.0	0	1	0	0.0
GC_00004614	1	1	1	0	1.0	1.0	1.0	0	1	0	0.0
GC_00004615	1	1	1	0	1.0	1.0	1.0	0	1	0	0.0
GC_00004616	1	1	1	0	1.0	1.0	1.0	0	1	0	0.0
GC_00004617	1	1	1	0	1.0	1.0	1.0	0	1	0	0.0
GC_00004618	1	1	1	0	1.0	1.0	1.0	1	0	0	1.0
GC_00004619	1	1	1	0	1.0	1.0	1.0	0	1	0	0.0
GC_00004620	1	1	1	0	1.0	1.0	1.0	0	1	0	0.0
GC_00004621	1	1	1	0	1.0	1.0	1.0	0	1	0	0.0
GC_00004622	1	1	1	0	1.0	1.0	1.0	0	1	0	0.0
GC_00004623	1	1	1	0	1.0	1.0	1.0	0	1	0	0.0
GC_00004624	1	1	1	0	1.0	1.0	1.0	0	1	0	0.0
GC_00004625	1	1	1	0	1.0	1.0	1.0	0	1	0	0.0
GC_00004626	1	1	1	0	1.0	1.0	1.0	0	1	0	0.0
GC_00004627	1	1	1	0	1.0	1.0	1.0	0	1	0	0.0
GC_00004628	1	1	1	0	1.0	1.0	1.0	0	1	0	0.0
GC_00004629	1	1	1	0	1.0	1.0	1.0	0	1	0	0.0
GC_00004630	1	1	1	0	1.0	1.0	1.0	0	1	0	0.0
GC_00004631	1	1	1	0	1.0	1.0	1.0	0	1	0	0.0
GC_00004632	1	1	1	0	1.0	1.0	1.0	0	1	0	0.0
GC_00004633	1	1	1	0	1.0	1.0	1.0	0	1	0	0.0
GC_00004634	1	1	1	0	1.0	1.0	1.0	0	1	0	0.0
GC_00004635	1	1	1	0	1.0	1.0	1.0	0	1	0	0.0
GC_00004636	1	1	1	0	1.0	1.0	1.0	0	1	0	0.0
GC_00004637	1	1	1	0	1.0	1.0	1.0	0	1	0	0.0
GC_00004638	1	1	1	0	1.0	1.0	1.0	0	1	0	0.0
GC_00004639	1	1	1	0	1.0	1.0	1.0	0	1	0	0.0
GC_00004640	1	1	1	0	1.0	1.0	1.0	0	1	0	0.0
GC_00004641	1	1	1	0	1.0	1.0	1.0	0	1	0	0.0
GC_00004642	1	1	1	0	1.0	1.0	1.0	0	1	0	0.0
GC_00004643	1	1	1	0	1.0	1.0	1.0	0	1	0	0.0
GC_00004644	1	1	1	0	1.0	1.0	1.0	0	1	0	0.0
GC_00004645	1	1	1	0	1.0	1.0	1.0	0	1	0	0.0
GC_00004646	1	1	1	0	1.0	1.0	1.0	0	1	0	0.0
GC_00004647	1	1	1	0	1.0	1.0	1.0	0	1	0	0.0
GC_00004648	1	1	1	0	1.0	1.0	1.0	0	1	0	0.0
GC_00004649	1	1	1	0	1.0	1.0	1.0	0	1	0	0.0
GC_00004650	1	1	1	0	1.0	1.0	1.0	0	1	0	0.0
GC_00004651	1	1	1	0	1.0	1.0	1.0	0	1	0	0.0
GC_00004652	1	1	1	0	1.0	1.0	1.0	0	1	0	0.0
GC_00004653	1	1	1	0	1.0	1.0	1.0	0	1	0	0.0
GC_00004654	1	1	1	0	1.0	1.0	1.0	0	1	0	0.0
GC_00004655	1	1	1	0	1.0	1.0	1.0	1	0	0	1.0
GC_00004656	1	1	1	0	1.0	1.0	1.0	0	1	0	0.0
GC_00004657	1	1	1	0	1.0	1.0	1.0	0	1	0	0.0
GC_00004658	1	1	1	0	1.0	1.0	1.0	0	1	0	0.0
GC_00004659	1	1	1	0	1.0	1.0	1.0	0	1	0	0.0
GC_00004660	1	1	1	0	1.0	1.0	1.0	0	1	0	0.0
GC_00004661	1	1	1	0	1.0	1.0	1.0	0	1	0	0.0
GC_00004662	1	1	1	0	1.0	1.0	1.0	0	1	0	0.0
GC_00004663	1	1	1	0	1.0	1.0	1.0	0	1	0	0.0
GC_00004664	1	1	1	0	1.0	1.0	1.0	0	1	0	0.0
GC_00004665	1	1	1	0	1.0	1.0	1.0	0	1	0	0.0
GC_00004666	1	1	1	0	1.0	1.0	1.0	0	1	0	0.0
GC_00004667	1	1	1	0	1.0	1.0	1.0	0	1	0	0.0
GC_00004668	1	1	1	0	1.0	1.0	1.0	0	1	0	0.0
GC_00004669	1	1	1	0	1.0	1.0	1.0	0	1	0	0.0
GC_00004670	1	1	1	0	1.0	1.0	1.0	0	1	0	0.0
GC_00004671	1	1	1	0	1.0	1.0	1.0	0	1	0	0.0
GC_00004672	1	1	1	0	1.0	1.0	1.0	0	1	0	0.0
GC_00004673	1	1	1	0	1.0	1.0	1.0	0	1	0	0.0
GC_00004674	1	1	1	0	1.0	1.0	1.0	0	1	0	0.0
GC_00004675	1	1	1	0	1.0	1.0	1.0	0	1	0	0.0
GC_00004676	1	1	1	0	1.0	1.0	1.0	0	1	0	0.0
GC_00004677	1	1	1	0	1.0	1.0	1.0	1	0	0	1.0
GC_00004678	1	1	1	0	1.0	1.0	1.0	0	1	0	0.0
GC_00004679	1	1	1	0	1.0	1.0	1.0	0	1	0	0.0
GC_00004680	1	1	1	0	1.0	1.0	1.0	0	1	0	0.0
GC_00004681	1	1	1	0	1.0	1.0	1.0	0	1	0	0.0
GC_00004682	1	1	1	0	1.0	1.0	1.0	0	1	0	0.0
GC_00004683	1	1	1	0	1.0	1.0	1.0	0	1	0	0.0
GC_00004684	1	1	1	0	1.0	1.0	1.0	0	1	0	0.0
GC_00004685	1	1	1	0	1.0	1.0	1.0	0	1	0	0.0
GC_00004686	1	1	1	0	1.0	1.0	1.0	0	1	0	0.0
GC_00004687	1	1	1	0	1.0	1.0	1.0	0	1	0	0.0
GC_00004688	1	1	1	0	1.0	1.0	1.0	0	1	0	0.0
GC_00004689	1	1	1	0	1.0	1.0	1.0	0	1	0	0.0
GC_00004690	1	1	1	0	1.0	1.0	1.0	0	1	0	0.0
GC_00004691	1	1	1	0	1.0	1.0	1.0	0	1	0	0.0
GC_00004692	1	1	1	0	1.0	1.0	1.0	0	1	0	0.0
GC_00004693	1	1	1	0	1.0	1.0	1.0	0	1	0	0.0
GC_00004694	1	1	1	0	1.0	1.0	1.0	0	1	0	0.0
GC_00004695	1	1	1	0	1.0	1.0	1.0	0	1	0	0.0
GC_00004696	1	1	1	0	1.0	1.0	1.0	0	1	0	0.0
GC_00004697	1	1	1	0	1.0	1.0	1.0	0	1	0	0.0
GC_00004698	1	1	1	0	1.0	1.0	1.0	0	1	0	0.0
GC_00004699	1	1	1	0	1.0	1.0	1.0	0	1	0	0.0
GC_00004700	1	1	1	0	1.0	1.0	1.0	0	1	0	0.0
GC_00004701	1	1	1	0	1.0	1.0	1.0	0	1	0	0.0
GC_00004702	1	1	1	0	1.0	1.0	1.0	0	1	0	0.0
GC_00004703	1	1	1	0	1.0	1.0	1.0	0	1	0	0.0
GC_00004704	1	1	1	0	1.0	1.0	1.0	0	1	0	0.0
GC_00004705	1	1	1	0	1.0	1.0	1.0	0	1	0	0.0
GC_00004706	1	1	1	0	1.0	1.0	1.0	0	1	0	0.0
GC_00004707	1	1	1	0	1.0	1.0	1.0	0	1	0	0.0
GC_00004708	1	1	1	0	1.0	1.0	1.0	0	1	0	0.0
GC_00004709	1	1	1	0	1.0	1.0	1.0	0	1	0	0.0
GC_00004710	1	1	1	0	1.0	1.0	1.0	0	1	0	0.0
GC_00004711	1	1	1	0	1.0	1.0	1.0	0	1	0	0.0
GC_00004712	1	1	1	0	1.0	1.0	1.0	1	0	0	1.0
GC_00004713	1	1	1	0	1.0	1.0	1.0	0	1	0	0.0
GC_00004714	1	1	1	0	1.0	1.0	1.0	0	1	0	0.0
GC_00004715	1	1	1	0	1.0	1.0	1.0	0	1	0	0.0
GC_00004716	1	1	1	0	1.0	1.0	1.0	0	1	0	0.0
GC_00004717	1	1	1	0	1.0	1.0	1.0	0	1	0	0.0
GC_00004718	1	1	1	0	1.0	1.0	1.0	0	1	0	0.0
GC_00004719	1	1	1	0	1.0	1.0	1.0	0	1	0	0.0
GC_00004720	1	1	1	0	1.0	1.0	1.0	0	1	0	0.0
GC_00004721	1	1	1	0	1.0	1.0	1.0	0	1	0	0.0
GC_00004722	1	1	1	0	1.0	1.0	1.0	0	1	0	0.0
GC_00004723	1	1	1	0	1.0	1.0	1.0	0	1	0	0.0
GC_00004724	1	1	1	0	1.0	1.0	1.0	0	1	0	0.0
GC_00004725	1	1	1	0	1.0	1.0	1.0	0	1	0	0.0
GC_00004726	1	1	1	0	1.0	1.0	1.0	0	1	0	0.0
GC_00004727	1	1	1	0	1.0	1.0	1.0	0	1	0	0.0
GC_00004728	1	1	1	0	1.0	1.0	1.0	1	0	0	1.0
GC_00004729	1	1	1	0	1.0	1.0	1.0	0	1	0	0.0
GC_00004730	1	1	1	0	1.0	1.0	1.0	0	1	0	0.0
GC_00004731	1	1	1	0	1.0	1.0	1.0	0	1	0	0.0
GC_00004732	1	1	1	0	1.0	1.0	1.0	1	0	0	1.0
GC_00004733	1	1	1	0	1.0	1.0	1.0	1	0	0	1.0
GC_00004734	1	1	1	0	1.0	1.0	1.0	0	1	0	0.0
GC_00004735	1	1	1	0	1.0	1.0	1.0	0	1	0	0.0
GC_00004736	1	1	1	0	1.0	1.0	1.0	0	1	0	0.0
GC_00004737	1	1	1	0	1.0	1.0	1.0	0	1	0	0.0
GC_00004738	1	1	1	0	1.0	1.0	1.0	0	1	0	0.0
GC_00004739	1	1	1	0	1.0	1.0	1.0	1	0	0	1.0
GC_00004740	1	1	1	0	1.0	1.0	1.0	0	1	0	0.0
GC_00004741	1	1	1	0	1.0	1.0	1.0	0	1	0	0.0
GC_00004742	1	1	1	0	1.0	1.0	1.0	0	1	0	0.0
GC_00004743	1	1	1	0	1.0	1.0	1.0	0	1	0	0.0
GC_00004744	1	1	1	0	1.0	1.0	1.0	0	1	0	0.0
GC_00004745	1	1	1	0	1.0	1.0	1.0	0	1	0	0.0
GC_00004746	1	1	1	0	1.0	1.0	1.0	1	0	0	1.0
GC_00004747	1	1	1	0	1.0	1.0	1.0	1	0	0	1.0
GC_00004748	1	1	1	0	1.0	1.0	1.0	0	1	0	0.0
GC_00004749	1	1	1	0	1.0	1.0	1.0	0	1	0	0.0
GC_00004750	1	1	1	0	1.0	1.0	1.0	0	1	0	0.0
GC_00004751	1	1	1	0	1.0	1.0	1.0	0	1	0	0.0
GC_00004752	1	1	1	0	1.0	1.0	1.0	0	1	0	0.0
GC_00004753	1	1	1	0	1.0	1.0	1.0	0	1	0	0.0
GC_00004754	1	1	1	0	1.0	1.0	1.0	0	1	0	0.0
GC_00004755	1	1	1	0	1.0	1.0	1.0	0	1	0	0.0
GC_00004756	1	1	1	0	1.0	1.0	1.0	0	1	0	0.0
GC_00004757	1	1	1	0	1.0	1.0	1.0	0	1	0	0.0
GC_00004758	1	1	1	0	1.0	1.0	1.0	0	1	0	0.0
GC_00004759	1	1	1	0	1.0	1.0	1.0	0	1	0	0.0
GC_00004760	1	1	1	0	1.0	1.0	1.0	0	1	0	0.0
GC_00004761	1	1	1	0	1.0	1.0	1.0	0	1	0	0.0
GC_00004762	1	1	1	0	1.0	1.0	1.0	0	1	0	0.0
GC_00004763	1	1	1	0	1.0	1.0	1.0	0	1	0	0.0
GC_00004764	1	1	1	0	1.0	1.0	1.0	0	1	0	0.0
GC_00004765	1	1	1	0	1.0	1.0	1.0	0	1	0	0.0
GC_00004766	1	1	1	0	1.0	1.0	1.0	0	1	0	0.0
GC_00004767	1	1	1	0	1.0	1.0	1.0	0	1	0	0.0
GC_00004768	1	1	1	0	1.0	1.0	1.0	0	1	0	0.0
GC_00004769	1	1	1	0	1.0	1.0	1.0	0	1	0	0.0
GC_00004770	1	1	1	0	1.0	1.0	1.0	0	1	0	0.0
GC_00004771	1	1	1	0	1.0	1.0	1.0	0	1	0	0.0
GC_00004772	1	1	1	0	1.0	1.0	1.0	0	1	0	0.0
GC_00004773	1	1	1	0	1.0	1.0	1.0	0	1	0	0.0
GC_00004774	1	1	1	0	1.0	1.0	1.0	0	1	0	0.0
GC_00004775	1	1	1	0	1.0	1.0	1.0	0	1	0	0.0
GC_00004776	1	1	1	0	1.0	1.0	1.0	0	1	0	0.0
GC_00004777	1	1	1	0	1.0	1.0	1.0	0	1	0	0.0
GC_00004778	1	1	1	0	1.0	1.0	1.0	0	1	0	0.0
GC_00004779	1	1	1	0	1.0	1.0	1.0	0	1	0	0.0
GC_00004780	1	1	1	0	1.0	1.0	1.0	0	1	0	0.0
GC_00004781	1	1	1	0	1.0	1.0	1.0	0	1	0	0.0
GC_00004782	1	1	1	0	1.0	1.0	1.0	0	1	0	0.0
GC_00004783	1	1	1	0	1.0	1.0	1.0	0	1	0	0.0
GC_00004784	1	1	1	0	1.0	1.0	1.0	0	1	0	0.0
GC_00004785	1	1	1	0	1.0	1.0	1.0	0	1	0	0.0
GC_00004786	1	1	1	0	1.0	1.0	1.0	0	1	0	0.0
GC_00004787	1	1	1	0	1.0	1.0	1.0	0	1	0	0.0
GC_00004788	1	1	1	0	1.0	1.0	1.0	0	1	0	0.0
GC_00004789	1	1	1	0	1.0	1.0	1.0	0	1	0	0.0
GC_00004790	1	1	1	0	1.0	1.0	1.0	0	1	0	0.0
GC_00004791	1	1	1	0	1.0	1.0	1.0	0	1	0	0.0
GC_00004792	1	1	1	0	1.0	1.0	1.0	0	1	0	0.0
GC_00004793	1	1	1	0	1.0	1.0	1.0	0	1	0	0.0
GC_00004794	1	1	1	0	1.0	1.0	1.0	0	1	0	0.0
GC_00004795	1	1	1	0	1.0	1.0	1.0	0	1	0	0.0
GC_00004796	1	1	1	0	1.0	1.0	1.0	0	1	0	0.0
GC_00004797	1	1	1	0	1.0	1.0	1.0	0	1	0	0.0
GC_00004798	1	1	1	0	1.0	1.0	1.0	0	1	0	0.0
GC_00004799	1	1	1	0	1.0	1.0	1.0	0	1	0	0.0
GC_00004800	1	1	1	0	1.0	1.0	1.0	0	1	0	0.0
GC_00004801	1	1	1	0	1.0	1.0	1.0	0	1	0	0.0
GC_00004802	1	1	1	0	1.0	1.0	1.0	0	1	0	0.0
GC_00004803	1	1	1	0	1.0	1.0	1.0	0	1	0	0.0
GC_00004804	1	1	1	0	1.0	1.0	1.0	0	1	0	0.0
GC_00004805	1	1	1	0	1.0	1.0	1.0	0	1	0	0.0
GC_00004806	1	1	1	0	1.0	1.0	1.0	0	1	0	0.0
GC_00004807	1	1	1	0	1.0	1.0	1.0	0	1	0	0.0
GC_00004808	1	1	1	0	1.0	1.0	1.0	0	1	0	0.0
GC_00004809	1	1	1	0	1.0	1.0	1.0	0	1	0	0.0
GC_00004810	1	1	1	0	1.0	1.0	1.0	0	1	0	0.0
GC_00004811	1	1	1	0	1.0	1.0	1.0	0	1	0	0.0
GC_00004812	1	1	1	0	1.0	1.0	1.0	0	1	0	0.0
GC_00004813	1	1	1	0	1.0	1.0	1.0	0	1	0	0.0
GC_00004814	1	1	1	0	1.0	1.0	1.0	0	1	0	0.0
GC_00004815	1	1	1	0	1.0	1.0	1.0	0	1	0	0.0
GC_00004816	1	1	1	0	1.0	1.0	1.0	0	1	0	0.0
GC_00004817	1	1	1	0	1.0	1.0	1.0	0	1	0	0.0
GC_00004818	1	1	1	0	1.0	1.0	1.0	0	1	0	0.0
GC_00004819	1	1	1	0	1.0	1.0	1.0	0	1	0	0.0
GC_00004820	1	1	1	0	1.0	1.0	1.0	0	1	0	0.0
GC_00004821	1	1	1	0	1.0	1.0	1.0	0	1	0	0.0
GC_00004822	1	1	1	0	1.0	1.0	1.0	0	1	0	0.0
GC_00004823	1	1	1	0	1.0	1.0	1.0	0	1	0	0.0
GC_00004824	1	1	1	0	1.0	1.0	1.0	0	1	0	0.0
GC_00004825	1	1	1	0	1.0	1.0	1.0	0	1	0	0.0
GC_00004826	1	1	1	0	1.0	1.0	1.0	0	1	0	0.0
GC_00004827	1	1	1	0	1.0	1.0	1.0	0	1	0	0.0
GC_00004828	1	1	1	0	1.0	1.0	1.0	0	1	0	0.0
GC_00004829	1	1	1	0	1.0	1.0	1.0	0	1	0	0.0
GC_00004830	1	1	1	0	1.0	1.0	1.0	0	1	0	0.0
GC_00004831	1	1	1	0	1.0	1.0	1.0	0	1	0	0.0
GC_00004832	1	1	1	0	1.0	1.0	1.0	0	1	0	0.0
GC_00004833	1	1	1	0	1.0	1.0	1.0	0	1	0	0.0
GC_00004834	1	1	1	0	1.0	1.0	1.0	0	1	0	0.0
GC_00004835	1	1	1	0	1.0	1.0	1.0	0	1	0	0.0
GC_00004836	1	1	1	0	1.0	1.0	1.0	0	1	0	0.0
GC_00004837	1	1	1	0	1.0	1.0	1.0	0	1	0	0.0
GC_00004838	1	1	1	0	1.0	1.0	1.0	0	1	0	0.0
GC_00004839	1	1	1	0	1.0	1.0	1.0	0	1	0	0.0
GC_00004840	1	1	1	0	1.0	1.0	1.0	0	1	0	0.0
GC_00004841	1	1	1	0	1.0	1.0	1.0	0	1	0	0.0
GC_00004842	1	1	1	0	1.0	1.0	1.0	0	1	0	0.0
GC_00004843	1	1	1	0	1.0	1.0	1.0	1	0	0	1.0
GC_00004844	1	1	1	0	1.0	1.0	1.0	0	1	0	0.0
GC_00004845	1	1	1	0	1.0	1.0	1.0	0	1	0	0.0
GC_00004846	1	1	1	0	1.0	1.0	1.0	0	1	0	0.0
GC_00004847	1	1	1	0	1.0	1.0	1.0	0	1	0	0.0
GC_00004848	1	1	1	0	1.0	1.0	1.0	1	0	0	1.0
GC_00004849	1	1	1	0	1.0	1.0	1.0	1	0	0	1.0
GC_00004850	1	1	1	0	1.0	1.0	1.0	0	1	0	0.0
GC_00004851	1	1	1	0	1.0	1.0	1.0	0	1	0	0.0
GC_00004852	1	1	1	0	1.0	1.0	1.0	0	1	0	0.0
GC_00004853	1	1	1	0	1.0	1.0	1.0	0	1	0	0.0
GC_00004854	1	1	1	0	1.0	1.0	1.0	0	1	0	0.0
GC_00004855	1	1	1	0	1.0	1.0	1.0	0	1	0	0.0
GC_00004856	1	1	1	0	1.0	1.0	1.0	0	1	0	0.0
GC_00004857	1	1	1	0	1.0	1.0	1.0	0	1	0	0.0
GC_00004858	1	1	1	0	1.0	1.0	1.0	0	1	0	0.0
GC_00004859	1	1	1	0	1.0	1.0	1.0	0	1	0	0.0
GC_00004860	1	1	1	0	1.0	1.0	1.0	1	0	0	1.0
GC_00004861	1	1	1	0	1.0	1.0	1.0	0	1	0	0.0
GC_00004862	1	1	1	0	1.0	1.0	1.0	0	1	0	0.0
GC_00004863	1	1	1	0	1.0	1.0	1.0	0	1	0	0.0
GC_00004864	1	1	1	0	1.0	1.0	1.0	0	1	0	0.0
GC_00004865	1	1	1	0	1.0	1.0	1.0	0	1	0	0.0
GC_00004866	1	1	1	0	1.0	1.0	1.0	0	1	0	0.0
GC_00004867	1	1	1	0	1.0	1.0	1.0	0	1	0	0.0
GC_00004868	1	1	1	0	1.0	1.0	1.0	0	1	0	0.0
GC_00004869	1	1	1	0	1.0	1.0	1.0	0	1	0	0.0
GC_00004870	1	1	1	0	1.0	1.0	1.0	0	1	0	0.0
GC_00004871	1	1	1	0	1.0	1.0	1.0	0	1	0	0.0
GC_00004872	1	1	1	0	1.0	1.0	1.0	0	1	0	0.0
GC_00004873	1	1	1	0	1.0	1.0	1.0	0	1	0	0.0
GC_00004874	1	1	1	0	1.0	1.0	1.0	0	1	0	0.0
GC_00004875	1	1	1	0	1.0	1.0	1.0	0	1	0	0.0
GC_00004876	1	1	1	0	1.0	1.0	1.0	0	1	0	0.0
GC_00004877	1	1	1	0	1.0	1.0	1.0	0	1	0	0.0
GC_00004878	1	1	1	0	1.0	1.0	1.0	0	1	0	0.0
GC_00004879	1	1	1	0	1.0	1.0	1.0	0	1	0	0.0
GC_00004880	1	1	1	0	1.0	1.0	1.0	0	1	0	0.0
GC_00004881	1	1	1	0	1.0	1.0	1.0	0	1	0	0.0
GC_00004882	1	1	1	0	1.0	1.0	1.0	0	1	0	0.0
GC_00004883	1	1	1	0	1.0	1.0	1.0	0	1	0	0.0
GC_00004884	1	1	1	0	1.0	1.0	1.0	0	1	0	0.0
GC_00004885	1	1	1	0	1.0	1.0	1.0	0	1	0	0.0
GC_00004886	1	1	1	0	1.0	1.0	1.0	0	1	0	0.0
GC_00004887	1	1	1	0	1.0	1.0	1.0	0	1	0	0.0
GC_00004888	1	1	1	0	1.0	1.0	1.0	0	1	0	0.0
GC_00004889	1	1	1	0	1.0	1.0	1.0	0	1	0	0.0
GC_00004890	1	1	1	0	1.0	1.0	1.0	0	1	0	0.0
GC_00004891	1	1	1	0	1.0	1.0	1.0	0	1	0	0.0
GC_00004892	1	1	1	0	1.0	1.0	1.0	0	1	0	0.0
GC_00004893	1	1	1	0	1.0	1.0	1.0	0	1	0	0.0
GC_00004894	1	1	1	0	1.0	1.0	1.0	0	1	0	0.0
GC_00004895	1	1	1	0	1.0	1.0	1.0	0	1	0	0.0
GC_00004896	1	1	1	0	1.0	1.0	1.0	0	1	0	0.0
GC_00004897	1	1	1	0	1.0	1.0	1.0	0	1	0	0.0
GC_00004898	1	1	1	0	1.0	1.0	1.0	0	1	0	0.0
GC_00004899	1	1	1	0	1.0	1.0	1.0	0	1	0	0.0
GC_00004900	1	1	1	0	1.0	1.0	1.0	0	1	0	0.0
GC_00004901	1	1	1	0	1.0	1.0	1.0	0	1	0	0.0
GC_00004902	1	1	1	0	1.0	1.0	1.0	0	1	0	0.0
GC_00004903	1	1	1	0	1.0	1.0	1.0	0	1	0	0.0
GC_00004904	1	1	1	0	1.0	1.0	1.0	1	0	0	1.0
GC_00004905	1	1	1	0	1.0	1.0	1.0	0	1	0	0.0
GC_00004906	1	1	1	0	1.0	1.0	1.0	0	1	0	0.0
GC_00004907	1	1	1	0	1.0	1.0	1.0	0	1	0	0.0
GC_00004908	1	1	1	0	1.0	1.0	1.0	0	1	0	0.0
GC_00004909	1	1	1	0	1.0	1.0	1.0	1	0	0	1.0
GC_00004910	1	1	1	0	1.0	1.0	1.0	0	1	0	0.0
GC_00004911	1	1	1	0	1.0	1.0	1.0	0	1	0	0.0
GC_00004912	1	1	1	0	1.0	1.0	1.0	0	1	0	0.0
GC_00004913	1	1	1	0	1.0	1.0	1.0	0	1	0	0.0
GC_00004914	1	1	1	0	1.0	1.0	1.0	0	1	0	0.0
GC_00004915	1	1	1	0	1.0	1.0	1.0	0	1	0	0.0
GC_00004916	1	1	1	0	1.0	1.0	1.0	0	1	0	0.0
GC_00004917	1	1	1	0	1.0	1.0	1.0	0	1	0	0.0
GC_00004918	1	1	1	0	1.0	1.0	1.0	0	1	0	0.0
GC_00004919	1	1	1	0	1.0	1.0	1.0	0	1	0	0.0
GC_00004920	1	1	1	0	1.0	1.0	1.0	0	1	0	0.0
GC_00004921	1	1	1	0	1.0	1.0	1.0	0	1	0	0.0
GC_00004922	1	1	1	0	1.0	1.0	1.0	0	1	0	0.0
GC_00004923	1	1	1	0	1.0	1.0	1.0	0	1	0	0.0
GC_00004924	1	1	1	0	1.0	1.0	1.0	0	1	0	0.0
GC_00004925	1	1	1	0	1.0	1.0	1.0	0	1	0	0.0
GC_00004926	1	1	1	0	1.0	1.0	1.0	0	1	0	0.0
GC_00004927	1	1	1	0	1.0	1.0	1.0	0	1	0	0.0
GC_00004928	1	1	1	0	1.0	1.0	1.0	0	1	0	0.0
GC_00004929	1	1	1	0	1.0	1.0	1.0	0	1	0	0.0
GC_00004930	1	1	1	0	1.0	1.0	1.0	0	1	0	0.0
GC_00004931	1	1	1	0	1.0	1.0	1.0	0	1	0	0.0
GC_00004932	1	1	1	0	1.0	1.0	1.0	0	1	0	0.0
GC_00004933	1	1	1	0	1.0	1.0	1.0	0	1	0	0.0
GC_00004934	1	1	1	0	1.0	1.0	1.0	1	0	0	1.0
GC_00004935	1	1	1	0	1.0	1.0	1.0	0	1	0	0.0
GC_00004936	1	1	1	0	1.0	1.0	1.0	0	1	0	0.0
GC_00004937	1	1	1	0	1.0	1.0	1.0	0	1	0	0.0
GC_00004938	1	1	1	0	1.0	1.0	1.0	0	1	0	0.0
GC_00004939	1	1	1	0	1.0	1.0	1.0	0	1	0	0.0
GC_00004940	1	1	1	0	1.0	1.0	1.0	0	1	0	0.0
GC_00004941	1	1	1	0	1.0	1.0	1.0	0	1	0	0.0
GC_00004942	1	1	1	0	1.0	1.0	1.0	1	0	0	1.0
GC_00004943	1	1	1	0	1.0	1.0	1.0	0	1	0	0.0
GC_00004944	1	1	1	0	1.0	1.0	1.0	0	1	0	0.0
GC_00004945	1	1	1	0	1.0	1.0	1.0	0	1	0	0.0
GC_00004946	1	1	1	0	1.0	1.0	1.0	0	1	0	0.0
GC_00004947	1	1	1	0	1.0	1.0	1.0	0	1	0	0.0
GC_00004948	1	1	1	0	1.0	1.0	1.0	0	1	0	0.0
GC_00004949	1	1	1	0	1.0	1.0	1.0	0	1	0	0.0
GC_00004950	1	1	1	0	1.0	1.0	1.0	0	1	0	0.0
GC_00004951	1	1	1	0	1.0	1.0	1.0	0	1	0	0.0
GC_00004952	1	1	1	0	1.0	1.0	1.0	0	1	0	0.0
GC_00004953	1	1	1	0	1.0	1.0	1.0	0	1	0	0.0
GC_00004954	1	1	1	0	1.0	1.0	1.0	0	1	0	0.0
GC_00004955	1	1	1	0	1.0	1.0	1.0	0	1	0	0.0
GC_00004956	1	1	1	0	1.0	1.0	1.0	0	1	0	0.0
GC_00004957	1	1	1	0	1.0	1.0	1.0	0	1	0	0.0
GC_00004958	1	1	1	0	1.0	1.0	1.0	0	1	0	0.0
GC_00004959	1	1	1	0	1.0	1.0	1.0	0	1	0	0.0
GC_00004960	1	1	1	0	1.0	1.0	1.0	0	1	0	0.0
GC_00004961	1	1	1	0	1.0	1.0	1.0	0	1	0	0.0
GC_00004962	1	1	1	0	1.0	1.0	1.0	0	1	0	0.0
GC_00004963	1	1	1	0	1.0	1.0	1.0	0	1	0	0.0
GC_00004964	1	1	1	0	1.0	1.0	1.0	0	1	0	0.0
GC_00004965	1	1	1	0	1.0	1.0	1.0	0	1	0	0.0
GC_00004966	1	1	1	0	1.0	1.0	1.0	0	1	0	0.0
GC_00004967	1	1	1	0	1.0	1.0	1.0	0	1	0	0.0
GC_00004968	1	1	1	0	1.0	1.0	1.0	0	1	0	0.0
GC_00004969	1	1	1	0	1.0	1.0	1.0	0	1	0	0.0
GC_00004970	1	1	1	0	1.0	1.0	1.0	0	1	0	0.0
GC_00004971	1	1	1	0	1.0	1.0	1.0	0	1	0	0.0
GC_00004972	1	1	1	0	1.0	1.0	1.0	0	1	0	0.0
GC_00004973	1	1	1	0	1.0	1.0	1.0	0	1	0	0.0
GC_00004974	1	1	1	0	1.0	1.0	1.0	0	1	0	0.0
GC_00004975	1	1	1	0	1.0	1.0	1.0	0	1	0	0.0
GC_00004976	1	1	1	0	1.0	1.0	1.0	0	1	0	0.0
GC_00004977	1	1	1	0	1.0	1.0	1.0	0	1	0	0.0
GC_00004978	1	1	1	0	1.0	1.0	1.0	0	1	0	0.0
GC_00004979	1	1	1	0	1.0	1.0	1.0	0	1	0	0.0
GC_00004980	1	1	1	0	1.0	1.0	1.0	0	1	0	0.0
GC_00004981	1	1	1	0	1.0	1.0	1.0	0	1	0	0.0
GC_00004982	1	1	1	0	1.0	1.0	1.0	0	1	0	0.0
GC_00004983	1	1	1	0	1.0	1.0	1.0	0	1	0	0.0
GC_00004984	1	1	1	0	1.0	1.0	1.0	0	1	0	0.0
GC_00004985	1	1	1	0	1.0	1.0	1.0	0	1	0	0.0
GC_00004986	1	1	1	0	1.0	1.0	1.0	0	1	0	0.0
GC_00004987	1	1	1	0	1.0	1.0	1.0	0	1	0	0.0
GC_00004988	1	1	1	0	1.0	1.0	1.0	0	1	0	0.0
GC_00004989	1	1	1	0	1.0	1.0	1.0	0	1	0	0.0
GC_00004990	1	1	1	0	1.0	1.0	1.0	0	1	0	0.0
GC_00004991	1	1	1	0	1.0	1.0	1.0	0	1	0	0.0
GC_00004992	1	1	1	0	1.0	1.0	1.0	0	1	0	0.0
GC_00004993	1	1	1	0	1.0	1.0	1.0	1	0	0	1.0
GC_00004994	1	1	1	0	1.0	1.0	1.0	0	1	0	0.0
GC_00004995	1	1	1	0	1.0	1.0	1.0	0	1	0	0.0
GC_00004996	1	1	1	0	1.0	1.0	1.0	0	1	0	0.0
GC_00004997	1	1	1	0	1.0	1.0	1.0	0	1	0	0.0
GC_00004998	1	1	1	0	1.0	1.0	1.0	0	1	0	0.0
GC_00004999	1	1	1	0	1.0	1.0	1.0	0	1	0	0.0
GC_00005000	1	1	1	0	1.0	1.0	1.0	0	1	0	0.0
GC_00005001	1	1	1	0	1.0	1.0	1.0	0	1	0	0.0
GC_00005002	1	1	1	0	1.0	1.0	1.0	0	1	0	0.0
GC_00005003	1	1	1	0	1.0	1.0	1.0	0	1	0	0.0
GC_00005004	1	1	1	0	1.0	1.0	1.0	0	1	0	0.0
GC_00005005	1	1	1	0	1.0	1.0	1.0	0	1	0	0.0
GC_00005006	1	1	1	0	1.0	1.0	1.0	0	1	0	0.0
GC_00005007	1	1	1	0	1.0	1.0	1.0	0	1	0	0.0
GC_00005008	1	1	1	0	1.0	1.0	1.0	0	1	0	0.0
GC_00005009	1	1	1	0	1.0	1.0	1.0	0	1	0	0.0
GC_00005010	1	1	1	0	1.0	1.0	1.0	0	1	0	0.0
GC_00005011	1	1	1	0	1.0	1.0	1.0	0	1	0	0.0
GC_00005012	1	1	1	0	1.0	1.0	1.0	0	1	0	0.0
GC_00005013	1	1	1	0	1.0	1.0	1.0	0	1	0	0.0
GC_00005014	1	1	1	0	1.0	1.0	1.0	0	1	0	0.0
GC_00005015	1	1	1	0	1.0	1.0	1.0	0	1	0	0.0
GC_00005016	1	1	1	0	1.0	1.0	1.0	0	1	0	0.0
GC_00005017	1	1	1	0	1.0	1.0	1.0	0	1	0	0.0
GC_00005018	1	1	1	0	1.0	1.0	1.0	0	1	0	0.0
GC_00005019	1	1	1	0	1.0	1.0	1.0	0	1	0	0.0
GC_00005020	1	1	1	0	1.0	1.0	1.0	0	1	0	0.0
GC_00005021	1	1	1	0	1.0	1.0	1.0	0	1	0	0.0
GC_00005022	1	1	1	0	1.0	1.0	1.0	0	1	0	0.0
GC_00005023	1	1	1	0	1.0	1.0	1.0	0	1	0	0.0
GC_00005024	1	1	1	0	1.0	1.0	1.0	0	1	0	0.0
GC_00005025	1	1	1	0	1.0	1.0	1.0	0	1	0	0.0
GC_00005026	1	1	1	0	1.0	1.0	1.0	0	1	0	0.0
GC_00005027	1	1	1	0	1.0	1.0	1.0	0	1	0	0.0
GC_00005028	1	1	1	0	1.0	1.0	1.0	0	1	0	0.0
GC_00005029	1	1	1	0	1.0	1.0	1.0	0	1	0	0.0
GC_00005030	1	1	1	0	1.0	1.0	1.0	0	1	0	0.0
GC_00005031	1	1	1	0	1.0	1.0	1.0	0	1	0	0.0
GC_00005032	1	1	1	0	1.0	1.0	1.0	0	1	0	0.0
GC_00005033	1	1	1	0	1.0	1.0	1.0	0	1	0	0.0
GC_00005034	1	1	1	0	1.0	1.0	1.0	0	1	0	0.0
GC_00005035	1	1	1	0	1.0	1.0	1.0	0	1	0	0.0
GC_00005036	1	1	1	0	1.0	1.0	1.0	0	1	0	0.0
GC_00005037	1	1	1	0	1.0	1.0	1.0	0	1	0	0.0
GC_00005038	1	1	1	0	1.0	1.0	1.0	0	1	0	0.0
GC_00005039	1	1	1	0	1.0	1.0	1.0	0	1	0	0.0
GC_00005040	1	1	1	0	1.0	1.0	1.0	0	1	0	0.0
GC_00005041	1	1	1	0	1.0	1.0	1.0	0	1	0	0.0
GC_00005042	1	1	1	0	1.0	1.0	1.0	0	1	0	0.0
GC_00005043	1	1	1	0	1.0	1.0	1.0	0	1	0	0.0
GC_00005044	1	1	1	0	1.0	1.0	1.0	0	1	0	0.0
GC_00005045	1	1	1	0	1.0	1.0	1.0	0	1	0	0.0
GC_00005046	1	1	1	0	1.0	1.0	1.0	0	1	0	0.0
GC_00005047	1	1	1	0	1.0	1.0	1.0	0	1	0	0.0
GC_00005048	1	1	1	0	1.0	1.0	1.0	0	1	0	0.0
GC_00005049	1	1	1	0	1.0	1.0	1.0	0	1	0	0.0
GC_00005050	1	1	1	0	1.0	1.0	1.0	0	1	0	0.0
GC_00005051	1	1	1	0	1.0	1.0	1.0	0	1	0	0.0
GC_00005052	1	1	1	0	1.0	1.0	1.0	0	1	0	0.0
GC_00005053	1	1	1	0	1.0	1.0	1.0	1	0	0	1.0
GC_00005054	1	1	1	0	1.0	1.0	1.0	0	1	0	0.0
GC_00005055	1	1	1	0	1.0	1.0	1.0	0	1	0	0.0
GC_00005056	1	1	1	0	1.0	1.0	1.0	0	1	0	0.0
GC_00005057	1	1	1	0	1.0	1.0	1.0	0	1	0	0.0
GC_00005058	1	1	1	0	1.0	1.0	1.0	0	1	0	0.0
GC_00005059	1	1	1	0	1.0	1.0	1.0	0	1	0	0.0
GC_00005060	1	1	1	0	1.0	1.0	1.0	0	1	0	0.0
GC_00005061	1	1	1	0	1.0	1.0	1.0	0	1	0	0.0
GC_00005062	1	1	1	0	1.0	1.0	1.0	0	1	0	0.0
GC_00005063	1	1	1	0	1.0	1.0	1.0	0	1	0	0.0
GC_00005064	1	1	1	0	1.0	1.0	1.0	0	1	0	0.0
GC_00005065	1	1	1	0	1.0	1.0	1.0	0	1	0	0.0
GC_00005066	1	1	1	0	1.0	1.0	1.0	0	1	0	0.0
GC_00005067	1	1	1	0	1.0	1.0	1.0	0	1	0	0.0
GC_00005068	1	1	1	0	1.0	1.0	1.0	0	1	0	0.0
GC_00005069	1	1	1	0	1.0	1.0	1.0	0	1	0	0.0
GC_00005070	1	1	1	0	1.0	1.0	1.0	0	1	0	0.0
GC_00005071	1	1	1	0	1.0	1.0	1.0	0	1	0	0.0
GC_00005072	1	1	1	0	1.0	1.0	1.0	0	1	0	0.0
GC_00005073	1	1	1	0	1.0	1.0	1.0	0	1	0	0.0
GC_00005074	1	1	1	0	1.0	1.0	1.0	0	1	0	0.0
GC_00005075	1	1	1	0	1.0	1.0	1.0	0	1	0	0.0
GC_00005076	1	1	1	0	1.0	1.0	1.0	0	1	0	0.0
GC_00005077	1	1	1	0	1.0	1.0	1.0	0	1	0	0.0
GC_00005078	1	1	1	0	1.0	1.0	1.0	0	1	0	0.0
GC_00005079	1	1	1	0	1.0	1.0	1.0	0	1	0	0.0
GC_00005080	1	1	1	0	1.0	1.0	1.0	0	1	0	0.0
GC_00005081	1	1	1	0	1.0	1.0	1.0	0	1	0	0.0
GC_00005082	1	1	1	0	1.0	1.0	1.0	0	1	0	0.0
GC_00005083	1	1	1	0	1.0	1.0	1.0	0	1	0	0.0
GC_00005084	1	1	1	0	1.0	1.0	1.0	0	1	0	0.0
GC_00005085	1	1	1	0	1.0	1.0	1.0	0	1	0	0.0
GC_00005086	1	1	1	0	1.0	1.0	1.0	0	1	0	0.0
GC_00005087	1	1	1	0	1.0	1.0	1.0	0	1	0	0.0
GC_00005088	1	1	1	0	1.0	1.0	1.0	0	1	0	0.0
GC_00005089	1	1	1	0	1.0	1.0	1.0	0	1	0	0.0
GC_00005090	1	1	1	0	1.0	1.0	1.0	0	1	0	0.0
GC_00005091	1	1	1	0	1.0	1.0	1.0	0	1	0	0.0
GC_00005092	1	1	1	0	1.0	1.0	1.0	1	0	0	1.0
GC_00005093	1	1	1	0	1.0	1.0	1.0	0	1	0	0.0
GC_00005094	1	1	1	0	1.0	1.0	1.0	0	1	0	0.0
GC_00005095	1	1	1	0	1.0	1.0	1.0	0	1	0	0.0
GC_00005096	1	1	1	0	1.0	1.0	1.0	0	1	0	0.0
GC_00005097	1	1	1	0	1.0	1.0	1.0	0	1	0	0.0
GC_00005098	1	1	1	0	1.0	1.0	1.0	0	1	0	0.0
GC_00005099	1	1	1	0	1.0	1.0	1.0	0	1	0	0.0
GC_00005100	1	1	1	0	1.0	1.0	1.0	0	1	0	0.0
GC_00005101	1	1	1	0	1.0	1.0	1.0	0	1	0	0.0
GC_00005102	1	1	1	0	1.0	1.0	1.0	0	1	0	0.0
GC_00005103	1	1	1	0	1.0	1.0	1.0	0	1	0	0.0
GC_00005104	1	1	1	0	1.0	1.0	1.0	0	1	0	0.0
GC_00005105	1	1	1	0	1.0	1.0	1.0	0	1	0	0.0
GC_00005106	1	1	1	0	1.0	1.0	1.0	0	1	0	0.0
GC_00005107	1	1	1	0	1.0	1.0	1.0	0	1	0	0.0
GC_00005108	1	1	1	0	1.0	1.0	1.0	0	1	0	0.0
GC_00005109	1	1	1	0	1.0	1.0	1.0	0	1	0	0.0
GC_00005110	1	1	1	0	1.0	1.0	1.0	0	1	0	0.0
GC_00005111	1	1	1	0	1.0	1.0	1.0	0	1	0	0.0
GC_00005112	1	1	1	0	1.0	1.0	1.0	0	1	0	0.0
GC_00005113	1	1	1	0	1.0	1.0	1.0	0	1	0	0.0
GC_00005114	1	1	1	0	1.0	1.0	1.0	0	1	0	0.0
GC_00005115	1	1	1	0	1.0	1.0	1.0	0	1	0	0.0
GC_00005116	1	1	1	0	1.0	1.0	1.0	0	1	0	0.0
GC_00005117	1	1	1	0	1.0	1.0	1.0	0	1	0	0.0
GC_00005118	1	1	1	0	1.0	1.0	1.0	0	1	0	0.0
GC_00005119	1	1	1	0	1.0	1.0	1.0	0	1	0	0.0
GC_00005120	1	1	1	0	1.0	1.0	1.0	0	1	0	0.0
GC_00005121	1	1	1	0	1.0	1.0	1.0	0	1	0	0.0
GC_00005122	1	1	1	0	1.0	1.0	1.0	0	1	0	0.0
GC_00005123	1	1	1	0	1.0	1.0	1.0	0	1	0	0.0
GC_00005124	1	1	1	0	1.0	1.0	1.0	0	1	0	0.0
GC_00005125	1	1	1	0	1.0	1.0	1.0	0	1	0	0.0
GC_00005126	1	1	1	0	1.0	1.0	1.0	0	1	0	0.0
GC_00005127	1	1	1	0	1.0	1.0	1.0	0	1	0	0.0
GC_00005128	1	1	1	0	1.0	1.0	1.0	0	1	0	0.0
GC_00005129	1	1	1	0	1.0	1.0	1.0	0	1	0	0.0
GC_00005130	1	1	1	0	1.0	1.0	1.0	0	1	0	0.0
GC_00005131	1	1	1	0	1.0	1.0	1.0	0	1	0	0.0
GC_00005132	1	1	1	0	1.0	1.0	1.0	0	1	0	0.0
GC_00005133	1	1	1	0	1.0	1.0	1.0	0	1	0	0.0
GC_00005134	1	1	1	0	1.0	1.0	1.0	0	1	0	0.0
GC_00005135	1	1	1	0	1.0	1.0	1.0	0	1	0	0.0
GC_00005136	1	1	1	0	1.0	1.0	1.0	0	1	0	0.0
GC_00005137	1	1	1	0	1.0	1.0	1.0	0	1	0	0.0
GC_00005138	1	1	1	0	1.0	1.0	1.0	0	1	0	0.0
GC_00005139	1	1	1	0	1.0	1.0	1.0	0	1	0	0.0
GC_00005140	1	1	1	0	1.0	1.0	1.0	0	1	0	0.0
GC_00005141	1	1	1	0	1.0	1.0	1.0	0	1	0	0.0
GC_00005142	1	1	1	0	1.0	1.0	1.0	0	1	0	0.0
GC_00005143	1	1	1	0	1.0	1.0	1.0	0	1	0	0.0
GC_00005144	1	1	1	0	1.0	1.0	1.0	0	1	0	0.0
GC_00005145	1	1	1	0	1.0	1.0	1.0	0	1	0	0.0
GC_00005146	1	1	1	0	1.0	1.0	1.0	0	1	0	0.0
GC_00005147	1	1	1	0	1.0	1.0	1.0	0	1	0	0.0
GC_00005148	1	1	1	0	1.0	1.0	1.0	0	1	0	0.0
GC_00005149	1	1	1	0	1.0	1.0	1.0	0	1	0	0.0
GC_00005150	1	1	1	0	1.0	1.0	1.0	0	1	0	0.0
GC_00005151	1	1	1	0	1.0	1.0	1.0	0	1	0	0.0
GC_00005152	1	1	1	0	1.0	1.0	1.0	0	1	0	0.0
GC_00005153	1	1	1	0	1.0	1.0	1.0	0	1	0	0.0
GC_00005154	1	1	1	0	1.0	1.0	1.0	0	1	0	0.0
GC_00005155	1	1	1	0	1.0	1.0	1.0	0	1	0	0.0
GC_00005156	1	1	1	0	1.0	1.0	1.0	0	1	0	0.0
GC_00005157	1	1	1	0	1.0	1.0	1.0	0	1	0	0.0
GC_00005158	1	1	1	0	1.0	1.0	1.0	0	1	0	0.0
GC_00005159	1	1	1	0	1.0	1.0	1.0	0	1	0	0.0
GC_00005160	1	1	1	0	1.0	1.0	1.0	0	1	0	0.0
GC_00005161	1	1	1	0	1.0	1.0	1.0	0	1	0	0.0
GC_00005162	1	1	1	0	1.0	1.0	1.0	0	1	0	0.0
GC_00005163	1	1	1	0	1.0	1.0	1.0	0	1	0	0.0
GC_00005164	1	1	1	0	1.0	1.0	1.0	0	1	0	0.0
GC_00005165	1	1	1	0	1.0	1.0	1.0	0	1	0	0.0
GC_00005166	1	1	1	0	1.0	1.0	1.0	0	1	0	0.0
GC_00005167	1	1	1	0	1.0	1.0	1.0	0	1	0	0.0
GC_00005168	1	1	1	0	1.0	1.0	1.0	0	1	0	0.0
GC_00005169	1	1	1	0	1.0	1.0	1.0	0	1	0	0.0
GC_00005170	1	1	1	0	1.0	1.0	1.0	0	1	0	0.0
GC_00005171	1	1	1	0	1.0	1.0	1.0	0	1	0	0.0
GC_00005172	1	1	1	0	1.0	1.0	1.0	0	1	0	0.0
GC_00005173	1	1	1	0	1.0	1.0	1.0	0	1	0	0.0
GC_00005174	1	1	1	0	1.0	1.0	1.0	0	1	0	0.0
GC_00005175	1	1	1	0	1.0	1.0	1.0	0	1	0	0.0
GC_00005176	1	1	1	0	1.0	1.0	1.0	0	1	0	0.0
GC_00005177	1	1	1	0	1.0	1.0	1.0	0	1	0	0.0
GC_00005178	1	1	1	0	1.0	1.0	1.0	0	1	0	0.0
GC_00005179	1	1	1	0	1.0	1.0	1.0	0	1	0	0.0
GC_00005180	1	1	1	0	1.0	1.0	1.0	0	1	0	0.0
GC_00005181	1	1	1	0	1.0	1.0	1.0	0	1	0	0.0
GC_00005182	1	1	1	0	1.0	1.0	1.0	0	1	0	0.0
GC_00005183	1	1	1	0	1.0	1.0	1.0	0	1	0	0.0
GC_00005184	1	1	1	0	1.0	1.0	1.0	0	1	0	0.0
GC_00005185	1	1	1	0	1.0	1.0	1.0	0	1	0	0.0
GC_00005186	1	1	1	0	1.0	1.0	1.0	1	0	0	1.0
GC_00005187	1	1	1	0	1.0	1.0	1.0	0	1	0	0.0
GC_00005188	1	1	1	0	1.0	1.0	1.0	0	1	0	0.0
GC_00005189	1	1	1	0	1.0	1.0	1.0	0	1	0	0.0
GC_00005190	1	1	1	0	1.0	1.0	1.0	0	1	0	0.0
GC_00005191	1	1	1	0	1.0	1.0	1.0	0	1	0	0.0
GC_00005192	1	1	1	0	1.0	1.0	1.0	0	1	0	0.0
GC_00005193	1	1	1	0	1.0	1.0	1.0	0	1	0	0.0
GC_00005194	1	1	1	0	1.0	1.0	1.0	0	1	0	0.0
GC_00005195	1	1	1	0	1.0	1.0	1.0	0	1	0	0.0
GC_00005196	1	1	1	0	1.0	1.0	1.0	0	1	0	0.0
GC_00005197	1	1	1	0	1.0	1.0	1.0	0	1	0	0.0
GC_00005198	1	1	1	0	1.0	1.0	1.0	0	1	0	0.0
GC_00005199	1	1	1	0	1.0	1.0	1.0	0	1	0	0.0
GC_00005200	1	1	1	0	1.0	1.0	1.0	0	1	0	0.0
GC_00005201	1	1	1	0	1.0	1.0	1.0	0	1	0	0.0
GC_00005202	1	1	1	0	1.0	1.0	1.0	0	1	0	0.0
GC_00005203	1	1	1	0	1.0	1.0	1.0	0	1	0	0.0
GC_00005204	1	1	1	0	1.0	1.0	1.0	0	1	0	0.0
GC_00005205	1	1	1	0	1.0	1.0	1.0	0	1	0	0.0
GC_00005206	1	1	1	0	1.0	1.0	1.0	0	1	0	0.0
GC_00005207	1	1	1	0	1.0	1.0	1.0	0	1	0	0.0
GC_00005208	1	1	1	0	1.0	1.0	1.0	0	1	0	0.0
GC_00005209	1	1	1	0	1.0	1.0	1.0	0	1	0	0.0
GC_00005210	1	1	1	0	1.0	1.0	1.0	0	1	0	0.0
GC_00005211	1	1	1	0	1.0	1.0	1.0	0	1	0	0.0
GC_00005212	1	1	1	0	1.0	1.0	1.0	0	1	0	0.0
GC_00005213	1	1	1	0	1.0	1.0	1.0	0	1	0	0.0
GC_00005214	1	1	1	0	1.0	1.0	1.0	0	1	0	0.0
GC_00005215	1	1	1	0	1.0	1.0	1.0	0	1	0	0.0
GC_00005216	1	1	1	0	1.0	1.0	1.0	0	1	0	0.0
GC_00005217	1	1	1	0	1.0	1.0	1.0	0	1	0	0.0
GC_00005218	1	1	1	0	1.0	1.0	1.0	0	1	0	0.0
GC_00005219	1	1	1	0	1.0	1.0	1.0	1	0	0	1.0
GC_00005220	1	1	1	0	1.0	1.0	1.0	0	1	0	0.0
GC_00005221	1	1	1	0	1.0	1.0	1.0	0	1	0	0.0
GC_00005222	1	1	1	0	1.0	1.0	1.0	0	1	0	0.0
GC_00005223	1	1	1	0	1.0	1.0	1.0	0	1	0	0.0
GC_00005224	1	1	1	0	1.0	1.0	1.0	0	1	0	0.0
GC_00005225	1	1	1	0	1.0	1.0	1.0	0	1	0	0.0
GC_00005226	1	1	1	0	1.0	1.0	1.0	0	1	0	0.0
GC_00005227	1	1	1	0	1.0	1.0	1.0	0	1	0	0.0
GC_00005228	1	1	1	0	1.0	1.0	1.0	0	1	0	0.0
GC_00005229	1	1	1	0	1.0	1.0	1.0	0	1	0	0.0
GC_00005230	1	1	1	0	1.0	1.0	1.0	0	1	0	0.0
GC_00005231	1	1	1	0	1.0	1.0	1.0	0	1	0	0.0
GC_00005232	1	1	1	0	1.0	1.0	1.0	0	1	0	0.0
GC_00005233	1	1	1	0	1.0	1.0	1.0	0	1	0	0.0
GC_00005234	1	1	1	0	1.0	1.0	1.0	0	1	0	0.0
GC_00005235	1	1	1	0	1.0	1.0	1.0	0	1	0	0.0
GC_00005236	1	1	1	0	1.0	1.0	1.0	0	1	0	0.0
GC_00005237	1	1	1	0	1.0	1.0	1.0	0	1	0	0.0
GC_00005238	1	1	1	0	1.0	1.0	1.0	0	1	0	0.0
GC_00005239	1	1	1	0	1.0	1.0	1.0	0	1	0	0.0
GC_00005240	1	1	1	0	1.0	1.0	1.0	0	1	0	0.0
GC_00005241	1	1	1	0	1.0	1.0	1.0	0	1	0	0.0
GC_00005242	1	1	1	0	1.0	1.0	1.0	1	0	0	1.0
GC_00005243	1	1	1	0	1.0	1.0	1.0	0	1	0	0.0
GC_00005244	1	1	1	0	1.0	1.0	1.0	0	1	0	0.0
GC_00005245	1	1	1	0	1.0	1.0	1.0	0	1	0	0.0
GC_00005246	1	1	1	0	1.0	1.0	1.0	0	1	0	0.0
GC_00005247	1	1	1	0	1.0	1.0	1.0	0	1	0	0.0
GC_00005248	1	1	1	0	1.0	1.0	1.0	0	1	0	0.0
GC_00005249	1	1	1	0	1.0	1.0	1.0	0	1	0	0.0
GC_00005250	1	1	1	0	1.0	1.0	1.0	0	1	0	0.0
GC_00005251	1	1	1	0	1.0	1.0	1.0	0	1	0	0.0
GC_00005252	1	1	1	0	1.0	1.0	1.0	1	0	0	1.0
GC_00005253	1	1	1	0	1.0	1.0	1.0	0	1	0	0.0
GC_00005254	1	1	1	0	1.0	1.0	1.0	0	1	0	0.0
GC_00005255	1	1	1	0	1.0	1.0	1.0	0	1	0	0.0
GC_00005256	1	1	1	0	1.0	1.0	1.0	0	1	0	0.0
GC_00005257	1	1	1	0	1.0	1.0	1.0	0	1	0	0.0
GC_00005258	1	1	1	0	1.0	1.0	1.0	0	1	0	0.0
GC_00005259	1	1	1	0	1.0	1.0	1.0	0	1	0	0.0
GC_00005260	1	1	1	0	1.0	1.0	1.0	0	1	0	0.0
GC_00005261	1	1	1	0	1.0	1.0	1.0	0	1	0	0.0
GC_00005262	1	1	1	0	1.0	1.0	1.0	0	1	0	0.0
GC_00005263	1	1	1	0	1.0	1.0	1.0	0	1	0	0.0
GC_00005264	1	1	1	0	1.0	1.0	1.0	0	1	0	0.0
GC_00005265	1	1	1	0	1.0	1.0	1.0	0	1	0	0.0
GC_00005266	1	1	1	0	1.0	1.0	1.0	0	1	0	0.0
GC_00005267	1	1	1	0	1.0	1.0	1.0	0	1	0	0.0
GC_00005268	1	1	1	0	1.0	1.0	1.0	0	1	0	0.0
GC_00005269	1	1	1	0	1.0	1.0	1.0	0	1	0	0.0
GC_00005270	1	1	1	0	1.0	1.0	1.0	0	1	0	0.0
GC_00005271	1	1	1	0	1.0	1.0	1.0	0	1	0	0.0
GC_00005272	1	1	1	0	1.0	1.0	1.0	0	1	0	0.0
GC_00005273	1	1	1	0	1.0	1.0	1.0	0	1	0	0.0
GC_00005274	1	1	1	0	1.0	1.0	1.0	0	1	0	0.0
GC_00005275	1	1	1	0	1.0	1.0	1.0	0	1	0	0.0
GC_00005276	1	1	1	0	1.0	1.0	1.0	0	1	0	0.0
GC_00005277	1	1	1	0	1.0	1.0	1.0	0	1	0	0.0
GC_00005278	1	1	1	0	1.0	1.0	1.0	0	1	0	0.0
GC_00005279	1	1	1	0	1.0	1.0	1.0	0	1	0	0.0
GC_00005280	1	1	1	0	1.0	1.0	1.0	0	1	0	0.0
GC_00005281	1	1	1	0	1.0	1.0	1.0	0	1	0	0.0
GC_00005282	1	1	1	0	1.0	1.0	1.0	0	1	0	0.0
GC_00005283	1	1	1	0	1.0	1.0	1.0	0	1	0	0.0
GC_00005284	1	1	1	0	1.0	1.0	1.0	0	1	0	0.0
GC_00005285	1	1	1	0	1.0	1.0	1.0	0	1	0	0.0
GC_00005286	1	1	1	0	1.0	1.0	1.0	0	1	0	0.0
GC_00005287	1	1	1	0	1.0	1.0	1.0	0	1	0	0.0
GC_00005288	1	1	1	0	1.0	1.0	1.0	0	1	0	0.0
GC_00005289	1	1	1	0	1.0	1.0	1.0	0	1	0	0.0
GC_00005290	1	1	1	0	1.0	1.0	1.0	0	1	0	0.0
GC_00005291	1	1	1	0	1.0	1.0	1.0	0	1	0	0.0
GC_00005292	1	1	1	0	1.0	1.0	1.0	0	1	0	0.0
GC_00005293	1	1	1	0	1.0	1.0	1.0	0	1	0	0.0
GC_00005294	1	1	1	0	1.0	1.0	1.0	0	1	0	0.0
GC_00005295	1	1	1	0	1.0	1.0	1.0	0	1	0	0.0
GC_00005296	1	1	1	0	1.0	1.0	1.0	1	0	0	1.0
GC_00005297	1	1	1	0	1.0	1.0	1.0	0	1	0	0.0
GC_00005298	1	1	1	0	1.0	1.0	1.0	0	1	0	0.0
GC_00005299	1	1	1	0	1.0	1.0	1.0	0	1	0	0.0
GC_00005300	1	1	1	0	1.0	1.0	1.0	0	1	0	0.0
GC_00005301	1	1	1	0	1.0	1.0	1.0	0	1	0	0.0
GC_00005302	1	1	1	0	1.0	1.0	1.0	0	1	0	0.0
GC_00005303	1	1	1	0	1.0	1.0	1.0	0	1	0	0.0
GC_00005304	1	1	1	0	1.0	1.0	1.0	0	1	0	0.0
GC_00005305	1	1	1	0	1.0	1.0	1.0	0	1	0	0.0
GC_00005306	1	1	1	0	1.0	1.0	1.0	0	1	0	0.0
GC_00005307	1	1	1	0	1.0	1.0	1.0	0	1	0	0.0
GC_00005308	1	1	1	0	1.0	1.0	1.0	0	1	0	0.0
GC_00005309	1	1	1	0	1.0	1.0	1.0	0	1	0	0.0
GC_00005310	1	1	1	0	1.0	1.0	1.0	0	1	0	0.0
GC_00005311	1	1	1	0	1.0	1.0	1.0	0	1	0	0.0
GC_00005312	1	1	1	0	1.0	1.0	1.0	0	1	0	0.0
GC_00005313	1	1	1	0	1.0	1.0	1.0	0	1	0	0.0
GC_00005314	1	1	1	0	1.0	1.0	1.0	0	1	0	0.0
GC_00005315	1	1	1	0	1.0	1.0	1.0	0	1	0	0.0
GC_00005316	1	1	1	0	1.0	1.0	1.0	0	1	0	0.0
GC_00005317	1	1	1	0	1.0	1.0	1.0	0	1	0	0.0
GC_00005318	1	1	1	0	1.0	1.0	1.0	0	1	0	0.0
GC_00005319	1	1	1	0	1.0	1.0	1.0	0	1	0	0.0
GC_00005320	1	1	1	0	1.0	1.0	1.0	0	1	0	0.0
GC_00005321	1	1	1	0	1.0	1.0	1.0	0	1	0	0.0
GC_00005322	1	1	1	0	1.0	1.0	1.0	0	1	0	0.0
GC_00005323	1	1	1	0	1.0	1.0	1.0	0	1	0	0.0
GC_00005324	1	1	1	0	1.0	1.0	1.0	0	1	0	0.0
GC_00005325	1	1	1	0	1.0	1.0	1.0	0	1	0	0.0
GC_00005326	1	1	1	0	1.0	1.0	1.0	0	1	0	0.0
GC_00005327	1	1	1	0	1.0	1.0	1.0	0	1	0	0.0
GC_00005328	1	1	1	0	1.0	1.0	1.0	0	1	0	0.0
GC_00005329	1	1	1	0	1.0	1.0	1.0	0	1	0	0.0
GC_00005330	1	1	1	0	1.0	1.0	1.0	0	1	0	0.0
GC_00005331	1	1	1	0	1.0	1.0	1.0	0	1	0	0.0
GC_00005332	1	1	1	0	1.0	1.0	1.0	0	1	0	0.0
GC_00005333	1	1	1	0	1.0	1.0	1.0	0	1	0	0.0
GC_00005334	1	1	1	0	1.0	1.0	1.0	0	1	0	0.0
GC_00005335	1	1	1	0	1.0	1.0	1.0	0	1	0	0.0
GC_00005336	1	1	1	0	1.0	1.0	1.0	0	1	0	0.0
GC_00005337	1	1	1	0	1.0	1.0	1.0	0	1	0	0.0
GC_00005338	1	1	1	0	1.0	1.0	1.0	0	1	0	0.0
GC_00005339	1	1	1	0	1.0	1.0	1.0	0	1	0	0.0
GC_00005340	1	1	1	0	1.0	1.0	1.0	0	1	0	0.0
GC_00005341	1	1	1	0	1.0	1.0	1.0	0	1	0	0.0
GC_00005342	1	1	1	0	1.0	1.0	1.0	0	1	0	0.0
GC_00005343	1	1	1	0	1.0	1.0	1.0	0	1	0	0.0
GC_00005344	1	1	1	0	1.0	1.0	1.0	0	1	0	0.0
GC_00005345	1	1	1	0	1.0	1.0	1.0	0	1	0	0.0
GC_00005346	1	1	1	0	1.0	1.0	1.0	0	1	0	0.0
GC_00005347	1	1	1	0	1.0	1.0	1.0	0	1	0	0.0
GC_00005348	1	1	1	0	1.0	1.0	1.0	0	1	0	0.0
GC_00005349	1	1	1	0	1.0	1.0	1.0	0	1	0	0.0
GC_00005350	1	1	1	0	1.0	1.0	1.0	0	1	0	0.0
GC_00005351	1	1	1	0	1.0	1.0	1.0	0	1	0	0.0
GC_00005352	1	1	1	0	1.0	1.0	1.0	0	1	0	0.0
GC_00005353	1	1	1	0	1.0	1.0	1.0	0	1	0	0.0
GC_00005354	1	1	1	0	1.0	1.0	1.0	0	1	0	0.0
GC_00005355	1	1	1	0	1.0	1.0	1.0	0	1	0	0.0
GC_00005356	1	1	1	0	1.0	1.0	1.0	0	1	0	0.0
GC_00005357	1	1	1	0	1.0	1.0	1.0	0	1	0	0.0
GC_00005358	1	1	1	0	1.0	1.0	1.0	0	1	0	0.0
GC_00005359	1	1	1	0	1.0	1.0	1.0	0	1	0	0.0
GC_00005360	1	1	1	0	1.0	1.0	1.0	0	1	0	0.0
GC_00005361	1	1	1	0	1.0	1.0	1.0	0	1	0	0.0
GC_00005362	1	1	1	0	1.0	1.0	1.0	0	1	0	0.0
GC_00005363	1	1	1	0	1.0	1.0	1.0	0	1	0	0.0
GC_00005364	1	1	1	0	1.0	1.0	1.0	0	1	0	0.0
GC_00005365	1	1	1	0	1.0	1.0	1.0	0	1	0	0.0
GC_00005366	1	1	1	0	1.0	1.0	1.0	0	1	0	0.0
GC_00005367	1	1	1	0	1.0	1.0	1.0	0	1	0	0.0
GC_00005368	1	1	1	0	1.0	1.0	1.0	0	1	0	0.0
GC_00005369	1	1	1	0	1.0	1.0	1.0	0	1	0	0.0
GC_00005370	1	1	1	0	1.0	1.0	1.0	0	1	0	0.0
GC_00005371	1	1	1	0	1.0	1.0	1.0	0	1	0	0.0
GC_00005372	1	1	1	0	1.0	1.0	1.0	1	0	0	1.0
GC_00005373	1	1	1	0	1.0	1.0	1.0	0	1	0	0.0
GC_00005374	1	1	1	0	1.0	1.0	1.0	0	1	0	0.0
GC_00005375	1	1	1	0	1.0	1.0	1.0	0	1	0	0.0
GC_00005376	1	1	1	0	1.0	1.0	1.0	0	1	0	0.0
GC_00005377	1	1	1	0	1.0	1.0	1.0	0	1	0	0.0
GC_00005378	1	1	1	0	1.0	1.0	1.0	0	1	0	0.0
GC_00005379	1	1	1	0	1.0	1.0	1.0	1	0	0	1.0
GC_00005380	1	1	1	0	1.0	1.0	1.0	0	1	0	0.0
GC_00005381	1	1	1	0	1.0	1.0	1.0	0	1	0	0.0
GC_00005382	1	1	1	0	1.0	1.0	1.0	0	1	0	0.0
GC_00005383	1	1	1	0	1.0	1.0	1.0	0	1	0	0.0
GC_00005384	1	1	1	0	1.0	1.0	1.0	0	1	0	0.0
GC_00005385	1	1	1	0	1.0	1.0	1.0	0	1	0	0.0
GC_00005386	1	1	1	0	1.0	1.0	1.0	0	1	0	0.0
GC_00005387	1	1	1	0	1.0	1.0	1.0	0	1	0	0.0
GC_00005388	1	1	1	0	1.0	1.0	1.0	0	1	0	0.0
GC_00005389	1	1	1	0	1.0	1.0	1.0	0	1	0	0.0
GC_00005390	1	1	1	0	1.0	1.0	1.0	0	1	0	0.0
GC_00005391	1	1	1	0	1.0	1.0	1.0	0	1	0	0.0
GC_00005392	1	1	1	0	1.0	1.0	1.0	0	1	0	0.0
GC_00005393	1	1	1	0	1.0	1.0	1.0	0	1	0	0.0
GC_00005394	1	1	1	0	1.0	1.0	1.0	0	1	0	0.0
GC_00005395	1	1	1	0	1.0	1.0	1.0	0	1	0	0.0
GC_00005396	1	1	1	0	1.0	1.0	1.0	0	1	0	0.0
GC_00005397	1	1	1	0	1.0	1.0	1.0	1	0	0	1.0
GC_00005398	1	1	1	0	1.0	1.0	1.0	0	1	0	0.0
GC_00005399	1	1	1	0	1.0	1.0	1.0	0	1	0	0.0
GC_00005400	1	1	1	0	1.0	1.0	1.0	0	1	0	0.0
GC_00005401	1	1	1	0	1.0	1.0	1.0	0	1	0	0.0
GC_00005402	1	1	1	0	1.0	1.0	1.0	0	1	0	0.0
GC_00005403	1	1	1	0	1.0	1.0	1.0	0	1	0	0.0
GC_00005404	1	1	1	0	1.0	1.0	1.0	0	1	0	0.0
GC_00005405	1	1	1	0	1.0	1.0	1.0	0	1	0	0.0
GC_00005406	1	1	1	0	1.0	1.0	1.0	0	1	0	0.0
GC_00005407	1	1	1	0	1.0	1.0	1.0	0	1	0	0.0
GC_00005408	1	1	1	0	1.0	1.0	1.0	0	1	0	0.0
GC_00005409	1	1	1	0	1.0	1.0	1.0	0	1	0	0.0
GC_00005410	1	1	1	0	1.0	1.0	1.0	0	1	0	0.0
GC_00005411	1	1	1	0	1.0	1.0	1.0	0	1	0	0.0
GC_00005412	1	1	1	0	1.0	1.0	1.0	0	1	0	0.0
GC_00005413	1	1	1	0	1.0	1.0	1.0	0	1	0	0.0
GC_00005414	1	1	1	0	1.0	1.0	1.0	0	1	0	0.0
GC_00005415	1	1	1	0	1.0	1.0	1.0	0	1	0	0.0
GC_00005416	1	1	1	0	1.0	1.0	1.0	0	1	0	0.0
GC_00005417	1	1	1	0	1.0	1.0	1.0	1	0	0	1.0
GC_00005418	1	1	1	0	1.0	1.0	1.0	0	1	0	0.0
GC_00005419	1	1	1	0	1.0	1.0	1.0	0	1	0	0.0
GC_00005420	1	1	1	0	1.0	1.0	1.0	0	1	0	0.0
GC_00005421	1	1	1	0	1.0	1.0	1.0	0	1	0	0.0
GC_00005422	1	1	1	0	1.0	1.0	1.0	0	1	0	0.0
GC_00005423	1	1	1	0	1.0	1.0	1.0	0	1	0	0.0
GC_00005424	1	1	1	0	1.0	1.0	1.0	0	1	0	0.0
GC_00005425	1	1	1	0	1.0	1.0	1.0	0	1	0	0.0
GC_00005426	1	1	1	0	1.0	1.0	1.0	0	1	0	0.0
GC_00005427	1	1	1	0	1.0	1.0	1.0	0	1	0	0.0
GC_00005428	1	1	1	0	1.0	1.0	1.0	0	1	0	0.0
GC_00005429	1	1	1	0	1.0	1.0	1.0	0	1	0	0.0
GC_00005430	1	1	1	0	1.0	1.0	1.0	0	1	0	0.0
GC_00005431	1	1	1	0	1.0	1.0	1.0	0	1	0	0.0
GC_00005432	1	1	1	0	1.0	1.0	1.0	0	1	0	0.0
GC_00005433	1	1	1	0	1.0	1.0	1.0	0	1	0	0.0
GC_00005434	1	1	1	0	1.0	1.0	1.0	0	1	0	0.0
GC_00005435	1	1	1	0	1.0	1.0	1.0	0	1	0	0.0
GC_00005436	1	1	1	0	1.0	1.0	1.0	0	1	0	0.0
GC_00005437	1	1	1	0	1.0	1.0	1.0	0	1	0	0.0
GC_00005438	1	1	1	0	1.0	1.0	1.0	0	1	0	0.0
GC_00005439	1	1	1	0	1.0	1.0	1.0	0	1	0	0.0
GC_00005440	1	1	1	0	1.0	1.0	1.0	0	1	0	0.0
GC_00005441	1	1	1	0	1.0	1.0	1.0	0	1	0	0.0
GC_00005442	1	1	1	0	1.0	1.0	1.0	0	1	0	0.0
GC_00005443	1	1	1	0	1.0	1.0	1.0	0	1	0	0.0
GC_00005444	1	1	1	0	1.0	1.0	1.0	0	1	0	0.0
GC_00005445	1	1	1	0	1.0	1.0	1.0	0	1	0	0.0
GC_00005446	1	1	1	0	1.0	1.0	1.0	0	1	0	0.0
GC_00005447	1	1	1	0	1.0	1.0	1.0	0	1	0	0.0
GC_00005448	1	1	1	0	1.0	1.0	1.0	0	1	0	0.0
GC_00005449	1	1	1	0	1.0	1.0	1.0	0	1	0	0.0
GC_00005450	1	1	1	0	1.0	1.0	1.0	0	1	0	0.0
GC_00005451	1	1	1	0	1.0	1.0	1.0	0	1	0	0.0
GC_00005452	1	1	1	0	1.0	1.0	1.0	0	1	0	0.0
GC_00005453	1	1	1	0	1.0	1.0	1.0	0	1	0	0.0
GC_00005454	1	1	1	0	1.0	1.0	1.0	0	1	0	0.0
GC_00005455	1	1	1	0	1.0	1.0	1.0	0	1	0	0.0
GC_00005456	1	1	1	0	1.0	1.0	1.0	0	1	0	0.0
GC_00005457	1	1	1	0	1.0	1.0	1.0	0	1	0	0.0
GC_00005458	1	1	1	0	1.0	1.0	1.0	0	1	0	0.0
GC_00005459	1	1	1	0	1.0	1.0	1.0	0	1	0	0.0
GC_00005460	1	1	1	0	1.0	1.0	1.0	0	1	0	0.0
GC_00005461	1	1	1	0	1.0	1.0	1.0	0	1	0	0.0
GC_00005462	1	1	1	0	1.0	1.0	1.0	0	1	0	0.0
GC_00005463	1	1	1	0	1.0	1.0	1.0	0	1	0	0.0
GC_00005464	1	1	1	0	1.0	1.0	1.0	0	1	0	0.0
GC_00005465	1	1	1	0	1.0	1.0	1.0	0	1	0	0.0
GC_00005466	1	1	1	0	1.0	1.0	1.0	0	1	0	0.0
GC_00005467	1	1	1	0	1.0	1.0	1.0	0	1	0	0.0
GC_00005468	1	1	1	0	1.0	1.0	1.0	0	1	0	0.0
GC_00005469	1	1	1	0	1.0	1.0	1.0	0	1	0	0.0
GC_00005470	1	1	1	0	1.0	1.0	1.0	0	1	0	0.0
GC_00005471	1	1	1	0	1.0	1.0	1.0	0	1	0	0.0
GC_00005472	1	1	1	0	1.0	1.0	1.0	0	1	0	0.0
GC_00005473	1	1	1	0	1.0	1.0	1.0	0	1	0	0.0
GC_00005474	1	1	1	0	1.0	1.0	1.0	0	1	0	0.0
GC_00005475	1	1	1	0	1.0	1.0	1.0	0	1	0	0.0
GC_00005476	1	1	1	0	1.0	1.0	1.0	0	1	0	0.0
GC_00005477	1	1	1	0	1.0	1.0	1.0	0	1	0	0.0
GC_00005478	1	1	1	0	1.0	1.0	1.0	0	1	0	0.0
GC_00005479	1	1	1	0	1.0	1.0	1.0	0	1	0	0.0
GC_00005480	1	1	1	0	1.0	1.0	1.0	0	1	0	0.0
GC_00005481	1	1	1	0	1.0	1.0	1.0	0	1	0	0.0
GC_00005482	1	1	1	0	1.0	1.0	1.0	0	1	0	0.0
GC_00005483	1	1	1	0	1.0	1.0	1.0	0	1	0	0.0
GC_00005484	1	1	1	0	1.0	1.0	1.0	0	1	0	0.0
GC_00005485	1	1	1	0	1.0	1.0	1.0	0	1	0	0.0
GC_00005486	1	1	1	0	1.0	1.0	1.0	0	1	0	0.0
GC_00005487	1	1	1	0	1.0	1.0	1.0	0	1	0	0.0
GC_00005488	1	1	1	0	1.0	1.0	1.0	0	1	0	0.0
GC_00005489	1	1	1	0	1.0	1.0	1.0	0	1	0	0.0
GC_00005490	1	1	1	0	1.0	1.0	1.0	0	1	0	0.0
GC_00005491	1	1	1	0	1.0	1.0	1.0	0	1	0	0.0
GC_00005492	1	1	1	0	1.0	1.0	1.0	0	1	0	0.0
GC_00005493	1	1	1	0	1.0	1.0	1.0	0	1	0	0.0
GC_00005494	1	1	1	0	1.0	1.0	1.0	0	1	0	0.0
GC_00005495	1	1	1	0	1.0	1.0	1.0	0	1	0	0.0
GC_00005496	1	1	1	0	1.0	1.0	1.0	0	1	0	0.0
GC_00005497	1	1	1	0	1.0	1.0	1.0	0	1	0	0.0
GC_00005498	1	1	1	0	1.0	1.0	1.0	0	1	0	0.0
GC_00005499	1	1	1	0	1.0	1.0	1.0	1	0	0	1.0
GC_00005500	1	1	1	0	1.0	1.0	1.0	0	1	0	0.0
GC_00005501	1	1	1	0	1.0	1.0	1.0	0	1	0	0.0
GC_00005502	1	1	1	0	1.0	1.0	1.0	0	1	0	0.0
GC_00005503	1	1	1	0	1.0	1.0	1.0	0	1	0	0.0
GC_00005504	1	1	1	0	1.0	1.0	1.0	0	1	0	0.0
GC_00005505	1	1	1	0	1.0	1.0	1.0	0	1	0	0.0
GC_00005506	1	1	1	0	1.0	1.0	1.0	0	1	0	0.0
GC_00005507	1	1	1	0	1.0	1.0	1.0	1	0	0	1.0
GC_00005508	1	1	1	0	1.0	1.0	1.0	0	1	0	0.0
GC_00005509	1	1	1	0	1.0	1.0	1.0	0	1	0	0.0
GC_00005510	1	1	1	0	1.0	1.0	1.0	0	1	0	0.0
GC_00005511	1	1	1	0	1.0	1.0	1.0	0	1	0	0.0
GC_00005512	1	1	1	0	1.0	1.0	1.0	0	1	0	0.0
GC_00005513	1	1	1	0	1.0	1.0	1.0	0	1	0	0.0
GC_00005514	1	1	1	0	1.0	1.0	1.0	0	1	0	0.0
GC_00005515	1	1	1	0	1.0	1.0	1.0	0	1	0	0.0
GC_00005516	1	1	1	0	1.0	1.0	1.0	0	1	0	0.0
GC_00005517	1	1	1	0	1.0	1.0	1.0	0	1	0	0.0
GC_00005518	1	1	1	0	1.0	1.0	1.0	0	1	0	0.0
GC_00005519	1	1	1	0	1.0	1.0	1.0	0	1	0	0.0
GC_00005520	1	1	1	0	1.0	1.0	1.0	0	1	0	0.0
GC_00005521	1	1	1	0	1.0	1.0	1.0	0	1	0	0.0
GC_00005522	1	1	1	0	1.0	1.0	1.0	0	1	0	0.0
GC_00005523	1	1	1	0	1.0	1.0	1.0	0	1	0	0.0
GC_00005524	1	1	1	0	1.0	1.0	1.0	0	1	0	0.0
GC_00005525	1	1	1	0	1.0	1.0	1.0	0	1	0	0.0
GC_00005526	1	1	1	0	1.0	1.0	1.0	0	1	0	0.0
GC_00005527	1	1	1	0	1.0	1.0	1.0	0	1	0	0.0
GC_00005528	1	1	1	0	1.0	1.0	1.0	0	1	0	0.0
GC_00005529	1	1	1	0	1.0	1.0	1.0	0	1	0	0.0
GC_00005530	1	1	1	0	1.0	1.0	1.0	0	1	0	0.0
GC_00005531	1	1	1	0	1.0	1.0	1.0	0	1	0	0.0
GC_00005532	1	1	1	0	1.0	1.0	1.0	0	1	0	0.0
GC_00005533	1	1	1	0	1.0	1.0	1.0	0	1	0	0.0
GC_00005534	1	1	1	0	1.0	1.0	1.0	0	1	0	0.0
GC_00005535	1	1	1	0	1.0	1.0	1.0	0	1	0	0.0
GC_00005536	1	1	1	0	1.0	1.0	1.0	0	1	0	0.0
GC_00005537	1	1	1	0	1.0	1.0	1.0	0	1	0	0.0
GC_00005538	1	1	1	0	1.0	1.0	1.0	0	1	0	0.0
GC_00005539	1	1	1	0	1.0	1.0	1.0	0	1	0	0.0
GC_00005540	1	1	1	0	1.0	1.0	1.0	0	1	0	0.0
GC_00005541	1	1	1	0	1.0	1.0	1.0	0	1	0	0.0
GC_00005542	1	1	1	0	1.0	1.0	1.0	0	1	0	0.0
GC_00005543	1	1	1	0	1.0	1.0	1.0	0	1	0	0.0
GC_00005544	1	1	1	0	1.0	1.0	1.0	0	1	0	0.0
GC_00005545	1	1	1	0	1.0	1.0	1.0	0	1	0	0.0
GC_00005546	1	1	1	0	1.0	1.0	1.0	0	1	0	0.0
GC_00005547	1	1	1	0	1.0	1.0	1.0	0	1	0	0.0
GC_00005548	1	1	1	0	1.0	1.0	1.0	0	1	0	0.0
GC_00005549	1	1	1	0	1.0	1.0	1.0	0	1	0	0.0
GC_00005550	1	1	1	0	1.0	1.0	1.0	0	1	0	0.0
GC_00005551	1	1	1	0	1.0	1.0	1.0	0	1	0	0.0
GC_00005552	1	1	1	0	1.0	1.0	1.0	0	1	0	0.0
GC_00005553	1	1	1	0	1.0	1.0	1.0	0	1	0	0.0
GC_00005554	1	1	1	0	1.0	1.0	1.0	0	1	0	0.0
GC_00005555	1	1	1	0	1.0	1.0	1.0	0	1	0	0.0
GC_00005556	1	1	1	0	1.0	1.0	1.0	0	1	0	0.0
GC_00005557	1	1	1	0	1.0	1.0	1.0	0	1	0	0.0
GC_00005558	1	1	1	0	1.0	1.0	1.0	0	1	0	0.0
GC_00005559	1	1	1	0	1.0	1.0	1.0	0	1	0	0.0
GC_00005560	1	1	1	0	1.0	1.0	1.0	0	1	0	0.0
GC_00005561	1	1	1	0	1.0	1.0	1.0	0	1	0	0.0
GC_00005562	1	1	1	0	1.0	1.0	1.0	0	1	0	0.0
GC_00005563	1	1	1	0	1.0	1.0	1.0	0	1	0	0.0
GC_00005564	1	1	1	0	1.0	1.0	1.0	0	1	0	0.0
GC_00005565	1	1	1	0	1.0	1.0	1.0	0	1	0	0.0
GC_00005566	1	1	1	0	1.0	1.0	1.0	0	1	0	0.0
GC_00005567	1	1	1	0	1.0	1.0	1.0	0	1	0	0.0
GC_00005568	1	1	1	0	1.0	1.0	1.0	0	1	0	0.0
GC_00005569	1	1	1	0	1.0	1.0	1.0	0	1	0	0.0
GC_00005570	1	1	1	0	1.0	1.0	1.0	0	1	0	0.0
GC_00005571	1	1	1	0	1.0	1.0	1.0	0	1	0	0.0
GC_00005572	1	1	1	0	1.0	1.0	1.0	0	1	0	0.0
GC_00005573	1	1	1	0	1.0	1.0	1.0	0	1	0	0.0
GC_00005574	1	1	1	0	1.0	1.0	1.0	0	1	0	0.0
GC_00005575	1	1	1	0	1.0	1.0	1.0	0	1	0	0.0
GC_00005576	1	1	1	0	1.0	1.0	1.0	0	1	0	0.0
GC_00005577	1	1	1	0	1.0	1.0	1.0	0	1	0	0.0
GC_00005578	1	1	1	0	1.0	1.0	1.0	0	1	0	0.0
GC_00005579	1	1	1	0	1.0	1.0	1.0	0	1	0	0.0
GC_00005580	1	1	1	0	1.0	1.0	1.0	0	1	0	0.0
GC_00005581	1	1	1	0	1.0	1.0	1.0	0	1	0	0.0
GC_00005582	1	1	1	0	1.0	1.0	1.0	0	1	0	0.0
GC_00005583	1	1	1	0	1.0	1.0	1.0	0	1	0	0.0
GC_00005584	1	1	1	0	1.0	1.0	1.0	0	1	0	0.0
GC_00005585	1	1	1	0	1.0	1.0	1.0	0	1	0	0.0
GC_00005586	1	1	1	0	1.0	1.0	1.0	0	1	0	0.0
GC_00005587	1	1	1	0	1.0	1.0	1.0	0	1	0	0.0
GC_00005588	1	1	1	0	1.0	1.0	1.0	0	1	0	0.0
GC_00005589	1	1	1	0	1.0	1.0	1.0	0	1	0	0.0
GC_00005590	1	1	1	0	1.0	1.0	1.0	0	1	0	0.0
GC_00005591	1	1	1	0	1.0	1.0	1.0	0	1	0	0.0
GC_00005592	1	1	1	0	1.0	1.0	1.0	0	1	0	0.0
GC_00005593	1	1	1	0	1.0	1.0	1.0	0	1	0	0.0
GC_00005594	1	1	1	0	1.0	1.0	1.0	0	1	0	0.0
GC_00005595	1	1	1	0	1.0	1.0	1.0	0	1	0	0.0
GC_00005596	1	1	1	0	1.0	1.0	1.0	0	1	0	0.0
GC_00005597	1	1	1	0	1.0	1.0	1.0	0	1	0	0.0
GC_00005598	1	1	1	0	1.0	1.0	1.0	0	1	0	0.0
GC_00005599	1	1	1	0	1.0	1.0	1.0	0	1	0	0.0
GC_00005600	1	1	1	0	1.0	1.0	1.0	0	1	0	0.0
GC_00005601	1	1	1	0	1.0	1.0	1.0	0	1	0	0.0
GC_00005602	1	1	1	0	1.0	1.0	1.0	0	1	0	0.0
GC_00005603	1	1	1	0	1.0	1.0	1.0	0	1	0	0.0
GC_00005604	1	1	1	0	1.0	1.0	1.0	0	1	0	0.0
GC_00005605	1	1	1	0	1.0	1.0	1.0	0	1	0	0.0
GC_00005606	1	1	1	0	1.0	1.0	1.0	0	1	0	0.0
GC_00005607	1	1	1	0	1.0	1.0	1.0	0	1	0	0.0
GC_00005608	1	1	1	0	1.0	1.0	1.0	0	1	0	0.0
GC_00005609	1	1	1	0	1.0	1.0	1.0	0	1	0	0.0
GC_00005610	1	1	1	0	1.0	1.0	1.0	0	1	0	0.0
GC_00005611	1	1	1	0	1.0	1.0	1.0	0	1	0	0.0
GC_00005612	1	1	1	0	1.0	1.0	1.0	0	1	0	0.0
GC_00005613	1	1	1	0	1.0	1.0	1.0	0	1	0	0.0
GC_00005614	1	1	1	0	1.0	1.0	1.0	0	1	0	0.0
GC_00005615	1	1	1	0	1.0	1.0	1.0	0	1	0	0.0
GC_00005616	1	1	1	0	1.0	1.0	1.0	0	1	0	0.0
GC_00005617	1	1	1	0	1.0	1.0	1.0	0	1	0	0.0
GC_00005618	1	1	1	0	1.0	1.0	1.0	0	1	0	0.0
GC_00005619	1	1	1	0	1.0	1.0	1.0	0	1	0	0.0
GC_00005620	1	1	1	0	1.0	1.0	1.0	0	1	0	0.0
GC_00005621	1	1	1	0	1.0	1.0	1.0	0	1	0	0.0
GC_00005622	1	1	1	0	1.0	1.0	1.0	0	1	0	0.0
GC_00005623	1	1	1	0	1.0	1.0	1.0	0	1	0	0.0
GC_00005624	1	1	1	0	1.0	1.0	1.0	0	1	0	0.0
GC_00005625	1	1	1	0	1.0	1.0	1.0	0	1	0	0.0
GC_00005626	1	1	1	0	1.0	1.0	1.0	0	1	0	0.0
GC_00005627	1	1	1	0	1.0	1.0	1.0	0	1	0	0.0
GC_00005628	1	1	1	0	1.0	1.0	1.0	0	1	0	0.0
GC_00005629	1	1	1	0	1.0	1.0	1.0	0	1	0	0.0
GC_00005630	1	1	1	0	1.0	1.0	1.0	0	1	0	0.0
GC_00005631	1	1	1	0	1.0	1.0	1.0	0	1	0	0.0
GC_00005632	1	1	1	0	1.0	1.0	1.0	0	1	0	0.0
GC_00005633	1	1	1	0	1.0	1.0	1.0	0	1	0	0.0
GC_00005634	1	1	1	0	1.0	1.0	1.0	0	1	0	0.0
GC_00005635	1	1	1	0	1.0	1.0	1.0	0	1	0	0.0
GC_00005636	1	1	1	0	1.0	1.0	1.0	0	1	0	0.0
GC_00005637	1	1	1	0	1.0	1.0	1.0	0	1	0	0.0
GC_00005638	1	1	1	0	1.0	1.0	1.0	0	1	0	0.0
GC_00005639	1	1	1	0	1.0	1.0	1.0	0	1	0	0.0
GC_00005640	1	1	1	0	1.0	1.0	1.0	0	1	0	0.0
GC_00005641	1	1	1	0	1.0	1.0	1.0	0	1	0	0.0
GC_00005642	1	1	1	0	1.0	1.0	1.0	0	1	0	0.0
GC_00005643	1	1	1	0	1.0	1.0	1.0	0	1	0	0.0
GC_00005644	1	1	1	0	1.0	1.0	1.0	0	1	0	0.0
GC_00005645	1	1	1	0	1.0	1.0	1.0	0	1	0	0.0
GC_00005646	1	1	1	0	1.0	1.0	1.0	0	1	0	0.0
GC_00005647	1	1	1	0	1.0	1.0	1.0	0	1	0	0.0
GC_00005648	1	1	1	0	1.0	1.0	1.0	0	1	0	0.0
GC_00005649	1	1	1	0	1.0	1.0	1.0	0	1	0	0.0
GC_00005650	1	1	1	0	1.0	1.0	1.0	0	1	0	0.0
GC_00005651	1	1	1	0	1.0	1.0	1.0	0	1	0	0.0
GC_00005652	1	1	1	0	1.0	1.0	1.0	0	1	0	0.0
GC_00005653	1	1	1	0	1.0	1.0	1.0	0	1	0	0.0
GC_00005654	1	1	1	0	1.0	1.0	1.0	0	1	0	0.0
GC_00005655	1	1	1	0	1.0	1.0	1.0	0	1	0	0.0
GC_00005656	1	1	1	0	1.0	1.0	1.0	0	1	0	0.0
GC_00005657	1	1	1	0	1.0	1.0	1.0	0	1	0	0.0
GC_00005658	1	1	1	0	1.0	1.0	1.0	1	0	0	1.0
GC_00005659	1	1	1	0	1.0	1.0	1.0	0	1	0	0.0
GC_00005660	1	1	1	0	1.0	1.0	1.0	0	1	0	0.0
GC_00005661	1	1	1	0	1.0	1.0	1.0	0	1	0	0.0
GC_00005662	1	1	1	0	1.0	1.0	1.0	0	1	0	0.0
GC_00005663	1	1	1	0	1.0	1.0	1.0	0	1	0	0.0
GC_00005664	1	1	1	0	1.0	1.0	1.0	0	1	0	0.0
GC_00005665	1	1	1	0	1.0	1.0	1.0	0	1	0	0.0
GC_00005666	1	1	1	0	1.0	1.0	1.0	1	0	0	1.0
GC_00005667	1	1	1	0	1.0	1.0	1.0	0	1	0	0.0
GC_00005668	1	1	1	0	1.0	1.0	1.0	0	1	0	0.0
GC_00005669	1	1	1	0	1.0	1.0	1.0	0	1	0	0.0
GC_00005670	1	1	1	0	1.0	1.0	1.0	0	1	0	0.0
GC_00005671	1	1	1	0	1.0	1.0	1.0	0	1	0	0.0
GC_00005672	1	1	1	0	1.0	1.0	1.0	0	1	0	0.0
GC_00005673	1	1	1	0	1.0	1.0	1.0	0	1	0	0.0
GC_00005674	1	1	1	0	1.0	1.0	1.0	0	1	0	0.0
GC_00005675	1	1	1	0	1.0	1.0	1.0	0	1	0	0.0
GC_00005676	1	1	1	0	1.0	1.0	1.0	0	1	0	0.0
GC_00005677	1	1	1	0	1.0	1.0	1.0	1	0	0	1.0
GC_00005678	1	1	1	0	1.0	1.0	1.0	0	1	0	0.0
GC_00005679	1	1	1	0	1.0	1.0	1.0	0	1	0	0.0
GC_00005680	1	1	1	0	1.0	1.0	1.0	0	1	0	0.0
GC_00005681	1	1	1	0	1.0	1.0	1.0	0	1	0	0.0
GC_00005682	1	1	1	0	1.0	1.0	1.0	0	1	0	0.0
GC_00005683	1	1	1	0	1.0	1.0	1.0	0	1	0	0.0
GC_00005684	1	1	1	0	1.0	1.0	1.0	0	1	0	0.0
GC_00005685	1	1	1	0	1.0	1.0	1.0	0	1	0	0.0
GC_00005686	1	1	1	0	1.0	1.0	1.0	0	1	0	0.0
GC_00005687	1	1	1	0	1.0	1.0	1.0	0	1	0	0.0
GC_00005688	1	1	1	0	1.0	1.0	1.0	0	1	0	0.0
GC_00005689	1	1	1	0	1.0	1.0	1.0	0	1	0	0.0
GC_00005690	1	1	1	0	1.0	1.0	1.0	0	1	0	0.0
GC_00005691	1	1	1	0	1.0	1.0	1.0	0	1	0	0.0
GC_00005692	1	1	1	0	1.0	1.0	1.0	1	0	0	1.0
GC_00005693	1	1	1	0	1.0	1.0	1.0	0	1	0	0.0
GC_00005694	1	1	1	0	1.0	1.0	1.0	0	1	0	0.0
GC_00005695	1	1	1	0	1.0	1.0	1.0	0	1	0	0.0
GC_00005696	1	1	1	0	1.0	1.0	1.0	0	1	0	0.0
GC_00005697	1	1	1	0	1.0	1.0	1.0	0	1	0	0.0
GC_00005698	1	1	1	0	1.0	1.0	1.0	0	1	0	0.0
GC_00005699	1	1	1	0	1.0	1.0	1.0	0	1	0	0.0
GC_00005700	1	1	1	0	1.0	1.0	1.0	0	1	0	0.0
GC_00005701	1	1	1	0	1.0	1.0	1.0	0	1	0	0.0
GC_00005702	1	1	1	0	1.0	1.0	1.0	0	1	0	0.0
GC_00005703	1	1	1	0	1.0	1.0	1.0	0	1	0	0.0
GC_00005704	1	1	1	0	1.0	1.0	1.0	0	1	0	0.0
GC_00005705	1	1	1	0	1.0	1.0	1.0	0	1	0	0.0
GC_00005706	1	1	1	0	1.0	1.0	1.0	0	1	0	0.0
GC_00005707	1	1	1	0	1.0	1.0	1.0	0	1	0	0.0
GC_00005708	1	1	1	0	1.0	1.0	1.0	0	1	0	0.0
GC_00005709	1	1	1	0	1.0	1.0	1.0	0	1	0	0.0
GC_00005710	1	1	1	0	1.0	1.0	1.0	0	1	0	0.0
GC_00005711	1	1	1	0	1.0	1.0	1.0	0	1	0	0.0
GC_00005712	1	1	1	0	1.0	1.0	1.0	0	1	0	0.0
GC_00005713	1	1	1	0	1.0	1.0	1.0	0	1	0	0.0
GC_00005714	1	1	1	0	1.0	1.0	1.0	0	1	0	0.0
GC_00005715	1	1	1	0	1.0	1.0	1.0	0	1	0	0.0
GC_00005716	1	1	1	0	1.0	1.0	1.0	0	1	0	0.0
GC_00005717	1	1	1	0	1.0	1.0	1.0	0	1	0	0.0
GC_00005718	1	1	1	0	1.0	1.0	1.0	0	1	0	0.0
GC_00005719	1	1	1	0	1.0	1.0	1.0	0	1	0	0.0
GC_00005720	1	1	1	0	1.0	1.0	1.0	0	1	0	0.0
GC_00005721	1	1	1	0	1.0	1.0	1.0	0	1	0	0.0
GC_00005722	1	1	1	0	1.0	1.0	1.0	0	1	0	0.0
GC_00005723	1	1	1	0	1.0	1.0	1.0	0	1	0	0.0
GC_00005724	1	1	1	0	1.0	1.0	1.0	0	1	0	0.0
GC_00005725	1	1	1	0	1.0	1.0	1.0	0	1	0	0.0
GC_00005726	1	1	1	0	1.0	1.0	1.0	1	0	0	1.0
GC_00005727	1	1	1	0	1.0	1.0	1.0	0	1	0	0.0
GC_00005728	1	1	1	0	1.0	1.0	1.0	0	1	0	0.0
GC_00005729	1	1	1	0	1.0	1.0	1.0	0	1	0	0.0
GC_00005730	1	1	1	0	1.0	1.0	1.0	0	1	0	0.0
GC_00005731	1	1	1	0	1.0	1.0	1.0	1	0	0	1.0
GC_00005732	1	1	1	0	1.0	1.0	1.0	0	1	0	0.0
GC_00005733	1	1	1	0	1.0	1.0	1.0	0	1	0	0.0
GC_00005734	1	1	1	0	1.0	1.0	1.0	0	1	0	0.0
GC_00005735	1	1	1	0	1.0	1.0	1.0	0	1	0	0.0
GC_00005736	1	1	1	0	1.0	1.0	1.0	0	1	0	0.0
GC_00005737	1	1	1	0	1.0	1.0	1.0	1	0	0	1.0
GC_00005738	1	1	1	0	1.0	1.0	1.0	0	1	0	0.0
GC_00005739	1	1	1	0	1.0	1.0	1.0	0	1	0	0.0
GC_00005740	1	1	1	0	1.0	1.0	1.0	0	1	0	0.0
GC_00005741	1	1	1	0	1.0	1.0	1.0	0	1	0	0.0
GC_00005742	1	1	1	0	1.0	1.0	1.0	0	1	0	0.0
GC_00005743	1	1	1	0	1.0	1.0	1.0	0	1	0	0.0
GC_00005744	1	1	1	0	1.0	1.0	1.0	0	1	0	0.0
GC_00005745	1	1	1	0	1.0	1.0	1.0	0	1	0	0.0
GC_00005746	1	1	1	0	1.0	1.0	1.0	0	1	0	0.0
GC_00005747	1	1	1	0	1.0	1.0	1.0	0	1	0	0.0
GC_00005748	1	1	1	0	1.0	1.0	1.0	0	1	0	0.0
GC_00005749	1	1	1	0	1.0	1.0	1.0	0	1	0	0.0
GC_00005750	1	1	1	0	1.0	1.0	1.0	0	1	0	0.0
GC_00005751	1	1	1	0	1.0	1.0	1.0	0	1	0	0.0
GC_00005752	1	1	1	0	1.0	1.0	1.0	0	1	0	0.0
GC_00005753	1	1	1	0	1.0	1.0	1.0	0	1	0	0.0
GC_00005754	1	1	1	0	1.0	1.0	1.0	0	1	0	0.0
GC_00005755	1	1	1	0	1.0	1.0	1.0	0	1	0	0.0
GC_00005756	1	1	1	0	1.0	1.0	1.0	0	1	0	0.0
GC_00005757	1	1	1	0	1.0	1.0	1.0	0	1	0	0.0
GC_00005758	1	1	1	0	1.0	1.0	1.0	0	1	0	0.0
GC_00005759	1	1	1	0	1.0	1.0	1.0	0	1	0	0.0
GC_00005760	1	1	1	0	1.0	1.0	1.0	0	1	0	0.0
GC_00005761	1	1	1	0	1.0	1.0	1.0	0	1	0	0.0
GC_00005762	1	1	1	0	1.0	1.0	1.0	0	1	0	0.0
GC_00005763	1	1	1	0	1.0	1.0	1.0	0	1	0	0.0
GC_00005764	1	1	1	0	1.0	1.0	1.0	0	1	0	0.0
GC_00005765	1	1	1	0	1.0	1.0	1.0	0	1	0	0.0
GC_00005766	1	1	1	0	1.0	1.0	1.0	0	1	0	0.0
GC_00005767	1	1	1	0	1.0	1.0	1.0	0	1	0	0.0
GC_00005768	1	1	1	0	1.0	1.0	1.0	0	1	0	0.0
GC_00005769	1	1	1	0	1.0	1.0	1.0	1	0	0	1.0
GC_00005770	1	1	1	0	1.0	1.0	1.0	0	1	0	0.0
GC_00005771	1	1	1	0	1.0	1.0	1.0	0	1	0	0.0
GC_00005772	1	1	1	0	1.0	1.0	1.0	0	1	0	0.0
GC_00005773	1	1	1	0	1.0	1.0	1.0	0	1	0	0.0
GC_00005774	1	1	1	0	1.0	1.0	1.0	0	1	0	0.0
GC_00005775	1	1	1	0	1.0	1.0	1.0	0	1	0	0.0
GC_00005776	1	1	1	0	1.0	1.0	1.0	0	1	0	0.0
GC_00005777	1	1	1	0	1.0	1.0	1.0	0	1	0	0.0
GC_00005778	1	1	1	0	1.0	1.0	1.0	0	1	0	0.0
GC_00005779	1	1	1	0	1.0	1.0	1.0	0	1	0	0.0
GC_00005780	1	1	1	0	1.0	1.0	1.0	0	1	0	0.0
GC_00005781	1	1	1	0	1.0	1.0	1.0	0	1	0	0.0
GC_00005782	1	1	1	0	1.0	1.0	1.0	0	1	0	0.0
GC_00005783	1	1	1	0	1.0	1.0	1.0	0	1	0	0.0
GC_00005784	1	1	1	0	1.0	1.0	1.0	1	0	0	1.0
GC_00005785	1	1	1	0	1.0	1.0	1.0	0	1	0	0.0
GC_00005786	1	1	1	0	1.0	1.0	1.0	0	1	0	0.0
GC_00005787	1	1	1	0	1.0	1.0	1.0	0	1	0	0.0
GC_00005788	1	1	1	0	1.0	1.0	1.0	0	1	0	0.0
GC_00005789	1	1	1	0	1.0	1.0	1.0	0	1	0	0.0
GC_00005790	1	1	1	0	1.0	1.0	1.0	0	1	0	0.0
GC_00005791	1	1	1	0	1.0	1.0	1.0	0	1	0	0.0
GC_00005792	1	1	1	0	1.0	1.0	1.0	0	1	0	0.0
GC_00005793	1	1	1	0	1.0	1.0	1.0	0	1	0	0.0
GC_00005794	1	1	1	0	1.0	1.0	1.0	0	1	0	0.0
GC_00005795	1	1	1	0	1.0	1.0	1.0	0	1	0	0.0
GC_00005796	1	1	1	0	1.0	1.0	1.0	0	1	0	0.0
GC_00005797	1	1	1	0	1.0	1.0	1.0	0	1	0	0.0
GC_00005798	1	1	1	0	1.0	1.0	1.0	0	1	0	0.0
GC_00005799	1	1	1	0	1.0	1.0	1.0	0	1	0	0.0
GC_00005800	1	1	1	0	1.0	1.0	1.0	0	1	0	0.0
GC_00005801	1	1	1	0	1.0	1.0	1.0	0	1	0	0.0
GC_00005802	1	1	1	0	1.0	1.0	1.0	0	1	0	0.0
GC_00005803	1	1	1	0	1.0	1.0	1.0	0	1	0	0.0
GC_00005804	1	1	1	0	1.0	1.0	1.0	0	1	0	0.0
GC_00005805	1	1	1	0	1.0	1.0	1.0	0	1	0	0.0
GC_00005806	1	1	1	0	1.0	1.0	1.0	0	1	0	0.0
GC_00005807	1	1	1	0	1.0	1.0	1.0	0	1	0	0.0
GC_00005808	1	1	1	0	1.0	1.0	1.0	0	1	0	0.0
GC_00005809	1	1	1	0	1.0	1.0	1.0	0	1	0	0.0
GC_00005810	1	1	1	0	1.0	1.0	1.0	0	1	0	0.0
GC_00005811	1	1	1	0	1.0	1.0	1.0	0	1	0	0.0
GC_00005812	1	1	1	0	1.0	1.0	1.0	0	1	0	0.0
GC_00005813	1	1	1	0	1.0	1.0	1.0	0	1	0	0.0
GC_00005814	1	1	1	0	1.0	1.0	1.0	0	1	0	0.0
GC_00005815	1	1	1	0	1.0	1.0	1.0	0	1	0	0.0
GC_00005816	1	1	1	0	1.0	1.0	1.0	0	1	0	0.0
GC_00005817	1	1	1	0	1.0	1.0	1.0	0	1	0	0.0
GC_00005818	1	1	1	0	1.0	1.0	1.0	1	0	0	1.0
GC_00005819	1	1	1	0	1.0	1.0	1.0	0	1	0	0.0
GC_00005820	1	1	1	0	1.0	1.0	1.0	0	1	0	0.0
GC_00005821	1	1	1	0	1.0	1.0	1.0	0	1	0	0.0
GC_00005822	1	1	1	0	1.0	1.0	1.0	0	1	0	0.0
GC_00005823	1	1	1	0	1.0	1.0	1.0	0	1	0	0.0
GC_00005824	1	1	1	0	1.0	1.0	1.0	0	1	0	0.0
GC_00005825	1	1	1	0	1.0	1.0	1.0	0	1	0	0.0
GC_00005826	1	1	1	0	1.0	1.0	1.0	0	1	0	0.0
GC_00005827	1	1	1	0	1.0	1.0	1.0	0	1	0	0.0
GC_00005828	1	1	1	0	1.0	1.0	1.0	0	1	0	0.0
GC_00005829	1	1	1	0	1.0	1.0	1.0	0	1	0	0.0
GC_00005830	1	1	1	0	1.0	1.0	1.0	0	1	0	0.0
GC_00005831	1	1	1	0	1.0	1.0	1.0	0	1	0	0.0
GC_00005832	1	1	1	0	1.0	1.0	1.0	0	1	0	0.0
GC_00005833	1	1	1	0	1.0	1.0	1.0	0	1	0	0.0
GC_00005834	1	1	1	0	1.0	1.0	1.0	0	1	0	0.0
GC_00005835	1	1	1	0	1.0	1.0	1.0	0	1	0	0.0
GC_00005836	1	1	1	0	1.0	1.0	1.0	1	0	0	1.0
GC_00005837	1	1	1	0	1.0	1.0	1.0	0	1	0	0.0
GC_00005838	1	1	1	0	1.0	1.0	1.0	0	1	0	0.0
GC_00005839	1	1	1	0	1.0	1.0	1.0	0	1	0	0.0
GC_00005840	1	1	1	0	1.0	1.0	1.0	0	1	0	0.0
GC_00005841	1	1	1	0	1.0	1.0	1.0	0	1	0	0.0
GC_00005842	1	1	1	0	1.0	1.0	1.0	0	1	0	0.0
GC_00005843	1	1	1	0	1.0	1.0	1.0	0	1	0	0.0
GC_00005844	1	1	1	0	1.0	1.0	1.0	0	1	0	0.0
GC_00005845	1	1	1	0	1.0	1.0	1.0	0	1	0	0.0
GC_00005846	1	1	1	0	1.0	1.0	1.0	0	1	0	0.0
GC_00005847	1	1	1	0	1.0	1.0	1.0	0	1	0	0.0
GC_00005848	1	1	1	0	1.0	1.0	1.0	0	1	0	0.0
GC_00005849	1	1	1	0	1.0	1.0	1.0	0	1	0	0.0
GC_00005850	1	1	1	0	1.0	1.0	1.0	0	1	0	0.0
GC_00005851	1	1	1	0	1.0	1.0	1.0	0	1	0	0.0
GC_00005852	1	1	1	0	1.0	1.0	1.0	0	1	0	0.0
GC_00005853	1	1	1	0	1.0	1.0	1.0	0	1	0	0.0
GC_00005854	1	1	1	0	1.0	1.0	1.0	0	1	0	0.0
GC_00005855	1	1	1	0	1.0	1.0	1.0	0	1	0	0.0
GC_00005856	1	1	1	0	1.0	1.0	1.0	0	1	0	0.0
GC_00005857	1	1	1	0	1.0	1.0	1.0	0	1	0	0.0
GC_00005858	1	1	1	0	1.0	1.0	1.0	0	1	0	0.0
GC_00005859	1	1	1	0	1.0	1.0	1.0	0	1	0	0.0
GC_00005860	1	1	1	0	1.0	1.0	1.0	0	1	0	0.0
GC_00005861	1	1	1	0	1.0	1.0	1.0	0	1	0	0.0
GC_00005862	1	1	1	0	1.0	1.0	1.0	0	1	0	0.0
GC_00005863	1	1	1	0	1.0	1.0	1.0	0	1	0	0.0
GC_00005864	1	1	1	0	1.0	1.0	1.0	0	1	0	0.0
GC_00005865	1	1	1	0	1.0	1.0	1.0	0	1	0	0.0
GC_00005866	1	1	1	0	1.0	1.0	1.0	0	1	0	0.0
GC_00005867	1	1	1	0	1.0	1.0	1.0	0	1	0	0.0
GC_00005868	1	1	1	0	1.0	1.0	1.0	0	1	0	0.0
GC_00005869	1	1	1	0	1.0	1.0	1.0	0	1	0	0.0
GC_00005870	1	1	1	0	1.0	1.0	1.0	0	1	0	0.0
GC_00005871	1	1	1	0	1.0	1.0	1.0	0	1	0	0.0
GC_00005872	1	1	1	0	1.0	1.0	1.0	0	1	0	0.0
GC_00005873	1	1	1	0	1.0	1.0	1.0	0	1	0	0.0
GC_00005874	1	1	1	0	1.0	1.0	1.0	0	1	0	0.0
GC_00005875	1	1	1	0	1.0	1.0	1.0	0	1	0	0.0
GC_00005876	1	1	1	0	1.0	1.0	1.0	0	1	0	0.0
GC_00005877	1	1	1	0	1.0	1.0	1.0	0	1	0	0.0
GC_00005878	1	1	1	0	1.0	1.0	1.0	0	1	0	0.0
GC_00005879	1	1	1	0	1.0	1.0	1.0	0	1	0	0.0
GC_00005880	1	1	1	0	1.0	1.0	1.0	0	1	0	0.0
GC_00005881	1	1	1	0	1.0	1.0	1.0	0	1	0	0.0
GC_00005882	1	1	1	0	1.0	1.0	1.0	0	1	0	0.0
GC_00005883	1	1	1	0	1.0	1.0	1.0	0	1	0	0.0
GC_00005884	1	1	1	0	1.0	1.0	1.0	0	1	0	0.0
GC_00005885	1	1	1	0	1.0	1.0	1.0	0	1	0	0.0
GC_00005886	1	1	1	0	1.0	1.0	1.0	0	1	0	0.0
GC_00005887	1	1	1	0	1.0	1.0	1.0	0	1	0	0.0
GC_00005888	1	1	1	0	1.0	1.0	1.0	0	1	0	0.0
GC_00005889	1	1	1	0	1.0	1.0	1.0	0	1	0	0.0
GC_00005890	1	1	1	0	1.0	1.0	1.0	0	1	0	0.0
GC_00005891	1	1	1	0	1.0	1.0	1.0	0	1	0	0.0
GC_00005892	1	1	1	0	1.0	1.0	1.0	0	1	0	0.0
GC_00005893	1	1	1	0	1.0	1.0	1.0	0	1	0	0.0
GC_00005894	1	1	1	0	1.0	1.0	1.0	0	1	0	0.0
GC_00005895	1	1	1	0	1.0	1.0	1.0	0	1	0	0.0
GC_00005896	1	1	1	0	1.0	1.0	1.0	0	1	0	0.0
GC_00005897	1	1	1	0	1.0	1.0	1.0	0	1	0	0.0
GC_00005898	1	1	1	0	1.0	1.0	1.0	0	1	0	0.0
GC_00005899	1	1	1	0	1.0	1.0	1.0	0	1	0	0.0
GC_00005900	1	1	1	0	1.0	1.0	1.0	0	1	0	0.0
GC_00005901	1	1	1	0	1.0	1.0	1.0	0	1	0	0.0
GC_00005902	1	1	1	0	1.0	1.0	1.0	0	1	0	0.0
GC_00005903	1	1	1	0	1.0	1.0	1.0	0	1	0	0.0
GC_00005904	1	1	1	0	1.0	1.0	1.0	0	1	0	0.0
GC_00005905	1	1	1	0	1.0	1.0	1.0	0	1	0	0.0
GC_00005906	1	1	1	0	1.0	1.0	1.0	0	1	0	0.0
GC_00005907	1	1	1	0	1.0	1.0	1.0	0	1	0	0.0
GC_00005908	1	1	1	0	1.0	1.0	1.0	0	1	0	0.0
GC_00005909	1	1	1	0	1.0	1.0	1.0	0	1	0	0.0
GC_00005910	1	1	1	0	1.0	1.0	1.0	0	1	0	0.0
GC_00005911	1	1	1	0	1.0	1.0	1.0	0	1	0	0.0
GC_00005912	1	1	1	0	1.0	1.0	1.0	0	1	0	0.0
GC_00005913	1	1	1	0	1.0	1.0	1.0	0	1	0	0.0
GC_00005914	1	1	1	0	1.0	1.0	1.0	0	1	0	0.0
GC_00005915	1	1	1	0	1.0	1.0	1.0	0	1	0	0.0
GC_00005916	1	1	1	0	1.0	1.0	1.0	0	1	0	0.0
GC_00005917	1	1	1	0	1.0	1.0	1.0	1	0	0	1.0
GC_00005918	1	1	1	0	1.0	1.0	1.0	0	1	0	0.0
GC_00005919	1	1	1	0	1.0	1.0	1.0	0	1	0	0.0
GC_00005920	1	1	1	0	1.0	1.0	1.0	0	1	0	0.0
GC_00005921	1	1	1	0	1.0	1.0	1.0	0	1	0	0.0
GC_00005922	1	1	1	0	1.0	1.0	1.0	0	1	0	0.0
GC_00005923	1	1	1	0	1.0	1.0	1.0	0	1	0	0.0
GC_00005924	1	1	1	0	1.0	1.0	1.0	0	1	0	0.0
GC_00005925	1	1	1	0	1.0	1.0	1.0	0	1	0	0.0
GC_00005926	1	1	1	0	1.0	1.0	1.0	0	1	0	0.0
GC_00005927	1	1	1	0	1.0	1.0	1.0	0	1	0	0.0
GC_00005928	1	1	1	0	1.0	1.0	1.0	0	1	0	0.0
GC_00005929	1	1	1	0	1.0	1.0	1.0	0	1	0	0.0
GC_00005930	1	1	1	0	1.0	1.0	1.0	0	1	0	0.0
GC_00005931	1	1	1	0	1.0	1.0	1.0	0	1	0	0.0
GC_00005932	1	1	1	0	1.0	1.0	1.0	0	1	0	0.0
GC_00005933	1	1	1	0	1.0	1.0	1.0	0	1	0	0.0
GC_00005934	1	1	1	0	1.0	1.0	1.0	0	1	0	0.0
GC_00005935	1	1	1	0	1.0	1.0	1.0	0	1	0	0.0
GC_00005936	1	1	1	0	1.0	1.0	1.0	0	1	0	0.0
GC_00005937	1	1	1	0	1.0	1.0	1.0	0	1	0	0.0
GC_00005938	1	1	1	0	1.0	1.0	1.0	0	1	0	0.0
GC_00005939	1	1	1	0	1.0	1.0	1.0	0	1	0	0.0
GC_00005940	1	1	1	0	1.0	1.0	1.0	0	1	0	0.0
GC_00005941	1	1	1	0	1.0	1.0	1.0	0	1	0	0.0
GC_00005942	1	1	1	0	1.0	1.0	1.0	0	1	0	0.0
GC_00005943	1	1	1	0	1.0	1.0	1.0	0	1	0	0.0
GC_00005944	1	1	1	0	1.0	1.0	1.0	0	1	0	0.0
GC_00005945	1	1	1	0	1.0	1.0	1.0	0	1	0	0.0
GC_00005946	1	1	1	0	1.0	1.0	1.0	0	1	0	0.0
GC_00005947	1	1	1	0	1.0	1.0	1.0	0	1	0	0.0
GC_00005948	1	1	1	0	1.0	1.0	1.0	0	1	0	0.0
GC_00005949	1	1	1	0	1.0	1.0	1.0	0	1	0	0.0
GC_00005950	1	1	1	0	1.0	1.0	1.0	0	1	0	0.0
GC_00005951	1	1	1	0	1.0	1.0	1.0	0	1	0	0.0
GC_00005952	1	1	1	0	1.0	1.0	1.0	0	1	0	0.0
GC_00005953	1	1	1	0	1.0	1.0	1.0	0	1	0	0.0
GC_00005954	1	1	1	0	1.0	1.0	1.0	0	1	0	0.0
GC_00005955	1	1	1	0	1.0	1.0	1.0	0	1	0	0.0
GC_00005956	1	1	1	0	1.0	1.0	1.0	0	1	0	0.0
GC_00005957	1	1	1	0	1.0	1.0	1.0	0	1	0	0.0
GC_00005958	1	1	1	0	1.0	1.0	1.0	0	1	0	0.0
GC_00005959	1	1	1	0	1.0	1.0	1.0	0	1	0	0.0
GC_00005960	1	1	1	0	1.0	1.0	1.0	0	1	0	0.0
GC_00005961	1	1	1	0	1.0	1.0	1.0	0	1	0	0.0
GC_00005962	1	1	1	0	1.0	1.0	1.0	0	1	0	0.0
GC_00005963	1	1	1	0	1.0	1.0	1.0	0	1	0	0.0
GC_00005964	1	1	1	0	1.0	1.0	1.0	0	1	0	0.0
GC_00005965	1	1	1	0	1.0	1.0	1.0	0	1	0	0.0
GC_00005966	1	1	1	0	1.0	1.0	1.0	0	1	0	0.0
GC_00005967	1	1	1	0	1.0	1.0	1.0	0	1	0	0.0
GC_00005968	1	1	1	0	1.0	1.0	1.0	0	1	0	0.0
GC_00005969	1	1	1	0	1.0	1.0	1.0	0	1	0	0.0
GC_00005970	1	1	1	0	1.0	1.0	1.0	0	1	0	0.0
GC_00005971	1	1	1	0	1.0	1.0	1.0	0	1	0	0.0
GC_00005972	1	1	1	0	1.0	1.0	1.0	0	1	0	0.0
GC_00005973	1	1	1	0	1.0	1.0	1.0	0	1	0	0.0
GC_00005974	1	1	1	0	1.0	1.0	1.0	0	1	0	0.0
GC_00005975	1	1	1	0	1.0	1.0	1.0	0	1	0	0.0
GC_00005976	1	1	1	0	1.0	1.0	1.0	0	1	0	0.0
GC_00005977	1	1	1	0	1.0	1.0	1.0	0	1	0	0.0
GC_00005978	1	1	1	0	1.0	1.0	1.0	0	1	0	0.0
GC_00005979	1	1	1	0	1.0	1.0	1.0	0	1	0	0.0
GC_00005980	1	1	1	0	1.0	1.0	1.0	0	1	0	0.0
GC_00005981	1	1	1	0	1.0	1.0	1.0	0	1	0	0.0
GC_00005982	1	1	1	0	1.0	1.0	1.0	1	0	0	1.0
GC_00005983	1	1	1	0	1.0	1.0	1.0	0	1	0	0.0
GC_00005984	1	1	1	0	1.0	1.0	1.0	0	1	0	0.0
GC_00005985	1	1	1	0	1.0	1.0	1.0	0	1	0	0.0
GC_00005986	1	1	1	0	1.0	1.0	1.0	0	1	0	0.0
GC_00005987	1	1	1	0	1.0	1.0	1.0	0	1	0	0.0
GC_00005988	1	1	1	0	1.0	1.0	1.0	0	1	0	0.0
GC_00005989	1	1	1	0	1.0	1.0	1.0	0	1	0	0.0
GC_00005990	1	1	1	0	1.0	1.0	1.0	0	1	0	0.0
GC_00005991	1	1	1	0	1.0	1.0	1.0	0	1	0	0.0
GC_00005992	1	1	1	0	1.0	1.0	1.0	0	1	0	0.0
GC_00005993	1	1	1	0	1.0	1.0	1.0	0	1	0	0.0
GC_00005994	1	1	1	0	1.0	1.0	1.0	0	1	0	0.0
GC_00005995	1	1	1	0	1.0	1.0	1.0	0	1	0	0.0
GC_00005996	1	1	1	0	1.0	1.0	1.0	0	1	0	0.0
GC_00005997	1	1	1	0	1.0	1.0	1.0	0	1	0	0.0
GC_00005998	1	1	1	0	1.0	1.0	1.0	0	1	0	0.0
GC_00005999	1	1	1	0	1.0	1.0	1.0	0	1	0	0.0
GC_00006000	1	1	1	0	1.0	1.0	1.0	0	1	0	0.0
GC_00006001	1	1	1	0	1.0	1.0	1.0	0	1	0	0.0
GC_00006002	1	1	1	0	1.0	1.0	1.0	0	1	0	0.0
GC_00006003	1	1	1	0	1.0	1.0	1.0	0	1	0	0.0
GC_00006004	1	1	1	0	1.0	1.0	1.0	0	1	0	0.0
GC_00006005	1	1	1	0	1.0	1.0	1.0	0	1	0	0.0
GC_00006006	1	1	1	0	1.0	1.0	1.0	0	1	0	0.0
GC_00006007	1	1	1	0	1.0	1.0	1.0	0	1	0	0.0
GC_00006008	1	1	1	0	1.0	1.0	1.0	0	1	0	0.0
GC_00006009	1	1	1	0	1.0	1.0	1.0	0	1	0	0.0
GC_00006010	1	1	1	0	1.0	1.0	1.0	0	1	0	0.0
GC_00006011	1	1	1	0	1.0	1.0	1.0	0	1	0	0.0
GC_00006012	1	1	1	0	1.0	1.0	1.0	0	1	0	0.0
GC_00006013	1	1	1	0	1.0	1.0	1.0	0	1	0	0.0
GC_00006014	1	1	1	0	1.0	1.0	1.0	0	1	0	0.0
GC_00006015	1	1	1	0	1.0	1.0	1.0	0	1	0	0.0
GC_00006016	1	1	1	0	1.0	1.0	1.0	0	1	0	0.0
GC_00006017	1	1	1	0	1.0	1.0	1.0	0	1	0	0.0
GC_00006018	1	1	1	0	1.0	1.0	1.0	0	1	0	0.0
GC_00006019	1	1	1	0	1.0	1.0	1.0	0	1	0	0.0
GC_00006020	1	1	1	0	1.0	1.0	1.0	0	1	0	0.0
GC_00006021	1	1	1	0	1.0	1.0	1.0	0	1	0	0.0
GC_00006022	1	1	1	0	1.0	1.0	1.0	0	1	0	0.0
GC_00006023	1	1	1	0	1.0	1.0	1.0	0	1	0	0.0
GC_00006024	1	1	1	0	1.0	1.0	1.0	0	1	0	0.0
GC_00006025	1	1	1	0	1.0	1.0	1.0	0	1	0	0.0
GC_00006026	1	1	1	0	1.0	1.0	1.0	0	1	0	0.0
GC_00006027	1	1	1	0	1.0	1.0	1.0	0	1	0	0.0
GC_00006028	1	1	1	0	1.0	1.0	1.0	0	1	0	0.0
GC_00006029	1	1	1	0	1.0	1.0	1.0	0	1	0	0.0
GC_00006030	1	1	1	0	1.0	1.0	1.0	0	1	0	0.0
GC_00006031	1	1	1	0	1.0	1.0	1.0	0	1	0	0.0
GC_00006032	1	1	1	0	1.0	1.0	1.0	0	1	0	0.0
GC_00006033	1	1	1	0	1.0	1.0	1.0	0	1	0	0.0
GC_00006034	1	1	1	0	1.0	1.0	1.0	0	1	0	0.0
GC_00006035	1	1	1	0	1.0	1.0	1.0	0	1	0	0.0
GC_00006036	1	1	1	0	1.0	1.0	1.0	0	1	0	0.0
GC_00006037	1	1	1	0	1.0	1.0	1.0	0	1	0	0.0
GC_00006038	1	1	1	0	1.0	1.0	1.0	0	1	0	0.0
GC_00006039	1	1	1	0	1.0	1.0	1.0	0	1	0	0.0
GC_00006040	1	1	1	0	1.0	1.0	1.0	0	1	0	0.0
GC_00006041	1	1	1	0	1.0	1.0	1.0	0	1	0	0.0
GC_00006042	1	1	1	0	1.0	1.0	1.0	0	1	0	0.0
GC_00006043	1	1	1	0	1.0	1.0	1.0	0	1	0	0.0
GC_00006044	1	1	1	0	1.0	1.0	1.0	0	1	0	0.0
GC_00006045	1	1	1	0	1.0	1.0	1.0	0	1	0	0.0
GC_00006046	1	1	1	0	1.0	1.0	1.0	0	1	0	0.0
GC_00006047	1	1	1	0	1.0	1.0	1.0	0	1	0	0.0
GC_00006048	1	1	1	0	1.0	1.0	1.0	0	1	0	0.0
GC_00006049	1	1	1	0	1.0	1.0	1.0	0	1	0	0.0
GC_00006050	1	1	1	0	1.0	1.0	1.0	0	1	0	0.0
GC_00006051	1	1	1	0	1.0	1.0	1.0	0	1	0	0.0
GC_00006052	1	1	1	0	1.0	1.0	1.0	0	1	0	0.0
GC_00006053	1	1	1	0	1.0	1.0	1.0	0	1	0	0.0
GC_00006054	1	1	1	0	1.0	1.0	1.0	0	1	0	0.0
GC_00006055	1	1	1	0	1.0	1.0	1.0	0	1	0	0.0
GC_00006056	1	1	1	0	1.0	1.0	1.0	0	1	0	0.0
GC_00006057	1	1	1	0	1.0	1.0	1.0	0	1	0	0.0
GC_00006058	1	1	1	0	1.0	1.0	1.0	0	1	0	0.0
GC_00006059	1	1	1	0	1.0	1.0	1.0	0	1	0	0.0
GC_00006060	1	1	1	0	1.0	1.0	1.0	0	1	0	0.0
GC_00006061	1	1	1	0	1.0	1.0	1.0	0	1	0	0.0
GC_00006062	1	1	1	0	1.0	1.0	1.0	0	1	0	0.0
GC_00006063	1	1	1	0	1.0	1.0	1.0	0	1	0	0.0
GC_00006064	1	1	1	0	1.0	1.0	1.0	0	1	0	0.0
GC_00006065	1	1	1	0	1.0	1.0	1.0	0	1	0	0.0
GC_00006066	1	1	1	0	1.0	1.0	1.0	0	1	0	0.0
GC_00006067	1	1	1	0	1.0	1.0	1.0	0	1	0	0.0
GC_00006068	1	1	1	0	1.0	1.0	1.0	0	1	0	0.0
GC_00006069	1	1	1	0	1.0	1.0	1.0	0	1	0	0.0
GC_00006070	1	1	1	0	1.0	1.0	1.0	0	1	0	0.0
GC_00006071	1	1	1	0	1.0	1.0	1.0	0	1	0	0.0
GC_00006072	1	1	1	0	1.0	1.0	1.0	0	1	0	0.0
GC_00006073	1	1	1	0	1.0	1.0	1.0	0	1	0	0.0
GC_00006074	1	1	1	0	1.0	1.0	1.0	0	1	0	0.0
GC_00006075	1	1	1	0	1.0	1.0	1.0	0	1	0	0.0
GC_00006076	1	1	1	0	1.0	1.0	1.0	0	1	0	0.0
GC_00006077	1	1	1	0	1.0	1.0	1.0	0	1	0	0.0
GC_00006078	1	1	1	0	1.0	1.0	1.0	0	1	0	0.0
GC_00006079	1	1	1	0	1.0	1.0	1.0	0	1	0	0.0
GC_00006080	1	1	1	0	1.0	1.0	1.0	0	1	0	0.0
GC_00006081	1	1	1	0	1.0	1.0	1.0	0	1	0	0.0
GC_00006082	1	1	1	0	1.0	1.0	1.0	0	1	0	0.0
GC_00006083	1	1	1	0	1.0	1.0	1.0	0	1	0	0.0
GC_00006084	1	1	1	0	1.0	1.0	1.0	0	1	0	0.0
GC_00006085	1	1	1	0	1.0	1.0	1.0	0	1	0	0.0
GC_00006086	1	1	1	0	1.0	1.0	1.0	0	1	0	0.0
GC_00006087	1	1	1	0	1.0	1.0	1.0	0	1	0	0.0
GC_00006088	1	1	1	0	1.0	1.0	1.0	0	1	0	0.0
GC_00006089	1	1	1	0	1.0	1.0	1.0	0	1	0	0.0
GC_00006090	1	1	1	0	1.0	1.0	1.0	0	1	0	0.0
GC_00006091	1	1	1	0	1.0	1.0	1.0	0	1	0	0.0
GC_00006092	1	1	1	0	1.0	1.0	1.0	0	1	0	0.0
GC_00006093	1	1	1	0	1.0	1.0	1.0	0	1	0	0.0
GC_00006094	1	1	1	0	1.0	1.0	1.0	0	1	0	0.0
GC_00006095	1	1	1	0	1.0	1.0	1.0	0	1	0	0.0
GC_00006096	1	1	1	0	1.0	1.0	1.0	0	1	0	0.0
GC_00006097	1	1	1	0	1.0	1.0	1.0	0	1	0	0.0
GC_00006098	1	1	1	0	1.0	1.0	1.0	0	1	0	0.0
GC_00006099	1	1	1	0	1.0	1.0	1.0	0	1	0	0.0
GC_00006100	1	1	1	0	1.0	1.0	1.0	0	1	0	0.0
GC_00006101	1	1	1	0	1.0	1.0	1.0	0	1	0	0.0
GC_00006102	1	1	1	0	1.0	1.0	1.0	0	1	0	0.0
GC_00006103	1	1	1	0	1.0	1.0	1.0	0	1	0	0.0
GC_00006104	1	1	1	0	1.0	1.0	1.0	1	0	0	1.0
GC_00006105	1	1	1	0	1.0	1.0	1.0	0	1	0	0.0
GC_00006106	1	1	1	0	1.0	1.0	1.0	0	1	0	0.0
GC_00006107	1	1	1	0	1.0	1.0	1.0	0	1	0	0.0
GC_00006108	1	1	1	0	1.0	1.0	1.0	0	1	0	0.0
GC_00006109	1	1	1	0	1.0	1.0	1.0	0	1	0	0.0
GC_00006110	1	1	1	0	1.0	1.0	1.0	0	1	0	0.0
GC_00006111	1	1	1	0	1.0	1.0	1.0	0	1	0	0.0
GC_00006112	1	1	1	0	1.0	1.0	1.0	0	1	0	0.0
GC_00006113	1	1	1	0	1.0	1.0	1.0	0	1	0	0.0
GC_00006114	1	1	1	0	1.0	1.0	1.0	0	1	0	0.0
GC_00006115	1	1	1	0	1.0	1.0	1.0	0	1	0	0.0
GC_00006116	1	1	1	0	1.0	1.0	1.0	0	1	0	0.0
GC_00006117	1	1	1	0	1.0	1.0	1.0	1	0	0	1.0
GC_00006118	1	1	1	0	1.0	1.0	1.0	0	1	0	0.0
GC_00006119	1	1	1	0	1.0	1.0	1.0	0	1	0	0.0
GC_00006120	1	1	1	0	1.0	1.0	1.0	0	1	0	0.0
GC_00006121	1	1	1	0	1.0	1.0	1.0	0	1	0	0.0
GC_00006122	1	1	1	0	1.0	1.0	1.0	0	1	0	0.0
GC_00006123	1	1	1	0	1.0	1.0	1.0	0	1	0	0.0
GC_00006124	1	1	1	0	1.0	1.0	1.0	0	1	0	0.0
GC_00006125	1	1	1	0	1.0	1.0	1.0	0	1	0	0.0
GC_00006126	1	1	1	0	1.0	1.0	1.0	0	1	0	0.0
GC_00006127	1	1	1	0	1.0	1.0	1.0	0	1	0	0.0
GC_00006128	1	1	1	0	1.0	1.0	1.0	0	1	0	0.0
GC_00006129	1	1	1	0	1.0	1.0	1.0	0	1	0	0.0
GC_00006130	1	1	1	0	1.0	1.0	1.0	0	1	0	0.0
GC_00006131	1	1	1	0	1.0	1.0	1.0	0	1	0	0.0
GC_00006132	1	1	1	0	1.0	1.0	1.0	0	1	0	0.0
GC_00006133	1	1	1	0	1.0	1.0	1.0	0	1	0	0.0
GC_00006134	1	1	1	0	1.0	1.0	1.0	0	1	0	0.0
GC_00006135	1	1	1	0	1.0	1.0	1.0	0	1	0	0.0
GC_00006136	1	1	1	0	1.0	1.0	1.0	0	1	0	0.0
GC_00006137	1	1	1	0	1.0	1.0	1.0	0	1	0	0.0
GC_00006138	1	1	1	0	1.0	1.0	1.0	0	1	0	0.0
GC_00006139	1	1	1	0	1.0	1.0	1.0	1	0	0	1.0
GC_00006140	1	1	1	0	1.0	1.0	1.0	0	1	0	0.0
GC_00006141	1	1	1	0	1.0	1.0	1.0	0	1	0	0.0
GC_00006142	1	1	1	0	1.0	1.0	1.0	0	1	0	0.0
GC_00006143	1	1	1	0	1.0	1.0	1.0	0	1	0	0.0
GC_00006144	1	1	1	0	1.0	1.0	1.0	0	1	0	0.0
GC_00006145	1	1	1	0	1.0	1.0	1.0	0	1	0	0.0
GC_00006146	1	1	1	0	1.0	1.0	1.0	0	1	0	0.0
GC_00006147	1	1	1	0	1.0	1.0	1.0	0	1	0	0.0
GC_00006148	1	1	1	0	1.0	1.0	1.0	0	1	0	0.0
GC_00006149	1	1	1	0	1.0	1.0	1.0	0	1	0	0.0
GC_00006150	1	1	1	0	1.0	1.0	1.0	0	1	0	0.0
GC_00006151	1	1	1	0	1.0	1.0	1.0	0	1	0	0.0
GC_00006152	1	1	1	0	1.0	1.0	1.0	0	1	0	0.0
GC_00006153	1	1	1	0	1.0	1.0	1.0	0	1	0	0.0
GC_00006154	1	1	1	0	1.0	1.0	1.0	0	1	0	0.0
GC_00006155	1	1	1	0	1.0	1.0	1.0	0	1	0	0.0
GC_00006156	1	1	1	0	1.0	1.0	1.0	0	1	0	0.0
GC_00006157	1	1	1	0	1.0	1.0	1.0	0	1	0	0.0
GC_00006158	1	1	1	0	1.0	1.0	1.0	0	1	0	0.0
GC_00006159	1	1	1	0	1.0	1.0	1.0	0	1	0	0.0
GC_00006160	1	1	1	0	1.0	1.0	1.0	0	1	0	0.0
GC_00006161	1	1	1	0	1.0	1.0	1.0	0	1	0	0.0
GC_00006162	1	1	1	0	1.0	1.0	1.0	0	1	0	0.0
GC_00006163	1	1	1	0	1.0	1.0	1.0	0	1	0	0.0
GC_00006164	1	1	1	0	1.0	1.0	1.0	0	1	0	0.0
GC_00006165	1	1	1	0	1.0	1.0	1.0	0	1	0	0.0
GC_00006166	1	1	1	0	1.0	1.0	1.0	0	1	0	0.0
GC_00006167	1	1	1	0	1.0	1.0	1.0	0	1	0	0.0
GC_00006168	1	1	1	0	1.0	1.0	1.0	0	1	0	0.0
GC_00006169	1	1	1	0	1.0	1.0	1.0	0	1	0	0.0
GC_00006170	1	1	1	0	1.0	1.0	1.0	0	1	0	0.0
GC_00006171	1	1	1	0	1.0	1.0	1.0	1	0	0	1.0
GC_00006172	1	1	1	0	1.0	1.0	1.0	0	1	0	0.0
GC_00006173	1	1	1	0	1.0	1.0	1.0	0	1	0	0.0
GC_00006174	1	1	1	0	1.0	1.0	1.0	0	1	0	0.0
GC_00006175	1	1	1	0	1.0	1.0	1.0	0	1	0	0.0
GC_00006176	1	1	1	0	1.0	1.0	1.0	0	1	0	0.0
GC_00006177	1	1	1	0	1.0	1.0	1.0	0	1	0	0.0
GC_00006178	1	1	1	0	1.0	1.0	1.0	0	1	0	0.0
GC_00006179	1	1	1	0	1.0	1.0	1.0	0	1	0	0.0
GC_00006180	1	1	1	0	1.0	1.0	1.0	0	1	0	0.0
GC_00006181	1	1	1	0	1.0	1.0	1.0	0	1	0	0.0
GC_00006182	1	1	1	0	1.0	1.0	1.0	0	1	0	0.0
GC_00006183	1	1	1	0	1.0	1.0	1.0	0	1	0	0.0
GC_00006184	1	1	1	0	1.0	1.0	1.0	0	1	0	0.0
GC_00006185	1	1	1	0	1.0	1.0	1.0	0	1	0	0.0
GC_00006186	1	1	1	0	1.0	1.0	1.0	0	1	0	0.0
GC_00006187	1	1	1	0	1.0	1.0	1.0	0	1	0	0.0
GC_00006188	1	1	1	0	1.0	1.0	1.0	0	1	0	0.0
GC_00006189	1	1	1	0	1.0	1.0	1.0	0	1	0	0.0
GC_00006190	1	1	1	0	1.0	1.0	1.0	0	1	0	0.0
GC_00006191	1	1	1	0	1.0	1.0	1.0	0	1	0	0.0
GC_00006192	1	1	1	0	1.0	1.0	1.0	0	1	0	0.0
GC_00006193	1	1	1	0	1.0	1.0	1.0	0	1	0	0.0
GC_00006194	1	1	1	0	1.0	1.0	1.0	0	1	0	0.0
GC_00006195	1	1	1	0	1.0	1.0	1.0	0	1	0	0.0
GC_00006196	1	1	1	0	1.0	1.0	1.0	0	1	0	0.0
GC_00006197	1	1	1	0	1.0	1.0	1.0	0	1	0	0.0
GC_00006198	1	1	1	0	1.0	1.0	1.0	0	1	0	0.0
GC_00006199	1	1	1	0	1.0	1.0	1.0	0	1	0	0.0
GC_00006200	1	1	1	0	1.0	1.0	1.0	0	1	0	0.0
GC_00006201	1	1	1	0	1.0	1.0	1.0	0	1	0	0.0
GC_00006202	1	1	1	0	1.0	1.0	1.0	0	1	0	0.0
GC_00006203	1	1	1	0	1.0	1.0	1.0	0	1	0	0.0
GC_00006204	1	1	1	0	1.0	1.0	1.0	0	1	0	0.0
GC_00006205	1	1	1	0	1.0	1.0	1.0	0	1	0	0.0
GC_00006206	1	1	1	0	1.0	1.0	1.0	0	1	0	0.0
GC_00006207	1	1	1	0	1.0	1.0	1.0	0	1	0	0.0
GC_00006208	1	1	1	0	1.0	1.0	1.0	0	1	0	0.0
GC_00006209	1	1	1	0	1.0	1.0	1.0	0	1	0	0.0
GC_00006210	1	1	1	0	1.0	1.0	1.0	0	1	0	0.0
GC_00006211	1	1	1	0	1.0	1.0	1.0	0	1	0	0.0
GC_00006212	1	1	1	0	1.0	1.0	1.0	0	1	0	0.0
GC_00006213	1	1	1	0	1.0	1.0	1.0	0	1	0	0.0
GC_00006214	1	1	1	0	1.0	1.0	1.0	0	1	0	0.0
GC_00006215	1	1	1	0	1.0	1.0	1.0	0	1	0	0.0
GC_00006216	1	1	1	0	1.0	1.0	1.0	0	1	0	0.0
GC_00006217	1	1	1	0	1.0	1.0	1.0	0	1	0	0.0
GC_00006218	1	1	1	0	1.0	1.0	1.0	0	1	0	0.0
GC_00006219	1	1	1	0	1.0	1.0	1.0	0	1	0	0.0
GC_00006220	1	1	1	0	1.0	1.0	1.0	0	1	0	0.0
GC_00006221	1	1	1	0	1.0	1.0	1.0	0	1	0	0.0
GC_00006222	1	1	1	0	1.0	1.0	1.0	0	1	0	0.0
GC_00006223	1	1	1	0	1.0	1.0	1.0	0	1	0	0.0
GC_00006224	1	1	1	0	1.0	1.0	1.0	0	1	0	0.0
GC_00006225	1	1	1	0	1.0	1.0	1.0	0	1	0	0.0
GC_00006226	1	1	1	0	1.0	1.0	1.0	0	1	0	0.0
GC_00006227	1	1	1	0	1.0	1.0	1.0	0	1	0	0.0
GC_00006228	1	1	1	0	1.0	1.0	1.0	0	1	0	0.0
GC_00006229	1	1	1	0	1.0	1.0	1.0	0	1	0	0.0
GC_00006230	1	1	1	0	1.0	1.0	1.0	0	1	0	0.0
GC_00006231	1	1	1	0	1.0	1.0	1.0	1	0	0	1.0
GC_00006232	1	1	1	0	1.0	1.0	1.0	0	1	0	0.0
GC_00006233	1	1	1	0	1.0	1.0	1.0	0	1	0	0.0
GC_00006234	1	1	1	0	1.0	1.0	1.0	0	1	0	0.0
GC_00006235	1	1	1	0	1.0	1.0	1.0	0	1	0	0.0
GC_00006236	1	1	1	0	1.0	1.0	1.0	0	1	0	0.0
GC_00006237	1	1	1	0	1.0	1.0	1.0	0	1	0	0.0
GC_00006238	1	1	1	0	1.0	1.0	1.0	0	1	0	0.0
GC_00006239	1	1	1	0	1.0	1.0	1.0	0	1	0	0.0
GC_00006240	1	1	1	0	1.0	1.0	1.0	0	1	0	0.0
GC_00006241	1	1	1	0	1.0	1.0	1.0	0	1	0	0.0
GC_00006242	1	1	1	0	1.0	1.0	1.0	0	1	0	0.0
GC_00006243	1	1	1	0	1.0	1.0	1.0	0	1	0	0.0
GC_00006244	1	1	1	0	1.0	1.0	1.0	0	1	0	0.0
GC_00006245	1	1	1	0	1.0	1.0	1.0	0	1	0	0.0
GC_00006246	1	1	1	0	1.0	1.0	1.0	0	1	0	0.0
GC_00006247	1	1	1	0	1.0	1.0	1.0	0	1	0	0.0
GC_00006248	1	1	1	0	1.0	1.0	1.0	0	1	0	0.0
GC_00006249	1	1	1	0	1.0	1.0	1.0	0	1	0	0.0
GC_00006250	1	1	1	0	1.0	1.0	1.0	0	1	0	0.0
GC_00006251	1	1	1	0	1.0	1.0	1.0	0	1	0	0.0
GC_00006252	1	1	1	0	1.0	1.0	1.0	0	1	0	0.0
GC_00006253	1	1	1	0	1.0	1.0	1.0	0	1	0	0.0
GC_00006254	1	1	1	0	1.0	1.0	1.0	0	1	0	0.0
GC_00006255	1	1	1	0	1.0	1.0	1.0	0	1	0	0.0
GC_00006256	1	1	1	0	1.0	1.0	1.0	0	1	0	0.0
GC_00006257	1	1	1	0	1.0	1.0	1.0	0	1	0	0.0
GC_00006258	1	1	1	0	1.0	1.0	1.0	0	1	0	0.0
GC_00006259	1	1	1	0	1.0	1.0	1.0	0	1	0	0.0
GC_00006260	1	1	1	0	1.0	1.0	1.0	0	1	0	0.0
GC_00006261	1	1	1	0	1.0	1.0	1.0	0	1	0	0.0
GC_00006262	1	1	1	0	1.0	1.0	1.0	1	0	0	1.0
GC_00006263	1	1	1	0	1.0	1.0	1.0	0	1	0	0.0
GC_00006264	1	1	1	0	1.0	1.0	1.0	0	1	0	0.0
GC_00006265	1	1	1	0	1.0	1.0	1.0	0	1	0	0.0
GC_00006266	1	1	1	0	1.0	1.0	1.0	0	1	0	0.0
GC_00006267	1	1	1	0	1.0	1.0	1.0	0	1	0	0.0
GC_00006268	1	1	1	0	1.0	1.0	1.0	0	1	0	0.0
GC_00006269	1	1	1	0	1.0	1.0	1.0	0	1	0	0.0
GC_00006270	1	1	1	0	1.0	1.0	1.0	0	1	0	0.0
GC_00006271	1	1	1	0	1.0	1.0	1.0	0	1	0	0.0
GC_00006272	1	1	1	0	1.0	1.0	1.0	0	1	0	0.0
GC_00006273	1	1	1	0	1.0	1.0	1.0	0	1	0	0.0
GC_00006274	1	1	1	0	1.0	1.0	1.0	0	1	0	0.0
GC_00006275	1	1	1	0	1.0	1.0	1.0	0	1	0	0.0
GC_00006276	1	1	1	0	1.0	1.0	1.0	0	1	0	0.0
GC_00006277	1	1	1	0	1.0	1.0	1.0	0	1	0	0.0
GC_00006278	1	1	1	0	1.0	1.0	1.0	1	0	0	1.0
GC_00006279	1	1	1	0	1.0	1.0	1.0	0	1	0	0.0
GC_00006280	1	1	1	0	1.0	1.0	1.0	0	1	0	0.0
GC_00006281	1	1	1	0	1.0	1.0	1.0	0	1	0	0.0
GC_00006282	1	1	1	0	1.0	1.0	1.0	0	1	0	0.0
GC_00006283	1	1	1	0	1.0	1.0	1.0	0	1	0	0.0
GC_00006284	1	1	1	0	1.0	1.0	1.0	0	1	0	0.0
GC_00006285	1	1	1	0	1.0	1.0	1.0	0	1	0	0.0
GC_00006286	1	1	1	0	1.0	1.0	1.0	0	1	0	0.0
GC_00006287	1	1	1	0	1.0	1.0	1.0	0	1	0	0.0
GC_00006288	1	1	1	0	1.0	1.0	1.0	0	1	0	0.0
GC_00006289	1	1	1	0	1.0	1.0	1.0	0	1	0	0.0
GC_00006290	1	1	1	0	1.0	1.0	1.0	0	1	0	0.0
GC_00006291	1	1	1	0	1.0	1.0	1.0	0	1	0	0.0
GC_00006292	1	1	1	0	1.0	1.0	1.0	0	1	0	0.0
GC_00006293	1	1	1	0	1.0	1.0	1.0	0	1	0	0.0
GC_00006294	1	1	1	0	1.0	1.0	1.0	0	1	0	0.0
GC_00006295	1	1	1	0	1.0	1.0	1.0	0	1	0	0.0
GC_00006296	1	1	1	0	1.0	1.0	1.0	0	1	0	0.0
GC_00006297	1	1	1	0	1.0	1.0	1.0	0	1	0	0.0
GC_00006298	1	1	1	0	1.0	1.0	1.0	0	1	0	0.0
GC_00006299	1	1	1	0	1.0	1.0	1.0	0	1	0	0.0
GC_00006300	1	1	1	0	1.0	1.0	1.0	0	1	0	0.0
GC_00006301	1	1	1	0	1.0	1.0	1.0	0	1	0	0.0
GC_00006302	1	1	1	0	1.0	1.0	1.0	0	1	0	0.0
GC_00006303	1	1	1	0	1.0	1.0	1.0	0	1	0	0.0
GC_00006304	1	1	1	0	1.0	1.0	1.0	0	1	0	0.0
GC_00006305	1	1	1	0	1.0	1.0	1.0	0	1	0	0.0
GC_00006306	1	1	1	0	1.0	1.0	1.0	0	1	0	0.0
GC_00006307	1	1	1	0	1.0	1.0	1.0	0	1	0	0.0
GC_00006308	1	1	1	0	1.0	1.0	1.0	0	1	0	0.0
GC_00006309	1	1	1	0	1.0	1.0	1.0	0	1	0	0.0
GC_00006310	1	1	1	0	1.0	1.0	1.0	0	1	0	0.0
GC_00006311	1	1	1	0	1.0	1.0	1.0	0	1	0	0.0
GC_00006312	1	1	1	0	1.0	1.0	1.0	0	1	0	0.0
GC_00006313	1	1	1	0	1.0	1.0	1.0	1	0	0	1.0
GC_00006314	1	1	1	0	1.0	1.0	1.0	0	1	0	0.0
GC_00006315	1	1	1	0	1.0	1.0	1.0	0	1	0	0.0
GC_00006316	1	1	1	0	1.0	1.0	1.0	0	1	0	0.0
GC_00006317	1	1	1	0	1.0	1.0	1.0	0	1	0	0.0
GC_00006318	1	1	1	0	1.0	1.0	1.0	0	1	0	0.0
GC_00006319	1	1	1	0	1.0	1.0	1.0	0	1	0	0.0
GC_00006320	1	1	1	0	1.0	1.0	1.0	0	1	0	0.0
GC_00006321	1	1	1	0	1.0	1.0	1.0	0	1	0	0.0
GC_00006322	1	1	1	0	1.0	1.0	1.0	0	1	0	0.0
GC_00006323	1	1	1	0	1.0	1.0	1.0	0	1	0	0.0
GC_00006324	1	1	1	0	1.0	1.0	1.0	0	1	0	0.0
GC_00006325	1	1	1	0	1.0	1.0	1.0	0	1	0	0.0
GC_00006326	1	1	1	0	1.0	1.0	1.0	0	1	0	0.0
GC_00006327	1	1	1	0	1.0	1.0	1.0	0	1	0	0.0
GC_00006328	1	1	1	0	1.0	1.0	1.0	0	1	0	0.0
GC_00006329	1	1	1	0	1.0	1.0	1.0	0	1	0	0.0
GC_00006330	1	1	1	0	1.0	1.0	1.0	0	1	0	0.0
GC_00006331	1	1	1	0	1.0	1.0	1.0	0	1	0	0.0
GC_00006332	1	1	1	0	1.0	1.0	1.0	1	0	0	1.0
GC_00006333	1	1	1	0	1.0	1.0	1.0	1	0	0	1.0
GC_00006334	1	1	1	0	1.0	1.0	1.0	1	0	0	1.0
GC_00006335	1	1	1	0	1.0	1.0	1.0	0	1	0	0.0
GC_00006336	1	1	1	0	1.0	1.0	1.0	0	1	0	0.0
GC_00006337	1	1	1	0	1.0	1.0	1.0	0	1	0	0.0
GC_00006338	1	1	1	0	1.0	1.0	1.0	0	1	0	0.0
GC_00006339	1	1	1	0	1.0	1.0	1.0	0	1	0	0.0
GC_00006340	1	1	1	0	1.0	1.0	1.0	0	1	0	0.0
GC_00006341	1	1	1	0	1.0	1.0	1.0	0	1	0	0.0
GC_00006342	1	1	1	0	1.0	1.0	1.0	0	1	0	0.0
GC_00006343	1	1	1	0	1.0	1.0	1.0	0	1	0	0.0
GC_00006344	1	1	1	0	1.0	1.0	1.0	0	1	0	0.0
GC_00006345	1	1	1	0	1.0	1.0	1.0	0	1	0	0.0
GC_00006346	1	1	1	0	1.0	1.0	1.0	0	1	0	0.0
GC_00006347	1	1	1	0	1.0	1.0	1.0	0	1	0	0.0
GC_00006348	1	1	1	0	1.0	1.0	1.0	0	1	0	0.0
GC_00006349	1	1	1	0	1.0	1.0	1.0	0	1	0	0.0
GC_00006350	1	1	1	0	1.0	1.0	1.0	0	1	0	0.0
GC_00006351	1	1	1	0	1.0	1.0	1.0	0	1	0	0.0
GC_00006352	1	1	1	0	1.0	1.0	1.0	0	1	0	0.0
GC_00006353	1	1	1	0	1.0	1.0	1.0	0	1	0	0.0
GC_00006354	1	1	1	0	1.0	1.0	1.0	0	1	0	0.0
GC_00006355	1	1	1	0	1.0	1.0	1.0	0	1	0	0.0
GC_00006356	1	1	1	0	1.0	1.0	1.0	0	1	0	0.0
GC_00006357	1	1	1	0	1.0	1.0	1.0	0	1	0	0.0
GC_00006358	1	1	1	0	1.0	1.0	1.0	0	1	0	0.0
GC_00006359	1	1	1	0	1.0	1.0	1.0	0	1	0	0.0
GC_00006360	1	1	1	0	1.0	1.0	1.0	0	1	0	0.0
GC_00006361	1	1	1	0	1.0	1.0	1.0	0	1	0	0.0
GC_00006362	1	1	1	0	1.0	1.0	1.0	0	1	0	0.0
GC_00006363	1	1	1	0	1.0	1.0	1.0	0	1	0	0.0
GC_00006364	1	1	1	0	1.0	1.0	1.0	0	1	0	0.0
GC_00006365	1	1	1	0	1.0	1.0	1.0	0	1	0	0.0
GC_00006366	1	1	1	0	1.0	1.0	1.0	0	1	0	0.0
GC_00006367	1	1	1	0	1.0	1.0	1.0	0	1	0	0.0
GC_00006368	1	1	1	0	1.0	1.0	1.0	0	1	0	0.0
GC_00006369	1	1	1	0	1.0	1.0	1.0	0	1	0	0.0
GC_00006370	1	1	1	0	1.0	1.0	1.0	0	1	0	0.0
GC_00006371	1	1	1	0	1.0	1.0	1.0	0	1	0	0.0
GC_00006372	1	1	1	0	1.0	1.0	1.0	0	1	0	0.0
GC_00006373	1	1	1	0	1.0	1.0	1.0	0	1	0	0.0
GC_00006374	1	1	1	0	1.0	1.0	1.0	0	1	0	0.0
GC_00006375	1	1	1	0	1.0	1.0	1.0	0	1	0	0.0
GC_00006376	1	1	1	0	1.0	1.0	1.0	0	1	0	0.0
GC_00006377	1	1	1	0	1.0	1.0	1.0	0	1	0	0.0
GC_00006378	1	1	1	0	1.0	1.0	1.0	0	1	0	0.0
GC_00006379	1	1	1	0	1.0	1.0	1.0	0	1	0	0.0
GC_00006380	1	1	1	0	1.0	1.0	1.0	0	1	0	0.0
GC_00006381	1	1	1	0	1.0	1.0	1.0	0	1	0	0.0
GC_00006382	1	1	1	0	1.0	1.0	1.0	0	1	0	0.0
GC_00006383	1	1	1	0	1.0	1.0	1.0	0	1	0	0.0
GC_00006384	1	1	1	0	1.0	1.0	1.0	0	1	0	0.0
GC_00006385	1	1	1	0	1.0	1.0	1.0	0	1	0	0.0
GC_00006386	1	1	1	0	1.0	1.0	1.0	0	1	0	0.0
GC_00006387	1	1	1	0	1.0	1.0	1.0	0	1	0	0.0
GC_00006388	1	1	1	0	1.0	1.0	1.0	0	1	0	0.0
GC_00006389	1	1	1	0	1.0	1.0	1.0	0	1	0	0.0
GC_00006390	1	1	1	0	1.0	1.0	1.0	0	1	0	0.0
GC_00006391	1	1	1	0	1.0	1.0	1.0	0	1	0	0.0
GC_00006392	1	1	1	0	1.0	1.0	1.0	0	1	0	0.0
GC_00006393	1	1	1	0	1.0	1.0	1.0	0	1	0	0.0
GC_00006394	1	1	1	0	1.0	1.0	1.0	0	1	0	0.0
GC_00006395	1	1	1	0	1.0	1.0	1.0	0	1	0	0.0
GC_00006396	1	1	1	0	1.0	1.0	1.0	0	1	0	0.0
GC_00006397	1	1	1	0	1.0	1.0	1.0	0	1	0	0.0
GC_00006398	1	1	1	0	1.0	1.0	1.0	0	1	0	0.0
GC_00006399	1	1	1	0	1.0	1.0	1.0	0	1	0	0.0
GC_00006400	1	1	1	0	1.0	1.0	1.0	0	1	0	0.0
GC_00006401	1	1	1	0	1.0	1.0	1.0	0	1	0	0.0
GC_00006402	1	1	1	0	1.0	1.0	1.0	0	1	0	0.0
GC_00006403	1	1	1	0	1.0	1.0	1.0	0	1	0	0.0
GC_00006404	1	1	1	0	1.0	1.0	1.0	0	1	0	0.0
GC_00006405	1	1	1	0	1.0	1.0	1.0	0	1	0	0.0
GC_00006406	1	1	1	0	1.0	1.0	1.0	0	1	0	0.0
GC_00006407	1	1	1	0	1.0	1.0	1.0	0	1	0	0.0
GC_00006408	1	1	1	0	1.0	1.0	1.0	0	1	0	0.0
GC_00006409	1	1	1	0	1.0	1.0	1.0	0	1	0	0.0
GC_00006410	1	1	1	0	1.0	1.0	1.0	0	1	0	0.0
GC_00006411	1	1	1	0	1.0	1.0	1.0	0	1	0	0.0
GC_00006412	1	1	1	0	1.0	1.0	1.0	0	1	0	0.0
GC_00006413	1	1	1	0	1.0	1.0	1.0	0	1	0	0.0
GC_00006414	1	1	1	0	1.0	1.0	1.0	0	1	0	0.0
GC_00006415	1	1	1	0	1.0	1.0	1.0	0	1	0	0.0
GC_00006416	1	1	1	0	1.0	1.0	1.0	0	1	0	0.0
GC_00006417	1	1	1	0	1.0	1.0	1.0	0	1	0	0.0
GC_00006418	1	1	1	0	1.0	1.0	1.0	0	1	0	0.0
GC_00006419	1	1	1	0	1.0	1.0	1.0	0	1	0	0.0
GC_00006420	1	1	1	0	1.0	1.0	1.0	0	1	0	0.0
GC_00006421	1	1	1	0	1.0	1.0	1.0	0	1	0	0.0
GC_00006422	1	1	1	0	1.0	1.0	1.0	0	1	0	0.0
GC_00006423	1	1	1	0	1.0	1.0	1.0	0	1	0	0.0
GC_00006424	1	1	1	0	1.0	1.0	1.0	0	1	0	0.0
GC_00006425	1	1	1	0	1.0	1.0	1.0	0	1	0	0.0
GC_00006426	1	1	1	0	1.0	1.0	1.0	0	1	0	0.0
GC_00006427	1	1	1	0	1.0	1.0	1.0	0	1	0	0.0
GC_00006428	1	1	1	0	1.0	1.0	1.0	0	1	0	0.0
GC_00006429	1	1	1	0	1.0	1.0	1.0	0	1	0	0.0
GC_00006430	1	1	1	0	1.0	1.0	1.0	0	1	0	0.0
GC_00006431	1	1	1	0	1.0	1.0	1.0	0	1	0	0.0
GC_00006432	1	1	1	0	1.0	1.0	1.0	0	1	0	0.0
GC_00006433	1	1	1	0	1.0	1.0	1.0	0	1	0	0.0
GC_00006434	1	1	1	0	1.0	1.0	1.0	0	1	0	0.0
GC_00006435	1	1	1	0	1.0	1.0	1.0	0	1	0	0.0
GC_00006436	1	1	1	0	1.0	1.0	1.0	0	1	0	0.0
GC_00006437	1	1	1	0	1.0	1.0	1.0	1	0	0	1.0
GC_00006438	1	1	1	0	1.0	1.0	1.0	0	1	0	0.0
GC_00006439	1	1	1	0	1.0	1.0	1.0	0	1	0	0.0
GC_00006440	1	1	1	0	1.0	1.0	1.0	0	1	0	0.0
GC_00006441	1	1	1	0	1.0	1.0	1.0	0	1	0	0.0
GC_00006442	1	1	1	0	1.0	1.0	1.0	0	1	0	0.0
GC_00006443	1	1	1	0	1.0	1.0	1.0	0	1	0	0.0
GC_00006444	1	1	1	0	1.0	1.0	1.0	0	1	0	0.0
GC_00006445	1	1	1	0	1.0	1.0	1.0	0	1	0	0.0
GC_00006446	1	1	1	0	1.0	1.0	1.0	0	1	0	0.0
GC_00006447	1	1	1	0	1.0	1.0	1.0	0	1	0	0.0
GC_00006448	1	1	1	0	1.0	1.0	1.0	0	1	0	0.0
GC_00006449	1	1	1	0	1.0	1.0	1.0	0	1	0	0.0
GC_00006450	1	1	1	0	1.0	1.0	1.0	0	1	0	0.0
GC_00006451	1	1	1	0	1.0	1.0	1.0	0	1	0	0.0
GC_00006452	1	1	1	0	1.0	1.0	1.0	0	1	0	0.0
GC_00006453	1	1	1	0	1.0	1.0	1.0	0	1	0	0.0
GC_00006454	1	1	1	0	1.0	1.0	1.0	0	1	0	0.0
GC_00006455	1	1	1	0	1.0	1.0	1.0	0	1	0	0.0
GC_00006456	1	1	1	0	1.0	1.0	1.0	0	1	0	0.0
GC_00006457	1	1	1	0	1.0	1.0	1.0	0	1	0	0.0
GC_00006458	1	1	1	0	1.0	1.0	1.0	0	1	0	0.0
GC_00006459	1	1	1	0	1.0	1.0	1.0	0	1	0	0.0
GC_00006460	1	1	1	0	1.0	1.0	1.0	0	1	0	0.0
GC_00006461	1	1	1	0	1.0	1.0	1.0	0	1	0	0.0
GC_00006462	1	1	1	0	1.0	1.0	1.0	0	1	0	0.0
GC_00006463	1	1	1	0	1.0	1.0	1.0	0	1	0	0.0
GC_00006464	1	1	1	0	1.0	1.0	1.0	0	1	0	0.0
GC_00006465	1	1	1	0	1.0	1.0	1.0	0	1	0	0.0
GC_00006466	1	1	1	0	1.0	1.0	1.0	0	1	0	0.0
GC_00006467	1	1	1	0	1.0	1.0	1.0	0	1	0	0.0
GC_00006468	1	1	1	0	1.0	1.0	1.0	0	1	0	0.0
GC_00006469	1	1	1	0	1.0	1.0	1.0	0	1	0	0.0
GC_00006470	1	1	1	0	1.0	1.0	1.0	0	1	0	0.0
GC_00006471	1	1	1	0	1.0	1.0	1.0	0	1	0	0.0
GC_00006472	1	1	1	0	1.0	1.0	1.0	0	1	0	0.0
GC_00006473	1	1	1	0	1.0	1.0	1.0	0	1	0	0.0
GC_00006474	1	1	1	0	1.0	1.0	1.0	0	1	0	0.0
GC_00006475	1	1	1	0	1.0	1.0	1.0	0	1	0	0.0
GC_00006476	1	1	1	0	1.0	1.0	1.0	0	1	0	0.0
GC_00006477	1	1	1	0	1.0	1.0	1.0	0	1	0	0.0
GC_00006478	1	1	1	0	1.0	1.0	1.0	0	1	0	0.0
GC_00006479	1	1	1	0	1.0	1.0	1.0	0	1	0	0.0
GC_00006480	1	1	1	0	1.0	1.0	1.0	0	1	0	0.0
GC_00006481	1	1	1	0	1.0	1.0	1.0	0	1	0	0.0
GC_00006482	1	1	1	0	1.0	1.0	1.0	0	1	0	0.0
GC_00006483	1	1	1	0	1.0	1.0	1.0	0	1	0	0.0
GC_00006484	1	1	1	0	1.0	1.0	1.0	0	1	0	0.0
GC_00006485	1	1	1	0	1.0	1.0	1.0	0	1	0	0.0
GC_00006486	1	1	1	0	1.0	1.0	1.0	0	1	0	0.0
GC_00006487	1	1	1	0	1.0	1.0	1.0	0	1	0	0.0
GC_00006488	1	1	1	0	1.0	1.0	1.0	0	1	0	0.0
GC_00006489	1	1	1	0	1.0	1.0	1.0	0	1	0	0.0
GC_00006490	1	1	1	0	1.0	1.0	1.0	0	1	0	0.0
GC_00006491	1	1	1	0	1.0	1.0	1.0	0	1	0	0.0
GC_00006492	1	1	1	0	1.0	1.0	1.0	0	1	0	0.0
GC_00006493	1	1	1	0	1.0	1.0	1.0	0	1	0	0.0
GC_00006494	1	1	1	0	1.0	1.0	1.0	0	1	0	0.0
GC_00006495	1	1	1	0	1.0	1.0	1.0	0	1	0	0.0
GC_00006496	1	1	1	0	1.0	1.0	1.0	0	1	0	0.0
GC_00006497	1	1	1	0	1.0	1.0	1.0	0	1	0	0.0
GC_00006498	1	1	1	0	1.0	1.0	1.0	0	1	0	0.0
GC_00006499	1	1	1	0	1.0	1.0	1.0	0	1	0	0.0
GC_00006500	1	1	1	0	1.0	1.0	1.0	0	1	0	0.0
GC_00006501	1	1	1	0	1.0	1.0	1.0	0	1	0	0.0
GC_00006502	1	1	1	0	1.0	1.0	1.0	0	1	0	0.0
GC_00006503	1	1	1	0	1.0	1.0	1.0	0	1	0	0.0
GC_00006504	1	1	1	0	1.0	1.0	1.0	0	1	0	0.0
GC_00006505	1	1	1	0	1.0	1.0	1.0	0	1	0	0.0
GC_00006506	1	1	1	0	1.0	1.0	1.0	0	1	0	0.0
GC_00006507	1	1	1	0	1.0	1.0	1.0	0	1	0	0.0
GC_00006508	1	1	1	0	1.0	1.0	1.0	0	1	0	0.0
GC_00006509	1	1	1	0	1.0	1.0	1.0	0	1	0	0.0
GC_00006510	1	1	1	0	1.0	1.0	1.0	0	1	0	0.0
GC_00006511	1	1	1	0	1.0	1.0	1.0	0	1	0	0.0
GC_00006512	1	1	1	0	1.0	1.0	1.0	0	1	0	0.0
GC_00006513	1	1	1	0	1.0	1.0	1.0	0	1	0	0.0
GC_00006514	1	1	1	0	1.0	1.0	1.0	0	1	0	0.0
GC_00006515	1	1	1	0	1.0	1.0	1.0	0	1	0	0.0
GC_00006516	1	1	1	0	1.0	1.0	1.0	0	1	0	0.0
GC_00006517	1	1	1	0	1.0	1.0	1.0	0	1	0	0.0
GC_00006518	1	1	1	0	1.0	1.0	1.0	0	1	0	0.0
GC_00006519	1	1	1	0	1.0	1.0	1.0	0	1	0	0.0
GC_00006520	1	1	1	0	1.0	1.0	1.0	0	1	0	0.0
GC_00006521	1	1	1	0	1.0	1.0	1.0	0	1	0	0.0
GC_00006522	1	1	1	0	1.0	1.0	1.0	0	1	0	0.0
GC_00006523	1	1	1	0	1.0	1.0	1.0	0	1	0	0.0
GC_00006524	1	1	1	0	1.0	1.0	1.0	0	1	0	0.0
GC_00006525	1	1	1	0	1.0	1.0	1.0	0	1	0	0.0
GC_00006526	1	1	1	0	1.0	1.0	1.0	1	0	0	1.0
GC_00006527	1	1	1	0	1.0	1.0	1.0	0	1	0	0.0
GC_00006528	1	1	1	0	1.0	1.0	1.0	0	1	0	0.0
GC_00006529	1	1	1	0	1.0	1.0	1.0	0	1	0	0.0
GC_00006530	1	1	1	0	1.0	1.0	1.0	0	1	0	0.0
GC_00006531	1	1	1	0	1.0	1.0	1.0	0	1	0	0.0
GC_00006532	1	1	1	0	1.0	1.0	1.0	0	1	0	0.0
GC_00006533	1	1	1	0	1.0	1.0	1.0	0	1	0	0.0
GC_00006534	1	1	1	0	1.0	1.0	1.0	0	1	0	0.0
GC_00006535	1	1	1	0	1.0	1.0	1.0	0	1	0	0.0
GC_00006536	1	1	1	0	1.0	1.0	1.0	0	1	0	0.0
GC_00006537	1	1	1	0	1.0	1.0	1.0	0	1	0	0.0
GC_00006538	1	1	1	0	1.0	1.0	1.0	0	1	0	0.0
GC_00006539	1	1	1	0	1.0	1.0	1.0	0	1	0	0.0
GC_00006540	1	1	1	0	1.0	1.0	1.0	0	1	0	0.0
GC_00006541	1	1	1	0	1.0	1.0	1.0	0	1	0	0.0
GC_00006542	1	1	1	0	1.0	1.0	1.0	0	1	0	0.0
GC_00006543	1	1	1	0	1.0	1.0	1.0	0	1	0	0.0
GC_00006544	1	1	1	0	1.0	1.0	1.0	0	1	0	0.0
GC_00006545	1	1	1	0	1.0	1.0	1.0	0	1	0	0.0
GC_00006546	1	1	1	0	1.0	1.0	1.0	0	1	0	0.0
GC_00006547	1	1	1	0	1.0	1.0	1.0	0	1	0	0.0
GC_00006548	1	1	1	0	1.0	1.0	1.0	0	1	0	0.0
GC_00006549	1	1	1	0	1.0	1.0	1.0	0	1	0	0.0
GC_00006550	1	1	1	0	1.0	1.0	1.0	0	1	0	0.0
GC_00006551	1	1	1	0	1.0	1.0	1.0	0	1	0	0.0
GC_00006552	1	1	1	0	1.0	1.0	1.0	0	1	0	0.0
GC_00006553	1	1	1	0	1.0	1.0	1.0	0	1	0	0.0
GC_00006554	1	1	1	0	1.0	1.0	1.0	0	1	0	0.0
GC_00006555	1	1	1	0	1.0	1.0	1.0	0	1	0	0.0
GC_00006556	1	1	1	0	1.0	1.0	1.0	0	1	0	0.0
GC_00006557	1	1	1	0	1.0	1.0	1.0	0	1	0	0.0
GC_00006558	1	1	1	0	1.0	1.0	1.0	0	1	0	0.0
GC_00006559	1	1	1	0	1.0	1.0	1.0	0	1	0	0.0
GC_00006560	1	1	1	0	1.0	1.0	1.0	0	1	0	0.0
GC_00006561	1	1	1	0	1.0	1.0	1.0	0	1	0	0.0
GC_00006562	1	1	1	0	1.0	1.0	1.0	0	1	0	0.0
GC_00006563	1	1	1	0	1.0	1.0	1.0	0	1	0	0.0
GC_00006564	1	1	1	0	1.0	1.0	1.0	0	1	0	0.0
GC_00006565	1	1	1	0	1.0	1.0	1.0	0	1	0	0.0
GC_00006566	1	1	1	0	1.0	1.0	1.0	0	1	0	0.0
GC_00006567	1	1	1	0	1.0	1.0	1.0	0	1	0	0.0
GC_00006568	1	1	1	0	1.0	1.0	1.0	0	1	0	0.0
GC_00006569	1	1	1	0	1.0	1.0	1.0	0	1	0	0.0
GC_00006570	1	1	1	0	1.0	1.0	1.0	0	1	0	0.0
GC_00006571	1	1	1	0	1.0	1.0	1.0	0	1	0	0.0
GC_00006572	1	1	1	0	1.0	1.0	1.0	0	1	0	0.0
GC_00006573	1	1	1	0	1.0	1.0	1.0	0	1	0	0.0
GC_00006574	1	1	1	0	1.0	1.0	1.0	0	1	0	0.0
GC_00006575	1	1	1	0	1.0	1.0	1.0	0	1	0	0.0
GC_00006576	1	1	1	0	1.0	1.0	1.0	0	1	0	0.0
GC_00006577	1	1	1	0	1.0	1.0	1.0	0	1	0	0.0
GC_00006578	1	1	1	0	1.0	1.0	1.0	0	1	0	0.0
GC_00006579	1	1	1	0	1.0	1.0	1.0	0	1	0	0.0
GC_00006580	1	1	1	0	1.0	1.0	1.0	0	1	0	0.0
GC_00006581	1	1	1	0	1.0	1.0	1.0	0	1	0	0.0
GC_00006582	1	1	1	0	1.0	1.0	1.0	0	1	0	0.0
GC_00006583	1	1	1	0	1.0	1.0	1.0	0	1	0	0.0
GC_00006584	1	1	1	0	1.0	1.0	1.0	0	1	0	0.0
GC_00006585	1	1	1	0	1.0	1.0	1.0	0	1	0	0.0
GC_00006586	1	1	1	0	1.0	1.0	1.0	0	1	0	0.0
GC_00006587	1	1	1	0	1.0	1.0	1.0	0	1	0	0.0
GC_00006588	1	1	1	0	1.0	1.0	1.0	0	1	0	0.0
GC_00006589	1	1	1	0	1.0	1.0	1.0	0	1	0	0.0
GC_00006590	1	1	1	0	1.0	1.0	1.0	0	1	0	0.0
GC_00006591	1	1	1	0	1.0	1.0	1.0	0	1	0	0.0
GC_00006592	1	1	1	0	1.0	1.0	1.0	0	1	0	0.0
GC_00006593	1	1	1	0	1.0	1.0	1.0	0	1	0	0.0
GC_00006594	1	1	1	0	1.0	1.0	1.0	0	1	0	0.0
GC_00006595	1	1	1	0	1.0	1.0	1.0	0	1	0	0.0
GC_00006596	1	1	1	0	1.0	1.0	1.0	0	1	0	0.0
GC_00006597	1	1	1	0	1.0	1.0	1.0	0	1	0	0.0
GC_00006598	1	1	1	0	1.0	1.0	1.0	0	1	0	0.0
GC_00006599	1	1	1	0	1.0	1.0	1.0	0	1	0	0.0
GC_00006600	1	1	1	0	1.0	1.0	1.0	0	1	0	0.0
GC_00006601	1	1	1	0	1.0	1.0	1.0	0	1	0	0.0
GC_00006602	1	1	1	0	1.0	1.0	1.0	0	1	0	0.0
GC_00006603	1	1	1	0	1.0	1.0	1.0	0	1	0	0.0
GC_00006604	1	1	1	0	1.0	1.0	1.0	0	1	0	0.0
GC_00006605	1	1	1	0	1.0	1.0	1.0	0	1	0	0.0
GC_00006606	1	1	1	0	1.0	1.0	1.0	0	1	0	0.0
GC_00006607	1	1	1	0	1.0	1.0	1.0	0	1	0	0.0
GC_00006608	1	1	1	0	1.0	1.0	1.0	0	1	0	0.0
GC_00006609	1	1	1	0	1.0	1.0	1.0	0	1	0	0.0
GC_00006610	1	1	1	0	1.0	1.0	1.0	0	1	0	0.0
GC_00006611	1	1	1	0	1.0	1.0	1.0	0	1	0	0.0
GC_00006612	1	1	1	0	1.0	1.0	1.0	0	1	0	0.0
GC_00006613	1	1	1	0	1.0	1.0	1.0	0	1	0	0.0
GC_00006614	1	1	1	0	1.0	1.0	1.0	0	1	0	0.0
GC_00006615	1	1	1	0	1.0	1.0	1.0	0	1	0	0.0
GC_00006616	1	1	1	0	1.0	1.0	1.0	0	1	0	0.0
GC_00006617	1	1	1	0	1.0	1.0	1.0	0	1	0	0.0
GC_00006618	1	1	1	0	1.0	1.0	1.0	0	1	0	0.0
GC_00006619	1	1	1	0	1.0	1.0	1.0	0	1	0	0.0
GC_00006620	1	1	1	0	1.0	1.0	1.0	0	1	0	0.0
GC_00006621	1	1	1	0	1.0	1.0	1.0	0	1	0	0.0
GC_00006622	1	1	1	0	1.0	1.0	1.0	0	1	0	0.0
GC_00006623	1	1	1	0	1.0	1.0	1.0	0	1	0	0.0
GC_00006624	1	1	1	0	1.0	1.0	1.0	0	1	0	0.0
GC_00006625	1	1	1	0	1.0	1.0	1.0	0	1	0	0.0
GC_00006626	1	1	1	0	1.0	1.0	1.0	0	1	0	0.0
GC_00006627	1	1	1	0	1.0	1.0	1.0	0	1	0	0.0
GC_00006628	1	1	1	0	1.0	1.0	1.0	0	1	0	0.0
GC_00006629	1	1	1	0	1.0	1.0	1.0	0	1	0	0.0
GC_00006630	1	1	1	0	1.0	1.0	1.0	0	1	0	0.0
GC_00006631	1	1	1	0	1.0	1.0	1.0	0	1	0	0.0
GC_00006632	1	1	1	0	1.0	1.0	1.0	0	1	0	0.0
GC_00006633	1	1	1	0	1.0	1.0	1.0	0	1	0	0.0
GC_00006634	1	1	1	0	1.0	1.0	1.0	0	1	0	0.0
GC_00006635	1	1	1	0	1.0	1.0	1.0	0	1	0	0.0
GC_00006636	1	1	1	0	1.0	1.0	1.0	0	1	0	0.0
GC_00006637	1	1	1	0	1.0	1.0	1.0	0	1	0	0.0
GC_00006638	1	1	1	0	1.0	1.0	1.0	0	1	0	0.0
GC_00006639	1	1	1	0	1.0	1.0	1.0	0	1	0	0.0
GC_00006640	1	1	1	0	1.0	1.0	1.0	0	1	0	0.0
GC_00006641	1	1	1	0	1.0	1.0	1.0	0	1	0	0.0
GC_00006642	1	1	1	0	1.0	1.0	1.0	0	1	0	0.0
GC_00006643	1	1	1	0	1.0	1.0	1.0	0	1	0	0.0
GC_00006644	1	1	1	0	1.0	1.0	1.0	0	1	0	0.0
GC_00006645	1	1	1	0	1.0	1.0	1.0	0	1	0	0.0
GC_00006646	1	1	1	0	1.0	1.0	1.0	0	1	0	0.0
GC_00006647	1	1	1	0	1.0	1.0	1.0	0	1	0	0.0
GC_00006648	1	1	1	0	1.0	1.0	1.0	0	1	0	0.0
GC_00006649	1	1	1	0	1.0	1.0	1.0	0	1	0	0.0
GC_00006650	1	1	1	0	1.0	1.0	1.0	0	1	0	0.0
GC_00006651	1	1	1	0	1.0	1.0	1.0	0	1	0	0.0
GC_00006652	1	1	1	0	1.0	1.0	1.0	0	1	0	0.0
GC_00006653	1	1	1	0	1.0	1.0	1.0	0	1	0	0.0
GC_00006654	1	1	1	0	1.0	1.0	1.0	0	1	0	0.0
GC_00006655	1	1	1	0	1.0	1.0	1.0	0	1	0	0.0
GC_00006656	1	1	1	0	1.0	1.0	1.0	0	1	0	0.0
GC_00006657	1	1	1	0	1.0	1.0	1.0	0	1	0	0.0
GC_00006658	1	1	1	0	1.0	1.0	1.0	0	1	0	0.0
GC_00006659	1	1	1	0	1.0	1.0	1.0	0	1	0	0.0
GC_00006660	1	1	1	0	1.0	1.0	1.0	0	1	0	0.0
GC_00006661	1	1	1	0	1.0	1.0	1.0	0	1	0	0.0
GC_00006662	1	1	1	0	1.0	1.0	1.0	0	1	0	0.0
GC_00006663	1	1	1	0	1.0	1.0	1.0	0	1	0	0.0
GC_00006664	1	1	1	0	1.0	1.0	1.0	0	1	0	0.0
GC_00006665	1	1	1	0	1.0	1.0	1.0	0	1	0	0.0
GC_00006666	1	1	1	0	1.0	1.0	1.0	0	1	0	0.0
GC_00006667	1	1	1	0	1.0	1.0	1.0	0	1	0	0.0
GC_00006668	1	1	1	0	1.0	1.0	1.0	0	1	0	0.0
GC_00006669	1	1	1	0	1.0	1.0	1.0	0	1	0	0.0
GC_00006670	1	1	1	0	1.0	1.0	1.0	0	1	0	0.0
GC_00006671	1	1	1	0	1.0	1.0	1.0	0	1	0	0.0
GC_00006672	1	1	1	0	1.0	1.0	1.0	0	1	0	0.0
GC_00006673	1	1	1	0	1.0	1.0	1.0	0	1	0	0.0
GC_00006674	1	1	1	0	1.0	1.0	1.0	0	1	0	0.0
GC_00006675	1	1	1	0	1.0	1.0	1.0	0	1	0	0.0
GC_00006676	1	1	1	0	1.0	1.0	1.0	0	1	0	0.0
GC_00006677	1	1	1	0	1.0	1.0	1.0	0	1	0	0.0
GC_00006678	1	1	1	0	1.0	1.0	1.0	0	1	0	0.0
GC_00006679	1	1	1	0	1.0	1.0	1.0	0	1	0	0.0
GC_00006680	1	1	1	0	1.0	1.0	1.0	0	1	0	0.0
GC_00006681	1	1	1	0	1.0	1.0	1.0	1	0	0	1.0
GC_00006682	1	1	1	0	1.0	1.0	1.0	0	1	0	0.0
GC_00006683	1	1	1	0	1.0	1.0	1.0	0	1	0	0.0
GC_00006684	1	1	1	0	1.0	1.0	1.0	0	1	0	0.0
GC_00006685	1	1	1	0	1.0	1.0	1.0	0	1	0	0.0
GC_00006686	1	1	1	0	1.0	1.0	1.0	1	0	0	1.0
GC_00006687	1	1	1	0	1.0	1.0	1.0	0	1	0	0.0
GC_00006688	1	1	1	0	1.0	1.0	1.0	0	1	0	0.0
GC_00006689	1	1	1	0	1.0	1.0	1.0	0	1	0	0.0
GC_00006690	1	1	1	0	1.0	1.0	1.0	0	1	0	0.0
GC_00006691	1	1	1	0	1.0	1.0	1.0	0	1	0	0.0
GC_00006692	1	1	1	0	1.0	1.0	1.0	0	1	0	0.0
GC_00006693	1	1	1	0	1.0	1.0	1.0	0	1	0	0.0
GC_00006694	1	1	1	0	1.0	1.0	1.0	0	1	0	0.0
GC_00006695	1	1	1	0	1.0	1.0	1.0	0	1	0	0.0
GC_00006696	1	1	1	0	1.0	1.0	1.0	0	1	0	0.0
GC_00006697	1	1	1	0	1.0	1.0	1.0	0	1	0	0.0
GC_00006698	1	1	1	0	1.0	1.0	1.0	0	1	0	0.0
GC_00006699	1	1	1	0	1.0	1.0	1.0	0	1	0	0.0
GC_00006700	1	1	1	0	1.0	1.0	1.0	0	1	0	0.0
GC_00006701	1	1	1	0	1.0	1.0	1.0	0	1	0	0.0
GC_00006702	1	1	1	0	1.0	1.0	1.0	1	0	0	1.0
GC_00006703	1	1	1	0	1.0	1.0	1.0	0	1	0	0.0
GC_00006704	1	1	1	0	1.0	1.0	1.0	0	1	0	0.0
GC_00006705	1	1	1	0	1.0	1.0	1.0	0	1	0	0.0
GC_00006706	1	1	1	0	1.0	1.0	1.0	0	1	0	0.0
GC_00006707	1	1	1	0	1.0	1.0	1.0	0	1	0	0.0
GC_00006708	1	1	1	0	1.0	1.0	1.0	0	1	0	0.0
GC_00006709	1	1	1	0	1.0	1.0	1.0	0	1	0	0.0
GC_00006710	1	1	1	0	1.0	1.0	1.0	0	1	0	0.0
GC_00006711	1	1	1	0	1.0	1.0	1.0	0	1	0	0.0
GC_00006712	1	1	1	0	1.0	1.0	1.0	0	1	0	0.0
GC_00006713	1	1	1	0	1.0	1.0	1.0	0	1	0	0.0
GC_00006714	1	1	1	0	1.0	1.0	1.0	0	1	0	0.0
GC_00006715	1	1	1	0	1.0	1.0	1.0	0	1	0	0.0
GC_00006716	1	1	1	0	1.0	1.0	1.0	0	1	0	0.0
GC_00006717	1	1	1	0	1.0	1.0	1.0	0	1	0	0.0
GC_00006718	1	1	1	0	1.0	1.0	1.0	0	1	0	0.0
GC_00006719	1	1	1	0	1.0	1.0	1.0	0	1	0	0.0
GC_00006720	1	1	1	0	1.0	1.0	1.0	0	1	0	0.0
GC_00006721	1	1	1	0	1.0	1.0	1.0	0	1	0	0.0
GC_00006722	1	1	1	0	1.0	1.0	1.0	0	1	0	0.0
GC_00006723	1	1	1	0	1.0	1.0	1.0	0	1	0	0.0
GC_00006724	1	1	1	0	1.0	1.0	1.0	0	1	0	0.0
GC_00006725	1	1	1	0	1.0	1.0	1.0	0	1	0	0.0
GC_00006726	1	1	1	0	1.0	1.0	1.0	0	1	0	0.0
GC_00006727	1	1	1	0	1.0	1.0	1.0	0	1	0	0.0
GC_00006728	1	1	1	0	1.0	1.0	1.0	0	1	0	0.0
GC_00006729	1	1	1	0	1.0	1.0	1.0	0	1	0	0.0
GC_00006730	1	1	1	0	1.0	1.0	1.0	0	1	0	0.0
GC_00006731	1	1	1	0	1.0	1.0	1.0	0	1	0	0.0
GC_00006732	1	1	1	0	1.0	1.0	1.0	0	1	0	0.0
GC_00006733	1	1	1	0	1.0	1.0	1.0	0	1	0	0.0
GC_00006734	1	1	1	0	1.0	1.0	1.0	0	1	0	0.0
GC_00006735	1	1	1	0	1.0	1.0	1.0	0	1	0	0.0
GC_00006736	1	1	1	0	1.0	1.0	1.0	0	1	0	0.0
GC_00006737	1	1	1	0	1.0	1.0	1.0	0	1	0	0.0
GC_00006738	1	1	1	0	1.0	1.0	1.0	0	1	0	0.0
GC_00006739	1	1	1	0	1.0	1.0	1.0	0	1	0	0.0
GC_00006740	1	1	1	0	1.0	1.0	1.0	0	1	0	0.0
GC_00006741	1	1	1	0	1.0	1.0	1.0	0	1	0	0.0
GC_00006742	1	1	1	0	1.0	1.0	1.0	0	1	0	0.0
GC_00006743	1	1	1	0	1.0	1.0	1.0	0	1	0	0.0
GC_00006744	1	1	1	0	1.0	1.0	1.0	0	1	0	0.0
GC_00006745	1	1	1	0	1.0	1.0	1.0	0	1	0	0.0
GC_00006746	1	1	1	0	1.0	1.0	1.0	0	1	0	0.0
GC_00006747	1	1	1	0	1.0	1.0	1.0	0	1	0	0.0
GC_00006748	1	1	1	0	1.0	1.0	1.0	0	1	0	0.0
GC_00006749	1	1	1	0	1.0	1.0	1.0	0	1	0	0.0
GC_00006750	1	1	1	0	1.0	1.0	1.0	0	1	0	0.0
GC_00006751	1	1	1	0	1.0	1.0	1.0	0	1	0	0.0
GC_00006752	1	1	1	0	1.0	1.0	1.0	0	1	0	0.0
GC_00006753	1	1	1	0	1.0	1.0	1.0	0	1	0	0.0
GC_00006754	1	1	1	0	1.0	1.0	1.0	0	1	0	0.0
GC_00006755	1	1	1	0	1.0	1.0	1.0	0	1	0	0.0
GC_00006756	1	1	1	0	1.0	1.0	1.0	0	1	0	0.0
GC_00006757	1	1	1	0	1.0	1.0	1.0	0	1	0	0.0
GC_00006758	1	1	1	0	1.0	1.0	1.0	0	1	0	0.0
GC_00006759	1	1	1	0	1.0	1.0	1.0	0	1	0	0.0
GC_00006760	1	1	1	0	1.0	1.0	1.0	0	1	0	0.0
GC_00006761	1	1	1	0	1.0	1.0	1.0	0	1	0	0.0
GC_00006762	1	1	1	0	1.0	1.0	1.0	0	1	0	0.0
GC_00006763	1	1	1	0	1.0	1.0	1.0	0	1	0	0.0
GC_00006764	1	1	1	0	1.0	1.0	1.0	0	1	0	0.0
GC_00006765	1	1	1	0	1.0	1.0	1.0	0	1	0	0.0
GC_00006766	1	1	1	0	1.0	1.0	1.0	0	1	0	0.0
GC_00006767	1	1	1	0	1.0	1.0	1.0	0	1	0	0.0
GC_00006768	1	1	1	0	1.0	1.0	1.0	0	1	0	0.0
GC_00006769	1	1	1	0	1.0	1.0	1.0	0	1	0	0.0
GC_00006770	1	1	1	0	1.0	1.0	1.0	0	1	0	0.0
GC_00006771	1	1	1	0	1.0	1.0	1.0	0	1	0	0.0
GC_00006772	1	1	1	0	1.0	1.0	1.0	0	1	0	0.0
GC_00006773	1	1	1	0	1.0	1.0	1.0	0	1	0	0.0
GC_00006774	1	1	1	0	1.0	1.0	1.0	0	1	0	0.0
GC_00006775	1	1	1	0	1.0	1.0	1.0	0	1	0	0.0
GC_00006776	1	1	1	0	1.0	1.0	1.0	0	1	0	0.0
GC_00006777	1	1	1	0	1.0	1.0	1.0	0	1	0	0.0
GC_00006778	1	1	1	0	1.0	1.0	1.0	0	1	0	0.0
GC_00006779	1	1	1	0	1.0	1.0	1.0	0	1	0	0.0
GC_00006780	1	1	1	0	1.0	1.0	1.0	0	1	0	0.0
GC_00006781	1	1	1	0	1.0	1.0	1.0	0	1	0	0.0
GC_00006782	1	1	1	0	1.0	1.0	1.0	0	1	0	0.0
GC_00006783	1	1	1	0	1.0	1.0	1.0	0	1	0	0.0
GC_00006784	1	1	1	0	1.0	1.0	1.0	0	1	0	0.0
GC_00006785	1	1	1	0	1.0	1.0	1.0	0	1	0	0.0
GC_00006786	1	1	1	0	1.0	1.0	1.0	0	1	0	0.0
GC_00006787	1	1	1	0	1.0	1.0	1.0	0	1	0	0.0
GC_00006788	1	1	1	0	1.0	1.0	1.0	0	1	0	0.0
GC_00006789	1	1	1	0	1.0	1.0	1.0	0	1	0	0.0
GC_00006790	1	1	1	0	1.0	1.0	1.0	0	1	0	0.0
GC_00006791	1	1	1	0	1.0	1.0	1.0	0	1	0	0.0
GC_00006792	1	1	1	0	1.0	1.0	1.0	0	1	0	0.0
GC_00006793	1	1	1	0	1.0	1.0	1.0	0	1	0	0.0
GC_00006794	1	1	1	0	1.0	1.0	1.0	0	1	0	0.0
GC_00006795	1	1	1	0	1.0	1.0	1.0	0	1	0	0.0
GC_00006796	1	1	1	0	1.0	1.0	1.0	0	1	0	0.0
GC_00006797	1	1	1	0	1.0	1.0	1.0	0	1	0	0.0
GC_00006798	1	1	1	0	1.0	1.0	1.0	0	1	0	0.0
GC_00006799	1	1	1	0	1.0	1.0	1.0	1	0	0	1.0
GC_00006800	1	1	1	0	1.0	1.0	1.0	0	1	0	0.0
GC_00006801	1	1	1	0	1.0	1.0	1.0	0	1	0	0.0
GC_00006802	1	1	1	0	1.0	1.0	1.0	0	1	0	0.0
GC_00006803	1	1	1	0	1.0	1.0	1.0	0	1	0	0.0
GC_00006804	1	1	1	0	1.0	1.0	1.0	0	1	0	0.0
GC_00006805	1	1	1	0	1.0	1.0	1.0	0	1	0	0.0
GC_00006806	1	1	1	0	1.0	1.0	1.0	0	1	0	0.0
GC_00006807	1	1	1	0	1.0	1.0	1.0	0	1	0	0.0
GC_00006808	1	1	1	0	1.0	1.0	1.0	0	1	0	0.0
GC_00006809	1	1	1	0	1.0	1.0	1.0	0	1	0	0.0
GC_00006810	1	1	1	0	1.0	1.0	1.0	0	1	0	0.0
GC_00006811	1	1	1	0	1.0	1.0	1.0	0	1	0	0.0
GC_00006812	1	1	1	0	1.0	1.0	1.0	0	1	0	0.0
GC_00006813	1	1	1	0	1.0	1.0	1.0	0	1	0	0.0
GC_00006814	1	1	1	0	1.0	1.0	1.0	0	1	0	0.0
GC_00006815	1	1	1	0	1.0	1.0	1.0	0	1	0	0.0
GC_00006816	1	1	1	0	1.0	1.0	1.0	0	1	0	0.0
GC_00006817	1	1	1	0	1.0	1.0	1.0	0	1	0	0.0
GC_00006818	1	1	1	0	1.0	1.0	1.0	0	1	0	0.0
GC_00006819	1	1	1	0	1.0	1.0	1.0	0	1	0	0.0
GC_00006820	1	1	1	0	1.0	1.0	1.0	0	1	0	0.0
GC_00006821	1	1	1	0	1.0	1.0	1.0	0	1	0	0.0
GC_00006822	1	1	1	0	1.0	1.0	1.0	0	1	0	0.0
GC_00006823	1	1	1	0	1.0	1.0	1.0	0	1	0	0.0
GC_00006824	1	1	1	0	1.0	1.0	1.0	0	1	0	0.0
GC_00006825	1	1	1	0	1.0	1.0	1.0	0	1	0	0.0
GC_00006826	1	1	1	0	1.0	1.0	1.0	0	1	0	0.0
GC_00006827	1	1	1	0	1.0	1.0	1.0	0	1	0	0.0
GC_00006828	1	1	1	0	1.0	1.0	1.0	0	1	0	0.0
GC_00006829	1	1	1	0	1.0	1.0	1.0	0	1	0	0.0
GC_00006830	1	1	1	0	1.0	1.0	1.0	0	1	0	0.0
GC_00006831	1	1	1	0	1.0	1.0	1.0	0	1	0	0.0
GC_00006832	1	1	1	0	1.0	1.0	1.0	0	1	0	0.0
GC_00006833	1	1	1	0	1.0	1.0	1.0	1	0	0	1.0
GC_00006834	1	1	1	0	1.0	1.0	1.0	0	1	0	0.0
GC_00006835	1	1	1	0	1.0	1.0	1.0	0	1	0	0.0
GC_00006836	1	1	1	0	1.0	1.0	1.0	0	1	0	0.0
GC_00006837	1	1	1	0	1.0	1.0	1.0	0	1	0	0.0
GC_00006838	1	1	1	0	1.0	1.0	1.0	0	1	0	0.0
GC_00006839	1	1	1	0	1.0	1.0	1.0	0	1	0	0.0
GC_00006840	1	1	1	0	1.0	1.0	1.0	0	1	0	0.0
GC_00006841	1	1	1	0	1.0	1.0	1.0	0	1	0	0.0
GC_00006842	1	1	1	0	1.0	1.0	1.0	0	1	0	0.0
GC_00006843	1	1	1	0	1.0	1.0	1.0	0	1	0	0.0
GC_00006844	1	1	1	0	1.0	1.0	1.0	0	1	0	0.0
GC_00006845	1	1	1	0	1.0	1.0	1.0	0	1	0	0.0
GC_00006846	1	1	1	0	1.0	1.0	1.0	0	1	0	0.0
GC_00006847	1	1	1	0	1.0	1.0	1.0	0	1	0	0.0
GC_00006848	1	1	1	0	1.0	1.0	1.0	0	1	0	0.0
GC_00006849	1	1	1	0	1.0	1.0	1.0	0	1	0	0.0
GC_00006850	1	1	1	0	1.0	1.0	1.0	0	1	0	0.0
GC_00006851	1	1	1	0	1.0	1.0	1.0	0	1	0	0.0
GC_00006852	1	1	1	0	1.0	1.0	1.0	0	1	0	0.0
GC_00006853	1	1	1	0	1.0	1.0	1.0	1	0	0	1.0
GC_00006854	1	1	1	0	1.0	1.0	1.0	0	1	0	0.0
GC_00006855	1	1	1	0	1.0	1.0	1.0	0	1	0	0.0
GC_00006856	1	1	1	0	1.0	1.0	1.0	0	1	0	0.0
GC_00006857	1	1	1	0	1.0	1.0	1.0	0	1	0	0.0
GC_00006858	1	1	1	0	1.0	1.0	1.0	1	0	0	1.0
GC_00006859	1	1	1	0	1.0	1.0	1.0	0	1	0	0.0
GC_00006860	1	1	1	0	1.0	1.0	1.0	0	1	0	0.0
GC_00006861	1	1	1	0	1.0	1.0	1.0	1	0	0	1.0
GC_00006862	1	1	1	0	1.0	1.0	1.0	0	1	0	0.0
GC_00006863	1	1	1	0	1.0	1.0	1.0	0	1	0	0.0
GC_00006864	1	1	1	0	1.0	1.0	1.0	0	1	0	0.0
GC_00006865	1	1	1	0	1.0	1.0	1.0	0	1	0	0.0
GC_00006866	1	1	1	0	1.0	1.0	1.0	0	1	0	0.0
GC_00006867	1	1	1	0	1.0	1.0	1.0	0	1	0	0.0
GC_00006868	1	1	1	0	1.0	1.0	1.0	0	1	0	0.0
GC_00006869	1	1	1	0	1.0	1.0	1.0	0	1	0	0.0
GC_00006870	1	1	1	0	1.0	1.0	1.0	0	1	0	0.0
GC_00006871	1	1	1	0	1.0	1.0	1.0	0	1	0	0.0
GC_00006872	1	1	1	0	1.0	1.0	1.0	0	1	0	0.0
GC_00006873	1	1	1	0	1.0	1.0	1.0	0	1	0	0.0
GC_00006874	1	1	1	0	1.0	1.0	1.0	0	1	0	0.0
GC_00006875	1	1	1	0	1.0	1.0	1.0	0	1	0	0.0
GC_00006876	1	1	1	0	1.0	1.0	1.0	0	1	0	0.0
GC_00006877	1	1	1	0	1.0	1.0	1.0	0	1	0	0.0
GC_00006878	1	1	1	0	1.0	1.0	1.0	0	1	0	0.0
GC_00006879	1	1	1	0	1.0	1.0	1.0	0	1	0	0.0
GC_00006880	1	1	1	0	1.0	1.0	1.0	0	1	0	0.0
GC_00006881	1	1	1	0	1.0	1.0	1.0	0	1	0	0.0
GC_00006882	1	1	1	0	1.0	1.0	1.0	0	1	0	0.0
GC_00006883	1	1	1	0	1.0	1.0	1.0	0	1	0	0.0
GC_00006884	1	1	1	0	1.0	1.0	1.0	0	1	0	0.0
GC_00006885	1	1	1	0	1.0	1.0	1.0	0	1	0	0.0
GC_00006886	1	1	1	0	1.0	1.0	1.0	0	1	0	0.0
GC_00006887	1	1	1	0	1.0	1.0	1.0	0	1	0	0.0
GC_00006888	1	1	1	0	1.0	1.0	1.0	0	1	0	0.0
GC_00006889	1	1	1	0	1.0	1.0	1.0	0	1	0	0.0
GC_00006890	1	1	1	0	1.0	1.0	1.0	0	1	0	0.0
GC_00006891	1	1	1	0	1.0	1.0	1.0	0	1	0	0.0
GC_00006892	1	1	1	0	1.0	1.0	1.0	0	1	0	0.0
GC_00006893	1	1	1	0	1.0	1.0	1.0	0	1	0	0.0
GC_00006894	1	1	1	0	1.0	1.0	1.0	0	1	0	0.0
GC_00006895	1	1	1	0	1.0	1.0	1.0	0	1	0	0.0
GC_00006896	1	1	1	0	1.0	1.0	1.0	0	1	0	0.0
GC_00006897	1	1	1	0	1.0	1.0	1.0	0	1	0	0.0
GC_00006898	1	1	1	0	1.0	1.0	1.0	0	1	0	0.0
GC_00006899	1	1	1	0	1.0	1.0	1.0	0	1	0	0.0
GC_00006900	1	1	1	0	1.0	1.0	1.0	0	1	0	0.0
GC_00006901	1	1	1	0	1.0	1.0	1.0	0	1	0	0.0
GC_00006902	1	1	1	0	1.0	1.0	1.0	0	1	0	0.0
GC_00006903	1	1	1	0	1.0	1.0	1.0	0	1	0	0.0
GC_00006904	1	1	1	0	1.0	1.0	1.0	0	1	0	0.0
GC_00006905	1	1	1	0	1.0	1.0	1.0	0	1	0	0.0
GC_00006906	1	1	1	0	1.0	1.0	1.0	0	1	0	0.0
GC_00006907	1	1	1	0	1.0	1.0	1.0	0	1	0	0.0
GC_00006908	1	1	1	0	1.0	1.0	1.0	0	1	0	0.0
GC_00006909	1	1	1	0	1.0	1.0	1.0	0	1	0	0.0
GC_00006910	1	1	1	0	1.0	1.0	1.0	0	1	0	0.0
GC_00006911	1	1	1	0	1.0	1.0	1.0	0	1	0	0.0
GC_00006912	1	1	1	0	1.0	1.0	1.0	0	1	0	0.0
GC_00006913	1	1	1	0	1.0	1.0	1.0	0	1	0	0.0
GC_00006914	1	1	1	0	1.0	1.0	1.0	0	1	0	0.0
GC_00006915	1	1	1	0	1.0	1.0	1.0	0	1	0	0.0
GC_00006916	1	1	1	0	1.0	1.0	1.0	0	1	0	0.0
GC_00006917	1	1	1	0	1.0	1.0	1.0	0	1	0	0.0
GC_00006918	1	1	1	0	1.0	1.0	1.0	0	1	0	0.0
GC_00006919	1	1	1	0	1.0	1.0	1.0	0	1	0	0.0
GC_00006920	1	1	1	0	1.0	1.0	1.0	0	1	0	0.0
GC_00006921	1	1	1	0	1.0	1.0	1.0	0	1	0	0.0
GC_00006922	1	1	1	0	1.0	1.0	1.0	1	0	0	1.0
GC_00006923	1	1	1	0	1.0	1.0	1.0	0	1	0	0.0
GC_00006924	1	1	1	0	1.0	1.0	1.0	0	1	0	0.0
GC_00006925	1	1	1	0	1.0	1.0	1.0	0	1	0	0.0
GC_00006926	1	1	1	0	1.0	1.0	1.0	0	1	0	0.0
GC_00006927	1	1	1	0	1.0	1.0	1.0	0	1	0	0.0
GC_00006928	1	1	1	0	1.0	1.0	1.0	0	1	0	0.0
GC_00006929	1	1	1	0	1.0	1.0	1.0	0	1	0	0.0
GC_00006930	1	1	1	0	1.0	1.0	1.0	0	1	0	0.0
GC_00006931	1	1	1	0	1.0	1.0	1.0	0	1	0	0.0
GC_00006932	1	1	1	0	1.0	1.0	1.0	0	1	0	0.0
GC_00006933	1	1	1	0	1.0	1.0	1.0	0	1	0	0.0
GC_00006934	1	1	1	0	1.0	1.0	1.0	0	1	0	0.0
GC_00006935	1	1	1	0	1.0	1.0	1.0	0	1	0	0.0
GC_00006936	1	1	1	0	1.0	1.0	1.0	0	1	0	0.0
GC_00006937	1	1	1	0	1.0	1.0	1.0	0	1	0	0.0
GC_00006938	1	1	1	0	1.0	1.0	1.0	0	1	0	0.0
GC_00006939	1	1	1	0	1.0	1.0	1.0	0	1	0	0.0
GC_00006940	1	1	1	0	1.0	1.0	1.0	0	1	0	0.0
GC_00006941	1	1	1	0	1.0	1.0	1.0	0	1	0	0.0
GC_00006942	1	1	1	0	1.0	1.0	1.0	0	1	0	0.0
GC_00006943	1	1	1	0	1.0	1.0	1.0	0	1	0	0.0
GC_00006944	1	1	1	0	1.0	1.0	1.0	0	1	0	0.0
GC_00006945	1	1	1	0	1.0	1.0	1.0	0	1	0	0.0
GC_00006946	1	1	1	0	1.0	1.0	1.0	0	1	0	0.0
GC_00006947	1	1	1	0	1.0	1.0	1.0	0	1	0	0.0
GC_00006948	1	1	1	0	1.0	1.0	1.0	0	1	0	0.0
GC_00006949	1	1	1	0	1.0	1.0	1.0	0	1	0	0.0
GC_00006950	1	1	1	0	1.0	1.0	1.0	0	1	0	0.0
GC_00006951	1	1	1	0	1.0	1.0	1.0	0	1	0	0.0
GC_00006952	1	1	1	0	1.0	1.0	1.0	0	1	0	0.0
GC_00006953	1	1	1	0	1.0	1.0	1.0	0	1	0	0.0
GC_00006954	1	1	1	0	1.0	1.0	1.0	0	1	0	0.0
GC_00006955	1	1	1	0	1.0	1.0	1.0	0	1	0	0.0
GC_00006956	1	1	1	0	1.0	1.0	1.0	0	1	0	0.0
GC_00006957	1	1	1	0	1.0	1.0	1.0	0	1	0	0.0
GC_00006958	1	1	1	0	1.0	1.0	1.0	0	1	0	0.0
GC_00006959	1	1	1	0	1.0	1.0	1.0	0	1	0	0.0
GC_00006960	1	1	1	0	1.0	1.0	1.0	0	1	0	0.0
GC_00006961	1	1	1	0	1.0	1.0	1.0	0	1	0	0.0
GC_00006962	1	1	1	0	1.0	1.0	1.0	0	1	0	0.0
GC_00006963	1	1	1	0	1.0	1.0	1.0	0	1	0	0.0
GC_00006964	1	1	1	0	1.0	1.0	1.0	0	1	0	0.0
GC_00006965	1	1	1	0	1.0	1.0	1.0	0	1	0	0.0
GC_00006966	1	1	1	0	1.0	1.0	1.0	0	1	0	0.0
GC_00006967	1	1	1	0	1.0	1.0	1.0	0	1	0	0.0
GC_00006968	1	1	1	0	1.0	1.0	1.0	0	1	0	0.0
GC_00006969	1	1	1	0	1.0	1.0	1.0	0	1	0	0.0
GC_00006970	1	1	1	0	1.0	1.0	1.0	0	1	0	0.0
GC_00006971	1	1	1	0	1.0	1.0	1.0	0	1	0	0.0
GC_00006972	1	1	1	0	1.0	1.0	1.0	0	1	0	0.0
GC_00006973	1	1	1	0	1.0	1.0	1.0	0	1	0	0.0
GC_00006974	1	1	1	0	1.0	1.0	1.0	0	1	0	0.0
GC_00006975	1	1	1	0	1.0	1.0	1.0	0	1	0	0.0
GC_00006976	1	1	1	0	1.0	1.0	1.0	0	1	0	0.0
GC_00006977	1	1	1	0	1.0	1.0	1.0	0	1	0	0.0
GC_00006978	1	1	1	0	1.0	1.0	1.0	0	1	0	0.0
GC_00006979	1	1	1	0	1.0	1.0	1.0	0	1	0	0.0
GC_00006980	1	1	1	0	1.0	1.0	1.0	0	1	0	0.0
GC_00006981	1	1	1	0	1.0	1.0	1.0	0	1	0	0.0
GC_00006982	1	1	1	0	1.0	1.0	1.0	0	1	0	0.0
GC_00006983	1	1	1	0	1.0	1.0	1.0	0	1	0	0.0
GC_00006984	1	1	1	0	1.0	1.0	1.0	0	1	0	0.0
GC_00006985	1	1	1	0	1.0	1.0	1.0	0	1	0	0.0
GC_00006986	1	1	1	0	1.0	1.0	1.0	0	1	0	0.0
GC_00006987	1	1	1	0	1.0	1.0	1.0	0	1	0	0.0
GC_00006988	1	1	1	0	1.0	1.0	1.0	0	1	0	0.0
GC_00006989	1	1	1	0	1.0	1.0	1.0	1	0	0	1.0
GC_00006990	1	1	1	0	1.0	1.0	1.0	0	1	0	0.0
GC_00006991	1	1	1	0	1.0	1.0	1.0	0	1	0	0.0
GC_00006992	1	1	1	0	1.0	1.0	1.0	0	1	0	0.0
GC_00006993	1	1	1	0	1.0	1.0	1.0	0	1	0	0.0
GC_00006994	1	1	1	0	1.0	1.0	1.0	0	1	0	0.0
GC_00006995	1	1	1	0	1.0	1.0	1.0	0	1	0	0.0
GC_00006996	1	1	1	0	1.0	1.0	1.0	0	1	0	0.0
GC_00006997	1	1	1	0	1.0	1.0	1.0	0	1	0	0.0
GC_00006998	1	1	1	0	1.0	1.0	1.0	0	1	0	0.0
GC_00006999	1	1	1	0	1.0	1.0	1.0	1	0	0	1.0
GC_00007000	1	1	1	0	1.0	1.0	1.0	0	1	0	0.0
GC_00007001	1	1	1	0	1.0	1.0	1.0	0	1	0	0.0
GC_00007002	1	1	1	0	1.0	1.0	1.0	0	1	0	0.0
GC_00007003	1	1	1	0	1.0	1.0	1.0	0	1	0	0.0
GC_00007004	1	1	1	0	1.0	1.0	1.0	0	1	0	0.0
GC_00007005	1	1	1	0	1.0	1.0	1.0	0	1	0	0.0
GC_00007006	1	1	1	0	1.0	1.0	1.0	0	1	0	0.0
GC_00007007	1	1	1	0	1.0	1.0	1.0	0	1	0	0.0
GC_00007008	1	1	1	0	1.0	1.0	1.0	0	1	0	0.0
GC_00007009	1	1	1	0	1.0	1.0	1.0	0	1	0	0.0
GC_00007010	1	1	1	0	1.0	1.0	1.0	0	1	0	0.0
GC_00007011	1	1	1	0	1.0	1.0	1.0	0	1	0	0.0
GC_00007012	1	1	1	0	1.0	1.0	1.0	0	1	0	0.0
GC_00007013	1	1	1	0	1.0	1.0	1.0	0	1	0	0.0
GC_00007014	1	1	1	0	1.0	1.0	1.0	0	1	0	0.0
GC_00007015	1	1	1	0	1.0	1.0	1.0	0	1	0	0.0
GC_00007016	1	1	1	0	1.0	1.0	1.0	0	1	0	0.0
GC_00007017	1	1	1	0	1.0	1.0	1.0	0	1	0	0.0
GC_00007018	1	1	1	0	1.0	1.0	1.0	0	1	0	0.0
GC_00007019	1	1	1	0	1.0	1.0	1.0	0	1	0	0.0
GC_00007020	1	1	1	0	1.0	1.0	1.0	0	1	0	0.0
GC_00007021	1	1	1	0	1.0	1.0	1.0	0	1	0	0.0
GC_00007022	1	1	1	0	1.0	1.0	1.0	0	1	0	0.0
GC_00007023	1	1	1	0	1.0	1.0	1.0	0	1	0	0.0
GC_00007024	1	1	1	0	1.0	1.0	1.0	1	0	0	1.0
GC_00007025	1	1	1	0	1.0	1.0	1.0	0	1	0	0.0
GC_00007026	1	1	1	0	1.0	1.0	1.0	0	1	0	0.0
GC_00007027	1	1	1	0	1.0	1.0	1.0	0	1	0	0.0
GC_00007028	1	1	1	0	1.0	1.0	1.0	0	1	0	0.0
GC_00007029	1	1	1	0	1.0	1.0	1.0	0	1	0	0.0
GC_00007030	1	1	1	0	1.0	1.0	1.0	0	1	0	0.0
GC_00007031	1	1	1	0	1.0	1.0	1.0	0	1	0	0.0
GC_00007032	1	1	1	0	1.0	1.0	1.0	0	1	0	0.0
GC_00007033	1	1	1	0	1.0	1.0	1.0	0	1	0	0.0
GC_00007034	1	1	1	0	1.0	1.0	1.0	0	1	0	0.0
GC_00007035	1	1	1	0	1.0	1.0	1.0	0	1	0	0.0
GC_00007036	1	1	1	0	1.0	1.0	1.0	0	1	0	0.0
GC_00007037	1	1	1	0	1.0	1.0	1.0	0	1	0	0.0
GC_00007038	1	1	1	0	1.0	1.0	1.0	1	0	0	1.0
GC_00007039	1	1	1	0	1.0	1.0	1.0	0	1	0	0.0
GC_00007040	1	1	1	0	1.0	1.0	1.0	1	0	0	1.0
GC_00007041	1	1	1	0	1.0	1.0	1.0	0	1	0	0.0
GC_00007042	1	1	1	0	1.0	1.0	1.0	0	1	0	0.0
GC_00007043	1	1	1	0	1.0	1.0	1.0	0	1	0	0.0
GC_00007044	1	1	1	0	1.0	1.0	1.0	0	1	0	0.0
GC_00007045	1	1	1	0	1.0	1.0	1.0	0	1	0	0.0
GC_00007046	1	1	1	0	1.0	1.0	1.0	0	1	0	0.0
GC_00007047	1	1	1	0	1.0	1.0	1.0	0	1	0	0.0
GC_00007048	1	1	1	0	1.0	1.0	1.0	0	1	0	0.0
GC_00007049	1	1	1	0	1.0	1.0	1.0	0	1	0	0.0
GC_00007050	1	1	1	0	1.0	1.0	1.0	0	1	0	0.0
GC_00007051	1	1	1	0	1.0	1.0	1.0	0	1	0	0.0
GC_00007052	1	1	1	0	1.0	1.0	1.0	0	1	0	0.0
GC_00007053	1	1	1	0	1.0	1.0	1.0	0	1	0	0.0
GC_00007054	1	1	1	0	1.0	1.0	1.0	0	1	0	0.0
GC_00007055	1	1	1	0	1.0	1.0	1.0	0	1	0	0.0
GC_00007056	1	1	1	0	1.0	1.0	1.0	0	1	0	0.0
GC_00007057	1	1	1	0	1.0	1.0	1.0	0	1	0	0.0
GC_00007058	1	1	1	0	1.0	1.0	1.0	1	0	0	1.0
GC_00007059	1	1	1	0	1.0	1.0	1.0	0	1	0	0.0
GC_00007060	1	1	1	0	1.0	1.0	1.0	0	1	0	0.0
GC_00007061	1	1	1	0	1.0	1.0	1.0	0	1	0	0.0
GC_00007062	1	1	1	0	1.0	1.0	1.0	0	1	0	0.0
GC_00007063	1	1	1	0	1.0	1.0	1.0	0	1	0	0.0
GC_00007064	1	1	1	0	1.0	1.0	1.0	0	1	0	0.0
GC_00007065	1	1	1	0	1.0	1.0	1.0	0	1	0	0.0
GC_00007066	1	1	1	0	1.0	1.0	1.0	0	1	0	0.0
GC_00007067	1	1	1	0	1.0	1.0	1.0	0	1	0	0.0
GC_00007068	1	1	1	0	1.0	1.0	1.0	0	1	0	0.0
GC_00007069	1	1	1	0	1.0	1.0	1.0	0	1	0	0.0
GC_00007070	1	1	1	0	1.0	1.0	1.0	0	1	0	0.0
GC_00007071	1	1	1	0	1.0	1.0	1.0	0	1	0	0.0
GC_00007072	1	1	1	0	1.0	1.0	1.0	0	1	0	0.0
GC_00007073	1	1	1	0	1.0	1.0	1.0	0	1	0	0.0
GC_00007074	1	1	1	0	1.0	1.0	1.0	0	1	0	0.0
GC_00007075	1	1	1	0	1.0	1.0	1.0	0	1	0	0.0
GC_00007076	1	1	1	0	1.0	1.0	1.0	0	1	0	0.0
GC_00007077	1	1	1	0	1.0	1.0	1.0	1	0	0	1.0
GC_00007078	1	1	1	0	1.0	1.0	1.0	0	1	0	0.0
GC_00007079	1	1	1	0	1.0	1.0	1.0	0	1	0	0.0
GC_00007080	1	1	1	0	1.0	1.0	1.0	0	1	0	0.0
GC_00007081	1	1	1	0	1.0	1.0	1.0	0	1	0	0.0
GC_00007082	1	1	1	0	1.0	1.0	1.0	1	0	0	1.0
GC_00007083	1	1	1	0	1.0	1.0	1.0	0	1	0	0.0
GC_00007084	1	1	1	0	1.0	1.0	1.0	0	1	0	0.0
GC_00007085	1	1	1	0	1.0	1.0	1.0	0	1	0	0.0
GC_00007086	1	1	1	0	1.0	1.0	1.0	0	1	0	0.0
GC_00007087	1	1	1	0	1.0	1.0	1.0	0	1	0	0.0
GC_00007088	1	1	1	0	1.0	1.0	1.0	0	1	0	0.0
GC_00007089	1	1	1	0	1.0	1.0	1.0	0	1	0	0.0
GC_00007090	1	1	1	0	1.0	1.0	1.0	0	1	0	0.0
GC_00007091	1	1	1	0	1.0	1.0	1.0	0	1	0	0.0
GC_00007092	1	1	1	0	1.0	1.0	1.0	0	1	0	0.0
GC_00007093	1	1	1	0	1.0	1.0	1.0	0	1	0	0.0
GC_00007094	1	1	1	0	1.0	1.0	1.0	0	1	0	0.0
GC_00007095	1	1	1	0	1.0	1.0	1.0	0	1	0	0.0
GC_00007096	1	1	1	0	1.0	1.0	1.0	0	1	0	0.0
GC_00007097	1	1	1	0	1.0	1.0	1.0	0	1	0	0.0
GC_00007098	1	1	1	0	1.0	1.0	1.0	0	1	0	0.0
GC_00007099	1	1	1	0	1.0	1.0	1.0	0	1	0	0.0
GC_00007100	1	1	1	0	1.0	1.0	1.0	0	1	0	0.0
GC_00007101	1	1	1	0	1.0	1.0	1.0	0	1	0	0.0
GC_00007102	1	1	1	0	1.0	1.0	1.0	0	1	0	0.0
GC_00007103	1	1	1	0	1.0	1.0	1.0	0	1	0	0.0
GC_00007104	1	1	1	0	1.0	1.0	1.0	0	1	0	0.0
GC_00007105	1	1	1	0	1.0	1.0	1.0	0	1	0	0.0
GC_00007106	1	1	1	0	1.0	1.0	1.0	0	1	0	0.0
GC_00007107	1	1	1	0	1.0	1.0	1.0	0	1	0	0.0
GC_00007108	1	1	1	0	1.0	1.0	1.0	0	1	0	0.0
GC_00007109	1	1	1	0	1.0	1.0	1.0	0	1	0	0.0
GC_00007110	1	1	1	0	1.0	1.0	1.0	0	1	0	0.0
GC_00007111	1	1	1	0	1.0	1.0	1.0	0	1	0	0.0
GC_00007112	1	1	1	0	1.0	1.0	1.0	0	1	0	0.0
GC_00007113	1	1	1	0	1.0	1.0	1.0	0	1	0	0.0
GC_00007114	1	1	1	0	1.0	1.0	1.0	0	1	0	0.0
GC_00007115	1	1	1	0	1.0	1.0	1.0	0	1	0	0.0
GC_00007116	1	1	1	0	1.0	1.0	1.0	1	0	0	1.0
GC_00007117	1	1	1	0	1.0	1.0	1.0	0	1	0	0.0
GC_00007118	1	1	1	0	1.0	1.0	1.0	0	1	0	0.0
GC_00007119	1	1	1	0	1.0	1.0	1.0	0	1	0	0.0
GC_00007120	1	1	1	0	1.0	1.0	1.0	0	1	0	0.0
GC_00007121	1	1	1	0	1.0	1.0	1.0	0	1	0	0.0
GC_00007122	1	1	1	0	1.0	1.0	1.0	1	0	0	1.0
GC_00007123	1	1	1	0	1.0	1.0	1.0	0	1	0	0.0
GC_00007124	1	1	1	0	1.0	1.0	1.0	0	1	0	0.0
GC_00007125	1	1	1	0	1.0	1.0	1.0	0	1	0	0.0
GC_00007126	1	1	1	0	1.0	1.0	1.0	0	1	0	0.0
GC_00007127	1	1	1	0	1.0	1.0	1.0	0	1	0	0.0
GC_00007128	1	1	1	0	1.0	1.0	1.0	0	1	0	0.0
GC_00007129	1	1	1	0	1.0	1.0	1.0	0	1	0	0.0
GC_00007130	1	1	1	0	1.0	1.0	1.0	0	1	0	0.0
GC_00007131	1	1	1	0	1.0	1.0	1.0	0	1	0	0.0
GC_00007132	1	1	1	0	1.0	1.0	1.0	0	1	0	0.0
GC_00007133	1	1	1	0	1.0	1.0	1.0	0	1	0	0.0
GC_00007134	1	1	1	0	1.0	1.0	1.0	0	1	0	0.0
GC_00007135	1	1	1	0	1.0	1.0	1.0	0	1	0	0.0
GC_00007136	1	1	1	0	1.0	1.0	1.0	0	1	0	0.0
GC_00007137	1	1	1	0	1.0	1.0	1.0	0	1	0	0.0
GC_00007138	1	1	1	0	1.0	1.0	1.0	0	1	0	0.0
GC_00007139	1	1	1	0	1.0	1.0	1.0	0	1	0	0.0
GC_00007140	1	1	1	0	1.0	1.0	1.0	0	1	0	0.0
GC_00007141	1	1	1	0	1.0	1.0	1.0	0	1	0	0.0
GC_00007142	1	1	1	0	1.0	1.0	1.0	0	1	0	0.0
GC_00007143	1	1	1	0	1.0	1.0	1.0	0	1	0	0.0
GC_00007144	1	1	1	0	1.0	1.0	1.0	0	1	0	0.0
GC_00007145	1	1	1	0	1.0	1.0	1.0	0	1	0	0.0
GC_00007146	1	1	1	0	1.0	1.0	1.0	0	1	0	0.0
GC_00007147	1	1	1	0	1.0	1.0	1.0	0	1	0	0.0
GC_00007148	1	1	1	0	1.0	1.0	1.0	0	1	0	0.0
GC_00007149	1	1	1	0	1.0	1.0	1.0	0	1	0	0.0
GC_00007150	1	1	1	0	1.0	1.0	1.0	0	1	0	0.0
GC_00007151	1	1	1	0	1.0	1.0	1.0	0	1	0	0.0
GC_00007152	1	1	1	0	1.0	1.0	1.0	0	1	0	0.0
GC_00007153	1	1	1	0	1.0	1.0	1.0	0	1	0	0.0
GC_00007154	1	1	1	0	1.0	1.0	1.0	0	1	0	0.0
GC_00007155	1	1	1	0	1.0	1.0	1.0	0	1	0	0.0
GC_00007156	1	1	1	0	1.0	1.0	1.0	0	1	0	0.0
GC_00007157	1	1	1	0	1.0	1.0	1.0	0	1	0	0.0
GC_00007158	1	1	1	0	1.0	1.0	1.0	0	1	0	0.0
GC_00007159	1	1	1	0	1.0	1.0	1.0	0	1	0	0.0
GC_00007160	1	1	1	0	1.0	1.0	1.0	0	1	0	0.0
GC_00007161	1	1	1	0	1.0	1.0	1.0	0	1	0	0.0
GC_00007162	1	1	1	0	1.0	1.0	1.0	0	1	0	0.0
GC_00007163	1	1	1	0	1.0	1.0	1.0	0	1	0	0.0
GC_00007164	1	1	1	0	1.0	1.0	1.0	0	1	0	0.0
GC_00007165	1	1	1	0	1.0	1.0	1.0	0	1	0	0.0
GC_00007166	1	1	1	0	1.0	1.0	1.0	0	1	0	0.0
GC_00007167	1	1	1	0	1.0	1.0	1.0	0	1	0	0.0
GC_00007168	1	1	1	0	1.0	1.0	1.0	0	1	0	0.0
GC_00007169	1	1	1	0	1.0	1.0	1.0	0	1	0	0.0
GC_00007170	1	1	1	0	1.0	1.0	1.0	0	1	0	0.0
GC_00007171	1	1	1	0	1.0	1.0	1.0	0	1	0	0.0
GC_00007172	1	1	1	0	1.0	1.0	1.0	0	1	0	0.0
GC_00007173	1	1	1	0	1.0	1.0	1.0	0	1	0	0.0
GC_00007174	1	1	1	0	1.0	1.0	1.0	0	1	0	0.0
GC_00007175	1	1	1	0	1.0	1.0	1.0	0	1	0	0.0
GC_00007176	1	1	1	0	1.0	1.0	1.0	0	1	0	0.0
GC_00007177	1	1	1	0	1.0	1.0	1.0	0	1	0	0.0
GC_00007178	1	1	1	0	1.0	1.0	1.0	0	1	0	0.0
GC_00007179	1	1	1	0	1.0	1.0	1.0	0	1	0	0.0
GC_00007180	1	1	1	0	1.0	1.0	1.0	0	1	0	0.0
GC_00007181	1	1	1	0	1.0	1.0	1.0	0	1	0	0.0
GC_00007182	1	1	1	0	1.0	1.0	1.0	0	1	0	0.0
GC_00007183	1	1	1	0	1.0	1.0	1.0	0	1	0	0.0
GC_00007184	1	1	1	0	1.0	1.0	1.0	0	1	0	0.0
GC_00007185	1	1	1	0	1.0	1.0	1.0	0	1	0	0.0
GC_00007186	1	1	1	0	1.0	1.0	1.0	0	1	0	0.0
GC_00007187	1	1	1	0	1.0	1.0	1.0	0	1	0	0.0
GC_00007188	1	1	1	0	1.0	1.0	1.0	0	1	0	0.0
GC_00007189	1	1	1	0	1.0	1.0	1.0	0	1	0	0.0
GC_00007190	1	1	1	0	1.0	1.0	1.0	0	1	0	0.0
GC_00007191	1	1	1	0	1.0	1.0	1.0	0	1	0	0.0
GC_00007192	1	1	1	0	1.0	1.0	1.0	0	1	0	0.0
GC_00007193	1	1	1	0	1.0	1.0	1.0	0	1	0	0.0
GC_00007194	1	1	1	0	1.0	1.0	1.0	0	1	0	0.0
GC_00007195	1	1	1	0	1.0	1.0	1.0	0	1	0	0.0
GC_00007196	1	1	1	0	1.0	1.0	1.0	0	1	0	0.0
GC_00007197	1	1	1	0	1.0	1.0	1.0	0	1	0	0.0
GC_00007198	1	1	1	0	1.0	1.0	1.0	0	1	0	0.0
GC_00007199	1	1	1	0	1.0	1.0	1.0	0	1	0	0.0
GC_00007200	1	1	1	0	1.0	1.0	1.0	0	1	0	0.0
GC_00007201	1	1	1	0	1.0	1.0	1.0	0	1	0	0.0
GC_00007202	1	1	1	0	1.0	1.0	1.0	0	1	0	0.0
GC_00007203	1	1	1	0	1.0	1.0	1.0	0	1	0	0.0
GC_00007204	1	1	1	0	1.0	1.0	1.0	0	1	0	0.0
GC_00007205	1	1	1	0	1.0	1.0	1.0	0	1	0	0.0
GC_00007206	1	1	1	0	1.0	1.0	1.0	0	1	0	0.0
GC_00007207	1	1	1	0	1.0	1.0	1.0	0	1	0	0.0
GC_00007208	1	1	1	0	1.0	1.0	1.0	0	1	0	0.0
GC_00007209	1	1	1	0	1.0	1.0	1.0	0	1	0	0.0
GC_00007210	1	1	1	0	1.0	1.0	1.0	0	1	0	0.0
GC_00007211	1	1	1	0	1.0	1.0	1.0	0	1	0	0.0
GC_00007212	1	1	1	0	1.0	1.0	1.0	0	1	0	0.0
GC_00007213	1	1	1	0	1.0	1.0	1.0	0	1	0	0.0
GC_00007214	1	1	1	0	1.0	1.0	1.0	0	1	0	0.0
GC_00007215	1	1	1	0	1.0	1.0	1.0	0	1	0	0.0
GC_00007216	1	1	1	0	1.0	1.0	1.0	0	1	0	0.0
GC_00007217	1	1	1	0	1.0	1.0	1.0	0	1	0	0.0
GC_00007218	1	1	1	0	1.0	1.0	1.0	0	1	0	0.0
GC_00007219	1	1	1	0	1.0	1.0	1.0	0	1	0	0.0
GC_00007220	1	1	1	0	1.0	1.0	1.0	0	1	0	0.0
GC_00007221	1	1	1	0	1.0	1.0	1.0	0	1	0	0.0
GC_00007222	1	1	1	0	1.0	1.0	1.0	0	1	0	0.0
GC_00007223	1	1	1	0	1.0	1.0	1.0	0	1	0	0.0
GC_00007224	1	1	1	0	1.0	1.0	1.0	1	0	0	1.0
GC_00007225	1	1	1	0	1.0	1.0	1.0	0	1	0	0.0
GC_00007226	1	1	1	0	1.0	1.0	1.0	0	1	0	0.0
GC_00007227	1	1	1	0	1.0	1.0	1.0	0	1	0	0.0
GC_00007228	1	1	1	0	1.0	1.0	1.0	0	1	0	0.0
GC_00007229	1	1	1	0	1.0	1.0	1.0	0	1	0	0.0
GC_00007230	1	1	1	0	1.0	1.0	1.0	0	1	0	0.0
GC_00007231	1	1	1	0	1.0	1.0	1.0	0	1	0	0.0
GC_00007232	1	1	1	0	1.0	1.0	1.0	0	1	0	0.0
GC_00007233	1	1	1	0	1.0	1.0	1.0	0	1	0	0.0
GC_00007234	1	1	1	0	1.0	1.0	1.0	0	1	0	0.0
GC_00007235	1	1	1	0	1.0	1.0	1.0	0	1	0	0.0
GC_00007236	1	1	1	0	1.0	1.0	1.0	0	1	0	0.0
GC_00007237	1	1	1	0	1.0	1.0	1.0	0	1	0	0.0
GC_00007238	1	1	1	0	1.0	1.0	1.0	0	1	0	0.0
GC_00007239	1	1	1	0	1.0	1.0	1.0	1	0	0	1.0
GC_00007240	1	1	1	0	1.0	1.0	1.0	0	1	0	0.0
GC_00007241	1	1	1	0	1.0	1.0	1.0	0	1	0	0.0
GC_00007242	1	1	1	0	1.0	1.0	1.0	0	1	0	0.0
GC_00007243	1	1	1	0	1.0	1.0	1.0	0	1	0	0.0
GC_00007244	1	1	1	0	1.0	1.0	1.0	0	1	0	0.0
GC_00007245	1	1	1	0	1.0	1.0	1.0	0	1	0	0.0
GC_00007246	1	1	1	0	1.0	1.0	1.0	0	1	0	0.0
GC_00007247	1	1	1	0	1.0	1.0	1.0	0	1	0	0.0
GC_00007248	1	1	1	0	1.0	1.0	1.0	0	1	0	0.0
GC_00007249	1	1	1	0	1.0	1.0	1.0	0	1	0	0.0
GC_00007250	1	1	1	0	1.0	1.0	1.0	0	1	0	0.0
GC_00007251	1	1	1	0	1.0	1.0	1.0	0	1	0	0.0
GC_00007252	1	1	1	0	1.0	1.0	1.0	0	1	0	0.0
GC_00007253	1	1	1	0	1.0	1.0	1.0	0	1	0	0.0
GC_00007254	1	1	1	0	1.0	1.0	1.0	0	1	0	0.0
GC_00007255	1	1	1	0	1.0	1.0	1.0	0	1	0	0.0
GC_00007256	1	1	1	0	1.0	1.0	1.0	0	1	0	0.0
GC_00007257	1	1	1	0	1.0	1.0	1.0	0	1	0	0.0
GC_00007258	1	1	1	0	1.0	1.0	1.0	0	1	0	0.0
GC_00007259	1	1	1	0	1.0	1.0	1.0	0	1	0	0.0
GC_00007260	1	1	1	0	1.0	1.0	1.0	0	1	0	0.0
GC_00007261	1	1	1	0	1.0	1.0	1.0	0	1	0	0.0
GC_00007262	1	1	1	0	1.0	1.0	1.0	0	1	0	0.0
GC_00007263	1	1	1	0	1.0	1.0	1.0	0	1	0	0.0
GC_00007264	1	1	1	0	1.0	1.0	1.0	0	1	0	0.0
GC_00007265	1	1	1	0	1.0	1.0	1.0	1	0	0	1.0
GC_00007266	1	1	1	0	1.0	1.0	1.0	0	1	0	0.0
GC_00007267	1	1	1	0	1.0	1.0	1.0	0	1	0	0.0
GC_00007268	1	1	1	0	1.0	1.0	1.0	0	1	0	0.0
GC_00007269	1	1	1	0	1.0	1.0	1.0	0	1	0	0.0
GC_00007270	1	1	1	0	1.0	1.0	1.0	0	1	0	0.0
GC_00007271	1	1	1	0	1.0	1.0	1.0	0	1	0	0.0
GC_00007272	1	1	1	0	1.0	1.0	1.0	0	1	0	0.0
GC_00007273	1	1	1	0	1.0	1.0	1.0	0	1	0	0.0
GC_00007274	1	1	1	0	1.0	1.0	1.0	0	1	0	0.0
GC_00007275	1	1	1	0	1.0	1.0	1.0	0	1	0	0.0
GC_00007276	1	1	1	0	1.0	1.0	1.0	1	0	0	1.0
GC_00007277	1	1	1	0	1.0	1.0	1.0	0	1	0	0.0
GC_00007278	1	1	1	0	1.0	1.0	1.0	0	1	0	0.0
GC_00007279	1	1	1	0	1.0	1.0	1.0	0	1	0	0.0
GC_00007280	1	1	1	0	1.0	1.0	1.0	0	1	0	0.0
GC_00007281	1	1	1	0	1.0	1.0	1.0	1	0	0	1.0
GC_00007282	1	1	1	0	1.0	1.0	1.0	0	1	0	0.0
GC_00007283	1	1	1	0	1.0	1.0	1.0	0	1	0	0.0
GC_00007284	1	1	1	0	1.0	1.0	1.0	0	1	0	0.0
GC_00007285	1	1	1	0	1.0	1.0	1.0	0	1	0	0.0
GC_00007286	1	1	1	0	1.0	1.0	1.0	0	1	0	0.0
GC_00007287	1	1	1	0	1.0	1.0	1.0	0	1	0	0.0
GC_00007288	1	1	1	0	1.0	1.0	1.0	0	1	0	0.0
GC_00007289	1	1	1	0	1.0	1.0	1.0	0	1	0	0.0
GC_00007290	1	1	1	0	1.0	1.0	1.0	0	1	0	0.0
GC_00007291	1	1	1	0	1.0	1.0	1.0	0	1	0	0.0
GC_00007292	1	1	1	0	1.0	1.0	1.0	0	1	0	0.0
GC_00007293	1	1	1	0	1.0	1.0	1.0	0	1	0	0.0
GC_00007294	1	1	1	0	1.0	1.0	1.0	0	1	0	0.0
GC_00007295	1	1	1	0	1.0	1.0	1.0	1	0	0	1.0
GC_00007296	1	1	1	0	1.0	1.0	1.0	0	1	0	0.0
GC_00007297	1	1	1	0	1.0	1.0	1.0	0	1	0	0.0
GC_00007298	1	1	1	0	1.0	1.0	1.0	0	1	0	0.0
GC_00007299	1	1	1	0	1.0	1.0	1.0	0	1	0	0.0
GC_00007300	1	1	1	0	1.0	1.0	1.0	0	1	0	0.0
GC_00007301	1	1	1	0	1.0	1.0	1.0	0	1	0	0.0
GC_00007302	1	1	1	0	1.0	1.0	1.0	0	1	0	0.0
GC_00007303	1	1	1	0	1.0	1.0	1.0	0	1	0	0.0
GC_00007304	1	1	1	0	1.0	1.0	1.0	0	1	0	0.0
GC_00007305	1	1	1	0	1.0	1.0	1.0	0	1	0	0.0
GC_00007306	1	1	1	0	1.0	1.0	1.0	0	1	0	0.0
GC_00007307	1	1	1	0	1.0	1.0	1.0	0	1	0	0.0
GC_00007308	1	1	1	0	1.0	1.0	1.0	0	1	0	0.0
GC_00007309	1	1	1	0	1.0	1.0	1.0	0	1	0	0.0
GC_00007310	1	1	1	0	1.0	1.0	1.0	0	1	0	0.0
GC_00007311	1	1	1	0	1.0	1.0	1.0	0	1	0	0.0
GC_00007312	1	1	1	0	1.0	1.0	1.0	0	1	0	0.0
GC_00007313	1	1	1	0	1.0	1.0	1.0	0	1	0	0.0
GC_00007314	1	1	1	0	1.0	1.0	1.0	0	1	0	0.0
GC_00007315	1	1	1	0	1.0	1.0	1.0	0	1	0	0.0
GC_00007316	1	1	1	0	1.0	1.0	1.0	0	1	0	0.0
GC_00007317	1	1	1	0	1.0	1.0	1.0	0	1	0	0.0
GC_00007318	1	1	1	0	1.0	1.0	1.0	0	1	0	0.0
GC_00007319	1	1	1	0	1.0	1.0	1.0	0	1	0	0.0
GC_00007320	1	1	1	0	1.0	1.0	1.0	0	1	0	0.0
GC_00007321	1	1	1	0	1.0	1.0	1.0	0	1	0	0.0
GC_00007322	1	1	1	0	1.0	1.0	1.0	0	1	0	0.0
GC_00007323	1	1	1	0	1.0	1.0	1.0	0	1	0	0.0
GC_00007324	1	1	1	0	1.0	1.0	1.0	0	1	0	0.0
GC_00007325	1	1	1	0	1.0	1.0	1.0	0	1	0	0.0
GC_00007326	1	1	1	0	1.0	1.0	1.0	0	1	0	0.0
GC_00007327	1	1	1	0	1.0	1.0	1.0	0	1	0	0.0
GC_00007328	1	1	1	0	1.0	1.0	1.0	0	1	0	0.0
GC_00007329	1	1	1	0	1.0	1.0	1.0	0	1	0	0.0
GC_00007330	1	1	1	0	1.0	1.0	1.0	0	1	0	0.0
GC_00007331	1	1	1	0	1.0	1.0	1.0	0	1	0	0.0
GC_00007332	1	1	1	0	1.0	1.0	1.0	0	1	0	0.0
GC_00007333	1	1	1	0	1.0	1.0	1.0	0	1	0	0.0
GC_00007334	1	1	1	0	1.0	1.0	1.0	0	1	0	0.0
GC_00007335	1	1	1	0	1.0	1.0	1.0	0	1	0	0.0
GC_00007336	1	1	1	0	1.0	1.0	1.0	0	1	0	0.0
GC_00007337	1	1	1	0	1.0	1.0	1.0	0	1	0	0.0
GC_00007338	1	1	1	0	1.0	1.0	1.0	0	1	0	0.0
GC_00007339	1	1	1	0	1.0	1.0	1.0	0	1	0	0.0
GC_00007340	1	1	1	0	1.0	1.0	1.0	0	1	0	0.0
GC_00007341	1	1	1	0	1.0	1.0	1.0	0	1	0	0.0
GC_00007342	1	1	1	0	1.0	1.0	1.0	0	1	0	0.0
GC_00007343	1	1	1	0	1.0	1.0	1.0	0	1	0	0.0
GC_00007344	1	1	1	0	1.0	1.0	1.0	0	1	0	0.0
GC_00007345	1	1	1	0	1.0	1.0	1.0	0	1	0	0.0
GC_00007346	1	1	1	0	1.0	1.0	1.0	0	1	0	0.0
GC_00007347	1	1	1	0	1.0	1.0	1.0	0	1	0	0.0
GC_00007348	1	1	1	0	1.0	1.0	1.0	0	1	0	0.0
GC_00007349	1	1	1	0	1.0	1.0	1.0	0	1	0	0.0
GC_00007350	1	1	1	0	1.0	1.0	1.0	0	1	0	0.0
GC_00007351	1	1	1	0	1.0	1.0	1.0	0	1	0	0.0
GC_00007352	1	1	1	0	1.0	1.0	1.0	0	1	0	0.0
GC_00007353	1	1	1	0	1.0	1.0	1.0	0	1	0	0.0
GC_00007354	1	1	1	0	1.0	1.0	1.0	0	1	0	0.0
GC_00007355	1	1	1	0	1.0	1.0	1.0	0	1	0	0.0
GC_00007356	1	1	1	0	1.0	1.0	1.0	0	1	0	0.0
GC_00007357	1	1	1	0	1.0	1.0	1.0	1	0	0	1.0
GC_00007358	1	1	1	0	1.0	1.0	1.0	0	1	0	0.0
GC_00007359	1	1	1	0	1.0	1.0	1.0	0	1	0	0.0
GC_00007360	1	1	1	0	1.0	1.0	1.0	0	1	0	0.0
GC_00007361	1	1	1	0	1.0	1.0	1.0	0	1	0	0.0
GC_00007362	1	1	1	0	1.0	1.0	1.0	0	1	0	0.0
GC_00007363	1	1	1	0	1.0	1.0	1.0	0	1	0	0.0
GC_00007364	1	1	1	0	1.0	1.0	1.0	0	1	0	0.0
GC_00007365	1	1	1	0	1.0	1.0	1.0	0	1	0	0.0
GC_00007366	1	1	1	0	1.0	1.0	1.0	0	1	0	0.0
GC_00007367	1	1	1	0	1.0	1.0	1.0	0	1	0	0.0
GC_00007368	1	1	1	0	1.0	1.0	1.0	0	1	0	0.0
GC_00007369	1	1	1	0	1.0	1.0	1.0	0	1	0	0.0
GC_00007370	1	1	1	0	1.0	1.0	1.0	0	1	0	0.0
GC_00007371	1	1	1	0	1.0	1.0	1.0	0	1	0	0.0
GC_00007372	1	1	1	0	1.0	1.0	1.0	0	1	0	0.0
GC_00007373	1	1	1	0	1.0	1.0	1.0	0	1	0	0.0
GC_00007374	1	1	1	0	1.0	1.0	1.0	0	1	0	0.0
GC_00007375	1	1	1	0	1.0	1.0	1.0	0	1	0	0.0
GC_00007376	1	1	1	0	1.0	1.0	1.0	0	1	0	0.0
GC_00007377	1	1	1	0	1.0	1.0	1.0	0	1	0	0.0
GC_00007378	1	1	1	0	1.0	1.0	1.0	0	1	0	0.0
GC_00007379	1	1	1	0	1.0	1.0	1.0	0	1	0	0.0
GC_00007380	1	1	1	0	1.0	1.0	1.0	0	1	0	0.0
GC_00007381	1	1	1	0	1.0	1.0	1.0	0	1	0	0.0
GC_00007382	1	1	1	0	1.0	1.0	1.0	0	1	0	0.0
GC_00007383	1	1	1	0	1.0	1.0	1.0	0	1	0	0.0
GC_00007384	1	1	1	0	1.0	1.0	1.0	0	1	0	0.0
GC_00007385	1	1	1	0	1.0	1.0	1.0	0	1	0	0.0
GC_00007386	1	1	1	0	1.0	1.0	1.0	0	1	0	0.0
GC_00007387	1	1	1	0	1.0	1.0	1.0	0	1	0	0.0
GC_00007388	1	1	1	0	1.0	1.0	1.0	0	1	0	0.0
GC_00007389	1	1	1	0	1.0	1.0	1.0	0	1	0	0.0
GC_00007390	1	1	1	0	1.0	1.0	1.0	0	1	0	0.0
GC_00007391	1	1	1	0	1.0	1.0	1.0	1	0	0	1.0
GC_00007392	1	1	1	0	1.0	1.0	1.0	0	1	0	0.0
GC_00007393	1	1	1	0	1.0	1.0	1.0	0	1	0	0.0
GC_00007394	1	1	1	0	1.0	1.0	1.0	0	1	0	0.0
GC_00007395	1	1	1	0	1.0	1.0	1.0	0	1	0	0.0
GC_00007396	1	1	1	0	1.0	1.0	1.0	0	1	0	0.0
GC_00007397	1	1	1	0	1.0	1.0	1.0	0	1	0	0.0
GC_00007398	1	1	1	0	1.0	1.0	1.0	0	1	0	0.0
GC_00007399	1	1	1	0	1.0	1.0	1.0	0	1	0	0.0
GC_00007400	1	1	1	0	1.0	1.0	1.0	0	1	0	0.0
GC_00007401	1	1	1	0	1.0	1.0	1.0	0	1	0	0.0
GC_00007402	1	1	1	0	1.0	1.0	1.0	0	1	0	0.0
GC_00007403	1	1	1	0	1.0	1.0	1.0	0	1	0	0.0
GC_00007404	1	1	1	0	1.0	1.0	1.0	1	0	0	1.0
GC_00007405	1	1	1	0	1.0	1.0	1.0	0	1	0	0.0
GC_00007406	1	1	1	0	1.0	1.0	1.0	0	1	0	0.0
GC_00007407	1	1	1	0	1.0	1.0	1.0	0	1	0	0.0
GC_00007408	1	1	1	0	1.0	1.0	1.0	0	1	0	0.0
GC_00007409	1	1	1	0	1.0	1.0	1.0	0	1	0	0.0
GC_00007410	1	1	1	0	1.0	1.0	1.0	0	1	0	0.0
GC_00007411	1	1	1	0	1.0	1.0	1.0	0	1	0	0.0
GC_00007412	1	1	1	0	1.0	1.0	1.0	0	1	0	0.0
GC_00007413	1	1	1	0	1.0	1.0	1.0	0	1	0	0.0
GC_00007414	1	1	1	0	1.0	1.0	1.0	0	1	0	0.0
GC_00007415	1	1	1	0	1.0	1.0	1.0	0	1	0	0.0
GC_00007416	1	1	1	0	1.0	1.0	1.0	0	1	0	0.0
GC_00007417	1	1	1	0	1.0	1.0	1.0	0	1	0	0.0
GC_00007418	1	1	1	0	1.0	1.0	1.0	0	1	0	0.0
GC_00007419	1	1	1	0	1.0	1.0	1.0	0	1	0	0.0
GC_00007420	1	1	1	0	1.0	1.0	1.0	0	1	0	0.0
GC_00007421	1	1	1	0	1.0	1.0	1.0	0	1	0	0.0
GC_00007422	1	1	1	0	1.0	1.0	1.0	0	1	0	0.0
GC_00007423	1	1	1	0	1.0	1.0	1.0	0	1	0	0.0
GC_00007424	1	1	1	0	1.0	1.0	1.0	0	1	0	0.0
GC_00007425	1	1	1	0	1.0	1.0	1.0	0	1	0	0.0
GC_00007426	1	1	1	0	1.0	1.0	1.0	0	1	0	0.0
GC_00007427	1	1	1	0	1.0	1.0	1.0	0	1	0	0.0
GC_00007428	1	1	1	0	1.0	1.0	1.0	0	1	0	0.0
GC_00007429	1	1	1	0	1.0	1.0	1.0	0	1	0	0.0
GC_00007430	1	1	1	0	1.0	1.0	1.0	0	1	0	0.0
GC_00007431	1	1	1	0	1.0	1.0	1.0	1	0	0	1.0
GC_00007432	1	1	1	0	1.0	1.0	1.0	0	1	0	0.0
GC_00007433	1	1	1	0	1.0	1.0	1.0	0	1	0	0.0
GC_00007434	1	1	1	0	1.0	1.0	1.0	0	1	0	0.0
GC_00007435	1	1	1	0	1.0	1.0	1.0	0	1	0	0.0
GC_00007436	1	1	1	0	1.0	1.0	1.0	0	1	0	0.0
GC_00007437	1	1	1	0	1.0	1.0	1.0	0	1	0	0.0
GC_00007438	1	1	1	0	1.0	1.0	1.0	0	1	0	0.0
GC_00007439	1	1	1	0	1.0	1.0	1.0	0	1	0	0.0
GC_00007440	1	1	1	0	1.0	1.0	1.0	0	1	0	0.0
GC_00007441	1	1	1	0	1.0	1.0	1.0	1	0	0	1.0
GC_00007442	1	1	1	0	1.0	1.0	1.0	0	1	0	0.0
GC_00007443	1	1	1	0	1.0	1.0	1.0	0	1	0	0.0
GC_00007444	1	1	1	0	1.0	1.0	1.0	0	1	0	0.0
GC_00007445	1	1	1	0	1.0	1.0	1.0	0	1	0	0.0
GC_00007446	1	1	1	0	1.0	1.0	1.0	0	1	0	0.0
GC_00007447	1	1	1	0	1.0	1.0	1.0	0	1	0	0.0
GC_00007448	1	1	1	0	1.0	1.0	1.0	0	1	0	0.0
GC_00007449	1	1	1	0	1.0	1.0	1.0	0	1	0	0.0
GC_00007450	1	1	1	0	1.0	1.0	1.0	0	1	0	0.0
GC_00007451	1	1	1	0	1.0	1.0	1.0	0	1	0	0.0
GC_00007452	1	1	1	0	1.0	1.0	1.0	0	1	0	0.0
GC_00007453	1	1	1	0	1.0	1.0	1.0	0	1	0	0.0
GC_00007454	1	1	1	0	1.0	1.0	1.0	0	1	0	0.0
GC_00007455	1	1	1	0	1.0	1.0	1.0	0	1	0	0.0
GC_00007456	1	1	1	0	1.0	1.0	1.0	0	1	0	0.0
GC_00007457	1	1	1	0	1.0	1.0	1.0	0	1	0	0.0
GC_00007458	1	1	1	0	1.0	1.0	1.0	0	1	0	0.0
GC_00007459	1	1	1	0	1.0	1.0	1.0	0	1	0	0.0
GC_00007460	1	1	1	0	1.0	1.0	1.0	0	1	0	0.0
GC_00007461	1	1	1	0	1.0	1.0	1.0	1	0	0	1.0
GC_00007462	1	1	1	0	1.0	1.0	1.0	0	1	0	0.0
GC_00007463	1	1	1	0	1.0	1.0	1.0	0	1	0	0.0
GC_00007464	1	1	1	0	1.0	1.0	1.0	0	1	0	0.0
GC_00007465	1	1	1	0	1.0	1.0	1.0	0	1	0	0.0
GC_00007466	1	1	1	0	1.0	1.0	1.0	0	1	0	0.0
GC_00007467	1	1	1	0	1.0	1.0	1.0	0	1	0	0.0
GC_00007468	1	1	1	0	1.0	1.0	1.0	0	1	0	0.0
GC_00007469	1	1	1	0	1.0	1.0	1.0	1	0	0	1.0
GC_00007470	1	1	1	0	1.0	1.0	1.0	0	1	0	0.0
GC_00007471	1	1	1	0	1.0	1.0	1.0	0	1	0	0.0
GC_00007472	1	1	1	0	1.0	1.0	1.0	0	1	0	0.0
GC_00007473	1	1	1	0	1.0	1.0	1.0	0	1	0	0.0
GC_00007474	1	1	1	0	1.0	1.0	1.0	1	0	0	1.0
GC_00007475	1	1	1	0	1.0	1.0	1.0	0	1	0	0.0
GC_00007476	1	1	1	0	1.0	1.0	1.0	0	1	0	0.0
GC_00007477	1	1	1	0	1.0	1.0	1.0	0	1	0	0.0
GC_00007478	1	1	1	0	1.0	1.0	1.0	0	1	0	0.0
GC_00007479	1	1	1	0	1.0	1.0	1.0	0	1	0	0.0
GC_00007480	1	1	1	0	1.0	1.0	1.0	0	1	0	0.0
GC_00007481	1	1	1	0	1.0	1.0	1.0	0	1	0	0.0
GC_00007482	1	1	1	0	1.0	1.0	1.0	0	1	0	0.0
GC_00007483	1	1	1	0	1.0	1.0	1.0	0	1	0	0.0
GC_00007484	1	1	1	0	1.0	1.0	1.0	0	1	0	0.0
GC_00007485	1	1	1	0	1.0	1.0	1.0	0	1	0	0.0
GC_00007486	1	1	1	0	1.0	1.0	1.0	0	1	0	0.0
GC_00007487	1	1	1	0	1.0	1.0	1.0	0	1	0	0.0
GC_00007488	1	1	1	0	1.0	1.0	1.0	0	1	0	0.0
GC_00007489	1	1	1	0	1.0	1.0	1.0	0	1	0	0.0
GC_00007490	1	1	1	0	1.0	1.0	1.0	0	1	0	0.0
GC_00007491	1	1	1	0	1.0	1.0	1.0	0	1	0	0.0
GC_00007492	1	1	1	0	1.0	1.0	1.0	0	1	0	0.0
GC_00007493	1	1	1	0	1.0	1.0	1.0	0	1	0	0.0
GC_00007494	1	1	1	0	1.0	1.0	1.0	0	1	0	0.0
GC_00007495	1	1	1	0	1.0	1.0	1.0	0	1	0	0.0
GC_00007496	1	1	1	0	1.0	1.0	1.0	0	1	0	0.0
GC_00007497	1	1	1	0	1.0	1.0	1.0	0	1	0	0.0
GC_00007498	1	1	1	0	1.0	1.0	1.0	0	1	0	0.0
GC_00007499	1	1	1	0	1.0	1.0	1.0	0	1	0	0.0
GC_00007500	1	1	1	0	1.0	1.0	1.0	0	1	0	0.0
GC_00007501	1	1	1	0	1.0	1.0	1.0	0	1	0	0.0
GC_00007502	1	1	1	0	1.0	1.0	1.0	0	1	0	0.0
GC_00007503	1	1	1	0	1.0	1.0	1.0	0	1	0	0.0
GC_00007504	1	1	1	0	1.0	1.0	1.0	0	1	0	0.0
GC_00007505	1	1	1	0	1.0	1.0	1.0	0	1	0	0.0
GC_00007506	1	1	1	0	1.0	1.0	1.0	0	1	0	0.0
GC_00007507	1	1	1	0	1.0	1.0	1.0	0	1	0	0.0
GC_00007508	1	1	1	0	1.0	1.0	1.0	0	1	0	0.0
GC_00007509	1	1	1	0	1.0	1.0	1.0	0	1	0	0.0
GC_00007510	1	1	1	0	1.0	1.0	1.0	0	1	0	0.0
GC_00007511	1	1	1	0	1.0	1.0	1.0	0	1	0	0.0
GC_00007512	1	1	1	0	1.0	1.0	1.0	0	1	0	0.0
GC_00007513	1	1	1	0	1.0	1.0	1.0	0	1	0	0.0
GC_00007514	1	1	1	0	1.0	1.0	1.0	0	1	0	0.0
GC_00007515	1	1	1	0	1.0	1.0	1.0	0	1	0	0.0
GC_00007516	1	1	1	0	1.0	1.0	1.0	0	1	0	0.0
GC_00007517	1	1	1	0	1.0	1.0	1.0	0	1	0	0.0
GC_00007518	1	1	1	0	1.0	1.0	1.0	0	1	0	0.0
GC_00007519	1	1	1	0	1.0	1.0	1.0	0	1	0	0.0
GC_00007520	1	1	1	0	1.0	1.0	1.0	0	1	0	0.0
GC_00007521	1	1	1	0	1.0	1.0	1.0	0	1	0	0.0
GC_00007522	1	1	1	0	1.0	1.0	1.0	0	1	0	0.0
GC_00007523	1	1	1	0	1.0	1.0	1.0	0	1	0	0.0
GC_00007524	1	1	1	0	1.0	1.0	1.0	0	1	0	0.0
GC_00007525	1	1	1	0	1.0	1.0	1.0	0	1	0	0.0
GC_00007526	1	1	1	0	1.0	1.0	1.0	0	1	0	0.0
GC_00007527	1	1	1	0	1.0	1.0	1.0	0	1	0	0.0
GC_00007528	1	1	1	0	1.0	1.0	1.0	0	1	0	0.0
GC_00007529	1	1	1	0	1.0	1.0	1.0	0	1	0	0.0
GC_00007530	1	1	1	0	1.0	1.0	1.0	0	1	0	0.0
GC_00007531	1	1	1	0	1.0	1.0	1.0	0	1	0	0.0
GC_00007532	1	1	1	0	1.0	1.0	1.0	1	0	0	1.0
GC_00007533	1	1	1	0	1.0	1.0	1.0	0	1	0	0.0
GC_00007534	1	1	1	0	1.0	1.0	1.0	0	1	0	0.0
GC_00007535	1	1	1	0	1.0	1.0	1.0	0	1	0	0.0
GC_00007536	1	1	1	0	1.0	1.0	1.0	0	1	0	0.0
GC_00007537	1	1	1	0	1.0	1.0	1.0	0	1	0	0.0
GC_00007538	1	1	1	0	1.0	1.0	1.0	0	1	0	0.0
GC_00007539	1	1	1	0	1.0	1.0	1.0	0	1	0	0.0
GC_00007540	1	1	1	0	1.0	1.0	1.0	0	1	0	0.0
GC_00007541	1	1	1	0	1.0	1.0	1.0	0	1	0	0.0
GC_00007542	1	1	1	0	1.0	1.0	1.0	0	1	0	0.0
GC_00007543	1	1	1	0	1.0	1.0	1.0	0	1	0	0.0
GC_00007544	1	1	1	0	1.0	1.0	1.0	0	1	0	0.0
GC_00007545	1	1	1	0	1.0	1.0	1.0	0	1	0	0.0
GC_00007546	1	1	1	0	1.0	1.0	1.0	0	1	0	0.0
GC_00007547	1	1	1	0	1.0	1.0	1.0	0	1	0	0.0
GC_00007548	1	1	1	0	1.0	1.0	1.0	0	1	0	0.0
GC_00007549	1	1	1	0	1.0	1.0	1.0	0	1	0	0.0
GC_00007550	1	1	1	0	1.0	1.0	1.0	0	1	0	0.0
GC_00007551	1	1	1	0	1.0	1.0	1.0	0	1	0	0.0
GC_00007552	1	1	1	0	1.0	1.0	1.0	0	1	0	0.0
GC_00007553	1	1	1	0	1.0	1.0	1.0	0	1	0	0.0
GC_00007554	1	1	1	0	1.0	1.0	1.0	0	1	0	0.0
GC_00007555	1	1	1	0	1.0	1.0	1.0	0	1	0	0.0
GC_00007556	1	1	1	0	1.0	1.0	1.0	0	1	0	0.0
GC_00007557	1	1	1	0	1.0	1.0	1.0	0	1	0	0.0
GC_00007558	1	1	1	0	1.0	1.0	1.0	0	1	0	0.0
GC_00007559	1	1	1	0	1.0	1.0	1.0	0	1	0	0.0
GC_00007560	1	1	1	0	1.0	1.0	1.0	0	1	0	0.0
GC_00007561	1	1	1	0	1.0	1.0	1.0	0	1	0	0.0
GC_00007562	1	1	1	0	1.0	1.0	1.0	0	1	0	0.0
GC_00007563	1	1	1	0	1.0	1.0	1.0	0	1	0	0.0
GC_00007564	1	1	1	0	1.0	1.0	1.0	0	1	0	0.0
GC_00007565	1	1	1	0	1.0	1.0	1.0	0	1	0	0.0
GC_00007566	1	1	1	0	1.0	1.0	1.0	0	1	0	0.0
GC_00007567	1	1	1	0	1.0	1.0	1.0	0	1	0	0.0
GC_00007568	1	1	1	0	1.0	1.0	1.0	0	1	0	0.0
GC_00007569	1	1	1	0	1.0	1.0	1.0	0	1	0	0.0
GC_00007570	1	1	1	0	1.0	1.0	1.0	0	1	0	0.0
GC_00007571	1	1	1	0	1.0	1.0	1.0	0	1	0	0.0
GC_00007572	1	1	1	0	1.0	1.0	1.0	0	1	0	0.0
GC_00007573	1	1	1	0	1.0	1.0	1.0	0	1	0	0.0
GC_00007574	1	1	1	0	1.0	1.0	1.0	0	1	0	0.0
GC_00007575	1	1	1	0	1.0	1.0	1.0	0	1	0	0.0
GC_00007576	1	1	1	0	1.0	1.0	1.0	0	1	0	0.0
GC_00007577	1	1	1	0	1.0	1.0	1.0	0	1	0	0.0
GC_00007578	1	1	1	0	1.0	1.0	1.0	0	1	0	0.0
GC_00007579	1	1	1	0	1.0	1.0	1.0	0	1	0	0.0
GC_00007580	1	1	1	0	1.0	1.0	1.0	0	1	0	0.0
GC_00007581	1	1	1	0	1.0	1.0	1.0	0	1	0	0.0
GC_00007582	1	1	1	0	1.0	1.0	1.0	0	1	0	0.0
GC_00007583	1	1	1	0	1.0	1.0	1.0	0	1	0	0.0
GC_00007584	1	1	1	0	1.0	1.0	1.0	1	0	0	1.0
GC_00007585	1	1	1	0	1.0	1.0	1.0	0	1	0	0.0
GC_00007586	1	1	1	0	1.0	1.0	1.0	0	1	0	0.0
GC_00007587	1	1	1	0	1.0	1.0	1.0	0	1	0	0.0
GC_00007588	1	1	1	0	1.0	1.0	1.0	0	1	0	0.0
GC_00007589	1	1	1	0	1.0	1.0	1.0	0	1	0	0.0
GC_00007590	1	1	1	0	1.0	1.0	1.0	0	1	0	0.0
GC_00007591	1	1	1	0	1.0	1.0	1.0	0	1	0	0.0
GC_00007592	1	1	1	0	1.0	1.0	1.0	0	1	0	0.0
GC_00007593	1	1	1	0	1.0	1.0	1.0	0	1	0	0.0
GC_00007594	1	1	1	0	1.0	1.0	1.0	0	1	0	0.0
GC_00007595	1	1	1	0	1.0	1.0	1.0	0	1	0	0.0
GC_00007596	1	1	1	0	1.0	1.0	1.0	0	1	0	0.0
GC_00007597	1	1	1	0	1.0	1.0	1.0	0	1	0	0.0
GC_00007598	1	1	1	0	1.0	1.0	1.0	0	1	0	0.0
GC_00007599	1	1	1	0	1.0	1.0	1.0	0	1	0	0.0
GC_00007600	1	1	1	0	1.0	1.0	1.0	0	1	0	0.0
GC_00007601	1	1	1	0	1.0	1.0	1.0	0	1	0	0.0
GC_00007602	1	1	1	0	1.0	1.0	1.0	0	1	0	0.0
GC_00007603	1	1	1	0	1.0	1.0	1.0	0	1	0	0.0
GC_00007604	1	1	1	0	1.0	1.0	1.0	0	1	0	0.0
GC_00007605	1	1	1	0	1.0	1.0	1.0	0	1	0	0.0
GC_00007606	1	1	1	0	1.0	1.0	1.0	0	1	0	0.0
GC_00007607	1	1	1	0	1.0	1.0	1.0	0	1	0	0.0
GC_00007608	1	1	1	0	1.0	1.0	1.0	0	1	0	0.0
GC_00007609	1	1	1	0	1.0	1.0	1.0	0	1	0	0.0
GC_00007610	1	1	1	0	1.0	1.0	1.0	0	1	0	0.0
GC_00007611	1	1	1	0	1.0	1.0	1.0	0	1	0	0.0
GC_00007612	1	1	1	0	1.0	1.0	1.0	0	1	0	0.0
GC_00007613	1	1	1	0	1.0	1.0	1.0	1	0	0	1.0
GC_00007614	1	1	1	0	1.0	1.0	1.0	0	1	0	0.0
GC_00007615	1	1	1	0	1.0	1.0	1.0	0	1	0	0.0
GC_00007616	1	1	1	0	1.0	1.0	1.0	0	1	0	0.0
GC_00007617	1	1	1	0	1.0	1.0	1.0	0	1	0	0.0
GC_00007618	1	1	1	0	1.0	1.0	1.0	0	1	0	0.0
GC_00007619	1	1	1	0	1.0	1.0	1.0	0	1	0	0.0
GC_00007620	1	1	1	0	1.0	1.0	1.0	0	1	0	0.0
GC_00007621	1	1	1	0	1.0	1.0	1.0	0	1	0	0.0
GC_00007622	1	1	1	0	1.0	1.0	1.0	0	1	0	0.0
GC_00007623	1	1	1	0	1.0	1.0	1.0	1	0	0	1.0
GC_00007624	1	1	1	0	1.0	1.0	1.0	0	1	0	0.0
GC_00007625	1	1	1	0	1.0	1.0	1.0	0	1	0	0.0
GC_00007626	1	1	1	0	1.0	1.0	1.0	0	1	0	0.0
GC_00007627	1	1	1	0	1.0	1.0	1.0	0	1	0	0.0
GC_00007628	1	1	1	0	1.0	1.0	1.0	0	1	0	0.0
GC_00007629	1	1	1	0	1.0	1.0	1.0	0	1	0	0.0
GC_00007630	1	1	1	0	1.0	1.0	1.0	0	1	0	0.0
GC_00007631	1	1	1	0	1.0	1.0	1.0	0	1	0	0.0
GC_00007632	1	1	1	0	1.0	1.0	1.0	0	1	0	0.0
GC_00007633	1	1	1	0	1.0	1.0	1.0	0	1	0	0.0
GC_00007634	1	1	1	0	1.0	1.0	1.0	0	1	0	0.0
GC_00007635	1	1	1	0	1.0	1.0	1.0	0	1	0	0.0
GC_00007636	1	1	1	0	1.0	1.0	1.0	0	1	0	0.0
GC_00007637	1	1	1	0	1.0	1.0	1.0	0	1	0	0.0
GC_00007638	1	1	1	0	1.0	1.0	1.0	0	1	0	0.0
GC_00007639	1	1	1	0	1.0	1.0	1.0	0	1	0	0.0
GC_00007640	1	1	1	0	1.0	1.0	1.0	0	1	0	0.0
GC_00007641	1	1	1	0	1.0	1.0	1.0	0	1	0	0.0
GC_00007642	1	1	1	0	1.0	1.0	1.0	0	1	0	0.0
GC_00007643	1	1	1	0	1.0	1.0	1.0	0	1	0	0.0
GC_00007644	1	1	1	0	1.0	1.0	1.0	0	1	0	0.0
GC_00007645	1	1	1	0	1.0	1.0	1.0	0	1	0	0.0
GC_00007646	1	1	1	0	1.0	1.0	1.0	0	1	0	0.0
GC_00007647	1	1	1	0	1.0	1.0	1.0	0	1	0	0.0
GC_00007648	1	1	1	0	1.0	1.0	1.0	0	1	0	0.0
GC_00007649	1	1	1	0	1.0	1.0	1.0	0	1	0	0.0
GC_00007650	1	1	1	0	1.0	1.0	1.0	0	1	0	0.0
GC_00007651	1	1	1	0	1.0	1.0	1.0	0	1	0	0.0
GC_00007652	1	1	1	0	1.0	1.0	1.0	0	1	0	0.0
GC_00007653	1	1	1	0	1.0	1.0	1.0	0	1	0	0.0
GC_00007654	1	1	1	0	1.0	1.0	1.0	0	1	0	0.0
GC_00007655	1	1	1	0	1.0	1.0	1.0	0	1	0	0.0
GC_00007656	1	1	1	0	1.0	1.0	1.0	0	1	0	0.0
GC_00007657	1	1	1	0	1.0	1.0	1.0	0	1	0	0.0
GC_00007658	1	1	1	0	1.0	1.0	1.0	0	1	0	0.0
GC_00007659	1	1	1	0	1.0	1.0	1.0	0	1	0	0.0
GC_00007660	1	1	1	0	1.0	1.0	1.0	0	1	0	0.0
GC_00007661	1	1	1	0	1.0	1.0	1.0	0	1	0	0.0
GC_00007662	1	1	1	0	1.0	1.0	1.0	0	1	0	0.0
GC_00007663	1	1	1	0	1.0	1.0	1.0	0	1	0	0.0
GC_00007664	1	1	1	0	1.0	1.0	1.0	0	1	0	0.0
GC_00007665	1	1	1	0	1.0	1.0	1.0	0	1	0	0.0
GC_00007666	1	1	1	0	1.0	1.0	1.0	0	1	0	0.0
GC_00007667	1	1	1	0	1.0	1.0	1.0	0	1	0	0.0
GC_00007668	1	1	1	0	1.0	1.0	1.0	0	1	0	0.0
GC_00007669	1	1	1	0	1.0	1.0	1.0	0	1	0	0.0
GC_00007670	1	1	1	0	1.0	1.0	1.0	0	1	0	0.0
GC_00007671	1	1	1	0	1.0	1.0	1.0	0	1	0	0.0
GC_00007672	1	1	1	0	1.0	1.0	1.0	0	1	0	0.0
GC_00007673	1	1	1	0	1.0	1.0	1.0	0	1	0	0.0
GC_00007674	1	1	1	0	1.0	1.0	1.0	0	1	0	0.0
GC_00007675	1	1	1	0	1.0	1.0	1.0	0	1	0	0.0
GC_00007676	1	1	1	0	1.0	1.0	1.0	1	0	0	1.0
GC_00007677	1	1	1	0	1.0	1.0	1.0	0	1	0	0.0
GC_00007678	1	1	1	0	1.0	1.0	1.0	1	0	0	1.0
GC_00007679	1	1	1	0	1.0	1.0	1.0	1	0	0	1.0
GC_00007680	1	1	1	0	1.0	1.0	1.0	1	0	0	1.0
GC_00007681	1	1	1	0	1.0	1.0	1.0	0	1	0	0.0
GC_00007682	1	1	1	0	1.0	1.0	1.0	0	1	0	0.0
GC_00007683	1	1	1	0	1.0	1.0	1.0	0	1	0	0.0
GC_00007684	1	1	1	0	1.0	1.0	1.0	0	1	0	0.0
GC_00007685	1	1	1	0	1.0	1.0	1.0	0	1	0	0.0
GC_00007686	1	1	1	0	1.0	1.0	1.0	0	1	0	0.0
GC_00007687	1	1	1	0	1.0	1.0	1.0	0	1	0	0.0
GC_00007688	1	1	1	0	1.0	1.0	1.0	0	1	0	0.0
GC_00007689	1	1	1	0	1.0	1.0	1.0	0	1	0	0.0
GC_00007690	1	1	1	0	1.0	1.0	1.0	0	1	0	0.0
GC_00007691	1	1	1	0	1.0	1.0	1.0	0	1	0	0.0
GC_00007692	1	1	1	0	1.0	1.0	1.0	0	1	0	0.0
GC_00007693	1	1	1	0	1.0	1.0	1.0	0	1	0	0.0
GC_00007694	1	1	1	0	1.0	1.0	1.0	0	1	0	0.0
GC_00007695	1	1	1	0	1.0	1.0	1.0	1	0	0	1.0
GC_00007696	1	1	1	0	1.0	1.0	1.0	0	1	0	0.0
GC_00007697	1	1	1	0	1.0	1.0	1.0	0	1	0	0.0
GC_00007698	1	1	1	0	1.0	1.0	1.0	1	0	0	1.0
GC_00007699	1	1	1	0	1.0	1.0	1.0	0	1	0	0.0
GC_00007700	1	1	1	0	1.0	1.0	1.0	0	1	0	0.0
GC_00007701	1	1	1	0	1.0	1.0	1.0	0	1	0	0.0
GC_00007702	1	1	1	0	1.0	1.0	1.0	0	1	0	0.0
GC_00007703	1	1	1	0	1.0	1.0	1.0	0	1	0	0.0
GC_00007704	1	1	1	0	1.0	1.0	1.0	0	1	0	0.0
GC_00007705	1	1	1	0	1.0	1.0	1.0	0	1	0	0.0
GC_00007706	1	1	1	0	1.0	1.0	1.0	0	1	0	0.0
GC_00007707	1	1	1	0	1.0	1.0	1.0	0	1	0	0.0
GC_00007708	1	1	1	0	1.0	1.0	1.0	0	1	0	0.0
GC_00007709	1	1	1	0	1.0	1.0	1.0	0	1	0	0.0
GC_00007710	1	1	1	0	1.0	1.0	1.0	0	1	0	0.0
GC_00007711	1	1	1	0	1.0	1.0	1.0	0	1	0	0.0
GC_00007712	1	1	1	0	1.0	1.0	1.0	0	1	0	0.0
GC_00007713	1	1	1	0	1.0	1.0	1.0	1	0	0	1.0
GC_00007714	1	1	1	0	1.0	1.0	1.0	0	1	0	0.0
GC_00007715	1	1	1	0	1.0	1.0	1.0	0	1	0	0.0
GC_00007716	1	1	1	0	1.0	1.0	1.0	0	1	0	0.0
GC_00007717	1	1	1	0	1.0	1.0	1.0	0	1	0	0.0
GC_00007718	1	1	1	0	1.0	1.0	1.0	0	1	0	0.0
GC_00007719	1	1	1	0	1.0	1.0	1.0	0	1	0	0.0
GC_00007720	1	1	1	0	1.0	1.0	1.0	0	1	0	0.0
GC_00007721	1	1	1	0	1.0	1.0	1.0	0	1	0	0.0
GC_00007722	1	1	1	0	1.0	1.0	1.0	0	1	0	0.0
GC_00007723	1	1	1	0	1.0	1.0	1.0	0	1	0	0.0
GC_00007724	1	1	1	0	1.0	1.0	1.0	0	1	0	0.0
GC_00007725	1	1	1	0	1.0	1.0	1.0	0	1	0	0.0
GC_00007726	1	1	1	0	1.0	1.0	1.0	0	1	0	0.0
GC_00007727	1	1	1	0	1.0	1.0	1.0	0	1	0	0.0
GC_00007728	1	1	1	0	1.0	1.0	1.0	0	1	0	0.0
GC_00007729	1	1	1	0	1.0	1.0	1.0	0	1	0	0.0
GC_00007730	1	1	1	0	1.0	1.0	1.0	0	1	0	0.0
GC_00007731	1	1	1	0	1.0	1.0	1.0	0	1	0	0.0
GC_00007732	1	1	1	0	1.0	1.0	1.0	0	1	0	0.0
GC_00007733	1	1	1	0	1.0	1.0	1.0	0	1	0	0.0
GC_00007734	1	1	1	0	1.0	1.0	1.0	0	1	0	0.0
GC_00007735	1	1	1	0	1.0	1.0	1.0	0	1	0	0.0
GC_00007736	1	1	1	0	1.0	1.0	1.0	0	1	0	0.0
GC_00007737	1	1	1	0	1.0	1.0	1.0	0	1	0	0.0
GC_00007738	1	1	1	0	1.0	1.0	1.0	0	1	0	0.0
GC_00007739	1	1	1	0	1.0	1.0	1.0	0	1	0	0.0
GC_00007740	1	1	1	0	1.0	1.0	1.0	0	1	0	0.0
GC_00007741	1	1	1	0	1.0	1.0	1.0	0	1	0	0.0
GC_00007742	1	1	1	0	1.0	1.0	1.0	0	1	0	0.0
GC_00007743	1	1	1	0	1.0	1.0	1.0	0	1	0	0.0
GC_00007744	1	1	1	0	1.0	1.0	1.0	0	1	0	0.0
GC_00007745	1	1	1	0	1.0	1.0	1.0	0	1	0	0.0
GC_00007746	1	1	1	0	1.0	1.0	1.0	0	1	0	0.0
GC_00007747	1	1	1	0	1.0	1.0	1.0	0	1	0	0.0
GC_00007748	1	1	1	0	1.0	1.0	1.0	0	1	0	0.0
GC_00007749	1	1	1	0	1.0	1.0	1.0	0	1	0	0.0
GC_00007750	1	1	1	0	1.0	1.0	1.0	0	1	0	0.0
GC_00007751	1	1	1	0	1.0	1.0	1.0	0	1	0	0.0
GC_00007752	1	1	1	0	1.0	1.0	1.0	0	1	0	0.0
GC_00007753	1	1	1	0	1.0	1.0	1.0	0	1	0	0.0
GC_00007754	1	1	1	0	1.0	1.0	1.0	0	1	0	0.0
GC_00007755	1	1	1	0	1.0	1.0	1.0	0	1	0	0.0
GC_00007756	1	1	1	0	1.0	1.0	1.0	0	1	0	0.0
GC_00007757	1	1	1	0	1.0	1.0	1.0	0	1	0	0.0
GC_00007758	1	1	1	0	1.0	1.0	1.0	0	1	0	0.0
GC_00007759	1	1	1	0	1.0	1.0	1.0	0	1	0	0.0
GC_00007760	1	1	1	0	1.0	1.0	1.0	0	1	0	0.0
GC_00007761	1	1	1	0	1.0	1.0	1.0	1	0	0	1.0
GC_00007762	1	1	1	0	1.0	1.0	1.0	0	1	0	0.0
GC_00007763	1	1	1	0	1.0	1.0	1.0	0	1	0	0.0
GC_00007764	1	1	1	0	1.0	1.0	1.0	0	1	0	0.0
GC_00007765	1	1	1	0	1.0	1.0	1.0	0	1	0	0.0
GC_00007766	1	1	1	0	1.0	1.0	1.0	0	1	0	0.0
GC_00007767	1	1	1	0	1.0	1.0	1.0	0	1	0	0.0
GC_00007768	1	1	1	0	1.0	1.0	1.0	0	1	0	0.0
GC_00007769	1	1	1	0	1.0	1.0	1.0	0	1	0	0.0
GC_00007770	1	1	1	0	1.0	1.0	1.0	0	1	0	0.0
GC_00007771	1	1	1	0	1.0	1.0	1.0	0	1	0	0.0
GC_00007772	1	1	1	0	1.0	1.0	1.0	0	1	0	0.0
GC_00007773	1	1	1	0	1.0	1.0	1.0	0	1	0	0.0
GC_00007774	1	1	1	0	1.0	1.0	1.0	0	1	0	0.0
GC_00007775	1	1	1	0	1.0	1.0	1.0	0	1	0	0.0
GC_00007776	1	1	1	0	1.0	1.0	1.0	0	1	0	0.0
GC_00007777	1	1	1	0	1.0	1.0	1.0	1	0	0	1.0
GC_00007778	1	1	1	0	1.0	1.0	1.0	0	1	0	0.0
GC_00007779	1	1	1	0	1.0	1.0	1.0	0	1	0	0.0
GC_00007780	1	1	1	0	1.0	1.0	1.0	1	0	0	1.0
GC_00007781	1	1	1	0	1.0	1.0	1.0	0	1	0	0.0
GC_00007782	1	1	1	0	1.0	1.0	1.0	0	1	0	0.0
GC_00007783	1	1	1	0	1.0	1.0	1.0	0	1	0	0.0
GC_00007784	1	1	1	0	1.0	1.0	1.0	0	1	0	0.0
GC_00007785	1	1	1	0	1.0	1.0	1.0	0	1	0	0.0
GC_00007786	1	1	1	0	1.0	1.0	1.0	0	1	0	0.0
GC_00007787	1	1	1	0	1.0	1.0	1.0	0	1	0	0.0
GC_00007788	1	1	1	0	1.0	1.0	1.0	0	1	0	0.0
GC_00007789	1	1	1	0	1.0	1.0	1.0	0	1	0	0.0
GC_00007790	1	1	1	0	1.0	1.0	1.0	0	1	0	0.0
GC_00007791	1	1	1	0	1.0	1.0	1.0	0	1	0	0.0
GC_00007792	1	1	1	0	1.0	1.0	1.0	0	1	0	0.0
GC_00007793	1	1	1	0	1.0	1.0	1.0	0	1	0	0.0
GC_00007794	1	1	1	0	1.0	1.0	1.0	0	1	0	0.0
GC_00007795	1	1	1	0	1.0	1.0	1.0	0	1	0	0.0
GC_00007796	1	1	1	0	1.0	1.0	1.0	0	1	0	0.0
GC_00007797	1	1	1	0	1.0	1.0	1.0	0	1	0	0.0
GC_00007798	1	1	1	0	1.0	1.0	1.0	0	1	0	0.0
GC_00007799	1	1	1	0	1.0	1.0	1.0	0	1	0	0.0
GC_00007800	1	1	1	0	1.0	1.0	1.0	0	1	0	0.0
GC_00007801	1	1	1	0	1.0	1.0	1.0	1	0	0	1.0
GC_00007802	1	1	1	0	1.0	1.0	1.0	0	1	0	0.0
GC_00007803	1	1	1	0	1.0	1.0	1.0	0	1	0	0.0
GC_00007804	1	1	1	0	1.0	1.0	1.0	0	1	0	0.0
GC_00007805	1	1	1	0	1.0	1.0	1.0	0	1	0	0.0
GC_00007806	1	1	1	0	1.0	1.0	1.0	0	1	0	0.0
GC_00007807	1	1	1	0	1.0	1.0	1.0	0	1	0	0.0
GC_00007808	1	1	1	0	1.0	1.0	1.0	0	1	0	0.0
GC_00007809	1	1	1	0	1.0	1.0	1.0	0	1	0	0.0
GC_00007810	1	1	1	0	1.0	1.0	1.0	0	1	0	0.0
GC_00007811	1	1	1	0	1.0	1.0	1.0	0	1	0	0.0
GC_00007812	1	1	1	0	1.0	1.0	1.0	0	1	0	0.0
GC_00007813	1	1	1	0	1.0	1.0	1.0	0	1	0	0.0
GC_00007814	1	1	1	0	1.0	1.0	1.0	0	1	0	0.0
GC_00007815	1	1	1	0	1.0	1.0	1.0	0	1	0	0.0
GC_00007816	1	1	1	0	1.0	1.0	1.0	0	1	0	0.0
GC_00007817	1	1	1	0	1.0	1.0	1.0	0	1	0	0.0
GC_00007818	1	1	1	0	1.0	1.0	1.0	0	1	0	0.0
GC_00007819	1	1	1	0	1.0	1.0	1.0	0	1	0	0.0
GC_00007820	1	1	1	0	1.0	1.0	1.0	0	1	0	0.0
GC_00007821	1	1	1	0	1.0	1.0	1.0	0	1	0	0.0
GC_00007822	1	1	1	0	1.0	1.0	1.0	0	1	0	0.0
GC_00007823	1	1	1	0	1.0	1.0	1.0	0	1	0	0.0
GC_00007824	1	1	1	0	1.0	1.0	1.0	0	1	0	0.0
GC_00007825	1	1	1	0	1.0	1.0	1.0	0	1	0	0.0
GC_00007826	1	1	1	0	1.0	1.0	1.0	0	1	0	0.0
GC_00007827	1	1	1	0	1.0	1.0	1.0	0	1	0	0.0
GC_00007828	1	1	1	0	1.0	1.0	1.0	0	1	0	0.0
GC_00007829	1	1	1	0	1.0	1.0	1.0	0	1	0	0.0
GC_00007830	1	1	1	0	1.0	1.0	1.0	0	1	0	0.0
GC_00007831	1	1	1	0	1.0	1.0	1.0	0	1	0	0.0
GC_00007832	1	1	1	0	1.0	1.0	1.0	0	1	0	0.0
GC_00007833	1	1	1	0	1.0	1.0	1.0	0	1	0	0.0
GC_00007834	1	1	1	0	1.0	1.0	1.0	0	1	0	0.0
GC_00007835	1	1	1	0	1.0	1.0	1.0	0	1	0	0.0
GC_00007836	1	1	1	0	1.0	1.0	1.0	0	1	0	0.0
GC_00007837	1	1	1	0	1.0	1.0	1.0	0	1	0	0.0
GC_00007838	1	1	1	0	1.0	1.0	1.0	0	1	0	0.0
GC_00007839	1	1	1	0	1.0	1.0	1.0	0	1	0	0.0
GC_00007840	1	1	1	0	1.0	1.0	1.0	0	1	0	0.0
GC_00007841	1	1	1	0	1.0	1.0	1.0	0	1	0	0.0
GC_00007842	1	1	1	0	1.0	1.0	1.0	1	0	0	1.0
GC_00007843	1	1	1	0	1.0	1.0	1.0	0	1	0	0.0
GC_00007844	1	1	1	0	1.0	1.0	1.0	0	1	0	0.0
GC_00007845	1	1	1	0	1.0	1.0	1.0	0	1	0	0.0
GC_00007846	1	1	1	0	1.0	1.0	1.0	0	1	0	0.0
GC_00007847	1	1	1	0	1.0	1.0	1.0	0	1	0	0.0
GC_00007848	1	1	1	0	1.0	1.0	1.0	1	0	0	1.0
GC_00007849	1	1	1	0	1.0	1.0	1.0	0	1	0	0.0
GC_00007850	1	1	1	0	1.0	1.0	1.0	0	1	0	0.0
GC_00007851	1	1	1	0	1.0	1.0	1.0	0	1	0	0.0
GC_00007852	1	1	1	0	1.0	1.0	1.0	1	0	0	1.0
GC_00007853	1	1	1	0	1.0	1.0	1.0	0	1	0	0.0
GC_00007854	1	1	1	0	1.0	1.0	1.0	0	1	0	0.0
GC_00007855	1	1	1	0	1.0	1.0	1.0	0	1	0	0.0
GC_00007856	1	1	1	0	1.0	1.0	1.0	1	0	0	1.0
GC_00007857	1	1	1	0	1.0	1.0	1.0	0	1	0	0.0
GC_00007858	1	1	1	0	1.0	1.0	1.0	0	1	0	0.0
GC_00007859	1	1	1	0	1.0	1.0	1.0	0	1	0	0.0
GC_00007860	1	1	1	0	1.0	1.0	1.0	0	1	0	0.0
GC_00007861	1	1	1	0	1.0	1.0	1.0	0	1	0	0.0
GC_00007862	1	1	1	0	1.0	1.0	1.0	0	1	0	0.0
GC_00007863	1	1	1	0	1.0	1.0	1.0	0	1	0	0.0
GC_00007864	1	1	1	0	1.0	1.0	1.0	0	1	0	0.0
GC_00007865	1	1	1	0	1.0	1.0	1.0	0	1	0	0.0
GC_00007866	1	1	1	0	1.0	1.0	1.0	0	1	0	0.0
GC_00007867	1	1	1	0	1.0	1.0	1.0	0	1	0	0.0
GC_00007868	1	1	1	0	1.0	1.0	1.0	0	1	0	0.0
GC_00007869	1	1	1	0	1.0	1.0	1.0	0	1	0	0.0
GC_00007870	1	1	1	0	1.0	1.0	1.0	0	1	0	0.0
GC_00007871	1	1	1	0	1.0	1.0	1.0	0	1	0	0.0
GC_00007872	1	1	1	0	1.0	1.0	1.0	1	0	0	1.0
GC_00007873	1	1	1	0	1.0	1.0	1.0	0	1	0	0.0
GC_00007874	1	1	1	0	1.0	1.0	1.0	0	1	0	0.0
GC_00007875	1	1	1	0	1.0	1.0	1.0	0	1	0	0.0
GC_00007876	1	1	1	0	1.0	1.0	1.0	0	1	0	0.0
GC_00007877	1	1	1	0	1.0	1.0	1.0	0	1	0	0.0
GC_00007878	1	1	1	0	1.0	1.0	1.0	0	1	0	0.0
GC_00007879	1	1	1	0	1.0	1.0	1.0	0	1	0	0.0
GC_00007880	1	1	1	0	1.0	1.0	1.0	0	1	0	0.0
GC_00007881	1	1	1	0	1.0	1.0	1.0	1	0	0	1.0
GC_00007882	1	1	1	0	1.0	1.0	1.0	0	1	0	0.0
GC_00007883	1	1	1	0	1.0	1.0	1.0	0	1	0	0.0
GC_00007884	1	1	1	0	1.0	1.0	1.0	0	1	0	0.0
GC_00007885	1	1	1	0	1.0	1.0	1.0	0	1	0	0.0
GC_00007886	1	1	1	0	1.0	1.0	1.0	0	1	0	0.0
GC_00007887	1	1	1	0	1.0	1.0	1.0	0	1	0	0.0
GC_00007888	1	1	1	0	1.0	1.0	1.0	0	1	0	0.0
GC_00007889	1	1	1	0	1.0	1.0	1.0	0	1	0	0.0
GC_00007890	1	1	1	0	1.0	1.0	1.0	0	1	0	0.0
GC_00007891	1	1	1	0	1.0	1.0	1.0	0	1	0	0.0
GC_00007892	1	1	1	0	1.0	1.0	1.0	0	1	0	0.0
GC_00007893	1	1	1	0	1.0	1.0	1.0	0	1	0	0.0
GC_00007894	1	1	1	0	1.0	1.0	1.0	0	1	0	0.0
GC_00007895	1	1	1	0	1.0	1.0	1.0	0	1	0	0.0
GC_00007896	1	1	1	0	1.0	1.0	1.0	0	1	0	0.0
GC_00007897	1	1	1	0	1.0	1.0	1.0	0	1	0	0.0
GC_00007898	1	1	1	0	1.0	1.0	1.0	0	1	0	0.0
GC_00007899	1	1	1	0	1.0	1.0	1.0	0	1	0	0.0
GC_00007900	1	1	1	0	1.0	1.0	1.0	0	1	0	0.0
GC_00007901	1	1	1	0	1.0	1.0	1.0	0	1	0	0.0
GC_00007902	1	1	1	0	1.0	1.0	1.0	0	1	0	0.0
GC_00007903	1	1	1	0	1.0	1.0	1.0	0	1	0	0.0
GC_00007904	1	1	1	0	1.0	1.0	1.0	0	1	0	0.0
GC_00007905	1	1	1	0	1.0	1.0	1.0	0	1	0	0.0
GC_00007906	1	1	1	0	1.0	1.0	1.0	0	1	0	0.0
GC_00007907	1	1	1	0	1.0	1.0	1.0	0	1	0	0.0
GC_00007908	1	1	1	0	1.0	1.0	1.0	0	1	0	0.0
GC_00007909	1	1	1	0	1.0	1.0	1.0	0	1	0	0.0
GC_00007910	1	1	1	0	1.0	1.0	1.0	0	1	0	0.0
GC_00007911	1	1	1	0	1.0	1.0	1.0	0	1	0	0.0
GC_00007912	1	1	1	0	1.0	1.0	1.0	0	1	0	0.0
GC_00007913	1	1	1	0	1.0	1.0	1.0	0	1	0	0.0
GC_00007914	1	1	1	0	1.0	1.0	1.0	0	1	0	0.0
GC_00007915	1	1	1	0	1.0	1.0	1.0	0	1	0	0.0
GC_00007916	1	1	1	0	1.0	1.0	1.0	0	1	0	0.0
GC_00007917	1	1	1	0	1.0	1.0	1.0	0	1	0	0.0
GC_00007918	1	1	1	0	1.0	1.0	1.0	0	1	0	0.0
GC_00007919	1	1	1	0	1.0	1.0	1.0	0	1	0	0.0
GC_00007920	1	1	1	0	1.0	1.0	1.0	0	1	0	0.0
GC_00007921	1	1	1	0	1.0	1.0	1.0	0	1	0	0.0
GC_00007922	1	1	1	0	1.0	1.0	1.0	0	1	0	0.0
GC_00007923	1	1	1	0	1.0	1.0	1.0	0	1	0	0.0
GC_00007924	1	1	1	0	1.0	1.0	1.0	0	1	0	0.0
GC_00007925	1	1	1	0	1.0	1.0	1.0	0	1	0	0.0
GC_00007926	1	1	1	0	1.0	1.0	1.0	0	1	0	0.0
GC_00007927	1	1	1	0	1.0	1.0	1.0	0	1	0	0.0
GC_00007928	1	1	1	0	1.0	1.0	1.0	0	1	0	0.0
GC_00007929	1	1	1	0	1.0	1.0	1.0	0	1	0	0.0
GC_00007930	1	1	1	0	1.0	1.0	1.0	0	1	0	0.0
GC_00007931	1	1	1	0	1.0	1.0	1.0	0	1	0	0.0
GC_00007932	1	1	1	0	1.0	1.0	1.0	0	1	0	0.0
GC_00007933	1	1	1	0	1.0	1.0	1.0	0	1	0	0.0
GC_00007934	1	1	1	0	1.0	1.0	1.0	0	1	0	0.0
GC_00007935	1	1	1	0	1.0	1.0	1.0	0	1	0	0.0
GC_00007936	1	1	1	0	1.0	1.0	1.0	0	1	0	0.0
GC_00007937	1	1	1	0	1.0	1.0	1.0	0	1	0	0.0
GC_00007938	1	1	1	0	1.0	1.0	1.0	0	1	0	0.0
GC_00007939	1	1	1	0	1.0	1.0	1.0	0	1	0	0.0
GC_00007940	1	1	1	0	1.0	1.0	1.0	0	1	0	0.0
GC_00007941	1	1	1	0	1.0	1.0	1.0	0	1	0	0.0
GC_00007942	1	1	1	0	1.0	1.0	1.0	0	1	0	0.0
GC_00007943	1	1	1	0	1.0	1.0	1.0	0	1	0	0.0
GC_00007944	1	1	1	0	1.0	1.0	1.0	1	0	0	1.0
GC_00007945	1	1	1	0	1.0	1.0	1.0	1	0	0	1.0
GC_00007946	1	1	1	0	1.0	1.0	1.0	0	1	0	0.0
GC_00007947	1	1	1	0	1.0	1.0	1.0	0	1	0	0.0
GC_00007948	1	1	1	0	1.0	1.0	1.0	0	1	0	0.0
GC_00007949	1	1	1	0	1.0	1.0	1.0	0	1	0	0.0
GC_00007950	1	1	1	0	1.0	1.0	1.0	0	1	0	0.0
GC_00007951	1	1	1	0	1.0	1.0	1.0	0	1	0	0.0
GC_00007952	1	1	1	0	1.0	1.0	1.0	0	1	0	0.0
GC_00007953	1	1	1	0	1.0	1.0	1.0	0	1	0	0.0
GC_00007954	1	1	1	0	1.0	1.0	1.0	0	1	0	0.0
GC_00007955	1	1	1	0	1.0	1.0	1.0	0	1	0	0.0
GC_00007956	1	1	1	0	1.0	1.0	1.0	0	1	0	0.0
GC_00007957	1	1	1	0	1.0	1.0	1.0	0	1	0	0.0
GC_00007958	1	1	1	0	1.0	1.0	1.0	0	1	0	0.0
GC_00007959	1	1	1	0	1.0	1.0	1.0	0	1	0	0.0
GC_00007960	1	1	1	0	1.0	1.0	1.0	0	1	0	0.0
GC_00007961	1	1	1	0	1.0	1.0	1.0	0	1	0	0.0
GC_00007962	1	1	1	0	1.0	1.0	1.0	0	1	0	0.0
GC_00007963	1	1	1	0	1.0	1.0	1.0	0	1	0	0.0
GC_00007964	1	1	1	0	1.0	1.0	1.0	0	1	0	0.0
GC_00007965	1	1	1	0	1.0	1.0	1.0	0	1	0	0.0
GC_00007966	1	1	1	0	1.0	1.0	1.0	0	1	0	0.0
GC_00007967	1	1	1	0	1.0	1.0	1.0	0	1	0	0.0
GC_00007968	1	1	1	0	1.0	1.0	1.0	0	1	0	0.0
GC_00007969	1	1	1	0	1.0	1.0	1.0	0	1	0	0.0
GC_00007970	1	1	1	0	1.0	1.0	1.0	0	1	0	0.0
GC_00007971	1	1	1	0	1.0	1.0	1.0	0	1	0	0.0
GC_00007972	1	1	1	0	1.0	1.0	1.0	0	1	0	0.0
GC_00007973	1	1	1	0	1.0	1.0	1.0	0	1	0	0.0
GC_00007974	1	1	1	0	1.0	1.0	1.0	0	1	0	0.0
GC_00007975	1	1	1	0	1.0	1.0	1.0	0	1	0	0.0
GC_00007976	1	1	1	0	1.0	1.0	1.0	0	1	0	0.0
GC_00007977	1	1	1	0	1.0	1.0	1.0	0	1	0	0.0
GC_00007978	1	1	1	0	1.0	1.0	1.0	0	1	0	0.0
GC_00007979	1	1	1	0	1.0	1.0	1.0	0	1	0	0.0
GC_00007980	1	1	1	0	1.0	1.0	1.0	0	1	0	0.0
GC_00007981	1	1	1	0	1.0	1.0	1.0	0	1	0	0.0
GC_00007982	1	1	1	0	1.0	1.0	1.0	0	1	0	0.0
GC_00007983	1	1	1	0	1.0	1.0	1.0	0	1	0	0.0
GC_00007984	1	1	1	0	1.0	1.0	1.0	0	1	0	0.0
GC_00007985	1	1	1	0	1.0	1.0	1.0	0	1	0	0.0
GC_00007986	1	1	1	0	1.0	1.0	1.0	0	1	0	0.0
GC_00007987	1	1	1	0	1.0	1.0	1.0	0	1	0	0.0
GC_00007988	1	1	1	0	1.0	1.0	1.0	0	1	0	0.0
GC_00007989	1	1	1	0	1.0	1.0	1.0	0	1	0	0.0
GC_00007990	1	1	1	0	1.0	1.0	1.0	0	1	0	0.0
GC_00007991	1	1	1	0	1.0	1.0	1.0	0	1	0	0.0
GC_00007992	1	1	1	0	1.0	1.0	1.0	0	1	0	0.0
GC_00007993	1	1	1	0	1.0	1.0	1.0	0	1	0	0.0
GC_00007994	1	1	1	0	1.0	1.0	1.0	0	1	0	0.0
GC_00007995	1	1	1	0	1.0	1.0	1.0	0	1	0	0.0
GC_00007996	1	1	1	0	1.0	1.0	1.0	0	1	0	0.0
GC_00007997	1	1	1	0	1.0	1.0	1.0	0	1	0	0.0
GC_00007998	1	1	1	0	1.0	1.0	1.0	0	1	0	0.0
GC_00007999	1	1	1	0	1.0	1.0	1.0	0	1	0	0.0
GC_00008000	1	1	1	0	1.0	1.0	1.0	0	1	0	0.0
GC_00008001	1	1	1	0	1.0	1.0	1.0	0	1	0	0.0
GC_00008002	1	1	1	0	1.0	1.0	1.0	0	1	0	0.0
GC_00008003	1	1	1	0	1.0	1.0	1.0	0	1	0	0.0
GC_00008004	1	1	1	0	1.0	1.0	1.0	0	1	0	0.0
GC_00008005	1	1	1	0	1.0	1.0	1.0	0	1	0	0.0
GC_00008006	1	1	1	0	1.0	1.0	1.0	0	1	0	0.0
GC_00008007	1	1	1	0	1.0	1.0	1.0	0	1	0	0.0
GC_00008008	1	1	1	0	1.0	1.0	1.0	0	1	0	0.0
GC_00008009	1	1	1	0	1.0	1.0	1.0	0	1	0	0.0
GC_00008010	1	1	1	0	1.0	1.0	1.0	0	1	0	0.0
GC_00008011	1	1	1	0	1.0	1.0	1.0	0	1	0	0.0
GC_00008012	1	1	1	0	1.0	1.0	1.0	0	1	0	0.0
GC_00008013	1	1	1	0	1.0	1.0	1.0	0	1	0	0.0
GC_00008014	1	1	1	0	1.0	1.0	1.0	0	1	0	0.0
GC_00008015	1	1	1	0	1.0	1.0	1.0	0	1	0	0.0
GC_00008016	1	1	1	0	1.0	1.0	1.0	0	1	0	0.0
GC_00008017	1	1	1	0	1.0	1.0	1.0	0	1	0	0.0
GC_00008018	1	1	1	0	1.0	1.0	1.0	0	1	0	0.0
GC_00008019	1	1	1	0	1.0	1.0	1.0	0	1	0	0.0
GC_00008020	1	1	1	0	1.0	1.0	1.0	0	1	0	0.0
GC_00008021	1	1	1	0	1.0	1.0	1.0	0	1	0	0.0
GC_00008022	1	1	1	0	1.0	1.0	1.0	0	1	0	0.0
GC_00008023	1	1	1	0	1.0	1.0	1.0	0	1	0	0.0
GC_00008024	1	1	1	0	1.0	1.0	1.0	0	1	0	0.0
GC_00008025	1	1	1	0	1.0	1.0	1.0	0	1	0	0.0
GC_00008026	1	1	1	0	1.0	1.0	1.0	0	1	0	0.0
GC_00008027	1	1	1	0	1.0	1.0	1.0	0	1	0	0.0
GC_00008028	1	1	1	0	1.0	1.0	1.0	0	1	0	0.0
GC_00008029	1	1	1	0	1.0	1.0	1.0	0	1	0	0.0
GC_00008030	1	1	1	0	1.0	1.0	1.0	0	1	0	0.0
GC_00008031	1	1	1	0	1.0	1.0	1.0	0	1	0	0.0
GC_00008032	1	1	1	0	1.0	1.0	1.0	0	1	0	0.0
GC_00008033	1	1	1	0	1.0	1.0	1.0	0	1	0	0.0
GC_00008034	1	1	1	0	1.0	1.0	1.0	0	1	0	0.0
GC_00008035	1	1	1	0	1.0	1.0	1.0	0	1	0	0.0
GC_00008036	1	1	1	0	1.0	1.0	1.0	0	1	0	0.0
GC_00008037	1	1	1	0	1.0	1.0	1.0	0	1	0	0.0
GC_00008038	1	1	1	0	1.0	1.0	1.0	0	1	0	0.0
GC_00008039	1	1	1	0	1.0	1.0	1.0	0	1	0	0.0
GC_00008040	1	1	1	0	1.0	1.0	1.0	0	1	0	0.0
GC_00008041	1	1	1	0	1.0	1.0	1.0	0	1	0	0.0
GC_00008042	1	1	1	0	1.0	1.0	1.0	0	1	0	0.0
GC_00008043	1	1	1	0	1.0	1.0	1.0	0	1	0	0.0
GC_00008044	1	1	1	0	1.0	1.0	1.0	0	1	0	0.0
GC_00008045	1	1	1	0	1.0	1.0	1.0	0	1	0	0.0
GC_00008046	1	1	1	0	1.0	1.0	1.0	0	1	0	0.0
GC_00008047	1	1	1	0	1.0	1.0	1.0	0	1	0	0.0
GC_00008048	1	1	1	0	1.0	1.0	1.0	0	1	0	0.0
GC_00008049	1	1	1	0	1.0	1.0	1.0	0	1	0	0.0
GC_00008050	1	1	1	0	1.0	1.0	1.0	0	1	0	0.0
GC_00008051	1	1	1	0	1.0	1.0	1.0	0	1	0	0.0
GC_00008052	1	1	1	0	1.0	1.0	1.0	0	1	0	0.0
GC_00008053	1	1	1	0	1.0	1.0	1.0	0	1	0	0.0
GC_00008054	1	1	1	0	1.0	1.0	1.0	0	1	0	0.0
GC_00008055	1	1	1	0	1.0	1.0	1.0	0	1	0	0.0
GC_00008056	1	1	1	0	1.0	1.0	1.0	0	1	0	0.0
GC_00008057	1	1	1	0	1.0	1.0	1.0	0	1	0	0.0
GC_00008058	1	1	1	0	1.0	1.0	1.0	0	1	0	0.0
GC_00008059	1	1	1	0	1.0	1.0	1.0	0	1	0	0.0
GC_00008060	1	1	1	0	1.0	1.0	1.0	0	1	0	0.0
GC_00008061	1	1	1	0	1.0	1.0	1.0	0	1	0	0.0
GC_00008062	1	1	1	0	1.0	1.0	1.0	0	1	0	0.0
GC_00008063	1	1	1	0	1.0	1.0	1.0	0	1	0	0.0
GC_00008064	1	1	1	0	1.0	1.0	1.0	0	1	0	0.0
GC_00008065	1	1	1	0	1.0	1.0	1.0	0	1	0	0.0
GC_00008066	1	1	1	0	1.0	1.0	1.0	0	1	0	0.0
GC_00008067	1	1	1	0	1.0	1.0	1.0	0	1	0	0.0
GC_00008068	1	1	1	0	1.0	1.0	1.0	0	1	0	0.0
GC_00008069	1	1	1	0	1.0	1.0	1.0	0	1	0	0.0
GC_00008070	1	1	1	0	1.0	1.0	1.0	0	1	0	0.0
GC_00008071	1	1	1	0	1.0	1.0	1.0	0	1	0	0.0
GC_00008072	1	1	1	0	1.0	1.0	1.0	0	1	0	0.0
GC_00008073	1	1	1	0	1.0	1.0	1.0	0	1	0	0.0
GC_00008074	1	1	1	0	1.0	1.0	1.0	0	1	0	0.0
GC_00008075	1	1	1	0	1.0	1.0	1.0	0	1	0	0.0
GC_00008076	1	1	1	0	1.0	1.0	1.0	0	1	0	0.0
GC_00008077	1	1	1	0	1.0	1.0	1.0	0	1	0	0.0
GC_00008078	1	1	1	0	1.0	1.0	1.0	0	1	0	0.0
GC_00008079	1	1	1	0	1.0	1.0	1.0	0	1	0	0.0
GC_00008080	1	1	1	0	1.0	1.0	1.0	0	1	0	0.0
GC_00008081	1	1	1	0	1.0	1.0	1.0	0	1	0	0.0
GC_00008082	1	1	1	0	1.0	1.0	1.0	0	1	0	0.0
GC_00008083	1	1	1	0	1.0	1.0	1.0	0	1	0	0.0
GC_00008084	1	1	1	0	1.0	1.0	1.0	0	1	0	0.0
GC_00008085	1	1	1	0	1.0	1.0	1.0	0	1	0	0.0
GC_00008086	1	1	1	0	1.0	1.0	1.0	0	1	0	0.0
GC_00008087	1	1	1	0	1.0	1.0	1.0	0	1	0	0.0
GC_00008088	1	1	1	0	1.0	1.0	1.0	0	1	0	0.0
GC_00008089	1	1	1	0	1.0	1.0	1.0	0	1	0	0.0
GC_00008090	1	1	1	0	1.0	1.0	1.0	0	1	0	0.0
GC_00008091	1	1	1	0	1.0	1.0	1.0	0	1	0	0.0
GC_00008092	1	1	1	0	1.0	1.0	1.0	0	1	0	0.0
GC_00008093	1	1	1	0	1.0	1.0	1.0	0	1	0	0.0
GC_00008094	1	1	1	0	1.0	1.0	1.0	0	1	0	0.0
GC_00008095	1	1	1	0	1.0	1.0	1.0	0	1	0	0.0
GC_00008096	1	1	1	0	1.0	1.0	1.0	0	1	0	0.0
GC_00008097	1	1	1	0	1.0	1.0	1.0	0	1	0	0.0
GC_00008098	1	1	1	0	1.0	1.0	1.0	0	1	0	0.0
GC_00008099	1	1	1	0	1.0	1.0	1.0	0	1	0	0.0
GC_00008100	1	1	1	0	1.0	1.0	1.0	0	1	0	0.0
GC_00008101	1	1	1	0	1.0	1.0	1.0	0	1	0	0.0
GC_00008102	1	1	1	0	1.0	1.0	1.0	0	1	0	0.0
GC_00008103	1	1	1	0	1.0	1.0	1.0	0	1	0	0.0
GC_00008104	1	1	1	0	1.0	1.0	1.0	0	1	0	0.0
GC_00008105	1	1	1	0	1.0	1.0	1.0	0	1	0	0.0
GC_00008106	1	1	1	0	1.0	1.0	1.0	0	1	0	0.0
GC_00008107	1	1	1	0	1.0	1.0	1.0	0	1	0	0.0
GC_00008108	1	1	1	0	1.0	1.0	1.0	0	1	0	0.0
GC_00008109	1	1	1	0	1.0	1.0	1.0	0	1	0	0.0
GC_00008110	1	1	1	0	1.0	1.0	1.0	0	1	0	0.0
GC_00008111	1	1	1	0	1.0	1.0	1.0	0	1	0	0.0
GC_00008112	1	1	1	0	1.0	1.0	1.0	0	1	0	0.0
GC_00008113	1	1	1	0	1.0	1.0	1.0	0	1	0	0.0
GC_00008114	1	1	1	0	1.0	1.0	1.0	0	1	0	0.0
GC_00008115	1	1	1	0	1.0	1.0	1.0	0	1	0	0.0
GC_00008116	1	1	1	0	1.0	1.0	1.0	0	1	0	0.0
GC_00008117	1	1	1	0	1.0	1.0	1.0	0	1	0	0.0
GC_00008118	1	1	1	0	1.0	1.0	1.0	0	1	0	0.0
GC_00008119	1	1	1	0	1.0	1.0	1.0	0	1	0	0.0
GC_00008120	1	1	1	0	1.0	1.0	1.0	0	1	0	0.0
GC_00008121	1	1	1	0	1.0	1.0	1.0	0	1	0	0.0
GC_00008122	1	1	1	0	1.0	1.0	1.0	0	1	0	0.0
GC_00008123	1	1	1	0	1.0	1.0	1.0	0	1	0	0.0
GC_00008124	1	1	1	0	1.0	1.0	1.0	0	1	0	0.0
GC_00008125	1	1	1	0	1.0	1.0	1.0	0	1	0	0.0
GC_00008126	1	1	1	0	1.0	1.0	1.0	0	1	0	0.0
GC_00008127	1	1	1	0	1.0	1.0	1.0	0	1	0	0.0
GC_00008128	1	1	1	0	1.0	1.0	1.0	0	1	0	0.0
GC_00008129	1	1	1	0	1.0	1.0	1.0	0	1	0	0.0
GC_00008130	1	1	1	0	1.0	1.0	1.0	0	1	0	0.0
GC_00008131	1	1	1	0	1.0	1.0	1.0	0	1	0	0.0
GC_00008132	1	1	1	0	1.0	1.0	1.0	0	1	0	0.0
GC_00008133	1	1	1	0	1.0	1.0	1.0	0	1	0	0.0
GC_00008134	1	1	1	0	1.0	1.0	1.0	0	1	0	0.0
GC_00008135	1	1	1	0	1.0	1.0	1.0	0	1	0	0.0
GC_00008136	1	1	1	0	1.0	1.0	1.0	0	1	0	0.0
GC_00008137	1	1	1	0	1.0	1.0	1.0	0	1	0	0.0
GC_00008138	1	1	1	0	1.0	1.0	1.0	0	1	0	0.0
GC_00008139	1	1	1	0	1.0	1.0	1.0	0	1	0	0.0
GC_00008140	1	1	1	0	1.0	1.0	1.0	0	1	0	0.0
GC_00008141	1	1	1	0	1.0	1.0	1.0	0	1	0	0.0
GC_00008142	1	1	1	0	1.0	1.0	1.0	0	1	0	0.0
GC_00008143	1	1	1	0	1.0	1.0	1.0	0	1	0	0.0
GC_00008144	1	1	1	0	1.0	1.0	1.0	0	1	0	0.0
GC_00008145	1	1	1	0	1.0	1.0	1.0	0	1	0	0.0
GC_00008146	1	1	1	0	1.0	1.0	1.0	0	1	0	0.0
GC_00008147	1	1	1	0	1.0	1.0	1.0	0	1	0	0.0
GC_00008148	1	1	1	0	1.0	1.0	1.0	0	1	0	0.0
GC_00008149	1	1	1	0	1.0	1.0	1.0	0	1	0	0.0
GC_00008150	1	1	1	0	1.0	1.0	1.0	0	1	0	0.0
GC_00008151	1	1	1	0	1.0	1.0	1.0	0	1	0	0.0
GC_00008152	1	1	1	0	1.0	1.0	1.0	0	1	0	0.0
GC_00008153	1	1	1	0	1.0	1.0	1.0	0	1	0	0.0
GC_00008154	1	1	1	0	1.0	1.0	1.0	0	1	0	0.0
GC_00008155	1	1	1	0	1.0	1.0	1.0	0	1	0	0.0
GC_00008156	1	1	1	0	1.0	1.0	1.0	0	1	0	0.0
GC_00008157	1	1	1	0	1.0	1.0	1.0	0	1	0	0.0
GC_00008158	1	1	1	0	1.0	1.0	1.0	0	1	0	0.0
GC_00008159	1	1	1	0	1.0	1.0	1.0	0	1	0	0.0
GC_00008160	1	1	1	0	1.0	1.0	1.0	0	1	0	0.0
GC_00008161	1	1	1	0	1.0	1.0	1.0	0	1	0	0.0
GC_00008162	1	1	1	0	1.0	1.0	1.0	0	1	0	0.0
GC_00008163	1	1	1	0	1.0	1.0	1.0	0	1	0	0.0
GC_00008164	1	1	1	0	1.0	1.0	1.0	0	1	0	0.0
GC_00008165	1	1	1	0	1.0	1.0	1.0	0	1	0	0.0
GC_00008166	1	1	1	0	1.0	1.0	1.0	0	1	0	0.0
GC_00008167	1	1	1	0	1.0	1.0	1.0	0	1	0	0.0
GC_00008168	1	1	1	0	1.0	1.0	1.0	0	1	0	0.0
GC_00008169	1	1	1	0	1.0	1.0	1.0	0	1	0	0.0
GC_00008170	1	1	1	0	1.0	1.0	1.0	0	1	0	0.0
GC_00008171	1	1	1	0	1.0	1.0	1.0	0	1	0	0.0
GC_00008172	1	1	1	0	1.0	1.0	1.0	0	1	0	0.0
GC_00008173	1	1	1	0	1.0	1.0	1.0	0	1	0	0.0
GC_00008174	1	1	1	0	1.0	1.0	1.0	0	1	0	0.0
GC_00008175	1	1	1	0	1.0	1.0	1.0	0	1	0	0.0
GC_00008176	1	1	1	0	1.0	1.0	1.0	0	1	0	0.0
GC_00008177	1	1	1	0	1.0	1.0	1.0	0	1	0	0.0
GC_00008178	1	1	1	0	1.0	1.0	1.0	0	1	0	0.0
GC_00008179	1	1	1	0	1.0	1.0	1.0	0	1	0	0.0
GC_00008180	1	1	1	0	1.0	1.0	1.0	0	1	0	0.0
GC_00008181	1	1	1	0	1.0	1.0	1.0	0	1	0	0.0
GC_00008182	1	1	1	0	1.0	1.0	1.0	0	1	0	0.0
GC_00008183	1	1	1	0	1.0	1.0	1.0	0	1	0	0.0
GC_00008184	1	1	1	0	1.0	1.0	1.0	0	1	0	0.0
GC_00008185	1	1	1	0	1.0	1.0	1.0	0	1	0	0.0
GC_00008186	1	1	1	0	1.0	1.0	1.0	0	1	0	0.0
GC_00008187	1	1	1	0	1.0	1.0	1.0	1	0	0	1.0
GC_00008188	1	1	1	0	1.0	1.0	1.0	0	1	0	0.0
GC_00008189	1	1	1	0	1.0	1.0	1.0	0	1	0	0.0
GC_00008190	1	1	1	0	1.0	1.0	1.0	0	1	0	0.0
GC_00008191	1	1	1	0	1.0	1.0	1.0	0	1	0	0.0
GC_00008192	1	1	1	0	1.0	1.0	1.0	0	1	0	0.0
GC_00008193	1	1	1	0	1.0	1.0	1.0	0	1	0	0.0
GC_00008194	1	1	1	0	1.0	1.0	1.0	0	1	0	0.0
GC_00008195	1	1	1	0	1.0	1.0	1.0	0	1	0	0.0
GC_00008196	1	1	1	0	1.0	1.0	1.0	0	1	0	0.0
GC_00008197	1	1	1	0	1.0	1.0	1.0	0	1	0	0.0
GC_00008198	1	1	1	0	1.0	1.0	1.0	0	1	0	0.0
GC_00008199	1	1	1	0	1.0	1.0	1.0	0	1	0	0.0
GC_00008200	1	1	1	0	1.0	1.0	1.0	0	1	0	0.0
GC_00008201	1	1	1	0	1.0	1.0	1.0	0	1	0	0.0
GC_00008202	1	1	1	0	1.0	1.0	1.0	0	1	0	0.0
GC_00008203	1	1	1	0	1.0	1.0	1.0	0	1	0	0.0
GC_00008204	1	1	1	0	1.0	1.0	1.0	0	1	0	0.0
GC_00008205	1	1	1	0	1.0	1.0	1.0	0	1	0	0.0
GC_00008206	1	1	1	0	1.0	1.0	1.0	0	1	0	0.0
GC_00008207	1	1	1	0	1.0	1.0	1.0	0	1	0	0.0
GC_00008208	1	1	1	0	1.0	1.0	1.0	0	1	0	0.0
GC_00008209	1	1	1	0	1.0	1.0	1.0	0	1	0	0.0
GC_00008210	1	1	1	0	1.0	1.0	1.0	0	1	0	0.0
GC_00008211	1	1	1	0	1.0	1.0	1.0	0	1	0	0.0
GC_00008212	1	1	1	0	1.0	1.0	1.0	0	1	0	0.0
GC_00008213	1	1	1	0	1.0	1.0	1.0	0	1	0	0.0
GC_00008214	1	1	1	0	1.0	1.0	1.0	0	1	0	0.0
GC_00008215	1	1	1	0	1.0	1.0	1.0	0	1	0	0.0
GC_00008216	1	1	1	0	1.0	1.0	1.0	0	1	0	0.0
GC_00008217	1	1	1	0	1.0	1.0	1.0	0	1	0	0.0
GC_00008218	1	1	1	0	1.0	1.0	1.0	0	1	0	0.0
GC_00008219	1	1	1	0	1.0	1.0	1.0	0	1	0	0.0
GC_00008220	1	1	1	0	1.0	1.0	1.0	0	1	0	0.0
GC_00008221	1	1	1	0	1.0	1.0	1.0	0	1	0	0.0
GC_00008222	1	1	1	0	1.0	1.0	1.0	0	1	0	0.0
GC_00008223	1	1	1	0	1.0	1.0	1.0	0	1	0	0.0
GC_00008224	1	1	1	0	1.0	1.0	1.0	0	1	0	0.0
GC_00008225	1	1	1	0	1.0	1.0	1.0	0	1	0	0.0
GC_00008226	1	1	1	0	1.0	1.0	1.0	0	1	0	0.0
GC_00008227	1	1	1	0	1.0	1.0	1.0	0	1	0	0.0
GC_00008228	1	1	1	0	1.0	1.0	1.0	0	1	0	0.0
GC_00008229	1	1	1	0	1.0	1.0	1.0	0	1	0	0.0
GC_00008230	1	1	1	0	1.0	1.0	1.0	0	1	0	0.0
GC_00008231	1	1	1	0	1.0	1.0	1.0	0	1	0	0.0
GC_00008232	1	1	1	0	1.0	1.0	1.0	0	1	0	0.0
GC_00008233	1	1	1	0	1.0	1.0	1.0	0	1	0	0.0
GC_00008234	1	1	1	0	1.0	1.0	1.0	0	1	0	0.0
GC_00008235	1	1	1	0	1.0	1.0	1.0	0	1	0	0.0
GC_00008236	1	1	1	0	1.0	1.0	1.0	1	0	0	1.0
GC_00008237	1	1	1	0	1.0	1.0	1.0	0	1	0	0.0
GC_00008238	1	1	1	0	1.0	1.0	1.0	0	1	0	0.0
GC_00008239	1	1	1	0	1.0	1.0	1.0	0	1	0	0.0
GC_00008240	1	1	1	0	1.0	1.0	1.0	0	1	0	0.0
GC_00008241	1	1	1	0	1.0	1.0	1.0	1	0	0	1.0
GC_00008242	1	1	1	0	1.0	1.0	1.0	0	1	0	0.0
GC_00008243	1	1	1	0	1.0	1.0	1.0	0	1	0	0.0
GC_00008244	1	1	1	0	1.0	1.0	1.0	0	1	0	0.0
GC_00008245	1	1	1	0	1.0	1.0	1.0	0	1	0	0.0
GC_00008246	1	1	1	0	1.0	1.0	1.0	0	1	0	0.0
GC_00008247	1	1	1	0	1.0	1.0	1.0	0	1	0	0.0
GC_00008248	1	1	1	0	1.0	1.0	1.0	0	1	0	0.0
GC_00008249	1	1	1	0	1.0	1.0	1.0	0	1	0	0.0
GC_00008250	1	1	1	0	1.0	1.0	1.0	0	1	0	0.0
GC_00008251	1	1	1	0	1.0	1.0	1.0	0	1	0	0.0
GC_00008252	1	1	1	0	1.0	1.0	1.0	0	1	0	0.0
GC_00008253	1	1	1	0	1.0	1.0	1.0	0	1	0	0.0
GC_00008254	1	1	1	0	1.0	1.0	1.0	0	1	0	0.0
GC_00008255	1	1	1	0	1.0	1.0	1.0	0	1	0	0.0
GC_00008256	1	1	1	0	1.0	1.0	1.0	0	1	0	0.0
GC_00008257	1	1	1	0	1.0	1.0	1.0	0	1	0	0.0
GC_00008258	1	1	1	0	1.0	1.0	1.0	0	1	0	0.0
GC_00008259	1	1	1	0	1.0	1.0	1.0	0	1	0	0.0
GC_00008260	1	1	1	0	1.0	1.0	1.0	0	1	0	0.0
GC_00008261	1	1	1	0	1.0	1.0	1.0	0	1	0	0.0
GC_00008262	1	1	1	0	1.0	1.0	1.0	0	1	0	0.0
GC_00008263	1	1	1	0	1.0	1.0	1.0	0	1	0	0.0
GC_00008264	1	1	1	0	1.0	1.0	1.0	0	1	0	0.0
GC_00008265	1	1	1	0	1.0	1.0	1.0	0	1	0	0.0
GC_00008266	1	1	1	0	1.0	1.0	1.0	0	1	0	0.0
GC_00008267	1	1	1	0	1.0	1.0	1.0	0	1	0	0.0
GC_00008268	1	1	1	0	1.0	1.0	1.0	0	1	0	0.0
GC_00008269	1	1	1	0	1.0	1.0	1.0	0	1	0	0.0
GC_00008270	1	1	1	0	1.0	1.0	1.0	0	1	0	0.0
GC_00008271	1	1	1	0	1.0	1.0	1.0	0	1	0	0.0
GC_00008272	1	1	1	0	1.0	1.0	1.0	0	1	0	0.0
GC_00008273	1	1	1	0	1.0	1.0	1.0	0	1	0	0.0
GC_00008274	1	1	1	0	1.0	1.0	1.0	0	1	0	0.0
GC_00008275	1	1	1	0	1.0	1.0	1.0	0	1	0	0.0
GC_00008276	1	1	1	0	1.0	1.0	1.0	0	1	0	0.0
GC_00008277	1	1	1	0	1.0	1.0	1.0	0	1	0	0.0
GC_00008278	1	1	1	0	1.0	1.0	1.0	0	1	0	0.0
GC_00008279	1	1	1	0	1.0	1.0	1.0	0	1	0	0.0
GC_00008280	1	1	1	0	1.0	1.0	1.0	0	1	0	0.0
GC_00008281	1	1	1	0	1.0	1.0	1.0	0	1	0	0.0
GC_00008282	1	1	1	0	1.0	1.0	1.0	0	1	0	0.0
GC_00008283	1	1	1	0	1.0	1.0	1.0	0	1	0	0.0
GC_00008284	1	1	1	0	1.0	1.0	1.0	0	1	0	0.0
GC_00008285	1	1	1	0	1.0	1.0	1.0	0	1	0	0.0
GC_00008286	1	1	1	0	1.0	1.0	1.0	0	1	0	0.0
GC_00008287	1	1	1	0	1.0	1.0	1.0	0	1	0	0.0
GC_00008288	1	1	1	0	1.0	1.0	1.0	0	1	0	0.0
GC_00008289	1	1	1	0	1.0	1.0	1.0	0	1	0	0.0
GC_00008290	1	1	1	0	1.0	1.0	1.0	0	1	0	0.0
GC_00008291	1	1	1	0	1.0	1.0	1.0	0	1	0	0.0
GC_00008292	1	1	1	0	1.0	1.0	1.0	0	1	0	0.0
GC_00008293	1	1	1	0	1.0	1.0	1.0	0	1	0	0.0
GC_00008294	1	1	1	0	1.0	1.0	1.0	0	1	0	0.0
GC_00008295	1	1	1	0	1.0	1.0	1.0	0	1	0	0.0
GC_00008296	1	1	1	0	1.0	1.0	1.0	0	1	0	0.0
GC_00008297	1	1	1	0	1.0	1.0	1.0	0	1	0	0.0
GC_00008298	1	1	1	0	1.0	1.0	1.0	0	1	0	0.0
GC_00008299	1	1	1	0	1.0	1.0	1.0	0	1	0	0.0
GC_00008300	1	1	1	0	1.0	1.0	1.0	0	1	0	0.0
GC_00008301	1	1	1	0	1.0	1.0	1.0	0	1	0	0.0
GC_00008302	1	1	1	0	1.0	1.0	1.0	0	1	0	0.0
GC_00008303	1	1	1	0	1.0	1.0	1.0	0	1	0	0.0
GC_00008304	1	1	1	0	1.0	1.0	1.0	0	1	0	0.0
GC_00008305	1	1	1	0	1.0	1.0	1.0	0	1	0	0.0
GC_00008306	1	1	1	0	1.0	1.0	1.0	0	1	0	0.0
GC_00008307	1	1	1	0	1.0	1.0	1.0	0	1	0	0.0
GC_00008308	1	1	1	0	1.0	1.0	1.0	0	1	0	0.0
GC_00008309	1	1	1	0	1.0	1.0	1.0	0	1	0	0.0
GC_00008310	1	1	1	0	1.0	1.0	1.0	0	1	0	0.0
GC_00008311	1	1	1	0	1.0	1.0	1.0	0	1	0	0.0
GC_00008312	1	1	1	0	1.0	1.0	1.0	0	1	0	0.0
GC_00008313	1	1	1	0	1.0	1.0	1.0	0	1	0	0.0
GC_00008314	1	1	1	0	1.0	1.0	1.0	0	1	0	0.0
GC_00008315	1	1	1	0	1.0	1.0	1.0	0	1	0	0.0
GC_00008316	1	1	1	0	1.0	1.0	1.0	0	1	0	0.0
GC_00008317	1	1	1	0	1.0	1.0	1.0	0	1	0	0.0
GC_00008318	1	1	1	0	1.0	1.0	1.0	0	1	0	0.0
GC_00008319	1	1	1	0	1.0	1.0	1.0	0	1	0	0.0
GC_00008320	1	1	1	0	1.0	1.0	1.0	0	1	0	0.0
GC_00008321	1	1	1	0	1.0	1.0	1.0	0	1	0	0.0
GC_00008322	1	1	1	0	1.0	1.0	1.0	0	1	0	0.0
GC_00008323	1	1	1	0	1.0	1.0	1.0	0	1	0	0.0
GC_00008324	1	1	1	0	1.0	1.0	1.0	0	1	0	0.0
GC_00008325	1	1	1	0	1.0	1.0	1.0	0	1	0	0.0
GC_00008326	1	1	1	0	1.0	1.0	1.0	0	1	0	0.0
GC_00008327	1	1	1	0	1.0	1.0	1.0	0	1	0	0.0
GC_00008328	1	1	1	0	1.0	1.0	1.0	0	1	0	0.0
GC_00008329	1	1	1	0	1.0	1.0	1.0	0	1	0	0.0
GC_00008330	1	1	1	0	1.0	1.0	1.0	0	1	0	0.0
GC_00008331	1	1	1	0	1.0	1.0	1.0	0	1	0	0.0
GC_00008332	1	1	1	0	1.0	1.0	1.0	0	1	0	0.0
GC_00008333	1	1	1	0	1.0	1.0	1.0	1	0	0	1.0
GC_00008334	1	1	1	0	1.0	1.0	1.0	0	1	0	0.0
GC_00008335	1	1	1	0	1.0	1.0	1.0	0	1	0	0.0
GC_00008336	1	1	1	0	1.0	1.0	1.0	0	1	0	0.0
GC_00008337	1	1	1	0	1.0	1.0	1.0	0	1	0	0.0
GC_00008338	1	1	1	0	1.0	1.0	1.0	0	1	0	0.0
GC_00008339	1	1	1	0	1.0	1.0	1.0	0	1	0	0.0
GC_00008340	1	1	1	0	1.0	1.0	1.0	0	1	0	0.0
GC_00008341	1	1	1	0	1.0	1.0	1.0	0	1	0	0.0
GC_00008342	1	1	1	0	1.0	1.0	1.0	0	1	0	0.0
GC_00008343	1	1	1	0	1.0	1.0	1.0	0	1	0	0.0
GC_00008344	1	1	1	0	1.0	1.0	1.0	0	1	0	0.0
GC_00008345	1	1	1	0	1.0	1.0	1.0	0	1	0	0.0
GC_00008346	1	1	1	0	1.0	1.0	1.0	0	1	0	0.0
GC_00008347	1	1	1	0	1.0	1.0	1.0	0	1	0	0.0
GC_00008348	1	1	1	0	1.0	1.0	1.0	0	1	0	0.0
GC_00008349	1	1	1	0	1.0	1.0	1.0	0	1	0	0.0
GC_00008350	1	1	1	0	1.0	1.0	1.0	0	1	0	0.0
GC_00008351	1	1	1	0	1.0	1.0	1.0	0	1	0	0.0
GC_00008352	1	1	1	0	1.0	1.0	1.0	0	1	0	0.0
GC_00008353	1	1	1	0	1.0	1.0	1.0	0	1	0	0.0
GC_00008354	1	1	1	0	1.0	1.0	1.0	0	1	0	0.0
GC_00008355	1	1	1	0	1.0	1.0	1.0	0	1	0	0.0
GC_00008356	1	1	1	0	1.0	1.0	1.0	0	1	0	0.0
GC_00008357	1	1	1	0	1.0	1.0	1.0	0	1	0	0.0
GC_00008358	1	1	1	0	1.0	1.0	1.0	0	1	0	0.0
GC_00008359	1	1	1	0	1.0	1.0	1.0	0	1	0	0.0
GC_00008360	1	1	1	0	1.0	1.0	1.0	0	1	0	0.0
GC_00008361	1	1	1	0	1.0	1.0	1.0	0	1	0	0.0
GC_00008362	1	1	1	0	1.0	1.0	1.0	0	1	0	0.0
GC_00008363	1	1	1	0	1.0	1.0	1.0	0	1	0	0.0
GC_00008364	1	1	1	0	1.0	1.0	1.0	0	1	0	0.0
GC_00008365	1	1	1	0	1.0	1.0	1.0	0	1	0	0.0
GC_00008366	1	1	1	0	1.0	1.0	1.0	0	1	0	0.0
GC_00008367	1	1	1	0	1.0	1.0	1.0	0	1	0	0.0
GC_00008368	1	1	1	0	1.0	1.0	1.0	0	1	0	0.0
GC_00008369	1	1	1	0	1.0	1.0	1.0	0	1	0	0.0
GC_00008370	1	1	1	0	1.0	1.0	1.0	0	1	0	0.0
GC_00008371	1	1	1	0	1.0	1.0	1.0	0	1	0	0.0
GC_00008372	1	1	1	0	1.0	1.0	1.0	0	1	0	0.0
GC_00008373	1	1	1	0	1.0	1.0	1.0	0	1	0	0.0
GC_00008374	1	1	1	0	1.0	1.0	1.0	0	1	0	0.0
GC_00008375	1	1	1	0	1.0	1.0	1.0	0	1	0	0.0
GC_00008376	1	1	1	0	1.0	1.0	1.0	0	1	0	0.0
GC_00008377	1	1	1	0	1.0	1.0	1.0	0	1	0	0.0
GC_00008378	1	1	1	0	1.0	1.0	1.0	0	1	0	0.0
GC_00008379	1	1	1	0	1.0	1.0	1.0	0	1	0	0.0
GC_00008380	1	1	1	0	1.0	1.0	1.0	0	1	0	0.0
GC_00008381	1	1	1	0	1.0	1.0	1.0	0	1	0	0.0
GC_00008382	1	1	1	0	1.0	1.0	1.0	0	1	0	0.0
GC_00008383	1	1	1	0	1.0	1.0	1.0	0	1	0	0.0
GC_00008384	1	1	1	0	1.0	1.0	1.0	0	1	0	0.0
GC_00008385	1	1	1	0	1.0	1.0	1.0	1	0	0	1.0
GC_00008386	1	1	1	0	1.0	1.0	1.0	0	1	0	0.0
GC_00008387	1	1	1	0	1.0	1.0	1.0	0	1	0	0.0
GC_00008388	1	1	1	0	1.0	1.0	1.0	0	1	0	0.0
GC_00008389	1	1	1	0	1.0	1.0	1.0	0	1	0	0.0
GC_00008390	1	1	1	0	1.0	1.0	1.0	0	1	0	0.0
GC_00008391	1	1	1	0	1.0	1.0	1.0	0	1	0	0.0
GC_00008392	1	1	1	0	1.0	1.0	1.0	0	1	0	0.0
GC_00008393	1	1	1	0	1.0	1.0	1.0	0	1	0	0.0
GC_00008394	1	1	1	0	1.0	1.0	1.0	0	1	0	0.0
GC_00008395	1	1	1	0	1.0	1.0	1.0	0	1	0	0.0
GC_00008396	1	1	1	0	1.0	1.0	1.0	0	1	0	0.0
GC_00008397	1	1	1	0	1.0	1.0	1.0	0	1	0	0.0
GC_00008398	1	1	1	0	1.0	1.0	1.0	0	1	0	0.0
GC_00008399	1	1	1	0	1.0	1.0	1.0	0	1	0	0.0
GC_00008400	1	1	1	0	1.0	1.0	1.0	1	0	0	1.0
GC_00008401	1	1	1	0	1.0	1.0	1.0	0	1	0	0.0
GC_00008402	1	1	1	0	1.0	1.0	1.0	0	1	0	0.0
GC_00008403	1	1	1	0	1.0	1.0	1.0	0	1	0	0.0
GC_00008404	1	1	1	0	1.0	1.0	1.0	0	1	0	0.0
GC_00008405	1	1	1	0	1.0	1.0	1.0	0	1	0	0.0
GC_00008406	1	1	1	0	1.0	1.0	1.0	0	1	0	0.0
GC_00008407	1	1	1	0	1.0	1.0	1.0	0	1	0	0.0
GC_00008408	1	1	1	0	1.0	1.0	1.0	0	1	0	0.0
GC_00008409	1	1	1	0	1.0	1.0	1.0	0	1	0	0.0
GC_00008410	1	1	1	0	1.0	1.0	1.0	0	1	0	0.0
GC_00008411	1	1	1	0	1.0	1.0	1.0	0	1	0	0.0
GC_00008412	1	1	1	0	1.0	1.0	1.0	0	1	0	0.0
GC_00008413	1	1	1	0	1.0	1.0	1.0	0	1	0	0.0
GC_00008414	1	1	1	0	1.0	1.0	1.0	0	1	0	0.0
GC_00008415	1	1	1	0	1.0	1.0	1.0	0	1	0	0.0
GC_00008416	1	1	1	0	1.0	1.0	1.0	0	1	0	0.0
GC_00008417	1	1	1	0	1.0	1.0	1.0	0	1	0	0.0
GC_00008418	1	1	1	0	1.0	1.0	1.0	0	1	0	0.0
GC_00008419	1	1	1	0	1.0	1.0	1.0	0	1	0	0.0
GC_00008420	1	1	1	0	1.0	1.0	1.0	0	1	0	0.0
GC_00008421	1	1	1	0	1.0	1.0	1.0	0	1	0	0.0
GC_00008422	1	1	1	0	1.0	1.0	1.0	0	1	0	0.0
GC_00008423	1	1	1	0	1.0	1.0	1.0	0	1	0	0.0
GC_00008424	1	1	1	0	1.0	1.0	1.0	0	1	0	0.0
GC_00008425	1	1	1	0	1.0	1.0	1.0	0	1	0	0.0
GC_00008426	1	1	1	0	1.0	1.0	1.0	0	1	0	0.0
GC_00008427	1	1	1	0	1.0	1.0	1.0	0	1	0	0.0
GC_00008428	1	1	1	0	1.0	1.0	1.0	0	1	0	0.0
GC_00008429	1	1	1	0	1.0	1.0	1.0	0	1	0	0.0
GC_00008430	1	1	1	0	1.0	1.0	1.0	0	1	0	0.0
GC_00008431	1	1	1	0	1.0	1.0	1.0	0	1	0	0.0
GC_00008432	1	1	1	0	1.0	1.0	1.0	0	1	0	0.0
GC_00008433	1	1	1	0	1.0	1.0	1.0	0	1	0	0.0
GC_00008434	1	1	1	0	1.0	1.0	1.0	0	1	0	0.0
GC_00008435	1	1	1	0	1.0	1.0	1.0	0	1	0	0.0
GC_00008436	1	1	1	0	1.0	1.0	1.0	0	1	0	0.0
GC_00008437	1	1	1	0	1.0	1.0	1.0	0	1	0	0.0
GC_00008438	1	1	1	0	1.0	1.0	1.0	0	1	0	0.0
GC_00008439	1	1	1	0	1.0	1.0	1.0	0	1	0	0.0
GC_00008440	1	1	1	0	1.0	1.0	1.0	1	0	0	1.0
GC_00008441	1	1	1	0	1.0	1.0	1.0	0	1	0	0.0
GC_00008442	1	1	1	0	1.0	1.0	1.0	0	1	0	0.0
GC_00008443	1	1	1	0	1.0	1.0	1.0	0	1	0	0.0
GC_00008444	1	1	1	0	1.0	1.0	1.0	0	1	0	0.0
GC_00008445	1	1	1	0	1.0	1.0	1.0	0	1	0	0.0
GC_00008446	1	1	1	0	1.0	1.0	1.0	0	1	0	0.0
GC_00008447	1	1	1	0	1.0	1.0	1.0	0	1	0	0.0
GC_00008448	1	1	1	0	1.0	1.0	1.0	0	1	0	0.0
GC_00008449	1	1	1	0	1.0	1.0	1.0	0	1	0	0.0
GC_00008450	1	1	1	0	1.0	1.0	1.0	0	1	0	0.0
GC_00008451	1	1	1	0	1.0	1.0	1.0	1	0	0	1.0
GC_00008452	1	1	1	0	1.0	1.0	1.0	0	1	0	0.0
GC_00008453	1	1	1	0	1.0	1.0	1.0	0	1	0	0.0
GC_00008454	1	1	1	0	1.0	1.0	1.0	0	1	0	0.0
GC_00008455	1	1	1	0	1.0	1.0	1.0	0	1	0	0.0
GC_00008456	1	1	1	0	1.0	1.0	1.0	0	1	0	0.0
GC_00008457	1	1	1	0	1.0	1.0	1.0	0	1	0	0.0
GC_00008458	1	1	1	0	1.0	1.0	1.0	0	1	0	0.0
GC_00008459	1	1	1	0	1.0	1.0	1.0	0	1	0	0.0
GC_00008460	1	1	1	0	1.0	1.0	1.0	0	1	0	0.0
GC_00008461	1	1	1	0	1.0	1.0	1.0	0	1	0	0.0
GC_00008462	1	1	1	0	1.0	1.0	1.0	0	1	0	0.0
GC_00008463	1	1	1	0	1.0	1.0	1.0	0	1	0	0.0
GC_00008464	1	1	1	0	1.0	1.0	1.0	0	1	0	0.0
GC_00008465	1	1	1	0	1.0	1.0	1.0	0	1	0	0.0
GC_00008466	1	1	1	0	1.0	1.0	1.0	0	1	0	0.0
GC_00008467	1	1	1	0	1.0	1.0	1.0	0	1	0	0.0
GC_00008468	1	1	1	0	1.0	1.0	1.0	0	1	0	0.0
GC_00008469	1	1	1	0	1.0	1.0	1.0	0	1	0	0.0
GC_00008470	1	1	1	0	1.0	1.0	1.0	0	1	0	0.0
GC_00008471	1	1	1	0	1.0	1.0	1.0	0	1	0	0.0
GC_00008472	1	1	1	0	1.0	1.0	1.0	0	1	0	0.0
GC_00008473	1	1	1	0	1.0	1.0	1.0	0	1	0	0.0
GC_00008474	1	1	1	0	1.0	1.0	1.0	0	1	0	0.0
GC_00008475	1	1	1	0	1.0	1.0	1.0	0	1	0	0.0
GC_00008476	1	1	1	0	1.0	1.0	1.0	0	1	0	0.0
GC_00008477	1	1	1	0	1.0	1.0	1.0	0	1	0	0.0
GC_00008478	1	1	1	0	1.0	1.0	1.0	0	1	0	0.0
GC_00008479	1	1	1	0	1.0	1.0	1.0	0	1	0	0.0
GC_00008480	1	1	1	0	1.0	1.0	1.0	0	1	0	0.0
GC_00008481	1	1	1	0	1.0	1.0	1.0	0	1	0	0.0
GC_00008482	1	1	1	0	1.0	1.0	1.0	0	1	0	0.0
GC_00008483	1	1	1	0	1.0	1.0	1.0	0	1	0	0.0
GC_00008484	1	1	1	0	1.0	1.0	1.0	0	1	0	0.0
GC_00008485	1	1	1	0	1.0	1.0	1.0	0	1	0	0.0
GC_00008486	1	1	1	0	1.0	1.0	1.0	0	1	0	0.0
GC_00008487	1	1	1	0	1.0	1.0	1.0	0	1	0	0.0
GC_00008488	1	1	1	0	1.0	1.0	1.0	0	1	0	0.0
GC_00008489	1	1	1	0	1.0	1.0	1.0	0	1	0	0.0
GC_00008490	1	1	1	0	1.0	1.0	1.0	0	1	0	0.0
GC_00008491	1	1	1	0	1.0	1.0	1.0	0	1	0	0.0
GC_00008492	1	1	1	0	1.0	1.0	1.0	1	0	0	1.0
GC_00008493	1	1	1	0	1.0	1.0	1.0	0	1	0	0.0
GC_00008494	1	1	1	0	1.0	1.0	1.0	0	1	0	0.0
GC_00008495	1	1	1	0	1.0	1.0	1.0	0	1	0	0.0
GC_00008496	1	1	1	0	1.0	1.0	1.0	0	1	0	0.0
GC_00008497	1	1	1	0	1.0	1.0	1.0	0	1	0	0.0
GC_00008498	1	1	1	0	1.0	1.0	1.0	0	1	0	0.0
GC_00008499	1	1	1	0	1.0	1.0	1.0	0	1	0	0.0
GC_00008500	1	1	1	0	1.0	1.0	1.0	0	1	0	0.0
GC_00008501	1	1	1	0	1.0	1.0	1.0	0	1	0	0.0
GC_00008502	1	1	1	0	1.0	1.0	1.0	0	1	0	0.0
GC_00008503	1	1	1	0	1.0	1.0	1.0	0	1	0	0.0
GC_00008504	1	1	1	0	1.0	1.0	1.0	0	1	0	0.0
GC_00008505	1	1	1	0	1.0	1.0	1.0	0	1	0	0.0
GC_00008506	1	1	1	0	1.0	1.0	1.0	0	1	0	0.0
GC_00008507	1	1	1	0	1.0	1.0	1.0	0	1	0	0.0
GC_00008508	1	1	1	0	1.0	1.0	1.0	0	1	0	0.0
GC_00008509	1	1	1	0	1.0	1.0	1.0	1	0	0	1.0
GC_00008510	1	1	1	0	1.0	1.0	1.0	0	1	0	0.0
GC_00008511	1	1	1	0	1.0	1.0	1.0	0	1	0	0.0
GC_00008512	1	1	1	0	1.0	1.0	1.0	0	1	0	0.0
GC_00008513	1	1	1	0	1.0	1.0	1.0	0	1	0	0.0
GC_00008514	1	1	1	0	1.0	1.0	1.0	0	1	0	0.0
GC_00008515	1	1	1	0	1.0	1.0	1.0	0	1	0	0.0
GC_00008516	1	1	1	0	1.0	1.0	1.0	0	1	0	0.0
GC_00008517	1	1	1	0	1.0	1.0	1.0	0	1	0	0.0
GC_00008518	1	1	1	0	1.0	1.0	1.0	0	1	0	0.0
GC_00008519	1	1	1	0	1.0	1.0	1.0	0	1	0	0.0
GC_00008520	1	1	1	0	1.0	1.0	1.0	0	1	0	0.0
GC_00008521	1	1	1	0	1.0	1.0	1.0	0	1	0	0.0
GC_00008522	1	1	1	0	1.0	1.0	1.0	0	1	0	0.0
GC_00008523	1	1	1	0	1.0	1.0	1.0	0	1	0	0.0
GC_00008524	1	1	1	0	1.0	1.0	1.0	0	1	0	0.0
GC_00008525	1	1	1	0	1.0	1.0	1.0	0	1	0	0.0
GC_00008526	1	1	1	0	1.0	1.0	1.0	0	1	0	0.0
GC_00008527	1	1	1	0	1.0	1.0	1.0	0	1	0	0.0
GC_00008528	1	1	1	0	1.0	1.0	1.0	0	1	0	0.0
GC_00008529	1	1	1	0	1.0	1.0	1.0	0	1	0	0.0
GC_00008530	1	1	1	0	1.0	1.0	1.0	0	1	0	0.0
GC_00008531	1	1	1	0	1.0	1.0	1.0	0	1	0	0.0
GC_00008532	1	1	1	0	1.0	1.0	1.0	0	1	0	0.0
GC_00008533	1	1	1	0	1.0	1.0	1.0	0	1	0	0.0
GC_00008534	1	1	1	0	1.0	1.0	1.0	0	1	0	0.0
GC_00008535	1	1	1	0	1.0	1.0	1.0	1	0	0	1.0
GC_00008536	1	1	1	0	1.0	1.0	1.0	0	1	0	0.0
GC_00008537	1	1	1	0	1.0	1.0	1.0	0	1	0	0.0
GC_00008538	1	1	1	0	1.0	1.0	1.0	0	1	0	0.0
GC_00008539	1	1	1	0	1.0	1.0	1.0	0	1	0	0.0
GC_00008540	1	1	1	0	1.0	1.0	1.0	0	1	0	0.0
GC_00008541	1	1	1	0	1.0	1.0	1.0	0	1	0	0.0
GC_00008542	1	1	1	0	1.0	1.0	1.0	0	1	0	0.0
GC_00008543	1	1	1	0	1.0	1.0	1.0	0	1	0	0.0
GC_00008544	1	1	1	0	1.0	1.0	1.0	0	1	0	0.0
GC_00008545	1	1	1	0	1.0	1.0	1.0	0	1	0	0.0
GC_00008546	1	1	1	0	1.0	1.0	1.0	0	1	0	0.0
GC_00008547	1	1	1	0	1.0	1.0	1.0	0	1	0	0.0
GC_00008548	1	1	1	0	1.0	1.0	1.0	0	1	0	0.0
GC_00008549	1	1	1	0	1.0	1.0	1.0	0	1	0	0.0
GC_00008550	1	1	1	0	1.0	1.0	1.0	0	1	0	0.0
GC_00008551	1	1	1	0	1.0	1.0	1.0	0	1	0	0.0
GC_00008552	1	1	1	0	1.0	1.0	1.0	0	1	0	0.0
GC_00008553	1	1	1	0	1.0	1.0	1.0	0	1	0	0.0
GC_00008554	1	1	1	0	1.0	1.0	1.0	0	1	0	0.0
GC_00008555	1	1	1	0	1.0	1.0	1.0	0	1	0	0.0
GC_00008556	1	1	1	0	1.0	1.0	1.0	0	1	0	0.0
GC_00008557	1	1	1	0	1.0	1.0	1.0	0	1	0	0.0
GC_00008558	1	1	1	0	1.0	1.0	1.0	0	1	0	0.0
GC_00008559	1	1	1	0	1.0	1.0	1.0	0	1	0	0.0
GC_00008560	1	1	1	0	1.0	1.0	1.0	0	1	0	0.0
GC_00008561	1	1	1	0	1.0	1.0	1.0	0	1	0	0.0
GC_00008562	1	1	1	0	1.0	1.0	1.0	0	1	0	0.0
GC_00008563	1	1	1	0	1.0	1.0	1.0	0	1	0	0.0
GC_00008564	1	1	1	0	1.0	1.0	1.0	0	1	0	0.0
GC_00008565	1	1	1	0	1.0	1.0	1.0	0	1	0	0.0
GC_00008566	1	1	1	0	1.0	1.0	1.0	0	1	0	0.0
GC_00008567	1	1	1	0	1.0	1.0	1.0	0	1	0	0.0
GC_00008568	1	1	1	0	1.0	1.0	1.0	0	1	0	0.0
GC_00008569	1	1	1	0	1.0	1.0	1.0	0	1	0	0.0
GC_00008570	1	1	1	0	1.0	1.0	1.0	0	1	0	0.0
GC_00008571	1	1	1	0	1.0	1.0	1.0	0	1	0	0.0
GC_00008572	1	1	1	0	1.0	1.0	1.0	0	1	0	0.0
GC_00008573	1	1	1	0	1.0	1.0	1.0	0	1	0	0.0
GC_00008574	1	1	1	0	1.0	1.0	1.0	0	1	0	0.0
GC_00008575	1	1	1	0	1.0	1.0	1.0	0	1	0	0.0
GC_00008576	1	1	1	0	1.0	1.0	1.0	0	1	0	0.0
GC_00008577	1	1	1	0	1.0	1.0	1.0	0	1	0	0.0
GC_00008578	1	1	1	0	1.0	1.0	1.0	0	1	0	0.0
GC_00008579	1	1	1	0	1.0	1.0	1.0	0	1	0	0.0
GC_00008580	1	1	1	0	1.0	1.0	1.0	0	1	0	0.0
GC_00008581	1	1	1	0	1.0	1.0	1.0	0	1	0	0.0
GC_00008582	1	1	1	0	1.0	1.0	1.0	0	1	0	0.0
GC_00008583	1	1	1	0	1.0	1.0	1.0	0	1	0	0.0
GC_00008584	1	1	1	0	1.0	1.0	1.0	0	1	0	0.0
GC_00008585	1	1	1	0	1.0	1.0	1.0	0	1	0	0.0
GC_00008586	1	1	1	0	1.0	1.0	1.0	0	1	0	0.0
GC_00008587	1	1	1	0	1.0	1.0	1.0	0	1	0	0.0
GC_00008588	1	1	1	0	1.0	1.0	1.0	0	1	0	0.0
GC_00008589	1	1	1	0	1.0	1.0	1.0	0	1	0	0.0
GC_00008590	1	1	1	0	1.0	1.0	1.0	0	1	0	0.0
GC_00008591	1	1	1	0	1.0	1.0	1.0	0	1	0	0.0
GC_00008592	1	1	1	0	1.0	1.0	1.0	0	1	0	0.0
GC_00008593	1	1	1	0	1.0	1.0	1.0	0	1	0	0.0
GC_00008594	1	1	1	0	1.0	1.0	1.0	0	1	0	0.0
GC_00008595	1	1	1	0	1.0	1.0	1.0	0	1	0	0.0
GC_00008596	1	1	1	0	1.0	1.0	1.0	0	1	0	0.0
GC_00008597	1	1	1	0	1.0	1.0	1.0	0	1	0	0.0
GC_00008598	1	1	1	0	1.0	1.0	1.0	0	1	0	0.0
GC_00008599	1	1	1	0	1.0	1.0	1.0	0	1	0	0.0
GC_00008600	1	1	1	0	1.0	1.0	1.0	0	1	0	0.0
GC_00008601	1	1	1	0	1.0	1.0	1.0	0	1	0	0.0
GC_00008602	1	1	1	0	1.0	1.0	1.0	0	1	0	0.0
GC_00008603	1	1	1	0	1.0	1.0	1.0	0	1	0	0.0
GC_00008604	1	1	1	0	1.0	1.0	1.0	0	1	0	0.0
GC_00008605	1	1	1	0	1.0	1.0	1.0	0	1	0	0.0
GC_00008606	1	1	1	0	1.0	1.0	1.0	0	1	0	0.0
GC_00008607	1	1	1	0	1.0	1.0	1.0	0	1	0	0.0
GC_00008608	1	1	1	0	1.0	1.0	1.0	0	1	0	0.0
GC_00008609	1	1	1	0	1.0	1.0	1.0	0	1	0	0.0
GC_00008610	1	1	1	0	1.0	1.0	1.0	0	1	0	0.0
GC_00008611	1	1	1	0	1.0	1.0	1.0	0	1	0	0.0
GC_00008612	1	1	1	0	1.0	1.0	1.0	0	1	0	0.0
GC_00008613	1	1	1	0	1.0	1.0	1.0	0	1	0	0.0
GC_00008614	1	1	1	0	1.0	1.0	1.0	0	1	0	0.0
GC_00008615	1	1	1	0	1.0	1.0	1.0	0	1	0	0.0
GC_00008616	1	1	1	0	1.0	1.0	1.0	0	1	0	0.0
GC_00008617	1	1	1	0	1.0	1.0	1.0	0	1	0	0.0
GC_00008618	1	1	1	0	1.0	1.0	1.0	0	1	0	0.0
GC_00008619	1	1	1	0	1.0	1.0	1.0	0	1	0	0.0
GC_00008620	1	1	1	0	1.0	1.0	1.0	0	1	0	0.0
GC_00008621	1	1	1	0	1.0	1.0	1.0	0	1	0	0.0
GC_00008622	1	1	1	0	1.0	1.0	1.0	0	1	0	0.0
GC_00008623	1	1	1	0	1.0	1.0	1.0	0	1	0	0.0
GC_00008624	1	1	1	0	1.0	1.0	1.0	0	1	0	0.0
GC_00008625	1	1	1	0	1.0	1.0	1.0	0	1	0	0.0
GC_00008626	1	1	1	0	1.0	1.0	1.0	0	1	0	0.0
GC_00008627	1	1	1	0	1.0	1.0	1.0	0	1	0	0.0
GC_00008628	1	1	1	0	1.0	1.0	1.0	0	1	0	0.0
GC_00008629	1	1	1	0	1.0	1.0	1.0	0	1	0	0.0
GC_00008630	1	1	1	0	1.0	1.0	1.0	0	1	0	0.0
GC_00008631	1	1	1	0	1.0	1.0	1.0	1	0	0	1.0
GC_00008632	1	1	1	0	1.0	1.0	1.0	0	1	0	0.0
GC_00008633	1	1	1	0	1.0	1.0	1.0	0	1	0	0.0
GC_00008634	1	1	1	0	1.0	1.0	1.0	0	1	0	0.0
GC_00008635	1	1	1	0	1.0	1.0	1.0	0	1	0	0.0
GC_00008636	1	1	1	0	1.0	1.0	1.0	1	0	0	1.0
GC_00008637	1	1	1	0	1.0	1.0	1.0	0	1	0	0.0
GC_00008638	1	1	1	0	1.0	1.0	1.0	0	1	0	0.0
GC_00008639	1	1	1	0	1.0	1.0	1.0	0	1	0	0.0
GC_00008640	1	1	1	0	1.0	1.0	1.0	0	1	0	0.0
GC_00008641	1	1	1	0	1.0	1.0	1.0	0	1	0	0.0
GC_00008642	1	1	1	0	1.0	1.0	1.0	0	1	0	0.0
GC_00008643	1	1	1	0	1.0	1.0	1.0	0	1	0	0.0
GC_00008644	1	1	1	0	1.0	1.0	1.0	0	1	0	0.0
GC_00008645	1	1	1	0	1.0	1.0	1.0	0	1	0	0.0
GC_00008646	1	1	1	0	1.0	1.0	1.0	0	1	0	0.0
GC_00008647	1	1	1	0	1.0	1.0	1.0	0	1	0	0.0
GC_00008648	1	1	1	0	1.0	1.0	1.0	0	1	0	0.0
GC_00008649	1	1	1	0	1.0	1.0	1.0	0	1	0	0.0
GC_00008650	1	1	1	0	1.0	1.0	1.0	0	1	0	0.0
GC_00008651	1	1	1	0	1.0	1.0	1.0	0	1	0	0.0
GC_00008652	1	1	1	0	1.0	1.0	1.0	0	1	0	0.0
GC_00008653	1	1	1	0	1.0	1.0	1.0	0	1	0	0.0
GC_00008654	1	1	1	0	1.0	1.0	1.0	0	1	0	0.0
GC_00008655	1	1	1	0	1.0	1.0	1.0	0	1	0	0.0
GC_00008656	1	1	1	0	1.0	1.0	1.0	0	1	0	0.0
GC_00008657	1	1	1	0	1.0	1.0	1.0	0	1	0	0.0
GC_00008658	1	1	1	0	1.0	1.0	1.0	0	1	0	0.0
GC_00008659	1	1	1	0	1.0	1.0	1.0	0	1	0	0.0
GC_00008660	1	1	1	0	1.0	1.0	1.0	0	1	0	0.0
GC_00008661	1	1	1	0	1.0	1.0	1.0	0	1	0	0.0
GC_00008662	1	1	1	0	1.0	1.0	1.0	0	1	0	0.0
GC_00008663	1	1	1	0	1.0	1.0	1.0	0	1	0	0.0
GC_00008664	1	1	1	0	1.0	1.0	1.0	1	0	0	1.0
GC_00008665	1	1	1	0	1.0	1.0	1.0	0	1	0	0.0
GC_00008666	1	1	1	0	1.0	1.0	1.0	0	1	0	0.0
GC_00008667	1	1	1	0	1.0	1.0	1.0	0	1	0	0.0
GC_00008668	1	1	1	0	1.0	1.0	1.0	0	1	0	0.0
GC_00008669	1	1	1	0	1.0	1.0	1.0	0	1	0	0.0
GC_00008670	1	1	1	0	1.0	1.0	1.0	0	1	0	0.0
GC_00008671	1	1	1	0	1.0	1.0	1.0	0	1	0	0.0
GC_00008672	1	1	1	0	1.0	1.0	1.0	0	1	0	0.0
GC_00008673	1	1	1	0	1.0	1.0	1.0	0	1	0	0.0
GC_00008674	1	1	1	0	1.0	1.0	1.0	0	1	0	0.0
GC_00008675	1	1	1	0	1.0	1.0	1.0	0	1	0	0.0
GC_00008676	1	1	1	0	1.0	1.0	1.0	0	1	0	0.0
GC_00008677	1	1	1	0	1.0	1.0	1.0	0	1	0	0.0
GC_00008678	1	1	1	0	1.0	1.0	1.0	0	1	0	0.0
GC_00008679	1	1	1	0	1.0	1.0	1.0	0	1	0	0.0
GC_00008680	1	1	1	0	1.0	1.0	1.0	0	1	0	0.0
GC_00008681	1	1	1	0	1.0	1.0	1.0	0	1	0	0.0
GC_00008682	1	1	1	0	1.0	1.0	1.0	0	1	0	0.0
GC_00008683	1	1	1	0	1.0	1.0	1.0	0	1	0	0.0
GC_00008684	1	1	1	0	1.0	1.0	1.0	0	1	0	0.0
GC_00008685	1	1	1	0	1.0	1.0	1.0	0	1	0	0.0
GC_00008686	1	1	1	0	1.0	1.0	1.0	0	1	0	0.0
GC_00008687	1	1	1	0	1.0	1.0	1.0	0	1	0	0.0
GC_00008688	1	1	1	0	1.0	1.0	1.0	0	1	0	0.0
GC_00008689	1	1	1	0	1.0	1.0	1.0	0	1	0	0.0
GC_00008690	1	1	1	0	1.0	1.0	1.0	0	1	0	0.0
GC_00008691	1	1	1	0	1.0	1.0	1.0	0	1	0	0.0
GC_00008692	1	1	1	0	1.0	1.0	1.0	0	1	0	0.0
GC_00008693	1	1	1	0	1.0	1.0	1.0	0	1	0	0.0
GC_00008694	1	1	1	0	1.0	1.0	1.0	0	1	0	0.0
GC_00008695	1	1	1	0	1.0	1.0	1.0	0	1	0	0.0
GC_00008696	1	1	1	0	1.0	1.0	1.0	0	1	0	0.0
GC_00008697	1	1	1	0	1.0	1.0	1.0	0	1	0	0.0
GC_00008698	1	1	1	0	1.0	1.0	1.0	0	1	0	0.0
GC_00008699	1	1	1	0	1.0	1.0	1.0	0	1	0	0.0
GC_00008700	1	1	1	0	1.0	1.0	1.0	0	1	0	0.0
GC_00008701	1	1	1	0	1.0	1.0	1.0	0	1	0	0.0
GC_00008702	1	1	1	0	1.0	1.0	1.0	1	0	0	1.0
GC_00008703	1	1	1	0	1.0	1.0	1.0	0	1	0	0.0
GC_00008704	1	1	1	0	1.0	1.0	1.0	0	1	0	0.0
GC_00008705	1	1	1	0	1.0	1.0	1.0	0	1	0	0.0
GC_00008706	1	1	1	0	1.0	1.0	1.0	0	1	0	0.0
GC_00008707	1	1	1	0	1.0	1.0	1.0	0	1	0	0.0
GC_00008708	1	1	1	0	1.0	1.0	1.0	0	1	0	0.0
GC_00008709	1	1	1	0	1.0	1.0	1.0	0	1	0	0.0
GC_00008710	1	1	1	0	1.0	1.0	1.0	0	1	0	0.0
GC_00008711	1	1	1	0	1.0	1.0	1.0	0	1	0	0.0
GC_00008712	1	1	1	0	1.0	1.0	1.0	0	1	0	0.0
GC_00008713	1	1	1	0	1.0	1.0	1.0	0	1	0	0.0
GC_00008714	1	1	1	0	1.0	1.0	1.0	0	1	0	0.0
GC_00008715	1	1	1	0	1.0	1.0	1.0	0	1	0	0.0
GC_00008716	1	1	1	0	1.0	1.0	1.0	0	1	0	0.0
GC_00008717	1	1	1	0	1.0	1.0	1.0	0	1	0	0.0
GC_00008718	1	1	1	0	1.0	1.0	1.0	0	1	0	0.0
GC_00008719	1	1	1	0	1.0	1.0	1.0	0	1	0	0.0
GC_00008720	1	1	1	0	1.0	1.0	1.0	0	1	0	0.0
GC_00008721	1	1	1	0	1.0	1.0	1.0	0	1	0	0.0
GC_00008722	1	1	1	0	1.0	1.0	1.0	0	1	0	0.0
GC_00008723	1	1	1	0	1.0	1.0	1.0	0	1	0	0.0
GC_00008724	1	1	1	0	1.0	1.0	1.0	0	1	0	0.0
GC_00008725	1	1	1	0	1.0	1.0	1.0	0	1	0	0.0
GC_00008726	1	1	1	0	1.0	1.0	1.0	0	1	0	0.0
GC_00008727	1	1	1	0	1.0	1.0	1.0	0	1	0	0.0
GC_00008728	1	1	1	0	1.0	1.0	1.0	0	1	0	0.0
GC_00008729	1	1	1	0	1.0	1.0	1.0	0	1	0	0.0
GC_00008730	1	1	1	0	1.0	1.0	1.0	0	1	0	0.0
GC_00008731	1	1	1	0	1.0	1.0	1.0	0	1	0	0.0
GC_00008732	1	1	1	0	1.0	1.0	1.0	1	0	0	1.0
GC_00008733	1	1	1	0	1.0	1.0	1.0	0	1	0	0.0
GC_00008734	1	1	1	0	1.0	1.0	1.0	0	1	0	0.0
GC_00008735	1	1	1	0	1.0	1.0	1.0	0	1	0	0.0
GC_00008736	1	1	1	0	1.0	1.0	1.0	0	1	0	0.0
GC_00008737	1	1	1	0	1.0	1.0	1.0	0	1	0	0.0
GC_00008738	1	1	1	0	1.0	1.0	1.0	0	1	0	0.0
GC_00008739	1	1	1	0	1.0	1.0	1.0	0	1	0	0.0
GC_00008740	1	1	1	0	1.0	1.0	1.0	0	1	0	0.0
GC_00008741	1	1	1	0	1.0	1.0	1.0	0	1	0	0.0
GC_00008742	1	1	1	0	1.0	1.0	1.0	0	1	0	0.0
GC_00008743	1	1	1	0	1.0	1.0	1.0	0	1	0	0.0
GC_00008744	1	1	1	0	1.0	1.0	1.0	0	1	0	0.0
GC_00008745	1	1	1	0	1.0	1.0	1.0	0	1	0	0.0
GC_00008746	1	1	1	0	1.0	1.0	1.0	0	1	0	0.0
GC_00008747	1	1	1	0	1.0	1.0	1.0	0	1	0	0.0
GC_00008748	1	1	1	0	1.0	1.0	1.0	0	1	0	0.0
GC_00008749	1	1	1	0	1.0	1.0	1.0	0	1	0	0.0
GC_00008750	1	1	1	0	1.0	1.0	1.0	0	1	0	0.0
GC_00008751	1	1	1	0	1.0	1.0	1.0	0	1	0	0.0
GC_00008752	1	1	1	0	1.0	1.0	1.0	1	0	0	1.0
GC_00008753	1	1	1	0	1.0	1.0	1.0	0	1	0	0.0
GC_00008754	1	1	1	0	1.0	1.0	1.0	0	1	0	0.0
GC_00008755	1	1	1	0	1.0	1.0	1.0	0	1	0	0.0
GC_00008756	1	1	1	0	1.0	1.0	1.0	0	1	0	0.0
GC_00008757	1	1	1	0	1.0	1.0	1.0	0	1	0	0.0
GC_00008758	1	1	1	0	1.0	1.0	1.0	0	1	0	0.0
GC_00008759	1	1	1	0	1.0	1.0	1.0	0	1	0	0.0
GC_00008760	1	1	1	0	1.0	1.0	1.0	0	1	0	0.0
GC_00008761	1	1	1	0	1.0	1.0	1.0	0	1	0	0.0
GC_00008762	1	1	1	0	1.0	1.0	1.0	0	1	0	0.0
GC_00008763	1	1	1	0	1.0	1.0	1.0	0	1	0	0.0
GC_00008764	1	1	1	0	1.0	1.0	1.0	0	1	0	0.0
GC_00008765	1	1	1	0	1.0	1.0	1.0	0	1	0	0.0
GC_00008766	1	1	1	0	1.0	1.0	1.0	0	1	0	0.0
GC_00008767	1	1	1	0	1.0	1.0	1.0	0	1	0	0.0
GC_00008768	1	1	1	0	1.0	1.0	1.0	0	1	0	0.0
GC_00008769	1	1	1	0	1.0	1.0	1.0	0	1	0	0.0
GC_00008770	1	1	1	0	1.0	1.0	1.0	0	1	0	0.0
GC_00008771	1	1	1	0	1.0	1.0	1.0	0	1	0	0.0
GC_00008772	1	1	1	0	1.0	1.0	1.0	0	1	0	0.0
GC_00008773	1	1	1	0	1.0	1.0	1.0	0	1	0	0.0
GC_00008774	1	1	1	0	1.0	1.0	1.0	0	1	0	0.0
GC_00008775	1	1	1	0	1.0	1.0	1.0	0	1	0	0.0
GC_00008776	1	1	1	0	1.0	1.0	1.0	0	1	0	0.0
GC_00008777	1	1	1	0	1.0	1.0	1.0	0	1	0	0.0
GC_00008778	1	1	1	0	1.0	1.0	1.0	0	1	0	0.0
GC_00008779	1	1	1	0	1.0	1.0	1.0	0	1	0	0.0
GC_00008780	1	1	1	0	1.0	1.0	1.0	0	1	0	0.0
GC_00008781	1	1	1	0	1.0	1.0	1.0	0	1	0	0.0
GC_00008782	1	1	1	0	1.0	1.0	1.0	0	1	0	0.0
GC_00008783	1	1	1	0	1.0	1.0	1.0	0	1	0	0.0
GC_00008784	1	1	1	0	1.0	1.0	1.0	0	1	0	0.0
GC_00008785	1	1	1	0	1.0	1.0	1.0	0	1	0	0.0
GC_00008786	1	1	1	0	1.0	1.0	1.0	0	1	0	0.0
GC_00008787	1	1	1	0	1.0	1.0	1.0	0	1	0	0.0
GC_00008788	1	1	1	0	1.0	1.0	1.0	0	1	0	0.0
GC_00008789	1	1	1	0	1.0	1.0	1.0	0	1	0	0.0
GC_00008790	1	1	1	0	1.0	1.0	1.0	0	1	0	0.0
GC_00008791	1	1	1	0	1.0	1.0	1.0	0	1	0	0.0
GC_00008792	1	1	1	0	1.0	1.0	1.0	0	1	0	0.0
GC_00008793	1	1	1	0	1.0	1.0	1.0	0	1	0	0.0
GC_00008794	1	1	1	0	1.0	1.0	1.0	0	1	0	0.0
GC_00008795	1	1	1	0	1.0	1.0	1.0	0	1	0	0.0
GC_00008796	1	1	1	0	1.0	1.0	1.0	0	1	0	0.0
GC_00008797	1	1	1	0	1.0	1.0	1.0	0	1	0	0.0
GC_00008798	1	1	1	0	1.0	1.0	1.0	0	1	0	0.0
GC_00008799	1	1	1	0	1.0	1.0	1.0	0	1	0	0.0
GC_00008800	1	1	1	0	1.0	1.0	1.0	0	1	0	0.0
GC_00008801	1	1	1	0	1.0	1.0	1.0	0	1	0	0.0
GC_00008802	1	1	1	0	1.0	1.0	1.0	0	1	0	0.0
GC_00008803	1	1	1	0	1.0	1.0	1.0	0	1	0	0.0
GC_00008804	1	1	1	0	1.0	1.0	1.0	0	1	0	0.0
GC_00008805	1	1	1	0	1.0	1.0	1.0	0	1	0	0.0
GC_00008806	1	1	1	0	1.0	1.0	1.0	0	1	0	0.0
GC_00008807	1	1	1	0	1.0	1.0	1.0	0	1	0	0.0
GC_00008808	1	1	1	0	1.0	1.0	1.0	0	1	0	0.0
GC_00008809	1	1	1	0	1.0	1.0	1.0	0	1	0	0.0
GC_00008810	1	1	1	0	1.0	1.0	1.0	0	1	0	0.0
GC_00008811	1	1	1	0	1.0	1.0	1.0	1	0	0	1.0
GC_00008812	1	1	1	0	1.0	1.0	1.0	0	1	0	0.0
GC_00008813	1	1	1	0	1.0	1.0	1.0	0	1	0	0.0
GC_00008814	1	1	1	0	1.0	1.0	1.0	1	0	0	1.0
GC_00008815	1	1	1	0	1.0	1.0	1.0	0	1	0	0.0
GC_00008816	1	1	1	0	1.0	1.0	1.0	0	1	0	0.0
GC_00008817	1	1	1	0	1.0	1.0	1.0	0	1	0	0.0
GC_00008818	1	1	1	0	1.0	1.0	1.0	0	1	0	0.0
GC_00008819	1	1	1	0	1.0	1.0	1.0	0	1	0	0.0
GC_00008820	1	1	1	0	1.0	1.0	1.0	0	1	0	0.0
GC_00008821	1	1	1	0	1.0	1.0	1.0	0	1	0	0.0
GC_00008822	1	1	1	0	1.0	1.0	1.0	0	1	0	0.0
GC_00008823	1	1	1	0	1.0	1.0	1.0	0	1	0	0.0
GC_00008824	1	1	1	0	1.0	1.0	1.0	0	1	0	0.0
GC_00008825	1	1	1	0	1.0	1.0	1.0	0	1	0	0.0
GC_00008826	1	1	1	0	1.0	1.0	1.0	0	1	0	0.0
GC_00008827	1	1	1	0	1.0	1.0	1.0	0	1	0	0.0
GC_00008828	1	1	1	0	1.0	1.0	1.0	0	1	0	0.0
GC_00008829	1	1	1	0	1.0	1.0	1.0	0	1	0	0.0
GC_00008830	1	1	1	0	1.0	1.0	1.0	0	1	0	0.0
GC_00008831	1	1	1	0	1.0	1.0	1.0	0	1	0	0.0
GC_00008832	1	1	1	0	1.0	1.0	1.0	0	1	0	0.0
GC_00008833	1	1	1	0	1.0	1.0	1.0	0	1	0	0.0
GC_00008834	1	1	1	0	1.0	1.0	1.0	0	1	0	0.0
GC_00008835	1	1	1	0	1.0	1.0	1.0	0	1	0	0.0
GC_00008836	1	1	1	0	1.0	1.0	1.0	0	1	0	0.0
GC_00008837	1	1	1	0	1.0	1.0	1.0	0	1	0	0.0
GC_00008838	1	1	1	0	1.0	1.0	1.0	0	1	0	0.0
GC_00008839	1	1	1	0	1.0	1.0	1.0	0	1	0	0.0
GC_00008840	1	1	1	0	1.0	1.0	1.0	0	1	0	0.0
GC_00008841	1	1	1	0	1.0	1.0	1.0	0	1	0	0.0
GC_00008842	1	1	1	0	1.0	1.0	1.0	1	0	0	1.0
GC_00008843	1	1	1	0	1.0	1.0	1.0	0	1	0	0.0
GC_00008844	1	1	1	0	1.0	1.0	1.0	0	1	0	0.0
GC_00008845	1	1	1	0	1.0	1.0	1.0	0	1	0	0.0
GC_00008846	1	1	1	0	1.0	1.0	1.0	1	0	0	1.0
GC_00008847	1	1	1	0	1.0	1.0	1.0	0	1	0	0.0
GC_00008848	1	1	1	0	1.0	1.0	1.0	0	1	0	0.0
GC_00008849	1	1	1	0	1.0	1.0	1.0	0	1	0	0.0
GC_00008850	1	1	1	0	1.0	1.0	1.0	0	1	0	0.0
GC_00008851	1	1	1	0	1.0	1.0	1.0	0	1	0	0.0
GC_00008852	1	1	1	0	1.0	1.0	1.0	0	1	0	0.0
GC_00008853	1	1	1	0	1.0	1.0	1.0	0	1	0	0.0
GC_00008854	1	1	1	0	1.0	1.0	1.0	0	1	0	0.0
GC_00008855	1	1	1	0	1.0	1.0	1.0	0	1	0	0.0
GC_00008856	1	1	1	0	1.0	1.0	1.0	0	1	0	0.0
GC_00008857	1	1	1	0	1.0	1.0	1.0	0	1	0	0.0
GC_00008858	1	1	1	0	1.0	1.0	1.0	0	1	0	0.0
GC_00008859	1	1	1	0	1.0	1.0	1.0	0	1	0	0.0
GC_00008860	1	1	1	0	1.0	1.0	1.0	0	1	0	0.0
GC_00008861	1	1	1	0	1.0	1.0	1.0	0	1	0	0.0
GC_00008862	1	1	1	0	1.0	1.0	1.0	0	1	0	0.0
GC_00008863	1	1	1	0	1.0	1.0	1.0	0	1	0	0.0
GC_00008864	1	1	1	0	1.0	1.0	1.0	0	1	0	0.0
GC_00008865	1	1	1	0	1.0	1.0	1.0	0	1	0	0.0
GC_00008866	1	1	1	0	1.0	1.0	1.0	0	1	0	0.0
GC_00008867	1	1	1	0	1.0	1.0	1.0	0	1	0	0.0
GC_00008868	1	1	1	0	1.0	1.0	1.0	0	1	0	0.0
GC_00008869	1	1	1	0	1.0	1.0	1.0	0	1	0	0.0
GC_00008870	1	1	1	0	1.0	1.0	1.0	0	1	0	0.0
GC_00008871	1	1	1	0	1.0	1.0	1.0	0	1	0	0.0
GC_00008872	1	1	1	0	1.0	1.0	1.0	0	1	0	0.0
GC_00008873	1	1	1	0	1.0	1.0	1.0	0	1	0	0.0
GC_00008874	1	1	1	0	1.0	1.0	1.0	0	1	0	0.0
GC_00008875	1	1	1	0	1.0	1.0	1.0	0	1	0	0.0
GC_00008876	1	1	1	0	1.0	1.0	1.0	0	1	0	0.0
GC_00008877	1	1	1	0	1.0	1.0	1.0	0	1	0	0.0
GC_00008878	1	1	1	0	1.0	1.0	1.0	0	1	0	0.0
GC_00008879	1	1	1	0	1.0	1.0	1.0	0	1	0	0.0
GC_00008880	1	1	1	0	1.0	1.0	1.0	0	1	0	0.0
GC_00008881	1	1	1	0	1.0	1.0	1.0	0	1	0	0.0
GC_00008882	1	1	1	0	1.0	1.0	1.0	0	1	0	0.0
GC_00008883	1	1	1	0	1.0	1.0	1.0	0	1	0	0.0
GC_00008884	1	1	1	0	1.0	1.0	1.0	0	1	0	0.0
GC_00008885	1	1	1	0	1.0	1.0	1.0	1	0	0	1.0
GC_00008886	1	1	1	0	1.0	1.0	1.0	0	1	0	0.0
GC_00008887	1	1	1	0	1.0	1.0	1.0	1	0	0	1.0
GC_00008888	1	1	1	0	1.0	1.0	1.0	0	1	0	0.0
GC_00008889	1	1	1	0	1.0	1.0	1.0	0	1	0	0.0
GC_00008890	1	1	1	0	1.0	1.0	1.0	0	1	0	0.0
GC_00008891	1	1	1	0	1.0	1.0	1.0	0	1	0	0.0
GC_00008892	1	1	1	0	1.0	1.0	1.0	0	1	0	0.0
GC_00008893	1	1	1	0	1.0	1.0	1.0	0	1	0	0.0
GC_00008894	1	1	1	0	1.0	1.0	1.0	0	1	0	0.0
GC_00008895	1	1	1	0	1.0	1.0	1.0	1	0	0	1.0
GC_00008896	1	1	1	0	1.0	1.0	1.0	0	1	0	0.0
GC_00008897	1	1	1	0	1.0	1.0	1.0	0	1	0	0.0
GC_00008898	1	1	1	0	1.0	1.0	1.0	0	1	0	0.0
GC_00008899	1	1	1	0	1.0	1.0	1.0	0	1	0	0.0
GC_00008900	1	1	1	0	1.0	1.0	1.0	0	1	0	0.0
GC_00008901	1	1	1	0	1.0	1.0	1.0	0	1	0	0.0
GC_00008902	1	1	1	0	1.0	1.0	1.0	0	1	0	0.0
GC_00008903	1	1	1	0	1.0	1.0	1.0	0	1	0	0.0
GC_00008904	1	1	1	0	1.0	1.0	1.0	0	1	0	0.0
GC_00008905	1	1	1	0	1.0	1.0	1.0	0	1	0	0.0
GC_00008906	1	1	1	0	1.0	1.0	1.0	0	1	0	0.0
GC_00008907	1	1	1	0	1.0	1.0	1.0	0	1	0	0.0
GC_00008908	1	1	1	0	1.0	1.0	1.0	0	1	0	0.0
GC_00008909	1	1	1	0	1.0	1.0	1.0	0	1	0	0.0
GC_00008910	1	1	1	0	1.0	1.0	1.0	0	1	0	0.0
GC_00008911	1	1	1	0	1.0	1.0	1.0	0	1	0	0.0
GC_00008912	1	1	1	0	1.0	1.0	1.0	0	1	0	0.0
GC_00008913	1	1	1	0	1.0	1.0	1.0	0	1	0	0.0
GC_00008914	1	1	1	0	1.0	1.0	1.0	0	1	0	0.0
GC_00008915	1	1	1	0	1.0	1.0	1.0	0	1	0	0.0
GC_00008916	1	1	1	0	1.0	1.0	1.0	0	1	0	0.0
GC_00008917	1	1	1	0	1.0	1.0	1.0	0	1	0	0.0
GC_00008918	1	1	1	0	1.0	1.0	1.0	0	1	0	0.0
GC_00008919	1	1	1	0	1.0	1.0	1.0	0	1	0	0.0
GC_00008920	1	1	1	0	1.0	1.0	1.0	0	1	0	0.0
GC_00008921	1	1	1	0	1.0	1.0	1.0	0	1	0	0.0
GC_00008922	1	1	1	0	1.0	1.0	1.0	0	1	0	0.0
GC_00008923	1	1	1	0	1.0	1.0	1.0	0	1	0	0.0
GC_00008924	1	1	1	0	1.0	1.0	1.0	0	1	0	0.0
GC_00008925	1	1	1	0	1.0	1.0	1.0	0	1	0	0.0
GC_00008926	1	1	1	0	1.0	1.0	1.0	0	1	0	0.0
GC_00008927	1	1	1	0	1.0	1.0	1.0	0	1	0	0.0
GC_00008928	1	1	1	0	1.0	1.0	1.0	0	1	0	0.0
GC_00008929	1	1	1	0	1.0	1.0	1.0	0	1	0	0.0
GC_00008930	1	1	1	0	1.0	1.0	1.0	0	1	0	0.0
GC_00008931	1	1	1	0	1.0	1.0	1.0	0	1	0	0.0
GC_00008932	1	1	1	0	1.0	1.0	1.0	0	1	0	0.0
GC_00008933	1	1	1	0	1.0	1.0	1.0	0	1	0	0.0
GC_00008934	1	1	1	0	1.0	1.0	1.0	0	1	0	0.0
GC_00008935	1	1	1	0	1.0	1.0	1.0	0	1	0	0.0
GC_00008936	1	1	1	0	1.0	1.0	1.0	0	1	0	0.0
GC_00008937	1	1	1	0	1.0	1.0	1.0	0	1	0	0.0
GC_00008938	1	1	1	0	1.0	1.0	1.0	0	1	0	0.0
GC_00008939	1	1	1	0	1.0	1.0	1.0	0	1	0	0.0
GC_00008940	1	1	1	0	1.0	1.0	1.0	0	1	0	0.0
GC_00008941	1	1	1	0	1.0	1.0	1.0	0	1	0	0.0
GC_00008942	1	1	1	0	1.0	1.0	1.0	0	1	0	0.0
GC_00008943	1	1	1	0	1.0	1.0	1.0	0	1	0	0.0
GC_00008944	1	1	1	0	1.0	1.0	1.0	0	1	0	0.0
GC_00008945	1	1	1	0	1.0	1.0	1.0	0	1	0	0.0
GC_00008946	1	1	1	0	1.0	1.0	1.0	0	1	0	0.0
GC_00008947	1	1	1	0	1.0	1.0	1.0	0	1	0	0.0
GC_00008948	1	1	1	0	1.0	1.0	1.0	0	1	0	0.0
GC_00008949	1	1	1	0	1.0	1.0	1.0	0	1	0	0.0
GC_00008950	1	1	1	0	1.0	1.0	1.0	0	1	0	0.0
GC_00008951	1	1	1	0	1.0	1.0	1.0	0	1	0	0.0
GC_00008952	1	1	1	0	1.0	1.0	1.0	0	1	0	0.0
GC_00008953	1	1	1	0	1.0	1.0	1.0	0	1	0	0.0
GC_00008954	1	1	1	0	1.0	1.0	1.0	0	1	0	0.0
GC_00008955	1	1	1	0	1.0	1.0	1.0	0	1	0	0.0
GC_00008956	1	1	1	0	1.0	1.0	1.0	0	1	0	0.0
GC_00008957	1	1	1	0	1.0	1.0	1.0	0	1	0	0.0
GC_00008958	1	1	1	0	1.0	1.0	1.0	0	1	0	0.0
GC_00008959	1	1	1	0	1.0	1.0	1.0	0	1	0	0.0
GC_00008960	1	1	1	0	1.0	1.0	1.0	0	1	0	0.0
GC_00008961	1	1	1	0	1.0	1.0	1.0	0	1	0	0.0
GC_00008962	1	1	1	0	1.0	1.0	1.0	0	1	0	0.0
GC_00008963	1	1	1	0	1.0	1.0	1.0	0	1	0	0.0
GC_00008964	1	1	1	0	1.0	1.0	1.0	0	1	0	0.0
GC_00008965	1	1	1	0	1.0	1.0	1.0	0	1	0	0.0
GC_00008966	1	1	1	0	1.0	1.0	1.0	0	1	0	0.0
GC_00008967	1	1	1	0	1.0	1.0	1.0	0	1	0	0.0
GC_00008968	1	1	1	0	1.0	1.0	1.0	0	1	0	0.0
GC_00008969	1	1	1	0	1.0	1.0	1.0	0	1	0	0.0
GC_00008970	1	1	1	0	1.0	1.0	1.0	0	1	0	0.0
GC_00008971	1	1	1	0	1.0	1.0	1.0	0	1	0	0.0
GC_00008972	1	1	1	0	1.0	1.0	1.0	0	1	0	0.0
GC_00008973	1	1	1	0	1.0	1.0	1.0	0	1	0	0.0
GC_00008974	1	1	1	0	1.0	1.0	1.0	0	1	0	0.0
GC_00008975	1	1	1	0	1.0	1.0	1.0	0	1	0	0.0
GC_00008976	1	1	1	0	1.0	1.0	1.0	0	1	0	0.0
GC_00008977	1	1	1	0	1.0	1.0	1.0	0	1	0	0.0
GC_00008978	1	1	1	0	1.0	1.0	1.0	0	1	0	0.0
GC_00008979	1	1	1	0	1.0	1.0	1.0	0	1	0	0.0
GC_00008980	1	1	1	0	1.0	1.0	1.0	0	1	0	0.0
GC_00008981	1	1	1	0	1.0	1.0	1.0	0	1	0	0.0
GC_00008982	1	1	1	0	1.0	1.0	1.0	0	1	0	0.0
GC_00008983	1	1	1	0	1.0	1.0	1.0	0	1	0	0.0
GC_00008984	1	1	1	0	1.0	1.0	1.0	0	1	0	0.0
GC_00008985	1	1	1	0	1.0	1.0	1.0	0	1	0	0.0
GC_00008986	1	1	1	0	1.0	1.0	1.0	0	1	0	0.0
GC_00008987	1	1	1	0	1.0	1.0	1.0	0	1	0	0.0
GC_00008988	1	1	1	0	1.0	1.0	1.0	0	1	0	0.0
GC_00008989	1	1	1	0	1.0	1.0	1.0	0	1	0	0.0
GC_00008990	1	1	1	0	1.0	1.0	1.0	0	1	0	0.0
GC_00008991	1	1	1	0	1.0	1.0	1.0	0	1	0	0.0
GC_00008992	1	1	1	0	1.0	1.0	1.0	0	1	0	0.0
GC_00008993	1	1	1	0	1.0	1.0	1.0	0	1	0	0.0
GC_00008994	1	1	1	0	1.0	1.0	1.0	0	1	0	0.0
GC_00008995	1	1	1	0	1.0	1.0	1.0	0	1	0	0.0
GC_00008996	1	1	1	0	1.0	1.0	1.0	0	1	0	0.0
GC_00008997	1	1	1	0	1.0	1.0	1.0	0	1	0	0.0
GC_00008998	1	1	1	0	1.0	1.0	1.0	0	1	0	0.0
GC_00008999	1	1	1	0	1.0	1.0	1.0	0	1	0	0.0
GC_00009000	1	1	1	0	1.0	1.0	1.0	0	1	0	0.0
GC_00009001	1	1	1	0	1.0	1.0	1.0	1	0	0	1.0
GC_00009002	1	1	1	0	1.0	1.0	1.0	0	1	0	0.0
GC_00009003	1	1	1	0	1.0	1.0	1.0	0	1	0	0.0
GC_00009004	1	1	1	0	1.0	1.0	1.0	0	1	0	0.0
GC_00009005	1	1	1	0	1.0	1.0	1.0	0	1	0	0.0
GC_00009006	1	1	1	0	1.0	1.0	1.0	0	1	0	0.0
GC_00009007	1	1	1	0	1.0	1.0	1.0	0	1	0	0.0
GC_00009008	1	1	1	0	1.0	1.0	1.0	0	1	0	0.0
GC_00009009	1	1	1	0	1.0	1.0	1.0	0	1	0	0.0
GC_00009010	1	1	1	0	1.0	1.0	1.0	0	1	0	0.0
GC_00009011	1	1	1	0	1.0	1.0	1.0	0	1	0	0.0
GC_00009012	1	1	1	0	1.0	1.0	1.0	0	1	0	0.0
GC_00009013	1	1	1	0	1.0	1.0	1.0	0	1	0	0.0
GC_00009014	1	1	1	0	1.0	1.0	1.0	0	1	0	0.0
GC_00009015	1	1	1	0	1.0	1.0	1.0	0	1	0	0.0
GC_00009016	1	1	1	0	1.0	1.0	1.0	0	1	0	0.0
GC_00009017	1	1	1	0	1.0	1.0	1.0	0	1	0	0.0
GC_00009018	1	1	1	0	1.0	1.0	1.0	0	1	0	0.0
GC_00009019	1	1	1	0	1.0	1.0	1.0	0	1	0	0.0
GC_00009020	1	1	1	0	1.0	1.0	1.0	0	1	0	0.0
GC_00009021	1	1	1	0	1.0	1.0	1.0	0	1	0	0.0
GC_00009022	1	1	1	0	1.0	1.0	1.0	0	1	0	0.0
GC_00009023	1	1	1	0	1.0	1.0	1.0	0	1	0	0.0
GC_00009024	1	1	1	0	1.0	1.0	1.0	0	1	0	0.0
GC_00009025	1	1	1	0	1.0	1.0	1.0	0	1	0	0.0
GC_00009026	1	1	1	0	1.0	1.0	1.0	0	1	0	0.0
GC_00009027	1	1	1	0	1.0	1.0	1.0	0	1	0	0.0
GC_00009028	1	1	1	0	1.0	1.0	1.0	0	1	0	0.0
GC_00009029	1	1	1	0	1.0	1.0	1.0	0	1	0	0.0
GC_00009030	1	1	1	0	1.0	1.0	1.0	0	1	0	0.0
GC_00009031	1	1	1	0	1.0	1.0	1.0	0	1	0	0.0
GC_00009032	1	1	1	0	1.0	1.0	1.0	0	1	0	0.0
GC_00009033	1	1	1	0	1.0	1.0	1.0	0	1	0	0.0
GC_00009034	1	1	1	0	1.0	1.0	1.0	0	1	0	0.0
GC_00009035	1	1	1	0	1.0	1.0	1.0	0	1	0	0.0
GC_00009036	1	1	1	0	1.0	1.0	1.0	0	1	0	0.0
GC_00009037	1	1	1	0	1.0	1.0	1.0	0	1	0	0.0
GC_00009038	1	1	1	0	1.0	1.0	1.0	0	1	0	0.0
GC_00009039	1	1	1	0	1.0	1.0	1.0	0	1	0	0.0
GC_00009040	1	1	1	0	1.0	1.0	1.0	0	1	0	0.0
GC_00009041	1	1	1	0	1.0	1.0	1.0	0	1	0	0.0
GC_00009042	1	1	1	0	1.0	1.0	1.0	0	1	0	0.0
GC_00009043	1	1	1	0	1.0	1.0	1.0	0	1	0	0.0
GC_00009044	1	1	1	0	1.0	1.0	1.0	0	1	0	0.0
GC_00009045	1	1	1	0	1.0	1.0	1.0	0	1	0	0.0
GC_00009046	1	1	1	0	1.0	1.0	1.0	0	1	0	0.0
GC_00009047	1	1	1	0	1.0	1.0	1.0	0	1	0	0.0
GC_00009048	1	1	1	0	1.0	1.0	1.0	0	1	0	0.0
GC_00009049	1	1	1	0	1.0	1.0	1.0	0	1	0	0.0
GC_00009050	1	1	1	0	1.0	1.0	1.0	0	1	0	0.0
GC_00009051	1	1	1	0	1.0	1.0	1.0	0	1	0	0.0
GC_00009052	1	1	1	0	1.0	1.0	1.0	0	1	0	0.0
GC_00009053	1	1	1	0	1.0	1.0	1.0	0	1	0	0.0
GC_00009054	1	1	1	0	1.0	1.0	1.0	0	1	0	0.0
GC_00009055	1	1	1	0	1.0	1.0	1.0	0	1	0	0.0
GC_00009056	1	1	1	0	1.0	1.0	1.0	0	1	0	0.0
GC_00009057	1	1	1	0	1.0	1.0	1.0	0	1	0	0.0
GC_00009058	1	1	1	0	1.0	1.0	1.0	0	1	0	0.0
GC_00009059	1	1	1	0	1.0	1.0	1.0	0	1	0	0.0
GC_00009060	1	1	1	0	1.0	1.0	1.0	0	1	0	0.0
GC_00009061	1	1	1	0	1.0	1.0	1.0	0	1	0	0.0
GC_00009062	1	1	1	0	1.0	1.0	1.0	0	1	0	0.0
GC_00009063	1	1	1	0	1.0	1.0	1.0	0	1	0	0.0
GC_00009064	1	1	1	0	1.0	1.0	1.0	0	1	0	0.0
GC_00009065	1	1	1	0	1.0	1.0	1.0	0	1	0	0.0
GC_00009066	1	1	1	0	1.0	1.0	1.0	0	1	0	0.0
GC_00009067	1	1	1	0	1.0	1.0	1.0	0	1	0	0.0
GC_00009068	1	1	1	0	1.0	1.0	1.0	0	1	0	0.0
GC_00009069	1	1	1	0	1.0	1.0	1.0	0	1	0	0.0
GC_00009070	1	1	1	0	1.0	1.0	1.0	0	1	0	0.0
GC_00009071	1	1	1	0	1.0	1.0	1.0	0	1	0	0.0
GC_00009072	1	1	1	0	1.0	1.0	1.0	0	1	0	0.0
GC_00009073	1	1	1	0	1.0	1.0	1.0	0	1	0	0.0
GC_00009074	1	1	1	0	1.0	1.0	1.0	0	1	0	0.0
GC_00009075	1	1	1	0	1.0	1.0	1.0	0	1	0	0.0
GC_00009076	1	1	1	0	1.0	1.0	1.0	0	1	0	0.0
GC_00009077	1	1	1	0	1.0	1.0	1.0	0	1	0	0.0
GC_00009078	1	1	1	0	1.0	1.0	1.0	0	1	0	0.0
GC_00009079	1	1	1	0	1.0	1.0	1.0	0	1	0	0.0
GC_00009080	1	1	1	0	1.0	1.0	1.0	0	1	0	0.0
GC_00009081	1	1	1	0	1.0	1.0	1.0	0	1	0	0.0
GC_00009082	1	1	1	0	1.0	1.0	1.0	0	1	0	0.0
GC_00009083	1	1	1	0	1.0	1.0	1.0	0	1	0	0.0
GC_00009084	1	1	1	0	1.0	1.0	1.0	0	1	0	0.0
GC_00009085	1	1	1	0	1.0	1.0	1.0	0	1	0	0.0
GC_00009086	1	1	1	0	1.0	1.0	1.0	0	1	0	0.0
GC_00009087	1	1	1	0	1.0	1.0	1.0	0	1	0	0.0
GC_00009088	1	1	1	0	1.0	1.0	1.0	0	1	0	0.0
GC_00009089	1	1	1	0	1.0	1.0	1.0	0	1	0	0.0
GC_00009090	1	1	1	0	1.0	1.0	1.0	0	1	0	0.0
GC_00009091	1	1	1	0	1.0	1.0	1.0	0	1	0	0.0
GC_00009092	1	1	1	0	1.0	1.0	1.0	0	1	0	0.0
GC_00009093	1	1	1	0	1.0	1.0	1.0	0	1	0	0.0
GC_00009094	1	1	1	0	1.0	1.0	1.0	0	1	0	0.0
GC_00009095	1	1	1	0	1.0	1.0	1.0	0	1	0	0.0
GC_00009096	1	1	1	0	1.0	1.0	1.0	0	1	0	0.0
GC_00009097	1	1	1	0	1.0	1.0	1.0	0	1	0	0.0
GC_00009098	1	1	1	0	1.0	1.0	1.0	0	1	0	0.0
GC_00009099	1	1	1	0	1.0	1.0	1.0	0	1	0	0.0
GC_00009100	1	1	1	0	1.0	1.0	1.0	0	1	0	0.0
GC_00009101	1	1	1	0	1.0	1.0	1.0	0	1	0	0.0
GC_00009102	1	1	1	0	1.0	1.0	1.0	0	1	0	0.0
GC_00009103	1	1	1	0	1.0	1.0	1.0	0	1	0	0.0
GC_00009104	1	1	1	0	1.0	1.0	1.0	0	1	0	0.0
GC_00009105	1	1	1	0	1.0	1.0	1.0	0	1	0	0.0
GC_00009106	1	1	1	0	1.0	1.0	1.0	0	1	0	0.0
GC_00009107	1	1	1	0	1.0	1.0	1.0	0	1	0	0.0
GC_00009108	1	1	1	0	1.0	1.0	1.0	0	1	0	0.0
GC_00009109	1	1	1	0	1.0	1.0	1.0	1	0	0	1.0
GC_00009110	1	1	1	0	1.0	1.0	1.0	1	0	0	1.0
GC_00009111	1	1	1	0	1.0	1.0	1.0	0	1	0	0.0
GC_00009112	1	1	1	0	1.0	1.0	1.0	0	1	0	0.0
GC_00009113	1	1	1	0	1.0	1.0	1.0	0	1	0	0.0
GC_00009114	1	1	1	0	1.0	1.0	1.0	0	1	0	0.0
GC_00009115	1	1	1	0	1.0	1.0	1.0	0	1	0	0.0
GC_00009116	1	1	1	0	1.0	1.0	1.0	0	1	0	0.0
GC_00009117	1	1	1	0	1.0	1.0	1.0	0	1	0	0.0
GC_00009118	1	1	1	0	1.0	1.0	1.0	0	1	0	0.0
GC_00009119	1	1	1	0	1.0	1.0	1.0	0	1	0	0.0
GC_00009120	1	1	1	0	1.0	1.0	1.0	0	1	0	0.0
GC_00009121	1	1	1	0	1.0	1.0	1.0	0	1	0	0.0
GC_00009122	1	1	1	0	1.0	1.0	1.0	0	1	0	0.0
GC_00009123	1	1	1	0	1.0	1.0	1.0	0	1	0	0.0
GC_00009124	1	1	1	0	1.0	1.0	1.0	0	1	0	0.0
GC_00009125	1	1	1	0	1.0	1.0	1.0	0	1	0	0.0
GC_00009126	1	1	1	0	1.0	1.0	1.0	0	1	0	0.0
GC_00009127	1	1	1	0	1.0	1.0	1.0	0	1	0	0.0
GC_00009128	1	1	1	0	1.0	1.0	1.0	0	1	0	0.0
GC_00009129	1	1	1	0	1.0	1.0	1.0	0	1	0	0.0
GC_00009130	1	1	1	0	1.0	1.0	1.0	0	1	0	0.0
GC_00009131	1	1	1	0	1.0	1.0	1.0	0	1	0	0.0
GC_00009132	1	1	1	0	1.0	1.0	1.0	0	1	0	0.0
GC_00009133	1	1	1	0	1.0	1.0	1.0	0	1	0	0.0
GC_00009134	1	1	1	0	1.0	1.0	1.0	0	1	0	0.0
GC_00009135	1	1	1	0	1.0	1.0	1.0	0	1	0	0.0
GC_00009136	1	1	1	0	1.0	1.0	1.0	0	1	0	0.0
GC_00009137	1	1	1	0	1.0	1.0	1.0	0	1	0	0.0
GC_00009138	1	1	1	0	1.0	1.0	1.0	0	1	0	0.0
GC_00009139	1	1	1	0	1.0	1.0	1.0	0	1	0	0.0
GC_00009140	1	1	1	0	1.0	1.0	1.0	0	1	0	0.0
GC_00009141	1	1	1	0	1.0	1.0	1.0	0	1	0	0.0
GC_00009142	1	1	1	0	1.0	1.0	1.0	0	1	0	0.0
GC_00009143	1	1	1	0	1.0	1.0	1.0	0	1	0	0.0
GC_00009144	1	1	1	0	1.0	1.0	1.0	0	1	0	0.0
GC_00009145	1	1	1	0	1.0	1.0	1.0	0	1	0	0.0
GC_00009146	1	1	1	0	1.0	1.0	1.0	0	1	0	0.0
GC_00009147	1	1	1	0	1.0	1.0	1.0	0	1	0	0.0
GC_00009148	1	1	1	0	1.0	1.0	1.0	0	1	0	0.0
GC_00009149	1	1	1	0	1.0	1.0	1.0	0	1	0	0.0
GC_00009150	1	1	1	0	1.0	1.0	1.0	0	1	0	0.0
GC_00009151	1	1	1	0	1.0	1.0	1.0	0	1	0	0.0
GC_00009152	1	1	1	0	1.0	1.0	1.0	0	1	0	0.0
GC_00009153	1	1	1	0	1.0	1.0	1.0	0	1	0	0.0
GC_00009154	1	1	1	0	1.0	1.0	1.0	0	1	0	0.0
GC_00009155	1	1	1	0	1.0	1.0	1.0	0	1	0	0.0
GC_00009156	1	1	1	0	1.0	1.0	1.0	0	1	0	0.0
GC_00009157	1	1	1	0	1.0	1.0	1.0	0	1	0	0.0
GC_00009158	1	1	1	0	1.0	1.0	1.0	0	1	0	0.0
GC_00009159	1	1	1	0	1.0	1.0	1.0	0	1	0	0.0
GC_00009160	1	1	1	0	1.0	1.0	1.0	1	0	0	1.0
GC_00009161	1	1	1	0	1.0	1.0	1.0	0	1	0	0.0
GC_00009162	1	1	1	0	1.0	1.0	1.0	0	1	0	0.0
GC_00009163	1	1	1	0	1.0	1.0	1.0	0	1	0	0.0
GC_00009164	1	1	1	0	1.0	1.0	1.0	1	0	0	1.0
GC_00009165	1	1	1	0	1.0	1.0	1.0	0	1	0	0.0
GC_00009166	1	1	1	0	1.0	1.0	1.0	0	1	0	0.0
GC_00009167	1	1	1	0	1.0	1.0	1.0	0	1	0	0.0
GC_00009168	1	1	1	0	1.0	1.0	1.0	0	1	0	0.0
GC_00009169	1	1	1	0	1.0	1.0	1.0	0	1	0	0.0
GC_00009170	1	1	1	0	1.0	1.0	1.0	0	1	0	0.0
GC_00009171	1	1	1	0	1.0	1.0	1.0	0	1	0	0.0
GC_00009172	1	1	1	0	1.0	1.0	1.0	0	1	0	0.0
GC_00009173	1	1	1	0	1.0	1.0	1.0	0	1	0	0.0
GC_00009174	1	1	1	0	1.0	1.0	1.0	0	1	0	0.0
GC_00009175	1	1	1	0	1.0	1.0	1.0	0	1	0	0.0
GC_00009176	1	1	1	0	1.0	1.0	1.0	0	1	0	0.0
GC_00009177	1	1	1	0	1.0	1.0	1.0	0	1	0	0.0
GC_00009178	1	1	1	0	1.0	1.0	1.0	0	1	0	0.0
GC_00009179	1	1	1	0	1.0	1.0	1.0	0	1	0	0.0
GC_00009180	1	1	1	0	1.0	1.0	1.0	0	1	0	0.0
GC_00009181	1	1	1	0	1.0	1.0	1.0	0	1	0	0.0
GC_00009182	1	1	1	0	1.0	1.0	1.0	1	0	0	1.0
GC_00009183	1	1	1	0	1.0	1.0	1.0	0	1	0	0.0
GC_00009184	1	1	1	0	1.0	1.0	1.0	0	1	0	0.0
GC_00009185	1	1	1	0	1.0	1.0	1.0	0	1	0	0.0
GC_00009186	1	1	1	0	1.0	1.0	1.0	0	1	0	0.0
GC_00009187	1	1	1	0	1.0	1.0	1.0	0	1	0	0.0
GC_00009188	1	1	1	0	1.0	1.0	1.0	0	1	0	0.0
GC_00009189	1	1	1	0	1.0	1.0	1.0	0	1	0	0.0
GC_00009190	1	1	1	0	1.0	1.0	1.0	0	1	0	0.0
GC_00009191	1	1	1	0	1.0	1.0	1.0	0	1	0	0.0
GC_00009192	1	1	1	0	1.0	1.0	1.0	0	1	0	0.0
GC_00009193	1	1	1	0	1.0	1.0	1.0	0	1	0	0.0
GC_00009194	1	1	1	0	1.0	1.0	1.0	0	1	0	0.0
GC_00009195	1	1	1	0	1.0	1.0	1.0	0	1	0	0.0
GC_00009196	1	1	1	0	1.0	1.0	1.0	0	1	0	0.0
GC_00009197	1	1	1	0	1.0	1.0	1.0	0	1	0	0.0
GC_00009198	1	1	1	0	1.0	1.0	1.0	0	1	0	0.0
GC_00009199	1	1	1	0	1.0	1.0	1.0	0	1	0	0.0
GC_00009200	1	1	1	0	1.0	1.0	1.0	0	1	0	0.0
GC_00009201	1	1	1	0	1.0	1.0	1.0	0	1	0	0.0
GC_00009202	1	1	1	0	1.0	1.0	1.0	0	1	0	0.0
GC_00009203	1	1	1	0	1.0	1.0	1.0	0	1	0	0.0
GC_00009204	1	1	1	0	1.0	1.0	1.0	0	1	0	0.0
GC_00009205	1	1	1	0	1.0	1.0	1.0	0	1	0	0.0
GC_00009206	1	1	1	0	1.0	1.0	1.0	0	1	0	0.0
GC_00009207	1	1	1	0	1.0	1.0	1.0	0	1	0	0.0
GC_00009208	1	1	1	0	1.0	1.0	1.0	0	1	0	0.0
GC_00009209	1	1	1	0	1.0	1.0	1.0	0	1	0	0.0
GC_00009210	1	1	1	0	1.0	1.0	1.0	0	1	0	0.0
GC_00009211	1	1	1	0	1.0	1.0	1.0	0	1	0	0.0
GC_00009212	1	1	1	0	1.0	1.0	1.0	0	1	0	0.0
GC_00009213	1	1	1	0	1.0	1.0	1.0	0	1	0	0.0
GC_00009214	1	1	1	0	1.0	1.0	1.0	0	1	0	0.0
GC_00009215	1	1	1	0	1.0	1.0	1.0	0	1	0	0.0
GC_00009216	1	1	1	0	1.0	1.0	1.0	0	1	0	0.0
GC_00009217	1	1	1	0	1.0	1.0	1.0	0	1	0	0.0
GC_00009218	1	1	1	0	1.0	1.0	1.0	0	1	0	0.0
GC_00009219	1	1	1	0	1.0	1.0	1.0	0	1	0	0.0
GC_00009220	1	1	1	0	1.0	1.0	1.0	0	1	0	0.0
GC_00009221	1	1	1	0	1.0	1.0	1.0	0	1	0	0.0
GC_00009222	1	1	1	0	1.0	1.0	1.0	0	1	0	0.0
GC_00009223	1	1	1	0	1.0	1.0	1.0	0	1	0	0.0
GC_00009224	1	1	1	0	1.0	1.0	1.0	0	1	0	0.0
GC_00009225	1	1	1	0	1.0	1.0	1.0	0	1	0	0.0
GC_00009226	1	1	1	0	1.0	1.0	1.0	0	1	0	0.0
GC_00009227	1	1	1	0	1.0	1.0	1.0	0	1	0	0.0
GC_00009228	1	1	1	0	1.0	1.0	1.0	0	1	0	0.0
GC_00009229	1	1	1	0	1.0	1.0	1.0	1	0	0	1.0
GC_00009230	1	1	1	0	1.0	1.0	1.0	0	1	0	0.0
GC_00009231	1	1	1	0	1.0	1.0	1.0	0	1	0	0.0
GC_00009232	1	1	1	0	1.0	1.0	1.0	0	1	0	0.0
GC_00009233	1	1	1	0	1.0	1.0	1.0	0	1	0	0.0
GC_00009234	1	1	1	0	1.0	1.0	1.0	0	1	0	0.0
GC_00009235	1	1	1	0	1.0	1.0	1.0	0	1	0	0.0
GC_00009236	1	1	1	0	1.0	1.0	1.0	0	1	0	0.0
GC_00009237	1	1	1	0	1.0	1.0	1.0	0	1	0	0.0
GC_00009238	1	1	1	0	1.0	1.0	1.0	0	1	0	0.0
GC_00009239	1	1	1	0	1.0	1.0	1.0	0	1	0	0.0
GC_00009240	1	1	1	0	1.0	1.0	1.0	0	1	0	0.0
GC_00009241	1	1	1	0	1.0	1.0	1.0	0	1	0	0.0
GC_00009242	1	1	1	0	1.0	1.0	1.0	0	1	0	0.0
GC_00009243	1	1	1	0	1.0	1.0	1.0	0	1	0	0.0
GC_00009244	1	1	1	0	1.0	1.0	1.0	0	1	0	0.0
GC_00009245	1	1	1	0	1.0	1.0	1.0	0	1	0	0.0
GC_00009246	1	1	1	0	1.0	1.0	1.0	0	1	0	0.0
GC_00009247	1	1	1	0	1.0	1.0	1.0	0	1	0	0.0
GC_00009248	1	1	1	0	1.0	1.0	1.0	0	1	0	0.0
GC_00009249	1	1	1	0	1.0	1.0	1.0	0	1	0	0.0
GC_00009250	1	1	1	0	1.0	1.0	1.0	0	1	0	0.0
GC_00009251	1	1	1	0	1.0	1.0	1.0	0	1	0	0.0
GC_00009252	1	1	1	0	1.0	1.0	1.0	0	1	0	0.0
GC_00009253	1	1	1	0	1.0	1.0	1.0	0	1	0	0.0
GC_00009254	1	1	1	0	1.0	1.0	1.0	0	1	0	0.0
GC_00009255	1	1	1	0	1.0	1.0	1.0	0	1	0	0.0
GC_00009256	1	1	1	0	1.0	1.0	1.0	0	1	0	0.0
GC_00009257	1	1	1	0	1.0	1.0	1.0	0	1	0	0.0
GC_00009258	1	1	1	0	1.0	1.0	1.0	0	1	0	0.0
GC_00009259	1	1	1	0	1.0	1.0	1.0	0	1	0	0.0
GC_00009260	1	1	1	0	1.0	1.0	1.0	0	1	0	0.0
GC_00009261	1	1	1	0	1.0	1.0	1.0	0	1	0	0.0
GC_00009262	1	1	1	0	1.0	1.0	1.0	0	1	0	0.0
GC_00009263	1	1	1	0	1.0	1.0	1.0	0	1	0	0.0
GC_00009264	1	1	1	0	1.0	1.0	1.0	0	1	0	0.0
GC_00009265	1	1	1	0	1.0	1.0	1.0	0	1	0	0.0
GC_00009266	1	1	1	0	1.0	1.0	1.0	0	1	0	0.0
GC_00009267	1	1	1	0	1.0	1.0	1.0	0	1	0	0.0
GC_00009268	1	1	1	0	1.0	1.0	1.0	0	1	0	0.0
GC_00009269	1	1	1	0	1.0	1.0	1.0	0	1	0	0.0
GC_00009270	1	1	1	0	1.0	1.0	1.0	0	1	0	0.0
GC_00009271	1	1	1	0	1.0	1.0	1.0	0	1	0	0.0
GC_00009272	1	1	1	0	1.0	1.0	1.0	0	1	0	0.0
GC_00009273	1	1	1	0	1.0	1.0	1.0	0	1	0	0.0
GC_00009274	1	1	1	0	1.0	1.0	1.0	0	1	0	0.0
GC_00009275	1	1	1	0	1.0	1.0	1.0	0	1	0	0.0
GC_00009276	1	1	1	0	1.0	1.0	1.0	0	1	0	0.0
GC_00009277	1	1	1	0	1.0	1.0	1.0	0	1	0	0.0
GC_00009278	1	1	1	0	1.0	1.0	1.0	0	1	0	0.0
GC_00009279	1	1	1	0	1.0	1.0	1.0	0	1	0	0.0
GC_00009280	1	1	1	0	1.0	1.0	1.0	0	1	0	0.0
GC_00009281	1	1	1	0	1.0	1.0	1.0	0	1	0	0.0
GC_00009282	1	1	1	0	1.0	1.0	1.0	0	1	0	0.0
GC_00009283	1	1	1	0	1.0	1.0	1.0	0	1	0	0.0
GC_00009284	1	1	1	0	1.0	1.0	1.0	1	0	0	1.0
GC_00009285	1	1	1	0	1.0	1.0	1.0	0	1	0	0.0
GC_00009286	1	1	1	0	1.0	1.0	1.0	0	1	0	0.0
GC_00009287	1	1	1	0	1.0	1.0	1.0	0	1	0	0.0
GC_00009288	1	1	1	0	1.0	1.0	1.0	0	1	0	0.0
GC_00009289	1	1	1	0	1.0	1.0	1.0	0	1	0	0.0
GC_00009290	1	1	1	0	1.0	1.0	1.0	0	1	0	0.0
GC_00009291	1	1	1	0	1.0	1.0	1.0	0	1	0	0.0
GC_00009292	1	1	1	0	1.0	1.0	1.0	0	1	0	0.0
GC_00009293	1	1	1	0	1.0	1.0	1.0	0	1	0	0.0
GC_00009294	1	1	1	0	1.0	1.0	1.0	0	1	0	0.0
GC_00009295	1	1	1	0	1.0	1.0	1.0	0	1	0	0.0
GC_00009296	1	1	1	0	1.0	1.0	1.0	0	1	0	0.0
GC_00009297	1	1	1	0	1.0	1.0	1.0	0	1	0	0.0
GC_00009298	1	1	1	0	1.0	1.0	1.0	0	1	0	0.0
GC_00009299	1	1	1	0	1.0	1.0	1.0	0	1	0	0.0
GC_00009300	1	1	1	0	1.0	1.0	1.0	0	1	0	0.0
GC_00009301	1	1	1	0	1.0	1.0	1.0	0	1	0	0.0
GC_00009302	1	1	1	0	1.0	1.0	1.0	0	1	0	0.0
GC_00009303	1	1	1	0	1.0	1.0	1.0	0	1	0	0.0
GC_00009304	1	1	1	0	1.0	1.0	1.0	0	1	0	0.0
GC_00009305	1	1	1	0	1.0	1.0	1.0	0	1	0	0.0
GC_00009306	1	1	1	0	1.0	1.0	1.0	0	1	0	0.0
GC_00009307	1	1	1	0	1.0	1.0	1.0	0	1	0	0.0
GC_00009308	1	1	1	0	1.0	1.0	1.0	0	1	0	0.0
GC_00009309	1	1	1	0	1.0	1.0	1.0	0	1	0	0.0
GC_00009310	1	1	1	0	1.0	1.0	1.0	0	1	0	0.0
GC_00009311	1	1	1	0	1.0	1.0	1.0	0	1	0	0.0
GC_00009312	1	1	1	0	1.0	1.0	1.0	0	1	0	0.0
GC_00009313	1	1	1	0	1.0	1.0	1.0	0	1	0	0.0
GC_00009314	1	1	1	0	1.0	1.0	1.0	1	0	0	1.0
GC_00009315	1	1	1	0	1.0	1.0	1.0	0	1	0	0.0
GC_00009316	1	1	1	0	1.0	1.0	1.0	0	1	0	0.0
GC_00009317	1	1	1	0	1.0	1.0	1.0	0	1	0	0.0
GC_00009318	1	1	1	0	1.0	1.0	1.0	0	1	0	0.0
GC_00009319	1	1	1	0	1.0	1.0	1.0	0	1	0	0.0
GC_00009320	1	1	1	0	1.0	1.0	1.0	0	1	0	0.0
GC_00009321	1	1	1	0	1.0	1.0	1.0	0	1	0	0.0
GC_00009322	1	1	1	0	1.0	1.0	1.0	0	1	0	0.0
GC_00009323	1	1	1	0	1.0	1.0	1.0	0	1	0	0.0
GC_00009324	1	1	1	0	1.0	1.0	1.0	0	1	0	0.0
GC_00009325	1	1	1	0	1.0	1.0	1.0	0	1	0	0.0
GC_00009326	1	1	1	0	1.0	1.0	1.0	0	1	0	0.0
GC_00009327	1	1	1	0	1.0	1.0	1.0	0	1	0	0.0
GC_00009328	1	1	1	0	1.0	1.0	1.0	0	1	0	0.0
GC_00009329	1	1	1	0	1.0	1.0	1.0	0	1	0	0.0
GC_00009330	1	1	1	0	1.0	1.0	1.0	1	0	0	1.0
GC_00009331	1	1	1	0	1.0	1.0	1.0	0	1	0	0.0
GC_00009332	1	1	1	0	1.0	1.0	1.0	0	1	0	0.0
GC_00009333	1	1	1	0	1.0	1.0	1.0	0	1	0	0.0
GC_00009334	1	1	1	0	1.0	1.0	1.0	0	1	0	0.0
GC_00009335	1	1	1	0	1.0	1.0	1.0	0	1	0	0.0
GC_00009336	1	1	1	0	1.0	1.0	1.0	0	1	0	0.0
GC_00009337	1	1	1	0	1.0	1.0	1.0	0	1	0	0.0
GC_00009338	1	1	1	0	1.0	1.0	1.0	0	1	0	0.0
GC_00009339	1	1	1	0	1.0	1.0	1.0	0	1	0	0.0
GC_00009340	1	1	1	0	1.0	1.0	1.0	0	1	0	0.0
GC_00009341	1	1	1	0	1.0	1.0	1.0	0	1	0	0.0
GC_00009342	1	1	1	0	1.0	1.0	1.0	0	1	0	0.0
GC_00009343	1	1	1	0	1.0	1.0	1.0	0	1	0	0.0
GC_00009344	1	1	1	0	1.0	1.0	1.0	0	1	0	0.0
GC_00009345	1	1	1	0	1.0	1.0	1.0	0	1	0	0.0
GC_00009346	1	1	1	0	1.0	1.0	1.0	1	0	0	1.0
GC_00009347	1	1	1	0	1.0	1.0	1.0	1	0	0	1.0
GC_00009348	1	1	1	0	1.0	1.0	1.0	0	1	0	0.0
GC_00009349	1	1	1	0	1.0	1.0	1.0	0	1	0	0.0
GC_00009350	1	1	1	0	1.0	1.0	1.0	0	1	0	0.0
GC_00009351	1	1	1	0	1.0	1.0	1.0	0	1	0	0.0
GC_00009352	1	1	1	0	1.0	1.0	1.0	0	1	0	0.0
GC_00009353	1	1	1	0	1.0	1.0	1.0	0	1	0	0.0
GC_00009354	1	1	1	0	1.0	1.0	1.0	0	1	0	0.0
GC_00009355	1	1	1	0	1.0	1.0	1.0	0	1	0	0.0
GC_00009356	1	1	1	0	1.0	1.0	1.0	0	1	0	0.0
GC_00009357	1	1	1	0	1.0	1.0	1.0	0	1	0	0.0
GC_00009358	1	1	1	0	1.0	1.0	1.0	0	1	0	0.0
GC_00009359	1	1	1	0	1.0	1.0	1.0	0	1	0	0.0
GC_00009360	1	1	1	0	1.0	1.0	1.0	1	0	0	1.0
GC_00009361	1	1	1	0	1.0	1.0	1.0	0	1	0	0.0
GC_00009362	1	1	1	0	1.0	1.0	1.0	0	1	0	0.0
GC_00009363	1	1	1	0	1.0	1.0	1.0	0	1	0	0.0
GC_00009364	1	1	1	0	1.0	1.0	1.0	0	1	0	0.0
GC_00009365	1	1	1	0	1.0	1.0	1.0	0	1	0	0.0
GC_00009366	1	1	1	0	1.0	1.0	1.0	0	1	0	0.0
GC_00009367	1	1	1	0	1.0	1.0	1.0	0	1	0	0.0
GC_00009368	1	1	1	0	1.0	1.0	1.0	0	1	0	0.0
GC_00009369	1	1	1	0	1.0	1.0	1.0	0	1	0	0.0
GC_00009370	1	1	1	0	1.0	1.0	1.0	0	1	0	0.0
GC_00009371	1	1	1	0	1.0	1.0	1.0	0	1	0	0.0
GC_00009372	1	1	1	0	1.0	1.0	1.0	0	1	0	0.0
GC_00009373	1	1	1	0	1.0	1.0	1.0	1	0	0	1.0
GC_00009374	1	1	1	0	1.0	1.0	1.0	0	1	0	0.0
GC_00009375	1	1	1	0	1.0	1.0	1.0	0	1	0	0.0
GC_00009376	1	1	1	0	1.0	1.0	1.0	0	1	0	0.0
GC_00009377	1	1	1	0	1.0	1.0	1.0	0	1	0	0.0
GC_00009378	1	1	1	0	1.0	1.0	1.0	0	1	0	0.0
GC_00009379	1	1	1	0	1.0	1.0	1.0	0	1	0	0.0
GC_00009380	1	1	1	0	1.0	1.0	1.0	0	1	0	0.0
GC_00009381	1	1	1	0	1.0	1.0	1.0	0	1	0	0.0
GC_00009382	1	1	1	0	1.0	1.0	1.0	0	1	0	0.0
GC_00009383	1	1	1	0	1.0	1.0	1.0	0	1	0	0.0
GC_00009384	1	1	1	0	1.0	1.0	1.0	0	1	0	0.0
GC_00009385	1	1	1	0	1.0	1.0	1.0	0	1	0	0.0
GC_00009386	1	1	1	0	1.0	1.0	1.0	0	1	0	0.0
GC_00009387	1	1	1	0	1.0	1.0	1.0	0	1	0	0.0
GC_00009388	1	1	1	0	1.0	1.0	1.0	0	1	0	0.0
GC_00009389	1	1	1	0	1.0	1.0	1.0	0	1	0	0.0
GC_00009390	1	1	1	0	1.0	1.0	1.0	0	1	0	0.0
GC_00009391	1	1	1	0	1.0	1.0	1.0	0	1	0	0.0
GC_00009392	1	1	1	0	1.0	1.0	1.0	0	1	0	0.0
GC_00009393	1	1	1	0	1.0	1.0	1.0	0	1	0	0.0
GC_00009394	1	1	1	0	1.0	1.0	1.0	0	1	0	0.0
GC_00009395	1	1	1	0	1.0	1.0	1.0	0	1	0	0.0
GC_00009396	1	1	1	0	1.0	1.0	1.0	0	1	0	0.0
GC_00009397	1	1	1	0	1.0	1.0	1.0	0	1	0	0.0
GC_00009398	1	1	1	0	1.0	1.0	1.0	0	1	0	0.0
GC_00009399	1	1	1	0	1.0	1.0	1.0	0	1	0	0.0
GC_00009400	1	1	1	0	1.0	1.0	1.0	0	1	0	0.0
GC_00009401	1	1	1	0	1.0	1.0	1.0	0	1	0	0.0
GC_00009402	1	1	1	0	1.0	1.0	1.0	0	1	0	0.0
GC_00009403	1	1	1	0	1.0	1.0	1.0	0	1	0	0.0
GC_00009404	1	1	1	0	1.0	1.0	1.0	0	1	0	0.0
GC_00009405	1	1	1	0	1.0	1.0	1.0	0	1	0	0.0
GC_00009406	1	1	1	0	1.0	1.0	1.0	0	1	0	0.0
GC_00009407	1	1	1	0	1.0	1.0	1.0	0	1	0	0.0
GC_00009408	1	1	1	0	1.0	1.0	1.0	0	1	0	0.0
GC_00009409	1	1	1	0	1.0	1.0	1.0	0	1	0	0.0
GC_00009410	1	1	1	0	1.0	1.0	1.0	0	1	0	0.0
GC_00009411	1	1	1	0	1.0	1.0	1.0	0	1	0	0.0
GC_00009412	1	1	1	0	1.0	1.0	1.0	0	1	0	0.0
GC_00009413	1	1	1	0	1.0	1.0	1.0	0	1	0	0.0
GC_00009414	1	1	1	0	1.0	1.0	1.0	0	1	0	0.0
GC_00009415	1	1	1	0	1.0	1.0	1.0	0	1	0	0.0
GC_00009416	1	1	1	0	1.0	1.0	1.0	0	1	0	0.0
GC_00009417	1	1	1	0	1.0	1.0	1.0	0	1	0	0.0
GC_00009418	1	1	1	0	1.0	1.0	1.0	1	0	0	1.0
GC_00009419	1	1	1	0	1.0	1.0	1.0	0	1	0	0.0
GC_00009420	1	1	1	0	1.0	1.0	1.0	0	1	0	0.0
GC_00009421	1	1	1	0	1.0	1.0	1.0	0	1	0	0.0
GC_00009422	1	1	1	0	1.0	1.0	1.0	0	1	0	0.0
GC_00009423	1	1	1	0	1.0	1.0	1.0	0	1	0	0.0
GC_00009424	1	1	1	0	1.0	1.0	1.0	0	1	0	0.0
GC_00009425	1	1	1	0	1.0	1.0	1.0	0	1	0	0.0
GC_00009426	1	1	1	0	1.0	1.0	1.0	0	1	0	0.0
GC_00009427	1	1	1	0	1.0	1.0	1.0	0	1	0	0.0
GC_00009428	1	1	1	0	1.0	1.0	1.0	0	1	0	0.0
GC_00009429	1	1	1	0	1.0	1.0	1.0	0	1	0	0.0
GC_00009430	1	1	1	0	1.0	1.0	1.0	0	1	0	0.0
GC_00009431	1	1	1	0	1.0	1.0	1.0	0	1	0	0.0
GC_00009432	1	1	1	0	1.0	1.0	1.0	0	1	0	0.0
GC_00009433	1	1	1	0	1.0	1.0	1.0	0	1	0	0.0
GC_00009434	1	1	1	0	1.0	1.0	1.0	0	1	0	0.0
GC_00009435	1	1	1	0	1.0	1.0	1.0	0	1	0	0.0
GC_00009436	1	1	1	0	1.0	1.0	1.0	0	1	0	0.0
GC_00009437	1	1	1	0	1.0	1.0	1.0	0	1	0	0.0
GC_00009438	1	1	1	0	1.0	1.0	1.0	0	1	0	0.0
GC_00009439	1	1	1	0	1.0	1.0	1.0	0	1	0	0.0
GC_00009440	1	1	1	0	1.0	1.0	1.0	0	1	0	0.0
GC_00009441	1	1	1	0	1.0	1.0	1.0	0	1	0	0.0
GC_00009442	1	1	1	0	1.0	1.0	1.0	0	1	0	0.0
GC_00009443	1	1	1	0	1.0	1.0	1.0	0	1	0	0.0
GC_00009444	1	1	1	0	1.0	1.0	1.0	1	0	0	1.0
GC_00009445	1	1	1	0	1.0	1.0	1.0	0	1	0	0.0
GC_00009446	1	1	1	0	1.0	1.0	1.0	0	1	0	0.0
GC_00009447	1	1	1	0	1.0	1.0	1.0	0	1	0	0.0
GC_00009448	1	1	1	0	1.0	1.0	1.0	0	1	0	0.0
GC_00009449	1	1	1	0	1.0	1.0	1.0	0	1	0	0.0
GC_00009450	1	1	1	0	1.0	1.0	1.0	0	1	0	0.0
GC_00009451	1	1	1	0	1.0	1.0	1.0	0	1	0	0.0
GC_00009452	1	1	1	0	1.0	1.0	1.0	0	1	0	0.0
GC_00009453	1	1	1	0	1.0	1.0	1.0	0	1	0	0.0
GC_00009454	1	1	1	0	1.0	1.0	1.0	0	1	0	0.0
GC_00009455	1	1	1	0	1.0	1.0	1.0	0	1	0	0.0
GC_00009456	1	1	1	0	1.0	1.0	1.0	1	0	0	1.0
GC_00009457	1	1	1	0	1.0	1.0	1.0	0	1	0	0.0
GC_00009458	1	1	1	0	1.0	1.0	1.0	0	1	0	0.0
GC_00009459	1	1	1	0	1.0	1.0	1.0	0	1	0	0.0
GC_00009460	1	1	1	0	1.0	1.0	1.0	0	1	0	0.0
GC_00009461	1	1	1	0	1.0	1.0	1.0	0	1	0	0.0
GC_00009462	1	1	1	0	1.0	1.0	1.0	0	1	0	0.0
GC_00009463	1	1	1	0	1.0	1.0	1.0	0	1	0	0.0
GC_00009464	1	1	1	0	1.0	1.0	1.0	0	1	0	0.0
GC_00009465	1	1	1	0	1.0	1.0	1.0	0	1	0	0.0
GC_00009466	1	1	1	0	1.0	1.0	1.0	0	1	0	0.0
GC_00009467	1	1	1	0	1.0	1.0	1.0	0	1	0	0.0
GC_00009468	1	1	1	0	1.0	1.0	1.0	0	1	0	0.0
GC_00009469	1	1	1	0	1.0	1.0	1.0	0	1	0	0.0
GC_00009470	1	1	1	0	1.0	1.0	1.0	0	1	0	0.0
GC_00009471	1	1	1	0	1.0	1.0	1.0	0	1	0	0.0
GC_00009472	1	1	1	0	1.0	1.0	1.0	0	1	0	0.0
GC_00009473	1	1	1	0	1.0	1.0	1.0	0	1	0	0.0
GC_00009474	1	1	1	0	1.0	1.0	1.0	0	1	0	0.0
GC_00009475	1	1	1	0	1.0	1.0	1.0	0	1	0	0.0
GC_00009476	1	1	1	0	1.0	1.0	1.0	0	1	0	0.0
GC_00009477	1	1	1	0	1.0	1.0	1.0	0	1	0	0.0
GC_00009478	1	1	1	0	1.0	1.0	1.0	0	1	0	0.0
GC_00009479	1	1	1	0	1.0	1.0	1.0	0	1	0	0.0
GC_00009480	1	1	1	0	1.0	1.0	1.0	0	1	0	0.0
GC_00009481	1	1	1	0	1.0	1.0	1.0	0	1	0	0.0
GC_00009482	1	1	1	0	1.0	1.0	1.0	0	1	0	0.0
GC_00009483	1	1	1	0	1.0	1.0	1.0	0	1	0	0.0
GC_00009484	1	1	1	0	1.0	1.0	1.0	0	1	0	0.0
GC_00009485	1	1	1	0	1.0	1.0	1.0	0	1	0	0.0
GC_00009486	1	1	1	0	1.0	1.0	1.0	0	1	0	0.0
GC_00009487	1	1	1	0	1.0	1.0	1.0	0	1	0	0.0
GC_00009488	1	1	1	0	1.0	1.0	1.0	0	1	0	0.0
GC_00009489	1	1	1	0	1.0	1.0	1.0	0	1	0	0.0
GC_00009490	1	1	1	0	1.0	1.0	1.0	0	1	0	0.0
GC_00009491	1	1	1	0	1.0	1.0	1.0	0	1	0	0.0
GC_00009492	1	1	1	0	1.0	1.0	1.0	0	1	0	0.0
GC_00009493	1	1	1	0	1.0	1.0	1.0	0	1	0	0.0
GC_00009494	1	1	1	0	1.0	1.0	1.0	0	1	0	0.0
GC_00009495	1	1	1	0	1.0	1.0	1.0	0	1	0	0.0
GC_00009496	1	1	1	0	1.0	1.0	1.0	0	1	0	0.0
GC_00009497	1	1	1	0	1.0	1.0	1.0	0	1	0	0.0
GC_00009498	1	1	1	0	1.0	1.0	1.0	0	1	0	0.0
GC_00009499	1	1	1	0	1.0	1.0	1.0	0	1	0	0.0
GC_00009500	1	1	1	0	1.0	1.0	1.0	0	1	0	0.0
GC_00009501	1	1	1	0	1.0	1.0	1.0	0	1	0	0.0
GC_00009502	1	1	1	0	1.0	1.0	1.0	0	1	0	0.0
GC_00009503	1	1	1	0	1.0	1.0	1.0	0	1	0	0.0
GC_00009504	1	1	1	0	1.0	1.0	1.0	0	1	0	0.0
GC_00009505	1	1	1	0	1.0	1.0	1.0	0	1	0	0.0
GC_00009506	1	1	1	0	1.0	1.0	1.0	0	1	0	0.0
GC_00009507	1	1	1	0	1.0	1.0	1.0	0	1	0	0.0
GC_00009508	1	1	1	0	1.0	1.0	1.0	0	1	0	0.0
GC_00009509	1	1	1	0	1.0	1.0	1.0	0	1	0	0.0
GC_00009510	1	1	1	0	1.0	1.0	1.0	0	1	0	0.0
GC_00009511	1	1	1	0	1.0	1.0	1.0	0	1	0	0.0
GC_00009512	1	1	1	0	1.0	1.0	1.0	0	1	0	0.0
GC_00009513	1	1	1	0	1.0	1.0	1.0	0	1	0	0.0
GC_00009514	1	1	1	0	1.0	1.0	1.0	0	1	0	0.0
GC_00009515	1	1	1	0	1.0	1.0	1.0	0	1	0	0.0
GC_00009516	1	1	1	0	1.0	1.0	1.0	0	1	0	0.0
GC_00009517	1	1	1	0	1.0	1.0	1.0	0	1	0	0.0
GC_00009518	1	1	1	0	1.0	1.0	1.0	0	1	0	0.0
GC_00009519	1	1	1	0	1.0	1.0	1.0	0	1	0	0.0
GC_00009520	1	1	1	0	1.0	1.0	1.0	0	1	0	0.0
GC_00009521	1	1	1	0	1.0	1.0	1.0	0	1	0	0.0
GC_00009522	1	1	1	0	1.0	1.0	1.0	1	0	0	1.0
GC_00009523	1	1	1	0	1.0	1.0	1.0	0	1	0	0.0
GC_00009524	1	1	1	0	1.0	1.0	1.0	0	1	0	0.0
GC_00009525	1	1	1	0	1.0	1.0	1.0	0	1	0	0.0
GC_00009526	1	1	1	0	1.0	1.0	1.0	0	1	0	0.0
GC_00009527	1	1	1	0	1.0	1.0	1.0	0	1	0	0.0
GC_00009528	1	1	1	0	1.0	1.0	1.0	0	1	0	0.0
GC_00009529	1	1	1	0	1.0	1.0	1.0	0	1	0	0.0
GC_00009530	1	1	1	0	1.0	1.0	1.0	0	1	0	0.0
GC_00009531	1	1	1	0	1.0	1.0	1.0	0	1	0	0.0
GC_00009532	1	1	1	0	1.0	1.0	1.0	0	1	0	0.0
GC_00009533	1	1	1	0	1.0	1.0	1.0	1	0	0	1.0
GC_00009534	1	1	1	0	1.0	1.0	1.0	0	1	0	0.0
GC_00009535	1	1	1	0	1.0	1.0	1.0	0	1	0	0.0
GC_00009536	1	1	1	0	1.0	1.0	1.0	0	1	0	0.0
GC_00009537	1	1	1	0	1.0	1.0	1.0	0	1	0	0.0
GC_00009538	1	1	1	0	1.0	1.0	1.0	0	1	0	0.0
GC_00009539	1	1	1	0	1.0	1.0	1.0	0	1	0	0.0
GC_00009540	1	1	1	0	1.0	1.0	1.0	0	1	0	0.0
GC_00009541	1	1	1	0	1.0	1.0	1.0	0	1	0	0.0
GC_00009542	1	1	1	0	1.0	1.0	1.0	0	1	0	0.0
GC_00009543	1	1	1	0	1.0	1.0	1.0	0	1	0	0.0
GC_00009544	1	1	1	0	1.0	1.0	1.0	0	1	0	0.0
GC_00009545	1	1	1	0	1.0	1.0	1.0	0	1	0	0.0
GC_00009546	1	1	1	0	1.0	1.0	1.0	0	1	0	0.0
GC_00009547	1	1	1	0	1.0	1.0	1.0	0	1	0	0.0
GC_00009548	1	1	1	0	1.0	1.0	1.0	0	1	0	0.0
GC_00009549	1	1	1	0	1.0	1.0	1.0	0	1	0	0.0
GC_00009550	1	1	1	0	1.0	1.0	1.0	0	1	0	0.0
GC_00009551	1	1	1	0	1.0	1.0	1.0	0	1	0	0.0
GC_00009552	1	1	1	0	1.0	1.0	1.0	0	1	0	0.0
GC_00009553	1	1	1	0	1.0	1.0	1.0	0	1	0	0.0
GC_00009554	1	1	1	0	1.0	1.0	1.0	0	1	0	0.0
GC_00009555	1	1	1	0	1.0	1.0	1.0	0	1	0	0.0
GC_00009556	1	1	1	0	1.0	1.0	1.0	0	1	0	0.0
GC_00009557	1	1	1	0	1.0	1.0	1.0	0	1	0	0.0
GC_00009558	1	1	1	0	1.0	1.0	1.0	0	1	0	0.0
GC_00009559	1	1	1	0	1.0	1.0	1.0	0	1	0	0.0
GC_00009560	1	1	1	0	1.0	1.0	1.0	0	1	0	0.0
GC_00009561	1	1	1	0	1.0	1.0	1.0	0	1	0	0.0
GC_00009562	1	1	1	0	1.0	1.0	1.0	0	1	0	0.0
GC_00009563	1	1	1	0	1.0	1.0	1.0	0	1	0	0.0
GC_00009564	1	1	1	0	1.0	1.0	1.0	0	1	0	0.0
GC_00009565	1	1	1	0	1.0	1.0	1.0	0	1	0	0.0
GC_00009566	1	1	1	0	1.0	1.0	1.0	0	1	0	0.0
GC_00009567	1	1	1	0	1.0	1.0	1.0	0	1	0	0.0
GC_00009568	1	1	1	0	1.0	1.0	1.0	0	1	0	0.0
GC_00009569	1	1	1	0	1.0	1.0	1.0	0	1	0	0.0
GC_00009570	1	1	1	0	1.0	1.0	1.0	0	1	0	0.0
GC_00009571	1	1	1	0	1.0	1.0	1.0	0	1	0	0.0
GC_00009572	1	1	1	0	1.0	1.0	1.0	0	1	0	0.0
GC_00009573	1	1	1	0	1.0	1.0	1.0	0	1	0	0.0
GC_00009574	1	1	1	0	1.0	1.0	1.0	0	1	0	0.0
GC_00009575	1	1	1	0	1.0	1.0	1.0	0	1	0	0.0
GC_00009576	1	1	1	0	1.0	1.0	1.0	0	1	0	0.0
GC_00009577	1	1	1	0	1.0	1.0	1.0	0	1	0	0.0
GC_00009578	1	1	1	0	1.0	1.0	1.0	0	1	0	0.0
GC_00009579	1	1	1	0	1.0	1.0	1.0	0	1	0	0.0
GC_00009580	1	1	1	0	1.0	1.0	1.0	0	1	0	0.0
GC_00009581	1	1	1	0	1.0	1.0	1.0	0	1	0	0.0
GC_00009582	1	1	1	0	1.0	1.0	1.0	0	1	0	0.0
GC_00009583	1	1	1	0	1.0	1.0	1.0	0	1	0	0.0
GC_00009584	1	1	1	0	1.0	1.0	1.0	0	1	0	0.0
GC_00009585	1	1	1	0	1.0	1.0	1.0	0	1	0	0.0
GC_00009586	1	1	1	0	1.0	1.0	1.0	0	1	0	0.0
GC_00009587	1	1	1	0	1.0	1.0	1.0	0	1	0	0.0
GC_00009588	1	1	1	0	1.0	1.0	1.0	0	1	0	0.0
GC_00009589	1	1	1	0	1.0	1.0	1.0	0	1	0	0.0
GC_00009590	1	1	1	0	1.0	1.0	1.0	1	0	0	1.0
GC_00009591	1	1	1	0	1.0	1.0	1.0	0	1	0	0.0
GC_00009592	1	1	1	0	1.0	1.0	1.0	0	1	0	0.0
GC_00009593	1	1	1	0	1.0	1.0	1.0	0	1	0	0.0
GC_00009594	1	1	1	0	1.0	1.0	1.0	0	1	0	0.0
GC_00009595	1	1	1	0	1.0	1.0	1.0	0	1	0	0.0
GC_00009596	1	1	1	0	1.0	1.0	1.0	0	1	0	0.0
GC_00009597	1	1	1	0	1.0	1.0	1.0	0	1	0	0.0
GC_00009598	1	1	1	0	1.0	1.0	1.0	0	1	0	0.0
GC_00009599	1	1	1	0	1.0	1.0	1.0	0	1	0	0.0
GC_00009600	1	1	1	0	1.0	1.0	1.0	1	0	0	1.0
GC_00009601	1	1	1	0	1.0	1.0	1.0	0	1	0	0.0
GC_00009602	1	1	1	0	1.0	1.0	1.0	0	1	0	0.0
GC_00009603	1	1	1	0	1.0	1.0	1.0	0	1	0	0.0
GC_00009604	1	1	1	0	1.0	1.0	1.0	0	1	0	0.0
GC_00009605	1	1	1	0	1.0	1.0	1.0	0	1	0	0.0
GC_00009606	1	1	1	0	1.0	1.0	1.0	1	0	0	1.0
GC_00009607	1	1	1	0	1.0	1.0	1.0	0	1	0	0.0
GC_00009608	1	1	1	0	1.0	1.0	1.0	0	1	0	0.0
GC_00009609	1	1	1	0	1.0	1.0	1.0	0	1	0	0.0
GC_00009610	1	1	1	0	1.0	1.0	1.0	0	1	0	0.0
GC_00009611	1	1	1	0	1.0	1.0	1.0	0	1	0	0.0
GC_00009612	1	1	1	0	1.0	1.0	1.0	0	1	0	0.0
GC_00009613	1	1	1	0	1.0	1.0	1.0	0	1	0	0.0
GC_00009614	1	1	1	0	1.0	1.0	1.0	0	1	0	0.0
GC_00009615	1	1	1	0	1.0	1.0	1.0	0	1	0	0.0
GC_00009616	1	1	1	0	1.0	1.0	1.0	1	0	0	1.0
GC_00009617	1	1	1	0	1.0	1.0	1.0	0	1	0	0.0
GC_00009618	1	1	1	0	1.0	1.0	1.0	0	1	0	0.0
GC_00009619	1	1	1	0	1.0	1.0	1.0	1	0	0	1.0
GC_00009620	1	1	1	0	1.0	1.0	1.0	0	1	0	0.0
GC_00009621	1	1	1	0	1.0	1.0	1.0	0	1	0	0.0
GC_00009622	1	1	1	0	1.0	1.0	1.0	0	1	0	0.0
GC_00009623	1	1	1	0	1.0	1.0	1.0	0	1	0	0.0
GC_00009624	1	1	1	0	1.0	1.0	1.0	0	1	0	0.0
GC_00009625	1	1	1	0	1.0	1.0	1.0	0	1	0	0.0
GC_00009626	1	1	1	0	1.0	1.0	1.0	0	1	0	0.0
GC_00009627	1	1	1	0	1.0	1.0	1.0	0	1	0	0.0
GC_00009628	1	1	1	0	1.0	1.0	1.0	0	1	0	0.0
GC_00009629	1	1	1	0	1.0	1.0	1.0	0	1	0	0.0
GC_00009630	1	1	1	0	1.0	1.0	1.0	0	1	0	0.0
GC_00009631	1	1	1	0	1.0	1.0	1.0	0	1	0	0.0
GC_00009632	1	1	1	0	1.0	1.0	1.0	0	1	0	0.0
GC_00009633	1	1	1	0	1.0	1.0	1.0	0	1	0	0.0
GC_00009634	1	1	1	0	1.0	1.0	1.0	0	1	0	0.0
GC_00009635	1	1	1	0	1.0	1.0	1.0	0	1	0	0.0
GC_00009636	1	1	1	0	1.0	1.0	1.0	0	1	0	0.0
GC_00009637	1	1	1	0	1.0	1.0	1.0	0	1	0	0.0
GC_00009638	1	1	1	0	1.0	1.0	1.0	0	1	0	0.0
GC_00009639	1	1	1	0	1.0	1.0	1.0	0	1	0	0.0
GC_00009640	1	1	1	0	1.0	1.0	1.0	0	1	0	0.0
GC_00009641	1	1	1	0	1.0	1.0	1.0	0	1	0	0.0
GC_00009642	1	1	1	0	1.0	1.0	1.0	0	1	0	0.0
GC_00009643	1	1	1	0	1.0	1.0	1.0	0	1	0	0.0
GC_00009644	1	1	1	0	1.0	1.0	1.0	0	1	0	0.0
GC_00009645	1	1	1	0	1.0	1.0	1.0	0	1	0	0.0
GC_00009646	1	1	1	0	1.0	1.0	1.0	0	1	0	0.0
GC_00009647	1	1	1	0	1.0	1.0	1.0	0	1	0	0.0
GC_00009648	1	1	1	0	1.0	1.0	1.0	0	1	0	0.0
GC_00009649	1	1	1	0	1.0	1.0	1.0	0	1	0	0.0
GC_00009650	1	1	1	0	1.0	1.0	1.0	0	1	0	0.0
GC_00009651	1	1	1	0	1.0	1.0	1.0	0	1	0	0.0
GC_00009652	1	1	1	0	1.0	1.0	1.0	0	1	0	0.0
GC_00009653	1	1	1	0	1.0	1.0	1.0	0	1	0	0.0
GC_00009654	1	1	1	0	1.0	1.0	1.0	0	1	0	0.0
GC_00009655	1	1	1	0	1.0	1.0	1.0	1	0	0	1.0
GC_00009656	1	1	1	0	1.0	1.0	1.0	0	1	0	0.0
GC_00009657	1	1	1	0	1.0	1.0	1.0	0	1	0	0.0
GC_00009658	1	1	1	0	1.0	1.0	1.0	0	1	0	0.0
GC_00009659	1	1	1	0	1.0	1.0	1.0	0	1	0	0.0
GC_00009660	1	1	1	0	1.0	1.0	1.0	0	1	0	0.0
GC_00009661	1	1	1	0	1.0	1.0	1.0	0	1	0	0.0
GC_00009662	1	1	1	0	1.0	1.0	1.0	0	1	0	0.0
GC_00009663	1	1	1	0	1.0	1.0	1.0	0	1	0	0.0
GC_00009664	1	1	1	0	1.0	1.0	1.0	0	1	0	0.0
GC_00009665	1	1	1	0	1.0	1.0	1.0	0	1	0	0.0
GC_00009666	1	1	1	0	1.0	1.0	1.0	0	1	0	0.0
GC_00009667	1	1	1	0	1.0	1.0	1.0	0	1	0	0.0
GC_00009668	1	1	1	0	1.0	1.0	1.0	0	1	0	0.0
GC_00009669	1	1	1	0	1.0	1.0	1.0	0	1	0	0.0
GC_00009670	1	1	1	0	1.0	1.0	1.0	0	1	0	0.0
GC_00009671	1	1	1	0	1.0	1.0	1.0	0	1	0	0.0
GC_00009672	1	1	1	0	1.0	1.0	1.0	0	1	0	0.0
GC_00009673	1	1	1	0	1.0	1.0	1.0	0	1	0	0.0
GC_00009674	1	1	1	0	1.0	1.0	1.0	0	1	0	0.0
GC_00009675	1	1	1	0	1.0	1.0	1.0	0	1	0	0.0
GC_00009676	1	1	1	0	1.0	1.0	1.0	0	1	0	0.0
GC_00009677	1	1	1	0	1.0	1.0	1.0	0	1	0	0.0
GC_00009678	1	1	1	0	1.0	1.0	1.0	0	1	0	0.0
GC_00009679	1	1	1	0	1.0	1.0	1.0	0	1	0	0.0
GC_00009680	1	1	1	0	1.0	1.0	1.0	0	1	0	0.0
GC_00009681	1	1	1	0	1.0	1.0	1.0	0	1	0	0.0
GC_00009682	1	1	1	0	1.0	1.0	1.0	0	1	0	0.0
GC_00009683	1	1	1	0	1.0	1.0	1.0	0	1	0	0.0
GC_00009684	1	1	1	0	1.0	1.0	1.0	0	1	0	0.0
GC_00009685	1	1	1	0	1.0	1.0	1.0	0	1	0	0.0
GC_00009686	1	1	1	0	1.0	1.0	1.0	0	1	0	0.0
GC_00009687	1	1	1	0	1.0	1.0	1.0	0	1	0	0.0
GC_00009688	1	1	1	0	1.0	1.0	1.0	0	1	0	0.0
GC_00009689	1	1	1	0	1.0	1.0	1.0	0	1	0	0.0
GC_00009690	1	1	1	0	1.0	1.0	1.0	0	1	0	0.0
GC_00009691	1	1	1	0	1.0	1.0	1.0	0	1	0	0.0
GC_00009692	1	1	1	0	1.0	1.0	1.0	0	1	0	0.0
GC_00009693	1	1	1	0	1.0	1.0	1.0	0	1	0	0.0
GC_00009694	1	1	1	0	1.0	1.0	1.0	0	1	0	0.0
GC_00009695	1	1	1	0	1.0	1.0	1.0	0	1	0	0.0
GC_00009696	1	1	1	0	1.0	1.0	1.0	0	1	0	0.0
GC_00009697	1	1	1	0	1.0	1.0	1.0	0	1	0	0.0
GC_00009698	1	1	1	0	1.0	1.0	1.0	0	1	0	0.0
GC_00009699	1	1	1	0	1.0	1.0	1.0	0	1	0	0.0
GC_00009700	1	1	1	0	1.0	1.0	1.0	0	1	0	0.0
GC_00009701	1	1	1	0	1.0	1.0	1.0	0	1	0	0.0
GC_00009702	1	1	1	0	1.0	1.0	1.0	0	1	0	0.0
GC_00009703	1	1	1	0	1.0	1.0	1.0	0	1	0	0.0
GC_00009704	1	1	1	0	1.0	1.0	1.0	0	1	0	0.0
GC_00009705	1	1	1	0	1.0	1.0	1.0	0	1	0	0.0
GC_00009706	1	1	1	0	1.0	1.0	1.0	0	1	0	0.0
GC_00009707	1	1	1	0	1.0	1.0	1.0	0	1	0	0.0
GC_00009708	1	1	1	0	1.0	1.0	1.0	0	1	0	0.0
GC_00009709	1	1	1	0	1.0	1.0	1.0	0	1	0	0.0
GC_00009710	1	1	1	0	1.0	1.0	1.0	0	1	0	0.0
GC_00009711	1	1	1	0	1.0	1.0	1.0	0	1	0	0.0
GC_00009712	1	1	1	0	1.0	1.0	1.0	0	1	0	0.0
GC_00009713	1	1	1	0	1.0	1.0	1.0	0	1	0	0.0
GC_00009714	1	1	1	0	1.0	1.0	1.0	0	1	0	0.0
GC_00009715	1	1	1	0	1.0	1.0	1.0	0	1	0	0.0
GC_00009716	1	1	1	0	1.0	1.0	1.0	0	1	0	0.0
GC_00009717	1	1	1	0	1.0	1.0	1.0	0	1	0	0.0
GC_00009718	1	1	1	0	1.0	1.0	1.0	0	1	0	0.0
GC_00009719	1	1	1	0	1.0	1.0	1.0	0	1	0	0.0
GC_00009720	1	1	1	0	1.0	1.0	1.0	0	1	0	0.0
GC_00009721	1	1	1	0	1.0	1.0	1.0	0	1	0	0.0
GC_00009722	1	1	1	0	1.0	1.0	1.0	0	1	0	0.0
GC_00009723	1	1	1	0	1.0	1.0	1.0	0	1	0	0.0
GC_00009724	1	1	1	0	1.0	1.0	1.0	0	1	0	0.0
GC_00009725	1	1	1	0	1.0	1.0	1.0	0	1	0	0.0
GC_00009726	1	1	1	0	1.0	1.0	1.0	0	1	0	0.0
GC_00009727	1	1	1	0	1.0	1.0	1.0	0	1	0	0.0
GC_00009728	1	1	1	0	1.0	1.0	1.0	0	1	0	0.0
GC_00009729	1	1	1	0	1.0	1.0	1.0	0	1	0	0.0
GC_00009730	1	1	1	0	1.0	1.0	1.0	0	1	0	0.0
GC_00009731	1	1	1	0	1.0	1.0	1.0	0	1	0	0.0
GC_00009732	1	1	1	0	1.0	1.0	1.0	0	1	0	0.0
GC_00009733	1	1	1	0	1.0	1.0	1.0	0	1	0	0.0
GC_00009734	1	1	1	0	1.0	1.0	1.0	0	1	0	0.0
GC_00009735	1	1	1	0	1.0	1.0	1.0	0	1	0	0.0
GC_00009736	1	1	1	0	1.0	1.0	1.0	0	1	0	0.0
GC_00009737	1	1	1	0	1.0	1.0	1.0	0	1	0	0.0
GC_00009738	1	1	1	0	1.0	1.0	1.0	0	1	0	0.0
GC_00009739	1	1	1	0	1.0	1.0	1.0	0	1	0	0.0
GC_00009740	1	1	1	0	1.0	1.0	1.0	0	1	0	0.0
GC_00009741	1	1	1	0	1.0	1.0	1.0	0	1	0	0.0
GC_00009742	1	1	1	0	1.0	1.0	1.0	0	1	0	0.0
GC_00009743	1	1	1	0	1.0	1.0	1.0	0	1	0	0.0
GC_00009744	1	1	1	0	1.0	1.0	1.0	0	1	0	0.0
GC_00009745	1	1	1	0	1.0	1.0	1.0	0	1	0	0.0
GC_00009746	1	1	1	0	1.0	1.0	1.0	0	1	0	0.0
GC_00009747	1	1	1	0	1.0	1.0	1.0	0	1	0	0.0
GC_00009748	1	1	1	0	1.0	1.0	1.0	0	1	0	0.0
GC_00009749	1	1	1	0	1.0	1.0	1.0	0	1	0	0.0
GC_00009750	1	1	1	0	1.0	1.0	1.0	0	1	0	0.0
GC_00009751	1	1	1	0	1.0	1.0	1.0	0	1	0	0.0
GC_00009752	1	1	1	0	1.0	1.0	1.0	0	1	0	0.0
GC_00009753	1	1	1	0	1.0	1.0	1.0	0	1	0	0.0
GC_00009754	1	1	1	0	1.0	1.0	1.0	0	1	0	0.0
GC_00009755	1	1	1	0	1.0	1.0	1.0	0	1	0	0.0
GC_00009756	1	1	1	0	1.0	1.0	1.0	0	1	0	0.0
GC_00009757	1	1	1	0	1.0	1.0	1.0	0	1	0	0.0
GC_00009758	1	1	1	0	1.0	1.0	1.0	0	1	0	0.0
GC_00009759	1	1	1	0	1.0	1.0	1.0	0	1	0	0.0
GC_00009760	1	1	1	0	1.0	1.0	1.0	0	1	0	0.0
GC_00009761	1	1	1	0	1.0	1.0	1.0	0	1	0	0.0
GC_00009762	1	1	1	0	1.0	1.0	1.0	0	1	0	0.0
GC_00009763	1	1	1	0	1.0	1.0	1.0	0	1	0	0.0
GC_00009764	1	1	1	0	1.0	1.0	1.0	0	1	0	0.0
GC_00009765	1	1	1	0	1.0	1.0	1.0	0	1	0	0.0
GC_00009766	1	1	1	0	1.0	1.0	1.0	0	1	0	0.0
GC_00009767	1	1	1	0	1.0	1.0	1.0	0	1	0	0.0
GC_00009768	1	1	1	0	1.0	1.0	1.0	0	1	0	0.0
GC_00009769	1	1	1	0	1.0	1.0	1.0	0	1	0	0.0
GC_00009770	1	1	1	0	1.0	1.0	1.0	0	1	0	0.0
GC_00009771	1	1	1	0	1.0	1.0	1.0	0	1	0	0.0
GC_00009772	1	1	1	0	1.0	1.0	1.0	0	1	0	0.0
GC_00009773	1	1	1	0	1.0	1.0	1.0	0	1	0	0.0
GC_00009774	1	1	1	0	1.0	1.0	1.0	0	1	0	0.0
GC_00009775	1	1	1	0	1.0	1.0	1.0	0	1	0	0.0
GC_00009776	1	1	1	0	1.0	1.0	1.0	0	1	0	0.0
GC_00009777	1	1	1	0	1.0	1.0	1.0	0	1	0	0.0
GC_00009778	1	1	1	0	1.0	1.0	1.0	0	1	0	0.0
GC_00009779	1	1	1	0	1.0	1.0	1.0	0	1	0	0.0
GC_00009780	1	1	1	0	1.0	1.0	1.0	0	1	0	0.0
GC_00009781	1	1	1	0	1.0	1.0	1.0	0	1	0	0.0
GC_00009782	1	1	1	0	1.0	1.0	1.0	0	1	0	0.0
GC_00009783	1	1	1	0	1.0	1.0	1.0	0	1	0	0.0
GC_00009784	1	1	1	0	1.0	1.0	1.0	1	0	0	1.0
GC_00009785	1	1	1	0	1.0	1.0	1.0	0	1	0	0.0
GC_00009786	1	1	1	0	1.0	1.0	1.0	0	1	0	0.0
GC_00009787	1	1	1	0	1.0	1.0	1.0	0	1	0	0.0
GC_00009788	1	1	1	0	1.0	1.0	1.0	0	1	0	0.0
GC_00009789	1	1	1	0	1.0	1.0	1.0	0	1	0	0.0
GC_00009790	1	1	1	0	1.0	1.0	1.0	0	1	0	0.0
GC_00009791	1	1	1	0	1.0	1.0	1.0	0	1	0	0.0
GC_00009792	1	1	1	0	1.0	1.0	1.0	0	1	0	0.0
GC_00009793	1	1	1	0	1.0	1.0	1.0	0	1	0	0.0
GC_00009794	1	1	1	0	1.0	1.0	1.0	0	1	0	0.0
GC_00009795	1	1	1	0	1.0	1.0	1.0	0	1	0	0.0
GC_00009796	1	1	1	0	1.0	1.0	1.0	0	1	0	0.0
GC_00009797	1	1	1	0	1.0	1.0	1.0	0	1	0	0.0
GC_00009798	1	1	1	0	1.0	1.0	1.0	0	1	0	0.0
GC_00009799	1	1	1	0	1.0	1.0	1.0	0	1	0	0.0
GC_00009800	1	1	1	0	1.0	1.0	1.0	0	1	0	0.0
GC_00009801	1	1	1	0	1.0	1.0	1.0	0	1	0	0.0
GC_00009802	1	1	1	0	1.0	1.0	1.0	0	1	0	0.0
GC_00009803	1	1	1	0	1.0	1.0	1.0	0	1	0	0.0
GC_00009804	1	1	1	0	1.0	1.0	1.0	0	1	0	0.0
GC_00009805	1	1	1	0	1.0	1.0	1.0	0	1	0	0.0
GC_00009806	1	1	1	0	1.0	1.0	1.0	0	1	0	0.0
GC_00009807	1	1	1	0	1.0	1.0	1.0	0	1	0	0.0
GC_00009808	1	1	1	0	1.0	1.0	1.0	0	1	0	0.0
GC_00009809	1	1	1	0	1.0	1.0	1.0	0	1	0	0.0
GC_00009810	1	1	1	0	1.0	1.0	1.0	0	1	0	0.0
GC_00009811	1	1	1	0	1.0	1.0	1.0	0	1	0	0.0
GC_00009812	1	1	1	0	1.0	1.0	1.0	0	1	0	0.0
GC_00009813	1	1	1	0	1.0	1.0	1.0	0	1	0	0.0
GC_00009814	1	1	1	0	1.0	1.0	1.0	0	1	0	0.0
GC_00009815	1	1	1	0	1.0	1.0	1.0	0	1	0	0.0
GC_00009816	1	1	1	0	1.0	1.0	1.0	0	1	0	0.0
GC_00009817	1	1	1	0	1.0	1.0	1.0	0	1	0	0.0
GC_00009818	1	1	1	0	1.0	1.0	1.0	0	1	0	0.0
GC_00009819	1	1	1	0	1.0	1.0	1.0	0	1	0	0.0
GC_00009820	1	1	1	0	1.0	1.0	1.0	0	1	0	0.0
GC_00009821	1	1	1	0	1.0	1.0	1.0	0	1	0	0.0
GC_00009822	1	1	1	0	1.0	1.0	1.0	0	1	0	0.0
GC_00009823	1	1	1	0	1.0	1.0	1.0	0	1	0	0.0
GC_00009824	1	1	1	0	1.0	1.0	1.0	0	1	0	0.0
GC_00009825	1	1	1	0	1.0	1.0	1.0	0	1	0	0.0
GC_00009826	1	1	1	0	1.0	1.0	1.0	0	1	0	0.0
GC_00009827	1	1	1	0	1.0	1.0	1.0	0	1	0	0.0
GC_00009828	1	1	1	0	1.0	1.0	1.0	0	1	0	0.0
GC_00009829	1	1	1	0	1.0	1.0	1.0	0	1	0	0.0
GC_00009830	1	1	1	0	1.0	1.0	1.0	0	1	0	0.0
GC_00009831	1	1	1	0	1.0	1.0	1.0	0	1	0	0.0
GC_00009832	1	1	1	0	1.0	1.0	1.0	0	1	0	0.0
GC_00009833	1	1	1	0	1.0	1.0	1.0	0	1	0	0.0
GC_00009834	1	1	1	0	1.0	1.0	1.0	1	0	0	1.0
GC_00009835	1	1	1	0	1.0	1.0	1.0	0	1	0	0.0
GC_00009836	1	1	1	0	1.0	1.0	1.0	0	1	0	0.0
GC_00009837	1	1	1	0	1.0	1.0	1.0	0	1	0	0.0
GC_00009838	1	1	1	0	1.0	1.0	1.0	0	1	0	0.0
GC_00009839	1	1	1	0	1.0	1.0	1.0	0	1	0	0.0
GC_00009840	1	1	1	0	1.0	1.0	1.0	0	1	0	0.0
GC_00009841	1	1	1	0	1.0	1.0	1.0	1	0	0	1.0
GC_00009842	1	1	1	0	1.0	1.0	1.0	0	1	0	0.0
GC_00009843	1	1	1	0	1.0	1.0	1.0	0	1	0	0.0
GC_00009844	1	1	1	0	1.0	1.0	1.0	0	1	0	0.0
GC_00009845	1	1	1	0	1.0	1.0	1.0	0	1	0	0.0
GC_00009846	1	1	1	0	1.0	1.0	1.0	0	1	0	0.0
GC_00009847	1	1	1	0	1.0	1.0	1.0	0	1	0	0.0
GC_00009848	1	1	1	0	1.0	1.0	1.0	0	1	0	0.0
GC_00009849	1	1	1	0	1.0	1.0	1.0	0	1	0	0.0
GC_00009850	1	1	1	0	1.0	1.0	1.0	0	1	0	0.0
GC_00009851	1	1	1	0	1.0	1.0	1.0	0	1	0	0.0
GC_00009852	1	1	1	0	1.0	1.0	1.0	0	1	0	0.0
GC_00009853	1	1	1	0	1.0	1.0	1.0	0	1	0	0.0
GC_00009854	1	1	1	0	1.0	1.0	1.0	0	1	0	0.0
GC_00009855	1	1	1	0	1.0	1.0	1.0	0	1	0	0.0
GC_00009856	1	1	1	0	1.0	1.0	1.0	0	1	0	0.0
GC_00009857	1	1	1	0	1.0	1.0	1.0	0	1	0	0.0
GC_00009858	1	1	1	0	1.0	1.0	1.0	0	1	0	0.0
GC_00009859	1	1	1	0	1.0	1.0	1.0	0	1	0	0.0
GC_00009860	1	1	1	0	1.0	1.0	1.0	0	1	0	0.0
GC_00009861	1	1	1	0	1.0	1.0	1.0	0	1	0	0.0
GC_00009862	1	1	1	0	1.0	1.0	1.0	0	1	0	0.0
GC_00009863	1	1	1	0	1.0	1.0	1.0	0	1	0	0.0
GC_00009864	1	1	1	0	1.0	1.0	1.0	0	1	0	0.0
GC_00009865	1	1	1	0	1.0	1.0	1.0	0	1	0	0.0
GC_00009866	1	1	1	0	1.0	1.0	1.0	0	1	0	0.0
GC_00009867	1	1	1	0	1.0	1.0	1.0	0	1	0	0.0
GC_00009868	1	1	1	0	1.0	1.0	1.0	0	1	0	0.0
GC_00009869	1	1	1	0	1.0	1.0	1.0	0	1	0	0.0
GC_00009870	1	1	1	0	1.0	1.0	1.0	0	1	0	0.0
GC_00009871	1	1	1	0	1.0	1.0	1.0	0	1	0	0.0
GC_00009872	1	1	1	0	1.0	1.0	1.0	0	1	0	0.0
GC_00009873	1	1	1	0	1.0	1.0	1.0	0	1	0	0.0
GC_00009874	1	1	1	0	1.0	1.0	1.0	0	1	0	0.0
GC_00009875	1	1	1	0	1.0	1.0	1.0	0	1	0	0.0
GC_00009876	1	1	1	0	1.0	1.0	1.0	0	1	0	0.0
GC_00009877	1	1	1	0	1.0	1.0	1.0	0	1	0	0.0
GC_00009878	1	1	1	0	1.0	1.0	1.0	0	1	0	0.0
GC_00009879	1	1	1	0	1.0	1.0	1.0	0	1	0	0.0
GC_00009880	1	1	1	0	1.0	1.0	1.0	0	1	0	0.0
GC_00009881	1	1	1	0	1.0	1.0	1.0	0	1	0	0.0
GC_00009882	1	1	1	0	1.0	1.0	1.0	0	1	0	0.0
GC_00009883	1	1	1	0	1.0	1.0	1.0	0	1	0	0.0
GC_00009884	1	1	1	0	1.0	1.0	1.0	0	1	0	0.0
GC_00009885	1	1	1	0	1.0	1.0	1.0	0	1	0	0.0
GC_00009886	1	1	1	0	1.0	1.0	1.0	0	1	0	0.0
GC_00009887	1	1	1	0	1.0	1.0	1.0	0	1	0	0.0
GC_00009888	1	1	1	0	1.0	1.0	1.0	0	1	0	0.0
GC_00009889	1	1	1	0	1.0	1.0	1.0	0	1	0	0.0
GC_00009890	1	1	1	0	1.0	1.0	1.0	0	1	0	0.0
GC_00009891	1	1	1	0	1.0	1.0	1.0	0	1	0	0.0
GC_00009892	1	1	1	0	1.0	1.0	1.0	0	1	0	0.0
GC_00009893	1	1	1	0	1.0	1.0	1.0	0	1	0	0.0
GC_00009894	1	1	1	0	1.0	1.0	1.0	0	1	0	0.0
GC_00009895	1	1	1	0	1.0	1.0	1.0	0	1	0	0.0
GC_00009896	1	1	1	0	1.0	1.0	1.0	0	1	0	0.0
GC_00009897	1	1	1	0	1.0	1.0	1.0	0	1	0	0.0
GC_00009898	1	1	1	0	1.0	1.0	1.0	0	1	0	0.0
GC_00009899	1	1	1	0	1.0	1.0	1.0	0	1	0	0.0
GC_00009900	1	1	1	0	1.0	1.0	1.0	0	1	0	0.0
GC_00009901	1	1	1	0	1.0	1.0	1.0	0	1	0	0.0
GC_00009902	1	1	1	0	1.0	1.0	1.0	0	1	0	0.0
GC_00009903	1	1	1	0	1.0	1.0	1.0	0	1	0	0.0
GC_00009904	1	1	1	0	1.0	1.0	1.0	0	1	0	0.0
GC_00009905	1	1	1	0	1.0	1.0	1.0	0	1	0	0.0
GC_00009906	1	1	1	0	1.0	1.0	1.0	0	1	0	0.0
GC_00009907	1	1	1	0	1.0	1.0	1.0	0	1	0	0.0
GC_00009908	1	1	1	0	1.0	1.0	1.0	0	1	0	0.0
GC_00009909	1	1	1	0	1.0	1.0	1.0	0	1	0	0.0
GC_00009910	1	1	1	0	1.0	1.0	1.0	0	1	0	0.0
GC_00009911	1	1	1	0	1.0	1.0	1.0	0	1	0	0.0
GC_00009912	1	1	1	0	1.0	1.0	1.0	0	1	0	0.0
GC_00009913	1	1	1	0	1.0	1.0	1.0	0	1	0	0.0
GC_00009914	1	1	1	0	1.0	1.0	1.0	0	1	0	0.0
GC_00009915	1	1	1	0	1.0	1.0	1.0	0	1	0	0.0
GC_00009916	1	1	1	0	1.0	1.0	1.0	0	1	0	0.0
GC_00009917	1	1	1	0	1.0	1.0	1.0	0	1	0	0.0
GC_00009918	1	1	1	0	1.0	1.0	1.0	0	1	0	0.0
GC_00009919	1	1	1	0	1.0	1.0	1.0	0	1	0	0.0
GC_00009920	1	1	1	0	1.0	1.0	1.0	0	1	0	0.0
GC_00009921	1	1	1	0	1.0	1.0	1.0	0	1	0	0.0
GC_00009922	1	1	1	0	1.0	1.0	1.0	0	1	0	0.0
GC_00009923	1	1	1	0	1.0	1.0	1.0	0	1	0	0.0
GC_00009924	1	1	1	0	1.0	1.0	1.0	0	1	0	0.0
GC_00009925	1	1	1	0	1.0	1.0	1.0	0	1	0	0.0
GC_00009926	1	1	1	0	1.0	1.0	1.0	0	1	0	0.0
GC_00009927	1	1	1	0	1.0	1.0	1.0	0	1	0	0.0
GC_00009928	1	1	1	0	1.0	1.0	1.0	0	1	0	0.0
GC_00009929	1	1	1	0	1.0	1.0	1.0	0	1	0	0.0
GC_00009930	1	1	1	0	1.0	1.0	1.0	0	1	0	0.0
GC_00009931	1	1	1	0	1.0	1.0	1.0	0	1	0	0.0
GC_00009932	1	1	1	0	1.0	1.0	1.0	0	1	0	0.0
GC_00009933	1	1	1	0	1.0	1.0	1.0	0	1	0	0.0
GC_00009934	1	1	1	0	1.0	1.0	1.0	0	1	0	0.0
GC_00009935	1	1	1	0	1.0	1.0	1.0	1	0	0	1.0
GC_00009936	1	1	1	0	1.0	1.0	1.0	0	1	0	0.0
GC_00009937	1	1	1	0	1.0	1.0	1.0	0	1	0	0.0
GC_00009938	1	1	1	0	1.0	1.0	1.0	0	1	0	0.0
GC_00009939	1	1	1	0	1.0	1.0	1.0	0	1	0	0.0
GC_00009940	1	1	1	0	1.0	1.0	1.0	0	1	0	0.0
GC_00009941	1	1	1	0	1.0	1.0	1.0	0	1	0	0.0
GC_00009942	1	1	1	0	1.0	1.0	1.0	0	1	0	0.0
GC_00009943	1	1	1	0	1.0	1.0	1.0	0	1	0	0.0
GC_00009944	1	1	1	0	1.0	1.0	1.0	0	1	0	0.0
GC_00009945	1	1	1	0	1.0	1.0	1.0	0	1	0	0.0
GC_00009946	1	1	1	0	1.0	1.0	1.0	0	1	0	0.0
GC_00009947	1	1	1	0	1.0	1.0	1.0	0	1	0	0.0
GC_00009948	1	1	1	0	1.0	1.0	1.0	0	1	0	0.0
GC_00009949	1	1	1	0	1.0	1.0	1.0	0	1	0	0.0
GC_00009950	1	1	1	0	1.0	1.0	1.0	0	1	0	0.0
GC_00009951	1	1	1	0	1.0	1.0	1.0	0	1	0	0.0
GC_00009952	1	1	1	0	1.0	1.0	1.0	0	1	0	0.0
GC_00009953	1	1	1	0	1.0	1.0	1.0	0	1	0	0.0
GC_00009954	1	1	1	0	1.0	1.0	1.0	0	1	0	0.0
GC_00009955	1	1	1	0	1.0	1.0	1.0	0	1	0	0.0
GC_00009956	1	1	1	0	1.0	1.0	1.0	0	1	0	0.0
GC_00009957	1	1	1	0	1.0	1.0	1.0	0	1	0	0.0
GC_00009958	1	1	1	0	1.0	1.0	1.0	0	1	0	0.0
GC_00009959	1	1	1	0	1.0	1.0	1.0	0	1	0	0.0
GC_00009960	1	1	1	0	1.0	1.0	1.0	0	1	0	0.0
GC_00009961	1	1	1	0	1.0	1.0	1.0	0	1	0	0.0
GC_00009962	1	1	1	0	1.0	1.0	1.0	0	1	0	0.0
GC_00009963	1	1	1	0	1.0	1.0	1.0	0	1	0	0.0
GC_00009964	1	1	1	0	1.0	1.0	1.0	0	1	0	0.0
GC_00009965	1	1	1	0	1.0	1.0	1.0	0	1	0	0.0
GC_00009966	1	1	1	0	1.0	1.0	1.0	0	1	0	0.0
GC_00009967	1	1	1	0	1.0	1.0	1.0	0	1	0	0.0
GC_00009968	1	1	1	0	1.0	1.0	1.0	0	1	0	0.0
GC_00009969	1	1	1	0	1.0	1.0	1.0	0	1	0	0.0
GC_00009970	1	1	1	0	1.0	1.0	1.0	0	1	0	0.0
GC_00009971	1	1	1	0	1.0	1.0	1.0	0	1	0	0.0
GC_00009972	1	1	1	0	1.0	1.0	1.0	0	1	0	0.0
GC_00009973	1	1	1	0	1.0	1.0	1.0	0	1	0	0.0
GC_00009974	1	1	1	0	1.0	1.0	1.0	0	1	0	0.0
GC_00009975	1	1	1	0	1.0	1.0	1.0	0	1	0	0.0
GC_00009976	1	1	1	0	1.0	1.0	1.0	0	1	0	0.0
GC_00009977	1	1	1	0	1.0	1.0	1.0	0	1	0	0.0
GC_00009978	1	1	1	0	1.0	1.0	1.0	0	1	0	0.0
GC_00009979	1	1	1	0	1.0	1.0	1.0	0	1	0	0.0
GC_00009980	1	1	1	0	1.0	1.0	1.0	0	1	0	0.0
GC_00009981	1	1	1	0	1.0	1.0	1.0	0	1	0	0.0
GC_00009982	1	1	1	0	1.0	1.0	1.0	0	1	0	0.0
GC_00009983	1	1	1	0	1.0	1.0	1.0	0	1	0	0.0
GC_00009984	1	1	1	0	1.0	1.0	1.0	0	1	0	0.0
GC_00009985	1	1	1	0	1.0	1.0	1.0	0	1	0	0.0
GC_00009986	1	1	1	0	1.0	1.0	1.0	0	1	0	0.0
GC_00009987	1	1	1	0	1.0	1.0	1.0	0	1	0	0.0
GC_00009988	1	1	1	0	1.0	1.0	1.0	0	1	0	0.0
GC_00009989	1	1	1	0	1.0	1.0	1.0	0	1	0	0.0
GC_00009990	1	1	1	0	1.0	1.0	1.0	0	1	0	0.0
GC_00009991	1	1	1	0	1.0	1.0	1.0	0	1	0	0.0
GC_00009992	1	1	1	0	1.0	1.0	1.0	0	1	0	0.0
GC_00009993	1	1	1	0	1.0	1.0	1.0	0	1	0	0.0
GC_00009994	1	1	1	0	1.0	1.0	1.0	0	1	0	0.0
GC_00009995	1	1	1	0	1.0	1.0	1.0	0	1	0	0.0
GC_00009996	1	1	1	0	1.0	1.0	1.0	0	1	0	0.0
GC_00009997	1	1	1	0	1.0	1.0	1.0	0	1	0	0.0
GC_00009998	1	1	1	0	1.0	1.0	1.0	1	0	0	1.0
GC_00009999	1	1	1	0	1.0	1.0	1.0	0	1	0	0.0
GC_00010000	1	1	1	0	1.0	1.0	1.0	0	1	0	0.0
GC_00010001	1	1	1	0	1.0	1.0	1.0	0	1	0	0.0
GC_00010002	1	1	1	0	1.0	1.0	1.0	0	1	0	0.0
GC_00010003	1	1	1	0	1.0	1.0	1.0	0	1	0	0.0
GC_00010004	1	1	1	0	1.0	1.0	1.0	0	1	0	0.0
GC_00010005	1	1	1	0	1.0	1.0	1.0	0	1	0	0.0
GC_00010006	1	1	1	0	1.0	1.0	1.0	0	1	0	0.0
GC_00010007	1	1	1	0	1.0	1.0	1.0	0	1	0	0.0
GC_00010008	1	1	1	0	1.0	1.0	1.0	0	1	0	0.0
GC_00010009	1	1	1	0	1.0	1.0	1.0	0	1	0	0.0
GC_00010010	1	1	1	0	1.0	1.0	1.0	0	1	0	0.0
GC_00010011	1	1	1	0	1.0	1.0	1.0	0	1	0	0.0
GC_00010012	1	1	1	0	1.0	1.0	1.0	0	1	0	0.0
GC_00010013	1	1	1	0	1.0	1.0	1.0	0	1	0	0.0
GC_00010014	1	1	1	0	1.0	1.0	1.0	0	1	0	0.0
GC_00010015	1	1	1	0	1.0	1.0	1.0	0	1	0	0.0
GC_00010016	1	1	1	0	1.0	1.0	1.0	0	1	0	0.0
GC_00010017	1	1	1	0	1.0	1.0	1.0	0	1	0	0.0
GC_00010018	1	1	1	0	1.0	1.0	1.0	0	1	0	0.0
GC_00010019	1	1	1	0	1.0	1.0	1.0	0	1	0	0.0
GC_00010020	1	1	1	0	1.0	1.0	1.0	0	1	0	0.0
GC_00010021	1	1	1	0	1.0	1.0	1.0	0	1	0	0.0
GC_00010022	1	1	1	0	1.0	1.0	1.0	0	1	0	0.0
GC_00010023	1	1	1	0	1.0	1.0	1.0	0	1	0	0.0
GC_00010024	1	1	1	0	1.0	1.0	1.0	0	1	0	0.0
GC_00010025	1	1	1	0	1.0	1.0	1.0	0	1	0	0.0
GC_00010026	1	1	1	0	1.0	1.0	1.0	0	1	0	0.0
GC_00010027	1	1	1	0	1.0	1.0	1.0	0	1	0	0.0
GC_00010028	1	1	1	0	1.0	1.0	1.0	0	1	0	0.0
GC_00010029	1	1	1	0	1.0	1.0	1.0	0	1	0	0.0
GC_00010030	1	1	1	0	1.0	1.0	1.0	0	1	0	0.0
GC_00010031	1	1	1	0	1.0	1.0	1.0	0	1	0	0.0
GC_00010032	1	1	1	0	1.0	1.0	1.0	0	1	0	0.0
GC_00010033	1	1	1	0	1.0	1.0	1.0	0	1	0	0.0
GC_00010034	1	1	1	0	1.0	1.0	1.0	0	1	0	0.0
GC_00010035	1	1	1	0	1.0	1.0	1.0	0	1	0	0.0
GC_00010036	1	1	1	0	1.0	1.0	1.0	0	1	0	0.0
GC_00010037	1	1	1	0	1.0	1.0	1.0	0	1	0	0.0
GC_00010038	1	1	1	0	1.0	1.0	1.0	0	1	0	0.0
GC_00010039	1	1	1	0	1.0	1.0	1.0	0	1	0	0.0
GC_00010040	1	1	1	0	1.0	1.0	1.0	0	1	0	0.0
GC_00010041	1	1	1	0	1.0	1.0	1.0	0	1	0	0.0
GC_00010042	1	1	1	0	1.0	1.0	1.0	0	1	0	0.0
GC_00010043	1	1	1	0	1.0	1.0	1.0	0	1	0	0.0
GC_00010044	1	1	1	0	1.0	1.0	1.0	0	1	0	0.0
GC_00010045	1	1	1	0	1.0	1.0	1.0	0	1	0	0.0
GC_00010046	1	1	1	0	1.0	1.0	1.0	0	1	0	0.0
GC_00010047	1	1	1	0	1.0	1.0	1.0	0	1	0	0.0
GC_00010048	1	1	1	0	1.0	1.0	1.0	0	1	0	0.0
GC_00010049	1	1	1	0	1.0	1.0	1.0	0	1	0	0.0
GC_00010050	1	1	1	0	1.0	1.0	1.0	0	1	0	0.0
GC_00010051	1	1	1	0	1.0	1.0	1.0	0	1	0	0.0
GC_00010052	1	1	1	0	1.0	1.0	1.0	0	1	0	0.0
GC_00010053	1	1	1	0	1.0	1.0	1.0	0	1	0	0.0
GC_00010054	1	1	1	0	1.0	1.0	1.0	0	1	0	0.0
GC_00010055	1	1	1	0	1.0	1.0	1.0	0	1	0	0.0
GC_00010056	1	1	1	0	1.0	1.0	1.0	0	1	0	0.0
GC_00010057	1	1	1	0	1.0	1.0	1.0	0	1	0	0.0
GC_00010058	1	1	1	0	1.0	1.0	1.0	0	1	0	0.0
GC_00010059	1	1	1	0	1.0	1.0	1.0	0	1	0	0.0
GC_00010060	1	1	1	0	1.0	1.0	1.0	0	1	0	0.0
GC_00010061	1	1	1	0	1.0	1.0	1.0	0	1	0	0.0
GC_00010062	1	1	1	0	1.0	1.0	1.0	0	1	0	0.0
GC_00010063	1	1	1	0	1.0	1.0	1.0	0	1	0	0.0
GC_00010064	1	1	1	0	1.0	1.0	1.0	0	1	0	0.0
GC_00010065	1	1	1	0	1.0	1.0	1.0	0	1	0	0.0
GC_00010066	1	1	1	0	1.0	1.0	1.0	0	1	0	0.0
GC_00010067	1	1	1	0	1.0	1.0	1.0	0	1	0	0.0
GC_00010068	1	1	1	0	1.0	1.0	1.0	0	1	0	0.0
GC_00010069	1	1	1	0	1.0	1.0	1.0	0	1	0	0.0
GC_00010070	1	1	1	0	1.0	1.0	1.0	0	1	0	0.0
GC_00010071	1	1	1	0	1.0	1.0	1.0	0	1	0	0.0
GC_00010072	1	1	1	0	1.0	1.0	1.0	0	1	0	0.0
GC_00010073	1	1	1	0	1.0	1.0	1.0	0	1	0	0.0
GC_00010074	1	1	1	0	1.0	1.0	1.0	0	1	0	0.0
GC_00010075	1	1	1	0	1.0	1.0	1.0	0	1	0	0.0
GC_00010076	1	1	1	0	1.0	1.0	1.0	0	1	0	0.0
GC_00010077	1	1	1	0	1.0	1.0	1.0	0	1	0	0.0
GC_00010078	1	1	1	0	1.0	1.0	1.0	0	1	0	0.0
GC_00010079	1	1	1	0	1.0	1.0	1.0	0	1	0	0.0
GC_00010080	1	1	1	0	1.0	1.0	1.0	0	1	0	0.0
GC_00010081	1	1	1	0	1.0	1.0	1.0	0	1	0	0.0
GC_00010082	1	1	1	0	1.0	1.0	1.0	0	1	0	0.0
GC_00010083	1	1	1	0	1.0	1.0	1.0	0	1	0	0.0
GC_00010084	1	1	1	0	1.0	1.0	1.0	0	1	0	0.0
GC_00010085	1	1	1	0	1.0	1.0	1.0	0	1	0	0.0
GC_00010086	1	1	1	0	1.0	1.0	1.0	0	1	0	0.0
GC_00010087	1	1	1	0	1.0	1.0	1.0	0	1	0	0.0
GC_00010088	1	1	1	0	1.0	1.0	1.0	0	1	0	0.0
GC_00010089	1	1	1	0	1.0	1.0	1.0	0	1	0	0.0
GC_00010090	1	1	1	0	1.0	1.0	1.0	0	1	0	0.0
GC_00010091	1	1	1	0	1.0	1.0	1.0	0	1	0	0.0
GC_00010092	1	1	1	0	1.0	1.0	1.0	0	1	0	0.0
GC_00010093	1	1	1	0	1.0	1.0	1.0	0	1	0	0.0
GC_00010094	1	1	1	0	1.0	1.0	1.0	0	1	0	0.0
GC_00010095	1	1	1	0	1.0	1.0	1.0	0	1	0	0.0
GC_00010096	1	1	1	0	1.0	1.0	1.0	0	1	0	0.0
GC_00010097	1	1	1	0	1.0	1.0	1.0	0	1	0	0.0
GC_00010098	1	1	1	0	1.0	1.0	1.0	0	1	0	0.0
GC_00010099	1	1	1	0	1.0	1.0	1.0	0	1	0	0.0
GC_00010100	1	1	1	0	1.0	1.0	1.0	0	1	0	0.0
GC_00010101	1	1	1	0	1.0	1.0	1.0	0	1	0	0.0
GC_00010102	1	1	1	0	1.0	1.0	1.0	0	1	0	0.0
GC_00010103	1	1	1	0	1.0	1.0	1.0	0	1	0	0.0
GC_00010104	1	1	1	0	1.0	1.0	1.0	0	1	0	0.0
GC_00010105	1	1	1	0	1.0	1.0	1.0	0	1	0	0.0
GC_00010106	1	1	1	0	1.0	1.0	1.0	0	1	0	0.0
GC_00010107	1	1	1	0	1.0	1.0	1.0	0	1	0	0.0
GC_00010108	1	1	1	0	1.0	1.0	1.0	0	1	0	0.0
GC_00010109	1	1	1	0	1.0	1.0	1.0	0	1	0	0.0
GC_00010110	1	1	1	0	1.0	1.0	1.0	0	1	0	0.0
GC_00010111	1	1	1	0	1.0	1.0	1.0	0	1	0	0.0
GC_00010112	1	1	1	0	1.0	1.0	1.0	0	1	0	0.0
GC_00010113	1	1	1	0	1.0	1.0	1.0	0	1	0	0.0
GC_00010114	1	1	1	0	1.0	1.0	1.0	0	1	0	0.0
GC_00010115	1	1	1	0	1.0	1.0	1.0	0	1	0	0.0
GC_00010116	1	1	1	0	1.0	1.0	1.0	0	1	0	0.0
GC_00010117	1	1	1	0	1.0	1.0	1.0	0	1	0	0.0
GC_00010118	1	1	1	0	1.0	1.0	1.0	0	1	0	0.0
GC_00010119	1	1	1	0	1.0	1.0	1.0	0	1	0	0.0
GC_00010120	1	1	1	0	1.0	1.0	1.0	0	1	0	0.0
GC_00010121	1	1	1	0	1.0	1.0	1.0	1	0	0	1.0
GC_00010122	1	1	1	0	1.0	1.0	1.0	0	1	0	0.0
GC_00010123	1	1	1	0	1.0	1.0	1.0	0	1	0	0.0
GC_00010124	1	1	1	0	1.0	1.0	1.0	0	1	0	0.0
GC_00010125	1	1	1	0	1.0	1.0	1.0	0	1	0	0.0
GC_00010126	1	1	1	0	1.0	1.0	1.0	1	0	0	1.0
GC_00010127	1	1	1	0	1.0	1.0	1.0	0	1	0	0.0
GC_00010128	1	1	1	0	1.0	1.0	1.0	0	1	0	0.0
GC_00010129	1	1	1	0	1.0	1.0	1.0	1	0	0	1.0
GC_00010130	1	1	1	0	1.0	1.0	1.0	0	1	0	0.0
GC_00010131	1	1	1	0	1.0	1.0	1.0	0	1	0	0.0
GC_00010132	1	1	1	0	1.0	1.0	1.0	0	1	0	0.0
GC_00010133	1	1	1	0	1.0	1.0	1.0	0	1	0	0.0
GC_00010134	1	1	1	0	1.0	1.0	1.0	0	1	0	0.0
GC_00010135	1	1	1	0	1.0	1.0	1.0	0	1	0	0.0
GC_00010136	1	1	1	0	1.0	1.0	1.0	0	1	0	0.0
GC_00010137	1	1	1	0	1.0	1.0	1.0	0	1	0	0.0
GC_00010138	1	1	1	0	1.0	1.0	1.0	0	1	0	0.0
GC_00010139	1	1	1	0	1.0	1.0	1.0	0	1	0	0.0
GC_00010140	1	1	1	0	1.0	1.0	1.0	0	1	0	0.0
GC_00010141	1	1	1	0	1.0	1.0	1.0	0	1	0	0.0
GC_00010142	1	1	1	0	1.0	1.0	1.0	0	1	0	0.0
GC_00010143	1	1	1	0	1.0	1.0	1.0	0	1	0	0.0
GC_00010144	1	1	1	0	1.0	1.0	1.0	0	1	0	0.0
GC_00010145	1	1	1	0	1.0	1.0	1.0	0	1	0	0.0
GC_00010146	1	1	1	0	1.0	1.0	1.0	0	1	0	0.0
GC_00010147	1	1	1	0	1.0	1.0	1.0	0	1	0	0.0
GC_00010148	1	1	1	0	1.0	1.0	1.0	0	1	0	0.0
GC_00010149	1	1	1	0	1.0	1.0	1.0	0	1	0	0.0
GC_00010150	1	1	1	0	1.0	1.0	1.0	0	1	0	0.0
GC_00010151	1	1	1	0	1.0	1.0	1.0	0	1	0	0.0
GC_00010152	1	1	1	0	1.0	1.0	1.0	0	1	0	0.0
GC_00010153	1	1	1	0	1.0	1.0	1.0	1	0	0	1.0
GC_00010154	1	1	1	0	1.0	1.0	1.0	0	1	0	0.0
GC_00010155	1	1	1	0	1.0	1.0	1.0	0	1	0	0.0
GC_00010156	1	1	1	0	1.0	1.0	1.0	0	1	0	0.0
GC_00010157	1	1	1	0	1.0	1.0	1.0	0	1	0	0.0
GC_00010158	1	1	1	0	1.0	1.0	1.0	0	1	0	0.0
GC_00010159	1	1	1	0	1.0	1.0	1.0	0	1	0	0.0
GC_00010160	1	1	1	0	1.0	1.0	1.0	0	1	0	0.0
GC_00010161	1	1	1	0	1.0	1.0	1.0	0	1	0	0.0
GC_00010162	1	1	1	0	1.0	1.0	1.0	0	1	0	0.0
GC_00010163	1	1	1	0	1.0	1.0	1.0	0	1	0	0.0
GC_00010164	1	1	1	0	1.0	1.0	1.0	0	1	0	0.0
GC_00010165	1	1	1	0	1.0	1.0	1.0	0	1	0	0.0
GC_00010166	1	1	1	0	1.0	1.0	1.0	0	1	0	0.0
GC_00010167	1	1	1	0	1.0	1.0	1.0	0	1	0	0.0
GC_00010168	1	1	1	0	1.0	1.0	1.0	0	1	0	0.0
GC_00010169	1	1	1	0	1.0	1.0	1.0	0	1	0	0.0
GC_00010170	1	1	1	0	1.0	1.0	1.0	0	1	0	0.0
GC_00010171	1	1	1	0	1.0	1.0	1.0	0	1	0	0.0
GC_00010172	1	1	1	0	1.0	1.0	1.0	0	1	0	0.0
GC_00010173	1	1	1	0	1.0	1.0	1.0	0	1	0	0.0
GC_00010174	1	1	1	0	1.0	1.0	1.0	0	1	0	0.0
GC_00010175	1	1	1	0	1.0	1.0	1.0	0	1	0	0.0
GC_00010176	1	1	1	0	1.0	1.0	1.0	0	1	0	0.0
GC_00010177	1	1	1	0	1.0	1.0	1.0	0	1	0	0.0
GC_00010178	1	1	1	0	1.0	1.0	1.0	0	1	0	0.0
GC_00010179	1	1	1	0	1.0	1.0	1.0	0	1	0	0.0
GC_00010180	1	1	1	0	1.0	1.0	1.0	0	1	0	0.0
GC_00010181	1	1	1	0	1.0	1.0	1.0	0	1	0	0.0
GC_00010182	1	1	1	0	1.0	1.0	1.0	0	1	0	0.0
GC_00010183	1	1	1	0	1.0	1.0	1.0	0	1	0	0.0
GC_00010184	1	1	1	0	1.0	1.0	1.0	0	1	0	0.0
GC_00010185	1	1	1	0	1.0	1.0	1.0	0	1	0	0.0
GC_00010186	1	1	1	0	1.0	1.0	1.0	0	1	0	0.0
GC_00010187	1	1	1	0	1.0	1.0	1.0	0	1	0	0.0
GC_00010188	1	1	1	0	1.0	1.0	1.0	0	1	0	0.0
GC_00010189	1	1	1	0	1.0	1.0	1.0	0	1	0	0.0
GC_00010190	1	1	1	0	1.0	1.0	1.0	0	1	0	0.0
GC_00010191	1	1	1	0	1.0	1.0	1.0	1	0	0	1.0
GC_00010192	1	1	1	0	1.0	1.0	1.0	0	1	0	0.0
GC_00010193	1	1	1	0	1.0	1.0	1.0	0	1	0	0.0
GC_00010194	1	1	1	0	1.0	1.0	1.0	0	1	0	0.0
GC_00010195	1	1	1	0	1.0	1.0	1.0	0	1	0	0.0
GC_00010196	1	1	1	0	1.0	1.0	1.0	0	1	0	0.0
GC_00010197	1	1	1	0	1.0	1.0	1.0	0	1	0	0.0
GC_00010198	1	1	1	0	1.0	1.0	1.0	0	1	0	0.0
GC_00010199	1	1	1	0	1.0	1.0	1.0	0	1	0	0.0
GC_00010200	1	1	1	0	1.0	1.0	1.0	0	1	0	0.0
GC_00010201	1	1	1	0	1.0	1.0	1.0	0	1	0	0.0
GC_00010202	1	1	1	0	1.0	1.0	1.0	0	1	0	0.0
GC_00010203	1	1	1	0	1.0	1.0	1.0	0	1	0	0.0
GC_00010204	1	1	1	0	1.0	1.0	1.0	0	1	0	0.0
GC_00010205	1	1	1	0	1.0	1.0	1.0	0	1	0	0.0
GC_00010206	1	1	1	0	1.0	1.0	1.0	0	1	0	0.0
GC_00010207	1	1	1	0	1.0	1.0	1.0	0	1	0	0.0
GC_00010208	1	1	1	0	1.0	1.0	1.0	0	1	0	0.0
GC_00010209	1	1	1	0	1.0	1.0	1.0	0	1	0	0.0
GC_00010210	1	1	1	0	1.0	1.0	1.0	0	1	0	0.0
GC_00010211	1	1	1	0	1.0	1.0	1.0	0	1	0	0.0
GC_00010212	1	1	1	0	1.0	1.0	1.0	0	1	0	0.0
GC_00010213	1	1	1	0	1.0	1.0	1.0	0	1	0	0.0
GC_00010214	1	1	1	0	1.0	1.0	1.0	0	1	0	0.0
GC_00010215	1	1	1	0	1.0	1.0	1.0	0	1	0	0.0
GC_00010216	1	1	1	0	1.0	1.0	1.0	1	0	0	1.0
GC_00010217	1	1	1	0	1.0	1.0	1.0	0	1	0	0.0
GC_00010218	1	1	1	0	1.0	1.0	1.0	0	1	0	0.0
GC_00010219	1	1	1	0	1.0	1.0	1.0	0	1	0	0.0
GC_00010220	1	1	1	0	1.0	1.0	1.0	0	1	0	0.0
GC_00010221	1	1	1	0	1.0	1.0	1.0	0	1	0	0.0
GC_00010222	1	1	1	0	1.0	1.0	1.0	0	1	0	0.0
GC_00010223	1	1	1	0	1.0	1.0	1.0	0	1	0	0.0
GC_00010224	1	1	1	0	1.0	1.0	1.0	0	1	0	0.0
GC_00010225	1	1	1	0	1.0	1.0	1.0	0	1	0	0.0
GC_00010226	1	1	1	0	1.0	1.0	1.0	0	1	0	0.0
GC_00010227	1	1	1	0	1.0	1.0	1.0	0	1	0	0.0
GC_00010228	1	1	1	0	1.0	1.0	1.0	0	1	0	0.0
GC_00010229	1	1	1	0	1.0	1.0	1.0	0	1	0	0.0
GC_00010230	1	1	1	0	1.0	1.0	1.0	0	1	0	0.0
GC_00010231	1	1	1	0	1.0	1.0	1.0	1	0	0	1.0
GC_00010232	1	1	1	0	1.0	1.0	1.0	0	1	0	0.0
GC_00010233	1	1	1	0	1.0	1.0	1.0	0	1	0	0.0
GC_00010234	1	1	1	0	1.0	1.0	1.0	0	1	0	0.0
GC_00010235	1	1	1	0	1.0	1.0	1.0	0	1	0	0.0
GC_00010236	1	1	1	0	1.0	1.0	1.0	0	1	0	0.0
GC_00010237	1	1	1	0	1.0	1.0	1.0	0	1	0	0.0
GC_00010238	1	1	1	0	1.0	1.0	1.0	0	1	0	0.0
GC_00010239	1	1	1	0	1.0	1.0	1.0	0	1	0	0.0
GC_00010240	1	1	1	0	1.0	1.0	1.0	0	1	0	0.0
GC_00010241	1	1	1	0	1.0	1.0	1.0	0	1	0	0.0
GC_00010242	1	1	1	0	1.0	1.0	1.0	0	1	0	0.0
GC_00010243	1	1	1	0	1.0	1.0	1.0	0	1	0	0.0
GC_00010244	1	1	1	0	1.0	1.0	1.0	0	1	0	0.0
GC_00010245	1	1	1	0	1.0	1.0	1.0	0	1	0	0.0
GC_00010246	1	1	1	0	1.0	1.0	1.0	0	1	0	0.0
GC_00010247	1	1	1	0	1.0	1.0	1.0	0	1	0	0.0
GC_00010248	1	1	1	0	1.0	1.0	1.0	0	1	0	0.0
GC_00010249	1	1	1	0	1.0	1.0	1.0	0	1	0	0.0
GC_00010250	1	1	1	0	1.0	1.0	1.0	0	1	0	0.0
GC_00010251	1	1	1	0	1.0	1.0	1.0	0	1	0	0.0
GC_00010252	1	1	1	0	1.0	1.0	1.0	0	1	0	0.0
GC_00010253	1	1	1	0	1.0	1.0	1.0	0	1	0	0.0
GC_00010254	1	1	1	0	1.0	1.0	1.0	0	1	0	0.0
GC_00010255	1	1	1	0	1.0	1.0	1.0	0	1	0	0.0
GC_00010256	1	1	1	0	1.0	1.0	1.0	0	1	0	0.0
GC_00010257	1	1	1	0	1.0	1.0	1.0	0	1	0	0.0
GC_00010258	1	1	1	0	1.0	1.0	1.0	0	1	0	0.0
GC_00010259	1	1	1	0	1.0	1.0	1.0	0	1	0	0.0
GC_00010260	1	1	1	0	1.0	1.0	1.0	0	1	0	0.0
GC_00010261	1	1	1	0	1.0	1.0	1.0	0	1	0	0.0
GC_00010262	1	1	1	0	1.0	1.0	1.0	0	1	0	0.0
GC_00010263	1	1	1	0	1.0	1.0	1.0	0	1	0	0.0
GC_00010264	1	1	1	0	1.0	1.0	1.0	0	1	0	0.0
GC_00010265	1	1	1	0	1.0	1.0	1.0	0	1	0	0.0
GC_00010266	1	1	1	0	1.0	1.0	1.0	0	1	0	0.0
GC_00010267	1	1	1	0	1.0	1.0	1.0	0	1	0	0.0
GC_00010268	1	1	1	0	1.0	1.0	1.0	0	1	0	0.0
GC_00010269	1	1	1	0	1.0	1.0	1.0	0	1	0	0.0
GC_00010270	1	1	1	0	1.0	1.0	1.0	0	1	0	0.0
GC_00010271	1	1	1	0	1.0	1.0	1.0	0	1	0	0.0
GC_00010272	1	1	1	0	1.0	1.0	1.0	0	1	0	0.0
GC_00010273	1	1	1	0	1.0	1.0	1.0	0	1	0	0.0
GC_00010274	1	1	1	0	1.0	1.0	1.0	0	1	0	0.0
GC_00010275	1	1	1	0	1.0	1.0	1.0	0	1	0	0.0
GC_00010276	1	1	1	0	1.0	1.0	1.0	0	1	0	0.0
GC_00010277	1	1	1	0	1.0	1.0	1.0	0	1	0	0.0
GC_00010278	1	1	1	0	1.0	1.0	1.0	0	1	0	0.0
GC_00010279	1	1	1	0	1.0	1.0	1.0	0	1	0	0.0
GC_00010280	1	1	1	0	1.0	1.0	1.0	0	1	0	0.0
GC_00010281	1	1	1	0	1.0	1.0	1.0	0	1	0	0.0
GC_00010282	1	1	1	0	1.0	1.0	1.0	0	1	0	0.0
GC_00010283	1	1	1	0	1.0	1.0	1.0	0	1	0	0.0
GC_00010284	1	1	1	0	1.0	1.0	1.0	0	1	0	0.0
GC_00010285	1	1	1	0	1.0	1.0	1.0	0	1	0	0.0
GC_00010286	1	1	1	0	1.0	1.0	1.0	0	1	0	0.0
GC_00010287	1	1	1	0	1.0	1.0	1.0	0	1	0	0.0
GC_00010288	1	1	1	0	1.0	1.0	1.0	0	1	0	0.0
GC_00010289	1	1	1	0	1.0	1.0	1.0	0	1	0	0.0
GC_00010290	1	1	1	0	1.0	1.0	1.0	0	1	0	0.0
GC_00010291	1	1	1	0	1.0	1.0	1.0	0	1	0	0.0
GC_00010292	1	1	1	0	1.0	1.0	1.0	0	1	0	0.0
GC_00010293	1	1	1	0	1.0	1.0	1.0	0	1	0	0.0
GC_00010294	1	1	1	0	1.0	1.0	1.0	0	1	0	0.0
GC_00010295	1	1	1	0	1.0	1.0	1.0	0	1	0	0.0
GC_00010296	1	1	1	0	1.0	1.0	1.0	0	1	0	0.0
GC_00010297	1	1	1	0	1.0	1.0	1.0	0	1	0	0.0
GC_00010298	1	1	1	0	1.0	1.0	1.0	0	1	0	0.0
GC_00010299	1	1	1	0	1.0	1.0	1.0	0	1	0	0.0
GC_00010300	1	1	1	0	1.0	1.0	1.0	0	1	0	0.0
GC_00010301	1	1	1	0	1.0	1.0	1.0	0	1	0	0.0
GC_00010302	1	1	1	0	1.0	1.0	1.0	0	1	0	0.0
GC_00010303	1	1	1	0	1.0	1.0	1.0	0	1	0	0.0
GC_00010304	1	1	1	0	1.0	1.0	1.0	0	1	0	0.0
GC_00010305	1	1	1	0	1.0	1.0	1.0	0	1	0	0.0
GC_00010306	1	1	1	0	1.0	1.0	1.0	0	1	0	0.0
GC_00010307	1	1	1	0	1.0	1.0	1.0	0	1	0	0.0
GC_00010308	1	1	1	0	1.0	1.0	1.0	0	1	0	0.0
GC_00010309	1	1	1	0	1.0	1.0	1.0	0	1	0	0.0
GC_00010310	1	1	1	0	1.0	1.0	1.0	0	1	0	0.0
GC_00010311	1	1	1	0	1.0	1.0	1.0	0	1	0	0.0
GC_00010312	1	1	1	0	1.0	1.0	1.0	0	1	0	0.0
GC_00010313	1	1	1	0	1.0	1.0	1.0	0	1	0	0.0
GC_00010314	1	1	1	0	1.0	1.0	1.0	0	1	0	0.0
GC_00010315	1	1	1	0	1.0	1.0	1.0	0	1	0	0.0
GC_00010316	1	1	1	0	1.0	1.0	1.0	0	1	0	0.0
GC_00010317	1	1	1	0	1.0	1.0	1.0	0	1	0	0.0
GC_00010318	1	1	1	0	1.0	1.0	1.0	0	1	0	0.0
GC_00010319	1	1	1	0	1.0	1.0	1.0	0	1	0	0.0
GC_00010320	1	1	1	0	1.0	1.0	1.0	0	1	0	0.0
GC_00010321	1	1	1	0	1.0	1.0	1.0	0	1	0	0.0
GC_00010322	1	1	1	0	1.0	1.0	1.0	1	0	0	1.0
GC_00010323	1	1	1	0	1.0	1.0	1.0	0	1	0	0.0
GC_00010324	1	1	1	0	1.0	1.0	1.0	0	1	0	0.0
GC_00010325	1	1	1	0	1.0	1.0	1.0	0	1	0	0.0
GC_00010326	1	1	1	0	1.0	1.0	1.0	0	1	0	0.0
GC_00010327	1	1	1	0	1.0	1.0	1.0	0	1	0	0.0
GC_00010328	1	1	1	0	1.0	1.0	1.0	0	1	0	0.0
GC_00010329	1	1	1	0	1.0	1.0	1.0	0	1	0	0.0
GC_00010330	1	1	1	0	1.0	1.0	1.0	0	1	0	0.0
GC_00010331	1	1	1	0	1.0	1.0	1.0	0	1	0	0.0
GC_00010332	1	1	1	0	1.0	1.0	1.0	0	1	0	0.0
GC_00010333	1	1	1	0	1.0	1.0	1.0	0	1	0	0.0
GC_00010334	1	1	1	0	1.0	1.0	1.0	0	1	0	0.0
GC_00010335	1	1	1	0	1.0	1.0	1.0	0	1	0	0.0
GC_00010336	1	1	1	0	1.0	1.0	1.0	0	1	0	0.0
GC_00010337	1	1	1	0	1.0	1.0	1.0	0	1	0	0.0
GC_00010338	1	1	1	0	1.0	1.0	1.0	0	1	0	0.0
GC_00010339	1	1	1	0	1.0	1.0	1.0	0	1	0	0.0
GC_00010340	1	1	1	0	1.0	1.0	1.0	0	1	0	0.0
GC_00010341	1	1	1	0	1.0	1.0	1.0	0	1	0	0.0
GC_00010342	1	1	1	0	1.0	1.0	1.0	0	1	0	0.0
GC_00010343	1	1	1	0	1.0	1.0	1.0	0	1	0	0.0
GC_00010344	1	1	1	0	1.0	1.0	1.0	0	1	0	0.0
GC_00010345	1	1	1	0	1.0	1.0	1.0	0	1	0	0.0
GC_00010346	1	1	1	0	1.0	1.0	1.0	0	1	0	0.0
GC_00010347	1	1	1	0	1.0	1.0	1.0	0	1	0	0.0
GC_00010348	1	1	1	0	1.0	1.0	1.0	0	1	0	0.0
GC_00010349	1	1	1	0	1.0	1.0	1.0	0	1	0	0.0
GC_00010350	1	1	1	0	1.0	1.0	1.0	0	1	0	0.0
GC_00010351	1	1	1	0	1.0	1.0	1.0	0	1	0	0.0
GC_00010352	1	1	1	0	1.0	1.0	1.0	0	1	0	0.0
GC_00010353	1	1	1	0	1.0	1.0	1.0	0	1	0	0.0
GC_00010354	1	1	1	0	1.0	1.0	1.0	0	1	0	0.0
GC_00010355	1	1	1	0	1.0	1.0	1.0	1	0	0	1.0
GC_00010356	1	1	1	0	1.0	1.0	1.0	0	1	0	0.0
GC_00010357	1	1	1	0	1.0	1.0	1.0	0	1	0	0.0
GC_00010358	1	1	1	0	1.0	1.0	1.0	0	1	0	0.0
GC_00010359	1	1	1	0	1.0	1.0	1.0	0	1	0	0.0
GC_00010360	1	1	1	0	1.0	1.0	1.0	0	1	0	0.0
GC_00010361	1	1	1	0	1.0	1.0	1.0	0	1	0	0.0
GC_00010362	1	1	1	0	1.0	1.0	1.0	0	1	0	0.0
GC_00010363	1	1	1	0	1.0	1.0	1.0	0	1	0	0.0
GC_00010364	1	1	1	0	1.0	1.0	1.0	0	1	0	0.0
GC_00010365	1	1	1	0	1.0	1.0	1.0	0	1	0	0.0
GC_00010366	1	1	1	0	1.0	1.0	1.0	0	1	0	0.0
GC_00010367	1	1	1	0	1.0	1.0	1.0	0	1	0	0.0
GC_00010368	1	1	1	0	1.0	1.0	1.0	0	1	0	0.0
GC_00010369	1	1	1	0	1.0	1.0	1.0	0	1	0	0.0
GC_00010370	1	1	1	0	1.0	1.0	1.0	0	1	0	0.0
GC_00010371	1	1	1	0	1.0	1.0	1.0	0	1	0	0.0
GC_00010372	1	1	1	0	1.0	1.0	1.0	0	1	0	0.0
GC_00010373	1	1	1	0	1.0	1.0	1.0	0	1	0	0.0
GC_00010374	1	1	1	0	1.0	1.0	1.0	0	1	0	0.0
GC_00010375	1	1	1	0	1.0	1.0	1.0	0	1	0	0.0
GC_00010376	1	1	1	0	1.0	1.0	1.0	0	1	0	0.0
GC_00010377	1	1	1	0	1.0	1.0	1.0	0	1	0	0.0
GC_00010378	1	1	1	0	1.0	1.0	1.0	0	1	0	0.0
GC_00010379	1	1	1	0	1.0	1.0	1.0	0	1	0	0.0
GC_00010380	1	1	1	0	1.0	1.0	1.0	0	1	0	0.0
GC_00010381	1	1	1	0	1.0	1.0	1.0	0	1	0	0.0
GC_00010382	1	1	1	0	1.0	1.0	1.0	0	1	0	0.0
GC_00010383	1	1	1	0	1.0	1.0	1.0	0	1	0	0.0
GC_00010384	1	1	1	0	1.0	1.0	1.0	0	1	0	0.0
GC_00010385	1	1	1	0	1.0	1.0	1.0	0	1	0	0.0
GC_00010386	1	1	1	0	1.0	1.0	1.0	0	1	0	0.0
GC_00010387	1	1	1	0	1.0	1.0	1.0	0	1	0	0.0
GC_00010388	1	1	1	0	1.0	1.0	1.0	0	1	0	0.0
GC_00010389	1	1	1	0	1.0	1.0	1.0	0	1	0	0.0
GC_00010390	1	1	1	0	1.0	1.0	1.0	0	1	0	0.0
GC_00010391	1	1	1	0	1.0	1.0	1.0	0	1	0	0.0
GC_00010392	1	1	1	0	1.0	1.0	1.0	0	1	0	0.0
GC_00010393	1	1	1	0	1.0	1.0	1.0	0	1	0	0.0
GC_00010394	1	1	1	0	1.0	1.0	1.0	0	1	0	0.0
GC_00010395	1	1	1	0	1.0	1.0	1.0	1	0	0	1.0
GC_00010396	1	1	1	0	1.0	1.0	1.0	0	1	0	0.0
GC_00010397	1	1	1	0	1.0	1.0	1.0	0	1	0	0.0
GC_00010398	1	1	1	0	1.0	1.0	1.0	0	1	0	0.0
GC_00010399	1	1	1	0	1.0	1.0	1.0	0	1	0	0.0
GC_00010400	1	1	1	0	1.0	1.0	1.0	0	1	0	0.0
GC_00010401	1	1	1	0	1.0	1.0	1.0	0	1	0	0.0
GC_00010402	1	1	1	0	1.0	1.0	1.0	0	1	0	0.0
GC_00010403	1	1	1	0	1.0	1.0	1.0	0	1	0	0.0
GC_00010404	1	1	1	0	1.0	1.0	1.0	0	1	0	0.0
GC_00010405	1	1	1	0	1.0	1.0	1.0	0	1	0	0.0
GC_00010406	1	1	1	0	1.0	1.0	1.0	0	1	0	0.0
GC_00010407	1	1	1	0	1.0	1.0	1.0	0	1	0	0.0
GC_00010408	1	1	1	0	1.0	1.0	1.0	0	1	0	0.0
GC_00010409	1	1	1	0	1.0	1.0	1.0	0	1	0	0.0
GC_00010410	1	1	1	0	1.0	1.0	1.0	0	1	0	0.0
GC_00010411	1	1	1	0	1.0	1.0	1.0	0	1	0	0.0
GC_00010412	1	1	1	0	1.0	1.0	1.0	0	1	0	0.0
GC_00010413	1	1	1	0	1.0	1.0	1.0	0	1	0	0.0
GC_00010414	1	1	1	0	1.0	1.0	1.0	0	1	0	0.0
GC_00010415	1	1	1	0	1.0	1.0	1.0	0	1	0	0.0
GC_00010416	1	1	1	0	1.0	1.0	1.0	0	1	0	0.0
GC_00010417	1	1	1	0	1.0	1.0	1.0	0	1	0	0.0
GC_00010418	1	1	1	0	1.0	1.0	1.0	0	1	0	0.0
GC_00010419	1	1	1	0	1.0	1.0	1.0	0	1	0	0.0
GC_00010420	1	1	1	0	1.0	1.0	1.0	0	1	0	0.0
GC_00010421	1	1	1	0	1.0	1.0	1.0	0	1	0	0.0
GC_00010422	1	1	1	0	1.0	1.0	1.0	0	1	0	0.0
GC_00010423	1	1	1	0	1.0	1.0	1.0	0	1	0	0.0
GC_00010424	1	1	1	0	1.0	1.0	1.0	0	1	0	0.0
GC_00010425	1	1	1	0	1.0	1.0	1.0	0	1	0	0.0
GC_00010426	1	1	1	0	1.0	1.0	1.0	0	1	0	0.0
GC_00010427	1	1	1	0	1.0	1.0	1.0	0	1	0	0.0
GC_00010428	1	1	1	0	1.0	1.0	1.0	0	1	0	0.0
GC_00010429	1	1	1	0	1.0	1.0	1.0	0	1	0	0.0
GC_00010430	1	1	1	0	1.0	1.0	1.0	0	1	0	0.0
GC_00010431	1	1	1	0	1.0	1.0	1.0	0	1	0	0.0
GC_00010432	1	1	1	0	1.0	1.0	1.0	0	1	0	0.0
GC_00010433	1	1	1	0	1.0	1.0	1.0	0	1	0	0.0
GC_00010434	1	1	1	0	1.0	1.0	1.0	0	1	0	0.0
GC_00010435	1	1	1	0	1.0	1.0	1.0	0	1	0	0.0
GC_00010436	1	1	1	0	1.0	1.0	1.0	0	1	0	0.0
GC_00010437	1	1	1	0	1.0	1.0	1.0	0	1	0	0.0
GC_00010438	1	1	1	0	1.0	1.0	1.0	0	1	0	0.0
GC_00010439	1	1	1	0	1.0	1.0	1.0	0	1	0	0.0
GC_00010440	1	1	1	0	1.0	1.0	1.0	0	1	0	0.0
GC_00010441	1	1	1	0	1.0	1.0	1.0	1	0	0	1.0
GC_00010442	1	1	1	0	1.0	1.0	1.0	0	1	0	0.0
GC_00010443	1	1	1	0	1.0	1.0	1.0	0	1	0	0.0
GC_00010444	1	1	1	0	1.0	1.0	1.0	0	1	0	0.0
GC_00010445	1	1	1	0	1.0	1.0	1.0	0	1	0	0.0
GC_00010446	1	1	1	0	1.0	1.0	1.0	0	1	0	0.0
GC_00010447	1	1	1	0	1.0	1.0	1.0	0	1	0	0.0
GC_00010448	1	1	1	0	1.0	1.0	1.0	0	1	0	0.0
GC_00010449	1	1	1	0	1.0	1.0	1.0	0	1	0	0.0
GC_00010450	1	1	1	0	1.0	1.0	1.0	0	1	0	0.0
GC_00010451	1	1	1	0	1.0	1.0	1.0	0	1	0	0.0
GC_00010452	1	1	1	0	1.0	1.0	1.0	0	1	0	0.0
GC_00010453	1	1	1	0	1.0	1.0	1.0	0	1	0	0.0
GC_00010454	1	1	1	0	1.0	1.0	1.0	0	1	0	0.0
GC_00010455	1	1	1	0	1.0	1.0	1.0	0	1	0	0.0
GC_00010456	1	1	1	0	1.0	1.0	1.0	0	1	0	0.0
GC_00010457	1	1	1	0	1.0	1.0	1.0	0	1	0	0.0
GC_00010458	1	1	1	0	1.0	1.0	1.0	0	1	0	0.0
GC_00010459	1	1	1	0	1.0	1.0	1.0	0	1	0	0.0
GC_00010460	1	1	1	0	1.0	1.0	1.0	0	1	0	0.0
GC_00010461	1	1	1	0	1.0	1.0	1.0	0	1	0	0.0
GC_00010462	1	1	1	0	1.0	1.0	1.0	0	1	0	0.0
GC_00010463	1	1	1	0	1.0	1.0	1.0	0	1	0	0.0
GC_00010464	1	1	1	0	1.0	1.0	1.0	0	1	0	0.0
GC_00010465	1	1	1	0	1.0	1.0	1.0	0	1	0	0.0
GC_00010466	1	1	1	0	1.0	1.0	1.0	0	1	0	0.0
GC_00010467	1	1	1	0	1.0	1.0	1.0	0	1	0	0.0
GC_00010468	1	1	1	0	1.0	1.0	1.0	0	1	0	0.0
GC_00010469	1	1	1	0	1.0	1.0	1.0	0	1	0	0.0
GC_00010470	1	1	1	0	1.0	1.0	1.0	0	1	0	0.0
GC_00010471	1	1	1	0	1.0	1.0	1.0	0	1	0	0.0
GC_00010472	1	1	1	0	1.0	1.0	1.0	0	1	0	0.0
GC_00010473	1	1	1	0	1.0	1.0	1.0	0	1	0	0.0
GC_00010474	1	1	1	0	1.0	1.0	1.0	0	1	0	0.0
GC_00010475	1	1	1	0	1.0	1.0	1.0	0	1	0	0.0
GC_00010476	1	1	1	0	1.0	1.0	1.0	0	1	0	0.0
GC_00010477	1	1	1	0	1.0	1.0	1.0	0	1	0	0.0
GC_00010478	1	1	1	0	1.0	1.0	1.0	0	1	0	0.0
GC_00010479	1	1	1	0	1.0	1.0	1.0	0	1	0	0.0
GC_00010480	1	1	1	0	1.0	1.0	1.0	0	1	0	0.0
GC_00010481	1	1	1	0	1.0	1.0	1.0	0	1	0	0.0
GC_00010482	1	1	1	0	1.0	1.0	1.0	0	1	0	0.0
GC_00010483	1	1	1	0	1.0	1.0	1.0	0	1	0	0.0
GC_00010484	1	1	1	0	1.0	1.0	1.0	0	1	0	0.0
GC_00010485	1	1	1	0	1.0	1.0	1.0	0	1	0	0.0
GC_00010486	1	1	1	0	1.0	1.0	1.0	0	1	0	0.0
GC_00010487	1	1	1	0	1.0	1.0	1.0	0	1	0	0.0
GC_00010488	1	1	1	0	1.0	1.0	1.0	0	1	0	0.0
GC_00010489	1	1	1	0	1.0	1.0	1.0	0	1	0	0.0
GC_00010490	1	1	1	0	1.0	1.0	1.0	0	1	0	0.0
GC_00010491	1	1	1	0	1.0	1.0	1.0	0	1	0	0.0
GC_00010492	1	1	1	0	1.0	1.0	1.0	1	0	0	1.0
GC_00010493	1	1	1	0	1.0	1.0	1.0	0	1	0	0.0
GC_00010494	1	1	1	0	1.0	1.0	1.0	0	1	0	0.0
GC_00010495	1	1	1	0	1.0	1.0	1.0	0	1	0	0.0
GC_00010496	1	1	1	0	1.0	1.0	1.0	0	1	0	0.0
GC_00010497	1	1	1	0	1.0	1.0	1.0	0	1	0	0.0
GC_00010498	1	1	1	0	1.0	1.0	1.0	0	1	0	0.0
GC_00010499	1	1	1	0	1.0	1.0	1.0	0	1	0	0.0
GC_00010500	1	1	1	0	1.0	1.0	1.0	0	1	0	0.0
GC_00010501	1	1	1	0	1.0	1.0	1.0	0	1	0	0.0
GC_00010502	1	1	1	0	1.0	1.0	1.0	0	1	0	0.0
GC_00010503	1	1	1	0	1.0	1.0	1.0	0	1	0	0.0
GC_00010504	1	1	1	0	1.0	1.0	1.0	0	1	0	0.0
GC_00010505	1	1	1	0	1.0	1.0	1.0	0	1	0	0.0
GC_00010506	1	1	1	0	1.0	1.0	1.0	0	1	0	0.0
GC_00010507	1	1	1	0	1.0	1.0	1.0	0	1	0	0.0
GC_00010508	1	1	1	0	1.0	1.0	1.0	0	1	0	0.0
GC_00010509	1	1	1	0	1.0	1.0	1.0	0	1	0	0.0
GC_00010510	1	1	1	0	1.0	1.0	1.0	0	1	0	0.0
GC_00010511	1	1	1	0	1.0	1.0	1.0	0	1	0	0.0
GC_00010512	1	1	1	0	1.0	1.0	1.0	0	1	0	0.0
GC_00010513	1	1	1	0	1.0	1.0	1.0	0	1	0	0.0
GC_00010514	1	1	1	0	1.0	1.0	1.0	0	1	0	0.0
GC_00010515	1	1	1	0	1.0	1.0	1.0	0	1	0	0.0
GC_00010516	1	1	1	0	1.0	1.0	1.0	0	1	0	0.0
GC_00010517	1	1	1	0	1.0	1.0	1.0	0	1	0	0.0
GC_00010518	1	1	1	0	1.0	1.0	1.0	0	1	0	0.0
GC_00010519	1	1	1	0	1.0	1.0	1.0	0	1	0	0.0
GC_00010520	1	1	1	0	1.0	1.0	1.0	0	1	0	0.0
GC_00010521	1	1	1	0	1.0	1.0	1.0	0	1	0	0.0
GC_00010522	1	1	1	0	1.0	1.0	1.0	1	0	0	1.0
GC_00010523	1	1	1	0	1.0	1.0	1.0	0	1	0	0.0
GC_00010524	1	1	1	0	1.0	1.0	1.0	0	1	0	0.0
GC_00010525	1	1	1	0	1.0	1.0	1.0	0	1	0	0.0
GC_00010526	1	1	1	0	1.0	1.0	1.0	0	1	0	0.0
GC_00010527	1	1	1	0	1.0	1.0	1.0	0	1	0	0.0
GC_00010528	1	1	1	0	1.0	1.0	1.0	0	1	0	0.0
GC_00010529	1	1	1	0	1.0	1.0	1.0	0	1	0	0.0
GC_00010530	1	1	1	0	1.0	1.0	1.0	0	1	0	0.0
GC_00010531	1	1	1	0	1.0	1.0	1.0	0	1	0	0.0
GC_00010532	1	1	1	0	1.0	1.0	1.0	0	1	0	0.0
GC_00010533	1	1	1	0	1.0	1.0	1.0	0	1	0	0.0
GC_00010534	1	1	1	0	1.0	1.0	1.0	0	1	0	0.0
GC_00010535	1	1	1	0	1.0	1.0	1.0	0	1	0	0.0
GC_00010536	1	1	1	0	1.0	1.0	1.0	0	1	0	0.0
GC_00010537	1	1	1	0	1.0	1.0	1.0	0	1	0	0.0
GC_00010538	1	1	1	0	1.0	1.0	1.0	0	1	0	0.0
GC_00010539	1	1	1	0	1.0	1.0	1.0	0	1	0	0.0
GC_00010540	1	1	1	0	1.0	1.0	1.0	0	1	0	0.0
GC_00010541	1	1	1	0	1.0	1.0	1.0	0	1	0	0.0
GC_00010542	1	1	1	0	1.0	1.0	1.0	0	1	0	0.0
GC_00010543	1	1	1	0	1.0	1.0	1.0	0	1	0	0.0
GC_00010544	1	1	1	0	1.0	1.0	1.0	0	1	0	0.0
GC_00010545	1	1	1	0	1.0	1.0	1.0	0	1	0	0.0
GC_00010546	1	1	1	0	1.0	1.0	1.0	0	1	0	0.0
GC_00010547	1	1	1	0	1.0	1.0	1.0	0	1	0	0.0
GC_00010548	1	1	1	0	1.0	1.0	1.0	0	1	0	0.0
GC_00010549	1	1	1	0	1.0	1.0	1.0	0	1	0	0.0
GC_00010550	1	1	1	0	1.0	1.0	1.0	0	1	0	0.0
GC_00010551	1	1	1	0	1.0	1.0	1.0	0	1	0	0.0
GC_00010552	1	1	1	0	1.0	1.0	1.0	0	1	0	0.0
GC_00010553	1	1	1	0	1.0	1.0	1.0	0	1	0	0.0
GC_00010554	1	1	1	0	1.0	1.0	1.0	0	1	0	0.0
GC_00010555	1	1	1	0	1.0	1.0	1.0	0	1	0	0.0
GC_00010556	1	1	1	0	1.0	1.0	1.0	0	1	0	0.0
GC_00010557	1	1	1	0	1.0	1.0	1.0	0	1	0	0.0
GC_00010558	1	1	1	0	1.0	1.0	1.0	0	1	0	0.0
GC_00010559	1	1	1	0	1.0	1.0	1.0	0	1	0	0.0
GC_00010560	1	1	1	0	1.0	1.0	1.0	0	1	0	0.0
GC_00010561	1	1	1	0	1.0	1.0	1.0	0	1	0	0.0
GC_00010562	1	1	1	0	1.0	1.0	1.0	0	1	0	0.0
GC_00010563	1	1	1	0	1.0	1.0	1.0	0	1	0	0.0
GC_00010564	1	1	1	0	1.0	1.0	1.0	0	1	0	0.0
GC_00010565	1	1	1	0	1.0	1.0	1.0	1	0	0	1.0
GC_00010566	1	1	1	0	1.0	1.0	1.0	0	1	0	0.0
GC_00010567	1	1	1	0	1.0	1.0	1.0	0	1	0	0.0
GC_00010568	1	1	1	0	1.0	1.0	1.0	0	1	0	0.0
GC_00010569	1	1	1	0	1.0	1.0	1.0	0	1	0	0.0
GC_00010570	1	1	1	0	1.0	1.0	1.0	0	1	0	0.0
GC_00010571	1	1	1	0	1.0	1.0	1.0	0	1	0	0.0
GC_00010572	1	1	1	0	1.0	1.0	1.0	0	1	0	0.0
GC_00010573	1	1	1	0	1.0	1.0	1.0	0	1	0	0.0
GC_00010574	1	1	1	0	1.0	1.0	1.0	0	1	0	0.0
GC_00010575	1	1	1	0	1.0	1.0	1.0	0	1	0	0.0
GC_00010576	1	1	1	0	1.0	1.0	1.0	0	1	0	0.0
GC_00010577	1	1	1	0	1.0	1.0	1.0	0	1	0	0.0
GC_00010578	1	1	1	0	1.0	1.0	1.0	0	1	0	0.0
GC_00010579	1	1	1	0	1.0	1.0	1.0	0	1	0	0.0
GC_00010580	1	1	1	0	1.0	1.0	1.0	0	1	0	0.0
GC_00010581	1	1	1	0	1.0	1.0	1.0	0	1	0	0.0
GC_00010582	1	1	1	0	1.0	1.0	1.0	0	1	0	0.0
GC_00010583	1	1	1	0	1.0	1.0	1.0	0	1	0	0.0
GC_00010584	1	1	1	0	1.0	1.0	1.0	0	1	0	0.0
GC_00010585	1	1	1	0	1.0	1.0	1.0	0	1	0	0.0
GC_00010586	1	1	1	0	1.0	1.0	1.0	0	1	0	0.0
GC_00010587	1	1	1	0	1.0	1.0	1.0	0	1	0	0.0
GC_00010588	1	1	1	0	1.0	1.0	1.0	0	1	0	0.0
GC_00010589	1	1	1	0	1.0	1.0	1.0	0	1	0	0.0
GC_00010590	1	1	1	0	1.0	1.0	1.0	0	1	0	0.0
GC_00010591	1	1	1	0	1.0	1.0	1.0	0	1	0	0.0
GC_00010592	1	1	1	0	1.0	1.0	1.0	0	1	0	0.0
GC_00010593	1	1	1	0	1.0	1.0	1.0	0	1	0	0.0
GC_00010594	1	1	1	0	1.0	1.0	1.0	0	1	0	0.0
GC_00010595	1	1	1	0	1.0	1.0	1.0	0	1	0	0.0
GC_00010596	1	1	1	0	1.0	1.0	1.0	0	1	0	0.0
GC_00010597	1	1	1	0	1.0	1.0	1.0	0	1	0	0.0
GC_00010598	1	1	1	0	1.0	1.0	1.0	0	1	0	0.0
GC_00010599	1	1	1	0	1.0	1.0	1.0	0	1	0	0.0
GC_00010600	1	1	1	0	1.0	1.0	1.0	0	1	0	0.0
GC_00010601	1	1	1	0	1.0	1.0	1.0	0	1	0	0.0
GC_00010602	1	1	1	0	1.0	1.0	1.0	0	1	0	0.0
GC_00010603	1	1	1	0	1.0	1.0	1.0	0	1	0	0.0
GC_00010604	1	1	1	0	1.0	1.0	1.0	0	1	0	0.0
GC_00010605	1	1	1	0	1.0	1.0	1.0	0	1	0	0.0
GC_00010606	1	1	1	0	1.0	1.0	1.0	0	1	0	0.0
GC_00010607	1	1	1	0	1.0	1.0	1.0	0	1	0	0.0
GC_00010608	1	1	1	0	1.0	1.0	1.0	0	1	0	0.0
GC_00010609	1	1	1	0	1.0	1.0	1.0	0	1	0	0.0
GC_00010610	1	1	1	0	1.0	1.0	1.0	0	1	0	0.0
GC_00010611	1	1	1	0	1.0	1.0	1.0	0	1	0	0.0
GC_00010612	1	1	1	0	1.0	1.0	1.0	0	1	0	0.0
GC_00010613	1	1	1	0	1.0	1.0	1.0	0	1	0	0.0
GC_00010614	1	1	1	0	1.0	1.0	1.0	0	1	0	0.0
GC_00010615	1	1	1	0	1.0	1.0	1.0	0	1	0	0.0
GC_00010616	1	1	1	0	1.0	1.0	1.0	0	1	0	0.0
GC_00010617	1	1	1	0	1.0	1.0	1.0	0	1	0	0.0
GC_00010618	1	1	1	0	1.0	1.0	1.0	0	1	0	0.0
GC_00010619	1	1	1	0	1.0	1.0	1.0	0	1	0	0.0
GC_00010620	1	1	1	0	1.0	1.0	1.0	0	1	0	0.0
GC_00010621	1	1	1	0	1.0	1.0	1.0	0	1	0	0.0
GC_00010622	1	1	1	0	1.0	1.0	1.0	0	1	0	0.0
GC_00010623	1	1	1	0	1.0	1.0	1.0	0	1	0	0.0
GC_00010624	1	1	1	0	1.0	1.0	1.0	0	1	0	0.0
GC_00010625	1	1	1	0	1.0	1.0	1.0	0	1	0	0.0
GC_00010626	1	1	1	0	1.0	1.0	1.0	0	1	0	0.0
GC_00010627	1	1	1	0	1.0	1.0	1.0	0	1	0	0.0
GC_00010628	1	1	1	0	1.0	1.0	1.0	0	1	0	0.0
GC_00010629	1	1	1	0	1.0	1.0	1.0	0	1	0	0.0
GC_00010630	1	1	1	0	1.0	1.0	1.0	0	1	0	0.0
GC_00010631	1	1	1	0	1.0	1.0	1.0	0	1	0	0.0
GC_00010632	1	1	1	0	1.0	1.0	1.0	0	1	0	0.0
GC_00010633	1	1	1	0	1.0	1.0	1.0	0	1	0	0.0
GC_00010634	1	1	1	0	1.0	1.0	1.0	0	1	0	0.0
GC_00010635	1	1	1	0	1.0	1.0	1.0	0	1	0	0.0
GC_00010636	1	1	1	0	1.0	1.0	1.0	0	1	0	0.0
GC_00010637	1	1	1	0	1.0	1.0	1.0	0	1	0	0.0
GC_00010638	1	1	1	0	1.0	1.0	1.0	0	1	0	0.0
GC_00010639	1	1	1	0	1.0	1.0	1.0	0	1	0	0.0
GC_00010640	1	1	1	0	1.0	1.0	1.0	0	1	0	0.0
GC_00010641	1	1	1	0	1.0	1.0	1.0	0	1	0	0.0
GC_00010642	1	1	1	0	1.0	1.0	1.0	0	1	0	0.0
GC_00010643	1	1	1	0	1.0	1.0	1.0	0	1	0	0.0
GC_00010644	1	1	1	0	1.0	1.0	1.0	0	1	0	0.0
GC_00010645	1	1	1	0	1.0	1.0	1.0	0	1	0	0.0
GC_00010646	1	1	1	0	1.0	1.0	1.0	0	1	0	0.0
GC_00010647	1	1	1	0	1.0	1.0	1.0	0	1	0	0.0
GC_00010648	1	1	1	0	1.0	1.0	1.0	0	1	0	0.0
GC_00010649	1	1	1	0	1.0	1.0	1.0	0	1	0	0.0
GC_00010650	1	1	1	0	1.0	1.0	1.0	0	1	0	0.0
GC_00010651	1	1	1	0	1.0	1.0	1.0	0	1	0	0.0
GC_00010652	1	1	1	0	1.0	1.0	1.0	0	1	0	0.0
GC_00010653	1	1	1	0	1.0	1.0	1.0	0	1	0	0.0
GC_00010654	1	1	1	0	1.0	1.0	1.0	0	1	0	0.0
GC_00010655	1	1	1	0	1.0	1.0	1.0	0	1	0	0.0
GC_00010656	1	1	1	0	1.0	1.0	1.0	0	1	0	0.0
GC_00010657	1	1	1	0	1.0	1.0	1.0	0	1	0	0.0
GC_00010658	1	1	1	0	1.0	1.0	1.0	0	1	0	0.0
GC_00010659	1	1	1	0	1.0	1.0	1.0	0	1	0	0.0
GC_00010660	1	1	1	0	1.0	1.0	1.0	0	1	0	0.0
GC_00010661	1	1	1	0	1.0	1.0	1.0	0	1	0	0.0
GC_00010662	1	1	1	0	1.0	1.0	1.0	0	1	0	0.0
GC_00010663	1	1	1	0	1.0	1.0	1.0	0	1	0	0.0
GC_00010664	1	1	1	0	1.0	1.0	1.0	0	1	0	0.0
GC_00010665	1	1	1	0	1.0	1.0	1.0	0	1	0	0.0
GC_00010666	1	1	1	0	1.0	1.0	1.0	0	1	0	0.0
GC_00010667	1	1	1	0	1.0	1.0	1.0	0	1	0	0.0
GC_00010668	1	1	1	0	1.0	1.0	1.0	0	1	0	0.0
GC_00010669	1	1	1	0	1.0	1.0	1.0	0	1	0	0.0
GC_00010670	1	1	1	0	1.0	1.0	1.0	0	1	0	0.0
GC_00010671	1	1	1	0	1.0	1.0	1.0	1	0	0	1.0
GC_00010672	1	1	1	0	1.0	1.0	1.0	0	1	0	0.0
GC_00010673	1	1	1	0	1.0	1.0	1.0	0	1	0	0.0
GC_00010674	1	1	1	0	1.0	1.0	1.0	0	1	0	0.0
GC_00010675	1	1	1	0	1.0	1.0	1.0	0	1	0	0.0
GC_00010676	1	1	1	0	1.0	1.0	1.0	0	1	0	0.0
GC_00010677	1	1	1	0	1.0	1.0	1.0	0	1	0	0.0
GC_00010678	1	1	1	0	1.0	1.0	1.0	0	1	0	0.0
GC_00010679	1	1	1	0	1.0	1.0	1.0	0	1	0	0.0
GC_00010680	1	1	1	0	1.0	1.0	1.0	0	1	0	0.0
GC_00010681	1	1	1	0	1.0	1.0	1.0	0	1	0	0.0
GC_00010682	1	1	1	0	1.0	1.0	1.0	0	1	0	0.0
GC_00010683	1	1	1	0	1.0	1.0	1.0	0	1	0	0.0
GC_00010684	1	1	1	0	1.0	1.0	1.0	0	1	0	0.0
GC_00010685	1	1	1	0	1.0	1.0	1.0	0	1	0	0.0
GC_00010686	1	1	1	0	1.0	1.0	1.0	0	1	0	0.0
GC_00010687	1	1	1	0	1.0	1.0	1.0	0	1	0	0.0
GC_00010688	1	1	1	0	1.0	1.0	1.0	0	1	0	0.0
GC_00010689	1	1	1	0	1.0	1.0	1.0	0	1	0	0.0
GC_00010690	1	1	1	0	1.0	1.0	1.0	0	1	0	0.0
GC_00010691	1	1	1	0	1.0	1.0	1.0	0	1	0	0.0
GC_00010692	1	1	1	0	1.0	1.0	1.0	0	1	0	0.0
GC_00010693	1	1	1	0	1.0	1.0	1.0	0	1	0	0.0
GC_00010694	1	1	1	0	1.0	1.0	1.0	0	1	0	0.0
GC_00010695	1	1	1	0	1.0	1.0	1.0	0	1	0	0.0
GC_00010696	1	1	1	0	1.0	1.0	1.0	0	1	0	0.0
GC_00010697	1	1	1	0	1.0	1.0	1.0	0	1	0	0.0
GC_00010698	1	1	1	0	1.0	1.0	1.0	0	1	0	0.0
GC_00010699	1	1	1	0	1.0	1.0	1.0	0	1	0	0.0
GC_00010700	1	1	1	0	1.0	1.0	1.0	0	1	0	0.0
GC_00010701	1	1	1	0	1.0	1.0	1.0	0	1	0	0.0
GC_00010702	1	1	1	0	1.0	1.0	1.0	0	1	0	0.0
GC_00010703	1	1	1	0	1.0	1.0	1.0	0	1	0	0.0
GC_00010704	1	1	1	0	1.0	1.0	1.0	0	1	0	0.0
GC_00010705	1	1	1	0	1.0	1.0	1.0	0	1	0	0.0
GC_00010706	1	1	1	0	1.0	1.0	1.0	0	1	0	0.0
GC_00010707	1	1	1	0	1.0	1.0	1.0	0	1	0	0.0
GC_00010708	1	1	1	0	1.0	1.0	1.0	0	1	0	0.0
GC_00010709	1	1	1	0	1.0	1.0	1.0	0	1	0	0.0
GC_00010710	1	1	1	0	1.0	1.0	1.0	0	1	0	0.0
GC_00010711	1	1	1	0	1.0	1.0	1.0	0	1	0	0.0
GC_00010712	1	1	1	0	1.0	1.0	1.0	0	1	0	0.0
GC_00010713	1	1	1	0	1.0	1.0	1.0	0	1	0	0.0
GC_00010714	1	1	1	0	1.0	1.0	1.0	0	1	0	0.0
GC_00010715	1	1	1	0	1.0	1.0	1.0	0	1	0	0.0
GC_00010716	1	1	1	0	1.0	1.0	1.0	0	1	0	0.0
GC_00010717	1	1	1	0	1.0	1.0	1.0	0	1	0	0.0
GC_00010718	1	1	1	0	1.0	1.0	1.0	0	1	0	0.0
GC_00010719	1	1	1	0	1.0	1.0	1.0	0	1	0	0.0
GC_00010720	1	1	1	0	1.0	1.0	1.0	0	1	0	0.0
GC_00010721	1	1	1	0	1.0	1.0	1.0	0	1	0	0.0
GC_00010722	1	1	1	0	1.0	1.0	1.0	0	1	0	0.0
GC_00010723	1	1	1	0	1.0	1.0	1.0	0	1	0	0.0
GC_00010724	1	1	1	0	1.0	1.0	1.0	0	1	0	0.0
GC_00010725	1	1	1	0	1.0	1.0	1.0	0	1	0	0.0
GC_00010726	1	1	1	0	1.0	1.0	1.0	0	1	0	0.0
GC_00010727	1	1	1	0	1.0	1.0	1.0	0	1	0	0.0
GC_00010728	1	1	1	0	1.0	1.0	1.0	0	1	0	0.0
GC_00010729	1	1	1	0	1.0	1.0	1.0	0	1	0	0.0
GC_00010730	1	1	1	0	1.0	1.0	1.0	0	1	0	0.0
GC_00010731	1	1	1	0	1.0	1.0	1.0	0	1	0	0.0
GC_00010732	1	1	1	0	1.0	1.0	1.0	0	1	0	0.0
GC_00010733	1	1	1	0	1.0	1.0	1.0	0	1	0	0.0
GC_00010734	1	1	1	0	1.0	1.0	1.0	0	1	0	0.0
GC_00010735	1	1	1	0	1.0	1.0	1.0	0	1	0	0.0
GC_00010736	1	1	1	0	1.0	1.0	1.0	0	1	0	0.0
GC_00010737	1	1	1	0	1.0	1.0	1.0	0	1	0	0.0
GC_00010738	1	1	1	0	1.0	1.0	1.0	0	1	0	0.0
GC_00010739	1	1	1	0	1.0	1.0	1.0	0	1	0	0.0
GC_00010740	1	1	1	0	1.0	1.0	1.0	0	1	0	0.0
GC_00010741	1	1	1	0	1.0	1.0	1.0	0	1	0	0.0
GC_00010742	1	1	1	0	1.0	1.0	1.0	0	1	0	0.0
GC_00010743	1	1	1	0	1.0	1.0	1.0	0	1	0	0.0
GC_00010744	1	1	1	0	1.0	1.0	1.0	0	1	0	0.0
GC_00010745	1	1	1	0	1.0	1.0	1.0	0	1	0	0.0
GC_00010746	1	1	1	0	1.0	1.0	1.0	0	1	0	0.0
GC_00010747	1	1	1	0	1.0	1.0	1.0	0	1	0	0.0
GC_00010748	1	1	1	0	1.0	1.0	1.0	0	1	0	0.0
GC_00010749	1	1	1	0	1.0	1.0	1.0	0	1	0	0.0
GC_00010750	1	1	1	0	1.0	1.0	1.0	0	1	0	0.0
GC_00010751	1	1	1	0	1.0	1.0	1.0	0	1	0	0.0
GC_00010752	1	1	1	0	1.0	1.0	1.0	0	1	0	0.0
GC_00010753	1	1	1	0	1.0	1.0	1.0	0	1	0	0.0
GC_00010754	1	1	1	0	1.0	1.0	1.0	0	1	0	0.0
GC_00010755	1	1	1	0	1.0	1.0	1.0	0	1	0	0.0
GC_00010756	1	1	1	0	1.0	1.0	1.0	0	1	0	0.0
GC_00010757	1	1	1	0	1.0	1.0	1.0	1	0	0	1.0
GC_00010758	1	1	1	0	1.0	1.0	1.0	0	1	0	0.0
GC_00010759	1	1	1	0	1.0	1.0	1.0	0	1	0	0.0
GC_00010760	1	1	1	0	1.0	1.0	1.0	0	1	0	0.0
GC_00010761	1	1	1	0	1.0	1.0	1.0	0	1	0	0.0
GC_00010762	1	1	1	0	1.0	1.0	1.0	0	1	0	0.0
GC_00010763	1	1	1	0	1.0	1.0	1.0	0	1	0	0.0
GC_00010764	1	1	1	0	1.0	1.0	1.0	0	1	0	0.0
GC_00010765	1	1	1	0	1.0	1.0	1.0	0	1	0	0.0
GC_00010766	1	1	1	0	1.0	1.0	1.0	0	1	0	0.0
GC_00010767	1	1	1	0	1.0	1.0	1.0	0	1	0	0.0
GC_00010768	1	1	1	0	1.0	1.0	1.0	0	1	0	0.0
GC_00010769	1	1	1	0	1.0	1.0	1.0	0	1	0	0.0
GC_00010770	1	1	1	0	1.0	1.0	1.0	0	1	0	0.0
GC_00010771	1	1	1	0	1.0	1.0	1.0	0	1	0	0.0
GC_00010772	1	1	1	0	1.0	1.0	1.0	0	1	0	0.0
GC_00010773	1	1	1	0	1.0	1.0	1.0	0	1	0	0.0
GC_00010774	1	1	1	0	1.0	1.0	1.0	0	1	0	0.0
GC_00010775	1	1	1	0	1.0	1.0	1.0	0	1	0	0.0
GC_00010776	1	1	1	0	1.0	1.0	1.0	0	1	0	0.0
GC_00010777	1	1	1	0	1.0	1.0	1.0	0	1	0	0.0
GC_00010778	1	1	1	0	1.0	1.0	1.0	0	1	0	0.0
GC_00010779	1	1	1	0	1.0	1.0	1.0	0	1	0	0.0
GC_00010780	1	1	1	0	1.0	1.0	1.0	0	1	0	0.0
GC_00010781	1	1	1	0	1.0	1.0	1.0	0	1	0	0.0
GC_00010782	1	1	1	0	1.0	1.0	1.0	1	0	0	1.0
GC_00010783	1	1	1	0	1.0	1.0	1.0	0	1	0	0.0
GC_00010784	1	1	1	0	1.0	1.0	1.0	0	1	0	0.0
GC_00010785	1	1	1	0	1.0	1.0	1.0	0	1	0	0.0
GC_00010786	1	1	1	0	1.0	1.0	1.0	0	1	0	0.0
GC_00010787	1	1	1	0	1.0	1.0	1.0	0	1	0	0.0
GC_00010788	1	1	1	0	1.0	1.0	1.0	0	1	0	0.0
GC_00010789	1	1	1	0	1.0	1.0	1.0	0	1	0	0.0
GC_00010790	1	1	1	0	1.0	1.0	1.0	0	1	0	0.0
GC_00010791	1	1	1	0	1.0	1.0	1.0	0	1	0	0.0
GC_00010792	1	1	1	0	1.0	1.0	1.0	0	1	0	0.0
GC_00010793	1	1	1	0	1.0	1.0	1.0	0	1	0	0.0
GC_00010794	1	1	1	0	1.0	1.0	1.0	0	1	0	0.0
GC_00010795	1	1	1	0	1.0	1.0	1.0	0	1	0	0.0
GC_00010796	1	1	1	0	1.0	1.0	1.0	0	1	0	0.0
GC_00010797	1	1	1	0	1.0	1.0	1.0	0	1	0	0.0
GC_00010798	1	1	1	0	1.0	1.0	1.0	0	1	0	0.0
GC_00010799	1	1	1	0	1.0	1.0	1.0	0	1	0	0.0
GC_00010800	1	1	1	0	1.0	1.0	1.0	0	1	0	0.0
GC_00010801	1	1	1	0	1.0	1.0	1.0	0	1	0	0.0
GC_00010802	1	1	1	0	1.0	1.0	1.0	0	1	0	0.0
GC_00010803	1	1	1	0	1.0	1.0	1.0	0	1	0	0.0
GC_00010804	1	1	1	0	1.0	1.0	1.0	0	1	0	0.0
GC_00010805	1	1	1	0	1.0	1.0	1.0	0	1	0	0.0
GC_00010806	1	1	1	0	1.0	1.0	1.0	0	1	0	0.0
GC_00010807	1	1	1	0	1.0	1.0	1.0	0	1	0	0.0
GC_00010808	1	1	1	0	1.0	1.0	1.0	0	1	0	0.0
GC_00010809	1	1	1	0	1.0	1.0	1.0	0	1	0	0.0
GC_00010810	1	1	1	0	1.0	1.0	1.0	0	1	0	0.0
GC_00010811	1	1	1	0	1.0	1.0	1.0	0	1	0	0.0
GC_00010812	1	1	1	0	1.0	1.0	1.0	0	1	0	0.0
GC_00010813	1	1	1	0	1.0	1.0	1.0	0	1	0	0.0
GC_00010814	1	1	1	0	1.0	1.0	1.0	0	1	0	0.0
GC_00010815	1	1	1	0	1.0	1.0	1.0	0	1	0	0.0
GC_00010816	1	1	1	0	1.0	1.0	1.0	0	1	0	0.0
GC_00010817	1	1	1	0	1.0	1.0	1.0	0	1	0	0.0
GC_00010818	1	1	1	0	1.0	1.0	1.0	0	1	0	0.0
GC_00010819	1	1	1	0	1.0	1.0	1.0	0	1	0	0.0
GC_00010820	1	1	1	0	1.0	1.0	1.0	0	1	0	0.0
GC_00010821	1	1	1	0	1.0	1.0	1.0	0	1	0	0.0
GC_00010822	1	1	1	0	1.0	1.0	1.0	0	1	0	0.0
GC_00010823	1	1	1	0	1.0	1.0	1.0	0	1	0	0.0
GC_00010824	1	1	1	0	1.0	1.0	1.0	0	1	0	0.0
GC_00010825	1	1	1	0	1.0	1.0	1.0	0	1	0	0.0
GC_00010826	1	1	1	0	1.0	1.0	1.0	0	1	0	0.0
GC_00010827	1	1	1	0	1.0	1.0	1.0	0	1	0	0.0
GC_00010828	1	1	1	0	1.0	1.0	1.0	0	1	0	0.0
GC_00010829	1	1	1	0	1.0	1.0	1.0	0	1	0	0.0
GC_00010830	1	1	1	0	1.0	1.0	1.0	0	1	0	0.0
GC_00010831	1	1	1	0	1.0	1.0	1.0	0	1	0	0.0
GC_00010832	1	1	1	0	1.0	1.0	1.0	0	1	0	0.0
GC_00010833	1	1	1	0	1.0	1.0	1.0	0	1	0	0.0
GC_00010834	1	1	1	0	1.0	1.0	1.0	0	1	0	0.0
GC_00010835	1	1	1	0	1.0	1.0	1.0	0	1	0	0.0
GC_00010836	1	1	1	0	1.0	1.0	1.0	0	1	0	0.0
GC_00010837	1	1	1	0	1.0	1.0	1.0	0	1	0	0.0
GC_00010838	1	1	1	0	1.0	1.0	1.0	0	1	0	0.0
GC_00010839	1	1	1	0	1.0	1.0	1.0	0	1	0	0.0
GC_00010840	1	1	1	0	1.0	1.0	1.0	0	1	0	0.0
GC_00010841	1	1	1	0	1.0	1.0	1.0	0	1	0	0.0
GC_00010842	1	1	1	0	1.0	1.0	1.0	0	1	0	0.0
GC_00010843	1	1	1	0	1.0	1.0	1.0	0	1	0	0.0
GC_00010844	1	1	1	0	1.0	1.0	1.0	0	1	0	0.0
GC_00010845	1	1	1	0	1.0	1.0	1.0	0	1	0	0.0
GC_00010846	1	1	1	0	1.0	1.0	1.0	0	1	0	0.0
GC_00010847	1	1	1	0	1.0	1.0	1.0	0	1	0	0.0
GC_00010848	1	1	1	0	1.0	1.0	1.0	0	1	0	0.0
GC_00010849	1	1	1	0	1.0	1.0	1.0	0	1	0	0.0
GC_00010850	1	1	1	0	1.0	1.0	1.0	0	1	0	0.0
GC_00010851	1	1	1	0	1.0	1.0	1.0	0	1	0	0.0
GC_00010852	1	1	1	0	1.0	1.0	1.0	0	1	0	0.0
GC_00010853	1	1	1	0	1.0	1.0	1.0	0	1	0	0.0
GC_00010854	1	1	1	0	1.0	1.0	1.0	0	1	0	0.0
GC_00010855	1	1	1	0	1.0	1.0	1.0	0	1	0	0.0
GC_00010856	1	1	1	0	1.0	1.0	1.0	0	1	0	0.0
GC_00010857	1	1	1	0	1.0	1.0	1.0	0	1	0	0.0
GC_00010858	1	1	1	0	1.0	1.0	1.0	0	1	0	0.0
GC_00010859	1	1	1	0	1.0	1.0	1.0	0	1	0	0.0
GC_00010860	1	1	1	0	1.0	1.0	1.0	0	1	0	0.0
GC_00010861	1	1	1	0	1.0	1.0	1.0	0	1	0	0.0
GC_00010862	1	1	1	0	1.0	1.0	1.0	0	1	0	0.0
GC_00010863	1	1	1	0	1.0	1.0	1.0	0	1	0	0.0
GC_00010864	1	1	1	0	1.0	1.0	1.0	0	1	0	0.0
GC_00010865	1	1	1	0	1.0	1.0	1.0	1	0	0	1.0
GC_00010866	1	1	1	0	1.0	1.0	1.0	0	1	0	0.0
GC_00010867	1	1	1	0	1.0	1.0	1.0	0	1	0	0.0
GC_00010868	1	1	1	0	1.0	1.0	1.0	0	1	0	0.0
GC_00010869	1	1	1	0	1.0	1.0	1.0	0	1	0	0.0
GC_00010870	1	1	1	0	1.0	1.0	1.0	0	1	0	0.0
GC_00010871	1	1	1	0	1.0	1.0	1.0	0	1	0	0.0
GC_00010872	1	1	1	0	1.0	1.0	1.0	0	1	0	0.0
GC_00010873	1	1	1	0	1.0	1.0	1.0	0	1	0	0.0
GC_00010874	1	1	1	0	1.0	1.0	1.0	0	1	0	0.0
GC_00010875	1	1	1	0	1.0	1.0	1.0	0	1	0	0.0
GC_00010876	1	1	1	0	1.0	1.0	1.0	0	1	0	0.0
GC_00010877	1	1	1	0	1.0	1.0	1.0	0	1	0	0.0
GC_00010878	1	1	1	0	1.0	1.0	1.0	0	1	0	0.0
GC_00010879	1	1	1	0	1.0	1.0	1.0	0	1	0	0.0
GC_00010880	1	1	1	0	1.0	1.0	1.0	0	1	0	0.0
GC_00010881	1	1	1	0	1.0	1.0	1.0	0	1	0	0.0
GC_00010882	1	1	1	0	1.0	1.0	1.0	0	1	0	0.0
GC_00010883	1	1	1	0	1.0	1.0	1.0	0	1	0	0.0
GC_00010884	1	1	1	0	1.0	1.0	1.0	0	1	0	0.0
GC_00010885	1	1	1	0	1.0	1.0	1.0	0	1	0	0.0
GC_00010886	1	1	1	0	1.0	1.0	1.0	0	1	0	0.0
GC_00010887	1	1	1	0	1.0	1.0	1.0	0	1	0	0.0
GC_00010888	1	1	1	0	1.0	1.0	1.0	0	1	0	0.0
GC_00010889	1	1	1	0	1.0	1.0	1.0	0	1	0	0.0
GC_00010890	1	1	1	0	1.0	1.0	1.0	0	1	0	0.0
GC_00010891	1	1	1	0	1.0	1.0	1.0	0	1	0	0.0
GC_00010892	1	1	1	0	1.0	1.0	1.0	0	1	0	0.0
GC_00010893	1	1	1	0	1.0	1.0	1.0	0	1	0	0.0
GC_00010894	1	1	1	0	1.0	1.0	1.0	0	1	0	0.0
GC_00010895	1	1	1	0	1.0	1.0	1.0	0	1	0	0.0
GC_00010896	1	1	1	0	1.0	1.0	1.0	0	1	0	0.0
GC_00010897	1	1	1	0	1.0	1.0	1.0	0	1	0	0.0
GC_00010898	1	1	1	0	1.0	1.0	1.0	0	1	0	0.0
GC_00010899	1	1	1	0	1.0	1.0	1.0	0	1	0	0.0
GC_00010900	1	1	1	0	1.0	1.0	1.0	0	1	0	0.0
GC_00010901	1	1	1	0	1.0	1.0	1.0	1	0	0	1.0
GC_00010902	1	1	1	0	1.0	1.0	1.0	0	1	0	0.0
GC_00010903	1	1	1	0	1.0	1.0	1.0	0	1	0	0.0
GC_00010904	1	1	1	0	1.0	1.0	1.0	0	1	0	0.0
GC_00010905	1	1	1	0	1.0	1.0	1.0	0	1	0	0.0
GC_00010906	1	1	1	0	1.0	1.0	1.0	0	1	0	0.0
GC_00010907	1	1	1	0	1.0	1.0	1.0	0	1	0	0.0
GC_00010908	1	1	1	0	1.0	1.0	1.0	0	1	0	0.0
GC_00010909	1	1	1	0	1.0	1.0	1.0	0	1	0	0.0
GC_00010910	1	1	1	0	1.0	1.0	1.0	0	1	0	0.0
GC_00010911	1	1	1	0	1.0	1.0	1.0	0	1	0	0.0
GC_00010912	1	1	1	0	1.0	1.0	1.0	0	1	0	0.0
GC_00010913	1	1	1	0	1.0	1.0	1.0	0	1	0	0.0
GC_00010914	1	1	1	0	1.0	1.0	1.0	0	1	0	0.0
GC_00010915	1	1	1	0	1.0	1.0	1.0	0	1	0	0.0
GC_00010916	1	1	1	0	1.0	1.0	1.0	0	1	0	0.0
GC_00010917	1	1	1	0	1.0	1.0	1.0	0	1	0	0.0
GC_00010918	1	1	1	0	1.0	1.0	1.0	0	1	0	0.0
GC_00010919	1	1	1	0	1.0	1.0	1.0	0	1	0	0.0
GC_00010920	1	1	1	0	1.0	1.0	1.0	0	1	0	0.0
GC_00010921	1	1	1	0	1.0	1.0	1.0	0	1	0	0.0
GC_00010922	1	1	1	0	1.0	1.0	1.0	0	1	0	0.0
GC_00010923	1	1	1	0	1.0	1.0	1.0	0	1	0	0.0
GC_00010924	1	1	1	0	1.0	1.0	1.0	0	1	0	0.0
GC_00010925	1	1	1	0	1.0	1.0	1.0	0	1	0	0.0
GC_00010926	1	1	1	0	1.0	1.0	1.0	0	1	0	0.0
GC_00010927	1	1	1	0	1.0	1.0	1.0	0	1	0	0.0
GC_00010928	1	1	1	0	1.0	1.0	1.0	0	1	0	0.0
GC_00010929	1	1	1	0	1.0	1.0	1.0	0	1	0	0.0
GC_00010930	1	1	1	0	1.0	1.0	1.0	0	1	0	0.0
GC_00010931	1	1	1	0	1.0	1.0	1.0	0	1	0	0.0
GC_00010932	1	1	1	0	1.0	1.0	1.0	0	1	0	0.0
GC_00010933	1	1	1	0	1.0	1.0	1.0	0	1	0	0.0
GC_00010934	1	1	1	0	1.0	1.0	1.0	0	1	0	0.0
GC_00010935	1	1	1	0	1.0	1.0	1.0	0	1	0	0.0
GC_00010936	1	1	1	0	1.0	1.0	1.0	0	1	0	0.0
GC_00010937	1	1	1	0	1.0	1.0	1.0	0	1	0	0.0
GC_00010938	1	1	1	0	1.0	1.0	1.0	0	1	0	0.0
GC_00010939	1	1	1	0	1.0	1.0	1.0	0	1	0	0.0
GC_00010940	1	1	1	0	1.0	1.0	1.0	0	1	0	0.0
GC_00010941	1	1	1	0	1.0	1.0	1.0	0	1	0	0.0
GC_00010942	1	1	1	0	1.0	1.0	1.0	0	1	0	0.0
GC_00010943	1	1	1	0	1.0	1.0	1.0	0	1	0	0.0
GC_00010944	1	1	1	0	1.0	1.0	1.0	0	1	0	0.0
GC_00010945	1	1	1	0	1.0	1.0	1.0	0	1	0	0.0
GC_00010946	1	1	1	0	1.0	1.0	1.0	0	1	0	0.0
GC_00010947	1	1	1	0	1.0	1.0	1.0	0	1	0	0.0
GC_00010948	1	1	1	0	1.0	1.0	1.0	0	1	0	0.0
GC_00010949	1	1	1	0	1.0	1.0	1.0	0	1	0	0.0
GC_00010950	1	1	1	0	1.0	1.0	1.0	0	1	0	0.0
GC_00010951	1	1	1	0	1.0	1.0	1.0	0	1	0	0.0
GC_00010952	1	1	1	0	1.0	1.0	1.0	0	1	0	0.0
GC_00010953	1	1	1	0	1.0	1.0	1.0	0	1	0	0.0
GC_00010954	1	1	1	0	1.0	1.0	1.0	1	0	0	1.0
GC_00010955	1	1	1	0	1.0	1.0	1.0	0	1	0	0.0
GC_00010956	1	1	1	0	1.0	1.0	1.0	0	1	0	0.0
GC_00010957	1	1	1	0	1.0	1.0	1.0	0	1	0	0.0
GC_00010958	1	1	1	0	1.0	1.0	1.0	0	1	0	0.0
GC_00010959	1	1	1	0	1.0	1.0	1.0	0	1	0	0.0
GC_00010960	1	1	1	0	1.0	1.0	1.0	0	1	0	0.0
GC_00010961	1	1	1	0	1.0	1.0	1.0	0	1	0	0.0
GC_00010962	1	1	1	0	1.0	1.0	1.0	0	1	0	0.0
GC_00010963	1	1	1	0	1.0	1.0	1.0	0	1	0	0.0
GC_00010964	1	1	1	0	1.0	1.0	1.0	0	1	0	0.0
GC_00010965	1	1	1	0	1.0	1.0	1.0	0	1	0	0.0
GC_00010966	1	1	1	0	1.0	1.0	1.0	0	1	0	0.0
GC_00010967	1	1	1	0	1.0	1.0	1.0	0	1	0	0.0
GC_00010968	1	1	1	0	1.0	1.0	1.0	0	1	0	0.0
GC_00010969	1	1	1	0	1.0	1.0	1.0	0	1	0	0.0
GC_00010970	1	1	1	0	1.0	1.0	1.0	0	1	0	0.0
GC_00010971	1	1	1	0	1.0	1.0	1.0	0	1	0	0.0
GC_00010972	1	1	1	0	1.0	1.0	1.0	0	1	0	0.0
GC_00010973	1	1	1	0	1.0	1.0	1.0	0	1	0	0.0
GC_00010974	1	1	1	0	1.0	1.0	1.0	0	1	0	0.0
GC_00010975	1	1	1	0	1.0	1.0	1.0	0	1	0	0.0
GC_00010976	1	1	1	0	1.0	1.0	1.0	0	1	0	0.0
GC_00010977	1	1	1	0	1.0	1.0	1.0	0	1	0	0.0
GC_00010978	1	1	1	0	1.0	1.0	1.0	0	1	0	0.0
GC_00010979	1	1	1	0	1.0	1.0	1.0	0	1	0	0.0
GC_00010980	1	1	1	0	1.0	1.0	1.0	0	1	0	0.0
GC_00010981	1	1	1	0	1.0	1.0	1.0	0	1	0	0.0
GC_00010982	1	1	1	0	1.0	1.0	1.0	0	1	0	0.0
GC_00010983	1	1	1	0	1.0	1.0	1.0	0	1	0	0.0
GC_00010984	1	1	1	0	1.0	1.0	1.0	0	1	0	0.0
GC_00010985	1	1	1	0	1.0	1.0	1.0	0	1	0	0.0
GC_00010986	1	1	1	0	1.0	1.0	1.0	0	1	0	0.0
GC_00010987	1	1	1	0	1.0	1.0	1.0	0	1	0	0.0
GC_00010988	1	1	1	0	1.0	1.0	1.0	0	1	0	0.0
GC_00010989	1	1	1	0	1.0	1.0	1.0	0	1	0	0.0
GC_00010990	1	1	1	0	1.0	1.0	1.0	0	1	0	0.0
GC_00010991	1	1	1	0	1.0	1.0	1.0	0	1	0	0.0
GC_00010992	1	1	1	0	1.0	1.0	1.0	0	1	0	0.0
GC_00010993	1	1	1	0	1.0	1.0	1.0	0	1	0	0.0
GC_00010994	1	1	1	0	1.0	1.0	1.0	0	1	0	0.0
GC_00010995	1	1	1	0	1.0	1.0	1.0	0	1	0	0.0
GC_00010996	1	1	1	0	1.0	1.0	1.0	0	1	0	0.0
GC_00010997	1	1	1	0	1.0	1.0	1.0	0	1	0	0.0
GC_00010998	1	1	1	0	1.0	1.0	1.0	0	1	0	0.0
GC_00010999	1	1	1	0	1.0	1.0	1.0	0	1	0	0.0
GC_00011000	1	1	1	0	1.0	1.0	1.0	0	1	0	0.0
GC_00011001	1	1	1	0	1.0	1.0	1.0	0	1	0	0.0
GC_00011002	1	1	1	0	1.0	1.0	1.0	0	1	0	0.0
GC_00011003	1	1	1	0	1.0	1.0	1.0	0	1	0	0.0
GC_00011004	1	1	1	0	1.0	1.0	1.0	0	1	0	0.0
GC_00011005	1	1	1	0	1.0	1.0	1.0	0	1	0	0.0
GC_00011006	1	1	1	0	1.0	1.0	1.0	0	1	0	0.0
GC_00011007	1	1	1	0	1.0	1.0	1.0	0	1	0	0.0
GC_00011008	1	1	1	0	1.0	1.0	1.0	0	1	0	0.0
GC_00011009	1	1	1	0	1.0	1.0	1.0	0	1	0	0.0
GC_00011010	1	1	1	0	1.0	1.0	1.0	0	1	0	0.0
GC_00011011	1	1	1	0	1.0	1.0	1.0	0	1	0	0.0
GC_00011012	1	1	1	0	1.0	1.0	1.0	0	1	0	0.0
GC_00011013	1	1	1	0	1.0	1.0	1.0	0	1	0	0.0
GC_00011014	1	1	1	0	1.0	1.0	1.0	0	1	0	0.0
GC_00011015	1	1	1	0	1.0	1.0	1.0	0	1	0	0.0
GC_00011016	1	1	1	0	1.0	1.0	1.0	0	1	0	0.0
GC_00011017	1	1	1	0	1.0	1.0	1.0	0	1	0	0.0
GC_00011018	1	1	1	0	1.0	1.0	1.0	0	1	0	0.0
GC_00011019	1	1	1	0	1.0	1.0	1.0	0	1	0	0.0
GC_00011020	1	1	1	0	1.0	1.0	1.0	0	1	0	0.0
GC_00011021	1	1	1	0	1.0	1.0	1.0	0	1	0	0.0
GC_00011022	1	1	1	0	1.0	1.0	1.0	0	1	0	0.0
GC_00011023	1	1	1	0	1.0	1.0	1.0	0	1	0	0.0
GC_00011024	1	1	1	0	1.0	1.0	1.0	0	1	0	0.0
GC_00011025	1	1	1	0	1.0	1.0	1.0	0	1	0	0.0
GC_00011026	1	1	1	0	1.0	1.0	1.0	0	1	0	0.0
GC_00011027	1	1	1	0	1.0	1.0	1.0	0	1	0	0.0
GC_00011028	1	1	1	0	1.0	1.0	1.0	0	1	0	0.0
GC_00011029	1	1	1	0	1.0	1.0	1.0	0	1	0	0.0
GC_00011030	1	1	1	0	1.0	1.0	1.0	0	1	0	0.0
GC_00011031	1	1	1	0	1.0	1.0	1.0	0	1	0	0.0
GC_00011032	1	1	1	0	1.0	1.0	1.0	0	1	0	0.0
GC_00011033	1	1	1	0	1.0	1.0	1.0	1	0	0	1.0
GC_00011034	1	1	1	0	1.0	1.0	1.0	0	1	0	0.0
GC_00011035	1	1	1	0	1.0	1.0	1.0	0	1	0	0.0
GC_00011036	1	1	1	0	1.0	1.0	1.0	0	1	0	0.0
GC_00011037	1	1	1	0	1.0	1.0	1.0	0	1	0	0.0
GC_00011038	1	1	1	0	1.0	1.0	1.0	0	1	0	0.0
GC_00011039	1	1	1	0	1.0	1.0	1.0	0	1	0	0.0
GC_00011040	1	1	1	0	1.0	1.0	1.0	0	1	0	0.0
GC_00011041	1	1	1	0	1.0	1.0	1.0	0	1	0	0.0
GC_00011042	1	1	1	0	1.0	1.0	1.0	0	1	0	0.0
GC_00011043	1	1	1	0	1.0	1.0	1.0	0	1	0	0.0
GC_00011044	1	1	1	0	1.0	1.0	1.0	0	1	0	0.0
GC_00011045	1	1	1	0	1.0	1.0	1.0	0	1	0	0.0
GC_00011046	1	1	1	0	1.0	1.0	1.0	0	1	0	0.0
GC_00011047	1	1	1	0	1.0	1.0	1.0	0	1	0	0.0
GC_00011048	1	1	1	0	1.0	1.0	1.0	0	1	0	0.0
GC_00011049	1	1	1	0	1.0	1.0	1.0	0	1	0	0.0
GC_00011050	1	1	1	0	1.0	1.0	1.0	0	1	0	0.0
GC_00011051	1	1	1	0	1.0	1.0	1.0	0	1	0	0.0
GC_00011052	1	1	1	0	1.0	1.0	1.0	0	1	0	0.0
GC_00011053	1	1	1	0	1.0	1.0	1.0	0	1	0	0.0
GC_00011054	1	1	1	0	1.0	1.0	1.0	0	1	0	0.0
GC_00011055	1	1	1	0	1.0	1.0	1.0	0	1	0	0.0
GC_00011056	1	1	1	0	1.0	1.0	1.0	0	1	0	0.0
GC_00011057	1	1	1	0	1.0	1.0	1.0	0	1	0	0.0
GC_00011058	1	1	1	0	1.0	1.0	1.0	0	1	0	0.0
GC_00011059	1	1	1	0	1.0	1.0	1.0	0	1	0	0.0
GC_00011060	1	1	1	0	1.0	1.0	1.0	0	1	0	0.0
GC_00011061	1	1	1	0	1.0	1.0	1.0	0	1	0	0.0
GC_00011062	1	1	1	0	1.0	1.0	1.0	0	1	0	0.0
GC_00011063	1	1	1	0	1.0	1.0	1.0	0	1	0	0.0
GC_00011064	1	1	1	0	1.0	1.0	1.0	0	1	0	0.0
GC_00011065	1	1	1	0	1.0	1.0	1.0	0	1	0	0.0
GC_00011066	1	1	1	0	1.0	1.0	1.0	0	1	0	0.0
GC_00011067	1	1	1	0	1.0	1.0	1.0	0	1	0	0.0
GC_00011068	1	1	1	0	1.0	1.0	1.0	0	1	0	0.0
GC_00011069	1	1	1	0	1.0	1.0	1.0	0	1	0	0.0
GC_00011070	1	1	1	0	1.0	1.0	1.0	0	1	0	0.0
GC_00011071	1	1	1	0	1.0	1.0	1.0	0	1	0	0.0
GC_00011072	1	1	1	0	1.0	1.0	1.0	0	1	0	0.0
GC_00011073	1	1	1	0	1.0	1.0	1.0	0	1	0	0.0
GC_00011074	1	1	1	0	1.0	1.0	1.0	0	1	0	0.0
GC_00011075	1	1	1	0	1.0	1.0	1.0	0	1	0	0.0
GC_00011076	1	1	1	0	1.0	1.0	1.0	0	1	0	0.0
GC_00011077	1	1	1	0	1.0	1.0	1.0	0	1	0	0.0
GC_00011078	1	1	1	0	1.0	1.0	1.0	0	1	0	0.0
GC_00011079	1	1	1	0	1.0	1.0	1.0	0	1	0	0.0
GC_00011080	1	1	1	0	1.0	1.0	1.0	0	1	0	0.0
GC_00011081	1	1	1	0	1.0	1.0	1.0	0	1	0	0.0
GC_00011082	1	1	1	0	1.0	1.0	1.0	0	1	0	0.0
GC_00011083	1	1	1	0	1.0	1.0	1.0	0	1	0	0.0
GC_00011084	1	1	1	0	1.0	1.0	1.0	0	1	0	0.0
GC_00011085	1	1	1	0	1.0	1.0	1.0	0	1	0	0.0
GC_00011086	1	1	1	0	1.0	1.0	1.0	0	1	0	0.0
GC_00011087	1	1	1	0	1.0	1.0	1.0	0	1	0	0.0
GC_00011088	1	1	1	0	1.0	1.0	1.0	0	1	0	0.0
GC_00011089	1	1	1	0	1.0	1.0	1.0	0	1	0	0.0
GC_00011090	1	1	1	0	1.0	1.0	1.0	0	1	0	0.0
GC_00011091	1	1	1	0	1.0	1.0	1.0	0	1	0	0.0
GC_00011092	1	1	1	0	1.0	1.0	1.0	0	1	0	0.0
GC_00011093	1	1	1	0	1.0	1.0	1.0	0	1	0	0.0
GC_00011094	1	1	1	0	1.0	1.0	1.0	0	1	0	0.0
GC_00011095	1	1	1	0	1.0	1.0	1.0	0	1	0	0.0
GC_00011096	1	1	1	0	1.0	1.0	1.0	0	1	0	0.0
GC_00011097	1	1	1	0	1.0	1.0	1.0	0	1	0	0.0
GC_00011098	1	1	1	0	1.0	1.0	1.0	0	1	0	0.0
GC_00011099	1	1	1	0	1.0	1.0	1.0	0	1	0	0.0
GC_00011100	1	1	1	0	1.0	1.0	1.0	0	1	0	0.0
GC_00011101	1	1	1	0	1.0	1.0	1.0	0	1	0	0.0
GC_00011102	1	1	1	0	1.0	1.0	1.0	0	1	0	0.0
GC_00011103	1	1	1	0	1.0	1.0	1.0	0	1	0	0.0
GC_00011104	1	1	1	0	1.0	1.0	1.0	0	1	0	0.0
GC_00011105	1	1	1	0	1.0	1.0	1.0	1	0	0	1.0
GC_00011106	1	1	1	0	1.0	1.0	1.0	0	1	0	0.0
GC_00011107	1	1	1	0	1.0	1.0	1.0	0	1	0	0.0
GC_00011108	1	1	1	0	1.0	1.0	1.0	0	1	0	0.0
GC_00011109	1	1	1	0	1.0	1.0	1.0	0	1	0	0.0
GC_00011110	1	1	1	0	1.0	1.0	1.0	0	1	0	0.0
GC_00011111	1	1	1	0	1.0	1.0	1.0	0	1	0	0.0
GC_00011112	1	1	1	0	1.0	1.0	1.0	0	1	0	0.0
GC_00011113	1	1	1	0	1.0	1.0	1.0	0	1	0	0.0
GC_00011114	1	1	1	0	1.0	1.0	1.0	0	1	0	0.0
GC_00011115	1	1	1	0	1.0	1.0	1.0	0	1	0	0.0
GC_00011116	1	1	1	0	1.0	1.0	1.0	0	1	0	0.0
GC_00011117	1	1	1	0	1.0	1.0	1.0	0	1	0	0.0
GC_00011118	1	1	1	0	1.0	1.0	1.0	0	1	0	0.0
GC_00011119	1	1	1	0	1.0	1.0	1.0	0	1	0	0.0
GC_00011120	1	1	1	0	1.0	1.0	1.0	0	1	0	0.0
GC_00011121	1	1	1	0	1.0	1.0	1.0	0	1	0	0.0
GC_00011122	1	1	1	0	1.0	1.0	1.0	0	1	0	0.0
GC_00011123	1	1	1	0	1.0	1.0	1.0	0	1	0	0.0
GC_00011124	1	1	1	0	1.0	1.0	1.0	0	1	0	0.0
GC_00011125	1	1	1	0	1.0	1.0	1.0	0	1	0	0.0
GC_00011126	1	1	1	0	1.0	1.0	1.0	0	1	0	0.0
GC_00011127	1	1	1	0	1.0	1.0	1.0	0	1	0	0.0
GC_00011128	1	1	1	0	1.0	1.0	1.0	0	1	0	0.0
GC_00011129	1	1	1	0	1.0	1.0	1.0	0	1	0	0.0
GC_00011130	1	1	1	0	1.0	1.0	1.0	0	1	0	0.0
GC_00011131	1	1	1	0	1.0	1.0	1.0	0	1	0	0.0
GC_00011132	1	1	1	0	1.0	1.0	1.0	0	1	0	0.0
GC_00011133	1	1	1	0	1.0	1.0	1.0	0	1	0	0.0
GC_00011134	1	1	1	0	1.0	1.0	1.0	0	1	0	0.0
GC_00011135	1	1	1	0	1.0	1.0	1.0	0	1	0	0.0
GC_00011136	1	1	1	0	1.0	1.0	1.0	0	1	0	0.0
