gene_callers_id	sample_01_reads_against_MAGs	sample_02_reads_against_MAGs	sample_03_reads_against_MAGs	sample_04_reads_against_MAGs	sample_05_reads_against_MAGs	sample_06_reads_against_MAGs	sample_07_reads_against_MAGs	sample_08_reads_against_MAGs	sample_09_reads_against_MAGs	sample_10_reads_against_MAGs	sample_11_reads_against_MAGs	sample_12_reads_against_MAGs	sample_13_reads_against_MAGs	sample_14_reads_against_MAGs	sample_15_reads_against_MAGs	sample_16_reads_against_MAGs	sample_17_reads_against_MAGs	sample_18_reads_against_MAGs	sample_19_reads_against_MAGs	sample_20_reads_against_MAGs	sample_21_reads_against_MAGs	sample_22_reads_against_MAGs	sample_23_reads_against_MAGs	sample_24_reads_against_MAGs
24328	0.0	0.6149162861491628	0.2998477929984779	0.9041095890410958	0.0	0.0	0.6027397260273972	0.7732115677321156	0.0	1.0	1.0	0.0654490106544901	0.1445966514459665	0.0	1.0	1.0	0.0	0.832572298325723	0.8812785388127854	1.0	0.0	0.2998477929984779	0.9634703196347032	1.0
24329	0.0	0.6714285714285714	0.6863095238095238	0.7928571428571428	0.0	0.0	0.7839285714285714	0.44285714285714284	0.1380952380952381	1.0	0.9369047619047619	0.4505952380952381	0.12678571428571428	0.0	0.9369047619047619	1.0	0.055952380952380955	0.9035714285714286	0.3678571428571429	1.0	0.0	0.0	0.9976190476190476	1.0
24330	0.0	0.4835164835164835	0.1978021978021978	0.8315018315018315	0.0	0.0	0.38095238095238093	1.0	0.0	1.0	0.5860805860805861	0.5457875457875457	0.315018315018315	0.0	0.7765567765567766	1.0	0.0	1.0	0.5824175824175825	1.0	0.0	0.0	1.0	1.0
24331	0.0	0.7746913580246914	0.0	0.2962962962962963	0.0	0.0	0.75	0.0	0.0	0.5802469135802469	0.9228395061728395	0.0	0.0	0.0	1.0	1.0	0.0	0.9228395061728395	0.8395061728395061	1.0	0.0	0.0	0.9660493827160493	1.0
24332	0.0	0.4537037037037037	0.2662037037037037	0.7152777777777778	0.11921296296296297	0.0	0.6574074074074074	0.42476851851851855	0.0	0.9953703703703703	0.9097222222222222	0.17824074074074073	0.02546296296296296	0.1099537037037037	0.6435185185185185	0.8715277777777778	0.0	0.8888888888888888	0.39699074074074076	1.0	0.0	0.0	0.8356481481481481	0.9953703703703703
24333	0.0	0.8050847457627118	0.22033898305084745	1.0	0.0	0.6949152542372882	1.0	0.5706214689265536	0.0	1.0	1.0	0.5932203389830508	0.0	0.0	1.0	1.0	0.0	1.0	0.6412429378531074	1.0	0.0	0.0	1.0	1.0
24334	0.0	0.6955307262569832	0.24022346368715083	0.7141527001862198	0.0	0.06890130353817504	0.6573556797020484	0.5549348230912476	0.0	1.0	1.0	0.351024208566108	0.0	0.0	0.9916201117318436	0.9739292364990689	0.0	1.0	0.5176908752327747	1.0	0.0	0.0	0.88268156424581	1.0
24335	0.0	0.7159090909090909	0.18181818181818182	0.8238636363636364	0.0	0.0	0.5852272727272727	0.8958333333333334	0.0	1.0	0.9242424242424242	0.6761363636363636	0.20454545454545456	0.3162878787878788	1.0	1.0	0.0	1.0	0.8238636363636364	1.0	0.0	0.0	1.0	1.0
24336	0.0	0.9325699745547074	0.1743002544529262	0.851145038167939	0.0	0.1005089058524173	0.6641221374045801	0.7748091603053435	0.0	1.0	0.700381679389313	0.34096692111959287	0.0	0.08587786259541985	0.9039440203562341	1.0	0.0	0.982824427480916	0.8097964376590331	1.0	0.0	0.0	0.8664122137404581	1.0
24337	0.0	0.9027322404371585	0.26557377049180325	0.6765027322404371	0.0	0.20437158469945355	0.805464480874317	0.566120218579235	0.0	1.0	0.8043715846994536	0.546448087431694	0.08306010928961749	0.0	0.8808743169398907	1.0	0.0	0.9617486338797814	0.6830601092896175	1.0	0.11584699453551912	0.0	0.8469945355191257	1.0
24338	0.0	1.0	0.0	1.0	0.0	0.0	1.0	0.8857142857142857	0.0	1.0	1.0	0.0	1.0	0.0	1.0	1.0	0.0	0.0	1.0	1.0	0.0	0.0	1.0	1.0
24339	0.0	0.8301282051282052	0.34294871794871795	0.9487179487179487	0.0	0.0	0.6666666666666666	0.5801282051282052	0.0	1.0	1.0	0.9711538461538461	0.0	0.0	1.0	1.0	0.0	0.9935897435897436	0.7980769230769231	1.0	0.8237179487179487	0.0	1.0	1.0
24340	0.17025089605734767	0.9551971326164874	0.0	1.0	0.016129032258064516	0.0	0.7795698924731183	0.7293906810035843	0.22759856630824374	1.0	0.9014336917562724	0.43548387096774194	0.43727598566308246	0.0	0.989247311827957	1.0	0.0	1.0	0.1881720430107527	1.0	0.0	0.0	1.0	1.0
24341	0.0	1.0	0.4567219152854512	1.0	0.0	0.0	0.44751381215469616	0.7200736648250461	0.0	1.0	0.8029465930018416	0.48066298342541436	0.020257826887661142	0.0	1.0	1.0	0.0	0.8029465930018416	0.7937384898710865	1.0	0.0	0.0	1.0	0.998158379373849
24342	0.3300546448087432	0.7114754098360656	0.3300546448087432	0.766120218579235	0.0	0.0	0.7562841530054645	0.2612021857923497	0.0	1.0	1.0	0.32349726775956283	0.015300546448087432	0.26885245901639343	0.9486338797814208	1.0	0.0	0.9923497267759562	0.4131147540983607	1.0	0.0	0.12896174863387977	0.9289617486338798	1.0
24343	0.0	0.0	0.0	0.0	0.0	0.0	0.9047619047619048	1.0	0.0	0.42857142857142855	0.0	1.0	0.0	0.0	1.0	0.8928571428571429	0.0	0.3333333333333333	0.0	0.9880952380952381	0.0	0.0	1.0	1.0
24344	0.0	0.7306397306397306	0.9494949494949495	0.8552188552188552	0.0	0.0	0.835016835016835	0.734006734006734	0.0	1.0	0.9057239057239057	0.4882154882154882	0.3063973063973064	0.632996632996633	1.0	1.0	0.0	1.0	0.0	1.0	0.0	0.0	1.0	1.0
24345	0.0	0.6363636363636364	0.0	0.5696969696969697	0.0	0.0	0.5696969696969697	0.5393939393939394	0.0	1.0	0.7575757575757576	0.9454545454545454	0.0	0.0	0.5757575757575758	1.0	0.0	0.9939393939393939	0.896969696969697	1.0	0.509090909090909	0.0	0.8545454545454545	1.0
24346	0.0	0.8072562358276644	0.6666666666666666	0.9297052154195011	0.0	0.0	0.9727891156462585	0.3945578231292517	0.0	0.9478458049886621	0.6099773242630385	0.08843537414965986	0.22675736961451248	0.0	1.0	1.0	0.0	0.9206349206349206	0.5170068027210885	1.0	0.0	0.0	0.8798185941043084	1.0
24347	0.0	0.8685897435897436	0.27564102564102566	0.9583333333333334	0.0	0.0	1.0	0.36538461538461536	0.3333333333333333	1.0	1.0	1.0	0.483974358974359	0.657051282051282	1.0	0.9807692307692307	0.6698717948717948	1.0	0.9455128205128205	1.0	0.30128205128205127	0.0	1.0	1.0
24348	0.0	0.7512820512820513	0.28205128205128205	1.0	0.0	0.0	1.0	1.0	0.2205128205128205	1.0	1.0	0.5641025641025641	0.7128205128205128	0.0	1.0	1.0	0.0	1.0	0.7128205128205128	1.0	0.0	0.3871794871794872	1.0	1.0
24349	0.0	0.5866666666666667	0.27666666666666667	0.9333333333333333	0.0	0.0	0.6966666666666667	0.8633333333333333	0.2833333333333333	1.0	0.9866666666666667	0.6	0.48333333333333334	0.4033333333333333	1.0	0.7466666666666667	0.0	0.7333333333333333	0.6066666666666667	1.0	0.0	0.0	0.96	1.0
24350	0.0	0.0	0.0	0.5024875621890548	0.0	0.0	0.0	0.5621890547263682	0.0	0.7661691542288557	0.4577114427860697	0.0	0.0	0.0	0.0	0.8855721393034826	0.0	0.0	0.6517412935323383	0.2736318407960199	0.6119402985074627	0.0	0.8059701492537313	0.8009950248756219
24351	0.0	0.7456140350877193	0.06140350877192982	0.14912280701754385	0.0	0.0	0.868421052631579	0.0	0.0	1.0	0.8771929824561403	0.0	0.0	0.0	0.5701754385964912	0.9824561403508771	0.0	1.0	0.3333333333333333	0.6929824561403509	0.0	0.0	0.0	0.9298245614035088
24352	0.0	0.9387755102040817	0.35374149659863946	1.0	0.0	0.0	0.7278911564625851	0.29931972789115646	0.0	1.0	1.0	0.4444444444444444	0.0	0.0	0.7959183673469388	1.0	0.0	1.0	0.2653061224489796	1.0	0.0	0.0	0.7732426303854876	1.0
24353	0.0	0.5396825396825397	0.0	0.9126984126984127	0.376984126984127	0.0	0.746031746031746	0.9007936507936508	0.0	0.9563492063492064	1.0	0.1865079365079365	0.0	0.44841269841269843	1.0	1.0	0.0	0.7658730158730159	0.6031746031746031	1.0	0.0	0.0	1.0	1.0
24354	0.13682092555331993	0.6827632461435278	0.2796780684104628	0.8336686787391012	0.08383635144198524	0.0	0.7337357478202549	0.6686787391012743	0.0	1.0	0.9396378269617707	0.21327967806841047	0.0	0.0	0.9530516431924883	1.0	0.0	0.6150234741784038	0.8732394366197183	1.0	0.2883970489604292	0.21395036887994634	0.9081153588195842	1.0
24355	0.5250737463126843	0.2581120943952802	0.0	0.8023598820058997	0.0	0.0	0.4616519174041298	0.3525073746312684	0.0	1.0	1.0	0.44542772861356933	0.0	0.140117994100295	1.0	1.0	0.0	0.9085545722713865	0.2448377581120944	0.9970501474926253	0.2153392330383481	0.0	0.9646017699115044	0.9454277286135693
24356	0.38283828382838286	0.35313531353135313	0.0	0.7524752475247525	0.3102310231023102	0.0	0.5742574257425742	0.5907590759075908	0.0	1.0	0.8729372937293729	0.0	0.3069306930693069	0.0	0.6584158415841584	1.0	0.0	0.976897689768977	0.7326732673267327	0.9422442244224423	0.0	0.0	0.8151815181518152	0.9504950495049505
24357	0.0	0.7948717948717948	0.0	0.8237179487179487	0.0	0.0	0.7307692307692307	0.6474358974358975	0.0	0.9487179487179487	1.0	0.2916666666666667	0.0	0.0	0.9583333333333334	0.9967948717948718	0.0	1.0	0.8621794871794872	1.0	0.0	0.0	1.0	1.0
24358	0.0	0.5117845117845118	0.0	0.8644781144781145	0.0	0.0	0.33164983164983164	0.9006734006734006	0.0	0.9974747474747475	0.9090909090909091	0.5244107744107744	0.2735690235690236	0.0	0.9402356902356902	1.0	0.15572390572390574	1.0	0.6203703703703703	1.0	0.39730639730639733	0.0	0.9739057239057239	1.0
24359	0.0	0.8041237113402062	0.5189003436426117	0.024054982817869417	0.0	0.0	0.2852233676975945	0.6907216494845361	0.0	1.0	0.5738831615120275	0.024054982817869417	0.0	0.7869415807560137	1.0	1.0	0.0	0.9965635738831615	0.5395189003436426	1.0	0.2920962199312715	0.0	1.0	1.0
24360	0.0	0.7609427609427609	0.2542087542087542	0.8905723905723906	0.0	0.0	0.17676767676767677	0.5033670033670034	0.0	0.9696969696969697	0.9393939393939394	0.47474747474747475	0.0	0.2441077441077441	1.0	1.0	0.0	1.0	0.46296296296296297	1.0	0.0	0.0	0.7828282828282829	1.0
24361	0.4339080459770115	0.3017241379310345	0.45545977011494254	0.6623563218390804	0.2442528735632184	0.0	0.48563218390804597	0.6551724137931034	0.0	0.9741379310344828	0.9755747126436781	0.21551724137931033	0.0	0.0	0.992816091954023	0.9166666666666666	0.0	0.9037356321839081	0.6364942528735632	0.992816091954023	0.0	0.0	0.8951149425287356	0.992816091954023
24362	0.0	0.8577777777777778	0.08666666666666667	1.0	0.1288888888888889	0.35333333333333333	0.23333333333333334	0.32222222222222224	0.0	1.0	0.9977777777777778	0.2088888888888889	0.0	0.24	1.0	1.0	0.0	0.8577777777777778	0.6222222222222222	1.0	0.0	0.0	0.88	1.0
24363	0.0	0.798941798941799	0.0	1.0	0.0	0.0	0.49206349206349204	0.9576719576719577	0.0	1.0	1.0	0.0	0.0	0.0	1.0	0.9523809523809523	0.0	1.0	0.3386243386243386	1.0	0.2857142857142857	0.0	0.8994708994708994	1.0
24364	0.0	0.0	0.0	0.9807692307692307	0.532051282051282	0.0	0.967948717948718	0.7948717948717948	0.0	1.0	1.0	0.9807692307692307	0.0	0.36538461538461536	1.0	0.48717948717948717	0.0	0.8141025641025641	0.9807692307692307	1.0	0.0	0.0	1.0	1.0
24365	0.0	0.4722222222222222	0.0	1.0	0.0	0.0	1.0	1.0	0.0	1.0	0.6666666666666666	0.0	0.0	0.0	1.0	1.0	0.0	1.0	0.5	1.0	0.0	0.0	1.0	1.0
24366	0.0	0.4976851851851852	0.0	0.28703703703703703	0.0	0.0	0.8518518518518519	0.0	0.0	1.0	0.7847222222222222	0.2800925925925926	0.0	0.0	1.0	1.0	0.0	0.7546296296296297	0.9930555555555556	1.0	0.2916666666666667	0.0	1.0	1.0
24367	0.0	0.5792717086834734	0.09635854341736695	0.765266106442577	0.10868347338935574	0.0	0.8756302521008403	0.565266106442577	0.0	0.973109243697479	0.9187675070028011	0.5210084033613446	0.29299719887955183	0.13781512605042018	0.849859943977591	0.9983193277310924	0.0	0.9921568627450981	0.7064425770308124	1.0	0.07675070028011205	0.16918767507002802	0.8689075630252101	1.0
24368	0.0	0.45544554455445546	0.3234323432343234	0.7920792079207921	0.3696369636963696	0.0	0.36303630363036304	0.834983498349835	0.0	1.0	1.0	0.0	0.0	0.33993399339933994	1.0	0.44224422442244227	0.0	1.0	0.036303630363036306	1.0	0.0	0.0	1.0	1.0
24369	0.0	0.0	0.041379310344827586	0.7471264367816092	0.3701149425287356	0.0	0.5149425287356322	0.3563218390804598	0.0	1.0	0.8919540229885058	0.3632183908045977	0.0	0.0	0.9747126436781609	0.6275862068965518	0.0	0.8505747126436781	0.3793103448275862	1.0	0.39080459770114945	0.0	0.9241379310344827	1.0
24370	0.0	0.956369982547993	0.7260034904013961	0.9162303664921466	0.0	0.0	0.5619546247818499	0.849912739965096	0.0	1.0	1.0	0.0	0.0	0.0	0.787085514834206	1.0	0.0	1.0	0.506108202443281	1.0	0.0	0.0	0.8568935427574171	1.0
24371	0.0	0.6017699115044248	0.39823008849557523	1.0	0.0	0.0	0.7227138643067846	0.6047197640117994	0.0	1.0	0.5162241887905604	0.8584070796460177	0.09144542772861357	0.0	1.0	0.9646017699115044	0.0	0.9823008849557522	0.6873156342182891	1.0	0.0	0.7020648967551623	0.9793510324483776	1.0
24372	0.0	0.5637860082304527	0.2222222222222222	0.8539094650205762	0.0	0.0	0.8580246913580247	0.1111111111111111	0.0	1.0	1.0	0.030864197530864196	0.030864197530864196	0.0	1.0	1.0	0.0	1.0	0.9074074074074074	1.0	0.0	0.0	0.8950617283950617	1.0
24373	0.0	0.4837291116974494	0.3896218117854002	0.9841688654353562	0.0	0.0	0.43447669305189096	0.6561125769569042	0.0	1.0	0.920844327176781	0.6517150395778364	0.0932277924362357	0.08003518029903255	0.9217238346525946	0.9753737906772207	0.21284080914687775	0.9762532981530343	0.7370272647317502	1.0	0.1882145998240985	0.08267370272647317	0.909410729991205	1.0
24374	0.0	0.9752252252252253	0.6418918918918919	0.6013513513513513	0.0	0.0	1.0	0.6554054054054054	0.0	1.0	1.0	0.2725225225225225	0.0	0.0	0.9279279279279279	1.0	0.0	1.0	0.015765765765765764	1.0	0.0	0.0	0.4797297297297297	1.0
24375	0.0	0.5468468468468468	0.11441441441441441	1.0	0.0	0.0	0.6981981981981982	0.5126126126126126	0.0	1.0	0.8045045045045045	0.4603603603603604	0.0	0.0	0.9783783783783784	1.0	0.0	1.0	0.7873873873873873	1.0	0.0	0.27207207207207207	0.8927927927927928	1.0
24376	0.0	0.7769953051643192	0.31690140845070425	0.971830985915493	0.0	0.0	1.0	0.6244131455399061	0.34976525821596244	1.0	1.0	0.09859154929577464	0.0	0.0	0.8591549295774648	1.0	0.0	0.9272300469483568	0.6032863849765259	1.0	0.0	0.014084507042253521	0.8145539906103286	1.0
24377	0.0	0.7951388888888888	0.5798611111111112	1.0	0.1076388888888889	0.0	0.9652777777777778	0.5520833333333334	0.0	1.0	0.6631944444444444	0.5381944444444444	0.0	0.0	1.0	0.9965277777777778	0.0	1.0	0.9270833333333334	1.0	0.0	0.6319444444444444	0.9027777777777778	1.0
24378	0.0	0.6553398058252428	0.14724919093851133	0.9627831715210357	0.2912621359223301	0.0	0.5798274002157497	0.5927723840345199	0.05825242718446602	1.0	0.8969795037756203	0.29395900755124055	0.05663430420711974	0.07928802588996764	0.8058252427184466	1.0	0.0	0.9919093851132686	0.7470334412081985	1.0	0.04638619201725998	0.003236245954692557	0.9865156418554477	1.0
24379	0.0	0.6274509803921569	0.38985005767012687	0.8742791234140715	0.22606689734717417	0.0	0.6332179930795848	0.3460207612456747	0.0	1.0	0.6805074971164936	0.49019607843137253	0.0	0.0	0.7797001153402537	1.0	0.0	0.9919261822376009	0.6401384083044983	1.0	0.1061130334486736	0.3344867358708189	0.889273356401384	1.0
24380	0.0	0.6715506715506715	0.0	0.5885225885225885	0.0	0.0	0.7387057387057387	0.7777777777777778	0.0	1.0	0.7655677655677655	0.2612942612942613	0.0	0.0	1.0	0.8998778998778999	0.0	0.9951159951159951	0.6825396825396826	1.0	0.10134310134310134	0.409035409035409	0.6813186813186813	1.0
24381	0.0	0.5650118203309693	0.0	0.8534278959810875	0.21513002364066194	0.3262411347517731	0.6784869976359338	0.5437352245862884	0.0	1.0	0.9976359338061466	0.3806146572104019	0.0	0.0	0.9976359338061466	1.0	0.0	0.8226950354609929	0.6855791962174941	1.0	0.0	0.3664302600472813	0.8652482269503546	1.0
24382	0.0	0.2191780821917808	0.0	0.3904109589041096	0.271689497716895	0.0365296803652968	0.680365296803653	0.0228310502283105	0.0	1.0	0.8036529680365296	0.6415525114155252	0.0	0.0	1.0	1.0	0.0	0.7009132420091324	0.9041095890410958	1.0	0.0	0.0	0.8105022831050228	1.0
24383	0.0	0.7242206235011991	0.565947242206235	0.5299760191846523	0.0	0.0	0.8585131894484412	0.2805755395683453	0.0	1.0	0.7865707434052758	0.4460431654676259	0.15587529976019185	0.0	0.9616306954436451	1.0	0.0	1.0	0.762589928057554	1.0	0.0	0.354916067146283	0.9568345323741008	1.0
24384	0.0	0.7439293598233996	0.23399558498896247	0.9889624724061811	0.0	0.0	1.0	0.6931567328918322	0.0	0.8719646799116998	0.7947019867549668	0.9249448123620309	0.3598233995584989	0.0	0.6467991169977925	1.0	0.0	0.9403973509933775	0.4613686534216336	1.0	0.0	0.40618101545253865	0.8830022075055187	1.0
24385	0.0	0.6518151815181518	0.0	0.8910891089108911	0.0	0.0	0.6947194719471947	0.21617161716171618	0.0	1.0	0.9422442244224423	0.0	0.0	0.18976897689768976	0.9471947194719472	1.0	0.0	0.9702970297029703	0.4900990099009901	1.0	0.0	0.0	0.7227722772277227	1.0
24386	0.0	0.5661157024793388	0.628099173553719	0.9889807162534435	0.0	0.0	0.4889807162534435	0.546831955922865	0.0	1.0	0.9380165289256198	0.5344352617079889	0.0	0.14049586776859505	0.7589531680440771	1.0	0.0	0.9765840220385675	0.837465564738292	1.0	0.3608815426997245	0.0	0.8870523415977961	1.0
24387	0.18851435705368288	0.7378277153558053	0.2784019975031211	0.978776529338327	0.0	0.10923845193508115	0.6173533083645443	0.6117353308364545	0.0	1.0	0.8645443196004994	0.5774032459425718	0.1136079900124844	0.12983770287141075	0.9887640449438202	1.0	0.0	0.9063670411985019	0.8033707865168539	1.0	0.08239700374531835	0.09425717852684144	0.9388264669163545	1.0
24388	0.0	0.8814553990610329	0.35093896713615025	0.8309859154929577	0.1596244131455399	0.0	0.9096244131455399	0.7053990610328639	0.0	1.0	0.9530516431924883	0.45305164319248825	0.13849765258215962	0.0	1.0	1.0	0.0	0.744131455399061	0.6666666666666666	1.0	0.3145539906103286	0.0	0.8732394366197183	1.0
24389	0.0	0.9008264462809917	0.2837465564738292	0.9476584022038568	0.0	0.4132231404958678	1.0	0.8705234159779615	0.0	1.0	0.7630853994490359	0.44077134986225897	0.5041322314049587	0.0	0.8815426997245179	1.0	0.0	1.0	0.8512396694214877	1.0	0.0	0.0	1.0	1.0
24390	0.1323529411764706	0.38935574229691877	0.0819327731092437	0.7710084033613446	0.0	0.0	0.46288515406162467	0.6666666666666666	0.0	0.9250700280112045	0.7717086834733894	0.5014005602240896	0.0	0.0	0.7373949579831933	1.0	0.0	0.8361344537815126	0.6568627450980392	0.9446778711484594	0.0	0.0	0.7556022408963585	0.9446778711484594
24391	0.0	1.0	0.553939393939394	0.7745454545454545	0.1696969696969697	0.0	0.4509090909090909	0.4921212121212121	0.0	1.0	0.9696969696969697	0.7442424242424243	0.0	0.10181818181818182	0.4593939393939394	1.0	0.0	0.8993939393939394	0.36727272727272725	1.0	0.0	0.0	0.9781818181818182	1.0
24392	0.0	0.5601731601731602	0.17142857142857143	0.8	0.0	0.0	0.5272727272727272	0.7116883116883117	0.0	1.0	1.0	0.38181818181818183	0.0	0.0	1.0	0.9619047619047619	0.0	1.0	0.6406926406926406	1.0	0.0	0.0	0.7012987012987013	1.0
24393	0.0	0.13725490196078433	0.6274509803921569	0.9362745098039216	0.0	0.0	0.0	0.49019607843137253	0.2647058823529412	1.0	0.5637254901960784	0.0	0.0	0.0	1.0	1.0	0.0	1.0	0.8333333333333334	1.0	0.0	0.0	0.9117647058823529	1.0
24394	0.0	0.1297709923664122	0.0	0.811704834605598	0.0	0.0	1.0	0.22391857506361323	0.0	1.0	0.9592875318066157	0.30788804071246817	0.0	0.0	1.0	1.0	0.0	0.916030534351145	1.0	1.0	0.0	0.5826972010178118	0.7964376590330788	1.0
24395	0.0	0.6162790697674418	0.3488372093023256	0.7596899224806202	0.0	0.0	1.0	0.0	0.0	1.0	0.9496124031007752	0.8217054263565892	0.0	0.0	1.0	1.0	0.0	0.751937984496124	1.0	1.0	0.0	0.0	0.8410852713178295	1.0
24396	0.0	0.746031746031746	0.3994708994708995	0.798941798941799	0.0	0.0	1.0	0.8068783068783069	0.0	1.0	0.9656084656084656	0.2671957671957672	0.0	0.2328042328042328	0.9947089947089947	1.0	0.0	0.7619047619047619	0.25925925925925924	1.0	0.0	0.0	1.0	1.0
24397	0.0	0.28802588996763756	0.0	0.8478964401294499	0.17313915857605178	0.0	0.5906148867313916	0.35436893203883496	0.0	1.0	0.36245954692556637	0.28802588996763756	0.0	0.0	0.7216828478964401	0.6893203883495146	0.4886731391585761	0.9870550161812298	0.6666666666666666	0.9029126213592233	0.0	0.24433656957928804	0.8705501618122977	1.0
24398	0.0	0.45934959349593496	0.2804878048780488	0.9695121951219512	0.0	0.0	0.9227642276422764	0.5833333333333334	0.0	0.9979674796747967	0.717479674796748	0.34552845528455284	0.0	0.0	0.9939024390243902	1.0	0.0	1.0	0.0	1.0	0.0	0.0	0.9776422764227642	1.0
24399	0.0	0.0	0.0	0.673202614379085	0.0	0.0	0.9771241830065359	0.48366013071895425	0.0	1.0	0.7875816993464052	0.4673202614379085	0.0	0.0	1.0	1.0	0.0	1.0	0.9411764705882353	1.0	0.16993464052287582	0.0	0.8529411764705882	1.0
24400	0.7889688249400479	0.9088729016786571	0.7865707434052758	1.0	0.0	0.2182254196642686	0.894484412470024	0.9112709832134293	0.6258992805755396	1.0	1.0	0.9784172661870504	0.0	0.5611510791366906	1.0	1.0	0.9256594724220624	1.0	0.894484412470024	1.0	0.6402877697841727	0.7290167865707434	1.0	1.0
24401	0.0	0.44623655913978494	0.0	0.6317204301075269	0.4166666666666667	0.0	0.48118279569892475	0.7661290322580645	0.0	1.0	1.0	0.2903225806451613	0.0	0.005376344086021506	1.0	1.0	0.0	1.0	0.9489247311827957	1.0	0.0	0.8602150537634409	1.0	1.0
24402	0.0	0.4828532235939643	0.3045267489711934	0.7942386831275721	0.0	0.19478737997256515	0.5130315500685871	0.9519890260631001	0.0	1.0	1.0	0.4279835390946502	0.12208504801097393	0.0	0.9670781893004116	1.0	0.0	1.0	0.7736625514403292	1.0	0.21810699588477367	0.22496570644718794	0.9698216735253772	1.0
24403	0.0	0.6155555555555555	0.0	0.8422222222222222	0.0	0.18	0.22666666666666666	0.47555555555555556	0.0	1.0	1.0	0.0	0.6466666666666666	0.2111111111111111	0.7644444444444445	1.0	0.33555555555555555	0.8444444444444444	0.29333333333333333	1.0	0.0	0.0	0.9	1.0
24404	0.0	0.7891156462585034	0.36507936507936506	0.7346938775510204	0.0	0.0	0.7414965986394558	0.54421768707483	0.0	1.0	1.0	0.8843537414965986	0.0	0.0	0.8798185941043084	0.854875283446712	0.0	0.8752834467120182	0.7482993197278912	1.0	0.0	0.0	1.0	1.0
24405	0.0	0.7257945306725795	0.0	0.8595713229859572	0.1359940872135994	0.0	0.7849223946784922	0.9438285291943829	0.0	0.9645232815964523	0.7930524759793053	0.49445676274944567	0.004434589800443459	0.0	0.9711751662971175	1.0	0.0	1.0	0.7716186252771619	1.0	0.0	0.0	0.8824833702882483	1.0
24406	0.0	0.375	0.0	0.9583333333333334	0.0	0.0	1.0	0.005208333333333333	0.0	1.0	1.0	1.0	0.0	0.0	0.6458333333333334	1.0	0.0	1.0	0.7604166666666666	1.0	0.0	0.0	1.0	1.0
24407	0.0	0.6472868217054264	0.0	1.0	0.7441860465116279	0.0	0.313953488372093	0.6395348837209303	0.0	1.0	0.22868217054263565	0.437984496124031	0.5852713178294574	0.0	0.8178294573643411	1.0	0.0	1.0	0.9806201550387597	1.0	0.1821705426356589	0.0	0.9651162790697675	1.0
24408	0.0	1.0	0.5694444444444444	1.0	0.0	0.0	0.7222222222222222	1.0	0.0	1.0	1.0	0.1388888888888889	0.0	0.0	1.0	1.0	0.0	1.0	1.0	1.0	0.0	0.44907407407407407	0.9490740740740741	1.0
24409	0.0	0.5513428120063191	0.16587677725118483	1.0	0.0	0.0	0.7914691943127962	0.669826224328594	0.0	1.0	0.8593996840442338	0.6303317535545023	0.0	0.0	1.0	1.0	0.0	0.8988941548183255	0.6477093206951027	1.0	0.0	0.0	0.990521327014218	1.0
24410	0.0	1.0	0.5	0.5648148148148148	0.0	0.0	1.0	0.3333333333333333	0.0	1.0	0.2037037037037037	0.8796296296296297	0.0	0.0	1.0	1.0	0.0	0.5370370370370371	0.0	1.0	0.0	0.7870370370370371	1.0	1.0
24411	0.0	0.1503267973856209	0.2565359477124183	0.6633986928104575	0.0	0.0	0.9983660130718954	0.8202614379084967	0.0	1.0	0.6290849673202614	0.4084967320261438	0.25980392156862747	0.0	0.9084967320261438	1.0	0.0	0.9150326797385621	0.7173202614379085	1.0	0.12581699346405228	0.0	0.8366013071895425	1.0
24412	0.0	0.7585858585858586	0.09595959595959595	0.8010101010101011	0.0	0.0	0.6161616161616161	0.5303030303030303	0.0	0.998989898989899	0.9313131313131313	0.27474747474747474	0.0	0.0	0.9797979797979798	1.0	0.0	0.998989898989899	0.9636363636363636	1.0	0.1303030303030303	0.015151515151515152	0.9272727272727272	1.0
24413	0.22832369942196531	0.7832369942196532	0.12909441233140656	0.9046242774566474	0.0	0.1579961464354528	0.558766859344894	0.7350674373795761	0.1791907514450867	0.9364161849710982	0.9855491329479769	0.5684007707129094	0.313102119460501	0.22832369942196531	0.9739884393063584	1.0	0.5394990366088632	1.0	1.0	1.0	0.1907514450867052	0.22832369942196531	0.8853564547206165	1.0
24414	0.8968253968253969	0.48412698412698413	0.0	1.0	0.0	0.0	0.6706349206349206	0.7261904761904762	0.0	1.0	1.0	0.7420634920634921	0.44841269841269843	0.4007936507936508	1.0	1.0	0.45634920634920634	1.0	0.5992063492063492	1.0	0.0	0.2896825396825397	0.7698412698412699	1.0
24415	0.0	0.0	0.6772486772486772	0.0	0.0	0.0	1.0	1.0	0.0	1.0	0.3386243386243386	0.0	0.6296296296296297	0.0	0.4656084656084656	0.9206349206349206	0.0	1.0	1.0	1.0	0.0	0.0	1.0	1.0
24416	0.0	0.8160919540229885	0.30623973727422005	0.9893267651888341	0.0755336617405583	0.0	0.5500821018062397	0.6822660098522167	0.08538587848932677	1.0	0.8686371100164204	0.6510673234811166	0.24794745484400657	0.18308702791461412	0.9909688013136289	0.9942528735632183	0.12397372742200329	0.8825944170771757	0.5197044334975369	1.0	0.06568144499178982	0.0	0.9967159277504105	0.9991789819376026
24417	0.0	0.0	0.0	0.6906077348066298	0.0	0.0	0.8453038674033149	0.3001841620626151	0.0	1.0	0.8305709023941068	0.9005524861878453	0.3885819521178637	0.8121546961325967	1.0	0.9613259668508287	0.0	0.998158379373849	0.8287292817679558	1.0	0.0	0.46593001841620624	1.0	1.0
24418	0.0	0.9172259507829977	0.6263982102908278	1.0	0.0	0.0	1.0	0.42058165548098436	0.3713646532438479	1.0	1.0	0.6778523489932886	0.4429530201342282	0.0	1.0	1.0	0.0	1.0	0.4541387024608501	1.0	0.6017897091722595	0.2930648769574944	1.0	1.0
24419	0.41830065359477125	0.710239651416122	0.477124183006536	1.0	0.0	0.0	0.9651416122004357	0.7625272331154684	0.0	1.0	1.0	0.5816993464052288	0.0	0.0	1.0	1.0	0.0	0.8954248366013072	0.9128540305010894	1.0	0.0	0.0	0.9760348583877996	1.0
24420	0.0	0.3177489177489177	0.16883116883116883	0.8155844155844156	0.0	0.0	0.541991341991342	0.70995670995671	0.0	1.0	0.806060606060606	0.27705627705627706	0.34545454545454546	0.0	0.8606060606060606	0.9575757575757575	0.0	0.8943722943722944	0.3090909090909091	0.9722943722943723	0.0	0.0	0.8484848484848485	0.9896103896103896
24421	0.0	0.6504065040650406	0.0	0.7317073170731707	0.0	0.0	0.0	0.0	0.0	1.0	0.45799457994579945	0.0	0.0	0.0	0.27371273712737126	0.4715447154471545	0.0	0.3902439024390244	0.0	0.7317073170731707	0.0	0.0	0.4037940379403794	0.6910569105691057
24422	0.0	0.0	0.5243055555555556	0.4340277777777778	0.0	0.0	0.0	0.0	0.6180555555555556	1.0	0.7083333333333334	0.7326388888888888	0.0	0.3819444444444444	0.4548611111111111	0.8958333333333334	0.0	1.0	0.4340277777777778	1.0	0.0	0.0	0.3715277777777778	1.0
24423	0.0	0.2345679012345679	0.0	0.8987654320987655	0.0	0.0	0.674074074074074	0.7358024691358025	0.0	1.0	0.8567901234567902	0.0	0.0	0.48641975308641977	0.837037037037037	1.0	0.0	0.8518518518518519	0.6296296296296297	1.0	0.0	0.5901234567901235	0.908641975308642	1.0
24424	0.0	0.6449948400412797	0.46181630546955627	0.9195046439628483	0.17543859649122806	0.0	0.8426212590299278	0.628482972136223	0.0	1.0	0.957172342621259	0.5469556243550051	0.10371517027863777	0.0933952528379773	0.8818369453044376	0.9664602683178535	0.0	0.9406604747162023	0.3498452012383901	1.0	0.08720330237358101	0.15583075335397317	0.9344685242518059	1.0
24425	0.0	0.6436781609195402	0.0	0.6053639846743295	0.0	0.0	0.0	0.8812260536398467	0.0	1.0	1.0	0.7662835249042146	0.0	0.0	0.9885057471264368	0.8735632183908046	0.0	0.578544061302682	0.9501915708812261	1.0	0.0	0.0	0.9923371647509579	0.8850574712643678
24426	0.0	0.7563218390804598	0.7425287356321839	0.8620689655172413	0.6942528735632184	0.0	0.4942528735632184	0.9379310344827586	0.0	1.0	1.0	0.6137931034482759	0.0	0.3931034482758621	0.9885057471264368	0.9839080459770115	0.0	1.0	0.432183908045977	1.0	0.3103448275862069	0.3471264367816092	0.9862068965517241	1.0
24427	0.0	0.25668449197860965	0.32976827094474154	0.9144385026737968	0.19073083778966132	0.0	0.8894830659536542	0.8556149732620321	0.0	1.0	1.0	0.45454545454545453	0.19607843137254902	0.0	0.9429590017825312	1.0	0.0	1.0	0.48484848484848486	1.0	0.0	0.0	1.0	1.0
24428	0.1227390180878553	0.9186046511627907	0.0	1.0	0.36046511627906974	0.0	1.0	1.0	0.12532299741602068	1.0	1.0	0.9638242894056848	0.0	0.20025839793281655	1.0	1.0	0.0	1.0	0.5658914728682171	1.0	0.31266149870801035	0.0	1.0	1.0
24429	0.0	0.0	0.0	0.3130081300813008	0.0	0.0	0.9959349593495935	0.2764227642276423	0.0	0.9959349593495935	0.9349593495934959	0.0	0.0	0.0	1.0	1.0	0.0	0.9959349593495935	0.0	0.9959349593495935	0.0	0.926829268292683	0.9959349593495935	0.9959349593495935
24430	0.0	0.5015015015015015	0.0	0.7537537537537538	0.0	0.0	0.7567567567567568	0.987987987987988	0.0	1.0	0.22522522522522523	0.17117117117117117	0.0	0.22522522522522523	1.0	1.0	0.0	1.0	0.16816816816816818	1.0	0.0	0.0	1.0	1.0
24431	0.0	0.5181518151815182	0.0	0.43234323432343236	0.0	0.0	0.6831683168316832	0.49834983498349833	0.0	0.9933993399339934	0.5016501650165016	0.0	0.0	0.44554455445544555	0.9834983498349835	0.9372937293729373	0.0	0.9966996699669967	0.0	0.9966996699669967	0.06930693069306931	0.0	1.0	0.9636963696369637
24432	0.0	0.5484496124031008	0.19670542635658914	0.9156976744186046	0.0	0.0	0.5271317829457365	0.8934108527131783	0.2606589147286822	1.0	0.9941860465116279	0.7577519379844961	0.1501937984496124	0.37306201550387597	0.9050387596899225	1.0	0.22771317829457363	1.0	0.9670542635658915	1.0	0.14631782945736435	0.14631782945736435	0.9583333333333334	1.0
24433	0.0	0.36666666666666664	0.0	0.7388888888888889	0.0	0.17777777777777778	0.9388888888888889	1.0	0.0	1.0	0.8722222222222222	0.08888888888888889	0.0	0.55	1.0	1.0	0.0	1.0	0.5277777777777778	1.0	0.0	0.8222222222222222	1.0	1.0
24434	0.0	0.8812056737588653	0.17553191489361702	0.45567375886524825	0.16489361702127658	0.0	0.3599290780141844	0.9308510638297872	0.0	1.0	0.9308510638297872	0.8209219858156028	0.5354609929078015	0.25886524822695034	0.7074468085106383	1.0	0.0	1.0	0.6684397163120568	1.0	0.18617021276595744	0.2429078014184397	1.0	1.0
24435	0.0	0.7824933687002652	0.23872679045092837	0.9902740937223696	0.1220159151193634	0.15030946065428824	0.7780725022104332	0.6180371352785146	0.0	1.0	1.0	0.627763041556145	0.0	0.21308576480990274	0.9513704686118479	1.0	0.0	0.9725906277630415	0.3863837312113174	1.0	0.0	0.0	0.986737400530504	1.0
24436	0.0	0.7704402515723271	0.43553459119496857	0.910377358490566	0.0	0.0	0.7248427672955975	0.7185534591194969	0.0	1.0	0.9779874213836478	0.4669811320754717	0.0	0.0	0.9889937106918238	0.9135220125786163	0.0	1.0	0.6682389937106918	1.0	0.0	0.3474842767295597	1.0	1.0
24437	0.0	0.0	0.35185185185185186	0.6975308641975309	0.0	0.0	0.37037037037037035	1.0	0.0	1.0	1.0	0.7716049382716049	0.0	0.7160493827160493	1.0	1.0	0.0	0.7592592592592593	0.0	1.0	0.0	0.0	1.0	1.0
24438	0.5091324200913242	0.0	0.06621004566210045	1.0	0.0	0.23972602739726026	0.23515981735159816	0.9748858447488584	0.0	1.0	0.952054794520548	0.5365296803652968	0.3424657534246575	0.3150684931506849	1.0	1.0	0.0	0.9748858447488584	0.0	1.0	0.0	0.3287671232876712	1.0	1.0
24439	0.026701119724375538	0.37209302325581395	0.5572782084409992	0.9319552110249785	0.0	0.0	0.7114556416881999	0.6666666666666666	0.0	1.0	0.8880275624461671	0.6787252368647717	0.23858742463393626	0.14728682170542637	0.843238587424634	0.983634797588286	0.0	1.0	0.8794142980189492	1.0	0.0	0.533161068044789	1.0	1.0
24440	0.0	1.0	0.75	0.6764705882352942	0.0	0.0	1.0	1.0	0.0	1.0	0.946078431372549	0.16176470588235295	0.0	0.0	0.9950980392156863	1.0	0.0	1.0	1.0	1.0	0.46568627450980393	0.0	1.0	1.0
24441	0.0	0.7666666666666667	0.0	1.0	0.0	0.0	0.7901960784313725	0.9686274509803922	0.0	1.0	1.0	0.7137254901960784	0.8784313725490196	0.16666666666666666	1.0	1.0	0.0	1.0	0.9607843137254902	1.0	0.0	0.0	1.0	1.0
24442	0.0	1.0	0.3953488372093023	0.7493540051679587	0.0	0.0	0.7751937984496124	0.7493540051679587	0.0	1.0	1.0	0.29457364341085274	0.0	0.0	1.0	1.0	0.0	0.9922480620155039	0.8397932816537468	1.0	0.40568475452196384	0.0	1.0	1.0
24443	0.0	0.0	0.25098039215686274	0.38823529411764707	0.0	0.0	0.5647058823529412	0.5901960784313726	0.0	1.0	0.296078431372549	0.30392156862745096	0.0	0.0	0.803921568627451	0.6529411764705882	0.0	0.44313725490196076	0.46862745098039216	0.6411764705882353	0.0	0.36666666666666664	0.7647058823529411	0.7392156862745098
24444	0.0	0.48444444444444446	0.0	1.0	0.0	0.0	0.9644444444444444	1.0	0.0	1.0	1.0	0.6133333333333333	0.0	0.5866666666666667	1.0	1.0	0.0	1.0	0.4533333333333333	1.0	0.0	0.0	0.6133333333333333	1.0
24445	0.0	0.9678819444444444	0.22395833333333334	0.9557291666666666	0.1467013888888889	0.0	0.9904513888888888	0.8151041666666666	0.0	1.0	1.0	0.5928819444444444	0.3845486111111111	0.0	1.0	1.0	0.0	1.0	0.9045138888888888	1.0	0.17447916666666666	0.5729166666666666	1.0	1.0
24446	0.0	0.017094017094017096	0.8603988603988604	0.7378917378917379	0.0	0.0	0.8005698005698005	0.7720797720797721	0.0	0.8319088319088319	0.9572649572649573	0.6324786324786325	0.0	0.0	0.7521367521367521	1.0	0.0	0.8945868945868946	0.8917378917378918	1.0	0.0	0.0	0.8176638176638177	1.0
24447	0.0	1.0	0.0	1.0	0.0	0.0	0.20833333333333334	0.9583333333333334	0.0	1.0	0.8888888888888888	0.5555555555555556	0.0	0.0	1.0	1.0	0.0	1.0	0.4166666666666667	1.0	0.06944444444444445	0.0	0.8472222222222222	0.7222222222222222
24448	0.0	0.6165458937198067	0.04468599033816425	0.5277777777777778	0.0	0.0	0.7022946859903382	0.7946859903381642	0.0	0.9945652173913043	0.8260869565217391	0.2977053140096618	0.1956521739130435	0.15458937198067632	0.8128019323671497	0.9770531400966184	0.0	0.751207729468599	0.7083333333333334	1.0	0.04830917874396135	0.14673913043478262	0.6733091787439613	1.0
24449	0.0	0.08447488584474885	0.2191780821917808	0.547945205479452	0.0	0.0	1.0	0.54337899543379	0.0	1.0	0.3584474885844749	0.0	0.0	0.0	0.7831050228310502	1.0	0.0	0.7899543378995434	0.4452054794520548	1.0	0.0	0.0	0.2876712328767123	1.0
24450	0.0	0.47555555555555556	0.0	0.4444444444444444	0.0	0.0	0.0	1.0	0.0	1.0	0.9066666666666666	0.35555555555555557	0.0	0.0	0.9911111111111112	0.8488888888888889	0.0	0.8755555555555555	0.9066666666666666	1.0	0.0	0.0	0.5511111111111111	1.0
24451	0.0	0.3546099290780142	0.0	1.0	0.0	0.0	0.0	0.8794326241134752	0.0	1.0	1.0	0.0	0.0	0.3191489361702128	0.8794326241134752	1.0	0.0	1.0	0.7659574468085106	1.0	0.0	0.0	1.0	1.0
24452	0.0	0.6948228882833788	0.08991825613079019	0.8719346049046321	0.17438692098092642	0.0	0.628519527702089	0.15349682107175294	0.0	1.0	0.9500454132606722	0.5349682107175295	0.0	0.07538601271571299	0.8337874659400545	1.0	0.0	0.7465940054495913	0.9818346957311535	1.0	0.0	0.0	0.9936421435059037	1.0
24453	0.0	0.6521739130434783	0.34401220442410374	0.6117467581998475	0.0	0.0	0.7902364607170099	0.7940503432494279	0.0	1.0	0.9755911517925248	0.13424866514111367	0.22654462242562928	0.19221967963386727	0.9519450800915332	1.0	0.0	1.0	0.7406559877955758	1.0	0.0	0.0	0.9588100686498856	1.0
24454	0.0	0.6052009456264775	0.34397163120567376	0.859338061465721	0.0	0.0	0.7919621749408984	0.6276595744680851	0.0	1.0	0.933806146572104	0.5780141843971631	0.0	0.2990543735224586	0.9148936170212766	1.0	0.0	0.9739952718676123	0.7943262411347518	1.0	0.0	0.3203309692671395	0.7730496453900709	1.0
24455	0.0	0.5783783783783784	0.218018018018018	0.8162162162162162	0.08648648648648649	0.0	0.6864864864864865	0.5054054054054054	0.12072072072072072	0.990990990990991	0.9279279279279279	0.3216216216216216	0.07657657657657657	0.07657657657657657	0.8675675675675676	0.9801801801801802	0.0	0.9756756756756757	0.5900900900900901	1.0	0.15135135135135136	0.0	0.9468468468468468	0.9990990990990991
24456	0.0	0.47985347985347987	0.4542124542124542	0.8498168498168498	0.7802197802197802	0.0	0.9816849816849816	0.989010989010989	0.0	0.9340659340659341	0.9377289377289377	0.989010989010989	0.30036630036630035	0.0	0.575091575091575	0.8864468864468864	0.0	0.7326007326007326	0.8241758241758241	1.0	0.0	0.0	0.5384615384615384	0.9816849816849816
24457	0.44074074074074077	0.8851851851851852	0.42592592592592593	0.8240740740740741	0.3648148148148148	0.6296296296296297	0.7851851851851852	0.4685185185185185	0.018518518518518517	1.0	0.987037037037037	0.40185185185185185	0.6555555555555556	0.7222222222222222	1.0	1.0	0.32592592592592595	0.9574074074074074	0.8185185185185185	1.0	0.4722222222222222	0.7351851851851852	1.0	1.0
24458	0.4119496855345912	0.4119496855345912	0.0	1.0	0.39622641509433965	0.46226415094339623	0.9465408805031447	0.8144654088050315	0.44025157232704404	1.0	1.0	0.3270440251572327	0.4528301886792453	0.46855345911949686	1.0	1.0	0.0	1.0	0.8930817610062893	1.0	0.4528301886792453	0.36792452830188677	1.0	1.0
24459	0.0	0.6111111111111112	0.29292929292929293	1.0	0.0	0.0	1.0	1.0	0.0	1.0	1.0	0.8661616161616161	0.0	0.0	1.0	1.0	0.0	0.9318181818181818	0.3787878787878788	1.0	0.22727272727272727	0.0	0.9267676767676768	1.0
24460	0.0	0.8874316939890711	0.3912568306010929	0.9136612021857924	0.3617486338797814	0.0	0.8732240437158469	0.6775956284153005	0.09836065573770492	0.9825136612021858	0.9486338797814208	0.8666666666666667	0.0	0.23497267759562843	0.912568306010929	0.9846994535519126	0.0	0.9497267759562842	0.7945355191256831	0.9825136612021858	0.0	0.3158469945355191	0.9814207650273225	0.9497267759562842
24461	0.0	0.30434782608695654	0.0	0.5942028985507246	0.0	0.0	0.9758454106280193	0.3671497584541063	0.0	0.9082125603864735	0.7874396135265701	0.7391304347826086	0.0	0.0	0.43478260869565216	0.9323671497584541	0.0	1.0	0.8888888888888888	1.0	0.0	0.0	0.9082125603864735	0.966183574879227
24462	0.0	0.6707818930041153	0.6255144032921811	1.0	0.0	0.0	0.6625514403292181	0.6337448559670782	0.0	1.0	1.0	0.5637860082304527	0.0	0.0	0.8806584362139918	1.0	0.0	1.0	1.0	1.0	0.0	0.0	0.9670781893004116	1.0
24463	0.0	0.4053724053724054	0.1391941391941392	0.9719169719169719	0.0	0.0	0.9548229548229549	0.884004884004884	0.0	1.0	0.8229548229548229	0.7435897435897436	0.0	0.0	1.0	1.0	0.0	0.706959706959707	0.8241758241758241	1.0	0.0	0.16971916971916973	1.0	1.0
24464	0.0	0.6377314814814815	0.4085648148148148	0.9699074074074074	0.0	0.0	0.8402777777777778	0.5821759259259259	0.0	0.9965277777777778	0.9050925925925926	0.4131944444444444	0.0	0.14351851851851852	0.6145833333333334	1.0	0.0	1.0	0.6944444444444444	1.0	0.0	0.34953703703703703	1.0	1.0
24465	0.0	0.4265536723163842	0.288135593220339	0.8022598870056498	0.0	0.0	0.559322033898305	0.11581920903954802	0.0	0.7966101694915254	0.3531073446327684	0.884180790960452	0.327683615819209	0.3248587570621469	0.7146892655367232	1.0	0.0	1.0	0.8587570621468926	1.0	0.3531073446327684	0.0	1.0	1.0
24466	0.5939716312056738	0.8918439716312057	0.18085106382978725	0.9964539007092199	0.0	0.0	0.8634751773049646	0.574468085106383	0.0	1.0	0.950354609929078	0.374113475177305	0.028368794326241134	0.0	0.9964539007092199	0.9893617021276596	0.0	0.975177304964539	0.9893617021276596	1.0	0.04609929078014184	0.0	0.9964539007092199	0.9964539007092199
24467	0.0	0.0	0.0	0.3418803418803419	0.0	0.0	0.358974358974359	0.0	0.0	1.0	0.0	0.0	0.0	0.0	0.21367521367521367	0.10683760683760683	0.0	0.6923076923076923	0.0	0.0	0.0	0.0	0.7649572649572649	0.6794871794871795
24468	0.0	0.5205599300087489	0.25984251968503935	0.7392825896762905	0.19160104986876642	0.0	0.757655293088364	0.24934383202099739	0.0	1.0	0.7541557305336833	0.3455818022747157	0.0	0.0	0.8250218722659668	1.0	0.0	0.705161854768154	0.5643044619422573	1.0	0.1189851268591426	0.0	0.6622922134733158	0.9965004374453194
24469	0.0	0.9381443298969072	0.16494845360824742	0.8556701030927835	0.0	0.0	0.6540664375715922	0.581901489117984	0.08934707903780069	1.0	0.9805269186712485	0.2943871706758305	0.0	0.12829324169530354	0.983963344788087	1.0	0.0	0.9828178694158075	0.7548682703321878	1.0	0.0	0.26575028636884307	0.9427262313860252	1.0
24470	0.0	1.0	0.0	1.0	0.0	0.0	0.0	0.625	0.09523809523809523	1.0	0.5892857142857143	0.9583333333333334	0.0	0.0	0.8988095238095238	1.0	0.0	1.0	0.6130952380952381	1.0	0.0	0.0	1.0	1.0
24471	0.0	0.5544472152950956	0.09476309226932668	0.8187863674147964	0.0	0.10640066500415628	0.8836242726517041	0.7506234413965087	0.0	1.0	0.9758935993349959	0.5561097256857855	0.06650041562759768	0.0	0.9642560266001663	1.0	0.0	0.9650872817955112	0.6084788029925187	1.0	0.0	0.0	0.9359933499584372	1.0
24472	0.0	0.6455399061032864	0.0	0.9671361502347418	0.0	0.0	0.7206572769953051	0.2981220657276995	0.0	1.0	0.9436619718309859	0.23708920187793428	0.0	0.004694835680751174	1.0	1.0	0.0	1.0	0.607981220657277	1.0	0.0	0.1431924882629108	1.0	1.0
24473	0.25549915397631134	0.9170896785109983	0.09560067681895093	0.937394247038917	0.1455160744500846	0.07106598984771574	0.5473773265651438	0.3164128595600677	0.0	1.0	0.9077834179357022	0.9703891708967851	0.10575296108291032	0.0	0.9974619289340102	1.0	0.0	0.9196277495769881	0.4856175972927242	1.0	0.1260575296108291	0.18612521150592218	0.994077834179357	1.0
24474	0.0	0.2833333333333333	0.0	0.9166666666666666	0.0	0.0	0.675	0.4361111111111111	0.0	1.0	0.5333333333333333	0.4083333333333333	0.14166666666666666	0.0	0.6055555555555555	0.9888888888888889	0.0	0.9055555555555556	0.0	0.925	0.0	0.0	0.7972222222222223	0.9972222222222222
24475	0.0	0.0	0.4026666666666667	0.96	0.0	0.0	0.37333333333333335	0.0	0.0	1.0	0.648	0.0	0.41333333333333333	0.34933333333333333	0.7253333333333334	0.9493333333333334	0.0	0.664	1.0	1.0	0.0	0.5653333333333334	0.4026666666666667	1.0
24476	0.0	0.453125	0.20703125	0.3723958333333333	0.0	0.0	0.2669270833333333	0.6653645833333334	0.0	0.9635416666666666	0.6471354166666666	0.18880208333333334	0.0	0.0	0.8203125	1.0	0.0	1.0	0.6393229166666666	1.0	0.0	0.0	0.5768229166666666	1.0
24477	0.0	0.8228730822873083	0.0	0.7503486750348675	0.0	0.0	0.6269177126917713	0.6366806136680614	0.11576011157601115	1.0	0.8507670850767085	0.38493723849372385	0.0	0.19386331938633194	1.0	0.9867503486750349	0.0	0.9825662482566249	0.8716875871687587	1.0	0.0	0.11227336122733612	0.8716875871687587	1.0
24478	0.5015015015015015	0.1111111111111111	0.0	1.0	0.0	0.0	1.0	0.7507507507507507	0.0	1.0	1.0	0.26426426426426425	0.0	0.0	1.0	1.0	0.0	1.0	0.6336336336336337	1.0	0.0	0.0	0.8288288288288288	1.0
24479	0.0	0.6060606060606061	0.0	0.6590909090909091	0.20075757575757575	0.0	0.0	0.6799242424242424	0.0	1.0	0.32575757575757575	0.75	0.0	0.11931818181818182	0.8465909090909091	1.0	0.0	1.0	0.8352272727272727	1.0	0.0	0.2840909090909091	0.9071969696969697	1.0
24480	0.0	0.6265884652981427	0.3206256109481916	0.8699902248289345	0.10166177908113393	0.13978494623655913	0.570869990224829	0.5826001955034213	0.0	1.0	0.5982404692082112	0.6402737047898338	0.0	0.0	0.9051808406647116	1.0	0.0	0.873900293255132	0.5141739980449658	1.0	0.18181818181818182	0.0	0.8054740957966764	1.0
24481	0.0	0.0	0.0	0.43174603174603177	0.0	0.0	0.20317460317460317	0.09523809523809523	0.0	1.0	0.8984126984126984	0.33015873015873015	0.0	0.3333333333333333	0.780952380952381	1.0	0.0	1.0	0.13015873015873017	1.0	0.0	0.0	1.0	1.0
24482	0.0	0.0	0.0	0.5136054421768708	0.0	0.0	0.8027210884353742	0.32653061224489793	0.0	0.9523809523809523	0.30612244897959184	0.9387755102040817	0.0	0.0	0.7653061224489796	1.0	0.0	0.9727891156462585	0.5136054421768708	1.0	0.0	0.0	0.9965986394557823	0.9251700680272109
24483	0.0	0.5317460317460317	0.0	0.09523809523809523	0.0	0.0	0.5992063492063492	0.5357142857142857	0.0	0.9404761904761905	0.7341269841269841	0.0	0.0	0.0	0.7579365079365079	0.9007936507936508	0.0	0.7579365079365079	0.5833333333333334	1.0	0.06349206349206349	0.0	0.5833333333333334	0.5714285714285714
24484	0.0	0.9615384615384616	0.6602564102564102	1.0	0.0	0.0	0.8910256410256411	1.0	0.0	1.0	1.0	0.48717948717948717	0.0	0.0	1.0	1.0	0.0	1.0	0.2948717948717949	1.0	0.8717948717948718	0.0	1.0	1.0
24485	0.0	0.5586854460093896	0.0	0.9389671361502347	0.0	0.0	1.0	0.4647887323943662	0.0	1.0	1.0	0.4272300469483568	0.0	0.4084507042253521	0.41784037558685444	1.0	0.0	1.0	0.29577464788732394	1.0	0.0	0.352112676056338	0.7323943661971831	1.0
24486	0.0	0.46296296296296297	0.2037037037037037	0.7518518518518519	0.0	0.0	0.8407407407407408	0.7666666666666667	0.0	1.0	0.7925925925925926	0.0	0.0	0.35185185185185186	1.0	1.0	0.0	0.9888888888888889	0.5592592592592592	1.0	0.0	0.09259259259259259	0.8518518518518519	0.9888888888888889
24487	0.0	0.31521739130434784	0.6413043478260869	0.29347826086956524	0.0	0.0	0.36231884057971014	0.822463768115942	0.0	1.0	0.8442028985507246	0.894927536231884	0.09420289855072464	0.0	1.0	1.0	0.0	0.6340579710144928	0.5434782608695652	1.0	0.0	0.0	1.0	1.0
24488	0.06785878037597433	0.9793672627235214	0.7675378266850069	0.9963319578175149	0.1710224667583677	0.1843191196698762	0.9738651994497937	0.9472718936267767	0.19899128839981658	1.0	0.9944979367262724	0.8477762494268684	0.19257221458046767	0.3255387436955525	1.0	1.0	0.09720311783585511	1.0	0.9756992205410362	1.0	0.05823016964695094	0.48601558917927556	1.0	1.0
24489	0.0	0.4452798663324979	0.32497911445279865	0.8329156223893066	0.04928989139515455	0.0	0.808688387635756	0.7861319966583125	0.0	0.9122807017543859	0.9448621553884712	0.6633249791144528	0.0	0.23141186299081035	0.7986633249791144	1.0	0.0	0.873015873015873	0.45614035087719296	1.0	0.0	0.0	0.9415204678362573	1.0
24490	0.0	0.6198630136986302	0.4474885844748858	0.9623287671232876	0.0	0.0	0.9417808219178082	0.4897260273972603	0.09474885844748858	1.0	1.0	0.6986301369863014	0.04452054794520548	0.0	0.9143835616438356	1.0	0.0	1.0	0.5114155251141552	1.0	0.0	0.2602739726027397	0.9954337899543378	1.0
24491	0.0	0.6102150537634409	0.3629032258064516	1.0	0.0	0.0	0.9838709677419355	0.0	0.0	1.0	1.0	0.6532258064516129	0.5	0.0	1.0	0.9623655913978495	0.0	1.0	0.803763440860215	1.0	0.0	0.0	1.0	1.0
24492	0.0	0.5188492063492064	0.6071428571428571	1.0	0.0	0.0	0.8472222222222222	0.6408730158730159	0.0	0.9851190476190477	0.9990079365079365	0.5396825396825397	0.37003968253968256	0.0	0.8958333333333334	1.0	0.0	1.0	0.5496031746031746	1.0	0.0	0.36607142857142855	1.0	1.0
24493	0.0	0.44841269841269843	0.21428571428571427	0.8075396825396826	0.0	0.0	0.8432539682539683	0.5099206349206349	0.0	1.0	1.0	0.5674603174603174	0.0	0.0	1.0	1.0	0.0	0.9761904761904762	0.8373015873015873	1.0	0.0	0.0	0.8055555555555556	1.0
24494	0.0	1.0	0.0	0.9528023598820059	0.0	0.0	0.8436578171091446	0.6843657817109144	0.0	1.0	0.6932153392330384	0.7109144542772862	0.0	0.0	0.9557522123893806	0.8643067846607669	0.0	1.0	0.7581120943952803	1.0	0.0	0.0	1.0	1.0
24495	0.0	1.0	0.0	0.42105263157894735	0.0	0.0	0.5929824561403508	1.0	0.0	1.0	0.7403508771929824	0.0	0.0	0.0	0.6140350877192983	1.0	0.0	1.0	0.6421052631578947	1.0	0.0	0.45964912280701753	0.8035087719298246	1.0
24496	0.0	0.7331670822942643	0.11055694098088113	0.9825436408977556	0.39650872817955113	0.0	0.5660847880299252	0.9318370739817123	0.0	1.0	0.9950124688279302	0.4380714879467997	0.0	0.0	1.0	1.0	0.0	0.9825436408977556	0.7639235245220283	1.0	0.0	0.0	0.8686616791354946	1.0
24497	0.0	0.5754614549402823	0.44516829533116176	0.9250814332247557	0.0	0.0	0.5309446254071661	0.8588490770901195	0.0	0.9706840390879479	0.8089033659066233	0.5244299674267101	0.0	0.16720955483170466	0.7741585233441911	0.997828447339848	0.0	0.9706840390879479	0.6210640608034745	0.997828447339848	0.11726384364820847	0.34201954397394135	0.9207383279044516	0.997828447339848
24498	0.0	0.5502645502645502	0.0	0.8994708994708994	0.0	0.0	0.5619047619047619	0.4973544973544973	0.0	0.964021164021164	0.9492063492063492	0.0	0.0	0.4095238095238095	0.9513227513227513	0.9978835978835979	0.0	0.9619047619047619	0.5661375661375662	1.0	0.0	0.27195767195767195	0.7746031746031746	1.0
24499	0.2141812865497076	0.6008771929824561	0.07529239766081872	0.6666666666666666	0.0	0.0	0.814327485380117	0.6352339181286549	0.07821637426900585	1.0	0.9824561403508771	0.27997076023391815	0.06359649122807018	0.0	0.8230994152046783	1.0	0.0	0.952485380116959	0.7141812865497076	1.0	0.1425438596491228	0.22076023391812866	0.8472222222222222	1.0
24500	0.0	0.6836879432624113	0.015602836879432624	0.9730496453900709	0.0	0.0	0.1375886524822695	0.1148936170212766	0.0	0.948936170212766	0.9716312056737588	0.05815602836879433	0.25673758865248225	0.0	0.774468085106383	1.0	0.0	0.9659574468085106	0.9035460992907801	1.0	0.14184397163120568	0.0	0.9801418439716312	1.0
24501	0.0	0.3	0.0	0.0	0.0	0.0	0.0	0.0	0.0	0.9303030303030303	0.6424242424242425	0.0	0.045454545454545456	0.0	0.4212121212121212	0.693939393939394	0.0	0.7545454545454545	0.0	0.9272727272727272	0.0	0.0	0.5	1.0
24502	0.0	1.0	0.5780590717299579	1.0	0.339662447257384	0.0	0.9556962025316456	1.0	0.0	1.0	1.0	0.5042194092827004	0.7151898734177216	0.8839662447257384	1.0	1.0	0.0	1.0	1.0	1.0	0.46835443037974683	0.8713080168776371	1.0	1.0
24503	0.0	1.0	0.4011299435028249	1.0	0.0	0.4463276836158192	0.9830508474576272	0.6045197740112994	0.0	1.0	1.0	0.4124293785310734	0.0	0.5536723163841808	1.0	1.0	0.0	1.0	0.9774011299435028	1.0	0.0	0.0	1.0	1.0
24504	0.0	0.7831978319783198	0.0	0.8346883468834688	0.4092140921409214	0.0	0.9186991869918699	0.6097560975609756	0.0	1.0	0.7750677506775068	1.0	0.0	0.0	0.983739837398374	1.0	0.0	1.0	0.8455284552845529	0.9566395663956639	0.0	0.0	0.8861788617886179	1.0
24505	0.21602288984263232	0.7696709585121603	0.27467811158798283	0.8898426323319027	0.09298998569384835	0.2217453505007153	0.8583690987124464	0.7982832618025751	0.0	1.0	0.844062947067239	0.7753934191702432	0.0	0.4034334763948498	0.9971387696709585	0.9713876967095851	0.0	1.0	0.525035765379113	1.0	0.21602288984263232	0.0	1.0	1.0
24506	0.0	0.3215686274509804	0.0	0.8941176470588236	0.8862745098039215	0.0	0.3137254901960784	0.6784313725490196	0.0	1.0	0.996078431372549	0.9490196078431372	0.611764705882353	0.0	1.0	1.0	0.0	1.0	0.3411764705882353	1.0	0.3215686274509804	0.0	1.0	1.0
24507	0.0	0.8429629629629629	0.14074074074074075	0.605925925925926	0.1674074074074074	0.0	0.46814814814814815	0.8222222222222222	0.0	1.0	0.8977777777777778	0.4192592592592593	0.0	0.0	0.8977777777777778	1.0	0.0	1.0	0.1674074074074074	1.0	0.15703703703703703	0.4562962962962963	0.845925925925926	1.0
24508	0.0	0.3412322274881517	0.0	0.684044233807267	0.0	0.0	0.6666666666666666	0.06477093206951026	0.0	1.0	0.8309636650868878	0.7488151658767772	0.20695102685624012	0.0	0.9873617693522907	1.0	0.0	0.9352290679304898	0.4707740916271722	1.0	0.0	0.026856240126382307	0.740916271721959	1.0
24509	0.4010840108401084	0.43450767841011745	0.0	0.5411020776874436	0.0	0.0	0.7750677506775068	0.5844625112917796	0.0	1.0	0.916892502258356	0.34236675700090335	0.12917795844625113	0.05600722673893405	0.8581752484191508	1.0	0.0	1.0	0.919602529358627	1.0	0.0	0.0	0.7028003613369467	1.0
24510	0.0	0.4208754208754209	0.9090909090909091	0.9831649831649831	0.3367003367003367	0.0	0.9057239057239057	0.0	0.0	1.0	0.898989898989899	0.7811447811447811	0.0	0.3468013468013468	0.835016835016835	1.0	0.0	0.9696969696969697	0.9595959595959596	1.0	0.0	0.0	1.0	1.0
24511	0.6280701754385964	0.6970760233918128	0.49473684210526314	0.631578947368421	0.05730994152046784	0.0	0.8584795321637427	0.7146198830409357	0.0	1.0	0.7111111111111111	0.47485380116959064	0.0	0.1742690058479532	0.9122807017543859	1.0	0.0	0.8771929824561403	0.8573099415204678	1.0	0.0	0.0	0.968421052631579	1.0
24512	0.21418439716312057	0.8219858156028369	0.30425531914893617	0.9659574468085106	0.09929078014184398	0.0	0.7368794326241135	0.6070921985815603	0.0	1.0	0.975886524822695	0.6297872340425532	0.13333333333333333	0.1773049645390071	0.9375886524822695	1.0	0.0	0.9	0.6652482269503546	1.0	0.18014184397163122	0.0	0.9765957446808511	1.0
24513	0.17222222222222222	0.53	0.0	0.8822222222222222	0.0	0.0	0.06111111111111111	0.18333333333333332	0.0	1.0	0.8911111111111111	0.33444444444444443	0.0	0.06777777777777778	0.7122222222222222	1.0	0.0	0.7833333333333333	0.17777777777777778	1.0	0.10666666666666667	0.24222222222222223	0.8844444444444445	1.0
24514	0.0	0.5435244161358811	0.0	0.8662420382165605	0.0	0.0	1.0	0.6411889596602972	0.0	1.0	1.0	0.6157112526539278	0.2526539278131635	0.1316348195329087	0.42250530785562634	1.0	0.0	0.9766454352441614	0.18046709129511676	1.0	0.2484076433121019	0.0	1.0	1.0
24515	0.23109691160809373	0.5090521831735889	0.15654952076677317	0.8029818956336529	0.0	0.0	0.7305644302449414	0.8785942492012779	0.0	1.0	0.8370607028753994	0.422790202342918	0.0	0.18317358892438765	0.8189563365282215	1.0	0.0	0.8817891373801917	0.5942492012779552	1.0	0.0	0.0	0.966986155484558	1.0
24516	0.0	0.15384615384615385	0.358974358974359	0.9982905982905983	0.2188034188034188	0.0	0.9111111111111111	0.676923076923077	0.0	1.0	0.8222222222222222	0.5333333333333333	0.0	0.0	0.8461538461538461	1.0	0.0	0.9076923076923077	0.7282051282051282	1.0	0.6495726495726496	0.0	0.811965811965812	1.0
24517	0.0	0.11746031746031746	0.0031746031746031746	0.0	0.0	0.0	0.0	0.0380952380952381	0.0	1.0	0.10158730158730159	0.0	0.0	0.0	0.26031746031746034	0.1111111111111111	0.0	0.0	0.0	0.24761904761904763	0.0	0.0	0.21587301587301588	0.20634920634920634
24518	0.46859903381642515	0.8357487922705314	0.0	0.6473429951690821	0.0	0.0	0.0	0.0	0.0	1.0	1.0	0.0	0.0	0.0	0.782608695652174	1.0	0.0	1.0	0.5072463768115942	0.9951690821256038	0.0	0.0	0.9371980676328503	1.0
24519	0.28664495114006516	0.5993485342019544	0.2269272529858849	0.6970684039087948	0.0	0.0	0.5743756786102063	0.7046688382193268	0.0	1.0	0.8610206297502715	0.8621064060803475	0.10423452768729642	0.0	1.0	1.0	0.0	1.0	0.8230184581976113	1.0	0.13246471226927253	0.0	0.8349619978284474	1.0
24520	0.0	0.6483279395900755	0.04962243797195254	0.9115426105717368	0.08522114347357065	0.0	0.627831715210356	0.5275080906148867	0.0	0.9773462783171522	1.0	0.6364617044228694	0.238403451995685	0.21898597626752966	0.9234088457389428	1.0	0.0	0.9309600862998921	0.5533980582524272	1.0	0.0	0.31607335490830635	0.9093851132686084	1.0
24521	0.0	0.69432918395574	0.2600276625172891	1.0	0.7095435684647303	0.0	0.8105117565698479	0.6473029045643154	0.0	1.0	0.9197786998616874	0.6804979253112033	0.0	0.0	0.9073305670816044	1.0	0.0	0.9903181189488244	0.8769017980636238	1.0	0.3070539419087137	0.0	1.0	1.0
24522	0.0	0.8765432098765432	0.35802469135802467	0.6049382716049383	0.0	0.0	0.0	1.0	0.0	1.0	1.0	0.7716049382716049	0.49382716049382713	0.0	1.0	1.0	0.0	0.7530864197530864	1.0	1.0	0.0	0.7839506172839507	1.0	1.0
24523	0.0	0.6818181818181818	0.26515151515151514	0.9772727272727273	0.0	0.0	0.8257575757575758	0.6325757575757576	0.0	1.0	1.0	0.375	0.0	0.0	0.9962121212121212	0.9848484848484849	0.0	0.8825757575757576	1.0	1.0	0.0	0.7992424242424242	0.7765151515151515	1.0
24524	0.0	0.443024494142705	0.2417465388711395	1.0	0.0	0.0	0.7539936102236422	0.6389776357827476	0.11395101171458999	0.9275825346112886	0.7199148029818956	0.2598509052183174	0.09904153354632587	0.09371671991480299	0.9946751863684771	1.0	0.1554845580404686	0.6932907348242812	0.6134185303514377	1.0	0.0	0.0	0.9808306709265175	1.0
24525	0.0	0.8919753086419753	0.12037037037037036	0.9953703703703703	0.0	0.0	0.7114197530864198	0.6975308641975309	0.0	1.0	0.9629629629629629	0.6820987654320988	0.0	0.36882716049382713	0.9984567901234568	1.0	0.0	0.9814814814814815	0.6805555555555556	1.0	0.0	0.0	1.0	1.0
24526	0.0	0.7017543859649122	0.0	0.8523391812865497	0.0	0.0	0.6798245614035088	0.7105263157894737	0.19298245614035087	1.0	0.8494152046783626	0.3611111111111111	0.15204678362573099	0.16666666666666666	0.9312865497076024	1.0	0.0	0.7236842105263158	0.5687134502923976	1.0	0.0	0.0	0.5964912280701754	1.0
24527	0.0	0.47058823529411764	0.45213379469434833	0.7416378316032295	0.0	0.0	0.6482122260668973	0.5743944636678201	0.0	0.9896193771626297	0.8489042675893888	0.6136101499423299	0.08765859284890427	0.0	0.8512110726643599	0.9411764705882353	0.0	0.9642445213379469	0.41637831603229525	0.9873125720876585	0.0	0.0	0.4359861591695502	0.8431372549019608
24528	0.0	0.3430493273542601	0.07772795216741404	0.7100149476831091	0.0	0.0	0.7399103139013453	0.7750373692077728	0.0	1.0	0.7944693572496263	0.7324364723467862	0.0	0.0	0.8228699551569507	0.9850523168908819	0.0	1.0	0.7511210762331838	0.976083707025411	0.06576980568011959	0.15844544095665172	0.7346786248131539	0.9573991031390134
24529	0.0	1.0	0.0	1.0	0.0	0.0	0.9555555555555556	0.8355555555555556	0.0	1.0	1.0	0.17333333333333334	0.0	0.0	0.7555555555555555	1.0	0.0	1.0	1.0	1.0	0.0	0.0	1.0	1.0
24530	0.0	0.7648578811369509	0.3488372093023256	0.6136950904392765	0.0	0.0	0.6511627906976745	0.5167958656330749	0.0	1.0	0.7325581395348837	0.28811369509043927	0.0	0.0	0.7622739018087855	1.0	0.0	0.8255813953488372	0.896640826873385	1.0	0.15503875968992248	0.25193798449612403	1.0	1.0
24531	0.1806083650190114	0.9062103929024081	0.376425855513308	0.9486692015209125	0.0	0.0	0.6121673003802282	0.829531051964512	0.0	1.0	0.7034220532319392	0.20785804816223066	0.21799746514575413	0.21292775665399238	0.8599493029150824	0.9619771863117871	0.0	0.9714828897338403	0.8650190114068441	1.0	0.017743979721166033	0.08301647655259822	0.9385297845373891	1.0
24532	0.0	0.7	0.26666666666666666	0.9368055555555556	0.0	0.0	0.7319444444444444	0.8381944444444445	0.0	1.0	0.9347222222222222	0.25069444444444444	0.0	0.09375	0.8409722222222222	1.0	0.0	0.8208333333333333	0.6868055555555556	1.0	0.19652777777777777	0.0	0.8611111111111112	1.0
24533	0.10663841807909605	0.5589689265536724	0.196680790960452	0.966454802259887	0.07238700564971752	0.0	0.7994350282485876	0.7496468926553672	0.07097457627118645	1.0	0.9322033898305084	0.3746468926553672	0.2870762711864407	0.17372881355932204	0.8336864406779662	0.9548022598870056	0.0	0.9834039548022598	0.6995056497175142	1.0	0.0	0.09887005649717515	0.9463276836158192	1.0
24534	0.0	0.47853535353535354	0.3068181818181818	0.7462121212121212	0.0	0.0	0.6477272727272727	0.8333333333333334	0.0	1.0	0.8888888888888888	0.3333333333333333	0.0	0.15151515151515152	0.9141414141414141	1.0	0.0	0.8257575757575758	0.4217171717171717	1.0	0.0	0.0	0.9154040404040404	1.0
24535	0.5801282051282052	0.13782051282051283	0.0	1.0	0.0	0.0	0.0	0.5416666666666666	0.0	1.0	0.8974358974358975	0.7403846153846154	0.0	0.0	0.7051282051282052	1.0	0.0	0.8493589743589743	0.2403846153846154	1.0	0.0	0.0	1.0	1.0
24536	0.0	0.6577480490523969	0.12597547380156077	0.8361204013377926	0.0	0.2831661092530658	0.6700111482720178	0.8060200668896321	0.0	1.0	0.979933110367893	0.3255295429208473	0.0	0.0	0.9186176142697882	1.0	0.0	0.8639910813823858	0.7647714604236343	1.0	0.12486064659977704	0.0	0.9643255295429208	0.9721293199554069
24537	0.0	1.0	0.8563218390804598	1.0	0.0	0.0	0.16091954022988506	0.16091954022988506	0.0	1.0	1.0	0.0	0.0	0.0	1.0	1.0	0.0	0.1781609195402299	0.5689655172413793	1.0	0.0	0.0	1.0	1.0
24538	0.0	0.5136054421768708	0.05782312925170068	0.8741496598639455	0.2857142857142857	0.0	1.0	0.7448979591836735	0.0	1.0	0.8367346938775511	0.3129251700680272	0.0	0.0	1.0	1.0	0.0	0.7585034013605442	0.5102040816326531	1.0	0.0	0.0	1.0	1.0
24539	0.0	0.0	0.9318181818181818	0.7348484848484849	0.4356060606060606	0.0	0.5492424242424242	0.0	0.0	1.0	1.0	0.7954545454545454	0.0	0.0	1.0	1.0	0.0	0.8636363636363636	0.8863636363636364	1.0	0.0	0.0	1.0	1.0
24540	0.0	0.8582089552238806	0.42122719734660036	0.7006633499170812	0.0	0.0	0.7562189054726368	0.7072968490878938	0.0	1.0	0.9676616915422885	0.33001658374792703	0.18325041459369817	0.06633499170812604	0.9709784411276948	0.9577114427860697	0.0	1.0	0.7238805970149254	1.0	0.10281923714759536	0.0	1.0	1.0
24541	0.0	0.5171568627450981	0.8700980392156863	0.7622549019607843	0.5	0.5	1.0	0.8504901960784313	0.0	1.0	1.0	0.125	0.0	0.0	0.5661764705882353	0.9803921568627451	0.0	0.9264705882352942	0.5245098039215687	1.0	0.0	0.45098039215686275	1.0	1.0
24542	0.0	0.6614035087719298	0.03333333333333333	1.0	0.0	0.0	0.5982456140350877	0.6421052631578947	0.0	1.0	0.8491228070175438	0.5789473684210527	0.0	0.0	0.9087719298245615	1.0	0.0	0.9280701754385965	0.8947368421052632	1.0	0.0	0.0	1.0	1.0
24543	0.0	0.8879668049792531	0.45643153526970953	1.0	0.0	0.0	0.7040110650069157	0.6044260027662517	0.0	1.0	1.0	0.8630705394190872	0.0	0.12033195020746888	0.9654218533886584	1.0	0.0	0.9889349930843707	0.9017980636237898	1.0	0.11756569847856155	0.0	0.966804979253112	1.0
24544	0.0	1.0	0.10457516339869281	1.0	0.0	0.0	0.9869281045751634	0.0	0.0	1.0	1.0	0.0	0.0	0.0	1.0	1.0	0.0	1.0	0.9869281045751634	1.0	0.0	0.934640522875817	1.0	1.0
24545	0.0	0.5903614457831325	0.7269076305220884	1.0	0.0	0.0	1.0	0.7068273092369478	0.0	1.0	1.0	0.5261044176706827	0.0	0.0	1.0	1.0	0.0	0.7228915662650602	0.6506024096385542	1.0	0.0	0.20883534136546184	0.8755020080321285	1.0
24546	0.09184481393507522	0.7054631828978623	0.3119556611243072	0.8907363420427553	0.21456848772763262	0.0	0.8368962787015044	0.5471100554235946	0.09105304829770387	1.0	0.934283452098179	0.7220902612826603	0.1187648456057007	0.34679334916864607	0.9184481393507522	1.0	0.15914489311163896	0.9683293745051464	0.3990498812351544	1.0	0.2391132224861441	0.6191607284243864	0.8574821852731591	1.0
24547	0.0	0.5189393939393939	0.0	0.5871212121212122	0.0	0.0	0.6401515151515151	0.01893939393939394	0.0	1.0	0.9659090909090909	0.7424242424242424	0.0	0.5113636363636364	1.0	1.0	0.571969696969697	1.0	1.0	1.0	0.0	0.75	1.0	1.0
24548	0.0	0.7012987012987013	0.8787878787878788	1.0	0.0	0.0	1.0	0.8701298701298701	0.0	1.0	0.9090909090909091	0.8008658008658008	0.6493506493506493	0.0	1.0	1.0	0.0	1.0	0.7878787878787878	1.0	0.0	0.6536796536796536	1.0	1.0
24549	0.0	0.8912037037037037	0.21296296296296297	0.9351851851851852	0.0	0.0	0.3472222222222222	0.5833333333333334	0.0	1.0	0.9745370370370371	0.8055555555555556	0.0	0.0	1.0	1.0	0.0	1.0	1.0	1.0	0.0	0.0	0.9675925925925926	1.0
24550	0.0	0.89520624303233	0.0	0.7591973244147158	0.2898550724637681	0.3366778149386845	0.9364548494983278	0.2731326644370123	0.0	1.0	0.9409141583054627	0.7525083612040134	0.0	0.31215161649944256	0.9966555183946488	0.9297658862876255	0.0	0.903010033444816	0.4983277591973244	1.0	0.18171683389074694	0.0	0.8383500557413601	0.9988851727982163
24551	0.0	0.7612612612612613	0.0	0.8378378378378378	0.0	0.5540540540540541	0.36711711711711714	0.43243243243243246	0.0	1.0	0.46846846846846846	0.9527027027027027	0.26126126126126126	0.7972972972972973	0.5472972972972973	0.990990990990991	0.0	0.9617117117117117	0.6599099099099099	0.9504504504504504	0.0	0.6261261261261262	0.9459459459459459	0.9954954954954955
24552	0.0	0.5210727969348659	0.34099616858237547	0.9348659003831418	0.0	0.0	0.4904214559386973	0.5363984674329502	0.0	1.0	0.8390804597701149	0.0	0.0	0.632183908045977	1.0	1.0	0.0	1.0	0.5325670498084292	1.0	0.0	0.3716475095785441	0.8314176245210728	1.0
24553	0.0	0.7805456702253856	0.10320284697508897	0.7117437722419929	0.35231316725978645	0.2609727164887307	0.7473309608540926	0.7900355871886121	0.0	1.0	1.0	0.4816132858837485	0.17912218268090155	0.0	0.9655990510083037	1.0	0.0	0.966785290628707	0.0	1.0	0.26215895610913403	0.0	0.9181494661921709	1.0
24554	0.0	0.35964912280701755	0.16557017543859648	1.0	0.0	0.0	0.3717105263157895	0.8234649122807017	0.0	1.0	0.606359649122807	0.3717105263157895	0.09539473684210527	0.0	0.9649122807017544	0.9495614035087719	0.0	0.9703947368421053	0.7543859649122807	1.0	0.18640350877192982	0.3026315789473684	0.8344298245614035	1.0
24555	0.0	0.6113256113256114	0.12483912483912483	0.8674388674388674	0.0	0.0	0.7323037323037324	0.5572715572715573	0.0	0.9819819819819819	1.0	0.48133848133848134	0.4491634491634492	0.5070785070785071	1.0	0.9922779922779923	0.0	1.0	0.2483912483912484	1.0	0.10682110682110682	0.0	0.9137709137709138	1.0
24556	0.0	0.7660130718954249	0.4418300653594771	0.9045751633986928	0.0	0.0	0.6496732026143791	0.6366013071895424	0.0	1.0	0.9882352941176471	0.39477124183006534	0.0	0.0	1.0	0.9516339869281045	0.0	0.857516339869281	0.4797385620915033	1.0	0.6091503267973856	0.0	0.8457516339869281	1.0
24557	0.0	0.4209919261822376	0.2295271049596309	0.8500576701268743	0.0	0.0	0.5767012687427913	0.4071510957324106	0.0	1.0	0.8154555940023068	0.31718569780853517	0.0	0.0	0.7773933102652826	0.936562860438293	0.0	0.8292964244521338	0.16608996539792387	1.0	0.11303344867358708	0.0	0.8373702422145328	1.0
24558	0.33555555555555555	0.5533333333333333	0.43	0.8055555555555556	0.0	0.0	0.5822222222222222	0.8044444444444444	0.0	1.0	0.9733333333333334	0.6888888888888889	0.15222222222222223	0.10777777777777778	0.8833333333333333	1.0	0.0	1.0	0.5777777777777777	1.0	0.10222222222222223	0.0	1.0	1.0
24559	0.0	1.0	0.18974358974358974	0.958974358974359	0.8307692307692308	0.0	1.0	0.49743589743589745	0.0	1.0	1.0	0.6256410256410256	0.0	0.49743589743589745	0.8153846153846154	1.0	0.0	1.0	1.0	1.0	0.0	0.0	0.9128205128205128	1.0
24560	0.0	1.0	0.20865139949109415	1.0	0.0	0.0	0.8854961832061069	0.549618320610687	0.0	0.9974554707379135	0.910941475826972	0.44529262086513993	0.0	0.3155216284987277	1.0	1.0	0.0	1.0	0.7150127226463104	1.0	0.0	0.0	1.0	1.0
24561	0.0	1.0	0.0	0.8383838383838383	0.0	0.0	0.8787878787878788	1.0	0.0	1.0	1.0	1.0	0.0	0.0	1.0	1.0	0.0	1.0	0.050505050505050504	1.0	0.0	0.0	1.0	1.0
24562	0.0	0.6954022988505747	0.0	0.29310344827586204	0.0	0.0	0.7097701149425287	1.0	0.0	1.0	0.9310344827586207	0.2442528735632184	0.0	0.23850574712643677	1.0	1.0	0.0	0.9310344827586207	1.0	1.0	0.0	0.0	1.0	1.0
24563	0.0	0.47619047619047616	0.0	0.0	0.0	0.0	0.0	0.8941798941798942	0.0	1.0	0.2698412698412698	0.8465608465608465	0.0	0.0	1.0	1.0	0.0	0.9629629629629629	0.7619047619047619	1.0	0.0	0.0	0.5238095238095238	1.0
24564	0.0	0.16393442622950818	0.3879781420765027	0.0	0.0	0.0	0.825136612021858	0.0	0.0	0.3005464480874317	0.30601092896174864	0.0	0.0	0.0	0.12568306010928962	1.0	0.0	0.825136612021858	0.0	0.9016393442622951	0.0	0.825136612021858	0.2568306010928962	0.7158469945355191
24565	0.0	0.5880503144654088	0.0870020964360587	0.560796645702306	0.025157232704402517	0.0	0.3312368972746331	0.24528301886792453	0.11006289308176101	0.9580712788259959	0.41823899371069184	0.22327044025157233	0.0	0.0	0.4769392033542977	0.8763102725366876	0.0	0.6823899371069182	0.1310272536687631	0.7767295597484277	0.05345911949685535	0.0	0.6865828092243187	0.6949685534591195
24566	0.0	0.2727272727272727	0.6477272727272727	0.7878787878787878	0.8484848484848485	0.0	0.7196969696969697	0.0	0.0	1.0	0.8787878787878788	0.6931818181818182	0.0	0.0	0.9507575757575758	0.9924242424242424	0.0	1.0	0.4431818181818182	1.0	0.5606060606060606	0.0	1.0	1.0
24567	0.0	0.94375	0.0	0.9270833333333334	0.0	0.0	0.7395833333333334	0.56875	0.4979166666666667	1.0	0.5666666666666667	0.19166666666666668	0.21666666666666667	0.23541666666666666	0.9375	1.0	0.0	1.0	0.2916666666666667	1.0	0.0	0.4666666666666667	0.8645833333333334	1.0
24568	0.0	0.6793650793650794	0.3492063492063492	1.0	0.0	0.0	0.5396825396825397	0.7333333333333333	0.0	1.0	0.9396825396825397	0.1492063492063492	0.30793650793650795	0.2253968253968254	1.0	1.0	0.6031746031746031	1.0	0.3047619047619048	1.0	0.0	0.0	0.8888888888888888	1.0
24569	0.0	0.9653465346534653	0.3778877887788779	0.9191419141914191	0.0	0.0	0.933993399339934	0.15676567656765678	0.0	1.0	0.9834983498349835	0.4537953795379538	0.5792079207920792	0.0	0.9735973597359736	1.0	0.0	1.0	0.4867986798679868	1.0	0.0	0.0	1.0	1.0
24570	0.04951370468611848	0.45534924845269675	0.01768346595932803	0.8373121131741822	0.0	0.0	0.7701149425287356	0.6613616268788682	0.0	1.0	0.7480106100795756	0.5163572060123784	0.0	0.07515473032714412	0.9177718832891246	1.0	0.0	1.0	0.7197170645446508	1.0	0.26702033598585323	0.0	1.0	1.0
24571	0.0	0.0	0.0	0.5644444444444444	0.0	0.0	0.0	0.9288888888888889	0.0	1.0	0.0	0.0	0.0	0.0	0.0	0.6666666666666666	0.0	0.5688888888888889	0.0	0.7422222222222222	0.0	0.0	0.47555555555555556	0.9466666666666667
24572	0.0	0.0	0.0	0.9871794871794872	0.0	0.0	0.0	0.7735042735042735	0.0	1.0	0.9743589743589743	0.5854700854700855	0.0	0.0	0.5854700854700855	1.0	0.0	0.9358974358974359	0.7948717948717948	1.0	0.0	0.0	0.717948717948718	1.0
24573	0.0	0.5768115942028985	0.5449275362318841	0.9082125603864735	0.0	0.0	0.7864734299516908	0.7217391304347827	0.0	1.0	0.9487922705314009	0.49371980676328503	0.12753623188405797	0.15845410628019324	0.978743961352657	1.0	0.0	0.996135265700483	0.6628019323671498	1.0	0.0	0.15169082125603864	0.970048309178744	1.0
24574	0.0	0.8431372549019608	0.09919261822376009	0.9192618223760092	0.0	0.1787773933102653	0.8131487889273357	0.5063437139561707	0.0	1.0	0.7474048442906575	0.6655132641291811	0.34832756632064593	0.23760092272202998	0.9434832756632064	1.0	0.0	0.9215686274509803	0.5824682814302191	1.0	0.0	0.21683967704728951	0.9158016147635525	1.0
24575	0.0	0.0	0.0	0.8866666666666667	0.0	0.0	0.0	0.6066666666666667	0.0	0.9	1.0	0.9333333333333333	0.0	0.0	0.0	1.0	0.0	0.84	0.88	0.9	0.0	0.0	0.8666666666666667	1.0
24576	0.0	0.706140350877193	0.0	0.8464912280701754	0.0	0.0	0.875	0.43640350877192985	0.0	1.0	0.6929824561403509	0.9122807017543859	0.0	0.30043859649122806	0.7039473684210527	1.0	0.0	1.0	1.0	1.0	0.0	0.4342105263157895	0.5504385964912281	1.0
24577	0.0	0.9543010752688172	0.17204301075268819	0.9489247311827957	0.0	0.0	0.5967741935483871	0.30376344086021506	0.0	1.0	1.0	0.43010752688172044	0.0	0.0	1.0	1.0	0.0	0.7311827956989247	0.7419354838709677	1.0	0.0	0.6155913978494624	1.0	1.0
24578	0.0	0.7549019607843137	0.0	1.0	0.0	0.0	1.0	0.7058823529411765	0.0	0.696078431372549	0.7647058823529411	1.0	0.0	0.0	1.0	0.9411764705882353	0.0	0.5098039215686274	0.7058823529411765	1.0	0.0	0.0	0.0	1.0
24579	0.0	0.2178477690288714	0.0	1.0	0.0	0.0	0.7952755905511811	0.9422572178477691	0.0	1.0	1.0	1.0	0.0	0.0	1.0	1.0	0.0	1.0	0.7559055118110236	1.0	0.0	0.2388451443569554	0.9973753280839895	1.0
24580	0.0	0.6148148148148148	0.0	0.9814814814814815	0.0	0.0	0.9481481481481482	0.8148148148148148	0.0	1.0	0.9703703703703703	0.8	0.0	0.3925925925925926	1.0	1.0	0.0	1.0	1.0	1.0	0.0	0.0	0.8296296296296296	1.0
24581	0.42857142857142855	0.9315476190476191	0.0	0.5029761904761905	0.0	0.0	0.2976190476190476	0.19940476190476192	0.0	1.0	0.8630952380952381	0.8244047619047619	0.3869047619047619	0.0	0.8928571428571429	1.0	0.0	1.0	1.0	1.0	0.0	0.0	0.9910714285714286	1.0
24582	1.0	1.0	0.0	0.08080808080808081	0.0	0.0	1.0	1.0	0.0	1.0	0.9090909090909091	0.7777777777777778	0.0	0.0	0.9797979797979798	1.0	0.0	1.0	1.0	1.0	0.0	0.0	1.0	1.0
24583	0.0	0.8846153846153846	0.0	0.967948717948718	0.0	0.0	0.9786324786324786	0.905982905982906	0.0	0.9487179487179487	0.9038461538461539	0.8183760683760684	0.5683760683760684	0.0	0.8867521367521367	1.0	0.0	1.0	0.9487179487179487	1.0	0.12606837606837606	0.0	1.0	1.0
24584	0.0	1.0	0.33066666666666666	0.728	0.0	0.0	0.624	0.848	0.0	1.0	1.0	0.84	0.042666666666666665	0.0	0.8826666666666667	1.0	0.0	1.0	0.7013333333333334	1.0	0.6346666666666667	0.0	1.0	1.0
24585	0.0	0.3145833333333333	0.0	1.0	0.10729166666666666	0.0	0.784375	0.784375	0.0	1.0	0.9864583333333333	0.96875	0.28125	0.0	0.9947916666666666	1.0	0.0	1.0	0.74375	1.0	0.196875	0.2677083333333333	0.89375	1.0
24586	0.11904761904761904	0.9623015873015873	0.0	1.0	0.19444444444444445	0.0	0.748015873015873	0.6448412698412699	0.0	1.0	0.871031746031746	0.45436507936507936	0.0	0.0	1.0	1.0	0.0	1.0	0.9781746031746031	1.0	0.25793650793650796	0.25595238095238093	1.0	1.0
24587	0.0	0.706140350877193	0.24561403508771928	1.0	0.0	0.0	0.5087719298245614	0.17105263157894737	0.0	1.0	1.0	0.9473684210526315	0.0	0.0	1.0	1.0	0.0	1.0	0.6622807017543859	1.0	0.0	0.07894736842105263	1.0	1.0
24588	0.0	0.2109500805152979	0.16908212560386474	0.677938808373591	0.0	0.0	0.6618357487922706	0.6457326892109501	0.0	1.0	0.6151368760064412	0.5104669887278583	0.0	0.0	0.7697262479871175	0.9581320450885669	0.0	0.966183574879227	0.4557165861513688	1.0	0.0	0.0	0.9694041867954911	1.0
24589	0.0	0.3741496598639456	0.0	0.12585034013605442	0.0	0.0	0.35374149659863946	0.5782312925170068	0.0	0.9149659863945578	0.4557823129251701	0.20068027210884354	0.0	0.0	0.11904761904761904	1.0	0.0	0.43197278911564624	0.0	0.8979591836734694	0.0	0.0	0.9965986394557823	1.0
24590	0.0	0.0	0.0	0.8700564971751412	0.0	0.0	0.480225988700565	0.8248587570621468	0.0	0.807909604519774	0.903954802259887	0.0	0.0	0.0	0.9322033898305084	1.0	0.0	1.0	0.005649717514124294	0.9265536723163842	0.0	0.3389830508474576	0.9717514124293786	0.864406779661017
24591	0.0	0.6424936386768448	0.2989821882951654	0.9631043256997456	0.10814249363867684	0.0	0.7519083969465649	0.49872773536895676	0.0	1.0	0.7938931297709924	0.32951653944020354	0.0	0.12340966921119594	0.9440203562340967	1.0	0.0	1.0	0.8231552162849872	1.0	0.0	0.031806615776081425	0.8740458015267175	1.0
24592	0.0	0.8768577494692145	0.0	0.9129511677282378	0.0	0.0	0.821656050955414	0.9872611464968153	0.0	1.0	1.0	0.8938428874734607	0.18259023354564755	0.12951167728237792	1.0	1.0	0.0	1.0	0.4861995753715499	1.0	0.0	0.0	1.0	1.0
24593	0.0	0.8257713248638838	0.14519056261343014	0.8511796733212341	0.07924984875983061	0.0	0.8324258923169994	0.8142770719903206	0.1397459165154265	1.0	0.8348457350272233	0.4452510586811857	0.0	0.0	0.9649122807017544	0.999395039322444	0.0	0.9509981851179673	0.6249243799153055	1.0	0.08771929824561403	0.18269812462189958	0.9243799153055051	1.0
24594	0.0	0.37763713080168776	0.510548523206751	0.8396624472573839	0.0	0.0	0.5928270042194093	0.9725738396624473	0.0	1.0	1.0	0.9240506329113924	0.0	0.12869198312236288	1.0	1.0	0.0	1.0	0.12658227848101267	1.0	0.08016877637130802	0.35443037974683544	0.9936708860759493	1.0
24595	0.0	0.27184466019417475	0.019417475728155338	0.8090614886731392	0.0	0.0	0.8284789644012945	0.49838187702265374	0.29449838187702265	1.0	0.9967637540453075	0.7896440129449838	0.0	0.14563106796116504	0.9741100323624595	0.9579288025889967	0.0	0.9449838187702265	0.7313915857605178	1.0	0.1488673139158576	0.0	0.343042071197411	1.0
24596	0.0	0.42857142857142855	0.0	0.0	0.0	0.0	0.39285714285714285	0.0	0.0	0.9880952380952381	0.0	0.0	0.0	0.0	0.44047619047619047	1.0	0.0	0.9880952380952381	0.0	0.7023809523809523	0.0	0.0	0.2857142857142857	1.0
24597	0.0	0.26287262872628725	0.0	0.44986449864498645	0.0	0.0	1.0	0.0	0.0	1.0	0.8888888888888888	0.8319783197831978	0.0	0.0	0.7913279132791328	1.0	0.0	1.0	0.2791327913279133	1.0	0.0	0.0	1.0	1.0
24598	0.0	0.4400527009222661	0.38998682476943347	0.930171277997365	0.36100131752305664	0.34914361001317523	0.35177865612648224	0.7812911725955204	0.0	1.0	0.9011857707509882	0.27931488801054016	0.22002635046113306	0.13306982872200263	0.9591567852437418	1.0	0.0	1.0	0.9209486166007905	1.0	0.2727272727272727	0.0	1.0	1.0
24599	0.0	0.6358126721763085	0.22534435261707988	0.8644628099173554	0.05234159779614325	0.0	0.8765840220385674	0.49641873278236914	0.05950413223140496	1.0	0.8804407713498622	0.6661157024793388	0.07823691460055096	0.0	0.8622589531680441	0.9922865013774105	0.0	1.0	0.928374655647383	1.0	0.0	0.12286501377410468	0.9245179063360881	1.0
24600	0.0	0.2429718875502008	0.0	0.6927710843373494	0.0	0.0	0.5140562248995983	0.6044176706827309	0.0	0.8835341365461847	0.7831325301204819	0.4939759036144578	0.0	0.2891566265060241	0.8373493975903614	1.0	0.0	0.7208835341365462	0.21485943775100402	1.0	0.28112449799196787	0.0	0.8092369477911646	1.0
24601	0.0	0.31333333333333335	0.31333333333333335	0.79	0.0	0.0	0.5	0.0	0.0	0.9966666666666667	0.0	0.0	0.0	0.0	0.0	0.2966666666666667	0.0	0.5833333333333334	0.0	1.0	0.0	0.0	0.0	0.92
24602	0.0	0.7599388379204893	0.4908256880733945	0.9480122324159022	0.3058103975535168	0.0	0.6926605504587156	0.7110091743119266	0.0	1.0	0.8593272171253823	0.5321100917431193	0.0	0.22629969418960244	0.7874617737003058	1.0	0.0	0.9510703363914373	0.4617737003058104	1.0	0.0	0.0	0.7308868501529052	1.0
24603	0.5974025974025974	1.0	0.0	1.0	0.0	0.0	0.9393939393939394	0.45454545454545453	0.0	1.0	1.0	0.4329004329004329	0.0	0.0	1.0	1.0	0.0	1.0	0.5757575757575758	1.0	0.0	0.0	0.8961038961038961	1.0
24604	0.7943262411347518	1.0	0.6914893617021277	1.0	0.0	0.0	0.75177304964539	0.9042553191489362	0.0	1.0	1.0	0.32978723404255317	0.0	0.0	0.8156028368794326	1.0	0.0	1.0	1.0	1.0	0.6347517730496454	0.0	0.1276595744680851	1.0
24605	0.34832756632064593	0.5259515570934256	0.0922722029988466	0.8650519031141869	0.0	0.0	0.9792387543252595	0.7393310265282583	0.10265282583621683	1.0	0.9469434832756632	0.4405997693194925	0.0	0.1061130334486736	1.0	1.0	0.0	1.0	0.30680507497116494	1.0	0.16839677047289503	0.0	0.9619377162629758	1.0
24606	0.07196029776674938	0.7733664185277088	0.07113316790736146	0.8676592224979321	0.17866004962779156	0.0	0.7907361455748553	0.8188585607940446	0.0	1.0	0.8196856906534326	0.6410256410256411	0.24979321753515302	0.5285359801488834	1.0	1.0	0.12489660876757651	0.9685690653432589	0.738626964433416	1.0	0.009098428453267164	0.0	0.9950372208436724	1.0
24607	0.0	0.8590308370044053	0.0	0.8942731277533039	0.0	0.0	0.6857562408223201	0.8384728340675477	0.0	1.0	0.9148311306901615	0.24522760646108663	0.0	0.3700440528634361	0.9853157121879589	1.0	0.0	0.9074889867841409	0.9192364170337739	1.0	0.0	0.0	0.7474302496328928	1.0
24608	0.6367816091954023	0.5793103448275863	0.09885057471264368	0.7402298850574712	0.19770114942528735	0.26436781609195403	1.0	0.9080459770114943	0.4298850574712644	1.0	0.7839080459770115	0.735632183908046	0.0	0.0	1.0	1.0	0.4574712643678161	0.9425287356321839	0.5126436781609195	1.0	0.35402298850574715	0.5103448275862069	0.8850574712643678	1.0
24609	0.4954337899543379	0.4817351598173516	0.0	0.9497716894977168	0.4977168949771689	0.3447488584474886	0.776255707762557	0.3150684931506849	0.5776255707762558	1.0	0.8447488584474886	0.7648401826484018	0.5159817351598174	0.5114155251141552	1.0	1.0	0.5593607305936074	1.0	0.8721461187214612	1.0	0.5273972602739726	0.0	1.0	1.0
24610	0.0	0.3761904761904762	0.47619047619047616	0.6761904761904762	0.0	0.0	0.4142857142857143	0.0	0.4	1.0	1.0	0.0	0.8952380952380953	0.6857142857142857	0.32857142857142857	1.0	0.0	0.0	0.6952380952380952	1.0	0.0	0.0	0.4666666666666667	1.0
24611	1.0	0.5694444444444444	0.2986111111111111	0.7986111111111112	0.0	0.0	0.4444444444444444	0.8333333333333334	0.0	1.0	1.0	0.6736111111111112	0.0	0.0	1.0	1.0	0.0	0.7361111111111112	1.0	1.0	0.0	0.0	1.0	1.0
24612	0.0	0.8888888888888888	0.0	1.0	0.0	0.0	1.0	1.0	0.0	1.0	0.9529914529914529	0.6581196581196581	0.7435897435897436	0.0	1.0	0.9914529914529915	0.0	1.0	0.42735042735042733	1.0	0.0	0.0	1.0	1.0
24613	0.0	1.0	0.9126984126984127	0.9126984126984127	0.0	0.0	0.5476190476190477	1.0	0.0	1.0	0.9047619047619048	1.0	0.0	0.0	0.8015873015873016	1.0	0.0	1.0	0.15079365079365079	1.0	0.0	0.7063492063492064	1.0	1.0
24614	0.7717391304347826	0.5706521739130435	0.0	0.802536231884058	0.0	0.0	0.8387681159420289	0.8804347826086957	0.0	1.0	1.0	0.483695652173913	0.0	0.5072463768115942	0.9565217391304348	1.0	0.0	0.980072463768116	0.9528985507246377	1.0	0.0	0.0	0.9836956521739131	1.0
24615	0.0	0.7413793103448276	0.46934865900383144	1.0	0.0	0.0	1.0	1.0	0.19157088122605365	1.0	1.0	0.89272030651341	0.6340996168582376	0.5057471264367817	1.0	1.0	0.289272030651341	0.9386973180076629	1.0	1.0	0.0	0.5613026819923371	1.0	1.0
24616	0.0	0.5251572327044025	0.0	0.7327044025157232	0.0	0.0	0.5723270440251572	0.4308176100628931	0.0	0.9591194968553459	0.0	0.4811320754716981	0.0	0.0	0.4119496855345912	0.9685534591194969	0.0	0.9119496855345912	0.0	0.8616352201257862	0.0	0.0	0.6981132075471698	0.9685534591194969
24617	0.0	0.660394265232975	0.2956989247311828	0.6456093189964157	0.053315412186379925	0.04883512544802868	0.8830645161290323	0.6948924731182796	0.0	0.9744623655913979	0.8400537634408602	0.4551971326164875	0.07034050179211469	0.10304659498207885	0.8848566308243727	0.9722222222222222	0.005376344086021506	0.9493727598566308	0.6859318996415771	1.0	0.036290322580645164	0.0	0.8270609318996416	1.0
24618	0.0	0.5184049079754601	0.0	0.43660531697341515	0.0	0.0	0.12065439672801637	0.29243353783231085	0.0	1.0	0.6329243353783232	0.5501022494887525	0.08486707566462168	0.0	0.6032719836400818	0.8660531697341514	0.0	0.8179959100204499	0.5879345603271984	1.0	0.0	0.0	0.8271983640081799	1.0
24619	0.0	0.9032258064516129	0.45622119815668205	0.8786482334869432	0.0	0.0	0.6221198156682027	0.4608294930875576	0.0	1.0	0.9032258064516129	0.5698924731182796	0.0	0.0	0.8356374807987711	0.9938556067588326	0.0	0.9969278033794163	0.46390168970814133	0.8325652841781874	0.0	0.2073732718894009	0.9247311827956989	0.9984639016897081
24620	0.0	0.0	0.0	1.0	0.0	0.0	0.8963963963963963	1.0	0.0	1.0	0.9954954954954955	0.0	0.0	0.0	0.9324324324324325	0.9054054054054054	0.0	1.0	1.0	1.0	0.0	0.0	1.0	1.0
24621	0.0	0.0	0.0	0.0	0.0	0.5416666666666666	1.0	0.44907407407407407	0.0	1.0	0.6666666666666666	0.6435185185185185	0.0	0.0	1.0	1.0	0.0	1.0	0.625	1.0	0.0	0.0	0.4305555555555556	1.0
24622	0.0	0.41875	0.0	0.8111111111111111	0.06458333333333334	0.3486111111111111	0.925	0.49444444444444446	0.0	1.0	0.8881944444444444	0.6659722222222222	0.09791666666666667	0.1361111111111111	0.9805555555555555	1.0	0.0	1.0	0.7201388888888889	1.0	0.05694444444444444	0.0	0.9784722222222222	1.0
24623	0.0	1.0	0.10041407867494824	1.0	0.11283643892339544	0.2556935817805383	0.9140786749482401	0.8291925465838509	0.0	1.0	0.9006211180124224	0.35403726708074534	0.0	0.0	1.0	0.9989648033126294	0.0	0.9855072463768116	0.855072463768116	1.0	0.12732919254658384	0.2391304347826087	0.9026915113871635	1.0
24624	0.0	0.85	0.0	0.4666666666666667	0.0	0.0	0.8351851851851851	0.5962962962962963	0.0	1.0	1.0	0.34074074074074073	0.0	0.4962962962962963	0.9944444444444445	1.0	0.0	1.0	0.6703703703703704	1.0	0.17777777777777778	0.40925925925925927	1.0	1.0
24625	0.0	0.5298651252408478	0.07514450867052024	0.6107899807321773	0.0	0.0	0.5009633911368016	0.48940269749518306	0.0	1.0	1.0	0.4527938342967245	0.36416184971098264	0.0	0.766859344894027	1.0	0.0	0.5876685934489403	0.7880539499036608	1.0	0.0	0.0	0.9922928709055877	1.0
24626	0.0	0.3198090692124105	0.26889419252187746	0.8957836117740652	0.28957836117740654	0.053301511535401754	0.60381861575179	0.8591885441527446	0.0	1.0	0.883054892601432	0.7072394590294352	0.0	0.09069212410501193	0.8281622911694511	0.9968178202068417	0.0	0.8194112967382657	0.569610182975338	0.9809069212410502	0.07478122513922036	0.0	0.9801113762927606	0.9920445505171042
24627	0.0	0.5964912280701754	0.18295739348370926	0.6190476190476191	0.0	0.0	0.6441102756892231	0.38596491228070173	0.0	0.8370927318295739	0.9824561403508771	0.0	0.0	0.41353383458646614	0.8220551378446115	1.0	0.0	0.6892230576441103	0.3634085213032581	0.9724310776942355	0.0	0.37343358395989973	0.9097744360902256	1.0
24628	0.0	0.8365261813537676	0.0	0.9923371647509579	0.07535121328224777	0.0	0.7803320561941252	0.6807151979565773	0.0	1.0	0.929757343550447	0.5274584929757343	0.0	0.0	1.0	1.0	0.0	1.0	0.7713920817369093	1.0	0.0	0.12899106002554278	0.9080459770114943	1.0
24629	0.0	0.5977011494252874	0.5574712643678161	0.8379310344827586	0.09195402298850575	0.0	0.4666666666666667	0.774712643678161	0.0	1.0	1.0	0.4	0.40804597701149425	0.44482758620689655	0.9137931034482759	1.0	0.0	1.0	0.8770114942528736	1.0	0.3057471264367816	0.0	0.9954022988505747	1.0
24630	0.0	0.7431077694235589	0.45112781954887216	0.6604010025062657	0.0	0.0	0.9974937343358395	0.8947368421052632	0.0	0.9047619047619048	0.7568922305764411	0.45864661654135336	0.14160401002506265	0.19047619047619047	0.9022556390977443	0.9373433583959899	0.0	0.893483709273183	0.5714285714285714	1.0	0.0	0.0	0.9135338345864662	1.0
24631	0.0	0.8240740740740741	0.6990740740740741	0.8611111111111112	0.0	0.0	0.7129629629629629	0.7037037037037037	0.375	1.0	1.0	0.5416666666666666	0.0	0.0	1.0	1.0	0.0	1.0	0.30092592592592593	1.0	0.0	0.0	0.8194444444444444	1.0
24632	0.32264957264957267	0.4465811965811966	0.41025641025641024	0.8931623931623932	0.5897435897435898	0.0	0.8696581196581197	0.6623931623931624	0.0	0.9636752136752137	0.8568376068376068	0.5021367521367521	0.7713675213675214	0.49786324786324787	1.0	1.0	0.0	0.938034188034188	0.8589743589743589	0.9551282051282052	0.0	0.32264957264957267	0.8290598290598291	1.0
24633	0.0	0.3148148148148148	0.0	0.5416666666666666	0.0	0.0	0.6388888888888888	0.22685185185185186	0.0	1.0	0.6666666666666666	0.33796296296296297	0.0	0.0	0.39351851851851855	0.8009259259259259	0.0	0.9537037037037037	0.12037037037037036	0.8888888888888888	0.0	0.0	0.875	1.0
24634	0.0	0.810077519379845	0.0	0.0	0.0	0.0	0.5503875968992248	0.375968992248062	0.0	1.0	0.7751937984496124	0.5077519379844961	0.0	0.0	0.872093023255814	1.0	0.0	0.6976744186046512	0.38372093023255816	1.0	0.0	0.5852713178294574	0.9612403100775194	1.0
24635	0.0	0.0	0.2686084142394822	0.8996763754045307	0.5889967637540453	0.0	0.6828478964401294	0.7540453074433657	0.0	1.0	0.941747572815534	0.9870550161812298	0.0	0.0	0.9288025889967637	0.9935275080906149	0.0	0.9579288025889967	0.9288025889967637	1.0	0.0	0.0	1.0	1.0
24636	0.0	0.0	0.0	0.746031746031746	0.0	0.0	0.7579365079365079	1.0	0.0	1.0	0.7857142857142857	0.7738095238095238	0.0	0.0	1.0	1.0	0.0	1.0	1.0	1.0	0.0	0.0	1.0	1.0
24637	0.0	0.6652173913043479	0.08768115942028985	0.8673913043478261	0.0	0.06376811594202898	0.6340579710144928	0.8021739130434783	0.0	1.0	0.7804347826086957	0.6688405797101449	0.09057971014492754	0.14057971014492754	0.8963768115942029	0.986231884057971	0.0	0.9637681159420289	0.7702898550724637	1.0	0.0	0.21884057971014492	0.8724637681159421	1.0
24638	0.0	0.7120418848167539	0.0	0.3158813263525305	0.0	0.0	0.912739965095986	0.5479930191972077	0.0	1.0	1.0	0.4083769633507853	0.17975567190226877	0.0	0.8900523560209425	1.0	0.0	0.924956369982548	0.9912739965095986	1.0	0.0	0.0	0.9616055846422339	1.0
24639	0.0	0.14678899082568808	0.13863404689092762	0.7767584097859327	0.034658511722731905	0.0	0.5606523955147809	0.601427115188583	0.12028542303771661	1.0	1.0	0.34454638124362896	0.21712538226299694	0.0	0.7665647298674821	0.9673802242609582	0.0	1.0	0.47604485219164117	1.0	0.053007135575942915	0.0	0.872579001019368	1.0
24640	0.0	0.5137931034482759	0.2160919540229885	0.5091954022988506	0.0	0.12643678160919541	0.4103448275862069	0.664367816091954	0.0	1.0	0.8620689655172413	0.7275862068965517	0.0	0.14942528735632185	0.7103448275862069	1.0	0.0	0.9103448275862069	0.9310344827586207	1.0	0.0	0.0	0.9379310344827586	1.0
24641	0.0	0.03787878787878788	0.0	1.0	0.0	0.0	0.5681818181818182	0.0	0.0	1.0	1.0	1.0	0.0	0.0	0.3712121212121212	1.0	0.0	1.0	0.10606060606060606	1.0	0.6212121212121212	0.0	0.5909090909090909	1.0
24642	0.0	0.7037037037037037	0.4703703703703704	0.662962962962963	0.32222222222222224	0.0	0.6814814814814815	0.6444444444444445	0.0	1.0	1.0	0.7444444444444445	0.0	0.3333333333333333	0.9185185185185185	1.0	0.0	1.0	0.6444444444444445	0.9481481481481482	0.011111111111111112	0.0	1.0	1.0
24643	0.0	0.0	0.0	1.0	0.0	0.0	0.0	0.28205128205128205	0.0	1.0	0.5705128205128205	0.4551282051282051	0.0	0.0	0.75	1.0	0.0	1.0	0.8525641025641025	1.0	0.0	0.0	0.8269230769230769	1.0
24644	0.0	0.48660714285714285	0.0	0.5133928571428571	0.0	0.0	0.7559523809523809	0.44642857142857145	0.0	0.9523809523809523	0.34226190476190477	0.2663690476190476	0.0	0.0	0.7648809523809523	0.8839285714285714	0.0	0.9449404761904762	0.6860119047619048	0.9226190476190477	0.0	0.4494047619047619	0.6592261904761905	0.9419642857142857
24645	0.0	0.0	1.0	1.0	0.0	0.0	1.0	1.0	0.0	1.0	0.4393939393939394	0.0	0.0	0.0	1.0	0.7424242424242424	0.0	1.0	1.0	1.0	0.0	0.0	0.0	1.0
24646	0.0	1.0	0.9365079365079365	1.0	0.0	0.23809523809523808	0.8994708994708994	0.8253968253968254	0.0	1.0	1.0	0.0	0.0	0.37037037037037035	1.0	1.0	0.0	1.0	1.0	1.0	0.0	0.0	0.9629629629629629	1.0
24647	0.0	0.8776758409785933	0.0	0.5412844036697247	0.0	0.0	0.3486238532110092	0.8318042813455657	0.29357798165137616	1.0	0.6605504587155964	0.3302752293577982	0.0	0.0	0.7584097859327217	1.0	0.0	0.981651376146789	0.6666666666666666	1.0	0.0	0.0	1.0	1.0
24648	0.0	0.7333333333333333	0.0	1.0	0.0	0.0	1.0	0.2641975308641975	0.0	1.0	0.9975308641975309	0.5456790123456791	0.0	0.12839506172839507	0.9975308641975309	1.0	0.0	1.0	1.0	1.0	0.0	0.0	1.0	1.0
24649	0.0	1.0	0.0	0.9962121212121212	0.0	0.0	1.0	0.8333333333333334	0.0	1.0	1.0	0.026515151515151516	0.0	0.0	1.0	1.0	0.0	1.0	0.7424242424242424	1.0	0.0	0.0	0.946969696969697	1.0
24650	0.0	0.6933333333333334	0.0	0.4577777777777778	0.0	0.0	1.0	0.8044444444444444	0.0	1.0	0.8488888888888889	0.9866666666666667	0.0	0.0	1.0	1.0	0.0	1.0	0.3511111111111111	1.0	0.25333333333333335	0.0	0.6488888888888888	1.0
24651	0.0	0.2714285714285714	0.0	1.0	0.0	0.0	0.07142857142857142	0.7142857142857143	0.0	1.0	1.0	0.2714285714285714	0.0	0.0	1.0	1.0	0.0	1.0	0.5761904761904761	1.0	0.5142857142857142	0.0	0.9952380952380953	1.0
24652	0.0	0.8518518518518519	0.5656565656565656	0.7744107744107744	0.0	0.0	0.9797979797979798	0.5218855218855218	0.0	0.835016835016835	0.4713804713804714	0.5084175084175084	0.0	0.0	1.0	0.8518518518518519	0.0	0.6801346801346801	0.0	0.9393939393939394	0.32323232323232326	0.5050505050505051	0.835016835016835	0.8585858585858586
24653	0.0	0.55860666158149	0.08924485125858124	0.6414950419527079	0.0	0.024663107042969742	0.5512331553521485	0.7452326468344775	0.0	0.9987287058225274	0.8881261123824052	0.5125858123569794	0.17137045512331553	0.09305873379099924	0.9155860666158149	1.0	0.0	0.9588100686498856	0.5832697686244597	1.0	0.05186880244088482	0.14696160691584031	0.8998220188151538	1.0
24654	0.0	0.5492341356673961	0.05689277899343545	0.8701677607585704	0.0	0.13858497447118892	0.6272793581327498	0.6097738876732313	0.0	1.0	0.9788475565280816	0.47921225382932164	0.15681983953318746	0.0824215900802334	0.9744711889132021	1.0	0.0	0.8708971553610503	0.925601750547046	1.0	0.0	0.1765134938001459	0.9190371991247265	1.0
24655	0.0	0.6196793808734107	0.32117191818684354	0.8601437258153676	0.11995577667219458	0.0	0.6008844665561084	0.5671641791044776	0.0	1.0	0.7772249861802101	0.39911553344389167	0.08347153123272526	0.1271420674405749	0.9076838032061912	0.9911553344389166	0.0	0.9640685461580984	0.689331122166943	1.0	0.06744057490326147	0.08347153123272526	0.7810945273631841	1.0
24656	0.0	0.5238095238095238	0.0	0.6455026455026455	0.43386243386243384	0.0	0.9470899470899471	0.5582010582010583	0.0	0.843915343915344	0.9338624338624338	0.2857142857142857	0.43386243386243384	0.0	0.9047619047619048	1.0	0.0	1.0	0.6005291005291006	1.0	0.0	0.35714285714285715	0.746031746031746	1.0
24657	0.0	0.8613569321533924	0.0	0.7935103244837758	0.0	0.0	0.0	0.1887905604719764	0.0	0.7935103244837758	0.471976401179941	0.0	0.0	0.0	0.8672566371681416	0.8525073746312685	0.0	0.5486725663716814	0.6991150442477876	0.8820058997050148	0.0	0.0	0.45132743362831856	0.8112094395280236
24658	0.0	0.5618153364632238	0.6995305164319249	0.8998435054773083	0.0	0.0	0.48982785602503914	0.25508607198748046	0.0	0.918622848200313	0.9906103286384976	0.27230046948356806	0.0	0.0	0.9389671361502347	0.9311424100156495	0.0	0.7636932707355243	0.03755868544600939	0.8701095461658842	0.0	0.0	0.8841940532081377	0.8591549295774648
24659	0.0	1.0	0.15602836879432624	1.0	0.0	0.0	1.0	0.16312056737588654	0.0	1.0	1.0	0.0	0.0	0.0	1.0	1.0	0.0	1.0	0.5815602836879432	1.0	0.0	0.0	1.0	1.0
24660	0.0	0.8616223585548739	0.1663258350374915	0.6284935241990457	0.12474437627811862	0.0	0.5412406271301977	0.8493524199045671	0.10088616223585549	1.0	0.8493524199045671	0.08520790729379686	0.09543285616905249	0.0	0.978186775732788	1.0	0.0	1.0	0.4451261077027948	1.0	0.0	0.0	0.9475119291070211	1.0
24661	0.0	0.5666666666666667	0.0	0.5666666666666667	0.0	0.0	0.6462962962962963	0.8592592592592593	0.0	0.9462962962962963	0.9944444444444445	0.9907407407407407	0.0	0.21481481481481482	0.9462962962962963	0.9259259259259259	0.0	0.9462962962962963	0.8351851851851851	0.9462962962962963	0.21666666666666667	0.0	0.937037037037037	0.9962962962962963
24662	0.0	0.640117994100295	0.0	0.5870206489675516	0.26548672566371684	0.30678466076696165	1.0	1.0	0.0	1.0	1.0	0.39233038348082594	0.0	0.0	1.0	1.0	0.0	0.9321533923303835	1.0	1.0	0.0	0.0	0.9498525073746312	1.0
24663	0.0	0.8910256410256411	0.0	0.8205128205128205	0.0	0.0	0.9935897435897436	0.967948717948718	0.0	1.0	0.8910256410256411	0.9102564102564102	0.0	0.0	0.532051282051282	1.0	0.0	1.0	1.0	1.0	0.0	1.0	1.0	1.0
24664	0.0	0.28023598820059	0.0	0.43952802359882004	0.0	0.0	1.0	0.6843657817109144	0.0	1.0	0.9056047197640118	0.3274336283185841	0.0	0.0	0.8525073746312685	1.0	0.0	0.8230088495575221	0.29793510324483774	1.0	0.0	0.6902654867256637	0.8082595870206489	1.0
24665	0.0	0.36764705882352944	0.0	0.45098039215686275	0.0	0.0	0.803921568627451	0.9019607843137255	0.0	1.0	0.5245098039215687	0.8284313725490197	0.0	0.11764705882352941	0.7254901960784313	1.0	0.0	1.0	0.5588235294117647	1.0	0.0	0.0	1.0	1.0
24666	0.0	1.0	0.0	0.0	0.0	0.0	0.9196787148594378	0.6224899598393574	0.0	1.0	0.8795180722891566	0.0	0.4899598393574297	0.0	0.6987951807228916	1.0	0.0	0.8232931726907631	0.0	1.0	0.0	0.0	1.0	1.0
24667	0.0	0.7862129144851658	0.16928446771378708	0.9450261780104712	0.0	0.0	0.7635253054101222	0.7443280977312391	0.0	1.0	0.981675392670157	0.8542757417102966	0.0	0.0	0.9205933682373473	1.0	0.0	0.9511343804537522	0.9930191972076788	1.0	0.0	0.5828970331588132	0.8568935427574171	1.0
24668	0.0	0.7339955849889624	0.20309050772626933	1.0	0.0	0.0739514348785872	0.9315673289183223	0.9812362030905077	0.0	1.0	0.9547461368653422	0.3984547461368653	0.0	0.31677704194260486	1.0	1.0	0.0	0.9536423841059603	0.6766004415011038	1.0	0.0	0.0	0.8752759381898455	1.0
24669	0.0	0.7946360153256705	0.3486590038314176	0.9862068965517241	0.0	0.020689655172413793	0.5770114942528736	0.8237547892720306	0.0	1.0	0.9501915708812261	0.4950191570881226	0.06360153256704981	0.23141762452107278	0.903448275862069	1.0	0.0	1.0	0.7333333333333333	1.0	0.0	0.0	0.9716475095785441	1.0
24670	0.0	0.7791666666666667	0.2708333333333333	0.9770833333333333	0.0	0.0	0.9895833333333334	0.8979166666666667	0.0	1.0	1.0	0.55625	0.0	0.0	1.0	1.0	0.0	1.0	0.6541666666666667	1.0	0.17083333333333334	0.0	1.0	1.0
24671	0.0	0.7374301675977654	0.24394785847299813	0.633147113594041	0.0	0.0	0.4860335195530726	0.7113594040968343	0.0	1.0	0.9776536312849162	0.8566108007448789	0.0	0.01675977653631285	1.0	0.9962756052141527	0.0	1.0	0.88268156424581	1.0	0.0	0.5623836126629422	0.8379888268156425	1.0
24672	0.7738095238095238	0.5357142857142857	0.0	0.8988095238095238	0.0	0.0	1.0	0.5952380952380952	0.5744047619047619	1.0	1.0	0.6160714285714286	0.0	0.3869047619047619	0.9315476190476191	1.0	0.6994047619047619	1.0	0.4494047619047619	1.0	0.40476190476190477	0.8363095238095238	1.0	1.0
24673	0.0	1.0	0.0	1.0	0.13114754098360656	0.0	0.8306010928961749	1.0	0.0	1.0	0.5628415300546448	0.0	0.0	0.0	1.0	1.0	0.0	1.0	1.0	1.0	0.0	0.15846994535519127	1.0	1.0
24674	0.0	0.47706422018348627	0.12844036697247707	1.0	0.0	0.0	1.0	1.0	0.3149847094801223	1.0	1.0	0.48623853211009177	0.0	0.0	1.0	1.0	0.0	1.0	0.8256880733944955	1.0	0.0	0.0	1.0	1.0
24675	0.0	0.98046875	0.34375	0.8828125	0.0	0.1171875	0.8424479166666666	0.8606770833333334	0.0	1.0	1.0	0.8489583333333334	0.0	0.0	1.0	1.0	0.0	1.0	0.93359375	1.0	0.15364583333333334	0.0	1.0	1.0
24676	0.0	0.993103448275862	0.0	0.6183908045977011	0.0	0.0	0.5586206896551724	0.6620689655172414	0.0	1.0	0.9425287356321839	0.13793103448275862	0.0	0.0	1.0	1.0	0.0	1.0	0.5402298850574713	1.0	0.35402298850574715	0.6045977011494252	1.0	1.0
24677	0.0	0.44938271604938274	0.0	1.0	0.0	0.0	1.0	0.7283950617283951	0.0	1.0	0.9629629629629629	0.0	0.0	0.0	0.9851851851851852	1.0	0.0	1.0	0.7802469135802469	1.0	0.23950617283950618	0.0	0.817283950617284	1.0
24678	0.0	0.685099846390169	0.17357910906298002	0.9155145929339478	0.0	0.0	0.9554531490015361	0.5130568356374808	0.0	1.0	0.8294930875576036	0.5314900153609831	0.0	0.0	1.0	1.0	0.0	0.6866359447004609	0.6390168970814132	1.0	0.46236559139784944	0.0	1.0	1.0
24679	0.0	0.15128205128205127	0.23076923076923078	0.9333333333333333	0.0	0.0	0.5307692307692308	0.2948717948717949	0.0	1.0	0.7717948717948718	0.8333333333333334	0.28205128205128205	0.0	0.9615384615384616	1.0	0.0	1.0	0.717948717948718	1.0	0.002564102564102564	0.32051282051282054	1.0	1.0
24680	0.0	0.45588235294117646	0.0	0.0	0.0	0.0	0.6176470588235294	0.16176470588235295	0.0	0.7696078431372549	0.49019607843137253	0.0	0.0	0.6813725490196079	0.6225490196078431	0.8431372549019608	0.0	0.0	0.9362745098039216	1.0	0.0	0.0	0.9950980392156863	0.8284313725490197
24681	0.0	0.14864864864864866	0.0	1.0	0.0	0.0	0.581081081081081	1.0	0.0	1.0	1.0	0.36036036036036034	0.0	0.0	1.0	1.0	0.0	1.0	0.0	1.0	0.0	0.0	0.8918918918918919	1.0
24682	0.0	0.5975308641975309	0.0	0.9308641975308642	0.15925925925925927	0.0	0.7333333333333333	0.34814814814814815	0.0	1.0	1.0	0.7481481481481481	0.0	0.39382716049382716	0.9703703703703703	1.0	0.0	1.0	0.9345679012345679	1.0	0.13580246913580246	0.18641975308641975	0.9938271604938271	1.0
24683	0.0	0.7380952380952381	0.0	0.9255952380952381	0.0	0.0	0.9613095238095238	0.8184523809523809	0.0	1.0	0.9821428571428571	0.2976190476190476	0.0	0.15476190476190477	1.0	1.0	0.0	1.0	0.5119047619047619	1.0	0.0	0.25	1.0	1.0
24684	0.0	1.0	0.0	1.0	0.0	0.0	0.7391304347826086	1.0	0.0	1.0	1.0	0.7004830917874396	0.0	0.0	1.0	1.0	0.0	1.0	0.8599033816425121	1.0	0.0	0.6666666666666666	1.0	1.0
24685	0.0	1.0	0.6352201257861635	0.4779874213836478	0.0	0.0	0.5974842767295597	0.3836477987421384	0.0	1.0	1.0	0.1792452830188679	0.0	0.29245283018867924	1.0	1.0	0.0	0.9245283018867925	1.0	1.0	0.0	0.0	1.0	1.0
24686	0.0	1.0	0.1836734693877551	1.0	0.0	0.0	0.782312925170068	0.22448979591836735	0.0	1.0	1.0	0.0	0.4965986394557823	0.0	0.8775510204081632	1.0	0.0	0.9931972789115646	0.0	1.0	0.0	0.0	0.7346938775510204	1.0
24687	0.0	0.7857142857142857	0.3994708994708995	1.0	0.0	0.0	0.6640211640211641	0.9576719576719577	0.0	1.0	0.6693121693121693	0.4417989417989418	0.2804232804232804	0.48677248677248675	1.0	1.0	0.0	0.9841269841269841	0.0	1.0	0.0	0.10582010582010581	1.0	1.0
24688	0.0	0.3536036036036036	0.0	1.0	0.4369369369369369	0.0	0.8175675675675675	0.5427927927927928	0.0	1.0	1.0	0.48873873873873874	0.0	0.0	0.8445945945945946	1.0	0.0	1.0	0.831081081081081	1.0	0.0	0.0	0.9684684684684685	1.0
24689	0.0	0.7372210223182145	0.0	0.8200143988480921	0.06911447084233262	0.0	0.5464362850971922	0.6263498920086393	0.0	1.0	0.7926565874730022	0.5651547876169907	0.38660907127429806	0.17782577393808496	0.9560835133189345	1.0	0.0	0.9769618430525558	0.6573074154067674	1.0	0.11951043916486681	0.2174226061915047	0.9920806335493161	1.0
24690	0.0	0.7991967871485943	0.0	0.6305220883534136	0.0	0.0	0.7991967871485943	1.0	0.0	1.0	1.0	0.8514056224899599	0.0	0.0	0.9678714859437751	1.0	0.0	0.4457831325301205	0.8353413654618473	1.0	0.0	0.40963855421686746	0.7630522088353414	1.0
24691	0.0	0.18138987043580684	0.20965842167255594	0.33568904593639576	0.0	0.0	0.8657243816254417	0.3745583038869258	0.0	1.0	0.6937573616018846	0.4581861012956419	0.1248527679623086	0.0	0.9034157832744405	1.0	0.0	1.0	0.9988221436984688	1.0	0.0	0.009422850412249705	0.8574793875147232	1.0
24692	0.0	0.34552845528455284	0.3170731707317073	0.7967479674796748	0.0	0.0	1.0	0.06097560975609756	0.0	0.6056910569105691	1.0	0.8699186991869918	0.0	0.0	1.0	1.0	0.0	1.0	0.23577235772357724	1.0	0.0	0.0	0.044715447154471545	1.0
24693	0.0	0.6173469387755102	0.5527210884353742	0.7397959183673469	0.22108843537414966	0.0	0.8707482993197279	0.4880952380952381	0.0	1.0	0.5238095238095238	0.0	0.0	0.0	0.7670068027210885	0.8180272108843537	0.0	1.0	0.5068027210884354	1.0	0.0	0.0	0.891156462585034	1.0
24694	0.0	0.5903614457831325	0.8112449799196787	0.7269076305220884	0.0	0.0	0.9959839357429718	0.42971887550200805	0.0	1.0	0.606425702811245	0.6987951807228916	0.0	0.0	1.0	1.0	0.0	0.6706827309236948	0.6706827309236948	1.0	0.0	0.0	0.41767068273092367	1.0
24695	0.0	0.6514851485148515	0.12145214521452145	0.7808580858085808	0.0	0.0	0.5458745874587458	0.8607260726072608	0.0	0.9993399339933994	0.5947194719471948	0.25346534653465347	0.1551155115511551	0.0	0.9438943894389439	0.9742574257425742	0.0	1.0	0.5577557755775577	1.0	0.0	0.07854785478547854	0.8792079207920792	0.9676567656765677
24696	0.16374269005847952	0.3810916179337232	0.2387914230019493	0.8869395711500975	0.0	0.0	0.9366471734892787	0.615009746588694	0.0	0.8996101364522417	0.9278752436647173	0.5321637426900585	0.10916179337231968	0.16764132553606237	0.98635477582846	1.0	0.0	1.0	0.8499025341130604	1.0	0.06140350877192982	0.0	0.5974658869395711	1.0
24697	0.17412935323383086	0.2676616915422886	0.2676616915422886	0.8348258706467662	0.25671641791044775	0.0	0.7283582089552239	0.700497512437811	0.0	1.0	0.9572139303482587	0.382089552238806	0.0	0.0945273631840796	1.0	0.9562189054726368	0.0	0.9422885572139303	0.8288557213930349	1.0	0.14626865671641792	0.0	0.9144278606965174	1.0
24698	0.0	0.7058823529411765	0.0	1.0	0.0	0.0	0.6797385620915033	0.7483660130718954	0.0	1.0	1.0	0.45098039215686275	0.0	0.0	0.9738562091503268	1.0	0.0	1.0	0.7777777777777778	1.0	0.0	0.0	0.8300653594771242	1.0
24699	0.15608465608465608	0.8174603174603174	0.5026455026455027	0.9955908289241623	0.0	0.0	0.63668430335097	0.564373897707231	0.0	1.0	1.0	0.5132275132275133	0.0	0.0	1.0	0.9559082892416225	0.0	0.9973544973544973	0.746031746031746	1.0	0.164021164021164	0.26631393298059963	0.9991181657848325	1.0
24700	0.0	0.6179941002949852	0.4026548672566372	0.971976401179941	0.0	0.0	0.7064896755162242	0.27876106194690264	0.0	1.0	0.6637168141592921	0.6828908554572272	0.15486725663716813	0.0	0.9557522123893806	1.0	0.0	1.0	0.9247787610619469	1.0	0.11946902654867257	0.0	0.9557522123893806	1.0
24701	0.0	0.9263565891472868	0.0	0.937984496124031	0.0	0.0	0.43023255813953487	1.0	0.0	1.0	1.0	1.0	0.0	0.0	0.7790697674418605	1.0	0.0	1.0	0.5891472868217055	1.0	0.20930232558139536	0.0	1.0	1.0
24702	0.06772207563764292	0.3808267370272647	0.0	0.5725593667546174	0.0	0.0	0.48197009674582236	0.8557607739665787	0.0	1.0	0.9102902374670184	0.5505716798592788	0.0	0.158311345646438	0.8434476693051891	1.0	0.0	0.9859278803869833	0.9991204925241864	1.0	0.0	0.12137203166226913	0.9727352682497801	1.0
24703	0.0	0.41899441340782123	0.0	0.8268156424581006	0.0	0.0	0.3091247672253259	0.1527001862197393	0.0	1.0	0.6703910614525139	0.6033519553072626	0.0	0.0	0.664804469273743	1.0	0.0	1.0	0.6145251396648045	1.0	0.0	0.0	0.9906890130353817	1.0
24704	0.0	0.0	0.0	0.49743589743589745	0.0	0.0	0.9102564102564102	0.3564102564102564	0.0	0.9384615384615385	0.8307692307692308	0.0	0.0	0.5461538461538461	0.841025641025641	0.9769230769230769	0.0	0.6307692307692307	0.11282051282051282	1.0	0.32564102564102565	0.0	0.7743589743589744	1.0
24705	0.5773809523809523	0.6845238095238095	0.0	0.0	0.0	0.0	0.0	0.875	0.0	1.0	0.9821428571428571	0.0	0.0	0.0	1.0	1.0	0.0	0.9464285714285714	1.0	1.0	0.0	0.0	1.0	1.0
24706	0.0	0.6331236897274634	0.0	0.7735849056603774	0.0	0.0	0.9538784067085954	0.20335429769392033	0.0	1.0	0.989517819706499	0.5450733752620545	0.0	0.0	0.7714884696016772	1.0	0.0	0.9454926624737946	0.7966457023060797	1.0	0.0	0.0	1.0	1.0
24707	0.0	0.6318840579710145	0.20193236714975846	0.8898550724637682	0.0	0.19710144927536233	0.5140096618357488	0.8309178743961353	0.0	1.0	0.9990338164251208	0.30434782608695654	0.0	0.0	0.9178743961352657	1.0	0.0	1.0	0.7942028985507247	1.0	0.22318840579710145	0.0	0.9304347826086956	1.0
24708	0.0	0.4803921568627451	0.0	0.9865196078431373	0.15073529411764705	0.1017156862745098	0.6507352941176471	0.7659313725490197	0.16789215686274508	0.9865196078431373	0.9926470588235294	0.24509803921568626	0.024509803921568627	0.1556372549019608	0.9546568627450981	1.0	0.0	0.9840686274509803	0.6421568627450981	0.9865196078431373	0.0	0.39215686274509803	0.9840686274509803	1.0
24709	0.0	0.49444444444444446	0.22777777777777777	0.9	0.0	0.0	0.0	0.7888888888888889	0.0	0.7944444444444444	0.9	0.0	0.7944444444444444	0.0	0.7944444444444444	0.7944444444444444	0.0	1.0	0.0	1.0	0.0	0.48333333333333334	0.9333333333333333	0.8833333333333333
24710	0.5146871008939975	0.822477650063857	0.3065134099616858	0.7139208173690932	0.0	0.0	0.6194125159642401	0.36015325670498083	0.0	1.0	0.9782886334610472	0.10983397190293742	0.194125159642401	0.08812260536398467	0.9642401021711366	1.0	0.0	1.0	0.966794380587484	1.0	0.0	0.0	0.9770114942528736	1.0
24711	0.5033333333333333	0.7766666666666666	0.0	1.0	0.0	0.0	0.9966666666666667	0.9433333333333334	0.0	1.0	0.95	0.25333333333333335	0.11333333333333333	0.0	1.0	1.0	0.0	1.0	0.08666666666666667	1.0	0.0	0.2866666666666667	1.0	1.0
24712	0.0	0.8912280701754386	0.0	1.0	0.0	0.0	0.8421052631578947	0.9438596491228071	0.0	1.0	1.0	0.0	0.0	0.0	1.0	1.0	0.0	1.0	0.8526315789473684	1.0	0.0	0.0	0.5719298245614035	1.0
24713	0.0	0.7929465301478953	0.17861205915813425	0.7895335608646189	0.12400455062571103	0.0	0.8327645051194539	0.8441410693970421	0.0	1.0	0.9556313993174061	0.2787258248009101	0.2753128555176337	0.0	1.0	1.0	0.0	1.0	0.6018202502844141	1.0	0.0	0.1353811149032992	0.9465301478953356	1.0
24714	0.0	0.5655430711610487	0.5861423220973783	1.0	0.19850187265917604	0.16292134831460675	0.8445692883895131	0.797752808988764	0.0	1.0	1.0	0.6086142322097379	0.0	0.1853932584269663	0.9588014981273408	1.0	0.0	1.0	0.19288389513108614	1.0	0.0	0.0	0.9531835205992509	1.0
24715	0.0	0.6598639455782312	0.0	0.6802721088435374	0.0	0.0	0.6530612244897959	0.0	0.0	1.0	1.0	0.0	0.0	0.0	0.0	0.6598639455782312	0.0	0.0	0.0	1.0	0.0	0.0	0.8231292517006803	0.32653061224489793
24716	0.0	0.8801498127340824	0.6067415730337079	1.0	0.0	0.0	0.6254681647940075	0.07865168539325842	0.0	1.0	1.0	0.47191011235955055	0.0	0.0	0.947565543071161	0.8426966292134831	0.0	0.4794007490636704	1.0	1.0	0.0	0.0	0.6591760299625468	1.0
24717	0.0	1.0	0.0	0.4444444444444444	0.4131054131054131	0.0	0.4928774928774929	0.245014245014245	0.0	1.0	1.0	0.43874643874643876	0.0	0.5128205128205128	0.9743589743589743	1.0	0.0	0.7606837606837606	0.8660968660968661	1.0	0.0	0.0	0.886039886039886	1.0
24718	0.0	0.9392212725546059	0.19468186134852802	0.6790123456790124	0.0	0.1168091168091168	0.8233618233618234	0.9306742640075973	0.0	1.0	1.0	0.24216524216524216	0.3855650522317189	0.09306742640075974	0.8043684710351378	1.0	0.0	0.7217473884140551	0.7464387464387464	1.0	0.12630579297245964	0.13580246913580246	0.8983855650522318	1.0
24719	0.0	0.8290598290598291	0.27863247863247864	0.9880341880341881	0.0	0.0	0.8222222222222222	0.5076923076923077	0.0	1.0	1.0	0.38803418803418804	0.1829059829059829	0.0	1.0	1.0	0.0	0.9948717948717949	0.7247863247863248	1.0	0.0	0.14188034188034188	0.9675213675213675	1.0
24720	0.0	0.35619047619047617	0.0	0.940952380952381	0.0	0.0	0.780952380952381	0.74	0.08571428571428572	1.0	0.9476190476190476	0.6419047619047619	0.1295238095238095	0.09238095238095238	0.9971428571428571	1.0	0.0	0.5828571428571429	0.2876190476190476	1.0	0.0	0.3304761904761905	0.8361904761904762	1.0
24721	0.0	0.4774774774774775	0.0	0.8738738738738738	0.0	0.0	0.581081081081081	0.9819819819819819	0.0	1.0	1.0	0.5855855855855856	0.0	0.0	0.6666666666666666	1.0	0.0	0.972972972972973	0.6351351351351351	1.0	0.0	0.0	0.6576576576576577	1.0
24722	0.2037037037037037	0.4583333333333333	0.2564814814814815	0.8833333333333333	0.0	0.2796296296296296	0.7898148148148149	0.6055555555555555	0.0	0.9925925925925926	0.9361111111111111	0.8175925925925925	0.14351851851851852	0.07777777777777778	0.9296296296296296	0.9907407407407407	0.0	0.9675925925925926	0.5277777777777778	0.9888888888888889	0.37962962962962965	0.0	0.8981481481481481	0.9925925925925926
24723	0.0	0.9742002063983488	0.0	0.9453044375644994	0.0	0.0	0.8968008255933952	0.7739938080495357	0.0	1.0	0.9824561403508771	0.4840041279669763	0.0	0.0	0.7781217750257998	1.0	0.0	0.9721362229102167	0.48813209494324045	1.0	0.15583075335397317	0.5232198142414861	0.8720330237358102	1.0
24724	0.0	0.5486111111111112	0.33487654320987653	0.7847222222222222	0.09259259259259259	0.0	0.7253086419753086	0.5277777777777778	0.0	1.0	0.7870370370370371	0.30709876543209874	0.0	0.0	0.8541666666666666	1.0	0.0	0.7608024691358025	0.8364197530864198	1.0	0.11728395061728394	0.3626543209876543	0.9853395061728395	1.0
24725	0.0	0.460093896713615	0.1136150234741784	0.860093896713615	0.0	0.14741784037558686	0.24976525821596243	0.6873239436619718	0.0	1.0	0.9934272300469483	0.8272300469483568	0.15023474178403756	0.3408450704225352	1.0	1.0	0.0	0.9943661971830986	0.7286384976525822	1.0	0.0	0.3370892018779343	0.7173708920187793	1.0
24726	0.0	0.5824561403508772	0.0	0.8210526315789474	0.0	0.0	0.6385964912280702	0.47368421052631576	0.0	0.9754385964912281	1.0	0.47017543859649125	0.0	0.0	1.0	1.0	0.0	1.0	0.29473684210526313	1.0	0.0	0.5298245614035088	1.0	1.0
24727	0.0784313725490196	0.5104800540906017	0.37322515212981744	0.9722785665990534	0.18999323867478027	0.0	0.7876943881000676	0.8228532792427316	0.0	0.9993238674780257	0.9093982420554428	0.3394185260311021	0.023664638269100743	0.26707234617985126	1.0	0.9986477349560514	0.0	0.982420554428668	0.5584854631507775	0.993238674780257	0.14266396213657878	0.2880324543610548	0.9459093982420554	1.0
24728	0.0	0.7249122807017544	0.2785964912280702	0.9087719298245615	0.27017543859649124	0.0	0.9171929824561403	0.4624561403508772	0.0	1.0	0.9740350877192983	0.5347368421052632	0.11719298245614035	0.26105263157894737	0.9971929824561403	0.9950877192982456	0.0	0.984561403508772	0.5992982456140351	1.0	0.0	0.33614035087719296	0.9291228070175439	1.0
24729	0.13505074160811867	0.8641686182669789	0.31772053083528495	0.8423106947697112	0.0936768149882904	0.0	0.7525370804059328	0.6658860265417642	0.20921155347384857	1.0	0.9750195160031225	0.5058548009367682	0.273224043715847	0.0	0.985167837626854	1.0	0.0	1.0	0.7868852459016393	1.0	0.22482435597189696	0.11787665886026542	1.0	1.0
24730	0.0	0.6666666666666666	0.39111111111111113	0.6311111111111111	0.0	0.0	0.38222222222222224	0.6044444444444445	0.0	1.0	0.6355555555555555	0.3244444444444444	0.0	0.0	1.0	1.0	0.0	1.0	1.0	1.0	0.0	0.0	0.6977777777777778	1.0
24731	0.0	1.0	0.0	0.9014084507042254	0.0	0.0	0.903755868544601	0.7300469483568075	0.0	1.0	1.0	0.5234741784037559	0.0	0.0	0.9906103286384976	1.0	0.18779342723004694	0.852112676056338	0.9671361502347418	1.0	0.3427230046948357	0.3544600938967136	0.9929577464788732	1.0
24732	0.0	1.0	0.0	0.864406779661017	0.0	0.0	0.9717514124293786	0.8418079096045198	0.0	1.0	0.4915254237288136	0.559322033898305	0.0	0.0	0.4858757062146893	1.0	0.0	0.9322033898305084	0.96045197740113	1.0	0.10734463276836158	0.0	0.0	1.0
24733	0.0	0.8980392156862745	0.0	0.8	0.0	0.0	0.9764705882352941	0.9294117647058824	0.0	1.0	0.26666666666666666	0.3254901960784314	0.0	0.0	0.9725490196078431	1.0	0.0	1.0	0.44313725490196076	1.0	0.0	0.0	0.3803921568627451	1.0
24734	0.0	0.38636363636363635	0.0	0.8621212121212121	0.0	0.0	0.7484848484848485	0.7621212121212121	0.0	1.0	0.7606060606060606	0.25757575757575757	0.0	0.0	1.0	0.9727272727272728	0.0	0.9151515151515152	0.746969696969697	1.0	0.0	0.0	0.9727272727272728	1.0
24735	0.024444444444444446	0.30444444444444446	0.42	0.4311111111111111	0.0	0.0	0.84	0.2911111111111111	0.0	0.9555555555555556	0.8577777777777778	0.78	0.0	0.22444444444444445	0.96	0.9977777777777778	0.0	0.8	0.5377777777777778	0.96	0.0	0.0	0.8133333333333334	1.0
24736	0.6410256410256411	0.9982905982905983	0.24786324786324787	0.7418803418803419	0.17435897435897435	0.0	0.5128205128205128	0.8717948717948718	0.0	1.0	0.4461538461538462	0.49572649572649574	0.0	0.0	0.9863247863247864	1.0	0.0	0.8051282051282052	0.6444444444444445	1.0	0.0	0.19145299145299147	1.0	1.0
24737	0.0	0.8412698412698413	0.8492063492063492	1.0	0.0	0.0	0.9007936507936508	1.0	0.6984126984126984	1.0	1.0	0.9841269841269841	0.9444444444444444	0.0	1.0	1.0	0.0	0.9563492063492064	0.7976190476190477	1.0	0.0	0.0	1.0	1.0
24738	0.0	0.6225352112676056	0.08169014084507042	0.856338028169014	0.0	0.0	0.4694835680751174	0.5173708920187794	0.0	0.8347417840375587	0.8619718309859155	0.6150234741784038	0.0	0.0	0.9070422535211268	1.0	0.0	0.8262910798122066	0.6704225352112676	1.0	0.12394366197183099	0.0	0.7718309859154929	1.0
24739	0.0	1.0	0.9831223628691983	0.9535864978902954	0.8607594936708861	0.6371308016877637	0.8396624472573839	0.869198312236287	0.5021097046413502	1.0	0.9071729957805907	0.919831223628692	0.0	0.9029535864978903	0.9071729957805907	1.0	0.6329113924050633	1.0	0.810126582278481	1.0	0.7721518987341772	0.7890295358649789	1.0	1.0
24740	0.0963963963963964	0.9009009009009009	0.42162162162162165	0.9198198198198199	0.04099099099099099	0.0509009009009009	0.9653153153153153	0.8896396396396397	0.0	0.9990990990990991	1.0	0.7509009009009009	0.0990990990990991	0.09594594594594595	0.9711711711711711	0.9950450450450451	0.06801801801801802	0.9968468468468469	0.8788288288288288	1.0	0.06396396396396396	0.4698198198198198	1.0	1.0
24741	0.510752688172043	0.9605734767025089	0.492831541218638	0.967741935483871	0.0	0.0	0.7544802867383512	1.0	0.0	1.0	0.9229390681003584	0.7043010752688172	0.3046594982078853	0.14516129032258066	1.0	1.0	0.0	1.0	0.8261648745519713	1.0	0.0	0.33691756272401435	0.9623655913978495	1.0
24742	0.0	0.7874396135265701	0.0	1.0	0.6473429951690821	0.0	0.7632850241545893	0.7898550724637681	0.0	1.0	0.7657004830917874	0.7463768115942029	0.0	0.10869565217391304	0.714975845410628	1.0	0.0	1.0	0.6835748792270532	1.0	0.0	0.0	1.0	1.0
24743	0.0	0.851063829787234	0.2293144208037825	0.5366430260047281	0.0	0.0	0.4940898345153664	0.8628841607565012	0.0	1.0	0.900709219858156	0.6453900709219859	0.0	0.2789598108747045	1.0	1.0	0.0	0.9787234042553191	0.3404255319148936	1.0	0.10401891252955082	0.0	0.8652482269503546	1.0
24744	0.0	1.0	0.1761904761904762	0.8857142857142857	0.8142857142857143	0.0	0.8523809523809524	1.0	0.0	1.0	0.9238095238095239	0.819047619047619	0.3333333333333333	0.0	1.0	1.0	0.0	1.0	0.7095238095238096	1.0	0.1761904761904762	0.0	0.9	1.0
24745	0.0	0.14102564102564102	0.9935897435897436	0.75	0.0	0.0	0.5256410256410257	0.23717948717948717	0.0	1.0	0.8397435897435898	0.0	0.0	0.0	0.9935897435897436	1.0	0.0	1.0	0.8076923076923077	1.0	0.0	0.0	0.717948717948718	1.0
24746	0.5342679127725857	0.18847352024922118	0.0	0.8691588785046729	0.0	0.0	0.6308411214953271	0.7336448598130841	0.0	1.0	1.0	0.38006230529595014	0.3317757009345794	0.0	1.0	1.0	0.0	0.9501557632398754	0.4532710280373832	1.0	0.0	0.0	0.8037383177570093	1.0
24747	0.0	0.5187637969094923	0.41501103752759383	0.8807947019867549	0.4481236203090508	0.4260485651214128	1.0	1.0	0.0	1.0	0.9470198675496688	1.0	0.0	0.0	0.8675496688741722	1.0	0.0	1.0	0.7461368653421634	1.0	0.0	0.0	1.0	1.0
24748	0.0	0.8926553672316384	0.6468926553672316	0.9858757062146892	0.0	0.0	1.0	1.0	0.0	1.0	1.0	0.7966101694915254	0.0	0.0	1.0	1.0	0.0	1.0	1.0	1.0	0.0	0.0	1.0	1.0
24749	0.0	0.8236559139784946	0.1010752688172043	0.9290322580645162	0.0	0.0	0.8150537634408602	0.6086021505376344	0.0	1.0	0.5935483870967742	0.7505376344086021	0.22795698924731184	0.0	0.9806451612903225	1.0	0.0	1.0	0.7849462365591398	1.0	0.2860215053763441	0.0	1.0	1.0
24750	0.0	0.840625	0.13645833333333332	1.0	0.0	0.0	0.571875	0.8458333333333333	0.0	0.934375	0.9510416666666667	0.3614583333333333	0.0875	0.109375	0.9802083333333333	1.0	0.0	0.9729166666666667	0.6364583333333333	1.0	0.057291666666666664	0.0	0.95	1.0
24751	0.0	0.6036745406824147	0.0	0.8923884514435696	0.0	0.3963254593175853	0.4304461942257218	0.9343832020997376	0.3937007874015748	1.0	0.963254593175853	0.29396325459317585	0.0	0.0	0.8057742782152231	1.0	0.0	0.963254593175853	0.2650918635170604	1.0	0.6719160104986877	0.3963254593175853	0.6797900262467191	1.0
24752	0.0	0.6322751322751323	0.0	0.5052910052910053	0.0	0.0	0.6455026455026455	0.4894179894179894	0.0	1.0	0.9841269841269841	0.6481481481481481	0.0	0.0	1.0	0.9867724867724867	0.0	0.8492063492063492	0.3994708994708995	1.0	0.0	0.0	0.9682539682539683	1.0
24753	0.0	0.4895833333333333	0.7395833333333334	0.0	0.0	0.0	0.0	0.6875	0.0	1.0	0.9635416666666666	0.0	0.0	0.0	0.4375	0.8958333333333334	0.0	0.9635416666666666	0.5729166666666666	1.0	0.0	0.0	1.0	0.9114583333333334
24754	0.0	0.9154471544715447	0.4195121951219512	0.9479674796747968	0.0	0.0	0.36097560975609755	0.9024390243902439	0.0	1.0	0.8878048780487805	0.7821138211382114	0.0	0.0	1.0	1.0	0.0	1.0	0.6894308943089431	1.0	0.0	0.0	0.9967479674796748	1.0
24755	0.0	0.3872053872053872	0.0	0.4612794612794613	0.0	0.3939393939393939	0.8383838383838383	0.0	0.0	1.0	1.0	0.0	0.0	0.6632996632996633	1.0	1.0	0.0	0.898989898989899	0.2760942760942761	1.0	0.0	0.0	1.0	1.0
24756	0.0	0.7048611111111112	0.0	1.0	0.14583333333333334	0.0	0.8055555555555556	0.5868055555555556	0.0	1.0	0.9884259259259259	0.5428240740740741	0.30787037037037035	0.11342592592592593	0.9976851851851852	1.0	0.0	1.0	0.7280092592592593	1.0	0.0	0.34953703703703703	0.9456018518518519	1.0
24757	0.0	0.44153577661431065	0.21509598603839442	0.7404013961605584	0.06806282722513089	0.0	0.6884816753926701	0.599912739965096	0.0	0.962478184991274	0.8669284467713787	0.5493019197207679	0.19109947643979058	0.14441535776614312	0.8359511343804538	1.0	0.0	0.981239092495637	0.7805410122164049	1.0	0.07155322862129145	0.13176265270506107	0.8778359511343804	1.0
24758	0.0	0.7226890756302521	0.0	0.9439775910364145	0.0	0.0	0.5700280112044818	0.8711484593837535	0.0	1.0	0.9411764705882353	0.7997198879551821	0.27170868347338933	0.0	0.9551820728291317	1.0	0.0	0.5630252100840336	0.5350140056022409	1.0	0.0	0.226890756302521	0.9593837535014006	1.0
24759	0.0	0.34818941504178275	0.19220055710306408	0.5812441968430826	0.05385329619312906	0.0	0.8505106778087279	0.8180129990714949	0.0	1.0	1.0	0.6518105849582173	0.02692664809656453	0.0	1.0	0.968430826369545	0.0	0.8857938718662952	0.6471680594243269	1.0	0.0	0.0807799442896936	0.9888579387186629	1.0
24760	0.0	0.954337899543379	0.1232876712328767	0.7328767123287672	0.2625570776255708	0.0	0.7579908675799086	0.6689497716894978	0.0	1.0	0.58675799086758	0.6278538812785388	0.0	0.0	0.9794520547945206	1.0	0.0	1.0	0.678082191780822	1.0	0.2990867579908676	0.0	0.8538812785388128	1.0
24761	0.0	0.5727272727272728	0.22121212121212122	0.8333333333333334	0.0	0.0	0.7757575757575758	0.9242424242424242	0.0	1.0	0.8484848484848485	0.0	0.0	0.8575757575757575	0.8696969696969697	1.0	0.0	0.8242424242424242	0.6121212121212121	1.0	0.0	0.0	0.7181818181818181	1.0
24762	0.0	0.9666666666666667	1.0	1.0	0.0	0.0	0.2571428571428571	1.0	0.0	1.0	1.0	0.7238095238095238	0.0	0.0	1.0	1.0	0.0	0.861904761904762	0.3238095238095238	1.0	0.6	0.4238095238095238	1.0	1.0
24763	0.0	0.6621004566210046	0.4018264840182648	0.6643835616438356	0.271689497716895	0.0	0.6484018264840182	0.6484018264840182	0.0	0.9794520547945206	0.2557077625570776	0.02511415525114155	0.0	0.273972602739726	0.6027397260273972	0.9406392694063926	0.0	1.0	0.7146118721461188	1.0	0.0	0.0	0.7191780821917808	1.0
24764	0.0	0.5288461538461539	0.0	1.0	0.09615384615384616	0.0	0.657051282051282	0.6698717948717948	0.0	1.0	0.6923076923076923	0.5352564102564102	0.5064102564102564	0.04487179487179487	0.7147435897435898	0.6121794871794872	0.0	1.0	0.8717948717948718	1.0	0.0	0.0	1.0	1.0
24765	0.0	0.997289972899729	0.0	0.7940379403794038	0.0	0.0	0.22493224932249323	0.0	0.0	1.0	0.8915989159891599	0.07588075880758807	0.0	0.0	0.8970189701897019	0.9728997289972899	0.0	1.0	0.5718157181571816	1.0	0.0	0.0	1.0	1.0
24766	0.0	0.2361111111111111	0.7291666666666666	0.2361111111111111	0.0	0.0	0.0	0.0	0.0	1.0	0.4791666666666667	0.0	0.0	0.0	0.4375	0.7777777777777778	0.0	0.4722222222222222	0.0	1.0	0.0	0.0	0.2569444444444444	0.8194444444444444
24767	0.27207207207207207	0.436036036036036	0.21981981981981982	0.9045045045045045	0.0	0.0	0.5657657657657658	0.9927927927927928	0.0	1.0	0.8900900900900901	0.0	0.0	0.0	0.9603603603603603	1.0	0.0	1.0	0.972972972972973	1.0	0.0	0.08288288288288288	1.0	1.0
24768	0.0	0.9009009009009009	0.6846846846846847	1.0	0.0	0.0	0.6576576576576577	0.12612612612612611	0.0	1.0	1.0	1.0	0.0	0.0	1.0	1.0	0.0	1.0	1.0	1.0	0.24324324324324326	0.0	1.0	1.0
24769	0.1227106227106227	0.6483516483516484	0.152014652014652	0.8672161172161172	0.0	0.0	0.8992673992673993	0.47435897435897434	0.0	1.0	0.9194139194139194	0.3525641025641026	0.0	0.0	0.9139194139194139	1.0	0.0	1.0	0.8727106227106227	1.0	0.08974358974358974	0.0	0.8946886446886447	1.0
24770	0.0	0.9300411522633745	0.0	0.2345679012345679	0.0	0.0	1.0	0.5596707818930041	0.0	1.0	0.9259259259259259	1.0	0.0	0.0	1.0	1.0	0.0	1.0	0.4156378600823045	1.0	0.0	0.0	0.6584362139917695	1.0
24771	0.0	0.5791433891992551	0.2811918063314711	0.054003724394785846	0.0	0.0	0.5046554934823091	0.0	0.0	1.0	1.0	0.19553072625698323	0.20670391061452514	0.19925512104283055	0.8472998137802608	1.0	0.0	0.5661080074487895	1.0	1.0	0.2811918063314711	0.0	1.0	1.0
24772	0.4863123993558776	0.2834138486312399	0.38486312399355876	0.8663446054750402	0.1819645732689211	0.0	0.5024154589371981	0.534621578099839	0.0	0.8695652173913043	0.9484702093397746	0.30917874396135264	0.03542673107890499	0.32367149758454106	1.0	1.0	0.0	0.8389694041867954	0.7922705314009661	1.0	0.0	0.0	0.7922705314009661	1.0
24773	0.0	0.5323257766582704	0.21158690176322417	0.9412258606213266	0.0	0.09319899244332494	0.6691855583543241	0.6036943744752309	0.04953820319059614	1.0	0.9370277078085643	0.8211586901763224	0.1889168765743073	0.0	0.9076406381192276	0.9899244332493703	0.0	0.9596977329974811	0.4659949622166247	1.0	0.08060453400503778	0.0	0.9504617968094039	1.0
24774	0.0	0.48405797101449277	0.0	0.4811594202898551	0.0	0.0	0.21159420289855072	0.2579710144927536	0.0	0.4608695652173913	0.6811594202898551	0.4811594202898551	0.0	0.0	0.9971014492753624	1.0	0.0	0.8782608695652174	0.005797101449275362	0.9971014492753624	0.2782608695652174	0.0	0.4434782608695652	1.0
24775	0.4415204678362573	0.6140350877192983	0.0	0.9385964912280702	0.0	0.0	0.9473684210526315	0.97953216374269	0.4415204678362573	1.0	0.9385964912280702	0.564327485380117	0.5789473684210527	0.32456140350877194	0.935672514619883	1.0	0.0	0.9385964912280702	0.0	1.0	0.260233918128655	0.4415204678362573	0.9970760233918129	1.0
24776	0.0	0.5930470347648262	0.6462167689161554	0.8445807770961146	0.0	0.0	0.7034764826175869	0.6646216768916156	0.08384458077709611	1.0	0.9877300613496932	0.6339468302658486	0.0	0.0	0.7055214723926381	1.0	0.0	0.7034764826175869	0.5807770961145194	1.0	0.0	0.3558282208588957	1.0	1.0
24777	0.0	0.5948717948717949	0.15897435897435896	0.5230769230769231	0.0	0.0	0.5128205128205128	0.9641025641025641	0.0	1.0	0.6153846153846154	0.0	0.0	0.6256410256410256	1.0	1.0	0.0	0.841025641025641	1.0	1.0	0.0	0.0	1.0	1.0
24778	0.0	0.18181818181818182	0.7424242424242424	0.08080808080808081	0.6666666666666666	0.0	0.8636363636363636	1.0	0.0	0.8686868686868687	0.5858585858585859	0.2777777777777778	0.0	0.3838383838383838	1.0	1.0	0.8181818181818182	0.21212121212121213	0.9444444444444444	1.0	0.0	0.0	1.0	1.0
24779	0.0	0.9477911646586346	0.0	1.0	0.0	0.0	1.0	0.8554216867469879	0.0	1.0	1.0	0.024096385542168676	0.0	0.0	0.9156626506024096	0.9598393574297188	0.0	0.927710843373494	1.0	1.0	0.0	0.0	1.0	1.0
24780	0.0	0.125	0.0	0.9930555555555556	0.0	0.0	0.5972222222222222	0.75	0.0	1.0	0.8263888888888888	0.0	0.0	0.0	0.8819444444444444	1.0	0.0	0.7430555555555556	1.0	1.0	0.0	0.0	1.0	1.0
24781	0.0	0.9117647058823529	0.0	0.8137254901960784	0.0	0.0	0.7745098039215687	0.7156862745098039	0.0	1.0	0.3137254901960784	0.0	0.0	0.0	0.8627450980392157	1.0	0.0	0.9803921568627451	1.0	1.0	0.0	0.0	0.7549019607843137	1.0
24782	0.0	0.16137566137566137	0.0	0.9206349206349206	0.0	0.0	0.8412698412698413	0.5476190476190477	0.0	1.0	0.917989417989418	0.0026455026455026454	0.0	0.29365079365079366	0.7883597883597884	0.9206349206349206	0.0	0.5343915343915344	0.7195767195767195	1.0	0.0	0.0	0.7433862433862434	1.0
24783	0.0	0.7687861271676301	0.18304431599229287	0.8304431599229287	0.22157996146435452	0.0	0.5761078998073218	0.4258188824662813	0.0	1.0	1.0	0.22350674373795762	0.0	0.0	0.7456647398843931	1.0	0.0	1.0	0.7957610789980732	1.0	0.0	0.0	1.0	1.0
24784	0.0	0.7862745098039216	0.10784313725490197	0.9627450980392157	0.0	0.0	0.4392156862745098	0.6294117647058823	0.0	1.0	0.9568627450980393	0.503921568627451	0.10980392156862745	0.3607843137254902	0.9411764705882353	1.0	0.0	0.9450980392156862	0.7803921568627451	1.0	0.0	0.0	1.0	1.0
24785	0.0	0.397172236503856	0.39331619537275064	0.8577549271636675	0.07069408740359898	0.0	0.47429305912596403	0.5968294772922023	0.0	0.9601542416452442	0.8958868894601543	0.712082262210797	0.0	0.14738646101113967	0.9258783204798628	0.9875749785775493	0.0	0.8847472150814053	0.6696658097686375	1.0	0.04670094258783205	0.0779777206512425	0.8731790916880892	1.0
24786	0.0	0.6814814814814815	0.0	0.817283950617284	0.0	0.3728395061728395	0.42962962962962964	0.6074074074074074	0.0	1.0	0.6469135802469136	0.8	0.0	0.0	0.9950617283950617	0.928395061728395	0.0	1.0	0.6518518518518519	0.9950617283950617	0.0	0.0	0.6839506172839506	1.0
24787	0.0	0.725531914893617	0.29432624113475175	0.9609929078014184	0.0	0.0	0.9929078014184397	0.7177304964539007	0.0	1.0	0.9283687943262411	0.7141843971631205	0.0	0.20851063829787234	1.0	1.0	0.0	1.0	0.5836879432624114	1.0	0.20212765957446807	0.0	0.9921985815602837	1.0
24788	0.0	0.42342342342342343	0.0	0.5180180180180181	0.0	0.0	0.7792792792792793	0.0	0.0	1.0	0.07207207207207207	0.6711711711711712	0.0	0.0	0.7252252252252253	1.0	0.0	1.0	0.5180180180180181	1.0	0.5630630630630631	0.0	0.9954954954954955	0.7252252252252253
24789	0.0	0.41818181818181815	0.4484848484848485	0.7696969696969697	0.0	0.0	0.7484848484848485	0.5606060606060606	0.0	1.0	1.0	0.26666666666666666	0.0	0.42727272727272725	1.0	1.0	0.0	0.9090909090909091	0.9212121212121213	1.0	0.0	0.49696969696969695	1.0	1.0
24790	0.0	0.7582037996545768	0.27806563039723664	1.0	0.0	0.0	0.6787564766839378	0.231433506044905	0.0	1.0	0.8981001727115717	0.11917098445595854	0.0	0.5215889464594128	1.0	1.0	0.0	1.0	0.8601036269430051	1.0	0.0	0.017271157167530225	0.8825561312607945	1.0
24791	0.0	0.5378151260504201	0.0	0.896358543417367	0.0	0.0	0.8123249299719888	0.7955182072829131	0.0	1.0	0.7871148459383753	0.6162464985994398	0.0	0.0	1.0	0.8543417366946778	0.0	0.8123249299719888	0.6162464985994398	1.0	0.0	0.0	0.8375350140056023	1.0
24792	0.0	0.5934489402697495	0.17148362235067438	0.7967244701348748	0.0	0.0	0.6936416184971098	0.7957610789980732	0.0	1.0	0.9807321772639692	0.4277456647398844	0.0	0.2630057803468208	0.8872832369942196	1.0	0.0	0.905587668593449	0.7196531791907514	1.0	0.0	0.28998073217726394	0.9026974951830443	1.0
24793	0.0	0.7770562770562771	0.15151515151515152	0.8181818181818182	0.0	0.0	0.8722943722943723	0.8896103896103896	0.0	1.0	1.0	0.9805194805194806	0.0	0.18181818181818182	0.9718614718614719	1.0	0.0	0.7532467532467533	0.948051948051948	1.0	0.17965367965367965	0.0	1.0	1.0
24794	0.0	0.005208333333333333	0.609375	0.5364583333333334	0.0	0.0	0.3645833333333333	0.984375	0.0	1.0	0.7916666666666666	1.0	0.5729166666666666	0.0	1.0	1.0	0.0	1.0	0.5885416666666666	1.0	0.0	0.0	1.0	1.0
24795	0.0	1.0	0.0	0.4909090909090909	0.0	0.0	0.7818181818181819	0.7454545454545455	0.0	1.0	0.8272727272727273	0.7212121212121212	0.0	0.6484848484848484	0.9818181818181818	1.0	0.0	1.0	0.4666666666666667	1.0	0.0	0.0	1.0	1.0
24796	0.0	0.8695652173913043	0.13043478260869565	1.0	0.8864734299516909	0.0	1.0	0.8792270531400966	0.0	0.9516908212560387	0.8502415458937198	0.9154589371980676	0.2391304347826087	0.0	1.0	1.0	0.0	1.0	0.6159420289855072	1.0	0.0	0.0	1.0	1.0
24797	0.0	0.39215686274509803	0.3137254901960784	0.8941176470588236	0.0	0.0	0.8549019607843137	0.7751633986928105	0.0	1.0	1.0	0.33202614379084966	0.0	0.0	1.0	0.996078431372549	0.0	1.0	0.8274509803921568	1.0	0.22091503267973855	0.0	1.0	1.0
24798	0.0	0.362962962962963	0.8074074074074075	0.3888888888888889	0.0	0.0	0.3851851851851852	0.45555555555555555	0.0	1.0	0.9777777777777777	0.2222222222222222	0.0	0.0	1.0	1.0	0.0	1.0	0.6185185185185185	1.0	0.0	0.0	0.45185185185185184	1.0
24799	0.0	0.6807511737089202	0.2081377151799687	0.7699530516431925	0.0	0.0	0.3974960876369327	0.8685446009389671	0.0	0.9671361502347418	0.8075117370892019	0.3599374021909233	0.0	0.0	0.8716744913928013	1.0	0.0	0.9342723004694836	0.6901408450704225	1.0	0.3051643192488263	0.0	0.892018779342723	0.9953051643192489
24800	0.0	0.33564814814814814	0.0	0.7824074074074074	0.0	0.0	0.8541666666666666	0.9444444444444444	0.0	1.0	1.0	0.4444444444444444	0.0	0.08796296296296297	0.9745370370370371	1.0	0.5625	1.0	1.0	1.0	0.0	0.0	1.0	1.0
24801	0.0	0.8372093023255814	0.0	1.0	0.0	0.0	1.0	1.0	0.0	1.0	1.0	1.0	0.12790697674418605	0.7209302325581395	1.0	1.0	0.0	1.0	1.0	1.0	0.3875968992248062	0.5852713178294574	1.0	1.0
24802	0.0	0.948948948948949	0.0	0.987987987987988	0.0	0.0	0.9129129129129129	0.6786786786786787	0.0	1.0	1.0	0.47147147147147145	0.0	0.0	1.0	1.0	0.0	1.0	1.0	1.0	0.11411411411411411	0.0	1.0	1.0
24803	0.0	1.0	0.0	1.0	0.0	0.0	1.0	0.7263681592039801	0.0	1.0	0.5920398009950248	0.8557213930348259	0.0	0.0	0.7661691542288557	1.0	0.0	0.7761194029850746	0.7263681592039801	1.0	0.0	0.0	1.0	1.0
24804	0.0	0.49586776859504134	0.15335169880624427	0.8815426997245179	0.12213039485766758	0.0	0.7667584940312213	0.5528007346189164	0.1386593204775023	1.0	0.90633608815427	0.6418732782369146	0.2497704315886134	0.09917355371900827	0.9348025711662076	1.0	0.1386593204775023	0.9981634527089073	0.8310376492194674	1.0	0.155188246097337	0.24426078971533516	0.960514233241506	1.0
24805	0.0	0.9444444444444444	0.0	1.0	0.37777777777777777	0.0	0.7611111111111111	0.6333333333333333	0.0	1.0	0.8166666666666667	0.8333333333333334	0.0	0.0	1.0	1.0	0.0	1.0	0.18333333333333332	1.0	0.24444444444444444	0.0	0.9944444444444445	1.0
24806	0.162891046386192	0.18338727076591155	0.21035598705501618	0.8532901833872708	0.0744336569579288	0.28694714131607335	0.8392664509169363	0.7044228694714132	0.0	1.0	0.7777777777777778	0.5566343042071198	0.23408845738942827	0.0	1.0	1.0	0.0	0.8683926645091694	0.6256742179072277	1.0	0.0	0.0	0.8791801510248112	1.0
24807	0.0	0.15525876460767946	0.18030050083472454	0.5119643850862549	0.0	0.0	0.5987757373400111	0.3672787979966611	0.0	1.0	0.7200890372843628	0.5548135781858653	0.16805787423483584	0.0	0.9465776293823038	0.8686700055648303	0.0	0.9365609348914858	0.23427935447968837	1.0	0.04730105731775181	0.0	0.8697829716193656	1.0
24808	0.0	0.8840579710144928	0.0	0.822463768115942	0.0	0.0	1.0	0.6195652173913043	0.5289855072463768	1.0	0.9818840579710145	0.0	0.0	0.0	0.9130434782608695	1.0	0.0	1.0	0.7463768115942029	1.0	0.0	0.677536231884058	1.0	1.0
24809	0.24673202614379086	0.9248366013071896	0.0	1.0	0.0	0.0	0.8660130718954249	1.0	0.0	1.0	1.0	0.9379084967320261	0.24673202614379086	0.7434640522875817	1.0	1.0	0.24673202614379086	0.9689542483660131	0.8611111111111112	1.0	0.16993464052287582	0.24019607843137256	1.0	1.0
24810	0.0	0.455761316872428	0.29835390946502055	0.9053497942386831	0.0	0.0	0.8302469135802469	0.32098765432098764	0.0	1.0	0.7942386831275721	0.5195473251028807	0.0	0.0	0.76440329218107	0.9866255144032922	0.0	0.9156378600823045	0.831275720164609	1.0	0.23045267489711935	0.0	0.6748971193415638	0.9917695473251029
24811	0.0	0.48945147679324896	0.270042194092827	0.7626582278481012	0.25738396624472576	0.0	0.8924050632911392	0.6835443037974683	0.0	1.0	0.9662447257383966	0.4177215189873418	0.0	0.0	0.7964135021097046	1.0	0.0	0.7943037974683544	0.7879746835443038	1.0	0.3280590717299578	0.14240506329113925	0.9345991561181435	1.0
24812	0.0	0.42231075697211157	0.2403718459495352	0.9667994687915007	0.0	0.0	0.6932270916334662	0.9628154050464808	0.0	0.9123505976095617	0.8791500664010624	0.6321381142098274	0.16733067729083664	0.19654714475431606	1.0	1.0	0.0	0.9960159362549801	0.8061088977423638	1.0	0.0	0.06108897742363878	1.0	1.0
24813	0.0	0.5563816604708798	0.13011152416356878	0.8897149938042132	0.1623296158612144	0.0	0.7187112763320942	0.5947955390334573	0.0	1.0	0.8810408921933085	0.38909541511771994	0.4114002478314746	0.20198265179677818	0.7719950433705081	1.0	0.0	0.9925650557620818	0.6716232961586122	1.0	0.0	0.42131350681536556	0.6988847583643123	1.0
24814	0.0	0.8538812785388128	0.0	0.9178082191780822	0.0	0.0	0.4200913242009132	0.1278538812785388	0.0	1.0	0.6438356164383562	0.4292237442922374	0.0	0.0	1.0	1.0	0.0	1.0	0.0	1.0	0.0	0.0	1.0	1.0
24815	0.0	0.8770739064856712	0.0	0.920814479638009	0.1636500754147813	0.0	0.8152337858220211	0.6116138763197587	0.0	0.9917043740573153	0.8521870286576169	0.13273001508295626	0.0	0.3808446455505279	0.9864253393665159	1.0	0.0	0.9622926093514329	0.6176470588235294	1.0	0.07918552036199095	0.0	0.8800904977375565	1.0
24816	0.0	0.0	0.13690476190476192	0.7797619047619048	0.0	0.0	0.7142857142857143	0.19642857142857142	0.0	1.0	1.0	1.0	0.0	0.0	0.9940476190476191	0.9940476190476191	0.0	0.5535714285714286	0.9166666666666666	1.0	0.6845238095238095	0.0	1.0	1.0
24817	0.0	0.8441780821917808	0.3105022831050228	0.872716894977169	0.13527397260273974	0.0	0.740296803652968	0.908675799086758	0.07077625570776255	1.0	0.9212328767123288	0.7985159817351598	0.12157534246575342	0.13470319634703196	0.9452054794520548	1.0	0.0	0.9497716894977168	0.9412100456621004	1.0	0.0	0.0884703196347032	0.9383561643835616	1.0
24818	0.0	0.5072463768115942	0.5253623188405797	0.22826086956521738	0.0	0.0	0.4601449275362319	0.4057971014492754	0.0	1.0	0.5	0.36231884057971014	0.0	0.5615942028985508	0.8079710144927537	0.6340579710144928	0.0	1.0	0.8297101449275363	1.0	0.0	0.0	0.7644927536231884	1.0
24819	0.0	0.09417040358744394	0.6128550074738416	1.0	0.0	0.2406576980568012	0.8116591928251121	0.7802690582959642	0.0	1.0	0.9402092675635276	0.6860986547085202	0.0	0.0	1.0	1.0	0.0	0.9118086696562033	0.9118086696562033	1.0	0.0	0.0	1.0	1.0
24820	0.0	0.8523809523809524	0.3547619047619048	1.0	0.0	0.0	0.8976190476190476	1.0	0.0	1.0	1.0	0.3595238095238095	0.1357142857142857	0.0	1.0	1.0	0.0	1.0	0.8047619047619048	1.0	0.22380952380952382	0.46904761904761905	1.0	1.0
24821	0.26629422718808193	0.7299813780260708	0.4655493482309125	1.0	0.13221601489757914	0.0	0.9590316573556797	0.4208566108007449	0.0	0.9757914338919925	1.0	0.43947858472998136	0.11359404096834265	0.0	0.8324022346368715	1.0	0.0	0.9906890130353817	0.8230912476722533	1.0	0.0	0.0	0.9217877094972067	1.0
24822	0.0	0.03937007874015748	0.0	1.0	0.0	0.0	1.0	0.6797900262467191	0.0	1.0	1.0	0.5853018372703412	0.7217847769028871	0.0	1.0	1.0	0.3438320209973753	1.0	0.8713910761154856	1.0	0.3123359580052493	0.33070866141732286	1.0	1.0
24823	0.0	0.8390804597701149	0.2955665024630542	0.9770114942528736	0.3169129720853859	0.0	0.9129720853858785	0.8374384236453202	0.0	1.0	0.9786535303776683	0.7422003284072249	0.0	0.0	0.9261083743842364	0.9819376026272578	0.0	0.9080459770114943	0.8604269293924466	1.0	0.40229885057471265	0.0	0.9261083743842364	1.0
24824	0.0	0.8810641627543035	0.18935837245696402	0.9921752738654147	0.0	0.38497652582159625	0.539906103286385	1.0	0.0	1.0	0.9796557120500783	0.7746478873239436	0.0	0.4694835680751174	0.9953051643192489	0.9984350547730829	0.0	1.0	0.9374021909233177	1.0	0.0	0.0	1.0	1.0
24825	0.45257452574525747	0.6910569105691057	0.4932249322493225	0.8771454381210478	0.2791327913279133	0.07768744354110207	0.6305329719963866	0.5420054200542005	0.0	1.0	0.9277326106594399	0.34959349593495936	0.14092140921409213	0.13640469738030714	0.9186991869918699	1.0	0.0	0.938572719060524	0.987353206865402	1.0	0.25112917795844625	0.18699186991869918	0.8283649503161699	1.0
24826	0.0	0.4106425702811245	0.0	0.7961847389558233	0.0853413654618474	0.0	0.606425702811245	0.4819277108433735	0.0	0.9969879518072289	0.8052208835341366	0.42971887550200805	0.0	0.1746987951807229	1.0	0.9447791164658634	0.0	0.8544176706827309	0.48092369477911645	1.0	0.0	0.5130522088353414	0.7951807228915663	1.0
24827	0.0	0.8728813559322034	0.0	0.8983050847457628	0.0	0.0	0.7937853107344632	0.0	0.0	1.0	1.0	0.4887005649717514	0.0	0.0	1.0	1.0	0.0	0.9858757062146892	0.8728813559322034	1.0	0.0	0.4265536723163842	1.0	0.9689265536723164
24828	0.0	0.5203644158628081	0.051982851018220796	0.7765273311897106	0.0	0.0	0.7041800643086816	0.5718113612004287	0.0	0.9967845659163987	0.8842443729903537	0.21168274383708469	0.0	0.04983922829581994	0.7958199356913184	1.0	0.12004287245444802	0.8638799571275455	0.7583065380493034	0.9887459807073955	0.0	0.12165058949624866	0.7968917470525188	0.9908896034297964
24829	0.0	0.5591985428051002	0.0	0.8397085610200364	0.0	0.0	0.75591985428051	0.5209471766848816	0.0	1.0	0.9744990892531876	0.668488160291439	0.0	0.37158469945355194	0.9180327868852459	1.0	0.0	0.8743169398907104	0.4444444444444444	1.0	0.0	0.20765027322404372	0.8506375227686703	1.0
24830	0.0	0.2824242424242424	0.16606060606060605	0.7224242424242424	0.0	0.0	0.37333333333333335	0.3236363636363636	0.0	1.0	0.4193939393939394	0.3575757575757576	0.1103030303030303	0.0	0.9612121212121212	0.776969696969697	0.0	0.9151515151515152	0.2824242424242424	0.9127272727272727	0.1406060606060606	0.0	0.4993939393939394	0.9757575757575757
24831	0.0	0.8634538152610441	0.0	0.9437751004016064	0.0	0.0	0.2289156626506024	0.9397590361445783	0.0	1.0	0.3172690763052209	0.2289156626506024	0.0	0.1646586345381526	1.0	1.0	0.0	0.3815261044176707	0.13654618473895583	1.0	0.0	0.0	1.0	1.0
24832	0.0	0.6666666666666666	0.15246376811594203	0.8226086956521739	0.06956521739130435	0.0	0.7171014492753623	0.7049275362318841	0.0	1.0	0.9118840579710145	0.4510144927536232	0.20115942028985506	0.051594202898550726	0.9147826086956522	1.0	0.0	0.9298550724637681	0.616231884057971	1.0	0.15130434782608695	0.0	0.8486956521739131	1.0
24833	0.0	0.11363636363636363	0.0	1.0	0.0	0.0	0.5757575757575758	0.03787878787878788	0.0	0.946969696969697	0.9090909090909091	1.0	0.0	0.0	0.6363636363636364	0.8484848484848485	0.0	1.0	0.03787878787878788	0.8333333333333334	0.0	0.0	0.6363636363636364	0.9848484848484849
24834	0.45098039215686275	0.6980392156862745	0.19215686274509805	0.8450980392156863	0.0	0.0	0.696078431372549	0.5117647058823529	0.0	1.0	1.0	0.7	0.2372549019607843	0.33725490196078434	0.984313725490196	1.0	0.0	1.0	0.8	1.0	0.0	0.0	1.0	1.0
24835	0.0	0.7321428571428571	0.2757936507936508	0.6527777777777778	0.2619047619047619	0.0	0.9444444444444444	1.0	0.0	1.0	1.0	1.0	0.0	0.0	1.0	1.0	0.0	1.0	0.42658730158730157	1.0	0.0	0.36507936507936506	1.0	1.0
24836	0.7044917257683215	0.9858156028368794	0.0	0.8108747044917257	0.0	0.0	0.9030732860520094	0.8959810874704491	0.0	1.0	0.9810874704491725	0.29314420803782504	0.0	0.3215130023640662	0.950354609929078	1.0	0.0	1.0	1.0	1.0	0.06855791962174941	0.0	0.7612293144208038	1.0
24837	0.0	0.7701149425287356	0.0	0.9080459770114943	0.0	0.0	1.0	0.9770114942528736	0.0	0.9511494252873564	0.4942528735632184	0.34195402298850575	0.0	0.28735632183908044	1.0	0.9482758620689655	0.0	1.0	0.0	1.0	0.0	0.32471264367816094	0.5689655172413793	1.0
24838	0.0	0.6578947368421053	0.0	0.7719298245614035	0.0	0.0	0.49122807017543857	0.0	0.0	0.9210526315789473	1.0	0.8157894736842105	0.0	0.0	0.6842105263157895	0.9035087719298246	0.0	0.5964912280701754	0.49122807017543857	0.9912280701754386	0.0	0.0	1.0	1.0
24839	0.0	0.44339622641509435	0.0959119496855346	0.46226415094339623	0.0	0.0	0.4308176100628931	0.6635220125786163	0.23270440251572327	1.0	0.8050314465408805	1.0	0.0	0.0	0.9638364779874213	1.0	0.0	1.0	0.839622641509434	1.0	0.0	0.5094339622641509	0.9245283018867925	1.0
24840	0.3643410852713178	0.5829457364341085	0.32558139534883723	0.9674418604651163	0.0	0.0	0.4186046511627907	0.5937984496124031	0.0	0.8914728682170543	0.6217054263565891	0.3937984496124031	0.21705426356589147	0.0	0.6945736434108527	1.0	0.0	1.0	0.5069767441860465	1.0	0.0	0.0	0.8914728682170543	1.0
24841	0.0	0.0	0.0	0.0	0.0	0.0	0.0	0.0	0.0	0.5679012345679012	0.0	0.0	0.0	0.0	0.9135802469135802	1.0	0.0	0.2345679012345679	0.2654320987654321	0.25308641975308643	0.0	0.0	0.7901234567901234	1.0
24842	0.0	0.0	0.0	0.7894736842105263	0.0	0.0	0.9824561403508771	1.0	0.0	0.21929824561403508	0.0	0.0	0.0	0.0	0.8508771929824561	0.8859649122807017	0.0	0.9385964912280702	1.0	1.0	0.0	0.0	0.7982456140350878	0.9824561403508771
24843	0.0	0.9177126917712691	0.27475592747559274	0.9525801952580195	0.009762900976290097	0.0	0.5034867503486751	0.8284518828451883	0.0	1.0	1.0	0.1896792189679219	0.0	0.0	0.8940027894002789	0.9400278940027894	0.0	0.6234309623430963	0.6513249651324965	1.0	0.0	0.4797768479776848	0.7684797768479776	1.0
24844	0.0	0.6060606060606061	0.0	0.5016835016835017	0.0	0.0	0.1414141414141414	0.5993265993265994	0.0	1.0	0.9646464646464646	0.765993265993266	0.33164983164983164	0.3720538720538721	1.0	1.0	0.0	0.8585858585858586	0.3434343434343434	1.0	0.0	0.0	1.0	1.0
24845	0.0	0.4779874213836478	0.0	0.5867026055705301	0.09613656783468104	0.0	0.6729559748427673	0.5211141060197664	0.0	1.0	0.945193171608266	0.4330637915543576	0.1518418688230009	0.08176100628930817	0.967654986522911	0.9308176100628931	0.0	0.9092542677448338	0.4788858939802336	1.0	0.10152740341419586	0.17430368373764601	0.9299191374663073	1.0
24846	0.0	0.5842696629213483	0.0	0.0	0.0	0.0	1.0	0.6891385767790262	0.0	1.0	1.0	0.8426966292134831	0.0	0.0	1.0	1.0	0.0	0.8164794007490637	0.7490636704119851	1.0	0.27340823970037453	0.0	0.9101123595505618	1.0
24847	0.0	0.46494066882416396	0.0	0.8932038834951457	0.0	0.0	0.9266450916936354	0.727076591154261	0.0	1.0	0.9557713052858684	0.21574973031283712	0.0	0.0	0.8996763754045307	1.0	0.0	0.8791801510248112	0.3376483279395901	1.0	0.1574973031283711	0.0	0.9363538295577131	1.0
24848	0.0	0.4627450980392157	0.0	0.8862745098039215	0.0	0.0	0.19607843137254902	1.0	0.0	1.0	0.38823529411764707	0.24705882352941178	0.0	0.3843137254901961	0.5411764705882353	1.0	0.0	1.0	0.3607843137254902	1.0	0.41568627450980394	0.0	1.0	1.0
24849	0.0	0.5325987144168962	0.494949494949495	0.898989898989899	0.0	0.0	0.6914600550964187	0.768595041322314	0.0	1.0	0.9320477502295684	0.4049586776859504	0.0	0.19559228650137742	0.852157943067034	1.0	0.0	0.9421487603305785	0.6978879706152433	1.0	0.0	0.0	0.9504132231404959	1.0
24850	0.0	0.23873873873873874	0.14564564564564564	0.6231231231231231	0.0	0.13963963963963963	0.34384384384384387	0.4894894894894895	0.0	0.9309309309309309	0.506006006006006	0.1831831831831832	0.37537537537537535	0.0	0.7792792792792793	1.0	0.0	1.0	0.9579579579579579	1.0	0.0	0.3843843843843844	0.6516516516516516	1.0
24851	0.0	0.47126436781609193	0.0	0.9195402298850575	0.0	0.0	0.7873563218390804	0.7816091954022989	0.0	0.8850574712643678	0.7528735632183908	0.0	0.0	0.0	0.9425287356321839	1.0	0.0	0.9482758620689655	0.9425287356321839	1.0	0.0	0.0	0.9942528735632183	1.0
24852	0.0	0.642570281124498	0.0	0.5381526104417671	0.0	0.0	1.0	0.7068273092369478	0.0	1.0	0.18875502008032127	0.6184738955823293	0.0	0.0	1.0	1.0	0.0	0.7670682730923695	0.678714859437751	1.0	0.11646586345381527	0.0	1.0	1.0
24853	0.0	0.8421052631578947	0.0	0.968421052631579	0.0	0.0	0.6947368421052632	0.8105263157894737	0.0	1.0	0.8280701754385965	0.3684210526315789	0.0	0.0	1.0	1.0	0.0	1.0	0.8315789473684211	1.0	0.0	0.0	0.312280701754386	1.0
24854	0.0	0.18596491228070175	0.0	0.724561403508772	0.0	0.0	0.968421052631579	0.9578947368421052	0.0	1.0	0.7859649122807018	0.8192982456140351	0.1649122807017544	0.0	0.9122807017543859	1.0	0.0	0.8192982456140351	0.7	1.0	0.0	0.0	0.6789473684210526	1.0
24855	0.0	0.421875	0.0	0.6796875	0.0	0.0	0.4973958333333333	0.4427083333333333	0.0	1.0	0.7135416666666666	0.0	0.0	0.0	0.8854166666666666	1.0	0.0	0.6458333333333334	1.0	1.0	0.0	0.0	0.9583333333333334	1.0
24856	0.0	0.44808743169398907	0.0	0.9016393442622951	0.0	0.0	0.0	1.0	0.0	1.0	0.6721311475409836	0.3005464480874317	0.0	0.8087431693989071	0.6830601092896175	1.0	0.0	1.0	1.0	1.0	0.0	0.0	1.0	1.0
24857	0.0	0.19607843137254902	0.0	0.7712418300653595	0.0	0.0	0.026143790849673203	1.0	0.0	1.0	1.0	0.0	0.0	0.0	0.8496732026143791	1.0	0.0	1.0	0.08496732026143791	1.0	0.0	0.0	0.9477124183006536	1.0
24858	0.0	0.7180952380952381	0.12444444444444444	0.9726984126984127	0.10095238095238095	0.0	0.8609523809523809	0.6057142857142858	0.12698412698412698	1.0	0.9130158730158731	0.6914285714285714	0.0	0.09142857142857143	0.8952380952380953	1.0	0.0	0.8647619047619047	0.5942857142857143	1.0	0.06793650793650793	0.19174603174603175	0.9701587301587301	1.0
24859	0.0	1.0	0.9671361502347418	0.8075117370892019	0.0	0.0	0.028169014084507043	0.8967136150234741	0.0	1.0	1.0	0.0	0.0	0.0	0.7323943661971831	1.0	0.0	1.0	0.9812206572769953	1.0	0.0	0.0	0.8028169014084507	1.0
24860	0.0	0.5922619047619048	0.6636904761904762	0.7172619047619048	0.0	0.0	0.37797619047619047	0.0	0.0	0.9613095238095238	0.6488095238095238	0.2767857142857143	0.0	0.8452380952380952	0.9047619047619048	0.9583333333333334	0.0	0.9851190476190477	0.6160714285714286	0.9940476190476191	0.23809523809523808	0.0	0.5059523809523809	0.9583333333333334
24861	0.0	0.768976897689769	0.49174917491749176	0.9917491749174917	0.0	0.0	0.9422442244224423	0.6105610561056105	0.0	1.0	1.0	0.731023102310231	0.0	0.0	0.9900990099009901	1.0	0.0	0.9471947194719472	0.6303630363036303	1.0	0.0	0.0	1.0	1.0
24862	0.14468425259792167	0.7378097521982414	0.10151878497202238	0.7521982414068745	0.17266187050359713	0.0	0.7913669064748201	0.8225419664268585	0.0	0.996802557953637	0.8113509192645884	0.3333333333333333	0.0	0.0	0.7058353317346123	1.0	0.0	0.9336530775379697	0.2182254196642686	1.0	0.20223820943245405	0.0	0.8665067945643485	1.0
24863	0.0	0.48484848484848486	0.2615039281705948	0.5768799102132436	0.23681257014590348	0.0	1.0	0.7856341189674523	0.0	0.9932659932659933	0.9932659932659933	0.4882154882154882	0.0	0.0	0.7744107744107744	0.9831649831649831	0.0	0.9809203142536476	0.44219977553310885	1.0	0.0	0.3872053872053872	0.7878787878787878	1.0
24864	0.0	0.8717948717948718	0.0	1.0	0.0	0.0	0.967948717948718	1.0	0.0	1.0	1.0	0.057692307692307696	0.0	0.0	0.9423076923076923	1.0	0.0	1.0	0.0	1.0	0.0	0.0	1.0	1.0
24865	0.0	1.0	0.3424036281179138	0.5192743764172335	0.0	0.0	0.5850340136054422	0.022675736961451247	0.0	0.873015873015873	0.6870748299319728	0.07936507936507936	0.0	0.0	0.4421768707482993	0.9183673469387755	0.0	0.30612244897959184	0.7868480725623582	1.0	0.0	0.0	0.7142857142857143	0.9433106575963719
24866	0.0	0.6742596810933941	0.3675018982536067	0.8625664388762339	0.09946848899012908	0.0	0.8086560364464692	0.7365223993925588	0.0	1.0	0.9096431283219438	0.43887623386484437	0.0	0.07593014426727411	0.9157175398633257	1.0	0.0	0.8306757782839788	0.4601366742596811	1.0	0.0	0.170083523158694	0.9567198177676538	1.0
24867	0.0	0.5462962962962963	0.25396825396825395	0.9828042328042328	0.0	0.0	0.7407407407407407	0.9973544973544973	0.0	1.0	0.6521164021164021	0.21957671957671956	0.24867724867724866	0.14947089947089948	0.7037037037037037	1.0	0.0	0.996031746031746	0.9166666666666666	1.0	0.0	0.0	1.0	1.0
24868	0.11183496199782844	0.3691639522258415	0.50814332247557	0.6503800217155266	0.0	0.0	0.9174809989142236	0.3517915309446254	0.0	1.0	0.9717698154180239	0.36047774158523344	0.12160694896851248	0.07057546145494029	0.9229098805646037	1.0	0.23995656894679696	0.9619978284473398	0.30944625407166126	1.0	0.0	0.0	0.8870792616720955	1.0
24869	0.6151761517615176	0.6314363143631436	0.0	0.4092140921409214	0.0	0.0	0.8211382113821138	0.6504065040650406	0.0	1.0	0.9214092140921409	0.0	0.0	0.0	0.7398373983739838	0.7127371273712737	0.0	0.8536585365853658	0.07588075880758807	1.0	0.06233062330623306	0.5853658536585366	0.7560975609756098	0.989159891598916
24870	0.0	0.43466666666666665	0.0	0.88	0.0	0.0	1.0	0.33866666666666667	0.0	1.0	1.0	0.568	0.25866666666666666	0.0	1.0	1.0	0.0	1.0	0.3546666666666667	1.0	0.0	0.8	0.9093333333333333	1.0
24871	0.0	0.6781609195402298	0.0	0.9252873563218391	0.0	0.0	0.8994252873563219	0.5833333333333334	0.0	1.0	1.0	0.8419540229885057	0.7471264367816092	0.3764367816091954	1.0	1.0	0.0	1.0	0.0	1.0	0.0	0.0	0.7672413793103449	1.0
24872	0.0	0.4821882951653944	0.0	0.9656488549618321	0.0	0.0	0.5610687022900763	0.7862595419847328	0.0	1.0	0.7391857506361323	0.5	0.13486005089058525	0.0	0.9185750636132316	1.0	0.0	0.9987277353689568	0.8778625954198473	1.0	0.0	0.1921119592875318	1.0	1.0
24873	0.0	0.36519607843137253	0.0	1.0	0.0	0.0	0.6225490196078431	0.7916666666666666	0.0	1.0	1.0	0.9313725490196079	0.0	0.3627450980392157	1.0	1.0	0.0	1.0	0.9558823529411765	1.0	0.6715686274509803	0.40441176470588236	0.9852941176470589	1.0
24874	0.0440251572327044	0.7264150943396226	0.19654088050314467	0.8742138364779874	0.0	0.0	0.46855345911949686	0.7688679245283019	0.0	1.0	0.8522012578616353	0.3050314465408805	0.3380503144654088	0.0	0.9088050314465409	0.9842767295597484	0.0	1.0	1.0	1.0	0.0	0.13679245283018868	0.8852201257861635	1.0
24875	0.3772609819121447	0.8501291989664083	0.0	0.8811369509043928	0.0	0.0	1.0	0.5658914728682171	0.0	1.0	0.813953488372093	0.6589147286821705	0.0	0.0	0.8320413436692506	1.0	0.0	1.0	0.9198966408268734	1.0	0.0	0.0	1.0	1.0
24876	0.0	1.0	0.0	1.0	0.0	0.0	0.9166666666666666	1.0	0.0	1.0	1.0	1.0	0.0	0.0	0.7450980392156863	1.0	0.0	1.0	0.5637254901960784	1.0	0.0	0.0	1.0	1.0
24877	0.0	0.927536231884058	0.5217391304347826	1.0	0.0	0.0	0.8695652173913043	1.0	0.0	1.0	1.0	0.5420289855072464	0.0	0.0	1.0	1.0	0.0	1.0	0.7594202898550725	1.0	0.3391304347826087	0.0	0.782608695652174	1.0
24878	0.0	0.6	0.0	0.2733333333333333	0.0	0.22	0.6916666666666667	0.6616666666666666	0.0	1.0	0.755	0.7666666666666667	0.0	0.0	0.9483333333333334	1.0	0.0	0.97	0.56	1.0	0.43333333333333335	0.48	1.0	1.0
24879	0.0	0.6904761904761905	0.0	0.701058201058201	0.0	0.10582010582010581	0.6984126984126984	0.6984126984126984	0.24338624338624337	1.0	1.0	0.36243386243386244	0.0	0.25925925925925924	1.0	1.0	0.0	0.873015873015873	0.15079365079365079	1.0	0.49206349206349204	0.0	1.0	1.0
24880	0.0	0.7198697068403909	0.33659066232356133	0.9087947882736156	0.0	0.0	0.8436482084690554	0.5461454940282302	0.0	1.0	1.0	0.9576547231270358	0.2671009771986971	0.2899022801302932	1.0	1.0	0.0	1.0	0.9033659066232356	1.0	0.1476655808903366	0.16178067318132464	0.9435396308360477	1.0
24881	0.798941798941799	1.0	0.0	1.0	0.0	0.0	0.8783068783068783	0.7777777777777778	0.0	1.0	1.0	0.8571428571428571	0.0	0.0	1.0	1.0	0.0	1.0	0.8783068783068783	1.0	0.0	0.0	1.0	1.0
24882	0.0	0.6820987654320988	0.0	0.49382716049382713	0.0	0.0	1.0	0.7314814814814815	0.0	1.0	1.0	0.7129629629629629	0.0	0.0	1.0	1.0	0.0	1.0	0.9444444444444444	1.0	0.4876543209876543	0.0	1.0	1.0
24883	0.0	0.98989898989899	0.5656565656565656	0.9570707070707071	0.0	0.0	0.8585858585858586	0.39646464646464646	0.0	1.0	0.9722222222222222	0.8888888888888888	0.0	0.0	1.0	1.0	0.0	1.0	0.648989898989899	1.0	0.0	0.255050505050505	1.0	1.0
24884	0.0	0.7196652719665272	0.199442119944212	0.99721059972106	0.0	0.0	0.9665271966527197	0.6290097629009763	0.0	1.0	0.8354253835425384	0.45327754532775455	0.5467224546722455	0.0	1.0	1.0	0.0	1.0	0.7698744769874477	1.0	0.17712691771269176	0.0	1.0	1.0
24885	0.0	0.2656886715566422	0.17114914425427874	0.8891605541972291	0.07823960880195599	0.0	0.9779951100244498	0.8182559087204564	0.0	1.0	0.8736756316218419	0.49470252648736757	0.0	0.2534637326813366	1.0	1.0	0.0	1.0	0.7938060309698451	1.0	0.0	0.3797881010594947	1.0	1.0
24886	0.0	0.8212005108556832	0.42081736909323114	0.9770114942528736	0.19284802043422733	0.0	0.8901660280970626	0.677522349936143	0.0	1.0	0.9284802043422733	0.7011494252873564	0.17113665389527458	0.0842911877394636	0.9904214559386973	1.0	0.09642401021711366	1.0	0.780970625798212	1.0	0.05491698595146871	0.22286079182630908	1.0	1.0
24887	0.0	0.7086419753086419	0.0	0.6469135802469136	0.0	0.0	1.0	0.9925925925925926	0.0	1.0	1.0	0.5555555555555556	0.41975308641975306	0.4271604938271605	0.9975308641975309	1.0	0.0	0.9728395061728395	0.9975308641975309	1.0	0.0	0.0	0.9185185185185185	1.0
24888	0.0	1.0	0.0	1.0	0.0	0.0	0.0	1.0	0.0	1.0	0.978494623655914	1.0	0.0	0.0	1.0	1.0	0.0	0.7849462365591398	0.7419354838709677	1.0	0.0	0.0	1.0	1.0
24889	0.0	0.37150127226463103	0.0	0.6743002544529262	0.0	0.07888040712468193	0.8829516539440203	0.20610687022900764	0.0	0.7633587786259542	0.8753180661577609	0.5801526717557252	0.0	0.0	0.816793893129771	1.0	0.0	0.9083969465648855	0.8524173027989822	1.0	0.0	0.6437659033078881	0.9847328244274809	1.0
24890	0.0	0.3789954337899543	0.5844748858447488	1.0	0.0	0.0	0.7031963470319634	0.954337899543379	0.0	1.0	0.7671232876712328	0.3744292237442922	0.5570776255707762	0.0	0.6484018264840182	1.0	0.0	0.8310502283105022	1.0	1.0	0.0	0.0	1.0	1.0
24891	0.0	0.6855345911949685	0.0	1.0	0.0	0.0	1.0	0.7484276729559748	0.0	1.0	0.9433962264150944	0.0	0.0	0.6855345911949685	0.5408805031446541	1.0	0.0	1.0	1.0	1.0	0.0	0.0	0.8427672955974843	1.0
24892	1.0	1.0	0.0	0.8333333333333334	0.0	0.0	1.0	0.5	0.0	1.0	1.0	0.0	0.0	0.6	1.0	1.0	0.0	1.0	0.9888888888888889	1.0	1.0	0.4888888888888889	1.0	1.0
24893	0.0	0.4632352941176471	0.0	0.7009803921568627	0.0	0.3480392156862745	0.7696078431372549	0.8872549019607843	0.0	1.0	1.0	1.0	0.11029411764705882	0.2769607843137255	0.9411764705882353	1.0	0.0	1.0	1.0	1.0	0.0	0.0	1.0	1.0
24894	0.0	0.1729957805907173	0.350210970464135	0.919831223628692	0.0	0.0	0.7468354430379747	0.8354430379746836	0.0	1.0	1.0	0.8860759493670886	0.0	0.0	1.0	1.0	0.0	1.0	1.0	1.0	0.0	0.0	1.0	1.0
24895	0.0	0.6807628524046434	0.2131011608623549	0.8623548922056384	0.0	0.0	0.8308457711442786	0.4187396351575456	0.0	0.9941956882255389	0.9991708126036484	0.6575456053067993	0.07131011608623548	0.0	0.8839137645107794	0.9651741293532339	0.0	0.9336650082918739	0.906301824212272	1.0	0.2023217247097844	0.35655058043117743	0.8739635157545605	0.9991708126036484
24896	0.0	0.8010204081632653	0.5136054421768708	1.0	0.0	0.0	0.7670068027210885	0.8894557823129252	0.0	1.0	0.4914965986394558	0.336734693877551	0.0	0.30272108843537415	0.8469387755102041	1.0	0.0	1.0	0.34523809523809523	1.0	0.24829931972789115	0.0	1.0	1.0
24897	0.0	0.8240740740740741	0.28174603174603174	0.8941798941798942	0.0	0.0	0.39285714285714285	0.5806878306878307	0.0	1.0	0.7486772486772487	0.25396825396825395	0.0	0.0	0.6917989417989417	1.0	0.0	1.0	0.6851851851851852	1.0	0.0	0.0	0.9417989417989417	0.9126984126984127
24898	0.0	0.43775100401606426	0.15261044176706828	0.7329317269076305	0.0	0.24899598393574296	0.6405622489959839	0.8785140562248996	0.0	0.9979919678714859	1.0	0.30220883534136544	0.0	0.0	0.6857429718875502	0.9588353413654619	0.0	0.7580321285140562	0.8704819277108434	0.998995983935743	0.0	0.33634538152610444	0.7951807228915663	1.0
24899	0.0	0.8413654618473896	0.22289156626506024	1.0	0.0	0.606425702811245	0.9658634538152611	0.6104417670682731	0.0	1.0	0.19477911646586346	0.9497991967871486	0.3534136546184739	0.0	0.5180722891566265	1.0	0.0	0.8775100401606426	0.6867469879518072	1.0	0.0	0.6024096385542169	1.0	1.0
24900	0.0	0.766531713900135	0.358974358974359	0.9946018893387314	0.14035087719298245	0.0	0.10931174089068826	0.8326585695006747	0.11201079622132254	1.0	0.7098515519568152	0.8771929824561403	0.0	0.0	0.9500674763832658	1.0	0.0	0.9622132253711201	0.650472334682861	1.0	0.11470985155195682	0.0	0.9163292847503374	1.0
24901	0.0	0.7391304347826086	0.0	0.7294685990338164	0.0	0.0	0.5893719806763285	0.8309178743961353	0.0	1.0	0.9951690821256038	0.8405797101449275	0.8454106280193237	0.3333333333333333	0.9323671497584541	0.8502415458937198	0.0	1.0	0.0	1.0	0.0	0.6473429951690821	0.821256038647343	1.0
24902	0.0	0.3111111111111111	0.0	0.7814814814814814	0.0	0.0	0.7851851851851852	0.0	0.0	1.0	0.6814814814814815	0.0	0.3888888888888889	0.1925925925925926	1.0	1.0	0.0	0.9740740740740741	0.3851851851851852	1.0	0.0	0.3814814814814815	0.7888888888888889	1.0
24903	0.0	0.4645669291338583	0.5826771653543307	0.863517060367454	0.0	0.0	0.9212598425196851	0.23622047244094488	0.0	1.0	0.0	0.0	0.6089238845144357	0.22572178477690288	0.6824146981627297	1.0	0.0	0.7506561679790026	0.5249343832020997	1.0	0.47506561679790027	0.5013123359580053	1.0	1.0
24904	0.0	0.8672839506172839	0.16512345679012347	0.6172839506172839	0.0	0.0	0.5493827160493827	0.7808641975308642	0.0	0.9753086419753086	1.0	0.14506172839506173	0.0	0.0	0.7669753086419753	1.0	0.0	0.8518518518518519	0.8364197530864198	1.0	0.35802469135802467	0.25	0.8734567901234568	1.0
24905	0.0	0.6055555555555555	0.3416666666666667	0.8597222222222223	0.0	0.2791666666666667	0.6972222222222222	0.8041666666666667	0.0	1.0	1.0	0.8194444444444444	0.0	0.09861111111111111	1.0	1.0	0.0	1.0	0.475	1.0	0.2916666666666667	0.19722222222222222	0.9777777777777777	1.0
24906	0.21523809523809523	0.6666666666666666	0.4723809523809524	0.6876190476190476	0.28	0.0	0.6114285714285714	0.4533333333333333	0.0	1.0	0.9771428571428571	0.4095238095238095	0.0	0.0	0.7257142857142858	1.0	0.0	1.0	0.5276190476190477	1.0	0.0	0.4038095238095238	0.7561904761904762	1.0
24907	0.0	0.5399305555555556	0.5659722222222222	0.8836805555555556	0.0	0.0	0.6284722222222222	0.484375	0.0	1.0	0.6822916666666666	0.484375	0.2621527777777778	0.1423611111111111	0.9131944444444444	1.0	0.0	0.6788194444444444	0.5069444444444444	1.0	0.0	0.2586805555555556	0.8871527777777778	1.0
24908	0.0	0.5477060495330898	0.13032886723507917	0.6179455948030856	0.0	0.0	0.5156313438895656	0.5022330491270808	0.0	0.9309784815265936	0.8489646772228989	0.5180673974827447	0.23061307348761673	0.0	0.8071457572066586	0.9634591961023142	0.0	0.8952496954933008	0.757206658546488	1.0	0.006496142915144133	0.008120178643930167	0.8367844092570037	1.0
24909	0.0	0.48577235772357724	0.0	0.9532520325203252	0.0	0.03048780487804878	0.6300813008130082	0.8678861788617886	0.0	1.0	0.5487804878048781	0.5223577235772358	0.18089430894308944	0.0	0.8983739837398373	1.0	0.0	0.9024390243902439	0.30691056910569103	1.0	0.2865853658536585	0.0	0.9552845528455285	1.0
24910	0.30392156862745096	0.0	0.0	1.0	0.07352941176470588	0.3112745098039216	0.9975490196078431	0.4117647058823529	0.0	1.0	0.9632352941176471	0.5857843137254902	0.27941176470588236	0.0	1.0	1.0	0.0	1.0	0.16666666666666666	1.0	0.0	0.5661764705882353	0.9558823529411765	1.0
24911	0.3333333333333333	0.5842490842490843	0.0	0.6868131868131868	0.14285714285714285	0.0	0.9047619047619048	0.9578754578754579	0.0	1.0	0.9377289377289377	0.706959706959707	0.3516483516483517	0.19047619047619047	1.0	1.0	0.0	1.0	0.5622710622710623	1.0	0.0	0.7747252747252747	0.9633699633699634	1.0
24912	0.0	0.7132987910189983	0.18825561312607944	1.0	0.0	0.5613126079447323	0.9550949913644214	0.9136442141623489	0.0	1.0	0.8134715025906736	0.23661485319516407	0.0	0.0	0.8618307426597582	1.0	0.0	1.0	0.696027633851468	1.0	0.0	0.4784110535405872	1.0	1.0
24913	0.0	0.6772486772486772	0.3047619047619048	0.9417989417989417	0.0	0.0	0.6783068783068783	0.9037037037037037	0.0	1.0	0.9544973544973545	0.6941798941798942	0.0	0.0	0.9830687830687831	1.0	0.0	0.9851851851851852	0.8243386243386244	1.0	0.0	0.0	0.8973544973544973	1.0
24914	0.0	0.47101449275362317	0.8876811594202898	1.0	0.0	0.0	0.9094202898550725	0.3333333333333333	0.0	1.0	1.0	0.4673913043478261	0.0	0.0	0.8260869565217391	1.0	0.0	0.644927536231884	0.5797101449275363	1.0	0.0	0.0	0.605072463768116	1.0
24915	0.0	0.39135021097046413	0.052742616033755275	0.8565400843881856	0.2468354430379747	0.0	0.9462025316455697	0.959915611814346	0.0	1.0	0.8713080168776371	0.739451476793249	0.0	0.0	0.959915611814346	1.0	0.0	0.9989451476793249	0.8280590717299579	1.0	0.21308016877637131	0.0	0.8924050632911392	1.0
24916	0.0	0.437125748502994	0.12375249500998003	0.9441117764471058	0.0	0.0	0.469061876247505	0.5528942115768463	0.21157684630738524	1.0	0.998003992015968	0.3073852295409182	0.0	0.15768463073852296	0.9670658682634731	1.0	0.0	0.9041916167664671	0.7754491017964071	1.0	0.0	0.3013972055888224	0.8353293413173652	1.0
24917	0.0	0.5120772946859904	0.0	1.0	0.0	0.0	1.0	0.6908212560386473	0.0	1.0	1.0	0.0	0.0	0.0	1.0	1.0	0.0	0.9951690821256038	0.9903381642512077	1.0	0.0	0.0	1.0	1.0
24918	0.0	0.7698412698412699	0.0	0.8551587301587301	0.16468253968253968	0.0	0.6666666666666666	0.5793650793650794	0.0	0.8075396825396826	0.8690476190476191	0.501984126984127	0.0	0.0	0.9226190476190477	0.996031746031746	0.0	0.8630952380952381	0.46825396825396826	0.8888888888888888	0.0	0.0	0.9722222222222222	0.9325396825396826
24919	0.0	0.0	0.967741935483871	0.7204301075268817	0.0	0.0	0.967741935483871	0.0	0.0	1.0	0.6935483870967742	0.946236559139785	0.0	0.0	0.4032258064516129	0.7795698924731183	0.0	0.15591397849462366	0.010752688172043012	0.9946236559139785	0.0	0.0	0.23655913978494625	1.0
24920	0.0	0.5115864527629234	0.1140819964349376	0.93048128342246	0.0	0.0	0.8449197860962567	0.7201426024955436	0.0	1.0	0.839572192513369	0.6078431372549019	0.2281639928698752	0.0053475935828877	0.7896613190730838	1.0	0.0	0.9037433155080213	0.7611408199643493	1.0	0.1265597147950089	0.5383244206773619	0.7789661319073083	1.0
24921	0.0	0.23728813559322035	0.0	1.0	0.0	0.0	0.4265536723163842	0.8220338983050848	0.0	1.0	0.5084745762711864	0.2655367231638418	0.2740112994350282	0.0	0.9915254237288136	1.0	0.0	1.0	0.7146892655367232	1.0	0.01694915254237288	0.0	1.0	1.0
24922	0.0	0.2237442922374429	0.7168949771689498	0.5547945205479452	0.0	0.0	0.5228310502283106	0.6666666666666666	0.0	1.0	0.8744292237442922	0.0	0.0	0.3835616438356164	0.730593607305936	1.0	0.0	0.9611872146118722	0.9223744292237442	0.9840182648401826	0.3127853881278539	0.2945205479452055	1.0	1.0
24923	0.0	0.584070796460177	0.44542772861356933	1.0	0.0	0.0	1.0	0.6548672566371682	0.0	1.0	1.0	0.4365781710914454	0.0	0.0	0.8466076696165191	1.0	0.0	1.0	1.0	1.0	0.0	0.0	0.7551622418879056	1.0
24924	0.0	0.7733333333333333	0.0	0.9911111111111112	0.0	0.0	0.96	0.16444444444444445	0.0	1.0	0.5066666666666667	0.04888888888888889	0.52	0.0	0.64	0.8666666666666667	0.0	0.6977777777777778	0.6711111111111111	1.0	0.0	0.0	0.4266666666666667	0.5511111111111111
24925	0.0	0.6602067183462532	0.0	0.8888888888888888	0.0	0.10852713178294573	0.8552971576227391	0.6627906976744186	0.0	1.0	0.7700258397932817	0.6395348837209303	0.006459948320413436	0.0	0.9431524547803618	1.0	0.0	0.9806201550387597	0.6770025839793282	1.0	0.0	0.0	1.0	1.0
24926	0.470404984423676	0.6822429906542056	0.07165109034267912	1.0	0.5233644859813084	0.7538940809968847	1.0	0.6386292834890965	0.0	1.0	1.0	0.48909657320872274	0.0	0.0	1.0	1.0	0.0	1.0	0.30218068535825543	1.0	0.0	0.0	1.0	1.0
24927	0.0	0.5866666666666667	0.0	1.0	0.22666666666666666	0.0	0.6311111111111111	0.7111111111111111	0.0	1.0	0.8444444444444444	0.3511111111111111	0.0	0.6133333333333333	1.0	1.0	0.0	1.0	0.6888888888888889	1.0	0.0	0.0	1.0	1.0
24928	0.0	0.7134146341463414	0.44308943089430897	0.9979674796747967	0.0	0.21341463414634146	0.7967479674796748	0.6605691056910569	0.0	1.0	1.0	0.8008130081300813	0.0	0.0	1.0	1.0	0.0	0.9776422764227642	1.0	1.0	0.2032520325203252	0.0	1.0	1.0
24929	0.0	0.717948717948718	0.0	1.0	0.0	0.0	0.6538461538461539	0.8632478632478633	0.0	1.0	1.0	0.5470085470085471	0.0	0.0	1.0	1.0	0.0	0.8290598290598291	0.9829059829059829	1.0	0.3974358974358974	0.0	1.0	1.0
24930	0.0	1.0	0.0	0.0	0.0	0.0	0.16666666666666666	0.7753623188405797	0.0	1.0	0.9710144927536232	0.7898550724637681	0.0	1.0	1.0	1.0	0.0	1.0	1.0	1.0	0.0	0.0	0.7971014492753623	1.0
24931	0.0	0.7658730158730159	0.623015873015873	0.5714285714285714	0.0	0.0	0.9365079365079365	1.0	0.0	1.0	1.0	0.5992063492063492	0.0	0.0	1.0	1.0	0.0	1.0	0.7698412698412699	1.0	0.0	0.0	0.9444444444444444	1.0
24932	0.0	0.4670599803343166	0.0	0.880039331366765	0.0	0.0	0.8102261553588987	0.3785644051130777	0.0	0.9862340216322517	0.8328416912487709	0.40117994100294985	0.08259587020648967	0.1288102261553589	0.8731563421828908	1.0	0.0	0.7138643067846607	0.5860373647984267	1.0	0.0	0.0	0.9705014749262537	1.0
24933	0.0	0.9310344827586207	0.25287356321839083	1.0	0.0	0.0	1.0	0.5218390804597701	0.0	1.0	1.0	0.6597701149425287	0.0	0.20689655172413793	1.0	1.0	0.0	1.0	0.5241379310344828	1.0	0.0	0.3793103448275862	1.0	1.0
24934	0.0	0.7916666666666666	1.0	1.0	0.0	0.0	1.0	0.6927083333333334	0.0	1.0	1.0	0.0	0.0	0.609375	0.8697916666666666	0.9947916666666666	0.0	1.0	0.06770833333333333	1.0	0.0	0.4895833333333333	1.0	1.0
24935	0.0	0.30935251798561153	0.7026378896882494	0.9952038369304557	0.0	0.0	0.7026378896882494	0.7146282973621103	0.23501199040767387	0.8345323741007195	0.8872901678657075	0.9304556354916067	0.36211031175059955	0.5203836930455635	1.0	0.9784172661870504	0.0	0.9784172661870504	0.8968824940047961	0.9856115107913669	0.2302158273381295	0.0	0.973621103117506	1.0
24936	0.0	0.9306930693069307	0.9636963696369637	0.8910891089108911	0.4521452145214521	0.0	0.9141914191419142	0.9405940594059405	0.0	1.0	0.9867986798679867	0.6171617161716172	0.0	0.0	1.0	0.976897689768977	0.0	0.9933993399339934	0.636963696369637	1.0	0.0	0.0	0.9174917491749175	1.0
24937	0.0	0.25274725274725274	0.0	0.4139194139194139	0.0	0.0	0.5567765567765568	0.9926739926739927	0.0	1.0	0.38095238095238093	0.9706959706959707	0.0	0.0	1.0	1.0	0.0	1.0	0.8351648351648352	1.0	0.0	0.0	0.7802197802197802	1.0
24938	0.0	0.6342592592592593	0.0	0.9027777777777778	0.0	0.0	0.27546296296296297	0.3958333333333333	0.0	1.0	0.6134259259259259	0.48842592592592593	0.5208333333333334	0.0	0.8796296296296297	0.9259259259259259	0.0	0.43287037037037035	0.6296296296296297	0.9421296296296297	0.0	0.0	1.0	1.0
24939	0.5238095238095238	0.5974025974025974	0.6233766233766234	1.0	0.33910533910533913	0.6118326118326118	0.772005772005772	0.5180375180375181	0.18614718614718614	0.9668109668109668	1.0	0.2727272727272727	0.5324675324675324	0.6349206349206349	0.8080808080808081	1.0	0.2178932178932179	1.0	0.8152958152958153	1.0	0.7546897546897547	0.9393939393939394	0.7474747474747475	1.0
24940	0.3058823529411765	0.9529411764705882	0.6901960784313725	0.9568627450980393	1.0	0.3215686274509804	0.3803921568627451	0.8980392156862745	0.0	1.0	1.0	1.0	0.0	0.6039215686274509	1.0	1.0	0.8705882352941177	1.0	0.8196078431372549	1.0	0.0	1.0	0.8901960784313725	1.0
24941	0.5794392523364486	1.0	0.8473520249221184	0.8504672897196262	0.35514018691588783	0.7757009345794392	0.3613707165109034	0.35202492211838005	0.7009345794392523	1.0	0.7725856697819314	0.8847352024922118	0.8504672897196262	0.822429906542056	0.6292834890965732	1.0	0.0	0.719626168224299	1.0	1.0	0.1806853582554517	1.0	1.0	1.0
24942	0.0	0.6038251366120219	0.09836065573770492	0.9453551912568307	0.0	0.0	0.0	0.7786885245901639	0.0	1.0	1.0	0.5765027322404371	0.0	0.0	0.8387978142076503	1.0	0.0	1.0	0.6912568306010929	1.0	0.0	0.09562841530054644	0.8715846994535519	1.0
24943	0.18518518518518517	0.2716049382716049	0.18518518518518517	0.9135802469135802	0.0	0.0	1.0	0.0	0.0	0.9691358024691358	0.037037037037037035	0.9567901234567902	0.0	0.0	0.7222222222222222	1.0	0.0	1.0	0.06790123456790123	1.0	0.0	0.0	0.9506172839506173	1.0
24944	0.3388888888888889	0.39444444444444443	0.9722222222222222	1.0	0.0	0.0	0.6611111111111111	0.6833333333333333	0.0	1.0	1.0	0.7277777777777777	0.0	0.0	1.0	1.0	0.0	0.9333333333333333	0.0	1.0	0.8388888888888889	0.0	1.0	1.0
24945	0.3756218905472637	0.4601990049751244	0.7711442786069652	0.7064676616915423	0.0	0.0	0.7238805970149254	0.5870646766169154	0.0	1.0	0.8383084577114428	0.4925373134328358	0.0	0.0	0.15671641791044777	1.0	0.0	1.0	0.0	1.0	0.1318407960199005	0.0	0.9800995024875622	1.0
24946	0.0	0.7151515151515152	0.0	1.0	0.0	0.0	0.44242424242424244	0.0	0.0	1.0	0.6515151515151515	0.0	0.0	0.0	0.6424242424242425	1.0	0.0	1.0	0.5606060606060606	1.0	0.0	0.0	0.9878787878787879	1.0
24947	0.0	0.6887052341597796	0.1330184966548603	0.7973238882329792	0.0	0.0	0.6879181424635971	0.4588744588744589	0.0	0.9893742621015348	0.6253443526170799	0.5041322314049587	0.1770956316410862	0.08500590318772137	0.9547422274695002	0.9657615112160567	0.0	0.9252262888626525	0.59818968909878	1.0	0.0	0.1188508461235734	0.8610783156237701	1.0
24948	0.0	0.6138211382113821	0.22764227642276422	0.9065040650406504	0.0	0.0	0.6178861788617886	0.4268292682926829	0.0	1.0	1.0	1.0	0.0	0.0	1.0	1.0	0.0	1.0	0.6422764227642277	1.0	0.0	0.0	0.6910569105691057	1.0
24949	0.0	1.0	0.0	0.7804878048780488	0.0	0.0	0.6829268292682927	0.3008130081300813	0.0	1.0	1.0	0.6829268292682927	0.0	0.0	1.0	0.9105691056910569	0.0	0.07317073170731707	0.6422764227642277	1.0	0.0	0.0	1.0	1.0
24950	0.0	0.010256410256410256	0.0	1.0	0.0	0.0	0.0	1.0	0.0	1.0	1.0	0.0	0.0	0.0	0.7948717948717948	0.8461538461538461	0.0	1.0	0.7487179487179487	0.8358974358974359	0.0	0.0	1.0	1.0
24951	0.0	0.6651982378854625	0.39133627019089573	1.0	0.0631424375917768	0.0	0.8891336270190896	0.7687224669603524	0.0	1.0	0.8538913362701909	0.7452276064610867	0.06754772393538913	0.12555066079295155	0.9038179148311307	0.9823788546255506	0.0	0.8641703377386197	0.6703377386196769	1.0	0.08663729809104258	0.0	0.9992657856093979	1.0
24952	0.0	0.7389937106918238	0.2861635220125786	0.6792452830188679	0.0	0.0	1.0	0.5880503144654088	0.0	1.0	0.8270440251572327	0.08176100628930817	0.4716981132075472	0.330188679245283	1.0	1.0	0.0	1.0	0.46540880503144655	1.0	0.0	0.0	1.0	1.0
24953	0.0	0.4276094276094276	0.10606060606060606	0.803030303030303	0.08585858585858586	0.0	0.8501683501683501	0.7971380471380471	0.0	1.0	0.8148148148148148	0.5176767676767676	0.1271043771043771	0.0	0.9410774410774411	0.9267676767676768	0.0	0.9452861952861953	0.6725589225589226	1.0	0.0	0.3661616161616162	0.9772727272727273	1.0
24954	0.0	0.37659033078880405	0.0	0.94529262086514	0.0	0.10305343511450382	0.44783715012722647	0.8447837150127226	0.0	1.0	1.0	0.41475826972010177	0.0	0.0	1.0	1.0	0.0	1.0	0.6870229007633588	1.0	0.0	0.0	0.8651399491094147	1.0
24955	0.0	0.0	0.0	1.0	0.0	0.0	0.6424242424242425	0.3393939393939394	0.0	1.0	1.0	0.3515151515151515	0.0	0.5757575757575758	1.0	1.0	0.0	1.0	1.0	1.0	0.0	0.0	1.0	1.0
24956	0.0	0.48058252427184467	0.23948220064724918	0.9093851132686084	0.0	0.0	0.3446601941747573	0.8543689320388349	0.0	1.0	0.3220064724919094	0.38349514563106796	0.24110032362459546	0.24110032362459546	0.9433656957928802	1.0	0.0	1.0	0.558252427184466	1.0	0.22815533980582525	0.0	0.9061488673139159	1.0
24957	0.0	0.0	0.7373737373737373	1.0	0.3434343434343434	0.0	0.1414141414141414	0.9191919191919192	0.0	1.0	0.9797979797979798	0.3686868686868687	0.0	0.0	1.0	1.0	0.0	0.9393939393939394	0.0	1.0	0.0	0.0	0.0	1.0
24958	0.0	0.17011494252873563	0.19080459770114944	0.593103448275862	0.0	0.0	0.735632183908046	0.20229885057471264	0.0	1.0	0.6367816091954023	0.0	0.0	0.0	0.9632183908045977	1.0	0.0	0.8482758620689655	0.6367816091954023	1.0	0.0	0.0	0.5517241379310345	0.9701149425287356
24959	0.0	0.6514575411913816	0.0	0.5348542458808618	0.0	0.0	0.6108998732572877	0.6514575411913816	0.0	1.0	0.8986058301647655	0.46514575411913817	0.021546261089987327	0.0	0.8200253485424588	1.0	0.0	1.0	0.9011406844106464	1.0	0.0	0.0	0.7731305449936628	1.0
24960	0.0	0.5377777777777778	0.0	0.5324444444444445	0.0	0.0	0.7164444444444444	0.6986666666666667	0.0	0.968	0.7546666666666667	0.5937777777777777	0.09244444444444444	0.08977777777777778	0.9128888888888889	1.0	0.0	1.0	0.5297777777777778	1.0	0.0	0.0	0.7413333333333333	1.0
24961	0.0	0.7897091722595079	0.23937360178970918	0.9731543624161074	0.0	0.0	0.7539149888143176	0.8411633109619687	0.0	1.0	0.6174496644295302	0.22595078299776286	0.31543624161073824	0.0	0.8859060402684564	1.0	0.0	1.0	0.5592841163310962	1.0	0.0	0.0	0.854586129753915	1.0
24962	0.0	0.5913978494623656	0.0	0.9904420549581839	0.0	0.0	0.6953405017921147	0.2891278375149343	0.0	0.910394265232975	0.8769414575866189	0.17562724014336917	0.0	0.1039426523297491	0.8590203106332138	0.989247311827957	0.0	1.0	0.6499402628434886	0.9904420549581839	0.0	0.0	0.98805256869773	0.98805256869773
24963	0.0	0.09692671394799054	0.18439716312056736	1.0	0.0	0.0	1.0	0.16312056737588654	0.0	1.0	0.933806146572104	0.6926713947990544	0.0	0.0	0.9692671394799054	1.0	0.0	0.9692671394799054	1.0	1.0	0.0	0.0	0.8723404255319149	1.0
24964	0.0	0.3682051282051282	0.3958974358974359	0.8892307692307693	0.1558974358974359	0.0	0.5671794871794872	0.7774358974358975	0.0	1.0	0.9138461538461539	0.8153846153846154	0.0	0.0	0.9251282051282051	1.0	0.0	1.0	0.9076923076923077	1.0	0.3230769230769231	0.41025641025641024	0.9271794871794872	1.0
24965	0.0	0.7023346303501945	0.22957198443579765	0.791828793774319	0.0	0.0	0.5739299610894941	0.6387808041504539	0.0	0.977302204928664	0.7671854734111544	0.4487678339818418	0.0	0.0	0.7821011673151751	0.9993514915693904	0.0	0.8346303501945526	0.6815823605706874	1.0	0.19584954604409857	0.0	0.9066147859922179	1.0
24966	0.0	0.5929203539823009	0.0	1.0	0.0	0.0	0.2920353982300885	0.9410029498525073	0.0	1.0	0.8643067846607669	0.6607669616519174	0.0	0.0	0.6784660766961652	1.0	0.0	1.0	1.0	1.0	0.0	0.0	0.976401179941003	1.0
24967	0.0	0.3004115226337449	0.13168724279835392	0.831275720164609	0.4403292181069959	0.18930041152263374	0.6378600823045267	0.9958847736625515	0.5020576131687243	1.0	1.0	0.7119341563786008	0.0	0.0	1.0	0.8847736625514403	0.0	1.0	0.551440329218107	1.0	0.0	0.0	1.0	1.0
24968	0.0	0.7525879917184265	0.17598343685300208	0.772256728778468	0.0	0.0	0.36645962732919257	0.6790890269151139	0.0	1.0	1.0	0.6356107660455487	0.0	0.0	0.9265010351966874	1.0	0.0	1.0	0.4616977225672878	1.0	0.10869565217391304	0.0	0.9078674948240165	1.0
24969	0.13227513227513227	0.45185185185185184	0.1523809523809524	0.9015873015873016	0.0	0.0	0.8687830687830688	0.6349206349206349	0.0	1.0	0.9629629629629629	0.4021164021164021	0.08888888888888889	0.17777777777777778	0.8243386243386244	1.0	0.0	0.9777777777777777	0.7322751322751323	1.0	0.09417989417989418	0.091005291005291	0.9777777777777777	1.0
24970	0.0	0.3870967741935484	0.12903225806451613	0.8193548387096774	0.0	0.06451612903225806	0.7103942652329749	0.7204301075268817	0.0	1.0	0.8910394265232975	0.25519713261648747	0.12688172043010754	0.22724014336917564	0.8917562724014337	1.0	0.0	1.0	0.7168458781362007	1.0	0.0	0.007885304659498209	0.9455197132616487	1.0
24971	0.0	0.39906103286384975	0.12206572769953052	1.0	0.0	0.0	0.5023474178403756	0.3755868544600939	0.0	1.0	0.9530516431924883	0.06103286384976526	0.0	0.0	1.0	1.0	0.0	1.0	1.0	1.0	0.0	0.0	1.0	1.0
24972	0.0	0.5	0.0	0.8333333333333334	0.3606060606060606	0.0	0.7818181818181819	0.796969696969697	0.0	0.9272727272727272	0.8636363636363636	0.0	0.0	0.4484848484848485	0.8939393939393939	1.0	0.0	0.44545454545454544	0.0	1.0	0.0	0.8848484848484849	0.49696969696969695	1.0
24973	0.17124735729386892	0.6138125440451022	0.390415785764623	0.8611698379140239	0.0	0.05708245243128964	0.9224806201550387	0.8421423537702607	0.0	1.0	0.9478505990133897	0.5961945031712473	0.42565186751233264	0.17829457364341086	0.8886539816772375	0.9950669485553206	0.0	0.9788583509513742	0.7089499647639183	1.0	0.06060606060606061	0.226215644820296	0.8308668076109936	1.0
24974	0.0	0.7848484848484848	0.0	1.0	0.0	0.0	0.7151515151515152	0.6121212121212121	0.0	1.0	0.5757575757575758	0.07272727272727272	0.0	0.0	1.0	1.0	0.0	1.0	1.0	1.0	0.0	0.0	1.0	1.0
24975	0.0	0.0	0.0	0.0	0.0	0.0	0.36403508771929827	0.0	0.0	1.0	0.9385964912280702	0.35526315789473684	0.0	0.0	0.30701754385964913	0.6403508771929824	0.0	0.9166666666666666	0.0	1.0	0.0	0.0	0.8201754385964912	0.21929824561403508
24976	0.0	0.8717948717948718	0.0	0.6959706959706959	0.1575091575091575	0.0	0.8644688644688645	0.9926739926739927	0.0	1.0	1.0	1.0	0.326007326007326	0.0	1.0	1.0	0.0	1.0	0.7948717948717948	1.0	0.7032967032967034	0.0	1.0	1.0
24977	0.0	0.72110365398956	0.3668903803131991	0.8903803131991052	0.087248322147651	0.0	0.4563758389261745	0.6510067114093959	0.0	0.9366144668158091	0.9806114839671887	0.42953020134228187	0.19015659955257272	0.1372110365398956	0.9776286353467561	1.0	0.0	1.0	0.9925428784489188	1.0	0.08351976137211037	0.27740492170022374	0.912751677852349	1.0
24978	0.0	0.30952380952380953	0.23412698412698413	0.9484126984126984	0.0	0.0	0.794973544973545	0.5145502645502645	0.0	1.0	0.917989417989418	0.8214285714285714	0.12169312169312169	0.0	1.0	1.0	0.25793650793650796	0.9828042328042328	0.7261904761904762	1.0	0.11375661375661375	0.0	0.8624338624338624	1.0
24979	0.0	0.7620345140781108	0.08810172570390554	0.9373297002724795	0.0	0.09990917347865577	0.851952770208901	0.6257947320617621	0.0	1.0	0.9346049046321526	0.9155313351498637	0.0	0.3832879200726612	0.9282470481380564	0.971843778383288	0.0	1.0	0.9600363306085377	1.0	0.0	0.0	1.0	1.0
24980	0.0	0.01092896174863388	0.12568306010928962	1.0	0.0	0.0	1.0	0.5683060109289617	0.0	1.0	1.0	0.0	0.0	0.0	1.0	1.0	0.0	1.0	0.0	1.0	0.0	0.0	1.0	1.0
24981	0.0	0.6372269705603039	0.15479582146248813	0.5308641975308642	0.0	0.0	0.5878442545109211	0.3903133903133903	0.0	0.9667616334283001	0.6372269705603039	0.3637226970560304	0.0	0.18233618233618235	0.647673314339981	0.8746438746438746	0.0	0.7549857549857549	0.6001899335232669	0.9924026590693258	0.0	0.15859449192782527	0.8271604938271605	0.9981006647673314
24982	0.0	0.34983498349834985	0.0	0.7293729372937293	0.0	0.0	0.7986798679867987	0.5841584158415841	0.0	1.0	0.7788778877887789	0.0	0.0	0.5214521452145214	1.0	1.0	0.0	0.9042904290429042	0.1254125412541254	1.0	0.45544554455445546	0.0	0.801980198019802	1.0
24983	0.23583333333333334	0.7808333333333334	0.2841666666666667	0.9825	0.0	0.0	0.8591666666666666	0.5925	0.0	1.0	0.9841666666666666	0.4658333333333333	0.15333333333333332	0.155	1.0	1.0	0.0	1.0	0.705	1.0	0.0	0.0	0.9191666666666667	1.0
24984	0.0	0.626984126984127	0.23809523809523808	0.7003968253968254	0.0	0.0	0.9365079365079365	0.6170634920634921	0.0	0.9781746031746031	0.9166666666666666	0.6706349206349206	0.0	0.39880952380952384	0.6785714285714286	1.0	0.0	1.0	0.6924603174603174	0.996031746031746	0.0	0.0	0.9365079365079365	0.998015873015873
24985	0.0	1.0	0.6086956521739131	0.7789855072463768	0.19927536231884058	0.0	0.9384057971014492	0.4782608695652174	0.0	1.0	1.0	0.09057971014492754	0.0	0.0	1.0	1.0	0.0	1.0	0.9166666666666666	1.0	0.0	0.37681159420289856	0.9746376811594203	1.0
24986	0.0	0.92	0.4711111111111111	0.8666666666666667	0.0	0.0	1.0	1.0	0.0	1.0	1.0	1.0	0.0	0.0	1.0	1.0	0.0	1.0	0.88	1.0	0.39111111111111113	1.0	0.8311111111111111	1.0
24987	0.0	0.6255707762557078	0.6971080669710806	1.0	0.0	0.0	0.9802130898021308	0.4977168949771689	0.0	1.0	1.0	0.6149162861491628	0.0	0.0	0.943683409436834	1.0	0.0	0.974124809741248	0.639269406392694	1.0	0.0	0.0	1.0	1.0
24988	0.0	1.0	0.0	1.0	0.0	0.0	1.0	0.946969696969697	0.0	1.0	1.0	0.7121212121212122	0.0	0.0	0.7045454545454546	1.0	0.0	1.0	0.0	1.0	0.0	0.0	1.0	1.0
24989	0.0	0.5483234714003945	0.0	0.7761341222879684	0.12721893491124261	0.0	0.6597633136094675	0.626232741617357	0.0	0.9625246548323472	0.727810650887574	0.28007889546351084	0.2978303747534517	0.0	0.9674556213017751	1.0	0.0	0.8698224852071006	0.52465483234714	1.0	0.1952662721893491	0.5867850098619329	0.8895463510848126	1.0
24990	0.0	0.5617283950617284	0.0	1.0	0.2962962962962963	0.0	0.0	0.2222222222222222	0.0	1.0	1.0	0.12962962962962962	0.0	0.0	0.9382716049382716	1.0	0.0	1.0	0.7654320987654321	1.0	0.0	0.35802469135802467	1.0	1.0
24991	0.0	0.6666666666666666	0.0	0.9970760233918129	0.2543859649122807	0.0	0.6198830409356725	0.5760233918128655	0.0	1.0	0.9853801169590644	0.1871345029239766	0.0	0.0	0.8596491228070176	1.0	0.0	0.9824561403508771	0.4415204678362573	1.0	0.0	0.0	1.0	1.0
24992	0.0	0.422680412371134	0.0	0.7628865979381443	0.41237113402061853	0.6323024054982818	0.19931271477663232	0.5395189003436426	0.0	0.993127147766323	0.6666666666666666	0.5567010309278351	0.0	0.570446735395189	0.711340206185567	0.9347079037800687	0.0	0.9003436426116839	0.2508591065292096	1.0	0.0	0.41237113402061853	0.7457044673539519	0.9587628865979382
24993	0.0	0.9712230215827338	0.23261390887290168	0.513189448441247	0.0	0.0	0.2973621103117506	0.697841726618705	0.0	1.0	0.8920863309352518	0.0	0.0	0.0	0.6618705035971223	1.0	0.0	0.9664268585131894	0.5515587529976019	1.0	0.0	0.0	0.8848920863309353	1.0
24994	0.0	0.3532934131736527	0.0	1.0	0.0	0.0	0.2155688622754491	0.9041916167664671	0.0	1.0	1.0	0.0	0.0	0.0	1.0	1.0	0.0	1.0	0.7904191616766467	1.0	0.0	0.29740518962075846	1.0	1.0
24995	0.0	0.6341880341880342	0.0	0.9521367521367521	0.3282051282051282	0.0	0.28547008547008546	0.8512820512820513	0.0	1.0	0.9675213675213675	0.5675213675213675	0.0	0.08888888888888889	0.9675213675213675	1.0	0.0	0.976068376068376	0.6512820512820513	0.9931623931623932	0.0	0.47094017094017093	0.870940170940171	1.0
24996	0.0	0.9529411764705882	0.3058823529411765	1.0	0.0	0.0	0.8666666666666667	0.7333333333333333	0.0	1.0	1.0	0.4294117647058823	0.0	0.4117647058823529	0.9313725490196079	1.0	0.18235294117647058	1.0	0.5431372549019607	1.0	0.0	0.0	0.7803921568627451	1.0
24997	0.0	0.37323358270989193	0.2510390689941812	0.9251870324189526	0.0	0.0	0.8146300914380715	0.8827930174563591	0.0	1.0	0.8453865336658354	0.3258520365752286	0.08728179551122195	0.049044056525353284	0.7605985037406484	0.999168744804655	0.0	0.9817123857024106	0.6475477971737323	1.0	0.37323358270989193	0.0	0.6957605985037406	1.0
24998	0.0	0.714859437751004	0.19812583668005354	0.9236947791164659	0.0	0.20214190093708165	0.713520749665328	0.7657295850066934	0.0	1.0	0.7737617135207496	0.27309236947791166	0.0	0.29451137884872824	0.9062918340026773	1.0	0.0	1.0	1.0	1.0	0.14725568942436412	0.4578313253012048	1.0	1.0
24999	0.13111111111111112	1.0	0.33555555555555555	1.0	0.0	0.1	0.9022222222222223	0.9377777777777778	0.0	1.0	1.0	0.8444444444444444	0.26666666666666666	0.5	1.0	1.0	0.0	1.0	0.9355555555555556	1.0	0.0	0.0	1.0	1.0
25000	0.0	1.0	0.0	1.0	0.0	0.0	1.0	0.5846994535519126	0.0	1.0	0.9726775956284153	1.0	0.0	0.0	1.0	1.0	0.0	1.0	0.9453551912568307	1.0	0.0	0.0	1.0	1.0
25001	0.0	0.916010498687664	0.6719160104986877	0.7821522309711286	0.0	0.0	1.0	0.847769028871391	0.0	0.9763779527559056	0.7034120734908137	0.6824146981627297	0.0	0.0	0.9501312335958005	1.0	0.0	0.8792650918635171	0.3963254593175853	1.0	0.0	0.0	0.8556430446194225	1.0
25002	0.0	0.6021505376344086	0.41935483870967744	0.9390681003584229	0.0	0.0	0.0	0.942652329749104	0.0	1.0	1.0	0.0	0.0	0.0	0.899641577060932	1.0	0.0	1.0	1.0	1.0	0.0	0.0	1.0	1.0
25003	0.0	0.13756613756613756	0.0	0.8412698412698413	0.0	0.0	1.0	1.0	0.0	1.0	1.0	0.8148148148148148	0.0	0.0	0.8677248677248677	1.0	0.0	0.798941798941799	1.0	1.0	0.0	0.0	0.6613756613756614	1.0
25004	0.1574074074074074	0.6851851851851852	0.0	0.8454415954415955	0.17094017094017094	0.1047008547008547	0.9437321937321937	0.8433048433048433	0.0	1.0	0.8561253561253561	0.48646723646723644	0.07478632478632478	0.0	1.0	1.0	0.1502849002849003	0.9643874643874644	0.5662393162393162	1.0	0.08475783475783476	0.12535612535612536	0.9764957264957265	1.0
25005	0.0	0.4724220623501199	0.5347721822541966	1.0	0.19904076738609114	0.0	1.0	0.8537170263788969	0.0	1.0	0.8776978417266187	0.4316546762589928	0.6690647482014388	0.4172661870503597	0.8033573141486811	1.0	0.0	1.0	0.8705035971223022	1.0	0.0	0.0	1.0	1.0
25006	0.0	1.0	0.0	1.0	0.0	0.0	0.9666666666666667	1.0	0.0	1.0	1.0	0.5814814814814815	0.0	0.0	0.6888888888888889	0.9666666666666667	0.0	1.0	0.9333333333333333	1.0	0.0	0.5185185185185185	0.837037037037037	1.0
25007	0.0	0.548922056384743	0.0	0.9635157545605307	0.1558872305140962	0.0	0.5439469320066335	0.7197346600331676	0.0	0.8922056384742952	0.9817578772802653	0.6202321724709784	0.0	0.0	0.7927031509121062	1.0	0.0	0.912106135986733	0.8805970149253731	1.0	0.0	0.0	1.0	1.0
25008	0.0	1.0	0.7468354430379747	0.9641350210970464	0.0	0.0	0.9240506329113924	0.43037974683544306	0.0	1.0	0.7890295358649789	0.6814345991561181	0.0	0.31645569620253167	0.8354430379746836	1.0	0.0	1.0	0.39451476793248946	1.0	0.19831223628691982	0.0	0.8227848101265823	1.0
25009	0.0	0.9629629629629629	0.0	0.6438746438746439	0.0	0.0	0.9772079772079773	1.0	0.0	1.0	0.9629629629629629	0.6951566951566952	0.28774928774928776	0.45014245014245013	0.9173789173789174	1.0	0.0	1.0	0.045584045584045586	1.0	0.5612535612535613	0.0	1.0	1.0
25010	0.0	0.4835680751173709	0.0	0.8603286384976526	0.0	0.0	0.687793427230047	0.7664319248826291	0.0	1.0	0.8615023474178404	0.7511737089201878	0.0	0.653755868544601	0.92018779342723	1.0	0.0	0.9565727699530516	0.9237089201877934	1.0	0.0	0.0	0.8873239436619719	1.0
25011	0.0	0.7442528735632183	0.0	0.8017241379310345	0.0	0.0	0.514367816091954	0.8333333333333334	0.0	1.0	0.7212643678160919	0.005747126436781609	0.0	0.0	1.0	1.0	0.0	1.0	0.4827586206896552	1.0	0.0	0.23850574712643677	0.632183908045977	1.0
25012	0.0	0.3738191632928475	0.44197031039136303	0.5904183535762483	0.0	0.0	0.7213225371120108	0.786774628879892	0.0	1.0	0.926450742240216	0.3974358974358974	0.2800269905533063	0.11470985155195682	0.810391363022942	1.0	0.0	0.8454790823211876	0.9257759784075573	1.0	0.08704453441295547	0.23549257759784076	0.8582995951417004	1.0
25013	0.0	0.3002832861189802	0.10953729933899906	0.9178470254957507	0.0	0.0	0.6458923512747875	0.7355996222851747	0.0	1.0	0.8224740321057602	0.4202077431539188	0.0	0.0	0.8753541076487252	1.0	0.0	1.0	0.8158640226628895	1.0	0.010387157695939566	0.0	0.9386213408876298	1.0
25014	0.0	0.4418052256532066	0.0	0.9904988123515439	0.0	0.08788598574821853	0.7220902612826603	0.6468725257323832	0.0	0.9034045922406968	0.8606492478226445	0.5344418052256532	0.0	0.13380839271575615	0.9604117181314331	1.0	0.0	0.9699129057798892	0.6714172604908947	1.0	0.09026128266033254	0.0	0.6769596199524941	1.0
25015	0.3472222222222222	0.6666666666666666	0.0	0.9424603174603174	0.0	0.0	0.5595238095238095	0.6865079365079365	0.0	1.0	0.9484126984126984	0.27976190476190477	0.0	0.3333333333333333	0.8611111111111112	1.0	0.0	1.0	0.6746031746031746	1.0	0.0	0.0	0.6309523809523809	1.0
25016	0.0	0.489648033126294	0.22153209109730848	0.9285714285714286	0.0	0.6180124223602484	0.8157349896480331	0.7971014492753623	0.08592132505175984	1.0	0.6956521739130435	0.6749482401656315	0.2888198757763975	0.0	0.9699792960662525	1.0	0.0	1.0	0.912008281573499	1.0	0.09834368530020704	0.2795031055900621	0.9585921325051759	1.0
25017	0.0	0.7603485838779956	0.22549019607843138	0.9847494553376906	0.0	0.13398692810457516	0.6666666666666666	0.7352941176470589	0.0	1.0	0.8616557734204793	0.34967320261437906	0.14052287581699346	0.19498910675381265	0.9662309368191722	1.0	0.0	1.0	0.7581699346405228	1.0	0.17320261437908496	0.20588235294117646	0.8736383442265795	1.0
25018	0.0	0.4831804281345566	0.1712538226299694	0.981651376146789	0.0	0.0	0.7140672782874617	0.6192660550458715	0.0	1.0	0.9235474006116208	0.790519877675841	0.0	0.0	0.9862385321100917	1.0	0.0	0.9571865443425076	0.8532110091743119	0.981651376146789	0.14678899082568808	0.0	0.9159021406727829	1.0
25019	0.0	0.6510903426791277	0.4953271028037383	1.0	0.0	0.0	0.7009345794392523	0.778816199376947	0.0	1.0	0.940809968847352	0.19003115264797507	0.0	0.26791277258566976	0.9813084112149533	1.0	0.0	1.0	0.7570093457943925	1.0	0.3146417445482866	0.0	1.0	1.0
25020	0.0	0.5514981273408239	0.5140449438202247	0.7415730337078652	0.0	0.0	0.41853932584269665	0.6170411985018727	0.0	1.0	0.6910112359550562	0.3951310861423221	0.09082397003745318	0.0	0.8661048689138576	0.9962546816479401	0.0	0.9597378277153558	0.6404494382022472	0.9784644194756554	0.0	0.0	0.7031835205992509	0.9962546816479401
25021	0.0	0.5161290322580645	0.12903225806451613	0.8279569892473119	0.0	0.0	1.0	0.7741935483870968	0.0	1.0	0.5483870967741935	0.7204301075268817	0.0	0.0	1.0	1.0	0.0	1.0	0.8064516129032258	0.956989247311828	0.0	0.5913978494623656	0.46236559139784944	0.989247311827957
25022	0.0	0.5800524934383202	0.0778652668416448	0.8022747156605424	0.0	0.0	0.8180227471566054	0.6911636045494314	0.08486439195100612	1.0	0.7979002624671916	0.19335083114610674	0.0	0.13123359580052493	0.9413823272090989	0.9562554680664916	0.0	0.9448818897637795	0.752405949256343	1.0	0.0	0.20909886264216973	1.0	1.0
25023	0.0	0.2949640287769784	0.3213429256594724	0.486810551558753	0.2709832134292566	0.0	0.0	0.7002398081534772	0.0	1.0	0.60431654676259	0.7601918465227818	0.0	0.35731414868105515	0.9256594724220624	0.9544364508393285	0.0	1.0	0.0	1.0	0.0	0.0	0.7985611510791367	1.0
25024	0.0	1.0	0.0	0.6083333333333333	0.0	0.0	1.0	0.3	0.0	1.0	0.6583333333333333	1.0	0.0	0.0	0.7666666666666667	1.0	0.0	1.0	1.0	1.0	0.775	0.0	1.0	1.0
25025	0.0	0.3242424242424242	0.0	0.6575757575757576	0.0	0.0	0.6606060606060606	0.27575757575757576	0.0	0.9787878787878788	0.5696969696969697	0.5424242424242425	0.0	0.0	0.796969696969697	1.0	0.0	0.7848484848484848	0.5424242424242425	0.7696969696969697	0.6606060606060606	0.0	0.6606060606060606	0.9696969696969697
25026	0.0	0.7655502392344498	0.3748006379585327	0.7511961722488039	0.0	0.0	0.8931419457735247	0.6586921850079744	0.0	0.8692185007974481	0.8277511961722488	0.30303030303030304	0.0	0.14992025518341306	0.9059011164274322	1.0	0.0	0.988835725677831	1.0	1.0	0.0	0.1339712918660287	0.8389154704944178	1.0
25027	0.38685015290519875	0.382262996941896	0.0	0.9908256880733946	0.2966360856269113	0.0	0.8363914373088684	0.6039755351681957	0.0	1.0	0.8409785932721713	0.0	0.0	0.0	0.9281345565749235	0.863914373088685	0.0	1.0	0.6070336391437309	1.0	0.12232415902140673	0.5779816513761468	1.0	1.0
25028	0.0	0.5571315996847912	0.11583924349881797	0.8691883372734437	0.2860520094562648	0.0	0.6272655634357762	0.5736800630417652	0.0	1.0	0.8628841607565012	0.35933806146572106	0.0	0.0	0.9093774625689519	1.0	0.0	0.9550827423167849	0.7501970055161544	1.0	0.13317572892040977	0.16784869976359337	0.8565799842395587	1.0
25029	0.0	0.6415525114155252	0.4155251141552511	1.0	0.0	0.0	0.2785388127853881	0.8470319634703196	0.0	1.0	1.0	0.5068493150684932	0.0	0.3082191780821918	0.726027397260274	1.0	0.0	1.0	0.8835616438356164	1.0	0.0	0.182648401826484	0.8904109589041096	1.0
25030	0.0	0.8484848484848485	0.0	0.0	0.4166666666666667	0.0	0.75	1.0	0.0	1.0	0.9015151515151515	0.0	0.6363636363636364	0.0	0.4166666666666667	1.0	0.0	0.6742424242424242	1.0	1.0	0.0	0.0	0.0	1.0
25031	0.22408963585434175	0.6844070961718021	0.47992530345471524	0.7889822595704948	0.0	0.0	0.6162464985994398	0.6358543417366946	0.10270774976657329	1.0	1.0	0.5546218487394958	0.1942110177404295	0.0	0.8795518207282913	0.9822595704948646	0.0	1.0	0.8011204481792717	1.0	0.23062558356676005	0.0	0.8599439775910365	1.0
25032	0.0	0.4154351395730706	0.0	0.5320197044334976	0.0	0.0	0.32019704433497537	0.44991789819376027	0.0	0.9556650246305419	0.6091954022988506	0.0	0.0	0.5024630541871922	0.3842364532019704	0.8390804597701149	0.0	0.625615763546798	0.7011494252873564	0.8292282430213465	0.0	0.3136288998357964	0.548440065681445	0.7816091954022989
25033	0.0	0.7837150127226463	0.4198473282442748	0.916030534351145	0.0	0.0	0.9414758269720102	0.43765903307888043	0.0	0.9974554707379135	0.9720101781170484	0.0	0.0	0.0	0.9974554707379135	1.0	0.638676844783715	0.9974554707379135	0.9363867684478372	0.9796437659033079	0.0	0.0	0.9643765903307888	1.0
25034	0.0	0.6007326007326007	0.16483516483516483	1.0	0.0	0.0	0.8827838827838828	0.3553113553113553	0.0	0.9084249084249084	0.663003663003663	0.7765567765567766	0.5494505494505495	0.0	1.0	1.0	0.0	0.9047619047619048	0.5677655677655677	1.0	0.0	0.01098901098901099	0.6776556776556777	1.0
25035	0.0	0.6271929824561403	0.0	0.5921052631578947	0.0	0.0	0.0	0.40350877192982454	0.0	1.0	0.7543859649122807	0.8026315789473685	0.5614035087719298	0.0	1.0	0.9429824561403509	0.0	0.23684210526315788	0.9868421052631579	1.0	0.0	0.0	1.0	1.0
25036	0.0	0.6288659793814433	0.8694158075601375	0.8144329896907216	0.0	0.0	0.8247422680412371	0.31958762886597936	0.0	1.0	0.8591065292096219	0.8831615120274914	0.0	0.0	0.8419243986254296	0.738831615120275	0.0	1.0	0.41924398625429554	1.0	0.0	0.0	0.8969072164948454	1.0
25037	0.0	0.5531914893617021	0.13297872340425532	0.9929078014184397	0.0	0.0	0.7030141843971631	0.7863475177304965	0.0	1.0	0.8280141843971631	0.6764184397163121	0.0	0.09219858156028368	0.8120567375886525	0.9370567375886525	0.0	0.9601063829787234	0.599290780141844	1.0	0.0	0.18617021276595744	0.9459219858156028	1.0
25038	0.0	0.5874213836477987	0.1169811320754717	0.8314465408805032	0.0	0.0	0.869182389937107	0.24654088050314465	0.05786163522012579	1.0	0.8842767295597485	0.48553459119496856	0.0	0.0	1.0	1.0	0.0	0.989937106918239	0.48553459119496856	1.0	0.0	0.0	0.9874213836477987	1.0
25039	0.0	0.27218934911242604	0.0	0.6942800788954635	0.1992110453648915	0.0	0.7061143984220908	0.73767258382643	0.15581854043392504	0.9842209072978304	0.7495069033530573	0.358974358974359	0.0	0.0	0.7909270216962525	0.960552268244576	0.0	0.9940828402366864	0.0019723865877712033	1.0	0.0	0.0	0.9368836291913215	1.0
25040	0.0	0.7246376811594203	0.0	0.0	0.0	0.0	0.5869565217391305	1.0	0.0	1.0	0.8913043478260869	0.32608695652173914	0.0	0.7463768115942029	1.0	1.0	0.0	0.8478260869565217	0.35507246376811596	1.0	0.0	0.0	1.0	1.0
25041	0.0	0.7089371980676329	0.0	0.46980676328502413	0.0	0.0	0.5603864734299517	0.6932367149758454	0.0	1.0	0.9915458937198067	0.7596618357487923	0.15217391304347827	0.23429951690821257	0.9758454106280193	1.0	0.0	1.0	0.2463768115942029	1.0	0.0	0.0	0.894927536231884	1.0
25042	0.0	0.5095238095238095	0.0	1.0	0.0	0.0	0.43333333333333335	0.0	0.0	1.0	0.8857142857142857	0.3619047619047619	0.3142857142857143	0.0	1.0	1.0	0.0	1.0	0.8476190476190476	1.0	0.0	0.0	1.0	1.0
25043	0.0	0.7802469135802469	0.12098765432098765	0.654320987654321	0.0	0.0	0.4246913580246914	0.5876543209876544	0.19382716049382717	1.0	1.0	0.7234567901234568	0.18641975308641975	0.0	0.9901234567901235	1.0	0.0	1.0	0.2506172839506173	1.0	0.12962962962962962	0.0	0.9197530864197531	1.0
25044	0.0	0.3790849673202614	0.0	0.9477124183006536	0.0	0.3790849673202614	0.1111111111111111	0.7320261437908496	0.0	1.0	0.7712418300653595	0.6862745098039216	0.0	0.0	1.0	1.0	0.0	0.954248366013072	0.0	1.0	0.0	0.0	1.0	1.0
25045	0.0	0.4962962962962963	0.09333333333333334	0.7807407407407407	0.0	0.0	0.6014814814814815	0.502962962962963	0.0	1.0	0.8703703703703703	0.5755555555555556	0.20296296296296296	0.003703703703703704	0.8925925925925926	0.9392592592592592	0.0	0.7948148148148149	0.3688888888888889	1.0	0.0	0.0	0.8674074074074074	1.0
25046	0.0	0.3819951338199513	0.1575425790754258	0.6788321167883211	0.08698296836982969	0.0006082725060827251	0.6697080291970803	0.8315085158150851	0.0	0.9781021897810219	0.9470802919708029	0.6508515815085159	0.17883211678832117	0.10462287104622871	0.9969586374695864	0.9416058394160584	0.0	0.6824817518248175	0.6478102189781022	1.0	0.0	0.25547445255474455	0.8972019464720195	1.0
25047	0.0	1.0	0.0	0.45390070921985815	0.0	0.0	1.0	1.0	0.0	0.7446808510638298	0.5460992907801419	0.0	0.0	0.5035460992907801	0.8439716312056738	1.0	0.0	0.6382978723404256	1.0	1.0	0.0	0.0	0.6950354609929078	1.0
25048	0.0	0.4098360655737705	0.0	0.4426229508196721	0.0	0.0	0.6502732240437158	0.453551912568306	0.0	1.0	1.0	0.0	0.0	0.0	1.0	1.0	0.0	0.5300546448087432	0.37158469945355194	1.0	0.0	0.0	1.0	1.0
25049	0.0	0.5005192107995846	0.15472481827622014	0.9003115264797508	0.0	0.0	0.7736240913811008	0.6593977154724818	0.0	1.0	0.8961578400830738	0.3001038421599169	0.0	0.0	1.0	1.0	0.0	0.8006230529595015	0.37694704049844235	1.0	0.0	0.31360332294911736	0.9865005192107996	1.0
25050	0.0	0.6818181818181818	0.5235690235690236	0.9983164983164983	0.32154882154882153	0.0	0.7626262626262627	0.7255892255892256	0.0	1.0	1.0	0.6683501683501684	0.0	0.2828282828282828	0.9528619528619529	0.98989898989899	0.0	0.9040404040404041	0.803030303030303	0.9781144781144782	0.0	0.15656565656565657	0.9208754208754208	0.98989898989899
25051	0.6884057971014492	0.9927536231884058	0.6376811594202898	0.9710144927536232	0.0	0.7608695652173914	0.9565217391304348	0.9420289855072463	0.0	1.0	0.855072463768116	0.9855072463768116	0.9927536231884058	0.427536231884058	0.9927536231884058	1.0	0.9492753623188406	1.0	0.9855072463768116	1.0	0.0	0.9492753623188406	1.0	1.0
25052	0.4652777777777778	1.0	1.0	1.0	0.5763888888888888	0.16666666666666666	1.0	0.16666666666666666	0.0	1.0	1.0	1.0	0.8333333333333334	1.0	1.0	1.0	0.9791666666666666	1.0	1.0	1.0	0.2986111111111111	1.0	1.0	1.0
25053	0.0	1.0	1.0	1.0	0.4215686274509804	0.0	0.1568627450980392	1.0	0.7058823529411765	1.0	1.0	0.8872549019607843	1.0	0.5441176470588235	1.0	1.0	0.0	1.0	0.0196078431372549	1.0	0.7990196078431373	0.03431372549019608	1.0	1.0
25054	0.0	0.8135593220338984	0.9830508474576272	0.480225988700565	0.6440677966101694	0.0	0.20903954802259886	0.536723163841808	0.0	1.0	0.9717514124293786	0.5254237288135594	0.07909604519774012	0.8022598870056498	0.9717514124293786	0.9265536723163842	0.0	1.0	0.0	1.0	0.9717514124293786	0.3672316384180791	0.7966101694915254	1.0
25055	0.6306954436450839	0.13908872901678657	0.0	0.9688249400479616	0.42206235011990406	0.4460431654676259	0.8177458033573142	0.05515587529976019	0.0	1.0	0.6714628297362111	0.6882494004796164	0.5467625899280576	0.3764988009592326	1.0	0.9424460431654677	0.0	0.9064748201438849	1.0	1.0	0.0	0.0	0.9616306954436451	1.0
25056	0.0	0.6075949367088608	0.0	0.7510548523206751	0.0	0.43037974683544306	0.5063291139240507	1.0	0.0	1.0	0.5907172995780591	0.7172995780590717	0.0	0.0	0.679324894514768	1.0	0.0	1.0	0.4430379746835443	1.0	0.5021097046413502	0.6371308016877637	1.0	1.0
25057	0.16990291262135923	0.6949838187702265	0.21197411003236247	0.9644012944983819	0.08737864077669903	0.0	0.7119741100323624	0.7394822006472492	0.0	1.0	0.9724919093851133	0.06796116504854369	0.0	0.06796116504854369	0.988673139158576	0.9522653721682848	0.0	0.9587378640776699	0.6699029126213593	1.0	0.18527508090614886	0.0	0.9344660194174758	0.9878640776699029
25058	0.0	0.692090395480226	0.0	1.0	0.0	0.0	0.655367231638418	0.9576271186440678	0.06779661016949153	1.0	0.7401129943502824	0.8757062146892656	0.3220338983050847	0.3672316384180791	1.0	1.0	0.0	1.0	0.9124293785310734	1.0	0.0	0.5847457627118644	1.0	1.0
25059	0.0	0.8344086021505376	0.0	0.967741935483871	0.0	0.0	0.9827956989247312	0.8043010752688172	0.12258064516129032	1.0	0.9397849462365592	0.5956989247311828	0.0	0.0	0.9096774193548387	1.0	0.0	1.0	0.36774193548387096	1.0	0.0	0.0	0.7956989247311828	1.0
25060	0.0	0.5696969696969697	0.9757575757575757	1.0	0.806060606060606	0.9575757575757575	1.0	0.9212121212121213	0.8545454545454545	0.9151515151515152	0.9757575757575757	0.9878787878787879	1.0	0.9939393939393939	1.0	0.8787878787878788	0.0	0.9939393939393939	0.9757575757575757	1.0	0.7393939393939394	0.9151515151515152	0.9030303030303031	0.9939393939393939
25061	0.0	0.7976190476190477	0.0	0.8656462585034014	0.0	0.0	0.8605442176870748	0.47619047619047616	0.0	1.0	0.9761904761904762	0.20578231292517007	0.22108843537414966	0.15476190476190477	0.7840136054421769	1.0	0.0	1.0	0.2568027210884354	1.0	0.0	0.0	1.0	1.0
25062	0.0	0.23550724637681159	0.0	0.8478260869565217	0.0	0.0	0.9166666666666666	0.2427536231884058	0.0	1.0	0.9420289855072463	0.7210144927536232	0.0	0.0	0.9927536231884058	1.0	0.0	1.0	0.8695652173913043	1.0	0.34782608695652173	0.0	1.0	1.0
25063	0.1473889702293802	0.6266471449487555	0.22449975597852612	0.8272327964860908	0.0	0.04538799414348463	0.4753538311371401	0.5651537335285505	0.0	1.0	0.9658369936554417	0.3074670571010249	0.0	0.11859443631039532	0.9995119570522206	1.0	0.0	1.0	0.31429965836993656	1.0	0.09907271839921913	0.04636408003904344	0.9985358711566618	1.0
25064	0.0	0.45555555555555555	0.33650793650793653	0.7238095238095238	0.1634920634920635	0.0	0.7984126984126985	0.5777777777777777	0.0	1.0	0.8841269841269841	0.7174603174603175	0.0	0.13333333333333333	1.0	1.0	0.0	1.0	0.29365079365079366	1.0	0.0	0.03492063492063492	1.0	1.0
25065	0.0	0.3563218390804598	0.0	0.9490968801313628	0.0	0.0	0.9014778325123153	0.9655172413793104	0.0	1.0	1.0	0.7553366174055829	0.0	0.5697865353037767	1.0	1.0	0.0	1.0	0.80623973727422	1.0	0.1444991789819376	0.49589490968801314	0.9835796387520526	1.0
25066	0.0	0.02681992337164751	0.0	0.3103448275862069	0.0	0.0	0.7241379310344828	0.0	0.0	1.0	1.0	0.42911877394636017	0.0	0.16475095785440613	0.7509578544061303	1.0	0.0	0.9578544061302682	0.789272030651341	1.0	0.0	0.6475095785440613	1.0	1.0
25067	0.0	0.7965367965367965	0.0	0.9805194805194806	0.0	0.0	0.5584415584415584	0.6623376623376623	0.0	1.0	1.0	0.7077922077922078	0.0	0.021645021645021644	0.8441558441558441	1.0	0.0	0.8679653679653679	0.3354978354978355	1.0	0.0	0.0	0.8961038961038961	1.0
25068	0.0	0.7828746177370031	0.0	1.0	0.0	0.0	0.5076452599388379	0.944954128440367	0.0	1.0	0.9143730886850153	0.8929663608562691	0.26299694189602446	0.0	1.0	1.0	0.0	1.0	0.38837920489296635	1.0	0.0	0.0	1.0	1.0
25069	0.11098860712973171	0.619625137816979	0.21866960676221978	0.8118338846012495	0.0	0.03969128996692393	0.8019110621095186	0.7137081955163542	0.03013597941933113	1.0	0.8772510106578464	0.4954061006982727	0.04152884968761485	0.1583976479235575	0.9680264608599779	1.0	0.0	1.0	0.6262403528114664	1.0	0.1447997059904447	0.18338846012495405	0.8831312017640573	1.0
25070	0.0	0.0	0.0	1.0	0.0	0.0	0.0	0.22549019607843138	0.0	0.9803921568627451	1.0	0.16666666666666666	0.0	0.0	0.7745098039215687	1.0	0.0	0.058823529411764705	0.0	0.9803921568627451	0.0	0.0	0.7745098039215687	1.0
25071	0.0	0.2809917355371901	0.0	0.8760330578512396	0.0	0.0	0.8292011019283747	0.0	0.22589531680440772	0.8677685950413223	0.7245179063360881	0.05785123966942149	0.0	0.0	0.6253443526170799	0.8870523415977961	0.0	0.5179063360881543	0.0	0.9807162534435262	0.0	0.0	0.9256198347107438	0.9807162534435262
25072	0.0	0.8222222222222222	0.3619047619047619	0.7015873015873015	0.09841269841269841	0.3523809523809524	0.8380952380952381	0.7777777777777778	0.0	1.0	0.9238095238095239	0.7619047619047619	0.0	0.0	1.0	1.0	0.0	1.0	0.4984126984126984	1.0	0.0	0.0	0.8126984126984127	1.0
25073	0.0	0.285140562248996	0.0	0.8855421686746988	0.0	0.1646586345381526	1.0	0.5522088353413654	0.0	1.0	1.0	0.7590361445783133	0.3413654618473896	0.12048192771084337	0.9919678714859438	1.0	0.0	1.0	0.9718875502008032	1.0	0.0	0.0	1.0	1.0
25074	0.0	0.20714285714285716	0.48333333333333334	1.0	0.0	0.0	0.35	0.7595238095238095	0.0	1.0	0.7166666666666667	0.1380952380952381	0.0	0.26666666666666666	0.9357142857142857	1.0	0.0	1.0	0.5785714285714286	1.0	0.28095238095238095	0.11904761904761904	0.9952380952380953	1.0
25075	0.4666666666666667	0.6928571428571428	0.0	0.8857142857142857	0.4523809523809524	0.0	0.6833333333333333	0.9523809523809523	0.0	1.0	0.9571428571428572	0.19047619047619047	0.0	0.0	1.0	1.0	0.0	1.0	0.8714285714285714	1.0	0.580952380952381	0.4452380952380952	0.85	1.0
25076	0.0	0.8237547892720306	0.0	1.0	0.31992337164750956	0.29118773946360155	0.9233716475095786	0.5977011494252874	0.5306513409961686	1.0	0.7624521072796935	0.4272030651340996	0.0	0.29118773946360155	0.7796934865900383	0.9885057471264368	0.0	0.9616858237547893	0.289272030651341	1.0	0.0	0.2662835249042146	0.7222222222222222	1.0
25077	0.37844611528822053	0.7255639097744361	0.18922305764411027	0.7017543859649122	0.18045112781954886	0.13533834586466165	0.8170426065162907	0.9385964912280702	0.0	0.9060150375939849	0.9974937343358395	0.2957393483709273	0.0	0.0	0.9335839598997494	0.9837092731829574	0.0	0.9385964912280702	0.31954887218045114	1.0	0.0	0.0	0.7518796992481203	0.918546365914787
25078	0.0	0.0	0.0	0.0	0.0	0.0	0.7212121212121212	0.5878787878787879	0.0	0.7696969696969697	0.9818181818181818	0.0	0.0	0.36363636363636365	0.7696969696969697	0.7393939393939394	0.0	0.0	0.4666666666666667	0.9151515151515152	0.0	0.0	0.9818181818181818	0.7272727272727273
25079	0.6279761904761905	1.0	0.4494047619047619	1.0	0.0	0.38392857142857145	0.9791666666666666	0.8363095238095238	0.0	1.0	1.0	0.9196428571428571	0.0	0.020833333333333332	1.0	1.0	0.0	1.0	1.0	1.0	0.8452380952380952	0.0	1.0	1.0
25080	0.0	0.37404580152671757	0.0	0.7862595419847328	0.0	0.0	0.24936386768447838	0.089058524173028	0.0	1.0	0.9211195928753181	0.5089058524173028	0.0	0.0	0.5139949109414759	1.0	0.0	1.0	0.9363867684478372	1.0	0.12213740458015267	0.0	0.9796437659033079	1.0
25081	0.19658119658119658	0.7712031558185405	0.12754766600920447	0.9737015121630507	0.0992767915844839	0.0	0.9894806048652203	0.8941485864562788	0.0	1.0	0.903353057199211	0.5187376725838264	0.10256410256410256	0.11965811965811966	0.9704142011834319	0.9947403024326101	0.0	1.0	0.8014464168310322	1.0	0.2616699539776463	0.0992767915844839	0.8704799474030244	1.0
25082	0.0	0.11940298507462686	0.7512437810945274	0.0	0.0	0.0	0.0	0.0	0.0	0.9950248756218906	1.0	0.2835820895522388	0.0	0.0	0.0945273631840796	0.8955223880597015	0.0	1.0	0.0	1.0	0.0	0.0	0.6666666666666666	1.0
25083	0.0	0.49122807017543857	0.8771929824561403	1.0	0.0	0.0	0.39766081871345027	0.9824561403508771	0.0	1.0	0.49122807017543857	0.0	1.0	0.0	0.9941520467836257	1.0	0.0	1.0	1.0	1.0	0.0	0.0	0.4093567251461988	1.0
25084	0.0	1.0	1.0	1.0	0.0	0.0	0.6666666666666666	0.9906103286384976	0.0	1.0	1.0	0.7699530516431925	0.5070422535211268	0.0	1.0	1.0	0.0	1.0	0.18779342723004694	1.0	0.0	0.0	1.0	1.0
25085	0.0	1.0	0.47794117647058826	0.9411764705882353	0.3014705882352941	0.3627450980392157	0.8553921568627451	0.7671568627450981	0.0	1.0	1.0	0.8235294117647058	0.0	0.45098039215686275	1.0	1.0	0.0	1.0	1.0	1.0	0.0	0.08088235294117647	1.0	1.0
25086	0.0	0.6169590643274854	0.5321637426900585	0.5789473684210527	0.0	0.0	0.9269005847953217	0.5087719298245614	0.0	1.0	0.5964912280701754	0.3654970760233918	0.0	0.2953216374269006	0.9385964912280702	0.9883040935672515	0.0	0.8771929824561403	0.4444444444444444	1.0	0.0	0.4415204678362573	0.9385964912280702	0.9093567251461988
25087	0.0	0.39705882352941174	0.0	1.0	0.0	0.0	1.0	0.8529411764705882	0.0	1.0	1.0	0.35294117647058826	0.0	0.0	1.0	1.0	0.0	1.0	0.0	1.0	0.0	0.0	0.9705882352941176	1.0
25088	0.0	0.7450980392156863	0.24019607843137256	0.9754901960784313	0.0	0.0	0.8480392156862745	1.0	0.0	1.0	1.0	0.8627450980392157	0.0	0.28921568627450983	1.0	1.0	0.0	1.0	0.7401960784313726	1.0	0.0	0.0	1.0	1.0
25089	0.0	0.9418960244648318	0.4724770642201835	1.0	0.0	0.0	1.0	1.0	0.0	1.0	1.0	0.8103975535168195	0.0	0.00764525993883792	0.9801223241590215	1.0	0.0	1.0	0.4969418960244648	1.0	0.0	0.0	1.0	1.0
25090	0.0	0.9722222222222222	0.0	0.8676470588235294	0.24673202614379086	0.0	0.4722222222222222	0.5882352941176471	0.0	1.0	0.5833333333333334	0.47875816993464054	0.28594771241830064	0.0	0.9150326797385621	1.0	0.0	1.0	0.6339869281045751	1.0	0.0	0.0	1.0	1.0
25091	0.0	1.0	0.0	1.0	0.0	0.0	0.6292134831460674	1.0	0.0	1.0	0.352059925093633	0.7790262172284644	0.0	0.0	0.7602996254681648	0.8164794007490637	0.0	0.4044943820224719	0.0	1.0	0.0	0.0	1.0	1.0
25092	0.0	0.4894179894179894	0.0	0.9735449735449735	0.46296296296296297	0.0	0.5317460317460317	0.4126984126984127	0.0	1.0	0.8994708994708994	0.4312169312169312	0.0	0.1931216931216931	0.8201058201058201	1.0	0.0	1.0	1.0	1.0	0.0	0.0	0.9708994708994709	1.0
25093	0.0	0.5178571428571429	0.0	0.0	0.0	0.0	0.3392857142857143	1.0	0.0	1.0	0.8035714285714286	0.9642857142857143	0.0	0.0	0.8392857142857143	1.0	0.0	1.0	0.21428571428571427	1.0	0.0	0.26785714285714285	1.0	1.0
25094	0.0	0.4940098661028894	0.1536293164200141	0.7244538407329105	0.0	0.004228329809725159	0.8266384778012685	0.5898520084566596	0.06272022551092318	1.0	0.9436222692036645	0.7364341085271318	0.06694855532064835	0.06412966878083157	0.857646229739253	1.0	0.1726568005637773	1.0	0.6673713883016209	1.0	0.0	0.49612403100775193	0.9323467230443975	1.0
25095	0.45295404814004375	0.8227571115973742	0.5477753464624362	0.8052516411378556	0.4150255288110868	0.11013858497447118	0.8329686360320934	0.5660102115244348	0.11597374179431072	1.0	0.8796498905908097	0.6644784828592268	0.7199124726477024	0.5288110867979577	1.0	1.0	0.0	1.0	0.8424507658643327	1.0	0.5193289569657185	0.46097738876732314	0.9948942377826404	1.0
25096	0.0	1.0	0.0	1.0	0.0	0.0	0.3384615384615385	1.0	0.0	1.0	1.0	1.0	0.0	0.441025641025641	0.4	1.0	0.0	1.0	0.7743589743589744	1.0	0.0	0.0	1.0	1.0
25097	0.0	0.846441947565543	0.0	1.0	0.14856429463171036	0.0	0.6991260923845194	0.9375780274656679	0.0	0.9875156054931336	0.9463171036204744	0.5917602996254682	0.0	0.0	0.9500624219725343	1.0	0.0	1.0	0.9225967540574282	1.0	0.16604244694132334	0.0	0.9925093632958801	1.0
25098	0.0	0.8471720818291215	0.0	0.8483754512635379	0.0	0.0	0.6678700361010831	0.5667870036101083	0.26353790613718414	0.9975932611311673	0.9891696750902527	0.48736462093862815	0.0	0.10589651022864019	0.8676293622141997	1.0	0.0	1.0	0.6004813477737665	0.937424789410349	0.1263537906137184	0.0	0.8531889290012034	1.0
25099	0.0	0.5131086142322098	0.0	0.6104868913857678	0.0	0.0	0.797752808988764	0.0	0.0	1.0	0.40823970037453183	0.5617977528089888	0.0	0.0	0.7078651685393258	1.0	0.0	0.9550561797752809	0.29213483146067415	1.0	0.0	0.0	0.9962546816479401	1.0
25100	0.0	0.3261955745895789	0.24339757316202712	0.7758743754461099	0.06209850107066381	0.0	0.755174875089222	0.5538900785153462	0.0	1.0	0.8857958600999286	0.5745895788722342	0.14061384725196288	0.0	1.0	1.0	0.0	0.9129193433261956	0.7316202712348323	1.0	0.14489650249821556	0.2633832976445396	0.9514632405424697	1.0
25101	0.0	0.6714060031595577	0.2480252764612954	0.8151658767772512	0.0	0.0	0.9004739336492891	0.7140600315955766	0.14691943127962084	1.0	0.7693522906793049	0.22748815165876776	0.0	0.0	0.9052132701421801	0.9273301737756714	0.0	0.9936808846761453	0.7109004739336493	1.0	0.0	0.0	0.7472353870458136	1.0
25102	0.0	0.9065040650406504	0.241869918699187	0.6341463414634146	0.0	0.0	0.8638211382113821	0.9105691056910569	0.0	1.0	0.983739837398374	0.2032520325203252	0.0	0.0	0.926829268292683	1.0	0.6138211382113821	1.0	0.4491869918699187	1.0	0.17479674796747968	0.0	0.9207317073170732	1.0
25103	0.0	0.5042735042735043	0.2022792022792023	1.0	0.0	0.0	1.0	0.0	0.0	1.0	1.0	0.2336182336182336	0.0	0.0	0.8176638176638177	1.0	0.0	0.6495726495726496	1.0	1.0	0.0	0.0	1.0	1.0
25104	0.0	0.7228915662650602	0.0	0.7429718875502008	0.0	0.0	0.7108433734939759	0.7991967871485943	0.0	1.0	1.0	0.3855421686746988	0.0	0.0	1.0	0.39357429718875503	0.0	0.9357429718875502	0.8192771084337349	1.0	0.357429718875502	0.0	0.6706827309236948	1.0
25105	0.0	0.0	0.0	0.7432098765432099	0.0	0.0	0.9703703703703703	0.2839506172839506	0.0	0.9925925925925926	0.6148148148148148	0.4024691358024691	0.0	0.0	0.8469135802469135	1.0	0.0	0.928395061728395	1.0	1.0	0.30617283950617286	0.28641975308641976	1.0	1.0
25106	0.0	0.8058608058608059	0.42124542124542125	0.8315018315018315	0.0	0.0	0.9230769230769231	0.3772893772893773	0.0	1.0	0.8754578754578755	0.9853479853479854	0.0	0.4652014652014652	0.6886446886446886	1.0	0.0	1.0	0.9963369963369964	1.0	0.0	0.0	0.8241758241758241	1.0
25107	0.0	0.29555555555555557	0.19777777777777777	0.5844444444444444	0.0	0.0	0.9422222222222222	0.1	0.022222222222222223	0.9977777777777778	0.38222222222222224	0.9977777777777778	0.0	0.7933333333333333	0.9933333333333333	1.0	0.0	0.9511111111111111	0.64	1.0	0.0	0.6311111111111111	0.7	0.9977777777777778
25108	0.0	0.96875	0.0	1.0	0.3611111111111111	0.0	0.4201388888888889	0.5451388888888888	0.0	1.0	1.0	0.017361111111111112	0.0	0.0	0.5555555555555556	1.0	0.0	1.0	0.9618055555555556	1.0	0.0	0.0	1.0	1.0
25109	0.48261758691206547	0.9284253578732107	0.0	1.0	0.6134969325153374	0.0	0.934560327198364	0.49693251533742333	0.0	1.0	1.0	0.7955010224948875	0.0	0.1492842535787321	1.0	1.0	0.0	0.9611451942740287	0.7975460122699386	1.0	0.11247443762781185	0.0	0.7423312883435583	1.0
25110	0.0	0.0	0.3270440251572327	0.7012578616352201	0.5062893081761006	0.0	0.0	0.33647798742138363	0.0	1.0	1.0	0.0	0.0	0.0	0.8805031446540881	1.0	0.0	0.9874213836477987	0.8176100628930818	1.0	0.0	0.0	0.8238993710691824	1.0
25111	0.0	0.7681159420289855	0.21316425120772947	0.9045893719806763	0.13768115942028986	0.0	0.8272946859903382	0.6835748792270532	0.0	1.0	0.7167874396135265	0.4251207729468599	0.0	0.0	0.9064009661835749	1.0	0.0	0.9214975845410628	0.41545893719806765	1.0	0.0	0.2469806763285024	0.8115942028985508	1.0
25112	0.0	0.6333333333333333	0.029166666666666667	0.9277777777777778	0.0	0.0	0.6055555555555555	0.5777777777777777	0.0	0.9472222222222222	0.8319444444444445	0.5041666666666667	0.0	0.24305555555555555	0.9138888888888889	1.0	0.0	1.0	0.3236111111111111	0.9777777777777777	0.0	0.20972222222222223	0.7722222222222223	1.0
25113	0.0	0.6288288288288288	0.1945945945945946	0.872072072072072	0.0	0.0	0.9603603603603603	0.9153153153153153	0.0	1.0	0.9153153153153153	0.33513513513513515	0.0	0.4018018018018018	1.0	0.9441441441441442	0.0	1.0	0.36036036036036034	1.0	0.0	0.0	0.7639639639639639	0.9747747747747748
25114	0.0	0.9215686274509803	0.6797385620915033	1.0	0.0	0.0	0.6993464052287581	1.0	0.0	1.0	1.0	0.2549019607843137	0.0	0.0	1.0	1.0	0.0	0.8300653594771242	0.9738562091503268	1.0	0.0	0.0	1.0	1.0
25115	0.0	0.9743589743589743	0.0	1.0	0.0	0.41025641025641024	0.9120879120879121	0.01098901098901099	0.0	1.0	1.0	0.6263736263736264	0.0	0.31135531135531136	1.0	1.0	0.41025641025641024	1.0	0.9487179487179487	1.0	0.0	0.0	1.0	1.0
25116	0.0	0.8660130718954249	0.24183006535947713	0.826797385620915	0.21895424836601307	0.0	0.7908496732026143	0.5588235294117647	0.0	1.0	0.9183006535947712	0.4934640522875817	0.4934640522875817	0.7810457516339869	1.0	1.0	0.0	1.0	0.8823529411764706	1.0	0.0	0.0	0.9509803921568627	1.0
25117	0.0	0.7398373983739838	0.3853658536585366	0.12032520325203253	0.0	0.0	0.23089430894308943	0.0	0.0	1.0	0.5040650406504065	0.15447154471544716	0.0	0.0	0.7333333333333333	0.9772357723577236	0.0	0.8878048780487805	0.5203252032520326	1.0	0.0	0.0	0.4276422764227642	1.0
25118	0.0	0.2111111111111111	0.5296296296296297	0.44074074074074077	0.0	0.0	0.3037037037037037	0.0	0.0	0.8740740740740741	0.774074074074074	0.3888888888888889	0.0	0.0	0.35185185185185186	1.0	0.0	0.7222222222222222	0.3888888888888889	0.9185185185185185	0.43333333333333335	0.0	0.4925925925925926	0.9851851851851852
25119	0.0	0.7310606060606061	0.0	0.9962121212121212	0.3068181818181818	0.0	0.9583333333333334	0.6704545454545454	0.0	1.0	0.44696969696969696	0.7083333333333334	0.0	0.5757575757575758	0.9696969696969697	0.9583333333333334	0.0	0.9962121212121212	0.6174242424242424	0.9772727272727273	0.0	0.0	0.8484848484848485	0.9772727272727273
25120	0.0	0.9701492537313433	0.46766169154228854	0.7412935323383084	0.0	0.0	0.8134328358208955	1.0	0.0	1.0	1.0	0.2736318407960199	0.0	0.0	0.9303482587064676	1.0	0.0	0.4925373134328358	0.0	1.0	0.5771144278606966	0.0	0.8383084577114428	1.0
25121	0.36260162601626017	0.6130081300813008	0.0	0.44715447154471544	0.1967479674796748	0.0	0.816260162601626	0.6325203252032521	0.0	1.0	0.9154471544715447	0.5447154471544715	0.0	0.11056910569105691	1.0	1.0	0.0	1.0	0.0	1.0	0.0	0.656910569105691	0.8780487804878049	1.0
25122	0.8888888888888888	0.0	0.4506172839506173	0.5864197530864198	0.0	0.0	1.0	0.0	0.0	1.0	1.0	0.5308641975308642	0.0	0.0	0.41358024691358025	1.0	0.0	0.8209876543209876	0.5864197530864198	1.0	0.5864197530864198	0.0	0.09259259259259259	1.0
25123	0.0	0.6705246913580247	0.4513888888888889	0.9976851851851852	0.10185185185185185	0.05015432098765432	0.9174382716049383	0.8271604938271605	0.09104938271604938	1.0	1.0	0.5972222222222222	0.07561728395061729	0.20987654320987653	0.9537037037037037	1.0	0.2029320987654321	0.9691358024691358	0.7399691358024691	1.0	0.0	0.30787037037037035	0.9197530864197531	1.0
25124	0.0	0.918200408997955	0.27607361963190186	0.7709611451942741	0.0	0.0	0.7995910020449898	0.6094069529652352	0.0	1.0	0.8711656441717791	0.3660531697341513	0.19222903885480572	0.0	0.9979550102249489	1.0	0.0	0.278118609406953	0.2474437627811861	1.0	0.0	0.24130879345603273	1.0	1.0
25125	0.06951026856240126	0.627172195892575	0.42890995260663506	0.9581358609794629	0.0	0.08688783570300158	0.7717219589257504	0.471563981042654	0.0	1.0	0.976303317535545	0.6066350710900474	0.09557661927330174	0.05924170616113744	1.0	1.0	0.0	1.0	0.5679304897314376	1.0	0.14139020537124802	0.20537124802527645	0.9241706161137441	1.0
25126	0.0	0.8412698412698413	0.708994708994709	0.9378306878306878	0.0	0.10714285714285714	0.7156084656084656	0.4708994708994709	0.0	1.0	0.921957671957672	0.30158730158730157	0.20634920634920634	0.10714285714285714	1.0	1.0	0.0	1.0	0.5396825396825397	1.0	0.12566137566137567	0.0	0.9722222222222222	1.0
25127	0.4108843537414966	0.2965986394557823	0.23673469387755103	0.5183673469387755	0.0	0.0	0.9183673469387755	0.4054421768707483	0.0	1.0	1.0	0.15918367346938775	0.23129251700680273	0.30612244897959184	0.9333333333333333	1.0	0.35918367346938773	1.0	0.8530612244897959	1.0	0.0	0.0	1.0	1.0
25128	0.0	0.4501915708812261	0.0	1.0	0.0	0.0	0.946360153256705	0.896551724137931	0.0	1.0	1.0	0.31992337164750956	0.578544061302682	0.0	0.9885057471264368	1.0	0.16283524904214558	0.9770114942528736	0.9080459770114943	1.0	0.0	0.0	0.5747126436781609	1.0
25129	0.0	0.7297734627831716	0.0	1.0	0.0	0.0	1.0	1.0	0.0	1.0	0.8495145631067961	0.4029126213592233	0.21035598705501618	0.0	0.9029126213592233	1.0	0.17313915857605178	0.8576051779935275	0.6003236245954693	1.0	0.0	0.0	0.8915857605177994	1.0
25130	0.0	0.6769911504424779	0.2079646017699115	0.7861356932153393	0.0	0.0	0.551622418879056	0.6548672566371682	0.0	0.948377581120944	0.3230088495575221	0.45427728613569324	0.0	0.1430678466076696	0.8510324483775811	0.9985250737463127	0.0	0.9424778761061947	0.9631268436578171	0.971976401179941	0.0	0.3112094395280236	0.7890855457227138	1.0
25131	0.0	0.0	0.0	0.7089201877934272	0.0	0.0	0.0	0.8685446009389671	0.0	0.38028169014084506	0.9530516431924883	0.6619718309859155	0.6901408450704225	0.0	0.6948356807511737	1.0	0.0	0.9906103286384976	0.3380281690140845	0.9765258215962441	0.0	0.0	0.7981220657276995	1.0
25132	0.0	0.719047619047619	0.0	0.7714285714285715	0.0	0.0	0.6238095238095238	0.23333333333333334	0.0	1.0	0.8761904761904762	0.46190476190476193	0.0	0.0	1.0	1.0	0.0	1.0	1.0	1.0	0.0	0.0	0.6190476190476191	1.0
25133	0.0	0.26515151515151514	0.6553030303030303	0.9734848484848485	0.0	0.0	0.7045454545454546	0.3484848484848485	0.0	1.0	0.5113636363636364	0.0	0.10984848484848485	0.0	1.0	1.0	0.0	1.0	0.6856060606060606	1.0	0.0	0.0	0.9166666666666666	1.0
25134	0.0	1.0	0.0	1.0	0.0	0.0	0.26229508196721313	0.45901639344262296	0.0	1.0	0.8797814207650273	0.7978142076502732	0.0	0.0	1.0	1.0	0.0	1.0	1.0	1.0	0.0	0.3551912568306011	1.0	1.0
25135	0.0	0.9905660377358491	0.2672955974842767	0.9685534591194969	0.0	0.0	0.5188679245283019	0.6509433962264151	0.0	1.0	1.0	0.0	0.34276729559748426	0.0	1.0	1.0	0.0	1.0	0.9654088050314465	1.0	0.0	0.0	1.0	1.0
25136	0.0	1.0	0.626746506986028	1.0	0.0	0.313373253493014	0.7065868263473054	0.7524950099800399	0.0	1.0	1.0	0.8582834331337326	0.0	0.0	1.0	1.0	0.0	0.936127744510978	0.8223552894211577	1.0	0.25149700598802394	0.0	1.0	1.0
25137	0.0	0.35142118863049093	0.5400516795865633	0.4418604651162791	0.0	0.0	0.5322997416020672	0.046511627906976744	0.0	0.8217054263565892	0.6124031007751938	0.27906976744186046	0.0	0.0	1.0	1.0	0.0	0.5503875968992248	0.21963824289405684	1.0	0.0	0.0	0.8423772609819121	1.0
25138	0.0	0.0	0.0	0.2764227642276423	0.0	0.0	0.5338753387533876	0.4905149051490515	0.0	1.0	0.6829268292682927	0.8238482384823849	0.0	0.0	1.0	1.0	0.0	0.8834688346883469	0.34959349593495936	1.0	0.16802168021680217	0.0	0.8726287262872628	1.0
25139	0.0	0.08536585365853659	0.0	0.21544715447154472	0.0	0.0	0.0	0.8821138211382114	0.0	1.0	0.33739837398373984	0.4959349593495935	0.0	0.0	1.0	1.0	0.0	1.0	1.0	1.0	0.45528455284552843	0.0	1.0	1.0
25140	0.0	0.5628415300546448	0.0	1.0	0.0	0.5901639344262295	0.0	0.3770491803278688	0.0	1.0	0.8306010928961749	0.01639344262295082	0.0	0.0	1.0	1.0	0.0	1.0	0.20765027322404372	1.0	0.0	0.0	0.7978142076502732	1.0
25141	0.0	0.39555555555555555	0.06444444444444444	0.6666666666666666	0.0	0.0	0.5711111111111111	0.9555555555555556	0.0	1.0	1.0	0.9177777777777778	0.0	0.2511111111111111	0.9933333333333333	0.9355555555555556	0.0	1.0	0.6711111111111111	1.0	0.0	0.0	0.9533333333333334	1.0
25142	0.0	0.3188405797101449	0.028985507246376812	0.09057971014492754	0.0	0.0	1.0	0.213768115942029	0.0	1.0	0.8007246376811594	0.5	0.0	0.028985507246376812	0.5543478260869565	1.0	0.0	1.0	0.5108695652173914	1.0	0.0	0.0	1.0	1.0
25143	0.0	0.9366391184573003	0.39669421487603307	0.9834710743801653	0.0	0.0	0.9476584022038568	0.7796143250688705	0.0	1.0	0.6088154269972452	0.3939393939393939	0.0	0.26170798898071623	0.9834710743801653	1.0	0.0	1.0	0.38016528925619836	1.0	0.1790633608815427	0.0	0.8071625344352618	1.0
25144	0.0	0.9906759906759907	0.358974358974359	1.0	0.49417249417249415	0.0	0.9627039627039627	0.5617715617715617	0.0	1.0	1.0	0.8135198135198135	0.0	0.0	0.986013986013986	1.0	0.0	0.9953379953379954	0.703962703962704	1.0	0.0	0.0	0.717948717948718	1.0
25145	0.0	0.841025641025641	0.041025641025641026	0.9487179487179487	0.07692307692307693	0.0	0.9179487179487179	0.5794871794871795	0.0	1.0	1.0	0.8846153846153846	0.0	0.0	0.9102564102564102	1.0	0.0	1.0	0.34615384615384615	1.0	0.0	0.0	0.7512820512820513	1.0
25146	0.0	0.19499341238471674	0.19894598155467721	0.8616600790513834	0.0	0.0	0.9209486166007905	0.2924901185770751	0.0	0.9617918313570487	0.9934123847167325	0.14624505928853754	0.0	0.0	0.9314888010540184	1.0	0.0	0.994729907773386	0.7812911725955204	1.0	0.0	0.0	0.9512516469038208	1.0
25147	0.0	0.0	0.0	0.8293241695303551	0.09507445589919816	0.0	0.6116838487972509	0.5337915234822451	0.0	1.0	0.4856815578465063	0.4650630011454754	0.0	0.27033218785796104	0.9152348224513173	1.0	0.0	0.847651775486827	0.7399770904925544	1.0	0.143184421534937	0.0	0.9129438717067583	1.0
25148	0.0	0.0	0.0	0.9029535864978903	0.0	0.0	0.8755274261603375	0.41350210970464135	0.0	1.0	0.8270042194092827	0.1751054852320675	0.40717299578059074	0.0	0.8881856540084389	1.0	0.0	1.0	0.8502109704641351	1.0	0.0	0.0	1.0	1.0
25149	0.0	0.0	0.0	0.6274509803921569	0.0	0.0	0.0	0.0	0.0	1.0	0.1715686274509804	0.0	0.0	0.0	0.6470588235294118	0.3872549019607843	0.0	0.5049019607843137	0.75	0.9852941176470589	0.0	0.3284313725490196	0.8235294117647058	0.004901960784313725
25150	0.0	0.27309236947791166	0.285140562248996	0.606425702811245	0.0	0.0	0.0	0.606425702811245	0.0	0.963855421686747	0.5140562248995983	0.0	0.0	0.0	0.43775100401606426	0.7550200803212851	0.0	0.7108433734939759	0.0	1.0	0.0	0.0	0.9116465863453815	1.0
25151	0.0	1.0	0.6300813008130082	0.6463414634146342	0.0	0.0	0.0	0.2886178861788618	0.0	1.0	1.0	0.0	0.0	0.0	1.0	0.9715447154471545	0.0	1.0	0.7154471544715447	1.0	0.0	0.0	0.9065040650406504	1.0
25152	0.0	0.819634703196347	0.2328767123287671	0.9360730593607306	0.5388127853881278	0.0	0.8995433789954338	0.730593607305936	0.0	1.0	1.0	0.8561643835616438	0.0	0.1141552511415525	1.0	1.0	0.0	1.0	0.8949771689497716	1.0	0.0	0.0	0.908675799086758	1.0
25153	0.0	0.7510416666666667	0.6875	0.8958333333333334	0.0	0.0	0.7927083333333333	0.9072916666666667	0.0	1.0	0.8791666666666667	0.5447916666666667	0.0	0.0	0.9739583333333334	0.9895833333333334	0.0	0.928125	0.646875	1.0	0.0	0.13541666666666666	0.9197916666666667	1.0
25154	0.4793650793650794	1.0	0.8126984126984127	0.06031746031746032	0.5746031746031746	0.0	0.9904761904761905	0.6698412698412698	0.0	1.0	1.0	0.30158730158730157	0.0	0.0	1.0	1.0	0.0	1.0	0.8317460317460318	1.0	0.0	0.6698412698412698	1.0	1.0
25155	0.0	1.0	0.30383480825958703	1.0	0.0	0.0	0.44542772861356933	0.061946902654867256	0.0	1.0	0.9498525073746312	0.4306784660766962	0.0	0.4365781710914454	1.0	1.0	0.0	1.0	1.0	1.0	0.0	0.0	1.0	1.0
25156	0.0	1.0	0.0	0.7350427350427351	0.0	0.0	0.0	0.0	0.0	1.0	0.5384615384615384	0.0	0.0	0.0	0.9572649572649573	1.0	0.0	1.0	0.6666666666666666	1.0	0.0	0.0	1.0	1.0
25157	0.0	1.0	0.2571428571428571	0.9714285714285714	0.0	0.0	0.7261904761904762	0.888095238095238	0.0	1.0	1.0	0.6452380952380953	0.0	0.2523809523809524	1.0	1.0	0.0	1.0	0.9785714285714285	1.0	0.5404761904761904	0.0	1.0	1.0
25158	0.0	0.9638364779874213	0.2940251572327044	0.7751572327044025	0.0	0.0	0.8349056603773585	0.8663522012578616	0.0	1.0	1.0	0.33176100628930816	0.20754716981132076	0.0	0.9732704402515723	1.0	0.0	0.9858490566037735	0.9213836477987422	1.0	0.0	0.0	1.0	1.0
25159	0.0	0.0	0.6226415094339622	0.6226415094339622	0.0	0.0	0.16352201257861634	0.3333333333333333	0.0	1.0	1.0	0.0	0.0	0.0	1.0	1.0	0.0	0.3018867924528302	0.8364779874213837	1.0	0.1509433962264151	0.0	1.0	1.0
25160	0.0	0.0	0.0	0.7489711934156379	0.0	0.0	0.0	0.0	0.0	1.0	0.0	0.0	0.0	0.0	0.6707818930041153	0.2757201646090535	0.0	0.0	0.0	1.0	0.0	0.0	0.3991769547325103	0.0
25161	0.0	0.5488888888888889	0.5333333333333333	0.40444444444444444	0.0	0.0	0.5777777777777777	0.6155555555555555	0.0	1.0	0.6711111111111111	0.2288888888888889	0.3711111111111111	0.0	0.82	0.7177777777777777	0.0	0.9511111111111111	0.9022222222222223	0.9977777777777778	0.0	0.0	0.7844444444444445	1.0
25162	0.0	0.13580246913580246	0.0	0.8744855967078189	0.0	0.0	0.5740740740740741	0.18106995884773663	0.588477366255144	1.0	1.0	0.4835390946502058	0.0	0.0	0.9876543209876543	1.0	0.0	0.8991769547325102	0.7818930041152263	1.0	0.0	0.0	0.757201646090535	1.0
25163	0.0	0.7567567567567568	0.27627627627627627	0.44144144144144143	0.0	0.0	0.7327327327327328	1.0	0.0	0.9429429429429429	1.0	0.06906906906906907	0.0	0.0	0.6996996996996997	1.0	0.0	0.7747747747747747	1.0	1.0	0.0	0.0	0.8798798798798799	1.0
25164	0.0	0.8614379084967321	0.3176470588235294	0.6758169934640523	0.0	0.0	0.7660130718954249	0.7790849673202614	0.0	0.9594771241830066	0.6065359477124183	0.7633986928104575	0.0	0.29411764705882354	0.9137254901960784	1.0	0.0	0.7830065359477124	0.8915032679738563	1.0	0.0	0.0	0.8222222222222222	1.0
25165	0.0	0.20634920634920634	0.0	0.0	0.0	0.0	0.0	0.5158730158730159	0.0	0.9523809523809523	0.0	0.0	0.0	0.0	0.0	1.0	0.0	0.9920634920634921	0.0	0.9920634920634921	0.0	0.0	1.0	0.8571428571428571
25166	0.0	0.5287356321839081	0.0	1.0	0.0	0.0	0.5402298850574713	1.0	0.0	1.0	0.7011494252873564	0.47126436781609193	0.0	0.47126436781609193	1.0	1.0	0.0	1.0	0.9942528735632183	1.0	0.0	0.0	1.0	1.0
25167	0.0	0.37526881720430105	0.16236559139784945	0.9838709677419355	0.0	0.0	0.7806451612903226	0.613978494623656	0.02795698924731183	1.0	0.9548387096774194	0.8720430107526882	0.19032258064516128	0.524731182795699	1.0	1.0	0.0	0.9903225806451613	0.7236559139784946	1.0	0.1043010752688172	0.0	0.9774193548387097	1.0
25168	0.0	0.965194109772423	0.058902275769745646	0.7269076305220884	0.0	0.0	0.6278447121820616	0.49531459170013387	0.0	0.9959839357429718	1.0	0.7697456492637216	0.10843373493975904	0.12583668005354753	0.9370816599732262	0.9518072289156626	0.0	0.9946452476572959	0.8607764390896921	0.9825970548862115	0.0	0.23828647925033467	0.9825970548862115	0.9825970548862115
25169	0.0	0.603448275862069	0.4942528735632184	0.1839080459770115	0.3218390804597701	0.0	0.40229885057471265	1.0	0.0	1.0	0.632183908045977	0.5	0.4942528735632184	0.5	1.0	1.0	0.0	1.0	0.7988505747126436	1.0	0.0	0.6724137931034483	0.9137931034482759	0.6896551724137931
25170	0.0	0.0	0.0	0.9386973180076629	0.0	0.0	0.0421455938697318	0.8467432950191571	0.0	1.0	0.8697318007662835	0.8582375478927203	0.0	0.0	1.0	1.0	0.0	0.9578544061302682	1.0	1.0	0.0	0.0	1.0	1.0
25171	0.0	0.06060606060606061	0.0	0.6111111111111112	0.0	0.0	0.4292929292929293	0.7373737373737373	0.0	1.0	1.0	0.0	0.0	0.0	0.6262626262626263	1.0	0.0	1.0	0.41919191919191917	1.0	0.0	0.0	0.8888888888888888	1.0
25172	0.0	0.8117647058823529	0.14460784313725492	0.7602941176470588	0.10049019607843138	0.0	0.7397058823529412	0.7166666666666667	0.052450980392156864	1.0	0.9857843137254902	0.5583333333333333	0.07058823529411765	0.10588235294117647	0.9519607843137254	1.0	0.0	0.9696078431372549	0.46715686274509804	1.0	0.15196078431372548	0.11960784313725491	0.9387254901960784	1.0
25173	0.0	0.7973137973137974	0.568986568986569	0.9206349206349206	0.0	0.0	0.5604395604395604	0.42246642246642246	0.0	1.0	0.7667887667887668	0.7118437118437119	0.0	0.0	0.8852258852258852	1.0	0.0	0.8351648351648352	0.9548229548229549	1.0	0.0	0.0	0.811965811965812	1.0
25174	0.0	0.64	0.21333333333333335	0.68	0.0	0.0	0.5911111111111111	0.7866666666666666	0.0	1.0	0.7244444444444444	0.7244444444444444	0.0	0.0	1.0	1.0	0.0	1.0	1.0	1.0	0.39111111111111113	0.0	0.8266666666666667	1.0
25175	0.0	0.0	0.0	0.0	0.0	0.0	0.43243243243243246	0.2702702702702703	0.0	1.0	1.0	0.32432432432432434	0.0	0.0	1.0	1.0	0.0	0.5765765765765766	1.0	1.0	0.0	0.0	0.6666666666666666	1.0
25176	0.0	0.6480331262939959	0.0	0.3146997929606625	0.0	0.0	0.6335403726708074	0.8157349896480331	0.0	0.772256728778468	0.40372670807453415	0.0	0.0	0.0	0.5175983436853002	1.0	0.463768115942029	0.7701863354037267	0.07453416149068323	0.8674948240165632	0.0	0.0	0.6169772256728778	1.0
25177	0.0	0.5211970074812967	0.18204488778054864	1.0	0.0	0.0	0.7664172901080631	0.7971737323358271	0.0	1.0	0.9501246882793017	0.2485453034081463	0.19617622610141314	0.32751454696591853	0.9600997506234414	1.0	0.0	1.0	0.8221113881961762	1.0	0.17539484621778886	0.0	0.8844555278470491	1.0
25178	0.0	0.38534278959810875	0.3191489361702128	0.7785657998423956	0.0	0.0	0.8983451536643026	0.7959022852639874	0.0	1.0	0.6375098502758078	0.4302600472813239	0.3735224586288416	0.08116627265563436	0.9582348305752562	0.9858156028368794	0.0	0.9227738376674547	0.49645390070921985	1.0	0.0	0.3490937746256895	0.9897557131599685	1.0
25179	0.0	0.0	0.0	1.0	0.0	0.0	0.0	0.4896755162241888	0.0	1.0	1.0	1.0	0.0	0.0	0.9911504424778761	0.9321533923303835	0.0	1.0	0.17699115044247787	1.0	0.0	0.0	0.9734513274336283	1.0
25180	0.0	0.0	0.0	0.0	0.0	0.0	0.0	0.0	0.0	1.0	0.9736842105263158	0.14035087719298245	0.0	0.0	0.0	0.8421052631578947	0.0	0.6578947368421053	0.2982456140350877	0.9912280701754386	0.0	0.0	0.8070175438596491	1.0
25181	0.5849056603773585	0.6446540880503144	0.0	0.6289308176100629	0.0	0.0	0.0	0.9716981132075472	0.0	0.8647798742138365	0.4528301886792453	0.31446540880503143	0.0	0.0	0.4937106918238994	0.9811320754716981	0.0	0.9088050314465409	0.42138364779874216	0.9905660377358491	0.0	0.0	0.33962264150943394	0.9654088050314465
25182	0.0	0.2572178477690289	0.26246719160104987	1.0	0.0	0.0	0.5958005249343832	0.7401574803149606	0.0	0.968503937007874	1.0	0.5958005249343832	0.0	0.0	1.0	1.0	0.0	0.6535433070866141	0.84251968503937	1.0	0.0	0.0	1.0	1.0
25183	0.06734006734006734	0.9242424242424242	0.058922558922558925	0.7146464646464646	0.2542087542087542	0.0	0.8905723905723906	0.7870370370370371	0.0	1.0	0.7727272727272727	0.4158249158249158	0.10101010101010101	0.20622895622895623	0.8341750841750841	0.9621212121212122	0.0	0.8358585858585859	0.7264309764309764	1.0	0.0	0.0	0.7222222222222222	1.0
25184	0.0	0.7579908675799086	0.0	1.0	0.0	0.0	0.5707762557077626	1.0	0.0	1.0	1.0	0.0	0.0	0.0	1.0	1.0	0.0	1.0	0.684931506849315	1.0	0.0	0.0	1.0	1.0
25185	0.0	0.7675438596491229	0.08421052631578947	0.9570175438596491	0.0	0.26403508771929823	0.4982456140350877	0.6307017543859649	0.0	1.0	0.8368421052631579	0.22280701754385965	0.0	0.0	1.0	1.0	0.0	1.0	0.769298245614035	1.0	0.08333333333333333	0.0	1.0	1.0
25186	0.0	0.9176470588235294	0.0	0.8294117647058824	0.0	0.0	0.7392156862745098	0.9156862745098039	0.0	1.0	0.8705882352941177	0.8588235294117647	0.0	0.0	1.0	1.0	0.0	1.0	0.9568627450980393	1.0	0.0	0.0	0.8823529411764706	1.0
25187	0.0	0.3566666666666667	0.0	0.89	0.0	0.0	0.9633333333333334	1.0	0.0	1.0	1.0	0.8633333333333333	0.0	0.0	1.0	1.0	0.0	1.0	0.74	1.0	0.21	0.0	0.6733333333333333	1.0
25188	0.0	0.9936507936507937	0.0	0.5555555555555556	0.0	0.0	0.3619047619047619	0.9523809523809523	0.0	1.0	0.9555555555555556	0.48253968253968255	0.0	0.0	0.9301587301587302	0.9936507936507937	0.0	0.9238095238095239	0.4634920634920635	1.0	0.0	0.0	0.8095238095238095	1.0
25189	0.0	0.0	0.0	0.7657657657657657	0.0	0.0	0.8108108108108109	0.0	0.0	1.0	1.0	0.32432432432432434	0.0	0.5855855855855856	0.7207207207207207	1.0	0.0	0.7657657657657657	0.6216216216216216	0.9819819819819819	0.0	0.0	0.9459459459459459	1.0
25190	0.0	0.6604938271604939	0.0	0.4711934156378601	0.0	0.0	0.6625514403292181	0.9814814814814815	0.0	1.0	0.9423868312757202	0.4773662551440329	0.0	0.0	0.9238683127572016	1.0	0.0	1.0	0.7962962962962963	1.0	0.0	0.0	0.9979423868312757	1.0
25191	0.0	0.4738562091503268	0.6710239651416122	0.985838779956427	0.046840958605664486	0.13071895424836602	0.6786492374727668	0.6350762527233116	0.0	1.0	0.690631808278867	0.5468409586056645	0.07407407407407407	0.0	1.0	1.0	0.0	0.9226579520697168	0.31699346405228757	1.0	0.0	0.1840958605664488	0.9684095860566448	1.0
25192	0.0	0.7953311617806732	0.250271444082519	0.8659066232356135	0.04668838219326819	0.04505971769815418	0.8241042345276873	0.6340933767643865	0.0	1.0	0.9652551574375678	0.3479913137893594	0.10694896851248643	0.12052117263843648	0.8306188925081434	1.0	0.0	0.988599348534202	0.6514657980456026	1.0	0.0	0.15906623235613462	0.8805646036916395	1.0
25193	0.0	0.36875	0.34375	0.8854166666666666	0.0	0.0	0.75625	0.5666666666666667	0.0	1.0	0.8833333333333333	0.29791666666666666	0.0	0.3625	0.9895833333333334	1.0	0.0	1.0	0.7125	1.0	0.0	0.0	0.6708333333333333	1.0
25194	0.0	0.7861952861952862	0.563973063973064	0.7104377104377104	0.0	0.0	0.8198653198653199	0.7121212121212122	0.0	1.0	0.9276094276094277	0.17845117845117844	0.31986531986531985	0.0	1.0	1.0	0.0	1.0	0.5067340067340067	1.0	0.0	0.0	0.9377104377104377	1.0
25195	0.0	0.41025641025641024	0.0	0.6698717948717948	0.0	0.0	0.625	0.6762820512820513	0.0	1.0	1.0	0.9871794871794872	0.0	0.0	0.9967948717948718	1.0	0.4423076923076923	0.8717948717948718	1.0	1.0	0.0	0.0	1.0	1.0
25196	0.0	0.7172619047619048	0.4523809523809524	0.7916666666666666	0.0	0.2708333333333333	0.6369047619047619	0.5744047619047619	0.0	0.8422619047619048	0.8333333333333334	0.6279761904761905	0.0	0.0	0.8809523809523809	1.0	0.4494047619047619	0.8035714285714286	0.0	0.7916666666666666	0.0	0.0	0.8303571428571429	0.6101190476190477
25197	0.0	0.0	0.0	0.2	0.0	0.0	0.0	1.0	0.0	1.0	0.0	0.25925925925925924	0.0	0.0	0.7407407407407407	1.0	0.0	1.0	0.23703703703703705	1.0	0.0	0.0	0.9111111111111111	1.0
25198	0.0	0.6773504273504274	0.2863247863247863	0.45726495726495725	0.0	0.0	0.4017094017094017	0.2564102564102564	0.0	1.0	0.8589743589743589	0.9465811965811965	0.24572649572649571	0.0	0.967948717948718	1.0	0.0	0.8611111111111112	0.5299145299145299	1.0	0.0	0.0	0.8717948717948718	1.0
25199	0.0	0.07964601769911504	0.12684365781710916	1.0	0.831858407079646	0.0	0.6902654867256637	0.2713864306784661	0.0	1.0	0.9498525073746312	0.4778761061946903	0.0	0.0	0.5752212389380531	1.0	0.0	0.7935103244837758	0.5250737463126843	1.0	0.0	0.0	1.0	1.0
25200	0.5423037716615698	0.6269113149847095	0.0	0.7716615698267074	0.4240570846075433	0.0	0.709480122324159	0.891946992864424	0.16615698267074414	1.0	0.9908256880733946	0.5545361875637105	0.5677879714576962	0.40468909276248727	1.0	0.9887869520897044	0.15392456676860347	0.963302752293578	0.8144750254841998	1.0	0.4566768603465851	0.5606523955147809	0.9551478083588175	1.0
25201	0.0	0.49834983498349833	0.0	0.8613861386138614	0.0	0.0	0.9471947194719472	0.45874587458745875	0.6303630363036303	1.0	0.33993399339933994	0.5379537953795379	0.0	0.0	0.7623762376237624	1.0	0.0	0.9108910891089109	0.46864686468646866	1.0	0.0	0.0	1.0	1.0
25202	0.0	0.7100149476831091	0.4514200298953662	0.866965620328849	0.0	0.0	0.33183856502242154	0.7428998505231689	0.0	1.0	0.772795216741405	0.5007473841554559	0.0	0.3333333333333333	0.9985052316890882	1.0	0.0	0.8176382660687593	0.5291479820627802	1.0	0.0	0.0	0.898355754857997	1.0
25203	0.0	0.7484926787252368	0.26442721791559	0.7950043066322137	0.10766580534022395	0.0	0.689922480620155	0.834625322997416	0.0	1.0	0.905254091300603	0.4289405684754522	0.0	0.1223083548664944	0.611541774332472	0.9827734711455641	0.0	0.9397071490094746	0.5478036175710594	1.0	0.23428079242032732	0.14728682170542637	0.8639104220499569	1.0
25204	0.0	0.631336405529954	0.06451612903225806	0.7857142857142857	0.0	0.0	0.41781874039938555	0.761136712749616	0.0	1.0	0.8901689708141322	0.4062980030721966	0.0	0.06835637480798772	0.8740399385560675	1.0	0.0	0.9715821812596006	0.5238095238095238	1.0	0.10522273425499232	0.0	0.9278033794162827	1.0
25205	0.45161290322580644	0.44802867383512546	0.0	1.0	0.0	0.0	0.8422939068100358	0.6379928315412187	0.0	1.0	0.7598566308243727	0.6164874551971327	0.0	0.0	1.0	1.0	0.0	1.0	0.5125448028673835	1.0	0.36200716845878134	0.40860215053763443	0.8637992831541219	1.0
25206	0.0	0.8294573643410853	0.0	0.9573643410852714	0.5116279069767442	0.0	0.6511627906976745	1.0	0.0	1.0	1.0	0.9534883720930233	0.0	0.0	0.9961240310077519	0.9883720930232558	0.0	1.0	0.9534883720930233	1.0	0.7209302325581395	0.6821705426356589	1.0	1.0
25207	0.0	0.7647058823529411	0.20915032679738563	0.5359477124183006	0.0	0.0	0.46405228758169936	0.8496732026143791	0.0	1.0	1.0	0.0	0.0	0.0	1.0	1.0	0.0	1.0	1.0	0.9869281045751634	0.5882352941176471	0.0	0.9411764705882353	1.0
25208	0.0	0.6421052631578947	0.3824561403508772	1.0	0.0	0.0	1.0	1.0	0.0	1.0	1.0	0.0	0.0	0.0	1.0	1.0	0.0	1.0	0.0	1.0	0.0	0.0	1.0	1.0
25209	0.0	0.5864811133200796	0.0	0.9436713055003313	0.062292909211398274	0.0	0.8793903247183565	0.8316766070245195	0.0	0.9854208084824387	0.6003976143141153	0.5016567263088137	0.27501656726308815	0.0	0.9993373094764745	0.9920477137176938	0.0	0.9927104042412194	0.7660702451954937	0.9993373094764745	0.13253810470510272	0.24718356527501656	0.9668654738237243	0.9993373094764745
25210	0.0	0.0	0.0	0.15555555555555556	0.0	0.0	0.0	0.7333333333333333	0.0	1.0	0.0	0.0	0.0	0.0	0.35555555555555557	1.0	0.0	0.4444444444444444	0.5777777777777777	1.0	0.0	0.0	0.0	1.0
25211	0.0	0.0	0.0	1.0	0.0	0.0	0.4444444444444444	1.0	0.0	1.0	0.985663082437276	0.0	0.22939068100358423	0.6523297491039427	1.0	1.0	0.0	1.0	0.96415770609319	1.0	0.0	0.0	0.7992831541218638	1.0
25212	0.0	0.7337962962962963	0.0	0.7430555555555556	0.22453703703703703	0.0	0.9745370370370371	1.0	0.0	1.0	0.9444444444444444	0.8055555555555556	0.0	0.3611111111111111	1.0	1.0	0.0	1.0	0.9583333333333334	1.0	0.1736111111111111	0.0	0.9953703703703703	1.0
25213	0.0	0.5691056910569106	0.0	1.0	0.0975609756097561	0.0	0.5284552845528455	0.7479674796747967	0.0	1.0	0.7398373983739838	0.42886178861788615	0.0	0.11991869918699187	1.0	1.0	0.0	1.0	0.5853658536585366	1.0	0.0	0.0	1.0	1.0
25214	0.044585987261146494	0.9087048832271762	0.21019108280254778	0.9936305732484076	0.0	0.0	0.5626326963906582	0.7303609341825902	0.0	1.0	1.0	0.6050955414012739	0.30148619957537154	0.0	1.0	1.0	0.0	1.0	0.8641188959660298	1.0	0.0	0.0	1.0	1.0
25215	0.0	0.673202614379085	0.0	0.7777777777777778	0.0	0.0	0.45751633986928103	0.3790849673202614	0.5686274509803921	0.8235294117647058	1.0	0.9411764705882353	0.0	0.0	0.6928104575163399	1.0	0.8627450980392157	1.0	0.9411764705882353	0.8954248366013072	0.0	0.0	0.9738562091503268	1.0
25216	0.0	0.431924882629108	0.42018779342723006	0.9577464788732394	0.08685446009389672	0.0	0.6032863849765259	0.8732394366197183	0.0	0.9131455399061033	0.812206572769953	0.7699530516431925	0.4765258215962441	0.0	0.5469483568075117	0.9694835680751174	0.0	0.784037558685446	0.8685446009389671	0.9272300469483568	0.0	0.0	0.9366197183098591	0.9976525821596244
25217	0.0	0.6298975286317059	0.15430982519590114	0.5430982519590114	0.07172995780590717	0.0	0.8776371308016878	0.7088607594936709	0.09282700421940929	1.0	0.8878842676311031	0.5467148884870404	0.15732368896925858	0.10849909584086799	0.9535864978902954	1.0	0.0	0.9318866787221217	0.6823387582881254	1.0	0.17540687160940324	0.13441832429174203	0.9662447257383966	1.0
25218	0.0	0.782608695652174	0.0	1.0	0.0	0.0	1.0	0.9130434782608695	0.0	1.0	0.9311594202898551	0.10507246376811594	0.0	0.0	0.9601449275362319	1.0	0.0	0.9565217391304348	0.894927536231884	1.0	0.0	0.0	0.9311594202898551	1.0
25219	0.3523809523809524	0.0	0.5285714285714286	0.02857142857142857	0.5	0.0	0.7	0.7285714285714285	0.0	1.0	0.919047619047619	0.5523809523809524	0.0	0.0	1.0	1.0	0.0	1.0	0.23809523809523808	1.0	0.023809523809523808	0.0	0.9952380952380953	1.0
25220	0.6291079812206573	0.0	0.0	0.92018779342723	0.007042253521126761	0.0	0.6244131455399061	0.22769953051643194	0.0	1.0	0.4765258215962441	0.11502347417840375	0.0	0.0	1.0	1.0	0.0	1.0	0.9107981220657277	1.0	0.0	0.0	0.8028169014084507	1.0
25221	0.0	0.7183908045977011	0.0	0.9482758620689655	0.8218390804597702	0.0	0.0	0.9885057471264368	0.0	1.0	0.6609195402298851	0.06896551724137931	0.0	0.0	1.0	1.0	0.0	1.0	0.8103448275862069	1.0	0.0	0.0	1.0	1.0
25222	0.0	0.6341463414634146	0.0	0.991869918699187	0.23983739837398374	0.0	0.7032520325203252	0.8577235772357723	0.4186991869918699	1.0	0.983739837398374	0.34552845528455284	0.0	0.37398373983739835	0.9796747967479674	1.0	0.0	0.991869918699187	0.4105691056910569	0.991869918699187	0.0	0.0	0.991869918699187	1.0
25223	0.5011337868480725	0.8208616780045351	0.5532879818594104	0.9625850340136054	0.6190476190476191	0.4070294784580499	0.6077097505668935	0.782312925170068	0.5136054421768708	1.0	1.0	0.673469387755102	0.8707482993197279	0.6575963718820862	0.9784580498866213	1.0	0.40476190476190477	0.95578231292517	0.7505668934240363	1.0	0.15873015873015872	0.9342403628117913	0.8503401360544217	1.0
25224	0.5979643765903307	0.21374045801526717	0.3511450381679389	0.9872773536895675	0.0	0.0	0.7659033078880407	0.44529262086513993	0.0	1.0	0.8727735368956743	0.3282442748091603	0.0	0.0	0.48854961832061067	1.0	0.0	0.8524173027989822	0.8498727735368957	1.0	0.0	0.0	1.0	1.0
25225	0.0	0.3604336043360434	0.13956639566395665	0.8902439024390244	0.0	0.0	1.0	0.6246612466124661	0.0	1.0	0.981029810298103	0.6084010840108401	0.0	0.15718157181571815	1.0	1.0	0.0	0.9105691056910569	0.502710027100271	1.0	0.0	0.0	0.983739837398374	1.0
25226	0.0	1.0	0.0	1.0	0.0	0.0	0.9598393574297188	0.6024096385542169	0.0	0.963855421686747	0.606425702811245	0.751004016064257	0.3855421686746988	0.0	1.0	1.0	0.0	1.0	1.0	1.0	0.0	0.24497991967871485	1.0	1.0
25227	0.0	0.4144927536231884	0.5434782608695652	1.0	0.0	0.0	0.8028985507246377	0.4811594202898551	0.0	1.0	0.6130434782608696	0.4028985507246377	0.3507246376811594	0.0	1.0	1.0	0.0	1.0	0.9637681159420289	1.0	0.0	0.0	0.9985507246376811	1.0
25228	0.0	0.7504553734061931	0.33879781420765026	0.9860352155434122	0.0	0.0	0.8518518518518519	0.8724954462659381	0.0	0.9678202792956891	0.8682452944748027	0.5537340619307832	0.06253794778384943	0.2119004250151791	0.9653916211293261	1.0	0.0	1.0	0.7540983606557377	1.0	0.14207650273224043	0.1827565270188221	0.9514268366727383	1.0
25229	0.0	1.0	0.45714285714285713	1.0	0.0	0.0	0.7619047619047619	1.0	0.0	1.0	1.0	0.7238095238095238	0.0	0.0	1.0	1.0	0.0	1.0	1.0	1.0	0.0	0.0	0.9904761904761905	1.0
25230	0.0	0.9368421052631579	0.1216374269005848	0.8912280701754386	0.16023391812865498	0.0	0.9730994152046784	0.8093567251461988	0.0	1.0	1.0	0.2596491228070175	0.0	0.0	0.8865497076023392	1.0	0.0	1.0	0.6187134502923977	1.0	0.14853801169590644	0.3672514619883041	0.8912280701754386	1.0
25231	0.0	0.7048192771084337	0.3744979919678715	0.857429718875502	0.0	0.04769076305220884	0.6244979919678715	0.7464859437751004	0.0	1.0	0.9262048192771084	0.732429718875502	0.02961847389558233	0.24949799196787148	1.0	0.9869477911646586	0.12248995983935743	1.0	0.7695783132530121	1.0	0.07530120481927711	0.15160642570281124	0.9769076305220884	1.0
25232	0.0	0.7876190476190477	0.02095238095238095	0.9161904761904762	0.0	0.0	0.9161904761904762	0.560952380952381	0.0	1.0	0.9371428571428572	0.8933333333333333	0.19047619047619047	0.1180952380952381	1.0	0.9542857142857143	0.0	0.9152380952380952	0.34	1.0	0.14285714285714285	0.0	0.9371428571428572	1.0
25233	0.0	0.8868501529051988	0.0	1.0	0.0	0.0	0.8256880733944955	0.5198776758409785	0.0	1.0	0.5779816513761468	0.5535168195718655	0.0	0.0	1.0	1.0	0.0	1.0	0.2599388379204893	1.0	0.0	0.0	1.0	1.0
25234	0.0	0.7446808510638298	0.0	1.0	0.0	0.0	0.8439716312056738	0.950354609929078	0.0	1.0	1.0	0.3546099290780142	0.0	0.0	1.0	1.0	0.0	1.0	0.950354609929078	1.0	0.7446808510638298	0.0	1.0	1.0
25235	0.0	1.0	0.0	1.0	0.0	0.0	0.0	0.0	0.0	0.9487179487179487	0.717948717948718	0.9230769230769231	0.0	0.0	0.7564102564102564	1.0	0.0	0.6538461538461539	0.1794871794871795	0.8076923076923077	0.6538461538461539	0.0	0.9487179487179487	0.9871794871794872
25236	0.25396825396825395	0.9863945578231292	0.4036281179138322	0.9886621315192744	0.30385487528344673	0.3424036281179138	0.9229024943310657	0.6870748299319728	0.0	1.0	1.0	0.8526077097505669	0.0	0.3424036281179138	0.9455782312925171	1.0	0.0	0.9909297052154195	0.9909297052154195	1.0	0.18820861678004536	0.2834467120181406	0.9909297052154195	1.0
25237	0.0	0.0	0.0	0.4367816091954023	0.0	0.0	0.47126436781609193	0.47701149425287354	0.0	1.0	1.0	0.0	0.0	0.0	1.0	1.0	0.0	1.0	0.0	1.0	0.0	0.0	0.4885057471264368	1.0
25238	0.0	0.36728395061728397	0.0	0.3117283950617284	0.0	0.0	0.9938271604938271	0.5216049382716049	0.0	1.0	0.4660493827160494	0.7376543209876543	0.0	0.0	0.6882716049382716	0.9783950617283951	0.0	0.30864197530864196	0.8271604938271605	1.0	0.36419753086419754	0.0	0.49382716049382713	1.0
25239	0.0	1.0	1.0	0.7204301075268817	0.0	0.0	1.0	0.6021505376344086	0.0	1.0	1.0	0.6075268817204301	0.0	0.0	1.0	1.0	0.0	1.0	0.7258064516129032	1.0	0.0	0.0	1.0	1.0
25240	0.0	0.5785123966942148	0.0	0.8016528925619835	0.0	0.0	0.8457300275482094	0.6225895316804407	0.0	1.0	0.8994490358126722	0.7134986225895317	0.0	0.25068870523415976	1.0	1.0	0.0	1.0	0.8663911845730028	1.0	0.0	0.0	0.9228650137741047	1.0
25241	0.0	0.0	0.0	1.0	0.0	0.0	1.0	0.6666666666666666	0.20987654320987653	1.0	0.5617283950617284	0.30864197530864196	0.0	0.0	1.0	1.0	0.0	0.8333333333333334	0.2654320987654321	1.0	0.0	0.6296296296296297	1.0	1.0
25242	0.0	0.7248908296943232	0.5967976710334789	0.868995633187773	0.0	0.0	0.8020378457059679	0.8224163027656477	0.0	1.0	0.8922852983988355	0.61863173216885	0.0	0.15138282387190685	0.9272197962154294	0.86608442503639	0.0	0.9534206695778749	0.5531295487627366	1.0	0.16885007278020378	0.4366812227074236	1.0	1.0
25243	0.0	0.5641025641025641	0.38278388278388276	0.0	0.0	0.11721611721611722	0.17582417582417584	0.4157509157509158	0.0	0.9706959706959707	0.9212454212454212	0.1978021978021978	0.0	0.0	1.0	0.9706959706959707	0.0	0.9047619047619048	0.336996336996337	1.0	0.07509157509157509	0.0	0.3717948717948718	0.9963369963369964
25244	0.0	0.6483180428134556	0.0	0.8929663608562691	0.0	0.0	0.8807339449541285	0.0	0.0	0.9051987767584098	0.599388379204893	0.7798165137614679	0.09785932721712538	0.0	0.9510703363914373	1.0	0.0	0.9755351681957186	0.4617737003058104	0.9877675840978594	0.27217125382262997	0.0	0.963302752293578	0.9938837920489296
25245	0.0	0.480225988700565	0.7062146892655368	1.0	0.0	0.0	0.15819209039548024	0.9830508474576272	0.0	1.0	1.0	0.2033898305084746	0.751412429378531	0.0	1.0	1.0	0.0	1.0	1.0	1.0	0.0	0.0	1.0	1.0
25246	0.0	0.3054101221640489	0.231239092495637	0.9389179755671903	0.0	0.0	0.8089005235602095	0.774869109947644	0.0	1.0	1.0	0.38045375218150085	0.47033158813263526	0.15968586387434555	0.8987783595113438	0.9808027923211169	0.0	0.9432809773123909	0.9345549738219895	1.0	0.19633507853403143	0.19546247818499127	0.8970331588132635	1.0
25247	0.0	0.4984423676012461	0.21703011422637591	0.8691588785046729	0.0	0.0	0.8722741433021807	0.5285565939771547	0.0	1.0	0.9210799584631361	0.2554517133956386	0.2118380062305296	0.44132917964693663	0.9813084112149533	1.0	0.0	0.5005192107995846	0.9356178608515057	1.0	0.0	0.20456905503634476	0.8587746625129803	1.0
25248	0.3145833333333333	0.5541666666666667	0.3145833333333333	0.83125	0.0	0.0	0.5854166666666667	0.3729166666666667	0.0	1.0	0.8604166666666667	0.17916666666666667	0.0	0.0	0.9958333333333333	1.0	0.0	0.0	0.48541666666666666	1.0	0.0	0.0	0.9375	1.0
25249	0.6138211382113821	0.5203252032520326	0.008130081300813009	0.8211382113821138	0.0	0.0	1.0	0.3008130081300813	0.0	1.0	0.6422764227642277	0.0040650406504065045	0.0	0.0	0.5975609756097561	1.0	0.0	0.9552845528455285	0.7926829268292683	1.0	0.0	0.0	0.967479674796748	1.0
25250	0.0	0.22522522522522523	0.8216216216216217	0.972972972972973	0.22342342342342342	0.0	0.7027027027027027	0.8198198198198198	0.0	0.954954954954955	1.0	0.6306306306306306	0.0	0.0	0.8486486486486486	0.9765765765765766	0.0	0.3855855855855856	0.6324324324324324	1.0	0.0	0.0	0.9333333333333333	1.0
25251	0.0	0.5418535127055306	0.38863976083707025	0.5799701046337817	0.0	0.0	0.6315396113602392	0.547085201793722	0.0	0.9573991031390134	0.9267563527653214	0.4693572496263079	0.08893871449925261	0.04185351270553064	0.8654708520179372	0.992526158445441	0.0	0.9641255605381166	0.35949177877429	0.9977578475336323	0.0	0.33707025411061287	0.8423019431988041	0.9985052316890882
25252	0.0	0.6787878787878788	0.0	1.0	0.0	0.0	0.39191919191919194	0.8747474747474747	0.0	1.0	0.694949494949495	0.0	0.27474747474747474	0.0	0.8202020202020202	0.9939393939393939	0.0	0.9434343434343434	0.23030303030303031	1.0	0.0	0.4767676767676768	0.5151515151515151	1.0
25253	0.6590038314176245	0.896551724137931	0.896551724137931	0.9808429118773946	0.5172413793103449	0.0	0.8390804597701149	0.7701149425287356	0.6973180076628352	1.0	0.8314176245210728	0.6436781609195402	0.9616858237547893	0.7701149425287356	0.9846743295019157	0.8314176245210728	0.8390804597701149	1.0	1.0	0.9808429118773946	1.0	0.896551724137931	0.8314176245210728	1.0
25254	0.0	1.0	0.0	0.7743055555555556	0.0	0.0	0.3020833333333333	0.0	0.0	1.0	0.84375	0.84375	0.0	0.0	0.71875	1.0	0.0	0.8645833333333334	0.2847222222222222	1.0	0.0	0.0	0.1423611111111111	1.0
25255	0.0	0.7106481481481481	0.018518518518518517	0.7662037037037037	0.0	0.0	0.4791666666666667	0.24305555555555555	0.5787037037037037	1.0	0.44212962962962965	1.0	0.2037037037037037	0.0	0.9837962962962963	1.0	0.0	0.6759259259259259	0.8402777777777778	1.0	0.0	0.2037037037037037	0.9861111111111112	1.0
25256	0.15534979423868311	0.6491769547325102	0.3405349794238683	0.8950617283950617	0.0	0.0	0.7469135802469136	0.9084362139917695	0.060699588477366256	1.0	1.0	0.5051440329218106	0.1440329218106996	0.0	1.0	1.0	0.0	1.0	0.5740740740740741	1.0	0.16152263374485595	0.0	0.9835390946502057	1.0
25257	0.0	0.0	0.0	0.2912621359223301	0.0	0.31715210355987056	0.6731391585760518	0.8705501618122977	0.0	1.0	1.0	1.0	0.0	0.0	1.0	1.0	0.0	1.0	0.9093851132686084	1.0	0.0	0.1779935275080906	0.9223300970873787	1.0
25258	0.0	0.652014652014652	0.39194139194139194	1.0	0.0	0.0	0.9120879120879121	0.5860805860805861	0.0	1.0	0.9963369963369964	0.32967032967032966	0.3553113553113553	0.5091575091575091	1.0	0.9560439560439561	0.0	1.0	0.0	1.0	0.0	0.03663003663003663	1.0	1.0
25259	0.0	1.0	0.0	0.0	0.9710144927536232	0.0	0.0	0.08695652173913043	0.0	0.0	0.0	0.0	0.6521739130434783	0.0	0.5072463768115942	0.9710144927536232	0.0	0.43478260869565216	0.0	1.0	0.0	0.0	0.0	1.0
25260	0.0	0.0	0.0	0.6777777777777778	0.0	0.0	0.0	0.0	0.0	0.011111111111111112	0.0	0.0	0.0	0.0	1.0	1.0	0.0	0.0	1.0	0.8444444444444444	0.0	0.0	0.06666666666666667	0.18888888888888888
25261	0.060935799782372145	0.6753717809212912	0.15741748277112805	0.8589046064562931	0.0	0.0	0.6235038084874864	0.5988393180993834	0.0	1.0	0.9510337323177367	0.3852013057671382	0.22814653608995283	0.062023939064200215	0.8817555313746827	0.9677185346391005	0.0	0.9347116430903155	0.5048966267682263	1.0	0.09430540442509974	0.36924192963365976	0.9865796155241204	1.0
25262	0.0	0.9576271186440678	0.3898305084745763	0.6892655367231638	0.0	0.0	0.5225988700564972	0.3333333333333333	0.0	0.963276836158192	1.0	0.2711864406779661	0.0	0.0	1.0	1.0	0.1016949152542373	0.7655367231638418	0.0	1.0	0.0	0.0	0.8248587570621468	1.0
25263	0.0	0.23837209302325582	0.622093023255814	1.0	0.0	0.0	0.8585271317829457	0.7403100775193798	0.0	1.0	0.8468992248062015	0.6085271317829457	0.08914728682170543	0.0	0.9302325581395349	1.0	0.0	1.0	0.6608527131782945	1.0	0.15891472868217055	0.0	1.0	1.0
25264	0.0	0.3523809523809524	0.3047619047619048	1.0	0.0	0.0	0.861904761904762	0.6428571428571429	0.0	1.0	0.8238095238095238	0.8761904761904762	0.0	0.5619047619047619	1.0	1.0	0.0	0.29523809523809524	0.4666666666666667	1.0	0.0	0.6952380952380952	1.0	1.0
25265	0.0	0.9104938271604939	0.1111111111111111	0.9876543209876543	0.0	0.2623456790123457	0.5740740740740741	0.904320987654321	0.0	1.0	1.0	0.49382716049382713	0.0	0.0	0.9691358024691358	1.0	0.0	0.9691358024691358	0.7037037037037037	1.0	0.0	0.0	0.75	1.0
25266	0.0	0.7021276595744681	0.04964539007092199	1.0	0.0	0.04964539007092199	0.03546099290780142	1.0	0.0	1.0	1.0	1.0	0.0	0.19148936170212766	1.0	1.0	0.0	1.0	1.0	1.0	0.0	0.0	0.5602836879432624	1.0
25267	0.0	0.6292134831460674	0.41947565543071164	0.6367041198501873	0.0	0.0	0.6853932584269663	0.7303370786516854	0.0	1.0	0.9363295880149812	0.4756554307116105	0.0	0.7940074906367042	1.0	1.0	0.0	0.46441947565543074	0.9625468164794008	1.0	0.0	0.0	1.0	1.0
25268	0.0	0.0	0.0	0.9583333333333334	0.0	0.0	0.0	0.0	0.0	1.0	0.0	0.0	0.0	0.5583333333333333	0.325	0.9666666666666667	0.0	0.0	0.24166666666666667	0.9916666666666667	0.0	0.0	0.5583333333333333	0.9916666666666667
25269	0.1326644370122631	0.9108138238573021	0.23411371237458195	0.9843924191750278	0.15384615384615385	0.0	0.8907469342251951	0.9453734671125975	0.0	1.0	0.9409141583054627	0.9364548494983278	0.08918617614269789	0.12709030100334448	1.0	1.0	0.0	1.0	0.9821627647714605	1.0	0.0	0.0	1.0	1.0
25270	0.0	0.48973143759873616	0.5308056872037915	0.9447077409162717	0.0	0.0	0.8262243285939969	0.8041074249605056	0.0	1.0	1.0	0.8720379146919431	0.15955766192733017	0.0	1.0	1.0	0.0	1.0	0.9257503949447078	1.0	0.0	0.47393364928909953	0.9368088467614534	1.0
25271	0.0	1.0	0.0	1.0	0.0	0.0	0.34210526315789475	1.0	0.0	1.0	1.0	0.3508771929824561	0.0	0.0	1.0	1.0	0.0	0.7280701754385965	1.0	1.0	0.0	1.0	1.0	1.0
25272	0.0	0.7569444444444444	0.0	0.90625	0.0	0.0	0.7118055555555556	0.96875	0.0	1.0	0.9513888888888888	0.3645833333333333	0.0	0.0	1.0	1.0	0.0	1.0	0.3055555555555556	1.0	0.0	0.6736111111111112	1.0	1.0
25273	0.0	0.8253968253968254	0.6243386243386243	0.8042328042328042	0.0	0.0	1.0	0.20634920634920634	0.0	1.0	0.37566137566137564	0.42328042328042326	0.0	0.0	0.671957671957672	0.9947089947089947	0.0	1.0	0.3862433862433862	1.0	0.0	0.0	1.0	1.0
25274	0.0	0.9783037475345168	0.3136094674556213	0.8560157790927022	0.0	0.0	0.7041420118343196	0.5404339250493096	0.0	0.8599605522682445	0.8185404339250493	0.23076923076923078	0.0	0.0	0.9743589743589743	1.0	0.0	1.0	0.46548323471400394	1.0	0.0	0.0	1.0	1.0
25275	0.0	0.5020576131687243	0.27983539094650206	1.0	0.0	0.0	0.23868312757201646	0.7613168724279835	0.0	0.8065843621399177	0.15637860082304528	0.0	0.0	0.0	0.9382716049382716	1.0	0.0	0.7325102880658436	1.0	1.0	0.0	0.0	0.0	1.0
25276	0.0	0.8258145363408521	0.17669172932330826	0.9724310776942355	0.0	0.0	0.40350877192982454	0.30952380952380953	0.0	1.0	1.0	0.13032581453634084	0.34461152882205515	0.11027568922305764	0.6804511278195489	1.0	0.0	0.9573934837092731	0.9548872180451128	1.0	0.0	0.0	0.9636591478696742	1.0
25277	0.0	0.7783985102420856	0.2756052141527002	0.4813780260707635	0.0	0.0	0.8715083798882681	0.5642458100558659	0.0	1.0	0.8566108007448789	0.2467411545623836	0.0	0.0	0.5847299813780261	0.9757914338919925	0.2811918063314711	0.9860335195530726	0.6266294227188082	1.0	0.0	0.3538175046554935	0.8640595903165735	1.0
25278	0.21695402298850575	0.8239942528735632	0.0	0.8275862068965517	0.0	0.0	0.4489942528735632	0.7061781609195402	0.0	1.0	0.7133620689655172	0.47413793103448276	0.0	0.0	0.8972701149425287	0.9820402298850575	0.0	0.7701149425287356	0.9425287356321839	0.9992816091954023	0.08477011494252873	0.21264367816091953	0.8275862068965517	0.9964080459770115
25279	0.0	0.0	0.0	0.0	0.0	0.0	0.6538461538461539	0.0	0.0	1.0	0.0	0.0	0.0	0.0	0.32051282051282054	1.0	0.0	0.9615384615384616	0.9615384615384616	0.9871794871794872	0.0	0.0	0.4230769230769231	0.9871794871794872
25280	0.0	0.5420991926182238	0.0	0.9238754325259516	0.1580161476355248	0.0	0.7531718569780853	0.7704728950403691	0.0	1.0	1.0	0.754325259515571	0.0	0.0	0.9930795847750865	1.0	0.0	0.9653979238754326	0.76239907727797	1.0	0.0	0.17301038062283736	0.8016147635524798	1.0
25281	0.0	0.8210382513661202	0.0	1.0	0.3224043715846995	0.0	0.8019125683060109	0.9371584699453552	0.05737704918032787	1.0	0.9781420765027322	0.3292349726775956	0.0	0.0	1.0	1.0	0.0	0.8401639344262295	0.9426229508196722	1.0	0.0	0.0	0.976775956284153	1.0
25282	0.6759259259259259	0.9212962962962963	0.0	1.0	0.0	0.0	0.9166666666666666	0.8009259259259259	0.0	0.9444444444444444	0.8796296296296297	0.8379629629629629	0.6944444444444444	0.6898148148148148	0.9398148148148148	1.0	0.0	1.0	0.36574074074074076	1.0	0.4074074074074074	0.0	1.0	1.0
25283	0.4863123993558776	0.7922705314009661	0.32367149758454106	0.92914653784219	0.0	0.0	0.47665056360708535	0.8840579710144928	0.0	0.9001610305958132	0.9404186795491143	0.0	0.0	0.1497584541062802	0.782608695652174	0.8438003220611916	0.0	0.9694041867954911	0.7455716586151369	1.0	0.0	0.0	0.9871175523349437	1.0
25284	0.0	0.8362779740871613	0.0	0.983510011778563	0.0	0.0	0.7161366313309776	0.7067137809187279	0.0	1.0	0.8987043580683156	0.4275618374558304	0.22614840989399293	0.28032979976442873	0.9976442873969376	1.0	0.3333333333333333	0.800942285041225	0.6148409893992933	1.0	0.0	0.0	0.8928150765606596	1.0
25285	0.0	0.6044444444444445	0.0	1.0	0.0	0.0	0.8888888888888888	1.0	0.0	1.0	1.0	0.8622222222222222	0.0	0.2	0.9822222222222222	1.0	0.0	1.0	0.9911111111111112	1.0	0.0	0.0	0.9244444444444444	1.0
25286	0.45987654320987653	0.720164609053498	0.31275720164609055	0.9063786008230452	0.0	0.0	0.8816872427983539	0.529835390946502	0.0	1.0	0.9197530864197531	0.33539094650205764	0.0	0.17181069958847736	0.9475308641975309	1.0	0.0	1.0	0.2623456790123457	1.0	0.08847736625514403	0.11625514403292181	0.808641975308642	1.0
25287	0.0	0.3951890034364261	0.020618556701030927	1.0	0.0	0.0	0.8247422680412371	1.0	0.0	1.0	0.8298969072164949	0.6134020618556701	0.0	0.027491408934707903	1.0	1.0	0.0	0.9518900343642611	0.7061855670103093	1.0	0.0	0.0	0.9329896907216495	1.0
25288	0.45169082125603865	0.37681159420289856	0.3671497584541063	0.5676328502415459	0.0	0.0	0.7294685990338164	0.6618357487922706	0.0	1.0	0.9299516908212561	0.16666666666666666	0.0	0.0	0.9082125603864735	1.0	0.0	1.0	0.5265700483091788	1.0	0.026570048309178744	0.0	0.8478260869565217	1.0
25289	0.2623574144486692	0.6064638783269962	0.15399239543726237	0.8567807351077313	0.0	0.15462610899873258	0.7414448669201521	0.38719898605830166	0.19138149556400508	1.0	0.9778200253485425	0.4302915082382763	0.06844106463878327	0.052598225602027884	0.8377693282636248	1.0	0.0	0.9397972116603295	0.8536121673003803	1.0	0.24778200253485425	0.0	0.829531051964512	1.0
25290	0.0	1.0	1.0	1.0	0.0	0.0	0.40437158469945356	0.6284153005464481	0.0	1.0	0.6666666666666666	0.6830601092896175	0.0	0.3333333333333333	1.0	0.6994535519125683	0.0	1.0	0.6120218579234973	1.0	0.0	0.0	1.0	1.0
25291	0.0	0.5077881619937694	0.45275181723779856	0.8463136033229491	0.0	0.0	0.7985462097611631	0.8120456905503635	0.0	1.0	0.8712357217030114	0.6884735202492211	0.10072689511941849	0.0	0.8473520249221184	1.0	0.0	0.9781931464174455	0.5451713395638629	1.0	0.12149532710280374	0.0	0.8535825545171339	1.0
25292	0.6666666666666666	0.9686609686609686	0.0	0.6866096866096866	0.0	0.0	0.8062678062678063	0.8746438746438746	0.0	1.0	0.7236467236467237	0.42735042735042733	0.1396011396011396	0.47863247863247865	0.8888888888888888	1.0	0.0	1.0	1.0	1.0	0.2962962962962963	0.33903133903133903	0.9202279202279202	1.0
25293	0.2535014005602241	0.8221288515406162	0.4215686274509804	0.7745098039215687	0.15126050420168066	0.0	0.26330532212885155	0.5378151260504201	0.0	0.9061624649859944	0.7016806722689075	0.7759103641456583	0.0	0.3277310924369748	0.9929971988795518	1.0	0.0	1.0	0.927170868347339	1.0	0.0	0.36134453781512604	0.6722689075630253	1.0
25294	0.07599309153713299	0.7380541162924582	0.10880829015544041	0.8606793321819228	0.0	0.0	0.4991364421416235	0.5227403569372481	0.0	1.0	0.9291882556131261	0.4761082325849165	0.07656879677605066	0.08175014392630973	0.8779504893494531	1.0	0.10592976396085205	1.0	0.409902130109384	1.0	0.0	0.19516407599309155	0.7818077144502015	1.0
25295	0.0	1.0	0.0	0.9140893470790378	0.0	0.0	0.5120274914089347	0.8178694158075601	0.0	1.0	0.852233676975945	0.0	0.0	0.0	0.7285223367697594	1.0	0.0	0.9553264604810997	0.7697594501718213	1.0	0.3024054982817869	0.0	1.0	1.0
25296	0.0	0.5293631100082713	0.21257237386269645	0.6311000827129859	0.0	0.0	0.8089330024813896	0.48966087675765096	0.0	1.0	0.8337468982630273	0.6236559139784946	0.0	0.0	0.8751033912324235	0.9363110008271298	0.0	1.0	0.5260545905707196	1.0	0.0	0.3118279569892473	0.9851116625310173	1.0
25297	0.0	0.6113116726835138	0.0	0.7208182912154031	0.07821901323706378	0.044524669073405534	0.7882069795427196	0.43922984356197353	0.0	1.0	0.9915764139590855	0.3405535499398315	0.0	0.0	0.9987966305655837	1.0	0.0	0.7593261131167268	0.7942238267148014	1.0	0.1022864019253911	0.13838748495788206	0.9314079422382672	1.0
25298	0.0	0.6752738654147105	0.2809076682316119	0.9788732394366197	0.1134585289514867	0.0	0.6666666666666666	0.690923317683881	0.0	1.0	0.8708920187793427	0.5860719874804382	0.2589984350547731	0.2269170579029734	0.9726134585289515	0.9413145539906104	0.0	1.0	0.6298904538341158	1.0	0.0837245696400626	0.0	0.6635367762128326	1.0
25299	0.0	0.7300469483568075	0.20187793427230047	1.0	0.06338028169014084	0.0	0.534037558685446	0.22652582159624413	0.0	1.0	0.8568075117370892	0.45539906103286387	0.0	0.0	0.9823943661971831	1.0	0.0	1.0	0.6279342723004695	1.0	0.0	0.0	0.8133802816901409	1.0
25300	0.23394495412844038	0.8899082568807339	0.1620795107033639	0.9724770642201835	0.0	0.0	0.6681957186544343	0.8012232415902141	0.0	1.0	0.6207951070336392	0.6146788990825688	0.1636085626911315	0.0	1.0	1.0	0.0	1.0	0.636085626911315	1.0	0.0	0.4801223241590214	0.8608562691131498	1.0
25301	0.0	0.9598765432098766	0.09876543209876543	0.9197530864197531	0.0	0.0	0.5987654320987654	0.8117283950617284	0.0	1.0	1.0	0.3487654320987654	0.0	0.0	1.0	1.0	0.0	1.0	1.0	1.0	0.0	0.0	0.9660493827160493	1.0
25302	0.0	0.7655199683669435	0.3792012653222618	0.8726769474100435	0.1498616053776196	0.08936338473705022	0.6686437327006722	0.5776986951364176	0.0	0.9996045867931989	0.9323843416370107	0.5543693159351523	0.09054962435745353	0.14472123368920523	0.8948200869909055	1.0	0.06722024515618821	0.9897192566231712	0.5852115460656386	1.0	0.03558718861209965	0.11901937524713326	0.9228944246737841	1.0
25303	0.0	0.0	0.5691056910569106	0.6788617886178862	0.0	0.0	0.7195121951219512	0.3821138211382114	0.0	1.0	1.0	0.13821138211382114	0.0	0.0	0.9552845528455285	1.0	0.0	1.0	0.0	1.0	0.0	0.0	1.0	1.0
25304	0.2388888888888889	0.15555555555555556	0.0	1.0	0.0	0.0	0.5055555555555555	0.8444444444444444	0.0	1.0	1.0	0.4444444444444444	0.0	0.2388888888888889	0.8722222222222222	1.0	0.0	0.9111111111111111	0.0	1.0	0.0	0.0	1.0	1.0
25305	0.0	0.41944444444444445	0.0	0.6541666666666667	0.0	0.19305555555555556	0.6583333333333333	0.6222222222222222	0.0	1.0	0.9611111111111111	0.24583333333333332	0.14166666666666666	0.19722222222222222	0.8305555555555556	1.0	0.0	0.6333333333333333	0.7666666666666667	1.0	0.0	0.2569444444444444	0.6263888888888889	1.0
25306	0.0	0.7190775681341719	0.0	0.909853249475891	0.0	0.0	0.7547169811320755	0.37735849056603776	0.0	1.0	1.0	1.0	0.549266247379455	0.0	0.8637316561844863	1.0	0.0	1.0	0.8616352201257862	1.0	0.0	0.0	0.9769392033542977	1.0
25307	0.0	0.4975124378109453	0.0	0.8208955223880597	0.0	0.0	0.4577114427860697	0.6169154228855721	0.0	1.0	1.0	0.0	0.0	0.0	1.0	1.0	0.0	1.0	0.8208955223880597	1.0	0.0	0.0	1.0	1.0
25308	0.0	0.0	0.0	1.0	0.0	0.0	0.0	1.0	0.0	1.0	1.0	0.4479166666666667	0.0	0.0	1.0	1.0	0.0	1.0	1.0	1.0	0.0	0.0	0.8854166666666666	1.0
25309	0.0	0.0	0.0	0.0	0.0	0.0	0.07017543859649122	0.0	0.0	1.0	1.0	0.24561403508771928	0.0	0.0	1.0	1.0	0.0	1.0	0.543859649122807	1.0	0.0	0.0	1.0	1.0
25310	0.12906846240179573	0.3277216610549944	0.1717171717171717	0.8507295173961841	0.0	0.0	0.9595959595959596	0.6464646464646465	0.0	1.0	0.9607182940516273	0.7003367003367004	0.0	0.0	1.0	1.0	0.0	0.8956228956228957	0.9169472502805837	1.0	0.14927048260381592	0.24803591470258138	0.9663299663299664	1.0
25311	0.0	0.6203703703703703	0.0	1.0	0.0	0.0	0.9259259259259259	0.2222222222222222	0.0	1.0	0.0	1.0	0.0	0.0	0.9907407407407407	1.0	0.0	1.0	0.9074074074074074	1.0	0.0	0.4537037037037037	0.14814814814814814	1.0
25312	0.0	0.1347517730496454	0.0	0.0425531914893617	0.0	0.0	0.7375886524822695	1.0	0.0	1.0	0.7375886524822695	0.7021276595744681	0.0	0.0	0.9716312056737588	1.0	0.0	1.0	0.6808510638297872	1.0	0.0	0.0	1.0	1.0
25313	0.0	0.0	0.0	0.7272727272727273	0.0	0.6742424242424242	0.696969696969697	0.3787878787878788	0.0	1.0	0.9696969696969697	0.0	0.7954545454545454	0.6893939393939394	0.3484848484848485	0.9393939393939394	0.0	0.7424242424242424	0.4015151515151515	1.0	0.7424242424242424	0.2196969696969697	1.0	0.9696969696969697
25314	0.0	1.0	0.0	0.9082125603864735	0.0	0.0	0.0966183574879227	0.8357487922705314	0.0	1.0	0.9033816425120773	0.5942028985507246	0.0	0.0	1.0	1.0	0.0	0.961352657004831	0.9516908212560387	1.0	0.0	0.357487922705314	0.6183574879227053	1.0
25315	0.0	0.9026217228464419	0.8014981273408239	0.9925093632958801	0.5318352059925093	0.0	0.8951310861423221	0.9700374531835206	0.0	1.0	1.0	1.0	0.0	0.0	1.0	1.0	0.0	1.0	1.0	1.0	0.0	0.0	1.0	1.0
25316	0.0	0.6216216216216216	0.9819819819819819	1.0	0.0	0.0	1.0	0.8198198198198198	0.0	1.0	0.9279279279279279	1.0	0.0	0.0	1.0	1.0	0.0	1.0	0.9369369369369369	1.0	0.0	0.0	1.0	1.0
25317	0.0	0.6463963963963963	0.4009009009009009	1.0	0.22072072072072071	0.0	0.7094594594594594	1.0	0.0	1.0	0.9572072072072072	0.4369369369369369	0.0	0.0	1.0	1.0	0.0	0.9481981981981982	0.8400900900900901	1.0	0.0	0.3918918918918919	1.0	1.0
25318	0.0	0.9675925925925926	0.0	1.0	0.0	0.0	0.8055555555555556	1.0	0.0	1.0	1.0	0.6620370370370371	0.35648148148148145	0.0	1.0	1.0	0.0	1.0	1.0	1.0	0.6203703703703703	0.0	1.0	1.0
25319	0.14299242424242425	0.9100378787878788	0.4128787878787879	1.0	0.10795454545454546	0.14109848484848486	0.9933712121212122	0.8740530303030303	0.0	1.0	1.0	0.6553030303030303	0.32670454545454547	0.16098484848484848	1.0	1.0	0.0	1.0	0.8295454545454546	1.0	0.12310606060606061	0.0	1.0	1.0
25320	0.0	0.2682926829268293	0.0	0.37398373983739835	0.0	0.0	0.16260162601626016	0.0	0.0	1.0	0.13414634146341464	0.24796747967479674	0.0	0.0	0.6585365853658537	0.6788617886178862	0.0	0.7601626016260162	0.23170731707317074	1.0	0.0	0.0	0.5040650406504065	1.0
25321	0.0	0.8432671081677704	0.0	0.9735099337748344	0.0	0.4878587196467991	0.8631346578366446	0.5187637969094923	0.0	0.8962472406181016	0.5231788079470199	0.6997792494481236	0.0	0.24944812362030905	0.9072847682119205	1.0	0.0	0.9249448123620309	0.5783664459161147	1.0	0.0	0.0	0.8609271523178808	1.0
25322	0.0	0.5542635658914729	0.0	0.9941860465116279	0.17829457364341086	0.0	0.7771317829457365	0.6211240310077519	0.0	1.0	0.939922480620155	0.5416666666666666	0.0	0.19864341085271317	1.0	1.0	0.0	0.936046511627907	0.6492248062015504	1.0	0.11434108527131782	0.2858527131782946	1.0	1.0
25323	0.0	0.5086580086580087	0.0	0.9285714285714286	0.0	0.0	0.6536796536796536	0.6038961038961039	0.0	0.6645021645021645	0.8225108225108225	0.3463203463203463	0.0	0.0	0.46320346320346323	0.8722943722943723	0.3268398268398268	0.7922077922077922	0.24891774891774893	0.8961038961038961	0.0	0.0	0.829004329004329	0.9545454545454546
25324	0.0	0.6394557823129252	0.5136054421768708	0.7687074829931972	0.0	0.0	0.5306122448979592	0.32653061224489793	0.0	1.0	0.891156462585034	0.7210884353741497	0.0	0.0	1.0	1.0	0.0	0.9523809523809523	0.5204081632653061	0.9829931972789115	0.0	0.4489795918367347	0.6020408163265306	0.9965986394557823
25325	0.22675736961451248	0.7721088435374149	0.2687074829931973	0.953514739229025	0.0	0.009070294784580499	0.8503401360544217	0.4376417233560091	0.0	1.0	0.6337868480725624	0.6360544217687075	0.2675736961451247	0.0	1.0	0.9852607709750567	0.0	0.7619047619047619	0.8049886621315193	1.0	0.15532879818594103	0.0	1.0	1.0
25326	0.0	0.0	0.9030303030303031	0.7757575757575758	0.11515151515151516	0.703030303030303	0.40606060606060607	1.0	0.0	1.0	1.0	0.5636363636363636	0.0	0.0	1.0	1.0	0.0	0.7636363636363637	1.0	1.0	0.0	0.0	0.9636363636363636	1.0
25327	0.0	0.45	0.875	1.0	0.37916666666666665	0.5041666666666667	1.0	0.8708333333333333	0.0	1.0	1.0	0.7625	0.0	0.0	1.0	1.0	0.0	0.9166666666666666	0.7208333333333333	1.0	0.0	0.0	1.0	1.0
25328	0.0	0.7552910052910053	0.0873015873015873	0.6613756613756614	0.0	0.0	0.9193121693121693	0.8465608465608465	0.0	0.9947089947089947	0.8412698412698413	0.5595238095238095	0.0	0.0	1.0	1.0	0.0	1.0	0.43386243386243384	1.0	0.0	0.0	1.0	1.0
25329	0.0	0.7386363636363636	0.0	0.0	0.0	0.0	0.3371212121212121	0.9090909090909091	0.0	1.0	1.0	0.5	0.0	0.0	0.9810606060606061	0.7537878787878788	0.0	1.0	0.8674242424242424	1.0	0.0	0.571969696969697	0.6590909090909091	1.0
25330	0.0	0.6944444444444444	0.0	0.7395833333333334	0.0	0.0	0.8333333333333334	0.6753472222222222	0.0	0.8541666666666666	0.7899305555555556	0.3680555555555556	0.0	0.2638888888888889	0.8541666666666666	1.0	0.0	0.6770833333333334	0.8472222222222222	0.9809027777777778	0.19270833333333334	0.2621527777777778	0.8454861111111112	0.9809027777777778
25331	0.0	0.4365482233502538	0.0	0.8299492385786802	0.25549915397631134	0.0	0.7969543147208121	0.8646362098138748	0.0	1.0	0.9060913705583756	0.2089678510998308	0.2868020304568528	0.1404399323181049	0.9703891708967851	1.0	0.0	1.0	0.5194585448392555	1.0	0.0	0.12774957698815567	0.922165820642978	1.0
25332	0.0	0.8958333333333334	0.7916666666666666	1.0	0.0	0.0	0.9583333333333334	0.8402777777777778	0.0	1.0	0.8263888888888888	0.0	0.7708333333333334	0.5069444444444444	0.8125	0.7361111111111112	0.0	0.6875	1.0	1.0	0.0	0.0	1.0	1.0
25333	0.8216845878136201	0.8969534050179212	0.300179211469534	0.9767025089605734	0.32616487455197135	0.3924731182795699	0.9829749103942652	0.703405017921147	0.7293906810035843	1.0	0.9883512544802867	0.7275985663082437	0.6998207885304659	0.7688172043010753	0.9731182795698925	1.0	0.739247311827957	1.0	1.0	1.0	0.4489247311827957	0.8127240143369175	1.0	1.0
25334	0.35964912280701755	0.32748538011695905	0.2719298245614035	0.5994152046783626	0.4766081871345029	0.0	0.4678362573099415	0.5730994152046783	0.0	1.0	0.7485380116959064	0.5029239766081871	0.18421052631578946	0.7777777777777778	1.0	1.0	0.0	0.97953216374269	0.6461988304093568	1.0	0.18421052631578946	0.9093567251461988	1.0	1.0
25335	0.0	0.9017094017094017	0.0	1.0	0.0	0.0	1.0	0.7863247863247863	0.0	1.0	1.0	0.8247863247863247	0.44871794871794873	0.5085470085470085	1.0	1.0	0.0	0.8461538461538461	1.0	1.0	0.3076923076923077	0.48717948717948717	1.0	1.0
25336	0.0	0.9696969696969697	0.0	0.8441558441558441	0.0	0.0	0.9826839826839827	0.004329004329004329	0.0	1.0	0.08225108225108226	0.0	0.0	0.22510822510822512	0.7489177489177489	1.0	0.0	1.0	0.06926406926406926	1.0	0.0	0.0	1.0	1.0
25337	0.0	0.8343434343434344	0.2080808080808081	0.43434343434343436	0.0	0.0	0.9414141414141414	0.5535353535353535	0.0	1.0	1.0	0.2585858585858586	0.0	0.04040404040404041	0.7292929292929293	0.9838383838383838	0.0	1.0	0.802020202020202	1.0	0.0	0.0	0.9373737373737374	1.0
25338	0.0	0.5501165501165501	0.0	0.668997668997669	0.0	0.0	0.7272727272727273	0.49417249417249415	0.0	1.0	0.9254079254079254	0.5221445221445221	0.0	0.0	0.8554778554778555	1.0	0.0	1.0	0.6503496503496503	0.9393939393939394	0.0	0.0	0.6503496503496503	1.0
25339	0.0	0.979381443298969	0.0	0.4536082474226804	0.0	0.0	0.0	0.38144329896907214	0.0	1.0	1.0	0.3642611683848797	0.0	0.570446735395189	1.0	0.8487972508591065	0.0	0.8109965635738832	0.5223367697594502	1.0	0.4261168384879725	0.0	0.7010309278350515	1.0
25340	0.0	0.8522727272727273	0.0	1.0	0.0	0.571969696969697	0.5643939393939394	0.875	0.0	1.0	1.0	0.9204545454545454	0.0	0.1856060606060606	1.0	1.0	0.0	1.0	0.0	1.0	0.0	0.08333333333333333	1.0	1.0
25341	0.0	0.5495495495495496	0.0	0.9459459459459459	0.0	0.0	0.7267267267267268	0.7447447447447447	0.0	1.0	1.0	0.25825825825825827	0.0	0.0	1.0	1.0	0.0	1.0	0.96996996996997	1.0	0.0	0.45345345345345345	0.5825825825825826	1.0
25342	0.0	0.49382716049382713	0.6172839506172839	0.6419753086419753	0.0	0.0	0.854320987654321	0.8024691358024691	0.3111111111111111	1.0	0.8123456790123457	0.31851851851851853	0.0	0.35555555555555557	1.0	1.0	0.0	0.9530864197530864	0.7703703703703704	1.0	0.0	0.47901234567901235	1.0	1.0
25343	0.0	0.8460754332313966	0.109072375127421	0.9836901121304791	0.21916411824668705	0.0	1.0	0.35575942915392456	0.0	1.0	0.9989806320081549	0.5891946992864424	0.09174311926605505	0.0998980632008155	0.9908256880733946	1.0	0.0	0.8868501529051988	0.4954128440366973	1.0	0.0	0.0	0.9785932721712538	1.0
25344	0.0	0.6711111111111111	0.0	0.9066666666666666	0.0	0.0	0.8088888888888889	0.9288888888888889	0.0	1.0	0.92	0.1688888888888889	0.0	0.0	1.0	0.9555555555555556	0.0	0.9288888888888889	0.0	0.9555555555555556	0.0	0.0	0.6622222222222223	0.9555555555555556
25345	0.0	0.0	0.5454545454545454	0.8727272727272727	0.0	0.0	0.9787878787878788	0.6848484848484848	0.0	1.0	1.0	0.5606060606060606	0.0	0.0	0.9939393939393939	1.0	0.0	1.0	1.0	1.0	0.0	0.0	1.0	1.0
25346	0.0	1.0	0.0	1.0	0.1917808219178082	0.0	1.0	0.8082191780821918	0.0	1.0	1.0	0.684931506849315	0.0	0.0	0.771689497716895	1.0	0.0	0.958904109589041	0.3059360730593607	1.0	0.5799086757990868	0.0	1.0	1.0
25347	0.0	0.4601449275362319	0.0	0.7753623188405797	0.0	0.0	0.36594202898550726	0.9855072463768116	0.0	0.8876811594202898	1.0	0.4963768115942029	0.0	0.0	1.0	1.0	0.0	0.967391304347826	0.40942028985507245	1.0	0.0	0.0	0.9782608695652174	1.0
25348	0.0	0.7777777777777778	0.4790528233151184	0.8579234972677595	0.0	0.0	0.7941712204007286	0.6111111111111112	0.0	1.0	0.9061930783242259	0.6539162112932605	0.1092896174863388	0.0	1.0	1.0	0.0	1.0	0.7340619307832422	1.0	0.09198542805100182	0.0	1.0	1.0
25349	0.0	0.7803030303030303	0.0	0.9015151515151515	0.24494949494949494	0.0	0.6515151515151515	0.9393939393939394	0.0	1.0	1.0	0.5808080808080808	0.2398989898989899	0.0	1.0	1.0	0.0	1.0	0.7929292929292929	1.0	0.0	0.7297979797979798	1.0	1.0
25350	0.0	0.989247311827957	0.0	0.8225806451612904	0.0	0.0	0.5053763440860215	0.6451612903225806	0.0	1.0	1.0	1.0	0.0	0.0	1.0	1.0	0.0	1.0	0.5161290322580645	1.0	0.0	0.0	1.0	1.0
25351	0.0	0.3582834331337325	0.1656686626746507	0.5508982035928144	0.0	0.0	0.7255489021956087	0.7654690618762475	0.0	1.0	0.9481037924151696	0.7994011976047904	0.0	0.0	1.0	1.0	0.0	0.9820359281437125	0.46706586826347307	1.0	0.0	0.0	0.8153692614770459	1.0
25352	0.0	0.9184397163120568	0.6950354609929078	1.0	0.0	0.0	0.9219858156028369	0.35106382978723405	0.0	1.0	1.0	0.0	0.0	0.4219858156028369	1.0	0.975177304964539	0.0	1.0	0.5354609929078015	1.0	0.0	0.0	1.0	1.0
25353	0.0	0.4349593495934959	0.0	1.0	0.0	0.0	0.6016260162601627	0.47560975609756095	0.0	1.0	0.9186991869918699	0.7398373983739838	0.0	0.044715447154471545	1.0	1.0	0.0	1.0	0.5691056910569106	1.0	0.0	0.0	1.0	1.0
25354	0.0	0.9615384615384616	0.0	0.7692307692307693	0.0	0.0	0.7532051282051282	0.6923076923076923	0.0	0.9807692307692307	0.9583333333333334	0.5608974358974359	0.0	0.0	0.9775641025641025	0.9775641025641025	0.0	0.7532051282051282	0.47435897435897434	1.0	0.0	0.0	1.0	0.9487179487179487
25355	0.0	0.8364389233954451	0.0	0.8830227743271222	0.0	0.0	0.2939958592132505	0.7577639751552795	0.0	1.0	0.849896480331263	0.6014492753623188	0.0	0.0	0.917184265010352	0.9513457556935818	0.0	0.8540372670807453	0.660455486542443	1.0	0.14492753623188406	0.0	1.0	1.0
25356	0.0	0.18042813455657492	0.0	0.07492354740061162	0.0	0.0	0.7293577981651376	0.7782874617737003	0.0	1.0	0.9969418960244648	0.5336391437308868	0.0	0.0	0.8807339449541285	1.0	0.0	1.0	0.7568807339449541	1.0	0.1620795107033639	0.0	0.9159021406727829	1.0
25357	0.0	0.0	0.6147186147186147	0.8051948051948052	0.5541125541125541	0.0	0.948051948051948	0.7619047619047619	0.0	0.4329004329004329	0.6536796536796536	0.3116883116883117	0.0	0.0	0.9307359307359307	0.9783549783549783	0.0	0.9047619047619048	0.9134199134199135	1.0	0.0	0.0	0.9090909090909091	1.0
25358	0.0	0.9491525423728814	0.0	0.9943502824858758	0.0	0.0	0.8305084745762712	0.0	0.96045197740113	1.0	0.0	0.0	0.9943502824858758	0.0	0.943502824858757	0.7909604519774012	0.0	0.7966101694915254	0.0	0.943502824858757	0.0	0.0	1.0	0.864406779661017
25359	0.0	0.29971988795518206	0.0	0.8543417366946778	0.0	0.2913165266106443	0.9859943977591037	0.7450980392156863	0.0	1.0	0.9411764705882353	0.47058823529411764	0.0	0.5938375350140056	1.0	1.0	0.6582633053221288	1.0	0.7619047619047619	1.0	0.0	0.0	1.0	1.0
25360	0.0	0.8245614035087719	0.3368421052631579	1.0	0.0	0.0	0.22456140350877193	0.7929824561403509	0.0	1.0	1.0	0.0	0.0	0.5754385964912281	0.9368421052631579	1.0	0.0	1.0	0.017543859649122806	1.0	0.47368421052631576	0.0	1.0	1.0
25361	0.0	1.0	0.3263157894736842	0.5614035087719298	0.6526315789473685	0.0	0.6842105263157895	0.7052631578947368	0.0	1.0	1.0	0.4807017543859649	0.0	0.0	1.0	1.0	0.0	0.6842105263157895	0.9964912280701754	1.0	0.1649122807017544	0.0	0.9368421052631579	1.0
25362	0.0	0.7751004016064257	0.4006024096385542	1.0	0.0	0.0	0.9056224899598394	0.6495983935742972	0.0	1.0	0.9668674698795181	0.46686746987951805	0.0	0.0	1.0	1.0	0.0	0.9598393574297188	0.6204819277108434	1.0	0.11044176706827309	0.3032128514056225	0.8865461847389559	1.0
25363	0.0	0.0	0.0	0.9876543209876543	0.0	0.0	1.0	0.0	0.0	0.9506172839506173	0.38271604938271603	0.0	0.0	0.0	1.0	1.0	0.0	0.0	0.0	1.0	0.0	0.0	0.8641975308641975	0.9876543209876543
25364	0.0	0.7022792022792023	0.3433048433048433	0.9188034188034188	0.0	0.0	0.7272079772079773	0.3433048433048433	0.0	1.0	0.8703703703703703	0.5448717948717948	0.0	0.0	0.8668091168091168	0.9829059829059829	0.0	0.9529914529914529	0.5462962962962963	1.0	0.05982905982905983	0.2143874643874644	0.9736467236467237	1.0
25365	0.0	0.6293859649122807	0.02850877192982456	0.9495614035087719	0.0	0.0	0.9111842105263158	0.8892543859649122	0.0	1.0	0.9901315789473685	0.5153508771929824	0.11513157894736842	0.0	0.8201754385964912	1.0	0.0	1.0	0.7620614035087719	1.0	0.1962719298245614	0.16557017543859648	0.6513157894736842	1.0
25366	0.0	0.5014005602240896	0.0	0.7857142857142857	0.0	0.0	0.8837535014005602	0.5756302521008403	0.0	1.0	0.9677871148459384	0.0784313725490196	0.24649859943977592	0.0	0.8417366946778712	1.0	0.0	0.9915966386554622	0.41316526610644255	1.0	0.0	0.17647058823529413	1.0	1.0
25367	0.0	0.0	0.0	0.9530516431924883	0.0	0.0	0.7136150234741784	0.0	0.0	1.0	1.0	0.0	0.0	0.0	1.0	1.0	0.0	1.0	1.0	1.0	0.0	0.0	1.0	1.0
25368	0.0	0.8740458015267175	0.2951653944020356	0.7251908396946565	0.0	0.0	0.7620865139949109	0.6539440203562341	0.0	1.0	0.8155216284987278	0.015267175572519083	0.0	0.14122137404580154	0.8473282442748091	1.0	0.0	0.9847328244274809	0.9631043256997456	1.0	0.0	0.0	0.6997455470737913	1.0
25369	0.335042735042735	0.47692307692307695	0.24273504273504273	0.7504273504273504	0.0	0.0	0.7811965811965812	0.30427350427350425	0.1811965811965812	1.0	0.8991452991452992	0.6478632478632479	0.0	0.48034188034188036	0.947008547008547	1.0	0.0	1.0	0.1641025641025641	1.0	0.4307692307692308	0.0	0.8837606837606837	1.0
25370	0.08568075117370892	0.42018779342723006	0.1267605633802817	0.8931924882629108	0.12089201877934272	0.10211267605633803	0.687793427230047	0.9870892018779343	0.0	0.965962441314554	0.9671361502347418	0.49295774647887325	0.0	0.0	0.9835680751173709	1.0	0.0	0.9107981220657277	0.8708920187793427	1.0	0.035211267605633804	0.0	0.8063380281690141	0.9823943661971831
25371	0.0	0.2831858407079646	0.799410029498525	0.5132743362831859	0.0	0.0	0.7020648967551623	0.6076696165191741	0.0	1.0	1.0	0.28023598820059	0.0	0.4631268436578171	0.855457227138643	1.0	0.0	1.0	0.49852507374631266	1.0	0.0	0.26253687315634217	0.9085545722713865	1.0
25372	0.0	0.4083333333333333	0.4	0.6733333333333333	0.36666666666666664	0.0	0.9333333333333333	0.76	0.0	1.0	0.895	0.5233333333333333	0.0	0.041666666666666664	1.0	1.0	0.0	0.915	0.7183333333333334	1.0	0.0	0.0	0.9183333333333333	1.0
25373	1.0	0.0903954802259887	0.0	1.0	0.0	0.0	0.6892655367231638	1.0	0.0	1.0	1.0	1.0	0.0	0.0	1.0	1.0	0.96045197740113	1.0	0.07909604519774012	1.0	0.0	0.0	0.9830508474576272	1.0
25374	0.0	0.4067796610169492	0.4067796610169492	1.0	0.0	0.0	0.1497175141242938	0.655367231638418	0.0	1.0	0.5790960451977402	0.7288135593220338	0.0	0.4887005649717514	0.6864406779661016	1.0	0.0	1.0	0.6214689265536724	1.0	0.0	0.0	1.0	1.0
25375	0.1670103092783505	0.4756013745704467	0.5498281786941581	0.9993127147766323	0.0	0.0	0.5195876288659794	0.8597938144329897	0.04742268041237113	1.0	0.8006872852233677	0.38831615120274915	0.07422680412371134	0.2941580756013746	0.9896907216494846	1.0	0.0	0.9463917525773196	0.6364261168384879	1.0	0.0	0.0	0.9175257731958762	1.0
25376	0.03294573643410853	0.5862403100775194	0.011627906976744186	1.0	0.0	0.16279069767441862	0.7596899224806202	0.20445736434108527	0.015503875968992248	0.9922480620155039	0.9573643410852714	0.016472868217054265	0.012596899224806201	0.2606589147286822	0.8410852713178295	1.0	0.0	1.0	0.9844961240310077	1.0	0.11531007751937984	0.0	1.0	1.0
25377	0.0	0.5433526011560693	0.6897880539499036	0.9826589595375722	0.0	0.0	0.371868978805395	1.0	0.0	0.9402697495183044	1.0	0.36801541425818884	0.1676300578034682	0.3911368015414258	0.7842003853564548	1.0	0.0	1.0	1.0	1.0	0.0	0.0	0.8323699421965318	1.0
25378	0.0	0.4134078212290503	0.21601489757914338	0.925512104283054	0.0	0.0	0.7318435754189944	0.8677839851024208	0.0	1.0	0.702048417132216	0.43202979515828677	0.3612662942271881	0.0	0.9869646182495344	0.9702048417132216	0.0	1.0	0.28305400372439476	1.0	0.0	0.0	1.0	1.0
25379	0.0	0.7994579945799458	0.45528455284552843	0.7967479674796748	0.0	0.0	0.6504065040650406	0.4092140921409214	0.0	0.975609756097561	0.8644986449864499	0.0	0.0	0.0	0.7100271002710027	0.9566395663956639	0.0	0.7425474254742548	0.8184281842818428	0.989159891598916	0.0	0.0	0.7181571815718157	0.989159891598916
25380	0.0	0.9911111111111112	0.0	0.94	0.0	0.0	0.9977777777777778	1.0	0.0	1.0	1.0	1.0	0.0	0.0	1.0	1.0	0.0	1.0	0.013333333333333334	1.0	0.0	0.0	0.8911111111111111	1.0
25381	0.0	0.7784743991640544	0.2831765935214211	0.8871473354231975	0.0	0.0	0.8432601880877743	0.8746081504702194	0.0	1.0	0.7857889237199582	0.4200626959247649	0.0	0.0	0.9393939393939394	0.9174503657262278	0.0	0.9791013584117032	0.7931034482758621	1.0	0.0	0.0	0.9007314524555904	1.0
25382	0.05442176870748299	0.7607709750566893	0.24603174603174602	0.764172335600907	0.0	0.3424036281179138	0.5691609977324263	0.780045351473923	0.0	1.0	0.8356009070294784	0.6530612244897959	0.0	0.0	0.9931972789115646	0.971655328798186	0.17573696145124718	1.0	0.7936507936507936	1.0	0.12131519274376418	0.34467120181405897	0.9297052154195011	1.0
25383	0.0	0.8809523809523809	0.15476190476190477	0.9007936507936508	0.0	0.0	0.7407407407407407	0.5542328042328042	0.0	0.9007936507936508	1.0	0.48148148148148145	0.30423280423280424	0.0	0.8888888888888888	1.0	0.0	1.0	0.9523809523809523	1.0	0.09523809523809523	0.3994708994708995	0.8888888888888888	1.0
25384	0.0	0.7721518987341772	0.8776371308016878	0.8734177215189873	0.0	0.0	0.6244725738396625	0.0	0.0	1.0	0.6371308016877637	0.0	0.0	0.5485232067510548	1.0	1.0	0.0	1.0	1.0	1.0	0.0	0.0	1.0	1.0
25385	0.0	0.5366739288307916	0.07552650689905592	0.7734204793028322	0.07407407407407407	0.0	0.4756717501815541	0.6862745098039216	0.0	1.0	0.8801742919389978	0.6877269426289034	0.0	0.2047930283224401	0.8010167029774873	0.9564270152505446	0.0	0.879448075526507	0.289760348583878	1.0	0.0	0.0	0.9673202614379085	1.0
25386	0.0	0.0	0.0	0.5403508771929825	0.0	0.0	0.0	0.2631578947368421	0.0	0.8456140350877193	0.0	0.5578947368421052	0.0	0.0	0.5684210526315789	1.0	0.0	0.5228070175438596	0.0	0.9508771929824561	0.0	0.0	0.5754385964912281	1.0
25387	0.21791862284820032	0.6780125195618153	0.3403755868544601	0.846244131455399	0.1322378716744914	0.04655712050078247	0.6651017214397497	0.7222222222222222	0.03716744913928013	1.0	0.5794209702660407	0.3094679186228482	0.27269170579029733	0.384585289514867	0.8896713615023474	0.9303599374021909	0.0	0.9436619718309859	0.5449921752738655	0.9722222222222222	0.08215962441314555	0.2683881064162754	0.8407668231611893	0.9780907668231612
25388	0.38345864661654133	0.0	0.0	0.9047619047619048	0.0	0.0	0.47869674185463656	0.6190476190476191	0.0	1.0	0.7243107769423559	0.9974937343358395	0.2531328320802005	0.0	0.9849624060150376	0.9573934837092731	0.0	0.7769423558897243	0.7794486215538847	1.0	0.0	0.0	0.3007518796992481	1.0
25389	0.0	0.43	0.0	0.8366666666666667	0.1622222222222222	0.0	0.5022222222222222	0.6244444444444445	0.0	1.0	0.9122222222222223	0.2777777777777778	0.33111111111111113	0.10333333333333333	0.78	0.9255555555555556	0.0	1.0	0.8466666666666667	1.0	0.057777777777777775	0.33555555555555555	0.9388888888888889	1.0
25390	0.0	0.30994152046783624	0.0	0.8830409356725146	0.0	0.0	1.0	0.8713450292397661	0.0	0.9239766081871345	1.0	0.0	0.0	0.0	0.5087719298245614	0.5497076023391813	0.0	0.42105263157894735	0.0	1.0	0.8713450292397661	0.0	0.783625730994152	0.783625730994152
25391	0.0	0.0	0.2041553748870822	0.7271906052393857	0.0	0.0	0.7109304426377597	0.6341463414634146	0.0	0.987353206865402	0.4986449864498645	0.5483288166214996	0.26287262872628725	0.0	0.9060523938572719	0.8536585365853658	0.0	0.13640469738030714	0.6558265582655827	0.976513098464318	0.13640469738030714	0.0	0.8202348690153568	1.0
25392	0.0	0.49612403100775193	0.0	0.3643410852713178	0.0	0.0	0.0	0.4496124031007752	0.0	1.0	0.0	1.0	0.07751937984496124	0.0	1.0	1.0	0.0	0.5736434108527132	0.937984496124031	1.0	0.0	0.0	0.7751937984496124	1.0
25393	0.0	0.6779661016949152	0.1786723163841808	0.8283898305084746	0.0	0.0	0.7860169491525424	0.6892655367231638	0.0	1.0	0.8693502824858758	0.519774011299435	0.08898305084745763	0.07274011299435028	0.9675141242937854	1.0	0.0	0.9717514124293786	0.3347457627118644	1.0	0.0	0.14336158192090395	0.9477401129943502	1.0
25394	0.0	0.0	0.0	0.4444444444444444	0.0	0.0	0.0	0.0	0.0	0.9	0.0	1.0	0.0	0.0	1.0	0.2111111111111111	0.0	0.0	0.0	0.5666666666666667	0.0	0.0	0.0	0.17777777777777778
25395	0.0	0.5182186234817814	0.3049932523616734	0.7881241565452092	0.1282051282051282	0.0	0.7395411605937922	0.5546558704453441	0.0	0.9338731443994602	0.7638326585695007	0.2793522267206478	0.0	0.0	0.7827260458839406	0.9973009446693657	0.0	0.7112010796221323	0.6342780026990553	0.8272604588394062	0.0	0.5303643724696356	0.7651821862348178	0.9973009446693657
25396	0.0	0.4126325495620101	0.12217611802674043	0.8704472106961734	0.0	0.0	0.7528815122176118	0.7445827570308898	0.0	0.9824804057169202	0.9285384970032273	0.5850622406639004	0.0	0.039188566159520516	0.9893960350391886	1.0	0.1392346703550023	0.8570769940064545	0.6127247579529738	1.0	0.0	0.0677731673582296	0.9442139234670355	1.0
25397	0.0	0.0	0.0	0.4274193548387097	0.0	0.0	0.0	0.0	0.0	0.4381720430107527	0.2956989247311828	0.0	0.0	0.0	0.41397849462365593	1.0	0.0	0.9811827956989247	0.0	0.9650537634408602	0.0	0.0	0.5725806451612904	0.5725806451612904
25398	0.0	0.28160919540229884	0.0	0.6954022988505747	0.0	0.0	0.7413793103448276	0.06321839080459771	0.0	1.0	0.8448275862068966	0.39080459770114945	0.0	0.0	0.7931034482758621	1.0	0.0	0.5747126436781609	0.0	1.0	0.0	0.13218390804597702	0.0	0.9942528735632183
25399	0.0	0.0	0.0	0.5579710144927537	0.0	0.0	0.9420289855072463	1.0	0.6630434782608695	1.0	0.9202898550724637	1.0	0.0	0.0	0.6630434782608695	1.0	0.0	0.822463768115942	0.0	1.0	0.0	0.5471014492753623	0.8260869565217391	1.0
25400	0.0	0.6498855835240275	0.08771929824561403	0.8314263920671243	0.0	0.0	0.8314263920671243	0.37528604118993136	0.0	0.9603356216628528	0.8771929824561403	0.627765064836003	0.2524790236460717	0.2913806254767353	0.9511823035850496	1.0	0.0	0.8604118993135011	0.8268497330282227	1.0	0.0	0.0	0.9534706331045004	1.0
25401	0.0	0.49390243902439024	0.01016260162601626	0.3475609756097561	0.0	0.0	0.4613821138211382	0.3821138211382114	0.0	1.0	0.9004065040650406	0.3861788617886179	0.0	0.0	0.8963414634146342	1.0	0.0	1.0	0.5121951219512195	1.0	0.0	0.3130081300813008	0.4817073170731707	1.0
25402	0.0	0.4337899543378995	0.1461187214611872	1.0	0.0	0.0	1.0	0.776255707762557	0.0	1.0	1.0	0.4657534246575342	0.0	0.0	1.0	1.0	0.0	0.7397260273972602	0.9908675799086758	1.0	0.6712328767123288	0.0	0.908675799086758	1.0
25403	0.0	0.0	0.0	0.8603988603988604	0.0	0.4301994301994302	0.1339031339031339	0.7749287749287749	0.0	1.0	0.8660968660968661	0.6096866096866097	0.0	0.0	0.7977207977207977	0.9829059829059829	0.0	0.6153846153846154	0.6609686609686609	1.0	0.0	0.0	0.8888888888888888	1.0
25404	0.0	0.7572649572649572	0.2717948717948718	0.888034188034188	0.0	0.12905982905982907	0.6512820512820513	0.41965811965811967	0.0	0.9923076923076923	0.9136752136752136	0.45042735042735044	0.0	0.2606837606837607	0.735897435897436	1.0	0.0	1.0	0.6324786324786325	1.0	0.0	0.24188034188034188	0.9452991452991453	1.0
25405	0.0	0.11711711711711711	0.0	0.3153153153153153	0.0	0.0	0.6936936936936937	0.0	0.0	1.0	0.7702702702702703	0.0	0.0	0.0	0.34234234234234234	0.0	0.0	0.0	0.0	0.5405405405405406	0.0	0.0	0.0	1.0
25406	0.0	0.0	0.0	0.9291666666666667	0.0	0.0	0.525	0.9125	0.0	1.0	0.7041666666666667	0.7583333333333333	0.0	0.0	0.625	1.0	0.0	0.9333333333333333	0.0	1.0	0.0	0.6291666666666667	0.75	0.9
25407	0.0	0.3870967741935484	0.0	0.989247311827957	0.0	0.0	1.0	1.0	0.0	1.0	0.3548387096774194	0.6451612903225806	0.0	0.0	0.16129032258064516	0.989247311827957	0.0	1.0	0.0	1.0	0.0	0.21505376344086022	0.23655913978494625	1.0
25408	0.0	1.0	0.03950617283950617	1.0	0.0	0.0	0.9160493827160494	0.6641975308641975	0.0	1.0	0.6123456790123457	0.03950617283950617	0.0	0.0	1.0	1.0	0.0	1.0	0.5234567901234568	1.0	0.0	0.654320987654321	0.8074074074074075	1.0
25409	0.0	1.0	0.0	0.9666666666666667	0.10833333333333334	0.31666666666666665	0.675	0.8666666666666667	0.0	1.0	0.8333333333333334	0.09583333333333334	0.25833333333333336	0.0	1.0	1.0	0.0	1.0	1.0	1.0	0.22916666666666666	0.041666666666666664	0.9958333333333333	1.0
25410	0.0	0.6686991869918699	0.022357723577235773	0.7601626016260162	0.2845528455284553	0.0	0.7703252032520326	0.6178861788617886	0.0	1.0	1.0	0.0	0.0	0.1443089430894309	1.0	1.0	0.0	1.0	0.6585365853658537	1.0	0.0	0.0	0.9024390243902439	1.0
25411	0.0	0.5628930817610063	0.610062893081761	1.0	0.0	0.0	0.6823899371069182	0.9968553459119497	0.0	1.0	1.0	0.5911949685534591	0.0	0.3238993710691824	1.0	0.9968553459119497	0.0	0.8144654088050315	0.8647798742138365	1.0	0.0	0.0	0.7610062893081762	1.0
25412	0.0	0.841648590021692	0.2827187274041938	0.9313087490961678	0.0	0.06218365871294288	0.7830802603036876	0.6225596529284165	0.0	1.0	0.6623282718727405	0.36370209689081706	0.19088937093275488	0.18872017353579176	1.0	0.9992769342010123	0.0	0.9862617498192335	0.7563268257411424	1.0	0.09833694866232827	0.21764280549530007	0.9117859725234997	1.0
25413	0.0	0.0	0.0	1.0	0.0	0.0	0.4897959183673469	0.8299319727891157	0.0	1.0	1.0	0.38095238095238093	0.0	0.0	1.0	0.48299319727891155	0.0	1.0	0.0	1.0	0.0	0.9931972789115646	1.0	1.0
25414	0.0673202614379085	0.8183006535947712	0.0	0.8529411764705882	0.10718954248366012	0.0	0.7934640522875817	0.6882352941176471	0.19738562091503267	1.0	0.9470588235294117	0.6071895424836601	0.11437908496732026	0.15098039215686274	0.903921568627451	0.969281045751634	0.0	0.8483660130718954	0.5130718954248366	1.0	0.0	0.19150326797385622	0.8130718954248366	1.0
25415	0.26631393298059963	0.855379188712522	0.0	0.4567901234567901	0.0	0.0	0.7548500881834215	0.43033509700176364	0.0	0.9223985890652557	0.9964726631393298	0.42680776014109345	0.0	0.0	0.9982363315696648	0.91005291005291	0.0	0.6455026455026455	0.19400352733686066	0.9470899470899471	0.0	0.0	0.9047619047619048	0.9294532627865961
25416	0.0	0.8964539007092198	0.23546099290780143	0.6950354609929078	0.0	0.0	0.7531914893617021	0.39574468085106385	0.0	1.0	0.6666666666666666	0.3829787234042553	0.21418439716312057	0.15177304964539007	0.6936170212765957	0.9886524822695035	0.0	0.7957446808510639	0.3262411347517731	1.0	0.0	0.21418439716312057	0.9418439716312057	1.0
25417	0.0	0.0	0.0	0.6746031746031746	0.0	0.0	0.09523809523809523	0.9682539682539683	0.0	1.0	1.0	1.0	0.031746031746031744	0.0	1.0	1.0	0.0	0.7698412698412699	1.0	0.9603174603174603	0.0	0.0	1.0	1.0
25418	0.0	0.4774774774774775	0.3400900900900901	0.8457207207207207	0.0	0.0	0.8693693693693694	0.6362612612612613	0.0	1.0	1.0	0.831081081081081	0.27702702702702703	0.19369369369369369	1.0	1.0	0.0	1.0	0.8975225225225225	1.0	0.0	0.0	0.9279279279279279	1.0
25419	0.0	0.0	0.20903954802259886	0.22033898305084745	0.0	0.0	1.0	0.9943502824858758	0.0	1.0	1.0	0.6101694915254238	0.672316384180791	0.0	1.0	1.0	0.0	1.0	1.0	1.0	0.0	0.0	0.7401129943502824	1.0
25420	0.0	0.0	0.0	0.0	0.0	0.0	0.0	0.0	0.0	0.9714285714285714	0.4095238095238095	0.20952380952380953	0.0	0.0	0.9809523809523809	0.8476190476190476	0.0	0.719047619047619	0.719047619047619	0.7285714285714285	0.0	0.004761904761904762	0.8142857142857143	1.0
25421	0.0	0.3815104166666667	0.3072916666666667	0.7135416666666666	0.0	0.0	0.6549479166666666	0.2877604166666667	0.0	1.0	0.7083333333333334	0.4440104166666667	0.0	0.0	0.8515625	1.0	0.0	0.7942708333333334	0.4075520833333333	1.0	0.12760416666666666	0.22526041666666666	0.6145833333333334	1.0
25422	0.0	0.5591397849462365	0.0	0.6075268817204301	0.0	0.0	0.6720430107526881	0.7204301075268817	0.0	1.0	1.0	0.44623655913978494	0.0	0.0	0.8225806451612904	1.0	0.0	1.0	0.0	1.0	0.0	0.0	0.6451612903225806	1.0
25423	0.0	0.6763754045307443	0.3883495145631068	1.0	0.0	0.0	0.5145631067961165	0.3851132686084142	0.0	1.0	1.0	0.3559870550161812	0.0	0.0	1.0	1.0	0.0	0.6763754045307443	0.2621359223300971	1.0	0.0	0.8122977346278317	0.6990291262135923	1.0
25424	0.0	0.6666666666666666	0.10087719298245613	0.4649122807017544	0.0	0.0	0.9956140350877193	0.49122807017543857	0.0	0.9956140350877193	1.0	0.6096491228070176	0.0	0.03070175438596491	1.0	1.0	0.0	1.0	0.2850877192982456	1.0	0.0	0.0	1.0	1.0
25425	0.0	0.9611111111111111	0.39444444444444443	0.6	0.22777777777777777	0.0	0.4	0.39444444444444443	0.0	1.0	1.0	0.8333333333333334	0.0	0.0	1.0	1.0	0.0	1.0	0.3611111111111111	1.0	0.0	0.0	0.8944444444444445	1.0
25426	0.0	0.46730462519936206	0.0	0.9569377990430622	0.0	0.0	0.8022328548644339	0.4019138755980861	0.0	1.0	0.960127591706539	0.3763955342902711	0.0	0.2679425837320574	0.9760765550239234	1.0	0.0	1.0	0.0	1.0	0.32057416267942584	0.733652312599681	0.42424242424242425	1.0
25427	0.0	0.8874172185430463	0.0	0.7836644591611479	0.0	0.0	0.8167770419426048	0.9602649006622517	0.0	1.0	0.9293598233995585	0.0	0.0	0.0	0.9514348785871964	0.9205298013245033	0.0	1.0	0.6821192052980133	1.0	0.0	0.543046357615894	0.8852097130242825	1.0
25428	0.0	0.3069306930693069	0.0	0.5885588558855885	0.0	0.0	0.5368536853685368	0.3564356435643564	0.0	1.0	0.9493949394939494	0.43234323432343236	0.0	0.0	0.9812981298129813	1.0	0.0	1.0	0.5016501650165016	1.0	0.0924092409240924	0.7271727172717272	0.9933993399339934	1.0
25429	0.0	0.5775941230486685	0.13682277318640956	0.6556473829201102	0.0	0.0	0.7300275482093664	0.7272727272727273	0.0	1.0	0.921028466483012	0.39761248852157943	0.0	0.0	0.9320477502295684	1.0	0.0	1.0	0.7777777777777778	1.0	0.1919191919191919	0.0	0.837465564738292	1.0
25430	0.0	0.9902912621359223	0.44983818770226536	0.5889967637540453	0.0	0.0	1.0	0.7799352750809061	0.0	1.0	1.0	1.0	0.0	0.0	0.941747572815534	0.919093851132686	0.0	1.0	0.9935275080906149	1.0	0.0	0.0	0.8025889967637541	1.0
25431	0.0	0.7543859649122807	0.24035087719298245	0.6719298245614035	0.19035087719298247	0.0	0.712280701754386	0.7219298245614035	0.0	1.0	0.8859649122807017	0.6447368421052632	0.0	0.21140350877192982	0.9640350877192982	0.9429824561403509	0.0	1.0	0.862280701754386	1.0	0.1956140350877193	0.0	0.9789473684210527	1.0
25432	0.06427503736920777	0.6636771300448431	0.21076233183856502	0.9955156950672646	0.0	0.0	0.6023916292974589	0.6980568011958147	0.0	1.0	0.8191330343796711	0.547085201793722	0.0	0.0	0.7892376681614349	1.0	0.0	0.8609865470852018	0.6771300448430493	1.0	0.0	0.0	0.9267563527653214	0.9596412556053812
25433	0.3103448275862069	0.9749216300940439	0.27377220480668757	1.0	0.0	0.0	0.632183908045977	0.7387669801462905	0.0	1.0	0.9916405433646813	0.44618599791013586	0.0	0.3563218390804598	0.8986415882967607	0.9717868338557993	0.12748171368861025	0.9038662486938349	0.8432601880877743	1.0	0.0794148380355277	0.0	1.0	1.0
25434	0.0	0.6600265604249668	0.0	0.9163346613545816	0.20053120849933598	0.0	0.8605577689243028	0.8804780876494024	0.0	1.0	0.9256308100929614	0.5511288180610889	0.0	0.0	0.9482071713147411	0.7835325365205843	0.0	0.9203187250996016	0.45683930942895085	1.0	0.38114209827357237	0.14741035856573706	0.9150066401062417	1.0
25435	0.0	0.616260162601626	0.0	0.4097560975609756	0.0	0.2552845528455285	0.9252032520325203	0.7707317073170732	0.0	1.0	0.9902439024390244	0.5463414634146342	0.0	0.13008130081300814	0.9300813008130081	1.0	0.0	1.0	0.7544715447154472	1.0	0.0	0.14471544715447154	0.9983739837398374	1.0
25436	0.0	0.7597864768683275	0.13107947805456702	0.9436536180308422	0.05812574139976275	0.1553973902728351	0.7473309608540926	0.7295373665480427	0.0	1.0	0.8813760379596679	0.3552787663107948	0.14531435349940688	0.07473309608540925	0.9110320284697508	1.0	0.0	0.9875444839857651	0.758600237247924	1.0	0.0	0.0	0.9483985765124555	1.0
25437	0.027083333333333334	0.9208333333333333	0.0	0.27708333333333335	0.0	0.0	0.8979166666666667	0.81875	0.0	1.0	1.0	0.11666666666666667	0.0	0.22291666666666668	0.98125	1.0	0.0	0.9354166666666667	0.8916666666666667	1.0	0.0	0.0	0.8979166666666667	1.0
25438	0.2837465564738292	0.743801652892562	0.0	1.0	0.0	0.0	0.0	0.8292011019283747	0.0	1.0	0.8236914600550964	1.0	0.0	0.0	0.7988980716253443	1.0	0.0	0.8126721763085399	0.2837465564738292	1.0	0.0	0.0	1.0	1.0
25439	0.0	0.43730886850152906	0.0	0.9327217125382263	0.0	0.0	0.37920489296636084	0.6636085626911316	0.0	1.0	0.599388379204893	0.05198776758409786	0.5749235474006116	0.0	0.5871559633027523	1.0	0.0	1.0	0.8073394495412844	1.0	0.0	0.7584097859327217	0.8532110091743119	1.0
25440	0.0	0.07103825136612021	0.2786885245901639	1.0	0.0	0.0	0.29508196721311475	0.366120218579235	0.0	1.0	0.9207650273224044	0.5519125683060109	0.0	0.0	0.9972677595628415	1.0	0.0	0.994535519125683	1.0	1.0	0.0	0.30601092896174864	0.9890710382513661	1.0
25441	0.0	0.6872146118721462	0.12861491628614916	0.9406392694063926	0.2450532724505327	0.0	0.8729071537290716	0.6164383561643836	0.1582952815829528	1.0	0.8592085235920852	0.20471841704718416	0.0	0.1689497716894977	0.9855403348554034	1.0	0.2298325722983257	1.0	0.9444444444444444	1.0	0.0	0.11035007610350075	0.952054794520548	1.0
25442	0.0	0.842948717948718	0.0	1.0	0.40064102564102566	0.0	0.28846153846153844	0.2724358974358974	0.0	1.0	0.9711538461538461	0.8237179487179487	0.0	0.5544871794871795	0.22756410256410256	0.875	0.0	0.9935897435897436	0.41346153846153844	1.0	0.0	0.20833333333333334	0.8557692307692307	1.0
25443	0.0	1.0	0.0	0.9663608562691132	0.0	0.0	0.8256880733944955	0.4709480122324159	0.0	1.0	1.0	0.26605504587155965	0.0	0.0	1.0	1.0	0.0	1.0	0.3149847094801223	1.0	0.0	0.0	0.9877675840978594	1.0
25444	0.11432506887052342	0.6570247933884298	0.0	0.4724517906336088	0.0	0.0	0.8016528925619835	0.3484848484848485	0.0	1.0	1.0	0.2741046831955923	0.06336088154269973	0.23553719008264462	0.7534435261707989	0.9049586776859504	0.0	0.987603305785124	0.20798898071625344	1.0	0.0	0.0	0.9297520661157025	1.0
25445	0.0	0.5055387713997986	0.0	0.7734138972809668	0.0	0.0	0.7129909365558912	0.8892245720040282	0.0	0.959718026183283	0.7411883182275931	0.2890231621349446	0.0	0.019133937562940583	0.9889224572004028	1.0	0.0	0.972809667673716	0.6263846928499497	1.0	0.02920443101711984	0.2769385699899295	0.730110775427996	1.0
25446	0.0	0.0	0.9405684754521964	0.9948320413436692	0.0	0.0	0.8036175710594315	1.0	0.0	1.0	0.8242894056847545	0.1937984496124031	0.11627906976744186	0.31266149870801035	1.0	1.0	0.0	1.0	0.5348837209302325	1.0	0.0	0.0	0.9457364341085271	1.0
25447	0.0	0.7210144927536232	0.2826086956521739	0.9257246376811594	0.0	0.2536231884057971	0.75	0.20833333333333334	0.0	1.0	0.8931159420289855	0.4963768115942029	0.0	0.0	0.9836956521739131	0.9746376811594203	0.0	1.0	0.28804347826086957	1.0	0.0	0.13768115942028986	0.9746376811594203	1.0
25448	0.06746031746031746	0.4111111111111111	0.18492063492063493	0.9936507936507937	0.0	0.0	0.7992063492063493	0.8222222222222222	0.0	1.0	0.8944444444444445	0.4373015873015873	0.0	0.25317460317460316	0.8174603174603174	1.0	0.0	1.0	0.680952380952381	1.0	0.0	0.11984126984126985	1.0	1.0
25449	0.0	0.7693430656934307	0.5070559610705596	0.8413625304136253	0.0	0.0	0.7279805352798053	0.7226277372262774	0.0	0.983941605839416	0.975669099756691	0.4180048661800487	0.07250608272506083	0.0	0.9211678832116789	0.989294403892944	0.0	0.8939172749391727	0.49635036496350365	1.0	0.07688564476885645	0.1148418491484185	0.9464720194647201	1.0
25450	0.0	0.9315245478036176	0.5335917312661499	0.8126614987080103	0.0	0.0	0.9689922480620154	0.7661498708010336	0.0	1.0	1.0	0.4509043927648579	0.1111111111111111	0.08397932816537468	0.9444444444444444	1.0	0.0	0.8901808785529716	0.7596899224806202	1.0	0.0	0.08010335917312661	0.9470284237726099	1.0
25451	0.0	0.0	0.546875	0.796875	0.0	0.0	0.6197916666666666	0.8645833333333334	0.0	1.0	0.8645833333333334	0.0	0.0	0.7135416666666666	0.7395833333333334	0.8697916666666666	0.0	0.3854166666666667	0.5520833333333334	1.0	0.0	0.7760416666666666	0.5208333333333334	1.0
25452	0.23484848484848486	0.8570075757575758	0.7897727272727273	0.8958333333333334	0.0	0.0	0.8778409090909091	0.8020833333333334	0.0	1.0	0.9943181818181818	0.4696969696969697	0.14393939393939395	0.53125	0.9393939393939394	1.0	0.2859848484848485	1.0	0.959280303030303	1.0	0.0	0.3172348484848485	0.9564393939393939	1.0
25453	0.0	0.6298076923076923	0.0	0.7596153846153846	0.0	0.0	0.9855769230769231	0.8557692307692307	0.0	1.0	0.8221153846153846	0.41185897435897434	0.15224358974358973	0.009615384615384616	0.9134615384615384	1.0	0.0	0.6217948717948718	1.0	1.0	0.11378205128205128	0.0	1.0	1.0
25454	0.0	0.3055555555555556	0.6180555555555556	0.6388888888888888	0.0	0.0	0.7118055555555556	0.8680555555555556	0.0	1.0	1.0	0.8854166666666666	0.0	0.2986111111111111	1.0	1.0	0.0	0.7638888888888888	0.8506944444444444	1.0	0.40625	0.0	1.0	1.0
25455	0.0	0.6368159203980099	0.8258706467661692	0.8606965174129353	0.029850746268656716	0.0	0.7512437810945274	0.0	0.0	1.0	1.0	0.417910447761194	0.0	0.0	0.8905472636815921	1.0	0.0	0.6517412935323383	0.34328358208955223	1.0	0.0	0.0	0.8159203980099502	1.0
25456	0.0	0.6011904761904762	0.3607142857142857	0.8035714285714286	0.0	0.0	0.705952380952381	0.4988095238095238	0.0	1.0	0.9702380952380952	0.5988095238095238	0.0	0.0	1.0	0.986904761904762	0.0	1.0	0.9773809523809524	1.0	0.0	0.1619047619047619	0.9107142857142857	1.0
25457	0.0	0.6517412935323383	0.40298507462686567	0.8059701492537313	0.0	0.0	0.7213930348258707	0.6998341625207297	0.0	1.0	1.0	0.3880597014925373	0.0	0.0	1.0	1.0	0.0	1.0	0.39303482587064675	1.0	0.0	0.0	0.8208955223880597	1.0
25458	0.0	0.24726775956284153	0.16120218579234974	0.9590163934426229	0.0	0.0	0.4576502732240437	0.7950819672131147	0.0	1.0	0.7663934426229508	0.7103825136612022	0.0	0.0	0.9562841530054644	0.9754098360655737	0.0	1.0	0.6024590163934426	1.0	0.0	0.18579234972677597	0.9412568306010929	1.0
25459	0.7052341597796143	0.3002754820936639	0.0	0.6942148760330579	0.41597796143250687	0.0	0.5399449035812672	0.7630853994490359	0.0	0.8980716253443526	0.8567493112947658	0.9834710743801653	0.0	0.0	0.8980716253443526	0.8815426997245179	0.0	0.8815426997245179	0.465564738292011	1.0	0.0	0.0	0.8842975206611571	1.0
25460	0.0	0.8783068783068783	0.15608465608465608	1.0	0.15343915343915343	0.0	0.9603174603174603	0.9814814814814815	0.0	1.0	1.0	0.6931216931216931	0.0	0.0	1.0	1.0	0.0	1.0	1.0	1.0	0.2222222222222222	0.0	1.0	1.0
25461	0.0	0.30666666666666664	0.0	1.0	0.0	0.0	0.9352380952380952	0.9923809523809524	0.0	1.0	1.0	0.8095238095238095	0.0	0.699047619047619	0.9676190476190476	1.0	0.0	0.8361904761904762	0.3238095238095238	1.0	0.5028571428571429	0.34095238095238095	0.9047619047619048	1.0
25462	0.0	0.5907859078590786	0.5121951219512195	0.8102981029810298	0.0	0.15447154471544716	0.9728997289972899	0.6368563685636857	0.0	1.0	0.5311653116531165	0.3956639566395664	0.0	0.33062330623306235	0.967479674796748	1.0	0.0	1.0	0.6666666666666666	1.0	0.0	0.0	1.0	1.0
25463	0.0	0.6067864271457086	0.23353293413173654	0.9760479041916168	0.0	0.0	0.8762475049900199	0.48502994011976047	0.0	0.998003992015968	1.0	0.6307385229540918	0.0	0.08982035928143713	1.0	1.0	0.0	1.0	0.7245508982035929	1.0	0.0	0.0	0.8962075848303394	1.0
25464	0.0	0.6956521739130435	0.0	0.9565217391304348	0.0	0.0	0.9782608695652174	1.0	0.0	1.0	0.7681159420289855	0.4420289855072464	0.0	0.0	1.0	1.0	0.0	1.0	0.8623188405797102	1.0	0.0	0.0	1.0	1.0
25465	0.0	0.5300207039337475	0.3333333333333333	0.629399585921325	0.0	0.0	0.7660455486542443	0.772256728778468	0.0	1.0	0.9503105590062112	0.35610766045548653	0.22567287784679088	0.29606625258799174	0.927536231884058	1.0	0.0	1.0	0.8033126293995859	1.0	0.31262939958592134	0.0	1.0	1.0
25466	0.0	0.8684347373894956	0.11544461778471139	0.8887155486219449	0.11336453458138325	0.0	0.9719188767550702	0.7951118044721789	0.0	1.0	0.9391575663026521	0.3530941237649506	0.1393655746229849	0.10348413936557463	0.9807592303692148	1.0	0.0	0.9162766510660426	0.7732709308372335	1.0	0.3504940197607904	0.296411856474259	1.0	1.0
25467	0.0	0.975	0.0	0.65	0.7	0.0	0.6416666666666667	0.8083333333333333	0.0	1.0	1.0	0.06666666666666667	0.75	0.0	1.0	1.0	0.0	1.0	0.8083333333333333	1.0	0.0	0.0	1.0	1.0
25468	0.0	1.0	0.0	1.0	0.0	0.0	0.24603174603174602	0.0	0.0	1.0	1.0	0.5634920634920635	0.0	0.0	1.0	1.0	0.0	1.0	0.746031746031746	1.0	0.0	0.0	1.0	1.0
25469	0.3137254901960784	1.0	0.1453287197231834	1.0	0.0	0.10034602076124567	0.9700115340253749	0.7358708189158016	0.0	1.0	1.0	0.9677047289504037	0.23183391003460208	0.17416378316032297	1.0	1.0	0.0	1.0	0.8915801614763552	1.0	0.16493656286043828	0.30565167243367936	1.0	1.0
25470	0.0	0.2576832151300236	0.13238770685579196	0.41843971631205673	0.0	0.0	0.5925925925925926	0.3546099290780142	0.0	0.9566587864460205	0.8794326241134752	0.41292356185973206	0.0	0.07171000788022065	0.8676122931442081	0.9779353821907013	0.0	0.7297084318360915	0.3743104806934594	1.0	0.07722616233254531	0.0	0.6769109535066982	0.9810874704491725
25471	0.0	0.6890881913303438	0.17713004484304934	0.8393124065769806	0.0	0.0	0.5814648729446936	0.6203288490284006	0.0	0.9147982062780269	0.7989536621823617	0.5485799701046338	0.0	0.0	0.8086696562032885	0.9588938714499252	0.0	0.8946188340807175	0.64050822122571	0.9618834080717489	0.0	0.0	0.8863976083707026	0.9828101644245142
25472	0.0	0.7854545454545454	0.15272727272727274	0.686060606060606	0.0	0.0	0.6218181818181818	0.4448484848484848	0.0	1.0	0.8618181818181818	0.5006060606060606	0.2315151515151515	0.0	0.9018181818181819	0.9406060606060606	0.0	1.0	0.526060606060606	1.0	0.0	0.0	0.9818181818181818	1.0
25473	0.0	0.8342749529190208	0.3173258003766478	0.6789077212806026	0.09698681732580038	0.0	0.847457627118644	0.6111111111111112	0.0	1.0	0.9369114877589454	0.096045197740113	0.19868173258003766	0.17796610169491525	0.876647834274953	1.0	0.0	1.0	0.5028248587570622	1.0	0.0	0.096045197740113	0.6704331450094162	1.0
25474	0.0	0.6962457337883959	0.34812286689419797	0.838452787258248	0.019340159271899887	0.0	0.9044368600682594	0.46075085324232085	0.0	1.0	1.0	0.5244596131968146	0.0	0.18657565415244595	1.0	0.9806598407281001	0.0	1.0	0.6666666666666666	1.0	0.0	0.19112627986348124	0.7736063708759955	1.0
25475	0.19072164948453607	0.9639175257731959	0.0	0.8505154639175257	0.0	0.0	0.5412371134020618	0.5687285223367697	0.0	1.0	1.0	0.16666666666666666	0.1718213058419244	0.0	0.7199312714776632	1.0	0.0	1.0	0.647766323024055	1.0	0.0	0.5326460481099656	0.8161512027491409	1.0
25476	0.0	0.6950354609929078	0.24231678486997635	0.9550827423167849	0.0	0.0	0.9267139479905437	0.8546099290780141	0.0	1.0	0.9562647754137116	0.29314420803782504	0.0	0.11347517730496454	0.7884160756501182	1.0	0.0	1.0	0.466903073286052	1.0	0.0	0.0	0.9562647754137116	1.0
25477	0.0	0.47953216374269003	0.4222222222222222	0.9789473684210527	0.0	0.0	0.6596491228070176	0.6795321637426901	0.0	1.0	0.8409356725146199	0.5134502923976608	0.0	0.13450292397660818	0.87953216374269	1.0	0.0	1.0	0.6842105263157895	1.0	0.0	0.0	1.0	1.0
25478	0.0	0.5406976744186046	0.11046511627906977	0.7374031007751938	0.5881782945736435	0.0	0.9835271317829457	0.4893410852713178	0.0	1.0	0.8333333333333334	0.37306201550387597	0.0	0.0	0.8817829457364341	0.9961240310077519	0.0	0.9505813953488372	0.14631782945736435	0.999031007751938	0.1375968992248062	0.0	1.0	1.0
25479	0.7401960784313726	1.0	0.7941176470588235	1.0	0.0	0.0	1.0	0.7941176470588235	0.0	1.0	0.8725490196078431	0.7794117647058824	0.39215686274509803	0.9509803921568627	1.0	1.0	0.0	1.0	0.7401960784313726	1.0	0.0	0.0	1.0	1.0
25480	0.0	0.7540740740740741	0.0	0.7585185185185185	0.0	0.0	0.922962962962963	0.3496296296296296	0.0	1.0	0.8755555555555555	0.8948148148148148	0.0	0.0	0.9555555555555556	0.9777777777777777	0.0	0.9274074074074075	0.7718518518518519	1.0	0.05333333333333334	0.42962962962962964	1.0	1.0
25481	0.0	0.5468468468468468	0.37657657657657656	0.8891891891891892	0.0	0.0	0.9117117117117117	0.6972972972972973	0.14504504504504503	0.9801801801801802	0.9828828828828828	0.5756756756756757	0.22612612612612612	0.0981981981981982	0.9747747747747748	1.0	0.0	0.7747747747747747	0.509009009009009	1.0	0.0	0.0	1.0	1.0
25482	0.0	0.6557377049180327	0.0	0.0	0.0	0.0	1.0	0.48633879781420764	0.0	1.0	1.0	0.0	0.0	0.0	0.48633879781420764	0.29508196721311475	0.0	0.9890710382513661	0.825136612021858	1.0	0.0	0.0	0.5628415300546448	1.0
25483	0.0	0.6605316973415133	0.43149284253578735	0.2985685071574642	0.0	0.0	0.6830265848670757	0.7177914110429447	0.0	1.0	0.8711656441717791	0.3006134969325153	0.4437627811860941	0.0	0.967280163599182	0.9918200408997955	0.0	0.967280163599182	0.5725971370143149	1.0	0.22085889570552147	0.0	0.8670756646216768	1.0
25484	0.0	0.5427526291723822	0.08870598994055784	0.8495656149977138	0.2112482853223594	0.0	0.7796067672610882	0.46456332876085965	0.13808870598994055	1.0	0.9291266575217193	0.46044810242341105	0.0	0.17741197988111568	0.86374028349337	0.9707361682670325	0.0	1.0	0.49382716049382713	1.0	0.0	0.15820759030635573	0.8212162780064015	1.0
25485	0.0	0.0	0.0	0.391304347826087	0.0	0.0	0.391304347826087	0.966183574879227	0.0	1.0	0.7004830917874396	0.0	0.0	0.6280193236714976	0.5845410628019324	0.9855072463768116	0.0	0.9903381642512077	0.0	1.0	0.0	0.0	0.8599033816425121	0.8357487922705314
25486	0.0	0.7037037037037037	0.32510288065843623	1.0	0.32098765432098764	0.0	0.8436213991769548	0.8600823045267489	0.0	1.0	0.9094650205761317	0.5925925925925926	0.1728395061728395	0.02880658436213992	1.0	1.0	0.0	1.0	1.0	1.0	0.51440329218107	0.39094650205761317	0.9917695473251029	1.0
25487	0.2823529411764706	0.9921568627450981	0.0	0.7019607843137254	0.0	0.0	0.5882352941176471	0.47843137254901963	0.0	1.0	1.0	0.0	0.0	0.0	0.8196078431372549	1.0	0.0	1.0	0.9725490196078431	1.0	0.0	0.8549019607843137	0.6274509803921569	1.0
25488	0.2108167770419426	0.358719646799117	0.3554083885209713	0.8741721854304636	0.2980132450331126	0.0	0.9580573951434879	0.8178807947019867	0.0	1.0	0.9359823399558499	0.2814569536423841	0.1600441501103753	0.24724061810154527	0.9139072847682119	1.0	0.0	0.8818984547461368	0.9922737306843267	1.0	0.0	0.0	0.9646799116997793	1.0
25489	0.05647382920110193	0.7134986225895317	0.0	0.9545454545454546	0.3085399449035813	0.0	0.6157024793388429	0.5606060606060606	0.0	0.940771349862259	0.8471074380165289	0.8567493112947658	0.0	0.0	0.9834710743801653	0.9614325068870524	0.0	0.9022038567493113	0.33884297520661155	0.9738292011019284	0.15977961432506887	0.0	0.7410468319559229	0.9986225895316805
25490	0.0	0.5142857142857142	0.0	0.28095238095238095	0.0	0.0	0.9619047619047619	0.7619047619047619	0.0	0.8285714285714286	0.6238095238095238	0.0	0.0	0.0	0.9952380952380953	0.9428571428571428	0.0	0.004761904761904762	0.0	0.9952380952380953	0.0	0.0	0.9619047619047619	0.7714285714285715
25491	0.0	0.46825396825396826	0.0	0.9761904761904762	0.3055555555555556	0.0	0.8055555555555556	0.6587301587301587	0.0	1.0	1.0	0.0	0.3055555555555556	0.0	0.9206349206349206	1.0	0.0	1.0	0.3968253968253968	1.0	0.0	0.0	1.0	1.0
25492	0.0	0.9459459459459459	0.0	0.9054054054054054	0.04054054054054054	0.0	0.48873873873873874	0.8040540540540541	0.0	0.8828828828828829	0.9211711711711712	0.12837837837837837	0.06531531531531531	0.6148648648648649	0.9842342342342343	1.0	0.0	1.0	0.0	1.0	0.0	0.2635135135135135	0.9684684684684685	1.0
25493	0.0	0.2852233676975945	0.43986254295532645	1.0	0.0	0.0	0.979381443298969	1.0	0.0	1.0	1.0	0.8384879725085911	0.0	0.0	1.0	1.0	0.0	1.0	0.5463917525773195	1.0	0.0	0.0	1.0	1.0
25494	0.0	0.1981981981981982	0.0	1.0	0.0	0.0	0.9864864864864865	0.8603603603603603	0.0	1.0	1.0	0.7387387387387387	0.0	0.0	0.7882882882882883	1.0	0.0	0.7792792792792793	0.21171171171171171	1.0	0.0	0.0	1.0	1.0
25495	0.5913978494623656	0.921146953405018	0.12903225806451613	1.0	0.0	0.0	0.9247311827956989	1.0	0.0	1.0	0.8028673835125448	0.0	0.0	0.4014336917562724	1.0	0.8853046594982079	0.0	0.6057347670250897	1.0	1.0	0.0	0.0	0.8924731182795699	1.0
25496	0.0	0.5507936507936508	0.43492063492063493	0.8312169312169312	0.0	0.0	0.6735449735449736	0.608994708994709	0.13703703703703704	1.0	0.9656084656084656	0.38571428571428573	0.08783068783068783	0.0	0.9386243386243386	0.9968253968253968	0.006349206349206349	0.9756613756613757	0.8031746031746032	1.0	0.0	0.06507936507936508	0.973015873015873	1.0
25497	0.0	0.6057347670250897	0.1935483870967742	0.7526881720430108	0.15412186379928317	0.0	0.5376344086021505	0.34408602150537637	0.0	0.989247311827957	1.0	0.2903225806451613	0.0	0.0	0.7168458781362007	1.0	0.0	0.910394265232975	0.5412186379928315	1.0	0.0	0.5197132616487455	1.0	1.0
25498	0.0	0.3059490084985836	0.43342776203966005	0.7582625118035883	0.0066100094428706326	0.0	0.7714825306893296	0.7261567516525024	0.0	1.0	0.8451369216241738	0.3012275731822474	0.0	0.0	0.8205854579792257	1.0	0.0	0.8838526912181303	0.5731822474032106	1.0	0.26534466477809254	0.48441926345609065	0.9915014164305949	1.0
25499	0.0	0.25382262996941896	0.0	0.9235474006116208	0.0	0.28134556574923547	0.944954128440367	0.944954128440367	0.0	1.0	0.9694189602446484	0.0	0.0	0.0	0.9847094801223242	1.0	0.0	1.0	0.012232415902140673	1.0	0.0	0.05198776758409786	0.9235474006116208	1.0
25500	0.0	0.9879518072289156	0.18875502008032127	1.0	0.0	0.0	0.6726907630522089	0.5120481927710844	0.0	1.0	1.0	0.7931726907630522	0.0	0.0	1.0	1.0	0.0	1.0	0.5421686746987951	1.0	0.41164658634538154	0.0	1.0	1.0
25501	0.0	0.5242424242424243	0.4393939393939394	0.7689393939393939	0.18106060606060606	0.0	0.7257575757575757	0.15757575757575756	0.0	0.9704545454545455	0.6242424242424243	0.33106060606060606	0.0	0.0	0.8742424242424243	0.9977272727272727	0.0	0.9227272727272727	0.6166666666666667	1.0	0.11742424242424243	0.2628787878787879	0.7356060606060606	1.0
25502	0.0	0.27034120734908135	0.04461942257217848	0.8740157480314961	0.0	0.0	0.6902887139107612	0.5590551181102362	0.0	0.8162729658792651	0.94750656167979	0.2230971128608924	0.0	0.0	0.5564304461942258	1.0	0.0	0.9028871391076115	0.6902887139107612	0.9081364829396326	0.5695538057742782	0.0	0.910761154855643	0.8871391076115486
25503	0.0	0.5645161290322581	0.9919354838709677	1.0	0.0	0.0	1.0	0.7419354838709677	0.0	1.0	0.8629032258064516	0.07258064516129033	0.0	0.0	0.8870967741935484	1.0	0.0	0.989247311827957	0.7553763440860215	1.0	0.03225806451612903	0.0	0.7311827956989247	1.0
25504	0.0	0.6628352490421456	0.0	0.9808429118773946	0.0	0.0	0.5574712643678161	0.5287356321839081	0.0	1.0	0.6187739463601533	0.2988505747126437	0.0	0.0	0.9003831417624522	0.9961685823754789	0.0	0.6187739463601533	0.39272030651340994	1.0	0.0	0.0	0.4789272030651341	1.0
25505	0.0	0.0	0.0	0.9342105263157895	0.32456140350877194	0.0	0.6096491228070176	0.7850877192982456	0.0	0.8903508771929824	1.0	0.0	0.0	0.0	1.0	0.9649122807017544	0.0	0.9517543859649122	0.7105263157894737	1.0	0.45614035087719296	0.0	1.0	1.0
25506	0.0	0.5985663082437276	0.44802867383512546	0.7323775388291517	0.20908004778972522	0.0	0.7980884109916367	0.27718040621266427	0.0	1.0	0.6248506571087217	0.2831541218637993	0.0	0.1015531660692951	0.6308243727598566	0.977299880525687	0.0	1.0	0.5722819593787336	1.0	0.0035842293906810036	0.0	0.8853046594982079	1.0
25507	0.0	0.7722110888443554	0.3466933867735471	0.7895791583166333	0.0	0.20374081496325985	0.6472945891783567	0.5517702070808284	0.0	1.0	0.8256513026052105	0.42084168336673344	0.0	0.09418837675350701	0.9806279225116901	0.9559118236472945	0.0	0.9866399465597863	0.7221108884435538	1.0	0.0	0.10420841683366733	0.8877755511022044	1.0
25508	0.0	0.4407894736842105	0.0	0.9122807017543859	0.0	0.0	0.8706140350877193	0.0	0.0	1.0	0.9692982456140351	0.3925438596491228	0.27850877192982454	0.5153508771929824	0.9517543859649122	1.0	0.0	1.0	0.3706140350877193	1.0	0.0	0.5614035087719298	0.9605263157894737	1.0
25509	0.24794745484400657	0.7422003284072249	0.6223316912972086	0.9655172413793104	0.0	0.0	0.9885057471264368	0.722495894909688	0.054187192118226604	1.0	1.0	0.5960591133004927	0.20853858784893267	0.1116584564860427	0.9737274220032841	1.0	0.0	1.0	0.9802955665024631	1.0	0.0	0.11822660098522167	1.0	1.0
25510	0.19393939393939394	1.0	0.6363636363636364	0.9878787878787879	0.0	0.11515151515151516	1.0	1.0	0.11515151515151516	1.0	1.0	0.30303030303030304	0.12727272727272726	0.19393939393939394	1.0	1.0	0.0	1.0	0.6060606060606061	1.0	0.0	0.509090909090909	1.0	1.0
25511	0.0	1.0	0.0	1.0	0.0	0.0	1.0	0.7232704402515723	0.0	1.0	0.9308176100628931	0.49056603773584906	0.0	0.0	0.8301886792452831	1.0	0.0	1.0	1.0	1.0	0.0	0.0	1.0	1.0
25512	0.0	0.9553264604810997	0.0	1.0	0.0	0.0	1.0	1.0	0.0	1.0	1.0	1.0	0.0	0.0	1.0	1.0	0.0	0.9621993127147767	0.8865979381443299	1.0	0.6323024054982818	0.422680412371134	1.0	1.0
25513	0.2290249433106576	0.9580498866213152	0.11791383219954649	0.9841269841269841	0.0	0.0	0.4886621315192744	1.0	0.0	1.0	1.0	0.5600907029478458	0.0	0.1111111111111111	0.9965986394557823	1.0	0.0	1.0	0.8571428571428571	1.0	0.16439909297052155	0.5226757369614512	0.9036281179138322	1.0
25514	0.0	0.9189518586227909	0.2730042656916514	1.0	0.0	0.051188299817184646	0.9652650822669104	0.9219987812309567	0.0	1.0	1.0	0.8153564899451554	0.2205971968312005	0.364411943936624	1.0	1.0	0.31322364411943937	1.0	0.9262644728823888	1.0	0.26569165143205364	0.12736136502132847	1.0	1.0
25515	0.3647342995169082	0.9408212560386473	0.0	1.0	0.15338164251207728	0.0	0.9057971014492754	0.4178743961352657	0.0	1.0	0.9818840579710145	0.5881642512077294	0.0	0.4746376811594203	1.0	1.0	0.31280193236714976	1.0	0.5567632850241546	1.0	0.0	0.17632850241545894	0.9975845410628019	1.0
25516	0.0	0.5902335456475584	0.6539278131634819	1.0	0.0	0.0	0.37791932059447986	1.0	0.0	1.0	1.0	0.6072186836518046	0.0	0.22717622080679406	1.0	1.0	0.0	1.0	0.43736730360934184	1.0	0.0	0.6857749469214437	0.9363057324840764	1.0
25517	0.0	1.0	0.0	0.9022222222222223	0.0	0.0	1.0	0.35555555555555557	0.0	1.0	1.0	0.0	0.0	0.0	0.8266666666666667	1.0	0.0	1.0	0.92	1.0	0.0	0.0	0.9244444444444444	1.0
25518	0.0	0.686046511627907	0.05537098560354374	0.9673311184939092	0.0	0.0	0.9446290143964563	0.845514950166113	0.0	1.0	0.959579180509413	0.5575858250276855	0.1566998892580288	0.046511627906976744	1.0	1.0	0.0	1.0	0.7325581395348837	1.0	0.20764119601328904	0.1672203765227021	1.0	1.0
25519	0.0	0.5148148148148148	0.0	1.0	0.0	0.0	1.0	0.0	0.0	1.0	0.9851851851851852	0.24074074074074073	0.0	0.5259259259259259	1.0	1.0	0.0	1.0	0.5074074074074074	1.0	0.0	0.7111111111111111	0.9962962962962963	1.0
25520	0.0	0.6675874769797422	0.21731123388581952	0.932780847145488	0.0	0.0	0.9355432780847146	0.8416206261510129	0.0	1.0	0.9972375690607734	0.8324125230202578	0.24493554327808473	0.23756906077348067	0.9797421731123389	1.0	0.0	1.0	0.4723756906077348	1.0	0.0	0.13812154696132597	0.8554327808471455	1.0
25521	0.0	0.8385416666666666	0.8020833333333334	0.5833333333333334	0.0	0.0	0.78125	1.0	0.0	1.0	0.125	0.25	0.0	0.0	0.84375	1.0	0.0	1.0	0.8385416666666666	1.0	0.0	0.0	1.0	1.0
25522	0.3871794871794872	0.9717948717948718	0.24871794871794872	0.23076923076923078	0.0	0.0	0.15128205128205127	0.8871794871794871	0.0	1.0	1.0	0.31794871794871793	0.0	0.0	1.0	1.0	0.0	1.0	0.7615384615384615	1.0	0.31794871794871793	0.0	1.0	1.0
25523	0.11604938271604938	0.38765432098765434	0.0	0.8049382716049382	0.0	0.0	0.6222222222222222	0.34074074074074073	0.0	1.0	0.8074074074074075	0.3802469135802469	0.0	0.0	1.0	1.0	0.0	0.8074074074074075	1.0	1.0	0.0	0.0	0.891358024691358	1.0
25524	0.0	1.0	0.20309050772626933	0.717439293598234	0.0	0.0	0.4922737306843267	0.8763796909492274	0.0	1.0	1.0	1.0	0.0	0.0	1.0	0.9249448123620309	0.0	1.0	0.3686534216335541	1.0	0.0	0.0	0.9426048565121413	1.0
25525	0.0	0.6153846153846154	0.4117647058823529	0.8808446455505279	0.0	0.0	0.5701357466063348	1.0	0.0	1.0	0.9788838612368024	0.7058823529411765	0.2579185520361991	0.16138763197586728	1.0	1.0	0.0	1.0	0.8929110105580694	1.0	0.1282051282051282	0.45701357466063347	0.9834087481146304	1.0
25526	0.0	0.027777777777777776	0.0	1.0	0.0	0.0	0.9111111111111111	0.45555555555555555	0.0	1.0	1.0	0.9833333333333333	0.0	0.0	1.0	1.0	0.0	1.0	0.0	1.0	0.0	0.0	0.85	1.0
25527	0.0	0.832183908045977	0.0	0.7540229885057471	0.0	0.0	0.6781609195402298	0.5471264367816092	0.0	1.0	0.967816091954023	0.5287356321839081	0.0	0.0	0.9080459770114943	1.0	0.0	1.0	0.18850574712643678	1.0	0.0	0.0	1.0	1.0
25528	0.0	0.15151515151515152	0.5895316804407713	1.0	0.0	0.0	0.5371900826446281	0.90633608815427	0.0	1.0	1.0	0.931129476584022	0.0	0.0	0.8264462809917356	1.0	0.0	1.0	0.8181818181818182	1.0	0.0	0.0	1.0	1.0
25529	0.6918238993710691	0.7672955974842768	0.0031446540880503146	0.389937106918239	0.0	0.22955974842767296	0.720125786163522	0.8616352201257862	0.0	1.0	0.7169811320754716	0.42452830188679247	0.0	0.0	0.9968553459119497	0.9182389937106918	0.0	0.8616352201257862	0.0	1.0	0.279874213836478	0.0	1.0	1.0
25530	0.0	0.6706827309236948	0.6224899598393574	1.0	0.0	0.0	0.7690763052208835	0.4457831325301205	0.0	1.0	0.7188755020080321	0.7690763052208835	0.0	0.0	1.0	1.0	0.0	1.0	0.7931726907630522	1.0	0.35542168674698793	0.0	0.8473895582329317	1.0
25531	0.4092140921409214	0.8590785907859079	0.0	0.8726287262872628	0.0	0.0	0.926829268292683	0.9349593495934959	0.46070460704607047	1.0	0.7886178861788617	0.4092140921409214	0.0	0.0	0.9376693766937669	1.0	0.0	0.4173441734417344	0.0	1.0	0.3523035230352303	0.0	0.986449864498645	1.0
25532	0.0	0.12987012987012986	0.0	0.38961038961038963	0.0	0.0	0.5887445887445888	0.8398268398268398	0.0	1.0	0.7186147186147186	0.8181818181818182	0.0	0.0	1.0	1.0	0.0	1.0	0.7229437229437229	1.0	0.0	0.0	1.0	1.0
25533	0.0	0.0	0.0	0.0	0.0	0.0	1.0	0.0	0.0	1.0	0.0	0.6756756756756757	0.0	0.0	0.0	0.4864864864864865	0.0	0.0	0.0	0.990990990990991	0.0	0.0	0.990990990990991	1.0
25534	0.0	0.0	0.0	1.0	0.0	0.0	0.39705882352941174	0.2549019607843137	0.0	1.0	0.9117647058823529	0.4950980392156863	0.0	0.0	0.9558823529411765	1.0	0.0	1.0	0.0	1.0	0.0	0.0	1.0	1.0
25535	0.0	0.7777777777777778	0.27983539094650206	1.0	0.0	0.0	0.7489711934156379	0.6748971193415638	0.3347050754458162	1.0	0.9519890260631001	0.44170096021947874	0.42935528120713307	0.32373113854595337	1.0	1.0	0.0	1.0	0.8765432098765432	1.0	0.0	0.0	0.8984910836762688	1.0
25536	0.0	0.7718360071301248	0.64349376114082	0.9536541889483066	0.0	0.1443850267379679	0.8520499108734403	0.8894830659536542	0.0	1.0	1.0	0.8645276292335116	0.20499108734402852	0.3761140819964349	0.8413547237076648	1.0	0.0	0.9358288770053476	0.9803921568627451	1.0	0.26916221033868093	0.0	1.0	1.0
25537	0.0	0.42905982905982903	0.2547008547008547	0.9282051282051282	0.0	0.15042735042735042	0.7538461538461538	0.7435897435897436	0.0	1.0	1.0	0.08376068376068375	0.0	0.0	0.958974358974359	1.0	0.0	1.0	0.7589743589743589	1.0	0.0	0.0	0.9965811965811966	1.0
25538	0.0	0.7246376811594203	0.028985507246376812	0.7946859903381642	0.0	0.0	0.9202898550724637	0.717391304347826	0.0	1.0	1.0	0.19082125603864733	0.35990338164251207	0.0	1.0	1.0	0.0	0.9009661835748792	0.8115942028985508	1.0	0.0	0.9951690821256038	1.0	1.0
25539	0.0	1.0	0.3168044077134986	0.7300275482093664	0.2975206611570248	0.0	0.9944903581267218	0.9504132231404959	0.0	1.0	0.8512396694214877	0.5261707988980716	0.0	0.0	1.0	1.0	0.0	1.0	0.6391184573002755	1.0	0.0	0.0	0.9118457300275482	1.0
25540	0.0	0.5730337078651685	0.8164794007490637	0.6142322097378277	0.0	0.0	0.9737827715355806	0.9625468164794008	0.0	1.0	1.0	0.7228464419475655	0.19850187265917604	0.0	1.0	1.0	0.0	1.0	0.5580524344569289	1.0	0.0	0.0	1.0	1.0
25541	0.0	0.0	0.0	1.0	0.0	0.0	0.8494623655913979	0.9623655913978495	0.0	0.3225806451612903	1.0	0.0	0.0	0.0	1.0	1.0	0.0	1.0	0.45698924731182794	1.0	0.3333333333333333	0.0	1.0	1.0
25542	0.0	0.6622516556291391	0.024282560706401765	1.0	0.0	0.0	0.695364238410596	0.31125827814569534	0.0	0.8344370860927153	0.7218543046357616	0.6070640176600441	0.0	0.0	0.6512141280353201	0.9227373068432672	0.0	0.8278145695364238	0.3443708609271523	0.8830022075055187	0.0	0.0	0.8189845474613686	0.8830022075055187
25543	0.0	0.8313008130081301	0.2855691056910569	0.8526422764227642	0.0	0.0	0.38922764227642276	0.5558943089430894	0.0	0.991869918699187	0.818089430894309	0.6239837398373984	0.11991869918699187	0.1524390243902439	0.9847560975609756	1.0	0.0	0.8821138211382114	0.47052845528455284	1.0	0.20528455284552846	0.4603658536585366	0.7205284552845529	1.0
25544	0.0	0.738327904451683	0.4527687296416938	0.98914223669924	0.0	0.0	0.6916395222584147	0.6851248642779587	0.0	0.995656894679696	0.8393051031487514	0.26492942453854507	0.0	0.0	0.9826275787187839	1.0	0.0	0.9229098805646037	0.744842562432139	1.0	0.0	0.0	1.0	1.0
25545	0.0	0.963963963963964	0.10038610038610038	0.9420849420849421	0.0	0.0	0.8738738738738738	0.7567567567567568	0.0	1.0	1.0	0.0	0.0	0.29343629343629346	0.8455598455598455	1.0	0.0	1.0	0.14285714285714285	1.0	0.23680823680823682	0.11969111969111969	0.8146718146718147	1.0
25546	0.0	0.8628318584070797	0.2345132743362832	0.9808259587020649	0.0	0.0	0.7699115044247787	0.18141592920353983	0.0	1.0	0.6386430678466076	0.6032448377581121	0.15486725663716813	0.11799410029498525	0.8820058997050148	0.9498525073746312	0.0	0.976401179941003	0.49557522123893805	1.0	0.0	0.0	0.7566371681415929	0.9306784660766961
25547	0.0	0.5613382899628253	0.09913258983890955	0.7422552664188352	0.0	0.0	0.6666666666666666	0.3333333333333333	0.29987608426270135	0.8983890954151177	0.7608426270136307	0.41511771995043373	0.0	0.0	0.8166047087980174	0.929368029739777	0.0	1.0	0.4646840148698885	0.9925650557620818	0.2379182156133829	0.0	0.6926889714993805	1.0
25548	0.0	0.825	0.0	1.0	0.0	0.4166666666666667	0.375	0.425	0.0	1.0	1.0	1.0	0.6166666666666667	0.0	0.95	1.0	0.0	0.8666666666666667	0.8166666666666667	1.0	0.0	0.0	0.7083333333333334	1.0
25549	0.0	0.6028368794326241	0.0	1.0	0.0	0.0	0.48226950354609927	0.6382978723404256	0.0	1.0	0.8652482269503546	0.24113475177304963	0.46099290780141844	0.0	0.9645390070921985	1.0	0.0	1.0	0.48226950354609927	1.0	0.0	0.0	0.6453900709219859	1.0
25550	0.0	0.671201814058957	0.0	1.0	0.0	0.0	0.5351473922902494	0.909297052154195	0.3922902494331066	1.0	0.8480725623582767	0.2698412698412698	0.0	0.11337868480725624	0.8639455782312925	0.9705215419501134	0.0	1.0	0.7414965986394558	1.0	0.0	0.0	1.0	1.0
25551	0.0	0.5109649122807017	0.05043859649122807	1.0	0.0	0.0	0.8442982456140351	0.07456140350877193	0.0	1.0	1.0	0.39473684210526316	0.0	0.0	1.0	1.0	0.0	0.9385964912280702	0.7280701754385965	1.0	0.0	0.0	0.9035087719298246	1.0
25552	0.0	0.0	0.0	0.8490566037735849	0.0	0.0	0.8930817610062893	0.89937106918239	0.0	1.0	0.3522012578616352	0.2138364779874214	0.0	0.0	0.7358490566037735	1.0	0.0	1.0	0.9748427672955975	1.0	0.0	0.0	1.0	1.0
25553	0.0	0.3196004993757803	0.0	0.4157303370786517	0.0	0.4469413233458177	0.7378277153558053	0.6716604244694132	0.0	1.0	0.44069912609238454	0.5792759051186017	0.0	0.2746566791510612	1.0	1.0	0.0	0.8589263420724095	0.682896379525593	1.0	0.0	0.0	0.4794007490636704	1.0
25554	0.0	0.15219721329046088	0.15862808145766344	0.7545551982851019	0.0	0.18006430868167203	0.4330117899249732	0.42229367631296894	0.0	1.0	0.8981779206859593	0.6495176848874598	0.0	0.0	0.9464094319399786	0.932475884244373	0.0	0.9571275455519829	0.21543408360128619	1.0	0.13719185423365488	0.01607717041800643	0.8413719185423365	1.0
25555	0.0	0.13972055888223553	0.49101796407185627	0.499001996007984	0.0	0.0	0.4930139720558882	0.7225548902195609	0.0	0.9201596806387226	0.7305389221556886	0.4750499001996008	0.281437125748503	0.0	0.6207584830339321	1.0	0.0	0.9161676646706587	0.7285429141716567	0.998003992015968	0.0	0.0	0.8662674650698603	1.0
25556	0.0	0.7493112947658402	0.0440771349862259	0.7630853994490359	0.0	0.3002754820936639	1.0	0.9862258953168044	0.0	1.0	0.8319559228650137	1.0	0.0	0.30303030303030304	1.0	1.0	0.0	0.931129476584022	0.42699724517906334	1.0	0.0	0.0	0.8732782369146006	1.0
25557	0.0	0.7227245328511152	0.0753465943339361	0.8854731766124171	0.0	0.0	0.7769740807715492	0.5063291139240507	0.06148282097649186	1.0	0.8854731766124171	0.3387582881253767	0.13924050632911392	0.16515973477998794	0.8890898131404461	0.9776974080771549	0.0	0.9668474984930681	0.8318264014466547	1.0	0.0	0.054249547920433995	0.8987341772151899	1.0
25558	0.0	0.7681159420289855	0.0	1.0	0.2546583850931677	0.0	0.13871635610766045	0.35403726708074534	0.0	1.0	0.9503105590062112	0.7163561076604554	0.3498964803312629	0.0	1.0	1.0	0.0	0.94824016563147	0.9627329192546584	1.0	0.08902691511387163	0.22981366459627328	0.9937888198757764	1.0
25559	0.23076923076923078	0.6871794871794872	0.020512820512820513	0.5435897435897435	0.0	0.0	0.0	0.9538461538461539	0.0	1.0	1.0	0.0	0.0	0.05128205128205128	1.0	1.0	0.0	0.9641025641025641	1.0	1.0	0.18974358974358974	0.6820512820512821	0.9538461538461539	1.0
25560	0.2673434856175973	0.9458544839255499	0.4213197969543147	0.9763113367174281	0.3604060913705584	0.0	0.5380710659898477	0.7783417935702199	0.0	1.0	1.0	0.688663282571912	0.0	0.06260575296108291	0.8206429780033841	1.0	0.0	1.0	0.27918781725888325	1.0	0.0	0.0	0.9966159052453468	1.0
25561	0.0	0.8123456790123457	0.145679012345679	0.37530864197530867	0.0	0.0	0.9259259259259259	0.674074074074074	0.0	1.0	0.980246913580247	1.0	0.0	0.31851851851851853	1.0	1.0	0.0	1.0	0.6123456790123457	1.0	0.0	0.0	1.0	1.0
25562	0.0	0.6783625730994152	0.22660818713450293	0.7207602339181286	0.0	0.0	0.8845029239766082	0.6608187134502924	0.0	1.0	0.5994152046783626	0.027777777777777776	0.0	0.2733918128654971	0.9707602339181286	1.0	0.0	1.0	0.5043859649122807	1.0	0.0	0.0	1.0	1.0
25563	0.0	0.5435897435897435	0.039316239316239315	1.0	0.1829059829059829	0.0	0.582905982905983	0.6222222222222222	0.0	1.0	0.9452991452991453	0.9008547008547009	0.0	0.0	1.0	1.0	0.0	1.0	0.5162393162393163	1.0	0.0	0.0	0.9897435897435898	1.0
25564	0.0	0.4618208516886931	0.3788546255506608	0.8509544787077826	0.0	0.23348017621145375	0.4412628487518355	0.42951541850220265	0.0	1.0	0.8105726872246696	0.39941262848751835	0.0	0.22320117474302498	0.9992657856093979	1.0	0.0	1.0	0.5998531571218796	1.0	0.0	0.2444933920704846	1.0	1.0
25565	0.0	0.5848484848484848	0.5984848484848485	0.990909090909091	0.0	0.0	0.6833333333333333	0.8893939393939394	0.0	1.0	0.8469696969696969	0.5454545454545454	0.0	0.0	0.9712121212121212	0.8939393939393939	0.0	1.0	0.49242424242424243	1.0	0.0	0.40454545454545454	1.0	1.0
25566	0.0	0.8811881188118812	0.0	0.8415841584158416	0.0	0.0	0.7095709570957096	0.7095709570957096	0.0	1.0	0.8844884488448845	0.0	0.0	0.0	0.9735973597359736	1.0	0.0	0.9471947194719472	0.6501650165016502	1.0	0.3102310231023102	0.8745874587458746	1.0	1.0
25567	0.0	1.0	0.44086021505376344	0.9731182795698925	0.0	0.0	1.0	1.0	0.0	1.0	1.0	0.8494623655913979	0.0	0.5967741935483871	0.8924731182795699	1.0	0.0	0.8387096774193549	1.0	1.0	0.0	0.0	1.0	1.0
25568	0.0	0.6773211567732116	0.22298325722983256	0.8599695585996956	0.0	0.0	0.7952815829528158	0.632420091324201	0.0	1.0	0.8888888888888888	0.5837138508371386	0.0	0.0	0.9315068493150684	1.0	0.0	0.7298325722983258	0.6993911719939118	1.0	0.23211567732115676	0.0	0.9733637747336378	1.0
25569	0.2838773491592483	0.6181998021760633	0.0	0.5252225519287834	0.17804154302670624	0.0	0.6201780415430267	0.533135509396637	0.0	1.0	0.7655786350148368	0.12166172106824925	0.11473788328387735	0.2987141444114738	0.9366963402571711	1.0	0.0	0.9713155291790306	0.5954500494559841	1.0	0.0	0.2205736894164194	1.0	1.0
25570	0.0	0.4007936507936508	0.0	0.8650793650793651	0.0	0.0	0.5238095238095238	0.4603174603174603	0.0	1.0	1.0	0.75	0.0	0.0	1.0	0.7936507936507936	0.0	0.5992063492063492	0.9603174603174603	0.8690476190476191	0.0	0.0	1.0	1.0
25571	0.0	0.8604651162790697	0.23255813953488372	0.9457364341085271	0.0	0.0	0.7583979328165374	0.58656330749354	0.0	0.9599483204134367	0.9909560723514211	0.6563307493540051	0.0	0.0	0.9896640826873385	1.0	0.0	1.0	0.8591731266149871	1.0	0.0	0.0	1.0	1.0
25572	0.0	0.6666666666666666	0.3357664233576642	1.0	0.0	0.0	0.6909975669099757	0.22384428223844283	0.0	1.0	0.5450121654501217	0.7007299270072993	0.0	0.0	1.0	1.0	0.0	1.0	0.41362530413625304	1.0	0.0	0.1435523114355231	0.8905109489051095	1.0
25573	0.0	1.0	0.5077519379844961	0.9147286821705426	0.0	0.0	0.7906976744186046	0.5465116279069767	0.0	1.0	0.751937984496124	0.16279069767441862	0.0	0.0	0.8062015503875969	0.8837209302325582	0.0	1.0	0.9689922480620154	1.0	0.32170542635658916	0.0	1.0	1.0
25574	0.0	0.7246376811594203	0.0	0.18357487922705315	0.0	0.0	0.0	0.927536231884058	0.0	1.0	0.8357487922705314	0.3961352657004831	0.0	0.0	0.7971014492753623	0.9227053140096618	0.0	1.0	1.0	1.0	0.0	0.0	0.8599033816425121	1.0
25575	0.0	0.75	0.5894308943089431	0.8109756097560976	0.0	0.17886178861788618	1.0	0.7865853658536586	0.0	1.0	1.0	0.6991869918699187	0.29878048780487804	0.0	0.9532520325203252	0.9329268292682927	0.0	0.8313008130081301	0.717479674796748	1.0	0.27235772357723576	0.0	0.6280487804878049	1.0
25576	0.0	0.9507246376811594	0.0	0.9942028985507246	0.0	0.0	0.7217391304347827	0.9391304347826087	0.0	1.0	1.0	0.37971014492753624	0.40869565217391307	0.0	0.4463768115942029	1.0	0.0	1.0	0.5304347826086957	1.0	0.37681159420289856	0.0	0.8115942028985508	1.0
25577	0.4782608695652174	0.8429951690821256	0.22946859903381642	0.38405797101449274	0.0	0.0	0.8164251207729468	0.9685990338164251	0.0	1.0	0.7922705314009661	0.8743961352657005	0.0	0.5845410628019324	1.0	1.0	0.0	0.9541062801932367	0.8188405797101449	1.0	0.0	0.0	0.9106280193236715	1.0
25578	0.0	0.7529182879377432	0.23022049286640725	0.9824902723735408	0.0	0.0	0.7775616083009079	0.5051880674448768	0.0	1.0	0.9844357976653697	0.4669260700389105	0.07003891050583658	0.0	0.880674448767834	1.0	0.0	1.0	0.6361867704280155	1.0	0.0	0.17639429312581065	0.9636835278858625	1.0
25579	0.0	0.5948275862068966	0.0	0.8498563218390804	0.10129310344827586	0.0	0.8333333333333334	0.7420977011494253	0.0	1.0	0.8433908045977011	0.6774425287356322	0.0	0.0	0.9094827586206896	0.9533045977011494	0.0	0.9274425287356322	0.7636494252873564	1.0	0.0	0.0	0.8125	1.0
25580	0.0	0.9243589743589744	0.14871794871794872	0.7961538461538461	0.0	0.0	0.5128205128205128	0.8012820512820513	0.0	1.0	0.7230769230769231	0.5615384615384615	0.0	0.0	0.9948717948717949	1.0	0.0	1.0	0.7256410256410256	1.0	0.11794871794871795	0.11794871794871795	0.9641025641025641	1.0
25581	1.0	0.7837837837837838	0.6366366366366366	0.8708708708708709	0.6636636636636637	0.7657657657657657	0.9369369369369369	0.993993993993994	1.0	1.0	1.0	0.933933933933934	0.45345345345345345	0.8558558558558559	1.0	1.0	0.990990990990991	1.0	0.8708708708708709	1.0	0.8048048048048048	0.7177177177177178	1.0	1.0
25582	0.0	0.0	0.0	1.0	0.0	0.0	0.5892857142857143	0.8869047619047619	0.0	1.0	0.0	0.6904761904761905	0.0	0.0	0.6190476190476191	0.8809523809523809	0.0	0.9285714285714286	1.0	1.0	0.0	0.0	0.8869047619047619	1.0
25583	0.0	0.2867647058823529	0.0	0.4534313725490196	0.0	0.0	0.6617647058823529	0.3897058823529412	0.0	1.0	0.5955882352941176	0.0	0.34068627450980393	0.2034313725490196	0.8284313725490197	0.9607843137254902	0.0	1.0	0.049019607843137254	1.0	0.0	0.0	0.6274509803921569	1.0
25584	0.04929143561306223	0.5428219346888478	0.23290203327171904	0.773875539125077	0.17067159581022798	0.0	0.7831176833025262	0.7350585335797906	0.0	1.0	0.8022181146025879	0.5360443622920518	0.0	0.07455329636475662	0.8810844115834874	1.0	0.0	0.9648798521256932	0.862600123228589	1.0	0.15773259396179914	0.09303758471965495	1.0	1.0
25585	0.0	0.8170731707317073	0.6422764227642277	0.9065040650406504	0.0	0.0	0.9634146341463414	0.7886178861788617	0.0	1.0	1.0	0.8130081300813008	0.0	0.5528455284552846	0.5365853658536586	1.0	0.0	1.0	0.13821138211382114	1.0	0.0	0.0	0.8333333333333334	1.0
25586	0.0	0.10666666666666667	0.0	0.6133333333333333	0.0	0.0	0.6133333333333333	0.0	0.0	0.78	0.47333333333333333	0.7	0.10666666666666667	0.0	0.9333333333333333	0.8666666666666667	0.0	1.0	0.68	0.9733333333333334	0.0	0.0	0.9866666666666667	1.0
25587	0.0	0.515625	0.3229166666666667	0.9322916666666666	0.0	0.0	0.4296875	0.6015625	0.0	0.8072916666666666	0.9322916666666666	0.21614583333333334	0.0	0.0	0.7942708333333334	0.9505208333333334	0.0	0.9270833333333334	0.734375	1.0	0.0	0.0	0.4557291666666667	1.0
25588	0.0	0.41708542713567837	0.3165829145728643	0.7855946398659966	0.0	0.0	0.7973199329983249	0.30318257956448913	0.0	1.0	0.9514237855946399	0.32663316582914576	0.0	0.0	1.0	1.0	0.0	1.0	0.7805695142378559	1.0	0.10720268006700168	0.0	0.9715242881072027	1.0
25589	0.0	0.16536458333333334	0.0	0.5611979166666666	0.0	0.0	0.3268229166666667	0.296875	0.0	1.0	1.0	0.7395833333333334	0.0	0.34765625	0.9518229166666666	1.0	0.0	1.0	0.73828125	1.0	0.0	0.0	0.828125	1.0
25590	0.0	0.6810035842293907	0.8602150537634409	1.0	0.0	0.0	0.996415770609319	0.6308243727598566	0.0	1.0	0.4982078853046595	0.0	0.0	0.0	0.9283154121863799	1.0	0.0	0.989247311827957	1.0	1.0	0.0	0.0	0.6523297491039427	1.0
25591	0.0	0.9824849480021893	0.12534209085933223	0.8686371100164204	0.1718664477285167	0.07662835249042145	0.8773946360153256	0.7498631636562672	0.0	0.9802955665024631	0.8522167487684729	0.5227148330596606	0.1423097974822113	0.1724137931034483	0.8390804597701149	1.0	0.0	0.8035030103995622	0.6332785987958401	1.0	0.11603721948549535	0.16529830322933772	0.9627805145046524	1.0
25592	0.0	0.6752293577981652	0.3577981651376147	0.8428134556574923	0.15351681957186544	0.09418960244648318	0.8623853211009175	0.4892966360856269	0.0	1.0	0.9247706422018349	0.1963302752293578	0.3204892966360856	0.06972477064220184	0.908868501529052	1.0	0.0	0.9247706422018349	0.5932721712538226	1.0	0.07033639143730887	0.0	0.9192660550458716	1.0
25593	0.16890380313199105	0.7813199105145414	0.3523489932885906	0.8059284116331096	0.0	0.0	0.5743847874720358	0.6006711409395973	0.16890380313199105	0.9916107382550335	0.8993288590604027	0.35067114093959734	0.2980984340044743	0.30201342281879195	0.9955257270693513	0.9340044742729307	0.0	0.8914988814317674	0.6029082774049217	0.9994407158836689	0.12583892617449666	0.16890380313199105	0.9049217002237137	0.9994407158836689
25594	0.0	1.0	0.0	1.0	0.0	0.0	1.0	1.0	0.0	1.0	1.0	0.7962962962962963	0.9074074074074074	0.0	1.0	1.0	0.0	1.0	1.0	1.0	0.0	1.0	1.0	1.0
25595	0.0	0.0	0.0	0.9774011299435028	0.0	0.0	1.0	0.8757062146892656	0.0	1.0	0.9209039548022598	0.0	0.12994350282485875	0.3220338983050847	1.0	1.0	0.0	1.0	1.0	1.0	0.0	0.0	0.9717514124293786	1.0
25596	0.14063714063714064	0.6013986013986014	0.17637917637917638	0.9572649572649573	0.216006216006216	0.07226107226107226	0.6891996891996892	0.8997668997668997	0.0	1.0	0.9797979797979798	0.749028749028749	0.09401709401709402	0.0	0.9914529914529915	1.0	0.0	1.0	0.8484848484848485	1.0	0.17094017094017094	0.27350427350427353	1.0	1.0
25597	0.0	0.9974554707379135	0.0	1.0	0.0	0.0	0.8346055979643766	0.9211195928753181	0.0	1.0	0.7531806615776081	0.8295165394402035	0.549618320610687	0.0	0.9770992366412213	1.0	0.0	1.0	0.9847328244274809	1.0	0.0	0.0	1.0	1.0
25598	0.0	0.8516579406631762	0.4781849912739965	1.0	0.0	0.0	0.8638743455497382	0.9424083769633508	0.0	1.0	1.0	0.32111692844677137	0.0	0.0	1.0	1.0	0.0	1.0	0.9616055846422339	1.0	0.0	0.4258289703315881	1.0	1.0
25599	0.0	0.7562189054726368	0.7661691542288557	1.0	0.3482587064676617	0.0	0.9950248756218906	0.4577114427860697	0.20398009950248755	1.0	0.9825870646766169	0.5796019900497512	0.0	0.4601990049751244	1.0	1.0	0.0	1.0	0.8805970149253731	1.0	0.0	0.0	1.0	1.0
25600	0.4861878453038674	0.9613259668508287	0.5027624309392266	1.0	0.0	0.0	0.9631675874769797	0.9116022099447514	0.0	1.0	0.9189686924493554	0.5211786372007366	0.20626151012891344	0.3885819521178637	0.998158379373849	1.0	0.0	0.9760589318600368	0.7992633517495396	1.0	0.2559852670349908	0.6353591160220995	1.0	1.0
25601	0.24612403100775193	0.6104651162790697	0.3081395348837209	0.7538759689922481	0.0	0.0	0.5406976744186046	0.8275193798449613	0.0	1.0	0.7616279069767442	0.4050387596899225	0.31589147286821706	0.0	1.0	1.0	0.0	1.0	0.0	1.0	0.38372093023255816	0.011627906976744186	0.8914728682170543	1.0
25602	0.0	0.9795918367346939	0.0	0.07482993197278912	0.0	0.0	0.5714285714285714	1.0	0.0	1.0	0.9523809523809523	0.0	0.0	0.0	0.9795918367346939	1.0	0.0	1.0	1.0	1.0	0.0	0.7142857142857143	1.0	1.0
25603	0.0	0.8597883597883598	0.3941798941798942	0.955026455026455	0.0	0.21428571428571427	0.6534391534391535	0.9444444444444444	0.0	1.0	0.7513227513227513	0.07671957671957672	0.0	0.6825396825396826	0.9735449735449735	1.0	0.0	1.0	0.0	1.0	0.0	0.0	1.0	1.0
25604	0.0	0.18181818181818182	0.0	1.0	0.024242424242424242	0.0	0.7878787878787878	0.0	0.0	1.0	0.9818181818181818	0.3878787878787879	0.0	0.0	1.0	1.0	0.0	1.0	0.5636363636363636	1.0	0.0	0.23030303030303031	0.9757575757575757	1.0
25605	0.0	0.9605263157894737	0.4473684210526316	0.506578947368421	0.0	0.0	0.6732456140350878	0.40131578947368424	0.0	0.9583333333333334	0.7807017543859649	0.09429824561403509	0.21710526315789475	0.0	1.0	1.0	0.09649122807017543	0.7982456140350878	0.9824561403508771	1.0	0.0	0.019736842105263157	0.9276315789473685	1.0
25606	0.0	0.0	0.0	0.0	0.0	0.0	1.0	0.0	0.0	0.7916666666666666	0.5972222222222222	0.0	0.0	0.0	0.22916666666666666	0.9583333333333334	0.0	0.6527777777777778	0.0	0.8541666666666666	0.0	0.0	0.9236111111111112	0.6666666666666666
25607	0.0	0.8028455284552846	0.25609756097560976	0.7134146341463414	0.28252032520325204	0.0	0.6544715447154471	0.8272357723577236	0.0	1.0	1.0	0.42276422764227645	0.47764227642276424	0.0	0.9004065040650406	1.0	0.0	1.0	0.29065040650406504	1.0	0.19715447154471544	0.0	1.0	1.0
25608	0.0	0.5759493670886076	0.0	0.8839662447257384	0.270042194092827	0.0	0.7869198312236287	0.8396624472573839	0.0	1.0	1.0	0.49156118143459915	0.2848101265822785	0.22573839662447256	1.0	1.0	0.0	1.0	1.0	1.0	0.0	0.0	0.9514767932489452	1.0
25609	0.0	0.10909090909090909	0.2878787878787879	0.8	0.0	0.0	0.27575757575757576	0.0	0.0	1.0	0.8575757575757575	0.0	0.0	0.0	0.8303030303030303	1.0	0.0	1.0	0.8909090909090909	1.0	0.3575757575757576	0.2	0.7272727272727273	1.0
25610	0.0	0.8458333333333333	0.0	0.0	0.36666666666666664	0.0	0.4583333333333333	0.029166666666666667	0.0	1.0	0.39166666666666666	0.9708333333333333	0.0	0.0	0.8833333333333333	1.0	0.0	1.0	0.8375	1.0	0.0	0.5666666666666667	1.0	1.0
25611	0.37702871410736577	0.6454431960049938	0.17103620474406991	0.9313358302122348	0.0	0.0	0.44818976279650435	0.6953807740324595	0.0	0.8651685393258427	0.9076154806491885	0.6891385767790262	0.0	0.19600499375780275	1.0	1.0	0.0	1.0	0.6691635455680399	1.0	0.10736579275905118	0.0	0.8813982521847691	1.0
25612	0.0	0.32116788321167883	0.27007299270072993	0.7785888077858881	0.0	0.0	1.0	0.2895377128953771	0.1411192214111922	1.0	1.0	0.5571776155717761	0.0	0.40632603406326034	1.0	1.0	0.08759124087591241	0.6885644768856448	0.0	1.0	0.2749391727493917	0.35279805352798055	1.0	1.0
25613	0.2703081232492997	0.8011204481792717	0.46078431372549017	0.9635854341736695	0.0	0.0	0.6624649859943977	0.7226890756302521	0.0	1.0	0.9985994397759104	0.49859943977591037	0.0	0.0	1.0	1.0	0.0	0.8473389355742297	0.8431372549019608	1.0	0.28711484593837533	0.211484593837535	0.9971988795518207	1.0
25614	0.0	0.4975124378109453	0.0	0.5920398009950248	0.0	0.0	0.9950248756218906	0.0	0.0	1.0	1.0	0.945273631840796	0.0	0.0	1.0	1.0	0.0	1.0	0.9701492537313433	1.0	0.2885572139303483	0.0	1.0	1.0
25615	0.0	0.9935897435897436	0.0	0.08974358974358974	0.0	0.0	0.0	0.0	0.0	1.0	1.0	0.5192307692307693	0.0	0.0	0.9358974358974359	0.9358974358974359	0.0	0.0	0.0	0.9038461538461539	0.0	0.0	0.6858974358974359	0.9358974358974359
25616	0.0	0.7477477477477478	0.5891891891891892	0.8198198198198198	0.0	0.0	0.5621621621621622	0.6324324324324324	0.0	1.0	1.0	0.209009009009009	0.2036036036036036	0.0	0.9207207207207208	1.0	0.0	0.9693693693693693	0.8900900900900901	1.0	0.0	0.0	0.8684684684684685	1.0
25617	0.0	1.0	0.0	0.9654088050314465	0.12264150943396226	0.2641509433962264	0.5691823899371069	0.2641509433962264	0.0	1.0	0.7672955974842768	0.040880503144654086	0.0	0.0	0.8176100628930818	0.9528301886792453	0.0	1.0	1.0	1.0	0.0	0.0	1.0	1.0
25618	0.0	0.35735735735735735	0.0	0.9129129129129129	0.0	0.0	0.3993993993993994	0.40540540540540543	0.009009009009009009	1.0	0.987987987987988	0.6591591591591591	0.0	0.0	0.7852852852852853	0.9354354354354354	0.0	0.8888888888888888	0.5915915915915916	1.0	0.03903903903903904	0.0	0.9774774774774775	1.0
25619	0.0	0.5881326352530541	0.0	0.9162303664921466	0.0	0.0	0.987783595113438	0.6212914485165794	0.15706806282722513	1.0	0.8987783595113438	0.20767888307155322	0.0	0.0	1.0	0.9755671902268761	0.0	0.8551483420593369	0.787085514834206	1.0	0.32460732984293195	0.343804537521815	0.9860383944153578	1.0
25620	0.0	0.7952674897119342	0.1831275720164609	0.9763374485596708	0.0	0.0	0.9218106995884774	0.5843621399176955	0.15534979423868311	1.0	0.9794238683127572	0.5637860082304527	0.23045267489711935	0.0	0.9691358024691358	0.9917695473251029	0.0	0.9372427983539094	0.9002057613168725	1.0	0.2037037037037037	0.31069958847736623	0.970164609053498	1.0
25621	0.0	0.5282738095238095	0.12946428571428573	0.9181547619047619	0.0	0.0	0.3705357142857143	0.7113095238095238	0.0	0.9419642857142857	0.9657738095238095	0.4523809523809524	0.0	0.0	0.9107142857142857	0.9732142857142857	0.0	0.9538690476190477	0.22470238095238096	1.0	0.4017857142857143	0.22470238095238096	0.8377976190476191	0.8467261904761905
25622	0.0	0.601364522417154	0.18226120857699804	0.868421052631579	0.0	0.0	0.8031189083820662	0.6812865497076024	0.0	1.0	0.9941520467836257	0.10721247563352826	0.0	0.26705653021442494	0.9951267056530214	1.0	0.0	1.0	0.36062378167641324	1.0	0.19395711500974658	0.0	0.9093567251461988	1.0
25623	0.0	0.3379204892966361	0.012232415902140673	0.9525993883792049	0.0	0.0	0.27370030581039756	0.3149847094801223	0.0	1.0	0.9510703363914373	0.6819571865443425	0.0	0.0	0.8256880733944955	1.0	0.0	1.0	0.9556574923547401	1.0	0.0	0.2308868501529052	0.8394495412844036	1.0
25624	0.0	0.5398550724637681	0.15217391304347827	0.907608695652174	0.0	0.0	0.625	0.8876811594202898	0.0	1.0	0.9148550724637681	0.31521739130434784	0.0	0.23007246376811594	0.8677536231884058	1.0	0.0	1.0	0.7155797101449275	1.0	0.0	0.43478260869565216	0.9329710144927537	1.0
25625	0.0	0.6018518518518519	0.22993827160493827	1.0	0.17746913580246915	0.0	0.7160493827160493	0.36882716049382713	0.0	1.0	1.0	0.4845679012345679	0.1574074074074074	0.0	1.0	1.0	0.0	1.0	0.8055555555555556	1.0	0.0	0.0	0.9212962962962963	1.0
25626	0.0	0.5593869731800766	0.2753147235905857	0.9824849480021893	0.10454296661193213	0.0	0.6666666666666666	0.8401751505199782	0.0	1.0	0.9688013136288999	0.47071702244116037	0.16529830322933772	0.06787082649151614	0.8461959496442255	1.0	0.0	0.9556650246305419	0.49863163656267107	1.0	0.0	0.16529830322933772	0.8686371100164204	1.0
25627	0.0	0.0	0.0	1.0	0.0	0.0	1.0	1.0	0.0	1.0	1.0	0.0	0.0	0.0	0.0	1.0	0.0	1.0	1.0	1.0	0.0	0.98989898989899	1.0	1.0
25628	0.6622807017543859	0.631578947368421	0.0	0.9780701754385965	0.5964912280701754	0.6008771929824561	0.6929824561403509	1.0	0.36403508771929827	1.0	1.0	0.8289473684210527	0.7587719298245614	0.9342105263157895	0.9473684210526315	0.9342105263157895	0.0	0.8859649122807017	0.9517543859649122	0.9473684210526315	0.9342105263157895	0.8377192982456141	1.0	0.9780701754385965
25629	0.0	0.8784153005464481	0.28825136612021857	1.0	0.1830601092896175	0.0	0.9480874316939891	0.6243169398907104	0.0	1.0	0.9153005464480874	0.6871584699453552	0.20765027322404372	0.3989071038251366	1.0	1.0	0.0	0.9904371584699454	1.0	1.0	0.0	0.0	1.0	1.0
25630	0.0	0.07913669064748201	0.011990407673860911	0.8441247002398081	0.0	0.0	1.0	0.8393285371702638	0.0	1.0	0.9496402877697842	0.4172661870503597	0.0	0.0	1.0	1.0	0.0	0.8800959232613909	0.12949640287769784	1.0	0.0	0.0	0.9184652278177458	1.0
25631	0.0	0.5461847389558233	0.41566265060240964	0.9407630522088354	0.2469879518072289	0.2520080321285141	0.4839357429718876	0.5481927710843374	0.09437751004016064	1.0	0.7550200803212851	0.2399598393574297	0.3132530120481928	0.09337349397590361	0.9457831325301205	1.0	0.0	0.8594377510040161	0.7238955823293173	1.0	0.2359437751004016	0.0	0.9909638554216867	1.0
25632	0.583941605839416	0.7062043795620438	0.5778588807785888	0.9111922141119222	0.39720194647201945	0.23783454987834549	0.8613138686131386	0.42031630170316303	0.30413625304136255	0.9939172749391727	0.9811435523114356	0.45924574209245744	0.4854014598540146	0.4781021897810219	0.9568126520681265	1.0	0.09184914841849148	1.0	0.8990267639902676	1.0	0.5273722627737226	0.3351581508515815	0.9951338199513382	1.0
25633	0.0	0.6741573033707865	0.0	1.0	0.0	0.0	1.0	0.8614232209737828	0.0	1.0	1.0	0.7677902621722846	0.0	0.2397003745318352	1.0	1.0	0.0	1.0	0.5655430711610487	1.0	0.0	0.0	1.0	1.0
25634	0.0	0.5848670756646217	0.0	0.9938650306748467	0.0	0.34151329243353784	0.5787321063394683	1.0	0.0	1.0	1.0	0.2310838445807771	0.0	0.0	1.0	1.0	0.0	0.8997955010224948	0.7075664621676891	1.0	0.0	0.294478527607362	0.9693251533742331	1.0
25635	0.0	0.9074074074074074	0.6666666666666666	0.30864197530864196	0.0	0.0	0.0	0.0	0.0	0.5308641975308642	0.9382716049382716	0.35185185185185186	0.0	0.0	0.0	0.8580246913580247	0.0	1.0	0.30246913580246915	1.0	0.0	0.0	0.654320987654321	1.0
25636	0.0	0.2517482517482518	0.0	1.0	0.0	0.0	1.0	0.9207459207459208	0.0	1.0	0.9090909090909091	0.6643356643356644	0.0	0.0	1.0	1.0	0.0	1.0	0.6177156177156177	1.0	0.5244755244755245	0.0	0.9067599067599068	1.0
25637	0.0	0.8122362869198312	0.4345991561181435	1.0	0.17721518987341772	0.0	0.6413502109704642	0.7827004219409283	0.0	1.0	1.0	0.20253164556962025	0.0	0.2742616033755274	1.0	1.0	0.0	1.0	0.7827004219409283	1.0	0.10337552742616034	0.0	0.9451476793248945	1.0
25638	0.0	0.0	0.0	0.7604166666666666	0.0	0.0	1.0	0.041666666666666664	0.0	1.0	1.0	0.7083333333333334	0.0	0.0	1.0	1.0	0.0	1.0	0.0	1.0	0.0	0.0	0.4791666666666667	1.0
25639	0.0	0.7488095238095238	0.3261904761904762	0.5880952380952381	0.0	0.0	0.7392857142857143	0.594047619047619	0.0	1.0	0.9464285714285714	0.7035714285714286	0.41785714285714287	0.0	0.986904761904762	1.0	0.0	1.0	0.4083333333333333	1.0	0.08095238095238096	0.0	0.8666666666666667	1.0
25640	0.0	0.5871212121212122	0.0	0.7878787878787878	0.0	0.0	1.0	1.0	0.0	1.0	0.8257575757575758	0.6287878787878788	0.0	0.10227272727272728	1.0	1.0	0.0	1.0	0.6628787878787878	1.0	0.0	0.0	0.8977272727272727	1.0
25641	0.0	0.9601139601139601	0.4301994301994302	0.9629629629629629	0.0	0.0	0.7720797720797721	0.42735042735042733	0.0	1.0	0.9601139601139601	0.8803418803418803	0.0	0.0	1.0	1.0	0.0	0.7720797720797721	0.9145299145299145	1.0	0.0	0.0	0.8376068376068376	1.0
25642	0.23270440251572327	0.0	0.0	0.6352201257861635	0.0	0.0	0.6037735849056604	0.33962264150943394	0.0	0.9559748427672956	0.8867924528301887	1.0	0.0	0.0	0.9685534591194969	0.8805031446540881	0.0	0.9182389937106918	0.6163522012578616	0.9937106918238994	0.0	1.0	0.7421383647798742	0.9874213836477987
25643	0.0	0.7958115183246073	0.45200698080279234	0.537521815008726	0.0	0.0	0.7888307155322862	0.8917975567190227	0.0	1.0	0.7766143106457243	0.37347294938917974	0.0	0.0	1.0	1.0	0.0	0.9773123909249564	0.7766143106457243	1.0	0.0	0.0	1.0	1.0
25644	0.0	0.3655913978494624	0.5316606929510155	0.8626045400238949	0.0	0.0	0.43966547192353644	0.2162485065710872	0.0	1.0	0.8387096774193549	0.5352449223416965	0.24372759856630824	0.06810035842293907	0.921146953405018	1.0	0.0	0.8518518518518519	0.3966547192353644	1.0	0.0	0.2962962962962963	0.929510155316607	1.0
25645	0.0	0.5159345391903531	0.12833763996554695	0.7751937984496124	0.0	0.0	0.7217915590008613	0.4168819982773471	0.0	0.9913867355727821	0.9276485788113695	0.3643410852713178	0.14125753660637383	0.0	0.8389319552110249	1.0	0.0	0.9974160206718347	0.7958656330749354	1.0	0.0	0.2549526270456503	0.9638242894056848	1.0
25646	0.0	0.39753086419753086	0.30864197530864196	0.9111111111111111	0.0	0.0	0.9925925925925926	0.6444444444444445	0.0	1.0	0.7209876543209877	0.33827160493827163	0.0	0.0	0.9777777777777777	1.0	0.0	1.0	0.5604938271604938	1.0	0.0	0.0	0.8716049382716049	1.0
25647	0.0	0.4	0.45555555555555555	0.0	0.0	0.0	0.2722222222222222	0.7888888888888889	0.0	0.6666666666666666	0.7833333333333333	0.0	0.0	0.0	0.8166666666666667	1.0	0.0	0.12222222222222222	0.7222222222222222	1.0	0.0	0.8333333333333334	0.7611111111111111	0.9944444444444445
25648	0.0	0.7422867513611615	0.24803387779794314	0.7888687235329703	0.11796733212341198	0.09800362976406533	0.705384150030248	0.4089534180278282	0.0	1.0	0.868118572292801	0.52994555353902	0.0	0.25529340592861466	0.9249848759830611	1.0	0.0	1.0	0.28796128251663644	1.0	0.0	0.0	0.9770114942528736	1.0
25649	0.0	0.7801724137931034	0.2449712643678161	0.9992816091954023	0.07183908045977011	0.0	0.6918103448275862	0.5754310344827587	0.0	1.0	0.9252873563218391	0.5783045977011494	0.15589080459770116	0.16451149425287356	1.0	0.9367816091954023	0.0	0.9992816091954023	0.5912356321839081	1.0	0.0	0.1932471264367816	0.8491379310344828	1.0
25650	0.0	0.8776041666666666	0.0	0.953125	0.0	0.0	0.6041666666666666	0.5963541666666666	0.0	1.0	1.0	0.4661458333333333	0.0	0.2994791666666667	1.0	0.9010416666666666	0.0	1.0	0.5807291666666666	1.0	0.0	0.0	1.0	1.0
25651	0.0	0.5895833333333333	0.24791666666666667	1.0	0.0	0.10416666666666667	0.21875	0.975	0.0	1.0	0.75625	0.041666666666666664	0.1375	0.0	0.8854166666666666	1.0	0.0	1.0	0.7416666666666667	1.0	0.18958333333333333	0.7770833333333333	0.71875	1.0
25652	0.0	0.7017543859649122	0.0	0.9789473684210527	0.0	0.24912280701754386	0.9473684210526315	0.6842105263157895	0.7263157894736842	0.9964912280701754	0.743859649122807	0.9964912280701754	0.0	0.40350877192982454	0.9964912280701754	1.0	0.0	0.9964912280701754	0.9789473684210527	0.9789473684210527	0.0	0.0	0.6877192982456141	1.0
25653	0.2759170653907496	0.3157894736842105	0.20095693779904306	0.7543859649122807	0.0	0.0	0.6634768740031898	0.44976076555023925	0.0	1.0	0.46730462519936206	0.25996810207336524	0.0	0.18022328548644337	0.696969696969697	0.9936204146730463	0.0	0.988835725677831	0.48484848484848486	1.0	0.31259968102073366	0.0	0.7575757575757576	1.0
25654	0.0	0.3174129353233831	0.0	0.9512437810945273	0.0	0.0	0.5691542288557214	0.9462686567164179	0.0	1.0	0.945273631840796	0.6885572139303483	0.208955223880597	0.17412935323383086	0.9661691542288557	1.0	0.0	0.9114427860696518	0.3194029850746269	1.0	0.0845771144278607	0.0	0.9562189054726368	1.0
25655	0.0	0.7852852852852853	0.3918918918918919	0.6621621621621622	0.0	0.0	0.5255255255255256	0.8723723723723724	0.24624624624624625	0.9894894894894894	0.9774774774774775	0.6261261261261262	0.0	0.13063063063063063	0.8858858858858859	0.9894894894894894	0.0	0.9264264264264265	0.7402402402402403	0.9894894894894894	0.0	0.0	0.984984984984985	0.996996996996997
25656	0.0	0.6550387596899225	0.0	0.7131782945736435	0.0	0.0	0.9554263565891473	0.6492248062015504	0.0	1.0	0.936046511627907	0.5038759689922481	0.0	0.0	1.0	1.0	0.0	0.9573643410852714	0.9631782945736435	1.0	0.0	0.0	0.9689922480620154	1.0
25657	0.0	0.8252032520325203	0.0	0.9878048780487805	0.0	0.0	0.3170731707317073	0.8699186991869918	0.0	1.0	1.0	0.07113821138211382	0.0	0.0	0.9308943089430894	1.0	0.0	0.9552845528455285	0.8536585365853658	1.0	0.0	0.0	0.8353658536585366	1.0
25658	0.0	0.014705882352941176	0.0	0.29411764705882354	0.2965686274509804	0.0	0.31862745098039214	0.0	0.0	0.9387254901960784	0.5637254901960784	1.0	0.0	0.0	0.21568627450980393	0.49264705882352944	0.0	0.0024509803921568627	0.21323529411764705	0.5686274509803921	0.0	0.0	0.014705882352941176	0.6740196078431373
25659	0.0	0.6253687315634219	0.2831858407079646	0.6688790560471977	0.12979351032448377	0.0	0.8421828908554573	0.6777286135693216	0.0	1.0	0.8908554572271387	0.4889380530973451	0.0	0.22271386430678466	0.9491150442477876	1.0	0.0	0.995575221238938	0.8215339233038348	1.0	0.21017699115044247	0.0	1.0	1.0
25660	0.0	0.7378277153558053	0.0	0.8689138576779026	0.0	0.0	0.7490636704119851	0.0	0.0	1.0	0.3295880149812734	0.23595505617977527	0.27715355805243447	0.0	1.0	0.9288389513108615	0.0	1.0	0.35580524344569286	1.0	0.0	0.0	0.9400749063670412	1.0
25661	0.0	0.5274725274725275	0.6666666666666666	0.3772893772893773	0.0	0.0	1.0	0.6336996336996337	0.0	0.967032967032967	1.0	0.7765567765567766	0.0	0.0	0.7216117216117216	1.0	0.0	1.0	1.0	1.0	0.0	0.0	1.0	1.0
25662	0.0	0.432712215320911	0.12836438923395446	0.5496894409937888	0.13561076604554864	0.13975155279503104	0.722567287784679	0.7681159420289855	0.08592132505175984	1.0	0.9761904761904762	0.09834368530020704	0.0	0.0	0.9296066252587992	1.0	0.0	0.8209109730848861	0.8612836438923396	1.0	0.0	0.0	0.94824016563147	1.0
25663	0.0	0.44052863436123346	0.2422907488986784	0.9794419970631424	0.0	0.0	0.6857562408223201	0.8590308370044053	0.0	1.0	0.5741556534508077	0.5462555066079295	0.0	0.13069016152716592	0.908957415565345	1.0	0.0	1.0	0.2290748898678414	1.0	0.0	0.0	1.0	1.0
25664	0.0	0.0	0.0	0.38405797101449274	0.0	0.0	0.6847826086956522	1.0	0.0	0.9094202898550725	0.8188405797101449	0.0	0.0	0.0	0.9130434782608695	1.0	0.0	0.822463768115942	0.7862318840579711	1.0	0.0	0.0	0.8079710144927537	0.9927536231884058
25665	0.0	0.5383141762452107	0.0	0.6896551724137931	0.0	0.0	0.3946360153256705	0.4521072796934866	0.0	1.0	0.7911877394636015	0.5593869731800766	0.0	0.0	0.946360153256705	0.9980842911877394	0.0	0.9540229885057471	0.632183908045977	1.0	0.289272030651341	0.289272030651341	0.9061302681992337	1.0
25666	0.0	0.6747572815533981	0.0	0.5339805825242718	0.3932038834951456	0.0	0.5485436893203883	0.7831715210355987	0.0	1.0	0.982200647249191	0.19579288025889968	0.0	0.21197411003236247	0.8495145631067961	0.8009708737864077	0.0	0.9838187702265372	1.0	1.0	0.0	0.0	0.5	1.0
25667	0.0	1.0	0.15503875968992248	0.9224806201550387	0.0	0.0	0.0	0.27906976744186046	0.0	1.0	1.0	0.46511627906976744	0.0	0.0	0.0	1.0	0.0	1.0	1.0	1.0	0.0	0.0	1.0	1.0
25668	0.0	0.5120925341745531	0.08307045215562565	0.9758149316508938	0.0	0.28286014721345953	0.5404837013669821	0.6319663512092534	0.13038906414300735	0.9295478443743428	0.9684542586750788	0.24500525762355416	0.138801261829653	0.09989484752891693	0.7833859095688749	0.9495268138801262	0.0	0.9873817034700315	0.5436382754994742	1.0	0.0	0.0	0.935856992639327	1.0
25669	0.0	0.6612903225806451	0.26881720430107525	0.6469534050179212	0.11200716845878136	0.07258064516129033	0.600358422939068	0.18906810035842295	0.0	1.0	0.7921146953405018	0.5224014336917563	0.11648745519713262	0.0	0.9005376344086021	1.0	0.0	0.7096774193548387	0.796594982078853	1.0	0.0	0.37992831541218636	0.9417562724014337	1.0
25670	0.0	0.7324414715719063	0.0	0.8740245261984393	0.34225195094760313	0.0	0.4659977703455964	0.9108138238573021	0.0	1.0	0.9487179487179487	0.16945373467112598	0.0	0.0	0.810479375696767	0.9988851727982163	0.0	0.8617614269788183	0.31215161649944256	1.0	0.0	0.0	0.979933110367893	1.0
25671	0.0	0.0	0.0	0.0	0.0	0.0	0.34591194968553457	0.24528301886792453	0.0	0.8825995807127882	0.6184486373165619	0.2746331236897275	0.0	0.0	0.0	0.22431865828092243	0.0	0.5241090146750524	0.0	0.8218029350104822	0.018867924528301886	0.0	0.35639412997903563	0.6142557651991615
25672	0.0	0.27111111111111114	0.0	0.9422222222222222	0.0	0.18666666666666668	0.9155555555555556	0.8977777777777778	0.0	1.0	0.9488888888888889	0.0	0.18222222222222223	0.0	0.9533333333333334	0.96	0.0	0.6133333333333333	0.6266666666666667	1.0	0.18888888888888888	0.6711111111111111	0.9022222222222223	0.9488888888888889
25673	0.0	1.0	0.0	0.9954954954954955	0.0	0.0	0.7725225225225225	0.8220720720720721	0.0	1.0	0.8490990990990991	0.8108108108108109	0.19144144144144143	0.0	1.0	1.0	0.0	1.0	0.8716216216216216	1.0	0.0	0.0	1.0	1.0
25674	0.0	0.7761674718196457	0.6682769726247987	0.9734299516908212	0.05877616747181964	0.0	0.9331723027375202	0.6296296296296297	0.0	1.0	1.0	0.7198067632850241	0.21014492753623187	0.0	1.0	1.0	0.0	1.0	0.679549114331723	1.0	0.0	0.2431561996779388	1.0	1.0
25675	0.0	0.782608695652174	0.5101449275362319	1.0	0.0	0.0	1.0	0.3855072463768116	0.0	1.0	1.0	0.0	0.0	0.43768115942028984	1.0	1.0	0.0	1.0	0.8985507246376812	1.0	0.12173913043478261	0.0	0.8608695652173913	1.0
25676	0.0	0.6388888888888888	0.0	0.46111111111111114	0.0	0.0	0.8833333333333333	0.4638888888888889	0.3333333333333333	1.0	0.9888888888888889	0.9277777777777778	0.0	0.0	1.0	0.9444444444444444	0.0	1.0	0.4888888888888889	1.0	0.0	0.49444444444444446	1.0	1.0
25677	0.0	0.0	0.09700176366843033	0.9700176366843033	0.0	0.0	0.2328042328042328	1.0	0.14991181657848324	1.0	0.7037037037037037	0.8818342151675485	0.3897707231040564	0.5079365079365079	1.0	1.0	0.0	1.0	0.9576719576719577	1.0	0.18518518518518517	0.4497354497354497	0.9805996472663139	1.0
25678	0.21237693389592124	0.3727144866385373	0.0	0.9971870604781997	0.0	0.0	0.4964838255977497	0.7327707454289732	0.0	1.0	0.7088607594936709	0.5063291139240507	0.2489451476793249	0.0	0.8663853727144867	0.9760900140646976	0.0	0.8720112517580872	0.4444444444444444	1.0	0.21237693389592124	0.0	0.9310829817158931	1.0
25679	0.0	0.9885057471264368	0.15517241379310345	0.8448275862068966	0.0	0.0	0.921455938697318	0.7471264367816092	0.0	1.0	1.0	0.48659003831417624	0.0	0.0	1.0	1.0	0.0	0.9540229885057471	0.8620689655172413	1.0	0.0	0.0	1.0	1.0
25680	0.0	0.03886397608370702	0.3333333333333333	0.8430493273542601	0.0	0.0	0.7354260089686099	0.9043348281016442	0.0	1.0	0.9446935724962631	0.8101644245142003	0.0	0.16591928251121077	0.9088191330343797	1.0	0.0	0.9835575485799701	0.36472346786248133	1.0	0.0	0.3303437967115097	0.9626307922272048	1.0
25681	0.18181818181818182	0.0	0.07323232323232323	0.8282828282828283	0.20454545454545456	0.23737373737373738	0.8762626262626263	0.8207070707070707	0.42424242424242425	1.0	1.0	1.0	0.0	0.15404040404040403	1.0	1.0	0.0	1.0	1.0	1.0	0.0	0.3813131313131313	1.0	1.0
25682	0.0	0.5264452644526445	0.0	0.9876998769987699	0.0	0.0	0.6888068880688807	0.42927429274292744	0.0	0.97539975399754	0.8708487084870848	0.8007380073800738	0.0	0.0	0.9618696186961869	1.0	0.0	0.9102091020910209	0.7822878228782287	1.0	0.0	0.22878228782287824	0.974169741697417	1.0
25683	0.0	0.9379084967320261	0.5261437908496732	0.6013071895424836	0.0	0.0	0.9836601307189542	0.7941176470588235	0.0	1.0	1.0	0.8104575163398693	0.0457516339869281	0.0	1.0	1.0	0.0	1.0	0.4542483660130719	1.0	0.0	0.0	1.0	1.0
25684	0.0	0.5029239766081871	0.5380116959064327	0.8654970760233918	0.0	0.0	0.9883040935672515	0.9239766081871345	0.0	1.0	0.9239766081871345	0.8830409356725146	0.0	0.9298245614035088	0.3508771929824561	0.9532163742690059	0.0	0.0	0.3216374269005848	0.9532163742690059	0.0	0.4327485380116959	0.3508771929824561	0.7485380116959064
25685	0.0	0.0	0.0	0.7115384615384616	0.34615384615384615	0.0	0.8141025641025641	0.5384615384615384	0.0	1.0	0.7115384615384616	0.28846153846153844	0.0	0.0	0.717948717948718	1.0	0.0	1.0	0.08974358974358974	1.0	0.28205128205128205	0.0	1.0	1.0
25686	0.0	0.375	0.037037037037037035	1.0	0.0	0.0	0.3888888888888889	0.8888888888888888	0.0	1.0	0.8935185185185185	1.0	0.0	0.0	1.0	1.0	0.0	1.0	0.0	1.0	0.0	0.0	1.0	1.0
25687	0.37281910009182734	0.891643709825528	0.6611570247933884	1.0	0.4150596877869605	0.14692378328741965	0.9853076216712581	0.8842975206611571	0.26078971533516987	0.9981634527089073	0.9981634527089073	0.7750229568411386	0.620752984389348	0.5895316804407713	0.9990817263544536	0.9990817263544536	0.209366391184573	1.0	0.9825528007346189	1.0	0.5381083562901745	0.39944903581267216	1.0	1.0
25688	0.0	0.7495183044315993	0.15221579961464354	0.896917148362235	0.0	0.0	0.8159922928709056	0.6657032755298651	0.0	0.9922928709055877	0.9229287090558767	0.6888246628131022	0.0	0.11271676300578035	0.8227360308285164	0.9739884393063584	0.0	0.8631984585741811	0.6445086705202312	1.0	0.0	0.0	0.869942196531792	1.0
25689	0.0	0.8933333333333333	0.5123809523809524	0.3314285714285714	0.0	0.0	0.6133333333333333	0.6323809523809524	0.0	1.0	1.0	0.4076190476190476	0.0	0.18666666666666668	1.0	1.0	0.0	1.0	0.5333333333333333	1.0	0.26666666666666666	0.0	1.0	1.0
25690	0.0	0.4791666666666667	0.0	0.7326388888888888	0.0	0.0	0.6215277777777778	0.4791666666666667	0.0	1.0	1.0	0.0	0.0	0.0	1.0	1.0	0.0	1.0	0.4895833333333333	1.0	0.0	0.3090277777777778	0.9756944444444444	1.0
25691	0.0	0.8660714285714286	0.0	0.5625	0.0	0.0	0.46726190476190477	1.0	0.0	1.0	1.0	0.3630952380952381	0.0	0.0	1.0	1.0	0.0	1.0	0.45535714285714285	1.0	0.0	0.6041666666666666	1.0	1.0
25692	0.0	0.6573705179282868	0.15405046480743692	0.7861885790172642	0.0	0.0	0.8260292164674635	0.7583001328021248	0.0	1.0	1.0	0.16334661354581673	0.12084993359893759	0.0	1.0	1.0	0.0	0.8326693227091634	0.602921646746348	1.0	0.15405046480743692	0.0	0.9827357237715804	1.0
25693	0.0	0.340632603406326	0.12895377128953772	1.0	0.0	0.0	0.4245742092457421	0.9391727493917275	0.0	1.0	1.0	0.33454987834549876	0.0	0.0	0.9683698296836983	1.0	0.0	1.0	0.6313868613138686	1.0	0.0	0.2944038929440389	0.9720194647201946	1.0
25694	0.0	0.5182863113897597	0.20794148380355276	1.0	0.0	0.0	0.6614420062695925	0.9111807732497388	0.0	1.0	0.8871473354231975	0.41274817136886105	0.19540229885057472	0.0	0.8160919540229885	0.9843260188087775	0.0	1.0	0.664576802507837	1.0	0.0	0.06060606060606061	0.799373040752351	1.0
25695	0.0	0.6352583586626139	0.27760891590678827	0.9756838905775076	0.14285714285714285	0.0	0.5491388044579534	0.7122593718338399	0.0	1.0	0.9898682877406282	0.3171225937183384	0.08814589665653495	0.0	0.8986828774062816	0.9858156028368794	0.0	0.9361702127659575	0.5400202634245187	1.0	0.0	0.2978723404255319	0.9381965552178319	1.0
25696	0.0	1.0	1.0	0.3283582089552239	0.0	0.0	0.9900497512437811	0.5223880597014925	0.42786069651741293	1.0	1.0	0.22885572139303484	0.0	0.0	0.9900497512437811	1.0	0.0	1.0	0.5223880597014925	1.0	0.0	0.0	0.4129353233830846	1.0
25697	0.2	0.42557077625570777	0.37168949771689497	0.9899543378995433	0.0	0.0	0.8474885844748858	0.5735159817351598	0.0	1.0	1.0	0.5031963470319635	0.2776255707762557	0.14429223744292238	0.845662100456621	1.0	0.0	0.891324200913242	0.7936073059360731	1.0	0.0	0.0	0.9168949771689497	1.0
25698	0.17522658610271905	0.5085599194360524	0.1027190332326284	0.9959718026183283	0.08761329305135952	0.2729103726082578	0.8036253776435045	0.6676737160120846	0.12588116817724068	1.0	0.7794561933534743	0.25176233635448136	0.0	0.32628398791540786	0.8147029204431017	1.0	0.0	0.9254783484390735	0.7744209466263847	1.0	0.0	0.0	0.94662638469285	1.0
25699	0.0	0.8991596638655462	0.33053221288515405	1.0	0.0	0.20448179271708683	0.927170868347339	0.2773109243697479	0.0	1.0	1.0	0.4677871148459384	0.0	0.16806722689075632	1.0	1.0	0.0	1.0	0.42296918767507	1.0	0.0	0.0	1.0	1.0
25700	0.0	0.9644970414201184	0.3806706114398422	0.9250493096646942	0.0	0.0	0.9270216962524654	0.8264299802761341	0.0	1.0	0.9408284023668639	0.41222879684418146	0.24260355029585798	0.0	1.0	1.0	0.0	1.0	0.650887573964497	1.0	0.0	0.0	1.0	1.0
25701	0.0	0.8527131782945736	0.08527131782945736	0.8255813953488372	0.18023255813953487	0.0	1.0	0.7984496124031008	0.0	1.0	0.9457364341085271	0.7344961240310077	0.0	0.19186046511627908	0.7267441860465116	1.0	0.0	0.998062015503876	0.7325581395348837	1.0	0.0	0.0	0.8817829457364341	1.0
25702	0.0	0.7865079365079365	0.1746031746031746	0.7055555555555556	0.0	0.0	0.526984126984127	0.6	0.0	1.0	0.8404761904761905	0.6079365079365079	0.0	0.0	0.9714285714285714	1.0	0.0	1.0	0.5317460317460317	1.0	0.06984126984126984	0.20238095238095238	0.9880952380952381	1.0
25703	0.05535820011841326	0.6560094730609828	0.2764949674363529	0.9301361752516282	0.06246299585553582	0.0	0.6361752516281823	0.47365304914150386	0.0	0.9970396684428656	0.940793368857312	0.45056246299585556	0.16222616933096506	0.10272350503256365	0.9573712255772646	1.0	0.08910597986974542	0.9520426287744227	0.5597986974541148	1.0	0.09887507400828893	0.11752516281823565	0.9458259325044405	1.0
25704	0.0	0.4016393442622951	0.412568306010929	0.6229508196721312	0.0	0.0	0.45901639344262296	0.1366120218579235	0.0	0.9972677595628415	0.8579234972677595	0.5245901639344263	0.0	0.0	0.505464480874317	0.9644808743169399	0.0	0.9972677595628415	0.0	0.8852459016393442	0.0	0.0	0.8715846994535519	1.0
25705	0.0	0.14009661835748793	0.0	0.024154589371980676	0.0	0.0	0.0	0.0	0.0	0.5555555555555556	0.178743961352657	0.0	0.0	0.0	0.6908212560386473	0.9806763285024155	0.0	0.5555555555555556	0.12077294685990338	0.8357487922705314	0.0	0.0	0.9806763285024155	0.9951690821256038
25706	0.0	0.7746478873239436	0.0	0.5023474178403756	0.0	0.0	0.6901408450704225	0.0	0.0	1.0	1.0	0.9483568075117371	0.0	0.0	1.0	1.0	0.0	1.0	1.0	0.7417840375586855	0.0	0.0	0.676056338028169	1.0
25707	0.0	1.0	0.0	0.5589225589225589	0.0	0.0	0.25252525252525254	1.0	0.0	1.0	0.8148148148148148	0.6666666666666666	0.0	0.0	0.8552188552188552	1.0	0.0	1.0	0.8383838383838383	1.0	0.0	0.0	1.0	1.0
25708	0.0	1.0	0.0	1.0	0.0	0.0	0.8293650793650794	0.4603174603174603	0.0	1.0	1.0	0.9523809523809523	0.0	0.0	1.0	1.0	0.0	1.0	0.0	1.0	0.0	0.0	0.9642857142857143	1.0
25709	0.0	0.5688405797101449	0.0	1.0	0.4057971014492754	0.0	0.9710144927536232	0.5253623188405797	0.0	1.0	0.9311594202898551	0.8115942028985508	0.32608695652173914	0.605072463768116	1.0	1.0	0.0	1.0	1.0	1.0	0.0	0.0	1.0	1.0
25710	0.0	1.0	0.0	0.8677248677248677	0.291005291005291	0.0	0.8994708994708994	0.8677248677248677	0.0	1.0	0.8915343915343915	0.0	0.0	0.0	1.0	0.9444444444444444	0.0	1.0	0.9470899470899471	1.0	0.0	0.0	0.9894179894179894	1.0
25711	0.0	0.834733893557423	0.0	0.9817927170868347	0.22408963585434175	0.0	0.8109243697478992	0.6666666666666666	0.2703081232492997	1.0	0.9985994397759104	0.6610644257703081	0.05322128851540616	0.12605042016806722	0.9817927170868347	1.0	0.0	1.0	0.5952380952380952	1.0	0.0	0.0	0.9985994397759104	1.0
25712	0.5708661417322834	0.8097112860892388	0.48031496062992124	0.952755905511811	0.30446194225721784	0.3438320209973753	1.0	0.8530183727034121	0.28083989501312334	1.0	1.0	0.989501312335958	0.34776902887139105	0.7112860892388452	1.0	1.0	0.14960629921259844	1.0	0.9973753280839895	1.0	0.5931758530183727	0.19291338582677164	0.9540682414698163	1.0
25713	0.0	0.7584541062801933	0.7874396135265701	0.7439613526570048	0.0	0.0	0.7294685990338164	0.9903381642512077	0.0	1.0	1.0	1.0	0.0	0.1932367149758454	1.0	1.0	0.0	1.0	0.821256038647343	1.0	0.0	0.0	1.0	1.0
25714	0.37915881983678595	0.8462021343377275	0.3364720652856246	0.9723791588198368	0.4337727558066541	0.45699937225360954	0.8455743879472694	0.871939736346516	0.3898305084745763	1.0	1.0	0.8650345260514752	0.6905210295040803	0.8449466415568111	0.9642184557438794	1.0	0.0	1.0	1.0	1.0	0.7608286252354048	0.6064030131826742	1.0	1.0
25715	0.0	1.0	0.6666666666666666	0.7724867724867724	0.2962962962962963	0.2310405643738977	0.9894179894179894	1.0	0.16049382716049382	1.0	1.0	0.7954144620811288	0.14109347442680775	0.14814814814814814	1.0	1.0	0.0	1.0	0.8853615520282186	1.0	0.14814814814814814	0.5925925925925926	1.0	1.0
25716	0.18888888888888888	1.0	0.0	1.0	0.0	0.0	1.0	1.0	0.0	1.0	1.0	0.9666666666666667	0.0	0.0	1.0	1.0	0.0	0.7388888888888889	1.0	1.0	0.0	0.0	0.9222222222222223	1.0
25717	1.0	0.8062015503875969	0.0	0.7829457364341085	0.0	0.0	1.0	0.7984496124031008	0.0	1.0	1.0	0.9573643410852714	0.0	0.0	1.0	1.0	0.0	0.9302325581395349	1.0	1.0	0.0	0.0	1.0	1.0
25718	0.0	0.6282051282051282	0.0	0.6196581196581197	0.0	0.0	0.49572649572649574	0.6324786324786325	0.0	1.0	0.9102564102564102	0.6025641025641025	0.0	0.0	1.0	1.0	0.0	1.0	0.9358974358974359	1.0	0.0	0.0	0.9957264957264957	1.0
25719	0.0	0.4174757281553398	0.5210355987055016	0.8996763754045307	0.0	0.0	0.9158576051779935	0.42071197411003236	0.0	1.0	1.0	0.5080906148867314	0.2168284789644013	0.0	0.9805825242718447	1.0	0.0	1.0	1.0	1.0	0.2686084142394822	0.0	1.0	1.0
25720	0.0	0.24193548387096775	0.0	0.26881720430107525	0.0	0.0	0.7688172043010753	0.9516129032258065	0.0	1.0	0.0	0.0	0.0	0.0	1.0	1.0	0.0	1.0	0.946236559139785	1.0	0.0	0.2956989247311828	1.0	1.0
25721	0.0	0.9957356076759062	0.2885572139303483	0.9509594882729211	0.2615493958777541	0.10732054015636106	0.9495380241648899	0.7810945273631841	0.07604832977967306	1.0	0.9118692253020612	0.697228144989339	0.0	0.10589907604832978	1.0	0.9431414356787491	0.09594882729211088	1.0	0.652452025586354	1.0	0.1712864250177683	0.32196162046908317	1.0	1.0
25722	0.0	0.07936507936507936	0.6746031746031746	1.0	0.0	0.0	1.0	0.9365079365079365	0.0	1.0	1.0	0.0	0.0	0.0	1.0	1.0	0.0	0.8888888888888888	0.6428571428571429	1.0	0.0	0.0	0.8888888888888888	1.0
25723	0.17004504504504506	0.9493243243243243	0.6509009009009009	0.9448198198198198	0.0945945945945946	0.17004504504504506	0.7894144144144144	0.7038288288288288	0.0	0.9932432432432432	0.9391891891891891	0.6711711711711712	0.0	0.0	0.9954954954954955	0.9932432432432432	0.0	0.9932432432432432	0.795045045045045	0.9977477477477478	0.1036036036036036	0.17004504504504506	1.0	1.0
25724	0.0	0.6565656565656566	0.15151515151515152	0.9747474747474747	0.0	0.0	0.98989898989899	1.0	0.0	1.0	1.0	0.6717171717171717	0.0	0.0	1.0	1.0	0.0	1.0	0.8434343434343434	1.0	0.0	0.0	1.0	1.0
25725	0.0	0.25274725274725274	0.38095238095238093	0.663003663003663	0.0	0.0	0.0	1.0	0.0	1.0	0.7692307692307693	0.0	0.0	0.0	0.9194139194139194	1.0	0.0	1.0	0.08791208791208792	1.0	0.0	0.5604395604395604	1.0	1.0
25726	0.6894977168949772	0.863013698630137	0.182648401826484	1.0	0.0	0.0	0.8926940639269406	0.7557077625570776	0.0	1.0	1.0	0.5707762557077626	0.0	0.20319634703196346	1.0	1.0	0.0	0.8904109589041096	0.7397260273972602	1.0	0.0	0.0	0.8812785388127854	1.0
25727	0.0	0.44607843137254904	0.0	1.0	0.0	0.0	1.0	0.0	0.12745098039215685	1.0	1.0	0.08823529411764706	0.0	0.0	1.0	1.0	0.0	0.0784313725490196	0.9509803921568627	1.0	0.0	0.0	1.0	1.0
25728	0.0	0.7897435897435897	0.17307692307692307	0.7794871794871795	0.0	0.0	0.5423076923076923	0.6666666666666666	0.03333333333333333	1.0	1.0	0.5217948717948718	0.0	0.0	0.9294871794871795	1.0	0.0	0.8782051282051282	0.3153846153846154	1.0	0.0	0.0	0.9846153846153847	1.0
25729	0.0	0.697119341563786	0.17530864197530865	0.9292181069958848	0.0	0.20987654320987653	0.5794238683127572	0.49135802469135803	0.0	1.0	0.920164609053498	0.2938271604938272	0.2074074074074074	0.0	1.0	1.0	0.0	0.9843621399176955	0.7415637860082305	1.0	0.30781893004115224	0.09465020576131687	0.9308641975308642	1.0
25730	0.0	1.0	0.572463768115942	0.5289855072463768	0.0	0.0	0.9384057971014492	0.9384057971014492	0.0	1.0	1.0	0.644927536231884	0.0	0.22826086956521738	1.0	1.0	0.0	1.0	0.3442028985507246	1.0	0.0	0.0	1.0	1.0
25731	0.0	0.7974068071312804	0.315505132360886	0.93354943273906	0.0	0.0	0.6164235548352242	0.7277147487844409	0.0	0.9746083198271205	0.9621826039978391	0.37817396002160997	0.0	0.0	0.9411129119394922	1.0	0.0	1.0	0.7082658022690438	1.0	0.055105348460291734	0.09616423554835224	0.9681253376553215	1.0
25732	0.0	0.5041459369817579	0.560530679933665	0.9917081260364843	0.0	0.0	0.5223880597014925	0.24212271973466004	0.0	1.0	0.7180762852404643	0.17412935323383086	0.0	0.0	0.47429519071310117	1.0	0.0	0.5638474295190713	0.42122719734660036	1.0	0.07960199004975124	0.0	0.9220563847429519	1.0
25733	0.0	0.9702380952380952	0.0	0.9404761904761905	0.0	0.0	0.2916666666666667	0.0	0.0	1.0	0.6964285714285714	0.9523809523809523	0.0	0.0	0.7976190476190477	0.7916666666666666	0.0	0.6071428571428571	0.0	1.0	0.0	0.0	0.0	1.0
25734	0.0	0.4932249322493225	0.43089430894308944	1.0	0.0	0.0	1.0	0.7615176151761518	0.0	1.0	1.0	0.27100271002710025	0.0	0.15447154471544716	1.0	1.0	0.0	1.0	0.7913279132791328	1.0	0.0	0.0	0.8699186991869918	1.0
25735	0.0	0.0	0.7432432432432432	0.6756756756756757	0.8153153153153153	0.0	1.0	1.0	0.0	1.0	1.0	0.8198198198198198	0.0	0.0	1.0	1.0	0.0	1.0	0.581081081081081	1.0	0.7882882882882883	0.581081081081081	1.0	1.0
25736	0.0	1.0	0.0	1.0	0.0	0.0	1.0	0.8439716312056738	0.0	1.0	1.0	0.014184397163120567	0.0	0.0	0.9929078014184397	1.0	0.0	1.0	0.18439716312056736	1.0	0.0	0.0	0.8794326241134752	1.0
25737	0.0	0.6885964912280702	0.0	0.6271929824561403	0.4473684210526316	0.0	0.6739766081871345	0.7222222222222222	0.0	1.0	1.0	0.6652046783625731	0.0	0.13596491228070176	0.6593567251461988	0.8508771929824561	0.0	1.0	0.5292397660818714	1.0	0.0	0.2324561403508772	0.9780701754385965	1.0
25738	0.0	0.7199453551912568	0.48633879781420764	0.6024590163934426	0.05874316939890711	0.0	0.9098360655737705	0.8879781420765027	0.0	1.0	0.7718579234972678	0.8743169398907104	0.0	0.0	0.9098360655737705	1.0	0.0	1.0	0.8838797814207651	1.0	0.11612021857923498	0.20491803278688525	1.0	1.0
25739	0.0	0.6267696267696268	0.5624195624195624	1.0	0.0	0.0	0.6344916344916345	0.5070785070785071	0.0	1.0	0.9253539253539254	0.21106821106821108	0.0	0.0	0.9305019305019305	1.0	0.0	0.9279279279279279	0.4066924066924067	1.0	0.0	0.19433719433719435	0.9137709137709138	1.0
25740	0.0	0.6444444444444445	0.0	0.8153846153846154	0.0	0.0	0.09401709401709402	0.6735042735042736	0.19487179487179487	1.0	0.7965811965811965	0.811965811965812	0.2341880341880342	0.46153846153846156	0.935042735042735	1.0	0.0	0.958974358974359	0.8752136752136752	1.0	0.17606837606837608	0.4393162393162393	1.0	1.0
25741	0.0	0.5171568627450981	0.12581699346405228	0.8455882352941176	0.0	0.02369281045751634	0.6691176470588235	0.5833333333333334	0.0	1.0	0.7843137254901961	0.5980392156862745	0.0	0.07516339869281045	0.8545751633986928	1.0	0.0	0.920751633986928	0.5808823529411765	1.0	0.0	0.119281045751634	0.8521241830065359	1.0
25742	0.0	0.2929061784897025	0.30739893211289093	0.8535469107551488	0.10526315789473684	0.0	0.7025171624713958	0.7269260106788711	0.0	1.0	0.958047292143402	0.2303585049580473	0.0	0.08924485125858124	0.9633867276887872	1.0	0.0	0.8596491228070176	0.8375286041189931	1.0	0.0	0.14950419527078565	0.9321128909229596	1.0
25743	0.0	0.3918918918918919	0.0	0.0	0.0	0.0	1.0	1.0	0.0	0.990990990990991	0.0	0.6261261261261262	0.0	0.0	0.9864864864864865	1.0	0.0	1.0	0.46396396396396394	1.0	0.0	0.0	1.0	1.0
25744	0.0	0.8780487804878049	0.0	0.3821138211382114	0.0	0.0	0.1951219512195122	0.0	0.0	1.0	0.44715447154471544	0.46747967479674796	0.0	0.0	0.6626016260162602	0.5284552845528455	0.0	0.9105691056910569	0.18699186991869918	1.0	0.0	0.0	0.9552845528455285	1.0
25745	0.0	0.9764309764309764	0.3872053872053872	0.7962962962962963	0.0	0.0	0.8333333333333334	0.7542087542087542	0.3771043771043771	1.0	0.9831649831649831	0.17003367003367004	0.0	0.0	1.0	1.0	0.0	0.968013468013468	0.9814814814814815	1.0	0.19023569023569023	0.4276094276094276	0.9663299663299664	1.0
25746	0.45345345345345345	0.8888888888888888	0.0	1.0	0.0	0.0	0.7957957957957958	0.7102102102102102	0.0	1.0	1.0	0.42042042042042044	0.0	0.24324324324324326	0.9054054054054054	0.993993993993994	0.0	1.0	0.9369369369369369	1.0	0.0	0.3138138138138138	0.9219219219219219	1.0
25747	0.0	0.7427536231884058	0.23043478260869565	0.9427536231884058	0.1492753623188406	0.08695652173913043	0.7318840579710145	0.8710144927536232	0.0	1.0	0.9239130434782609	0.5565217391304348	0.0	0.1673913043478261	0.9768115942028985	1.0	0.0	1.0	0.8065217391304348	1.0	0.27898550724637683	0.2710144927536232	0.7398550724637681	1.0
25748	0.01598173515981735	0.7899543378995434	0.5091324200913242	0.7557077625570776	0.0	0.0	0.8059360730593608	0.6187214611872146	0.0	0.9748858447488584	0.6506849315068494	0.23059360730593606	0.0	0.0	0.9748858447488584	1.0	0.0	0.9200913242009132	0.8356164383561644	0.9748858447488584	0.2808219178082192	0.0	0.997716894977169	0.997716894977169
25749	0.0	0.9239373601789709	0.2371364653243848	0.697986577181208	0.0	0.0	0.5055928411633109	0.0447427293064877	0.0	1.0	0.8053691275167785	0.21923937360178972	0.0	0.33109619686800895	0.9038031319910514	0.7807606263982103	0.0	0.9038031319910514	0.9038031319910514	1.0	0.0	0.6756152125279642	1.0	1.0
25750	0.0	0.6511954992967651	0.0	0.8354430379746836	0.0	0.0	0.5218002812939522	0.33473980309423346	0.0	1.0	0.790436005625879	0.30520393811533053	0.19127988748241911	0.3924050632911392	1.0	1.0	0.0	0.9929676511954993	0.6329113924050633	1.0	0.0	0.21940928270042195	1.0	1.0
25751	0.0	0.508833922261484	0.0	0.9623085983510011	0.0	0.0	0.7597173144876325	0.8080094228504122	0.0	1.0	1.0	0.3462897526501767	0.19199057714958775	0.0	0.9811542991755006	1.0	0.0	0.9564193168433451	0.5983510011778563	1.0	0.0	0.0	0.944640753828033	1.0
25752	0.0	0.4666666666666667	0.0	1.0	0.6428571428571429	0.0	0.8166666666666667	0.4928571428571429	0.0	1.0	0.9642857142857143	0.0	0.0	0.0	0.9809523809523809	1.0	0.0	1.0	0.2785714285714286	1.0	0.0	0.2523809523809524	0.7119047619047619	1.0
25753	0.0	0.8045977011494253	0.0	0.4436781609195402	0.0	0.2	0.4574712643678161	0.9425287356321839	0.0	1.0	0.36551724137931035	0.2896551724137931	0.0	0.1310344827586207	0.8344827586206897	1.0	0.0	1.0	0.8367816091954023	1.0	0.0	0.9494252873563218	0.9816091954022989	1.0
25754	0.0	0.0	0.17054263565891473	0.0	0.0	0.0	0.751937984496124	0.37209302325581395	0.0	0.9031007751937985	0.6666666666666666	0.2248062015503876	0.0	0.0	0.937984496124031	0.8333333333333334	0.0	0.4186046511627907	0.37209302325581395	0.9844961240310077	0.0	0.0	0.32170542635658916	0.9844961240310077
25755	0.36739659367396593	0.6618004866180048	0.10827250608272507	0.7262773722627737	0.0	0.0	0.7506082725060828	0.5316301703163017	0.0	1.0	0.7360097323600974	0.33941605839416056	0.0	0.13260340632603407	0.7031630170316302	0.9330900243309003	0.0	0.9464720194647201	0.21532846715328466	1.0	0.0	0.0	0.9951338199513382	1.0
25756	0.0	0.7061266874350987	0.0	0.8078920041536864	0.18276220145379024	0.0	0.8785046728971962	0.6209761163032191	0.0	1.0	0.6635514018691588	0.45794392523364486	0.0	0.0	0.9511941848390446	1.0	0.0	0.9844236760124611	0.13291796469366562	1.0	0.0	0.0	0.9293873312564901	1.0
25757	0.0	0.6086235489220564	0.5008291873963516	1.0	0.0	0.0	0.3714759535655058	0.7114427860696517	0.0	1.0	0.8805970149253731	0.24212271973466004	0.3466003316749585	0.6550580431177446	0.7893864013266998	1.0	0.0	1.0	0.9502487562189055	1.0	0.0	0.0	0.9917081260364843	1.0
25758	0.0	0.9810126582278481	0.0	0.7426160337552743	0.4008438818565401	0.0	0.8924050632911392	0.7510548523206751	0.0	1.0	1.0	0.9240506329113924	0.0	0.2805907172995781	1.0	1.0	0.0	1.0	0.11181434599156118	1.0	0.20675105485232068	0.0	1.0	1.0
25759	0.0	0.45614035087719296	0.0	0.13450292397660818	0.0	0.0	1.0	0.6257309941520468	0.0	1.0	1.0	1.0	0.0	0.0	1.0	1.0	0.0	1.0	0.0	1.0	0.8421052631578947	0.0	1.0	1.0
25760	0.0	0.4196078431372549	0.0	0.8705882352941177	0.0	0.0	0.0	0.45098039215686275	0.0	1.0	0.6862745098039216	0.34509803921568627	0.0	0.0	1.0	0.9137254901960784	0.0	0.6980392156862745	1.0	1.0	0.0	0.0	0.5098039215686274	1.0
25761	0.07187993680884676	0.3404423380726698	0.0	0.8507109004739336	0.0	0.14533965244865718	0.7251184834123223	0.5102685624012638	0.0	1.0	0.7819905213270142	0.3080568720379147	0.0	0.11927330173775672	0.8246445497630331	0.9052132701421801	0.0	0.9968404423380727	0.8933649289099526	1.0	0.0	0.0	0.9320695102685624	1.0
25762	0.2088078967350038	0.5163249810174639	0.30751708428246016	0.5823842065299925	0.0	0.0	0.5466970387243736	0.31586940015186027	0.0	1.0	0.9096431283219438	0.4540622627182992	0.0	0.12072892938496584	0.9779802581624905	0.9544419134396356	0.0	1.0	0.8283978739559605	1.0	0.0	0.17691723614274868	0.9848139711465452	1.0
25763	0.0	0.6551724137931034	0.0	0.32873563218390806	0.0	0.0	0.4574712643678161	0.9540229885057471	0.0	1.0	0.9908045977011494	0.3632183908045977	0.0	0.0	0.8735632183908046	0.8413793103448276	0.0	0.774712643678161	0.6758620689655173	1.0	0.0	0.0	0.6298850574712643	1.0
25764	0.0	0.14859437751004015	0.8072289156626506	1.0	0.3614457831325301	0.0	0.321285140562249	0.5502008032128514	0.0	1.0	0.9879518072289156	0.39357429718875503	0.30120481927710846	0.0	0.8755020080321285	1.0	0.0	1.0	0.2931726907630522	1.0	0.0	0.0	0.9196787148594378	1.0
25765	0.0	1.0	0.22580645161290322	0.96415770609319	0.0	0.0	0.4121863799283154	0.7491039426523297	0.0	1.0	1.0	0.5412186379928315	0.2974910394265233	0.5089605734767025	0.9032258064516129	1.0	0.0	1.0	0.0	1.0	0.0	0.0	0.7240143369175627	1.0
25766	0.3232998885172798	0.9933110367892977	0.08138238573021182	0.4938684503901895	0.0	0.0	0.2831661092530658	0.35451505016722407	0.0	1.0	0.8405797101449275	0.49052396878483834	0.0	0.1527313266443701	0.6633221850613155	0.9732441471571907	0.0	0.6120401337792643	0.0	0.9420289855072463	0.0	0.0	0.9910813823857302	0.9208472686733556
25767	0.03571428571428571	0.6183862433862434	0.2328042328042328	0.9113756613756614	0.20833333333333334	0.05489417989417989	0.8247354497354498	0.8888888888888888	0.0	0.9583333333333334	0.9894179894179894	0.7744708994708994	0.17328042328042328	0.12433862433862433	0.9775132275132276	0.9642857142857143	0.0	0.996031746031746	0.9583333333333334	1.0	0.13690476190476192	0.11772486772486772	0.9847883597883598	0.9933862433862434
25768	0.5033112582781457	1.0	0.0	1.0	0.0	0.0	0.8565121412803532	0.9448123620309051	0.0	1.0	1.0	0.9293598233995585	0.3333333333333333	0.06181015452538632	1.0	1.0	0.0	1.0	1.0	1.0	0.06181015452538632	0.0	1.0	1.0
25769	0.2956204379562044	0.6763990267639902	0.6386861313868614	0.9343065693430657	0.13260340632603407	0.0	0.7883211678832117	0.9549878345498783	0.0	1.0	0.9659367396593674	0.781021897810219	0.0	0.12408759124087591	0.9781021897810219	1.0	0.0	1.0	0.7274939172749392	1.0	0.0	0.29683698296836986	1.0	1.0
25770	0.0	0.7495854063018242	0.0	0.857379767827529	0.0	0.0	0.8971807628524047	0.7645107794361525	0.0	1.0	0.9270315091210614	0.48258706467661694	0.06799336650082918	0.0	0.8225538971807629	1.0	0.0	1.0	0.9519071310116086	1.0	0.15754560530679934	0.0945273631840796	1.0	1.0
25771	0.0	0.6675105485232068	0.10970464135021098	0.8	0.0	0.0	0.9248945147679325	0.8016877637130801	0.0	1.0	0.9670886075949368	0.509704641350211	0.0	0.12067510548523207	0.9434599156118143	1.0	0.0	0.8118143459915612	0.8683544303797468	1.0	0.08860759493670886	0.18143459915611815	0.9721518987341772	1.0
25772	0.0	0.9572368421052632	0.5526315789473685	0.9846491228070176	0.19736842105263158	0.0	0.5942982456140351	0.7532894736842105	0.0	1.0	1.0	0.9495614035087719	0.4331140350877193	0.35526315789473684	0.9605263157894737	1.0	0.0	0.9682017543859649	0.9956140350877193	1.0	0.0	0.16557017543859648	0.8925438596491229	1.0
25773	0.0	0.24919093851132687	0.0	0.6035598705501618	0.0	0.0	0.8058252427184466	0.15048543689320387	0.0	1.0	0.9951456310679612	0.0	0.0	0.0	0.9854368932038835	0.93042071197411	0.0	0.9789644012944984	0.7346278317152104	1.0	0.2540453074433657	0.0	0.9757281553398058	0.9902912621359223
25774	0.0	0.0	0.0625	1.0	0.0	0.0	0.5773809523809523	1.0	0.0	1.0	1.0	0.7857142857142857	0.0	0.0	0.9166666666666666	1.0	0.0	1.0	1.0	1.0	0.0	0.10119047619047619	0.6875	1.0
25775	0.0	0.49337260677466865	0.163966617574865	0.7997054491899853	0.05154639175257732	0.0	0.406480117820324	0.7520864015709376	0.048600883652430045	0.9887088856161022	0.8306332842415317	0.4374079528718704	0.046146293568973984	0.0	0.8757977417771232	0.9720176730486009	0.0	0.9896907216494846	0.8718703976435935	1.0	0.1487481590574374	0.14580265095729014	0.9774177712322042	1.0
25776	0.0	0.42424242424242425	0.2787878787878788	1.0	0.0	0.0	1.0	0.6151515151515151	0.0	1.0	0.906060606060606	0.12121212121212122	0.0	0.24242424242424243	0.9484848484848485	1.0	0.0	0.6515151515151515	0.7696969696969697	1.0	0.0	0.0	0.6484848484848484	1.0
25777	0.0	0.8294573643410853	0.0	1.0	0.0	0.0	1.0	0.0	0.0	1.0	0.6201550387596899	0.9612403100775194	0.0	0.5736434108527132	1.0	1.0	0.0	1.0	1.0	1.0	0.0	0.3333333333333333	1.0	1.0
25778	0.0	0.8735119047619048	0.0	0.7752976190476191	0.0	0.0	0.6443452380952381	0.5758928571428571	0.0	1.0	0.8616071428571429	0.59375	0.4017857142857143	0.05654761904761905	1.0	1.0	0.0	1.0	0.9732142857142857	1.0	0.20833333333333334	0.4017857142857143	0.9360119047619048	1.0
25779	0.0	0.13969938107869143	0.0	0.7365163572060124	0.0	0.07603890362511052	0.24049513704686118	0.506631299734748	0.0	1.0	0.9664014146772767	0.5243147656940761	0.20424403183023873	0.0	0.9876215738284704	0.9991158267020336	0.0	0.9328028293545535	0.7966401414677277	1.0	0.0	0.0	0.9628647214854111	1.0
25780	0.0	0.5019305019305019	0.0	0.46074646074646075	0.0	0.0	0.22908622908622908	0.7824967824967825	0.0	0.9369369369369369	0.7387387387387387	0.40283140283140284	0.0	0.0	0.758043758043758	0.9330759330759331	0.0	0.963963963963964	0.9086229086229086	0.9330759330759331	0.23423423423423423	0.37194337194337196	0.8854568854568855	0.7734877734877735
25781	0.08473625140291807	0.6290684624017957	0.29685746352413017	0.8058361391694725	0.20426487093153758	0.0	0.8092031425364759	0.5488215488215489	0.0	0.9938271604938271	0.9556677890011224	0.5701459034792368	0.335016835016835	0.20145903479236812	0.9747474747474747	1.0	0.08473625140291807	0.8714927048260381	0.8395061728395061	1.0	0.18742985409652077	0.0	0.9191919191919192	1.0
25782	0.28431372549019607	0.08333333333333333	0.2238562091503268	0.9297385620915033	0.0	0.0	0.0016339869281045752	0.3366013071895425	0.0	0.9607843137254902	0.16339869281045752	0.08169934640522876	0.0	0.08660130718954248	0.6111111111111112	0.7843137254901961	0.0	0.7140522875816994	0.5294117647058824	1.0	0.0	0.2369281045751634	0.8594771241830066	0.9950980392156863
25783	0.0	0.7296747967479674	0.0	0.7103658536585366	0.0	0.0	0.49898373983739835	0.5071138211382114	0.0	0.9806910569105691	0.6788617886178862	0.19207317073170732	0.0	0.0	0.5965447154471545	0.9989837398373984	0.24898373983739838	0.8191056910569106	0.9166666666666666	0.9989837398373984	0.24085365853658536	0.10873983739837398	0.6128048780487805	0.9278455284552846
25784	0.2839506172839506	0.6378600823045267	0.0	0.9135802469135802	0.5534979423868313	0.0	0.48559670781893005	0.8765432098765432	0.0	0.8539094650205762	0.8333333333333334	0.2345679012345679	0.0	0.0	1.0	1.0	0.0	0.8868312757201646	0.6152263374485597	1.0	0.0	0.0	0.8559670781893004	1.0
25785	0.0	0.38738738738738737	0.0	0.8468468468468469	0.0	0.0	0.7327327327327328	0.6936936936936937	0.0	1.0	0.924924924924925	0.21621621621621623	0.0	0.0	1.0	1.0	0.0	1.0	0.6576576576576577	1.0	0.0	0.0	0.8858858858858859	1.0
25786	0.0	0.5530973451327433	0.26843657817109146	0.7772861356932154	0.0	0.0	0.7064896755162242	0.22123893805309736	0.0	1.0	0.6519174041297935	0.1873156342182891	0.2581120943952802	0.18289085545722714	0.9882005899705014	1.0	0.0	0.9469026548672567	0.4218289085545723	1.0	0.3893805309734513	0.22271386430678466	0.9660766961651918	1.0
25787	0.0	0.5952380952380952	0.0	1.0	0.7571428571428571	0.0	0.8238095238095238	1.0	0.0	1.0	0.9809523809523809	1.0	0.6666666666666666	0.0	0.8142857142857143	1.0	0.0	1.0	1.0	1.0	0.0	0.7285714285714285	0.8380952380952381	1.0
25788	0.0	0.0	0.3356009070294785	0.5668934240362812	0.0	0.0	0.0	0.0	0.0	0.9297052154195011	0.6281179138321995	0.0	0.0	0.0	0.3492063492063492	0.5124716553287982	0.0	0.3877551020408163	0.0	0.8888888888888888	0.0	0.0	0.0	0.7006802721088435
25789	0.34953703703703703	0.7083333333333334	0.0	0.9282407407407407	0.0	0.0	0.4861111111111111	0.33564814814814814	0.0	0.9027777777777778	0.6134259259259259	0.0	0.0	0.0	0.7824074074074074	0.9930555555555556	0.0	0.6458333333333334	0.9699074074074074	0.9629629629629629	0.0	0.0	0.7638888888888888	0.8888888888888888
25790	0.3945868945868946	0.9316239316239316	0.4301994301994302	0.9131054131054132	0.14814814814814814	0.3475783475783476	0.9529914529914529	0.8133903133903134	0.17094017094017094	1.0	0.5683760683760684	0.8532763532763533	0.0	0.0	0.7507122507122507	1.0	0.0	1.0	0.9943019943019943	1.0	0.0	0.0	0.9871794871794872	1.0
25791	0.15973920130399347	0.44987775061124696	0.23145884270578648	0.967400162999185	0.08394458027709861	0.0	0.5321923390383048	0.42950285248573755	0.0	1.0	0.8345558272208639	0.15810920945395274	0.0	0.0	0.9991850040749797	1.0	0.0	0.9942950285248574	0.8353708231458843	1.0	0.0	0.0	0.8255908720456397	1.0
25792	0.0	0.6436781609195402	0.735632183908046	1.0	0.0	0.0	0.7011494252873564	1.0	0.0	1.0	1.0	0.05172413793103448	0.0	0.0	1.0	1.0	0.0	1.0	0.3160919540229885	1.0	0.19540229885057472	0.0	0.9310344827586207	1.0
25793	0.0	0.5842044134727061	0.14285714285714285	0.9802555168408827	0.036004645760743324	0.0	0.3867595818815331	0.645760743321719	0.1173054587688734	0.9767711962833914	0.983739837398374	0.519163763066202	0.0	0.047619047619047616	0.8966318234610917	1.0	0.0	0.9256678281068524	0.6933797909407665	1.0	0.0975609756097561	0.0	0.7549361207897793	1.0
25794	0.0	0.7369942196531792	0.13198458574181118	0.9277456647398844	0.25337186897880537	0.0	0.7427745664739884	0.5924855491329479	0.0	1.0	0.8786127167630058	0.3978805394990366	0.12427745664739884	0.0	0.8805394990366089	1.0	0.0	0.9007707129094412	0.44701348747591524	1.0	0.13776493256262043	0.0	0.9508670520231214	1.0
25795	0.3756218905472637	0.5186567164179104	0.1281094527363184	0.5945273631840796	0.1281094527363184	0.11318407960199005	0.458955223880597	0.6480099502487562	0.0	0.664179104477612	0.8942786069651741	0.26243781094527363	0.0	0.0	0.6194029850746269	1.0	0.0	0.9390547263681592	0.7238805970149254	1.0	0.03855721393034826	0.32213930348258707	0.8681592039800995	1.0
25796	0.0	0.6415094339622641	0.0	0.9056603773584906	0.0	0.0	0.0	0.3081761006289308	0.0	0.0	0.0	0.0	0.0	0.0	0.0	1.0	0.0	0.16352201257861634	0.0	0.9811320754716981	0.0	0.0	0.0	0.8050314465408805
25797	0.3157894736842105	0.43049932523616735	0.0	0.7327935222672065	0.0	0.0	0.9122807017543859	0.5883940620782726	0.0	0.941970310391363	0.9919028340080972	0.43724696356275305	0.0	0.0	0.9163292847503374	0.8758434547908233	0.0	0.9244264507422402	0.6720647773279352	1.0	0.1970310391363023	0.0	0.5506072874493927	1.0
25798	0.0	0.508	0.4746666666666667	0.7133333333333334	0.0	0.0	0.5826666666666667	0.7706666666666667	0.0	1.0	0.952	0.624	0.13066666666666665	0.0	1.0	1.0	0.0	0.9853333333333333	0.864	1.0	0.0	0.10533333333333333	0.9226666666666666	1.0
25799	0.0	0.7012578616352201	0.4968553459119497	0.6949685534591195	0.0	0.0	0.5534591194968553	1.0	0.6352201257861635	1.0	1.0	1.0	0.11320754716981132	0.0	1.0	1.0	0.0	0.8144654088050315	1.0	1.0	0.0	0.46855345911949686	0.9685534591194969	1.0
25800	0.0	1.0	0.8613569321533924	1.0	0.0	0.0	0.9852507374631269	0.7433628318584071	0.0	1.0	1.0	0.40117994100294985	0.22418879056047197	0.3421828908554572	1.0	1.0	0.02064896755162242	0.9734513274336283	0.3893805309734513	1.0	0.0	0.0	0.8613569321533924	1.0
25801	0.0	0.567287784679089	0.391304347826087	0.8840579710144928	0.0	0.0	0.4161490683229814	0.8509316770186336	0.0	1.0	0.9565217391304348	0.6811594202898551	0.19254658385093168	0.0	1.0	1.0	0.0	1.0	0.9130434782608695	1.0	0.21739130434782608	0.0	1.0	1.0
25802	0.0	0.3564356435643564	0.8613861386138614	0.49174917491749176	0.0	0.0	0.8151815181518152	0.8415841584158416	0.0	1.0	0.8943894389438944	0.07920792079207921	0.0	0.7458745874587459	0.40924092409240925	1.0	0.0	1.0	0.8151815181518152	1.0	0.0	0.2838283828382838	1.0	1.0
25803	0.0	0.0	0.06976744186046512	0.49612403100775193	0.0	0.0	1.0	1.0	0.0	1.0	1.0	0.6201550387596899	0.0	0.0	0.5736434108527132	1.0	0.0	0.8372093023255814	1.0	1.0	0.7131782945736435	0.9534883720930233	1.0	1.0
25804	0.0	0.7389937106918238	0.44025157232704404	1.0	0.0	0.0	1.0	1.0	0.0	1.0	1.0	1.0	0.0	0.0	1.0	1.0	0.0	1.0	1.0	1.0	0.34591194968553457	0.5125786163522013	1.0	1.0
25805	0.0	0.0	0.0	1.0	0.0	0.0	1.0	0.7014925373134329	0.263681592039801	1.0	0.7935323383084577	0.5099502487562189	0.0	0.42786069651741293	0.8333333333333334	1.0	0.0	0.8681592039800995	0.26616915422885573	1.0	0.0	0.0	0.6094527363184079	1.0
25806	0.028735632183908046	0.5379310344827586	0.25862068965517243	0.8770114942528736	0.0	0.0	0.7057471264367816	0.4586206896551724	0.0	1.0	0.7436781609195402	0.1	0.0	0.0	0.7689655172413793	0.9149425287356322	0.0	0.9459770114942528	0.15862068965517243	1.0	0.0	0.0	0.9459770114942528	1.0
25807	0.6458333333333334	0.5052083333333334	0.546875	1.0	0.0	0.0	0.6510416666666666	1.0	0.0	1.0	1.0	0.96875	0.06770833333333333	0.0	1.0	1.0	0.0	1.0	0.5989583333333334	1.0	0.4270833333333333	0.0	0.9583333333333334	1.0
25808	0.035398230088495575	0.7699115044247787	0.09882005899705015	1.0	0.21976401179941002	0.12979351032448377	0.8982300884955752	0.7979351032448377	0.0	1.0	1.0	0.8392330383480826	0.3938053097345133	0.18436578171091444	1.0	0.9705014749262537	0.0	1.0	1.0	1.0	0.030973451327433628	0.30973451327433627	0.9616519174041298	1.0
25809	0.0	0.7285285285285286	0.10510510510510511	0.7051051051051052	0.08708708708708708	0.0	0.7093093093093094	0.406006006006006	0.0	0.9225225225225225	0.8588588588588588	0.7243243243243244	0.10750750750750751	0.14174174174174173	0.8342342342342343	0.9483483483483484	0.0	0.7483483483483484	0.7567567567567568	0.9615615615615616	0.16996996996996996	0.07327327327327328	0.7543543543543544	0.9573573573573574
25810	0.0	0.4329004329004329	0.5151515151515151	0.8225108225108225	0.3722943722943723	0.0	1.0	0.0	0.0	1.0	0.6493506493506493	0.0	0.0	0.0	0.39826839826839827	0.7532467532467533	0.0	1.0	0.23809523809523808	1.0	0.0	0.0	0.8138528138528138	1.0
25811	0.0	0.6514459665144596	0.2846270928462709	0.791476407914764	0.2541856925418569	0.0	0.3515981735159817	0.5601217656012176	0.0	0.9969558599695586	1.0	0.334855403348554	0.0	0.0	0.9528158295281582	0.9269406392694064	0.0	0.5966514459665144	0.8051750380517504	1.0	0.3211567732115677	0.0	0.958904109589041	1.0
25812	0.0	0.8879184861717613	0.034934497816593885	0.9883551673944687	0.0	0.21251819505094613	0.75254730713246	0.6986899563318777	0.19068413391557495	1.0	0.6870451237263464	0.14992721979621543	0.33915574963609896	0.21688500727802038	0.8981077147016011	1.0	0.0	1.0	0.9592430858806404	1.0	0.0	0.0	0.9854439592430859	1.0
25813	0.2789317507418398	0.9930761622156281	0.42828882294757664	0.9861523244312562	0.0	0.0	0.7942631058358062	0.7240356083086054	0.0	1.0	1.0	0.334322453016815	0.0	0.1572700296735905	0.8516320474777448	1.0	0.0	1.0	0.8318496538081108	1.0	0.35410484668644904	0.0	0.7457962413452027	1.0
25814	0.0	0.5	0.0	0.9262820512820513	0.0	0.0	0.782051282051282	0.6666666666666666	0.0	1.0	1.0	0.3333333333333333	0.38782051282051283	0.0	0.6891025641025641	1.0	0.0	0.483974358974359	0.5352564102564102	1.0	0.0	0.0	1.0	1.0
25815	0.0	0.4994462901439646	0.27906976744186046	0.7901439645625692	0.06478405315614617	0.06478405315614617	0.6284606866002215	0.5116279069767442	0.1672203765227021	1.0	0.7591362126245847	0.31506090808416387	0.0	0.1168327796234773	0.8576965669988926	1.0	0.0	0.9950166112956811	0.8272425249169435	1.0	0.2131782945736434	0.22978959025470652	0.7364341085271318	1.0
25816	0.0	0.5029940119760479	0.0	0.7145708582834331	0.18762475049900199	0.0	0.8602794411177644	0.281437125748503	0.0	1.0	0.9101796407185628	0.21357285429141717	0.0	0.0	0.7405189620758483	0.7884231536926147	0.0	0.6347305389221557	0.8982035928143712	1.0	0.0	0.0	0.8562874251497006	1.0
25817	0.7204861111111112	0.22743055555555555	0.0	0.7447916666666666	0.18229166666666666	0.0	0.90625	0.3715277777777778	0.0	0.9722222222222222	0.5972222222222222	0.2552083333333333	0.0	0.2482638888888889	0.7881944444444444	1.0	0.0	0.96875	0.9322916666666666	1.0	0.1597222222222222	0.2621527777777778	0.7274305555555556	1.0
25818	0.0	0.024305555555555556	0.0	0.5682870370370371	0.0	0.0	0.5636574074074074	0.3125	0.0	1.0	0.7256944444444444	0.23842592592592593	0.0	0.0	0.5729166666666666	0.7546296296296297	0.0	0.9421296296296297	0.41203703703703703	0.8923611111111112	0.0	0.0	0.6064814814814815	0.9085648148148148
25819	0.0	0.29304029304029305	0.0	0.5567765567765568	0.0	0.0	0.2783882783882784	1.0	0.0	1.0	0.9963369963369964	0.0	0.21978021978021978	0.0	1.0	1.0	0.0	1.0	0.07326007326007326	1.0	0.0	0.0	1.0	1.0
25820	0.0	0.3842239185750636	0.5292620865139949	0.9363867684478372	0.0	0.0	0.6844783715012722	1.0	0.0	1.0	1.0	0.7302798982188295	0.0	0.20865139949109415	0.9745547073791349	1.0	0.0	1.0	1.0	1.0	0.3104325699745547	0.20610687022900764	1.0	1.0
25821	0.0	0.660377358490566	0.3710691823899371	0.5754716981132075	0.0	0.0	0.6729559748427673	0.8018867924528302	0.0	1.0	0.7641509433962265	0.46855345911949686	0.0	0.0	1.0	1.0	0.0	1.0	0.3867924528301887	1.0	0.0	0.0	1.0	1.0
25822	0.0	0.9877675840978594	0.8103975535168195	1.0	0.0	0.0	1.0	0.672782874617737	0.25382262996941896	1.0	1.0	0.9174311926605505	0.20795107033639143	0.3180428134556575	0.7981651376146789	1.0	0.0	1.0	1.0	1.0	0.0	0.0	1.0	1.0
25823	0.0	1.0	0.0	0.9425287356321839	0.0	0.0	1.0	1.0	0.0	1.0	1.0	0.0	0.0	0.0	0.9942528735632183	1.0	0.0	0.9597701149425287	0.21839080459770116	1.0	0.0	0.6954022988505747	0.7816091954022989	1.0
25824	0.0	0.13247863247863248	0.0	0.7222222222222222	0.0	0.0	1.0	0.8418803418803419	0.0	1.0	0.9230769230769231	0.021367521367521368	0.0	0.0	1.0	1.0	0.0	1.0	0.021367521367521368	1.0	0.0	0.6452991452991453	0.7777777777777778	1.0
25825	0.3172302737520129	0.7053140096618358	0.14009661835748793	0.785829307568438	0.0	0.0	0.8711755233494364	0.4895330112721417	0.0	1.0	0.9404186795491143	0.4927536231884058	0.0	0.178743961352657	1.0	1.0	0.0	1.0	0.6843800322061192	1.0	0.0	0.6247987117552335	0.9549114331723028	1.0
25826	0.0	0.2582781456953642	0.5739514348785872	0.4481236203090508	0.0	0.0	0.7350993377483444	0.739514348785872	0.0	1.0	1.0	0.5165562913907285	0.0	0.0	0.9911699779249448	1.0	0.0	0.9227373068432672	0.6114790286975718	0.9977924944812362	0.0	0.32450331125827814	0.8830022075055187	1.0
25827	0.0	0.5977011494252874	0.6850574712643678	0.9103448275862069	0.0	0.0	0.1471264367816092	0.36551724137931035	0.0	0.9494252873563218	0.8597701149425288	0.0	0.0	0.0	0.9977011494252873	0.8114942528735632	0.0	0.9977011494252873	0.5770114942528736	0.9977011494252873	0.0	0.19080459770114944	0.8114942528735632	0.9977011494252873
25828	0.0	0.5427841634738186	0.0	1.0	0.0	0.0	0.632183908045977	0.7816091954022989	0.0	1.0	1.0	0.8326947637292464	0.10727969348659004	0.0	1.0	1.0	0.0	0.8620689655172413	0.9846743295019157	1.0	0.0	0.4648786717752235	0.913154533844189	1.0
25829	0.0	0.6851851851851852	0.6975308641975309	0.6481481481481481	0.0	0.0	1.0	0.30864197530864196	0.7222222222222222	1.0	1.0	0.9691358024691358	0.0	0.0	1.0	1.0	0.0	0.7839506172839507	1.0	1.0	0.0	0.0	0.018518518518518517	1.0
25830	0.0	0.775089605734767	0.24865591397849462	0.9735663082437276	0.0	0.04883512544802868	0.8279569892473119	0.900089605734767	0.0	1.0	0.9444444444444444	0.4543010752688172	0.29973118279569894	0.21415770609318996	0.9551971326164874	1.0	0.06765232974910394	0.9816308243727598	0.8463261648745519	1.0	0.07885304659498207	0.0	0.9574372759856631	1.0
25831	0.0	1.0	0.674074074074074	0.9925925925925926	0.0	0.0	1.0	0.8666666666666667	0.0	1.0	1.0	0.45925925925925926	0.1111111111111111	0.0	1.0	1.0	0.0	1.0	1.0	1.0	0.0	0.0	1.0	1.0
25832	0.0	0.3107344632768362	0.0	0.6666666666666666	0.2598870056497175	0.0	0.5451977401129944	0.6412429378531074	0.0	1.0	1.0	0.6610169491525424	0.0	0.0	0.7627118644067796	1.0	0.0	1.0	0.5508474576271186	1.0	0.0	0.0	1.0	1.0
25833	0.0	0.4674329501915709	0.0	0.8659003831417624	0.0	0.0	0.6551724137931034	0.7471264367816092	0.0	1.0	0.7816091954022989	1.0	0.0	0.0	0.9693486590038314	1.0	0.0	1.0	0.578544061302682	1.0	0.0	0.0	1.0	1.0
25834	0.0	0.44754316069057104	0.40106241699867196	0.9110225763612217	0.0	0.0	0.4648074369189907	0.24435590969455512	0.27622841965471445	1.0	0.9163346613545816	0.598937583001328	0.0	0.2815405046480744	1.0	1.0	0.0	0.8592297476759628	0.2151394422310757	1.0	0.0	0.0	0.8207171314741036	1.0
25835	0.0	0.5182795698924731	0.0	0.8709677419354839	0.0	0.0	0.9204301075268817	0.9935483870967742	0.0	1.0	0.896774193548387	0.47956989247311826	0.0	0.38064516129032255	0.8043010752688172	0.9548387096774194	0.0	0.967741935483871	0.6494623655913978	1.0	0.0	0.0	0.7397849462365591	1.0
25836	0.0	0.35170603674540685	0.4461942257217848	0.8871391076115486	0.0	0.0	0.6259842519685039	0.18503937007874016	0.0	1.0	0.8727034120734908	0.18503937007874016	0.11023622047244094	0.0	0.9619422572178478	1.0	0.0	1.0	0.5603674540682415	1.0	0.1994750656167979	0.0	0.9330708661417323	1.0
25837	0.35877862595419846	0.7964376590330788	0.2926208651399491	0.7659033078880407	0.0	0.0	0.017811704834605598	0.31297709923664124	0.0	1.0	0.5750636132315522	0.7302798982188295	0.0	0.0	0.8804071246819338	1.0	0.0	1.0	0.4580152671755725	1.0	0.22646310432569974	0.0	1.0	1.0
25838	0.09456264775413711	0.5650118203309693	0.6099290780141844	0.6501182033096927	0.408983451536643	0.0	0.6312056737588653	0.966903073286052	0.0	1.0	1.0	0.8912529550827423	0.0	0.0	1.0	1.0	0.0	1.0	0.0	1.0	0.04491725768321513	0.0	0.9858156028368794	1.0
25839	0.15539452495974235	0.5136876006441223	0.1932367149758454	0.9251207729468599	0.0	0.0	0.9122383252818036	0.6280193236714976	0.0	1.0	0.9581320450885669	0.40660225442834136	0.0	0.07890499194847021	0.9806763285024155	1.0	0.0	1.0	0.8639291465378421	1.0	0.0	0.4178743961352657	1.0	1.0
25840	0.0	0.3953488372093023	0.0	0.8817829457364341	0.0	0.0	0.6027131782945736	0.6976744186046512	0.0	1.0	1.0	0.5038759689922481	0.1686046511627907	0.30426356589147285	0.8236434108527132	1.0	0.0	1.0	0.0	1.0	0.0	0.0	0.939922480620155	1.0
25841	0.31	1.0	0.47	1.0	0.16777777777777778	0.0	1.0	0.91	0.0	1.0	1.0	0.40444444444444444	0.0	0.14888888888888888	1.0	1.0	0.0	1.0	1.0	1.0	0.21	0.0	1.0	1.0
25842	0.0	0.9347826086956522	0.0	1.0	0.0	0.0	0.0	0.9855072463768116	0.0	1.0	0.6521739130434783	0.0	0.0	0.0	1.0	1.0	0.0	1.0	1.0	1.0	0.6159420289855072	0.0	1.0	1.0
25843	0.0	0.683076923076923	0.0	0.7087179487179487	0.1076923076923077	0.30974358974358973	0.8297435897435897	0.8758974358974358	0.0	1.0	0.8307692307692308	0.5446153846153846	0.0	0.0	1.0	1.0	0.0	0.9035897435897436	0.30974358974358973	1.0	0.10564102564102563	0.0	0.9641025641025641	1.0
25844	0.0	0.1955128205128205	0.0	0.0	0.0	0.0	0.8653846153846154	0.7948717948717948	0.0	1.0	0.5416666666666666	0.10897435897435898	0.0	0.3782051282051282	0.9775641025641025	1.0	0.0	1.0	0.7628205128205128	1.0	0.0	0.0	1.0	1.0
25845	0.0	0.7732656514382402	0.5109983079526227	0.805414551607445	0.0	0.0	0.3570219966159052	0.6142131979695431	0.0	1.0	0.9983079526226735	0.1692047377326565	0.0	0.0	0.7918781725888325	0.9915397631133672	0.0	0.9796954314720813	0.8460236886632826	1.0	0.0	0.5702199661590525	0.8917089678510999	0.9983079526226735
25846	0.0	1.0	0.0	0.27380952380952384	0.0	0.0	0.7678571428571429	1.0	0.0	1.0	0.7857142857142857	0.0	0.0	0.30952380952380953	0.0	0.7857142857142857	0.0	0.6130952380952381	0.17261904761904762	1.0	0.0	0.0	0.47023809523809523	1.0
25847	0.0	0.3446969696969697	0.19318181818181818	0.9848484848484849	0.0	0.0	0.7462121212121212	0.9659090909090909	0.0	1.0	0.803030303030303	0.5681818181818182	0.0	0.0	0.9583333333333334	1.0	0.0	1.0	0.9545454545454546	1.0	0.0	0.0	0.9583333333333334	1.0
25848	0.0	0.0	0.0	0.46153846153846156	0.0	0.0	0.9076923076923077	0.0	0.0	1.0	0.7692307692307693	0.4461538461538462	0.0	0.0	0.8666666666666667	0.9897435897435898	0.0	1.0	0.7948717948717948	1.0	0.0	0.0	1.0	1.0
25849	0.0	1.0	0.8109452736318408	0.9253731343283582	0.0	0.0	1.0	0.6915422885572139	0.0	1.0	1.0	0.8109452736318408	0.0	0.5920398009950248	1.0	1.0	0.0	0.9402985074626866	0.8855721393034826	1.0	0.0	0.7512437810945274	0.8706467661691543	1.0
25850	0.0	0.0	0.9623655913978495	0.8494623655913979	0.0	0.0	1.0	0.3870967741935484	0.0	1.0	1.0	0.0	0.0	0.0	0.6344086021505376	0.9301075268817204	0.0	1.0	0.0	1.0	0.08602150537634409	0.0	0.8870967741935484	1.0
25851	0.0	0.5833333333333334	0.26587301587301587	0.5013227513227513	0.2156084656084656	0.0	0.5859788359788359	0.45634920634920634	0.0	1.0	1.0	0.3544973544973545	0.0	0.0	0.9722222222222222	0.9523809523809523	0.0	0.6243386243386243	0.2447089947089947	1.0	0.1917989417989418	0.0	0.9034391534391535	1.0
25852	0.0	0.8698412698412699	0.0	0.7714285714285715	0.12380952380952381	0.0	0.926984126984127	1.0	0.0	1.0	0.9238095238095239	0.4666666666666667	0.0	0.26031746031746034	0.780952380952381	1.0	0.0	1.0	0.8857142857142857	1.0	0.0	0.0	1.0	1.0
25853	0.0	0.7797101449275362	0.0	0.7333333333333333	0.0	0.0	0.8463768115942029	1.0	0.0	1.0	0.43768115942028984	0.5043478260869565	0.0	0.336231884057971	0.6492753623188405	1.0	0.0	0.9130434782608695	0.6550724637681159	1.0	0.0	0.0	1.0	1.0
25854	0.23129251700680273	0.7129251700680272	0.36054421768707484	0.8680272108843538	0.0	0.0	0.8965986394557823	0.9346938775510204	0.0	1.0	0.908843537414966	0.8680272108843538	0.31564625850340133	0.0	0.9972789115646259	0.9619047619047619	0.0	1.0	0.48027210884353744	1.0	0.0	0.0	1.0	1.0
25855	0.0	0.9839743589743589	0.12179487179487179	0.6506410256410257	0.0	0.0	0.15705128205128205	1.0	0.0	1.0	1.0	0.08333333333333333	0.035256410256410256	0.0	1.0	1.0	0.0	1.0	0.7884615384615384	1.0	0.0	0.0	0.6538461538461539	1.0
25856	0.0	0.4303030303030303	0.0	0.7606060606060606	0.0	0.0	1.0	0.9212121212121213	0.1318181818181818	1.0	0.7757575757575758	0.7333333333333333	0.3424242424242424	0.0	1.0	1.0	0.4106060606060606	1.0	0.5121212121212121	1.0	0.0	0.0	1.0	1.0
25857	0.0	0.8675213675213675	0.21652421652421652	0.7692307692307693	0.0	0.0	0.8475783475783476	0.7934472934472935	0.0	1.0	0.9102564102564102	0.5626780626780626	0.07407407407407407	0.22507122507122507	1.0	1.0	0.0	1.0	0.8532763532763533	1.0	0.0	0.0	0.9487179487179487	1.0
25858	0.0	0.6183431952662722	0.2495069033530572	0.9191321499013807	0.0	0.0	0.8609467455621301	0.5808678500986193	0.0	1.0	0.903353057199211	0.3806706114398422	0.0	0.15581854043392504	0.9181459566074951	1.0	0.0	0.9684418145956607	0.8254437869822485	1.0	0.1222879684418146	0.0	0.9625246548323472	1.0
25859	0.0	0.7100694444444444	0.3263888888888889	0.8680555555555556	0.0	0.0	0.0	0.1753472222222222	0.0	1.0	0.8072916666666666	0.4826388888888889	0.15625	0.3645833333333333	0.8020833333333334	1.0	0.0	1.0	1.0	1.0	0.0	0.4982638888888889	0.9722222222222222	1.0
25860	0.0	0.762962962962963	0.0	0.8740740740740741	0.0	0.0	0.0	0.8666666666666667	0.0	1.0	0.8740740740740741	0.32592592592592595	0.0	0.0	1.0	1.0	0.0	1.0	0.7185185185185186	1.0	0.0	0.0	1.0	1.0
25861	0.0	0.0	0.1509433962264151	0.6477987421383647	0.3710691823899371	0.0	0.1509433962264151	0.9056603773584906	0.0	1.0	1.0	0.0	0.0	0.0	0.6352201257861635	1.0	0.0	1.0	0.0440251572327044	1.0	0.0	0.8427672955974843	0.9308176100628931	1.0
25862	0.0	0.9806763285024155	0.5024154589371981	1.0	0.12560386473429952	0.0	0.34782608695652173	0.9468599033816425	0.0	1.0	0.7874396135265701	0.5700483091787439	0.6811594202898551	0.0	0.9082125603864735	1.0	0.0	1.0	0.748792270531401	1.0	0.0	0.0	0.8647342995169082	1.0
25863	0.0	0.3875968992248062	0.09612403100775194	0.5963824289405685	0.06770025839793281	0.09147286821705426	0.351937984496124	0.6692506459948321	0.12403100775193798	1.0	0.8537467700258398	0.3855297157622739	0.06098191214470284	0.05426356589147287	0.7875968992248062	0.9612403100775194	0.0	0.951937984496124	0.5576227390180879	1.0	0.0	0.22790697674418606	0.6155038759689923	1.0
25864	0.0	0.86059670781893	0.17541152263374485	0.8194444444444444	0.046296296296296294	0.0	0.8549382716049383	0.6754115226337448	0.0	1.0	0.9675925925925926	0.5385802469135802	0.05246913580246913	0.07510288065843622	0.9362139917695473	1.0	0.0	0.9963991769547325	0.8101851851851852	0.9969135802469136	0.08333333333333333	0.29218106995884774	0.9439300411522634	0.9835390946502057
25865	0.0	0.9978768577494692	0.7112526539278131	0.7622080679405521	0.0	0.0	0.46284501061571126	0.8152866242038217	0.0	1.0	0.8938428874734607	0.1910828025477707	0.33121019108280253	0.19745222929936307	0.9957537154989384	1.0	0.0	0.9256900212314225	0.9320594479830149	1.0	0.0	0.21019108280254778	1.0	1.0
25866	0.0	0.43212508884150674	0.6197583511016347	0.9246624022743426	0.0	0.0	0.9822316986496091	0.7860696517412935	0.0	0.9936034115138592	0.8550106609808102	0.5565031982942431	0.0	0.0	0.9957356076759062	1.0	0.0	0.9729921819474058	0.8123667377398721	1.0	0.0	0.0	0.9566453447050463	1.0
25867	0.0	0.4913494809688581	0.1061130334486736	0.9111880046136102	0.20876585928489041	0.0	0.8212226066897347	0.8016147635524798	0.0	1.0	1.0	0.46482122260668973	0.0	0.14417531718569782	0.9780853517877739	1.0	0.0	1.0	0.9527104959630911	1.0	0.09573241061130335	0.2825836216839677	0.8350634371395617	1.0
25868	0.09809027777777778	0.5685763888888888	0.10416666666666667	0.7717013888888888	0.013020833333333334	0.0	0.7022569444444444	0.5086805555555556	0.0	1.0	0.9973958333333334	0.7526041666666666	0.0	0.15711805555555555	0.9809027777777778	0.9427083333333334	0.0	1.0	0.7560763888888888	1.0	0.0954861111111111	0.20052083333333334	0.9869791666666666	1.0
25869	0.0	0.4444444444444444	0.5793650793650794	0.6031746031746031	0.0	0.0	0.7420634920634921	1.0	0.0	1.0	0.9880952380952381	0.873015873015873	0.0	0.0	1.0	1.0	0.0	1.0	0.5515873015873016	1.0	0.0	0.0	0.9682539682539683	1.0
25870	0.0	0.6666666666666666	0.026881720430107527	1.0	0.0	0.0	0.989247311827957	0.7634408602150538	0.0	1.0	1.0	0.8978494623655914	0.6129032258064516	0.25806451612903225	1.0	1.0	0.0	1.0	1.0	1.0	0.0	0.0	0.6774193548387096	1.0
25871	0.5146198830409356	0.5029239766081871	0.7894736842105263	0.783625730994152	0.0	0.0	0.6491228070175439	0.34502923976608185	0.0	1.0	1.0	0.4619883040935672	0.0	0.0	1.0	1.0	0.8421052631578947	1.0	1.0	1.0	0.0	0.0	1.0	1.0
25872	0.0	0.5549132947976878	0.35260115606936415	0.8227360308285164	0.0	0.0	0.3737957610789981	0.35645472061657035	0.0	1.0	0.5684007707129094	0.9730250481695568	0.0	0.16184971098265896	0.9364161849710982	1.0	0.0	0.5202312138728323	1.0	1.0	0.0	0.0	0.8863198458574181	1.0
25873	0.0	0.6885964912280702	0.20614035087719298	1.0	0.0	0.0	0.15350877192982457	1.0	0.0	1.0	1.0	0.6491228070175439	0.0	0.02631578947368421	0.8421052631578947	1.0	0.0	0.8552631578947368	1.0	1.0	0.0	0.0	1.0	1.0
25874	0.4776902887139108	0.7270341207349081	0.0	1.0	0.0	0.0	0.7847769028871391	0.29396325459317585	0.0	1.0	1.0	0.8818897637795275	0.0	0.0	1.0	1.0	0.0	0.963254593175853	0.7349081364829396	1.0	0.0	0.29133858267716534	1.0	1.0
25875	0.0	0.4485387547649301	0.1473951715374841	0.8831003811944091	0.0	0.0	0.9623041084286319	0.9038542990258365	0.035578144853875476	1.0	0.9428208386277002	0.34349851757729777	0.0	0.043202033036848796	0.9932232105040237	1.0	0.0	0.9788225328250741	0.9343498517577298	1.0	0.11901736552308344	0.1444303261329945	0.8991952562473529	1.0
25876	0.300944669365722	0.9473684210526315	0.30364372469635625	0.8340080971659919	0.0	0.0	0.8367071524966262	0.5263157894736842	0.0	1.0	0.9406207827260459	0.5775978407557355	0.0	0.13630229419703105	0.9932523616734144	1.0	0.0	0.9338731443994602	0.4898785425101215	1.0	0.0	0.28609986504723345	0.97165991902834	1.0
25877	0.0	0.8861856823266219	0.18819910514541388	0.9286912751677853	0.03243847874720358	0.0	0.863255033557047	0.8914988814317674	0.07186800894854586	1.0	0.927013422818792	0.633668903803132	0.025447427293064876	0.041107382550335574	0.9636465324384788	1.0	0.0	0.8881431767337807	0.756152125279642	1.0	0.0	0.1599552572706935	0.9868568232662193	1.0
25878	0.0	0.9166666666666666	0.5657894736842105	0.9649122807017544	0.0	0.0	0.8552631578947368	1.0	0.0	1.0	1.0	0.618421052631579	0.30701754385964913	0.05263157894736842	1.0	1.0	0.0	1.0	0.9473684210526315	1.0	0.0	0.0	1.0	1.0
25879	0.0	0.7619047619047619	0.2754182754182754	0.9317889317889317	0.0	0.0	0.5083655083655083	0.6525096525096525	0.0	1.0	0.9472329472329473	0.435006435006435	0.25611325611325614	0.0	1.0	1.0	0.10038610038610038	1.0	0.5701415701415702	1.0	0.0	0.3590733590733591	1.0	1.0
25880	0.0	0.5051546391752577	0.14948453608247422	1.0	0.0	0.0	0.8951890034364262	0.8848797250859106	0.0	1.0	0.9054982817869416	0.4054982817869416	0.0	0.0	1.0	1.0	0.0	0.8247422680412371	0.9639175257731959	1.0	0.0	0.5085910652920962	1.0	1.0
25881	0.0	0.2028985507246377	0.0	1.0	0.0	0.0	1.0	0.5507246376811594	0.0	1.0	0.8343685300207039	0.432712215320911	0.0	0.0	1.0	1.0	0.0	1.0	0.7122153209109731	1.0	0.16149068322981366	0.0	0.9192546583850931	1.0
25882	0.0	0.5212527964205816	0.5950782997762863	1.0	0.2897091722595078	0.0	0.8422818791946308	0.39373601789709173	0.3053691275167785	1.0	0.8736017897091722	0.5357941834451901	0.1890380313199105	0.28187919463087246	0.8590604026845637	1.0	0.0	0.9093959731543624	0.9686800894854586	1.0	0.11297539149888143	0.0	0.9284116331096197	1.0
25883	0.0	0.9032738095238095	0.27827380952380953	1.0	0.11607142857142858	0.0	0.6696428571428571	0.6458333333333334	0.0	1.0	0.8333333333333334	0.7366071428571429	0.0	0.39732142857142855	0.9925595238095238	1.0	0.0	0.8913690476190477	0.7038690476190477	1.0	0.0	0.0	0.9151785714285714	1.0
25884	0.0	0.2222222222222222	0.0	0.6309523809523809	0.0	0.0	0.8412698412698413	0.8214285714285714	0.0	1.0	1.0	0.5833333333333334	0.0	0.0	1.0	1.0	0.0	1.0	0.0	1.0	0.0	0.0	0.7341269841269841	1.0
25885	0.0	0.06926406926406926	0.0	0.9826839826839827	0.0	0.0	0.5541125541125541	1.0	0.0	1.0	1.0	0.9393939393939394	0.0	0.0	0.5800865800865801	1.0	0.0	1.0	0.22943722943722944	1.0	0.0	0.0	0.6926406926406926	1.0
25886	0.0	0.9226190476190477	0.0	0.9047619047619048	0.8690476190476191	0.0	0.0	0.40476190476190477	0.0	1.0	1.0	0.0	0.0	0.0	0.6071428571428571	0.9047619047619048	0.0	1.0	0.8988095238095238	1.0	0.0	0.0	1.0	1.0
25887	0.11211211211211211	0.39039039039039036	0.3023023023023023	0.954954954954955	0.1021021021021021	0.0	0.6256256256256256	0.7907907907907908	0.0	1.0	0.963963963963964	0.14414414414414414	0.0	0.0	0.7837837837837838	1.0	0.0	0.7657657657657657	0.8288288288288288	1.0	0.0	0.0	0.95995995995996	1.0
25888	0.0	0.5185185185185185	0.28703703703703703	0.5493827160493827	0.0	0.0	1.0	0.9012345679012346	0.25925925925925924	1.0	1.0	0.8734567901234568	0.0	0.0	0.9691358024691358	1.0	0.0	0.7253086419753086	1.0	1.0	0.0	0.0	0.9938271604938271	1.0
25889	0.18181818181818182	0.7905525846702317	0.2522281639928699	0.6283422459893048	0.0	0.14260249554367202	0.7397504456327986	0.3609625668449198	0.09180035650623886	0.9982174688057041	0.7450980392156863	0.4768270944741533	0.0	0.18716577540106952	0.8618538324420677	0.9001782531194296	0.0	0.9376114081996435	0.9367201426024956	1.0	0.0	0.09714795008912656	1.0	1.0
25890	0.0	0.6576576576576577	0.9009009009009009	0.05405405405405406	0.0	0.0	0.6666666666666666	0.9279279279279279	0.0	0.9459459459459459	0.9279279279279279	0.6666666666666666	0.0	0.0	0.6936936936936937	0.009009009009009009	0.0	0.6216216216216216	0.0	0.9009009009009009	0.6576576576576577	0.0	0.6666666666666666	0.8378378378378378
25891	0.0	1.0	0.0	0.8008658008658008	0.0	0.0	0.4675324675324675	0.341991341991342	0.0	1.0	0.49783549783549785	0.0	0.0	0.3246753246753247	0.9956709956709957	1.0	0.0	1.0	0.07792207792207792	1.0	0.0	0.0	1.0	1.0
25892	0.0	0.6326326326326326	0.48348348348348347	0.6266266266266266	0.0	0.0	0.6006006006006006	0.5155155155155156	0.0	1.0	0.8538538538538538	0.45845845845845845	0.0	0.056056056056056056	0.9259259259259259	0.974974974974975	0.0	0.990990990990991	0.8198198198198198	1.0	0.0	0.15115115115115116	0.8028028028028028	1.0
25893	0.0	0.18070175438596492	0.256140350877193	0.7526315789473684	0.0	0.2649122807017544	0.9175438596491228	0.8649122807017544	0.0	0.9964912280701754	1.0	0.8210526315789474	0.19649122807017544	0.0	0.9824561403508771	0.7578947368421053	0.0	0.8245614035087719	0.5403508771929825	1.0	0.16140350877192983	0.0	0.5982456140350877	1.0
25894	0.0	0.5813953488372093	0.537467700258398	1.0	0.0	0.0	0.813953488372093	1.0	0.0	1.0	1.0	0.4082687338501292	0.6563307493540051	0.028423772609819122	1.0	1.0	0.0	0.9276485788113695	1.0	1.0	0.5917312661498708	0.6692506459948321	1.0	1.0
25895	0.0	0.5919282511210763	0.0	0.9970104633781763	0.0	0.0	0.8789237668161435	1.0	0.17937219730941703	0.992526158445441	0.6935724962630793	0.5142002989536621	0.30493273542600896	0.0	1.0	1.0	0.0	1.0	0.7772795216741405	1.0	0.09267563527653214	0.0	1.0	1.0
25896	0.0	0.6444444444444445	0.0	1.0	0.2222222222222222	0.0	1.0	0.9955555555555555	0.0	1.0	0.9422222222222222	0.02666666666666667	0.3511111111111111	0.0	1.0	1.0	0.0	1.0	0.8533333333333334	1.0	0.0	0.5466666666666666	1.0	1.0
25897	0.0	0.48533333333333334	0.0	0.8853333333333333	0.0	0.0	0.712	0.3893333333333333	0.0	1.0	0.5653333333333334	0.0	0.0	0.64	0.8426666666666667	1.0	0.0	1.0	0.0	1.0	0.0	0.0	0.7226666666666667	1.0
25898	0.0	0.35688405797101447	0.0	0.8442028985507246	0.0	0.18478260869565216	0.8931159420289855	0.7807971014492754	0.0	1.0	0.6666666666666666	0.2971014492753623	0.27898550724637683	0.0	0.8387681159420289	1.0	0.0	0.9963768115942029	1.0	1.0	0.03985507246376811	0.0	1.0	1.0
25899	0.0	0.7124183006535948	0.058823529411764705	0.9477124183006536	0.0	0.0	1.0	0.6176470588235294	0.0	0.9411764705882353	0.9477124183006536	0.9477124183006536	0.0	0.0	0.6437908496732027	1.0	0.0	1.0	1.0	1.0	0.0	0.0	1.0	1.0
25900	0.0	0.7294117647058823	0.0	0.0	0.0	0.5647058823529412	0.6980392156862745	0.0	0.0	0.8588235294117647	0.6235294117647059	0.38823529411764707	0.0	0.5098039215686274	0.38823529411764707	0.9372549019607843	0.0	0.5764705882352941	0.592156862745098	0.9176470588235294	0.5450980392156862	0.0	0.7294117647058823	1.0
25901	0.14399363564041368	0.5497215592680986	0.162291169451074	0.8655529037390612	0.0	0.0	0.6945107398568019	0.5719968178202068	0.13126491646778043	1.0	0.7517899761336515	0.8186157517899761	0.22673031026252982	0.0	0.9992044550517104	0.9992044550517104	0.0	0.9976133651551312	0.462211614956245	1.0	0.15274463007159905	0.24025457438345266	1.0	1.0
25902	0.0	0.0	0.0	0.9567901234567902	0.0	0.0	0.7222222222222222	0.0	0.0	1.0	0.6049382716049383	0.0	0.0	0.0	1.0	0.808641975308642	0.0	0.12962962962962962	0.6234567901234568	1.0	0.0	0.0	0.42592592592592593	1.0
25903	0.0	0.7981099656357389	0.36082474226804123	0.9647766323024055	0.1254295532646048	0.0	0.8651202749140894	0.7422680412371134	0.0	1.0	0.8891752577319587	0.3230240549828179	0.5326460481099656	0.25945017182130586	0.9991408934707904	1.0	0.0	0.9037800687285223	0.7628865979381443	1.0	0.12800687285223367	0.12972508591065293	0.9587628865979382	1.0
25904	0.0	0.8005698005698005	0.4301994301994302	0.7578347578347578	0.0	0.0	0.4358974358974359	0.48717948717948717	0.0	1.0	0.5156695156695157	0.2535612535612536	0.10256410256410256	0.0	0.6809116809116809	1.0	0.0	0.98005698005698	1.0	1.0	0.1737891737891738	0.0	0.4074074074074074	1.0
25905	0.0	0.3815987933634992	0.21116138763197587	0.7390648567119156	0.16289592760180996	0.0	0.717948717948718	0.7073906485671192	0.0	1.0	0.951734539969834	0.5369532428355958	0.0	0.0	0.9984917043740573	1.0	0.0	0.808446455505279	0.5731523378582202	1.0	0.0	0.12669683257918551	0.7134238310708899	1.0
25906	0.0	0.6504065040650406	0.0	0.9451219512195121	0.0	0.0	0.9146341463414634	0.15447154471544716	0.0	1.0	0.7134146341463414	0.8089430894308943	0.0	0.0	0.8414634146341463	1.0	0.0	1.0	0.9146341463414634	1.0	0.30691056910569103	0.6138211382113821	1.0	1.0
25907	0.0	0.6711111111111111	0.6711111111111111	1.0	0.0	0.0	0.9288888888888889	0.6355555555555555	0.0	1.0	1.0	0.9733333333333334	0.0	0.6444444444444445	1.0	1.0	0.0	1.0	0.6088888888888889	1.0	0.0	0.8444444444444444	0.9511111111111111	1.0
25908	0.0	0.5352380952380953	0.0419047619047619	0.72	0.0	0.0	0.4780952380952381	0.4095238095238095	0.0	1.0	0.5676190476190476	0.43047619047619046	0.0	0.0	0.9923809523809524	1.0	0.0	0.7161904761904762	0.6838095238095238	1.0	0.0	0.0	0.8571428571428571	1.0
25909	0.0	0.30952380952380953	0.0	0.1870748299319728	0.0	0.0	1.0	0.6836734693877551	0.0	1.0	0.9421768707482994	0.826530612244898	0.0	0.17006802721088435	0.7244897959183674	1.0	0.0	1.0	0.7959183673469388	1.0	0.0	0.0	0.6496598639455783	1.0
25910	0.0	0.7063492063492064	0.39206349206349206	0.8952380952380953	0.273015873015873	0.0	0.7888888888888889	0.7904761904761904	0.0	0.9317460317460318	0.765079365079365	0.7174603174603175	0.0	0.0	1.0	1.0	0.0	1.0	0.8761904761904762	1.0	0.0	0.26825396825396824	0.707936507936508	1.0
25911	0.0	0.9887387387387387	0.0	0.6914414414414415	0.0	0.0	0.11936936936936937	1.0	0.0	1.0	0.9481981981981982	0.6193693693693694	0.0	0.0	1.0	1.0	0.0	1.0	0.8671171171171171	1.0	0.0	0.0	0.990990990990991	1.0
25912	0.0	0.28484848484848485	0.593939393939394	0.0	0.0	0.0	0.5757575757575758	0.0	0.0	1.0	0.6484848484848484	0.0	0.0	0.0	0.7696969696969697	0.3515151515151515	0.0	0.9939393939393939	0.7818181818181819	1.0	0.0	0.0	0.8848484848484849	1.0
25913	0.0	0.08759124087591241	0.0	0.708029197080292	0.18004866180048662	0.0	0.5669099756690997	0.45742092457420924	0.0	1.0	0.6520681265206812	0.7688564476885644	0.0	0.0	0.8710462287104623	1.0	0.0	1.0	0.7055961070559611	1.0	0.2141119221411192	0.0	0.5304136253041363	1.0
25914	0.0	0.6829268292682927	0.0	1.0	0.0	0.0	0.8861788617886179	0.0	0.0	1.0	1.0	0.6910569105691057	0.0	0.0	0.7764227642276422	1.0	0.0	1.0	1.0	1.0	0.0	0.0	0.8170731707317073	1.0
25915	0.0	0.7927927927927928	0.32432432432432434	0.6882882882882883	0.0	0.0	0.5783783783783784	0.46846846846846846	0.0	1.0	1.0	0.5387387387387388	0.0	0.17297297297297298	1.0	1.0	0.0	1.0	0.43243243243243246	1.0	0.2018018018018018	0.0	0.9981981981981982	1.0
25916	0.0	0.6184738955823293	0.7670682730923695	0.8995983935742972	0.0	0.0	0.7630522088353414	0.6024096385542169	0.0	1.0	0.9879518072289156	0.5180722891566265	0.0	0.0	0.8393574297188755	1.0	0.0	1.0	0.0	1.0	0.0	0.0	1.0	1.0
25917	0.0	0.3	0.0	0.0	0.0	0.0	0.0	0.0	0.0	0.9388888888888889	0.5833333333333334	0.7055555555555556	0.0	0.0	0.0	0.4777777777777778	0.0	0.7388888888888889	0.0	0.5111111111111111	0.0	0.0	0.0	0.1
25918	0.0	0.26506024096385544	0.0	0.606425702811245	0.0	0.4979919678714859	1.0	0.46184738955823296	0.0	1.0	0.7951807228915663	0.5943775100401606	0.0	0.0	0.9357429718875502	0.9156626506024096	0.0	0.9518072289156626	0.6987951807228916	1.0	0.0	0.0	1.0	1.0
25919	0.0	0.34182590233545646	0.0	0.8683651804670913	0.0	0.4288747346072187	0.8832271762208068	0.7643312101910829	0.0	1.0	0.7303609341825902	0.36942675159235666	0.0	0.055201698513800426	1.0	0.9554140127388535	0.0	0.8895966029723992	0.8492569002123143	1.0	0.0	0.0	0.7940552016985138	1.0
25920	0.0	0.2897196261682243	0.24299065420560748	0.2336448598130841	0.0	0.0	0.8348909657320872	0.29283489096573206	0.0	1.0	1.0	0.29595015576323985	0.0	0.0	1.0	0.9968847352024922	0.0	1.0	0.8099688473520249	1.0	0.0	0.0	1.0	1.0
25921	0.0	0.9663182346109176	0.0	0.9849012775842044	0.0	0.0	0.6527293844367015	0.7514518002322881	0.0	1.0	0.6318234610917538	0.562137049941928	0.15331010452961671	0.0	0.959349593495935	1.0	0.0	0.9698025551684089	0.6504065040650406	1.0	0.16376306620209058	0.0	0.9883855981416957	1.0
25922	0.0	0.0	0.782312925170068	0.8537414965986394	0.0	0.0	0.7380952380952381	0.5136054421768708	0.0	0.5136054421768708	0.7721088435374149	0.0	0.5714285714285714	0.0	0.891156462585034	1.0	0.0	1.0	0.3843537414965986	1.0	0.0	0.0	0.9387755102040817	1.0
25923	0.0	0.4174757281553398	0.0	0.7686084142394822	0.0	0.0	0.9757281553398058	0.6553398058252428	0.0	1.0	0.9255663430420712	0.580906148867314	0.0	0.0	0.9870550161812298	0.9579288025889967	0.0	0.9983818770226537	0.5922330097087378	0.9983818770226537	0.0	0.0	0.8381877022653722	0.9983818770226537
25924	0.0	0.6147403685092128	0.2529313232830821	0.7319932998324958	0.13400335008375208	0.0	1.0	0.8257956448911222	0.0	1.0	0.931323283082077	0.7939698492462312	0.0	0.0	1.0	1.0	0.0	1.0	0.5946398659966499	1.0	0.0	0.0	1.0	1.0
25925	0.0	1.0	0.9766666666666667	1.0	0.0	0.0	0.5833333333333334	0.91	0.0	1.0	1.0	0.7566666666666667	0.0	0.0	1.0	0.9966666666666667	0.0	0.93	0.5033333333333333	1.0	0.0	0.7266666666666667	0.96	1.0
25926	0.0	1.0	0.0	0.981029810298103	0.0	0.0	0.5013550135501355	0.8021680216802168	0.0	1.0	0.7615176151761518	0.8428184281842819	0.23035230352303523	0.0	1.0	1.0	0.0	1.0	0.6070460704607046	1.0	0.0	0.0	0.7344173441734417	1.0
25927	0.0	0.4542824074074074	0.37037037037037035	0.8535879629629629	0.13425925925925927	0.0	0.859375	0.5694444444444444	0.0	0.9913194444444444	0.9253472222222222	0.29050925925925924	0.0	0.15914351851851852	0.9195601851851852	1.0	0.0	0.9149305555555556	0.7239583333333334	1.0	0.05555555555555555	0.171875	0.9785879629629629	1.0
25928	0.0	0.0	0.0	0.10185185185185185	0.0	0.0	0.0	0.0	0.0	1.0	0.0	0.25	0.0	0.0	0.9166666666666666	0.8333333333333334	0.0	0.3888888888888889	1.0	0.9907407407407407	0.0	0.0	0.9722222222222222	1.0
25929	0.0	0.524416135881104	0.0	0.9363057324840764	0.1910828025477707	0.0	0.6475583864118896	0.9490445859872612	0.0	1.0	0.9660297239915074	0.2653927813163482	0.0	0.0	0.8237791932059448	1.0	0.0	0.7048832271762208	0.564755838641189	1.0	0.0	0.0	0.6263269639065817	0.9681528662420382
25930	0.0	0.8809523809523809	0.36796536796536794	0.895021645021645	0.25	0.0	0.762987012987013	0.4155844155844156	0.0	0.9989177489177489	0.8993506493506493	0.4025974025974026	0.0	0.0	0.9534632034632035	0.987012987012987	0.0	0.9816017316017316	0.8311688311688312	1.0	0.09848484848484848	0.0	0.9556277056277056	1.0
25931	0.0	0.5022560631697688	0.1844331641285956	0.7371686407219402	0.1116751269035533	0.050761421319796954	0.7653694303440496	0.5194585448392555	0.032148900169204735	0.9957698815566836	0.8826847151720248	0.5050761421319797	0.07332205301748448	0.18809926677946984	0.9266779469825155	0.9937958262831359	0.0	0.9819514946418499	0.6491821771009588	1.0	0.09419063733784545	0.19091934574168076	0.8919909757473209	1.0
25932	0.0	0.0	0.32616487455197135	0.7419354838709677	0.0	0.0	0.5806451612903226	0.053763440860215055	0.0	1.0	0.5734767025089605	0.3046594982078853	0.0	0.0	0.921146953405018	0.8458781362007168	0.0	0.6451612903225806	0.7311827956989247	1.0	0.0	0.0	0.7598566308243727	0.8853046594982079
25933	0.0	0.8136200716845878	0.0	0.996415770609319	0.41935483870967744	0.0	0.8637992831541219	0.6989247311827957	0.0967741935483871	1.0	0.8584229390681004	0.4946236559139785	0.0	0.15053763440860216	0.7025089605734767	1.0	0.0	1.0	0.17204301075268819	1.0	0.0	0.0	1.0	1.0
25934	0.0	0.08831908831908832	0.0	0.6780626780626781	0.0	0.0	0.8034188034188035	0.4358974358974359	0.0	1.0	1.0	0.33903133903133903	0.0	0.0	0.9914529914529915	1.0	0.0	0.886039886039886	0.6182336182336182	1.0	0.0	0.0	0.3732193732193732	1.0
25935	0.0	0.6182170542635659	0.0	0.813953488372093	0.0	0.0	0.8972868217054264	0.7868217054263565	0.0	1.0	0.6627906976744186	0.5891472868217055	0.0	0.0	0.7538759689922481	1.0	0.0	1.0	1.0	1.0	0.0	0.0	1.0	1.0
25936	0.0	0.30666666666666664	0.0	0.7355555555555555	0.0	0.0	0.8555555555555555	0.7488888888888889	0.0	1.0	1.0	0.46	0.0	0.0	1.0	0.8733333333333333	0.0	1.0	0.8622222222222222	1.0	0.0	0.6711111111111111	1.0	1.0
25937	0.0	0.8258064516129032	0.3204301075268817	0.946236559139785	0.0	0.2021505376344086	0.44086021505376344	0.13333333333333333	0.0	1.0	1.0	0.0	0.0	0.33763440860215055	0.8881720430107527	1.0	0.0	1.0	0.8301075268817204	1.0	0.0	0.0	0.9870967741935484	1.0
25938	0.0	0.3392857142857143	0.3611111111111111	0.8968253968253969	0.0	0.0	0.1527777777777778	0.3611111111111111	0.0	1.0	1.0	0.7718253968253969	0.0	0.2857142857142857	0.8988095238095238	1.0	0.0	0.7261904761904762	0.7857142857142857	1.0	0.0	0.0	0.9285714285714286	1.0
25939	0.0	0.788931788931789	0.0	0.9601029601029601	0.0	0.0	0.9021879021879022	0.38996138996138996	0.0	1.0	0.7773487773487774	0.5456885456885456	0.6344916344916345	0.028314028314028315	0.9433719433719434	1.0	0.0	1.0	0.7760617760617761	1.0	0.10810810810810811	0.0	0.8571428571428571	1.0
25940	0.0	0.3895747599451303	0.0	0.8271604938271605	0.0	0.0	0.7914951989026063	0.8340192043895748	0.0	1.0	0.6831275720164609	0.5020576131687243	0.0	0.18792866941015088	0.9986282578875172	1.0	0.0	0.8641975308641975	0.8998628257887518	1.0	0.0	0.0	0.9931412894375857	1.0
25941	0.0	0.34933333333333333	0.32666666666666666	0.9506666666666667	0.0	0.0	0.7173333333333334	0.31866666666666665	0.0	1.0	0.9093333333333333	0.7586666666666667	0.0	0.0	0.9013333333333333	1.0	0.0	1.0	0.684	1.0	0.0	0.0	0.9066666666666666	1.0
25942	0.0	0.2894736842105263	0.0	0.7090643274853801	0.0	0.0	0.32748538011695905	0.5116959064327485	0.0	0.6388888888888888	0.3508771929824561	0.2573099415204678	0.0	0.0	0.6944444444444444	0.9883040935672515	0.0	0.695906432748538	0.06286549707602339	1.0	0.0	0.0	0.6666666666666666	0.9883040935672515
25943	0.0	0.7673860911270983	0.37889688249400477	0.38609112709832133	0.0	0.0	0.7266187050359713	0.9808153477218226	0.0	1.0	0.7362110311750599	0.6067146282973621	0.0	0.0	0.947242206235012	1.0	0.0	0.9760191846522782	0.8776978417266187	0.9760191846522782	0.0	0.0	0.8752997601918465	1.0
25944	0.0	0.7361702127659574	0.16879432624113475	0.9106382978723404	0.0	0.0	0.8836879432624114	0.851063829787234	0.2680851063829787	1.0	0.7219858156028369	0.6581560283687943	0.2127659574468085	0.0	0.9134751773049645	1.0	0.0	1.0	0.6070921985815603	1.0	0.19148936170212766	0.34184397163120567	1.0	1.0
25945	0.42902711323763953	0.6140350877192983	0.7400318979266348	0.94896331738437	0.24082934609250398	0.24880382775119617	0.9218500797448166	0.8038277511961722	0.0	1.0	0.9665071770334929	0.507177033492823	0.5566188197767146	0.5087719298245614	1.0	1.0	0.24082934609250398	1.0	0.9027113237639554	1.0	0.15789473684210525	0.4274322169059011	1.0	1.0
25946	0.0	1.0	0.096045197740113	1.0	0.0	0.0	1.0	1.0	0.0	1.0	1.0	0.0	0.3954802259887006	0.0	1.0	0.615819209039548	0.0	1.0	0.768361581920904	1.0	0.0	0.0	0.9830508474576272	1.0
25947	0.0	0.6777777777777778	0.38125	0.6409722222222223	0.2965277777777778	0.0	0.7638888888888888	0.6743055555555556	0.0	1.0	0.9868055555555556	0.7194444444444444	0.06388888888888888	0.225	0.9979166666666667	1.0	0.0	1.0	0.9284722222222223	1.0	0.0	0.19583333333333333	0.8930555555555556	1.0
25948	0.1981981981981982	0.7972972972972973	0.1981981981981982	0.8963963963963963	0.0	0.0	0.6081081081081081	0.25225225225225223	0.0	1.0	0.7747747747747747	0.3963963963963964	0.0	0.1891891891891892	0.7117117117117117	1.0	0.0	1.0	0.9954954954954955	1.0	0.0	0.0	0.8738738738738738	1.0
25949	0.8545454545454545	0.0	0.0	0.9272727272727272	0.0	0.0	1.0	1.0	0.0	1.0	0.2606060606060606	0.8545454545454545	0.0	0.0	0.9030303030303031	0.7090909090909091	0.0	0.8363636363636363	0.0	1.0	0.0	0.0	0.8424242424242424	1.0
25950	0.08527131782945736	0.8217054263565892	0.5736434108527132	0.9573643410852714	0.0	0.0	1.0	0.8294573643410853	0.5348837209302325	1.0	0.8255813953488372	0.2054263565891473	0.0	0.0	1.0	1.0	0.0	1.0	0.0	1.0	0.0	0.0	0.9612403100775194	1.0
25951	0.4019607843137255	0.4411764705882353	0.6421568627450981	0.9901960784313726	0.0	0.0	0.04411764705882353	0.0196078431372549	0.0	0.7745098039215687	0.37254901960784315	0.5882352941176471	0.20588235294117646	0.0	0.8431372549019608	1.0	0.0	0.6372549019607843	0.7401960784313726	1.0	0.0	0.0	0.8578431372549019	1.0
25952	0.7961165048543689	0.9093851132686084	0.0	0.5469255663430421	0.0	0.0	0.0970873786407767	0.6245954692556634	0.0	1.0	0.9935275080906149	0.0	0.0	0.0	0.9546925566343042	1.0	0.0	0.889967637540453	0.9902912621359223	1.0	0.8802588996763754	0.16828478964401294	0.8543689320388349	1.0
25953	0.5084175084175084	0.7272727272727273	0.5858585858585859	1.0	0.0	0.0	0.30976430976430974	0.7205387205387206	0.0	1.0	0.6060606060606061	0.8518518518518519	0.0	0.08080808080808081	1.0	1.0	0.0	1.0	0.7104377104377104	1.0	0.0	0.0	0.8552188552188552	1.0
25954	0.0	0.8758620689655172	0.0	0.6298850574712643	0.0	0.0	0.7816091954022989	0.5632183908045977	0.0	1.0	0.8045977011494253	0.5195402298850574	0.0	0.31494252873563217	1.0	0.7494252873563219	0.0	1.0	0.9379310344827586	1.0	0.0	0.0	1.0	1.0
25955	0.0	1.0	0.45901639344262296	1.0	0.0	0.0	0.819672131147541	0.8087431693989071	0.0	1.0	1.0	0.9617486338797814	0.0	1.0	1.0	1.0	0.0	1.0	0.825136612021858	1.0	0.0	0.0	1.0	1.0
25956	0.0	0.8137254901960784	0.13357843137254902	0.9938725490196079	0.0	0.0	0.8492647058823529	0.47794117647058826	0.0	1.0	0.5502450980392157	0.20588235294117646	0.1875	0.0	0.9276960784313726	1.0	0.0	0.7990196078431373	0.7389705882352942	1.0	0.24142156862745098	0.4387254901960784	1.0	1.0
25957	0.0	0.42302543507362783	0.0	0.9571619812583668	0.0	0.0	0.8045515394912985	0.2717536813922356	0.0	1.0	0.9705488621151271	0.7081659973226239	0.0	0.0	0.8032128514056225	0.9464524765729585	0.0	1.0	0.47657295850066933	1.0	0.0	0.37349397590361444	0.9906291834002677	1.0
25958	0.0	0.8818565400843882	0.31223628691983124	0.7331223628691983	0.08544303797468354	0.0	0.6033755274261603	0.6065400843881856	0.0	1.0	0.9514767932489452	0.5210970464135021	0.0	0.09599156118143459	0.9810126582278481	1.0	0.0	1.0	0.7531645569620253	1.0	0.0	0.2468354430379747	0.7489451476793249	1.0
25959	0.0	0.8028455284552846	0.32113821138211385	0.5873983739837398	0.241869918699187	0.4065040650406504	0.9512195121951219	0.7378048780487805	0.0	1.0	0.8638211382113821	0.49796747967479676	0.0	0.0	0.725609756097561	1.0	0.0	1.0	0.5528455284552846	1.0	0.07317073170731707	0.0	1.0	1.0
25960	0.0	0.9874213836477987	0.8364779874213837	0.44025157232704404	0.5220125786163522	0.0	0.9308176100628931	0.9937106918238994	0.0	0.8364779874213837	0.8679245283018868	0.5220125786163522	0.0	0.0	1.0	1.0	0.0	0.5345911949685535	1.0	1.0	0.0	0.0	0.89937106918239	1.0
25961	0.7579908675799086	0.9269406392694064	0.0	0.91324200913242	0.0	0.0	0.7945205479452054	0.6894977168949772	0.0	1.0	0.8949771689497716	0.5799086757990868	0.0	0.0	1.0	1.0	0.0	1.0	1.0	1.0	0.0	0.365296803652968	0.8127853881278538	1.0
25962	0.0	0.9411764705882353	0.0	1.0	0.0	0.0	0.988795518207283	1.0	0.0	1.0	1.0	0.9495798319327731	0.0	0.6498599439775911	1.0	1.0	0.0	0.7310924369747899	1.0	1.0	0.0	0.3025210084033613	1.0	1.0
25963	0.4381720430107527	1.0	0.4327956989247312	1.0	0.0	0.0	1.0	0.8978494623655914	0.0	1.0	1.0	0.7473118279569892	0.0	0.45698924731182794	1.0	1.0	0.0	1.0	0.9032258064516129	1.0	0.5833333333333334	0.0	1.0	1.0
25964	0.0	0.9063670411985019	0.5131086142322098	0.7340823970037453	0.0	0.0	0.700374531835206	1.0	0.0	1.0	1.0	1.0	0.0	0.0	1.0	1.0	0.0	1.0	0.8576779026217228	1.0	0.0	0.5655430711610487	0.7602996254681648	1.0
25965	0.22076023391812866	0.5526315789473685	0.29385964912280704	0.8611111111111112	0.24561403508771928	0.0	0.9517543859649122	0.783625730994152	0.0	0.9532163742690059	0.9926900584795322	0.20906432748538012	0.0	0.0	1.0	1.0	0.0	0.9590643274853801	1.0	1.0	0.2821637426900585	0.4415204678362573	0.935672514619883	1.0
25966	0.0	0.8133333333333334	0.21066666666666667	1.0	0.16533333333333333	0.4186666666666667	0.96	0.776	0.0	1.0	0.624	0.4053333333333333	0.32	0.4026666666666667	1.0	1.0	0.0	1.0	0.7386666666666667	1.0	0.3973333333333333	0.8773333333333333	0.9546666666666667	1.0
25967	0.0	0.567741935483871	0.4344086021505376	0.9182795698924732	0.6903225806451613	0.0	0.17634408602150536	0.5311827956989247	0.0	0.946236559139785	0.8086021505376344	1.0	0.28817204301075267	0.47956989247311826	1.0	1.0	0.0	1.0	0.4881720430107527	1.0	0.0	0.025806451612903226	0.9268817204301075	1.0
25968	0.0	0.0	0.0	1.0	0.5256410256410257	0.0	0.0	0.8782051282051282	0.0	0.9615384615384616	0.8205128205128205	1.0	0.0	0.0	0.9871794871794872	0.7948717948717948	0.0	1.0	0.8205128205128205	1.0	0.0	0.0	0.7371794871794872	0.8269230769230769
25969	0.0	0.5663956639566395	0.4092140921409214	0.518970189701897	0.0	0.0	0.5474254742547425	0.470189701897019	0.11788617886178862	1.0	1.0	0.37669376693766937	0.0	0.0	0.9186991869918699	0.981029810298103	0.0	0.8685636856368564	0.9769647696476965	1.0	0.0	0.16124661246612465	0.6788617886178862	1.0
25970	0.0	0.2397003745318352	0.0	1.0	0.0	0.0	0.23595505617977527	0.8052434456928839	0.0	1.0	0.9250936329588015	0.0	0.0	0.149812734082397	1.0	1.0	0.0	1.0	1.0	1.0	0.0	0.7640449438202247	1.0	1.0
25971	0.0	0.0	1.0	0.9464285714285714	0.0	0.0	0.20833333333333334	1.0	0.0	1.0	1.0	0.6666666666666666	0.0	0.041666666666666664	1.0	1.0	0.0	1.0	0.8452380952380952	1.0	0.0	0.0	1.0	1.0
25972	0.07503607503607504	0.43434343434343436	0.11255411255411256	0.37662337662337664	0.0	0.0	0.19047619047619047	0.7474747474747475	0.0	1.0	0.9595959595959596	0.6204906204906205	0.0	0.0	1.0	1.0	0.0	1.0	0.6406926406926406	1.0	0.0	0.0	0.7503607503607503	1.0
25973	0.1906906906906907	0.2087087087087087	0.24924924924924924	0.8453453453453453	0.0	0.0	0.7027027027027027	0.7372372372372372	0.0	1.0	0.9474474474474475	0.6141141141141141	0.0	0.0	0.8333333333333334	0.8273273273273273	0.0	1.0	0.45345345345345345	1.0	0.0	0.22672672672672672	1.0	1.0
25974	0.0	0.0	0.0	0.0	0.0	0.0	0.2828282828282828	0.0	0.0	0.5454545454545454	0.0	0.0	0.0	0.0	0.0	0.8787878787878788	0.0	0.3838383838383838	0.0	0.0	0.0	0.0	0.0	0.08080808080808081
25975	0.12489660876757651	0.8808933002481389	0.3771712158808933	0.8287841191066998	0.0	0.0	0.685690653432589	0.3200992555831266	0.0	1.0	0.6592224979321754	0.38213399503722084	0.07692307692307693	0.18941273779983459	0.815550041356493	1.0	0.0	1.0	0.48221670802315963	1.0	0.0	0.24979321753515302	0.7551695616211745	1.0
25976	0.0821078431372549	0.1482843137254902	0.16911764705882354	0.8578431372549019	0.0	0.0	1.0	0.6568627450980392	0.0	1.0	0.9436274509803921	0.7622549019607843	0.2769607843137255	0.16299019607843138	0.9779411764705882	0.9840686274509803	0.0	1.0	0.6911764705882353	1.0	0.12009803921568628	0.11764705882352941	0.8137254901960784	1.0
25977	0.0	0.09273182957393483	0.0	0.7593984962406015	0.0	0.23725981620718462	0.3968253968253968	0.6157059314954052	0.0	1.0	1.0	0.46867167919799496	0.1261487050960735	0.0	0.8813700918964077	1.0	0.0	0.9941520467836257	0.8872180451127819	1.0	0.13533834586466165	0.0	0.8721804511278195	1.0
25978	0.0	0.6994047619047619	0.11805555555555555	0.8720238095238095	0.09821428571428571	0.0	0.8611111111111112	0.5099206349206349	0.0	0.9623015873015873	0.5436507936507936	0.36904761904761907	0.24206349206349206	0.0	0.9424603174603174	1.0	0.0	0.8918650793650794	0.4494047619047619	1.0	0.0	0.0	0.9811507936507936	1.0
25979	0.45041816009557945	0.5005973715651135	0.17921146953405018	0.8052568697729988	0.0	0.0	0.6977299880525687	0.7526881720430108	0.0	1.0	0.994026284348865	0.6212664277180406	0.13739545997610514	0.12783751493428913	0.9713261648745519	0.96415770609319	0.0	0.9235364396654719	0.5663082437275986	1.0	0.0	0.14456391875746716	0.9068100358422939	1.0
25980	0.0	0.8067632850241546	0.48470209339774556	0.392914653784219	0.28019323671497587	0.0	0.49597423510466987	0.605475040257649	0.0	1.0	0.7697262479871175	0.428341384863124	0.0	0.3059581320450886	0.8776167471819646	0.9404186795491143	0.0	0.8341384863123994	0.3961352657004831	1.0	0.0	0.0	0.7278582930756844	0.9404186795491143
25981	0.0	0.0	0.0	0.10683760683760683	0.0	0.0	0.0	0.0	0.0	1.0	0.0	0.0	0.0	0.0	0.0	0.4358974358974359	0.0	0.6837606837606838	0.0	0.7393162393162394	0.0	0.0	0.0	0.5555555555555556
25982	0.0	0.65625	0.0	1.0	0.0	0.0	0.9756944444444444	0.9409722222222222	0.0	1.0	0.9513888888888888	0.12152777777777778	0.375	0.0	1.0	1.0	0.0	1.0	0.9583333333333334	1.0	0.0	0.0	1.0	1.0
25983	0.0	0.30423280423280424	0.17724867724867724	0.9947089947089947	0.0	0.0	1.0	0.8068783068783069	0.0	1.0	0.9841269841269841	0.3888888888888889	0.3994708994708995	0.0	1.0	1.0	0.0	0.8174603174603174	1.0	1.0	0.0	0.0	0.9126984126984127	1.0
25984	0.0	0.7582417582417582	0.27472527472527475	0.6886446886446886	0.0	0.0	0.7912087912087912	1.0	0.0	1.0	0.6959706959706959	0.4468864468864469	0.0	0.0	0.4139194139194139	1.0	0.0	1.0	1.0	1.0	0.0	0.0	0.8901098901098901	1.0
25985	0.0	0.33587786259541985	0.35877862595419846	0.7862595419847328	0.0	0.0	0.8015267175572519	0.5826972010178118	0.0	1.0	0.5801526717557252	0.5190839694656488	0.2595419847328244	0.0	0.8371501272264631	0.5699745547073791	0.0	0.8422391857506362	0.2544529262086514	0.9847328244274809	0.0	0.0	0.6844783715012722	0.8371501272264631
25986	0.0	0.5490196078431373	0.28851540616246496	0.7535014005602241	0.0	0.0	1.0	0.7619047619047619	0.0	0.9803921568627451	0.834733893557423	0.0	0.0	0.0	1.0	0.6246498599439776	0.0	0.6694677871148459	0.5462184873949579	1.0	0.0	0.0	0.5574229691876751	1.0
25987	0.0	0.5288220551378446	0.0	0.6441102756892231	0.2631578947368421	0.0	0.8972431077694235	0.9598997493734336	0.0	1.0	0.8295739348370927	0.20551378446115287	0.0	0.0	0.8771929824561403	1.0	0.0	1.0	0.41353383458646614	1.0	0.0	0.0	0.6967418546365914	1.0
25988	0.3201320132013201	0.8415841584158416	0.0	1.0	0.6435643564356436	0.0	0.26732673267326734	0.8547854785478548	0.0	1.0	0.8118811881188119	0.44554455445544555	0.0	0.0	0.8745874587458746	1.0	0.0	1.0	0.6996699669966997	1.0	0.0	0.0	0.7920792079207921	1.0
25989	0.0	0.3121319199057715	0.13074204946996468	0.8209658421672555	0.0	0.0	0.5265017667844523	0.408716136631331	0.038869257950530034	0.9988221436984688	0.9128386336866903	0.4110718492343934	0.0	0.10482921083627797	0.8492343934040048	0.9740871613663133	0.0	0.856301531213192	0.7491166077738516	0.9976442873969376	0.0	0.35335689045936397	0.9375736160188457	1.0
25990	0.0	0.7976190476190477	0.0	1.0	0.0	0.0	0.6023809523809524	0.6357142857142857	0.0	1.0	1.0	0.0	0.0	0.0	0.9928571428571429	1.0	0.0	1.0	0.38571428571428573	1.0	0.0	0.13095238095238096	0.8452380952380952	1.0
25991	0.23983739837398374	0.7723577235772358	0.3319783197831978	0.8943089430894309	0.0	0.0	0.6693766937669376	0.0	0.2669376693766938	1.0	0.9146341463414634	0.4281842818428184	0.0	0.0	0.9254742547425474	1.0	0.0	0.7764227642276422	0.9444444444444444	1.0	0.0	0.6558265582655827	0.8617886178861789	1.0
25992	0.0	0.4198830409356725	0.0	0.6596491228070176	0.0	0.0	0.22573099415204678	0.5146198830409356	0.0	1.0	0.8128654970760234	0.7953216374269005	0.25263157894736843	0.0	0.5567251461988304	1.0	0.0	0.9169590643274854	0.847953216374269	1.0	0.15087719298245614	0.3532163742690059	0.87953216374269	1.0
25993	0.0	0.22958057395143489	0.0	0.6666666666666666	0.0	0.0	0.17660044150110377	0.2052980132450331	0.0	0.5452538631346578	0.03532008830022075	0.6622516556291391	0.0	0.0	0.4194260485651214	0.6114790286975718	0.0	0.37748344370860926	0.6026490066225165	0.6644591611479028	0.0	0.0	0.47902869757174393	1.0
25994	0.0	0.35802469135802467	0.0	0.8253968253968254	0.0	0.0	0.4021164021164021	0.43738977072310403	0.0	1.0	0.9858906525573192	0.30511463844797176	0.0	0.0	0.48148148148148145	0.7848324514991182	0.0	1.0	0.3386243386243386	1.0	0.0	0.3439153439153439	0.7689594356261023	1.0
25995	0.28	0.7686274509803922	0.04470588235294118	0.8188235294117647	0.0	0.0	0.7388235294117647	0.864313725490196	0.0	1.0	0.7827450980392157	0.3129411764705882	0.09333333333333334	0.14274509803921567	0.8533333333333334	0.9819607843137255	0.0	0.8894117647058823	0.6290196078431373	1.0	0.0	0.0	0.8988235294117647	1.0
25996	0.0	0.6428571428571429	0.0	0.7170068027210884	0.0	0.0	0.8163265306122449	0.8387755102040816	0.0	1.0	0.8938775510204081	0.22040816326530613	0.16666666666666666	0.0	0.8285714285714286	1.0	0.0	1.0	0.5945578231292517	1.0	0.14285714285714285	0.0	0.8625850340136054	1.0
25997	0.0	0.5935483870967742	0.16989247311827957	0.6870967741935484	0.046236559139784944	0.0	0.6	0.47419354838709676	0.0	0.9763440860215054	0.8354838709677419	0.7451612903225806	0.0	0.23978494623655913	0.7505376344086021	1.0	0.0	0.9731182795698925	0.8870967741935484	1.0	0.0	0.3247311827956989	0.9989247311827957	1.0
25998	0.0	0.46438746438746437	0.0	0.47863247863247865	0.45584045584045585	0.0	0.47293447293447294	0.5498575498575499	0.0	1.0	0.5897435897435898	0.3646723646723647	0.0	0.0	0.7578347578347578	1.0	0.0	0.9344729344729344	0.26495726495726496	1.0	0.0	0.4301994301994302	0.5498575498575499	1.0
25999	0.0	0.8892128279883382	0.0	0.8279883381924198	0.0	0.0	0.7395529640427599	0.7230320699708455	0.0	1.0	1.0	0.20894071914480078	0.0	0.0	0.7968901846452867	1.0	0.0	0.9261418853255587	0.7774538386783285	1.0	0.293488824101069	0.11175898931000972	0.7881438289601554	1.0
26000	0.0	0.8085470085470086	0.22393162393162394	0.7623931623931623	0.0	0.0	0.5965811965811966	0.5658119658119658	0.0	1.0	1.0	0.41196581196581195	0.022222222222222223	0.0	0.9555555555555556	1.0	0.0	0.6376068376068376	0.7367521367521368	1.0	0.0	0.0	0.9914529914529915	1.0
26001	0.20885200553250347	0.6521438450899032	0.3457814661134163	0.9163208852005532	0.07468879668049792	0.0	0.5912863070539419	0.6078838174273858	0.0	1.0	0.9204702627939142	0.3409405255878285	0.1632088520055325	0.0	0.9847856154910097	0.9522821576763485	0.0	0.9474412171507607	0.8630705394190872	1.0	0.17219917012448133	0.1542185338865837	0.9875518672199171	1.0
26002	0.0	0.3037037037037037	0.35802469135802467	0.45185185185185184	0.0	0.0	0.48641975308641977	0.27901234567901234	0.0	1.0	1.0	0.7185185185185186	0.0	0.0	0.691358024691358	1.0	0.0	1.0	0.11851851851851852	1.0	0.0	0.20246913580246914	0.6592592592592592	1.0
26003	0.0	0.7156862745098039	0.5306372549019608	0.7450980392156863	0.25	0.0	0.8676470588235294	0.6127450980392157	0.0	1.0	0.9325980392156863	0.23774509803921567	0.0	0.18259803921568626	0.7573529411764706	1.0	0.18504901960784315	0.9031862745098039	0.8406862745098039	1.0	0.23651960784313725	0.0	0.9852941176470589	1.0
26004	0.0	1.0	0.0	1.0	0.0	0.0	0.0	0.45714285714285713	0.0	1.0	1.0	0.8047619047619048	0.0	0.22380952380952382	1.0	1.0	0.0	1.0	1.0	1.0	0.20476190476190476	0.6476190476190476	1.0	1.0
26005	0.0	0.4419475655430712	0.0	0.9550561797752809	0.0	0.0	0.8164794007490637	1.0	0.0	1.0	1.0	0.0	0.0	0.0	0.9775280898876404	1.0	0.0	1.0	0.9325842696629213	1.0	0.0	0.0	0.6142322097378277	1.0
26006	0.6215277777777778	0.4837962962962963	0.16898148148148148	0.7523148148148148	0.0	0.0	0.35300925925925924	0.6145833333333334	0.0	1.0	0.8125	0.5046296296296297	0.1863425925925926	0.2881944444444444	0.9212962962962963	1.0	0.0	0.9467592592592593	0.8391203703703703	1.0	0.1111111111111111	0.032407407407407406	0.7141203703703703	1.0
26007	0.0	0.45652173913043476	0.0	1.0	0.0	0.0	0.5869565217391305	0.9855072463768116	0.0	1.0	1.0	0.5942028985507246	0.0	0.5579710144927537	1.0	1.0	0.0	1.0	0.9347826086956522	1.0	0.0	0.0	0.8913043478260869	1.0
26008	0.0	0.6497584541062802	0.39371980676328505	0.8019323671497585	0.0	0.0	0.7946859903381642	0.8091787439613527	0.0	1.0	0.6183574879227053	0.27053140096618356	0.45652173913043476	0.0	0.7608695652173914	1.0	0.0	1.0	0.3961352657004831	1.0	0.0	0.0	0.9347826086956522	1.0
26009	0.0	0.6743362831858407	0.26312684365781713	0.6926253687315634	0.0	0.0	0.7563421828908554	0.6979351032448378	0.0	1.0	0.9693215339233038	0.45191740412979353	0.0	0.047787610619469026	0.8371681415929203	1.0	0.0	0.9799410029498525	0.6035398230088496	1.0	0.15162241887905606	0.0	0.9486725663716814	1.0
26010	0.0	0.3180428134556575	0.8593272171253823	1.0	0.0	0.0	0.9418960244648318	0.14067278287461774	0.0	1.0	0.6880733944954128	0.7186544342507645	0.0	0.0	0.926605504587156	1.0	0.0	1.0	1.0	1.0	0.0	0.7064220183486238	0.7737003058103975	1.0
26011	0.20474777448071216	0.5351137487636004	0.21068249258160238	0.8595450049455984	0.04549950544015826	0.0	0.7903066271018794	0.6172106824925816	0.0	1.0	0.9109792284866469	0.37091988130563797	0.0	0.3353115727002967	0.9495548961424333	1.0	0.0	1.0	0.744807121661721	1.0	0.0	0.0	1.0	1.0
26012	0.0	0.6268199233716475	0.18237547892720307	0.9616858237547893	0.08122605363984674	0.08122605363984674	0.5624521072796935	0.5471264367816092	0.0	1.0	0.8766283524904215	0.5195402298850574	0.31724137931034485	0.0	0.9517241379310345	1.0	0.0	1.0	0.7026819923371648	1.0	0.0	0.1318007662835249	0.9486590038314177	1.0
26013	0.0	0.0	0.0	0.0	0.0	0.0	0.9880952380952381	0.7380952380952381	0.0	1.0	0.0	0.47619047619047616	0.0	0.0	0.6547619047619048	0.9880952380952381	0.0	0.8214285714285714	0.8571428571428571	1.0	0.0	0.0	0.6547619047619048	0.8571428571428571
26014	0.0	0.7857142857142857	0.0	0.9744897959183674	0.4098639455782313	0.0	0.9778911564625851	0.9897959183673469	0.0	1.0	0.9829931972789115	0.9081632653061225	0.08843537414965986	0.2465986394557823	1.0	1.0	0.0	1.0	0.6972789115646258	1.0	0.15136054421768708	0.0	0.9149659863945578	0.9982993197278912
26015	0.0	0.8538812785388128	0.5045662100456622	0.9474885844748858	0.0	0.0	0.958904109589041	0.6438356164383562	0.0	1.0	0.9817351598173516	0.5981735159817352	0.0	0.0	0.9200913242009132	1.0	0.0	0.997716894977169	0.8333333333333334	1.0	0.0	0.0	1.0	1.0
26016	0.32264957264957267	0.8418803418803419	0.0	1.0	0.0	0.0	1.0	0.7008547008547008	0.0	1.0	1.0	0.5021367521367521	0.0	0.0	1.0	1.0	0.0	1.0	0.23931623931623933	1.0	0.32264957264957267	0.0	0.9914529914529915	1.0
26017	0.0	0.0	0.32234432234432236	0.0	0.0	0.0	0.8644688644688645	0.8131868131868132	0.0	1.0	0.9926739926739927	0.9926739926739927	0.0	0.0	1.0	0.9706959706959707	0.0	1.0	0.336996336996337	1.0	0.0	0.0	1.0	1.0
26018	0.0	0.5682326621923938	0.03803131991051454	0.854586129753915	0.0	0.0	0.727069351230425	0.3087248322147651	0.0	0.843400447427293	1.0	0.14093959731543623	0.0	0.0	1.0	1.0	0.0	1.0	0.19463087248322147	1.0	0.27740492170022374	0.0	0.668903803131991	1.0
26019	0.0	1.0	0.25	0.6944444444444444	0.0	0.0	1.0	1.0	0.0	1.0	0.5185185185185185	0.0	0.04938271604938271	0.0	1.0	1.0	0.0	1.0	0.0	1.0	0.0	0.0	1.0	1.0
26020	0.0	0.36036036036036034	0.4174174174174174	1.0	0.0	0.0	0.0	0.2042042042042042	0.0	0.9219219219219219	0.7837837837837838	0.6906906906906907	0.0	0.0	1.0	1.0	0.0	0.9369369369369369	0.36936936936936937	1.0	0.5645645645645646	0.0	1.0	1.0
26021	0.0	0.8014184397163121	0.2907801418439716	0.41134751773049644	0.0	0.0	0.0	0.0	0.0	1.0	0.6170212765957447	0.46099290780141844	0.0	0.0	1.0	0.723404255319149	0.0	1.0	1.0	1.0	0.0	0.7163120567375887	0.5602836879432624	1.0
26022	0.0	0.665016501650165	0.5247524752475248	0.6468646864686468	0.0	0.0	0.7128712871287128	0.16666666666666666	0.0	0.9966996699669967	0.9438943894389439	0.0	0.0	0.0	0.7326732673267327	0.8250825082508251	0.0	0.9900990099009901	0.019801980198019802	1.0	0.1551155115511551	0.0429042904290429	0.9867986798679867	1.0
26023	0.0	0.683641975308642	0.0038580246913580245	0.808641975308642	0.18287037037037038	0.0	0.8472222222222222	0.49151234567901236	0.0	0.9876543209876543	0.9745370370370371	0.5231481481481481	0.0	0.11959876543209877	0.9259259259259259	0.9691358024691358	0.0	0.9320987654320988	0.5594135802469136	1.0	0.0	0.0	0.9483024691358025	0.9891975308641975
26024	0.0	0.5319148936170213	0.48226950354609927	0.7730496453900709	0.0	0.0	0.524822695035461	0.0	0.0	1.0	1.0	0.0	0.0	0.0	1.0	1.0	0.0	1.0	0.0	1.0	0.19148936170212766	0.0	1.0	1.0
26025	0.0	1.0	0.0	0.589041095890411	0.0	0.0	0.547945205479452	0.8858447488584474	0.0	1.0	1.0	0.0	0.0	0.0	0.776255707762557	1.0	0.0	1.0	0.4474885844748858	1.0	0.0	0.0	0.2831050228310502	1.0
26026	0.0	0.4093567251461988	0.0	0.6900584795321637	0.0	0.0	0.9181286549707602	0.52046783625731	0.0	1.0	0.847953216374269	0.6432748538011696	0.0	0.0	1.0	1.0	0.0	1.0	1.0	1.0	0.0	0.0	1.0	1.0
26027	0.0	0.9266666666666666	1.0	1.0	0.22	0.29	1.0	1.0	0.0	1.0	1.0	0.35333333333333333	0.0	0.0	1.0	1.0	0.0	0.32666666666666666	0.7033333333333334	1.0	0.0	0.5033333333333333	1.0	1.0
26028	0.0	0.36347517730496454	0.0	0.7464539007092199	0.24113475177304963	0.0	0.7641843971631206	0.41312056737588654	0.0	1.0	0.8670212765957447	0.4024822695035461	0.21099290780141844	0.0	1.0	0.9858156028368794	0.0	0.8102836879432624	0.49822695035460995	1.0	0.0	0.0	0.9680851063829787	1.0
26029	0.0	0.7208931419457735	0.2886762360446571	0.9808612440191388	0.0	0.15151515151515152	0.6060606060606061	0.9633173843700159	0.0	1.0	0.9904306220095693	0.7830940988835726	0.2838915470494418	0.051036682615629984	0.7033492822966507	1.0	0.0	0.7145135566188198	0.7496012759170654	1.0	0.0	0.0	0.94896331738437	1.0
26030	0.0	0.6477987421383647	0.0	0.6823899371069182	0.0	0.0	0.6037735849056604	0.9874213836477987	0.0	0.9842767295597484	1.0	0.48742138364779874	0.0	0.3270440251572327	0.6132075471698113	1.0	0.0	1.0	0.6572327044025157	1.0	0.0	0.7987421383647799	0.6729559748427673	1.0
26031	0.0	0.7333333333333333	0.0	0.9962962962962963	0.0	0.26666666666666666	0.9925925925925926	0.9925925925925926	0.0	1.0	0.9629629629629629	0.3148148148148148	0.0	0.0	0.9444444444444444	0.9407407407407408	0.0	0.8777777777777778	0.24814814814814815	0.9925925925925926	0.0	0.0	0.9925925925925926	0.9962962962962963
26032	0.0	0.3406998158379374	0.0	0.9042357274401474	0.0	0.0	0.4530386740331492	0.6408839779005525	0.23388581952117865	0.996316758747698	0.9355432780847146	0.3683241252302026	0.0	0.0	0.9558011049723757	1.0	0.0	0.8968692449355433	0.8968692449355433	0.996316758747698	0.0	0.5561694290976059	0.996316758747698	1.0
26033	0.0	0.6876876876876877	0.6486486486486487	1.0	0.0	0.0	0.8438438438438438	0.4954954954954955	0.0	1.0	1.0	0.48348348348348347	0.2132132132132132	0.0	0.954954954954955	1.0	0.0	1.0	0.8978978978978979	1.0	0.11711711711711711	0.45345345345345345	1.0	1.0
26034	0.0	1.0	0.9803921568627451	1.0	0.0	0.0	0.8366013071895425	0.8071895424836601	0.0	1.0	1.0	0.2679738562091503	0.08496732026143791	0.0	1.0	1.0	0.0	0.9379084967320261	0.9215686274509803	1.0	0.6405228758169934	0.0	0.8071895424836601	1.0
26035	0.0	0.6122860020140987	0.09768378650553877	0.9123867069486404	0.0	0.0	0.9929506545820745	0.40584088620342396	0.0	1.0	0.9013091641490433	0.30513595166163143	0.1379657603222558	0.19637462235649547	1.0	1.0	0.0	0.9405840886203424	0.4149043303121853	1.0	0.15206445115810674	0.29003021148036257	0.7824773413897281	1.0
26036	0.0	0.7767857142857143	0.5416666666666666	0.8482142857142857	0.0	0.16517857142857142	0.9538690476190477	0.3020833333333333	0.0	1.0	0.9315476190476191	0.47172619047619047	0.3869047619047619	0.0	0.9970238095238095	1.0	0.0	0.9494047619047619	0.9672619047619048	1.0	0.0	0.0	0.9508928571428571	1.0
26037	0.0	0.7550387596899225	0.11705426356589148	0.8806201550387597	0.09534883720930233	0.0	0.851937984496124	0.6116279069767442	0.0	0.9984496124031008	0.8682170542635659	0.28914728682170543	0.0	0.1635658914728682	0.8658914728682171	0.9953488372093023	0.0	0.9790697674418605	0.8434108527131783	1.0	0.0	0.0	1.0	0.9689922480620154
26038	0.5033333333333333	0.20333333333333334	0.3433333333333333	0.0	0.32	0.0	1.0	0.44333333333333336	0.0	1.0	1.0	0.5733333333333334	0.0	0.0	1.0	1.0	0.0	1.0	0.8466666666666667	1.0	0.07	0.0	0.9866666666666667	1.0
26039	0.0	0.20218579234972678	0.0	0.907103825136612	0.0	0.0	0.726775956284153	0.5710382513661202	0.0	0.912568306010929	0.21584699453551912	0.11475409836065574	0.0	0.0	0.48360655737704916	0.7540983606557377	0.0	0.8387978142076503	0.7568306010928961	1.0	0.0	0.0	0.9426229508196722	1.0
26040	0.0	0.6623931623931624	0.0	0.9529914529914529	0.0	0.0	0.5811965811965812	0.9957264957264957	0.0	1.0	0.0	0.6538461538461539	0.44017094017094016	0.0	0.8205128205128205	0.8376068376068376	0.0	1.0	0.5042735042735043	1.0	0.6410256410256411	0.1752136752136752	0.9786324786324786	1.0
26041	0.24691358024691357	0.9851851851851852	0.0	1.0	0.0	0.0345679012345679	0.4641975308641975	0.5481481481481482	0.0	1.0	1.0	0.8839506172839506	0.6839506172839506	0.49382716049382713	1.0	1.0	0.0	1.0	0.6074074074074074	1.0	0.37777777777777777	0.5703703703703704	1.0	1.0
26042	0.10021786492374728	0.8671023965141612	0.3572984749455338	1.0	0.0	0.4335511982570806	0.7450980392156863	0.30718954248366015	0.4684095860566449	1.0	1.0	0.20697167755991286	0.4335511982570806	0.3812636165577342	0.8910675381263616	0.9760348583877996	0.0	1.0	0.7298474945533769	1.0	0.3616557734204793	0.6143790849673203	1.0	1.0
26043	0.0	0.8980392156862745	0.6078431372549019	1.0	0.1568627450980392	0.0	0.8627450980392157	0.8686274509803922	0.0	1.0	0.46078431372549017	0.4215686274509804	0.0	0.0	1.0	0.9784313725490196	0.0	1.0	0.5392156862745098	1.0	0.0	0.0	0.8921568627450981	1.0
26044	0.0	0.1891891891891892	0.0	0.8918918918918919	0.0	0.0	0.04504504504504504	0.0	0.0	0.7927927927927928	0.8288288288288288	0.5135135135135135	0.0	0.0	0.8558558558558559	0.990990990990991	0.0	0.5405405405405406	0.0	0.990990990990991	0.0	0.0	0.8648648648648649	0.954954954954955
26045	0.0	1.0	0.0	1.0	0.0	0.0	0.6583333333333333	0.075	0.0	1.0	1.0	0.0	0.0	0.23333333333333334	1.0	1.0	0.0	1.0	1.0	1.0	0.0	0.0	0.55	1.0
26046	0.0	0.38028169014084506	0.0	1.0	0.0	0.5305164319248826	0.8262910798122066	0.5774647887323944	0.0	1.0	1.0	0.7793427230046949	0.023474178403755867	0.4225352112676056	1.0	1.0	0.0	1.0	1.0	1.0	0.0	0.0	0.9624413145539906	1.0
26047	0.0	1.0	0.0	0.6164874551971327	0.35125448028673834	0.0	0.7849462365591398	0.7275985663082437	0.0	1.0	0.7168458781362007	1.0	0.0	0.0	0.996415770609319	1.0	0.0	1.0	0.6379928315412187	1.0	0.34408602150537637	0.0	1.0	1.0
26048	0.0	0.5802968960863698	0.20917678812415655	0.6977058029689609	0.08771929824561403	0.0	0.7732793522267206	0.4817813765182186	0.12685560053981107	1.0	0.9946018893387314	0.8421052631578947	0.0	0.3252361673414305	1.0	1.0	0.0	1.0	0.4291497975708502	1.0	0.0	0.09176788124156546	0.9122807017543859	1.0
26049	0.0	0.9171374764595104	0.0	0.9453860640301318	0.2994350282485876	0.263653483992467	0.7777777777777778	0.8060263653483992	0.568738229755179	1.0	1.0	0.551789077212806	0.007532956685499058	0.0	1.0	1.0	0.0	0.9792843691148776	0.7645951035781544	1.0	0.0	0.2843691148775895	1.0	1.0
26050	0.0	0.570527974783294	0.1599684791174153	0.9605988967691096	0.12608353033884948	0.08195429472025216	0.880220646178093	0.7171000788022065	0.0	1.0	0.9881796690307328	0.5697399527186762	0.17100078802206461	0.24901497241922774	0.987391646966115	1.0	0.0	0.9929078014184397	0.7281323877068558	1.0	0.338849487785658	0.23798266351457842	0.9156816390858944	1.0
26051	0.0	1.0	0.8701298701298701	1.0	0.0	0.0	0.8008658008658008	0.45454545454545453	0.0	1.0	1.0	0.4458874458874459	0.0	0.33766233766233766	1.0	1.0	0.0	0.9696969696969697	0.9307359307359307	1.0	0.4935064935064935	0.0	1.0	1.0
26052	0.0	1.0	0.4946236559139785	1.0	0.0	0.0	1.0	1.0	0.46236559139784944	1.0	1.0	0.7580645161290323	0.0	0.0	1.0	1.0	0.0	1.0	0.9301075268817204	1.0	0.0	0.0	1.0	1.0
26053	0.0	0.5616161616161616	0.1696969696969697	0.8161616161616162	0.12323232323232323	0.0	0.7313131313131314	1.0	0.0	1.0	0.8646464646464647	0.3191919191919192	0.0	0.0	1.0	1.0	0.0	1.0	0.701010101010101	1.0	0.0	0.0	1.0	1.0
26054	0.0	0.366120218579235	0.3770491803278688	0.76775956284153	0.0	0.0	0.9754098360655737	0.8306010928961749	0.0	1.0	0.9836065573770492	0.8169398907103825	0.0	0.5109289617486339	1.0	1.0	0.0	1.0	0.4562841530054645	1.0	0.0	0.0	1.0	1.0
26055	0.0	1.0	0.8941798941798942	1.0	0.0	0.0	0.7936507936507936	1.0	0.0	1.0	0.4074074074074074	0.9365079365079365	0.0	0.0	1.0	0.9947089947089947	0.0	1.0	1.0	1.0	0.0	0.0	1.0	1.0
26056	0.0	0.8022130013831259	0.0	0.5656984785615491	0.41770401106500693	0.0	0.6583679114799447	0.45504840940525587	0.0	1.0	0.673582295988935	0.9073305670816044	0.0	0.0	0.65283540802213	0.8630705394190872	0.0	0.8921161825726142	0.18810511756569848	0.8450899031811895	0.1313969571230982	0.0	0.8865836791147994	1.0
26057	0.0	0.8106508875739645	0.03155818540433925	0.9763313609467456	0.4457593688362919	0.0	0.8461538461538461	0.4437869822485207	0.0	1.0	0.73767258382643	0.9783037475345168	0.0	0.2978303747534517	0.9585798816568047	1.0	0.0	0.9960552268244576	0.22090729783037474	1.0	0.0	0.0	0.9408284023668639	1.0
26058	0.0	0.6252354048964218	0.3935969868173258	0.7288135593220338	0.07344632768361582	0.0	0.8361581920903954	0.7156308851224106	0.0	1.0	1.0	0.0	0.0	0.0	0.9830508474576272	1.0	0.2843691148775895	0.9868173258003766	0.6459510357815442	1.0	0.0	0.2843691148775895	1.0	1.0
26059	0.23686274509803923	0.7090196078431372	0.42823529411764705	0.9866666666666667	0.0	0.21490196078431373	1.0	0.9654901960784313	0.0	0.9733333333333334	0.92	0.6447058823529411	0.21254901960784314	0.16392156862745097	1.0	1.0	0.0	0.9215686274509803	0.48784313725490197	1.0	0.08392156862745098	0.0	1.0	1.0
26060	0.13666162380231972	0.5229450327786183	0.20574886535552195	0.8013111447302067	0.2395360564800807	0.08421583459404942	0.9056984367120524	0.5526979324256177	0.0	1.0	0.9858799798285426	0.5648008068582955	0.15229450327786181	0.22995461422087746	0.9591527987897126	0.961674230963187	0.0	0.9848714069591528	0.6026222894604135	1.0	0.0	0.0	0.9399899142713061	1.0
26061	0.3175604626708728	0.6414300736067298	0.0	0.8191377497371188	0.0	0.0	0.45110410094637227	0.7160883280757098	0.0	0.9695057833859095	0.9337539432176656	0.5709779179810726	0.1587802313354364	0.0	0.8296529968454258	0.9989484752891693	0.0	1.0	0.9968454258675079	1.0	0.16824395373291273	0.25341745531019977	0.8107255520504731	1.0
26062	0.0	0.17180616740088106	0.1395007342143906	0.9647577092511013	0.13803230543318648	0.0	0.9324522760646109	0.5198237885462555	0.0	1.0	0.9720998531571219	0.723935389133627	0.22320117474302498	0.24522760646108663	0.775330396475771	1.0	0.0	1.0	0.8795888399412628	1.0	0.0	0.08516886930983847	0.9265785609397944	1.0
26063	0.12447257383966245	0.4859353023909986	0.23839662447257384	0.5239099859353024	0.0	0.0	0.5485232067510548	0.5914205344585092	0.0	1.0	0.8860759493670886	0.29887482419127986	0.08860759493670886	0.09282700421940929	0.8811533052039381	0.9120956399437412	0.0	0.8663853727144867	0.709563994374121	0.9838255977496484	0.0	0.379746835443038	0.8305203938115331	0.9634317862165963
26064	0.0	0.41426611796982166	0.7503429355281207	0.7037037037037037	0.0	0.0	0.6213991769547325	0.10699588477366255	0.0	1.0	0.9794238683127572	0.30315500685871055	0.15912208504801098	0.0	0.7352537722908093	0.9561042524005487	0.0	0.9739368998628258	0.0	0.9149519890260631	0.0	0.3292181069958848	0.6831275720164609	0.9931412894375857
26065	0.0	0.6755555555555556	0.6711111111111111	0.8377777777777777	0.04	0.0	0.8644444444444445	0.33111111111111113	0.0	1.0	0.8555555555555555	0.0	0.0	0.14666666666666667	0.8844444444444445	1.0	0.0	1.0	0.58	1.0	0.2288888888888889	0.6711111111111111	0.9	1.0
26066	0.0	0.7968901846452867	0.3129251700680272	0.891156462585034	0.2818270165208941	0.042759961127308066	0.5024295432458697	0.5296404275996113	0.0	1.0	0.9504373177842566	0.10301263362487852	0.0	0.0	0.5636540330417882	1.0	0.0	1.0	0.28960155490767736	1.0	0.010689990281827016	0.0	0.9815354713313897	1.0
26067	0.0	0.5201149425287356	0.3089080459770115	0.4482758620689655	0.0	0.0	0.8103448275862069	0.5977011494252874	0.0	0.8994252873563219	0.9252873563218391	0.4525862068965517	0.15804597701149425	0.0	0.8304597701149425	1.0	0.0	0.9324712643678161	0.4339080459770115	1.0	0.0	0.0	0.375	1.0
26068	0.0	0.0	0.0	0.0	0.0	0.0	0.0	0.0	0.0	1.0	0.0	0.8095238095238095	0.0	0.0	0.0	0.0	0.0	0.0	0.0	0.2653061224489796	0.0	0.0	0.0	1.0
26069	0.0	0.35526315789473684	0.25219298245614036	0.6600877192982456	0.0	0.0	0.9649122807017544	0.05701754385964912	0.4232456140350877	1.0	1.0	0.2719298245614035	0.6557017543859649	0.0	0.9780701754385965	1.0	0.0	0.9583333333333334	0.956140350877193	1.0	0.0	0.21271929824561403	1.0	1.0
26070	0.0	1.0	0.4166666666666667	1.0	0.0	0.0	1.0	1.0	0.0	1.0	0.9230769230769231	0.0	0.0	0.0	1.0	1.0	0.0	1.0	0.3076923076923077	1.0	0.0	0.0	1.0	1.0
26071	0.0	0.3782051282051282	0.5183150183150184	1.0	0.0	0.0	0.7206959706959707	0.9761904761904762	0.0	1.0	0.8507326007326007	0.5137362637362637	0.0	0.09523809523809523	0.9752747252747253	1.0	0.0	0.8644688644688645	1.0	1.0	0.0	0.0	0.9743589743589743	1.0
26072	0.0	0.6376811594202898	0.3438735177865613	0.8866930171277997	0.2648221343873518	0.0	0.6956521739130435	0.6310935441370223	0.0	1.0	0.9749670619235836	0.48353096179183136	0.0	0.2516469038208169	0.8866930171277997	1.0	0.0	1.0	0.6297760210803689	1.0	0.0	0.0	0.8748353096179183	1.0
26073	0.0	0.9453551912568307	0.43579234972677594	0.9030054644808743	0.0	0.0	1.0	0.5601092896174863	0.0	1.0	0.7745901639344263	0.860655737704918	0.0	0.14207650273224043	0.7513661202185792	0.9658469945355191	0.0	1.0	0.3333333333333333	1.0	0.0273224043715847	0.0	0.8784153005464481	1.0
26074	0.0	0.45528455284552843	0.0	0.6759581881533101	0.0	0.0	0.6759581881533101	0.5063879210220673	0.0	1.0	0.7224157955865272	0.21951219512195122	0.12311265969802555	0.0	0.851335656213705	0.9175377468060395	0.0	0.9709639953542393	0.23228803716608595	1.0	0.3321718931475029	0.34610917537746805	0.9012775842044135	1.0
26075	0.0	0.6401234567901235	0.2351851851851852	0.7808641975308642	0.0	0.0	0.5882716049382716	0.7611111111111111	0.0	1.0	0.9993827160493827	0.3395061728395062	0.20925925925925926	0.12037037037037036	0.9567901234567902	1.0	0.0	1.0	0.8061728395061728	1.0	0.0	0.12469135802469136	0.9351851851851852	1.0
26076	0.4794007490636704	0.6204744069912609	0.3383270911360799	0.8938826466916354	0.0	0.0	0.7465667915106118	0.5493133583021224	0.3146067415730337	1.0	0.9225967540574282	0.4656679151061174	0.12734082397003746	0.17103620474406991	0.978776529338327	1.0	0.0	0.8302122347066168	0.7578027465667915	1.0	0.0	0.0	0.8888888888888888	1.0
26077	0.0	0.0	0.0	0.44907407407407407	0.0	0.0	0.3148148148148148	1.0	0.0	1.0	0.7615740740740741	0.5856481481481481	0.0	0.75	0.9305555555555556	1.0	0.0	1.0	0.8078703703703703	1.0	0.0	0.0	0.8657407407407407	1.0
26078	0.0	0.6657509157509157	0.3956043956043956	0.7866300366300366	0.0	0.0	0.48443223443223443	0.8012820512820513	0.0	1.0	0.8443223443223443	0.7573260073260073	0.0	0.1336996336996337	0.9716117216117216	1.0	0.0	1.0	0.8708791208791209	1.0	0.0	0.2765567765567766	0.9111721611721612	1.0
26079	0.0	0.943952802359882	0.0	0.23303834808259588	0.3215339233038348	0.2359882005899705	0.799410029498525	1.0	0.0	1.0	1.0	0.415929203539823	0.0	0.0	0.7374631268436578	1.0	0.0	1.0	0.0	1.0	0.0	0.0	0.855457227138643	1.0
26080	0.0	0.8051750380517504	0.0	0.908675799086758	0.0	0.0	0.741248097412481	0.6971080669710806	0.0	1.0	1.0	0.0563165905631659	0.0	0.0	0.9101978691019786	1.0	0.0	0.9558599695585996	0.9010654490106544	1.0	0.0	0.2222222222222222	0.8417047184170472	1.0
26081	0.0	0.75	0.2772727272727273	0.9136363636363637	0.0	0.15454545454545454	0.8712121212121212	0.7424242424242424	0.0	1.0	0.8878787878787879	0.43787878787878787	0.0	0.0	0.6303030303030303	1.0	0.0	0.953030303030303	0.8636363636363636	1.0	0.0	0.26212121212121214	1.0	1.0
26082	0.0	0.6863157894736842	0.23649122807017545	0.8743859649122807	0.06947368421052631	0.0	0.624561403508772	0.64	0.13614035087719298	0.9992982456140351	0.8385964912280702	0.38666666666666666	0.0	0.05894736842105263	0.8933333333333333	1.0	0.0	0.9649122807017544	0.6919298245614035	1.0	0.11859649122807017	0.10596491228070175	0.9719298245614035	1.0
26083	0.0	0.5015873015873016	0.16984126984126985	0.4031746031746032	0.0	0.0	0.4857142857142857	0.9158730158730158	0.0	1.0	0.5222222222222223	0.680952380952381	0.0	0.0	1.0	1.0	0.0	0.9904761904761905	0.9603174603174603	1.0	0.173015873015873	0.2396825396825397	1.0	1.0
26084	0.0	0.0	0.0	0.0	0.0	0.0	0.9117647058823529	1.0	0.0	1.0	0.23529411764705882	0.0	0.0	0.0	1.0	1.0	0.0	1.0	0.0	1.0	0.0	1.0	1.0	1.0
26085	0.0	0.6859504132231405	0.24517906336088155	0.8512396694214877	0.10743801652892562	0.0	0.6170798898071626	0.5371900826446281	0.0	0.9972451790633609	0.6914600550964187	0.371900826446281	0.0	0.0	0.9641873278236914	1.0	0.0	0.7933884297520661	0.6473829201101928	1.0	0.0	0.0	0.9972451790633609	1.0
26086	0.0	0.9891304347826086	0.0	0.5181159420289855	0.0	0.0	0.3007246376811594	0.03985507246376811	0.0	1.0	0.9710144927536232	0.4492753623188406	0.32608695652173914	0.0	0.822463768115942	1.0	0.0	0.822463768115942	0.0	1.0	0.0	0.0	1.0	1.0
26087	0.0	0.4121212121212121	0.0	0.6	0.33636363636363636	0.0	0.09393939393939393	0.7848484848484848	0.3151515151515151	1.0	0.703030303030303	0.9212121212121213	0.0	0.0	1.0	1.0	0.0	0.990909090909091	0.8545454545454545	1.0	0.0	0.20606060606060606	1.0	1.0
26088	0.25353535353535356	0.7323232323232324	0.2313131313131313	0.6383838383838384	0.0	0.14242424242424243	0.7444444444444445	0.6888888888888889	0.0	1.0	0.7666666666666667	0.10505050505050505	0.21212121212121213	0.0	0.9656565656565657	0.9767676767676767	0.0	0.9636363636363636	0.5535353535353535	1.0	0.0	0.0	0.9595959595959596	1.0
26089	0.0	0.3	0.32666666666666666	0.6966666666666667	0.0	0.0	0.8966666666666666	0.27	0.0	1.0	0.30333333333333334	0.43333333333333335	0.49333333333333335	0.0	0.8633333333333333	0.9733333333333334	0.0	0.8766666666666667	0.8266666666666667	1.0	0.0	0.0	0.9766666666666667	1.0
26090	0.0	0.8638888888888889	0.2833333333333333	0.4027777777777778	0.28888888888888886	0.0	1.0	0.5611111111111111	0.0	1.0	0.4777777777777778	0.25833333333333336	0.24444444444444444	0.0	0.9277777777777778	1.0	0.0	1.0	0.7111111111111111	1.0	0.0	0.0	1.0	1.0
26091	0.0	0.9145833333333333	0.0	1.0	0.33125	0.0	0.7541666666666667	0.19375	0.0	0.98125	1.0	0.33958333333333335	0.0	0.0	1.0	1.0	0.0	1.0	0.46875	1.0	0.19791666666666666	0.15625	0.96875	1.0
26092	0.0	0.8972222222222223	0.0	0.6416666666666667	0.0	0.0	0.2722222222222222	0.175	0.0	1.0	0.4222222222222222	0.425	0.41944444444444445	0.0	0.6472222222222223	0.8194444444444444	0.0	0.9611111111111111	0.7611111111111111	1.0	0.0	0.0	0.7583333333333333	1.0
26093	0.0	0.24899598393574296	0.0	0.9919678714859438	0.0	0.0	0.41365461847389556	0.44176706827309237	0.0	1.0	1.0	0.3534136546184739	0.0	0.0	1.0	1.0	0.0	0.9959839357429718	0.5020080321285141	1.0	0.0	0.0	1.0	1.0
26094	0.29218106995884774	0.11248285322359397	0.015089163237311385	0.8710562414266118	0.0	0.0	0.6625514403292181	0.7517146776406035	0.2962962962962963	1.0	0.9657064471879286	0.6200274348422496	0.0	0.21536351165980797	1.0	1.0	0.32647462277091904	0.9780521262002744	0.9602194787379973	1.0	0.0	0.0	0.9561042524005487	1.0
26095	0.0	0.11885612153708669	0.11438784629133154	0.7042001787310098	0.0	0.0	0.7578194816800715	0.6809651474530831	0.0	1.0	0.900804289544236	0.22341376228775692	0.0	0.07327971403038427	0.9016979445933869	0.9445933869526363	0.0	0.6362823949955317	0.5817694369973191	1.0	0.0	0.0	0.9490616621983914	1.0
26096	0.0	0.7741046831955923	0.19765840220385675	0.6701101928374655	0.0	0.09297520661157024	0.8512396694214877	0.3512396694214876	0.0	1.0	0.8746556473829201	0.39325068870523416	0.18181818181818182	0.1384297520661157	0.8987603305785123	0.9662534435261708	0.20798898071625344	0.9166666666666666	0.5709366391184573	1.0	0.05509641873278237	0.0	0.8842975206611571	1.0
26097	0.09836065573770492	0.2896174863387978	0.12568306010928962	1.0	0.0	0.0	0.8961748633879781	0.08743169398907104	0.0	1.0	1.0	0.0	0.0	0.0	1.0	1.0	0.17486338797814208	1.0	1.0	1.0	0.0	0.0	0.8087431693989071	1.0
26098	0.0	0.0	0.4528301886792453	1.0	0.8050314465408805	0.0	1.0	0.33962264150943394	0.0	1.0	1.0	0.0	0.5911949685534591	0.0	1.0	1.0	0.6163522012578616	0.6855345911949685	1.0	1.0	0.0	0.0	0.0	1.0
26099	0.96	0.08	0.4444444444444444	1.0	0.0	0.0	0.0	1.0	0.0	1.0	0.23555555555555555	0.5733333333333334	0.0	0.0	0.8088888888888889	1.0	0.0	0.7333333333333333	1.0	1.0	0.0	0.0	1.0	1.0
26100	0.0	0.6193045563549161	0.05995203836930456	0.9490407673860911	0.0	0.0	0.6067146282973621	0.749400479616307	0.0	0.9592326139088729	0.9586330935251799	0.6169064748201439	0.19904076738609114	0.1486810551558753	0.8369304556354916	0.9514388489208633	0.0	0.8513189448441247	0.7889688249400479	1.0	0.0	0.0	0.9238609112709832	1.0
26101	0.0	0.6964912280701754	0.0	0.7964912280701755	0.0	0.0	0.21929824561403508	0.4631578947368421	0.0	1.0	0.0	0.0	0.0	0.0	0.6877192982456141	0.9754385964912281	0.0	0.7526315789473684	0.5298245614035088	1.0	0.0	0.0	0.9210526315789473	0.9789473684210527
26102	0.0	0.7371794871794872	0.14743589743589744	1.0	0.0	0.0	0.717948717948718	0.46314102564102566	0.0	1.0	1.0	0.09294871794871795	0.0	0.36217948717948717	0.7852564102564102	1.0	0.0	0.9919871794871795	0.3958333333333333	1.0	0.0	0.0	1.0	1.0
26103	0.0	0.35658914728682173	0.0	1.0	0.0	0.0	0.49612403100775193	0.9457364341085271	0.0	1.0	1.0	0.813953488372093	0.0	0.0	1.0	1.0	0.0	1.0	0.8604651162790697	1.0	0.0	0.0	1.0	1.0
26104	0.0	0.6222222222222222	0.0	0.9703703703703703	0.0	0.0	1.0	0.0	0.0	1.0	1.0	0.4444444444444444	0.0	0.0	0.9925925925925926	1.0	0.6962962962962963	1.0	0.0	1.0	0.14074074074074075	0.0	1.0	1.0
26105	0.0	0.8236775818639799	0.02938706968933669	0.9403862300587741	0.0	0.0	0.7842149454240135	0.8790931989924433	0.0	1.0	0.81696053736356	0.38371116708648195	0.0	0.17800167926112512	0.9051217464315701	0.966414777497901	0.12678421494542402	0.8513853904282116	0.727120067170445	1.0	0.14777497900923595	0.12678421494542402	0.9076406381192276	1.0
26106	0.0	0.5462046204620462	0.0	0.7937293729372937	0.0	0.0	0.8052805280528053	0.7673267326732673	0.0	1.0	0.9471947194719472	0.0	0.0	0.0	0.8597359735973598	0.863036303630363	0.0	0.8597359735973598	0.8234323432343235	0.995049504950495	0.297029702970297	0.0	0.8234323432343235	0.9785478547854786
26107	0.0	0.6509298998569385	0.4034334763948498	0.8190271816881259	0.08655221745350501	0.0	0.32045779685264664	0.8905579399141631	0.06652360515021459	1.0	0.7696709585121603	0.2510729613733906	0.13090128755364808	0.0	0.8512160228898427	0.9992846924177397	0.0	1.0	0.5386266094420601	1.0	0.008583690987124463	0.3354792560801145	0.8397711015736766	1.0
26108	0.0	0.48148148148148145	0.13859020310633213	0.8183990442054958	0.0	0.13739545997610514	0.5448028673835126	0.7801672640382318	0.0	0.998805256869773	0.9438470728793309	0.4970131421744325	0.0	0.0	0.7431302270011948	0.9175627240143369	0.0	0.9342891278375149	0.14695340501792115	1.0	0.0	0.5412186379928315	0.8028673835125448	1.0
26109	0.0	1.0	1.0	0.984375	0.0	0.0	0.921875	0.036458333333333336	0.0	1.0	1.0	0.46875	0.0	0.4322916666666667	1.0	1.0	0.0	1.0	0.0	1.0	0.5260416666666666	0.0	1.0	1.0
26110	0.0	0.696969696969697	0.0	1.0	0.0	0.0	0.6114081996434938	0.8538324420677362	0.0	0.9233511586452763	1.0	0.6880570409982175	0.13012477718360071	0.23351158645276293	1.0	1.0	0.0	1.0	0.6096256684491979	1.0	0.0	0.0	0.7629233511586453	1.0
26111	0.0	0.9320594479830149	0.23142250530785563	0.9129511677282378	0.0	0.1326963906581741	0.8683651804670913	0.45010615711252655	0.0	1.0	1.0	0.5031847133757962	0.0	0.0	0.8906581740976646	1.0	0.0	1.0	0.07749469214437367	1.0	0.0	0.3195329087048832	0.881104033970276	1.0
26112	0.0	0.8997050147492626	0.0	0.5752212389380531	0.0	0.0	0.9380530973451328	0.9321533923303835	0.0	1.0	1.0	0.16224188790560473	0.0	0.3746312684365782	1.0	1.0	0.0	1.0	0.8731563421828908	1.0	0.0	0.0	1.0	1.0
26113	0.0	0.6028368794326241	0.2695035460992908	1.0	0.0	0.0	0.9539007092198581	0.4739952718676123	0.0	1.0	0.7813238770685579	0.5094562647754137	0.0	0.0	0.991725768321513	0.9822695035460993	0.23404255319148937	1.0	0.41371158392434987	1.0	0.15721040189125296	0.0	0.9716312056737588	1.0
26114	0.0	0.8672566371681416	0.0	0.6991150442477876	0.0	0.0	0.7640117994100295	0.9410029498525073	0.0	0.911504424778761	1.0	0.887905604719764	0.0	0.0	1.0	0.9380530973451328	0.0	0.9026548672566371	0.8820058997050148	1.0	0.029498525073746312	0.0	1.0	1.0
26115	0.0	0.17921146953405018	0.7275985663082437	1.0	0.0	0.0	1.0	0.15770609318996415	0.0	1.0	1.0	0.6989247311827957	0.0	0.0	0.953405017921147	1.0	0.0	0.9390681003584229	0.8888888888888888	1.0	0.0	0.5698924731182796	1.0	1.0
26116	0.0	1.0	0.5885416666666666	1.0	0.7239583333333334	0.2734375	1.0	1.0	0.0	1.0	1.0	0.9895833333333334	0.2942708333333333	0.22916666666666666	1.0	1.0	0.0	1.0	0.7708333333333334	1.0	0.5052083333333334	0.9817708333333334	1.0	1.0
26117	0.0	0.9606299212598425	0.0	1.0	0.2887139107611549	0.0	0.7427821522309711	1.0	0.5879265091863517	1.0	1.0	0.7769028871391076	0.0	0.7979002624671916	1.0	1.0	0.0	1.0	0.9921259842519685	1.0	0.0	0.6902887139107612	1.0	1.0
26118	0.0	0.07058823529411765	0.49411764705882355	0.3764705882352941	0.0	0.0	1.0	0.8823529411764706	0.0	1.0	1.0	0.7764705882352941	0.0	0.12549019607843137	0.9254901960784314	1.0	0.0	0.9921568627450981	0.7098039215686275	1.0	0.0	0.0196078431372549	1.0	1.0
26119	0.0	0.9680365296803652	0.0	0.3881278538812785	0.0	0.0	1.0	0.7899543378995434	0.0	1.0	0.6118721461187214	0.3835616438356164	0.9908675799086758	0.0	1.0	1.0	0.0	0.9223744292237442	0.3378995433789954	1.0	0.0	0.0	1.0	1.0
26120	0.0	0.5651629072681704	0.24060150375939848	0.849624060150376	0.0	0.0	0.9611528822055138	0.5714285714285714	0.0	1.0	0.9912280701754386	0.5075187969924813	0.020050125313283207	0.37844611528822053	1.0	0.9924812030075187	0.0	0.8621553884711779	0.19423558897243107	1.0	0.18671679197994986	0.3533834586466165	0.956140350877193	1.0
26121	0.0	0.4946236559139785	0.6236559139784946	1.0	0.0	0.0	0.6487455197132617	0.8279569892473119	0.0	1.0	1.0	0.43010752688172044	0.0	0.0	1.0	1.0	0.0	0.7670250896057348	0.0	1.0	0.0	0.910394265232975	0.8960573476702509	1.0
26122	0.0	0.7244655581947743	0.08471892319873317	0.8131433095803642	0.19081551860649248	0.06571654790182106	0.5716547901821061	0.6920031670625495	0.0	1.0	0.8653998416468726	0.3159144893111639	0.0	0.12668250197941408	0.9026128266033254	1.0	0.0	0.7593032462391133	0.4742676167854315	1.0	0.27157561361836896	0.2391132224861441	0.9865399841646872	1.0
26123	0.0	0.6909090909090909	0.25757575757575757	1.0	0.0	0.0	1.0	0.9363636363636364	0.0	1.0	0.6878787878787879	0.06060606060606061	0.0	0.42424242424242425	1.0	1.0	0.0	1.0	0.8151515151515152	1.0	0.0	0.0	1.0	1.0
26124	0.0	1.0	0.0	1.0	0.42424242424242425	0.0	0.9437229437229437	0.9956709956709957	0.0	1.0	0.7878787878787878	0.9956709956709957	0.23809523809523808	0.0	1.0	1.0	0.0	1.0	0.0	1.0	0.0	0.0	0.7186147186147186	1.0
26125	0.0	0.9481481481481482	0.0	0.9259259259259259	0.1259259259259259	0.0	0.9259259259259259	0.6703703703703704	0.0	0.9962962962962963	0.8925925925925926	0.2851851851851852	0.12962962962962962	0.0	0.9296296296296296	0.9962962962962963	0.0	1.0	0.5259259259259259	1.0	0.0	0.8888888888888888	0.825925925925926	1.0
26126	0.0	0.4861111111111111	0.0	0.9550653594771242	0.22303921568627452	0.0	0.6633986928104575	0.6004901960784313	0.0	0.8986928104575164	0.7516339869281046	0.35294117647058826	0.1854575163398693	0.0	0.7867647058823529	1.0	0.0	0.9877450980392157	0.5686274509803921	0.9599673202614379	0.0	0.016339869281045753	0.6674836601307189	0.9991830065359477
26127	0.0	0.5769953051643193	0.21502347417840376	0.995774647887324	0.0	0.14178403755868543	0.6981220657276995	0.7070422535211267	0.0	1.0	0.935680751173709	0.32300469483568073	0.03990610328638498	0.12300469483568074	0.9478873239436619	0.9727699530516432	0.0	0.9929577464788732	0.34413145539906104	1.0	0.03896713615023474	0.19577464788732393	0.9347417840375587	1.0
26128	0.2557077625570776	0.8184931506849316	0.1495433789954338	1.0	0.0	0.0	0.8070776255707762	0.9143835616438356	0.0	1.0	0.9463470319634704	0.545662100456621	0.0	0.0	0.9703196347031964	1.0	0.0	1.0	0.79337899543379	1.0	0.1232876712328767	0.3447488584474886	0.9863013698630136	1.0
26129	0.0	0.753822629969419	0.21788990825688073	0.7759938837920489	0.0	0.11238532110091744	0.8509174311926605	0.5466360856269113	0.07033639143730887	0.9992354740061162	0.8990825688073395	0.49923547400611623	0.0	0.22247706422018348	1.0	1.0	0.0	0.9885321100917431	0.985474006116208	1.0	0.0	0.0	0.9625382262996942	1.0
26130	0.0	0.7765151515151515	0.19318181818181818	0.9753787878787878	0.0	0.0	0.9299242424242424	0.5170454545454546	0.0	1.0	1.0	0.3958333333333333	0.0	0.032196969696969696	0.9772727272727273	1.0	0.0	0.9564393939393939	0.8409090909090909	1.0	0.0	0.0	0.884469696969697	1.0
26131	0.0	0.258974358974359	0.13333333333333333	0.9692307692307692	0.0	0.0	0.9666666666666667	0.29743589743589743	0.0	1.0	0.7205128205128205	0.3384615384615385	0.0	0.0	0.4461538461538462	1.0	0.0	1.0	0.2692307692307692	1.0	0.0	0.0	0.9512820512820512	1.0
26132	0.0	0.8052434456928839	0.0	0.6741573033707865	0.0	0.0	0.6985018726591761	0.6647940074906367	0.21161048689138576	1.0	1.0	0.24157303370786518	0.0	0.0	0.6835205992509363	0.9719101123595506	0.0	1.0	0.50187265917603	1.0	0.1760299625468165	0.0	0.9606741573033708	1.0
26133	0.0	0.5167464114832536	0.6395534290271132	0.6953748006379585	0.0	0.0	0.8851674641148325	1.0	0.011164274322169059	1.0	1.0	0.7049441786283892	0.0	0.0	0.9170653907496013	1.0	0.0	1.0	0.8197767145135566	1.0	0.0	0.0	0.9936204146730463	1.0
26134	0.0	0.9348837209302325	0.23410852713178296	0.8976744186046511	0.09844961240310078	0.0	0.7248062015503876	0.8131782945736434	0.0	1.0	0.9627906976744186	0.686046511627907	0.12403100775193798	0.0	0.9744186046511628	1.0	0.1744186046511628	0.8906976744186047	0.44263565891472867	1.0	0.0	0.0	0.9007751937984496	1.0
26135	0.0	0.4211195928753181	0.0	0.688295165394402	0.0	0.0	0.7111959287531806	0.9745547073791349	0.0	1.0	0.8206106870229007	0.40966921119592875	0.0	0.0	0.9529262086513995	1.0	0.0	0.8002544529262087	0.5597964376590331	1.0	0.0	0.3842239185750636	0.9720101781170484	1.0
26136	0.0	0.8086021505376344	0.0	0.9698924731182795	0.2838709677419355	0.0	0.8580645161290322	0.6623655913978495	0.0	1.0	0.8365591397849462	0.7247311827956989	0.0	0.0	0.8602150537634409	1.0	0.0	1.0	0.9333333333333333	1.0	0.28817204301075267	0.0	1.0	1.0
26137	0.0	0.8275862068965517	0.2744252873563218	1.0	0.0	0.0	0.7672413793103449	0.8247126436781609	0.0	1.0	0.6364942528735632	0.8347701149425287	0.0	0.0	1.0	1.0	0.0	0.6350574712643678	0.9123563218390804	1.0	0.0	0.17097701149425287	0.9410919540229885	1.0
26138	0.23577235772357724	0.5821138211382114	0.16260162601626016	0.7951219512195122	0.0	0.0	0.7495934959349594	0.7024390243902439	0.0	1.0	1.0	0.5040650406504065	0.0	0.0	1.0	1.0	0.0	0.9528455284552846	0.6520325203252032	1.0	0.11382113821138211	0.24552845528455283	0.8146341463414634	1.0
26139	0.0	0.3892694063926941	0.0	0.9200913242009132	0.0	0.0	0.5513698630136986	0.7226027397260274	0.0	1.0	0.7157534246575342	0.6655251141552512	0.0	0.0	1.0	1.0	0.04908675799086758	0.9794520547945206	0.12557077625570776	1.0	0.1860730593607306	0.0	0.9189497716894978	1.0
26140	0.0	0.3904761904761905	0.0	0.5761904761904761	0.0	0.0	0.3038095238095238	0.5876190476190476	0.0	1.0	1.0	0.5961904761904762	0.3038095238095238	0.23809523809523808	0.9304761904761905	1.0	0.0	0.9904761904761905	0.7904761904761904	1.0	0.09428571428571429	0.0	0.9847619047619047	1.0
26141	0.0	0.38144329896907214	0.0	0.7560137457044673	0.0	0.0	0.6941580756013745	0.4536082474226804	0.0	1.0	1.0	0.3402061855670103	0.0	0.0	1.0	1.0	0.0	1.0	0.7628865979381443	1.0	0.0	0.0	1.0	1.0
26142	0.0	0.5289855072463768	0.0	0.4963768115942029	0.0	0.0	0.0	0.0	0.0	1.0	0.5434782608695652	0.36231884057971014	0.0	0.0	0.9311594202898551	0.9239130434782609	0.0	0.4601449275362319	0.7572463768115942	1.0	0.0	0.0	0.7065217391304348	0.7789855072463768
26143	0.20915032679738563	0.42483660130718953	0.0	0.9869281045751634	0.0	0.0	0.47058823529411764	0.8562091503267973	0.0	0.9934640522875817	0.954248366013072	0.2679738562091503	0.0	0.0	0.27450980392156865	1.0	0.0	1.0	1.0	1.0	0.0	0.6339869281045751	1.0	1.0
26144	0.365296803652968	0.8082191780821918	0.3675799086757991	1.0	0.3972602739726027	0.0	1.0	0.9703196347031964	0.273972602739726	1.0	0.9452054794520548	0.7374429223744292	0.3698630136986301	0.5707762557077626	1.0	1.0	0.0	1.0	0.9657534246575342	1.0	0.0	0.0	1.0	1.0
26145	0.0	0.3289760348583878	0.0	1.0	0.5424836601307189	0.0	0.6535947712418301	0.4531590413943355	0.0	1.0	0.8344226579520697	0.4095860566448802	0.0	0.0	1.0	1.0	0.0	1.0	0.7886710239651417	1.0	0.0	0.0	0.9934640522875817	1.0
26146	0.0	0.8	0.5777777777777777	0.8	0.0	0.0	1.0	0.6044444444444445	0.0	1.0	0.4088888888888889	0.6888888888888889	0.0	0.0	0.9733333333333334	1.0	0.0	1.0	0.5555555555555556	1.0	0.38222222222222224	0.0	1.0	1.0
26147	0.0	0.4215686274509804	0.07352941176470588	0.8774509803921569	0.0	0.0	1.0	0.6936274509803921	0.0	1.0	0.9632352941176471	0.7254901960784313	0.26715686274509803	0.13725490196078433	1.0	1.0	0.0	1.0	1.0	1.0	0.0	0.0	1.0	1.0
26148	0.0	0.6574074074074074	0.337037037037037	0.6796296296296296	0.0	0.0	0.9981481481481481	0.7981481481481482	0.0	1.0	0.7111111111111111	0.4888888888888889	0.0	0.0	0.7555555555555555	1.0	0.0	0.9888888888888889	0.9722222222222222	1.0	0.0	0.0	1.0	1.0
26149	0.0	0.7824463118580766	0.14098972922502334	0.9010270774976658	0.0	0.0	0.7880485527544351	0.7619047619047619	0.0	1.0	0.9514472455648926	0.6928104575163399	0.0765639589169001	0.0	1.0	1.0	0.0	0.9673202614379085	0.900093370681606	1.0	0.0	0.5704948646125116	1.0	1.0
26150	0.0	0.6618004866180048	0.0	0.8807785888077859	0.2773722627737226	0.3844282238442822	0.9562043795620438	0.27007299270072993	0.0	1.0	0.9635036496350365	0.10462287104622871	0.0	0.0827250608272506	1.0	1.0	0.0	0.7639902676399026	1.0	1.0	0.0	0.6982968369829684	0.4209245742092457	1.0
26151	0.0	0.8699186991869918	0.0	0.8699186991869918	0.0	0.0	0.5989159891598916	0.6612466124661247	0.0	0.8319783197831978	0.6558265582655827	0.0	0.0	0.22764227642276422	0.3983739837398374	1.0	0.0	0.8563685636856369	0.0	0.8644986449864499	0.0	0.23848238482384823	0.48509485094850946	0.7913279132791328
26152	0.1082437275985663	0.6587813620071684	0.08888888888888889	0.9756272401433692	0.2164874551971326	0.13046594982078852	0.8150537634408602	0.5318996415770609	0.0974910394265233	1.0	0.8831541218637993	0.5792114695340502	0.07885304659498207	0.33763440860215055	0.9727598566308244	1.0	0.0	1.0	1.0	1.0	0.0	0.1870967741935484	0.9670250896057347	1.0
26153	0.0	0.5233644859813084	0.719626168224299	0.735202492211838	0.3925233644859813	0.0	0.8099688473520249	0.9688473520249221	0.0	1.0	0.8535825545171339	0.0	0.0	0.3177570093457944	1.0	1.0	0.0	1.0	0.7289719626168224	1.0	0.16822429906542055	0.0	1.0	1.0
26154	0.0	0.9082125603864735	0.05314009661835749	1.0	0.0	0.0	0.7584541062801933	0.9082125603864735	0.0	1.0	1.0	0.0	0.0	0.2318840579710145	1.0	1.0	0.0	0.5845410628019324	0.855072463768116	1.0	0.2028985507246377	0.3719806763285024	1.0	1.0
26155	0.0	0.381294964028777	0.7362110311750599	0.4052757793764988	0.0	0.0	0.328537170263789	0.3932853717026379	0.0	1.0	0.5203836930455635	0.9664268585131894	0.22541966426858512	0.0	0.894484412470024	1.0	0.0	0.8345323741007195	0.7721822541966427	1.0	0.0	0.0	0.7410071942446043	1.0
26156	0.0	0.408	0.264	0.84	0.12266666666666666	0.0	0.5564444444444444	0.7546666666666667	0.0	1.0	0.8871111111111111	0.088	0.0	0.0	0.9235555555555556	0.9795555555555555	0.0	0.9582222222222222	0.5475555555555556	1.0	0.0	0.0	0.8648888888888889	1.0
26157	0.0	0.5650406504065041	0.241869918699187	0.8658536585365854	0.0	0.0	0.6300813008130082	0.8983739837398373	0.0	1.0	0.6910569105691057	0.7723577235772358	0.0	0.2967479674796748	1.0	1.0	0.0	1.0	0.23373983739837398	1.0	0.0	0.0	0.9491869918699187	1.0
26158	0.0	0.2753623188405797	0.005797101449275362	0.9478260869565217	0.0	0.0	0.4985507246376812	0.5710144927536231	0.0	1.0	1.0	0.2782608695652174	0.0	0.0	1.0	1.0	0.42318840579710143	0.8434782608695652	0.5304347826086957	1.0	0.0	0.0	1.0	1.0
26159	0.0	0.7407407407407407	0.9851851851851852	0.8518518518518519	0.0	0.0	0.9037037037037037	0.6592592592592592	0.0	1.0	1.0	0.0	0.0	0.0	1.0	1.0	0.0	1.0	0.5851851851851851	1.0	0.0	0.0	1.0	1.0
26160	0.0	0.0	0.5162393162393163	0.9914529914529915	0.20341880341880342	0.0	0.46324786324786327	0.576068376068376	0.0	1.0	0.5470085470085471	0.7538461538461538	0.0	0.0	1.0	1.0	0.0	1.0	0.8085470085470086	1.0	0.0	0.0	0.9418803418803419	1.0
26161	0.0	0.781021897810219	0.2725060827250608	0.5304136253041363	0.058394160583941604	0.046228710462287104	1.0	0.09732360097323602	0.0	1.0	1.0	0.3844282238442822	0.0	0.0	1.0	1.0	0.0	1.0	1.0	1.0	0.0	0.36739659367396593	1.0	1.0
26162	0.0	0.9866666666666667	0.0	1.0	0.0	0.7244444444444444	1.0	0.9511111111111111	0.0	1.0	1.0	0.9066666666666666	0.0	0.0	1.0	1.0	0.0	1.0	1.0	1.0	0.0	0.15555555555555556	1.0	1.0
26163	0.0	0.8579059829059829	0.22008547008547008	0.9850427350427351	0.20512820512820512	0.10897435897435898	0.9989316239316239	0.7681623931623932	0.12179487179487179	1.0	0.8856837606837606	0.6089743589743589	0.10363247863247864	0.3002136752136752	1.0	1.0	0.0	1.0	0.7670940170940171	1.0	0.11217948717948718	0.07158119658119658	0.9754273504273504	1.0
26164	0.0	0.7556346381969158	0.3807829181494662	0.734282325029656	0.02965599051008304	0.17912218268090155	0.730723606168446	0.7354685646500593	0.0	0.8813760379596679	0.7283511269276394	0.498220640569395	0.3475682087781732	0.3902728351126928	0.7900355871886121	0.8813760379596679	0.0	0.6856465005931198	0.6832740213523132	0.9881376037959668	0.21233689205219455	0.41162514827995256	0.8161328588374852	0.9798339264531435
26165	0.0	0.6310432569974554	0.0	0.8880407124681934	0.24681933842239187	0.0	1.0	0.6743002544529262	0.0	1.0	0.9185750636132316	0.8778625954198473	0.0	0.0	1.0	1.0	0.0	1.0	0.3994910941475827	1.0	0.005089058524173028	0.0	1.0	1.0
26166	0.0	0.8038507821901324	0.39229843561973526	0.8567990373044525	0.36341756919374246	0.21419975932611313	0.7569193742478941	0.8339350180505415	0.0	1.0	0.9061371841155235	0.6859205776173285	0.0	0.44404332129963897	0.7003610108303249	1.0	0.0	0.9626955475330926	0.8110709987966306	1.0	0.3104693140794224	0.309265944645006	1.0	1.0
26167	0.0	1.0	0.0	0.44715447154471544	0.0	0.0	1.0	0.4715447154471545	0.0	1.0	0.3008130081300813	0.1991869918699187	0.0	0.0	1.0	1.0	0.0	1.0	1.0	1.0	0.2601626016260163	0.0	0.2926829268292683	1.0
26168	0.0	0.282312925170068	0.0	0.5748299319727891	0.0	0.0	0.02040816326530612	0.42857142857142855	0.0	1.0	0.6292517006802721	0.9795918367346939	0.0	0.0	0.6666666666666666	0.9489795918367347	0.0	1.0	0.5136054421768708	0.9149659863945578	0.0	0.8979591836734694	0.7755102040816326	1.0
26169	0.0	0.8734873487348734	0.0	0.6765676567656765	0.33223322332233224	0.0	0.6347634763476347	0.7865786578657866	0.0	0.9911991199119912	0.922992299229923	0.5544554455445545	0.0	0.1496149614961496	0.8855885588558856	0.9823982398239824	0.0	0.9900990099009901	0.8272827282728272	1.0	0.0	0.0	0.9372937293729373	1.0
26170	0.0	0.48003992015968067	0.43263473053892215	0.8178642714570858	0.0	0.0	0.6751497005988024	0.6417165668662674	0.1506986027944112	1.0	0.8727544910179641	0.6427145708582834	0.07784431137724551	0.1656686626746507	0.9570858283433133	0.9845309381237525	0.0	0.9131736526946108	0.48353293413173654	1.0	0.0	0.1506986027944112	0.8373253493013972	1.0
26171	0.0	0.5546334716459198	0.41770401106500693	0.6473029045643154	0.0	0.13278008298755187	0.6998616874135546	0.48686030428769017	0.0	0.9363762102351314	0.9391424619640387	0.5394190871369294	0.338865836791148	0.15491009681881052	0.6984785615491009	1.0	0.0	1.0	0.8160442600276625	1.0	0.0	0.0	1.0	1.0
26172	0.0	0.4271523178807947	0.2869757174392936	0.9481236203090507	0.0	0.2560706401766004	0.5518763796909493	0.6258278145695364	0.0	1.0	0.6467991169977925	0.4370860927152318	0.31788079470198677	0.0	0.9150110375275938	1.0	0.0	1.0	0.6401766004415012	1.0	0.0	0.16666666666666666	0.891832229580574	1.0
26173	0.0	0.6765498652291105	0.4132973944294699	0.8751123090745733	0.0	0.05840071877807727	0.15813117699910154	0.5480682839173405	0.0	1.0	0.8445642407906558	0.5938903863432166	0.0	0.09074573225516622	0.8122192273135669	1.0	0.0	0.9344115004492363	0.7448337825696316	0.9991015274034142	0.12398921832884097	0.13566936208445643	0.9155435759209344	1.0
26174	0.0	0.5241545893719807	0.4468599033816425	0.7910628019323671	0.0	0.0	0.5857487922705314	0.6968599033816425	0.0	1.0	0.9818840579710145	0.321256038647343	0.0	0.0	0.8115942028985508	0.998792270531401	0.0	0.9927536231884058	0.5603864734299517	1.0	0.11231884057971014	0.0	0.8055555555555556	1.0
26175	0.0	0.512987012987013	0.16233766233766234	0.8304473304473304	0.0	0.0	0.7453102453102453	0.9141414141414141	0.0	1.0	0.7395382395382395	0.36507936507936506	0.0	0.0	0.7907647907647908	1.0	0.0	1.0	0.5533910533910534	1.0	0.08152958152958154	0.0	0.7864357864357865	1.0
26176	0.0	0.14363143631436315	0.5528455284552846	0.6720867208672087	0.3902439024390244	0.0	0.28184281842818426	0.7371273712737128	0.0	1.0	0.8184281842818428	0.3116531165311653	0.17344173441734417	0.2899728997289973	0.7317073170731707	1.0	0.0	1.0	0.967479674796748	1.0	0.0	0.16260162601626016	1.0	1.0
26177	0.0	0.5563380281690141	0.0	0.8145539906103286	0.046948356807511735	0.0	0.7746478873239436	0.49295774647887325	0.0	1.0	0.8145539906103286	0.046948356807511735	0.0	0.0	0.8004694835680751	1.0	0.0	0.9953051643192489	0.7300469483568075	1.0	0.0	0.4835680751173709	0.8779342723004695	1.0
26178	0.16595441595441596	0.42663817663817666	0.30128205128205127	0.7613960113960114	0.0	0.09615384615384616	0.5021367521367521	0.24358974358974358	0.0	1.0	0.7037037037037037	0.2670940170940171	0.0	0.0	0.9529914529914529	0.9266381766381766	0.0	0.9665242165242165	0.8874643874643875	1.0	0.08974358974358974	0.09971509971509972	0.9451566951566952	1.0
26179	0.0	0.0	0.0	0.0	0.0	0.0	0.0	0.0	0.0	0.8472222222222222	0.0	0.6458333333333334	0.0	0.0	0.0	0.0	0.0	0.0	0.0	0.1597222222222222	0.0	0.0	0.0	1.0
26180	0.20939183987682833	0.8906851424172441	0.0731331793687452	1.0	0.0	0.0	0.6335642802155504	0.6913010007698229	0.0	1.0	0.7590454195535027	0.7952270977675134	0.19322555812163203	0.19784449576597382	0.9361046959199384	1.0	0.0	1.0	0.9861431870669746	1.0	0.15935334872979215	0.302540415704388	0.9107005388760585	1.0
26181	0.0	0.3682539682539683	0.4603174603174603	1.0	0.11957671957671957	0.0	0.9682539682539683	0.5238095238095238	0.0	1.0	0.8476190476190476	0.5661375661375662	0.0	0.0	0.9375661375661376	0.9291005291005291	0.0	0.9470899470899471	0.9746031746031746	1.0	0.0	0.13333333333333333	1.0	1.0
26182	0.0	0.7961630695443646	0.38609112709832133	1.0	0.0	0.0	1.0	0.8201438848920863	0.0	0.8848920863309353	0.8465227817745803	0.6522781774580336	0.0	0.0	1.0	1.0	0.0	0.6235011990407674	0.8752997601918465	1.0	0.0	0.0	0.9280575539568345	1.0
26183	0.0	0.6827956989247311	0.24731182795698925	0.9247311827956989	0.0	0.0	0.9704301075268817	0.1532258064516129	0.0	1.0	0.9193548387096774	0.8817204301075269	0.0	0.0	0.7634408602150538	0.9596774193548387	0.0	1.0	0.75	1.0	0.0	0.0	0.7150537634408602	1.0
26184	0.0	0.8053333333333333	0.0	0.9973333333333333	0.0	0.0	1.0	0.688	0.0	1.0	1.0	0.9493333333333334	0.5013333333333333	0.0	1.0	1.0	0.0	1.0	1.0	1.0	0.0	0.0	1.0	1.0
26185	0.0	0.5856992639327024	0.3175604626708728	0.9789695057833859	0.0	0.0	0.8937960042060988	0.7255520504731862	0.0	1.0	0.8180862250262881	0.6403785488958991	0.13564668769716087	0.0	0.9200841219768665	1.0	0.0	1.0	0.647739221871714	1.0	0.3449001051524711	0.3175604626708728	1.0	1.0
26186	0.0	0.4980392156862745	0.6078431372549019	1.0	0.0	0.0	0.9372549019607843	1.0	0.3607843137254902	1.0	1.0	0.5529411764705883	0.6823529411764706	0.0	1.0	1.0	0.0	1.0	1.0	1.0	0.0	0.0	1.0	1.0
26187	0.0	0.46345029239766083	0.5730994152046783	0.9619883040935673	0.0	0.043859649122807015	0.7675438596491229	0.625	0.0	1.0	0.9868421052631579	0.7339181286549707	0.0	0.0	0.9422514619883041	1.0	0.0	1.0	0.7149122807017544	1.0	0.11257309941520467	0.0	0.9502923976608187	1.0
26188	0.0	0.7222222222222222	0.8962962962962963	0.9925925925925926	0.0	0.22962962962962963	0.362962962962963	0.5703703703703704	0.0	1.0	0.7777777777777778	0.16296296296296298	0.0	0.0	0.9148148148148149	1.0	0.0	1.0	0.6444444444444445	1.0	0.0	0.0	1.0	1.0
26189	0.0	0.5990338164251208	0.0	1.0	0.0	0.0	0.9927536231884058	0.857487922705314	0.0	1.0	0.9637681159420289	0.9516908212560387	0.0	0.25120772946859904	1.0	1.0	0.0	1.0	0.714975845410628	1.0	0.0	0.0	1.0	1.0
26190	0.0	0.0	0.4222222222222222	1.0	0.0	0.0	0.9944444444444445	0.3333333333333333	0.0	1.0	0.03333333333333333	0.0	0.0	0.0	0.8333333333333334	1.0	0.0	1.0	0.0	1.0	0.0	0.36666666666666664	1.0	1.0
26191	0.0	0.3333333333333333	0.0	0.9146341463414634	0.0	0.0	0.6544715447154471	0.8373983739837398	0.0	1.0	0.8279132791327913	0.4010840108401084	0.0	0.03929539295392954	0.8902439024390244	0.9322493224932249	0.0	0.7777777777777778	0.48644986449864497	1.0	0.0	0.08807588075880758	0.9092140921409214	1.0
26192	0.0	0.0	0.0	1.0	0.0	0.0	1.0	0.3790849673202614	0.0	1.0	1.0	0.39215686274509803	0.0	0.0	0.8758169934640523	1.0	0.0	1.0	0.0	1.0	0.0	0.0	1.0	1.0
26193	0.0	0.3242424242424242	0.42272727272727273	1.0	0.0	0.0	0.8984848484848484	0.38636363636363635	0.0	1.0	1.0	0.7242424242424242	0.0	0.0	0.9803030303030303	1.0	0.0	0.9727272727272728	0.3212121212121212	1.0	0.0	0.0	0.8878787878787879	1.0
26194	0.0	0.3333333333333333	0.9672131147540983	1.0	0.0	0.0	0.6775956284153005	0.0	0.0	1.0	1.0	0.3114754098360656	0.0	0.0	1.0	1.0	0.0	0.9890710382513661	1.0	1.0	0.0	0.0	1.0	1.0
26195	0.0	0.5899705014749262	0.40117994100294985	1.0	0.0	0.4749262536873156	0.7433628318584071	0.5811209439528023	0.0	1.0	0.6253687315634219	0.6843657817109144	0.0	0.31563421828908556	1.0	1.0	0.0	1.0	1.0	1.0	0.23893805309734514	0.0	1.0	1.0
26196	0.0	0.708994708994709	0.0	0.9047619047619048	0.0	0.0	1.0	1.0	0.0	1.0	0.6455026455026455	0.31746031746031744	0.6931216931216931	0.0	0.9735449735449735	1.0	0.0	1.0	0.6984126984126984	1.0	0.0	0.0	1.0	1.0
26197	0.0	1.0	0.0	0.8695652173913043	0.0	0.0	0.7463768115942029	0.6014492753623188	0.0	0.9347826086956522	1.0	0.043478260869565216	0.0	0.0	1.0	1.0	0.0	1.0	1.0	1.0	0.0	0.0	1.0	1.0
26198	0.0	0.3042071197411003	0.3414239482200647	0.7993527508090615	0.0	0.0	0.8964401294498382	0.6925566343042071	0.0	1.0	0.9660194174757282	0.6618122977346278	0.15048543689320387	0.0	1.0	1.0	0.24433656957928804	0.6601941747572816	0.6909385113268608	1.0	0.0	0.0	0.8592233009708737	0.9935275080906149
26199	0.0	0.6892655367231638	0.0	0.9293785310734464	0.11016949152542373	0.0	0.6779661016949152	0.3135593220338983	0.0	1.0	0.7853107344632768	0.7994350282485876	0.0	0.0	0.9576271186440678	0.9943502824858758	0.0	0.9830508474576272	0.4576271186440678	1.0	0.0	0.0	0.844632768361582	1.0
26200	0.0	0.555008210180624	0.1412151067323481	0.34318555008210183	0.6518883415435139	0.0	0.638752052545156	0.49917898193760263	0.0	0.9852216748768473	0.8916256157635468	0.49917898193760263	0.0	0.0	0.6190476190476191	0.9507389162561576	0.0	0.9802955665024631	0.541871921182266	1.0	0.0049261083743842365	0.0	0.9474548440065681	1.0
26201	0.0	0.29181929181929184	0.14285714285714285	0.49572649572649574	0.0	0.0	0.41147741147741146	0.4700854700854701	0.0	1.0	0.717948717948718	0.1343101343101343	0.11355311355311355	0.0	0.8437118437118437	1.0	0.0	0.9694749694749695	0.5421245421245421	1.0	0.07448107448107448	0.17216117216117216	0.8644688644688645	1.0
26202	0.0	0.4294294294294294	0.0	0.5503003003003003	0.1313813813813814	0.0	0.4391891891891892	0.4984984984984985	0.0	0.954954954954955	0.7972972972972973	0.4767267267267267	0.017267267267267267	0.13438438438438438	0.9834834834834835	1.0	0.0	0.9361861861861862	0.5255255255255256	1.0	0.0	0.15615615615615616	0.9459459459459459	1.0
26203	0.010763888888888889	0.8704861111111111	0.471875	0.9197916666666667	0.0	0.0	0.8392361111111111	0.7010416666666667	0.03680555555555556	1.0	0.90625	0.42743055555555554	0.16041666666666668	0.07430555555555556	0.9458333333333333	1.0	0.0	0.9989583333333333	0.9392361111111112	1.0	0.058333333333333334	0.20625	0.9357638888888888	1.0
26204	0.0	0.7469879518072289	0.42570281124497994	0.964859437751004	0.1214859437751004	0.1465863453815261	0.9618473895582329	0.7791164658634538	0.0	1.0	0.8544176706827309	0.5341365461847389	0.06927710843373494	0.3253012048192771	0.9829317269076305	1.0	0.0	1.0	0.8785140562248996	1.0	0.0	0.17971887550200802	0.9337349397590361	1.0
26205	0.0	0.0	0.7575757575757576	0.0	0.0	0.0	0.9333333333333333	0.8303030303030303	0.0	1.0	0.8606060606060606	0.4727272727272727	0.5757575757575758	0.0	1.0	1.0	0.0	0.9090909090909091	0.8484848484848485	1.0	0.0	0.7333333333333333	0.6727272727272727	1.0
26206	0.0	0.6595744680851063	0.6430260047281324	0.6572104018912529	0.0	0.0	0.9929078014184397	0.9763593380614657	0.0	1.0	0.8794326241134752	0.48699763593380613	0.0	0.13947990543735225	1.0	0.7706855791962175	0.0	1.0	0.8297872340425532	1.0	0.0	0.5011820330969267	0.9976359338061466	1.0
26207	0.0	1.0	0.9234234234234234	0.8738738738738738	0.0	0.0	0.9954954954954955	1.0	0.0	1.0	1.0	0.918918918918919	0.0	0.05405405405405406	1.0	1.0	0.0	1.0	0.972972972972973	1.0	0.3153153153153153	0.0	0.9954954954954955	1.0
26208	0.6331994645247657	0.5568942436412316	0.464524765729585	0.8192771084337349	0.642570281124498	0.1994645247657296	1.0	0.9022757697456493	0.5327978580990629	1.0	0.9598393574297188	0.499330655957162	0.5943775100401606	0.8313253012048193	1.0	0.9410977242302544	0.5943775100401606	0.998661311914324	0.9692101740294511	1.0	0.29451137884872824	0.4390896921017403	1.0	1.0
26209	0.0	0.6444444444444445	0.19555555555555557	1.0	0.0	0.0	0.8266666666666667	0.5022222222222222	0.0	1.0	1.0	0.5422222222222223	0.0	0.0	0.7333333333333333	0.9733333333333334	0.0	0.6933333333333334	0.9555555555555556	1.0	0.0	0.0	0.9777777777777777	1.0
26210	0.0	0.3460837887067395	0.3843351548269581	0.9690346083788707	0.058287795992714025	0.0	0.8816029143897997	0.726775956284153	0.273224043715847	1.0	0.8524590163934426	0.8615664845173042	0.0	0.151183970856102	0.8943533697632058	1.0	0.0	1.0	0.9162112932604736	1.0	0.22950819672131148	0.0	0.9690346083788707	1.0
26211	0.0	0.0	0.3426791277258567	0.6666666666666666	0.0	0.0	0.7258566978193146	0.6355140186915887	0.0	1.0	1.0	0.3613707165109034	0.0	0.0	1.0	1.0	0.0	1.0	0.6292834890965732	1.0	0.37383177570093457	0.5763239875389408	1.0	1.0
26212	0.0	1.0	0.0	0.9456521739130435	0.0	0.0	0.8876811594202898	1.0	0.0	1.0	0.9891304347826086	0.2210144927536232	0.5652173913043478	0.0	1.0	1.0	0.0	1.0	1.0	1.0	0.0	0.0	0.9420289855072463	1.0
26213	0.0	0.549685534591195	0.0	1.0	0.0	0.0	0.9207547169811321	0.5924528301886792	0.0	1.0	0.9081761006289308	0.6138364779874214	0.11069182389937107	0.13836477987421383	1.0	1.0	0.37484276729559746	1.0	1.0	1.0	0.10943396226415095	0.19245283018867926	0.8188679245283019	1.0
26214	0.0	0.7666666666666667	0.3511111111111111	1.0	0.0	0.0	0.7088888888888889	0.5066666666666667	0.0	1.0	1.0	0.5533333333333333	0.4311111111111111	0.0	1.0	1.0	0.0	1.0	0.7555555555555555	1.0	0.33555555555555555	0.4577777777777778	0.88	1.0
26215	0.0	0.6902654867256637	0.0	1.0	0.0	0.0	1.0	1.0	0.0	1.0	1.0	1.0	0.3215339233038348	0.0	1.0	1.0	0.0	1.0	0.48672566371681414	1.0	0.6489675516224189	0.0	0.9970501474926253	1.0
26216	0.0	0.6452991452991453	0.0	0.9615384615384616	0.0	0.0	1.0	0.9487179487179487	0.0	1.0	0.6666666666666666	1.0	0.0	0.0	0.9145299145299145	1.0	0.0	1.0	0.7136752136752137	1.0	0.0	0.0	1.0	1.0
26217	0.6427015250544662	0.8213507625272332	0.4923747276688453	1.0	0.0	0.0	0.9891067538126361	0.24836601307189543	0.0	1.0	0.9215686274509803	0.4117647058823529	0.0	0.0	1.0	1.0	0.0	0.9607843137254902	0.6666666666666666	1.0	0.0	0.23093681917211328	0.8867102396514162	1.0
26218	0.0	0.7120253164556962	0.04430379746835443	0.9082278481012658	0.3259493670886076	0.0	0.8628691983122363	0.8502109704641351	0.0	1.0	1.0	0.9462025316455697	0.09071729957805907	0.08438818565400844	1.0	1.0	0.0	1.0	0.6540084388185654	1.0	0.2510548523206751	0.479957805907173	0.8934599156118144	1.0
26219	0.0	0.8257956448911222	0.152428810720268	0.949748743718593	0.2529313232830821	0.44221105527638194	0.7906197654941374	1.0	0.0	1.0	1.0	0.8241206030150754	0.0	0.21273031825795644	1.0	1.0	0.0	0.8994974874371859	0.8458961474036851	1.0	0.49413735343383586	0.0	1.0	1.0
26220	0.0	0.7560975609756098	0.0	0.959349593495935	0.0	0.0	1.0	0.975609756097561	0.0	1.0	1.0	1.0	0.0	0.0	1.0	1.0	0.0	1.0	0.0	1.0	0.0	0.5203252032520326	1.0	1.0
26221	0.0	1.0	0.0	0.3888888888888889	0.0	0.0	0.49074074074074076	0.7962962962962963	0.0	1.0	0.4537037037037037	0.3425925925925926	0.0	0.0	0.9583333333333334	1.0	0.0	1.0	0.3472222222222222	1.0	0.0	0.9398148148148148	1.0	1.0
26222	0.0	0.7795138888888888	0.21006944444444445	1.0	0.07465277777777778	0.08072916666666667	1.0	0.7682291666666666	0.0	1.0	1.0	0.3671875	0.0	0.17708333333333334	0.9791666666666666	1.0	0.0	0.8411458333333334	0.8949652777777778	1.0	0.07118055555555555	0.04079861111111111	0.9088541666666666	1.0
26223	0.0	0.6174242424242424	0.20075757575757575	0.9867424242424242	0.0	0.0	0.7310606060606061	0.9393939393939394	0.0	1.0	0.8996212121212122	0.5776515151515151	0.7178030303030303	0.0	0.9659090909090909	0.9715909090909091	0.0	1.0	0.6742424242424242	1.0	0.0	0.2765151515151515	1.0	1.0
26224	0.0	0.8168168168168168	0.0	0.8483483483483484	0.0	0.0	1.0	0.9264264264264265	0.0	1.0	0.7642642642642643	0.7387387387387387	0.0	0.0	0.9534534534534534	1.0	0.0	0.9834834834834835	0.7852852852852853	1.0	0.07507507507507508	0.26126126126126126	0.8693693693693694	1.0
26225	0.0	0.5907738095238095	0.15922619047619047	0.8794642857142857	0.0	0.19047619047619047	0.5669642857142857	0.9032738095238095	0.0	1.0	1.0	0.32142857142857145	0.31994047619047616	0.0	1.0	1.0	0.0	0.7023809523809523	1.0	1.0	0.0	0.03571428571428571	0.9479166666666666	1.0
26226	0.25452609158679446	0.8839190628328009	0.6549520766773163	1.0	0.3226837060702875	0.0	0.6240681576144835	0.8136315228966986	0.0	1.0	1.0	0.8668796592119276	0.18423855165069222	0.5282215122470714	0.9733759318423855	1.0	0.0	1.0	0.9691160809371672	1.0	0.0	0.17358892438764642	1.0	1.0
26227	0.0	1.0	0.0	0.8225806451612904	0.0	0.0	0.7096774193548387	0.4435483870967742	0.0	0.9327956989247311	0.9838709677419355	0.5860215053763441	0.0	0.0	0.7365591397849462	1.0	0.0	0.9946236559139785	0.6344086021505376	1.0	0.0	0.0	0.9139784946236559	1.0
26228	0.21236559139784947	0.9018817204301075	0.01478494623655914	0.30913978494623656	0.0	0.0	0.8373655913978495	0.42876344086021506	0.0	1.0	0.6639784946236559	0.21774193548387097	0.0	0.11559139784946236	0.803763440860215	1.0	0.012096774193548387	0.896505376344086	0.9731182795698925	1.0	0.1639784946236559	0.18951612903225806	0.8024193548387096	1.0
26229	0.19751166407465007	0.37636080870917576	0.28149300155520995	0.8377397615344738	0.0	0.03784344219803007	0.7278382581648523	0.5318818040435459	0.0	0.9927423535510628	0.8719543805080352	0.4126490409538621	0.2379471228615863	0.03939865215137377	0.9072058061171592	0.9974079834110938	0.0	0.7071021254536028	0.8564022809745983	1.0	0.09538621047174702	0.38880248833592534	1.0	1.0
26230	0.0	0.16666666666666666	0.0	0.7901234567901234	0.0	0.0	0.2366255144032922	0.7345679012345679	0.0	0.9814814814814815	0.808641975308642	0.33127572016460904	0.0	0.21810699588477367	0.8991769547325102	0.8765432098765432	0.0	0.8477366255144033	0.6378600823045267	1.0	0.0	0.0	0.9732510288065843	1.0
26231	0.0	0.0	0.0	0.5515873015873016	0.0	0.0	0.8849206349206349	0.6111111111111112	0.0	1.0	0.40476190476190477	0.0	0.0	0.0	0.9841269841269841	0.8650793650793651	0.0	0.8809523809523809	0.5595238095238095	1.0	0.0	0.0	1.0	0.9285714285714286
26232	0.6349206349206349	0.626984126984127	0.5529100529100529	0.9788359788359788	0.0	0.0	0.30687830687830686	0.41798941798941797	0.0	1.0	1.0	0.6190476190476191	0.0	0.0	1.0	1.0	0.0	1.0	0.7751322751322751	1.0	0.0	0.0	0.746031746031746	1.0
26233	0.0	0.46108949416342415	0.4066147859922179	0.7821011673151751	0.09208819714656291	0.0	0.7522697795071336	0.7075226977950714	0.0	0.9961089494163424	0.8015564202334631	0.5849546044098574	0.251621271076524	0.0	0.7568093385214008	0.9669260700389105	0.0	0.8813229571984436	0.6271076523994812	1.0	0.0	0.0	0.9396887159533074	1.0
26234	0.0	0.0	0.2072072072072072	1.0	0.0	0.0	0.0	0.5225225225225225	0.0	1.0	0.7747747747747747	0.2072072072072072	0.2072072072072072	0.0	1.0	0.15315315315315314	0.0	0.8108108108108109	0.8108108108108109	1.0	0.918918918918919	0.0	1.0	1.0
26235	0.32264957264957267	0.8525641025641025	0.21367521367521367	0.9967948717948718	0.0	0.16666666666666666	0.9145299145299145	0.7895299145299145	0.0	1.0	0.844017094017094	0.8792735042735043	0.0	0.26495726495726496	0.9989316239316239	1.0	0.0	1.0	0.11431623931623931	1.0	0.09401709401709402	0.2670940170940171	0.9423076923076923	1.0
26236	0.0	0.011299435028248588	0.0	0.7824858757062146	0.1751412429378531	0.0	0.031073446327683617	0.5706214689265536	0.0	1.0	0.5508474576271186	0.5819209039548022	0.0	0.7372881355932204	0.7062146892655368	1.0	0.0	1.0	0.847457627118644	1.0	0.0	0.0	1.0	1.0
26237	0.0	0.48747591522157996	0.6473988439306358	0.558766859344894	0.0	0.0	0.44701348747591524	0.4932562620423892	0.0	1.0	0.9075144508670521	0.35067437379576105	0.0	0.0	0.6589595375722543	0.8959537572254336	0.0	0.8246628131021194	0.4720616570327553	1.0	0.0	0.0	0.7764932562620424	0.8998073217726397
26238	0.0	1.0	0.2638888888888889	0.9861111111111112	0.0	0.0	1.0	0.0	0.0	1.0	0.7569444444444444	0.0	0.0	0.0	0.9861111111111112	1.0	0.0	1.0	0.0	1.0	0.2361111111111111	0.0	1.0	1.0
26239	0.0	0.6377551020408163	0.16156462585034015	1.0	0.0	0.0	0.9472789115646258	0.6768707482993197	0.0	1.0	0.8877551020408163	0.6785714285714286	0.0	0.2925170068027211	1.0	1.0	0.0	1.0	1.0	1.0	0.0	0.0	0.9642857142857143	1.0
26240	0.0	0.6697388632872504	0.22119815668202766	0.880184331797235	0.0	0.0	0.7619047619047619	0.8540706605222734	0.0	1.0	1.0	0.13210445468509985	0.0	0.3486943164362519	0.8970814132104454	0.9923195084485407	0.0	1.0	0.39477726574500765	1.0	0.0	0.0	0.8079877112135176	1.0
26241	0.0	0.5714285714285714	0.0	0.8626373626373627	0.0	0.0	0.43223443223443225	0.6355311355311355	0.0	1.0	0.8205128205128205	0.554945054945055	0.0	0.0	1.0	1.0	0.0	1.0	0.9725274725274725	1.0	0.0	0.4523809523809524	1.0	1.0
26242	0.0	0.0	0.9617486338797814	0.9890710382513661	0.0	0.0	0.9890710382513661	0.08196721311475409	0.0	1.0	1.0	0.0273224043715847	0.0	0.0	1.0	1.0	0.0	0.8360655737704918	0.0	1.0	0.0	0.0	1.0	1.0
26243	0.0	0.23260643821391486	0.2222222222222222	0.7424714434060229	0.0	0.0	0.8411214953271028	0.5295950155763239	0.0	1.0	0.8286604361370716	0.4434060228452752	0.0	0.0	0.833852544132918	0.960539979231568	0.0	0.9345794392523364	0.6500519210799585	1.0	0.0	0.0	0.6355140186915887	0.9771547248182763
26244	0.20155038759689922	0.553832902670112	0.1438415159345392	0.3049095607235142	0.0	0.0	0.5279931093884582	0.5211024978466839	0.0	0.9293712316968131	0.8079242032730405	0.2222222222222222	0.0	0.0	0.4616709732988803	1.0	0.0	0.8001722652885443	0.7088716623600344	1.0	0.0	0.0	0.8320413436692506	1.0
26245	0.0	0.4642313546423135	0.0	0.882800608828006	0.0	0.0	0.7732115677321156	0.7990867579908676	0.0	1.0	0.8797564687975646	0.6971080669710806	0.0	0.121765601217656	1.0	0.9345509893455098	0.0	0.928462709284627	0.3257229832572298	1.0	0.0	0.4550989345509893	0.9786910197869102	1.0
26246	0.0	0.5307328605200946	0.35106382978723405	0.8687943262411347	0.0	0.23995271867612294	0.8617021276595744	0.508274231678487	0.0	1.0	1.0	0.44089834515366433	0.0	0.0	1.0	1.0	0.0	1.0	0.5189125295508275	1.0	0.0	0.0	0.9881796690307328	1.0
26247	0.0	0.5796019900497512	0.3383084577114428	0.8196517412935324	0.05907960199004975	0.13308457711442787	0.48196517412935325	0.5279850746268657	0.0	1.0	0.986318407960199	0.5006218905472637	0.0	0.0	0.8333333333333334	1.0	0.0	0.9788557213930348	0.6200248756218906	1.0	0.0	0.18781094527363185	0.9807213930348259	1.0
26248	0.0	0.6824259789875836	0.16666666666666666	0.8390639923591213	0.0	0.1041069723018147	0.4087870105062082	0.5893027698185291	0.0	1.0	0.833810888252149	0.5487106017191977	0.0	0.15950334288443171	0.9369627507163324	1.0	0.0	0.9183381088825215	0.6800382043935053	0.9961795606494747	0.0	0.0	0.943170964660936	1.0
26249	0.0	0.4423076923076923	0.1266025641025641	0.9887820512820513	0.0	0.0	0.719551282051282	0.8974358974358975	0.0	0.9807692307692307	0.9310897435897436	0.22916666666666666	0.0	0.1891025641025641	0.8557692307692307	0.8701923076923077	0.0	0.9887820512820513	0.9246794871794872	0.9647435897435898	0.0	0.0	0.7307692307692307	0.9423076923076923
26250	0.0	0.0	0.6805555555555556	0.9513888888888888	0.0	0.0	0.7083333333333334	1.0	0.0	1.0	0.0	0.4444444444444444	0.0	0.0	0.2361111111111111	0.9930555555555556	0.0	1.0	0.9861111111111112	1.0	0.0	0.9791666666666666	0.4861111111111111	1.0
26251	0.0	0.2609427609427609	0.5084175084175084	0.8232323232323232	0.0	0.0	0.6851851851851852	0.33164983164983164	0.0	0.9797979797979798	0.9713804713804713	0.3400673400673401	0.0	0.48148148148148145	0.930976430976431	1.0	0.0	1.0	0.5959595959595959	1.0	0.0	0.018518518518518517	0.8636363636363636	1.0
26252	0.0	0.8241469816272966	0.29133858267716534	0.9238845144356955	0.0	0.0	0.3359580052493438	0.7611548556430446	0.0	1.0	0.905511811023622	1.0	0.0	0.0	0.9921259842519685	1.0	0.0	1.0	1.0	1.0	0.0	0.0	1.0	1.0
26253	0.0	0.7379767827529021	0.39800995024875624	0.6749585406301825	0.0	0.23051409618573798	0.9386401326699834	1.0	0.0	1.0	0.7777777777777778	0.41459369817578773	0.0	0.0	0.8059701492537313	1.0	0.24046434494195687	0.9237147595356551	0.37976782752902155	1.0	0.28524046434494194	0.0	0.835820895522388	1.0
26254	0.08994708994708994	0.25502645502645505	0.0	1.0	0.0	0.0	0.9026455026455027	0.9534391534391534	0.0	1.0	0.9185185185185185	0.0	0.0	0.0	0.7714285714285715	1.0	0.31957671957671957	0.9989417989417989	0.1544973544973545	1.0	0.08677248677248678	0.0	0.8952380952380953	1.0
26255	0.0	0.5688888888888889	0.11222222222222222	0.38	0.0	0.0	0.5822222222222222	0.09444444444444444	0.0	0.8555555555555555	0.7633333333333333	0.45555555555555555	0.11777777777777777	0.15555555555555556	0.7411111111111112	0.9588888888888889	0.0	0.8455555555555555	0.8755555555555555	0.9422222222222222	0.0	0.0	0.8622222222222222	0.9422222222222222
26256	0.0	0.49206349206349204	0.9920634920634921	0.7698412698412699	0.0	0.0	0.373015873015873	0.0	0.0	1.0	0.8095238095238095	0.373015873015873	0.0	0.8174603174603174	0.5634920634920635	0.5952380952380952	0.0	1.0	0.9682539682539683	1.0	0.0	0.0	1.0	1.0
26257	0.0	0.5924528301886792	0.1018867924528302	0.9886792452830189	0.0	0.0	0.46540880503144655	0.5031446540880503	0.0	1.0	0.5937106918238994	0.7773584905660378	0.34591194968553457	0.0	1.0	1.0	0.0	0.7283018867924528	0.5886792452830188	1.0	0.18364779874213835	0.3471698113207547	0.8251572327044026	0.9257861635220126
26258	0.03209876543209877	0.5481481481481482	0.0	0.8790123456790123	0.0	0.0	0.7185185185185186	1.0	0.0	1.0	0.5654320987654321	0.16790123456790124	0.0	0.0	1.0	1.0	0.0	1.0	0.7283950617283951	1.0	0.0	0.0	0.9604938271604938	1.0
26259	0.3142857142857143	0.7857142857142857	0.0	0.6714285714285714	0.0	0.0	0.6190476190476191	0.7142857142857143	0.0	1.0	1.0	0.3476190476190476	0.0	0.0	0.9238095238095239	1.0	0.0	0.3142857142857143	0.49523809523809526	1.0	0.0	0.0	1.0	1.0
26260	1.0	0.37037037037037035	0.8024691358024691	0.8950617283950617	0.0	0.0	1.0	0.9320987654320988	0.0	1.0	1.0	1.0	0.0	0.0	1.0	1.0	0.0	1.0	1.0	1.0	0.0	0.0	1.0	1.0
26261	0.0	0.04710144927536232	0.38405797101449274	0.7644927536231884	0.0	0.0	1.0	0.5615942028985508	0.0	0.7282608695652174	0.13405797101449277	0.36231884057971014	0.0	0.0	1.0	1.0	0.0	1.0	0.2028985507246377	1.0	0.0	0.0	0.7681159420289855	1.0
26262	0.0	0.0	0.0	1.0	0.0	0.0	1.0	1.0	0.0	1.0	0.9358974358974359	0.8205128205128205	0.20085470085470086	0.0	0.9572649572649573	1.0	0.0	1.0	0.8504273504273504	1.0	0.0	0.0	1.0	1.0
26263	0.0	0.8168168168168168	0.0	1.0	0.44144144144144143	0.0	0.5705705705705706	0.8648648648648649	0.0	1.0	1.0	0.0	0.0	0.0	0.8708708708708709	1.0	0.0	1.0	0.0	1.0	0.0	0.0	0.2072072072072072	1.0
26264	0.0	0.2948717948717949	0.0	0.33760683760683763	0.45726495726495725	0.0	0.6709401709401709	0.18803418803418803	0.0	1.0	0.9487179487179487	0.004273504273504274	0.0	0.0	0.5598290598290598	1.0	0.0	0.4358974358974359	0.4444444444444444	1.0	0.0	0.0	1.0	1.0
26265	0.0	0.49603174603174605	0.17857142857142858	0.7916666666666666	0.0	0.0	0.48214285714285715	0.49603174603174605	0.0	1.0	0.9543650793650794	0.6686507936507936	0.0	0.0	0.9940476190476191	1.0	0.0	0.9384920634920635	0.5357142857142857	1.0	0.0	0.0	0.8928571428571429	1.0
26266	0.0	0.0	0.29314420803782504	0.8628841607565012	0.0	0.0	0.8226950354609929	0.7115839243498818	0.0	1.0	0.7163120567375887	0.408983451536643	0.0	0.17966903073286053	0.7257683215130024	1.0	0.0	0.9645390070921985	0.9479905437352246	1.0	0.0	0.0	0.9763593380614657	1.0
26267	0.42470389170896783	0.5109983079526227	0.0	0.5905245346869712	0.0	0.0	0.9204737732656514	0.6649746192893401	0.0	1.0	0.9441624365482234	0.5262267343485617	0.16751269035532995	0.0	1.0	1.0	0.0	0.9390862944162437	0.8849407783417935	1.0	0.17597292724196278	0.1218274111675127	0.5076142131979695	1.0
26268	0.0	0.18765432098765433	0.48518518518518516	0.7617283950617284	0.0	0.0	0.8358024691358025	0.6901234567901234	0.0	1.0	0.9790123456790123	0.1962962962962963	0.0	0.0	0.9876543209876543	1.0	0.0	0.9592592592592593	0.5518518518518518	1.0	0.0	0.49382716049382713	0.9901234567901235	1.0
26269	0.0	0.40804597701149425	0.034482758620689655	0.9712643678160919	0.0	0.0	0.6896551724137931	0.9080459770114943	0.0	1.0	1.0	1.0	0.0	0.3563218390804598	0.9080459770114943	0.9482758620689655	0.0	1.0	0.19540229885057472	1.0	0.0	0.0	1.0	1.0
26270	0.4984709480122324	1.0	0.26605504587155965	0.908256880733945	0.3241590214067278	0.0	1.0	0.37003058103975534	0.0	1.0	0.9908256880733946	0.8256880733944955	0.0	0.5107033639143731	1.0	1.0	0.0	1.0	0.8837920489296636	1.0	0.0	0.0	1.0	1.0
26271	0.23738872403560832	0.3669634025717112	0.0	0.7141444114737884	0.10583580613254204	0.0	0.19881305637982197	0.218595450049456	0.0	0.5321463897131553	0.7685459940652819	0.49554896142433236	0.0	0.15924826904055392	0.8397626112759644	0.9693372898120672	0.0	0.6162215628090999	0.20178041543026706	1.0	0.0	0.0	0.7804154302670623	0.9980217606330366
26272	0.0	0.0	0.0	0.6069651741293532	0.0	0.0	0.40298507462686567	0.05970149253731343	0.0	1.0	0.4129353233830846	0.4427860696517413	0.0	0.0	0.746268656716418	1.0	0.0	0.9552238805970149	0.23383084577114427	1.0	0.0	0.0	1.0	1.0
26273	0.0	0.17829457364341086	0.0	0.0	0.0	0.0	0.9457364341085271	1.0	0.0	0.5271317829457365	1.0	0.0	0.0	0.0	0.5813953488372093	1.0	0.0	0.7286821705426356	0.5426356589147286	1.0	0.0	0.5426356589147286	1.0	1.0
26274	0.0	0.5441176470588235	0.1053921568627451	0.8382352941176471	0.0	0.0	0.625	0.8308823529411765	0.0	0.9019607843137255	0.9730392156862745	0.678921568627451	0.0	0.0	0.9950980392156863	1.0	0.0	1.0	0.8774509803921569	1.0	0.0	0.5024509803921569	0.8872549019607843	1.0
26275	0.12573099415204678	0.5738304093567251	0.033625730994152045	0.9539473684210527	0.06578947368421052	0.0	0.8910818713450293	0.9364035087719298	0.0	1.0	0.8625730994152047	0.7763157894736842	0.0	0.07383040935672515	1.0	1.0	0.16739766081871346	0.9612573099415205	0.695906432748538	1.0	0.22514619883040934	0.0	0.9992690058479532	1.0
26276	0.4594594594594595	0.6914414414414415	0.30180180180180183	0.7657657657657657	0.0	0.38063063063063063	0.8783783783783784	0.39864864864864863	0.0	0.963963963963964	0.8018018018018018	0.3963963963963964	0.0	0.0	1.0	0.9369369369369369	0.5315315315315315	0.9369369369369369	0.722972972972973	1.0	0.21171171171171171	0.0	0.9301801801801802	1.0
26277	0.0	0.5947368421052631	0.15789473684210525	0.9666666666666667	0.0	0.0	0.7631578947368421	0.8157894736842105	0.0	1.0	1.0	0.787719298245614	0.24210526315789474	0.0	0.9280701754385965	1.0	0.0	0.8666666666666667	0.9438596491228071	1.0	0.0	0.0	0.9701754385964912	1.0
26278	0.0	0.6565143824027073	0.5516074450084603	0.5414551607445008	0.0	0.01353637901861252	0.9272419627749577	0.5634517766497462	0.0	1.0	0.7478849407783418	0.4856175972927242	0.0	0.0	1.0	1.0	0.0	1.0	0.6835871404399323	1.0	0.116751269035533	0.0	0.961082910321489	1.0
26279	0.0	0.7294117647058823	0.7607843137254902	1.0	0.0	0.0	0.8666666666666667	0.788235294117647	0.0	1.0	1.0	0.7450980392156863	0.17254901960784313	0.5725490196078431	1.0	1.0	0.07058823529411765	0.996078431372549	0.7372549019607844	1.0	0.0	0.07058823529411765	0.8352941176470589	1.0
26280	0.0	0.6570048309178744	0.19806763285024154	0.7053140096618358	0.0	0.0	0.9130434782608695	0.28019323671497587	0.0	1.0	1.0	0.0	0.3188405797101449	0.5990338164251208	1.0	1.0	0.0	1.0	0.7632850241545893	1.0	0.0	0.0	1.0	1.0
26281	0.0	0.38578680203045684	0.6243654822335025	0.8747884940778342	0.0	0.0	0.8037225042301185	0.751269035532995	0.19458544839255498	1.0	1.0	0.5279187817258884	0.0	0.5769881556683587	1.0	1.0	0.0	0.9847715736040609	0.6869712351945855	1.0	0.0	0.25549915397631134	0.8409475465313029	1.0
26282	0.0	0.21274175199089876	0.32195676905574516	0.9613196814562003	0.0	0.0	0.7895335608646189	0.9556313993174061	0.0	1.0	0.9886234357224118	0.14675767918088736	0.0	0.3822525597269625	0.9556313993174061	1.0	0.21387940841865757	1.0	0.8020477815699659	1.0	0.09670079635949944	0.09215017064846416	1.0	1.0
26283	0.0	0.8787878787878788	0.3393939393939394	0.8878787878787879	0.0	0.0	0.703030303030303	0.6787878787878788	0.0	1.0	1.0	0.2878787878787879	0.0	0.0	1.0	0.8242424242424242	0.0	1.0	0.9545454545454546	1.0	0.021212121212121213	0.0	0.906060606060606	1.0
26284	0.0	0.8932291666666666	0.0	1.0	0.0	0.0	0.7526041666666666	0.7760416666666666	0.0	1.0	0.75	0.2578125	0.0	0.2760416666666667	0.859375	1.0	0.0	1.0	0.5	1.0	0.5963541666666666	0.0	0.9270833333333334	1.0
26285	0.0	0.5820512820512821	0.4666666666666667	1.0	0.0	0.0	0.982051282051282	0.735897435897436	0.0	1.0	0.9743589743589743	0.10512820512820513	0.0	0.0	1.0	1.0	0.0	1.0	0.9846153846153847	1.0	0.0	0.0	0.7384615384615385	1.0
26286	0.0	0.4697855750487329	0.571150097465887	0.8421052631578947	0.09551656920077972	0.0	0.7914230019493177	0.41130604288499023	0.0	0.98635477582846	0.8771929824561403	0.6530214424951267	0.0	0.0	1.0	0.9220272904483431	0.0	0.9824561403508771	0.7290448343079922	1.0	0.0	0.0	0.8265107212475633	0.9727095516569201
26287	0.0	0.1686626746506986	0.2904191616766467	1.0	0.0	0.11377245508982035	0.7055888223552894	0.48403193612774453	0.0	1.0	0.8902195608782435	0.7994011976047904	0.0	0.0	1.0	0.9211576846307385	0.0	1.0	0.781437125748503	1.0	0.0	0.0	0.8093812375249501	1.0
26288	0.0	0.8789308176100629	0.23427672955974843	0.9512578616352201	0.0	0.0	0.7672955974842768	0.6666666666666666	0.0	1.0	0.9716981132075472	0.7594339622641509	0.0	0.0	0.9528301886792453	1.0	0.0	0.9386792452830188	0.7515723270440252	1.0	0.0	0.25943396226415094	1.0	1.0
26289	0.0	0.7463126843657817	0.0	0.9262536873156342	0.0	0.0	1.0	0.26253687315634217	0.0	1.0	0.9911504424778761	0.5870206489675516	0.0	0.2831858407079646	1.0	1.0	0.0	1.0	0.56047197640118	1.0	0.0	0.0	0.8141592920353983	1.0
26290	0.10593607305936073	0.6894977168949772	0.1552511415525114	0.7242009132420091	0.14337899543378996	0.17077625570776256	0.8228310502283105	0.43561643835616437	0.0	1.0	0.9680365296803652	0.5981735159817352	0.0	0.0	0.9187214611872146	1.0	0.0	0.9360730593607306	0.593607305936073	1.0	0.1223744292237443	0.0	0.9552511415525115	1.0
26291	0.0	0.6284153005464481	0.0	0.8874316939890711	0.0	0.0	0.9595628415300547	0.7060109289617487	0.0	0.9923497267759562	0.9901639344262295	0.5551912568306011	0.0	0.16174863387978142	0.9628415300546448	0.9967213114754099	0.0	0.9300546448087431	0.7398907103825136	0.9989071038251366	0.0	0.18360655737704917	0.9092896174863389	1.0
26292	0.0	1.0	0.0	1.0	0.0	0.0	0.41545893719806765	0.8309178743961353	0.0	1.0	1.0	0.0	0.8840579710144928	0.028985507246376812	1.0	1.0	0.0	1.0	0.4106280193236715	1.0	0.0	0.0	1.0	1.0
26293	0.1933534743202417	0.5347432024169184	0.0	0.75730110775428	0.0	0.0	0.4984894259818731	0.4259818731117825	0.0	1.0	1.0	0.4038267875125881	0.11581067472306143	0.1500503524672709	0.7844914400805639	0.9818731117824774	0.0	0.904330312185297	0.6918429003021148	1.0	0.3434038267875126	0.3041289023162135	0.9848942598187311	1.0
26294	0.0	0.7345971563981043	0.0	0.9225908372827805	0.30963665086887837	0.0	0.665086887835703	0.5102685624012638	0.0	1.0	1.0	0.37598736176935227	0.42338072669826227	0.0	1.0	1.0	0.0	1.0	0.8625592417061612	1.0	0.0	0.0	0.7393364928909952	1.0
26295	0.0	0.4264531435349941	0.5415183867141162	0.9015421115065243	0.046263345195729534	0.0	0.6008303677342823	0.6619217081850534	0.0	1.0	0.9561091340450771	0.5005931198102017	0.013048635824436536	0.29240806642941874	0.9762752075919335	1.0	0.0	0.9816132858837485	0.6221826809015422	1.0	0.0498220640569395	0.24733096085409254	0.9578884934756821	1.0
26296	0.08945386064030132	0.559322033898305	0.0	0.8634651600753296	0.09887005649717515	0.0	0.4698681732580038	0.664783427495292	0.0	0.9651600753295668	0.940677966101695	0.775894538606403	0.09133709981167608	0.0	0.9821092278719398	0.9689265536723164	0.0	0.9020715630885122	0.6299435028248588	1.0	0.0	0.10263653483992467	1.0	1.0
26297	0.0	0.1179245283018868	0.0	0.9182389937106918	0.0	0.0	0.6226415094339622	0.6949685534591195	0.0	1.0	0.910377358490566	0.6933962264150944	0.15251572327044025	0.0	0.8427672955974843	1.0	0.0	0.7641509433962265	0.8522012578616353	1.0	0.1509433962264151	0.006289308176100629	0.7767295597484277	1.0
26298	0.0	0.5144927536231884	0.0	0.9782608695652174	0.0	0.0	0.2717391304347826	0.8659420289855072	0.0	1.0	0.9963768115942029	0.9311594202898551	0.0	0.0	0.6992753623188406	0.8876811594202898	0.0	1.0	0.8695652173913043	1.0	0.3442028985507246	0.0	0.9311594202898551	1.0
26299	0.0	0.6074074074074074	0.0	0.6666666666666666	0.0	0.0	0.5962962962962963	0.044444444444444446	0.0	1.0	0.5740740740740741	0.0	0.0	0.0	0.8962962962962963	1.0	0.0	0.8592592592592593	0.7518518518518519	1.0	0.0	0.0	0.7481481481481481	1.0
26300	0.0	0.5166666666666667	0.2602564102564103	0.9166666666666666	0.0	0.0	0.9128205128205128	0.4153846153846154	0.0	1.0	0.6243589743589744	0.2512820512820513	0.0	0.0	1.0	1.0	0.0	0.8346153846153846	0.7576923076923077	1.0	0.0	0.1935897435897436	1.0	1.0
26301	0.0	1.0	0.0	1.0	0.0	0.0	1.0	0.3373493975903614	0.0	1.0	0.7951807228915663	0.4939759036144578	0.0	0.0	1.0	1.0	0.0	1.0	1.0	1.0	0.0	0.42570281124497994	0.8594377510040161	1.0
26302	0.0	0.5691358024691358	0.18703703703703703	1.0	0.06358024691358025	0.0	0.6907407407407408	0.9271604938271605	0.16419753086419753	1.0	0.9765432098765432	0.6660493827160494	0.3345679012345679	0.4327160493827161	0.9969135802469136	1.0	0.0	1.0	0.8123456790123457	1.0	0.08518518518518518	0.1469135802469136	1.0	1.0
26303	0.0	0.8577777777777778	0.19333333333333333	0.46444444444444444	0.0	0.1622222222222222	0.7888888888888889	0.6066666666666667	0.0	0.9955555555555555	0.4666666666666667	0.47333333333333333	0.0	0.10444444444444445	0.6244444444444445	1.0	0.0	0.7644444444444445	0.33555555555555555	0.9777777777777777	0.0	0.0	0.7555555555555555	0.8444444444444444
26304	0.09722222222222222	0.0	0.0	0.8564814814814815	0.0	0.0	0.5694444444444444	0.0	0.0	0.8935185185185185	0.8796296296296297	0.05555555555555555	0.0	0.0	0.9305555555555556	0.7777777777777778	0.0	0.5879629629629629	0.0	1.0	0.0	0.0	0.5879629629629629	1.0
26305	0.24472573839662448	1.0	0.0	0.0	0.0	0.0	0.679324894514768	0.5274261603375527	0.0	0.35443037974683544	0.9409282700421941	1.0	0.0	0.0	0.9704641350210971	1.0	0.0	1.0	0.3881856540084388	1.0	0.2616033755274262	0.0	1.0	1.0
26306	0.0	0.2463768115942029	0.24154589371980675	0.961352657004831	0.0	0.0	0.7222222222222222	0.30676328502415456	0.0	1.0	1.0	0.3526570048309179	0.0	0.0	1.0	1.0	0.0	1.0	0.5217391304347826	1.0	0.23671497584541062	0.0	1.0	1.0
26307	0.0	0.0	0.0	0.7857142857142857	0.0	0.0	0.5641025641025641	0.4413919413919414	0.184981684981685	0.9633699633699634	0.9835164835164835	0.0	0.0	0.16483516483516483	0.9706959706959707	0.9175824175824175	0.38644688644688646	0.9468864468864469	0.5897435897435898	1.0	0.0	0.14285714285714285	0.6776556776556777	1.0
26308	0.8352490421455939	0.9578544061302682	0.0	1.0	0.0	0.0	0.2950191570881226	0.8888888888888888	0.0	1.0	0.8007662835249042	0.38697318007662834	0.0	0.3716475095785441	1.0	1.0	0.0	1.0	0.578544061302682	1.0	0.3103448275862069	0.0	1.0	1.0
26309	0.0	0.48737373737373735	0.0	0.9848484848484849	0.0	0.0	0.3484848484848485	0.7929292929292929	0.0	1.0	1.0	0.9873737373737373	0.0	0.0	0.9217171717171717	1.0	0.0	1.0	0.27525252525252525	1.0	0.0	0.0	0.6944444444444444	1.0
26310	0.0	0.49206349206349204	0.4708994708994709	0.8068783068783069	0.0	0.25925925925925924	0.20899470899470898	0.5476190476190477	0.0	0.917989417989418	0.8544973544973545	0.6058201058201058	0.0	0.0	0.9947089947089947	0.8650793650793651	0.46825396825396826	0.917989417989418	0.20899470899470898	1.0	0.0	0.0	0.8412698412698413	0.9973544973544973
26311	0.0	0.46985210466439137	0.03526734926052332	0.9362912400455062	0.0	0.0	0.7906712172923777	0.5790671217292378	0.09670079635949944	1.0	0.9362912400455062	0.7235494880546075	0.0	0.10693970420932879	0.9761092150170648	1.0	0.0	0.8225255972696246	0.7201365187713311	1.0	0.0	0.0	0.7622298065984073	1.0
26312	0.0	0.5289855072463768	0.0	1.0	0.0	0.0	0.6231884057971014	0.0	0.0	1.0	1.0	0.6086956521739131	0.0	0.0	0.9130434782608695	0.5869565217391305	0.0	1.0	0.6811594202898551	1.0	0.0	0.6159420289855072	1.0	1.0
26313	0.0	0.8400900900900901	0.25	0.9369369369369369	0.30855855855855857	0.0	0.8490990990990991	0.8648648648648649	0.0	1.0	0.8423423423423423	0.9527027027027027	0.0	0.0	0.9009009009009009	0.9459459459459459	0.0	0.9279279279279279	0.8130630630630631	1.0	0.0	0.0	1.0	1.0
26314	0.0	0.6666666666666666	0.0	0.0	0.0	0.0	1.0	0.0	0.0	1.0	1.0	0.44680851063829785	0.0	0.0	0.0	1.0	0.0	1.0	0.0	1.0	0.0	0.0	0.900709219858156	1.0
26315	0.0	0.501984126984127	0.30753968253968256	0.9702380952380952	0.08333333333333333	0.0	0.8055555555555556	1.0	0.0	1.0	1.0	0.48412698412698413	0.0	0.0	1.0	1.0	0.0	1.0	0.8988095238095238	1.0	0.36507936507936506	0.0	1.0	1.0
26316	0.0	0.7021857923497268	0.0	0.8415300546448088	0.0	0.0	0.453551912568306	0.726775956284153	0.0	1.0	1.0	0.3114754098360656	0.5491803278688525	0.0	1.0	1.0	0.0	1.0	0.6885245901639344	1.0	0.4180327868852459	0.24043715846994534	0.9098360655737705	1.0
26317	0.0	0.0	0.0	0.0	0.0	0.0	0.0	0.6507936507936508	0.0	1.0	0.0	0.2962962962962963	0.0	0.0	0.0	1.0	0.0	0.5714285714285714	0.0	0.4973544973544973	0.0	0.0	0.0	1.0
26318	0.0	0.0	0.0	1.0	0.0	0.11267605633802817	0.647887323943662	0.6666666666666666	0.0	1.0	0.5727699530516432	0.4460093896713615	0.2300469483568075	0.0	0.2535211267605634	1.0	0.0	1.0	0.0	1.0	0.0	0.7887323943661971	1.0	1.0
26319	0.0	0.4716859716859717	0.07915057915057915	0.8603603603603603	0.2232947232947233	0.0	0.5945945945945946	0.5617760617760618	0.0	1.0	0.8307593307593307	0.2805662805662806	0.0	0.28185328185328185	0.8410553410553411	1.0	0.0	0.974903474903475	0.6499356499356499	1.0	0.0	0.0	0.6891891891891891	1.0
26320	0.0	0.46037982973149966	0.3189259986902423	0.796332678454486	0.1696136214800262	0.0	0.48002619515389655	0.6627373935821873	0.0	1.0	0.9862475442043221	0.4073346430910282	0.0	0.12901113294040603	0.8991486574983628	1.0	0.0	0.9796987557301899	0.7799607072691552	1.0	0.0	0.12508185985592665	0.6843483955468238	1.0
26321	0.0	0.011764705882352941	0.5568627450980392	1.0	0.0	0.0	0.611764705882353	0.3156862745098039	0.0	1.0	0.888235294117647	0.6235294117647059	0.0	0.0	0.807843137254902	1.0	0.0	0.9705882352941176	0.1	1.0	0.0	0.0	0.7725490196078432	1.0
26322	0.0	0.4772727272727273	0.0	0.5075757575757576	0.0	0.0	0.38636363636363635	0.9545454545454546	0.0	1.0	0.5151515151515151	0.0	0.0	0.6287878787878788	0.5151515151515151	0.0	0.0	0.7727272727272727	0.8106060606060606	1.0	0.0	0.0	0.9696969696969697	0.45454545454545453
26323	0.0	0.0	0.0	0.0	0.0	0.0	0.21505376344086022	0.8172043010752689	0.0	1.0	0.34767025089605735	0.0	0.0	0.0	0.0	0.7741935483870968	0.0	0.3118279569892473	0.0	1.0	0.0	0.0	0.7670250896057348	1.0
26324	0.0	0.0	0.0	0.03571428571428571	0.0	0.0	0.875	1.0	0.0	1.0	1.0	0.75	0.0	0.0	0.75	0.9464285714285714	0.0	1.0	0.0	1.0	0.0	0.0	1.0	1.0
26325	0.0	0.54	0.0	0.912	0.124	0.0	0.8946666666666667	0.39066666666666666	0.0	1.0	1.0	0.408	0.0	0.156	0.9373333333333334	0.9973333333333333	0.0	0.844	0.692	1.0	0.12666666666666668	0.0	0.608	1.0
26326	0.0	0.6794871794871795	0.0	0.7193732193732194	0.0	0.10256410256410256	0.9814814814814815	0.31339031339031337	0.0	1.0	0.9373219373219374	0.6282051282051282	0.37037037037037035	0.0	0.9188034188034188	1.0	0.0	0.9245014245014245	0.31339031339031337	1.0	0.23219373219373218	0.4031339031339031	0.9743589743589743	1.0
26327	0.5578703703703703	0.6851851851851852	0.3449074074074074	0.9583333333333334	0.6319444444444444	0.20601851851851852	0.7361111111111112	0.44212962962962965	0.0	1.0	0.9282407407407407	0.2962962962962963	0.0	0.0	0.9004629629629629	1.0	0.0	1.0	0.5162037037037037	1.0	0.0	0.0	0.8356481481481481	1.0
26328	0.0	0.16417910447761194	0.0	0.7611940298507462	0.0	0.0	0.2885572139303483	0.4079601990049751	0.0	1.0	1.0	0.0	0.0	0.0	1.0	1.0	0.0	1.0	0.9701492537313433	1.0	0.0	0.6766169154228856	0.945273631840796	1.0
26329	0.0	0.725	0.0	0.8333333333333334	0.0	0.0	1.0	1.0	0.0	1.0	1.0	0.0	0.0	0.8083333333333333	1.0	1.0	0.0	1.0	1.0	1.0	0.0	0.0	1.0	1.0
26330	0.6781609195402298	0.16283524904214558	0.0	0.49616858237547895	0.20114942528735633	0.0	0.3773946360153257	0.8946360153256705	0.0	1.0	0.9329501915708812	0.6398467432950191	0.0	0.0	1.0	1.0	0.0	0.8812260536398467	0.6551724137931034	1.0	0.0	0.0	0.9616858237547893	1.0
26331	0.0	0.3004115226337449	0.0	0.9670781893004116	0.0	0.0	0.6131687242798354	0.588477366255144	0.0	0.9917695473251029	0.7119341563786008	0.6460905349794238	0.0	0.04526748971193416	1.0	0.9670781893004116	0.0	1.0	0.0	1.0	0.0	1.0	1.0	1.0
26332	0.0	0.7137681159420289	0.0	0.8333333333333334	0.0	0.0	0.4082125603864734	0.5785024154589372	0.0	1.0	0.7862318840579711	0.7137681159420289	0.0	0.06642512077294686	0.7717391304347826	1.0	0.0	1.0	0.0	1.0	0.022946859903381644	0.1823671497584541	0.9710144927536232	1.0
26333	0.0	0.9013605442176871	0.0	0.9404761904761905	0.0	0.0	0.6887755102040817	0.32482993197278914	0.0	1.0	0.9098639455782312	0.641156462585034	0.21768707482993196	0.0	1.0	1.0	0.0	1.0	0.70578231292517	1.0	0.0	0.0	0.9421768707482994	1.0
26334	0.0	0.8554216867469879	0.0	0.8273092369477911	0.1566265060240964	0.0	0.6104417670682731	0.7188755020080321	0.0	1.0	0.7429718875502008	1.0	0.0	0.0	1.0	1.0	0.0	1.0	0.8554216867469879	1.0	0.03614457831325301	0.5220883534136547	1.0	1.0
26335	0.0	0.5501683501683502	0.05858585858585859	0.6397306397306397	0.0	0.0	0.5488215488215489	0.33535353535353535	0.0	0.9925925925925926	0.5595959595959596	0.3515151515151515	0.0	0.0	0.8740740740740741	0.9407407407407408	0.0	0.7643097643097643	0.3245791245791246	1.0	0.0	0.0531986531986532	0.8801346801346801	1.0
26336	0.0	0.39886039886039887	0.5128205128205128	0.2564102564102564	0.0	0.0	0.6894586894586895	0.7521367521367521	0.0	0.9173789173789174	0.6809116809116809	0.2336182336182336	0.0	0.0	0.8917378917378918	0.9943019943019943	0.0	0.7749287749287749	0.36182336182336183	1.0	0.0	0.011396011396011397	0.5555555555555556	1.0
26337	0.0	0.6339004410838059	0.2659105229993699	0.7712665406427222	0.08695652173913043	0.0	0.7851291745431632	0.5677378701953372	0.0	1.0	0.6943919344675489	0.27032136105860116	0.0	0.05419029615626969	0.84940138626339	1.0	0.0	0.8323881537492124	0.9363579080025205	1.0	0.06049149338374291	0.0	0.8764965343415249	1.0
26338	0.0	1.0	0.0	0.46735395189003437	0.0	0.0	0.38831615120274915	0.024054982817869417	0.0	1.0	0.7972508591065293	0.563573883161512	0.0	0.4879725085910653	0.9037800687285223	1.0	0.0	0.20618556701030927	0.5189003436426117	1.0	0.0	0.3951890034364261	0.9518900343642611	1.0
26339	0.2765567765567766	0.8644688644688645	0.0	0.7765567765567766	0.326007326007326	0.0	0.4358974358974359	0.8168498168498168	0.0	1.0	0.8021978021978022	0.08974358974358974	0.0	0.3791208791208791	0.9102564102564102	1.0	0.2765567765567766	1.0	0.8791208791208791	1.0	0.3516483516483517	0.1391941391941392	0.8003663003663004	1.0
26340	0.0	0.6185567010309279	0.0	0.9587628865979382	0.0	0.0	0.8350515463917526	0.43470790378006874	0.0	0.9037800687285223	0.39347079037800686	0.2663230240549828	0.20103092783505155	0.0	0.7869415807560137	1.0	0.0	0.4879725085910653	0.6391752577319587	1.0	0.0	0.4072164948453608	1.0	1.0
26341	0.4891067538126362	0.9814814814814815	0.6263616557734205	0.7233115468409586	0.0	0.03594771241830065	0.8714596949891068	0.8061002178649237	0.12309368191721133	1.0	0.8779956427015251	0.840958605664488	0.0	0.4673202614379085	0.9509803921568627	0.985838779956427	0.30392156862745096	0.9553376906318083	0.7745098039215687	1.0	0.0	0.3202614379084967	0.9782135076252724	1.0
26342	0.0	0.0	0.0	0.7635135135135135	0.0	0.0	0.0	0.4391891891891892	0.0	0.9594594594594594	0.0	0.0	0.0	0.0	0.5112612612612613	1.0	0.5630630630630631	0.8918918918918919	0.3400900900900901	0.8963963963963963	0.0	0.3400900900900901	0.2747747747747748	0.9774774774774775
26343	0.0	0.6949152542372882	0.0	0.9152542372881356	0.4011299435028249	0.0	0.8531073446327684	0.35969868173258	0.2598870056497175	1.0	0.9227871939736346	0.975517890772128	0.1977401129943503	0.943502824858757	1.0	1.0	0.0	1.0	0.9811676082862524	1.0	0.0	0.0	1.0	1.0
26344	0.0	0.3803418803418803	0.0	0.8205128205128205	0.0	0.0	0.5811965811965812	0.5512820512820513	0.0	1.0	1.0	0.0	0.0	0.04700854700854701	1.0	1.0	0.0	0.5384615384615384	0.21367521367521367	1.0	0.0	0.0	0.23504273504273504	1.0
26345	0.0	0.6637426900584795	0.4853801169590643	0.9444444444444444	0.0	0.3654970760233918	0.9298245614035088	0.36257309941520466	0.0	1.0	0.7690058479532164	0.017543859649122806	0.0	0.23391812865497075	1.0	1.0	0.0	1.0	1.0	1.0	0.06140350877192982	0.0	0.9035087719298246	1.0
26346	0.4697986577181208	0.9776286353467561	0.6823266219239373	1.0	0.0	0.0	0.6420581655480985	1.0	0.0	1.0	1.0	1.0	0.0	0.33557046979865773	1.0	1.0	0.0	1.0	0.9149888143176734	1.0	0.3378076062639821	0.7628635346756152	1.0	1.0
26347	0.0	0.27204783258594917	0.005979073243647235	0.34080717488789236	0.0	0.0	0.9835575485799701	0.3423019431988042	0.0	0.9985052316890882	0.4977578475336323	0.2406576980568012	0.0	0.0	0.648729446935725	0.9566517189835575	0.0	0.8475336322869955	0.7668161434977578	1.0	0.0	0.0	0.9641255605381166	1.0
26348	0.0	0.2824858757062147	0.0	0.5423728813559322	0.0	0.0	0.8135593220338984	0.0	0.0	1.0	1.0	1.0	0.0	0.0	0.12429378531073447	0.9209039548022598	0.11864406779661017	1.0	0.9096045197740112	1.0	0.0	0.4576271186440678	0.5932203389830508	0.9774011299435028
26349	0.0	0.6787878787878788	0.0	0.3424242424242424	0.0	0.0	0.5424242424242425	0.5060606060606061	0.0	0.9515151515151515	0.5878787878787879	0.3575757575757576	0.0	0.0	0.4484848484848485	0.4818181818181818	0.0	0.8484848484848485	0.5151515151515151	0.8363636363636363	0.0	0.0	0.0	0.8757575757575757
26350	0.0	0.3082706766917293	0.5764411027568922	0.7468671679197995	0.0	0.0	0.7694235588972431	0.0	0.0	0.5363408521303258	0.6892230576441103	0.37343358395989973	0.24561403508771928	0.0	0.2832080200501253	0.9147869674185464	0.0	0.506265664160401	0.16040100250626566	0.9122807017543859	0.0	0.0	0.5012531328320802	0.9824561403508771
26351	0.0	0.19727891156462585	0.0	1.0	0.0	0.0	0.0	0.48299319727891155	0.0	1.0	1.0	0.6802721088435374	0.0	0.0	1.0	1.0	0.0	0.7074829931972789	1.0	1.0	0.0	0.0	0.8163265306122449	1.0
26352	0.0	0.8358585858585859	0.23737373737373738	0.9141414141414141	0.0	0.0	1.0	0.8813131313131313	0.0	1.0	0.8484848484848485	0.5808080808080808	0.0	0.0	1.0	1.0	0.0	1.0	0.8156565656565656	1.0	0.0	0.0	0.9040404040404041	1.0
26353	0.0	0.8556547619047619	0.29389880952380953	0.9337797619047619	0.12425595238095238	0.07738095238095238	0.7857142857142857	0.7507440476190477	0.0	1.0	0.9538690476190477	0.3385416666666667	0.21800595238095238	0.4055059523809524	0.9308035714285714	0.9605654761904762	0.0	0.953125	0.9233630952380952	1.0	0.22916666666666666	0.11235119047619048	1.0	1.0
26354	0.3072463768115942	0.6057971014492753	0.0	0.6927536231884058	0.2318840579710145	0.0	0.3188405797101449	0.7536231884057971	0.0	1.0	0.8115942028985508	0.5768115942028985	0.25217391304347825	0.0	0.8753623188405797	1.0	0.0	1.0	0.6985507246376812	1.0	0.0	0.0	0.8956521739130435	1.0
26355	0.0	0.49765258215962443	0.0	0.9295774647887324	0.0	0.0	0.5422535211267606	0.784037558685446	0.0	1.0	1.0	0.30985915492957744	0.0	0.0	0.8826291079812206	0.9131455399061033	0.0	1.0	0.568075117370892	1.0	0.0	0.3544600938967136	1.0	1.0
26356	0.0	0.8556430446194225	0.0	0.989501312335958	0.0	0.0	0.6115485564304461	0.7795275590551181	0.0	1.0	1.0	0.41732283464566927	0.0	0.0	0.6745406824146981	1.0	0.0	1.0	0.7926509186351706	1.0	0.0	0.0	0.910761154855643	1.0
26357	0.0	0.0	0.0	1.0	0.0	0.0	0.9907407407407407	0.1712962962962963	0.0	1.0	1.0	0.5324074074074074	0.0	0.6712962962962963	0.8935185185185185	1.0	0.0	1.0	1.0	1.0	0.0	0.0	0.9074074074074074	1.0
26358	0.0	0.03140096618357488	0.0	0.6884057971014492	0.0	0.0	0.8599033816425121	0.5410628019323671	0.0	1.0	0.7391304347826086	0.27053140096618356	0.0024154589371980675	0.0	0.9492753623188406	1.0	0.0	1.0	0.45410628019323673	1.0	0.5410628019323671	0.41304347826086957	1.0	1.0
26359	0.0	0.5688888888888889	0.0	0.8644444444444445	0.23555555555555555	0.0	0.8361111111111111	0.6194444444444445	0.0	1.0	0.7061111111111111	0.43555555555555553	0.0	0.06111111111111111	0.9355555555555556	1.0	0.0	1.0	0.6061111111111112	1.0	0.04833333333333333	0.09777777777777778	0.9783333333333334	1.0
26360	0.0	0.7672413793103449	0.3103448275862069	1.0	0.0	0.0	0.0	0.10057471264367816	0.0	1.0	1.0	0.5488505747126436	0.0	0.0	1.0	1.0	0.0	0.8419540229885057	0.9827586206896551	1.0	0.0	0.4339080459770115	0.7528735632183908	1.0
26361	0.0	0.44366197183098594	0.0	0.5915492957746479	0.0	0.0	0.795774647887324	0.863849765258216	0.0	1.0	0.8708920187793427	0.34976525821596244	0.0	0.0	1.0	1.0	0.0	0.9389671361502347	0.6901408450704225	1.0	0.0	0.5845070422535211	1.0	1.0
26362	0.13286713286713286	0.5524475524475524	0.20512820512820512	0.6798756798756799	0.022533022533022532	0.08003108003108003	0.9603729603729604	0.35975135975135974	0.0	0.9502719502719502	0.9914529914529915	0.37373737373737376	0.0	0.09634809634809635	0.7435897435897436	1.0	0.0	1.0	0.6604506604506605	1.0	0.0	0.0	0.986013986013986	1.0
26363	0.3546099290780142	0.6276595744680851	0.0	0.874113475177305	0.19858156028368795	0.0	0.7411347517730497	0.30851063829787234	0.0	0.9095744680851063	0.6099290780141844	0.5195035460992907	0.0	0.0	0.6595744680851063	0.9219858156028369	0.0	0.5514184397163121	0.4574468085106383	0.874113475177305	0.0	0.0	0.8067375886524822	0.9326241134751773
26364	0.0	0.7103174603174603	0.35119047619047616	1.0	0.16071428571428573	0.0	1.0	1.0	0.0	1.0	0.5833333333333334	0.8809523809523809	0.17857142857142858	0.0	0.9702380952380952	1.0	0.0	0.9722222222222222	0.8333333333333334	1.0	0.5079365079365079	0.0	0.9920634920634921	1.0
26365	0.2930648769574944	1.0	0.680089485458613	1.0	0.0	0.22371364653243847	0.7897091722595079	1.0	0.040268456375838924	1.0	1.0	0.9932885906040269	0.6085011185682326	0.3579418344519016	1.0	1.0	0.3378076062639821	1.0	0.9843400447427293	1.0	0.7225950782997763	0.40939597315436244	1.0	1.0
26366	0.0	0.9485199485199485	0.0	0.712998712998713	0.0	0.0	0.9279279279279279	0.5405405405405406	0.11583011583011583	1.0	1.0	0.6653796653796654	0.5006435006435006	0.10810810810810811	0.8983268983268984	1.0	0.0	0.9253539253539254	0.8661518661518661	1.0	0.2084942084942085	0.2548262548262548	0.918918918918919	1.0
26367	0.0	0.43478260869565216	0.0	0.4057971014492754	0.0	0.0	0.0	1.0	0.0	0.9927536231884058	1.0	1.0	0.0	0.0	1.0	1.0	0.0	1.0	1.0	1.0	0.0	0.3188405797101449	1.0	1.0
26368	0.0	0.24166666666666667	0.4875	1.0	0.0	0.0	0.5416666666666666	0.2875	0.0	1.0	1.0	0.9958333333333333	0.0	0.7875	0.95	1.0	0.0	1.0	1.0	1.0	0.0	0.7041666666666667	1.0	1.0
26369	0.0	0.7142857142857143	0.0	0.0	0.0	0.0	1.0	0.9523809523809523	0.0	1.0	0.6190476190476191	0.8231292517006803	0.46258503401360546	0.0	0.7687074829931972	1.0	0.0	1.0	1.0	1.0	0.0	1.0	0.9251700680272109	1.0
26370	0.26297273526824977	0.7423043095866315	0.3324538258575198	0.9331574318381706	0.0	0.0	0.8671943711521548	0.6288478452066842	0.0	1.0	0.8839050131926122	0.2559366754617414	0.1442392260334213	0.5259454705364995	0.8988566402814424	0.9199648197009674	0.0	0.9753737906772207	0.6103781882145998	1.0	0.0	0.0	0.9727352682497801	1.0
26371	0.0	0.9732441471571907	0.22519509476031216	0.8093645484949833	0.0	0.0	1.0	0.862876254180602	0.0	1.0	0.9899665551839465	0.5785953177257525	0.0	0.0	0.9933110367892977	1.0	0.12597547380156077	1.0	0.6923076923076923	1.0	0.0	0.16833890746934224	0.8573021181716833	1.0
26372	0.0	0.5945273631840796	0.0	0.7089552238805971	0.0	0.0	0.26616915422885573	0.7686567164179104	0.0	1.0	0.43283582089552236	0.8432835820895522	0.0	0.6019900497512438	0.9875621890547264	1.0	0.0	0.9104477611940298	0.03233830845771144	1.0	0.0	0.7263681592039801	0.9203980099502488	0.9776119402985075
26373	0.0	0.6762936221419976	0.0	0.9939831528279182	0.0	0.1684717208182912	0.8965102286401926	0.7809867629362214	0.0	1.0	0.98676293622142	0.555956678700361	0.0	0.12394705174488568	0.8616125150421179	1.0	0.0	0.9759326113116726	0.457280385078219	1.0	0.1684717208182912	0.08784596871239471	0.9831528279181708	1.0
26374	0.2644927536231884	0.8695652173913043	0.6268115942028986	1.0	0.0	0.0	0.5652173913043478	0.8460144927536232	0.0	1.0	0.8804347826086957	0.4945652173913043	0.08333333333333333	0.0	0.9003623188405797	1.0	0.0	1.0	0.6811594202898551	1.0	0.0	0.0	0.9112318840579711	1.0
26375	0.006514657980456026	0.6308360477741585	0.08794788273615635	0.7730727470141151	0.00760043431053203	0.0	0.17046688382193267	0.6992399565689468	0.0	1.0	0.8002171552660152	0.7111834961997828	0.10749185667752444	0.19218241042345277	0.9381107491856677	1.0	0.0	1.0	0.5439739413680782	1.0	0.17155266015200868	0.0	0.8849077090119435	1.0
26376	0.14422158548233047	0.7297039159503342	0.29608404966571156	0.8834765998089781	0.0	0.4068767908309456	0.8997134670487106	0.8548233046800382	0.0	1.0	0.9990448901623686	0.37917860553963706	0.0	0.10888252148997135	0.9426934097421203	1.0	0.0	1.0	0.5921680993314231	1.0	0.3027698185291309	0.0	1.0	1.0
26377	0.0	0.0	0.4069767441860465	1.0	0.0	0.0	0.4573643410852713	0.7441860465116279	0.0	1.0	1.0	0.5775193798449613	0.0	0.5813953488372093	1.0	1.0	0.0	1.0	0.0	1.0	0.26356589147286824	0.0	0.8565891472868217	1.0
26378	0.42625368731563423	0.6828908554572272	0.15191740412979352	0.9321533923303835	0.0	0.0	0.8023598820058997	0.6843657817109144	0.0	1.0	0.9218289085545722	0.4218289085545723	0.18289085545722714	0.19616519174041297	1.0	1.0	0.0	0.9690265486725663	0.8215339233038348	1.0	0.0	0.2640117994100295	0.93952802359882	1.0
26379	0.199203187250996	0.6454183266932271	0.39176626826029215	0.8379814077025233	0.0	0.0	0.749003984063745	0.602921646746348	0.0	0.9893758300132802	0.9654714475431607	0.7795484727755644	0.15405046480743692	0.22177954847277556	0.852589641434263	0.9561752988047809	0.0	0.9561752988047809	0.8711819389110226	1.0	0.010624169986719787	0.2868525896414343	0.8937583001328021	0.9588313413014609
26380	0.0	0.990990990990991	0.0	1.0	0.0	0.0	0.972972972972973	0.17117117117117117	0.0	1.0	1.0	1.0	0.0	0.0	0.972972972972973	1.0	0.0	1.0	0.9099099099099099	1.0	0.5135135135135135	0.7657657657657657	1.0	1.0
26381	0.0	0.6518883415435139	0.0	0.9556650246305419	0.0	0.17405582922824303	0.32676518883415434	0.8111658456486043	0.0	1.0	0.9983579638752053	0.6551724137931034	0.2742200328407225	0.14942528735632185	0.8357963875205254	1.0	0.0	0.9113300492610837	0.9950738916256158	1.0	0.0	0.0	0.9474548440065681	1.0
26382	0.0	0.8888888888888888	0.0	1.0	0.0	0.0	0.18018018018018017	0.4984984984984985	0.0	1.0	0.8828828828828829	0.3843843843843844	0.27627627627627627	0.6366366366366366	1.0	1.0	0.0	0.8588588588588588	0.993993993993994	1.0	0.0	0.0	0.9819819819819819	1.0
26383	0.0	0.9973118279569892	0.43548387096774194	0.9838709677419355	0.0	0.0	1.0	0.7580645161290323	0.5	1.0	1.0	0.11559139784946236	0.0	0.0	1.0	1.0	0.0	1.0	0.6639784946236559	1.0	0.11559139784946236	0.11021505376344086	0.946236559139785	1.0
26384	0.0	0.75625	0.0	0.88125	0.0	0.0	0.10416666666666667	0.4708333333333333	0.21666666666666667	0.9666666666666667	0.9645833333333333	0.3333333333333333	0.0	0.0	0.8375	1.0	0.0	0.49583333333333335	0.3145833333333333	1.0	0.0	0.0	0.9458333333333333	1.0
26385	0.0	0.6587301587301587	0.0	0.6944444444444444	0.3253968253968254	0.0	0.44841269841269843	0.5158730158730159	0.0	1.0	1.0	0.5396825396825397	0.0	0.11904761904761904	1.0	1.0	0.0	1.0	0.5992063492063492	1.0	0.0	0.0	1.0	1.0
26386	0.0	0.4953495349534954	0.0888088808880888	0.882988298829883	0.0	0.04770477047704771	0.6597659765976598	0.45694569456945694	0.043804380438043806	1.0	0.9267926792679267	0.30933093309330933	0.09510951095109511	0.06030603060306031	0.9525952595259526	0.990999099909991	0.0	0.9894989498949895	0.49684968496849685	1.0	0.07650765076507651	0.22592259225922592	0.8196819681968197	1.0
26387	0.0	0.666096378671229	0.2631879098944967	0.8172226974622184	0.0	0.0	0.6504134587966923	0.6238950670088395	0.03051040775591674	0.9660678642714571	0.8899344168805247	0.5546050755631594	0.049044767607641856	0.24636441402908468	0.7901340176789279	0.9863130881094953	0.0	0.9033361847733106	0.5771314513829484	1.0	0.0504704875962361	0.02879954376960365	0.8391787852865698	1.0
26388	0.0	0.9290780141843972	0.2765957446808511	0.9858156028368794	0.21631205673758866	0.2429078014184397	0.9450354609929078	0.9946808510638298	0.0	1.0	0.975177304964539	0.7978723404255319	0.0	0.0	0.9184397163120568	1.0	0.0	0.898936170212766	0.6347517730496454	1.0	0.16134751773049646	0.0	0.9042553191489362	1.0
26389	0.19111111111111112	0.49333333333333335	0.36	0.9244444444444444	0.0	0.013333333333333334	1.0	0.8755555555555555	0.0	1.0	1.0	1.0	0.0	0.0	1.0	1.0	0.0	1.0	0.0	1.0	0.0	0.0	1.0	1.0
26390	0.0	0.0428380187416332	0.31994645247657294	1.0	0.0	0.0	0.9531459170013387	1.0	0.0	1.0	0.8259705488621151	0.7911646586345381	0.10174029451137885	0.20214190093708165	1.0	0.9504685408299867	0.4042838018741633	1.0	0.48460508701472554	1.0	0.0	0.30655957161981257	0.9812583668005355	1.0
26391	0.0	0.4897959183673469	0.0	1.0	0.0	0.0	0.195578231292517	0.7755102040816326	0.0	1.0	0.8996598639455783	0.826530612244898	0.0	0.20748299319727892	0.9319727891156463	1.0	0.0	1.0	1.0	1.0	0.0	0.0	1.0	1.0
26392	0.0	1.0	0.0	0.5348837209302325	0.0	0.0	0.17054263565891473	0.023255813953488372	0.0	1.0	1.0	0.0	0.0	0.0	0.9767441860465116	1.0	0.0	1.0	0.751937984496124	1.0	0.0	0.0	1.0	1.0
26393	0.0	0.678763440860215	0.0	0.37231182795698925	0.0	0.0	0.5685483870967742	0.4381720430107527	0.0	0.9838709677419355	0.842741935483871	0.6491935483870968	0.0	0.17069892473118278	0.9610215053763441	1.0	0.0	0.9663978494623656	0.0	1.0	0.0	0.20295698924731181	0.8266129032258065	0.9758064516129032
26394	0.0	0.484375	0.0	0.8619791666666666	0.0	0.24739583333333334	0.5442708333333334	0.7526041666666666	0.0	1.0	0.9661458333333334	0.4505208333333333	0.3177083333333333	0.0	0.9088541666666666	1.0	0.0	0.9973958333333334	0.7161458333333334	1.0	0.0	0.0	0.875	0.984375
26395	0.0	0.9931972789115646	0.07482993197278912	1.0	0.0	0.0	1.0	0.6122448979591837	0.0	1.0	0.7346938775510204	0.9591836734693877	0.0	0.0	1.0	0.8809523809523809	0.0	1.0	0.9727891156462585	1.0	0.0	0.0	0.47959183673469385	1.0
26396	0.0	0.7449799196787149	0.7771084337349398	0.9076305220883534	0.0	0.0	0.19678714859437751	0.9417670682730924	0.1927710843373494	1.0	0.6867469879518072	0.05622489959839357	0.0	0.24497991967871485	1.0	1.0	0.0	0.9016064257028112	0.751004016064257	1.0	0.20481927710843373	0.3032128514056225	0.5742971887550201	1.0
26397	0.5	0.8035714285714286	0.5684523809523809	1.0	0.0	0.0	0.38392857142857145	0.7529761904761905	0.0	1.0	1.0	0.4375	0.8363095238095238	0.6636904761904762	1.0	0.9672619047619048	0.5148809523809523	1.0	0.8303571428571429	1.0	0.0	0.4494047619047619	0.9255952380952381	1.0
26398	0.0	0.685971685971686	0.06778206778206779	0.9468039468039467	0.0	0.0	0.5482625482625483	0.6413556413556414	0.07078507078507079	1.0	0.806949806949807	0.416988416988417	0.12955812955812956	0.0	0.9026169026169026	0.9905619905619906	0.0	0.9322179322179323	0.3732303732303732	1.0	0.09867009867009867	0.1274131274131274	0.9047619047619048	0.9897039897039897
26399	0.0	0.5862745098039216	0.0	0.8803921568627451	0.0	0.0	0.8450980392156863	0.7607843137254902	0.0	1.0	0.9901960784313726	0.8666666666666667	0.0	0.0	0.9901960784313726	1.0	0.0	0.8980392156862745	0.7607843137254902	1.0	0.39215686274509803	0.0	0.8803921568627451	1.0
26400	0.38480392156862747	0.49754901960784315	0.0	1.0	0.0	0.0	0.32598039215686275	0.5343137254901961	0.0	1.0	1.0	0.41911764705882354	0.0	0.0	0.9607843137254902	1.0	0.0	1.0	0.49754901960784315	1.0	0.0	0.0	0.9509803921568627	1.0
26401	0.0	0.579610538373425	0.4868270332187858	0.6471935853379153	0.0	0.0	0.7434135166093929	0.5544100801832761	0.0	1.0	0.7709049255441008	0.24627720504009165	0.5578465063001146	0.0	0.7285223367697594	1.0	0.0	0.9060710194730813	0.7743413516609393	1.0	0.0	0.16838487972508592	1.0	1.0
26402	0.0	0.5643802647412756	0.0	0.9350180505415162	0.0	0.0	0.6125150421179302	0.42117930204572807	0.0	1.0	0.8941034897713598	0.4645006016847172	0.07340553549939831	0.0	1.0	1.0	0.0	0.9566787003610109	0.5030084235860409	1.0	0.0	0.4091456077015644	0.9398315282791817	1.0
26403	0.0	0.7177263969171483	0.174373795761079	0.14836223506743737	0.1252408477842004	0.0	0.5838150289017341	0.7774566473988439	0.10886319845857419	1.0	0.9749518304431599	0.5423892100192679	0.0	0.0	0.8140655105973025	1.0	0.0	0.9277456647398844	0.9499036608863198	1.0	0.0	0.0	0.9865125240847784	1.0
26404	0.0	0.21406727828746178	0.0	0.7155963302752294	0.0	0.0	0.9954128440366973	0.28287461773700306	0.0	1.0	0.8960244648318043	0.36850152905198774	0.0	0.07492354740061162	0.691131498470948	0.9617737003058104	0.0	0.8058103975535168	0.7400611620795107	1.0	0.0	0.4617737003058104	0.9235474006116208	1.0
26405	0.0	1.0	0.6904761904761905	0.7023809523809523	0.0	0.0	0.32142857142857145	0.23809523809523808	0.0	1.0	0.6904761904761905	0.023809523809523808	0.0	0.5476190476190477	0.9166666666666666	1.0	0.0	0.8154761904761905	0.8035714285714286	1.0	0.0	0.0	1.0	1.0
26406	0.0	0.09450171821305842	0.6443298969072165	0.7697594501718213	0.22164948453608246	0.0	0.654639175257732	0.7680412371134021	0.0	1.0	0.9982817869415808	0.7646048109965635	0.0	0.3247422680412371	0.9982817869415808	1.0	0.0	0.8676975945017182	0.4879725085910653	1.0	0.0	0.0	0.5189003436426117	1.0
26407	0.0	0.0	0.4375	1.0	0.0	0.0	0.9083333333333333	0.13333333333333333	0.0	1.0	1.0	0.37916666666666665	0.0	0.0	1.0	1.0	0.0	1.0	0.6291666666666667	1.0	0.0	0.0	0.975	1.0
26408	0.0	0.2698412698412698	0.0	1.0	0.0	0.0	0.48412698412698413	0.13095238095238096	0.0	1.0	0.9404761904761905	0.49603174603174605	0.0	0.0	1.0	1.0	0.0	1.0	0.23809523809523808	1.0	0.0	0.0	0.9761904761904762	1.0
26409	0.0	0.8622754491017964	0.14770459081836326	0.6691616766467066	0.0	0.10329341317365269	0.6696606786427146	0.7395209580838323	0.0	0.9830339321357285	0.9366267465069861	0.7115768463073853	0.0	0.062375249500998	0.9486027944111777	0.9940119760479041	0.0	0.9680638722554891	0.9096806387225549	1.0	0.05588822355289421	0.37624750499001997	0.8448103792415169	0.998003992015968
26410	0.0	0.947008547008547	0.046153846153846156	0.9299145299145299	0.0	0.0	0.864957264957265	0.37777777777777777	0.0	1.0	1.0	0.4700854700854701	0.4393162393162393	0.0	1.0	0.9709401709401709	0.0	1.0	0.5709401709401709	1.0	0.0	0.5367521367521367	0.9914529914529915	1.0
26411	0.0	0.6144578313253012	0.18373493975903615	0.8092369477911646	0.15060240963855423	0.0	0.9267068273092369	0.9698795180722891	0.1214859437751004	1.0	0.9869477911646586	0.5833333333333334	0.0	0.21285140562248997	0.9186746987951807	1.0	0.0	0.8453815261044176	0.21586345381526104	1.0	0.0	0.4578313253012048	0.9889558232931727	1.0
26412	0.0	0.6813186813186813	0.4175824175824176	0.5970695970695971	0.0	0.0	0.42124542124542125	1.0	0.0	1.0	1.0	0.0	0.0	0.0	1.0	1.0	0.0	1.0	0.9743589743589743	1.0	0.0	0.0	0.6996336996336996	1.0
26413	0.0	0.7128712871287128	0.17656765676567657	0.9785478547854786	0.0	0.0	0.6105610561056105	0.5082508250825083	0.0	1.0	0.9867986798679867	0.18316831683168316	0.0	0.0	1.0	0.9966996699669967	0.0	1.0	0.6765676567656765	1.0	0.2376237623762376	0.4834983498349835	1.0	1.0
26414	0.0	0.8203017832647462	0.0	0.7544581618655692	0.2551440329218107	0.027434842249657063	0.8422496570644719	0.7064471879286695	0.0	1.0	0.8957475994513031	0.5857338820301783	0.0	0.0	0.9547325102880658	1.0	0.0	1.0	0.6598079561042524	1.0	0.2112482853223594	0.0	0.9423868312757202	1.0
26415	0.0	0.8140200286123033	0.5708154506437768	0.8183118741058655	0.15021459227467812	0.30042918454935624	0.927038626609442	0.6824034334763949	0.0	1.0	1.0	0.5321888412017167	0.0	0.0	1.0	0.8154506437768241	0.0	0.927038626609442	0.9370529327610873	1.0	0.0	0.43204577968526464	0.9298998569384835	1.0
26416	0.0	0.7058261700095511	0.08978032473734479	0.8271251193887297	0.045845272206303724	0.1451766953199618	0.772683858643744	0.565425023877746	0.0	1.0	1.0	0.5510983763132761	0.15281757402101243	0.06876790830945559	0.9073543457497613	0.9990448901623686	0.0	0.956064947468959	0.4880611270296084	1.0	0.09169054441260745	0.0	0.9980897803247374	1.0
26417	0.0	0.4943820224719101	0.36142322097378277	0.7771535580524345	0.3295880149812734	0.0	0.47191011235955055	0.9831460674157303	0.0	1.0	1.0	0.7397003745318352	0.3258426966292135	0.449438202247191	0.8951310861423221	1.0	0.0	1.0	0.9119850187265918	1.0	0.26779026217228463	0.36142322097378277	1.0	1.0
26418	0.0	0.39775910364145656	0.0	1.0	0.0	0.0	0.7703081232492998	0.6862745098039216	0.0	1.0	1.0	0.5322128851540616	0.0	0.23809523809523808	0.5770308123249299	1.0	0.0	1.0	1.0	1.0	0.0	0.0	1.0	1.0
26419	0.0	0.3460183227625088	0.37068357998590556	0.923185341789993	0.3269908386187456	0.0	0.678646934460888	0.6307258632840028	0.0	1.0	0.9069767441860465	0.41014799154334036	0.0	0.0	0.9281183932346723	1.0	0.0	1.0	0.46018322762508806	1.0	0.0	0.0	1.0	1.0
26420	0.20267489711934156	0.7309670781893004	0.12551440329218108	0.9475308641975309	0.0668724279835391	0.0	0.8564814814814815	0.6810699588477366	0.0	1.0	0.9284979423868313	0.43364197530864196	0.0	0.18415637860082304	0.9758230452674898	1.0	0.0	0.8852880658436214	0.566358024691358	1.0	0.0	0.08487654320987655	0.8935185185185185	1.0
26421	0.0	0.645021645021645	0.0	0.3246753246753247	0.0	0.0	0.9805194805194806	0.6255411255411255	0.0	1.0	0.9848484848484849	0.20995670995670995	0.18614718614718614	0.0	1.0	1.0	0.0	1.0	0.6471861471861472	1.0	0.2683982683982684	0.0	1.0	1.0
26422	0.0	0.9690576652601969	0.0	0.9423347398030942	0.0	0.07172995780590717	0.9887482419127989	0.40646976090014064	0.0	1.0	1.0	0.4739803094233474	0.6047819971870605	0.26019690576652604	0.8973277074542897	1.0	0.0	0.9887482419127989	0.6019690576652602	1.0	0.0	0.0	0.9240506329113924	1.0
26423	0.3854166666666667	0.5807291666666666	0.0	0.9505208333333334	0.16145833333333334	0.0	0.5442708333333334	0.7395833333333334	0.0	1.0	1.0	0.6770833333333334	0.0	0.0	0.8880208333333334	1.0	0.0	1.0	0.8645833333333334	1.0	0.40625	0.0	0.8307291666666666	1.0
26424	0.0	0.8731884057971014	0.0	0.8623188405797102	0.0	0.0	0.6213768115942029	0.7481884057971014	0.0	1.0	0.9891304347826086	0.1956521739130435	0.0	0.2391304347826087	0.9855072463768116	1.0	0.0	0.9528985507246377	0.0	1.0	0.18659420289855072	0.42391304347826086	0.855072463768116	1.0
26425	0.0	0.31693989071038253	0.0	0.912568306010929	0.0	0.0	0.5956284153005464	0.03825136612021858	0.0	1.0	1.0	0.3770491803278688	0.0	0.0	1.0	1.0	0.0	1.0	0.0	1.0	0.0	0.726775956284153	1.0	1.0
26426	0.0	0.8436911487758946	0.3135593220338983	0.7919020715630886	0.0	0.0	0.9613935969868174	0.6751412429378532	0.0	1.0	0.9792843691148776	0.6591337099811676	0.0	0.096045197740113	0.9576271186440678	1.0	0.0	0.9943502824858758	0.9896421845574388	1.0	0.0	0.0	0.8691148775894538	1.0
26427	0.0	0.9186046511627907	0.29844961240310075	0.3178294573643411	0.0	0.0	0.9069767441860465	0.0	0.0	1.0	1.0	0.28294573643410853	0.0	0.0	1.0	0.9496124031007752	0.0	1.0	0.4069767441860465	1.0	0.0	0.0	1.0	1.0
26428	0.5160075329566854	0.2994350282485876	0.0	0.7551789077212806	0.3314500941619586	0.0	0.6120527306967984	0.4689265536723164	0.0	0.9962335216572504	1.0	0.8305084745762712	0.0	0.527306967984934	1.0	1.0	0.0	1.0	0.687382297551789	1.0	0.16760828625235405	0.0	0.8342749529190208	1.0
26429	0.0	0.9523809523809523	0.0	0.44841269841269843	0.5833333333333334	0.0	0.5714285714285714	0.8253968253968254	0.0	1.0	1.0	0.21825396825396826	0.0	0.0	0.7817460317460317	1.0	0.0	0.9603174603174603	0.0	1.0	0.0	0.0	1.0	1.0
26430	0.0	1.0	0.0	0.4380952380952381	0.19523809523809524	0.0	1.0	1.0	0.0	1.0	1.0	0.0	0.0	0.0	1.0	1.0	0.0	0.9380952380952381	0.19523809523809524	1.0	0.0	0.0	0.9380952380952381	1.0
26431	0.0	0.6112198303979126	0.34898891063274623	0.9302022178734507	0.0	0.0	0.9008480104370515	0.7723418134377038	0.0	1.0	0.857795172863666	0.6379647749510763	0.0	0.12720156555772993	0.7031963470319634	1.0	0.19047619047619047	0.9295499021526419	0.7553816046966731	1.0	0.1552511415525114	0.07436399217221135	0.9634703196347032	1.0
26432	0.0	0.0	0.0	0.7183908045977011	0.0	0.0	0.16091954022988506	0.0	0.0	1.0	0.4942528735632184	0.6724137931034483	0.0	0.0	0.6896551724137931	0.46551724137931033	0.0	0.41954022988505746	0.9367816091954023	0.8045977011494253	0.0	0.0	0.8850574712643678	0.8850574712643678
26433	0.1732283464566929	0.37926509186351703	0.14435695538057744	0.3779527559055118	0.0	0.0	0.4868766404199475	0.38451443569553806	0.0	1.0	0.8779527559055118	0.33727034120734906	0.15091863517060367	0.1837270341207349	0.8556430446194225	1.0	0.0	0.6968503937007874	0.25065616797900264	1.0	0.0	0.5538057742782152	0.931758530183727	0.9619422572178478
26434	0.0	0.31065759637188206	0.23809523809523808	0.9886621315192744	0.0	0.0	0.7573696145124716	0.5804988662131519	0.0	1.0	1.0	0.5351473922902494	0.6598639455782312	0.2585034013605442	1.0	1.0	0.0	1.0	1.0	1.0	0.0	0.0	0.8049886621315193	1.0
26435	0.0	0.4718196457326892	0.2560386473429952	0.6682769726247987	0.0	0.0	0.9806763285024155	0.9452495974235104	0.0	1.0	0.8083735909822867	0.13043478260869565	0.0	0.0	0.7020933977455717	0.964573268921095	0.0	0.8985507246376812	0.5120772946859904	1.0	0.0	0.0	0.8132045088566827	1.0
26436	0.0	0.7230769230769231	0.7743589743589744	0.9025641025641026	0.0	0.0	0.7230769230769231	1.0	0.0	1.0	0.47692307692307695	0.4307692307692308	0.0	0.0	0.882051282051282	1.0	0.0	0.8974358974358975	0.0	1.0	0.441025641025641	0.0	1.0	1.0
26437	0.0	0.9572649572649573	0.5277777777777778	1.0	0.6282051282051282	0.0	0.8760683760683761	0.3162393162393162	0.0	1.0	0.8333333333333334	0.9423076923076923	0.0	0.14102564102564102	0.8461538461538461	0.9294871794871795	0.0	0.9829059829059829	0.6773504273504274	1.0	0.0	0.4358974358974359	0.9572649572649573	1.0
26438	0.0	0.4786666666666667	0.0	0.8933333333333333	0.0	0.0	0.7253333333333334	0.64	0.0	1.0	0.6186666666666667	0.676	0.0	0.0	0.8173333333333334	1.0	0.0	0.976	0.7146666666666667	1.0	0.0	0.0	0.8573333333333333	1.0
26439	0.0	0.8239366963402571	0.2413452027695351	0.9584569732937686	0.0	0.11374876360039565	0.9208704253214639	0.675568743818002	0.0	1.0	1.0	0.3165182987141444	0.13254203758654798	0.0	0.9713155291790306	1.0	0.0	1.0	0.9258160237388724	1.0	0.0	0.19881305637982197	0.9723046488625123	1.0
26440	0.0	0.5413105413105413	0.0	0.8148148148148148	0.0	0.0	1.0	0.38461538461538464	0.0	1.0	1.0	0.4188034188034188	0.0	0.0	1.0	1.0	0.0	0.9715099715099715	1.0	1.0	0.0	0.6951566951566952	1.0	1.0
26441	0.0	0.7100271002710027	0.2046070460704607	0.978319783197832	0.0	0.23306233062330622	0.9444444444444444	0.518970189701897	0.0	1.0	0.9728997289972899	0.5203252032520326	0.22899728997289973	0.24525745257452575	0.926829268292683	1.0	0.2046070460704607	1.0	0.5785907859078591	1.0	0.0	0.4078590785907859	0.9254742547425474	1.0
26442	0.0	0.5666666666666667	0.24509803921568626	0.6392156862745098	0.2529411764705882	0.0	0.9235294117647059	0.6882352941176471	0.0	0.9647058823529412	0.6274509803921569	0.9607843137254902	0.0	0.2901960784313726	0.8941176470588236	0.9725490196078431	0.0	0.8254901960784313	0.8215686274509804	0.996078431372549	0.0	0.0	0.8588235294117647	0.9215686274509803
26443	0.0	0.49382716049382713	0.0	0.6148148148148148	0.0	0.0	0.3728395061728395	0.562962962962963	0.0	1.0	0.9234567901234568	0.36049382716049383	0.0	0.2	0.928395061728395	1.0	0.0	0.7333333333333333	0.2962962962962963	1.0	0.0	0.0	0.7407407407407407	0.8888888888888888
26444	0.15985467756584923	0.8138056312443234	0.23978201634877383	0.8655767484105359	0.0	0.0	0.9291553133514986	0.48501362397820164	0.0	1.0	0.8973660308810173	0.45322434150772023	0.1008174386920981	0.13896457765667575	0.9491371480472298	0.9500454132606722	0.0	0.9990917347865577	0.9745685740236149	1.0	0.07538601271571299	0.46503178928247046	0.9073569482288828	1.0
26445	0.0	1.0	0.21861471861471862	1.0	0.0	0.0	0.9372294372294372	0.9155844155844156	0.0	1.0	1.0	0.9545454545454546	0.22077922077922077	0.3939393939393939	1.0	1.0	0.0	1.0	1.0	1.0	0.36147186147186144	0.30303030303030304	1.0	1.0
26446	0.0	0.8448844884488449	0.8679867986798679	1.0	0.0	0.0	0.9174917491749175	0.6831683168316832	0.0	1.0	0.9933993399339934	0.6105610561056105	0.0	0.6798679867986799	1.0	1.0	0.0	1.0	1.0	1.0	0.0	0.14521452145214522	1.0	1.0
26447	0.0	1.0	0.6464646464646465	1.0	0.0	0.42676767676767674	0.9444444444444444	0.8459595959595959	0.0	1.0	1.0	0.5252525252525253	0.0	0.2878787878787879	1.0	1.0	0.0	1.0	1.0	1.0	0.0	0.7424242424242424	1.0	1.0
26448	0.0	0.3869047619047619	0.19523809523809524	0.6357142857142857	0.15595238095238095	0.0	0.5357142857142857	0.28095238095238095	0.04404761904761905	0.7583333333333333	0.5619047619047619	0.7404761904761905	0.24166666666666667	0.2845238095238095	0.8595238095238096	0.955952380952381	0.0	0.7392857142857143	0.4785714285714286	1.0	0.12976190476190477	0.15357142857142858	0.9166666666666666	1.0
26449	0.42857142857142855	0.44841269841269843	0.20238095238095238	0.503968253968254	0.0	0.0	1.0	0.05555555555555555	0.0	1.0	0.6626984126984127	0.0	0.0	0.0	1.0	1.0	0.0	1.0	0.0	1.0	0.0	0.4523809523809524	1.0	1.0
26450	0.0	0.8148148148148148	0.011851851851851851	0.9125925925925926	0.0	0.0	0.5748148148148148	0.5392592592592592	0.0	1.0	1.0	0.5466666666666666	0.4444444444444444	0.0	0.9925925925925926	0.9703703703703703	0.0	1.0	0.4725925925925926	1.0	0.0	0.3377777777777778	0.8177777777777778	1.0
26451	0.011299435028248588	0.7702448210922788	0.4651600753295669	0.783427495291902	0.0	0.0	0.7984934086629002	0.67984934086629	0.0	1.0	0.7928436911487758	0.6986817325800376	0.0	0.0	1.0	0.943502824858757	0.0	1.0	0.911487758945386	1.0	0.0	0.5649717514124294	0.9792843691148776	1.0
26452	0.873015873015873	0.3888888888888889	0.0	0.5694444444444444	0.0	0.0	0.7718253968253969	0.4861111111111111	0.0	1.0	0.7638888888888888	0.6944444444444444	0.0	0.0	0.9623015873015873	0.9642857142857143	0.0	1.0	0.6349206349206349	1.0	0.0	0.5456349206349206	0.753968253968254	1.0
26453	0.0	0.9975124378109452	0.0	0.7014925373134329	0.23880597014925373	0.0	1.0	0.0	0.0	1.0	1.0	0.009950248756218905	0.0	0.0	1.0	0.927860696517413	0.0	0.9203980099502488	0.9228855721393034	1.0	0.0	0.36069651741293535	0.9800995024875622	1.0
26454	0.0	0.8591065292096219	0.0	0.9037800687285223	0.0	0.0	0.6666666666666666	0.6082474226804123	0.0	0.9621993127147767	0.8591065292096219	0.41237113402061853	0.0	0.0	0.9965635738831615	0.8350515463917526	0.0	0.9965635738831615	0.5189003436426117	1.0	0.0	0.0	0.993127147766323	0.9621993127147767
26455	0.20912547528517111	0.6261089987325729	0.19011406844106463	0.9328263624841572	0.0	0.0	0.7325728770595691	0.6869455006337135	0.35994930291508237	1.0	0.7237008871989861	0.14702154626108999	0.0	0.07351077313054499	0.9518377693282636	1.0	0.0	1.0	0.0	1.0	0.0	0.0	0.9049429657794676	1.0
26456	0.0	0.5494949494949495	0.37777777777777777	0.896969696969697	0.0	0.0	0.9555555555555556	0.3797979797979798	0.0	1.0	0.797979797979798	0.7292929292929293	0.19393939393939394	0.0	0.9575757575757575	0.9858585858585859	0.0	1.0	0.6464646464646465	1.0	0.0	0.6101010101010101	0.9575757575757575	1.0
26457	0.7171717171717171	0.9595959595959596	0.0	0.0	0.0	0.0	0.98989898989899	0.0	0.0	1.0	0.7828282828282829	0.494949494949495	0.0	0.0	1.0	1.0	0.0	0.6767676767676768	0.35353535353535354	1.0	0.0	0.7424242424242424	0.6767676767676768	1.0
26458	0.0	0.8819047619047619	0.46476190476190476	0.9047619047619048	0.0	0.0	0.5580952380952381	0.48	0.5752380952380952	1.0	0.5942857142857143	0.4857142857142857	0.0	0.0	0.8152380952380952	1.0	0.0	0.8647619047619047	0.6438095238095238	1.0	0.0	0.0	0.7790476190476191	1.0
26459	0.0	0.7910189982728842	0.0	0.9395509499136442	0.0	0.0	0.9153713298791019	0.5371329879101899	0.1692573402417962	1.0	0.998272884283247	0.022452504317789293	0.0	0.0	1.0	1.0	0.0	1.0	0.8860103626943006	1.0	0.0	0.0	0.9430051813471503	1.0
26460	0.0	0.7659434582511505	0.2182774490466798	0.8356344510190664	0.0	0.05851413543721236	0.5884286653517423	0.9263642340565418	0.0	1.0	0.8303747534516766	0.3399079552925707	0.2682445759368836	0.1702827087442472	0.9533201840894149	1.0	0.0	1.0	0.789612097304405	1.0	0.0670611439842209	0.1985535831689678	0.965154503616042	1.0
26461	0.0	0.412	0.0	0.7306666666666667	0.0	0.0	0.6266666666666667	0.824	0.0	1.0	0.8533333333333334	0.14266666666666666	0.0	0.0	0.5346666666666666	1.0	0.0	0.6466666666666666	0.6786666666666666	1.0	0.0	0.0	0.624	1.0
26462	0.0	0.6693657219973009	0.0	0.757085020242915	0.0	0.0	0.9352226720647774	1.0	0.0	1.0	1.0	0.4183535762483131	0.006747638326585695	0.12955465587044535	0.8852901484480432	1.0	0.20647773279352227	0.9500674763832658	0.4993252361673414	1.0	0.12550607287449392	0.0	0.8515519568151148	1.0
26463	0.0	0.44612794612794615	0.0	0.3939393939393939	0.0	0.0	0.5909090909090909	0.21043771043771045	0.0	1.0	0.9242424242424242	0.0	0.0	0.0	0.7289562289562289	1.0	0.0	0.9579124579124579	0.48484848484848486	1.0	0.0	0.0	0.8400673400673401	0.9814814814814815
26464	0.0	0.27260981912144705	0.0	0.8643410852713178	0.0	0.0	0.7235142118863049	0.4715762273901809	0.0	1.0	0.9263565891472868	0.4780361757105943	0.0	0.4069767441860465	0.9224806201550387	0.91343669250646	0.0	0.7648578811369509	0.5852713178294574	1.0	0.0	0.0	0.8682170542635659	1.0
26465	0.0	0.6453900709219859	0.0	0.46099290780141844	0.0	0.0	0.7092198581560284	0.0070921985815602835	0.0	1.0	1.0	0.0	0.0	0.0	1.0	1.0	0.0	1.0	0.9787234042553191	1.0	0.0	0.0	1.0	1.0
26466	0.0	0.983442265795207	0.244880174291939	0.9803921568627451	0.1272331154684096	0.0	0.8749455337690631	0.6714596949891067	0.0	1.0	0.9764705882352941	0.5699346405228758	0.13071895424836602	0.33986928104575165	0.9995642701525055	1.0	0.0	0.9877995642701525	0.8361655773420479	1.0	0.21568627450980393	0.17559912854030502	0.9725490196078431	1.0
26467	0.0	0.9061032863849765	0.6244131455399061	0.6713615023474179	0.0	0.0	1.0	0.4507042253521127	0.0	1.0	1.0	0.22065727699530516	0.215962441314554	0.0	1.0	1.0	0.0	1.0	1.0	1.0	0.0	1.0	0.8450704225352113	1.0
26468	0.0	0.7570621468926554	0.963276836158192	0.827683615819209	0.0	0.0	0.05367231638418079	0.9717514124293786	0.0	1.0	0.6129943502824858	0.6610169491525424	0.0	0.0	1.0	1.0	0.4435028248587571	1.0	0.8559322033898306	1.0	0.3954802259887006	0.327683615819209	1.0	1.0
26469	0.0	0.4444444444444444	0.25333333333333335	0.49777777777777776	0.0	0.0	0.0	0.4222222222222222	0.0	1.0	0.6266666666666667	0.6088888888888889	0.0	0.0	1.0	1.0	0.0	1.0	1.0	1.0	0.0	0.0	0.9066666666666666	1.0
26470	0.0	0.39487179487179486	0.28034188034188035	0.9367521367521368	0.0	0.0	0.676923076923077	0.5692307692307692	0.0	1.0	0.7914529914529914	0.3658119658119658	0.0	0.0	0.9829059829059829	0.7897435897435897	0.0	0.8717948717948718	0.7811965811965812	1.0	0.0	0.0	0.8598290598290599	0.8854700854700854
26471	0.0	0.0	0.0	0.18315018315018314	0.0	0.0	0.0	0.4358974358974359	0.0	1.0	0.0	0.0	0.0	0.0	0.6153846153846154	0.5787545787545788	0.0	0.706959706959707	0.0	1.0	0.0	0.0	0.304029304029304	0.8644688644688645
26472	0.0	0.6428571428571429	0.291005291005291	0.8002645502645502	0.0	0.0	0.9007936507936508	0.9272486772486772	0.0	1.0	0.921957671957672	0.5529100529100529	0.0	0.0	0.8346560846560847	0.9867724867724867	0.0	0.9007936507936508	0.7248677248677249	1.0	0.0	0.19973544973544974	0.9537037037037037	1.0
26473	0.0	0.0	0.3291139240506329	0.9113924050632911	0.0	0.0	1.0	0.9620253164556962	0.0	1.0	1.0	0.9282700421940928	0.0	0.0	1.0	1.0	0.0	1.0	0.11392405063291139	1.0	0.7088607594936709	0.6371308016877637	1.0	1.0
26474	0.0	0.018518518518518517	0.0	1.0	0.0	0.0	0.9222222222222223	0.8666666666666667	0.42592592592592593	1.0	0.6777777777777778	0.6962962962962963	0.0	0.3592592592592593	1.0	1.0	0.0	0.9962962962962963	1.0	1.0	0.0	0.0	1.0	1.0
26475	0.351981351981352	0.7296037296037297	0.34498834498834496	0.958041958041958	0.0	0.0	0.6899766899766899	0.7156177156177156	0.0	1.0	0.9184149184149184	0.0	0.0	0.0	0.8787878787878788	1.0	0.0	0.9976689976689976	0.5477855477855478	1.0	0.0	0.4662004662004662	0.7599067599067599	1.0
26476	0.412568306010929	0.8333333333333334	0.7950819672131147	0.9918032786885246	0.2677595628415301	0.0	1.0	0.7185792349726776	0.0	1.0	0.8579234972677595	0.7295081967213115	0.34972677595628415	0.3087431693989071	0.8852459016393442	1.0	0.0	1.0	0.9781420765027322	1.0	0.0	0.30601092896174864	1.0	1.0
26477	0.0	0.6711711711711712	0.0	1.0	0.0	0.0	1.0	0.4954954954954955	0.0	1.0	0.7972972972972973	0.5045045045045045	0.0	0.25675675675675674	1.0	1.0	0.0	1.0	0.7072072072072072	1.0	0.0	0.0	0.9234234234234234	1.0
26478	0.0	0.9444444444444444	0.7444444444444445	1.0	0.0	0.0	0.0	0.9888888888888889	0.0	1.0	0.011111111111111112	0.6777777777777778	1.0	0.0	1.0	1.0	0.0	1.0	1.0	1.0	0.0	0.0	0.9666666666666667	1.0
26479	0.1321084864391951	0.8976377952755905	0.19510061242344706	0.916010498687664	0.0	0.0	0.8460192475940508	0.621172353455818	0.1294838145231846	1.0	0.8792650918635171	0.621172353455818	0.34120734908136485	0.3324584426946632	1.0	1.0	0.1994750656167979	1.0	0.9195100612423447	1.0	0.18810148731408574	0.5555555555555556	0.9518810148731408	1.0
26480	0.0	0.19101123595505617	0.0	0.8838951310861424	0.5655430711610487	0.0	0.704119850187266	1.0	0.0	1.0	0.846441947565543	0.45692883895131087	0.4681647940074906	0.7078651685393258	1.0	1.0	0.0	1.0	0.5393258426966292	1.0	0.3895131086142322	0.0	1.0	1.0
26481	0.9487179487179487	0.6153846153846154	0.9551282051282052	1.0	0.0	0.0	0.0	0.6217948717948718	0.6089743589743589	1.0	0.8076923076923077	0.9743589743589743	1.0	0.8461538461538461	0.9743589743589743	0.9615384615384616	0.0	0.9615384615384616	0.9615384615384616	0.9743589743589743	0.5961538461538461	0.9615384615384616	0.7756410256410257	1.0
26482	0.0	0.0	0.3723958333333333	0.5338541666666666	0.0	0.0	0.5677083333333334	0.9973958333333334	0.0	1.0	0.9635416666666666	0.5260416666666666	0.2682291666666667	0.24739583333333334	0.7083333333333334	1.0	0.0	0.9765625	0.9609375	1.0	0.0	0.23697916666666666	0.7552083333333334	0.9010416666666666
26483	0.0	0.0	0.1141552511415525	1.0	0.0	0.0	0.5205479452054794	0.817351598173516	0.0	1.0	0.954337899543379	0.4063926940639269	0.228310502283105	0.1461187214611872	0.7077625570776256	0.7808219178082192	0.0	1.0	0.867579908675799	1.0	0.0	0.9178082191780822	1.0	1.0
26484	0.0	0.12388250319284802	0.4891443167305236	0.879948914431673	0.0	0.0	0.8671775223499362	0.558109833971903	0.0	1.0	0.8326947637292464	0.21711366538952745	0.0	0.22349936143039592	0.9310344827586207	1.0	0.0	0.5197956577266922	0.8735632183908046	1.0	0.0	0.0	0.9361430395913155	1.0
26485	0.0	0.6896551724137931	0.0	1.0	0.0	0.0	0.5919540229885057	0.5977011494252874	0.0	1.0	1.0	0.0	0.5	0.6609195402298851	1.0	1.0	0.0	0.9597701149425287	0.9482758620689655	1.0	0.0	0.7701149425287356	1.0	1.0
26486	0.0	0.6573208722741433	0.0	0.9813084112149533	0.0	0.0	0.8660436137071651	0.956386292834891	0.0	1.0	0.9003115264797508	0.6448598130841121	0.0	0.42679127725856697	1.0	1.0	0.0	1.0	0.11214953271028037	1.0	0.0	0.0	0.616822429906542	1.0
26487	0.0	0.711864406779661	0.21045197740112995	0.8608757062146892	0.0	0.0	0.6320621468926554	0.769774011299435	0.0	1.0	0.9399717514124294	0.509180790960452	0.059322033898305086	0.007768361581920904	0.8305084745762712	1.0	0.1617231638418079	1.0	0.6440677966101694	1.0	0.0	0.2846045197740113	0.9837570621468926	1.0
26488	0.0	0.0	0.0	0.9629629629629629	0.0	0.0	0.3333333333333333	1.0	0.0	0.5648148148148148	0.8518518518518519	0.0	0.0	0.7129629629629629	0.8981481481481481	0.8796296296296297	0.0	0.9074074074074074	0.8518518518518519	1.0	0.0	0.0	1.0	1.0
26489	0.0	0.2948717948717949	0.0	0.7435897435897436	0.0	0.0	0.9572649572649573	0.5769230769230769	0.0	1.0	0.5982905982905983	0.6623931623931624	0.0	0.0	0.9017094017094017	0.7863247863247863	0.0	0.9743589743589743	0.0	0.9914529914529915	0.0	0.0	0.8675213675213675	1.0
26490	0.3179190751445087	0.4720616570327553	0.2658959537572254	1.0	0.10789980732177264	0.0	0.9633911368015414	0.6204238921001927	0.0	1.0	1.0	0.7572254335260116	0.0	0.581888246628131	0.9402697495183044	0.9942196531791907	0.0	0.976878612716763	0.0	1.0	0.0	0.0	1.0	1.0
26491	0.0	0.44660194174757284	0.4368932038834951	0.9967637540453075	0.0	0.0	0.8220064724919094	0.883495145631068	0.0	1.0	0.8349514563106796	0.42394822006472493	0.0	0.061488673139158574	1.0	1.0	0.0	1.0	0.5048543689320388	1.0	0.0	0.0	1.0	1.0
26492	0.0	0.852112676056338	0.0	0.8873239436619719	0.0	0.0	0.8943661971830986	0.7230046948356808	0.0	1.0	1.0	0.0	0.0	0.352112676056338	1.0	1.0	0.0	0.6619718309859155	0.971830985915493	1.0	0.0	0.0	1.0	1.0
26493	0.0	0.9961685823754789	0.30268199233716475	1.0	0.0	0.0	0.9961685823754789	0.7931034482758621	0.0	1.0	1.0	0.8773946360153256	0.0	0.0	1.0	1.0	0.0	1.0	1.0	1.0	0.0	0.0	1.0	1.0
26494	0.0	1.0	0.1437908496732026	1.0	0.0	0.0	0.7124183006535948	0.7140522875816994	0.09803921568627451	1.0	1.0	0.8790849673202614	0.2042483660130719	0.0	1.0	1.0	0.0	1.0	0.8741830065359477	1.0	0.07516339869281045	0.3611111111111111	0.8856209150326797	1.0
26495	0.0	0.6084142394822006	0.0	0.8349514563106796	0.0	0.0	0.3851132686084142	0.6774541531823085	0.0	0.9029126213592233	0.8770226537216829	0.16828478964401294	0.021574973031283712	0.0	0.6990291262135923	0.9795037756202805	0.0	0.941747572815534	0.20819848975188782	1.0	0.09816612729234088	0.0	0.3948220064724919	0.9104638619201726
26496	0.0	0.4583333333333333	0.2391304347826087	0.8460144927536232	0.0	0.0	0.6186594202898551	0.8016304347826086	0.0	1.0	0.8931159420289855	0.3804347826086957	0.3170289855072464	0.0	0.6766304347826086	1.0	0.0	0.9628623188405797	0.6358695652173914	1.0	0.0	0.0	0.9456521739130435	1.0
26497	0.0	0.5866666666666667	0.0	0.9333333333333333	0.3688888888888889	0.0	0.2	1.0	0.0	1.0	0.5288888888888889	0.18666666666666668	0.0	0.0	1.0	1.0	0.0	1.0	0.5955555555555555	1.0	0.0	0.0	0.7422222222222222	1.0
26498	0.0	0.7562189054726368	0.0	0.6467661691542289	0.0	0.0	0.0	0.8009950248756219	0.1890547263681592	0.8557213930348259	0.6666666666666666	0.0845771144278607	0.0	0.0	1.0	1.0	0.0	0.8059701492537313	0.0	1.0	0.0	0.0	0.8955223880597015	1.0
26499	0.012089810017271158	0.5112262521588946	0.4162348877374784	0.6096718480138169	0.0	0.14680483592400692	0.6666666666666666	0.46632124352331605	0.0	1.0	1.0	0.0	0.0	0.14507772020725387	0.6683937823834197	1.0	0.0	1.0	0.7737478411053541	1.0	0.0	0.0	0.8186528497409327	1.0
26500	0.0	0.5877934272300469	0.3352112676056338	0.6732394366197183	0.0	0.28356807511737087	0.7539906103286385	0.4591549295774648	0.0	1.0	1.0	0.28544600938967135	0.28356807511737087	0.0	0.9549295774647887	1.0	0.0	0.9971830985915493	0.6647887323943662	1.0	0.12112676056338029	0.29014084507042254	0.7887323943661971	1.0
26501	0.3333333333333333	0.696969696969697	0.0	0.935064935064935	0.0	0.0	0.2987012987012987	0.7402597402597403	0.0	1.0	0.8701298701298701	0.7445887445887446	0.0	0.341991341991342	0.9004329004329005	1.0	0.0	1.0	1.0	1.0	0.0	0.0	1.0	1.0
26502	0.0	0.8988095238095238	0.0	1.0	0.0	0.0	0.0	0.375	0.0	1.0	0.5297619047619048	0.875	0.0	0.0	0.875	1.0	0.40476190476190477	1.0	0.6726190476190477	1.0	0.6488095238095238	0.0	0.2619047619047619	1.0
26503	0.7698412698412699	0.753968253968254	0.0	0.3306878306878307	0.5846560846560847	0.0	0.6693121693121693	0.5687830687830688	0.0	1.0	1.0	0.7328042328042328	0.0	0.0	0.9973544973544973	0.9232804232804233	0.0	1.0	0.9021164021164021	1.0	0.373015873015873	0.0	0.8835978835978836	1.0
26504	0.0	1.0	0.0	0.0	0.0	0.0	0.8431372549019608	0.0	0.0	1.0	0.5882352941176471	0.8431372549019608	0.0	0.0	1.0	1.0	0.0	0.9313725490196079	0.6274509803921569	1.0	0.2647058823529412	0.0	1.0	1.0
26505	0.0	0.8208616780045351	0.2585034013605442	0.8745275888133031	0.0	0.0	0.6266061980347695	0.5215419501133787	0.0	0.9168556311413454	0.7301587301587301	0.3877551020408163	0.0	0.1164021164021164	0.9493575207860923	1.0	0.0	0.963718820861678	0.6991685563114135	1.0	0.08692365835222977	0.06953892668178382	0.7226001511715797	1.0
26506	0.0	0.31	0.02	1.0	0.0	0.0	0.7733333333333333	0.9333333333333333	0.0	1.0	0.9733333333333334	0.0	0.0	0.0	1.0	0.9333333333333333	0.0	0.85	0.8433333333333334	1.0	0.0	0.0	0.9966666666666667	1.0
26507	0.0	0.2777777777777778	0.1532567049808429	0.6226053639846744	0.0	0.0	1.0	0.7758620689655172	0.0	1.0	1.0	0.19731800766283525	0.0	0.1781609195402299	1.0	1.0	0.0	0.9501915708812261	0.0	1.0	0.0	0.3793103448275862	1.0	0.9904214559386973
26508	0.0	0.9497716894977168	0.4200913242009132	1.0	0.0	0.0	1.0	0.6210045662100456	0.0	1.0	1.0	0.0	0.0	0.0	1.0	1.0	0.0	0.8858447488584474	0.91324200913242	1.0	0.0	0.0	1.0	1.0
26509	0.0	0.9177215189873418	0.28270042194092826	0.9240506329113924	0.0	0.0	0.689873417721519	0.6814345991561181	0.0	1.0	0.9662447257383966	0.5970464135021097	0.0	0.0	0.9936708860759493	1.0	0.0	1.0	0.7573839662447257	1.0	0.0	0.0	0.9324894514767933	1.0
26510	0.0	0.3557422969187675	0.40336134453781514	0.5014005602240896	0.0	0.0	0.6106442577030813	0.6302521008403361	0.0	1.0	0.8179271708683473	0.3445378151260504	0.0	0.0	1.0	1.0	0.0	0.9243697478991597	0.6694677871148459	1.0	0.7899159663865546	0.0	0.45098039215686275	1.0
26511	0.0	0.6856492027334852	0.0	0.8724373576309795	0.20501138952164008	0.0	0.8101746393318148	0.5770690964312832	0.0	0.9916476841305999	0.8116932422171602	0.6324981017463933	0.22627182991647685	0.06454062262718299	0.9104024297646166	1.0	0.0	0.8238420652999241	0.8549734244495064	0.9893697798025817	0.0	0.0	1.0	0.9962034927866363
26512	0.0	0.7476190476190476	0.319047619047619	0.9904761904761905	0.0	0.0	0.8920634920634921	0.35873015873015873	0.0	1.0	0.6206349206349207	0.46984126984126984	0.0	0.14603174603174604	0.8492063492063492	1.0	0.0	1.0	0.8968253968253969	1.0	0.14761904761904762	0.2746031746031746	0.8587301587301587	1.0
26513	0.0	1.0	0.0	0.789308176100629	0.0	0.0	0.4088050314465409	0.559748427672956	0.0	1.0	0.7358490566037735	0.4968553459119497	0.0	0.0	0.9088050314465409	1.0	0.0	1.0	0.279874213836478	1.0	0.0	0.03459119496855346	0.559748427672956	1.0
26514	0.0	0.7135678391959799	0.4187604690117253	0.8777219430485762	0.0	0.0	0.48743718592964824	0.7989949748743719	0.0	1.0	0.847571189279732	0.1624790619765494	0.1306532663316583	0.0	0.5896147403685092	1.0	0.0	0.9447236180904522	0.7638190954773869	1.0	0.0	0.4824120603015075	0.8710217755443886	1.0
26515	0.0	0.2046783625730994	0.0	0.4951267056530214	0.0	0.0	0.8304093567251462	0.5087719298245614	0.0	1.0	1.0	0.6471734892787524	0.0	0.0	1.0	1.0	0.0	0.7582846003898636	0.5458089668615984	1.0	0.2475633528265107	0.0	1.0	1.0
26516	0.0	0.5854579792256847	0.4173748819641171	0.8838526912181303	0.0	0.0	0.5288007554296507	0.6185080264400378	0.0	1.0	0.9886685552407932	0.15203021718602455	0.08026440037771483	0.125590179414542	0.9990557129367328	1.0	0.0	0.9971671388101983	0.6043437204910292	1.0	0.0	0.2757318224740321	0.6525023607176582	1.0
26517	0.0	0.869281045751634	0.0	0.7908496732026143	0.0	0.0	1.0	0.0	0.0	1.0	0.7058823529411765	0.8431372549019608	0.0	0.0	0.7908496732026143	0.5555555555555556	0.0	1.0	0.0	1.0	0.0	0.7843137254901961	1.0	1.0
26518	0.0	0.348993288590604	0.0	1.0	0.0	0.0	0.8456375838926175	0.6174496644295302	0.0	1.0	0.6778523489932886	0.9194630872483222	0.0	0.34675615212527966	1.0	0.9753914988814317	0.0	0.9619686800894854	0.6510067114093959	1.0	0.0	0.1342281879194631	0.8612975391498882	1.0
26519	0.0	0.7976190476190477	0.0	0.7202380952380952	0.0	0.0	0.5595238095238095	0.8214285714285714	0.0	1.0	0.9682539682539683	0.6408730158730159	0.0	0.5436507936507936	0.8373015873015873	1.0	0.0	0.9662698412698413	0.9126984126984127	1.0	0.07341269841269842	0.0	1.0	1.0
26520	0.0	0.3584905660377358	0.0	1.0	0.0	0.0	0.7610062893081762	0.6289308176100629	0.0	1.0	1.0	0.4025157232704403	0.0	0.0	0.89937106918239	0.9433962264150944	0.0	1.0	1.0	1.0	0.02830188679245283	0.0	0.9119496855345912	1.0
26521	0.0	0.6114864864864865	0.25900900900900903	0.9380630630630631	0.0	0.1204954954954955	0.7353603603603603	0.47297297297297297	0.0	1.0	1.0	0.44819819819819817	0.1554054054054054	0.0	0.6835585585585585	1.0	0.0	0.8682432432432432	0.7319819819819819	1.0	0.1036036036036036	0.3130630630630631	0.9166666666666666	1.0
26522	0.0	0.41887905604719766	0.12684365781710916	0.8421828908554573	0.1873156342182891	0.0	0.7595870206489675	0.33775811209439527	0.0	1.0	0.9085545722713865	0.8731563421828908	0.19321533923303835	0.14601769911504425	0.8746312684365781	1.0	0.0	1.0	0.3525073746312684	1.0	0.0	0.0	1.0	1.0
26523	0.0	0.77734375	0.0390625	0.8255208333333334	0.3046875	0.0	0.9635416666666666	0.7747395833333334	0.0	1.0	1.0	0.3971354166666667	0.0	0.0	0.9856770833333334	1.0	0.0	0.9674479166666666	0.59375	1.0	0.0	0.19791666666666666	0.9231770833333334	1.0
26524	0.0	0.5173333333333333	0.4782222222222222	0.8088888888888889	0.043555555555555556	0.0	0.7608888888888888	0.64	0.0	1.0	0.8346666666666667	0.39022222222222225	0.005333333333333333	0.17866666666666667	0.9555555555555556	0.9991111111111111	0.0	0.9973333333333333	0.8266666666666667	1.0	0.0	0.0	0.9582222222222222	1.0
26525	0.0	1.0	0.13095238095238096	0.6994047619047619	0.0	0.0	0.8273809523809523	0.6577380952380952	0.0	1.0	0.9494047619047619	0.44345238095238093	0.375	0.0	1.0	1.0	0.0	0.5148809523809523	0.6934523809523809	1.0	0.0	0.0	1.0	1.0
26526	0.0	0.6716417910447762	0.15796019900497513	0.8843283582089553	0.0	0.0	0.917910447761194	0.9639303482587065	0.0	1.0	0.7524875621890548	0.8445273631840796	0.12189054726368159	0.0	0.9701492537313433	1.0	0.0	1.0	0.8420398009950248	1.0	0.0	0.0	0.8880597014925373	1.0
26527	0.0	0.4905008635578584	0.533678756476684	0.9430051813471503	0.16407599309153714	0.2607944732297064	0.7072538860103627	0.7590673575129534	0.0	1.0	0.8842832469775475	0.2763385146804836	0.3626943005181347	0.24179620034542315	0.9412780656303973	0.9628670120898101	0.0	0.9447322970639033	0.6398963730569949	1.0	0.09585492227979274	0.2158894645941278	0.8730569948186528	1.0
26528	0.0	0.7091295116772823	0.34288747346072185	0.8736730360934183	0.09288747346072186	0.0	0.5636942675159236	0.6873673036093418	0.0	1.0	0.917728237791932	0.6512738853503185	0.0	0.22505307855626328	0.9559447983014862	1.0	0.0	0.9861995753715499	0.9044585987261147	1.0	0.0	0.03343949044585987	0.9601910828025477	1.0
26529	0.0	0.7496012759170654	0.0	0.9824561403508771	0.18660287081339713	0.0	0.9840510366826156	0.45454545454545453	0.0	1.0	0.8628389154704944	0.2966507177033493	0.15151515151515152	0.1722488038277512	0.9968102073365231	1.0	0.0	1.0	0.748006379585327	1.0	0.0	0.4513556618819777	0.9425837320574163	1.0
26530	0.0	0.0	0.618421052631579	0.6271929824561403	0.0	0.0	1.0	0.9692982456140351	0.0	1.0	0.9692982456140351	0.0	0.0	0.0	0.7807017543859649	1.0	0.0	1.0	1.0	1.0	0.0	0.0	1.0	1.0
26531	0.0	0.6216216216216216	0.0	0.6103603603603603	0.0	0.0	0.8400900900900901	1.0	0.0	0.9842342342342343	0.9977477477477478	0.40540540540540543	0.0	0.23648648648648649	0.9819819819819819	1.0	0.0	0.6486486486486487	0.3716216216216216	1.0	0.1891891891891892	0.0	1.0	1.0
26532	0.0	0.635593220338983	0.8248587570621468	0.9491525423728814	0.0	0.0	0.5621468926553672	0.6440677966101694	0.0	0.9378531073446328	0.9124293785310734	0.0	0.0	0.0	0.6864406779661016	0.9774011299435028	0.0	0.9519774011299436	0.480225988700565	0.9774011299435028	0.0	0.0	0.844632768361582	0.943502824858757
26533	0.0	0.7017937219730942	0.06053811659192825	0.6898355754857997	0.07324364723467862	0.18310911808669655	0.6539611360239163	0.7892376681614349	0.0	1.0	0.8931240657698056	0.43647234678624813	0.08669656203288491	0.2742899850523169	0.9790732436472347	1.0	0.0	0.8961136023916293	0.577727952167414	1.0	0.12630792227204785	0.0	0.9955156950672646	1.0
26534	0.0	0.7629107981220657	0.0	0.5516431924882629	0.0	0.0	0.6549295774647887	0.8826291079812206	0.0	1.0	0.8732394366197183	0.431924882629108	0.0	0.3544600938967136	0.5586854460093896	1.0	0.0	0.42018779342723006	0.3544600938967136	1.0	0.0	0.19014084507042253	0.6126760563380281	1.0
26535	0.0	0.8518518518518519	0.6455026455026455	0.8518518518518519	0.0	0.0	1.0	0.8888888888888888	0.0	0.9947089947089947	0.8994708994708994	0.91005291005291	0.0	0.9312169312169312	0.9947089947089947	0.91005291005291	0.7407407407407407	1.0	0.8518518518518519	1.0	0.8677248677248677	0.0	1.0	1.0
26536	0.0	0.6476190476190476	0.7619047619047619	1.0	0.0	0.0	0.9142857142857143	0.9047619047619048	0.0	0.7333333333333333	0.41904761904761906	0.0	0.0	0.0	1.0	1.0	0.0	0.9904761904761905	0.0	0.2761904761904762	0.0	0.0	0.9238095238095239	0.7333333333333333
26537	0.3164983164983165	0.32996632996632996	0.0	1.0	0.0	0.0	0.32996632996632996	0.5959595959595959	0.0	1.0	1.0	0.7003367003367004	0.5084175084175084	0.39057239057239057	1.0	1.0	0.42424242424242425	1.0	0.48148148148148145	1.0	0.0	0.0	1.0	1.0
26538	0.2054263565891473	0.5193798449612403	0.35852713178294576	0.6065891472868217	0.0	0.0	0.2655038759689923	0.0	0.1821705426356589	0.7848837209302325	1.0	0.8798449612403101	0.0	0.4748062015503876	0.7945736434108527	1.0	0.0	0.8604651162790697	0.35852713178294576	1.0	0.0	0.0	0.4050387596899225	1.0
26539	0.623015873015873	0.8571428571428571	0.0	0.8849206349206349	0.0	0.0	0.9801587301587301	0.2261904761904762	0.0	0.9880952380952381	1.0	0.9920634920634921	0.0	0.0	0.5357142857142857	1.0	0.0	0.5238095238095238	1.0	1.0	0.0	0.0	0.5436507936507936	1.0
26540	0.0	0.8416666666666667	0.0	0.9416666666666667	0.0	0.06666666666666667	0.525	0.4083333333333333	0.0	1.0	0.225	0.9	0.0	0.3958333333333333	0.925	1.0	0.0	1.0	0.0	1.0	0.0	0.925	0.8541666666666666	1.0
26541	0.0	0.19086021505376344	0.0	1.0	0.0	0.0	0.5188172043010753	0.48655913978494625	0.0	1.0	1.0	0.8494623655913979	0.0	0.0	1.0	1.0	0.0	1.0	1.0	1.0	0.0	0.0	0.9543010752688172	1.0
26542	0.3153846153846154	0.7435897435897436	0.04871794871794872	1.0	0.0	0.0	0.4230769230769231	0.8948717948717949	0.0	1.0	0.9923076923076923	0.7743589743589744	0.0	0.3871794871794872	1.0	1.0	0.0	1.0	0.8615384615384616	1.0	0.0	0.0	1.0	1.0
26543	0.0	0.8353909465020576	0.0	0.8683127572016461	0.0	0.0	1.0	0.7736625514403292	0.0	1.0	0.9423868312757202	1.0	0.2716049382716049	0.09876543209876543	1.0	1.0	0.0	1.0	0.45267489711934156	1.0	0.0	0.0	0.8477366255144033	1.0
26544	0.0	0.9004065040650406	0.5487804878048781	0.9207317073170732	0.0	0.0	1.0	0.7520325203252033	0.0	1.0	0.693089430894309	0.4634146341463415	0.0	0.4654471544715447	1.0	1.0	0.0	1.0	0.6361788617886179	1.0	0.0	0.3048780487804878	1.0	1.0
26545	0.0	0.6472868217054264	0.39147286821705424	1.0	0.0	0.06201550387596899	1.0	1.0	0.0	1.0	0.6705426356589147	0.6472868217054264	0.0	0.0	1.0	1.0	0.0	0.813953488372093	0.6317829457364341	1.0	0.0	0.0	1.0	1.0
26546	0.24235104669887278	0.5491143317230274	0.27053140096618356	0.8655394524959742	0.0	0.0	0.5161030595813204	0.5273752012882448	0.0	1.0	0.9436392914653784	0.5644122383252818	0.1747181964573269	0.18035426731078905	0.966183574879227	0.9863123993558777	0.0	0.9734299516908212	0.7101449275362319	1.0	0.18518518518518517	0.016908212560386472	0.8019323671497585	1.0
26547	0.0	0.6742138364779874	0.6226415094339622	0.7622641509433963	0.0	0.0	0.8603773584905661	0.6075471698113207	0.0	0.9937106918238994	0.9660377358490566	0.6289308176100629	0.0	0.0	0.9371069182389937	0.9811320754716981	0.0	1.0	0.6930817610062893	1.0	0.0	0.40125786163522015	0.8503144654088051	1.0
26548	0.0	0.43884892086330934	0.0	0.6354916067146283	0.381294964028777	0.0	1.0	0.6786570743405276	0.0	1.0	0.8033573141486811	0.7913669064748201	0.23261390887290168	0.0	0.9856115107913669	1.0	0.0	1.0	0.0815347721822542	1.0	0.22062350119904076	0.0	1.0	1.0
26549	0.0	1.0	0.0	1.0	0.0	0.0	0.9827586206896551	1.0	0.0	1.0	1.0	1.0	0.0	0.0	1.0	1.0	0.0	1.0	0.7528735632183908	1.0	0.0	0.0	1.0	1.0
26550	0.0	0.3401360544217687	0.49173955296404276	0.8211856171039844	0.0	0.0	0.717201166180758	0.86977648202138	0.09912536443148688	1.0	0.892128279883382	0.706511175898931	0.14285714285714285	0.13022351797862003	0.956268221574344	0.9620991253644315	0.0	1.0	0.7337220602526725	1.0	0.0	0.3323615160349854	1.0	1.0
26551	0.0	0.9574829931972789	0.34523809523809523	0.9183673469387755	0.0	0.4217687074829932	0.8333333333333334	1.0	0.0	1.0	0.9948979591836735	0.5561224489795918	0.0	0.5204081632653061	0.9608843537414966	1.0	0.0	1.0	0.9455782312925171	1.0	0.15816326530612246	0.0	0.9421768707482994	1.0
26552	0.0	1.0	0.0	0.9938271604938271	0.5895061728395061	0.0	0.46296296296296297	1.0	0.0	1.0	1.0	0.46296296296296297	0.0	0.0	0.9135802469135802	1.0	0.0	0.845679012345679	0.8302469135802469	1.0	0.0	0.0	0.8827160493827161	1.0
26553	0.0	0.9797979797979798	0.8383838383838383	1.0	0.0	0.0	0.8232323232323232	1.0	0.0	1.0	1.0	0.6313131313131313	0.0	0.0	0.9090909090909091	1.0	0.0	1.0	0.6363636363636364	1.0	0.0	0.0	1.0	1.0
26554	0.0	0.3105022831050228	0.3515981735159817	0.8401826484018264	0.0	0.0	1.0	0.0319634703196347	0.0	1.0	1.0	0.3150684931506849	0.0	0.0	0.9634703196347032	1.0	0.0	1.0	0.9178082191780822	1.0	0.0	0.0	1.0	1.0
26555	0.0	0.8913043478260869	0.0	0.7922705314009661	0.0	0.0	0.5096618357487923	0.5217391304347826	0.0	1.0	1.0	0.3743961352657005	0.0	0.0	0.8260869565217391	1.0	0.0	1.0	1.0	1.0	0.0	0.30676328502415456	1.0	1.0
26556	0.0	0.9234393404004712	0.10600706713780919	0.9552414605418139	0.0	0.0	0.8939929328621908	0.7703180212014135	0.0	1.0	1.0	0.5806831566548881	0.0	0.17550058892815076	0.8845700824499411	1.0	0.0	1.0	0.8751472320376914	1.0	0.0	0.29093050647820967	0.9481743227326266	1.0
26557	0.4134078212290503	0.7783985102420856	0.23277467411545624	0.7914338919925512	0.0	0.0	0.9739292364990689	0.41527001862197394	0.0	0.9236499068901304	0.9590316573556797	0.5493482309124768	0.0	0.0	0.8621973929236499	1.0	0.0	0.9906890130353817	0.21601489757914338	1.0	0.0	0.0	0.8901303538175046	1.0
26558	0.0	0.525	0.0	1.0	0.0	0.0	0.9916666666666667	1.0	0.0	1.0	0.7541666666666667	0.6916666666666667	0.0	0.0	0.9916666666666667	1.0	0.0	0.9125	0.6333333333333333	1.0	0.6375	0.0	0.8333333333333334	1.0
26559	0.0	1.0	0.1686746987951807	0.4598393574297189	0.08634538152610442	0.0	1.0	0.7008032128514057	0.0	1.0	0.7971887550200804	0.5943775100401606	0.0	0.21285140562248997	1.0	1.0	0.0	0.8714859437751004	0.3353413654618474	1.0	0.21084337349397592	0.0	0.8694779116465864	1.0
26560	0.0	1.0	0.0	1.0	0.4079601990049751	0.0	0.9502487562189055	0.0	0.0	1.0	1.0	0.7164179104477612	0.6169154228855721	0.0	1.0	1.0	0.0	1.0	0.5323383084577115	1.0	0.0	0.0	1.0	1.0
26561	0.0	0.3709677419354839	0.3736559139784946	0.7795698924731183	0.0	0.0	0.08333333333333333	1.0	0.0	1.0	0.8064516129032258	0.0	0.0	0.489247311827957	1.0	1.0	0.0	0.7795698924731183	0.7956989247311828	1.0	0.024193548387096774	0.0	1.0	1.0
26562	0.0	0.8872549019607843	0.014705882352941176	0.8186274509803921	0.0	0.0	0.5931372549019608	0.9558823529411765	0.0	1.0	0.9338235294117647	0.8186274509803921	0.0	0.0	0.9926470588235294	1.0	0.0	0.9509803921568627	0.8700980392156863	1.0	0.20588235294117646	0.0	1.0	1.0
26563	0.0	0.3939393939393939	0.14015151515151514	0.9507575757575758	0.0	0.0	0.7897727272727273	0.6382575757575758	0.0	1.0	0.9412878787878788	0.0	0.0	0.0	1.0	1.0	0.0	0.990530303030303	0.5435606060606061	1.0	0.0	0.0	0.9924242424242424	1.0
26564	0.0	0.4121212121212121	0.0	1.0	0.0	0.0	0.7090909090909091	1.0	0.0	1.0	0.8666666666666667	0.0	0.7696969696969697	0.0	1.0	1.0	0.0	1.0	0.9696969696969697	1.0	0.0	0.0	1.0	1.0
26565	0.0	0.6965174129353234	0.0	0.8706467661691543	0.0	0.0	1.0	0.8656716417910447	0.0	1.0	1.0	0.5920398009950248	0.3034825870646766	0.0	0.7562189054726368	1.0	0.0	1.0	0.4228855721393035	1.0	0.0	0.0	1.0	1.0
26566	0.0	0.9859943977591037	0.0	0.9719887955182073	0.0	0.0	0.8571428571428571	0.8291316526610645	0.0	1.0	1.0	0.6190476190476191	0.0	0.0	1.0	1.0	0.0	1.0	1.0	1.0	0.0	0.0	1.0	1.0
26567	0.0793010752688172	0.7157258064516129	0.08669354838709678	0.9495967741935484	0.15524193548387097	0.0	0.8575268817204301	0.38911290322580644	0.0	1.0	0.9018817204301075	0.49731182795698925	0.0	0.2977150537634409	1.0	0.9993279569892473	0.0	1.0	0.8205645161290323	1.0	0.17809139784946237	0.0	0.9294354838709677	1.0
26568	0.0	0.6159122085048011	0.6529492455418381	0.8518518518518519	0.05486968449931413	0.0	0.6474622770919067	0.5802469135802469	0.0	1.0	0.7585733882030178	0.3319615912208505	0.05212620027434842	0.14266117969821673	0.9986282578875172	1.0	0.0	1.0	0.522633744855967	1.0	0.17146776406035666	0.41289437585733885	1.0	1.0
26569	0.0	0.8727735368956743	0.058524173027989825	0.8969465648854962	0.0	0.0	0.6463104325699746	0.6272264631043257	0.0	1.0	0.9529262086513995	0.13358778625954199	0.058524173027989825	0.1450381679389313	1.0	1.0	0.0	1.0	0.8969465648854962	1.0	0.11450381679389313	0.15776081424936386	0.9758269720101781	1.0
26570	0.0	0.5412186379928315	0.0	0.942652329749104	0.0	0.0	0.8566308243727598	0.0	0.0	1.0	0.989247311827957	0.4157706093189964	0.3978494623655914	0.0	1.0	1.0	0.0	1.0	0.899641577060932	1.0	0.0	0.0	0.96415770609319	1.0
26571	0.0	0.5360082304526749	0.18415637860082304	0.8199588477366255	0.0	0.0	0.9537037037037037	0.5380658436213992	0.0	1.0	0.8765432098765432	0.38477366255144035	0.0	0.15432098765432098	0.8775720164609053	1.0	0.0	0.98559670781893	0.8467078189300411	1.0	0.35390946502057613	0.13271604938271606	1.0	1.0
26572	0.0	0.8333333333333334	0.16501650165016502	1.0	0.0	0.0	0.83003300330033	0.9521452145214522	0.0	1.0	1.0	0.5445544554455446	0.0	0.1353135313531353	0.8927392739273927	1.0	0.0	1.0	0.7772277227722773	1.0	0.0	0.1485148514851485	0.9471947194719472	1.0
26573	0.0	0.8243512974051896	0.08183632734530938	0.908183632734531	0.3522954091816367	0.0	0.6956087824351297	0.5289421157684631	0.0	1.0	1.0	0.6197604790419161	0.15469061876247506	0.0	1.0	1.0	0.0	1.0	0.7724550898203593	1.0	0.0	0.0	0.9391217564870259	1.0
26574	0.0	0.6741996233521658	0.6930320150659134	1.0	0.3446327683615819	0.0	0.7532956685499058	0.9491525423728814	0.0	1.0	0.7419962335216572	0.768361581920904	0.0	0.0	1.0	1.0	0.0	0.9642184557438794	0.0	1.0	0.128060263653484	0.0	1.0	1.0
26575	0.0	0.742014742014742	0.4799344799344799	0.9262899262899262	0.0	0.0	0.9828009828009828	0.7878787878787878	0.0	1.0	0.9934479934479934	0.6953316953316954	0.0	0.11056511056511056	0.9492219492219492	1.0	0.0	0.9918099918099919	0.6355446355446356	1.0	0.0687960687960688	0.22932022932022933	0.9787059787059788	1.0
26576	0.0	0.4583333333333333	0.49702380952380953	1.0	0.0	0.0	0.5654761904761905	0.9255952380952381	0.0	1.0	0.9613095238095238	0.6369047619047619	0.25892857142857145	0.20535714285714285	0.9613095238095238	1.0	0.0	0.9434523809523809	0.9672619047619048	1.0	0.4226190476190476	0.24702380952380953	1.0	1.0
26577	0.36971046770601335	0.6481069042316259	0.5159613956941351	0.8767631774313289	0.21306607275426875	0.0	0.8678544914625093	0.6778025241276912	0.0	1.0	0.977728285077951	0.8084632516703786	0.0	0.14253897550111358	1.0	1.0	0.0	0.9792130660727543	0.9406087602078693	1.0	0.11507052709725316	0.0	0.9873793615441723	1.0
26578	0.0	0.3508771929824561	0.0	1.0	0.0	0.0	1.0	0.0	0.0	1.0	1.0	1.0	0.0	0.0	1.0	1.0	0.0	1.0	1.0	1.0	0.0	0.0	1.0	1.0
26579	0.28721174004192873	0.36268343815513626	0.22012578616352202	0.7568134171907757	0.0	0.0	0.6561844863731656	0.8113207547169812	0.0	1.0	1.0	0.8867924528301887	0.0	0.29979035639413	1.0	1.0	0.6331236897274634	1.0	0.570230607966457	1.0	0.0	0.4025157232704403	1.0	1.0
26580	0.0	0.6987179487179487	0.5	0.5256410256410257	0.0	0.0	1.0	0.2948717948717949	0.0	1.0	0.5769230769230769	0.8044871794871795	0.0	0.0	0.8910256410256411	1.0	0.0	1.0	0.0	1.0	0.0	0.0	1.0	1.0
26581	0.0	0.534805890227577	0.14859437751004015	0.6947791164658634	0.0	0.059571619812583666	0.7570281124497992	0.5334672021419009	0.0	0.999330655957162	0.6807228915662651	0.34069611780455156	0.0	0.0	0.6907630522088354	0.9611780455153949	0.0	0.5073627844712182	0.5153949129852744	0.9712182061579652	0.0	0.0	0.5796519410977242	0.8473895582329317
26582	0.0	0.6441441441441441	0.6261261261261262	1.0	0.0	0.0	0.8918918918918919	1.0	0.0	1.0	0.6981981981981982	0.9144144144144144	0.0	0.0	1.0	1.0	0.0	0.9954954954954955	1.0	1.0	0.0	0.0	0.7207207207207207	1.0
26583	0.0	0.7711442786069652	0.0	0.9651741293532339	0.0	0.0	0.7313432835820896	0.0	0.0	1.0	1.0	0.0	0.0	0.29850746268656714	1.0	1.0	0.0	0.8109452736318408	0.25870646766169153	1.0	0.7114427860696517	0.0	0.8706467661691543	1.0
26584	0.0	1.0	0.0	0.796969696969697	0.09696969696969697	0.0	0.9787878787878788	0.0	0.0	1.0	0.5	0.0	0.0	0.0	0.9515151515151515	1.0	0.0	1.0	0.0	1.0	0.0	0.0	0.8303030303030303	1.0
26585	0.0	0.5454545454545454	0.0	0.0	0.0	0.0	0.0	0.0	0.0	0.6742424242424242	0.2727272727272727	0.30303030303030304	0.0	0.0	0.8333333333333334	0.6515151515151515	0.0	0.9242424242424242	0.7121212121212122	0.8484848484848485	0.0	0.0	0.3939393939393939	0.8333333333333334
26586	0.0	0.6127067014795474	0.1801566579634465	0.824194952132289	0.0	0.3063533507397737	0.6579634464751958	0.9251523063533508	0.0	0.9947780678851175	0.8442123585726719	0.5535248041775457	0.17928633594429938	0.2906875543951262	0.9878154917319408	1.0	0.0	1.0	0.5596170583115753	1.0	0.0	0.2193211488250653	1.0	1.0
26587	0.0	0.47115384615384615	0.27884615384615385	0.9471153846153846	0.0	0.0	0.7676282051282052	0.8846153846153846	0.0	1.0	0.9471153846153846	0.5144230769230769	0.14423076923076922	0.0	0.8830128205128205	0.9599358974358975	0.0	0.8605769230769231	0.9935897435897436	0.9983974358974359	0.0	0.0	0.8028846153846154	0.9102564102564102
26588	0.0	0.7068965517241379	0.3800287356321839	0.7061781609195402	0.10272988505747127	0.11350574712643678	0.9001436781609196	0.5718390804597702	0.14152298850574713	1.0	0.9094827586206896	0.6860632183908046	0.0	0.20402298850574713	0.9676724137931034	1.0	0.0	0.9762931034482759	0.7931034482758621	1.0	0.07758620689655173	0.0	1.0	1.0
26589	0.0	0.5601851851851852	0.0	0.3425925925925926	0.0	0.0	0.6990740740740741	0.9537037037037037	0.0	0.8796296296296297	0.7268518518518519	0.0	0.0	0.0	0.8194444444444444	0.8703703703703703	0.0	0.33796296296296297	0.0787037037037037	0.9675925925925926	0.0	0.0	0.7777777777777778	0.9537037037037037
26590	0.0	0.32020997375328086	0.0	1.0	0.0	0.0	0.48293963254593175	0.6089238845144357	0.0	0.9383202099737533	0.9291338582677166	0.6587926509186351	0.0	0.11286089238845144	0.7900262467191601	1.0	0.0	0.7624671916010499	0.5065616797900262	0.973753280839895	0.0	0.1837270341207349	0.8464566929133859	0.8989501312335958
26591	0.0	0.805352798053528	0.781021897810219	0.6545012165450121	0.0	0.0	0.8491484184914841	0.8710462287104623	0.0	1.0	1.0	0.708029197080292	0.0	0.0	1.0	1.0	0.0	0.9708029197080292	0.635036496350365	1.0	0.0	0.6399026763990268	0.8905109489051095	1.0
26592	0.0	0.5806451612903226	0.0	1.0	0.0	0.0	0.43548387096774194	0.8978494623655914	0.0	1.0	1.0	0.8548387096774194	0.0	0.0	0.2903225806451613	1.0	0.0	0.6559139784946236	0.0	1.0	0.0	0.6505376344086021	0.8817204301075269	1.0
26593	0.0	0.3501683501683502	0.0	1.0	0.0	0.2356902356902357	1.0	0.9057239057239057	0.31313131313131315	1.0	1.0	0.07407407407407407	0.4983164983164983	0.0	1.0	1.0	0.0	1.0	0.7239057239057239	1.0	0.0	0.0	0.9663299663299664	1.0
26594	0.0	0.7666666666666667	0.6615384615384615	0.8717948717948718	0.0	0.0	1.0	0.7333333333333333	0.0	1.0	0.8794871794871795	0.5923076923076923	0.0	0.0	1.0	1.0	0.0	0.9333333333333333	0.8769230769230769	1.0	0.0	0.0	0.8897435897435897	1.0
26595	0.0	0.0	0.20551378446115287	0.37844611528822053	0.38345864661654133	0.0	0.5864661654135338	0.0	0.0	0.8170426065162907	0.2531328320802005	0.0	0.0	0.0	0.7819548872180451	1.0	0.0	0.6340852130325815	0.0	0.8897243107769424	0.0	0.0	0.24812030075187969	0.7894736842105263
26596	0.0	0.013745704467353952	0.0	0.8281786941580757	0.0	0.0	0.22336769759450173	1.0	0.0	1.0	0.5498281786941581	0.5670103092783505	0.0	0.27835051546391754	1.0	0.8556701030927835	0.0	1.0	1.0	1.0	0.0	0.0	1.0	1.0
26597	0.0	0.49166666666666664	0.43333333333333335	0.55	0.0	0.0	0.0	0.37083333333333335	0.0	1.0	0.17083333333333334	0.5458333333333333	0.0	0.44166666666666665	1.0	1.0	0.0	1.0	0.9625	1.0	0.0	0.0	1.0	1.0
26598	0.0	0.2564102564102564	0.0	1.0	0.0	0.0	0.5769230769230769	0.9807692307692307	0.0	1.0	1.0	0.9551282051282052	0.0	0.0	1.0	1.0	0.0	1.0	0.9230769230769231	1.0	0.14743589743589744	0.0	1.0	1.0
26599	0.0	1.0	0.0	0.5857142857142857	0.0	0.0	0.07142857142857142	0.0	0.0	1.0	1.0	1.0	0.24761904761904763	0.8285714285714286	1.0	1.0	0.0	0.8714285714285714	0.3761904761904762	1.0	0.0	0.0	1.0	1.0
26600	0.48792270531400966	1.0	0.8405797101449275	0.966183574879227	0.0	0.0	0.8357487922705314	0.5893719806763285	0.6714975845410628	1.0	1.0	1.0	0.30917874396135264	0.4492753623188406	1.0	1.0	0.9565217391304348	1.0	0.8888888888888888	1.0	0.7294685990338164	0.7294685990338164	1.0	1.0
26601	0.044444444444444446	0.9061728395061729	0.014814814814814815	0.9382716049382716	0.3160493827160494	0.0	0.8049382716049382	0.7382716049382716	0.6518518518518519	1.0	1.0	0.5259259259259259	0.38271604938271603	0.4271604938271605	1.0	1.0	0.9061728395061729	0.7308641975308642	0.9259259259259259	1.0	0.0	0.0	0.7950617283950617	1.0
26602	0.0	0.0	0.0	0.3541666666666667	0.6180555555555556	0.0	0.8055555555555556	0.7083333333333334	0.0	1.0	1.0	0.8715277777777778	0.0	0.0	1.0	1.0	0.0	0.9305555555555556	0.9722222222222222	1.0	0.1875	0.6493055555555556	1.0	1.0
26603	0.0	0.0	0.4915254237288136	0.6214689265536724	0.0	0.0	1.0	0.6214689265536724	0.0	1.0	0.96045197740113	1.0	0.0	0.6101694915254238	1.0	1.0	0.0	1.0	1.0	1.0	0.23728813559322035	0.0	0.8813559322033898	1.0
26604	0.0	0.8260869565217391	0.0	0.463768115942029	0.0	0.0	1.0	0.5410628019323671	0.0	1.0	0.9227053140096618	0.6570048309178744	0.0	0.05314009661835749	1.0	0.9565217391304348	0.0	1.0	0.8164251207729468	1.0	0.0	0.0	1.0	1.0
26605	0.0	0.8	0.49444444444444446	1.0	0.0	0.0	0.8722222222222222	1.0	0.0	1.0	0.8944444444444445	0.3611111111111111	0.0	0.48333333333333334	1.0	1.0	0.0	1.0	0.0	1.0	0.0	0.7611111111111111	1.0	1.0
26606	0.23509655751469352	0.7279596977329975	0.6330814441645676	0.9890848026868178	0.0	0.0	0.6381192275398825	0.8161209068010076	0.1418975650713686	1.0	0.9193954659949622	0.855583543240974	0.0	0.10831234256926953	0.8320738874895046	1.0	0.08900083963056256	0.9739714525608733	0.5709487825356843	1.0	0.0	0.21662468513853905	0.874895046179681	1.0
26607	0.0	0.7172995780590717	0.6666666666666666	0.9324894514767933	0.0	0.0	0.9113924050632911	0.8776371308016878	0.0	1.0	1.0	0.7890295358649789	0.0	0.4767932489451477	1.0	1.0	0.0	1.0	1.0	1.0	0.3670886075949367	0.0	0.9873417721518988	1.0
26608	0.0	0.3216374269005848	0.0	0.9941520467836257	0.3333333333333333	0.0	0.40350877192982454	0.8567251461988304	0.07309941520467836	1.0	1.0	0.564327485380117	0.0	0.0	1.0	1.0	0.0	0.9590643274853801	0.49415204678362573	1.0	0.0	0.0	1.0	1.0
26609	0.0	0.0	0.0	0.35714285714285715	0.0	0.0	0.9126984126984127	0.6111111111111112	0.0	0.6746031746031746	0.8809523809523809	0.9761904761904762	0.06349206349206349	0.0	1.0	1.0	0.0	1.0	0.0	1.0	0.0	0.0	1.0	1.0
26610	0.0	0.8431372549019608	0.0	0.8496732026143791	0.0	0.0	0.0	0.09803921568627451	0.0	1.0	0.477124183006536	1.0	0.0	0.0	1.0	1.0	0.0	1.0	0.0	1.0	0.0	0.0	0.9411764705882353	1.0
26611	0.0	0.9382716049382716	0.0	1.0	0.0	0.0	0.6765432098765433	0.5185185185185185	0.0	1.0	1.0	0.8987654320987655	0.0	0.0	0.8641975308641975	0.9703703703703703	0.0	1.0	0.5654320987654321	1.0	0.0	0.4469135802469136	0.8691358024691358	1.0
26612	0.0	0.9826839826839827	0.0	0.5454545454545454	0.0	0.0	0.48484848484848486	0.9372294372294372	0.0	1.0	1.0	0.7294372294372294	0.0	0.17532467532467533	0.9935064935064936	1.0	0.0	1.0	0.7359307359307359	1.0	0.09523809523809523	0.0	1.0	1.0
26613	0.8953488372093024	0.6821705426356589	0.0	1.0	0.0	0.2868217054263566	1.0	0.36046511627906974	0.9224806201550387	1.0	1.0	0.0	0.4263565891472868	0.5077519379844961	0.8488372093023255	1.0	0.5852713178294574	1.0	0.9496124031007752	1.0	0.40310077519379844	0.5852713178294574	1.0	1.0
26614	0.0	0.2857142857142857	0.0	1.0	0.0	0.0	1.0	0.9238095238095239	0.0	1.0	1.0	0.0	0.0	0.0	1.0	1.0	0.0	1.0	0.19047619047619047	1.0	0.0	0.6571428571428571	1.0	1.0
26615	0.0	0.47297297297297297	0.0	0.0	0.0	0.0	0.963963963963964	0.38288288288288286	0.0	1.0	0.45495495495495497	0.3738738738738739	0.0	0.0	0.7747747747747747	1.0	0.0	0.42342342342342343	0.7567567567567568	1.0	0.0	0.42342342342342343	0.6036036036036037	1.0
26616	0.0	0.8757062146892656	0.0	0.4971751412429379	0.2580037664783427	0.0	0.5499058380414312	0.480225988700565	0.0	1.0	1.0	0.2278719397363465	0.0	0.0	1.0	1.0	0.0	1.0	0.7024482109227872	1.0	0.1638418079096045	0.0	0.8907721280602636	1.0
26617	0.0	0.43333333333333335	0.0	0.058333333333333334	0.0	0.0	0.875	0.7833333333333333	0.0	1.0	0.725	0.7	0.0	0.0	1.0	1.0	0.0	1.0	0.675	1.0	0.0	0.0	0.9388888888888889	1.0
26618	0.2089041095890411	0.9394977168949772	0.05707762557077625	0.6484018264840182	0.0	0.0	0.9406392694063926	0.4703196347031963	0.0	1.0	0.7442922374429224	0.4726027397260274	0.0	0.22146118721461186	0.8538812785388128	0.9623287671232876	0.0	0.8013698630136986	0.3789954337899543	1.0	0.20319634703196346	0.0	0.6495433789954338	1.0
26619	0.0	1.0	0.45017182130584193	0.35738831615120276	0.0	0.0	0.9278350515463918	0.4020618556701031	0.0	1.0	1.0	0.6735395189003437	0.0	0.0	0.852233676975945	1.0	0.0	0.9587628865979382	0.6391752577319587	1.0	0.12027491408934708	0.0	1.0	1.0
26620	0.0	0.352046783625731	0.4807017543859649	0.752046783625731	0.0	0.0	0.7497076023391813	0.8783625730994152	0.0	1.0	0.9941520467836257	0.5391812865497077	0.0	0.0	0.7368421052631579	0.9929824561403509	0.0	0.9192982456140351	0.7894736842105263	1.0	0.0	0.0	0.895906432748538	1.0
26621	0.6692708333333334	1.0	0.0	1.0	0.0	0.0	0.875	0.7526041666666666	0.0	1.0	0.7708333333333334	0.2942708333333333	0.2760416666666667	0.0	0.7838541666666666	1.0	0.6276041666666666	1.0	0.8203125	1.0	0.0	0.049479166666666664	0.9322916666666666	1.0
26622	0.0	0.7135416666666666	0.0	0.9878472222222222	0.0	0.0	0.7760416666666666	0.5329861111111112	0.0	0.9774305555555556	1.0	0.5850694444444444	0.0	0.19270833333333334	0.9809027777777778	1.0	0.0	0.9982638888888888	0.6649305555555556	1.0	0.0	0.0	0.8055555555555556	1.0
26623	0.0	0.6230661040787623	0.29957805907172996	0.9170182841068917	0.0	0.0	0.6104078762306611	0.8832630098452883	0.0	1.0	0.9578059071729957	0.45569620253164556	0.29535864978902954	0.10689170182841069	1.0	1.0	0.0	0.8790436005625879	0.5021097046413502	1.0	0.0	0.0	1.0	1.0
26624	0.0	0.6265060240963856	0.0	1.0	0.0	0.0	1.0	1.0	0.0	1.0	1.0	0.5783132530120482	0.0	0.0	1.0	1.0	0.0	1.0	0.0	1.0	0.37751004016064255	0.4457831325301205	0.9236947791164659	1.0
26625	0.0	0.5780998389694042	0.0	0.8293075684380032	0.21256038647342995	0.0	0.8615136876006442	0.7777777777777778	0.0	1.0	1.0	0.5829307568438004	0.09822866344605476	0.0	0.9822866344605475	1.0	0.0	1.0	0.7697262479871175	1.0	0.394524959742351	0.01288244766505636	0.8454106280193237	1.0
26626	0.0	0.3459715639810427	0.13428120063191154	0.6097946287519748	0.0	0.0	0.65086887835703	0.6492890995260664	0.0	1.0	1.0	0.34755134281200634	0.0	0.0	0.5323854660347551	1.0	0.0	0.7962085308056872	0.5260663507109005	1.0	0.0	0.20063191153238547	0.9399684044233807	1.0
26627	0.0	0.8360655737704918	0.819672131147541	0.825136612021858	0.0	0.0	0.912568306010929	1.0	0.0	1.0	1.0	0.3333333333333333	0.0	0.0	1.0	0.7431693989071039	0.0	1.0	0.7158469945355191	1.0	0.0	0.5792349726775956	1.0	1.0
26628	0.0	1.0	1.0	0.8044871794871795	0.0	0.0	1.0	0.9775641025641025	0.0	1.0	0.7692307692307693	0.4551282051282051	0.14102564102564102	0.0	1.0	1.0	0.0	1.0	0.8717948717948718	1.0	0.0	0.0	0.9423076923076923	1.0
26629	0.0	1.0	0.0	0.0	0.0	0.0	0.0	0.8125	0.0	0.23958333333333334	1.0	0.90625	0.0	0.0	0.3333333333333333	0.0	0.0	1.0	0.0	0.9270833333333334	0.0	0.0	1.0	1.0
26630	0.0	0.746031746031746	0.0	0.4880952380952381	0.0	0.0	1.0	0.6031746031746031	0.0	1.0	1.0	0.5436507936507936	0.0	0.0	1.0	1.0	0.0	1.0	0.8571428571428571	1.0	0.0	0.5992063492063492	1.0	1.0
26631	0.0	0.6666666666666666	0.0	0.8066666666666666	0.0	0.0	1.0	0.47333333333333333	0.0	1.0	1.0	0.14666666666666667	0.0	0.0	1.0	0.9866666666666667	0.0	0.8866666666666667	0.0	1.0	0.0	0.0	1.0	1.0
26632	0.0	0.7425641025641025	0.26256410256410256	0.877948717948718	0.0	0.08615384615384615	0.764102564102564	0.7323076923076923	0.0	1.0	0.9569230769230769	0.9292307692307692	0.021538461538461538	0.08923076923076922	1.0	1.0	0.0	0.9558974358974359	0.8092307692307692	1.0	0.0	0.29025641025641025	1.0	1.0
26633	0.7044917257683215	0.25295508274231676	0.0	1.0	0.0	0.30260047281323876	0.6501182033096927	0.458628841607565	0.0	0.9929078014184397	0.7848699763593381	0.2458628841607565	0.0	0.0	1.0	1.0	0.0	0.8936170212765957	0.0	1.0	0.7375886524822695	0.0	0.8723404255319149	1.0
26634	0.0	0.48659003831417624	0.0	0.6436781609195402	0.0	0.0	1.0	1.0	0.48659003831417624	1.0	1.0	0.8237547892720306	0.0	0.0	0.89272030651341	0.9386973180076629	0.0	1.0	0.9003831417624522	1.0	0.27586206896551724	0.0	0.8850574712643678	1.0
26635	0.14616755793226383	0.9197860962566845	0.5989304812834224	1.0	0.0	0.0	0.7985739750445633	0.7611408199643493	0.0	1.0	1.0	0.7361853832442068	0.0	0.0766488413547237	1.0	1.0	0.0	1.0	0.6221033868092691	1.0	0.0	0.0	1.0	1.0
26636	0.0	0.7986241400875547	0.4446529080675422	0.8386491557223265	0.1207004377736085	0.0	0.7823639774859287	0.5522201375859912	0.07191994996873045	0.9949968730456535	0.9111944965603502	0.3439649781113196	0.06191369606003752	0.10756722951844903	0.9337085678549093	1.0	0.0	1.0	0.8036272670419012	1.0	0.0	0.0	0.9762351469668543	0.9949968730456535
26637	0.2607944732297064	0.0	0.08290155440414508	0.846286701208981	0.3747841105354059	0.2607944732297064	0.5544041450777202	0.6476683937823834	0.0	1.0	0.9775474956822107	0.5751295336787565	0.2158894645941278	0.0	0.9326424870466321	1.0	0.0	1.0	0.9222797927461139	1.0	0.0	0.0	0.6597582037996546	1.0
26638	0.0	0.8466076696165191	0.39085545722713866	0.724188790560472	0.3230088495575221	0.0	0.616519174041298	0.9572271386430679	0.0	1.0	0.8702064896755162	0.7123893805309734	0.0	0.0	1.0	1.0	0.0	0.9970501474926253	0.5353982300884956	1.0	0.11946902654867257	0.0	1.0	1.0
26639	0.36257309941520466	0.8888888888888888	0.4327485380116959	0.9824561403508771	0.0	0.0	1.0	0.5906432748538012	0.0	1.0	0.7777777777777778	0.8070175438596491	0.011695906432748537	0.7719298245614035	0.5906432748538012	1.0	0.0	1.0	0.4502923976608187	1.0	0.0	0.0	1.0	1.0
26640	0.0	0.8110403397027601	0.16631280962491155	0.9370134465675867	0.1521585279547063	0.0	0.6737438075017693	0.6610049539985846	0.0	1.0	0.9879688605803255	0.3708421797593772	0.3057324840764331	0.15569709837225762	0.970276008492569	1.0	0.17692852087756547	1.0	0.7855626326963907	1.0	0.0	0.3637650389242746	0.9723991507430998	1.0
26641	0.0	0.8481481481481481	0.40617283950617283	0.891358024691358	0.0	0.0	0.5901234567901235	0.8703703703703703	0.0	1.0	1.0	0.43950617283950616	0.0	0.0	0.991358024691358	1.0	0.0	1.0	0.3345679012345679	1.0	0.16666666666666666	0.3728395061728395	0.9876543209876543	1.0
26642	0.0	0.7469135802469136	0.5987654320987654	1.0	0.0	0.43209876543209874	0.5740740740740741	0.691358024691358	0.0	1.0	1.0	0.3395061728395062	0.0	0.0	0.8580246913580247	1.0	0.0	1.0	0.9691358024691358	1.0	0.030864197530864196	0.6358024691358025	1.0	1.0
26643	0.0	0.36877394636015326	0.0	0.8208812260536399	0.0	0.2662835249042146	0.8017241379310345	0.2768199233716475	0.0	1.0	0.735632183908046	0.2978927203065134	0.0	0.0	0.9492337164750958	0.9176245210727969	0.0	0.8649425287356322	0.7662835249042146	1.0	0.17911877394636017	0.0	0.9588122605363985	0.975095785440613
26644	0.0	0.5384615384615384	0.0	1.0	0.0	0.0	0.2948717948717949	0.5384615384615384	0.0	1.0	1.0	0.9358974358974359	0.0	0.34615384615384615	1.0	1.0	0.0	0.7243589743589743	0.0	1.0	0.0	0.0	1.0	0.967948717948718
26645	0.0	0.28958333333333336	0.475	0.24791666666666667	0.0	0.0	0.7854166666666667	0.5895833333333333	0.0	0.95	0.79375	0.7645833333333333	0.0	0.0	0.8791666666666667	1.0	0.0	1.0	0.3854166666666667	1.0	0.0	0.0	0.70625	1.0
26646	0.0	0.3722943722943723	0.25216450216450215	0.8344155844155844	0.0	0.0	0.5335497835497836	0.7640692640692641	0.0	1.0	0.9318181818181818	0.7056277056277056	0.0	0.0	0.9783549783549783	0.9924242424242424	0.0	1.0	0.43073593073593075	1.0	0.19480519480519481	0.0	0.8614718614718615	1.0
26647	0.45345345345345345	0.5975975975975976	0.0	0.8528528528528528	0.0	0.4024024024024024	0.4924924924924925	0.0	0.0	1.0	0.7027027027027027	0.3123123123123123	0.0	0.06306306306306306	0.9129129129129129	1.0	0.0	0.984984984984985	0.6966966966966966	1.0	0.45345345345345345	0.0	1.0	1.0
26648	0.040740740740740744	0.1925925925925926	0.5111111111111111	0.5148148148148148	0.0	0.0	1.0	0.9259259259259259	0.0	1.0	1.0	0.2740740740740741	0.0	0.6	1.0	1.0	0.0	1.0	0.9074074074074074	1.0	0.0	0.0	1.0	1.0
26649	0.0	0.6410256410256411	0.48717948717948717	0.4017094017094017	0.0	0.5042735042735043	1.0	1.0	0.0	1.0	1.0	0.4700854700854701	0.0	0.0	0.13675213675213677	1.0	0.0	0.48717948717948717	1.0	1.0	0.0	0.0	0.5555555555555556	1.0
26650	0.0	0.6339869281045751	0.6535947712418301	0.8823529411764706	0.0	0.0	0.6928104575163399	0.0	0.0	1.0	1.0	0.826797385620915	0.27450980392156865	0.39869281045751637	0.9183006535947712	1.0	0.0	0.9248366013071896	1.0	1.0	0.3366013071895425	0.48366013071895425	0.8529411764705882	1.0
26651	0.0	0.5933806146572104	0.2222222222222222	0.7186761229314421	0.0	0.0	0.817966903073286	1.0	0.0	1.0	1.0	0.7659574468085106	0.3404255319148936	0.24113475177304963	1.0	1.0	0.0	0.8557919621749409	0.7990543735224587	1.0	0.0	0.0	1.0	1.0
26652	0.0	0.9305555555555556	0.3819444444444444	1.0	0.6736111111111112	0.0	0.2847222222222222	1.0	0.0	1.0	1.0	0.1736111111111111	0.0	0.0	1.0	1.0	0.0	1.0	0.3888888888888889	1.0	0.0	0.0	1.0	1.0
26653	0.0	0.874251497005988	0.4091816367265469	0.9680638722554891	0.0	0.0	0.37325349301397204	0.9161676646706587	0.0	1.0	0.9640718562874252	0.8003992015968064	0.0	0.4870259481037924	1.0	1.0	0.0	1.0	1.0	1.0	0.21157684630738524	0.4091816367265469	0.908183632734531	1.0
26654	0.0	0.9814814814814815	0.4660493827160494	0.9969135802469136	0.0	0.0	0.7777777777777778	0.7746913580246914	0.0	1.0	0.9938271604938271	0.3734567901234568	0.0	0.49074074074074076	0.9969135802469136	1.0	0.4660493827160494	0.9783950617283951	0.24074074074074073	1.0	0.024691358024691357	0.009259259259259259	0.9845679012345679	1.0
26655	0.0	0.9339477726574501	0.35023041474654376	0.9662058371735791	0.0	0.17511520737327188	0.9800307219662059	0.6620583717357911	0.0	0.9708141321044547	0.9585253456221198	0.9662058371735791	0.4147465437788018	0.0	1.0	0.9708141321044547	0.0	0.9324116743471582	0.8986175115207373	1.0	0.0	0.46390168970814133	0.9692780337941628	0.9662058371735791
26656	0.0	0.32142857142857145	0.0	0.8976190476190476	0.0	0.08095238095238096	0.5119047619047619	0.5666666666666667	0.0	1.0	0.7523809523809524	0.46190476190476193	0.0	0.6785714285714286	0.9738095238095238	1.0	0.0	0.8833333333333333	0.6904761904761905	1.0	0.0	0.0	0.95	1.0
26657	0.24025457438345266	0.9466984884645983	0.11217183770883055	0.7613365155131265	0.2609387430389817	0.0	0.6968973747016707	0.6284805091487669	0.0	1.0	0.9618138424821002	0.3524264120922832	0.0	0.0	0.9331742243436754	0.960222752585521	0.0	0.7947494033412887	0.6587112171837709	1.0	0.12728719172633254	0.24025457438345266	0.9880668257756563	1.0
26658	0.0	0.2781316348195329	0.30148619957537154	0.5116772823779193	0.0	0.0	0.8577494692144374	0.0	0.4819532908704883	1.0	1.0	0.37579617834394907	0.5668789808917197	0.0	0.861995753715499	1.0	0.0	0.9957537154989384	0.6050955414012739	1.0	0.1762208067940552	0.0	0.89171974522293	1.0
26659	0.0	0.008333333333333333	0.0	1.0	0.0	0.0	0.06666666666666667	0.0	0.0	1.0	0.0	0.5833333333333334	0.0	0.0	1.0	1.0	0.0	1.0	0.058333333333333334	1.0	0.0	0.0	1.0	1.0
26660	0.0	0.0	0.0	0.0	0.0	0.0	0.9716312056737588	0.0	0.0	0.9858156028368794	0.24822695035460993	0.9716312056737588	0.0	0.0	0.624113475177305	0.9858156028368794	0.0	0.1347517730496454	0.0	0.6382978723404256	0.0	0.0	0.9290780141843972	0.9716312056737588
26661	0.0	1.0	0.0	0.8819444444444444	0.0	0.0	0.6458333333333334	0.875	0.0	1.0	0.5902777777777778	0.9513888888888888	0.0	0.0	1.0	1.0	0.0	0.9375	0.22916666666666666	0.9861111111111112	0.0	0.0	1.0	1.0
26662	0.0	0.9148936170212766	0.0	0.925531914893617	0.0	0.0	0.8475177304964538	0.5035460992907801	0.0	1.0	1.0	0.4078014184397163	0.25177304964539005	0.0	0.8297872340425532	1.0	0.0	1.0	1.0	1.0	0.0	0.0	1.0	1.0
26663	0.0	1.0	0.6428571428571429	1.0	0.0	0.0	0.9255952380952381	0.3005952380952381	0.0	1.0	1.0	0.7172619047619048	0.3869047619047619	0.0	1.0	1.0	0.0	1.0	0.6101190476190477	1.0	0.0	0.0	1.0	1.0
26664	0.0	0.41365461847389556	0.0	1.0	0.0	0.0	0.8955823293172691	0.8112449799196787	0.0	1.0	0.9558232931726908	0.0	0.0	0.0	0.9558232931726908	1.0	0.0	1.0	1.0	1.0	0.0	0.0	1.0	1.0
26665	0.0	1.0	0.10344827586206896	1.0	0.0	0.0	1.0	0.5172413793103449	0.0	1.0	1.0	0.6973180076628352	0.0	0.0	1.0	1.0	0.0	1.0	0.2950191570881226	1.0	0.0	0.0	1.0	1.0
26666	0.0	0.5296296296296297	0.674074074074074	0.6111111111111112	0.0	0.0	0.0	0.24814814814814815	0.0	0.9888888888888889	0.2740740740740741	0.8444444444444444	0.0	0.0	0.6074074074074074	0.9777777777777777	0.0	1.0	0.45925925925925926	1.0	0.0	0.0	1.0	1.0
26667	0.0	0.717391304347826	0.0	0.2536231884057971	0.0	0.0	0.9782608695652174	0.18840579710144928	0.0	1.0	0.8043478260869565	0.2898550724637681	0.0	0.0	0.4420289855072464	0.9782608695652174	0.0	0.2971014492753623	0.5579710144927537	1.0	0.0	0.0	1.0	1.0
26668	0.0	0.5272727272727272	0.0	1.0	0.0	0.0	1.0	0.7272727272727273	0.0	1.0	0.3515151515151515	1.0	0.0	0.4484848484848485	1.0	1.0	0.0	1.0	0.6242424242424243	1.0	0.5878787878787879	0.0	1.0	1.0
26669	0.0	0.8564476885644768	0.2548661800486618	0.8795620437956204	0.0	0.0	0.5012165450121655	0.6648418491484185	0.05900243309002433	1.0	1.0	0.42274939172749393	0.16909975669099755	0.0	0.9768856447688564	1.0	0.0	0.9805352798053528	0.6654501216545012	1.0	0.0	0.0	0.9379562043795621	1.0
26670	0.0	0.9078947368421053	0.0	0.9912280701754386	0.0	0.0	0.5701754385964912	0.10964912280701754	0.0	0.9166666666666666	0.9868421052631579	0.7236842105263158	0.0	0.0	0.5043859649122807	0.9166666666666666	0.0	0.6052631578947368	0.8552631578947368	0.9517543859649122	0.0	0.0	1.0	0.9956140350877193
26671	0.0	0.38451443569553806	0.6181102362204725	0.7755905511811023	0.0	0.0	0.7834645669291339	0.8136482939632546	0.0	1.0	0.8753280839895013	0.4409448818897638	0.0	0.0	0.9908136482939632	1.0	0.2073490813648294	0.973753280839895	0.7296587926509186	1.0	0.2690288713910761	0.0	0.9002624671916011	1.0
26672	0.0	0.8772727272727273	0.0	0.7621212121212121	0.0	0.0	0.8378787878787879	0.296969696969697	0.0	1.0	1.0	0.16363636363636364	0.0	0.20757575757575758	0.8984848484848484	1.0	0.1696969696969697	0.6984848484848485	0.35454545454545455	1.0	0.0	0.0	0.6696969696969697	1.0
26673	0.0	0.8680555555555556	0.0	0.7951388888888888	0.0	0.0	0.8888888888888888	0.5104166666666666	0.0	1.0	0.9027777777777778	0.34375	0.0	0.0	0.9826388888888888	1.0	0.0	1.0	0.9756944444444444	1.0	0.0	0.0	1.0	1.0
26674	0.0	0.5461538461538461	0.0	0.9871794871794872	0.0	0.0	0.6794871794871795	0.9769230769230769	0.0	0.982051282051282	0.9794871794871794	0.32051282051282054	0.4282051282051282	0.0	0.958974358974359	0.9897435897435898	0.0	0.9333333333333333	0.7846153846153846	0.982051282051282	0.0	0.0	0.6717948717948717	0.9205128205128205
26675	0.0	1.0	0.0	1.0	0.1111111111111111	0.0	0.45454545454545453	0.5555555555555556	0.0	1.0	1.0	1.0	0.35353535353535354	0.0	0.9696969696969697	1.0	0.0	1.0	1.0	1.0	0.0	0.9191919191919192	1.0	1.0
26676	0.0	1.0	0.0	1.0	0.7291666666666666	0.0	0.9652777777777778	0.5	0.0	1.0	1.0	0.8055555555555556	0.0	0.0	1.0	1.0	0.0	1.0	1.0	1.0	0.0	0.9930555555555556	1.0	1.0
26677	0.0	1.0	1.0	1.0	0.0	0.0	0.9968253968253968	1.0	0.0	1.0	1.0	1.0	0.2222222222222222	0.326984126984127	1.0	1.0	0.0	1.0	1.0	1.0	0.4888888888888889	0.19047619047619047	1.0	1.0
26678	0.0	1.0	0.0	0.8226950354609929	0.0	0.0	1.0	0.0	0.0	1.0	0.7872340425531915	0.5673758865248227	0.0	0.0	1.0	1.0	0.0	1.0	1.0	1.0	0.0	0.4397163120567376	1.0	1.0
26679	0.0	0.6966067864271457	0.0	1.0	0.0	0.0	0.8922155688622755	0.7065868263473054	0.0	1.0	1.0	0.45109780439121755	0.49101796407185627	0.0	1.0	1.0	0.0	0.9780439121756487	0.7485029940119761	1.0	0.2315369261477046	0.0	0.9560878243512974	1.0
26680	0.0	0.375	0.0	0.8154761904761905	0.0	0.0	0.8988095238095238	1.0	0.0	1.0	1.0	1.0	0.0	0.0	1.0	1.0	0.0	1.0	1.0	1.0	0.0	0.0	1.0	1.0
26681	0.0	0.593939393939394	0.9878787878787879	1.0	0.0	0.0	0.8848484848484849	0.7575757575757576	0.0	1.0	1.0	0.6	0.0	0.0	1.0	1.0	0.0	1.0	1.0	1.0	0.0	0.4484848484848485	1.0	1.0
26682	0.0	0.4549019607843137	0.054901960784313725	1.0	0.0	0.0	0.7294117647058823	0.8823529411764706	0.0	1.0	1.0	0.5647058823529412	0.0	0.42745098039215684	1.0	1.0	0.0	1.0	0.5490196078431373	1.0	0.0	0.9411764705882353	1.0	1.0
26683	0.0	0.927710843373494	0.3534136546184739	0.7389558232931727	0.0	0.0	0.7108433734939759	0.7228915662650602	0.0	1.0	1.0	0.41365461847389556	0.0	0.0	1.0	1.0	0.0	1.0	0.5421686746987951	1.0	0.0	0.0	0.6144578313253012	1.0
26684	0.0	0.39064856711915535	0.20361990950226244	0.8059326294620413	0.0	0.0	0.5037707390648567	0.4479638009049774	0.0	1.0	0.7300150829562594	0.7164404223227753	0.05379587732528909	0.05731523378582202	0.7817998994469583	0.8456510809451986	0.0	0.9884364002011061	0.8712921065862242	1.0	0.21568627450980393	0.2513826043237808	0.9773755656108597	0.9959778783308195
26685	0.0	0.5745614035087719	0.0	1.0	0.0	0.0	0.5964912280701754	0.6885964912280702	0.0	1.0	1.0	0.49122807017543857	0.0	0.0	1.0	0.8991228070175439	0.0	0.8421052631578947	1.0	1.0	0.5526315789473685	0.0	1.0	1.0
26686	0.0	0.7023809523809523	0.0	0.8660714285714286	0.0	0.0	0.75	0.9166666666666666	0.0	0.9553571428571429	1.0	0.4226190476190476	0.0	0.0	0.6011904761904762	1.0	0.0	0.6369047619047619	0.7232142857142857	1.0	0.0	0.0	1.0	1.0
26687	0.0	0.7416666666666667	0.6104166666666667	1.0	0.0	0.0	0.9125	0.8208333333333333	0.0	1.0	0.9229166666666667	0.2625	0.0	0.3104166666666667	1.0	0.9625	0.0	0.9125	0.0	1.0	0.2	0.125	0.96875	1.0
26688	0.14496314496314497	0.6511056511056511	0.24651924651924653	0.9009009009009009	0.0	0.0	0.9680589680589681	0.678951678951679	0.0	1.0	0.9795249795249795	0.7043407043407044	0.0	0.17854217854217855	0.9959049959049959	1.0	0.0	0.914004914004914	0.6486486486486487	1.0	0.20393120393120392	0.0	0.7944307944307945	1.0
26689	0.0	0.2755102040816326	0.6972789115646258	0.6768707482993197	0.0	0.0	0.9761904761904762	0.5782312925170068	0.0	1.0	0.7721088435374149	0.445578231292517	0.0	0.0	1.0	0.9965986394557823	0.0	1.0	0.2653061224489796	1.0	0.0	0.0	0.7585034013605442	1.0
26690	0.0	0.41423948220064727	0.0	0.8915857605177994	0.0	0.0	0.27993527508090615	0.8122977346278317	0.0	1.0	0.9951456310679612	0.34627831715210355	0.1488673139158576	0.0	0.7621359223300971	1.0	0.0	0.9983818770226537	0.6731391585760518	1.0	0.0	0.0	0.6456310679611651	0.9983818770226537
26691	0.0	0.793718772305496	0.022840827980014276	0.6780870806566738	0.0	0.0	0.8101356174161314	0.5952890792291221	0.0	1.0	0.8822269807280514	0.6188436830835118	0.0	0.0	0.8129907209136331	0.9850107066381156	0.0	0.8693790149892934	0.3668807994289793	1.0	0.0	0.2648108493932905	0.8772305496074233	1.0
26692	0.0	1.0	0.26811594202898553	0.6376811594202898	0.0	0.0	1.0	0.0	0.0	1.0	0.9927536231884058	0.9420289855072463	0.0	0.0	0.9420289855072463	1.0	0.0	1.0	1.0	1.0	0.0	0.0	1.0	1.0
26693	0.0	0.7624750499001997	0.4491017964071856	0.9341317365269461	0.0	0.0	0.8522954091816367	0.6107784431137725	0.0	1.0	1.0	0.0	0.0	0.0	1.0	1.0	0.0	1.0	1.0	1.0	0.041916167664670656	0.0	0.9620758483033932	1.0
26694	0.0	0.6707717569786535	0.3891625615763547	0.9753694581280788	0.0	0.0	0.8866995073891626	0.6732348111658456	0.0	1.0	0.8653530377668309	0.458128078817734	0.13054187192118227	0.0	0.8637110016420362	0.9926108374384236	0.0	0.8809523809523809	0.8399014778325123	0.9753694581280788	0.0812807881773399	0.0	0.7594417077175698	0.9967159277504105
26695	0.0	0.6851851851851852	0.0	0.8412698412698413	0.0	0.0	0.746031746031746	0.8306878306878307	0.0	0.9338624338624338	0.9232804232804233	0.30687830687830686	0.28835978835978837	0.0	0.5873015873015873	0.9576719576719577	0.0	0.6428571428571429	0.0	0.9947089947089947	0.0	0.3439153439153439	0.7195767195767195	1.0
26696	0.0	0.3310344827586207	0.7609195402298851	0.8344827586206897	0.34022988505747126	0.0	1.0	0.6735632183908046	0.0	1.0	0.9632183908045977	0.6367816091954023	0.0	0.0	1.0	1.0	0.0	1.0	0.9701149425287356	1.0	0.3425287356321839	0.0	1.0	1.0
26697	0.0	0.680952380952381	0.24761904761904763	0.42142857142857143	0.10714285714285714	0.0	0.8238095238095238	0.5952380952380952	0.0	1.0	0.8142857142857143	0.8119047619047619	0.0	0.0	0.7619047619047619	1.0	0.0	1.0	0.7976190476190477	1.0	0.0	0.0	0.7357142857142858	1.0
26698	0.9349593495934959	0.6666666666666666	0.0	0.9471544715447154	0.6422764227642277	0.0	0.8048780487804879	0.6910569105691057	0.0	0.9959349593495935	0.926829268292683	0.3943089430894309	0.0	0.0	0.6910569105691057	0.9349593495934959	0.0	1.0	0.9471544715447154	1.0	0.0	0.0	0.9349593495934959	1.0
26699	0.0	0.0	0.11627906976744186	0.4883720930232558	0.0	0.0	0.24289405684754523	0.6666666666666666	0.0	0.4883720930232558	0.7131782945736435	0.3979328165374677	0.0	0.0	0.5555555555555556	0.8087855297157622	0.0	0.5116279069767442	0.8397932816537468	0.6770025839793282	0.0	0.4625322997416021	0.4883720930232558	0.9457364341085271
26700	0.0	0.8865877712031558	0.1794871794871795	0.8362919132149902	0.2465483234714004	0.14003944773175542	0.621301775147929	0.5887573964497042	0.0	1.0	0.9536489151873767	0.7869822485207101	0.27120315581854043	0.0	0.9575936883629191	1.0	0.0	0.9704142011834319	0.46055226824457596	1.0	0.0	0.1252465483234714	0.9990138067061144	1.0
26701	0.13193322563274099	0.40010770059235323	0.17447495961227788	0.9515347334410339	0.0	0.10339256865912763	0.5831987075928917	0.8244480344641896	0.0	1.0	0.9359181475498115	0.5718901453957996	0.16101238556812061	0.0	0.9483037156704361	1.0	0.0	0.9919224555735057	0.8179859989229941	1.0	0.07108239095315025	0.24932687129779213	0.9273021001615509	1.0
26702	0.0	0.435632183908046	0.10114942528735632	0.9586206896551724	0.0	0.0	0.7195402298850575	0.5229885057471264	0.0	1.0	0.906896551724138	0.6494252873563219	0.19425287356321838	0.0	0.8091954022988506	1.0	0.0	1.0	0.5827586206896552	1.0	0.0	0.39080459770114945	0.8632183908045977	1.0
26703	0.0	0.7056827820186599	0.45631891433418154	0.6649703138252756	0.11195928753180662	0.0	0.899067005937235	0.5182357930449534	0.0	1.0	1.0	0.3791348600508906	0.0	0.0	0.7574215436810857	1.0	0.0	0.9737065309584394	0.536047497879559	1.0	0.17896522476675147	0.2595419847328244	0.9279050042408821	1.0
26704	0.33666666666666667	0.0	0.0	1.0	0.0	0.0	0.81	1.0	0.0	1.0	0.9766666666666667	0.52	0.0	0.0	0.7866666666666666	1.0	0.0	1.0	0.36666666666666664	1.0	0.0	0.89	0.87	1.0
26705	0.00591016548463357	0.5047281323877069	0.2293144208037825	1.0	0.1359338061465721	0.1607565011820331	0.5721040189125296	0.624113475177305	0.0	1.0	0.8806146572104019	0.10047281323877069	0.0	0.0	0.8947990543735225	0.9042553191489362	0.0	0.8605200945626478	0.7269503546099291	1.0	0.0	0.0	0.9929078014184397	1.0
26706	0.0	0.3333333333333333	0.0	1.0	0.0	0.0	0.799410029498525	0.43952802359882004	0.0	1.0	0.7935103244837758	0.5663716814159292	0.0	0.0	1.0	1.0	0.0	1.0	0.0	1.0	0.30973451327433627	0.0	0.8613569321533924	1.0
26707	0.0	0.45904761904761904	0.11873015873015873	0.7701587301587302	0.0	0.0	0.9619047619047619	0.6431746031746032	0.0	1.0	0.6044444444444445	0.433015873015873	0.0	0.0	0.7612698412698413	0.9523809523809523	0.0	0.9936507936507937	0.4895238095238095	1.0	0.13777777777777778	0.11047619047619048	0.9015873015873016	1.0
26708	0.0	0.011337868480725623	0.0	0.7074829931972789	0.0	0.0	0.8163265306122449	0.981859410430839	0.0	1.0	0.9251700680272109	0.9251700680272109	0.0	0.3900226757369615	1.0	1.0	0.0	1.0	0.6417233560090703	1.0	0.0	0.0	1.0	1.0
26709	0.0	0.425414364640884	0.0	0.9060773480662984	0.0	0.0	0.9521178637200737	0.01289134438305709	0.0	1.0	0.996316758747698	0.3462246777163904	0.13075506445672191	0.0	1.0	1.0	0.39042357274401474	0.9852670349907919	0.6058931860036832	1.0	0.0	0.3001841620626151	0.9760589318600368	1.0
26710	0.3903133903133903	0.2678062678062678	0.4301994301994302	0.8247863247863247	0.0	0.0	0.9430199430199431	0.9045584045584045	0.0	1.0	1.0	0.3262108262108262	0.0	0.0	0.8561253561253561	0.9700854700854701	0.0	1.0	0.5612535612535613	1.0	0.0	0.0	1.0	1.0
26711	0.0	0.7122395833333334	0.5	0.6354166666666666	0.0	0.0	0.5911458333333334	0.7096354166666666	0.0	1.0	1.0	0.7278645833333334	0.28515625	0.11067708333333333	0.96484375	1.0	0.0	0.95703125	0.5182291666666666	1.0	0.0	0.0	0.81640625	1.0
26712	0.06267806267806268	0.5997150997150997	0.22507122507122507	0.9757834757834758	0.0	0.0	0.6894586894586895	0.41452991452991456	0.0	1.0	1.0	0.7008547008547008	0.0	0.0	1.0	0.9188034188034188	0.0	0.7877492877492878	0.6467236467236467	1.0	0.0	0.0	1.0	1.0
26713	0.28535353535353536	1.0	0.39646464646464646	1.0	0.0	0.0	1.0	0.9873737373737373	0.0	1.0	1.0	0.9646464646464646	0.0	0.0	0.8156565656565656	1.0	0.0	1.0	0.5176767676767676	1.0	0.0	0.0	1.0	1.0
26714	0.0741733690795353	0.6005361930294906	0.33065236818588023	0.6934763181411975	0.21000893655049152	0.10545129579982127	0.9374441465594281	0.5067024128686327	0.0	1.0	0.8453976764968723	0.47899910634495085	0.17962466487935658	0.0	0.9955317247542449	1.0	0.0	0.934763181411975	0.450402144772118	1.0	0.0	0.0	0.9892761394101877	1.0
26715	0.0	0.43768115942028984	0.3101449275362319	0.8028985507246377	0.0	0.0	0.34202898550724636	0.0	0.0	1.0	0.7478260869565218	0.5739130434782609	0.0	0.0	0.9333333333333333	0.991304347826087	0.0	1.0	0.0	0.9884057971014493	0.0	0.0	0.7507246376811594	0.9420289855072463
26716	0.0	0.8809523809523809	0.0	1.0	0.0	0.0	0.6369047619047619	0.9107142857142857	0.0	1.0	1.0	1.0	0.0	0.0	1.0	1.0	0.0	0.8690476190476191	0.42857142857142855	1.0	0.0	0.0	1.0	1.0
26717	0.0	0.4444444444444444	0.0	0.9487179487179487	0.0	0.0	0.811965811965812	0.7094017094017094	0.0	1.0	0.8461538461538461	0.5470085470085471	0.0	0.0	1.0	1.0	0.0	0.23931623931623933	0.6452991452991453	1.0	0.3504273504273504	0.0	0.9786324786324786	1.0
26718	0.0	0.0	0.7230046948356808	1.0	0.41784037558685444	0.0	0.9483568075117371	1.0	0.0	1.0	0.8826291079812206	0.323943661971831	0.0	0.0	0.4647887323943662	1.0	0.7464788732394366	1.0	0.0	1.0	0.0	0.41784037558685444	1.0	1.0
26719	0.0	0.41304347826086957	0.38164251207729466	0.6521739130434783	0.0	0.0	0.3333333333333333	1.0	0.0	1.0	0.7391304347826086	0.18115942028985507	0.0	0.0	0.9541062801932367	1.0	0.0	1.0	0.8454106280193237	1.0	0.0	0.8478260869565217	1.0	1.0
26720	0.0	0.6666666666666666	0.0	1.0	0.25	0.0	1.0	0.7037037037037037	0.0	1.0	0.8379629629629629	0.4212962962962963	0.0	0.0	1.0	1.0	0.0	1.0	0.9768518518518519	1.0	0.0	0.5462962962962963	0.8194444444444444	1.0
26721	0.0	0.3954575818303273	0.11088844355377421	0.7762191048764195	0.0	0.0	0.4562458249832999	0.4729458917835671	0.0	0.9452237808951236	0.8577154308617234	0.37942551770207084	0.0	0.09686038744154976	0.8430193720774883	0.8503674014696059	0.0	0.9806279225116901	0.7241148964595858	1.0	0.0	0.0	0.9011356045424181	1.0
26722	0.0	0.7548387096774194	0.14838709677419354	0.6731182795698925	0.0	0.0	0.7505376344086021	0.7268817204301076	0.0	1.0	1.0	0.6817204301075269	0.0	0.0	1.0	1.0	0.0	0.810752688172043	0.5741935483870968	1.0	0.0	0.0	1.0	1.0
26723	0.25396825396825395	1.0	0.37566137566137564	1.0	0.0	0.0	0.8677248677248677	0.43915343915343913	0.0	1.0	1.0	0.0	0.0	0.0	0.1111111111111111	1.0	0.0	1.0	0.7407407407407407	1.0	0.0	0.0	1.0	1.0
26724	0.0	1.0	0.5876288659793815	0.8350515463917526	0.061855670103092786	0.0	0.872852233676976	0.5738831615120275	0.0	1.0	1.0	0.9003436426116839	0.0	0.0	1.0	1.0	0.0	1.0	0.23024054982817868	1.0	0.0	0.0	0.9140893470790378	1.0
26725	0.0	0.5679012345679012	0.0	0.5771604938271605	0.5092592592592593	0.0	0.1728395061728395	0.08024691358024691	0.0	1.0	1.0	0.6388888888888888	0.0	0.0	0.7191358024691358	1.0	0.0	1.0	0.5061728395061729	1.0	0.3549382716049383	0.0	0.8395061728395061	1.0
26726	0.0	0.9402298850574713	0.38850574712643676	1.0	0.17701149425287357	0.42298850574712643	0.9770114942528736	0.7770114942528735	0.0	1.0	1.0	0.8275862068965517	0.1310344827586207	0.2896551724137931	1.0	1.0	0.0	1.0	0.9356321839080459	1.0	0.0	0.0	1.0	1.0
26727	0.33519553072625696	0.6722532588454376	0.28677839851024206	0.17318435754189945	0.0	0.0	0.9087523277467412	0.43202979515828677	0.0	0.9608938547486033	0.819366852886406	0.633147113594041	0.0	0.0	0.9553072625698324	1.0	0.0	1.0	0.478584729981378	0.9646182495344506	0.0	0.0	0.6759776536312849	0.9757914338919925
26728	0.0	0.5289017341040463	0.30539499036608864	0.8622350674373795	0.0	0.1252408477842004	0.9710982658959537	0.7129094412331407	0.09152215799614644	1.0	0.9797687861271677	0.7726396917148363	0.22639691714836224	0.17533718689788053	0.7186897880539499	1.0	0.0	1.0	1.0	1.0	0.2726396917148362	0.0	1.0	1.0
26729	0.0	0.40126382306477093	0.3886255924170616	0.16587677725118483	0.0	0.0	0.3222748815165877	0.44075829383886256	0.1911532385466035	1.0	1.0	0.5213270142180095	0.0	0.10268562401263823	0.9921011058451816	0.9936808846761453	0.0	0.976303317535545	1.0	1.0	0.12796208530805686	0.0	1.0	1.0
26730	0.0	0.43333333333333335	0.30714285714285716	0.9095238095238095	0.0	0.0	0.8	0.9261904761904762	0.0	0.9785714285714285	0.8166666666666667	0.4928571428571429	0.23333333333333334	0.09523809523809523	0.7976190476190477	1.0	0.0	1.0	0.919047619047619	1.0	0.0	0.0	1.0	1.0
26731	0.0	0.3952380952380952	0.6952380952380952	0.6238095238095238	0.0	0.0	0.19047619047619047	1.0	0.0	1.0	1.0	0.7333333333333333	0.0	0.719047619047619	1.0	1.0	0.0	0.9857142857142858	0.719047619047619	1.0	0.0	0.0	1.0	1.0
26732	0.0	0.7741935483870968	0.0	1.0	0.1259600614439324	0.0	0.8325652841781874	0.7373271889400922	0.0	1.0	0.9231950844854071	0.9078341013824884	0.0	0.0	0.8924731182795699	1.0	0.0	1.0	0.8817204301075269	1.0	0.0	0.4270353302611367	0.978494623655914	1.0
26733	0.0	0.944	0.5133333333333333	1.0	0.0	0.0	0.712	0.9466666666666667	0.0	1.0	1.0	0.8133333333333334	0.556	0.20133333333333334	0.988	1.0	0.0	0.9626666666666667	0.7346666666666667	1.0	0.19866666666666666	0.4026666666666667	0.976	1.0
26734	0.1879432624113475	0.4645390070921986	0.0	1.0	0.0	0.0	0.7606382978723404	0.7021276595744681	0.0	0.9432624113475178	0.9929078014184397	0.5921985815602837	0.2127659574468085	0.0	0.9804964539007093	0.9929078014184397	0.0	0.8687943262411347	0.4627659574468085	1.0	0.0	0.0	0.9769503546099291	0.9929078014184397
26735	0.3065326633165829	0.5376884422110553	0.4053601340033501	0.6365159128978225	0.0	0.0	0.47068676716917923	0.0	0.0	1.0	0.8911222780569514	0.0	0.0	0.0	0.6063651591289783	1.0	0.2529313232830821	0.9179229480737019	1.0	1.0	0.20268006700167504	0.0	0.932998324958124	1.0
26736	0.4496732026143791	0.8222222222222222	0.13071895424836602	0.8967320261437909	0.0	0.0	0.7189542483660131	0.6640522875816993	0.0	1.0	0.8901960784313725	0.6457516339869281	0.0	0.0	0.8836601307189542	1.0	0.0	1.0	0.5359477124183006	1.0	0.13986928104575164	0.15816993464052287	0.9045751633986928	1.0
26737	0.7073170731707317	1.0	0.44715447154471544	0.3333333333333333	0.0	0.0	1.0	0.5609756097560976	0.0	1.0	0.7967479674796748	0.0	0.0	0.0	0.6422764227642277	1.0	0.0	1.0	0.0	1.0	0.032520325203252036	0.8455284552845529	1.0	1.0
26738	0.0	0.7553282182438192	0.2847399829497016	0.9991474850809889	0.060528559249786874	0.0	0.8576300085251491	0.7442455242966752	0.0	1.0	0.9352088661551577	0.7894288150042625	0.0	0.236999147485081	0.9138959931798807	0.9803921568627451	0.0	0.835464620630861	0.8976982097186701	1.0	0.12446717817561807	0.1287297527706735	0.9445865302642796	1.0
26739	0.0	0.5185185185185185	0.2234567901234568	0.9259259259259259	0.3728395061728395	0.0	0.8395061728395061	0.7876543209876543	0.0	1.0	1.0	0.36419753086419754	0.1	0.16049382716049382	0.8345679012345679	1.0	0.0	0.8530864197530864	0.6666666666666666	1.0	0.19506172839506172	0.0	0.8382716049382716	1.0
26740	0.0	0.032520325203252036	0.926829268292683	0.8292682926829268	0.0	0.0	0.5609756097560976	1.0	0.0	1.0	0.032520325203252036	0.0	0.0	0.0	1.0	0.6178861788617886	0.0	0.983739837398374	1.0	0.7642276422764228	0.0	0.0	0.0	1.0
26741	0.0	0.009009009009009009	0.0	0.0	0.0	0.0	0.0990990990990991	0.7207207207207207	0.0	1.0	0.7657657657657657	0.0	0.0	0.0	1.0	1.0	0.0	0.9819819819819819	1.0	1.0	0.0	0.0	1.0	1.0
26742	0.5514705882352942	0.9142156862745098	0.4852941176470588	0.6715686274509803	0.0	0.0	0.9877450980392157	0.553921568627451	0.36764705882352944	1.0	0.8897058823529411	0.23284313725490197	0.0	0.0	1.0	1.0	0.46568627450980393	1.0	0.7426470588235294	1.0	0.23529411764705882	0.6225490196078431	0.8112745098039216	1.0
26743	0.0	0.458528951486698	0.0	0.7276995305164319	0.0	0.0	0.9812206572769953	0.9029733959311425	0.0	1.0	0.9233176838810642	0.27543035993740217	0.0	0.10641627543035993	1.0	1.0	0.0	1.0	0.6118935837245696	1.0	0.0	0.0	0.9420970266040689	1.0
26744	0.0	0.9221183800623053	0.4968847352024922	0.9813084112149533	0.0	0.0	0.9532710280373832	0.9875389408099688	0.0	1.0	0.9641744548286605	0.8894080996884736	0.0	0.0	1.0	1.0	0.0	0.9953271028037384	0.7274143302180686	1.0	0.09657320872274143	0.0	1.0	1.0
26745	0.0	0.3442622950819672	0.0	0.9836065573770492	0.0	0.0	0.912568306010929	0.825136612021858	0.0	1.0	1.0	0.0	0.0	0.0	1.0	1.0	0.0	1.0	0.546448087431694	1.0	0.4644808743169399	0.0	1.0	1.0
26746	0.0	0.8704883227176221	0.3205944798301486	0.9129511677282378	0.0	0.0	0.7197452229299363	0.9023354564755839	0.0	0.9490445859872612	0.8726114649681529	0.8407643312101911	0.3991507430997877	0.0	1.0	1.0	0.0	1.0	0.8556263269639066	1.0	0.0	0.0	0.861995753715499	1.0
26747	0.0	0.6138211382113821	0.0	0.6869918699186992	0.016260162601626018	0.0	1.0	0.3983739837398374	0.0	1.0	0.47560975609756095	0.032520325203252036	0.0	0.0	0.959349593495935	1.0	0.0	0.5040650406504065	0.4268292682926829	1.0	0.0	0.0	1.0	1.0
26748	0.0	0.08465608465608465	0.5661375661375662	0.7248677248677249	0.0	0.0	0.6666666666666666	0.10052910052910052	0.0	1.0	0.0	0.873015873015873	0.0	0.0	1.0	1.0	0.0	0.164021164021164	1.0	1.0	0.0	0.0	1.0	1.0
26749	0.051075268817204304	0.9077060931899642	0.0	0.9632616487455197	0.0	0.0	0.8673835125448028	0.8933691756272402	0.0	1.0	0.9695340501792115	0.7974910394265233	0.21594982078853048	0.3682795698924731	0.9668458781362007	0.992831541218638	0.0	1.0	0.8808243727598566	0.9865591397849462	0.0	0.0	0.828853046594982	1.0
26750	0.0	1.0	0.4632768361581921	0.9971751412429378	0.0	0.0	1.0	0.9491525423728814	0.2288135593220339	1.0	1.0	0.5621468926553672	0.6638418079096046	0.5282485875706214	0.9491525423728814	0.980225988700565	0.0	1.0	0.7966101694915254	0.9491525423728814	0.0	0.4576271186440678	1.0	1.0
26751	0.0	0.07713498622589532	0.18732782369146006	0.7575757575757576	0.0	0.0	1.0	0.7630853994490359	0.0	1.0	0.6859504132231405	0.25068870523415976	0.0	0.0	0.6418732782369146	1.0	0.0	1.0	0.7851239669421488	1.0	0.22589531680440772	0.20385674931129477	0.8677685950413223	1.0
26752	0.1781874039938556	0.9124423963133641	0.11059907834101383	0.946236559139785	0.15053763440860216	0.0	0.7127496159754224	0.9754224270353302	0.0	1.0	0.978494623655914	0.2227342549923195	0.0	0.0	0.9155145929339478	0.9523809523809523	0.0	0.8463901689708141	0.9293394777265745	1.0	0.0	0.14285714285714285	0.989247311827957	1.0
26753	0.15583075335397317	0.8751289989680082	0.1651186790505676	0.9917440660474717	0.0	0.0	0.7234262125902993	0.7069143446852425	0.0	1.0	1.0	0.3126934984520124	0.0	0.08875128998968008	0.7966976264189887	1.0	0.0	0.936016511867905	0.7781217750257998	1.0	0.13725490196078433	0.0	0.9587203302373581	1.0
26754	0.15345528455284552	0.7632113821138211	0.11941056910569106	0.8104674796747967	0.0	0.07621951219512195	0.725609756097561	0.7378048780487805	0.06707317073170732	1.0	0.7642276422764228	0.4486788617886179	0.0	0.061483739837398375	0.9466463414634146	1.0	0.0	1.0	0.7215447154471545	1.0	0.06504065040650407	0.30691056910569103	0.8963414634146342	1.0
26755	0.0	0.9787878787878788	0.5151515151515151	1.0	0.0	0.0	0.9	0.7696969696969697	0.0	1.0	0.693939393939394	0.25757575757575757	0.0	0.0	1.0	1.0	0.0	1.0	0.9939393939393939	1.0	0.0	0.0	1.0	1.0
26756	0.0	0.8325123152709359	0.23070607553366174	0.8669950738916257	0.03284072249589491	0.06814449917898194	0.9236453201970444	0.8275862068965517	0.0	1.0	1.0	0.6765188834154351	0.38587848932676516	0.2257799671592775	0.9638752052545156	1.0	0.0	0.9630541871921182	0.8834154351395731	1.0	0.17077175697865354	0.37192118226600984	1.0	1.0
26757	0.16452991452991453	0.8931623931623932	0.19017094017094016	0.9957264957264957	0.32264957264957267	0.0	1.0	0.8504273504273504	0.0	1.0	0.7713675213675214	1.0	0.0	0.0	0.9209401709401709	1.0	0.0	1.0	0.9444444444444444	1.0	0.0	0.31196581196581197	1.0	1.0
26758	0.0	0.9166666666666666	0.3541666666666667	0.859375	0.0	0.0	1.0	0.859375	0.0	1.0	1.0	0.546875	0.0	0.0	0.9895833333333334	1.0	0.5260416666666666	0.953125	0.8541666666666666	1.0	0.0	0.0	1.0	1.0
26759	0.10974178403755869	0.8086854460093896	0.2353286384976526	0.9953051643192489	0.1766431924882629	0.1942488262910798	0.8139671361502347	0.8004694835680751	0.0	1.0	0.9911971830985915	0.5815727699530516	0.08157276995305164	0.19718309859154928	0.971830985915493	0.9964788732394366	0.0	0.9688967136150235	0.79518779342723	1.0	0.10446009389671361	0.0	0.988849765258216	1.0
26760	0.0	1.0	0.7476190476190476	0.6238095238095238	0.0	0.0	0.7666666666666667	0.05238095238095238	0.0	1.0	1.0	0.2571428571428571	0.2619047619047619	0.8904761904761904	1.0	1.0	0.0	1.0	1.0	1.0	0.0	0.0	1.0	1.0
26761	0.1989247311827957	0.9043010752688172	0.4698924731182796	0.986021505376344	0.35053763440860214	0.15053763440860216	0.8881720430107527	0.7516129032258064	0.16881720430107527	1.0	1.0	0.6698924731182796	0.489247311827957	0.0	0.8709677419354839	1.0	0.0	1.0	0.7075268817204301	1.0	0.0	0.0	1.0	1.0
26762	0.0	0.016666666666666666	0.0	0.0	0.0	0.8166666666666667	0.65	0.0	0.0	0.3333333333333333	0.0	0.0	0.0	0.0	0.21666666666666667	1.0	0.0	0.9833333333333333	0.0	1.0	0.0	0.0	0.0	0.9666666666666667
26763	0.0	0.7124183006535948	0.3954248366013072	1.0	0.0	0.0915032679738562	0.7026143790849673	0.8660130718954249	0.0	1.0	0.7777777777777778	0.4803921568627451	0.0	0.0	1.0	1.0	0.0	1.0	0.0	1.0	0.0	0.0	0.9379084967320261	1.0
26764	0.7902298850574713	0.39655172413793105	0.12931034482758622	1.0	0.0	0.0	0.9109195402298851	0.9195402298850575	0.0	0.8189655172413793	1.0	0.40229885057471265	0.0	0.0	1.0	1.0	0.0	0.9827586206896551	0.9655172413793104	1.0	0.0	0.0	0.9798850574712644	1.0
26765	0.0	0.299625468164794	0.0	0.8726591760299626	0.0	0.0	0.41947565543071164	0.3970037453183521	0.0	1.0	0.7940074906367042	0.6479400749063671	0.0	0.0	1.0	1.0	0.0	0.5767790262172284	1.0	1.0	0.0	0.0	0.6966292134831461	1.0
26766	0.0	0.36211031175059955	0.0	1.0	0.0	0.0	0.8129496402877698	0.2829736211031175	0.0	1.0	0.31894484412470026	0.0	0.0	0.0	1.0	1.0	0.0	1.0	1.0	1.0	0.0	0.4244604316546763	1.0	1.0
26767	0.0	0.6744639376218323	0.29434697855750486	0.6471734892787524	0.0	0.0	0.7777777777777778	0.6842105263157895	0.0	1.0	1.0	0.6023391812865497	0.0	0.0682261208576998	0.9922027290448343	0.9785575048732943	0.0	0.9415204678362573	0.9259259259259259	1.0	0.0	0.29434697855750486	1.0	0.9980506822612085
26768	0.0	0.439766081871345	0.20116959064327486	0.9192982456140351	0.11345029239766082	0.0	0.7894736842105263	0.3532163742690059	0.0	1.0	0.9988304093567252	0.7286549707602339	0.0	0.0	0.7204678362573099	0.9976608187134502	0.0	0.9836257309941521	0.8116959064327486	0.9754385964912281	0.0	0.0	0.9777777777777777	0.9929824561403509
26769	0.0	0.7291291291291291	0.13933933933933934	0.8522522522522522	0.0	0.0	0.7693693693693694	0.7207207207207207	0.18138138138138138	1.0	0.857057057057057	0.4132132132132132	0.212012012012012	0.0	0.9537537537537537	1.0	0.0	0.9081081081081082	0.8642642642642643	1.0	0.10990990990990991	0.0	0.8318318318318318	1.0
26770	0.0	0.7152380952380952	0.19523809523809524	0.9657142857142857	0.22857142857142856	0.16285714285714287	0.9123809523809524	0.6485714285714286	0.0	1.0	0.9838095238095238	0.2838095238095238	0.0	0.0	0.8028571428571428	1.0	0.0	0.8371428571428572	0.8857142857142857	1.0	0.3523809523809524	0.2876190476190476	0.939047619047619	1.0
26771	0.0	0.514367816091954	0.2770935960591133	0.6403940886699507	0.04351395730706076	0.0	0.5952380952380952	0.6071428571428571	0.0	0.9766009852216748	0.8846469622331691	0.6769293924466339	0.0	0.0	0.9692118226600985	1.0	0.0	0.9979474548440066	0.6863711001642037	1.0	0.11863711001642036	0.10632183908045977	0.9289819376026273	0.985632183908046
26772	0.23195084485407066	0.6789554531490015	0.17127496159754224	0.8894009216589862	0.10061443932411675	0.0	0.5745007680491552	0.7741935483870968	0.0	1.0	0.8771121351766513	0.46927803379416283	0.0	0.0944700460829493	0.9477726574500768	1.0	0.0	1.0	0.2872503840245776	1.0	0.0	0.0	0.5253456221198156	1.0
26773	0.0	0.8095238095238095	0.996031746031746	0.9761904761904762	0.0	0.0	0.7222222222222222	1.0	0.0	1.0	0.5158730158730159	0.5952380952380952	0.6428571428571429	0.0	1.0	0.9365079365079365	0.0	1.0	0.3888888888888889	1.0	0.0	0.0	0.8849206349206349	1.0
26774	0.0	0.28	0.3333333333333333	0.8333333333333334	0.0	0.0	0.9133333333333333	0.14666666666666667	0.0	1.0	0.8866666666666667	0.32666666666666666	0.0	0.0	1.0	1.0	0.0	1.0	0.9866666666666667	1.0	0.0	0.0	0.24	1.0
26775	0.0	0.47758761206193967	0.3414832925835371	0.8207008964955175	0.032599837000814993	0.0	0.6723716381418093	0.5656071719641402	0.0	1.0	0.8973105134474327	0.17033414832925836	0.08638956805215973	0.07905460472697637	0.8427057864710676	1.0	0.18989405052974734	0.8663406682966586	0.5525672371638142	1.0	0.16951915240423798	0.22493887530562348	0.823960880195599	1.0
26776	0.18422796554009277	0.37773359840954274	0.15109343936381708	0.5593108018555335	0.0	0.0	0.6911862160371107	0.5825049701789264	0.0728959575878065	0.9834327369118622	0.8853545394300861	0.6401590457256461	0.23658051689860835	0.0	0.8482438701126573	0.9695162359178264	0.0	0.9807819748177601	0.508283631544069	1.0	0.0	0.1610337972166998	0.6123260437375746	1.0
26777	0.0	0.5077720207253886	0.0	0.6683937823834197	0.0	0.20379965457685664	0.5561312607944733	0.0	0.0	0.7910189982728842	0.8514680483592401	0.09326424870466321	0.0	0.0	0.5595854922279793	0.9654576856649395	0.0	0.6252158894645942	0.8031088082901554	0.8255613126079447	0.0	0.33506044905008636	0.8963730569948186	0.7979274611398963
26778	0.37018425460636517	0.42546063651591287	0.4355108877721943	0.8274706867671692	0.0	0.0	0.8274706867671692	0.6113902847571189	0.0	1.0	0.9698492462311558	0.47571189279731996	0.0	0.0	0.931323283082077	1.0	0.0	0.9949748743718593	0.2797319932998325	1.0	0.0	0.4221105527638191	0.9882747068676717	1.0
26779	0.0	0.6342182890855457	0.36578171091445427	1.0	0.0	0.31268436578171094	0.911504424778761	0.7315634218289085	0.0	1.0	0.6784660766961652	0.3215339233038348	0.49557522123893805	0.17994100294985252	0.9026548672566371	1.0	0.0	1.0	1.0	1.0	0.4749262536873156	0.0	1.0	1.0
26780	0.0	0.6819338422391857	0.0	0.5597964376590331	0.0	0.0	0.7251908396946565	0.9033078880407125	0.0	1.0	1.0	0.7735368956743003	0.0	0.0	1.0	0.910941475826972	0.0	1.0	0.3842239185750636	1.0	0.0	0.0	1.0	1.0
26781	0.11561181434599156	0.7367088607594937	0.25316455696202533	0.9510548523206751	0.0	0.0	0.8641350210970464	0.929957805907173	0.10379746835443038	0.9915611814345991	0.9738396624472574	0.6092827004219409	0.0	0.3409282700421941	0.7974683544303798	0.9839662447257383	0.0	0.8978902953586498	0.6464135021097046	1.0	0.0	0.17215189873417722	0.9721518987341772	1.0
26782	0.19509043927648578	0.7235142118863049	0.19638242894056848	0.9922480620155039	0.25839793281653745	0.0	0.582687338501292	0.9276485788113695	0.0	1.0	1.0	0.27260981912144705	0.0	0.12919896640826872	0.9405684754521964	1.0	0.0	0.9470284237726099	0.8992248062015504	1.0	0.11498708010335917	0.15891472868217055	0.9560723514211886	1.0
26783	0.31467661691542287	0.6927860696517413	0.7288557213930348	0.7064676616915423	0.0	0.0	0.9651741293532339	0.9402985074626866	0.0	1.0	0.8569651741293532	0.5932835820895522	0.11691542288557213	0.24378109452736318	1.0	1.0	0.0	1.0	0.8569651741293532	1.0	0.0	0.0	0.9054726368159204	1.0
26784	0.0	0.8024691358024691	0.0	0.7222222222222222	0.0	0.0	0.6358024691358025	0.8827160493827161	0.0	1.0	1.0	0.09876543209876543	0.0	0.0	1.0	1.0	0.0	1.0	0.0	1.0	0.0	0.0	1.0	1.0
26785	0.3722438391699092	0.3164721141374838	0.4254215304798962	0.47600518806744485	0.0	0.0	0.4889753566796368	0.19844357976653695	0.0	1.0	0.880674448767834	0.377431906614786	0.0	0.0	0.7522697795071336	0.933852140077821	0.0	0.8780804150453956	0.8391699092088197	1.0	0.0	0.0	0.6212710765239948	1.0
26786	0.0	0.6175438596491228	0.0	0.631578947368421	0.0	0.3333333333333333	0.22807017543859648	0.5719298245614035	0.0	1.0	0.7017543859649122	0.45614035087719296	0.0	0.0	0.3333333333333333	1.0	0.0	1.0	0.5298245614035088	1.0	0.0	0.0	0.9649122807017544	1.0
26787	0.0	0.935515873015873	0.12896825396825398	0.9771825396825397	0.1498015873015873	0.0	0.935515873015873	0.816468253968254	0.0	1.0	0.9593253968253969	0.5287698412698413	0.0	0.1130952380952381	1.0	0.9871031746031746	0.0	1.0	0.6845238095238095	1.0	0.0	0.26785714285714285	0.9791666666666666	1.0
26788	0.0	0.3602693602693603	0.25925925925925924	0.494949494949495	0.0	0.0	0.8956228956228957	0.835016835016835	0.0	1.0	1.0	0.4781144781144781	0.5050505050505051	0.0	0.9292929292929293	1.0	0.0	1.0	1.0	1.0	0.45454545454545453	0.0	0.9461279461279462	1.0
26789	0.0	0.271689497716895	0.5251141552511416	0.4931506849315068	0.0	0.0	0.4817351598173516	0.0	0.0	1.0	0.3242009132420091	0.0	0.0	0.0	0.5844748858447488	0.908675799086758	0.0	0.9452054794520548	0.7123287671232876	1.0	0.0	0.0	0.8698630136986302	1.0
26790	0.0	0.6574983628028814	0.4027504911591356	0.8670595939751146	0.12311722331368696	0.0	0.8244924688932548	0.8461034708578913	0.0	1.0	0.8749181401440733	0.24885396201702684	0.0	0.16371971185330714	0.9620170268500328	0.9862475442043221	0.0	0.9423706614276359	0.7085789129011133	1.0	0.053700065487884745	0.0	0.9973804846103471	1.0
26791	0.0	0.40437158469945356	0.0	0.4918032786885246	0.0	0.0	0.9617486338797814	0.825136612021858	0.0	1.0	0.994535519125683	0.0273224043715847	0.0	0.0	1.0	0.994535519125683	0.0	0.7978142076502732	0.0	1.0	0.0	0.0	0.17486338797814208	1.0
26792	0.0	0.4994192799070848	0.2590011614401858	0.6155632984901278	0.0	0.15447154471544716	0.5110336817653891	0.8339140534262486	0.0	0.991869918699187	0.9384436701509872	0.6736353077816493	0.0	0.0	0.7967479674796748	1.0	0.0	0.959349593495935	0.37282229965156793	1.0	0.0	0.0	0.8780487804878049	1.0
26793	0.0	0.7038567493112947	0.21212121212121213	0.9201101928374655	0.0	0.0	0.696969696969697	0.5316804407713499	0.17355371900826447	1.0	0.8898071625344353	0.5743801652892562	0.0	0.32644628099173556	0.8801652892561983	1.0	0.41597796143250687	0.9090909090909091	0.6294765840220385	1.0	0.0	0.41597796143250687	0.7520661157024794	1.0
26794	0.0	0.7401433691756273	0.0	0.0	0.0	0.0	0.5985663082437276	0.0	0.0	0.9551971326164874	0.7473118279569892	0.0	0.0	0.021505376344086023	0.6881720430107527	0.9032258064516129	0.0	0.8853046594982079	0.7688172043010753	1.0	0.0	0.0	0.27956989247311825	0.985663082437276
26795	0.0	0.873015873015873	0.24338624338624337	1.0	0.0	0.0	0.24603174603174602	0.5582010582010583	0.0	1.0	0.873015873015873	0.5555555555555556	0.42063492063492064	0.13756613756613756	0.8333333333333334	1.0	0.0	1.0	0.6666666666666666	1.0	0.0	0.0	1.0	1.0
26796	0.0	0.46415770609318996	0.0	0.9551971326164874	0.1953405017921147	0.0	0.9946236559139785	0.557347670250896	0.0	1.0	1.0	0.6845878136200717	0.3172043010752688	0.0	1.0	1.0	0.0	1.0	0.8028673835125448	1.0	0.0	0.0	1.0	1.0
26797	0.13449508489722967	0.7301161751563896	0.20151921358355673	0.8011617515638964	0.09070598748882931	0.0	0.8972296693476318	0.8480786416443253	0.064343163538874	1.0	0.8757819481680071	0.6541554959785523	0.13494191242180517	0.22788203753351208	1.0	1.0	0.0	0.9955317247542449	0.8458445040214477	1.0	0.09562109025915996	0.12198391420911528	0.9986595174262735	1.0
26798	0.0	0.8569674647022714	0.24186617556783302	0.9748311847759361	0.0	0.0	0.8888888888888888	0.5874769797421732	0.0	1.0	0.8723143032535298	0.5039901780233272	0.0	0.20810313075506445	0.9337016574585635	1.0	0.0	1.0	0.8330263965623081	1.0	0.17249846531614488	0.285451197053407	0.998158379373849	1.0
26799	0.0	0.02962962962962963	0.43333333333333335	0.4703703703703704	0.0	0.0	0.42962962962962964	0.9555555555555556	0.0	0.7407407407407407	1.0	0.725925925925926	0.0	0.0	0.8925925925925926	1.0	0.0	1.0	0.8	1.0	0.0	0.0	0.6592592592592592	1.0
26800	0.0	0.4630738522954092	0.0	0.8143712574850299	0.0	0.0	0.8702594810379242	0.5269461077844312	0.0	1.0	0.9940119760479041	0.4530938123752495	0.0	0.17564870259481039	1.0	1.0	0.0	1.0	0.5708582834331337	1.0	0.15169660678642716	0.0	0.9500998003992016	1.0
26801	0.0	0.03111111111111111	0.0	0.43333333333333335	0.0	0.0	0.8888888888888888	0.62	0.0	1.0	0.7777777777777778	0.9266666666666666	0.0	0.0	1.0	1.0	0.0	1.0	0.6622222222222223	1.0	0.0	0.0	1.0	1.0
26802	0.0	1.0	0.0	0.5490196078431373	0.0	0.0	0.0	0.9084967320261438	0.0	0.8300653594771242	1.0	0.0	0.23529411764705882	0.0	0.9477124183006536	0.9934640522875817	0.0	0.8300653594771242	0.6078431372549019	0.9084967320261438	0.0	0.0	0.8300653594771242	0.9869281045751634
26803	0.0	0.7832422586520947	0.0	0.8670309653916212	0.0	0.0	0.9107468123861566	1.0	0.0	1.0	0.7704918032786885	0.6612021857923497	0.0	0.025500910746812388	0.9508196721311475	1.0	0.0	1.0	0.7176684881602914	1.0	0.0	0.6065573770491803	1.0	1.0
26804	0.34124293785310733	0.9807909604519774	0.2983050847457627	0.9231638418079096	0.0	0.0	0.8768361581920904	0.919774011299435	0.0	1.0	0.8836158192090395	0.4011299435028249	0.0	0.16271186440677965	0.9661016949152542	1.0	0.0	1.0	0.5909604519774011	1.0	0.0	0.12994350282485875	1.0	1.0
26805	0.0	0.7777777777777778	0.8128019323671497	0.9698067632850241	0.1823671497584541	0.0	0.8659420289855072	0.6980676328502415	0.0	1.0	1.0	0.3031400966183575	0.0	0.24154589371980675	1.0	1.0	0.3079710144927536	1.0	0.4384057971014493	1.0	0.0	0.0	1.0	1.0
26806	0.0	1.0	0.4196078431372549	1.0	0.0	0.0	0.984313725490196	0.9176470588235294	0.0	1.0	1.0	0.0	0.0	0.0	1.0	0.9921568627450981	0.0	1.0	0.6627450980392157	1.0	0.0	0.0	1.0	1.0
26807	0.0	0.610752688172043	0.4397849462365591	1.0	0.0913978494623656	0.0	0.9602150537634409	0.4946236559139785	0.0	1.0	0.7483870967741936	0.5526881720430108	0.12365591397849462	0.15698924731182795	0.9731182795698925	1.0	0.0	1.0	0.9698924731182795	1.0	0.16236559139784945	0.0	0.9268817204301075	1.0
26808	0.0	0.7656012176560122	0.589041095890411	0.989345509893455	0.0	0.1582952815829528	0.8797564687975646	0.6605783866057838	0.0	1.0	0.7853881278538812	0.8888888888888888	0.0	0.0	0.9954337899543378	1.0	0.0	1.0	0.7884322678843226	1.0	0.0	0.0	1.0	1.0
26809	0.18361581920903955	0.844632768361582	0.0	0.827683615819209	0.1285310734463277	0.0	0.8573446327683616	0.5056497175141242	0.0	1.0	0.9364406779661016	0.75	0.0	0.0	1.0	1.0	0.0	1.0	0.5677966101694916	1.0	0.13983050847457626	0.0	1.0	1.0
26810	0.592156862745098	0.34901960784313724	0.4647058823529412	1.0	0.0	0.18823529411764706	0.707843137254902	0.8196078431372549	0.0	1.0	0.9921568627450981	0.07450980392156863	0.0	0.0	1.0	1.0	0.0	1.0	0.5901960784313726	1.0	0.0	0.0	1.0	1.0
26811	0.37222222222222223	0.8444444444444444	0.5222222222222223	1.0	0.0	0.41944444444444445	1.0	0.6	0.0	1.0	0.9638888888888889	0.5666666666666667	0.0	0.7944444444444444	1.0	1.0	0.0	0.9111111111111111	0.36944444444444446	1.0	0.0	0.0	0.95	1.0
26812	0.0	0.6062941554271034	0.5581245985870263	0.9955041746949261	0.05330764290301863	0.0	0.8728323699421965	0.6929993577392421	0.0	1.0	0.9576107899807321	0.7366730892742454	0.05266538214515093	0.15221579961464354	0.9447655748233783	0.9884393063583815	0.0	0.9813744380218369	0.9299935773924213	1.0	0.2132305716120745	0.0	0.8888888888888888	1.0
26813	0.0	0.0	0.0	0.0	0.0	0.0	0.0	0.0	0.0	0.0	0.0	0.0	0.0	0.0	0.15833333333333333	1.0	0.0	0.0	0.0	1.0	0.6666666666666666	0.0	0.0	1.0
26814	0.4143692564745196	0.9373433583959899	0.2297410192147034	0.7994987468671679	0.38345864661654133	0.43609022556390975	0.8187134502923976	0.8446115288220551	0.24979114452798662	1.0	0.9582289055973267	0.5714285714285714	0.5781119465329991	0.4828738512949039	0.8738512949039264	1.0	0.1261487050960735	1.0	0.7284878863826232	1.0	0.29908103592314117	0.4319131161236424	0.9624060150375939	0.9991645781119465
26815	0.0	0.5579710144927537	0.0	1.0	0.37318840579710144	0.4855072463768116	0.9782608695652174	0.7536231884057971	0.0	1.0	1.0	0.8478260869565217	0.0	0.5688405797101449	1.0	1.0	0.0	0.8442028985507246	0.4528985507246377	1.0	0.0	0.0	1.0	1.0
26816	0.4588235294117647	0.7647058823529411	0.28627450980392155	1.0	0.0	0.0	0.5901960784313726	0.9725490196078431	0.0	1.0	0.615686274509804	0.8196078431372549	0.0	0.0	1.0	1.0	0.0	1.0	0.3803921568627451	1.0	0.0	0.0	0.8019607843137255	1.0
26817	0.0	0.0	0.0	0.0	0.0	0.0	0.35	0.0	0.0	1.0	0.4666666666666667	0.0	0.0	0.0	0.0	0.23333333333333334	0.0	1.0	0.0	0.0	0.0	0.0	1.0	0.85
26818	0.0	0.0	0.0	1.0	0.0	0.0	0.48633879781420764	0.5683060109289617	0.0	1.0	0.5355191256830601	0.0	0.0	0.0	1.0	1.0	0.0	1.0	0.6338797814207651	1.0	0.0	0.06557377049180328	0.9617486338797814	1.0
26819	0.0	0.7596899224806202	0.0	0.6046511627906976	0.0	0.0	0.4844961240310077	0.0	0.0	1.0	0.49612403100775193	0.5	0.0	0.3875968992248062	1.0	1.0	0.0	0.6201550387596899	0.06589147286821706	1.0	0.0	0.0	0.689922480620155	1.0
26820	0.05011655011655012	0.8962703962703963	0.17132867132867133	0.9848484848484849	0.0	0.0	0.7237762237762237	0.4324009324009324	0.0	1.0	1.0	0.47086247086247085	0.0	0.0	0.9953379953379954	1.0	0.0	0.9766899766899767	0.6305361305361306	1.0	0.0	0.0	0.9918414918414918	1.0
26821	0.0	0.754601226993865	0.18609406952965235	0.7730061349693251	0.0	0.0	0.5664621676891616	0.689161554192229	0.0	1.0	0.9304703476482618	0.3456032719836401	0.04294478527607362	0.0	0.9795501022494888	1.0	0.0	1.0	0.4601226993865031	1.0	0.1656441717791411	0.0	1.0	1.0
26822	0.0	0.6784037558685446	0.24178403755868544	0.284037558685446	0.09389671361502347	0.0	0.7417840375586855	0.9906103286384976	0.0	0.9413145539906104	0.744131455399061	0.33098591549295775	0.0	0.11032863849765258	1.0	1.0	0.0	1.0	0.5164319248826291	1.0	0.3544600938967136	0.0	0.539906103286385	1.0
26823	0.0	0.90625	0.0	0.7239583333333334	0.0	0.0	0.0	0.75	0.0	1.0	1.0	1.0	0.22916666666666666	0.0	0.8072916666666666	1.0	0.0	1.0	0.3541666666666667	1.0	0.671875	0.84375	1.0	1.0
26824	0.0	0.4506172839506173	0.8148148148148148	0.7098765432098766	0.0	0.0	1.0	0.0	0.0	1.0	1.0	0.8148148148148148	0.0	0.0	1.0	0.9197530864197531	0.0	1.0	0.7345679012345679	1.0	0.0	0.0	1.0	1.0
26825	0.0	0.8594377510040161	0.0	0.4497991967871486	0.0	0.0	0.8815261044176707	0.7248995983935743	0.0	1.0	1.0	0.0	0.16265060240963855	0.0	1.0	1.0	0.0	1.0	0.3072289156626506	1.0	0.19678714859437751	0.0	0.8493975903614458	1.0
26826	0.3008474576271186	0.8870056497175142	0.2824858757062147	0.7217514124293786	0.0	0.0	0.8757062146892656	0.634180790960452	0.0	0.9929378531073446	0.6426553672316384	0.501412429378531	0.0	0.0	0.846045197740113	0.9788135593220338	0.0	1.0	0.2838983050847458	1.0	0.0	0.10875706214689265	0.5268361581920904	1.0
26827	0.0	0.44074074074074077	0.0	0.9666666666666667	0.0	0.1	0.8851851851851852	0.937037037037037	0.0	0.9962962962962963	0.9888888888888889	0.6925925925925925	0.0	0.5185185185185185	1.0	1.0	0.0	0.9962962962962963	0.9481481481481482	1.0	0.0	0.0	0.9703703703703703	0.9481481481481482
26828	0.0	1.0	0.0	1.0	0.31699346405228757	0.0	1.0	1.0	0.0	1.0	1.0	0.4019607843137255	0.30392156862745096	0.0	1.0	1.0	0.0	1.0	1.0	1.0	0.0	0.0	1.0	1.0
26829	0.29357798165137616	0.5010193679918451	0.20234454638124363	0.9638124362895005	0.07696228338430174	0.05963302752293578	0.8435270132517839	0.9566768603465852	0.0	1.0	0.9704383282364933	0.45565749235474007	0.0	0.14424057084607544	0.9597349643221202	0.9954128440366973	0.0	0.9867482161060143	0.7696228338430173	1.0	0.1325178389398573	0.0	0.9215086646279307	1.0
26830	0.0	0.7986577181208053	0.4720357941834452	1.0	0.0	0.0	0.19015659955257272	0.6532438478747203	0.0	1.0	0.9530201342281879	0.7293064876957495	0.0	0.0	0.9351230425055929	1.0	0.0	1.0	0.668903803131991	1.0	0.5570469798657718	0.0	1.0	1.0
26831	0.0	1.0	0.32142857142857145	0.9642857142857143	0.42857142857142855	0.0	0.9047619047619048	0.8611111111111112	0.0	1.0	0.75	0.4007936507936508	0.8452380952380952	0.7182539682539683	1.0	1.0	0.0	1.0	0.7579365079365079	1.0	0.0	0.0	1.0	1.0
26832	0.0	0.24378109452736318	0.0	1.0	0.0	0.0	0.8109452736318408	0.9900497512437811	0.0	1.0	0.6716417910447762	0.0	0.0	0.0	0.8905472636815921	1.0	0.0	1.0	0.24378109452736318	1.0	0.0	0.0	0.7910447761194029	1.0
26833	0.0	0.470125786163522	0.2940251572327044	0.720125786163522	0.0	0.0	0.8411949685534591	0.49842767295597484	0.0	1.0	0.7830188679245284	0.4339622641509434	0.08647798742138364	0.0	0.9779874213836478	0.8946540880503144	0.0	0.7987421383647799	0.23742138364779874	1.0	0.0	0.0	0.9166666666666666	1.0
26834	0.0	0.6253229974160207	0.165374677002584	0.7041343669250646	0.0	0.2364341085271318	0.710594315245478	0.6447028423772609	0.0	1.0	0.6511627906976745	0.686046511627907	0.06847545219638243	0.0	0.9896640826873385	1.0	0.0	0.975452196382429	0.5271317829457365	1.0	0.0	0.21188630490956073	0.9651162790697675	1.0
26835	0.0	0.7758620689655172	0.2413793103448276	0.0	0.0	0.0	0.6666666666666666	0.26436781609195403	0.0	0.8649425287356322	0.735632183908046	0.35919540229885055	0.0	0.0	0.7040229885057471	0.9597701149425287	0.0	1.0	0.15804597701149425	1.0	0.0	0.40804597701149425	0.9080459770114943	1.0
26836	0.0	0.14814814814814814	0.0	0.819047619047619	0.1365079365079365	0.15978835978835979	0.1724867724867725	0.6677248677248677	0.0	0.8211640211640212	0.8761904761904762	0.2052910052910053	0.0	0.0	0.926984126984127	0.9968253968253968	0.0	0.8899470899470899	0.6677248677248677	0.9947089947089947	0.0	0.31957671957671957	0.8973544973544973	0.9968253968253968
26837	0.0	0.34177215189873417	0.6371308016877637	0.3755274261603376	0.0	0.0	1.0	0.6329113924050633	0.0	1.0	1.0	0.2489451476793249	0.0	0.0	0.8818565400843882	1.0	0.0	1.0	0.759493670886076	1.0	0.0	0.0	0.8987341772151899	1.0
26838	0.0	0.8098765432098766	0.3728395061728395	0.7950617283950617	0.3506172839506173	0.0	0.9481481481481482	0.08395061728395062	0.0	1.0	0.5185185185185185	0.4345679012345679	0.0	0.0	0.7580246913580246	1.0	0.0	1.0	0.8469135802469135	1.0	0.0	0.0	0.8987654320987655	1.0
26839	0.0	0.4346978557504873	0.4152046783625731	0.7777777777777778	0.0	0.18128654970760233	0.6491228070175439	0.530214424951267	0.0	1.0	1.0	0.5536062378167641	0.0	0.0	0.9512670565302144	1.0	0.0	1.0	0.8323586744639376	1.0	0.18518518518518517	0.0	0.9395711500974658	1.0
26840	0.43010752688172044	0.9139784946236559	0.4874551971326165	0.11827956989247312	0.0	0.0	1.0	0.3835125448028674	0.0	1.0	0.982078853046595	0.5125448028673835	0.0	0.0	0.9498207885304659	1.0	0.0	0.910394265232975	1.0	1.0	0.0	0.0	0.8960573476702509	1.0
26841	0.0	0.0	0.0	0.6507936507936508	0.4947089947089947	0.0	0.5793650793650794	0.34656084656084657	0.0	1.0	0.4417989417989418	0.41005291005291006	0.0	0.26455026455026454	0.7513227513227513	1.0	0.0	0.7380952380952381	0.6984126984126984	1.0	0.0	0.10582010582010581	1.0	1.0
26842	0.0	0.5555555555555556	0.4351851851851852	0.9768518518518519	0.0	0.0	0.0	0.7638888888888888	0.0	1.0	0.6018518518518519	1.0	0.9953703703703703	0.0	1.0	1.0	0.0	1.0	0.7870370370370371	1.0	0.0	0.06481481481481481	0.7870370370370371	1.0
26843	0.0	1.0	0.13333333333333333	1.0	0.0	0.0	0.7283018867924528	0.8767295597484277	0.0	1.0	0.9522012578616352	0.710691823899371	0.0	0.2138364779874214	0.9081761006289308	1.0	0.0	1.0	0.7861635220125787	1.0	0.0	0.13836477987421383	1.0	1.0
26844	0.0	0.8358395989974937	0.21679197994987467	0.9486215538847118	0.0	0.0	0.7756892230576441	0.9072681704260651	0.0	1.0	0.5350877192982456	0.6115288220551378	0.16290726817042606	0.08020050125313283	1.0	1.0	0.0	0.9962406015037594	0.8020050125313283	1.0	0.22055137844611528	0.37844611528822053	0.9022556390977443	1.0
26845	0.0	0.0	0.3737957610789981	0.8766859344894027	0.0	0.0	0.34104046242774566	0.28709055876685935	0.0	1.0	0.5895953757225434	0.1926782273603083	0.0	0.0	1.0	0.7302504816955684	0.0	0.9595375722543352	0.5433526011560693	1.0	0.0	0.0	0.8766859344894027	0.8805394990366089
26846	0.0	0.5126050420168067	0.3277310924369748	1.0	0.0	0.0	0.5350140056022409	0.5938375350140056	0.0	1.0	0.7338935574229691	0.23249299719887956	0.0	0.0	0.988795518207283	1.0	0.0	0.9803921568627451	0.9439775910364145	1.0	0.0	0.05322128851540616	0.7927170868347339	1.0
26847	0.0	0.30141843971631205	0.0	0.3829787234042553	0.0	0.0	0.30141843971631205	0.10638297872340426	0.46808510638297873	1.0	0.6560283687943262	0.43617021276595747	0.0	0.0	0.9645390070921985	1.0	0.0	1.0	0.010638297872340425	1.0	0.0	0.8014184397163121	0.8723404255319149	1.0
26848	0.0	0.12681159420289856	0.0	1.0	0.39855072463768115	0.0	0.5579710144927537	1.0	0.0	1.0	0.8659420289855072	0.48188405797101447	0.0	0.0	1.0	0.9311594202898551	0.0	1.0	1.0	1.0	0.35507246376811596	0.11231884057971014	0.5362318840579711	1.0
26849	0.0	0.31761006289308175	0.4748427672955975	0.960691823899371	0.32547169811320753	0.0	0.4889937106918239	0.4025157232704403	0.0	1.0	0.9984276729559748	0.0	0.0	0.0	0.7216981132075472	1.0	0.0	0.9685534591194969	0.0	1.0	0.0	0.0	0.8867924528301887	1.0
26850	0.18885448916408668	0.5283797729618163	0.17647058823529413	0.5706914344685242	0.09494324045407637	0.0	0.7213622291021672	0.7812177502579979	0.1217750257997936	0.9896800825593395	0.8328173374613003	0.09494324045407637	0.0	0.0	0.9917440660474717	1.0	0.0	0.8224974200206399	0.9514963880288958	1.0	0.0	0.0	0.7977296181630547	1.0
26851	0.0	0.8434782608695652	0.0	0.808695652173913	0.0	0.0	0.1855072463768116	0.7710144927536232	0.0	1.0	0.7710144927536232	0.4753623188405797	0.0	0.23768115942028986	0.7710144927536232	0.9130434782608695	0.0	1.0	0.3710144927536232	0.8666666666666667	0.0	0.0	0.8492753623188406	0.9507246376811594
26852	0.5245683930942895	0.4302788844621514	0.0	0.7848605577689243	0.0	0.0	0.7051792828685259	0.6095617529880478	0.0	1.0	1.0	0.5816733067729084	0.12350597609561753	0.0	0.9017264276228419	1.0	0.0	0.8446215139442231	0.5391766268260292	1.0	0.21248339973439576	0.0	0.9588313413014609	1.0
26853	0.0	0.8214783821478382	0.601115760111576	0.7475592747559274	0.0	0.0	0.7489539748953975	0.595536959553696	0.0	1.0	0.6903765690376569	0.16596931659693165	0.3528591352859135	0.3877266387726639	0.8884239888423989	1.0	0.0	0.9470013947001394	0.9079497907949791	1.0	0.0	0.0	0.8019525801952581	1.0
26854	0.0	0.5944055944055944	0.31934731934731936	0.9440559440559441	0.0	0.0	0.5664335664335665	1.0	0.0	1.0	1.0	0.20279720279720279	0.0	0.23543123543123542	0.9557109557109557	0.8787878787878788	0.0	1.0	0.08391608391608392	1.0	0.1794871794871795	0.40559440559440557	1.0	1.0
26855	0.0	0.4907630522088353	0.3036144578313253	0.8939759036144578	0.0	0.0	0.40963855421686746	0.9116465863453815	0.0	1.0	0.8730923694779117	0.25060240963855424	0.08032128514056225	0.12771084337349398	0.9477911646586346	1.0	0.0	0.9815261044176706	0.5477911646586345	1.0	0.10200803212851406	0.21606425702811244	0.8048192771084337	1.0
26856	0.6467991169977925	0.8410596026490066	0.16114790286975716	0.9713024282560706	0.0	0.0	0.6004415011037527	0.9602649006622517	0.0	1.0	0.4282560706401766	0.3443708609271523	0.0	0.0	1.0	1.0	0.0	1.0	1.0	1.0	0.05739514348785872	0.0	1.0	1.0
26857	0.0	0.4363001745200698	0.30715532286212915	1.0	0.0	0.0	0.4118673647469459	0.8429319371727748	0.0	1.0	0.9930191972076788	0.8760907504363001	0.0	0.4956369982547993	1.0	1.0	0.0	1.0	0.0	1.0	0.0	0.0	1.0	1.0
26858	0.0	0.4549266247379455	0.0	0.5010482180293501	0.0	0.0	0.40670859538784065	0.4381551362683438	0.0	0.8721174004192872	0.25157232704402516	0.37735849056603776	0.0	0.0	0.42348008385744235	0.8071278825995807	0.0	0.8406708595387841	0.7651991614255765	0.9119496855345912	0.2578616352201258	0.0	0.6666666666666666	0.9266247379454927
26859	0.0	0.8368794326241135	0.48936170212765956	0.6737588652482269	0.0	0.0	1.0	0.44680851063829785	0.0	1.0	0.9432624113475178	0.0	0.0	0.0	0.8723404255319149	0.8652482269503546	0.4397163120567376	0.8439716312056738	1.0	1.0	0.48936170212765956	0.0	0.5673758865248227	1.0
26860	0.0	0.946969696969697	0.0	1.0	0.0	0.0	0.8838383838383839	1.0	0.0	1.0	0.8939393939393939	0.9166666666666666	0.3813131313131313	0.696969696969697	1.0	1.0	0.0	1.0	1.0	1.0	0.0	0.0	1.0	1.0
26861	0.0	1.0	0.0	0.5792880258899676	0.0	0.0	0.7702265372168284	0.8122977346278317	0.0	1.0	0.8932038834951457	0.3106796116504854	0.0	0.41423948220064727	1.0	1.0	0.0	1.0	0.0	1.0	0.4563106796116505	0.4886731391585761	0.9093851132686084	1.0
26862	0.0	0.8294930875576036	0.0	0.7588325652841782	0.2534562211981567	0.0	0.5806451612903226	0.7265745007680492	0.0	0.9846390168970814	0.8617511520737328	0.19815668202764977	0.0	0.0	0.8878648233486943	1.0	0.0	1.0	0.0	1.0	0.0	0.0	0.8817204301075269	0.9124423963133641
26863	0.0	0.0	0.0	0.6428571428571429	0.0	0.0	0.4523809523809524	0.7857142857142857	0.0	1.0	0.0	0.0	0.0	0.0	0.8809523809523809	1.0	0.0	1.0	0.0	1.0	0.0	0.0	0.0	0.6488095238095238
26864	0.0	0.0	0.0	0.7164179104477612	0.0	0.0	0.7611940298507462	0.43283582089552236	0.3283582089552239	1.0	0.7089552238805971	0.23134328358208955	0.0	0.0	0.6666666666666666	1.0	0.0	0.8557213930348259	0.3482587064676617	1.0	0.30845771144278605	0.0	0.8507462686567164	1.0
26865	0.0	0.7319587628865979	0.0	0.929553264604811	0.19759450171821305	0.0	0.5687285223367697	0.8608247422680413	0.0	1.0	0.6065292096219931	0.0	0.0	0.0	0.9381443298969072	1.0	0.0	0.7285223367697594	0.5549828178694158	1.0	0.0	0.0	0.9845360824742269	1.0
26866	0.0	0.0	0.0	1.0	0.0	0.2863849765258216	0.9061032863849765	0.3004694835680751	0.0	1.0	0.7417840375586855	1.0	0.0	0.0	0.6901408450704225	1.0	0.0	1.0	1.0	1.0	0.0	0.5868544600938967	1.0	1.0
26867	0.0	0.943943943943944	0.25225225225225223	0.7617617617617618	0.17017017017017017	0.0	0.7607607607607607	0.7727727727727728	0.03403403403403404	1.0	0.974974974974975	0.39039039039039036	0.0	0.0	0.953953953953954	1.0	0.0	0.988988988988989	0.6996996996996997	1.0	0.0	0.0	0.8288288288288288	1.0
26868	0.0	1.0	0.36182336182336183	0.9572649572649573	0.0	0.0	0.8376068376068376	0.7321937321937322	0.0	1.0	0.9259259259259259	0.27350427350427353	0.0	0.8917378917378918	1.0	1.0	0.0	0.9743589743589743	0.6524216524216524	1.0	0.0	0.0	1.0	1.0
26869	0.0	1.0	0.8571428571428571	1.0	0.0	0.0	0.9404761904761905	0.6785714285714286	0.0	1.0	1.0	0.49404761904761907	0.0	0.0	1.0	1.0	0.0	1.0	1.0	1.0	0.0	0.0	1.0	1.0
26870	0.0	0.8448275862068966	0.421455938697318	1.0	0.210727969348659	0.342911877394636	0.7605363984674329	0.8218390804597702	0.0	1.0	0.9272030651340997	0.2796934865900383	0.27011494252873564	0.31417624521072796	1.0	1.0	0.3218390804597701	1.0	0.6896551724137931	1.0	0.0	0.0	1.0	1.0
26871	0.0	0.6006006006006006	0.0	0.93993993993994	0.0	0.0	1.0	0.0	0.0	0.996996996996997	0.954954954954955	0.6696696696696697	0.0	0.0	0.8198198198198198	0.8948948948948949	0.0	1.0	1.0	0.96996996996997	0.23423423423423423	0.0	1.0	1.0
26872	0.0	0.5015197568389058	0.20466058763931105	0.8216818642350557	0.0	0.0	0.779128672745694	0.955420466058764	0.0	1.0	0.8237082066869301	0.44275582573454914	0.1773049645390071	0.0	0.9817629179331308	1.0	0.0	1.0	0.9159067882472138	1.0	0.06990881458966565	0.0	0.9300911854103343	1.0
26873	0.8289855072463768	0.4666666666666667	0.0	0.927536231884058	0.05507246376811594	0.0	1.0	0.6260869565217392	0.0	1.0	1.0	0.0	0.0	0.0	1.0	1.0	0.0	1.0	1.0	1.0	0.0	0.0	1.0	1.0
26874	0.6277056277056277	0.18614718614718614	0.0	0.8354978354978355	0.05627705627705628	0.0	0.7748917748917749	0.8354978354978355	0.0	1.0	0.8463203463203464	0.4025974025974026	0.0	0.3008658008658009	1.0	0.8679653679653679	0.0	1.0	0.6385281385281385	1.0	0.0	0.0	0.9978354978354979	1.0
26875	0.26515151515151514	0.8712121212121212	0.3106060606060606	0.8276515151515151	0.0	0.0	0.5795454545454546	0.4772727272727273	0.0	1.0	1.0	0.22916666666666666	0.2916666666666667	0.0	0.9034090909090909	1.0	0.0	0.6401515151515151	0.20643939393939395	1.0	0.0	0.0	0.8674242424242424	1.0
26876	0.0	0.5157232704402516	0.2851153039832285	0.8637316561844863	0.0	0.07861635220125786	0.6781970649895178	0.4109014675052411	0.0	1.0	1.0	0.33438155136268344	0.20230607966457023	0.49580712788259956	1.0	1.0	0.15932914046121593	1.0	0.5524109014675053	1.0	0.0	0.2589098532494759	1.0	1.0
26877	0.0	0.6206261510128913	0.5488029465930019	0.9337016574585635	0.0	0.0	0.1878453038674033	0.26519337016574585	0.0	0.988950276243094	0.6335174953959485	0.49171270718232046	0.0	0.24125230202578268	0.860036832412523	0.9226519337016574	0.0	0.6519337016574586	0.988950276243094	0.9723756906077348	0.3738489871086556	0.0	0.856353591160221	0.990791896869245
26878	0.0	0.09420289855072464	0.7210144927536232	0.5507246376811594	0.0	0.0	0.427536231884058	0.4384057971014493	0.0	0.7572463768115942	0.5181159420289855	0.8260869565217391	0.0	0.0	0.6159420289855072	0.6956521739130435	0.0	0.9963768115942029	0.7971014492753623	1.0	0.0	0.0	1.0	1.0
26879	0.9137254901960784	0.7254901960784313	0.06274509803921569	0.4470588235294118	0.0	0.8862745098039215	0.9372549019607843	0.6627450980392157	0.0	1.0	1.0	0.3843137254901961	0.0	1.0	1.0	1.0	0.0	1.0	0.9803921568627451	1.0	0.25098039215686274	0.0	1.0	1.0
26880	0.0	0.0	0.703125	1.0	0.0	0.0	1.0	0.6770833333333334	0.0	1.0	1.0	0.0	0.0	0.0	1.0	1.0	0.0	1.0	0.5625	1.0	0.8802083333333334	0.0	1.0	1.0
26881	0.0	0.44191919191919193	0.0	0.7171717171717171	0.0	0.0	0.5176767676767676	0.4772727272727273	0.0	1.0	1.0	0.4898989898989899	0.0	0.0	0.9823232323232324	1.0	0.0	0.9646464646464646	0.1919191919191919	1.0	0.23232323232323232	0.0	1.0	1.0
26882	0.2303585049580473	0.3707093821510298	0.33714721586575136	0.7513348588863463	0.06178489702517163	0.0	0.7894736842105263	0.7879481311975591	0.0	0.9954233409610984	0.9305873379099924	0.35621662852784136	0.0	0.30282227307398935	0.9572845156369184	0.9405034324942791	0.0	0.9679633867276888	0.658276125095347	1.0	0.17391304347826086	0.21052631578947367	0.9717772692601068	1.0
26883	0.0	0.7074468085106383	0.5035460992907801	0.75	0.03546099290780142	0.0	0.8918439716312057	0.7216312056737588	0.19326241134751773	1.0	0.6737588652482269	0.22872340425531915	0.0	0.5797872340425532	1.0	0.9893617021276596	0.0	1.0	0.6631205673758865	1.0	0.0	0.0	0.8421985815602837	1.0
26884	0.0	0.0	0.0	0.38461538461538464	0.0	0.0	0.4935897435897436	0.9871794871794872	0.0	1.0	0.9871794871794872	0.4230769230769231	0.0	0.0	1.0	1.0	0.0	1.0	0.34615384615384615	1.0	0.0	0.0	0.34615384615384615	1.0
26885	0.0	0.0847457627118644	0.5819209039548022	1.0	0.0	0.0	0.9887005649717514	1.0	0.24293785310734464	1.0	0.9887005649717514	1.0	0.3502824858757062	0.0	0.7288135593220338	1.0	0.0	0.8531073446327684	1.0	1.0	0.0	0.9152542372881356	0.864406779661017	1.0
26886	0.0	0.0	0.0	0.4126984126984127	0.0	0.0	0.7103174603174603	0.5912698412698413	0.12698412698412698	1.0	1.0	0.36904761904761907	0.0	0.0	0.873015873015873	1.0	0.0	1.0	0.9603174603174603	1.0	0.15476190476190477	0.21428571428571427	1.0	1.0
26887	0.0	0.4247619047619048	0.21523809523809523	0.819047619047619	0.0	0.1676190476190476	0.540952380952381	0.5942857142857143	0.0	1.0	0.7866666666666666	0.2571428571428571	0.29523809523809524	0.0	1.0	1.0	0.0	1.0	0.6038095238095238	1.0	0.045714285714285714	0.0	1.0	1.0
26888	0.1797593772116065	0.7954706298655343	0.0	0.9058740268931351	0.0	0.0	0.9065817409766455	0.8103326256192498	0.0	0.9978768577494692	0.9193205944798302	0.732484076433121	0.0	0.08138711960368011	0.8818117480537863	0.9985845718329794	0.0	1.0	0.8662420382165605	1.0	0.0	0.0	1.0	1.0
26889	0.0	0.06209150326797386	0.0	0.8921568627450981	0.0	0.0	1.0	0.6013071895424836	0.0	1.0	1.0	0.3006535947712418	0.6078431372549019	0.38235294117647056	0.5392156862745098	1.0	0.0	0.5065359477124183	0.6503267973856209	1.0	0.0	0.0	1.0	1.0
26890	0.8958333333333334	0.0	0.0	0.6614583333333334	0.7447916666666666	0.0	0.71875	0.6302083333333334	0.0	1.0	1.0	0.0	0.0	0.0	1.0	1.0	0.0	1.0	0.0	1.0	0.0	0.0	0.9895833333333334	1.0
26891	0.0	0.9174311926605505	0.25076452599388377	1.0	0.0	0.0	0.2324159021406728	0.3577981651376147	0.0	1.0	0.9969418960244648	0.382262996941896	0.0	0.0	0.926605504587156	1.0	0.0	1.0	0.24464831804281345	1.0	0.0	0.0	0.8899082568807339	1.0
26892	0.0	0.7393939393939394	0.2696969696969697	0.996969696969697	0.06060606060606061	0.0	0.5545454545454546	0.4818181818181818	0.0	1.0	0.5363636363636364	0.2696969696969697	0.0	0.0	0.9030303030303031	1.0	0.0	1.0	0.5757575757575758	1.0	0.12272727272727273	0.0	1.0	1.0
26893	0.0	0.4413145539906103	0.13771517996870108	0.6353677621283255	0.19092331768388107	0.0	0.8215962441314554	0.5633802816901409	0.0	1.0	0.9233176838810642	0.7433489827856025	0.0	0.13928012519561817	0.892018779342723	1.0	0.0	1.0	0.7527386541471048	1.0	0.0	0.0	0.9624413145539906	1.0
26894	0.0	0.25900900900900903	0.0472972972972973	0.7443693693693694	0.0	0.0	0.49099099099099097	0.6441441441441441	0.07882882882882883	1.0	0.7725225225225225	0.0	0.0	0.0	0.9099099099099099	1.0	0.0	1.0	0.2713963963963964	1.0	0.15765765765765766	0.21621621621621623	1.0	1.0
26895	0.22046413502109705	0.7172995780590717	0.5295358649789029	1.0	0.1160337552742616	0.0	0.3491561181434599	0.7911392405063291	0.0	1.0	0.7827004219409283	0.36603375527426163	0.0	0.0	0.7373417721518988	1.0	0.0	0.9314345991561181	0.7679324894514767	1.0	0.12236286919831224	0.6149789029535865	0.9989451476793249	1.0
26896	0.0	0.8111111111111111	0.0	0.85	0.0	0.0	0.2388888888888889	0.8555555555555555	0.0	1.0	1.0	0.43333333333333335	0.2388888888888889	0.0	0.9722222222222222	0.7611111111111111	0.0	1.0	0.2	1.0	0.0	0.9055555555555556	0.8111111111111111	1.0
26897	0.30815347721822545	0.6354916067146283	0.4568345323741007	0.7721822541966427	0.0	0.0	0.841726618705036	0.9292565947242206	0.0	1.0	1.0	0.6474820143884892	0.0	0.26498800959232616	1.0	1.0	0.0	1.0	0.37410071942446044	1.0	0.0	0.0	0.986810551558753	1.0
26898	0.0	0.53	0.023333333333333334	0.6566666666666666	0.0	0.6	0.69	0.58	0.0	1.0	0.95	0.0033333333333333335	0.0	1.0	0.8733333333333333	1.0	0.0	1.0	1.0	1.0	0.0	0.5033333333333333	1.0	1.0
26899	0.0	0.0	0.0	0.0	0.0	0.0	0.8018018018018018	0.0	0.0	0.9279279279279279	0.8018018018018018	0.0	0.0	0.0	0.0	0.8198198198198198	0.0	0.8198198198198198	0.0	0.963963963963964	0.0	0.0	0.8018018018018018	0.9279279279279279
26900	0.0	0.5826972010178118	0.0	0.8346055979643766	0.0	0.0	0.5954198473282443	0.23918575063613232	0.0	1.0	0.7175572519083969	0.7557251908396947	0.0	0.21374045801526717	0.7582697201017812	0.9618320610687023	0.0	0.7684478371501272	0.5750636132315522	0.9745547073791349	0.0	0.3842239185750636	0.8447837150127226	0.9796437659033079
26901	0.40606060606060607	0.08787878787878788	0.0	1.0	0.45454545454545453	0.0	1.0	0.4393939393939394	0.0	1.0	1.0	0.9181818181818182	0.0	0.0	0.8727272727272727	1.0	0.0	0.6696969696969697	0.0	1.0	0.0	0.3242424242424242	1.0	1.0
26902	0.0	0.4865424430641822	0.0	0.7453416149068323	0.17598343685300208	0.0	0.13043478260869565	0.5962732919254659	0.0	1.0	1.0	0.927536231884058	0.0	0.0	0.8944099378881988	1.0	0.0	1.0	0.7805383022774327	1.0	0.0	0.0	0.855072463768116	1.0
26903	0.0	0.5505050505050505	0.42424242424242425	0.43434343434343436	0.0	0.2878787878787879	0.3005050505050505	0.2196969696969697	0.0	0.9090909090909091	0.8863636363636364	0.5858585858585859	0.050505050505050504	0.0	0.9924242424242424	1.0	0.0	1.0	0.9217171717171717	1.0	0.0	0.0	1.0	1.0
26904	0.0	0.6303418803418803	0.0	0.717948717948718	0.07264957264957266	0.0	0.7286324786324786	0.6965811965811965	0.0	1.0	0.6912393162393162	0.5427350427350427	0.0	0.0	0.875	1.0	0.0	0.8760683760683761	0.6923076923076923	1.0	0.0	0.0	0.8237179487179487	1.0
26905	0.0	0.5925221799746515	0.2693282636248416	0.8795944233206591	0.07984790874524715	0.0	0.4632446134347275	0.3694550063371356	0.0	0.9930291508238276	0.876425855513308	0.6787072243346007	0.1476552598225602	0.0697084917617237	0.7256020278833967	1.0	0.0	0.9182509505703422	0.7864385297845374	1.0	0.0	0.24904942965779467	0.949936628643853	1.0
26906	0.0	0.9707602339181286	0.0	0.7192982456140351	0.0	0.0	0.4191033138401559	0.8869395711500975	0.0	1.0	0.7953216374269005	0.8323586744639376	0.0	0.0	0.9941520467836257	1.0	0.0	1.0	1.0	1.0	0.0	0.6686159844054581	1.0	1.0
26907	0.0	0.6530612244897959	0.3129251700680272	1.0	0.0	0.0	0.5170068027210885	1.0	0.0	1.0	1.0	1.0	0.0	0.0	0.7074829931972789	1.0	0.0	1.0	0.9115646258503401	1.0	0.0	1.0	1.0	1.0
26908	0.0	0.5183199285075961	0.0071492403932082215	0.9204647006255585	0.0	0.11885612153708669	0.6550491510277033	0.8999106344950849	0.17515638963360142	1.0	0.9526362823949955	0.7882037533512064	0.07953529937444147	0.2806076854334227	0.837354781054513	1.0	0.0	1.0	0.7354781054512958	1.0	0.546916890080429	0.26988382484361034	0.8534405719392315	1.0
26909	0.0	0.3488372093023256	0.5684754521963824	0.8992248062015504	0.0	0.028423772609819122	0.7545219638242894	0.9638242894056848	0.0	1.0	0.8087855297157622	0.5116279069767442	0.0	0.0	0.7751937984496124	1.0	0.0	1.0	1.0	1.0	0.0	0.0	0.7881136950904393	1.0
26910	0.0	0.32753623188405795	0.16	0.7878260869565218	0.10028985507246377	0.0	0.7797101449275362	0.5339130434782609	0.0	1.0	0.9918840579710145	0.4289855072463768	0.0	0.2753623188405797	0.9542028985507246	1.0	0.0	0.8666666666666667	0.4220289855072464	0.9930434782608696	0.08637681159420289	0.34202898550724636	0.9669565217391304	0.9982608695652174
26911	0.0	0.6753022452504318	0.37132987910189985	0.770293609671848	0.0	0.0	0.4162348877374784	0.7944732297063903	0.0	0.8791018998272885	0.6459412780656304	0.15716753022452504	0.0	0.11398963730569948	0.8169257340241797	0.5025906735751295	0.0	0.7944732297063903	0.44905008635578586	0.8290155440414507	0.0	0.0	0.8894645941278065	0.9879101899827288
26912	0.0	0.6121212121212121	0.13090909090909092	0.8012121212121213	0.0	0.17575757575757575	0.8763636363636363	0.6678787878787878	0.0	1.0	0.8145454545454546	0.6303030303030303	0.0	0.0	0.9054545454545454	1.0	0.0	0.9866666666666667	0.5381818181818182	1.0	0.1478787878787879	0.3103030303030303	0.9151515151515152	1.0
26913	0.0	0.5963149078726968	0.31155778894472363	0.7269681742043551	0.1624790619765494	0.0	0.7604690117252931	0.6063651591289783	0.35175879396984927	1.0	0.8777219430485762	0.6314907872696818	0.0	0.15577889447236182	0.9949748743718593	0.983249581239531	0.0	0.981574539363484	0.931323283082077	1.0	0.0	0.0	0.7202680067001676	1.0
26914	0.0	0.6497395833333334	0.24088541666666666	0.7682291666666666	0.0	0.0	0.6263020833333334	0.22265625	0.0	1.0	0.9739583333333334	0.4778645833333333	0.0	0.22005208333333334	0.8567708333333334	1.0	0.0	1.0	0.203125	1.0	0.0	0.05078125	0.9778645833333334	1.0
26915	0.0	0.6326530612244898	1.0	0.9455782312925171	0.0	0.0	1.0	0.2585034013605442	0.0	1.0	1.0	0.0	0.0	0.0	1.0	1.0	0.0	0.8163265306122449	0.6122448979591837	1.0	0.0	0.6836734693877551	1.0	1.0
26916	0.0	0.4550063371356147	0.2332065906210393	0.991128010139417	0.17237008871989862	0.0	0.7287705956907478	0.85297845373891	0.19138149556400508	1.0	0.9873257287705957	0.49429657794676807	0.0	0.4512040557667934	0.6806083650190115	1.0	0.0	0.9531051964512041	0.8859315589353612	1.0	0.15842839036755388	0.38276299112801015	0.7731305449936628	1.0
26917	0.0	0.566358024691358	0.22839506172839505	0.7916666666666666	0.0	0.0	0.44135802469135804	0.8148148148148148	0.0	1.0	0.9660493827160493	0.35802469135802467	0.0	0.27469135802469136	0.8657407407407407	1.0	0.0	0.9845679012345679	0.9506172839506173	1.0	0.07716049382716049	0.0	1.0	1.0
26918	0.4107142857142857	0.8154761904761905	0.0	0.5059523809523809	0.0	0.0	0.8630952380952381	0.5416666666666666	0.0	0.39285714285714285	0.125	0.0	0.0	0.0	0.0	1.0	0.0	0.041666666666666664	0.3273809523809524	0.9821428571428571	0.0	0.0	0.0	0.875
26919	0.0	0.5868945868945868	0.32193732193732194	0.7891737891737892	0.0	0.0	0.43874643874643876	0.0	0.0	1.0	0.8290598290598291	0.4045584045584046	0.0	0.2336182336182336	1.0	1.0	0.0	1.0	1.0	1.0	0.0	0.0	0.8603988603988604	1.0
26920	0.0	0.7568627450980392	0.4091503267973856	0.8718954248366013	0.0	0.0	0.9411764705882353	0.8823529411764706	0.0	1.0	0.9686274509803922	0.6183006535947713	0.0	0.07058823529411765	0.9594771241830066	1.0	0.0	0.8797385620915033	0.7633986928104575	1.0	0.0	0.39477124183006534	0.9882352941176471	1.0
26921	0.0	0.18556701030927836	0.0	0.38831615120274915	0.0	0.0	0.7164948453608248	0.38316151202749144	0.0	0.7989690721649485	0.9570446735395189	0.47766323024054985	0.0	0.2920962199312715	0.9226804123711341	1.0	0.0	0.9209621993127147	0.9621993127147767	1.0	0.0	0.0	0.9828178694158075	1.0
26922	0.0	0.6166666666666667	0.0	0.3592592592592593	0.0	0.0	0.8444444444444444	0.8111111111111111	0.0	0.9962962962962963	0.7666666666666667	0.7074074074074074	0.0	0.1925925925925926	0.9648148148148148	1.0	0.0	0.9962962962962963	0.7055555555555556	1.0	0.0	0.16666666666666666	0.7611111111111111	0.9481481481481482
26923	0.0	0.9401041666666666	0.5703125	1.0	0.0	0.0	0.8203125	0.2526041666666667	0.0	1.0	0.8151041666666666	0.21614583333333334	0.0	0.0	1.0	1.0	0.0	1.0	0.9322916666666666	1.0	0.3203125	0.14583333333333334	0.7760416666666666	1.0
26924	0.0	0.36303630363036304	0.01155115511551155	0.6320132013201321	0.0	0.0	0.7458745874587459	0.16996699669966997	0.0	1.0	0.933993399339934	0.21947194719471946	0.0	0.0	1.0	1.0	0.0	1.0	0.8877887788778878	1.0	0.054455445544554455	0.24917491749174916	0.6287128712871287	1.0
26925	0.2351313969571231	0.35408022130013833	0.0	0.3623789764868603	0.0	0.0	0.9280774550484094	0.6984785615491009	0.0	1.0	0.8063623789764869	0.5919778699861687	0.0	0.12171507607192254	1.0	0.9363762102351314	0.0	0.9903181189488244	1.0	1.0	0.19225449515905949	0.0	0.9280774550484094	1.0
26926	0.0	0.6368760064412239	0.15619967793880837	0.8011272141706924	0.10064412238325282	0.0	0.6135265700483091	0.3977455716586151	0.0	1.0	0.9146537842190016	0.7037037037037037	0.0	0.0	0.9347826086956522	1.0	0.0	0.9557165861513688	0.9396135265700483	1.0	0.0	0.11835748792270531	0.8776167471819646	1.0
26927	0.0	0.49005847953216375	0.0	0.6888888888888889	0.025730994152046785	0.0	0.6748538011695906	0.7461988304093568	0.0	1.0	0.92046783625731	0.5497076023391813	0.4982456140350877	0.0	0.9649122807017544	1.0	0.0	0.8514619883040936	0.9532163742690059	1.0	0.3134502923976608	0.1064327485380117	0.9403508771929825	1.0
26928	0.0	0.8193445243804957	0.3964828137490008	0.8968824940047961	0.0	0.0	0.521982414068745	0.5107913669064749	0.10951239008792965	1.0	0.9744204636290967	0.5963229416466826	0.1135091926458833	0.0	0.9840127897681854	0.9928057553956835	0.14468425259792167	0.9976019184652278	0.5723421262989609	1.0	0.032773780975219824	0.0	0.8089528377298162	1.0
26929	0.0	0.7431192660550459	0.0	1.0	0.0	0.0	1.0	0.6636085626911316	0.0	1.0	0.6788990825688074	0.5688073394495413	0.0	0.3241590214067278	1.0	1.0	0.0	1.0	1.0	1.0	0.0	0.10703363914373089	0.8593272171253823	1.0
26930	0.31069958847736623	0.6522633744855967	0.03292181069958848	0.9753086419753086	0.0	0.0	0.9794238683127572	0.5308641975308642	0.31069958847736623	1.0	0.5596707818930041	0.8477366255144033	0.0	0.0	1.0	1.0	0.29218106995884774	1.0	0.7016460905349794	1.0	0.2654320987654321	0.018518518518518517	1.0	1.0
26931	0.0	0.0	0.3582089552238806	1.0	0.0	0.43781094527363185	0.9751243781094527	0.12437810945273632	0.0	1.0	0.7164179104477612	0.845771144278607	0.0	0.0	1.0	1.0	0.0	1.0	0.0	1.0	0.22885572139303484	0.0	1.0	1.0
26932	0.0	0.7366120218579235	0.25901639344262295	1.0	0.0	0.0	0.8546448087431694	0.9060109289617486	0.0	1.0	1.0	0.5683060109289617	0.0	0.17049180327868851	1.0	1.0	0.0	0.9191256830601093	0.6633879781420765	1.0	0.3005464480874317	0.3912568306010929	0.9912568306010929	1.0
26933	0.0	0.7918367346938775	0.25170068027210885	1.0	0.0	0.0	0.9605442176870749	0.9904761904761905	0.0	1.0	1.0	0.9374149659863945	0.145578231292517	0.3115646258503401	1.0	1.0	0.0	1.0	1.0	1.0	0.3414965986394558	0.508843537414966	1.0	1.0
26934	0.0	0.5309973045822103	0.40341419586702604	0.8598382749326146	0.0	0.0	0.8939802336028752	0.7295597484276729	0.0	1.0	0.9757412398921833	0.44025157232704404	0.0	0.1778975741239892	0.9748427672955975	1.0	0.0	0.9362084456424079	0.4132973944294699	1.0	0.0	0.27133872416891286	0.9550763701707098	1.0
26935	0.0	0.36813186813186816	0.29120879120879123	0.4945054945054945	0.0	0.29853479853479853	0.8827838827838828	0.9047619047619048	0.0	1.0	0.793040293040293	0.706959706959707	0.0	0.0	1.0	1.0	0.0	1.0	0.8663003663003663	1.0	0.0	0.0	1.0	1.0
26936	0.0	0.46271929824561403	0.43640350877192985	0.5394736842105263	0.0	0.23903508771929824	0.9276315789473685	0.6973684210526315	0.0	1.0	0.8267543859649122	0.2324561403508772	0.0	0.2543859649122807	1.0	1.0	0.0	0.7719298245614035	0.7478070175438597	1.0	0.0	0.0	0.8969298245614035	1.0
26937	0.0	0.6972789115646258	0.0	1.0	0.0	0.0	1.0	0.3945578231292517	0.0	1.0	1.0	0.0	0.0	0.0	1.0	1.0	0.0	0.9421768707482994	0.5884353741496599	1.0	0.0	0.3299319727891156	1.0	1.0
26938	0.0	0.5457598656591099	0.382031905961377	0.9462636439966414	0.0	0.0	0.5936188077246012	0.7246011754827876	0.0	0.9890848026868178	0.9462636439966414	0.5113350125944585	0.0	0.06801007556675064	1.0	0.9941225860621327	0.0	0.9118387909319899	0.5919395465994962	0.9857262804366079	0.0	0.0	0.9135180520570949	0.998320738874895
26939	0.0	0.3277777777777778	0.0	0.5444444444444444	0.0	0.0	0.43333333333333335	0.8444444444444444	0.0	1.0	0.55	0.21666666666666667	0.0	0.0	0.6944444444444444	1.0	0.0	0.9388888888888889	0.9777777777777777	0.9972222222222222	0.0	0.0	0.38333333333333336	0.9694444444444444
26940	0.0	0.8564356435643564	0.38778877887788776	0.6072607260726073	0.0	0.0	0.7706270627062707	0.3234323432343234	0.0	1.0	0.9207920792079208	0.6914191419141914	0.4735973597359736	0.0	0.8151815181518152	1.0	0.0	0.9867986798679867	0.9108910891089109	1.0	0.23267326732673269	0.0	0.8828382838283828	1.0
26941	0.0	0.450374531835206	0.30243445692883897	0.9204119850187266	0.0	0.0	0.7874531835205992	0.649812734082397	0.0	1.0	0.8754681647940075	0.36891385767790263	0.16666666666666666	0.0	0.9129213483146067	0.9391385767790262	0.0	0.9297752808988764	0.7172284644194756	1.0	0.2397003745318352	0.040262172284644196	0.8595505617977528	1.0
26942	0.0	0.5491408934707904	0.0879725085910653	0.881786941580756	0.0	0.0	0.5951890034364261	0.47697594501718216	0.0	0.9718213058419244	0.7457044673539519	0.6323024054982818	0.07010309278350516	0.2865979381443299	0.8756013745704467	1.0	0.0	1.0	0.6419243986254296	1.0	0.06323024054982818	0.027491408934707903	0.9127147766323024	1.0
26943	0.293488824101069	0.5947521865889213	0.27405247813411077	0.9533527696793003	0.03984450923226433	0.0	0.827016520894072	0.4936831875607386	0.0	1.0	0.9630709426627794	0.3858114674441205	0.0	0.01652089407191448	0.6929057337220602	1.0	0.0	0.9368318756073858	0.8172983479105929	1.0	0.0	0.2555879494655005	1.0	1.0
26944	0.0	0.5493562231759657	0.0	0.31759656652360513	0.0	0.0	0.5507868383404864	0.6494992846924177	0.0	1.0	0.8426323319027181	0.12017167381974249	0.0	0.0	0.6151645207439199	1.0	0.0	1.0	0.0	1.0	0.0	0.0	0.9685264663805436	1.0
26945	0.0	0.6896551724137931	0.20229885057471264	1.0	0.0	0.0	0.18850574712643678	0.6275862068965518	0.0	1.0	0.5448275862068965	0.4896551724137931	0.0	0.0	0.9172413793103448	1.0	0.0	1.0	0.9379310344827586	1.0	0.0	0.271264367816092	0.7885057471264367	1.0
26946	0.0	0.6412213740458015	0.37150127226463103	1.0	0.0	0.4961832061068702	0.5826972010178118	1.0	0.0	1.0	0.5674300254452926	0.24427480916030533	0.0	0.0	1.0	1.0	0.0	1.0	0.3231552162849873	1.0	0.0	0.19338422391857507	1.0	1.0
26947	0.20053120849933598	0.7237715803452855	0.28286852589641437	0.7934926958831341	0.13678618857901725	0.0	0.6772908366533864	0.7078353253652059	0.0	1.0	0.8625498007968128	0.6069057104913679	0.06839309428950863	0.1806108897742364	0.9435590969455512	0.9807436918990704	0.0	0.9468791500664011	0.8273572377158035	1.0	0.11620185922974767	0.0	0.9774236387782205	1.0
26948	0.0015873015873015873	0.5968253968253968	0.3412698412698413	1.0	0.23809523809523808	0.2857142857142857	0.9349206349206349	0.8698412698412699	0.0	1.0	1.0	0.6761904761904762	0.0	0.0	1.0	1.0	0.0	1.0	0.37936507936507935	1.0	0.0	0.0	0.7634920634920634	1.0
26949	0.0	0.9150943396226415	0.0	0.5911949685534591	0.33962264150943394	0.0	1.0	0.0	0.0	1.0	1.0	0.0	0.0	0.720125786163522	1.0	1.0	0.0	1.0	0.7389937106918238	1.0	0.0	0.27358490566037735	0.9371069182389937	1.0
26950	0.0	0.7447916666666666	0.0	0.7864583333333334	0.0	0.0	1.0	0.0	0.0	1.0	0.71875	0.5208333333333334	0.4739583333333333	0.0	0.9010416666666666	1.0	0.0	0.5364583333333334	1.0	1.0	0.3020833333333333	0.4791666666666667	0.484375	1.0
26951	0.0	0.9405128205128205	0.2717948717948718	0.9784615384615385	0.39794871794871794	0.0	0.7497435897435898	0.7435897435897436	0.3517948717948718	1.0	0.9897435897435898	0.7353846153846154	0.4502564102564103	0.08307692307692308	0.9158974358974359	1.0	0.0	1.0	0.9425641025641026	1.0	0.11794871794871795	0.038974358974358976	0.8533333333333334	1.0
26952	0.0	0.8400597907324364	0.24514200298953662	0.5455904334828101	0.0	0.20926756352765322	0.37369207772795215	0.585949177877429	0.0	0.9446935724962631	0.9327354260089686	0.5919282511210763	0.0	0.4514200298953662	0.45739910313901344	1.0	0.0	0.6083707025411061	0.10463378176382661	1.0	0.0	0.0	0.5575485799701047	1.0
26953	0.0	0.5315315315315315	0.0	0.6270270270270271	0.0	0.0	0.6594594594594595	0.17657657657657658	0.0	0.7621621621621621	0.7675675675675676	0.5261261261261261	0.0	0.0	0.6594594594594595	1.0	0.0	0.9531531531531532	0.4486486486486487	1.0	0.0	0.0	0.9369369369369369	1.0
26954	0.0	0.08308895405669599	0.0	0.8504398826979472	0.0	0.0	0.5102639296187683	0.603128054740958	0.08602150537634409	0.7605083088954057	0.3489736070381232	0.34995112414467255	0.07917888563049853	0.0	0.7194525904203324	0.9931573802541545	0.0	0.49266862170087977	0.37145650048875856	1.0	0.0	0.5356793743890518	0.750733137829912	1.0
26955	0.0	0.6269315673289183	0.0	0.8543046357615894	0.0	0.0	0.8432671081677704	0.6026490066225165	0.0	1.0	0.8145695364238411	0.47902869757174393	0.0	0.0	0.9735099337748344	0.9735099337748344	0.0	1.0	0.282560706401766	0.8896247240618101	0.20750551876379691	0.0	0.8984547461368654	1.0
26956	0.0	0.08097928436911488	0.2278719397363465	0.8587570621468926	0.0	0.0	0.891713747645951	1.0	0.0	1.0	0.6374764595103578	0.6949152542372882	0.14218455743879474	0.07815442561205273	0.9651600753295668	0.9934086629001884	0.0	1.0	0.85969868173258	1.0	0.0	0.2278719397363465	0.8728813559322034	1.0
26957	0.5950920245398773	0.7116564417177914	0.20245398773006135	0.5725971370143149	0.23721881390593047	0.0	0.8997955010224948	0.6421267893660532	0.0	1.0	0.9284253578732107	0.5991820040899796	0.0	0.25971370143149286	1.0	1.0	0.0	1.0	0.7014314928425358	1.0	0.3987730061349693	0.0	0.7484662576687117	1.0
26958	0.0	0.5371794871794872	0.5269230769230769	0.9051282051282051	0.0	0.0	0.9794871794871794	0.6128205128205129	0.0	1.0	0.9923076923076923	0.29615384615384616	0.0	0.0	0.9807692307692307	1.0	0.0	0.9961538461538462	1.0	1.0	0.28974358974358977	0.3871794871794872	0.9038461538461539	1.0
26959	0.0	0.0	0.2989247311827957	0.7483870967741936	0.0	0.0	0.6344086021505376	0.7032258064516129	0.0	1.0	1.0	0.45376344086021503	0.0	0.0	0.7677419354838709	1.0	0.0	1.0	0.6752688172043011	1.0	0.0	0.46881720430107526	0.9139784946236559	1.0
26960	0.0	0.5285565939771547	0.31360332294911736	0.715472481827622	0.0	0.0	0.9636552440290758	0.8328141225337488	0.0	1.0	0.735202492211838	0.2616822429906542	0.08826583592938733	0.24195223260643822	0.9916926272066459	1.0	0.0	0.8805815160955348	0.7538940809968847	1.0	0.15680166147455868	0.0	0.9646936656282451	1.0
26961	0.0	0.20833333333333334	0.0	0.7445652173913043	0.23369565217391305	0.0	0.6086956521739131	0.15760869565217392	0.0	0.9945652173913043	0.8605072463768116	0.552536231884058	0.5471014492753623	0.2898550724637681	1.0	0.8623188405797102	0.0	1.0	0.322463768115942	1.0	0.0	0.0	0.9239130434782609	1.0
26962	0.1592505854800937	0.7619047619047619	0.36768149882903983	0.8688524590163934	0.1451990632318501	0.23575331772053085	0.24434035909445745	0.24121779859484777	0.0	0.9914129586260734	0.8883684621389539	0.5238095238095238	0.0	0.08274785323965651	0.6775956284153005	0.994535519125683	0.0	0.955503512880562	0.7486338797814208	0.9929742388758782	0.0	0.0	0.8602654176424668	0.9984387197501952
26963	0.0	0.4072119613016711	0.44854881266490765	0.7554969217238346	0.0	0.0	0.6745822339489885	0.6112576956904133	0.0	1.0	0.6684256816182937	0.6059806508355321	0.0	0.0	0.793315743183817	0.9129287598944591	0.0	0.5532102022867195	0.32717678100263853	0.9876868953386104	0.14072119613016712	0.0	0.9665787159190853	0.8751099384344767
26964	0.0	0.26262626262626265	0.0	1.0	0.0	0.0	0.6094276094276094	0.0	0.0	1.0	0.7777777777777778	0.0	0.0	0.0	1.0	1.0	0.0	0.38047138047138046	0.0707070707070707	1.0	0.0	0.0	0.9696969696969697	1.0
26965	0.0	0.38836477987421386	0.0	0.11477987421383648	0.0	0.0	0.29559748427672955	0.2531446540880503	0.0	1.0	0.7405660377358491	0.05660377358490566	0.22012578616352202	0.0	0.9481132075471698	0.9889937106918238	0.0	0.7389937106918238	0.16037735849056603	0.9889937106918238	0.0	0.0	0.7358490566037735	0.9905660377358491
26966	0.0	0.0	0.0	0.9292929292929293	0.0	0.0	0.32996632996632996	0.4208754208754209	0.0	1.0	1.0	0.2222222222222222	0.0	0.0	0.5488215488215489	0.9326599326599326	0.0	0.26262626262626265	0.4276094276094276	1.0	0.0	0.0	0.7441077441077442	1.0
26967	0.0	0.5089605734767025	0.0	0.3536439665471924	0.0	0.0	0.7897252090800478	0.9091995221027479	0.0	0.8960573476702509	0.6212664277180406	0.14934289127837516	0.12903225806451613	0.2126642771804062	0.6690561529271206	0.9605734767025089	0.0	0.921146953405018	0.7598566308243727	0.977299880525687	0.0	0.0	0.7311827956989247	0.8900836320191159
26968	0.0	1.0	0.0	1.0	0.0	0.0	1.0	0.0641025641025641	0.0	1.0	0.9252136752136753	0.3611111111111111	0.0	0.0	0.9978632478632479	1.0	0.0	0.9102564102564102	0.9807692307692307	1.0	0.0	0.0	1.0	1.0
26969	0.0	0.8156565656565656	0.4015151515151515	1.0	0.06060606060606061	0.0	0.6565656565656566	0.0	0.0	1.0	1.0	0.3813131313131313	0.4217171717171717	0.0	0.9848484848484849	1.0	0.0	1.0	1.0	1.0	0.20707070707070707	0.0	1.0	1.0
26970	0.0	0.9317889317889317	0.3256113256113256	0.9433719433719434	0.3436293436293436	0.0	0.5855855855855856	0.35263835263835264	0.0	1.0	0.9202059202059202	0.5315315315315315	0.22007722007722008	0.0	0.9987129987129987	1.0	0.0	1.0	0.6254826254826255	1.0	0.15572715572715573	0.0	0.9678249678249679	1.0
26971	0.30952380952380953	0.6564625850340136	0.2193877551020408	0.9540816326530612	0.0	0.0	0.8282312925170068	0.9183673469387755	0.0	1.0	0.9965986394557823	0.5034013605442177	0.5544217687074829	0.0	0.7261904761904762	1.0	0.0	0.9948979591836735	0.5544217687074829	1.0	0.0	0.0	1.0	1.0
26972	0.0	0.9626865671641791	0.572139303482587	0.6144278606965174	0.0	0.0	0.48507462686567165	0.945273631840796	0.0	1.0	1.0	0.5796019900497512	0.44776119402985076	0.27860696517412936	0.845771144278607	1.0	0.0	1.0	0.845771144278607	1.0	0.0	0.0	0.9079601990049752	1.0
26973	0.0	0.8416149068322981	0.0	0.8219461697722568	0.0	0.0	0.8322981366459627	0.5714285714285714	0.0	1.0	0.8229813664596274	0.4834368530020704	0.4979296066252588	0.15424430641821946	0.9057971014492754	1.0	0.19875776397515527	0.9182194616977226	0.9316770186335404	1.0	0.2080745341614907	0.07142857142857142	0.7422360248447205	1.0
26974	0.0	0.6383647798742138	0.27044025157232704	0.7783018867924528	0.0	0.0	0.47955974842767296	0.6886792452830188	0.0	1.0	0.6210691823899371	0.6619496855345912	0.22012578616352202	0.0	0.9858490566037735	1.0	0.0	1.0	0.8364779874213837	1.0	0.0	0.0	0.9135220125786163	1.0
26975	0.0	0.5049180327868853	0.11038251366120219	0.7857923497267759	0.0	0.08852459016393442	0.5289617486338798	0.507103825136612	0.0	1.0	0.9923497267759562	0.34316939890710385	0.0	0.4557377049180328	0.980327868852459	0.9989071038251366	0.0	0.8852459016393442	0.8469945355191257	1.0	0.0	0.05792349726775956	0.926775956284153	0.9825136612021858
26976	0.0	0.8798449612403101	0.11369509043927649	1.0	0.0	0.0	0.582687338501292	0.5167958656330749	0.0	1.0	1.0	0.5930232558139535	0.07881136950904392	0.0	1.0	1.0	0.0	1.0	0.8824289405684754	1.0	0.0	0.39018087855297157	1.0	1.0
26977	0.06060606060606061	0.8340909090909091	0.2545454545454545	0.9113636363636364	0.0	0.0	0.5742424242424242	0.7780303030303031	0.2287878787878788	1.0	0.9424242424242424	0.2818181818181818	0.17575757575757575	0.00909090909090909	1.0	1.0	0.0	1.0	1.0	1.0	0.34924242424242424	0.21136363636363636	0.9416666666666667	1.0
26978	0.0	0.7483751160631383	0.6740947075208914	0.8848653667595172	0.42525533890436396	0.0	0.9526462395543176	0.904363974001857	0.0	0.9916434540389972	0.9647168059424327	0.6471680594243269	0.07892293407613742	0.10677808727948004	0.9944289693593314	1.0	0.08913649025069638	0.9758588672237697	0.8709377901578459	1.0	0.0	0.0	1.0	1.0
26979	0.0	0.7301587301587301	0.0	0.43492063492063493	0.0	0.0	0.8492063492063492	0.14603174603174604	0.0	0.746031746031746	0.8111111111111111	0.38095238095238093	0.373015873015873	0.0	0.8841269841269841	0.9777777777777777	0.0	0.4650793650793651	0.7444444444444445	1.0	0.0	0.0	0.6285714285714286	1.0
26980	0.0	0.6109391124871001	0.24045407636738905	0.9628482972136223	0.0	0.0	0.9680082559339526	0.36429308565531476	0.023735810113519093	1.0	0.5706914344685242	0.26109391124871	0.0	0.0	0.9958720330237358	1.0	0.0	0.9535603715170279	0.7141382868937048	1.0	0.2260061919504644	0.0	1.0	1.0
26981	0.0	0.9083820662768031	0.17543859649122806	0.9941520467836257	0.31189083820662766	0.0	0.8031189083820662	0.8284600389863548	0.0	1.0	0.9395711500974658	0.6549707602339181	0.0	0.009746588693957114	1.0	1.0	0.0	1.0	0.5165692007797271	1.0	0.0	0.0	0.9044834307992202	1.0
26982	0.0	0.8993055555555556	0.2222222222222222	0.7256944444444444	0.21354166666666666	0.0	0.96875	0.8177083333333334	0.0	1.0	0.6493055555555556	0.5590277777777778	0.0	0.65625	0.9878472222222222	1.0	0.0	1.0	0.7725694444444444	1.0	0.0	0.2795138888888889	0.8611111111111112	1.0
26983	0.0	0.3770833333333333	0.25625	0.7597222222222222	0.0	0.0	0.8284722222222223	0.86875	0.06944444444444445	0.9972222222222222	0.8666666666666667	0.29930555555555555	0.0	0.11180555555555556	0.9305555555555556	1.0	0.0	0.9736111111111111	0.8111111111111111	1.0	0.0	0.0	0.8708333333333333	1.0
26984	0.0	0.8545454545454545	0.3612121212121212	0.9503030303030303	0.21454545454545454	0.0	0.4775757575757576	0.4036363636363636	0.0	1.0	0.8327272727272728	0.2084848484848485	0.3284848484848485	0.0	0.9236363636363636	1.0	0.0	0.8993939393939394	0.9103030303030303	1.0	0.0	0.3575757575757576	0.9466666666666667	1.0
26985	0.0	0.800376647834275	0.0	0.8041431261770244	0.0	0.08945386064030132	0.8022598870056498	0.53954802259887	0.0	1.0	0.9839924670433146	0.7306967984934086	0.10922787193973635	0.24293785310734464	0.9048964218455744	1.0	0.0	0.955743879472693	0.6214689265536724	1.0	0.08286252354048965	0.13465160075329566	0.9453860640301318	1.0
26986	0.0	0.6895833333333333	0.10625	0.7875	0.2708333333333333	0.0	0.9833333333333333	0.578125	0.0	1.0	0.9979166666666667	0.5416666666666666	0.17916666666666667	0.084375	1.0	1.0	0.0	1.0	0.31666666666666665	1.0	0.103125	0.3145833333333333	0.9197916666666667	1.0
26987	0.0	0.33741080530071355	0.15392456676860347	0.8527013251783894	0.0	0.0	0.8399592252803262	0.7380224260958206	0.0	0.9877675840978594	0.9740061162079511	0.4612640163098879	0.13353720693170235	0.04943934760448522	0.9490316004077471	1.0	0.0	1.0	0.6676860346585117	1.0	0.0	0.0	0.9011213047910296	1.0
26988	0.0	0.4919278252611586	0.3029439696106363	1.0	0.0	0.0	0.8547008547008547	0.7834757834757835	0.0	1.0	0.7635327635327636	0.48717948717948717	0.0	0.09876543209876543	0.8955365622032289	0.9990503323836657	0.0	0.9544159544159544	0.7236467236467237	1.0	0.13105413105413105	0.0	0.7882241215574549	1.0
26989	0.0	0.5741556534508077	0.03671071953010279	0.8325991189427313	0.0	0.17033773861967694	0.7386196769456681	0.33627019089574156	0.0	1.0	1.0	0.1644640234948605	0.23494860499265785	0.0	0.7268722466960352	1.0	0.0	1.0	0.55359765051395	1.0	0.0	0.0	0.9809104258443465	1.0
26990	0.0	0.6391639163916392	0.0	0.9845984598459846	0.25962596259625964	0.0	0.0594059405940594	0.6182618261826183	0.0	0.9064906490649065	0.8855885588558856	0.24092409240924093	0.0	0.0	0.8338833883388339	0.9031903190319032	0.0	1.0	0.33223322332233224	1.0	0.23432343234323433	0.0	0.9988998899889989	1.0
26991	0.0	0.0	0.0	0.82560706401766	0.0	0.0	0.40397350993377484	0.0	0.0	0.6291390728476821	0.0	0.24282560706401765	0.0	0.0	0.24061810154525387	0.6158940397350994	0.0	0.3333333333333333	0.23841059602649006	0.7064017660044151	0.0	0.0	0.0	0.7041942604856513
26992	0.0	1.0	0.0	0.7911646586345381	0.0	0.0	1.0	0.8032128514056225	0.0	1.0	1.0	0.6224899598393574	0.8072289156626506	0.0	0.9558232931726908	1.0	0.0	1.0	0.3132530120481928	1.0	0.0	0.0	0.9116465863453815	1.0
26993	0.0	0.9390681003584229	0.0	0.7491039426523297	0.0	0.0	0.41935483870967744	0.8602150537634409	0.0	1.0	0.6989247311827957	0.0	0.0	0.0	0.7132616487455197	1.0	0.0	0.931899641577061	0.8279569892473119	1.0	0.0	0.0	1.0	1.0
26994	0.0	0.3271604938271605	0.5123456790123457	0.9506172839506173	0.0	0.0	1.0	1.0	0.0	1.0	0.7469135802469136	0.5123456790123457	0.0	0.0	1.0	1.0	0.0	1.0	0.35802469135802467	1.0	0.0	0.5	0.35185185185185186	1.0
26995	0.0	0.4104938271604938	0.0	1.0	0.0	0.0	0.8333333333333334	0.9629629629629629	0.0	1.0	0.8950617283950617	0.6666666666666666	0.0	0.0	1.0	1.0	0.0	1.0	0.4537037037037037	1.0	0.0	0.7839506172839507	0.9351851851851852	1.0
26996	0.0	0.3939393939393939	0.4166666666666667	0.7045454545454546	0.2601010101010101	0.0	0.48737373737373735	0.9065656565656566	0.0	1.0	1.0	0.4166666666666667	0.0	0.25252525252525254	1.0	1.0	0.0	1.0	0.6111111111111112	1.0	0.0	0.0	0.9065656565656566	1.0
26997	0.0	0.7676107480029049	0.2984749455337691	0.7124183006535948	0.015250544662309368	0.0	0.4386347131445171	0.6477850399419027	0.0	1.0	0.9702251270878722	0.5853304284676834	0.2716049382716049	0.17356572258533043	0.9215686274509803	1.0	0.0	1.0	0.45824255628177196	1.0	0.2657952069716776	0.0	0.9549745824255628	1.0
26998	0.15532879818594103	0.8117913832199547	0.16666666666666666	0.9149659863945578	0.0873015873015873	0.2811791383219955	0.6723356009070295	0.4909297052154195	0.0	1.0	0.8866213151927438	0.5612244897959183	0.1712018140589569	0.0	0.8945578231292517	0.9750566893424036	0.0	0.9954648526077098	0.3378684807256236	1.0	0.0	0.0	0.9750566893424036	1.0
26999	0.0	0.43915343915343913	0.29894179894179895	0.5811287477954145	0.0	0.0	0.5582010582010583	0.7231040564373897	0.0	1.0	0.892416225749559	0.48677248677248675	0.0	0.0	0.9250440917107584	0.9894179894179894	0.0	0.9135802469135802	0.7707231040564374	1.0	0.0	0.0	0.982363315696649	1.0
27000	0.0	0.9920634920634921	0.0	0.8134920634920635	0.44047619047619047	0.0	0.4087301587301587	0.39285714285714285	0.0	1.0	0.9880952380952381	1.0	0.0	0.0	1.0	1.0	0.0	1.0	1.0	1.0	0.0	0.0	1.0	1.0
27001	0.1697594501718213	0.8515463917525773	0.12783505154639174	0.7814432989690722	0.12920962199312716	0.0	0.6391752577319587	0.5615120274914089	0.0	0.9539518900343643	0.8694158075601375	0.6810996563573883	0.10171821305841924	0.0	0.9298969072164949	1.0	0.0	0.949828178694158	0.6405498281786941	1.0	0.12096219931271478	0.1965635738831615	0.9237113402061856	1.0
27002	0.0	0.8754951895868704	0.4465195246179966	0.8964346349745331	0.13752122241086587	0.0	0.7838143746462931	0.5025466893039049	0.0	0.9813242784380306	0.7990945104697227	0.41482739105829086	0.0	0.01584606677985286	0.7368421052631579	1.0	0.0	0.9971703452178834	0.6994906621392191	1.0	0.022637238256932653	0.0	0.8641765704584041	1.0
27003	0.0	0.02824858757062147	0.0	0.7231638418079096	0.0	0.0	0.711864406779661	0.4406779661016949	0.0	1.0	1.0	1.0	0.0	1.0	1.0	1.0	0.0	1.0	0.0	1.0	0.0	0.0	0.768361581920904	1.0
27004	0.23686274509803923	0.7811764705882352	0.5513725490196079	0.7984313725490196	0.06666666666666667	0.14901960784313725	0.47058823529411764	0.6674509803921569	0.0	1.0	0.9043137254901961	0.34352941176470586	0.23686274509803923	0.0	0.9262745098039216	1.0	0.0	0.9474509803921569	0.6525490196078432	1.0	0.11372549019607843	0.17568627450980392	1.0	1.0
27005	0.0	0.3679324894514768	0.3620253164556962	0.9814345991561182	0.0	0.1240506329113924	0.6075949367088608	0.6481012658227848	0.0	1.0	0.8135021097046413	0.43628691983122364	0.0	0.1940928270042194	0.9535864978902954	0.9949367088607595	0.0	1.0	0.7409282700421941	1.0	0.0	0.0	0.8244725738396624	1.0
27006	0.0	0.506961506961507	0.371007371007371	0.7469287469287469	0.0	0.0	0.7313677313677314	0.6601146601146601	0.0	1.0	0.6756756756756757	0.35544635544635544	0.0	0.0	0.7665847665847666	1.0	0.0	0.9467649467649467	0.8714168714168714	1.0	0.0	0.10892710892710893	0.9533169533169533	1.0
27007	0.0	0.9617486338797814	0.6502732240437158	1.0	0.0	0.0	0.9726775956284153	0.587431693989071	0.0	0.9289617486338798	0.9453551912568307	0.36065573770491804	0.0	0.0	0.8934426229508197	1.0	0.0	0.9863387978142076	0.8469945355191257	1.0	0.0	0.0	1.0	1.0
27008	0.0	0.8148148148148148	0.03292181069958848	0.7860082304526749	0.0	0.0	1.0	0.5843621399176955	0.0	1.0	1.0	1.0	0.0	0.0	1.0	0.9423868312757202	0.0	1.0	1.0	1.0	0.0	0.0	1.0	1.0
27009	0.0	0.6437659033078881	0.0	1.0	0.17302798982188294	0.0	0.9821882951653944	0.4071246819338422	0.0	1.0	0.8829516539440203	0.9312977099236641	0.21628498727735368	0.0	1.0	0.9745547073791349	0.0	1.0	0.7659033078880407	1.0	0.027989821882951654	0.0	1.0	1.0
27010	0.0	0.45528455284552843	0.0	0.09349593495934959	0.0	0.0	0.06504065040650407	1.0	0.0	1.0	1.0	0.07317073170731707	0.0	0.24390243902439024	0.6788617886178862	1.0	0.0	1.0	1.0	1.0	0.0	0.0	0.7804878048780488	1.0
27011	0.0	0.5777777777777777	0.0	1.0	0.0	0.2962962962962963	0.6098765432098765	0.4740740740740741	0.0	1.0	0.928395061728395	0.6814814814814815	0.04691358024691358	0.0049382716049382715	1.0	1.0	0.0	1.0	0.10864197530864197	1.0	0.0	0.0	0.7802469135802469	1.0
27012	0.2368596141051231	0.9248170326014638	0.0998003992015968	0.929474384564205	0.31137724550898205	0.2821024617431803	1.0	0.8928809048569527	0.07651363938789088	1.0	0.9554224883566201	0.8988689288090486	0.6467065868263473	0.83166999334664	1.0	1.0	0.1643379906852961	1.0	0.8063872255489022	1.0	0.4856952761144378	0.43779108449767135	0.9866932801064537	1.0
27013	0.0	0.33608815426997246	0.16804407713498623	0.39669421487603307	0.0	0.0	0.29201101928374656	0.7327823691460055	0.0	0.7024793388429752	1.0	0.38016528925619836	0.0	0.27823691460055094	0.13774104683195593	1.0	0.0	0.0	0.16804407713498623	0.8154269972451791	0.0	0.0	0.6446280991735537	1.0
27014	0.4618055555555556	0.4895833333333333	0.11805555555555555	0.0	0.7013888888888888	0.0	0.0	0.1840277777777778	0.0	1.0	0.5902777777777778	0.4131944444444444	0.0	0.0	0.8715277777777778	0.8645833333333334	0.0	0.7013888888888888	0.7534722222222222	1.0	0.0	0.0	0.625	1.0
27015	0.0	0.0	0.0	0.0	0.0	0.0	0.0	0.14444444444444443	0.0	1.0	1.0	1.0	0.0	0.0	0.6611111111111111	0.7555555555555555	0.0	1.0	0.0	1.0	0.0	0.9777777777777777	0.0	1.0
27016	0.0	0.5736434108527132	0.0	0.0	0.0	0.0	0.0	0.0	0.0	1.0	0.5348837209302325	0.49612403100775193	0.0	0.027131782945736434	0.937984496124031	0.4263565891472868	0.0	1.0	0.375968992248062	1.0	0.0	0.0	0.0	1.0
27017	0.0	0.0	0.0	0.3939393939393939	0.0	0.0	0.0	0.0	0.0	1.0	0.0	0.0	0.0	0.6742424242424242	0.7045454545454546	0.7954545454545454	0.0	0.8257575757575758	0.0	1.0	0.0	0.0	0.0	0.8106060606060606
27018	0.0	0.7428571428571429	0.5	0.5523809523809524	0.0	0.0	1.0	0.0	0.0	1.0	1.0	0.0	0.0	0.0	1.0	1.0	0.0	0.7047619047619048	1.0	1.0	0.0	0.0	0.7333333333333333	1.0
27019	0.0	0.40425531914893614	0.9361702127659575	0.7872340425531915	0.0	0.0	0.950354609929078	0.950354609929078	0.0	1.0	1.0	0.0	0.0	0.0	1.0	1.0	0.0	1.0	0.950354609929078	1.0	0.0	0.0	1.0	1.0
27020	0.0	0.15694444444444444	0.4166666666666667	0.7222222222222222	0.19305555555555556	0.0	0.8972222222222223	0.775	0.0	1.0	0.9208333333333333	0.33055555555555555	0.0	0.0	0.9013888888888889	1.0	0.0	0.95	0.5819444444444445	0.9013888888888889	0.0	0.0	0.8513888888888889	1.0
27021	0.0	0.9799196787148594	0.2677376171352075	0.8875502008032129	0.12449799196787148	0.0	0.8661311914323963	0.47523427041499333	0.0	0.9585006693440429	0.7603748326639893	0.16733601070950468	0.0	0.31994645247657294	1.0	1.0	0.0	0.9223560910307899	0.8688085676037484	1.0	0.0	0.0	0.9263721552878179	1.0
27022	0.0	0.8553921568627451	0.2267156862745098	0.6507352941176471	0.0	0.0	0.8161764705882353	0.7034313725490197	0.0	1.0	0.9828431372549019	0.2107843137254902	0.16544117647058823	0.0	0.9742647058823529	1.0	0.0	0.9926470588235294	0.8492647058823529	1.0	0.0	0.0	0.9436274509803921	1.0
27023	0.0	0.844632768361582	0.0	0.846045197740113	0.0	0.12994350282485875	0.8135593220338984	0.8206214689265536	0.0	1.0	0.4548022598870056	0.5833333333333334	0.0	0.0	0.6765536723163842	0.9703389830508474	0.2824858757062147	0.8290960451977402	0.9307909604519774	1.0	0.2824858757062147	0.0	1.0	1.0
27024	0.0	0.6968085106382979	0.12411347517730496	0.8581560283687943	0.07535460992907801	0.0797872340425532	0.7207446808510638	0.6161347517730497	0.0	1.0	1.0	0.45478723404255317	0.05230496453900709	0.15691489361702127	0.9973404255319149	1.0	0.0	1.0	0.7446808510638298	1.0	0.0	0.0	0.9769503546099291	1.0
27025	0.0	0.920863309352518	0.47002398081534774	0.5779376498800959	0.37170263788968827	0.0	0.7817745803357314	0.7050359712230215	0.0	1.0	0.6163069544364509	0.2565947242206235	0.0	0.381294964028777	0.8968824940047961	1.0	0.0	1.0	0.47721822541966424	1.0	0.8848920863309353	0.0	0.920863309352518	1.0
27026	0.0	0.3611111111111111	0.0	0.9658119658119658	0.00641025641025641	0.0	0.5042735042735043	0.8803418803418803	0.19444444444444445	0.9893162393162394	0.9081196581196581	0.8226495726495726	0.0	0.3782051282051282	0.7670940170940171	1.0	0.0	1.0	1.0	1.0	0.0811965811965812	0.0	0.35683760683760685	1.0
27027	0.0	0.704248366013072	0.0	0.6339869281045751	0.0	0.0	0.7728758169934641	0.48366013071895425	0.0	1.0	0.6781045751633987	0.2777777777777778	0.0	0.0	0.9117647058823529	1.0	0.0	0.9705882352941176	0.7418300653594772	1.0	0.0	0.0	0.9444444444444444	1.0
27028	0.0	0.9119047619047619	0.08571428571428572	0.7738095238095238	0.0	0.0	0.8976190476190476	0.9	0.0	1.0	0.9976190476190476	0.0	0.0	0.0	1.0	1.0	0.0	1.0	0.7023809523809523	1.0	0.0	0.16666666666666666	0.75	1.0
27029	0.0	0.27340823970037453	0.0	0.9138576779026217	0.0	0.0	0.8726591760299626	1.0	0.20973782771535582	1.0	1.0	0.0	0.0	0.0	1.0	1.0	0.0	1.0	0.6591760299625468	1.0	0.0	0.0	1.0	1.0
27030	0.3404255319148936	0.5271867612293144	0.037825059101654845	0.2718676122931442	0.0	0.0	0.933806146572104	0.29314420803782504	0.0	1.0	0.9267139479905437	0.3877068557919622	0.0	0.030732860520094562	0.9290780141843972	0.9598108747044918	0.0	1.0	0.6501182033096927	1.0	0.0	0.0	1.0	1.0
27031	0.6622807017543859	0.13157894736842105	0.4956140350877193	0.39035087719298245	0.0	0.0	0.33771929824561403	0.0	0.0	1.0	0.9298245614035088	0.37719298245614036	0.0	0.0	0.8201754385964912	0.9517543859649122	0.0	0.9605263157894737	0.0	1.0	0.0	0.0	0.6666666666666666	1.0
27032	0.0	0.0	0.0	0.8613138686131386	0.0	0.0	0.851581508515815	0.5182481751824818	0.0	0.9464720194647201	0.5182481751824818	0.26520681265206814	0.0	0.0	0.8199513381995134	1.0	0.0	0.5060827250608273	0.5060827250608273	0.8953771289537713	0.3284671532846715	0.0	0.6228710462287105	0.8905109489051095
27033	0.0	0.6893424036281179	0.0	0.9795918367346939	0.6848072562358276	0.0	0.873015873015873	0.42630385487528344	0.0	1.0	1.0	0.0	0.23129251700680273	0.0	1.0	1.0	0.0	1.0	0.5736961451247166	1.0	0.0	0.3310657596371882	1.0	1.0
27034	0.0	0.9047619047619048	0.2523809523809524	1.0	0.0	0.46190476190476193	1.0	0.4523809523809524	0.0	1.0	0.0	0.0	0.0	0.0	1.0	1.0	0.0	1.0	0.8142857142857143	1.0	0.0	0.0	1.0	1.0
27035	0.0	0.0	0.0	0.8362235067437379	0.0	0.0	0.20423892100192678	0.7013487475915221	0.0	0.9171483622350675	0.626204238921002	0.626204238921002	0.0	0.0	0.9460500963391136	0.791907514450867	0.0	0.2909441233140655	0.2909441233140655	1.0	0.0	0.0	0.8208092485549133	0.7822736030828517
27036	0.0	0.8186666666666667	0.224	0.6186666666666667	0.0	0.0	0.544	0.32266666666666666	0.0	1.0	0.928	0.52	0.0	0.0	1.0	0.9946666666666667	0.0	0.992	0.52	1.0	0.0	0.0	0.9093333333333333	0.9946666666666667
27037	0.0	0.7269681742043551	0.3442211055276382	1.0	0.2529313232830821	0.2068676716917923	0.6415410385259631	0.6624790619765494	0.0	1.0	0.8743718592964824	0.15829145728643215	0.11139028475711893	0.0812395309882747	0.7420435510887772	1.0	0.0	0.966499162479062	0.5033500837520938	1.0	0.11139028475711893	0.0	0.7872696817420436	1.0
27038	0.22271386430678466	0.2809734513274336	0.20870206489675516	0.609882005899705	0.0	0.09734513274336283	0.6305309734513275	0.5752212389380531	0.0	1.0	0.9682890855457227	0.4505899705014749	0.17182890855457228	0.09144542772861357	0.9786135693215339	1.0	0.0	1.0	0.29572271386430676	1.0	0.06563421828908554	0.38495575221238937	0.8679941002949852	1.0
27039	0.0	0.4982456140350877	0.24	0.9150877192982456	0.0	0.0	0.7726315789473684	0.5221052631578947	0.0	1.0	0.8842105263157894	0.3880701754385965	0.0	0.0	0.9403508771929825	1.0	0.0	0.9698245614035088	0.29964912280701755	1.0	0.0	0.0	0.9796491228070175	1.0
27040	0.0	0.6016260162601627	0.0	1.0	0.0	0.0	1.0	0.9776422764227642	0.0	1.0	1.0	0.6849593495934959	0.0	0.0	0.8800813008130082	1.0	0.0	1.0	0.9451219512195121	1.0	0.13821138211382114	0.0	0.8922764227642277	1.0
27041	0.0	0.5953525641025641	0.11538461538461539	0.6899038461538461	0.0	0.1282051282051282	0.7964743589743589	0.7051282051282052	0.0	1.0	0.9022435897435898	0.23477564102564102	0.07852564102564102	0.0	0.8950320512820513	0.9527243589743589	0.0	0.9615384615384616	0.5384615384615384	1.0	0.0	0.044070512820512824	0.9487179487179487	1.0
27042	0.0	0.656969696969697	0.33575757575757575	0.8703030303030304	0.18666666666666668	0.0	0.30787878787878786	0.5890909090909091	0.0	1.0	0.9806060606060606	0.2509090909090909	0.0	0.2012121212121212	0.6824242424242424	0.9915151515151515	0.0	0.7624242424242424	0.8218181818181818	1.0	0.0	0.0	0.84	1.0
27043	0.0	0.8269005847953217	0.45497076023391814	0.6011695906432749	0.0	0.0	0.7309941520467836	0.30994152046783624	0.0	1.0	1.0	0.3134502923976608	0.0	0.0	0.856140350877193	1.0	0.0	1.0	0.8046783625730994	1.0	0.09824561403508772	0.0	0.8315789473684211	1.0
27044	0.0	0.5080321285140562	0.0	0.8032128514056225	0.0	0.10140562248995984	0.4759036144578313	0.8714859437751004	0.0	1.0	0.7931726907630522	0.24799196787148595	0.0	0.10742971887550201	0.6204819277108434	1.0	0.0	0.8112449799196787	0.6987951807228916	1.0	0.0	0.0853413654618474	0.9728915662650602	1.0
27045	0.0	0.5884615384615385	0.1717948717948718	0.7205128205128205	0.0	0.0	0.6628205128205128	0.7666666666666667	0.18333333333333332	1.0	0.9974358974358974	0.6576923076923077	0.0	0.0	1.0	1.0	0.0	0.8961538461538462	0.5064102564102564	1.0	0.0	0.0	0.791025641025641	1.0
27046	0.0	0.3105022831050228	0.0	0.7315068493150685	0.0	0.0	0.5570776255707762	0.46301369863013697	0.13333333333333333	0.9187214611872146	0.8831050228310502	0.41735159817351597	0.07397260273972603	0.08127853881278539	0.6794520547945205	0.9863013698630136	0.0	0.6611872146118721	0.5461187214611872	1.0	0.1095890410958904	0.27579908675799086	0.7004566210045662	1.0
27047	0.0	0.0	0.0	0.6578947368421053	0.0	0.0	0.0	0.0	0.0	1.0	0.5	0.0	0.0	0.0	0.0	0.7631578947368421	0.0	0.6008771929824561	0.0	0.9736842105263158	0.0	0.0	0.0	0.9736842105263158
27048	0.0	0.3525641025641026	1.0	1.0	0.0	0.0	1.0	0.8717948717948718	0.0	1.0	1.0	0.9871794871794872	0.0	0.6666666666666666	0.8012820512820513	0.9935897435897436	0.0	0.6602564102564102	1.0	1.0	0.9294871794871795	0.0	0.967948717948718	1.0
27049	0.0	0.8987783595113438	0.26352530541012215	0.47469458987783597	0.0	0.0	0.8010471204188482	0.7364746945898778	0.0	1.0	1.0	0.450261780104712	0.0	0.0	0.9668411867364747	1.0	0.0	1.0	0.7923211169284468	1.0	0.19546247818499127	0.0	0.8446771378708552	1.0
27050	0.0	0.4875	0.0	0.9375	0.0	0.0	0.4125	0.4	0.0	1.0	0.925	0.9625	0.0	0.0	1.0	1.0	0.0	1.0	0.5375	1.0	0.0	0.0	1.0	1.0
27051	0.0	0.47257383966244726	0.0	0.7215189873417721	0.0	0.0	0.29957805907172996	1.0	0.0	1.0	0.8354430379746836	0.0	0.0	0.0	1.0	1.0	0.0759493670886076	0.6033755274261603	0.016877637130801686	1.0	0.0	0.046413502109704644	0.9915611814345991	1.0
27052	0.0	0.0	0.0	0.9605263157894737	0.0	0.0	0.10087719298245613	0.5789473684210527	0.0	1.0	0.3333333333333333	0.5701754385964912	0.0	0.0	1.0	1.0	0.0	0.9736842105263158	0.0	1.0	0.0	0.10087719298245613	0.2675438596491228	1.0
27053	0.0	0.0	0.0	0.0	0.0	0.0	1.0	0.0	0.0	0.8240740740740741	0.9629629629629629	0.7037037037037037	0.0	1.0	1.0	1.0	0.0	0.3611111111111111	0.0	1.0	0.0	0.0	0.7870370370370371	1.0
27054	0.0	0.735632183908046	0.45977011494252873	0.7448275862068966	0.0	0.0	0.3931034482758621	0.4114942528735632	0.0	0.9448275862068966	0.7977011494252874	0.4367816091954023	0.0	0.3471264367816092	0.7770114942528735	0.9103448275862069	0.0	0.9287356321839081	0.4091954022988506	0.967816091954023	0.0	0.0	0.43448275862068964	1.0
27055	0.0	0.6603260869565217	0.2545289855072464	1.0	0.07336956521739131	0.0	0.7753623188405797	0.8387681159420289	0.0	1.0	0.9855072463768116	0.3197463768115942	0.2210144927536232	0.0	0.9601449275362319	1.0	0.0	0.9411231884057971	0.9501811594202898	1.0	0.0	0.0	0.7907608695652174	1.0
27056	0.0	0.5349794238683128	0.1728395061728395	1.0	0.0	0.0	0.9794238683127572	0.6049382716049383	0.0	1.0	1.0	0.13580246913580246	0.5020576131687243	0.0	1.0	1.0	0.0	1.0	0.7366255144032922	1.0	0.0	0.26337448559670784	1.0	1.0
27057	0.0	0.0	0.35526315789473684	1.0	0.0	0.0	0.9868421052631579	0.37719298245614036	0.0	0.9868421052631579	0.0	0.021929824561403508	0.0	0.0	0.8245614035087719	1.0	0.0	0.9035087719298246	0.49122807017543857	1.0	0.0	0.0	1.0	1.0
27058	0.10810810810810811	0.6086086086086087	0.43743743743743746	0.7847847847847848	0.24224224224224225	0.17217217217217218	0.6786786786786787	0.7227227227227228	0.0	1.0	1.0	0.6106106106106106	0.0	0.0	0.7547547547547547	0.950950950950951	0.0	0.94994994994995	0.8088088088088088	1.0	0.09509509509509509	0.0	1.0	1.0
27059	0.0	0.5758426966292135	0.0	0.9489700374531835	0.15355805243445692	0.0	0.775749063670412	0.5543071161048689	0.0	1.0	0.7574906367041199	0.3890449438202247	0.0	0.08848314606741572	0.9087078651685393	0.9470973782771536	0.0	0.8417602996254682	0.47846441947565543	1.0	0.0	0.0	0.9644194756554307	1.0
27060	0.26702033598585323	0.5287356321839081	0.07869142351900972	0.8868258178603006	0.22104332449160036	0.0	0.843501326259947	0.8346595932802829	0.0	1.0	1.0	0.6091954022988506	0.1282051282051282	0.14854111405835543	0.9442970822281167	1.0	0.0	0.9036251105216623	0.6702033598585323	1.0	0.0	0.22546419098143236	0.9991158267020336	1.0
27061	0.0	0.4928571428571429	0.0	0.8833333333333333	0.0	0.0	0.6357142857142857	0.4738095238095238	0.0	1.0	0.9380952380952381	0.11190476190476191	0.5238095238095238	0.0	0.8023809523809524	1.0	0.0	1.0	0.6642857142857143	1.0	0.0	0.0	0.5761904761904761	1.0
27062	0.0	0.32941176470588235	0.00980392156862745	0.47058823529411764	0.0	0.0	0.8745098039215686	0.5549019607843138	0.0	1.0	1.0	0.33137254901960783	0.0	0.0	0.9607843137254902	1.0	0.0	1.0	0.6588235294117647	1.0	0.0	0.4588235294117647	1.0	1.0
27063	0.3004866180048662	0.6581508515815085	0.5194647201946472	1.0	0.17396593673965938	0.0	0.5875912408759124	0.5936739659367397	0.0	1.0	1.0	0.6630170316301703	0.0	0.1922141119221411	0.9525547445255474	1.0	0.0	0.9476885644768857	0.47566909975669097	1.0	0.15571776155717762	0.22506082725060828	0.9635036496350365	1.0
27064	0.0	0.6761904761904762	0.0	0.7	0.0	0.32261904761904764	0.6714285714285714	0.2857142857142857	0.0	1.0	1.0	0.40714285714285714	0.0	0.10952380952380952	0.9392857142857143	0.7738095238095238	0.0	0.9333333333333333	0.3404761904761905	0.9976190476190476	0.22380952380952382	0.0	0.9369047619047619	1.0
27065	0.0	0.8945945945945946	0.2045045045045045	0.9531531531531532	0.0	0.0	0.8387387387387387	0.7072072072072072	0.17657657657657658	1.0	0.9990990990990991	0.6144144144144145	0.0	0.17657657657657658	0.9531531531531532	1.0	0.0	0.9	0.5882882882882883	1.0	0.0	0.4828828828828829	0.8297297297297297	1.0
27066	0.0	0.8401015228426396	0.3189509306260575	0.955160744500846	0.0	0.0	0.7707275803722504	0.9323181049069373	0.0	1.0	0.9991539763113367	0.3663282571912014	0.15313028764805414	0.12436548223350254	0.9128595600676819	1.0	0.0	1.0	0.5803722504230119	1.0	0.08121827411167512	0.0	0.9729272419627749	1.0
27067	0.0	0.6964618249534451	0.18435754189944134	0.8566108007448789	0.0	0.0	0.5921787709497207	0.8119180633147114	0.0	1.0	0.8994413407821229	0.6294227188081937	0.0	0.3016759776536313	0.819366852886406	0.9813780260707635	0.0	0.9683426443202979	0.6741154562383612	1.0	0.0	0.0	0.9590316573556797	1.0
27068	0.0	0.7679558011049724	0.0	0.6464088397790055	0.0	0.0	0.6169429097605893	0.7845303867403315	0.0	1.0	0.9042357274401474	0.3296500920810313	0.0	0.0	0.8931860036832413	1.0	0.0	0.7697974217311234	0.5893186003683242	1.0	0.2559852670349908	0.0	1.0	1.0
27069	0.0	1.0	0.6801801801801802	0.972972972972973	0.0	0.0	0.7747747747747747	0.6891891891891891	0.0	1.0	1.0	0.0	0.0	1.0	1.0	1.0	0.0	0.6801801801801802	0.9819819819819819	1.0	0.0	0.43243243243243246	0.990990990990991	1.0
27070	0.0	0.9741602067183462	0.0	0.5710594315245479	0.0	0.0	0.5478036175710594	0.7364341085271318	0.0	1.0	0.8914728682170543	0.32299741602067183	0.1111111111111111	0.0	0.958656330749354	1.0	0.0	1.0	0.7235142118863049	1.0	0.0	0.268733850129199	0.9819121447028424	1.0
27071	0.0	0.4605263157894737	0.0	0.8574561403508771	0.19298245614035087	0.0	0.956140350877193	0.9298245614035088	0.0	1.0	0.625	0.7807017543859649	0.0	0.05263157894736842	0.9824561403508771	1.0	0.0	0.8706140350877193	0.9517543859649122	1.0	0.0	0.618421052631579	1.0	1.0
27072	0.0	0.0	0.7373737373737373	0.05555555555555555	0.0	0.0	0.6818181818181818	1.0	0.0	0.9595959595959596	0.9242424242424242	0.03535353535353535	0.0	0.0	0.5303030303030303	1.0	0.0	1.0	0.3686868686868687	1.0	0.0	0.0	0.8636363636363636	1.0
27073	0.0	0.7905824039653035	0.14745972738537794	0.9169764560099133	0.14622057001239158	0.0	0.008674101610904586	0.2589838909541512	0.0	1.0	0.9950433705080545	0.5229244114002478	0.0	0.0	1.0	0.9516728624535316	0.0	1.0	0.6418835192069393	1.0	0.10408921933085502	0.3742255266418835	0.919454770755886	1.0
27074	0.3544600938967136	0.5892018779342723	0.0	0.971830985915493	0.0	0.0	0.7323943661971831	0.4295774647887324	0.0	0.9225352112676056	0.6408450704225352	0.6713615023474179	0.0	0.0	1.0	0.9084507042253521	0.0	0.9342723004694836	0.7112676056338029	1.0	0.0	0.0	0.9061032863849765	1.0
27075	0.0	0.0	0.4753787878787879	0.9734848484848485	0.0	0.0	0.8598484848484849	0.45075757575757575	0.0	0.8295454545454546	0.9223484848484849	0.16666666666666666	0.0	0.5037878787878788	0.9848484848484849	1.0	0.0	1.0	0.42234848484848486	1.0	0.0	0.0	0.9147727272727273	1.0
27076	0.0	0.8229974160206718	0.541343669250646	0.9844961240310077	0.0	0.0	0.3372093023255814	0.7248062015503876	0.14987080103359174	0.8630490956072352	1.0	0.8087855297157622	0.2571059431524548	0.38242894056847543	0.979328165374677	1.0	0.32945736434108525	0.9496124031007752	0.8049095607235142	1.0	0.39147286821705424	0.36046511627906974	0.9457364341085271	1.0
27077	0.0	0.0	0.0	0.5954692556634305	0.0	0.0	0.3074433656957929	0.0	0.0	1.0	0.9385113268608414	0.86084142394822	0.0	0.0	1.0	1.0	0.0	0.5275080906148867	0.7669902912621359	1.0	0.0	0.0	0.8640776699029126	1.0
27078	0.0	0.0	0.0	0.9949494949494949	0.0	0.0	0.5	0.0	0.0	1.0	1.0	0.5959595959595959	0.0	0.0	0.9040404040404041	0.898989898989899	0.0	0.050505050505050504	0.4393939393939394	0.9595959595959596	0.0	0.0	0.7323232323232324	1.0
27079	0.0	0.839622641509434	0.0	0.5031446540880503	0.0	0.27044025157232704	0.5188679245283019	0.6289308176100629	0.0	1.0	0.11006289308176101	0.29245283018867924	0.0	0.0	1.0	1.0	0.0	0.8490566037735849	0.0	1.0	0.0	0.0	0.5849056603773585	0.9654088050314465
27080	0.0	0.5340388007054674	0.18236331569664904	0.5975308641975309	0.0	0.0	0.29911816578483247	0.6423280423280423	0.0	0.9915343915343915	0.6818342151675485	0.48959435626102293	0.0	0.08818342151675485	0.9199294532627866	0.9756613756613757	0.0	0.8980599647266314	0.47619047619047616	1.0	0.0	0.0	0.7728395061728395	0.9657848324514992
27081	0.0	0.47950819672131145	0.17896174863387979	0.8046448087431693	0.11065573770491803	0.0	0.7786885245901639	0.8770491803278688	0.0	1.0	0.5355191256830601	0.5532786885245902	0.0	0.0	0.9002732240437158	1.0	0.0	1.0	0.5887978142076503	1.0	0.12704918032786885	0.0	0.7090163934426229	1.0
27082	0.0	0.7175438596491228	0.0	0.8912280701754386	0.0	0.0	0.5140350877192983	0.7403508771929824	0.0	1.0	0.6157894736842106	0.3631578947368421	0.0	0.16140350877192983	0.9982456140350877	1.0	0.0	1.0	0.24385964912280703	1.0	0.0	0.0	0.9666666666666667	1.0
27083	0.0	0.5883256528417818	0.05837173579109063	0.9539170506912442	0.0	0.0	0.7403993855606759	0.5714285714285714	0.0	1.0	0.8940092165898618	0.7050691244239631	0.0	0.21351766513056836	0.9600614439324117	0.9508448540706606	0.0	1.0	0.9185867895545314	1.0	0.0	0.0	0.9431643625192012	1.0
27084	0.0	0.584	0.0	0.8906666666666667	0.0	0.0	0.44	0.624	0.0	1.0	0.9493333333333334	0.336	0.0	0.037333333333333336	0.7333333333333333	1.0	0.0	1.0	0.36	1.0	0.0	0.0	0.8453333333333334	1.0
27085	0.2978303747534517	0.3510848126232742	0.0	1.0	0.0	0.0	0.8382642998027613	0.7041420118343196	0.0	1.0	1.0	0.6469428007889546	0.0	0.0	1.0	1.0	0.0	0.9585798816568047	0.6923076923076923	1.0	0.4832347140039448	0.0	1.0	1.0
27086	0.0	0.6990291262135923	0.0	0.9967637540453075	0.0	0.0	1.0	0.9644012944983819	0.0	1.0	1.0	0.10355987055016182	0.0	0.0	1.0	1.0	0.0	0.9546925566343042	0.7378640776699029	1.0	0.11974110032362459	0.0	0.9902912621359223	1.0
27087	0.0	0.7365591397849462	0.0	0.553763440860215	0.0	0.0	0.9623655913978495	0.4946236559139785	0.0	1.0	0.5698924731182796	0.13978494623655913	0.0	0.0	1.0	1.0	0.0	0.6397849462365591	0.8870967741935484	1.0	0.0	0.0	1.0	1.0
27088	0.0	0.34219269102990035	0.3233665559246955	0.8925802879291251	0.0	0.0	0.769656699889258	0.4983388704318937	0.0	1.0	0.8205980066445183	0.29346622369878184	0.042081949058693245	0.0	0.9269102990033222	1.0	0.0	1.0	0.769656699889258	1.0	0.0	0.0	1.0	1.0
27089	0.0	0.5390946502057613	0.0	1.0	0.0	0.0	0.0	0.4773662551440329	0.0	1.0	1.0	0.448559670781893	0.0	0.0	1.0	1.0	0.0	0.5761316872427984	0.30864197530864196	1.0	0.0	0.0	1.0	1.0
27090	0.3581780538302277	0.8426501035196687	0.3105590062111801	0.8840579710144928	0.2505175983436853	0.0	0.9151138716356108	0.7950310559006211	0.0	0.9958592132505176	0.9192546583850931	0.7080745341614907	0.0	0.7060041407867494	0.94824016563147	0.9151138716356108	0.0	0.989648033126294	0.8343685300207039	1.0	0.3188405797101449	0.0	1.0	1.0
27091	0.0	0.0	0.0	0.8307692307692308	0.0	0.0	0.5	0.37948717948717947	0.0	0.41794871794871796	0.0	0.0	0.0	0.0	0.3333333333333333	0.8615384615384616	0.0	0.3871794871794872	0.0	0.7564102564102564	0.0	0.0	0.35128205128205126	0.7461538461538462
27092	0.0	0.5096491228070176	0.31535087719298244	0.8021929824561403	0.03508771929824561	0.056140350877192984	0.7429824561403509	0.6482456140350877	0.0	0.9706140350877193	0.7903508771929825	0.599561403508772	0.0	0.0412280701754386	0.8973684210526316	0.9350877192982456	0.0	0.8771929824561403	0.4789473684210526	1.0	0.14298245614035088	0.1324561403508772	0.8671052631578947	0.9824561403508771
27093	0.0	0.5293040293040293	0.2893772893772894	0.8388278388278388	0.0	0.0	0.575091575091575	0.9523809523809523	0.0	1.0	0.9065934065934066	0.7032967032967034	0.0	0.0	1.0	1.0	0.0	1.0	1.0	1.0	0.0641025641025641	0.029304029304029304	1.0	1.0
27094	0.5420875420875421	0.67003367003367	0.5959595959595959	0.6397306397306397	0.6026936026936027	0.7474747474747475	1.0	0.0	0.0	1.0	0.9797979797979798	0.24915824915824916	0.09764309764309764	0.0	1.0	1.0	0.0	1.0	1.0	1.0	0.0	0.0	1.0	1.0
27095	0.0	0.7165109034267912	0.9314641744548287	1.0	0.0	0.0	0.7445482866043613	1.0	0.0	1.0	1.0	0.6978193146417445	0.0	0.0	1.0	1.0	0.0	1.0	0.7725856697819314	1.0	0.4735202492211838	0.5202492211838006	1.0	1.0
27096	0.38002594033722437	0.7172503242542153	0.07522697795071336	0.937094682230869	0.07263294422827497	0.0	0.9708171206225681	0.7178988326848249	0.0	1.0	0.9584954604409858	0.6374837872892347	0.185473411154345	0.13942931258106356	1.0	1.0	0.0	1.0	0.9066147859922179	1.0	0.05512321660181582	0.26264591439688717	0.9708171206225681	1.0
27097	0.2119205298013245	0.8874172185430463	0.5187637969094923	1.0	0.002207505518763797	0.0	1.0	0.7615894039735099	0.0	1.0	1.0	0.82560706401766	0.0	0.2980132450331126	1.0	1.0	0.0	1.0	0.423841059602649	1.0	0.0	0.6004415011037527	0.7549668874172185	1.0
27098	0.17272727272727273	0.8373737373737373	0.5696969696969697	0.8858585858585859	0.24343434343434345	0.0	1.0	0.8777777777777778	0.0	1.0	0.9414141414141414	0.502020202020202	0.0	0.10101010101010101	0.9959595959595959	1.0	0.0	1.0	0.6474747474747474	1.0	0.0	0.0	1.0	1.0
27099	0.0	0.9255813953488372	0.37829457364341085	0.9395348837209302	0.413953488372093	0.0	0.8651162790697674	0.8310077519379845	0.0	1.0	1.0	0.4356589147286822	0.0	0.18914728682170542	1.0	1.0	0.0	1.0	0.9023255813953488	1.0	0.14883720930232558	0.4682170542635659	0.9844961240310077	1.0
27100	0.0	0.7806372549019608	0.43014705882352944	0.8529411764705882	0.12254901960784313	0.0	0.8982843137254902	0.4178921568627451	0.0	1.0	0.9975490196078431	0.5257352941176471	0.3639705882352941	0.0	0.928921568627451	1.0	0.0	1.0	0.8125	1.0	0.3713235294117647	0.0	0.9644607843137255	1.0
27101	0.0	0.5521885521885522	0.5033670033670034	1.0	0.0	0.0	0.46464646464646464	0.37037037037037035	0.0	1.0	0.9814814814814815	0.6515151515151515	0.04377104377104377	0.0	0.9797979797979798	1.0	0.0	1.0	0.8063973063973064	1.0	0.0	0.0	0.9107744107744108	1.0
27102	0.0	0.9838709677419355	0.22311827956989247	0.8897849462365591	0.0	0.0	0.6989247311827957	1.0	0.0	1.0	0.8064516129032258	0.6801075268817204	0.0	0.3629032258064516	1.0	1.0	0.0	0.8145161290322581	0.978494623655914	1.0	0.0	0.0	0.9220430107526881	1.0
27103	0.0	0.38235294117647056	0.0	1.0	0.0	0.0	0.9509803921568627	1.0	0.0	1.0	1.0	0.9215686274509803	0.0	0.0	1.0	1.0	0.0	1.0	0.7254901960784313	1.0	0.0	0.0	1.0	1.0
27104	0.0	0.3125	1.0	1.0	0.0	0.0	0.4444444444444444	1.0	0.0	1.0	1.0	0.8194444444444444	0.0	0.6180555555555556	1.0	1.0	0.0	1.0	1.0	1.0	0.0	0.0	0.9652777777777778	1.0
27105	0.0	0.36666666666666664	0.0	0.85	0.0	0.25416666666666665	0.6208333333333333	0.7833333333333333	0.0	1.0	0.6541666666666667	0.65	0.0	0.6583333333333333	0.9916666666666667	1.0	0.0	1.0	0.6291666666666667	1.0	0.0	0.0	0.6541666666666667	1.0
27106	0.0	0.8205128205128205	0.0	1.0	0.33760683760683763	0.0	0.21794871794871795	0.46153846153846156	0.0	1.0	1.0	0.9658119658119658	0.0	0.0	1.0	1.0	0.0	1.0	1.0	1.0	0.0	0.688034188034188	1.0	1.0
27107	0.0	0.5851063829787234	0.3617021276595745	0.7695035460992907	0.0	0.0	0.9787234042553191	1.0	0.0	1.0	0.9822695035460993	0.9822695035460993	0.0	0.0	0.9822695035460993	0.9822695035460993	0.0	0.9858156028368794	0.7269503546099291	0.9822695035460993	0.0	0.0	0.8333333333333334	1.0
27108	0.46153846153846156	0.14358974358974358	0.0	0.48205128205128206	0.0	0.0	1.0	0.558974358974359	0.0	1.0	0.9641025641025641	0.7692307692307693	0.0	0.0	0.841025641025641	0.9282051282051282	0.0	1.0	1.0	1.0	0.0	0.4461538461538462	1.0	1.0
27109	0.0	0.967948717948718	0.5961538461538461	0.717948717948718	0.0	0.0	0.6538461538461539	0.6538461538461539	0.0	1.0	1.0	0.10256410256410256	0.0	0.0	1.0	1.0	0.0	1.0	0.5576923076923077	1.0	0.0	0.9294871794871795	1.0	1.0
27110	0.0	0.19532908704883228	0.0	0.9596602972399151	0.0	0.0	0.6411889596602972	0.42462845010615713	0.0	1.0	0.9723991507430998	0.3375796178343949	0.0	0.1337579617834395	0.6709129511677282	1.0	0.0	1.0	0.692144373673036	1.0	0.0	0.0	0.8280254777070064	1.0
27111	0.08980716253443526	0.703030303030303	0.19504132231404958	0.8	0.07768595041322314	0.0	0.5994490358126722	0.8192837465564738	0.09256198347107437	1.0	0.9316804407713498	0.38181818181818183	0.14049586776859505	0.06115702479338843	0.9520661157024793	1.0	0.0	0.9774104683195592	0.5531680440771349	1.0	0.0	0.16639118457300275	1.0	1.0
27112	0.0	0.9404761904761905	0.0	0.8547619047619047	0.0	0.0	0.5011904761904762	0.5095238095238095	0.0	1.0	0.9369047619047619	0.16428571428571428	0.0	0.1880952380952381	0.9047619047619048	1.0	0.0	0.8214285714285714	0.38571428571428573	1.0	0.22857142857142856	0.0	0.8571428571428571	1.0
27113	0.0	0.6885964912280702	0.0	1.0	0.0	0.0	0.25877192982456143	1.0	0.0	1.0	1.0	0.4692982456140351	0.0	0.0	1.0	1.0	0.0	1.0	0.8026315789473685	1.0	0.0	0.0	1.0	1.0
27114	0.0	0.739514348785872	0.3068432671081678	0.9403973509933775	0.0	0.0	0.7770419426048565	0.40618101545253865	0.0	1.0	1.0	0.37748344370860926	0.0	0.0	0.2958057395143488	0.9867549668874173	0.0	0.6887417218543046	0.8145695364238411	1.0	0.0	0.0	0.5408388520971302	1.0
27115	0.0	0.0	0.0	0.9637681159420289	0.0	0.0	0.6159420289855072	0.0	0.0	1.0	0.9637681159420289	0.0	0.0	0.0	0.855072463768116	1.0	0.0	0.8913043478260869	0.9130434782608695	1.0	0.0	0.0	1.0	1.0
27116	0.0	0.8605664488017429	0.4226579520697168	0.673202614379085	0.6492374727668845	0.0	0.39215686274509803	0.8061002178649237	0.023965141612200435	1.0	0.8605664488017429	0.6601307189542484	0.35294117647058826	0.0	1.0	1.0	0.0	0.934640522875817	0.7538126361655774	1.0	0.46187363834422657	0.0	0.9673202614379085	1.0
27117	0.0	0.731829573934837	0.2832080200501253	0.9874686716791979	0.3383458646616541	0.0	0.3007518796992481	0.9348370927318296	0.0	1.0	0.6616541353383458	0.6616541353383458	0.5112781954887218	0.0	0.974937343358396	1.0	0.0	1.0	0.45614035087719296	1.0	0.0	0.0	0.9022556390977443	1.0
27118	0.0	0.7728613569321534	0.0	1.0	0.0	0.0	0.08259587020648967	0.9262536873156342	0.0	0.8672566371681416	0.4808259587020649	0.3421828908554572	0.0	0.0	0.24778761061946902	1.0	0.0	0.9793510324483776	0.9557522123893806	1.0	0.0	0.0	0.8849557522123894	1.0
27119	0.0	0.7327235772357723	0.0	0.9126016260162602	0.0	0.0	0.5304878048780488	0.43191056910569103	0.0	1.0	0.943089430894309	0.2347560975609756	0.17886178861788618	0.0	0.9217479674796748	1.0	0.0	0.8922764227642277	0.3851626016260163	1.0	0.0	0.0	0.8709349593495935	1.0
27120	0.0	0.375	0.203125	0.90625	0.0	0.0	0.6996527777777778	0.6180555555555556	0.4635416666666667	1.0	0.8663194444444444	0.6232638888888888	0.0	0.2152777777777778	0.9236111111111112	1.0	0.0	1.0	0.8142361111111112	1.0	0.0	0.0	0.9027777777777778	1.0
27121	0.0	0.5486542443064182	0.0	0.979296066252588	0.0	0.0	0.10559006211180125	0.4658385093167702	0.0	1.0	1.0	0.4057971014492754	0.0	0.0	0.44306418219461696	0.7432712215320911	0.0	0.9979296066252588	0.0	1.0	0.43685300207039335	0.31262939958592134	0.8364389233954451	1.0
27122	0.0	0.7987987987987988	0.40540540540540543	0.0	0.0	0.0	0.93993993993994	0.7237237237237237	0.0	1.0	0.8288288288288288	0.23423423423423423	0.11411411411411411	0.5045045045045045	0.9279279279279279	1.0	0.0	0.6156156156156156	0.34234234234234234	1.0	0.0	0.6096096096096096	0.9219219219219219	1.0
27123	0.0	0.960552268244576	0.27218934911242604	1.0	0.0	0.0	0.834319526627219	0.7120315581854043	0.0	1.0	0.854043392504931	0.7258382642998028	0.0	0.08284023668639054	1.0	0.9704142011834319	0.0	1.0	0.4339250493096647	1.0	0.0	0.0	0.834319526627219	1.0
27124	0.0	0.8876190476190476	0.0	0.8838095238095238	0.5752380952380952	0.0	1.0	0.88	0.0	1.0	0.9238095238095239	0.5314285714285715	0.0	0.0	1.0	1.0	0.0	1.0	0.5847619047619048	1.0	0.0	0.0	0.9980952380952381	1.0
27125	0.0	0.47863247863247865	0.21025641025641026	0.9777777777777777	0.1606837606837607	0.0	0.6991452991452991	1.0	0.0	1.0	0.6717948717948717	0.3623931623931624	0.48205128205128206	0.0	0.9452991452991453	1.0	0.0	1.0	0.6188034188034188	1.0	0.4478632478632479	0.0	1.0	1.0
27126	0.0	0.42493638676844786	0.0	0.9923664122137404	0.366412213740458	0.0	0.6590330788804071	0.6412213740458015	0.24936386768447838	1.0	1.0	0.46564885496183206	0.0	0.0	1.0	1.0	0.0	1.0	0.9643765903307888	1.0	0.18575063613231552	0.0	1.0	1.0
27127	0.6185567010309279	0.2852233676975945	0.0	0.9553264604810997	0.0	0.0	0.8006872852233677	0.5532646048109966	0.0	1.0	1.0	0.7766323024054983	0.0	0.3436426116838488	1.0	1.0	0.0	0.7147766323024055	0.0	1.0	0.0	0.0	1.0	1.0
27128	0.0	0.3498233215547703	0.24852767962308597	0.8056537102473498	0.0	0.0	0.7067137809187279	0.4581861012956419	0.0	1.0	0.9929328621908127	0.574793875147232	0.0	0.0	0.9387514723203769	1.0	0.0	1.0	0.5700824499411072	1.0	0.0	0.0	0.9375736160188457	1.0
27129	0.0	0.42857142857142855	1.0	0.9238095238095239	0.0	0.0	0.0	0.0	0.0	1.0	0.49047619047619045	0.0	0.0	0.0	0.9238095238095239	0.8666666666666667	0.0	0.0	0.0	1.0	0.0	0.0	0.6238095238095238	1.0
27130	0.0	0.0	0.026402640264026403	1.0	0.0	0.0	0.6996699669966997	0.0	0.0	1.0	0.9405940594059405	0.0	0.0	0.44884488448844884	0.7392739273927392	1.0	0.0	0.7326732673267327	0.0	1.0	0.0	0.0	0.7755775577557755	0.9372937293729373
27131	0.0	0.6248548199767712	0.1091753774680604	0.8563685636856369	0.0	0.04336043360433604	0.9156020131629887	0.8087495160665893	0.07975222609368951	0.994579945799458	0.962059620596206	0.6043360433604336	0.10801393728222997	0.08013937282229965	0.9016647309330236	0.9876113046844754	0.11691831204026326	0.9512195121951219	0.7088656600851723	1.0	0.18505613627564846	0.07781649245063879	0.9639953542392566	1.0
27132	0.0	0.8087431693989071	0.27088212334113976	0.7915690866510539	0.23575331772053085	0.0	0.8142076502732241	0.6143637782982045	0.0	1.0	0.9523809523809523	0.7462919594067136	0.0	0.1881342701014832	1.0	1.0	0.0	1.0	0.8571428571428571	1.0	0.08118657298985169	0.12334113973458236	1.0	1.0
27133	0.0	0.7614503816793893	0.02544529262086514	0.9541984732824428	0.08842239185750636	0.0	0.8975826972010178	0.7760814249363868	0.0	1.0	0.9472010178117048	0.5782442748091603	0.0	0.07188295165394402	0.9949109414758269	1.0	0.0	1.0	0.5998727735368957	1.0	0.14821882951653945	0.28498727735368956	0.9185750636132316	1.0
27134	0.0	0.5253333333333333	0.14133333333333334	1.0	0.07555555555555556	0.14133333333333334	0.5653333333333334	0.864	0.0	1.0	0.9262222222222222	0.34755555555555556	0.0	0.09866666666666667	0.9768888888888889	1.0	0.0	1.0	0.5137777777777778	1.0	0.0	0.4737777777777778	1.0	1.0
27135	0.19893697798025817	0.5459377372817008	0.5634016704631739	0.976461655277145	0.0	0.0	0.6886864085041762	0.7069096431283219	0.0	1.0	0.9369779802581625	0.5459377372817008	0.0	0.0	0.9020501138952164	1.0	0.13895216400911162	0.9331814730447988	0.9263477600607442	1.0	0.0	0.11313591495823842	0.9886104783599089	1.0
27136	0.0	0.010101010101010102	0.21717171717171718	0.9848484848484849	0.0	0.0	0.2777777777777778	1.0	0.0	1.0	1.0	0.20707070707070707	0.0	0.09595959595959595	0.9848484848484849	1.0	0.0	0.8232323232323232	1.0	1.0	0.0	0.0	1.0	1.0
27137	0.0	0.31412894375857336	0.3223593964334705	0.9958847736625515	0.0	0.0	0.438957475994513	0.8010973936899863	0.0	1.0	0.9245541838134431	0.8861454046639232	0.25651577503429357	0.15363511659807957	0.9945130315500685	1.0	0.0	1.0	0.897119341563786	1.0	0.0	0.41426611796982166	0.9012345679012346	1.0
27138	0.0	0.952054794520548	0.228310502283105	1.0	0.0	0.0	1.0	0.5228310502283106	0.0	1.0	0.9497716894977168	0.9383561643835616	0.0	0.0	0.8995433789954338	0.9863013698630136	0.0	0.952054794520548	1.0	1.0	0.0	0.4269406392694064	0.908675799086758	1.0
27139	0.0	0.7128712871287128	0.8712871287128713	0.5214521452145214	0.0	0.0	0.48184818481848185	0.0	0.0	1.0	0.8778877887788779	0.6864686468646864	0.0	0.2739273927392739	1.0	1.0	0.0	1.0	0.0	1.0	0.1419141914191419	0.6633663366336634	1.0	1.0
27140	0.0	0.9741863075196409	0.5420875420875421	0.9943883277216611	0.1414141414141414	0.0	0.6689113355780022	0.7160493827160493	0.0	1.0	0.8496071829405163	0.6767676767676768	0.0	0.1829405162738496	1.0	1.0	0.0	1.0	0.6588103254769921	1.0	0.0	0.0	0.9797979797979798	1.0
27141	0.0	0.9387755102040817	0.0	0.9421768707482994	0.0	0.0	0.9421768707482994	0.673469387755102	0.0	1.0	0.7891156462585034	0.0	0.0	0.0	1.0	0.9387755102040817	0.0	0.8673469387755102	1.0	1.0	0.0	0.0	1.0	1.0
27142	0.0	0.0	0.0	0.12312312312312312	0.0	0.0	0.8138138138138138	0.7927927927927928	0.0	1.0	1.0	0.0	0.2702702702702703	0.0	0.7537537537537538	1.0	0.0	1.0	0.975975975975976	1.0	0.21621621621621623	0.0	0.9669669669669669	1.0
27143	0.0	0.9421768707482994	0.0	0.9965986394557823	0.0	0.0	0.6020408163265306	0.8333333333333334	0.0	0.9863945578231292	1.0	0.7210884353741497	0.0	0.0	0.935374149659864	0.7721088435374149	0.0	1.0	0.0	1.0	0.0	0.0	0.8197278911564626	1.0
27144	0.0	0.4438860971524288	0.39195979899497485	0.9028475711892797	0.4556113902847571	0.0	0.9681742043551089	0.6180904522613065	0.0	1.0	0.7889447236180904	0.576214405360134	0.0	0.1507537688442211	1.0	1.0	0.0	1.0	0.2964824120603015	1.0	0.0	0.34673366834170855	1.0	1.0
27145	0.0	0.3268608414239482	0.5372168284789643	0.5372168284789643	0.11003236245954692	0.0	0.6634304207119741	0.4110032362459547	0.0	1.0	1.0	0.1779935275080906	0.0	0.656957928802589	1.0	1.0	0.0	1.0	0.4886731391585761	1.0	0.0	0.0	1.0	1.0
27146	0.0	0.6410256410256411	0.0	0.0	0.0	0.0	0.0	0.1581196581196581	0.0	1.0	1.0	0.3717948717948718	0.0	0.0	1.0	0.8290598290598291	0.0	1.0	0.32051282051282054	1.0	0.0	0.0	1.0	1.0
27147	0.0	0.27906976744186046	0.4321705426356589	0.8178294573643411	0.0	0.26744186046511625	0.7926356589147286	0.4689922480620155	0.0	1.0	0.7810077519379846	0.39341085271317827	0.0	0.5271317829457365	0.9089147286821705	0.8972868217054264	0.0	0.9554263565891473	0.8546511627906976	1.0	0.0	0.0	0.8081395348837209	1.0
27148	0.0	0.6345885634588564	0.0	0.8675034867503487	0.0	0.0	0.7684797768479776	0.5258019525801952	0.02092050209205021	1.0	0.7712691771269177	0.3068340306834031	0.0	0.30404463040446306	0.8075313807531381	1.0	0.0	0.6080892608089261	0.5495118549511855	1.0	0.0	0.3403068340306834	0.6847977684797768	1.0
27149	0.0	0.3490990990990991	0.34459459459459457	0.7612612612612613	0.0	0.0	0.6486486486486487	0.7454954954954955	0.0	1.0	0.8536036036036037	0.5630630630630631	0.0	0.0	0.6036036036036037	0.9414414414414415	0.22297297297297297	1.0	0.5968468468468469	1.0	0.29954954954954954	0.3400900900900901	0.6509009009009009	1.0
27150	0.0	0.6573859242072699	0.4068058778035576	0.9126063418406806	0.0	0.042536736272235115	0.97138437741686	0.4547563805104408	0.0	1.0	0.9273008507347255	0.8120649651972158	0.12838360402165508	0.0	0.9497293116782676	0.9164733178654292	0.11678267594740913	1.0	0.8337200309358082	1.0	0.09435421500386698	0.23279195668986852	0.922660479505027	1.0
27151	0.0	0.8917748917748918	0.0	0.948051948051948	0.0	0.0	0.8787878787878788	0.696969696969697	0.0	0.8961038961038961	0.24675324675324675	0.5757575757575758	0.0	0.0	0.9956709956709957	1.0	0.0	0.658008658008658	0.645021645021645	0.9956709956709957	0.0	0.0	0.9437229437229437	0.9523809523809523
27152	0.0	0.6119162640901772	0.20450885668276972	0.4444444444444444	0.0	0.0	0.0	0.23671497584541062	0.0	0.9951690821256038	0.5909822866344605	0.2109500805152979	0.18840579710144928	0.0	0.5491143317230274	0.8067632850241546	0.0	0.644122383252818	0.23671497584541062	0.7407407407407407	0.2431561996779388	0.24476650563607086	0.5152979066022544	0.7278582930756844
27153	0.0	0.6310935441370223	0.0	0.9512516469038208	0.0	0.04018445322793149	0.7490118577075099	0.8379446640316206	0.0	1.0	0.969038208168643	0.11396574440052701	0.0	0.07509881422924901	0.9993412384716732	0.9789196310935442	0.10342555994729907	0.9967061923583662	0.652832674571805	1.0	0.18972332015810275	0.0	0.974308300395257	1.0
27154	0.0	0.16279069767441862	0.0	0.31007751937984496	0.06201550387596899	0.0	0.1821705426356589	0.31007751937984496	0.0	0.8023255813953488	0.8953488372093024	0.8798449612403101	0.0	0.0	0.9961240310077519	1.0	0.0	0.3682170542635659	1.0	1.0	0.0	0.0	0.26356589147286824	1.0
27155	0.0	0.8963210702341137	0.12486064659977704	0.8394648829431438	0.0	0.0	0.7725752508361204	0.8361204013377926	0.0	1.0	0.9698996655518395	0.3656633221850613	0.0	0.0	0.959866220735786	0.9342251950947603	0.0	1.0	0.7625418060200669	1.0	0.022296544035674472	0.2987736900780379	0.8896321070234113	1.0
27156	0.0	0.6488095238095238	0.0	0.8184523809523809	0.7351190476190477	0.0	0.25595238095238093	0.6517857142857143	0.0	1.0	0.9940476190476191	0.017857142857142856	0.18452380952380953	0.0	1.0	1.0	0.0	0.8244047619047619	0.9434523809523809	1.0	0.0	0.0	0.9761904761904762	1.0
27157	0.0	0.9054726368159204	0.42786069651741293	0.19900497512437812	0.0	0.5472636815920398	0.8258706467661692	0.8208955223880597	0.0	1.0	1.0	0.945273631840796	0.31840796019900497	0.0	0.7910447761194029	1.0	0.0	1.0	0.7412935323383084	1.0	0.0	0.0	0.6019900497512438	1.0
27158	0.0	0.867816091954023	0.0	0.45977011494252873	0.0	0.4425287356321839	0.9655172413793104	0.10344827586206896	0.0	1.0	1.0	0.45977011494252873	0.0	0.0	1.0	1.0	0.0	1.0	0.6264367816091954	1.0	0.0	0.0	0.39080459770114945	1.0
27159	0.4494047619047619	0.5327380952380952	0.0	0.27380952380952384	0.0	0.0	0.7708333333333334	0.9166666666666666	0.0	0.9196428571428571	0.8363095238095238	0.8571428571428571	0.0	0.0	0.9017857142857143	1.0	0.0	0.8571428571428571	0.8184523809523809	1.0	0.0	0.0	0.9196428571428571	1.0
27160	0.0	0.2345679012345679	0.1925925925925926	0.8592592592592593	0.0	0.0	0.5074074074074074	0.16296296296296298	0.0	1.0	0.9345679012345679	0.30493827160493825	0.0	0.0	0.9469135802469136	1.0	0.0	0.945679012345679	0.6308641975308642	1.0	0.0	0.2765432098765432	0.9432098765432099	1.0
27161	0.0	0.8220551378446115	0.11716791979949874	0.9266917293233082	0.0	0.08458646616541353	0.7694235588972431	0.7243107769423559	0.09962406015037593	1.0	0.8320802005012531	0.5388471177944862	0.09774436090225563	0.0	1.0	1.0	0.0	0.943609022556391	0.6741854636591479	1.0	0.19674185463659147	0.09461152882205513	0.8364661654135338	1.0
27162	0.0	0.8811881188118812	0.594059405940594	0.8547854785478548	0.0	0.0	0.7128712871287128	0.966996699669967	0.0	1.0	1.0	0.5874587458745875	0.0	0.0	1.0	1.0	0.0	0.9273927392739274	0.7986798679867987	1.0	0.0	0.0	0.9108910891089109	1.0
27163	0.0	0.5421686746987951	0.39357429718875503	0.3855421686746988	0.0	0.0	0.8674698795180723	1.0	0.0	1.0	0.3493975903614458	0.9116465863453815	0.0	0.0	0.927710843373494	1.0	0.0	1.0	1.0	1.0	0.0	0.0	1.0	1.0
27164	0.0	1.0	0.0	0.9598765432098766	0.7037037037037037	0.0	0.845679012345679	0.38271604938271603	0.0	1.0	0.9876543209876543	0.0	0.0	0.0	1.0	1.0	0.0	0.8981481481481481	0.4660493827160494	1.0	0.0	0.0	0.9876543209876543	1.0
27165	0.0	0.3569023569023569	0.6464646464646465	0.9259259259259259	0.0	0.0	0.1717171717171717	0.3602693602693603	0.0	1.0	0.6127946127946128	0.0	0.0	0.0	1.0	1.0	0.0	1.0	1.0	1.0	0.0	0.23905723905723905	0.8518518518518519	1.0
27166	0.0	0.056847545219638244	0.39018087855297157	1.0	0.0	0.6434108527131783	1.0	0.9974160206718347	0.0	1.0	1.0	0.0	0.0	0.17829457364341086	1.0	1.0	0.0	1.0	0.8863049095607235	1.0	0.45478036175710596	0.0	1.0	1.0
27167	0.0	0.8580246913580247	0.0	0.8765432098765432	0.5185185185185185	0.0	0.7283950617283951	0.19753086419753085	0.0	1.0	0.9753086419753086	0.7592592592592593	0.7716049382716049	0.043209876543209874	1.0	1.0	0.0	0.9629629629629629	0.0	1.0	0.0	0.0	1.0	1.0
27168	0.0	0.37601626016260165	0.0	0.9634146341463414	0.0	0.0	0.6036585365853658	0.4735772357723577	0.0	1.0	0.8577235772357723	0.5609756097560976	0.0	0.22764227642276422	0.806910569105691	1.0	0.0	1.0	0.0	1.0	0.0	0.0	0.6504065040650406	1.0
27169	0.0	0.5457317073170732	0.2530487804878049	0.7459349593495935	0.0	0.0	0.758130081300813	0.6798780487804879	0.0	1.0	0.5558943089430894	0.23780487804878048	0.21341463414634146	0.0	0.9217479674796748	0.9786585365853658	0.0	1.0	0.5294715447154471	1.0	0.1443089430894309	0.0	0.883130081300813	1.0
27170	0.05220883534136546	0.7530120481927711	0.3032128514056225	0.8975903614457831	0.0	0.0	0.9016064257028112	0.7911646586345381	0.0	1.0	0.9216867469879518	0.5883534136546185	0.0	0.10542168674698796	1.0	1.0	0.0	1.0	0.8664658634538153	1.0	0.36646586345381527	0.0	1.0	1.0
27171	0.07450980392156863	0.36666666666666664	0.28954248366013075	0.969281045751634	0.0	0.0	0.8183006535947712	0.8562091503267973	0.0	1.0	0.7300653594771241	0.692156862745098	0.13986928104575164	0.34967320261437906	0.9457516339869281	1.0	0.0	1.0	0.7555555555555555	1.0	0.17647058823529413	0.0	0.9601307189542484	1.0
27172	0.0	0.8055555555555556	0.4027777777777778	0.8680555555555556	0.9756944444444444	0.0	1.0	1.0	0.0	1.0	1.0	0.9166666666666666	0.0	0.0	0.9375	1.0	0.0	1.0	0.5034722222222222	1.0	0.0	1.0	1.0	1.0
27173	0.0	0.8427230046948356	0.4225352112676056	0.6009389671361502	0.0	0.0	0.5539906103286385	0.8943661971830986	0.0	0.7816901408450704	0.8004694835680751	0.07511737089201878	0.22769953051643194	0.29577464788732394	0.92018779342723	0.9460093896713615	0.0	0.9671361502347418	0.7347417840375586	1.0	0.2535211267605634	0.0	0.8896713615023474	1.0
27174	0.0	0.40384615384615385	0.7115384615384616	0.00641025641025641	0.0	0.0	0.40384615384615385	0.5128205128205128	0.0	1.0	0.8333333333333334	0.40384615384615385	0.0	0.0	0.6153846153846154	1.0	0.0	1.0	0.0	1.0	0.0	0.0	0.4166666666666667	1.0
27175	0.6395061728395062	0.8444444444444444	0.6370370370370371	0.7185185185185186	0.0	0.0	0.49876543209876545	0.817283950617284	0.0	1.0	0.9135802469135802	0.362962962962963	0.2271604938271605	0.291358024691358	0.9481481481481482	0.9209876543209876	0.0	0.8395061728395061	0.671604938271605	0.9753086419753086	0.3160493827160494	0.3654320987654321	0.8345679012345679	1.0
27176	0.0	0.5941747572815534	0.0912621359223301	0.8194174757281554	0.19741100323624594	0.10355987055016182	0.5061488673139158	0.5482200647249191	0.0	1.0	0.5928802588996763	0.5954692556634305	0.060841423948220064	0.2058252427184466	0.8343042071197411	1.0	0.0	0.8459546925566344	0.2796116504854369	1.0	0.0	0.0	0.9546925566343042	1.0
27177	0.005050505050505051	0.6237373737373737	0.4494949494949495	0.9444444444444444	0.0	0.0	1.0	0.6717171717171717	0.0	1.0	1.0	0.6818181818181818	0.04292929292929293	0.3661616161616162	0.9419191919191919	1.0	0.0	1.0	0.0	1.0	0.2878787878787879	0.351010101010101	0.8813131313131313	1.0
27178	0.0	0.9466666666666667	0.0	0.32666666666666666	0.0	0.0	0.7066666666666667	0.8644444444444445	0.0	1.0	0.9155555555555556	0.5244444444444445	0.0	0.0	0.92	1.0	0.0	0.8866666666666667	0.7755555555555556	1.0	0.38666666666666666	0.0	0.5177777777777778	1.0
27179	0.0	0.0	0.0	0.48633879781420764	0.0	0.0	0.4030054644808743	0.5	0.0	0.9986338797814208	0.3360655737704918	0.0	0.0	0.0	0.4344262295081967	0.8497267759562842	0.0	0.430327868852459	0.2062841530054645	0.6174863387978142	0.0	0.0	0.6174863387978142	0.7131147540983607
27180	0.0	0.0	0.0	0.8840579710144928	0.0	0.0	1.0	0.0	0.0	1.0	0.4057971014492754	0.7318840579710145	0.0	0.0	0.5289855072463768	1.0	0.0	0.8623188405797102	1.0	1.0	0.0	0.0	0.39855072463768115	0.9565217391304348
27181	0.0	1.0	0.0	0.3627450980392157	0.0	0.0	0.5882352941176471	1.0	0.0	1.0	1.0	0.0	0.0	0.8431372549019608	1.0	1.0	0.0	1.0	0.0	1.0	0.0	0.0	0.5784313725490197	1.0
27182	0.0	0.6480541455160744	0.5905245346869712	0.7614213197969543	0.2876480541455161	0.0	0.7648054145516074	0.9712351945854484	0.0	1.0	1.0	0.6192893401015228	0.08460236886632826	0.3248730964467005	0.9915397631133672	1.0	0.0	1.0	0.7326565143824028	1.0	0.22673434856175972	0.233502538071066	0.8663282571912013	1.0
27183	0.09002433090024331	0.4408759124087591	0.08223844282238443	0.7936739659367397	0.0	0.13576642335766423	0.7523114355231143	0.7712895377128953	0.0	0.9800486618004867	0.9352798053527981	0.5693430656934306	0.15133819951338198	0.13771289537712894	0.9557177615571776	0.9995133819951338	0.2072992700729927	0.9630170316301703	0.767396593673966	0.9941605839416059	0.15425790754257906	0.0	0.7216545012165451	0.9941605839416059
27184	0.0	0.1996124031007752	0.2596899224806202	0.45348837209302323	0.0	0.0	0.8449612403100775	0.5406976744186046	0.0	1.0	1.0	0.06201550387596899	0.1744186046511628	0.2771317829457364	0.7364341085271318	1.0	0.0	1.0	0.5794573643410853	1.0	0.5852713178294574	0.34108527131782945	0.7151162790697675	1.0
27185	0.0	0.36574074074074076	0.0	0.6604938271604939	0.11651234567901235	0.0	0.7430555555555556	0.6466049382716049	0.0	1.0	1.0	0.4506172839506173	0.0	0.12345679012345678	0.9205246913580247	0.9351851851851852	0.0	0.9699074074074074	0.8263888888888888	1.0	0.0	0.0	0.9675925925925926	1.0
27186	0.0	0.15065913370998116	0.0	0.7777777777777778	0.0	0.0	0.5969868173258004	0.4444444444444444	0.0	1.0	0.4764595103578154	0.16195856873822975	0.192090395480226	0.2674199623352166	0.751412429378531	1.0	0.0	0.8267419962335216	0.19397363465160075	1.0	0.0	0.0	0.7080979284369114	1.0
27187	0.0	0.3471264367816092	0.0	0.9356321839080459	0.0	0.0	0.6	0.5057471264367817	0.0	0.8183908045977012	0.7988505747126436	0.5402298850574713	0.0	0.0	0.6149425287356322	1.0	0.0	0.9229885057471264	0.8264367816091954	1.0	0.0	0.0	0.728735632183908	1.0
27188	0.0	0.6231884057971014	0.5314009661835749	0.7246376811594203	0.24879227053140096	0.0	0.6739130434782609	0.4251207729468599	0.38405797101449274	0.9782608695652174	0.8164251207729468	0.014492753623188406	0.0	0.0	1.0	0.9806763285024155	0.0	1.0	0.8309178743961353	1.0	0.46618357487922707	0.22946859903381642	0.7415458937198067	1.0
27189	0.0	0.7737665463297232	0.2430806257521059	0.9037304452466908	0.0	0.0	0.789410348977136	0.18892900120336945	0.0	1.0	1.0	0.7617328519855595	0.0	0.19855595667870035	1.0	1.0	0.0	1.0	0.41997593261131166	1.0	0.0	0.0	0.703971119133574	1.0
27190	0.0	0.6703601108033241	0.17266851338873498	0.9695290858725761	0.0	0.06832871652816251	0.7728531855955678	0.7072945521698984	0.14866112650046168	1.0	0.9916897506925207	0.6131117266851339	0.0	0.13573407202216067	0.9990766389658357	1.0	0.0	1.0	0.6001846722068329	1.0	0.2760849492151431	0.0	0.9353647276084949	1.0
27191	0.17078799868117375	0.6297395318166832	0.35740191229805474	0.9060336300692384	0.06297395318166832	0.1582591493570722	0.8483349818661391	0.54071876030333	0.0	1.0	0.909330695680844	0.5212660731948566	0.0	0.09165842400263766	0.9831849653808111	0.9996702934388394	0.09891196834817013	0.9914276294098252	0.6060006594131223	1.0	0.0	0.09462578305308275	0.9858226178700956	1.0
27192	0.0	0.7410926365795725	0.19477434679334918	0.9675376088677752	0.26286619160728425	0.0	0.777513855898654	0.5265241488519399	0.0	0.9904988123515439	0.948535233570863	0.7173396674584323	0.0	0.056215360253365	1.0	0.9904988123515439	0.0	1.0	0.8440221694378464	1.0	0.1227236737925574	0.47901821060965954	0.9121140142517815	1.0
27193	0.0	0.6990049751243781	0.0	0.8793532338308457	0.0	0.0	0.7972636815920398	0.6492537313432836	0.0	1.0	0.9166666666666666	0.208955223880597	0.0	0.0	1.0	1.0	0.0	0.9751243781094527	0.8569651741293532	1.0	0.1691542288557214	0.3308457711442786	0.927860696517413	1.0
27194	0.0	0.8952380952380953	0.0	0.8809523809523809	0.0	0.0	0.22142857142857142	0.13095238095238096	0.0	1.0	0.7714285714285715	0.2761904761904762	0.0	0.0	0.5976190476190476	1.0	0.0	0.9976190476190476	0.3142857142857143	1.0	0.0	0.0	0.8666666666666667	1.0
27195	0.6909385113268608	0.5129449838187702	0.3268608414239482	0.988673139158576	0.24433656957928804	0.0	0.941747572815534	0.7928802588996764	0.44336569579288027	1.0	0.9385113268608414	0.3268608414239482	0.10841423948220065	0.15372168284789645	1.0	0.9919093851132686	0.6440129449838188	1.0	0.9142394822006472	1.0	0.0	0.0	1.0	1.0
27196	0.1875	0.8802083333333334	0.0	0.9036458333333334	0.0	0.0	0.7682291666666666	0.5234375	0.0	1.0	1.0	0.5625	0.2604166666666667	0.3151041666666667	1.0	1.0	0.0	0.984375	0.7005208333333334	1.0	0.2421875	0.3932291666666667	1.0	1.0
27197	1.0	0.7374517374517374	0.5881595881595881	0.9935649935649936	0.46846846846846846	0.3384813384813385	0.8301158301158301	0.9279279279279279	0.963963963963964	1.0	1.0	0.6229086229086229	0.3539253539253539	0.148005148005148	0.9845559845559846	1.0	0.9433719433719434	1.0	1.0	1.0	0.4967824967824968	0.05019305019305019	1.0	1.0
27198	0.0	0.0	0.0	0.8606060606060606	0.0	0.0	0.30303030303030304	0.0	0.0	1.0	0.7212121212121212	0.36363636363636365	0.0	0.0	0.7515151515151515	0.8545454545454545	0.0	0.48484848484848486	0.0	1.0	0.0	0.0	0.26666666666666666	0.7757575757575758
27199	0.0	0.8527777777777777	0.0	0.8388888888888889	0.0	0.0	0.37222222222222223	0.4388888888888889	0.0	1.0	0.775	0.8944444444444445	0.0	0.0	0.7777777777777778	1.0	0.0	0.9944444444444445	0.85	1.0	0.0	0.6666666666666666	1.0	1.0
27200	0.0	0.5839243498817966	0.3073286052009456	0.7943262411347518	0.0	0.0	0.9739952718676123	0.18912529550827423	0.0	1.0	1.0	0.5957446808510638	0.0	0.0	0.9432624113475178	1.0	0.0	0.9905437352245863	0.735224586288416	1.0	0.0	0.5981087470449172	0.8250591016548463	1.0
27201	0.0	0.570957095709571	0.0	0.6105610561056105	0.0	0.8250825082508251	0.9801980198019802	0.6435643564356436	0.0	1.0	1.0	0.8250825082508251	0.0	0.0	0.7326732673267327	1.0	0.0	0.9075907590759076	0.9900990099009901	1.0	0.0	0.0	1.0	1.0
27202	0.3756218905472637	0.7810945273631841	0.2512437810945274	0.650497512437811	0.0	0.048507462686567165	0.7898009950248757	0.9228855721393034	0.0	1.0	0.9266169154228856	0.23507462686567165	0.0	0.0	0.9800995024875622	0.8557213930348259	0.0	1.0	0.8644278606965174	1.0	0.0	0.0	1.0	1.0
27203	0.39928698752228164	0.9322638146167558	0.20677361853832443	1.0	0.0	0.0	0.8734402852049911	0.8021390374331551	0.049910873440285206	1.0	0.7522281639928698	0.049910873440285206	0.0	0.0	0.9964349376114082	1.0	0.0	0.9803921568627451	0.18538324420677363	1.0	0.0	0.0	1.0	1.0
27204	0.0	0.7719298245614035	0.0	0.935672514619883	0.0	0.0	0.6842105263157895	0.4456140350877193	0.0	1.0	0.8526315789473684	0.5953216374269006	0.0	0.0	0.8526315789473684	0.9719298245614035	0.0	1.0	0.2152046783625731	0.9719298245614035	0.0	0.17660818713450294	0.8760233918128655	1.0
27205	0.0	0.625	0.5375	0.9958333333333333	0.3145833333333333	0.0	0.9875	0.7145833333333333	0.0	1.0	0.925	0.5791666666666667	0.47291666666666665	0.0	1.0	1.0	0.0	0.9770833333333333	0.7854166666666667	0.9833333333333333	0.18541666666666667	0.0	0.9458333333333333	1.0
27206	0.3175394846217789	0.772236076475478	0.0	1.0	0.0	0.0	0.8179551122194514	0.7514546965918537	0.0	1.0	0.9908561928512053	0.370739817123857	0.0	0.2743142144638404	1.0	1.0	0.2510390689941812	0.9950124688279302	0.743973399833749	1.0	0.03906899418121363	0.3549459684123026	0.9966749792186201	1.0
27207	0.0	0.8427267847557702	0.0	0.9194847020933977	0.01932367149758454	0.0	0.8395061728395061	0.7423510466988728	0.0	1.0	1.0	0.5614600107353731	0.0	0.07997852925389157	0.974771873322598	1.0	0.0	0.9522275899087493	0.7332259796027912	1.0	0.07192699946323135	0.0	0.8808373590982287	1.0
27208	0.0	0.0	0.0	1.0	0.0	0.0	0.0	0.6736111111111112	0.0	1.0	0.14583333333333334	0.3888888888888889	0.0	0.0	1.0	1.0	0.0	1.0	0.0	1.0	0.0	0.0	0.0	1.0
27209	0.0	0.7496706192358367	0.007905138339920948	0.7852437417654808	0.0	0.0	0.8985507246376812	0.6442687747035574	0.1844532279314888	1.0	1.0	0.11067193675889328	0.0	0.28063241106719367	0.919631093544137	0.9538866930171278	0.0	0.8168642951251647	0.689064558629776	1.0	0.0	0.39789196310935443	0.997364953886693	1.0
27210	0.0	0.5896147403685092	0.36348408710217756	1.0	0.0	0.0	0.7403685092127303	0.9447236180904522	0.0	1.0	0.9447236180904522	0.2830820770519263	0.0	0.12897822445561138	0.7738693467336684	0.9430485762144054	0.0	1.0	0.5360134003350083	1.0	0.0	0.0	0.7872696817420436	1.0
27211	0.0	0.785024154589372	0.27053140096618356	0.6280193236714976	0.0	0.0	0.748792270531401	0.8091787439613527	0.0	1.0	1.0	0.34782608695652173	0.0	0.20048309178743962	1.0	1.0	0.0	1.0	0.6304347826086957	1.0	0.0	0.0	1.0	1.0
27212	0.0	0.6265270506108203	0.0	1.0	0.41361256544502617	0.0	0.6544502617801047	0.7574171029668412	0.0	1.0	0.9616055846422339	0.680628272251309	0.26352530541012215	0.0	0.7102966841186736	1.0	0.0	1.0	0.9528795811518325	1.0	0.5863874345549738	0.0	1.0	1.0
27213	0.0	0.0	0.0	0.48484848484848486	0.0	0.0	0.0	0.0	0.0	1.0	0.9166666666666666	0.0	0.0	0.0	0.6742424242424242	0.8409090909090909	0.0	0.9242424242424242	0.5681818181818182	0.9318181818181818	0.0	0.0	1.0	1.0
27214	0.0	0.520618556701031	0.2920962199312715	0.9424398625429553	0.0	0.11769759450171821	0.7963917525773195	0.7010309278350515	0.0	1.0	0.929553264604811	0.3178694158075601	0.17010309278350516	0.0859106529209622	1.0	1.0	0.0	1.0	0.7139175257731959	1.0	0.09278350515463918	0.0	0.9527491408934707	1.0
27215	0.0	0.8126126126126126	0.0	0.863063063063063	0.0	0.0	0.872072072072072	0.5891891891891892	0.33513513513513515	1.0	0.9981981981981982	0.21981981981981982	0.0	0.0	0.972972972972973	0.9567567567567568	0.0	1.0	0.0	0.9981981981981982	0.0	0.0	0.8378378378378378	0.9981981981981982
27216	0.0	0.43356643356643354	0.0	0.7599067599067599	0.0	0.0	0.42424242424242425	0.34265734265734266	0.0	1.0	0.8228438228438228	0.22377622377622378	0.34965034965034963	0.0	0.585081585081585	0.993006993006993	0.0	1.0	0.5687645687645687	1.0	0.19347319347319347	0.32867132867132864	0.9347319347319347	1.0
27217	0.4937106918238994	0.8301886792452831	0.0	1.0	0.0	0.0	0.19811320754716982	0.39622641509433965	0.0	1.0	0.5314465408805031	0.4748427672955975	0.0	0.0	0.7704402515723271	1.0	0.0	1.0	0.3238993710691824	1.0	0.0	0.0	0.8647798742138365	1.0
27218	0.0	0.30851063829787234	0.0	0.9361702127659575	0.0	0.0	1.0	1.0	0.0	1.0	1.0	0.549645390070922	0.0	0.0	0.950354609929078	1.0	0.0	0.9290780141843972	0.8652482269503546	1.0	0.0	0.0	0.950354609929078	1.0
27219	0.0	0.7746478873239436	0.0	0.6525821596244131	0.0	0.0	1.0	0.5774647887323944	0.0	1.0	1.0	0.6009389671361502	0.0	0.0	1.0	1.0	0.0	1.0	0.9530516431924883	1.0	0.0	0.0	1.0	1.0
27220	0.05363984674329502	0.03065134099616858	0.5095785440613027	1.0	0.0	0.0	0.0	0.6015325670498084	0.0	1.0	0.6475095785440613	0.5478927203065134	0.7432950191570882	0.0	0.6130268199233716	0.8735632183908046	0.0	0.842911877394636	1.0	1.0	0.0	0.0	0.9808429118773946	1.0
27221	0.0	0.46846846846846846	0.0	0.990990990990991	0.0	0.0	0.7783783783783784	0.0	0.0	1.0	0.8918918918918919	0.0	0.21081081081081082	0.0	1.0	1.0	0.0	0.8702702702702703	0.4990990990990991	1.0	0.0	0.23783783783783785	0.8882882882882883	1.0
27222	0.0	0.7542517006802721	0.16071428571428573	0.7261904761904762	0.0	0.1054421768707483	0.5816326530612245	0.7193877551020408	0.0	1.0	0.8469387755102041	0.4872448979591837	0.0	0.0	0.9727891156462585	1.0	0.0	0.9455782312925171	0.2695578231292517	1.0	0.0	0.32142857142857145	0.7151360544217688	1.0
27223	0.28998073217726394	0.5973025048169557	0.35645472061657035	0.766859344894027	0.0	0.0	0.6734104046242775	0.4344894026974952	0.0	1.0	0.8651252408477842	0.6271676300578035	0.05394990366088632	0.0	0.98747591522158	0.8660886319845857	0.0	0.9547206165703276	0.5192678227360308	1.0	0.18978805394990367	0.5905587668593449	0.7726396917148363	1.0
27224	0.0	0.37023370233702335	0.6248462484624846	0.9704797047970479	0.0	0.0	0.996309963099631	0.5633456334563346	0.0	1.0	0.8228782287822878	0.10209102091020911	0.0	0.10209102091020911	0.8327183271832719	1.0	0.0	1.0	0.6888068880688807	1.0	0.0	0.1857318573185732	0.9606396063960639	1.0
27225	0.0	0.8176328502415459	0.0	0.5966183574879227	0.08816425120772947	0.0	0.8091787439613527	0.3888888888888889	0.0	1.0	1.0	0.30917874396135264	0.0	0.0	0.7910628019323671	1.0	0.0	0.8285024154589372	0.783816425120773	1.0	0.15821256038647344	0.13405797101449277	0.9420289855072463	1.0
27226	0.0	0.34322453016815035	0.1414441147378833	0.8931750741839762	0.0	0.0	0.7586547972304649	0.7032640949554896	0.0	1.0	1.0	0.6419386745796242	0.0	0.0	0.9881305637982196	1.0	0.0	0.847675568743818	0.2542037586547972	1.0	0.0	0.26706231454005935	0.6765578635014837	1.0
27227	0.0	0.7301587301587301	0.0	0.42857142857142855	0.0	0.0	0.9894179894179894	0.7354497354497355	0.0	0.9206349206349206	1.0	1.0	0.0	0.0	1.0	0.9841269841269841	0.0	0.20634920634920634	0.09523809523809523	1.0	0.0	0.0	0.0	1.0
27228	0.0	0.903921568627451	0.7490196078431373	0.8725490196078431	0.0	0.0	0.8588235294117647	0.8019607843137255	0.1568627450980392	0.9803921568627451	1.0	0.8941176470588236	0.0	0.0	0.9098039215686274	0.9803921568627451	0.0	0.9803921568627451	0.8411764705882353	1.0	0.0	0.0	0.996078431372549	0.9803921568627451
27229	0.0	0.0	0.234375	0.578125	0.0	0.0	1.0	0.015625	0.0	1.0	0.53125	0.4635416666666667	0.0	0.0	1.0	1.0	0.0	0.21354166666666666	0.6302083333333334	1.0	0.0	0.390625	0.25	1.0
27230	0.0	0.6377777777777778	0.6066666666666667	1.0	0.0	0.0	0.30666666666666664	0.3288888888888889	0.0	1.0	0.6866666666666666	0.5222222222222223	0.0	0.0	0.9333333333333333	1.0	0.0	1.0	0.9244444444444444	1.0	0.0	0.1688888888888889	0.6777777777777778	1.0
27231	0.0	0.0	0.0	0.6524390243902439	0.0	0.0	0.22560975609756098	0.3800813008130081	0.0	1.0	0.8943089430894309	0.4146341463414634	0.0	0.0	1.0	1.0	0.0	0.9613821138211383	0.8678861788617886	1.0	0.29878048780487804	0.0	0.8882113821138211	1.0
27232	0.0	0.20657276995305165	0.0	0.9507042253521126	0.0	0.0	0.29107981220657275	0.4953051643192488	0.0	0.6244131455399061	0.8779342723004695	0.5985915492957746	0.0	0.03755868544600939	0.7723004694835681	1.0	0.0	0.8568075117370892	0.12441314553990611	1.0	0.43896713615023475	0.0	1.0	1.0
27233	0.0	0.39755351681957185	0.0	0.7431192660550459	0.0	0.0	0.0	0.0	0.0	0.7737003058103975	0.3180428134556575	0.25382262996941896	0.19571865443425077	0.0	0.6758409785932722	0.8807339449541285	0.0	0.8623853211009175	0.7522935779816514	1.0	0.0	0.0	0.3119266055045872	0.617737003058104
27234	0.0	0.9325153374233128	0.0	1.0	0.0	0.0	0.885480572597137	0.8016359918200409	0.0	1.0	0.7760736196319018	0.38650306748466257	0.1329243353783231	0.20756646216768918	1.0	1.0	0.0	0.9867075664621677	0.7811860940695297	1.0	0.0	0.22903885480572597	0.843558282208589	1.0
27235	0.738562091503268	0.6830065359477124	0.0	0.8496732026143791	0.0	0.0	0.6535947712418301	0.2875816993464052	0.0	1.0	1.0	0.35947712418300654	0.0	0.0	1.0	1.0	0.0	1.0	0.7941176470588235	1.0	0.0	0.0	0.23529411764705882	1.0
27236	0.0	0.40540540540540543	0.0	1.0	0.0	0.0	0.6328828828828829	0.44594594594594594	0.0	1.0	0.9977477477477478	0.44594594594594594	0.3063063063063063	0.0	0.9144144144144144	1.0	0.0	1.0	0.0	1.0	0.0	0.32882882882882886	0.9954954954954955	1.0
27237	0.0	0.8129713423831071	0.1282051282051282	0.9879336349924586	0.0	0.0	0.3137254901960784	1.0	0.0	0.9200603318250377	0.7843137254901961	0.530920060331825	0.0	0.0	0.9351432880844646	1.0	0.0	0.9849170437405732	0.4555052790346908	1.0	0.1568627450980392	0.0	0.9215686274509803	1.0
27238	0.0	0.7876984126984127	0.38492063492063494	0.8928571428571429	0.0	0.0	0.8928571428571429	0.6388888888888888	0.0	1.0	1.0	0.5932539682539683	0.0	0.0	1.0	0.996031746031746	0.0	1.0	1.0	1.0	0.4623015873015873	0.0	0.8531746031746031	1.0
27239	0.0	0.3151515151515151	0.5575757575757576	0.10606060606060606	0.0	0.0	0.9818181818181818	0.696969696969697	0.0	1.0	0.8151515151515152	1.0	0.0	0.32727272727272727	1.0	1.0	0.0	0.990909090909091	0.15757575757575756	1.0	0.0	0.0	1.0	1.0
27240	0.0	0.8197530864197531	0.15555555555555556	1.0	0.0	0.0	0.8197530864197531	0.7481481481481481	0.7382716049382716	1.0	0.8617283950617284	0.24691358024691357	0.20246913580246914	0.0	0.980246913580247	1.0	0.0	0.945679012345679	0.8839506172839506	1.0	0.0	0.0	0.8790123456790123	1.0
27241	0.0	0.6451822916666666	0.12565104166666666	0.8704427083333334	0.11328125	0.09895833333333333	0.5963541666666666	0.5123697916666666	0.19661458333333334	1.0	0.8821614583333334	0.24739583333333334	0.1171875	0.09505208333333333	0.9791666666666666	1.0	0.0	0.92578125	0.6790364583333334	0.9544270833333334	0.0	0.19661458333333334	0.9427083333333334	1.0
27242	0.0	0.5736434108527132	0.0	0.9961240310077519	0.0	0.0	0.627906976744186	0.46124031007751937	0.0	0.9961240310077519	0.8682170542635659	0.0	0.0	0.0	0.9612403100775194	1.0	0.0	0.9961240310077519	0.9922480620155039	0.9961240310077519	0.0	0.003875968992248062	0.9534883720930233	1.0
27243	0.0	0.8163672654690619	0.0	0.564870259481038	0.0	0.10445775116433799	0.8343313373253493	0.40053226879574183	0.0	1.0	0.9347970725216235	0.4078509647371923	0.31736526946107785	0.0	0.9041916167664671	1.0	0.0	0.8669328010645376	0.5548902195608783	1.0	0.0	0.23087159015302727	0.9514304723885563	1.0
27244	0.0	0.7926509186351706	0.583989501312336	0.9435695538057742	0.16404199475065617	0.0	0.6246719160104987	0.7335958005249343	0.0	1.0	0.89501312335958	0.3188976377952756	0.0	0.0	0.7847769028871391	0.968503937007874	0.0	0.9028871391076115	0.583989501312336	1.0	0.0	0.05643044619422572	0.973753280839895	1.0
27245	0.0	0.3008130081300813	0.0	0.959349593495935	0.0	0.0	0.4715447154471545	0.0	0.0	1.0	1.0	0.9065040650406504	0.0	0.0	0.8577235772357723	0.7520325203252033	0.0	1.0	0.532520325203252	1.0	0.4065040650406504	0.0	1.0	1.0
27246	0.0	0.8373983739837398	0.04878048780487805	1.0	0.3800813008130081	0.0	0.7459349593495935	0.40040650406504064	0.0	1.0	0.7764227642276422	0.693089430894309	0.0	0.0	0.8556910569105691	1.0	0.0	1.0	0.2845528455284553	1.0	0.0	0.4329268292682927	0.8577235772357723	1.0
27247	0.0	0.9290322580645162	0.15268817204301074	0.6709677419354839	0.1913978494623656	0.0	0.10752688172043011	0.6451612903225806	0.0	1.0	0.9247311827956989	0.22795698924731184	0.0	0.0	0.9505376344086022	1.0	0.0	1.0	0.9118279569892473	1.0	0.0	0.14193548387096774	0.7591397849462366	1.0
27248	0.0	0.8452380952380952	0.5550595238095238	0.9107142857142857	0.0	0.0	0.5952380952380952	0.7247023809523809	0.0	1.0	0.8095238095238095	0.19196428571428573	0.05654761904761905	0.19047619047619047	1.0	1.0	0.0	1.0	0.0	1.0	0.0	0.32589285714285715	0.90625	1.0
27249	0.0	0.6805555555555556	0.037037037037037035	0.9976851851851852	0.0	0.0	0.9606481481481481	0.2638888888888889	0.0	1.0	0.8495370370370371	0.28703703703703703	0.0	0.34953703703703703	0.9143518518518519	1.0	0.0	1.0	0.41898148148148145	1.0	0.0	0.12037037037037036	0.5601851851851852	1.0
27250	0.0	0.8787878787878788	0.0	0.9956709956709957	0.0	0.0	0.987012987012987	0.6536796536796536	0.0	0.7575757575757576	0.7922077922077922	0.6623376623376623	0.0	0.6536796536796536	0.9783549783549783	1.0	0.0	1.0	0.4675324675324675	1.0	0.0	0.0	0.9956709956709957	1.0
27251	0.0	0.8200589970501475	0.0	0.7256637168141593	0.0	0.0	0.014749262536873156	0.3480825958702065	0.0	1.0	0.6253687315634219	0.7551622418879056	0.6371681415929203	0.0	0.8407079646017699	0.9646017699115044	0.0	0.9380530973451328	0.6047197640117994	1.0	0.0	0.36578171091445427	0.8967551622418879	1.0
27252	0.0	0.6321243523316062	0.11744386873920552	0.5739781232009211	0.0	0.055267702936096716	0.8969487622337363	0.8071387449625792	0.0	1.0	0.8624064478986759	0.34830166954519287	0.23431203223949337	0.2003454231433506	0.8606793321819228	0.9930915371329879	0.0	0.9550949913644214	0.47956246401842256	1.0	0.14277489925158318	0.40875071963154863	0.8796776050662061	1.0
27253	0.0	0.0	0.0	0.8412698412698413	0.0	0.0	1.0	1.0	0.0	1.0	1.0	0.328042328042328	0.0	0.0	1.0	1.0	0.0	0.4021164021164021	0.7883597883597884	1.0	0.5661375661375662	0.0	1.0	1.0
27254	0.0	0.8126126126126126	0.22972972972972974	0.9864864864864865	0.0	0.0	0.6684684684684684	0.5126126126126126	0.0	1.0	0.8486486486486486	0.5513513513513514	0.0	0.02072072072072072	1.0	0.8963963963963963	0.0	0.9162162162162162	0.8135135135135135	1.0	0.11441441441441441	0.2756756756756757	0.9432432432432433	1.0
27255	0.0	0.6238095238095238	0.26904761904761904	0.9174603174603174	0.0	0.0	0.43492063492063493	0.6936507936507936	0.0	1.0	0.9944444444444445	0.2388888888888889	0.0	0.15873015873015872	0.8492063492063492	0.9761904761904762	0.0	0.9349206349206349	0.8404761904761905	1.0	0.07380952380952381	0.11428571428571428	0.9507936507936507	1.0
27256	0.0	0.12643678160919541	0.0	0.9109195402298851	0.0	0.0	0.9109195402298851	0.6149425287356322	0.0	1.0	0.9971264367816092	0.3706896551724138	0.0	0.0	0.9339080459770115	1.0	0.0	0.9770114942528736	1.0	0.9942528735632183	0.0	0.0	0.9568965517241379	1.0
27257	0.0	0.5598526703499079	0.16758747697974216	0.9005524861878453	0.0	0.0	0.3149171270718232	0.2154696132596685	0.0	1.0	1.0	0.27808471454880296	0.0	0.0	0.8931860036832413	0.9815837937384899	0.0	0.998158379373849	0.5395948434622467	0.9705340699815838	0.0	0.0	0.8858195211786372	1.0
27258	0.0	0.63125	0.0	0.9875	0.21875	0.0	0.9895833333333334	0.80625	0.175	1.0	0.8895833333333333	0.33958333333333335	0.025	0.0	0.99375	1.0	0.0	0.3770833333333333	0.56875	1.0	0.0	0.0	1.0	1.0
27259	0.0	0.9215686274509803	0.0	0.24705882352941178	0.0	0.0	0.7843137254901961	0.7843137254901961	0.0	1.0	0.6313725490196078	0.18823529411764706	0.3215686274509804	0.0	0.9019607843137255	1.0	0.0	1.0	0.9372549019607843	1.0	0.0	0.0	0.5803921568627451	1.0
27260	0.0	0.9459962756052142	0.0	0.7579143389199255	0.5251396648044693	0.0	0.9981378026070763	0.8286778398510242	0.0	1.0	1.0	0.6312849162011173	0.0	0.24022346368715083	0.8435754189944135	1.0	0.0	1.0	1.0	1.0	0.0	0.0	0.9813780260707635	1.0
27261	0.070578231292517	0.7610544217687075	0.4906462585034014	0.5620748299319728	0.0782312925170068	0.0	0.6564625850340136	0.5374149659863946	0.0	1.0	0.9634353741496599	0.4897959183673469	0.0	0.14965986394557823	0.8112244897959183	0.9761904761904762	0.0	0.9914965986394558	0.2568027210884354	0.9948979591836735	0.07482993197278912	0.0	0.7236394557823129	1.0
27262	0.43164362519201227	0.6129032258064516	0.5898617511520737	0.8141321044546851	0.0	0.0	0.7419354838709677	0.5268817204301075	0.0	1.0	0.8141321044546851	0.3210445468509985	0.14285714285714285	0.25499231950844853	0.869431643625192	1.0	0.0	1.0	0.8003072196620584	1.0	0.3655913978494624	0.0	0.9831029185867896	1.0
27263	0.0	0.7534246575342466	0.2374429223744292	0.8127853881278538	0.0	0.0	1.0	0.91324200913242	0.0	1.0	1.0	0.5844748858447488	0.0	0.0410958904109589	1.0	1.0	0.0	1.0	1.0	1.0	0.0	0.0	1.0	1.0
27264	0.0	0.6255020080321285	0.2399598393574297	0.4327309236947791	0.0	0.0	0.49698795180722893	0.6837349397590361	0.0	1.0	0.5873493975903614	0.20883534136546184	0.0	0.0	0.9186746987951807	0.9969879518072289	0.0	0.9608433734939759	0.9196787148594378	1.0	0.012048192771084338	0.0	0.9789156626506024	1.0
27265	0.0	0.41597796143250687	0.22038567493112948	0.837465564738292	0.0	0.0	0.5013774104683195	0.18732782369146006	0.0	1.0	0.7768595041322314	0.5151515151515151	0.29201101928374656	0.0	0.2699724517906336	0.8484848484848485	0.0	0.953168044077135	0.05509641873278237	1.0	0.22038567493112948	0.41597796143250687	0.71900826446281	0.9944903581267218
27266	0.0	0.42226148409893993	0.30742049469964666	0.8486454652532391	0.0	0.0	0.9358068315665489	0.8474676089517079	0.0	0.9964664310954063	0.967020023557126	0.31566548881036516	0.25265017667844525	0.17137809187279152	0.8945818610129564	0.9923439340400471	0.0	0.9905771495877503	0.5877502944640753	1.0	0.08539458186101295	0.0	0.9128386336866903	1.0
27267	0.0	0.6890756302521008	0.2605042016806723	0.6778711484593838	0.0	0.0	0.9355742296918768	0.8207282913165266	0.0	1.0	1.0	0.0	0.0	0.0	1.0	0.7955182072829131	0.0	1.0	0.907563025210084	1.0	0.05322128851540616	0.0	0.6442577030812325	1.0
27268	0.3314917127071823	0.5395948434622467	0.0	0.9337016574585635	0.0	0.0	0.5285451197053407	0.2946593001841621	0.0	0.9300184162062615	0.48250460405156537	0.0	0.0	0.0	0.5285451197053407	0.6537753222836096	0.0	0.8968692449355433	0.0	1.0	0.0	0.17679558011049723	0.39594843462246776	0.5874769797421732
27269	0.0	0.3533533533533533	0.13413413413413414	0.7577577577577578	0.0	0.0	0.6646646646646647	0.43043043043043044	0.0	0.9769769769769769	0.8728728728728729	0.5795795795795796	0.15115115115115116	0.0	0.6326326326326326	1.0	0.0	1.0	0.36736736736736736	1.0	0.0960960960960961	0.24624624624624625	0.8308308308308309	1.0
27270	0.0	0.6581818181818182	0.42303030303030303	0.9684848484848485	0.12363636363636364	0.0	0.34545454545454546	0.816969696969697	0.0	0.9575757575757575	1.0	0.28606060606060607	0.18303030303030304	0.32	0.8315151515151515	1.0	0.0	1.0	0.6	1.0	0.0	0.28606060606060607	0.9309090909090909	1.0
27271	0.0	0.2	0.0	0.5433333333333333	0.0	0.0	0.5	0.7333333333333333	0.0	1.0	0.9133333333333333	0.3433333333333333	0.0	0.02666666666666667	0.8066666666666666	1.0	0.0	0.91	0.69	1.0	0.0	0.0	0.8833333333333333	1.0
27272	0.0	0.6421568627450981	0.37745098039215685	0.7647058823529411	0.3700980392156863	0.0	0.34068627450980393	0.6274509803921569	0.0	1.0	0.4852941176470588	0.46078431372549017	0.0	0.0	0.7916666666666666	1.0	0.0	1.0	0.9852941176470589	1.0	0.0	0.4950980392156863	0.9803921568627451	1.0
27273	0.0	0.4585987261146497	0.0	0.772823779193206	0.3205944798301486	0.0	0.6220806794055201	0.5923566878980892	0.0	1.0	0.7346072186836518	0.7707006369426752	0.0	0.0	0.9002123142250531	1.0	0.0	0.8832271762208068	0.8365180467091295	1.0	0.0	0.13800424628450106	0.9787685774946921	1.0
27274	0.16804407713498623	1.0	0.17355371900826447	0.45179063360881544	0.128099173553719	0.0	0.6776859504132231	0.6887052341597796	0.0	1.0	0.8305785123966942	0.5495867768595041	0.0	0.0	0.59366391184573	0.8870523415977961	0.0	1.0	0.7988980716253443	1.0	0.0	0.2231404958677686	0.7493112947658402	1.0
27275	0.0	1.0	1.0	0.481981981981982	0.0	0.0	1.0	0.9684684684684685	0.0	1.0	0.8873873873873874	0.46846846846846846	0.0	0.0	1.0	1.0	0.0	0.8603603603603603	0.5990990990990991	1.0	0.0	0.0	1.0	1.0
27276	0.0	0.5703703703703704	0.06666666666666667	0.48518518518518516	0.0	0.0	0.9222222222222223	0.9148148148148149	0.0	1.0	1.0	0.0	0.0	0.0	1.0	1.0	0.0	0.8851851851851852	0.3148148148148148	1.0	0.0	0.0	0.3888888888888889	1.0
27277	0.0	0.7767857142857143	0.0	0.9196428571428571	0.0	0.0	0.5505952380952381	0.6071428571428571	0.1636904761904762	1.0	0.4523809523809524	0.0	0.31845238095238093	0.0	1.0	1.0	0.0	1.0	0.25892857142857145	1.0	0.41964285714285715	0.0	1.0	1.0
27278	0.0	0.7149425287356321	0.0	0.8068965517241379	0.0	0.0	0.9310344827586207	0.9517241379310345	0.1839080459770115	1.0	0.9218390804597701	0.5011494252873563	0.03218390804597701	0.0	1.0	1.0	0.0	1.0	0.3471264367816092	1.0	0.0	0.5126436781609195	1.0	1.0
27279	0.0	0.6519607843137255	0.31862745098039214	0.9730392156862745	0.0	0.0	0.7598039215686274	0.7303921568627451	0.0	1.0	1.0	0.29411764705882354	0.0	0.0	0.9509803921568627	1.0	0.0	0.821078431372549	0.5245098039215687	1.0	0.0	0.0	0.8651960784313726	1.0
27280	0.0	0.3291492329149233	0.16736401673640167	0.9232914923291492	0.023709902370990237	0.0	0.8340306834030683	0.4504881450488145	0.0	1.0	0.9135285913528591	0.15202231520223153	0.0	0.0	0.7880055788005579	1.0	0.0	0.9804741980474198	0.8577405857740585	1.0	0.0	0.0	0.902370990237099	1.0
27281	0.0	0.7858585858585858	0.0	0.793939393939394	0.11313131313131314	0.0	1.0	0.6101010101010101	0.0	1.0	0.8646464646464647	0.3616161616161616	0.0	0.16161616161616163	0.7838383838383839	1.0	0.0	0.7111111111111111	0.703030303030303	1.0	0.0	0.0	0.6909090909090909	1.0
27282	0.0	0.8709677419354839	0.0	1.0	0.0	0.0	0.3924731182795699	0.0	0.0	1.0	1.0	0.0	0.0	1.0	1.0	1.0	0.0	1.0	0.34946236559139787	1.0	0.0	0.0	0.6397849462365591	1.0
27283	0.0	0.7099236641221374	0.5089058524173028	0.8829516539440203	0.0	0.0	0.4173027989821883	0.26463104325699743	0.0	1.0	0.5165394402035624	0.7582697201017812	0.0	0.0	0.816793893129771	1.0	0.0	1.0	0.7480916030534351	1.0	0.0	0.0	0.4198473282442748	1.0
27284	0.0	0.7351351351351352	0.06486486486486487	0.781981981981982	0.0	0.0	0.5171171171171172	0.31351351351351353	0.0	1.0	0.9027027027027027	0.69009009009009	0.0	0.0	1.0	1.0	0.0	0.6846846846846847	0.6918918918918919	1.0	0.0	0.0	1.0	1.0
27285	0.0	0.9559228650137741	0.0	0.7052341597796143	0.0	0.0	0.6611570247933884	0.0	0.0	1.0	0.5895316804407713	0.8181818181818182	0.0	0.0	0.7713498622589532	1.0	0.0	1.0	0.7052341597796143	1.0	0.0	0.0	1.0	1.0
27286	0.0	0.0	0.0	0.9913793103448276	0.0	0.0	0.2413793103448276	0.3620689655172414	0.0	1.0	0.9367816091954023	0.7011494252873564	0.0	0.0	0.7672413793103449	1.0	0.0	1.0	0.6925287356321839	1.0	0.0	0.0	0.6120689655172413	1.0
27287	0.0	0.34551784160139254	0.43777197563098347	0.896431679721497	0.0	0.0	0.6579634464751958	0.5230635335073978	0.0	1.0	0.9147084421235857	0.4073107049608355	0.0	0.0	0.9112271540469974	0.9982593559617058	0.0	0.9895561357702349	0.7354221061792864	1.0	0.0	0.18102697998259357	0.9364664926022629	1.0
27288	0.0	0.45582329317269077	0.8122489959839357	0.9267068273092369	0.0	0.0	0.3965863453815261	0.463855421686747	0.0	1.0	1.0	0.3704819277108434	0.2359437751004016	0.1757028112449799	0.9246987951807228	1.0	0.0	0.9799196787148594	0.9528112449799196	1.0	0.14859437751004015	0.29116465863453816	0.6616465863453815	1.0
27289	0.21884057971014492	0.3855072463768116	0.41739130434782606	0.7811594202898551	0.3710144927536232	0.0	0.5318840579710145	0.3318840579710145	0.0	1.0	0.9115942028985508	0.1289855072463768	0.0	0.0	0.9855072463768116	1.0	0.0	0.9985507246376811	0.8318840579710145	1.0	0.0	0.0	0.9666666666666667	1.0
27290	0.0	0.732360097323601	0.36982968369829683	0.8126520681265207	0.0	0.0	0.6763990267639902	1.0	0.0	1.0	1.0	0.3795620437956204	0.19708029197080293	0.0	1.0	1.0	0.0	1.0	0.16058394160583941	1.0	0.0	0.0	0.9781021897810219	1.0
27291	0.0	0.0	0.0	0.48484848484848486	0.0	0.0	1.0	0.0	0.0	0.7393939393939394	0.2727272727272727	0.8	0.0	0.0	0.8303030303030303	1.0	0.0	0.8	0.7454545454545455	0.5757575757575758	0.0	0.0	0.8303030303030303	0.9333333333333333
27292	0.0	0.875	0.10416666666666667	0.7135416666666666	0.0	0.0	0.6041666666666666	0.640625	0.0	1.0	0.0	0.0	0.0	0.0	0.7135416666666666	0.6770833333333334	0.0	0.8020833333333334	1.0	1.0	0.0	0.0	0.4739583333333333	1.0
27293	0.0	0.5262054507337526	0.59958071278826	0.6205450733752621	0.0	0.0	0.9622641509433962	0.6834381551362684	0.0	1.0	0.9077568134171907	0.639412997903564	0.0	0.0	0.9433962264150944	0.9580712788259959	0.0	1.0	0.4444444444444444	1.0	0.0	0.0	0.8406708595387841	1.0
27294	0.033816425120772944	0.0	0.0	0.966183574879227	0.0	0.0	0.8526570048309179	0.2971014492753623	0.0	1.0	0.9927536231884058	0.34057971014492755	0.0	0.0	0.9637681159420289	0.9299516908212561	0.0	0.9106280193236715	1.0	1.0	0.2560386473429952	0.0	0.8140096618357487	1.0
27295	0.0	0.3844884488448845	0.08415841584158416	0.6353135313531353	0.0	0.0	0.66996699669967	0.7392739273927392	0.0	1.0	1.0	0.4240924092409241	0.0	0.17656765676567657	1.0	1.0	0.0	1.0	0.8234323432343235	1.0	0.0594059405940594	0.04785478547854786	0.83003300330033	1.0
27296	0.0	0.0	0.0	0.5596707818930041	0.0	0.0	0.5267489711934157	0.102880658436214	0.0	1.0	1.0	0.43621399176954734	0.0	0.0	0.8436213991769548	1.0	0.0	1.0	0.40329218106995884	1.0	0.4773662551440329	0.7818930041152263	0.8806584362139918	1.0
27297	0.0	0.6190476190476191	0.1746031746031746	1.0	0.0	0.0	0.0	0.3492063492063492	0.0	1.0	1.0	0.0	0.0	0.0	1.0	1.0	0.0	1.0	0.7222222222222222	1.0	0.5317460317460317	0.5396825396825397	0.5158730158730159	1.0
27298	0.0	0.0	0.0	0.0	0.0	0.0	0.8803418803418803	0.811965811965812	0.0	0.7863247863247863	1.0	1.0	0.0	0.0	1.0	0.4444444444444444	0.0	0.9914529914529915	0.0	1.0	0.0	0.0	0.7008547008547008	1.0
27299	0.0	0.48856209150326796	0.7107843137254902	0.8643790849673203	0.0	0.0	0.826797385620915	0.0	0.0	0.954248366013072	0.9673202614379085	0.0	0.0	0.0	0.9820261437908496	0.8431372549019608	0.0	0.7352941176470589	0.5049019607843137	0.9918300653594772	0.0	0.0	0.8986928104575164	1.0
27300	0.0	0.03259259259259259	0.0	0.8429629629629629	0.0	0.0	0.5614814814814815	0.7525925925925926	0.0	1.0	0.997037037037037	0.37777777777777777	0.0	0.0	0.9333333333333333	0.8962962962962963	0.0	1.0	0.8281481481481482	1.0	0.1259259259259259	0.0	0.8785185185185185	1.0
27301	0.0	0.8367346938775511	0.0	0.5600907029478458	0.0	0.2834467120181406	0.6167800453514739	0.0	0.0	1.0	0.927437641723356	0.4943310657596372	0.32653061224489793	0.4943310657596372	0.7392290249433107	1.0	0.0	0.8503401360544217	0.4444444444444444	1.0	0.0	0.2789115646258503	0.8979591836734694	1.0
27302	0.1429872495446266	0.6602914389799636	0.2750455373406193	0.9043715846994536	0.3542805100182149	0.0	0.644808743169399	0.6584699453551912	0.0	0.9717668488160291	0.7714025500910747	0.3123861566484517	0.10564663023679417	0.0	0.8724954462659381	0.9681238615664846	0.0	0.802367941712204	0.74408014571949	0.9735883424408015	0.0	0.23132969034608378	0.8224043715846995	0.936247723132969
27303	0.0	0.7281831187410587	0.17882689556509299	0.759656652360515	0.0	0.0	0.8354792560801144	0.6652360515021459	0.0	1.0	0.8612303290414879	0.5350500715307582	0.0	0.41630901287553645	0.5894134477825465	0.9599427753934192	0.0	0.9599427753934192	0.8197424892703863	1.0	0.0	0.0	0.7353361945636624	1.0
27304	0.0	0.2878787878787879	0.22865013774104684	0.4834710743801653	0.0	0.0	0.4738292011019284	0.7258953168044077	0.0	1.0	0.8801652892561983	0.5275482093663911	0.0	0.0	0.7851239669421488	1.0	0.0	0.8402203856749312	0.6818181818181818	1.0	0.0	0.0	1.0	1.0
27305	0.0	0.36917562724014336	0.2007168458781362	0.5089605734767025	0.0	0.0	0.6917562724014337	0.5752688172043011	0.0	1.0	0.6684587813620072	0.3387096774193548	0.0	0.0	0.7473118279569892	1.0	0.0	0.9014336917562724	0.7401433691756273	1.0	0.0	0.0	1.0	1.0
27306	0.0	0.0	0.4065040650406504	0.0	0.0	0.0	0.8821138211382114	0.4065040650406504	0.0	1.0	0.0	0.8008130081300813	0.0	0.23170731707317074	0.7439024390243902	0.983739837398374	0.0	0.0	0.5	0.9715447154471545	0.0	0.0	0.983739837398374	0.983739837398374
27307	0.0	0.8807785888077859	0.7372262773722628	0.8759124087591241	0.0	0.0	0.9367396593673966	0.7104622871046229	0.44038929440389296	0.9975669099756691	0.9975669099756691	0.5888077858880778	0.3333333333333333	0.0	0.9927007299270073	0.9367396593673966	0.0	0.9197080291970803	0.9367396593673966	0.9951338199513382	0.0	0.0535279805352798	1.0	1.0
27308	0.0	0.7774509803921569	0.33725490196078434	1.0	0.0	0.3264705882352941	0.7598039215686274	0.9362745098039216	0.0	1.0	0.9931372549019608	0.7058823529411765	0.0	0.17941176470588235	0.9862745098039216	1.0	0.17745098039215687	1.0	0.8627450980392157	1.0	0.0	0.21274509803921568	0.9970588235294118	1.0
27309	0.0	0.9084967320261438	0.0784313725490196	0.9836601307189542	0.0	0.0	0.8986928104575164	0.7189542483660131	0.0	1.0	1.0	0.0	0.0	0.0	0.5816993464052288	0.8725490196078431	0.0	0.934640522875817	0.7091503267973857	1.0	0.0	0.0	0.6699346405228758	1.0
27310	0.0	0.7235142118863049	0.5581395348837209	0.9186046511627907	0.0	0.0	1.0	0.8204134366925064	0.1330749354005168	0.6705426356589147	0.7325581395348837	0.3281653746770026	0.15762273901808785	0.0	0.900516795865633	1.0	0.0	0.7803617571059431	0.2751937984496124	1.0	0.0	0.22609819121447028	0.7971576227390181	1.0
27311	0.0	0.3221601489757914	0.553072625698324	0.5176908752327747	0.0	0.24208566108007448	0.6424581005586593	0.29981378026070765	0.0	0.8566108007448789	0.9162011173184358	0.48789571694599626	0.2811918063314711	0.0	0.9981378026070763	0.9683426443202979	0.0	0.9608938547486033	0.2811918063314711	0.9795158286778398	0.1973929236499069	0.0	0.8603351955307262	0.9124767225325885
27312	0.0	0.9911504424778761	0.7551622418879056	0.8171091445427728	0.0	0.0	0.6548672566371682	0.8348082595870207	0.2536873156342183	1.0	1.0	0.775811209439528	0.0	0.0	1.0	1.0	0.0	0.5486725663716814	0.9174041297935103	1.0	0.0	0.0	1.0	1.0
27313	0.0	0.6396396396396397	0.7657657657657657	0.8108108108108109	0.0	0.0	0.25225225225225223	0.0	0.3153153153153153	1.0	1.0	0.34234234234234234	0.0	0.0	0.6396396396396397	1.0	0.0	0.6756756756756757	0.8288288288288288	1.0	0.0	0.0	1.0	1.0
27314	0.0	0.6060606060606061	0.17715617715617715	0.7505827505827506	0.0	0.0	0.9790209790209791	0.8694638694638694	0.0	1.0	0.8997668997668997	0.8018648018648019	0.0	0.0	1.0	1.0	0.0	1.0	0.14685314685314685	1.0	0.0675990675990676	0.0	1.0	1.0
27315	0.0	0.4491525423728814	0.1228813559322034	0.7669491525423728	0.0	0.0	0.655367231638418	0.826271186440678	0.0	0.980225988700565	0.8884180790960452	0.2556497175141243	0.211864406779661	0.0	0.6836158192090396	1.0	0.0	0.7937853107344632	0.7344632768361582	1.0	0.0	0.0	0.9194915254237288	1.0
27316	0.0	1.0	0.0	0.9619047619047619	0.0	0.0	0.4666666666666667	1.0	0.0	1.0	1.0	0.49523809523809526	0.5380952380952381	0.0	1.0	1.0	0.0	1.0	0.0	1.0	0.0	0.0	1.0	1.0
27317	0.1938534278959811	0.6784869976359338	0.27344365642237983	0.7698975571315997	0.09613869188337273	0.0	0.8565799842395587	0.814026792750197	0.10874704491725769	1.0	0.7722616233254531	0.07407407407407407	0.0	0.0	0.8392434988179669	1.0	0.0	1.0	0.5059101654846335	1.0	0.0	0.0	0.987391646966115	1.0
27318	0.0	1.0	0.0	0.8645833333333334	0.0	0.0	0.84375	1.0	0.0	1.0	0.0	0.25	0.0	0.0	1.0	1.0	0.0	1.0	0.6666666666666666	1.0	0.0	0.0	1.0	1.0
27319	0.0	0.7208333333333333	0.2916666666666667	0.2916666666666667	0.3875	0.0	1.0	0.6583333333333333	0.0	1.0	0.9875	0.9875	0.0	0.0	1.0	1.0	0.0	1.0	0.30833333333333335	1.0	0.0	0.0	1.0	1.0
27320	0.0	0.5	0.19074074074074074	0.8018518518518518	0.03333333333333333	0.0	0.7814814814814814	0.05555555555555555	0.0	1.0	0.65	0.5	0.11851851851851852	0.0	0.8240740740740741	0.8962962962962963	0.0	0.6018518518518519	0.7944444444444444	1.0	0.02962962962962963	0.0	0.8407407407407408	1.0
27321	0.0	0.6136595310907238	0.0	0.7054026503567788	0.18144750254842	0.0	0.6381243628950051	0.3312945973496432	0.0	1.0	0.5932721712538226	0.39143730886850153	0.0	0.14475025484199797	0.9276248725790011	0.9480122324159022	0.0	0.8756371049949032	0.7023445463812437	1.0	0.07237512742099898	0.23649337410805302	0.8807339449541285	1.0
27322	0.21904761904761905	0.5918367346938775	0.8666666666666667	0.8789115646258503	0.0	0.24897959183673468	0.710204081632653	0.7346938775510204	0.40680272108843535	1.0	0.5904761904761905	0.35374149659863946	0.42993197278911566	0.31564625850340133	0.7510204081632653	1.0	0.4666666666666667	1.0	0.9156462585034013	1.0	0.34829931972789113	0.22040816326530613	0.9551020408163265	0.9918367346938776
27323	0.0	0.624561403508772	0.41754385964912283	1.0	0.0	0.0	1.0	0.6842105263157895	0.0	1.0	0.45964912280701753	0.4105263157894737	0.0	0.0	0.7929824561403509	0.8245614035087719	0.0	0.8140350877192982	0.031578947368421054	1.0	0.0	0.0	0.9789473684210527	1.0
27324	0.45345345345345345	0.8828828828828829	0.0	0.5735735735735735	0.2972972972972973	0.0	0.6726726726726727	0.5555555555555556	0.0	1.0	0.7357357357357357	0.7297297297297297	0.0	0.0	0.9279279279279279	1.0	0.0	1.0	0.3303303303303303	1.0	0.06906906906906907	0.0	0.8138138138138138	1.0
27325	0.6155555555555555	1.0	0.8333333333333334	0.9333333333333333	0.0	0.0	0.9333333333333333	0.5422222222222223	0.0	1.0	1.0	0.5266666666666666	0.4866666666666667	0.1711111111111111	0.7222222222222222	1.0	0.0	0.7755555555555556	0.94	1.0	0.0	0.0	1.0	1.0
27326	0.17569444444444443	0.6909722222222222	0.09583333333333334	0.8680555555555556	0.24722222222222223	0.0	0.5520833333333334	0.7465277777777778	0.0	1.0	0.8694444444444445	0.6229166666666667	0.28194444444444444	0.32430555555555557	0.9618055555555556	1.0	0.0	0.8048611111111111	0.7576388888888889	1.0	0.10138888888888889	0.0	0.8902777777777777	1.0
27327	0.0	0.684981684981685	0.3956043956043956	1.0	0.29304029304029305	0.0	0.7802197802197802	0.7692307692307693	0.0	1.0	0.717948717948718	0.7032967032967034	0.0	0.0	0.9047619047619048	1.0	0.0	1.0	0.8498168498168498	1.0	0.39194139194139194	0.0	1.0	1.0
27328	0.0	0.8677621283255086	0.14162754303599373	0.7942097026604069	0.0	0.0	0.554773082942097	0.8912363067292645	0.0	1.0	0.8701095461658842	0.514866979655712	0.0	0.07198748043818466	0.9843505477308294	1.0	0.0	0.827073552425665	0.4225352112676056	1.0	0.07355242566510173	0.0	0.9436619718309859	1.0
27329	0.0	0.89501312335958	0.0	1.0	0.0	0.0	0.7454068241469817	0.5223097112860893	0.0	1.0	1.0	0.6824146981627297	0.0	0.0	0.9921259842519685	1.0	0.0	1.0	0.6614173228346457	1.0	0.0	0.0	0.8713910761154856	1.0
27330	0.14887794198139026	0.8544061302681992	0.30268199233716475	0.6902025177887247	0.0	0.04980842911877394	0.5391351943076081	0.5358511220580187	0.0	1.0	0.746031746031746	0.3760262725779967	0.0	0.1926655719759168	0.8587848932676518	0.9414340448823207	0.10727969348659004	1.0	0.6299945265462507	1.0	0.16529830322933772	0.14668856048166393	0.8932676518883416	1.0
27331	0.49056603773584906	0.7767295597484277	0.2578616352201258	0.6289308176100629	0.0	0.0	0.6415094339622641	0.6477987421383647	0.3553459119496855	1.0	1.0	0.4528301886792453	0.0	0.0	1.0	1.0	0.0	1.0	1.0	1.0	0.0	0.0	1.0	1.0
27332	0.0	0.8681592039800995	0.0	1.0	0.0	0.0	0.44776119402985076	0.9800995024875622	0.0	1.0	1.0	0.41044776119402987	0.0	0.0	0.8059701492537313	1.0	0.0	1.0	0.2512437810945274	1.0	0.21144278606965175	0.0	0.9751243781094527	1.0
27333	0.0	0.29878048780487804	0.0	0.4796747967479675	0.0	0.0	0.15853658536585366	0.07723577235772358	0.0	1.0	0.19308943089430894	0.6117886178861789	0.23983739837398374	0.0	0.6646341463414634	0.8821138211382114	0.0	0.7378048780487805	0.0	0.9552845528455285	0.0	0.0	0.31910569105691056	0.4065040650406504
27334	0.0	0.8170289855072463	0.7391304347826086	0.9891304347826086	0.0	0.0	0.29528985507246375	0.7898550724637681	0.0	1.0	0.9818840579710145	0.20833333333333334	0.15579710144927536	0.0	0.9909420289855072	1.0	0.0	0.9057971014492754	0.7862318840579711	1.0	0.29891304347826086	0.27898550724637683	0.9420289855072463	1.0
27335	0.0	0.7028112449799196	0.16265060240963855	0.8253012048192772	0.0	0.0	0.7028112449799196	0.7389558232931727	0.0	0.9377510040160643	0.9959839357429718	0.5160642570281124	0.0	0.0	0.8654618473895582	1.0	0.0	0.9919678714859438	0.8313253012048193	1.0	0.23493975903614459	0.0	1.0	1.0
27336	0.0	0.8364779874213837	0.9182389937106918	0.8490566037735849	0.0	0.0	0.5723270440251572	1.0	0.0	1.0	1.0	0.9182389937106918	0.0	0.0	1.0	1.0	0.0	1.0	0.6792452830188679	1.0	0.0	0.0	1.0	1.0
27337	0.0	0.48	0.0	1.0	0.0	0.0	0.7866666666666666	0.4577777777777778	0.0	1.0	0.8666666666666667	0.9644444444444444	0.0	0.0	1.0	1.0	0.0	1.0	0.37333333333333335	1.0	0.0	0.0	1.0	1.0
27338	0.0	1.0	0.543859649122807	0.4105263157894737	0.0	0.0	0.2982456140350877	0.0	0.0	1.0	1.0	0.6736842105263158	0.3017543859649123	0.0	0.8807017543859649	1.0	0.0	1.0	1.0	1.0	0.0	0.0	1.0	1.0
27339	0.0	0.5933333333333334	0.0	1.0	0.0	0.0	0.7333333333333333	0.9	0.0	1.0	1.0	1.0	0.38666666666666666	0.30333333333333334	1.0	1.0	0.0	1.0	0.92	1.0	0.71	0.5366666666666666	1.0	1.0
27340	0.0	0.6283185840707964	0.4778761061946903	1.0	0.0	0.6017699115044248	0.5899705014749262	0.8702064896755162	0.0	1.0	0.5899705014749262	0.27728613569321536	0.0	0.0	1.0	1.0	0.0	1.0	0.8348082595870207	1.0	0.0	0.0	1.0	1.0
27341	0.0	0.7232704402515723	0.0	1.0	0.0	0.0	0.7484276729559748	0.6540880503144654	0.0	1.0	0.949685534591195	0.0	0.0	0.0	1.0	0.9937106918238994	0.0	0.5471698113207547	0.6352201257861635	1.0	0.0	0.0	1.0	1.0
27342	0.5900621118012422	0.18633540372670807	0.0	0.9834368530020704	0.0	0.0	0.4616977225672878	0.4492753623188406	0.0	1.0	0.8799171842650103	0.17184265010351968	0.0	0.21739130434782608	0.9648033126293996	1.0	0.0	1.0	0.5652173913043478	1.0	0.23809523809523808	0.0	0.6811594202898551	1.0
27343	0.0	0.6911764705882353	0.0	0.49019607843137253	0.0	0.0	0.0	0.22549019607843138	0.0	1.0	0.0	0.8186274509803921	0.0	0.0	1.0	1.0	0.0	0.9313725490196079	0.8137254901960784	1.0	0.004901960784313725	0.0	0.6911764705882353	1.0
27344	0.0	0.8709677419354839	0.0	0.8225806451612904	0.0	0.0	0.04838709677419355	0.9032258064516129	0.0	1.0	1.0	0.7580645161290323	0.0	0.0	1.0	1.0	0.0	1.0	1.0	1.0	0.0	0.0	1.0	1.0
27345	0.0	0.0	0.22532588454376165	0.9162011173184358	0.0	0.0	0.39664804469273746	0.6238361266294227	0.0	0.8472998137802608	0.8733705772811918	0.7690875232774674	0.0	0.0	1.0	1.0	0.0	0.9106145251396648	0.6294227188081937	1.0	0.0	0.4655493482309125	0.7541899441340782	1.0
27346	0.21931908155186064	0.5122723673792557	0.38163103721298497	0.7474267616785432	0.08155186064924783	0.0	0.6634996041171813	0.6793349168646081	0.0	1.0	0.9422011084718923	0.3673792557403009	0.06096595407759303	0.0	0.9857482185273159	0.9770387965162312	0.0	0.9517022961203484	0.7173396674584323	1.0	0.0	0.0	0.8764845605700713	1.0
27347	0.0	0.3408521303258145	0.0	1.0	0.0	0.0	0.9122807017543859	0.7644110275689223	0.0	1.0	0.37593984962406013	0.38847117794486213	0.0	0.0	0.7869674185463659	1.0	0.0	0.8295739348370927	0.5588972431077694	1.0	0.0	0.0	0.8696741854636592	1.0
27348	0.0	0.3169642857142857	0.0	0.7931547619047619	0.22172619047619047	0.0	0.5520833333333334	0.9910714285714286	0.0	1.0	0.9955357142857143	0.3229166666666667	0.0	0.14583333333333334	0.8720238095238095	1.0	0.27529761904761907	1.0	0.47172619047619047	1.0	0.11904761904761904	0.5699404761904762	1.0	1.0
27349	0.0	0.5683962264150944	0.1434748427672956	0.7354559748427673	0.0	0.0	0.8863993710691824	0.6285377358490566	0.0	1.0	0.9300314465408805	0.360062893081761	0.0	0.10259433962264151	0.8934748427672956	0.952437106918239	0.0	0.9984276729559748	0.5196540880503144	1.0	0.0	0.0	0.8781446540880503	1.0
27350	0.09857723577235772	0.5721544715447154	0.2693089430894309	0.8841463414634146	0.14329268292682926	0.0	0.7459349593495935	0.8241869918699187	0.0	1.0	0.9166666666666666	0.5040650406504065	0.0	0.42886178861788615	0.8790650406504065	1.0	0.0	0.8760162601626016	0.5589430894308943	1.0	0.0	0.0	0.9308943089430894	1.0
27351	0.1282051282051282	0.6282051282051282	0.6657509157509157	0.6978021978021978	0.27564102564102566	0.0	0.7527472527472527	0.489010989010989	0.0	1.0	0.8928571428571429	0.6327838827838828	0.04212454212454213	0.11446886446886446	0.8937728937728938	0.9404761904761905	0.0	0.9120879120879121	0.9047619047619048	1.0	0.0	0.0	0.9624542124542125	1.0
27352	0.8598484848484849	1.0	0.7878787878787878	0.9886363636363636	0.0	0.0	0.9166666666666666	0.0	0.0	1.0	1.0	0.3143939393939394	0.0	0.0	1.0	1.0	0.0	0.8712121212121212	0.3522727272727273	1.0	0.0	0.0	1.0	1.0
27353	0.0	0.7471264367816092	0.20306513409961685	1.0	0.0	0.0	1.0	0.5555555555555556	0.0	1.0	1.0	0.034482758620689655	0.0	0.0	1.0	1.0	0.0	1.0	0.6973180076628352	1.0	0.0	0.5900383141762452	1.0	1.0
27354	0.07916666666666666	0.7979166666666667	0.42916666666666664	0.9125	0.0	0.0	1.0	0.9458333333333333	0.0	1.0	0.96875	0.17708333333333334	0.0	0.0	1.0	1.0	0.0	1.0	1.0	1.0	0.0	0.46875	1.0	1.0
27355	0.0	0.0	0.0	0.9937106918238994	0.0	0.0	0.0	0.2893081761006289	0.0	0.6289308176100629	0.0	0.8490566037735849	0.0	0.0	0.7484276729559748	1.0	0.0	0.0	0.0	0.9371069182389937	0.0	0.0	0.11949685534591195	0.8742138364779874
27356	0.539906103286385	0.2863849765258216	0.7699530516431925	0.9530516431924883	0.11737089201877934	0.0	0.4835680751173709	0.7370892018779343	0.0	0.9953051643192489	0.7605633802816901	0.7230046948356808	0.0	0.6807511737089202	0.92018779342723	0.9953051643192489	0.0	0.9577464788732394	0.5352112676056338	0.9812206572769953	0.0	0.0	0.7276995305164319	0.9107981220657277
27357	0.0	0.7337662337662337	0.0	0.9253246753246753	0.25216450216450215	0.28679653679653677	0.8831168831168831	0.788961038961039	0.0	1.0	1.0	0.7532467532467533	0.0	0.0	1.0	0.9848484848484849	0.0	1.0	0.7922077922077922	1.0	0.0	0.14502164502164502	0.9534632034632035	1.0
27358	0.0	0.0	0.0	0.7619047619047619	0.0	0.6772486772486772	0.5978835978835979	0.9947089947089947	0.0	1.0	1.0	1.0	0.0	0.0	1.0	0.9682539682539683	0.0	1.0	0.9259259259259259	1.0	0.0	0.0	0.9629629629629629	1.0
27359	0.0	0.37777777777777777	0.21169590643274855	0.9228070175438596	0.0	0.0	0.6538011695906433	0.5672514619883041	0.0	1.0	0.9438596491228071	0.38362573099415204	0.0	0.0	1.0	0.9742690058479532	0.0	1.0	0.6807017543859649	1.0	0.0	0.0	0.9380116959064327	1.0
27360	0.0	0.4123456790123457	0.0	0.4049382716049383	0.2271604938271605	0.0	0.8814814814814815	0.5604938271604938	0.0	0.9395061728395062	0.9481481481481482	0.5111111111111111	0.08148148148148149	0.0	0.5246913580246914	1.0	0.0	0.9975308641975309	0.5209876543209877	0.9925925925925926	0.12469135802469136	0.1654320987654321	0.9555555555555556	1.0
27361	0.0	0.5991379310344828	0.2514367816091954	0.8951149425287356	0.0	0.0	0.46120689655172414	0.6824712643678161	0.0	0.9683908045977011	1.0	0.3031609195402299	0.0	0.0	0.9439655172413793	0.9985632183908046	0.0	0.6738505747126436	0.8362068965517241	1.0	0.0	0.0	0.8204022988505747	0.9353448275862069
27362	0.0	0.6319218241042345	0.0	0.9815418023887079	0.1454940282301846	0.0	0.9142236699239956	0.2964169381107492	0.0	1.0	0.9804560260586319	0.31813246471226925	0.13680781758957655	0.2681867535287731	0.9239956568946797	1.0	0.0	1.0	0.4777415852334419	1.0	0.0	0.13789359391965256	1.0	1.0
27363	0.2567829457364341	0.13468992248062014	0.7567829457364341	0.9777131782945736	0.08430232558139535	0.0	0.9408914728682171	0.7936046511627907	0.0	1.0	0.8905038759689923	0.22093023255813954	0.06492248062015504	0.11918604651162791	0.8536821705426356	1.0	0.0	0.9806201550387597	0.6182170542635659	1.0	0.12596899224806202	0.0	0.9544573643410853	1.0
27364	0.1932367149758454	0.11594202898550725	0.00966183574879227	1.0	0.0	0.0	0.6666666666666666	0.5990338164251208	0.0	1.0	1.0	0.8599033816425121	0.0	0.0	1.0	1.0	0.0	0.9951690821256038	1.0	1.0	0.0	0.0	0.5458937198067633	1.0
27365	0.0	0.6583850931677019	0.0	0.9648033126293996	0.0	0.0	0.8136645962732919	0.6169772256728778	0.0	1.0	1.0	0.5113871635610766	0.2981366459627329	0.22153209109730848	0.9813664596273292	1.0	0.0	0.9109730848861284	0.7681159420289855	1.0	0.0	0.0	0.7846790890269151	1.0
27366	0.0	0.6901408450704225	0.0	1.0	0.0	0.0	0.9577464788732394	1.0	0.0	1.0	1.0	0.056338028169014086	0.0	0.0	0.8403755868544601	1.0	0.0	1.0	1.0	1.0	0.0	0.0	1.0	1.0
27367	0.0	0.5777777777777777	0.02857142857142857	0.819047619047619	0.25396825396825395	0.0	0.326984126984127	0.7428571428571429	0.0	1.0	0.9936507936507937	0.6190476190476191	0.0	0.0	0.9428571428571428	1.0	0.0	1.0	0.7095238095238096	1.0	0.0	0.0	0.6238095238095238	1.0
27368	0.0	0.7696267696267697	0.4774774774774775	0.7876447876447876	0.0	0.0	0.7541827541827542	0.9356499356499357	0.0	0.9871299871299871	0.749034749034749	0.48133848133848134	0.0	0.24581724581724582	0.8674388674388674	1.0	0.0	1.0	0.9446589446589446	1.0	0.0	0.3153153153153153	0.8764478764478765	1.0
27369	0.0	0.5911379657603223	0.6918429003021148	1.0	0.09566968781470292	0.0	0.6203423967774421	0.5669687814702921	0.0	0.9828801611278952	0.904330312185297	0.6696878147029205	0.0	0.0	0.9295065458207452	0.9536757301107754	0.0	1.0	0.8197381671701913	1.0	0.0	0.22860020140986909	0.8338368580060423	1.0
27370	0.0	0.46737841043890865	0.0	1.0	0.0	0.0	0.6405693950177936	0.8766310794780545	0.0	1.0	0.8647686832740213	0.29655990510083036	0.16370106761565836	0.0	0.9015421115065243	0.9644128113879004	0.0	0.863582443653618	0.4697508896797153	1.0	0.1257413997627521	0.132858837485172	0.8623962040332147	1.0
27371	0.0	0.8751173708920188	0.0	0.9511737089201878	0.16901408450704225	0.19530516431924883	0.6685446009389672	0.7737089201877935	0.0	1.0	0.8967136150234741	0.28826291079812205	0.10234741784037558	0.11549295774647887	0.8507042253521127	0.9624413145539906	0.0	1.0	0.8009389671361502	1.0	0.0	0.11737089201877934	0.8892018779342723	1.0
27372	0.10306406685236769	0.6787372330547818	0.24419684308263695	0.8161559888579387	0.12534818941504178	0.0	0.8690807799442897	0.7901578458681523	0.0	0.9944289693593314	0.9554317548746518	0.3110492107706592	0.0	0.23491179201485607	0.8885793871866295	1.0	0.0	0.9052924791086351	0.6778087279480037	1.0	0.018570102135561744	0.5468895078922934	0.8170844939647168	1.0
27373	0.7913978494623656	0.9419354838709677	0.0	0.5204301075268817	0.0	0.0	0.8129032258064516	0.7225806451612903	0.0	1.0	0.9591397849462365	0.5290322580645161	0.07311827956989247	0.0	0.8817204301075269	1.0	0.0	0.4258064516129032	0.8236559139784946	1.0	0.13118279569892474	0.3763440860215054	1.0	1.0
27374	0.0	0.8115942028985508	0.05239687848383501	0.9866220735785953	0.0	0.01560758082497213	0.9130434782608695	0.5005574136008919	0.13712374581939799	1.0	0.9832775919732442	0.36677814938684505	0.34002229654403565	0.0	1.0	1.0	0.0	0.9977703455964325	0.48049052396878483	1.0	0.19509476031215162	0.11482720178372352	0.9442586399108138	1.0
27375	0.0	0.6353276353276354	0.33475783475783477	0.9202279202279202	0.25071225071225073	0.07122507122507123	0.7165242165242165	0.5498575498575499	0.0	1.0	0.8831908831908832	0.40028490028490027	0.0	0.0	1.0	1.0	0.10968660968660969	1.0	0.8475783475783476	1.0	0.05413105413105413	0.3190883190883191	0.9387464387464387	1.0
27376	0.4380952380952381	0.6619047619047619	0.10476190476190476	1.0	0.0	0.0	0.48333333333333334	0.19523809523809524	0.0	1.0	0.9666666666666667	0.19523809523809524	0.0	0.0	1.0	1.0	0.0	1.0	0.6571428571428571	1.0	0.0	0.0	0.75	1.0
27377	0.0	0.7282913165266106	0.0	0.5350140056022409	0.0	0.0	0.6470588235294118	0.0	0.0	0.9719887955182073	0.896358543417367	0.927170868347339	0.0	0.0	0.9439775910364145	1.0	0.0	0.969187675070028	0.0	0.9971988795518207	0.0	0.42296918767507	0.6190476190476191	0.9971988795518207
27378	0.0	0.7175925925925926	0.16782407407407407	0.9224537037037037	0.0	0.0	0.8460648148148148	0.5694444444444444	0.0	0.9988425925925926	0.9884259259259259	0.42939814814814814	0.0	0.1701388888888889	0.8449074074074074	1.0	0.0	1.0	0.7291666666666666	1.0	0.0	0.0	0.9178240740740741	1.0
27379	0.4781420765027322	0.8142076502732241	1.0	1.0	0.0	0.0	0.8715846994535519	0.6775956284153005	0.0	1.0	0.9262295081967213	0.8715846994535519	0.0	0.0	0.8087431693989071	1.0	0.0	0.7786885245901639	0.9590163934426229	1.0	0.0	0.0	1.0	1.0
27380	0.0	1.0	0.0	1.0	0.0	0.0	0.9175084175084175	0.4292929292929293	0.0	1.0	1.0	0.569023569023569	0.0	0.16835016835016836	1.0	1.0	0.0	1.0	0.8400673400673401	1.0	0.0	0.3468013468013468	1.0	1.0
27381	0.0	0.7526881720430108	0.946236559139785	0.0	0.0	0.0	0.5698924731182796	1.0	0.0	1.0	0.7204301075268817	0.8010752688172043	0.0	0.08602150537634409	1.0	1.0	0.0	0.6612903225806451	1.0	1.0	0.0	0.0	1.0	1.0
27382	0.0	0.9233333333333333	0.0	0.9966666666666667	0.0	0.0	0.42	0.9966666666666667	0.0	1.0	0.9233333333333333	0.3433333333333333	0.0	0.0	0.8233333333333334	0.9966666666666667	0.0	1.0	0.97	1.0	0.0	0.0	1.0	1.0
27383	0.0	1.0	0.4692556634304207	0.4627831715210356	0.0	0.0	0.3818770226537217	0.3786407766990291	0.0	1.0	1.0	0.9644012944983819	0.0	0.0	1.0	1.0	0.0	1.0	0.3656957928802589	1.0	0.0	0.0	0.6343042071197411	1.0
27384	0.0	1.0	0.0	0.9113680154142582	0.0	0.0	0.5183044315992292	0.9344894026974951	0.0	1.0	0.8670520231213873	0.6339113680154143	0.20616570327552985	0.0	0.9884393063583815	0.9903660886319846	0.0	1.0	0.10982658959537572	1.0	0.0	0.6820809248554913	0.976878612716763	1.0
27385	0.0	0.5333333333333333	0.28888888888888886	1.0	0.0	0.0	1.0	1.0	0.0	1.0	1.0	0.7037037037037037	0.9777777777777777	0.0	0.8518518518518519	1.0	0.0	1.0	0.9851851851851852	1.0	0.0	0.0	1.0	1.0
27386	0.0	0.6601307189542484	0.1830065359477124	0.934640522875817	0.0	0.0	0.8300653594771242	0.7603485838779956	0.0	1.0	1.0	0.3115468409586057	0.0	0.0	0.7973856209150327	1.0	0.644880174291939	1.0	0.6405228758169934	1.0	0.0	0.5337690631808278	0.869281045751634	1.0
27387	0.0	0.07936507936507936	0.12522045855379188	0.7019400352733686	0.0	0.0	0.7125220458553791	0.7336860670194003	0.0	1.0	1.0	0.1763668430335097	0.0	0.4091710758377425	0.6525573192239859	1.0	0.0	0.6613756613756614	0.8412698412698413	1.0	0.0	0.18694885361552027	0.9065255731922398	1.0
27388	0.0	0.7746666666666666	0.15066666666666667	0.7866666666666666	0.0	0.0	0.9386666666666666	0.36133333333333334	0.0	1.0	0.8813333333333333	0.5626666666666666	0.184	0.0	0.9426666666666667	1.0	0.0	1.0	0.908	1.0	0.0	0.3413333333333333	0.9893333333333333	1.0
27389	0.0	0.6452991452991453	0.1752136752136752	0.6581196581196581	0.0	0.0	0.6324786324786325	1.0	0.0	0.8632478632478633	1.0	0.6752136752136753	0.5213675213675214	0.0	1.0	1.0	0.0	0.811965811965812	0.5128205128205128	1.0	0.0	0.0	1.0	1.0
27390	0.0	0.6701030927835051	0.0	0.8075601374570447	0.0	0.2852233676975945	0.6426116838487973	0.7079037800687286	0.0	1.0	1.0	0.7285223367697594	0.4261168384879725	0.0	1.0	1.0	0.0	0.6185567010309279	0.7869415807560137	1.0	0.0	0.0	1.0	1.0
27391	0.0	1.0	0.0	1.0	0.0	0.0	1.0	0.9669669669669669	0.0	1.0	0.8378378378378378	0.3843843843843844	0.0	0.0	1.0	1.0	0.0	1.0	0.6996996996996997	1.0	0.0	0.4984984984984985	0.924924924924925	1.0
27392	0.0	0.6376306620209059	0.41927990708478513	0.7502903600464577	0.0	0.0	0.5981416957026713	0.4448315911730546	0.0	1.0	0.794425087108014	0.6933797909407665	0.24854819976771197	0.0	0.9744483159117305	1.0	0.0	1.0	0.7328687572590011	1.0	0.0	0.281068524970964	1.0	1.0
27393	0.0	0.6111111111111112	0.0	0.9480286738351255	0.0	0.0	0.5931899641577061	0.5806451612903226	0.0	1.0	1.0	0.6863799283154122	0.0	0.0	1.0	1.0	0.0	0.9408602150537635	0.8297491039426523	1.0	0.0	0.0	0.956989247311828	1.0
27394	0.0	0.8812260536398467	0.4508301404853129	0.8531289910600255	0.0	0.0	0.5300127713920817	0.37420178799489145	0.0	1.0	0.9246487867177522	0.46998722860791825	0.15708812260536398	0.10983397190293742	0.7854406130268199	1.0	0.0	0.9514687100893997	0.3614303959131545	0.9629629629629629	0.0	0.0	0.9220945083014048	1.0
27395	0.0	0.9904761904761905	0.0	0.9142857142857143	0.0	0.0	0.8571428571428571	0.0	0.0	0.8952380952380953	0.0	0.0	0.0	0.0	0.9809523809523809	1.0	0.0	1.0	0.0	0.780952380952381	0.0	0.0	0.7333333333333333	0.8666666666666667
27396	0.0	0.0	0.0	0.47845804988662133	0.0	0.0	0.5850340136054422	0.46485260770975056	0.0	0.8299319727891157	0.8095238095238095	0.2199546485260771	0.0	0.0	0.9342403628117913	1.0	0.11337868480725624	1.0	0.0	1.0	0.0	0.0	0.8276643990929705	1.0
27397	0.0	0.9683195592286501	0.21763085399449036	0.4889807162534435	0.0	0.0	0.47520661157024796	0.3581267217630854	0.0	0.9944903581267218	0.6804407713498623	0.6680440771349863	0.06336088154269973	0.1721763085399449	0.8429752066115702	1.0	0.3319559228650138	0.8526170798898072	0.34297520661157027	1.0	0.0	0.349862258953168	0.6900826446280992	1.0
27398	0.0	0.9387254901960784	0.39950980392156865	1.0	0.0	0.0	0.9828431372549019	0.0784313725490196	0.0	1.0	1.0	0.7377450980392157	0.0	0.0	1.0	1.0	0.0	1.0	0.5049019607843137	1.0	0.21323529411764705	0.0	0.803921568627451	1.0
27399	0.0	0.6610878661087866	0.6471408647140865	0.8549511854951185	0.4211994421199442	0.0	0.6276150627615062	0.6331938633193863	0.0	1.0	0.9177126917712691	0.7099023709902371	0.12273361227336123	0.0	1.0	0.9707112970711297	0.0	1.0	0.4490934449093445	1.0	0.11436541143654114	0.0	1.0	1.0
27400	0.0	0.9855072463768116	0.0	0.0	0.0	0.0	0.0	0.0	0.0	1.0	0.0	0.014492753623188406	0.0	0.0	0.8405797101449275	1.0	0.0	0.057971014492753624	0.8115942028985508	1.0	0.0	0.0	1.0	0.9565217391304348
27401	0.0	0.7656765676567657	0.33003300330033003	0.45544554455445546	0.0	0.0	0.504950495049505	1.0	0.0	1.0	0.3333333333333333	0.6138613861386139	0.0	0.37293729372937295	0.9966996699669967	0.7656765676567657	0.0	0.7953795379537953	0.29042904290429045	1.0	0.0	0.0	0.49174917491749176	1.0
27402	0.0	0.8544839255499154	0.26903553299492383	1.0	0.0	0.0	0.949238578680203	0.8460236886632826	0.40439932318104904	0.9983079526226735	0.871404399323181	0.6294416243654822	0.16412859560067683	0.1455160744500846	0.9780033840947546	1.0	0.0	0.961082910321489	0.7800338409475466	1.0	0.0	0.0	0.9018612521150592	1.0
27403	0.0	0.9345238095238095	0.2896825396825397	0.5317460317460317	0.0	0.0	0.9861111111111112	0.8928571428571429	0.0	1.0	0.9265873015873016	0.2619047619047619	0.0	0.3353174603174603	0.9206349206349206	1.0	0.0	1.0	0.9365079365079365	1.0	0.3968253968253968	0.0	0.9603174603174603	1.0
27404	0.0	0.49415204678362573	0.0	0.8947368421052632	0.0	0.0	0.6783625730994152	0.5526315789473685	0.0	1.0	0.827485380116959	0.0	0.0	0.07309941520467836	1.0	1.0	0.0	0.9707602339181286	0.10526315789473684	1.0	0.0	0.4415204678362573	1.0	1.0
27405	0.5297619047619048	0.8898809523809523	0.5555555555555556	0.814484126984127	0.2152777777777778	0.3878968253968254	0.9275793650793651	0.8303571428571429	0.09226190476190477	1.0	1.0	0.6121031746031746	0.5793650793650794	0.689484126984127	1.0	1.0	0.2876984126984127	1.0	0.8075396825396826	1.0	0.5615079365079365	0.5128968253968254	0.9732142857142857	1.0
27406	0.0	0.6941176470588235	0.27058823529411763	0.9137254901960784	0.0	0.0	1.0	0.4196078431372549	0.0	1.0	0.596078431372549	0.6823529411764706	0.8745098039215686	0.0	1.0	1.0	0.0	1.0	0.7176470588235294	1.0	0.0	0.0	1.0	1.0
27407	0.0	0.475	0.0	0.9333333333333333	0.0	0.0	1.0	0.6916666666666667	0.0	1.0	1.0	0.6291666666666667	0.0	0.0	1.0	1.0	0.0	1.0	0.975	1.0	0.0	0.0	1.0	1.0
27408	0.0	1.0	0.0	1.0	0.0	0.0	0.5111111111111111	1.0	0.0	1.0	0.5777777777777777	0.9166666666666666	0.0	0.0	1.0	1.0	0.0	1.0	1.0	1.0	0.0	0.0	1.0	1.0
27409	0.0	0.6821705426356589	0.0	0.6873385012919897	0.0	0.0	1.0	0.7054263565891473	0.0	1.0	1.0	0.3875968992248062	0.0	0.2144702842377261	1.0	1.0	0.0	1.0	0.12403100775193798	1.0	0.3462532299741602	0.0	0.6356589147286822	1.0
27410	0.0	0.7222222222222222	0.3627450980392157	0.9901960784313726	0.3333333333333333	0.0	0.6699346405228758	0.9934640522875817	0.0	1.0	0.9052287581699346	0.9084967320261438	0.7647058823529411	0.6797385620915033	1.0	1.0	0.4934640522875817	1.0	0.37254901960784315	1.0	0.0	0.0	0.8954248366013072	1.0
27411	0.0	0.6041666666666666	0.0	0.0	0.4479166666666667	0.0	0.0	1.0	0.0	1.0	0.5520833333333334	0.0	0.0	0.0	0.0	0.4375	0.0	0.59375	1.0	1.0	0.0	0.0	0.5729166666666666	1.0
27412	0.0	0.8840579710144928	0.4614797864225782	0.8871090770404272	0.2654462242562929	0.0	0.5942028985507246	0.6720061022120518	0.0	1.0	1.0	0.43707093821510296	0.3287566742944317	0.0	0.9336384439359268	1.0	0.0	1.0	0.9290617848970252	1.0	0.0	0.0	0.9435545385202135	1.0
27413	0.22520507084265473	0.8135719612229679	0.20879940343027592	1.0	0.0	0.0	0.7479492915734527	0.8173005219985086	0.0	1.0	0.9753914988814317	0.4168530947054437	0.0	0.39970171513795677	1.0	1.0	0.0	0.7755406413124534	0.7390007457121551	1.0	0.0	0.0	0.9888143176733781	1.0
27414	0.0	0.7728613569321534	0.27728613569321536	1.0	0.0	0.0	0.8672566371681416	0.855457227138643	0.0	1.0	1.0	0.5988200589970502	0.0	0.1710914454277286	1.0	1.0	0.0	1.0	0.5988200589970502	1.0	0.0	0.2949852507374631	1.0	1.0
27415	0.0	0.1400304414003044	0.2207001522070015	0.817351598173516	0.0	0.2191780821917808	0.9010654490106544	0.0	0.0	1.0	1.0	0.6057838660578386	0.0	0.0	0.893455098934551	0.9954337899543378	0.0	0.878234398782344	0.2572298325722983	1.0	0.0	0.4048706240487062	0.882800608828006	1.0
27416	0.0	1.0	0.0	1.0	0.0	0.0	0.3991228070175439	0.37719298245614036	0.0	0.9649122807017544	0.793859649122807	0.18859649122807018	0.0	0.0	0.9736842105263158	0.7543859649122807	0.0	0.9517543859649122	1.0	0.9912280701754386	0.0	0.0	0.706140350877193	0.9912280701754386
27417	0.0	0.3333333333333333	0.0	0.28888888888888886	0.0	0.0	1.0	0.8177777777777778	0.0	1.0	1.0	0.0	0.0	0.0	1.0	1.0	0.0	1.0	0.68	1.0	0.0	0.0	0.9066666666666666	1.0
27418	0.27076923076923076	0.8789743589743589	0.24	0.9220512820512821	0.0	0.0	1.0	0.7548717948717949	0.0	1.0	0.9948717948717949	0.4307692307692308	0.1158974358974359	0.0	0.9774358974358974	1.0	0.0	0.9261538461538461	0.7158974358974359	1.0	0.1282051282051282	0.49128205128205127	0.9641025641025641	1.0
27419	0.0	0.0	0.0	0.8256410256410256	0.0	0.0	0.9333333333333333	0.0	0.0	1.0	0.49743589743589745	0.0	0.0	0.0	1.0	1.0	0.0	0.6102564102564103	0.0	1.0	0.0	0.0	0.7487179487179487	1.0
27420	0.0	1.0	0.0	0.9476190476190476	0.0	0.0	0.9714285714285714	0.32857142857142857	0.0	1.0	1.0	1.0	0.0	0.0	1.0	1.0	0.0	0.8809523809523809	0.0	1.0	0.0	0.0	0.8285714285714286	1.0
27421	0.0	0.5781990521327014	0.0	1.0	0.0	0.0	0.5829383886255924	0.5924170616113744	0.13270142180094788	1.0	0.985781990521327	0.5703001579778831	0.26224328593996843	0.12796208530805686	0.9794628751974723	1.0	0.0	0.8420221169036335	0.8830963665086888	1.0	0.0	0.0	0.9178515007898894	1.0
27422	0.0	0.0	0.0	0.954248366013072	0.0	0.0	0.0	1.0	0.6339869281045751	1.0	0.5882352941176471	0.0	0.0	0.013071895424836602	0.08496732026143791	1.0	0.0	0.9934640522875817	0.0	1.0	0.0	1.0	0.8823529411764706	1.0
27423	0.0	0.1391941391941392	0.7655677655677655	1.0	0.0	0.0	0.6959706959706959	0.46886446886446886	0.0	1.0	1.0	0.5677655677655677	0.0	0.0	0.6190476190476191	1.0	0.0	0.047619047619047616	0.7838827838827839	0.8937728937728938	0.23076923076923078	0.0	1.0	1.0
27424	0.0	0.0	0.0	0.6538461538461539	0.0	0.0	0.6452991452991453	0.8675213675213675	0.0	0.6923076923076923	0.782051282051282	0.0	0.0	0.0	0.8247863247863247	1.0	0.004273504273504274	1.0	0.0	0.8247863247863247	0.0	0.0	1.0	1.0
27425	0.0	1.0	0.06606606606606606	0.45645645645645644	0.08108108108108109	0.6546546546546547	0.35435435435435436	0.8438438438438438	0.0	1.0	0.9309309309309309	0.26126126126126126	0.32732732732732733	0.0	0.9039039039039038	0.9159159159159159	0.0	0.9279279279279279	0.3813813813813814	0.8828828828828829	0.0	0.0	0.8828828828828829	1.0
27426	0.0	0.4954022988505747	0.0	0.9747126436781609	0.19655172413793104	0.0	0.34942528735632183	0.6310344827586207	0.0	1.0	0.7896551724137931	0.5735632183908046	0.04367816091954023	0.09425287356321839	0.9402298850574713	1.0	0.0	1.0	0.9620689655172414	1.0	0.0	0.0	0.903448275862069	1.0
27427	0.0	0.8434343434343434	0.0	0.10101010101010101	0.0	0.0	0.9393939393939394	0.0	0.0	1.0	1.0	0.6464646464646465	0.0	0.0	0.9595959595959596	1.0	0.0	1.0	0.8585858585858586	1.0	0.0	0.4494949494949495	0.9848484848484849	1.0
27428	0.0	0.6911764705882353	0.0	0.6715686274509803	0.0	0.0	0.25980392156862747	0.31862745098039214	0.0	1.0	0.8308823529411765	0.3161764705882353	0.25245098039215685	0.3284313725490196	0.9313725490196079	1.0	0.0	1.0	0.6764705882352942	1.0	0.0	0.0	0.9215686274509803	1.0
27429	0.0	0.7474747474747475	0.0	0.8787878787878788	0.0	0.0	0.0	0.2760942760942761	0.0	1.0	0.9932659932659933	0.0	0.0	0.4511784511784512	1.0	1.0	0.0	1.0	0.8585858585858586	1.0	0.4276094276094276	0.0	1.0	1.0
27430	0.0	0.9929078014184397	0.35697399527186763	0.2033096926713948	0.0	0.0	0.35697399527186763	0.08274231678486997	0.0	1.0	0.49645390070921985	0.408983451536643	0.7115839243498818	0.0	0.9787234042553191	1.0	0.0	0.8581560283687943	1.0	1.0	0.6217494089834515	0.0	0.6643026004728132	0.9479905437352246
27431	0.0	0.4523809523809524	0.0	0.0	0.0	0.0	0.0	0.9387755102040817	0.0	0.5136054421768708	0.7142857142857143	0.02040816326530612	0.0	0.0	0.6292517006802721	0.9625850340136054	0.0	0.48639455782312924	0.0	0.7721088435374149	0.0	0.0	0.5068027210884354	0.8945578231292517
27432	0.0	0.0	0.0	0.0	0.0	0.0	0.0	0.12056737588652482	0.0	1.0	0.8439716312056738	0.0	0.0	0.0	0.0	0.8439716312056738	0.0	1.0	0.0	0.6524822695035462	0.0	0.0	0.6453900709219859	0.9645390070921985
27433	0.0	0.969047619047619	0.0	0.4142857142857143	0.36428571428571427	0.49523809523809526	0.7261904761904762	0.48095238095238096	0.0	1.0	1.0	0.9333333333333333	0.0	0.0	1.0	1.0	0.0	1.0	1.0	1.0	0.2833333333333333	0.6023809523809524	0.9833333333333333	1.0
27434	0.18571428571428572	0.9476190476190476	0.0	1.0	0.6190476190476191	0.0	0.6142857142857143	1.0	0.0	1.0	0.7857142857142857	0.0	0.0	0.29523809523809524	0.7238095238095238	1.0	0.0	1.0	0.0	1.0	0.0	0.9	1.0	1.0
27435	0.0	0.9215686274509803	0.4235294117647059	1.0	0.0	0.0	0.7215686274509804	1.0	0.0	1.0	1.0	0.5137254901960784	0.45098039215686275	0.0	1.0	1.0	0.0	1.0	0.6	1.0	0.0	0.6509803921568628	0.9098039215686274	1.0
27436	0.0	0.6850393700787402	0.5931758530183727	0.8923884514435696	0.0	0.0	0.8267716535433071	0.6666666666666666	0.0	1.0	0.4409448818897638	0.7270341207349081	0.0	0.0	1.0	1.0	0.0	1.0	0.8976377952755905	1.0	0.0	0.0	0.9002624671916011	1.0
27437	0.0	1.0	0.357429718875502	1.0	0.07630522088353414	0.0	0.8232931726907631	0.0	0.0	1.0	0.5020080321285141	0.42971887550200805	0.0	0.0	1.0	1.0	0.0	1.0	0.7108433734939759	1.0	0.20080321285140562	0.27309236947791166	0.8192771084337349	1.0
27438	0.0	0.7438095238095238	0.14095238095238094	0.8819047619047619	0.0	0.0	0.9457142857142857	0.6685714285714286	0.0	1.0	0.8647619047619047	0.6485714285714286	0.0	0.40285714285714286	0.939047619047619	0.9666666666666667	0.0	1.0	0.7485714285714286	1.0	0.1580952380952381	0.0	0.9476190476190476	1.0
27439	0.0	0.7101449275362319	0.0	0.0	0.0	0.0	0.0	0.0	0.0	0.0	1.0	0.0	0.0	0.0	0.0	1.0	0.0	0.9927536231884058	0.0	0.043478260869565216	0.0	0.0	0.4492753623188406	0.2391304347826087
27440	0.0	0.9027777777777778	0.0	0.9131944444444444	0.0	0.3368055555555556	0.5381944444444444	0.5277777777777778	0.0	1.0	0.8125	0.7708333333333334	0.0	0.0	0.9618055555555556	1.0	0.0	1.0	0.7326388888888888	1.0	0.0	0.0	0.8819444444444444	1.0
27441	0.0	0.1649122807017544	0.0	0.7263157894736842	0.0	0.0	0.8140350877192982	0.9508771929824561	0.0	1.0	0.9333333333333333	0.43508771929824563	0.0	0.0	1.0	0.9789473684210527	0.0	1.0	0.6666666666666666	1.0	0.0	0.19649122807017544	0.9508771929824561	1.0
27442	0.0	0.0502283105022831	0.0	1.0	0.0	0.0	0.5707762557077626	0.8356164383561644	0.0	1.0	1.0	0.8949771689497716	0.0	0.0	0.9634703196347032	1.0	0.0	1.0	0.7123287671232876	1.0	0.0	0.0	1.0	1.0
27443	0.0	0.43097643097643096	0.13804713804713806	0.3939393939393939	0.0	0.0	0.8063973063973064	0.6464646464646465	0.0	1.0	0.7239057239057239	0.2474747474747475	0.0	0.0	0.8636363636363636	0.9562289562289562	0.0	0.9259259259259259	0.2727272727272727	1.0	0.2474747474747475	0.2828282828282828	0.5976430976430976	1.0
27444	0.0	0.7792207792207793	0.0	1.0	0.0	0.0	0.948051948051948	1.0	0.0	1.0	1.0	0.6103896103896104	0.0	0.0	1.0	1.0	0.0	1.0	1.0	1.0	0.0	0.0	1.0	1.0
27445	0.0	0.34782608695652173	0.0	0.557487922705314	0.0	0.0	0.6173913043478261	0.4782608695652174	0.0	0.9990338164251208	0.7584541062801933	0.3864734299516908	0.0	0.0	0.6898550724637681	0.8946859903381642	0.0	0.8521739130434782	0.6231884057971014	0.8753623188405797	0.0	0.0	0.8396135265700483	0.8975845410628019
27446	0.0	0.6161616161616161	0.0	0.6738816738816739	0.0	0.0	0.8398268398268398	0.9278499278499278	0.1746031746031746	1.0	0.8773448773448773	0.48773448773448774	0.0	0.0	0.8542568542568543	1.0	0.0	0.9422799422799423	0.683982683982684	1.0	0.0	0.3694083694083694	0.8311688311688312	1.0
27447	0.0	0.7465362673186634	0.3113284433577832	0.8720456397718012	0.0	0.0	0.837000814995925	0.6462917685411573	0.0	0.9942950285248574	0.8312958435207825	0.4767726161369193	0.22819885900570497	0.2885085574572127	0.9779951100244498	1.0	0.0	0.9462102689486552	0.784841075794621	1.0	0.06927465362673187	0.22901385493072535	0.9152404237978811	1.0
27448	0.0	0.0	0.0	0.0	0.0	0.0	0.35185185185185186	0.5888888888888889	0.0	0.7592592592592593	0.8222222222222222	0.1259259259259259	0.0	0.0	0.3	0.762962962962963	0.0	0.6851851851851852	0.3148148148148148	0.9814814814814815	0.0	0.0	0.762962962962963	0.9740740740740741
27449	0.0	0.935672514619883	0.02729044834307992	0.9161793372319688	0.02729044834307992	0.0	1.0	0.8732943469785575	0.0	1.0	0.8752436647173489	0.3645224171539961	0.2553606237816764	0.0	0.7641325536062378	0.9473684210526315	0.0	0.9980506822612085	0.5321637426900585	1.0	0.0	0.0	0.8499025341130604	1.0
27450	0.0	0.8	0.0	0.416	0.408	0.0	0.92	0.6826666666666666	0.0	1.0	0.224	0.328	0.0	0.0	0.8746666666666667	1.0	0.0	1.0	0.4026666666666667	1.0	0.4693333333333333	0.0	0.9253333333333333	1.0
27451	0.0	1.0	0.2670250896057348	0.942652329749104	0.0	0.0	0.6344086021505376	0.9838709677419355	0.0	1.0	0.8763440860215054	0.28136200716845877	0.17562724014336917	0.0	0.9354838709677419	1.0	0.0	0.9193548387096774	0.8082437275985663	1.0	0.0	0.0	0.7652329749103942	1.0
27452	0.0	0.6591970121381886	0.226890756302521	0.7600373482726424	0.37068160597572364	0.0	0.76937441643324	0.7917833800186741	0.10550887021475257	0.9430438842203548	0.988795518207283	0.13352007469654528	0.0	0.0896358543417367	0.9505135387488328	1.0	0.0	0.8627450980392157	0.7432306255835668	1.0	0.0	0.0	0.9169000933706816	1.0
27453	0.0	0.7492877492877493	0.0	1.0	0.0	0.0	1.0	0.8917378917378918	0.0	1.0	1.0	0.21367521367521367	0.0	0.25925925925925924	0.8290598290598291	1.0	0.0	1.0	0.8547008547008547	1.0	0.0	0.0	0.9259259259259259	1.0
27454	0.0	0.5852490421455939	0.17337164750957854	0.7059386973180076	0.18486590038314177	0.0	0.6733716475095786	0.7308429118773946	0.0	0.9588122605363985	0.9865900383141762	0.4118773946360153	0.15517241379310345	0.01532567049808429	0.842911877394636	1.0	0.0	0.8840996168582376	0.5967432950191571	1.0	0.0	0.4664750957854406	0.9540229885057471	0.9923371647509579
27455	0.0	1.0	0.0	1.0	0.0	0.0	0.0	0.0	0.0	1.0	0.01282051282051282	0.0	0.0	0.0	0.6794871794871795	1.0	0.0	1.0	0.9871794871794872	1.0	0.0	0.0	0.2948717948717949	1.0
27456	0.0	0.0784313725490196	0.0	0.7328431372549019	0.0	0.0	0.8676470588235294	0.08823529411764706	0.0	1.0	0.9607843137254902	0.6299019607843137	0.0	0.23774509803921567	1.0	1.0	0.0	0.928921568627451	0.22303921568627452	1.0	0.0	0.0	0.9215686274509803	1.0
27457	0.0	1.0	0.0	1.0	0.0	0.0	0.24444444444444444	0.37777777777777777	0.0	1.0	1.0	1.0	0.0	0.0	1.0	1.0	0.0	1.0	1.0	1.0	0.0	0.0	1.0	1.0
27458	0.0	0.05	0.008333333333333333	0.8458333333333333	0.0	0.0	0.9041666666666667	0.4583333333333333	0.0	1.0	1.0	0.0	0.0	0.0	1.0	1.0	0.0	1.0	0.2791666666666667	1.0	0.0	0.0	0.9208333333333333	1.0
27459	0.0	0.7722222222222223	0.28888888888888886	0.9430555555555555	0.0	0.0	0.7555555555555555	0.7513888888888889	0.0	1.0	1.0	0.6041666666666666	0.0	0.0	0.8638888888888889	1.0	0.0	0.9986111111111111	0.5097222222222222	1.0	0.03194444444444444	0.030555555555555555	1.0	1.0
27460	0.0	1.0	0.4086629001883239	0.8662900188323918	0.4030131826741996	0.0	0.4651600753295669	0.8870056497175142	0.0	1.0	1.0	0.3182674199623352	0.0	0.3258003766478343	0.9792843691148776	1.0	0.0	0.9265536723163842	0.615819209039548	1.0	0.5951035781544256	0.2015065913370998	1.0	1.0
27461	0.0	0.4879725085910653	1.0	1.0	0.0	0.0	0.8625429553264605	0.9243986254295533	0.0	1.0	1.0	0.6288659793814433	0.0	0.0	1.0	1.0	0.0	1.0	0.8865979381443299	1.0	0.5429553264604811	0.0	1.0	1.0
27462	0.0	0.30448717948717946	0.0	1.0	0.0	0.13782051282051283	0.9166666666666666	0.6089743589743589	0.0	1.0	1.0	0.7756410256410257	0.5288461538461539	0.4967948717948718	1.0	1.0	0.0	1.0	0.8237179487179487	1.0	0.0	0.2532051282051282	1.0	1.0
27463	0.0	1.0	0.0	0.867003367003367	0.0	0.0	0.7407407407407407	0.5538720538720538	0.0	1.0	1.0	0.9932659932659933	0.0	0.2558922558922559	0.9444444444444444	1.0	0.0	0.9747474747474747	1.0	1.0	0.35353535353535354	0.0	0.9292929292929293	1.0
27464	0.0	0.5671140939597316	0.30089485458612975	0.9340044742729307	0.36017897091722595	0.0	0.5100671140939598	0.5973154362416108	0.19686800894854586	1.0	1.0	0.34675615212527966	0.13982102908277405	0.0	0.6241610738255033	1.0	0.18456375838926176	0.9720357941834452	0.8512304250559284	1.0	0.2975391498881432	0.0	0.8612975391498882	1.0
27465	0.0	0.9326765188834154	0.4663382594417077	0.42857142857142855	0.18555008210180624	0.0	0.46798029556650245	0.7011494252873564	0.0	0.9983579638752053	0.8505747126436781	0.6633825944170771	0.0	0.17077175697865354	0.6617405582922824	1.0	0.0	0.8374384236453202	0.8571428571428571	0.9819376026272578	0.19047619047619047	0.0	0.9737274220032841	0.9819376026272578
27466	0.5136054421768708	0.23129251700680273	0.0	1.0	0.0	0.0	0.8095238095238095	0.3741496598639456	0.0	1.0	1.0	1.0	0.0	0.0	0.9965986394557823	0.9251700680272109	0.0	0.9251700680272109	0.391156462585034	0.9591836734693877	0.0	0.0	0.5170068027210885	1.0
27467	0.0	0.595679012345679	0.3148148148148148	0.7561728395061729	0.10596707818930041	0.0	0.977366255144033	0.8343621399176955	0.0	1.0	0.911522633744856	0.51440329218107	0.0	0.0	0.8899176954732511	0.9629629629629629	0.0	0.831275720164609	0.31790123456790126	1.0	0.15843621399176955	0.10082304526748971	1.0	1.0
27468	0.0	0.8090277777777778	0.09722222222222222	0.6527777777777778	0.125	0.0	0.7604166666666666	0.9131944444444444	0.0	1.0	1.0	0.8298611111111112	0.0	0.0	1.0	1.0	0.0	0.8368055555555556	0.6319444444444444	1.0	0.0	0.0	0.65625	1.0
27469	0.0	0.9567901234567902	0.5041152263374485	0.44238683127572015	0.0	0.0	0.5864197530864198	0.6646090534979424	0.0	1.0	1.0	0.8600823045267489	0.0	0.0	0.8703703703703703	1.0	0.0	1.0	0.6193415637860082	1.0	0.2222222222222222	0.0	0.8909465020576132	1.0
27470	0.0	0.9322033898305084	0.3559322033898305	1.0	0.0	0.0	0.8135593220338984	0.4463276836158192	0.0	1.0	1.0	0.7146892655367232	0.0	0.0	0.9491525423728814	1.0	0.0	1.0	0.9858757062146892	1.0	0.0	0.0	0.923728813559322	1.0
27471	0.0	0.42338072669826227	0.18167456556082148	0.9162717219589257	0.0	0.0	0.02527646129541864	0.5924170616113744	0.0	1.0	0.7946287519747235	0.6998420221169036	0.47709320695102686	0.0	0.9004739336492891	1.0	0.0	1.0	0.6477093206951027	1.0	0.0	0.0	0.9462875197472354	1.0
27472	0.0	0.20408163265306123	0.7346938775510204	1.0	0.0	0.0	0.8673469387755102	0.9183673469387755	0.0	1.0	0.5952380952380952	0.5578231292517006	0.0	0.0	1.0	1.0	0.0	1.0	1.0	1.0	0.0	0.0	0.9829931972789115	1.0
27473	0.0	0.5593869731800766	0.15708812260536398	0.19540229885057472	0.0	0.0	0.17624521072796934	0.7586206896551724	0.0	1.0	0.9195402298850575	0.0	0.0	0.0	0.7049808429118773	0.578544061302682	0.0	1.0	0.0	1.0	0.0	0.0	0.4329501915708812	0.9157088122605364
27474	0.053914674167838725	0.5199249882794187	0.0	0.7449601500234412	0.0	0.0	0.7051101734646038	0.5002344116268167	0.06000937646507267	1.0	0.8935771214252227	0.39709329582747305	0.0	0.0	0.8457571495546179	0.9737458977965308	0.0	0.9695264885138303	0.556024378809189	1.0	0.0	0.09798406000937647	0.7641819034224098	1.0
27475	0.0	0.2248062015503876	0.7674418604651163	0.9870801033591732	0.3798449612403101	0.0	0.7183462532299741	0.8087855297157622	0.3979328165374677	1.0	0.7596899224806202	0.4134366925064599	0.0	0.3333333333333333	0.3462532299741602	1.0	0.0	1.0	0.7131782945736435	1.0	0.0	0.0	0.5788113695090439	1.0
27476	0.0	0.0	0.0	1.0	0.0	0.0	0.0	0.12745098039215685	0.0	1.0	0.7352941176470589	0.39215686274509803	0.0	0.0	0.0	1.0	0.0	1.0	1.0	1.0	0.0	0.19607843137254902	1.0	1.0
27477	0.0	0.0	0.0	0.75	0.0	0.0	0.0	0.0	0.0	1.0	0.5793650793650794	0.2857142857142857	0.0	0.0	0.25793650793650796	0.9404761904761905	0.0	1.0	0.4523809523809524	1.0	0.6428571428571429	0.9880952380952381	0.8809523809523809	1.0
27478	0.0	0.6526526526526526	0.3033033033033033	0.986986986986987	0.0	0.0	0.6626626626626627	0.4954954954954955	0.13013013013013014	1.0	0.913913913913914	0.5245245245245245	0.0	0.0	0.8998998998998999	0.994994994994995	0.0	0.8088088088088088	0.35835835835835833	1.0	0.0	0.16516516516516516	1.0	1.0
27479	0.0	0.471976401179941	0.0	0.9542772861356932	0.0	0.0	0.8775811209439528	0.13569321533923304	0.0	1.0	0.803834808259587	0.44542772861356933	0.0	0.0	1.0	1.0	0.0	1.0	0.5855457227138643	1.0	0.0	0.2182890855457227	1.0	1.0
27480	0.22741433021806853	0.21495327102803738	0.4205607476635514	0.6386292834890965	0.0	0.0	0.7102803738317757	0.6137071651090342	0.0	1.0	0.7507788161993769	0.616822429906542	0.0	0.3146417445482866	0.7507788161993769	0.9065420560747663	0.2367601246105919	1.0	0.8099688473520249	1.0	0.2616822429906542	0.0	1.0	1.0
27481	0.10042735042735043	0.9337606837606838	0.0	0.9658119658119658	0.0	0.0	0.6517094017094017	0.8632478632478633	0.0	1.0	0.6175213675213675	0.19444444444444445	0.0	0.1987179487179487	0.9188034188034188	1.0	0.2094017094017094	1.0	0.8995726495726496	1.0	0.0	0.0	0.7649572649572649	1.0
27482	0.0	0.025	0.0	0.9083333333333333	0.0	0.0	1.0	0.5916666666666667	0.0	1.0	0.38333333333333336	0.0	0.0	0.0	0.49166666666666664	1.0	0.0	0.8	0.19166666666666668	1.0	0.0	0.0	1.0	1.0
27483	0.0	0.41013071895424835	0.0	0.5359477124183006	0.14705882352941177	0.0	0.5228758169934641	0.31209150326797386	0.0784313725490196	1.0	0.8480392156862745	0.6781045751633987	0.14052287581699346	0.0	0.9591503267973857	0.9820261437908496	0.0	0.9509803921568627	0.8660130718954249	1.0	0.0	0.0	0.6650326797385621	1.0
27484	0.0	0.6149870801033591	0.0	0.6511627906976745	0.0	0.0	0.8165374677002584	0.0	0.0	1.0	0.6356589147286822	0.21188630490956073	0.0	0.27906976744186046	0.6149870801033591	0.8397932816537468	0.0	0.6175710594315246	1.0	1.0	0.0	0.0	0.7364341085271318	1.0
27485	0.0	0.9206349206349206	0.0	0.6444444444444445	0.0	0.0	0.6412698412698413	0.726984126984127	0.0	1.0	1.0	0.4253968253968254	0.0	0.33015873015873015	0.9047619047619048	1.0	0.0	0.6666666666666666	0.8412698412698413	1.0	0.0	0.0	1.0	1.0
27486	0.0	0.0	0.0	0.9292929292929293	0.0	0.0	0.0	0.5454545454545454	0.0	1.0	0.9696969696969697	0.0	0.0	0.0	1.0	1.0	0.0	0.5959595959595959	0.0	1.0	0.0	0.0	0.0	0.9797979797979798
27487	0.0	0.4888888888888889	0.0	0.5851851851851851	0.0	0.0	0.8444444444444444	0.0	0.0	0.8740740740740741	0.9666666666666667	0.17407407407407408	0.0	0.0	0.9888888888888889	0.8703703703703703	0.0	0.9148148148148149	0.4888888888888889	1.0	0.3111111111111111	0.0	0.6111111111111112	0.9888888888888889
27488	0.0	0.578042328042328	0.0	0.9656084656084656	0.0	0.0	0.4695767195767196	0.7261904761904762	0.13756613756613756	1.0	0.7328042328042328	0.3915343915343915	0.0	0.062169312169312166	0.9788359788359788	0.9431216931216931	0.0	1.0	0.7394179894179894	1.0	0.0	0.0	0.7129629629629629	1.0
27489	0.0	0.4444444444444444	0.0	0.7509578544061303	0.0	0.0	0.8850574712643678	0.7049808429118773	0.0	1.0	1.0	0.6551724137931034	0.0	0.3793103448275862	1.0	1.0	0.0	1.0	1.0	1.0	0.0	0.0	0.7126436781609196	1.0
27490	0.0	0.9372937293729373	0.13366336633663367	0.8646864686468647	0.0	0.0	0.698019801980198	0.858085808580858	0.0	1.0	0.8828382838283828	0.905940594059406	0.0	0.0	0.9488448844884488	0.9983498349834984	0.0	0.995049504950495	0.6072607260726073	1.0	0.0858085808580858	0.23102310231023102	0.858085808580858	1.0
27491	0.0	0.3035509736540664	0.25773195876288657	0.7605956471935853	0.18671248568155785	0.0	0.5853379152348225	0.5280641466208477	0.0	1.0	0.9553264604810997	0.44558991981672397	0.145475372279496	0.0	0.9908361970217641	1.0	0.0	0.8052691867124857	0.5876288659793815	1.0	0.0	0.0	0.9415807560137457	1.0
27492	0.0	0.8126232741617357	0.0	1.0	0.0	0.0	0.9704142011834319	0.3076923076923077	0.0	1.0	1.0	0.5700197238658777	0.0	0.0	0.7928994082840237	1.0	0.0	0.9191321499013807	0.5621301775147929	1.0	0.0	0.0	0.9072978303747534	1.0
27493	0.43647234678624813	0.7458893871449925	0.3781763826606876	0.6920777279521674	0.10762331838565023	0.0	0.5994020926756353	0.6666666666666666	0.0	1.0	0.9985052316890882	0.2944693572496263	0.0	0.0	0.9596412556053812	1.0	0.0	0.9312406576980568	0.617339312406577	1.0	0.16143497757847533	0.0	0.9790732436472347	1.0
27494	0.0	0.0	0.0	0.8160919540229885	0.0	0.0	0.6206896551724138	0.8735632183908046	0.0	0.8160919540229885	1.0	0.0	0.0	1.0	0.5172413793103449	0.8735632183908046	0.0	0.0	0.9655172413793104	1.0	0.0	0.0	0.28735632183908044	1.0
27495	0.0	0.789308176100629	0.0	1.0	0.0	0.2610062893081761	0.8805031446540881	0.8050314465408805	0.0	1.0	0.89937106918239	0.9433962264150944	0.0	0.949685534591195	0.789308176100629	1.0	0.4748427672955975	0.89937106918239	0.6320754716981132	0.9213836477987422	0.0	0.0	0.9685534591194969	1.0
27496	0.0	0.9596602972399151	0.16454352441613587	0.8959660297239915	0.1932059447983015	0.0	0.8057324840764332	0.7664543524416136	0.0	1.0	0.9798301486199575	0.7165605095541401	0.18365180467091294	0.2749469214437367	1.0	1.0	0.0	1.0	0.49469214437367304	1.0	0.3195329087048832	0.1602972399150743	0.8577494692144374	1.0
27497	0.0	0.2289308176100629	0.2981132075471698	0.40125786163522015	0.0	0.0	0.26666666666666666	0.49433962264150944	0.0	0.9748427672955975	0.4389937106918239	0.2	0.0	0.00880503144654088	0.9685534591194969	0.9811320754716981	0.0	0.8075471698113208	0.6943396226415094	1.0	0.013836477987421384	0.379874213836478	0.8817610062893082	1.0
27498	0.0	0.5474095796676441	0.30596285434995113	0.7712609970674487	0.0	0.0	0.4398826979472141	0.5161290322580645	0.02737047898338221	0.8005865102639296	0.83088954056696	0.47702834799608995	0.010752688172043012	0.0	1.0	0.873900293255132	0.0	0.9794721407624634	0.3734115347018573	0.9980449657869013	0.0	0.0	0.9716520039100685	1.0
27499	0.0	0.6355382619974059	0.0	0.7859922178988327	0.17769130998702984	0.0	0.9753566796368353	0.29961089494163423	0.2490272373540856	1.0	1.0	0.9948119325551232	0.23994811932555124	0.0	0.9831387808041504	1.0	0.0	0.9662775616083009	0.880674448767834	1.0	0.0	0.0	0.8326848249027238	1.0
27500	0.0	0.9287749287749287	0.3855650522317189	0.9819563152896487	0.30484330484330485	0.0	0.842355175688509	0.6818613485280152	0.0	1.0	0.7834757834757835	0.4482431149097816	0.0778727445394112	0.14909781576448244	0.842355175688509	1.0	0.0	0.9335232668566001	0.8338081671415005	1.0	0.10826210826210826	0.0	0.9268755935422602	1.0
27501	0.1392857142857143	0.5476190476190477	0.0	0.8488095238095238	0.0	0.0	0.9083333333333333	0.6892857142857143	0.0	1.0	0.8154761904761905	0.17857142857142858	0.0	0.0	0.9964285714285714	0.9964285714285714	0.0	0.7285714285714285	0.7309523809523809	0.9976190476190476	0.0	0.17976190476190476	0.9011904761904762	0.975
27502	0.0	0.32323232323232326	0.35353535353535354	0.0	0.0	0.0	1.0	0.898989898989899	0.0	1.0	0.32323232323232326	0.0	0.0	0.0	0.6666666666666666	1.0	0.0	0.0	1.0	1.0	0.0	0.0	0.6666666666666666	1.0
27503	0.0	0.44877344877344877	0.564935064935065	0.9531024531024531	0.10028860028860029	0.0	0.8975468975468975	0.5367965367965368	0.0	1.0	0.9653679653679653	0.7691197691197691	0.31601731601731603	0.07215007215007214	0.8463203463203464	1.0	0.0	0.8737373737373737	0.84992784992785	1.0	0.0	0.2178932178932179	0.7958152958152959	1.0
27504	0.0	0.6979949874686717	0.0	0.8734335839598998	0.16666666666666666	0.0	0.7180451127819549	0.7644110275689223	0.12781954887218044	1.0	0.9711779448621554	0.16416040100250626	0.3208020050125313	0.37593984962406013	1.0	1.0	0.0	1.0	0.6403508771929824	1.0	0.0	0.0	1.0	1.0
27505	0.0	0.7727840199750312	0.2596754057428215	0.7846441947565543	0.13857677902621723	0.0	0.6504369538077404	0.5087390761548065	0.1111111111111111	1.0	0.8789013732833958	0.632334581772784	0.05056179775280899	0.1941323345817728	0.8401997503121099	0.9013732833957553	0.0	0.9425717852684145	0.7528089887640449	1.0	0.27153558052434457	0.0	0.968789013732834	1.0
27506	0.0	0.5870870870870871	0.16816816816816818	0.8063063063063063	0.0	0.0	0.9804804804804805	0.7177177177177178	0.0	1.0	0.9444444444444444	0.45345345345345345	0.0	0.12762762762762764	0.975975975975976	1.0	0.0	0.8483483483483484	0.8213213213213213	1.0	0.0015015015015015015	0.0	1.0	1.0
27507	0.0	0.2788065843621399	0.13065843621399176	0.8497942386831275	0.0	0.0	0.6008230452674898	0.918724279835391	0.0	1.0	0.9969135802469136	0.0874485596707819	0.19444444444444445	0.033950617283950615	1.0	1.0	0.0	1.0	0.6954732510288066	1.0	0.4012345679012346	0.0	0.8076131687242798	1.0
27508	0.18403412553321147	0.8762949421084705	0.04875076173065204	0.8184034125533212	0.0	0.0	0.704448507007922	0.583180987202925	0.18403412553321147	1.0	0.8720292504570384	0.5307739183424741	0.0	0.0	0.8647166361974405	1.0	0.0	0.9622181596587447	0.5618525289457648	1.0	0.12979890310786105	0.16453382084095064	0.9847653869591713	1.0
27509	0.0	0.5439302481556003	0.1857813547954393	0.7981220657276995	0.19517102615694165	0.14017437961099932	0.8081824279007378	0.7183098591549296	0.0	1.0	0.9912810194500336	0.2340710932260228	0.07176391683433937	0.22266934942991282	0.880617035546613	1.0	0.1482226693494299	0.9268947015425889	0.8021462105969148	1.0	0.14352783366867874	0.0	0.8752515090543259	1.0
27510	0.0	0.5012531328320802	0.0	0.5112781954887218	0.0	0.0	0.6666666666666666	0.6992481203007519	0.0	1.0	1.0	0.0	0.2781954887218045	0.0	0.9573934837092731	1.0	0.0	0.17794486215538846	0.9724310776942355	1.0	0.0	0.0	1.0	1.0
27511	0.0	0.6516666666666666	0.16166666666666665	0.46	0.0	0.0	0.8083333333333333	0.5066666666666667	0.0	1.0	1.0	0.465	0.0	0.2	0.9566666666666667	1.0	0.0	0.8283333333333334	0.2783333333333333	1.0	0.21666666666666667	0.021666666666666667	0.8233333333333334	1.0
27512	0.0	0.9741100323624595	0.0	0.9935275080906149	0.3592233009708738	0.0	0.6019417475728155	0.23624595469255663	0.12297734627831715	1.0	1.0	1.0	0.0	0.7184466019417476	1.0	1.0	0.0	1.0	0.656957928802589	1.0	0.0	0.0	1.0	1.0
27513	0.0	0.9910514541387024	0.0	0.9261744966442953	0.0	0.0	1.0	0.9261744966442953	0.0	1.0	0.9776286353467561	0.17002237136465326	0.0	0.1789709172259508	1.0	1.0	0.0	0.941834451901566	0.4608501118568233	1.0	0.23937360178970918	0.5816554809843401	0.9261744966442953	1.0
27514	0.0	0.9700374531835206	0.0	1.0	0.0	0.0	1.0	0.9438202247191011	0.449438202247191	1.0	1.0	0.0	0.0	0.0	1.0	1.0	0.0	0.2846441947565543	0.21722846441947566	1.0	0.0	0.5655430711610487	1.0	1.0
27515	0.0	0.580906148867314	0.4692556634304207	0.9029126213592233	0.0	0.0	0.40129449838187703	0.551779935275081	0.0	1.0	0.9336569579288025	0.22330097087378642	0.0	0.2588996763754045	0.9870550161812298	1.0	0.0	1.0	0.7605177993527508	1.0	0.0	0.38996763754045305	1.0	1.0
27516	0.0	0.7059800664451827	0.1954595791805094	0.9972314507198228	0.0	0.10299003322259136	0.6389811738648948	0.6816168327796235	0.0	1.0	0.9047619047619048	0.3289036544850498	0.08084163898117387	0.16002214839424142	0.9689922480620154	1.0	0.004429678848283499	0.9573643410852714	0.3554817275747508	1.0	0.0	0.1954595791805094	0.9280177187153932	1.0
27517	0.0	0.83399209486166	0.0	0.8076416337285902	0.0	0.0	0.5612648221343873	0.6231884057971014	0.0	1.0	0.8076416337285902	0.8129117259552042	0.0	0.0	0.7681159420289855	1.0	0.07905138339920949	0.9552042160737813	0.19235836627140976	1.0	0.12648221343873517	0.0	0.7193675889328063	1.0
27518	0.0	0.9106529209621993	0.0	0.9553264604810997	0.0	0.0	0.7319587628865979	0.6013745704467354	0.0	1.0	0.9450171821305842	0.5601374570446735	0.0	0.0	0.6597938144329897	0.9518900343642611	0.0	0.9415807560137457	0.7972508591065293	1.0	0.0	0.0	0.6426116838487973	1.0
27519	0.3235294117647059	0.6725490196078432	0.0	0.7901960784313725	0.0	0.0	0.7470588235294118	0.696078431372549	0.0	1.0	0.9627450980392157	0.20392156862745098	0.30196078431372547	0.3176470588235294	0.9764705882352941	1.0	0.0	1.0	0.711764705882353	1.0	0.0	0.0	0.8568627450980392	1.0
27520	0.0	0.541501976284585	0.0	0.9617918313570487	0.0	0.11857707509881422	0.4795783926218709	0.8511198945981555	0.0	1.0	0.9446640316205533	0.11330698287220026	0.6389986824769434	0.616600790513834	0.9776021080368906	1.0	0.0	0.9762845849802372	0.6982872200263505	1.0	0.0	0.0	1.0	1.0
27521	0.0	0.7103825136612022	0.08469945355191257	0.44990892531876137	0.0	0.0	0.7295081967213115	0.7404371584699454	0.0	1.0	0.8597449908925319	0.49635701275045535	0.0	0.0	0.761384335154827	1.0	0.24134790528233152	1.0	0.74408014571949	1.0	0.0	0.0	0.9963570127504554	1.0
27522	0.0	0.38405797101449274	0.0	0.894927536231884	0.0	0.0	0.8695652173913043	0.6811594202898551	0.0	1.0	0.9347826086956522	0.5797101449275363	0.0	0.0	0.967391304347826	1.0	0.0	0.9637681159420289	0.4420289855072464	1.0	0.0	0.0	0.677536231884058	1.0
27523	0.0	0.0	0.0	0.1278538812785388	0.0	0.0	0.7031963470319634	0.0	0.0	1.0	0.7031963470319634	0.0	0.0	0.0	0.0	0.1278538812785388	0.0	0.6027397260273972	0.0	0.954337899543379	0.0	0.0	0.0	0.9908675799086758
27524	0.03150057273768614	0.48510882016036655	0.20618556701030927	0.9083619702176403	0.0	0.05670103092783505	0.6804123711340206	0.520618556701031	0.0	1.0	0.8654066437571593	0.41408934707903783	0.08247422680412371	0.05211912943871707	0.8997709049255441	1.0	0.0	1.0	0.7084765177548683	1.0	0.0	0.0	1.0	1.0
27525	0.0	0.6151960784313726	0.0	0.5416666666666666	0.0	0.47794117647058826	0.7426470588235294	0.6004901960784313	0.0	1.0	0.8676470588235294	0.4019607843137255	0.0	0.0	1.0	1.0	0.0	1.0	0.625	1.0	0.0	0.12990196078431374	0.4166666666666667	1.0
27526	0.04084507042253521	0.4582159624413146	0.09436619718309859	0.9985915492957746	0.0	0.0	0.7455399061032864	0.8981220657276995	0.0	1.0	0.9849765258215962	0.6164319248826291	0.04084507042253521	0.0	0.8821596244131455	1.0	0.0	0.856338028169014	0.655868544600939	1.0	0.10375586854460093	0.05352112676056338	0.960093896713615	1.0
27527	0.0	0.7218390804597701	0.0	0.9333333333333333	0.0	0.0	0.6275862068965518	0.767816091954023	0.0	1.0	0.8735632183908046	0.6	0.49195402298850577	0.0	1.0	1.0	0.0	1.0	0.7333333333333333	1.0	0.0	0.0	0.8827586206896552	1.0
27528	0.0	0.7982663514578409	0.4743892828999212	0.8124507486209613	0.2718676122931442	0.0	0.8888888888888888	0.6288416075650118	0.0	1.0	0.9156816390858944	0.624113475177305	0.07486209613869188	0.0	0.9290780141843972	1.0	0.0	0.8297872340425532	0.8408195429472025	1.0	0.1095350669818755	0.0	0.706855791962175	1.0
27529	0.26548672566371684	0.6902654867256637	0.0	0.7197640117994101	0.0	0.0	0.9882005899705014	0.504424778761062	0.0	1.0	1.0	0.8938053097345132	0.3333333333333333	0.0	0.9616519174041298	1.0	0.0	1.0	1.0	1.0	0.0	0.0	0.40412979351032446	1.0
27530	0.011142061281337047	0.807799442896936	0.0	0.935933147632312	0.0	0.0882079851439183	0.6536675951717734	0.6991643454038997	0.0	0.9730733519034355	0.9461467038068709	0.6202414113277623	0.19127205199628597	0.31754874651810583	0.8625812441968431	1.0	0.0	0.9303621169916435	0.8978644382544104	1.0	0.0	0.0	0.8393686165273909	0.9935004642525533
27531	0.0	0.0	0.0	0.6455696202531646	0.0	0.0	0.5147679324894515	0.22362869198312235	0.0	0.6075949367088608	0.5738396624472574	0.0	0.6075949367088608	0.0	0.8860759493670886	0.7805907172995781	0.0	0.8987341772151899	0.0	0.9957805907172996	0.0	0.0	0.6075949367088608	0.8734177215189873
27532	0.0	0.5895061728395061	0.3055555555555556	0.720679012345679	0.0	0.0	0.7160493827160493	0.7376543209876543	0.39814814814814814	1.0	0.9598765432098766	0.8503086419753086	0.0	0.0	1.0	1.0	0.0	1.0	1.0	1.0	0.06481481481481481	0.21296296296296297	1.0	1.0
27533	0.0	0.0	0.0	0.6604938271604939	0.0	0.0	0.4660493827160494	0.5709876543209876	0.0	1.0	0.7314814814814815	0.2962962962962963	0.0	0.0	1.0	1.0	0.0	0.7530864197530864	0.7037037037037037	1.0	0.4660493827160494	0.4351851851851852	1.0	1.0
27534	0.0	1.0	0.0	0.8536155202821869	0.0	0.25749559082892415	0.23985890652557318	0.6402116402116402	0.0	1.0	0.8430335097001763	0.7125220458553791	0.328042328042328	0.0	1.0	1.0	0.0	0.9012345679012346	0.8218694885361552	1.0	0.0	0.0	0.8430335097001763	1.0
27535	0.0	0.9349112426035503	0.717948717948718	0.9388560157790927	0.0	0.0	0.9329388560157791	0.571992110453649	0.0	1.0	0.8362919132149902	0.6015779092702169	0.38461538461538464	0.0	0.960552268244576	1.0	0.0	0.8777120315581854	0.7199211045364892	1.0	0.0	0.5404339250493096	0.9861932938856016	1.0
27536	0.6262626262626263	0.06565656565656566	0.0	0.0	0.0	0.0	0.0	0.35353535353535354	0.0	1.0	0.3787878787878788	0.47474747474747475	0.0	0.0	0.08080808080808081	0.6363636363636364	0.0	0.4090909090909091	0.0	0.9343434343434344	0.0	0.0	0.9848484848484849	1.0
27537	0.0	0.746031746031746	0.6666666666666666	1.0	0.0	0.0	1.0	0.7566137566137566	0.0	1.0	1.0	1.0	0.0	0.0	1.0	1.0	0.0	1.0	1.0	1.0	0.0	0.0	1.0	1.0
27538	0.4567901234567901	0.1646090534979424	0.6213991769547325	0.8477366255144033	0.0	0.0	0.0	0.0	0.0	1.0	0.32098765432098764	0.0	0.0	0.0	1.0	0.934156378600823	0.0	1.0	0.4444444444444444	1.0	0.0	0.0	0.4897119341563786	1.0
27539	0.0	0.7696969696969697	0.0	1.0	0.0	0.0	0.5151515151515151	0.0	0.0	1.0	1.0	0.0	0.0	0.0	1.0	1.0	0.0	1.0	1.0	1.0	0.0	0.0	0.6727272727272727	1.0
27540	0.012269938650306749	0.026584867075664622	0.4335378323108384	0.6278118609406953	0.0	0.0	0.8241308793456033	0.6257668711656442	0.0	1.0	0.9222903885480572	0.11042944785276074	0.0	0.0	0.9918200408997955	1.0	0.0	0.7832310838445807	0.8404907975460123	1.0	0.0	0.0	0.7361963190184049	1.0
27541	0.6990740740740741	0.4398148148148148	1.0	0.8796296296296297	0.0	0.0	1.0	0.3333333333333333	0.0	1.0	1.0	0.7037037037037037	0.0	0.0	0.9814814814814815	1.0	0.0	1.0	0.0	1.0	0.0	0.0	1.0	1.0
27542	0.0	0.288946910356832	0.1279373368146214	0.6901653611836379	0.0	0.0	0.47693646649260224	0.598781549173194	0.0	0.9773716275021758	0.742384682332463	0.3063533507397737	0.2245430809399478	0.0	0.7362924281984334	0.9408181026979983	0.0	0.9512619669277633	0.38294168842471715	1.0	0.0835509138381201	0.14708442123585727	0.8851174934725848	1.0
27543	0.0	0.5833333333333334	0.25925925925925924	0.6666666666666666	0.0	0.0	0.45987654320987653	0.040123456790123455	0.0	1.0	0.9351851851851852	0.8055555555555556	0.0	0.5308641975308642	0.9074074074074074	1.0	0.0	1.0	0.9104938271604939	1.0	0.0	0.558641975308642	0.8271604938271605	1.0
27544	0.5655430711610487	0.6966292134831461	0.5880149812734082	1.0	0.0	0.0	1.0	1.0	0.0	1.0	1.0	0.44569288389513106	0.0	0.35580524344569286	1.0	1.0	0.0	1.0	0.7116104868913857	1.0	0.40074906367041196	0.5355805243445693	0.9925093632958801	1.0
27545	0.0	0.706630336058129	0.10263396911898275	0.9209809264305178	0.17438692098092642	0.04087193460490463	0.7629427792915532	0.5349682107175295	0.0	1.0	0.7774750227066304	0.43778383287920075	0.10263396911898275	0.0	0.9073569482288828	1.0	0.0	1.0	0.896457765667575	1.0	0.012715712988192553	0.14168937329700274	0.9400544959128065	1.0
27546	0.0	0.3234323432343234	0.6039603960396039	0.9801980198019802	0.0	0.0	0.9174917491749175	0.9966996699669967	0.0	1.0	0.966996699669967	0.9735973597359736	0.23432343234323433	0.0	0.801980198019802	0.9570957095709571	0.0	1.0	0.8844884488448845	1.0	0.0	0.6402640264026402	0.6237623762376238	1.0
27547	0.0	0.7660818713450293	0.1871345029239766	1.0	0.0	0.0	0.5906432748538012	0.12280701754385964	0.0	1.0	0.6023391812865497	0.0	0.0	0.0	0.5263157894736842	1.0	0.0	0.9707602339181286	0.9590643274853801	1.0	0.0	0.23391812865497075	0.9005847953216374	1.0
27548	0.0	0.7337807606263982	0.08277404921700224	0.756152125279642	0.0	0.0	0.7740492170022372	1.0	0.0	1.0	1.0	0.1029082774049217	0.0	0.0	0.9485458612975392	1.0	0.0	0.9910514541387024	0.7874720357941835	1.0	0.0	0.4742729306487696	0.796420581655481	1.0
27549	0.0	0.0	0.0	0.9303482587064676	0.0	0.0	0.8557213930348259	0.6218905472636815	0.0	1.0	0.945273631840796	0.0	0.5970149253731343	0.0	0.9800995024875622	1.0	0.0	0.9950248756218906	0.12437810945273632	0.9900497512437811	0.0	0.0	0.9701492537313433	0.9701492537313433
27550	0.0	0.7207678883071553	0.20767888307155322	0.9546247818499127	0.19022687609075042	0.0	0.33507853403141363	0.24083769633507854	0.0	1.0	0.900523560209424	0.33158813263525305	0.0	0.30715532286212915	0.9493891797556719	1.0	0.0	0.9982547993019197	0.4031413612565445	1.0	0.612565445026178	0.0	0.9738219895287958	1.0
27551	0.0	1.0	0.6181434599156118	1.0	0.0	0.11814345991561181	0.9873417721518988	0.989451476793249	0.0	1.0	1.0	0.8227848101265823	0.0	0.1940928270042194	1.0	1.0	0.0	1.0	1.0	1.0	0.0	0.0	0.9008438818565401	1.0
27552	0.0	0.93	0.0	0.7	0.0	0.0	0.49333333333333335	0.85	0.0	1.0	0.91	0.7	0.0	0.0	1.0	0.9466666666666667	0.0	1.0	0.5633333333333334	1.0	0.0	0.0	1.0	0.9966666666666667
27553	0.0	0.7294685990338164	0.7294685990338164	0.7777777777777778	0.0	0.0	0.6328502415458938	0.46859903381642515	0.0	1.0	0.6521739130434783	1.0	0.0	0.0	0.9468599033816425	1.0	0.0	0.9082125603864735	0.5410628019323671	0.9951690821256038	0.8840579710144928	0.0	0.9420289855072463	0.927536231884058
27554	0.0	0.828125	0.22395833333333334	1.0	0.0	0.0	0.7291666666666666	1.0	0.0	1.0	1.0	0.921875	0.0	0.6666666666666666	1.0	1.0	0.0	1.0	0.9635416666666666	1.0	0.08333333333333333	0.4947916666666667	1.0	1.0
27555	0.0	1.0	0.0	1.0	0.0	0.0	1.0	0.8169934640522876	0.0	1.0	1.0	1.0	0.0	0.0	1.0	1.0	0.0	1.0	0.8431372549019608	1.0	0.0	0.0	1.0	1.0
27556	0.0	0.8649425287356322	0.5114942528735632	1.0	0.0	0.0	1.0	0.5603448275862069	0.0	1.0	1.0	0.5057471264367817	0.4051724137931034	0.0	1.0	1.0	0.0	1.0	0.5775862068965517	1.0	0.5632183908045977	0.0	1.0	1.0
27557	0.0	0.31746031746031744	0.31746031746031744	0.38095238095238093	0.0	0.0	0.0	0.6071428571428571	0.0	1.0	0.8333333333333334	0.6865079365079365	0.0	0.0	0.8293650793650794	1.0	0.0	1.0	0.40476190476190477	1.0	0.0	0.0	1.0	1.0
27558	0.0	0.0	0.0	0.9545454545454546	0.0	0.0	0.7386363636363636	0.803030303030303	0.0	1.0	0.3068181818181818	0.42045454545454547	0.49242424242424243	0.0	0.9393939393939394	0.8901515151515151	0.0	0.9204545454545454	0.5378787878787878	1.0	0.0	0.0	0.6098484848484849	0.9545454545454546
27559	0.0	0.23333333333333334	0.32916666666666666	0.8270833333333333	0.0	0.0	0.9416666666666667	0.20416666666666666	0.0	1.0	0.7583333333333333	0.47291666666666665	0.0	0.0	0.9166666666666666	0.9666666666666667	0.0	0.7458333333333333	0.55625	1.0	0.0	0.10416666666666667	0.4270833333333333	1.0
27560	0.0	0.2340966921119593	0.0	1.0	0.0	0.0	0.32061068702290074	0.6437659033078881	0.3231552162849873	1.0	1.0	0.35877862595419846	0.32061068702290074	0.05343511450381679	0.7760814249363868	1.0	0.0	0.9949109414758269	0.7735368956743003	1.0	0.5725190839694656	0.5623409669211196	0.916030534351145	1.0
27561	0.0	0.9617117117117117	0.3400900900900901	0.9864864864864865	0.0	0.0	0.8986486486486487	0.8693693693693694	0.0	1.0	0.8400900900900901	0.17342342342342343	0.0	0.0	0.9414414414414415	1.0	0.0	1.0	0.7792792792792793	1.0	0.0	0.4099099099099099	0.795045045045045	1.0
27562	0.0	0.8773747841105354	0.06390328151986183	0.7443868739205527	0.0	0.13298791018998274	0.8911917098445595	0.998272884283247	0.0	1.0	0.4525043177892919	0.7357512953367875	0.0	0.0	0.9775474956822107	1.0	0.0	0.6183074265975821	0.9844559585492227	1.0	0.231433506044905	0.0	1.0	1.0
27563	0.0	1.0	0.0	0.8720538720538721	0.0	0.0	0.7104377104377104	0.7003367003367004	0.0	1.0	1.0	0.7104377104377104	0.5791245791245792	0.7272727272727273	1.0	1.0	0.0	1.0	0.8282828282828283	1.0	0.6599326599326599	0.7744107744107744	1.0	1.0
27564	0.0	0.9545454545454546	0.2515151515151515	0.9090909090909091	0.0	0.0	0.9666666666666667	0.29393939393939394	0.0	1.0	0.9787878787878788	0.5969696969696969	0.0	0.5606060606060606	1.0	1.0	0.0	0.9515151515151515	0.9181818181818182	1.0	0.0	0.0	0.40606060606060607	1.0
27565	0.0	1.0	0.0	1.0	0.5476190476190477	0.0	1.0	0.0	0.0	1.0	1.0	1.0	0.0	0.3	0.7761904761904762	1.0	0.0	0.9571428571428572	0.861904761904762	1.0	0.0	0.0	0.7095238095238096	1.0
27566	0.5939716312056738	0.9024822695035462	0.5088652482269503	0.99822695035461	0.9343971631205674	0.8262411347517731	1.0	1.0	0.3102836879432624	1.0	1.0	0.7836879432624113	0.7925531914893617	0.7287234042553191	1.0	1.0	0.7411347517730497	1.0	0.973404255319149	1.0	0.9787234042553191	0.9574468085106383	0.9911347517730497	1.0
27567	0.0	1.0	0.2976190476190476	1.0	0.4246031746031746	0.0	1.0	0.5753968253968254	0.0	1.0	1.0	0.9325396825396826	0.43253968253968256	0.0	1.0	1.0	0.0	1.0	0.8412698412698413	1.0	0.0	0.5753968253968254	1.0	1.0
27568	0.0	0.5321100917431193	0.0	0.654434250764526	0.0	0.0	0.6697247706422018	0.5137614678899083	0.43119266055045874	1.0	1.0	0.20795107033639143	0.3577981651376147	0.0	0.9021406727828746	1.0	0.0	0.9877675840978594	1.0	1.0	0.0	0.5688073394495413	0.9296636085626911	1.0
27569	0.0	0.44144144144144143	0.7117117117117117	0.5765765765765766	0.0	0.0	1.0	0.6666666666666666	0.0	1.0	0.6126126126126126	0.18018018018018017	0.0	0.0	1.0	1.0	0.0	1.0	0.3963963963963964	1.0	0.0	0.0	0.7297297297297297	1.0
27570	0.0	0.6162464985994398	0.16806722689075632	0.46638655462184875	0.0	0.0	0.7857142857142857	0.4327731092436975	0.0	1.0	0.8683473389355743	0.6890756302521008	0.0	0.0	0.7871148459383753	1.0	0.0	1.0	0.16246498599439776	1.0	0.4635854341736695	0.211484593837535	0.9089635854341737	1.0
27571	0.0	0.8803418803418803	0.004273504273504274	1.0	0.0	0.0	0.8760683760683761	0.3974358974358974	0.0	1.0	0.39316239316239315	0.04700854700854701	0.44017094017094016	0.0	0.5726495726495726	1.0	0.0	0.9358974358974359	0.9957264957264957	1.0	0.0	0.0	0.782051282051282	1.0
27572	0.0	0.5114155251141552	0.5205479452054794	0.7465753424657534	0.0	0.0	0.3447488584474886	0.5159817351598174	0.0	1.0	0.8287671232876712	0.632420091324201	0.11187214611872145	0.0	0.7579908675799086	0.865296803652968	0.0	0.9041095890410958	0.11187214611872145	0.9680365296803652	0.0	0.0	0.684931506849315	0.9954337899543378
27573	0.0	0.7378507871321013	0.33127994524298426	0.7364818617385352	0.10951403148528405	0.08966461327857632	0.62217659137577	0.23203285420944558	0.0	0.9226557152635181	0.9247091033538672	0.8432580424366872	0.0	0.08350444900752908	0.8980150581793293	1.0	0.0	1.0	0.7939767282683093	0.9945242984257358	0.16495550992470911	0.3737166324435318	0.8562628336755647	0.999315537303217
27574	0.21212121212121213	0.71900826446281	0.2644628099173554	1.0	0.0	0.0	0.8567493112947658	0.9669421487603306	0.0	1.0	0.6859504132231405	0.7245179063360881	0.5509641873278237	0.0	0.9972451790633609	1.0	0.8319559228650137	1.0	0.628099173553719	1.0	0.049586776859504134	0.0	0.8402203856749312	1.0
27575	0.28933333333333333	0.676	0.37333333333333335	0.9493333333333334	0.0	0.0	0.916	0.784	0.0	0.9746666666666667	0.9693333333333334	0.5693333333333334	0.0	0.27066666666666667	0.9986666666666667	0.9693333333333334	0.0	0.8933333333333333	0.16	0.9986666666666667	0.0	0.4026666666666667	0.7146666666666667	0.956
27576	0.0	0.45390070921985815	0.4056737588652482	0.8156028368794326	0.0	0.0	0.7460992907801418	0.29219858156028367	0.0	0.8836879432624114	0.5390070921985816	0.3517730496453901	0.0	0.0	0.3517730496453901	0.9843971631205674	0.0	0.798581560283688	0.375886524822695	1.0	0.0	0.0	0.7276595744680852	1.0
27577	0.0	0.6584022038567493	0.0	0.7134986225895317	0.0	0.0	0.4573002754820937	0.6005509641873278	0.0	0.8677685950413223	0.7355371900826446	0.0	0.0	0.0	0.9696969696969697	1.0	0.0	0.5730027548209367	0.4132231404958678	1.0	0.0	0.0	1.0	1.0
27578	0.0	0.46537396121883656	0.07940904893813482	0.6934441366574331	0.1172668513388735	0.0	0.8153277931671283	0.5946445060018467	0.0	0.96398891966759	0.778393351800554	0.5780240073868883	0.0	0.0	0.8430286241920592	1.0	0.0	0.827331486611265	0.46537396121883656	0.9990766389658357	0.0	0.0	0.9168975069252078	0.974145891043398
27579	0.0	1.0	0.24882629107981222	1.0	0.0	0.0	0.9389671361502347	0.9295774647887324	0.0	1.0	1.0	0.9061032863849765	0.0	0.4272300469483568	1.0	1.0	0.0	1.0	1.0	1.0	0.24882629107981222	0.0	1.0	1.0
27580	0.0	0.998003992015968	0.0	1.0	0.0	0.0	0.6686626746506986	0.720558882235529	0.0	1.0	0.9421157684630739	0.3393213572854291	0.0	0.25948103792415167	1.0	1.0	0.0	0.9760479041916168	1.0	1.0	0.0	0.0	1.0	1.0
27581	0.0	0.9860279441117764	0.0	0.9640718562874252	0.38323353293413176	0.0	0.7065868263473054	0.3812375249500998	0.0	1.0	1.0	0.8762475049900199	0.11776447105788423	0.7944111776447106	0.9041916167664671	1.0	0.0	1.0	1.0	1.0	0.6027944111776448	0.5848303393213573	1.0	1.0
27582	0.0	0.49603174603174605	0.1111111111111111	0.5992063492063492	0.0	0.0	0.9246031746031746	1.0	0.0	0.9642857142857143	0.8611111111111112	0.0	0.0	0.13095238095238096	0.49603174603174605	0.9444444444444444	0.0	0.5476190476190477	0.8690476190476191	0.9761904761904762	0.0	0.0	0.9484126984126984	1.0
27583	0.0	0.7145969498910676	0.6013071895424836	1.0	0.0	0.0	0.9302832244008714	0.8322440087145969	0.0	1.0	0.8431372549019608	0.7472766884531591	0.2657952069716776	0.0	1.0	1.0	0.0	1.0	0.8562091503267973	1.0	0.4662309368191721	0.0	0.8867102396514162	1.0
27584	0.0	0.8982683982683982	0.4199134199134199	1.0	0.09956709956709957	0.0367965367965368	0.7467532467532467	0.5541125541125541	0.0	1.0	0.8658008658008658	0.6125541125541125	0.23160173160173161	0.0	1.0	1.0	0.0	1.0	1.0	1.0	0.23593073593073594	0.3268398268398268	0.8376623376623377	1.0
27585	0.1167816091954023	0.5365517241379311	0.29195402298850576	0.9760919540229885	0.037241379310344824	0.13885057471264367	0.8685057471264368	0.9554022988505747	0.0	1.0	0.9857471264367816	0.34758620689655173	0.07448275862068965	0.06574712643678161	0.9820689655172414	1.0	0.0	0.9774712643678161	0.8510344827586207	1.0	0.335632183908046	0.33195402298850574	0.9360919540229885	1.0
27586	0.0	0.6741573033707865	0.0	0.795880149812734	0.0	0.0	0.9026217228464419	0.6385767790262172	0.0	1.0	0.9925093632958801	0.2565543071161049	0.29213483146067415	0.30711610486891383	1.0	1.0	0.0	0.7752808988764045	1.0	1.0	0.0	0.0	0.9644194756554307	1.0
27587	0.0	0.45161290322580644	0.0	0.9731182795698925	0.0	0.0	0.9059139784946236	0.9811827956989247	0.0	1.0	0.8629032258064516	0.5913978494623656	0.5806451612903226	0.0	0.9811827956989247	1.0	0.0	0.989247311827957	1.0	0.9247311827956989	0.0	0.0	0.9811827956989247	0.9381720430107527
27588	0.7547169811320755	1.0	0.779874213836478	1.0	0.0	0.0	0.1761006289308176	0.8805031446540881	0.0	1.0	1.0	0.7358490566037735	0.0	0.0	1.0	1.0	0.0	1.0	0.8805031446540881	1.0	0.14465408805031446	0.0	0.9119496855345912	1.0
27589	0.0	1.0	0.2347417840375587	1.0	0.0	0.0	0.5915492957746479	0.676056338028169	0.0	1.0	0.6854460093896714	0.6995305164319249	0.0	0.0	0.9061032863849765	1.0	0.0	0.892018779342723	0.7511737089201878	1.0	0.0	0.38028169014084506	1.0	1.0
27590	0.0	0.573758865248227	0.2773049645390071	0.9056737588652483	0.0	0.08652482269503546	0.8851063829787233	0.6205673758865248	0.0	1.0	0.9921985815602837	0.5404255319148936	0.0425531914893617	0.0	0.9950354609929078	0.9971631205673759	0.0	1.0	0.799290780141844	1.0	0.18368794326241134	0.10709219858156029	1.0	1.0
27591	0.0	1.0	0.33816425120772947	0.9190821256038647	0.7572463768115942	0.1497584541062802	0.6509661835748792	0.7101449275362319	0.0	1.0	0.8913043478260869	0.3442028985507246	0.11714975845410629	0.0	1.0	1.0	0.0	1.0	0.6099033816425121	1.0	0.1823671497584541	0.0	1.0	1.0
27592	0.0	1.0	0.0	0.8424242424242424	0.0	0.0	0.806060606060606	0.0	0.0	0.8121212121212121	0.0	0.2909090909090909	0.0	0.0	0.8666666666666667	1.0	0.0	1.0	0.0	1.0	0.0	0.0	0.47878787878787876	1.0
27593	0.0	0.6505376344086021	0.3118279569892473	1.0	0.0	0.0	0.8709677419354839	0.41935483870967744	0.0	1.0	0.978494623655914	1.0	0.0	0.0	0.7956989247311828	1.0	0.0	1.0	0.0	1.0	0.0	0.0	1.0	1.0
27594	0.0	0.632183908045977	0.26702033598585323	0.6074270557029178	0.0	0.07427055702917772	0.7480106100795756	0.6056587091069849	0.0	0.9991158267020336	0.8717948717948718	0.3572060123784262	0.0	0.17064544650751548	0.9354553492484527	1.0	0.0	0.964633068081344	0.5906277630415562	1.0	0.0	0.33244916003536695	0.8249336870026526	1.0
27595	0.0	0.7174603174603175	0.04126984126984127	0.7777777777777778	0.0	0.0	0.9111111111111111	0.7047619047619048	0.0	1.0	0.6698412698412698	0.05714285714285714	0.0	0.3968253968253968	0.9333333333333333	1.0	0.0	1.0	0.5174603174603175	1.0	0.0	0.0	1.0	1.0
27596	0.0	0.7150837988826816	0.44692737430167595	0.8808193668528864	0.0	0.0	0.8156424581005587	0.7188081936685289	0.0	1.0	0.7783985102420856	0.6852886405959032	0.0	0.31843575418994413	0.9664804469273743	1.0	0.0	1.0	0.8081936685288641	1.0	0.38733705772811916	0.0	0.925512104283054	1.0
27597	0.0	0.8992248062015504	0.0	0.9883720930232558	0.0	0.5852713178294574	0.46124031007751937	0.9263565891472868	0.0	1.0	0.9108527131782945	0.0	0.0	0.0	1.0	0.9961240310077519	0.0	0.9961240310077519	0.9263565891472868	1.0	0.1511627906976744	0.5852713178294574	0.9883720930232558	0.9961240310077519
27598	0.0	0.48500881834215165	0.31569664902998235	0.8289241622574955	0.0	0.0	0.818342151675485	0.0	0.0	0.9894179894179894	0.9753086419753086	0.7072310405643739	0.23809523809523808	0.0	0.7583774250440917	1.0	0.0	0.91005291005291	0.9206349206349206	0.9911816578483245	0.0	0.0	0.9488536155202821	1.0
27599	0.059379217273954114	0.5344129554655871	0.33063427800269907	0.7705802968960864	0.0	0.0	0.8083670715249662	0.8002699055330634	0.0	1.0	0.8326585695006747	0.3265856950067476	0.3535762483130904	0.0	0.9959514170040485	1.0	0.0	1.0	0.5762483130904184	1.0	0.0	0.0	0.8690958164642375	1.0
27600	0.22584541062801933	0.5072463768115942	0.03864734299516908	1.0	0.0	0.0	0.5966183574879227	0.7222222222222222	0.1461352657004831	1.0	1.0	0.7439613526570048	0.05314009661835749	0.0	0.9396135265700483	1.0	0.0	1.0	0.26570048309178745	1.0	0.0	0.0	1.0	1.0
27601	0.4180327868852459	0.3333333333333333	0.1994535519125683	0.8852459016393442	0.0	0.0	0.3005464480874317	0.6120218579234973	0.0	1.0	0.7459016393442623	0.3770491803278688	0.0	0.0	1.0	1.0	0.0	1.0	0.912568306010929	1.0	0.0	0.0	0.9508196721311475	1.0
27602	0.0	0.47843137254901963	0.0	1.0	0.0	0.0	0.8627450980392157	0.3333333333333333	0.0	1.0	1.0	0.5568627450980392	0.19215686274509805	0.0	1.0	1.0	0.0	0.9450980392156862	0.7490196078431373	1.0	0.14901960784313725	0.0	1.0	1.0
27603	0.0	0.5179968701095462	0.1643192488262911	1.0	0.0	0.0	0.8967136150234741	0.9045383411580594	0.0	1.0	0.9577464788732394	0.5367762128325508	0.0	0.0	0.892018779342723	1.0	0.0	1.0	0.7120500782472613	1.0	0.11424100156494522	0.0	1.0	1.0
27604	0.0	0.6395939086294417	0.3790186125211506	0.9915397631133672	0.0	0.0	0.7986463620981388	0.5262267343485617	0.0	1.0	0.9746192893401016	0.0	0.0	0.34856175972927245	0.8595600676818951	1.0	0.0	1.0	0.5685279187817259	1.0	0.0	0.0	0.6192893401015228	1.0
27605	0.0	0.3634085213032581	0.13784461152882205	1.0	0.0	0.0	0.9724310776942355	0.8345864661654135	0.0	1.0	1.0	0.6390977443609023	0.0	0.0	1.0	1.0	0.0	1.0	0.8947368421052632	1.0	0.0	0.0	1.0	1.0
27606	0.0	0.9380165289256198	0.3526170798898072	0.8209366391184573	0.0	0.1418732782369146	0.46143250688705234	0.7741046831955923	0.1763085399449036	1.0	1.0	0.47796143250688705	0.0	0.13911845730027547	0.8953168044077136	1.0	0.0	0.8787878787878788	0.49586776859504134	1.0	0.1721763085399449	0.41597796143250687	1.0	1.0
27607	0.0	0.10067114093959731	0.30201342281879195	1.0	0.0	0.0	0.5145413870246085	0.24161073825503357	0.0	0.9642058165548099	0.9194630872483222	0.6465324384787472	0.0	0.0	0.9843400447427293	0.5794183445190156	0.0	1.0	0.0	0.9955257270693513	0.0	0.0	0.7516778523489933	0.9977628635346756
27608	0.0	0.6783333333333333	0.0	0.8516666666666667	0.0	0.0	0.455	0.49666666666666665	0.0	0.975	0.8716666666666667	0.145	0.0	0.0	0.9716666666666667	0.8333333333333334	0.0	0.7483333333333333	0.85	0.9833333333333333	0.0	0.0	0.9933333333333333	1.0
27609	0.0	0.14035087719298245	0.24561403508771928	0.08070175438596491	0.0	0.0	1.0	0.0	0.0	0.9894736842105263	1.0	0.5824561403508772	0.0	0.0	1.0	1.0	0.0	1.0	0.8912280701754386	1.0	0.0	0.0	0.743859649122807	1.0
27610	0.0	0.8482587064676617	0.0	1.0	0.39800995024875624	0.0	1.0	0.8034825870646766	0.0	1.0	0.9925373134328358	0.6144278606965174	0.0	0.0	1.0	1.0	0.0	1.0	1.0	1.0	0.2562189054726368	0.4900497512437811	1.0	1.0
27611	0.0	0.8177777777777778	0.5577777777777778	1.0	0.0	0.0	0.7244444444444444	0.4177777777777778	0.0	1.0	1.0	0.8977777777777778	0.0	0.0	1.0	1.0	0.0	1.0	0.8844444444444445	1.0	0.17777777777777778	0.0	0.8733333333333333	1.0
27612	0.0	0.7931034482758621	0.0	0.9655172413793104	0.0	0.0	0.9195402298850575	0.7988505747126436	0.0	1.0	0.6666666666666666	0.0	0.0	0.0	1.0	1.0	0.0	1.0	0.7241379310344828	1.0	0.0	0.0	1.0	1.0
27613	0.0	0.20077972709551656	0.18128654970760233	0.7153996101364523	0.36257309941520466	0.38791423001949316	0.732943469785575	0.7953216374269005	0.0	1.0	1.0	0.4619883040935672	0.0	0.2962962962962963	1.0	1.0	0.0	0.9707602339181286	0.4678362573099415	1.0	0.0	0.0	1.0	1.0
27614	0.0	0.9661016949152542	0.0	0.8813559322033898	0.07344632768361582	0.0	1.0	0.1864406779661017	0.0	1.0	0.655367231638418	0.4576271186440678	0.0	0.0	0.8700564971751412	1.0	0.0	1.0	0.2994350282485876	1.0	0.0	0.0	0.9830508474576272	1.0
27615	0.0	0.3111111111111111	0.25277777777777777	0.8805555555555555	0.0	0.0	0.637962962962963	0.8888888888888888	0.0	1.0	0.8601851851851852	0.8518518518518519	0.13333333333333333	0.1425925925925926	0.9361111111111111	1.0	0.0	1.0	0.35648148148148145	1.0	0.0	0.08148148148148149	0.8796296296296297	1.0
27616	0.0	0.5267175572519084	0.0	0.9987277353689568	0.1946564885496183	0.27353689567430023	0.7633587786259542	0.5152671755725191	0.0	1.0	0.9821882951653944	0.5318066157760815	0.0	0.1475826972010178	1.0	1.0	0.0	1.0	0.45165394402035625	1.0	0.15776081424936386	0.1921119592875318	0.9478371501272265	1.0
27617	0.0	0.7083333333333334	0.0	0.7954545454545454	0.0	0.0	1.0	1.0	0.0	1.0	0.5113636363636364	1.0	0.0	0.0	0.9810606060606061	1.0	0.0	1.0	0.7613636363636364	1.0	0.0	0.0	0.7083333333333334	1.0
27618	0.0	0.7762237762237763	0.47785547785547783	0.675990675990676	0.0	0.0	0.9324009324009324	0.5920745920745921	0.0	1.0	1.0	0.38694638694638694	0.0	0.0	0.9696969696969697	1.0	0.0	1.0	0.7552447552447552	1.0	0.0	0.0	0.8554778554778555	1.0
27619	0.0	0.4266666666666667	0.16	1.0	0.0	0.0	0.76	1.0	0.0	1.0	1.0	0.0	0.0	0.0	0.74	1.0	0.0	0.8666666666666667	1.0	1.0	0.0	0.0	1.0	1.0
27620	0.0	0.0	0.0	0.0	0.0	0.0	0.7321428571428571	0.0	0.0	0.8273809523809523	0.40476190476190477	0.0	0.0	0.0	0.6190476190476191	0.9285714285714286	0.0	0.0	0.0	0.6904761904761905	0.0	0.0	0.0	0.8988095238095238
27621	0.0	0.8707482993197279	0.0	0.2857142857142857	0.0	0.0	0.0	0.0	0.0	1.0	0.6462585034013606	0.4897959183673469	0.0	0.0	0.0	0.43537414965986393	0.0	1.0	0.0	1.0	0.0	0.0	0.7414965986394558	0.0
27622	0.0	0.5498938428874734	0.0	0.6029723991507431	0.0	0.0	0.9384288747346072	0.7791932059447984	0.0	1.0	1.0	0.8492569002123143	0.0	0.30148619957537154	0.7600849256900213	0.940552016985138	0.0	1.0	0.3651804670912951	1.0	0.0	0.0	0.7176220806794055	1.0
27623	0.0	0.8498498498498499	0.0	0.7027027027027027	0.0	0.0	0.8498498498498499	0.6906906906906907	0.0	1.0	0.8978978978978979	0.3993993993993994	0.0	0.0	0.7567567567567568	1.0	0.0	0.3963963963963964	0.8888888888888888	1.0	0.0	0.0	0.8858858858858859	1.0
27624	0.0	0.4626865671641791	0.0	0.9552238805970149	0.0	0.0	1.0	0.9751243781094527	0.0	1.0	0.8805970149253731	0.5945273631840796	0.0	0.0	0.9552238805970149	1.0	0.0	0.9353233830845771	0.9303482587064676	1.0	0.0	0.0	0.6940298507462687	1.0
27625	0.0	0.12681159420289856	0.28442028985507245	0.9710144927536232	0.0	0.16485507246376813	0.3677536231884058	0.5597826086956522	0.0	1.0	1.0	0.2826086956521739	0.3677536231884058	0.338768115942029	0.9909420289855072	1.0	0.0	1.0	0.9601449275362319	1.0	0.0	0.29891304347826086	1.0	1.0
27626	0.1595238095238095	0.6327380952380952	0.35892857142857143	0.8011904761904762	0.050595238095238096	0.015476190476190477	0.5791666666666667	0.8523809523809524	0.033928571428571426	1.0	0.9363095238095238	0.5095238095238095	0.0	0.07202380952380952	0.9880952380952381	1.0	0.0	0.993452380952381	0.8970238095238096	1.0	0.18988095238095237	0.17976190476190476	0.9892857142857143	1.0
27627	0.0	0.6527777777777778	0.0763888888888889	0.9036458333333334	0.0	0.171875	0.4626736111111111	0.5798611111111112	0.0	1.0	0.859375	0.625	0.0	0.07899305555555555	0.9401041666666666	0.9444444444444444	0.0	1.0	0.5685763888888888	1.0	0.0	0.2569444444444444	0.9600694444444444	1.0
27628	0.1315426997245179	0.6694214876033058	0.2926997245179063	0.8402203856749312	0.13292011019283748	0.0	0.493801652892562	0.41115702479338845	0.0	1.0	0.9524793388429752	0.6776859504132231	0.0	0.07644628099173553	0.8643250688705234	1.0	0.0	0.9703856749311295	0.15013774104683195	1.0	0.0	0.0	0.9249311294765841	1.0
27629	0.0	0.5551948051948052	0.0	0.8376623376623377	0.1266233766233766	0.0	0.7521645021645021	0.8246753246753247	0.0	1.0	0.9577922077922078	0.49567099567099565	0.0	0.1461038961038961	0.7478354978354979	1.0	0.0	0.9090909090909091	0.354978354978355	1.0	0.0	0.10714285714285714	0.9426406926406926	1.0
27630	0.0	0.14814814814814814	0.18518518518518517	1.0	0.0	0.0	0.7777777777777778	0.4672364672364672	0.0	1.0	1.0	0.1623931623931624	0.0	0.48717948717948717	0.9658119658119658	1.0	0.0	1.0	0.0	1.0	0.0	0.0	0.9145299145299145	1.0
27631	0.0	0.0	0.601010101010101	0.7474747474747475	0.0	0.22474747474747475	0.8636363636363636	1.0	0.3434343434343434	1.0	0.8813131313131313	0.8207070707070707	0.0	0.0	1.0	1.0	0.0	1.0	0.6287878787878788	1.0	0.0	0.0	1.0	1.0
27632	0.0	0.7840083073727934	0.16926272066458983	0.9428868120456906	0.0	0.0	0.5482866043613707	0.31983385254413293	0.04361370716510903	1.0	0.9003115264797508	0.35514018691588783	0.0	0.0	0.8847352024922118	0.9865005192107996	0.0	1.0	0.39979231568016615	1.0	0.24195223260643822	0.12045690550363447	0.9148494288681205	1.0
27633	0.3356643356643357	0.7272727272727273	0.0	0.9370629370629371	0.0	0.0	0.8578088578088578	0.5501165501165501	0.0	1.0	0.9603729603729604	0.44988344988344986	0.0	0.0	0.9906759906759907	1.0	0.0	1.0	0.9673659673659674	1.0	0.0	0.3076923076923077	0.9813519813519813	1.0
27634	0.0	0.26515151515151514	0.6458333333333334	0.9943181818181818	0.0	0.0	0.4696969696969697	0.5018939393939394	0.0	1.0	1.0	0.35984848484848486	0.32575757575757575	0.0	0.9867424242424242	0.9602272727272727	0.0	1.0	0.6439393939393939	1.0	0.0	0.0	0.9678030303030303	1.0
27635	0.0	0.8106666666666666	0.14266666666666666	0.9946666666666667	0.0	0.0	0.556	0.8026666666666666	0.29733333333333334	1.0	0.9133333333333333	0.0	0.168	0.34933333333333333	0.948	1.0	0.0	1.0	0.37466666666666665	1.0	0.0	0.0	0.8786666666666667	1.0
27636	0.0	0.3463768115942029	0.4101449275362319	0.9971014492753624	0.24057971014492754	0.0	0.5608695652173913	0.8724637681159421	0.0	1.0	0.836231884057971	0.09420289855072464	0.19855072463768117	0.0	0.9449275362318841	1.0	0.0	1.0	0.7855072463768116	1.0	0.13333333333333333	0.0	0.9130434782608695	1.0
27637	0.0	0.6175869120654397	0.1983640081799591	0.9386503067484663	0.0	0.0	0.8997955010224948	0.7924335378323109	0.0	1.0	0.7597137014314929	0.5102249488752556	0.0	0.0	0.9550102249488752	1.0	0.0	0.9478527607361963	0.6666666666666666	1.0	0.0	0.0	0.9846625766871165	1.0
27638	0.0	0.6987767584097859	0.42048929663608564	0.6116207951070336	0.0	0.0	0.8883792048929664	0.6834862385321101	0.0	1.0	0.9954128440366973	0.6896024464831805	0.0	0.0	0.9663608562691132	0.9954128440366973	0.0	0.9373088685015291	0.8730886850152905	1.0	0.0	0.0	1.0	1.0
27639	0.0	0.5027932960893855	0.1601489757914339	0.5456238361266295	0.0	0.0	0.8044692737430168	0.4208566108007449	0.0	1.0	0.2774674115456238	0.17318435754189945	0.0	0.0	0.8845437616387337	1.0	0.0	0.6871508379888268	0.521415270018622	1.0	0.0	0.0	0.8603351955307262	1.0
27640	0.0	0.6878612716763006	0.6859344894026975	1.0	0.11560693641618497	0.0	0.9518304431599229	1.0	0.0	1.0	0.9980732177263969	0.3988439306358382	0.0	0.0	0.9132947976878613	0.8516377649325626	0.0	1.0	0.2909441233140655	1.0	0.0	0.0	1.0	1.0
27641	0.0	0.2814814814814815	0.8740740740740741	1.0	0.0	0.0	1.0	1.0	0.0	1.0	0.9851851851851852	0.26296296296296295	0.0	0.0	0.5296296296296297	1.0	0.0	0.6888888888888889	0.08888888888888889	1.0	0.0	0.0	0.9851851851851852	1.0
27642	0.0	1.0	0.8767123287671232	1.0	0.0	0.0	0.863013698630137	0.4018264840182648	0.0	1.0	1.0	0.6894977168949772	0.0	0.0	1.0	1.0	0.0	1.0	0.8127853881278538	1.0	0.0	0.0	1.0	1.0
27643	0.0	0.6545893719806763	0.0	0.9758454106280193	0.08454106280193237	0.2584541062801932	0.8719806763285024	0.6521739130434783	0.0	1.0	0.4033816425120773	1.0	0.0	0.6666666666666666	0.6932367149758454	1.0	0.0	1.0	0.8236714975845411	1.0	0.2560386473429952	0.0	0.7053140096618358	1.0
27644	0.0	0.7593869731800766	0.06896551724137931	0.896551724137931	0.10344827586206896	0.0	0.46283524904214557	0.5348659003831417	0.0	1.0	0.8888888888888888	0.5578544061302682	0.06896551724137931	0.0	0.685823754789272	0.9632183908045977	0.0	0.9264367816091954	0.7808429118773946	1.0	0.019157088122605363	0.029118773946360154	0.978544061302682	1.0
27645	0.3055555555555556	0.7956349206349206	0.32936507936507936	1.0	0.0	0.0	0.43253968253968256	0.3273809523809524	0.0	1.0	1.0	0.43253968253968256	0.0	0.0	0.7261904761904762	1.0	0.0	0.9821428571428571	0.8055555555555556	1.0	0.0	0.40674603174603174	0.9761904761904762	1.0
27646	0.16242424242424242	0.8981818181818182	0.17333333333333334	0.5684848484848485	0.0	0.0	0.5127272727272727	0.2206060606060606	0.0	1.0	0.8290909090909091	0.3321212121212121	0.0	0.0	0.7866666666666666	1.0	0.0	0.7478787878787879	0.9915151515151515	1.0	0.0	0.3563636363636364	0.9709090909090909	1.0
27647	0.0	0.4125560538116592	0.2257100149476831	0.5411061285500748	0.0	0.052316890881913304	0.8789237668161435	0.49177877428998507	0.0	1.0	0.9402092675635276	0.5246636771300448	0.0	0.37070254110612855	0.7070254110612855	1.0	0.0	1.0	0.8699551569506726	1.0	0.0	0.242152466367713	1.0	1.0
27648	0.0	0.8095238095238095	0.7037037037037037	0.7530864197530864	0.0	0.0	0.9012345679012346	0.9488536155202821	0.0	1.0	1.0	0.7072310405643739	0.0	0.06701940035273368	0.9576719576719577	1.0	0.0	1.0	0.7231040564373897	1.0	0.14814814814814814	0.24691358024691357	1.0	1.0
27649	0.0	1.0	0.5591397849462365	1.0	0.0	0.0	1.0	0.7132616487455197	0.0	1.0	0.989247311827957	0.0	0.0	0.0035842293906810036	1.0	1.0	0.0	1.0	0.0	1.0	0.0	0.0	1.0	1.0
27650	0.0	0.6597222222222222	0.6493055555555556	1.0	0.0	0.0	0.4409722222222222	1.0	0.0	1.0	1.0	0.0	0.0	0.0	1.0	1.0	0.1909722222222222	1.0	0.10416666666666667	1.0	0.0	0.0	1.0	1.0
27651	0.0	0.882051282051282	0.0	1.0	0.47435897435897434	0.0	0.517948717948718	0.8025641025641026	0.0	1.0	0.9564102564102565	0.7384615384615385	0.0	0.2230769230769231	1.0	1.0	0.0	0.6743589743589744	0.0	1.0	0.07692307692307693	0.0	1.0	1.0
27652	0.0	0.6883116883116883	0.8917748917748918	0.8354978354978355	0.4458874458874459	0.0	0.9956709956709957	0.961038961038961	0.0	1.0	1.0	0.6017316017316018	0.5064935064935064	0.0	0.3939393939393939	0.9956709956709957	0.0	0.8831168831168831	0.9437229437229437	1.0	0.35064935064935066	0.0	1.0	1.0
27653	0.0	1.0	0.32222222222222224	0.8305555555555556	0.0	0.0	0.35555555555555557	1.0	0.0	1.0	1.0	0.8833333333333333	0.0	0.0	1.0	1.0	0.0	1.0	0.7083333333333334	1.0	0.0	0.0	0.8472222222222222	1.0
27654	0.6138211382113821	1.0	0.3008130081300813	0.8719512195121951	0.0	0.0	0.0	0.483739837398374	0.0	1.0	1.0	0.5182926829268293	0.06097560975609756	0.5142276422764228	0.9126016260162602	1.0	0.0	0.8414634146341463	0.9207317073170732	1.0	0.0	0.6138211382113821	0.9939024390243902	1.0
27655	0.0	0.7814569536423841	0.0	0.9470198675496688	0.0	0.0	0.8189845474613686	0.37748344370860926	0.0	1.0	0.8940397350993378	0.8719646799116998	0.12582781456953643	0.0	1.0	1.0	0.0	1.0	0.8013245033112583	1.0	0.0	0.2781456953642384	1.0	1.0
27656	0.0	0.3612004287245445	0.0	0.5005359056806002	0.0	0.0	0.49732047159699894	0.5659163987138264	0.0	0.9528403001071811	0.9121114683815649	0.21436227224008575	0.1007502679528403	0.13290460878885316	1.0	1.0	0.0	0.8338692390139335	0.4683815648445874	1.0	0.0	0.5809217577706324	0.9871382636655949	1.0
27657	0.0	1.0	0.10328638497652583	0.8732394366197183	0.4507042253521127	0.0	1.0	0.7511737089201878	0.0	1.0	1.0	0.7183098591549296	0.49295774647887325	0.0	1.0	1.0	0.0	1.0	0.10328638497652583	1.0	0.0	0.0	1.0	1.0
27658	0.0	0.251984126984127	0.29563492063492064	1.0	0.0	0.0	0.8174603174603174	0.6785714285714286	0.0	1.0	0.9563492063492064	0.753968253968254	0.0	0.0	0.9563492063492064	0.9821428571428571	0.13293650793650794	1.0	0.5932539682539683	1.0	0.0	0.0	0.9404761904761905	1.0
27659	0.0	0.7925925925925926	0.15555555555555556	0.8388888888888889	0.3851851851851852	0.0	0.40185185185185185	0.10925925925925926	0.0	1.0	0.8481481481481481	0.4685185185185185	0.0	0.0	0.9	1.0	0.0	0.9703703703703703	0.6981481481481482	1.0	0.0	0.12407407407407407	1.0	1.0
27660	0.0	0.9852941176470589	0.0	1.0	0.5196078431372549	0.0	1.0	0.0	0.0	1.0	1.0	1.0	0.0	0.0	1.0	1.0	0.0	1.0	0.553921568627451	1.0	0.5441176470588235	0.0	1.0	1.0
27661	0.0	0.22522522522522523	0.0	0.0	0.0	0.0	0.6306306306306306	0.8828828828828829	0.0	1.0	0.8018018018018018	0.0	0.0	0.0	0.9279279279279279	1.0	0.0	0.6486486486486487	1.0	0.8648648648648649	0.0	0.5495495495495496	1.0	1.0
27662	0.0	0.6361904761904762	0.0	0.6342857142857142	0.0	0.0	0.22095238095238096	0.8171428571428572	0.0	0.9657142857142857	0.8742857142857143	0.7028571428571428	0.0	0.0	1.0	1.0	0.0	0.580952380952381	0.5638095238095238	1.0	0.03238095238095238	0.0	0.7295238095238096	1.0
27663	0.0	0.07951070336391437	0.0	1.0	0.01834862385321101	0.0	0.04892966360856269	0.6269113149847095	0.0	1.0	0.8562691131498471	0.0	0.0	0.0	0.9143730886850153	1.0	0.0	1.0	0.0	1.0	0.0030581039755351682	0.0	0.6513761467889908	1.0
27664	0.0	0.25444702242846096	0.19102861562258314	0.60015467904099	0.0	0.18097447795823665	0.6156225831399845	0.6249033255993813	0.0	1.0	0.8360402165506574	0.21345707656612528	0.0	0.0	0.9118329466357309	1.0	0.0	0.9930394431554525	0.402938901778809	1.0	0.09976798143851508	0.07965970610982212	0.6728538283062645	1.0
27665	0.0	0.3814814814814815	0.32592592592592595	0.6888888888888889	0.0	0.0	0.6962962962962963	0.8962962962962963	0.0	1.0	0.6185185185185185	0.6	0.0	0.0	0.5666666666666667	1.0	0.0	1.0	0.1111111111111111	1.0	0.1111111111111111	0.9185185185185185	1.0	1.0
27666	0.0	0.7307692307692307	0.0	0.9294871794871795	0.0	0.36538461538461536	0.4722222222222222	0.32264957264957267	0.0	1.0	0.9957264957264957	0.0	0.0	0.5341880341880342	1.0	0.9423076923076923	0.0	0.5192307692307693	0.5534188034188035	1.0	0.0	0.0	1.0	0.967948717948718
27667	0.0	0.7596371882086168	0.34089191232048377	0.9743008314436886	0.16099773242630386	0.0	0.8163265306122449	0.6938775510204082	0.0	1.0	0.8117913832199547	0.490551776266062	0.0	0.0	0.9901738473167044	1.0	0.0	0.9440665154950869	0.5162509448223734	1.0	0.08238851095993953	0.0	0.9606953892668179	1.0
27668	0.0	1.0	0.0	0.7849462365591398	0.0	0.0	1.0	0.7903225806451613	0.0	1.0	0.8978494623655914	1.0	0.0	0.0	1.0	0.956989247311828	0.0	0.8602150537634409	0.6290322580645161	1.0	0.0	0.0	1.0	1.0
27669	0.0	0.896640826873385	0.3875968992248062	0.9819121447028424	0.0	0.0	0.6382428940568475	0.4883720930232558	0.0	1.0	0.7829457364341085	0.2971576227390181	0.22997416020671835	0.03617571059431524	1.0	1.0	0.0	1.0	0.4263565891472868	1.0	0.0	0.0	0.8552971576227391	1.0
27670	0.0	0.4868421052631579	0.19078947368421054	1.0	0.0	0.0	0.5504385964912281	0.31798245614035087	0.0	1.0	0.8464912280701754	0.6030701754385965	0.0	0.0	0.9627192982456141	1.0	0.0	0.9868421052631579	0.33114035087719296	1.0	0.0	0.5416666666666666	1.0	1.0
27671	0.0	0.4030131826741996	0.0	0.8775894538606404	0.0	0.0	0.7288135593220338	0.23540489642184556	0.0	1.0	0.807909604519774	0.4256120527306968	0.0	0.263653483992467	1.0	1.0	0.0	1.0	0.935969868173258	1.0	0.0	0.0	1.0	1.0
27672	0.0	0.44028520499108736	0.37373737373737376	0.9215686274509803	0.0	0.0	0.6060606060606061	0.7243018419489008	0.09387997623291741	1.0	0.8835412953060012	0.7338086749851456	0.16636957813428402	0.0	0.928698752228164	1.0	0.0	0.9750445632798574	0.6161616161616161	1.0	0.0796197266785502	0.0	0.9726678550207962	1.0
27673	0.0	0.6835443037974683	0.2548523206751055	0.8708860759493671	0.13164556962025317	0.0	0.7974683544303798	0.6590717299578059	0.0	1.0	0.9527426160337553	0.3468354430379747	0.0	0.06160337552742616	0.9755274261603376	1.0	0.0	1.0	0.9257383966244725	1.0	0.0	0.0	0.880168776371308	1.0
27674	0.12034514078110808	0.7120799273387829	0.21798365122615804	0.9800181653042689	0.1371480472297911	0.08038147138964577	0.8147138964577657	0.7229791099000908	0.0	1.0	0.8755676657584015	0.5395095367847411	0.12306993642143506	0.1553133514986376	0.9318801089918256	1.0	0.0	0.9663941871026339	0.7465940054495913	1.0	0.0	0.24069028156221617	0.9032697547683923	1.0
27675	0.0	0.6464646464646465	0.0	1.0	0.0	0.0	1.0	1.0	0.0	1.0	1.0	0.0	0.0	0.0	1.0	1.0	0.0	1.0	0.2828282828282828	1.0	0.0	0.0	1.0	1.0
27676	0.0	0.45607701564380265	0.37184115523465705	1.0	0.0	0.0	0.8784596871239471	0.2214199759326113	0.0	1.0	0.9987966305655837	0.5932611311672683	0.2695547533092659	0.44885679903730447	0.9434416365824309	1.0	0.0	0.9482551143200962	0.7689530685920578	1.0	0.0	0.0	0.7111913357400722	1.0
27677	0.0	0.768566493955095	0.0	0.7366148531951641	0.0	0.1692573402417962	0.7115716753022453	0.582901554404145	0.0	1.0	0.9844559585492227	0.21070811744386875	0.0	0.0	0.616580310880829	0.9974093264248705	0.0	1.0	0.5	1.0	0.0	0.0	0.9058721934369602	1.0
27678	0.22452504317789293	0.6614853195164075	0.28411053540587217	0.8229706390328152	0.0	0.0	0.8376511226252159	0.9447322970639033	0.0	1.0	0.9196891191709845	0.6269430051813472	0.19602763385146804	0.07858376511226252	0.9222797927461139	0.9870466321243523	0.0	1.0	0.7901554404145078	1.0	0.0	0.10276338514680483	0.8825561312607945	1.0
27679	0.0	0.6251788268955651	0.11945636623748211	0.9599427753934192	0.06580829756795423	0.0	0.7138769670958512	0.7188841201716738	0.0	0.9957081545064378	0.9141630901287554	0.3540772532188841	0.060085836909871244	0.035050071530758224	1.0	0.9391988555078684	0.0	0.9663805436337625	0.7532188841201717	1.0	0.0	0.10801144492131616	0.9556509298998569	1.0
27680	0.015187849720223821	0.2533972821742606	0.11990407673860912	0.8097521982414069	0.0	0.0	0.5411670663469225	0.6107114308553158	0.0	1.0	0.8760991207034372	0.4636290967226219	0.0	0.20623501199040767	1.0	1.0	0.0	0.8960831334932055	0.8609112709832134	1.0	0.08233413269384493	0.1286970423661071	0.8337330135891287	1.0
27681	0.0	0.6072968490878938	0.169485903814262	0.7681592039800995	0.05737976782752902	0.03648424543946932	0.6029850746268657	0.7877280265339967	0.0	1.0	0.9456053067993366	0.542620232172471	0.2494195688225539	0.06533996683250415	0.956882255389718	1.0	0.0	0.9946932006633499	0.49651741293532337	1.0	0.13366500829187397	0.33499170812603646	0.9917081260364843	1.0
27682	0.0	0.5889255592225889	0.15181518151815182	0.8896222955628896	0.10047671433810047	0.0	0.8041804180418042	0.570957095709571	0.0	1.0	0.9684635130179685	0.4598459845984598	0.0022002200220022	0.0	0.9761642830949762	1.0	0.034836817015034834	0.9842317565089842	0.7686101943527686	1.0	0.12247891455812247	0.0	0.935093509350935	1.0
27683	0.0	0.4885193982581156	0.2905779889152811	0.6951702296120348	0.0166270783847981	0.0	0.784639746634996	0.7735550277117973	0.0	0.9992082343626286	0.9026128266033254	0.17973079968329375	0.0	0.1789390340459224	0.8717339667458432	1.0	0.0	0.9738717339667459	0.8907363420427553	1.0	0.0791765637371338	0.11955661124307206	1.0	1.0
27684	0.0	0.825836216839677	0.38985005767012687	0.9354094579008074	0.0	0.0	0.7647058823529411	0.7139561707035755	0.0	0.9515570934256056	0.9907727797001153	0.3621683967704729	0.18685121107266436	0.2906574394463668	0.9953863898500577	1.0	0.34832756632064593	0.9930795847750865	0.9492502883506344	1.0	0.0	0.0	0.8881199538638985	1.0
27685	0.0	0.7195571955719557	0.16851168511685116	0.7576875768757687	0.07749077490774908	0.0	0.7761377613776138	0.7884378843788438	0.0	0.996309963099631	1.0	0.3628536285362854	0.0	0.0	0.8683886838868389	1.0	0.0	1.0	0.7023370233702337	1.0	0.18450184501845018	0.0	0.8856088560885609	1.0
27686	0.0	0.0	0.0	0.22839506172839505	0.0	0.0	0.0	0.0	0.0	1.0	0.0	0.0	0.0	0.0	0.16049382716049382	0.33539094650205764	0.0	0.0	0.0	0.6213991769547325	0.0	0.0	0.7325102880658436	0.9279835390946503
27687	0.0	0.4250559284116331	0.0	0.8859060402684564	0.0	0.0	0.9955257270693513	0.15436241610738255	0.0	1.0	0.8076062639821029	0.40939597315436244	0.0	0.0	0.8903803131991052	1.0	0.0	0.941834451901566	0.9060402684563759	1.0	0.0	0.0	0.8568232662192393	1.0
27688	0.23659003831417624	0.671455938697318	0.0	0.7969348659003831	0.08333333333333333	0.0	0.7021072796934866	0.6676245210727969	0.14272030651340997	1.0	0.8227969348659003	0.764367816091954	0.21551724137931033	0.3668582375478927	0.9195402298850575	1.0	0.16379310344827586	0.8783524904214559	0.45306513409961685	1.0	0.24329501915708812	0.6302681992337165	1.0	1.0
27689	0.0	0.5446428571428571	0.0	0.5327380952380952	0.0	0.0	0.7738095238095238	0.625	0.0	1.0	0.7678571428571429	0.8303571428571429	0.0	0.0	0.9583333333333334	0.8541666666666666	0.0	0.7291666666666666	0.008928571428571428	0.9375	0.0	0.0	0.5684523809523809	1.0
27690	0.14138576779026218	0.6919475655430711	0.5777153558052435	0.9194756554307116	0.21722846441947566	0.0	0.8941947565543071	0.8314606741573034	0.2799625468164794	1.0	0.9775280898876404	0.5571161048689138	0.0	0.35580524344569286	0.8642322097378277	1.0	0.1404494382022472	1.0	0.8267790262172284	1.0	0.0	0.352059925093633	0.8717228464419475	1.0
27691	0.0	0.9139784946236559	0.6774193548387096	0.9554531490015361	0.04608294930875576	0.0	1.0	0.8540706605222734	0.0	1.0	0.9262672811059908	0.7373271889400922	0.0	0.0	1.0	1.0	0.0	1.0	0.9185867895545314	1.0	0.0	0.0	1.0	1.0
27692	0.9650793650793651	0.638095238095238	0.0	0.5365079365079365	0.0	0.3047619047619048	0.38412698412698415	0.9650793650793651	0.012698412698412698	1.0	0.9873015873015873	0.46984126984126984	0.9111111111111111	0.926984126984127	0.9968253968253968	0.8793650793650793	0.8412698412698413	0.42857142857142855	0.9396825396825397	0.9968253968253968	0.9142857142857143	0.8412698412698413	0.9904761904761905	0.8095238095238095
27693	0.0	0.5119825708061002	0.19825708061002179	0.8169934640522876	0.10675381263616558	0.0	0.7843137254901961	0.8082788671023965	0.0	1.0	0.8518518518518519	1.0	0.0	0.0	1.0	1.0	0.0	1.0	0.28322440087145967	1.0	0.0	0.0	0.8627450980392157	1.0
27694	0.0	0.904029304029304	0.18754578754578755	0.8490842490842491	0.0	0.0	0.6783882783882784	0.7787545787545788	0.0	1.0	0.9164835164835164	0.6168498168498169	0.23443223443223443	0.1772893772893773	0.9758241758241758	1.0	0.0	1.0	0.5721611721611721	1.0	0.0	0.0	1.0	1.0
27695	0.0	0.2971014492753623	0.0	0.3188405797101449	0.0	0.0	0.3695652173913043	0.9202898550724637	0.0	1.0	1.0	0.32608695652173914	0.0	0.0	0.6884057971014492	1.0	0.0	1.0	0.0	1.0	0.0	1.0	0.9130434782608695	1.0
27696	0.0	0.30158730158730157	0.0	0.5555555555555556	0.0	0.0	0.23809523809523808	0.4708994708994709	0.0	0.1164021164021164	0.0	0.9576719576719577	0.0	0.0	0.35978835978835977	0.5185185185185185	0.0	0.13227513227513227	0.671957671957672	0.5185185185185185	0.0	0.0	0.0	0.8677248677248677
27697	0.4740740740740741	0.7333333333333333	0.15925925925925927	1.0	0.0	0.0	1.0	0.0	0.0	1.0	1.0	0.0	0.0	0.0	1.0	1.0	0.45555555555555555	1.0	0.0	1.0	0.0	0.0	0.6296296296296297	1.0
27698	0.0	0.6629834254143646	0.1703499079189687	1.0	0.14548802946593	0.0	0.7108655616942909	0.7688766114180479	0.13904235727440148	1.0	0.9548802946593001	0.5441988950276243	0.4125230202578269	0.32136279926335176	0.8204419889502762	0.9953959484346224	0.0	0.9622467771639043	0.7467771639042358	1.0	0.09668508287292818	0.0	1.0	1.0
27699	0.0	0.5669642857142857	0.36160714285714285	0.9523809523809523	0.0	0.0	0.7217261904761905	0.7023809523809523	0.0	1.0	0.7261904761904762	0.6919642857142857	0.0	0.0	0.9464285714285714	0.9122023809523809	0.22023809523809523	0.8586309523809523	0.31101190476190477	0.9985119047619048	0.2961309523809524	0.0	0.7574404761904762	0.9910714285714286
27700	0.0	0.5619546247818499	0.06806282722513089	0.6474694589877836	0.0	0.0	0.5619546247818499	0.6387434554973822	0.0	0.9179755671902269	0.6404886561954625	0.47469458987783597	0.0	0.0	0.41710296684118675	0.5986038394415357	0.0	1.0	0.15357766143106458	0.9267015706806283	0.0	0.0	0.6910994764397905	1.0
27701	0.262015503875969	0.8317829457364341	0.11937984496124031	0.9062015503875969	0.09147286821705426	0.2596899224806202	0.7217054263565892	1.0	0.0	1.0	0.8852713178294573	0.889922480620155	0.3116279069767442	0.29224806201550385	0.9883720930232558	1.0	0.12093023255813953	1.0	0.9224806201550387	1.0	0.1937984496124031	0.11705426356589148	0.9961240310077519	1.0
27702	0.0	0.1388888888888889	0.3472222222222222	1.0	0.41944444444444445	0.44722222222222224	0.8666666666666667	1.0	0.5444444444444444	1.0	1.0	0.0	0.0	0.0	1.0	1.0	0.41944444444444445	0.7333333333333333	0.6472222222222223	1.0	0.0	0.0	1.0	1.0
27703	0.5133333333333333	0.4911111111111111	0.24666666666666667	1.0	0.0	0.0	0.8222222222222222	0.5488888888888889	0.08444444444444445	1.0	0.4911111111111111	0.54	0.0	0.0	1.0	1.0	0.0	1.0	0.40444444444444444	1.0	0.0	0.0	1.0	1.0
27704	0.0	0.02040816326530612	0.0	0.17346938775510204	0.37755102040816324	0.0	0.8231292517006803	0.9013605442176871	0.0	1.0	0.7619047619047619	0.3707482993197279	0.0	0.336734693877551	1.0	1.0	0.1054421768707483	1.0	0.0	1.0	0.0	0.5136054421768708	1.0	1.0
27705	0.0	0.5	0.5185185185185185	0.0	0.0	0.0	0.21296296296296297	0.0	0.0	1.0	1.0	0.0	0.0	0.17592592592592593	1.0	1.0	0.0	1.0	0.0	1.0	0.0	0.0	1.0	1.0
27706	0.0	0.6825396825396826	0.0	0.9126984126984127	0.0	0.0	0.40674603174603174	0.3472222222222222	0.0	1.0	0.8134920634920635	0.19642857142857142	0.17857142857142858	0.0	0.8829365079365079	1.0	0.0	1.0	0.6428571428571429	1.0	0.0	0.18253968253968253	0.9900793650793651	1.0
27707	0.26988382484361034	0.3762287756925827	0.0	0.902591599642538	0.0	0.0	0.9294012511170688	0.7381590705987489	0.0	1.0	0.7149240393208222	0.4075067024128686	0.0	0.1966041108132261	0.8427167113494192	0.9848078641644326	0.0	0.9758713136729222	0.47810545129579984	1.0	0.0	0.0	0.9133154602323503	1.0
27708	0.0	0.8101545253863135	0.2980132450331126	1.0	0.0	0.0	0.82560706401766	0.6710816777041942	0.5187637969094923	1.0	0.8830022075055187	0.8013245033112583	0.1434878587196468	0.0	1.0	1.0	0.0	1.0	0.5143487858719646	1.0	0.09713024282560706	0.0	1.0	1.0
27709	0.0	1.0	0.0	0.8603988603988604	0.0	0.0	0.9002849002849003	0.14814814814814814	0.0	0.886039886039886	0.9145299145299145	1.0	0.0	0.4358974358974359	0.8888888888888888	0.9943019943019943	0.0	0.8746438746438746	0.36182336182336183	1.0	0.0	0.0	0.8005698005698005	0.9344729344729344
27710	0.0	0.6818181818181818	0.0	0.7393939393939394	0.4393939393939394	0.0	0.9090909090909091	0.5878787878787879	0.24242424242424243	1.0	1.0	0.5	0.0	0.0	1.0	1.0	0.0	1.0	0.9363636363636364	1.0	0.4393939393939394	0.38484848484848483	1.0	1.0
27711	0.0	0.7629310344827587	0.26436781609195403	0.7787356321839081	0.0	0.0	0.8908045977011494	0.5517241379310345	0.0	1.0	0.8505747126436781	0.34339080459770116	0.0	0.11925287356321838	0.9841954022988506	1.0	0.0	1.0	0.8419540229885057	1.0	0.27011494252873564	0.0	1.0	1.0
27712	0.0	0.7648864333947207	0.4468999386126458	0.9858809085328423	0.10313075506445672	0.0	0.90914671577655	0.937998772252916	0.058931860036832415	1.0	0.8882750153468385	0.7427869858809085	0.09330877839165132	0.20748925721301412	0.9938612645794966	1.0	0.0	0.992633517495396	0.9662369551872314	1.0	0.2222222222222222	0.18538980969920196	0.9723756906077348	1.0
