gene_callers_id	sample_01_reads_against_MAGs	sample_02_reads_against_MAGs	sample_03_reads_against_MAGs	sample_04_reads_against_MAGs	sample_05_reads_against_MAGs	sample_06_reads_against_MAGs	sample_07_reads_against_MAGs	sample_08_reads_against_MAGs	sample_09_reads_against_MAGs	sample_10_reads_against_MAGs	sample_11_reads_against_MAGs	sample_12_reads_against_MAGs	sample_13_reads_against_MAGs	sample_14_reads_against_MAGs	sample_15_reads_against_MAGs	sample_16_reads_against_MAGs	sample_17_reads_against_MAGs	sample_18_reads_against_MAGs	sample_19_reads_against_MAGs	sample_20_reads_against_MAGs	sample_21_reads_against_MAGs	sample_22_reads_against_MAGs	sample_23_reads_against_MAGs	sample_24_reads_against_MAGs
18239	0.0	1.1533516988062442	0.0	0.0	0.0	0.0	0.0	0.0	0.0	12.063872255489022	1.0733399405351833	0.0	0.0	0.0	1.0572289156626506	0.0	0.0	7.255497382198953	1.673559822747415	0.0	0.0	0.0	0.0	0.0
18240	0.0	5.474626865671642	3.9444444444444446	0.0	0.0	0.0	0.0	0.0	0.0	4.727959697732998	2.3134920634920637	0.0	0.0	0.12301587301587301	0.909952606635071	0.0	0.0	17.060606060606062	5.836776859504132	0.06746031746031746	0.0	0.0	0.0	0.0
18241	0.0	1.3255813953488371	0.0	0.0	0.0	0.0	0.12048192771084337	0.0	0.0	7.050691244239632	7.747252747252747	0.0	0.0	0.0	1.3895582329317269	0.0	0.0	6.623376623376624	2.3373493975903616	0.0	0.0	1.8714859437751004	0.0	0.0
18242	0.0	2.028169014084507	0.0	0.0	0.0	0.0	0.32491582491582494	0.0	0.0	6.780933062880324	4.2653562653562656	0.0	0.0	0.0	1.4528619528619529	0.0	0.0	4.338053097345132	1.0303030303030303	0.0	0.0	0.0	1.387205387205387	0.0
18243	0.0	2.1598915989159893	0.0	0.0	0.0	0.0	0.0	0.0	0.0	6.891891891891892	2.141843971631206	0.0	0.0	3.3461538461538463	1.3819951338199514	0.0	0.0	10.179775280898877	3.589385474860335	0.04866180048661801	0.0	0.0	0.16058394160583941	0.6520681265206812
18244	0.0	2.6497730711043874	1.7400881057268722	0.0	0.0	0.0	0.0	0.0	0.0	8.838411819021237	3.318287937743191	0.0	0.4133627019089574	0.4522760646108664	0.9470355731225296	0.0	0.0	11.430902111324377	5.111201962387572	0.0	0.0	0.0	0.0	0.0
18245	0.0	1.9537712895377128	0.0340632603406326	0.0	0.0	0.0	0.0	0.0	0.0	2.3207547169811322	1.1308562197092085	0.0	0.0	0.0	0.683698296836983	0.0	0.0	12.821533923303836	2.1662049861495847	0.0	0.0	0.0	0.0	0.0
18246	0.0	0.7493975903614458	0.0	0.0	0.0	0.0	0.0	0.0	0.0	11.790229885057471	4.042884990253412	0.0	0.0	0.0	2.3925049309664694	0.0	0.0	5.604395604395604	3.293827160493827	0.0	0.0	0.0	0.0	0.0
18247	0.0	2.0263819095477387	0.6416040100250626	0.0	0.0	0.0	0.0	0.0	0.0	8.79242819843342	5.295492487479132	0.0	0.0	0.0	0.0	0.0	0.0	14.283208020050125	3.2492401215805473	0.5288220551378446	0.0	0.0	0.0	0.0
18248	0.0	0.0	2.4345238095238093	0.0	0.0	0.0	3.4464285714285716	0.0	0.0	21.2992700729927	0.7261904761904762	1.4523809523809523	0.0	0.0	2.3333333333333335	0.0	0.0	12.523809523809524	2.0	0.8809523809523809	0.0	1.3035714285714286	0.6369047619047619	0.0
18249	0.0	1.6216216216216217	0.7196969696969697	0.0	0.0	0.0	0.011363636363636364	0.0	0.0	9.254273504273504	3.9747081712062258	0.0	0.0	1.3958333333333333	0.0	0.0	0.0	7.026923076923077	9.854014598540147	0.7954545454545454	0.0	0.8579545454545454	1.121212121212121	0.0
18250	0.0	2.7059206245933636	0.7135614702154626	0.0	0.0	0.0	0.0	0.0	0.0	13.347908745247148	3.9935141509433962	0.0	1.1462291306850891	0.0	2.099502487562189	0.0	0.0	10.55225988700565	4.542553191489362	0.10005527915975677	0.39248203427307904	0.7735384615384615	0.0	0.0
18251	0.0	1.8066595059076263	0.5795880149812734	0.0	0.0	0.0	0.7509363295880149	0.0	0.0	8.44675925925926	6.819401444788442	1.3202247191011236	0.29681647940074907	0.0	0.0	0.0	0.0	14.794715447154472	3.7564102564102564	0.3529962546816479	0.0	0.7872062663185379	0.0	0.0
18252	0.0	1.1831501831501832	1.065934065934066	0.0	0.0	0.0	0.0	0.0	0.0	11.890151515151516	5.109022556390977	1.1355311355311355	0.0	0.0	0.0	0.0	0.0	9.155038759689923	2.8622047244094486	0.0	0.0	0.0	0.9926739926739927	0.0
18253	0.0	2.366863905325444	3.00218818380744	0.0	0.0	0.0	0.7480916030534351	0.0	0.0	13.180851063829786	2.0765661252900234	0.0	0.0	0.0	0.0	0.0	0.0	10.75108225108225	9.705050505050504	0.0	0.0	0.8284023668639053	0.0	0.5956607495069034
18254	0.0	0.0	0.7333333333333333	0.0	0.0	0.8583333333333333	1.1	0.0	0.0	4.483870967741935	0.0	0.0	0.0	0.0	0.0	0.0	0.0	3.091666666666667	0.825	0.0	0.0	0.0	0.0	0.0
18255	0.0	2.723684210526316	0.8430609597924773	0.0	0.0	0.0	0.0	0.0	0.0	15.483870967741936	2.9515072083879423	0.0	0.0	0.2905317769130999	1.1517509727626458	0.0	0.0	10.690363349131122	5.360902255639098	0.0	0.0	0.38002594033722437	0.0	0.0
18256	0.0	3.7556109725685785	0.0	0.0	0.0	0.0	0.3903030303030303	0.0	0.0	8.124174372523118	4.331884057971014	0.0	0.0	0.0	1.5260606060606061	0.0	0.0	5.528700906344411	3.834215167548501	0.0	0.0	0.0	0.0	0.0
18257	0.0	2.644012944983819	0.0	0.0	0.0	0.0	0.0	0.0	0.0	5.853383458646617	0.627831715210356	0.0	0.0	0.0	2.501618122977346	0.0	0.0	6.716599190283401	3.8162393162393164	0.0	0.0	0.9773462783171522	0.0	0.0
18258	0.0	2.0438413361169103	0.0	0.0	0.0	0.0	0.0	0.0	0.0	7.167539267015707	1.4567901234567902	0.5864197530864198	0.0	0.0	1.2366255144032923	0.0	0.0	9.093360995850622	5.048022598870056	0.0	0.0	0.0	0.7990074441687345	0.0
18259	0.0	2.004694835680751	0.0	0.0	0.0	0.0	0.0	0.0	0.0	9.644417475728156	1.7578231292517006	0.0	0.0	0.0	0.0	0.0	0.0	9.247692307692308	3.3951497860199713	0.0	0.0	0.0	0.0	0.0
18260	0.8133971291866029	2.347572815533981	0.0	0.0	0.0	0.03777148253068933	0.0	0.0	0.0	8.235638921453694	1.7904761904761906	0.0	0.0	0.0	0.0	0.0	0.0	12.099778270509978	2.289740698985344	0.0	0.0	0.0	0.0	0.0
18261	0.0	1.4787676935886762	0.0	0.0	0.0	0.0	0.40459224069675376	0.0	0.0	5.879799666110183	1.9141323792486584	0.0	0.0	0.0	0.0	0.0	0.0	9.756155679110405	3.7854812398042412	0.15914489311163896	0.0	0.0	0.38954869358669836	0.0
18262	0.0	3.031784841075795	1.3610451306413303	0.0	0.0	0.0	0.27505827505827507	0.0	0.0	7.375291375291376	2.1165501165501164	0.0	0.0	0.0	0.0	0.0	0.0	4.408163265306122	1.2214452214452214	0.0	0.0	0.0	0.0	0.0
18263	0.0	0.0	0.0	0.0	0.0	0.0	0.0	0.0	0.0	9.395027624309392	0.0	0.0	0.0	0.0	1.7743589743589743	0.0	0.0	7.703896103896104	3.8953168044077136	0.0	0.0	0.0	0.0	0.0
18264	0.0	3.804232804232804	0.0	0.0	0.0	0.0	0.0	0.0	0.0	7.08551881413911	1.9001447178002895	0.0	0.0	0.0	0.0	0.0	0.0	4.890829694323144	1.5945558739255015	0.0	0.0	0.0	0.0	0.0
18265	0.0	1.975609756097561	0.0	0.0	0.0	0.0	0.12737127371273713	0.0	0.0	9.75811209439528	3.317073170731707	0.0	0.06775067750677506	0.0	1.9403794037940378	0.0	0.0	5.330065359477124	1.9841772151898733	0.15176151761517614	0.0	0.0	0.0	0.0
18266	0.0	2.258992805755396	0.0	0.0	0.0	0.0	0.815347721822542	0.0	0.0	8.57615894039735	0.7194244604316546	0.0	0.0	0.0	1.9640287769784173	0.0	0.0	8.43939393939394	3.0146341463414634	0.0	0.0	0.0	0.23980815347721823	0.0
18267	0.0	4.838709677419355	0.0	0.0	0.0	0.0	0.0	0.0	0.0	5.538011695906433	1.1345029239766082	0.38596491228070173	0.0	0.0	0.0	0.0	0.0	5.562043795620438	0.0	1.327485380116959	2.263157894736842	0.0	2.0584795321637426	0.0
18268	0.0	0.961730449251248	0.0	0.0	0.0	0.0	0.0	0.0	0.0	7.44189852700491	1.0913793103448275	0.0	0.0	0.0	0.9786535303776683	0.0	0.0	6.984057971014493	2.8674911660777385	0.0	0.0	0.0	0.9391304347826087	0.0
18269	0.0	0.15384615384615385	0.0	0.0	0.0	0.0	0.0	1.393939393939394	0.0	6.117469879518072	2.935233160621762	0.0	0.06993006993006994	0.0	1.878787878787879	0.0	0.0	5.102564102564102	0.8205128205128205	0.0	0.0	0.0	0.0	0.0
18270	0.0	0.0	2.287037037037037	0.0	0.0	0.0	0.0	0.0	0.0	7.808864265927978	3.6783625730994154	0.0	0.0	0.0	1.1130604288499026	0.0	0.0	8.053333333333333	2.3567251461988303	0.0	0.0	0.0	0.0	0.0
18271	0.0	0.0	0.6755952380952381	0.0	0.0	0.0	0.0	0.0	0.0	9.172413793103448	3.371647509578544	0.0	0.0	0.0	0.13988095238095238	0.0	0.0	7.96140350877193	2.88768115942029	0.0	0.25595238095238093	0.0	0.4107142857142857	0.0
18272	0.0	0.4708798017348203	0.0	0.0	0.0	0.0	0.0	0.0	0.0	12.514331210191083	0.7620817843866171	0.0	0.0	0.0	0.0	0.0	0.0	5.789699570815451	1.1430536451169189	1.453551912568306	0.0	0.0	1.6629491945477075	0.0
18273	0.0	2.29800629590766	0.3141186299081036	0.0	0.0	0.0	0.0	0.0	0.5622389306599833	5.68068068068068	0.8311965811965812	0.0	0.0	0.0	0.8028028028028028	0.0	0.0	6.444922547332186	3.001011122345804	0.0	0.0	0.0	0.0	0.0
18274	0.0	2.74	0.0	0.0	0.0	0.0	0.0	0.0	0.0	4.988738738738738	0.0	0.0	0.0	0.0	0.36444444444444446	0.0	0.0	6.8652291105121295	0.44666666666666666	0.0	0.0	0.0	0.72	0.76
18275	0.0	0.0	0.0	0.0	0.0	0.0	0.0	0.0	0.0	8.097560975609756	6.972477064220183	0.0	3.6260162601626016	0.0	4.560975609756097	0.0	0.0	4.203252032520325	0.0	0.0	0.0	0.0	0.0	0.0
18276	0.0	0.004975124378109453	0.0	0.0	0.0	0.0	0.0	0.0	0.0	11.967661691542288	4.75076923076923	0.0	0.0	0.0	0.15920398009950248	0.0	0.0	11.789203084832906	2.8328611898016995	0.0	0.0	0.0	0.0	0.0
18277	0.0	2.438320209973753	1.026246719160105	0.0	0.0	0.0	0.0	0.0	0.0	9.126865671641792	2.9927007299270074	0.0	0.0	0.0	0.0	0.0	0.0	10.6622691292876	5.15819209039548	0.0	0.0	0.7475247524752475	0.0	0.0
18278	0.0	3.066532258064516	0.0	0.0	0.0	0.0	0.0	0.0	0.0	12.904993909866016	4.469758064516129	1.4900793650793651	0.0	1.1765873015873016	1.4206349206349207	0.0	0.0	8.465798045602606	4.4646464646464645	0.4305555555555556	0.0	0.0	0.0	0.0
18279	0.0	1.9935979513444302	0.0	0.0	0.0	0.0	1.0334101382488479	0.0	0.0	13.827586206896552	3.8859375	0.0	0.0	0.0	0.0	0.0	0.0	6.703252032520325	6.565668202764977	0.0	0.0	0.0	0.0	0.0
18280	0.0	0.0	0.0	0.26422764227642276	0.45121951219512196	0.0	0.0	0.0	0.0	12.34698275862069	1.5873983739837398	0.0	0.0	0.0	1.4146341463414633	0.0	0.0	10.190371991247265	7.3238512035010945	0.0	0.0	0.0	2.0	0.0
18281	0.0	0.0	0.0	0.0	0.0	0.0	0.0	0.0	0.0	11.751697381183318	2.3617208077260754	0.0	0.0	0.0	0.0	0.0	0.0	7.9714285714285715	3.2720875684128226	0.0	0.0	0.0	0.0	0.5822291504286827
18282	0.0	1.618307426597582	0.0	0.0	0.0	0.0	0.0	0.0	0.0	9.250580046403712	2.873931623931624	0.5008635578583766	0.0	0.0	2.471502590673575	0.0	0.0	1.7938461538461539	3.356088560885609	0.0	0.0	0.0	1.0609037328094302	0.0
18283	0.04219409282700422	0.9071518193224593	0.9838337182448037	0.0	0.0	0.0	0.0	0.0	0.0	8.831932773109244	2.9610705596107056	0.0	0.0	0.0	0.0	0.0	0.0	5.761772853185596	5.103163686382393	0.6196990424076607	0.0	0.0	1.0611814345991561	0.0
18284	0.0	1.2899408284023668	0.8912037037037037	0.0	0.0	0.0	0.0	0.0	0.0	9.268389662027833	1.557504873294347	0.0	0.0	0.0	0.0	0.0	0.0	11.008064516129032	2.6530214424951266	0.5886939571150097	0.0	0.0	0.0	0.0
18285	0.07719298245614035	0.0	0.0	0.36023391812865496	0.0	0.0	0.0	0.0	0.0	8.678526048284626	2.0330459770114944	0.0	0.0	1.1228070175438596	0.0	0.0	0.0	4.373096446700508	4.093390804597701	1.8619883040935672	0.0	1.0210526315789474	0.0	0.0
18286	0.0	2.0760233918128654	0.0	0.0	0.0	0.0	0.0	0.0	0.0	13.366492146596858	3.392083644510829	0.0	0.0	0.0	0.0	0.0	0.0	7.100154083204931	4.7404970760233915	0.0	0.0	0.0	0.0	0.0
18287	0.0	1.8553459119496856	0.0	0.0	0.0	0.0	0.0	0.0	0.0	4.033112582781457	1.389937106918239	0.0	0.0	0.0	4.794871794871795	0.0	0.0	12.42156862745098	2.80794701986755	0.0	0.0	0.0	0.32075471698113206	0.0
18288	0.0	0.0	0.8456375838926175	0.0	0.0	0.0	0.0	0.0	0.0	4.152125279642058	8.198717948717949	0.0	0.6756152125279642	0.0	3.3901808785529717	0.0	0.0	6.074742268041237	1.6756152125279642	0.0	0.0	0.0	0.0	0.0
18289	0.0	3.152173913043478	1.2166666666666666	0.0	0.9375	0.0	0.0	0.0	0.0	8.141304347826088	0.0	0.0	0.0	0.0	1.4449339207048457	0.0	0.0	10.731707317073171	2.0418410041841004	0.0	0.0	0.0	0.0	0.5708333333333333
18290	0.0	2.0535714285714284	2.626865671641791	0.0	0.0	2.0476190476190474	1.0773809523809523	0.0	0.0	6.28169014084507	1.2321428571428572	1.130952380952381	0.0	0.0	0.0	0.0	0.0	3.5286624203821657	9.893617021276595	0.0	0.0	0.0	0.0	0.0
18291	0.0	0.8185654008438819	0.6028368794326241	0.0	0.0	0.0	0.10638297872340426	0.0	0.0	8.105263157894736	0.8761467889908257	0.0	0.0	0.0	0.0	0.0	0.0	8.778242677824268	6.058295964125561	0.0	0.0	0.6063829787234043	0.6822429906542056	0.0
18292	0.0	1.2023809523809523	0.0	0.7428571428571429	1.1476190476190475	0.0	0.0	0.0	0.0	6.634069400630914	3.461904761904762	0.0	0.0	0.0	0.0	0.0	0.0	6.01432664756447	1.5142857142857142	0.0	0.0	0.0	1.5833333333333333	0.0
18293	0.0	0.8189300411522634	0.0	0.0	0.0	0.0	0.6172839506172839	0.0	0.0	8.584362139917696	1.842783505154639	0.053497942386831275	0.0	0.0	0.0	0.0	0.0	10.325520833333334	1.7397260273972603	0.0	0.0	0.0	0.4074074074074074	0.0
18294	0.8565891472868217	1.7367303609341826	0.8236434108527132	0.0	0.0	0.0	0.0	0.0	0.0	5.265402843601896	4.764705882352941	0.0	0.003875968992248062	0.0	0.0	0.1124031007751938	0.0	11.040449438202247	3.446629213483146	1.199612403100775	0.0	0.0	0.0	0.3333333333333333
18295	0.0	0.7684478371501272	0.0	0.0	0.0	0.0	0.0	0.0	0.0	2.7915057915057915	6.92436974789916	0.0	0.0	0.0	0.0	0.0	0.0	6.797653958944282	1.5459183673469388	1.534351145038168	0.0	0.0	0.0	0.0
18296	0.0	1.5804878048780489	0.0	0.0	0.0	0.0	0.0	0.0	0.0	6.429097605893186	2.0734557595993324	0.0	0.23902439024390243	0.5658536585365853	1.0552845528455284	0.0	0.0	12.565853658536586	2.80440097799511	0.6504065040650406	0.0	0.0	0.0	0.0
18297	0.0	1.3109354413702239	0.0	0.0	0.0	0.0	0.0	0.0	0.0	11.018445322793148	2.1183098591549294	0.0	0.0	0.0	0.0	0.0	0.0	8.794801641586867	6.274768824306473	0.0	0.0	0.0	0.0	0.0
18298	0.0	3.6379310344827585	0.0	0.0	0.0	0.0	0.0	0.0	0.0	12.15	0.10919540229885058	0.0	0.0	0.0	1.132183908045977	0.0	0.0	9.88	5.773584905660377	0.0	0.0	2.32183908045977	0.0	0.0
18299	0.0	3.0903426791277258	0.0	0.0	0.0	0.0	1.7963576158940397	0.0	0.0	9.861370716510903	3.39272030651341	0.0	0.0	0.0	0.0	0.0	0.0	8.01043841336117	6.653061224489796	0.0	0.0	0.6043613707165109	2.1510903426791277	0.0
18300	0.0	2.4518518518518517	0.0	0.0	0.0	0.0	0.0	0.0	0.0	10.685185185185185	3.7817460317460316	0.5666666666666667	0.0	0.0	0.9405405405405406	0.0	0.0	15.645739910313901	2.737037037037037	0.0	0.0	0.0	4.477777777777778	0.0
18301	0.7630853994490359	3.2107438016528924	0.928374655647383	0.16804407713498623	0.6542699724517906	0.0	0.0	0.0	0.0	7.779086892488954	2.3938814531548758	0.0	0.0	0.0	0.0	0.0	0.0	9.2	3.0499265785609397	0.7460035523978685	0.0	0.8112947658402204	0.7066115702479339	0.0
18302	1.7589285714285714	1.8482142857142858	0.0	0.9228070175438596	1.5029761904761905	2.482142857142857	0.0	0.0	0.0	7.756410256410256	5.005434782608695	0.0	0.8988095238095238	2.985074626865672	0.14285714285714285	4.080213903743315	5.303571428571429	11.69158878504673	4.917293233082707	1.7976190476190477	0.0	3.351145038167939	1.6160714285714286	0.8988095238095238
18303	0.0	1.3522012578616351	0.0	0.0	0.0	0.0	0.0	0.0	0.0	7.76	0.0	0.0	0.0	0.0	2.4727272727272727	0.0	0.0	5.756302521008403	1.3636363636363635	0.0	0.0	0.2	0.0	0.0
18304	0.0	1.3124042879019908	0.0	0.0	0.0	0.0	0.0	0.0	0.0	9.230870712401055	3.3240469208211145	0.0	0.0	0.0	0.0	0.0	0.0	8.623880597014926	3.3223965763195435	0.0	0.0	0.0	0.7753934191702432	0.0
18305	0.0	1.6754716981132076	0.0	0.0	0.0	0.0	0.0	0.0	0.0	8.597168597168597	4.1173245614035086	0.7503586800573888	0.0	0.0	0.8300438596491229	0.0	0.0	6.221789883268483	5.0687285223367695	0.0	0.0	0.0	0.0	0.0
18306	0.0	0.9093137254901961	0.10648148148148148	0.0	0.0	0.0	0.0	0.0	0.0	5.5025432349949135	2.563602599814299	0.0	0.0	0.0	0.9304531085353003	0.0	0.0	10.52390243902439	5.1370808678500985	0.0	0.0	0.0	0.0	0.0
18307	0.0	3.3333333333333335	0.0	0.0	0.0	0.0	0.0	0.0	0.0	8.972677595628415	0.0	0.0	0.0	0.0	0.7868852459016393	0.0	0.0	8.887005649717514	2.8524590163934427	0.0	0.0	0.0	0.44808743169398907	0.0
18308	0.0	2.911949685534591	1.0314465408805031	0.0	0.0	0.0	0.0	0.0	0.0	9.902597402597403	5.012578616352202	0.0	0.0	0.0	0.0	1.8364779874213837	0.0	9.679245283018869	0.1949685534591195	0.0	0.0	0.0	0.0	0.0
18309	0.0	1.3146496815286624	0.0	0.0	0.0	0.0	0.0	0.0	0.0	12.3384074941452	5.196166854565953	0.0	0.0	0.0	0.5934182590233545	0.15711252653927812	0.0	10.26226012793177	2.871331828442438	0.21868365180467092	0.0	0.0	1.112781954887218	0.021231422505307854
18310	0.9980276134122288	2.767123287671233	1.7765273311897105	0.0	0.0	0.0	0.0	0.0	0.0	12.031434184675835	3.5946843853820596	1.035007610350076	0.0	0.0	1.7168949771689497	0.0	3.3775	9.733201581027668	5.086864406779661	0.0	0.0	0.0	0.959114139693356	0.0
18311	18.67543859649123	1.3298245614035087	1.7687224669603525	0.0	0.3824561403508772	0.0	0.0	0.0	10.049122807017543	8.45748987854251	1.8202959830866807	0.0	0.0	0.0	0.0	0.0	15.29298245614035	4.192857142857143	6.338877338877339	0.0	0.47719298245614034	1.068421052631579	0.6192982456140351	0.0
18312	0.0	0.0	0.9468085106382979	0.0	0.0	0.0	0.03723404255319149	0.0	0.0	11.916666666666666	6.50709219858156	0.0	0.0	0.04964539007092199	0.8186046511627907	0.0	0.0	11.080827067669173	6.906028368794326	0.0	0.0	0.0	0.0	0.0
18313	0.0	4.046109510086455	0.0	0.0	0.0	0.0	0.1476510067114094	0.0	0.0	19.196682464454977	2.9966666666666666	0.0	0.0	0.8903803131991052	1.3512304250559284	0.0	0.0	10.746951219512194	2.2089136490250696	0.10961968680089486	0.0	0.4581005586592179	1.0380313199105144	0.0
18314	0.0	0.6	0.0	0.0	0.0	0.0	0.0	0.14285714285714285	0.0	6.038095238095238	4.586466165413534	0.0	0.0	0.5880952380952381	1.2285714285714286	0.0	0.0	4.895890410958904	4.259708737864078	0.0	0.0	0.0	0.0	0.0
18315	0.0	0.7794466403162056	1.0762656147271532	0.0	0.0	0.0	0.0	0.0	0.0	7.784370477568741	2.909025787965616	0.0	0.0	0.0	1.3372781065088757	0.0	0.0	7.105141980046048	4.1225626740947074	0.49769888231426695	0.0	1.5108783239323127	0.6279257465698144	0.0
18316	0.0	0.8037383177570093	0.0	0.0	0.0	0.0	0.0	0.0	0.0	7.015673981191223	3.05607476635514	0.0	0.09034267912772585	0.0	1.7320872274143302	0.0	0.0	7.025270758122744	3.324675324675325	0.0	0.0	0.0	0.470404984423676	0.0
18317	20.260330578512395	4.954990215264188	4.309859154929577	0.0	2.2596491228070175	1.4536679536679538	2.824561403508772	0.0	6.4	30.88053097345133	5.666666666666667	1.9631578947368422	7.191873589164786	6.384428223844282	0.0	1.4964912280701754	24.463220675944335	16.506756756756758	8.835195530726256	1.7685512367491165	2.001754385964912	12.007782101167315	0.49298245614035086	1.0596491228070175
18318	18.784114052953157	3.9620991253644315	3.2569593147751608	0.0	2.006060606060606	0.0	0.0	0.0	9.924791086350975	23.074792243767313	4.348027842227379	0.7636363636363637	2.017031630170316	3.45	2.6040955631399316	0.0	25.37669376693767	19.569014084507042	14.20844327176781	0.0	2.6383838383838385	2.618834080717489	0.11313131313131314	1.2202020202020203
18319	0.0	0.0	0.0	0.0	0.0	0.0	0.0	0.0	0.0	1.647887323943662	0.0	0.0	0.0	0.0	0.0	0.0	0.0	1.8108108108108107	0.0	0.0	0.0	0.0	0.0	0.0
18320	0.0	0.0	1.6924731182795698	0.0	0.0	0.0	0.0	0.0	0.0	8.350537634408601	5.503325942350332	0.0	0.0	0.0	3.2989247311827956	0.0	0.0	7.673118279569892	1.7076411960132891	0.0	0.0	0.0	0.0	0.0
18321	0.0	3.532066508313539	0.9768270944741533	0.0	0.0	0.0	1.945326278659612	0.0	0.0	13.809278350515465	3.2310405643738975	0.0	0.0	0.0	0.49382716049382713	0.0	0.0	11.309090909090909	2.197530864197531	0.0	0.0	0.0	0.0	0.0
18322	0.0	0.0	1.4650205761316872	0.0	0.0	0.0	0.0	0.0	0.0	5.037344398340249	3.398989898989899	0.0	0.0	0.0	0.0	0.0	0.0	14.150943396226415	6.51440329218107	0.0	0.0	0.0	2.8641975308641974	0.0
18323	0.0	1.8667883211678833	0.0	0.0	0.0	0.0	0.0	0.0	0.0	7.579734219269103	0.5875486381322957	0.0	0.0	0.5040650406504065	0.0	0.0	0.0	2.043701799485861	1.4991869918699188	0.0	0.0	0.0	0.5333333333333333	0.0
18324	0.0	0.0	0.0	0.0	0.0	0.0	0.0	0.0	0.0	5.176470588235294	0.0	0.0	0.0	0.0	0.0	0.0	0.0	5.007246376811594	0.0	0.0	0.0	0.0	0.0	0.0
18325	0.0	1.5461988304093568	0.87953216374269	0.0	0.0	0.0	0.0	0.0	0.0	9.18671679197995	2.056701030927835	0.0	0.0	0.0	1.1298245614035087	0.0	0.0	7.4008207934336525	4.408653846153846	0.0	0.0	0.0	0.8327485380116959	0.0
18326	0.0	2.1564245810055866	0.8268625393494229	0.0	0.0	0.0	0.0	0.0	0.0	6.4916201117318435	1.6986754966887416	0.0	0.05493482309124767	0.0	0.8985102420856611	0.0	0.0	8.443616029822927	3.2976324689966177	0.0	0.0	0.0	0.0	0.537243947858473
18327	0.0	1.9357021996615906	0.0	0.0	0.6362098138747885	0.0	0.0	0.0	0.0	11.882863340563992	7.449596774193548	0.0	0.0	0.0	0.0	0.0	0.0	10.667241379310346	5.426395939086294	0.0	0.0	0.0	0.0	0.5803722504230119
18328	0.0	2.2030075187969924	1.094890510948905	0.0	0.0	0.0	0.0	0.0	0.0	5.97972972972973	2.140672782874618	0.0	0.0	0.0	0.0	0.0	0.0	5.031630170316301	2.7858880778588806	0.0	0.0	0.0	0.0	0.0
18329	0.0	1.7628544717980679	0.0	0.0	0.0	0.0	0.0	0.0	0.0	10.742494714587737	2.0757836720633827	0.0	0.0	0.0	0.0	0.0	0.0	7.585641399416909	2.7921906022501655	0.3034825870646766	0.0	0.0	0.44402985074626866	0.0
18330	0.0	0.8859934853420195	0.0	0.0	0.0	0.0	0.0	0.0	0.0	4.701754385964913	0.7993827160493827	0.0	0.0	0.0	0.8538011695906432	0.0	0.0	19.08805031446541	1.5555555555555556	0.0	0.0	0.0	0.0	0.0
18331	3.118279569892473	0.0	0.0	0.0	0.0	0.0	0.0	0.0	0.5376344086021505	0.9193548387096774	7.306451612903226	0.0	0.0	0.0	0.0	0.0	1.446236559139785	3.3118279569892475	0.26344086021505375	0.0	0.0	0.0	0.0	0.0
18332	0.0	1.9718875502008033	0.0	0.0	0.0	0.0	0.0	0.0	0.0	6.846846846846847	0.0	0.0	0.0	0.0	2.1954484605087017	0.0	0.0	7.786476868327402	6.741935483870968	0.0	0.0	0.0	0.0	0.0
18333	0.0	2.3805309734513274	0.0	0.0	0.19059613769941225	0.0	0.0	0.0	0.0	7.062999112688554	2.612565445026178	0.0	0.0	0.0	0.8433476394849786	0.0	0.0	9.675902602854745	2.8110831234256928	0.0	0.0	0.0	0.979009235936188	0.0
18334	0.0	1.4305283757338552	1.320921985815603	0.0	0.0	0.0	1.3670212765957446	0.0	0.0	11.578378378378378	1.7695035460992907	2.0585106382978724	0.0	0.900709219858156	0.6099290780141844	0.0	0.0	4.98936170212766	3.6177536231884058	0.0	0.0	0.0	0.0	0.0
18335	0.0	2.343101343101343	0.0	0.34554334554334554	0.0	0.0	0.48473748473748474	0.0	0.0	9.74685534591195	3.1305595408895264	0.5665445665445665	0.0	0.0	0.6678876678876678	0.0	0.0	6.672215108834827	4.3210382513661205	0.0	0.0	0.0	0.9092122830440588	0.0
18336	0.0	2.345539906103286	0.0	0.0	0.0	0.0	0.0	0.0	0.0	6.863013698630137	3.4202334630350193	0.0	1.316431924882629	0.0	0.0	0.0	0.0	12.443514644351465	3.671472708547889	0.0	0.0	1.2338028169014084	0.0	0.0
18337	0.2800687285223368	0.9862542955326461	0.0	0.0	0.0	0.0	0.061855670103092786	0.0	0.0	8.474226804123711	1.8490909090909091	0.0	0.0	0.0	0.0	0.0	0.0	5.331460674157303	2.6735395189003435	0.0	0.0	0.0	0.0	0.0
18338	0.0	1.9336206896551724	0.0	0.0	0.0	0.0	0.0	0.0	0.0	12.217592592592593	5.051890941072999	0.0	0.0	0.0	0.0	0.0	0.0	6.454628780934922	5.584681769147789	0.0	0.0	0.0	0.0	0.12406947890818859
18339	0.0	1.4679487179487178	0.0	0.0	0.0	0.0	0.0	0.0	0.0	11.371408549404345	3.7547169811320753	0.0	0.0	0.0	0.8576923076923076	0.0	0.007692307692307693	8.747615553925165	6.458189357290947	0.0	0.0	0.0	0.0	0.0
18340	0.0	0.0	0.0	0.0	0.0	0.0	0.0	0.0	0.0	8.157232704402515	0.27672955974842767	1.5723270440251573	0.0	0.0	1.1320754716981132	0.0	0.0	5.943396226415095	3.5572519083969465	0.0	0.0	0.0	0.0	0.0
18341	0.0	0.8106508875739645	3.1479289940828403	0.9847494553376906	1.7466307277628033	0.0	0.0	0.0	0.0	10.662576687116564	4.745098039215686	2.8746081504702192	0.7596439169139466	0.0	0.0	0.967741935483871	0.0	5.634090909090909	1.973856209150327	0.0	0.5125786163522013	0.0	0.0	0.0
18342	0.0	2.0825396825396827	0.8704088704088704	0.02494802494802495	0.0	0.0	0.0	0.0	0.0	9.739430543572045	2.7825704225352115	0.0	0.41372141372141374	0.0	0.0	0.0	0.0	6.1140625	1.9049056603773584	0.781011781011781	0.0	0.0	0.0	0.0
18343	0.0	1.621973929236499	0.0	0.0	0.0	0.0	0.0	0.0	0.0	11.586206896551724	3.601606425702811	0.0	0.0	0.0	0.0	0.0	0.0	8.363713080168777	4.896808510638298	0.0	0.0	0.0	0.0	0.0
18344	0.0	0.0	0.09480122324159021	0.0	1.6697247706422018	0.0	0.0	0.0	0.36085626911314983	9.551282051282051	6.422018348623853	1.6819571865443426	0.0	0.0	0.0	0.0	0.0	8.264604810996564	2.7186544342507646	0.0	0.0	0.0	2.5045871559633026	0.0
18345	0.0	0.0	0.0	0.0	0.0	0.0	0.0	0.0	0.0	16.242105263157896	0.0	0.0	0.0	0.0	1.5873015873015872	0.0	0.0	7.888888888888889	3.7818181818181817	0.0	0.0	0.0	0.0	0.0
18346	0.0	0.0	0.0	0.0	0.7471264367816092	0.0	0.0	0.1558109833971903	0.0	8.404761904761905	4.79565772669221	0.0	0.0	0.10855683269476372	0.0	0.0	0.0	6.00556586270872	2.898843930635838	0.0	0.0	0.0	0.0	0.0
18347	0.0	3.039094650205761	0.0	0.0	0.2691358024691358	0.0	0.0	0.0	0.0	7.201492537313433	1.6271604938271604	0.0	0.0	0.0	1.7259259259259259	0.019753086419753086	0.0	7.778491171749598	2.081190798376184	0.0	0.0	0.0	0.0	0.0
18348	0.0	0.947136563876652	0.0	0.0	0.0	0.0	0.0	0.0	0.0	6.302605210420841	1.970940170940171	0.0	0.0	0.0	0.0	0.0	0.0	5.671071953010279	4.227606461086637	0.0	0.0	0.0	0.0	0.0
18349	0.0	0.0	0.0	0.0	0.0	0.0	0.0	0.0	0.0	10.54847645429363	2.9008403361344537	0.05255878284923928	0.0	0.0	0.6196403872752421	0.0	0.0	6.805510534846029	1.214384508990318	0.0	0.0	0.0	0.669432918395574	0.0
18350	0.0	1.5423542354235424	0.8180661577608143	0.0	0.0	0.15951595159515952	0.4933993399339934	0.0	0.0	9.140997830802602	2.1708474576271186	0.7183718371837183	0.0	0.0	0.9955995599559956	0.0	0.0	9.178501628664495	4.708549222797927	0.4713971397139714	0.0	0.0	0.4961496149614962	0.0
18351	0.0	1.6666666666666667	0.417910447761194	0.0	0.0	0.0	0.0	0.0	0.0	7.112244897959184	3.243781094527363	0.0	0.0	0.0	0.0	0.0	0.0	22.033333333333335	7.096	0.6268656716417911	0.0	0.9900497512437811	0.0	0.0
18352	0.0	1.4460127028934369	0.0	0.0	0.0	0.0	0.0	0.0	0.0	6.852097130242826	2.195056780227121	0.0	0.0	0.0	0.0	0.0	0.0	9.534031413612565	3.150341685649203	0.0	0.0	0.778207607994842	0.9381720430107527	0.0
18353	0.0	1.0178571428571428	0.8807531380753139	0.0	0.0	0.0	0.0	0.0	0.0	6.561922365988909	2.1683673469387754	0.0	1.7588235294117647	0.0	1.7142857142857142	0.0	0.0	2.742168674698795	5.26360544217687	0.0	0.0	0.6326530612244898	1.9557823129251701	3.4655737704918033
18354	0.0	0.26785714285714285	0.0	0.5	0.15873015873015872	0.0	0.12301587301587301	0.0	0.0	9.53956834532374	0.9659442724458205	0.0	0.0	0.0	0.0	0.8353174603174603	0.0	2.8855291576673867	4.606060606060606	0.0	0.0	0.7281746031746031	0.7976190476190477	0.0
18355	0.0	0.0	0.0	0.0	0.0	0.0	0.0	0.0	0.0	7.19672131147541	3.0	0.0	0.0	0.0	0.5029940119760479	0.0	0.0	4.148148148148148	1.969298245614035	0.5209580838323353	0.0	0.6127744510978044	0.4351297405189621	0.0
18356	0.0	0.0	0.0	0.0	0.0	0.0	0.0	0.0	0.0	9.880952380952381	2.033333333333333	0.0	0.0	0.0	0.0	0.0	0.0	3.7	5.076923076923077	0.0	0.0	0.0	0.0	0.0
18357	0.0	1.6465116279069767	1.3937984496124032	0.0	0.0	0.0	0.0	0.18604651162790697	0.0	10.760076775431862	5.032019704433497	0.0	0.0	0.0	0.0	0.0	0.0	7.787644787644788	4.650082918739635	0.0	0.0	0.0	0.0	0.0
18358	0.0	1.6376021798365124	0.4329501915708812	0.0	0.08045977011494253	0.0	0.7490421455938697	0.0	0.0	8.105011933174225	8.37037037037037	0.0	0.0	0.0	0.0	0.0	0.0	12.783715012722647	6.1226053639846745	0.0	0.0	0.7758620689655172	0.0	0.0
18359	0.0	1.5378973105134475	0.0	0.0	0.0	0.0	0.0	0.0	0.0	17.688867745004757	2.891156462585034	0.0	0.0	0.0	1.3202099737532809	0.0	0.0	9.932966023875116	4.258532423208191	0.0	0.0	0.0	0.0	0.0
18360	0.0	2.877818181818182	0.0	0.0	0.0	0.0	0.5925183700734803	0.0	0.0	10.407553107789143	3.3527245949926363	0.0	0.0	0.0	0.8751879699248121	0.0	0.0	11.847457627118644	4.01937207748831	0.7989311957247829	0.0	0.0	0.0	0.0
18361	0.0	1.1729957805907174	2.030131826741996	0.0	0.0	0.2900188323917137	1.0188323917137476	0.0	0.0	10.530066815144766	1.870712401055409	0.0	0.0	0.0	1.0225988700564972	0.0	0.0	6.101545253863135	2.8727810650887573	0.0	0.0	0.0	0.0	0.0
18362	0.0	1.5701906412478337	0.0	0.0	0.0	0.25559947299077734	1.3723723723723724	0.0	0.0	9.061682242990655	3.3924418604651163	0.0	0.0	0.0	1.3820816864295125	0.0	0.0	5.837979094076655	1.1533333333333333	0.0	0.0	0.8065967016491754	0.36100131752305664	0.3952569169960474
18363	0.0	1.3461538461538463	0.0	1.0724637681159421	0.0	0.0	0.6811594202898551	0.0	0.0	8.956989247311828	1.8973105134474328	0.3064182194616977	0.6252587991718427	0.0	1.093167701863354	0.0	0.0	8.822115384615385	1.1086350974930361	0.0	0.0	1.2443064182194616	0.0	0.0
18364	0.0	1.379241516966068	0.0	0.0	0.0	0.0	0.3592814371257485	0.0	0.0	7.05625	1.7146666666666666	0.0	1.1736526946107784	0.0	0.0	0.0	0.0	11.814814814814815	7.587264150943396	0.0	0.0	0.0	0.0	0.0
18365	0.0	0.0	0.0	0.0	0.0	0.0	0.0	0.0	0.0	12.130081300813009	0.0	0.0	1.745664739884393	1.0155038759689923	0.7054263565891473	0.0	0.0	6.94140625	3.1550387596899223	0.0	0.0	0.0	0.0	0.0
18366	0.0	8.102941176470589	0.0	0.0	0.0	0.0	1.5913978494623655	0.0	0.0	15.301075268817204	0.27956989247311825	0.0	0.0	1.0	0.0	0.0	0.0	13.10752688172043	2.903225806451613	0.0	0.0	0.0	0.0	0.0
18367	0.0	2.117136659436009	0.9593837535014006	0.0	0.0	0.0	0.0	0.0	0.0	11.745263157894737	1.541044776119403	0.0	0.0	0.0	1.1944444444444444	0.0	0.0	13.132471728594508	5.670103092783505	0.0	0.0	0.0	1.387955182072829	0.5686274509803921
18368	0.0	3.8124223602484473	0.7127272727272728	0.0	0.0	0.0	0.0	0.0	0.0	9.214285714285714	3.3607038123167157	0.0	0.0	0.0	0.0	0.0	0.0	8.703281027104136	3.021818181818182	0.35393939393939394	0.0	0.0	0.0	0.0
18369	0.0	2.111111111111111	0.0	0.0	0.0	0.0	0.0	0.0	0.0	8.165165165165165	3.9685714285714284	0.0	0.7615176151761518	0.0	0.5907859078590786	0.0	0.0	8.848238482384824	6.682926829268292	0.0	0.959349593495935	0.0	0.48509485094850946	0.0
18370	0.0	0.31851851851851853	1.0777777777777777	0.0	0.0	0.0	0.0	0.0	0.0	14.133333333333333	1.7518518518518518	0.0	0.0	0.0	0.0	0.0	0.0	3.7512437810945274	9.909090909090908	1.7	0.0	0.0	2.5440613026819925	0.0
18371	0.0	5.360526315789474	1.609375	0.0	0.0	0.0	0.0	0.109375	0.0	11.294117647058824	3.9442508710801394	0.0	0.0	0.0	0.0	1.5078125	0.0	6.228021978021978	2.782178217821782	1.8619791666666667	0.0	0.0	0.3119266055045872	0.0
18372	5.382022471910112	3.254385964912281	2.460526315789474	0.0	0.0	0.0	0.0	0.0	0.0	19.337748344370862	8.6651376146789	0.0	0.0	0.0	3.3493975903614457	0.0	13.625615763546797	13.253456221198157	9.350877192982455	0.0	0.0	0.0	2.473684210526316	0.6096491228070176
18373	0.0	0.0	0.4382716049382716	0.8765432098765432	0.0	0.0	0.0	0.0	0.0	8.9009009009009	3.7962962962962963	0.43209876543209874	1.2839506172839505	0.0	2.8518518518518516	0.0	0.0	10.163120567375886	4.722222222222222	0.2716049382716049	0.0	0.0	0.0	0.0
18374	0.0	0.0	0.0	0.0	0.0	0.0	0.0	0.0	0.0	5.8	0.725	0.0	0.0	0.0	2.316666666666667	0.0	0.0	14.623376623376624	4.866666666666666	0.0	0.0	0.0	0.0	0.0
18375	0.0	2.6934131736526945	0.8307552320291174	0.0	0.0	0.0	0.0	0.0	0.0	10.742110990206747	6.738888888888889	0.0	0.0	0.032067510548523206	0.9822784810126582	0.0	0.0	11.554027504911591	3.529816513761468	0.0	0.0	0.0	0.0	0.0
18376	0.0	1.2171945701357465	0.2850877192982456	0.0	0.0	0.03070175438596491	0.0	0.0	0.0	11.671296296296296	2.758771929824561	0.6140350877192983	0.39035087719298245	0.0	0.0	0.0	0.0	10.24561403508772	3.36046511627907	0.0	0.0	0.0	0.0	0.0
18377	0.0	0.7978494623655914	1.0882917466410749	0.0	0.9375	0.0	0.0	0.0	0.0	8.962226640159045	2.012987012987013	0.0	0.0	0.0	0.0	0.0	0.0	6.703839122486289	4.956521739130435	0.0	0.0	0.0	0.8065476190476191	0.0
18378	0.0	5.75709219858156	0.9535256410256411	0.0	0.0	0.0	0.0	0.0	0.0	10.923371647509578	3.180112570356473	0.0	0.0	0.0	0.0	0.0	0.0	10.303921568627452	3.460526315789474	0.967948717948718	0.0	0.0	1.7435897435897436	0.0
18379	0.0	1.7272727272727273	0.0	0.0	1.0492424242424243	0.0	1.8371212121212122	0.0	0.0	16.745454545454546	3.628787878787879	0.0	0.0	0.0	2.207547169811321	0.0	0.0	7.034653465346534	4.867647058823529	0.0	0.0	0.0	0.0	0.0
18380	0.0	3.7329749103942653	0.0	0.0	0.0	0.0	0.0	0.0	0.0	12.50507614213198	2.8461538461538463	0.0	0.0	0.0	2.4767025089605736	0.0	0.0	6.5740402193784275	1.157706093189964	0.0	0.0	0.0	0.0	0.0
18381	0.0	2.955208333333333	0.9792387543252595	0.0	0.0	0.0	0.0	0.0	0.0	9.886889460154242	2.6353677621283254	0.0	0.0	0.0	0.0	0.0	0.0	6.756352765321375	2.771039603960396	0.0	0.0	0.0	0.7817796610169492	0.0
18382	0.0	1.510752688172043	0.9501385041551247	0.0	2.002688172043011	0.7983870967741935	0.0	0.0	0.0	14.37062937062937	5.021505376344086	0.3763440860215054	0.0	7.414084507042253	2.182795698924731	3.1774193548387095	0.0	10.735119047619047	7.024539877300613	0.0	2.3306451612903225	3.5618279569892475	3.238095238095238	1.0241935483870968
18383	0.0	0.0	1.0	0.0	0.0	0.0	0.0	0.0	0.0	14.00709219858156	3.739130434782609	0.0	0.0	0.0	0.0	0.0	0.0	11.418250950570343	5.039007092198582	0.25177304964539005	0.0	0.0	0.0	0.0
18384	0.0	1.4251968503937007	0.0	0.0	0.0	0.0	0.0	0.0	0.0	13.772727272727273	3.5	0.0	0.0	3.1728395061728394	0.0	0.0	0.0	12.496815286624203	11.226415094339623	0.0	1.5185185185185186	0.0	0.8580246913580247	0.0
18385	0.0	2.6671122994652405	0.0	0.17549668874172186	0.0	0.0	0.4966887417218543	0.0	0.0	11.787128712871286	4.852437417654809	0.0	0.0	0.0	0.0	0.0	0.0	9.259773013871374	2.956953642384106	0.6324503311258278	0.0	0.0	0.3432671081677704	0.0
18386	0.0	3.5555555555555554	3.2270531400966185	0.0	0.0	0.0	0.0	0.0	0.0	8.927272727272728	9.55	0.0	0.0	0.0	0.0	0.0	0.0	14.58937198067633	4.971014492753623	0.0	0.0	1.0096618357487923	0.0	0.0
18387	0.0	4.1484375	1.7690058479532165	0.0	0.0	0.0	0.0	0.0	0.0	11.12551440329218	1.5282651072124755	0.0	0.0	0.1705653021442495	1.759765625	0.0	0.0	7.795735129068462	2.9947575360419396	0.0	0.0	0.0	0.0	0.0
18388	0.0	4.365714285714286	0.0	0.5454545454545454	1.47979797979798	0.0	0.0	0.0	0.0	8.82741116751269	1.9741100323624596	0.0	0.0	2.0393700787401574	1.7222222222222223	0.0	0.0	8.804733727810651	4.8108108108108105	0.0	0.0	0.0	1.292929292929293	0.0
18389	0.0	0.6730158730158731	0.0	0.0	0.7682539682539683	0.0	0.0	0.0	0.0	4.716216216216216	1.2708333333333333	0.0	0.0	0.0	0.0	0.0	0.0	11.955555555555556	3.6634920634920634	0.08253968253968254	0.0	0.0	2.234920634920635	0.43174603174603177
18390	0.0	1.484787018255578	0.0	0.0	1.0880149812734083	0.0	0.0	0.0	0.0	14.281927710843373	5.13013698630137	0.0	0.0	0.8619854721549637	0.0	0.0	0.0	10.786666666666667	6.248	0.0	0.7041420118343196	0.0	1.7228464419475655	0.0
18391	0.0	1.071917808219178	0.9045419553502695	0.0	0.0	0.3972286374133949	0.0	0.0	0.0	9.183235867446394	3.5183098591549298	0.0	0.0	0.0	0.0	0.0	0.0	9.8928	2.6058506543494997	0.0	0.1739799846035412	0.7528868360277137	0.0	0.0
18392	0.0	1.5058479532163742	0.0	0.0	0.0	0.5497076023391813	0.0	0.0	0.0	8.846385542168674	4.090643274853801	0.0	0.0	1.6666666666666667	0.0	0.0	0.0	9.163987138263666	4.908771929824561	1.5380116959064327	0.17543859649122806	0.0	0.25146198830409355	0.0
18393	0.0	1.1954022988505748	0.0	0.0	0.0	0.0	0.0	0.0	0.0	9.642857142857142	4.0	0.0	0.0	0.0	0.0	0.0	0.0	2.8306451612903225	0.0	0.0	0.0	0.0	0.0	0.0
18394	0.0	2.676767676767677	0.0	0.0	0.0	0.0	0.0	0.0	0.0	12.353293413173652	5.32824427480916	0.0	0.0	0.0	1.2424242424242424	0.0	0.0	12.096938775510203	4.809160305343512	0.0	0.1414141414141414	0.0	0.0	0.0
18395	0.0	2.6237113402061856	0.0	0.0	0.0	0.0	0.0	0.0	0.0	13.71480144404332	4.3247863247863245	0.0	0.0	0.0	0.0	0.0	0.0	10.184466019417476	3.158576051779935	0.0	0.0	0.0	0.3786407766990291	0.0
18396	0.0	2.7401746724890828	1.880952380952381	0.0	0.0	0.0	0.0	0.0	0.0	13.698845750262329	3.5175757575757576	0.38585858585858585	0.0	0.0	2.28989898989899	0.0	0.0	4.626845637583893	4.797539149888143	0.0	0.0	0.0	0.7252525252525253	0.051515151515151514
18397	0.0	3.642857142857143	0.0	0.0	0.5083333333333333	2.5555555555555554	0.0	0.0	1.052910052910053	10.74698795180723	4.755395683453237	0.0	1.566137566137566	10.578947368421053	0.0	9.897727272727273	5.222222222222222	9.322751322751323	6.026455026455026	0.0	1.5238095238095237	10.241379310344827	1.402116402116402	0.0
18398	0.0	0.7982456140350878	0.0	0.7850877192982456	2.926470588235294	1.118421052631579	0.0	0.0	0.0	18.384615384615383	5.331606217616581	1.9622641509433962	1.456140350877193	8.251396648044693	0.0	2.5350877192982457	0.0	16.0	8.197452229299364	0.0	0.0	14.133720930232558	0.0	0.0
18399	8.062992125984252	1.2361111111111112	0.78125	0.0	1.5843621399176955	0.0	0.0	0.0	0.0	11.147679324894515	10.55023923444976	0.0	3.1877394636015324	2.132596685082873	0.0	4.234567901234568	6.0	17.20446096654275	5.16017316017316	0.0	0.2534722222222222	8.84375	0.0	0.0
18400	0.0	0.6862222222222222	0.0	0.0	0.0	0.0	0.0	0.0	0.0	7.2082980524978835	2.8853398853398855	0.0	0.0	0.0	0.6238361266294227	0.0	0.0	8.095952023988007	5.3559322033898304	1.1749824314827828	0.0	0.0	0.0	0.0
18401	0.0	0.9621928166351607	0.0	0.0	0.0	0.08144796380090498	0.0	0.0	0.0	9.35702479338843	2.819004524886878	0.0	0.0	0.0	0.0	0.0	0.0	9.59735349716446	4.598736176935229	1.1550522648083623	0.0	0.0	0.0	0.0
18402	0.0	2.0	0.0	0.0	0.0	0.0	0.5825027685492802	0.0	0.0	12.816091954022989	4.29243937232525	0.0	0.0	0.0	1.1373200442967886	0.0	0.0	12.320044296788483	8.980988593155894	0.2757475083056478	0.0	0.0	0.0	0.0
18403	0.0	2.1906283280085197	1.4643237486687966	0.0	0.9885931558935361	0.0	0.0	0.0	0.0	9.717508055853921	3.355521936459909	0.0	0.0	0.0	1.944503735325507	1.675268817204301	0.0	9.112623762376238	3.491822429906542	0.0	0.0	3.021398002853067	0.0	0.5197018104366348
18404	0.0	0.0	0.0	0.0	0.0	0.0	0.0	0.0	0.0	6.795148247978437	5.952201257861635	0.0	0.0	0.0	0.5901639344262295	0.0	0.0	9.098062953995157	1.3209417596034696	0.0	0.0	0.7628415300546448	0.0	0.0
18405	0.0	1.934375	0.0	0.0	0.0	0.0	1.2572463768115942	0.0	0.0	7.0893719806763285	4.249612403100775	0.0	0.0	0.06280193236714976	0.0	0.0	0.0	7.613756613756614	1.8427480916030534	0.0	0.0	0.0	0.9565217391304348	0.0
18406	0.0	0.0	0.0	0.0	0.0	0.0	1.8461538461538463	0.0	0.0	5.848	2.5128205128205128	0.0	0.0	0.0	0.0	0.0	0.0	5.339743589743589	8.617021276595745	0.0	0.0	0.0	0.0	0.0
18407	0.0	2.021354166666667	0.5901041666666667	0.0	0.0	0.0	0.0	0.0	0.0	8.142120343839542	2.570335491465568	0.0	0.0	0.0	0.8770833333333333	0.0	0.0	8.167973124300111	3.8396118721461185	0.0	0.0	1.6911458333333333	0.8372513562386981	0.0
18408	0.0	2.143946615824595	0.0	0.0	0.0	0.0	0.0	0.0	0.0	7.4946996466431095	2.9431988041853514	0.0	0.0	0.0	0.0	0.0	0.0	8.671799807507218	2.3101903695408734	0.0	0.0	0.0	0.7084520417853751	0.0
18409	0.0	0.44648318042813456	2.0625	0.0	0.0	0.0	1.0581039755351682	0.0	0.0	8.091772151898734	5.413333333333333	0.0	1.363914373088685	0.0	1.2121212121212122	0.0	0.0	6.121212121212121	1.7370030581039755	0.11314984709480122	0.0	0.0	0.0	0.0
18410	0.0	1.9324324324324325	0.0	0.0	0.0	0.0	0.33783783783783783	0.0	0.0	9.177884615384615	2.839344262295082	0.0	0.0	0.963963963963964	1.4144144144144144	0.0	0.0	8.199052132701421	4.906605922551253	0.0	0.0	0.42117117117117114	0.0	0.0
18411	0.0	1.4135021097046414	0.0	0.0	0.0	0.0	0.0	0.0	0.0	14.481012658227849	2.6455696202531644	0.0	0.0	0.0	1.2827004219409284	0.0	0.0	10.977578475336323	6.915611814345992	0.6075949367088608	0.0	0.0	0.0	0.0
18412	1.9739130434782608	1.2231884057971014	0.0	0.0	0.0	0.0	0.8405797101449275	0.0	0.0	13.251633986928105	6.3907284768211925	0.5565217391304348	0.927536231884058	0.0	2.62111801242236	0.8753623188405797	0.0	6.7296137339055795	5.9681159420289855	0.22028985507246376	2.9594202898550726	0.0	0.0	0.0
18413	0.0	1.2661870503597121	0.0	0.0	0.0	0.0	0.0	0.0	0.0	15.664406779661016	2.2608213096559377	0.0	0.0	0.0	0.3268337975858867	0.0	0.0	5.6	1.644	0.0	0.0	0.0	0.564531104921077	0.0
18414	0.0	3.305870236869207	0.0	0.0	0.0	0.0	0.0	0.0	0.0	17.776722090261284	2.6607883817427385	0.0	0.0	0.0	0.0	0.0	0.0	10.900293255131965	4.308875739644971	0.0	0.0	0.0	0.0	0.0
18415	0.0	1.4479166666666667	0.0	0.0	0.0	0.0	1.7222222222222223	0.0	0.0	11.171206225680933	0.0	0.19444444444444445	3.1666666666666665	0.0	1.1944444444444444	0.0	0.0	7.719626168224299	5.815972222222222	0.9756944444444444	0.0	0.2569444444444444	0.0	0.0
18416	0.0	1.2424242424242424	0.8560606060606061	0.0	0.0	0.0	0.0	0.0	0.0	16.327868852459016	1.4318181818181819	1.128787878787879	0.0	0.9166666666666666	1.0	0.0	0.0	9.772727272727273	7.1440677966101696	0.07575757575757576	0.0	0.8484848484848485	6.1171875	0.0
18417	1.4130434782608696	2.992248062015504	0.644927536231884	0.0	0.37681159420289856	0.0	0.0	0.0	1.6521739130434783	0.9541284403669725	2.0144927536231885	0.0	1.4645669291338583	0.0	0.8115942028985508	0.0	3.5217391304347827	4.695652173913044	4.087912087912088	0.0	0.0	1.0289855072463767	0.0	0.0
18418	0.0	0.0	0.0	0.0	0.0	0.0	0.0	0.0	0.0	7.261146496815287	0.0	0.8529411764705882	0.0	0.0	0.0	0.0	0.0	8.62015503875969	1.7990196078431373	0.0	0.0	0.0	0.0	0.0
18419	0.0	0.8549422336328626	0.0	0.0	0.0	0.0	0.0	0.0	0.0	4.774709302325581	4.770414201183432	0.0	0.0	0.0	0.34499514091350825	0.0	0.0	5.897354497354497	7.265237020316027	1.2573839662447257	0.0	0.0	0.0	0.0
18420	1.0582750582750582	2.2843822843822843	0.0	0.0	0.0	0.0	0.0	0.0	0.0	9.354368932038835	4.273809523809524	0.949748743718593	0.0	0.0	0.0	0.0	0.0	10.732997481108312	4.370629370629371	0.0	0.0	0.0	0.18181818181818182	0.0
18421	0.0	2.3198992443324937	1.5465686274509804	0.0	0.0	0.0	0.0	0.0	0.0	9.278645833333334	4.5588235294117645	0.0	0.0	0.0	0.2696078431372549	0.0	0.0	7.078125	3.0949554896142435	0.0	0.0	0.0	0.014705882352941176	0.0
18422	0.0	3.037848605577689	0.9065934065934066	0.0	0.0	0.0	0.4065934065934066	0.0	0.0	7.180379746835443	1.358974358974359	0.0	0.0	1.021978021978022	0.0	0.1978021978021978	0.0	6.465201465201465	2.7736263736263735	0.0	0.0	0.0	0.0	0.0
18423	0.0	0.0	0.0	0.0	0.0	0.0	0.0	0.0	0.0	5.132616487455197	1.8566308243727598	0.0	0.0	0.0	0.664804469273743	0.0	0.0	16.85987261146497	1.5734767025089607	0.0	0.0	0.0	0.0	0.0
18424	0.0	1.9911894273127753	0.9346549192364171	0.0	0.0	0.0	0.0	0.0	0.0	6.821401077752117	1.7980910425844348	0.0	0.0	0.0	1.3458149779735682	0.0	0.0	5.139705882352941	1.6866319444444444	0.0	0.0	0.0	0.0	0.0
18425	0.0	0.7081659973226239	0.0	0.0	0.0	0.0	0.0	0.0	0.0	10.234678624813155	2.859437751004016	0.31057563587684067	0.0	0.0	0.0	0.0	0.0	5.851916376306621	3.342062193126023	0.0	0.0	0.0	0.8487282463186078	0.0
18426	0.0	0.5980952380952381	0.0	0.0	0.0	0.0	0.0	0.0	0.0	10.10236220472441	1.259047619047619	0.0	0.0	0.0	1.081904761904762	0.0	0.0	5.747099767981439	2.045714285714286	0.0	0.0	0.0	0.0	0.0
18427	0.0	0.0	0.0	0.0	0.0	0.0	0.0	0.0	0.0	13.982993197278912	7.3031674208144794	0.0	0.0	0.0	0.0	0.0	0.0	11.66077738515901	2.3432343234323434	0.9966996699669967	0.0	0.0	0.0	0.0
18428	0.0	1.4834834834834836	0.0	0.0	0.3183183183183183	0.0	0.0	0.0	0.0	14.027027027027026	6.033232628398792	0.0	0.0	0.0	0.0	0.0	0.0	8.805555555555555	5.903903903903904	2.7687687687687688	0.0	0.0	0.0	0.0
18429	0.0	2.0444444444444443	0.0	0.0	0.0	0.0	0.0	0.0	0.0	10.64	3.1296296296296298	3.6027397260273974	0.0	0.0	0.0	0.0	0.0	5.435114503816794	2.5555555555555554	0.0	0.0	0.0	0.6666666666666666	0.0
18430	0.0	6.033195020746888	2.8	0.926984126984127	0.0	0.0	0.0	0.0	0.0	10.22844827586207	1.0	2.638095238095238	0.0	0.0	1.5555555555555556	0.0	0.0	6.05338078291815	0.0	0.0	0.0	0.0	0.0	0.0
18431	0.3654970760233918	1.659356725146199	0.0	0.0	0.0	0.0	0.0	0.0	0.0	13.03609022556391	2.544921875	0.0	0.0	0.8450292397660819	1.1388888888888888	0.0	0.0	12.774603174603175	4.906432748538012	0.0	0.0	0.827485380116959	0.0	0.0
18432	0.7548209366391184	2.9032761310452417	0.8016528925619835	0.0	0.0	0.0	0.0	0.0	0.0	6.1645569620253164	3.7252396166134187	0.0	0.0	0.0	1.8351822503961965	0.0	0.0	9.86748844375963	5.564516129032258	0.35399449035812675	0.0	0.7878787878787878	0.0	0.0
18433	0.0	0.9333333333333333	0.37948717948717947	0.0	0.0	0.0	0.0	0.0	0.0	1.7714285714285714	8.77948717948718	0.0	0.0	0.0	0.0	0.0	0.0	6.169590643274854	4.369791666666667	0.9230769230769231	0.0	0.0	0.0	0.0
18434	0.0	0.0	0.0	0.0	0.0	0.0	0.0	0.0	0.0	1.8387096774193548	0.0	0.0	0.0	0.0	0.0	0.0	0.0	10.177570093457945	0.0	0.0	0.0	0.0	0.0	0.0
18435	0.0	1.4488778054862843	0.21140609636184857	0.0	0.0	0.0	0.0	0.0	0.0	11.64153627311522	4.2956521739130435	0.0	0.0	0.0	1.7202380952380953	0.0	0.0	10.582828282828283	7.517492711370262	0.0	0.0	0.0	0.7413394919168591	0.0
18436	0.0	5.495	0.0	0.0	0.0	0.0	0.0	0.0	0.0	8.906882591093117	4.566265060240964	0.0	0.0	1.21285140562249	2.2610441767068274	0.0	0.0	10.378260869565217	8.376470588235295	0.0	0.0	0.0	0.0	0.0
18437	0.0	1.873456790123457	0.3713646532438479	0.7897091722595079	0.0	0.0	0.0	0.06711409395973154	0.0	8.376657824933687	2.8859060402684564	0.0	0.912751677852349	0.0	0.0	0.0	0.0	6.317673378076063	8.159468438538205	0.0	0.6532438478747203	0.0	2.936386768447837	0.0
18438	0.0	3.0036764705882355	0.0	0.0	0.0	0.0	0.0	0.0	0.0	7.581560283687943	2.826241134751773	0.0	0.0	0.0	0.7092198581560284	0.0	0.0	10.742857142857142	4.476744186046512	2.4110169491525424	0.0	0.0	0.4326241134751773	0.0
18439	0.0	4.027450980392157	0.0	0.0	0.0	0.0	0.0	0.0	0.0	7.671171171171171	3.3450980392156864	0.0	0.0	0.0	2.368627450980392	0.0	0.0	9.151394422310757	7.057377049180328	0.0	0.0	0.0	0.0	0.0
18440	0.0	1.507936507936508	0.0	0.0	0.0	0.0	0.8439716312056738	0.0	0.0	5.894957983193278	3.6950354609929077	0.03546099290780142	0.925531914893617	0.0	3.049645390070922	0.0	0.0	8.27659574468085	8.740157480314961	0.0	0.0	0.0	0.0	0.0
18441	0.0	3.139784946236559	0.0	0.0	0.0	0.0	0.0	0.0	0.0	8.317241379310344	1.7662337662337662	0.0	0.0	0.0	0.0	0.0	0.0	10.144444444444444	4.10752688172043	0.0	0.0	0.0	0.0	0.0
18442	0.0	1.1742424242424243	0.0	0.0	0.0	0.0	0.0	0.0	0.0	9.423868312757202	2.3955555555555557	0.0	0.0	0.0	1.6733870967741935	0.0	0.0	4.625258799171843	4.839015151515151	0.0	0.0	0.0	0.0	0.0
18443	0.0	1.1187739463601531	0.0	0.9923371647509579	0.0	0.0	1.0191570881226053	0.0	0.0	6.986363636363636	3.1142857142857143	0.0	0.0	0.0	0.0	0.0	0.0	10.328205128205129	0.0	0.0	0.0	0.0	0.0	0.0
18444	0.0	1.661998132586368	1.0494864612511672	0.0	0.0	0.0	0.0	0.0	0.0	9.059311981020166	2.4981308411214953	0.0	0.0	0.0	0.8095238095238095	0.0	0.0	10.96719160104987	3.6996770721205596	0.638477801268499	0.0	0.0	0.7871148459383753	0.0
18445	0.0	1.2445616348055373	0.9780487804878049	0.0	0.0	0.0	0.0	0.0	0.0	9.376146788990825	2.7905172413793102	0.0	0.0	0.0	1.1376564277588168	0.0	0.0	9.6260017809439	4.2844884488448844	0.0	0.0	0.26621160409556316	0.0	0.0
18446	0.0	0.0	0.0	0.0	0.0	0.0	0.0	0.0	0.0	6.149870801033591	1.1254125412541254	0.0	0.0	0.03286384976525822	1.9014084507042253	0.0	0.0	2.8732394366197185	3.671361502347418	0.0	0.0	0.460093896713615	0.0	0.0
18447	0.0	1.1807542262678803	0.0	0.0	0.0	0.0	0.0	0.0	0.0	8.686912509038322	3.9673672566371683	0.0	0.0	0.0	0.810392482034273	0.0	0.0	9.595730918499353	3.4727398205659075	0.0	0.0	0.0	0.853448275862069	0.0
18448	0.0	1.7572886297376094	0.0	0.0	0.0	0.0	0.0	0.0	0.0	9.745212323064113	3.8045486851457	0.0	0.0	0.0	1.3830845771144278	0.0	0.0	8.00292184075968	4.552783109404991	0.0	0.0	0.0	0.0	0.0
18449	0.0	1.3161698283649503	0.0	0.0	0.0	0.0	0.0	0.0	0.0	5.891176470588236	2.0209643605870022	0.0	0.0	0.0	0.38121047877145436	0.0	0.0957542908762421	6.149282296650718	5.1159763313609465	0.0	0.0	0.0	0.0	0.0
18450	0.0	0.0	1.1774193548387097	0.0	0.0	0.0	0.0	0.0	0.0	5.039164490861618	2.3367983367983367	0.0	0.0	0.0	0.0	0.0	0.0	3.7927927927927927	0.6162464985994398	0.0	0.0	0.0	0.0	0.0
18451	0.00851063829787234	1.8840336134453781	0.6354609929078014	0.0	0.0	0.0	0.0	0.0	0.0	16.779352226720647	6.6160409556314	0.0	0.0	0.00851063829787234	0.8567375886524823	0.0	0.0	15.969868173258003	1.848148148148148	0.9588652482269504	0.0	0.0	1.9239332096474953	0.0
18452	0.0	4.2	1.4038128249566724	0.0	0.0	0.0	0.0	0.0	0.0	11.96095076400679	5.192675159235669	0.0	0.0	0.0	0.0	0.0	0.0	8.35897435897436	2.9363057324840764	0.3837837837837838	0.0	0.0	0.0	0.0
18453	0.0	1.5819209039548023	1.03954802259887	0.0	0.0	0.0	0.0	0.0	0.0	10.267419962335216	2.7867494824016563	0.0	0.0	0.5160075329566854	4.378531073446328	0.0	0.0	10.304597701149426	6.072494669509595	0.0	0.0	0.0	0.0	0.0
18454	0.0	2.992405063291139	0.0	0.0	0.0	0.0	0.0	0.0	0.0	10.922131147540984	4.251928020565552	0.0	0.0	0.0	0.0	0.0	0.0	9.20814479638009	1.9427792915531334	0.6138211382113821	0.0	0.823170731707317	1.5630081300813008	0.0
18455	0.0	0.8050314465408805	4.044025157232705	0.0	0.0	0.0	1.440251572327044	0.0	0.0	7.2773722627737225	1.220125786163522	0.0	0.0	0.0	0.0	0.0	0.0	3.742138364779874	3.4711538461538463	0.0	0.0	0.0	0.0	0.0
18456	0.0	2.7297872340425533	3.410994764397906	0.0	0.0	0.0	1.4861995753715498	0.0	0.0	7.5012165450121655	2.2264631043257	0.0	0.0	0.0	0.0	0.0	0.0	7.180487804878049	4.326963906581741	0.692144373673036	0.0	0.0	0.0	0.0
18457	0.0	3.788778877887789	0.0	0.0	0.0	0.0	0.0	0.0	0.0	12.435643564356436	5.762376237623762	0.0	0.9966996699669967	0.0	1.0957095709570956	0.0	0.0	5.883895131086143	1.4884488448844884	0.0	0.0	0.0	0.0	0.0
18458	0.0	0.9866666666666667	0.0	0.0	0.0	0.0	0.0	0.0	0.0	10.166666666666666	6.710407239819005	0.0	0.0	0.0	0.0	0.0	0.0	14.326460481099657	3.2666666666666666	0.0	0.0	0.0	1.31	0.0
18459	0.0	1.8611898016997168	0.0	0.0	0.0	0.0	0.0	0.0	0.0	8.624862486248626	4.025495750708215	0.0	0.0	0.0	1.5278564683663833	0.5854579792256847	0.0	6.525083612040134	6.271676300578035	0.0	0.0	1.0267942583732057	0.0	0.0
18460	0.0	3.7626262626262625	0.7852760736196319	0.0	0.0	0.49079754601226994	1.1104294478527608	0.0	0.0	11.348214285714286	6.371848739495798	0.0	0.0	0.0	0.0	0.0	0.0	7.28659793814433	4.149068322981367	0.8016359918200409	0.0	0.0	0.0	0.6768916155419223
18461	0.0	0.14102564102564102	0.0	0.0	0.782051282051282	0.0	0.0	0.0	0.0	1.7521367521367521	2.0042735042735043	0.2635135135135135	0.0	0.5384615384615384	1.8034188034188035	0.0	0.0	14.464646464646465	2.0854700854700856	0.0	0.0	0.0	0.49145299145299143	0.9188034188034188
18462	0.0	0.0	1.694647201946472	0.0	0.0	0.0	0.0	0.0	0.0	8.839352428393525	1.9196428571428572	0.0364963503649635	0.1922141119221411	0.0	0.0	0.0	0.0	8.954873646209386	6.813725490196078	0.0	0.0	0.0	0.0	0.0
18463	0.0	1.2729306487695748	1.1319910514541387	0.0	0.0	0.0	0.0	0.0	0.0	7.50896860986547	2.948235294117647	0.0	0.0	0.0	0.0	0.0	0.0	4.61968085106383	1.5190839694656488	0.0	0.0	0.0	0.0	0.0
18464	0.0	0.7496087636932708	0.0	0.0	0.0	0.0	0.0	0.0	0.0	10.763546798029557	2.8119001919385798	0.0	0.0	0.0	2.0199667221297837	0.0	0.0	10.263691683569979	2.7680851063829786	0.0	0.3317683881064163	0.0	0.4647887323943662	0.0
18465	0.0	1.3716108452950557	1.0403877221324718	0.0	0.0	0.0	0.0	0.0	0.0	8.53169014084507	1.0270758122743682	0.0	0.0	0.0	2.2184115523465704	0.0	0.0	6.763478260869565	1.105708245243129	0.0	0.0	0.0	0.0	0.0
18466	0.0	1.4972375690607735	0.0	0.0	0.5546448087431693	0.0	0.0	0.0	0.0	4.857425742574257	2.06645056726094	0.0	0.0	0.0	0.0	0.0	0.0	8.062597809076681	3.0797636632200884	0.0	0.09016393442622951	0.0	0.8087431693989071	0.0
18467	0.0	3.3641618497109826	0.0	0.0	0.0	0.0	0.0	0.0	0.0	6.061904761904762	0.0	0.0	0.0	0.0	0.0	0.0	0.0	4.76984126984127	10.982758620689655	0.0	0.0	0.0	1.119047619047619	0.0
18468	0.0	0.42118863049095606	0.0	0.0	0.0	0.0	0.0	0.0	0.0	6.822888283378747	3.3850129198966408	0.0	0.0	0.0	2.131782945736434	0.0	0.0	7.156739811912225	4.433628318584071	0.0	0.0	0.0	0.0	0.0
18469	0.0	1.923172242874845	0.0	0.0	0.0	0.0	0.6286286286286287	0.0	0.0	11.198329853862212	2.834490740740741	0.0	1.2762762762762763	0.0	1.6294779938587514	0.0	0.0	9.57174638487208	4.83881230116649	0.4778660612939841	0.0	1.018018018018018	0.0	0.0
18470	0.5210526315789473	1.2719298245614035	0.38596491228070173	0.0	0.41754385964912283	0.0	0.7543859649122807	0.0	0.0	8.992047713717694	3.1314387211367674	0.0	0.5263157894736842	0.0	0.0	0.0	0.0	6.424302788844622	1.949122807017544	0.0	0.0	0.0	0.0	0.0
18471	0.5815602836879432	0.0	0.0	0.0	0.0	0.0	0.0	0.0	0.0	7.934725848563969	5.445482866043614	0.0	0.0	0.0	0.0	0.0	0.0	3.2141057934508814	4.3476923076923075	0.0	0.0	0.7401960784313726	0.0	0.0
18472	0.0	0.7526881720430108	0.0	0.0	0.0	0.0	0.22939068100358423	0.0	0.0	5.831541218637993	3.6197916666666665	0.1863799283154122	0.0	0.708994708994709	1.2709163346613546	0.0	0.0	9.903225806451612	8.110294117647058	0.0	0.0	0.0	0.0	1.4946236559139785
18473	0.0	0.8348909657320872	2.6853582554517135	0.0	0.0	0.0	0.22429906542056074	0.0	0.0	11.489795918367347	4.311258278145695	1.0903426791277258	0.0	0.0	1.2118380062305296	0.0	0.0	7.150943396226415	3.45928338762215	0.0	0.367601246105919	0.0	0.0	0.0
18474	0.0	4.447427293064877	0.4966442953020134	0.0	0.0	0.0	0.0	0.0	0.0	7.166666666666667	6.097156398104265	0.0	0.0	0.0	0.0	0.0	0.0	4.92741935483871	2.898823529411765	5.543046357615894	0.0	0.0	1.5570469798657718	0.0
18475	0.0	1.0089619118745332	0.6086572438162544	0.0	0.0	0.0	0.0	0.0	0.0	8.892074198988196	2.148848684210526	0.0	0.0	0.0	0.999211356466877	0.0	0.0	5.1314935064935066	2.621973929236499	0.0	0.0	0.0	1.0042194092827004	0.0
18476	0.0	1.1529411764705881	0.0	0.0	0.0	0.0	0.0	0.0	0.0	5.260683760683761	2.715736040609137	0.0	0.0	0.0	2.411764705882353	0.0	0.0	5.8326693227091635	2.607843137254902	1.6274509803921569	0.0	0.0	0.0	0.0
18477	0.0	3.21531914893617	0.6254646840148699	0.0	0.0	0.0	0.6359338061465721	0.0	0.0	8.047420965058237	2.7725856697819315	0.0	0.0	0.0	0.961335676625659	0.0	0.0	7.572340425531915	5.9928057553956835	0.0	0.0	0.0	0.6879432624113475	0.0
18478	0.0	1.5464646464646465	1.847900113507378	0.0	0.0	0.0	0.0	0.0	0.0	11.829880043620502	2.761904761904762	0.44511581067472306	1.1107754279959718	0.29003021148036257	1.4662638469284994	0.0	0.0	10.783678756476684	1.998992950654582	0.0	0.0	0.0	0.0	0.0
18479	0.0	3.069164265129683	0.0	0.0	0.0	0.0	0.0	0.0	0.0	6.422754491017964	3.388003748828491	0.0	0.0	0.0	0.9907663896583564	0.0	0.0	11.072300469483569	4.840172786177106	0.0	0.0	0.0	0.0	0.0
18480	0.0	1.1219512195121952	1.467479674796748	0.0	0.0	0.0	0.0	0.0	0.0	11.523809523809524	4.260162601626016	0.0	0.0	0.0	0.0	0.0	0.0	14.198198198198199	7.706806282722513	0.0	0.0	0.0	0.0	0.0
18481	0.0	0.0	0.0	0.0	0.0	0.0	0.0	0.0	0.0	12.159851301115241	2.9562043795620436	0.949685534591195	0.0	0.0	1.078616352201258	0.0	0.0	15.383177570093459	3.923076923076923	0.0	0.0	0.7987421383647799	0.0	0.0
18482	0.0	5.078431372549019	1.8508158508158508	0.0	0.0	0.0	0.0	0.0	0.0	12.157384987893462	3.5710594315245476	0.3146853146853147	0.0	0.5547785547785548	1.156177156177156	0.0	0.0	6.852564102564102	5.321678321678322	0.0	0.0	0.0	0.0	0.0
18483	0.0	1.1584699453551912	0.0	0.0	0.0	0.0	0.0	0.0	0.0	11.915032679738562	4.2707182320441985	0.0	1.7486338797814207	0.0	0.5901639344262295	0.0	0.0	8.972677595628415	5.379084967320262	0.0	0.0	0.0	0.0	0.0
18484	0.0	1.7228855721393035	0.927065527065527	0.0	0.0	0.0	0.0	0.0	0.0	11.543223647518126	3.469922879177378	0.0	0.0	0.0	1.609950248756219	0.0	0.0	8.194610778443113	5.01091843288375	0.0	0.0	0.0	0.0	0.0
18485	0.0	3.2324723247232474	0.7579656862745098	0.0	0.0	0.0	0.0	0.0	0.0	10.214490674318508	2.081510934393638	0.0	1.2205882352941178	0.0	0.0	0.0	0.0	10.572355613238157	4.186124082721815	1.2996323529411764	0.0	0.4789473684210526	0.0	0.0
18486	0.0	1.493006993006993	0.7042735042735043	0.0	0.11282051282051282	0.0	0.0	0.0	0.0	8.990328820116055	4.033860045146727	0.6495726495726496	0.37094017094017095	0.0	3.339712918660287	0.0	0.0	9.007421150278294	6.005504587155963	0.0	0.0	0.0	1.3025641025641026	0.0
18487	0.0	0.0	0.0	0.0	0.0	0.0	0.0	0.0	0.0	9.005291005291005	3.990867579908676	0.8584474885844748	0.776255707762557	0.0	0.0	0.0	0.0	10.398876404494382	4.694656488549619	1.2922374429223744	1.2831050228310503	0.0	0.0	0.0
18488	0.0	1.0076335877862594	0.0	0.0	0.0	0.0	0.0	0.0	0.0	12.971168437025797	5.006279434850863	0.0	0.0	0.0	0.0	0.021628498727735368	0.0	8.938127090301004	3.0415913200723326	0.0	0.0	1.1704834605597965	0.5928753180661578	0.0
18489	0.0	2.224519940915805	0.0	0.0	0.0	0.0	0.0	0.0	0.0	4.591317365269461	2.1924812030075187	0.0	0.0	0.0	0.9495548961424333	0.0	0.0	7.888405797101449	2.0361904761904763	0.0	0.0	0.0	0.3681159420289855	0.0
18490	0.0	2.8944591029023745	1.4008714596949892	0.0	0.0	0.0	0.0	0.0	0.0	9.011188811188811	1.7520858164481525	0.0	0.0	0.0	0.0	0.0	0.0	7.61455525606469	5.780742459396752	0.0	0.0	0.0	0.0	0.0
18491	0.0	0.0	1.3220611916264091	0.0	0.0	0.0	0.0	0.0	0.0	4.7368421052631575	2.645424836601307	0.0	0.0	0.0	0.0	0.0	0.0	6.019543973941368	4.824275362318841	1.4573268921095008	0.0	0.0	1.5202205882352942	0.0
18492	0.0	1.4022988505747127	0.0	0.0	0.0	0.0	0.0	0.0	0.0	5.231111111111111	0.8659003831417624	0.0	1.1724137931034482	0.0	0.0	0.0	0.0	5.177884615384615	3.815668202764977	0.0	0.0	0.0	0.0	0.0
18493	0.0	0.9193548387096774	0.0	0.0	0.0	0.0	1.2016129032258065	0.0	0.0	13.08049535603715	5.989247311827957	0.0	1.3172043010752688	0.0	0.8064516129032258	0.0	0.0	8.590643274853802	3.725806451612903	0.0	0.0	0.0	0.0	0.0
18494	0.0	2.0356435643564357	1.0097465886939572	0.0	0.0	0.0	0.0	0.0	0.0	7.505291005291006	2.050682261208577	0.0	0.0	0.0	1.1111111111111112	0.0	0.0	11.637113402061855	5.845303867403315	0.0	0.0	0.0	0.0	0.0
18495	0.0	1.1581508515815084	0.0	0.0	0.0	0.0	0.0	0.0	0.0	7.8753315649867375	3.5328467153284673	0.0	0.0	0.0	0.0	0.0	0.0	11.607784431137725	7.814935064935065	1.4111922141119222	0.0	0.31143552311435524	0.0	0.0
18496	0.0	0.0	0.0	0.0	0.0	0.0	0.0	0.19413919413919414	0.0	10.910761154855644	1.5426695842450766	0.0	0.0	0.0	0.0	0.0	0.0	9.36996336996337	2.1155555555555554	0.0	0.0	0.0	0.0	0.0
18497	0.0	1.68659793814433	0.0	0.0	0.0	0.0	0.0	0.0	0.0	6.912466843501326	0.9508771929824561	0.0	0.0	0.0	0.0	0.0	0.0	10.830472103004292	5.084415584415584	0.6138211382113821	0.3699186991869919	0.0	0.8414634146341463	0.0
18498	0.0	1.4240362811791383	0.0	0.0	0.0	0.0	0.0	0.0	0.0	2.0716723549488054	0.0	0.0	1.3231292517006803	1.5546218487394958	0.0	0.0	0.0	9.51863354037267	0.7709750566893424	0.0	0.0	0.5809859154929577	0.0	0.0
18499	0.0	1.745881178232651	0.0	0.0	0.0	0.0	0.0	0.0	0.0	10.564625850340136	4.095166915794718	0.0	0.0	0.0	0.0	0.0	0.0	7.736092265943012	5.9049128367670365	0.0	0.3868194842406877	0.0	1.7521489971346704	0.0
18500	0.8837920489296636	1.2131147540983607	0.7614678899082569	0.0	0.0	0.5290519877675841	0.0	0.0	0.0	5.241486068111455	3.3180428134556577	0.9480122324159022	0.672782874617737	0.0	0.0	0.0	0.0	7.331753554502369	5.443425076452599	0.0	0.0	0.0	0.0	0.0
18501	0.0	4.673913043478261	0.0	0.0	0.0	0.0	0.0	0.0	0.0	9.35036496350365	3.0144927536231885	0.0	0.0	0.0	3.398550724637681	0.0	0.0	3.2736842105263158	3.0961538461538463	0.0	0.0	0.0	0.0	0.0
18502	0.0	1.5265625	0.0	0.0	0.0	0.0	2.8713178294573645	0.0	0.0	12.52093023255814	6.417132216014897	0.0	0.0	0.0	1.5705426356589147	0.0	0.0	2.3138297872340425	3.0152091254752853	0.0	0.0	0.8124031007751938	0.0	0.0
18503	0.3963963963963964	2.008223684210526	0.0	0.0	0.0	0.0	0.0	0.0	0.0	12.787581699346406	2.9634034766697166	0.0	0.0	0.0	1.5342706502636203	0.0	0.0	6.140625	5.985727029438002	0.0	0.0	0.0	0.0	0.3340840840840841
18504	0.0	2.0360128617363342	0.8923459863098943	0.0	0.0	0.0	0.0	0.0	0.0	13.684145589142505	4.013904982618771	0.0	0.9341238471673254	0.0	0.0	0.0	0.0	8.6238846945779	5.845311430527036	0.84593837535014	0.0	1.2582633053221288	0.9915966386554622	0.0
18505	0.0	1.5815602836879432	0.0	0.7864583333333334	0.0	0.0	0.0	0.0	0.0	11.058252427184467	2.4200913242009134	0.0	0.5729166666666666	1.0729166666666667	0.0	0.5208333333333334	0.0	7.253333333333333	4.079245283018868	0.0	0.0	1.2397820163487738	0.2421875	0.0
18506	0.0	0.0	0.0	0.0	0.0	0.0	0.0	0.0	0.0	9.923076923076923	0.0	0.0	0.0	0.0	0.0	0.0	0.0	5.205673758865248	0.9181818181818182	0.0	0.0	0.0	2.3120567375886525	0.0
18507	0.0	1.8784313725490196	2.1176470588235294	0.0	0.0	0.0	0.0	0.0	0.0	10.344186046511627	0.8844221105527639	0.0	0.8455284552845529	0.0	0.0	0.0	0.0	6.49438202247191	4.2946058091286305	0.0	0.0	0.0	0.9215686274509803	0.0
18508	0.0	3.7835125448028673	1.1799283154121865	0.0	0.0	0.0	0.0	0.0	0.0	8.53910149750416	3.092418772563177	0.0	0.0	0.0	0.9607023411371237	0.0	0.0	6.883859948761742	3.852302345786273	0.8315412186379928	0.0	0.0	1.0150537634408603	0.0
18509	1.0737327188940091	2.737670514165792	0.0	0.0	0.0	0.0	1.400921658986175	0.0	0.0	10.281826163301142	2.093978102189781	0.0	0.38402457757296465	0.0	0.0	0.0	0.0	8.27935606060606	3.2940685045948204	0.0	0.0	0.8118279569892473	0.0	0.0
18510	0.0	1.9434729564863766	0.0	0.0	0.0	0.0	0.2665112665112665	0.0	0.0	8.774070945945946	2.8747689463955637	0.0	0.0	0.0	0.9243369734789392	0.0	0.0	8.07016129032258	2.9206190713929105	0.0	0.1519036519036519	0.0	0.756021756021756	0.057498057498057496
18511	0.0	3.121387283236994	0.0	0.0	0.0	0.0	0.43386243386243384	0.0	0.0	10.04089219330855	1.5714285714285714	0.0	0.0	0.0	1.417989417989418	0.0	0.0	9.201892744479496	1.0502645502645502	0.0	0.31216931216931215	0.0	0.8042328042328042	0.0
18512	0.0	1.8133333333333332	0.0	0.0	0.0	0.0	0.0	0.0	0.0	9.04888888888889	3.4133333333333336	0.0	0.0	0.0	0.0	0.0	0.0	4.862222222222222	2.7422222222222223	0.0	0.0	0.0	1.9244444444444444	4.693333333333333
18513	0.0	1.7840882421966675	0.0	0.0	0.0	0.0	0.0	0.0	0.0	12.455773642620443	2.8823253633380217	0.49715099715099714	0.0	0.0	0.9259259259259259	0.0	0.0	10.820468978993649	3.152787497084208	0.0	0.0	0.0	0.0	0.405982905982906
18514	0.0	0.0	0.0	0.0	0.0	0.0	0.0	0.0	0.0	8.373791621911923	2.2341356673960613	0.0	0.0	0.0	0.0	0.0	0.0	5.631652661064426	2.825361512791991	0.0	0.0	0.0	0.0	0.0
18515	0.0	0.6731391585760518	0.0	0.0	0.0	0.0	0.0	0.0	0.0	4.825242718446602	4.3462783171521036	0.0	0.0	0.0	0.0	0.0	0.0	4.430327868852459	3.7636986301369864	0.0	0.0	0.0	0.4401294498381877	0.0
18516	0.0	2.606382978723404	0.0	0.0	0.0	0.0	0.0	0.0	0.0	4.939716312056738	4.921985815602837	0.0	0.0	0.20212765957446807	1.6382978723404256	0.0	0.0	6.914893617021277	3.550561797752809	0.0	0.0	0.0	0.0	0.0
18517	0.0	2.7333333333333334	2.9466666666666668	0.0	0.0	0.0	0.0	0.0	0.0	6.366666666666666	4.6066666666666665	0.0	0.0	0.0	0.7066666666666667	0.0	0.0	8.219298245614034	0.04666666666666667	0.24	0.0	0.0	0.0	0.0
18518	0.0	1.0988505747126436	0.0	0.0	0.0	0.0	0.7933884297520661	0.0	0.0	8.273936170212766	3.8134715025906734	0.0	0.0	0.0	0.6942528735632184	0.0	0.0	3.9632183908045975	5.054761904761905	0.0	0.0	0.0	0.9701149425287356	0.0
18519	0.0	0.0	0.04395604395604396	1.0256410256410255	0.0	0.0	0.2967032967032967	0.0	0.0	3.2747252747252746	4.8498168498168495	0.0	0.0	0.0	0.0	0.0	0.0	7.885	1.2014652014652014	0.0	0.0	0.0	0.0	0.0
18520	0.0	0.0	0.0	0.0	0.0	0.0	0.0	0.0	0.0	9.289772727272727	2.4676258992805757	0.0	0.0	0.0	0.0	0.0	0.0	13.898507462686567	6.146282973621103	0.0	0.0	0.0	0.0	0.0
18521	0.0	0.0	0.0	0.0	0.0	0.0	0.0	0.0	0.0	10.634187082405345	3.6533923303834808	0.9392265193370166	0.0	0.0	1.5906813627254508	0.0	0.0	12.680668257756563	4.516233766233766	0.0	0.0	1.700531914893617	0.0	0.0
18522	0.0	2.3565323565323566	0.0	0.0	0.0	0.0	0.6836734693877551	0.0	0.0	13.846793349168646	2.7749510763209395	0.0	0.0	0.0	1.0510752688172043	0.0	0.0	7.9480519480519485	5.357142857142857	0.0	0.0	0.0	1.6462585034013606	0.0
18523	0.0	4.313725490196078	2.65359477124183	0.0	0.0	0.0	0.8496732026143791	0.0	0.0	7.601307189542483	2.8095238095238093	0.0	0.0	0.0	0.3660130718954248	0.0	0.0	19.598540145985403	1.673202614379085	0.0	0.0	0.006535947712418301	0.0	1.0
18524	0.0	1.9960629921259843	4.28023598820059	0.0	0.0	0.0	0.0	0.0	0.0	11.459363957597173	1.7374631268436578	0.0	0.7345132743362832	0.8908554572271387	1.5781710914454277	0.0	0.0	8.018018018018019	5.237354085603113	0.0	0.0	0.0	0.0	0.0
18525	0.0	2.7605177993527508	0.2977346278317152	0.0	0.0	0.0	0.0	0.0	0.0	8.483193277310924	0.7680412371134021	0.0	0.0	0.0	0.0	0.4779874213836478	0.0	13.26530612244898	4.962328767123288	0.7313915857605178	0.0	0.0	0.0	0.0
18526	0.0	4.490196078431373	0.0	0.0	0.0	2.104575163398693	0.4666666666666667	0.0	0.0	7.478260869565218	6.324074074074074	0.6405228758169934	0.1568627450980392	0.0	0.0	1.5163398692810457	0.0	8.479338842975206	3.819277108433735	0.0	0.0	2.235294117647059	0.0	0.2875816993464052
18527	0.0	3.087719298245614	0.0	0.0	0.4868421052631579	0.0	0.0	0.0	0.0	6.301587301587301	1.0921052631578947	0.0	0.0	0.0	1.219298245614035	0.0	0.0	5.0	3.8157894736842106	0.7149122807017544	0.0	2.719298245614035	0.0	0.0
18528	0.0	0.0	0.0	0.0	0.0	0.0	0.0	0.0	0.0	4.838383838383838	2.7177177177177176	0.0	0.0	0.0	1.6576576576576576	0.0	0.0	3.5660377358490565	2.1159420289855073	0.0	0.0	0.0	0.0	0.0
18529	0.0	1.3202614379084967	0.46405228758169936	0.0	0.25163398692810457	0.0	0.8496732026143791	0.0	0.0	5.285198555956678	5.973856209150327	0.7973856209150327	0.7908496732026143	2.1601307189542482	1.9607843137254901	0.0	0.0	11.683333333333334	3.5569105691056913	0.0	0.0	0.0	0.0	0.9869281045751634
18530	0.0	2.8862928348909658	0.411214953271028	0.0	0.6417445482866043	0.0	0.0	0.0	0.0	11.13852813852814	5.538582677165354	0.0	0.0	0.0	1.355140186915888	0.0	0.0	11.745331069609508	4.781676413255361	0.0	0.0	0.0	0.0	0.0
18531	0.0	2.798709677419355	0.0	0.0	0.0	0.0	0.0	0.0	0.0	8.42156862745098	3.1941520467836257	0.0	0.0	0.0	1.5064327485380118	0.0	0.0	6.595714285714286	1.6496478873239437	0.0	0.0	0.0	0.0	0.0
18532	0.0	0.526416906820365	0.0	0.0	0.0	0.0	0.0	0.0	0.0	10.7	1.9135446685878963	0.0	0.0	0.0	2.410009624639076	0.0	0.04610951008645533	10.085148514851484	4.9575	0.1287223823246878	0.0	0.5763688760806917	0.0	0.0
18533	0.0	0.5416666666666666	1.1723484848484849	0.0	0.0	0.0	0.0	0.0	0.0	12.0	6.226666666666667	0.0	0.8776824034334764	0.0	1.5492424242424243	0.0	0.0	11.47991967871486	6.096997690531178	1.3333333333333333	0.0	4.262955854126679	0.0	0.0
18534	0.0	3.5672514619883042	0.0	0.0	0.0	0.0	0.0	0.0	0.0	8.421052631578947	1.2514619883040936	0.0	0.0	0.0	1.0625	0.0	0.0	9.005917159763314	10.150684931506849	3.2246376811594204	0.0	0.0935672514619883	0.0	0.0
18535	0.0	5.147826086956521	0.0	0.0	0.0	0.0	0.0	0.0	0.0	20.782608695652176	2.813664596273292	0.0	0.0	0.0	0.0	0.0	0.0	11.803571428571429	12.23469387755102	0.5773809523809523	0.0	0.0	0.0	0.9226190476190477
18536	0.5294117647058824	0.9019607843137255	3.2287581699346406	0.0	0.0	0.0	0.0	0.0	0.0	13.07843137254902	4.504854368932039	0.0	0.0	0.0	0.0	0.0	0.0	6.153153153153153	2.5751633986928106	0.0	0.0	0.0	0.0	0.0
18537	0.24651162790697675	2.358139534883721	0.9333333333333333	0.0	0.0	0.0	0.0	0.0	0.0	12.074313408723748	1.3026819923371646	0.0	0.0	0.08837209302325581	0.834108527131783	0.0	0.0	6.586744639376218	7.024221453287197	0.0	0.3612403100775194	0.31627906976744186	0.0	0.0
18538	0.0	0.0	0.0	2.1272727272727274	0.0	0.0	0.0	0.0	0.0	13.26086956521739	2.7083333333333335	0.0	0.0	0.0	3.5575757575757576	0.0	0.0	11.086330935251798	4.304347826086956	0.0	0.0	1.2484848484848485	0.32727272727272727	1.8545454545454545
18539	0.0	0.0	0.4307692307692308	0.0	0.0	0.0	0.2358974358974359	0.0	0.0	8.0625	6.047872340425532	0.0	0.0	0.0	0.0	0.0	0.0	7.301587301587301	9.771428571428572	0.0	0.0	0.4307692307692308	2.830769230769231	0.005128205128205128
18540	0.0	1.4945705824284303	0.0	0.0	0.0	0.0	0.0	0.0	0.0	7.028764204545454	4.118245614035088	0.0	0.0	0.0	0.0	0.0	0.0	5.865849126718692	5.150238473767885	0.0	0.0	0.0	1.3606449489963803	0.0
18541	0.0	0.0	0.32234432234432236	0.0	0.0	0.0	0.0	0.0	0.0	12.0	2.7435897435897436	0.0	0.0	0.0	0.0	0.0	0.0	2.1575091575091574	0.7326007326007326	1.6336996336996337	0.0	0.0	1.021978021978022	0.0
18542	0.0	0.0	0.0	0.0	0.0	0.0	0.0	0.0	0.0	3.9454545454545453	1.1025641025641026	0.0	0.0	1.0	1.6581196581196582	0.0	0.0	7.112244897959184	0.0	0.0	0.0	0.0	0.0	0.0
18543	0.0	2.17351598173516	0.0	0.0	0.0	0.0	0.410958904109589	0.0	0.0	7.131736526946108	2.7967914438502675	0.0	0.0	0.0	1.4246575342465753	0.0	0.0	18.651515151515152	2.721461187214612	0.0	0.0	0.0	0.0	0.0
18544	0.0	0.0	1.1880674448767834	0.0	0.0	0.0	0.0	0.0	0.0	8.435590969455511	3.6741573033707864	0.09208819714656291	0.0	0.13748378728923477	0.812874251497006	0.0	0.0	9.23731884057971	2.743884892086331	0.0	0.0	0.0	1.028530670470756	1.6926070038910506
18545	0.0	0.0	0.0	0.0	0.0	0.0	0.0	0.0	0.0	6.730769230769231	0.6730769230769231	0.0	0.0	0.0	1.3076923076923077	0.0	0.0	2.8559322033898304	9.099236641221374	0.0	0.0	0.6217948717948718	3.7243589743589745	0.0
18546	0.0	0.8181818181818182	0.7076023391812866	0.0	0.0	0.0	1.6023391812865497	0.0	0.0	7.7094017094017095	1.5730994152046784	2.573099415204678	0.0	0.0	1.6257309941520468	0.0	0.0	7.180722891566265	2.5964912280701755	0.0	0.0	0.8888888888888888	0.0	0.0
18547	0.0	0.0	1.0080775444264944	0.0	0.0	0.0	0.3787878787878788	0.0	0.0	11.268101761252446	5.092165898617512	0.0	0.0	0.0	1.1516129032258065	0.0	0.0	7.83629191321499	4.869140625	0.0	0.0	0.0	0.9303030303030303	0.0
18548	0.0	4.844594594594595	0.0	0.0	0.0	0.0	0.0	0.0	0.0	4.028368794326241	2.4696969696969697	0.0	0.0	0.0	0.0	0.0	0.0	3.4066666666666667	1.0962962962962963	0.0	0.0	0.0	0.0	0.0
18549	0.0	2.399209486166008	0.0	0.0	0.0	0.0	0.0	0.0	0.0	6.744186046511628	0.9302325581395349	0.0	0.0	0.0	0.0	0.0	0.0	1.8022598870056497	4.269230769230769	1.6666666666666667	0.0	3.5	0.0	0.0
18550	0.0	0.9096459096459096	1.2606837606837606	0.2954822954822955	0.0	0.0	0.0	0.0	0.0	7.094133697135061	2.592814371257485	0.0	1.3582089552238805	0.0	0.0	0.0	0.0	6.899390243902439	3.186046511627907	0.0	0.23443223443223443	0.0	0.0	0.0
18551	0.0	2.592857142857143	0.0	0.0	0.0	0.0	0.0	0.0	0.0	8.436090225563909	2.223809523809524	0.0	0.0	0.0	1.4494949494949494	0.0	0.0	4.461139896373057	5.08	0.0	0.0	0.0	0.0	1.0404761904761906
18552	0.0	5.222873900293255	1.8077956989247312	0.0	0.0	0.0	1.0672043010752688	0.0	0.0	11.660689655172414	3.0551075268817205	0.0	0.6559139784946236	0.0	0.9301075268817204	0.0	0.0	15.893233082706766	4.915129151291513	0.0	0.0	0.0	1.489247311827957	0.0
18553	0.0	1.5231607629427792	0.0	0.0	1.897897897897898	0.8928571428571429	0.0	0.0	0.0	12.926767676767676	2.9739884393063583	0.0	3.502283105022831	4.875796178343949	0.0	1.5878594249201279	0.0	7.075514874141876	3.385579937304075	0.0	1.7168949771689497	4.7146118721461185	0.0	1.0296803652968036
18554	0.0	0.9424157303370787	0.3671875	0.0	0.0	0.0	0.0	0.0	0.0	11.533870967741935	2.8491525423728814	0.0	0.11197916666666667	0.3958333333333333	1.1073529411764707	0.0	0.0	10.238726790450928	3.2389649923896497	0.0	0.0	1.5729166666666667	0.5989583333333334	0.0
18555	0.0	2.881159420289855	0.0	0.0	1.8521739130434782	0.0	1.2927536231884058	0.0	0.0	6.881422924901186	3.250909090909091	0.0	0.27246376811594203	1.055072463768116	0.6260869565217392	0.0	0.0	5.591304347826087	6.02846975088968	1.4260869565217391	0.0	1.536231884057971	0.0	0.19710144927536233
18556	0.0	0.9405241935483871	0.8014981273408239	0.0	0.0	0.0	0.2247191011235955	0.0	0.0	8.277842907385697	3.769230769230769	0.0	0.0	0.0	0.0	0.0	0.0	7.1605691056910565	3.7687265917602994	0.0	0.0	0.0	0.0	0.0
18557	0.0	0.8310502283105022	0.0	0.0	0.0	0.1437308868501529	0.0	0.0	0.0	9.0	0.9753086419753086	0.0	0.0	0.0	0.981651376146789	0.0	0.0	5.663608562691132	0.9235474006116208	0.11314984709480122	1.5873015873015872	0.0	0.0	0.0
18558	0.0	1.3524229074889869	0.0	0.0	0.0	0.0	0.0	0.0	0.0	6.8791500664010625	4.856481481481482	0.0	0.0	0.0	0.8744827586206897	0.0	0.0	8.405889884763123	4.909539473684211	0.0	0.0	0.0	0.8034825870646766	0.0
18559	0.0	2.7056737588652484	0.0	0.0	0.0	0.0	0.0	0.0	0.0	6.887665198237886	3.396694214876033	1.1408450704225352	0.0	0.0	1.7575757575757576	0.0	0.0	5.230769230769231	3.1228070175438596	0.0	0.0	0.0	0.0	0.48760330578512395
18560	0.0	1.824022346368715	0.0	0.0	0.0	0.0	0.0	0.0	0.0	7.196239717978848	5.15990057995029	0.0	0.34615384615384615	0.0	1.8182572614107884	0.0	0.0	6.974721941354904	3.0482546201232035	0.0	0.0	0.0	0.31971153846153844	0.0
18561	0.0	2.083976833976834	0.0	0.0	0.0	0.0	0.43796296296296294	0.0	0.0	12.514721919302072	3.0114649681528665	0.0	0.0	0.0	0.0	0.0	0.0	6.730844793713163	1.732423924449108	0.0	0.0	0.0	0.0	0.0
18562	0.0	3.49375	0.0	0.0	0.0	0.0	0.0	0.0	0.0	9.649220489977727	1.6791131855309218	0.0	0.0	0.0	1.6686507936507937	0.0	0.0	11.169109357384443	3.1841397849462365	0.0	0.0	0.3134920634920635	1.2430555555555556	0.0
18563	0.0	1.1658415841584158	0.0	0.0	0.0	0.0	0.6546052631578947	0.0	0.0	11.538901601830664	4.197963800904978	0.4692982456140351	0.0	0.0	0.37609649122807015	0.0	0.0	6.5076741440377806	3.9458388375165128	0.03728070175438596	0.0	0.0	1.8051470588235294	0.0
18564	0.0	3.0927835051546393	0.003436426116838488	0.0	1.0274914089347078	0.0	3.0240549828178693	0.0	0.0	12.434482758620689	6.649484536082475	0.0	0.0	2.7216494845360826	0.0	1.7525773195876289	0.0	15.530685920577618	5.670103092783505	0.0	2.1580756013745703	6.597938144329897	0.20618556701030927	0.9828178694158075
18565	0.0	3.4885496183206106	0.0	0.0	0.0	0.0	0.0	0.0	0.0	11.485436893203884	0.7692307692307693	0.8461538461538461	0.0	0.0	1.064102564102564	0.0	0.0	6.6923076923076925	2.16025641025641	1.955128205128205	0.0	0.0	2.1666666666666665	0.0
18566	0.0	1.163978494623656	0.4032258064516129	0.0	0.0	0.0	0.0	0.0	0.0	8.858024691358025	2.9943181818181817	0.5806451612903226	0.0	0.0	0.0	0.0	0.0	10.150887573964496	7.710659898477157	0.0	0.0	0.0	2.489247311827957	1.9704301075268817
18567	0.0	2.1084142394822005	2.2408088235294117	0.0	0.0	0.0	0.0	0.0	0.0	9.608482871125611	1.7800687285223367	0.06472491909385113	0.9061488673139159	0.0	0.23624595469255663	0.0	0.0	5.763265306122449	5.317865429234339	0.0	0.0	0.0	0.0	0.0
18568	0.0	1.1645299145299146	0.0	0.0	0.23504273504273504	0.0	0.15598290598290598	0.0	0.0	8.997275204359672	7.127710843373494	0.0	0.0	0.0	0.0	0.0	0.0	11.18599033816425	4.341304347826087	0.0	0.0	0.0	0.0	0.0
18569	0.0	1.008635578583765	0.0	0.0	0.0	0.0	0.0	0.0	0.0	8.913194444444445	2.8352668213457077	0.0	0.0	0.0	1.5854922279792747	0.0	0.0	6.6223091976516635	5.020725388601036	0.0	0.0	0.0	0.0	0.0
18570	0.7713004484304933	0.0	0.0	0.0	0.0	0.0	0.9932998324958124	0.0	0.0	8.484154929577464	4.57840616966581	0.0	0.0	0.0	0.0	0.0	3.7872696817420435	8.993273542600896	2.45982905982906	0.0	0.0	0.0	0.0	0.0
18571	0.0	3.7467105263157894	0.0	0.0	0.0	0.08491418247515808	0.0	0.0	0.0	7.303296703296703	2.5592369477911645	0.0	0.0	0.0	0.995483288166215	0.0	0.0	7.269194312796208	2.118337850045167	0.023486901535682024	0.0	0.0	0.0	0.4787714543812105
18572	0.0	0.0	0.0	0.0	0.0	0.0	1.2035573122529644	0.0	0.0	12.25959367945824	3.7167070217917675	0.0	0.0	0.0	1.2653927813163481	0.0	0.0	3.6724806201550386	1.748062015503876	0.0	0.0	0.0	0.0	0.0
18573	0.0	2.6965811965811968	0.0	0.0	0.5170940170940171	0.0	0.47863247863247865	0.0	0.0	6.2026143790849675	2.248380129589633	0.5	0.0	0.0	2.02262443438914	0.0	0.0	16.693002257336342	8.387445887445887	0.0	0.0	1.8482905982905984	0.6965811965811965	0.0
18574	0.0	1.6129032258064515	0.0	0.0	0.0	0.0	0.0	0.0	0.0	9.491776315789474	2.3047210300429186	0.8293010752688172	0.0	0.0	0.0	0.0	0.0	8.903469079939669	2.796783625730994	0.0	0.0	0.1922043010752688	1.5161290322580645	0.0
18575	0.0	5.070140280561122	3.4352030947775627	0.0	0.0	0.0	0.0	0.0	0.0	9.551063829787234	3.917883211678832	0.0	0.0	0.0	0.0	0.0	0.0	9.21375464684015	8.126159554730984	0.0	0.0	0.0	0.0	0.0
18576	0.0	1.0964125560538116	0.0	0.0	0.0	0.0	0.0	0.0	0.0	7.105263157894737	2.2222222222222223	0.0	0.0	0.0	0.0	0.0	0.0	4.831663326653307	0.0	0.0	0.0	0.0	0.0	0.0
18577	0.0	0.0	0.0	0.0	0.0	0.0	0.0	0.0	0.0	7.47766323024055	1.4481792717086834	0.0	0.0	0.0	0.0	0.0	0.0	7.3790087463556855	0.5238095238095238	0.0	0.0	0.0	1.5838926174496644	0.0
18578	0.0	0.0	0.0	0.0	0.0	0.0	0.0	0.0	0.0	6.3575989782886335	0.0	0.2773403324584427	0.0	0.0	0.6657917760279966	0.0	0.0	7.058035714285714	1.4612989323843417	0.0	0.0	0.0	0.0	0.0
18579	0.0	0.06645230439442658	0.0	0.0	0.0	0.0	0.0	0.0	0.0	3.8810741687979537	0.9389067524115756	0.0	0.0	0.0	0.0	0.0	0.0	7.408812729498164	1.7222898903775883	0.3311897106109325	0.0	0.0	0.0	0.0
18580	3.160919540229885	0.0	0.0	0.0	1.446360153256705	1.206896551724138	0.0	0.0	0.9524886877828054	12.47911547911548	3.067055393586006	0.0	0.0	5.1669902912621355	0.0	1.524904214559387	3.218390804597701	11.251833740831296	4.783295711060948	0.0	0.0	0.7523809523809524	0.0	0.0
18581	0.6634920634920635	2.55	1.634074074074074	0.0	2.7092198581560285	0.0	1.854345165238678	0.0	0.5505050505050505	13.23671497584541	3.6295793758480324	0.0	1.7927807486631016	1.299524564183835	0.0	1.7645305514157974	0.5143721633888049	11.789124668435013	10.198855507868384	0.0	0.0	4.055714285714286	0.0	0.0
18582	0.0	2.19391206313416	0.0	0.0	0.0	1.058165548098434	0.0	0.0	0.0	10.34813925570228	2.1582089552238806	0.9354066985645934	0.0	0.9184713375796179	0.0	1.267337807606264	0.0	15.68483063328424	3.3115438108484008	0.0	0.0	0.8528528528528528	0.9705128205128205	0.0
18583	0.0	3.1996386630532974	0.9795539033457249	0.0	0.0	0.0	0.2526487367563162	0.0	0.0	11.617373319544985	4.7011197243755385	0.7652811735941321	0.0	2.1632453567937437	1.2958435207823962	0.7335490830636462	0.0	10.07905544147844	2.8288718929254304	0.0	0.0	2.0220820189274447	0.0	0.0
18584	0.0	3.837055417700579	0.0	0.0	0.0	0.0	0.897070467141726	0.0	0.0	11.516010978956999	6.844212358572672	1.079968329374505	0.0	0.7252573238321457	0.0	1.095803642121932	0.0	11.232848232848232	7.795096322241681	0.0	0.0	1.4140934283452098	0.6571654790182107	0.0
18585	0.0	1.0608695652173914	1.386609071274298	0.0	0.0	0.0	2.487603305785124	0.0	0.0	12.782816229116944	2.5637860082304527	0.24279835390946503	0.0	0.0	1.1522633744855968	0.0	0.0	12.205761316872428	2.794491525423729	0.0	0.0	0.0	0.3868312757201646	0.0
18586	0.0	2.0205102551275638	0.9942946058091287	0.0	0.0	0.0	0.3884959924563885	0.0	0.0	9.413981762917933	3.3376874697629413	0.0	0.4332861857614333	0.7194719471947195	0.0	0.0	0.0	13.9391771019678	3.8577680525164113	0.0	0.10372465818010372	0.7086280056577087	0.7576614804337577	0.0
18587	0.0	1.9477848101265822	0.7429854096520763	0.10325476992143659	0.0	0.0	0.5230078563411896	0.0	0.0	13.685847589424572	3.615068493150685	0.0	0.0	0.0	1.6004489337822672	0.0	0.0	15.372727272727273	6.968707482993198	0.6891133557800224	0.0	0.5117845117845118	0.0	0.0
18588	0.0	2.1778425655976674	0.0	0.0	0.0	0.0	0.0	0.0	0.0	10.09400826446281	4.722462203023758	0.0	1.3177842565597668	1.216715257531584	1.0248112189859762	0.7308066083576288	0.0	12.281798245614034	7.031438935912938	0.0	0.0	0.0	1.2653061224489797	0.2468415937803693
18589	0.0	3.096	0.6932153392330384	0.0	0.0	0.0	0.0	0.0	0.0	13.047184170471843	3.40194489465154	0.0	0.0	0.0	0.8539823008849557	0.0	0.0	8.541732283464567	4.874791318864775	0.0	0.0	0.0	0.0	0.0
18590	0.0	2.1210045662100456	0.0	0.0	0.0	0.0	0.0	0.0	0.0	16.338199513381994	5.989130434782608	0.0	0.0	0.684931506849315	0.0	0.0	0.0	11.291793313069908	6.218023255813954	0.0	0.0	0.2237442922374429	0.0	0.0
18591	0.0	1.6270491803278688	0.0	0.0	0.0	0.0	0.0	0.0	0.0	9.392104082548228	5.463563525371995	0.6883029073698445	0.0	0.0	0.0	0.0	0.0	9.760376551133932	4.610902255639098	0.0	0.0	0.0	0.894082171127026	0.0
18592	0.0	0.239247311827957	0.0	0.0	1.3870967741935485	0.0	0.0	0.0	0.0	8.429268292682927	5.745387453874539	0.0	1.1881720430107527	0.7018181818181818	0.0	0.0	0.0	7.0374414976599065	6.109118086696562	0.0	0.23118279569892472	1.0893760539629005	0.7387096774193549	0.0
18593	0.0	0.9733333333333334	0.0	1.7066666666666668	0.0	0.0	0.0	0.0	0.0	5.6	7.233333333333333	0.0	0.0	0.0	0.0	0.0	0.0	5.42	4.275862068965517	0.0	0.0	0.0	3.1466666666666665	0.0
18594	0.0	0.0	0.0	0.0	0.0	0.0	0.0	0.0	0.0	6.919597989949748	3.6587301587301586	0.0	0.0	0.0	0.0	0.0	0.0	12.91542288557214	6.429203539823009	0.0	0.0	0.0	0.0	0.0
18595	0.0	1.575063613231552	4.017421602787456	0.0	0.0	0.0	0.0	0.0	0.0	11.262872628726287	6.645533141210374	0.0	0.0	0.0	0.0	0.0	0.0	6.844444444444444	5.107407407407408	0.6946564885496184	0.0	0.0	0.0	0.9389312977099237
18596	0.0	2.9505882352941177	0.8358862144420132	0.0	0.0	0.0	0.0	0.0	0.0	11.238095238095237	2.1129326047358834	0.0	0.0	0.0	0.0	0.0	0.0	9.101293103448276	6.726190476190476	0.0	0.0	0.0	0.691358024691358	0.0
18597	0.0	2.775811209439528	0.0	0.0	0.0	0.0	0.0	0.0	0.0	11.36448598130841	3.1630695443645083	0.0	1.0479616306954436	0.0	2.0191846522781773	0.0	0.0	4.257042253521127	3.8105515587529974	0.0	0.0	1.3573141486810552	0.2038369304556355	0.0
18598	0.0	1.6567375886524822	0.0	0.0	0.0	0.0	0.0	0.0	0.0	11.061079545454545	0.9244663382594417	0.0	0.0	0.0	0.0	0.0	0.0	4.085324232081911	0.9515789473684211	0.0	0.0	0.0	0.0	0.0
18599	0.0	1.3042471042471042	0.9493853940708604	0.0	0.0	0.0	0.8156182212581344	0.0	0.0	12.406719717064545	2.7778846153846155	0.0	0.09978308026030369	0.0	0.0	0.0	0.0	8.5936	3.608346709470305	0.4483007953723789	0.0	0.0	1.0022140221402214	0.06652205350686913
18600	0.0	2.028735632183908	2.9	0.0	0.0	0.0	0.0	0.0	0.0	2.9618320610687023	8.359223300970873	0.034482758620689655	0.4367816091954023	0.0	0.5574712643678161	0.0	0.0	9.571428571428571	8.867816091954023	0.0	0.0	0.0	0.8390804597701149	0.0
18601	0.0	1.5374331550802138	0.6231386025200458	0.0	0.0	0.0	0.6186556927297668	0.0	0.0	8.05824039653036	3.1237113402061856	0.0	0.0	0.0	2.27262313860252	0.0	0.0	7.769886363636363	5.129770992366412	0.0	0.0	0.0	0.0	0.0
18602	0.0	0.9788101059494703	0.0	0.0	0.05040322580645161	0.0	0.40793010752688175	0.0	0.0	9.296610169491526	5.076236820762368	0.27352150537634407	0.0	0.0	0.0	0.0	0.0	6.139784946236559	2.5950920245398774	0.0	0.12634408602150538	0.0	0.0	0.0
18603	0.0	0.0	0.0	0.0	0.0	0.0	0.0	0.0	0.0	13.12	2.04040404040404	0.0	0.0	0.0	0.0	0.0	0.0	3.55699481865285	0.0	0.0	0.0	0.0	0.0	0.0
18604	0.0	1.7102897102897103	0.0	0.0	0.0	0.0	0.0	0.0	0.0	7.977292576419214	3.673956262425447	0.0	0.0	0.0	0.8191056910569106	0.0	0.0	4.46505376344086	5.544910179640719	0.5399515738498789	0.0	0.0	0.0	0.0
18605	0.0	1.5459183673469388	0.0	0.0	1.0116550116550116	0.0	0.0	0.0	0.0	5.067599067599067	4.393867924528302	0.05128205128205128	0.0	0.0	0.0	0.0	0.1048951048951049	5.248344370860927	6.983682983682984	0.5268065268065268	0.0	0.2097902097902098	1.1655011655011656	0.0
18606	0.0	2.856807511737089	0.0	0.0	0.0	0.0	0.0	0.0	0.0	10.135338345864662	2.194736842105263	0.0	0.0	0.0	3.7418546365914787	0.0	0.0	8.11986301369863	7.352112676056338	0.7863849765258216	0.0	0.0	1.255868544600939	0.0
18607	0.0	0.0	1.128654970760234	0.0	0.0	0.0	0.0	0.0	0.0	10.741007194244604	3.611940298507463	0.0	0.0	0.0	0.5964912280701754	0.0	0.0	8.803448275862069	2.2777777777777777	0.6169590643274854	0.0	0.0	0.17251461988304093	0.0
18608	0.0	0.0	0.0017316017316017316	0.0	0.0	0.0	0.0	0.0	0.0	11.219745222929935	1.9746478873239437	0.24415584415584415	0.0	0.0	0.0	0.0	0.0	7.470653377630121	4.090464547677262	0.0	0.0	0.0	0.0	0.0
18609	0.0	0.0	0.0	0.0	0.0	0.0	0.0	0.0	0.0	0.0	0.0	0.0	0.0	0.0	0.0	0.0	0.0	3.303030303030303	1.0	0.0	0.0	0.0	0.0	0.0
18610	0.0	1.581024349286314	0.0	0.0	0.0	0.0	0.0	0.0	0.0	7.86350435624395	3.9715489989462593	0.7591911764705882	0.0	0.0	1.2980688497061292	0.0	0.0	7.567934782608695	5.318011257035647	0.0	0.0	0.0	0.0	0.0
18611	0.28846153846153844	2.0528846153846154	0.7884615384615384	0.0	0.0	0.0	0.0	0.0	0.0	7.915287244401169	2.259799453053783	0.0	0.07852564102564102	0.0	0.0	0.0	0.0	5.8610804851157665	2.9925187032418954	0.0	0.0	0.0	0.0	0.0
18612	0.0	1.858768406961178	0.0	0.0	0.0	0.0	0.0	0.0	0.0	7.364013266998342	2.7412420382165603	0.0	0.0	0.0	1.4289405684754521	0.0	0.0	5.036458333333333	3.4209133024487093	0.0	0.0	0.0	0.0	0.0
18613	0.0	1.1795407098121085	1.9325396825396826	0.10119047619047619	0.0	0.21825396825396826	0.0	0.0	0.0	3.6723300970873787	2.6	0.0	0.0	0.0	1.5674603174603174	0.0	0.0	6.977876106194691	4.371031746031746	0.0	0.0	0.0	0.0	0.0
18614	0.0	0.5047619047619047	0.0	0.0	0.0	0.0	0.0	0.0	0.0	6.03405572755418	1.7452380952380953	0.8333333333333334	0.0	0.0	0.8928571428571429	0.0	0.0	10.074183976261127	1.5976190476190477	0.0	0.0	0.0	0.0	0.0
18615	0.0	5.631284916201118	0.0	0.9360730593607306	0.0	0.0	0.2328767123287671	0.0	0.0	11.326530612244898	0.6210045662100456	0.0	0.2922374429223744	0.228310502283105	1.1461187214611872	0.0	0.0	13.301369863013699	6.8828125	1.17351598173516	0.0	0.0	3.880952380952381	0.0
18616	0.0	2.175084175084175	0.0	0.8282828282828283	0.0	0.0	0.0	0.0	0.0	6.656565656565657	4.388888888888889	0.0	0.0	0.0	0.0	0.0	0.0	11.987068965517242	2.090909090909091	0.8888888888888888	0.0	0.0	0.0	0.0
18617	0.0	3.218068535825545	0.9314641744548287	0.0	0.0	0.0	0.0	0.0	0.0	5.711538461538462	1.5981308411214954	0.0	0.0	0.0	0.0	0.0	0.0	11.48494983277592	1.2616822429906542	0.0	0.3302180685358255	0.0	0.6872037914691943	0.0
18618	0.0	0.4675324675324675	0.0	0.8268398268398268	0.0	0.0	0.0	0.0	0.0	14.039325842696629	4.701298701298701	1.5584415584415585	0.0	3.1243523316062176	3.116883116883117	0.0	0.0	9.683417085427136	5.06280193236715	0.0	0.0	0.9696969696969697	1.8614718614718615	0.0
18619	0.0	1.025283347863993	0.0	0.0	0.0	0.0	0.36899563318777295	0.0	0.0	6.842844600526778	2.556499575191164	0.0	0.0	0.0	1.4279475982532752	0.0	0.0	9.377737226277372	3.113147410358566	0.7147016011644832	0.0	0.11863173216885008	0.0	0.0
18620	0.0	0.9392764857881137	0.0	0.0	0.0	0.0	0.0	0.0	0.0	8.338078291814947	2.6457399103139014	0.0	0.0	0.0	2.146276595744681	0.0	0.0	7.421455938697318	5.097637795275591	0.0	0.0	0.0	0.0	0.0
18621	4.382838283828383	0.0	2.7896678966789668	0.0	2.99009900990099	0.0	0.0	0.0	0.0	8.759581881533101	0.6402640264026402	0.0	1.1683168316831682	0.0	0.9966996699669967	1.8184818481848184	0.0	6.935483870967742	6.963855421686747	0.6138613861386139	0.0	0.0	0.0	0.0
18622	0.1375968992248062	1.755813953488372	2.016913319238901	0.0	0.0	0.0	0.8488372093023255	0.0	0.13178294573643412	7.943946188340807	4.62015503875969	0.0	0.0	0.0	0.0	0.0	0.0	5.266260162601626	3.225	0.0	0.0	0.0	0.0	0.0
18623	0.0	3.214859437751004	0.44779116465863456	0.0	4.086345381526105	0.41365461847389556	0.42168674698795183	0.0	1.2088353413654618	19.301848049281315	7.227678571428571	0.0	0.0	3.598997493734336	0.27309236947791166	3.805845511482255	0.0	14.17283950617284	9.439903846153847	0.0	2.086021505376344	13.512755102040817	0.0	3.3333333333333335
18624	0.0	3.2403240324032403	0.0	0.0	0.0	0.0	0.0	0.0	0.0	9.047752808988765	3.926079734219269	0.01263823064770932	0.0	0.07266982622432859	0.0	0.0	0.0	9.049622437971953	6.178484107579462	0.0	0.24960505529225907	0.0	0.0	0.0
18625	0.0	0.0	1.0507246376811594	0.0	0.0	0.0	0.0	0.0	0.0	10.155056179775281	1.824847250509165	0.0	0.0	1.3407407407407408	0.8115942028985508	0.0	0.0	6.251295336787565	6.572533849129594	0.0	0.0	0.050724637681159424	0.0	0.0
18626	0.0	3.367283950617284	0.0	0.0	0.0	0.0	0.0	0.0	0.0	6.992167101827676	8.882352941176471	0.0	0.0	0.0	1.0785714285714285	0.0	0.0	4.058011049723757	0.0	0.0	0.0	0.0	0.0	0.0
18627	0.0	1.8074324324324325	0.0	0.0	0.897119341563786	0.674074074074074	0.0	0.0	0.0	8.970914127423823	3.4640135478408127	0.4222222222222222	0.0	0.5234567901234568	0.0	0.0	0.0	5.553448275862069	4.78344562078922	0.0	0.0	1.300411522633745	0.0	0.0
18628	0.0	1.6133879781420766	0.0	0.0	0.0	0.0	1.5777777777777777	0.0	0.0	9.058641975308642	1.943859649122807	0.0	0.0	0.0	0.0	0.0	0.0	9.97037914691943	5.295906432748538	0.0	0.0	0.0	0.32514619883040935	0.0
18629	0.0	1.9268292682926829	1.0022075055187638	0.0	0.0	0.0	1.8780487804878048	0.0	0.0	13.28193832599119	2.951219512195122	0.0	0.7479674796747967	0.0	1.6910569105691058	0.0	0.0	3.798206278026906	1.759674134419552	1.1077235772357723	0.0	0.0	0.6707317073170732	0.0
18630	0.0	2.7295454545454545	0.0	0.0	0.0	0.0	0.0	0.0	0.0	7.714285714285714	0.9140461215932913	0.0	0.06289308176100629	0.0	1.5366876310272537	0.0	0.0	9.59731543624161	4.701234567901235	0.0	0.0	0.0	0.0	0.0
18631	0.0	0.7621440536013401	0.0	0.0	0.1541038525963149	0.0	0.20100502512562815	0.0	0.0	11.903225806451612	2.8554421768707483	1.185929648241206	0.0	0.0	0.8350515463917526	0.0	0.0	6.0625	5.485436893203883	0.0	0.0	0.0	0.0	0.0
18632	0.0	1.732716049382716	0.0	0.0	0.0	0.0	0.22901234567901235	0.0	0.0	5.587628865979381	0.9888309754281459	0.0	0.0	0.0	0.0	0.0	0.0	6.5712309820193635	2.949561403508772	0.0	0.0	0.0	0.0	0.0
18633	0.0	2.691823899371069	0.0	0.0	0.0	0.0	0.0	0.0	0.0	10.69811320754717	1.471698113207547	0.0	0.0	0.0	0.0	0.0	0.0	5.73394495412844	0.0	0.0	0.8427672955974843	1.6603773584905661	1.6477987421383649	0.8805031446540881
18634	0.0	0.0	2.2416891284815814	0.0	0.40610961365678344	0.0	0.0	0.0	0.0	6.785510009532889	4.807726864330638	0.0	0.0	1.3557951482479784	0.0	1.4932614555256065	0.0	8.161290322580646	3.1298904538341157	0.044923629829290206	0.0	0.7585877862595419	0.0	0.0
18635	0.0	0.9592088998763906	0.0	0.0	0.0	0.0	0.0	0.0	0.0	11.807361963190184	3.728793309438471	0.5978142076502733	0.8808743169398907	0.0	2.272311212814645	0.0	0.15846994535519127	9.184365781710914	1.1424657534246576	0.0	0.0	0.0	0.73224043715847	0.0
18636	0.0	0.5193236714975845	0.0	0.0	0.0	0.0	0.0	0.0	0.22584541062801933	8.180654338549076	2.547202797202797	0.0	0.0	0.0	0.0	0.0	0.0	5.7619663648124195	1.9422776911076443	0.0	0.0	0.0	1.178743961352657	0.0
18637	0.0	0.0	0.9900990099009901	0.45544554455445546	0.0	0.0	0.0	0.0	0.0	7.0390625	1.9570957095709571	0.0	0.0	0.0	1.0264026402640265	0.0	0.0	6.082089552238806	4.92037037037037	1.1072607260726073	0.0	0.0	0.8711433756805808	0.0
18638	0.0	1.9363207547169812	0.0	0.0	0.0	0.0	0.5269151138716356	0.0	0.0	9.563746223564955	3.0581602373887242	0.004140786749482402	0.0	0.0	0.0	0.0	0.0	6.0927152317880795	3.5633259911894273	0.32971014492753625	0.0	0.0	0.0	0.0
18639	0.0	1.3130755064456723	0.0	0.0	0.0	0.0	0.0	0.0	0.0	8.811623246492985	3.781609195402299	0.0	0.0	0.0	0.9327354260089686	0.0	0.0	10.435267857142858	3.4953703703703702	0.0	0.0	0.0	0.0	0.0
18640	0.0	1.7607739665787159	0.6806550665301945	0.0	0.0	0.0	0.4075907590759076	0.0	0.0	8.365614798694233	3.2033898305084745	0.0	0.0	0.5544554455445545	0.0	0.0	0.0	8.564051638530287	3.5503300330033003	0.17656765676567657	0.0	0.0	0.0	0.0
18641	0.0	0.7515151515151515	0.0	0.0	0.0	0.0	0.0	0.0	0.0	9.431159420289855	3.127292340884574	0.0	0.0	0.0	0.0	0.0	0.0	7.851063829787234	2.7065803667745416	0.0	0.0	0.0	0.0	0.0
18642	0.0	3.0415162454873648	0.0	0.0	0.0	0.0	0.0	0.0	0.0	10.935064935064934	6.128390596745027	0.0	0.7325581395348837	0.0	0.0	0.0	0.0	5.787037037037037	4.38508064516129	0.0	0.0	0.8703703703703703	0.0	0.0
18643	0.0	2.6473551637279598	0.0	0.0	0.0	0.0	0.0	0.0	0.0	12.058988764044944	5.279461279461279	0.0	0.0	1.3764988009592327	0.0	0.0	0.0	11.35	8.647286821705427	0.0	0.0	0.0	0.6906474820143885	0.0
18644	0.0	2.077294685990338	0.0	0.0	0.0	0.0	0.6333333333333333	0.0	0.0	8.289855072463768	4.029339853300733	0.0	0.0	0.0	0.8164251207729468	0.0	1.2971014492753623	16.09254498714653	5.671497584541063	0.0	0.0	0.0	0.0	0.0
18645	0.0	0.6666666666666666	0.0	0.0	0.0	0.0	0.18093385214007782	0.0	0.0	7.788929889298893	3.096045197740113	0.0	0.0	0.261348897535668	1.1971465629053177	0.0	0.0	11.826720647773278	3.8512020792722548	0.0	0.0	0.17574578469520102	0.0	0.0
18646	0.0	0.8366666666666667	0.7401960784313726	0.0	0.0	0.0	0.0	0.0	0.0	9.30632911392405	3.246031746031746	0.0	0.0	1.9411764705882353	1.3602941176470589	0.0	0.0	8.156862745098039	8.4060773480663	0.0	0.0	0.0	0.0	0.0
18647	0.0	3.38255033557047	0.0	0.0	0.0	0.0	0.0	0.0	0.0	7.854529616724738	3.4097222222222223	1.111969111969112	0.0	0.60625	1.001751313485114	0.0	0.0	6.810612991765782	5.4055884843353095	0.0	0.0	1.1529324424647365	0.8195991091314031	0.303637713437268
18648	0.0	0.8747044917257684	0.0	0.0	0.0	0.0	0.0	0.0	0.0	9.355744680851064	2.5858921161825728	0.9598108747044918	0.0	0.0	0.8274231678486997	0.0	0.0	7.320161290322581	11.240449438202248	0.0	0.0	1.125233644859813	0.0	0.4743892828999212
18649	0.0	2.0201149425287355	0.0	0.0	0.0	0.0	0.06321839080459771	0.0	0.0	10.560344827586206	4.45619335347432	0.0	0.5	0.0	2.201201201201201	0.0	0.0	6.033003300330033	2.2018072289156625	0.0	0.0	0.0	0.0	0.0
18650	0.0	2.8686502177068216	0.0	0.0	0.0	0.0	0.0	0.0	0.0	9.811053984575835	2.402107598447033	0.0	0.0	0.2673322240709928	0.819496855345912	0.0	0.0	10.941176470588236	2.5620915032679736	0.5984470327232391	0.0	0.0	0.0	0.0
18651	0.0	0.8095238095238095	0.0	0.0	0.0	0.16993464052287582	0.0	0.0	0.0	6.738986784140969	4.034343434343435	0.0	0.0	0.0	0.0	0.0	0.0	11.643122676579926	0.6991643454038997	0.0	0.0	0.0	0.0	0.0
18652	0.0	0.0	0.0	0.0	0.0	0.0	0.0	0.0	0.0	6.007590132827325	4.401301518438178	0.0	0.0	0.0	0.8455284552845529	0.0	0.0	12.411167512690355	1.7377938517179023	0.0	3.1875	0.2991869918699187	1.3821138211382114	0.0
18653	0.0	2.1934426229508195	1.0080645161290323	0.0456989247311828	0.0	0.0	0.7258064516129032	0.0	0.0	8.90880503144654	2.586021505376344	0.0	0.0	0.0	2.201388888888889	0.0	0.0	6.3343558282208585	3.021505376344086	0.0	0.0	0.23387096774193547	0.0	0.0
18654	0.0	1.3020833333333333	0.0	0.0	0.0	0.0	0.0	0.0	0.4895833333333333	10.015337423312884	6.671270718232044	0.0	0.0	0.0	0.046875	0.0	0.0	6.4	3.5221518987341773	0.0	0.0	0.0	0.0	0.0
18655	0.0	1.3384615384615384	0.0	0.0	0.0	0.0	4.3584905660377355	0.0	0.0	11.746268656716419	2.241025641025641	0.9025641025641026	0.0	0.0	2.533333333333333	1.3692307692307693	0.0	10.26923076923077	8.394871794871795	0.0	0.0	0.0	1.3487179487179488	0.0
18656	0.0	2.8504273504273505	0.0	0.0	0.0	0.0	0.0	0.0	0.0	7.0	5.788659793814433	1.2905982905982907	0.0	0.0	2.867088607594937	0.0	0.0	8.506787330316742	4.183760683760684	0.0	0.0	0.0	0.0	0.0
18657	0.0	0.0	1.4010416666666667	0.0	0.0	0.0	1.0729166666666667	0.0	0.0	9.5	6.119791666666667	0.0	0.0	0.0	0.0	0.0	0.0	9.776923076923078	1.125	0.0	0.0	0.0	0.4791666666666667	0.0
18658	0.0	1.7924242424242425	0.0	0.0	0.0	0.0	0.0	0.0	0.0	10.663382594417078	2.605015673981191	0.0	0.0	0.4066390041493776	0.0	0.0	0.0	10.254295532646049	3.403685092127303	0.30013831258644535	0.0	0.0	0.0	0.0
18659	0.0	1.424924924924925	0.0	0.0	0.0	0.0	0.0	0.0	0.0	16.459546925566343	4.802681992337165	0.0	0.6276276276276276	0.0	0.0	0.0	0.0	11.74614065180103	7.357034795763994	0.0	0.07057057057057058	0.0	0.31981981981981983	0.0
18660	0.19504240052185257	2.628612716763006	0.8114807566862361	0.0	0.0	0.0	0.410958904109589	0.0	0.0	13.54308093994778	2.0035816618911175	0.0	0.0	0.0	0.9025270758122743	0.0	0.0	9.12617159336698	4.364219529579472	0.0	0.0	0.0	0.0	0.15198956294846705
18661	0.0	0.7437908496732026	0.0	0.0	0.0	0.0	0.0	0.0	0.0	5.697761194029851	2.443548387096774	0.0	0.0	0.0	3.1235632183908044	0.0	0.0	11.415642458100558	3.3160422670509124	0.0	0.0	0.0	0.0	0.0
18662	0.0	1.7424042272126816	0.0	0.0	0.0	0.0	0.0	0.0	0.0	8.97991967871486	3.4560872198667476	0.0	0.0	1.826171875	1.6926859250153656	1.4756883421206795	0.0	10.708567854909319	3.1668975069252077	0.0	0.4991212653778559	1.8239247311827957	0.8283538371411834	0.0
18663	0.14285714285714285	1.7302798982188294	0.0	0.0	0.15692640692640691	0.12012987012987013	0.0	0.0	0.0	9.886998784933171	5.521447721179625	0.0	0.0	0.37012987012987014	1.170995670995671	0.0	0.0	5.926327193932828	3.013853904282116	0.45454545454545453	0.0	0.15692640692640691	0.0	0.0
18664	0.0	1.9066666666666667	0.0	0.0	0.0	0.0	0.0	0.0	0.0	12.466115702479339	2.518348623853211	0.0	0.0	0.0	0.1837037037037037	0.0	0.0	8.300675675675675	2.2457337883959045	0.0	0.0	0.0	0.0	0.0
18665	0.0	1.7647058823529411	0.0	0.0	0.5163398692810458	0.0	0.0	0.0	0.0	12.657587548638132	7.517985611510792	0.0	1.794238683127572	0.8170212765957446	0.9869281045751634	0.0	0.0	10.608695652173912	2.91015625	0.0	0.0	0.9869281045751634	0.0	0.0
18666	0.8013245033112583	1.7878048780487805	0.07505518763796909	0.0	1.0242825607064017	0.0	0.0	0.0	0.0	13.472154963680387	3.2583892617449663	1.7174392935982339	0.9801324503311258	0.8432671081677704	1.0507726269315674	1.141280353200883	0.0	7.934097421203439	2.9205298013245033	0.6821192052980133	0.0	1.3222958057395144	1.6860759493670887	0.0
18667	0.0	1.024561403508772	0.0	0.0	0.0	0.0	0.0	0.0	0.0	7.747311827956989	4.771929824561403	0.0	0.0	0.0	0.0	0.0	0.0	5.813186813186813	4.894736842105263	0.0	0.0	0.0	0.19649122807017544	0.0
18668	0.0	5.943775100401607	0.0	0.0	0.0	0.0	0.0	0.0	0.0	7.947916666666667	6.04	0.16	0.0	0.0	1.0	0.0	0.0	8.089005235602095	2.91	0.0	0.0	0.0	0.0	0.0
18669	0.9093655589123867	0.8848996832101372	0.0	0.0	0.0	0.0	0.0	0.0	0.0	7.858573216520651	1.0710382513661203	0.21148036253776434	0.0	0.0	0.8499496475327291	0.0	0.0	8.19777503090235	3.677744209466264	0.0	0.0	0.0	0.0	0.0
18670	0.0	3.0894736842105264	0.0	0.0	0.0	0.0	0.0	0.0	0.0	8.86677367576244	2.338274932614555	0.0	0.13486005089058525	0.0	1.4351145038167938	0.0	0.0	8.09033078880407	1.1870229007633588	0.0	0.0	0.0	0.0	0.0
18671	0.0	1.6166666666666667	0.0	0.0	0.0	0.0	0.0	0.0	0.0	12.129587155963304	2.3279411764705884	0.0	0.0	0.0	0.0	0.0	0.0	5.177804295942721	1.6836461126005362	0.0	0.3035509736540664	0.0	0.0	0.0
18672	0.0	1.8424489795918368	0.0	0.0	0.0	0.0	0.0	0.0	0.0	10.120401337792643	1.9688427299703264	0.7284681130834977	0.0	0.19658119658119658	0.0	0.0	0.0	5.877519379844961	1.7598393574297189	0.0	0.0	0.0	0.0	0.0
18673	0.0	1.75	0.0	0.0	0.0	0.0	0.0	0.0	0.0	5.666666666666667	1.528169014084507	0.0	0.0	2.8095238095238093	0.0	2.5595238095238093	0.0	12.369047619047619	0.0	0.0	0.0	6.208333333333333	0.0	0.0
18674	0.0	3.330275229357798	1.2209302325581395	0.0	0.0	1.1623931623931625	0.5641025641025641	0.0	0.0	12.564102564102564	6.1076233183856505	1.9572649572649572	0.0	0.0	0.16428571428571428	2.4358974358974357	0.0	5.277777777777778	11.035532994923859	0.0	0.0	5.439716312056738	0.0	0.0
18675	0.0	3.05607476635514	0.0	0.43613707165109034	4.518218623481781	0.0	1.1308411214953271	0.0	0.0	7.9006410256410255	4.251396648044692	0.0	0.0	1.0155763239875388	0.0	0.940809968847352	4.4801762114537445	10.73927392739274	3.470404984423676	1.32398753894081	1.3457943925233644	6.757009345794392	0.0	0.0
18676	0.0	0.5555555555555556	0.7006109979633401	0.0	0.0	0.0	0.0	0.0	0.0	12.0	1.3859060402684564	0.09379509379509379	0.0	0.0	0.0	0.0	0.0	10.869811320754717	1.8211678832116789	1.2958152958152958	0.2106782106782107	0.0	1.4574314574314575	0.0
18677	0.0	1.9411764705882353	0.896291640477687	0.0	0.0	0.0	0.8315151515151515	0.0	0.0	7.842336683417085	1.9837092731829573	0.7490909090909091	0.0	0.0	0.5545454545454546	0.0	0.0	13.132175226586103	3.843711083437111	0.0	0.0	0.38606060606060605	0.0	0.0
18678	0.0	1.5391498881431767	0.0	0.0	0.0	0.0	0.0	0.0	0.0	9.414931801866475	3.808457711442786	0.0	0.0	0.0	0.8069016152716594	0.0	0.0	8.93562874251497	5.1296561604584525	0.0	0.0	0.0	0.8169934640522876	0.5856209150326798
18679	0.0	1.7464912280701754	0.7833333333333333	0.0	0.9578947368421052	0.0	0.34385964912280703	0.0	0.0	10.744186046511627	1.850606909430439	0.5640350877192982	0.0	0.0	0.0	0.0	0.0	7.3619167717528375	1.7672886937431393	1.1640350877192982	1.1763157894736842	0.0	0.706140350877193	0.0
18680	0.0	0.993127147766323	0.0	0.3006535947712418	0.0	0.0	1.130718954248366	0.0	0.0	11.00418410041841	1.9052287581699345	0.0	0.0	0.0	1.0392156862745099	0.0	0.0	10.541353383458647	2.9869281045751634	0.5816993464052288	0.0	0.0	1.65359477124183	0.0
18681	0.0	4.146453089244852	0.0	0.0	0.0	0.0	0.0	0.0	0.0	9.593548387096774	6.869565217391305	0.0	0.0	0.0	1.421505376344086	0.0	0.0	10.76989247311828	3.6240208877284594	0.0	0.0	0.0	0.0	0.0
18682	0.0	0.9871175523349437	0.0	0.0	0.0	0.0	0.0	0.0	0.0	7.380681818181818	3.563679245283019	0.9436392914653784	0.0	0.0	0.3413848631239936	0.0	0.0	10.210526315789474	2.9241516966067866	0.0	0.0	0.0	2.0759289176090467	0.0
18683	0.0	1.6235632183908046	0.5919540229885057	0.5977011494252874	0.0	0.0	0.0	0.0	0.0	5.670295489891135	3.0	0.0	0.0	0.0	0.4525862068965517	0.0	0.0	4.894160583941606	1.6948529411764706	0.0	0.0	0.0	0.0	0.20977011494252873
18684	0.0	0.0	0.0	0.0	0.0	0.0	1.1120218579234973	0.0	0.0	7.565079365079365	3.782334384858044	0.0	0.0	0.0	0.9140893470790378	2.210382513661202	0.0	8.916943521594684	5.584699453551913	0.0	0.36065573770491804	0.825136612021858	1.3032786885245902	0.0
18685	0.0	0.0	0.0	0.0	0.0	0.0	0.0	0.0	0.0	3.5798816568047336	1.300469483568075	0.0	0.0	0.0	0.39436619718309857	0.0	0.0	2.6854460093896715	0.6807511737089202	3.699530516431925	0.0	0.9953051643192489	0.9389671361502347	0.0
18686	0.0	0.0	0.0	0.0	0.0	0.0	0.0	0.0	0.0	0.0	0.0	0.0	0.0	0.0	0.0	0.0	0.0	3.493827160493827	0.0	0.0	0.0	0.0	0.0	0.0
18687	0.0	2.6794871794871793	0.0	0.38565022421524664	0.0	0.0	0.0	0.0	0.0	4.612179487179487	2.467948717948718	0.4358974358974359	0.0	0.0	3.1134751773049647	0.0	0.0	6.051383399209486	6.75	0.0	0.0	0.0	1.935897435897436	0.0
18688	0.17979315831344472	1.9888089528377297	0.0	0.11694510739856802	0.2760540970564837	0.0	0.0	0.0	0.0	6.647690655209452	3.3231441048034935	0.0	0.6555290373906125	0.33731105807478123	0.9610182975338106	0.0	0.0	4.868809730668984	2.9842323651452283	0.8806682577565632	0.0	0.0	0.0	0.0
18689	0.0	0.0	0.0	0.46808510638297873	0.0	0.0	0.0	0.0	0.0	7.560283687943262	3.2857142857142856	0.0	0.0	0.0	0.0	0.0	0.0	8.274436090225564	3.4574468085106385	0.0	0.0	0.0	0.0	0.0
18690	0.0	2.0388349514563107	0.48148148148148145	0.0	0.0	0.0	0.9259259259259259	0.0	0.0	2.6179775280898876	0.0	0.4740740740740741	0.0	0.6	0.15185185185185185	0.0	0.0	1.7407407407407407	4.995260663507109	0.0	0.0	0.0	0.0	0.0
18691	0.0	1.7453754080522308	0.0	0.0	0.0	0.0	0.0	0.0	0.0	12.493278179937953	2.0128068303094984	0.0	0.0	0.0	1.9766990291262136	0.0	0.0	9.287761852260198	3.2651072124756335	0.0	0.0	0.0	0.0	0.0
18692	0.0	0.8289473684210527	0.0	0.0	0.0	0.0	0.0	0.0	0.0	9.647677475898334	2.2355040142729705	0.0	0.0	0.9428141459744168	0.0	0.0	0.0	7.859550561797753	3.0103092783505154	0.0	0.0	0.0	0.4394281414597442	0.0
18693	0.0	1.9733750978856694	0.0	0.0	0.0	0.0	0.5503875968992248	0.0	0.0	9.740561471442401	4.082621082621083	0.0	0.0	0.0	0.0	0.0	0.0	10.255019222554465	3.454623287671233	0.0	0.0	0.0	0.0	0.0
18694	0.0	1.4734758511480601	0.0	0.0	0.0	0.0	0.0	0.0	0.0	15.660682226211849	4.650336215177714	0.0	0.0	0.0	0.0	0.0	0.0	8.74050046339203	7.053934571175951	0.0	0.0	0.0	0.0	0.0
18695	0.0	2.0309951060358893	0.0	0.0	0.8603988603988604	0.0	0.0	0.0	0.0	10.913821138211382	6.268882175226586	0.2564102564102564	0.0	0.0	0.5797720797720798	0.0	0.0	7.694817658349328	4.6083086053412465	2.1495726495726495	0.0	0.0	0.8290598290598291	0.0
18696	0.0	4.341637010676156	1.3842592592592593	0.0	0.0	0.0	0.6666666666666666	0.0	0.0	13.38647342995169	1.9074074074074074	0.0	0.0	0.0	0.0	0.0	0.0	9.747222222222222	7.076388888888889	0.0	0.0	0.0	2.134259259259259	0.0
18697	0.0	6.061538461538461	0.0	0.0	0.0	0.0	0.0	0.0	0.0	19.032258064516128	5.671428571428572	0.0	0.0	0.0	0.9333333333333333	0.0	0.0	7.160804020100502	2.591194968553459	0.0	0.0	0.0	0.0	0.0
18698	0.0	1.8865619546247818	0.0	0.006980802792321117	0.0	0.0	0.0	0.0	0.0	12.232044198895027	6.456521739130435	0.0	0.0	0.0	0.0	0.0	0.0	4.9504716981132075	5.137577002053388	0.0	0.0	0.0	0.5986038394415357	0.0
18699	0.0	1.6585365853658536	0.7804878048780488	0.0	0.0	0.0	1.4634146341463414	0.0	0.0	5.278846153846154	3.430894308943089	0.0	0.0	0.0	0.0	0.0	0.0	4.878048780487805	0.8617886178861789	0.22764227642276422	1.0	0.0	2.0	0.0
18700	0.0	0.0	0.0	0.0	1.2173913043478262	0.0	0.0	0.0	0.0	5.082125603864735	4.173410404624278	0.0	0.0	0.0	0.0	0.0	0.0	4.375722543352601	6.386861313868613	1.642512077294686	0.0	0.0	0.0	0.0
18701	0.0	3.6367239101717304	0.0	0.0	0.0	0.0	0.0	0.0	0.0	10.487946799667498	4.74041095890411	0.0	0.8261758691206544	0.0	1.466572836030964	0.0	0.0	13.434782608695652	5.573506891271057	0.3116370808678501	0.0	0.0	0.0	0.0
18702	0.0	2.1894484412470026	0.0	0.0	0.0	0.0	1.1822541966426858	0.0	0.0	7.685851318944844	2.628205128205128	0.0	0.0	0.5899280575539568	1.1423841059602649	0.0	0.0	8.375757575757575	2.8321342925659474	0.0	0.0	0.7242206235011991	0.7194244604316546	0.0
18703	0.0	2.919753086419753	1.0716049382716049	0.0	0.0	0.0	0.0	0.0	0.0	11.54567901234568	1.9074074074074074	0.745679012345679	0.0	0.745679012345679	0.0	0.0	0.0	8.581325301204819	6.140740740740741	0.0	0.0	1.0123456790123457	0.43795620437956206	0.0
18704	0.9346733668341709	3.1658119658119657	0.9240506329113924	0.0	1.248888888888889	0.0	0.48	0.0	1.231111111111111	6.009541984732825	3.042357274401473	0.0	0.0	0.797037037037037	1.1896551724137931	0.0	2.9236641221374047	11.62274368231047	3.85037037037037	0.0	0.8148148148148148	0.5971896955503513	0.0	0.0
18705	5.743055555555555	1.3194444444444444	1.0	0.0	0.0	0.0	0.8472222222222222	0.0	5.206896551724138	11.75	8.241379310344827	0.0	0.0	1.4722222222222223	1.3333333333333333	0.0	19.012345679012345	15.376923076923077	10.457943925233645	0.0	0.0	0.9791666666666666	0.11805555555555555	0.0
18706	7.926803013993541	2.051930758988016	2.0332261521972135	0.0	0.0	0.0	0.0	0.0	2.917825537294564	11.549931600547195	2.1881533101045294	0.0	1.6741693461950697	0.0	1.9913419913419914	0.0	15.868167202572348	9.187837837837838	7.618213660245184	0.0	0.0	0.2112676056338028	0.833943833943834	0.0
18707	18.884718498659517	2.8308977035490606	2.047930283224401	0.0	0.0	0.0	0.0	0.0	6.453020134228188	6.3609467455621305	5.335012594458438	0.0	0.0	3.0541666666666667	0.12916666666666668	2.5229166666666667	25.525	5.3752665245202556	7.9140625	0.008333333333333333	0.0	4.4901531728665205	0.5495495495495496	0.0
18708	23.44345238095238	2.1338028169014085	2.3842364532019706	0.0	1.8318318318318318	0.0	0.5774647887323944	0.0	7.443609022556391	10.526041666666666	3.08187134502924	0.0	0.0	1.2816901408450705	0.0	0.6363636363636364	22.882022471910112	8.843450479233226	6.415492957746479	0.0	0.0	4.553990610328638	3.0408719346049047	1.4530516431924883
18709	0.0	5.294314381270903	0.6111111111111112	0.0	0.0	0.0	0.0	0.0	0.0	6.753148614609572	3.1349862258953167	0.0	0.0	0.0	2.5733333333333333	0.0	0.0	13.263736263736265	3.575	0.0	0.0	0.0	0.0	0.0
18710	0.0	2.5396825396825395	0.0	0.0	0.0	0.0	0.0	0.0	0.0	4.697167755991285	3.4423529411764706	0.0	0.0	0.0	0.0	0.0	0.0	11.673758865248226	0.0	0.2777777777777778	1.4925925925925927	0.0	0.0	0.0
18711	0.0	1.7041666666666666	0.0	0.0	0.0	0.0	0.0	0.0	0.0	4.78041958041958	2.329009433962264	0.0	0.0	0.0	0.325	0.0	0.0	7.759330759330759	3.589158345221113	0.0	0.0	0.15	0.41458333333333336	0.0
18712	0.0	2.9094827586206895	1.6235011990407673	0.0	0.09592326139088729	0.0	0.0	0.0	0.0	10.315521628498727	3.229426433915212	0.0	0.0	0.0	0.853904282115869	0.0	0.0	12.201820940819424	7.395799676898223	0.0	0.0	0.0	1.1016731016731016	0.0
18713	0.0	1.8686327077747988	0.0	0.0	0.0	0.0	1.073318216175359	0.0	0.006046863189720333	12.040466926070039	4.072019867549669	0.0	0.0	0.0	0.0	0.0	0.0	7.942986425339367	2.821285140562249	0.0	0.0	0.0	0.0	0.0
18714	0.0	0.0	0.0	0.0	0.0	0.0	0.0	0.0	0.0	2.8526785714285716	3.2685185185185186	0.0	1.9316239316239316	0.0	0.0	0.0	0.0	9.666666666666666	4.641025641025641	0.0	0.0	0.0	0.0	0.0
18715	0.0	1.5885885885885886	0.0	0.0	0.0	0.0	0.0	0.0	0.0	7.018126888217522	1.864864864864865	0.0	0.0	0.0	0.0	0.0	0.0	3.3434782608695652	1.7578125	0.0	0.0	0.0	0.0	0.0
18716	0.0	0.4551282051282051	0.0	0.0	0.0	0.0	0.0	0.0	0.0	5.1450471698113205	3.6850961538461537	0.0	0.8165938864628821	0.0	0.0	0.0	0.0	7.060204081632653	1.575599582898853	0.0	0.0	1.1800804828973843	0.0	0.0
18717	0.0	0.0	0.7638888888888888	0.0	0.0	0.0	0.0	0.0	0.0	10.163814180929096	4.375354107648725	0.0	0.0	0.0	1.125	0.0	0.0	13.04864864864865	4.184701492537314	0.0	0.075	0.0	1.1777777777777778	0.0
18718	0.0	0.0	0.0	0.0	0.0	0.0	0.0	0.0	0.0	3.1531531531531534	0.0	0.0	0.0	0.0	0.0	0.0	0.0	9.545454545454545	1.972972972972973	0.0	0.0	0.0	0.0	0.0
18719	0.0	1.688976377952756	0.0	0.0	0.0	0.0	0.0	0.0	0.0	8.574468085106384	1.2822822822822824	0.0	0.0	0.0	0.0	0.0	0.0	5.079584775086505	1.936936936936937	1.0690690690690692	0.0	0.0	0.0	0.0
18720	0.0	2.62111801242236	0.0	0.0	0.0	0.0	0.9290780141843972	0.0	0.0	8.66268656716418	3.7469586374695862	0.0	0.0	0.0	0.0	0.0	0.0	6.427745664739884	4.3396739130434785	0.0	0.0	0.0	0.0	0.0
18721	0.0	0.0	0.0	0.0	0.0	0.0	0.0	0.0	0.0	16.934343434343436	2.3737373737373737	0.0	0.0	0.0	0.0	0.0	0.0	14.641414141414142	1.7525252525252526	0.0	0.0	0.0	0.0	0.0
18722	0.0	2.2903885480572597	0.0	0.0	0.0	0.0	0.0	0.0	0.0	10.300766283524904	2.1182432432432434	0.0	0.0	0.0	1.5757575757575757	0.0	0.0	5.968973747016706	3.8804780876494025	0.0	0.0	0.0	0.0	0.0
18723	0.0	1.8472222222222223	0.0	0.0	0.0	0.0	3.1041666666666665	0.0	0.0	5.475694444444445	1.6200716845878136	0.7916666666666666	0.0	0.0	0.0	0.0	0.0	8.640625	2.9424460431654675	1.1319444444444444	0.0	0.0	0.0	0.0
18724	0.0	0.0	0.0	0.0	0.0	2.430379746835443	0.0	0.0	0.0	9.95945945945946	0.0	0.0	0.0	0.0	0.0	0.0	0.0	5.225641025641026	1.2355769230769231	0.0	0.0	0.0	0.0	0.0
18725	0.0	2.4663382594417076	1.476923076923077	0.0	0.0	0.0	0.0	0.0	0.0	10.590034965034965	2.1241666666666665	0.0	0.0	0.0	1.0021978021978022	0.0	0.0	10.008620689655173	4.097210481825867	0.0	0.0	0.0	0.9802130898021308	0.0
18726	0.3626666666666667	2.324	0.0	0.0	0.0	0.0	0.0	0.0	0.0	5.198943661971831	2.7477341389728096	0.0	0.0	0.034666666666666665	1.1244309559939303	0.0	0.0	9.703757225433526	5.062666666666667	0.0	0.0	0.16133333333333333	0.4106666666666667	0.0
18727	0.0	1.0560224089635855	1.2408963585434174	0.0	0.6218487394957983	0.0	0.0	0.0	0.0	11.177871148459383	2.232851985559567	0.0	0.0	0.0	0.14285714285714285	0.0	0.0	5.900900900900901	2.183774834437086	0.0	0.0	0.0	0.0	0.0
18728	0.9001536098310292	0.0	0.0	0.0	0.0	0.0	0.0	0.0	0.0	1.4437751004016064	1.5606758832565284	0.0	0.0	1.710431654676259	0.0	1.921417565485362	0.0	0.0	0.0	0.0	0.0	2.7753623188405796	0.0	0.0
18729	0.0	0.0	0.0	0.0	0.0	0.0	0.0	0.0	0.0	9.736625514403292	3.4708063021316033	0.0	0.0	0.0	0.7926455566905005	0.0	0.0	6.490384615384615	2.8485477178423237	0.0	0.0	0.0	0.7386934673366834	0.40033500837520936
18730	0.0	1.7707231040564373	1.4409881061299177	0.0	0.0	0.0	0.0	0.0	0.0	10.11111111111111	2.5428571428571427	0.0	0.0	0.0	0.0	0.0	0.0	10.025354969574037	5.026255707762557	0.0	0.0	0.0	1.2178477690288714	0.0
18731	0.0	1.488888888888889	0.0	0.0	0.0	0.0	0.0	0.0	0.0	8.459944751381215	1.8854166666666667	0.0	1.6409714889123548	0.0	0.0	0.0	0.0	8.928414096916299	2.973248407643312	0.0	0.0	0.2512980269989616	0.0	0.0
18732	0.0	1.5538277511961722	0.0	0.45084745762711864	0.8249027237354085	0.0	0.8412698412698413	0.0	0.0	10.027554535017222	5.591764705882353	0.8634538152610441	0.8587570621468926	0.8146892655367232	0.8922888616891065	0.97875	0.0	11.731782945736434	5.773972602739726	1.0203389830508474	0.0	1.8582278481012657	0.0	0.0
18733	0.0	2.247887323943662	0.0	0.5014005602240896	0.0	0.0	0.0	0.0	0.0	8.103571428571428	4.11496062992126	0.0	0.0	0.0	0.0	0.0	0.0	3.613588110403397	3.7271214642262893	0.0	0.0	0.0	0.0	0.0
18734	0.0	1.1572327044025157	0.0	0.0	0.0	0.0	0.0	0.14074074074074075	0.0	6.408872901678657	2.512962962962963	0.0	0.0	0.0	0.0	0.0	0.0	10.613978494623655	0.8843283582089553	0.0	0.0	0.0	0.0	0.012962962962962963
18735	0.22025912838633688	2.0467532467532465	0.7387387387387387	0.6466431095406361	0.0	0.0	0.0	0.0	0.0	14.91741935483871	2.584010840108401	0.0	0.0	0.0	0.0	0.0	0.0	7.2646007151370675	4.916811091854419	0.6325088339222615	0.0	0.0	0.0	0.921015514809591
18736	0.0	1.4022222222222223	1.6623093681917211	0.0	0.0	0.0	0.0	0.0	0.0	12.36482939632546	4.0	0.9389978213507625	0.0	1.399497487437186	0.0	0.0	0.0	10.984304932735427	2.801909307875895	0.0	0.7189542483660131	0.0	0.0	0.0
18737	0.0	0.9262187088274044	0.0	0.0	0.0	0.0	0.0	0.0	0.0	7.340943683409437	3.9602836879432624	0.0	0.0	0.8761528326745718	0.0	0.0	0.0	6.932283464566929	2.1488801054018447	0.0	0.0	0.0	0.8063241106719368	0.0
18738	0.39913232104121477	2.4057971014492754	0.0	0.0	0.0	0.0	0.0	0.0	0.0	8.956306677658697	3.569310600444774	0.0	0.0	0.0	1.5119305856832972	0.0	0.0	9.391065830721002	4.367884451996601	0.8445408532176428	0.0	1.500361532899494	0.0	0.0
18739	0.020338983050847456	1.1278538812785388	0.0	0.5785310734463277	0.0	0.0	0.0	0.0	0.0	7.049924357034795	2.2531645569620253	0.0	0.0	0.0	0.43615819209039547	0.0	0.0	10.985611510791367	4.180026281208936	0.6180790960451977	0.0	0.021468926553672316	0.36610169491525424	0.3572496263079223
18740	0.0	3.471604938271605	0.0	0.0	0.0	0.0	0.0	0.0	0.0	5.067524115755627	1.2518518518518518	0.8320987654320988	0.0	0.0	0.6222222222222222	0.0	0.0	11.414814814814815	6.938718662952646	1.5185185185185186	0.0	0.0	0.0	0.0
18741	1.9133333333333333	1.141388174807198	0.0	0.0	0.7253333333333334	0.0	0.0	0.0	0.6711111111111111	6.948648648648649	5.2072538860103625	0.0	3.3159722222222223	5.910526315789474	2.1133333333333333	1.1563786008230452	0.0	13.400568181818182	7.651785714285714	0.0	1.2933333333333332	6.855555555555555	0.0	0.0
18742	0.0	4.344	1.5452054794520549	0.5173333333333333	0.8053333333333333	0.0	0.0	0.0	0.0	13.471641791044776	2.632	0.064	0.0	0.0	1.025089605734767	0.0	0.0	11.497237569060774	2.7593123209169055	0.0	0.0	1.4453333333333334	0.048	2.429333333333333
18743	0.0	2.5549949545913218	0.0	0.0	0.0	0.0	0.0	0.0	0.0	11.01452784503632	3.800509337860781	0.0	0.0	0.0	2.632016632016632	0.0	0.0	8.018214936247723	6.824881141045958	0.0	0.0	0.0	0.0	0.0
18744	0.0	0.9939393939393939	0.0	0.0	0.0	0.0	0.0	0.0	0.0	9.23030303030303	0.9878787878787879	0.0	0.0	0.0	0.0	0.0	0.0	3.8157894736842106	5.275757575757575	2.409090909090909	0.0	0.0	0.0	0.0
18745	0.0	2.778142076502732	0.0	0.0	0.0	0.0	0.0	0.0	0.0	7.058880308880309	2.232365145228216	0.0	0.0	0.0	0.0	0.0	0.0	11.715969989281886	5.283755274261603	0.0	0.0	0.0	0.22727272727272727	0.3493265993265993
18746	0.0	0.0	0.0	0.03404255319148936	0.0	0.0	0.0	0.0	0.0	6.923541247484909	3.0174772036474162	0.5361702127659574	0.32127659574468087	0.4900709219858156	0.0	0.16666666666666666	0.0	8.176697530864198	2.8084632516703785	0.0	0.06382978723404255	0.98	0.9014184397163121	0.0
18747	0.0	2.032119914346895	1.4703476482617588	0.0	0.0	0.0	0.0	0.0	0.0	9.206018518518519	3.1165644171779143	0.0	0.0	0.0	0.0	0.0	0.0	9.785714285714286	0.0	0.0	0.0	0.9979550102249489	0.0	0.0
18748	0.0	2.3055555555555554	0.636986301369863	0.0	0.0	0.0	0.0	0.0	0.0	6.755344418052257	4.0475	0.0	0.6894977168949772	0.0	0.0	0.0	0.0	7.365384615384615	3.957816377171216	0.0	0.0	0.0	0.0	0.0
18749	0.0	1.3101503759398496	0.0	0.0	0.0	0.0	0.0	0.0	0.0	11.105461393596986	4.184397163120567	0.00644122383252818	0.964573268921095	0.0	0.0	0.0	0.0	3.298611111111111	5.952702702702703	0.5974235104669887	0.0	0.0	0.0	0.0
18750	0.0	1.5641646489104115	0.0	0.0	0.0	0.0	0.0	0.0	0.0	6.828320802005012	2.0276953511374876	1.373767258382643	0.0	0.0	2.3028798411122144	0.0	0.0	7.732227488151659	5.388268156424581	0.0	0.0	0.0	0.0	0.0
18751	0.0	0.21666666666666667	0.0	0.0	0.0	0.0	0.7266666666666667	0.0	0.0	8.469846984698469	1.0308151093439364	0.0	0.0	0.0	1.1719457013574661	0.0	0.0	8.528764805414552	5.7654909437559585	0.0	0.0	0.5666666666666667	0.0	0.0
18752	0.0	2.2735608762098827	0.0	0.0	0.0	0.0	0.0	0.0	0.0	7.404362416107382	1.9064856711915537	0.4188034188034188	0.0	0.0	1.0583207642031172	0.0	0.0	6.938315539739027	1.2089187538179598	0.0	0.0	0.0	0.4906988436400201	0.0
18753	0.0	0.7712765957446809	1.18	0.0	0.0	1.0066666666666666	0.0	0.0	0.0	5.571428571428571	3.7755102040816326	0.0	0.0	0.0	1.5266666666666666	0.0	0.0	8.920863309352518	3.8	0.0	0.0	0.0	0.0	0.0
18754	0.0	3.0526315789473686	1.236220472440945	0.31496062992125984	0.0	0.0	0.0	0.0	0.0	8.718954248366012	2.15015015015015	0.0	0.0	0.6730769230769231	0.0	0.0	0.0	10.159420289855072	5.914666666666666	0.0	0.0	0.0	0.32545931758530183	0.0
18755	0.0	1.7250453720508168	0.0	0.0	0.0	0.0	0.45263157894736844	0.0	0.0	10.102240896358543	4.252155172413793	0.0	0.712280701754386	0.0	0.0	0.0	0.0	6.940337224383917	3.33859649122807	0.0	0.0	0.0	0.9091796875	0.0
18756	0.0	0.0	0.0	0.0	0.0	0.0	0.0	0.0	0.0	5.216279069767442	1.225531914893617	0.0	0.0	0.0	0.0	0.0	0.0	5.926624737945493	0.0	0.0	0.0	0.0	0.0	0.0
18757	0.0	1.6880650994575046	0.0	0.0	0.0	0.0	1.369047619047619	0.0	0.0	6.846153846153846	3.401743264659271	0.0	0.0	0.0	0.0	0.0	0.08819538670284939	10.948012232415902	3.6857366771159876	0.0	0.0	0.0	1.4151785714285714	0.0
18758	0.0	0.0	3.5	0.6904761904761905	0.0	0.0	0.0	0.0	0.0	2.7023809523809526	2.8181818181818183	0.0	0.0	3.2857142857142856	2.2023809523809526	0.0	0.0	3.5952380952380953	1.744047619047619	2.982142857142857	0.0	0.0	0.0	0.0
18759	0.0	2.5964912280701755	0.0	0.0	0.0	0.0	0.0	0.0	0.0	9.360774818401937	5.007481296758105	0.0	0.0	0.0	0.0	0.0	0.0	8.613953488372093	3.4339080459770117	0.0	0.0	1.0789473684210527	1.9429824561403508	0.0
18760	0.0	0.7549857549857549	0.0	0.0	0.37037037037037035	0.0	1.3874643874643875	0.0	0.0	14.959514170040485	6.089285714285714	0.8205128205128205	0.0	0.0	1.6182336182336183	0.0	0.0	8.114982578397212	5.512820512820513	0.0	0.0	0.8603988603988604	0.7578347578347578	0.0
18761	0.4547945205479452	1.85146804835924	2.075993091537133	0.0	0.0	0.0	1.001727115716753	0.0	0.0	9.413276231263383	3.9153713298791017	0.0	0.5768566493955095	0.5077720207253886	0.0	0.0	0.0	8.989795918367347	1.5380434782608696	0.0	0.6856649395509499	0.0	0.8151986183074266	0.0
18762	0.0	0.0	1.1511111111111112	0.0	0.4888888888888889	0.0	0.0	0.0	0.0	13.870646766169154	2.546666666666667	1.0177777777777777	4.017777777777778	0.0	0.0	0.0	0.0	13.04888888888889	5.028248587570621	0.0	0.0	0.0	0.0	0.0
18763	0.0	4.3681592039801	0.0	0.0	0.8822553897180763	0.0	0.0	0.0	0.0	12.989711934156379	3.4212271973466004	0.0	0.9943396226415094	0.0	1.7628524046434495	0.10945273631840796	0.0	8.658396946564885	3.657200811359026	0.0	0.0	0.9104477611940298	0.0	0.0
18764	0.0	0.0	0.0	0.0	0.0	0.0	0.03375527426160337	0.0	0.0	8.717391304347826	2.8565022421524664	0.0	0.0	0.8523206751054853	0.0	0.0	0.0	8.649789029535865	4.472573839662447	0.4810126582278481	0.0	0.0	0.0	0.0
18765	0.0	5.904761904761905	0.0	0.0	0.0	0.0	0.0	0.0	0.0	14.071428571428571	0.0	0.0	0.0	2.8947368421052633	3.9603174603174605	0.0	0.0	16.9572192513369	5.380952380952381	0.0	0.0	2.5396825396825395	0.0	0.5952380952380952
18766	1.0888888888888888	2.3096774193548386	0.8861111111111111	0.0	0.0	0.0	0.0	0.0	0.0	7.538888888888889	3.925806451612903	0.0	0.0	0.0	0.07222222222222222	0.0	0.0	8.882175226586103	6.973509933774834	0.0	0.0	0.0	0.0	0.0
18767	0.0	0.0	0.0	0.0	0.0	0.0	0.0	0.0	0.0	2.0	0.0	0.0	0.0	0.0	0.0	0.0	0.0	1.9142857142857144	0.0	0.0	0.0	0.0	0.0	0.0
18768	0.0	1.344632768361582	0.0	0.0	0.23728813559322035	0.0	0.0	0.0	0.0	5.138888888888889	3.276073619631902	0.0	0.0	0.0	0.0	0.0	0.0	6.162790697674419	4.80225988700565	0.0	0.0	1.0169491525423728	0.0	0.0
18769	0.0	1.2754716981132075	0.0	0.0	0.0	0.0	0.0	0.0	0.0	6.051124744376278	4.342749529190207	0.36594202898550726	0.16485507246376813	0.0	0.0	0.0	0.0	7.545918367346939	8.736292428198434	0.0	0.0	0.0	0.0	0.0
18770	0.0	4.470149253731344	0.6708229426433915	0.0	0.0	0.0	0.0	0.0	0.0	5.102127659574468	4.250943396226415	0.0	0.0	0.0	0.4604051565377532	0.0	0.0	6.416206261510129	6.125842696629213	0.0	0.0	0.0	1.4751381215469612	0.0
18771	0.0	1.5025678650036685	0.0	0.1119946984758118	0.0	0.0	0.1272365805168986	0.0	0.0	9.273204903677758	2.664983164983165	0.0	0.0	0.0	1.0377733598409542	0.0	0.0	4.956910569105691	3.535330261136713	0.0	0.0	0.0	0.0	0.0
18772	0.0	0.6462585034013606	0.0	0.0	0.0	0.0	0.0	0.0	0.0	7.465986394557823	3.7108843537414966	0.0	0.0	0.0	0.0	0.0	0.0	5.908163265306122	1.7868852459016393	0.608843537414966	0.0	0.0	0.0	0.0
18773	0.0	1.7756410256410255	0.0	0.0	0.0	0.0	0.0	0.0	0.0	8.433760683760683	1.606837606837607	0.0	0.44871794871794873	0.0	0.0	0.0	0.0	7.091428571428572	6.834498834498834	0.0	0.0	1.2179487179487178	0.0	1.0501138952164009
18774	0.0	0.0	0.0	0.0	0.0	0.0	0.0	0.0	0.0	14.092071611253196	3.1504237288135593	0.0	0.0	0.0	0.0	0.0	0.0	5.871428571428571	3.209737827715356	0.0	0.0	0.0	1.608786610878661	0.0
18775	0.0	1.907617504051864	0.0	0.0	0.0	0.0	0.0	0.0	0.05873715124816446	11.90186125211506	2.95929203539823	0.0	0.0	0.0	2.0440528634361232	0.0	0.0	5.88595041322314	2.809061488673139	0.7165932452276065	0.0	0.023494860499265784	1.4772393538913362	0.0
18776	0.0	2.835564053537285	0.759493670886076	0.0	0.0	0.0	0.0	0.0	0.0	10.396366639141206	1.8627450980392157	0.0	0.0	0.8999337309476475	0.8164347249834327	0.0	0.0	7.898216939078752	3.7200272479564034	0.21272365805168986	0.0	0.0	1.900596421471173	0.0
18777	0.0	1.5513866231647635	0.38738738738738737	0.0	0.0	0.0	0.0	0.0	0.0	8.533582089552239	3.1120996441281137	0.0	0.0	0.0	1.2918825561312608	0.0	0.0	6.035460992907802	6.616141732283465	0.3228228228228228	0.0	0.0	0.0	0.0
18778	0.0	0.0	0.0	0.0	0.0	0.0	1.3198653198653199	0.0	0.0	9.139705882352942	5.4	0.0	0.0	0.0	0.0	0.0	0.7609427609427609	9.439655172413794	4.70334928229665	0.0	0.6464646464646465	0.0	0.9764309764309764	0.0
18779	0.0	3.8310249307479225	0.0	0.0	0.0	0.4573002754820937	1.1735537190082646	0.0	0.0	9.161716171617162	0.9769230769230769	0.0	0.0	0.0	2.2276119402985075	0.0	0.0	10.25561797752809	1.2648221343873518	0.0	0.0	0.0	0.8100890207715133	0.0
18780	0.0	1.7367521367521368	0.0	0.0	0.0	0.0	0.4717948717948718	0.0	0.0	9.579654510556622	3.596363636363636	0.0	0.0	0.0	1.876923076923077	0.0	0.0	12.861742424242424	3.9652777777777777	0.0	0.26324786324786326	0.0	0.0	0.0
18781	0.0	4.584507042253521	0.5093896713615024	0.0	0.0	0.0	0.0	0.0	0.0	10.891304347826088	4.198044009779951	0.0	0.6032863849765259	1.6408450704225352	0.4507042253521127	0.0	0.0	8.183908045977011	3.8380952380952382	0.14084507042253522	0.0	0.0	0.0	0.0
18782	3.0858416945373466	2.946341463414634	1.2216867469879518	0.0	0.3411371237458194	0.0	0.0	0.0	0.8584169453734671	12.86229946524064	3.63659793814433	0.0	0.0	0.0	0.0	0.0	1.8082497212931996	7.176933158584535	2.626865671641791	0.5418060200668896	0.0	0.14492753623188406	0.0	0.8205128205128205
18783	3.4453781512605044	3.1362637362637362	0.5363790186125211	0.0	1.24486301369863	0.0	0.0	0.0	0.0	10.360488798370673	6.166077738515901	0.0	0.0	2.024856596558317	1.6582064297800339	0.7015590200445434	3.636971046770601	10.86861313868613	3.546511627906977	0.961082910321489	0.5956006768189509	3.695744680851064	1.0219966159052454	0.0
18784	0.0	2.058252427184466	3.482200647249191	0.0	0.0	0.0	2.0323624595469254	0.0	0.0	9.521172638436482	1.7703180212014133	0.32362459546925565	0.0	0.0	0.0	0.0	0.0	6.814285714285714	7.4688995215311005	0.0	0.019417475728155338	0.36893203883495146	0.0	0.0
18785	0.0	3.2380191693290734	0.9477726574500768	0.0	0.0	0.0	0.0	0.0	0.0	14.688888888888888	3.1172962226640157	0.0	0.0	0.0	1.6144393241167434	1.6221198156682028	0.0	5.761047463175123	2.3496621621621623	1.105785123966942	0.0	0.8986175115207373	0.6238938053097345	0.0
18786	0.10457516339869281	1.7864923747276689	0.0	0.0	0.0	0.0	0.0	0.0	0.0	10.569682151589243	6.4524421593830334	0.0	0.0	0.0	1.4357298474945535	0.0	0.0	3.9770992366412212	1.7690631808278867	0.0	0.0	0.1394335511982571	0.0	0.0
18787	0.0	2.0405156537753224	0.994475138121547	0.0	0.0	0.0	0.0	0.0	0.0	8.307692307692308	0.46551724137931033	0.0	1.1123388581952118	0.0	0.0	0.0	0.0	8.167785234899329	9.78640776699029	0.0	0.0	0.0	1.4732965009208103	0.0
18788	0.0	1.8509933774834437	1.10840108401084	0.0	0.0	0.0	0.39295392953929537	0.0	0.0	11.176151761517616	0.0	0.0	0.0	0.0	1.8048780487804879	0.0	0.0	10.853658536585366	11.003412969283277	1.1571815718157181	0.0	0.0	1.975	1.4185303514376997
18789	0.0	2.6382306477093205	0.0	0.0	0.0	0.0	0.43285939968404424	0.0	0.0	13.132137030995105	4.710069444444445	0.0	0.0	0.0	1.4407582938388626	0.0	0.0	12.973029045643154	2.8983739837398375	0.10426540284360189	0.0	0.0	0.0	0.15481832543443919
18790	0.0	1.9829787234042553	0.0	0.0	0.0	0.0	0.571150097465887	0.0	0.0	11.606593406593406	2.4465753424657533	0.0	0.08187134502923976	0.2543859649122807	1.6744639376218324	0.0	0.0	11.75	7.1038543897216275	0.0	0.0	0.2134502923976608	1.1749734888653234	0.0
18791	0.0	2.160699062233589	0.623614663256607	0.0	0.0	0.1918158567774936	0.0	0.0	0.0	11.091457753017641	5.9855446566855965	0.0	0.7570332480818415	0.0	1.39159891598916	0.0	0.0	11.851162790697675	5.408508457201435	0.0	0.0	0.43265132139812446	0.0	0.0
18792	0.9320987654320988	3.0392156862745097	0.2222222222222222	0.0	1.1659807956104253	0.0	0.0	0.0	0.0	10.946714031971581	2.884126984126984	0.0	0.0	1.5066137566137565	1.396681749622926	0.0	0.0	8.723374827109266	1.9006802721088436	0.0	0.0	0.0	1.5950617283950617	0.0
18793	0.0	1.3773314203730274	0.0	0.0	0.0	0.0	0.0	0.0	0.0	10.026898734177216	2.3573717948717947	0.0	0.0	0.0	0.39575033200531207	0.0	0.0	10.883134130146082	2.929264909847434	0.0	0.0	0.0	0.0	0.04249667994687915
18794	0.0	2.1876430205949657	0.0	0.0	0.0	0.0	0.23976608187134502	0.0	0.0	8.884210526315789	3.6818515797207936	0.0	0.0	0.0	0.8926788685524126	0.0	0.0	7.689867841409692	3.2396616541353382	0.0	0.0	0.881578947368421	0.8859649122807017	0.0
18795	0.0	3.8181818181818183	0.0	0.0	0.0	0.0	0.0	0.0	0.0	15.833333333333334	4.507575757575758	0.0	1.0984848484848484	0.0	0.0	0.0	0.0	13.557522123893806	2.0984848484848486	0.0	3.393939393939394	0.0	1.1515151515151516	0.0
18796	0.0	1.4471057884231537	0.0	0.0	0.0	0.0	0.3932135728542914	0.0	0.0	11.158134243458475	4.001186239620403	0.0	0.0	0.0	0.0	0.0	0.0	7.673151750972763	4.672727272727273	0.0	0.0	0.0	0.0	0.0
18797	0.0	1.0277777777777777	0.0	0.0	0.0	0.0	0.0	0.0	0.0	8.987878787878788	2.740740740740741	0.0	0.0	0.0	0.0	0.0	0.0	14.399026763990268	5.035714285714286	0.6944444444444444	0.0	0.0	0.9177718832891246	0.0
18798	0.0	1.8184713375796178	0.9885057471264368	0.0	0.0	0.0	0.0	0.0	0.0	10.242819843342037	1.3212435233160622	0.0	0.0	0.0	0.0	0.0	0.0	8.16010498687664	3.802298850574713	0.0	0.0	0.0	0.0	0.0
18799	0.0	0.8496611213801601	0.0	0.0	0.0	0.0	0.0	0.0	0.0	9.742567994939911	3.024029574861368	0.0	0.0	0.0	0.6223043746149106	0.0	0.0	9.164233576642335	2.614797864225782	0.0	0.20702402957486138	0.0	0.0	0.0
18800	0.0	0.725	0.0	1.75	1.7833333333333334	0.0	0.0	0.0	0.0	10.05	1.5333333333333334	0.0	0.0	0.0	0.0	0.0	0.0	12.637931034482758	7.011627906976744	0.0	0.0	0.0	0.0	0.5333333333333333
18801	0.0	2.763578274760383	0.0	0.0	0.0	0.0	0.0	0.0	0.0	6.287364620938628	2.900727994705493	0.0	0.0	1.018238993710692	0.0	0.0	0.0	6.9162303664921465	2.6205287713841368	0.0	0.0	0.6251572327044025	0.0	0.0
18802	0.0	1.1335311572700297	0.9313264346190028	0.0	0.20863895680521596	0.0	1.4787581699346406	0.0	0.0	11.302392344497608	4.453125	0.0	0.0	0.9714751426242869	0.9111654441727791	0.0	0.0	5.702586206896552	5.868367346938776	0.8255908720456397	0.0	0.4123879380603097	0.0	0.0
18803	0.0	1.5566265060240965	0.0	0.0	0.0	0.0	0.0	0.0	0.0	5.13903743315508	5.891566265060241	0.0	0.0	0.0	0.0	0.0	0.0	7.4036697247706424	4.396751740139211	0.0	0.0	0.0	0.0	0.0
18804	0.0	0.17708333333333334	0.0	0.0	0.0	0.0	0.0	0.0	0.0	0.11458333333333333	0.0	1.2708333333333333	0.0	0.3541666666666667	0.4791666666666667	0.0	0.0	3.21875	0.0	0.0	0.0	0.0	0.0	0.0
18805	0.0	2.2328308207705194	0.0	0.0	0.0	0.0	0.0	0.0	0.0	10.757118927973199	2.2562814070351758	0.0	0.0	0.0	0.0	0.0	0.0	8.11830985915493	4.75	0.0	0.0	0.0	0.0	0.0
18806	0.0	0.825147347740668	0.0	0.0	0.0	0.0	0.0	0.0	0.0	7.548990276738968	3.896664486592544	0.0	0.0	0.0	1.7001194743130228	0.0	0.0	10.779078844652615	5.243033052495139	0.0	0.0	0.0	1.4701314217443249	0.0
18807	0.0	1.0	1.4140350877192982	0.0	0.0	0.0	0.0	0.0	0.0	6.595121951219512	3.3674588665447898	0.19138755980861244	0.0	0.0	1.2488038277511961	0.0	0.0	8.905930470347649	1.434873949579832	0.0	0.0	0.0	0.0	0.0
18808	0.0	1.962962962962963	0.8518518518518519	0.0	0.0	0.0	0.0	0.0	0.0	8.072847682119205	5.561728395061729	1.4135802469135803	0.0	0.0	0.06790123456790123	0.0	0.0	10.287539936102236	4.075	0.24074074074074073	0.0	0.0	0.0	1.7654320987654322
18809	0.0	2.6706036745406823	1.9304461942257218	0.0	0.0	0.0	0.0	0.0	0.0	9.255485893416928	4.641732283464567	0.0	0.0	0.0	0.0	0.0	0.0	8.83904109589041	3.91994750656168	0.09448818897637795	0.0	0.0	0.0	0.0
18810	9.117216117216117	3.492462311557789	1.1062271062271063	0.0	1.3958333333333333	0.0	0.0	0.0	2.9556451612903225	16.205128205128204	6.038834951456311	0.0	5.5677655677655675	8.642023346303501	2.688644688644689	14.19078947368421	9.531135531135531	9.206225680933851	12.080188679245284	0.0	0.0	9.824175824175825	0.0	2.391941391941392
18811	0.0	0.759825327510917	6.584967320261438	0.0	0.0	0.0	0.0	0.0	0.0	11.480549199084669	2.5680473372781063	0.0	0.13259668508287292	0.998158379373849	0.0	0.0	0.0	7.427495291902072	3.0611854684512427	0.0	0.0	0.0	0.0	0.8839779005524862
18812	0.0	0.7342233009708737	1.0530785562632696	0.0	0.0	0.0	0.4607218683651805	0.0	0.0	6.970074812967581	3.74475138121547	0.8952164009111617	0.0	0.0	0.4692144373673036	0.0	0.0	6.032509752925877	2.6489746682750304	0.807855626326964	0.0	0.0	0.0	0.0
18813	0.0	1.532544378698225	0.0	0.0	0.0	1.6639118457300275	0.0	0.0	0.0	11.49862258953168	3.0892857142857144	0.0	0.0	0.0	0.9966555183946488	0.0	0.0	7.849230769230769	1.5610687022900764	0.0	0.0	0.0	0.0	0.0
18814	0.0	2.6375404530744335	0.0	0.0	0.6306306306306306	0.0	0.0	0.0	0.0	8.751824817518248	2.70873786407767	0.0	0.0	6.596363636363637	0.0	0.0	0.0	5.623015873015873	1.005181347150259	1.4433656957928802	0.0	1.1294498381877023	0.8284789644012945	0.0
18815	0.0	1.7563492063492063	0.7107320540156361	0.0	0.0	0.0	0.0	0.0	0.0	7.8678601875532825	2.573268921095008	0.0	0.0	0.0	0.987391646966115	0.0	0.0	10.755267423014587	3.285602503912363	0.0	0.0	0.06254442075337598	0.0	0.0
18816	0.0	0.9066901408450704	0.5188606620477291	0.0	0.0	0.0	0.0	0.0	0.0	6.363721804511278	2.296875	0.0	0.0	0.0	0.0	0.0	0.0	9.303402646502835	4.111624326404927	0.0	0.0	0.0	0.0	0.0
18817	0.0	3.2699275362318843	0.0	0.0	0.0	0.0	0.0	0.0	0.0	7.617283950617284	5.0398550724637685	0.0	0.0	0.0	2.8568232662192394	0.0	0.0	9.586497890295359	4.47920792079208	0.0	0.0	0.0	0.8290598290598291	0.0
18818	0.0	6.336391437308868	0.0	0.0	0.0	0.0	0.0	0.0	0.0	8.96887159533074	4.009174311926605	0.0	0.0	0.0	0.8165137614678899	0.0	0.0	5.219827586206897	7.767441860465116	0.0	0.0	0.39143730886850153	0.5749235474006116	0.0
18819	3.9578313253012047	2.7048192771084336	1.2650602409638554	0.0	2.72787610619469	2.4859437751004014	0.0	0.0	0.6677018633540373	14.50137741046832	6.416498993963783	0.0	2.4136546184738954	6.709832134292566	1.9598393574297188	1.9799196787148594	2.822274881516588	5.816901408450704	7.560640732265446	0.0	2.1566265060240966	4.760683760683761	1.0903614457831325	0.9096385542168675
18820	0.0	2.029106029106029	1.6272545090180361	0.0	0.0	0.0	0.0	0.0	0.0	8.065573770491802	1.9555084745762712	0.0	0.0	0.0	0.00392156862745098	1.7607843137254902	0.0	10.85686274509804	10.835886214442013	0.0	0.0	0.9549019607843138	0.0	0.0
18821	0.0	0.7205882352941176	0.0	0.0	0.0	0.0	0.0	0.0	0.0	6.423728813559322	3.6043956043956045	0.9194139194139194	0.0	0.0	1.4578754578754578	0.0	0.0	9.60536398467433	9.37	0.0	0.0	0.4065934065934066	0.0	0.0
18822	0.3658666666666667	1.527204502814259	0.0	0.0	0.0	0.0	0.0	0.0	0.0	10.044943820224718	3.6680988184747583	0.0	0.0	0.0	0.0	0.0	0.0	8.797936893203884	3.757594167679222	0.0	0.0	0.0	0.8117333333333333	0.0
18823	0.0	1.6897018970189701	0.0	0.22493224932249323	0.0	0.0	0.0	0.0	0.0	9.420265780730897	5.1046875	0.0	0.4037940379403794	0.0	0.0	0.0	0.0	11.032646048109966	3.2635024549918166	0.0	0.0	0.0	0.0	0.005420054200542005
18824	0.0	2.1257985257985257	0.6006792819019893	0.0	0.0	0.0	0.0	0.0	0.0	9.575466365178066	3.58712715855573	0.0	0.6021348859776807	0.0	0.0	0.0	0.0	8.461412151067323	4.697347893915756	0.0	0.0	0.0	0.0	0.0
18825	0.0	2.1682242990654204	0.0	0.0	0.0	0.0	0.12658227848101267	0.0	0.0	9.562659846547314	3.116770186335404	0.0	0.34810126582278483	0.0	0.0	0.0	0.0	8.232385661310259	3.023702031602709	0.0	0.0	0.0	0.0	0.0
18826	0.0	2.9285714285714284	0.0	0.05714285714285714	0.0	0.0	0.0	0.0	0.0	10.023809523809524	4.949748743718593	0.0	0.9278350515463918	2.0142857142857142	1.457142857142857	3.4571428571428573	0.0	7.390476190476191	3.802395209580838	0.0	0.0	4.736	0.2571428571428571	1.6571428571428573
18827	0.0	0.6398550724637682	0.0	0.0	0.0	0.0	0.3873239436619718	0.0	0.0	7.220770738079686	3.2141943734015346	0.0	0.18192488262910797	0.0	0.8086854460093896	0.0	0.0	9.553990610328638	3.95212447636146	0.0	0.0	0.0	0.0	0.0
18828	0.0	0.0	0.0	0.0	0.0	0.0	0.0	0.0	0.0	5.280555555555556	4.668341708542713	0.0	0.0	0.0	0.0	0.0	0.0	4.756701030927835	0.0	0.0	0.0	0.0	0.0	0.0
18829	3.964504283965728	5.256272401433692	0.0	0.0	2.051094890510949	0.0	0.0	0.17518248175182483	3.2806122448979593	13.435323383084578	5.641119221411192	1.3163913595933927	0.0	1.9878345498783454	1.1634472511144132	0.0	3.1316770186335403	9.765217391304347	2.8130841121495327	0.0	0.0	1.8995037220843674	0.0	1.8369829683698298
18830	0.0	2.80794701986755	0.0	0.0	0.0	0.0	0.6210826210826211	0.0	0.0	9.306188925081432	7.0285714285714285	0.8603988603988604	0.0	0.0	0.0	0.0	0.0	8.674698795180722	1.6153846153846154	0.0	0.0	0.0	0.0	0.0
18831	0.0	3.80715059588299	0.0	0.0	0.0	0.0	0.30879345603271985	0.0	0.0	10.26950354609929	1.7618069815195072	0.0	0.0	0.0	1.4621676891615543	0.0	0.0	15.176972281449894	3.6916129032258063	0.0	0.0	1.2288359788359788	0.8585858585858586	0.21779141104294478
18832	0.0	6.398406374501992	0.0	0.0	0.0	0.0	0.0	0.0	0.0	10.913832199546485	10.120320855614974	0.0	1.4534883720930232	0.0	0.7707865168539326	0.0	0.0	16.252380952380953	5.049382716049383	0.0	0.0	0.0	3.635658914728682	0.0
18833	0.0	1.2083333333333333	0.6957070707070707	0.0	0.0	0.0	0.9514824797843666	0.0	0.0	11.433889602053915	3.3435980551053484	0.0	0.0	0.0	0.7133838383838383	0.0	0.0	12.589877835951134	9.313056379821958	0.0	0.0	0.0	0.0	0.0
18834	0.0	1.9927536231884058	0.0	0.4782608695652174	0.0	0.0	0.0	0.0	0.0	8.175334323922733	4.629227053140097	1.181159420289855	0.0	0.0	0.0	0.0	0.0	11.41304347826087	5.532199270959903	2.097826086956522	0.0	0.788647342995169	0.10775862068965517	0.0
18835	0.0	2.529976019184652	0.0	0.0	0.0	0.0	0.0	0.0	0.0	12.048512289780078	2.8877221324717284	0.0	0.0	0.0	0.9646596858638743	0.0	0.0	12.078777189888301	4.414532459797498	0.0	0.0	0.0	0.0	0.0
18836	0.0	1.1324599708879184	0.0	0.0	0.0	0.0	0.0	0.0	0.0	16.85	3.671033478893741	0.6375545851528385	1.586608442503639	0.0	0.0	0.0	0.0	7.9329359165424735	3.0174603174603174	0.0	0.0	0.0	1.4934497816593886	0.0
18837	0.0	4.219066937119676	1.446393762183236	0.0	0.0	0.0	0.0	0.0	0.0	11.933862433862434	2.472647702407002	0.0	0.0	0.0	0.0	0.0	0.0	8.945378151260504	6.104895104895105	0.0	0.0	0.5886939571150097	0.0	0.0
18838	0.0	3.1674008810572687	1.2011494252873562	0.0	0.0	0.0	0.0	0.0	0.0	12.342715231788079	3.621732026143791	0.0	0.8352490421455939	0.0	0.7485760781122864	0.0	0.0	9.105608157319738	6.127151051625239	0.8735632183908046	0.03065134099616858	0.0	0.0	0.0
18839	0.0	2.531824611032532	0.0	0.0	0.0	0.0	0.0	0.0	0.0	11.823327615780446	3.3918539325842696	0.0	0.0	0.0	1.170767004341534	0.0	0.0	6.7588075880758804	2.3441295546558703	0.0	0.0	0.0	0.0	0.0
18840	0.0	0.0	0.0	0.0	0.0	0.6319444444444444	0.0	0.0	0.0	4.704918032786885	1.8784722222222223	0.8993055555555556	0.0	0.0	0.0	0.0	0.0	11.318021201413428	6.28125	0.0	0.0	0.0	2.9791666666666665	0.0
18841	0.0	0.8910994764397906	0.0	0.0	0.0	0.0	0.0	0.0	0.0	9.695495495495495	4.118869492934331	0.0	0.0	0.0	0.7871986699916874	0.0	0.0	9.780971258671952	3.6734513274336282	0.0	0.0	0.0	0.0	0.0
18842	0.0	1.6592844974446337	0.0	0.0	0.0	0.0	0.0	0.0	0.0	8.470672389127325	2.0891632373113853	0.0	0.0	0.0	0.0	0.0	0.0	5.781842818428184	3.463203463203463	0.0	0.0	0.0	0.0	0.0
18843	0.0	3.095940959409594	0.016049382716049384	0.0	0.0	0.0	0.0	0.0	0.0	13.372903225806452	1.9975186104218363	0.0049382716049382715	1.8518518518518519	1.5902964959568733	0.0	0.0	0.0	9.40620957309185	2.7293956043956045	0.3358024691358025	1.1793193717277486	0.4410058027079304	0.582716049382716	0.0
18844	0.0	1.4892037786774628	0.0	0.0	0.13978494623655913	0.0	0.0	0.0	0.0	11.18586387434555	4.22877358490566	0.0	0.0	0.0	0.9640434192672999	0.0	0.0	7.9785111281657715	4.537364130434782	0.0	0.007590132827324478	0.0	0.0	0.0
18845	0.0	2.164341085271318	0.0	0.0	0.0	0.0	0.7722473604826546	0.0	0.0	8.718446601941748	7.108808290155441	0.0	0.0	0.0	0.0	0.0	0.0	12.617824773413897	3.194915254237288	0.0	0.0	0.0	0.0	0.0
18846	0.0	1.754871794871795	0.0	0.0	0.0	0.0	0.5148717948717949	0.0	0.0	5.453347969264544	3.31442663378545	0.0	0.0	0.0	0.806861499364676	0.0	0.0	9.687875150060025	4.20020964360587	0.0	0.0	0.968944099378882	0.8690869086908691	0.0
18847	0.0	1.7775746496039	0.0	0.0	0.0	0.0	0.946983546617916	0.0	0.0	9.033036848792884	4.209120521172639	0.10847044485070079	0.0	0.0	0.0	0.0	0.0	5.456714383094751	3.068107400130976	0.0	0.0	1.4229128580134065	0.0	0.0
18848	0.0	3.1589825119236883	0.0	0.0	0.8132075471698114	0.0	0.5689181768259198	0.0	0.0	7.727522306108442	3.035691523263225	0.0	0.0	0.7531034482758621	0.0	0.0	0.0	7.064738292011019	4.1239316239316235	0.8748544819557625	0.0	0.0	0.0	0.0
18849	0.0	0.7067901234567902	1.4687882496940023	0.0	0.0	0.0	0.0	0.0	0.0	5.83551673944687	4.754414125200642	0.0	0.0	0.0	1.078088578088578	0.861664712778429	0.0	9.004109589041096	3.168997668997669	0.7855477855477856	0.0	0.0	0.8943298969072165	0.0
18850	0.0	1.564102564102564	1.3025641025641026	0.0	0.0	0.0	0.0	0.0	0.0	10.6	3.651282051282051	1.0	0.0	0.0	0.0	0.0	0.0	8.07741935483871	0.9846153846153847	0.0	0.0	0.0	0.9234972677595629	0.0
18851	0.0	1.549901185770751	0.0	0.0	0.0	0.0	0.0	0.0	0.0	10.647249190938512	3.114298935677927	0.0	0.0	0.0	0.869671729544341	0.0	0.0	7.613326337880378	2.469234617308654	0.7147225862822193	0.4386194844910441	0.0	0.7868064657055482	0.0
18852	0.0	2.9813242784380307	0.0	0.0	0.0	0.0	0.5333333333333333	0.0	0.0	7.151919866444073	3.7173447537473234	0.0	0.0	0.0	0.9396825396825397	0.0	0.0	5.380859375	3.970223325062035	0.6761904761904762	0.0	1.9206349206349207	0.0	0.0
18853	0.0	3.2470277410832233	0.7942386831275721	0.0	0.5720164609053497	0.0	0.0	0.0	0.0	4.265389876880985	3.352258064516129	0.0	0.7541152263374485	1.6491769547325104	0.5267489711934157	0.0	0.0	8.913990825688073	6.313769751693003	0.0	0.0	1.440329218106996	0.0	0.0
18854	0.0	0.3490701001430615	0.474964234620887	0.0	0.0	0.0	0.0	0.0	0.0	16.80095541401274	2.2194719471947195	0.0	0.27753934191702434	0.0	1.4048640915593704	0.0	0.0	6.701754385964913	4.070776255707763	0.0	0.0	0.0	0.0	0.0
18855	0.0	1.8111111111111111	1.6130952380952381	0.0	0.0	0.0	0.0	0.0	0.0	7.994011976047904	1.4047619047619047	0.0	0.0	0.0	0.0	0.0	0.0	1.3617021276595744	4.089285714285714	0.625	0.0	0.0	0.0	0.0
18856	0.0	2.5076252723311545	0.0	0.0	0.0	0.0	0.0	0.0	0.0	10.313580246913581	1.5076252723311547	0.0	0.0	0.0	0.0	0.0	0.0	12.542613636363637	2.537142857142857	0.0	0.0	0.0	0.0	0.0
18857	0.0	1.5392156862745099	1.9540682414698163	0.2020997375328084	0.08661417322834646	0.0	0.0	0.0	0.0	14.063139931740615	7.451063829787234	0.0	0.0	0.0	0.931758530183727	0.0	0.0	11.359855334538878	3.1321321321321323	0.0	0.0	0.0	0.910761154855643	0.0
18858	0.0	3.919732441471572	0.43001443001443	0.0	0.0	0.0	0.1847041847041847	0.0	0.0	19.58364312267658	5.870286576168929	0.0	0.0	0.0	1.670995670995671	0.0	0.0	8.237730061349692	4.039252336448598	0.0	0.0	0.0	0.8658008658008658	0.0
18859	0.0	1.826309067688378	1.204250295159386	0.0	0.0	0.0	0.0	0.0	0.0	10.209302325581396	2.076280041797283	0.0	0.0	0.0	0.0	0.0	0.0	9.97888198757764	2.530695770804911	0.04179728317659352	0.0	0.0	0.0	0.0
18860	0.0	2.0	0.0	0.0	0.0	0.0	0.0	0.0	0.0	3.1940298507462686	10.1651376146789	0.0	2.0	0.0	0.0	0.0	0.0	3.4594594594594597	0.0	0.0	0.0	0.0	0.0	0.0
18861	0.0	2.1818181818181817	0.0	0.0	0.0	0.0	0.0	0.0	0.0	9.022727272727273	4.674094707520891	0.0	0.0	0.0	0.8699763593380615	0.0	0.0	4.346774193548387	4.566860465116279	0.0	0.0	0.0	0.0	0.0
18862	0.0	1.2230769230769232	0.0	0.0	0.0	0.0	0.0	0.0	0.0	7.189116859946476	2.8614900314795384	0.4221678891605542	0.0	0.18744906275468623	0.0	0.014669926650366748	0.0	7.512544802867383	3.9582210242587603	0.0	0.0	0.5215973920130399	0.0	0.0
18863	0.0	1.002932551319648	0.9488188976377953	0.0	0.0	0.0	0.0	0.0	0.0	10.52299605781866	5.365079365079365	0.2204724409448819	0.0	0.0	0.0	0.0	0.0	4.7722473604826545	5.143987341772152	0.0	0.0	0.13648293963254593	0.0	0.0
18864	0.0	2.8535127055306426	0.5067114093959731	0.0	0.0	0.0	0.0	0.0	0.0	10.709766162310867	2.7195945945945947	0.0	0.0	0.0	0.0	0.0	0.0	11.122853368560106	9.006711409395972	0.0	0.0	0.0	0.0	0.0
18865	0.0	3.9285714285714284	0.5023809523809524	0.0	0.4142857142857143	0.6571428571428571	1.0095238095238095	0.0	0.0	10.014005602240896	4.896551724137931	0.0	0.7362637362637363	2.1580547112462005	0.8095238095238095	0.0	0.0	14.30562347188264	6.410714285714286	0.0	0.0	0.0	3.4939759036144578	1.8333333333333333
18866	0.0	1.728735632183908	0.0	0.0	0.0	0.0	0.0	0.0	0.0	11.88265306122449	9.675	1.5596491228070175	0.5719298245614035	0.0	0.7473684210526316	0.17894736842105263	1.543859649122807	17.938492063492063	3.8057142857142856	0.0	0.0	0.543859649122807	0.9438596491228071	0.0
18867	0.0	0.5491606714628298	0.0	0.0	0.0	0.0	0.9664268585131894	1.4484412470023982	0.0	10.704041720990874	3.7102199223803365	0.6115107913669064	0.0	0.7038369304556354	1.4484412470023982	0.0	0.0	10.691091954022989	4.6647058823529415	0.0	0.0	0.0	2.303357314148681	0.0
18868	0.0	1.496212121212121	0.0	0.0	1.3674242424242424	0.0	0.0	0.0	0.0	10.401847575057737	0.6057692307692307	0.0	0.0	0.0	0.7609254498714653	2.8094302554027504	0.0	15.587155963302752	5.578842315369261	1.4121951219512194	1.053030303030303	0.863013698630137	1.4956521739130435	6.947368421052632
18869	1.0208333333333333	0.29914529914529914	0.0	0.0	0.0	0.0	0.0	0.0	0.0	10.030959752321982	2.261421319796954	0.0	0.0	0.0	0.0	0.0	0.0	9.527972027972028	4.181818181818182	0.0	0.0	0.0	0.0	0.6944444444444444
18870	2.8376068376068377	2.3846153846153846	1.7863247863247864	0.0	4.457264957264957	0.0	0.0	0.0	0.0	10.105263157894736	3.8333333333333335	0.0	2.6965811965811968	0.6779661016949152	3.128205128205128	7.094017094017094	0.0	12.525252525252526	8.423076923076923	0.6068376068376068	0.0	7.611111111111111	0.0	0.0
18871	0.0	2.2736842105263158	0.25380116959064325	0.0	0.2596491228070175	0.0	0.0	0.0	0.0	8.167381974248928	5.204419889502763	0.6456140350877193	0.6467836257309941	0.0	1.719298245614035	0.0	0.0	9.76124031007752	9.96048632218845	0.0	0.0152046783625731	0.7672514619883041	0.0	0.0
18872	0.0	1.818452380952381	0.0	0.0	0.0	0.0	0.0	0.0	0.0	14.617283950617283	3.851528384279476	1.7619047619047619	0.0	0.0	0.8988095238095238	0.0	0.0	14.865131578947368	6.343434343434343	1.7767857142857142	0.5297619047619048	0.4166666666666667	0.9404761904761905	0.22023809523809523
18873	0.0	1.5698924731182795	0.0	0.0	0.0	0.0	0.5448028673835126	0.0	0.010752688172043012	21.03942652329749	3.574074074074074	0.0	0.0	0.0	0.0	0.0	0.0	6.7073170731707314	5.243727598566308	0.0	0.0	0.6272401433691757	0.3655913978494624	0.0
18874	0.0	2.1182432432432434	0.6594202898550725	0.0	0.0	0.0	0.42028985507246375	0.0	0.0	10.265822784810126	2.345622119815668	0.0	0.2594202898550725	0.0	0.0	0.0	0.0	14.800608828006089	5.152755905511811	0.0	0.0	0.0	0.45652173913043476	0.0
18875	0.0	1.028301886792453	1.6790123456790123	0.0	0.0	0.0	0.0	0.0	0.0	5.111368909512761	2.0382513661202184	0.0	0.0	0.0	0.0	0.0	0.0	9.493917274939173	0.0	0.0	0.0	0.0	0.0	0.0
18876	0.0	5.317365269461078	0.0	0.0	1.3222748815165877	0.0	0.0	0.0	0.0	12.924107142857142	2.5555555555555554	0.0	0.0	0.0	0.5670498084291188	1.2873563218390804	0.0	16.631336405529954	1.8314176245210727	0.0	0.0	0.9003831417624522	0.0	0.0
18877	0.0	1.059748427672956	0.3909853249475891	0.0	0.0	0.0	0.0	0.0	0.0	9.923976608187134	3.871638141809291	0.0	1.6486772486772487	0.0	0.9916142557651991	0.0	0.0	11.414084507042254	5.119496855345912	0.0	0.0	0.0	0.0	0.0
18878	0.0	0.0	0.0	0.0	0.0	0.0	0.0	0.0	0.0	3.471014492753623	3.6594202898550723	0.0	0.9782608695652174	0.0	0.0	0.0	0.0	2.090909090909091	2.0	0.0	0.0	1.681159420289855	1.1884057971014492	0.0
18879	0.0	0.8921568627450981	0.0	0.0	0.0	0.0	0.0	0.0	0.0	1.72	1.2156862745098038	2.323529411764706	0.0	0.0	0.0	0.09803921568627451	0.0	9.729885057471265	1.0427350427350428	0.0	0.0	0.0	0.0	0.3235294117647059
18880	0.0	2.454219030520646	0.0	0.0	0.0	0.0	0.0	0.0	0.0	7.904315196998124	3.1807909604519775	0.0	0.0	0.0	0.0	0.0	0.0	8.28695652173913	5.805687203791469	0.0	0.0	0.3891213389121339	0.0	0.0
18881	0.0	0.0	1.6493174061433447	0.0	0.0	0.0	0.2800645682001614	0.0	0.0	9.861629048086359	4.058611361587015	0.8445297504798465	0.0	0.0	1.8288942695722357	0.0	0.0	10.058536585365854	2.9778633301251203	0.49556093623890235	0.0	1.218724778046812	1.0387409200968523	0.0
18882	0.0	0.0	0.0	0.0	0.0	0.0	0.0	0.0	0.0	9.069148936170214	1.5442176870748299	1.346938775510204	0.42857142857142855	0.8061224489795918	1.0272108843537415	0.0	0.0	15.459183673469388	3.7448979591836733	1.1564625850340136	0.0	0.5102040816326531	0.0	0.0
18883	0.0	0.0	0.0	0.0	0.0	0.0	0.9819819819819819	0.0	0.0	13.02051282051282	4.168674698795181	0.0	0.0	0.0	0.6846846846846847	0.0	0.0	10.88888888888889	6.743243243243243	1.2072072072072073	0.0	0.0	0.0	0.0
18884	0.0	0.0	0.0	0.0	0.0	0.0	0.0	0.0	0.0	0.0	0.0	0.0	0.0	0.0	0.0	0.0	0.0	2.84	0.0	0.0	0.0	0.0	0.0	0.0
18885	0.0	2.3719806763285023	0.0	0.0	0.0	0.0	0.0	0.0	0.0	15.414012738853502	3.879120879120879	0.0	0.0	0.1956521739130435	0.0	0.0	0.0	6.155223880597015	5.9106280193236715	0.0	0.0	0.0	0.0	1.4468599033816425
18886	0.0	1.5046296296296295	0.0	0.0	2.0	0.0	0.0	0.0	0.0	8.674285714285714	2.6687898089171975	0.0	1.9	0.0	0.0	0.0	0.0	9.70048309178744	5.4453125	0.0	0.0	0.0	0.0	0.0
18887	0.0	1.1923076923076923	1.5576923076923077	0.0	0.0	0.0	0.0	0.0	0.0	10.184615384615384	4.743055555555555	0.0	0.0	0.6153846153846154	1.1923076923076923	0.0	0.0	7.052631578947368	2.58974358974359	0.0	0.0	0.0	0.0	0.0
18888	0.0	0.0	0.0	0.0	1.273927392739274	0.0	0.0	0.0	0.0	7.807829181494662	8.164335664335665	0.7491749174917491	1.495049504950495	1.4026402640264026	0.0	0.0	0.0	3.9042904290429044	4.963696369636963	1.1485148514851484	0.0	1.8646864686468647	0.0	0.0
18889	0.0	2.067001675041876	0.0	0.0	0.0	0.0	0.0	0.0	0.0	3.815347721822542	3.1056105610561056	0.0	0.0	0.0	0.6534653465346535	0.0	0.0	9.435992578849723	3.7194719471947195	0.0	0.0	0.33663366336633666	0.9273927392739274	0.0
18890	0.0	1.1868686868686869	3.648989898989899	0.0	0.0	0.0	0.0	0.0	0.0	13.81060606060606	2.2777777777777777	0.32323232323232326	0.0	0.0	0.0	0.0	0.0	13.263586956521738	1.656	0.0	0.0	0.0	0.0	0.0
18891	0.0	0.0449438202247191	0.0	0.0	0.0	0.0	0.7265917602996255	0.0	0.0	6.755905511811024	3.561797752808989	0.0	0.0	0.0	1.6629213483146068	0.0	0.0	5.2026143790849675	4.842696629213483	1.5393258426966292	0.0	0.0	0.0	0.0
18892	0.0	1.1368421052631579	0.3508771929824561	0.0	1.4175438596491228	0.0	0.9017543859649123	0.0	0.0	14.02919708029197	3.1116279069767443	0.0	0.0	0.0	0.26666666666666666	0.0	0.0	10.104651162790697	9.968421052631578	0.0	1.0912280701754387	1.9087719298245613	0.0	0.6736842105263158
18893	0.0	0.6919191919191919	0.0	0.717391304347826	0.0	0.0	0.0	0.0	0.0	10.41826923076923	2.9166666666666665	0.0	0.0	0.0	0.7608695652173914	0.0	0.0	8.597826086956522	0.7644927536231884	0.0	0.0	0.0	0.0	0.0
18894	0.9458333333333333	2.4833333333333334	0.0	0.0	0.0	0.0	0.0	0.0	0.0	6.909547738693467	4.5875	0.24166666666666667	0.0	0.0	0.0	0.0	0.0	12.162790697674419	4.164179104477612	0.0	0.0	0.0	2.45	0.0
18895	0.0	0.8116169544740973	0.0	0.0	0.0	0.0	0.0	0.0	0.0	5.656832298136646	2.576419213973799	0.23155216284987276	0.8161953727506427	0.0	0.0	0.0	0.0	6.061032863849765	3.866877971473851	0.45674300254452926	0.0	0.0	0.0	0.0
18896	0.0	0.7782805429864253	0.6809338521400778	0.0	0.0	0.0	0.0	0.0	0.0	6.036111111111111	2.070446735395189	0.0	0.9260700389105059	0.0	0.0	0.0	0.0	6.797752808988764	3.9623931623931625	0.2918287937743191	0.0	0.0	0.0	0.0
18897	0.7115839243498818	1.198581560283688	0.0	0.0	0.0	0.0	0.6217494089834515	0.0	0.0	6.34025974025974	3.354609929078014	0.0	0.0	0.0	0.0	0.0	0.0	8.254601226993865	2.314420803782506	0.0	0.0	0.0	0.0	0.0
18898	0.0	0.5808823529411765	0.0	0.0	0.0	0.0	0.0	0.0	0.0	5.661333333333333	1.3284313725490196	0.0	0.0	0.0	0.029411764705882353	0.0	0.0	7.002450980392157	0.375	0.0	0.0	0.0	2.2107843137254903	0.03676470588235294
18899	0.0	0.0	0.0	0.0	0.0	0.0	0.0	0.0	0.0	4.673521850899743	0.0	0.0	0.0	0.0	0.0	0.0	0.0	6.9335548172757475	1.858695652173913	0.0	0.0	0.0	0.0	0.0
18900	0.0	0.08492569002123142	0.0	0.0	0.0	0.0	0.0	0.0	0.0	2.5267379679144386	1.6029723991507432	0.0	0.0	0.0	0.0	0.0	0.0	8.177545691906005	1.4327628361858191	0.0	0.0	0.0	0.8280254777070064	0.0
18901	0.0	0.9915682967959528	0.0	0.0	0.0	0.0	0.0	0.0	0.0	6.041078305519897	3.059422750424448	0.0	0.0	0.29712858926342073	0.0	0.0	0.0	4.552332912988651	1.3781725888324874	0.0	0.0	0.0	0.0	0.0
18902	0.0	1.2628205128205128	0.0	0.0	0.0	0.0	0.0	0.0	0.0	5.01726427622842	2.482051282051282	1.5179487179487179	0.0	0.0	1.594871794871795	0.0	0.0	5.669642857142857	3.5661103979460846	0.0	0.0	0.0	0.0	0.0
18903	0.0	0.8674443266171792	1.1343669250645996	0.43583118001722654	0.0	0.0	0.0	0.0	0.0	8.405889884763123	0.0	0.8533834586466166	0.0	0.0	0.9732988802756245	0.0	0.0	6.857588357588358	1.9130434782608696	0.0	0.0	0.0	0.0	0.0
18904	0.0	4.4601449275362315	0.0	0.0	0.0	0.0	0.0	0.0	0.0	7.360655737704918	2.4871794871794872	0.0	0.0	0.0	1.0854700854700854	0.0	0.0	6.005698005698005	5.427272727272728	0.0	0.0	0.0	2.1994301994301995	0.6723646723646723
18905	0.0	3.454368932038835	0.3533950617283951	0.0	0.0	0.0	0.0	0.0	0.04938271604938271	7.95	1.2383720930232558	0.0	0.0	0.0	0.0	0.0	0.0	5.392795883361921	6.6080246913580245	0.0	0.0	0.0	0.0	0.0
18906	0.0	1.5880503144654088	0.0	0.36163522012578614	0.0	0.0	0.0	0.0	0.0	5.617647058823529	4.39622641509434	0.34276729559748426	0.949685534591195	1.2955974842767295	0.0	0.0	0.0	19.39047619047619	2.688679245283019	0.0	2.751572327044025	0.6766169154228856	0.0	2.0220125786163523
18907	0.0	0.7389937106918238	0.0	0.0	0.0	0.0	0.39937106918238996	0.0	0.0	10.044117647058824	1.6415094339622642	1.3270440251572326	0.0	0.46226415094339623	1.320754716981132	0.0	0.0	10.720125786163521	1.7582938388625593	0.0	0.6352201257861635	0.0	0.4591194968553459	0.0
18908	0.0	1.9836065573770492	0.8934426229508197	0.0	0.0	0.0	0.0	0.0	0.0	10.576271186440678	2.467576791808874	0.0	0.0	0.0	0.7240437158469946	0.0	0.0	7.557377049180328	2.2612612612612613	2.1721311475409837	0.8688524590163934	1.1830601092896176	0.0	0.0
18909	0.0	0.0	0.0	0.0	0.0	0.0	0.0	0.0	0.0	7.4222222222222225	4.229629629629629	0.0	0.9333333333333333	0.0	0.0	0.0	0.0	3.649484536082474	5.09375	0.0	0.2074074074074074	1.3444444444444446	0.0	0.0
18910	0.0	1.1077943615257049	0.9136029411764706	0.0	0.0	0.0	0.0	0.0	0.0	12.542682926829269	3.9270315091210612	2.582089552238806	0.0	2.8625	0.0	0.9396887159533074	0.0	9.301181102362206	0.8459958932238193	0.0	0.0	3.25	0.0	0.0
18911	0.2689161554192229	0.7885416666666667	0.0	0.0	0.0	0.0	0.0	0.0	0.0	10.931116389548693	1.8318471337579618	0.0	0.0	0.8261758691206544	0.0	0.9100204498977505	0.0	7.983701979045402	3.6268115942028984	0.0	0.0	1.3702801461632157	0.754601226993865	0.0
18912	0.0	1.8678187762727698	0.0	0.0	0.0	0.0	0.2970027247956403	0.0	0.0	10.006511123168746	3.4463927855711423	0.0	0.0	1.6312228129531174	0.0	0.0	0.0	7.8219923788786065	6.3690869086908695	0.7148817802503477	0.0	0.0	0.0	0.0
18913	0.0	1.6755952380952381	0.0	0.0	0.0	0.0	0.0	0.0	0.0	9.069940476190476	1.8571428571428572	0.8839285714285714	0.0	0.0	0.7410714285714286	0.0	0.0	6.756013745704467	3.9060773480662982	0.0	0.0	0.6741071428571429	0.0	0.0
18914	0.0	1.0823970037453183	0.0	0.0	0.0	0.0	0.0	0.0	0.0	6.420168067226891	4.012244897959183	0.0	0.0	0.5655430711610487	1.4831460674157304	0.0	0.0	5.877880184331797	2.9110169491525424	0.0	0.0	0.0	0.0	0.0
18915	0.0	2.3839080459770114	1.1494252873563218	0.0	0.671264367816092	0.0	0.0	0.0	0.0	13.16125	2.2041062801932365	0.0	0.0	0.0	0.32413793103448274	0.0	0.0	7.041666666666667	2.5436781609195402	0.0	0.0	0.0	0.0	0.0
18916	0.0	0.0	0.0	0.0	0.0	0.0	0.0	0.0	0.0	4.601744186046512	1.543967280163599	0.16006600660066006	0.0	0.0	0.0	0.0	0.0	10.306737588652481	4.405904059040591	0.0	0.0	0.0	0.0	0.0
18917	0.0	0.3464566929133858	0.0	0.0	0.0	0.0	0.0	0.0	0.0	4.574803149606299	1.753280839895013	0.0	0.0	0.0	0.0	0.0	0.0	12.674418604651162	4.348214285714286	0.0	0.0	0.0	0.0	0.0
18918	0.0	1.565891472868217	0.0	0.0	0.0	0.0	0.0	0.0	0.0	9.440860215053764	1.7364341085271318	0.0	0.0	1.127906976744186	1.3449612403100775	0.0	0.0	11.10261569416499	2.746518105849582	0.0	0.0	0.0	0.26744186046511625	0.0
18919	0.0	3.764453961456103	0.5851063829787234	0.8687943262411347	0.0	0.0	0.0	0.0	0.0	6.630769230769231	1.2818627450980393	0.0	0.0	0.0	0.0	0.0	0.0	7.418491484184915	0.7092651757188498	0.0	0.0	0.0	0.0	0.30319148936170215
18920	0.0	1.5304659498207884	1.082437275985663	0.21863799283154123	0.0	0.0	0.0	0.0	0.0	6.866412213740458	4.085714285714285	0.0	0.0	0.0	0.8387096774193549	0.0	0.0	13.7	2.795698924731183	0.0	1.3189964157706093	0.0	0.0	0.0
18921	0.0	1.9067930489731437	0.0	0.0	0.0	0.0	0.0	0.0	0.0	9.121642969984203	4.180357142857143	0.0	0.0	0.0	0.0	0.0	0.0	9.847860538827259	1.915151515151515	0.0	0.0	0.0	0.0	0.0
18922	0.0	2.2547892720306515	0.27586206896551724	0.0	0.0	0.0842911877394636	0.0	0.0	0.0	9.103305785123966	6.94921875	0.011494252873563218	0.0	0.0	1.4195402298850575	0.0	0.0	4.316901408450704	2.8065134099616857	0.8214285714285714	0.0	0.0	0.0	0.0
18923	0.0	3.1401869158878504	0.0	0.0	0.0	0.0	0.0	0.0	0.0	11.71	2.9451476793248945	0.0	0.0	0.0	0.0	0.0	0.0	7.168776371308017	2.2025316455696204	0.0	0.0	0.0	0.0	0.0
18924	0.0	0.6955307262569832	0.0	0.0	0.0	0.0	0.0	0.0	0.0	11.633867276887871	4.548057259713701	0.0	0.0	0.0	0.0	0.0	0.0	10.769041769041769	2.9775051124744376	0.0	0.0	0.0	0.0	0.0
18925	0.0	0.6076923076923076	0.265625	0.0	0.0	0.0	0.0	0.0	0.0	7.482014388489208	4.005208333333333	0.0	0.0	0.0	0.0	0.0	0.0	18.422764227642276	3.5694444444444446	0.0	0.0	0.0	2.71875	0.0
18926	0.0	0.02	0.4866666666666667	0.0	0.0	0.54	0.8933333333333333	0.0	0.0	12.18141592920354	3.13	0.0	0.6633333333333333	0.0	0.86	0.0	0.0	4.813620071684587	4.67	0.0	0.0	0.0	0.0	0.0
18927	0.0	2.0596707818930042	0.0	0.0	0.0	0.0	0.1452513966480447	0.0	0.0	4.537037037037037	2.074487895716946	0.0	0.0	0.0	0.0	0.0	0.0	12.248780487804877	3.9421487603305785	1.5884543761638734	0.0	0.527001862197393	0.7486033519553073	0.4171322160148976
18928	0.0	2.000769230769231	0.8166786484543493	0.0	0.0	0.0	0.0	0.0	0.0	8.81215900233827	4.0048951048951045	0.7559055118110236	0.0	0.0	1.4803149606299213	0.0	0.0	8.06371562709591	6.66131621187801	0.0	0.0	0.0	0.9238845144356955	0.0
18929	0.0	3.391044776119403	2.2436781609195404	0.0	0.5218390804597701	0.0	0.0	0.0	0.0	5.811764705882353	2.78772378516624	0.0	0.0	0.0	0.0	0.0	0.0	12.668965517241379	4.190839694656488	1.735632183908046	0.0	0.7678571428571429	0.0	0.0
18930	0.0	1.731907894736842	1.9671150971599403	0.0	0.0	0.4155455904334828	0.0	0.0	0.0	10.969155844155845	3.8947368421052633	0.0	0.0	0.0	0.0	0.0	0.0	4.144787644787645	4.351398601398602	0.5351270553064275	0.0	0.0	0.0	0.0
18931	0.0	0.0	0.0	0.0	0.0	0.0	0.0	0.0	0.0	8.628571428571428	0.0	0.0	0.0	0.0	0.0	0.0	0.0	4.168674698795181	0.0	0.0	0.0	0.0	0.0	0.0
18932	0.0	4.6996996996997	0.6636636636636637	0.0	0.0	0.0	0.5315315315315315	0.0	0.0	9.9009009009009	4.963636363636364	0.0	0.0	0.0	0.0	0.0	0.0	9.926282051282051	1.2946859903381642	0.0	0.0	0.0	0.8408408408408409	0.0
18933	0.0	2.4022346368715084	0.0	0.0	1.312849162011173	0.0	0.0	0.0	0.0	11.450651769087523	4.252609603340292	0.0	0.0	0.0	0.9903381642512077	0.0	0.0	7.794297352342159	2.232445520581114	0.5232774674115456	0.0	0.0	0.9134615384615384	0.0
18934	0.0	6.869767441860465	0.0	0.0	0.0	0.0	0.0	0.0	0.0	10.583756345177665	4.8023255813953485	0.6046511627906976	0.0	0.0	2.6490384615384617	0.0	0.0	12.107569721115539	4.18859649122807	0.0	0.0	0.0	2.3410852713178296	0.0
18935	0.0	0.37992831541218636	0.0	0.0	0.0	0.0	0.0	0.0	0.0	16.59856630824373	3.1991341991341993	0.0	0.0	0.0	1.8602150537634408	0.0	0.0	9.731481481481481	5.190243902439025	0.0	0.0	0.0	0.0	0.2007168458781362
18936	0.0	1.1273408239700375	0.0	0.0	0.0	0.0	0.8068669527896996	0.0	0.0	6.814285714285714	3.4831460674157304	0.0	0.0	0.0	0.0	0.0	0.0	5.411764705882353	15.371040723981901	0.0	0.0	0.0	4.175925925925926	0.0
18937	5.27992277992278	1.8316498316498318	0.0	0.0	0.0	0.0	0.0	0.0	1.024904214559387	10.472945891783567	3.05045871559633	0.0	0.0	0.0	1.754208754208754	0.0	1.7794612794612794	9.309050772626932	5.101010101010101	0.0	0.0	1.1548821548821548	2.8995098039215685	0.35858585858585856
18938	0.0	1.5555555555555556	3.156695156695157	0.0	0.0	0.6666666666666666	0.0	0.0	0.0	8.095419847328245	3.178470254957507	0.0	1.5895691609977325	2.6550802139037435	3.8820861678004537	0.0	0.0	5.345911949685535	1.6610169491525424	0.0	0.0	2.0083333333333333	2.120181405895692	0.0
18939	0.5	1.1176470588235294	1.0735294117647058	0.0	0.4411764705882353	0.0	0.0	0.0	0.0	8.413333333333334	3.685279187817259	0.0	3.627450980392157	5.461111111111111	1.4509803921568627	0.9264705882352942	0.0	24.772357723577237	6.0	0.0	3.2745098039215685	3.7058823529411766	0.00980392156862745	0.0
18940	1.3126110124333925	2.9565826330532214	0.0	0.0	1.3445378151260505	0.0	0.0	0.0	0.0	12.202991452991453	3.656934306569343	0.0	1.9019607843137254	2.0	1.2436974789915967	3.4618055555555554	1.2914653784219001	8.314759036144578	5.199044585987261	0.0	0.4257703081232493	2.1750700280112043	0.5714285714285714	0.0
18941	0.0	2.164021164021164	0.0	0.0	0.0	0.0	0.0	0.0	0.0	19.612903225806452	5.21	0.0	0.0	4.828402366863905	0.0	3.9153439153439153	0.0	7.412698412698413	4.079365079365079	0.0	0.0	0.0	5.208	0.0
18942	0.0	2.658536585365854	0.0	0.0	0.0	0.0	1.5824175824175823	0.0	0.0	12.97517730496454	3.832089552238806	0.0	0.6856368563685636	0.0	2.2439024390243905	0.0	0.0	9.64864864864865	3.8292682926829267	0.6070460704607046	0.0	0.0	0.8373983739837398	0.0
18943	0.0	3.142322097378277	4.194756554307116	0.0	0.0	0.0	0.602996254681648	0.0	0.0	7.752808988764045	3.3536121673003803	0.0	0.0	0.0	0.0	0.0	0.0	10.827586206896552	10.46951219512195	0.0	0.0	0.0	1.599250936329588	0.0
18944	0.0	0.0	0.0	0.0	0.0	0.0	0.0	0.0	0.0	0.9183673469387755	0.0	0.0	0.0	0.0	0.0	0.0	0.0	4.057971014492754	5.057971014492754	0.0	0.0	0.0	0.0	0.0
18945	0.4941002949852507	0.5165562913907285	0.9511784511784511	0.0	1.0303030303030303	0.0	0.4247787610619469	0.0	0.0	11.681818181818182	2.1366459627329193	0.0	1.0548172757475083	3.6391554702495204	1.1815286624203822	0.0	0.0	10.740530303030303	6.972131147540984	0.8200589970501475	0.4085545722713864	2.2271386430678466	0.0	0.0
18946	0.0	2.831460674157303	0.4014732965009208	0.0	0.0	0.0	0.0	0.0	0.0	8.272727272727273	4.175925925925926	0.0	0.5193370165745856	0.0	0.6372007366482505	2.002028397565923	0.0	11.233050847457626	4.488151658767772	0.3683241252302026	0.0	0.0	1.149171270718232	0.0
18947	0.0	2.3234323432343236	0.1188118811881188	0.0	0.0	0.0	0.0	0.0	0.0	6.700854700854701	2.4917491749174916	0.0	0.0	0.0	0.0	0.0	0.0	16.875420875420875	10.138613861386139	2.419141914191419	0.33663366336633666	0.0	0.0	0.0
18948	0.0	2.263888888888889	1.0069444444444444	0.0	0.0	0.0	0.0	0.0	0.0	12.965	1.4583333333333333	1.6759259259259258	0.0	0.0	1.0694444444444444	0.0	0.0	6.881067961165049	7.944578313253012	0.0	0.0	0.0	0.5509259259259259	0.6990740740740741
18949	2.130111524163569	4.8919540229885055	1.1692307692307693	0.0	0.0	0.0	2.7344497607655502	0.0	0.6394557823129252	12.612903225806452	3.4837662337662336	0.48771929824561405	1.482394366197183	3.134948096885813	0.0	0.6653061224489796	0.7254237288135593	9.921630094043888	7.278947368421052	0.17467248908296942	1.6221079691516709	2.6666666666666665	0.8769230769230769	2.0906040268456376
18950	0.0	1.580683156654888	2.175268817204301	0.0	0.0	0.0	0.0	0.0	0.0	16.758024691358024	4.796296296296297	0.49032258064516127	0.5946236559139785	0.0	1.0036057692307692	0.0	0.0	7.390898483080513	3.93609865470852	0.0	0.0	0.0	0.0	0.0
18951	0.0	1.6091549295774648	0.4444444444444444	0.0	0.0	0.0	0.0	0.0	0.0	16.618973561430792	6.223247232472325	1.2637215528781793	0.0	0.0	2.5822959889349932	0.0	0.0	12.540229885057471	6.586490939044481	0.26907630522088355	0.0	0.0	2.360955056179775	0.0
18952	0.0	4.2631578947368425	2.671018276762402	0.0	0.0	0.0	0.0	0.0	0.0	12.830508474576272	5.860058309037901	0.0	0.0	0.0	1.6713615023474178	0.0	0.0	8.21356783919598	3.9655172413793105	0.0	0.0	0.0	1.3990610328638498	0.0
18953	0.0	2.092375366568915	3.871548619447779	0.0	0.30409356725146197	1.880701754385965	0.9450292397660819	0.0	0.0	10.767883211678832	3.349707602339181	0.2128654970760234	0.0	0.0	0.0	0.0	0.0	11.426900584795321	7.474789915966387	0.0	0.0	0.0	1.6269005847953217	0.0
18954	0.0	2.4404761904761907	1.0416666666666667	0.0	0.0	0.0	0.0	0.0	0.0	7.648148148148148	8.258503401360544	0.0	0.0	0.0	0.0	0.0	0.0	11.033149171270718	8.294392523364486	0.0	0.0	0.0	1.162037037037037	0.0
18955	0.2422062350119904	3.3645083932853717	0.0	0.0	0.0	0.0	0.0	0.0	0.0	11.610223642172524	1.7146282973621103	0.0	0.0	0.0	0.0	0.0	0.0	13.491606714628297	6.097345132743363	0.0	0.0	0.0	0.0	0.0
18956	0.0	4.419047619047619	1.5333333333333334	0.0	0.0	0.0	0.0	0.0	0.0	6.048543689320389	3.438202247191011	0.0	0.0	0.0	1.4761904761904763	0.0	0.0	21.704545454545453	4.199004975124378	0.0	0.0	0.0	2.219047619047619	0.36666666666666664
18957	0.0	0.0	1.1775700934579438	0.0	0.0	0.0	0.0	0.0	0.0	8.298319327731093	0.31683168316831684	0.8130841121495327	0.0	0.0	0.0	0.0	0.0	6.216949152542373	0.0	0.0	0.0	0.0	0.0	0.0
18958	0.0	0.0	0.0	0.0	1.2554112554112553	0.0	0.0	0.0	0.0	8.380281690140846	6.219047619047619	0.44155844155844154	0.0	0.0	0.0	0.0	0.0	5.428571428571429	0.8863636363636364	0.0	0.0	0.0	1.3333333333333333	0.0
18959	0.0	6.311258278145695	0.0	0.0	0.3722943722943723	0.0	0.0	0.0	0.0	11.91715976331361	5.857777777777778	0.0	0.0	0.0	0.10822510822510822	0.0	0.0	12.94	0.6363636363636364	0.0	0.0	1.111842105263158	0.3463203463203463	0.0
18960	0.0	0.7407108239095315	1.1946517412935322	0.0	0.0	0.0	0.0	0.0	0.024875621890547265	7.949838187702265	2.8794266441821246	0.0	0.0	0.0	0.0	0.0	0.09701492537313433	5.728604471858135	4.0963704630788484	0.40671641791044777	0.0	1.4384328358208955	2.14404609475032	0.0
18961	0.0	0.0	0.0	0.0	0.0	0.0	0.0	0.0	0.0	7.132890365448505	1.0392156862745099	0.0	0.0	0.0	1.2810457516339868	0.0	0.0	11.93939393939394	4.5	0.0	0.0	0.0	0.0	0.0
18962	0.0	1.7709750566893423	0.0	0.0	0.0	0.0	0.0	0.0	0.0	9.226720647773279	3.757309941520468	0.041666666666666664	0.0	0.0	1.8768115942028984	0.0	0.0	15.502	2.6120906801007555	0.0	0.0	0.0	0.0	0.0
18963	0.0	1.627906976744186	0.0	0.0	0.0	0.0	0.0	0.0	0.0	6.686746987951807	0.0	0.7751937984496124	0.0	0.0	0.0	0.0	0.0	9.253968253968255	9.65891472868217	1.193798449612403	0.0	0.0	0.0	0.0
18964	0.0	3.7644444444444445	0.0	0.0	0.0	0.0	0.0	0.0	0.0	9.169230769230769	2.4813186813186814	0.0	0.0	0.0	0.8789954337899544	0.0	0.0	4.943946188340807	4.088541666666667	0.0	0.0	1.0246913580246915	0.0	0.0
18965	0.0	1.2762762762762763	0.9309309309309309	0.0	0.0	0.0	0.0	0.0	0.0	9.866043613707165	2.3333333333333335	0.0	0.13813813813813813	0.40540540540540543	0.0	0.0	0.0	11.20703125	5.492647058823529	0.0	0.0	0.0	1.2361963190184049	0.0
18966	0.0	1.1233716475095785	1.0236460717009916	0.0	0.0	0.0	0.0	0.0	0.0	8.780788177339902	3.5228519195612433	0.0	0.0	0.0	1.0335621662852783	0.0	0.0	9.978988326848249	4.2900997697620875	0.475209763539283	0.0	0.0	0.0	0.0
18967	0.0	2.064	0.6947791164658634	0.0	0.14457831325301204	0.0	0.0	0.0	0.0	9.51643192488263	5.822085889570552	0.0	0.0	0.0	0.4685408299866131	0.0	0.0	9.766073871409029	2.4540059347181007	0.0	0.0	0.0	0.7657295850066934	0.0
18968	0.0	2.074626865671642	0.0	0.0	0.0	0.0	0.6069651741293532	0.0	0.0	6.994764397905759	1.7860696517412935	0.0	0.0	4.029850746268656	0.0	0.0	0.0	9.28930817610063	6.751351351351351	0.0	0.0	0.0	0.0	0.6368159203980099
18969	0.0	1.235387045813586	1.3285939968404423	0.0	0.0	0.0	0.0	0.0	0.0	10.475442043222005	2.9900662251655628	0.0	0.30963665086887837	0.27804107424960506	1.1090047393364928	0.0	0.0	9.339373970345964	1.1892430278884463	0.0	0.01579778830963665	0.0	1.146919431279621	0.9494097807757167
18970	0.0	0.0	0.0	0.0	0.0	0.0	0.0	0.0	0.0	7.163636363636364	4.161676646706587	0.0	0.0	1.5662650602409638	0.0	0.0	0.0	4.532934131736527	0.0	0.0	0.0	0.0	0.0	0.0
18971	0.1050228310502283	1.6155251141552511	1.4748858447488584	0.0	0.8027397260273973	0.38904109589041097	0.7743785850860421	0.0	0.0	5.977889447236181	1.9648473635522665	0.0	0.4694063926940639	0.891324200913242	2.0749746707193517	0.0	0.0	7.893374741200828	4.826046511627907	0.0	0.0	1.234703196347032	0.0	1.4940639269406393
18972	0.0	1.849846782431052	0.0	0.0	0.0	0.0	0.5768463073852296	0.0	0.0	11.840229885057472	4.952595936794582	0.0	0.0	0.0	0.0	0.0	0.0	8.162068965517241	6.243243243243243	0.0	0.0	0.0	0.0	0.0
18973	0.0	1.6018518518518519	0.0	0.0	0.9320987654320988	0.0	0.4228395061728395	0.0	0.0	4.9714285714285715	5.034825870646766	0.0	0.0	0.0	0.0	0.0	0.0	7.083333333333333	1.8006872852233677	0.0	0.0	0.0	0.7422839506172839	0.0
18974	0.0	0.0	1.0819672131147542	0.0	0.0	0.0	1.6721311475409837	0.0	0.0	7.43609022556391	0.0	0.0	0.0	0.0	0.0	0.0	0.0	5.923497267759563	4.017142857142857	0.0	0.0	0.0	0.0	0.0
18975	0.0	1.9565943238731218	0.9072463768115943	0.0	0.0	0.0	0.5289855072463768	0.0	0.0	17.814641744548286	2.9802197802197803	0.34202898550724636	0.057971014492753624	0.0	0.0	0.0	0.0	11.067768595041322	6.690048939641109	0.0	0.0	0.0	1.0753623188405796	0.0
18976	0.0	2.8540462427745665	0.0	0.0	0.0	0.0	0.0	0.0	0.0	13.004608294930875	3.980565371024735	0.0	0.0	0.0	1.9774964838255977	0.0	0.0	5.557291666666667	6.746008708272859	0.0	0.0	0.0	0.4247538677918425	0.0
18977	0.0	1.9125188536953244	0.0	0.0	0.0	0.0	0.0	0.0	0.0	13.681159420289855	2.435772357723577	0.0	0.0	0.0	1.250559284116331	0.0	0.0	8.71183800623053	3.657983193277311	0.0	0.0	0.0	1.4243102162565249	0.0
18978	0.0	2.9117341640706127	0.7202247191011236	0.0	0.3757396449704142	0.0	0.0	0.0	0.0	9.785714285714286	2.7264296754250386	0.8422090729783037	0.20710059171597633	0.0	0.7110453648915187	0.0	0.0	8.239917269906929	6.6054279749478075	0.0	0.0	0.0	0.0	0.40236686390532544
18979	0.0	2.323529411764706	1.25	0.0	0.0	0.0784313725490196	0.0	0.0	0.0	12.370098039215685	3.1004901960784315	0.25	0.0	0.9411764705882353	0.5196078431372549	0.0	0.0	10.186868686868687	8.096	0.0	0.0	1.0777777777777777	2.0441176470588234	0.0
18980	0.0	5.5426829268292686	2.3216374269005846	0.0	0.0	0.0	0.0	0.0	0.0	12.596491228070175	2.6842105263157894	0.0	0.0	0.0	0.0	0.0	0.0	13.652439024390244	5.925675675675675	0.0	0.0	0.12280701754385964	0.0	0.0
18981	0.0	1.9567198177676537	1.1778455284552845	0.0	0.0	0.0	0.8331242158092849	0.0	0.0	14.359470468431772	4.896296296296296	0.0	0.0	0.0	1.8060606060606061	0.0	0.0	5.037575757575757	3.775462962962963	0.0	0.0	0.0	1.2525252525252526	0.0
18982	0.0	2.2169312169312168	0.869281045751634	0.0	0.798941798941799	0.0	0.0	0.0	0.0	8.617283950617283	9.282051282051283	0.0	0.0	0.0	0.0	0.0	0.0	10.112637362637363	10.214285714285714	0.0	0.0	0.0	0.6243386243386243	0.0
18983	0.0	0.8217054263565892	0.0	0.0	0.0	0.0	0.0	0.0	0.0	0.9147286821705426	4.108527131782946	0.0	0.0	0.0	0.0	0.0	0.0	2.511627906976744	2.9767441860465116	0.0	0.0	1.9922480620155039	0.7984496124031008	0.0
18984	0.0	0.0	0.0	0.0	0.0	0.0	0.0	0.0	0.0	6.685258964143427	6.197115384615385	0.0	0.0	0.0	2.924731182795699	0.0	0.0	4.702508960573477	4.962085308056872	0.0	0.0	0.0	2.236559139784946	0.0
18985	0.0	1.8603696098562628	0.0	0.0	0.0	0.0	0.5696445725264169	0.0	0.0	11.082405345211582	2.0580720092915215	0.0	0.0	0.05763688760806916	0.8877665544332211	0.0	0.0	4.917327293318233	5.475624256837099	1.4818805093046032	0.0	0.425552353506244	1.5581171950048032	0.0
18986	0.0	3.3405336721728083	0.0	0.0	0.0	0.0	0.0	0.0	0.0	9.16506189821183	2.7735849056603774	0.0	0.0	0.0	0.5141451414514145	0.0	0.0	5.338842975206612	5.856729377713458	0.8019680196801968	0.0	0.0	0.8782287822878229	0.0
18987	0.0	1.4050772626931567	0.0	0.0	0.0	0.2787193973634652	0.0	0.0	0.0	5.198473282442748	3.7493917274939172	0.0	0.0	0.0	0.0	0.0	0.0	8.617755856966708	5.6847946725860155	0.9661016949152542	0.0	0.0	0.0	0.0
18988	0.0	3.696165191740413	0.0	0.0	0.0	0.0	0.0	0.0	0.0	13.125954198473282	7.134199134199134	0.5309734513274337	0.0	0.0	0.0	0.0	0.0	15.918604651162791	5.940972222222222	1.2654867256637168	0.0	0.0	0.0	0.0
18989	0.0	1.8865248226950355	0.8958333333333334	0.0	0.0	0.0	1.3614262560777959	0.07682291666666667	0.0	12.541226215644821	3.998402555910543	0.0	0.0	0.0	1.453125	0.0	0.0	5.11669658886894	5.013138686131387	0.7276923076923076	0.0	0.0	0.0	0.0
18990	0.0	0.0	0.0	0.0	0.0	0.0	0.0	0.0	0.0	10.234567901234568	3.5862913096695226	1.1666666666666667	0.8452722063037249	2.4718019257221457	0.9425287356321839	0.0	0.0	8.566339066339067	4.5630057803468205	0.0	0.0	0.0	0.0	0.0
18991	0.0	0.01282051282051282	1.314102564102564	0.0	0.0	0.0	0.0	0.0	0.0	7.888888888888889	1.6666666666666667	0.6666666666666666	2.1474358974358974	0.0	1.1282051282051282	0.0	0.0	11.596153846153847	6.505263157894737	0.0	0.0	0.0	0.0	0.0
18992	0.0	2.827488151658768	0.7861702127659574	0.0	0.0	0.0	0.0	0.0	0.0	9.28391959798995	2.725806451612903	0.0	0.0	0.0	0.9019417475728155	0.0	0.0	8.145993413830954	3.8704453441295548	0.0	0.0	0.0	0.5830985915492958	0.0
18993	0.0	0.0	0.0	0.0	0.0	0.0	0.0	0.0	0.0	8.771844660194175	4.7522012578616355	0.0	0.23270440251572327	0.0	0.8415094339622642	0.0	0.0	15.482206405693951	5.8845401174168295	0.0	0.0	0.0	1.0779874213836478	0.0
18994	0.0	0.0	0.867816091954023	0.7787356321839081	0.0	0.0	3.4417670682730925	0.0	0.0	7.956896551724138	5.4840182648401825	0.0	0.0	0.0	5.557471264367816	0.867816091954023	0.0	6.6092715231788075	2.3793103448275863	0.0	0.0	0.0	0.0	0.0
18995	0.0	2.011904761904762	0.0	0.0	0.0	0.0	0.0	0.0	0.0	8.85820895522388	0.0	0.0	1.1607142857142858	0.0	0.23809523809523808	0.0	0.0	7.535714285714286	13.543103448275861	0.0	0.0	0.0	1.4761904761904763	0.0
18996	0.0	0.7375886524822695	0.0	0.0	0.0	0.0	0.0	0.0	0.0	7.351156069364162	3.0594059405940595	0.0	0.0	0.0	0.6322188449848024	0.0	0.0	11.814814814814815	3.5233949945593035	0.0	0.0	0.0	0.9294377067254685	0.0
18997	0.0	1.8820754716981132	0.0	0.0	0.3946540880503145	0.0	0.0	0.0	0.0	6.014760147601476	1.8375912408759123	0.0	0.0	0.0	0.0	0.0	0.0	5.505434782608695	5.1891252955082745	0.0	0.0	0.0	0.940251572327044	0.0
18998	0.0	1.771604938271605	0.0	0.0	0.0	0.0	0.0	0.0	0.0	5.1171875	3.6358024691358026	0.0	1.2839506172839505	0.0	0.0	0.0	0.0	8.938271604938272	5.339506172839506	0.7469135802469136	0.0	0.0	0.030864197530864196	1.308641975308642
18999	0.0	0.0	0.08333333333333333	0.0	0.0	0.0	0.0	0.0	0.0	4.641833810888252	3.276150627615063	0.0	0.0	0.0	0.0	0.0	0.36054421768707484	10.894632206759443	5.424731182795699	0.21258503401360543	0.0	0.0	0.7806122448979592	0.12244897959183673
19000	0.0	1.579961464354528	1.2447013487475915	0.0	0.0	0.0	0.0	0.0	0.0	11.593181818181819	1.930635838150289	0.0	0.0	0.0	0.0	0.0	0.0	9.373469387755103	6.162094763092269	0.0	0.0	0.0	0.0	0.0
19001	0.0	1.4355231143552312	0.0	0.0	0.0	0.0	0.7007299270072993	0.0	0.0	6.518518518518518	4.458115183246074	0.0	0.0	0.6253041362530414	0.0	0.0	0.0	4.629032258064516	2.3887468030690537	0.0	0.0	0.0	0.0	0.0
19002	0.0	0.0	0.0	0.0	0.0	0.0	0.0	0.0	0.0	0.9105691056910569	0.0	0.0	0.0	0.0	0.0	0.0	0.0	4.978021978021978	0.0	0.0	0.0	0.0	0.0	0.0
19003	0.0	1.4709576138147566	0.2824858757062147	0.0	0.0	0.0	0.0	0.0	0.0	5.188311688311688	2.675799086757991	0.3305084745762712	0.0	0.0	0.6807909604519774	0.0	0.0	10.491197183098592	3.0099337748344372	0.0	0.0	0.6059322033898306	0.0	0.0
19004	0.0	1.546816479400749	0.7295597484276729	0.0	0.0	0.0	0.0	0.0	0.0	8.954716981132075	4.7839721254355405	0.0	0.0	0.0	0.41509433962264153	0.0	0.0	5.94980694980695	6.30188679245283	0.0	0.779874213836478	0.0	0.0	0.8238993710691824
19005	0.0	2.111111111111111	0.0	0.0	0.0	0.0	0.0	0.0	0.0	13.353383458646617	2.7036144578313253	0.0	0.0	0.0	0.0	0.0	0.0	9.176267281105991	3.7300275482093666	1.1717289719626167	0.0	0.0	0.0	0.0
19006	0.0	1.6106194690265487	0.0	0.0	0.0	0.0	0.0	0.0	0.0	4.347744360902255	3.3951612903225805	0.35398230088495575	0.5294985250737463	1.6651917404129795	1.3185840707964602	1.6403940886699508	0.0	7.251318101933216	1.9661319073083778	0.5776515151515151	0.4247787610619469	1.0044247787610618	0.0	0.0
19007	0.0	1.5743243243243243	0.0	0.0	0.0	0.0	0.0	0.0	0.0	13.072710103871577	2.0245283018867926	0.6462745098039215	0.0	0.0	0.9681238615664846	0.0	0.0	8.511335012594458	5.100543478260869	0.0	0.0	0.2376470588235294	0.0	0.0
19008	0.0	2.355855855855856	0.0	0.0	0.0	0.0	0.0	0.0	0.0	7.375699440447642	3.124900556881464	0.0	0.0	0.9112508735150244	0.556953179594689	0.0	0.1628232005590496	8.074228523769808	3.797123391370174	0.0	0.0	1.0668296658516707	0.0	0.0
19009	0.0	0.0	0.0	0.0	0.0	0.0	0.0	0.0	0.0	11.070631970260223	3.911111111111111	0.0	0.0	0.0	0.0	0.0	0.0	11.68904593639576	3.4634920634920636	1.4507936507936507	0.0	0.0	0.0	0.0
19010	0.0	2.1986607142857144	1.0771929824561404	0.0	0.0	0.0	0.0	0.0	0.0	8.02346570397112	2.0231729055258465	0.0	0.0	0.0	0.0	0.0	0.0	8.237704918032787	1.9157894736842105	0.0	0.0	2.2421052631578946	0.0	0.41754385964912283
19011	2.127659574468085	0.7598039215686274	1.9754901960784315	0.0	0.0	0.0	0.0	0.0	0.0	12.1875	3.7643097643097643	0.0	0.0	0.0	1.8627450980392157	0.0	0.0	5.742296918767507	4.170918367346939	0.0	0.0	1.4019607843137254	0.0	0.0
19012	0.8533333333333334	5.913461538461538	0.0	0.0	0.0	0.0	0.6222222222222222	0.0	0.0	7.222222222222222	3.04	0.0	0.0	0.0	0.6488888888888888	0.0	0.0	6.0093023255813955	4.191111111111111	0.9333333333333333	0.0	0.0	0.0	0.0
19013	0.0	0.0	0.0	0.0	0.0	0.0	0.0	0.0	0.0	2.977401129943503	0.0	0.0	0.0	0.0	0.0	0.0	0.0	5.182178217821782	0.0	0.0	0.0	0.0	0.0	0.0
19014	0.0	0.0	1.8584474885844748	0.0	0.0	0.0	0.0	0.0	0.0	5.832474226804123	2.047169811320755	0.0	1.1164383561643836	0.0	0.23059360730593606	0.0	0.0	5.264550264550264	1.1803652968036529	0.0	0.0	0.0	0.0	0.0
19015	0.0	1.668076109936575	0.0	0.0	0.0	0.0	0.0	0.0	0.0	7.134883720930232	1.79	1.13	0.0	0.0	1.8033333333333332	0.0	0.0	5.366171003717472	3.7616161616161614	0.8633333333333333	0.0	0.15833333333333333	0.9833333333333333	0.0
19016	0.0	2.0114320096269553	0.46882494004796166	0.0	0.0	0.0	0.9280575539568345	0.0	0.0	5.779177718832892	2.3776978417266186	0.0	0.0	0.42326139088729015	0.0	0.0	0.0	9.984931506849316	3.629861982434128	0.0	0.0	0.0	0.0	0.0
19017	0.0	0.0	0.0	0.0	0.0	0.0	0.0	0.0	0.0	2.400900900900901	0.0	0.0	0.0	0.0	0.0	0.0	0.0	3.223021582733813	0.0	0.0	0.0	0.0	0.0	0.0
19018	0.0	1.7675090252707581	0.0	0.0	0.0	0.0	0.0	0.0	0.0	13.305510534846029	3.866566716641679	0.8520027155465038	0.0	0.0	1.5218978102189782	0.0	0.0	13.26672171758877	4.7656012176560125	0.0	0.0	0.0	0.0	0.0
19019	0.0	1.8737373737373737	0.0	0.0	0.0	0.0	0.0	0.0	0.0	8.325732899022801	5.165191740412979	0.0	0.0	0.44191919191919193	0.0	0.5303030303030303	0.0	9.847826086956522	2.740625	0.0	0.0	0.8964646464646465	0.0	0.0
19020	0.0	3.060635226179018	0.0	0.0	0.0	0.0	0.0	0.0	0.0	10.108133971291865	1.490909090909091	0.0	0.0	0.0	0.0	0.0	0.0	8.51124744376278	3.225324027916251	0.0	0.0	0.15675165250236073	1.1520302171860246	0.0
19021	0.0	2.4177631578947367	0.0	0.0	0.0	0.0	1.2771535580524345	0.0	0.0	6.231117824773414	6.307807807807808	1.1510611735330836	0.0	0.0	0.5667915106117354	0.0	0.0	7.884864165588616	1.1907600596125187	0.0	0.0	0.0	0.0	0.0
19022	0.0	0.0	1.695364238410596	0.0	0.0	0.0	0.0	0.0	0.0	5.952879581151833	4.799126637554585	0.0	0.0	1.5922330097087378	0.0	0.0	0.0	7.043062200956938	4.858695652173913	2.220064724919094	0.0	0.8932038834951457	0.0	0.0
19023	0.0	0.0	0.36984126984126986	0.0	0.0	0.0	0.0	0.0	0.0	10.418655097613883	2.7792869269949065	0.0	0.0	0.0	1.8634920634920635	0.0	0.0	6.170068027210885	3.2769556025369977	0.353968253968254	0.0	0.1761904761904762	0.0	0.0
19024	0.0	0.0	0.0	0.0	0.0	0.0	0.0	0.0	0.0	5.418705035971223	3.833095577746077	0.618531889290012	0.0	0.0	0.35379061371841153	0.0	0.0	10.895705521472392	5.702490170380079	0.4981949458483754	0.0	0.0	0.8681159420289855	0.0
19025	0.0	1.4363894811656006	1.2316986496090974	0.0	0.0	0.0	0.5366027007818053	0.0	0.0	7.535232383808096	3.8853601859024014	0.36318407960199006	0.0	0.0	1.0149253731343284	0.0	0.0	10.905902480752781	3.8587213891081293	0.0	0.0	0.0	0.0	0.0
19026	0.0	1.9765936254980079	0.0	0.0	0.0	0.0	0.0	0.0	0.0	7.888695652173913	2.604033448106247	0.0	0.0	0.0	0.9477059694129255	0.0	0.0	9.414460285132384	3.8886709171162335	0.0	0.0	0.9245638849599246	0.0	0.0
19027	0.0	5.469387755102041	0.9706840390879479	0.0	0.0	0.0	0.0	0.0	0.0	7.410029498525073	5.040955631399317	0.0	0.0	0.0	0.0	0.0	0.0	10.777777777777779	5.524096385542169	0.0	0.0	0.0	0.0	0.0
19028	0.0	2.2790294627383014	0.8925750394944708	0.0	0.0	0.0	0.0	0.0	0.0	10.48340807174888	3.0479744136460556	0.0	0.0	0.0	0.5545023696682464	0.0	0.0	8.001044932079415	6.512302284710017	0.15955766192733017	0.0	0.0	0.0	0.0
19029	0.0	4.547892720306513	0.0	0.0	0.0	0.0	0.9235474006116208	0.0	0.0	9.244648318042813	4.758409785932722	0.0	0.0	0.0	0.5902140672782875	0.0	0.0	7.350340136054422	1.581039755351682	0.0	0.0	0.0	0.0	0.0
19030	0.0	1.4293381037567083	0.0	0.21212121212121213	0.0	0.0	0.0	0.0	0.0	8.789179104477611	4.962774957698816	0.0	0.0	0.0	1.6166666666666667	0.0	0.0	8.726134585289515	6.888059701492537	1.0349514563106796	0.0	0.0	2.4592933947772657	1.5314465408805031
19031	0.0	3.5034293552812072	0.0	0.0	0.0	0.0	0.26886145404663925	0.0	0.0	9.138709677419355	8.882352941176471	0.7791495198902606	0.0	0.0	0.0	0.0	0.0	11.10562414266118	5.550989345509893	0.13305898491083676	0.0	2.48559670781893	0.0	0.252400548696845
19032	0.0	1.9574468085106382	0.0	0.0	0.45768566493955093	0.0	0.0	0.0	0.0	13.11559633027523	1.1355140186915889	0.0	0.0	0.0	1.8307426597582037	0.0	0.0	11.096296296296297	5.406438631790745	0.0	0.0	0.0	0.0	0.0
19033	0.32261904761904764	2.317857142857143	2.104761904761905	0.0	0.0	0.0	0.0	0.0	0.0	7.547116736990155	3.3067292644757433	0.0	0.0	0.06666666666666667	0.0	0.0	0.0	7.8125	4.281567489114659	0.0	0.0	0.0	0.0	0.555952380952381
19034	0.0	0.0	0.0	0.0	0.0	0.0	0.8953488372093024	0.0	0.0	7.613043478260869	4.877593360995851	0.0	0.0	0.0	0.0	0.0	0.0	8.238372093023257	2.618217054263566	0.37209302325581395	0.0	0.0	0.24612403100775193	0.0
19035	0.0	0.0	0.0	0.0	0.0	0.0	0.0	0.0	0.0	7.1015625	0.0	0.0	0.0	0.0	0.0	0.0	0.0	5.666666666666667	0.0	0.0	0.0	0.0	0.0	0.0
19036	0.0	1.3557142857142856	0.0	0.0	0.0	0.0	0.0	0.0	0.0	4.754509018036072	1.5003700962250186	0.0	0.0	0.24691358024691357	0.696159122085048	0.0	0.0	4.685275080906149	1.6254325259515572	0.0	0.0	0.0	0.0	0.0
19037	0.0	0.0	0.0	0.0	0.0	0.0	0.0	0.0	0.0	2.6607142857142856	0.0	0.0	0.0	0.0	0.42857142857142855	0.0	0.0	4.853503184713376	1.3333333333333333	0.0	0.0	0.0	0.6428571428571429	0.0
19038	0.0	0.0	0.0	0.0	0.0	0.0	0.0	0.0	0.0	11.764705882352942	0.0	0.034482758620689655	0.0	0.0	0.23684210526315788	0.0	0.0	5.971264367816092	5.809248554913295	0.0	0.0	0.0	0.0	0.0
19039	0.0	0.0	0.0	0.0	0.0	0.0	0.0	0.0	0.0	2.504950495049505	1.0759075907590758	0.0	0.0	0.0	1.4422442244224423	0.0	0.0	6.432748538011696	4.857142857142857	0.0	0.0	0.0	0.0	0.0
19040	0.5333333333333333	0.64	0.0	0.0	0.0	0.0	0.0	0.0	0.0	3.1042471042471043	0.0	0.0	0.0	0.0	1.1466666666666667	0.0	0.0	4.306666666666667	3.973790322580645	0.0	0.0	0.0	0.0	0.0
19041	0.0	1.8387096774193548	0.0	0.0	0.0	0.0	0.0	0.0	0.0	3.3333333333333335	2.139784946236559	0.0	0.0	0.0	3.274193548387097	0.0	0.0	2.225806451612903	1.6021505376344085	0.0	0.0	0.0	0.0	0.6989247311827957
19042	0.0	2.808467741935484	0.0	0.0	0.0	0.0	0.0	0.0	0.0	7.602636534839925	5.043314500941619	0.0	0.0	0.0	1.9472693032015065	0.0	0.0	4.415132924335379	5.142857142857143	0.0	0.0	0.0	0.0	0.0
19043	0.0	2.4791029561671762	0.0	0.0	0.0	0.0	0.0	0.0	0.0	5.033550792171482	3.2579881656804734	0.0	0.0	0.0	1.6746900072939461	0.0	0.0	6.5429389312977095	6.629742033383915	0.0	0.0	0.037199124726477024	0.5222465353756383	0.14296134208606856
19044	0.0	2.012958963282937	0.2940613026819923	0.0	0.0	0.0	0.0	0.0	0.1053639846743295	10.756701030927836	1.821301775147929	0.4540229885057471	0.0	0.0	0.0	0.0	0.0	10.24334975369458	3.4722222222222223	0.0	0.0	0.0	0.5478927203065134	0.0
19045	0.0	1.0869815668202765	0.0	0.0	0.0	0.0	0.0	0.0	0.4130248500428449	10.599628425452856	2.811783960720131	0.0	0.0	1.2103684661525278	1.0177719982661466	0.0	0.0	6.639737991266376	4.464459161147903	0.0	0.0	0.7454637096774194	0.0	0.0
19046	0.0	3.700280112044818	0.5670391061452514	0.0	0.0	0.0	0.0	0.0	0.0	5.22289766970618	3.242669362992922	0.0	0.0	0.0	0.8981481481481481	0.0	0.0	10.273175542406312	2.1143790849673203	0.0	0.0	0.0	0.0	0.0
19047	0.0	0.94	0.0	0.0	0.0	0.0	0.0	0.0	0.0	9.642045454545455	0.5264623955431755	0.0	0.0	0.30113636363636365	0.8811659192825112	0.0	0.0	7.878464818763327	6.4771689497716896	0.6534090909090909	0.08712121212121213	0.0	0.0	0.0
19048	0.09075907590759076	1.8047229791099	0.0	0.0	0.0	0.0	0.0	0.0	0.0	7.82659478885894	3.9452590420332356	0.0	0.19636963696369636	0.0	1.2343234323432344	0.0	0.0	9.923954372623575	3.9304865938430984	0.2739273927392739	0.0	0.0	0.6493212669683258	0.5016501650165016
19049	0.0	0.49019607843137253	0.0	0.0	0.0	0.0	0.0	0.0	0.0	12.597826086956522	1.5450980392156863	2.2666666666666666	0.0	2.149019607843137	0.0	0.0	0.0	9.211822660098521	3.1941176470588237	0.22745098039215686	0.0	1.384313725490196	0.8705882352941177	0.0
19050	0.0	2.089041095890411	0.6172193135543921	0.0	0.0	0.0	0.8621291448516579	0.0	0.0	16.372623574144487	3.513670738801629	0.0	0.8520027155465038	0.0	0.9601013299556681	0.0	0.0	8.55824039653036	5.936698717948718	0.0	0.0	0.6311111111111111	0.0	0.0
19051	0.0	3.3143631436314362	0.0	0.0	0.0	0.0	0.0	0.0	0.0	11.644444444444444	3.861189801699717	0.2222222222222222	0.9159891598915989	0.0	3.3902439024390243	0.0	0.0	11.2	3.769647696476965	0.8644986449864499	0.0	1.630188679245283	0.0	0.0
19052	2.8812260536398466	0.0	0.0	0.0	0.0	2.6973180076628354	0.0	0.0	0.0	17.29230769230769	4.003831417624521	0.0	0.0	3.4390243902439024	0.0	0.6529411764705882	0.0	8.375478927203066	3.888888888888889	0.0	0.0	9.357954545454545	0.23754789272030652	0.0
19053	0.0	1.4419540229885057	0.0	0.0	0.0	0.6386506575185821	0.0	0.0	0.0	13.323471400394478	3.919891378139851	0.0	0.0	1.5974842767295598	0.0	0.0	0.0	12.16551290119572	4.966325917017438	0.0	0.0	1.0909090909090908	0.6312178387650086	0.0
19054	0.6232464929859719	2.351152073732719	0.9327014218009478	0.0	0.0	0.0	0.0	0.0	0.0	12.594217347956132	2.3745283018867926	1.082680591818973	0.8424717145343777	1.6993464052287581	1.484769364664926	1.3785900783289817	0.4012184508268059	9.3388671875	6.034674063800278	0.70199370409234	0.0	2.2991803278688523	0.7241079199303743	0.7885117493472585
19055	0.0	1.815909090909091	0.6285714285714286	0.0	0.0	0.0	0.0	0.0	0.0	16.094412331406552	3.791762013729977	0.0	0.44571428571428573	0.14476190476190476	2.1714285714285713	0.0	0.0	6.769470404984424	4.400584795321637	0.0	0.0	0.0	0.7885714285714286	0.8590476190476191
19056	0.0	2.1077235772357725	0.0	0.0	0.40040650406504064	0.0	0.0	0.0	0.0	9.555555555555555	5.016260162601626	0.0	0.0	0.0	3.1475	0.0	0.0	11.013986013986013	7.341463414634147	0.3983739837398374	0.741869918699187	0.0	0.0	0.0
19057	0.0	1.9601706970128023	0.7393483709273183	0.2719298245614035	0.0	0.0	1.0731707317073171	0.0	0.0	14.41399607586658	3.900096061479347	0.09210526315789473	0.0	0.0	1.130952380952381	1.012531328320802	0.0	7.467877094972067	5.783163265306122	0.0	0.0	1.9417293233082706	0.0	0.0
19058	0.0	1.7555555555555555	0.0	0.0	0.0	0.0	0.0	0.0	0.0	6.04	0.9146341463414634	1.7	0.9666666666666667	0.0	0.0	0.0	0.0	8.718390804597702	10.363128491620111	0.0	0.0	0.0	0.9111111111111111	0.0
19059	0.0	2.5757575757575757	0.6944444444444444	0.0	0.0	0.0	2.2176870748299318	0.0	0.0	19.73469387755102	1.8231292517006803	0.0	0.0	1.91156462585034	0.0	0.0	0.0	17.532967032967033	7.317991631799163	0.0	0.7482993197278912	0.0	0.0	0.0
19060	2.9753694581280787	6.7287234042553195	0.0	0.0	0.0	0.0	0.47619047619047616	0.0	0.0	17.91479820627803	4.892018779342723	0.0	1.6017316017316017	0.0	1.7359307359307359	0.0	0.0	14.155844155844155	0.6744186046511628	0.0	0.0	1.7012987012987013	0.0	0.0
19061	0.0	2.057392996108949	0.0	0.0	0.0	0.0	0.0	0.0	0.0	9.783080260303688	1.3171296296296295	0.0	0.0	0.0	0.0	0.0	0.0	9.424116424116423	3.4333683105981114	1.0873873873873874	0.0	1.624413145539906	0.0	0.0
19062	0.0	2.807894736842105	0.0	0.0	0.0	0.0	0.0	0.0	0.10350877192982456	13.919335705812575	2.3437849944008957	0.0	0.0	0.0	0.0	0.0	0.0	7.623853211009174	7.910125142207053	0.0	0.0	1.1070175438596492	0.0	0.0
19063	0.0	0.0	0.0	0.0	0.0	0.0	0.0	0.0	0.0	10.042372881355933	1.6886446886446886	0.0	2.2106227106227108	0.0	0.0	0.0	0.0	8.204841713221601	1.9853479853479854	0.0	0.0	0.0	0.0	0.0
19064	0.0	0.8085642317380353	0.9622222222222222	0.0	0.0	0.0	0.0	0.0	0.0	8.001838235294118	2.9460825610783488	0.0	0.29185185185185186	0.0	0.0	0.0	0.0	7.789685737308622	4.02279792746114	0.0	0.0	0.0	0.0	1.2266666666666666
19065	0.0	0.0	0.8549019607843137	0.0	0.3281045751633987	0.0	0.0	0.0	0.0	4.417771883289125	1.8366336633663367	0.0	0.7712418300653595	0.40261437908496733	0.0	0.0	0.0	7.457466918714556	1.0357142857142858	0.0	0.07712418300653595	0.0	0.0	0.0
19066	0.0	0.0	0.5619047619047619	0.0	0.28095238095238095	0.0	1.7428571428571429	0.0	0.0	10.397619047619047	6.0754716981132075	0.719047619047619	0.6190476190476191	1.973809523809524	0.0	0.0	0.0	10.29940119760479	2.3114355231143553	0.08571428571428572	0.0	0.0	0.0	0.0
19067	0.0	3.003584229390681	0.0	0.0	0.0	0.0	0.0	0.0	0.0	7.578947368421052	4.934782608695652	1.6700680272108843	0.0	1.534013605442177	1.4591836734693877	0.0	0.0	6.440944881889764	2.251700680272109	0.0	0.0	0.0	0.0	0.36054421768707484
19068	0.0	1.2774451097804391	0.7564870259481038	0.0	0.0	0.0	0.0	0.0	0.0	4.9373650107991365	2.2035175879396984	0.0	0.0	0.0	0.0	0.0	0.0	5.115492957746479	6.0733496332518335	0.0	0.0	0.0	0.0	0.0
19069	0.0	0.0	0.0	0.0	0.0	0.0	0.0	0.0	0.0	4.506172839506172	0.0	0.0	0.0	0.0	0.0	0.0	0.0	4.291139240506329	0.0	1.0	0.0	0.0	0.0	0.0
19070	0.0	0.0	0.0	0.0	0.0	0.0	0.0	0.0	0.0	3.9065420560747666	1.1401869158878504	0.0	0.0	0.0	0.0	0.0	0.0	6.555045871559633	1.8566978193146417	0.0	0.0	0.0	0.0	0.0
19071	0.0	0.0	0.0	0.0	0.0	0.0	0.0	0.0	0.0	5.96	1.7183462532299743	1.2403100775193798	0.0	0.14470284237726097	0.8010335917312662	0.0	0.0	8.779874213836479	2.9612403100775193	0.0	0.0	0.0	0.8423772609819121	0.0
19072	0.0	0.0	0.0	0.0	0.0	0.0	0.0	0.0	0.0	2.767195767195767	5.507936507936508	0.010582010582010581	0.0	1.3333333333333333	1.1216931216931216	0.0	0.0	7.677248677248677	2.142857142857143	0.0	0.0	0.0	0.0	0.0
19073	0.0	0.0	0.0	0.0	0.0	0.0	0.0	0.0	0.0	4.287719298245614	1.729559748427673	0.0	0.0	0.0	0.0	0.0	0.0	7.031446540880503	0.0	0.949685534591195	0.0	0.0	1.1446540880503144	0.0
19074	0.0	1.8821362799263353	0.0	0.0	0.0	0.0	0.0	0.0	0.0	7.977459016393443	1.5790816326530612	0.0	0.0	0.0	2.0	0.0	0.0	8.58125	6.813207547169811	0.0	0.0	0.0	0.0	0.0
19075	0.0	1.332437275985663	0.0	0.0	0.0	0.0	0.8279569892473119	0.0	0.0	5.688356164383562	2.168986083499006	0.23655913978494625	0.5313620071684588	0.0	0.0	0.0	0.0	4.9622448979591836	4.563685636856369	0.0	0.0	0.0	2.2729007633587788	0.0
19076	0.0	1.6915254237288135	0.0	0.0	0.0	0.0	0.0	0.0	0.0	8.7508038585209	0.7985803016858918	0.0	0.0	0.0	0.0	0.0	0.0	6.978169605373636	6.574626865671642	0.0	0.0	0.1228813559322034	1.1720430107526882	0.0
19077	0.0	0.0	0.0	0.0	0.0	0.0	0.0	0.0	0.0	2.5	0.0	0.0	0.0	0.0	0.0	0.0	0.0	3.533333333333333	0.0	0.0	0.0	0.0	0.0	0.0
19078	0.0	1.9988109393579072	1.276470588235294	0.0	1.6435045317220545	0.0	0.0	0.0	0.0	7.678571428571429	4.678997613365155	0.0	0.0	4.047235023041475	0.0	2.5780022446689115	0.0	11.20545073375262	6.254783484390735	0.0	0.0	7.113207547169812	0.0	0.0
19079	0.0	4.180952380952381	1.619047619047619	0.0	0.0	1.7809523809523808	0.0	0.0	0.0	7.505154639175258	2.7714285714285714	0.0	0.0	0.0	0.0	0.0	0.0	20.476190476190474	2.8857142857142857	0.0	0.0	0.0	0.0	0.0
19080	0.0	3.0883534136546187	1.285140562248996	0.0	0.0	0.14056224899598393	0.04819277108433735	0.0	0.0	15.214285714285714	7.994736842105263	0.0	0.0	0.0	0.0	0.0	0.0	15.65	2.5125	0.0	0.0	0.0	0.0	0.0
19081	0.0	2.7375328083989503	0.0	0.0	0.0	0.0	0.0	0.0	0.0	13.532488114104597	3.1946308724832213	0.0	0.2992125984251969	0.1968503937007874	0.7695652173913043	0.0	0.0	11.917667238421956	4.683385579937304	0.14435695538057744	0.0	0.0	0.0	0.0
19082	0.0	1.132387706855792	1.5224586288416075	0.9881796690307328	0.0	0.4231678486997636	0.5793269230769231	0.0	0.0	7.96986301369863	7.592592592592593	0.0	0.0	0.0	1.6524822695035462	0.0	0.0	12.961432506887052	3.5386533665835413	0.0	0.0	1.049645390070922	0.0	0.0
19083	0.0	0.0	0.0	0.0	0.0	0.0	0.4861111111111111	0.0	0.18055555555555555	1.8828125	3.3411764705882354	0.0	0.0	0.0	0.0	0.0	0.0	3.4791666666666665	1.6736111111111112	0.0	0.0	0.0	0.0	0.0
19084	0.0	4.028301886792453	0.0	0.0	0.0	0.0	0.0	0.0	0.0	7.497093023255814	1.4957264957264957	2.866096866096866	0.0	0.0	0.0	0.0	0.0	4.740061162079511	5.628787878787879	0.0	0.0	0.0	0.0	0.0
19085	0.0	0.2510822510822511	0.8701298701298701	0.0	0.0	0.0	0.37662337662337664	0.0	0.0	14.83982683982684	4.285714285714286	0.0	1.748917748917749	0.0	0.0	0.0	0.0	11.792207792207792	3.645021645021645	0.2597402597402597	0.0	0.0	1.6277056277056277	0.0
19086	0.0	0.0	0.302158273381295	0.0	1.3764988009592327	0.0	0.0	0.0	0.0	9.002710027100271	7.387640449438202	0.3069544364508393	0.0	0.0	0.0	0.0	0.0	12.578488372093023	3.2441471571906355	0.0	0.0	0.0	0.0	0.0
19087	0.0	0.8134517766497462	0.0	0.2349869451697128	0.0	0.0	0.0	0.0	0.0	12.700546448087431	3.7224264705882355	0.9772329246935202	0.4395126196692776	0.0	0.577893820713664	0.0	0.0	7.794589178356714	5.6721789883268485	0.0	0.0	0.0	0.0	0.0
19088	0.0	3.4857142857142858	0.0	0.0	0.0	0.0	0.0	0.47619047619047616	0.0	12.578947368421053	1.0285714285714285	0.0	0.0	0.0	1.0666666666666667	0.0	0.0	5.829545454545454	8.529411764705882	0.0	0.0	0.0	0.0	0.0
19089	0.0	2.4563492063492065	0.0	0.0	0.0	0.0	0.0	0.0	0.0	5.949886104783599	7.259803921568627	0.9503968253968254	0.0	0.0	0.5912698412698413	0.0	0.0	11.481481481481481	2.8652694610778444	0.772609819121447	0.0	0.0	0.0	0.0
19090	0.0	3.723384030418251	0.0	0.0	0.0	0.0	0.0	0.0	0.0	13.176767676767676	2.007077856420627	0.0	0.0	0.0	2.0732797140303845	0.0	0.0	8.183136899365367	5.1408308004052685	0.0	0.0	0.0	2.0	0.0
19091	0.0	0.0	0.0	0.0	0.0	0.0	0.0	0.0	0.0	8.248826291079812	5.305555555555555	1.3703703703703705	0.0	0.0	0.0	0.0	0.0	12.529411764705882	1.9953703703703705	0.0	0.0	0.0	0.0	0.0
19092	0.0	0.847887323943662	0.0	0.0	0.0	0.0	0.0	0.0	0.0	2.9107692307692306	5.0	0.0	0.0	0.0	0.0	0.0	0.0	13.060377358490566	6.494296577946768	0.0	0.0	0.0	0.0	0.0
19093	0.0	4.245	0.0	0.0	0.0	0.0	3.253731343283582	0.0	0.0	8.94308943089431	2.761421319796954	0.0	0.0	0.0	2.3495934959349594	0.0	0.0	6.211711711711712	2.7195121951219514	0.15040650406504066	0.0	0.0	0.9105691056910569	0.0
19094	0.0	0.0	0.0	0.0	1.596774193548387	0.0	0.0	0.0	0.0	6.360902255639098	1.3118279569892473	0.0	0.0	0.0	1.7741935483870968	0.0	0.0	8.209677419354838	6.5030674846625764	0.0	0.0	0.0	0.0	0.0
19095	0.0	3.387596899224806	0.10077519379844961	0.0	0.0	0.0	1.4573643410852712	0.0	0.0	7.037974683544304	0.0	2.007751937984496	0.0	0.0	0.1937984496124031	0.0	0.0	12.337209302325581	4.88421052631579	0.9069767441860465	0.0	0.4728682170542636	0.0	0.0
19096	0.0	0.0	1.1768388106416277	0.0	0.0	0.0	0.7167449139280125	0.0	0.0	3.998181818181818	2.694267515923567	0.0	0.0	0.0	0.6165884194053208	0.0	0.0	7.580594679186229	0.863849765258216	0.0	0.0	0.0	0.0	0.0
19097	0.0	1.1833333333333333	0.0	0.0	0.0	0.0	0.0	0.0	0.0	7.464	2.4742268041237114	0.0	0.0	0.0	0.6701030927835051	0.0	0.0	10.03639514731369	1.2707838479809976	0.0	0.0	0.0	0.0	0.0
19098	0.0	2.2428355957767723	0.0	0.0	0.3231441048034934	0.0	0.2765647743813683	0.0	0.0	7.037643207855973	5.318181818181818	0.462882096069869	0.0	0.0	0.0	0.0	0.0	4.084126984126984	4.203313253012048	0.0	0.0	0.0	0.8893740902474527	0.0
19099	0.0	0.9645669291338582	0.0	0.0	0.0	0.0	0.0	0.0	0.0	4.80672268907563	0.8151260504201681	0.0	0.0	0.0	0.0	0.0	0.0	3.484593837535014	0.9483282674772037	0.0	0.0	0.0	0.0	0.0
19100	0.0	0.0	0.0	0.0	0.0	0.0	0.8841893252769386	0.0	0.0	10.284414106939705	2.0564853556485354	0.0	0.0	0.0	0.0	0.0	0.0	7.516724336793541	2.6438775510204082	0.0	0.0	0.0	0.0	0.0
19101	0.0	3.244131455399061	0.0	0.0	0.0	0.0	0.0	0.0	0.0	10.075117370892018	8.841807909604519	0.0	0.0	0.0	0.8113207547169812	0.0	0.0	6.647435897435898	1.3396226415094339	0.0	0.0	0.0	0.0	0.0
19102	0.0	2.4382632293080055	0.0	0.0	0.0	0.0	0.0	0.0	0.0	9.272184936614467	2.53525641025641	0.0	0.0	0.0	1.4166666666666667	0.0	0.0	8.825409197194077	2.9347000759301443	0.0	0.0	0.0	0.0	0.0
19103	0.0	1.7642276422764227	0.6829268292682927	0.0	0.0	0.0	0.0	0.0	0.0	6.715909090909091	5.479674796747967	0.0	0.5853658536585366	1.0975609756097562	0.0	0.0	0.0	8.105691056910569	7.902439024390244	1.0	0.0	0.34959349593495936	2.138211382113821	0.0
19104	0.0	1.4259597806215722	0.0	0.0	1.5778985507246377	0.0	0.0	0.0	0.0	2.4694835680751175	2.220779220779221	0.0	0.0	0.0	1.1382113821138211	0.0	0.0	3.8276422764227642	2.6466666666666665	0.0	0.0	2.877016129032258	0.816260162601626	0.0
19105	0.0	1.9661016949152543	0.5028248587570622	0.0	0.0	0.0	0.0	0.0	0.0	5.72316384180791	3.15819209039548	0.0	0.0	0.0	1.152542372881356	0.0	0.0	7.976047904191617	3.0787878787878786	0.2711864406779661	0.0	1.0451977401129944	0.0	0.615819209039548
19106	0.0	1.648096564531105	0.0	0.0	0.0	0.0	0.2754686226568867	0.0	0.07579462102689487	12.791421362489487	4.171209540034072	0.0	0.0	0.0	0.0	0.0	0.0	7.972098214285714	8.153773584905661	0.0	0.0	0.0	0.9524229074889868	0.39771801140994295
19107	0.0	0.0	0.0	0.0	0.0	0.0	0.9799635701275046	0.0	0.0	16.058479532163744	2.2264875239923225	0.0	0.0	0.0	0.9607843137254902	0.0	0.0	10.55688622754491	2.914389799635701	0.0	0.0	0.0	1.7395264116575593	0.0
19108	0.0	0.0	0.0	0.0	0.0	0.0	1.1688311688311688	0.0	0.0	12.544943820224718	2.2337662337662336	0.0	1.619047619047619	0.7965367965367965	0.9004329004329005	0.0	0.0	9.88479262672811	4.010471204188482	0.0	0.0	0.0	0.0	0.9264069264069265
19109	0.0	2.0286103542234333	0.0	0.12437810945273632	0.0	0.0	0.0	0.0	0.0	12.11756373937677	4.068265682656826	0.8930348258706468	0.03731343283582089	0.19402985074626866	0.0	0.0	0.0	15.163558106169297	6.804263565891473	0.31343283582089554	0.0	0.75	3.330605564648118	0.0
19110	0.0	1.268162393162393	0.0	0.0	0.0	0.0	0.0	0.0	0.0	6.817330210772834	2.9528178243774574	0.0	0.5790598290598291	0.0	0.32264957264957267	0.0	0.0	7.278439869989166	2.7334152334152333	0.0	0.0	0.0	0.0	0.0
19111	1.1166666666666667	2.05	0.0	0.0	0.0	0.0	0.0	0.0	0.0	5.7073170731707314	5.928774928774929	0.6944444444444444	0.0	0.0	3.688888888888889	0.0	0.0	7.412256267409471	6.812849162011173	0.0	0.0	1.1333333333333333	0.0	0.0
19112	0.0	3.5863095238095237	0.0	0.0	0.0	0.0	0.0	0.0	0.0	7.933962264150943	2.746376811594203	1.9855072463768115	0.0	0.0	1.9244935543278086	0.0	0.0	6.75	2.21978021978022	0.0	0.0	0.0	0.0	0.0
19113	0.0	1.7609375	0.0	0.0	0.0	0.0	0.0	0.0	0.0	11.079528718703976	2.9682539682539684	0.0	0.0	0.0	0.0	0.0	0.0	11.270833333333334	2.795066413662239	0.5512265512265512	0.0	0.0	0.0	0.0
19114	0.0	5.376744186046512	0.0	0.0	0.0	0.0	0.0	0.1564245810055866	0.0	10.964	2.0409683426443204	0.0	0.0	0.0	1.4376163873370578	0.0	0.0	13.065656565656566	5.3893129770992365	0.0	0.0	0.0	0.0	0.0
19115	0.0	1.8829516539440203	0.0	0.0	0.0	0.0	0.0	0.0	0.0	12.142493638676845	1.6284987277353689	0.7684478371501272	0.0	0.0	0.55470737913486	0.0	0.0	4.282392026578073	1.8549618320610688	0.7201017811704835	0.0	0.5623409669211196	2.519083969465649	0.0
19116	0.0	1.0625	0.0	0.0	0.0	0.0	0.0	0.0	0.0	9.469287469287469	2.4313725490196076	0.25098039215686274	0.0	0.0	2.307875894988067	0.0	0.0	8.046961325966851	2.3885480572597135	0.0	0.0	0.0	0.0	0.0
19117	0.0	1.078459343794579	0.0	0.0	0.0	0.0	0.0	0.0	0.0	6.260135135135135	4.131578947368421	0.0	0.0	0.0	0.7333333333333333	0.0	0.0	6.994211287988422	6.23943661971831	0.0	0.0	0.0	0.0	0.0
19118	0.0	1.9485294117647058	0.0	0.0	0.0	0.0	0.0	0.0	0.0	4.840686274509804	0.6495098039215687	1.0269607843137254	0.0	0.0	0.0	0.0	0.0	6.022038567493113	0.0	0.0	0.0	0.0	0.0	0.0
19119	0.0	1.2367816091954023	0.0	0.0	0.0	1.328735632183908	0.0	0.0	0.0	7.748587570621469	2.089171974522293	0.0	0.23448275862068965	0.0	0.0	0.8735632183908046	0.0	6.62379421221865	2.9402298850574713	0.7264367816091954	0.0	0.9655172413793104	0.0	0.0
19120	0.0	0.0	0.0	0.0	0.0	0.0	0.05105105105105105	0.0	0.0	9.798761609907121	2.9552845528455283	0.0	0.0	0.0	0.0	0.0	0.0	1.9876543209876543	1.6996996996996998	0.0	0.0	0.4744744744744745	0.0	0.0
19121	0.0	1.0115830115830116	2.234848484848485	0.0	0.0	0.0	0.6515151515151515	0.0	0.0	4.325757575757576	3.3852813852813854	0.0	0.0	0.0	0.0	0.0	0.0	10.142857142857142	3.6640625	0.4431818181818182	0.0	0.0	0.0	0.0
19122	0.0	0.0	0.0	0.8695652173913043	0.0	0.0	0.0	0.0	0.0	2.42512077294686	8.277777777777779	0.0	0.0	0.9178743961352657	0.0	0.0	0.0	12.05732484076433	1.2560386473429952	0.0	0.0	0.0	0.0	0.0
19123	0.0	0.42276422764227645	0.0	0.0	0.0	0.0	0.6897018970189702	0.0	0.0	11.967845659163988	3.903703703703704	0.0	0.0	0.15447154471544716	0.0	0.0	0.0	9.465346534653465	3.3858520900321545	0.0	0.0	0.8184281842818428	0.0	0.0
19124	0.0	2.5811965811965814	0.0	0.0	0.0	0.0	0.0	0.0	0.0	14.168776371308017	3.202279202279202	0.0	0.0	0.0	0.06837606837606838	0.0	0.0	9.920227920227921	1.1254752851711027	0.0	0.0	0.0	0.0	0.0
19125	0.0	1.1717171717171717	0.0	0.0	0.0	0.0	0.0	0.0	0.0	9.23499142367067	1.3677758318739055	0.0	0.0	0.0	0.0	0.0	0.0	8.968609865470851	2.6661631419939575	0.0	0.0	0.0	0.0	0.0
19126	0.0	2.019607843137255	0.0	0.0	0.0	0.0	0.0	0.0	0.0	13.15529411764706	3.6101083032490973	0.0	0.3298429319371728	0.0	0.4118673647469459	0.0	0.0	8.548133595284872	5.4153577661431065	0.0	0.0	0.0	0.0	0.0
19127	0.0	4.027397260273973	1.3270440251572326	0.7192982456140351	2.235294117647059	0.0	2.148936170212766	0.5852713178294574	0.0	20.676470588235293	3.7094594594594597	0.8937093275488069	1.3503325942350333	9.12015503875969	2.393410852713178	3.9570815450643777	1.0116279069767442	12.242553191489362	4.765807962529274	0.0	0.0	12.081395348837209	0.0	0.0
19128	0.0	4.525	0.0	0.0	0.0	0.0	0.0	0.0	0.0	9.68421052631579	1.875	0.30833333333333335	0.9583333333333334	0.0	2.9166666666666665	0.0	0.0	6.858333333333333	6.423423423423423	0.0	0.0	0.0	0.0	0.0
19129	0.0	0.0	1.126984126984127	0.0	0.0	0.0	0.0	0.0	0.0	5.392857142857143	4.28169014084507	0.0	0.0	0.0	0.015873015873015872	0.0	0.0	7.808743169398907	5.587301587301587	0.0	0.0	0.0	0.0	0.0
19130	0.0	2.911242603550296	0.0	0.0	0.0	0.0	0.0	0.0	0.0	9.377793799567412	3.0312712440516654	0.0	0.3594306049822064	0.011269276393831554	1.8432563791008505	0.0	0.0	9.51526717557252	6.8791722296395195	0.34104389086595494	0.0	0.0	0.7075919335705813	0.0
19131	0.0	0.0	0.0	0.0	0.0	0.0	0.0	0.0	0.0	1.0167597765363128	0.0	0.0	0.0	2.6666666666666665	0.0	0.0	0.0	0.0	1.1991150442477876	0.0	0.0	1.313953488372093	0.0	0.0
19132	0.0	1.4470924690181124	0.0	0.0	0.0	0.0	0.0	0.0	0.0	8.961467889908256	3.742493175614195	0.0	0.0	0.0	0.0	0.0	0.0	8.843373493975903	3.1560283687943262	0.0	0.0	0.0	0.43832020997375326	0.0
19133	0.0	3.056179775280899	0.7715355805243446	0.0	0.0	0.0	0.09363295880149813	0.0	0.0	7.329588014981273	2.89922480620155	0.0	0.0	0.0	0.0	0.0	0.0	5.142322097378277	2.9363295880149813	0.0	0.0	0.0	0.0749063670411985	0.09363295880149813
19134	0.0	3.025948103792415	0.0	0.0	0.0	0.0	0.0	0.0	0.0	7.278065630397236	5.583765112262522	1.1088082901554404	0.0	0.0	1.535405872193437	0.0	0.0	5.662576687116564	4.752136752136752	0.0	0.0	0.0	0.0	0.0
19135	0.0	1.390990990990991	2.245250431778929	0.0	0.0	0.0	0.0	0.0	0.0	6.328151986183074	9.174291938997822	0.0	0.0	0.0	0.0	0.0	0.25734024179620035	8.149193548387096	0.9484902309058615	0.0	0.0	0.0	0.0	0.0
19136	0.0	1.7765451664025356	0.40245261984392416	0.0	0.0	0.0	0.0	0.0	0.0	7.859375	1.080267558528428	0.0	0.0	0.0	0.0	0.0	0.0	8.833119383825418	2.725465838509317	0.0	0.0	0.3032329988851728	0.43701226309921964	0.0
19137	0.0	0.0	1.1981981981981982	0.0	0.0	0.0	0.0	0.0	0.0	1.8785046728971964	2.5525525525525525	1.2042042042042043	0.09009009009009009	0.0	0.5285285285285285	0.0	0.0	5.006006006006006	2.347985347985348	0.0	0.0	0.0	0.0	0.0
19138	0.0	0.0	0.0	0.0	0.0	0.0	0.0	0.0	0.0	3.8518518518518516	1.2469135802469136	0.0	0.0	0.0	0.0	0.0	0.0	2.432098765432099	0.0	0.0	0.0	0.0	0.0	0.0
19139	0.0	1.570921985815603	1.0230607966457024	0.0	0.0	0.0	0.0	0.0	0.0	9.634920634920634	2.7701492537313435	0.0	0.6037735849056604	0.9182389937106918	0.0	0.0	0.0	9.558011049723756	3.188679245283019	0.0	0.0	1.1483050847457628	0.0	0.0
19140	0.0	0.0	0.0	0.0	0.0	0.0	0.0	0.0	0.0	7.6923076923076925	2.75	0.0	0.0	0.0	0.0	0.0	0.0	10.955555555555556	0.0	0.0	0.0	0.0	0.0	0.0
19141	0.0	3.289617486338798	0.0	0.0	0.0	0.0	0.03278688524590164	0.6557377049180327	0.0	3.4918032786885247	2.2950819672131146	0.0	2.1420765027322406	0.0	1.169398907103825	0.0	0.0	10.08	2.8552631578947367	1.3333333333333333	0.5027322404371585	0.6557377049180327	0.0	0.0
19142	0.0	4.055908513341804	0.8135593220338984	0.3150684931506849	0.0	0.0	0.5810502283105022	0.0	0.0	11.174657534246576	3.096100278551532	0.0	0.0	1.0273972602739727	0.0	0.0	0.0	5.830721003134796	4.327228327228327	0.0	0.0	0.0	1.6529680365296804	1.0456621004566211
19143	0.0	2.2956521739130435	0.0	0.0	0.2523809523809524	0.0	1.2142857142857142	0.0	0.0	10.15079365079365	4.391143911439114	0.7428571428571429	0.0	0.0	0.0	0.0	0.0	7.298288508557457	4.8853333333333335	0.18095238095238095	0.0	0.05714285714285714	0.0	0.0
19144	0.0	1.0742753623188406	0.0	0.0	0.0	0.0	1.9387755102040816	0.0	0.0	9.881763527054108	5.021484375	0.0	0.0	0.0	0.0	0.0	0.0	7.170974155069582	4.61036036036036	0.0	0.0	0.0	0.0	0.0
19145	0.0	1.0956521739130434	0.0	0.0	0.0	0.0	0.0	0.0	0.0	9.698989898989899	6.613095238095238	0.7912087912087912	0.0	0.0	0.755	0.0	0.0	8.821428571428571	4.674603174603175	0.21626984126984128	0.0	4.546153846153846	0.0	0.0
19146	0.0	2.2937062937062938	0.8508158508158508	0.0	0.0	0.0	0.0	0.0	0.0	8.244505494505495	2.802675585284281	0.0	0.0	0.0	0.0	0.0	0.0	10.489736070381232	3.7580071174377223	0.0	0.0	0.0	1.1608391608391608	0.0
19147	1.6333333333333333	1.7833333333333334	0.0	0.0	0.0	0.0	0.5	0.0	0.0	9.048076923076923	4.25	0.0	0.0	0.0	0.0	0.0	0.0	7.4	9.245098039215685	0.0	0.0	1.8583333333333334	0.0	0.0
19148	0.0	1.6744186046511629	0.9689922480620154	0.0	0.5310077519379846	0.0	0.5465116279069767	0.0	0.0	21.027322404371585	5.6434108527131785	0.0	0.0	0.0	1.9883720930232558	0.0	0.0	7.352678571428571	1.3604651162790697	0.2131782945736434	0.0	0.0	0.0	0.0
19149	0.0	1.5876543209876544	0.0	0.0	0.24444444444444444	0.0	0.0	0.0	0.0	11.651757188498403	1.909967845659164	0.0	0.0	0.0	2.293827160493827	0.0	0.0	9.0	3.0024691358024693	0.0	0.0	0.0	0.0	0.0
19150	0.0	1.12890625	0.17803030303030304	0.0	0.0	0.0	0.4621212121212121	0.0	0.0	10.189516129032258	3.4404255319148938	0.0	0.0	0.0	0.8106060606060606	0.0	0.0	7.292929292929293	5.937142857142857	0.0	0.0	0.0	0.8125	0.0
19151	0.0	1.5975177304964538	0.0	0.0	0.0	0.0	0.0	0.0	0.0	5.822727272727272	3.5812854442344046	0.0	0.0	0.0	1.6880064829821717	0.0	0.0	9.604823747680891	2.151650312221231	0.0	0.0	0.0	0.0	0.0
19152	0.0	3.1074681238615667	1.2524875621890548	0.26119402985074625	0.0	0.0	0.0	0.0	0.0	9.542190305206462	2.1403508771929824	1.044776119402985	0.0	0.0	0.5945273631840796	0.0	0.0	8.50943396226415	6.182471264367816	0.0	0.0	0.0	1.4328358208955223	0.0
19153	2.2532751091703056	3.262425447316103	0.0	0.0	0.0	0.0	0.0	0.0	1.539047619047619	9.928721174004194	3.8685714285714288	0.0	0.0	0.0	2.281904761904762	0.0	0.7660818713450293	7.448559670781893	9.946534653465347	0.0	0.0	0.0	1.12	0.0
19154	0.0	2.323489010989011	0.6773618538324421	0.0	0.0	0.0	0.3184789067142008	0.0	0.0	15.347368421052632	2.8886539816772374	0.0	0.7593582887700535	0.0	1.3773024361259656	0.0	0.0	6.577405857740586	6.073888091822095	0.7961972667855021	0.0	0.788117394416607	1.2156862745098038	0.0
19155	0.0	0.0	0.7202380952380952	0.0	0.0	0.0	0.0	0.0	0.0	10.733333333333333	5.982142857142857	0.0	1.0952380952380953	0.13690476190476192	2.2797619047619047	0.0	0.0	6.109090909090909	3.7261904761904763	0.0	0.0	0.0	0.0	0.0
19156	0.0	1.7659574468085106	0.8115384615384615	0.0	0.0	0.0	0.0	0.0	0.0	13.068965517241379	5.0	0.0	0.0	0.0	0.0	0.0	0.0	6.38978102189781	3.3632760898282696	0.0	0.0	0.0	1.6871794871794872	0.0
19157	0.0	2.0508474576271185	1.5480225988700564	0.0	0.0	0.0	1.2485875706214689	0.0	0.0	8.916666666666666	5.730769230769231	0.0	0.0	0.0	0.0	0.0	0.0	11.040229885057471	6.005649717514125	0.0	1.3898305084745763	0.1694915254237288	1.615819209039548	0.3898305084745763
19158	0.0	1.7789815817984833	0.0	0.5860215053763441	0.0	0.0	0.8	0.0	0.0	9.859229747675963	3.393162393162393	0.3720430107526882	0.0	0.0	0.0	0.0	0.0	10.758139534883721	2.56	0.0	0.0	0.9139784946236559	0.9064516129032258	0.0
19159	0.0	3.140096618357488	0.9609929078014184	1.070921985815603	0.0	0.0	0.0	0.0	0.0	9.23021582733813	0.9554655870445344	0.0	0.0	0.0	0.9890909090909091	0.0	0.0	7.833333333333333	7.904255319148936	0.5921985815602837	0.0	0.0	0.0	0.0
19160	0.0	3.9358437935843793	2.7184873949579833	0.0	0.0	0.0	0.0	0.0	0.5560165975103735	12.081325301204819	6.112621359223301	0.0	0.0	0.0	1.7347222222222223	0.0	0.0	8.126939351198871	5.167852062588905	0.0	1.0110650069156293	0.8105117565698479	0.0	0.0
19161	0.0	2.0205761316872426	2.0246913580246915	0.0	0.0	0.0	0.0	0.0	0.0	11.102678571428571	2.461942257217848	0.33127572016460904	0.10699588477366255	0.0	3.7546174142480213	0.0	0.0	8.784753363228699	5.487980769230769	0.0	0.0	0.6213991769547325	0.0	0.0
19162	0.0	3.057471264367816	0.0	0.0	0.0	0.0	0.0	0.0	0.0	5.713541666666667	3.4791666666666665	0.0	0.0	0.0	0.0	0.0	0.0	14.078125	5.204301075268817	5.212765957446808	0.0	0.0	0.65625	0.0
19163	0.0	3.8350877192982455	0.9017543859649123	0.0	0.0	0.0	0.0	0.2929824561403509	0.0	8.69591836734694	3.867368421052632	0.0	0.0	0.0	0.0	0.0	0.0	6.5440313111545985	4.932330827067669	0.0912280701754386	0.0	0.0	1.4947368421052631	0.0
19164	0.0	3.925750394944708	0.5197472353870458	0.9289099526066351	0.0	0.0	0.0	0.0	0.0	5.623983739837398	6.668076109936575	0.0	0.0	0.4976303317535545	0.0	0.0	0.0	10.164772727272727	10.914614121510674	0.0	0.0	0.0	0.0	0.0
19165	0.0	3.0464426877470356	0.0	0.0	0.0	0.0	0.7061143984220908	0.0	0.0	11.29228998849252	6.003627569528416	0.0	0.08481262327416174	0.0	0.0	0.0	0.0	9.36697247706422	4.0513112884834666	0.0	0.0	0.0	0.4181459566074951	0.0
19166	0.0	2.4578313253012047	0.0	0.0	0.0	0.0	0.0	0.0	0.0	9.153846153846153	4.536	0.48717948717948717	0.0	0.0	0.0	0.0	0.0	11.21	2.6346153846153846	0.0	0.0	0.0	0.0	0.0
19167	0.0	0.0	0.0	0.0	0.0	0.0	0.0	0.0	0.0	6.169336384439359	1.8869047619047619	0.3615257048092869	0.0	0.0	0.43449419568822556	0.0	0.0	9.909547738693467	5.07378640776699	3.568822553897181	1.1807628524046434	0.0	0.0	0.0
19168	0.0	2.7804878048780486	1.3943089430894309	0.0	0.0	0.0	1.646341463414634	0.0	0.0	9.502092050209205	0.0	0.0	0.0	0.0	0.0	0.0	0.0	2.7666666666666666	1.1291866028708133	0.9634146341463414	0.0	0.0	0.0	0.0
19169	0.6156462585034014	2.4659863945578233	0.42517006802721086	0.0	0.0	0.0	0.0	0.0	0.0	10.692307692307692	3.5137254901960784	0.08503401360544217	0.0	0.0	2.238095238095238	0.0	0.0	12.480519480519481	3.9565217391304346	0.0	0.0	0.0	0.0	0.0
19170	0.0	2.180327868852459	0.0	0.0	0.0	0.0	0.9791666666666666	0.0	0.7821969696969697	9.294871794871796	3.053164556962025	1.0681818181818181	0.0	0.0	2.127906976744186	0.0	0.0	8.138461538461538	5.639913232104122	0.36553030303030304	0.0	0.0	0.17803030303030304	0.0
19171	0.0	3.6192660550458715	0.5644444444444444	0.0	0.0	0.0	0.0	0.0	0.0	13.994082840236686	5.964444444444444	0.0	0.0	0.0	0.8888888888888888	0.0	0.0	7.546666666666667	6.74468085106383	0.0	0.0	0.0	2.3377777777777777	0.5555555555555556
19172	0.0	1.6209813874788495	0.8155668358714044	0.0	0.0	0.0	0.0	0.0	0.0	11.080578512396695	3.833746898263027	0.0	0.0	0.7106598984771574	0.29441624365482233	0.0	0.0	10.586872586872587	5.611979166666667	0.0	0.1065989847715736	0.0	0.0	0.9035532994923858
19173	0.0	0.0	0.0	0.0	0.0	0.0	0.0	0.0	0.0	5.184732824427481	3.581609195402299	0.0	0.0	0.0	0.6954022988505747	0.0	0.0	5.551053484602917	4.272413793103448	0.0	0.0	0.0	0.0	0.0
19174	0.0	3.094155844155844	0.0	0.0	0.0	0.0	0.0	0.0	0.0	5.0893719806763285	3.138121546961326	0.6280193236714976	0.0	0.0	0.0	0.0	0.0	7.644927536231884	11.14010989010989	1.2777777777777777	0.0	0.0	0.966183574879227	0.0
19175	0.0	0.0	0.855072463768116	0.0	0.0	0.34057971014492755	0.0	0.0	0.0	3.4066390041493775	6.171270718232044	0.0	0.0	0.0	0.0	0.0	0.0	7.179389312977099	4.7669172932330826	0.0	0.0	0.0	1.7681159420289856	0.0
19176	0.0	2.8886925795053005	0.0	0.0	0.0	0.0	0.0	0.0	0.0	6.816901408450704	2.8837920489296636	0.0	0.2816728167281673	0.0	0.0	0.0	0.0	8.650331125827815	2.4628224582701064	0.0	0.0	1.0413533834586466	0.0	0.0
19177	0.05405405405405406	0.8705501618122977	0.0	0.0	0.0	0.0	0.0	0.0	0.0	8.50253807106599	4.13963963963964	0.0	0.0	0.0	1.0810810810810811	0.0	0.0	5.07311320754717	10.883636363636363	0.0	0.15765765765765766	0.0	0.0	0.0
19178	0.0	0.0	0.0	0.0	0.0	0.0	0.0	0.0	0.0	8.502262443438914	1.990632318501171	0.0	0.0	0.0	0.0	0.0	0.0	6.786813186813187	0.0	1.4803921568627452	0.0	0.0	0.0	0.0
19179	0.0	0.0	0.0	0.0	0.0	0.0	0.0	0.0	0.0	9.223958333333334	1.7304347826086957	0.0	0.0	0.0	0.0	0.0	0.0	8.870503597122303	2.870646766169154	0.0	0.0	0.0	0.7817745803357314	0.0
19180	0.0	0.8541666666666666	0.0	0.0	0.0	0.0	0.0	0.0	0.0	3.3055555555555554	4.319444444444445	0.0	0.0	0.0	0.0	0.0	0.0	5.850393700787402	1.7847222222222223	0.0	0.0	0.0	0.0	0.0
19181	0.0	0.0	0.0	0.0	0.0	0.0	0.0	0.0	0.0	6.034090909090909	6.719626168224299	0.0	0.0	0.0	0.0	0.0	0.0	12.24731182795699	0.6989247311827957	0.0	0.0	0.0	0.0	0.0
19182	0.0	0.8201293451899757	0.0	0.0	0.0	0.0	0.0	0.0	0.0	8.007801072647489	1.1043478260869566	0.0	0.0	0.0	0.0	0.0	0.0	5.892888498683055	2.081218274111675	0.0	0.0	0.0	0.803763440860215	0.0
19183	0.0	1.950354609929078	0.0	0.0	0.0	0.0	0.0	0.0	0.0	5.971631205673759	2.893617021276596	0.19858156028368795	0.0	0.0	3.7588652482269502	0.0	0.0	6.174242424242424	1.3404255319148937	0.0	0.0	0.0	0.0	0.0
19184	0.0	2.3819444444444446	0.0	0.0	0.0	0.0	0.0	0.0	0.0	5.8125	1.2777777777777777	0.0	0.0	0.0	1.6944444444444444	0.0	0.0	7.180555555555555	2.1944444444444446	0.0	0.0	0.0	0.0	0.0
19185	0.0	0.0	0.0	0.0	0.0	0.0	0.0	0.0	0.0	5.538888888888889	2.216666666666667	0.0	0.0	0.0	0.4888888888888889	0.0	0.0	7.163522012578617	1.6833333333333333	0.0	0.0	0.0	0.0	0.0
19186	0.0	0.0	0.0	0.0	0.0	0.0	0.0	0.0	0.0	11.147058823529411	2.1311475409836067	0.0	2.773006134969325	0.0	0.0	0.0	0.0	9.503597122302159	0.6939890710382514	0.0	0.0	0.0	1.9125683060109289	0.0
19187	0.0	0.0	0.0	0.0	0.0	0.0	0.0	0.0	0.0	12.857142857142858	0.0	0.0	0.0	0.0	0.0	0.0	0.0	7.364963503649635	0.8840579710144928	0.0	0.0	0.0	1.9130434782608696	0.0
19188	0.0	0.0	0.0	0.0	0.0	0.0	0.0	0.0	0.0	9.652892561983471	0.0	0.0	0.0	0.0	0.0	0.0	0.0	5.333333333333333	0.0	0.0	0.0	0.0	0.0	0.0
19189	0.0	1.0580524344569289	0.0	0.0	0.0	0.0	0.0	0.0	0.0	11.20616365568544	1.1573033707865168	0.0	0.0	0.0	0.897003745318352	0.0	0.0	5.560137457044673	0.0	0.0	0.0	0.0	0.5674157303370787	0.0
19190	0.0	2.5252100840336134	0.0	0.0	0.0	0.0	0.0	0.0	0.0	11.547619047619047	3.803921568627451	0.0	0.0	0.0	0.0	0.0	0.0	5.556053811659193	2.8369384359401	0.84593837535014	0.0	0.0	0.0	0.0
19191	0.0	0.6784565916398714	0.0	0.0	0.9548693586698337	0.0	0.0	0.18791946308724833	0.0	15.537764350453172	5.230769230769231	0.0	0.0	0.0	0.1185682326621924	0.0	0.0	4.060109289617486	4.030534351145038	0.0	0.0	0.0	1.3937360178970917	0.3982102908277405
19192	0.0	0.0	0.5396825396825397	0.0	0.9417989417989417	0.0	0.0	0.0	0.0	9.025806451612903	5.922580645161291	0.0	2.1375661375661377	0.0	2.35978835978836	3.9523809523809526	0.0	6.275590551181103	17.036496350364963	0.0	0.0	1.783068783068783	0.0	0.0
19193	0.0	0.0	0.0	0.0	0.0	0.0	0.0	0.0	0.0	6.792262405382674	1.7324621733149932	0.0	0.0	0.0	0.7441520467836257	0.0	0.0	6.540162122328666	1.8896247240618103	0.06690561529271206	0.0	0.0	0.0	0.0
19194	0.0	1.3751937984496123	0.0	0.0	0.0	0.0	0.5710594315245479	0.0	0.0	12.12	3.0517241379310347	1.3875968992248062	0.0	0.0	0.0	0.0	0.0	6.95953002610966	3.5625841184387617	0.0	0.0	0.6382428940568475	0.0	0.0
19195	0.0	3.9518072289156625	0.0	0.0	0.0	0.0	0.8531073446327684	0.0	0.0	1.9271137026239067	0.786046511627907	0.0	0.0	0.0	0.0	0.0	0.0	9.528248587570621	0.96045197740113	0.0	0.24858757062146894	0.0	0.0	0.0
19196	0.0	2.420889348500517	0.9227373068432672	0.0	0.0	0.0	0.0	0.0	0.0	5.794117647058823	4.740987983978638	0.0	0.3645224171539961	0.4395711500974659	0.8518518518518519	0.0	0.0	7.704093567251462	3.8690835850956695	0.0	0.0	0.0	0.0	0.0
19197	0.0	0.7537878787878788	0.0	0.0	0.0	0.0	0.0	0.0	0.0	7.110236220472441	0.75	0.0	0.0	0.0	0.5151515151515151	0.0	0.0	5.320185614849188	3.2440318302387268	0.0	0.0	0.14772727272727273	0.0	0.45265151515151514
19198	0.0	0.0	0.0	0.0	0.0	0.0	0.0	0.0	0.0	1.3170731707317074	3.638095238095238	0.0	0.0	0.0	0.0	0.0	0.0	6.923076923076923	2.1346153846153846	0.0	0.0	0.0	0.0	0.0
19199	0.0	2.276824034334764	0.9222222222222223	0.0	0.0	0.0	0.0	0.0	0.0	12.355882352941176	3.5111940298507465	0.6611111111111111	0.24444444444444444	0.0	0.0	0.0	0.0	9.019011406844106	1.125925925925926	0.0	0.0	0.0	0.0	0.0
19200	0.0	2.774580335731415	0.0	0.0	0.0	0.0	0.0	0.0	0.0	13.96179775280899	2.7339901477832513	2.3592233009708736	1.3422222222222222	0.057777777777777775	0.0	0.0	0.0	3.357348703170029	1.374581939799331	0.0	0.0	0.0	0.18222222222222223	0.0
19201	0.0	5.377777777777778	0.8943661971830986	0.0	0.0	0.0	1.5339233038348083	0.0	0.0	14.033112582781458	7.800595238095238	0.0	0.0	0.0	0.0	0.5575221238938053	0.0	8.33469387755102	5.834808259587021	0.0	0.0	0.0	0.0	0.0
19202	0.0	3.0728395061728393	0.0	0.0	0.0	0.0	1.4197530864197532	0.0	0.0	7.532147742818058	4.38125	0.0	0.0	0.0	0.0	0.0	0.0	6.387096774193548	3.6567425569176883	0.6950617283950618	0.0	0.0	0.0	0.6962962962962963
19203	0.0	2.9672849915682966	0.0	0.0	0.0	0.0	0.0	0.0	0.0	8.824659727782226	3.137481910274964	0.0	0.0	0.22390063779791877	0.0	0.0	0.0	9.859350237717909	3.796176046176046	0.0	0.0	0.0	0.8633769721383014	0.0
19204	0.0	2.1208163265306124	0.0	0.0	0.0	0.0	0.0	0.0	0.0	10.932355338223308	1.9406867845993756	0.0	0.0	0.0	0.0	0.0	0.0	10.055847834884663	5.152789005658852	0.0	0.0	0.0	0.0	0.0
19205	0.0	1.346969696969697	0.0	0.0	0.0	0.0	0.19545454545454546	0.0	0.0	9.811534500514933	4.660666066606661	0.0	0.0	0.0	0.0	0.0	0.0	6.100862068965517	2.032232070910556	0.0	0.0	0.0	0.0	0.0
19206	0.0	5.803921568627451	0.0	0.0	0.3772893772893773	0.0	1.0	0.0	0.0	7.637362637362638	5.7032967032967035	0.0	0.0	0.0	0.9322916666666666	0.0	0.0	7.202312138728324	7.957446808510638	1.1025641025641026	0.0	1.0732600732600732	0.0	0.16117216117216118
19207	0.0	3.9819694868238558	0.0	0.0	0.0	0.0	0.0	0.0	0.0	8.729607250755286	3.153225806451613	0.0	0.0	0.0	0.0	0.0	0.0	7.548536209553158	2.7022900763358777	0.0	0.0	0.0	0.04032258064516129	0.0
19208	0.0	2.167872648335745	0.0	0.0	0.0	0.0	0.7138888888888889	0.0	0.0	8.861777150916785	6.788235294117647	0.15555555555555556	0.0	0.0	0.0	0.0	0.0	6.0546139359698685	4.826625386996904	0.39305555555555555	0.0	0.0	0.0	0.0
19209	0.0	6.982993197278912	0.0	0.0	0.0	0.0	0.0	0.0	0.0	11.234782608695653	1.3900709219858156	0.0	0.0	0.4421768707482993	0.0	0.0	0.0	3.024793388429752	4.029739776951673	0.0	0.0	0.0	3.078231292517007	0.8741496598639455
19210	0.0	1.4129793510324484	0.0	0.0	0.0	0.0	0.6666666666666666	0.0	0.0	11.0571791613723	4.975520195838433	0.0	0.0	0.0	1.2428711897738447	0.0	0.0	11.770103092783506	2.357870894677237	0.0	0.0	0.0	1.5233022636484688	0.0
19211	0.0	1.2738528769118718	0.0	0.0	0.0	0.0	0.0	0.0	0.0	9.580847723704867	4.006219765031099	0.0	0.3840877914951989	0.0	0.0	0.0	0.0	8.411269974768713	3.9167862266857965	0.15706447187928668	0.0	0.0	0.5617283950617284	0.0
19212	0.0	1.3345864661654134	0.0	0.0	0.0	0.0	0.0	0.0	0.0	9.514629948364888	2.4175438596491228	0.0	0.34035087719298246	0.0	1.5649122807017544	0.0	0.0	7.104551045510455	1.402116402116402	0.0	0.0	0.0	0.9216374269005848	0.0
19213	0.0	1.5515743756786102	0.0	0.0	0.0	0.0	0.0	0.0	0.0	8.45321992709599	3.514141414141414	0.0	0.0	0.0	0.0	0.0	0.0	9.285714285714286	1.569360675512666	0.0	0.0	0.1505050505050505	0.0	0.0
19214	0.0	2.1839080459770117	0.0	0.0	0.0	0.0	0.0	0.0	0.0	4.727969348659004	1.2452107279693487	0.0	0.0	0.0	1.5593869731800767	0.0	0.0	5.12280701754386	5.781512605042017	0.0	0.0	0.0	1.739463601532567	0.0
19215	0.0	1.0614525139664805	0.0	0.0	1.149638802889577	0.0	0.0	0.0	0.0	9.170454545454545	1.9521345407503234	0.0	0.0	2.4674922600619196	0.0	1.0629514963880289	0.8524251805985552	3.697604790419162	3.068580542264753	0.010319917440660475	0.8421052631578947	2.5779153766769864	0.0	0.0
19216	0.0	2.0744810744810747	0.48595848595848595	0.0	0.0	0.0	0.0	0.0	0.0	9.356968215158924	1.9633699633699633	0.0	0.0	0.05128205128205128	0.0	0.0	0.0	6.2476060191518465	2.9381188118811883	0.3907203907203907	0.0	0.0	0.0	0.0
19217	0.0	2.7911111111111113	1.7974217311233887	0.03683241252302026	0.0	0.0	0.0	0.0	0.0	5.891647855530474	2.5664160401002505	0.0	0.0	0.0	0.0	0.0	0.0	10.624045801526718	0.7974217311233885	0.0	0.0	0.0	0.9244935543278084	0.0
19218	0.0	2.22	0.6355475763016158	0.0	0.0	0.0	0.0	0.0	0.0	1.3636363636363635	1.7566666666666666	0.0	0.0	0.0	0.0	0.0	0.0	13.74025974025974	0.9953703703703703	0.16166666666666665	0.0	0.0	0.0	0.0
19219	0.0	0.0	0.0	0.0	0.0	0.0	0.0	0.0	0.0	9.8659793814433	1.5960832313341493	1.773851590106007	0.0	0.0	0.0	0.0	0.0	7.940226171243942	1.278688524590164	0.0	0.0	0.889281507656066	0.7816993464052288	0.0
19220	0.0	1.051490514905149	0.0	0.0	0.0	0.0	0.0	0.0	0.0	5.813888888888889	0.0	0.0	1.4200542005420054	0.0	0.0	0.0	0.0	0.45789473684210524	0.8316831683168316	0.0	0.0	0.0	0.0	1.7100271002710028
19221	0.0	2.4974747474747474	0.6923076923076923	0.0	0.0	0.0	0.0	0.0	0.0	10.583673469387755	4.995249406175772	0.0	0.0	0.0	0.0	0.0	0.0	8.6	2.9505494505494507	0.0	0.0	0.0	0.0	0.0
19222	0.0	0.8012618296529969	0.0	0.0	0.0	0.0	0.0	0.0	0.0	8.956949569495695	2.9868938401048495	0.45951629863301785	0.0	0.0	0.0	0.0	0.0	11.781609195402298	1.9776609724047307	0.0	0.0	0.0	0.0	0.0
19223	0.0	2.482142857142857	1.7083333333333333	0.0	0.0	0.0	0.0	0.0	0.0	5.648809523809524	1.755952380952381	0.0	0.0	0.0	0.3333333333333333	0.0	0.0	9.791666666666666	4.083333333333333	0.0	0.0	0.0	0.0	0.0
19224	0.0	1.5238095238095237	0.0	0.0	0.0	0.0	0.0	0.0	0.0	9.456692913385826	0.0	0.0	1.5952380952380953	0.0	0.0	0.0	0.0	8.446428571428571	8.87962962962963	0.0	0.0	0.0	0.0	0.0
19225	1.2042042042042043	1.2432432432432432	0.0	0.0	0.0	0.0	1.3423423423423424	0.0	0.0	6.342465753424658	4.036101083032491	0.0	0.0	0.0	0.0	0.0	0.0	3.325	1.9019607843137254	0.0	0.0	0.0	1.8858858858858858	0.0
19226	0.0	2.436123348017621	0.5066079295154186	0.0	0.0	0.0	0.0	0.0	0.7929515418502202	9.37378640776699	5.289036544850498	0.0	0.0	0.0	1.334959349593496	0.0	0.0	10.08424336973479	2.7308970099667773	0.0	0.0	0.0	2.146842878120411	0.0
19227	0.0	0.4166666666666667	0.0	0.0	0.0	0.0	0.0	0.0	0.0	5.783333333333333	1.836734693877551	0.0	0.0	0.0	0.0	0.0	0.0	11.591666666666667	3.55	0.0	0.0	1.0416666666666667	2.125	0.0
19228	0.0	0.0	0.0	0.0	0.0	0.0	0.0	0.0	0.0	6.2170900692840645	2.9545454545454546	0.0	0.0	0.0	0.3018867924528302	0.0	0.0	13.728947368421053	7.121513944223108	0.0	0.0	0.6536082474226804	0.0	0.0
19229	0.0	0.7315436241610739	0.0	0.0	0.0	0.0	0.0	0.0	0.0	12.408296943231441	2.0036429872495445	0.0	0.0	0.0	0.0	0.0	0.0	10.897489539748953	1.5610200364298725	0.40437158469945356	0.0	1.0255009107468125	0.6628242074927954	0.0
19230	0.0	1.9494833524684272	0.0	0.10084925690021232	0.0	0.0	0.0	0.0	0.0	5.336228287841191	1.654867256637168	0.0	0.0	1.1592356687898089	0.0	0.0	0.0	8.833527357392317	5.877018633540373	0.0	0.0	0.0	0.29723991507430997	0.0
19231	0.0	3.5541666666666667	0.0	0.0	0.0	0.0	0.0	0.0	0.0	16.68421052631579	1.725	0.0	0.0	0.0	0.0	0.0	0.0	5.5625	4.388571428571429	0.0	0.0	0.0	0.0	0.0
19232	0.0	1.5136612021857923	0.0	0.0	0.0	0.0	1.8415300546448088	0.0	0.0	10.07799442896936	2.1475409836065573	0.0	0.0	0.0	2.191256830601093	0.0	0.0	10.88109756097561	5.320699708454811	0.0	0.0	0.0	0.825136612021858	1.0081967213114753
19233	0.0	2.1634615384615383	0.0	0.0	0.0	0.0	0.3333333333333333	0.0	0.0	10.852611940298507	2.511214953271028	0.0	0.0	0.0	0.0	0.0	0.0	7.325171400587659	0.9847161572052402	0.8109318996415771	0.05913978494623656	0.0	0.0	0.0
19234	0.0	2.4452449567723344	0.0	0.0	0.0	0.0	0.0	0.0	0.0	5.940860215053763	1.5373665480427046	0.0	0.0	0.0	0.0	0.0	0.0	3.992836676217765	7.013642564802183	0.0	0.0	0.0	0.0	0.0
19235	0.0	0.0	1.1415525114155252	0.0	0.0	0.0	0.1689497716894977	0.0	0.0	8.05813953488372	2.5525114155251143	0.2831050228310502	0.0	0.0	0.0	0.0	0.0	12.248618784530386	3.6940639269406392	0.0	0.0	0.0	0.091324200913242	0.1187214611872146
19236	1.7384615384615385	1.3051282051282052	0.0	0.0	0.0	0.0	0.0	0.0	0.0	6.576923076923077	3.8871473354231973	0.0	0.0	0.0	0.0	0.0	0.0	8.669753086419753	5.10594315245478	0.002564102564102564	0.0	0.0	0.0	0.0
19237	0.0	1.2903225806451613	0.0	0.0	1.3279569892473118	0.0	0.6129032258064516	0.0	0.0	6.524038461538462	1.4731182795698925	0.0	0.0	1.410752688172043	0.0	1.118279569892473	0.0	10.37163814180929	1.7147147147147148	0.0	0.0	0.4882943143812709	0.0	0.0
19238	0.0	2.8688796680497926	1.4602941176470587	0.0	0.0	0.0	0.0	0.0	0.0	11.562242374278648	4.615384615384615	0.0	0.5890034364261169	0.0	0.0	0.0	0.0	8.493249324932494	6.029733959311424	0.0	0.0	0.6761744966442953	0.0	0.0
19239	0.22764227642276422	2.8719512195121952	0.6048632218844985	0.0	0.0	0.0	0.0	0.0	0.0	14.722222222222221	4.357723577235772	1.025229357798165	0.0	0.0	3.3739837398373984	0.0	0.0	8.943844492440604	2.840749414519906	0.0	0.1991869918699187	0.0	1.7195121951219512	0.0
19240	0.0	1.9095238095238096	1.010204081632653	0.07547169811320754	0.0	0.0	0.0	0.0	0.05442176870748299	22.023255813953487	1.3299319727891157	0.0	0.0	0.0	0.0	4.64625850340136	0.0	10.034364261168385	8.206896551724139	0.8639455782312925	0.0	0.9489795918367347	0.9795918367346939	0.0
19241	0.7414965986394558	2.1348435814455233	1.1885325558794946	0.0	0.0	0.0	0.0	0.0	0.0	9.715306122448979	7.531584062196307	0.0	0.0	0.0	1.7434402332361516	0.0	0.03595724003887269	9.767835550181378	5.82851445663011	0.0	0.0	0.0	0.42468415937803694	0.0
19242	0.11185682326621924	1.4865771812080537	0.6905487804878049	0.0	0.0	0.0	0.5995525727069351	0.0	0.0	9.03867403314917	2.874233128834356	0.6722595078299777	0.0	0.0	1.3870246085011186	0.0	0.0	11.798795180722891	6.18341307814992	0.0	0.0	0.0	1.0659955257270695	0.06935123042505593
19243	0.0	0.7916666666666666	0.0	0.0	0.0	0.0	0.0	0.0	0.0	0.8	0.0	0.0	0.0	0.0	0.0	0.0	0.0	4.285714285714286	0.0	0.0	0.0	0.0	0.9027777777777778	0.0
19244	0.0	0.7667185069984448	1.187279151943463	0.0	0.0	0.0	0.0	0.0	0.0	9.107142857142858	2.0585987261146497	0.0	0.0	0.0	0.0	0.0	0.0	6.716549295774648	4.934755332496863	0.0	0.0	0.0	0.15665488810365136	0.0
19245	0.0	3.033158813263525	0.0	0.3803763440860215	0.0	0.0	0.0	0.0	0.0	11.446511627906977	2.053763440860215	0.5241935483870968	0.0	0.0	0.5013440860215054	0.0	0.0	6.889192886456908	4.051075268817204	0.0	0.0	0.0	0.0	0.0
19246	0.0	2.2663642255346725	0.10178117048346055	0.0	0.0	0.0	0.0	0.0	0.0	7.775621118012422	3.935832732516222	0.7697201017811705	0.0	0.4961832061068702	1.7973059653624117	0.0	0.0	6.369916074887024	5.83866382373845	0.0	0.5019083969465649	0.0	0.0	0.0
19247	0.0	0.0	1.125	0.0	0.0	0.0	0.0	0.0	0.0	4.517006802721088	1.171875	1.4583333333333333	0.0	0.0	0.0	0.0	0.0	8.269938650306749	4.0271739130434785	0.0	0.7395833333333334	0.0	0.0	0.0
19248	0.0	2.124661246612466	0.7046070460704607	0.0	0.0	0.0	0.8184281842818428	0.0	0.0	6.3	1.0262390670553936	0.0	0.0	0.0	1.934959349593496	0.0	0.0	5.885350318471337	3.5659722222222223	0.0	0.0	3.1598915989159893	0.2601626016260163	0.0
19249	0.0	1.2868949232585596	1.0294840294840295	0.0	0.0	0.0	0.0	0.0	0.0	12.89568345323741	4.45409429280397	0.0	0.0	0.0	0.0	0.0	0.0	4.780722891566265	5.075151515151515	0.0	0.0	0.0	0.0	0.0
19250	0.0	4.530797101449275	2.141304347826087	0.0	0.10869565217391304	0.0	0.0	0.0	0.0	9.84230055658627	4.163043478260869	0.838012958963283	0.0	0.0	0.8402625820568927	0.0	0.0	14.1875	3.175724637681159	0.0	0.0	0.0	0.0	0.0
19251	0.0	3.469255663430421	1.4834307992202729	0.0	0.0	0.0	0.0	0.0	0.0	12.017543859649123	4.1875	0.0	0.0	0.0	0.0	0.0	0.0	11.933194154488518	4.775467775467775	0.9824561403508771	0.0	0.18518518518518517	0.0	0.0
19252	0.0	0.949740034662045	0.0	0.768361581920904	0.0	0.0	0.0	0.0	0.0	14.91554054054054	3.674766355140187	0.8476027397260274	0.0	0.903954802259887	1.7571022727272727	0.0	0.0	7.182203389830509	8.428318584070796	0.0	0.0	0.0	0.0	0.0
19253	0.0	2.0015408320493067	0.0	0.2496194824961948	0.0	0.0	0.0	0.0	0.0	6.461538461538462	2.570048309178744	0.0	1.9219600725952812	2.313546423135464	0.2480974124809741	1.4901065449010655	0.0	9.101626016260163	4.16530612244898	0.1598173515981735	0.15220700152207	3.2037037037037037	0.0	0.0
19254	0.0	3.118798955613577	0.3995726495726496	0.0	0.0	0.0	0.0	0.0	0.0	5.692583732057416	2.1548463356973997	0.44337606837606836	0.0	0.0	0.7820823244552058	0.0	0.0	8.237562189054726	3.323717948717949	0.0	0.0	0.8055555555555556	0.0	0.0
19255	0.0	2.29296875	0.0	0.0	0.0	0.0	0.0	0.0	0.0	11.053658536585365	2.566666666666667	0.0	0.0	0.0	1.1703703703703703	0.0	0.0	3.95	4.124463519313305	1.0018518518518518	0.0	0.0	0.0	0.0
19256	0.0	2.0595655220742817	0.0	0.0	0.0	0.0	0.5529100529100529	0.0	0.0	12.075019952114925	3.547252747252747	0.0	0.0	0.0	2.47911051212938	0.0	0.0	9.02575488454707	3.890224358974359	0.0	0.0	0.07539682539682539	0.3888888888888889	0.0
19257	0.0	2.320855614973262	0.0	0.0	0.0	0.0	0.0	0.0	0.0	14.38740157480315	3.3862745098039215	0.0	0.0	0.0	0.9247787610619469	0.0	0.0	10.403726708074535	3.3443708609271523	0.0	0.0	0.0	0.0	0.0
19258	0.0	1.6297709923664123	0.0	0.0	1.2150127226463103	0.6170483460559797	0.0	0.0	0.0	14.209523809523809	1.6739427012278307	0.9073569482288828	1.1908396946564885	0.4707379134860051	0.7557251908396947	1.5216284987277353	0.0	13.529262086513995	2.7956777996070725	0.0	0.5089058524173028	0.8550955414012739	0.0	0.8893129770992366
19259	0.0	1.9775280898876404	0.8389513108614233	0.0	0.0	0.0	0.0	0.0	0.0	3.9766081871345027	0.2808988764044944	0.0	0.0	0.0	3.393258426966292	0.0	0.2958801498127341	16.83265306122449	5.131221719457014	1.1348314606741574	0.0	0.0	0.0	0.0
19260	0.0	1.5476190476190477	0.0	0.0	2.5714285714285716	0.0	0.0	0.0	0.0	6.886956521739131	2.7916666666666665	0.13095238095238096	1.4166666666666667	5.504201680672269	2.130952380952381	0.0	0.0	5.790322580645161	0.06547619047619048	0.6607142857142857	2.6666666666666665	17.848920863309353	2.6904761904761907	0.0
19261	0.0	0.0	0.0	0.0	0.0	0.0	0.0	0.0	0.0	4.127450980392157	3.5980392156862746	0.0	0.0	0.0	0.0	0.0	0.0	4.313725490196078	2.5686274509803924	0.0	0.0	0.0	0.0	0.0
19262	0.0	0.6879432624113475	0.0	0.0	2.106382978723404	0.0	0.0	0.0	0.0	17.62	2.00709219858156	0.0	0.0	0.0	1.0070921985815602	0.0	0.0	5.967032967032967	6.679245283018868	0.0	0.0	0.0	3.4326241134751774	0.0
19263	0.0	0.27898550724637683	0.0	0.0	0.0	0.0	0.7934782608695652	0.0	0.0	12.876811594202898	7.340579710144928	0.0	0.0	0.0	1.576086956521739	0.0	0.0	8.737327188940093	7.394927536231884	0.0	0.0	0.0	0.0	0.0
19264	0.0	1.8700980392156863	1.9877450980392157	0.0	0.0	0.0	0.0	0.0	0.0	15.119318181818182	7.147783251231527	0.31862745098039214	0.0	0.0	1.0147058823529411	0.0	0.0	9.107843137254902	3.802919708029197	0.0	0.0	1.0931372549019607	0.5906862745098039	0.0
19265	0.0	0.0	0.0	0.0	0.0	0.0	0.0	0.0	0.0	10.775423728813559	3.78544061302682	0.0	0.0	0.0	0.0	0.0	0.0	20.71291866028708	6.612403100775194	0.0	0.0	0.0	1.1494252873563218	0.0
19266	3.57190635451505	3.284900284900285	1.396011396011396	0.0	3.2	0.0	0.0	0.0	0.3732193732193732	11.174311926605505	9.583941605839415	0.0	1.3675213675213675	0.0	1.2810650887573964	1.1965811965811965	0.5735294117647058	18.31290322580645	5.188034188034188	0.0	0.4074074074074074	0.0	0.0	0.0
19267	0.0	2.9321533923303833	1.233038348082596	0.0	0.0	0.0	0.0	0.0	0.0	8.783882783882785	5.370919881305638	0.0	0.0	0.0	2.7079646017699117	0.0	0.0	5.979166666666667	8.218289085545722	1.28023598820059	0.0	0.0	0.0	0.0
19268	0.0	1.161764705882353	0.0	0.0	0.0	0.0	0.0	0.0	0.0	5.558024691358025	1.8842592592592593	0.0	0.0	0.0	0.0	0.0	0.0	5.245179063360881	2.0231481481481484	0.0	0.0	0.0	0.0	0.0
19269	0.0	1.6277372262773722	0.2721518987341772	0.0	0.6371308016877637	0.0	0.0	0.0	0.0	9.367864693446089	2.5076142131979697	0.0	0.6244725738396625	0.0	1.261603375527426	0.0	0.0	5.259036144578313	4.797674418604651	0.0	0.0	0.0	0.6877637130801688	0.0
19270	0.0	1.3112033195020747	0.0	0.005267118133935289	0.0	0.0	0.0	0.0	0.0	8.44362292051756	3.83733055265902	0.8502673796791443	0.2588412340105342	0.22422874341610233	0.0	0.0	0.0	8.212412587412587	2.658536585365854	0.44996237772761477	0.0	0.0	0.0	0.0
19271	0.0	2.6578947368421053	0.0	0.0	0.0	0.0	0.0	0.0	0.0	9.515679442508711	1.5476190476190477	0.0	0.0	0.0	2.5809859154929575	0.8991596638655462	0.0	9.09	3.8899676375404533	0.0	0.0	0.0	1.6116504854368932	0.0
19272	0.0	4.5528455284552845	0.0	0.0	0.0	0.0	0.9654471544715447	0.0	0.0	13.283367556468173	2.9634408602150537	2.158536585365854	0.0	0.967479674796748	1.1239837398373984	0.0	0.0	7.540358744394619	6.578274760383387	0.0	0.0	0.0	0.0	0.0
19273	0.0	2.25	0.0	0.0	0.8640483383685801	1.2575757575757576	2.196969696969697	0.0	0.0	8.585858585858587	2.904040404040404	0.0	0.0	0.44191919191919193	0.0	0.0	0.0	8.908536585365853	6.024590163934426	0.0	0.0	1.143939393939394	0.0	0.7121212121212122
19274	1.0548523206751055	5.0042194092827	1.6160337552742616	0.0	0.0	0.0	0.0	0.0	0.0	10.164556962025317	1.144927536231884	0.0	1.1898734177215189	0.0	0.6033755274261603	0.0	0.0	7.3352941176470585	6.488479262672811	0.0	0.0	0.0	0.19831223628691982	0.0
19275	0.0	2.4316239316239314	0.9743589743589743	0.0	0.3831908831908832	0.0	0.0	0.0	0.0	10.151162790697674	5.305747126436781	0.0	0.0	0.0	0.5612535612535613	0.0	0.0	7.90418118466899	1.6433408577878104	0.584045584045584	0.0	0.0	0.3888888888888889	0.0
19276	0.0	2.423076923076923	0.0	0.0	0.0	0.0	0.9615384615384616	0.0	0.0	10.185897435897436	5.897435897435898	0.0	0.0	0.0	0.0	0.0	0.0	8.143884892086332	4.173076923076923	0.0	1.2371794871794872	0.0	2.6538461538461537	1.0
19277	0.0	0.0	0.06763285024154589	0.0	0.0	0.0	0.9758454106280193	0.0	0.0	11.264285714285714	6.2076502732240435	2.903225806451613	0.0	0.0	0.0	0.0	0.0	18.502923976608187	4.21256038647343	0.0	0.0	0.0	0.0	2.21256038647343
19278	0.0	6.330827067669173	1.127536231884058	0.0	0.0	0.0	0.0	0.0	0.0	12.755102040816327	3.945578231292517	0.0782608695652174	1.8898550724637682	0.8753623188405797	1.7797101449275363	0.0	0.7101449275362319	10.418530351437699	2.4034482758620688	0.0	0.0	0.0	0.8318840579710145	0.4405797101449275
19279	0.0	0.5022779043280182	0.9160892994611239	0.0	0.0	0.0	0.0	0.0	0.0	11.062862669245648	3.8181011535048803	0.0	0.0	0.0	0.0	0.0	0.0	8.719626168224298	7.191144708423326	0.0	0.0	1.5949477351916377	0.0	0.0
19280	0.0	3.0934744268077603	0.0	0.0	0.0	0.0	0.25961538461538464	0.0	0.0	6.011605415860735	2.4246794871794872	0.0	0.0	0.0	0.0	0.0	0.0	10.842195540308747	2.378787878787879	0.5270506108202443	0.0	0.0	0.0	0.0
19281	0.0	0.0	0.0	0.0	0.0	0.0	0.0	0.0	0.0	13.915966386554622	4.157894736842105	1.9259259259259258	0.0	0.007407407407407408	5.198019801980198	0.0	0.0	5.158653846153846	0.0	1.4666666666666666	0.0	0.0	0.0	0.0
19282	0.8447293447293447	3.2840690978886755	0.0	0.0	0.0	0.0	0.0	0.0	0.0	14.382154882154882	2.6866096866096867	0.0	0.0	0.0	2.130434782608696	0.0	0.0	9.25645438898451	3.056159420289855	0.0	0.0	1.5712250712250713	0.0	0.0
19283	0.0	0.9705882352941176	0.0	0.0	0.0	0.0	0.0	0.0	0.0	4.465116279069767	2.161764705882353	0.0	0.0	5.484848484848484	1.3431372549019607	0.0	0.0	7.349206349206349	5.132352941176471	0.0	0.0	0.0	0.0	0.0
19284	0.0	2.9304347826086956	0.4024390243902439	0.0	0.0	0.0	0.9471544715447154	0.0	0.0	9.863157894736842	2.252032520325203	0.0	0.0	0.0	1.548780487804878	0.0	0.0	5.978021978021978	0.0	0.0	0.0	0.0	0.0	0.0
19285	0.0	1.1069958847736625	0.31275720164609055	0.0	0.0	0.0	0.0	0.0	0.0	10.055555555555555	3.0082304526748973	0.0	0.0	0.0	0.0	0.0	0.0	6.6419753086419755	2.39917695473251	0.0	0.0	0.0	0.0	0.0
19286	0.0	2.7768924302788847	0.0	0.0	0.0	0.0	0.0	0.0	0.0	6.861344537815126	3.2322775263951735	0.0	0.0	0.14565826330532214	0.6890756302521008	0.0	0.0	8.360824742268042	2.047244094488189	0.0	0.0	0.0	0.0	0.0
19287	0.0	1.9115092290988056	0.6243213897937026	0.11074918566775244	0.0	0.0	0.0	0.0	0.0	10.054237288135592	2.544463568559954	0.0	0.0	0.0	0.0	0.0	0.0	4.402524544179523	2.787275064267352	0.0	0.0	0.0	0.0	0.0
19288	1.544378698224852	1.9842209072978303	0.7566265060240964	0.0	0.0	0.0	0.07297830374753451	0.0	0.0	5.841269841269841	2.0773930753564156	0.0	0.0	0.2859960552268245	0.0	0.07692307692307693	0.0	6.80241935483871	1.8500986193293885	0.0	0.0	0.0	0.0	0.0
19289	0.0	2.218840579710145	0.0	0.0	0.0	0.0	0.0	0.0	0.0	7.784638554216867	2.5503988397389414	0.0	0.0	0.0	0.0	0.0	0.0	6.568820224719101	3.1000781860828774	0.44267726971504306	0.0	0.0	0.0	0.0
19290	0.0	0.83451536643026	0.0	0.0	0.0	0.0	0.0	0.0	0.0	6.059880239520958	2.7648902821316614	0.48699763593380613	0.0	0.0	1.016548463356974	0.0	0.0	7.292620865139949	5.8901098901098905	0.0	0.0	0.0	0.18439716312056736	0.0
19291	0.0	2.983050847457627	0.0	0.0	0.0	0.0	0.0	0.0	0.0	3.1256830601092895	0.0	0.0	0.0	0.0	0.0	0.0	0.0	6.666666666666667	0.0	0.0	0.0	0.0	0.0	0.0
19292	0.0	1.0494350282485876	0.0	0.0022222222222222222	0.0	0.0	0.0	0.0	0.0	7.28956228956229	3.3633333333333333	0.0	0.0	0.0	0.0	0.0	0.0	8.45888888888889	6.104060913705584	0.0	1.3066666666666666	0.8388888888888889	0.0	1.0066666666666666
19293	0.8914285714285715	1.494413407821229	0.0	0.0	0.0	0.0	0.0	0.0	0.0	9.640083945435467	2.7734994337485843	0.0	0.0	1.7355679702048417	0.0	0.0	0.0	9.07046332046332	5.866535819430815	0.0	0.0	0.0	0.0	0.0
19294	0.0	1.2160493827160495	0.0	0.0	0.0	0.0	0.0	0.0	0.0	6.074074074074074	8.035714285714286	0.32098765432098764	0.0	0.0	3.3950617283950617	0.0	0.0	11.472440944881889	0.9074074074074074	0.0	0.0	0.0	0.5802469135802469	0.0
19295	0.0	0.0	0.0	0.0	0.0	0.0	0.0	0.0	0.0	3.8620689655172415	1.43801652892562	0.0	0.0	0.0	0.0	0.0	0.0	5.2988505747126435	6.8671875	0.0	0.0	0.0	2.218390804597701	0.0
19296	0.0	5.521739130434782	1.460144927536232	0.0	2.369565217391304	0.0	0.0	0.0	0.0	7.729957805907173	2.795275590551181	0.0	0.0	0.0	1.608695652173913	0.0	0.0	8.047101449275363	7.00836820083682	0.0	0.0	1.5579710144927537	1.0289855072463767	0.0
19297	0.0	1.277602523659306	2.821292775665399	0.0	0.0	0.0	0.8242424242424242	0.0	0.0	12.832	3.8107714701601165	0.0	0.0	0.0	1.3123209169054442	0.0	0.0	9.987860394537178	1.573236889692586	0.0	0.0	0.0	0.0	0.0
19298	0.0	0.0	1.131687242798354	0.0	0.0	0.0	0.0	0.0	0.0	13.855721393034825	3.738425925925926	0.0	0.0	0.0	0.0	0.0	0.0	7.478672985781991	7.269230769230769	0.0	0.0	1.2366255144032923	0.0	0.0
19299	0.0	2.482093663911846	0.9173553719008265	0.0	0.0	0.0	0.0	0.0	0.0	12.253443526170798	2.53168044077135	0.0	0.0	0.0	0.0	0.0	0.0	8.688888888888888	6.257062146892656	0.0	0.0	0.0	0.0	0.0
19300	0.0	1.992233009708738	0.0	0.0	0.0	0.0	0.0	0.0	0.0	9.8948087431694	5.54614549402823	0.8324225865209471	0.0	0.0	0.0	0.0	0.0	9.672395273899033	2.9061085972850678	0.0	0.0	0.0	0.0	0.0
19301	0.0	2.8602540834845733	0.7565071368597817	0.0	0.0	0.10747271200671704	0.7237615449202351	0.0	0.0	10.766776677667767	3.0515574650912995	0.0	0.0	0.0	1.5481611208406305	0.0	0.0	11.953846153846154	3.897766323024055	0.0	0.22921914357682618	0.0	0.0	0.0
19302	0.0	1.7903149976492714	0.6346967559943583	0.0	0.0	0.0	0.6638457921955806	0.0	0.0	12.829461457233368	4.527363184079602	0.0	0.0	0.0	1.5602700096432016	0.0	0.0	9.902439024390244	4.099756690997567	0.0	0.0	0.0	0.8196371398078975	0.08274565115185707
19303	0.0	2.2690763052208833	0.0	0.0	0.0	0.0	0.0	0.0	0.0	12.417431192660551	2.2008032128514055	0.0	0.0	0.0	0.0	0.0	0.0	8.953488372093023	11.932926829268293	0.0	0.0	0.0	0.0	0.0
19304	0.0	1.7309875141884223	0.5329153605015674	0.0	0.0	0.0	0.0	0.0	0.0	13.229490022172948	2.7990867579908674	0.0	0.0	0.0	0.367816091954023	0.0	0.0	9.036170212765958	2.1438763376932224	0.0	0.0	0.0	0.0	0.0
19305	1.5261194029850746	2.104229607250755	0.0	0.0	0.0	0.0	0.0	0.0	0.0	11.179310344827586	3.108496732026144	0.40049751243781095	0.0	0.0	0.0	0.0	0.0	10.465444287729197	6.718508997429306	0.0	0.0	0.0	0.0	0.0
19306	0.0	1.6944012441679628	0.0	0.0	0.0	0.0	0.0	0.0	0.0	7.715629522431259	5.816051136363637	0.15473887814313347	0.0	0.0	0.0	0.0	0.0	9.01522842639594	6.212456747404844	0.0	0.0	0.0	0.7678916827852998	0.0
19307	0.0	2.0963855421686746	1.2530120481927711	0.0	0.0	0.0	0.0	0.0	0.0	12.736842105263158	2.931726907630522	0.0	0.0	0.0	1.3333333333333333	0.0	0.0	9.21359223300971	6.329317269076305	1.0240963855421688	0.0	0.0	0.0	0.0
19308	0.0	2.891113892365457	0.27796610169491526	0.0	0.0	0.0	0.0	0.0	0.0	10.432147562582346	2.0742778541953233	0.0	0.0	0.0	0.0	0.0	0.0	14.339401820546163	3.891552511415525	1.7322033898305085	0.0	0.0	0.7209039548022599	0.0
19309	0.0	3.2750642673521853	0.0	0.0	0.0	0.0	0.0	0.1328976034858388	0.0	11.891041162227603	5.714596949891067	0.10457516339869281	0.5577342047930284	0.0	1.908496732026144	0.0	0.0	16.282828282828284	2.8447204968944098	0.0	0.0	0.0	0.0	0.0
19310	0.0	2.2295805739514347	0.0	0.0	0.0	0.0	0.0	0.0	0.0	10.55188679245283	2.5456570155902005	0.0	0.0	0.0	2.0232558139534884	0.0	0.0	10.130242825607064	5.165865384615385	0.0	0.0	0.0	0.0	0.0
19311	0.0	4.159235668789809	1.109704641350211	0.0	0.0	0.0	0.0	0.0	0.0	13.645320197044335	0.6561514195583596	0.0	1.1561181434599157	0.0	0.0	0.0	0.0	5.951776649746193	0.9946949602122016	0.0	0.0	0.0	0.0	0.0
19312	0.0	0.0	1.6804407713498624	0.0	1.980716253443526	0.0	0.0	0.0	0.0	10.056737588652481	2.340909090909091	0.0	0.0	0.9944903581267218	1.5957446808510638	0.0	0.0	7.515759312320917	6.027548209366391	0.0	0.0	0.0	1.2396694214876034	0.0
19313	0.0	1.7608517608517609	0.0	0.0	0.0	0.0	0.0	0.0	0.0	14.260714285714286	4.077849860982391	0.0	0.0	0.0	1.1367731367731368	0.0	0.0	7.231006160164271	4.270029673590504	0.0	0.0	1.00990099009901	0.0	0.0
19314	0.0	4.10462074978204	0.6413502109704642	0.0	0.0	0.0	0.0	0.0	0.0	11.488780487804878	3.5314232902033273	0.0	0.0	0.0	0.0	0.0	0.0	6.099516908212561	5.020334928229665	0.7316455696202532	0.0	0.2109704641350211	0.9151696606786427	0.0
19315	0.3939393939393939	0.864696734059098	1.1803030303030304	0.24242424242424243	0.0	0.0	0.0	0.0	0.0	14.320251177394034	6.077586206896552	0.0	0.0	0.0	0.0	0.0	0.0	12.908450704225352	3.9516806722689077	0.15454545454545454	0.0	0.0	0.4727272727272727	0.0
19316	0.0	1.3864734299516908	0.0	0.0	0.0	0.0	0.0	0.0	0.0	8.047021943573668	3.0980392156862746	0.0	0.0	0.0	0.427536231884058	0.7294685990338164	0.0	9.817204301075268	5.021604938271605	0.0	0.0	3.282608695652174	0.0	0.0
19317	0.0	2.3698630136986303	2.276073619631902	0.0	0.0	0.0	0.0	0.0	0.0	7.059360730593608	2.470319634703196	0.0	0.0	0.0	1.1689497716894977	0.0	0.0	8.04109589041096	8.412322274881516	0.0	0.0	0.0	0.4474885844748858	0.0
19318	0.0	4.472527472527473	1.4242424242424243	3.3958333333333335	0.0	0.0	0.0	0.0	0.0	5.651515151515151	4.53030303030303	2.4393939393939394	0.0	0.0	0.0	0.0	1.6136363636363635	8.811965811965813	5.787878787878788	0.0	0.0	0.0	1.2878787878787878	0.0
19319	0.0	1.1985559566787003	0.0	0.0	0.0	0.0	0.0	0.0	0.0	10.06993006993007	5.296	0.0	0.0	0.0	0.0	0.0	0.0	9.513353115727003	6.0	1.6948228882833787	0.0	0.0	0.32266666666666666	0.0
19320	0.0	1.2906976744186047	1.4091954022988507	0.0	0.0	0.0	0.0	0.0	0.0	10.163594470046084	2.802298850574713	0.0	0.0	0.0	0.0	0.0	0.0	7.685483870967742	5.714942528735632	0.0	0.0	0.296551724137931	2.128735632183908	0.7710843373493976
19321	0.0	0.0	0.0	0.0	0.0	0.0	0.0	0.0	0.0	9.335106382978724	0.5159817351598174	0.0	0.0	0.0	0.730593607305936	0.0	0.0	12.31578947368421	1.2146118721461188	0.3105022831050228	0.0	0.0	1.1689497716894977	0.0
19322	0.0	0.0	0.0	0.0	0.0	0.0	0.0	0.0	0.0	10.536458333333334	1.303834808259587	3.7227138643067845	0.0	0.0	0.0	0.0	0.0	3.8306878306878307	3.0329218106995883	0.0	0.0	0.0	0.0	0.0
19323	0.0	0.0	1.2056737588652482	0.0	0.0	0.0	0.0	0.0	0.0	5.881578947368421	2.501831501831502	0.0	0.0	0.0	0.0	0.0	0.0	7.0177304964539005	0.0	0.0	0.0	0.0	0.0	0.0
19324	0.0	0.021021021021021023	0.0	0.0	0.0	0.0	0.4954954954954955	0.0	0.0	8.77007299270073	1.7597597597597598	0.0	0.0	0.0	0.0	0.0	0.0	6.2387543252595155	1.1081081081081081	0.0	0.0	0.0	0.0	0.0
19325	0.0	1.576068376068376	0.7293729372937293	0.0	0.0	0.0	0.4273927392739274	0.0	0.0	7.181159420289855	3.1714836223506744	0.0	1.231023102310231	0.0	0.0	0.0	0.0	8.541935483870967	4.0831792975970425	0.0	0.0	1.4158415841584158	1.0396039603960396	0.0
19326	0.9773691654879774	2.1188589540412046	0.0	0.0	0.0	0.0	0.0	0.0	0.0	9.1872	3.922813036020583	0.0	0.5152777777777777	0.0	0.0	0.0	0.0	9.26595744680851	1.3944444444444444	0.0	0.0	0.0	1.0928462709284628	0.0
19327	0.0	1.2254335260115607	0.011560693641618497	0.0	0.0	0.0	0.0	0.0	0.0	11.306358381502891	2.530456852791878	0.0	0.0	0.0	0.3583815028901734	0.0	0.0	10.09127789046653	3.658354114713217	0.0	0.0	0.325626204238921	0.8211009174311926	0.0
19328	0.0	1.8233502538071067	0.0	0.0	0.0	0.0	0.0	0.0	0.0	6.844932844932845	5.964971751412429	0.0	0.0	0.0	0.0	0.0	0.0	8.382617382617383	2.801169590643275	0.0	0.0	2.0558823529411763	1.8224852071005917	0.0
19329	0.0	0.0	2.2126126126126127	0.0	0.0	0.0	0.884990253411306	0.0	0.0	5.3369763205828775	2.516544117647059	0.0	0.0	0.0	0.0	0.0	0.0	7.893271461716937	1.1477477477477478	0.5927927927927928	0.0	0.5441441441441441	0.0	0.0
19330	0.0	3.829977628635347	0.0	0.0	0.0	0.0	0.0	0.0	0.0	3.442953020134228	3.492836676217765	0.0	0.0	0.0	0.0	0.0	0.0	8.245238095238095	5.140186915887851	0.0	0.0	0.0	0.0	0.0
19331	0.5755813953488372	1.9630390143737166	0.18992248062015504	0.0	0.8992248062015504	0.23449612403100775	0.0	0.0	0.4631782945736434	7.928879310344827	0.0	0.0	0.0	0.5891472868217055	1.1124031007751938	0.0	0.0	10.002994011976048	4.564285714285714	0.0	0.0	1.5271317829457365	0.0	0.0
19332	0.0	1.976923076923077	0.0	0.0	0.0	0.0	0.0	0.0	0.0	6.918625678119349	3.0547945205479454	0.0	0.0	0.0	0.0	0.0	0.0	5.594302554027505	4.121844127332602	0.0	0.0	0.0	0.0	0.0
19333	0.0	1.0298165137614679	0.0	0.0	0.0	0.0	0.0	0.0	0.0	9.252212389380531	2.7970903522205206	0.0	0.0	0.0	0.9703196347031964	0.0	0.0	5.983333333333333	5.536157779401023	0.0	0.0	0.0	0.0	0.0
19334	0.0	1.3471502590673574	0.7823834196891192	0.02936096718480138	0.0	0.0	0.06563039723661486	0.0	0.0	10.176258992805755	2.158241758241758	0.0	0.0	0.0	0.36614853195164077	0.0	0.0	6.729166666666667	1.8112033195020747	0.0	0.0	0.0	1.1433506044905009	0.0
19335	0.0	1.2042139384116695	0.0	0.0	0.0	0.0	0.0	0.0	0.0	9.007165605095542	2.2248005801305295	0.0	0.0	0.0	0.0	0.0	0.0	10.728220402084885	5.746428571428571	0.0	0.0	0.0	0.5249343832020997	0.0
19336	0.0	2.4751552795031055	0.5320910973084886	0.0	0.0	0.0	0.5113871635610766	0.0	0.0	15.395445134575569	4.3229813664596275	0.0	0.0	0.0	1.2867494824016563	0.0	0.0	10.719298245614034	6.835555555555556	0.0	0.0	0.10555555555555556	0.2246376811594203	0.0
19337	0.0	0.9185185185185185	0.0	0.0	0.0	0.014814814814814815	0.0	0.0	0.0	4.92	10.027149321266968	1.4407407407407407	0.0	2.977777777777778	1.1555555555555554	0.0	0.0	6.743016759776537	5.033333333333333	6.706563706563706	0.0	0.0	2.3555555555555556	0.0
19338	0.0	4.353070175438597	0.7670807453416149	0.0	0.0	0.0	0.0	0.0	0.0	14.640350877192983	4.8319559228650135	0.0	0.0	0.0	0.0	0.0	0.0	5.076062639821029	3.131868131868132	1.655701754385965	0.0	1.1666666666666667	0.0	0.0
19339	0.0	0.0	0.0	0.5203252032520326	0.0	0.0	0.03523035230352303	0.0	0.0	6.88135593220339	11.361538461538462	0.11382113821138211	0.0	0.0	2.4607046070460705	0.0	0.0	10.067846607669617	2.421455938697318	0.0	0.5230352303523035	0.0	0.45528455284552843	0.0
19340	0.0	1.7977369165487977	0.6554726368159204	0.0	0.0	0.0	0.4502487562189055	0.0	0.0	9.626262626262626	2.4435994930291507	0.0	0.972636815920398	0.0	1.0696774193548386	0.0	0.0	9.473262032085561	7.376850605652759	0.4975124378109453	1.0298507462686568	0.0	0.0	0.0
19341	0.0	2.86535552193646	0.0	0.0	0.0	0.0	0.0	0.0	0.0	7.308892355694228	2.5526315789473686	0.0	0.02643171806167401	0.0	1.0249632892804699	0.0	0.0	11.958053691275168	3.3360655737704916	0.0	0.0	1.9030837004405285	0.6607929515418502	0.0
19342	0.0	1.801223241590214	0.0	0.0	0.0	0.0	0.0	0.0	0.0	10.115254237288136	2.5153846153846153	2.4464831804281344	0.0	0.0	0.8990825688073395	0.0	0.0	6.454545454545454	6.096153846153846	0.07033639143730887	0.47706422018348627	0.0	2.7553516819571864	0.0
19343	0.0	1.4969879518072289	0.0	0.0	0.0	1.7412935323383085	0.0	0.0	0.0	8.158536585365853	4.610027855153203	0.0	0.0	0.0	0.0	0.0	0.0	10.71523178807947	5.189054726368159	0.0	0.0	0.0	0.47512437810945274	0.7512437810945274
19344	0.0	2.6528662420382165	0.0	0.7037037037037037	0.0	0.0	0.0	0.0	0.0	11.41326530612245	7.531428571428571	0.0	0.0	0.0	1.6098765432098765	0.0	0.0	6.785185185185185	5.576923076923077	0.0	0.0	0.0	0.0	4.769607843137255
19345	0.0	0.0	0.6086142322097379	0.0	0.0	0.0	0.0	0.0	0.0	10.87699680511182	5.367303609341826	0.5550239234449761	0.0	0.0	2.2535885167464116	0.0	0.0	13.688311688311689	6.199530516431925	0.0	0.0	0.0	1.189792663476874	0.0
19346	0.0	2.1088992974238874	0.6636363636363637	0.0	0.0	0.0	0.0	0.0	0.0	13.235981308411215	2.734265734265734	0.0	0.5353535353535354	0.0	1.9585858585858587	0.0	0.0	6.873487348734874	2.8940329218106995	0.0	0.0	0.0	1.108080808080808	0.0
19347	0.0	5.715686274509804	0.0	0.0	0.0	0.0	0.0	0.0	0.0	10.159574468085106	6.884057971014493	0.0	0.0	0.0	0.0	0.0	0.0	6.093922651933702	0.357487922705314	0.0	0.0	0.0	0.0	0.0
19348	0.0	1.6152125279642058	2.7167919799498748	0.0	0.0	0.0	0.6666666666666666	0.0	0.0	13.26578947368421	2.473972602739726	0.29082774049217003	0.0	0.0	0.0	0.0	0.0	9.33254716981132	4.0	0.0	0.0	0.0	0.0	0.0
19349	0.0	0.0	0.10909090909090909	0.0	0.0	0.0	0.0	0.0	0.0	12.373015873015873	6.593939393939394	1.187878787878788	0.2909090909090909	0.024242424242424242	0.07272727272727272	0.8121212121212121	0.0	10.745454545454546	3.5393939393939395	0.20606060606060606	0.0	0.0	0.696969696969697	0.0
19350	0.0	1.8426966292134832	1.410736579275905	0.0	0.0	0.0	1.6916354556803994	0.0	0.0	9.269026548672567	1.9225967540574282	0.0	0.0	0.0	1.6658227848101266	0.3620474406991261	0.0	6.707740916271722	3.83270911360799	0.0	0.0	0.0	0.0	0.0
19351	0.0	3.422222222222222	0.0	0.0	0.0	0.0	0.0	0.0	0.0	3.422222222222222	2.4444444444444446	0.0	0.0	0.0	0.0	0.0	0.0	11.206185567010309	6.022900763358779	0.0	0.9555555555555556	0.0	0.0	0.0
19352	0.0	2.6065436241610738	0.0	0.0	0.0	0.0	0.0	0.0	0.0	7.470935960591133	3.107269503546099	0.0	0.0	0.0	0.2195318805488297	0.0	0.0	7.152347209920284	6.034883720930233	0.0	0.0	0.6816367265469062	0.0	0.0
19353	0.0	2.530815109343936	0.0	0.0	0.0	0.0	0.0	0.0	0.0	7.216666666666667	2.8333333333333335	0.0	0.0	0.0	0.0	0.0	0.0	14.941923774954628	2.2839506172839505	0.0	0.0	0.0	0.0	0.0
19354	0.0	1.7307380373073804	0.0	0.0	0.0	0.0	0.0	0.0	0.0	5.697633654688869	4.922743055555555	0.0	0.0	0.07664497469269703	1.4887924801156904	0.0	0.0	8.199017199017199	1.4081272084805654	0.0	0.0	0.0	0.0	0.0
19355	0.0	1.506079027355623	0.0	0.0	0.0	0.0	0.48936170212765956	0.0	0.0	9.026994601079783	3.9957173447537473	0.0	0.0	0.0	0.9797365754812564	0.0	0.0	8.889957907396273	3.0155917788802267	0.3515704154002026	0.09219858156028368	0.0	0.0	0.0
19356	11.944038929440389	0.0	1.5498783454987834	0.0	0.877906976744186	0.0	0.0	0.0	5.263546798029557	0.0	0.0	0.0	0.0	1.2846715328467153	0.0	0.0	9.144772117962466	0.3333333333333333	1.067251461988304	0.0	0.0	4.378516624040921	0.0	0.0
19357	0.36884057971014494	3.3872549019607843	0.0	0.0	0.03188405797101449	0.0	0.0	0.0	0.057971014492753624	7.468634686346864	1.4212454212454213	0.0	0.0	0.0	0.0	0.0	0.0891304347826087	7.64078431372549	2.6077943615257047	0.0	0.0	0.9072463768115943	0.0	0.0
19358	0.0	0.7364341085271318	0.0	1.1317829457364341	0.0	0.0	0.0	0.0	0.0	12.628808864265928	2.6873385012919897	0.43410852713178294	0.0	0.0	0.0	0.0	0.0	6.282321899736147	6.381615598885793	0.0	0.0	0.0	0.8553846153846154	0.0
19359	0.0	1.9507575757575757	1.7160751565762005	0.0	0.0	0.0	1.481060606060606	0.0	0.0	7.6257197696737045	2.1818181818181817	0.6079545454545454	0.0	0.0	0.0	0.0	0.0	4.969483568075117	2.753787878787879	0.0	0.0	0.0	0.5265151515151515	0.0
19360	0.0	0.8340248962655602	1.102992345163535	0.0	0.0	0.0	0.0	0.0	0.0	9.081016679904685	2.674363057324841	0.0	0.0	0.0	0.8415622697126013	0.3813500347947112	0.0	6.2744	3.25591985428051	0.0	0.0	0.0	1.3813500347947112	1.0508002783576895
19361	0.0	0.8100558659217877	0.0	0.0	0.0	0.0	1.0472895040369088	0.0	0.0	10.684563758389261	3.121387283236994	0.0	0.0	0.0	0.0	0.0	0.0	10.047322540473225	4.142857142857143	0.0	0.0	0.0	0.0	0.0
19362	0.0	0.5848484848484848	1.7737373737373738	0.0	0.0	0.0	0.030303030303030304	0.0	0.06464646464646465	10.856304985337243	0.0	0.0	0.0	0.21616161616161617	0.0	0.0	0.08484848484848485	5.789308176100629	2.882222222222222	0.0	0.0	0.34949494949494947	0.0	0.0
19363	0.0	0.8236453201970443	0.35857267188859876	0.0	0.0	0.0	0.0	0.0	0.0	4.132149901380671	2.296377607025247	0.0	0.0	0.0	1.484769364664926	0.0	0.0	7.002712477396022	2.548802946593002	0.0	0.0	0.0	0.9613428280773143	0.6057441253263708
19364	0.0	1.1000834028356965	0.0	0.0	0.0	0.0	0.0	0.0	0.0	10.667023554603855	5.61128526645768	0.0	0.0	0.0	3.9244897959183676	0.0	0.0	8.154891304347826	3.993963782696177	0.0	0.0	0.0	0.0	0.24374495560936238
19365	0.0	2.845878136200717	0.021505376344086023	0.0	0.0	0.0	0.0	0.0	0.0	15.913978494623656	4.477178423236515	0.0	0.0	0.0	1.2293906810035842	0.0	0.0	8.051282051282051	7.121863799283154	0.0	0.0	0.0	1.7275985663082438	0.0
19366	0.0	2.466666666666667	0.0	0.0	0.0	0.0	0.0	0.0	0.0	10.963509991311902	3.7596532702915684	0.0	0.7792022792022792	0.0	0.0	0.0	0.19373219373219372	8.948717948717949	3.469527896995708	0.0	0.0	0.0	0.0	0.0
19367	0.0	0.0	0.0	0.2714285714285714	4.6761904761904765	0.0	0.0	0.0	0.0	4.566666666666666	0.29523809523809524	0.0	0.0	0.0	1.4857142857142858	0.0	0.0	5.004761904761905	5.189781021897811	0.0	0.0	0.44761904761904764	0.0	0.0
19368	0.0	2.2718023255813953	0.0	0.0	0.0	0.0	0.0	0.0	0.0	10.315635655138822	0.9726585223967423	0.0	0.0	0.0	0.8517200474495848	0.0	0.0	8.799640071985603	5.768969422423556	0.0	0.0	0.0	0.0	0.0
19369	0.0	1.2108843537414966	0.0	0.0	0.0	0.0	0.0	0.0	0.0	9.16326530612245	5.559210526315789	2.1054421768707483	0.0	0.0	0.0	0.0	0.0	9.268707482993197	0.9829931972789115	1.0238095238095237	0.0	0.5714285714285714	0.0	0.0
19370	0.0	1.5570175438596492	0.3216374269005848	0.15935672514619884	0.0	0.0	0.0	0.7192982456140351	0.0	10.432692307692308	7.8068739770867435	0.0	0.0	0.0	0.7807017543859649	0.0	0.0	6.61122244488978	4.188449848024316	0.0	0.0	0.0	0.0	0.0
19371	0.0	5.393867924528302	0.0	0.0	0.0	0.0	0.0	0.0	0.0	9.943907156673115	5.377398720682303	0.0	0.0	0.0	0.0	0.0	0.0	6.949886104783599	6.118451025056948	0.0	0.0	0.0	0.0	0.0
19372	14.72609819121447	1.3085714285714285	0.0	0.0	0.7803617571059431	0.0	0.0	0.0	8.74921630094044	4.304909560723514	0.7781818181818182	0.0	0.0	0.0	0.0	0.0	23.546546546546548	0.2868217054263566	6.3824289405684755	0.0	0.0	1.004201680672269	0.4160206718346253	0.0
19373	11.537735849056604	0.0	0.0	0.0	1.0465116279069768	0.0	0.0	0.0	3.6285714285714286	0.0	0.0	0.0	0.0	1.62015503875969	0.0	0.0	8.926829268292684	0.0	4.676991150442478	0.0	0.0	3.8728070175438596	0.0	0.0
19374	0.0	1.835799859055673	0.0	0.0	0.0	0.0	0.0	0.0	0.0	8.230488694383661	3.406844106463878	0.0	0.0	0.0	0.0	0.0	0.0	6.747930082796688	5.754121863799283	0.0	0.0	0.0	0.3382663847780127	0.0
19375	0.0	1.0173310225303294	0.0	0.0	0.12260536398467432	0.0	0.0	0.0	0.0	9.088534107402031	2.765006385696041	0.0	0.0	0.0	0.47381864623243936	0.0	0.0	5.823439878234399	4.67076923076923	0.0	0.36015325670498083	0.0	0.09961685823754789	0.0
19376	0.0	3.6331269349845203	0.0	0.0	0.0	0.0	0.0	0.0	0.0	8.03342618384401	3.1325301204819276	0.0	0.0	0.0	0.0	0.0	0.0	8.101361573373676	0.9491525423728814	0.7071524966261808	0.0	0.0	0.0	0.0
19377	0.0	1.3315696649029982	0.0	0.0	0.0	0.0	0.0	0.0	0.0	8.928571428571429	3.610800744878957	1.342151675485009	0.0	0.0	1.8977072310405643	0.0	0.0	9.932735426008968	4.12590799031477	0.0	0.0	1.342151675485009	0.0	1.1975308641975309
19378	0.0	1.7511674449633088	0.0	0.0	0.0	0.0	0.0	0.0	0.0	7.19622641509434	3.2774703557312255	0.0	0.0	0.0	0.8552005438477226	0.0	0.0	9.558258642765685	2.9668246445497632	0.6157556270096463	0.0	0.0	0.0	0.0
19379	0.0	1.707442258340462	0.9356223175965666	0.0	0.0	0.0	1.767156862745098	0.0	0.0	9.904504504504505	3.1534926470588234	0.0	0.0	0.5849673202614379	0.5833333333333334	0.0	0.0	10.431978798586572	3.9418254764292877	0.0	0.0	0.45098039215686275	1.3088235294117647	0.0
19380	0.0	2.0931603773584904	0.0	0.0	0.0	0.0	0.0	0.0	0.0	11.476987447698745	2.3387755102040817	0.0	0.0	0.0	0.0	0.0	0.0	9.06183745583039	2.990328820116054	0.0	0.0	0.0	0.5977011494252874	0.0
19381	0.25593395252837975	2.3808049535603715	1.501547987616099	0.0	0.0	0.0	0.7915376676986584	0.0	0.0	9.496478873239436	4.645801526717557	0.0	0.0	0.0	1.405152224824356	0.0	0.0	11.108140947752126	2.6945812807881775	0.0	0.0	0.0	0.5118679050567595	0.0
19382	0.0	2.78	4.602150537634409	0.0	0.0	0.0	0.0	0.0	0.0	10.774193548387096	7.946666666666666	0.0	0.0	0.0	0.0	0.0	0.0	5.413333333333333	3.506666666666667	0.0	0.0	0.0	0.0	0.0
19383	0.0	1.035598705501618	0.0	0.0	0.0	0.0	0.0	0.0	0.0	6.770226537216828	8.46938775510204	0.0	0.0	0.0	1.1779935275080906	0.0	0.0	3.9449838187702264	4.077669902912621	0.0	0.0	0.0	0.0	0.0
19384	0.0	0.7577519379844961	0.0	0.6235632183908046	0.0	0.0	0.0	0.0	0.0	12.125776397515528	3.0919540229885056	0.0	0.0	0.0	0.0	0.0	0.0	11.649180327868853	3.5032362459546924	1.8836206896551724	0.0	0.0	0.0	0.0
19385	0.33755274261603374	5.006711409395973	0.0	0.0	0.0	0.0	0.0	0.0	0.0	11.311154598825832	5.399641577060932	0.0	0.0	0.0	0.0	0.0	0.0	8.859842519685039	2.9493293591654246	0.33052039381153303	1.6033755274261603	0.0	0.0	0.0
19386	0.0	1.1839080459770115	2.9466666666666668	0.0	0.0	0.0	0.0	0.7758620689655172	0.0	19.136170212765958	2.0357142857142856	0.0	0.0	1.0344827586206897	0.0	0.0	0.0	9.174074074074074	3.7870967741935484	0.0	0.0	0.0	0.5402298850574713	0.0
19387	0.0	0.7259713701431493	1.1206543967280163	0.0	0.0	0.0	0.0	0.0	0.0	7.6764018691588785	3.080168776371308	0.0	0.0	0.0	0.7919621749408984	0.0	0.0	11.369465648854963	4.577374599786553	0.0	0.0	1.3529411764705883	0.0	0.0
19388	0.0	1.0921985815602837	0.0	0.0	0.0	0.0	0.0	0.0	0.0	8.082644628099173	7.917355371900826	0.0	2.858156028368794	1.3049645390070923	1.5602836879432624	0.0	0.0	8.26126126126126	4.198581560283688	1.2056737588652482	0.0	0.0	0.0	0.0
19389	0.2389428263214671	0.9969493593654668	0.906688241639698	0.0	0.0	0.0	0.14563106796116504	0.0	0.0	10.103930712858094	3.9748352306770522	0.0	0.3705501618122977	0.0	0.703344120819849	0.0	0.0	9.26227208976157	3.138578978273635	0.8689320388349514	0.0	0.0	0.8581445523193096	0.0
19390	0.0	2.238532110091743	0.0	0.0	0.0	0.0	0.0	0.0	0.0	1.3985507246376812	0.0	0.0	0.0	0.0	0.0	0.0	0.0	2.6159420289855073	0.0	0.0	0.0	0.0	0.0	0.0
19391	0.0	0.8955223880597015	0.04228855721393035	0.0	0.0	0.0	0.0	0.0	0.0	1.5298507462686568	0.0	0.0	0.0	0.0	0.0	0.0	0.0	5.893382352941177	1.691542288557214	0.0	0.0	0.0	0.0	0.0
19392	0.0	0.0	0.0	0.0	0.0	0.0	0.0	0.0	0.0	3.2745098039215685	1.477124183006536	1.3071895424836601	0.0	0.0	0.0	0.0	0.0	13.444444444444445	0.0	0.0	0.0	0.0	1.6209150326797386	0.0
19393	0.0	0.43772893772893773	1.0421245421245422	0.0	0.0	0.0	0.0	0.0	0.0	6.344455348380765	0.847985347985348	0.0	0.0	0.0	1.3663003663003663	0.0	0.0	4.0246913580246915	1.6753381893860562	0.0	0.0	0.0	0.0	0.0
19394	0.0	0.5206349206349207	0.0	0.0	0.0	0.0	0.0	0.0	0.0	14.203208556149733	3.933333333333333	0.0	0.0	0.0	0.0	0.0	0.0	10.04140127388535	5.266666666666667	0.0	0.0	0.0	2.577777777777778	0.0
19395	0.0	3.855287569573284	0.0	0.0	0.0	0.0	0.0	0.0	0.0	5.692695214105793	2.8780068728522337	0.0	0.0	0.2508591065292096	0.0	0.0	0.0	6.626666666666667	3.5549828178694156	0.0	0.0	0.0	0.0	0.0
19396	9.028846153846153	1.4935897435897436	1.2745098039215685	0.0	0.0	4.03056768558952	1.7115384615384615	0.0	3.5544871794871793	11.702508960573477	2.5548172757475083	0.8365384615384616	0.0	5.092233009708738	0.0	1.7243589743589745	16.557692307692307	10.737179487179487	8.85576923076923	0.0	0.0	2.871794871794872	0.967948717948718	0.0
19397	0.0	2.6382775119617223	0.0	0.0	0.0	0.0	0.0	0.0	0.0	9.93230403800475	4.49249530956848	0.0	0.08239700374531835	0.0	0.0	0.0	0.0	7.520395550061805	4.948275862068965	0.0	0.0	0.0	0.0	0.0
19398	0.0	1.7660818713450293	0.0	0.0	0.0	0.8830409356725146	0.0	2.134502923976608	0.0	9.865497076023392	3.9495798319327733	0.0	0.0	0.0	0.6432748538011696	0.0	0.0	5.181467181467181	1.6929824561403508	0.0	0.0	0.0	0.0	0.0
19399	0.0	1.7639198218262806	0.7423423423423423	0.0	0.0	0.0	0.0	0.0	0.0	7.418708240534521	1.5891891891891892	0.0	0.0	0.6018018018018018	0.9117117117117117	0.0	0.0	6.634715025906735	3.165289256198347	0.0	0.0	0.0	0.9009009009009009	0.0
19400	0.0	1.4754098360655739	0.060109289617486336	0.0	0.0	0.0	0.0	0.0	0.0	7.1602209944751385	1.8360655737704918	0.0	0.0	0.0	2.310810810810811	0.0	0.0	3.2888888888888888	2.469945355191257	0.0	0.0	0.0	1.3715846994535519	0.0
19401	0.0	2.749598715890851	0.0	0.0	0.0	0.01951951951951952	0.0	0.0	0.0	10.735915492957746	4.027914614121511	0.0	0.0	0.0	1.2822822822822824	0.0	0.0	5.216510903426792	2.3742071881606766	0.0	0.0	0.0	1.2117117117117118	0.0
19402	0.0	2.378205128205128	0.0	0.0	0.0	0.0	0.0	0.0	0.0	12.625806451612902	3.230769230769231	1.064102564102564	0.0	0.0	1.3333333333333333	0.0	0.0	10.64655172413793	3.6778523489932886	0.0	0.0	0.0	0.0	0.0
19403	0.0	0.9519230769230769	2.369369369369369	0.0	0.0	0.0	0.0	0.0	0.0	10.98044009779951	3.7295373665480427	0.0	0.01126126126126126	0.0	0.0	0.0	0.0	19.06341463414634	4.654676258992806	0.0	0.17567567567567569	0.0	0.0	0.0
19404	0.0	1.906060606060606	0.0	0.0	0.0	0.0	0.0	0.0	0.0	8.725694444444445	1.915151515151515	0.0	0.0	0.0	1.187878787878788	0.0	0.0	10.13	1.0515151515151515	0.0	0.0	2.1545454545454548	0.0	0.0
19405	0.0	2.6551724137931036	0.0	0.0	0.0	0.0	0.1685823754789272	0.0	0.0	12.64	2.1149425287356323	0.0	0.0	0.0	0.0	0.0	0.0	10.030150753768844	1.4597701149425288	0.0	0.0	0.0	0.0	0.0
19406	0.0	1.0675195451314854	0.0	0.0	0.0	0.0	0.0	0.0	0.0	5.444078947368421	1.8069230769230769	0.0	0.0	0.0	0.0	0.0	0.0	5.571681415929204	1.3404406538734897	0.0	0.0	0.0	0.0	0.12224591329068941
19407	0.0	0.0	0.0	0.0	0.0	0.0	4.363636363636363	0.0	0.0	8.699115044247788	0.0	0.0	0.0	0.0	0.0	0.0	0.0	1.6916666666666667	6.983050847457627	0.0	0.0	0.0	0.3181818181818182	0.0
19408	0.0	2.6363636363636362	0.0	0.0	0.0	0.0	0.0	0.0	0.0	4.03030303030303	0.0	0.0	0.0	0.0	0.0	0.0	0.0	7.595959595959596	8.969696969696969	0.0	0.0	0.0	0.0	0.0
19409	0.0	0.7849462365591398	0.0	0.0	0.0	0.0	1.5698924731182795	0.0	0.0	4.740196078431373	3.6043010752688174	0.0	0.0	0.0	0.0	0.0	0.0	3.3950276243093924	4.599236641221374	0.0	0.0	0.9978494623655914	0.0	0.0
19410	0.0	1.7927927927927927	0.0	0.0	0.0	0.0	1.4324324324324325	0.0	0.0	4.677631578947368	3.8018018018018016	0.0	0.0	0.0	0.0	0.0	0.0	7.112612612612613	3.5175879396984926	0.0	0.0	0.0	1.027027027027027	0.0
19411	0.0	0.0	0.0	0.0	0.0	0.0	0.0	0.03389830508474576	0.0	0.7288135593220338	6.848275862068966	0.0	0.0	0.0	1.384180790960452	0.0	0.0	5.282442748091603	3.07909604519774	0.0	0.0	0.0	0.0	0.4576271186440678
19412	0.0	1.8314176245210727	0.24521072796934865	0.0	0.0	0.0	0.9540229885057471	0.0	0.0	1.1226053639846743	2.7630522088353415	0.0	0.0	0.0	0.0	0.0	0.0	4.813008130081301	6.717703349282297	0.6934865900383141	0.0	0.0	0.0	0.022988505747126436
19413	0.0	2.799145299145299	0.0	0.0	0.0	0.0	0.0	0.0	0.0	11.757575757575758	2.4444444444444446	0.0	0.0	0.0	0.0	0.0	0.0	10.148148148148149	0.65625	0.0	0.0	0.0	0.0	0.0
19414	0.0	0.0	0.0	0.0	0.0	0.0	0.0	0.0	0.0	11.413385826771654	1.6254295532646048	0.0	0.0	0.0	0.6650717703349283	0.0	0.0	9.104545454545455	2.6614785992217898	0.9518900343642611	0.0	0.8810408921933085	0.0	0.38831615120274915
19415	0.0	0.6956521739130435	0.0	0.0	0.0	0.0	0.0	0.0	0.0	7.572192513368984	1.6618357487922706	0.0	0.0	0.0	1.4202898550724639	0.0	0.0	8.157303370786517	5.0	0.2463768115942029	0.0	0.0	0.0	0.0
19416	0.0	0.5323741007194245	0.0	0.14871794871794872	0.0	0.0	0.0	0.0	0.0	9.993579454253611	4.309651474530831	0.0	0.0	0.0	0.0	0.0	0.0	7.3062605752961085	3.1925545571245184	0.7705128205128206	0.0	0.5855263157894737	0.0	0.0
19417	0.0	1.0984848484848484	0.0	0.0	0.0	0.0	0.0	0.0	0.0	10.953947368421053	4.274231678486998	1.173913043478261	0.8589164785553047	0.0	0.5993788819875776	0.0	0.0	10.095905172413794	4.25	0.0	0.0	0.3905325443786982	0.0	0.0
19418	0.0	2.191666666666667	0.0	0.0	0.0	0.0	0.0	0.0	0.0	14.177049180327868	4.009009009009009	0.0	0.0	2.272222222222222	1.1166666666666667	0.0	0.0	6.8694444444444445	1.9277777777777778	0.0	1.3694444444444445	0.0	0.0	0.0
19419	0.0	0.8940809968847352	0.0	0.8566978193146417	0.0	0.0	0.0	0.0	0.0	6.9714285714285715	1.2461059190031152	0.0	0.0	0.0	0.0	0.0	0.0	12.742574257425742	3.1682242990654204	0.0	0.48598130841121495	0.0	0.0	0.0
19420	0.0	1.0170340681362726	0.0	0.0	0.0	0.21959755030621173	0.28346456692913385	0.0	0.0	6.743440233236152	1.7986111111111112	0.46106736657917763	0.0	0.18285214348206474	1.1829155060352832	0.0	0.0	10.070907194994787	4.80379746835443	0.0	0.0	0.0	0.0	0.0
19421	0.0	2.3035714285714284	0.0	0.0	0.0	0.0	0.0	0.0	0.0	2.1666666666666665	0.0	0.0	0.0	0.7083333333333334	0.0	0.0	0.0	6.181159420289855	4.559523809523809	0.0	0.0	0.0	0.0	0.0
19422	0.0	2.2216666666666667	0.0	0.0	0.0	0.0	0.0	0.0	0.0	5.272893772893773	1.5238095238095237	0.0	0.0	0.0	1.2915951972555746	0.0	0.0	6.364864864864865	2.3579638752052543	0.0	0.0	1.1869639794168096	0.0	0.0
19423	0.0	0.0	0.0	0.0	0.0	0.0	0.0	0.0	0.0	2.9444444444444446	5.530864197530864	0.0	0.0	0.0	0.0	0.0	0.0	7.890510948905109	1.3580246913580247	0.0	0.0	0.12345679012345678	0.0	0.0
19424	0.0	1.954356846473029	1.0356083086053411	0.0	0.0	0.0	0.9971988795518207	0.0	0.0	20.797235023041473	5.807874015748031	0.0013831258644536654	0.0	0.0	1.8810511756569848	0.0	0.0	19.034267912772584	7.4028662420382165	0.921161825726141	0.0	0.4426002766251729	0.9951534733441034	0.0
19425	0.0	0.9688013136288999	1.3924466338259442	0.0	0.0	0.0	0.0	0.0	0.0	7.750883392226148	2.1789819376026274	0.0	0.0	0.0	1.8341543513957308	0.0	0.0	5.94107452339688	1.3471615720524017	0.11658456486042693	0.0	0.2742200328407225	0.0	0.0
19426	0.0	1.7732484076433122	0.0	0.0	0.0	0.0	0.0	0.0	0.0	11.49936788874842	3.321956769055745	0.0	0.0	0.0	0.7792792792792793	0.0	0.0	6.7770193401592715	0.7976391231028668	0.0	0.0	0.0	0.0	0.0
19427	0.0	2.0167464114832536	0.0	0.0	0.0	0.0	0.0	0.0	0.0	12.89423076923077	4.765625	0.8137931034482758	0.0	0.0	0.7402298850574712	0.0	0.0	10.535632183908046	4.813793103448276	0.0	0.0	0.0	2.0629722921914357	0.0
19428	0.0	1.421875	1.6326530612244898	0.0	0.0	0.0	0.0	0.0	0.0	13.415990730011588	2.8266360505166475	0.0	0.0	0.0	0.0	0.0	0.0	8.686666666666667	4.958668197474168	0.0	0.0	0.0	0.0	0.0
19429	0.0	2.7161458333333335	0.0	0.0	0.0	0.0	0.0	0.0	0.0	8.873156342182892	0.0	0.0	0.0	0.6666666666666666	0.7942122186495176	0.0	0.0	4.809523809523809	3.1105121293800537	0.6119791666666666	0.0	0.0	0.0	0.0
19430	0.0	0.0	0.0	0.0	0.0	0.0	0.0	0.0	0.0	4.782677165354331	1.235080058224163	0.0	0.0	0.0	0.0	0.0	0.0	5.067612687813022	1.0918238993710692	0.0	0.2792452830188679	0.0	0.665751544269046	0.0
19431	0.0	0.0	0.0	0.0	0.0	0.0	0.0	0.0	0.0	7.914572864321608	0.9904306220095693	0.11926605504587157	0.0	0.0	1.8256880733944953	0.0	0.0	3.2127659574468086	1.1093439363817097	0.0	0.8012232415902141	0.0	0.0	0.8103975535168195
19432	0.0	1.776566757493188	0.0	0.0	0.0	0.0	0.0	0.0	0.0	6.930362116991644	2.703056768558952	0.0	0.0	0.0	2.2420382165605095	0.0	0.0	5.528907922912206	1.7507507507507507	0.0	0.0	0.0	0.0	0.0
19433	0.0	1.8026607538802661	0.4497863247863248	0.0	0.0	0.0	0.0	0.0	0.0	15.440699126092385	3.724428399518652	1.1914648212226067	0.0	0.0	0.935687263556116	0.16452991452991453	0.0	8.057618437900128	1.8419721871049304	0.0	0.0	0.8646441073512252	0.0	0.18376068376068377
19434	0.0	3.2614840989399294	0.0	0.0	1.496	0.0	0.26666666666666666	0.0	0.0	4.929577464788732	2.247159090909091	0.0	1.3813333333333333	0.5719844357976653	1.6746666666666667	0.0	0.0	6.973913043478261	1.9626666666666666	0.0	0.0	3.8506666666666667	0.0	0.0
19435	1.5703703703703704	0.0	0.0	0.0	0.0	0.5814814814814815	1.3222222222222222	0.0	0.0	16.113744075829384	2.8048780487804876	0.0	0.0	0.0	0.0	0.0	0.0	7.764227642276423	0.7962962962962963	0.17777777777777778	0.0	3.1346153846153846	0.0	0.0
19436	0.0	0.8837209302325582	0.0	0.0	0.0	0.5424588086185045	0.0	0.0	0.0	7.617957746478873	4.451169188445667	0.0	0.0	0.0	1.6223067173637515	0.0	0.0	4.018575851393189	5.216524216524217	0.0	0.0	0.0	0.0	0.0
19437	0.0	0.0	0.0	0.0	0.0	0.0	0.0	0.0	0.0	7.756410256410256	3.8656716417910446	0.0	0.0	0.0	0.0	0.0	0.0	10.922885572139304	4.962686567164179	0.0	0.0	0.0	0.0	0.0
19438	0.0	1.1869436201780414	0.0	0.40707964601769914	0.16519174041297935	0.0	0.0	0.0	0.0	7.143939393939394	1.2861356932153392	0.471976401179941	0.0	2.982300884955752	1.8696969696969696	1.551622418879056	0.0	6.229965156794425	1.2920353982300885	0.45427728613569324	0.0	3.082474226804124	0.0	0.0
19439	0.09299719887955182	1.4497319034852547	0.0	0.0	0.0	0.0	0.0	0.0	0.0	10.263709677419355	2.600480384307446	0.0	0.0	0.0	0.14565826330532214	0.0	0.0	6.867383512544803	2.894230769230769	0.0	0.0	1.0	0.0	0.0
19440	0.0	2.1164021164021163	1.2598039215686274	0.0	0.0	0.0	0.0	0.0	0.0	4.026315789473684	5.0066445182724255	0.0	0.00980392156862745	0.0	0.0	1.1151960784313726	0.0	3.409313725490196	3.9116809116809117	0.0	0.29411764705882354	0.8308823529411765	1.2892156862745099	0.0
19441	0.0	1.1967213114754098	0.0	0.0	0.0	0.0	0.0	0.0	0.0	9.529850746268657	6.360655737704918	0.0	0.0	0.0	0.28415300546448086	0.0	0.0	5.972677595628415	9.175182481751825	0.0	0.0	0.0	1.9562841530054644	0.0
19442	0.0	4.7754077791718945	2.027056277056277	0.0	0.0	0.0	0.0	0.0	0.0	10.423680456490727	5.039164490861618	0.0	0.0	0.0	0.0	0.0	0.0	10.883388338833884	4.568060021436227	0.11041009463722397	0.0	0.0	1.295478443743428	0.0
19443	0.0	2.0615735461801594	0.0	0.0	0.0	0.0	0.0	0.0	0.0	8.607843137254902	5.24113475177305	0.0	0.0	0.0	0.0	0.0	0.0	4.323922734026746	5.0060827250608275	0.9306029579067122	0.0	0.0	0.0	0.0
19444	0.0	1.8148148148148149	0.0	0.0	0.0	0.0	0.0	0.0	0.0	16.66137566137566	6.335664335664336	0.708994708994709	0.0	5.018987341772152	0.9788359788359788	6.814814814814815	0.0	11.46031746031746	3.751592356687898	0.0	0.0	3.677248677248677	0.0	0.0
19445	0.0	3.2074592074592077	0.0	0.0	0.0	0.0	1.0178571428571428	0.0	0.0	11.108695652173912	2.3702830188679247	0.0	0.5198412698412699	0.0	0.6369047619047619	0.0	0.0	8.726358148893361	6.213333333333333	0.0	0.0	3.824207492795389	0.7063492063492064	0.0
19446	0.0	1.0341419586702605	0.42473745624270715	0.0	0.0	0.0	0.8900308324768756	0.0	0.014375561545372867	13.092402464065708	1.6487695749440716	0.0	0.0	0.0	0.7926829268292683	0.0	0.0	7.064321608040201	5.041414141414141	1.0642533936651584	0.0	0.01078167115902965	0.6522911051212938	0.0
19447	0.0	2.984771573604061	0.7700205338809035	0.0	1.1116751269035532	0.0	2.0439932318104908	0.0	0.0	8.858638743455497	2.0508474576271185	0.0	0.0	0.0	0.0	0.0	0.0	10.996376811594203	2.4525745257452574	0.0	0.0	0.0	0.0	0.0
19448	0.0	0.9672830725462305	0.0	0.3997289972899729	0.0	0.0	0.0	0.0	0.0	9.728915662650602	2.047765793528505	0.0	0.0	0.0	0.0	0.0	0.0	10.020862308762169	2.831978319783198	0.0	0.016260162601626018	0.9849108367626886	0.0	0.0
19449	8.008130081300813	2.5833333333333335	0.0	0.0	0.0	0.0	0.0	0.0	1.1777777777777778	17.076271186440678	3.3	4.55	2.1555555555555554	0.0	0.45121951219512196	0.0	1.2333333333333334	8.575949367088608	11.43046357615894	0.0	0.0	0.0	0.0	1.5444444444444445
19450	0.0	1.1354166666666667	0.0	0.0	0.0	0.0	0.0	0.0	0.0	6.061728395061729	4.76	0.0	0.0	0.0	0.0	0.0	0.0	13.144475920679886	6.064425770308123	1.0059347181008902	0.0	0.0	2.21875	0.0390625
19451	0.0	1.6795698924731184	0.4731182795698925	0.0	0.0	0.0	0.0	0.0	0.0	7.047858942065491	7.468085106382978	0.0	0.0	0.0	2.021505376344086	0.0	0.0	12.01955990220049	5.133802816901408	0.0	0.0	0.0	0.0	0.0
19452	0.0	2.608955223880597	0.0	0.0	0.0	0.0	0.0	0.0	0.0	11.237057220708447	4.027989821882952	0.0	0.0	0.0	0.0	0.0	0.0	7.387533875338754	3.6513994910941476	0.0	0.0	0.0	1.083969465648855	0.7684478371501272
19453	0.0	1.202662721893491	0.0	0.0	0.0	0.0	0.0	0.0	0.0	5.924050632911392	4.247851002865329	0.0	0.0	0.0	1.0217948717948717	0.0	0.0	9.156410256410256	1.4576923076923076	0.05	0.0	0.0	1.0525641025641026	0.0
19454	0.0	0.0	0.9427083333333334	0.0	0.0	0.0	0.6614583333333334	0.0	0.0	10.423076923076923	4.119791666666667	0.0	0.0	0.0	0.296875	0.0	0.0	5.603448275862069	0.0	0.0	0.0	0.0	0.0	0.0
19455	0.0	0.0	0.0	0.0	0.0	0.0	0.0	0.0	0.0	7.611111111111111	0.0	0.0	0.0	0.0	2.1527777777777777	0.0	0.0	10.352272727272727	3.7569444444444446	0.0	0.0	0.0	0.0	0.0
19456	0.0	2.097165991902834	0.7380952380952381	0.0	0.0	0.0	0.0	0.0	0.0	5.37956204379562	1.0866935483870968	0.0	0.0	0.0	0.7575757575757576	0.0	0.0	11.093908629441625	3.6255230125523012	0.0	0.0	0.0	0.0	0.0
19457	0.7535460992907801	0.0	1.072695035460993	0.0	0.0	0.0	1.5915221579961465	0.0	0.0	8.474576271186441	3.108156028368794	0.0	0.0	0.0	0.0	0.0	0.0	7.177449168207024	2.8602620087336246	0.0	0.0	0.0	1.1631205673758864	0.0
19458	0.0	3.5277777777777777	0.0	0.0	0.0	0.0	0.0	0.0	0.0	9.584245076586432	1.368279569892473	0.7585470085470085	0.0	0.0	0.0	0.0	0.0	12.485365853658537	3.4594017094017095	0.19230769230769232	0.0	1.7072649572649572	0.5598290598290598	0.0
19459	0.0	5.66903073286052	0.0	0.0	0.0	0.0	0.0	0.0	0.0	7.919512195121952	0.8639455782312925	0.0	0.0	0.0	0.0	0.0	0.0	5.951156812339332	7.341176470588235	0.0	0.0	0.0	0.9115646258503401	0.0
19460	0.0	0.9278523489932886	0.0	0.0	0.0	0.0	0.0	0.0	0.0	10.26657060518732	2.3084745762711862	0.0	0.0	0.0	0.0	0.0	0.0	5.415064102564102	3.2896081771720613	0.0	0.0	0.0	0.0	0.0
19461	0.0	1.858385093167702	0.0	0.0	0.0	0.0	0.0	0.0	0.0	9.443877551020408	1.966903073286052	0.0	0.0	0.0	0.0	0.0	0.0	5.073781291172596	2.7449856733524354	0.0	0.0	0.0	0.0	0.0
19462	0.0	2.3853427895981087	0.0	0.0	0.0	0.0	0.0	0.0	0.0	4.530100334448161	3.854330708661417	0.0	0.0	0.0	0.6210526315789474	0.0	0.0	12.188423645320198	3.1361867704280155	0.0	0.0	0.0	0.0	0.0
19463	0.0	1.749605055292259	0.3925233644859813	0.0	0.0	0.0	0.0	0.0	0.0	5.468619246861925	4.036245353159852	0.0	0.0	0.3052959501557632	0.7242990654205608	0.0	0.0	9.294258373205741	5.91271186440678	0.0	0.0	0.0	0.8255451713395638	0.4976635514018692
19464	0.0	2.196825396825397	0.0	0.0	1.9174603174603175	0.0	0.0	0.0	0.0	12.261029411764707	0.0	0.0380952380952381	1.0603174603174603	3.442105263157895	1.9682539682539681	1.570469798657718	0.946031746031746	5.224489795918367	4.253968253968254	1.1301587301587301	0.0	5.196825396825397	0.0	0.0
19465	0.0	1.2623655913978495	0.0	0.0	0.0	0.0	0.0	0.0	0.0	19.431893687707642	3.2625169147496615	0.0	0.0	0.0	0.0	0.0	0.0	10.295081967213115	1.1496402877697842	0.0	0.0	0.0	1.0486976217440545	0.0
19466	0.0	2.7404580152671754	0.7900763358778626	0.0	0.0	0.0	0.0	0.0	0.0	14.062015503875969	2.793103448275862	0.0	1.183206106870229	1.5158620689655173	1.5454545454545454	0.9020356234096693	0.0	10.40841248303935	5.0315955766192735	0.0	0.0	1.0081855388813097	0.0	0.0
19467	0.0	1.818062827225131	0.8602520045819015	0.0	1.8155784650630011	0.0	0.0	0.0	0.0	12.644640234948605	2.2203389830508473	0.7273768613974799	0.5751533742331288	1.5406643757159222	0.6345933562428407	1.9961389961389961	0.0	8.608591885441527	3.164383561643836	0.0	0.0	0.3967935871743487	0.0	0.0
19468	0.0	2.7155555555555555	0.0	1.3670886075949367	0.0	0.0	0.0	0.0	0.0	14.364928909952607	2.3008849557522124	0.0	0.0	0.0	0.0	0.22784810126582278	0.0	5.72636815920398	2.5358649789029535	0.0	0.0	0.0	0.0	0.0
19469	0.0	3.138211382113821	0.0	0.0	0.0	0.0	0.0	0.0	0.0	8.049488054607508	3.435772357723577	0.21138211382113822	0.0	0.0	0.0	0.0	0.0	7.235443037974684	3.5343228200371057	0.0	0.0	0.0	1.0682926829268293	0.0
19470	0.0	1.56	0.0	0.05733333333333333	0.0	0.136	0.0	0.0	0.0	9.497333333333334	1.6078125	0.6533333333333333	0.0	0.0	0.0	0.0	0.0	5.7368421052631575	5.697333333333333	0.0	0.0	0.0	0.04	0.0
19471	0.0	1.5876460767946579	0.0	0.0	0.0	0.0	0.5917667238421955	0.0	0.0	9.755281690140846	3.023489932885906	1.4842271293375395	0.0	0.0	0.0	0.0	0.0	4.667425968109339	3.1270358306188926	0.444947209653092	0.0	0.995475113122172	0.0	0.0
19472	0.0	1.5909822866344605	0.0	0.0	0.0	0.0	0.0	0.0	0.0	7.779437609841827	1.8337707786526685	0.2713365539452496	0.0	0.05877616747181964	1.1892109500805152	0.11755233494363929	0.0	5.551578947368421	3.9683751363140676	0.0	0.0	0.0	0.0	0.0
19473	0.0	1.6797153024911031	1.6002372479240807	0.0	0.0	0.0	1.2377622377622377	0.0	0.0	12.013196480938417	2.065934065934066	0.0	0.0	0.0	0.0	0.0	0.0	3.6666666666666665	0.9988137603795967	0.0	0.2479240806642942	0.0	0.6239620403321471	0.0
19474	0.0	0.7889447236180904	1.7270833333333333	0.0	0.0	0.0	0.0	0.0	0.0	11.197278911564625	4.15962441314554	0.0	0.2625	0.0	0.0	0.0	0.0	4.618384401114207	2.174641148325359	0.0	0.6854166666666667	0.0	0.0	0.0
19475	0.0	0.797270955165692	0.0	0.0	0.0	0.0	0.0	0.0	0.0	14.935684647302905	4.044303797468355	0.0	0.0	0.0	0.0	0.0	0.0	8.891540130151844	7.994520547945205	0.0	0.023391812865497075	0.3742690058479532	0.0	0.0
19476	0.0	0.9142335766423357	0.0	0.0	0.0	0.0	0.0	0.0	0.0	6.479035639412998	1.36328125	0.0	0.0	0.0	0.0	0.0	0.0	6.023148148148148	2.8462291870714984	0.0	0.0	0.0	0.0	0.030222222222222223
19477	0.0	1.973856209150327	0.0	0.0	0.0	0.0	0.0	0.0	0.0	5.906515580736544	0.9357541899441341	0.0	0.0	0.0	0.0	0.0	0.0	3.237163814180929	2.8710407239819005	0.0	0.0	0.0	0.0	0.5228758169934641
19478	0.0	2.050387596899225	1.1608527131782946	0.060077519379844964	0.0	0.0	0.6443798449612403	0.0	0.0	13.282471626733923	4.487780040733197	0.0	0.7829457364341085	0.0	0.5096899224806202	0.0	0.0	8.115384615384615	4.813202247191011	0.0	0.0	0.0	1.3992248062015504	0.0
19479	0.0	1.2322435174746336	1.3569915254237288	0.0	0.0	0.0	0.0	0.0	0.0	11.640963855421687	2.9850230414746544	0.0	0.0	0.0	0.47962962962962963	0.0	0.0	6.37037037037037	3.915948275862069	0.0	0.0	0.0	0.6712962962962963	0.0
19480	0.0	0.0	1.253822629969419	0.8287461773700305	0.0	0.0	0.0	0.0	0.0	12.972318339100346	1.7400611620795108	0.0	0.0	0.3302752293577982	0.0	0.0	0.0	5.846153846153846	4.830917874396135	0.0	0.0	0.0	0.0	0.0
19481	0.0	0.7777777777777778	0.0	0.0	0.0	0.0	0.0	0.0	0.0	4.8478260869565215	4.0625	0.0	0.0	0.0	0.0	0.0	0.0	6.5	2.048611111111111	0.0	0.0	0.0	0.7222222222222222	0.0
19482	0.0	1.4088050314465408	1.2075471698113207	0.0	0.0	0.0	0.050314465408805034	0.0	0.0	2.943396226415094	1.3157894736842106	0.0	0.0	0.0	0.0	0.0	0.0	1.8176100628930818	6.545454545454546	0.0	0.0	0.0	0.0	0.27044025157232704
19483	0.0	1.6637931034482758	0.0	0.0	0.0	0.0	0.0	0.0	0.0	7.69375	1.5910780669144982	0.0	0.0	0.0	1.5977011494252873	0.0	0.0	11.704022988505747	2.0060975609756095	0.0	0.0	0.0	0.0	0.0
19484	0.0	2.3282863041982105	0.0	0.0	0.4715909090909091	0.0	0.0	0.0	0.0	9.750236518448439	3.7122969837587005	0.0	0.0	0.0	1.5984848484848484	0.0	0.0	9.464860907759883	5.03209242618742	0.1773989898989899	0.0	1.0953282828282829	0.0	0.0
19485	0.0	2.864864864864865	0.0	0.0	0.0045045045045045045	0.0	0.0	0.0	0.0	9.33108108108108	1.8738738738738738	1.0405405405405406	0.0	0.0	0.0	0.0	0.0	12.518018018018019	5.054726368159204	0.0	0.0	0.05405405405405406	1.1036036036036037	0.0
19486	0.0	3.1921119592875318	1.0725806451612903	0.0	0.0	0.0	1.2190476190476192	0.0	0.0	11.316901408450704	2.424374319912949	0.0	0.0	0.6158730158730159	0.8683886838868389	0.0	0.0	8.933333333333334	8.21608643457383	0.0	0.0	0.0	0.0	0.0
19487	0.0	2.0339506172839505	0.0	0.0	0.0	0.0	0.0	0.0	0.0	9.472222222222221	2.932098765432099	0.9506172839506173	0.0	0.0	0.05864197530864197	0.0	0.0	8.715654952076678	3.178181818181818	0.0	0.0	0.8518518518518519	0.7314814814814815	0.0
19488	0.0	1.6788732394366197	0.0	0.12015503875968993	0.0	0.0	0.0	0.0	0.0	15.573991031390134	1.4366925064599483	0.0	0.0	0.0	0.0	0.0	0.0	6.757679180887372	5.757105943152455	0.0	0.0	0.0	0.805111821086262	0.3850129198966408
19489	0.6419753086419753	0.0	2.051546391752577	0.0	3.7698744769874475	1.8755555555555556	0.0	0.0	1.9175257731958764	8.595744680851064	0.0	0.0	4.216494845360825	5.825910931174089	2.223367697594502	3.4971428571428573	0.0	10.37007874015748	6.451851851851852	0.0	1.0962199312714778	6.22680412371134	0.0	3.0604982206405693
19490	0.0	3.024077046548957	0.6822916666666666	0.0	0.0	0.0	0.0	0.0	0.0	12.267908309455587	4.003231017770598	0.0	0.8717201166180758	0.0	1.8854166666666667	0.0	0.0	12.53515625	3.270408163265306	0.0	0.8658854166666666	0.6119402985074627	0.0	0.0
19491	0.0	1.1216931216931216	0.0	0.30423280423280424	0.0	0.0	0.2222222222222222	0.0	0.0	6.375661375661376	2.781710914454277	0.0	0.0	0.0	1.5026455026455026	0.0	0.0	8.480874316939891	4.63563829787234	0.0	0.0	0.0	0.0	0.0
19492	0.0	2.408997955010225	0.5705521472392638	0.0	0.0	0.0	0.0	0.0	0.0	10.401847575057737	2.479957805907173	0.0	0.0	0.0	0.0	0.0	0.0	7.6108048511576625	6.2718676122931445	0.0	0.0	1.1462167689161553	0.0	0.0
19493	0.0	2.4330434782608696	1.0013774104683195	0.0	0.1763085399449036	0.0	0.0	0.0	0.0	9.919685039370078	3.564853556485356	0.4490358126721763	0.0	0.0	1.1074380165289257	0.0	0.0	9.115097159940209	9.846283783783784	0.0	0.0	0.06198347107438017	1.674931129476584	0.0
19494	0.0	2.018181818181818	1.2312633832976445	0.0	0.0	0.0	0.795959595959596	0.0	0.0	8.598639455782314	3.2247706422018347	0.0	0.14545454545454545	0.5737373737373738	1.8023529411764705	0.0	0.0	11.75	4.696969696969697	0.0	0.0	0.08080808080808081	0.0	0.0
19495	0.0	4.125490196078432	0.0	1.184313725490196	0.0	0.0	0.0	0.0	0.0	13.851648351648352	3.788235294117647	0.7607843137254902	0.0	0.0	0.0	0.0	0.0	12.545098039215686	12.168674698795181	2.8521739130434782	0.0	1.8431372549019607	0.0	0.6352941176470588
19496	0.0	3.235294117647059	0.5833333333333334	0.0	0.0	0.0	0.0	0.0	0.0	13.026455026455027	4.170833333333333	0.0	0.0	0.0	0.9458333333333333	0.0	0.0	5.536082474226804	8.787234042553191	1.8708333333333333	0.0	0.0	0.0	0.0
19497	0.0	2.0961538461538463	1.5256410256410255	0.0	0.0	0.0	0.0	0.0	0.0	16.546875	1.8927911275415896	0.0	0.0	0.0	2.043103448275862	0.0	0.0	11.512820512820513	7.083756345177665	0.10897435897435898	0.0	0.0	0.8846960167714885	0.0
19498	0.0	1.0952380952380953	1.9404761904761905	0.0	0.0	0.0	1.8253968253968254	0.0	0.0	11.566137566137566	8.52191235059761	0.623015873015873	0.0	0.0	0.0	0.0	0.0	9.92608695652174	3.0555555555555554	0.0	0.0	0.0	1.746031746031746	0.0
19499	0.0	2.8551236749116606	1.8666666666666667	0.0	0.0	0.0	0.0	0.0	0.0	8.471869328493648	5.598470363288719	0.0	0.0	0.0	0.0	1.3333333333333333	0.8606701940035273	11.084812623274162	4.56595744680851	0.0	0.0	1.146384479717813	0.0	0.42680776014109345
19500	0.0	7.346938775510204	0.0	0.0	0.0	0.0	0.004166666666666667	0.0	0.0	7.535564853556485	5.29646017699115	0.0	0.0	0.0	0.5583333333333333	0.0	0.0	6.2368421052631575	9.115577889447236	0.0	0.0	0.0	0.0	0.0
19501	0.0	2.227722772277228	0.0	0.49504950495049505	0.0	0.0	0.0	0.0	0.0	7.699619771863118	1.3377358490566038	0.0	0.0	0.0	0.0	0.0	0.0	7.703225806451613	2.8987603305785123	0.0	0.0	0.0	0.0	0.0
19502	0.0	1.9847560975609757	0.0	0.0	0.0	0.0	0.0	0.0	0.0	13.245833333333334	4.284414106939704	0.0	0.5173501577287066	0.0	0.0	0.0	0.0	5.4761399787910925	2.594904458598726	0.0	0.0	4.105691056910569	0.0	0.0
19503	0.0	1.5145631067961165	0.23300970873786409	0.0	0.0	0.0	0.0	0.0	0.0	13.980582524271844	3.4271844660194173	0.0	0.9773462783171522	0.33707865168539325	0.0	0.0	0.0	6.029126213592233	2.440129449838188	0.45307443365695793	0.0	1.779935275080906	0.0	0.0
19504	0.0	1.861842105263158	0.0	1.125	0.0	0.0	0.4298245614035088	0.0	0.0	7.177339901477833	0.2982456140350877	0.0	0.0	0.0	0.0	0.0	0.0	8.945175438596491	3.3728070175438596	0.0	1.763157894736842	0.0	0.0	0.2982456140350877
19505	0.0	0.0	0.0	0.0	0.0	0.0	0.0	0.0	0.0	6.922784810126582	4.0770975056689345	0.15830546265328874	0.0	0.45484949832775917	1.4871794871794872	0.0	0.0	7.123337363966143	2.372353673723537	0.0	0.0	0.0	0.8004459308807135	0.0
19506	0.0	1.2055016181229774	0.0	0.0	0.0	0.0	0.13268608414239483	0.0	0.0	4.853391684901532	2.1553398058252426	0.0	0.0	0.0	0.0	0.0	0.0	5.952069716775599	1.9649122807017543	0.0	0.0	0.0	0.8867313915857605	0.0
19507	0.0	0.0	0.0	0.0	0.34099616858237547	0.0	0.0	0.0	0.0	9.78048780487805	3.1055408970976255	0.0	0.0	0.0	0.0	0.5019157088122606	0.0	6.675057208237987	3.63855421686747	0.0	0.0	0.0	0.0	0.0
19508	0.0	0.8785942492012779	0.0	0.6437659033078881	0.0	0.0	0.0	0.0	0.0	10.236363636363636	1.4071246819338423	0.6005089058524173	0.0	0.0	0.0	0.0	0.0	2.5141065830721003	2.571794871794872	0.0	0.7251908396946565	0.0	0.0	0.0
19509	0.0	1.2106339468302658	0.7259713701431493	0.0	0.0	0.0	0.0	0.0	0.0	7.416243654822335	2.339468302658487	0.0	0.0	0.0	0.0	0.0	0.0	8.076754385964913	0.8780487804878049	0.0	0.0	0.0	0.0	0.0
19510	0.0	1.7175141242937852	0.0	0.0	0.0	0.0	1.1939736346516008	0.0	0.0	9.9369918699187	6.643584521384929	0.0	0.0	0.0	0.1318267419962335	0.0	0.0	9.117647058823529	4.564971751412429	0.0	0.0	0.0	0.0	0.0
19511	0.0	0.9045801526717557	0.0	0.0	0.0	0.0	0.0	0.0	0.0	12.81063122923588	1.830749354005168	0.0	0.0	0.0	0.0	0.0	0.0	6.807073954983923	1.8602150537634408	0.5805243445692884	0.0	0.0	0.0	0.0
19512	0.0	0.0	0.0	0.0	0.0	0.0	0.0	0.0	0.0	9.702702702702704	3.735294117647059	0.0	0.0	0.0	2.5751633986928106	0.0	0.0	5.0664451827242525	3.1387755102040815	0.0	0.0	0.0	0.0	0.0
19513	0.0	2.010498687664042	1.5853018372703411	2.2467191601049867	0.0	0.22572178477690288	0.0	0.0	0.0	5.41159420289855	2.25531914893617	0.0	0.0	0.0	0.0	0.0	0.0	4.580645161290323	0.0	0.0	0.0	0.0	0.0	0.0
19514	0.0	3.7203389830508473	2.3537414965986394	0.0	1.0272108843537415	0.0	0.0	0.0	0.0	19.134615384615383	3.598639455782313	0.0	0.41496598639455784	3.0918367346938775	7.782312925170068	1.9251700680272108	0.0	6.90188679245283	8.520408163265307	0.0	0.5918367346938775	2.341726618705036	0.0	0.0
19515	0.0	1.035014005602241	0.49079025549613786	0.0	0.7971380471380471	1.5394641564083997	0.0	0.0	0.0	9.705376344086021	3.6755793226381464	0.6512180629827689	2.879173290937997	6.0180965147453085	0.7510398098633393	2.713917525773196	0.0	9.775244299674267	6.785855915399868	0.6280451574569221	0.0	7.222622478386167	0.0	0.9637551990493167
19516	14.953488372093023	2.025299600532623	2.6994301994301995	0.0	4.014869888475836	2.026415094339623	1.7308176100628931	0.0	9.872413793103448	10.02086438152012	3.7865612648221343	1.4767295597484276	5.7737617135207495	2.7951482479784366	0.967828418230563	3.6933333333333334	26.244402985074625	7.011730205278592	6.164869029275809	0.0	0.0	13.19423368740516	0.06540880503144654	1.4963396778916545
19517	0.0	0.0	0.3284848484848485	0.0	0.10909090909090909	0.0	0.0	0.0	0.0	7.093155893536122	3.7222222222222223	0.0	0.5324427480916031	0.0	0.6787878787878788	0.0	0.0	4.948084054388134	4.150280898876405	0.0	0.0	0.0	0.0	0.8448484848484848
19518	0.0	1.5903398926654742	0.0	0.0	0.0	0.0	0.0	0.0	0.0	12.585789871504158	3.896356275303644	0.2161753590325019	0.0	0.0	0.8080120937263794	0.0	0.0	7.486875529212532	2.8679092382495948	0.0	0.0	0.0	0.0	0.0
19519	0.0	1.9476190476190476	0.9880952380952381	0.0	0.0	0.0	2.033333333333333	0.0	0.0	9.539936102236421	2.930091185410334	0.0	0.0	0.0	0.0	0.0	0.0	14.654434250764526	7.044776119402985	0.0	0.0	0.0	0.0	0.3
19520	0.0	5.553921568627451	0.3137254901960784	0.0	0.0	0.0	0.0	0.0	0.0	7.78974358974359	1.8333333333333333	1.3431372549019607	0.0	0.0	0.8823529411764706	0.0	0.0	7.8283582089552235	6.869047619047619	0.0	0.0	0.0	0.4019607843137255	0.0
19521	0.0	1.7650273224043715	0.0	0.0	0.0	0.0	0.2878787878787879	0.0	0.0	10.221374045801527	2.303030303030303	0.0	0.0	0.0	0.0	0.05303030303030303	0.0	4.3053892215568865	2.470873786407767	1.5757575757575757	0.0	0.0	0.0	0.0
19522	0.0	2.087369420702754	0.0	0.0	0.0	0.0	0.0	0.0	0.0	7.290870488322717	7.600877192982456	0.0	0.04083570750237417	0.08072174738841406	0.0	0.0	0.0	7.890086206896552	3.770255271920089	0.0	0.0	0.0	0.0	0.0
19523	0.0	0.6636363636363637	2.5207296849087895	0.38971807628524047	0.3913764510779436	0.0	0.0	0.0	0.0	5.031914893617022	4.011608623548922	1.3764510779436152	0.0	0.0	0.9983164983164983	0.0	0.0	6.2285223367697595	5.9795454545454545	0.0	0.0	0.5008291873963516	0.8291873963515755	0.0
19524	0.0	0.0	1.2452830188679245	0.0	0.0	0.0	0.0	0.0	0.0	4.610062893081761	3.3209302325581396	0.0	0.0	0.0	1.6540880503144655	0.0	0.0	9.447058823529412	2.0920096852300243	0.0	0.0	0.0	0.0	0.44025157232704404
19525	0.0	0.0	0.0	0.0	0.0	0.0	0.0	0.0	0.0	12.919354838709678	5.955555555555556	0.29961089494163423	0.0	0.0	1.4444444444444444	0.0	0.0	9.562913907284768	4.415929203539823	0.0	0.0	0.8138888888888889	0.0	0.775
19526	0.0	0.0	2.3225108225108224	0.0	0.0	0.0	0.6536796536796536	0.0	0.0	6.287878787878788	6.719907407407407	0.0	0.7272727272727273	0.0	2.5548245614035086	0.0	0.0	7.016786570743405	2.511166253101737	0.0	0.0	0.0	0.0	0.0
19527	0.0	1.762652705061082	0.0	0.0	0.0	0.08744588744588745	0.0	0.0	0.0	11.069216757741348	4.021825396825397	0.0	0.0	0.0	1.161904761904762	0.0	0.0	6.418421052631579	5.055260361317747	0.12987012987012986	0.0	0.7568181818181818	0.0	0.0
19528	0.0	2.9061538461538463	0.954954954954955	0.0	0.0	0.0	0.0	0.0	0.0	9.286225402504472	3.0265486725663715	0.0	0.0	0.0	0.0	0.15015015015015015	0.0	6.512820512820513	5.0602910602910605	0.0	0.0	0.0	0.0	0.0
19529	7.124613800205974	2.209695603156708	2.2522889114954223	0.0	0.29797979797979796	0.0	0.7979910714285714	0.0	2.78989898989899	10.383790226460071	5.467312348668281	0.0	1.6292286874154263	1.8979797979797979	0.0	0.0	4.56921086675291	8.638323353293414	5.893238434163701	0.8459563543003851	1.1076142131979696	0.0	1.312121212121212	1.132300357568534
19530	0.0	1.1818181818181819	2.1908396946564888	0.0	0.0	0.0	0.0	0.0	0.0	9.037037037037036	5.4987277353689565	0.0	0.5903307888040712	0.05597964376590331	0.0	0.0	0.0	11.767441860465116	4.1679389312977095	0.0	0.0	0.8931297709923665	0.0	0.0
19531	0.0	1.846071044133477	0.0	0.0	0.0	0.0	0.0	0.0	0.0	12.42020665901263	2.9119718309859155	0.0	0.0	0.0	0.0	0.0	0.0	8.19	1.5463687150837988	0.0	0.0	0.0	0.0	0.0
19532	0.0	6.873706004140787	1.1948818897637796	0.0	0.0	0.0	0.3205828779599271	0.0	0.0	12.81496062992126	5.408014571948998	0.0	2.0	0.0	0.7978142076502732	0.0	0.0	9.455913978494623	3.802395209580838	0.0	0.0	0.41712204007285975	1.1584699453551912	0.6231155778894473
19533	0.0	1.2742316784869976	0.0	0.0	0.0	0.0	0.0	0.0	0.0	9.946488294314381	3.9681697612732094	0.0	0.0	0.0	0.5531914893617021	0.0	0.0	4.76123595505618	2.74468085106383	0.0	0.0	0.0	0.09929078014184398	0.0
19534	0.0	0.0	0.8296164139161463	0.0	0.0	0.0	0.0	0.0	0.0	9.41891891891892	2.1690391459074734	0.0	0.0	0.0	0.0	0.0	0.0	7.250706880301602	2.8706586826347307	0.0	0.12984956452889945	0.0	0.0	0.23832145684877276
19535	0.0	2.6904761904761907	2.4696485623003195	1.6071428571428572	0.0	0.0	0.0	0.0	0.0	14.89655172413793	4.523648648648648	0.0	0.0	0.0	2.426865671641791	0.0	0.0	8.050595238095237	7.163346613545817	0.0	0.0	0.0	1.7261904761904763	0.0
19536	0.0	1.35832083958021	1.8916666666666666	0.0	0.0	0.0	0.7506561679790026	0.0	0.0	7.756024096385542	2.5135566188197767	0.0	0.0	0.0	0.0	0.0	0.0	9.326086956521738	3.3230293663060277	0.0	0.0	0.015748031496062992	0.30708661417322836	0.0
19537	0.0	1.0659722222222223	0.0	0.0	0.0	0.0	0.0	0.0	0.0	9.619565217391305	3.5214285714285714	0.0	0.0	0.0	0.8333333333333334	0.0	0.0	7.646288209606987	4.580786026200873	0.0	0.0	0.0	0.0	0.0
19538	0.0	0.0	1.5454545454545454	0.0	0.1750841750841751	0.0	2.0336700336700337	0.0	0.0	11.413559322033898	6.341216216216216	0.0	0.21548821548821548	0.0	1.1043771043771045	0.0	0.0	6.270758122743683	4.045267489711934	0.0	1.0219298245614035	0.0	2.420875420875421	0.0
19539	0.0	2.2126436781609193	1.185823754789272	0.0	0.0	0.0	0.0	0.0	0.0	12.276536312849162	1.6264367816091954	0.2567049808429119	0.0	0.0	0.41762452107279696	0.2471264367816092	0.0	6.524904214559387	2.225053078556263	0.0	0.0	0.0	1.5095785440613028	0.0
19540	0.0	0.6797385620915033	0.6855345911949685	0.0	0.0	0.0	0.0	0.0	0.0	13.884297520661157	4.333333333333333	0.0	0.0	0.0	0.0	0.0	0.0	5.981132075471698	5.339622641509434	0.7924528301886793	0.0	0.0	0.0	0.0
19541	0.0	3.2552870090634443	0.8258258258258259	0.0	0.0	0.0	0.0	0.0	0.0	14.954990215264187	4.594202898550725	0.0	1.6156156156156156	0.0	0.0	0.0	0.0	3.5983935742971886	1.7429577464788732	1.6650326797385622	0.0	0.0	1.6906906906906907	0.0
19542	0.0	3.207383279044517	3.0062111801242235	0.0	0.0	0.0	0.0	0.0	0.0	16.493872549019606	1.4390977443609023	0.0	0.0	0.0	1.9545454545454546	0.0	0.0	9.855227882037534	2.6152927120669056	0.38762214983713356	0.0	0.0	0.0	0.0
19543	0.0	2.117505995203837	0.0	0.0	0.0	0.0	0.0	0.0	0.0	6.226519337016574	5.154450261780105	0.0	0.0	0.0	2.0933333333333333	0.11031175059952038	0.0	9.062972292191436	8.765206812652067	0.0	0.0	0.6067270375161707	0.0	0.0
19544	0.9833333333333333	3.7102473498233217	1.4833333333333334	0.0	6.323333333333333	1.6533333333333333	0.5866666666666667	0.0	0.4533333333333333	12.306306306306306	6.854460093896714	0.6233333333333333	0.47333333333333333	7.064516129032258	2.6233333333333335	2.8333333333333335	0.18	9.743333333333334	6.104166666666667	0.6866666666666666	1.282258064516129	10.694029850746269	2.72265625	2.263333333333333
19545	0.0	2.6742209631728047	0.0	0.0	0.0	0.0	0.0	0.0	0.0	6.314917127071824	3.5617647058823527	0.0	0.36220472440944884	0.3858267716535433	1.9893899204244032	0.0	0.0	9.63517060367454	5.656441717791411	0.0	0.0	0.0	0.0	0.0
19546	0.0	0.8643067846607669	0.0	0.0	0.5517241379310345	0.0	1.0258620689655173	0.0	0.0	13.803333333333333	5.287356321839081	0.0	0.1839080459770115	2.6264367816091956	1.5086206896551724	1.8045977011494252	0.0	4.595238095238095	2.5977011494252875	0.4827586206896552	0.05747126436781609	1.0488505747126438	2.4454022988505746	0.0
19547	0.0	0.922384701912261	0.9822916666666667	0.0	0.94375	0.0	0.0	0.0	0.0	7.088443396226415	6.081256771397617	0.7541666666666667	0.0	0.30625	0.63125	0.0	0.0	10.49010477299185	6.178702570379437	1.4145833333333333	0.0	0.8649318463444857	0.0	0.0
19548	0.0	1.4279015240328252	0.0	0.0	0.0	0.0	0.35542168674698793	0.0	0.0	8.441988950276244	1.9840909090909091	0.0	0.0	0.0	1.497991967871486	0.0	0.0	7.3218884120171674	5.133032694475761	0.748995983935743	0.0	0.4919678714859438	0.0	0.0
19549	0.0	1.5430463576158941	0.0	0.0	0.0	0.0	1.0143487858719646	0.0	0.0	9.852785145888594	1.6777041942604856	0.0	1.6589403973509933	0.0	0.0	0.0	0.0	10.014992503748125	2.793831168831169	0.0	0.0	0.0	0.0	0.0
19550	0.0	1.7347140039447733	0.0	0.0	0.0	0.0	0.5732009925558312	0.0	0.0	10.385699899295066	2.7342158859470467	0.0	0.0	0.0	0.49958643507030603	0.0	0.0	9.215043394406942	2.898169336384439	0.0	0.0	0.0	0.0	0.0
19551	0.0	0.14414414414414414	0.0	0.8468468468468469	0.0	0.0	0.0	0.0	0.0	16.955801104972377	3.9324324324324325	0.0	0.4144144144144144	0.0	0.0	0.0	0.0	9.902912621359222	1.90990990990991	0.0	0.7477477477477478	0.0	0.4594594594594595	0.0
19552	0.0	0.0	0.0	0.0	0.0	0.0	0.0	0.0	0.0	5.881944444444445	0.8819444444444444	4.291666666666667	0.0	0.0	1.8888888888888888	0.0	0.0	5.010309278350515	6.409722222222222	0.0	0.0	0.0	0.0	0.0
19553	0.0	1.7658592848904267	0.0	0.0	0.0	0.0	0.0	0.0	0.0	10.456120092378752	2.5476190476190474	0.0	0.0	0.8788788788788788	0.0	0.0	0.0	7.134408602150538	5.012658227848101	0.0	0.0	0.0	0.0	0.0
19554	0.0	4.488372093023256	1.027190332326284	0.0	0.0	0.0	1.031294452347084	0.0	0.0	13.66606170598911	4.967184801381692	0.0	0.0	0.0	1.9401114206128134	0.0	0.0	4.888507718696398	7.137614678899083	1.9770114942528736	0.0	0.0	0.0	0.0
19555	0.0	1.1554621848739495	1.168639053254438	0.020050125313283207	0.0	0.0	0.0	0.0	0.0	9.91219512195122	4.813486370157819	0.06015037593984962	0.0	0.0	0.8258145363408521	0.0	0.0	9.149837133550488	1.6822695035460993	0.0	0.0	0.0	1.3383458646616542	0.0
19556	0.0	0.8362369337979094	0.9125295508274232	0.0	0.0	0.0	0.14184397163120568	0.0	0.0	10.871794871794872	2.044917257683215	0.0	0.0	0.0	0.0	0.0	0.0	5.191428571428571	4.1320293398533	0.0	0.0	0.0	0.0	0.0
19557	0.0	3.6586538461538463	0.0	0.0	0.0	0.0	0.0	0.0	0.0	13.041666666666666	1.016304347826087	2.211267605633803	0.24413145539906103	0.0	1.8028169014084507	0.0	0.0	4.6375838926174495	0.0	0.0	0.0	0.0	2.375586854460094	2.7981220657276995
19558	0.0	0.0	0.0	0.9351851851851852	0.5925925925925926	0.0	0.6435185185185185	0.0	0.0	5.634146341463414	2.771573604060914	0.0	0.0	0.0	2.361111111111111	0.0	0.0	14.366906474820144	2.814814814814815	0.0	0.0	0.0	0.0	0.0
19559	0.0	0.8912848158131177	0.0	0.0	0.0	0.0	0.0	0.0	0.0	10.16862326574173	4.071294559099437	0.0	0.0	0.0	0.0	0.0	0.0	9.47438524590164	4.245594713656388	1.018783542039356	0.0	1.599601593625498	0.0	0.0
19560	0.0	2.096234309623431	1.080892608089261	0.0	0.0	0.0	0.0	0.0	0.0	14.0	3.377207062600321	0.0	0.3179916317991632	0.0	1.503486750348675	0.0	0.0	8.670796460176991	8.713068181818182	0.6331938633193863	0.0	0.0	1.2538354253835426	0.0
19561	0.2624113475177305	3.7928286852589643	0.0	0.0	0.0	0.0	0.0	0.0	0.0	8.667870036101084	5.486257928118393	0.0	0.0	0.0	1.7375886524822695	0.0	0.0	13.499079189686924	3.443396226415094	1.7570921985815602	0.0	0.0	0.0	0.0
19562	0.0	2.329155672823219	0.0	0.0	0.0	0.0	0.0	0.0	0.0	11.761087267525037	3.4757709251101323	0.0	0.4312617702448211	0.1016949152542373	1.0524079320113315	0.0	0.0	9.243298969072164	5.49290060851927	0.0	0.0	0.0	0.0	0.0
19563	0.0	2.8	1.9692307692307693	0.0	0.0	0.0	0.7025641025641025	0.0	0.0	13.718918918918918	3.440677966101695	0.0	0.0	0.0	0.0	0.0	0.0	10.751351351351351	7.760869565217392	0.2717948717948718	0.0	0.015384615384615385	1.0666666666666667	0.0
19564	0.0	4.037453183520599	0.0	0.0	0.0	0.0	1.3657142857142857	0.0	0.0	10.004761904761905	5.318681318681318	0.0	0.0	0.9010989010989011	0.0	0.0	0.0	5.854838709677419	2.4871794871794872	0.5054945054945055	0.0	0.0	1.4395604395604396	0.23443223443223443
19565	0.0	1.967930029154519	0.873987398739874	0.04786324786324787	1.0726495726495726	0.0	0.0	0.0	0.0	14.842105263157896	5.762874251497006	0.0	0.9555555555555556	1.8264957264957264	0.0	0.0	0.0	6.7483506126295945	2.951496388028896	0.8963831867057673	0.0	0.0	0.441025641025641	0.0
19566	0.0	4.164874551971326	0.0	0.0	0.0	0.0	0.0	0.0	0.0	8.861971830985915	1.3428571428571427	0.0	0.6767676767676768	0.0	1.8838383838383839	0.0	0.0	5.37984496124031	10.227272727272727	0.8367346938775511	0.6515151515151515	0.0	0.0	0.08333333333333333
19567	0.0	2.797856049004594	0.0	0.0	0.0	0.0	0.0	0.0	0.0	5.31016731016731	3.782608695652174	0.0	0.0	0.0	0.0	0.0	0.0	4.38787023977433	3.644607843137255	1.1744505494505495	0.0	0.0	0.0	0.0
19568	0.0	1.3778580024067388	0.0	0.0	0.028368794326241134	0.0	0.0	0.0	0.0	6.1415094339622645	3.458435207823961	0.0	0.0	0.0	0.48226950354609927	0.0	0.23286052009456265	9.566037735849056	6.292742927429274	0.0	0.45508274231678486	0.0	0.0	0.0
19569	0.0	1.937421777221527	0.0	0.0	0.0	0.0	0.8297435897435897	0.0	0.0	6.773809523809524	3.961025641025641	0.0	0.0	0.0	0.0	0.0	0.0	8.785953177257525	2.8944444444444444	0.0	0.0	0.0	0.0	1.0276923076923077
19570	0.0	0.5925925925925926	0.0	0.0	0.0	0.0	0.0	0.0	0.0	6.402597402597403	0.0	0.0	0.0	0.0	0.0	0.0	0.0	4.555555555555555	3.962962962962963	0.037037037037037035	0.0	0.0	0.0	0.0
19571	0.0	0.0	2.952153110047847	0.0	0.0	0.0	0.0	0.0	0.0	8.085427135678392	0.0	0.0	2.2204301075268815	0.0	0.0	0.0	0.0	9.527777777777779	7.04054054054054	0.0	0.0	0.0	0.0	0.0
19572	0.0	0.0	0.0	0.0	0.0	0.0	0.0	0.0	0.0	11.894736842105264	4.01875	0.0	0.0	0.0	0.0	0.0	0.0	6.598591549295775	2.523076923076923	0.5384615384615384	0.0	0.0	1.5487179487179488	1.2974358974358975
19573	0.0	5.484276729559748	2.2116564417177913	0.9798850574712644	0.0	0.0	0.8649425287356322	0.0	0.0	29.979094076655052	14.135802469135802	0.0	0.0	0.0	4.219607843137255	0.0	0.0	28.524926686217007	25.04310344827586	2.752577319587629	0.0	0.0	0.0	0.0
19574	0.0	3.3423423423423424	0.0	0.0	0.0	0.0	0.0	1.3513513513513513	0.0	10.522388059701493	0.0	0.0	0.0	0.0	0.0	0.0	0.0	10.41891891891892	4.531531531531532	0.0	0.0	0.0	0.0	0.0
19575	0.0	1.0106382978723405	1.8498817966903074	0.0	0.0	0.0	0.0	0.0	0.0	7.756432246998285	4.239271781534461	0.0	1.124113475177305	1.0401891252955082	0.0	0.0	0.0	9.170454545454545	4.869798657718121	0.0	0.0	0.0	0.0	0.0
19576	0.0	0.0	0.0	0.0	0.0	0.0	0.0	0.0	0.0	0.0	0.0	0.0	0.0	0.0	3.942857142857143	0.0	0.0	3.4857142857142858	0.0	0.0	0.0	0.0	1.542857142857143	0.0
19577	0.0	4.153921568627451	0.0	0.0	0.0	0.0	0.0	0.0	0.0	12.16884661117717	3.7422360248447206	0.0	0.0	0.0	0.5202312138728323	0.0	0.0	5.687768240343348	6.437703141928494	0.0	0.0	0.0	0.0	0.0
19578	0.0	0.0	0.0	0.3473684210526316	0.0	0.0	0.23859649122807017	0.0	0.0	14.652985074626866	10.418410041841005	0.0	0.0	0.0	0.0	0.0	0.0	9.46774193548387	9.927007299270073	0.0	0.0	0.06666666666666667	0.0	0.0
19579	0.0	1.933641975308642	0.0	0.0	0.0	0.0	0.0	0.0	0.0	14.247401247401248	3.2386363636363638	0.0	0.7731481481481481	0.0	1.8943781942078364	0.0	0.0	6.066805845511483	8.009950248756219	1.8571428571428572	0.0	0.0	0.36882716049382713	1.4586092715231789
19580	0.4271255060728745	1.6946107784431137	0.9699720670391061	0.0	0.0	0.1794871794871795	1.0621387283236994	0.0	0.0	7.932230102442868	5.260838150289017	0.23954116059379219	0.0	0.0	0.0	0.0	0.0	11.222813688212927	5.107305936073059	0.0	0.0	0.0	0.0	0.0
19581	0.0	2.1762452107279695	0.0	0.0	0.0	0.0	0.0	0.0	0.0	14.268714011516314	2.881057268722467	0.0	0.0	0.0	0.0	0.0	0.0	12.36283185840708	0.6839080459770115	0.0	0.0	0.0	0.0	0.0
19582	0.0	1.4555555555555555	0.0	0.0	0.0	0.0	0.0	0.0	0.9333333333333333	10.805555555555555	3.463888888888889	0.0	0.0	0.0	0.8055555555555556	0.0	0.0	13.853932584269662	9.839357429718875	0.0	0.0	0.0	0.5416666666666666	1.2694444444444444
19583	0.0	1.8439201451905627	0.0	0.0	0.0	0.0	0.0	0.0	0.0	7.723785166240409	2.7017543859649122	0.5210526315789473	0.0	0.0	1.6754385964912282	0.0	0.0	14.739957716701904	2.904191616766467	0.3929824561403509	0.0	0.0	0.0	0.0
19584	0.0	1.2748735244519394	0.0	0.0	0.032305433186490456	0.0	0.0	0.0	0.0	8.744140625	3.6518151815181517	0.0	0.0	0.0	0.0	0.0	0.0	6.631294964028777	10.160535117056856	0.0	0.0	0.328928046989721	0.0	0.0
19585	0.0	4.906412478336222	0.22086720867208673	0.0	0.0	0.0	0.6585365853658537	0.0	0.0	15.331325301204819	4.711237553342817	0.0	0.0	0.0	0.9119241192411924	0.0	0.0	13.728486646884273	4.6924119241192415	0.0	0.0	0.45528455284552843	0.0	0.0
19586	0.811214953271028	1.2743055555555556	0.765625	0.0	1.3229166666666667	0.8923611111111112	0.23958333333333334	0.0	0.0	10.75	3.9913194444444446	0.0	2.4175438596491228	1.0120481927710843	0.0	2.3092592592592593	0.0	9.007207207207207	4.431226765799257	0.39528795811518325	0.9131944444444444	4.287917737789203	1.3680555555555556	0.7725694444444444
19587	0.572289156626506	3.943609022556391	0.9413919413919414	0.0	1.0915750915750915	0.9304029304029304	0.0	0.0	0.6446886446886447	23.545893719806763	4.175824175824176	1.2673992673992673	2.336996336996337	2.2637362637362637	0.0	5.957894736842105	2.6153846153846154	9.137254901960784	4.940886699507389	0.0	1.015075376884422	0.40641711229946526	0.0	0.0
19588	0.0	1.662962962962963	0.7919463087248322	0.0	0.0	0.0	0.0	0.0	0.0	12.631513647642679	6.370762711864407	0.0	0.0	1.0596094552929085	0.0	0.0	0.0	10.073015873015873	6.8503480278422275	0.0	0.0	0.0	1.8459821428571428	0.0
19589	0.0	2.609259259259259	0.0	0.0	0.0	0.0	0.0	0.0	0.0	9.799086757990867	5.009433962264151	0.48333333333333334	0.0	0.0	1.6877729257641922	0.0	0.0	9.512605042016807	8.961625282167043	0.0	0.0	0.0	0.6444444444444445	0.0
19590	0.0	2.0701570680628274	0.0	0.0	0.0	0.0	0.5221579961464354	0.0	0.0	10.666460012399256	4.497175141242938	0.9667630057803468	0.0	0.0	0.0	0.0	0.0	8.904013961605585	3.073764787752262	0.0	0.0	0.0	0.0	0.0
19591	0.7794117647058824	2.4853658536585366	0.8159633960345705	0.0	0.0	0.0	0.0	0.0	0.8094565984474241	8.827338129496402	3.8273871983210914	0.0	0.0	0.0	0.0	0.0	2.6255899318300995	8.66773572803079	6.77744451109778	0.0	0.0	0.8761261261261262	0.0	0.06936936936936937
19592	0.6465364120781527	2.6041666666666665	0.0	0.0	0.0	0.0	0.0	0.0	0.8522571819425444	13.05318039624609	3.192353643966547	0.0	1.009375	0.0	0.0	0.0	6.160294117647059	13.299428571428571	3.928125	0.0	0.0	2.358139534883721	0.0	0.0
19593	0.275	0.0	0.0	0.0	0.0	0.0	0.047619047619047616	0.0	0.0	12.132450331125828	2.8	0.0	0.15416666666666667	0.0	0.8166666666666667	0.0	1.0916666666666666	12.08849557522124	8.633928571428571	1.4833333333333334	0.0	0.8125	0.0	0.0
19594	0.0	2.8014911463187326	1.1007957559681698	0.0	0.0	0.0	1.0543970988213962	0.0	0.0	7.048964218455744	3.0067307692307694	0.8470380194518126	0.0	0.0	0.0	0.0	0.0	10.352477477477477	5.725647899910634	0.9876215738284704	0.0	0.04155614500442087	0.5676392572944297	0.0
19595	0.0	0.9408138101109741	0.0	0.0	0.0	0.0	0.0	0.0	0.0	9.355670103092784	4.51155462184874	0.0	0.0	0.0	1.6711349419124217	0.0	0.0	5.7894736842105265	1.194327731092437	0.0	0.0	0.0	0.0	0.0
19596	0.0	4.238095238095238	0.0	0.0	0.0	0.0	0.0	0.0	0.5351473922902494	9.029478458049887	3.9080188679245285	0.0	0.0	0.0	0.0	0.0	0.0	10.095238095238095	8.327814569536423	0.0	0.2585034013605442	0.0	0.0	0.0
19597	0.0	2.5080971659919027	1.836231884057971	0.0	0.0	0.0	0.08260869565217391	0.0	0.0	5.006072874493927	3.9244992295839753	0.0	0.0	1.5333333333333334	0.06666666666666667	0.0	0.0	6.723188405797101	3.1449487554904834	0.0	0.0	0.0	1.0492753623188407	0.0
19598	0.0	2.066565809379728	0.5581699346405229	0.0	0.0	0.6928104575163399	0.0	0.0	0.0	12.024279210925645	2.6002928257686677	0.0	0.0	0.0	1.6052287581699347	0.0	0.0	8.729809104258443	2.8624338624338623	0.0	0.0	0.0	0.8038897893030794	0.0
19599	0.0	1.5582089552238807	0.0	0.0	0.0	0.0	0.0	0.0	0.0	8.443651925820257	3.049019607843137	0.0	0.0	0.0	0.8025751072961373	0.0	0.0	9.569060773480663	1.9044414535666219	0.0	0.0	1.1701492537313434	0.0	0.0
19600	0.0	0.0	0.0	0.0	0.0	0.0	1.2692307692307692	0.0	0.0	6.98943661971831	10.968531468531468	0.0	0.0	0.0	0.0	0.0	0.0	4.167857142857143	4.3861386138613865	0.0	0.0	0.0	0.967948717948718	0.0
19601	0.0	2.2220670391061454	1.3073110285006195	0.0	0.0	0.0	0.6084262701363073	0.0	0.0	8.9375866851595	2.7907894736842107	0.0	0.11524163568773234	0.0	1.9355638166047089	0.0	0.0	10.766666666666667	5.519402985074627	0.0	0.0	0.0	0.0	0.0
19602	0.0	0.8026666666666666	0.424	0.0	0.0	0.0	0.0	0.0	0.0	12.233618233618234	3.152027027027027	0.5333333333333333	0.0	0.0	1.160883280757098	0.0	0.0	9.610942249240122	7.082666666666666	0.0	0.0	0.0	0.0	0.0
19603	0.0	0.8597402597402597	0.6666666666666666	0.3090507726269316	0.0	0.0	0.0	0.0	0.0	7.58980044345898	2.512141280353201	0.7660044150110376	0.0	0.0	0.0	0.0	0.0	11.301980198019802	8.054621848739496	0.0	0.0	0.0	0.0	0.0
19604	0.0	1.0	1.2598039215686274	0.0	0.0	0.0	0.0	0.0	0.0	7.28921568627451	4.642156862745098	0.0	0.0	0.0	1.088235294117647	0.0	0.0	5.034090909090909	0.0	0.0	0.0	0.0	0.0	1.4803921568627452
19605	0.0	2.0720551378446115	1.2648809523809523	0.0	0.0	0.0	1.0160714285714285	0.0	0.0	9.252717391304348	5.256880733944954	0.0	0.0	0.0	0.0	0.0	0.0	7.977653631284916	3.4996577686516086	0.0	0.0	0.0	0.0	0.0
19606	0.0	3.5020576131687244	0.9126984126984127	0.0	0.0	0.7513227513227513	0.0	0.0	0.0	9.106796116504855	3.738970588235294	0.0	0.15608465608465608	0.0	1.9946524064171123	0.0	0.0	13.869565217391305	0.5350877192982456	0.0	0.0	0.0	1.1137566137566137	0.0
19607	0.0	2.066666666666667	0.0	0.0	0.0	0.0	0.7723214285714286	0.0	0.0	12.8	5.657258064516129	0.0	0.0	0.0	1.3777777777777778	0.0	0.0	5.326984126984127	2.3352601156069364	0.0	0.0	0.0	0.0	0.0
19608	0.0	1.1910112359550562	0.0	0.0	0.0	0.0	0.0	0.0	0.0	9.408239700374532	1.8122270742358078	0.0	0.0	0.0	2.6591760299625467	0.0	0.0	12.543010752688172	3.1273408239700373	0.0	0.0	0.0	1.1385767790262171	0.0
19609	0.0	5.003448275862069	1.0579710144927537	0.0	0.0	0.0	0.0	0.0	0.0	12.305714285714286	1.1978319783197833	0.0	0.0	0.0	1.285024154589372	0.0	0.0	15.570048309178745	2.5603864734299515	0.0	0.0	0.0	0.0	0.0
19610	0.0	1.006392694063927	0.9497991967871486	0.0	0.0	0.0	0.0	0.0	0.0	7.967567567567568	2.1984649122807016	0.9598173515981735	0.33059360730593607	0.0	1.7555771096023278	0.0	0.0	5.25562372188139	3.1470319634703197	0.6730593607305936	0.0	0.0	0.9506849315068493	0.01643835616438356
19611	0.0	2.656716417910448	0.0	0.0	0.0	0.19546247818499127	0.0	0.0	0.0	12.77919708029197	4.123411978221416	0.0	0.0	0.0	1.5706806282722514	0.0	0.0	13.583650190114069	3.341463414634146	0.0	0.0	0.0	0.0	0.0
19612	0.0	0.9689922480620154	0.0	0.0	0.0	1.6589147286821706	0.0	0.0	0.0	11.502392344497608	2.1782945736434107	0.0	0.0	0.0	0.0	0.0	0.0	6.747863247863248	0.8967136150234741	0.0	0.0	0.0	0.0	0.0
19613	0.0	0.742296918767507	0.0	0.0	0.0	0.0	1.0700280112044818	0.0	0.0	10.142857142857142	1.8120567375886525	0.0	0.0	0.0	0.0	0.0	0.0	7.94017094017094	4.823529411764706	0.0	0.0	0.0	0.0	0.0
19614	1.4803921568627452	1.3872549019607843	0.0	0.0	0.0	0.0	0.0	0.0	0.0	7.935185185185185	2.093137254901961	0.0	0.0	0.0	0.0	0.0	0.0	6.382352941176471	0.0	0.0	0.0	0.0	0.0	0.0
19615	0.0	1.451558550968829	0.0	0.0	0.0	0.0	0.0	0.0	0.0	8.448218724109362	2.671175858480749	0.0	0.0	0.0	0.0	0.0	0.0	7.147569444444445	2.6823869104908566	0.0	0.0	0.0	0.0	0.0
19616	1.320872274143302	2.0186915887850465	0.8709677419354839	0.0	0.7165109034267912	0.0	0.0	0.0	0.0	11.537037037037036	5.07037037037037	0.0	0.0	2.479750778816199	1.8722741433021808	0.0	0.0	12.827586206896552	3.5794392523364484	0.0	1.5451713395638629	0.0	0.0	0.0
19617	0.0	1.8397291196388261	0.15873015873015872	0.3315696649029982	0.0	0.0	0.0	0.0	0.0	8.688172043010752	0.0	0.0	1.7936507936507937	0.8853615520282186	1.837742504409171	0.0	0.0	10.144373673036094	1.7082405345211582	0.0	0.0	0.0	0.0	0.2275132275132275
19618	0.0	1.6027996500437445	0.0	0.0	0.0	0.9587242026266416	0.0	0.0	0.0	10.223364485981309	0.592496765847348	0.0	0.0	4.648780487804878	0.0	0.0	0.7118802619270346	6.554885404101327	4.8002136752136755	0.0	0.0	5.064663023679417	0.0	0.0
19619	0.0	1.4912891986062717	0.8025551684088269	0.0	0.0	0.0	0.0	0.0	0.0	9.163339382940109	2.3243559718969555	1.107904642409034	0.0	1.3948896631823462	0.8011204481792717	0.0	0.0	9.61513687600644	1.9732868757259001	0.0	0.0	0.0	0.0	0.0
19620	0.0	1.0091743119266054	0.18541666666666667	0.23958333333333334	0.0	0.0	0.0	0.0	0.0	8.081395348837209	2.7565789473684212	0.0	0.0	0.0	1.0229166666666667	0.0	0.0	8.29683972911964	4.38135593220339	0.0	0.0	0.0	1.4270833333333333	0.0
19621	0.0	1.1786008230452676	0.0	0.0	0.20329218106995886	0.0	0.5251028806584362	0.0	0.0	10.977948226270374	2.5060129509713227	0.0	0.0	0.0	0.4534979423868313	0.0	0.0	10.196177062374245	5.066144473455179	0.7448559670781894	0.0	0.0	0.0	0.0
19622	11.717687074829932	1.852233676975945	0.8503401360544217	0.0	2.7096774193548385	0.0	0.0	0.0	3.889705882352941	12.179487179487179	4.9523809523809526	0.0	3.3333333333333335	2.241496598639456	0.0	3.6928327645051193	14.623188405797102	12.019417475728156	7.9185185185185185	0.0	0.0	11.885	0.0	0.0
19623	0.0	0.9681528662420382	1.0596491228070175	0.0	1.1452991452991452	6.090909090909091	0.0	1.0456140350877192	0.5879396984924623	18.95983935742972	11.946280991735538	1.1614035087719299	2.8544061302681993	3.663157894736842	3.2745098039215685	5.1	1.5614035087719298	15.105263157894736	2.313380281690141	0.0	1.1263157894736842	12.049429657794677	3.024	0.0
19624	0.0	2.3653846153846154	1.9236641221374047	0.0	0.3782051282051282	0.0	0.0	0.0	0.0	9.385113268608414	8.044247787610619	0.0	0.0	0.8044871794871795	1.0	0.12048192771084337	0.0	14.708333333333334	2.52258064516129	0.0	0.0	2.076923076923077	1.0897435897435896	0.0
19625	0.3129251700680272	0.0	0.0	0.0	3.360544217687075	0.0	0.0	0.0	0.0	13.436213991769547	2.9863945578231292	0.0	0.0	4.625	1.510204081632653	7.9789915966386555	0.0	11.765799256505575	6.521327014218009	0.0	0.0	4.8979591836734695	0.0	0.0
19626	0.0	3.7954022988505747	0.18143459915611815	0.0	2.557275541795666	1.0506329113924051	0.0	0.0	0.0	7.6265822784810124	2.928205128205128	0.0	4.858910891089109	6.8951219512195125	2.2130750605326877	0.5527426160337553	0.0	14.877142857142857	8.557986870897155	0.379746835443038	0.0	4.808049535603715	0.0	0.0
19627	0.0	0.0	0.0	0.0	0.0	0.0	0.0	0.0	0.0	4.798780487804878	0.0	0.0	0.0	0.1	0.8	0.0	0.0	6.824324324324325	4.6375	0.0	0.0	0.0	0.0	0.0
19628	0.0	0.9416666666666667	0.0	0.0	0.0	0.0	0.0	0.0	0.0	3.9541666666666666	2.424107142857143	0.0	0.0	0.0	0.0	0.9625	0.0	8.120833333333334	0.0	0.0	0.0	0.0	2.533333333333333	0.0
19629	0.0	2.4243509400179053	0.7424633936261843	0.0	0.0	0.0	0.0	0.0	0.0	6.216945996275605	1.7989528795811518	0.0	0.0	0.23944875107665806	1.4298018949181739	0.0	0.0	8.635181975736568	3.7	0.0	0.0	0.0	0.8337639965546942	0.0
19630	0.0	0.0	0.0	0.0	0.0	0.0	0.0	0.0	0.0	0.0	0.0	0.0	0.0	4.6086309523809526	0.0	0.0	0.0	0.8988095238095238	0.0	0.0	0.0	3.4965870307167237	0.0	0.0
19631	0.0	2.3360433604336044	0.6341463414634146	0.0	0.0	0.0	1.848238482384824	0.0	0.0	18.40921409214092	1.834688346883469	0.0	0.0	0.0	1.08130081300813	0.36314363143631434	0.0	9.62087912087912	4.931888544891641	0.0	0.0	0.04878048780487805	2.6775244299674266	0.0
19632	1.043010752688172	1.4838709677419355	0.0	0.15591397849462366	1.0806451612903225	0.0	0.0	0.0	0.0	11.782608695652174	1.4408602150537635	2.3689320388349513	0.0	0.0	0.0	0.0	0.0	8.764705882352942	2.546961325966851	0.0	0.0	0.0	0.6935483870967742	2.9838709677419355
19633	0.0	0.6380449141347424	0.0	0.0	0.14084507042253522	0.0	0.0	0.0	0.0	5.0465393794749405	1.5825641025641026	0.28544600938967135	0.0	0.49014084507042255	0.0	0.0	0.0	8.399383983572895	3.602816901408451	0.0	0.048826291079812206	0.0	0.0	0.0
19634	0.0	1.0133928571428572	0.0	0.0	0.0	0.0	0.0	0.0	0.0	6.736603088101726	4.65668202764977	0.9271523178807947	0.0	0.0	0.0	0.0	0.0	4.839525691699604	2.7580645161290325	0.0	0.0	0.5356880058866814	0.0	0.0
19635	0.0	0.0	0.0	0.0	0.0	0.0	0.0	0.0	0.0	8.61319073083779	3.3704496788008567	0.6666666666666666	0.40793650793650793	0.0	0.0	0.0	0.0	6.765086206896552	4.840148698884758	0.0	0.0	0.0	0.0	0.0
19636	0.0	2.31640625	0.6145833333333334	0.0	0.0	0.0	0.0	0.0	0.0	8.87987012987013	2.399621212121212	0.0	0.0	0.0	1.0625	0.0	0.0	5.458715596330276	2.5651041666666665	0.0	0.0	0.8059895833333334	0.0	0.0
19637	0.0	0.6198830409356725	0.0	0.0	0.0	0.0	0.0	0.0	0.0	2.282685512367491	2.700854700854701	0.0	0.0	0.0	0.4152046783625731	0.0	0.0	5.730038022813688	5.419354838709677	0.0	0.0	0.0	0.0	0.0
19638	0.0	0.0	1.11577964519141	0.0	0.0	0.0	0.0	0.0	0.0	9.888782358581016	6.654786150712831	0.0	0.0	0.0	0.30438842203548083	0.0	0.0	8.161290322580646	5.970390309555855	0.0	0.0	0.0	0.0	0.0
19639	0.0	1.3099415204678362	0.0	0.0	0.8934010152284264	0.0	0.0	0.0	0.0	13.144444444444444	4.917667238421956	0.0	0.0	0.0	0.0	0.0	0.0	4.736720554272518	2.8106796116504853	0.0	0.0	0.7986463620981388	0.0	0.24027072758037224
19640	0.0	0.0	0.0	0.0	0.0	0.0	0.8424068767908309	0.0	0.0	7.010050251256281	1.7353244078269825	0.3629417382999045	0.0	0.0	1.9875835721107928	0.0	0.0	9.576882290562036	4.239732569245463	0.0	0.0	0.0	0.3314231136580707	0.0
19641	0.0	1.7777777777777777	0.0	0.1292929292929293	0.0	0.0	0.0	0.0	0.0	12.695454545454545	2.3130434782608695	0.0	0.0	0.0	0.6404040404040404	0.0	0.0	6.632323232323232	3.7530364372469633	0.0	0.0	0.0	0.0	0.0
19642	0.0	4.012461059190031	1.11864406779661	0.0	0.0	0.0	0.0	0.0	0.0	11.648818897637796	1.0942857142857143	0.0	0.0	0.0	0.0	0.0	0.0	11.162280701754385	2.095599393019727	0.0	0.0	0.8940568475452196	1.248062015503876	0.0
19643	0.3963178294573643	2.401168451801363	3.9317023445463812	0.0	0.7440476190476191	0.0	0.0	0.0	0.0	9.981759656652361	4.46412037037037	0.003875968992248062	0.0	1.5284640171858217	0.0	0.0	0.0	8.45164960182025	4.9453125	0.0	0.0	0.7315891472868217	0.0	0.0
19644	0.0	4.253731343283582	0.0	0.0	0.0	0.0	0.0	0.0	0.0	13.2	3.4278846153846154	0.0	0.0	2.245398773006135	0.0	0.0	0.0	12.407158836689039	6.541950113378685	1.1022494887525562	0.0	0.0	0.0	1.1063394683026584
19645	0.0	6.094827586206897	0.0	0.0	0.6589698046181173	0.0	1.3516174402250352	0.0	0.0	9.608771929824561	3.7014705882352943	0.0	0.0	0.0	0.0	0.0	0.0	11.91150442477876	5.104011887072808	0.0	0.0	2.513361462728551	0.9170243204577968	0.13361462728551335
19646	0.0	2.7489177489177488	0.1717171717171717	0.0	0.9696969696969697	0.0	0.9326599326599326	0.0	0.0	9.41025641025641	6.9308755760368665	0.0	0.0	0.0	0.0	0.0	0.0	6.791164658634538	3.10752688172043	0.0	0.0	0.0	3.2693602693602695	0.0
19647	0.0	1.6574803149606299	0.7054263565891473	0.0	0.0	0.0	0.0	0.0	0.0	12.082978723404254	2.6588486140724945	0.0	0.3643410852713178	0.0	0.2596899224806202	0.0	0.0	10.988814317673379	5.125290023201856	0.0	0.0	0.0	1.5988372093023255	0.0
19648	0.0	0.6602564102564102	0.0	0.0	0.0	0.0	0.0	0.0	0.0	8.176282051282051	5.009615384615385	0.0	0.0	0.07051282051282051	0.0	0.0	0.0	2.9095744680851063	0.3269230769230769	0.0	0.0	0.0	0.0	0.7403846153846154
19649	0.0	0.5836909871244635	0.6909871244635193	0.0	0.0	0.0	0.0	0.0	0.0	5.418320610687023	2.18552036199095	0.0	0.0	0.0	1.2231759656652361	0.0	0.0	4.530578512396694	1.994277539341917	0.0	0.0	0.0	0.0	0.0
19650	0.0	0.0	0.0	0.0	0.0	0.0	0.0	0.0	0.0	5.603603603603603	2.5135135135135136	0.0	0.0	0.0	2.894230769230769	0.0	0.0	9.91891891891892	0.2072072072072072	0.0	0.0	0.0	1.3063063063063063	0.8198198198198198
19651	0.0	1.648793565683646	0.39029535864978904	0.0	0.0	0.0	0.0	0.9704641350210971	0.0	8.343881856540085	0.0	0.0	0.0	0.0	1.2067510548523206	2.020671834625323	0.0	5.86027397260274	3.6853932584269664	0.0	0.0	0.0	0.0	0.0
19652	0.0	2.044917257683215	0.0	0.0	0.0	0.7144654088050314	0.9333333333333333	0.0	0.0	9.274368231046932	1.7583892617449663	0.0	0.0	0.0	1.8439716312056738	0.5626477541371159	0.0	9.576368876080691	4.8641826923076925	0.0	0.0	0.8215130023640662	0.0	0.0
19653	0.0	3.009433962264151	0.49764309764309766	0.0	1.7252525252525253	0.2754208754208754	0.0	0.0	0.10572390572390572	9.55863539445629	4.449606862044317	0.0	2.617056856187291	1.6065128900949797	0.9407407407407408	0.2787878787878788	0.0	10.365635179153095	2.7209302325581395	0.0	0.0	1.7580645161290323	0.0	0.0
19654	0.0	0.0	1.053030303030303	0.0	0.0	0.0	0.0	0.0	0.0	8.231707317073171	3.1818181818181817	0.0	0.0	0.0	1.6590909090909092	0.0	0.0	7.0085470085470085	5.484848484848484	0.0	0.0	0.0	4.426966292134831	1.7878787878787878
19655	0.0	1.3413654618473896	0.0	0.0	0.0	0.0	1.0388059701492538	0.0	0.0	13.790087463556851	2.3723958333333335	0.0	0.0	0.0	2.025062656641604	0.0	0.0	2.4554794520547945	1.6710097719869708	0.0	0.0	0.0	0.0	0.0
19656	1.7927018633540373	2.6429794520547945	0.0	0.0	0.0	0.0	0.0	0.0	0.0	10.601496725912067	4.938963210702341	0.0	0.0	0.8363774733637748	1.9535768645357687	0.0	0.0	10.490008688097307	5.081130355515041	0.0	0.0	0.0	0.8873668188736682	0.0
19657	0.0	0.0	0.0	0.0	0.0	0.0	1.2083333333333333	0.0	0.0	7.672897196261682	2.6176470588235294	1.5833333333333333	0.0	0.0	0.0	0.0	0.0	11.642857142857142	1.1180555555555556	0.0	0.0	0.0	0.0	0.0
19658	0.0	2.045238095238095	2.1857142857142855	0.0	0.0	0.0	0.0	0.0	0.0	19.048076923076923	2.612732095490716	0.0	0.0	0.0	1.4714285714285715	0.7642857142857142	0.0	15.219047619047618	5.1401098901098905	0.28809523809523807	0.0	1.9071428571428573	1.2476190476190476	0.0
19659	0.0	3.841692789968652	0.8178752107925801	0.0	0.0	0.0	0.0	0.0	0.0	10.72192513368984	1.4764890282131662	0.0	0.0	1.5338541666666667	1.2109375	0.0	0.0	14.026402640264026	7.419254658385094	0.6015625	0.0	0.0	1.2317708333333333	0.0
19660	0.0	1.2506887052341598	0.0	0.0	0.0	0.0	0.0	0.0	0.0	7.2727272727272725	3.9054441260744985	0.0	0.0	0.0	1.2506887052341598	0.0	0.0	10.331932773109244	4.294765840220386	0.0	0.0	0.0440771349862259	0.0	0.0
19661	0.0	0.0	1.707070707070707	0.0	0.0	0.0	0.0	0.0	0.0	6.540404040404041	3.0168067226890756	0.0	0.0	0.0	0.0	0.0	0.0	8.187096774193549	4.404040404040404	0.0	0.0	0.0	0.0	1.3888888888888888
19662	0.0	0.9241231209735147	0.0	0.0	0.0	0.0	0.0	0.0	0.0	7.781671159029649	2.308157099697885	0.0	0.0	0.0	0.0	0.0	0.0	6.611484422724496	5.843729903536977	0.0	0.0	0.0	0.6765840220385675	0.2115702479338843
19663	0.0	1.9499575911789653	2.4028837998303647	0.0	0.0	0.0	0.0	0.0	0.0	6.416167664670659	3.487130600571973	0.0	0.0	0.0	0.0	0.0	0.0	10.054421768707483	4.085665818490246	0.7815964523281597	0.0	0.0	0.0	0.0
19664	0.0	2.7051282051282053	0.0	0.0	0.0	0.0	0.0	0.0	0.0	11.284615384615385	2.8974358974358974	0.735897435897436	0.0	0.0	0.38974358974358975	0.0	0.0	5.81570996978852	2.859416445623342	0.0	0.3641025641025641	0.0	1.141025641025641	0.0
19665	0.0	2.484234234234234	0.0	0.0	0.0	0.0	0.0	0.0	0.0	6.746606334841629	1.9049773755656108	0.0	0.40765765765765766	0.0	0.8648648648648649	0.0	0.0	8.128205128205128	1.4076576576576576	0.0	0.0	0.15990990990990991	0.0	0.0
19666	0.0	2.173202614379085	2.6063492063492064	0.0	0.0	0.0	0.0	0.0	0.0	6.634551495016611	5.939297124600639	0.0	0.0	0.0	0.7015873015873015	0.0	0.0	11.059055118110237	5.330232558139535	0.24761904761904763	0.0	0.0	1.5809523809523809	0.0
19667	0.0	1.8741496598639455	0.8571428571428571	0.0	0.0	0.0	0.0	0.0	0.0	11.982993197278912	3.4384615384615387	0.0	0.0	0.0	0.7581967213114754	0.0	0.0	4.017937219730942	10.954545454545455	0.0	0.0	0.0	0.0	0.0
19668	0.0	2.4471544715447155	1.1626016260162602	0.0	0.0	0.0	0.0	0.0	0.0	9.897196261682243	4.897435897435898	1.3170731707317074	0.0	0.0	0.8699186991869918	0.0	0.0	3.6991869918699187	0.8699186991869918	0.0	1.1869918699186992	0.0	0.0	2.0
19669	0.0	3.3255131964809386	0.0	0.0	0.9084967320261438	0.0	0.0	0.0	0.0	9.225274725274724	0.0	0.0	0.0	1.2222222222222223	2.2287581699346406	0.0	0.0	9.344262295081966	5.699652777777778	0.0	0.0	0.45588235294117646	0.0	0.0
19670	0.0	1.4047619047619047	0.0	0.0	0.0	0.0	0.0	0.0	0.0	11.481848184818482	3.2351190476190474	0.0	0.0	1.9166666666666667	0.0	0.6693548387096774	0.0	14.987987987987989	1.7	1.0892857142857142	0.0	1.0446428571428572	0.0	0.0
19671	0.0	0.0	1.4881720430107528	0.0	0.0	0.0	0.0	0.0	0.0	12.948040885860307	2.8038022813688213	0.0	0.6802867383512545	0.0	0.8480286738351255	0.0	0.0	10.073189522342064	1.5209163346613546	0.0	0.0	0.7396449704142012	0.0	0.4874551971326165
19672	0.0	1.053030303030303	0.0	0.0	0.0	0.0	0.0	0.0	0.0	13.10909090909091	2.303030303030303	0.0	0.0	0.0	0.5909090909090909	0.0	0.0	9.090909090909092	4.764705882352941	0.0	0.0	0.0	2.257575757575758	0.0
19673	0.0	0.8102493074792244	0.0	0.0	0.0	0.0	0.0	0.0	0.0	12.600835945663531	1.8685300207039337	0.0	0.0	1.7382478632478633	1.4962962962962962	0.0	0.0	6.735172413793103	5.309523809523809	0.0	0.0	0.7874519846350833	0.0	0.0
19674	0.0	1.0775	0.6733333333333333	0.0	0.0	0.0	0.0	0.0	0.0	8.347368421052632	3.8679417122040074	0.0	0.0	0.0	0.0	0.0	0.0	9.485342019543975	2.67914979757085	0.0	0.0	0.0	1.2841666666666667	0.0
19675	0.0	3.266299357208448	0.6932966023875115	0.0	0.0	0.0	0.0	0.0	0.0	12.21505376344086	3.207885304659498	0.0	0.0	1.0595121951219513	0.0	0.0	0.0	8.970491803278689	3.0959164292497627	0.7768595041322314	0.0073461891643709825	0.0	1.5831037649219468	0.0
19676	0.0	0.0	0.0	0.0	0.0	0.0	0.0	0.0	0.0	6.167539267015707	3.3780068728522337	0.0	0.0	0.0	1.2988505747126438	0.0	0.0	9.69054441260745	1.953810623556582	0.0	0.0	0.135632183908046	0.6	0.0
19677	0.0	1.7109004739336493	0.49696969696969695	0.0	0.0	0.0	0.6658291457286433	0.0	0.0	13.254098360655737	4.678983833718245	0.6707070707070707	0.0	0.0	0.6692506459948321	0.0	0.0	11.61	2.1575757575757577	1.103030303030303	0.8646464646464647	0.0	0.0	0.0
19678	0.0	1.9643979057591623	0.0	0.5283882783882784	0.0	0.0	0.6318681318681318	0.0	0.0	8.94026284348865	4.004415011037527	0.0	0.0	0.0	1.2302025782688766	0.0	0.0	9.892938496583144	5.369152970922882	0.0	0.0	0.0	1.6519959058341862	0.0
19679	0.0	0.7820844099913867	0.0	0.0	0.0	0.0	0.4269230769230769	0.0	0.0	14.515915119363395	3.942008486562942	0.0	0.0	0.0	0.8779637377963738	0.0	0.0	7.856794141578519	7.54559748427673	0.0	0.08205128205128205	0.0	0.7660256410256411	0.0
19680	0.0	3.0123456790123457	0.0	0.0	0.0	0.0	0.0	0.0	0.0	18.037735849056602	2.296875	0.0	0.0	0.0	0.9506172839506173	0.0	0.0	3.472972972972973	5.91358024691358	0.0	0.0	0.0	0.0	0.0
19681	0.0	0.6337448559670782	0.0	0.0	0.0	0.0	0.0	0.0	0.0	21.73049645390071	6.051282051282051	0.0	0.0	0.0	0.0	0.0	0.0	4.531380753138075	7.203980099502488	0.0	0.0	0.0	0.0	0.0
19682	0.0	2.260289210233593	0.0	0.0	0.0	0.0	0.7664670658682635	0.0	0.0	10.880044843049328	3.384861407249467	0.0	0.2954091816367265	0.0	0.7465069860279441	0.0	0.0	6.60655737704918	3.5029515938606846	0.0	0.0	0.0	2.2019027484143763	0.0
19683	0.0	0.0	0.0	0.3222748815165877	0.0	0.0	0.0	0.0	0.0	13.102974828375286	4.151631477927063	0.0	0.0	0.0	0.0	0.0	0.0	9.428571428571429	4.497630331753554	0.0	0.0	0.0	1.3670212765957446	0.0
19684	0.0	1.9417670682730923	0.0	0.0	0.0	0.0	0.0	0.0	0.0	10.843373493975903	4.951807228915663	0.8353413654618473	1.3815261044176708	0.01606425702811245	0.0	0.23092369477911648	0.0	17.833333333333332	9.903092783505155	0.0	0.0	0.0	0.0	0.142570281124498
19685	3.4246575342465753	2.9123287671232876	0.0	0.0	0.0	0.0	0.0	0.0	0.6365638766519823	8.85139318885449	1.9858490566037736	1.353559870550162	0.0	0.0	0.0	0.0	3.9663137632338787	12.618843683083512	5.736942070275403	0.03155339805825243	0.0	0.6311688311688312	0.0	0.0
19686	0.0	1.9790419161676647	0.1919191919191919	0.0	0.0	0.0	0.46464646464646464	0.0	0.0	9.614973262032086	5.227743271221532	0.0	0.5808080808080808	0.0	0.0	0.0	0.0	7.720907297830375	7.52882703777336	1.5244107744107744	0.0	0.0	0.9393939393939394	0.0
19687	0.0	0.6666666666666666	0.0	0.0	0.0	0.0	0.0	0.0	0.0	5.568493150684931	2.2781456953642385	0.0	0.0	0.0	0.0	0.0	0.0	6.215976331360947	0.0	0.0	0.0	0.0	0.0	0.0
19688	0.0	0.0	0.0	0.0	0.0	0.0	0.0	0.0	0.0	7.334319526627219	3.8494117647058825	0.0	0.0	0.0	0.0	0.0	0.0	7.496894409937888	0.0	0.0	0.0	0.9041095890410958	0.30837004405286345	0.0
19689	0.0	0.718065693430657	0.9198855507868383	0.0	0.0	0.0	0.7331902718168812	0.0	0.0	9.820428336079077	3.4136904761904763	0.0	0.0	0.0	1.659513590844063	0.0	0.0	8.488095238095237	3.932045779685265	0.0	0.0	0.0	0.0	0.0
19690	0.0	3.5185185185185186	0.0	0.0	0.0	0.0	0.0	0.0	0.0	4.719298245614035	2.2888888888888888	0.8296296296296296	0.0	0.0	0.08888888888888889	0.0	0.0	7.038461538461538	1.0074074074074073	0.3925925925925926	0.0	0.0	0.0	0.0
19691	0.0	4.785714285714286	0.0	0.0	0.0	0.0	0.875	0.0	0.0	10.905109489051094	6.661458333333333	0.0	0.0	0.0	2.0260416666666665	0.0	0.0	10.47972972972973	1.6354166666666667	0.0	0.0	0.0	0.0	0.0
19692	0.0	4.094771241830065	0.0	0.0	0.0	0.0	0.0	0.0	0.0	14.44943820224719	2.861236802413273	0.0	0.0	0.25037707390648567	0.0	0.0	0.0	11.92671009771987	2.848552338530067	0.444947209653092	0.0	0.0	1.0147783251231528	0.0
19693	0.0	0.2028985507246377	1.4409937888198758	0.0	0.0	0.0	0.0	0.0	0.0	14.923395445134576	3.0898876404494384	0.0	0.0	0.0	2.5341614906832297	0.0	0.0	8.762931034482758	9.97080291970803	0.09937888198757763	0.0	0.3146997929606625	2.153209109730849	0.6894409937888198
19694	0.0	2.03088326127239	0.0	0.0	0.0	0.0	0.4225865209471767	0.0	0.0	7.231231231231231	6.928132678132678	0.0	0.0	0.17304189435336975	0.0	0.0	0.0	6.726027397260274	5.181464174454828	0.0	0.0	0.0	0.0	0.0
19695	0.0	2.9008620689655173	1.235042735042735	0.0	0.0	0.0	0.8547008547008547	0.0	0.0	8.438202247191011	3.952991452991453	0.004273504273504274	0.0	0.0	0.0	0.0	0.0	7.282539682539682	2.1479713603818618	1.811965811965812	0.0	0.0	0.0	0.0
19696	0.0	3.136865342163355	0.0	0.0	0.0	0.0	0.0	0.0	0.0	14.095588235294118	2.8594771241830066	0.0	0.0	0.0	0.0	0.0	0.0	8.667289719626169	3.8535469107551488	0.8366013071895425	0.0	0.0	0.1437908496732026	0.0
19697	0.0	2.2281795511221945	0.0	0.0	0.0	0.0	0.0	0.0	0.0	10.107673267326733	2.725373134328358	0.0	0.0	0.2009950248756219	0.0	0.0	0.0	11.956218905472637	5.781366459627329	0.0	0.0	0.0	0.0	0.29850746268656714
19698	0.0	1.7377049180327868	0.050682261208576995	0.0	0.0	0.0	0.0	0.0	0.0	7.711428571428572	3.497076023391813	1.5288220551378446	0.0	0.0	0.0	0.0	0.0	6.352185089974293	10.78974358974359	0.0	0.0	0.0	0.0	0.13060428849902533
19699	0.0	1.4540636042402826	1.2105997210599722	0.0	0.0	0.0	0.0	0.0	0.0	12.779690189328743	0.8231046931407943	0.7099023709902371	0.0	0.8661087866108786	1.899581589958159	0.0	0.0	11.30485436893204	3.293563579277865	0.0	0.0	0.0	0.3737796373779637	0.0
19700	0.0	2.465936739659367	0.7664233576642335	0.0	0.0	0.0	0.7347931873479319	0.0	0.0	11.992424242424242	2.0404172099087354	0.0	0.0	0.0	0.0	0.0	0.0	11.133333333333333	6.520361990950226	0.19464720194647203	0.0	0.0	1.3503649635036497	0.0
19701	0.0	1.6465863453815262	0.0	0.0	1.072289156626506	0.0	0.0	0.0	0.0	17.986425339366516	4.815261044176707	0.0	0.7469879518072289	0.0	0.0	0.0	0.0	9.97165991902834	3.781115879828326	0.0	0.0	0.0	0.0	0.0
19702	0.0	2.4556962025316458	0.0	0.0	0.0	0.0	0.7932489451476793	0.0	0.0	15.959537572254336	2.1645569620253164	2.9156118143459917	0.0	0.0	0.0	0.0	0.0	10.864516129032259	10.278481012658228	0.9957805907172996	0.0	0.0	0.540084388185654	0.0
19703	0.0	1.8738738738738738	0.0	0.0	1.7083333333333333	0.0	0.0	0.0	0.0	16.69776119402985	3.141141141141141	0.6066066066066066	3.7415384615384615	3.1377952755905514	2.15015015015015	6.831831831831832	0.0	9.595833333333333	6.911949685534591	0.0	0.0	6.156794425087108	0.0	2.042042042042042
19704	0.0	7.690140845070423	0.057777777777777775	0.0	0.5155555555555555	0.0	0.4088888888888889	0.0	0.0	7.633879781420765	3.967136150234742	0.0	6.571428571428571	2.7022222222222223	0.5777777777777777	1.031111111111111	0.9333333333333333	0.7555555555555555	4.88	0.0	0.0	2.625570776255708	0.0	0.0
19705	0.0	0.0	0.0	0.0	0.0	0.0	0.0	0.0	0.0	3.062992125984252	1.0138888888888888	0.0	0.0	0.0	2.5	0.0	0.0	6.811188811188811	0.0	1.2569444444444444	0.0	0.0	0.0	0.0
19706	0.0	1.7814992025518341	0.0	0.0	0.0	0.0	0.0	0.0	0.0	9.03119266055046	1.9936204146730463	0.0	0.0	0.2647527910685805	1.3381180223285487	0.0	0.0	9.401666666666667	4.055821371610845	0.0	0.0	0.0	0.671451355661882	0.0
19707	0.0	0.0	0.0	0.0	0.0	0.0	0.6618257261410788	0.0	0.0	8.786923076923078	2.6204437400950873	0.0	0.0	0.0	1.8817541111981206	0.0	0.0	8.408307210031348	2.9939550949913643	0.0	0.0	0.0	0.0	0.0
19708	0.0	0.0	0.0	0.0	0.0	0.0	0.0	0.0	0.0	7.387305699481865	2.019047619047619	0.0	0.0	0.0	0.0	0.0	0.0	4.007915567282322	1.9033189033189033	0.0	0.0	0.0	0.9053591790193842	0.0
19709	0.0	0.0	0.0	0.0	0.0	0.0	0.0	0.0	0.0	7.960099750623441	0.0	0.0	0.0	0.0	0.0	0.0	0.0	8.309782608695652	0.832258064516129	0.6451612903225806	0.0	0.0	0.0	0.0
19710	0.0	0.0	0.0	0.0	0.0	0.0	0.0	0.0	0.0	9.688311688311689	3.442622950819672	0.0	0.0	0.0	0.0	0.0	0.0	7.863387978142076	0.0	0.0	0.0	0.0	0.0	0.0
19711	0.0	0.4057971014492754	1.3333333333333333	0.0	0.0	0.0	0.0	0.0	0.0	10.009661835748792	4.386473429951691	0.0	0.961352657004831	0.0	0.25120772946859904	0.0	0.0	9.147286821705427	2.6714975845410627	0.0	0.0	3.4552845528455283	2.7729468599033815	0.0
19712	0.0	5.034848484848485	0.6984848484848485	0.0	0.0	0.0	0.0	0.0	0.0	13.966601178781925	4.56875	0.0	0.0	0.0	0.0	0.0	0.0	7.430303030303031	6.453932584269663	0.0	0.0	0.0	0.0	0.0
19713	0.0	1.9074074074074074	0.0	0.0	1.194915254237288	0.0	0.0	0.0	0.0	18.4078431372549	4.8321167883211675	0.0	0.0	0.0	0.0	0.0	0.0	11.601694915254237	3.0198300283286117	0.0	0.0	0.711864406779661	0.0	2.443502824858757
19714	0.0	0.0	0.0	0.0	0.0	0.0	0.0	0.0	0.0	12.772277227722773	1.5357142857142858	0.0	0.7227891156462585	0.0	1.4990328820116054	0.0	0.0	6.166953528399311	3.7091836734693877	0.0	0.0	0.0	0.0	0.0
19715	11.527131782945736	2.248046875	0.0	0.0	0.0	0.0	0.0	0.0	3.4446640316205532	7.681614349775785	3.897286821705426	0.0	0.0	1.8953488372093024	1.0238095238095237	0.9767441860465116	13.237373737373737	8.935483870967742	7.841860465116279	0.0	0.0	2.4302325581395348	0.0	1.0910852713178294
19716	0.0	0.020202020202020204	2.176767676767677	0.0	0.0	0.0	0.5404040404040404	0.0	0.0	7.147651006711409	2.95959595959596	0.0	0.0	0.0	0.0	0.0	0.0	9.436708860759493	1.1125	0.0	0.0	0.0	0.08585858585858586	0.0
19717	0.0	2.0427672955974843	2.0276729559748428	0.0	0.0	0.0	0.0	0.0	0.0	12.930051813471502	2.8176100628930816	0.9358490566037736	0.0	0.0	0.0	0.0	0.0	6.216850828729282	2.5008077544426492	0.0	0.0	0.0	0.0	0.1119496855345912
19718	0.0	0.0	0.0	0.0	0.0	0.0	0.0	0.0	0.0	12.089605734767025	1.2981715893108299	0.0	0.0	0.0	0.0	0.0	0.0	6.665242165242165	2.637515842839037	0.0	0.0	0.0	1.6514575411913814	0.19138149556400508
19719	0.0	0.0	0.0	0.0	0.0	0.0	0.6485943775100401	0.0	0.0	14.733333333333333	6.425742574257426	0.0	0.0	0.0	0.46987951807228917	0.0	0.0	8.553497942386832	3.6830466830466833	0.0	0.0	0.0	0.6666666666666666	0.0
19720	0.88	0.0	0.0	0.0	0.0	0.02666666666666667	0.0	0.0	0.0	9.717647058823529	5.226666666666667	0.7822222222222223	0.0	0.9333333333333333	0.0	0.14222222222222222	0.0	10.441176470588236	2.4153846153846152	0.0	0.0	0.0	1.3111111111111111	0.0
19721	0.0	0.6476868327402135	0.0	0.0	0.0	0.0	0.0	0.0	0.0	4.231242312423125	1.5348258706467661	0.1162514827995255	0.0	0.0	0.4626334519572954	0.0	0.0	8.81020166073547	4.966785290628707	0.99644128113879	0.32265717674970346	0.0	0.9098457888493475	0.0
19722	0.0	1.6383363471971066	0.0	0.0	0.0	0.0	0.18697829716193656	0.0	0.0	9.045611610228057	3.257913247362251	0.0	0.0	0.0	0.0	0.0	0.0	8.728726807421625	3.6124429223744294	0.0	0.0	0.0	0.0	0.0
19723	0.0	2.0763500931098697	0.49914529914529915	0.0	0.0	0.0	0.0	0.0	0.0	13.21957671957672	4.472049689440993	0.5367521367521367	0.0	0.0	0.4256410256410256	0.0	0.0	8.162393162393162	7.020754716981132	0.0	0.0	0.26666666666666666	0.0	0.0
19724	0.0	3.0514285714285716	0.6155913978494624	0.0	0.0	0.0	0.0	0.0	0.0	8.739463601532567	3.164021164021164	0.0	0.0	0.0	0.0	0.0	0.0	8.624326404926867	2.0962025316455697	0.8118279569892473	0.0	0.0	0.0	0.0
19725	0.0	1.3630136986301369	1.3105022831050228	0.1735159817351598	0.0	0.0	0.0	0.0	0.0	4.534653465346534	0.8447488584474886	0.0	0.0	0.0	0.0	0.0	0.0	2.910344827586207	4.752442996742671	0.0	0.0	0.0	0.0	0.0
19726	0.0	2.7222222222222223	0.0	0.0	0.0	0.0	0.0	0.0	0.0	3.6744791666666665	4.382629107981221	0.0	0.0	0.0	0.0	0.0	0.0	5.565104166666667	0.800711743772242	0.0	0.0	0.0	0.0	0.0
19727	0.0	0.0	0.9156010230179028	0.0	0.0	0.0	0.19631901840490798	0.0	0.0	8.313570487483531	3.910941475826972	0.483640081799591	0.0	0.0	1.8242677824267783	0.0	0.0	9.291611185086552	3.051312649164678	0.0	0.0	0.0	0.9198055893074119	0.0
19728	0.0	0.9536541889483066	0.0	0.42289719626168226	0.0	0.0	0.42133956386292837	0.0	0.0	11.214856230031948	3.0330578512396693	0.0	0.0	0.0	0.6651090342679128	0.0	0.0	8.690068493150685	4.040065412919051	0.0	0.0	0.0	0.0	0.0
19729	0.0	1.4122712594187299	1.7295774647887323	0.39436619718309857	0.0	0.0	0.4112676056338028	0.0	0.0	10.36078431372549	3.571830985915493	1.3371757925072045	0.6610328638497652	0.0	1.8140845070422535	0.0	0.0	14.642151481888035	2.0712788259958073	0.0	0.0	0.0	0.0	0.0
19730	0.0	1.8283730158730158	0.1130952380952381	0.0	0.0	0.0	0.0	0.0	0.0	11.35633626097867	3.011678832116788	0.0	0.0	0.0	0.16865079365079366	0.0	0.0	13.662004662004662	3.9392133492252683	0.0	0.0	0.0	0.8740079365079365	0.0
19731	0.0	0.0	0.0	0.0	0.0	0.0	0.48333333333333334	0.22666666666666666	0.0	9.110307414104883	3.5430711610486894	0.0	0.0	0.0	0.0	0.0	0.0	6.285	3.0994263862332696	0.0	0.0	0.0	0.0	0.0
19732	0.0	1.1146711635750421	0.19047619047619047	0.0	0.0	0.0	0.0	0.0	0.0	8.80184331797235	2.8698481561822127	0.0	0.0	0.0	0.0	0.0	0.0	9.26775956284153	5.057581573896353	0.0	0.0	0.0	0.0	0.0
19733	0.0	1.1062271062271063	0.0	0.0	0.0	0.0	0.0	0.0	0.0	8.237132352941176	2.518375241779497	1.1465201465201464	0.0	0.0	0.0	0.0	0.0	7.876288659793815	1.6758241758241759	0.0	0.0	0.0	0.0	0.0
19734	0.0	3.1210762331838566	1.343796711509716	0.0	0.0	0.0	0.6846038863976084	0.0	0.0	10.183673469387756	6.197309417040358	0.0	0.43647234678624813	0.0	0.0	0.0	0.0	7.203669724770642	2.591666666666667	0.0	0.0	0.0	0.0	0.0
19735	0.0	0.0	0.8637450199203187	0.0	0.0	0.3436754176610978	0.0	0.0	0.0	9.03476669716377	3.031023784901758	0.0	0.0	1.090692124105012	1.3163538873994638	0.0	0.0	6.699443413729128	4.852348993288591	0.0	0.0	0.625	0.0	0.0
19736	0.0	0.0	0.0	0.0	0.0	0.0	0.0	0.0	0.0	0.0	4.437037037037037	0.0	0.0	0.0	0.0	0.0	0.0	3.903703703703704	1.2857142857142858	0.0	0.0	0.0	2.0148148148148146	0.0
19737	0.0	2.5463917525773194	0.0	0.0	0.0	0.0	0.0	0.0	0.0	9.02405498281787	1.1890034364261168	0.0	0.0	0.0	0.0	0.0	0.0	11.445378151260504	2.888888888888889	0.0	0.0	0.0	2.0859106529209623	0.0
19738	0.0	1.521889400921659	0.0	0.0	0.0	0.0	0.0	0.0	0.0	14.821301775147928	3.293103448275862	0.0	0.0	0.0	0.24888888888888888	0.0	0.0	5.472222222222222	3.9662379421221865	0.0	0.0	0.0	0.0	0.0
19739	0.0	0.8952513966480447	0.0	0.0	0.0	0.0	0.0	0.0	0.0	10.329643296432964	2.2186700767263425	1.0824499411071848	0.0	0.0	1.1813898704358068	0.0	0.0	7.3915094339622645	2.604715672676838	0.0	0.0	0.0	0.9069493521790342	0.0
19740	0.0	0.8447653429602888	0.0	0.0	0.21505376344086022	0.0	0.0	0.0	0.0	8.649087221095336	3.3981042654028437	1.189964157706093	0.6129032258064516	0.0	0.8422939068100358	0.0	0.0	13.948665297741274	4.315151515151515	0.0	0.34050179211469533	0.0	0.0	0.0
19741	0.0	2.747826086956522	0.5299145299145299	0.0	0.0	0.0	0.0	0.0	0.0	7.409090909090909	2.0781954887218044	0.0	0.0	0.0	0.9462759462759462	0.0	0.0	8.387057387057387	1.3294871794871794	0.0	0.0	0.0	0.0	0.7142857142857143
19742	0.0	3.123015873015873	1.0907103825136613	0.0	0.0	0.0	0.0	0.0	0.0	10.09681227863046	4.291187739463601	0.0	0.0	0.0	0.0	0.0	0.0	6.169471153846154	3.6780104712041886	0.0	0.0	0.0	0.0	0.0
19743	0.0	1.838192419825073	0.0	0.0	0.0	0.0	0.0	0.0	0.0	6.702229299363057	5.6065318818040435	0.0	0.7496318114874816	0.0	0.0	0.0	0.0	4.856946354883081	6.152716593245228	0.0	0.0	0.3926767676767677	0.0	0.0
19744	0.0	4.029824561403509	0.0	0.0	0.0	0.0	0.0	0.0	0.0	8.018264840182649	0.9614035087719298	0.0	0.0	0.0	0.0	0.3385964912280702	0.0	6.817836812144212	5.678500986193294	0.0	0.0	0.0	0.0	0.0
19745	0.0	2.024916943521595	0.0	0.0	0.0	0.0	0.0	0.0	0.0	5.195833333333334	2.3056603773584907	0.0	0.0	0.0	1.6488673139158576	0.0	0.0	8.99512987012987	5.134935304990758	0.0	0.0	0.0	0.0	0.0
19746	0.0	0.40625	0.0	0.0	0.0	0.0	0.0	0.0	0.0	10.571830985915494	1.784153005464481	0.09462365591397849	0.0	0.0	0.0	0.0	0.0	12.616052060737527	2.375	0.0	0.0	0.6494623655913978	1.224537037037037	0.0
19747	0.0	3.574712643678161	0.0	0.0	0.0	0.0	0.0	0.0	0.0	7.507317073170731	2.823369565217391	0.0	0.0	0.0	0.08735632183908046	0.0	0.0	5.291176470588235	3.856470588235294	0.0	0.0	0.0	0.0	0.0
19748	0.0	1.7374213836477987	0.6390532544378699	0.0	0.3270440251572327	0.0	0.0	0.0	0.0	11.876712328767123	1.978021978021978	0.0	0.9575471698113207	1.5927672955974843	0.0	0.0	0.0	12.112068965517242	2.97678916827853	0.0	2.419512195121951	3.4946236559139785	0.8789308176100629	0.0
19749	0.0	3.7025641025641027	0.0	0.0	0.0	0.0	0.8256410256410256	0.0	0.0	10.390243902439025	0.0	0.0	0.0	0.0	0.0	0.0	0.0	3.726775956284153	0.0	0.0	0.0	0.0	0.0	0.0
19750	0.0	4.243298969072165	1.2010582010582012	0.0	0.0	0.0	0.0	0.0	0.0	9.459090909090909	4.969325153374233	0.0	0.0	0.0	0.0	0.0	0.0	8.538310412573674	1.7463126843657817	0.5149911816578483	0.0	0.0	0.0	0.0
19751	0.0	2.2789598108747047	1.3049645390070923	0.0	0.0	0.0	0.0	0.0	0.0	8.679886685552407	5.167848699763593	0.5791962174940898	0.4562647754137116	0.0	1.5224586288416075	0.0	0.0	8.34959349593496	2.825545171339564	0.5957446808510638	0.0	0.46808510638297873	0.0	0.0
19752	0.0	4.824561403508772	3.1578947368421053	3.2280701754385963	0.0	0.0	0.6842105263157895	0.0	0.0	11.43859649122807	0.0	0.0	0.0	0.0	0.0	0.0	0.0	13.683544303797468	2.4035087719298245	0.0	0.0	0.0	0.0	0.0
19753	0.0	0.0	0.0	0.24691358024691357	2.9135802469135803	0.0	0.0	0.0	0.0	15.462962962962964	0.4117647058823529	0.0	0.0	0.0	0.0	0.0	0.0	11.703703703703704	4.4391891891891895	0.0	0.0	0.0	0.0	0.0
19754	0.0	1.2166666666666666	1.0661577608142494	0.0	0.0	0.0	0.0	0.0	0.0	15.848484848484848	2.703333333333333	0.0	0.49363867684478374	0.0	1.8931297709923665	0.0	0.0	16.59287531806616	0.8040712468193384	0.0	0.0	0.0	0.0	1.2544529262086515
19755	0.0	0.0	0.0	1.2995169082125604	0.0	0.0	0.8695652173913043	0.38164251207729466	0.0	9.978552278820375	2.781758957654723	0.0	0.0	0.0	1.5169082125603865	0.0	0.0	11.840579710144928	5.564971751412429	0.0	0.0	0.0	0.0	0.0
19756	0.0	0.0	0.0	0.0	0.0	0.0	0.0	0.0	0.0	2.627450980392157	0.0	0.0	0.0	0.0	0.0	0.0	0.0	6.380952380952381	0.0	0.0	0.0	0.0	0.0	0.0
19757	0.0	0.0	3.5243055555555554	0.0	0.0	0.0	0.0	0.0	0.0	4.585253456221198	1.296	0.0	0.0	0.0	2.8680555555555554	0.0	0.0	5.22	4.029629629629629	0.78125	0.0	0.0	0.0	0.0
19758	0.0	1.8643678160919541	0.18735632183908046	0.0	0.0	0.0	0.0	0.0	0.0	6.746246246246246	1.8335483870967741	0.0	0.9459770114942528	0.0	1.0988505747126436	0.0	0.0	9.148703956343793	3.906208718626156	1.6638755980861244	0.0	0.0735632183908046	0.0	0.0
19759	0.0	2.3306836248012717	0.0	0.0	0.14439946018893388	0.0	0.0	0.0	0.0	12.55189456342669	5.274038461538462	0.024291497975708502	0.07692307692307693	0.0	0.0	0.0	0.0	2.949096880131363	3.786153846153846	0.0	0.0	0.0	0.0	0.0
19760	15.522891566265061	6.798029556650246	6.081545064377682	0.0	2.6777493606138107	1.5512295081967213	0.0	0.0	13.626326963906582	19.54988399071926	7.473809523809524	1.3104265402843602	2.3983739837398375	16.32638888888889	0.8	6.674418604651163	37.80224719101123	14.050420168067227	13.053191489361701	1.070921985815603	5.321361058601134	11.721649484536082	0.0	2.7588652482269502
19761	0.0	1.9	0.0	0.0	0.0	0.0	0.0	0.0	0.0	5.851485148514851	2.3333333333333335	0.9351230425055929	0.0	0.0	0.0	0.0	0.0	8.55688622754491	3.3181818181818183	0.0	0.0	0.0	0.5234899328859061	0.0
19762	0.06091370558375635	1.4483925549915397	0.6550976138828634	0.0	0.0	0.0	0.0	0.0	0.0	4.283018867924528	2.510204081632653	0.0	1.0829103214890017	0.0	0.871404399323181	0.0	0.0	8.311336717428087	6.843037974683544	0.6429780033840947	0.0	0.0	0.0	0.0
19763	0.0	0.7834681042228212	1.060576923076923	0.0	0.0	0.0	0.0	0.0	0.0	7.307843137254902	2.894630192502533	0.0	0.08265947888589398	0.9892183288409704	0.0	0.0	0.0	6.42157751586582	3.03125	0.444743935309973	0.0	0.0	0.33243486073674755	0.0
19764	0.0	0.0	0.0	0.0	0.0	0.0	0.0	0.0	0.0	13.94054054054054	5.271794871794872	0.0	0.0	0.0	0.0	0.0	0.0	0.0	4.3924050632911396	0.0	0.0	0.0	0.0	0.0
19765	0.0	1.9194139194139195	0.0	0.0	0.0	0.0	0.0	0.0	0.0	7.229838709677419	6.458715596330276	0.5168195718654435	0.0	0.0	0.0	0.0	0.0	7.4171122994652405	5.046357615894039	0.0	0.0	0.0	2.6605504587155964	0.0
19766	0.0	1.261330194231901	0.0	0.0	0.0	0.0	0.0	0.0	0.0	9.069983597594314	2.9689119170984455	1.02773575390822	0.0	0.13262733232476046	1.1664145234493193	0.0	0.0	9.96083385975995	3.9955678670360113	0.3746848209783157	0.0	0.0	1.199193141704488	0.0
19767	0.0	1.2984293193717278	0.9144851657940664	0.0	0.0	0.0	0.0	0.0	0.0	6.850352112676056	5.655445544554455	0.4781849912739965	0.0	0.0	0.0	0.0	0.0	6.265270506108203	0.7731239092495636	0.33158813263525305	0.0	0.0	0.0	0.0
19768	0.0	4.059071729957806	0.0	0.0	0.0	0.0	0.0	0.0	0.0	11.402439024390244	4.814345991561181	0.0	0.0	0.0	1.7637130801687764	0.0	0.0	3.4630541871921183	1.1983122362869199	0.0	0.0	0.0	0.0	0.0
19769	0.0	1.3346573982125125	1.58123370981755	0.0	0.0	0.0	0.0	0.0	0.0	5.38243626062323	4.1510989010989015	0.0	0.0	0.2675213675213675	0.4205128205128205	0.0	0.0	9.80064308681672	3.6319514661274015	0.0	0.0	0.7838383838383839	0.3230769230769231	0.0
19770	0.0	3.134674922600619	0.0	0.0	0.0	0.0	0.0	0.0	0.0	8.724505327245053	3.22809667673716	0.0	0.8646748681898067	0.7559726962457338	0.0	0.0	0.0	8.64749262536873	8.539050535987748	0.0	0.0	0.0	1.3751743375174337	0.0
19771	0.0	0.9991319444444444	0.0	0.0	0.3116319444444444	0.0	0.1892361111111111	0.0	0.0	10.348940914158305	3.5618729096989967	0.0	0.0	0.0	0.0	0.0	0.0	5.073684210526316	2.7637867647058822	0.0	0.0	0.0	0.8958333333333334	0.0
19772	1.7976190476190477	1.3404255319148937	0.0	0.0	1.5357142857142858	0.0	1.3630952380952381	0.0	0.0	13.978902953586498	3.4226190476190474	0.0	2.2083333333333335	4.904761904761905	0.2594594594594595	0.8958333333333334	0.0	9.099041533546325	3.42914979757085	0.0	0.0	2.8058252427184467	6.294117647058823	0.0
19773	0.0	2.8434163701067616	0.0	0.0	0.0	0.0	0.0	0.0	0.0	10.826327433628318	3.3416407061266873	0.0	0.4319526627218935	0.0	1.893491124260355	0.0	0.0	10.336798336798337	2.6349942062572422	0.0	0.21893491124260356	0.888560157790927	0.0	0.0
19774	0.0	0.9723076923076923	0.0	1.3728395061728396	0.0	0.0	0.0	0.0	0.0	16.2434554973822	6.148148148148148	0.0	0.0	0.0	1.2320987654320987	0.0	0.6790123456790124	11.054320987654322	5.147632311977716	0.0	0.0	0.0	0.7086419753086419	1.6197530864197531
19775	0.0	0.0	1.8404255319148937	0.0	0.0	0.0	0.0	0.0	0.0	8.415458937198068	5.41970802919708	1.3315602836879432	0.0	0.23581560283687944	0.0	0.0	0.0	11.625231910946196	6.391843971631205	0.0	0.0	0.9414893617021277	0.014184397163120567	0.0
19776	0.0	1.2754820936639117	0.9813519813519813	0.0	0.0	0.0	1.6585081585081585	0.0	0.0	10.366197183098592	3.9802890932982917	0.0	0.0	0.0	0.0	0.0	0.0	15.02461899179367	3.5169971671388103	0.46853146853146854	0.0	0.0	0.0	0.0
19777	0.0	2.3372093023255816	0.0	0.0	0.0	0.0	0.0	0.0	0.0	1.6	2.0588235294117645	0.0	0.0	0.6823529411764706	0.0	0.0	0.0	8.308035714285714	12.955696202531646	0.0	0.0	0.29411764705882354	0.0	0.0
19778	0.0	0.9758551307847082	0.0	0.0	0.9926253687315634	0.0	0.0	0.0	0.0	9.535073409461663	4.08503937007874	1.5192307692307692	0.8893805309734514	0.24778761061946902	0.8702064896755162	0.0	0.0	7.970434782608696	4.9890795631825275	0.0	0.0	0.0	0.0	0.0
19779	0.0	2.667814113597246	0.0	0.0	0.0	0.0	0.0	0.0	0.0	13.025252525252526	3.961214165261383	0.0	0.0	0.0	0.0	0.0	0.0	12.14041095890411	3.7514563106796115	0.0	0.0	0.0	1.3527508090614886	0.0
19780	0.0	2.4862745098039216	0.0	0.0	0.0	0.0	0.17647058823529413	0.0	0.0	6.9758551307847085	4.24950884086444	0.0	0.0	0.0	0.7	0.0	0.0	5.950953678474114	3.504166666666667	0.0	0.0	0.0	1.2627450980392156	0.0
19781	0.0	2.1931464174454827	2.8135048231511255	0.0	0.0	0.0	0.0	0.0	0.0	12.227436823104693	2.6006600660066006	0.0	0.0	0.0	0.0	0.0	0.0	4.746710526315789	7.293286219081272	0.0	0.0	0.0	1.0996884735202492	0.0
19782	0.0	4.773049645390071	0.9489953632148377	0.0	0.0	0.0	0.8972222222222223	0.0	0.0	11.62923076923077	6.261133603238866	0.0	0.0	0.0	0.0	0.0	0.0	8.535190615835777	9.019553072625698	0.0	0.0	0.5097222222222222	0.925	0.0
19783	0.0	3.1844978165938866	0.0	0.0	0.0	0.0	0.0	0.0	0.0	14.147191011235956	4.174850299401197	0.5479302832244008	0.0	0.0	1.2505446623093681	0.0	0.0	10.322429906542055	3.077342047930283	0.0	0.0	0.0	0.0	0.0
19784	0.0	2.056935817805383	0.8906426155580609	0.0	0.0	0.0	0.0	0.0	0.0	15.303437967115098	6.797018348623853	0.0	0.0	0.0	1.0720524017467248	0.0	0.0	12.228960396039604	1.8263707571801566	0.7267080745341615	0.0	0.19772256728778467	0.0	1.0175983436853002
19785	0.0	1.5326086956521738	0.0	0.0	0.0	0.0	1.6594202898550725	0.0	0.0	15.620408163265306	4.089887640449438	0.0	0.0	0.4746376811594203	0.0	0.0	0.0	14.41501976284585	6.856031128404669	0.5398550724637681	0.0	0.0	0.8876811594202898	0.0
19786	0.0	4.57429718875502	0.0	0.5301204819277109	0.0	0.0	0.0	0.0	0.0	11.552162849872774	6.429245283018868	0.6586345381526104	0.4738955823293173	0.0	0.6164658634538153	0.0	0.0	7.171052631578948	8.981052631578947	0.0	0.0	0.0	2.5301204819277108	0.0
19787	0.0	0.5203252032520326	0.0	0.0	0.0	0.0	0.0	0.0	0.0	12.05691056910569	8.925619834710744	0.991869918699187	0.0	0.0	0.0	0.0	0.0	7.138211382113822	12.588785046728972	0.0	0.0	0.0	1.6571428571428573	0.0
19788	0.0	1.8741258741258742	1.4141414141414141	0.0	0.0	0.0	0.0	0.0	0.0	9.380131362889983	4.994594594594594	0.0	1.0675990675990676	0.0	0.9446460980036298	0.0	0.0	8.760761589403973	3.747738693467337	0.0	0.0	0.46076146076146074	0.0	0.0
19789	0.0	0.24022346368715083	2.0244648318042815	0.0	0.0	0.0	1.326797385620915	0.0	0.0	14.46046511627907	3.2507645259938838	2.782874617737003	0.0	1.0948012232415902	1.201834862385321	0.0	0.0	8.754098360655737	2.5074626865671643	0.0	0.0	1.6085626911314985	0.0	0.0
19790	0.0	9.872881355932204	0.6855345911949685	0.0	0.0	0.0	0.0	0.0	0.0	12.084905660377359	9.17123287671233	1.0062893081761006	0.0	0.9056603773584906	0.0	0.0	0.0	10.082191780821917	1.880503144654088	0.0	0.0	2.0314465408805034	2.0251572327044025	0.0
19791	0.0	10.66	1.7115384615384615	0.0	0.0	0.0	0.0	0.0	0.0	12.843283582089553	9.706422018348624	0.0	0.0	0.0	0.0	0.0	0.0	9.933333333333334	1.641025641025641	0.5	0.0	0.38461538461538464	0.5384615384615384	0.0
19792	0.0	8.533464566929133	0.0	0.0	0.0	0.0	0.22734254992319508	0.0	0.0	10.195348837209302	4.00374531835206	0.0	0.03686635944700461	0.0	0.9278033794162827	0.0	0.0	7.851851851851852	1.629800307219662	1.2917341977309562	0.0	0.0	1.1428571428571428	2.2980030721966207
19793	0.0	3.1135531135531136	1.2820512820512822	0.0	0.0	0.0	0.8315018315018315	0.0	0.0	13.238805970149254	2.6923076923076925	0.0	0.0	0.0	1.1062271062271063	0.0	0.0	12.238372093023257	0.9560439560439561	0.15018315018315018	0.0	0.0	0.0	1.1025641025641026
19794	0.0	1.7915234822451318	0.9818930041152263	0.0	0.0	0.0	0.0	0.0	0.0	9.776041666666666	1.5688729874776386	0.0	0.0	0.2831275720164609	0.0	0.0	0.0	11.068434559452523	3.804054054054054	0.7333333333333333	0.0	0.0	0.0	0.0
19795	0.0	0.0	0.0	0.0	0.0	0.0	0.0	0.0	0.0	19.691973969631235	5.495890410958904	0.0	0.0	0.0	0.7344322344322345	0.0	0.0	7.490147783251231	5.054320987654321	0.0	0.0	0.0	0.0	0.326007326007326
19796	11.562435500515996	1.3404004711425206	2.6761603375527425	0.0	0.945041816009558	0.0	0.0	0.0	1.9422084623323013	6.67654986522911	5.0	0.7870813397129187	0.0	1.5757162346521145	0.9806818181818182	0.0	15.086687306501547	12.235924932975871	6.183566433566433	0.0	0.0	4.750865051903114	0.0	0.1238390092879257
19797	0.0	1.6936936936936937	2.5405405405405403	0.0	0.0	0.0	0.0	0.0	0.0	5.576576576576577	0.0	0.0	0.0	0.0	1.09009009009009	0.0	0.0	4.711711711711712	3.154639175257732	0.0	0.0	0.0	0.0	0.0
19798	8.906976744186046	4.0	4.791666666666667	0.0	0.0	0.0	0.0	0.0	2.6435185185185186	9.52980132450331	3.154228855721393	0.0	0.0	0.0	1.7453703703703705	0.0	12.316770186335404	15.91715976331361	4.680555555555555	0.16666666666666666	0.0	0.0	0.0	0.0
19799	1.6362889983579638	1.53125	0.0	0.0	0.0	0.0	0.4072249589490969	0.12561576354679804	0.0	11.689320388349515	5.745940783190067	0.0	0.0	0.0	1.1026272577996716	0.0	0.0	6.709227467811159	4.0137236962488565	0.0	0.0	0.0	1.471264367816092	0.0
19800	3.2059925093632957	1.7303370786516854	0.0449438202247191	0.0	0.0	0.0	0.0	0.0	0.0	7.0607476635514015	4.185022026431718	0.0	0.0	0.0	2.2771535580524342	0.0	0.0	7.909952606635071	2.991489361702128	0.0	0.0	0.0	1.0	0.0
19801	0.0	4.041841004184101	0.0	0.0	0.0	0.0	0.0	0.0	0.0	8.673652694610778	6.1387900355871885	0.0	0.8830409356725146	0.0	0.0	0.0	0.0	16.371517027863778	3.0170648464163823	0.0	0.0	0.0	0.0	0.0
19802	0.0	1.4401544401544402	2.0038709677419355	0.0	0.0	0.0	1.5515239477503628	0.0	0.0	11.802841918294849	3.728494623655914	0.0	0.0	0.0	1.292149292149292	0.0	0.0	8.689450222882614	5.852791878172589	0.0	0.0	0.0	0.0	0.0
19803	0.0	0.0	1.525925925925926	0.0	0.0	0.0	0.0	0.0	0.0	10.923728813559322	4.337037037037037	0.6814814814814815	0.0	0.0	0.362962962962963	0.0	0.0	9.198275862068966	4.092369477911647	0.0	0.0	0.0	0.0	0.0
19804	0.0	3.6586345381526106	1.1441717791411044	0.0	0.0	0.0	0.0	0.0	0.0	12.354651162790697	5.823008849557522	0.0	0.0	0.0	0.0	0.0	0.0	7.085714285714285	9.212025316455696	0.0	0.0	0.0	1.3948863636363635	0.8169398907103825
19805	1.4342105263157894	1.6842105263157894	2.991228070175439	0.0	4.672955974842767	2.1315789473684212	0.0	0.0	0.0	6.373056994818653	4.5131578947368425	1.043859649122807	6.083333333333333	3.394088669950739	0.5	13.718518518518518	5.635761589403973	21.52358490566038	8.299492385786802	1.0789473684210527	1.7982456140350878	12.486187845303867	0.0	0.0
19806	0.0	3.6126482213438735	0.0	0.0	0.0	0.0	0.0	0.0	0.0	10.626106194690266	4.801112656467316	0.2606837606837607	0.0	0.0	0.0	0.0	0.0	8.805839416058394	6.3214695752009185	0.0	0.0	0.0	0.0	0.0
19807	0.6021505376344086	1.951048951048951	0.0	0.0	0.1978494623655914	0.15053763440860216	0.0	0.0	0.0	12.072210065645514	4.540358744394619	0.0	1.0666666666666667	0.621505376344086	0.8516129032258064	0.1032258064516129	0.0	13.2	8.019354838709678	0.443010752688172	0.2838709677419355	1.1763440860215053	1.027956989247312	0.0
19808	0.0	1.7413554633471646	0.8541315345699831	0.0	0.0	0.0	0.0	0.0	0.0	8.97316495659037	3.453731343283582	0.0	0.0	0.0	0.0	0.0	0.0	5.166790214974055	3.4460822342901474	0.0	0.2701612903225806	0.0	0.0	0.0
19809	0.0	2.4045698924731185	0.0	0.0	0.0	0.0	0.0	0.0	0.0	5.916129032258064	1.5358649789029535	0.0	0.0	0.0	0.0	0.0	0.0	10.077241379310346	0.6115214180206795	0.0	0.0	0.0	0.0	0.0
19810	0.0	3.375	0.0	0.0	0.0	0.0	0.0	0.0	0.0	7.439205955334987	2.486810551558753	0.592326139088729	0.0	0.0	0.0	0.0	0.0	14.298288508557457	3.592334494773519	0.0	0.0	0.0	0.0	0.0
19811	0.5317139001349528	1.724960254372019	0.5956738768718802	0.0	0.0	0.0	0.0	0.0	0.0	8.00597014925373	2.4005681818181817	0.0	0.0	0.0	0.8640915593705293	0.0	0.0	4.694827586206896	3.6086369770580298	0.0	0.0	0.0	0.0	0.001349527665317139
19812	0.0	4.137767220902613	0.0	0.0	0.0	0.0	0.7184466019417476	0.0	0.0	7.509578544061303	5.230582524271845	0.2777777777777778	0.0	0.0	1.2183908045977012	0.0	0.0	5.655172413793103	4.970822281167108	0.0	0.0	0.578544061302682	0.794	0.0
19813	0.7528735632183908	1.9251968503937007	1.7798165137614679	0.632183908045977	2.6522988505747125	0.0	0.0	0.0	0.3563218390804598	12.353333333333333	5.870689655172414	0.632183908045977	1.2155172413793103	1.9913793103448276	3.7319884726224783	0.0	0.0	13.971311475409836	9.403174603174604	0.0	0.0	1.4080459770114941	1.7327586206896552	0.0
19814	0.0	3.547727272727273	0.3146997929606625	0.0	0.0	0.0	1.8219461697722568	0.0	0.0	16.47798742138365	4.507645259938838	0.0	0.9151138716356108	0.0	1.033402922755741	0.0	0.0	13.904977375565611	4.247524752475248	0.0	0.0	0.0	0.0	0.0
19815	0.0	1.8578811369509043	0.0	0.6801801801801802	0.0	1.5315315315315314	1.0563063063063063	0.0	0.0	11.954436450839328	10.044736842105262	0.0	0.38288288288288286	0.0	1.5157657657657657	0.0	0.0	8.22508038585209	4.165432098765432	0.0	0.0	0.0	0.0	0.0
19816	0.27638572513287774	2.2236958443854995	0.0	0.0	0.5968109339407744	0.0	0.0	0.0	0.0	11.816393442622951	3.053897978825794	0.8291571753986332	0.0	0.0	0.0	0.0	0.0	7.092881944444445	3.1205151793928243	1.832953682611997	0.0	0.9936880072137061	0.0	0.0
19817	0.0	3.237354085603113	0.0	0.0	0.0	0.0	0.0	0.0	0.0	13.585964912280701	5.530120481927711	0.0	0.0	0.0	2.6279761904761907	0.0	0.0	10.359281437125748	3.790909090909091	0.0	0.0	0.0	0.0	0.0
19818	0.0	3.051643192488263	0.9647887323943662	0.0	0.0	0.0	0.0	0.0	0.0	13.979885057471265	6.054187192118227	0.636150234741784	0.0	0.0	1.971830985915493	0.0	0.0	9.714733542319749	3.308868501529052	0.0	0.0	3.1699029126213594	1.2910798122065728	0.0
19819	0.0	0.0	0.0	0.0	0.0	0.0	0.0	0.0	0.0	0.0	0.0	0.0	0.0	0.0	0.0	0.0	0.0	2.606060606060606	0.0	0.0	0.0	0.0	0.0	0.0
19820	0.0	1.8604651162790697	0.0	0.0	0.0	0.0	0.0	0.0	0.0	7.066282420749279	2.0	0.0	0.0	0.0	0.0	0.0	0.0	11.465256797583082	4.607235142118863	0.0	0.0	0.0	1.2041343669250646	0.0
19821	0.0	3.0437956204379564	3.1858638743455496	0.0	0.0	0.0	0.0	0.0	0.0	8.10492505353319	5.495098039215686	0.9758812615955473	0.0	0.0	0.0	0.0	0.0	9.388118811881188	4.434878587196468	0.0	0.0	0.0	0.7969094922737306	0.0
19822	0.0	2.0239808153477217	0.0	0.0	0.0	0.0	0.0	0.0	0.0	12.829113924050633	2.425655976676385	0.0	0.0	0.0	0.7242206235011991	0.0	0.0	8.15625	2.575301204819277	0.0	0.7146282973621103	2.580335731414868	0.7673860911270983	0.0
19823	0.0	0.9491725768321513	0.0	0.0	0.0	0.0	0.17105263157894737	0.0	0.0	10.666666666666666	1.0299760191846523	0.0	0.0	0.0	0.0	0.0	0.0	6.119127516778524	3.886842105263158	0.0	0.0	0.0	0.9791666666666666	0.0
19824	0.0	1.5095238095238095	0.0	0.0	0.0	0.0	0.0	0.0	0.0	9.976190476190476	0.0	0.0	0.0	0.0	0.0	0.0	0.0	5.576190476190476	3.011111111111111	0.0	0.0	0.0	0.5619047619047619	0.9142857142857143
19825	0.0	0.0	0.0	0.0	2.050724637681159	0.0	0.0	0.0	0.0	5.279503105590062	2.305084745762712	0.0	0.0	0.0	0.0	0.0	0.0	4.536231884057971	6.688405797101449	0.0	0.8115942028985508	0.0	0.0	0.0
19826	0.0	0.6478149100257069	0.0	0.0	0.0	0.0	0.0	0.0	0.0	8.922818791946309	3.1940298507462686	0.0	0.23307626392459296	0.0	0.62382176520994	0.0	0.0	7.6869328493647915	4.728989612842304	0.0	0.0	0.0	1.082262210796915	0.0
19827	0.0	0.0	0.0	0.0	0.0	0.0	0.0	0.0	0.0	8.0	2.4337606837606836	0.0	0.0	0.0	0.0	0.0	0.0	5.872	3.5354691075514872	0.0	0.0	0.0	0.0	0.0
19828	0.0	1.043103448275862	1.8585131894484412	0.0	0.0	0.0	0.0	0.0	0.0	7.6882494004796165	2.4100719424460433	0.0	0.3764988009592326	0.03836930455635491	0.0	0.0	0.0	5.186335403726708	1.8194444444444444	1.148780487804878	0.0	0.0	0.0	0.0
19829	0.0	0.8225806451612904	0.5053763440860215	0.0	0.0	0.0	0.0	0.0	0.0	6.106145251396648	2.564516129032258	0.0	0.0	0.0	0.0	0.0	0.0	3.752688172043011	2.075268817204301	0.0	0.0	0.0	0.0	0.0
19830	0.0	0.614854517611026	0.0	0.0	0.0	0.0	0.0	0.0	0.0	12.725644699140402	4.095297805642633	0.0	0.0	0.0	0.0	0.0	0.0	5.618780096308186	2.5322822822822824	0.0	0.0	0.0	0.0	0.0
19831	0.0	0.8837876614060258	0.7858156028368795	0.0	0.0	0.0	0.0	0.0	0.0	10.428201811125485	3.6379716981132075	0.0	0.0	0.0	0.0	0.0	0.0	8.927120669056153	3.1169590643274856	1.3485380116959065	0.0	0.0	0.0	0.0
19832	0.0	0.0	0.0	0.45454545454545453	0.0	0.0	0.0	0.0	0.0	6.57421875	3.8864468864468864	0.0	0.0	0.0	0.0	0.0	0.0	6.744067796610169	1.4088291746641075	0.806060606060606	0.0	0.16818181818181818	0.0	0.0
19833	0.0	1.4467120181405895	0.0	0.0	0.0	0.0	0.0	0.0	0.0	11.10960232783705	2.81940441882805	0.0	0.0	0.46409674981103555	0.9385749385749386	0.0	0.0	6.111011638316921	3.175376439326838	0.0	0.0	0.0	0.0	0.0
19834	0.0	1.798670465337132	0.0	0.0	0.0	0.0	0.0	0.0	0.0	5.915700737618546	3.9925373134328357	0.0	0.0	0.0	0.0	0.0	0.0	8.222222222222221	3.046195652173913	0.0	0.0	0.0	0.0	0.0
19835	0.0	0.5124378109452736	0.0	0.0	0.0	0.0	0.0	0.0	0.0	7.684285714285714	4.995833333333334	1.1586206896551725	0.0	0.0	1.3482758620689654	0.0	0.0	4.80975029726516	5.015406162464986	0.6666666666666666	0.0	0.0	0.0	0.0
19836	0.0	1.120274914089347	0.4261168384879725	0.0	0.0	0.0	0.0	0.0	0.0	6.65979381443299	6.103092783505154	0.0	1.0378006872852235	0.0	0.21305841924398625	0.0	0.0	6.372759856630824	5.992957746478873	0.0	0.0	0.6769759450171822	0.0	0.0
19837	0.0	2.0344827586206895	0.0	0.0	0.0	0.0	0.0	0.0	0.04744958481613286	8.75353218210361	3.789408866995074	0.0	0.4792408066429419	0.0	0.8427109974424553	0.0	0.0	7.825185185185185	4.766197183098591	0.0	0.0	0.0	0.0	0.0
19838	0.4261744966442953	2.6315789473684212	0.4590643274853801	0.0	0.0	0.0	0.4473684210526316	0.0	0.34502923976608185	10.434554973821989	3.698830409356725	2.0	0.0	0.0	0.0	0.0	0.0	3.064638783269962	2.008771929824561	1.409356725146199	0.2982456140350877	0.0	0.0	0.0
19839	0.0	1.7576348278102665	0.0	0.0	0.0	0.0	0.0	0.0	0.0	9.54467805519054	3.9194282001299543	0.3784126984126984	0.0	0.0	0.0	0.0	0.0	8.17094017094017	4.179523141654979	0.0	0.0	0.0	1.1225396825396825	0.0
19840	0.0	2.4317111459968603	0.10340136054421768	0.0	0.0	0.0	0.6666666666666666	0.0	0.0	11.040816326530612	3.45970695970696	0.0	0.0	0.0	0.0	0.0	0.0	8.783216783216783	3.62708719851577	0.0	0.15782312925170067	0.0	0.0	0.09387755102040816
19841	0.0	2.891566265060241	0.0	0.0	0.0	0.0	0.0	0.0	0.0	11.793388429752065	3.056980056980057	0.0	0.0	0.0	0.0	0.0392156862745098	0.0	7.215625	4.938574938574939	0.0	0.0	0.0	0.7401960784313726	0.0
19842	0.0	2.8174603174603177	0.0	0.0	0.0	0.0	0.0	0.0	0.0	5.053604436229205	0.846875	1.6692607003891051	0.0	0.0	0.0	0.0	0.0	5.6537102473498235	3.4308510638297873	0.0	0.0	0.0	0.0	0.0
19843	0.0	1.1144781144781144	0.0	0.0	0.0	0.0	0.0	0.0	0.0	10.892255892255893	3.9456066945606696	0.0	0.0	0.0	3.006734006734007	0.0	0.8956228956228957	3.686868686868687	2.9393939393939394	0.5185185185185185	0.0	0.0	0.0	0.0
19844	0.0	3.0	0.0	0.0	0.0	0.0	0.0	0.0	0.0	3.393700787401575	0.8954248366013072	0.0	0.0	0.0	2.156862745098039	0.0	1.6339869281045751	3.392156862745098	0.3006535947712418	1.6993464052287581	0.0	0.0	0.0	0.0
19845	0.0	6.263716814159292	0.0	0.0	0.2168284789644013	0.0	0.0	0.0	0.0	9.846278317152104	1.7551020408163265	0.0	0.0	0.0	2.3737864077669903	0.0	0.0	7.288025889967638	1.661812297734628	0.3851132686084142	0.0	0.0	0.0	0.0
19846	0.0	1.677685950413223	0.0	0.0	0.0	0.0	0.0	0.0	0.0	8.782608695652174	3.201954397394137	0.0	1.4132231404958677	0.0	0.0	0.0	0.0	8.928374655647383	2.9728682170542635	0.0	0.0	0.0	0.0	0.0
19847	0.0	0.0	0.0	0.0	0.0	0.0	0.0	0.0	0.0	0.0	0.0	0.0	0.0	0.0	0.0	0.0	0.0	7.606896551724138	6.613095238095238	0.0	0.0	0.0	0.0	0.0
19848	0.0	1.0927021696252466	0.0	0.0	0.0	0.0	0.0	0.0	0.0	6.018324607329843	1.6844181459566074	0.0	0.0	0.0	0.0	0.0	0.0	8.534313725490197	8.032941176470588	0.16568047337278108	0.0	1.344689378757515	0.0	0.0
19849	0.0	0.0	0.6213592233009708	0.0	0.0	0.0	0.0	0.7184466019417476	0.0	5.783171521035599	3.9676375404530746	0.0	0.7443365695792881	1.5728155339805825	0.0	2.414239482200647	0.0	10.178082191780822	4.092165898617512	0.0	0.0	2.0355987055016183	1.3333333333333333	0.0
19850	0.0	1.340632603406326	0.0	0.0	0.0	0.0	0.0	0.0	0.0	8.60291734197731	3.1694152923538232	0.2749391727493917	0.0	0.0	0.0	0.0	0.0	7.7825311942959	1.8209876543209877	0.0	0.0	0.0	0.0	0.0
19851	0.0	0.722473604826546	0.5822021116138764	0.0	0.0	0.0	0.0	0.0	0.0	6.167434715821813	4.791925465838509	0.0	1.4720965309200604	0.0	0.42081447963800905	0.0	0.0	10.927051671732523	1.0710479573712255	0.0	0.0	0.0	0.0	0.0
19852	0.0	1.761467889908257	0.0	0.0	0.0	0.0	0.0	0.0	0.0	11.22097114707952	1.6320876288659794	0.0801223241590214	0.0	0.0	0.0	0.0	0.0	9.905815423514538	5.011786600496278	0.0	0.0	0.7674084709260589	0.0	0.0
19853	0.0	3.143845089903181	0.0	0.0	0.0	0.0	0.0	0.0	0.0	8.95903165735568	3.416517055655296	0.9100968188105117	0.0	0.0	0.0	0.0	0.0	9.19078947368421	5.97	0.0	0.0	0.0	0.0	0.0
19854	0.0	1.6818181818181819	2.180392156862745	0.0	0.0	0.0	0.0	0.0	0.47058823529411764	3.132631578947368	5.129441624365482	0.6853333333333333	0.0	0.0	0.0	0.0	0.0	10.120253164556962	3.0334728033472804	0.0	0.0	0.1627450980392157	0.0	0.0
19855	0.0	1.9870892018779343	0.0	0.0	0.0	0.0	0.6173708920187794	0.0	0.0	7.563426688632619	1.7732962447844227	0.0	0.08098591549295775	0.45539906103286387	0.0	0.15258215962441316	0.0	5.884864165588616	4.880281690140845	0.0	0.0	0.0	1.5305164319248827	0.34507042253521125
19856	0.0	2.997757847533632	0.15708812260536398	0.0	0.0	0.0	0.0	0.0	0.0	8.40159574468085	2.492822966507177	0.0	0.0	0.0	0.7758620689655172	0.0	0.0	8.609112709832134	1.0881226053639848	0.0	0.0	0.0	0.31800766283524906	0.0
19857	0.0	2.287581699346405	0.0	0.0	0.0	0.0	0.0	0.0	0.0	10.727891156462585	1.8562091503267975	1.5686274509803921	0.0	0.0	1.8888888888888888	0.0	0.0	5.848275862068966	2.2549019607843137	0.0	0.0	0.9803921568627451	0.0	0.0
19858	0.0	1.3054003724394785	0.0	0.0	0.0	0.0	0.0	0.0	0.0	8.718367346938775	2.5968992248062017	0.1378026070763501	0.0	0.9554140127388535	0.5940409683426443	0.0	0.0	7.360262008733624	3.9026369168356996	0.0	0.0	0.0	0.0	0.0
19859	0.0	2.3678861788617884	0.0	0.0	0.0	0.0	0.0	0.0	0.0	9.337953091684435	2.1414141414141414	0.0	0.0	0.0	0.9686486486486486	0.0	0.0	8.143176733780761	3.1910569105691056	0.0	0.0	0.0	0.8161490683229814	0.0
19860	0.0	3.0962671905697445	1.01	0.0	0.0	0.0	0.9210220673635308	0.0	0.0	9.2279792746114	4.164268585131895	0.0	0.0	0.2229965156794425	0.0	0.0	0.0	8.213028169014084	3.6744759556103577	0.8211382113821138	0.0	0.0	0.0	0.0
19861	0.0	0.6507276507276507	0.0	0.0	0.0	0.0	0.0	0.0	0.0	5.519561815336464	4.056910569105691	0.0	0.0	0.0	0.0	0.0	0.0	7.263910969793323	3.8456659619450315	2.071987480438185	0.0	0.0	0.0	0.0
19862	0.0	0.8014981273408239	0.0	0.0	0.0	0.003745318352059925	0.0	0.0	0.0	11.917431192660551	2.801526717557252	0.0	0.846441947565543	0.0	0.0	0.0	0.0	10.117647058823529	3.093632958801498	0.0	0.0	0.0	1.303370786516854	0.0
19863	0.0	1.7787128712871287	1.8019417475728154	0.0	0.0	0.0	0.0	0.0	0.0	10.190095047523762	3.4304956896551726	0.0	0.0	0.0	0.0	0.0	0.0	8.805841924398626	2.7525083612040135	0.017992424242424244	0.0	0.000946969696969697	1.4171990171990172	0.11505681818181818
19864	0.0	0.8894009216589862	0.08141321044546851	0.0	1.2027649769585254	0.6731793960923623	0.0	0.0	0.0	8.104377104377104	3.960691823899371	0.0	0.0	0.7588325652841782	0.11213517665130568	1.1628264208909371	0.0	5.781411359724613	2.2700228832951943	0.0	0.0	1.9243542435424354	0.0	0.19047619047619047
19865	0.0	3.240650406504065	0.0	0.0	0.0	0.0	0.0	0.0	0.0	11.32	2.7523219814241484	0.5045751633986928	0.0	0.0	0.0	0.0	0.0	4.738255033557047	4.398926654740608	0.0	0.0	0.0	1.903267973856209	0.0
19866	0.0	0.0	4.733333333333333	0.0	0.0	0.0	0.0	0.0	0.0	9.148305084745763	3.1018518518518516	0.0	0.0	0.0	0.0	0.0	0.0	8.167741935483871	3.1451612903225805	0.0	0.0	1.1058823529411765	0.0	0.0
19867	0.0	1.161764705882353	0.0	0.0	0.0	0.04835924006908463	0.0	0.0	0.0	10.117647058823529	2.4083769633507854	0.0	0.9585492227979274	0.0	0.9464594127806563	0.0	0.0	4.893805309734513	1.8068181818181819	0.0	0.0	0.08117443868739206	0.0	0.0
19868	0.0	0.8455696202531645	0.7485380116959064	0.0	0.0	0.0	0.0	0.0	0.0	9.074249605055293	3.9448028673835127	0.0	0.0	0.0	0.9809322033898306	0.0	0.0	7.421139554087531	1.9461187214611873	0.7076023391812866	0.0	0.0	0.0	0.0
19869	0.0	1.8259705488621152	0.0	0.0	0.0	0.0	0.43636363636363634	0.0	0.0	7.479638009049774	6.1196054254007395	0.0	0.0	0.0	1.3551515151515152	0.0	0.0	9.736093143596378	4.768233387358185	0.4266666666666667	0.0	0.0	0.0	0.0
19870	0.0	1.5371024734982333	0.9455555555555556	0.0	0.0	0.0	0.0	0.0	0.0	14.056473829201101	3.0062735257214555	0.0	0.0	0.0	1.6225546605293442	0.0	0.0	9.750394944707741	4.366467065868264	0.0	0.0	0.0	0.0	0.0
19871	0.0	0.963669391462307	0.0	0.0	0.0	0.0	0.0	0.0	0.0	10.418786692759296	4.981385729058945	0.0	0.0	0.9086859688195991	0.7144160583941606	0.0	0.0	11.86321155480034	2.5176715176715176	0.0	0.0	0.7339449541284404	0.3103192279138827	0.0
19872	0.0	2.942587832047986	0.0	0.0	0.0	0.0	0.0	0.0	0.0	12.197252208047106	2.114391143911439	0.7403598971722365	0.0	0.0	0.0	0.0	0.0	8.514860977948226	4.148625429553265	1.636675235646958	0.0	0.0	0.0	0.0
19873	0.0	0.0	0.0	0.0	0.0	0.0	1.126984126984127	0.0	0.0	2.5714285714285716	0.0	0.0	0.0	0.0	0.0	0.0	0.0	3.24	2.0634920634920637	0.05555555555555555	0.0	0.0	0.0	0.0
19874	0.0	1.9234303215926494	0.0	0.0	0.0	0.0	0.0	0.0	0.0	10.44502617801047	3.418546365914787	0.0	0.0	0.0	0.0	0.0	0.0	6.099050203527815	3.8410852713178296	1.6904761904761905	0.0	0.0	0.0	0.0
19875	0.0	3.6378968253968256	0.0	0.0	0.0	0.0	0.0	0.0	0.0	8.47715736040609	2.5621387283236996	0.0	0.0	0.0	0.0	0.0	0.0	6.396367521367521	2.9490316004077473	0.7490079365079365	0.0	0.0	0.6398809523809523	0.0873015873015873
19876	0.0	2.657210401891253	0.0	0.0	0.0	0.0	0.0	0.0	0.0	10.517106549364614	2.5676751592356686	0.5114263199369582	0.3750985027580772	0.0	0.0	0.0	0.0	7.075615972812234	2.024551463644948	0.0	0.0	0.0	0.0	0.0
19877	0.0	1.5381578947368422	0.0	0.0	0.0	0.0	0.12564102564102564	0.0	0.0	5.1911764705882355	1.9779310344827585	0.2205128205128205	0.0	0.0	0.6153846153846154	0.0	0.0	4.854126679462572	6.164921465968586	0.0	0.0	0.0	0.5474358974358975	0.0
19878	0.0	0.0	1.0638297872340425	0.0	0.0	0.0	0.0	0.0	0.0	6.406175771971497	3.9592529711375213	0.0	0.0	0.0	1.181500872600349	0.0	0.0	3.8333333333333335	3.521812080536913	0.0	0.0	0.0	0.0	0.49834983498349833
19879	0.0	2.823232323232323	0.0	0.0	0.0	0.0	0.2878787878787879	0.0	0.0	10.0	9.099337748344372	0.0	0.0	0.0	0.7469879518072289	0.0	0.0	8.20945945945946	4.590909090909091	1.5151515151515151	0.0	0.0	0.0	0.0
19880	0.0	2.4501046755059317	1.0626262626262626	0.0	0.09427609427609428	0.0	0.0	0.0	0.0	8.798901853122855	2.929090909090909	0.5528619528619528	0.0	0.11447811447811448	1.685118619698059	0.0	0.0	5.74070945945946	3.514464425332291	0.0	0.0	0.0	0.0	0.0
19881	0.0	2.363425925925926	1.2692307692307692	0.0	0.0	0.0	1.1388888888888888	0.0	0.0	7.912280701754386	0.0	0.0	0.0	0.0	2.0810185185185186	0.0	0.0	7.388451443569553	4.82640586797066	0.0	0.0	0.0	0.0	0.0
19882	0.0	1.040241448692153	0.3576388888888889	0.0	0.0	0.0	0.0	0.0	0.0	8.842293906810037	4.641025641025641	0.0	0.0	0.0	1.75	0.0	0.0	5.950184501845018	4.99403578528827	0.0	0.0	0.0	0.0	0.0
19883	0.3073286052009456	2.408983451536643	0.0	0.0	0.0	0.0	0.0	0.0	0.0	8.694610778443113	5.479411764705882	0.0	0.0	0.0	0.0	0.0	0.0	6.462686567164179	5.8613333333333335	1.9574468085106382	0.0	0.0	0.0	0.0
19884	0.0	0.7338501291989664	0.0	0.0	0.0	0.0	0.0	0.0	0.0	1.3399209486166008	0.9848484848484849	0.0	0.0	0.0	0.0	0.0	0.25064599483204136	5.050147492625369	0.7624113475177305	0.8604651162790697	0.0	0.0	0.7467700258397932	0.0
19885	0.0	0.7894736842105263	0.6622807017543859	0.0	0.0	0.0	0.0	0.0	0.0	10.832402234636872	4.247216035634744	0.0	0.0	0.0	0.0	0.0	0.0	8.804054054054054	3.2680722891566263	0.0	0.0	0.0	0.0	0.0
19886	0.0	2.0254833040421794	0.0	0.0	0.0	0.0	0.0	0.0	0.0	6.5132482826300295	3.068609022556391	0.716547901821061	0.0	0.0	0.0	0.0	0.0	12.701382488479263	4.797421731123388	0.6413301662707839	0.0	0.0	0.0	0.0
19887	0.0	1.3678571428571429	0.0	0.0	0.0	0.0	0.0	0.0	0.0	9.684285714285714	3.3785450061652282	0.0	0.0	0.0	1.0763157894736841	0.0	0.0	12.985135135135135	5.264204545454546	0.0	0.0	0.0	0.0	0.0
19888	0.0	2.00240192153723	0.8230874316939891	0.0	0.0	0.0	0.0	0.0	0.0	13.74074074074074	3.2515873015873016	0.0	0.0	0.0	1.4562841530054644	0.0	0.0	12.077232502011263	4.5618479880774965	0.6400273224043715	0.0	0.4503735325506937	1.2676767676767677	0.0
19889	8.94927536231884	1.1857142857142857	1.9268292682926829	0.0	0.3333333333333333	0.0	1.0785714285714285	0.0	4.194756554307116	17.29824561403509	5.604166666666667	0.0	0.0	7.45	0.0	6.932614555256064	15.94047619047619	7.227513227513228	9.440740740740742	0.0380952380952381	0.0	14.05699481865285	0.0	0.0
19890	0.0	1.1568926123381569	0.8236734693877551	0.0	0.0	0.0	0.0	0.0	0.0	9.723744292237443	3.8338088445078458	0.0	0.8784722222222222	1.2145833333333333	1.351048951048951	0.0	0.0	9.33203732503888	1.9688473520249221	0.0	0.0	0.7912621359223301	0.0	0.0
19891	0.0	1.3548022598870058	0.0	0.0	0.0	0.0	1.9463470319634704	0.0	0.0	6.4675174013921115	3.0487238979118327	0.0	0.0	0.0	2.04994324631101	0.0	0.0	7.642676767676767	4.787570621468927	0.0	0.2734463276836158	0.0	0.2621468926553672	0.0
19892	0.0	1.7761884728649557	0.0	0.0	0.16218236173393125	0.0	0.0	0.0	0.0	9.109876543209877	3.049813200498132	0.0	0.0	0.4192825112107623	0.0	0.0	0.0	6.641547861507128	4.441457068516913	0.0	0.0	0.33707025411061287	0.5485799701046338	0.0
19893	0.0	0.8223684210526315	0.0	0.0	0.0	0.0	0.0	0.0	0.0	10.863861386138614	0.888235294117647	0.05921052631578947	0.16885964912280702	0.0	0.6842105263157895	0.0	0.0	5.987341772151899	2.2557544757033248	0.0	0.0	0.0	0.0	0.0
19894	0.0	2.2872340425531914	0.0	0.0	0.0	0.0	0.0	0.0	0.0	3.964376590330789	0.0	0.0	0.0	0.0	1.2154255319148937	0.0	0.0	8.810880829015543	3.664233576642336	0.0	0.0	0.0	0.0	0.0
19895	0.0	2.016229712858926	0.0	0.0	0.0	0.3732833957553059	0.07990012484394507	0.0	0.12234706616729088	8.380952380952381	2.0505050505050506	0.0	0.0	0.0	0.0	0.0	0.0	5.541176470588235	4.823604060913706	0.0	0.0	0.7565543071161048	0.7091136079900124	0.0
19896	0.0	1.6854115729421353	2.5982070089649554	0.0	0.7041564792176039	0.0	0.0	0.0	0.0	10.173987941429802	3.4578544061302683	0.0	0.5786471067644662	0.4767726161369193	0.0	0.9731051344743277	0.0	6.8446808510638295	2.524886877828054	0.0	0.45965770171149145	3.226568867155664	0.0	0.0
19897	0.0	0.0	0.5862068965517241	0.0	0.0	0.0	0.6704980842911877	0.0	0.0	14.50363196125908	1.2413793103448276	0.0	0.0	0.0	0.0	0.10344827586206896	0.0	5.763414634146342	3.1478599221789882	0.0	0.0	0.0	0.0	0.0
19898	0.0	1.036837376460018	0.839173405211141	0.0	0.0	0.0	0.0	0.0	0.0	5.76004016064257	5.642857142857143	0.0	0.0	0.0	0.6019766397124887	0.0	0.0	4.321766561514195	3.9937694704049846	0.0	0.0	0.0	0.0	0.0
19899	0.0	1.469640644361834	0.0	0.0	0.0	0.0	0.0	0.0	0.0	10.972602739726028	4.125188536953243	0.0	1.2496847414880201	0.0	0.0	0.0	0.0	3.6744186046511627	5.042553191489362	0.0	0.0	2.5968379446640317	1.4560099132589839	0.0
19900	1.7419354838709677	0.0	1.032258064516129	0.0	0.0	0.0	0.0	0.0	0.0	8.311827956989248	0.0	1.6774193548387097	0.0	0.0	0.0	0.0	0.0	1.6075949367088607	7.728260869565218	0.0	0.0	0.0	0.0	1.2473118279569892
19901	0.0	1.4645061728395061	1.1743589743589744	0.0	0.7808641975308642	0.9382716049382716	0.885036496350365	0.0	0.0	11.241502683363148	1.8288973384030418	0.0	0.0	1.2623456790123457	0.0	0.0	0.0	4.150561797752809	3.688663282571912	0.0	0.0	0.0	0.0	0.0
19902	0.0	0.0	0.0	0.0	0.0	0.0	0.0	0.0	0.0	0.0	0.0	0.0	0.0	0.0	0.0	0.0	0.0	0.0	3.0	0.0	0.0	0.0	0.0	0.0
19903	0.0	2.1529284164859	0.0	0.0	0.0	0.0	0.0	0.0	0.0	10.352941176470589	1.423242467718795	0.0	0.0	0.0	1.6987951807228916	0.0	0.0	6.985372340425532	2.9094972067039104	0.06478578892371996	0.0	0.0	1.0741901776384535	0.0
19904	0.0	3.5627705627705626	0.0	0.0	0.0	0.0	1.0411255411255411	0.0	0.0	6.058673469387755	2.9742268041237114	0.0	0.2813852813852814	0.0	0.0	0.2532467532467532	0.0	8.156164383561643	4.829596412556054	0.0	0.0	0.0	0.961038961038961	0.0
19905	0.0	0.5961538461538461	0.0	0.0	0.0	0.0	0.0	0.0	0.0	9.436450839328538	2.4244604316546763	0.0	0.42685851318944845	0.0	0.0	0.0	0.0	5.726384364820847	8.06474820143885	0.0	0.0	0.6954436450839329	0.8249400479616307	0.0
19906	0.0	1.4881720430107528	1.7634408602150538	0.0	0.0	0.0	0.0	0.0	0.0	5.223650385604113	2.178173719376392	0.7247311827956989	0.0	0.22365591397849463	0.0	0.0	0.0	12.006600660066006	1.7319277108433735	0.0	0.0	0.0	1.8021505376344087	0.0
19907	0.0	1.6096774193548387	1.8748832866479925	0.0	0.0	0.0	0.0	0.0	0.0	8.277301927194861	4.628398791540786	0.0	0.0	0.0	1.5508870214752568	0.0	0.0	8.909278350515464	3.3697916666666665	0.5238095238095238	0.0	1.9485776805251642	0.0	0.0
19908	0.0	1.3095890410958904	0.0	0.0	0.0	0.0	0.0	0.0	0.0	7.705095213587236	2.1042074363992174	0.336986301369863	0.0	0.0	1.8273972602739725	0.0	0.0	7.780982905982906	6.204480457578646	0.0	0.0	0.0	0.7621004566210046	0.0091324200913242
19909	0.0	0.0	0.0	0.0	0.0	0.0	0.0	0.0	0.0	16.441509433962263	2.596774193548387	0.26299694189602446	0.0	0.0	1.1131498470948011	0.0	0.0	3.925619834710744	7.1038461538461535	0.0	0.0	0.0	0.44036697247706424	0.0
19910	0.0	0.05263157894736842	1.605263157894737	0.0	0.0	0.0	0.0	0.0	0.0	6.062176165803109	1.5701754385964912	0.0	0.0	0.0	0.0	0.0	0.0	9.00438596491228	2.776315789473684	0.0	0.0	0.0	1.144736842105263	0.0
19911	0.0	5.083941605839416	0.0	0.0	0.0	0.0	0.0	0.0	0.0	5.969040247678018	5.105555555555555	0.0	0.0	0.0	1.2555555555555555	0.0	0.0	9.003021148036254	1.9327217125382263	0.0	0.0	0.0	0.0	0.0
19912	0.0	2.2277834525025537	0.8127853881278538	0.0	0.0	0.0	0.0	0.0	0.0	13.86908690869087	2.968546637744035	0.0	0.7561643835616438	0.0	2.0374429223744293	0.0	0.0	11.072289156626505	4.157990867579909	0.0	0.0	0.0	0.0	0.0
19913	0.0	0.8674351585014409	0.0	0.0	0.0	0.0	0.0	0.0	0.0	12.11231101511879	2.8394736842105264	0.12473118279569892	0.7569892473118279	0.0	1.3436018957345972	1.6344086021505377	0.0	7.115979381443299	5.648325358851674	0.0	0.0	1.2129032258064516	0.810752688172043	0.0
19914	0.0	2.437902483900644	1.5537432036804684	0.10037641154328733	0.0	0.0	0.0	0.0	0.0	9.765639589169002	2.495595734816875	0.0	0.0	0.0	0.0	0.0	0.0	7.880038853812531	3.986271036315323	0.0	0.0	0.0	0.6938519447929736	0.0
19915	0.0	1.80475763016158	0.9015631601182932	0.0	0.0	0.0	0.5027460920997042	0.0	0.0	8.213729977116705	2.904225352112676	0.0	0.0	0.0	1.0004224757076468	0.0	0.0	10.288569964120963	3.399740708729473	0.0	0.0	0.24841571609632446	0.0	0.0
19916	0.0	1.3797814207650274	0.0	0.0	0.0	0.0	0.0	0.0	0.0	6.697054698457223	3.0426621160409555	0.9972677595628415	0.9617486338797814	0.0	0.0	0.0	0.0	4.832797427652733	2.198087431693989	0.0	0.0	0.0	0.0	0.0
19917	0.0	0.0	0.0	0.0	0.0	0.0	0.0	0.0	0.0	10.682634730538922	1.2021857923497268	0.18579234972677597	0.0	0.0	0.0	0.0	0.0	1.925	2.1256830601092895	0.0	0.0	0.0	1.1256830601092895	0.0
19918	0.0	2.662420382165605	0.47558386411889597	0.0	0.0	0.0	1.4628450106157111	0.0	0.0	4.814634146341463	0.7013333333333334	0.4118895966029724	2.307855626326964	0.0	0.23779193205944799	0.0	0.0	6.534591194968553	0.7532051282051282	0.0	0.0	0.17197452229299362	0.0	0.0
19919	0.0	3.16044776119403	0.0	0.0	0.0	0.0	0.0	0.0	0.0	6.238938053097345	4.029629629629629	0.0	0.0	0.0	2.0074074074074075	0.0	0.0	4.644268774703558	0.0	0.0	0.0	0.0	0.0	0.0
19920	0.0	0.7665580890336591	0.0	0.0	0.0	0.0	0.0	0.0	0.0	7.083989501312336	1.955005624296963	0.0	0.0	0.0	0.0	0.0	0.0	5.714983713355049	3.0493991989319094	0.0	0.0	0.0	1.0488599348534202	0.0
19921	0.0	3.036827195467422	0.7969782813975449	0.0	0.0	0.0	0.0	0.0	0.0	9.081165452653487	2.079958463136033	0.0	0.0	0.0	1.2540132200188858	0.0	0.0	8.325467059980335	1.3245614035087718	0.0	0.0	0.0	0.8876298394711992	0.0
19922	1.2329317269076305	1.5483870967741935	0.0	0.0	0.0	0.0	0.0	0.0	0.0	5.118811881188119	4.566265060240964	0.0	0.9919678714859438	0.0	0.0	0.0	0.0	5.117924528301887	5.261083743842365	0.0	0.0	0.8393574297188755	0.0	1.8795180722891567
19923	0.0	2.942231075697211	0.5298245614035088	0.0	0.0	0.0	0.0	0.0	0.0	4.377128953771289	8.623430962343097	0.0	0.0	0.0	2.2175438596491226	0.0	0.0	10.133333333333333	7.253246753246753	0.0	0.20350877192982456	0.0	0.0	0.0
19924	0.0	2.00625	0.625	0.0	0.0	0.0	0.0	0.0	0.0	9.839583333333334	1.84375	0.0	0.0	0.0	0.0	0.0	0.0	10.25	3.4511627906976745	0.0	0.0	0.0	0.0	0.0
19925	0.0	0.0	0.0	0.0	0.0	0.0	0.0	0.0	0.0	12.995412844036696	1.986254295532646	0.0	0.0	0.0	0.0	0.0	0.0	5.8584905660377355	2.649484536082474	0.0	0.0	0.0	0.0	0.0
19926	0.0	2.768939393939394	0.6382575757575758	0.0	0.0	0.0	0.0	0.0	0.0	7.776515151515151	1.8761651131824235	0.0	0.0	0.0	1.9360341151385927	0.0	0.0	6.614765100671141	5.4276126558005755	0.0	0.0	0.0	0.3787878787878788	0.0
19927	0.0	2.5594405594405596	0.16666666666666666	0.0	0.0	0.0	0.9623655913978495	0.0	0.0	10.47337278106509	4.460122699386503	0.0	0.0	0.0	0.0	0.0	0.0	4.784090909090909	4.666666666666667	0.0	0.0	0.0	0.0	0.0
19928	0.0	0.7976878612716763	0.0	0.0	0.0	0.0	1.3238095238095238	0.0	0.0	17.836734693877553	0.5904761904761905	0.0	0.0	0.0	0.0	0.0	0.0	9.617328519855596	0.6349206349206349	0.0	0.0	0.6666666666666666	0.006349206349206349	0.0
19929	0.25287356321839083	0.0	0.0	0.0	0.0	0.0	1.6130268199233717	0.0	1.5938697318007662	5.057017543859649	7.234513274336283	0.0	0.0	0.0	0.0	0.0	0.0	9.14396887159533	6.129310344827586	0.0	0.0	0.7739463601532567	0.0	0.7471264367816092
19930	0.0	0.0	0.0	0.0	0.0	0.0	0.2844932844932845	0.0	0.0	11.202445652173912	4.4880450070323485	0.0	0.0	0.0	0.0	0.0	0.0	11.93116395494368	3.9781491002570695	0.7374847374847375	0.0	0.6495238095238095	0.8424908424908425	1.2844932844932846
19931	0.0	2.1475849731663685	0.9724249797242498	0.0	0.0	0.0	0.0	0.0	0.0	11.584840654608097	3.7864583333333335	0.0	0.0	0.0	0.38767234387672345	0.0	0.0	7.824008138351984	5.095904095904096	0.0	0.0	0.0	1.0186536901865368	0.0
19932	0.3261390887290168	2.7628205128205128	1.4532374100719425	0.0	0.0	0.0	0.0	0.0	0.0	9.441828254847646	3.9184782608695654	0.0	0.0	0.0	0.0	0.0	0.0	7.4690508940852816	4.203145478374836	0.7242206235011991	0.0	0.9112709832134293	0.9304556354916067	0.0
19933	0.0	3.442622950819672	0.3271604938271605	0.0	0.0	0.0	0.0	0.0	0.0	5.982300884955753	5.319587628865979	0.0	0.0	0.0	2.549382716049383	0.0	0.0	7.645038167938932	4.150537634408602	0.0	0.9320987654320988	0.0	0.0	0.0
19934	0.0	1.6	0.0	0.0	0.0	0.0	0.0	0.0	0.0	14.38	2.9652694610778445	0.0	0.0	0.0	1.0899722552516844	0.0	0.0	8.71123451516446	4.954093705631803	0.0	0.0	0.0	0.0	0.0
19935	0.0	1.8783068783068784	0.0	0.0	0.0	0.0	0.0	0.0	0.0	11.171703296703297	1.8440170940170941	0.0	0.0	0.0	2.2656084656084654	0.0	0.0	15.774694783573807	4.775193798449612	0.0	0.0	0.0	0.0	0.43915343915343913
19936	0.0	1.458440445586975	0.0	0.0	0.0	0.0	0.0	0.0	0.0	12.494855004677268	3.1759927797833933	0.0	0.0	0.0	0.0	0.0	0.0	12.544796380090498	6.078703703703703	0.0	0.0	0.0	0.0	0.0
19937	0.0	2.167692307692308	0.6907477820025348	0.0	0.0	0.0	0.0	0.0	0.0	12.292993630573248	4.407185628742515	0.0	1.0385714285714285	0.0	0.5804816223067174	0.0	0.0	12.004160887656033	10.110183639398999	0.5918884664131813	0.0	0.0	0.2813688212927757	0.0
19938	0.0	0.0	0.0	0.0	0.0	0.0	0.0	0.0	0.0	12.639386189258312	8.702941176470588	1.3356009070294785	0.10430839002267574	1.3696145124716552	0.0	0.0	0.0	9.830143540669857	3.2623456790123457	0.0	0.0	0.0	0.9229024943310657	0.0
19939	0.0	2.5040650406504064	0.0	0.0	0.0	0.0	0.0	0.0	0.0	11.135363790186124	4.1486725663716815	0.28487518355359764	0.0	0.0	0.0	0.30837004405286345	0.0	11.334821428571429	1.6145251396648044	0.0	0.0	0.0	1.0998531571218797	0.0
19940	0.0	0.3224400871459695	0.0	0.0	0.0	0.34573002754820936	0.0	0.0	0.0	13.6890625	2.8354037267080745	0.0	0.13636363636363635	0.0	0.8457300275482094	0.0	0.0	7.609715242881072	8.02	0.0	0.0	0.0	0.0	0.0
19941	0.6813725490196079	0.0	1.4926470588235294	0.0	0.0	0.0	0.5661764705882353	0.0	0.0	8.570637119113574	3.4215686274509802	0.0	0.0	0.0	0.0	0.0	0.0	11.08142493638677	4.2818627450980395	0.08333333333333333	0.0	0.0	0.0	0.0
19942	0.0	1.536723163841808	1.9555555555555555	0.13333333333333333	0.0	0.0	0.0	1.0	0.0	13.553398058252426	1.225609756097561	0.0	0.0	0.0	0.0	0.0	0.0	9.470319634703197	2.1	0.0	0.0	0.0	0.8444444444444444	0.0
19943	0.0	0.0	0.0	0.0	0.0	0.0	0.0	0.0	0.0	11.0	1.131687242798354	0.6502057613168725	0.0	0.0	0.0	0.0	0.0	8.267489711934155	0.2551440329218107	0.0	0.0	0.0	0.0	0.0
19944	0.0	0.6892655367231638	0.0	0.0	0.0	0.0	0.0	0.0	0.0	12.001594896331738	3.446759259259259	0.0	0.10532407407407407	0.0	0.0	0.0	0.0	9.944827586206896	6.860824742268041	0.22916666666666666	0.0	0.0	0.0	0.0
19945	0.0	3.6714285714285713	0.0	0.0	0.0	0.0	0.0	0.0	0.0	9.606494746895892	2.809230769230769	1.7666666666666666	0.0	0.0	1.4057142857142857	0.0	0.0	4.5725	3.182857142857143	0.0	0.0	0.0	0.0	0.0
19946	0.0	2.04864489228631	0.5526641883519207	0.0	0.0	0.0	0.0	0.0	0.0	9.60910815939279	5.0405777166437415	0.0	0.0	0.0	0.0	0.0	0.0	8.668613138686132	6.9868421052631575	0.0	0.0	0.0	0.0	0.0
19947	0.0	0.0	0.7644444444444445	0.0	0.0	0.0	0.0	0.0	0.0	2.3244444444444445	5.751111111111111	0.0	0.0	0.0	0.4	0.0	0.0	12.216216216216216	2.6838709677419357	0.0	0.0	0.0	0.0	0.0
19948	0.0	4.967592592592593	0.0	0.0	0.0	0.0	0.0	0.0	0.0	8.693379790940767	6.010416666666667	0.0	0.0	0.0	0.0	0.0	0.0	7.883458646616542	3.3839662447257384	0.0	0.0	0.0	0.0	0.0
19949	0.0	1.7268722466960353	0.0	0.0	0.0	0.0	0.0	0.0	0.0	10.513677811550153	3.6721804511278195	0.0	0.0	0.0	0.0	0.05532503457814661	0.0	6.699853587115666	4.069943289224953	0.0	0.0	0.0	0.0	0.0
19950	0.0	3.1390134529147984	0.0	0.0	0.0	0.0	0.0	0.0	0.0	11.329153605015675	2.7815533980582523	0.0	0.0	0.0	0.210727969348659	0.0	0.0	11.983988355167394	7.294372294372295	0.0	0.0	0.0	0.0	0.0
19951	0.0	1.3756613756613756	1.7777777777777777	0.0	0.0	0.0	0.0	0.0	0.0	15.532608695652174	2.513227513227513	0.0	0.0	0.0	2.0105820105820107	0.0	0.0	10.619047619047619	3.729281767955801	0.0	0.0	0.0	0.5555555555555556	0.0
19952	0.0	0.7330316742081447	0.0	0.0	0.0	0.0	1.4092409240924093	0.0	0.0	6.126530612244898	2.3696369636963697	0.0	0.0	0.0	0.0	0.0	0.0	11.613861386138614	1.4191419141914192	0.0	0.0	0.0	0.0	0.0
19953	0.0	1.3399668325041458	0.0	0.0	0.0	0.0	0.0	0.0	0.0	9.549397590361446	1.330016583747927	1.4029850746268657	0.0	0.0	0.1724709784411277	0.0	0.0	13.349480968858131	4.660044150110375	1.0016583747927033	0.0	2.7379767827529022	0.0	0.5317796610169492
19954	0.0	1.6253968253968254	0.0	0.0	0.0	0.0	0.0	0.0	0.0	11.833333333333334	3.0476190476190474	0.0	0.0	0.0	0.0	0.0	0.0	12.205479452054794	1.4603174603174602	0.0	0.0	0.0	0.40634920634920635	0.0
19955	0.0	0.0	4.0	0.0	0.0	0.0	0.0	0.0	0.0	10.053333333333333	5.004166666666666	0.0	1.1857585139318885	0.7652173913043478	1.5017301038062283	0.0	0.0	6.8354430379746836	4.956140350877193	0.0	0.0	1.7159420289855072	0.0	0.0
19956	0.0	0.0	0.0	0.0	0.0	0.0	0.0	0.0	0.0	11.292817679558011	3.5317460317460316	0.0	0.0	0.0	2.2222222222222223	0.0	0.0	9.101851851851851	2.011904761904762	0.0	0.0	0.0	1.7658730158730158	0.0
19957	0.0	0.0	1.4929577464788732	0.0	0.0	0.0	0.0	0.0	0.0	14.796610169491526	1.051643192488263	0.0	0.0	0.0	0.0	0.0	0.0	6.949720670391062	3.8559322033898304	0.0	0.0	0.0	1.1549295774647887	1.2816901408450705
19958	0.0	2.3741721854304636	0.21159420289855072	0.0	0.0	0.0	0.0	0.0	0.0	6.729007633587786	3.1546762589928057	0.0	0.0	0.0	0.0	0.0	0.0	8.761904761904763	3.5645645645645647	0.0	0.0	0.017391304347826087	1.3507246376811595	0.0
19959	0.0	4.509661835748792	0.0	0.0	0.0	0.0	0.0	0.0	0.0	8.927710843373495	0.7923875432525952	0.0	0.0	0.0	0.0	0.0	0.0	16.464406779661015	4.305	0.0	0.0	0.719047619047619	0.0	0.0
19960	0.0	0.0	0.0	0.0	0.0	0.0	0.0	0.0	0.0	0.23232323232323232	0.46464646464646464	0.0	0.0	0.0	0.0	0.0	0.0	1.5858585858585859	0.0	0.0	0.0	0.0	0.0	0.0
19961	0.0	1.6426229508196721	0.0	0.0	0.0	0.0	0.0	0.0	0.0	8.0801393728223	0.0	2.0	0.8095238095238095	0.09523809523809523	1.6470588235294117	0.0	0.0	5.7421602787456445	1.9068965517241379	1.1176470588235294	0.0	0.0	0.47058823529411764	0.0
19962	0.0	0.0	1.4111310592459605	0.0	0.0	0.0	0.0	0.0	0.0	9.36779505946935	3.156429942418426	0.3720538720538721	0.0	0.25757575757575757	0.9143730886850153	0.0	0.0	6.770892018779342	5.584905660377358	0.3164983164983165	0.0	0.16245791245791247	0.0	0.0
19963	0.0	3.0873671782762693	0.0	0.0	0.0	0.0	0.0	0.0	0.0	12.480649188514358	3.3906633906633905	0.0	0.0	1.0259856630824373	0.0	0.0	0.0	9.588068181818182	1.6451612903225807	0.4838709677419355	0.0	0.0	0.0	0.0
19964	0.0	1.8758503401360545	0.0	0.0	0.0	0.0	0.0	0.0	0.0	10.884920634920634	2.4347079037800685	0.0	0.0	0.0	0.0	0.0	0.0	9.141544117647058	3.6115537848605577	0.0	0.0	0.0	0.0	0.0
19965	0.0	0.0	2.0294985250737465	0.0	0.0	0.0	0.0	0.0	0.0	16.602459016393443	4.040404040404041	0.0	0.336283185840708	0.0	0.9734513274336283	0.0	0.0	10.983516483516484	3.8525073746312684	0.0	0.0	0.0	0.0	0.0
19966	0.0	2.509433962264151	0.0020964360587002098	0.0	0.0	0.0	0.24109014675052412	0.0	0.0	8.786458333333334	1.2986425339366516	0.0	0.0	0.0	1.6030368763557483	0.7777777777777778	0.779874213836478	9.707196029776675	2.2593457943925235	1.4570230607966457	0.0	0.0	0.0	0.9580712788259959
19967	0.2975609756097561	1.7762906309751434	0.0	0.0	0.0	0.0	0.0	0.0	0.0	9.17965367965368	1.943089430894309	0.0	0.13333333333333333	0.0	0.6894308943089431	0.0	0.0	3.728033472803347	4.8	0.0	0.0	0.0	0.624390243902439	0.23089430894308943
19968	0.0	0.0	0.0	0.0	0.0	0.0	0.0	0.0	0.0	12.60126582278481	2.1487179487179486	0.0	0.0	0.0	3.466666666666667	0.0	0.0	10.015625	5.035897435897436	1.1025641025641026	0.0	0.0	2.3692307692307693	0.0
19969	0.0	1.0524137931034483	0.0	0.0	0.02091503267973856	0.0	0.0	0.0	0.0	8.5346687211094	2.2470588235294118	0.0	0.0	0.0	0.0	0.0	0.0	9.482758620689655	3.1477124183006535	0.0	0.0	0.0	0.0	0.0
19970	0.0	0.7166666666666667	0.0	0.0	0.0	0.0	0.0	0.0	0.0	11.411347517730496	1.4555555555555555	0.0	0.0	0.0	0.0	0.0	0.0	5.284848484848485	1.0833333333333333	0.0	0.0	0.0	0.0	0.0
19971	1.5776824034334764	2.2750642673521853	0.0	0.0	0.0	0.0	0.0	0.0	0.0	13.115602263540824	4.758040935672515	0.0	1.5623529411764705	0.8575152041702867	0.7874592833876222	0.0	1.1026979982593559	11.070848708487086	5.782573940847322	0.6885964912280702	0.0	1.739940387481371	1.2186666666666666	0.0
19972	0.0	0.8668668668668669	0.0	0.0	0.0	0.0	0.0	0.0	0.0	15.247584541062801	3.4971098265895955	0.0	0.0	0.0	0.0	0.0	0.0	9.954098360655738	4.567757009345795	0.036036036036036036	0.0	0.0	0.0	0.0
19973	0.0	0.7846153846153846	0.28376068376068375	0.0	0.0	0.0	0.6888888888888889	0.0	0.0	10.770020533880903	3.067622950819672	0.0	0.0	0.0	2.4410256410256412	0.0	0.0	8.259717314487633	12.661596958174904	1.7982905982905983	0.0	0.0	1.8085470085470086	0.0
19974	0.0	3.703252032520325	0.0	0.0	1.8211382113821137	0.0	2.426829268292683	0.0	0.0	18.66867469879518	1.886178861788618	0.0	0.0	0.0	0.08536585365853659	0.0	0.0	8.688073394495413	6.525925925925926	0.0	0.0	0.0	0.04878048780487805	0.0
19975	0.0	5.743099787685775	1.694267515923567	0.0	0.0	0.0	0.7579617834394905	0.0	0.0	7.217917675544794	2.0098522167487687	0.0	0.0	0.025477707006369428	0.0	0.0	0.0	7.1	1.9073033707865168	0.0	0.0	0.0	2.6537530266343827	0.0
19976	0.0	1.615979381443299	0.0	0.0	0.0	0.24233983286908078	0.680594243268338	0.0	0.0	9.89795918367347	5.736786469344609	1.2239925023430178	0.0	0.8224719101123595	0.8579387186629527	0.0	0.0	8.392900856793146	4.8570066730219255	0.0	0.0	0.0	2.2636954503249767	0.0
19977	0.0	0.0	0.0	0.0	0.0	0.0	1.032258064516129	0.0	0.0	10.550632911392405	4.776978417266187	0.0	0.0	0.0	0.0	0.0	0.0	4.473333333333334	0.0	1.6158940397350994	0.0	0.0	0.0	0.0
19978	0.0	1.3723887375113533	0.0	0.0	0.0	0.0	0.0	0.0	0.0	7.1585492227979275	2.776794493608653	0.0	0.21012658227848102	0.0	0.0	0.0	0.0	6.063932448733413	1.9069306930693068	0.0	0.0	0.7637130801687764	0.0	0.0
19979	0.0	2.7708978328173375	0.0	0.0	0.0	0.0	0.5317460317460317	0.0	0.0	6.78343023255814	2.3577844311377247	0.0	0.0	0.0	0.0	0.0	0.0	4.171220400728598	3.2658045977011496	0.0	0.0	0.0	0.0	0.0
19980	0.0	2.3785166240409206	0.0	0.0	0.0	0.0	0.21171171171171171	0.0	0.0	7.453376205787781	2.523702031602709	0.0	0.45045045045045046	0.0	0.0	0.0	0.0	6.2792792792792795	2.3873873873873874	0.0	0.0	0.786036036036036	0.0	0.0
19981	0.0	1.5694444444444444	0.0	0.0	0.0	0.0	0.0	0.0	0.0	12.662037037037036	0.0	0.0	0.8669950738916257	0.0	0.0	0.0	0.0	11.99502487562189	2.6285714285714286	0.0	0.0	0.0	1.3240740740740742	0.0
19982	0.0	1.938589840788476	0.0	0.0	0.860125260960334	0.0	0.6782752902155887	0.0	0.0	9.44408945686901	4.087490961677513	0.0	0.3521224773834377	0.0	0.0	0.0	0.0	7.1810477657935285	3.916958041958042	0.46653346653346656	0.0	1.3201113430758524	0.0	0.0
19983	0.0	2.019	0.29958391123439665	0.0	0.15950069348127602	0.0	0.49144706426259827	0.0	0.0	9.36052921719956	2.7876782077393076	0.0	0.0	0.0	0.0	0.0	0.0	6.713584288052373	5.95711222301644	0.0	0.0	0.7276930189551549	0.0	0.0
19984	0.7047619047619048	1.0095238095238095	0.0	0.0	0.0	0.0	0.0	0.0	0.0	10.232804232804233	0.0	0.0	0.0	0.9047619047619048	0.0	0.0	0.0	5.8428571428571425	1.7714285714285714	0.5476190476190477	0.0	0.0	0.0	0.0
