readID	seqID	taxID	score	2ndBestScore	hitLength	queryLength	numMatches
1	unclassified	0	0	0	0	297	1
4	unclassified	0	0	0	0	153	1
2	unclassified	0	0	0	0	528	1
0	unclassified	0	0	0	0	651	1
5	unclassified	0	0	0	0	207	1
6	unclassified	0	0	0	0	324	1
7	unclassified	0	0	0	0	390	1
8	unclassified	0	0	0	0	660	1
10	unclassified	0	0	0	0	345	1
9	unclassified	0	0	0	0	615	1
11	unclassified	0	0	0	0	333	1
3	unclassified	0	0	0	0	1587	1
12	unclassified	0	0	0	0	423	1
16	unclassified	0	0	0	0	381	1
13	unclassified	0	0	0	0	582	1
15	unclassified	0	0	0	0	543	1
17	unclassified	0	0	0	0	132	1
18	unclassified	0	0	0	0	258	1
19	unclassified	0	0	0	0	165	1
14	unclassified	0	0	0	0	873	1
21	unclassified	0	0	0	0	168	1
22	unclassified	0	0	0	0	174	1
25	unclassified	0	0	0	0	144	1
26	unclassified	0	0	0	0	165	1
23	unclassified	0	0	0	0	447	1
27	unclassified	0	0	0	0	186	1
28	unclassified	0	0	0	0	159	1
30	unclassified	0	0	0	0	261	1
20	unclassified	0	0	0	0	1122	1
31	unclassified	0	0	0	0	129	1
32	unclassified	0	0	0	0	162	1
24	unclassified	0	0	0	0	1182	1
33	unclassified	0	0	0	0	294	1
34	unclassified	0	0	0	0	285	1
29	unclassified	0	0	0	0	813	1
38	unclassified	0	0	0	0	141	1
37	unclassified	0	0	0	0	441	1
35	cid|585	585	64	64	23	357	2
35	cid|584	584	64	64	23	357	2
39	unclassified	0	0	0	0	306	1
36	unclassified	0	0	0	0	621	1
42	unclassified	0	0	0	0	273	1
40	unclassified	0	0	0	0	336	1
43	unclassified	0	0	0	0	267	1
41	NC_000023.11	9606	81	0	24	354	1
44	unclassified	0	0	0	0	198	1
45	unclassified	0	0	0	0	228	1
49	unclassified	0	0	0	0	192	1
47	unclassified	0	0	0	0	357	1
48	unclassified	0	0	0	0	408	1
51	unclassified	0	0	0	0	252	1
50	unclassified	0	0	0	0	318	1
53	unclassified	0	0	0	0	237	1
52	unclassified	0	0	0	0	474	1
54	unclassified	0	0	0	0	303	1
55	unclassified	0	0	0	0	318	1
57	unclassified	0	0	0	0	348	1
58	unclassified	0	0	0	0	279	1
46	unclassified	0	0	0	0	1641	1
56	unclassified	0	0	0	0	696	1
59	unclassified	0	0	0	0	486	1
61	unclassified	0	0	0	0	261	1
63	unclassified	0	0	0	0	309	1
60	unclassified	0	0	0	0	882	1
62	unclassified	0	0	0	0	945	1
65	unclassified	0	0	0	0	1068	1
68	unclassified	0	0	0	0	168	1
64	unclassified	0	0	0	0	1473	1
67	unclassified	0	0	0	0	876	1
66	unclassified	0	0	0	0	1137	1
70	unclassified	0	0	0	0	426	1
72	unclassified	0	0	0	0	804	1
69	unclassified	0	0	0	0	1212	1
71	unclassified	0	0	0	0	1182	1
75	unclassified	0	0	0	0	174	1
73	cid|1229909	1229909	64	0	23	1053	1
74	unclassified	0	0	0	0	861	1
77	unclassified	0	0	0	0	687	1
79	unclassified	0	0	0	0	267	1
80	unclassified	0	0	0	0	144	1
78	cid|29554	29554	81	0	24	921	1
76	cid|1491	1491	144	0	27	1221	1
82	unclassified	0	0	0	0	477	1
81	NC_000003.12	9606	100	0	25	558	1
86	unclassified	0	0	0	0	222	1
83	unclassified	0	0	0	0	504	1
87	unclassified	0	0	0	0	264	1
84	cid|1752063	1752063	64	0	23	618	1
88	unclassified	0	0	0	0	192	1
85	unclassified	0	0	0	0	690	1
89	unclassified	0	0	0	0	318	1
91	unclassified	0	0	0	0	213	1
92	unclassified	0	0	0	0	294	1
90	NC_000020.11	9606	169	0	28	471	1
93	unclassified	0	0	0	0	378	1
95	unclassified	0	0	0	0	291	1
94	unclassified	0	0	0	0	462	1
96	unclassified	0	0	0	0	417	1
97	unclassified	0	0	0	0	441	1
98	unclassified	0	0	0	0	441	1
99	unclassified	0	0	0	0	438	1
100	unclassified	0	0	0	0	204	1
102	unclassified	0	0	0	0	189	1
101	unclassified	0	0	0	0	264	1
105	unclassified	0	0	0	0	114	1
104	unclassified	0	0	0	0	294	1
108	unclassified	0	0	0	0	132	1
107	unclassified	0	0	0	0	477	1
109	unclassified	0	0	0	0	372	1
110	unclassified	0	0	0	0	180	1
106	unclassified	0	0	0	0	933	1
112	unclassified	0	0	0	0	294	1
114	unclassified	0	0	0	0	126	1
113	unclassified	0	0	0	0	339	1
115	unclassified	0	0	0	0	321	1
116	unclassified	0	0	0	0	174	1
111	unclassified	0	0	0	0	915	1
117	unclassified	0	0	0	0	219	1
118	unclassified	0	0	0	0	414	1
103	NC_000018.10	9606	64	0	23	2121	1
120	unclassified	0	0	0	0	423	1
122	unclassified	0	0	0	0	237	1
121	unclassified	0	0	0	0	384	1
123	unclassified	0	0	0	0	696	1
126	unclassified	0	0	0	0	174	1
127	unclassified	0	0	0	0	237	1
119	unclassified	0	0	0	0	1629	1
124	unclassified	0	0	0	0	966	1
128	unclassified	0	0	0	0	243	1
130	unclassified	0	0	0	0	204	1
131	unclassified	0	0	0	0	153	1
132	unclassified	0	0	0	0	432	1
129	unclassified	0	0	0	0	864	1
134	unclassified	0	0	0	0	261	1
136	unclassified	0	0	0	0	123	1
133	unclassified	0	0	0	0	786	1
135	unclassified	0	0	0	0	510	1
137	unclassified	0	0	0	0	546	1
125	unclassified	0	0	0	0	2409	1
138	NC_000012.12	9606	121	121	26	348	5
138	NC_000010.11	9606	121	121	26	348	5
138	NC_000014.9	9606	121	121	26	348	5
138	NC_000003.12	9606	121	121	26	348	5
138	NC_000011.10	9606	121	121	26	348	5
142	unclassified	0	0	0	0	207	1
139	NT_187663.1	9606	64	64	23	861	2
139	NC_000017.11	9606	64	64	23	861	2
141	unclassified	0	0	0	0	747	1
140	NC_000019.10	9606	225	225	30	1269	2
140	NW_003315962.1	9606	225	225	30	1269	2
145	unclassified	0	0	0	0	477	1
143	unclassified	0	0	0	0	1032	1
146	unclassified	0	0	0	0	231	1
144	unclassified	0	0	0	0	855	1
147	unclassified	0	0	0	0	414	1
150	unclassified	0	0	0	0	291	1
149	unclassified	0	0	0	0	738	1
151	unclassified	0	0	0	0	498	1
148	unclassified	0	0	0	0	858	1
153	unclassified	0	0	0	0	354	1
156	unclassified	0	0	0	0	240	1
152	unclassified	0	0	0	0	1608	1
154	unclassified	0	0	0	0	1161	1
157	unclassified	0	0	0	0	831	1
155	cid|1229909	1229909	361	0	34	1407	1
159	unclassified	0	0	0	0	432	1
161	unclassified	0	0	0	0	123	1
158	unclassified	0	0	0	0	558	1
160	unclassified	0	0	0	0	396	1
165	unclassified	0	0	0	0	177	1
162	unclassified	0	0	0	0	306	1
166	unclassified	0	0	0	0	201	1
164	cid|1006576	1006576	81	0	24	357	1
163	unclassified	0	0	0	0	642	1
169	unclassified	0	0	0	0	249	1
168	unclassified	0	0	0	0	297	1
171	unclassified	0	0	0	0	138	1
172	unclassified	0	0	0	0	126	1
174	unclassified	0	0	0	0	162	1
173	unclassified	0	0	0	0	159	1
176	unclassified	0	0	0	0	162	1
175	unclassified	0	0	0	0	345	1
167	unclassified	0	0	0	0	1173	1
170	unclassified	0	0	0	0	1005	1
179	unclassified	0	0	0	0	174	1
180	unclassified	0	0	0	0	129	1
181	unclassified	0	0	0	0	156	1
183	unclassified	0	0	0	0	354	1
177	unclassified	0	0	0	0	1023	1
182	unclassified	0	0	0	0	468	1
178	unclassified	0	0	0	0	1026	1
184	unclassified	0	0	0	0	195	1
186	unclassified	0	0	0	0	129	1
185	unclassified	0	0	0	0	261	1
187	NC_000001.11	9606	64	0	23	102	1
188	unclassified	0	0	0	0	225	1
189	unclassified	0	0	0	0	234	1
190	cid|32054	32054	64	0	23	312	1
194	unclassified	0	0	0	0	324	1
195	unclassified	0	0	0	0	231	1
191	cid|241425	241425	256	81	31	834	1
192	unclassified	0	0	0	0	885	1
196	unclassified	0	0	0	0	420	1
199	unclassified	0	0	0	0	90	1
193	NC_000004.12	9606	484	484	37	1233	2
193	NC_000013.11	9606	484	484	37	1233	2
197	unclassified	0	0	0	0	684	1
200	unclassified	0	0	0	0	528	1
198	unclassified	0	0	0	0	1026	1
201	unclassified	0	0	0	0	420	1
203	unclassified	0	0	0	0	483	1
202	unclassified	0	0	0	0	780	1
204	cid|339	339	121	0	26	867	1
206	unclassified	0	0	0	0	723	1
208	unclassified	0	0	0	0	234	1
207	unclassified	0	0	0	0	771	1
209	unclassified	0	0	0	0	270	1
211	unclassified	0	0	0	0	252	1
213	unclassified	0	0	0	0	153	1
214	unclassified	0	0	0	0	336	1
210	unclassified	0	0	0	0	759	1
205	unclassified	0	0	0	0	1929	1
212	unclassified	0	0	0	0	939	1
216	unclassified	0	0	0	0	708	1
215	unclassified	0	0	0	0	801	1
217	unclassified	0	0	0	0	609	1
218	unclassified	0	0	0	0	1170	1
220	unclassified	0	0	0	0	1005	1
219	unclassified	0	0	0	0	1026	1
221	unclassified	0	0	0	0	1296	1
222	unclassified	0	0	0	0	786	1
224	cid|755731	755731	64	0	23	807	1
225	unclassified	0	0	0	0	522	1
226	unclassified	0	0	0	0	360	1
227	unclassified	0	0	0	0	165	1
230	unclassified	0	0	0	0	243	1
228	unclassified	0	0	0	0	405	1
229	unclassified	0	0	0	0	507	1
223	unclassified	0	0	0	0	1491	1
232	unclassified	0	0	0	0	189	1
235	unclassified	0	0	0	0	312	1
236	unclassified	0	0	0	0	78	1
237	unclassified	0	0	0	0	336	1
238	unclassified	0	0	0	0	306	1
239	unclassified	0	0	0	0	195	1
234	NC_000018.10	9606	64	0	23	1287	1
240	unclassified	0	0	0	0	234	1
231	unclassified	0	0	0	0	1692	1
233	unclassified	0	0	0	0	1554	1
241	unclassified	0	0	0	0	240	1
242	unclassified	0	0	0	0	186	1
243	unclassified	0	0	0	0	216	1
245	unclassified	0	0	0	0	189	1
244	unclassified	0	0	0	0	240	1
249	unclassified	0	0	0	0	213	1
247	unclassified	0	0	0	0	366	1
250	unclassified	0	0	0	0	156	1
246	unclassified	0	0	0	0	585	1
252	unclassified	0	0	0	0	387	1
253	unclassified	0	0	0	0	396	1
251	unclassified	0	0	0	0	648	1
248	unclassified	0	0	0	0	1176	1
254	unclassified	0	0	0	0	462	1
256	unclassified	0	0	0	0	279	1
259	unclassified	0	0	0	0	198	1
255	NC_000018.10	9606	64	0	23	843	1
257	cid|84023	84023	144	144	27	621	3
257	cid|217159	217159	144	144	27	621	3
257	cid|1538	1538	144	144	27	621	3
260	unclassified	0	0	0	0	807	1
262	unclassified	0	0	0	0	531	1
258	unclassified	0	0	0	0	1440	1
261	unclassified	0	0	0	0	972	1
263	unclassified	0	0	0	0	591	1
264	unclassified	0	0	0	0	576	1
267	unclassified	0	0	0	0	165	1
268	unclassified	0	0	0	0	243	1
266	unclassified	0	0	0	0	447	1
265	unclassified	0	0	0	0	594	1
269	unclassified	0	0	0	0	336	1
270	unclassified	0	0	0	0	486	1
273	unclassified	0	0	0	0	339	1
275	unclassified	0	0	0	0	276	1
272	unclassified	0	0	0	0	819	1
274	unclassified	0	0	0	0	534	1
271	unclassified	0	0	0	0	1029	1
278	unclassified	0	0	0	0	171	1
279	unclassified	0	0	0	0	255	1
277	unclassified	0	0	0	0	534	1
276	unclassified	0	0	0	0	696	1
280	unclassified	0	0	0	0	516	1
284	unclassified	0	0	0	0	114	1
282	unclassified	0	0	0	0	504	1
283	unclassified	0	0	0	0	564	1
281	unclassified	0	0	0	0	819	1
287	unclassified	0	0	0	0	210	1
286	unclassified	0	0	0	0	486	1
285	unclassified	0	0	0	0	624	1
291	unclassified	0	0	0	0	399	1
290	unclassified	0	0	0	0	411	1
292	unclassified	0	0	0	0	81	1
288	unclassified	0	0	0	0	777	1
293	unclassified	0	0	0	0	531	1
294	unclassified	0	0	0	0	534	1
295	unclassified	0	0	0	0	657	1
297	unclassified	0	0	0	0	330	1
298	NC_000005.10	9606	81	0	24	333	1
296	unclassified	0	0	0	0	858	1
299	cid|1076588	1076588	64	0	23	492	1
289	unclassified	0	0	0	0	1986	1
302	unclassified	0	0	0	0	393	1
301	unclassified	0	0	0	0	564	1
300	cid|1413	1413	81	0	24	891	1
304	unclassified	0	0	0	0	651	1
305	unclassified	0	0	0	0	609	1
306	unclassified	0	0	0	0	684	1
303	unclassified	0	0	0	0	1470	1
309	unclassified	0	0	0	0	414	1
307	unclassified	0	0	0	0	591	1
310	unclassified	0	0	0	0	168	1
312	unclassified	0	0	0	0	168	1
311	unclassified	0	0	0	0	210	1
314	unclassified	0	0	0	0	177	1
308	unclassified	0	0	0	0	987	1
313	unclassified	0	0	0	0	699	1
316	unclassified	0	0	0	0	882	1
317	unclassified	0	0	0	0	768	1
315	cid|28903	28903	144	0	27	1146	1
318	unclassified	0	0	0	0	1191	1
321	unclassified	0	0	0	0	630	1
320	unclassified	0	0	0	0	780	1
319	unclassified	0	0	0	0	1071	1
324	unclassified	0	0	0	0	309	1
322	unclassified	0	0	0	0	441	1
323	unclassified	0	0	0	0	705	1
328	unclassified	0	0	0	0	231	1
325	unclassified	0	0	0	0	669	1
329	unclassified	0	0	0	0	330	1
331	unclassified	0	0	0	0	351	1
327	unclassified	0	0	0	0	1149	1
330	unclassified	0	0	0	0	798	1
332	unclassified	0	0	0	0	447	1
326	unclassified	0	0	0	0	2208	1
336	unclassified	0	0	0	0	237	1
333	NC_000004.12	9606	64	0	23	1227	1
334	unclassified	0	0	0	0	1245	1
335	unclassified	0	0	0	0	1266	1
340	unclassified	0	0	0	0	171	1
339	unclassified	0	0	0	0	633	1
341	unclassified	0	0	0	0	141	1
338	unclassified	0	0	0	0	864	1
343	cid|1580092	1580092	64	0	23	333	1
344	unclassified	0	0	0	0	303	1
337	unclassified	0	0	0	0	1185	1
345	unclassified	0	0	0	0	288	1
342	unclassified	0	0	0	0	924	1
346	unclassified	0	0	0	0	531	1
349	unclassified	0	0	0	0	291	1
350	unclassified	0	0	0	0	270	1
348	unclassified	0	0	0	0	810	1
347	NC_000012.12	9606	64	0	23	1161	1
351	unclassified	0	0	0	0	495	1
353	unclassified	0	0	0	0	258	1
354	unclassified	0	0	0	0	180	1
355	unclassified	0	0	0	0	261	1
356	unclassified	0	0	0	0	411	1
359	unclassified	0	0	0	0	243	1
352	unclassified	0	0	0	0	1212	1
360	unclassified	0	0	0	0	117	1
361	unclassified	0	0	0	0	99	1
362	unclassified	0	0	0	0	219	1
364	unclassified	0	0	0	0	411	1
363	unclassified	0	0	0	0	888	1
357	cid|328515	328515	121	0	26	1626	1
365	unclassified	0	0	0	0	522	1
366	unclassified	0	0	0	0	483	1
368	unclassified	0	0	0	0	360	1
358	cid|1492	1492	169	0	28	1815	1
367	unclassified	0	0	0	0	723	1
369	unclassified	0	0	0	0	507	1
372	NC_000011.10	9606	100	0	25	267	1
374	unclassified	0	0	0	0	372	1
373	unclassified	0	0	0	0	741	1
371	unclassified	0	0	0	0	1218	1
377	unclassified	0	0	0	0	186	1
370	unclassified	0	0	0	0	1566	1
375	unclassified	0	0	0	0	744	1
378	unclassified	0	0	0	0	618	1
379	cid|33992	33992	64	64	23	429	2
379	cid|35791	35791	64	64	23	429	2
380	unclassified	0	0	0	0	570	1
382	unclassified	0	0	0	0	117	1
384	unclassified	0	0	0	0	240	1
381	unclassified	0	0	0	0	402	1
383	unclassified	0	0	0	0	342	1
387	unclassified	0	0	0	0	276	1
388	unclassified	0	0	0	0	234	1
385	unclassified	0	0	0	0	783	1
390	unclassified	0	0	0	0	276	1
386	unclassified	0	0	0	0	1299	1
389	unclassified	0	0	0	0	870	1
391	unclassified	0	0	0	0	498	1
394	unclassified	0	0	0	0	84	1
392	cid|244366	244366	100	0	25	396	1
393	unclassified	0	0	0	0	537	1
395	unclassified	0	0	0	0	336	1
396	unclassified	0	0	0	0	282	1
376	unclassified	0	0	0	0	3228	1
397	unclassified	0	0	0	0	177	1
401	unclassified	0	0	0	0	219	1
398	unclassified	0	0	0	0	567	1
399	unclassified	0	0	0	0	474	1
404	unclassified	0	0	0	0	615	1
400	unclassified	0	0	0	0	1143	1
403	unclassified	0	0	0	0	897	1
406	unclassified	0	0	0	0	204	1
402	unclassified	0	0	0	0	1143	1
409	unclassified	0	0	0	0	1116	1
408	cid|1580092	1580092	225	81	30	1137	1
407	unclassified	0	0	0	0	1425	1
405	unclassified	0	0	0	0	1689	1
410	unclassified	0	0	0	0	828	1
412	unclassified	0	0	0	0	1185	1
414	unclassified	0	0	0	0	846	1
415	unclassified	0	0	0	0	432	1
413	unclassified	0	0	0	0	1698	1
417	unclassified	0	0	0	0	324	1
411	unclassified	0	0	0	0	2202	1
418	unclassified	0	0	0	0	483	1
420	unclassified	0	0	0	0	399	1
416	unclassified	0	0	0	0	1101	1
421	unclassified	0	0	0	0	720	1
423	unclassified	0	0	0	0	426	1
422	cid|979	979	256	0	31	624	1
424	unclassified	0	0	0	0	447	1
419	cid|1124597	1124597	144	100	27	1644	1
426	unclassified	0	0	0	0	618	1
425	unclassified	0	0	0	0	795	1
428	unclassified	0	0	0	0	297	1
427	unclassified	0	0	0	0	654	1
430	unclassified	0	0	0	0	405	1
429	unclassified	0	0	0	0	720	1
431	unclassified	0	0	0	0	723	1
432	unclassified	0	0	0	0	816	1
435	unclassified	0	0	0	0	204	1
433	unclassified	0	0	0	0	753	1
436	unclassified	0	0	0	0	552	1
437	unclassified	0	0	0	0	657	1
438	unclassified	0	0	0	0	1257	1
440	unclassified	0	0	0	0	636	1
434	unclassified	0	0	0	0	1878	1
442	unclassified	0	0	0	0	129	1
439	unclassified	0	0	0	0	1266	1
443	unclassified	0	0	0	0	840	1
446	unclassified	0	0	0	0	162	1
441	unclassified	0	0	0	0	1032	1
447	unclassified	0	0	0	0	426	1
445	cid|28187	28187	64	0	23	1182	1
449	NC_000004.12	9606	64	0	23	450	1
450	unclassified	0	0	0	0	627	1
444	NC_000022.11	9606	181	0	49	1983	1
452	unclassified	0	0	0	0	153	1
451	unclassified	0	0	0	0	624	1
448	unclassified	0	0	0	0	1542	1
454	unclassified	0	0	0	0	444	1
453	unclassified	0	0	0	0	513	1
455	unclassified	0	0	0	0	468	1
457	unclassified	0	0	0	0	426	1
456	unclassified	0	0	0	0	606	1
459	unclassified	0	0	0	0	207	1
462	cid|217159	217159	64	0	23	105	1
458	unclassified	0	0	0	0	906	1
463	unclassified	0	0	0	0	300	1
461	unclassified	0	0	0	0	468	1
460	NC_000001.11	9606	81	0	24	708	1
467	unclassified	0	0	0	0	339	1
466	unclassified	0	0	0	0	666	1
469	unclassified	0	0	0	0	273	1
465	unclassified	0	0	0	0	1119	1
468	unclassified	0	0	0	0	675	1
470	unclassified	0	0	0	0	549	1
464	cid|1156433	1156433	64	64	23	1374	3
464	species	9606	64	64	23	1374	3
464	cid|1156431	1156431	64	64	23	1374	3
472	unclassified	0	0	0	0	537	1
471	unclassified	0	0	0	0	597	1
476	unclassified	0	0	0	0	168	1
475	unclassified	0	0	0	0	900	1
473	unclassified	0	0	0	0	1185	1
474	unclassified	0	0	0	0	1155	1
480	unclassified	0	0	0	0	279	1
481	unclassified	0	0	0	0	93	1
477	unclassified	0	0	0	0	1284	1
479	unclassified	0	0	0	0	561	1
478	unclassified	0	0	0	0	978	1
482	unclassified	0	0	0	0	918	1
484	unclassified	0	0	0	0	1101	1
483	unclassified	0	0	0	0	1323	1
485	unclassified	0	0	0	0	1302	1
486	unclassified	0	0	0	0	855	1
489	unclassified	0	0	0	0	102	1
487	unclassified	0	0	0	0	846	1
488	unclassified	0	0	0	0	879	1
491	cid|2188	2188	144	0	27	732	1
493	unclassified	0	0	0	0	447	1
490	unclassified	0	0	0	0	1050	1
492	unclassified	0	0	0	0	777	1
494	unclassified	0	0	0	0	504	1
495	unclassified	0	0	0	0	309	1
499	unclassified	0	0	0	0	312	1
497	unclassified	0	0	0	0	714	1
496	unclassified	0	0	0	0	891	1
501	unclassified	0	0	0	0	378	1
502	unclassified	0	0	0	0	462	1
498	unclassified	0	0	0	0	1122	1
500	cid|84378	84378	64	0	23	819	1
506	unclassified	0	0	0	0	231	1
504	unclassified	0	0	0	0	606	1
507	unclassified	0	0	0	0	954	1
503	unclassified	0	0	0	0	1554	1
505	unclassified	0	0	0	0	987	1
508	unclassified	0	0	0	0	144	1
510	unclassified	0	0	0	0	309	1
512	unclassified	0	0	0	0	168	1
513	unclassified	0	0	0	0	240	1
509	unclassified	0	0	0	0	726	1
514	unclassified	0	0	0	0	477	1
516	unclassified	0	0	0	0	231	1
511	unclassified	0	0	0	0	1104	1
519	unclassified	0	0	0	0	264	1
520	unclassified	0	0	0	0	219	1
518	unclassified	0	0	0	0	1074	1
515	unclassified	0	0	0	0	1575	1
517	unclassified	0	0	0	0	1335	1
522	unclassified	0	0	0	0	165	1
523	unclassified	0	0	0	0	333	1
525	unclassified	0	0	0	0	327	1
524	unclassified	0	0	0	0	489	1
521	unclassified	0	0	0	0	1302	1
528	unclassified	0	0	0	0	336	1
527	unclassified	0	0	0	0	597	1
526	unclassified	0	0	0	0	747	1
530	unclassified	0	0	0	0	258	1
531	unclassified	0	0	0	0	219	1
529	unclassified	0	0	0	0	573	1
533	unclassified	0	0	0	0	354	1
534	unclassified	0	0	0	0	336	1
536	unclassified	0	0	0	0	150	1
532	unclassified	0	0	0	0	762	1
538	unclassified	0	0	0	0	426	1
540	unclassified	0	0	0	0	159	1
535	unclassified	0	0	0	0	906	1
539	cid|1842535	1842535	100	100	25	234	2
539	cid|1208324	1208324	100	100	25	234	2
542	unclassified	0	0	0	0	468	1
543	unclassified	0	0	0	0	441	1
544	unclassified	0	0	0	0	189	1
541	unclassified	0	0	0	0	666	1
547	unclassified	0	0	0	0	189	1
545	unclassified	0	0	0	0	501	1
546	unclassified	0	0	0	0	366	1
548	unclassified	0	0	0	0	258	1
537	unclassified	0	0	0	0	1842	1
552	unclassified	0	0	0	0	324	1
551	unclassified	0	0	0	0	603	1
550	unclassified	0	0	0	0	795	1
549	unclassified	0	0	0	0	930	1
556	cid|93466	93466	169	0	28	456	1
553	unclassified	0	0	0	0	1143	1
555	unclassified	0	0	0	0	1056	1
557	unclassified	0	0	0	0	651	1
554	unclassified	0	0	0	0	1512	1
561	unclassified	0	0	0	0	513	1
558	NC_022098.1	1349410	100	0	25	1395	1
563	unclassified	0	0	0	0	165	1
564	unclassified	0	0	0	0	93	1
560	cid|198252	198252	64	0	23	1248	1
559	unclassified	0	0	0	0	1716	1
565	unclassified	0	0	0	0	267	1
568	unclassified	0	0	0	0	423	1
562	unclassified	0	0	0	0	1440	1
567	unclassified	0	0	0	0	813	1
566	unclassified	0	0	0	0	1173	1
570	unclassified	0	0	0	0	654	1
569	unclassified	0	0	0	0	711	1
573	unclassified	0	0	0	0	258	1
574	unclassified	0	0	0	0	345	1
572	unclassified	0	0	0	0	462	1
575	unclassified	0	0	0	0	345	1
571	unclassified	0	0	0	0	1008	1
579	unclassified	0	0	0	0	204	1
576	unclassified	0	0	0	0	636	1
578	unclassified	0	0	0	0	462	1
577	unclassified	0	0	0	0	822	1
583	unclassified	0	0	0	0	321	1
584	unclassified	0	0	0	0	294	1
581	unclassified	0	0	0	0	858	1
580	cid|31899	31899	169	169	28	1296	2
580	cid|413888	413888	169	169	28	1296	2
587	unclassified	0	0	0	0	228	1
585	unclassified	0	0	0	0	1005	1
586	unclassified	0	0	0	0	1038	1
588	unclassified	0	0	0	0	516	1
589	unclassified	0	0	0	0	462	1
590	unclassified	0	0	0	0	435	1
582	unclassified	0	0	0	0	2688	1
591	unclassified	0	0	0	0	852	1
593	unclassified	0	0	0	0	1068	1
594	cid|98228	98228	64	0	23	711	1
596	unclassified	0	0	0	0	429	1
598	unclassified	0	0	0	0	219	1
597	unclassified	0	0	0	0	816	1
600	unclassified	0	0	0	0	105	1
599	unclassified	0	0	0	0	1014	1
601	unclassified	0	0	0	0	606	1
602	unclassified	0	0	0	0	204	1
603	unclassified	0	0	0	0	147	1
595	unclassified	0	0	0	0	2439	1
605	unclassified	0	0	0	0	168	1
592	unclassified	0	0	0	0	3492	1
607	unclassified	0	0	0	0	720	1
608	NC_000014.9	9606	64	0	23	561	1
609	unclassified	0	0	0	0	174	1
610	unclassified	0	0	0	0	273	1
604	unclassified	0	0	0	0	1455	1
611	unclassified	0	0	0	0	285	1
613	unclassified	0	0	0	0	351	1
612	unclassified	0	0	0	0	480	1
614	unclassified	0	0	0	0	501	1
616	unclassified	0	0	0	0	189	1
618	unclassified	0	0	0	0	93	1
606	unclassified	0	0	0	0	1986	1
617	unclassified	0	0	0	0	339	1
615	unclassified	0	0	0	0	549	1
619	unclassified	0	0	0	0	288	1
621	unclassified	0	0	0	0	264	1
622	unclassified	0	0	0	0	237	1
624	unclassified	0	0	0	0	159	1
626	unclassified	0	0	0	0	66	1
625	unclassified	0	0	0	0	435	1
623	unclassified	0	0	0	0	675	1
620	unclassified	0	0	0	0	1077	1
630	unclassified	0	0	0	0	126	1
628	NC_000005.10	9606	81	0	24	549	1
627	unclassified	0	0	0	0	984	1
632	unclassified	0	0	0	0	213	1
634	unclassified	0	0	0	0	198	1
633	unclassified	0	0	0	0	399	1
629	unclassified	0	0	0	0	1128	1
637	unclassified	0	0	0	0	201	1
631	unclassified	0	0	0	0	1101	1
639	unclassified	0	0	0	0	231	1
638	unclassified	0	0	0	0	438	1
635	unclassified	0	0	0	0	945	1
642	unclassified	0	0	0	0	141	1
636	unclassified	0	0	0	0	1200	1
641	unclassified	0	0	0	0	579	1
643	cid|1617448	1617448	100	0	25	1077	1
640	NC_000006.12	9606	144	0	27	1425	1
645	unclassified	0	0	0	0	903	1
646	unclassified	0	0	0	0	513	1
647	unclassified	0	0	0	0	567	1
644	cid|84022	84022	100	100	25	1779	2
644	cid|851	851	100	100	25	1779	2
650	unclassified	0	0	0	0	804	1
649	unclassified	0	0	0	0	1407	1
648	unclassified	0	0	0	0	1665	1
652	unclassified	0	0	0	0	666	1
651	unclassified	0	0	0	0	1602	1
653	unclassified	0	0	0	0	975	1
656	unclassified	0	0	0	0	579	1
654	unclassified	0	0	0	0	1641	1
655	cid|1496	1496	196	0	29	1506	1
659	unclassified	0	0	0	0	228	1
658	unclassified	0	0	0	0	846	1
660	cid|45658	45658	64	0	23	516	1
657	unclassified	0	0	0	0	1824	1
662	unclassified	0	0	0	0	621	1
664	unclassified	0	0	0	0	177	1
663	cid|1410606	1410606	100	0	25	564	1
661	unclassified	0	0	0	0	1113	1
666	unclassified	0	0	0	0	267	1
665	unclassified	0	0	0	0	840	1
669	unclassified	0	0	0	0	597	1
668	unclassified	0	0	0	0	873	1
667	unclassified	0	0	0	0	954	1
672	unclassified	0	0	0	0	93	1
670	unclassified	0	0	0	0	570	1
675	unclassified	0	0	0	0	261	1
674	unclassified	0	0	0	0	507	1
671	unclassified	0	0	0	0	924	1
676	unclassified	0	0	0	0	579	1
677	unclassified	0	0	0	0	576	1
673	cid|1789224	1789224	64	64	23	1131	2
673	cid|35703	35703	64	64	23	1131	2
679	unclassified	0	0	0	0	822	1
680	unclassified	0	0	0	0	753	1
682	unclassified	0	0	0	0	234	1
681	unclassified	0	0	0	0	894	1
678	unclassified	0	0	0	0	1500	1
685	unclassified	0	0	0	0	207	1
687	unclassified	0	0	0	0	108	1
688	unclassified	0	0	0	0	198	1
686	unclassified	0	0	0	0	663	1
684	unclassified	0	0	0	0	1008	1
683	unclassified	0	0	0	0	1251	1
689	unclassified	0	0	0	0	855	1
691	unclassified	0	0	0	0	591	1
690	unclassified	0	0	0	0	1092	1
693	unclassified	0	0	0	0	633	1
694	unclassified	0	0	0	0	564	1
692	unclassified	0	0	0	0	1044	1
698	unclassified	0	0	0	0	129	1
699	unclassified	0	0	0	0	120	1
695	unclassified	0	0	0	0	759	1
700	unclassified	0	0	0	0	444	1
701	unclassified	0	0	0	0	288	1
697	cid|83262	83262	144	0	27	735	1
702	unclassified	0	0	0	0	279	1
696	unclassified	0	0	0	0	1185	1
703	unclassified	0	0	0	0	852	1
705	unclassified	0	0	0	0	861	1
704	unclassified	0	0	0	0	1083	1
706	unclassified	0	0	0	0	951	1
707	unclassified	0	0	0	0	759	1
710	unclassified	0	0	0	0	471	1
709	unclassified	0	0	0	0	759	1
712	unclassified	0	0	0	0	333	1
711	unclassified	0	0	0	0	1107	1
708	unclassified	0	0	0	0	1707	1
713	unclassified	0	0	0	0	930	1
717	unclassified	0	0	0	0	225	1
714	unclassified	0	0	0	0	1263	1
718	cid|1229909	1229909	121	0	26	294	1
715	cid|548	548	64	0	23	819	1
719	unclassified	0	0	0	0	309	1
716	unclassified	0	0	0	0	837	1
722	unclassified	0	0	0	0	414	1
721	unclassified	0	0	0	0	588	1
725	NC_028940.1	1429794	64	0	23	141	1
720	cid|2208	2208	81	0	24	966	1
724	unclassified	0	0	0	0	558	1
727	unclassified	0	0	0	0	318	1
726	unclassified	0	0	0	0	726	1
728	unclassified	0	0	0	0	468	1
729	unclassified	0	0	0	0	306	1
723	unclassified	0	0	0	0	1584	1
731	unclassified	0	0	0	0	258	1
730	unclassified	0	0	0	0	384	1
733	unclassified	0	0	0	0	318	1
734	unclassified	0	0	0	0	261	1
732	unclassified	0	0	0	0	519	1
736	unclassified	0	0	0	0	318	1
735	unclassified	0	0	0	0	468	1
737	unclassified	0	0	0	0	426	1
738	unclassified	0	0	0	0	456	1
741	unclassified	0	0	0	0	297	1
742	unclassified	0	0	0	0	258	1
739	unclassified	0	0	0	0	1203	1
744	unclassified	0	0	0	0	783	1
740	unclassified	0	0	0	0	1266	1
745	unclassified	0	0	0	0	291	1
743	unclassified	0	0	0	0	1053	1
746	unclassified	0	0	0	0	834	1
747	unclassified	0	0	0	0	777	1
748	NC_000003.12	9606	64	0	23	894	1
750	unclassified	0	0	0	0	564	1
749	unclassified	0	0	0	0	1194	1
751	unclassified	0	0	0	0	900	1
754	unclassified	0	0	0	0	789	1
753	unclassified	0	0	0	0	897	1
755	unclassified	0	0	0	0	594	1
752	cid|1229909	1229909	64	0	23	1098	1
758	unclassified	0	0	0	0	132	1
760	unclassified	0	0	0	0	222	1
757	unclassified	0	0	0	0	558	1
759	unclassified	0	0	0	0	576	1
763	unclassified	0	0	0	0	108	1
761	unclassified	0	0	0	0	510	1
762	unclassified	0	0	0	0	507	1
756	unclassified	0	0	0	0	1197	1
765	unclassified	0	0	0	0	378	1
764	unclassified	0	0	0	0	708	1
769	cid|1229909	1229909	81	0	24	174	1
766	unclassified	0	0	0	0	654	1
770	cid|670	670	64	0	23	333	1
771	unclassified	0	0	0	0	441	1
767	unclassified	0	0	0	0	1257	1
773	unclassified	0	0	0	0	342	1
772	cid|1603555	1603555	64	64	23	897	2
772	cid|1580092	1580092	64	64	23	897	2
768	unclassified	0	0	0	0	1764	1
777	unclassified	0	0	0	0	339	1
775	unclassified	0	0	0	0	987	1
778	unclassified	0	0	0	0	375	1
780	unclassified	0	0	0	0	120	1
781	unclassified	0	0	0	0	84	1
782	unclassified	0	0	0	0	300	1
779	unclassified	0	0	0	0	834	1
776	cid|246787	246787	64	0	23	1389	1
783	cid|1410606	1410606	64	0	23	564	1
784	unclassified	0	0	0	0	558	1
785	unclassified	0	0	0	0	285	1
774	unclassified	0	0	0	0	2433	1
786	unclassified	0	0	0	0	321	1
788	unclassified	0	0	0	0	264	1
791	unclassified	0	0	0	0	321	1
790	unclassified	0	0	0	0	450	1
792	unclassified	0	0	0	0	324	1
794	unclassified	0	0	0	0	339	1
787	unclassified	0	0	0	0	1281	1
789	unclassified	0	0	0	0	1440	1
795	unclassified	0	0	0	0	393	1
796	unclassified	0	0	0	0	513	1
797	unclassified	0	0	0	0	387	1
800	unclassified	0	0	0	0	552	1
799	unclassified	0	0	0	0	657	1
793	unclassified	0	0	0	0	1731	1
803	unclassified	0	0	0	0	150	1
801	unclassified	0	0	0	0	654	1
804	unclassified	0	0	0	0	507	1
805	unclassified	0	0	0	0	264	1
798	unclassified	0	0	0	0	1812	1
802	unclassified	0	0	0	0	1017	1
807	unclassified	0	0	0	0	447	1
809	unclassified	0	0	0	0	282	1
811	unclassified	0	0	0	0	159	1
812	unclassified	0	0	0	0	213	1
806	cid|717609	717609	64	0	23	1257	1
813	unclassified	0	0	0	0	429	1
810	unclassified	0	0	0	0	873	1
815	unclassified	0	0	0	0	183	1
814	unclassified	0	0	0	0	363	1
808	cid|159	159	81	0	24	1545	1
819	unclassified	0	0	0	0	156	1
818	unclassified	0	0	0	0	501	1
821	unclassified	0	0	0	0	228	1
817	cid|82541	82541	81	81	24	738	3
817	cid|353	353	81	81	24	738	3
817	cid|1795630	1795630	81	81	24	738	3
816	unclassified	0	0	0	0	1071	1
823	unclassified	0	0	0	0	117	1
820	cid|996	996	64	0	23	405	1
822	unclassified	0	0	0	0	354	1
826	unclassified	0	0	0	0	396	1
827	unclassified	0	0	0	0	390	1
828	unclassified	0	0	0	0	126	1
825	unclassified	0	0	0	0	519	1
829	unclassified	0	0	0	0	228	1
824	unclassified	0	0	0	0	741	1
830	unclassified	0	0	0	0	216	1
831	unclassified	0	0	0	0	234	1
835	unclassified	0	0	0	0	339	1
832	unclassified	0	0	0	0	471	1
833	unclassified	0	0	0	0	465	1
834	unclassified	0	0	0	0	624	1
836	unclassified	0	0	0	0	312	1
840	unclassified	0	0	0	0	117	1
837	unclassified	0	0	0	0	477	1
842	unclassified	0	0	0	0	243	1
838	unclassified	0	0	0	0	711	1
843	cid|2176	2176	81	0	24	312	1
839	unclassified	0	0	0	0	888	1
846	unclassified	0	0	0	0	111	1
845	unclassified	0	0	0	0	222	1
844	unclassified	0	0	0	0	522	1
841	unclassified	0	0	0	0	1083	1
849	unclassified	0	0	0	0	270	1
850	unclassified	0	0	0	0	120	1
847	unclassified	0	0	0	0	408	1
848	unclassified	0	0	0	0	438	1
853	unclassified	0	0	0	0	309	1
855	unclassified	0	0	0	0	138	1
854	unclassified	0	0	0	0	330	1
852	unclassified	0	0	0	0	576	1
856	unclassified	0	0	0	0	411	1
851	unclassified	0	0	0	0	978	1
859	unclassified	0	0	0	0	255	1
860	unclassified	0	0	0	0	225	1
861	unclassified	0	0	0	0	186	1
862	unclassified	0	0	0	0	639	1
863	unclassified	0	0	0	0	696	1
857	unclassified	0	0	0	0	1515	1
866	unclassified	0	0	0	0	246	1
858	unclassified	0	0	0	0	1737	1
864	unclassified	0	0	0	0	639	1
867	unclassified	0	0	0	0	327	1
868	unclassified	0	0	0	0	303	1
870	unclassified	0	0	0	0	144	1
865	unclassified	0	0	0	0	864	1
872	unclassified	0	0	0	0	222	1
871	unclassified	0	0	0	0	408	1
875	unclassified	0	0	0	0	183	1
869	unclassified	0	0	0	0	735	1
874	unclassified	0	0	0	0	627	1
877	NC_000013.11	9606	64	0	23	387	1
873	unclassified	0	0	0	0	864	1
878	unclassified	0	0	0	0	102	1
876	unclassified	0	0	0	0	498	1
881	unclassified	0	0	0	0	183	1
880	unclassified	0	0	0	0	201	1
883	unclassified	0	0	0	0	195	1
885	unclassified	0	0	0	0	210	1
884	unclassified	0	0	0	0	435	1
886	unclassified	0	0	0	0	297	1
882	unclassified	0	0	0	0	1005	1
879	unclassified	0	0	0	0	1125	1
887	unclassified	0	0	0	0	1290	1
888	unclassified	0	0	0	0	1311	1
890	cid|1647413	1647413	64	0	23	1026	1
892	unclassified	0	0	0	0	531	1
889	unclassified	0	0	0	0	1701	1
895	unclassified	0	0	0	0	300	1
894	unclassified	0	0	0	0	504	1
896	unclassified	0	0	0	0	333	1
891	cid|398743	398743	64	0	23	1518	1
893	cid|251535	251535	100	0	25	1683	1
898	unclassified	0	0	0	0	843	1
897	unclassified	0	0	0	0	1038	1
902	unclassified	0	0	0	0	219	1
900	unclassified	0	0	0	0	705	1
901	unclassified	0	0	0	0	720	1
904	unclassified	0	0	0	0	234	1
899	unclassified	0	0	0	0	1443	1
903	unclassified	0	0	0	0	750	1
906	unclassified	0	0	0	0	240	1
909	unclassified	0	0	0	0	120	1
905	unclassified	0	0	0	0	504	1
910	unclassified	0	0	0	0	201	1
907	unclassified	0	0	0	0	681	1
908	unclassified	0	0	0	0	555	1
913	unclassified	0	0	0	0	432	1
912	unclassified	0	0	0	0	936	1
915	unclassified	0	0	0	0	582	1
914	unclassified	0	0	0	0	1005	1
917	unclassified	0	0	0	0	306	1
911	unclassified	0	0	0	0	1608	1
919	unclassified	0	0	0	0	477	1
921	unclassified	0	0	0	0	264	1
920	unclassified	0	0	0	0	858	1
923	unclassified	0	0	0	0	186	1
918	unclassified	0	0	0	0	1395	1
916	unclassified	0	0	0	0	1710	1
926	unclassified	0	0	0	0	84	1
927	unclassified	0	0	0	0	141	1
924	unclassified	0	0	0	0	558	1
922	unclassified	0	0	0	0	1083	1
928	unclassified	0	0	0	0	741	1
925	unclassified	0	0	0	0	1047	1
931	unclassified	0	0	0	0	261	1
930	unclassified	0	0	0	0	876	1
929	unclassified	0	0	0	0	1128	1
933	unclassified	0	0	0	0	339	1
934	unclassified	0	0	0	0	402	1
932	unclassified	0	0	0	0	987	1
935	unclassified	0	0	0	0	723	1
936	cid|1521	1521	64	0	23	969	1
938	unclassified	0	0	0	0	603	1
939	unclassified	0	0	0	0	381	1
940	unclassified	0	0	0	0	177	1
937	unclassified	0	0	0	0	1119	1
943	unclassified	0	0	0	0	306	1
944	unclassified	0	0	0	0	243	1
945	unclassified	0	0	0	0	312	1
942	unclassified	0	0	0	0	774	1
946	unclassified	0	0	0	0	384	1
948	unclassified	0	0	0	0	336	1
947	unclassified	0	0	0	0	786	1
950	NC_000001.11	9606	64	0	23	435	1
949	cid|669	669	81	81	24	639	3
949	cid|296591	296591	81	81	24	639	3
949	cid|56812	56812	81	81	24	639	3
952	unclassified	0	0	0	0	189	1
951	unclassified	0	0	0	0	450	1
953	unclassified	0	0	0	0	402	1
954	unclassified	0	0	0	0	363	1
941	NC_000023.11	9606	64	64	23	1905	2
941	NC_000002.12	9606	64	64	23	1905	2
955	unclassified	0	0	0	0	720	1
957	unclassified	0	0	0	0	681	1
956	unclassified	0	0	0	0	891	1
958	unclassified	0	0	0	0	1341	1
960	unclassified	0	0	0	0	834	1
959	unclassified	0	0	0	0	1077	1
963	unclassified	0	0	0	0	225	1
965	unclassified	0	0	0	0	354	1
961	unclassified	0	0	0	0	1662	1
966	unclassified	0	0	0	0	486	1
962	unclassified	0	0	0	0	1512	1
964	cid|142877	142877	324	0	33	1227	1
967	unclassified	0	0	0	0	468	1
968	unclassified	0	0	0	0	471	1
970	unclassified	0	0	0	0	174	1
971	unclassified	0	0	0	0	267	1
972	unclassified	0	0	0	0	234	1
974	unclassified	0	0	0	0	144	1
975	unclassified	0	0	0	0	243	1
976	unclassified	0	0	0	0	141	1
973	unclassified	0	0	0	0	534	1
969	unclassified	0	0	0	0	924	1
979	unclassified	0	0	0	0	201	1
981	unclassified	0	0	0	0	198	1
980	unclassified	0	0	0	0	234	1
977	unclassified	0	0	0	0	591	1
982	unclassified	0	0	0	0	153	1
978	unclassified	0	0	0	0	813	1
985	unclassified	0	0	0	0	285	1
986	unclassified	0	0	0	0	219	1
984	unclassified	0	0	0	0	543	1
983	unclassified	0	0	0	0	612	1
990	unclassified	0	0	0	0	105	1
987	unclassified	0	0	0	0	306	1
988	unclassified	0	0	0	0	336	1
989	unclassified	0	0	0	0	267	1
991	unclassified	0	0	0	0	489	1
993	unclassified	0	0	0	0	456	1
992	unclassified	0	0	0	0	708	1
996	unclassified	0	0	0	0	732	1
995	unclassified	0	0	0	0	813	1
994	unclassified	0	0	0	0	1308	1
998	unclassified	0	0	0	0	237	1
999	unclassified	0	0	0	0	351	1
1000	unclassified	0	0	0	0	501	1
997	unclassified	0	0	0	0	1248	1
1003	unclassified	0	0	0	0	213	1
1002	unclassified	0	0	0	0	570	1
1004	unclassified	0	0	0	0	423	1
1001	unclassified	0	0	0	0	957	1
1006	unclassified	0	0	0	0	1029	1
1007	unclassified	0	0	0	0	870	1
1005	unclassified	0	0	0	0	1221	1
1010	unclassified	0	0	0	0	285	1
1009	unclassified	0	0	0	0	636	1
1011	unclassified	0	0	0	0	582	1
1008	unclassified	0	0	0	0	1482	1
1014	unclassified	0	0	0	0	99	1
1012	unclassified	0	0	0	0	705	1
1015	unclassified	0	0	0	0	345	1
1018	unclassified	0	0	0	0	93	1
1017	unclassified	0	0	0	0	201	1
1016	unclassified	0	0	0	0	411	1
1013	unclassified	0	0	0	0	621	1
1021	unclassified	0	0	0	0	387	1
1019	unclassified	0	0	0	0	516	1
1022	unclassified	0	0	0	0	582	1
1020	unclassified	0	0	0	0	630	1
1024	unclassified	0	0	0	0	333	1
1027	unclassified	0	0	0	0	291	1
1023	unclassified	0	0	0	0	720	1
1028	unclassified	0	0	0	0	333	1
1030	unclassified	0	0	0	0	384	1
1025	unclassified	0	0	0	0	1251	1
1029	unclassified	0	0	0	0	768	1
1031	unclassified	0	0	0	0	369	1
1032	unclassified	0	0	0	0	564	1
1033	unclassified	0	0	0	0	519	1
1034	unclassified	0	0	0	0	399	1
1036	cid|56812	56812	64	0	23	216	1
1026	cid|194424	194424	81	0	24	2229	1
1037	unclassified	0	0	0	0	522	1
1039	unclassified	0	0	0	0	345	1
1035	unclassified	0	0	0	0	996	1
1041	unclassified	0	0	0	0	213	1
1040	unclassified	0	0	0	0	462	1
1043	unclassified	0	0	0	0	231	1
1045	unclassified	0	0	0	0	201	1
1046	unclassified	0	0	0	0	129	1
1044	unclassified	0	0	0	0	606	1
1038	unclassified	0	0	0	0	1536	1
1049	unclassified	0	0	0	0	423	1
1048	unclassified	0	0	0	0	1008	1
1042	unclassified	0	0	0	0	1965	1
1047	unclassified	0	0	0	0	1362	1
1052	unclassified	0	0	0	0	171	1
1051	unclassified	0	0	0	0	423	1
1054	unclassified	0	0	0	0	258	1
1050	unclassified	0	0	0	0	1056	1
1053	cid|574560	574560	81	0	24	639	1
1057	unclassified	0	0	0	0	432	1
1055	unclassified	0	0	0	0	705	1
1060	unclassified	0	0	0	0	222	1
1056	unclassified	0	0	0	0	825	1
1058	unclassified	0	0	0	0	531	1
1059	unclassified	0	0	0	0	435	1
1064	unclassified	0	0	0	0	222	1
1062	unclassified	0	0	0	0	540	1
1065	unclassified	0	0	0	0	849	1
1061	unclassified	0	0	0	0	1455	1
1067	unclassified	0	0	0	0	363	1
1063	unclassified	0	0	0	0	1614	1
1069	unclassified	0	0	0	0	150	1
1066	unclassified	0	0	0	0	1401	1
1070	unclassified	0	0	0	0	477	1
1071	unclassified	0	0	0	0	735	1
1068	unclassified	0	0	0	0	1047	1
1072	unclassified	0	0	0	0	714	1
1074	unclassified	0	0	0	0	285	1
1075	unclassified	0	0	0	0	285	1
1078	unclassified	0	0	0	0	198	1
1076	unclassified	0	0	0	0	381	1
1073	unclassified	0	0	0	0	981	1
1081	cid|387092	387092	100	0	25	1050	1
1077	cid|1331258	1331258	64	64	23	1353	2
1077	cid|1536775	1536775	64	64	23	1353	2
1082	unclassified	0	0	0	0	204	1
1079	unclassified	0	0	0	0	1620	1
1080	unclassified	0	0	0	0	1611	1
1085	unclassified	0	0	0	0	174	1
1086	unclassified	0	0	0	0	168	1
1087	unclassified	0	0	0	0	171	1
1084	unclassified	0	0	0	0	744	1
1089	unclassified	0	0	0	0	387	1
1083	unclassified	0	0	0	0	1491	1
1091	unclassified	0	0	0	0	546	1
1090	unclassified	0	0	0	0	942	1
1092	unclassified	0	0	0	0	213	1
1088	unclassified	0	0	0	0	1725	1
1096	unclassified	0	0	0	0	450	1
1097	unclassified	0	0	0	0	531	1
1095	unclassified	0	0	0	0	1536	1
1094	unclassified	0	0	0	0	1674	1
1093	cid|39152	39152	144	0	27	1941	1
1099	unclassified	0	0	0	0	756	1
1100	unclassified	0	0	0	0	666	1
1101	NC_000007.14	9606	169	0	28	426	1
1103	unclassified	0	0	0	0	219	1
1098	unclassified	0	0	0	0	1044	1
1102	unclassified	0	0	0	0	339	1
1104	unclassified	0	0	0	0	234	1
1106	unclassified	0	0	0	0	192	1
1108	unclassified	0	0	0	0	291	1
1107	unclassified	0	0	0	0	594	1
1105	unclassified	0	0	0	0	972	1
1110	unclassified	0	0	0	0	606	1
1112	unclassified	0	0	0	0	312	1
1109	unclassified	0	0	0	0	1104	1
1111	unclassified	0	0	0	0	675	1
1113	unclassified	0	0	0	0	750	1
1114	unclassified	0	0	0	0	486	1
1115	unclassified	0	0	0	0	591	1
1119	unclassified	0	0	0	0	390	1
1116	unclassified	0	0	0	0	921	1
1120	unclassified	0	0	0	0	435	1
1121	unclassified	0	0	0	0	585	1
1117	unclassified	0	0	0	0	1188	1
1123	unclassified	0	0	0	0	87	1
1125	unclassified	0	0	0	0	222	1
1126	unclassified	0	0	0	0	249	1
1127	unclassified	0	0	0	0	258	1
1124	unclassified	0	0	0	0	837	1
1128	unclassified	0	0	0	0	129	1
1122	unclassified	0	0	0	0	1227	1
1129	unclassified	0	0	0	0	210	1
1118	unclassified	0	0	0	0	2229	1
1131	unclassified	0	0	0	0	180	1
1132	unclassified	0	0	0	0	288	1
1130	unclassified	0	0	0	0	459	1
1133	unclassified	0	0	0	0	450	1
1134	unclassified	0	0	0	0	429	1
1138	unclassified	0	0	0	0	207	1
1137	unclassified	0	0	0	0	330	1
1136	unclassified	0	0	0	0	555	1
1139	unclassified	0	0	0	0	159	1
1140	unclassified	0	0	0	0	411	1
1135	unclassified	0	0	0	0	1314	1
1141	unclassified	0	0	0	0	918	1
1143	unclassified	0	0	0	0	636	1
1142	unclassified	0	0	0	0	1026	1
1147	unclassified	0	0	0	0	651	1
1144	unclassified	0	0	0	0	972	1
1146	cid|43080	43080	64	0	23	969	1
1149	unclassified	0	0	0	0	540	1
1150	unclassified	0	0	0	0	363	1
1152	unclassified	0	0	0	0	318	1
1151	unclassified	0	0	0	0	393	1
1145	unclassified	0	0	0	0	1974	1
1153	cid|84022	84022	100	0	25	300	1
1154	unclassified	0	0	0	0	423	1
1156	unclassified	0	0	0	0	165	1
1148	unclassified	0	0	0	0	1578	1
1155	unclassified	0	0	0	0	363	1
1157	unclassified	0	0	0	0	327	1
1160	unclassified	0	0	0	0	237	1
1158	unclassified	0	0	0	0	432	1
1161	unclassified	0	0	0	0	219	1
1159	unclassified	0	0	0	0	570	1
1163	unclassified	0	0	0	0	372	1
1164	unclassified	0	0	0	0	570	1
1165	unclassified	0	0	0	0	489	1
1166	unclassified	0	0	0	0	423	1
1167	unclassified	0	0	0	0	279	1
1168	unclassified	0	0	0	0	327	1
1162	unclassified	0	0	0	0	1101	1
1170	unclassified	0	0	0	0	243	1
1171	unclassified	0	0	0	0	159	1
1169	unclassified	0	0	0	0	510	1
1174	unclassified	0	0	0	0	165	1
1172	unclassified	0	0	0	0	267	1
1176	unclassified	0	0	0	0	201	1
1173	unclassified	0	0	0	0	399	1
1178	unclassified	0	0	0	0	420	1
1180	unclassified	0	0	0	0	585	1
1181	unclassified	0	0	0	0	219	1
1179	cid|1580092	1580092	400	0	35	1065	1
1182	unclassified	0	0	0	0	261	1
1175	unclassified	0	0	0	0	1725	1
1183	unclassified	0	0	0	0	432	1
1177	unclassified	0	0	0	0	1884	1
1185	cid|446692	446692	100	81	25	387	1
1186	unclassified	0	0	0	0	498	1
1188	unclassified	0	0	0	0	198	1
1189	unclassified	0	0	0	0	111	1
1184	cid|61648	61648	121	0	26	1098	1
1190	unclassified	0	0	0	0	654	1
1193	unclassified	0	0	0	0	105	1
1191	unclassified	0	0	0	0	816	1
1194	unclassified	0	0	0	0	267	1
1192	unclassified	0	0	0	0	774	1
1195	unclassified	0	0	0	0	423	1
1198	unclassified	0	0	0	0	192	1
1197	unclassified	0	0	0	0	564	1
1199	unclassified	0	0	0	0	384	1
1187	unclassified	0	0	0	0	2352	1
1196	unclassified	0	0	0	0	930	1
1201	unclassified	0	0	0	0	252	1
1200	unclassified	0	0	0	0	525	1
1202	cid|1763538	1763538	121	0	26	342	1
1203	unclassified	0	0	0	0	399	1
1204	unclassified	0	0	0	0	414	1
1205	unclassified	0	0	0	0	333	1
1208	unclassified	0	0	0	0	132	1
1207	unclassified	0	0	0	0	345	1
1209	unclassified	0	0	0	0	156	1
1211	unclassified	0	0	0	0	153	1
1210	unclassified	0	0	0	0	396	1
1212	unclassified	0	0	0	0	354	1
1213	unclassified	0	0	0	0	381	1
1214	unclassified	0	0	0	0	300	1
1215	unclassified	0	0	0	0	231	1
1217	unclassified	0	0	0	0	171	1
1219	unclassified	0	0	0	0	186	1
1216	unclassified	0	0	0	0	555	1
1206	unclassified	0	0	0	0	1959	1
1218	unclassified	0	0	0	0	1146	1
1223	unclassified	0	0	0	0	300	1
1220	unclassified	0	0	0	0	1917	1
1221	unclassified	0	0	0	0	1902	1
1225	unclassified	0	0	0	0	150	1
1224	unclassified	0	0	0	0	963	1
1222	unclassified	0	0	0	0	1599	1
1229	unclassified	0	0	0	0	213	1
1226	unclassified	0	0	0	0	585	1
1227	unclassified	0	0	0	0	678	1
1230	unclassified	0	0	0	0	450	1
1231	unclassified	0	0	0	0	267	1
1232	unclassified	0	0	0	0	228	1
1228	unclassified	0	0	0	0	873	1
1235	unclassified	0	0	0	0	132	1
1233	unclassified	0	0	0	0	318	1
1234	unclassified	0	0	0	0	357	1
1239	unclassified	0	0	0	0	429	1
1238	NC_000002.12	9606	81	0	24	681	1
1236	unclassified	0	0	0	0	1005	1
1237	unclassified	0	0	0	0	1134	1
1241	unclassified	0	0	0	0	498	1
1243	cid|614	614	81	0	24	510	1
1240	unclassified	0	0	0	0	1185	1
1245	unclassified	0	0	0	0	63	1
1247	unclassified	0	0	0	0	147	1
1242	cid|40754	40754	100	0	25	1227	1
1248	unclassified	0	0	0	0	183	1
1246	unclassified	0	0	0	0	417	1
1244	unclassified	0	0	0	0	1053	1
1249	unclassified	0	0	0	0	261	1
1251	unclassified	0	0	0	0	114	1
1250	unclassified	0	0	0	0	438	1
1253	unclassified	0	0	0	0	597	1
1252	unclassified	0	0	0	0	726	1
1256	unclassified	0	0	0	0	318	1
1255	unclassified	0	0	0	0	732	1
1257	unclassified	0	0	0	0	495	1
1254	unclassified	0	0	0	0	1338	1
1260	unclassified	0	0	0	0	357	1
1261	unclassified	0	0	0	0	204	1
1263	unclassified	0	0	0	0	237	1
1259	unclassified	0	0	0	0	747	1
1262	unclassified	0	0	0	0	414	1
1264	unclassified	0	0	0	0	285	1
1265	unclassified	0	0	0	0	807	1
1258	unclassified	0	0	0	0	1920	1
1269	unclassified	0	0	0	0	303	1
1266	unclassified	0	0	0	0	1581	1
1270	unclassified	0	0	0	0	522	1
1271	unclassified	0	0	0	0	480	1
1267	unclassified	0	0	0	0	2067	1
1274	unclassified	0	0	0	0	294	1
1268	unclassified	0	0	0	0	1851	1
1275	unclassified	0	0	0	0	198	1
1276	cid|1519	1519	64	0	23	294	1
1272	unclassified	0	0	0	0	1293	1
1278	unclassified	0	0	0	0	153	1
1277	unclassified	0	0	0	0	432	1
1273	unclassified	0	0	0	0	1164	1
1280	unclassified	0	0	0	0	312	1
1282	unclassified	0	0	0	0	369	1
1279	unclassified	0	0	0	0	783	1
1283	unclassified	0	0	0	0	462	1
1284	unclassified	0	0	0	0	321	1
1287	unclassified	0	0	0	0	78	1
1286	unclassified	0	0	0	0	213	1
1281	unclassified	0	0	0	0	1314	1
1288	unclassified	0	0	0	0	591	1
1285	unclassified	0	0	0	0	1098	1
1289	unclassified	0	0	0	0	930	1
1290	unclassified	0	0	0	0	795	1
1291	unclassified	0	0	0	0	819	1
1295	unclassified	0	0	0	0	189	1
1292	cid|1850526	1850526	64	0	23	936	1
1294	unclassified	0	0	0	0	510	1
1293	NC_000007.14	9606	144	0	27	876	1
1299	unclassified	0	0	0	0	87	1
1298	unclassified	0	0	0	0	156	1
1296	unclassified	0	0	0	0	495	1
1300	unclassified	0	0	0	0	114	1
1302	unclassified	0	0	0	0	186	1
1301	unclassified	0	0	0	0	330	1
1303	unclassified	0	0	0	0	297	1
1306	unclassified	0	0	0	0	153	1
1304	cid|40754	40754	64	0	23	483	1
1305	unclassified	0	0	0	0	663	1
1297	cid|979	979	121	0	26	1395	1
1310	unclassified	0	0	0	0	168	1
1311	unclassified	0	0	0	0	504	1
1309	unclassified	0	0	0	0	1062	1
1313	unclassified	0	0	0	0	213	1
1314	unclassified	0	0	0	0	261	1
1315	unclassified	0	0	0	0	384	1
1307	unclassified	0	0	0	0	2742	1
1316	unclassified	0	0	0	0	414	1
1312	unclassified	0	0	0	0	1533	1
1317	unclassified	0	0	0	0	303	1
1320	unclassified	0	0	0	0	402	1
1308	cid|36745	36745	81	0	24	3159	1
1322	unclassified	0	0	0	0	96	1
1318	unclassified	0	0	0	0	1263	1
1319	unclassified	0	0	0	0	1053	1
1325	unclassified	0	0	0	0	330	1
1323	unclassified	0	0	0	0	948	1
1324	unclassified	0	0	0	0	822	1
1321	unclassified	0	0	0	0	1485	1
1327	unclassified	0	0	0	0	570	1
1330	unclassified	0	0	0	0	141	1
1326	unclassified	0	0	0	0	963	1
1329	cid|1406	1406	81	0	24	483	1
1332	unclassified	0	0	0	0	420	1
1328	unclassified	0	0	0	0	933	1
1335	unclassified	0	0	0	0	126	1
1331	unclassified	0	0	0	0	888	1
1334	unclassified	0	0	0	0	438	1
1333	unclassified	0	0	0	0	804	1
1337	unclassified	0	0	0	0	291	1
1338	unclassified	0	0	0	0	294	1
1336	unclassified	0	0	0	0	510	1
1339	cid|77038	77038	64	0	23	483	1
1342	cid|1428	1428	64	64	23	489	2
1342	cid|1396	1396	64	64	23	489	2
1343	unclassified	0	0	0	0	405	1
1341	unclassified	0	0	0	0	816	1
1345	unclassified	0	0	0	0	171	1
1340	unclassified	0	0	0	0	1035	1
1344	unclassified	0	0	0	0	408	1
1346	unclassified	0	0	0	0	363	1
1347	unclassified	0	0	0	0	258	1
1349	unclassified	0	0	0	0	402	1
1350	unclassified	0	0	0	0	519	1
1348	unclassified	0	0	0	0	1095	1
1351	unclassified	0	0	0	0	1020	1
1354	unclassified	0	0	0	0	201	1
1352	unclassified	0	0	0	0	969	1
1353	unclassified	0	0	0	0	741	1
1356	unclassified	0	0	0	0	315	1
1358	unclassified	0	0	0	0	204	1
1355	unclassified	0	0	0	0	480	1
1360	unclassified	0	0	0	0	189	1
1361	unclassified	0	0	0	0	177	1
1363	unclassified	0	0	0	0	78	1
1362	unclassified	0	0	0	0	198	1
1359	unclassified	0	0	0	0	543	1
1364	unclassified	0	0	0	0	153	1
1357	unclassified	0	0	0	0	1044	1
1366	unclassified	0	0	0	0	666	1
1365	unclassified	0	0	0	0	732	1
1370	unclassified	0	0	0	0	270	1
1368	unclassified	0	0	0	0	765	1
1367	unclassified	0	0	0	0	1146	1
1371	unclassified	0	0	0	0	351	1
1373	unclassified	0	0	0	0	96	1
1372	unclassified	0	0	0	0	435	1
1375	unclassified	0	0	0	0	462	1
1376	unclassified	0	0	0	0	438	1
1369	unclassified	0	0	0	0	1404	1
1374	unclassified	0	0	0	0	963	1
1379	unclassified	0	0	0	0	336	1
1381	unclassified	0	0	0	0	147	1
1377	unclassified	0	0	0	0	792	1
1378	unclassified	0	0	0	0	639	1
1382	unclassified	0	0	0	0	231	1
1380	unclassified	0	0	0	0	801	1
1384	unclassified	0	0	0	0	507	1
1383	NC_000009.12	9606	64	0	23	642	1
1388	unclassified	0	0	0	0	147	1
1387	unclassified	0	0	0	0	447	1
1385	unclassified	0	0	0	0	1038	1
1389	unclassified	0	0	0	0	534	1
1386	unclassified	0	0	0	0	900	1
1390	unclassified	0	0	0	0	810	1
1394	unclassified	0	0	0	0	351	1
1392	unclassified	0	0	0	0	918	1
1391	NC_000009.12	9606	64	0	23	1011	1
1396	unclassified	0	0	0	0	405	1
1398	unclassified	0	0	0	0	156	1
1393	unclassified	0	0	0	0	2130	1
1397	unclassified	0	0	0	0	1296	1
1395	cid|159	159	64	0	23	1338	1
1400	unclassified	0	0	0	0	303	1
1401	unclassified	0	0	0	0	177	1
1399	species	9606	144	0	27	1059	1
1403	unclassified	0	0	0	0	552	1
1406	unclassified	0	0	0	0	264	1
1405	unclassified	0	0	0	0	444	1
1402	unclassified	0	0	0	0	1002	1
1407	unclassified	0	0	0	0	285	1
1408	unclassified	0	0	0	0	258	1
1409	unclassified	0	0	0	0	291	1
1411	unclassified	0	0	0	0	141	1
1410	unclassified	0	0	0	0	234	1
1404	unclassified	0	0	0	0	1398	1
1414	unclassified	0	0	0	0	429	1
1412	unclassified	0	0	0	0	591	1
1415	unclassified	0	0	0	0	582	1
1413	unclassified	0	0	0	0	924	1
1416	unclassified	0	0	0	0	558	1
1417	unclassified	0	0	0	0	624	1
1420	unclassified	0	0	0	0	438	1
1418	unclassified	0	0	0	0	702	1
1422	unclassified	0	0	0	0	450	1
1424	unclassified	0	0	0	0	264	1
1421	unclassified	0	0	0	0	1041	1
1419	unclassified	0	0	0	0	1269	1
1423	unclassified	0	0	0	0	993	1
1425	unclassified	0	0	0	0	408	1
1426	cid|1396	1396	144	0	27	390	1
1430	unclassified	0	0	0	0	243	1
1427	unclassified	0	0	0	0	732	1
1432	NC_000012.12	9606	64	0	23	846	1
1433	unclassified	0	0	0	0	555	1
1428	unclassified	0	0	0	0	1917	1
1429	cid|189425	189425	64	64	23	1830	2
1429	cid|483937	483937	64	64	23	1830	2
1431	unclassified	0	0	0	0	1776	1
1434	unclassified	0	0	0	0	336	1
1436	unclassified	0	0	0	0	429	1
1438	unclassified	0	0	0	0	324	1
1435	unclassified	0	0	0	0	717	1
1441	unclassified	0	0	0	0	813	1
1437	cid|283734	283734	144	144	27	1245	2
1437	cid|1295	1295	144	144	27	1245	2
1439	unclassified	0	0	0	0	1419	1
1440	cid|97393	97393	100	0	25	1380	1
1442	cid|1580092	1580092	100	0	25	753	1
1443	cid|1229909	1229909	100	0	25	951	1
1445	unclassified	0	0	0	0	1008	1
1447	unclassified	0	0	0	0	669	1
1444	unclassified	0	0	0	0	1281	1
1449	unclassified	0	0	0	0	285	1
1450	unclassified	0	0	0	0	333	1
1446	unclassified	0	0	0	0	1299	1
1453	unclassified	0	0	0	0	417	1
1448	unclassified	0	0	0	0	966	1
1451	unclassified	0	0	0	0	615	1
1452	unclassified	0	0	0	0	735	1
1454	unclassified	0	0	0	0	525	1
1456	unclassified	0	0	0	0	561	1
1455	unclassified	0	0	0	0	1026	1
1459	unclassified	0	0	0	0	555	1
1457	unclassified	0	0	0	0	933	1
1458	unclassified	0	0	0	0	852	1
1460	unclassified	0	0	0	0	951	1
1462	unclassified	0	0	0	0	912	1
1461	unclassified	0	0	0	0	1101	1
1465	unclassified	0	0	0	0	345	1
1463	NC_000012.12	9606	169	169	28	1011	3
1463	NC_000015.10	9606	169	169	28	1011	3
1463	NC_000001.11	9606	169	169	28	1011	3
1464	unclassified	0	0	0	0	744	1
1467	unclassified	0	0	0	0	330	1
1468	unclassified	0	0	0	0	510	1
1469	NC_000006.12	9606	81	0	24	381	1
1471	unclassified	0	0	0	0	150	1
1473	unclassified	0	0	0	0	402	1
1472	unclassified	0	0	0	0	510	1
1466	unclassified	0	0	0	0	1251	1
1474	unclassified	0	0	0	0	258	1
1475	unclassified	0	0	0	0	318	1
1476	unclassified	0	0	0	0	285	1
1478	unclassified	0	0	0	0	114	1
1470	unclassified	0	0	0	0	1290	1
1479	unclassified	0	0	0	0	258	1
1481	unclassified	0	0	0	0	327	1
1477	NC_000006.12	9606	81	0	24	1032	1
1482	unclassified	0	0	0	0	1326	1
1483	cid|2421	2421	64	0	23	1203	1
1485	unclassified	0	0	0	0	330	1
1484	unclassified	0	0	0	0	1014	1
1488	unclassified	0	0	0	0	306	1
1486	unclassified	0	0	0	0	627	1
1480	cid|1453352	1453352	169	169	28	2127	4
1480	cid|374982	374982	169	169	28	2127	4
1480	cid|195248	195248	169	169	28	2127	4
1480	cid|32049	32049	169	169	28	2127	4
1490	NC_000008.11	9606	64	64	23	477	2
1490	NC_000006.12	9606	64	64	23	477	2
1487	unclassified	0	0	0	0	957	1
1492	unclassified	0	0	0	0	132	1
1489	unclassified	0	0	0	0	804	1
1494	unclassified	0	0	0	0	135	1
1493	unclassified	0	0	0	0	303	1
1491	unclassified	0	0	0	0	936	1
1498	cid|201	201	81	0	24	156	1
1499	unclassified	0	0	0	0	81	1
1496	unclassified	0	0	0	0	1173	1
1497	unclassified	0	0	0	0	1431	1
1495	unclassified	0	0	0	0	1569	1
1503	unclassified	0	0	0	0	333	1
1502	unclassified	0	0	0	0	402	1
1500	unclassified	0	0	0	0	2004	1
1501	unclassified	0	0	0	0	1056	1
1504	unclassified	0	0	0	0	258	1
1505	NC_000006.12	9606	64	0	23	558	1
1507	unclassified	0	0	0	0	684	1
1506	unclassified	0	0	0	0	828	1
1510	unclassified	0	0	0	0	351	1
1512	unclassified	0	0	0	0	141	1
1513	unclassified	0	0	0	0	198	1
1508	unclassified	0	0	0	0	1257	1
1509	cid|1534	1534	169	144	28	723	1
1516	unclassified	0	0	0	0	183	1
1515	unclassified	0	0	0	0	306	1
1514	unclassified	0	0	0	0	849	1
1511	unclassified	0	0	0	0	1674	1
1519	unclassified	0	0	0	0	372	1
1518	NC_000008.11	9606	81	0	24	732	1
1522	unclassified	0	0	0	0	216	1
1520	unclassified	0	0	0	0	267	1
1517	cid|28199	28199	100	0	25	1047	1
1524	unclassified	0	0	0	0	219	1
1521	unclassified	0	0	0	0	399	1
1525	unclassified	0	0	0	0	186	1
1523	unclassified	0	0	0	0	459	1
1528	unclassified	0	0	0	0	243	1
1527	unclassified	0	0	0	0	303	1
1530	unclassified	0	0	0	0	243	1
1529	unclassified	0	0	0	0	372	1
1526	unclassified	0	0	0	0	696	1
1534	unclassified	0	0	0	0	216	1
1531	unclassified	0	0	0	0	582	1
1535	unclassified	0	0	0	0	339	1
1532	unclassified	0	0	0	0	696	1
1538	unclassified	0	0	0	0	201	1
1537	unclassified	0	0	0	0	414	1
1533	unclassified	0	0	0	0	1566	1
1539	unclassified	0	0	0	0	774	1
1536	NC_000008.11	9606	100	100	25	1233	2
1536	cid|1411621	1411621	100	100	25	1233	2
1541	unclassified	0	0	0	0	285	1
1542	unclassified	0	0	0	0	228	1
1540	unclassified	0	0	0	0	1008	1
1544	unclassified	0	0	0	0	237	1
1546	unclassified	0	0	0	0	258	1
1548	unclassified	0	0	0	0	171	1
1547	unclassified	0	0	0	0	384	1
1543	unclassified	0	0	0	0	735	1
1551	unclassified	0	0	0	0	183	1
1545	unclassified	0	0	0	0	561	1
1549	unclassified	0	0	0	0	237	1
1550	cid|543913	543913	81	0	24	255	1
1552	unclassified	0	0	0	0	144	1
1554	unclassified	0	0	0	0	267	1
1557	unclassified	0	0	0	0	135	1
1555	unclassified	0	0	0	0	936	1
1553	unclassified	0	0	0	0	1398	1
1560	unclassified	0	0	0	0	162	1
1559	unclassified	0	0	0	0	630	1
1561	unclassified	0	0	0	0	462	1
1558	unclassified	0	0	0	0	2190	1
1563	unclassified	0	0	0	0	633	1
1562	NC_000007.14	9606	64	0	23	1161	1
1556	NC_000012.12	9606	64	0	23	2733	1
1564	unclassified	0	0	0	0	357	1
1566	unclassified	0	0	0	0	168	1
1565	unclassified	0	0	0	0	537	1
1568	unclassified	0	0	0	0	348	1
1569	unclassified	0	0	0	0	414	1
1570	unclassified	0	0	0	0	402	1
1567	unclassified	0	0	0	0	807	1
1571	unclassified	0	0	0	0	630	1
1575	unclassified	0	0	0	0	318	1
1576	unclassified	0	0	0	0	348	1
1574	unclassified	0	0	0	0	1011	1
1572	unclassified	0	0	0	0	1458	1
1579	unclassified	0	0	0	0	519	1
1578	unclassified	0	0	0	0	1035	1
1573	unclassified	0	0	0	0	2163	1
1581	unclassified	0	0	0	0	117	1
1580	unclassified	0	0	0	0	567	1
1577	unclassified	0	0	0	0	1467	1
1583	unclassified	0	0	0	0	882	1
1582	unclassified	0	0	0	0	1011	1
1587	unclassified	0	0	0	0	261	1
1584	unclassified	0	0	0	0	1281	1
1588	unclassified	0	0	0	0	156	1
1586	unclassified	0	0	0	0	504	1
1590	unclassified	0	0	0	0	243	1
1585	unclassified	0	0	0	0	1410	1
1591	unclassified	0	0	0	0	297	1
1593	unclassified	0	0	0	0	270	1
1592	unclassified	0	0	0	0	336	1
1594	unclassified	0	0	0	0	237	1
1589	unclassified	0	0	0	0	786	1
1597	unclassified	0	0	0	0	261	1
1596	unclassified	0	0	0	0	570	1
1598	unclassified	0	0	0	0	420	1
1595	unclassified	0	0	0	0	663	1
1602	unclassified	0	0	0	0	234	1
1599	unclassified	0	0	0	0	918	1
1601	unclassified	0	0	0	0	882	1
1603	NC_000017.11	9606	100	100	25	603	2
1603	NC_000002.12	9606	100	100	25	603	2
1604	unclassified	0	0	0	0	441	1
1600	unclassified	0	0	0	0	1116	1
1607	unclassified	0	0	0	0	171	1
1606	unclassified	0	0	0	0	327	1
1608	unclassified	0	0	0	0	177	1
1605	unclassified	0	0	0	0	708	1
1612	unclassified	0	0	0	0	189	1
1611	unclassified	0	0	0	0	483	1
1614	unclassified	0	0	0	0	252	1
1615	unclassified	0	0	0	0	144	1
1610	unclassified	0	0	0	0	1062	1
1616	unclassified	0	0	0	0	210	1
1617	unclassified	0	0	0	0	123	1
1619	unclassified	0	0	0	0	132	1
1620	unclassified	0	0	0	0	984	1
1613	unclassified	0	0	0	0	1965	1
1621	unclassified	0	0	0	0	387	1
1618	unclassified	0	0	0	0	1545	1
1622	unclassified	0	0	0	0	498	1
1609	NC_027349.1	1434323	64	0	23	2781	1
1625	unclassified	0	0	0	0	255	1
1627	unclassified	0	0	0	0	216	1
1624	cid|1520	1520	64	0	23	954	1
1629	unclassified	0	0	0	0	108	1
1626	unclassified	0	0	0	0	948	1
1623	cid|39669	39669	64	0	23	1482	1
1631	unclassified	0	0	0	0	162	1
1632	unclassified	0	0	0	0	171	1
1628	cid|1426	1426	169	0	28	870	1
1634	unclassified	0	0	0	0	183	1
1630	unclassified	0	0	0	0	654	1
1637	unclassified	0	0	0	0	96	1
1638	unclassified	0	0	0	0	450	1
1635	NC_000016.10	9606	81	81	24	702	2
1635	NC_000011.10	9606	81	81	24	702	2
1640	unclassified	0	0	0	0	270	1
1639	unclassified	0	0	0	0	342	1
1641	unclassified	0	0	0	0	171	1
1633	unclassified	0	0	0	0	1395	1
1636	unclassified	0	0	0	0	1446	1
1643	cid|1257021	1257021	121	100	26	315	1
1644	unclassified	0	0	0	0	474	1
1645	unclassified	0	0	0	0	210	1
1642	unclassified	0	0	0	0	1071	1
1647	unclassified	0	0	0	0	723	1
1648	unclassified	0	0	0	0	978	1
1651	unclassified	0	0	0	0	210	1
1650	unclassified	0	0	0	0	696	1
1646	unclassified	0	0	0	0	1656	1
1649	unclassified	0	0	0	0	1368	1
1652	unclassified	0	0	0	0	489	1
1654	unclassified	0	0	0	0	351	1
1653	unclassified	0	0	0	0	594	1
1656	unclassified	0	0	0	0	285	1
1655	unclassified	0	0	0	0	516	1
1659	unclassified	0	0	0	0	306	1
1657	unclassified	0	0	0	0	993	1
1662	unclassified	0	0	0	0	126	1
1661	unclassified	0	0	0	0	636	1
1663	unclassified	0	0	0	0	126	1
1665	unclassified	0	0	0	0	138	1
1660	unclassified	0	0	0	0	1140	1
1658	unclassified	0	0	0	0	1470	1
1664	unclassified	0	0	0	0	525	1
1666	unclassified	0	0	0	0	426	1
1669	unclassified	0	0	0	0	192	1
1668	unclassified	0	0	0	0	336	1
1671	unclassified	0	0	0	0	261	1
1672	unclassified	0	0	0	0	336	1
1673	unclassified	0	0	0	0	351	1
1667	unclassified	0	0	0	0	999	1
1675	NC_000001.11	9606	81	0	24	420	1
1674	unclassified	0	0	0	0	840	1
1677	unclassified	0	0	0	0	354	1
1670	unclassified	0	0	0	0	1428	1
1676	unclassified	0	0	0	0	918	1
1678	unclassified	0	0	0	0	327	1
1679	unclassified	0	0	0	0	297	1
1680	unclassified	0	0	0	0	423	1
1682	unclassified	0	0	0	0	366	1
1684	unclassified	0	0	0	0	288	1
1686	unclassified	0	0	0	0	282	1
1685	unclassified	0	0	0	0	807	1
1681	unclassified	0	0	0	0	1656	1
1688	unclassified	0	0	0	0	552	1
1683	NC_000007.14	9606	1156	1156	49	1524	2
1683	NC_000012.12	9606	1156	1156	49	1524	2
1689	unclassified	0	0	0	0	237	1
1692	unclassified	0	0	0	0	612	1
1690	NC_000019.10	9606	225	225	30	831	2
1690	NC_000023.11	9606	225	225	30	831	2
1693	unclassified	0	0	0	0	147	1
1691	unclassified	0	0	0	0	894	1
1694	unclassified	0	0	0	0	390	1
1695	unclassified	0	0	0	0	390	1
1687	unclassified	0	0	0	0	2232	1
1697	unclassified	0	0	0	0	204	1
1698	unclassified	0	0	0	0	231	1
1700	unclassified	0	0	0	0	273	1
1699	unclassified	0	0	0	0	315	1
1696	unclassified	0	0	0	0	828	1
1702	unclassified	0	0	0	0	243	1
1705	unclassified	0	0	0	0	105	1
1704	unclassified	0	0	0	0	405	1
1703	unclassified	0	0	0	0	663	1
1707	unclassified	0	0	0	0	297	1
1706	unclassified	0	0	0	0	588	1
1708	unclassified	0	0	0	0	318	1
1710	unclassified	0	0	0	0	135	1
1709	unclassified	0	0	0	0	348	1
1701	unclassified	0	0	0	0	1341	1
1712	unclassified	0	0	0	0	822	1
1713	unclassified	0	0	0	0	765	1
1715	unclassified	0	0	0	0	150	1
1711	unclassified	0	0	0	0	1074	1
1716	unclassified	0	0	0	0	189	1
1717	cid|285091	285091	64	0	23	552	1
1719	unclassified	0	0	0	0	762	1
1721	unclassified	0	0	0	0	513	1
1720	unclassified	0	0	0	0	969	1
1723	unclassified	0	0	0	0	183	1
1724	unclassified	0	0	0	0	174	1
1725	unclassified	0	0	0	0	156	1
1722	unclassified	0	0	0	0	717	1
1726	unclassified	0	0	0	0	312	1
1714	NC_000018.10	9606	81	0	24	3099	1
1727	unclassified	0	0	0	0	567	1
1728	cid|365617	365617	64	0	23	495	1
1729	unclassified	0	0	0	0	621	1
1731	unclassified	0	0	0	0	231	1
1718	unclassified	0	0	0	0	3216	1
1732	cid|2173	2173	64	0	23	492	1
1730	unclassified	0	0	0	0	843	1
1734	unclassified	0	0	0	0	621	1
1736	unclassified	0	0	0	0	507	1
1735	unclassified	0	0	0	0	573	1
1739	unclassified	0	0	0	0	204	1
1737	unclassified	0	0	0	0	438	1
1740	unclassified	0	0	0	0	114	1
1733	cid|1229909	1229909	289	0	32	1275	1
1741	unclassified	0	0	0	0	213	1
1742	unclassified	0	0	0	0	183	1
1745	unclassified	0	0	0	0	162	1
1744	unclassified	0	0	0	0	207	1
1743	unclassified	0	0	0	0	426	1
1746	unclassified	0	0	0	0	237	1
1738	unclassified	0	0	0	0	900	1
1750	unclassified	0	0	0	0	132	1
1747	unclassified	0	0	0	0	333	1
1748	unclassified	0	0	0	0	288	1
1749	unclassified	0	0	0	0	354	1
1752	unclassified	0	0	0	0	234	1
1751	unclassified	0	0	0	0	279	1
1754	unclassified	0	0	0	0	99	1
1757	unclassified	0	0	0	0	264	1
1755	unclassified	0	0	0	0	372	1
1753	unclassified	0	0	0	0	654	1
1758	unclassified	0	0	0	0	135	1
1756	unclassified	0	0	0	0	510	1
1760	unclassified	0	0	0	0	114	1
1759	NC_000013.11	9606	81	0	24	372	1
1761	unclassified	0	0	0	0	432	1
1762	unclassified	0	0	0	0	546	1
1763	unclassified	0	0	0	0	876	1
1765	unclassified	0	0	0	0	573	1
1764	unclassified	0	0	0	0	801	1
1768	unclassified	0	0	0	0	369	1
1766	unclassified	0	0	0	0	1137	1
1767	NC_000002.12	9606	100	100	25	990	2
1767	NC_000005.10	9606	100	100	25	990	2
1771	unclassified	0	0	0	0	246	1
1769	unclassified	0	0	0	0	1185	1
1770	unclassified	0	0	0	0	1068	1
1774	unclassified	0	0	0	0	270	1
1773	unclassified	0	0	0	0	681	1
1772	unclassified	0	0	0	0	831	1
1775	NC_000002.12	9606	1521	1521	54	114	3
1775	NC_000005.10	9606	1521	1521	54	114	3
1775	NC_000003.12	9606	1521	1521	54	114	3
1777	unclassified	0	0	0	0	282	1
1779	unclassified	0	0	0	0	114	1
1778	unclassified	0	0	0	0	273	1
1780	unclassified	0	0	0	0	147	1
1776	cid|562	562	81	0	24	420	1
1782	unclassified	0	0	0	0	309	1
1781	unclassified	0	0	0	0	375	1
1784	unclassified	0	0	0	0	366	1
1786	unclassified	0	0	0	0	189	1
1783	unclassified	0	0	0	0	567	1
1787	unclassified	0	0	0	0	198	1
1785	unclassified	0	0	0	0	510	1
1788	unclassified	0	0	0	0	372	1
1791	unclassified	0	0	0	0	135	1
1789	unclassified	0	0	0	0	399	1
1790	unclassified	0	0	0	0	492	1
1793	unclassified	0	0	0	0	489	1
1794	unclassified	0	0	0	0	702	1
1795	unclassified	0	0	0	0	522	1
1796	unclassified	0	0	0	0	612	1
1798	unclassified	0	0	0	0	309	1
1797	unclassified	0	0	0	0	369	1
1801	unclassified	0	0	0	0	240	1
1800	unclassified	0	0	0	0	411	1
1799	unclassified	0	0	0	0	471	1
1802	unclassified	0	0	0	0	231	1
1804	unclassified	0	0	0	0	165	1
1805	unclassified	0	0	0	0	129	1
1792	unclassified	0	0	0	0	1977	1
1803	unclassified	0	0	0	0	477	1
1806	unclassified	0	0	0	0	477	1
1807	unclassified	0	0	0	0	489	1
1809	unclassified	0	0	0	0	315	1
1808	unclassified	0	0	0	0	621	1
1811	unclassified	0	0	0	0	450	1
1810	unclassified	0	0	0	0	1302	1
1812	unclassified	0	0	0	0	1401	1
1816	unclassified	0	0	0	0	171	1
1813	unclassified	0	0	0	0	1356	1
1814	unclassified	0	0	0	0	1446	1
1817	unclassified	0	0	0	0	267	1
1815	unclassified	0	0	0	0	597	1
1821	unclassified	0	0	0	0	288	1
1819	unclassified	0	0	0	0	366	1
1823	NC_000012.12	9606	256	0	31	90	1
1824	unclassified	0	0	0	0	210	1
1825	unclassified	0	0	0	0	162	1
1818	unclassified	0	0	0	0	1137	1
1820	unclassified	0	0	0	0	936	1
1826	unclassified	0	0	0	0	207	1
1828	unclassified	0	0	0	0	288	1
1827	unclassified	0	0	0	0	357	1
1822	unclassified	0	0	0	0	1083	1
1831	unclassified	0	0	0	0	168	1
1830	unclassified	0	0	0	0	525	1
1833	unclassified	0	0	0	0	315	1
1832	unclassified	0	0	0	0	666	1
1834	unclassified	0	0	0	0	396	1
1835	unclassified	0	0	0	0	360	1
1837	unclassified	0	0	0	0	237	1
1839	unclassified	0	0	0	0	228	1
1840	unclassified	0	0	0	0	156	1
1838	unclassified	0	0	0	0	756	1
1829	cid|1491	1491	100	0	25	2256	1
1841	unclassified	0	0	0	0	951	1
1842	cid|1428	1428	64	0	23	753	1
1836	NC_000006.12	9606	1681	0	56	1581	1
1844	unclassified	0	0	0	0	417	1
1847	unclassified	0	0	0	0	387	1
1843	unclassified	0	0	0	0	1014	1
1845	unclassified	0	0	0	0	1008	1
1848	cid|118323	118323	64	0	23	303	1
1849	unclassified	0	0	0	0	591	1
1852	unclassified	0	0	0	0	285	1
1851	unclassified	0	0	0	0	576	1
1846	unclassified	0	0	0	0	1665	1
1854	unclassified	0	0	0	0	318	1
1855	unclassified	0	0	0	0	411	1
1850	unclassified	0	0	0	0	1134	1
1857	unclassified	0	0	0	0	153	1
1858	unclassified	0	0	0	0	135	1
1859	unclassified	0	0	0	0	207	1
1853	unclassified	0	0	0	0	882	1
1856	unclassified	0	0	0	0	735	1
1861	unclassified	0	0	0	0	261	1
1863	unclassified	0	0	0	0	201	1
1864	unclassified	0	0	0	0	324	1
1860	unclassified	0	0	0	0	768	1
1867	unclassified	0	0	0	0	198	1
1866	unclassified	0	0	0	0	528	1
1868	unclassified	0	0	0	0	348	1
1870	unclassified	0	0	0	0	189	1
1865	NC_000013.11	9606	100	0	25	1512	1
1862	cid|52584	52584	324	0	33	2067	1
1871	unclassified	0	0	0	0	1122	1
1872	unclassified	0	0	0	0	600	1
1873	unclassified	0	0	0	0	516	1
1876	unclassified	0	0	0	0	135	1
1869	unclassified	0	0	0	0	1851	1
1874	unclassified	0	0	0	0	531	1
1878	unclassified	0	0	0	0	165	1
1875	unclassified	0	0	0	0	510	1
1881	unclassified	0	0	0	0	258	1
1879	unclassified	0	0	0	0	684	1
1877	unclassified	0	0	0	0	1128	1
1880	unclassified	0	0	0	0	993	1
1884	unclassified	0	0	0	0	204	1
1882	unclassified	0	0	0	0	861	1
1887	cid|64160	64160	64	0	23	546	1
1883	cid|28197	28197	121	121	26	993	3
1883	cid|1825069	1825069	121	121	26	993	3
1883	cid|1888195	1888195	121	121	26	993	3
1886	unclassified	0	0	0	0	1167	1
1889	unclassified	0	0	0	0	483	1
1888	unclassified	0	0	0	0	702	1
1892	unclassified	0	0	0	0	180	1
1891	unclassified	0	0	0	0	366	1
1885	unclassified	0	0	0	0	1434	1
1894	unclassified	0	0	0	0	159	1
1896	unclassified	0	0	0	0	120	1
1895	unclassified	0	0	0	0	312	1
1897	unclassified	0	0	0	0	198	1
1893	NC_000006.12	9606	225	0	30	528	1
1890	unclassified	0	0	0	0	1068	1
1899	unclassified	0	0	0	0	210	1
1901	unclassified	0	0	0	0	129	1
1898	unclassified	0	0	0	0	495	1
1900	unclassified	0	0	0	0	408	1
1904	unclassified	0	0	0	0	174	1
1905	unclassified	0	0	0	0	237	1
1902	cid|2702	2702	64	0	23	555	1
1907	unclassified	0	0	0	0	93	1
1903	unclassified	0	0	0	0	582	1
1906	unclassified	0	0	0	0	396	1
1908	unclassified	0	0	0	0	306	1
1910	NC_000002.12	9606	81	0	24	831	1
1909	unclassified	0	0	0	0	1011	1
1912	unclassified	0	0	0	0	798	1
1915	unclassified	0	0	0	0	225	1
1911	unclassified	0	0	0	0	1263	1
1913	unclassified	0	0	0	0	912	1
1914	unclassified	0	0	0	0	969	1
1917	unclassified	0	0	0	0	621	1
1919	unclassified	0	0	0	0	270	1
1918	unclassified	0	0	0	0	414	1
1922	unclassified	0	0	0	0	321	1
1921	unclassified	0	0	0	0	531	1
1924	unclassified	0	0	0	0	66	1
1925	unclassified	0	0	0	0	90	1
1920	unclassified	0	0	0	0	810	1
1926	unclassified	0	0	0	0	318	1
1927	unclassified	0	0	0	0	405	1
1928	unclassified	0	0	0	0	267	1
1916	unclassified	0	0	0	0	2181	1
1929	unclassified	0	0	0	0	306	1
1923	unclassified	0	0	0	0	1239	1
1930	unclassified	0	0	0	0	519	1
1933	unclassified	0	0	0	0	312	1
1935	unclassified	0	0	0	0	171	1
1934	unclassified	0	0	0	0	264	1
1936	unclassified	0	0	0	0	195	1
1931	cid|316	316	64	0	23	879	1
1938	unclassified	0	0	0	0	102	1
1939	unclassified	0	0	0	0	138	1
1941	unclassified	0	0	0	0	336	1
1940	unclassified	0	0	0	0	612	1
1942	unclassified	0	0	0	0	219	1
1943	unclassified	0	0	0	0	288	1
1937	cid|42879	42879	81	0	24	1200	1
1945	unclassified	0	0	0	0	243	1
1944	unclassified	0	0	0	0	654	1
1947	unclassified	0	0	0	0	387	1
1932	unclassified	0	0	0	0	2460	1
1946	unclassified	0	0	0	0	669	1
1949	unclassified	0	0	0	0	537	1
1951	unclassified	0	0	0	0	405	1
1952	unclassified	0	0	0	0	255	1
1948	unclassified	0	0	0	0	1113	1
1953	unclassified	0	0	0	0	654	1
1955	cid|38027	38027	81	81	24	420	4
1955	cid|2214	2214	81	81	24	420	4
1955	cid|2209	2209	81	81	24	420	4
1955	cid|2215	2215	81	81	24	420	4
1956	unclassified	0	0	0	0	288	1
1957	unclassified	0	0	0	0	246	1
1954	unclassified	0	0	0	0	1077	1
1958	unclassified	0	0	0	0	399	1
1960	unclassified	0	0	0	0	255	1
1950	NC_000014.9	9606	100	0	25	1869	1
1961	unclassified	0	0	0	0	168	1
1964	unclassified	0	0	0	0	477	1
1963	unclassified	0	0	0	0	756	1
1959	unclassified	0	0	0	0	1389	1
1966	unclassified	0	0	0	0	315	1
1962	cid|762954	762954	64	0	23	1065	1
1965	unclassified	0	0	0	0	621	1
1968	unclassified	0	0	0	0	321	1
1967	cid|45972	45972	81	81	24	456	2
1967	cid|1292	1292	81	81	24	456	2
1969	unclassified	0	0	0	0	471	1
1970	unclassified	0	0	0	0	621	1
1973	unclassified	0	0	0	0	162	1
1972	unclassified	0	0	0	0	645	1
1976	unclassified	0	0	0	0	312	1
1975	unclassified	0	0	0	0	1038	1
1971	unclassified	0	0	0	0	1638	1
1979	unclassified	0	0	0	0	135	1
1978	unclassified	0	0	0	0	459	1
1977	unclassified	0	0	0	0	867	1
1980	unclassified	0	0	0	0	273	1
1983	unclassified	0	0	0	0	225	1
1974	unclassified	0	0	0	0	2172	1
1981	unclassified	0	0	0	0	948	1
1984	unclassified	0	0	0	0	636	1
1982	unclassified	0	0	0	0	1032	1
1987	unclassified	0	0	0	0	186	1
1986	unclassified	0	0	0	0	477	1
1985	unclassified	0	0	0	0	924	1
1988	unclassified	0	0	0	0	957	1
1989	cid|1804	1804	121	0	26	882	1
1991	unclassified	0	0	0	0	894	1
1993	unclassified	0	0	0	0	345	1
1992	unclassified	0	0	0	0	600	1
1995	unclassified	0	0	0	0	168	1
1994	unclassified	0	0	0	0	408	1
1996	unclassified	0	0	0	0	351	1
1998	unclassified	0	0	0	0	177	1
2000	unclassified	0	0	0	0	267	1
1990	NC_000009.12	9606	81	0	24	2130	1
1999	cid|28199	28199	64	0	23	657	1
2001	unclassified	0	0	0	0	486	1
2003	unclassified	0	0	0	0	465	1
1997	unclassified	0	0	0	0	1671	1
2004	unclassified	0	0	0	0	678	1
2006	unclassified	0	0	0	0	300	1
2008	unclassified	0	0	0	0	201	1
2005	unclassified	0	0	0	0	834	1
2002	unclassified	0	0	0	0	1644	1
2007	unclassified	0	0	0	0	726	1
2011	unclassified	0	0	0	0	312	1
2012	unclassified	0	0	0	0	228	1
2013	unclassified	0	0	0	0	420	1
2014	unclassified	0	0	0	0	345	1
2009	unclassified	0	0	0	0	990	1
2016	unclassified	0	0	0	0	228	1
2018	unclassified	0	0	0	0	117	1
2010	cid|2702	2702	81	0	24	1113	1
2017	cid|241425	241425	100	0	25	351	1
2020	unclassified	0	0	0	0	159	1
2015	unclassified	0	0	0	0	549	1
2023	unclassified	0	0	0	0	132	1
2019	unclassified	0	0	0	0	381	1
2024	unclassified	0	0	0	0	816	1
2026	unclassified	0	0	0	0	309	1
2022	unclassified	0	0	0	0	1224	1
2028	unclassified	0	0	0	0	114	1
2029	unclassified	0	0	0	0	381	1
2021	cid|287094	287094	289	289	32	1860	2
2021	cid|1777491	1777491	289	289	32	1860	2
2030	unclassified	0	0	0	0	261	1
2025	cid|413889	413889	64	64	23	1878	2
2025	cid|1491	1491	64	64	23	1878	2
2027	unclassified	0	0	0	0	1077	1
2031	unclassified	0	0	0	0	306	1
2034	unclassified	0	0	0	0	135	1
2032	unclassified	0	0	0	0	447	1
2035	unclassified	0	0	0	0	180	1
2037	unclassified	0	0	0	0	174	1
2036	unclassified	0	0	0	0	201	1
2038	unclassified	0	0	0	0	261	1
2033	unclassified	0	0	0	0	630	1
2042	unclassified	0	0	0	0	246	1
2040	unclassified	0	0	0	0	621	1
2039	unclassified	0	0	0	0	486	1
2041	unclassified	0	0	0	0	606	1
2044	unclassified	0	0	0	0	129	1
2047	unclassified	0	0	0	0	162	1
2046	unclassified	0	0	0	0	255	1
2043	NC_000008.11	9606	81	81	24	594	3
2043	NC_000015.10	9606	81	81	24	594	3
2043	NC_000002.12	9606	81	81	24	594	3
2049	unclassified	0	0	0	0	168	1
2050	unclassified	0	0	0	0	105	1
2048	unclassified	0	0	0	0	489	1
2045	unclassified	0	0	0	0	726	1
2051	NC_000017.11	9606	169	0	28	267	1
2054	unclassified	0	0	0	0	459	1
2053	unclassified	0	0	0	0	669	1
2052	unclassified	0	0	0	0	1077	1
2055	unclassified	0	0	0	0	870	1
2059	unclassified	0	0	0	0	774	1
2057	unclassified	0	0	0	0	1008	1
2058	unclassified	0	0	0	0	1092	1
2056	cid|1070130	1070130	64	0	23	1734	1
2063	unclassified	0	0	0	0	426	1
2060	unclassified	0	0	0	0	1035	1
2064	unclassified	0	0	0	0	360	1
2061	unclassified	0	0	0	0	1368	1
2066	unclassified	0	0	0	0	288	1
2067	unclassified	0	0	0	0	390	1
2062	cid|985052	985052	64	0	23	1476	1
2065	unclassified	0	0	0	0	882	1
2068	NC_000015.10	9606	81	0	24	309	1
2069	unclassified	0	0	0	0	420	1
2072	unclassified	0	0	0	0	318	1
2071	unclassified	0	0	0	0	510	1
2070	unclassified	0	0	0	0	1311	1
2074	unclassified	0	0	0	0	1074	1
2076	unclassified	0	0	0	0	507	1
2073	unclassified	0	0	0	0	1479	1
2075	unclassified	0	0	0	0	1170	1
2077	unclassified	0	0	0	0	279	1
2081	unclassified	0	0	0	0	321	1
2080	unclassified	0	0	0	0	435	1
2078	unclassified	0	0	0	0	966	1
2082	unclassified	0	0	0	0	423	1
2079	unclassified	0	0	0	0	918	1
2085	unclassified	0	0	0	0	393	1
2084	unclassified	0	0	0	0	726	1
2086	unclassified	0	0	0	0	684	1
2087	unclassified	0	0	0	0	714	1
2089	unclassified	0	0	0	0	471	1
2088	unclassified	0	0	0	0	660	1
2091	unclassified	0	0	0	0	171	1
2092	unclassified	0	0	0	0	165	1
2093	unclassified	0	0	0	0	159	1
2083	cid|172049	172049	289	121	32	1674	1
2094	unclassified	0	0	0	0	216	1
2090	unclassified	0	0	0	0	591	1
2098	unclassified	0	0	0	0	159	1
2097	unclassified	0	0	0	0	189	1
2100	unclassified	0	0	0	0	138	1
2096	unclassified	0	0	0	0	348	1
2099	unclassified	0	0	0	0	540	1
2101	unclassified	0	0	0	0	402	1
2103	unclassified	0	0	0	0	222	1
2105	unclassified	0	0	0	0	138	1
2095	unclassified	0	0	0	0	1338	1
2102	unclassified	0	0	0	0	822	1
2106	unclassified	0	0	0	0	276	1
2107	unclassified	0	0	0	0	183	1
2110	unclassified	0	0	0	0	447	1
2111	unclassified	0	0	0	0	171	1
2108	cid|944547	944547	81	0	24	1086	1
2112	NC_014637.1	693272	81	0	24	588	1
2104	NC_000008.11	9606	64	0	23	1839	1
2113	NC_000013.11	9606	144	0	27	660	1
2114	unclassified	0	0	0	0	432	1
2109	unclassified	0	0	0	0	1611	1
2117	unclassified	0	0	0	0	138	1
2115	unclassified	0	0	0	0	435	1
2120	unclassified	0	0	0	0	132	1
2118	unclassified	0	0	0	0	273	1
2119	unclassified	0	0	0	0	222	1
2122	unclassified	0	0	0	0	204	1
2121	unclassified	0	0	0	0	324	1
2123	unclassified	0	0	0	0	324	1
2124	unclassified	0	0	0	0	429	1
2126	unclassified	0	0	0	0	450	1
2127	unclassified	0	0	0	0	252	1
2116	NC_000016.10	9606	100	0	25	1386	1
2129	unclassified	0	0	0	0	906	1
2125	unclassified	0	0	0	0	1653	1
2128	NC_000001.11	9606	64	0	23	1389	1
2130	unclassified	0	0	0	0	1203	1
2132	unclassified	0	0	0	0	549	1
2133	unclassified	0	0	0	0	333	1
2134	unclassified	0	0	0	0	198	1
2135	unclassified	0	0	0	0	123	1
2136	unclassified	0	0	0	0	243	1
2138	unclassified	0	0	0	0	216	1
2137	unclassified	0	0	0	0	330	1
2141	unclassified	0	0	0	0	705	1
2131	unclassified	0	0	0	0	1872	1
2142	unclassified	0	0	0	0	234	1
2140	unclassified	0	0	0	0	1125	1
2139	unclassified	0	0	0	0	1257	1
2143	unclassified	0	0	0	0	378	1
2144	NC_000002.12	9606	64	0	23	354	1
2146	unclassified	0	0	0	0	405	1
2147	unclassified	0	0	0	0	534	1
2150	unclassified	0	0	0	0	231	1
2145	unclassified	0	0	0	0	1107	1
2149	unclassified	0	0	0	0	546	1
2148	unclassified	0	0	0	0	1032	1
2152	unclassified	0	0	0	0	387	1
2153	unclassified	0	0	0	0	444	1
2155	unclassified	0	0	0	0	162	1
2154	cid|1283	1283	64	0	23	414	1
2158	unclassified	0	0	0	0	210	1
2156	unclassified	0	0	0	0	447	1
2157	unclassified	0	0	0	0	612	1
2160	unclassified	0	0	0	0	360	1
2162	unclassified	0	0	0	0	393	1
2151	unclassified	0	0	0	0	1806	1
2159	unclassified	0	0	0	0	945	1
2163	unclassified	0	0	0	0	240	1
2164	unclassified	0	0	0	0	240	1
2167	NC_000002.12	9606	289	289	32	300	2
2167	NC_000007.14	9606	289	289	32	300	2
2166	unclassified	0	0	0	0	477	1
2169	unclassified	0	0	0	0	345	1
2165	unclassified	0	0	0	0	1317	1
2161	cid|229545	229545	64	64	23	2322	2
2161	cid|195	195	64	64	23	2322	2
2168	unclassified	0	0	0	0	1365	1
2170	unclassified	0	0	0	0	1224	1
2172	unclassified	0	0	0	0	630	1
2171	cid|1583098	1583098	121	81	26	1368	1
2176	unclassified	0	0	0	0	162	1
2174	unclassified	0	0	0	0	939	1
2175	unclassified	0	0	0	0	699	1
2173	unclassified	0	0	0	0	1314	1
2177	unclassified	0	0	0	0	351	1
2178	unclassified	0	0	0	0	294	1
2180	unclassified	0	0	0	0	528	1
2183	unclassified	0	0	0	0	309	1
2179	unclassified	0	0	0	0	900	1
2184	unclassified	0	0	0	0	396	1
2186	unclassified	0	0	0	0	417	1
2185	unclassified	0	0	0	0	813	1
2187	unclassified	0	0	0	0	75	1
2188	unclassified	0	0	0	0	165	1
2189	unclassified	0	0	0	0	396	1
2190	unclassified	0	0	0	0	441	1
2192	unclassified	0	0	0	0	102	1
2193	unclassified	0	0	0	0	243	1
2194	unclassified	0	0	0	0	147	1
2191	unclassified	0	0	0	0	660	1
2195	unclassified	0	0	0	0	900	1
2197	unclassified	0	0	0	0	177	1
2198	unclassified	0	0	0	0	117	1
2196	unclassified	0	0	0	0	1335	1
2182	unclassified	0	0	0	0	3351	1
2199	unclassified	0	0	0	0	330	1
2200	unclassified	0	0	0	0	171	1
2201	unclassified	0	0	0	0	156	1
2202	unclassified	0	0	0	0	162	1
2205	unclassified	0	0	0	0	231	1
2204	unclassified	0	0	0	0	273	1
2181	cid|2173	2173	81	0	24	3822	1
2206	unclassified	0	0	0	0	273	1
2207	unclassified	0	0	0	0	339	1
2210	unclassified	0	0	0	0	297	1
2203	unclassified	0	0	0	0	1083	1
2212	unclassified	0	0	0	0	252	1
2209	unclassified	0	0	0	0	810	1
2208	unclassified	0	0	0	0	1164	1
2211	unclassified	0	0	0	0	636	1
2213	unclassified	0	0	0	0	300	1
2216	unclassified	0	0	0	0	159	1
2215	unclassified	0	0	0	0	510	1
2219	unclassified	0	0	0	0	600	1
2218	NC_000022.11	9606	64	0	23	1062	1
2217	unclassified	0	0	0	0	1212	1
2220	unclassified	0	0	0	0	450	1
2221	unclassified	0	0	0	0	378	1
2223	unclassified	0	0	0	0	249	1
2224	NC_000014.9	9606	2557	441	97	237	1
2214	unclassified	0	0	0	0	2235	1
2225	unclassified	0	0	0	0	429	1
2228	unclassified	0	0	0	0	147	1
2222	unclassified	0	0	0	0	1119	1
2227	cid|591154	591154	361	0	34	339	1
2229	unclassified	0	0	0	0	330	1
2226	unclassified	0	0	0	0	615	1
2232	unclassified	0	0	0	0	285	1
2230	unclassified	0	0	0	0	501	1
2233	unclassified	0	0	0	0	387	1
2234	unclassified	0	0	0	0	174	1
2231	unclassified	0	0	0	0	597	1
2237	unclassified	0	0	0	0	255	1
2236	unclassified	0	0	0	0	453	1
2235	unclassified	0	0	0	0	600	1
2239	unclassified	0	0	0	0	459	1
2241	unclassified	0	0	0	0	237	1
2242	unclassified	0	0	0	0	99	1
2243	unclassified	0	0	0	0	255	1
2244	species	9606	484	0	37	99	1
2238	unclassified	0	0	0	0	1098	1
2246	unclassified	0	0	0	0	156	1
2240	unclassified	0	0	0	0	909	1
2247	unclassified	0	0	0	0	216	1
2249	unclassified	0	0	0	0	294	1
2250	unclassified	0	0	0	0	384	1
2251	unclassified	0	0	0	0	318	1
2248	unclassified	0	0	0	0	924	1
2252	unclassified	0	0	0	0	444	1
2245	unclassified	0	0	0	0	1152	1
2253	unclassified	0	0	0	0	588	1
2257	unclassified	0	0	0	0	354	1
2255	unclassified	0	0	0	0	750	1
2256	unclassified	0	0	0	0	837	1
2254	unclassified	0	0	0	0	930	1
2258	unclassified	0	0	0	0	456	1
2260	unclassified	0	0	0	0	237	1
2262	unclassified	0	0	0	0	216	1
2261	unclassified	0	0	0	0	636	1
2263	unclassified	0	0	0	0	432	1
2259	unclassified	0	0	0	0	789	1
2267	unclassified	0	0	0	0	333	1
2266	unclassified	0	0	0	0	549	1
2265	unclassified	0	0	0	0	591	1
2268	unclassified	0	0	0	0	360	1
2264	unclassified	0	0	0	0	1056	1
2271	unclassified	0	0	0	0	129	1
2273	unclassified	0	0	0	0	195	1
2272	unclassified	0	0	0	0	285	1
2274	unclassified	0	0	0	0	192	1
2270	unclassified	0	0	0	0	696	1
2277	unclassified	0	0	0	0	513	1
2276	cid|113267	113267	100	0	25	654	1
2278	cid|2223	2223	64	0	23	312	1
2279	unclassified	0	0	0	0	369	1
2275	unclassified	0	0	0	0	1488	1
2269	cid|28118	28118	64	0	23	2076	1
2280	unclassified	0	0	0	0	513	1
2282	unclassified	0	0	0	0	258	1
2281	unclassified	0	0	0	0	648	1
2284	unclassified	0	0	0	0	438	1
2283	unclassified	0	0	0	0	483	1
2287	unclassified	0	0	0	0	213	1
2285	unclassified	0	0	0	0	609	1
2290	unclassified	0	0	0	0	507	1
2286	unclassified	0	0	0	0	1194	1
2291	unclassified	0	0	0	0	516	1
2292	unclassified	0	0	0	0	504	1
2293	unclassified	0	0	0	0	192	1
2288	cid|785	785	121	121	26	1542	4
2288	cid|413888	413888	121	121	26	1542	4
2288	cid|717609	717609	121	121	26	1542	4
2288	cid|413889	413889	121	121	26	1542	4
2294	unclassified	0	0	0	0	210	1
2295	unclassified	0	0	0	0	444	1
2289	cid|826	826	64	64	23	1539	2
2289	cid|995	995	64	64	23	1539	2
2297	unclassified	0	0	0	0	351	1
2296	unclassified	0	0	0	0	474	1
2301	unclassified	0	0	0	0	132	1
2298	unclassified	0	0	0	0	675	1
2300	unclassified	0	0	0	0	711	1
2302	unclassified	0	0	0	0	690	1
2303	unclassified	0	0	0	0	792	1
2299	unclassified	0	0	0	0	1482	1
2304	unclassified	0	0	0	0	741	1
2306	unclassified	0	0	0	0	270	1
2305	unclassified	0	0	0	0	825	1
2307	unclassified	0	0	0	0	396	1
2311	unclassified	0	0	0	0	261	1
2309	unclassified	0	0	0	0	492	1
2308	unclassified	0	0	0	0	765	1
2312	unclassified	0	0	0	0	810	1
2315	unclassified	0	0	0	0	198	1
2316	unclassified	0	0	0	0	99	1
2314	unclassified	0	0	0	0	1026	1
2318	unclassified	0	0	0	0	189	1
2317	unclassified	0	0	0	0	468	1
2313	unclassified	0	0	0	0	1653	1
2321	unclassified	0	0	0	0	138	1
2310	cid|28188	28188	196	144	29	1953	1
2319	unclassified	0	0	0	0	924	1
2322	unclassified	0	0	0	0	546	1
2320	unclassified	0	0	0	0	1050	1
2324	unclassified	0	0	0	0	423	1
2326	unclassified	0	0	0	0	213	1
2328	unclassified	0	0	0	0	393	1
2323	NC_000010.11	9606	64	0	23	1716	1
2325	cid|86662	86662	169	169	28	1263	2
2325	cid|1405	1405	169	169	28	1263	2
2329	cid|754409	754409	100	100	25	915	3
2329	cid|108150	108150	100	100	25	915	3
2329	cid|573062	573062	100	100	25	915	3
2327	cid|106590	106590	100	0	25	1815	1
2330	cid|582419	582419	81	0	24	969	1
2333	cid|76887	76887	289	0	32	519	1
2334	unclassified	0	0	0	0	666	1
2332	unclassified	0	0	0	0	1197	1
2331	unclassified	0	0	0	0	1731	1
2337	unclassified	0	0	0	0	276	1
2335	unclassified	0	0	0	0	627	1
2339	unclassified	0	0	0	0	285	1
2336	unclassified	0	0	0	0	771	1
2342	unclassified	0	0	0	0	408	1
2338	unclassified	0	0	0	0	1197	1
2341	unclassified	0	0	0	0	930	1
2345	unclassified	0	0	0	0	306	1
2346	unclassified	0	0	0	0	240	1
2343	unclassified	0	0	0	0	996	1
2347	unclassified	0	0	0	0	273	1
2340	cid|1891280	1891280	64	0	23	2199	1
2344	unclassified	0	0	0	0	1314	1
2348	unclassified	0	0	0	0	594	1
2349	unclassified	0	0	0	0	732	1
2351	unclassified	0	0	0	0	573	1
2352	unclassified	0	0	0	0	429	1
2350	unclassified	0	0	0	0	627	1
2354	unclassified	0	0	0	0	180	1
2353	unclassified	0	0	0	0	543	1
2358	unclassified	0	0	0	0	309	1
2357	unclassified	0	0	0	0	657	1
2355	unclassified	0	0	0	0	888	1
2359	unclassified	0	0	0	0	495	1
2360	unclassified	0	0	0	0	555	1
2361	unclassified	0	0	0	0	519	1
2356	unclassified	0	0	0	0	1467	1
2363	unclassified	0	0	0	0	825	1
2366	unclassified	0	0	0	0	279	1
2362	cid|29291	29291	169	0	28	1296	1
2368	unclassified	0	0	0	0	195	1
2365	unclassified	0	0	0	0	1398	1
2369	unclassified	0	0	0	0	312	1
2371	unclassified	0	0	0	0	306	1
2372	unclassified	0	0	0	0	279	1
2367	unclassified	0	0	0	0	1248	1
2364	unclassified	0	0	0	0	2133	1
2370	unclassified	0	0	0	0	663	1
2373	unclassified	0	0	0	0	120	1
2376	unclassified	0	0	0	0	225	1
2378	unclassified	0	0	0	0	261	1
2379	unclassified	0	0	0	0	189	1
2375	unclassified	0	0	0	0	1014	1
2374	unclassified	0	0	0	0	1119	1
2380	unclassified	0	0	0	0	525	1
2381	unclassified	0	0	0	0	288	1
2383	unclassified	0	0	0	0	321	1
2377	unclassified	0	0	0	0	1539	1
2385	unclassified	0	0	0	0	192	1
2386	unclassified	0	0	0	0	126	1
2382	unclassified	0	0	0	0	783	1
2387	unclassified	0	0	0	0	165	1
2388	unclassified	0	0	0	0	156	1
2384	cid|1502	1502	64	0	23	597	1
2389	unclassified	0	0	0	0	111	1
2393	unclassified	0	0	0	0	105	1
2391	unclassified	0	0	0	0	279	1
2392	unclassified	0	0	0	0	294	1
2394	unclassified	0	0	0	0	387	1
2396	unclassified	0	0	0	0	285	1
2397	unclassified	0	0	0	0	486	1
2398	unclassified	0	0	0	0	498	1
2400	unclassified	0	0	0	0	126	1
2395	unclassified	0	0	0	0	1299	1
2399	unclassified	0	0	0	0	1185	1
2401	unclassified	0	0	0	0	1068	1
2402	cid|33959	33959	144	0	27	705	1
2404	unclassified	0	0	0	0	288	1
2403	unclassified	0	0	0	0	462	1
2406	unclassified	0	0	0	0	267	1
2405	unclassified	0	0	0	0	513	1
2390	unclassified	0	0	0	0	2901	1
2408	unclassified	0	0	0	0	165	1
2410	unclassified	0	0	0	0	336	1
2411	unclassified	0	0	0	0	672	1
2407	unclassified	0	0	0	0	1038	1
2414	unclassified	0	0	0	0	612	1
2412	unclassified	0	0	0	0	1395	1
2415	unclassified	0	0	0	0	558	1
2409	unclassified	0	0	0	0	2142	1
2416	unclassified	0	0	0	0	585	1
2418	unclassified	0	0	0	0	270	1
2420	unclassified	0	0	0	0	249	1
2413	cid|1351	1351	81	0	24	1788	1
2419	unclassified	0	0	0	0	657	1
2423	unclassified	0	0	0	0	264	1
2421	unclassified	0	0	0	0	735	1
2422	unclassified	0	0	0	0	777	1
2426	unclassified	0	0	0	0	222	1
2425	unclassified	0	0	0	0	408	1
2417	unclassified	0	0	0	0	2016	1
2424	unclassified	0	0	0	0	1188	1
2427	NC_000023.11	9606	64	0	23	891	1
2428	cid|1752064	1752064	121	81	26	951	1
2432	unclassified	0	0	0	0	228	1
2429	unclassified	0	0	0	0	1137	1
2431	unclassified	0	0	0	0	615	1
2433	unclassified	0	0	0	0	432	1
2435	unclassified	0	0	0	0	603	1
2437	unclassified	0	0	0	0	177	1
2434	cid|1570	1570	81	0	24	891	1
2438	unclassified	0	0	0	0	228	1
2430	cid|693075	693075	256	0	31	1881	1
2436	unclassified	0	0	0	0	1188	1
2439	unclassified	0	0	0	0	1266	1
2440	NC_000005.10	9606	100	0	25	1134	1
2442	unclassified	0	0	0	0	657	1
2443	unclassified	0	0	0	0	267	1
2444	unclassified	0	0	0	0	258	1
2447	unclassified	0	0	0	0	282	1
2445	NC_000016.10	9606	64	0	23	525	1
2448	unclassified	0	0	0	0	96	1
2446	unclassified	0	0	0	0	414	1
2449	unclassified	0	0	0	0	123	1
2441	unclassified	0	0	0	0	1434	1
2450	unclassified	0	0	0	0	309	1
2453	unclassified	0	0	0	0	315	1
2452	unclassified	0	0	0	0	348	1
2454	unclassified	0	0	0	0	189	1
2451	unclassified	0	0	0	0	468	1
2456	unclassified	0	0	0	0	309	1
2458	unclassified	0	0	0	0	600	1
2459	unclassified	0	0	0	0	372	1
2457	unclassified	0	0	0	0	738	1
2460	unclassified	0	0	0	0	255	1
2461	unclassified	0	0	0	0	285	1
2462	unclassified	0	0	0	0	285	1
2465	unclassified	0	0	0	0	276	1
2466	unclassified	0	0	0	0	165	1
2467	unclassified	0	0	0	0	114	1
2464	unclassified	0	0	0	0	1086	1
2463	NC_000004.12	9606	196	0	29	1080	1
2468	unclassified	0	0	0	0	528	1
2455	cid|1002672	1002672	81	0	24	1971	1
2469	unclassified	0	0	0	0	339	1
2470	unclassified	0	0	0	0	549	1
2473	unclassified	0	0	0	0	747	1
2472	unclassified	0	0	0	0	783	1
2475	unclassified	0	0	0	0	114	1
2474	unclassified	0	0	0	0	519	1
2476	unclassified	0	0	0	0	156	1
2478	unclassified	0	0	0	0	147	1
2471	cid|1096	1096	64	0	23	1377	1
2477	unclassified	0	0	0	0	504	1
2479	unclassified	0	0	0	0	597	1
2482	unclassified	0	0	0	0	399	1
2481	unclassified	0	0	0	0	705	1
2483	unclassified	0	0	0	0	747	1
2486	unclassified	0	0	0	0	114	1
2480	cid|1405	1405	121	121	26	1428	3
2480	cid|386487	386487	121	121	26	1428	3
2480	cid|1408	1408	121	121	26	1428	3
2485	unclassified	0	0	0	0	780	1
2487	unclassified	0	0	0	0	336	1
2488	unclassified	0	0	0	0	222	1
2490	unclassified	0	0	0	0	396	1
2484	unclassified	0	0	0	0	1542	1
2492	unclassified	0	0	0	0	501	1
2494	unclassified	0	0	0	0	174	1
2493	unclassified	0	0	0	0	399	1
2491	unclassified	0	0	0	0	1125	1
2495	unclassified	0	0	0	0	156	1
2498	unclassified	0	0	0	0	198	1
2497	unclassified	0	0	0	0	228	1
2496	unclassified	0	0	0	0	354	1
2489	unclassified	0	0	0	0	1551	1
2502	unclassified	0	0	0	0	114	1
2501	unclassified	0	0	0	0	165	1
2503	unclassified	0	0	0	0	186	1
2500	unclassified	0	0	0	0	411	1
2499	unclassified	0	0	0	0	534	1
2504	unclassified	0	0	0	0	330	1
2506	unclassified	0	0	0	0	177	1
2507	unclassified	0	0	0	0	411	1
2509	unclassified	0	0	0	0	399	1
2511	unclassified	0	0	0	0	168	1
2505	unclassified	0	0	0	0	1074	1
2510	unclassified	0	0	0	0	672	1
2508	unclassified	0	0	0	0	1263	1
2512	unclassified	0	0	0	0	714	1
2513	unclassified	0	0	0	0	507	1
2516	unclassified	0	0	0	0	141	1
2515	unclassified	0	0	0	0	213	1
2519	unclassified	0	0	0	0	192	1
2518	unclassified	0	0	0	0	237	1
2514	unclassified	0	0	0	0	636	1
2517	unclassified	0	0	0	0	570	1
2520	unclassified	0	0	0	0	459	1
2523	unclassified	0	0	0	0	132	1
2521	unclassified	0	0	0	0	585	1
2524	unclassified	0	0	0	0	678	1
2526	unclassified	0	0	0	0	843	1
2528	unclassified	0	0	0	0	204	1
2529	unclassified	0	0	0	0	186	1
2522	unclassified	0	0	0	0	1809	1
2525	unclassified	0	0	0	0	1449	1
2530	unclassified	0	0	0	0	411	1
2531	unclassified	0	0	0	0	396	1
2527	cid|470	470	256	0	31	1128	1
2534	unclassified	0	0	0	0	120	1
2532	unclassified	0	0	0	0	498	1
2535	unclassified	0	0	0	0	207	1
2537	unclassified	0	0	0	0	252	1
2533	unclassified	0	0	0	0	519	1
2539	unclassified	0	0	0	0	333	1
2536	unclassified	0	0	0	0	603	1
2542	unclassified	0	0	0	0	135	1
2540	unclassified	0	0	0	0	636	1
2543	unclassified	0	0	0	0	510	1
2545	unclassified	0	0	0	0	198	1
2538	unclassified	0	0	0	0	1533	1
2544	unclassified	0	0	0	0	741	1
2546	unclassified	0	0	0	0	273	1
2541	unclassified	0	0	0	0	1209	1
2547	unclassified	0	0	0	0	243	1
2550	unclassified	0	0	0	0	237	1
2551	unclassified	0	0	0	0	495	1
2549	unclassified	0	0	0	0	690	1
2552	unclassified	0	0	0	0	492	1
2548	unclassified	0	0	0	0	924	1
2553	unclassified	0	0	0	0	210	1
2554	unclassified	0	0	0	0	411	1
2555	unclassified	0	0	0	0	465	1
2558	unclassified	0	0	0	0	189	1
2557	unclassified	0	0	0	0	423	1
2560	unclassified	0	0	0	0	180	1
2559	unclassified	0	0	0	0	378	1
2556	unclassified	0	0	0	0	798	1
2561	unclassified	0	0	0	0	342	1
2563	unclassified	0	0	0	0	126	1
2565	unclassified	0	0	0	0	147	1
2564	unclassified	0	0	0	0	201	1
2562	unclassified	0	0	0	0	375	1
2569	unclassified	0	0	0	0	213	1
2566	unclassified	0	0	0	0	423	1
2568	unclassified	0	0	0	0	390	1
2567	unclassified	0	0	0	0	552	1
2572	unclassified	0	0	0	0	465	1
2573	unclassified	0	0	0	0	462	1
2574	unclassified	0	0	0	0	666	1
2575	unclassified	0	0	0	0	621	1
2571	unclassified	0	0	0	0	1479	1
2576	unclassified	0	0	0	0	594	1
2578	unclassified	0	0	0	0	390	1
2580	unclassified	0	0	0	0	171	1
2579	unclassified	0	0	0	0	402	1
2581	unclassified	0	0	0	0	279	1
2582	unclassified	0	0	0	0	351	1
2577	unclassified	0	0	0	0	1206	1
2570	NC_000014.9	9606	169	169	28	2241	3
2570	NC_000010.11	9606	169	169	28	2241	3
2570	NC_000008.11	9606	169	169	28	2241	3
2585	unclassified	0	0	0	0	210	1
2583	unclassified	0	0	0	0	483	1
2584	unclassified	0	0	0	0	498	1
2587	unclassified	0	0	0	0	435	1
2586	unclassified	0	0	0	0	516	1
2591	unclassified	0	0	0	0	123	1
2588	unclassified	0	0	0	0	771	1
2592	unclassified	0	0	0	0	258	1
2593	unclassified	0	0	0	0	225	1
2589	unclassified	0	0	0	0	870	1
2594	unclassified	0	0	0	0	246	1
2596	unclassified	0	0	0	0	390	1
2597	unclassified	0	0	0	0	354	1
2598	unclassified	0	0	0	0	174	1
2599	unclassified	0	0	0	0	342	1
2595	unclassified	0	0	0	0	1197	1
2590	cid|718217	718217	81	64	24	1902	1
2602	unclassified	0	0	0	0	333	1
2601	unclassified	0	0	0	0	894	1
2600	cid|851	851	64	64	23	1089	3
2600	NC_000016.10	9606	64	64	23	1089	3
2600	NC_000009.12	9606	64	64	23	1089	3
2606	unclassified	0	0	0	0	201	1
2605	NC_000016.10	9606	121	0	26	390	1
2608	unclassified	0	0	0	0	183	1
2603	unclassified	0	0	0	0	1272	1
2610	unclassified	0	0	0	0	168	1
2607	unclassified	0	0	0	0	825	1
2609	unclassified	0	0	0	0	831	1
2604	cid|76594	76594	64	0	23	1578	1
2612	unclassified	0	0	0	0	390	1
2611	unclassified	0	0	0	0	510	1
2613	unclassified	0	0	0	0	258	1
2615	unclassified	0	0	0	0	330	1
2618	unclassified	0	0	0	0	291	1
2614	unclassified	0	0	0	0	756	1
2616	unclassified	0	0	0	0	618	1
2619	unclassified	0	0	0	0	225	1
2620	unclassified	0	0	0	0	246	1
2621	unclassified	0	0	0	0	174	1
2623	unclassified	0	0	0	0	123	1
2617	unclassified	0	0	0	0	879	1
2622	unclassified	0	0	0	0	249	1
2624	unclassified	0	0	0	0	207	1
2627	unclassified	0	0	0	0	252	1
2625	unclassified	0	0	0	0	318	1
2628	unclassified	0	0	0	0	321	1
2630	unclassified	0	0	0	0	162	1
2626	unclassified	0	0	0	0	540	1
2631	unclassified	0	0	0	0	264	1
2634	unclassified	0	0	0	0	297	1
2635	unclassified	0	0	0	0	126	1
2632	unclassified	0	0	0	0	624	1
2633	unclassified	0	0	0	0	648	1
2636	unclassified	0	0	0	0	351	1
2637	unclassified	0	0	0	0	396	1
2640	unclassified	0	0	0	0	102	1
2638	unclassified	0	0	0	0	357	1
2629	unclassified	0	0	0	0	1380	1
2642	unclassified	0	0	0	0	138	1
2641	unclassified	0	0	0	0	276	1
2644	unclassified	0	0	0	0	258	1
2645	unclassified	0	0	0	0	189	1
2639	unclassified	0	0	0	0	651	1
2643	unclassified	0	0	0	0	564	1
2649	unclassified	0	0	0	0	129	1
2647	unclassified	0	0	0	0	336	1
2648	unclassified	0	0	0	0	498	1
2646	unclassified	0	0	0	0	780	1
2651	unclassified	0	0	0	0	660	1
2653	unclassified	0	0	0	0	648	1
2650	unclassified	0	0	0	0	1350	1
2656	unclassified	0	0	0	0	129	1
2657	unclassified	0	0	0	0	135	1
2652	unclassified	0	0	0	0	1395	1
2654	unclassified	0	0	0	0	1074	1
2659	unclassified	0	0	0	0	291	1
2660	unclassified	0	0	0	0	339	1
2661	unclassified	0	0	0	0	483	1
2658	unclassified	0	0	0	0	1041	1
2655	unclassified	0	0	0	0	1629	1
2663	unclassified	0	0	0	0	657	1
2662	unclassified	0	0	0	0	1152	1
2664	unclassified	0	0	0	0	1053	1
2667	unclassified	0	0	0	0	810	1
2666	unclassified	0	0	0	0	1098	1
2670	unclassified	0	0	0	0	312	1
2665	unclassified	0	0	0	0	1968	1
2671	unclassified	0	0	0	0	279	1
2669	cid|28229	28229	64	0	23	744	1
2673	unclassified	0	0	0	0	147	1
2675	unclassified	0	0	0	0	108	1
2668	unclassified	0	0	0	0	1422	1
2672	unclassified	0	0	0	0	531	1
2677	unclassified	0	0	0	0	543	1
2678	unclassified	0	0	0	0	741	1
2674	unclassified	0	0	0	0	1305	1
2680	unclassified	0	0	0	0	255	1
2679	unclassified	0	0	0	0	660	1
2683	unclassified	0	0	0	0	246	1
2684	unclassified	0	0	0	0	618	1
2685	unclassified	0	0	0	0	177	1
2681	unclassified	0	0	0	0	1305	1
2686	unclassified	0	0	0	0	210	1
2688	unclassified	0	0	0	0	267	1
2676	cid|2265	2265	100	81	25	2292	1
2687	unclassified	0	0	0	0	654	1
2690	unclassified	0	0	0	0	306	1
2689	unclassified	0	0	0	0	438	1
2691	unclassified	0	0	0	0	303	1
2692	unclassified	0	0	0	0	369	1
2695	unclassified	0	0	0	0	192	1
2682	unclassified	0	0	0	0	2559	1
2696	unclassified	0	0	0	0	135	1
2693	unclassified	0	0	0	0	648	1
2694	unclassified	0	0	0	0	522	1
2697	unclassified	0	0	0	0	261	1
2699	NC_000008.11	9606	64	0	23	288	1
2700	unclassified	0	0	0	0	234	1
2698	unclassified	0	0	0	0	345	1
2701	unclassified	0	0	0	0	195	1
2704	unclassified	0	0	0	0	141	1
2702	unclassified	0	0	0	0	252	1
2703	unclassified	0	0	0	0	249	1
2706	unclassified	0	0	0	0	717	1
2707	unclassified	0	0	0	0	696	1
2709	unclassified	0	0	0	0	456	1
2705	unclassified	0	0	0	0	1266	1
2708	unclassified	0	0	0	0	1173	1
2710	cid|1410606	1410606	225	100	30	792	1
2712	unclassified	0	0	0	0	483	1
2713	unclassified	0	0	0	0	495	1
2711	unclassified	0	0	0	0	768	1
2716	unclassified	0	0	0	0	222	1
2718	unclassified	0	0	0	0	177	1
2714	unclassified	0	0	0	0	606	1
2717	unclassified	0	0	0	0	609	1
2715	unclassified	0	0	0	0	915	1
2719	unclassified	0	0	0	0	741	1
2720	unclassified	0	0	0	0	600	1
2724	unclassified	0	0	0	0	147	1
2721	unclassified	0	0	0	0	894	1
2723	unclassified	0	0	0	0	528	1
2725	unclassified	0	0	0	0	360	1
2722	unclassified	0	0	0	0	1008	1
2726	unclassified	0	0	0	0	354	1
2729	unclassified	0	0	0	0	78	1
2730	unclassified	0	0	0	0	201	1
2727	unclassified	0	0	0	0	600	1
2732	unclassified	0	0	0	0	213	1
2731	unclassified	0	0	0	0	603	1
2733	unclassified	0	0	0	0	618	1
2728	unclassified	0	0	0	0	1275	1
2735	unclassified	0	0	0	0	291	1
2734	unclassified	0	0	0	0	606	1
2739	unclassified	0	0	0	0	120	1
2738	unclassified	0	0	0	0	249	1
2740	unclassified	0	0	0	0	195	1
2736	unclassified	0	0	0	0	546	1
2742	unclassified	0	0	0	0	210	1
2741	unclassified	0	0	0	0	363	1
2743	unclassified	0	0	0	0	303	1
2744	unclassified	0	0	0	0	393	1
2745	unclassified	0	0	0	0	294	1
2746	unclassified	0	0	0	0	210	1
2748	unclassified	0	0	0	0	291	1
2747	unclassified	0	0	0	0	375	1
2749	unclassified	0	0	0	0	378	1
2752	unclassified	0	0	0	0	270	1
2751	unclassified	0	0	0	0	393	1
2750	unclassified	0	0	0	0	474	1
2753	unclassified	0	0	0	0	291	1
2754	unclassified	0	0	0	0	369	1
2757	unclassified	0	0	0	0	171	1
2755	unclassified	0	0	0	0	504	1
2737	cid|172045	172045	100	0	25	2157	1
2756	unclassified	0	0	0	0	405	1
2759	unclassified	0	0	0	0	285	1
2758	cid|40214	40214	64	0	23	297	1
2762	unclassified	0	0	0	0	294	1
2763	unclassified	0	0	0	0	312	1
2760	unclassified	0	0	0	0	597	1
2761	unclassified	0	0	0	0	930	1
2764	unclassified	0	0	0	0	666	1
2766	unclassified	0	0	0	0	756	1
2767	unclassified	0	0	0	0	405	1
2770	unclassified	0	0	0	0	264	1
2765	unclassified	0	0	0	0	1296	1
2768	unclassified	0	0	0	0	699	1
2769	unclassified	0	0	0	0	615	1
2774	unclassified	0	0	0	0	378	1
2771	unclassified	0	0	0	0	879	1
2775	unclassified	0	0	0	0	288	1
2776	unclassified	0	0	0	0	294	1
2772	cid|312279	312279	81	0	24	1050	1
2773	unclassified	0	0	0	0	1161	1
2777	unclassified	0	0	0	0	453	1
2778	unclassified	0	0	0	0	312	1
2781	cid|589873	589873	64	0	23	132	1
2780	unclassified	0	0	0	0	294	1
2782	unclassified	0	0	0	0	234	1
2779	unclassified	0	0	0	0	390	1
2785	unclassified	0	0	0	0	465	1
2783	unclassified	0	0	0	0	777	1
2784	unclassified	0	0	0	0	876	1
2786	unclassified	0	0	0	0	1077	1
2787	unclassified	0	0	0	0	1110	1
2788	unclassified	0	0	0	0	861	1
2789	unclassified	0	0	0	0	990	1
2790	unclassified	0	0	0	0	738	1
2792	unclassified	0	0	0	0	273	1
2793	unclassified	0	0	0	0	144	1
2794	unclassified	0	0	0	0	267	1
2795	unclassified	0	0	0	0	264	1
2791	unclassified	0	0	0	0	615	1
2798	unclassified	0	0	0	0	159	1
2799	unclassified	0	0	0	0	606	1
2797	unclassified	0	0	0	0	675	1
2802	unclassified	0	0	0	0	87	1
2801	unclassified	0	0	0	0	363	1
2803	unclassified	0	0	0	0	444	1
2800	cid|851	851	64	0	23	1191	1
2804	unclassified	0	0	0	0	402	1
2796	cid|1538	1538	144	144	27	1758	3
2796	cid|217159	217159	144	144	27	1758	3
2796	cid|84023	84023	144	144	27	1758	3
2808	unclassified	0	0	0	0	324	1
2809	unclassified	0	0	0	0	540	1
2805	unclassified	0	0	0	0	1455	1
2807	unclassified	0	0	0	0	1278	1
2811	unclassified	0	0	0	0	210	1
2812	unclassified	0	0	0	0	87	1
2806	unclassified	0	0	0	0	1473	1
2810	cid|1006	1006	81	0	24	579	1
2813	cid|153948	153948	100	0	25	417	1
2816	unclassified	0	0	0	0	303	1
2817	unclassified	0	0	0	0	195	1
2818	unclassified	0	0	0	0	387	1
2819	unclassified	0	0	0	0	462	1
2820	unclassified	0	0	0	0	213	1
2815	unclassified	0	0	0	0	1170	1
2814	unclassified	0	0	0	0	1371	1
2821	unclassified	0	0	0	0	321	1
2822	unclassified	0	0	0	0	246	1
2823	unclassified	0	0	0	0	267	1
2825	unclassified	0	0	0	0	204	1
2824	unclassified	0	0	0	0	336	1
2827	unclassified	0	0	0	0	189	1
2830	unclassified	0	0	0	0	192	1
2828	unclassified	0	0	0	0	312	1
2829	unclassified	0	0	0	0	225	1
2831	unclassified	0	0	0	0	384	1
2834	unclassified	0	0	0	0	186	1
2833	cid|28112	28112	64	0	23	537	1
2826	unclassified	0	0	0	0	1440	1
2832	unclassified	0	0	0	0	1074	1
2835	unclassified	0	0	0	0	561	1
2837	unclassified	0	0	0	0	459	1
2836	unclassified	0	0	0	0	990	1
2840	unclassified	0	0	0	0	408	1
2841	unclassified	0	0	0	0	363	1
2838	unclassified	0	0	0	0	933	1
2843	unclassified	0	0	0	0	126	1
2839	cid|45658	45658	64	64	23	849	3
2839	cid|574560	574560	64	64	23	849	3
2839	cid|291112	291112	64	64	23	849	3
2845	unclassified	0	0	0	0	120	1
2844	unclassified	0	0	0	0	327	1
2846	unclassified	0	0	0	0	381	1
2842	unclassified	0	0	0	0	687	1
2847	unclassified	0	0	0	0	357	1
2848	unclassified	0	0	0	0	237	1
2850	unclassified	0	0	0	0	186	1
2853	unclassified	0	0	0	0	558	1
2854	unclassified	0	0	0	0	147	1
2849	unclassified	0	0	0	0	969	1
2852	NC_000006.12	9606	361	0	34	918	1
2855	unclassified	0	0	0	0	219	1
2857	unclassified	0	0	0	0	183	1
2859	unclassified	0	0	0	0	147	1
2856	unclassified	0	0	0	0	378	1
2861	unclassified	0	0	0	0	153	1
2858	unclassified	0	0	0	0	471	1
2851	NC_000002.12	9606	400	0	35	1410	1
2863	unclassified	0	0	0	0	294	1
2862	unclassified	0	0	0	0	423	1
2860	unclassified	0	0	0	0	909	1
2865	unclassified	0	0	0	0	426	1
2864	unclassified	0	0	0	0	714	1
2868	unclassified	0	0	0	0	180	1
2866	unclassified	0	0	0	0	999	1
2869	unclassified	0	0	0	0	651	1
2871	unclassified	0	0	0	0	114	1
2872	unclassified	0	0	0	0	207	1
2867	cid|1428	1428	81	0	24	1029	1
2870	unclassified	0	0	0	0	891	1
2874	unclassified	0	0	0	0	162	1
2875	unclassified	0	0	0	0	261	1
2876	unclassified	0	0	0	0	249	1
2877	unclassified	0	0	0	0	348	1
2879	unclassified	0	0	0	0	252	1
2880	unclassified	0	0	0	0	147	1
2882	unclassified	0	0	0	0	126	1
2881	unclassified	0	0	0	0	303	1
2878	unclassified	0	0	0	0	636	1
2885	unclassified	0	0	0	0	351	1
2884	unclassified	0	0	0	0	369	1
2886	unclassified	0	0	0	0	303	1
2887	unclassified	0	0	0	0	279	1
2873	unclassified	0	0	0	0	1722	1
2888	unclassified	0	0	0	0	441	1
2889	unclassified	0	0	0	0	441	1
2883	cid|1306519	1306519	64	0	23	1632	1
2890	cid|755731	755731	100	0	25	831	1
2892	unclassified	0	0	0	0	933	1
2893	unclassified	0	0	0	0	843	1
2894	unclassified	0	0	0	0	861	1
2891	unclassified	0	0	0	0	1419	1
2896	unclassified	0	0	0	0	672	1
2895	unclassified	0	0	0	0	1134	1
2899	unclassified	0	0	0	0	324	1
2897	unclassified	0	0	0	0	846	1
2898	NC_000009.12	9606	81	0	24	933	1
2901	unclassified	0	0	0	0	162	1
2904	unclassified	0	0	0	0	135	1
2903	unclassified	0	0	0	0	189	1
2902	unclassified	0	0	0	0	471	1
2906	unclassified	0	0	0	0	267	1
2900	unclassified	0	0	0	0	957	1
2905	unclassified	0	0	0	0	621	1
2908	unclassified	0	0	0	0	582	1
2907	unclassified	0	0	0	0	831	1
2909	unclassified	0	0	0	0	582	1
2911	NC_028270.1	1557034	64	0	23	375	1
2912	unclassified	0	0	0	0	246	1
2914	unclassified	0	0	0	0	207	1
2910	unclassified	0	0	0	0	897	1
2913	unclassified	0	0	0	0	387	1
2918	unclassified	0	0	0	0	123	1
2916	unclassified	0	0	0	0	228	1
2915	unclassified	0	0	0	0	495	1
2917	unclassified	0	0	0	0	456	1
2920	unclassified	0	0	0	0	336	1
2919	unclassified	0	0	0	0	456	1
2921	unclassified	0	0	0	0	393	1
2925	unclassified	0	0	0	0	306	1
2924	unclassified	0	0	0	0	417	1
2922	unclassified	0	0	0	0	762	1
2926	unclassified	0	0	0	0	276	1
2928	unclassified	0	0	0	0	303	1
2927	unclassified	0	0	0	0	933	1
2929	unclassified	0	0	0	0	744	1
2930	unclassified	0	0	0	0	567	1
2923	unclassified	0	0	0	0	1623	1
2931	unclassified	0	0	0	0	516	1
2932	unclassified	0	0	0	0	1200	1
2933	unclassified	0	0	0	0	1329	1
2935	cid|228	228	64	64	23	1002	2
2935	cid|166935	166935	64	64	23	1002	2
2934	unclassified	0	0	0	0	1413	1
2937	unclassified	0	0	0	0	141	1
2936	cid|1410606	1410606	81	0	24	510	1
2940	unclassified	0	0	0	0	612	1
2942	unclassified	0	0	0	0	393	1
2938	unclassified	0	0	0	0	1143	1
2939	unclassified	0	0	0	0	1173	1
2941	unclassified	0	0	0	0	1023	1
2946	unclassified	0	0	0	0	504	1
2943	unclassified	0	0	0	0	729	1
2945	unclassified	0	0	0	0	720	1
2944	unclassified	0	0	0	0	750	1
2949	unclassified	0	0	0	0	336	1
2947	unclassified	0	0	0	0	471	1
2951	unclassified	0	0	0	0	300	1
2952	unclassified	0	0	0	0	330	1
2953	unclassified	0	0	0	0	225	1
2954	unclassified	0	0	0	0	183	1
2950	unclassified	0	0	0	0	843	1
2948	unclassified	0	0	0	0	1575	1
2956	unclassified	0	0	0	0	918	1
2957	unclassified	0	0	0	0	669	1
2958	unclassified	0	0	0	0	387	1
2959	cid|315405	315405	64	0	23	177	1
2962	unclassified	0	0	0	0	189	1
2955	unclassified	0	0	0	0	1431	1
2963	unclassified	0	0	0	0	147	1
2960	unclassified	0	0	0	0	552	1
2961	unclassified	0	0	0	0	816	1
2964	unclassified	0	0	0	0	579	1
2967	unclassified	0	0	0	0	222	1
2966	unclassified	0	0	0	0	525	1
2965	cid|330214	330214	81	0	24	801	1
2969	unclassified	0	0	0	0	288	1
2971	unclassified	0	0	0	0	501	1
2972	unclassified	0	0	0	0	405	1
2970	cid|2020	2020	100	0	25	558	1
2974	unclassified	0	0	0	0	318	1
2973	unclassified	0	0	0	0	450	1
2975	unclassified	0	0	0	0	357	1
2977	unclassified	0	0	0	0	177	1
2976	unclassified	0	0	0	0	384	1
2979	unclassified	0	0	0	0	99	1
2968	cid|413888	413888	64	64	23	1455	2
2968	cid|413889	413889	64	64	23	1455	2
2980	unclassified	0	0	0	0	246	1
2981	unclassified	0	0	0	0	312	1
2978	cid|1076	1076	81	0	24	669	1
2982	unclassified	0	0	0	0	396	1
2985	unclassified	0	0	0	0	159	1
2984	unclassified	0	0	0	0	429	1
2986	unclassified	0	0	0	0	192	1
2989	unclassified	0	0	0	0	123	1
2983	unclassified	0	0	0	0	627	1
2987	unclassified	0	0	0	0	249	1
2991	unclassified	0	0	0	0	156	1
2992	unclassified	0	0	0	0	288	1
2988	unclassified	0	0	0	0	606	1
2994	NC_000003.12	9606	64	0	23	114	1
2990	unclassified	0	0	0	0	702	1
2993	unclassified	0	0	0	0	600	1
2998	cid|511062	511062	81	0	24	126	1
2997	unclassified	0	0	0	0	465	1
2995	unclassified	0	0	0	0	777	1
2999	unclassified	0	0	0	0	450	1
3000	unclassified	0	0	0	0	276	1
3001	unclassified	0	0	0	0	474	1
2996	unclassified	0	0	0	0	1317	1
3004	unclassified	0	0	0	0	144	1
3006	unclassified	0	0	0	0	168	1
3002	unclassified	0	0	0	0	798	1
3005	unclassified	0	0	0	0	417	1
3008	unclassified	0	0	0	0	324	1
3007	unclassified	0	0	0	0	408	1
3009	unclassified	0	0	0	0	228	1
3010	unclassified	0	0	0	0	210	1
3003	NC_000008.11	9606	144	144	27	1554	2
3003	NC_000004.12	9606	144	144	27	1554	2
3013	unclassified	0	0	0	0	315	1
3015	unclassified	0	0	0	0	240	1
3014	unclassified	0	0	0	0	258	1
3012	unclassified	0	0	0	0	1347	1
3017	unclassified	0	0	0	0	729	1
3016	unclassified	0	0	0	0	807	1
3018	unclassified	0	0	0	0	621	1
3019	unclassified	0	0	0	0	612	1
3011	cid|1561	1561	64	0	23	1890	1
3020	unclassified	0	0	0	0	1002	1
3022	unclassified	0	0	0	0	789	1
3021	unclassified	0	0	0	0	1083	1
3023	unclassified	0	0	0	0	990	1
3024	unclassified	0	0	0	0	654	1
3026	unclassified	0	0	0	0	186	1
3025	unclassified	0	0	0	0	459	1
3029	unclassified	0	0	0	0	120	1
3028	cid|56426	56426	64	0	23	231	1
3031	unclassified	0	0	0	0	135	1
3033	unclassified	0	0	0	0	156	1
3030	unclassified	0	0	0	0	414	1
3035	unclassified	0	0	0	0	102	1
3032	unclassified	0	0	0	0	630	1
3027	unclassified	0	0	0	0	948	1
3034	unclassified	0	0	0	0	534	1
3037	unclassified	0	0	0	0	303	1
3038	unclassified	0	0	0	0	288	1
3036	unclassified	0	0	0	0	588	1
3042	unclassified	0	0	0	0	162	1
3041	unclassified	0	0	0	0	426	1
3039	cid|1624	1624	81	0	24	600	1
3043	unclassified	0	0	0	0	309	1
3046	unclassified	0	0	0	0	132	1
3045	unclassified	0	0	0	0	279	1
3044	unclassified	0	0	0	0	342	1
3040	unclassified	0	0	0	0	942	1
3047	unclassified	0	0	0	0	426	1
3049	unclassified	0	0	0	0	249	1
3052	unclassified	0	0	0	0	78	1
3051	unclassified	0	0	0	0	285	1
3050	unclassified	0	0	0	0	405	1
3053	unclassified	0	0	0	0	243	1
3048	unclassified	0	0	0	0	699	1
3057	unclassified	0	0	0	0	165	1
3056	unclassified	0	0	0	0	402	1
3055	unclassified	0	0	0	0	579	1
3054	cid|43080	43080	64	0	23	735	1
3059	unclassified	0	0	0	0	660	1
3062	unclassified	0	0	0	0	135	1
3063	unclassified	0	0	0	0	174	1
3064	unclassified	0	0	0	0	219	1
3061	unclassified	0	0	0	0	885	1
3058	cid|43080	43080	121	0	26	1239	1
3060	unclassified	0	0	0	0	1194	1
3067	unclassified	0	0	0	0	195	1
3066	NC_000020.11	9606	169	0	28	411	1
3069	unclassified	0	0	0	0	357	1
3070	unclassified	0	0	0	0	228	1
3065	unclassified	0	0	0	0	621	1
3073	unclassified	0	0	0	0	375	1
3074	unclassified	0	0	0	0	198	1
3075	unclassified	0	0	0	0	147	1
3071	unclassified	0	0	0	0	789	1
3068	NC_000008.11	9606	64	0	23	1308	1
3078	unclassified	0	0	0	0	159	1
3076	unclassified	0	0	0	0	207	1
3072	unclassified	0	0	0	0	1023	1
3077	unclassified	0	0	0	0	396	1
3080	unclassified	0	0	0	0	588	1
3081	unclassified	0	0	0	0	603	1
3084	unclassified	0	0	0	0	219	1
3083	unclassified	0	0	0	0	312	1
3082	cid|1230341	1230341	64	0	23	774	1
3079	unclassified	0	0	0	0	1158	1
3087	unclassified	0	0	0	0	273	1
3086	unclassified	0	0	0	0	414	1
3085	unclassified	0	0	0	0	573	1
3090	unclassified	0	0	0	0	114	1
3088	unclassified	0	0	0	0	375	1
3089	unclassified	0	0	0	0	324	1
3092	unclassified	0	0	0	0	417	1
3091	unclassified	0	0	0	0	762	1
3093	unclassified	0	0	0	0	762	1
3095	unclassified	0	0	0	0	474	1
3096	unclassified	0	0	0	0	510	1
3094	unclassified	0	0	0	0	1182	1
3097	cid|195	195	81	0	24	714	1
3100	unclassified	0	0	0	0	348	1
3102	unclassified	0	0	0	0	420	1
3101	unclassified	0	0	0	0	840	1
3099	unclassified	0	0	0	0	1440	1
3103	unclassified	0	0	0	0	750	1
3098	unclassified	0	0	0	0	2214	1
3104	unclassified	0	0	0	0	852	1
3107	unclassified	0	0	0	0	291	1
3106	unclassified	0	0	0	0	822	1
3108	unclassified	0	0	0	0	408	1
3105	unclassified	0	0	0	0	999	1
3111	unclassified	0	0	0	0	207	1
3109	unclassified	0	0	0	0	474	1
3112	unclassified	0	0	0	0	270	1
3113	unclassified	0	0	0	0	246	1
3110	unclassified	0	0	0	0	741	1
3114	unclassified	0	0	0	0	435	1
3115	unclassified	0	0	0	0	435	1
3118	unclassified	0	0	0	0	393	1
3116	unclassified	0	0	0	0	717	1
3117	unclassified	0	0	0	0	495	1
3119	unclassified	0	0	0	0	552	1
3120	unclassified	0	0	0	0	402	1
3121	unclassified	0	0	0	0	339	1
3123	unclassified	0	0	0	0	981	1
3125	unclassified	0	0	0	0	699	1
3124	unclassified	0	0	0	0	777	1
3122	unclassified	0	0	0	0	1104	1
3127	unclassified	0	0	0	0	609	1
3128	unclassified	0	0	0	0	984	1
3129	unclassified	0	0	0	0	1146	1
3126	unclassified	0	0	0	0	1350	1
3130	unclassified	0	0	0	0	1542	1
3132	unclassified	0	0	0	0	1029	1
3135	unclassified	0	0	0	0	381	1
3131	unclassified	0	0	0	0	1950	1
3136	unclassified	0	0	0	0	486	1
3133	cid|1639	1639	64	64	23	1821	2
3133	cid|1643	1643	64	64	23	1821	2
3138	unclassified	0	0	0	0	132	1
3139	unclassified	0	0	0	0	756	1
3137	unclassified	0	0	0	0	939	1
3134	unclassified	0	0	0	0	1842	1
3143	unclassified	0	0	0	0	198	1
3144	unclassified	0	0	0	0	162	1
3145	unclassified	0	0	0	0	369	1
3140	cid|1488	1488	144	121	27	1986	1
3142	unclassified	0	0	0	0	1656	1
3147	unclassified	0	0	0	0	108	1
3148	unclassified	0	0	0	0	354	1
3149	unclassified	0	0	0	0	411	1
3150	unclassified	0	0	0	0	363	1
3151	unclassified	0	0	0	0	234	1
3152	unclassified	0	0	0	0	207	1
3153	unclassified	0	0	0	0	252	1
3155	unclassified	0	0	0	0	96	1
3146	NC_000016.10	9606	64	0	23	2403	1
3141	cid|241425	241425	289	196	32	2874	1
3157	unclassified	0	0	0	0	402	1
3158	unclassified	0	0	0	0	207	1
3156	unclassified	0	0	0	0	978	1
3159	unclassified	0	0	0	0	216	1
3160	unclassified	0	0	0	0	165	1
3162	unclassified	0	0	0	0	204	1
3163	unclassified	0	0	0	0	519	1
3154	unclassified	0	0	0	0	1602	1
3165	unclassified	0	0	0	0	216	1
3161	unclassified	0	0	0	0	777	1
3168	unclassified	0	0	0	0	216	1
3167	unclassified	0	0	0	0	288	1
3164	unclassified	0	0	0	0	804	1
3169	unclassified	0	0	0	0	150	1
3170	unclassified	0	0	0	0	285	1
3166	NC_000001.11	9606	64	64	23	978	2
3166	NW_011332688.1	9606	64	64	23	978	2
3174	unclassified	0	0	0	0	114	1
3175	unclassified	0	0	0	0	330	1
3172	unclassified	0	0	0	0	1041	1
3173	unclassified	0	0	0	0	1023	1
3178	unclassified	0	0	0	0	90	1
3171	unclassified	0	0	0	0	1545	1
3176	NC_000013.11	9606	64	0	23	753	1
3180	unclassified	0	0	0	0	702	1
3177	unclassified	0	0	0	0	1149	1
3183	unclassified	0	0	0	0	123	1
3181	unclassified	0	0	0	0	813	1
3179	unclassified	0	0	0	0	1365	1
3185	unclassified	0	0	0	0	420	1
3187	unclassified	0	0	0	0	207	1
3188	unclassified	0	0	0	0	363	1
3182	unclassified	0	0	0	0	1857	1
3189	unclassified	0	0	0	0	447	1
3191	unclassified	0	0	0	0	165	1
3190	unclassified	0	0	0	0	255	1
3184	NC_000009.12	9606	529	64	38	1443	1
3186	unclassified	0	0	0	0	1695	1
3194	unclassified	0	0	0	0	111	1
3196	unclassified	0	0	0	0	246	1
3195	unclassified	0	0	0	0	363	1
3197	unclassified	0	0	0	0	183	1
3198	unclassified	0	0	0	0	456	1
3199	unclassified	0	0	0	0	558	1
3193	unclassified	0	0	0	0	1170	1
3202	unclassified	0	0	0	0	156	1
3192	unclassified	0	0	0	0	1419	1
3203	unclassified	0	0	0	0	339	1
3200	unclassified	0	0	0	0	882	1
3205	unclassified	0	0	0	0	195	1
3204	unclassified	0	0	0	0	501	1
3206	unclassified	0	0	0	0	219	1
3208	unclassified	0	0	0	0	288	1
3207	unclassified	0	0	0	0	333	1
3201	unclassified	0	0	0	0	1233	1
3209	unclassified	0	0	0	0	528	1
3212	unclassified	0	0	0	0	282	1
3210	unclassified	0	0	0	0	612	1
3213	unclassified	0	0	0	0	342	1
3215	unclassified	0	0	0	0	186	1
3217	unclassified	0	0	0	0	243	1
3216	unclassified	0	0	0	0	582	1
3214	NC_000002.12	9606	64	0	23	726	1
3211	unclassified	0	0	0	0	1548	1
3220	unclassified	0	0	0	0	261	1
3221	unclassified	0	0	0	0	165	1
3222	species	9606	169	0	28	279	1
3224	unclassified	0	0	0	0	396	1
3223	unclassified	0	0	0	0	798	1
3219	unclassified	0	0	0	0	1335	1
3227	cid|591154	591154	64	0	23	270	1
3218	NC_000008.11	9606	100	0	25	1893	1
3225	unclassified	0	0	0	0	546	1
3226	NC_000014.9	9606	64	0	23	432	1
3228	unclassified	0	0	0	0	336	1
3231	unclassified	0	0	0	0	354	1
3232	unclassified	0	0	0	0	222	1
3233	unclassified	0	0	0	0	114	1
3234	unclassified	0	0	0	0	363	1
3235	unclassified	0	0	0	0	291	1
3230	unclassified	0	0	0	0	900	1
3236	unclassified	0	0	0	0	285	1
3237	unclassified	0	0	0	0	384	1
3229	unclassified	0	0	0	0	1329	1
3238	NC_000010.11	9606	81	0	24	507	1
3240	unclassified	0	0	0	0	357	1
3241	NC_000023.11	9606	81	0	24	498	1
3244	unclassified	0	0	0	0	273	1
3243	unclassified	0	0	0	0	867	1
3239	unclassified	0	0	0	0	1368	1
3245	unclassified	0	0	0	0	282	1
3242	unclassified	0	0	0	0	960	1
3248	unclassified	0	0	0	0	213	1
3246	unclassified	0	0	0	0	366	1
3249	unclassified	0	0	0	0	228	1
3250	unclassified	0	0	0	0	222	1
3251	unclassified	0	0	0	0	312	1
3254	unclassified	0	0	0	0	261	1
3247	unclassified	0	0	0	0	939	1
3256	unclassified	0	0	0	0	330	1
3253	unclassified	0	0	0	0	804	1
3257	unclassified	0	0	0	0	108	1
3259	unclassified	0	0	0	0	228	1
3260	unclassified	0	0	0	0	252	1
3252	unclassified	0	0	0	0	1467	1
3258	unclassified	0	0	0	0	633	1
3255	unclassified	0	0	0	0	1110	1
3264	unclassified	0	0	0	0	144	1
3261	unclassified	0	0	0	0	420	1
3262	unclassified	0	0	0	0	420	1
3265	unclassified	0	0	0	0	231	1
3266	unclassified	0	0	0	0	186	1
3269	unclassified	0	0	0	0	189	1
3267	unclassified	0	0	0	0	651	1
3263	unclassified	0	0	0	0	1014	1
3271	unclassified	0	0	0	0	285	1
3273	unclassified	0	0	0	0	165	1
3272	unclassified	0	0	0	0	456	1
3270	cid|470	470	64	0	23	933	1
3276	unclassified	0	0	0	0	264	1
3268	unclassified	0	0	0	0	1506	1
3275	unclassified	0	0	0	0	618	1
3279	unclassified	0	0	0	0	150	1
3274	unclassified	0	0	0	0	969	1
3277	unclassified	0	0	0	0	687	1
3281	unclassified	0	0	0	0	801	1
3280	unclassified	0	0	0	0	888	1
3282	unclassified	0	0	0	0	825	1
3278	unclassified	0	0	0	0	1392	1
3286	unclassified	0	0	0	0	276	1
3285	unclassified	0	0	0	0	564	1
3287	unclassified	0	0	0	0	234	1
3284	unclassified	0	0	0	0	822	1
3283	unclassified	0	0	0	0	1230	1
3290	unclassified	0	0	0	0	369	1
3288	unclassified	0	0	0	0	630	1
3293	unclassified	0	0	0	0	267	1
3294	unclassified	0	0	0	0	174	1
3291	cid|128944	128944	64	0	23	642	1
3296	unclassified	0	0	0	0	102	1
3289	unclassified	0	0	0	0	1308	1
3298	unclassified	0	0	0	0	78	1
3297	unclassified	0	0	0	0	429	1
3299	unclassified	0	0	0	0	435	1
3300	unclassified	0	0	0	0	411	1
3292	unclassified	0	0	0	0	1494	1
3301	unclassified	0	0	0	0	288	1
3304	unclassified	0	0	0	0	231	1
3302	unclassified	0	0	0	0	360	1
3303	unclassified	0	0	0	0	414	1
3295	unclassified	0	0	0	0	1662	1
3306	unclassified	0	0	0	0	288	1
3305	unclassified	0	0	0	0	381	1
3307	unclassified	0	0	0	0	291	1
3311	unclassified	0	0	0	0	138	1
3310	unclassified	0	0	0	0	219	1
3309	unclassified	0	0	0	0	213	1
3314	unclassified	0	0	0	0	321	1
3312	unclassified	0	0	0	0	387	1
3315	unclassified	0	0	0	0	411	1
3313	unclassified	0	0	0	0	906	1
3308	unclassified	0	0	0	0	1290	1
3317	unclassified	0	0	0	0	549	1
3316	unclassified	0	0	0	0	1137	1
3320	unclassified	0	0	0	0	234	1
3319	unclassified	0	0	0	0	864	1
3321	unclassified	0	0	0	0	531	1
3324	unclassified	0	0	0	0	102	1
3323	unclassified	0	0	0	0	249	1
3318	unclassified	0	0	0	0	1839	1
3326	unclassified	0	0	0	0	696	1
3327	unclassified	0	0	0	0	192	1
3322	unclassified	0	0	0	0	1653	1
3330	unclassified	0	0	0	0	150	1
3329	unclassified	0	0	0	0	720	1
3331	unclassified	0	0	0	0	282	1
3325	unclassified	0	0	0	0	1587	1
3333	unclassified	0	0	0	0	246	1
3332	unclassified	0	0	0	0	453	1
3328	unclassified	0	0	0	0	1440	1
3337	unclassified	0	0	0	0	144	1
3334	cid|316	316	100	0	25	1002	1
3338	unclassified	0	0	0	0	645	1
3335	unclassified	0	0	0	0	1137	1
3339	unclassified	0	0	0	0	381	1
3336	unclassified	0	0	0	0	1146	1
3343	unclassified	0	0	0	0	162	1
3340	unclassified	0	0	0	0	444	1
3341	unclassified	0	0	0	0	411	1
3342	unclassified	0	0	0	0	741	1
3344	unclassified	0	0	0	0	573	1
3347	unclassified	0	0	0	0	369	1
3348	unclassified	0	0	0	0	387	1
3346	unclassified	0	0	0	0	777	1
3349	unclassified	0	0	0	0	174	1
3350	unclassified	0	0	0	0	300	1
3345	unclassified	0	0	0	0	1185	1
3351	unclassified	0	0	0	0	432	1
3352	unclassified	0	0	0	0	312	1
3354	unclassified	0	0	0	0	537	1
3356	unclassified	0	0	0	0	489	1
3353	unclassified	0	0	0	0	804	1
3358	unclassified	0	0	0	0	453	1
3357	unclassified	0	0	0	0	528	1
3360	unclassified	0	0	0	0	138	1
3359	unclassified	0	0	0	0	579	1
3362	unclassified	0	0	0	0	123	1
3361	unclassified	0	0	0	0	267	1
3355	unclassified	0	0	0	0	1512	1
3364	unclassified	0	0	0	0	351	1
3365	unclassified	0	0	0	0	342	1
3363	unclassified	0	0	0	0	501	1
3367	unclassified	0	0	0	0	303	1
3368	unclassified	0	0	0	0	327	1
3366	unclassified	0	0	0	0	441	1
3372	unclassified	0	0	0	0	63	1
3371	unclassified	0	0	0	0	111	1
3373	unclassified	0	0	0	0	243	1
3370	unclassified	0	0	0	0	435	1
3375	unclassified	0	0	0	0	219	1
3374	unclassified	0	0	0	0	681	1
3376	unclassified	0	0	0	0	432	1
3377	unclassified	0	0	0	0	321	1
3380	unclassified	0	0	0	0	186	1
3378	unclassified	0	0	0	0	501	1
3379	unclassified	0	0	0	0	501	1
3382	unclassified	0	0	0	0	234	1
3369	unclassified	0	0	0	0	1857	1
3383	unclassified	0	0	0	0	648	1
3384	unclassified	0	0	0	0	546	1
3385	unclassified	0	0	0	0	465	1
3386	unclassified	0	0	0	0	207	1
3381	NC_000003.12	9606	81	0	24	1410	1
3389	unclassified	0	0	0	0	285	1
3387	unclassified	0	0	0	0	567	1
3390	unclassified	0	0	0	0	390	1
3392	unclassified	0	0	0	0	405	1
3388	unclassified	0	0	0	0	954	1
3393	unclassified	0	0	0	0	309	1
3391	NC_000018.10	9606	81	0	24	579	1
3395	unclassified	0	0	0	0	711	1
3396	unclassified	0	0	0	0	729	1
3397	unclassified	0	0	0	0	471	1
3400	unclassified	0	0	0	0	264	1
3399	unclassified	0	0	0	0	477	1
3401	unclassified	0	0	0	0	186	1
3394	unclassified	0	0	0	0	1431	1
3403	unclassified	0	0	0	0	297	1
3402	unclassified	0	0	0	0	393	1
3405	unclassified	0	0	0	0	198	1
3406	unclassified	0	0	0	0	189	1
3398	unclassified	0	0	0	0	1284	1
3407	unclassified	0	0	0	0	231	1
3409	unclassified	0	0	0	0	201	1
3404	unclassified	0	0	0	0	825	1
3410	NC_000019.10	9606	144	0	27	276	1
3411	unclassified	0	0	0	0	816	1
3408	unclassified	0	0	0	0	1056	1
3413	unclassified	0	0	0	0	921	1
3412	unclassified	0	0	0	0	1248	1
3415	unclassified	0	0	0	0	576	1
3414	unclassified	0	0	0	0	864	1
3416	unclassified	0	0	0	0	621	1
3417	cid|376805	376805	100	0	25	462	1
3418	unclassified	0	0	0	0	456	1
3420	unclassified	0	0	0	0	591	1
3421	unclassified	0	0	0	0	585	1
3423	unclassified	0	0	0	0	204	1
3422	unclassified	0	0	0	0	1029	1
3419	unclassified	0	0	0	0	1431	1
3424	cid|44674	44674	196	0	29	981	1
3427	unclassified	0	0	0	0	345	1
3428	unclassified	0	0	0	0	111	1
3429	unclassified	0	0	0	0	315	1
3430	unclassified	0	0	0	0	816	1
3432	unclassified	0	0	0	0	306	1
3425	NC_000002.12	9606	144	144	27	1773	2
3425	NC_000020.11	9606	144	144	27	1773	2
3426	unclassified	0	0	0	0	1686	1
3435	unclassified	0	0	0	0	225	1
3434	unclassified	0	0	0	0	318	1
3431	unclassified	0	0	0	0	1254	1
3436	unclassified	0	0	0	0	192	1
3433	cid|43989	43989	64	0	23	582	1
3439	unclassified	0	0	0	0	183	1
3437	unclassified	0	0	0	0	387	1
3440	unclassified	0	0	0	0	177	1
3441	NC_000001.11	9606	64	0	23	942	1
3443	unclassified	0	0	0	0	1122	1
3438	unclassified	0	0	0	0	1518	1
3442	unclassified	0	0	0	0	1206	1
3444	unclassified	0	0	0	0	402	1
3445	unclassified	0	0	0	0	270	1
3447	unclassified	0	0	0	0	306	1
3448	unclassified	0	0	0	0	363	1
3446	unclassified	0	0	0	0	630	1
3449	unclassified	0	0	0	0	393	1
3451	unclassified	0	0	0	0	156	1
3450	unclassified	0	0	0	0	675	1
3455	unclassified	0	0	0	0	138	1
3452	NC_000012.12	9606	81	0	24	804	1
3453	cid|1736674	1736674	64	0	23	810	1
3457	unclassified	0	0	0	0	336	1
3458	unclassified	0	0	0	0	255	1
3459	unclassified	0	0	0	0	249	1
3460	unclassified	0	0	0	0	252	1
3454	NC_000015.10	9606	121	0	26	1341	1
3462	unclassified	0	0	0	0	369	1
3464	NC_000001.11	9606	64	0	23	105	1
3456	cid|398743	398743	64	64	23	1206	2
3456	cid|28199	28199	64	64	23	1206	2
3465	unclassified	0	0	0	0	183	1
3461	unclassified	0	0	0	0	1101	1
3466	cid|33002	33002	64	0	23	711	1
3463	unclassified	0	0	0	0	1059	1
3468	unclassified	0	0	0	0	519	1
3467	unclassified	0	0	0	0	966	1
3472	unclassified	0	0	0	0	363	1
3469	unclassified	0	0	0	0	786	1
3471	unclassified	0	0	0	0	537	1
3470	NC_027355.1	1129192	64	0	23	861	1
3474	unclassified	0	0	0	0	231	1
3475	unclassified	0	0	0	0	246	1
3477	unclassified	0	0	0	0	201	1
3478	unclassified	0	0	0	0	225	1
3479	unclassified	0	0	0	0	222	1
3481	unclassified	0	0	0	0	81	1
3480	unclassified	0	0	0	0	237	1
3473	unclassified	0	0	0	0	969	1
3476	unclassified	0	0	0	0	879	1
3482	unclassified	0	0	0	0	378	1
3484	NC_000023.11	9606	64	64	23	441	2
3484	NC_000010.11	9606	64	64	23	441	2
3486	unclassified	0	0	0	0	693	1
3483	NC_000010.11	9606	784	784	43	954	2
3483	NC_000001.11	9606	784	784	43	954	2
3485	unclassified	0	0	0	0	810	1
3487	unclassified	0	0	0	0	561	1
3490	unclassified	0	0	0	0	363	1
3492	unclassified	0	0	0	0	267	1
3491	unclassified	0	0	0	0	549	1
3488	unclassified	0	0	0	0	993	1
3489	unclassified	0	0	0	0	1005	1
3494	unclassified	0	0	0	0	408	1
3493	unclassified	0	0	0	0	543	1
3495	unclassified	0	0	0	0	234	1
3499	unclassified	0	0	0	0	402	1
3497	unclassified	0	0	0	0	879	1
3498	unclassified	0	0	0	0	876	1
3502	unclassified	0	0	0	0	183	1
3501	unclassified	0	0	0	0	288	1
3503	unclassified	0	0	0	0	108	1
3504	unclassified	0	0	0	0	480	1
3500	unclassified	0	0	0	0	1164	1
3505	unclassified	0	0	0	0	579	1
3496	cid|873	873	400	81	35	1689	1
3509	unclassified	0	0	0	0	297	1
3506	unclassified	0	0	0	0	510	1
3508	cid|1428	1428	64	0	23	465	1
3510	unclassified	0	0	0	0	213	1
3511	unclassified	0	0	0	0	582	1
3507	cid|389348	389348	81	0	24	897	1
3515	unclassified	0	0	0	0	798	1
3513	unclassified	0	0	0	0	1275	1
3516	unclassified	0	0	0	0	312	1
3512	unclassified	0	0	0	0	1692	1
3517	unclassified	0	0	0	0	510	1
3519	unclassified	0	0	0	0	534	1
3520	unclassified	0	0	0	0	867	1
3521	unclassified	0	0	0	0	621	1
3518	unclassified	0	0	0	0	1308	1
3522	unclassified	0	0	0	0	186	1
3523	unclassified	0	0	0	0	189	1
3526	unclassified	0	0	0	0	144	1
3524	unclassified	0	0	0	0	288	1
3527	unclassified	0	0	0	0	468	1
3528	unclassified	0	0	0	0	678	1
3525	unclassified	0	0	0	0	1032	1
3514	cid|1404	1404	121	0	26	3027	1
3532	unclassified	0	0	0	0	186	1
3533	unclassified	0	0	0	0	216	1
3534	unclassified	0	0	0	0	156	1
3529	unclassified	0	0	0	0	1182	1
3531	unclassified	0	0	0	0	1002	1
3535	unclassified	0	0	0	0	759	1
3530	NC_000023.11	9606	100	0	25	1641	1
3538	unclassified	0	0	0	0	519	1
3536	unclassified	0	0	0	0	1131	1
3537	unclassified	0	0	0	0	1116	1
3541	unclassified	0	0	0	0	204	1
3539	unclassified	0	0	0	0	501	1
3543	unclassified	0	0	0	0	150	1
3540	unclassified	0	0	0	0	663	1
3542	unclassified	0	0	0	0	465	1
3545	cid|185008	185008	64	0	23	915	1
3546	unclassified	0	0	0	0	747	1
3547	unclassified	0	0	0	0	927	1
3544	unclassified	0	0	0	0	1317	1
3548	unclassified	0	0	0	0	1014	1
3552	unclassified	0	0	0	0	180	1
3549	unclassified	0	0	0	0	1209	1
3553	cid|1647413	1647413	100	0	25	318	1
3555	unclassified	0	0	0	0	132	1
3550	unclassified	0	0	0	0	1449	1
3554	unclassified	0	0	0	0	558	1
3551	cid|1244	1244	64	0	23	1833	1
3556	cid|52766	52766	64	0	23	717	1
3557	unclassified	0	0	0	0	753	1
3558	unclassified	0	0	0	0	1275	1
3560	NC_000018.10	9606	64	0	23	834	1
3561	unclassified	0	0	0	0	1461	1
3562	unclassified	0	0	0	0	903	1
3564	unclassified	0	0	0	0	243	1
3565	unclassified	0	0	0	0	147	1
3566	unclassified	0	0	0	0	126	1
3559	unclassified	0	0	0	0	2145	1
3563	unclassified	0	0	0	0	1311	1
3568	unclassified	0	0	0	0	276	1
3567	unclassified	0	0	0	0	432	1
3572	unclassified	0	0	0	0	150	1
3570	unclassified	0	0	0	0	375	1
3571	unclassified	0	0	0	0	354	1
3574	unclassified	0	0	0	0	393	1
3573	unclassified	0	0	0	0	561	1
3569	unclassified	0	0	0	0	960	1
3575	unclassified	0	0	0	0	579	1
3579	unclassified	0	0	0	0	264	1
3576	cid|1349819	1349819	144	0	27	450	1
3578	unclassified	0	0	0	0	492	1
3580	unclassified	0	0	0	0	447	1
3577	unclassified	0	0	0	0	843	1
3581	unclassified	0	0	0	0	681	1
3584	cid|1580092	1580092	256	0	31	294	1
3585	unclassified	0	0	0	0	291	1
3582	unclassified	0	0	0	0	1218	1
3586	unclassified	0	0	0	0	603	1
3587	unclassified	0	0	0	0	372	1
3589	unclassified	0	0	0	0	183	1
3588	unclassified	0	0	0	0	309	1
3583	unclassified	0	0	0	0	1248	1
3590	unclassified	0	0	0	0	543	1
3591	unclassified	0	0	0	0	600	1
3593	unclassified	0	0	0	0	528	1
3592	unclassified	0	0	0	0	567	1
3596	unclassified	0	0	0	0	207	1
3594	unclassified	0	0	0	0	471	1
3598	unclassified	0	0	0	0	327	1
3599	unclassified	0	0	0	0	429	1
3600	unclassified	0	0	0	0	213	1
3601	unclassified	0	0	0	0	264	1
3595	unclassified	0	0	0	0	966	1
3603	unclassified	0	0	0	0	150	1
3597	unclassified	0	0	0	0	1044	1
3606	unclassified	0	0	0	0	72	1
3604	unclassified	0	0	0	0	222	1
3608	unclassified	0	0	0	0	105	1
3609	unclassified	0	0	0	0	315	1
3605	unclassified	0	0	0	0	642	1
3602	unclassified	0	0	0	0	942	1
3607	unclassified	0	0	0	0	921	1
3613	unclassified	0	0	0	0	231	1
3611	unclassified	0	0	0	0	702	1
3612	unclassified	0	0	0	0	726	1
3610	unclassified	0	0	0	0	951	1
3616	unclassified	0	0	0	0	204	1
3614	unclassified	0	0	0	0	594	1
3618	unclassified	0	0	0	0	258	1
3617	unclassified	0	0	0	0	417	1
3620	unclassified	0	0	0	0	183	1
3619	unclassified	0	0	0	0	501	1
3615	unclassified	0	0	0	0	1236	1
3621	unclassified	0	0	0	0	822	1
3622	cid|85874	85874	64	0	23	717	1
3623	unclassified	0	0	0	0	906	1
3627	unclassified	0	0	0	0	207	1
3626	unclassified	0	0	0	0	675	1
3624	unclassified	0	0	0	0	921	1
3628	unclassified	0	0	0	0	210	1
3625	cid|1041504	1041504	144	64	27	849	1
3630	unclassified	0	0	0	0	174	1
3629	unclassified	0	0	0	0	282	1
3632	unclassified	0	0	0	0	150	1
3635	unclassified	0	0	0	0	144	1
3634	unclassified	0	0	0	0	210	1
3637	unclassified	0	0	0	0	291	1
3631	unclassified	0	0	0	0	591	1
3636	unclassified	0	0	0	0	435	1
3639	unclassified	0	0	0	0	258	1
3633	cid|630	630	81	0	24	1137	1
3640	unclassified	0	0	0	0	498	1
3641	unclassified	0	0	0	0	684	1
3643	unclassified	0	0	0	0	342	1
3642	unclassified	0	0	0	0	513	1
3638	NC_000005.10	9606	64	0	23	1080	1
3646	unclassified	0	0	0	0	261	1
3644	unclassified	0	0	0	0	486	1
3645	unclassified	0	0	0	0	474	1
3647	unclassified	0	0	0	0	594	1
3649	unclassified	0	0	0	0	387	1
3650	unclassified	0	0	0	0	516	1
3651	unclassified	0	0	0	0	708	1
3652	unclassified	0	0	0	0	657	1
3654	unclassified	0	0	0	0	153	1
3655	unclassified	0	0	0	0	213	1
3648	cid|1428	1428	64	0	23	1557	1
3657	unclassified	0	0	0	0	192	1
3653	unclassified	0	0	0	0	936	1
3659	unclassified	0	0	0	0	255	1
3658	unclassified	0	0	0	0	354	1
3660	unclassified	0	0	0	0	1077	1
3662	unclassified	0	0	0	0	1020	1
3663	unclassified	0	0	0	0	261	1
3664	unclassified	0	0	0	0	309	1
3661	unclassified	0	0	0	0	1413	1
3656	unclassified	0	0	0	0	2181	1
3667	unclassified	0	0	0	0	216	1
3669	NC_000003.12	9606	144	0	27	741	1
3668	unclassified	0	0	0	0	837	1
3671	unclassified	0	0	0	0	177	1
3670	unclassified	0	0	0	0	339	1
3666	unclassified	0	0	0	0	1452	1
3665	unclassified	0	0	0	0	1917	1
3674	unclassified	0	0	0	0	285	1
3675	unclassified	0	0	0	0	627	1
3673	unclassified	0	0	0	0	921	1
3677	unclassified	0	0	0	0	240	1
3679	unclassified	0	0	0	0	153	1
3672	unclassified	0	0	0	0	1524	1
3678	unclassified	0	0	0	0	468	1
3676	unclassified	0	0	0	0	1101	1
3681	unclassified	0	0	0	0	249	1
3684	unclassified	0	0	0	0	165	1
3680	unclassified	0	0	0	0	435	1
3682	unclassified	0	0	0	0	447	1
3683	unclassified	0	0	0	0	504	1
3685	unclassified	0	0	0	0	519	1
3687	unclassified	0	0	0	0	507	1
3690	unclassified	0	0	0	0	123	1
3688	unclassified	0	0	0	0	657	1
3686	unclassified	0	0	0	0	960	1
3693	unclassified	0	0	0	0	222	1
3692	unclassified	0	0	0	0	402	1
3689	unclassified	0	0	0	0	1149	1
3691	unclassified	0	0	0	0	1095	1
3694	unclassified	0	0	0	0	849	1
3696	unclassified	0	0	0	0	390	1
3697	unclassified	0	0	0	0	288	1
3700	unclassified	0	0	0	0	387	1
3695	unclassified	0	0	0	0	1365	1
3698	unclassified	0	0	0	0	717	1
3701	unclassified	0	0	0	0	342	1
3699	cid|1273687	1273687	64	0	23	774	1
3703	unclassified	0	0	0	0	141	1
3702	unclassified	0	0	0	0	474	1
3704	unclassified	0	0	0	0	372	1
3707	unclassified	0	0	0	0	180	1
3706	unclassified	0	0	0	0	477	1
3709	unclassified	0	0	0	0	276	1
3708	unclassified	0	0	0	0	417	1
3710	unclassified	0	0	0	0	381	1
3711	unclassified	0	0	0	0	384	1
3705	cid|96230	96230	64	0	23	924	1
3715	unclassified	0	0	0	0	291	1
3714	unclassified	0	0	0	0	324	1
3716	unclassified	0	0	0	0	174	1
3717	unclassified	0	0	0	0	216	1
3718	unclassified	0	0	0	0	126	1
3712	cid|1410606	1410606	64	0	23	948	1
3720	unclassified	0	0	0	0	204	1
3721	unclassified	0	0	0	0	321	1
3722	unclassified	0	0	0	0	681	1
3723	unclassified	0	0	0	0	651	1
3725	unclassified	0	0	0	0	267	1
3719	unclassified	0	0	0	0	1476	1
3724	unclassified	0	0	0	0	921	1
3727	unclassified	0	0	0	0	417	1
3713	unclassified	0	0	0	0	2523	1
3728	unclassified	0	0	0	0	939	1
3726	unclassified	0	0	0	0	1356	1
3729	cid|1229909	1229909	64	0	23	1014	1
3731	unclassified	0	0	0	0	435	1
3733	unclassified	0	0	0	0	354	1
3732	unclassified	0	0	0	0	516	1
3734	unclassified	0	0	0	0	210	1
3736	NC_000005.10	9606	576	0	39	381	1
3730	cid|971279	971279	144	0	27	1692	1
3735	unclassified	0	0	0	0	654	1
3737	unclassified	0	0	0	0	576	1
3741	unclassified	0	0	0	0	378	1
3739	unclassified	0	0	0	0	525	1
3740	unclassified	0	0	0	0	588	1
3744	unclassified	0	0	0	0	345	1
3742	unclassified	0	0	0	0	570	1
3738	unclassified	0	0	0	0	1257	1
3746	unclassified	0	0	0	0	186	1
3743	unclassified	0	0	0	0	843	1
3747	unclassified	0	0	0	0	213	1
3745	unclassified	0	0	0	0	642	1
3750	unclassified	0	0	0	0	228	1
3748	unclassified	0	0	0	0	390	1
3752	unclassified	0	0	0	0	132	1
3749	unclassified	0	0	0	0	405	1
3753	unclassified	0	0	0	0	195	1
3751	unclassified	0	0	0	0	315	1
3757	unclassified	0	0	0	0	216	1
3754	cid|376805	376805	121	0	26	417	1
3756	unclassified	0	0	0	0	405	1
3758	unclassified	0	0	0	0	381	1
3760	unclassified	0	0	0	0	723	1
3761	unclassified	0	0	0	0	531	1
3762	unclassified	0	0	0	0	231	1
3763	unclassified	0	0	0	0	291	1
3759	unclassified	0	0	0	0	1377	1
3755	unclassified	0	0	0	0	1788	1
3766	unclassified	0	0	0	0	186	1
3765	unclassified	0	0	0	0	501	1
3764	unclassified	0	0	0	0	693	1
3768	unclassified	0	0	0	0	180	1
3769	unclassified	0	0	0	0	555	1
3767	unclassified	0	0	0	0	870	1
3771	NC_003225.3	342409	121	121	26	765	3
3771	NC_000016.10	9606	121	121	26	765	3
3771	cid|1492	1492	121	121	26	765	3
3772	cid|197162	197162	196	0	29	420	1
3773	unclassified	0	0	0	0	456	1
3774	unclassified	0	0	0	0	135	1
3777	unclassified	0	0	0	0	159	1
3770	unclassified	0	0	0	0	1395	1
3778	cid|61624	61624	1241	0	79	165	1
3776	unclassified	0	0	0	0	618	1
3775	unclassified	0	0	0	0	783	1
3781	unclassified	0	0	0	0	549	1
3780	unclassified	0	0	0	0	900	1
3784	unclassified	0	0	0	0	102	1
3783	NC_000021.9	9606	1849	289	58	204	1
3782	unclassified	0	0	0	0	984	1
3785	unclassified	0	0	0	0	279	1
3779	cid|61624	61624	225	0	51	1338	1
3789	unclassified	0	0	0	0	126	1
3788	cid|1547445	1547445	64	0	23	141	1
3790	unclassified	0	0	0	0	258	1
3787	unclassified	0	0	0	0	498	1
3786	unclassified	0	0	0	0	738	1
3791	unclassified	0	0	0	0	537	1
3793	unclassified	0	0	0	0	258	1
3794	unclassified	0	0	0	0	345	1
3796	unclassified	0	0	0	0	330	1
3792	cid|1186051	1186051	64	0	23	657	1
3797	unclassified	0	0	0	0	354	1
3798	unclassified	0	0	0	0	387	1
3795	unclassified	0	0	0	0	771	1
3800	unclassified	0	0	0	0	369	1
3802	unclassified	0	0	0	0	216	1
3799	unclassified	0	0	0	0	663	1
3803	unclassified	0	0	0	0	135	1
3804	unclassified	0	0	0	0	225	1
3801	unclassified	0	0	0	0	696	1
3806	unclassified	0	0	0	0	402	1
3805	unclassified	0	0	0	0	606	1
3808	unclassified	0	0	0	0	294	1
3807	unclassified	0	0	0	0	546	1
3810	unclassified	0	0	0	0	525	1
3812	unclassified	0	0	0	0	513	1
3813	unclassified	0	0	0	0	216	1
3815	unclassified	0	0	0	0	225	1
3814	unclassified	0	0	0	0	291	1
3811	unclassified	0	0	0	0	1005	1
3816	unclassified	0	0	0	0	447	1
3817	unclassified	0	0	0	0	645	1
3819	NC_000005.10	9606	64	0	23	261	1
3818	unclassified	0	0	0	0	642	1
3809	unclassified	0	0	0	0	1920	1
3820	unclassified	0	0	0	0	579	1
3821	unclassified	0	0	0	0	744	1
3823	unclassified	0	0	0	0	807	1
3822	unclassified	0	0	0	0	1035	1
3825	unclassified	0	0	0	0	249	1
3826	unclassified	0	0	0	0	402	1
3828	unclassified	0	0	0	0	408	1
3830	unclassified	0	0	0	0	327	1
3831	unclassified	0	0	0	0	231	1
3824	unclassified	0	0	0	0	1311	1
3833	unclassified	0	0	0	0	348	1
3829	cid|61648	61648	121	0	26	1098	1
3827	unclassified	0	0	0	0	1707	1
3834	unclassified	0	0	0	0	411	1
3835	unclassified	0	0	0	0	399	1
3832	unclassified	0	0	0	0	957	1
3836	unclassified	0	0	0	0	219	1
3839	unclassified	0	0	0	0	114	1
3841	unclassified	0	0	0	0	237	1
3840	unclassified	0	0	0	0	393	1
3837	unclassified	0	0	0	0	858	1
3838	unclassified	0	0	0	0	915	1
3844	unclassified	0	0	0	0	147	1
3843	unclassified	0	0	0	0	819	1
3847	unclassified	0	0	0	0	384	1
3848	unclassified	0	0	0	0	162	1
3842	unclassified	0	0	0	0	1644	1
3849	unclassified	0	0	0	0	432	1
3845	unclassified	0	0	0	0	1332	1
3850	unclassified	0	0	0	0	279	1
3851	unclassified	0	0	0	0	237	1
3852	NC_000005.10	9606	81	0	24	636	1
3846	unclassified	0	0	0	0	1965	1
3855	unclassified	0	0	0	0	195	1
3853	unclassified	0	0	0	0	1056	1
3856	unclassified	0	0	0	0	429	1
3854	unclassified	0	0	0	0	1257	1
3857	unclassified	0	0	0	0	909	1
3859	NC_000006.12	9606	289	289	32	753	5
3859	NC_000004.12	9606	289	289	32	753	5
3859	NC_000002.12	9606	289	289	32	753	5
3859	NC_000007.14	9606	289	289	32	753	5
3859	NC_000011.10	9606	289	289	32	753	5
3858	unclassified	0	0	0	0	1083	1
3861	unclassified	0	0	0	0	405	1
3860	unclassified	0	0	0	0	1110	1
3864	unclassified	0	0	0	0	453	1
3863	unclassified	0	0	0	0	1026	1
3862	unclassified	0	0	0	0	1296	1
3866	cid|39669	39669	64	0	23	717	1
3865	unclassified	0	0	0	0	1464	1
3869	unclassified	0	0	0	0	759	1
3870	unclassified	0	0	0	0	417	1
3867	unclassified	0	0	0	0	1338	1
3872	unclassified	0	0	0	0	537	1
3873	unclassified	0	0	0	0	372	1
3871	cid|446683	446683	64	0	23	1179	1
3868	cid|1712654	1712654	225	121	30	1818	1
3877	unclassified	0	0	0	0	426	1
3876	cid|214856	214856	64	64	23	726	3
3876	cid|337191	337191	64	64	23	726	3
3876	cid|274539	274539	64	64	23	726	3
3878	unclassified	0	0	0	0	294	1
3874	unclassified	0	0	0	0	1440	1
3880	unclassified	0	0	0	0	420	1
3879	unclassified	0	0	0	0	840	1
3881	unclassified	0	0	0	0	738	1
3875	unclassified	0	0	0	0	2202	1
3882	unclassified	0	0	0	0	669	1
3886	unclassified	0	0	0	0	306	1
3883	unclassified	0	0	0	0	849	1
3887	unclassified	0	0	0	0	282	1
3885	unclassified	0	0	0	0	822	1
3884	unclassified	0	0	0	0	1002	1
3890	unclassified	0	0	0	0	171	1
3891	unclassified	0	0	0	0	189	1
3888	unclassified	0	0	0	0	471	1
3892	unclassified	0	0	0	0	435	1
3889	unclassified	0	0	0	0	714	1
3893	unclassified	0	0	0	0	378	1
3896	unclassified	0	0	0	0	180	1
3897	unclassified	0	0	0	0	393	1
3894	unclassified	0	0	0	0	717	1
3895	cid|851	851	100	0	25	525	1
3898	unclassified	0	0	0	0	561	1
3899	unclassified	0	0	0	0	360	1
3900	unclassified	0	0	0	0	918	1
3903	unclassified	0	0	0	0	699	1
3901	unclassified	0	0	0	0	981	1
3902	unclassified	0	0	0	0	774	1
3906	unclassified	0	0	0	0	117	1
3905	unclassified	0	0	0	0	768	1
3907	unclassified	0	0	0	0	981	1
3909	unclassified	0	0	0	0	336	1
3908	unclassified	0	0	0	0	1098	1
3904	unclassified	0	0	0	0	1344	1
3912	unclassified	0	0	0	0	267	1
3910	unclassified	0	0	0	0	648	1
3911	unclassified	0	0	0	0	936	1
3915	unclassified	0	0	0	0	420	1
3916	unclassified	0	0	0	0	339	1
3913	unclassified	0	0	0	0	1341	1
3919	unclassified	0	0	0	0	126	1
3914	NC_000017.11	9606	64	0	23	1296	1
3918	unclassified	0	0	0	0	879	1
3917	unclassified	0	0	0	0	1281	1
3921	unclassified	0	0	0	0	801	1
3920	unclassified	0	0	0	0	1035	1
3923	unclassified	0	0	0	0	486	1
3926	unclassified	0	0	0	0	390	1
3925	unclassified	0	0	0	0	1047	1
3922	unclassified	0	0	0	0	1689	1
3924	cid|2317	2317	100	0	25	1515	1
3928	unclassified	0	0	0	0	462	1
3927	cid|1410606	1410606	100	0	25	1083	1
3929	unclassified	0	0	0	0	435	1
3933	unclassified	0	0	0	0	369	1
3932	unclassified	0	0	0	0	588	1
3930	unclassified	0	0	0	0	933	1
3934	unclassified	0	0	0	0	945	1
3931	unclassified	0	0	0	0	1590	1
3936	unclassified	0	0	0	0	1005	1
3935	unclassified	0	0	0	0	1350	1
3937	cid|1173027	1173027	64	0	23	804	1
3941	unclassified	0	0	0	0	150	1
3939	unclassified	0	0	0	0	654	1
3942	unclassified	0	0	0	0	294	1
3944	unclassified	0	0	0	0	261	1
3943	unclassified	0	0	0	0	420	1
3938	unclassified	0	0	0	0	1725	1
3940	unclassified	0	0	0	0	1296	1
3946	unclassified	0	0	0	0	585	1
3948	unclassified	0	0	0	0	597	1
3945	cid|1085624	1085624	64	0	23	1116	1
3949	unclassified	0	0	0	0	759	1
3952	unclassified	0	0	0	0	171	1
3953	unclassified	0	0	0	0	240	1
3947	unclassified	0	0	0	0	1449	1
3954	unclassified	0	0	0	0	171	1
3950	cid|379064	379064	196	0	29	792	1
3955	unclassified	0	0	0	0	249	1
3951	unclassified	0	0	0	0	1164	1
3956	unclassified	0	0	0	0	672	1
3957	unclassified	0	0	0	0	678	1
3959	unclassified	0	0	0	0	369	1
3958	unclassified	0	0	0	0	1293	1
3963	unclassified	0	0	0	0	366	1
3961	cid|1580092	1580092	196	0	29	1005	1
3960	unclassified	0	0	0	0	1398	1
3965	unclassified	0	0	0	0	429	1
3966	unclassified	0	0	0	0	309	1
3964	unclassified	0	0	0	0	858	1
3969	cid|490759	490759	64	0	23	513	1
3962	unclassified	0	0	0	0	2442	1
3968	unclassified	0	0	0	0	1257	1
3971	unclassified	0	0	0	0	621	1
3967	unclassified	0	0	0	0	1767	1
3972	cid|1281	1281	64	0	23	723	1
3970	unclassified	0	0	0	0	1173	1
3973	unclassified	0	0	0	0	504	1
3975	unclassified	0	0	0	0	516	1
3974	unclassified	0	0	0	0	960	1
3977	unclassified	0	0	0	0	822	1
3979	unclassified	0	0	0	0	336	1
3976	unclassified	0	0	0	0	1017	1
3978	unclassified	0	0	0	0	666	1
3982	unclassified	0	0	0	0	288	1
3980	unclassified	0	0	0	0	456	1
3985	unclassified	0	0	0	0	249	1
3983	cid|827	827	64	0	23	657	1
3984	unclassified	0	0	0	0	762	1
3981	unclassified	0	0	0	0	1455	1
3986	unclassified	0	0	0	0	1005	1
3990	unclassified	0	0	0	0	183	1
3987	cid|79329	79329	100	0	25	969	1
3988	unclassified	0	0	0	0	813	1
3989	unclassified	0	0	0	0	1170	1
3993	unclassified	0	0	0	0	771	1
3992	cid|29486	29486	81	0	24	915	1
3991	unclassified	0	0	0	0	1110	1
3994	unclassified	0	0	0	0	765	1
3996	NC_000005.10	9606	361	81	34	381	1
3995	NC_000011.10	9606	64	0	23	819	1
3998	unclassified	0	0	0	0	1068	1
4000	unclassified	0	0	0	0	1080	1
3999	unclassified	0	0	0	0	1092	1
3997	NC_000012.12	9606	196	196	29	1386	2
3997	NC_000006.12	9606	196	196	29	1386	2
4002	NC_000009.12	9606	64	0	23	873	1
4004	unclassified	0	0	0	0	1179	1
4005	unclassified	0	0	0	0	564	1
4007	unclassified	0	0	0	0	246	1
4003	unclassified	0	0	0	0	1851	1
4006	unclassified	0	0	0	0	801	1
4001	NC_000005.10	9606	81	0	24	2328	1
4010	unclassified	0	0	0	0	315	1
4009	unclassified	0	0	0	0	597	1
4013	unclassified	0	0	0	0	189	1
4014	unclassified	0	0	0	0	288	1
4015	unclassified	0	0	0	0	309	1
4008	unclassified	0	0	0	0	1746	1
4011	unclassified	0	0	0	0	1212	1
4016	unclassified	0	0	0	0	393	1
4018	NC_000004.12	9606	81	0	24	555	1
4012	cid|563177	563177	196	64	29	1677	1
4019	unclassified	0	0	0	0	678	1
4021	unclassified	0	0	0	0	306	1
4017	unclassified	0	0	0	0	1287	1
4023	unclassified	0	0	0	0	540	1
4020	cid|2296	2296	289	144	32	1425	1
4026	unclassified	0	0	0	0	279	1
4022	unclassified	0	0	0	0	1674	1
4025	unclassified	0	0	0	0	1062	1
4029	unclassified	0	0	0	0	132	1
4027	unclassified	0	0	0	0	618	1
4028	unclassified	0	0	0	0	822	1
4032	unclassified	0	0	0	0	228	1
4031	unclassified	0	0	0	0	888	1
4024	unclassified	0	0	0	0	2808	1
4030	unclassified	0	0	0	0	1437	1
4034	unclassified	0	0	0	0	282	1
4035	unclassified	0	0	0	0	138	1
4038	unclassified	0	0	0	0	771	1
4037	unclassified	0	0	0	0	1080	1
4039	unclassified	0	0	0	0	306	1
4036	unclassified	0	0	0	0	1182	1
4033	cid|1292	1292	81	81	24	2202	2
4033	cid|1520	1520	81	81	24	2202	2
4043	unclassified	0	0	0	0	162	1
4042	unclassified	0	0	0	0	627	1
4040	unclassified	0	0	0	0	1098	1
4041	unclassified	0	0	0	0	1371	1
4046	unclassified	0	0	0	0	276	1
4044	unclassified	0	0	0	0	897	1
4045	unclassified	0	0	0	0	954	1
4047	unclassified	0	0	0	0	627	1
4050	unclassified	0	0	0	0	438	1
4048	unclassified	0	0	0	0	690	1
4051	unclassified	0	0	0	0	399	1
4053	unclassified	0	0	0	0	348	1
4049	unclassified	0	0	0	0	1233	1
4055	unclassified	0	0	0	0	594	1
4052	unclassified	0	0	0	0	1269	1
4057	unclassified	0	0	0	0	264	1
4056	unclassified	0	0	0	0	891	1
4059	unclassified	0	0	0	0	588	1
4058	unclassified	0	0	0	0	1077	1
4054	unclassified	0	0	0	0	2136	1
4062	unclassified	0	0	0	0	294	1
4060	unclassified	0	0	0	0	1053	1
4063	unclassified	0	0	0	0	474	1
4064	unclassified	0	0	0	0	597	1
4065	unclassified	0	0	0	0	579	1
4061	unclassified	0	0	0	0	1416	1
4069	unclassified	0	0	0	0	267	1
4067	unclassified	0	0	0	0	639	1
4070	unclassified	0	0	0	0	432	1
4071	unclassified	0	0	0	0	621	1
4072	unclassified	0	0	0	0	474	1
4068	unclassified	0	0	0	0	1587	1
4066	unclassified	0	0	0	0	2160	1
4075	unclassified	0	0	0	0	411	1
4074	unclassified	0	0	0	0	729	1
4073	unclassified	0	0	0	0	1074	1
4077	unclassified	0	0	0	0	315	1
4078	unclassified	0	0	0	0	471	1
4076	unclassified	0	0	0	0	846	1
4080	unclassified	0	0	0	0	957	1
4079	unclassified	0	0	0	0	1038	1
4082	unclassified	0	0	0	0	861	1
4083	cid|1536774	1536774	64	0	23	567	1
4086	unclassified	0	0	0	0	129	1
4081	unclassified	0	0	0	0	1428	1
4085	cid|1206	1206	121	0	26	513	1
4087	unclassified	0	0	0	0	297	1
4088	unclassified	0	0	0	0	555	1
4084	unclassified	0	0	0	0	1398	1
4090	unclassified	0	0	0	0	564	1
4089	unclassified	0	0	0	0	666	1
4093	unclassified	0	0	0	0	168	1
4095	unclassified	0	0	0	0	225	1
4091	unclassified	0	0	0	0	696	1
4096	unclassified	0	0	0	0	615	1
4094	unclassified	0	0	0	0	867	1
4097	unclassified	0	0	0	0	528	1
4098	unclassified	0	0	0	0	144	1
4092	unclassified	0	0	0	0	1227	1
4101	unclassified	0	0	0	0	270	1
4102	unclassified	0	0	0	0	606	1
4103	unclassified	0	0	0	0	426	1
4099	unclassified	0	0	0	0	1197	1
4104	unclassified	0	0	0	0	594	1
4106	unclassified	0	0	0	0	438	1
4100	unclassified	0	0	0	0	1626	1
4107	unclassified	0	0	0	0	438	1
4108	unclassified	0	0	0	0	612	1
4105	unclassified	0	0	0	0	1434	1
4109	unclassified	0	0	0	0	720	1
4110	unclassified	0	0	0	0	828	1
4111	unclassified	0	0	0	0	855	1
4113	unclassified	0	0	0	0	822	1
4115	unclassified	0	0	0	0	492	1
4112	cid|324057	324057	81	0	24	1254	1
4116	unclassified	0	0	0	0	513	1
4114	unclassified	0	0	0	0	1227	1
4119	unclassified	0	0	0	0	213	1
4120	unclassified	0	0	0	0	417	1
4117	cid|1318	1318	81	0	24	1515	1
4118	unclassified	0	0	0	0	1542	1
4121	cid|252966	252966	100	0	25	1239	1
4122	unclassified	0	0	0	0	1131	1
4124	unclassified	0	0	0	0	345	1
4126	unclassified	0	0	0	0	327	1
4125	unclassified	0	0	0	0	465	1
4123	unclassified	0	0	0	0	609	1
4129	unclassified	0	0	0	0	258	1
4130	unclassified	0	0	0	0	510	1
4132	unclassified	0	0	0	0	540	1
4131	unclassified	0	0	0	0	765	1
4133	unclassified	0	0	0	0	297	1
4134	unclassified	0	0	0	0	585	1
4135	cid|210	210	64	64	23	1347	2
4135	cid|1336	1336	64	64	23	1347	2
4136	unclassified	0	0	0	0	1419	1
4128	unclassified	0	0	0	0	3330	1
4127	unclassified	0	0	0	0	3822	1
4138	unclassified	0	0	0	0	546	1
4139	unclassified	0	0	0	0	609	1
4137	unclassified	0	0	0	0	1065	1
4140	unclassified	0	0	0	0	417	1
4142	NC_000002.12	9606	64	0	23	876	1
4143	unclassified	0	0	0	0	1053	1
4141	unclassified	0	0	0	0	1482	1
4144	unclassified	0	0	0	0	1152	1
4148	unclassified	0	0	0	0	177	1
4147	unclassified	0	0	0	0	411	1
4150	NC_000003.12	9606	81	0	24	186	1
4146	unclassified	0	0	0	0	1263	1
4149	unclassified	0	0	0	0	1074	1
4152	unclassified	0	0	0	0	249	1
4151	unclassified	0	0	0	0	924	1
4153	unclassified	0	0	0	0	486	1
4145	NC_025351.1	1221391	81	0	24	2238	1
4154	unclassified	0	0	0	0	537	1
4156	unclassified	0	0	0	0	417	1
4155	unclassified	0	0	0	0	810	1
4157	unclassified	0	0	0	0	798	1
4159	unclassified	0	0	0	0	843	1
4158	unclassified	0	0	0	0	1038	1
4160	unclassified	0	0	0	0	828	1
4161	NC_012485.1	915426	64	0	23	849	1
4164	unclassified	0	0	0	0	885	1
4162	cid|732	732	64	0	23	1158	1
4166	unclassified	0	0	0	0	180	1
4163	unclassified	0	0	0	0	1233	1
4167	unclassified	0	0	0	0	261	1
4165	cid|1580092	1580092	100	0	25	885	1
4169	unclassified	0	0	0	0	270	1
4170	unclassified	0	0	0	0	324	1
4171	unclassified	0	0	0	0	426	1
4173	unclassified	0	0	0	0	393	1
4168	unclassified	0	0	0	0	903	1
4175	unclassified	0	0	0	0	129	1
4174	unclassified	0	0	0	0	522	1
4177	unclassified	0	0	0	0	294	1
4179	unclassified	0	0	0	0	165	1
4172	unclassified	0	0	0	0	1230	1
4181	unclassified	0	0	0	0	201	1
4178	unclassified	0	0	0	0	852	1
4182	unclassified	0	0	0	0	300	1
4184	unclassified	0	0	0	0	144	1
4180	NC_000004.12	9606	64	0	23	981	1
4176	unclassified	0	0	0	0	1926	1
4185	unclassified	0	0	0	0	852	1
4183	unclassified	0	0	0	0	1203	1
4187	unclassified	0	0	0	0	324	1
4189	unclassified	0	0	0	0	240	1
4188	unclassified	0	0	0	0	462	1
4186	unclassified	0	0	0	0	1254	1
4190	unclassified	0	0	0	0	504	1
4193	unclassified	0	0	0	0	210	1
4195	unclassified	0	0	0	0	177	1
4194	unclassified	0	0	0	0	453	1
4196	unclassified	0	0	0	0	168	1
4191	unclassified	0	0	0	0	1263	1
4192	unclassified	0	0	0	0	1071	1
4197	unclassified	0	0	0	0	492	1
4198	unclassified	0	0	0	0	495	1
4199	unclassified	0	0	0	0	195	1
4200	unclassified	0	0	0	0	270	1
4203	unclassified	0	0	0	0	300	1
4204	unclassified	0	0	0	0	213	1
4206	unclassified	0	0	0	0	357	1
4202	unclassified	0	0	0	0	867	1
4205	unclassified	0	0	0	0	498	1
4209	unclassified	0	0	0	0	165	1
4201	unclassified	0	0	0	0	1281	1
4207	unclassified	0	0	0	0	498	1
4208	unclassified	0	0	0	0	447	1
4213	unclassified	0	0	0	0	153	1
4210	unclassified	0	0	0	0	513	1
4211	unclassified	0	0	0	0	519	1
4212	unclassified	0	0	0	0	774	1
4215	unclassified	0	0	0	0	546	1
4217	unclassified	0	0	0	0	231	1
4216	unclassified	0	0	0	0	552	1
4220	unclassified	0	0	0	0	123	1
4219	unclassified	0	0	0	0	318	1
4214	cid|35795	35795	64	0	23	1266	1
4218	unclassified	0	0	0	0	843	1
4223	unclassified	0	0	0	0	228	1
4221	unclassified	0	0	0	0	933	1
4226	unclassified	0	0	0	0	249	1
4222	unclassified	0	0	0	0	1125	1
4224	unclassified	0	0	0	0	876	1
4227	unclassified	0	0	0	0	273	1
4229	unclassified	0	0	0	0	282	1
4230	unclassified	0	0	0	0	189	1
4225	unclassified	0	0	0	0	1044	1
4228	unclassified	0	0	0	0	393	1
4232	unclassified	0	0	0	0	231	1
4231	unclassified	0	0	0	0	342	1
4233	unclassified	0	0	0	0	366	1
4236	unclassified	0	0	0	0	180	1
4237	unclassified	0	0	0	0	186	1
4234	unclassified	0	0	0	0	570	1
4238	unclassified	0	0	0	0	117	1
4239	unclassified	0	0	0	0	129	1
4235	unclassified	0	0	0	0	570	1
4241	unclassified	0	0	0	0	261	1
4240	unclassified	0	0	0	0	321	1
4245	unclassified	0	0	0	0	420	1
4243	unclassified	0	0	0	0	618	1
4244	unclassified	0	0	0	0	597	1
4242	unclassified	0	0	0	0	837	1
4247	unclassified	0	0	0	0	306	1
4246	unclassified	0	0	0	0	705	1
4249	unclassified	0	0	0	0	801	1
4251	unclassified	0	0	0	0	528	1
4248	unclassified	0	0	0	0	1095	1
4250	unclassified	0	0	0	0	1047	1
4254	cid|1563	1563	64	0	23	267	1
4253	unclassified	0	0	0	0	423	1
4257	unclassified	0	0	0	0	123	1
4252	unclassified	0	0	0	0	912	1
4258	unclassified	0	0	0	0	201	1
4259	unclassified	0	0	0	0	201	1
4255	unclassified	0	0	0	0	906	1
4262	unclassified	0	0	0	0	117	1
4261	unclassified	0	0	0	0	384	1
4260	unclassified	0	0	0	0	615	1
4264	unclassified	0	0	0	0	297	1
4256	unclassified	0	0	0	0	1284	1
4265	unclassified	0	0	0	0	297	1
4263	NC_000004.12	9606	64	0	23	471	1
4268	unclassified	0	0	0	0	123	1
4266	unclassified	0	0	0	0	297	1
4267	unclassified	0	0	0	0	237	1
4272	unclassified	0	0	0	0	150	1
4270	unclassified	0	0	0	0	537	1
4271	unclassified	0	0	0	0	540	1
4269	unclassified	0	0	0	0	633	1
4273	unclassified	0	0	0	0	495	1
4275	unclassified	0	0	0	0	171	1
4276	unclassified	0	0	0	0	204	1
4274	unclassified	0	0	0	0	354	1
4279	unclassified	0	0	0	0	282	1
4277	unclassified	0	0	0	0	537	1
4281	unclassified	0	0	0	0	213	1
4278	unclassified	0	0	0	0	639	1
4284	unclassified	0	0	0	0	318	1
4280	unclassified	0	0	0	0	897	1
4282	NC_000021.9	9606	256	0	31	549	1
4286	unclassified	0	0	0	0	174	1
4283	unclassified	0	0	0	0	828	1
4287	unclassified	0	0	0	0	336	1
4289	unclassified	0	0	0	0	225	1
4290	unclassified	0	0	0	0	357	1
4288	unclassified	0	0	0	0	714	1
4285	unclassified	0	0	0	0	1032	1
4294	unclassified	0	0	0	0	183	1
4291	unclassified	0	0	0	0	546	1
4293	unclassified	0	0	0	0	402	1
4297	unclassified	0	0	0	0	159	1
4292	unclassified	0	0	0	0	885	1
4296	NC_000004.12	9606	64	0	23	489	1
4295	unclassified	0	0	0	0	609	1
4299	unclassified	0	0	0	0	237	1
4300	unclassified	0	0	0	0	243	1
4303	unclassified	0	0	0	0	213	1
4298	unclassified	0	0	0	0	744	1
4302	unclassified	0	0	0	0	468	1
4301	unclassified	0	0	0	0	633	1
4305	unclassified	0	0	0	0	207	1
4308	unclassified	0	0	0	0	195	1
4304	unclassified	0	0	0	0	543	1
4306	unclassified	0	0	0	0	402	1
4311	unclassified	0	0	0	0	135	1
4310	unclassified	0	0	0	0	390	1
4312	unclassified	0	0	0	0	243	1
4307	unclassified	0	0	0	0	1263	1
4315	unclassified	0	0	0	0	189	1
4316	unclassified	0	0	0	0	189	1
4313	unclassified	0	0	0	0	972	1
4314	unclassified	0	0	0	0	939	1
4309	unclassified	0	0	0	0	1695	1
4319	unclassified	0	0	0	0	372	1
4320	unclassified	0	0	0	0	111	1
4318	unclassified	0	0	0	0	462	1
4317	unclassified	0	0	0	0	603	1
4321	unclassified	0	0	0	0	324	1
4323	unclassified	0	0	0	0	264	1
4324	unclassified	0	0	0	0	228	1
4322	cid|2296	2296	64	0	23	471	1
4327	unclassified	0	0	0	0	261	1
4325	unclassified	0	0	0	0	399	1
4329	unclassified	0	0	0	0	171	1
4331	unclassified	0	0	0	0	174	1
4326	unclassified	0	0	0	0	981	1
4332	unclassified	0	0	0	0	492	1
4330	unclassified	0	0	0	0	837	1
4333	unclassified	0	0	0	0	234	1
4335	unclassified	0	0	0	0	288	1
4328	unclassified	0	0	0	0	1506	1
4334	unclassified	0	0	0	0	615	1
4339	unclassified	0	0	0	0	138	1
4340	unclassified	0	0	0	0	195	1
4341	unclassified	0	0	0	0	558	1
4338	unclassified	0	0	0	0	1068	1
4337	unclassified	0	0	0	0	1575	1
4342	unclassified	0	0	0	0	423	1
4343	unclassified	0	0	0	0	459	1
4336	unclassified	0	0	0	0	2199	1
4345	unclassified	0	0	0	0	579	1
4346	unclassified	0	0	0	0	435	1
4349	unclassified	0	0	0	0	141	1
4344	unclassified	0	0	0	0	930	1
4350	unclassified	0	0	0	0	255	1
4351	unclassified	0	0	0	0	255	1
4353	unclassified	0	0	0	0	180	1
4348	unclassified	0	0	0	0	1011	1
4352	unclassified	0	0	0	0	981	1
4347	unclassified	0	0	0	0	1674	1
4354	unclassified	0	0	0	0	1002	1
4355	unclassified	0	0	0	0	738	1
4357	unclassified	0	0	0	0	282	1
4358	unclassified	0	0	0	0	222	1
4359	unclassified	0	0	0	0	195	1
4360	unclassified	0	0	0	0	390	1
4356	unclassified	0	0	0	0	915	1
4363	unclassified	0	0	0	0	180	1
4361	unclassified	0	0	0	0	453	1
4364	unclassified	0	0	0	0	231	1
4362	unclassified	0	0	0	0	954	1
4367	unclassified	0	0	0	0	534	1
4366	cid|1408	1408	64	64	23	606	3
4366	cid|1566358	1566358	64	64	23	606	3
4366	cid|1536775	1536775	64	64	23	606	3
4369	unclassified	0	0	0	0	171	1
4368	unclassified	0	0	0	0	447	1
4370	unclassified	0	0	0	0	282	1
4365	unclassified	0	0	0	0	1302	1
4373	unclassified	0	0	0	0	534	1
4375	unclassified	0	0	0	0	174	1
4372	unclassified	0	0	0	0	945	1
4376	unclassified	0	0	0	0	294	1
4374	unclassified	0	0	0	0	939	1
4378	unclassified	0	0	0	0	348	1
4380	unclassified	0	0	0	0	117	1
4377	unclassified	0	0	0	0	699	1
4379	unclassified	0	0	0	0	408	1
4383	unclassified	0	0	0	0	258	1
4381	unclassified	0	0	0	0	747	1
4371	unclassified	0	0	0	0	2553	1
4382	unclassified	0	0	0	0	987	1
4384	unclassified	0	0	0	0	681	1
4386	unclassified	0	0	0	0	306	1
4388	unclassified	0	0	0	0	348	1
4385	unclassified	0	0	0	0	1128	1
4391	unclassified	0	0	0	0	123	1
4387	unclassified	0	0	0	0	843	1
4392	unclassified	0	0	0	0	150	1
4393	unclassified	0	0	0	0	162	1
4389	cid|111501	111501	81	0	24	1134	1
4395	unclassified	0	0	0	0	567	1
4394	unclassified	0	0	0	0	828	1
4396	unclassified	0	0	0	0	519	1
4390	unclassified	0	0	0	0	1824	1
4397	unclassified	0	0	0	0	894	1
4399	unclassified	0	0	0	0	564	1
4398	unclassified	0	0	0	0	948	1
4401	unclassified	0	0	0	0	399	1
4402	NC_000023.11	9606	81	0	24	552	1
4403	unclassified	0	0	0	0	921	1
4406	unclassified	0	0	0	0	168	1
4405	unclassified	0	0	0	0	660	1
4400	unclassified	0	0	0	0	1428	1
4404	unclassified	0	0	0	0	1374	1
4407	unclassified	0	0	0	0	591	1
4410	unclassified	0	0	0	0	150	1
4408	unclassified	0	0	0	0	573	1
4409	unclassified	0	0	0	0	651	1
4413	unclassified	0	0	0	0	231	1
4415	unclassified	0	0	0	0	141	1
4414	unclassified	0	0	0	0	573	1
4416	unclassified	0	0	0	0	360	1
4417	unclassified	0	0	0	0	255	1
4418	unclassified	0	0	0	0	261	1
4419	unclassified	0	0	0	0	132	1
4421	unclassified	0	0	0	0	231	1
4411	unclassified	0	0	0	0	1551	1
4423	unclassified	0	0	0	0	312	1
4422	unclassified	0	0	0	0	612	1
4412	unclassified	0	0	0	0	1926	1
4420	unclassified	0	0	0	0	918	1
4426	unclassified	0	0	0	0	591	1
4424	unclassified	0	0	0	0	810	1
4425	unclassified	0	0	0	0	729	1
4428	unclassified	0	0	0	0	585	1
4429	unclassified	0	0	0	0	603	1
4430	cid|553239	553239	64	0	23	618	1
4433	unclassified	0	0	0	0	672	1
4427	unclassified	0	0	0	0	2040	1
4434	unclassified	0	0	0	0	132	1
4435	unclassified	0	0	0	0	339	1
4432	cid|2208	2208	100	81	25	1332	1
4438	unclassified	0	0	0	0	459	1
4431	cid|33033	33033	121	121	26	1788	2
4431	cid|1736	1736	121	121	26	1788	2
4439	unclassified	0	0	0	0	264	1
4440	unclassified	0	0	0	0	114	1
4437	unclassified	0	0	0	0	1053	1
4441	unclassified	0	0	0	0	360	1
4442	unclassified	0	0	0	0	501	1
4436	unclassified	0	0	0	0	2124	1
4443	unclassified	0	0	0	0	1485	1
4445	unclassified	0	0	0	0	1269	1
4444	unclassified	0	0	0	0	1746	1
4446	unclassified	0	0	0	0	1194	1
4448	unclassified	0	0	0	0	474	1
4450	unclassified	0	0	0	0	249	1
4447	unclassified	0	0	0	0	1218	1
4453	unclassified	0	0	0	0	147	1
4452	unclassified	0	0	0	0	558	1
4454	unclassified	0	0	0	0	327	1
4455	unclassified	0	0	0	0	387	1
4449	unclassified	0	0	0	0	1440	1
4451	NC_000011.10	9606	64	0	23	1278	1
4456	unclassified	0	0	0	0	447	1
4458	unclassified	0	0	0	0	297	1
4460	unclassified	0	0	0	0	108	1
4459	unclassified	0	0	0	0	282	1
4461	unclassified	0	0	0	0	213	1
4463	unclassified	0	0	0	0	117	1
4465	unclassified	0	0	0	0	153	1
4464	unclassified	0	0	0	0	222	1
4457	unclassified	0	0	0	0	933	1
4466	unclassified	0	0	0	0	285	1
4467	unclassified	0	0	0	0	492	1
4469	unclassified	0	0	0	0	276	1
4462	unclassified	0	0	0	0	1104	1
4470	unclassified	0	0	0	0	372	1
4471	unclassified	0	0	0	0	327	1
4472	unclassified	0	0	0	0	195	1
4468	unclassified	0	0	0	0	804	1
4474	unclassified	0	0	0	0	291	1
4475	unclassified	0	0	0	0	225	1
4476	unclassified	0	0	0	0	267	1
4479	unclassified	0	0	0	0	180	1
4477	unclassified	0	0	0	0	318	1
4481	unclassified	0	0	0	0	174	1
4480	unclassified	0	0	0	0	195	1
4478	unclassified	0	0	0	0	813	1
4473	unclassified	0	0	0	0	1224	1
4484	unclassified	0	0	0	0	246	1
4483	cid|536018	536018	81	81	24	561	2
4483	cid|167964	167964	81	81	24	561	2
4482	genus	286	64	0	23	720	1
4487	unclassified	0	0	0	0	225	1
4486	unclassified	0	0	0	0	510	1
4485	unclassified	0	0	0	0	687	1
4489	unclassified	0	0	0	0	165	1
4492	unclassified	0	0	0	0	354	1
4491	unclassified	0	0	0	0	417	1
4493	unclassified	0	0	0	0	87	1
4490	unclassified	0	0	0	0	516	1
4488	unclassified	0	0	0	0	900	1
4495	unclassified	0	0	0	0	300	1
4496	unclassified	0	0	0	0	297	1
4497	unclassified	0	0	0	0	252	1
4498	unclassified	0	0	0	0	378	1
4494	cid|1561	1561	64	0	23	930	1
4499	unclassified	0	0	0	0	573	1
4500	unclassified	0	0	0	0	765	1
4503	unclassified	0	0	0	0	273	1
4501	unclassified	0	0	0	0	732	1
4502	unclassified	0	0	0	0	597	1
4504	unclassified	0	0	0	0	729	1
4505	unclassified	0	0	0	0	645	1
4506	unclassified	0	0	0	0	603	1
4509	unclassified	0	0	0	0	318	1
4510	unclassified	0	0	0	0	408	1
4508	unclassified	0	0	0	0	1347	1
4511	cid|2180	2180	64	0	23	1473	1
4512	unclassified	0	0	0	0	1365	1
4513	cid|499229	499229	81	0	24	753	1
4507	cid|2261	2261	144	100	27	2193	1
4516	unclassified	0	0	0	0	441	1
4515	unclassified	0	0	0	0	663	1
4517	unclassified	0	0	0	0	558	1
4514	unclassified	0	0	0	0	819	1
4520	unclassified	0	0	0	0	495	1
4518	unclassified	0	0	0	0	765	1
4521	unclassified	0	0	0	0	663	1
4524	unclassified	0	0	0	0	171	1
4522	unclassified	0	0	0	0	477	1
4525	unclassified	0	0	0	0	192	1
4523	unclassified	0	0	0	0	504	1
4519	unclassified	0	0	0	0	1278	1
4527	unclassified	0	0	0	0	333	1
4529	unclassified	0	0	0	0	273	1
4528	unclassified	0	0	0	0	633	1
4526	unclassified	0	0	0	0	942	1
4531	unclassified	0	0	0	0	1005	1
4532	unclassified	0	0	0	0	801	1
4535	unclassified	0	0	0	0	282	1
4534	unclassified	0	0	0	0	753	1
4533	unclassified	0	0	0	0	1407	1
4536	unclassified	0	0	0	0	519	1
4538	unclassified	0	0	0	0	171	1
4530	cid|51669	51669	64	0	23	2127	1
4537	unclassified	0	0	0	0	444	1
4540	unclassified	0	0	0	0	240	1
4543	unclassified	0	0	0	0	201	1
4541	unclassified	0	0	0	0	399	1
4542	unclassified	0	0	0	0	237	1
4544	unclassified	0	0	0	0	174	1
4545	unclassified	0	0	0	0	201	1
4539	unclassified	0	0	0	0	966	1
4548	unclassified	0	0	0	0	165	1
4547	unclassified	0	0	0	0	300	1
4546	unclassified	0	0	0	0	966	1
4550	unclassified	0	0	0	0	903	1
4553	unclassified	0	0	0	0	267	1
4551	unclassified	0	0	0	0	1287	1
4549	NC_000002.12	9606	121	0	26	1458	1
4554	unclassified	0	0	0	0	426	1
4552	unclassified	0	0	0	0	1239	1
4555	cid|542	542	64	64	23	444	2
4555	cid|672	672	64	64	23	444	2
4556	unclassified	0	0	0	0	555	1
4558	unclassified	0	0	0	0	303	1
4560	unclassified	0	0	0	0	162	1
4562	unclassified	0	0	0	0	156	1
4563	unclassified	0	0	0	0	138	1
4559	unclassified	0	0	0	0	753	1
4565	unclassified	0	0	0	0	258	1
4557	unclassified	0	0	0	0	1386	1
4564	unclassified	0	0	0	0	603	1
4566	unclassified	0	0	0	0	264	1
4568	unclassified	0	0	0	0	216	1
4567	unclassified	0	0	0	0	231	1
4569	unclassified	0	0	0	0	138	1
4561	unclassified	0	0	0	0	1329	1
4570	unclassified	0	0	0	0	426	1
4574	unclassified	0	0	0	0	228	1
4571	unclassified	0	0	0	0	723	1
4573	unclassified	0	0	0	0	786	1
4576	unclassified	0	0	0	0	309	1
4575	cid|244366	244366	290	64	54	486	1
4572	unclassified	0	0	0	0	1197	1
4580	unclassified	0	0	0	0	837	1
4578	cid|471223	471223	64	0	23	984	1
4579	cid|2285	2285	64	0	23	1020	1
4583	unclassified	0	0	0	0	192	1
4584	unclassified	0	0	0	0	165	1
4582	unclassified	0	0	0	0	384	1
4577	cid|28072	28072	100	0	25	1635	1
4581	unclassified	0	0	0	0	1023	1
4585	unclassified	0	0	0	0	420	1
4588	unclassified	0	0	0	0	192	1
4587	unclassified	0	0	0	0	444	1
4589	unclassified	0	0	0	0	408	1
4592	unclassified	0	0	0	0	261	1
4590	unclassified	0	0	0	0	648	1
4593	unclassified	0	0	0	0	240	1
4591	unclassified	0	0	0	0	1077	1
4595	NC_015253.1	857312	81	0	24	492	1
4586	unclassified	0	0	0	0	2001	1
4594	unclassified	0	0	0	0	981	1
4596	NC_000005.10	9606	64	0	23	441	1
4600	unclassified	0	0	0	0	342	1
4597	unclassified	0	0	0	0	726	1
4599	unclassified	0	0	0	0	405	1
4601	unclassified	0	0	0	0	240	1
4603	unclassified	0	0	0	0	234	1
4602	unclassified	0	0	0	0	246	1
4598	unclassified	0	0	0	0	807	1
4605	unclassified	0	0	0	0	258	1
4604	unclassified	0	0	0	0	399	1
4606	unclassified	0	0	0	0	501	1
4608	unclassified	0	0	0	0	270	1
4607	unclassified	0	0	0	0	441	1
4610	unclassified	0	0	0	0	660	1
4609	unclassified	0	0	0	0	921	1
4614	unclassified	0	0	0	0	252	1
4612	unclassified	0	0	0	0	1092	1
4615	unclassified	0	0	0	0	117	1
4613	unclassified	0	0	0	0	636	1
4616	unclassified	0	0	0	0	186	1
4619	unclassified	0	0	0	0	90	1
4611	unclassified	0	0	0	0	1683	1
4620	unclassified	0	0	0	0	654	1
4618	unclassified	0	0	0	0	1038	1
4621	unclassified	0	0	0	0	906	1
4624	unclassified	0	0	0	0	156	1
4617	unclassified	0	0	0	0	1584	1
4626	unclassified	0	0	0	0	222	1
4625	unclassified	0	0	0	0	315	1
4622	unclassified	0	0	0	0	984	1
4628	unclassified	0	0	0	0	180	1
4629	unclassified	0	0	0	0	402	1
4630	unclassified	0	0	0	0	501	1
4631	unclassified	0	0	0	0	420	1
4627	unclassified	0	0	0	0	888	1
4632	unclassified	0	0	0	0	564	1
4623	cid|403957	403957	64	0	23	1917	1
4634	unclassified	0	0	0	0	525	1
4637	unclassified	0	0	0	0	333	1
4636	unclassified	0	0	0	0	618	1
4635	unclassified	0	0	0	0	681	1
4633	unclassified	0	0	0	0	1026	1
4638	unclassified	0	0	0	0	306	1
4640	unclassified	0	0	0	0	672	1
4639	unclassified	0	0	0	0	954	1
4642	unclassified	0	0	0	0	1029	1
4641	unclassified	0	0	0	0	1287	1
4646	unclassified	0	0	0	0	285	1
4645	unclassified	0	0	0	0	471	1
4644	unclassified	0	0	0	0	951	1
4643	cid|234831	234831	81	0	24	1284	1
4650	unclassified	0	0	0	0	357	1
4647	unclassified	0	0	0	0	834	1
4651	unclassified	0	0	0	0	297	1
4653	unclassified	0	0	0	0	450	1
4648	cid|1785995	1785995	100	0	25	1401	1
4649	unclassified	0	0	0	0	1419	1
4652	unclassified	0	0	0	0	807	1
4655	unclassified	0	0	0	0	243	1
4656	unclassified	0	0	0	0	183	1
4658	unclassified	0	0	0	0	186	1
4654	unclassified	0	0	0	0	558	1
4659	unclassified	0	0	0	0	294	1
4661	unclassified	0	0	0	0	108	1
4657	unclassified	0	0	0	0	576	1
4663	unclassified	0	0	0	0	177	1
4660	unclassified	0	0	0	0	444	1
4664	unclassified	0	0	0	0	387	1
4666	unclassified	0	0	0	0	363	1
4668	unclassified	0	0	0	0	321	1
4667	unclassified	0	0	0	0	492	1
4662	unclassified	0	0	0	0	1185	1
4670	unclassified	0	0	0	0	273	1
4665	unclassified	0	0	0	0	1149	1
4669	unclassified	0	0	0	0	606	1
4671	unclassified	0	0	0	0	828	1
4672	unclassified	0	0	0	0	1407	1
4675	unclassified	0	0	0	0	765	1
4674	unclassified	0	0	0	0	1227	1
4673	unclassified	0	0	0	0	1488	1
4677	unclassified	0	0	0	0	150	1
4679	unclassified	0	0	0	0	294	1
4678	unclassified	0	0	0	0	465	1
4681	unclassified	0	0	0	0	150	1
4680	unclassified	0	0	0	0	633	1
4682	unclassified	0	0	0	0	420	1
4676	unclassified	0	0	0	0	987	1
4684	unclassified	0	0	0	0	246	1
4683	unclassified	0	0	0	0	981	1
4687	unclassified	0	0	0	0	888	1
4686	unclassified	0	0	0	0	987	1
4685	unclassified	0	0	0	0	1026	1
4689	unclassified	0	0	0	0	237	1
4690	unclassified	0	0	0	0	438	1
4691	unclassified	0	0	0	0	687	1
4688	unclassified	0	0	0	0	1206	1
4693	unclassified	0	0	0	0	672	1
4692	unclassified	0	0	0	0	909	1
4696	unclassified	0	0	0	0	132	1
4698	unclassified	0	0	0	0	246	1
4697	unclassified	0	0	0	0	441	1
4699	unclassified	0	0	0	0	141	1
4694	unclassified	0	0	0	0	921	1
4702	unclassified	0	0	0	0	180	1
4703	unclassified	0	0	0	0	183	1
4701	unclassified	0	0	0	0	681	1
4705	unclassified	0	0	0	0	273	1
4704	unclassified	0	0	0	0	666	1
4706	unclassified	0	0	0	0	255	1
4707	unclassified	0	0	0	0	243	1
4700	cid|1488	1488	100	0	25	1437	1
4708	unclassified	0	0	0	0	420	1
4709	unclassified	0	0	0	0	597	1
4695	cid|2210	2210	169	64	28	2352	1
4710	unclassified	0	0	0	0	600	1
4711	unclassified	0	0	0	0	429	1
4712	unclassified	0	0	0	0	255	1
4713	unclassified	0	0	0	0	396	1
4715	unclassified	0	0	0	0	240	1
4717	unclassified	0	0	0	0	177	1
4714	unclassified	0	0	0	0	519	1
4720	unclassified	0	0	0	0	336	1
4716	unclassified	0	0	0	0	738	1
4721	unclassified	0	0	0	0	216	1
4718	unclassified	0	0	0	0	963	1
4723	unclassified	0	0	0	0	318	1
4722	NC_000004.12	9606	64	0	23	474	1
4719	unclassified	0	0	0	0	1002	1
4726	unclassified	0	0	0	0	213	1
4724	unclassified	0	0	0	0	303	1
4727	unclassified	0	0	0	0	246	1
4728	unclassified	0	0	0	0	174	1
4729	unclassified	0	0	0	0	696	1
4731	unclassified	0	0	0	0	549	1
4725	unclassified	0	0	0	0	1020	1
4730	unclassified	0	0	0	0	798	1
4732	unclassified	0	0	0	0	267	1
4735	unclassified	0	0	0	0	225	1
4734	unclassified	0	0	0	0	468	1
4733	unclassified	0	0	0	0	723	1
4738	unclassified	0	0	0	0	330	1
4737	unclassified	0	0	0	0	552	1
4739	unclassified	0	0	0	0	258	1
4736	unclassified	0	0	0	0	975	1
4741	unclassified	0	0	0	0	435	1
4742	unclassified	0	0	0	0	363	1
4740	unclassified	0	0	0	0	732	1
4745	unclassified	0	0	0	0	201	1
4743	unclassified	0	0	0	0	435	1
4747	unclassified	0	0	0	0	144	1
4744	unclassified	0	0	0	0	420	1
4746	unclassified	0	0	0	0	408	1
4750	unclassified	0	0	0	0	420	1
4751	unclassified	0	0	0	0	219	1
4749	unclassified	0	0	0	0	588	1
4752	unclassified	0	0	0	0	309	1
4748	NC_000008.11	9606	64	64	23	915	2
4748	NC_000007.14	9606	64	64	23	915	2
4756	unclassified	0	0	0	0	174	1
4754	unclassified	0	0	0	0	894	1
4755	NC_000003.12	9606	100	0	25	885	1
4758	unclassified	0	0	0	0	201	1
4759	unclassified	0	0	0	0	363	1
4757	unclassified	0	0	0	0	828	1
4753	NC_000004.12	9606	81	0	24	1584	1
4760	unclassified	0	0	0	0	459	1
4761	unclassified	0	0	0	0	240	1
4765	unclassified	0	0	0	0	174	1
4764	unclassified	0	0	0	0	285	1
4767	unclassified	0	0	0	0	249	1
4766	unclassified	0	0	0	0	393	1
4768	unclassified	0	0	0	0	159	1
4769	cid|420950	420950	100	0	25	171	1
4770	unclassified	0	0	0	0	186	1
4762	NC_000009.12	9606	64	0	23	1080	1
4772	unclassified	0	0	0	0	138	1
4763	unclassified	0	0	0	0	1242	1
4774	unclassified	0	0	0	0	237	1
4771	unclassified	0	0	0	0	534	1
4776	unclassified	0	0	0	0	228	1
4775	unclassified	0	0	0	0	576	1
4773	unclassified	0	0	0	0	981	1
4778	unclassified	0	0	0	0	450	1
4777	unclassified	0	0	0	0	666	1
4781	unclassified	0	0	0	0	684	1
4782	unclassified	0	0	0	0	669	1
4779	unclassified	0	0	0	0	894	1
4780	unclassified	0	0	0	0	738	1
4783	unclassified	0	0	0	0	285	1
4786	unclassified	0	0	0	0	201	1
4784	unclassified	0	0	0	0	432	1
4787	unclassified	0	0	0	0	219	1
4790	unclassified	0	0	0	0	252	1
4791	unclassified	0	0	0	0	312	1
4792	unclassified	0	0	0	0	219	1
4793	unclassified	0	0	0	0	99	1
4789	unclassified	0	0	0	0	957	1
4785	unclassified	0	0	0	0	1428	1
4795	unclassified	0	0	0	0	126	1
4796	unclassified	0	0	0	0	183	1
4794	unclassified	0	0	0	0	315	1
4797	unclassified	0	0	0	0	174	1
4788	cid|60552	60552	64	0	23	1404	1
4798	unclassified	0	0	0	0	171	1
4801	unclassified	0	0	0	0	180	1
4803	unclassified	0	0	0	0	318	1
4802	unclassified	0	0	0	0	642	1
4799	NT_187545.1	9606	64	64	23	858	2
4799	NC_000004.12	9606	64	64	23	858	2
4805	unclassified	0	0	0	0	405	1
4806	NC_000005.10	9606	64	0	23	291	1
4800	unclassified	0	0	0	0	1230	1
4809	unclassified	0	0	0	0	195	1
4807	unclassified	0	0	0	0	321	1
4810	unclassified	0	0	0	0	144	1
4804	unclassified	0	0	0	0	1815	1
4808	unclassified	0	0	0	0	1305	1
4811	cid|1639	1639	64	0	23	1020	1
4814	unclassified	0	0	0	0	231	1
4812	unclassified	0	0	0	0	1476	1
4817	unclassified	0	0	0	0	321	1
4813	unclassified	0	0	0	0	1011	1
4815	NC_000020.11	9606	64	0	23	936	1
4816	unclassified	0	0	0	0	987	1
4818	unclassified	0	0	0	0	459	1
4819	unclassified	0	0	0	0	405	1
4821	unclassified	0	0	0	0	438	1
4820	unclassified	0	0	0	0	654	1
4823	unclassified	0	0	0	0	228	1
4826	unclassified	0	0	0	0	141	1
4827	unclassified	0	0	0	0	96	1
4824	unclassified	0	0	0	0	366	1
4825	unclassified	0	0	0	0	528	1
4830	unclassified	0	0	0	0	198	1
4829	unclassified	0	0	0	0	567	1
4831	unclassified	0	0	0	0	225	1
4822	NC_000004.12	9606	64	0	23	1380	1
4828	unclassified	0	0	0	0	744	1
4832	unclassified	0	0	0	0	174	1
4834	unclassified	0	0	0	0	276	1
4835	unclassified	0	0	0	0	243	1
4838	unclassified	0	0	0	0	180	1
4836	unclassified	0	0	0	0	495	1
4839	unclassified	0	0	0	0	228	1
4837	unclassified	0	0	0	0	483	1
4833	unclassified	0	0	0	0	792	1
4840	NC_000002.12	9606	121	0	26	336	1
4842	unclassified	0	0	0	0	207	1
4841	unclassified	0	0	0	0	453	1
4843	unclassified	0	0	0	0	402	1
4845	unclassified	0	0	0	0	255	1
4844	unclassified	0	0	0	0	402	1
4849	unclassified	0	0	0	0	150	1
4846	cid|391036	391036	64	0	23	357	1
4847	unclassified	0	0	0	0	516	1
4851	unclassified	0	0	0	0	177	1
4848	unclassified	0	0	0	0	627	1
4850	unclassified	0	0	0	0	357	1
4852	unclassified	0	0	0	0	285	1
4853	unclassified	0	0	0	0	285	1
4855	unclassified	0	0	0	0	312	1
4854	unclassified	0	0	0	0	405	1
4857	unclassified	0	0	0	0	354	1
4860	unclassified	0	0	0	0	171	1
4858	unclassified	0	0	0	0	369	1
4859	unclassified	0	0	0	0	339	1
4856	unclassified	0	0	0	0	789	1
4861	unclassified	0	0	0	0	348	1
4864	unclassified	0	0	0	0	144	1
4863	unclassified	0	0	0	0	630	1
4862	unclassified	0	0	0	0	648	1
4866	unclassified	0	0	0	0	699	1
4868	unclassified	0	0	0	0	399	1
4867	unclassified	0	0	0	0	531	1
4865	unclassified	0	0	0	0	927	1
4870	unclassified	0	0	0	0	237	1
4872	unclassified	0	0	0	0	141	1
4869	unclassified	0	0	0	0	417	1
4871	unclassified	0	0	0	0	330	1
4874	unclassified	0	0	0	0	483	1
4875	cid|319938	319938	81	0	24	519	1
4876	unclassified	0	0	0	0	486	1
4873	unclassified	0	0	0	0	711	1
4877	unclassified	0	0	0	0	252	1
4880	unclassified	0	0	0	0	183	1
4878	unclassified	0	0	0	0	609	1
4881	unclassified	0	0	0	0	486	1
4884	unclassified	0	0	0	0	186	1
4882	unclassified	0	0	0	0	627	1
4879	unclassified	0	0	0	0	1173	1
4886	unclassified	0	0	0	0	405	1
4885	unclassified	0	0	0	0	447	1
4887	unclassified	0	0	0	0	180	1
4883	unclassified	0	0	0	0	822	1
4889	unclassified	0	0	0	0	330	1
4888	unclassified	0	0	0	0	363	1
4891	unclassified	0	0	0	0	363	1
4893	unclassified	0	0	0	0	204	1
4895	unclassified	0	0	0	0	252	1
4892	cid|1618207	1618207	81	64	24	492	1
4896	unclassified	0	0	0	0	264	1
4894	unclassified	0	0	0	0	531	1
4897	unclassified	0	0	0	0	186	1
4890	unclassified	0	0	0	0	1062	1
4900	unclassified	0	0	0	0	588	1
4901	unclassified	0	0	0	0	573	1
4899	unclassified	0	0	0	0	651	1
4898	unclassified	0	0	0	0	813	1
4903	unclassified	0	0	0	0	138	1
4905	unclassified	0	0	0	0	171	1
4902	species	9606	81	0	24	306	1
4904	unclassified	0	0	0	0	441	1
4907	unclassified	0	0	0	0	201	1
4908	unclassified	0	0	0	0	486	1
4910	unclassified	0	0	0	0	450	1
4912	unclassified	0	0	0	0	120	1
4906	unclassified	0	0	0	0	942	1
4911	unclassified	0	0	0	0	279	1
4913	unclassified	0	0	0	0	270	1
4914	unclassified	0	0	0	0	366	1
4915	unclassified	0	0	0	0	387	1
4916	unclassified	0	0	0	0	222	1
4917	unclassified	0	0	0	0	240	1
4919	unclassified	0	0	0	0	237	1
4918	unclassified	0	0	0	0	297	1
4921	unclassified	0	0	0	0	165	1
4922	unclassified	0	0	0	0	207	1
4909	cid|1274631	1274631	121	0	26	1611	1
4920	unclassified	0	0	0	0	702	1
4924	unclassified	0	0	0	0	528	1
4926	unclassified	0	0	0	0	246	1
4928	unclassified	0	0	0	0	246	1
4927	unclassified	0	0	0	0	339	1
4925	unclassified	0	0	0	0	1056	1
4929	unclassified	0	0	0	0	426	1
4930	NC_000021.9	9606	81	0	24	411	1
4923	unclassified	0	0	0	0	1404	1
4931	unclassified	0	0	0	0	399	1
4932	unclassified	0	0	0	0	465	1
4934	unclassified	0	0	0	0	387	1
4937	unclassified	0	0	0	0	480	1
4933	unclassified	0	0	0	0	1074	1
4935	unclassified	0	0	0	0	957	1
4938	unclassified	0	0	0	0	462	1
4939	unclassified	0	0	0	0	501	1
4936	unclassified	0	0	0	0	1485	1
4941	unclassified	0	0	0	0	612	1
4943	unclassified	0	0	0	0	471	1
4940	unclassified	0	0	0	0	1122	1
4942	unclassified	0	0	0	0	786	1
4944	unclassified	0	0	0	0	507	1
4948	unclassified	0	0	0	0	93	1
4947	unclassified	0	0	0	0	306	1
4946	unclassified	0	0	0	0	423	1
4945	unclassified	0	0	0	0	504	1
4949	unclassified	0	0	0	0	492	1
4950	unclassified	0	0	0	0	492	1
4953	unclassified	0	0	0	0	366	1
4952	unclassified	0	0	0	0	549	1
4951	unclassified	0	0	0	0	741	1
4954	unclassified	0	0	0	0	447	1
4958	unclassified	0	0	0	0	126	1
4957	unclassified	0	0	0	0	279	1
4955	unclassified	0	0	0	0	546	1
4960	unclassified	0	0	0	0	258	1
4961	unclassified	0	0	0	0	222	1
4963	unclassified	0	0	0	0	156	1
4959	unclassified	0	0	0	0	669	1
4964	unclassified	0	0	0	0	216	1
4962	unclassified	0	0	0	0	660	1
4956	cid|1379870	1379870	121	121	26	1557	2
4956	cid|1492898	1492898	121	121	26	1557	2
4967	unclassified	0	0	0	0	480	1
4965	unclassified	0	0	0	0	1161	1
4970	unclassified	0	0	0	0	198	1
4969	unclassified	0	0	0	0	777	1
4966	unclassified	0	0	0	0	1827	1
4968	cid|1648923	1648923	64	0	23	1251	1
4971	unclassified	0	0	0	0	1251	1
4972	unclassified	0	0	0	0	945	1
4976	unclassified	0	0	0	0	231	1
4973	NC_000014.9	9606	64	0	23	981	1
4975	unclassified	0	0	0	0	390	1
4979	unclassified	0	0	0	0	210	1
4980	unclassified	0	0	0	0	345	1
4977	unclassified	0	0	0	0	636	1
4981	unclassified	0	0	0	0	147	1
4982	unclassified	0	0	0	0	165	1
4974	unclassified	0	0	0	0	1524	1
4983	unclassified	0	0	0	0	231	1
4985	unclassified	0	0	0	0	183	1
4978	unclassified	0	0	0	0	1134	1
4984	unclassified	0	0	0	0	519	1
4986	unclassified	0	0	0	0	369	1
4988	unclassified	0	0	0	0	174	1
4989	unclassified	0	0	0	0	174	1
4991	unclassified	0	0	0	0	96	1
4987	cid|413501	413501	81	0	24	465	1
4992	unclassified	0	0	0	0	147	1
4990	unclassified	0	0	0	0	378	1
4994	unclassified	0	0	0	0	657	1
4993	unclassified	0	0	0	0	930	1
4995	cid|84378	84378	64	0	23	876	1
4999	unclassified	0	0	0	0	303	1
4996	unclassified	0	0	0	0	1557	1
5000	unclassified	0	0	0	0	534	1
5001	unclassified	0	0	0	0	504	1
4998	cid|137591	137591	64	0	23	1806	1
4997	cid|1580092	1580092	225	0	30	2109	1
5002	cid|217159	217159	100	100	25	1296	2
5002	cid|591197	591197	100	100	25	1296	2
5003	unclassified	0	0	0	0	1161	1
5005	cid|210	210	144	0	27	516	1
5004	unclassified	0	0	0	0	633	1
5009	unclassified	0	0	0	0	765	1
5006	unclassified	0	0	0	0	1239	1
5007	unclassified	0	0	0	0	1323	1
5008	unclassified	0	0	0	0	1413	1
5012	unclassified	0	0	0	0	432	1
5011	unclassified	0	0	0	0	486	1
5013	unclassified	0	0	0	0	342	1
5010	unclassified	0	0	0	0	1137	1
5015	unclassified	0	0	0	0	777	1
5016	unclassified	0	0	0	0	852	1
5014	unclassified	0	0	0	0	1248	1
5017	unclassified	0	0	0	0	993	1
5018	unclassified	0	0	0	0	789	1
5019	cid|1314	1314	81	0	24	1095	1
5020	unclassified	0	0	0	0	1008	1
5022	unclassified	0	0	0	0	870	1
5023	unclassified	0	0	0	0	600	1
5025	unclassified	0	0	0	0	339	1
5027	unclassified	0	0	0	0	282	1
5021	cid|29546	29546	100	81	25	1749	1
5024	unclassified	0	0	0	0	1353	1
5026	unclassified	0	0	0	0	1158	1
5030	unclassified	0	0	0	0	336	1
5029	unclassified	0	0	0	0	843	1
5032	unclassified	0	0	0	0	426	1
5028	unclassified	0	0	0	0	1443	1
5033	unclassified	0	0	0	0	498	1
5034	unclassified	0	0	0	0	711	1
5035	unclassified	0	0	0	0	690	1
5036	unclassified	0	0	0	0	729	1
5037	unclassified	0	0	0	0	396	1
5031	cid|1603555	1603555	144	0	27	1575	1
5041	unclassified	0	0	0	0	387	1
5040	unclassified	0	0	0	0	741	1
5039	unclassified	0	0	0	0	921	1
5038	unclassified	0	0	0	0	1125	1
5042	unclassified	0	0	0	0	828	1
5043	unclassified	0	0	0	0	738	1
5045	unclassified	0	0	0	0	690	1
5044	unclassified	0	0	0	0	837	1
5047	unclassified	0	0	0	0	351	1
5046	unclassified	0	0	0	0	660	1
5048	unclassified	0	0	0	0	480	1
5052	unclassified	0	0	0	0	108	1
5049	unclassified	0	0	0	0	444	1
5051	unclassified	0	0	0	0	309	1
5053	unclassified	0	0	0	0	624	1
5050	unclassified	0	0	0	0	1026	1
5054	unclassified	0	0	0	0	1167	1
5055	unclassified	0	0	0	0	1146	1
5057	unclassified	0	0	0	0	579	1
5056	unclassified	0	0	0	0	960	1
5058	unclassified	0	0	0	0	480	1
5059	unclassified	0	0	0	0	519	1
5062	unclassified	0	0	0	0	159	1
5061	unclassified	0	0	0	0	696	1
5060	unclassified	0	0	0	0	1053	1
5066	unclassified	0	0	0	0	246	1
5063	cid|1501	1501	81	0	24	927	1
5065	unclassified	0	0	0	0	384	1
5068	NC_000023.11	9606	81	0	24	357	1
5067	unclassified	0	0	0	0	555	1
5070	unclassified	0	0	0	0	330	1
5064	cid|1169025	1169025	100	64	25	1377	1
5072	unclassified	0	0	0	0	519	1
5069	unclassified	0	0	0	0	1314	1
5073	unclassified	0	0	0	0	708	1
5071	unclassified	0	0	0	0	1257	1
5077	unclassified	0	0	0	0	237	1
5076	unclassified	0	0	0	0	627	1
5078	unclassified	0	0	0	0	432	1
5074	cid|1406	1406	64	0	23	1146	1
5080	unclassified	0	0	0	0	255	1
5081	NC_000008.11	9606	64	0	23	597	1
5082	unclassified	0	0	0	0	525	1
5079	unclassified	0	0	0	0	1107	1
5075	unclassified	0	0	0	0	1878	1
5083	unclassified	0	0	0	0	537	1
5084	unclassified	0	0	0	0	1203	1
5085	unclassified	0	0	0	0	1158	1
5086	unclassified	0	0	0	0	1137	1
5087	NC_000001.11	9606	64	0	23	1116	1
5089	unclassified	0	0	0	0	981	1
5088	NC_000006.12	9606	64	0	23	1287	1
5090	unclassified	0	0	0	0	1299	1
5091	unclassified	0	0	0	0	1071	1
5093	unclassified	0	0	0	0	606	1
5094	unclassified	0	0	0	0	624	1
5092	unclassified	0	0	0	0	1023	1
5095	unclassified	0	0	0	0	711	1
5099	unclassified	0	0	0	0	318	1
5096	cid|1496	1496	64	0	23	858	1
5100	unclassified	0	0	0	0	480	1
5101	unclassified	0	0	0	0	477	1
5097	unclassified	0	0	0	0	1263	1
5103	unclassified	0	0	0	0	180	1
5102	unclassified	0	0	0	0	639	1
5105	unclassified	0	0	0	0	798	1
5098	cid|1423	1423	100	0	25	2199	1
5108	unclassified	0	0	0	0	297	1
5107	unclassified	0	0	0	0	432	1
5106	unclassified	0	0	0	0	1383	1
5111	unclassified	0	0	0	0	366	1
5110	unclassified	0	0	0	0	633	1
5113	unclassified	0	0	0	0	378	1
5112	unclassified	0	0	0	0	570	1
5114	unclassified	0	0	0	0	243	1
5104	cid|1183377	1183377	81	0	24	2370	1
5109	unclassified	0	0	0	0	1611	1
5116	cid|1008460	1008460	81	0	24	372	1
5119	unclassified	0	0	0	0	117	1
5118	unclassified	0	0	0	0	132	1
5115	unclassified	0	0	0	0	714	1
5120	unclassified	0	0	0	0	408	1
5117	cid|111781	111781	64	0	23	1278	1
5122	cid|1476	1476	64	0	23	915	1
5121	unclassified	0	0	0	0	1122	1
5125	unclassified	0	0	0	0	261	1
5123	unclassified	0	0	0	0	810	1
5126	unclassified	0	0	0	0	231	1
5127	unclassified	0	0	0	0	180	1
5130	unclassified	0	0	0	0	183	1
5129	unclassified	0	0	0	0	438	1
5131	unclassified	0	0	0	0	393	1
5124	unclassified	0	0	0	0	1146	1
5132	unclassified	0	0	0	0	234	1
5134	unclassified	0	0	0	0	180	1
5128	unclassified	0	0	0	0	1116	1
5136	unclassified	0	0	0	0	261	1
5138	unclassified	0	0	0	0	147	1
5139	NC_000006.12	9606	421	0	59	639	1
5140	unclassified	0	0	0	0	93	1
5135	cid|171632	171632	64	0	23	1434	1
5133	unclassified	0	0	0	0	1791	1
5142	unclassified	0	0	0	0	264	1
5143	unclassified	0	0	0	0	795	1
5144	unclassified	0	0	0	0	1053	1
5137	unclassified	0	0	0	0	2160	1
5141	unclassified	0	0	0	0	1716	1
5148	unclassified	0	0	0	0	144	1
5149	unclassified	0	0	0	0	150	1
5147	unclassified	0	0	0	0	930	1
5146	unclassified	0	0	0	0	1050	1
5145	unclassified	0	0	0	0	1662	1
5151	unclassified	0	0	0	0	675	1
5152	unclassified	0	0	0	0	552	1
5150	unclassified	0	0	0	0	1128	1
5153	unclassified	0	0	0	0	654	1
5156	unclassified	0	0	0	0	291	1
5155	unclassified	0	0	0	0	747	1
5154	unclassified	0	0	0	0	1008	1
5159	unclassified	0	0	0	0	699	1
5160	unclassified	0	0	0	0	573	1
5158	NC_000008.11	9606	64	0	23	1236	1
5161	unclassified	0	0	0	0	387	1
5162	unclassified	0	0	0	0	516	1
5163	unclassified	0	0	0	0	402	1
5165	unclassified	0	0	0	0	270	1
5164	unclassified	0	0	0	0	606	1
5157	cid|1203471	1203471	64	0	23	2169	1
5167	unclassified	0	0	0	0	360	1
5166	unclassified	0	0	0	0	654	1
5169	unclassified	0	0	0	0	303	1
5168	unclassified	0	0	0	0	420	1
5173	unclassified	0	0	0	0	453	1
5171	unclassified	0	0	0	0	597	1
5170	unclassified	0	0	0	0	807	1
5174	unclassified	0	0	0	0	597	1
5176	unclassified	0	0	0	0	864	1
5172	unclassified	0	0	0	0	1512	1
5177	unclassified	0	0	0	0	558	1
5175	unclassified	0	0	0	0	1485	1
5179	unclassified	0	0	0	0	636	1
5180	unclassified	0	0	0	0	618	1
5178	unclassified	0	0	0	0	897	1
5181	unclassified	0	0	0	0	336	1
5184	unclassified	0	0	0	0	252	1
5185	unclassified	0	0	0	0	360	1
5183	unclassified	0	0	0	0	822	1
5182	unclassified	0	0	0	0	1176	1
5187	unclassified	0	0	0	0	732	1
5186	unclassified	0	0	0	0	1131	1
5188	unclassified	0	0	0	0	753	1
5190	unclassified	0	0	0	0	345	1
5189	unclassified	0	0	0	0	576	1
5191	unclassified	0	0	0	0	378	1
5192	unclassified	0	0	0	0	513	1
5196	unclassified	0	0	0	0	468	1
5193	unclassified	0	0	0	0	975	1
5194	cid|96345	96345	121	0	26	999	1
5198	unclassified	0	0	0	0	618	1
5197	unclassified	0	0	0	0	696	1
5200	unclassified	0	0	0	0	249	1
5202	unclassified	0	0	0	0	201	1
5199	unclassified	0	0	0	0	1002	1
5195	cid|42422	42422	81	0	24	1839	1
5203	unclassified	0	0	0	0	159	1
5205	unclassified	0	0	0	0	336	1
5201	unclassified	0	0	0	0	1011	1
5204	unclassified	0	0	0	0	1329	1
5206	unclassified	0	0	0	0	1224	1
5207	unclassified	0	0	0	0	1359	1
5209	unclassified	0	0	0	0	834	1
5208	unclassified	0	0	0	0	1524	1
5211	unclassified	0	0	0	0	471	1
5210	unclassified	0	0	0	0	1035	1
5213	unclassified	0	0	0	0	342	1
5212	unclassified	0	0	0	0	507	1
5214	unclassified	0	0	0	0	894	1
5215	unclassified	0	0	0	0	696	1
5216	NC_000003.12	9606	64	0	23	633	1
5218	unclassified	0	0	0	0	318	1
5220	unclassified	0	0	0	0	387	1
5217	unclassified	0	0	0	0	1125	1
5221	unclassified	0	0	0	0	462	1
5219	unclassified	0	0	0	0	831	1
5225	unclassified	0	0	0	0	102	1
5226	unclassified	0	0	0	0	231	1
5223	unclassified	0	0	0	0	765	1
5227	unclassified	0	0	0	0	252	1
5224	unclassified	0	0	0	0	981	1
5228	unclassified	0	0	0	0	330	1
5231	unclassified	0	0	0	0	90	1
5222	unclassified	0	0	0	0	1374	1
5233	unclassified	0	0	0	0	159	1
5229	unclassified	0	0	0	0	663	1
5235	unclassified	0	0	0	0	324	1
5234	unclassified	0	0	0	0	558	1
5230	unclassified	0	0	0	0	1053	1
5236	unclassified	0	0	0	0	429	1
5238	cid|1006576	1006576	64	0	23	951	1
5232	unclassified	0	0	0	0	1887	1
5237	cid|102684	102684	441	0	36	1245	1
5239	unclassified	0	0	0	0	1245	1
5240	unclassified	0	0	0	0	513	1
5242	unclassified	0	0	0	0	417	1
5244	unclassified	0	0	0	0	807	1
5243	unclassified	0	0	0	0	828	1
5241	unclassified	0	0	0	0	1302	1
5245	unclassified	0	0	0	0	672	1
5248	unclassified	0	0	0	0	246	1
5247	unclassified	0	0	0	0	399	1
5250	unclassified	0	0	0	0	225	1
5246	unclassified	0	0	0	0	537	1
5251	unclassified	0	0	0	0	423	1
5249	unclassified	0	0	0	0	774	1
5255	unclassified	0	0	0	0	282	1
5256	unclassified	0	0	0	0	753	1
5252	NC_000010.11	9606	64	0	23	1467	1
5254	cid|1229909	1229909	225	0	30	1032	1
5253	unclassified	0	0	0	0	1653	1
5257	unclassified	0	0	0	0	798	1
5260	unclassified	0	0	0	0	690	1
5259	unclassified	0	0	0	0	978	1
5261	unclassified	0	0	0	0	732	1
5262	unclassified	0	0	0	0	690	1
5258	cid|851	851	64	0	23	2124	1
5264	unclassified	0	0	0	0	813	1
5266	unclassified	0	0	0	0	366	1
5263	cid|1541959	1541959	64	64	23	1533	2
5263	cid|1410383	1410383	64	64	23	1533	2
5265	cid|320787	320787	64	64	23	1227	2
5265	cid|1697053	1697053	64	64	23	1227	2
5267	cid|1393	1393	64	0	23	564	1
5269	unclassified	0	0	0	0	510	1
5271	unclassified	0	0	0	0	321	1
5270	unclassified	0	0	0	0	390	1
5273	unclassified	0	0	0	0	309	1
5268	unclassified	0	0	0	0	1116	1
5272	unclassified	0	0	0	0	465	1
5276	unclassified	0	0	0	0	171	1
5274	unclassified	0	0	0	0	546	1
5278	unclassified	0	0	0	0	180	1
5275	cid|844	844	81	0	24	456	1
5280	unclassified	0	0	0	0	111	1
5277	unclassified	0	0	0	0	417	1
5279	unclassified	0	0	0	0	444	1
5282	unclassified	0	0	0	0	339	1
5281	unclassified	0	0	0	0	375	1
5286	unclassified	0	0	0	0	183	1
5285	unclassified	0	0	0	0	273	1
5283	unclassified	0	0	0	0	960	1
5289	unclassified	0	0	0	0	183	1
5290	unclassified	0	0	0	0	171	1
5284	unclassified	0	0	0	0	1470	1
5287	unclassified	0	0	0	0	1206	1
5291	unclassified	0	0	0	0	654	1
5293	unclassified	0	0	0	0	324	1
5292	unclassified	0	0	0	0	585	1
5288	unclassified	0	0	0	0	2367	1
5297	unclassified	0	0	0	0	273	1
5294	unclassified	0	0	0	0	1281	1
5295	unclassified	0	0	0	0	1440	1
5296	cid|309806	309806	100	0	25	1395	1
5299	cid|94122	94122	196	0	29	369	1
5302	unclassified	0	0	0	0	204	1
5298	unclassified	0	0	0	0	1341	1
5304	unclassified	0	0	0	0	198	1
5305	unclassified	0	0	0	0	426	1
5303	unclassified	0	0	0	0	1029	1
5306	unclassified	0	0	0	0	342	1
5307	unclassified	0	0	0	0	351	1
5309	unclassified	0	0	0	0	312	1
5300	unclassified	0	0	0	0	2730	1
5311	unclassified	0	0	0	0	210	1
5301	cid|449	449	64	0	23	2967	1
5308	cid|2180	2180	64	0	23	1332	1
5314	unclassified	0	0	0	0	189	1
5315	unclassified	0	0	0	0	159	1
5316	unclassified	0	0	0	0	243	1
5317	unclassified	0	0	0	0	138	1
5310	unclassified	0	0	0	0	1938	1
5312	unclassified	0	0	0	0	1278	1
5318	unclassified	0	0	0	0	432	1
5320	unclassified	0	0	0	0	216	1
5321	unclassified	0	0	0	0	138	1
5319	unclassified	0	0	0	0	252	1
5324	unclassified	0	0	0	0	225	1
5313	NC_000001.11	9606	121	0	26	2013	1
5323	unclassified	0	0	0	0	810	1
5322	unclassified	0	0	0	0	981	1
5325	unclassified	0	0	0	0	906	1
5327	unclassified	0	0	0	0	363	1
5326	unclassified	0	0	0	0	630	1
5329	unclassified	0	0	0	0	312	1
5331	unclassified	0	0	0	0	231	1
5332	unclassified	0	0	0	0	198	1
5333	unclassified	0	0	0	0	339	1
5328	cid|1536772	1536772	64	0	23	867	1
5334	unclassified	0	0	0	0	345	1
5335	unclassified	0	0	0	0	261	1
5336	unclassified	0	0	0	0	288	1
5330	unclassified	0	0	0	0	1041	1
5337	unclassified	0	0	0	0	1188	1
5340	unclassified	0	0	0	0	975	1
5341	unclassified	0	0	0	0	417	1
5338	cid|1705394	1705394	64	0	23	1530	1
5339	unclassified	0	0	0	0	1662	1
5344	unclassified	0	0	0	0	594	1
5343	unclassified	0	0	0	0	837	1
5345	unclassified	0	0	0	0	756	1
5347	unclassified	0	0	0	0	480	1
5349	unclassified	0	0	0	0	198	1
5348	unclassified	0	0	0	0	642	1
5350	unclassified	0	0	0	0	504	1
5352	unclassified	0	0	0	0	330	1
5346	cid|1410606	1410606	100	0	25	1659	1
5342	NC_000011.10	9606	81	0	24	2721	1
5353	unclassified	0	0	0	0	321	1
5354	unclassified	0	0	0	0	393	1
5356	unclassified	0	0	0	0	324	1
5355	unclassified	0	0	0	0	600	1
5358	unclassified	0	0	0	0	414	1
5360	unclassified	0	0	0	0	294	1
5351	unclassified	0	0	0	0	1908	1
5359	unclassified	0	0	0	0	600	1
5361	unclassified	0	0	0	0	222	1
5357	unclassified	0	0	0	0	1569	1
5362	unclassified	0	0	0	0	849	1
5365	unclassified	0	0	0	0	405	1
5364	unclassified	0	0	0	0	1251	1
5366	unclassified	0	0	0	0	585	1
5369	unclassified	0	0	0	0	141	1
5368	unclassified	0	0	0	0	201	1
5370	cid|513223	513223	64	0	23	261	1
5371	unclassified	0	0	0	0	399	1
5372	unclassified	0	0	0	0	99	1
5363	unclassified	0	0	0	0	1923	1
5367	unclassified	0	0	0	0	1041	1
5376	unclassified	0	0	0	0	108	1
5373	unclassified	0	0	0	0	261	1
5375	cid|213	213	144	0	27	447	1
5377	unclassified	0	0	0	0	507	1
5378	NC_000021.9	9606	2025	121	60	519	1
5374	unclassified	0	0	0	0	861	1
5379	unclassified	0	0	0	0	741	1
5382	unclassified	0	0	0	0	474	1
5383	unclassified	0	0	0	0	105	1
5385	unclassified	0	0	0	0	255	1
5380	unclassified	0	0	0	0	1347	1
5387	unclassified	0	0	0	0	279	1
5381	unclassified	0	0	0	0	1638	1
5388	unclassified	0	0	0	0	354	1
5386	unclassified	0	0	0	0	831	1
5389	unclassified	0	0	0	0	384	1
5392	unclassified	0	0	0	0	387	1
5384	unclassified	0	0	0	0	1683	1
5391	unclassified	0	0	0	0	795	1
5393	unclassified	0	0	0	0	672	1
5390	unclassified	0	0	0	0	1380	1
5394	unclassified	0	0	0	0	1062	1
5395	unclassified	0	0	0	0	759	1
5397	unclassified	0	0	0	0	444	1
5396	unclassified	0	0	0	0	693	1
5398	unclassified	0	0	0	0	441	1
5399	unclassified	0	0	0	0	552	1
5403	unclassified	0	0	0	0	741	1
5402	unclassified	0	0	0	0	915	1
5401	unclassified	0	0	0	0	1209	1
5400	unclassified	0	0	0	0	1872	1
5407	unclassified	0	0	0	0	471	1
5408	unclassified	0	0	0	0	531	1
5406	unclassified	0	0	0	0	1581	1
5404	cid|86660	86660	64	64	23	1983	2
5404	cid|28197	28197	64	64	23	1983	2
5409	unclassified	0	0	0	0	975	1
5411	unclassified	0	0	0	0	351	1
5413	unclassified	0	0	0	0	405	1
5412	unclassified	0	0	0	0	759	1
5415	unclassified	0	0	0	0	174	1
5410	cid|1490057	1490057	81	0	24	1602	1
5416	unclassified	0	0	0	0	204	1
5405	cid|1600	1600	121	121	26	2862	2
5405	cid|232259	232259	121	121	26	2862	2
5417	unclassified	0	0	0	0	399	1
5418	unclassified	0	0	0	0	282	1
5420	unclassified	0	0	0	0	99	1
5414	unclassified	0	0	0	0	816	1
5422	unclassified	0	0	0	0	213	1
5423	unclassified	0	0	0	0	246	1
5419	unclassified	0	0	0	0	543	1
5421	unclassified	0	0	0	0	390	1
5424	unclassified	0	0	0	0	402	1
5428	unclassified	0	0	0	0	168	1
5427	unclassified	0	0	0	0	468	1
5430	unclassified	0	0	0	0	375	1
5431	unclassified	0	0	0	0	429	1
5425	unclassified	0	0	0	0	1380	1
5426	unclassified	0	0	0	0	1443	1
5434	unclassified	0	0	0	0	372	1
5432	unclassified	0	0	0	0	561	1
5429	unclassified	0	0	0	0	1770	1
5436	unclassified	0	0	0	0	426	1
5437	unclassified	0	0	0	0	234	1
5438	unclassified	0	0	0	0	273	1
5433	unclassified	0	0	0	0	1257	1
5441	unclassified	0	0	0	0	288	1
5439	unclassified	0	0	0	0	489	1
5440	NC_000001.11	9606	64	0	23	534	1
5443	unclassified	0	0	0	0	198	1
5442	unclassified	0	0	0	0	348	1
5435	unclassified	0	0	0	0	1422	1
5447	unclassified	0	0	0	0	99	1
5444	unclassified	0	0	0	0	381	1
5446	unclassified	0	0	0	0	564	1
5445	unclassified	0	0	0	0	960	1
5449	unclassified	0	0	0	0	678	1
5450	unclassified	0	0	0	0	393	1
5448	unclassified	0	0	0	0	882	1
5452	unclassified	0	0	0	0	174	1
5453	unclassified	0	0	0	0	165	1
5454	unclassified	0	0	0	0	357	1
5456	unclassified	0	0	0	0	282	1
5455	unclassified	0	0	0	0	444	1
5457	unclassified	0	0	0	0	222	1
5458	unclassified	0	0	0	0	354	1
5459	unclassified	0	0	0	0	813	1
5462	unclassified	0	0	0	0	240	1
5451	NC_000019.10	9606	529	0	38	1698	1
5463	unclassified	0	0	0	0	222	1
5465	unclassified	0	0	0	0	291	1
5461	unclassified	0	0	0	0	1293	1
5466	unclassified	0	0	0	0	273	1
5464	unclassified	0	0	0	0	663	1
5467	unclassified	0	0	0	0	288	1
5469	unclassified	0	0	0	0	162	1
5460	unclassified	0	0	0	0	1872	1
5470	unclassified	0	0	0	0	177	1
5471	unclassified	0	0	0	0	138	1
5473	unclassified	0	0	0	0	195	1
5468	unclassified	0	0	0	0	549	1
5474	unclassified	0	0	0	0	207	1
5475	unclassified	0	0	0	0	198	1
5476	unclassified	0	0	0	0	327	1
5478	unclassified	0	0	0	0	225	1
5472	unclassified	0	0	0	0	807	1
5480	unclassified	0	0	0	0	141	1
5481	unclassified	0	0	0	0	177	1
5477	NC_000006.12	9606	81	81	24	684	2
5477	NC_000023.11	9606	81	81	24	684	2
5479	NC_000011.10	9606	81	0	24	738	1
5482	unclassified	0	0	0	0	699	1
5483	unclassified	0	0	0	0	783	1
5486	unclassified	0	0	0	0	519	1
5487	unclassified	0	0	0	0	555	1
5485	cid|143361	143361	64	64	23	861	2
5485	cid|365349	365349	64	64	23	861	2
5488	unclassified	0	0	0	0	369	1
5484	unclassified	0	0	0	0	1716	1
5489	unclassified	0	0	0	0	966	1
5491	unclassified	0	0	0	0	981	1
5492	unclassified	0	0	0	0	897	1
5495	unclassified	0	0	0	0	114	1
5496	unclassified	0	0	0	0	177	1
5494	unclassified	0	0	0	0	591	1
5498	unclassified	0	0	0	0	231	1
5493	unclassified	0	0	0	0	1107	1
5497	NC_000011.10	9606	64	0	23	408	1
5499	unclassified	0	0	0	0	204	1
5500	unclassified	0	0	0	0	237	1
5503	unclassified	0	0	0	0	186	1
5490	unclassified	0	0	0	0	2523	1
5501	unclassified	0	0	0	0	909	1
5504	unclassified	0	0	0	0	513	1
5507	unclassified	0	0	0	0	141	1
5502	unclassified	0	0	0	0	993	1
5508	unclassified	0	0	0	0	366	1
5505	unclassified	0	0	0	0	1023	1
5509	unclassified	0	0	0	0	915	1
5511	unclassified	0	0	0	0	567	1
5513	unclassified	0	0	0	0	192	1
5512	unclassified	0	0	0	0	225	1
5506	unclassified	0	0	0	0	1644	1
5515	unclassified	0	0	0	0	276	1
5516	unclassified	0	0	0	0	237	1
5510	unclassified	0	0	0	0	1518	1
5518	unclassified	0	0	0	0	240	1
5519	unclassified	0	0	0	0	219	1
5514	unclassified	0	0	0	0	1347	1
5521	unclassified	0	0	0	0	528	1
5520	unclassified	0	0	0	0	855	1
5522	unclassified	0	0	0	0	402	1
5517	unclassified	0	0	0	0	1650	1
5524	unclassified	0	0	0	0	579	1
5525	unclassified	0	0	0	0	534	1
5523	unclassified	0	0	0	0	861	1
5526	unclassified	0	0	0	0	444	1
5527	unclassified	0	0	0	0	408	1
5530	unclassified	0	0	0	0	165	1
5528	unclassified	0	0	0	0	531	1
5531	unclassified	0	0	0	0	738	1
5534	unclassified	0	0	0	0	219	1
5533	unclassified	0	0	0	0	582	1
5529	NC_000018.10	9606	169	169	28	1044	2
5529	NC_000004.12	9606	169	169	28	1044	2
5536	unclassified	0	0	0	0	231	1
5535	NC_000008.11	9606	144	0	27	279	1
5538	unclassified	0	0	0	0	351	1
5539	unclassified	0	0	0	0	315	1
5541	unclassified	0	0	0	0	729	1
5540	unclassified	0	0	0	0	897	1
5532	unclassified	0	0	0	0	2337	1
5543	unclassified	0	0	0	0	324	1
5545	unclassified	0	0	0	0	171	1
5544	unclassified	0	0	0	0	447	1
5542	unclassified	0	0	0	0	798	1
5547	unclassified	0	0	0	0	201	1
5548	unclassified	0	0	0	0	291	1
5537	cid|1580092	1580092	144	0	27	2178	1
5546	unclassified	0	0	0	0	714	1
5550	unclassified	0	0	0	0	393	1
5551	NC_000001.11	9606	64	0	23	390	1
5554	unclassified	0	0	0	0	126	1
5552	unclassified	0	0	0	0	456	1
5556	unclassified	0	0	0	0	147	1
5549	unclassified	0	0	0	0	1044	1
5555	unclassified	0	0	0	0	510	1
5558	unclassified	0	0	0	0	210	1
5553	unclassified	0	0	0	0	852	1
5560	unclassified	0	0	0	0	186	1
5561	unclassified	0	0	0	0	258	1
5559	unclassified	0	0	0	0	405	1
5563	unclassified	0	0	0	0	234	1
5557	unclassified	0	0	0	0	969	1
5562	unclassified	0	0	0	0	555	1
5564	unclassified	0	0	0	0	462	1
5565	unclassified	0	0	0	0	297	1
5566	unclassified	0	0	0	0	285	1
5567	unclassified	0	0	0	0	207	1
5568	unclassified	0	0	0	0	648	1
5570	unclassified	0	0	0	0	594	1
5571	unclassified	0	0	0	0	933	1
5569	unclassified	0	0	0	0	1149	1
5572	unclassified	0	0	0	0	603	1
5576	unclassified	0	0	0	0	351	1
5577	unclassified	0	0	0	0	171	1
5573	unclassified	0	0	0	0	1308	1
5575	unclassified	0	0	0	0	936	1
5578	cid|1834205	1834205	81	0	24	633	1
5574	cid|54262	54262	64	0	23	1467	1
5582	unclassified	0	0	0	0	498	1
5581	unclassified	0	0	0	0	963	1
5579	cid|79329	79329	64	0	23	1461	1
5583	unclassified	0	0	0	0	612	1
5580	unclassified	0	0	0	0	1764	1
5586	unclassified	0	0	0	0	804	1
5585	unclassified	0	0	0	0	1404	1
5584	unclassified	0	0	0	0	1653	1
5588	unclassified	0	0	0	0	666	1
5587	unclassified	0	0	0	0	1581	1
5592	unclassified	0	0	0	0	576	1
5589	unclassified	0	0	0	0	942	1
5590	unclassified	0	0	0	0	1629	1
5591	unclassified	0	0	0	0	1506	1
5594	unclassified	0	0	0	0	837	1
5596	unclassified	0	0	0	0	825	1
5595	unclassified	0	0	0	0	969	1
5597	unclassified	0	0	0	0	930	1
5593	unclassified	0	0	0	0	1815	1
5599	unclassified	0	0	0	0	645	1
5598	unclassified	0	0	0	0	828	1
5603	unclassified	0	0	0	0	147	1
5601	unclassified	0	0	0	0	873	1
5605	unclassified	0	0	0	0	237	1
5606	unclassified	0	0	0	0	141	1
5600	NC_000007.14	9606	64	0	23	1383	1
5607	unclassified	0	0	0	0	276	1
5602	unclassified	0	0	0	0	1008	1
5610	unclassified	0	0	0	0	198	1
5608	unclassified	0	0	0	0	603	1
5604	unclassified	0	0	0	0	1350	1
5611	unclassified	0	0	0	0	462	1
5614	unclassified	0	0	0	0	252	1
5612	unclassified	0	0	0	0	549	1
5609	cid|319938	319938	361	0	34	819	1
5613	unclassified	0	0	0	0	582	1
5615	unclassified	0	0	0	0	294	1
5618	unclassified	0	0	0	0	222	1
5616	unclassified	0	0	0	0	495	1
5619	unclassified	0	0	0	0	303	1
5617	unclassified	0	0	0	0	423	1
5620	unclassified	0	0	0	0	297	1
5621	unclassified	0	0	0	0	285	1
5623	unclassified	0	0	0	0	240	1
5626	unclassified	0	0	0	0	204	1
5625	unclassified	0	0	0	0	384	1
5624	unclassified	0	0	0	0	618	1
5622	unclassified	0	0	0	0	1197	1
5628	unclassified	0	0	0	0	582	1
5629	unclassified	0	0	0	0	519	1
5630	unclassified	0	0	0	0	186	1
5627	unclassified	0	0	0	0	1044	1
5632	unclassified	0	0	0	0	354	1
5634	unclassified	0	0	0	0	258	1
5633	unclassified	0	0	0	0	441	1
5636	unclassified	0	0	0	0	366	1
5635	unclassified	0	0	0	0	558	1
5638	NC_000004.12	9606	121	0	26	186	1
5640	unclassified	0	0	0	0	273	1
5639	unclassified	0	0	0	0	429	1
5631	unclassified	0	0	0	0	1713	1
5637	unclassified	0	0	0	0	1200	1
5643	unclassified	0	0	0	0	492	1
5641	unclassified	0	0	0	0	921	1
5644	unclassified	0	0	0	0	609	1
5647	unclassified	0	0	0	0	789	1
5648	unclassified	0	0	0	0	171	1
5645	NC_000004.12	9606	64	0	23	1386	1
5646	unclassified	0	0	0	0	1344	1
5642	unclassified	0	0	0	0	2313	1
5652	cid|2303	2303	169	100	28	216	1
5651	unclassified	0	0	0	0	738	1
5650	unclassified	0	0	0	0	1338	1
5655	unclassified	0	0	0	0	177	1
5653	cid|944	944	64	0	23	978	1
5654	cid|2180	2180	64	0	23	900	1
5656	unclassified	0	0	0	0	714	1
5657	unclassified	0	0	0	0	564	1
5660	unclassified	0	0	0	0	528	1
5658	unclassified	0	0	0	0	924	1
5649	unclassified	0	0	0	0	3084	1
5661	unclassified	0	0	0	0	258	1
5662	unclassified	0	0	0	0	213	1
5665	unclassified	0	0	0	0	258	1
5659	cid|1785996	1785996	64	0	23	1131	1
5667	unclassified	0	0	0	0	156	1
5668	unclassified	0	0	0	0	672	1
5663	NC_000001.11	9606	289	0	32	1179	1
5664	unclassified	0	0	0	0	1131	1
5666	unclassified	0	0	0	0	1206	1
5669	unclassified	0	0	0	0	369	1
5672	unclassified	0	0	0	0	192	1
5670	unclassified	0	0	0	0	852	1
5673	unclassified	0	0	0	0	561	1
5674	unclassified	0	0	0	0	402	1
5671	unclassified	0	0	0	0	966	1
5675	unclassified	0	0	0	0	408	1
5676	unclassified	0	0	0	0	834	1
5677	unclassified	0	0	0	0	873	1
5678	unclassified	0	0	0	0	1008	1
5680	unclassified	0	0	0	0	438	1
5682	unclassified	0	0	0	0	468	1
5683	unclassified	0	0	0	0	612	1
5684	unclassified	0	0	0	0	345	1
5679	unclassified	0	0	0	0	1572	1
5686	unclassified	0	0	0	0	315	1
5685	unclassified	0	0	0	0	519	1
5688	unclassified	0	0	0	0	444	1
5689	unclassified	0	0	0	0	504	1
5690	unclassified	0	0	0	0	177	1
5687	unclassified	0	0	0	0	1020	1
5681	unclassified	0	0	0	0	2334	1
5694	unclassified	0	0	0	0	153	1
5692	unclassified	0	0	0	0	546	1
5691	unclassified	0	0	0	0	651	1
5695	unclassified	0	0	0	0	171	1
5693	unclassified	0	0	0	0	504	1
5697	unclassified	0	0	0	0	300	1
5696	unclassified	0	0	0	0	741	1
5700	unclassified	0	0	0	0	507	1
5701	unclassified	0	0	0	0	252	1
5702	unclassified	0	0	0	0	192	1
5704	unclassified	0	0	0	0	210	1
5703	unclassified	0	0	0	0	441	1
5699	unclassified	0	0	0	0	1299	1
5707	unclassified	0	0	0	0	177	1
5706	unclassified	0	0	0	0	432	1
5705	unclassified	0	0	0	0	816	1
5698	unclassified	0	0	0	0	2208	1
5711	unclassified	0	0	0	0	204	1
5710	cid|817	817	64	0	23	732	1
5709	unclassified	0	0	0	0	900	1
5712	cid|61646	61646	64	0	23	324	1
5715	unclassified	0	0	0	0	483	1
5713	unclassified	0	0	0	0	585	1
5714	unclassified	0	0	0	0	675	1
5716	unclassified	0	0	0	0	351	1
5717	unclassified	0	0	0	0	399	1
5719	unclassified	0	0	0	0	402	1
5720	unclassified	0	0	0	0	327	1
5718	unclassified	0	0	0	0	753	1
5708	cid|2180	2180	225	81	30	2196	1
5722	unclassified	0	0	0	0	333	1
5723	unclassified	0	0	0	0	204	1
5726	unclassified	0	0	0	0	288	1
5721	unclassified	0	0	0	0	789	1
5724	unclassified	0	0	0	0	855	1
5725	unclassified	0	0	0	0	867	1
5729	unclassified	0	0	0	0	216	1
5727	unclassified	0	0	0	0	738	1
5730	unclassified	0	0	0	0	342	1
5728	unclassified	0	0	0	0	807	1
5732	unclassified	0	0	0	0	675	1
5731	unclassified	0	0	0	0	1023	1
5734	unclassified	0	0	0	0	1305	1
5736	unclassified	0	0	0	0	1134	1
5735	unclassified	0	0	0	0	1551	1
5737	unclassified	0	0	0	0	780	1
5738	unclassified	0	0	0	0	420	1
5741	unclassified	0	0	0	0	309	1
5742	unclassified	0	0	0	0	141	1
5733	unclassified	0	0	0	0	2589	1
5740	unclassified	0	0	0	0	798	1
5743	unclassified	0	0	0	0	315	1
5745	unclassified	0	0	0	0	168	1
5746	unclassified	0	0	0	0	234	1
5744	unclassified	0	0	0	0	447	1
5739	NC_000002.12	9606	81	0	24	1419	1
5749	cid|1117645	1117645	64	0	23	396	1
5747	unclassified	0	0	0	0	654	1
5752	unclassified	0	0	0	0	138	1
5748	cid|44255	44255	64	0	23	714	1
5754	unclassified	0	0	0	0	138	1
5750	unclassified	0	0	0	0	630	1
5751	cid|57029	57029	64	0	23	618	1
5756	unclassified	0	0	0	0	447	1
5753	unclassified	0	0	0	0	930	1
5757	unclassified	0	0	0	0	507	1
5755	unclassified	0	0	0	0	873	1
5758	unclassified	0	0	0	0	228	1
5762	unclassified	0	0	0	0	315	1
5761	unclassified	0	0	0	0	483	1
5760	unclassified	0	0	0	0	654	1
5764	unclassified	0	0	0	0	432	1
5759	unclassified	0	0	0	0	1188	1
5765	unclassified	0	0	0	0	588	1
5767	unclassified	0	0	0	0	141	1
5763	unclassified	0	0	0	0	930	1
5766	unclassified	0	0	0	0	738	1
5769	unclassified	0	0	0	0	252	1
5772	unclassified	0	0	0	0	162	1
5770	unclassified	0	0	0	0	519	1
5774	unclassified	0	0	0	0	570	1
5771	unclassified	0	0	0	0	1041	1
5773	unclassified	0	0	0	0	996	1
5776	unclassified	0	0	0	0	126	1
5775	unclassified	0	0	0	0	378	1
5779	unclassified	0	0	0	0	189	1
5780	unclassified	0	0	0	0	759	1
5778	unclassified	0	0	0	0	1215	1
5777	unclassified	0	0	0	0	1350	1
5781	unclassified	0	0	0	0	309	1
5782	unclassified	0	0	0	0	189	1
5783	unclassified	0	0	0	0	213	1
5768	unclassified	0	0	0	0	3075	1
5785	unclassified	0	0	0	0	243	1
5786	unclassified	0	0	0	0	171	1
5787	unclassified	0	0	0	0	225	1
5784	unclassified	0	0	0	0	408	1
5788	unclassified	0	0	0	0	261	1
5792	unclassified	0	0	0	0	192	1
5793	unclassified	0	0	0	0	171	1
5791	unclassified	0	0	0	0	492	1
5789	unclassified	0	0	0	0	669	1
5790	unclassified	0	0	0	0	972	1
5796	NC_000007.14	9606	64	0	23	684	1
5797	unclassified	0	0	0	0	360	1
5795	unclassified	0	0	0	0	993	1
5800	unclassified	0	0	0	0	105	1
5798	unclassified	0	0	0	0	375	1
5799	unclassified	0	0	0	0	372	1
5802	unclassified	0	0	0	0	117	1
5794	unclassified	0	0	0	0	1431	1
5801	unclassified	0	0	0	0	240	1
5804	unclassified	0	0	0	0	141	1
5805	unclassified	0	0	0	0	204	1
5803	unclassified	0	0	0	0	366	1
5807	unclassified	0	0	0	0	321	1
5808	unclassified	0	0	0	0	210	1
5806	unclassified	0	0	0	0	459	1
5809	unclassified	0	0	0	0	585	1
5810	unclassified	0	0	0	0	501	1
5811	unclassified	0	0	0	0	549	1
5813	unclassified	0	0	0	0	270	1
5816	unclassified	0	0	0	0	267	1
5815	unclassified	0	0	0	0	462	1
5812	unclassified	0	0	0	0	1296	1
5818	unclassified	0	0	0	0	354	1
5814	unclassified	0	0	0	0	1251	1
5820	unclassified	0	0	0	0	345	1
5817	unclassified	0	0	0	0	1017	1
5819	unclassified	0	0	0	0	885	1
5822	unclassified	0	0	0	0	717	1
5823	unclassified	0	0	0	0	960	1
5821	unclassified	0	0	0	0	1227	1
5825	unclassified	0	0	0	0	537	1
5824	unclassified	0	0	0	0	882	1
5829	unclassified	0	0	0	0	300	1
5828	unclassified	0	0	0	0	531	1
5830	unclassified	0	0	0	0	387	1
5827	unclassified	0	0	0	0	1116	1
5833	unclassified	0	0	0	0	366	1
5834	unclassified	0	0	0	0	534	1
5826	unclassified	0	0	0	0	2286	1
5832	unclassified	0	0	0	0	1557	1
5831	cid|1281	1281	81	81	24	1728	2
5831	cid|727	727	81	81	24	1728	2
5838	unclassified	0	0	0	0	165	1
5836	unclassified	0	0	0	0	657	1
5835	unclassified	0	0	0	0	705	1
5839	unclassified	0	0	0	0	189	1
5841	unclassified	0	0	0	0	456	1
5840	unclassified	0	0	0	0	600	1
5837	unclassified	0	0	0	0	930	1
5844	unclassified	0	0	0	0	441	1
5842	unclassified	0	0	0	0	1008	1
5845	unclassified	0	0	0	0	1041	1
5846	unclassified	0	0	0	0	765	1
5847	unclassified	0	0	0	0	1131	1
5843	unclassified	0	0	0	0	1890	1
5848	unclassified	0	0	0	0	1119	1
5849	cid|1496	1496	64	0	23	1305	1
5851	unclassified	0	0	0	0	771	1
5850	cid|246787	246787	81	0	24	894	1
5855	unclassified	0	0	0	0	570	1
5852	unclassified	0	0	0	0	918	1
5854	unclassified	0	0	0	0	672	1
5856	unclassified	0	0	0	0	348	1
5853	unclassified	0	0	0	0	1032	1
5857	unclassified	0	0	0	0	834	1
5858	unclassified	0	0	0	0	867	1
5860	unclassified	0	0	0	0	1101	1
5862	unclassified	0	0	0	0	831	1
5859	cid|217159	217159	169	0	28	1419	1
5861	unclassified	0	0	0	0	1305	1
5863	unclassified	0	0	0	0	843	1
5864	unclassified	0	0	0	0	711	1
5865	unclassified	0	0	0	0	882	1
5869	unclassified	0	0	0	0	219	1
5867	unclassified	0	0	0	0	777	1
5868	unclassified	0	0	0	0	804	1
5866	unclassified	0	0	0	0	1062	1
5871	unclassified	0	0	0	0	501	1
5873	cid|2021	2021	64	0	23	636	1
5874	unclassified	0	0	0	0	612	1
5870	unclassified	0	0	0	0	1203	1
5875	unclassified	0	0	0	0	303	1
5876	cid|316	316	81	0	24	120	1
5879	unclassified	0	0	0	0	375	1
5880	unclassified	0	0	0	0	132	1
5878	unclassified	0	0	0	0	777	1
5881	unclassified	0	0	0	0	279	1
5877	cid|743722	743722	64	0	23	1080	1
5884	unclassified	0	0	0	0	192	1
5883	unclassified	0	0	0	0	483	1
5882	unclassified	0	0	0	0	522	1
5887	unclassified	0	0	0	0	330	1
5888	unclassified	0	0	0	0	279	1
5885	unclassified	0	0	0	0	807	1
5872	cid|1229909	1229909	81	0	24	2670	1
5889	unclassified	0	0	0	0	264	1
5886	unclassified	0	0	0	0	984	1
5890	unclassified	0	0	0	0	330	1
5893	unclassified	0	0	0	0	174	1
5891	unclassified	0	0	0	0	714	1
5894	unclassified	0	0	0	0	633	1
5895	unclassified	0	0	0	0	645	1
5897	unclassified	0	0	0	0	213	1
5896	unclassified	0	0	0	0	651	1
5892	unclassified	0	0	0	0	1332	1
5899	unclassified	0	0	0	0	522	1
5901	unclassified	0	0	0	0	348	1
5900	unclassified	0	0	0	0	537	1
5903	unclassified	0	0	0	0	150	1
5898	unclassified	0	0	0	0	996	1
5902	unclassified	0	0	0	0	549	1
5905	unclassified	0	0	0	0	333	1
5908	unclassified	0	0	0	0	276	1
5904	unclassified	0	0	0	0	807	1
5910	unclassified	0	0	0	0	372	1
5911	unclassified	0	0	0	0	195	1
5907	unclassified	0	0	0	0	1203	1
5912	unclassified	0	0	0	0	261	1
5906	unclassified	0	0	0	0	1410	1
5913	unclassified	0	0	0	0	108	1
5914	unclassified	0	0	0	0	135	1
5909	cid|1580092	1580092	121	0	26	951	1
5917	unclassified	0	0	0	0	108	1
5915	unclassified	0	0	0	0	264	1
5919	unclassified	0	0	0	0	237	1
5918	unclassified	0	0	0	0	375	1
5921	unclassified	0	0	0	0	117	1
5922	unclassified	0	0	0	0	318	1
5920	unclassified	0	0	0	0	978	1
5925	unclassified	0	0	0	0	303	1
5926	unclassified	0	0	0	0	165	1
5924	unclassified	0	0	0	0	879	1
5916	NC_000012.12	9606	144	121	27	1677	1
5927	unclassified	0	0	0	0	462	1
5930	unclassified	0	0	0	0	162	1
5929	unclassified	0	0	0	0	609	1
5928	unclassified	0	0	0	0	951	1
5932	unclassified	0	0	0	0	261	1
5931	unclassified	0	0	0	0	741	1
5923	unclassified	0	0	0	0	2676	1
5933	unclassified	0	0	0	0	729	1
5937	unclassified	0	0	0	0	246	1
5936	unclassified	0	0	0	0	621	1
5934	unclassified	0	0	0	0	1095	1
5938	unclassified	0	0	0	0	345	1
5940	unclassified	0	0	0	0	273	1
5941	unclassified	0	0	0	0	417	1
5939	unclassified	0	0	0	0	603	1
5935	unclassified	0	0	0	0	1458	1
5942	unclassified	0	0	0	0	639	1
5943	unclassified	0	0	0	0	603	1
5944	unclassified	0	0	0	0	591	1
5945	unclassified	0	0	0	0	528	1
5946	unclassified	0	0	0	0	408	1
5949	unclassified	0	0	0	0	657	1
5947	unclassified	0	0	0	0	774	1
5950	unclassified	0	0	0	0	810	1
5948	unclassified	0	0	0	0	1122	1
5951	unclassified	0	0	0	0	744	1
5954	unclassified	0	0	0	0	384	1
5953	unclassified	0	0	0	0	546	1
5956	unclassified	0	0	0	0	189	1
5955	unclassified	0	0	0	0	708	1
5958	unclassified	0	0	0	0	525	1
5959	unclassified	0	0	0	0	378	1
5960	unclassified	0	0	0	0	501	1
5961	unclassified	0	0	0	0	1275	1
5957	NW_003571054.1	9606	64	64	23	2346	2
5957	NC_000007.14	9606	64	64	23	2346	2
5962	unclassified	0	0	0	0	1221	1
5952	unclassified	0	0	0	0	3186	1
5965	unclassified	0	0	0	0	183	1
5966	unclassified	0	0	0	0	159	1
5967	unclassified	0	0	0	0	252	1
5968	unclassified	0	0	0	0	306	1
5969	unclassified	0	0	0	0	171	1
5970	unclassified	0	0	0	0	405	1
5972	unclassified	0	0	0	0	255	1
5973	unclassified	0	0	0	0	318	1
5971	unclassified	0	0	0	0	1032	1
5964	unclassified	0	0	0	0	1662	1
5976	unclassified	0	0	0	0	111	1
5963	NC_000006.12	9606	64	0	23	2010	1
5975	unclassified	0	0	0	0	279	1
5974	unclassified	0	0	0	0	453	1
5979	unclassified	0	0	0	0	285	1
5980	unclassified	0	0	0	0	513	1
5981	unclassified	0	0	0	0	273	1
5982	unclassified	0	0	0	0	315	1
5978	unclassified	0	0	0	0	900	1
5983	unclassified	0	0	0	0	528	1
5977	unclassified	0	0	0	0	1251	1
5985	unclassified	0	0	0	0	540	1
5987	unclassified	0	0	0	0	894	1
5986	unclassified	0	0	0	0	1008	1
5989	unclassified	0	0	0	0	174	1
5988	NT_187614.1	9606	64	64	23	1032	3
5988	NC_000013.11	9606	64	64	23	1032	3
5988	NC_000017.11	9606	64	64	23	1032	3
5990	unclassified	0	0	0	0	549	1
5992	unclassified	0	0	0	0	198	1
5991	unclassified	0	0	0	0	669	1
5984	unclassified	0	0	0	0	2070	1
5993	unclassified	0	0	0	0	399	1
5995	unclassified	0	0	0	0	171	1
5994	unclassified	0	0	0	0	390	1
5998	unclassified	0	0	0	0	246	1
6000	unclassified	0	0	0	0	183	1
6001	unclassified	0	0	0	0	261	1
5996	NC_000006.12	9606	64	0	23	759	1
5997	unclassified	0	0	0	0	963	1
5999	unclassified	0	0	0	0	1020	1
6005	unclassified	0	0	0	0	555	1
6003	unclassified	0	0	0	0	957	1
6004	unclassified	0	0	0	0	771	1
6007	unclassified	0	0	0	0	117	1
6009	unclassified	0	0	0	0	240	1
6010	unclassified	0	0	0	0	93	1
6008	unclassified	0	0	0	0	777	1
6011	unclassified	0	0	0	0	501	1
6002	unclassified	0	0	0	0	1974	1
6006	unclassified	0	0	0	0	1188	1
6013	unclassified	0	0	0	0	360	1
6012	unclassified	0	0	0	0	390	1
6016	unclassified	0	0	0	0	174	1
6018	unclassified	0	0	0	0	975	1
6017	unclassified	0	0	0	0	1227	1
6014	cid|1238	1238	64	0	23	1722	1
6015	unclassified	0	0	0	0	1671	1
6020	unclassified	0	0	0	0	237	1
6019	unclassified	0	0	0	0	456	1
6023	unclassified	0	0	0	0	168	1
6021	unclassified	0	0	0	0	393	1
6026	unclassified	0	0	0	0	126	1
6025	unclassified	0	0	0	0	291	1
6028	unclassified	0	0	0	0	249	1
6027	unclassified	0	0	0	0	387	1
6022	unclassified	0	0	0	0	1065	1
6024	unclassified	0	0	0	0	987	1
6029	unclassified	0	0	0	0	525	1
6031	cid|1580092	1580092	196	0	29	282	1
6032	unclassified	0	0	0	0	252	1
6030	unclassified	0	0	0	0	621	1
6034	unclassified	0	0	0	0	270	1
6035	unclassified	0	0	0	0	237	1
6037	unclassified	0	0	0	0	354	1
6038	unclassified	0	0	0	0	420	1
6033	unclassified	0	0	0	0	1125	1
6036	cid|632	632	64	64	23	843	2
6036	cid|633	633	64	64	23	843	2
6042	unclassified	0	0	0	0	105	1
6039	unclassified	0	0	0	0	726	1
6041	unclassified	0	0	0	0	498	1
6043	cid|658666	658666	64	64	23	330	2
6043	cid|1396	1396	64	64	23	330	2
6044	unclassified	0	0	0	0	411	1
6046	unclassified	0	0	0	0	168	1
6047	unclassified	0	0	0	0	222	1
6040	unclassified	0	0	0	0	1275	1
6045	unclassified	0	0	0	0	495	1
6051	unclassified	0	0	0	0	246	1
6050	unclassified	0	0	0	0	399	1
6052	unclassified	0	0	0	0	390	1
6048	unclassified	0	0	0	0	930	1
6049	unclassified	0	0	0	0	810	1
6056	unclassified	0	0	0	0	270	1
6055	unclassified	0	0	0	0	309	1
6053	unclassified	0	0	0	0	609	1
6054	cid|241244	241244	64	0	23	363	1
6059	unclassified	0	0	0	0	252	1
6060	unclassified	0	0	0	0	495	1
6057	unclassified	0	0	0	0	684	1
6058	unclassified	0	0	0	0	717	1
6062	unclassified	0	0	0	0	342	1
6063	unclassified	0	0	0	0	444	1
6061	cid|28197	28197	81	0	24	846	1
6066	unclassified	0	0	0	0	165	1
6064	unclassified	0	0	0	0	648	1
6068	unclassified	0	0	0	0	135	1
6070	unclassified	0	0	0	0	222	1
6069	unclassified	0	0	0	0	414	1
6065	unclassified	0	0	0	0	891	1
6067	unclassified	0	0	0	0	996	1
6072	unclassified	0	0	0	0	417	1
6071	unclassified	0	0	0	0	675	1
6074	unclassified	0	0	0	0	216	1
6077	unclassified	0	0	0	0	171	1
6076	unclassified	0	0	0	0	612	1
6073	unclassified	0	0	0	0	1083	1
6079	unclassified	0	0	0	0	330	1
6080	unclassified	0	0	0	0	318	1
6078	unclassified	0	0	0	0	822	1
6082	unclassified	0	0	0	0	180	1
6081	unclassified	0	0	0	0	222	1
6075	unclassified	0	0	0	0	1269	1
6084	unclassified	0	0	0	0	177	1
6086	unclassified	0	0	0	0	270	1
6087	unclassified	0	0	0	0	405	1
6088	unclassified	0	0	0	0	330	1
6083	unclassified	0	0	0	0	831	1
6089	unclassified	0	0	0	0	321	1
6085	unclassified	0	0	0	0	1125	1
6091	unclassified	0	0	0	0	456	1
6092	unclassified	0	0	0	0	879	1
6095	unclassified	0	0	0	0	153	1
6090	unclassified	0	0	0	0	1530	1
6094	unclassified	0	0	0	0	978	1
6097	unclassified	0	0	0	0	165	1
6096	unclassified	0	0	0	0	660	1
6098	unclassified	0	0	0	0	237	1
6093	NC_000006.12	9606	64	0	23	1407	1
6100	unclassified	0	0	0	0	168	1
6102	unclassified	0	0	0	0	261	1
6103	unclassified	0	0	0	0	294	1
6101	unclassified	0	0	0	0	480	1
6105	unclassified	0	0	0	0	210	1
6106	unclassified	0	0	0	0	294	1
6099	unclassified	0	0	0	0	1035	1
6108	unclassified	0	0	0	0	363	1
6107	unclassified	0	0	0	0	600	1
6110	unclassified	0	0	0	0	228	1
6109	unclassified	0	0	0	0	651	1
6111	unclassified	0	0	0	0	567	1
6104	unclassified	0	0	0	0	1617	1
6112	unclassified	0	0	0	0	543	1
6116	unclassified	0	0	0	0	348	1
6117	unclassified	0	0	0	0	165	1
6113	unclassified	0	0	0	0	1041	1
6115	unclassified	0	0	0	0	831	1
6118	unclassified	0	0	0	0	528	1
6114	unclassified	0	0	0	0	1461	1
6119	unclassified	0	0	0	0	1050	1
6120	unclassified	0	0	0	0	924	1
6121	cid|54308	54308	81	0	24	636	1
6122	unclassified	0	0	0	0	582	1
6123	unclassified	0	0	0	0	384	1
6125	cid|135735	135735	121	0	26	324	1
6127	unclassified	0	0	0	0	249	1
6126	unclassified	0	0	0	0	342	1
6124	unclassified	0	0	0	0	1221	1
6129	unclassified	0	0	0	0	1014	1
6131	unclassified	0	0	0	0	426	1
6128	cid|1790137	1790137	64	0	23	1344	1
6132	unclassified	0	0	0	0	318	1
6130	unclassified	0	0	0	0	1491	1
6133	unclassified	0	0	0	0	579	1
6135	unclassified	0	0	0	0	552	1
6134	unclassified	0	0	0	0	819	1
6138	unclassified	0	0	0	0	555	1
6137	unclassified	0	0	0	0	837	1
6139	unclassified	0	0	0	0	618	1
6136	unclassified	0	0	0	0	1011	1
6142	unclassified	0	0	0	0	468	1
6143	unclassified	0	0	0	0	1272	1
6144	unclassified	0	0	0	0	1401	1
6145	unclassified	0	0	0	0	843	1
6140	cid|1229909	1229909	196	64	29	2133	1
6146	unclassified	0	0	0	0	468	1
6148	unclassified	0	0	0	0	258	1
6147	unclassified	0	0	0	0	513	1
6141	unclassified	0	0	0	0	2757	1
6151	unclassified	0	0	0	0	90	1
6150	unclassified	0	0	0	0	267	1
6149	unclassified	0	0	0	0	570	1
6155	unclassified	0	0	0	0	120	1
6154	unclassified	0	0	0	0	282	1
6156	unclassified	0	0	0	0	270	1
6153	unclassified	0	0	0	0	603	1
6152	unclassified	0	0	0	0	645	1
6157	unclassified	0	0	0	0	387	1
6159	unclassified	0	0	0	0	324	1
6162	unclassified	0	0	0	0	147	1
6161	unclassified	0	0	0	0	369	1
6158	unclassified	0	0	0	0	717	1
6164	unclassified	0	0	0	0	246	1
6163	unclassified	0	0	0	0	708	1
6165	cid|210	210	64	0	23	471	1
6160	unclassified	0	0	0	0	1377	1
6166	unclassified	0	0	0	0	600	1
6167	unclassified	0	0	0	0	333	1
6168	unclassified	0	0	0	0	414	1
6171	unclassified	0	0	0	0	180	1
6170	unclassified	0	0	0	0	264	1
6172	unclassified	0	0	0	0	330	1
6175	unclassified	0	0	0	0	144	1
6174	unclassified	0	0	0	0	375	1
6177	unclassified	0	0	0	0	273	1
6176	unclassified	0	0	0	0	381	1
6169	unclassified	0	0	0	0	1155	1
6178	unclassified	0	0	0	0	270	1
6173	unclassified	0	0	0	0	1071	1
6181	unclassified	0	0	0	0	417	1
6182	unclassified	0	0	0	0	291	1
6180	unclassified	0	0	0	0	516	1
6179	unclassified	0	0	0	0	1071	1
6185	unclassified	0	0	0	0	771	1
6184	cid|28031	28031	289	0	32	984	1
6187	unclassified	0	0	0	0	564	1
6188	unclassified	0	0	0	0	540	1
6189	unclassified	0	0	0	0	414	1
6186	unclassified	0	0	0	0	1365	1
6192	unclassified	0	0	0	0	399	1
6190	unclassified	0	0	0	0	888	1
6193	unclassified	0	0	0	0	465	1
6194	unclassified	0	0	0	0	303	1
6195	unclassified	0	0	0	0	504	1
6183	unclassified	0	0	0	0	3567	1
6191	unclassified	0	0	0	0	1836	1
6199	unclassified	0	0	0	0	102	1
6198	unclassified	0	0	0	0	498	1
6197	unclassified	0	0	0	0	912	1
6200	unclassified	0	0	0	0	1068	1
6201	unclassified	0	0	0	0	657	1
6202	unclassified	0	0	0	0	741	1
6203	unclassified	0	0	0	0	315	1
6204	unclassified	0	0	0	0	390	1
6207	unclassified	0	0	0	0	102	1
6196	cid|409322	409322	81	64	24	2364	1
6205	unclassified	0	0	0	0	753	1
6209	unclassified	0	0	0	0	411	1
6208	unclassified	0	0	0	0	1191	1
6206	cid|33952	33952	324	121	33	1149	1
6211	unclassified	0	0	0	0	936	1
6210	unclassified	0	0	0	0	1332	1
6213	unclassified	0	0	0	0	762	1
6215	unclassified	0	0	0	0	690	1
6212	unclassified	0	0	0	0	1383	1
6214	unclassified	0	0	0	0	1146	1
6217	unclassified	0	0	0	0	219	1
6216	unclassified	0	0	0	0	786	1
6221	unclassified	0	0	0	0	381	1
6218	unclassified	0	0	0	0	729	1
6222	unclassified	0	0	0	0	216	1
6219	unclassified	0	0	0	0	912	1
6223	unclassified	0	0	0	0	213	1
6224	unclassified	0	0	0	0	411	1
6226	cid|1302	1302	169	169	28	396	2
6226	cid|1715860	1715860	169	169	28	396	2
6220	unclassified	0	0	0	0	1374	1
6227	unclassified	0	0	0	0	432	1
6229	unclassified	0	0	0	0	189	1
6231	unclassified	0	0	0	0	474	1
6232	unclassified	0	0	0	0	354	1
6225	unclassified	0	0	0	0	1785	1
6228	unclassified	0	0	0	0	1296	1
6234	unclassified	0	0	0	0	321	1
6236	unclassified	0	0	0	0	108	1
6235	unclassified	0	0	0	0	579	1
6233	unclassified	0	0	0	0	843	1
6237	unclassified	0	0	0	0	408	1
6230	cid|77038	77038	121	0	26	1719	1
6238	unclassified	0	0	0	0	387	1
6239	unclassified	0	0	0	0	798	1
6243	unclassified	0	0	0	0	114	1
6240	unclassified	0	0	0	0	1158	1
6241	cid|1006005	1006005	64	0	23	1035	1
6244	unclassified	0	0	0	0	654	1
6245	unclassified	0	0	0	0	327	1
6246	unclassified	0	0	0	0	327	1
6248	unclassified	0	0	0	0	168	1
6242	unclassified	0	0	0	0	1485	1
6247	unclassified	0	0	0	0	708	1
6249	unclassified	0	0	0	0	579	1
6251	unclassified	0	0	0	0	522	1
6253	unclassified	0	0	0	0	633	1
6254	unclassified	0	0	0	0	1191	1
6252	cid|1229909	1229909	196	0	29	1251	1
6255	unclassified	0	0	0	0	867	1
6258	unclassified	0	0	0	0	351	1
6257	cid|1471	1471	81	0	24	741	1
6259	unclassified	0	0	0	0	381	1
6250	unclassified	0	0	0	0	3273	1
6261	unclassified	0	0	0	0	738	1
6256	unclassified	0	0	0	0	1941	1
6264	unclassified	0	0	0	0	696	1
6262	unclassified	0	0	0	0	1137	1
6260	unclassified	0	0	0	0	1680	1
6263	unclassified	0	0	0	0	1368	1
6265	NC_000008.11	9606	81	0	24	789	1
6269	unclassified	0	0	0	0	252	1
6268	unclassified	0	0	0	0	651	1
6267	cid|160233	160233	64	0	23	966	1
6270	unclassified	0	0	0	0	228	1
6271	unclassified	0	0	0	0	237	1
6266	unclassified	0	0	0	0	1410	1
6273	unclassified	0	0	0	0	288	1
6275	unclassified	0	0	0	0	219	1
6274	unclassified	0	0	0	0	396	1
6272	unclassified	0	0	0	0	807	1
6279	unclassified	0	0	0	0	303	1
6277	unclassified	0	0	0	0	921	1
6280	unclassified	0	0	0	0	369	1
6278	unclassified	0	0	0	0	966	1
6276	unclassified	0	0	0	0	1383	1
6282	unclassified	0	0	0	0	1086	1
6284	unclassified	0	0	0	0	879	1
6283	unclassified	0	0	0	0	1155	1
6285	unclassified	0	0	0	0	168	1
6281	unclassified	0	0	0	0	1464	1
6287	unclassified	0	0	0	0	414	1
6289	unclassified	0	0	0	0	804	1
6286	unclassified	0	0	0	0	1212	1
6288	unclassified	0	0	0	0	1182	1
6292	unclassified	0	0	0	0	174	1
6290	cid|313985	313985	81	0	24	1053	1
6291	unclassified	0	0	0	0	831	1
6294	unclassified	0	0	0	0	756	1
6295	unclassified	0	0	0	0	909	1
6293	unclassified	0	0	0	0	1218	1
6296	unclassified	0	0	0	0	732	1
6300	unclassified	0	0	0	0	366	1
6298	unclassified	0	0	0	0	765	1
6297	unclassified	0	0	0	0	1050	1
6299	unclassified	0	0	0	0	822	1
6304	unclassified	0	0	0	0	294	1
6305	unclassified	0	0	0	0	180	1
6306	unclassified	0	0	0	0	117	1
6303	cid|1229909	1229909	1024	1024	47	723	2
6303	cid|1580092	1580092	1024	1024	47	723	2
6302	unclassified	0	0	0	0	969	1
6308	unclassified	0	0	0	0	225	1
6307	unclassified	0	0	0	0	465	1
6309	unclassified	0	0	0	0	390	1
6312	unclassified	0	0	0	0	138	1
6301	cid|1891280	1891280	81	0	24	1968	1
6310	unclassified	0	0	0	0	714	1
6311	unclassified	0	0	0	0	621	1
6314	unclassified	0	0	0	0	180	1
6313	unclassified	0	0	0	0	519	1
6315	unclassified	0	0	0	0	393	1
6317	unclassified	0	0	0	0	297	1
6318	unclassified	0	0	0	0	297	1
6316	unclassified	0	0	0	0	537	1
6321	unclassified	0	0	0	0	198	1
6319	cid|1116375	1116375	64	64	23	330	2
6319	cid|691	691	64	64	23	330	2
6322	unclassified	0	0	0	0	204	1
6325	unclassified	0	0	0	0	498	1
6324	unclassified	0	0	0	0	624	1
6327	unclassified	0	0	0	0	81	1
6326	unclassified	0	0	0	0	177	1
6323	unclassified	0	0	0	0	1284	1
6329	unclassified	0	0	0	0	609	1
6330	unclassified	0	0	0	0	405	1
6331	unclassified	0	0	0	0	447	1
6320	NC_000008.11	9606	64	0	23	2766	1
6333	unclassified	0	0	0	0	639	1
6334	unclassified	0	0	0	0	333	1
6328	cid|1542	1542	64	0	23	2406	1
6332	unclassified	0	0	0	0	1959	1
6338	unclassified	0	0	0	0	162	1
6335	unclassified	0	0	0	0	1248	1
6339	unclassified	0	0	0	0	123	1
6336	unclassified	0	0	0	0	1269	1
6342	unclassified	0	0	0	0	207	1
6341	unclassified	0	0	0	0	471	1
6337	unclassified	0	0	0	0	1134	1
6345	unclassified	0	0	0	0	180	1
6343	unclassified	0	0	0	0	375	1
6346	unclassified	0	0	0	0	147	1
6340	unclassified	0	0	0	0	927	1
6344	NC_000018.10	9606	81	0	24	774	1
6349	unclassified	0	0	0	0	468	1
6348	unclassified	0	0	0	0	558	1
6352	unclassified	0	0	0	0	189	1
6353	unclassified	0	0	0	0	105	1
6347	unclassified	0	0	0	0	942	1
6355	unclassified	0	0	0	0	177	1
6356	unclassified	0	0	0	0	156	1
6357	unclassified	0	0	0	0	267	1
6351	unclassified	0	0	0	0	909	1
6358	unclassified	0	0	0	0	285	1
6350	unclassified	0	0	0	0	1299	1
6354	unclassified	0	0	0	0	1032	1
6359	unclassified	0	0	0	0	654	1
6360	unclassified	0	0	0	0	474	1
6364	unclassified	0	0	0	0	342	1
6361	unclassified	0	0	0	0	1014	1
6365	unclassified	0	0	0	0	453	1
6362	cid|712357	712357	81	0	24	1281	1
6367	unclassified	0	0	0	0	483	1
6363	unclassified	0	0	0	0	1218	1
6366	unclassified	0	0	0	0	825	1
6370	unclassified	0	0	0	0	378	1
6372	unclassified	0	0	0	0	267	1
6368	unclassified	0	0	0	0	840	1
6374	unclassified	0	0	0	0	162	1
6373	unclassified	0	0	0	0	228	1
6371	unclassified	0	0	0	0	675	1
6369	cid|912	912	64	0	23	969	1
6376	cid|1692238	1692238	64	0	23	306	1
6375	unclassified	0	0	0	0	492	1
6377	unclassified	0	0	0	0	639	1
6379	NC_000006.12	9606	121	121	26	216	2
6379	NC_000002.12	9606	121	121	26	216	2
6380	unclassified	0	0	0	0	1083	1
6382	unclassified	0	0	0	0	981	1
6378	unclassified	0	0	0	0	2178	1
6384	unclassified	0	0	0	0	837	1
6383	NC_000012.12	9606	64	0	23	1173	1
6381	NC_000015.10	9606	64	64	23	1797	3
6381	NT_187605.1	9606	64	64	23	1797	3
6381	NC_000004.12	9606	64	64	23	1797	3
6387	unclassified	0	0	0	0	219	1
6388	unclassified	0	0	0	0	243	1
6386	unclassified	0	0	0	0	477	1
6385	unclassified	0	0	0	0	978	1
6391	unclassified	0	0	0	0	372	1
6389	NC_000009.12	9606	64	0	23	480	1
6393	unclassified	0	0	0	0	183	1
6392	unclassified	0	0	0	0	405	1
6390	unclassified	0	0	0	0	951	1
6396	unclassified	0	0	0	0	345	1
6395	unclassified	0	0	0	0	468	1
6397	unclassified	0	0	0	0	426	1
6399	unclassified	0	0	0	0	417	1
6394	unclassified	0	0	0	0	1077	1
6400	unclassified	0	0	0	0	261	1
6401	unclassified	0	0	0	0	183	1
6403	unclassified	0	0	0	0	213	1
6402	unclassified	0	0	0	0	411	1
6405	unclassified	0	0	0	0	177	1
6398	unclassified	0	0	0	0	990	1
6406	unclassified	0	0	0	0	354	1
6407	unclassified	0	0	0	0	363	1
6409	unclassified	0	0	0	0	267	1
6408	unclassified	0	0	0	0	702	1
6404	unclassified	0	0	0	0	1155	1
6410	NC_000006.12	9606	121	0	26	618	1
6413	unclassified	0	0	0	0	291	1
6414	unclassified	0	0	0	0	288	1
6412	unclassified	0	0	0	0	780	1
6415	unclassified	0	0	0	0	279	1
6411	unclassified	0	0	0	0	930	1
6417	unclassified	0	0	0	0	186	1
6418	unclassified	0	0	0	0	168	1
6421	NC_000013.11	9606	64	0	23	237	1
6419	cid|762954	762954	64	0	23	492	1
6423	unclassified	0	0	0	0	402	1
6422	unclassified	0	0	0	0	771	1
6424	unclassified	0	0	0	0	207	1
6416	NC_000014.9	9606	121	64	26	1668	1
6425	unclassified	0	0	0	0	390	1
6420	unclassified	0	0	0	0	1971	1
6427	unclassified	0	0	0	0	987	1
6428	unclassified	0	0	0	0	1008	1
6429	unclassified	0	0	0	0	987	1
6432	unclassified	0	0	0	0	468	1
6426	unclassified	0	0	0	0	2367	1
6433	unclassified	0	0	0	0	240	1
6430	unclassified	0	0	0	0	1101	1
6431	NC_000001.11	9606	64	0	23	1176	1
6434	unclassified	0	0	0	0	300	1
6437	unclassified	0	0	0	0	432	1
6436	unclassified	0	0	0	0	579	1
6438	unclassified	0	0	0	0	537	1
6439	unclassified	0	0	0	0	321	1
6442	unclassified	0	0	0	0	222	1
6440	unclassified	0	0	0	0	555	1
6443	unclassified	0	0	0	0	282	1
6441	unclassified	0	0	0	0	582	1
6435	unclassified	0	0	0	0	1731	1
6446	unclassified	0	0	0	0	393	1
6448	unclassified	0	0	0	0	120	1
6445	unclassified	0	0	0	0	555	1
6449	unclassified	0	0	0	0	192	1
6444	unclassified	0	0	0	0	993	1
6447	cid|1406	1406	64	0	23	690	1
6452	unclassified	0	0	0	0	414	1
6454	unclassified	0	0	0	0	231	1
6453	NC_000023.11	9606	81	0	24	402	1
6450	unclassified	0	0	0	0	1074	1
6455	unclassified	0	0	0	0	675	1
6451	unclassified	0	0	0	0	1809	1
6459	unclassified	0	0	0	0	159	1
6456	unclassified	0	0	0	0	1326	1
6461	unclassified	0	0	0	0	117	1
6458	unclassified	0	0	0	0	849	1
6460	unclassified	0	0	0	0	645	1
6457	unclassified	0	0	0	0	1863	1
6464	unclassified	0	0	0	0	288	1
6463	unclassified	0	0	0	0	726	1
6466	unclassified	0	0	0	0	261	1
6462	unclassified	0	0	0	0	1116	1
6469	unclassified	0	0	0	0	186	1
6465	unclassified	0	0	0	0	684	1
6468	unclassified	0	0	0	0	849	1
6470	unclassified	0	0	0	0	561	1
6472	unclassified	0	0	0	0	93	1
6471	unclassified	0	0	0	0	669	1
6473	unclassified	0	0	0	0	228	1
6467	cid|1496	1496	64	0	23	1305	1
6474	unclassified	0	0	0	0	435	1
6478	unclassified	0	0	0	0	210	1
6476	species	38322	64	64	23	705	3
6476	species	177758	64	64	23	705	3
6476	genus	2335	64	64	23	705	3
6477	unclassified	0	0	0	0	756	1
6479	unclassified	0	0	0	0	504	1
6480	unclassified	0	0	0	0	183	1
6475	unclassified	0	0	0	0	1092	1
6481	unclassified	0	0	0	0	324	1
6483	unclassified	0	0	0	0	321	1
6482	unclassified	0	0	0	0	678	1
6484	unclassified	0	0	0	0	693	1
6485	NC_000004.12	9606	64	0	23	525	1
6486	unclassified	0	0	0	0	681	1
6487	unclassified	0	0	0	0	603	1
6488	unclassified	0	0	0	0	558	1
6491	unclassified	0	0	0	0	222	1
6493	unclassified	0	0	0	0	558	1
6492	unclassified	0	0	0	0	1104	1
6489	unclassified	0	0	0	0	1665	1
6494	unclassified	0	0	0	0	519	1
6497	unclassified	0	0	0	0	174	1
6495	cid|754409	754409	81	0	24	219	1
6496	unclassified	0	0	0	0	228	1
6498	unclassified	0	0	0	0	282	1
6490	NC_000004.12	9606	64	0	23	2247	1
6502	unclassified	0	0	0	0	312	1
6500	unclassified	0	0	0	0	774	1
6504	unclassified	0	0	0	0	219	1
6503	unclassified	0	0	0	0	267	1
6499	unclassified	0	0	0	0	1374	1
6501	unclassified	0	0	0	0	1194	1
6506	unclassified	0	0	0	0	477	1
6508	unclassified	0	0	0	0	240	1
6509	unclassified	0	0	0	0	177	1
6511	unclassified	0	0	0	0	186	1
6505	unclassified	0	0	0	0	1197	1
6512	unclassified	0	0	0	0	774	1
6507	unclassified	0	0	0	0	1353	1
6515	unclassified	0	0	0	0	171	1
6514	unclassified	0	0	0	0	348	1
6510	unclassified	0	0	0	0	1419	1
6517	unclassified	0	0	0	0	177	1
6516	unclassified	0	0	0	0	489	1
6513	NC_000004.12	9606	100	0	25	1185	1
6519	unclassified	0	0	0	0	363	1
6520	unclassified	0	0	0	0	222	1
6521	unclassified	0	0	0	0	519	1
6523	unclassified	0	0	0	0	891	1
6518	unclassified	0	0	0	0	1767	1
6526	unclassified	0	0	0	0	207	1
6522	unclassified	0	0	0	0	1638	1
6525	unclassified	0	0	0	0	1068	1
6524	NC_000013.11	9606	81	0	24	1437	1
6529	unclassified	0	0	0	0	141	1
6530	unclassified	0	0	0	0	123	1
6531	unclassified	0	0	0	0	741	1
6533	unclassified	0	0	0	0	210	1
6528	unclassified	0	0	0	0	1542	1
6535	unclassified	0	0	0	0	213	1
6536	unclassified	0	0	0	0	198	1
6532	unclassified	0	0	0	0	1374	1
6527	species	252970	64	64	23	1860	4
6527	species	75105	64	64	23	1860	4
6527	genus	32008	64	64	23	1860	4
6527	species	261302	64	64	23	1860	4
6534	unclassified	0	0	0	0	633	1
6540	unclassified	0	0	0	0	324	1
6538	unclassified	0	0	0	0	705	1
6542	unclassified	0	0	0	0	147	1
6537	unclassified	0	0	0	0	1401	1
6543	unclassified	0	0	0	0	579	1
6539	unclassified	0	0	0	0	1176	1
6545	unclassified	0	0	0	0	240	1
6547	unclassified	0	0	0	0	405	1
6544	unclassified	0	0	0	0	855	1
6548	unclassified	0	0	0	0	129	1
6546	unclassified	0	0	0	0	786	1
6551	unclassified	0	0	0	0	135	1
6549	NC_000007.14	9606	529	0	38	720	1
6550	unclassified	0	0	0	0	765	1
6541	unclassified	0	0	0	0	2361	1
6554	unclassified	0	0	0	0	390	1
6553	unclassified	0	0	0	0	474	1
6556	unclassified	0	0	0	0	126	1
6557	unclassified	0	0	0	0	180	1
6559	unclassified	0	0	0	0	168	1
6558	cid|36745	36745	81	0	24	270	1
6561	unclassified	0	0	0	0	240	1
6560	unclassified	0	0	0	0	270	1
6555	cid|372663	372663	64	0	23	807	1
6552	unclassified	0	0	0	0	1686	1
6563	unclassified	0	0	0	0	180	1
6565	unclassified	0	0	0	0	303	1
6562	unclassified	0	0	0	0	498	1
6564	unclassified	0	0	0	0	882	1
6569	unclassified	0	0	0	0	411	1
6566	unclassified	0	0	0	0	1194	1
6570	unclassified	0	0	0	0	174	1
6571	unclassified	0	0	0	0	168	1
6568	unclassified	0	0	0	0	1116	1
6567	unclassified	0	0	0	0	1317	1
6572	unclassified	0	0	0	0	375	1
6574	unclassified	0	0	0	0	333	1
6576	unclassified	0	0	0	0	168	1
6577	unclassified	0	0	0	0	294	1
6575	unclassified	0	0	0	0	648	1
6580	unclassified	0	0	0	0	222	1
6578	unclassified	0	0	0	0	822	1
6582	unclassified	0	0	0	0	156	1
6573	unclassified	0	0	0	0	1704	1
6581	unclassified	0	0	0	0	711	1
6583	unclassified	0	0	0	0	513	1
6586	unclassified	0	0	0	0	324	1
6585	unclassified	0	0	0	0	540	1
6584	unclassified	0	0	0	0	747	1
6579	unclassified	0	0	0	0	1788	1
6590	unclassified	0	0	0	0	330	1
6591	unclassified	0	0	0	0	621	1
6589	unclassified	0	0	0	0	1017	1
6588	unclassified	0	0	0	0	1203	1
6587	unclassified	0	0	0	0	1305	1
6592	unclassified	0	0	0	0	573	1
6596	unclassified	0	0	0	0	432	1
6594	unclassified	0	0	0	0	1029	1
6597	unclassified	0	0	0	0	279	1
6598	unclassified	0	0	0	0	624	1
6593	NC_000017.11	9606	225	0	30	1749	1
6599	cid|60961	60961	64	0	23	768	1
6595	cid|473531	473531	256	256	31	1701	2
6595	cid|65093	65093	256	256	31	1701	2
6600	unclassified	0	0	0	0	981	1
6601	unclassified	0	0	0	0	855	1
6602	unclassified	0	0	0	0	1065	1
6603	unclassified	0	0	0	0	1077	1
6604	unclassified	0	0	0	0	465	1
6608	unclassified	0	0	0	0	306	1
6607	unclassified	0	0	0	0	414	1
6605	unclassified	0	0	0	0	897	1
6606	unclassified	0	0	0	0	702	1
6610	unclassified	0	0	0	0	291	1
6609	unclassified	0	0	0	0	453	1
6612	unclassified	0	0	0	0	321	1
6611	unclassified	0	0	0	0	588	1
6616	unclassified	0	0	0	0	285	1
6613	unclassified	0	0	0	0	639	1
6614	unclassified	0	0	0	0	918	1
6615	unclassified	0	0	0	0	966	1
6618	unclassified	0	0	0	0	900	1
6619	unclassified	0	0	0	0	612	1
6617	unclassified	0	0	0	0	1071	1
6620	unclassified	0	0	0	0	678	1
6621	unclassified	0	0	0	0	465	1
6624	unclassified	0	0	0	0	627	1
6622	unclassified	0	0	0	0	804	1
6625	unclassified	0	0	0	0	468	1
6626	unclassified	0	0	0	0	252	1
6623	unclassified	0	0	0	0	1305	1
6629	unclassified	0	0	0	0	483	1
6628	unclassified	0	0	0	0	753	1
6630	unclassified	0	0	0	0	468	1
6627	unclassified	0	0	0	0	1062	1
6633	unclassified	0	0	0	0	165	1
6631	unclassified	0	0	0	0	714	1
6634	unclassified	0	0	0	0	450	1
6635	unclassified	0	0	0	0	543	1
6636	unclassified	0	0	0	0	489	1
6632	unclassified	0	0	0	0	1095	1
6639	cid|1501	1501	225	64	30	732	1
6637	unclassified	0	0	0	0	1395	1
6640	unclassified	0	0	0	0	1584	1
6641	unclassified	0	0	0	0	1110	1
6644	unclassified	0	0	0	0	234	1
6642	unclassified	0	0	0	0	1431	1
6645	unclassified	0	0	0	0	588	1
6646	unclassified	0	0	0	0	276	1
6647	unclassified	0	0	0	0	180	1
6643	unclassified	0	0	0	0	1323	1
6648	cid|312279	312279	64	0	23	399	1
6638	unclassified	0	0	0	0	3384	1
6649	unclassified	0	0	0	0	477	1
6651	unclassified	0	0	0	0	222	1
6652	unclassified	0	0	0	0	207	1
6650	unclassified	0	0	0	0	468	1
6654	unclassified	0	0	0	0	309	1
6656	unclassified	0	0	0	0	321	1
6657	unclassified	0	0	0	0	249	1
6658	unclassified	0	0	0	0	267	1
6653	unclassified	0	0	0	0	885	1
6660	unclassified	0	0	0	0	159	1
6655	unclassified	0	0	0	0	1251	1
6662	unclassified	0	0	0	0	642	1
6664	unclassified	0	0	0	0	120	1
6659	cid|1763538	1763538	100	0	25	1176	1
6663	unclassified	0	0	0	0	543	1
6665	unclassified	0	0	0	0	270	1
6666	unclassified	0	0	0	0	258	1
6661	unclassified	0	0	0	0	1254	1
6668	unclassified	0	0	0	0	420	1
6667	unclassified	0	0	0	0	537	1
6670	unclassified	0	0	0	0	456	1
6671	unclassified	0	0	0	0	243	1
6672	unclassified	0	0	0	0	219	1
6673	unclassified	0	0	0	0	270	1
6674	unclassified	0	0	0	0	357	1
6669	unclassified	0	0	0	0	1047	1
6677	unclassified	0	0	0	0	285	1
6678	unclassified	0	0	0	0	234	1
6676	unclassified	0	0	0	0	777	1
6675	unclassified	0	0	0	0	1134	1
6679	unclassified	0	0	0	0	624	1
6680	unclassified	0	0	0	0	600	1
6683	unclassified	0	0	0	0	243	1
6681	unclassified	0	0	0	0	621	1
6682	unclassified	0	0	0	0	387	1
6686	unclassified	0	0	0	0	231	1
6684	unclassified	0	0	0	0	675	1
6685	unclassified	0	0	0	0	498	1
6688	unclassified	0	0	0	0	396	1
6687	unclassified	0	0	0	0	777	1
6689	unclassified	0	0	0	0	441	1
6693	unclassified	0	0	0	0	180	1
6691	unclassified	0	0	0	0	843	1
6695	unclassified	0	0	0	0	237	1
6690	unclassified	0	0	0	0	1296	1
6697	unclassified	0	0	0	0	129	1
6694	unclassified	0	0	0	0	906	1
6692	unclassified	0	0	0	0	1239	1
6696	unclassified	0	0	0	0	429	1
6699	unclassified	0	0	0	0	354	1
6701	unclassified	0	0	0	0	366	1
6702	unclassified	0	0	0	0	159	1
6700	unclassified	0	0	0	0	711	1
6703	unclassified	0	0	0	0	606	1
6698	unclassified	0	0	0	0	1212	1
6704	unclassified	0	0	0	0	816	1
6707	unclassified	0	0	0	0	348	1
6705	unclassified	0	0	0	0	855	1
6710	unclassified	0	0	0	0	141	1
6709	NC_000016.10	9606	64	0	23	249	1
6706	unclassified	0	0	0	0	756	1
6711	unclassified	0	0	0	0	639	1
6714	unclassified	0	0	0	0	408	1
6712	unclassified	0	0	0	0	1131	1
6715	unclassified	0	0	0	0	528	1
6716	unclassified	0	0	0	0	246	1
6708	unclassified	0	0	0	0	1140	1
6719	unclassified	0	0	0	0	177	1
6718	unclassified	0	0	0	0	303	1
6713	unclassified	0	0	0	0	1668	1
6722	unclassified	0	0	0	0	546	1
6720	NC_000004.12	9606	64	0	23	681	1
6723	unclassified	0	0	0	0	441	1
6721	unclassified	0	0	0	0	1017	1
6724	unclassified	0	0	0	0	381	1
6717	unclassified	0	0	0	0	1431	1
6728	unclassified	0	0	0	0	261	1
6726	unclassified	0	0	0	0	378	1
6729	unclassified	0	0	0	0	111	1
6727	unclassified	0	0	0	0	582	1
6725	unclassified	0	0	0	0	819	1
6733	unclassified	0	0	0	0	510	1
6732	unclassified	0	0	0	0	771	1
6735	unclassified	0	0	0	0	126	1
6734	unclassified	0	0	0	0	294	1
6730	unclassified	0	0	0	0	1203	1
6731	unclassified	0	0	0	0	1290	1
6739	unclassified	0	0	0	0	111	1
6740	unclassified	0	0	0	0	165	1
6737	unclassified	0	0	0	0	390	1
6741	unclassified	0	0	0	0	177	1
6738	unclassified	0	0	0	0	603	1
6742	unclassified	0	0	0	0	267	1
6736	unclassified	0	0	0	0	726	1
6743	unclassified	0	0	0	0	504	1
6746	unclassified	0	0	0	0	396	1
6745	unclassified	0	0	0	0	504	1
6747	unclassified	0	0	0	0	330	1
6748	unclassified	0	0	0	0	276	1
6750	unclassified	0	0	0	0	528	1
6749	cid|940615	940615	529	0	38	750	1
6744	unclassified	0	0	0	0	1365	1
6754	unclassified	0	0	0	0	189	1
6752	unclassified	0	0	0	0	507	1
6753	unclassified	0	0	0	0	354	1
6751	unclassified	0	0	0	0	927	1
6755	unclassified	0	0	0	0	324	1
6756	unclassified	0	0	0	0	336	1
6760	unclassified	0	0	0	0	345	1
6757	cid|1193095	1193095	81	0	24	654	1
6759	unclassified	0	0	0	0	471	1
6761	unclassified	0	0	0	0	222	1
6762	unclassified	0	0	0	0	219	1
6763	unclassified	0	0	0	0	231	1
6764	unclassified	0	0	0	0	300	1
6765	unclassified	0	0	0	0	309	1
6766	unclassified	0	0	0	0	363	1
6758	unclassified	0	0	0	0	1440	1
6767	unclassified	0	0	0	0	396	1
6768	unclassified	0	0	0	0	447	1
6770	unclassified	0	0	0	0	234	1
6772	unclassified	0	0	0	0	246	1
6771	unclassified	0	0	0	0	387	1
6773	unclassified	0	0	0	0	534	1
6774	unclassified	0	0	0	0	387	1
6769	cid|82996	82996	144	0	27	963	1
6776	unclassified	0	0	0	0	351	1
6777	unclassified	0	0	0	0	318	1
6775	unclassified	0	0	0	0	810	1
6779	unclassified	0	0	0	0	228	1
6780	unclassified	0	0	0	0	270	1
6781	unclassified	0	0	0	0	114	1
6778	unclassified	0	0	0	0	645	1
6783	cid|36745	36745	64	0	23	423	1
6785	unclassified	0	0	0	0	495	1
6782	unclassified	0	0	0	0	795	1
6784	unclassified	0	0	0	0	816	1
6786	unclassified	0	0	0	0	522	1
6789	unclassified	0	0	0	0	255	1
6790	unclassified	0	0	0	0	108	1
6787	NC_000014.9	9606	64	0	23	507	1
6791	species	296591	196	196	29	378	5
6791	species	74313	196	196	29	378	5
6791	species	34073	196	196	29	378	5
6791	species	404589	196	196	29	378	5
6791	genus	68287	196	196	29	378	5
6792	unclassified	0	0	0	0	1023	1
6795	unclassified	0	0	0	0	141	1
6794	unclassified	0	0	0	0	1104	1
6793	unclassified	0	0	0	0	1530	1
6796	unclassified	0	0	0	0	615	1
6799	unclassified	0	0	0	0	165	1
6797	unclassified	0	0	0	0	315	1
6798	unclassified	0	0	0	0	324	1
6800	unclassified	0	0	0	0	120	1
6788	cid|1491	1491	324	0	33	2202	1
6801	unclassified	0	0	0	0	189	1
6802	unclassified	0	0	0	0	456	1
6804	unclassified	0	0	0	0	402	1
6805	unclassified	0	0	0	0	657	1
6807	unclassified	0	0	0	0	348	1
6803	unclassified	0	0	0	0	1089	1
6808	unclassified	0	0	0	0	702	1
6810	cid|1410606	1410606	81	0	24	624	1
6812	unclassified	0	0	0	0	171	1
6806	unclassified	0	0	0	0	1530	1
6813	unclassified	0	0	0	0	384	1
6809	cid|86665	86665	121	81	26	1440	1
6814	unclassified	0	0	0	0	525	1
6811	unclassified	0	0	0	0	1272	1
6816	unclassified	0	0	0	0	348	1
6815	unclassified	0	0	0	0	591	1
6819	unclassified	0	0	0	0	216	1
6820	unclassified	0	0	0	0	171	1
6822	unclassified	0	0	0	0	288	1
6821	unclassified	0	0	0	0	423	1
6818	unclassified	0	0	0	0	1068	1
6817	cid|1244531	1244531	64	64	23	1194	5
6817	cid|309805	309805	64	64	23	1194	5
6817	cid|29329	29329	64	64	23	1194	5
6817	cid|42422	42422	64	64	23	1194	5
6817	cid|885581	885581	64	64	23	1194	5
6823	unclassified	0	0	0	0	927	1
6826	unclassified	0	0	0	0	333	1
6824	cid|1229909	1229909	121	0	26	1005	1
6828	unclassified	0	0	0	0	780	1
6825	unclassified	0	0	0	0	1572	1
6827	unclassified	0	0	0	0	1182	1
6829	cid|244787	244787	81	0	24	1236	1
6830	cid|83816	83816	64	0	23	858	1
6831	unclassified	0	0	0	0	816	1
6833	unclassified	0	0	0	0	492	1
6834	unclassified	0	0	0	0	279	1
6835	unclassified	0	0	0	0	255	1
6832	unclassified	0	0	0	0	1485	1
6836	unclassified	0	0	0	0	819	1
6837	unclassified	0	0	0	0	867	1
6838	unclassified	0	0	0	0	1251	1
6840	cid|65553	65553	64	64	23	1128	2
6840	cid|39766	39766	64	64	23	1128	2
6841	unclassified	0	0	0	0	1104	1
6839	cid|86662	86662	81	0	24	1401	1
6842	cid|2234	2234	144	0	27	834	1
6846	unclassified	0	0	0	0	447	1
6844	unclassified	0	0	0	0	1185	1
6848	unclassified	0	0	0	0	336	1
6847	unclassified	0	0	0	0	1101	1
6845	unclassified	0	0	0	0	1692	1
6850	unclassified	0	0	0	0	318	1
6851	unclassified	0	0	0	0	708	1
6849	unclassified	0	0	0	0	888	1
6843	cid|712357	712357	169	121	28	2202	1
6855	unclassified	0	0	0	0	288	1
6853	unclassified	0	0	0	0	591	1
6854	unclassified	0	0	0	0	696	1
6852	unclassified	0	0	0	0	1266	1
6859	unclassified	0	0	0	0	573	1
6856	unclassified	0	0	0	0	1161	1
6858	cid|1436290	1436290	100	0	25	804	1
6857	unclassified	0	0	0	0	1182	1
6862	unclassified	0	0	0	0	303	1
6861	unclassified	0	0	0	0	390	1
6860	unclassified	0	0	0	0	546	1
6866	unclassified	0	0	0	0	315	1
6863	unclassified	0	0	0	0	678	1
6864	unclassified	0	0	0	0	606	1
6865	unclassified	0	0	0	0	1107	1
6867	unclassified	0	0	0	0	858	1
6869	unclassified	0	0	0	0	876	1
6872	unclassified	0	0	0	0	153	1
6870	unclassified	0	0	0	0	468	1
6868	unclassified	0	0	0	0	1419	1
6874	unclassified	0	0	0	0	318	1
6875	unclassified	0	0	0	0	192	1
6876	unclassified	0	0	0	0	219	1
6871	unclassified	0	0	0	0	951	1
6877	unclassified	0	0	0	0	171	1
6878	unclassified	0	0	0	0	312	1
6881	unclassified	0	0	0	0	438	1
6873	unclassified	0	0	0	0	1374	1
6879	unclassified	0	0	0	0	753	1
6882	unclassified	0	0	0	0	174	1
6885	unclassified	0	0	0	0	147	1
6884	unclassified	0	0	0	0	213	1
6880	unclassified	0	0	0	0	960	1
6887	unclassified	0	0	0	0	174	1
6883	unclassified	0	0	0	0	699	1
6889	unclassified	0	0	0	0	372	1
6886	unclassified	0	0	0	0	666	1
6890	unclassified	0	0	0	0	327	1
6888	unclassified	0	0	0	0	741	1
6894	unclassified	0	0	0	0	336	1
6891	unclassified	0	0	0	0	678	1
6895	unclassified	0	0	0	0	252	1
6892	unclassified	0	0	0	0	714	1
6893	unclassified	0	0	0	0	798	1
6896	unclassified	0	0	0	0	516	1
6898	cid|1337936	1337936	64	0	23	339	1
6900	unclassified	0	0	0	0	249	1
6901	unclassified	0	0	0	0	246	1
6897	unclassified	0	0	0	0	888	1
6904	unclassified	0	0	0	0	192	1
6902	unclassified	0	0	0	0	822	1
6906	cid|215689	215689	64	0	23	198	1
6905	unclassified	0	0	0	0	663	1
6903	unclassified	0	0	0	0	1140	1
6908	unclassified	0	0	0	0	390	1
6907	unclassified	0	0	0	0	642	1
6909	unclassified	0	0	0	0	561	1
6899	unclassified	0	0	0	0	2250	1
6913	unclassified	0	0	0	0	417	1
6912	unclassified	0	0	0	0	525	1
6914	unclassified	0	0	0	0	150	1
6915	unclassified	0	0	0	0	348	1
6916	unclassified	0	0	0	0	306	1
6918	unclassified	0	0	0	0	192	1
6919	unclassified	0	0	0	0	249	1
6911	cid|36745	36745	81	0	24	1614	1
6921	unclassified	0	0	0	0	123	1
6920	unclassified	0	0	0	0	420	1
6917	unclassified	0	0	0	0	978	1
6924	unclassified	0	0	0	0	420	1
6922	unclassified	0	0	0	0	702	1
6910	cid|2148	2148	81	64	24	2304	1
6925	unclassified	0	0	0	0	279	1
6926	unclassified	0	0	0	0	252	1
6928	unclassified	0	0	0	0	162	1
6929	unclassified	0	0	0	0	315	1
6923	cid|2102	2102	64	0	23	1131	1
6930	unclassified	0	0	0	0	372	1
6931	unclassified	0	0	0	0	297	1
6934	unclassified	0	0	0	0	201	1
6932	unclassified	0	0	0	0	618	1
6935	unclassified	0	0	0	0	189	1
6936	unclassified	0	0	0	0	231	1
6927	cid|288	288	64	0	23	1314	1
6937	unclassified	0	0	0	0	366	1
6933	unclassified	0	0	0	0	951	1
6938	unclassified	0	0	0	0	402	1
6940	unclassified	0	0	0	0	324	1
6942	unclassified	0	0	0	0	201	1
6939	unclassified	0	0	0	0	600	1
6944	unclassified	0	0	0	0	156	1
6943	unclassified	0	0	0	0	390	1
6946	unclassified	0	0	0	0	132	1
6948	unclassified	0	0	0	0	204	1
6945	unclassified	0	0	0	0	444	1
6949	unclassified	0	0	0	0	354	1
6941	cid|851	851	64	0	23	1305	1
6952	unclassified	0	0	0	0	135	1
6947	unclassified	0	0	0	0	840	1
6951	unclassified	0	0	0	0	462	1
6953	unclassified	0	0	0	0	330	1
6954	cid|1476	1476	8619	0	178	201	1
6956	unclassified	0	0	0	0	171	1
6957	unclassified	0	0	0	0	294	1
6955	unclassified	0	0	0	0	582	1
6950	unclassified	0	0	0	0	1332	1
6958	unclassified	0	0	0	0	897	1
6962	unclassified	0	0	0	0	168	1
6959	unclassified	0	0	0	0	888	1
6964	unclassified	0	0	0	0	234	1
6965	unclassified	0	0	0	0	189	1
6966	unclassified	0	0	0	0	282	1
6960	unclassified	0	0	0	0	1527	1
6961	unclassified	0	0	0	0	1329	1
6967	unclassified	0	0	0	0	348	1
6968	cid|1457141	1457141	64	64	23	333	2
6968	cid|1457153	1457153	64	64	23	333	2
6969	unclassified	0	0	0	0	342	1
6972	unclassified	0	0	0	0	141	1
6970	unclassified	0	0	0	0	453	1
6971	unclassified	0	0	0	0	396	1
6973	unclassified	0	0	0	0	246	1
6974	unclassified	0	0	0	0	258	1
6976	unclassified	0	0	0	0	198	1
6975	unclassified	0	0	0	0	420	1
6977	unclassified	0	0	0	0	447	1
6978	unclassified	0	0	0	0	477	1
6963	NC_000004.12	9606	81	64	24	2193	1
6980	unclassified	0	0	0	0	375	1
6982	unclassified	0	0	0	0	336	1
6981	unclassified	0	0	0	0	456	1
6979	unclassified	0	0	0	0	828	1
6984	unclassified	0	0	0	0	225	1
6986	unclassified	0	0	0	0	90	1
6983	NC_000010.11	9606	64	0	23	372	1
6987	unclassified	0	0	0	0	255	1
6989	unclassified	0	0	0	0	378	1
6990	unclassified	0	0	0	0	372	1
6988	unclassified	0	0	0	0	606	1
6985	unclassified	0	0	0	0	918	1
6991	unclassified	0	0	0	0	375	1
6993	unclassified	0	0	0	0	135	1
6996	unclassified	0	0	0	0	156	1
6994	unclassified	0	0	0	0	432	1
6995	unclassified	0	0	0	0	432	1
6998	unclassified	0	0	0	0	276	1
6992	unclassified	0	0	0	0	975	1
6999	unclassified	0	0	0	0	399	1
7001	unclassified	0	0	0	0	237	1
7000	unclassified	0	0	0	0	411	1
7002	unclassified	0	0	0	0	294	1
7003	unclassified	0	0	0	0	156	1
7005	unclassified	0	0	0	0	123	1
7006	unclassified	0	0	0	0	183	1
6997	unclassified	0	0	0	0	1296	1
7009	unclassified	0	0	0	0	237	1
7008	unclassified	0	0	0	0	429	1
7010	unclassified	0	0	0	0	324	1
7011	unclassified	0	0	0	0	318	1
7007	unclassified	0	0	0	0	972	1
7014	unclassified	0	0	0	0	495	1
7013	unclassified	0	0	0	0	528	1
7004	NC_000010.11	9606	64	0	23	1569	1
7016	unclassified	0	0	0	0	720	1
7012	unclassified	0	0	0	0	1584	1
7017	unclassified	0	0	0	0	993	1
7015	cid|1501268	1501268	81	0	24	1161	1
7019	unclassified	0	0	0	0	297	1
7018	unclassified	0	0	0	0	660	1
7021	unclassified	0	0	0	0	342	1
7022	unclassified	0	0	0	0	351	1
7025	unclassified	0	0	0	0	207	1
7023	unclassified	0	0	0	0	495	1
7027	unclassified	0	0	0	0	276	1
7026	unclassified	0	0	0	0	663	1
7028	unclassified	0	0	0	0	270	1
7020	unclassified	0	0	0	0	1467	1
7024	cid|279058	279058	121	81	26	822	1
7032	unclassified	0	0	0	0	123	1
7030	unclassified	0	0	0	0	375	1
7031	unclassified	0	0	0	0	369	1
7029	unclassified	0	0	0	0	543	1
7034	unclassified	0	0	0	0	159	1
7036	unclassified	0	0	0	0	285	1
7038	unclassified	0	0	0	0	279	1
7035	cid|666686	666686	256	0	31	675	1
7039	unclassified	0	0	0	0	282	1
7033	unclassified	0	0	0	0	1350	1
7042	unclassified	0	0	0	0	399	1
7037	unclassified	0	0	0	0	1521	1
7041	unclassified	0	0	0	0	795	1
7040	unclassified	0	0	0	0	1122	1
7045	unclassified	0	0	0	0	336	1
7046	unclassified	0	0	0	0	411	1
7044	unclassified	0	0	0	0	948	1
7048	unclassified	0	0	0	0	432	1
7047	unclassified	0	0	0	0	627	1
7049	unclassified	0	0	0	0	186	1
7052	unclassified	0	0	0	0	438	1
7051	unclassified	0	0	0	0	540	1
7043	NC_000023.11	9606	121	121	26	1590	2
7043	NC_000006.12	9606	121	121	26	1590	2
7053	unclassified	0	0	0	0	234	1
7050	unclassified	0	0	0	0	783	1
7054	unclassified	0	0	0	0	468	1
7058	unclassified	0	0	0	0	333	1
7056	unclassified	0	0	0	0	843	1
7055	unclassified	0	0	0	0	963	1
7057	unclassified	0	0	0	0	921	1
7059	unclassified	0	0	0	0	651	1
7060	unclassified	0	0	0	0	849	1
7063	unclassified	0	0	0	0	510	1
7061	cid|1835254	1835254	81	64	24	858	1
7062	unclassified	0	0	0	0	1047	1
7064	NC_000001.11	9606	64	0	23	750	1
7066	unclassified	0	0	0	0	636	1
7068	unclassified	0	0	0	0	177	1
7065	unclassified	0	0	0	0	1029	1
7070	unclassified	0	0	0	0	462	1
7072	unclassified	0	0	0	0	258	1
7071	unclassified	0	0	0	0	522	1
7069	unclassified	0	0	0	0	900	1
7074	unclassified	0	0	0	0	156	1
7073	unclassified	0	0	0	0	195	1
7075	unclassified	0	0	0	0	237	1
7077	unclassified	0	0	0	0	507	1
7078	unclassified	0	0	0	0	390	1
7079	unclassified	0	0	0	0	354	1
7081	unclassified	0	0	0	0	138	1
7067	cid|2208	2208	81	0	24	2694	1
7076	unclassified	0	0	0	0	1104	1
7082	unclassified	0	0	0	0	330	1
7084	unclassified	0	0	0	0	168	1
7085	unclassified	0	0	0	0	387	1
7086	unclassified	0	0	0	0	321	1
7080	unclassified	0	0	0	0	1299	1
7083	unclassified	0	0	0	0	684	1
7087	unclassified	0	0	0	0	216	1
7088	unclassified	0	0	0	0	396	1
7089	unclassified	0	0	0	0	447	1
7090	unclassified	0	0	0	0	438	1
7092	unclassified	0	0	0	0	297	1
7094	unclassified	0	0	0	0	408	1
7093	unclassified	0	0	0	0	423	1
7095	unclassified	0	0	0	0	324	1
7091	NC_000003.12	9606	64	0	23	849	1
7096	unclassified	0	0	0	0	135	1
7099	unclassified	0	0	0	0	489	1
7098	unclassified	0	0	0	0	543	1
7100	unclassified	0	0	0	0	657	1
7097	unclassified	0	0	0	0	864	1
7101	unclassified	0	0	0	0	405	1
7103	unclassified	0	0	0	0	267	1
7102	unclassified	0	0	0	0	459	1
7106	unclassified	0	0	0	0	204	1
7108	unclassified	0	0	0	0	105	1
7105	unclassified	0	0	0	0	333	1
7109	unclassified	0	0	0	0	198	1
7110	unclassified	0	0	0	0	210	1
7112	unclassified	0	0	0	0	195	1
7104	cid|714	714	81	0	24	816	1
7114	unclassified	0	0	0	0	252	1
7113	unclassified	0	0	0	0	273	1
7107	unclassified	0	0	0	0	1011	1
7116	unclassified	0	0	0	0	177	1
7115	unclassified	0	0	0	0	429	1
7111	NW_003315921.1	9606	64	0	23	990	1
7118	unclassified	0	0	0	0	330	1
7117	unclassified	0	0	0	0	411	1
7122	unclassified	0	0	0	0	390	1
7123	unclassified	0	0	0	0	234	1
7121	unclassified	0	0	0	0	834	1
7120	cid|63186	63186	121	0	26	894	1
7124	unclassified	0	0	0	0	345	1
7127	unclassified	0	0	0	0	381	1
7126	unclassified	0	0	0	0	492	1
7129	unclassified	0	0	0	0	249	1
7119	unclassified	0	0	0	0	1965	1
7130	unclassified	0	0	0	0	225	1
7132	unclassified	0	0	0	0	153	1
7128	unclassified	0	0	0	0	645	1
7131	unclassified	0	0	0	0	378	1
7134	unclassified	0	0	0	0	177	1
7133	unclassified	0	0	0	0	270	1
7125	unclassified	0	0	0	0	1839	1
7137	unclassified	0	0	0	0	417	1
7138	unclassified	0	0	0	0	192	1
7140	unclassified	0	0	0	0	360	1
7135	unclassified	0	0	0	0	1047	1
7142	unclassified	0	0	0	0	135	1
7141	unclassified	0	0	0	0	360	1
7136	unclassified	0	0	0	0	1404	1
7139	unclassified	0	0	0	0	942	1
7145	unclassified	0	0	0	0	141	1
7143	unclassified	0	0	0	0	432	1
7146	unclassified	0	0	0	0	375	1
7147	unclassified	0	0	0	0	315	1
7144	unclassified	0	0	0	0	681	1
7150	unclassified	0	0	0	0	216	1
7149	unclassified	0	0	0	0	531	1
7151	unclassified	0	0	0	0	540	1
7152	unclassified	0	0	0	0	576	1
7148	unclassified	0	0	0	0	1074	1
7156	unclassified	0	0	0	0	318	1
7155	unclassified	0	0	0	0	471	1
7154	unclassified	0	0	0	0	519	1
7153	unclassified	0	0	0	0	963	1
7159	unclassified	0	0	0	0	204	1
7157	unclassified	0	0	0	0	456	1
7161	unclassified	0	0	0	0	420	1
7163	unclassified	0	0	0	0	219	1
7160	unclassified	0	0	0	0	708	1
7164	unclassified	0	0	0	0	165	1
7166	unclassified	0	0	0	0	150	1
7158	unclassified	0	0	0	0	1281	1
7165	unclassified	0	0	0	0	363	1
7167	unclassified	0	0	0	0	213	1
7162	unclassified	0	0	0	0	1167	1
7168	unclassified	0	0	0	0	285	1
7169	unclassified	0	0	0	0	387	1
7172	unclassified	0	0	0	0	237	1
7171	unclassified	0	0	0	0	390	1
7173	unclassified	0	0	0	0	267	1
7170	unclassified	0	0	0	0	615	1
7175	unclassified	0	0	0	0	246	1
7176	unclassified	0	0	0	0	165	1
7174	unclassified	0	0	0	0	552	1
7179	unclassified	0	0	0	0	366	1
7180	unclassified	0	0	0	0	318	1
7181	unclassified	0	0	0	0	255	1
7182	unclassified	0	0	0	0	135	1
7183	unclassified	0	0	0	0	105	1
7185	NC_000019.10	9606	64	64	23	96	4
7185	NC_000006.12	9606	64	64	23	96	4
7185	NC_000010.11	9606	64	64	23	96	4
7185	NC_000005.10	9606	64	64	23	96	4
7178	NC_000017.11	9606	64	0	23	996	1
7187	unclassified	0	0	0	0	75	1
7177	unclassified	0	0	0	0	1341	1
7188	unclassified	0	0	0	0	264	1
7186	unclassified	0	0	0	0	507	1
7189	unclassified	0	0	0	0	261	1
7190	unclassified	0	0	0	0	348	1
7184	unclassified	0	0	0	0	1062	1
7192	unclassified	0	0	0	0	534	1
7193	unclassified	0	0	0	0	666	1
7195	unclassified	0	0	0	0	411	1
7196	unclassified	0	0	0	0	219	1
7194	unclassified	0	0	0	0	744	1
7198	unclassified	0	0	0	0	249	1
7191	unclassified	0	0	0	0	1542	1
7197	unclassified	0	0	0	0	633	1
7199	unclassified	0	0	0	0	678	1
7200	unclassified	0	0	0	0	699	1
7204	unclassified	0	0	0	0	183	1
7202	unclassified	0	0	0	0	609	1
7206	unclassified	0	0	0	0	162	1
7201	unclassified	0	0	0	0	951	1
7205	unclassified	0	0	0	0	351	1
7207	unclassified	0	0	0	0	204	1
7208	unclassified	0	0	0	0	225	1
7203	unclassified	0	0	0	0	996	1
7209	unclassified	0	0	0	0	237	1
7211	unclassified	0	0	0	0	96	1
7210	unclassified	0	0	0	0	432	1
7214	unclassified	0	0	0	0	276	1
7216	unclassified	0	0	0	0	393	1
7215	unclassified	0	0	0	0	477	1
7213	cid|259537	259537	64	0	23	786	1
7218	unclassified	0	0	0	0	213	1
7219	unclassified	0	0	0	0	111	1
7217	unclassified	0	0	0	0	315	1
7222	unclassified	0	0	0	0	150	1
7221	unclassified	0	0	0	0	297	1
7223	unclassified	0	0	0	0	201	1
7220	unclassified	0	0	0	0	459	1
7224	unclassified	0	0	0	0	297	1
7227	unclassified	0	0	0	0	129	1
7225	unclassified	0	0	0	0	399	1
7226	unclassified	0	0	0	0	372	1
7228	unclassified	0	0	0	0	150	1
7229	unclassified	0	0	0	0	201	1
7231	unclassified	0	0	0	0	165	1
7232	unclassified	0	0	0	0	180	1
7230	unclassified	0	0	0	0	420	1
7233	unclassified	0	0	0	0	276	1
7236	unclassified	0	0	0	0	117	1
7234	unclassified	0	0	0	0	630	1
7238	unclassified	0	0	0	0	327	1
7235	unclassified	0	0	0	0	915	1
7237	unclassified	0	0	0	0	912	1
7212	unclassified	0	0	0	0	3360	1
7239	unclassified	0	0	0	0	537	1
7241	unclassified	0	0	0	0	438	1
7242	unclassified	0	0	0	0	483	1
7243	unclassified	0	0	0	0	339	1
7244	unclassified	0	0	0	0	306	1
7245	unclassified	0	0	0	0	216	1
7246	unclassified	0	0	0	0	231	1
7240	unclassified	0	0	0	0	1101	1
7249	unclassified	0	0	0	0	144	1
7248	unclassified	0	0	0	0	201	1
7247	unclassified	0	0	0	0	435	1
7252	unclassified	0	0	0	0	285	1
7250	unclassified	0	0	0	0	411	1
7254	unclassified	0	0	0	0	219	1
7251	unclassified	0	0	0	0	732	1
7253	unclassified	0	0	0	0	651	1
7257	unclassified	0	0	0	0	186	1
7258	unclassified	0	0	0	0	159	1
7255	unclassified	0	0	0	0	600	1
7259	unclassified	0	0	0	0	126	1
7262	unclassified	0	0	0	0	114	1
7260	unclassified	0	0	0	0	297	1
7256	unclassified	0	0	0	0	672	1
7265	unclassified	0	0	0	0	444	1
7264	unclassified	0	0	0	0	876	1
7263	unclassified	0	0	0	0	1041	1
7261	unclassified	0	0	0	0	1263	1
7269	unclassified	0	0	0	0	285	1
7266	unclassified	0	0	0	0	1056	1
7270	cid|571	571	64	0	23	294	1
7272	unclassified	0	0	0	0	132	1
7271	unclassified	0	0	0	0	516	1
7268	unclassified	0	0	0	0	1221	1
7267	cid|1229909	1229909	196	0	29	1398	1
7273	unclassified	0	0	0	0	579	1
7275	unclassified	0	0	0	0	132	1
7277	unclassified	0	0	0	0	201	1
7274	unclassified	0	0	0	0	582	1
7278	unclassified	0	0	0	0	474	1
7279	unclassified	0	0	0	0	411	1
7280	NC_000002.12	9606	64	0	23	648	1
7276	cid|513050	513050	81	0	24	1083	1
7281	unclassified	0	0	0	0	672	1
7284	unclassified	0	0	0	0	231	1
7285	unclassified	0	0	0	0	471	1
7282	unclassified	0	0	0	0	1119	1
7286	unclassified	0	0	0	0	375	1
7287	unclassified	0	0	0	0	189	1
7288	unclassified	0	0	0	0	297	1
7283	unclassified	0	0	0	0	1068	1
7290	unclassified	0	0	0	0	846	1
7289	unclassified	0	0	0	0	885	1
7292	unclassified	0	0	0	0	678	1
7295	unclassified	0	0	0	0	93	1
7294	unclassified	0	0	0	0	174	1
7296	unclassified	0	0	0	0	159	1
7298	unclassified	0	0	0	0	213	1
7291	unclassified	0	0	0	0	1311	1
7293	unclassified	0	0	0	0	720	1
7301	unclassified	0	0	0	0	153	1
7299	unclassified	0	0	0	0	411	1
7300	unclassified	0	0	0	0	480	1
7303	unclassified	0	0	0	0	216	1
7297	unclassified	0	0	0	0	1359	1
7302	unclassified	0	0	0	0	810	1
7305	unclassified	0	0	0	0	561	1
7306	unclassified	0	0	0	0	363	1
7308	unclassified	0	0	0	0	213	1
7307	unclassified	0	0	0	0	468	1
7309	unclassified	0	0	0	0	363	1
7310	unclassified	0	0	0	0	423	1
7313	unclassified	0	0	0	0	459	1
7304	unclassified	0	0	0	0	1791	1
7312	unclassified	0	0	0	0	861	1
7311	unclassified	0	0	0	0	1104	1
7314	unclassified	0	0	0	0	348	1
7315	unclassified	0	0	0	0	420	1
7317	unclassified	0	0	0	0	351	1
7318	unclassified	0	0	0	0	534	1
7320	unclassified	0	0	0	0	222	1
7316	unclassified	0	0	0	0	933	1
7322	unclassified	0	0	0	0	372	1
7319	unclassified	0	0	0	0	948	1
7321	unclassified	0	0	0	0	588	1
7324	unclassified	0	0	0	0	291	1
7326	unclassified	0	0	0	0	216	1
7325	unclassified	0	0	0	0	495	1
7323	unclassified	0	0	0	0	891	1
7327	unclassified	0	0	0	0	648	1
7329	unclassified	0	0	0	0	606	1
7330	unclassified	0	0	0	0	498	1
7331	unclassified	0	0	0	0	582	1
7333	unclassified	0	0	0	0	606	1
7332	unclassified	0	0	0	0	891	1
7334	cid|319938	319938	361	81	34	819	1
7335	unclassified	0	0	0	0	924	1
7338	unclassified	0	0	0	0	150	1
7336	unclassified	0	0	0	0	945	1
7328	unclassified	0	0	0	0	2688	1
7340	unclassified	0	0	0	0	171	1
7341	cid|2208	2208	64	0	23	285	1
7339	unclassified	0	0	0	0	507	1
7342	unclassified	0	0	0	0	351	1
7337	unclassified	0	0	0	0	1101	1
7345	unclassified	0	0	0	0	150	1
7344	unclassified	0	0	0	0	342	1
7343	unclassified	0	0	0	0	468	1
7346	unclassified	0	0	0	0	327	1
7348	unclassified	0	0	0	0	156	1
7349	unclassified	0	0	0	0	132	1
7350	unclassified	0	0	0	0	216	1
7351	unclassified	0	0	0	0	357	1
7352	unclassified	0	0	0	0	393	1
7347	unclassified	0	0	0	0	600	1
7354	unclassified	0	0	0	0	297	1
7353	unclassified	0	0	0	0	462	1
7355	unclassified	0	0	0	0	423	1
7358	unclassified	0	0	0	0	231	1
7360	unclassified	0	0	0	0	201	1
7356	unclassified	0	0	0	0	585	1
7359	cid|1244531	1244531	64	0	23	447	1
7362	unclassified	0	0	0	0	294	1
7357	NC_000004.12	9606	64	64	23	843	2
7357	cid|587753	587753	64	64	23	843	2
7361	unclassified	0	0	0	0	534	1
7365	unclassified	0	0	0	0	240	1
7366	unclassified	0	0	0	0	270	1
7363	cid|446	446	64	0	23	558	1
7364	unclassified	0	0	0	0	501	1
7370	unclassified	0	0	0	0	219	1
7371	unclassified	0	0	0	0	114	1
7368	unclassified	0	0	0	0	570	1
7369	NC_000018.10	9606	81	0	24	690	1
7372	cid|43357	43357	64	0	23	351	1
7373	unclassified	0	0	0	0	240	1
7374	unclassified	0	0	0	0	246	1
7376	unclassified	0	0	0	0	234	1
7375	unclassified	0	0	0	0	288	1
7367	unclassified	0	0	0	0	1212	1
7379	unclassified	0	0	0	0	192	1
7380	unclassified	0	0	0	0	303	1
7378	unclassified	0	0	0	0	540	1
7381	unclassified	0	0	0	0	312	1
7384	unclassified	0	0	0	0	273	1
7377	unclassified	0	0	0	0	921	1
7383	unclassified	0	0	0	0	414	1
7387	unclassified	0	0	0	0	258	1
7386	unclassified	0	0	0	0	345	1
7385	unclassified	0	0	0	0	624	1
7390	unclassified	0	0	0	0	288	1
7388	unclassified	0	0	0	0	588	1
7382	unclassified	0	0	0	0	1425	1
7389	unclassified	0	0	0	0	591	1
7391	unclassified	0	0	0	0	390	1
7394	unclassified	0	0	0	0	261	1
7396	unclassified	0	0	0	0	558	1
7392	unclassified	0	0	0	0	963	1
7395	unclassified	0	0	0	0	822	1
7399	unclassified	0	0	0	0	183	1
7400	unclassified	0	0	0	0	627	1
7398	unclassified	0	0	0	0	1230	1
7401	unclassified	0	0	0	0	372	1
7393	cid|1148157	1148157	256	100	31	1968	1
7397	unclassified	0	0	0	0	1566	1
7405	unclassified	0	0	0	0	402	1
7402	unclassified	0	0	0	0	747	1
7407	unclassified	0	0	0	0	153	1
7406	unclassified	0	0	0	0	333	1
7404	unclassified	0	0	0	0	1338	1
7409	unclassified	0	0	0	0	705	1
7410	unclassified	0	0	0	0	948	1
7408	unclassified	0	0	0	0	1701	1
7411	unclassified	0	0	0	0	1200	1
7413	unclassified	0	0	0	0	450	1
7414	unclassified	0	0	0	0	186	1
7412	unclassified	0	0	0	0	843	1
7416	unclassified	0	0	0	0	180	1
7417	unclassified	0	0	0	0	270	1
7418	unclassified	0	0	0	0	201	1
7403	unclassified	0	0	0	0	3522	1
7419	unclassified	0	0	0	0	159	1
7421	unclassified	0	0	0	0	99	1
7422	unclassified	0	0	0	0	168	1
7423	unclassified	0	0	0	0	330	1
7420	unclassified	0	0	0	0	426	1
7425	unclassified	0	0	0	0	216	1
7424	unclassified	0	0	0	0	480	1
7415	unclassified	0	0	0	0	1284	1
7429	unclassified	0	0	0	0	228	1
7428	unclassified	0	0	0	0	474	1
7430	unclassified	0	0	0	0	447	1
7432	unclassified	0	0	0	0	336	1
7426	unclassified	0	0	0	0	1638	1
7434	unclassified	0	0	0	0	1014	1
7431	unclassified	0	0	0	0	1923	1
7433	unclassified	0	0	0	0	1674	1
7427	cid|185008	185008	64	0	23	2874	1
7436	unclassified	0	0	0	0	579	1
7435	unclassified	0	0	0	0	1152	1
7438	unclassified	0	0	0	0	603	1
7437	unclassified	0	0	0	0	864	1
7441	unclassified	0	0	0	0	327	1
7440	unclassified	0	0	0	0	501	1
7443	unclassified	0	0	0	0	291	1
7445	unclassified	0	0	0	0	141	1
7444	unclassified	0	0	0	0	324	1
7439	unclassified	0	0	0	0	1305	1
7447	unclassified	0	0	0	0	435	1
7442	unclassified	0	0	0	0	1170	1
7449	unclassified	0	0	0	0	366	1
7446	unclassified	0	0	0	0	918	1
7451	unclassified	0	0	0	0	147	1
7450	unclassified	0	0	0	0	534	1
7448	unclassified	0	0	0	0	1239	1
7453	unclassified	0	0	0	0	651	1
7452	unclassified	0	0	0	0	732	1
7455	unclassified	0	0	0	0	321	1
7457	cid|319938	319938	81	0	24	261	1
7456	unclassified	0	0	0	0	459	1
7460	unclassified	0	0	0	0	297	1
7461	unclassified	0	0	0	0	954	1
7458	cid|2352	2352	81	81	24	1716	5
7458	cid|244787	244787	81	81	24	1716	5
7458	NC_000019.10	9606	81	81	24	1716	5
7458	NC_000007.14	9606	81	81	24	1716	5
7458	NC_000016.10	9606	81	81	24	1716	5
7462	unclassified	0	0	0	0	600	1
7459	NC_000005.10	9606	64	0	23	1821	1
7454	NC_000009.12	9606	64	0	23	2574	1
7463	unclassified	0	0	0	0	489	1
7465	unclassified	0	0	0	0	594	1
7464	unclassified	0	0	0	0	708	1
7467	unclassified	0	0	0	0	657	1
7466	unclassified	0	0	0	0	1011	1
7471	unclassified	0	0	0	0	204	1
7468	unclassified	0	0	0	0	750	1
7472	unclassified	0	0	0	0	189	1
7470	unclassified	0	0	0	0	714	1
7473	unclassified	0	0	0	0	240	1
7469	unclassified	0	0	0	0	912	1
7474	unclassified	0	0	0	0	216	1
7478	unclassified	0	0	0	0	90	1
7477	unclassified	0	0	0	0	243	1
7475	unclassified	0	0	0	0	414	1
7476	unclassified	0	0	0	0	366	1
7479	unclassified	0	0	0	0	276	1
7483	unclassified	0	0	0	0	138	1
7480	unclassified	0	0	0	0	423	1
7482	unclassified	0	0	0	0	549	1
7484	unclassified	0	0	0	0	459	1
7487	unclassified	0	0	0	0	171	1
7481	unclassified	0	0	0	0	900	1
7485	unclassified	0	0	0	0	561	1
7489	unclassified	0	0	0	0	192	1
7490	unclassified	0	0	0	0	315	1
7486	unclassified	0	0	0	0	723	1
7491	unclassified	0	0	0	0	504	1
7493	unclassified	0	0	0	0	294	1
7495	unclassified	0	0	0	0	171	1
7496	unclassified	0	0	0	0	237	1
7494	unclassified	0	0	0	0	519	1
7498	unclassified	0	0	0	0	222	1
7488	unclassified	0	0	0	0	1494	1
7499	unclassified	0	0	0	0	237	1
7497	unclassified	0	0	0	0	633	1
7501	unclassified	0	0	0	0	177	1
7492	NC_000013.11	9606	64	0	23	1674	1
7503	unclassified	0	0	0	0	378	1
7502	unclassified	0	0	0	0	540	1
7500	NC_000011.10	9606	64	0	23	1425	1
7504	cid|1813821	1813821	64	64	23	849	2
7504	cid|562	562	64	64	23	849	2
7505	unclassified	0	0	0	0	867	1
7508	unclassified	0	0	0	0	180	1
7509	unclassified	0	0	0	0	168	1
7511	unclassified	0	0	0	0	222	1
7510	unclassified	0	0	0	0	285	1
7506	unclassified	0	0	0	0	1323	1
7514	unclassified	0	0	0	0	144	1
7513	unclassified	0	0	0	0	417	1
7507	unclassified	0	0	0	0	1107	1
7515	unclassified	0	0	0	0	393	1
7512	unclassified	0	0	0	0	759	1
7516	unclassified	0	0	0	0	462	1
7517	unclassified	0	0	0	0	588	1
7519	unclassified	0	0	0	0	417	1
7522	unclassified	0	0	0	0	87	1
7520	unclassified	0	0	0	0	303	1
7521	unclassified	0	0	0	0	189	1
7523	unclassified	0	0	0	0	231	1
7524	unclassified	0	0	0	0	258	1
7518	unclassified	0	0	0	0	1029	1
7528	NC_000003.12	9606	64	0	23	135	1
7525	unclassified	0	0	0	0	543	1
7529	unclassified	0	0	0	0	306	1
7526	unclassified	0	0	0	0	780	1
7530	cid|388950	388950	64	0	23	735	1
7527	unclassified	0	0	0	0	1650	1
7534	unclassified	0	0	0	0	285	1
7532	unclassified	0	0	0	0	1245	1
7535	unclassified	0	0	0	0	213	1
7533	cid|837	837	100	0	25	1104	1
7531	cid|169679	169679	64	0	23	1992	1
7536	unclassified	0	0	0	0	741	1
7538	unclassified	0	0	0	0	639	1
7537	NC_000020.11	9606	64	0	23	1086	1
7540	unclassified	0	0	0	0	828	1
7539	unclassified	0	0	0	0	1047	1
7544	unclassified	0	0	0	0	174	1
7545	unclassified	0	0	0	0	234	1
7542	unclassified	0	0	0	0	750	1
7541	unclassified	0	0	0	0	1410	1
7543	unclassified	0	0	0	0	798	1
7547	unclassified	0	0	0	0	408	1
7549	unclassified	0	0	0	0	255	1
7550	unclassified	0	0	0	0	240	1
7546	unclassified	0	0	0	0	789	1
7552	unclassified	0	0	0	0	369	1
7553	unclassified	0	0	0	0	597	1
7548	unclassified	0	0	0	0	1086	1
7551	unclassified	0	0	0	0	918	1
7554	unclassified	0	0	0	0	516	1
7557	unclassified	0	0	0	0	159	1
7558	unclassified	0	0	0	0	378	1
7559	cid|324767	324767	100	0	25	480	1
7560	unclassified	0	0	0	0	291	1
7555	unclassified	0	0	0	0	1191	1
7563	unclassified	0	0	0	0	180	1
7561	unclassified	0	0	0	0	651	1
7564	unclassified	0	0	0	0	186	1
7556	unclassified	0	0	0	0	1614	1
7565	unclassified	0	0	0	0	216	1
7568	unclassified	0	0	0	0	141	1
7567	unclassified	0	0	0	0	279	1
7562	unclassified	0	0	0	0	1197	1
7569	unclassified	0	0	0	0	288	1
7571	unclassified	0	0	0	0	327	1
7566	unclassified	0	0	0	0	906	1
7570	unclassified	0	0	0	0	798	1
7573	unclassified	0	0	0	0	1077	1
7572	unclassified	0	0	0	0	1461	1
7574	unclassified	0	0	0	0	1137	1
7575	unclassified	0	0	0	0	870	1
7576	unclassified	0	0	0	0	168	1
7578	unclassified	0	0	0	0	453	1
7580	unclassified	0	0	0	0	804	1
7579	unclassified	0	0	0	0	1179	1
7577	unclassified	0	0	0	0	1212	1
7583	NC_000013.11	9606	144	0	27	135	1
7581	unclassified	0	0	0	0	1053	1
7582	unclassified	0	0	0	0	861	1
7586	unclassified	0	0	0	0	327	1
7587	unclassified	0	0	0	0	414	1
7585	unclassified	0	0	0	0	954	1
7589	unclassified	0	0	0	0	255	1
7584	cid|877455	877455	169	0	28	1212	1
7591	unclassified	0	0	0	0	150	1
7588	unclassified	0	0	0	0	669	1
7590	unclassified	0	0	0	0	639	1
7592	unclassified	0	0	0	0	678	1
7593	NC_000002.12	9606	64	0	23	876	1
7595	unclassified	0	0	0	0	519	1
7596	unclassified	0	0	0	0	318	1
7598	unclassified	0	0	0	0	228	1
7594	unclassified	0	0	0	0	1044	1
7601	unclassified	0	0	0	0	207	1
7597	unclassified	0	0	0	0	600	1
7599	unclassified	0	0	0	0	615	1
7600	cid|1598	1598	144	0	27	696	1
7603	unclassified	0	0	0	0	390	1
7606	unclassified	0	0	0	0	162	1
7602	unclassified	0	0	0	0	927	1
7604	unclassified	0	0	0	0	792	1
7605	cid|189426	189426	64	0	23	609	1
7607	unclassified	0	0	0	0	558	1
7611	unclassified	0	0	0	0	519	1
7609	unclassified	0	0	0	0	786	1
7613	unclassified	0	0	0	0	138	1
7608	unclassified	0	0	0	0	1056	1
7612	unclassified	0	0	0	0	297	1
7614	unclassified	0	0	0	0	243	1
7610	NC_000011.10	9606	64	0	23	1272	1
7618	unclassified	0	0	0	0	168	1
7615	unclassified	0	0	0	0	639	1
7620	unclassified	0	0	0	0	354	1
7616	unclassified	0	0	0	0	1122	1
7621	unclassified	0	0	0	0	435	1
7617	unclassified	0	0	0	0	1230	1
7623	unclassified	0	0	0	0	147	1
7624	unclassified	0	0	0	0	450	1
7622	unclassified	0	0	0	0	660	1
7619	unclassified	0	0	0	0	1410	1
7625	unclassified	0	0	0	0	462	1
7628	unclassified	0	0	0	0	369	1
7629	unclassified	0	0	0	0	549	1
7631	unclassified	0	0	0	0	192	1
7626	cid|1311	1311	64	0	23	1023	1
7627	unclassified	0	0	0	0	996	1
7632	unclassified	0	0	0	0	345	1
7634	unclassified	0	0	0	0	156	1
7630	unclassified	0	0	0	0	978	1
7635	unclassified	0	0	0	0	192	1
7636	unclassified	0	0	0	0	213	1
7638	unclassified	0	0	0	0	195	1
7640	unclassified	0	0	0	0	273	1
7637	unclassified	0	0	0	0	1110	1
7639	unclassified	0	0	0	0	1338	1
7641	cid|985	985	64	0	23	1449	1
7633	NC_000010.11	9606	64	0	23	2340	1
7644	NC_000003.12	9606	81	0	24	324	1
7642	unclassified	0	0	0	0	1443	1
7643	unclassified	0	0	0	0	1284	1
7647	unclassified	0	0	0	0	294	1
7645	unclassified	0	0	0	0	525	1
7646	unclassified	0	0	0	0	417	1
7648	unclassified	0	0	0	0	183	1
7652	cid|513050	513050	81	0	24	438	1
7649	NC_000001.11	9606	64	0	23	618	1
7650	unclassified	0	0	0	0	585	1
7655	unclassified	0	0	0	0	621	1
7651	cid|24	24	81	81	24	1194	2
7651	cid|70863	70863	81	81	24	1194	2
7654	unclassified	0	0	0	0	1104	1
7653	unclassified	0	0	0	0	1224	1
7656	unclassified	0	0	0	0	675	1
7657	unclassified	0	0	0	0	585	1
7661	unclassified	0	0	0	0	159	1
7660	unclassified	0	0	0	0	246	1
7658	cid|1428	1428	64	0	23	627	1
7663	unclassified	0	0	0	0	588	1
7664	unclassified	0	0	0	0	600	1
7662	cid|202747	202747	64	0	23	1062	1
7659	unclassified	0	0	0	0	1458	1
7665	unclassified	0	0	0	0	603	1
7667	unclassified	0	0	0	0	438	1
7668	unclassified	0	0	0	0	459	1
7669	unclassified	0	0	0	0	621	1
7672	unclassified	0	0	0	0	264	1
7670	unclassified	0	0	0	0	684	1
7666	unclassified	0	0	0	0	1431	1
7673	unclassified	0	0	0	0	159	1
7671	unclassified	0	0	0	0	801	1
7674	unclassified	0	0	0	0	333	1
7676	unclassified	0	0	0	0	345	1
7675	unclassified	0	0	0	0	483	1
7677	NC_000005.10	9606	64	0	23	318	1
7681	unclassified	0	0	0	0	198	1
7682	unclassified	0	0	0	0	132	1
7683	unclassified	0	0	0	0	159	1
7678	unclassified	0	0	0	0	1170	1
7685	unclassified	0	0	0	0	273	1
7679	unclassified	0	0	0	0	1536	1
7684	unclassified	0	0	0	0	885	1
7680	unclassified	0	0	0	0	1683	1
7688	NC_000011.10	9606	64	0	23	498	1
7689	unclassified	0	0	0	0	597	1
7687	cid|1145276	1145276	64	0	23	873	1
7691	unclassified	0	0	0	0	417	1
7692	unclassified	0	0	0	0	516	1
7694	unclassified	0	0	0	0	66	1
7693	unclassified	0	0	0	0	462	1
7690	unclassified	0	0	0	0	1428	1
7686	unclassified	0	0	0	0	2214	1
7697	unclassified	0	0	0	0	327	1
7696	unclassified	0	0	0	0	768	1
7698	unclassified	0	0	0	0	507	1
7700	unclassified	0	0	0	0	438	1
7702	unclassified	0	0	0	0	594	1
7701	cid|1374	1374	64	0	23	867	1
7699	cid|859653	859653	81	81	24	1290	2
7699	cid|309868	309868	81	81	24	1290	2
7695	cid|1306519	1306519	121	0	26	2328	1
7705	unclassified	0	0	0	0	408	1
7703	unclassified	0	0	0	0	1065	1
7704	unclassified	0	0	0	0	1086	1
7707	unclassified	0	0	0	0	666	1
7708	unclassified	0	0	0	0	276	1
7711	unclassified	0	0	0	0	288	1
7709	unclassified	0	0	0	0	639	1
7706	unclassified	0	0	0	0	1362	1
7714	unclassified	0	0	0	0	249	1
7712	unclassified	0	0	0	0	711	1
7713	unclassified	0	0	0	0	765	1
7710	NC_000023.11	9606	81	0	24	1446	1
7715	cid|1561	1561	81	0	24	1032	1
7716	unclassified	0	0	0	0	975	1
7717	unclassified	0	0	0	0	756	1
7718	unclassified	0	0	0	0	813	1
7722	unclassified	0	0	0	0	162	1
7723	unclassified	0	0	0	0	108	1
7721	unclassified	0	0	0	0	837	1
7719	unclassified	0	0	0	0	1125	1
7720	unclassified	0	0	0	0	1446	1
7726	unclassified	0	0	0	0	534	1
7724	unclassified	0	0	0	0	879	1
7728	cid|118323	118323	64	0	23	222	1
7727	unclassified	0	0	0	0	630	1
7725	unclassified	0	0	0	0	1743	1
7730	unclassified	0	0	0	0	849	1
7732	unclassified	0	0	0	0	120	1
7729	unclassified	0	0	0	0	1035	1
7733	unclassified	0	0	0	0	462	1
7731	unclassified	0	0	0	0	1233	1
7737	unclassified	0	0	0	0	732	1
7734	unclassified	0	0	0	0	1674	1
7738	unclassified	0	0	0	0	906	1
7736	cid|29555	29555	196	196	29	2019	2
7736	cid|50052	50052	196	196	29	2019	2
7739	unclassified	0	0	0	0	1215	1
7741	unclassified	0	0	0	0	567	1
7742	unclassified	0	0	0	0	378	1
7743	unclassified	0	0	0	0	243	1
7744	NC_000006.12	9606	64	0	23	270	1
7745	unclassified	0	0	0	0	189	1
7735	cid|75906	75906	144	121	27	2892	1
7746	unclassified	0	0	0	0	318	1
7740	unclassified	0	0	0	0	1866	1
7749	unclassified	0	0	0	0	294	1
7747	cid|1246	1246	81	0	24	501	1
7748	unclassified	0	0	0	0	489	1
7750	NC_000004.12	9606	81	0	24	651	1
7751	unclassified	0	0	0	0	654	1
7752	unclassified	0	0	0	0	804	1
7755	NC_000003.12	9606	64	64	23	195	2
7755	NC_000023.11	9606	64	64	23	195	2
7754	unclassified	0	0	0	0	435	1
7758	unclassified	0	0	0	0	195	1
7756	unclassified	0	0	0	0	294	1
7753	unclassified	0	0	0	0	1101	1
7757	unclassified	0	0	0	0	420	1
7761	unclassified	0	0	0	0	246	1
7759	unclassified	0	0	0	0	669	1
7762	unclassified	0	0	0	0	762	1
7760	species	9606	64	0	23	744	1
7765	unclassified	0	0	0	0	132	1
7766	unclassified	0	0	0	0	204	1
7763	unclassified	0	0	0	0	1017	1
7769	unclassified	0	0	0	0	120	1
7764	unclassified	0	0	0	0	888	1
7767	unclassified	0	0	0	0	507	1
7770	unclassified	0	0	0	0	330	1
7773	unclassified	0	0	0	0	165	1
7772	unclassified	0	0	0	0	420	1
7771	unclassified	0	0	0	0	606	1
7774	unclassified	0	0	0	0	450	1
7777	unclassified	0	0	0	0	348	1
7776	unclassified	0	0	0	0	615	1
7768	unclassified	0	0	0	0	1494	1
7779	unclassified	0	0	0	0	231	1
7778	unclassified	0	0	0	0	414	1
7780	unclassified	0	0	0	0	411	1
7775	unclassified	0	0	0	0	1419	1
7784	unclassified	0	0	0	0	474	1
7781	unclassified	0	0	0	0	1086	1
7782	unclassified	0	0	0	0	1341	1
7786	unclassified	0	0	0	0	483	1
7783	unclassified	0	0	0	0	1395	1
7789	unclassified	0	0	0	0	159	1
7788	unclassified	0	0	0	0	273	1
7790	unclassified	0	0	0	0	174	1
7787	unclassified	0	0	0	0	681	1
7791	unclassified	0	0	0	0	639	1
7785	unclassified	0	0	0	0	1551	1
7794	unclassified	0	0	0	0	225	1
7795	cid|1309	1309	81	64	24	324	1
7796	unclassified	0	0	0	0	393	1
7793	NC_000014.9	9606	64	0	23	921	1
7799	unclassified	0	0	0	0	321	1
7798	unclassified	0	0	0	0	462	1
7792	cid|1583098	1583098	64	0	23	1572	1
7800	unclassified	0	0	0	0	141	1
7797	unclassified	0	0	0	0	1017	1
7801	unclassified	0	0	0	0	639	1
7803	cid|33033	33033	169	0	28	918	1
7802	unclassified	0	0	0	0	1395	1
7804	cid|666686	666686	81	0	24	906	1
7808	unclassified	0	0	0	0	330	1
7809	unclassified	0	0	0	0	198	1
7805	unclassified	0	0	0	0	1449	1
7807	unclassified	0	0	0	0	810	1
7806	unclassified	0	0	0	0	1032	1
7812	unclassified	0	0	0	0	315	1
7811	unclassified	0	0	0	0	537	1
7814	unclassified	0	0	0	0	177	1
7810	unclassified	0	0	0	0	864	1
7813	unclassified	0	0	0	0	789	1
7817	unclassified	0	0	0	0	372	1
7816	unclassified	0	0	0	0	885	1
7815	unclassified	0	0	0	0	1173	1
7818	unclassified	0	0	0	0	1182	1
7821	unclassified	0	0	0	0	711	1
7819	unclassified	0	0	0	0	1371	1
7823	unclassified	0	0	0	0	162	1
7820	unclassified	0	0	0	0	1116	1
7826	unclassified	0	0	0	0	222	1
7827	unclassified	0	0	0	0	123	1
7822	unclassified	0	0	0	0	687	1
7824	unclassified	0	0	0	0	579	1
7828	unclassified	0	0	0	0	195	1
7829	unclassified	0	0	0	0	114	1
7830	unclassified	0	0	0	0	267	1
7832	unclassified	0	0	0	0	396	1
7825	unclassified	0	0	0	0	1029	1
7831	unclassified	0	0	0	0	657	1
7836	unclassified	0	0	0	0	219	1
7835	unclassified	0	0	0	0	543	1
7833	unclassified	0	0	0	0	1395	1
7834	unclassified	0	0	0	0	1233	1
7837	unclassified	0	0	0	0	1074	1
7840	unclassified	0	0	0	0	150	1
7839	unclassified	0	0	0	0	306	1
7842	unclassified	0	0	0	0	123	1
7843	unclassified	0	0	0	0	834	1
7838	cid|1229909	1229909	529	0	38	1725	1
7841	cid|1596	1596	81	64	24	1083	1
7846	unclassified	0	0	0	0	216	1
7844	unclassified	0	0	0	0	1185	1
7848	cid|712357	712357	64	0	23	102	1
7847	unclassified	0	0	0	0	516	1
7845	cid|76860	76860	81	0	24	825	1
7850	unclassified	0	0	0	0	330	1
7851	unclassified	0	0	0	0	282	1
7852	unclassified	0	0	0	0	252	1
7849	unclassified	0	0	0	0	645	1
7854	unclassified	0	0	0	0	375	1
7853	unclassified	0	0	0	0	813	1
7855	unclassified	0	0	0	0	1029	1
7859	unclassified	0	0	0	0	117	1
7858	unclassified	0	0	0	0	771	1
7857	unclassified	0	0	0	0	1047	1
7856	unclassified	0	0	0	0	1338	1
7860	unclassified	0	0	0	0	411	1
7861	unclassified	0	0	0	0	402	1
7863	unclassified	0	0	0	0	609	1
7864	unclassified	0	0	0	0	684	1
7865	unclassified	0	0	0	0	465	1
7866	unclassified	0	0	0	0	792	1
7868	unclassified	0	0	0	0	669	1
7862	cid|1410606	1410606	289	0	32	1539	1
7869	unclassified	0	0	0	0	315	1
7870	unclassified	0	0	0	0	528	1
7871	unclassified	0	0	0	0	333	1
7873	unclassified	0	0	0	0	147	1
7867	unclassified	0	0	0	0	1275	1
7876	unclassified	0	0	0	0	210	1
7872	unclassified	0	0	0	0	843	1
7877	unclassified	0	0	0	0	300	1
7875	unclassified	0	0	0	0	603	1
7878	unclassified	0	0	0	0	144	1
7881	unclassified	0	0	0	0	528	1
7874	unclassified	0	0	0	0	1368	1
7882	unclassified	0	0	0	0	168	1
7883	unclassified	0	0	0	0	348	1
7884	unclassified	0	0	0	0	360	1
7885	unclassified	0	0	0	0	141	1
7879	cid|1229909	1229909	64	0	23	1191	1
7880	unclassified	0	0	0	0	1314	1
7888	unclassified	0	0	0	0	192	1
7886	unclassified	0	0	0	0	312	1
7891	unclassified	0	0	0	0	201	1
7889	cid|1705	1705	256	0	31	345	1
7890	unclassified	0	0	0	0	423	1
7887	unclassified	0	0	0	0	744	1
7894	unclassified	0	0	0	0	150	1
7893	unclassified	0	0	0	0	435	1
7892	unclassified	0	0	0	0	582	1
7896	NC_000016.10	9606	64	0	23	309	1
7897	unclassified	0	0	0	0	273	1
7895	unclassified	0	0	0	0	768	1
7899	unclassified	0	0	0	0	315	1
7900	unclassified	0	0	0	0	252	1
7902	unclassified	0	0	0	0	402	1
7903	NC_000005.10	9606	64	0	23	264	1
7898	unclassified	0	0	0	0	972	1
7905	unclassified	0	0	0	0	234	1
7901	unclassified	0	0	0	0	690	1
7904	unclassified	0	0	0	0	462	1
7908	unclassified	0	0	0	0	306	1
7907	unclassified	0	0	0	0	324	1
7909	unclassified	0	0	0	0	387	1
7911	unclassified	0	0	0	0	336	1
7913	unclassified	0	0	0	0	255	1
7912	unclassified	0	0	0	0	534	1
7906	unclassified	0	0	0	0	1215	1
7915	unclassified	0	0	0	0	126	1
7917	unclassified	0	0	0	0	198	1
7910	unclassified	0	0	0	0	1203	1
7914	unclassified	0	0	0	0	1044	1
7919	unclassified	0	0	0	0	414	1
7918	unclassified	0	0	0	0	606	1
7920	unclassified	0	0	0	0	387	1
7921	cid|161879	161879	64	64	23	345	3
7921	cid|1736	1736	64	64	23	345	3
7921	cid|511746	511746	64	64	23	345	3
7916	unclassified	0	0	0	0	1329	1
7924	cid|33002	33002	64	0	23	582	1
7925	unclassified	0	0	0	0	645	1
7926	unclassified	0	0	0	0	171	1
7927	unclassified	0	0	0	0	483	1
7929	unclassified	0	0	0	0	222	1
7930	unclassified	0	0	0	0	336	1
7931	unclassified	0	0	0	0	183	1
7922	NC_000013.11	9606	100	0	25	2739	1
7928	unclassified	0	0	0	0	1659	1
7923	unclassified	0	0	0	0	3069	1
7932	unclassified	0	0	0	0	1275	1
7935	unclassified	0	0	0	0	234	1
7933	unclassified	0	0	0	0	1059	1
7936	unclassified	0	0	0	0	369	1
7934	unclassified	0	0	0	0	1194	1
7938	unclassified	0	0	0	0	189	1
7940	unclassified	0	0	0	0	351	1
7937	unclassified	0	0	0	0	786	1
7939	unclassified	0	0	0	0	507	1
7941	unclassified	0	0	0	0	663	1
7943	unclassified	0	0	0	0	468	1
7946	unclassified	0	0	0	0	372	1
7944	unclassified	0	0	0	0	1212	1
7942	unclassified	0	0	0	0	1518	1
7948	unclassified	0	0	0	0	189	1
7945	unclassified	0	0	0	0	1416	1
7951	unclassified	0	0	0	0	270	1
7949	unclassified	0	0	0	0	456	1
7952	unclassified	0	0	0	0	804	1
7947	cid|201	201	81	81	24	1680	2
7947	cid|79885	79885	81	81	24	1680	2
7954	unclassified	0	0	0	0	279	1
7953	unclassified	0	0	0	0	1026	1
7950	NC_000012.12	9606	64	0	23	1428	1
7958	unclassified	0	0	0	0	258	1
7955	unclassified	0	0	0	0	660	1
7957	unclassified	0	0	0	0	528	1
7956	unclassified	0	0	0	0	531	1
7959	unclassified	0	0	0	0	249	1
7962	unclassified	0	0	0	0	228	1
7961	unclassified	0	0	0	0	321	1
7963	unclassified	0	0	0	0	375	1
7965	unclassified	0	0	0	0	282	1
7960	unclassified	0	0	0	0	771	1
7967	unclassified	0	0	0	0	234	1
7968	unclassified	0	0	0	0	159	1
7969	unclassified	0	0	0	0	570	1
7971	unclassified	0	0	0	0	441	1
7972	unclassified	0	0	0	0	399	1
7970	unclassified	0	0	0	0	1737	1
7974	unclassified	0	0	0	0	174	1
7964	cid|1495769	1495769	225	64	30	2199	1
7966	unclassified	0	0	0	0	2409	1
7973	cid|1648923	1648923	256	0	92	825	1
7976	unclassified	0	0	0	0	249	1
7975	unclassified	0	0	0	0	384	1
7977	unclassified	0	0	0	0	324	1
7979	unclassified	0	0	0	0	399	1
7978	unclassified	0	0	0	0	705	1
7980	unclassified	0	0	0	0	798	1
7984	unclassified	0	0	0	0	366	1
7981	unclassified	0	0	0	0	1005	1
7985	unclassified	0	0	0	0	228	1
7982	unclassified	0	0	0	0	1287	1
7987	unclassified	0	0	0	0	564	1
7986	unclassified	0	0	0	0	807	1
7988	unclassified	0	0	0	0	828	1
7991	unclassified	0	0	0	0	219	1
7983	NC_000002.12	9606	100	0	25	1914	1
7990	unclassified	0	0	0	0	843	1
7992	unclassified	0	0	0	0	498	1
7994	unclassified	0	0	0	0	630	1
7989	unclassified	0	0	0	0	1815	1
7995	unclassified	0	0	0	0	564	1
7996	unclassified	0	0	0	0	309	1
7997	unclassified	0	0	0	0	213	1
7993	cid|1508404	1508404	64	0	23	1116	1
8000	unclassified	0	0	0	0	114	1
8002	unclassified	0	0	0	0	165	1
7999	unclassified	0	0	0	0	684	1
8003	unclassified	0	0	0	0	627	1
8001	unclassified	0	0	0	0	1251	1
8005	unclassified	0	0	0	0	876	1
7998	cid|1410606	1410606	64	0	23	1809	1
8007	unclassified	0	0	0	0	294	1
8004	unclassified	0	0	0	0	1536	1
8008	unclassified	0	0	0	0	504	1
8006	unclassified	0	0	0	0	1200	1
8012	unclassified	0	0	0	0	237	1
8011	unclassified	0	0	0	0	591	1
8014	unclassified	0	0	0	0	198	1
8009	unclassified	0	0	0	0	1101	1
8010	unclassified	0	0	0	0	939	1
8013	unclassified	0	0	0	0	474	1
8017	unclassified	0	0	0	0	156	1
8015	unclassified	0	0	0	0	345	1
8020	unclassified	0	0	0	0	78	1
8019	unclassified	0	0	0	0	327	1
8021	unclassified	0	0	0	0	354	1
8023	unclassified	0	0	0	0	150	1
8016	unclassified	0	0	0	0	951	1
8025	unclassified	0	0	0	0	186	1
8018	unclassified	0	0	0	0	1266	1
8024	unclassified	0	0	0	0	564	1
8026	unclassified	0	0	0	0	387	1
8028	unclassified	0	0	0	0	225	1
8029	unclassified	0	0	0	0	405	1
8030	unclassified	0	0	0	0	225	1
8022	unclassified	0	0	0	0	1425	1
8033	unclassified	0	0	0	0	93	1
8032	unclassified	0	0	0	0	405	1
8035	unclassified	0	0	0	0	528	1
8031	unclassified	0	0	0	0	1014	1
8034	NC_000005.10	9606	64	0	23	930	1
8038	unclassified	0	0	0	0	321	1
8027	unclassified	0	0	0	0	2196	1
8036	unclassified	0	0	0	0	765	1
8037	NC_000019.10	9606	64	0	23	924	1
8041	unclassified	0	0	0	0	282	1
8039	unclassified	0	0	0	0	633	1
8040	cid|197	197	64	0	23	873	1
8044	unclassified	0	0	0	0	675	1
8042	cid|79880	79880	121	64	26	792	1
8043	unclassified	0	0	0	0	1185	1
8048	unclassified	0	0	0	0	108	1
8045	unclassified	0	0	0	0	729	1
8050	unclassified	0	0	0	0	111	1
8051	unclassified	0	0	0	0	129	1
8052	unclassified	0	0	0	0	135	1
8053	cid|1313	1313	64	0	23	222	1
8046	cid|644281	644281	64	0	23	1275	1
8055	unclassified	0	0	0	0	180	1
8047	cid|1117645	1117645	64	0	23	1404	1
8054	unclassified	0	0	0	0	357	1
8056	unclassified	0	0	0	0	555	1
8058	unclassified	0	0	0	0	693	1
8059	unclassified	0	0	0	0	246	1
8049	NC_000004.12	9606	81	0	24	1707	1
8060	unclassified	0	0	0	0	348	1
8062	unclassified	0	0	0	0	441	1
8064	unclassified	0	0	0	0	150	1
8061	unclassified	0	0	0	0	1137	1
8063	cid|2102	2102	64	0	23	1092	1
8067	unclassified	0	0	0	0	558	1
8066	cid|43080	43080	64	0	23	747	1
8057	cid|43080	43080	144	0	27	1914	1
8070	unclassified	0	0	0	0	312	1
8068	unclassified	0	0	0	0	396	1
8065	unclassified	0	0	0	0	1683	1
8073	unclassified	0	0	0	0	171	1
8071	unclassified	0	0	0	0	501	1
8074	unclassified	0	0	0	0	285	1
8075	unclassified	0	0	0	0	408	1
8069	unclassified	0	0	0	0	1389	1
8077	unclassified	0	0	0	0	261	1
8078	unclassified	0	0	0	0	162	1
8072	unclassified	0	0	0	0	1230	1
8079	unclassified	0	0	0	0	174	1
8076	unclassified	0	0	0	0	843	1
8080	unclassified	0	0	0	0	237	1
8082	unclassified	0	0	0	0	129	1
8083	unclassified	0	0	0	0	111	1
8081	unclassified	0	0	0	0	294	1
8086	unclassified	0	0	0	0	156	1
8087	unclassified	0	0	0	0	423	1
8085	unclassified	0	0	0	0	516	1
8090	unclassified	0	0	0	0	117	1
8088	unclassified	0	0	0	0	510	1
8089	unclassified	0	0	0	0	366	1
8084	unclassified	0	0	0	0	930	1
8093	unclassified	0	0	0	0	327	1
8091	unclassified	0	0	0	0	633	1
8096	unclassified	0	0	0	0	816	1
8094	unclassified	0	0	0	0	1428	1
8097	unclassified	0	0	0	0	246	1
8098	unclassified	0	0	0	0	414	1
8092	unclassified	0	0	0	0	2253	1
8100	unclassified	0	0	0	0	360	1
8095	cid|1759399	1759399	81	0	24	1902	1
8102	unclassified	0	0	0	0	204	1
8103	unclassified	0	0	0	0	180	1
8101	unclassified	0	0	0	0	339	1
8105	unclassified	0	0	0	0	108	1
8106	unclassified	0	0	0	0	177	1
8107	unclassified	0	0	0	0	168	1
8104	unclassified	0	0	0	0	360	1
8108	unclassified	0	0	0	0	168	1
8099	cid|396	396	196	196	29	804	2
8099	cid|29449	29449	196	196	29	804	2
8110	unclassified	0	0	0	0	225	1
8109	unclassified	0	0	0	0	342	1
8112	unclassified	0	0	0	0	621	1
8114	unclassified	0	0	0	0	507	1
8115	unclassified	0	0	0	0	153	1
8116	unclassified	0	0	0	0	291	1
8111	unclassified	0	0	0	0	1149	1
8117	unclassified	0	0	0	0	477	1
8113	unclassified	0	0	0	0	1251	1
8119	unclassified	0	0	0	0	345	1
8122	unclassified	0	0	0	0	177	1
8121	NC_000005.10	9606	81	0	24	582	1
8124	unclassified	0	0	0	0	126	1
8118	cid|54736	54736	144	144	27	1092	2
8118	cid|1085	1085	144	144	27	1092	2
8126	unclassified	0	0	0	0	333	1
8120	unclassified	0	0	0	0	1473	1
8127	unclassified	0	0	0	0	273	1
8123	unclassified	0	0	0	0	1257	1
8125	unclassified	0	0	0	0	885	1
8128	unclassified	0	0	0	0	282	1
8131	unclassified	0	0	0	0	597	1
8130	unclassified	0	0	0	0	843	1
8134	unclassified	0	0	0	0	252	1
8129	cid|817	817	64	0	23	1188	1
8135	unclassified	0	0	0	0	273	1
8133	unclassified	0	0	0	0	942	1
8137	cid|173	173	64	0	23	519	1
8136	NC_000014.9	9606	64	0	23	834	1
8132	cid|1300914	1300914	81	81	24	1599	2
8132	NC_000010.11	9606	81	81	24	1599	2
8139	unclassified	0	0	0	0	186	1
8141	unclassified	0	0	0	0	174	1
8142	unclassified	0	0	0	0	267	1
8138	unclassified	0	0	0	0	792	1
8144	unclassified	0	0	0	0	141	1
8145	cid|79880	79880	64	0	23	291	1
8146	unclassified	0	0	0	0	441	1
8140	unclassified	0	0	0	0	1077	1
8143	unclassified	0	0	0	0	987	1
8148	unclassified	0	0	0	0	204	1
8149	unclassified	0	0	0	0	183	1
8150	unclassified	0	0	0	0	132	1
8152	unclassified	0	0	0	0	150	1
8151	unclassified	0	0	0	0	219	1
8147	unclassified	0	0	0	0	993	1
8153	unclassified	0	0	0	0	801	1
8154	NC_000001.11	9606	81	0	24	807	1
8156	unclassified	0	0	0	0	822	1
8159	unclassified	0	0	0	0	150	1
8158	unclassified	0	0	0	0	588	1
8155	unclassified	0	0	0	0	1452	1
8162	unclassified	0	0	0	0	96	1
8160	unclassified	0	0	0	0	402	1
8161	unclassified	0	0	0	0	312	1
8157	unclassified	0	0	0	0	1170	1
8163	unclassified	0	0	0	0	420	1
8164	unclassified	0	0	0	0	426	1
8165	unclassified	0	0	0	0	540	1
8166	unclassified	0	0	0	0	516	1
8170	unclassified	0	0	0	0	93	1
8169	unclassified	0	0	0	0	231	1
8167	unclassified	0	0	0	0	816	1
8168	cid|202747	202747	100	0	25	666	1
8171	unclassified	0	0	0	0	426	1
8173	unclassified	0	0	0	0	276	1
8172	NC_000011.10	9606	64	0	23	549	1
8175	unclassified	0	0	0	0	273	1
8178	unclassified	0	0	0	0	135	1
8174	unclassified	0	0	0	0	687	1
8176	unclassified	0	0	0	0	606	1
8179	unclassified	0	0	0	0	390	1
8177	unclassified	0	0	0	0	729	1
8182	unclassified	0	0	0	0	135	1
8183	unclassified	0	0	0	0	294	1
8184	unclassified	0	0	0	0	342	1
8181	unclassified	0	0	0	0	954	1
8186	unclassified	0	0	0	0	726	1
8180	unclassified	0	0	0	0	1422	1
8185	unclassified	0	0	0	0	1092	1
8189	unclassified	0	0	0	0	330	1
8190	unclassified	0	0	0	0	201	1
8191	unclassified	0	0	0	0	333	1
8187	cid|851	851	81	64	24	1080	1
8192	cid|84030	84030	64	0	23	726	1
8188	unclassified	0	0	0	0	1323	1
8196	unclassified	0	0	0	0	126	1
8193	cid|385025	385025	144	0	27	1068	1
8195	unclassified	0	0	0	0	978	1
8194	unclassified	0	0	0	0	1290	1
8198	unclassified	0	0	0	0	534	1
8201	unclassified	0	0	0	0	528	1
8197	cid|1715860	1715860	100	0	25	1290	1
8199	NC_000001.11	9606	64	64	23	960	3
8199	cid|43675	43675	64	64	23	960	3
8199	NT_187519.1	9606	64	64	23	960	3
8203	unclassified	0	0	0	0	447	1
8202	unclassified	0	0	0	0	777	1
8204	unclassified	0	0	0	0	429	1
8200	unclassified	0	0	0	0	1287	1
8207	unclassified	0	0	0	0	216	1
8206	unclassified	0	0	0	0	426	1
8205	cid|1424294	1424294	144	64	27	624	1
8211	unclassified	0	0	0	0	303	1
8209	unclassified	0	0	0	0	525	1
8212	unclassified	0	0	0	0	174	1
8208	unclassified	0	0	0	0	1086	1
8210	unclassified	0	0	0	0	1041	1
8213	unclassified	0	0	0	0	948	1
8216	unclassified	0	0	0	0	621	1
8217	cid|442	442	169	0	28	432	1
8218	unclassified	0	0	0	0	264	1
8214	cid|1229909	1229909	121	0	26	1152	1
8219	unclassified	0	0	0	0	369	1
8220	unclassified	0	0	0	0	456	1
8221	unclassified	0	0	0	0	456	1
8222	unclassified	0	0	0	0	453	1
8215	cid|198	198	196	121	29	1890	1
8225	unclassified	0	0	0	0	663	1
8226	unclassified	0	0	0	0	414	1
8227	unclassified	0	0	0	0	210	1
8224	unclassified	0	0	0	0	996	1
8228	unclassified	0	0	0	0	219	1
8229	unclassified	0	0	0	0	186	1
8230	unclassified	0	0	0	0	105	1
8232	unclassified	0	0	0	0	228	1
8231	unclassified	0	0	0	0	417	1
8235	unclassified	0	0	0	0	279	1
8234	unclassified	0	0	0	0	942	1
8236	unclassified	0	0	0	0	498	1
8233	unclassified	0	0	0	0	1299	1
8238	unclassified	0	0	0	0	303	1
8237	unclassified	0	0	0	0	372	1
8223	cid|1191459	1191459	81	81	24	2376	2
8223	cid|1229909	1229909	81	81	24	2376	2
8240	unclassified	0	0	0	0	219	1
8243	unclassified	0	0	0	0	345	1
8244	unclassified	0	0	0	0	276	1
8242	unclassified	0	0	0	0	915	1
8239	unclassified	0	0	0	0	1368	1
8241	unclassified	0	0	0	0	1326	1
8245	unclassified	0	0	0	0	1104	1
8249	unclassified	0	0	0	0	177	1
8246	unclassified	0	0	0	0	1110	1
8251	unclassified	0	0	0	0	330	1
8247	unclassified	0	0	0	0	1398	1
8248	cid|1850246	1850246	81	0	24	1254	1
8252	unclassified	0	0	0	0	489	1
8250	unclassified	0	0	0	0	807	1
8256	cid|28197	28197	64	0	23	288	1
8255	unclassified	0	0	0	0	330	1
8254	cid|2426	2426	64	64	23	723	3
8254	cid|1345697	1345697	64	64	23	723	3
8254	cid|743722	743722	64	64	23	723	3
8257	unclassified	0	0	0	0	363	1
8253	unclassified	0	0	0	0	1197	1
8259	unclassified	0	0	0	0	537	1
8261	unclassified	0	0	0	0	474	1
8258	unclassified	0	0	0	0	1242	1
8264	unclassified	0	0	0	0	159	1
8263	unclassified	0	0	0	0	534	1
8265	unclassified	0	0	0	0	318	1
8260	unclassified	0	0	0	0	1629	1
8266	unclassified	0	0	0	0	717	1
8269	unclassified	0	0	0	0	192	1
8268	unclassified	0	0	0	0	609	1
8267	cid|1639	1639	64	0	23	1254	1
8271	unclassified	0	0	0	0	369	1
8262	unclassified	0	0	0	0	2454	1
8272	unclassified	0	0	0	0	552	1
8270	unclassified	0	0	0	0	939	1
8276	unclassified	0	0	0	0	198	1
8274	unclassified	0	0	0	0	414	1
8275	unclassified	0	0	0	0	273	1
8277	unclassified	0	0	0	0	621	1
8278	unclassified	0	0	0	0	750	1
8279	unclassified	0	0	0	0	987	1
8273	cid|65093	65093	324	324	33	1695	2
8273	cid|473531	473531	324	324	33	1695	2
8280	unclassified	0	0	0	0	861	1
8283	unclassified	0	0	0	0	465	1
8285	unclassified	0	0	0	0	96	1
8281	unclassified	0	0	0	0	1149	1
8282	unclassified	0	0	0	0	1077	1
8288	unclassified	0	0	0	0	222	1
8284	unclassified	0	0	0	0	888	1
8287	unclassified	0	0	0	0	723	1
8289	unclassified	0	0	0	0	372	1
8286	unclassified	0	0	0	0	894	1
8291	unclassified	0	0	0	0	507	1
8290	unclassified	0	0	0	0	711	1
8295	unclassified	0	0	0	0	360	1
8294	unclassified	0	0	0	0	516	1
8296	unclassified	0	0	0	0	105	1
8292	unclassified	0	0	0	0	1224	1
8299	unclassified	0	0	0	0	264	1
8293	unclassified	0	0	0	0	1587	1
8297	unclassified	0	0	0	0	723	1
8298	unclassified	0	0	0	0	840	1
8302	unclassified	0	0	0	0	192	1
8304	unclassified	0	0	0	0	285	1
8301	unclassified	0	0	0	0	492	1
8303	unclassified	0	0	0	0	654	1
8305	unclassified	0	0	0	0	690	1
8306	unclassified	0	0	0	0	822	1
8309	unclassified	0	0	0	0	240	1
8307	unclassified	0	0	0	0	741	1
8310	unclassified	0	0	0	0	273	1
8308	unclassified	0	0	0	0	825	1
8311	unclassified	0	0	0	0	408	1
8300	cid|28262	28262	100	64	25	1968	1
8314	unclassified	0	0	0	0	441	1
8312	unclassified	0	0	0	0	726	1
8316	unclassified	0	0	0	0	450	1
8315	unclassified	0	0	0	0	885	1
8313	unclassified	0	0	0	0	1101	1
8318	unclassified	0	0	0	0	180	1
8320	unclassified	0	0	0	0	213	1
8321	unclassified	0	0	0	0	516	1
8322	unclassified	0	0	0	0	330	1
8319	unclassified	0	0	0	0	1185	1
8323	unclassified	0	0	0	0	549	1
8325	unclassified	0	0	0	0	564	1
8326	unclassified	0	0	0	0	600	1
8317	cid|1173027	1173027	169	169	28	2202	2
8317	cid|82654	82654	169	169	28	2202	2
8327	unclassified	0	0	0	0	138	1
8328	unclassified	0	0	0	0	513	1
8324	unclassified	0	0	0	0	1635	1
8330	NC_000015.10	9606	225	225	30	372	2
8330	NC_000012.12	9606	225	225	30	372	2
8333	unclassified	0	0	0	0	186	1
8334	unclassified	0	0	0	0	225	1
8335	unclassified	0	0	0	0	102	1
8331	cid|1580092	1580092	64	0	23	498	1
8332	unclassified	0	0	0	0	579	1
8329	unclassified	0	0	0	0	1083	1
8339	unclassified	0	0	0	0	117	1
8338	NC_000001.11	9606	81	0	24	201	1
8337	unclassified	0	0	0	0	462	1
8336	unclassified	0	0	0	0	516	1
8341	unclassified	0	0	0	0	408	1
8342	unclassified	0	0	0	0	240	1
8340	unclassified	0	0	0	0	720	1
8343	unclassified	0	0	0	0	447	1
8344	unclassified	0	0	0	0	552	1
8345	unclassified	0	0	0	0	579	1
8347	unclassified	0	0	0	0	471	1
8346	cid|208226	208226	81	0	24	678	1
8350	unclassified	0	0	0	0	183	1
8348	cid|2188	2188	81	0	24	621	1
8352	NC_000009.12	9606	64	0	23	468	1
8349	unclassified	0	0	0	0	921	1
8351	unclassified	0	0	0	0	684	1
8353	unclassified	0	0	0	0	609	1
8356	unclassified	0	0	0	0	327	1
8354	unclassified	0	0	0	0	522	1
8358	unclassified	0	0	0	0	147	1
8357	unclassified	0	0	0	0	318	1
8355	unclassified	0	0	0	0	960	1
8361	unclassified	0	0	0	0	591	1
8362	unclassified	0	0	0	0	429	1
8363	unclassified	0	0	0	0	228	1
8360	unclassified	0	0	0	0	1131	1
8366	unclassified	0	0	0	0	888	1
8365	unclassified	0	0	0	0	1281	1
8367	unclassified	0	0	0	0	213	1
8368	unclassified	0	0	0	0	180	1
8359	unclassified	0	0	0	0	2685	1
8364	cid|1492737	1492737	81	0	24	1830	1
8370	unclassified	0	0	0	0	381	1
8369	unclassified	0	0	0	0	693	1
8373	unclassified	0	0	0	0	201	1
8371	unclassified	0	0	0	0	294	1
8376	unclassified	0	0	0	0	138	1
8374	unclassified	0	0	0	0	294	1
8375	unclassified	0	0	0	0	498	1
8378	unclassified	0	0	0	0	285	1
8372	unclassified	0	0	0	0	780	1
8379	unclassified	0	0	0	0	159	1
8381	unclassified	0	0	0	0	141	1
8377	NC_000008.11	9606	64	64	23	588	2
8377	NC_000015.10	9606	64	64	23	588	2
8384	unclassified	0	0	0	0	132	1
8380	unclassified	0	0	0	0	393	1
8383	unclassified	0	0	0	0	249	1
8385	unclassified	0	0	0	0	492	1
8387	unclassified	0	0	0	0	456	1
8388	unclassified	0	0	0	0	150	1
8382	unclassified	0	0	0	0	1146	1
8390	unclassified	0	0	0	0	258	1
8389	unclassified	0	0	0	0	417	1
8391	unclassified	0	0	0	0	177	1
8386	unclassified	0	0	0	0	1092	1
8392	unclassified	0	0	0	0	273	1
8393	unclassified	0	0	0	0	567	1
8394	unclassified	0	0	0	0	621	1
8397	NC_000005.10	9606	64	0	23	180	1
8398	unclassified	0	0	0	0	240	1
8395	unclassified	0	0	0	0	711	1
8400	cid|60961	60961	64	0	23	159	1
8399	unclassified	0	0	0	0	429	1
8401	unclassified	0	0	0	0	249	1
8396	cid|39152	39152	81	0	24	810	1
8404	unclassified	0	0	0	0	213	1
8405	unclassified	0	0	0	0	210	1
8402	unclassified	0	0	0	0	978	1
8403	unclassified	0	0	0	0	870	1
8406	unclassified	0	0	0	0	777	1
8409	unclassified	0	0	0	0	264	1
8411	unclassified	0	0	0	0	108	1
8412	unclassified	0	0	0	0	180	1
8408	unclassified	0	0	0	0	675	1
8413	unclassified	0	0	0	0	192	1
8410	unclassified	0	0	0	0	945	1
8415	unclassified	0	0	0	0	720	1
8416	unclassified	0	0	0	0	540	1
8417	unclassified	0	0	0	0	264	1
8414	unclassified	0	0	0	0	1266	1
8420	unclassified	0	0	0	0	399	1
8418	unclassified	0	0	0	0	1011	1
8419	unclassified	0	0	0	0	1107	1
8407	cid|1685010	1685010	64	0	23	3570	1
8422	unclassified	0	0	0	0	363	1
8424	unclassified	0	0	0	0	507	1
8426	unclassified	0	0	0	0	183	1
8427	unclassified	0	0	0	0	132	1
8425	unclassified	0	0	0	0	732	1
8423	unclassified	0	0	0	0	1170	1
8421	unclassified	0	0	0	0	1686	1
8428	unclassified	0	0	0	0	285	1
8430	unclassified	0	0	0	0	234	1
8432	unclassified	0	0	0	0	180	1
8431	unclassified	0	0	0	0	246	1
8429	unclassified	0	0	0	0	549	1
8434	unclassified	0	0	0	0	168	1
8436	unclassified	0	0	0	0	177	1
8437	unclassified	0	0	0	0	177	1
8433	unclassified	0	0	0	0	594	1
8439	unclassified	0	0	0	0	159	1
8438	unclassified	0	0	0	0	384	1
8440	unclassified	0	0	0	0	273	1
8441	unclassified	0	0	0	0	312	1
8442	unclassified	0	0	0	0	228	1
8435	unclassified	0	0	0	0	1068	1
8444	cid|1328	1328	100	100	25	609	5
8444	cid|712633	712633	100	100	25	609	5
8444	cid|28037	28037	100	100	25	609	5
8444	cid|1338	1338	100	100	25	609	5
8444	cid|1313	1313	100	100	25	609	5
8445	unclassified	0	0	0	0	852	1
8448	unclassified	0	0	0	0	276	1
8443	unclassified	0	0	0	0	1365	1
8450	unclassified	0	0	0	0	180	1
8447	unclassified	0	0	0	0	930	1
8451	unclassified	0	0	0	0	240	1
8452	unclassified	0	0	0	0	180	1
8446	cid|342949	342949	81	0	24	1698	1
8455	unclassified	0	0	0	0	162	1
8453	unclassified	0	0	0	0	714	1
8449	unclassified	0	0	0	0	1395	1
8456	unclassified	0	0	0	0	453	1
8458	unclassified	0	0	0	0	165	1
8460	unclassified	0	0	0	0	357	1
8459	unclassified	0	0	0	0	456	1
8457	unclassified	0	0	0	0	912	1
8462	unclassified	0	0	0	0	108	1
8464	unclassified	0	0	0	0	72	1
8465	unclassified	0	0	0	0	405	1
8454	unclassified	0	0	0	0	2013	1
8467	unclassified	0	0	0	0	354	1
8466	NC_000007.14	9606	100	100	25	492	4
8466	NC_000018.10	9606	100	100	25	492	4
8466	NC_000014.9	9606	100	100	25	492	4
8466	NC_000001.11	9606	100	100	25	492	4
8463	unclassified	0	0	0	0	1362	1
8461	unclassified	0	0	0	0	1527	1
8468	unclassified	0	0	0	0	486	1
8472	unclassified	0	0	0	0	117	1
8470	unclassified	0	0	0	0	423	1
8474	unclassified	0	0	0	0	363	1
8473	unclassified	0	0	0	0	612	1
8475	unclassified	0	0	0	0	168	1
8469	unclassified	0	0	0	0	1071	1
8471	unclassified	0	0	0	0	930	1
8476	unclassified	0	0	0	0	246	1
8479	unclassified	0	0	0	0	252	1
8477	unclassified	0	0	0	0	579	1
8480	unclassified	0	0	0	0	477	1
8478	unclassified	0	0	0	0	762	1
8481	NC_000015.10	9606	361	0	34	441	1
8484	unclassified	0	0	0	0	84	1
8483	unclassified	0	0	0	0	378	1
8486	unclassified	0	0	0	0	246	1
8485	unclassified	0	0	0	0	483	1
8487	unclassified	0	0	0	0	492	1
8482	cid|33970	33970	81	64	24	987	1
8488	unclassified	0	0	0	0	417	1
8489	unclassified	0	0	0	0	291	1
8492	unclassified	0	0	0	0	174	1
8494	unclassified	0	0	0	0	189	1
8493	unclassified	0	0	0	0	417	1
8495	unclassified	0	0	0	0	201	1
8497	unclassified	0	0	0	0	291	1
8490	unclassified	0	0	0	0	906	1
8498	unclassified	0	0	0	0	186	1
8499	unclassified	0	0	0	0	165	1
8501	unclassified	0	0	0	0	93	1
8491	unclassified	0	0	0	0	1161	1
8502	unclassified	0	0	0	0	210	1
8500	NC_000004.12	9606	81	0	24	372	1
8505	unclassified	0	0	0	0	183	1
8504	unclassified	0	0	0	0	324	1
8503	unclassified	0	0	0	0	579	1
8506	unclassified	0	0	0	0	111	1
8507	unclassified	0	0	0	0	432	1
8496	unclassified	0	0	0	0	1725	1
8511	unclassified	0	0	0	0	141	1
8512	unclassified	0	0	0	0	381	1
8510	unclassified	0	0	0	0	936	1
8509	unclassified	0	0	0	0	1383	1
8508	cid|1852	1852	81	0	24	1482	1
8516	unclassified	0	0	0	0	243	1
8515	unclassified	0	0	0	0	294	1
8513	unclassified	0	0	0	0	876	1
8518	unclassified	0	0	0	0	225	1
8519	unclassified	0	0	0	0	141	1
8520	unclassified	0	0	0	0	402	1
8514	unclassified	0	0	0	0	1083	1
8522	unclassified	0	0	0	0	105	1
8521	unclassified	0	0	0	0	426	1
8517	unclassified	0	0	0	0	852	1
8523	unclassified	0	0	0	0	342	1
8526	unclassified	0	0	0	0	273	1
8527	unclassified	0	0	0	0	165	1
8528	unclassified	0	0	0	0	198	1
8530	unclassified	0	0	0	0	144	1
8531	unclassified	0	0	0	0	189	1
8524	unclassified	0	0	0	0	1224	1
8525	unclassified	0	0	0	0	1347	1
8532	unclassified	0	0	0	0	678	1
8533	unclassified	0	0	0	0	357	1
8534	cid|1501	1501	81	0	24	177	1
8537	unclassified	0	0	0	0	165	1
8529	unclassified	0	0	0	0	1416	1
8538	unclassified	0	0	0	0	372	1
8535	unclassified	0	0	0	0	915	1
8539	unclassified	0	0	0	0	678	1
8540	NC_000003.12	9606	121	0	26	930	1
8541	unclassified	0	0	0	0	903	1
8536	cid|1511	1511	64	0	23	1893	1
8544	unclassified	0	0	0	0	465	1
8543	unclassified	0	0	0	0	819	1
8545	unclassified	0	0	0	0	522	1
8547	unclassified	0	0	0	0	510	1
8542	unclassified	0	0	0	0	2130	1
8548	unclassified	0	0	0	0	1116	1
8546	unclassified	0	0	0	0	1221	1
8549	unclassified	0	0	0	0	789	1
8552	unclassified	0	0	0	0	168	1
8553	unclassified	0	0	0	0	120	1
8554	unclassified	0	0	0	0	114	1
8551	unclassified	0	0	0	0	471	1
8555	unclassified	0	0	0	0	345	1
8558	unclassified	0	0	0	0	270	1
8559	unclassified	0	0	0	0	423	1
8557	unclassified	0	0	0	0	999	1
8561	unclassified	0	0	0	0	165	1
8556	unclassified	0	0	0	0	1305	1
8550	unclassified	0	0	0	0	2337	1
8564	unclassified	0	0	0	0	129	1
8563	unclassified	0	0	0	0	531	1
8560	unclassified	0	0	0	0	936	1
8567	unclassified	0	0	0	0	366	1
8568	unclassified	0	0	0	0	402	1
8566	NC_000023.11	9606	64	0	23	1026	1
8562	unclassified	0	0	0	0	1656	1
8565	cid|103690	103690	169	81	28	1317	1
8572	unclassified	0	0	0	0	147	1
8571	unclassified	0	0	0	0	528	1
8574	unclassified	0	0	0	0	126	1
8573	unclassified	0	0	0	0	261	1
8570	unclassified	0	0	0	0	936	1
8569	unclassified	0	0	0	0	1587	1
8576	unclassified	0	0	0	0	966	1
8578	cid|1520	1520	64	0	23	816	1
8577	unclassified	0	0	0	0	1359	1
8581	unclassified	0	0	0	0	513	1
8580	cid|39491	39491	64	0	23	492	1
8579	unclassified	0	0	0	0	1197	1
8584	unclassified	0	0	0	0	213	1
8575	unclassified	0	0	0	0	2541	1
8582	cid|1476	1476	64	64	23	1512	2
8582	cid|449	449	64	64	23	1512	2
8586	unclassified	0	0	0	0	1131	1
8585	unclassified	0	0	0	0	1239	1
8583	cid|1603555	1603555	81	81	24	1509	2
8583	cid|1168034	1168034	81	81	24	1509	2
8588	unclassified	0	0	0	0	438	1
8589	NC_000018.10	9606	64	0	23	480	1
8590	unclassified	0	0	0	0	333	1
8587	unclassified	0	0	0	0	609	1
8593	unclassified	0	0	0	0	258	1
8594	cid|29329	29329	64	0	23	249	1
8596	unclassified	0	0	0	0	285	1
8597	unclassified	0	0	0	0	429	1
8598	unclassified	0	0	0	0	306	1
8595	unclassified	0	0	0	0	1383	1
8599	unclassified	0	0	0	0	363	1
8601	unclassified	0	0	0	0	288	1
8602	unclassified	0	0	0	0	318	1
8603	unclassified	0	0	0	0	1038	1
8592	cid|420950	420950	100	0	25	3351	1
8600	unclassified	0	0	0	0	1782	1
8604	unclassified	0	0	0	0	273	1
8607	unclassified	0	0	0	0	603	1
8591	cid|1229909	1229909	121	81	26	3810	1
8608	NC_000012.12	9606	169	169	28	306	2
8608	NC_000023.11	9606	169	169	28	306	2
8610	unclassified	0	0	0	0	153	1
8605	cid|230361	230361	64	0	23	1344	1
8609	unclassified	0	0	0	0	387	1
8611	unclassified	0	0	0	0	348	1
8606	unclassified	0	0	0	0	1794	1
8614	unclassified	0	0	0	0	525	1
8615	unclassified	0	0	0	0	570	1
8616	unclassified	0	0	0	0	222	1
8612	unclassified	0	0	0	0	1458	1
8618	unclassified	0	0	0	0	300	1
8613	unclassified	0	0	0	0	1059	1
8620	unclassified	0	0	0	0	117	1
8619	unclassified	0	0	0	0	456	1
8622	unclassified	0	0	0	0	378	1
8623	unclassified	0	0	0	0	177	1
8621	unclassified	0	0	0	0	600	1
8624	unclassified	0	0	0	0	291	1
8617	cid|28901	28901	64	0	23	1002	1
8627	unclassified	0	0	0	0	306	1
8628	unclassified	0	0	0	0	381	1
8629	unclassified	0	0	0	0	417	1
8626	unclassified	0	0	0	0	840	1
8625	unclassified	0	0	0	0	1113	1
8631	unclassified	0	0	0	0	390	1
8632	unclassified	0	0	0	0	369	1
8634	unclassified	0	0	0	0	447	1
8635	unclassified	0	0	0	0	408	1
8636	unclassified	0	0	0	0	318	1
8633	unclassified	0	0	0	0	933	1
8630	cid|388640	388640	400	81	35	1395	1
8639	unclassified	0	0	0	0	807	1
8637	unclassified	0	0	0	0	1419	1
8640	cid|187493	187493	64	0	23	753	1
8642	unclassified	0	0	0	0	195	1
8643	unclassified	0	0	0	0	126	1
8638	cid|1580092	1580092	361	225	34	1401	1
8646	unclassified	0	0	0	0	105	1
8645	unclassified	0	0	0	0	297	1
8641	cid|83171	83171	64	0	23	927	1
8644	cid|155322	155322	64	64	23	462	2
8644	cid|1428	1428	64	64	23	462	2
8649	unclassified	0	0	0	0	171	1
8650	unclassified	0	0	0	0	249	1
8647	cid|50339	50339	64	0	23	603	1
8653	unclassified	0	0	0	0	165	1
8652	unclassified	0	0	0	0	399	1
8648	unclassified	0	0	0	0	825	1
8654	unclassified	0	0	0	0	189	1
8651	unclassified	0	0	0	0	789	1
8657	unclassified	0	0	0	0	402	1
8655	unclassified	0	0	0	0	774	1
8660	unclassified	0	0	0	0	450	1
8659	unclassified	0	0	0	0	717	1
8658	cid|264697	264697	64	0	23	1155	1
8656	unclassified	0	0	0	0	1455	1
8662	unclassified	0	0	0	0	333	1
8661	unclassified	0	0	0	0	504	1
8665	unclassified	0	0	0	0	267	1
8667	unclassified	0	0	0	0	441	1
8663	unclassified	0	0	0	0	882	1
8669	unclassified	0	0	0	0	180	1
8668	unclassified	0	0	0	0	321	1
8670	unclassified	0	0	0	0	279	1
8664	cid|84599	84599	100	81	25	1272	1
8671	unclassified	0	0	0	0	558	1
8673	unclassified	0	0	0	0	300	1
8666	unclassified	0	0	0	0	1440	1
8672	cid|1580092	1580092	81	0	24	564	1
8677	unclassified	0	0	0	0	177	1
8674	unclassified	0	0	0	0	651	1
8675	unclassified	0	0	0	0	975	1
8679	unclassified	0	0	0	0	633	1
8681	unclassified	0	0	0	0	147	1
8678	cid|1216932	1216932	81	64	24	972	1
8680	cid|54261	54261	81	81	24	597	2
8680	cid|84156	84156	81	81	24	597	2
8676	NC_000001.11	9606	64	0	23	1971	1
8682	unclassified	0	0	0	0	1026	1
8684	unclassified	0	0	0	0	711	1
8686	unclassified	0	0	0	0	435	1
8688	unclassified	0	0	0	0	216	1
8685	unclassified	0	0	0	0	1155	1
8687	unclassified	0	0	0	0	918	1
8689	unclassified	0	0	0	0	378	1
8683	unclassified	0	0	0	0	2169	1
8692	unclassified	0	0	0	0	324	1
8694	unclassified	0	0	0	0	180	1
8695	unclassified	0	0	0	0	165	1
8691	unclassified	0	0	0	0	747	1
8697	unclassified	0	0	0	0	219	1
8698	unclassified	0	0	0	0	162	1
8693	cid|143361	143361	225	0	30	879	1
8696	unclassified	0	0	0	0	693	1
8690	cid|2331	2331	225	0	30	1386	1
8702	unclassified	0	0	0	0	120	1
8701	unclassified	0	0	0	0	183	1
8700	unclassified	0	0	0	0	348	1
8699	unclassified	0	0	0	0	762	1
8704	unclassified	0	0	0	0	516	1
8706	unclassified	0	0	0	0	177	1
8703	cid|513050	513050	64	0	23	1029	1
8705	cid|1774743	1774743	121	64	26	921	1
8708	unclassified	0	0	0	0	561	1
8711	unclassified	0	0	0	0	549	1
8709	unclassified	0	0	0	0	681	1
8713	unclassified	0	0	0	0	252	1
8710	unclassified	0	0	0	0	1110	1
8714	cid|1396	1396	64	64	23	534	2
8714	cid|1428	1428	64	64	23	534	2
8712	unclassified	0	0	0	0	1050	1
8707	unclassified	0	0	0	0	2295	1
8715	NC_000008.11	9606	64	0	23	906	1
8717	unclassified	0	0	0	0	657	1
8719	cid|1603555	1603555	289	100	32	597	1
8720	unclassified	0	0	0	0	588	1
8716	unclassified	0	0	0	0	1650	1
8721	unclassified	0	0	0	0	414	1
8722	unclassified	0	0	0	0	549	1
8718	cid|1219	1219	169	121	28	1425	1
8724	unclassified	0	0	0	0	570	1
8727	unclassified	0	0	0	0	186	1
8728	unclassified	0	0	0	0	108	1
8729	unclassified	0	0	0	0	123	1
8726	unclassified	0	0	0	0	783	1
8731	unclassified	0	0	0	0	198	1
8732	unclassified	0	0	0	0	159	1
8723	unclassified	0	0	0	0	1698	1
8725	NC_000001.11	9606	64	0	23	1401	1
8734	unclassified	0	0	0	0	135	1
8730	cid|1659194	1659194	81	0	24	723	1
8735	unclassified	0	0	0	0	204	1
8737	unclassified	0	0	0	0	222	1
8733	unclassified	0	0	0	0	492	1
8738	unclassified	0	0	0	0	363	1
8741	unclassified	0	0	0	0	279	1
8739	cid|172045	172045	81	0	24	855	1
8742	unclassified	0	0	0	0	564	1
8743	unclassified	0	0	0	0	432	1
8740	unclassified	0	0	0	0	1407	1
8744	unclassified	0	0	0	0	486	1
8746	unclassified	0	0	0	0	273	1
8747	unclassified	0	0	0	0	243	1
8745	unclassified	0	0	0	0	522	1
8749	unclassified	0	0	0	0	192	1
8748	unclassified	0	0	0	0	291	1
8752	unclassified	0	0	0	0	222	1
8751	unclassified	0	0	0	0	489	1
8736	unclassified	0	0	0	0	2802	1
8753	unclassified	0	0	0	0	432	1
8750	unclassified	0	0	0	0	963	1
8754	unclassified	0	0	0	0	549	1
8758	unclassified	0	0	0	0	333	1
8756	cid|1405	1405	64	0	23	555	1
8757	unclassified	0	0	0	0	567	1
8760	unclassified	0	0	0	0	123	1
8762	unclassified	0	0	0	0	330	1
8759	unclassified	0	0	0	0	618	1
8755	NC_000005.10	9606	81	0	24	1635	1
8764	unclassified	0	0	0	0	492	1
8761	unclassified	0	0	0	0	1074	1
8765	unclassified	0	0	0	0	330	1
8767	unclassified	0	0	0	0	234	1
8763	unclassified	0	0	0	0	1104	1
8768	unclassified	0	0	0	0	474	1
8769	cid|471223	471223	64	0	23	417	1
8772	unclassified	0	0	0	0	144	1
8771	unclassified	0	0	0	0	222	1
8773	unclassified	0	0	0	0	363	1
8770	unclassified	0	0	0	0	975	1
8766	cid|403957	403957	256	0	31	1362	1
8774	unclassified	0	0	0	0	1146	1
8776	unclassified	0	0	0	0	696	1
8775	unclassified	0	0	0	0	987	1
8777	unclassified	0	0	0	0	651	1
8780	unclassified	0	0	0	0	147	1
8779	unclassified	0	0	0	0	603	1
8781	unclassified	0	0	0	0	603	1
8783	unclassified	0	0	0	0	180	1
8785	unclassified	0	0	0	0	153	1
8784	unclassified	0	0	0	0	192	1
8782	unclassified	0	0	0	0	804	1
8778	unclassified	0	0	0	0	1395	1
8787	unclassified	0	0	0	0	657	1
8789	unclassified	0	0	0	0	465	1
8791	unclassified	0	0	0	0	300	1
8786	unclassified	0	0	0	0	1365	1
8790	unclassified	0	0	0	0	879	1
8792	unclassified	0	0	0	0	468	1
8788	cid|184064	184064	81	0	24	1659	1
8793	cid|1280	1280	100	0	25	825	1
8797	unclassified	0	0	0	0	165	1
8794	unclassified	0	0	0	0	813	1
8796	cid|1155739	1155739	64	0	23	1005	1
8799	unclassified	0	0	0	0	642	1
8798	unclassified	0	0	0	0	1098	1
8801	unclassified	0	0	0	0	426	1
8803	unclassified	0	0	0	0	336	1
8802	unclassified	0	0	0	0	843	1
8795	unclassified	0	0	0	0	2682	1
8805	unclassified	0	0	0	0	423	1
8806	unclassified	0	0	0	0	444	1
8800	unclassified	0	0	0	0	2163	1
8807	unclassified	0	0	0	0	711	1
8808	unclassified	0	0	0	0	678	1
8804	unclassified	0	0	0	0	1575	1
8809	unclassified	0	0	0	0	708	1
8811	unclassified	0	0	0	0	378	1
8813	unclassified	0	0	0	0	363	1
8814	unclassified	0	0	0	0	369	1
8810	unclassified	0	0	0	0	873	1
8817	unclassified	0	0	0	0	156	1
8816	unclassified	0	0	0	0	420	1
8818	unclassified	0	0	0	0	429	1
8815	unclassified	0	0	0	0	777	1
8819	unclassified	0	0	0	0	366	1
8821	unclassified	0	0	0	0	147	1
8822	unclassified	0	0	0	0	66	1
8812	cid|1410606	1410606	196	196	29	1590	2
8812	cid|1500960	1500960	196	196	29	1590	2
8820	unclassified	0	0	0	0	552	1
8824	unclassified	0	0	0	0	321	1
8825	unclassified	0	0	0	0	615	1
8823	unclassified	0	0	0	0	1032	1
8828	unclassified	0	0	0	0	168	1
8827	unclassified	0	0	0	0	816	1
8826	NC_000012.12	9606	289	289	32	1281	5
8826	NW_013171809.1	9606	289	289	32	1281	5
8826	NC_000001.11	9606	289	289	32	1281	5
8826	NC_000004.12	9606	289	289	32	1281	5
8826	NC_000002.12	9606	289	289	32	1281	5
8831	unclassified	0	0	0	0	669	1
8832	unclassified	0	0	0	0	441	1
8833	unclassified	0	0	0	0	612	1
8830	unclassified	0	0	0	0	1506	1
8835	unclassified	0	0	0	0	111	1
8834	unclassified	0	0	0	0	582	1
8836	unclassified	0	0	0	0	150	1
8829	unclassified	0	0	0	0	1806	1
8838	unclassified	0	0	0	0	147	1
8837	unclassified	0	0	0	0	579	1
8840	unclassified	0	0	0	0	711	1
8842	cid|197162	197162	289	0	32	420	1
8843	unclassified	0	0	0	0	264	1
8845	unclassified	0	0	0	0	186	1
8841	unclassified	0	0	0	0	1188	1
8844	unclassified	0	0	0	0	480	1
8847	unclassified	0	0	0	0	342	1
8846	unclassified	0	0	0	0	408	1
8849	unclassified	0	0	0	0	123	1
8839	NC_000011.10	9606	81	81	24	1728	2
8839	NC_000012.12	9606	81	81	24	1728	2
8851	unclassified	0	0	0	0	411	1
8850	unclassified	0	0	0	0	603	1
8854	unclassified	0	0	0	0	126	1
8853	unclassified	0	0	0	0	237	1
8852	unclassified	0	0	0	0	717	1
8856	unclassified	0	0	0	0	195	1
8855	unclassified	0	0	0	0	201	1
8859	unclassified	0	0	0	0	201	1
8860	unclassified	0	0	0	0	138	1
8861	unclassified	0	0	0	0	129	1
8848	unclassified	0	0	0	0	1806	1
8863	unclassified	0	0	0	0	192	1
8862	unclassified	0	0	0	0	375	1
8858	unclassified	0	0	0	0	1155	1
8857	unclassified	0	0	0	0	1269	1
8865	unclassified	0	0	0	0	495	1
8866	unclassified	0	0	0	0	576	1
8867	unclassified	0	0	0	0	753	1
8870	unclassified	0	0	0	0	126	1
8864	cid|384	384	64	0	23	1509	1
8871	unclassified	0	0	0	0	297	1
8868	unclassified	0	0	0	0	1212	1
8869	cid|316	316	64	0	23	864	1
8873	unclassified	0	0	0	0	210	1
8872	unclassified	0	0	0	0	378	1
8876	unclassified	0	0	0	0	273	1
8877	unclassified	0	0	0	0	633	1
8874	unclassified	0	0	0	0	882	1
8878	unclassified	0	0	0	0	507	1
8879	unclassified	0	0	0	0	204	1
8880	unclassified	0	0	0	0	318	1
8882	unclassified	0	0	0	0	141	1
8881	unclassified	0	0	0	0	393	1
8884	unclassified	0	0	0	0	246	1
8883	unclassified	0	0	0	0	420	1
8887	unclassified	0	0	0	0	255	1
8888	unclassified	0	0	0	0	219	1
8885	unclassified	0	0	0	0	714	1
8889	unclassified	0	0	0	0	171	1
8886	unclassified	0	0	0	0	870	1
8891	unclassified	0	0	0	0	177	1
8890	unclassified	0	0	0	0	522	1
8892	unclassified	0	0	0	0	372	1
8894	unclassified	0	0	0	0	171	1
8895	unclassified	0	0	0	0	261	1
8875	unclassified	0	0	0	0	2715	1
8896	unclassified	0	0	0	0	462	1
8898	unclassified	0	0	0	0	675	1
8899	unclassified	0	0	0	0	609	1
8893	unclassified	0	0	0	0	1704	1
8901	unclassified	0	0	0	0	195	1
8897	cid|591197	591197	64	64	23	1011	4
8897	cid|84163	84163	64	64	23	1011	4
8897	cid|28110	28110	64	64	23	1011	4
8897	cid|657445	657445	64	64	23	1011	4
8900	unclassified	0	0	0	0	456	1
8905	unclassified	0	0	0	0	348	1
8902	unclassified	0	0	0	0	813	1
8904	unclassified	0	0	0	0	861	1
8906	unclassified	0	0	0	0	579	1
8903	unclassified	0	0	0	0	1185	1
8908	unclassified	0	0	0	0	291	1
8910	cid|28262	28262	64	0	23	312	1
8909	unclassified	0	0	0	0	453	1
8911	unclassified	0	0	0	0	363	1
8907	unclassified	0	0	0	0	984	1
8913	unclassified	0	0	0	0	363	1
8914	unclassified	0	0	0	0	363	1
8915	unclassified	0	0	0	0	300	1
8916	unclassified	0	0	0	0	102	1
8912	unclassified	0	0	0	0	621	1
8918	unclassified	0	0	0	0	129	1
8917	unclassified	0	0	0	0	243	1
8920	unclassified	0	0	0	0	198	1
8922	unclassified	0	0	0	0	552	1
8923	unclassified	0	0	0	0	549	1
8925	unclassified	0	0	0	0	231	1
8919	unclassified	0	0	0	0	1224	1
8926	unclassified	0	0	0	0	210	1
8921	NC_000003.12	9606	164	0	48	1236	1
8928	unclassified	0	0	0	0	477	1
8927	unclassified	0	0	0	0	657	1
8924	unclassified	0	0	0	0	1524	1
8931	unclassified	0	0	0	0	552	1
8929	unclassified	0	0	0	0	1203	1
8933	unclassified	0	0	0	0	261	1
8932	unclassified	0	0	0	0	519	1
8934	unclassified	0	0	0	0	264	1
8930	unclassified	0	0	0	0	1302	1
8935	unclassified	0	0	0	0	450	1
8936	unclassified	0	0	0	0	1014	1
8938	unclassified	0	0	0	0	768	1
8937	unclassified	0	0	0	0	912	1
8939	cid|244787	244787	64	0	23	816	1
8943	unclassified	0	0	0	0	786	1
8942	unclassified	0	0	0	0	1131	1
8941	cid|2285	2285	81	0	24	1086	1
8940	unclassified	0	0	0	0	1290	1
8945	unclassified	0	0	0	0	123	1
8946	unclassified	0	0	0	0	258	1
8947	unclassified	0	0	0	0	267	1
8949	unclassified	0	0	0	0	123	1
8948	unclassified	0	0	0	0	456	1
8951	unclassified	0	0	0	0	429	1
8944	unclassified	0	0	0	0	1089	1
8950	unclassified	0	0	0	0	645	1
8954	unclassified	0	0	0	0	279	1
8955	unclassified	0	0	0	0	192	1
8957	unclassified	0	0	0	0	201	1
8956	unclassified	0	0	0	0	246	1
8953	unclassified	0	0	0	0	807	1
8952	NC_000002.12	9606	64	0	23	1155	1
8961	unclassified	0	0	0	0	183	1
8958	cid|1306519	1306519	169	0	28	375	1
8960	unclassified	0	0	0	0	618	1
8964	unclassified	0	0	0	0	501	1
8962	unclassified	0	0	0	0	1176	1
8959	unclassified	0	0	0	0	1767	1
8965	unclassified	0	0	0	0	462	1
8966	unclassified	0	0	0	0	447	1
8967	unclassified	0	0	0	0	519	1
8963	unclassified	0	0	0	0	2097	1
8968	unclassified	0	0	0	0	846	1
8969	unclassified	0	0	0	0	999	1
8973	unclassified	0	0	0	0	111	1
8972	NC_000017.11	9606	100	0	25	684	1
8974	unclassified	0	0	0	0	408	1
8971	unclassified	0	0	0	0	1068	1
8976	cid|142877	142877	81	81	24	363	2
8976	cid|334543	334543	81	81	24	363	2
8977	unclassified	0	0	0	0	429	1
8979	unclassified	0	0	0	0	258	1
8975	unclassified	0	0	0	0	1767	1
8978	unclassified	0	0	0	0	1278	1
8982	unclassified	0	0	0	0	369	1
8981	unclassified	0	0	0	0	456	1
8970	unclassified	0	0	0	0	3543	1
8984	unclassified	0	0	0	0	309	1
8980	cid|202747	202747	196	0	29	1716	1
8983	cid|1410606	1410606	64	0	23	840	1
8988	unclassified	0	0	0	0	228	1
8986	unclassified	0	0	0	0	1074	1
8985	cid|878220	878220	64	0	23	1419	1
8987	NC_000023.11	9606	64	0	23	1197	1
8990	unclassified	0	0	0	0	924	1
8989	unclassified	0	0	0	0	1443	1
8992	unclassified	0	0	0	0	1158	1
8995	unclassified	0	0	0	0	228	1
8996	unclassified	0	0	0	0	138	1
8993	unclassified	0	0	0	0	990	1
8997	unclassified	0	0	0	0	270	1
8991	unclassified	0	0	0	0	1950	1
8998	unclassified	0	0	0	0	237	1
8994	unclassified	0	0	0	0	1098	1
9000	unclassified	0	0	0	0	189	1
9001	unclassified	0	0	0	0	168	1
9002	unclassified	0	0	0	0	156	1
8999	unclassified	0	0	0	0	324	1
9006	unclassified	0	0	0	0	279	1
9003	unclassified	0	0	0	0	639	1
9007	unclassified	0	0	0	0	552	1
9004	unclassified	0	0	0	0	1104	1
9008	unclassified	0	0	0	0	825	1
9005	unclassified	0	0	0	0	1659	1
9009	unclassified	0	0	0	0	915	1
9013	unclassified	0	0	0	0	141	1
9010	unclassified	0	0	0	0	1125	1
9014	unclassified	0	0	0	0	324	1
9011	unclassified	0	0	0	0	621	1
9012	cid|1528098	1528098	81	0	24	834	1
9016	unclassified	0	0	0	0	327	1
9017	unclassified	0	0	0	0	438	1
9015	unclassified	0	0	0	0	630	1
9019	unclassified	0	0	0	0	735	1
9020	unclassified	0	0	0	0	627	1
9021	unclassified	0	0	0	0	717	1
9023	unclassified	0	0	0	0	252	1
9024	unclassified	0	0	0	0	252	1
9018	cid|28901	28901	81	0	24	1260	1
9025	unclassified	0	0	0	0	321	1
9026	unclassified	0	0	0	0	384	1
9027	unclassified	0	0	0	0	402	1
9028	unclassified	0	0	0	0	360	1
9022	cid|182710	182710	121	0	26	1095	1
9029	unclassified	0	0	0	0	399	1
9031	unclassified	0	0	0	0	309	1
9033	unclassified	0	0	0	0	465	1
9034	unclassified	0	0	0	0	468	1
9032	unclassified	0	0	0	0	783	1
9037	unclassified	0	0	0	0	231	1
9035	unclassified	0	0	0	0	474	1
9030	unclassified	0	0	0	0	1347	1
9039	unclassified	0	0	0	0	162	1
9036	unclassified	0	0	0	0	702	1
9041	unclassified	0	0	0	0	132	1
9038	unclassified	0	0	0	0	837	1
9043	unclassified	0	0	0	0	855	1
9045	unclassified	0	0	0	0	159	1
9042	unclassified	0	0	0	0	1056	1
9047	unclassified	0	0	0	0	813	1
9040	unclassified	0	0	0	0	2121	1
9044	unclassified	0	0	0	0	1581	1
9049	unclassified	0	0	0	0	333	1
9051	unclassified	0	0	0	0	411	1
9052	unclassified	0	0	0	0	279	1
9046	cid|29360	29360	64	0	23	2004	1
9053	unclassified	0	0	0	0	216	1
9050	unclassified	0	0	0	0	1128	1
9048	unclassified	0	0	0	0	1416	1
9054	unclassified	0	0	0	0	306	1
9057	unclassified	0	0	0	0	138	1
9056	unclassified	0	0	0	0	405	1
9059	unclassified	0	0	0	0	351	1
9061	unclassified	0	0	0	0	213	1
9060	unclassified	0	0	0	0	384	1
9055	unclassified	0	0	0	0	921	1
9063	NC_000007.14	9606	324	0	33	228	1
9058	unclassified	0	0	0	0	1395	1
9064	unclassified	0	0	0	0	996	1
9065	unclassified	0	0	0	0	810	1
9062	unclassified	0	0	0	0	1191	1
9069	unclassified	0	0	0	0	78	1
9066	unclassified	0	0	0	0	381	1
9068	unclassified	0	0	0	0	348	1
9070	unclassified	0	0	0	0	333	1
9067	unclassified	0	0	0	0	504	1
9074	cid|60961	60961	64	0	23	297	1
9071	unclassified	0	0	0	0	627	1
9075	unclassified	0	0	0	0	270	1
9076	unclassified	0	0	0	0	213	1
9072	unclassified	0	0	0	0	933	1
9077	unclassified	0	0	0	0	333	1
9073	unclassified	0	0	0	0	966	1
9080	unclassified	0	0	0	0	252	1
9078	unclassified	0	0	0	0	633	1
9079	unclassified	0	0	0	0	495	1
9084	unclassified	0	0	0	0	246	1
9081	unclassified	0	0	0	0	684	1
9083	unclassified	0	0	0	0	558	1
9082	unclassified	0	0	0	0	657	1
9086	unclassified	0	0	0	0	465	1
9088	unclassified	0	0	0	0	417	1
9089	unclassified	0	0	0	0	318	1
9087	unclassified	0	0	0	0	714	1
9092	unclassified	0	0	0	0	114	1
9085	cid|42879	42879	100	0	25	1041	1
9090	unclassified	0	0	0	0	612	1
9093	unclassified	0	0	0	0	237	1
9096	unclassified	0	0	0	0	210	1
9095	unclassified	0	0	0	0	480	1
9097	unclassified	0	0	0	0	258	1
9091	unclassified	0	0	0	0	1167	1
9094	unclassified	0	0	0	0	864	1
9099	unclassified	0	0	0	0	306	1
9100	unclassified	0	0	0	0	366	1
9101	unclassified	0	0	0	0	450	1
9098	unclassified	0	0	0	0	813	1
9102	unclassified	0	0	0	0	615	1
9103	unclassified	0	0	0	0	462	1
9104	unclassified	0	0	0	0	354	1
9105	unclassified	0	0	0	0	318	1
9107	unclassified	0	0	0	0	345	1
9110	cid|2107	2107	100	0	25	732	1
9108	unclassified	0	0	0	0	1071	1
9109	unclassified	0	0	0	0	1161	1
9111	unclassified	0	0	0	0	249	1
9106	cid|727	727	81	0	24	1404	1
9112	unclassified	0	0	0	0	420	1
9113	unclassified	0	0	0	0	294	1
9115	unclassified	0	0	0	0	1020	1
9117	unclassified	0	0	0	0	909	1
9118	unclassified	0	0	0	0	111	1
9114	unclassified	0	0	0	0	1191	1
9119	unclassified	0	0	0	0	153	1
9120	unclassified	0	0	0	0	258	1
9123	unclassified	0	0	0	0	177	1
9122	unclassified	0	0	0	0	471	1
9125	cid|1525	1525	81	0	24	105	1
9116	cid|1491	1491	64	0	23	1677	1
9127	unclassified	0	0	0	0	183	1
9124	unclassified	0	0	0	0	798	1
9121	unclassified	0	0	0	0	1368	1
9126	unclassified	0	0	0	0	882	1
9129	unclassified	0	0	0	0	780	1
9128	unclassified	0	0	0	0	1224	1
9130	unclassified	0	0	0	0	951	1
9134	unclassified	0	0	0	0	279	1
9131	unclassified	0	0	0	0	1449	1
9136	unclassified	0	0	0	0	318	1
9133	cid|1580092	1580092	81	0	24	1056	1
9137	unclassified	0	0	0	0	393	1
9139	unclassified	0	0	0	0	135	1
9140	NC_000023.11	9606	121	0	26	363	1
9135	unclassified	0	0	0	0	1884	1
9132	unclassified	0	0	0	0	2496	1
9141	unclassified	0	0	0	0	861	1
9138	cid|135735	135735	81	0	24	1560	1
9142	unclassified	0	0	0	0	867	1
9145	unclassified	0	0	0	0	96	1
9146	unclassified	0	0	0	0	219	1
9147	unclassified	0	0	0	0	246	1
9149	unclassified	0	0	0	0	162	1
9143	unclassified	0	0	0	0	1320	1
9150	unclassified	0	0	0	0	474	1
9144	unclassified	0	0	0	0	1110	1
9151	unclassified	0	0	0	0	594	1
9153	unclassified	0	0	0	0	222	1
9155	unclassified	0	0	0	0	531	1
9152	unclassified	0	0	0	0	843	1
9148	unclassified	0	0	0	0	1524	1
9154	unclassified	0	0	0	0	1077	1
9158	unclassified	0	0	0	0	450	1
9156	unclassified	0	0	0	0	1044	1
9157	unclassified	0	0	0	0	1062	1
9160	cid|2265	2265	121	0	26	711	1
9162	unclassified	0	0	0	0	297	1
9163	unclassified	0	0	0	0	213	1
9164	unclassified	0	0	0	0	204	1
9159	unclassified	0	0	0	0	1446	1
9166	unclassified	0	0	0	0	717	1
9165	unclassified	0	0	0	0	846	1
9161	unclassified	0	0	0	0	1338	1
9168	unclassified	0	0	0	0	144	1
9167	unclassified	0	0	0	0	489	1
9171	unclassified	0	0	0	0	168	1
9170	unclassified	0	0	0	0	225	1
9169	unclassified	0	0	0	0	405	1
9172	unclassified	0	0	0	0	378	1
9174	unclassified	0	0	0	0	276	1
9173	unclassified	0	0	0	0	330	1
9175	unclassified	0	0	0	0	183	1
9176	unclassified	0	0	0	0	189	1
9177	unclassified	0	0	0	0	138	1
9180	unclassified	0	0	0	0	174	1
9181	unclassified	0	0	0	0	210	1
9183	unclassified	0	0	0	0	111	1
9182	unclassified	0	0	0	0	276	1
9185	unclassified	0	0	0	0	192	1
9178	unclassified	0	0	0	0	879	1
9184	unclassified	0	0	0	0	543	1
9187	unclassified	0	0	0	0	177	1
9188	unclassified	0	0	0	0	219	1
9179	unclassified	0	0	0	0	1293	1
9190	unclassified	0	0	0	0	249	1
9186	unclassified	0	0	0	0	882	1
9192	unclassified	0	0	0	0	255	1
9194	unclassified	0	0	0	0	186	1
9193	unclassified	0	0	0	0	321	1
9189	unclassified	0	0	0	0	918	1
9196	unclassified	0	0	0	0	90	1
9197	unclassified	0	0	0	0	159	1
9191	unclassified	0	0	0	0	969	1
9198	unclassified	0	0	0	0	732	1
9199	unclassified	0	0	0	0	666	1
9200	unclassified	0	0	0	0	747	1
9195	unclassified	0	0	0	0	1446	1
9202	unclassified	0	0	0	0	543	1
9204	unclassified	0	0	0	0	273	1
9203	unclassified	0	0	0	0	996	1
9205	unclassified	0	0	0	0	594	1
9206	unclassified	0	0	0	0	732	1
9208	unclassified	0	0	0	0	267	1
9207	unclassified	0	0	0	0	768	1
9210	unclassified	0	0	0	0	570	1
9211	unclassified	0	0	0	0	129	1
9209	unclassified	0	0	0	0	792	1
9201	cid|39152	39152	81	0	24	2070	1
9213	unclassified	0	0	0	0	585	1
9214	unclassified	0	0	0	0	444	1
9212	unclassified	0	0	0	0	585	1
9216	unclassified	0	0	0	0	159	1
9215	unclassified	0	0	0	0	429	1
9218	unclassified	0	0	0	0	291	1
9220	unclassified	0	0	0	0	372	1
9217	unclassified	0	0	0	0	624	1
9222	unclassified	0	0	0	0	150	1
9221	unclassified	0	0	0	0	447	1
9223	unclassified	0	0	0	0	183	1
9226	unclassified	0	0	0	0	159	1
9219	unclassified	0	0	0	0	828	1
9225	unclassified	0	0	0	0	885	1
9227	unclassified	0	0	0	0	759	1
9228	unclassified	0	0	0	0	834	1
9230	unclassified	0	0	0	0	213	1
9232	unclassified	0	0	0	0	258	1
9233	unclassified	0	0	0	0	153	1
9229	unclassified	0	0	0	0	888	1
9234	unclassified	0	0	0	0	312	1
9236	unclassified	0	0	0	0	111	1
9224	cid|1615909	1615909	100	0	25	1809	1
9237	unclassified	0	0	0	0	699	1
9231	NC_000023.11	9606	81	81	24	1503	2
9231	NC_000016.10	9606	81	81	24	1503	2
9238	unclassified	0	0	0	0	615	1
9240	unclassified	0	0	0	0	282	1
9239	unclassified	0	0	0	0	441	1
9235	NC_000007.14	9606	64	0	23	1227	1
9242	unclassified	0	0	0	0	573	1
9243	unclassified	0	0	0	0	666	1
9241	unclassified	0	0	0	0	1002	1
9245	unclassified	0	0	0	0	804	1
9248	unclassified	0	0	0	0	306	1
9244	unclassified	0	0	0	0	1590	1
9249	unclassified	0	0	0	0	210	1
9251	unclassified	0	0	0	0	300	1
9246	unclassified	0	0	0	0	1404	1
9252	unclassified	0	0	0	0	132	1
9247	unclassified	0	0	0	0	1653	1
9250	unclassified	0	0	0	0	1068	1
9255	unclassified	0	0	0	0	771	1
9254	unclassified	0	0	0	0	885	1
9253	unclassified	0	0	0	0	1080	1
9259	unclassified	0	0	0	0	66	1
9257	unclassified	0	0	0	0	156	1
9260	unclassified	0	0	0	0	111	1
9261	unclassified	0	0	0	0	141	1
9262	NC_000020.11	9606	81	0	24	150	1
9263	unclassified	0	0	0	0	147	1
9265	unclassified	0	0	0	0	138	1
9256	cid|1229909	1229909	100	0	25	1173	1
9266	unclassified	0	0	0	0	405	1
9264	unclassified	0	0	0	0	621	1
9268	unclassified	0	0	0	0	159	1
9269	unclassified	0	0	0	0	219	1
9270	unclassified	0	0	0	0	237	1
9271	unclassified	0	0	0	0	246	1
9273	unclassified	0	0	0	0	171	1
9258	unclassified	0	0	0	0	1605	1
9272	NC_000006.12	9606	121	0	26	636	1
9275	cid|54308	54308	81	0	24	375	1
9267	unclassified	0	0	0	0	1317	1
9274	unclassified	0	0	0	0	732	1
9279	unclassified	0	0	0	0	546	1
9278	unclassified	0	0	0	0	957	1
9280	unclassified	0	0	0	0	180	1
9277	unclassified	0	0	0	0	1077	1
9276	unclassified	0	0	0	0	1116	1
9282	unclassified	0	0	0	0	912	1
9281	unclassified	0	0	0	0	1146	1
9283	unclassified	0	0	0	0	1470	1
9285	unclassified	0	0	0	0	588	1
9288	cid|670	670	64	0	23	300	1
9284	unclassified	0	0	0	0	1566	1
9287	unclassified	0	0	0	0	576	1
9286	unclassified	0	0	0	0	954	1
9290	unclassified	0	0	0	0	219	1
9291	unclassified	0	0	0	0	177	1
9293	unclassified	0	0	0	0	210	1
9294	unclassified	0	0	0	0	120	1
9289	unclassified	0	0	0	0	564	1
9292	unclassified	0	0	0	0	660	1
9298	unclassified	0	0	0	0	81	1
9297	unclassified	0	0	0	0	459	1
9295	unclassified	0	0	0	0	774	1
9296	cid|40542	40542	64	0	23	849	1
9299	unclassified	0	0	0	0	522	1
9302	unclassified	0	0	0	0	306	1
9301	unclassified	0	0	0	0	717	1
9304	unclassified	0	0	0	0	597	1
9300	unclassified	0	0	0	0	1395	1
9303	unclassified	0	0	0	0	897	1
9308	unclassified	0	0	0	0	165	1
9306	unclassified	0	0	0	0	315	1
9310	unclassified	0	0	0	0	141	1
9311	unclassified	0	0	0	0	630	1
9309	unclassified	0	0	0	0	894	1
9307	unclassified	0	0	0	0	1227	1
9305	unclassified	0	0	0	0	1656	1
9312	unclassified	0	0	0	0	417	1
9315	unclassified	0	0	0	0	240	1
9316	unclassified	0	0	0	0	303	1
9318	unclassified	0	0	0	0	195	1
9313	unclassified	0	0	0	0	840	1
9317	unclassified	0	0	0	0	567	1
9320	unclassified	0	0	0	0	393	1
9319	unclassified	0	0	0	0	558	1
9321	unclassified	0	0	0	0	528	1
9323	unclassified	0	0	0	0	417	1
9322	unclassified	0	0	0	0	717	1
9324	unclassified	0	0	0	0	435	1
9314	unclassified	0	0	0	0	1854	1
9325	cid|631	631	121	0	26	336	1
9326	unclassified	0	0	0	0	288	1
9330	unclassified	0	0	0	0	294	1
9328	unclassified	0	0	0	0	474	1
9329	unclassified	0	0	0	0	408	1
9327	unclassified	0	0	0	0	741	1
9331	unclassified	0	0	0	0	726	1
9334	unclassified	0	0	0	0	669	1
9333	unclassified	0	0	0	0	849	1
9332	unclassified	0	0	0	0	999	1
9337	unclassified	0	0	0	0	285	1
9338	unclassified	0	0	0	0	420	1
9335	unclassified	0	0	0	0	738	1
9336	unclassified	0	0	0	0	840	1
9339	cid|1582	1582	64	64	23	702	2
9339	cid|172	172	64	64	23	702	2
9342	unclassified	0	0	0	0	372	1
9343	unclassified	0	0	0	0	513	1
9341	unclassified	0	0	0	0	1440	1
9346	unclassified	0	0	0	0	417	1
9345	cid|1396	1396	81	81	24	759	2
9345	cid|1281	1281	81	81	24	759	2
9344	cid|563177	563177	81	0	24	1194	1
9340	unclassified	0	0	0	0	2223	1
9348	unclassified	0	0	0	0	489	1
9349	unclassified	0	0	0	0	777	1
9352	unclassified	0	0	0	0	402	1
9351	unclassified	0	0	0	0	774	1
9354	unclassified	0	0	0	0	216	1
9353	unclassified	0	0	0	0	387	1
9347	cid|357276	357276	100	0	25	1770	1
9350	unclassified	0	0	0	0	1944	1
9356	unclassified	0	0	0	0	693	1
9357	unclassified	0	0	0	0	705	1
9360	unclassified	0	0	0	0	192	1
9358	unclassified	0	0	0	0	465	1
9359	unclassified	0	0	0	0	783	1
9355	unclassified	0	0	0	0	1677	1
9363	unclassified	0	0	0	0	240	1
9364	unclassified	0	0	0	0	231	1
9361	unclassified	0	0	0	0	894	1
9366	unclassified	0	0	0	0	402	1
9362	unclassified	0	0	0	0	1137	1
9369	unclassified	0	0	0	0	117	1
9368	unclassified	0	0	0	0	183	1
9371	unclassified	0	0	0	0	72	1
9367	unclassified	0	0	0	0	573	1
9370	unclassified	0	0	0	0	216	1
9374	unclassified	0	0	0	0	279	1
9372	unclassified	0	0	0	0	387	1
9373	unclassified	0	0	0	0	516	1
9375	unclassified	0	0	0	0	336	1
9376	unclassified	0	0	0	0	330	1
9365	unclassified	0	0	0	0	1479	1
9379	unclassified	0	0	0	0	183	1
9378	unclassified	0	0	0	0	324	1
9377	unclassified	0	0	0	0	555	1
9382	unclassified	0	0	0	0	387	1
9380	unclassified	0	0	0	0	627	1
9383	unclassified	0	0	0	0	492	1
9381	unclassified	0	0	0	0	1101	1
9385	unclassified	0	0	0	0	867	1
9386	unclassified	0	0	0	0	948	1
9384	NC_000015.10	9606	64	64	23	1224	2
9384	NC_000016.10	9606	64	64	23	1224	2
9388	unclassified	0	0	0	0	651	1
9390	unclassified	0	0	0	0	504	1
9387	NC_000002.12	9606	64	0	23	1326	1
9392	unclassified	0	0	0	0	297	1
9393	unclassified	0	0	0	0	225	1
9395	unclassified	0	0	0	0	213	1
9391	unclassified	0	0	0	0	822	1
9397	unclassified	0	0	0	0	288	1
9396	unclassified	0	0	0	0	366	1
9389	unclassified	0	0	0	0	1842	1
9398	unclassified	0	0	0	0	246	1
9399	unclassified	0	0	0	0	507	1
9401	unclassified	0	0	0	0	498	1
9402	unclassified	0	0	0	0	270	1
9404	unclassified	0	0	0	0	243	1
9400	cid|1603555	1603555	121	0	26	849	1
9405	unclassified	0	0	0	0	192	1
9403	unclassified	0	0	0	0	714	1
9406	unclassified	0	0	0	0	702	1
9408	unclassified	0	0	0	0	357	1
9394	unclassified	0	0	0	0	2730	1
9407	unclassified	0	0	0	0	897	1
9412	unclassified	0	0	0	0	234	1
9410	unclassified	0	0	0	0	1122	1
9409	unclassified	0	0	0	0	1218	1
9411	unclassified	0	0	0	0	1281	1
9414	unclassified	0	0	0	0	636	1
9416	unclassified	0	0	0	0	447	1
9417	unclassified	0	0	0	0	264	1
9415	unclassified	0	0	0	0	879	1
9418	unclassified	0	0	0	0	162	1
9421	unclassified	0	0	0	0	144	1
9419	unclassified	0	0	0	0	297	1
9422	NC_000008.11	9606	81	81	24	198	3
9422	NC_000023.11	9606	81	81	24	198	3
9422	NC_000016.10	9606	81	81	24	198	3
9413	unclassified	0	0	0	0	1761	1
9420	unclassified	0	0	0	0	711	1
9424	unclassified	0	0	0	0	426	1
9426	unclassified	0	0	0	0	189	1
9425	unclassified	0	0	0	0	591	1
9428	unclassified	0	0	0	0	258	1
9429	unclassified	0	0	0	0	123	1
9423	unclassified	0	0	0	0	1095	1
9427	unclassified	0	0	0	0	510	1
9430	NC_000002.12	9606	256	256	31	516	2
9430	NC_000024.10	9606	256	256	31	516	2
9432	unclassified	0	0	0	0	372	1
9433	unclassified	0	0	0	0	483	1
9434	unclassified	0	0	0	0	309	1
9435	unclassified	0	0	0	0	291	1
9436	unclassified	0	0	0	0	333	1
9437	unclassified	0	0	0	0	264	1
9439	unclassified	0	0	0	0	177	1
9438	unclassified	0	0	0	0	588	1
9440	unclassified	0	0	0	0	594	1
9443	unclassified	0	0	0	0	126	1
9441	unclassified	0	0	0	0	618	1
9431	cid|101385	101385	64	0	23	1752	1
9442	unclassified	0	0	0	0	696	1
9446	unclassified	0	0	0	0	534	1
9445	unclassified	0	0	0	0	585	1
9448	unclassified	0	0	0	0	252	1
9444	unclassified	0	0	0	0	897	1
9450	unclassified	0	0	0	0	207	1
9449	unclassified	0	0	0	0	564	1
9452	unclassified	0	0	0	0	507	1
9451	unclassified	0	0	0	0	816	1
9455	unclassified	0	0	0	0	246	1
9456	unclassified	0	0	0	0	207	1
9447	unclassified	0	0	0	0	1782	1
9454	unclassified	0	0	0	0	1056	1
9458	unclassified	0	0	0	0	480	1
9457	unclassified	0	0	0	0	594	1
9459	unclassified	0	0	0	0	336	1
9462	unclassified	0	0	0	0	267	1
9453	NC_000002.12	9606	121	121	26	1782	2
9453	NC_000023.11	9606	121	121	26	1782	2
9460	unclassified	0	0	0	0	648	1
9464	unclassified	0	0	0	0	147	1
9466	unclassified	0	0	0	0	156	1
9461	unclassified	0	0	0	0	957	1
9467	unclassified	0	0	0	0	306	1
9465	unclassified	0	0	0	0	582	1
9470	unclassified	0	0	0	0	72	1
9471	unclassified	0	0	0	0	180	1
9469	unclassified	0	0	0	0	534	1
9463	cid|201	201	64	64	23	1338	2
9463	cid|488546	488546	64	64	23	1338	2
9474	unclassified	0	0	0	0	144	1
9472	unclassified	0	0	0	0	762	1
9476	unclassified	0	0	0	0	156	1
9475	unclassified	0	0	0	0	309	1
9468	unclassified	0	0	0	0	1464	1
9478	unclassified	0	0	0	0	375	1
9479	NC_000010.11	9606	64	0	23	318	1
9477	unclassified	0	0	0	0	474	1
9482	unclassified	0	0	0	0	435	1
9480	unclassified	0	0	0	0	609	1
9484	unclassified	0	0	0	0	303	1
9485	unclassified	0	0	0	0	222	1
9486	unclassified	0	0	0	0	234	1
9473	unclassified	0	0	0	0	2472	1
9483	unclassified	0	0	0	0	975	1
9481	cid|1813182	1813182	64	64	23	1329	4
9481	cid|1520	1520	64	64	23	1329	4
9481	cid|1501	1501	64	64	23	1329	4
9481	NC_000013.11	9606	64	64	23	1329	4
9487	unclassified	0	0	0	0	234	1
9490	unclassified	0	0	0	0	141	1
9489	unclassified	0	0	0	0	249	1
9492	unclassified	0	0	0	0	345	1
9491	unclassified	0	0	0	0	822	1
9493	unclassified	0	0	0	0	855	1
9494	unclassified	0	0	0	0	669	1
9495	unclassified	0	0	0	0	525	1
9497	unclassified	0	0	0	0	321	1
9496	unclassified	0	0	0	0	450	1
9488	unclassified	0	0	0	0	1803	1
9498	unclassified	0	0	0	0	324	1
9501	unclassified	0	0	0	0	333	1
9502	unclassified	0	0	0	0	390	1
9503	unclassified	0	0	0	0	438	1
9499	unclassified	0	0	0	0	1080	1
9505	unclassified	0	0	0	0	360	1
9506	unclassified	0	0	0	0	321	1
9504	unclassified	0	0	0	0	831	1
9509	unclassified	0	0	0	0	126	1
9507	unclassified	0	0	0	0	528	1
9500	unclassified	0	0	0	0	1782	1
9510	unclassified	0	0	0	0	291	1
9508	unclassified	0	0	0	0	720	1
9512	unclassified	0	0	0	0	261	1
9513	unclassified	0	0	0	0	432	1
9515	unclassified	0	0	0	0	291	1
9516	unclassified	0	0	0	0	258	1
9517	unclassified	0	0	0	0	267	1
9518	unclassified	0	0	0	0	171	1
9519	unclassified	0	0	0	0	228	1
9520	unclassified	0	0	0	0	258	1
9514	unclassified	0	0	0	0	984	1
9522	unclassified	0	0	0	0	222	1
9523	unclassified	0	0	0	0	252	1
9525	unclassified	0	0	0	0	480	1
9511	unclassified	0	0	0	0	2130	1
9521	unclassified	0	0	0	0	1125	1
9528	unclassified	0	0	0	0	75	1
9527	cid|1402	1402	64	0	23	345	1
9524	unclassified	0	0	0	0	987	1
9529	unclassified	0	0	0	0	225	1
9530	unclassified	0	0	0	0	279	1
9532	unclassified	0	0	0	0	378	1
9531	unclassified	0	0	0	0	621	1
9526	unclassified	0	0	0	0	1218	1
9533	unclassified	0	0	0	0	690	1
9535	unclassified	0	0	0	0	342	1
9538	unclassified	0	0	0	0	261	1
9537	unclassified	0	0	0	0	351	1
9539	unclassified	0	0	0	0	132	1
9540	unclassified	0	0	0	0	249	1
9541	unclassified	0	0	0	0	216	1
9542	unclassified	0	0	0	0	174	1
9543	unclassified	0	0	0	0	165	1
9544	unclassified	0	0	0	0	141	1
9534	unclassified	0	0	0	0	1419	1
9536	NC_000016.10	9606	64	0	23	1122	1
9545	unclassified	0	0	0	0	426	1
9546	unclassified	0	0	0	0	459	1
9550	unclassified	0	0	0	0	375	1
9549	unclassified	0	0	0	0	468	1
9548	unclassified	0	0	0	0	837	1
9547	unclassified	0	0	0	0	1128	1
9553	unclassified	0	0	0	0	351	1
9551	unclassified	0	0	0	0	759	1
9554	unclassified	0	0	0	0	342	1
9556	unclassified	0	0	0	0	156	1
9558	unclassified	0	0	0	0	552	1
9552	unclassified	0	0	0	0	1329	1
9557	unclassified	0	0	0	0	1233	1
9559	unclassified	0	0	0	0	645	1
9562	unclassified	0	0	0	0	162	1
9560	unclassified	0	0	0	0	852	1
9561	unclassified	0	0	0	0	342	1
9565	unclassified	0	0	0	0	132	1
9563	unclassified	0	0	0	0	780	1
9566	unclassified	0	0	0	0	495	1
9564	unclassified	0	0	0	0	837	1
9569	unclassified	0	0	0	0	351	1
9555	unclassified	0	0	0	0	3213	1
9571	unclassified	0	0	0	0	129	1
9568	unclassified	0	0	0	0	1131	1
9567	unclassified	0	0	0	0	1143	1
9570	unclassified	0	0	0	0	738	1
9574	unclassified	0	0	0	0	459	1
9573	unclassified	0	0	0	0	498	1
9572	unclassified	0	0	0	0	783	1
9576	unclassified	0	0	0	0	228	1
9575	unclassified	0	0	0	0	627	1
9578	unclassified	0	0	0	0	336	1
9581	unclassified	0	0	0	0	153	1
9579	unclassified	0	0	0	0	675	1
9582	unclassified	0	0	0	0	315	1
9580	unclassified	0	0	0	0	744	1
9584	unclassified	0	0	0	0	144	1
9583	unclassified	0	0	0	0	333	1
9577	unclassified	0	0	0	0	1422	1
9588	unclassified	0	0	0	0	243	1
9587	unclassified	0	0	0	0	726	1
9585	unclassified	0	0	0	0	996	1
9589	unclassified	0	0	0	0	396	1
9586	unclassified	0	0	0	0	1005	1
9592	unclassified	0	0	0	0	129	1
9593	unclassified	0	0	0	0	180	1
9590	unclassified	0	0	0	0	543	1
9595	unclassified	0	0	0	0	333	1
9591	NC_000024.10	9606	81	0	24	609	1
9594	unclassified	0	0	0	0	414	1
9598	unclassified	0	0	0	0	156	1
9596	unclassified	0	0	0	0	381	1
9597	unclassified	0	0	0	0	234	1
9599	unclassified	0	0	0	0	198	1
9602	NC_000012.12	9606	169	169	28	318	2
9602	NC_000023.11	9606	169	169	28	318	2
9600	unclassified	0	0	0	0	471	1
9601	unclassified	0	0	0	0	504	1
9606	unclassified	0	0	0	0	309	1
9603	unclassified	0	0	0	0	891	1
9604	unclassified	0	0	0	0	657	1
9608	unclassified	0	0	0	0	342	1
9609	unclassified	0	0	0	0	474	1
9607	unclassified	0	0	0	0	825	1
9605	cid|743722	743722	64	0	23	1125	1
9613	unclassified	0	0	0	0	165	1
9614	unclassified	0	0	0	0	231	1
9611	unclassified	0	0	0	0	612	1
9612	unclassified	0	0	0	0	981	1
9617	unclassified	0	0	0	0	147	1
9615	unclassified	0	0	0	0	810	1
9619	unclassified	0	0	0	0	132	1
9610	unclassified	0	0	0	0	1617	1
9620	unclassified	0	0	0	0	438	1
9616	unclassified	0	0	0	0	1308	1
9618	cid|1156431	1156431	64	0	23	1011	1
9622	unclassified	0	0	0	0	432	1
9621	unclassified	0	0	0	0	1038	1
9626	unclassified	0	0	0	0	132	1
9624	unclassified	0	0	0	0	633	1
9623	unclassified	0	0	0	0	1032	1
9628	unclassified	0	0	0	0	126	1
9625	unclassified	0	0	0	0	747	1
9629	unclassified	0	0	0	0	213	1
9630	unclassified	0	0	0	0	204	1
9627	cid|398743	398743	196	64	29	789	1
9633	unclassified	0	0	0	0	672	1
9631	cid|944547	944547	64	0	23	765	1
9634	unclassified	0	0	0	0	552	1
9632	unclassified	0	0	0	0	1092	1
9637	unclassified	0	0	0	0	273	1
9638	unclassified	0	0	0	0	135	1
9639	unclassified	0	0	0	0	219	1
9635	unclassified	0	0	0	0	762	1
9641	unclassified	0	0	0	0	159	1
9640	unclassified	0	0	0	0	990	1
9642	unclassified	0	0	0	0	837	1
9644	unclassified	0	0	0	0	291	1
9645	unclassified	0	0	0	0	198	1
9636	unclassified	0	0	0	0	1806	1
9646	unclassified	0	0	0	0	102	1
9647	unclassified	0	0	0	0	111	1
9643	unclassified	0	0	0	0	1335	1
9649	unclassified	0	0	0	0	363	1
9650	unclassified	0	0	0	0	426	1
9652	unclassified	0	0	0	0	225	1
9654	unclassified	0	0	0	0	132	1
9655	unclassified	0	0	0	0	180	1
9653	unclassified	0	0	0	0	828	1
9651	unclassified	0	0	0	0	942	1
9648	unclassified	0	0	0	0	1410	1
9657	unclassified	0	0	0	0	276	1
9658	unclassified	0	0	0	0	339	1
9656	unclassified	0	0	0	0	840	1
9661	unclassified	0	0	0	0	174	1
9663	unclassified	0	0	0	0	285	1
9659	unclassified	0	0	0	0	975	1
9662	unclassified	0	0	0	0	576	1
9665	unclassified	0	0	0	0	156	1
9667	unclassified	0	0	0	0	249	1
9668	unclassified	0	0	0	0	219	1
9660	unclassified	0	0	0	0	1458	1
9664	unclassified	0	0	0	0	1014	1
9666	unclassified	0	0	0	0	786	1
9669	unclassified	0	0	0	0	357	1
9670	unclassified	0	0	0	0	255	1
9671	unclassified	0	0	0	0	519	1
9674	unclassified	0	0	0	0	951	1
9675	unclassified	0	0	0	0	654	1
9673	unclassified	0	0	0	0	1044	1
9678	unclassified	0	0	0	0	213	1
9677	unclassified	0	0	0	0	258	1
9679	unclassified	0	0	0	0	189	1
9676	unclassified	0	0	0	0	633	1
9680	unclassified	0	0	0	0	357	1
9672	NC_000011.10	9606	64	64	23	1749	2
9672	NC_000005.10	9606	64	64	23	1749	2
9684	unclassified	0	0	0	0	213	1
9682	unclassified	0	0	0	0	420	1
9683	unclassified	0	0	0	0	411	1
9685	unclassified	0	0	0	0	393	1
9681	unclassified	0	0	0	0	897	1
9686	unclassified	0	0	0	0	591	1
9690	unclassified	0	0	0	0	189	1
9688	unclassified	0	0	0	0	558	1
9692	unclassified	0	0	0	0	168	1
9689	unclassified	0	0	0	0	921	1
9691	unclassified	0	0	0	0	693	1
9694	unclassified	0	0	0	0	132	1
9693	unclassified	0	0	0	0	609	1
9687	unclassified	0	0	0	0	1590	1
9695	unclassified	0	0	0	0	405	1
9698	unclassified	0	0	0	0	369	1
9700	unclassified	0	0	0	0	267	1
9697	unclassified	0	0	0	0	756	1
9702	unclassified	0	0	0	0	288	1
9701	unclassified	0	0	0	0	501	1
9703	unclassified	0	0	0	0	255	1
9699	unclassified	0	0	0	0	1185	1
9705	unclassified	0	0	0	0	177	1
9696	unclassified	0	0	0	0	2136	1
9704	cid|1304	1304	81	81	24	837	2
9704	cid|1308	1308	81	81	24	837	2
9707	cid|1580092	1580092	81	0	24	678	1
9706	unclassified	0	0	0	0	819	1
9709	unclassified	0	0	0	0	351	1
9710	unclassified	0	0	0	0	393	1
9713	unclassified	0	0	0	0	66	1
9708	unclassified	0	0	0	0	747	1
9711	unclassified	0	0	0	0	456	1
9712	unclassified	0	0	0	0	411	1
9715	unclassified	0	0	0	0	195	1
9718	unclassified	0	0	0	0	204	1
9716	unclassified	0	0	0	0	738	1
9719	NC_000012.12	9606	64	0	23	597	1
9720	NC_000002.12	9606	1369	0	52	981	1
9721	cid|1603555	1603555	121	0	26	1287	1
9717	NC_000005.10	9606	64	0	23	1929	1
9722	unclassified	0	0	0	0	642	1
9724	unclassified	0	0	0	0	255	1
9714	cid|14	14	169	169	28	2355	2
9714	cid|513050	513050	169	169	28	2355	2
9726	unclassified	0	0	0	0	330	1
9727	unclassified	0	0	0	0	303	1
9725	unclassified	0	0	0	0	492	1
9728	unclassified	0	0	0	0	180	1
9723	unclassified	0	0	0	0	1209	1
9730	unclassified	0	0	0	0	537	1
9729	unclassified	0	0	0	0	822	1
9731	unclassified	0	0	0	0	660	1
9733	unclassified	0	0	0	0	432	1
9736	unclassified	0	0	0	0	516	1
9732	unclassified	0	0	0	0	1140	1
9734	unclassified	0	0	0	0	1194	1
9737	unclassified	0	0	0	0	498	1
9735	cid|1316941	1316941	64	0	23	1227	1
9739	unclassified	0	0	0	0	141	1
9738	unclassified	0	0	0	0	726	1
9740	unclassified	0	0	0	0	414	1
9741	unclassified	0	0	0	0	582	1
9743	cid|587753	587753	64	0	23	354	1
9745	unclassified	0	0	0	0	303	1
9744	NC_000017.11	9606	64	64	23	366	2
9744	cid|34105	34105	64	64	23	366	2
9742	unclassified	0	0	0	0	1125	1
9747	unclassified	0	0	0	0	330	1
9748	unclassified	0	0	0	0	150	1
9750	unclassified	0	0	0	0	135	1
9746	unclassified	0	0	0	0	1059	1
9752	unclassified	0	0	0	0	678	1
9753	unclassified	0	0	0	0	318	1
9755	unclassified	0	0	0	0	147	1
9751	unclassified	0	0	0	0	1251	1
9754	unclassified	0	0	0	0	552	1
9749	unclassified	0	0	0	0	1425	1
9757	unclassified	0	0	0	0	330	1
9756	unclassified	0	0	0	0	663	1
9760	unclassified	0	0	0	0	228	1
9761	unclassified	0	0	0	0	165	1
9759	unclassified	0	0	0	0	630	1
9758	unclassified	0	0	0	0	888	1
9764	unclassified	0	0	0	0	597	1
9765	unclassified	0	0	0	0	435	1
9762	unclassified	0	0	0	0	1062	1
9766	unclassified	0	0	0	0	390	1
9768	unclassified	0	0	0	0	264	1
9769	unclassified	0	0	0	0	183	1
9770	unclassified	0	0	0	0	210	1
9772	NC_000002.12	9606	100	0	25	159	1
9763	unclassified	0	0	0	0	1722	1
9771	unclassified	0	0	0	0	666	1
9767	unclassified	0	0	0	0	1167	1
9774	unclassified	0	0	0	0	603	1
9776	unclassified	0	0	0	0	669	1
9775	cid|1496	1496	81	0	24	939	1
9777	unclassified	0	0	0	0	768	1
9779	unclassified	0	0	0	0	363	1
9773	unclassified	0	0	0	0	1641	1
9778	unclassified	0	0	0	0	825	1
9783	unclassified	0	0	0	0	216	1
9782	unclassified	0	0	0	0	645	1
9784	unclassified	0	0	0	0	330	1
9785	unclassified	0	0	0	0	390	1
9781	unclassified	0	0	0	0	1092	1
9788	unclassified	0	0	0	0	141	1
9787	unclassified	0	0	0	0	309	1
9786	unclassified	0	0	0	0	816	1
9790	unclassified	0	0	0	0	600	1
9780	cid|61435	61435	100	64	25	1920	1
9789	unclassified	0	0	0	0	864	1
9791	unclassified	0	0	0	0	555	1
9794	unclassified	0	0	0	0	564	1
9795	unclassified	0	0	0	0	498	1
9792	unclassified	0	0	0	0	951	1
9797	unclassified	0	0	0	0	219	1
9793	unclassified	0	0	0	0	1110	1
9796	unclassified	0	0	0	0	546	1
9800	unclassified	0	0	0	0	756	1
9801	cid|1821621	1821621	64	0	23	1059	1
9802	unclassified	0	0	0	0	468	1
9798	unclassified	0	0	0	0	1617	1
9799	unclassified	0	0	0	0	1614	1
9804	unclassified	0	0	0	0	168	1
9805	unclassified	0	0	0	0	135	1
9803	unclassified	0	0	0	0	468	1
9806	unclassified	0	0	0	0	372	1
9810	unclassified	0	0	0	0	123	1
9809	unclassified	0	0	0	0	483	1
9808	unclassified	0	0	0	0	885	1
9812	unclassified	0	0	0	0	246	1
9807	unclassified	0	0	0	0	1041	1
9811	cid|1229909	1229909	100	0	25	633	1
9815	unclassified	0	0	0	0	306	1
9813	unclassified	0	0	0	0	606	1
9814	cid|1580092	1580092	64	0	23	675	1
9817	unclassified	0	0	0	0	324	1
9818	unclassified	0	0	0	0	192	1
9816	unclassified	0	0	0	0	744	1
9820	unclassified	0	0	0	0	516	1
9821	unclassified	0	0	0	0	1212	1
9819	unclassified	0	0	0	0	1389	1
9824	unclassified	0	0	0	0	243	1
9822	unclassified	0	0	0	0	1365	1
9825	unclassified	0	0	0	0	483	1
9827	unclassified	0	0	0	0	237	1
9823	unclassified	0	0	0	0	1410	1
9826	unclassified	0	0	0	0	510	1
9829	cid|738	738	64	0	23	717	1
9830	unclassified	0	0	0	0	852	1
9831	unclassified	0	0	0	0	984	1
9828	unclassified	0	0	0	0	1248	1
9832	unclassified	0	0	0	0	783	1
9833	unclassified	0	0	0	0	1092	1
9834	cid|39152	39152	144	144	27	1005	2
9834	cid|2187	2187	144	144	27	1005	2
9836	unclassified	0	0	0	0	516	1
9835	cid|754476	754476	81	0	24	1740	1
9837	unclassified	0	0	0	0	885	1
9838	unclassified	0	0	0	0	921	1
9839	cid|405212	405212	64	0	23	801	1
9841	unclassified	0	0	0	0	156	1
9842	unclassified	0	0	0	0	258	1
9840	unclassified	0	0	0	0	654	1
9844	unclassified	0	0	0	0	267	1
9845	unclassified	0	0	0	0	135	1
9846	unclassified	0	0	0	0	882	1
9843	NC_000009.12	9606	64	64	23	1512	2
9843	NC_000012.12	9606	64	64	23	1512	2
9848	unclassified	0	0	0	0	1218	1
9847	unclassified	0	0	0	0	1380	1
9850	unclassified	0	0	0	0	855	1
9849	unclassified	0	0	0	0	1263	1
9852	unclassified	0	0	0	0	711	1
9851	unclassified	0	0	0	0	846	1
9853	unclassified	0	0	0	0	150	1
9857	unclassified	0	0	0	0	159	1
9854	unclassified	0	0	0	0	879	1
9856	unclassified	0	0	0	0	825	1
9858	unclassified	0	0	0	0	753	1
9861	unclassified	0	0	0	0	174	1
9855	unclassified	0	0	0	0	1062	1
9862	unclassified	0	0	0	0	405	1
9859	unclassified	0	0	0	0	858	1
9863	unclassified	0	0	0	0	534	1
9860	unclassified	0	0	0	0	864	1
9867	unclassified	0	0	0	0	183	1
9866	unclassified	0	0	0	0	237	1
9865	unclassified	0	0	0	0	417	1
9870	unclassified	0	0	0	0	330	1
9864	cid|1490057	1490057	64	0	23	900	1
9869	unclassified	0	0	0	0	642	1
9873	unclassified	0	0	0	0	324	1
9874	unclassified	0	0	0	0	219	1
9872	unclassified	0	0	0	0	612	1
9868	unclassified	0	0	0	0	1485	1
9871	unclassified	0	0	0	0	1077	1
9876	unclassified	0	0	0	0	369	1
9875	unclassified	0	0	0	0	408	1
9877	unclassified	0	0	0	0	165	1
9880	unclassified	0	0	0	0	171	1
9879	unclassified	0	0	0	0	465	1
9882	unclassified	0	0	0	0	330	1
9881	unclassified	0	0	0	0	519	1
9883	unclassified	0	0	0	0	150	1
9885	unclassified	0	0	0	0	144	1
9878	unclassified	0	0	0	0	873	1
9887	unclassified	0	0	0	0	465	1
9888	unclassified	0	0	0	0	366	1
9886	unclassified	0	0	0	0	675	1
9890	unclassified	0	0	0	0	429	1
9884	unclassified	0	0	0	0	1131	1
9889	unclassified	0	0	0	0	735	1
9893	unclassified	0	0	0	0	516	1
9892	unclassified	0	0	0	0	780	1
9895	unclassified	0	0	0	0	444	1
9891	cid|315405	315405	256	100	31	1248	1
9897	unclassified	0	0	0	0	225	1
9899	unclassified	0	0	0	0	312	1
9894	unclassified	0	0	0	0	1299	1
9898	unclassified	0	0	0	0	888	1
9900	cid|1410606	1410606	100	0	25	495	1
9896	unclassified	0	0	0	0	1347	1
9904	unclassified	0	0	0	0	261	1
9902	unclassified	0	0	0	0	621	1
9903	unclassified	0	0	0	0	570	1
9907	unclassified	0	0	0	0	174	1
9905	unclassified	0	0	0	0	597	1
9908	unclassified	0	0	0	0	303	1
9901	unclassified	0	0	0	0	1275	1
9906	unclassified	0	0	0	0	582	1
9910	unclassified	0	0	0	0	315	1
9912	unclassified	0	0	0	0	468	1
9914	unclassified	0	0	0	0	141	1
9909	unclassified	0	0	0	0	852	1
9911	unclassified	0	0	0	0	831	1
9915	unclassified	0	0	0	0	567	1
9913	unclassified	0	0	0	0	942	1
9916	cid|1493	1493	81	0	24	606	1
9917	unclassified	0	0	0	0	675	1
9919	unclassified	0	0	0	0	723	1
9921	cid|586416	586416	81	0	24	498	1
9922	unclassified	0	0	0	0	138	1
9923	unclassified	0	0	0	0	183	1
9920	unclassified	0	0	0	0	786	1
9925	unclassified	0	0	0	0	177	1
9924	unclassified	0	0	0	0	549	1
9928	unclassified	0	0	0	0	267	1
9926	unclassified	0	0	0	0	873	1
9927	unclassified	0	0	0	0	741	1
9929	unclassified	0	0	0	0	186	1
9930	unclassified	0	0	0	0	837	1
9932	unclassified	0	0	0	0	969	1
9933	unclassified	0	0	0	0	237	1
9931	unclassified	0	0	0	0	1263	1
9935	unclassified	0	0	0	0	402	1
9934	unclassified	0	0	0	0	405	1
9937	unclassified	0	0	0	0	264	1
9918	NC_000002.12	9606	100	100	25	3213	2
9918	NC_000009.12	9606	100	100	25	3213	2
9936	unclassified	0	0	0	0	663	1
9940	unclassified	0	0	0	0	294	1
9938	unclassified	0	0	0	0	675	1
9942	unclassified	0	0	0	0	573	1
9943	unclassified	0	0	0	0	642	1
9939	unclassified	0	0	0	0	1182	1
9944	unclassified	0	0	0	0	321	1
9941	unclassified	0	0	0	0	1035	1
9946	unclassified	0	0	0	0	213	1
9947	unclassified	0	0	0	0	186	1
9945	unclassified	0	0	0	0	465	1
9948	unclassified	0	0	0	0	465	1
9950	unclassified	0	0	0	0	399	1
9951	unclassified	0	0	0	0	660	1
9949	unclassified	0	0	0	0	1263	1
9954	unclassified	0	0	0	0	615	1
9953	unclassified	0	0	0	0	1032	1
9955	unclassified	0	0	0	0	369	1
9957	unclassified	0	0	0	0	177	1
9958	unclassified	0	0	0	0	165	1
9960	unclassified	0	0	0	0	528	1
9959	unclassified	0	0	0	0	666	1
9956	unclassified	0	0	0	0	933	1
9952	unclassified	0	0	0	0	2301	1
9961	unclassified	0	0	0	0	549	1
9962	unclassified	0	0	0	0	759	1
9965	unclassified	0	0	0	0	420	1
9963	unclassified	0	0	0	0	852	1
9964	cid|985	985	81	0	24	966	1
9966	unclassified	0	0	0	0	639	1
9969	unclassified	0	0	0	0	105	1
9967	unclassified	0	0	0	0	675	1
9968	cid|169679	169679	64	0	23	663	1
9973	unclassified	0	0	0	0	228	1
9971	unclassified	0	0	0	0	378	1
9972	unclassified	0	0	0	0	279	1
9970	unclassified	0	0	0	0	786	1
9976	unclassified	0	0	0	0	363	1
9977	unclassified	0	0	0	0	141	1
9975	unclassified	0	0	0	0	597	1
9979	unclassified	0	0	0	0	414	1
9981	unclassified	0	0	0	0	315	1
9980	unclassified	0	0	0	0	570	1
9978	unclassified	0	0	0	0	948	1
9982	unclassified	0	0	0	0	216	1
9974	unclassified	0	0	0	0	1452	1
9983	cid|851	851	81	81	24	246	2
9983	cid|1583098	1583098	81	81	24	246	2
9985	unclassified	0	0	0	0	243	1
9986	NC_000007.14	9606	64	0	23	216	1
9984	unclassified	0	0	0	0	546	1
9990	unclassified	0	0	0	0	120	1
9991	unclassified	0	0	0	0	453	1
9988	unclassified	0	0	0	0	972	1
9993	unclassified	0	0	0	0	183	1
9992	unclassified	0	0	0	0	384	1
9989	unclassified	0	0	0	0	1317	1
9995	unclassified	0	0	0	0	312	1
9987	unclassified	0	0	0	0	1665	1
9997	cid|1603555	1603555	1808	0	90	294	1
9998	unclassified	0	0	0	0	177	1
9994	cid|851	851	100	0	25	732	1
9996	unclassified	0	0	0	0	483	1
10002	unclassified	0	0	0	0	186	1
10000	unclassified	0	0	0	0	624	1
10003	unclassified	0	0	0	0	561	1
10004	unclassified	0	0	0	0	288	1
10001	unclassified	0	0	0	0	933	1
9999	unclassified	0	0	0	0	990	1
10005	unclassified	0	0	0	0	270	1
10009	unclassified	0	0	0	0	267	1
10006	unclassified	0	0	0	0	912	1
10007	unclassified	0	0	0	0	1005	1
10010	unclassified	0	0	0	0	825	1
10012	unclassified	0	0	0	0	819	1
10008	cid|1076588	1076588	81	0	24	1572	1
10014	unclassified	0	0	0	0	297	1
10015	unclassified	0	0	0	0	324	1
10011	cid|1415657	1415657	169	0	28	1203	1
10013	cid|1643	1643	64	64	23	1179	2
10013	cid|1313	1313	64	64	23	1179	2
10019	unclassified	0	0	0	0	99	1
10018	unclassified	0	0	0	0	525	1
10020	unclassified	0	0	0	0	126	1
10021	unclassified	0	0	0	0	336	1
10017	unclassified	0	0	0	0	954	1
10022	unclassified	0	0	0	0	330	1
10023	unclassified	0	0	0	0	159	1
10025	unclassified	0	0	0	0	390	1
10024	NC_000009.12	9606	64	0	23	564	1
10027	unclassified	0	0	0	0	156	1
10026	unclassified	0	0	0	0	486	1
10029	unclassified	0	0	0	0	249	1
10028	unclassified	0	0	0	0	357	1
10030	unclassified	0	0	0	0	369	1
10031	cid|58138	58138	64	0	23	504	1
10016	unclassified	0	0	0	0	2523	1
10033	unclassified	0	0	0	0	1005	1
10035	unclassified	0	0	0	0	669	1
10032	cid|84599	84599	64	0	23	1278	1
10037	unclassified	0	0	0	0	303	1
10038	unclassified	0	0	0	0	333	1
10034	unclassified	0	0	0	0	1290	1
10041	unclassified	0	0	0	0	252	1
10036	NC_000010.11	9606	64	0	23	984	1
10039	unclassified	0	0	0	0	615	1
10040	unclassified	0	0	0	0	678	1
10042	unclassified	0	0	0	0	546	1
10046	unclassified	0	0	0	0	435	1
10044	unclassified	0	0	0	0	840	1
10045	unclassified	0	0	0	0	738	1
10043	unclassified	0	0	0	0	1008	1
10047	unclassified	0	0	0	0	243	1
10048	unclassified	0	0	0	0	492	1
10049	unclassified	0	0	0	0	513	1
10050	unclassified	0	0	0	0	750	1
10051	unclassified	0	0	0	0	837	1
10052	unclassified	0	0	0	0	837	1
10054	unclassified	0	0	0	0	441	1
10055	cid|395961	395961	64	0	23	441	1
10053	unclassified	0	0	0	0	1095	1
10058	unclassified	0	0	0	0	180	1
10056	unclassified	0	0	0	0	534	1
10060	unclassified	0	0	0	0	144	1
10057	cid|182337	182337	64	0	23	714	1
10059	unclassified	0	0	0	0	621	1
10064	unclassified	0	0	0	0	168	1
10062	unclassified	0	0	0	0	675	1
10065	unclassified	0	0	0	0	153	1
10061	NC_000023.11	9606	144	144	27	573	4
10061	NC_000003.12	9606	144	144	27	573	4
10061	NC_000002.12	9606	144	144	27	573	4
10061	NC_000004.12	9606	144	144	27	573	4
10063	cid|68214	68214	64	0	23	429	1
10069	unclassified	0	0	0	0	153	1
10067	unclassified	0	0	0	0	384	1
10071	unclassified	0	0	0	0	150	1
10072	unclassified	0	0	0	0	327	1
10068	NC_000003.12	9606	64	0	23	834	1
10073	unclassified	0	0	0	0	279	1
10066	unclassified	0	0	0	0	1161	1
10076	unclassified	0	0	0	0	189	1
10070	cid|486	486	64	64	23	1347	2
10070	cid|487	487	64	64	23	1347	2
10075	unclassified	0	0	0	0	891	1
10077	unclassified	0	0	0	0	822	1
10079	unclassified	0	0	0	0	195	1
10078	unclassified	0	0	0	0	504	1
10074	unclassified	0	0	0	0	1365	1
10080	unclassified	0	0	0	0	765	1
10081	cid|28199	28199	64	0	23	843	1
10083	unclassified	0	0	0	0	1032	1
10082	unclassified	0	0	0	0	1098	1
10084	unclassified	0	0	0	0	492	1
10086	unclassified	0	0	0	0	252	1
10087	unclassified	0	0	0	0	396	1
10085	unclassified	0	0	0	0	666	1
10090	unclassified	0	0	0	0	405	1
10091	unclassified	0	0	0	0	609	1
10088	cid|84405	84405	121	0	26	948	1
10089	unclassified	0	0	0	0	921	1
10094	unclassified	0	0	0	0	219	1
10092	unclassified	0	0	0	0	759	1
10095	cid|197614	197614	64	64	23	501	2
10095	cid|59310	59310	64	64	23	501	2
10096	unclassified	0	0	0	0	309	1
10097	unclassified	0	0	0	0	699	1
10099	unclassified	0	0	0	0	753	1
10093	unclassified	0	0	0	0	1305	1
10098	unclassified	0	0	0	0	1410	1
10101	unclassified	0	0	0	0	762	1
10100	cid|1580092	1580092	121	0	26	1149	1
10103	unclassified	0	0	0	0	438	1
10104	unclassified	0	0	0	0	288	1
10102	unclassified	0	0	0	0	1074	1
10108	unclassified	0	0	0	0	78	1
10105	unclassified	0	0	0	0	561	1
10109	unclassified	0	0	0	0	342	1
10111	unclassified	0	0	0	0	93	1
10106	unclassified	0	0	0	0	897	1
10113	unclassified	0	0	0	0	300	1
10110	unclassified	0	0	0	0	621	1
10112	unclassified	0	0	0	0	594	1
10107	unclassified	0	0	0	0	1203	1
10114	unclassified	0	0	0	0	777	1
10115	unclassified	0	0	0	0	720	1
10116	unclassified	0	0	0	0	930	1
10118	unclassified	0	0	0	0	585	1
10119	unclassified	0	0	0	0	567	1
10120	unclassified	0	0	0	0	489	1
10122	unclassified	0	0	0	0	264	1
10123	unclassified	0	0	0	0	354	1
10121	cid|1564	1564	64	0	23	504	1
10125	unclassified	0	0	0	0	180	1
10127	unclassified	0	0	0	0	315	1
10117	NC_000020.11	9606	64	0	23	2025	1
10124	unclassified	0	0	0	0	834	1
10126	NC_000007.14	9606	64	0	23	666	1
10129	unclassified	0	0	0	0	303	1
10132	unclassified	0	0	0	0	237	1
10131	unclassified	0	0	0	0	1020	1
10133	unclassified	0	0	0	0	672	1
10135	unclassified	0	0	0	0	549	1
10134	unclassified	0	0	0	0	699	1
10128	NC_000003.12	9606	64	0	23	1998	1
10136	unclassified	0	0	0	0	402	1
10138	unclassified	0	0	0	0	204	1
10130	unclassified	0	0	0	0	2160	1
10139	unclassified	0	0	0	0	369	1
10141	unclassified	0	0	0	0	279	1
10140	unclassified	0	0	0	0	450	1
10137	cid|1352	1352	121	0	26	876	1
10142	NC_000001.11	9606	64	0	23	324	1
10143	unclassified	0	0	0	0	456	1
10144	unclassified	0	0	0	0	447	1
10147	unclassified	0	0	0	0	195	1
10146	unclassified	0	0	0	0	690	1
10148	unclassified	0	0	0	0	741	1
10149	unclassified	0	0	0	0	1038	1
10145	cid|1580092	1580092	100	100	25	1551	2
10145	cid|1229909	1229909	100	100	25	1551	2
10151	NC_000019.10	9606	64	0	23	549	1
10152	unclassified	0	0	0	0	207	1
10150	unclassified	0	0	0	0	978	1
10153	unclassified	0	0	0	0	636	1
10157	unclassified	0	0	0	0	168	1
10154	unclassified	0	0	0	0	1020	1
10158	unclassified	0	0	0	0	423	1
10155	cid|2287	2287	100	0	25	1257	1
10159	unclassified	0	0	0	0	309	1
10160	unclassified	0	0	0	0	450	1
10162	unclassified	0	0	0	0	351	1
10156	unclassified	0	0	0	0	1773	1
10164	unclassified	0	0	0	0	531	1
10161	cid|1229909	1229909	100	0	25	948	1
10166	unclassified	0	0	0	0	219	1
10167	unclassified	0	0	0	0	198	1
10168	unclassified	0	0	0	0	132	1
10165	unclassified	0	0	0	0	729	1
10169	unclassified	0	0	0	0	150	1
10170	unclassified	0	0	0	0	243	1
10172	unclassified	0	0	0	0	228	1
10171	unclassified	0	0	0	0	303	1
10163	cid|379547	379547	100	0	25	1347	1
10174	unclassified	0	0	0	0	198	1
10175	unclassified	0	0	0	0	246	1
10173	unclassified	0	0	0	0	447	1
10178	unclassified	0	0	0	0	207	1
10179	unclassified	0	0	0	0	216	1
10177	unclassified	0	0	0	0	423	1
10176	unclassified	0	0	0	0	654	1
10180	unclassified	0	0	0	0	732	1
10182	unclassified	0	0	0	0	717	1
10183	cid|2702	2702	64	0	23	579	1
10184	unclassified	0	0	0	0	276	1
10181	unclassified	0	0	0	0	936	1
10186	unclassified	0	0	0	0	312	1
10185	cid|382	382	64	64	23	297	2
10185	NC_000003.12	9606	64	64	23	297	2
10187	unclassified	0	0	0	0	234	1
10191	unclassified	0	0	0	0	516	1
10189	unclassified	0	0	0	0	654	1
10188	unclassified	0	0	0	0	927	1
10190	cid|999	999	81	0	24	690	1
10192	unclassified	0	0	0	0	375	1
10195	unclassified	0	0	0	0	369	1
10196	unclassified	0	0	0	0	300	1
10197	unclassified	0	0	0	0	591	1
10193	unclassified	0	0	0	0	1557	1
10198	unclassified	0	0	0	0	1116	1
10199	unclassified	0	0	0	0	591	1
10194	unclassified	0	0	0	0	1728	1
10200	unclassified	0	0	0	0	543	1
10202	cid|51669	51669	64	0	23	690	1
10204	unclassified	0	0	0	0	471	1
10201	unclassified	0	0	0	0	882	1
10206	unclassified	0	0	0	0	147	1
10208	unclassified	0	0	0	0	123	1
10203	unclassified	0	0	0	0	1074	1
10207	unclassified	0	0	0	0	510	1
10205	unclassified	0	0	0	0	714	1
10209	unclassified	0	0	0	0	435	1
10210	unclassified	0	0	0	0	393	1
10212	unclassified	0	0	0	0	552	1
10214	NC_000004.12	9606	81	0	24	522	1
10215	unclassified	0	0	0	0	363	1
10211	unclassified	0	0	0	0	1257	1
10216	unclassified	0	0	0	0	576	1
10218	unclassified	0	0	0	0	306	1
10219	unclassified	0	0	0	0	327	1
10213	cid|51197	51197	529	100	38	2112	1
10217	cid|1785996	1785996	256	0	31	1398	1
10220	cid|200415	200415	100	0	25	1230	1
10222	unclassified	0	0	0	0	543	1
10221	unclassified	0	0	0	0	1680	1
10225	unclassified	0	0	0	0	561	1
10227	unclassified	0	0	0	0	171	1
10223	cid|60893	60893	64	0	23	1005	1
10229	unclassified	0	0	0	0	150	1
10226	unclassified	0	0	0	0	723	1
10228	unclassified	0	0	0	0	312	1
10224	unclassified	0	0	0	0	1266	1
10232	unclassified	0	0	0	0	213	1
10233	unclassified	0	0	0	0	453	1
10230	NC_000004.12	9606	64	0	23	540	1
10234	unclassified	0	0	0	0	333	1
10237	cid|1413	1413	64	0	23	153	1
10231	cid|240427	240427	64	0	23	864	1
10235	unclassified	0	0	0	0	534	1
10239	unclassified	0	0	0	0	120	1
10236	unclassified	0	0	0	0	621	1
10238	unclassified	0	0	0	0	402	1
10240	unclassified	0	0	0	0	183	1
10241	NC_000009.12	9606	100	100	25	417	2
10241	NC_000006.12	9606	100	100	25	417	2
10242	NC_000014.9	9606	64	0	23	615	1
10244	NC_000004.12	9606	64	0	23	612	1
10245	NC_000009.12	9606	81	64	24	543	1
10246	unclassified	0	0	0	0	696	1
10248	unclassified	0	0	0	0	372	1
10249	unclassified	0	0	0	0	144	1
10243	cid|482957	482957	64	64	23	1365	4
10243	cid|60550	60550	64	64	23	1365	4
10243	cid|1097668	1097668	64	64	23	1365	4
10243	cid|261302	261302	64	64	23	1365	4
10247	unclassified	0	0	0	0	1353	1
10252	unclassified	0	0	0	0	582	1
10251	unclassified	0	0	0	0	786	1
10253	unclassified	0	0	0	0	630	1
10255	unclassified	0	0	0	0	249	1
10250	unclassified	0	0	0	0	1434	1
10256	unclassified	0	0	0	0	585	1
10258	unclassified	0	0	0	0	423	1
10257	unclassified	0	0	0	0	738	1
10260	unclassified	0	0	0	0	132	1
10261	unclassified	0	0	0	0	474	1
10262	unclassified	0	0	0	0	426	1
10263	unclassified	0	0	0	0	372	1
10264	unclassified	0	0	0	0	408	1
10265	unclassified	0	0	0	0	195	1
10266	unclassified	0	0	0	0	309	1
10259	unclassified	0	0	0	0	1506	1
10268	unclassified	0	0	0	0	339	1
10254	unclassified	0	0	0	0	2724	1
10271	unclassified	0	0	0	0	261	1
10269	unclassified	0	0	0	0	1089	1
10267	cid|1336795	1336795	169	169	28	1236	3
10267	cid|320787	320787	169	169	28	1236	3
10267	cid|762954	762954	169	169	28	1236	3
10274	unclassified	0	0	0	0	189	1
10270	NC_000014.9	9606	81	0	24	1302	1
10272	unclassified	0	0	0	0	1041	1
10275	unclassified	0	0	0	0	411	1
10277	unclassified	0	0	0	0	264	1
10273	unclassified	0	0	0	0	936	1
10278	unclassified	0	0	0	0	336	1
10281	unclassified	0	0	0	0	228	1
10280	unclassified	0	0	0	0	351	1
10283	unclassified	0	0	0	0	150	1
10276	unclassified	0	0	0	0	1158	1
10284	unclassified	0	0	0	0	276	1
10279	unclassified	0	0	0	0	930	1
10286	unclassified	0	0	0	0	159	1
10285	unclassified	0	0	0	0	234	1
10287	unclassified	0	0	0	0	393	1
10282	unclassified	0	0	0	0	1248	1
10290	unclassified	0	0	0	0	351	1
10289	unclassified	0	0	0	0	711	1
10288	unclassified	0	0	0	0	1029	1
10291	unclassified	0	0	0	0	423	1
10294	unclassified	0	0	0	0	402	1
10295	unclassified	0	0	0	0	585	1
10292	unclassified	0	0	0	0	957	1
10297	unclassified	0	0	0	0	195	1
10298	unclassified	0	0	0	0	573	1
10293	unclassified	0	0	0	0	1593	1
10300	unclassified	0	0	0	0	219	1
10296	NC_000006.12	9606	317	0	55	1149	1
10299	unclassified	0	0	0	0	837	1
10303	unclassified	0	0	0	0	228	1
10301	unclassified	0	0	0	0	495	1
10304	unclassified	0	0	0	0	309	1
10305	unclassified	0	0	0	0	294	1
10302	unclassified	0	0	0	0	921	1
10307	unclassified	0	0	0	0	447	1
10308	unclassified	0	0	0	0	432	1
10309	unclassified	0	0	0	0	639	1
10306	unclassified	0	0	0	0	1344	1
10312	NC_000023.11	9606	64	0	23	210	1
10311	unclassified	0	0	0	0	1131	1
10314	unclassified	0	0	0	0	573	1
10315	unclassified	0	0	0	0	219	1
10317	unclassified	0	0	0	0	315	1
10313	unclassified	0	0	0	0	1227	1
10316	unclassified	0	0	0	0	900	1
10310	NC_000017.11	9606	225	121	30	1923	1
10319	unclassified	0	0	0	0	648	1
10321	unclassified	0	0	0	0	444	1
10318	NC_000007.14	9606	64	0	23	990	1
10322	unclassified	0	0	0	0	270	1
10323	unclassified	0	0	0	0	537	1
10320	unclassified	0	0	0	0	1407	1
10326	unclassified	0	0	0	0	729	1
10324	NC_000001.11	9606	64	0	23	1341	1
10325	cid|1888195	1888195	100	0	25	1401	1
10330	unclassified	0	0	0	0	159	1
10329	unclassified	0	0	0	0	279	1
10327	unclassified	0	0	0	0	1173	1
10332	NC_000002.12	9606	64	0	23	384	1
10331	unclassified	0	0	0	0	495	1
10328	unclassified	0	0	0	0	864	1
10335	unclassified	0	0	0	0	195	1
10333	unclassified	0	0	0	0	318	1
10337	unclassified	0	0	0	0	105	1
10334	unclassified	0	0	0	0	339	1
10336	unclassified	0	0	0	0	420	1
10340	unclassified	0	0	0	0	192	1
10342	unclassified	0	0	0	0	240	1
10338	unclassified	0	0	0	0	522	1
10339	unclassified	0	0	0	0	621	1
10343	unclassified	0	0	0	0	255	1
10341	unclassified	0	0	0	0	918	1
10346	unclassified	0	0	0	0	489	1
10345	unclassified	0	0	0	0	693	1
10344	unclassified	0	0	0	0	1086	1
10347	unclassified	0	0	0	0	522	1
10350	unclassified	0	0	0	0	165	1
10349	unclassified	0	0	0	0	852	1
10353	unclassified	0	0	0	0	237	1
10352	unclassified	0	0	0	0	972	1
10351	unclassified	0	0	0	0	1176	1
10348	unclassified	0	0	0	0	1839	1
10354	unclassified	0	0	0	0	828	1
10356	unclassified	0	0	0	0	423	1
10355	unclassified	0	0	0	0	807	1
10358	unclassified	0	0	0	0	360	1
10357	unclassified	0	0	0	0	489	1
10359	unclassified	0	0	0	0	642	1
10361	unclassified	0	0	0	0	588	1
10362	unclassified	0	0	0	0	558	1
10364	unclassified	0	0	0	0	264	1
10365	unclassified	0	0	0	0	342	1
10366	unclassified	0	0	0	0	132	1
10363	unclassified	0	0	0	0	762	1
10368	unclassified	0	0	0	0	774	1
10360	unclassified	0	0	0	0	1917	1
10369	unclassified	0	0	0	0	996	1
10367	cid|994692	994692	64	0	23	1161	1
10373	unclassified	0	0	0	0	297	1
10372	unclassified	0	0	0	0	363	1
10371	unclassified	0	0	0	0	744	1
10375	unclassified	0	0	0	0	303	1
10370	unclassified	0	0	0	0	1134	1
10374	unclassified	0	0	0	0	522	1
10378	unclassified	0	0	0	0	498	1
10380	unclassified	0	0	0	0	870	1
10379	NC_000005.10	9606	64	64	23	1110	2
10379	cid|1763538	1763538	64	64	23	1110	2
10381	unclassified	0	0	0	0	105	1
10382	unclassified	0	0	0	0	375	1
10383	unclassified	0	0	0	0	468	1
10376	NC_000011.10	9606	324	0	33	1995	1
10386	unclassified	0	0	0	0	231	1
10385	unclassified	0	0	0	0	384	1
10387	unclassified	0	0	0	0	141	1
10377	cid|167964	167964	100	0	25	2115	1
10389	unclassified	0	0	0	0	117	1
10384	unclassified	0	0	0	0	1095	1
10390	unclassified	0	0	0	0	435	1
10388	unclassified	0	0	0	0	612	1
10393	unclassified	0	0	0	0	228	1
10392	unclassified	0	0	0	0	264	1
10391	unclassified	0	0	0	0	849	1
10397	unclassified	0	0	0	0	420	1
10395	unclassified	0	0	0	0	1203	1
10394	unclassified	0	0	0	0	1611	1
10398	unclassified	0	0	0	0	822	1
10396	unclassified	0	0	0	0	1509	1
10399	unclassified	0	0	0	0	282	1
10401	unclassified	0	0	0	0	186	1
10403	unclassified	0	0	0	0	183	1
10400	unclassified	0	0	0	0	243	1
10402	unclassified	0	0	0	0	285	1
10406	unclassified	0	0	0	0	123	1
10408	unclassified	0	0	0	0	324	1
10405	NC_000024.10	9606	64	64	23	357	2
10405	NT_187385.1	9606	64	64	23	357	2
10404	unclassified	0	0	0	0	624	1
10411	unclassified	0	0	0	0	582	1
10407	unclassified	0	0	0	0	1284	1
10409	unclassified	0	0	0	0	1035	1
10413	unclassified	0	0	0	0	171	1
10412	unclassified	0	0	0	0	576	1
10410	unclassified	0	0	0	0	1284	1
10415	unclassified	0	0	0	0	348	1
10416	unclassified	0	0	0	0	297	1
10414	unclassified	0	0	0	0	948	1
10418	unclassified	0	0	0	0	669	1
10417	unclassified	0	0	0	0	720	1
10419	unclassified	0	0	0	0	657	1
10422	unclassified	0	0	0	0	519	1
10420	unclassified	0	0	0	0	864	1
10424	unclassified	0	0	0	0	330	1
10426	unclassified	0	0	0	0	207	1
10425	unclassified	0	0	0	0	381	1
10421	NC_000003.12	9606	81	0	24	1161	1
10423	unclassified	0	0	0	0	1065	1
10429	unclassified	0	0	0	0	261	1
10430	unclassified	0	0	0	0	303	1
10431	unclassified	0	0	0	0	468	1
10428	unclassified	0	0	0	0	921	1
10427	unclassified	0	0	0	0	1383	1
10432	cid|1806885	1806885	64	0	23	1068	1
10434	unclassified	0	0	0	0	729	1
10433	unclassified	0	0	0	0	909	1
10435	unclassified	0	0	0	0	447	1
10437	unclassified	0	0	0	0	207	1
10436	unclassified	0	0	0	0	246	1
10438	unclassified	0	0	0	0	189	1
10439	unclassified	0	0	0	0	114	1
10440	unclassified	0	0	0	0	249	1
10444	unclassified	0	0	0	0	345	1
10443	unclassified	0	0	0	0	567	1
10441	unclassified	0	0	0	0	771	1
10445	unclassified	0	0	0	0	198	1
10442	unclassified	0	0	0	0	837	1
10449	unclassified	0	0	0	0	309	1
10446	unclassified	0	0	0	0	663	1
10450	unclassified	0	0	0	0	738	1
10448	unclassified	0	0	0	0	1473	1
10451	unclassified	0	0	0	0	1371	1
10447	cid|43080	43080	81	81	24	1959	2
10447	cid|2287	2287	81	81	24	1959	2
10453	unclassified	0	0	0	0	1239	1
10452	cid|592316	592316	144	144	27	1467	2
10452	cid|158822	158822	144	144	27	1467	2
10456	unclassified	0	0	0	0	321	1
10457	cid|101571	101571	81	81	24	552	2
10457	cid|347	347	81	81	24	552	2
10458	unclassified	0	0	0	0	462	1
10459	unclassified	0	0	0	0	198	1
10455	unclassified	0	0	0	0	1185	1
10461	unclassified	0	0	0	0	267	1
10462	unclassified	0	0	0	0	279	1
10460	unclassified	0	0	0	0	534	1
10454	unclassified	0	0	0	0	2202	1
10464	unclassified	0	0	0	0	462	1
10463	unclassified	0	0	0	0	618	1
10468	unclassified	0	0	0	0	234	1
10466	unclassified	0	0	0	0	759	1
10467	unclassified	0	0	0	0	1026	1
10465	cid|84405	84405	64	0	23	1164	1
10471	unclassified	0	0	0	0	330	1
10472	unclassified	0	0	0	0	339	1
10469	unclassified	0	0	0	0	1089	1
10473	unclassified	0	0	0	0	447	1
10474	unclassified	0	0	0	0	441	1
10470	unclassified	0	0	0	0	1281	1
10476	unclassified	0	0	0	0	300	1
10478	unclassified	0	0	0	0	219	1
10475	cid|673862	673862	64	0	23	714	1
10480	unclassified	0	0	0	0	588	1
10477	unclassified	0	0	0	0	1017	1
10482	unclassified	0	0	0	0	168	1
10481	unclassified	0	0	0	0	672	1
10479	unclassified	0	0	0	0	1110	1
10483	unclassified	0	0	0	0	507	1
10487	unclassified	0	0	0	0	105	1
10484	unclassified	0	0	0	0	708	1
10485	unclassified	0	0	0	0	756	1
10488	unclassified	0	0	0	0	348	1
10486	unclassified	0	0	0	0	1131	1
10491	unclassified	0	0	0	0	642	1
10493	unclassified	0	0	0	0	333	1
10492	unclassified	0	0	0	0	516	1
10490	unclassified	0	0	0	0	1161	1
10489	unclassified	0	0	0	0	1314	1
10495	unclassified	0	0	0	0	432	1
10496	unclassified	0	0	0	0	798	1
10497	unclassified	0	0	0	0	981	1
10494	unclassified	0	0	0	0	1191	1
10498	unclassified	0	0	0	0	849	1
10502	unclassified	0	0	0	0	168	1
10501	unclassified	0	0	0	0	318	1
10500	unclassified	0	0	0	0	360	1
10504	unclassified	0	0	0	0	318	1
10505	unclassified	0	0	0	0	687	1
10499	unclassified	0	0	0	0	1335	1
10506	unclassified	0	0	0	0	714	1
10508	unclassified	0	0	0	0	459	1
10509	unclassified	0	0	0	0	318	1
10503	unclassified	0	0	0	0	1494	1
10511	unclassified	0	0	0	0	351	1
10513	unclassified	0	0	0	0	249	1
10507	cid|84599	84599	64	0	23	1365	1
10512	unclassified	0	0	0	0	723	1
10514	unclassified	0	0	0	0	264	1
10515	unclassified	0	0	0	0	201	1
10510	cid|1404	1404	144	144	27	1254	2
10510	cid|1449	1449	144	144	27	1254	2
10517	unclassified	0	0	0	0	582	1
10518	NC_000016.10	9606	64	0	23	648	1
10519	unclassified	0	0	0	0	318	1
10522	unclassified	0	0	0	0	477	1
10520	unclassified	0	0	0	0	741	1
10516	unclassified	0	0	0	0	1464	1
10521	unclassified	0	0	0	0	621	1
10523	unclassified	0	0	0	0	342	1
10525	unclassified	0	0	0	0	294	1
10527	unclassified	0	0	0	0	309	1
10526	unclassified	0	0	0	0	468	1
10524	unclassified	0	0	0	0	897	1
10529	unclassified	0	0	0	0	495	1
10530	unclassified	0	0	0	0	501	1
10531	unclassified	0	0	0	0	213	1
10528	unclassified	0	0	0	0	906	1
10532	unclassified	0	0	0	0	240	1
10534	unclassified	0	0	0	0	177	1
10533	unclassified	0	0	0	0	264	1
10535	unclassified	0	0	0	0	348	1
10537	unclassified	0	0	0	0	360	1
10538	unclassified	0	0	0	0	552	1
10540	unclassified	0	0	0	0	288	1
10541	unclassified	0	0	0	0	573	1
10536	unclassified	0	0	0	0	1236	1
10539	unclassified	0	0	0	0	1194	1
10543	cid|309806	309806	64	0	23	279	1
10544	unclassified	0	0	0	0	282	1
10542	unclassified	0	0	0	0	1311	1
10547	unclassified	0	0	0	0	519	1
10548	unclassified	0	0	0	0	504	1
10549	unclassified	0	0	0	0	525	1
10545	unclassified	0	0	0	0	1350	1
10550	unclassified	0	0	0	0	429	1
10551	unclassified	0	0	0	0	369	1
10553	unclassified	0	0	0	0	111	1
10554	unclassified	0	0	0	0	174	1
10552	unclassified	0	0	0	0	330	1
10556	unclassified	0	0	0	0	93	1
10555	unclassified	0	0	0	0	231	1
10557	unclassified	0	0	0	0	432	1
10558	unclassified	0	0	0	0	402	1
10559	unclassified	0	0	0	0	396	1
10561	unclassified	0	0	0	0	180	1
10546	unclassified	0	0	0	0	2334	1
10562	unclassified	0	0	0	0	447	1
10563	unclassified	0	0	0	0	360	1
10564	unclassified	0	0	0	0	303	1
10565	unclassified	0	0	0	0	246	1
10560	unclassified	0	0	0	0	837	1
10569	unclassified	0	0	0	0	180	1
10567	unclassified	0	0	0	0	498	1
10566	unclassified	0	0	0	0	669	1
10571	unclassified	0	0	0	0	159	1
10568	unclassified	0	0	0	0	561	1
10572	unclassified	0	0	0	0	159	1
10573	unclassified	0	0	0	0	327	1
10576	unclassified	0	0	0	0	189	1
10574	unclassified	0	0	0	0	552	1
10577	unclassified	0	0	0	0	252	1
10578	unclassified	0	0	0	0	258	1
10575	unclassified	0	0	0	0	1035	1
10580	unclassified	0	0	0	0	465	1
10570	unclassified	0	0	0	0	1872	1
10581	unclassified	0	0	0	0	621	1
10579	unclassified	0	0	0	0	984	1
10583	unclassified	0	0	0	0	207	1
10582	unclassified	0	0	0	0	561	1
10587	unclassified	0	0	0	0	651	1
10586	unclassified	0	0	0	0	762	1
10585	unclassified	0	0	0	0	882	1
10584	unclassified	0	0	0	0	1056	1
10588	unclassified	0	0	0	0	486	1
10590	unclassified	0	0	0	0	738	1
10589	cid|1229909	1229909	100	0	25	1179	1
10591	NC_000004.12	9606	64	0	23	921	1
10592	unclassified	0	0	0	0	873	1
10593	unclassified	0	0	0	0	699	1
10594	unclassified	0	0	0	0	834	1
10598	unclassified	0	0	0	0	135	1
10595	unclassified	0	0	0	0	855	1
10599	unclassified	0	0	0	0	276	1
10596	unclassified	0	0	0	0	1305	1
10597	unclassified	0	0	0	0	1146	1
10601	unclassified	0	0	0	0	513	1
10603	unclassified	0	0	0	0	294	1
10602	unclassified	0	0	0	0	405	1
10600	unclassified	0	0	0	0	936	1
10607	unclassified	0	0	0	0	321	1
10605	unclassified	0	0	0	0	582	1
10606	unclassified	0	0	0	0	603	1
10604	unclassified	0	0	0	0	900	1
10610	unclassified	0	0	0	0	171	1
10611	unclassified	0	0	0	0	429	1
10613	unclassified	0	0	0	0	165	1
10612	unclassified	0	0	0	0	546	1
10609	unclassified	0	0	0	0	810	1
10608	unclassified	0	0	0	0	1182	1
10617	unclassified	0	0	0	0	282	1
10615	unclassified	0	0	0	0	591	1
10614	unclassified	0	0	0	0	705	1
10620	unclassified	0	0	0	0	315	1
10621	unclassified	0	0	0	0	489	1
10616	unclassified	0	0	0	0	1344	1
10623	unclassified	0	0	0	0	384	1
10618	unclassified	0	0	0	0	1446	1
10619	unclassified	0	0	0	0	1434	1
10624	unclassified	0	0	0	0	528	1
10626	unclassified	0	0	0	0	378	1
10622	unclassified	0	0	0	0	1062	1
10625	unclassified	0	0	0	0	522	1
10628	unclassified	0	0	0	0	558	1
10630	unclassified	0	0	0	0	777	1
10631	unclassified	0	0	0	0	384	1
10627	unclassified	0	0	0	0	1095	1
10634	unclassified	0	0	0	0	177	1
10632	unclassified	0	0	0	0	834	1
10635	unclassified	0	0	0	0	549	1
10629	unclassified	0	0	0	0	1710	1
10637	unclassified	0	0	0	0	342	1
10636	unclassified	0	0	0	0	393	1
10639	unclassified	0	0	0	0	282	1
10633	unclassified	0	0	0	0	1863	1
10638	unclassified	0	0	0	0	1323	1
10642	unclassified	0	0	0	0	351	1
10643	unclassified	0	0	0	0	183	1
10644	unclassified	0	0	0	0	447	1
10645	unclassified	0	0	0	0	387	1
10646	unclassified	0	0	0	0	333	1
10641	genus	1386	64	64	23	1401	4
10641	species	182710	64	64	23	1401	4
10641	species	1580092	64	64	23	1401	4
10641	species	403957	64	64	23	1401	4
10640	unclassified	0	0	0	0	2307	1
10647	unclassified	0	0	0	0	894	1
10648	unclassified	0	0	0	0	681	1
10650	unclassified	0	0	0	0	297	1
10652	unclassified	0	0	0	0	369	1
10649	unclassified	0	0	0	0	558	1
10654	unclassified	0	0	0	0	96	1
10653	unclassified	0	0	0	0	369	1
10656	unclassified	0	0	0	0	189	1
10651	unclassified	0	0	0	0	834	1
10658	unclassified	0	0	0	0	228	1
10657	unclassified	0	0	0	0	390	1
10660	unclassified	0	0	0	0	249	1
10655	unclassified	0	0	0	0	771	1
10661	unclassified	0	0	0	0	576	1
10663	unclassified	0	0	0	0	315	1
10662	unclassified	0	0	0	0	564	1
10664	unclassified	0	0	0	0	432	1
10666	unclassified	0	0	0	0	393	1
10659	unclassified	0	0	0	0	1242	1
10667	cid|1111069	1111069	64	0	23	498	1
10669	unclassified	0	0	0	0	486	1
10668	unclassified	0	0	0	0	543	1
10670	unclassified	0	0	0	0	183	1
10665	unclassified	0	0	0	0	1647	1
10671	unclassified	0	0	0	0	762	1
10673	NC_000004.12	9606	64	0	23	744	1
10672	unclassified	0	0	0	0	1131	1
10674	unclassified	0	0	0	0	744	1
10676	unclassified	0	0	0	0	1032	1
10675	unclassified	0	0	0	0	1278	1
10679	unclassified	0	0	0	0	228	1
10678	unclassified	0	0	0	0	768	1
10681	unclassified	0	0	0	0	249	1
10682	unclassified	0	0	0	0	273	1
10677	unclassified	0	0	0	0	1389	1
10685	unclassified	0	0	0	0	204	1
10684	unclassified	0	0	0	0	525	1
10686	unclassified	0	0	0	0	414	1
10687	cid|1280	1280	64	0	23	384	1
10689	unclassified	0	0	0	0	252	1
10688	NC_000002.12	9606	81	0	24	693	1
10680	unclassified	0	0	0	0	2508	1
10692	unclassified	0	0	0	0	663	1
10683	cid|1206	1206	64	0	23	3081	1
10693	unclassified	0	0	0	0	570	1
10694	unclassified	0	0	0	0	732	1
10696	unclassified	0	0	0	0	414	1
10695	unclassified	0	0	0	0	993	1
10697	unclassified	0	0	0	0	243	1
10690	unclassified	0	0	0	0	3330	1
10699	unclassified	0	0	0	0	588	1
10698	unclassified	0	0	0	0	957	1
10691	cid|2287	2287	121	64	26	2982	1
10700	unclassified	0	0	0	0	870	1
10702	unclassified	0	0	0	0	1008	1
10704	unclassified	0	0	0	0	777	1
10703	unclassified	0	0	0	0	1095	1
10701	unclassified	0	0	0	0	1737	1
10705	unclassified	0	0	0	0	1011	1
10707	unclassified	0	0	0	0	753	1
10706	unclassified	0	0	0	0	858	1
10709	NC_024697.1	1474867	64	0	23	237	1
10710	cid|82076	82076	64	0	23	480	1
10711	unclassified	0	0	0	0	750	1
10713	unclassified	0	0	0	0	279	1
10708	unclassified	0	0	0	0	1248	1
10714	unclassified	0	0	0	0	954	1
10717	unclassified	0	0	0	0	237	1
10715	unclassified	0	0	0	0	1218	1
10718	unclassified	0	0	0	0	117	1
10716	unclassified	0	0	0	0	1317	1
10720	unclassified	0	0	0	0	222	1
10719	unclassified	0	0	0	0	492	1
10712	cid|1219	1219	121	0	26	2097	1
10722	unclassified	0	0	0	0	948	1
10723	unclassified	0	0	0	0	954	1
10721	unclassified	0	0	0	0	1275	1
10724	unclassified	0	0	0	0	1473	1
10728	unclassified	0	0	0	0	117	1
10725	unclassified	0	0	0	0	1068	1
10727	unclassified	0	0	0	0	888	1
10726	unclassified	0	0	0	0	1155	1
10730	unclassified	0	0	0	0	414	1
10729	unclassified	0	0	0	0	1164	1
10732	unclassified	0	0	0	0	810	1
10734	unclassified	0	0	0	0	186	1
10731	unclassified	0	0	0	0	1179	1
10733	unclassified	0	0	0	0	1056	1
10737	unclassified	0	0	0	0	654	1
10736	unclassified	0	0	0	0	840	1
10739	unclassified	0	0	0	0	363	1
10735	cid|1408	1408	121	0	26	1194	1
10742	unclassified	0	0	0	0	129	1
10741	unclassified	0	0	0	0	225	1
10740	unclassified	0	0	0	0	549	1
10745	unclassified	0	0	0	0	66	1
10743	unclassified	0	0	0	0	243	1
10744	unclassified	0	0	0	0	414	1
10746	unclassified	0	0	0	0	423	1
10738	unclassified	0	0	0	0	1680	1
10747	unclassified	0	0	0	0	600	1
10748	unclassified	0	0	0	0	585	1
10751	unclassified	0	0	0	0	708	1
10752	unclassified	0	0	0	0	621	1
10750	cid|106654	106654	81	81	24	786	4
10750	cid|1148157	1148157	81	81	24	786	4
10750	cid|48296	48296	81	81	24	786	4
10750	cid|470	470	81	81	24	786	4
10753	unclassified	0	0	0	0	609	1
10749	unclassified	0	0	0	0	1665	1
10754	unclassified	0	0	0	0	909	1
10758	unclassified	0	0	0	0	156	1
10755	unclassified	0	0	0	0	1083	1
10757	unclassified	0	0	0	0	825	1
10756	unclassified	0	0	0	0	1299	1
10761	unclassified	0	0	0	0	339	1
10762	unclassified	0	0	0	0	231	1
10759	unclassified	0	0	0	0	1167	1
10760	NC_000011.10	9606	64	0	23	978	1
10763	unclassified	0	0	0	0	600	1
10765	unclassified	0	0	0	0	258	1
10766	unclassified	0	0	0	0	456	1
10764	unclassified	0	0	0	0	726	1
10770	unclassified	0	0	0	0	303	1
10769	unclassified	0	0	0	0	369	1
10772	unclassified	0	0	0	0	105	1
10773	unclassified	0	0	0	0	279	1
10771	unclassified	0	0	0	0	591	1
10767	unclassified	0	0	0	0	1557	1
10768	NC_000011.10	9606	64	0	23	1728	1
10775	unclassified	0	0	0	0	720	1
10774	unclassified	0	0	0	0	1074	1
10779	unclassified	0	0	0	0	291	1
10778	unclassified	0	0	0	0	633	1
10781	unclassified	0	0	0	0	282	1
10780	unclassified	0	0	0	0	888	1
10777	unclassified	0	0	0	0	1446	1
10776	unclassified	0	0	0	0	1836	1
10783	unclassified	0	0	0	0	312	1
10784	unclassified	0	0	0	0	585	1
10786	unclassified	0	0	0	0	276	1
10787	unclassified	0	0	0	0	261	1
10782	unclassified	0	0	0	0	1200	1
10788	unclassified	0	0	0	0	510	1
10790	unclassified	0	0	0	0	234	1
10791	unclassified	0	0	0	0	372	1
10785	cid|255247	255247	81	0	24	1398	1
10789	unclassified	0	0	0	0	975	1
10793	unclassified	0	0	0	0	570	1
10795	unclassified	0	0	0	0	324	1
10796	unclassified	0	0	0	0	171	1
10798	unclassified	0	0	0	0	213	1
10797	unclassified	0	0	0	0	258	1
10792	unclassified	0	0	0	0	1407	1
10799	unclassified	0	0	0	0	144	1
10801	unclassified	0	0	0	0	192	1
10794	unclassified	0	0	0	0	1296	1
10802	unclassified	0	0	0	0	240	1
10800	unclassified	0	0	0	0	516	1
10804	unclassified	0	0	0	0	729	1
10807	unclassified	0	0	0	0	195	1
10805	NC_000020.11	9606	81	81	24	906	2
10805	NC_000005.10	9606	81	81	24	906	2
10806	cid|1355477	1355477	317	196	55	585	1
10808	unclassified	0	0	0	0	285	1
10809	unclassified	0	0	0	0	297	1
10810	unclassified	0	0	0	0	351	1
10811	unclassified	0	0	0	0	474	1
10814	unclassified	0	0	0	0	141	1
10813	unclassified	0	0	0	0	486	1
10815	unclassified	0	0	0	0	261	1
10803	cid|69328	69328	64	0	23	2214	1
10816	unclassified	0	0	0	0	195	1
10812	unclassified	0	0	0	0	1254	1
10820	unclassified	0	0	0	0	132	1
10821	unclassified	0	0	0	0	90	1
10819	unclassified	0	0	0	0	1059	1
10817	unclassified	0	0	0	0	1488	1
10823	unclassified	0	0	0	0	246	1
10824	unclassified	0	0	0	0	141	1
10818	unclassified	0	0	0	0	1557	1
10822	unclassified	0	0	0	0	852	1
10828	unclassified	0	0	0	0	216	1
10825	unclassified	0	0	0	0	570	1
10827	unclassified	0	0	0	0	363	1
10826	unclassified	0	0	0	0	567	1
10829	NC_000015.10	9606	121	0	26	402	1
10831	unclassified	0	0	0	0	417	1
10832	unclassified	0	0	0	0	903	1
10830	cid|92245	92245	196	0	29	1074	1
10834	unclassified	0	0	0	0	1392	1
10833	unclassified	0	0	0	0	1611	1
10837	unclassified	0	0	0	0	216	1
10835	unclassified	0	0	0	0	1227	1
10836	unclassified	0	0	0	0	1371	1
10840	unclassified	0	0	0	0	417	1
10838	unclassified	0	0	0	0	1038	1
10839	unclassified	0	0	0	0	1116	1
10842	unclassified	0	0	0	0	543	1
10845	unclassified	0	0	0	0	99	1
10843	unclassified	0	0	0	0	381	1
10841	unclassified	0	0	0	0	894	1
10844	unclassified	0	0	0	0	324	1
10846	unclassified	0	0	0	0	273	1
10849	unclassified	0	0	0	0	168	1
10847	unclassified	0	0	0	0	384	1
10850	unclassified	0	0	0	0	480	1
10853	unclassified	0	0	0	0	348	1
10848	unclassified	0	0	0	0	990	1
10851	unclassified	0	0	0	0	978	1
10852	unclassified	0	0	0	0	1284	1
10856	unclassified	0	0	0	0	681	1
10854	cid|208962	208962	64	0	23	1068	1
10858	unclassified	0	0	0	0	564	1
10857	unclassified	0	0	0	0	1296	1
10860	unclassified	0	0	0	0	864	1
10862	unclassified	0	0	0	0	291	1
10859	cid|1183377	1183377	64	64	23	1656	2
10859	cid|2303	2303	64	64	23	1656	2
10861	unclassified	0	0	0	0	1050	1
10863	unclassified	0	0	0	0	450	1
10866	unclassified	0	0	0	0	465	1
10855	unclassified	0	0	0	0	3549	1
10864	unclassified	0	0	0	0	714	1
10865	unclassified	0	0	0	0	897	1
10869	unclassified	0	0	0	0	867	1
10867	cid|1603555	1603555	64	0	23	1077	1
10868	unclassified	0	0	0	0	1077	1
10873	unclassified	0	0	0	0	135	1
10870	unclassified	0	0	0	0	1005	1
10874	unclassified	0	0	0	0	414	1
10872	unclassified	0	0	0	0	642	1
10871	unclassified	0	0	0	0	768	1
10877	unclassified	0	0	0	0	216	1
10876	unclassified	0	0	0	0	384	1
10875	unclassified	0	0	0	0	630	1
10878	unclassified	0	0	0	0	408	1
10880	unclassified	0	0	0	0	336	1
10881	unclassified	0	0	0	0	321	1
10884	unclassified	0	0	0	0	336	1
10882	unclassified	0	0	0	0	699	1
10885	unclassified	0	0	0	0	372	1
10886	unclassified	0	0	0	0	483	1
10883	unclassified	0	0	0	0	1167	1
10879	unclassified	0	0	0	0	1788	1
10889	unclassified	0	0	0	0	387	1
10890	unclassified	0	0	0	0	384	1
10888	unclassified	0	0	0	0	951	1
10892	unclassified	0	0	0	0	558	1
10893	unclassified	0	0	0	0	546	1
10887	unclassified	0	0	0	0	1650	1
10895	unclassified	0	0	0	0	141	1
10891	unclassified	0	0	0	0	1182	1
10896	unclassified	0	0	0	0	327	1
10899	unclassified	0	0	0	0	396	1
10897	unclassified	0	0	0	0	597	1
10901	unclassified	0	0	0	0	594	1
10902	unclassified	0	0	0	0	132	1
10900	unclassified	0	0	0	0	927	1
10903	unclassified	0	0	0	0	261	1
10898	unclassified	0	0	0	0	1539	1
10894	unclassified	0	0	0	0	2070	1
10906	unclassified	0	0	0	0	303	1
10905	unclassified	0	0	0	0	495	1
10907	unclassified	0	0	0	0	306	1
10909	unclassified	0	0	0	0	90	1
10911	unclassified	0	0	0	0	132	1
10910	unclassified	0	0	0	0	336	1
10908	unclassified	0	0	0	0	447	1
10913	unclassified	0	0	0	0	618	1
10912	unclassified	0	0	0	0	978	1
10916	unclassified	0	0	0	0	240	1
10904	unclassified	0	0	0	0	1953	1
10915	unclassified	0	0	0	0	432	1
10918	unclassified	0	0	0	0	129	1
10919	unclassified	0	0	0	0	321	1
10920	unclassified	0	0	0	0	225	1
10921	unclassified	0	0	0	0	231	1
10917	unclassified	0	0	0	0	606	1
10914	unclassified	0	0	0	0	1647	1
10924	unclassified	0	0	0	0	132	1
10923	unclassified	0	0	0	0	228	1
10925	unclassified	0	0	0	0	180	1
10927	unclassified	0	0	0	0	216	1
10926	unclassified	0	0	0	0	321	1
10922	cid|174	174	320	289	54	594	1
10929	unclassified	0	0	0	0	288	1
10930	unclassified	0	0	0	0	285	1
10931	unclassified	0	0	0	0	534	1
10928	unclassified	0	0	0	0	801	1
10932	unclassified	0	0	0	0	486	1
10933	unclassified	0	0	0	0	600	1
10935	unclassified	0	0	0	0	345	1
10937	unclassified	0	0	0	0	315	1
10938	unclassified	0	0	0	0	249	1
10934	unclassified	0	0	0	0	930	1
10940	unclassified	0	0	0	0	462	1
10941	unclassified	0	0	0	0	693	1
10936	cid|1410606	1410606	81	0	24	1521	1
10942	cid|292913	292913	361	0	34	705	1
10943	unclassified	0	0	0	0	537	1
10946	unclassified	0	0	0	0	336	1
10945	unclassified	0	0	0	0	732	1
10944	unclassified	0	0	0	0	1332	1
10939	unclassified	0	0	0	0	2598	1
10948	unclassified	0	0	0	0	558	1
10949	unclassified	0	0	0	0	351	1
10950	unclassified	0	0	0	0	357	1
10951	unclassified	0	0	0	0	498	1
10953	unclassified	0	0	0	0	312	1
10952	unclassified	0	0	0	0	393	1
10956	unclassified	0	0	0	0	699	1
10954	unclassified	0	0	0	0	840	1
10958	unclassified	0	0	0	0	237	1
10955	unclassified	0	0	0	0	1140	1
10957	unclassified	0	0	0	0	405	1
10961	unclassified	0	0	0	0	183	1
10947	cid|101192	101192	196	169	29	2169	1
10960	unclassified	0	0	0	0	462	1
10963	unclassified	0	0	0	0	129	1
10959	unclassified	0	0	0	0	819	1
10964	unclassified	0	0	0	0	327	1
10966	cid|1337936	1337936	64	0	23	825	1
10965	unclassified	0	0	0	0	1146	1
10967	unclassified	0	0	0	0	978	1
10969	unclassified	0	0	0	0	195	1
10971	unclassified	0	0	0	0	315	1
10970	unclassified	0	0	0	0	453	1
10962	NC_000018.10	9606	121	0	26	1797	1
10968	cid|93466	93466	81	0	24	1008	1
10973	unclassified	0	0	0	0	528	1
10974	unclassified	0	0	0	0	555	1
10976	unclassified	0	0	0	0	123	1
10972	unclassified	0	0	0	0	867	1
10975	unclassified	0	0	0	0	483	1
10979	unclassified	0	0	0	0	219	1
10978	unclassified	0	0	0	0	735	1
10977	unclassified	0	0	0	0	828	1
10983	unclassified	0	0	0	0	249	1
10980	unclassified	0	0	0	0	834	1
10981	unclassified	0	0	0	0	723	1
10986	unclassified	0	0	0	0	246	1
10985	unclassified	0	0	0	0	720	1
10984	cid|1229909	1229909	64	0	23	939	1
10982	unclassified	0	0	0	0	1449	1
10987	unclassified	0	0	0	0	816	1
10988	unclassified	0	0	0	0	417	1
10990	unclassified	0	0	0	0	471	1
10989	unclassified	0	0	0	0	939	1
10991	unclassified	0	0	0	0	855	1
10992	unclassified	0	0	0	0	891	1
10993	unclassified	0	0	0	0	651	1
10996	unclassified	0	0	0	0	201	1
10994	unclassified	0	0	0	0	585	1
10997	unclassified	0	0	0	0	273	1
10995	unclassified	0	0	0	0	648	1
10998	unclassified	0	0	0	0	624	1
10999	unclassified	0	0	0	0	726	1
11003	unclassified	0	0	0	0	201	1
11000	unclassified	0	0	0	0	942	1
11002	unclassified	0	0	0	0	789	1
11005	unclassified	0	0	0	0	345	1
11004	unclassified	0	0	0	0	450	1
11008	unclassified	0	0	0	0	324	1
11007	unclassified	0	0	0	0	330	1
11006	unclassified	0	0	0	0	387	1
11001	cid|93222	93222	64	0	23	1626	1
11010	unclassified	0	0	0	0	222	1
11009	unclassified	0	0	0	0	864	1
11013	unclassified	0	0	0	0	588	1
11014	unclassified	0	0	0	0	408	1
11011	NC_004735.1	148943	64	0	23	1026	1
11012	cid|1538644	1538644	64	0	23	1053	1
11017	unclassified	0	0	0	0	228	1
11018	unclassified	0	0	0	0	372	1
11015	unclassified	0	0	0	0	822	1
11021	unclassified	0	0	0	0	96	1
11020	unclassified	0	0	0	0	255	1
11022	unclassified	0	0	0	0	396	1
11024	unclassified	0	0	0	0	300	1
11016	unclassified	0	0	0	0	1407	1
11019	unclassified	0	0	0	0	1221	1
11025	unclassified	0	0	0	0	204	1
11026	unclassified	0	0	0	0	174	1
11027	unclassified	0	0	0	0	390	1
11030	unclassified	0	0	0	0	180	1
11023	unclassified	0	0	0	0	1473	1
11028	unclassified	0	0	0	0	723	1
11033	unclassified	0	0	0	0	189	1
11032	unclassified	0	0	0	0	393	1
11029	unclassified	0	0	0	0	1104	1
11036	unclassified	0	0	0	0	249	1
11035	unclassified	0	0	0	0	543	1
11031	unclassified	0	0	0	0	1266	1
11034	unclassified	0	0	0	0	1143	1
11037	unclassified	0	0	0	0	813	1
11039	unclassified	0	0	0	0	453	1
11038	unclassified	0	0	0	0	831	1
11040	unclassified	0	0	0	0	576	1
11043	unclassified	0	0	0	0	243	1
11044	unclassified	0	0	0	0	498	1
11042	unclassified	0	0	0	0	852	1
11046	unclassified	0	0	0	0	219	1
11045	unclassified	0	0	0	0	672	1
11049	unclassified	0	0	0	0	258	1
11041	unclassified	0	0	0	0	1806	1
11048	unclassified	0	0	0	0	984	1
11052	unclassified	0	0	0	0	279	1
11047	cid|630	630	100	0	25	1389	1
11051	unclassified	0	0	0	0	666	1
11054	unclassified	0	0	0	0	264	1
11053	unclassified	0	0	0	0	468	1
11055	unclassified	0	0	0	0	423	1
11057	unclassified	0	0	0	0	321	1
11056	unclassified	0	0	0	0	651	1
11059	unclassified	0	0	0	0	444	1
11058	cid|321327	321327	169	0	28	921	1
11060	unclassified	0	0	0	0	1299	1
11063	unclassified	0	0	0	0	189	1
11061	unclassified	0	0	0	0	1383	1
11050	cid|367806	367806	81	81	24	3162	3
11050	cid|367488	367488	81	81	24	3162	3
11050	cid|1186051	1186051	81	81	24	3162	3
11062	unclassified	0	0	0	0	1374	1
11065	unclassified	0	0	0	0	627	1
11066	unclassified	0	0	0	0	483	1
11068	unclassified	0	0	0	0	318	1
11064	cid|1580092	1580092	64	0	23	1107	1
11071	unclassified	0	0	0	0	210	1
11070	unclassified	0	0	0	0	789	1
11069	cid|1446792	1446792	64	0	23	1023	1
11067	cid|2188	2188	64	0	23	1557	1
11075	unclassified	0	0	0	0	192	1
11074	unclassified	0	0	0	0	357	1
11076	unclassified	0	0	0	0	240	1
11078	unclassified	0	0	0	0	144	1
11079	unclassified	0	0	0	0	180	1
11072	unclassified	0	0	0	0	1428	1
11073	unclassified	0	0	0	0	1263	1
11080	unclassified	0	0	0	0	909	1
11081	unclassified	0	0	0	0	948	1
11082	unclassified	0	0	0	0	828	1
11077	unclassified	0	0	0	0	1767	1
11084	unclassified	0	0	0	0	747	1
11085	unclassified	0	0	0	0	726	1
11086	unclassified	0	0	0	0	624	1
11089	unclassified	0	0	0	0	273	1
11088	unclassified	0	0	0	0	468	1
11083	unclassified	0	0	0	0	1533	1
11087	unclassified	0	0	0	0	831	1
11091	unclassified	0	0	0	0	375	1
11092	unclassified	0	0	0	0	576	1
11090	unclassified	0	0	0	0	1113	1
11093	unclassified	0	0	0	0	720	1
11095	unclassified	0	0	0	0	513	1
11097	unclassified	0	0	0	0	171	1
11098	unclassified	0	0	0	0	120	1
11096	unclassified	0	0	0	0	648	1
11094	unclassified	0	0	0	0	1281	1
11100	unclassified	0	0	0	0	489	1
11099	unclassified	0	0	0	0	636	1
11102	unclassified	0	0	0	0	210	1
11103	unclassified	0	0	0	0	228	1
11106	unclassified	0	0	0	0	312	1
11105	unclassified	0	0	0	0	498	1
11101	unclassified	0	0	0	0	813	1
11104	unclassified	0	0	0	0	1032	1
11107	unclassified	0	0	0	0	1182	1
11108	unclassified	0	0	0	0	1512	1
11111	unclassified	0	0	0	0	660	1
11110	unclassified	0	0	0	0	1203	1
11112	unclassified	0	0	0	0	219	1
11109	unclassified	0	0	0	0	1677	1
11116	unclassified	0	0	0	0	246	1
11113	unclassified	0	0	0	0	1188	1
11114	unclassified	0	0	0	0	1227	1
11115	unclassified	0	0	0	0	1260	1
11119	unclassified	0	0	0	0	339	1
11118	unclassified	0	0	0	0	483	1
11122	unclassified	0	0	0	0	324	1
11117	cid|1410606	1410606	64	0	23	1761	1
11120	unclassified	0	0	0	0	1149	1
11121	unclassified	0	0	0	0	1026	1
11123	unclassified	0	0	0	0	771	1
11127	unclassified	0	0	0	0	144	1
11124	cid|1350461	1350461	81	81	24	777	2
11124	cid|32046	32046	81	81	24	777	2
11128	unclassified	0	0	0	0	981	1
11129	unclassified	0	0	0	0	693	1
11125	cid|194424	194424	64	0	23	1485	1
11126	unclassified	0	0	0	0	1494	1
11132	unclassified	0	0	0	0	168	1
11133	unclassified	0	0	0	0	198	1
11131	unclassified	0	0	0	0	543	1
11136	unclassified	0	0	0	0	303	1
11130	unclassified	0	0	0	0	906	1
11135	unclassified	0	0	0	0	537	1
11137	NC_000011.10	9606	81	0	24	96	1
11138	unclassified	0	0	0	0	369	1
11141	unclassified	0	0	0	0	144	1
11134	unclassified	0	0	0	0	1206	1
11142	unclassified	0	0	0	0	690	1
11140	unclassified	0	0	0	0	1395	1
11139	cid|827	827	81	0	24	1728	1
11144	unclassified	0	0	0	0	591	1
11145	unclassified	0	0	0	0	360	1
11143	unclassified	0	0	0	0	1314	1
11146	unclassified	0	0	0	0	366	1
11149	unclassified	0	0	0	0	630	1
11150	unclassified	0	0	0	0	564	1
11147	unclassified	0	0	0	0	1104	1
11148	unclassified	0	0	0	0	1002	1
11151	unclassified	0	0	0	0	393	1
11152	unclassified	0	0	0	0	522	1
11155	unclassified	0	0	0	0	360	1
11154	unclassified	0	0	0	0	441	1
11156	unclassified	0	0	0	0	324	1
11153	unclassified	0	0	0	0	720	1
11157	unclassified	0	0	0	0	327	1
11161	unclassified	0	0	0	0	297	1
11159	unclassified	0	0	0	0	477	1
11160	unclassified	0	0	0	0	408	1
11158	unclassified	0	0	0	0	714	1
11162	unclassified	0	0	0	0	804	1
11165	unclassified	0	0	0	0	663	1
11164	unclassified	0	0	0	0	849	1
11163	unclassified	0	0	0	0	996	1
11167	unclassified	0	0	0	0	420	1
11169	unclassified	0	0	0	0	291	1
11166	cid|731	731	64	64	23	738	2
11166	cid|498846	498846	64	64	23	738	2
11168	unclassified	0	0	0	0	852	1
11170	unclassified	0	0	0	0	696	1
11173	unclassified	0	0	0	0	510	1
11175	unclassified	0	0	0	0	429	1
11172	unclassified	0	0	0	0	1443	1
11174	unclassified	0	0	0	0	1095	1
11178	unclassified	0	0	0	0	189	1
11176	unclassified	0	0	0	0	759	1
11177	unclassified	0	0	0	0	435	1
11171	unclassified	0	0	0	0	2205	1
11181	unclassified	0	0	0	0	198	1
11179	unclassified	0	0	0	0	402	1
11180	unclassified	0	0	0	0	435	1
11182	unclassified	0	0	0	0	429	1
11185	unclassified	0	0	0	0	222	1
11183	unclassified	0	0	0	0	549	1
11186	unclassified	0	0	0	0	294	1
11184	unclassified	0	0	0	0	834	1
11187	unclassified	0	0	0	0	774	1
11188	unclassified	0	0	0	0	648	1
11190	unclassified	0	0	0	0	756	1
11191	unclassified	0	0	0	0	468	1
11189	unclassified	0	0	0	0	1272	1
11192	unclassified	0	0	0	0	702	1
11194	unclassified	0	0	0	0	378	1
11193	unclassified	0	0	0	0	627	1
11197	unclassified	0	0	0	0	315	1
11198	unclassified	0	0	0	0	228	1
11199	unclassified	0	0	0	0	921	1
11196	unclassified	0	0	0	0	1440	1
11200	unclassified	0	0	0	0	1035	1
11195	unclassified	0	0	0	0	1668	1
11202	unclassified	0	0	0	0	216	1
11204	unclassified	0	0	0	0	66	1
11205	unclassified	0	0	0	0	507	1
11201	unclassified	0	0	0	0	1083	1
11206	unclassified	0	0	0	0	999	1
11209	unclassified	0	0	0	0	348	1
11207	unclassified	0	0	0	0	948	1
11203	unclassified	0	0	0	0	1524	1
11208	unclassified	0	0	0	0	768	1
11210	unclassified	0	0	0	0	483	1
11211	unclassified	0	0	0	0	744	1
11212	unclassified	0	0	0	0	951	1
11214	unclassified	0	0	0	0	1002	1
11213	unclassified	0	0	0	0	1299	1
11216	unclassified	0	0	0	0	663	1
11218	unclassified	0	0	0	0	291	1
11219	unclassified	0	0	0	0	333	1
11215	unclassified	0	0	0	0	1293	1
11220	unclassified	0	0	0	0	465	1
11217	unclassified	0	0	0	0	990	1
11223	unclassified	0	0	0	0	228	1
11221	unclassified	0	0	0	0	579	1
11225	unclassified	0	0	0	0	336	1
11226	unclassified	0	0	0	0	357	1
11227	unclassified	0	0	0	0	693	1
11222	unclassified	0	0	0	0	1701	1
11224	unclassified	0	0	0	0	1671	1
11228	cid|28197	28197	64	0	23	1524	1
11231	unclassified	0	0	0	0	666	1
11230	unclassified	0	0	0	0	972	1
11229	unclassified	0	0	0	0	1641	1
11233	unclassified	0	0	0	0	789	1
11236	unclassified	0	0	0	0	231	1
11237	unclassified	0	0	0	0	372	1
11232	unclassified	0	0	0	0	1593	1
11234	unclassified	0	0	0	0	1377	1
11240	unclassified	0	0	0	0	222	1
11239	unclassified	0	0	0	0	378	1
11238	unclassified	0	0	0	0	546	1
11243	unclassified	0	0	0	0	264	1
11235	unclassified	0	0	0	0	1734	1
11241	unclassified	0	0	0	0	1149	1
11242	unclassified	0	0	0	0	1296	1
11244	unclassified	0	0	0	0	1113	1
11245	unclassified	0	0	0	0	1140	1
11249	unclassified	0	0	0	0	279	1
11246	unclassified	0	0	0	0	912	1
11251	unclassified	0	0	0	0	384	1
11247	cid|1168034	1168034	64	0	23	1044	1
11250	unclassified	0	0	0	0	1050	1
11248	unclassified	0	0	0	0	1875	1
11254	unclassified	0	0	0	0	576	1
11252	unclassified	0	0	0	0	1128	1
11255	unclassified	0	0	0	0	429	1
11253	unclassified	0	0	0	0	1410	1
11258	unclassified	0	0	0	0	168	1
11259	unclassified	0	0	0	0	192	1
11257	unclassified	0	0	0	0	654	1
11260	unclassified	0	0	0	0	321	1
11262	unclassified	0	0	0	0	345	1
11256	unclassified	0	0	0	0	1248	1
11263	unclassified	0	0	0	0	471	1
11261	unclassified	0	0	0	0	849	1
11265	unclassified	0	0	0	0	258	1
11267	unclassified	0	0	0	0	447	1
11269	unclassified	0	0	0	0	363	1
11270	unclassified	0	0	0	0	168	1
11268	unclassified	0	0	0	0	1044	1
11266	unclassified	0	0	0	0	1251	1
11264	cid|77038	77038	144	64	27	1683	1
11272	unclassified	0	0	0	0	369	1
11271	unclassified	0	0	0	0	471	1
11273	unclassified	0	0	0	0	336	1
11275	unclassified	0	0	0	0	285	1
11274	unclassified	0	0	0	0	399	1
11277	unclassified	0	0	0	0	606	1
11278	unclassified	0	0	0	0	603	1
11276	unclassified	0	0	0	0	978	1
11279	unclassified	0	0	0	0	747	1
11281	unclassified	0	0	0	0	219	1
11280	unclassified	0	0	0	0	654	1
11285	unclassified	0	0	0	0	510	1
11282	unclassified	0	0	0	0	990	1
11284	unclassified	0	0	0	0	984	1
11283	unclassified	0	0	0	0	1329	1
11288	unclassified	0	0	0	0	492	1
11289	unclassified	0	0	0	0	462	1
11287	unclassified	0	0	0	0	870	1
11290	NC_000017.11	9606	81	0	24	507	1
11292	unclassified	0	0	0	0	504	1
11291	unclassified	0	0	0	0	630	1
11295	unclassified	0	0	0	0	210	1
11293	unclassified	0	0	0	0	930	1
11286	unclassified	0	0	0	0	2682	1
11297	unclassified	0	0	0	0	951	1
11298	unclassified	0	0	0	0	864	1
11300	unclassified	0	0	0	0	327	1
11296	unclassified	0	0	0	0	1935	1
11301	unclassified	0	0	0	0	312	1
11294	unclassified	0	0	0	0	2622	1
11303	unclassified	0	0	0	0	387	1
11304	unclassified	0	0	0	0	543	1
11302	unclassified	0	0	0	0	996	1
11305	unclassified	0	0	0	0	729	1
11307	unclassified	0	0	0	0	864	1
11299	unclassified	0	0	0	0	2730	1
11306	unclassified	0	0	0	0	1236	1
11310	unclassified	0	0	0	0	159	1
11311	unclassified	0	0	0	0	210	1
11309	unclassified	0	0	0	0	633	1
11313	unclassified	0	0	0	0	186	1
11315	unclassified	0	0	0	0	258	1
11314	NC_000006.12	9606	520	0	62	489	1
11317	unclassified	0	0	0	0	198	1
11318	unclassified	0	0	0	0	180	1
11312	unclassified	0	0	0	0	1017	1
11308	unclassified	0	0	0	0	2187	1
11319	unclassified	0	0	0	0	459	1
11320	unclassified	0	0	0	0	351	1
11316	unclassified	0	0	0	0	1158	1
11324	cid|64160	64160	81	0	24	198	1
11322	cid|196	196	81	81	24	582	2
11322	cid|198	198	81	81	24	582	2
11325	unclassified	0	0	0	0	927	1
11323	unclassified	0	0	0	0	1545	1
11326	unclassified	0	0	0	0	1071	1
11329	unclassified	0	0	0	0	264	1
11328	unclassified	0	0	0	0	540	1
11321	unclassified	0	0	0	0	2523	1
11332	unclassified	0	0	0	0	687	1
11327	unclassified	0	0	0	0	1686	1
11330	unclassified	0	0	0	0	1113	1
11333	unclassified	0	0	0	0	537	1
11331	unclassified	0	0	0	0	1368	1
11336	unclassified	0	0	0	0	183	1
11338	unclassified	0	0	0	0	168	1
11337	unclassified	0	0	0	0	423	1
11340	unclassified	0	0	0	0	204	1
11334	unclassified	0	0	0	0	1089	1
11335	unclassified	0	0	0	0	1263	1
11339	unclassified	0	0	0	0	819	1
11341	unclassified	0	0	0	0	654	1
11344	unclassified	0	0	0	0	321	1
11342	unclassified	0	0	0	0	873	1
11345	unclassified	0	0	0	0	381	1
11347	unclassified	0	0	0	0	201	1
11343	unclassified	0	0	0	0	912	1
11349	unclassified	0	0	0	0	300	1
11351	unclassified	0	0	0	0	621	1
11350	unclassified	0	0	0	0	762	1
11346	unclassified	0	0	0	0	1458	1
11348	unclassified	0	0	0	0	1488	1
11355	unclassified	0	0	0	0	117	1
11353	unclassified	0	0	0	0	189	1
11354	unclassified	0	0	0	0	426	1
11356	unclassified	0	0	0	0	570	1
11359	unclassified	0	0	0	0	228	1
11357	unclassified	0	0	0	0	792	1
11352	cid|84377	84377	64	64	23	1338	2
11352	cid|1244531	1244531	64	64	23	1338	2
11358	unclassified	0	0	0	0	798	1
11361	unclassified	0	0	0	0	486	1
11363	unclassified	0	0	0	0	321	1
11360	unclassified	0	0	0	0	894	1
11366	unclassified	0	0	0	0	213	1
11365	unclassified	0	0	0	0	561	1
11367	unclassified	0	0	0	0	255	1
11362	unclassified	0	0	0	0	1254	1
11369	unclassified	0	0	0	0	123	1
11371	unclassified	0	0	0	0	147	1
11364	unclassified	0	0	0	0	1056	1
11368	unclassified	0	0	0	0	585	1
11370	unclassified	0	0	0	0	369	1
11373	unclassified	0	0	0	0	225	1
11372	unclassified	0	0	0	0	279	1
11377	unclassified	0	0	0	0	246	1
11374	cid|263	263	64	0	23	441	1
11378	unclassified	0	0	0	0	270	1
11379	unclassified	0	0	0	0	438	1
11380	unclassified	0	0	0	0	249	1
11376	unclassified	0	0	0	0	909	1
11375	unclassified	0	0	0	0	1386	1
11381	unclassified	0	0	0	0	612	1
11383	unclassified	0	0	0	0	567	1
11385	unclassified	0	0	0	0	219	1
11382	unclassified	0	0	0	0	1026	1
11386	unclassified	0	0	0	0	444	1
11387	unclassified	0	0	0	0	465	1
11390	unclassified	0	0	0	0	102	1
11388	unclassified	0	0	0	0	351	1
11391	unclassified	0	0	0	0	120	1
11393	unclassified	0	0	0	0	87	1
11384	unclassified	0	0	0	0	1245	1
11394	unclassified	0	0	0	0	321	1
11389	unclassified	0	0	0	0	633	1
11392	unclassified	0	0	0	0	519	1
11395	unclassified	0	0	0	0	447	1
11398	unclassified	0	0	0	0	315	1
11396	unclassified	0	0	0	0	456	1
11399	unclassified	0	0	0	0	207	1
11400	unclassified	0	0	0	0	699	1
11401	unclassified	0	0	0	0	816	1
11397	unclassified	0	0	0	0	1665	1
11402	unclassified	0	0	0	0	1383	1
11405	unclassified	0	0	0	0	348	1
11404	unclassified	0	0	0	0	921	1
11408	unclassified	0	0	0	0	504	1
11409	unclassified	0	0	0	0	375	1
11407	unclassified	0	0	0	0	1041	1
11406	unclassified	0	0	0	0	1497	1
11403	unclassified	0	0	0	0	2403	1
11412	unclassified	0	0	0	0	255	1
11410	unclassified	0	0	0	0	789	1
11415	unclassified	0	0	0	0	399	1
11413	unclassified	0	0	0	0	672	1
11417	unclassified	0	0	0	0	327	1
11411	unclassified	0	0	0	0	1419	1
11414	unclassified	0	0	0	0	921	1
11416	unclassified	0	0	0	0	522	1
11419	unclassified	0	0	0	0	171	1
11418	unclassified	0	0	0	0	255	1
11423	unclassified	0	0	0	0	174	1
11421	unclassified	0	0	0	0	357	1
11420	unclassified	0	0	0	0	408	1
11425	unclassified	0	0	0	0	159	1
11424	unclassified	0	0	0	0	438	1
11427	unclassified	0	0	0	0	606	1
11426	unclassified	0	0	0	0	801	1
11428	unclassified	0	0	0	0	558	1
11429	unclassified	0	0	0	0	420	1
11422	unclassified	0	0	0	0	1473	1
11431	unclassified	0	0	0	0	618	1
11433	unclassified	0	0	0	0	591	1
11430	unclassified	0	0	0	0	1164	1
11434	unclassified	0	0	0	0	483	1
11437	unclassified	0	0	0	0	324	1
11436	unclassified	0	0	0	0	429	1
11438	unclassified	0	0	0	0	111	1
11435	unclassified	0	0	0	0	693	1
11440	unclassified	0	0	0	0	219	1
11439	NC_000006.12	9606	64	0	23	246	1
11432	unclassified	0	0	0	0	2118	1
11443	unclassified	0	0	0	0	852	1
11445	unclassified	0	0	0	0	108	1
11442	unclassified	0	0	0	0	996	1
11441	unclassified	0	0	0	0	1368	1
11446	unclassified	0	0	0	0	324	1
11444	unclassified	0	0	0	0	1323	1
11447	unclassified	0	0	0	0	1395	1
11451	unclassified	0	0	0	0	465	1
11448	NC_000002.12	9606	64	0	23	1647	1
11453	unclassified	0	0	0	0	117	1
11452	unclassified	0	0	0	0	822	1
11450	cid|173	173	121	121	26	2010	2
11450	cid|174	174	121	121	26	2010	2
11455	unclassified	0	0	0	0	585	1
11449	cid|1536769	1536769	100	0	25	2907	1
11454	unclassified	0	0	0	0	1704	1
11458	unclassified	0	0	0	0	297	1
11459	unclassified	0	0	0	0	363	1
11456	unclassified	0	0	0	0	1173	1
11461	unclassified	0	0	0	0	510	1
11463	unclassified	0	0	0	0	327	1
11457	unclassified	0	0	0	0	1890	1
11465	unclassified	0	0	0	0	297	1
11464	unclassified	0	0	0	0	441	1
11462	unclassified	0	0	0	0	1263	1
11466	unclassified	0	0	0	0	201	1
11468	unclassified	0	0	0	0	297	1
11469	unclassified	0	0	0	0	306	1
11467	cid|449	449	169	0	28	639	1
11472	unclassified	0	0	0	0	276	1
11473	unclassified	0	0	0	0	660	1
11474	unclassified	0	0	0	0	426	1
11460	cid|1580092	1580092	81	0	24	3216	1
11476	cid|33056	33056	100	0	25	114	1
11475	unclassified	0	0	0	0	564	1
11477	unclassified	0	0	0	0	177	1
11479	NC_000001.11	9606	64	0	23	597	1
11478	unclassified	0	0	0	0	678	1
11471	cid|1284658	1284658	64	64	23	3015	2
11471	cid|1229909	1229909	64	64	23	3015	2
11470	cid|2208	2208	64	0	23	2730	1
11480	unclassified	0	0	0	0	426	1
11482	unclassified	0	0	0	0	225	1
11481	unclassified	0	0	0	0	465	1
11483	unclassified	0	0	0	0	480	1
11486	unclassified	0	0	0	0	240	1
11485	NC_000012.12	9606	64	0	23	369	1
11488	unclassified	0	0	0	0	264	1
11487	unclassified	0	0	0	0	345	1
11489	unclassified	0	0	0	0	240	1
11484	unclassified	0	0	0	0	906	1
11490	unclassified	0	0	0	0	756	1
11492	unclassified	0	0	0	0	696	1
11495	unclassified	0	0	0	0	384	1
11491	unclassified	0	0	0	0	1470	1
11493	unclassified	0	0	0	0	1398	1
11496	unclassified	0	0	0	0	531	1
11494	unclassified	0	0	0	0	1107	1
11498	unclassified	0	0	0	0	249	1
11497	unclassified	0	0	0	0	636	1
11501	unclassified	0	0	0	0	192	1
11503	unclassified	0	0	0	0	153	1
11499	unclassified	0	0	0	0	624	1
11502	unclassified	0	0	0	0	372	1
11500	unclassified	0	0	0	0	741	1
11507	unclassified	0	0	0	0	231	1
11505	unclassified	0	0	0	0	438	1
11504	unclassified	0	0	0	0	687	1
11510	unclassified	0	0	0	0	324	1
11508	unclassified	0	0	0	0	534	1
11509	unclassified	0	0	0	0	756	1
11511	unclassified	0	0	0	0	438	1
11512	unclassified	0	0	0	0	360	1
11514	unclassified	0	0	0	0	606	1
11513	unclassified	0	0	0	0	711	1
11506	cid|473531	473531	400	144	35	1662	1
11515	unclassified	0	0	0	0	1008	1
11516	unclassified	0	0	0	0	810	1
11517	unclassified	0	0	0	0	927	1
11518	cid|680	680	81	81	24	894	3
11518	cid|670	670	81	81	24	894	3
11518	cid|669	669	81	81	24	894	3
11519	unclassified	0	0	0	0	639	1
11520	unclassified	0	0	0	0	318	1
11521	unclassified	0	0	0	0	318	1
11523	unclassified	0	0	0	0	573	1
11524	cid|1501	1501	64	0	23	636	1
11527	unclassified	0	0	0	0	408	1
11525	unclassified	0	0	0	0	1068	1
11522	unclassified	0	0	0	0	1281	1
11526	unclassified	0	0	0	0	1083	1
11531	unclassified	0	0	0	0	180	1
11530	unclassified	0	0	0	0	735	1
11532	unclassified	0	0	0	0	453	1
11528	unclassified	0	0	0	0	1281	1
11529	unclassified	0	0	0	0	1362	1
11535	unclassified	0	0	0	0	432	1
11533	unclassified	0	0	0	0	1026	1
11536	unclassified	0	0	0	0	1170	1
11539	unclassified	0	0	0	0	213	1
11538	unclassified	0	0	0	0	918	1
11534	unclassified	0	0	0	0	1833	1
11540	unclassified	0	0	0	0	357	1
11542	unclassified	0	0	0	0	243	1
11541	unclassified	0	0	0	0	489	1
11544	unclassified	0	0	0	0	201	1
11543	unclassified	0	0	0	0	303	1
11545	unclassified	0	0	0	0	423	1
11546	unclassified	0	0	0	0	294	1
11549	unclassified	0	0	0	0	195	1
11537	unclassified	0	0	0	0	2199	1
11548	unclassified	0	0	0	0	789	1
11550	unclassified	0	0	0	0	603	1
11547	unclassified	0	0	0	0	1455	1
11552	unclassified	0	0	0	0	570	1
11554	unclassified	0	0	0	0	174	1
11553	unclassified	0	0	0	0	807	1
11551	unclassified	0	0	0	0	1716	1
11557	unclassified	0	0	0	0	600	1
11555	unclassified	0	0	0	0	927	1
11556	unclassified	0	0	0	0	894	1
11558	unclassified	0	0	0	0	291	1
11562	unclassified	0	0	0	0	411	1
11559	unclassified	0	0	0	0	873	1
11563	NC_000021.9	9606	81	0	24	648	1
11564	unclassified	0	0	0	0	510	1
11561	unclassified	0	0	0	0	1575	1
11560	unclassified	0	0	0	0	1674	1
11565	unclassified	0	0	0	0	708	1
11566	unclassified	0	0	0	0	675	1
11568	unclassified	0	0	0	0	396	1
11567	unclassified	0	0	0	0	684	1
11572	unclassified	0	0	0	0	210	1
11570	unclassified	0	0	0	0	618	1
11573	unclassified	0	0	0	0	339	1
11569	unclassified	0	0	0	0	1014	1
11571	unclassified	0	0	0	0	1113	1
11576	unclassified	0	0	0	0	441	1
11574	unclassified	0	0	0	0	843	1
11577	unclassified	0	0	0	0	552	1
11578	unclassified	0	0	0	0	906	1
11575	unclassified	0	0	0	0	1470	1
11579	unclassified	0	0	0	0	987	1
11582	unclassified	0	0	0	0	321	1
11584	unclassified	0	0	0	0	102	1
11580	unclassified	0	0	0	0	1125	1
11585	unclassified	0	0	0	0	165	1
11581	unclassified	0	0	0	0	738	1
11583	unclassified	0	0	0	0	819	1
11586	unclassified	0	0	0	0	504	1
11590	unclassified	0	0	0	0	204	1
11588	unclassified	0	0	0	0	822	1
11587	NC_000022.11	9606	256	0	31	897	1
11589	cid|1229909	1229909	144	0	27	564	1
11592	unclassified	0	0	0	0	324	1
11591	unclassified	0	0	0	0	1110	1
11594	unclassified	0	0	0	0	675	1
11595	unclassified	0	0	0	0	618	1
11593	unclassified	0	0	0	0	987	1
11598	unclassified	0	0	0	0	279	1
11599	unclassified	0	0	0	0	423	1
11600	cid|54252	54252	81	0	24	444	1
11597	unclassified	0	0	0	0	891	1
11596	cid|83552	83552	64	0	23	1014	1
11602	unclassified	0	0	0	0	264	1
11605	unclassified	0	0	0	0	300	1
11604	unclassified	0	0	0	0	555	1
11606	unclassified	0	0	0	0	651	1
11601	unclassified	0	0	0	0	1452	1
11603	cid|29292	29292	64	0	23	1284	1
11607	unclassified	0	0	0	0	969	1
11611	unclassified	0	0	0	0	123	1
11610	unclassified	0	0	0	0	675	1
11609	unclassified	0	0	0	0	972	1
11613	cid|1491	1491	100	0	25	297	1
11612	unclassified	0	0	0	0	597	1
11614	unclassified	0	0	0	0	177	1
11616	unclassified	0	0	0	0	171	1
11617	unclassified	0	0	0	0	240	1
11615	unclassified	0	0	0	0	342	1
11619	unclassified	0	0	0	0	165	1
11620	unclassified	0	0	0	0	465	1
11608	unclassified	0	0	0	0	2001	1
11621	unclassified	0	0	0	0	636	1
11618	unclassified	0	0	0	0	1221	1
11623	unclassified	0	0	0	0	498	1
11622	unclassified	0	0	0	0	801	1
11625	cid|1408191	1408191	64	64	23	450	2
11625	cid|1517	1517	64	64	23	450	2
11628	unclassified	0	0	0	0	555	1
11627	unclassified	0	0	0	0	954	1
11624	cid|33959	33959	64	0	23	1509	1
11630	unclassified	0	0	0	0	297	1
11629	unclassified	0	0	0	0	429	1
11632	unclassified	0	0	0	0	288	1
11633	unclassified	0	0	0	0	261	1
11626	cid|246787	246787	100	100	25	1536	2
11626	cid|1168034	1168034	100	100	25	1536	2
11631	unclassified	0	0	0	0	627	1
11634	unclassified	0	0	0	0	369	1
11637	unclassified	0	0	0	0	204	1
11639	unclassified	0	0	0	0	189	1
11636	unclassified	0	0	0	0	963	1
11635	unclassified	0	0	0	0	1188	1
11642	unclassified	0	0	0	0	186	1
11641	unclassified	0	0	0	0	402	1
11640	unclassified	0	0	0	0	915	1
11644	unclassified	0	0	0	0	810	1
11645	unclassified	0	0	0	0	744	1
11646	unclassified	0	0	0	0	105	1
11648	unclassified	0	0	0	0	441	1
11643	unclassified	0	0	0	0	1479	1
11638	unclassified	0	0	0	0	2709	1
11649	unclassified	0	0	0	0	507	1
11647	unclassified	0	0	0	0	1005	1
11650	unclassified	0	0	0	0	612	1
11651	unclassified	0	0	0	0	600	1
11652	unclassified	0	0	0	0	852	1
11656	unclassified	0	0	0	0	111	1
11653	unclassified	0	0	0	0	915	1
11657	unclassified	0	0	0	0	213	1
11655	unclassified	0	0	0	0	837	1
11659	unclassified	0	0	0	0	192	1
11654	unclassified	0	0	0	0	1248	1
11658	unclassified	0	0	0	0	624	1
11662	unclassified	0	0	0	0	315	1
11661	unclassified	0	0	0	0	555	1
11664	unclassified	0	0	0	0	480	1
11660	unclassified	0	0	0	0	1305	1
11667	unclassified	0	0	0	0	330	1
11665	cid|1603555	1603555	100	0	25	1197	1
11663	cid|995	995	100	81	25	1392	1
11669	unclassified	0	0	0	0	423	1
11668	unclassified	0	0	0	0	735	1
11670	NC_000001.11	9606	81	0	24	585	1
11671	unclassified	0	0	0	0	207	1
11666	cid|1603555	1603555	81	0	24	1650	1
11674	unclassified	0	0	0	0	186	1
11675	unclassified	0	0	0	0	252	1
11677	unclassified	0	0	0	0	117	1
11676	unclassified	0	0	0	0	360	1
11673	unclassified	0	0	0	0	639	1
11678	unclassified	0	0	0	0	270	1
11680	unclassified	0	0	0	0	240	1
11679	unclassified	0	0	0	0	459	1
11672	unclassified	0	0	0	0	1293	1
11682	unclassified	0	0	0	0	399	1
11684	unclassified	0	0	0	0	138	1
11683	unclassified	0	0	0	0	399	1
11681	unclassified	0	0	0	0	687	1
11685	unclassified	0	0	0	0	345	1
11686	unclassified	0	0	0	0	495	1
11688	unclassified	0	0	0	0	840	1
11689	unclassified	0	0	0	0	642	1
11687	unclassified	0	0	0	0	999	1
11690	unclassified	0	0	0	0	768	1
11694	unclassified	0	0	0	0	186	1
11691	unclassified	0	0	0	0	537	1
11696	unclassified	0	0	0	0	138	1
11693	unclassified	0	0	0	0	585	1
11695	unclassified	0	0	0	0	396	1
11697	unclassified	0	0	0	0	396	1
11699	unclassified	0	0	0	0	231	1
11698	unclassified	0	0	0	0	366	1
11692	unclassified	0	0	0	0	1080	1
11701	unclassified	0	0	0	0	207	1
11704	unclassified	0	0	0	0	195	1
11700	unclassified	0	0	0	0	453	1
11702	unclassified	0	0	0	0	366	1
11705	unclassified	0	0	0	0	288	1
11707	unclassified	0	0	0	0	225	1
11703	unclassified	0	0	0	0	744	1
11706	unclassified	0	0	0	0	633	1
11709	unclassified	0	0	0	0	357	1
11710	unclassified	0	0	0	0	246	1
11712	unclassified	0	0	0	0	291	1
11708	unclassified	0	0	0	0	927	1
11715	unclassified	0	0	0	0	288	1
11711	unclassified	0	0	0	0	1167	1
11714	unclassified	0	0	0	0	1005	1
11718	NC_000005.10	9606	841	0	44	156	1
11716	unclassified	0	0	0	0	738	1
11719	unclassified	0	0	0	0	153	1
11713	unclassified	0	0	0	0	1578	1
11720	unclassified	0	0	0	0	177	1
11723	unclassified	0	0	0	0	240	1
11717	unclassified	0	0	0	0	978	1
11721	unclassified	0	0	0	0	453	1
11722	unclassified	0	0	0	0	381	1
11726	unclassified	0	0	0	0	135	1
11724	unclassified	0	0	0	0	468	1
11728	unclassified	0	0	0	0	276	1
11727	unclassified	0	0	0	0	456	1
11725	unclassified	0	0	0	0	765	1
11731	unclassified	0	0	0	0	342	1
11732	unclassified	0	0	0	0	126	1
11730	unclassified	0	0	0	0	666	1
11733	unclassified	0	0	0	0	555	1
11734	unclassified	0	0	0	0	690	1
11729	unclassified	0	0	0	0	1653	1
11737	unclassified	0	0	0	0	600	1
11736	unclassified	0	0	0	0	1767	1
11739	NC_000023.11	9606	64	0	23	741	1
11735	unclassified	0	0	0	0	2388	1
11738	unclassified	0	0	0	0	1446	1
11743	unclassified	0	0	0	0	147	1
11740	unclassified	0	0	0	0	555	1
11745	unclassified	0	0	0	0	279	1
11741	unclassified	0	0	0	0	810	1
11744	unclassified	0	0	0	0	522	1
11747	unclassified	0	0	0	0	111	1
11746	unclassified	0	0	0	0	312	1
11742	unclassified	0	0	0	0	1302	1
11748	unclassified	0	0	0	0	711	1
11750	unclassified	0	0	0	0	798	1
11749	unclassified	0	0	0	0	1407	1
11752	unclassified	0	0	0	0	852	1
11751	unclassified	0	0	0	0	1053	1
11755	unclassified	0	0	0	0	321	1
11753	unclassified	0	0	0	0	1269	1
11756	unclassified	0	0	0	0	627	1
11754	unclassified	0	0	0	0	1134	1
11759	unclassified	0	0	0	0	369	1
11757	unclassified	0	0	0	0	921	1
11760	unclassified	0	0	0	0	180	1
11761	unclassified	0	0	0	0	468	1
11758	unclassified	0	0	0	0	981	1
11762	unclassified	0	0	0	0	588	1
11765	unclassified	0	0	0	0	270	1
11764	unclassified	0	0	0	0	417	1
11766	unclassified	0	0	0	0	201	1
11767	unclassified	0	0	0	0	207	1
11768	unclassified	0	0	0	0	249	1
11763	unclassified	0	0	0	0	1056	1
11772	unclassified	0	0	0	0	318	1
11770	unclassified	0	0	0	0	663	1
11769	unclassified	0	0	0	0	804	1
11775	unclassified	0	0	0	0	249	1
11776	unclassified	0	0	0	0	99	1
11773	unclassified	0	0	0	0	651	1
11774	unclassified	0	0	0	0	657	1
11779	unclassified	0	0	0	0	285	1
11771	unclassified	0	0	0	0	1431	1
11777	unclassified	0	0	0	0	522	1
11780	unclassified	0	0	0	0	192	1
11782	unclassified	0	0	0	0	108	1
11784	unclassified	0	0	0	0	135	1
11778	unclassified	0	0	0	0	972	1
11786	unclassified	0	0	0	0	111	1
11785	unclassified	0	0	0	0	411	1
11787	unclassified	0	0	0	0	384	1
11788	unclassified	0	0	0	0	363	1
11790	unclassified	0	0	0	0	564	1
11781	unclassified	0	0	0	0	1548	1
11789	unclassified	0	0	0	0	699	1
11792	unclassified	0	0	0	0	201	1
11791	unclassified	0	0	0	0	399	1
11783	unclassified	0	0	0	0	2037	1
11796	unclassified	0	0	0	0	309	1
11794	unclassified	0	0	0	0	720	1
11795	unclassified	0	0	0	0	627	1
11799	unclassified	0	0	0	0	195	1
11798	unclassified	0	0	0	0	405	1
11793	cid|1712675	1712675	64	0	23	1416	1
11802	unclassified	0	0	0	0	120	1
11797	unclassified	0	0	0	0	858	1
11804	unclassified	0	0	0	0	234	1
11800	unclassified	0	0	0	0	1026	1
11801	unclassified	0	0	0	0	1179	1
11803	unclassified	0	0	0	0	954	1
11806	unclassified	0	0	0	0	549	1
11805	unclassified	0	0	0	0	879	1
11807	unclassified	0	0	0	0	468	1
11808	unclassified	0	0	0	0	639	1
11811	unclassified	0	0	0	0	201	1
11809	unclassified	0	0	0	0	705	1
11812	unclassified	0	0	0	0	573	1
11810	unclassified	0	0	0	0	918	1
11813	unclassified	0	0	0	0	777	1
11814	unclassified	0	0	0	0	702	1
11815	unclassified	0	0	0	0	576	1
11818	unclassified	0	0	0	0	270	1
11819	unclassified	0	0	0	0	549	1
11816	unclassified	0	0	0	0	993	1
11817	unclassified	0	0	0	0	993	1
11822	unclassified	0	0	0	0	153	1
11823	unclassified	0	0	0	0	162	1
11821	unclassified	0	0	0	0	672	1
11820	unclassified	0	0	0	0	1176	1
11826	unclassified	0	0	0	0	228	1
11824	unclassified	0	0	0	0	945	1
11827	unclassified	0	0	0	0	510	1
11829	unclassified	0	0	0	0	621	1
11825	cid|54248	54248	81	0	24	1278	1
11830	NC_010356.1	379529	81	0	24	843	1
11828	unclassified	0	0	0	0	1233	1
11831	unclassified	0	0	0	0	510	1
11834	unclassified	0	0	0	0	345	1
11833	unclassified	0	0	0	0	540	1
11832	unclassified	0	0	0	0	900	1
11838	unclassified	0	0	0	0	354	1
11835	NC_000003.12	9606	64	0	23	1122	1
11837	unclassified	0	0	0	0	834	1
11840	unclassified	0	0	0	0	123	1
11836	unclassified	0	0	0	0	1080	1
11841	unclassified	0	0	0	0	372	1
11842	unclassified	0	0	0	0	705	1
11839	unclassified	0	0	0	0	1566	1
11843	unclassified	0	0	0	0	1749	1
11844	unclassified	0	0	0	0	1677	1
11846	unclassified	0	0	0	0	1062	1
11845	unclassified	0	0	0	0	1656	1
11847	unclassified	0	0	0	0	693	1
11849	unclassified	0	0	0	0	195	1
11848	unclassified	0	0	0	0	588	1
11850	unclassified	0	0	0	0	537	1
11852	unclassified	0	0	0	0	504	1
11851	unclassified	0	0	0	0	804	1
11853	unclassified	0	0	0	0	777	1
11856	unclassified	0	0	0	0	204	1
11858	unclassified	0	0	0	0	177	1
11857	unclassified	0	0	0	0	357	1
11855	unclassified	0	0	0	0	828	1
11854	unclassified	0	0	0	0	918	1
11860	unclassified	0	0	0	0	201	1
11859	unclassified	0	0	0	0	357	1
11861	unclassified	0	0	0	0	273	1
11862	unclassified	0	0	0	0	288	1
11863	unclassified	0	0	0	0	171	1
11865	unclassified	0	0	0	0	168	1
11864	unclassified	0	0	0	0	354	1
11867	unclassified	0	0	0	0	351	1
11868	unclassified	0	0	0	0	291	1
11866	unclassified	0	0	0	0	375	1
11870	unclassified	0	0	0	0	231	1
11869	unclassified	0	0	0	0	465	1
11871	NC_000003.12	9606	169	144	28	357	1
11874	unclassified	0	0	0	0	267	1
11873	unclassified	0	0	0	0	561	1
11877	unclassified	0	0	0	0	399	1
11872	unclassified	0	0	0	0	1338	1
11875	unclassified	0	0	0	0	1095	1
11876	unclassified	0	0	0	0	1161	1
11878	NC_000016.10	9606	100	0	25	642	1
11881	unclassified	0	0	0	0	426	1
11883	cid|36745	36745	81	81	24	765	2
11883	cid|1173263	1173263	81	81	24	765	2
11880	cid|1649877	1649877	64	0	23	1749	1
11879	unclassified	0	0	0	0	2118	1
11884	unclassified	0	0	0	0	678	1
11885	unclassified	0	0	0	0	585	1
11888	unclassified	0	0	0	0	153	1
11882	NC_000004.12	9606	81	0	24	2178	1
11886	unclassified	0	0	0	0	984	1
11890	unclassified	0	0	0	0	183	1
11887	unclassified	0	0	0	0	1173	1
11893	unclassified	0	0	0	0	234	1
11889	unclassified	0	0	0	0	927	1
11891	unclassified	0	0	0	0	564	1
11892	unclassified	0	0	0	0	810	1
11897	unclassified	0	0	0	0	390	1
11894	unclassified	0	0	0	0	852	1
11896	unclassified	0	0	0	0	687	1
11898	unclassified	0	0	0	0	225	1
11900	unclassified	0	0	0	0	210	1
11895	unclassified	0	0	0	0	1110	1
11901	unclassified	0	0	0	0	924	1
11902	unclassified	0	0	0	0	807	1
11903	unclassified	0	0	0	0	741	1
11899	unclassified	0	0	0	0	1455	1
11905	NC_000004.12	9606	81	0	24	420	1
11906	unclassified	0	0	0	0	423	1
11909	unclassified	0	0	0	0	81	1
11904	unclassified	0	0	0	0	831	1
11910	unclassified	0	0	0	0	219	1
11911	unclassified	0	0	0	0	174	1
11912	unclassified	0	0	0	0	180	1
11908	unclassified	0	0	0	0	570	1
11914	unclassified	0	0	0	0	165	1
11916	unclassified	0	0	0	0	447	1
11915	unclassified	0	0	0	0	681	1
11913	unclassified	0	0	0	0	990	1
11907	unclassified	0	0	0	0	1878	1
11919	unclassified	0	0	0	0	441	1
11920	unclassified	0	0	0	0	255	1
11921	unclassified	0	0	0	0	726	1
11917	unclassified	0	0	0	0	1512	1
11918	unclassified	0	0	0	0	1704	1
11923	unclassified	0	0	0	0	504	1
11922	unclassified	0	0	0	0	1182	1
11925	unclassified	0	0	0	0	612	1
11927	unclassified	0	0	0	0	423	1
11928	unclassified	0	0	0	0	291	1
11924	unclassified	0	0	0	0	1197	1
11929	unclassified	0	0	0	0	765	1
11930	unclassified	0	0	0	0	708	1
11931	unclassified	0	0	0	0	612	1
11932	unclassified	0	0	0	0	270	1
11926	cid|46354	46354	100	0	25	1602	1
11936	unclassified	0	0	0	0	78	1
11933	unclassified	0	0	0	0	456	1
11935	unclassified	0	0	0	0	357	1
11937	unclassified	0	0	0	0	288	1
11938	unclassified	0	0	0	0	261	1
11939	unclassified	0	0	0	0	387	1
11942	unclassified	0	0	0	0	171	1
11940	unclassified	0	0	0	0	660	1
11934	cid|320787	320787	64	64	23	1266	2
11934	cid|499229	499229	64	64	23	1266	2
11945	unclassified	0	0	0	0	204	1
11941	unclassified	0	0	0	0	939	1
11944	unclassified	0	0	0	0	522	1
11943	unclassified	0	0	0	0	669	1
11949	unclassified	0	0	0	0	576	1
11947	unclassified	0	0	0	0	744	1
11948	unclassified	0	0	0	0	666	1
11952	unclassified	0	0	0	0	309	1
11953	unclassified	0	0	0	0	216	1
11950	unclassified	0	0	0	0	699	1
11954	unclassified	0	0	0	0	225	1
11955	unclassified	0	0	0	0	330	1
11956	unclassified	0	0	0	0	423	1
11951	unclassified	0	0	0	0	1317	1
11957	unclassified	0	0	0	0	477	1
11946	unclassified	0	0	0	0	2337	1
11959	unclassified	0	0	0	0	294	1
11960	unclassified	0	0	0	0	255	1
11958	unclassified	0	0	0	0	501	1
11962	unclassified	0	0	0	0	186	1
11964	unclassified	0	0	0	0	132	1
11963	unclassified	0	0	0	0	702	1
11965	unclassified	0	0	0	0	582	1
11967	unclassified	0	0	0	0	339	1
11961	unclassified	0	0	0	0	1104	1
11968	unclassified	0	0	0	0	639	1
11971	unclassified	0	0	0	0	642	1
11966	unclassified	0	0	0	0	2190	1
11972	unclassified	0	0	0	0	534	1
11969	unclassified	0	0	0	0	1389	1
11975	unclassified	0	0	0	0	318	1
11973	unclassified	0	0	0	0	591	1
11970	unclassified	0	0	0	0	1791	1
11976	unclassified	0	0	0	0	594	1
11979	unclassified	0	0	0	0	318	1
11977	unclassified	0	0	0	0	720	1
11978	unclassified	0	0	0	0	807	1
11982	unclassified	0	0	0	0	231	1
11980	unclassified	0	0	0	0	549	1
11983	unclassified	0	0	0	0	264	1
11974	unclassified	0	0	0	0	2031	1
11985	unclassified	0	0	0	0	192	1
11984	unclassified	0	0	0	0	462	1
11987	unclassified	0	0	0	0	114	1
11981	unclassified	0	0	0	0	1056	1
11989	unclassified	0	0	0	0	132	1
11988	unclassified	0	0	0	0	321	1
11992	unclassified	0	0	0	0	261	1
11990	unclassified	0	0	0	0	747	1
11993	cid|288965	288965	81	0	24	414	1
11991	unclassified	0	0	0	0	1269	1
11995	unclassified	0	0	0	0	660	1
11986	cid|192073	192073	64	0	23	2325	1
11997	cid|1038856	1038856	169	169	28	591	2
11997	cid|200991	200991	169	169	28	591	2
11994	unclassified	0	0	0	0	1578	1
11998	unclassified	0	0	0	0	459	1
12000	unclassified	0	0	0	0	183	1
11999	unclassified	0	0	0	0	399	1
12001	unclassified	0	0	0	0	390	1
11996	cid|86665	86665	144	0	27	1428	1
12004	unclassified	0	0	0	0	213	1
12002	unclassified	0	0	0	0	606	1
12007	unclassified	0	0	0	0	513	1
12003	unclassified	0	0	0	0	1137	1
12008	unclassified	0	0	0	0	495	1
12010	unclassified	0	0	0	0	153	1
12005	unclassified	0	0	0	0	1554	1
12006	cid|1622118	1622118	64	0	23	1386	1
12011	unclassified	0	0	0	0	327	1
12012	unclassified	0	0	0	0	414	1
12009	unclassified	0	0	0	0	1203	1
12013	unclassified	0	0	0	0	459	1
12015	unclassified	0	0	0	0	387	1
12017	unclassified	0	0	0	0	420	1
12014	unclassified	0	0	0	0	933	1
12020	unclassified	0	0	0	0	351	1
12016	unclassified	0	0	0	0	1389	1
12022	unclassified	0	0	0	0	225	1
12023	unclassified	0	0	0	0	174	1
12019	unclassified	0	0	0	0	1188	1
12024	unclassified	0	0	0	0	270	1
12018	NC_000020.11	9606	64	0	23	1620	1
12025	unclassified	0	0	0	0	261	1
12028	unclassified	0	0	0	0	312	1
12026	unclassified	0	0	0	0	546	1
12027	unclassified	0	0	0	0	1059	1
12021	unclassified	0	0	0	0	2115	1
12029	unclassified	0	0	0	0	807	1
12030	unclassified	0	0	0	0	705	1
12031	unclassified	0	0	0	0	195	1
12034	unclassified	0	0	0	0	216	1
12036	unclassified	0	0	0	0	291	1
12037	unclassified	0	0	0	0	159	1
12032	unclassified	0	0	0	0	1101	1
12033	unclassified	0	0	0	0	1146	1
12038	unclassified	0	0	0	0	501	1
12039	unclassified	0	0	0	0	246	1
12040	unclassified	0	0	0	0	297	1
12035	unclassified	0	0	0	0	1278	1
12041	cid|197	197	121	0	26	555	1
12043	unclassified	0	0	0	0	522	1
12044	unclassified	0	0	0	0	627	1
12046	unclassified	0	0	0	0	309	1
12042	unclassified	0	0	0	0	1020	1
12047	unclassified	0	0	0	0	282	1
12045	unclassified	0	0	0	0	609	1
12051	unclassified	0	0	0	0	606	1
12049	unclassified	0	0	0	0	816	1
12050	cid|60217	60217	169	0	28	774	1
12048	unclassified	0	0	0	0	978	1
12052	unclassified	0	0	0	0	309	1
12053	unclassified	0	0	0	0	456	1
12055	unclassified	0	0	0	0	372	1
12058	unclassified	0	0	0	0	135	1
12057	unclassified	0	0	0	0	651	1
12056	cid|1584	1584	81	0	24	984	1
12060	unclassified	0	0	0	0	93	1
12059	unclassified	0	0	0	0	594	1
12054	unclassified	0	0	0	0	1155	1
12061	cid|591197	591197	64	0	23	246	1
12062	unclassified	0	0	0	0	573	1
12066	unclassified	0	0	0	0	147	1
12064	unclassified	0	0	0	0	843	1
12065	unclassified	0	0	0	0	765	1
12063	cid|614	614	100	0	25	1161	1
12067	unclassified	0	0	0	0	483	1
12069	unclassified	0	0	0	0	531	1
12071	unclassified	0	0	0	0	354	1
12068	unclassified	0	0	0	0	735	1
12073	unclassified	0	0	0	0	531	1
12072	unclassified	0	0	0	0	678	1
12074	unclassified	0	0	0	0	648	1
12077	unclassified	0	0	0	0	297	1
12076	unclassified	0	0	0	0	489	1
12070	unclassified	0	0	0	0	1512	1
12080	unclassified	0	0	0	0	183	1
12081	unclassified	0	0	0	0	222	1
12075	NC_000005.10	9606	64	0	23	1242	1
12079	unclassified	0	0	0	0	972	1
12078	unclassified	0	0	0	0	1383	1
12082	cid|28197	28197	64	0	23	1017	1
12086	unclassified	0	0	0	0	501	1
12083	cid|944	944	81	64	24	1200	1
12085	unclassified	0	0	0	0	954	1
12084	unclassified	0	0	0	0	1275	1
12088	unclassified	0	0	0	0	453	1
12090	unclassified	0	0	0	0	333	1
12087	unclassified	0	0	0	0	783	1
12089	unclassified	0	0	0	0	588	1
12091	unclassified	0	0	0	0	465	1
12093	unclassified	0	0	0	0	204	1
12096	unclassified	0	0	0	0	189	1
12094	unclassified	0	0	0	0	393	1
12092	unclassified	0	0	0	0	996	1
12097	unclassified	0	0	0	0	618	1
12095	cid|574560	574560	81	0	24	876	1
12099	unclassified	0	0	0	0	585	1
12100	unclassified	0	0	0	0	450	1
12098	unclassified	0	0	0	0	1107	1
12101	unclassified	0	0	0	0	681	1
12102	unclassified	0	0	0	0	390	1
12105	unclassified	0	0	0	0	231	1
12107	unclassified	0	0	0	0	135	1
12106	unclassified	0	0	0	0	573	1
12108	unclassified	0	0	0	0	561	1
12103	unclassified	0	0	0	0	1266	1
12109	unclassified	0	0	0	0	507	1
12104	unclassified	0	0	0	0	1362	1
12110	cid|2223	2223	81	0	24	315	1
12113	unclassified	0	0	0	0	180	1
12112	cid|1501	1501	64	64	23	669	2
12112	cid|39152	39152	64	64	23	669	2
12111	unclassified	0	0	0	0	885	1
12116	unclassified	0	0	0	0	258	1
12115	unclassified	0	0	0	0	888	1
12114	cid|1229909	1229909	64	0	23	1395	1
12118	unclassified	0	0	0	0	753	1
12121	unclassified	0	0	0	0	141	1
12117	NC_000008.11	9606	64	0	23	1137	1
12119	unclassified	0	0	0	0	870	1
12124	unclassified	0	0	0	0	231	1
12125	unclassified	0	0	0	0	105	1
12123	unclassified	0	0	0	0	330	1
12126	unclassified	0	0	0	0	333	1
12122	unclassified	0	0	0	0	699	1
12120	cid|712357	712357	196	0	29	1146	1
12129	unclassified	0	0	0	0	408	1
12131	unclassified	0	0	0	0	492	1
12128	unclassified	0	0	0	0	1053	1
12130	unclassified	0	0	0	0	1197	1
12134	unclassified	0	0	0	0	237	1
12132	unclassified	0	0	0	0	546	1
12133	unclassified	0	0	0	0	435	1
12127	unclassified	0	0	0	0	2094	1
12137	unclassified	0	0	0	0	345	1
12135	unclassified	0	0	0	0	519	1
12139	unclassified	0	0	0	0	159	1
12136	unclassified	0	0	0	0	552	1
12138	unclassified	0	0	0	0	315	1
12141	unclassified	0	0	0	0	303	1
12140	unclassified	0	0	0	0	534	1
12142	unclassified	0	0	0	0	789	1
12144	unclassified	0	0	0	0	588	1
12143	cid|317	317	64	0	23	723	1
12146	unclassified	0	0	0	0	264	1
12147	unclassified	0	0	0	0	651	1
12149	unclassified	0	0	0	0	477	1
12150	unclassified	0	0	0	0	597	1
12151	unclassified	0	0	0	0	924	1
12145	cid|1796613	1796613	64	0	23	1980	1
12152	unclassified	0	0	0	0	585	1
12148	unclassified	0	0	0	0	1950	1
12154	unclassified	0	0	0	0	381	1
12153	unclassified	0	0	0	0	699	1
12155	unclassified	0	0	0	0	606	1
12158	unclassified	0	0	0	0	366	1
12157	unclassified	0	0	0	0	738	1
12156	cid|1476901	1476901	64	0	23	870	1
12159	unclassified	0	0	0	0	537	1
12161	unclassified	0	0	0	0	426	1
12162	unclassified	0	0	0	0	504	1
12163	unclassified	0	0	0	0	588	1
12166	unclassified	0	0	0	0	807	1
12160	unclassified	0	0	0	0	2070	1
12164	unclassified	0	0	0	0	1644	1
12165	NC_000006.12	9606	64	64	23	1365	2
12165	NC_000014.9	9606	64	64	23	1365	2
12168	unclassified	0	0	0	0	309	1
12167	unclassified	0	0	0	0	975	1
12171	unclassified	0	0	0	0	660	1
12170	unclassified	0	0	0	0	801	1
12169	unclassified	0	0	0	0	915	1
12172	unclassified	0	0	0	0	615	1
12174	unclassified	0	0	0	0	435	1
12173	unclassified	0	0	0	0	465	1
12177	unclassified	0	0	0	0	153	1
12176	unclassified	0	0	0	0	588	1
12178	unclassified	0	0	0	0	417	1
12175	unclassified	0	0	0	0	1437	1
12181	unclassified	0	0	0	0	672	1
12180	unclassified	0	0	0	0	924	1
12183	unclassified	0	0	0	0	222	1
12184	unclassified	0	0	0	0	333	1
12185	unclassified	0	0	0	0	471	1
12186	unclassified	0	0	0	0	621	1
12179	cid|873	873	289	289	32	1716	5
12179	cid|285	285	289	289	32	1716	5
12179	cid|1203471	1203471	289	289	32	1716	5
12179	cid|453230	453230	289	289	32	1716	5
12179	cid|93378	93378	289	289	32	1716	5
12187	unclassified	0	0	0	0	498	1
12182	unclassified	0	0	0	0	1188	1
12189	unclassified	0	0	0	0	324	1
12190	unclassified	0	0	0	0	540	1
12193	unclassified	0	0	0	0	342	1
12191	unclassified	0	0	0	0	1230	1
12188	unclassified	0	0	0	0	1308	1
12195	unclassified	0	0	0	0	258	1
12192	unclassified	0	0	0	0	1191	1
12196	unclassified	0	0	0	0	321	1
12194	unclassified	0	0	0	0	810	1
12200	unclassified	0	0	0	0	72	1
12199	unclassified	0	0	0	0	249	1
12201	unclassified	0	0	0	0	132	1
12198	unclassified	0	0	0	0	354	1
12204	unclassified	0	0	0	0	186	1
12203	unclassified	0	0	0	0	372	1
12205	unclassified	0	0	0	0	198	1
12202	unclassified	0	0	0	0	453	1
12207	unclassified	0	0	0	0	216	1
12206	unclassified	0	0	0	0	354	1
12197	unclassified	0	0	0	0	1191	1
12208	unclassified	0	0	0	0	948	1
12210	unclassified	0	0	0	0	915	1
12211	unclassified	0	0	0	0	939	1
12209	unclassified	0	0	0	0	1404	1
12213	unclassified	0	0	0	0	663	1
12212	unclassified	0	0	0	0	885	1
12217	unclassified	0	0	0	0	387	1
12216	unclassified	0	0	0	0	600	1
12218	unclassified	0	0	0	0	1158	1
12215	unclassified	0	0	0	0	2118	1
12214	unclassified	0	0	0	0	2724	1
12221	unclassified	0	0	0	0	210	1
12220	unclassified	0	0	0	0	813	1
12219	unclassified	0	0	0	0	2124	1
12223	unclassified	0	0	0	0	411	1
12224	unclassified	0	0	0	0	414	1
12222	unclassified	0	0	0	0	600	1
12226	unclassified	0	0	0	0	183	1
12227	NC_000004.12	9606	64	0	23	291	1
12230	unclassified	0	0	0	0	570	1
12228	unclassified	0	0	0	0	873	1
12231	unclassified	0	0	0	0	318	1
12229	unclassified	0	0	0	0	1308	1
12225	unclassified	0	0	0	0	1545	1
12233	unclassified	0	0	0	0	441	1
12234	unclassified	0	0	0	0	522	1
12235	unclassified	0	0	0	0	1014	1
12236	unclassified	0	0	0	0	1134	1
12232	unclassified	0	0	0	0	1725	1
12237	unclassified	0	0	0	0	963	1
12238	unclassified	0	0	0	0	693	1
12239	unclassified	0	0	0	0	762	1
12241	unclassified	0	0	0	0	765	1
12240	unclassified	0	0	0	0	1083	1
12244	unclassified	0	0	0	0	171	1
12243	unclassified	0	0	0	0	732	1
12242	unclassified	0	0	0	0	1065	1
12247	unclassified	0	0	0	0	177	1
12246	unclassified	0	0	0	0	540	1
12250	unclassified	0	0	0	0	228	1
12248	unclassified	0	0	0	0	525	1
12249	unclassified	0	0	0	0	591	1
12251	unclassified	0	0	0	0	483	1
12254	unclassified	0	0	0	0	717	1
12252	cid|1491	1491	64	0	23	1056	1
12253	unclassified	0	0	0	0	1245	1
12245	NC_000009.12	9606	121	0	26	2088	1
12256	unclassified	0	0	0	0	501	1
12255	unclassified	0	0	0	0	630	1
12258	unclassified	0	0	0	0	381	1
12259	unclassified	0	0	0	0	285	1
12261	unclassified	0	0	0	0	762	1
12262	cid|986	986	64	64	23	624	2
12262	cid|755731	755731	64	64	23	624	2
12260	unclassified	0	0	0	0	1086	1
12264	unclassified	0	0	0	0	870	1
12257	unclassified	0	0	0	0	2325	1
12265	unclassified	0	0	0	0	1002	1
12263	unclassified	0	0	0	0	1428	1
12267	unclassified	0	0	0	0	429	1
12266	unclassified	0	0	0	0	819	1
12268	unclassified	0	0	0	0	711	1
12269	unclassified	0	0	0	0	507	1
12270	unclassified	0	0	0	0	825	1
12272	unclassified	0	0	0	0	495	1
12273	unclassified	0	0	0	0	420	1
12274	unclassified	0	0	0	0	192	1
12275	unclassified	0	0	0	0	225	1
12271	unclassified	0	0	0	0	1071	1
12276	unclassified	0	0	0	0	411	1
12277	unclassified	0	0	0	0	369	1
12278	unclassified	0	0	0	0	402	1
12280	cid|591197	591197	64	0	23	891	1
12282	unclassified	0	0	0	0	1005	1
12283	unclassified	0	0	0	0	327	1
12279	cid|1580092	1580092	169	64	28	1440	1
12284	unclassified	0	0	0	0	303	1
12285	unclassified	0	0	0	0	411	1
12286	unclassified	0	0	0	0	366	1
12287	unclassified	0	0	0	0	600	1
12288	unclassified	0	0	0	0	531	1
12289	unclassified	0	0	0	0	573	1
12290	unclassified	0	0	0	0	324	1
12291	unclassified	0	0	0	0	393	1
12292	unclassified	0	0	0	0	273	1
12281	unclassified	0	0	0	0	2673	1
12295	unclassified	0	0	0	0	447	1
12296	unclassified	0	0	0	0	348	1
12294	unclassified	0	0	0	0	603	1
12293	unclassified	0	0	0	0	717	1
12299	unclassified	0	0	0	0	159	1
12300	unclassified	0	0	0	0	375	1
12297	cid|562	562	64	0	23	828	1
12303	unclassified	0	0	0	0	387	1
12304	unclassified	0	0	0	0	99	1
12302	unclassified	0	0	0	0	927	1
12305	unclassified	0	0	0	0	198	1
12306	unclassified	0	0	0	0	411	1
12307	unclassified	0	0	0	0	720	1
12308	unclassified	0	0	0	0	510	1
12301	unclassified	0	0	0	0	2241	1
12309	unclassified	0	0	0	0	402	1
12310	unclassified	0	0	0	0	537	1
12298	cid|1825069	1825069	144	144	27	2562	2
12298	cid|1888195	1888195	144	144	27	2562	2
12311	unclassified	0	0	0	0	693	1
12312	unclassified	0	0	0	0	900	1
12315	unclassified	0	0	0	0	483	1
12314	unclassified	0	0	0	0	657	1
12317	unclassified	0	0	0	0	243	1
12313	unclassified	0	0	0	0	1020	1
12318	unclassified	0	0	0	0	483	1
12320	unclassified	0	0	0	0	348	1
12321	unclassified	0	0	0	0	234	1
12319	unclassified	0	0	0	0	651	1
12322	unclassified	0	0	0	0	273	1
12323	cid|1445505	1445505	81	0	24	594	1
12316	unclassified	0	0	0	0	1641	1
12324	unclassified	0	0	0	0	729	1
12325	unclassified	0	0	0	0	951	1
12326	cid|391036	391036	64	0	23	549	1
12329	unclassified	0	0	0	0	273	1
12328	unclassified	0	0	0	0	861	1
12331	unclassified	0	0	0	0	345	1
12332	unclassified	0	0	0	0	492	1
12334	unclassified	0	0	0	0	87	1
12330	unclassified	0	0	0	0	1395	1
12327	unclassified	0	0	0	0	1866	1
12335	cid|513050	513050	64	64	23	477	2
12335	cid|1653476	1653476	64	64	23	477	2
12337	unclassified	0	0	0	0	207	1
12338	unclassified	0	0	0	0	306	1
12336	unclassified	0	0	0	0	780	1
12340	unclassified	0	0	0	0	384	1
12333	unclassified	0	0	0	0	1791	1
12339	unclassified	0	0	0	0	867	1
12341	unclassified	0	0	0	0	525	1
12344	unclassified	0	0	0	0	408	1
12345	unclassified	0	0	0	0	285	1
12346	unclassified	0	0	0	0	189	1
12342	unclassified	0	0	0	0	1389	1
12343	NC_000001.11	9606	64	0	23	1326	1
12348	NC_000011.10	9606	81	64	24	663	1
12347	unclassified	0	0	0	0	1029	1
12351	unclassified	0	0	0	0	327	1
12352	unclassified	0	0	0	0	390	1
12349	unclassified	0	0	0	0	1032	1
12353	unclassified	0	0	0	0	498	1
12350	unclassified	0	0	0	0	1080	1
12354	unclassified	0	0	0	0	672	1
12358	unclassified	0	0	0	0	117	1
12356	unclassified	0	0	0	0	723	1
12357	unclassified	0	0	0	0	582	1
12361	unclassified	0	0	0	0	270	1
12355	unclassified	0	0	0	0	1245	1
12360	unclassified	0	0	0	0	489	1
12359	unclassified	0	0	0	0	966	1
12363	NC_000015.10	9606	81	0	24	363	1
12366	unclassified	0	0	0	0	189	1
12365	unclassified	0	0	0	0	327	1
12368	unclassified	0	0	0	0	219	1
12362	unclassified	0	0	0	0	1014	1
12369	unclassified	0	0	0	0	201	1
12367	unclassified	0	0	0	0	471	1
12364	unclassified	0	0	0	0	1095	1
12370	unclassified	0	0	0	0	195	1
12371	unclassified	0	0	0	0	426	1
12372	unclassified	0	0	0	0	666	1
12374	unclassified	0	0	0	0	600	1
12375	unclassified	0	0	0	0	636	1
12376	unclassified	0	0	0	0	924	1
12373	cid|1229909	1229909	169	0	28	1398	1
12377	unclassified	0	0	0	0	1029	1
12381	unclassified	0	0	0	0	324	1
12378	unclassified	0	0	0	0	1431	1
12379	unclassified	0	0	0	0	1131	1
12382	unclassified	0	0	0	0	825	1
12384	unclassified	0	0	0	0	459	1
12385	unclassified	0	0	0	0	327	1
12383	cid|78259	78259	64	0	23	1221	1
12386	unclassified	0	0	0	0	537	1
12389	unclassified	0	0	0	0	126	1
12387	unclassified	0	0	0	0	798	1
12380	unclassified	0	0	0	0	2520	1
12388	unclassified	0	0	0	0	534	1
12393	cid|398743	398743	64	0	23	360	1
12392	unclassified	0	0	0	0	432	1
12390	unclassified	0	0	0	0	999	1
12394	unclassified	0	0	0	0	216	1
12395	unclassified	0	0	0	0	222	1
12391	unclassified	0	0	0	0	1098	1
12397	unclassified	0	0	0	0	303	1
12398	unclassified	0	0	0	0	369	1
12400	unclassified	0	0	0	0	255	1
12401	unclassified	0	0	0	0	972	1
12396	unclassified	0	0	0	0	1746	1
12404	unclassified	0	0	0	0	390	1
12402	unclassified	0	0	0	0	1686	1
12399	NC_028871.1	1591072	64	64	23	1719	3
12399	cid|1127744	1127744	64	64	23	1719	3
12399	NC_028929.1	1591073	64	64	23	1719	3
12403	unclassified	0	0	0	0	1182	1
12408	unclassified	0	0	0	0	258	1
12405	unclassified	0	0	0	0	693	1
12409	unclassified	0	0	0	0	444	1
12410	unclassified	0	0	0	0	660	1
12412	unclassified	0	0	0	0	246	1
12407	unclassified	0	0	0	0	1431	1
12411	cid|1229909	1229909	81	0	24	882	1
12413	unclassified	0	0	0	0	501	1
12414	unclassified	0	0	0	0	420	1
12415	unclassified	0	0	0	0	261	1
12406	unclassified	0	0	0	0	2172	1
12418	unclassified	0	0	0	0	306	1
12417	unclassified	0	0	0	0	885	1
12419	unclassified	0	0	0	0	1077	1
12420	unclassified	0	0	0	0	942	1
12423	unclassified	0	0	0	0	159	1
12416	unclassified	0	0	0	0	1758	1
12422	unclassified	0	0	0	0	627	1
12421	unclassified	0	0	0	0	1020	1
12425	unclassified	0	0	0	0	612	1
12424	unclassified	0	0	0	0	801	1
12426	unclassified	0	0	0	0	492	1
12428	cid|50339	50339	100	0	25	663	1
12427	unclassified	0	0	0	0	1302	1
12429	unclassified	0	0	0	0	975	1
12431	unclassified	0	0	0	0	402	1
12433	unclassified	0	0	0	0	378	1
12432	unclassified	0	0	0	0	792	1
12434	unclassified	0	0	0	0	771	1
12430	unclassified	0	0	0	0	1641	1
12437	unclassified	0	0	0	0	282	1
12438	unclassified	0	0	0	0	360	1
12439	unclassified	0	0	0	0	156	1
12435	unclassified	0	0	0	0	885	1
12436	unclassified	0	0	0	0	690	1
12440	unclassified	0	0	0	0	576	1
12442	unclassified	0	0	0	0	588	1
12444	unclassified	0	0	0	0	240	1
12441	unclassified	0	0	0	0	861	1
12445	unclassified	0	0	0	0	498	1
12443	cid|1492	1492	100	0	25	1314	1
12448	unclassified	0	0	0	0	825	1
12446	cid|34085	34085	81	0	24	1218	1
12449	unclassified	0	0	0	0	537	1
12451	unclassified	0	0	0	0	222	1
12453	unclassified	0	0	0	0	210	1
12450	unclassified	0	0	0	0	594	1
12454	unclassified	0	0	0	0	285	1
12452	unclassified	0	0	0	0	771	1
12455	unclassified	0	0	0	0	660	1
12457	NC_000008.11	9606	81	0	24	729	1
12458	unclassified	0	0	0	0	660	1
12459	unclassified	0	0	0	0	702	1
12447	cid|1410606	1410606	100	0	25	3201	1
12461	unclassified	0	0	0	0	684	1
12460	unclassified	0	0	0	0	1140	1
12456	cid|375929	375929	64	0	23	2169	1
12463	unclassified	0	0	0	0	459	1
12466	unclassified	0	0	0	0	99	1
12464	unclassified	0	0	0	0	657	1
12465	unclassified	0	0	0	0	453	1
12467	unclassified	0	0	0	0	210	1
12462	unclassified	0	0	0	0	1374	1
12469	unclassified	0	0	0	0	363	1
12470	unclassified	0	0	0	0	396	1
12468	unclassified	0	0	0	0	756	1
12471	unclassified	0	0	0	0	609	1
12472	unclassified	0	0	0	0	600	1
12476	unclassified	0	0	0	0	387	1
12475	unclassified	0	0	0	0	609	1
12474	unclassified	0	0	0	0	744	1
12473	unclassified	0	0	0	0	1077	1
12478	unclassified	0	0	0	0	339	1
12479	unclassified	0	0	0	0	330	1
12482	unclassified	0	0	0	0	465	1
12477	unclassified	0	0	0	0	1287	1
12483	unclassified	0	0	0	0	480	1
12481	unclassified	0	0	0	0	945	1
12484	unclassified	0	0	0	0	468	1
12485	unclassified	0	0	0	0	906	1
12480	unclassified	0	0	0	0	2172	1
12487	unclassified	0	0	0	0	654	1
12488	unclassified	0	0	0	0	396	1
12489	unclassified	0	0	0	0	435	1
12491	unclassified	0	0	0	0	231	1
12490	cid|197162	197162	121	64	26	486	1
12492	unclassified	0	0	0	0	291	1
12494	unclassified	0	0	0	0	156	1
12495	unclassified	0	0	0	0	255	1
12496	unclassified	0	0	0	0	189	1
12498	unclassified	0	0	0	0	381	1
12493	unclassified	0	0	0	0	1230	1
12486	unclassified	0	0	0	0	2754	1
12497	unclassified	0	0	0	0	1047	1
12500	unclassified	0	0	0	0	483	1
12501	unclassified	0	0	0	0	474	1
12504	unclassified	0	0	0	0	228	1
12503	unclassified	0	0	0	0	642	1
12505	unclassified	0	0	0	0	423	1
12499	unclassified	0	0	0	0	1596	1
12508	unclassified	0	0	0	0	273	1
12502	unclassified	0	0	0	0	1332	1
12507	unclassified	0	0	0	0	753	1
12510	unclassified	0	0	0	0	327	1
12511	unclassified	0	0	0	0	156	1
12513	unclassified	0	0	0	0	234	1
12506	unclassified	0	0	0	0	1227	1
12509	unclassified	0	0	0	0	903	1
12515	unclassified	0	0	0	0	321	1
12514	unclassified	0	0	0	0	558	1
12516	unclassified	0	0	0	0	567	1
12517	unclassified	0	0	0	0	411	1
12512	unclassified	0	0	0	0	1311	1
12518	unclassified	0	0	0	0	528	1
12519	cid|1410606	1410606	100	64	25	483	1
12520	unclassified	0	0	0	0	741	1
12523	unclassified	0	0	0	0	357	1
12521	unclassified	0	0	0	0	681	1
12522	cid|994695	994695	81	0	24	567	1
12526	unclassified	0	0	0	0	135	1
12524	unclassified	0	0	0	0	522	1
12527	unclassified	0	0	0	0	387	1
12529	cid|33992	33992	64	0	23	273	1
12530	unclassified	0	0	0	0	225	1
12532	unclassified	0	0	0	0	507	1
12531	unclassified	0	0	0	0	714	1
12528	cid|446	446	64	0	23	1272	1
12525	cid|217159	217159	64	64	23	1797	2
12525	cid|169679	169679	64	64	23	1797	2
12536	unclassified	0	0	0	0	291	1
12534	unclassified	0	0	0	0	1146	1
12533	unclassified	0	0	0	0	1263	1
12535	unclassified	0	0	0	0	987	1
12537	unclassified	0	0	0	0	390	1
12540	unclassified	0	0	0	0	183	1
12538	NC_000002.12	9606	64	0	23	399	1
12541	unclassified	0	0	0	0	345	1
12542	unclassified	0	0	0	0	321	1
12543	unclassified	0	0	0	0	219	1
12545	unclassified	0	0	0	0	216	1
12539	unclassified	0	0	0	0	1011	1
12547	unclassified	0	0	0	0	333	1
12544	unclassified	0	0	0	0	726	1
12546	unclassified	0	0	0	0	642	1
12548	unclassified	0	0	0	0	369	1
12551	unclassified	0	0	0	0	216	1
12552	unclassified	0	0	0	0	282	1
12549	unclassified	0	0	0	0	747	1
12553	unclassified	0	0	0	0	1191	1
12554	unclassified	0	0	0	0	1191	1
12556	unclassified	0	0	0	0	291	1
12555	unclassified	0	0	0	0	1227	1
12558	unclassified	0	0	0	0	471	1
12559	unclassified	0	0	0	0	414	1
12561	unclassified	0	0	0	0	231	1
12560	unclassified	0	0	0	0	612	1
12557	unclassified	0	0	0	0	1227	1
12562	unclassified	0	0	0	0	411	1
12563	unclassified	0	0	0	0	249	1
12565	unclassified	0	0	0	0	216	1
12550	unclassified	0	0	0	0	3498	1
12566	unclassified	0	0	0	0	744	1
12567	unclassified	0	0	0	0	651	1
12568	unclassified	0	0	0	0	405	1
12564	unclassified	0	0	0	0	1095	1
12570	unclassified	0	0	0	0	399	1
12572	unclassified	0	0	0	0	339	1
12569	unclassified	0	0	0	0	813	1
12573	unclassified	0	0	0	0	339	1
12575	unclassified	0	0	0	0	408	1
12574	unclassified	0	0	0	0	666	1
12577	unclassified	0	0	0	0	444	1
12578	unclassified	0	0	0	0	351	1
12579	unclassified	0	0	0	0	153	1
12576	unclassified	0	0	0	0	981	1
12571	unclassified	0	0	0	0	1785	1
12580	unclassified	0	0	0	0	222	1
12581	unclassified	0	0	0	0	300	1
12582	unclassified	0	0	0	0	318	1
12583	unclassified	0	0	0	0	252	1
12584	unclassified	0	0	0	0	882	1
12586	unclassified	0	0	0	0	819	1
12587	cid|93466	93466	441	0	36	1098	1
12589	unclassified	0	0	0	0	408	1
12590	unclassified	0	0	0	0	375	1
12591	unclassified	0	0	0	0	279	1
12588	unclassified	0	0	0	0	1038	1
12592	unclassified	0	0	0	0	321	1
12593	unclassified	0	0	0	0	447	1
12585	unclassified	0	0	0	0	2121	1
12595	unclassified	0	0	0	0	255	1
12598	unclassified	0	0	0	0	474	1
12597	unclassified	0	0	0	0	600	1
12600	unclassified	0	0	0	0	387	1
12594	unclassified	0	0	0	0	1422	1
12602	unclassified	0	0	0	0	108	1
12596	NC_000009.12	9606	81	0	24	1272	1
12599	unclassified	0	0	0	0	1185	1
12601	unclassified	0	0	0	0	837	1
12605	unclassified	0	0	0	0	339	1
12603	unclassified	0	0	0	0	915	1
12606	unclassified	0	0	0	0	408	1
12607	unclassified	0	0	0	0	405	1
12608	unclassified	0	0	0	0	330	1
12604	unclassified	0	0	0	0	1353	1
12611	unclassified	0	0	0	0	330	1
12612	unclassified	0	0	0	0	210	1
12609	unclassified	0	0	0	0	705	1
12610	unclassified	0	0	0	0	804	1
12614	unclassified	0	0	0	0	591	1
12616	unclassified	0	0	0	0	246	1
12618	unclassified	0	0	0	0	252	1
12613	unclassified	0	0	0	0	1044	1
12617	unclassified	0	0	0	0	393	1
12615	unclassified	0	0	0	0	1071	1
12621	unclassified	0	0	0	0	315	1
12622	unclassified	0	0	0	0	462	1
12623	unclassified	0	0	0	0	339	1
12624	unclassified	0	0	0	0	603	1
12625	unclassified	0	0	0	0	1137	1
12627	unclassified	0	0	0	0	252	1
12626	cid|1336794	1336794	121	121	26	1218	2
12626	cid|944547	944547	121	121	26	1218	2
12628	unclassified	0	0	0	0	792	1
12619	cid|1421	1421	64	0	23	3351	1
12630	unclassified	0	0	0	0	405	1
12629	unclassified	0	0	0	0	1056	1
12620	cid|1042877	1042877	64	0	23	3825	1
12633	unclassified	0	0	0	0	225	1
12634	unclassified	0	0	0	0	129	1
12635	unclassified	0	0	0	0	249	1
12636	unclassified	0	0	0	0	507	1
12631	unclassified	0	0	0	0	1473	1
12632	cid|316	316	81	0	24	1230	1
12637	unclassified	0	0	0	0	1041	1
12638	unclassified	0	0	0	0	813	1
12640	unclassified	0	0	0	0	777	1
12639	unclassified	0	0	0	0	1044	1
12643	unclassified	0	0	0	0	267	1
12642	unclassified	0	0	0	0	654	1
12646	unclassified	0	0	0	0	507	1
12641	cid|38986	38986	81	0	24	1257	1
12645	cid|1580092	1580092	64	0	23	957	1
12648	unclassified	0	0	0	0	726	1
12647	unclassified	0	0	0	0	843	1
12644	cid|1513	1513	81	0	24	1626	1
12649	unclassified	0	0	0	0	723	1
12652	unclassified	0	0	0	0	399	1
12651	unclassified	0	0	0	0	735	1
12650	unclassified	0	0	0	0	846	1
12655	unclassified	0	0	0	0	126	1
12654	unclassified	0	0	0	0	819	1
12653	unclassified	0	0	0	0	1026	1
12657	cid|55601	55601	64	0	23	675	1
12658	unclassified	0	0	0	0	588	1
12656	unclassified	0	0	0	0	1197	1
12660	cid|358	358	64	0	23	786	1
12659	unclassified	0	0	0	0	1173	1
12662	unclassified	0	0	0	0	609	1
12661	unclassified	0	0	0	0	771	1
12663	unclassified	0	0	0	0	606	1
12666	unclassified	0	0	0	0	417	1
12664	cid|1410606	1410606	256	0	31	831	1
12665	cid|173	173	64	0	23	828	1
12667	unclassified	0	0	0	0	744	1
12668	cid|573569	573569	64	0	23	672	1
12672	unclassified	0	0	0	0	309	1
12669	unclassified	0	0	0	0	825	1
12670	unclassified	0	0	0	0	960	1
12673	unclassified	0	0	0	0	408	1
12671	unclassified	0	0	0	0	813	1
12674	unclassified	0	0	0	0	426	1
12676	unclassified	0	0	0	0	207	1
12677	unclassified	0	0	0	0	264	1
12678	unclassified	0	0	0	0	333	1
12679	unclassified	0	0	0	0	375	1
12675	unclassified	0	0	0	0	750	1
12682	unclassified	0	0	0	0	459	1
12683	unclassified	0	0	0	0	543	1
12680	unclassified	0	0	0	0	867	1
12684	unclassified	0	0	0	0	144	1
12685	unclassified	0	0	0	0	207	1
12686	unclassified	0	0	0	0	828	1
12681	unclassified	0	0	0	0	1443	1
12688	unclassified	0	0	0	0	765	1
12690	unclassified	0	0	0	0	294	1
12689	unclassified	0	0	0	0	414	1
12687	unclassified	0	0	0	0	1350	1
12693	unclassified	0	0	0	0	216	1
12692	unclassified	0	0	0	0	222	1
12694	cid|1410606	1410606	121	0	26	294	1
12691	unclassified	0	0	0	0	1104	1
12695	unclassified	0	0	0	0	618	1
12697	unclassified	0	0	0	0	669	1
12698	unclassified	0	0	0	0	702	1
12700	unclassified	0	0	0	0	516	1
12701	unclassified	0	0	0	0	210	1
12696	cid|9	9	64	0	23	1437	1
12699	unclassified	0	0	0	0	1341	1
12704	unclassified	0	0	0	0	681	1
12703	unclassified	0	0	0	0	1218	1
12702	unclassified	0	0	0	0	1209	1
12706	cid|1591088	1591088	81	0	24	744	1
12708	unclassified	0	0	0	0	525	1
12709	unclassified	0	0	0	0	303	1
12705	unclassified	0	0	0	0	1362	1
12707	unclassified	0	0	0	0	741	1
12711	unclassified	0	0	0	0	270	1
12710	unclassified	0	0	0	0	333	1
12714	unclassified	0	0	0	0	195	1
12715	unclassified	0	0	0	0	414	1
12713	unclassified	0	0	0	0	1044	1
12712	unclassified	0	0	0	0	1032	1
12719	unclassified	0	0	0	0	582	1
12716	unclassified	0	0	0	0	1263	1
12718	unclassified	0	0	0	0	750	1
12717	cid|2285	2285	64	0	23	1059	1
12722	unclassified	0	0	0	0	213	1
12724	unclassified	0	0	0	0	276	1
12723	unclassified	0	0	0	0	597	1
12725	unclassified	0	0	0	0	447	1
12721	unclassified	0	0	0	0	963	1
12727	unclassified	0	0	0	0	66	1
12728	unclassified	0	0	0	0	474	1
12729	cid|294699	294699	64	64	23	1245	3
12729	cid|1629723	1629723	64	64	23	1245	3
12729	cid|129338	129338	64	64	23	1245	3
12730	unclassified	0	0	0	0	837	1
12731	unclassified	0	0	0	0	480	1
12732	unclassified	0	0	0	0	513	1
12720	NC_000009.12	9606	81	64	24	2700	1
12726	unclassified	0	0	0	0	2562	1
12735	unclassified	0	0	0	0	801	1
12733	cid|67760	67760	144	0	27	1194	1
12734	unclassified	0	0	0	0	1188	1
12738	unclassified	0	0	0	0	174	1
12736	cid|1488	1488	81	0	24	1053	1
12741	NC_000007.14	9606	3125	0	132	285	1
12737	unclassified	0	0	0	0	861	1
12740	unclassified	0	0	0	0	714	1
12744	unclassified	0	0	0	0	303	1
12743	unclassified	0	0	0	0	507	1
12739	cid|38027	38027	81	81	24	1227	2
12739	cid|2209	2209	81	81	24	1227	2
12742	unclassified	0	0	0	0	774	1
12747	cid|565033	565033	361	361	34	159	2
12747	cid|54261	54261	361	361	34	159	2
12746	unclassified	0	0	0	0	540	1
12750	unclassified	0	0	0	0	228	1
12749	unclassified	0	0	0	0	507	1
12745	unclassified	0	0	0	0	1095	1
12751	unclassified	0	0	0	0	372	1
12753	cid|1164	1164	64	0	23	237	1
12754	unclassified	0	0	0	0	204	1
12748	unclassified	0	0	0	0	1362	1
12755	unclassified	0	0	0	0	387	1
12752	unclassified	0	0	0	0	780	1
12758	unclassified	0	0	0	0	309	1
12756	unclassified	0	0	0	0	858	1
12760	unclassified	0	0	0	0	381	1
12757	unclassified	0	0	0	0	825	1
12759	cid|2128	2128	64	0	23	861	1
12762	cid|1400053	1400053	64	0	23	321	1
12765	unclassified	0	0	0	0	339	1
12761	NC_000006.12	9606	64	0	23	798	1
12766	unclassified	0	0	0	0	402	1
12767	unclassified	0	0	0	0	336	1
12763	cid|166935	166935	64	64	23	912	3
12763	cid|38986	38986	64	64	23	912	3
12763	cid|228	228	64	64	23	912	3
12769	unclassified	0	0	0	0	186	1
12764	unclassified	0	0	0	0	1407	1
12768	unclassified	0	0	0	0	789	1
12771	unclassified	0	0	0	0	582	1
12772	unclassified	0	0	0	0	348	1
12775	unclassified	0	0	0	0	426	1
12770	unclassified	0	0	0	0	1644	1
12774	unclassified	0	0	0	0	837	1
12776	unclassified	0	0	0	0	327	1
12777	unclassified	0	0	0	0	399	1
12773	unclassified	0	0	0	0	1323	1
12779	unclassified	0	0	0	0	429	1
12781	unclassified	0	0	0	0	324	1
12783	unclassified	0	0	0	0	123	1
12780	unclassified	0	0	0	0	666	1
12782	unclassified	0	0	0	0	879	1
12778	cid|1476901	1476901	81	81	24	1239	2
12778	NC_000015.10	9606	81	81	24	1239	2
12784	unclassified	0	0	0	0	1146	1
12785	unclassified	0	0	0	0	1047	1
12787	unclassified	0	0	0	0	822	1
12788	unclassified	0	0	0	0	906	1
12786	unclassified	0	0	0	0	1566	1
12791	unclassified	0	0	0	0	408	1
12790	unclassified	0	0	0	0	1164	1
12789	cid|1496	1496	64	0	23	1404	1
12793	unclassified	0	0	0	0	519	1
12794	unclassified	0	0	0	0	495	1
12797	unclassified	0	0	0	0	309	1
12795	unclassified	0	0	0	0	711	1
12792	unclassified	0	0	0	0	1398	1
12796	unclassified	0	0	0	0	723	1
12800	unclassified	0	0	0	0	501	1
12801	unclassified	0	0	0	0	489	1
12799	unclassified	0	0	0	0	870	1
12798	cid|91604	91604	121	0	26	978	1
12804	unclassified	0	0	0	0	501	1
12803	unclassified	0	0	0	0	681	1
12805	unclassified	0	0	0	0	441	1
12802	cid|34085	34085	64	64	23	1182	2
12802	NC_019490.1	936152	64	64	23	1182	2
12808	unclassified	0	0	0	0	474	1
12807	unclassified	0	0	0	0	651	1
12809	unclassified	0	0	0	0	690	1
12811	cid|1229909	1229909	144	0	27	501	1
12806	unclassified	0	0	0	0	1326	1
12810	unclassified	0	0	0	0	837	1
12813	unclassified	0	0	0	0	213	1
12814	unclassified	0	0	0	0	396	1
12816	unclassified	0	0	0	0	360	1
12815	unclassified	0	0	0	0	504	1
12817	unclassified	0	0	0	0	462	1
12812	unclassified	0	0	0	0	1266	1
12819	unclassified	0	0	0	0	609	1
12820	unclassified	0	0	0	0	414	1
12822	unclassified	0	0	0	0	108	1
12821	unclassified	0	0	0	0	132	1
12823	unclassified	0	0	0	0	405	1
12824	unclassified	0	0	0	0	384	1
12827	unclassified	0	0	0	0	183	1
12825	unclassified	0	0	0	0	606	1
12818	unclassified	0	0	0	0	1530	1
12826	cid|1410606	1410606	81	0	24	621	1
12831	unclassified	0	0	0	0	204	1
12830	unclassified	0	0	0	0	564	1
12829	unclassified	0	0	0	0	711	1
12833	unclassified	0	0	0	0	195	1
12834	unclassified	0	0	0	0	171	1
12835	unclassified	0	0	0	0	99	1
12837	unclassified	0	0	0	0	492	1
12828	cid|340044	340044	81	0	24	1551	1
12839	unclassified	0	0	0	0	270	1
12838	cid|1410606	1410606	169	169	28	294	2
12838	cid|1580092	1580092	169	169	28	294	2
12832	unclassified	0	0	0	0	1593	1
12840	NC_000011.10	9606	81	0	24	1029	1
12842	unclassified	0	0	0	0	783	1
12843	unclassified	0	0	0	0	267	1
12836	cid|774	774	100	100	25	1953	2
12836	cid|1622118	1622118	100	100	25	1953	2
12841	unclassified	0	0	0	0	1650	1
12844	unclassified	0	0	0	0	1047	1
12846	unclassified	0	0	0	0	855	1
12847	unclassified	0	0	0	0	972	1
12845	unclassified	0	0	0	0	1074	1
12851	unclassified	0	0	0	0	90	1
12850	unclassified	0	0	0	0	279	1
12848	unclassified	0	0	0	0	744	1
12849	unclassified	0	0	0	0	636	1
12852	unclassified	0	0	0	0	588	1
12855	unclassified	0	0	0	0	309	1
12856	unclassified	0	0	0	0	276	1
12858	unclassified	0	0	0	0	261	1
12857	unclassified	0	0	0	0	954	1
12854	cid|319938	319938	64	0	23	1380	1
12853	unclassified	0	0	0	0	1488	1
12859	unclassified	0	0	0	0	675	1
12863	unclassified	0	0	0	0	462	1
12861	unclassified	0	0	0	0	948	1
12860	unclassified	0	0	0	0	1089	1
12862	unclassified	0	0	0	0	1077	1
12864	cid|1400053	1400053	64	0	23	798	1
12865	unclassified	0	0	0	0	834	1
12866	unclassified	0	0	0	0	975	1
12867	cid|1229909	1229909	64	0	23	960	1
12868	unclassified	0	0	0	0	882	1
12871	unclassified	0	0	0	0	360	1
12870	unclassified	0	0	0	0	768	1
12873	unclassified	0	0	0	0	336	1
12872	unclassified	0	0	0	0	1068	1
12874	unclassified	0	0	0	0	657	1
12869	unclassified	0	0	0	0	1713	1
12877	unclassified	0	0	0	0	231	1
12879	unclassified	0	0	0	0	183	1
12878	unclassified	0	0	0	0	462	1
12881	unclassified	0	0	0	0	303	1
12875	unclassified	0	0	0	0	1470	1
12876	unclassified	0	0	0	0	987	1
12882	unclassified	0	0	0	0	381	1
12880	unclassified	0	0	0	0	834	1
12883	unclassified	0	0	0	0	378	1
12885	unclassified	0	0	0	0	591	1
12886	unclassified	0	0	0	0	633	1
12884	unclassified	0	0	0	0	966	1
12890	unclassified	0	0	0	0	234	1
12887	unclassified	0	0	0	0	1095	1
12888	unclassified	0	0	0	0	618	1
12891	unclassified	0	0	0	0	267	1
12889	unclassified	0	0	0	0	690	1
12892	unclassified	0	0	0	0	378	1
12894	unclassified	0	0	0	0	309	1
12897	unclassified	0	0	0	0	345	1
12893	unclassified	0	0	0	0	930	1
12896	cid|1410606	1410606	121	0	26	723	1
12895	unclassified	0	0	0	0	1104	1
12899	unclassified	0	0	0	0	387	1
12898	unclassified	0	0	0	0	744	1
12901	unclassified	0	0	0	0	624	1
12900	unclassified	0	0	0	0	1008	1
12903	unclassified	0	0	0	0	969	1
12904	unclassified	0	0	0	0	543	1
12902	unclassified	0	0	0	0	1170	1
12905	unclassified	0	0	0	0	1149	1
12907	unclassified	0	0	0	0	876	1
12906	unclassified	0	0	0	0	1005	1
12909	unclassified	0	0	0	0	393	1
12912	unclassified	0	0	0	0	555	1
12911	unclassified	0	0	0	0	678	1
12908	cid|1229909	1229909	196	196	29	1458	2
12908	cid|1580092	1580092	196	196	29	1458	2
12910	unclassified	0	0	0	0	921	1
12915	unclassified	0	0	0	0	225	1
12916	unclassified	0	0	0	0	498	1
12914	cid|511746	511746	81	0	24	843	1
12919	unclassified	0	0	0	0	354	1
12918	cid|1229909	1229909	100	0	25	564	1
12917	unclassified	0	0	0	0	1116	1
12921	unclassified	0	0	0	0	282	1
12913	unclassified	0	0	0	0	1797	1
12923	unclassified	0	0	0	0	507	1
12922	unclassified	0	0	0	0	885	1
12920	unclassified	0	0	0	0	1185	1
12925	unclassified	0	0	0	0	426	1
12924	unclassified	0	0	0	0	822	1
12927	unclassified	0	0	0	0	318	1
12926	unclassified	0	0	0	0	1098	1
12928	unclassified	0	0	0	0	819	1
12929	unclassified	0	0	0	0	633	1
12932	unclassified	0	0	0	0	261	1
12931	unclassified	0	0	0	0	357	1
12930	unclassified	0	0	0	0	1002	1
12933	unclassified	0	0	0	0	450	1
12936	unclassified	0	0	0	0	459	1
12938	unclassified	0	0	0	0	168	1
12935	unclassified	0	0	0	0	708	1
12937	unclassified	0	0	0	0	591	1
12934	unclassified	0	0	0	0	1020	1
12939	unclassified	0	0	0	0	870	1
12942	unclassified	0	0	0	0	702	1
12940	unclassified	0	0	0	0	1128	1
12941	unclassified	0	0	0	0	1092	1
12944	unclassified	0	0	0	0	225	1
12945	unclassified	0	0	0	0	255	1
12947	unclassified	0	0	0	0	327	1
12943	unclassified	0	0	0	0	801	1
12950	unclassified	0	0	0	0	159	1
12948	unclassified	0	0	0	0	519	1
12946	unclassified	0	0	0	0	864	1
12949	unclassified	0	0	0	0	732	1
12951	cid|290053	290053	64	0	23	618	1
12953	unclassified	0	0	0	0	531	1
12955	unclassified	0	0	0	0	306	1
12956	unclassified	0	0	0	0	414	1
12957	unclassified	0	0	0	0	345	1
12954	unclassified	0	0	0	0	801	1
12952	unclassified	0	0	0	0	1512	1
12959	unclassified	0	0	0	0	582	1
12960	unclassified	0	0	0	0	570	1
12958	unclassified	0	0	0	0	897	1
12961	unclassified	0	0	0	0	339	1
12964	unclassified	0	0	0	0	153	1
12965	unclassified	0	0	0	0	438	1
12963	NC_000007.14	9606	64	0	23	792	1
12966	unclassified	0	0	0	0	756	1
12962	unclassified	0	0	0	0	1164	1
12967	unclassified	0	0	0	0	681	1
12969	unclassified	0	0	0	0	588	1
12970	unclassified	0	0	0	0	660	1
12968	cid|40542	40542	81	0	24	1002	1
12973	cid|391036	391036	64	0	23	156	1
12971	unclassified	0	0	0	0	864	1
12974	unclassified	0	0	0	0	279	1
12975	cid|1235990	1235990	100	0	25	294	1
12976	unclassified	0	0	0	0	300	1
12977	unclassified	0	0	0	0	984	1
12972	unclassified	0	0	0	0	1830	1
12978	unclassified	0	0	0	0	1107	1
12982	unclassified	0	0	0	0	210	1
12979	unclassified	0	0	0	0	1419	1
12980	unclassified	0	0	0	0	1023	1
12981	unclassified	0	0	0	0	885	1
12984	unclassified	0	0	0	0	396	1
12985	unclassified	0	0	0	0	321	1
12983	unclassified	0	0	0	0	966	1
12986	unclassified	0	0	0	0	540	1
12987	cid|272131	272131	64	0	23	1005	1
12988	unclassified	0	0	0	0	861	1
12989	cid|1835254	1835254	100	0	25	1248	1
12990	unclassified	0	0	0	0	1425	1
12991	unclassified	0	0	0	0	1122	1
12992	unclassified	0	0	0	0	1092	1
12996	unclassified	0	0	0	0	228	1
12993	unclassified	0	0	0	0	855	1
12998	unclassified	0	0	0	0	345	1
12995	cid|313598	313598	121	0	26	1455	1
12999	unclassified	0	0	0	0	861	1
13000	unclassified	0	0	0	0	195	1
12994	unclassified	0	0	0	0	2139	1
12997	unclassified	0	0	0	0	1794	1
13002	cid|33047	33047	64	0	23	654	1
13004	unclassified	0	0	0	0	282	1
13003	unclassified	0	0	0	0	552	1
13001	unclassified	0	0	0	0	996	1
13008	unclassified	0	0	0	0	426	1
13007	cid|2190	2190	64	0	23	717	1
13009	unclassified	0	0	0	0	261	1
13010	unclassified	0	0	0	0	87	1
13005	cid|1428	1428	100	100	25	891	3
13005	cid|1396	1396	100	100	25	891	3
13005	cid|658666	658666	100	100	25	891	3
13012	unclassified	0	0	0	0	309	1
13011	unclassified	0	0	0	0	591	1
13014	unclassified	0	0	0	0	396	1
13015	unclassified	0	0	0	0	147	1
13006	cid|1763536	1763536	64	0	23	1542	1
13016	unclassified	0	0	0	0	378	1
13019	unclassified	0	0	0	0	144	1
13013	unclassified	0	0	0	0	1269	1
13018	unclassified	0	0	0	0	663	1
13017	unclassified	0	0	0	0	681	1
13020	unclassified	0	0	0	0	516	1
13021	unclassified	0	0	0	0	708	1
13025	unclassified	0	0	0	0	66	1
13022	cid|251535	251535	144	0	27	660	1
13023	unclassified	0	0	0	0	930	1
13027	unclassified	0	0	0	0	420	1
13026	unclassified	0	0	0	0	804	1
13029	unclassified	0	0	0	0	510	1
13024	unclassified	0	0	0	0	1542	1
13028	unclassified	0	0	0	0	1296	1
13030	unclassified	0	0	0	0	990	1
13033	unclassified	0	0	0	0	390	1
13034	unclassified	0	0	0	0	99	1
13031	unclassified	0	0	0	0	1008	1
13036	unclassified	0	0	0	0	231	1
13032	unclassified	0	0	0	0	1269	1
13038	unclassified	0	0	0	0	321	1
13035	unclassified	0	0	0	0	1308	1
13037	unclassified	0	0	0	0	1374	1
13041	unclassified	0	0	0	0	318	1
13040	unclassified	0	0	0	0	1071	1
13043	unclassified	0	0	0	0	171	1
13042	unclassified	0	0	0	0	303	1
13039	unclassified	0	0	0	0	1761	1
13045	unclassified	0	0	0	0	591	1
13044	unclassified	0	0	0	0	732	1
13049	unclassified	0	0	0	0	396	1
13046	unclassified	0	0	0	0	945	1
13048	unclassified	0	0	0	0	708	1
13050	unclassified	0	0	0	0	447	1
13053	unclassified	0	0	0	0	114	1
13047	unclassified	0	0	0	0	1116	1
13052	unclassified	0	0	0	0	513	1
13051	unclassified	0	0	0	0	777	1
13056	unclassified	0	0	0	0	183	1
13055	unclassified	0	0	0	0	429	1
13057	unclassified	0	0	0	0	378	1
13058	unclassified	0	0	0	0	525	1
13059	unclassified	0	0	0	0	471	1
13054	unclassified	0	0	0	0	975	1
13062	unclassified	0	0	0	0	339	1
13060	unclassified	0	0	0	0	660	1
13061	unclassified	0	0	0	0	441	1
13064	unclassified	0	0	0	0	147	1
13063	unclassified	0	0	0	0	471	1
13065	unclassified	0	0	0	0	228	1
13066	unclassified	0	0	0	0	381	1
13070	unclassified	0	0	0	0	231	1
13069	unclassified	0	0	0	0	699	1
13068	unclassified	0	0	0	0	867	1
13072	unclassified	0	0	0	0	159	1
13071	unclassified	0	0	0	0	642	1
13067	unclassified	0	0	0	0	1359	1
13076	unclassified	0	0	0	0	273	1
13073	unclassified	0	0	0	0	1155	1
13078	unclassified	0	0	0	0	255	1
13074	cid|158822	158822	64	0	23	1443	1
13075	cid|41431	41431	81	81	24	1446	2
13075	cid|395962	395962	81	81	24	1446	2
13077	unclassified	0	0	0	0	1317	1
13080	cid|1413	1413	169	0	28	738	1
13083	unclassified	0	0	0	0	144	1
13079	cid|762954	762954	64	0	23	1326	1
13084	unclassified	0	0	0	0	315	1
13082	unclassified	0	0	0	0	873	1
13085	unclassified	0	0	0	0	216	1
13086	unclassified	0	0	0	0	258	1
13087	unclassified	0	0	0	0	318	1
13090	unclassified	0	0	0	0	288	1
13081	unclassified	0	0	0	0	1650	1
13089	unclassified	0	0	0	0	600	1
13088	cid|294	294	225	225	30	660	2
13088	cid|1538553	1538553	225	225	30	660	2
13094	unclassified	0	0	0	0	291	1
13091	unclassified	0	0	0	0	906	1
13092	unclassified	0	0	0	0	1008	1
13097	unclassified	0	0	0	0	222	1
13096	unclassified	0	0	0	0	612	1
13095	NC_000004.12	9606	64	0	23	1074	1
13093	unclassified	0	0	0	0	1557	1
13100	unclassified	0	0	0	0	534	1
13102	unclassified	0	0	0	0	90	1
13098	unclassified	0	0	0	0	906	1
13104	unclassified	0	0	0	0	123	1
13103	unclassified	0	0	0	0	153	1
13101	unclassified	0	0	0	0	636	1
13099	unclassified	0	0	0	0	957	1
13106	unclassified	0	0	0	0	591	1
13109	unclassified	0	0	0	0	360	1
13107	unclassified	0	0	0	0	1008	1
13110	unclassified	0	0	0	0	132	1
13112	unclassified	0	0	0	0	159	1
13108	cid|102116	102116	121	0	26	1167	1
13105	unclassified	0	0	0	0	1359	1
13114	unclassified	0	0	0	0	297	1
13111	unclassified	0	0	0	0	546	1
13115	unclassified	0	0	0	0	288	1
13113	unclassified	0	0	0	0	510	1
13119	cid|68909	68909	64	0	23	132	1
13117	unclassified	0	0	0	0	339	1
13116	unclassified	0	0	0	0	753	1
13118	NC_000004.12	9606	81	0	24	891	1
13121	unclassified	0	0	0	0	1041	1
13120	unclassified	0	0	0	0	1098	1
13123	unclassified	0	0	0	0	600	1
13122	unclassified	0	0	0	0	954	1
13124	unclassified	0	0	0	0	621	1
13125	unclassified	0	0	0	0	711	1
13126	unclassified	0	0	0	0	804	1
13129	unclassified	0	0	0	0	462	1
13128	unclassified	0	0	0	0	849	1
13127	cid|1736674	1736674	64	0	23	1464	1
13130	unclassified	0	0	0	0	915	1
13133	unclassified	0	0	0	0	174	1
13131	unclassified	0	0	0	0	828	1
13135	unclassified	0	0	0	0	93	1
13132	unclassified	0	0	0	0	552	1
13137	unclassified	0	0	0	0	768	1
13138	unclassified	0	0	0	0	834	1
13136	unclassified	0	0	0	0	987	1
13140	unclassified	0	0	0	0	357	1
13141	unclassified	0	0	0	0	507	1
13134	cid|51669	51669	81	0	24	1923	1
13142	unclassified	0	0	0	0	741	1
13144	unclassified	0	0	0	0	231	1
13143	unclassified	0	0	0	0	576	1
13139	unclassified	0	0	0	0	1500	1
13147	unclassified	0	0	0	0	507	1
13145	unclassified	0	0	0	0	714	1
13150	unclassified	0	0	0	0	333	1
13149	unclassified	0	0	0	0	570	1
13152	unclassified	0	0	0	0	255	1
13151	unclassified	0	0	0	0	408	1
13148	unclassified	0	0	0	0	1458	1
13155	unclassified	0	0	0	0	192	1
13146	unclassified	0	0	0	0	1704	1
13156	unclassified	0	0	0	0	282	1
13153	cid|2208	2208	64	0	23	864	1
13157	unclassified	0	0	0	0	453	1
13154	unclassified	0	0	0	0	1050	1
13158	unclassified	0	0	0	0	804	1
13161	unclassified	0	0	0	0	597	1
13159	unclassified	0	0	0	0	864	1
13163	unclassified	0	0	0	0	129	1
13160	unclassified	0	0	0	0	1077	1
13162	unclassified	0	0	0	0	516	1
13164	unclassified	0	0	0	0	663	1
13165	unclassified	0	0	0	0	747	1
13166	unclassified	0	0	0	0	861	1
13167	unclassified	0	0	0	0	1296	1
13170	unclassified	0	0	0	0	795	1
13168	cid|92706	92706	64	64	23	1077	3
13168	cid|1718	1718	64	64	23	1077	3
13168	cid|1408191	1408191	64	64	23	1077	3
13173	unclassified	0	0	0	0	123	1
13169	unclassified	0	0	0	0	1125	1
13171	unclassified	0	0	0	0	1035	1
13172	cid|398743	398743	100	0	25	894	1
13175	cid|1413	1413	169	0	28	927	1
13178	unclassified	0	0	0	0	141	1
13174	unclassified	0	0	0	0	1140	1
13177	unclassified	0	0	0	0	987	1
13180	unclassified	0	0	0	0	780	1
13179	unclassified	0	0	0	0	984	1
13182	unclassified	0	0	0	0	534	1
13183	unclassified	0	0	0	0	615	1
13176	unclassified	0	0	0	0	2256	1
13181	unclassified	0	0	0	0	1095	1
13185	unclassified	0	0	0	0	447	1
13188	unclassified	0	0	0	0	276	1
13189	unclassified	0	0	0	0	411	1
13186	unclassified	0	0	0	0	1095	1
13187	unclassified	0	0	0	0	1179	1
13191	unclassified	0	0	0	0	168	1
13192	unclassified	0	0	0	0	150	1
13190	unclassified	0	0	0	0	363	1
13194	unclassified	0	0	0	0	168	1
13193	unclassified	0	0	0	0	444	1
13196	unclassified	0	0	0	0	342	1
13184	unclassified	0	0	0	0	2403	1
13198	unclassified	0	0	0	0	387	1
13200	unclassified	0	0	0	0	306	1
13199	unclassified	0	0	0	0	552	1
13195	unclassified	0	0	0	0	1230	1
13197	unclassified	0	0	0	0	978	1
13201	unclassified	0	0	0	0	327	1
13203	unclassified	0	0	0	0	495	1
13206	unclassified	0	0	0	0	261	1
13202	unclassified	0	0	0	0	978	1
13204	unclassified	0	0	0	0	981	1
13208	unclassified	0	0	0	0	252	1
13207	unclassified	0	0	0	0	510	1
13205	unclassified	0	0	0	0	1587	1
13211	unclassified	0	0	0	0	594	1
13212	unclassified	0	0	0	0	372	1
13210	unclassified	0	0	0	0	1077	1
13213	unclassified	0	0	0	0	723	1
13214	unclassified	0	0	0	0	684	1
13216	unclassified	0	0	0	0	216	1
13209	unclassified	0	0	0	0	1806	1
13217	unclassified	0	0	0	0	231	1
13219	unclassified	0	0	0	0	108	1
13215	unclassified	0	0	0	0	831	1
13222	unclassified	0	0	0	0	234	1
13221	unclassified	0	0	0	0	522	1
13220	cid|55802	55802	64	0	23	897	1
13224	unclassified	0	0	0	0	507	1
13218	unclassified	0	0	0	0	1467	1
13226	unclassified	0	0	0	0	264	1
13227	unclassified	0	0	0	0	270	1
13223	unclassified	0	0	0	0	1200	1
13229	unclassified	0	0	0	0	213	1
13225	unclassified	0	0	0	0	849	1
13228	unclassified	0	0	0	0	438	1
13230	unclassified	0	0	0	0	504	1
13233	unclassified	0	0	0	0	420	1
13231	unclassified	0	0	0	0	645	1
13232	unclassified	0	0	0	0	684	1
13236	unclassified	0	0	0	0	210	1
13234	unclassified	0	0	0	0	453	1
13239	unclassified	0	0	0	0	519	1
13238	unclassified	0	0	0	0	612	1
13235	unclassified	0	0	0	0	993	1
13240	unclassified	0	0	0	0	312	1
13241	cid|225326	225326	64	0	23	714	1
13242	unclassified	0	0	0	0	918	1
13244	unclassified	0	0	0	0	279	1
13246	unclassified	0	0	0	0	126	1
13237	unclassified	0	0	0	0	2154	1
13243	unclassified	0	0	0	0	984	1
13245	unclassified	0	0	0	0	492	1
13250	unclassified	0	0	0	0	273	1
13248	cid|986	986	81	81	24	327	2
13248	cid|55197	55197	81	81	24	327	2
13249	unclassified	0	0	0	0	654	1
13252	unclassified	0	0	0	0	579	1
13253	unclassified	0	0	0	0	471	1
13247	NC_000001.11	9606	64	0	23	1287	1
13254	unclassified	0	0	0	0	390	1
13255	unclassified	0	0	0	0	297	1
13251	unclassified	0	0	0	0	1191	1
13256	unclassified	0	0	0	0	825	1
13257	unclassified	0	0	0	0	735	1
13258	unclassified	0	0	0	0	807	1
13261	unclassified	0	0	0	0	120	1
13259	cid|49118	49118	64	64	23	687	2
13259	cid|1508644	1508644	64	64	23	687	2
13263	unclassified	0	0	0	0	306	1
13264	cid|1351	1351	81	0	24	807	1
13265	unclassified	0	0	0	0	678	1
13262	unclassified	0	0	0	0	1110	1
13260	cid|93930	93930	64	64	23	1458	5
13260	cid|52765	52765	64	64	23	1458	5
13260	cid|413889	413889	64	64	23	1458	5
13260	cid|2336	2336	64	64	23	1458	5
13260	cid|1316941	1316941	64	64	23	1458	5
13268	unclassified	0	0	0	0	255	1
13266	unclassified	0	0	0	0	975	1
13267	unclassified	0	0	0	0	993	1
13270	unclassified	0	0	0	0	606	1
13269	unclassified	0	0	0	0	762	1
13271	unclassified	0	0	0	0	339	1
13272	unclassified	0	0	0	0	339	1
13276	unclassified	0	0	0	0	231	1
13274	unclassified	0	0	0	0	543	1
13273	unclassified	0	0	0	0	723	1
13279	unclassified	0	0	0	0	261	1
13278	unclassified	0	0	0	0	990	1
13277	unclassified	0	0	0	0	1059	1
13281	unclassified	0	0	0	0	414	1
13280	unclassified	0	0	0	0	1161	1
13283	unclassified	0	0	0	0	480	1
13282	unclassified	0	0	0	0	873	1
13286	unclassified	0	0	0	0	219	1
13285	unclassified	0	0	0	0	282	1
13284	unclassified	0	0	0	0	852	1
13275	unclassified	0	0	0	0	2856	1
13287	unclassified	0	0	0	0	420	1
13288	unclassified	0	0	0	0	420	1
13289	unclassified	0	0	0	0	354	1
13291	unclassified	0	0	0	0	360	1
13290	unclassified	0	0	0	0	447	1
13293	unclassified	0	0	0	0	141	1
13292	unclassified	0	0	0	0	546	1
13294	unclassified	0	0	0	0	255	1
13295	unclassified	0	0	0	0	468	1
13299	unclassified	0	0	0	0	360	1
13297	unclassified	0	0	0	0	924	1
13296	unclassified	0	0	0	0	1242	1
13302	unclassified	0	0	0	0	387	1
13298	unclassified	0	0	0	0	1389	1
13304	unclassified	0	0	0	0	207	1
13300	cid|51665	51665	64	0	23	1224	1
13301	unclassified	0	0	0	0	1350	1
13303	unclassified	0	0	0	0	927	1
13307	unclassified	0	0	0	0	126	1
13309	unclassified	0	0	0	0	183	1
13306	cid|1260	1260	64	0	23	858	1
13310	unclassified	0	0	0	0	267	1
13305	cid|28229	28229	100	0	25	1263	1
13308	cid|70255	70255	81	81	24	840	2
13308	cid|1281	1281	81	81	24	840	2
13314	unclassified	0	0	0	0	222	1
13313	cid|1393	1393	100	100	25	552	2
13313	cid|1891280	1891280	100	100	25	552	2
13312	NC_000006.12	9606	144	0	27	888	1
13311	unclassified	0	0	0	0	1107	1
13317	unclassified	0	0	0	0	171	1
13318	unclassified	0	0	0	0	339	1
13319	unclassified	0	0	0	0	609	1
13315	cid|169679	169679	64	0	23	1230	1
13321	cid|1511	1511	100	0	25	321	1
13316	unclassified	0	0	0	0	1380	1
13320	unclassified	0	0	0	0	1140	1
13322	unclassified	0	0	0	0	684	1
13324	unclassified	0	0	0	0	624	1
13323	cid|744985	744985	289	81	32	861	1
13328	cid|398743	398743	100	0	25	372	1
13325	unclassified	0	0	0	0	1224	1
13330	unclassified	0	0	0	0	195	1
13326	unclassified	0	0	0	0	1215	1
13327	unclassified	0	0	0	0	1101	1
13329	unclassified	0	0	0	0	531	1
13331	unclassified	0	0	0	0	324	1
13333	unclassified	0	0	0	0	282	1
13335	unclassified	0	0	0	0	273	1
13336	unclassified	0	0	0	0	360	1
13337	unclassified	0	0	0	0	150	1
13334	unclassified	0	0	0	0	804	1
13339	unclassified	0	0	0	0	153	1
13332	unclassified	0	0	0	0	1023	1
13341	cid|28116	28116	81	0	24	429	1
13340	cid|418008	418008	100	0	25	495	1
13344	unclassified	0	0	0	0	237	1
13342	unclassified	0	0	0	0	744	1
13338	unclassified	0	0	0	0	1056	1
13346	unclassified	0	0	0	0	231	1
13343	cid|394958	394958	64	64	23	708	3
13343	cid|1491	1491	64	64	23	708	3
13343	cid|1520	1520	64	64	23	708	3
13345	unclassified	0	0	0	0	744	1
13350	unclassified	0	0	0	0	312	1
13348	unclassified	0	0	0	0	684	1
13352	unclassified	0	0	0	0	282	1
13351	unclassified	0	0	0	0	522	1
13353	unclassified	0	0	0	0	324	1
13347	unclassified	0	0	0	0	1707	1
13349	unclassified	0	0	0	0	1674	1
13356	unclassified	0	0	0	0	630	1
13358	unclassified	0	0	0	0	78	1
13357	unclassified	0	0	0	0	537	1
13354	unclassified	0	0	0	0	1314	1
13355	unclassified	0	0	0	0	1200	1
13360	cid|1528098	1528098	64	0	23	585	1
13361	unclassified	0	0	0	0	537	1
13362	unclassified	0	0	0	0	1185	1
13363	unclassified	0	0	0	0	1158	1
13366	unclassified	0	0	0	0	651	1
13365	unclassified	0	0	0	0	1107	1
13359	cid|1488	1488	81	0	24	2691	1
13368	unclassified	0	0	0	0	159	1
13364	unclassified	0	0	0	0	2025	1
13369	unclassified	0	0	0	0	756	1
13367	unclassified	0	0	0	0	999	1
13371	cid|1548	1548	196	64	29	864	1
13370	cid|45972	45972	64	0	23	966	1
13372	cid|1580092	1580092	676	0	41	642	1
13375	unclassified	0	0	0	0	258	1
13373	unclassified	0	0	0	0	735	1
13376	unclassified	0	0	0	0	138	1
13374	unclassified	0	0	0	0	894	1
13378	cid|1580092	1580092	64	0	23	837	1
13377	unclassified	0	0	0	0	1038	1
13380	unclassified	0	0	0	0	555	1
13382	unclassified	0	0	0	0	597	1
13379	cid|1307	1307	81	0	24	1695	1
13384	unclassified	0	0	0	0	423	1
13385	unclassified	0	0	0	0	120	1
13383	unclassified	0	0	0	0	933	1
13386	unclassified	0	0	0	0	84	1
13389	unclassified	0	0	0	0	78	1
13381	cid|1410606	1410606	169	100	28	1404	1
13391	unclassified	0	0	0	0	171	1
13390	unclassified	0	0	0	0	573	1
13387	unclassified	0	0	0	0	1107	1
13392	unclassified	0	0	0	0	1152	1
13395	cid|92245	92245	64	0	23	144	1
13393	unclassified	0	0	0	0	1152	1
13394	unclassified	0	0	0	0	996	1
13388	unclassified	0	0	0	0	1986	1
13396	unclassified	0	0	0	0	564	1
13398	unclassified	0	0	0	0	474	1
13399	unclassified	0	0	0	0	429	1
13397	cid|1348114	1348114	64	0	23	1134	1
13401	unclassified	0	0	0	0	804	1
13404	unclassified	0	0	0	0	135	1
13400	unclassified	0	0	0	0	1182	1
13402	cid|1521	1521	144	0	27	1053	1
13405	unclassified	0	0	0	0	288	1
13407	unclassified	0	0	0	0	285	1
13403	unclassified	0	0	0	0	861	1
13406	unclassified	0	0	0	0	405	1
13411	unclassified	0	0	0	0	384	1
13410	unclassified	0	0	0	0	516	1
13409	unclassified	0	0	0	0	723	1
13408	unclassified	0	0	0	0	1098	1
13412	unclassified	0	0	0	0	750	1
13415	unclassified	0	0	0	0	420	1
13417	unclassified	0	0	0	0	330	1
13414	unclassified	0	0	0	0	1236	1
13418	unclassified	0	0	0	0	513	1
13419	unclassified	0	0	0	0	234	1
13420	unclassified	0	0	0	0	195	1
13416	unclassified	0	0	0	0	1248	1
13421	unclassified	0	0	0	0	306	1
13424	unclassified	0	0	0	0	225	1
13423	unclassified	0	0	0	0	675	1
13426	unclassified	0	0	0	0	333	1
13425	unclassified	0	0	0	0	681	1
13422	unclassified	0	0	0	0	1092	1
13428	unclassified	0	0	0	0	189	1
13413	cid|995	995	64	0	23	2994	1
13429	unclassified	0	0	0	0	705	1
13430	NC_000006.12	9606	64	0	23	711	1
13432	unclassified	0	0	0	0	426	1
13433	unclassified	0	0	0	0	339	1
13427	cid|28199	28199	81	0	24	1896	1
13431	unclassified	0	0	0	0	1551	1
13436	unclassified	0	0	0	0	528	1
13435	unclassified	0	0	0	0	1185	1
13434	unclassified	0	0	0	0	1449	1
13438	unclassified	0	0	0	0	366	1
13437	unclassified	0	0	0	0	540	1
13439	unclassified	0	0	0	0	411	1
13443	unclassified	0	0	0	0	300	1
13440	unclassified	0	0	0	0	555	1
13444	unclassified	0	0	0	0	165	1
13442	unclassified	0	0	0	0	831	1
13446	unclassified	0	0	0	0	522	1
13448	unclassified	0	0	0	0	387	1
13445	unclassified	0	0	0	0	1251	1
13449	unclassified	0	0	0	0	549	1
13450	unclassified	0	0	0	0	906	1
13451	unclassified	0	0	0	0	720	1
13453	unclassified	0	0	0	0	156	1
13452	unclassified	0	0	0	0	351	1
13454	unclassified	0	0	0	0	273	1
13455	unclassified	0	0	0	0	492	1
13456	unclassified	0	0	0	0	414	1
13441	unclassified	0	0	0	0	3213	1
13458	unclassified	0	0	0	0	234	1
13457	unclassified	0	0	0	0	294	1
13460	unclassified	0	0	0	0	138	1
13447	cid|1410606	1410606	121	0	26	3219	1
13461	unclassified	0	0	0	0	540	1
13463	unclassified	0	0	0	0	378	1
13459	cid|1229909	1229909	64	0	23	1023	1
13462	NC_000004.12	9606	64	0	23	957	1
13467	unclassified	0	0	0	0	564	1
13464	unclassified	0	0	0	0	1107	1
13469	unclassified	0	0	0	0	183	1
13468	unclassified	0	0	0	0	318	1
13465	unclassified	0	0	0	0	1170	1
13471	unclassified	0	0	0	0	168	1
13466	cid|1410606	1410606	100	0	25	1398	1
13473	unclassified	0	0	0	0	513	1
13472	unclassified	0	0	0	0	675	1
13470	unclassified	0	0	0	0	894	1
13474	unclassified	0	0	0	0	303	1
13475	unclassified	0	0	0	0	369	1
13478	unclassified	0	0	0	0	219	1
13477	unclassified	0	0	0	0	480	1
13476	cid|1603555	1603555	121	0	26	750	1
13480	unclassified	0	0	0	0	759	1
13479	unclassified	0	0	0	0	837	1
13484	unclassified	0	0	0	0	492	1
13485	unclassified	0	0	0	0	93	1
13483	unclassified	0	0	0	0	642	1
13482	cid|755731	755731	121	0	26	1011	1
13481	unclassified	0	0	0	0	1494	1
13486	unclassified	0	0	0	0	348	1
13487	unclassified	0	0	0	0	483	1
13489	unclassified	0	0	0	0	378	1
13488	unclassified	0	0	0	0	489	1
13490	unclassified	0	0	0	0	465	1
13492	unclassified	0	0	0	0	273	1
13493	unclassified	0	0	0	0	300	1
13494	unclassified	0	0	0	0	273	1
13491	unclassified	0	0	0	0	711	1
13495	unclassified	0	0	0	0	417	1
13496	unclassified	0	0	0	0	822	1
13499	unclassified	0	0	0	0	621	1
13498	unclassified	0	0	0	0	678	1
13500	unclassified	0	0	0	0	252	1
13502	unclassified	0	0	0	0	264	1
13497	unclassified	0	0	0	0	1371	1
13504	cid|1661	1661	64	0	23	273	1
13506	unclassified	0	0	0	0	201	1
13505	unclassified	0	0	0	0	327	1
13508	unclassified	0	0	0	0	180	1
13501	unclassified	0	0	0	0	1065	1
13503	unclassified	0	0	0	0	987	1
13509	unclassified	0	0	0	0	315	1
13510	unclassified	0	0	0	0	951	1
13507	unclassified	0	0	0	0	1299	1
13512	unclassified	0	0	0	0	1185	1
13514	unclassified	0	0	0	0	411	1
13515	unclassified	0	0	0	0	408	1
13511	unclassified	0	0	0	0	1908	1
13513	unclassified	0	0	0	0	1005	1
13518	unclassified	0	0	0	0	111	1
13520	unclassified	0	0	0	0	486	1
13519	unclassified	0	0	0	0	684	1
13516	unclassified	0	0	0	0	1476	1
13517	unclassified	0	0	0	0	1350	1
13522	unclassified	0	0	0	0	627	1
13525	unclassified	0	0	0	0	282	1
13526	unclassified	0	0	0	0	234	1
13523	unclassified	0	0	0	0	840	1
13524	unclassified	0	0	0	0	585	1
13521	unclassified	0	0	0	0	1311	1
13528	unclassified	0	0	0	0	261	1
13529	unclassified	0	0	0	0	537	1
13530	unclassified	0	0	0	0	759	1
13531	unclassified	0	0	0	0	660	1
13527	unclassified	0	0	0	0	996	1
13535	unclassified	0	0	0	0	768	1
13534	unclassified	0	0	0	0	798	1
13536	unclassified	0	0	0	0	99	1
13537	unclassified	0	0	0	0	180	1
13532	unclassified	0	0	0	0	1668	1
13533	unclassified	0	0	0	0	1437	1
13539	cid|158822	158822	64	0	23	642	1
13538	unclassified	0	0	0	0	759	1
13540	unclassified	0	0	0	0	1008	1
13543	unclassified	0	0	0	0	891	1
13541	unclassified	0	0	0	0	1233	1
13544	unclassified	0	0	0	0	609	1
13546	unclassified	0	0	0	0	417	1
13545	unclassified	0	0	0	0	486	1
13547	unclassified	0	0	0	0	279	1
13542	cid|1328	1328	81	0	24	1800	1
13548	unclassified	0	0	0	0	312	1
13550	unclassified	0	0	0	0	180	1
13551	unclassified	0	0	0	0	300	1
13552	unclassified	0	0	0	0	288	1
13553	unclassified	0	0	0	0	438	1
13549	NC_000023.11	9606	121	0	26	870	1
13554	unclassified	0	0	0	0	552	1
13557	unclassified	0	0	0	0	318	1
13555	unclassified	0	0	0	0	618	1
13556	unclassified	0	0	0	0	549	1
13559	unclassified	0	0	0	0	204	1
13561	unclassified	0	0	0	0	147	1
13558	unclassified	0	0	0	0	600	1
13564	unclassified	0	0	0	0	318	1
13562	unclassified	0	0	0	0	816	1
13560	unclassified	0	0	0	0	993	1
13565	unclassified	0	0	0	0	336	1
13563	unclassified	0	0	0	0	1203	1
13567	unclassified	0	0	0	0	558	1
13569	unclassified	0	0	0	0	171	1
13568	unclassified	0	0	0	0	672	1
13572	unclassified	0	0	0	0	273	1
13566	cid|1774273	1774273	64	0	23	1119	1
13573	unclassified	0	0	0	0	357	1
13570	unclassified	0	0	0	0	894	1
13571	unclassified	0	0	0	0	1353	1
13576	unclassified	0	0	0	0	558	1
13574	unclassified	0	0	0	0	870	1
13575	unclassified	0	0	0	0	732	1
13579	unclassified	0	0	0	0	303	1
13581	unclassified	0	0	0	0	123	1
13578	unclassified	0	0	0	0	402	1
13577	unclassified	0	0	0	0	567	1
13580	unclassified	0	0	0	0	450	1
13584	unclassified	0	0	0	0	120	1
13585	unclassified	0	0	0	0	147	1
13582	unclassified	0	0	0	0	441	1
13588	unclassified	0	0	0	0	306	1
13583	cid|34085	34085	81	0	24	660	1
13589	unclassified	0	0	0	0	189	1
13586	unclassified	0	0	0	0	1410	1
13591	unclassified	0	0	0	0	933	1
13587	unclassified	0	0	0	0	1476	1
13590	cid|43989	43989	64	0	23	1032	1
13593	unclassified	0	0	0	0	240	1
13595	cid|1550241	1550241	100	0	25	273	1
13592	unclassified	0	0	0	0	795	1
13598	unclassified	0	0	0	0	384	1
13597	unclassified	0	0	0	0	582	1
13594	unclassified	0	0	0	0	1083	1
13599	unclassified	0	0	0	0	315	1
13601	unclassified	0	0	0	0	309	1
13602	unclassified	0	0	0	0	606	1
13600	unclassified	0	0	0	0	1170	1
13604	unclassified	0	0	0	0	1005	1
13596	unclassified	0	0	0	0	2694	1
13603	unclassified	0	0	0	0	1509	1
13605	unclassified	0	0	0	0	801	1
13606	unclassified	0	0	0	0	288	1
13607	unclassified	0	0	0	0	822	1
13609	unclassified	0	0	0	0	693	1
13608	unclassified	0	0	0	0	885	1
13613	unclassified	0	0	0	0	228	1
13614	unclassified	0	0	0	0	261	1
13615	unclassified	0	0	0	0	159	1
13612	unclassified	0	0	0	0	891	1
13611	unclassified	0	0	0	0	1236	1
13610	NC_000001.11	9606	225	0	51	1530	1
13619	unclassified	0	0	0	0	96	1
13618	unclassified	0	0	0	0	252	1
13616	unclassified	0	0	0	0	837	1
13620	unclassified	0	0	0	0	477	1
13621	unclassified	0	0	0	0	396	1
13622	unclassified	0	0	0	0	534	1
13617	unclassified	0	0	0	0	1371	1
13624	cid|93930	93930	64	64	23	798	4
13624	cid|126740	126740	64	64	23	798	4
13624	cid|1157947	1157947	64	64	23	798	4
13624	cid|1157948	1157948	64	64	23	798	4
13626	unclassified	0	0	0	0	573	1
13625	unclassified	0	0	0	0	765	1
13628	unclassified	0	0	0	0	153	1
13623	NC_000018.10	9606	64	0	23	1224	1
13627	unclassified	0	0	0	0	585	1
13630	unclassified	0	0	0	0	435	1
13631	unclassified	0	0	0	0	645	1
13634	unclassified	0	0	0	0	345	1
13629	NC_000001.11	9606	64	64	23	1167	2
13629	NC_000010.11	9606	64	64	23	1167	2
13635	unclassified	0	0	0	0	201	1
13636	unclassified	0	0	0	0	186	1
13632	unclassified	0	0	0	0	930	1
13637	unclassified	0	0	0	0	249	1
13638	unclassified	0	0	0	0	156	1
13633	cid|550	550	121	121	26	930	2
13633	cid|288	288	121	121	26	930	2
13642	unclassified	0	0	0	0	156	1
13643	unclassified	0	0	0	0	333	1
13644	unclassified	0	0	0	0	339	1
13639	cid|1176587	1176587	64	0	23	1233	1
13645	unclassified	0	0	0	0	339	1
13640	unclassified	0	0	0	0	1458	1
13648	NC_000019.10	9606	162	0	48	411	1
13649	unclassified	0	0	0	0	93	1
13641	cid|1520	1520	549	64	63	2157	1
13647	cid|1526927	1526927	64	64	23	1326	2
13647	cid|1215089	1215089	64	64	23	1326	2
13651	unclassified	0	0	0	0	207	1
13652	unclassified	0	0	0	0	165	1
13654	unclassified	0	0	0	0	93	1
13653	unclassified	0	0	0	0	201	1
13646	unclassified	0	0	0	0	1905	1
13650	unclassified	0	0	0	0	927	1
13658	unclassified	0	0	0	0	183	1
13656	unclassified	0	0	0	0	330	1
13655	unclassified	0	0	0	0	564	1
13659	unclassified	0	0	0	0	411	1
13662	unclassified	0	0	0	0	324	1
13657	NC_000004.12	9606	121	121	26	1020	2
13657	NC_000001.11	9606	121	121	26	1020	2
13661	NC_000002.12	9606	121	0	26	882	1
13664	unclassified	0	0	0	0	342	1
13663	unclassified	0	0	0	0	828	1
13666	unclassified	0	0	0	0	279	1
13665	unclassified	0	0	0	0	492	1
13660	NC_000006.12	9606	144	0	27	1533	1
13668	unclassified	0	0	0	0	255	1
13667	unclassified	0	0	0	0	366	1
13670	unclassified	0	0	0	0	129	1
13672	unclassified	0	0	0	0	297	1
13671	unclassified	0	0	0	0	366	1
13669	unclassified	0	0	0	0	786	1
13673	unclassified	0	0	0	0	1050	1
13677	unclassified	0	0	0	0	147	1
13676	unclassified	0	0	0	0	900	1
13678	unclassified	0	0	0	0	378	1
13675	unclassified	0	0	0	0	1254	1
13680	unclassified	0	0	0	0	189	1
13674	unclassified	0	0	0	0	1674	1
13683	unclassified	0	0	0	0	270	1
13679	NC_000003.12	9606	64	0	23	771	1
13681	unclassified	0	0	0	0	807	1
13682	unclassified	0	0	0	0	717	1
13684	cid|442	442	81	0	24	489	1
13685	unclassified	0	0	0	0	564	1
13689	unclassified	0	0	0	0	291	1
13688	unclassified	0	0	0	0	576	1
13690	unclassified	0	0	0	0	102	1
13687	unclassified	0	0	0	0	963	1
13686	unclassified	0	0	0	0	1194	1
13691	unclassified	0	0	0	0	411	1
13694	unclassified	0	0	0	0	333	1
13696	unclassified	0	0	0	0	285	1
13692	unclassified	0	0	0	0	1089	1
13695	unclassified	0	0	0	0	843	1
13693	unclassified	0	0	0	0	1233	1
13697	unclassified	0	0	0	0	540	1
13698	unclassified	0	0	0	0	516	1
13699	unclassified	0	0	0	0	684	1
13700	unclassified	0	0	0	0	591	1
13701	unclassified	0	0	0	0	1065	1
13703	unclassified	0	0	0	0	960	1
13705	unclassified	0	0	0	0	426	1
13707	unclassified	0	0	0	0	198	1
13706	unclassified	0	0	0	0	279	1
13702	unclassified	0	0	0	0	1641	1
13709	unclassified	0	0	0	0	279	1
13708	unclassified	0	0	0	0	618	1
13712	unclassified	0	0	0	0	210	1
13704	cid|473531	473531	144	144	27	1683	3
13704	cid|65093	65093	144	144	27	1683	3
13704	cid|1536769	1536769	144	144	27	1683	3
13710	unclassified	0	0	0	0	744	1
13713	unclassified	0	0	0	0	708	1
13711	cid|1538	1538	121	121	26	1158	2
13711	cid|84023	84023	121	121	26	1158	2
13715	unclassified	0	0	0	0	876	1
13714	unclassified	0	0	0	0	1383	1
13716	unclassified	0	0	0	0	852	1
13717	unclassified	0	0	0	0	1371	1
13719	unclassified	0	0	0	0	804	1
13718	NC_000012.12	9606	64	64	23	1140	2
13718	NC_000011.10	9606	64	64	23	1140	2
13721	unclassified	0	0	0	0	144	1
13724	unclassified	0	0	0	0	174	1
13723	unclassified	0	0	0	0	222	1
13720	unclassified	0	0	0	0	1053	1
13722	unclassified	0	0	0	0	351	1
13725	unclassified	0	0	0	0	303	1
13728	unclassified	0	0	0	0	213	1
13730	unclassified	0	0	0	0	87	1
13729	unclassified	0	0	0	0	342	1
13731	unclassified	0	0	0	0	306	1
13726	unclassified	0	0	0	0	864	1
13734	unclassified	0	0	0	0	537	1
13735	unclassified	0	0	0	0	93	1
13727	unclassified	0	0	0	0	1602	1
13732	unclassified	0	0	0	0	1158	1
13736	unclassified	0	0	0	0	261	1
13738	unclassified	0	0	0	0	201	1
13733	unclassified	0	0	0	0	1290	1
13737	unclassified	0	0	0	0	642	1
13739	unclassified	0	0	0	0	1071	1
13740	unclassified	0	0	0	0	1119	1
13741	unclassified	0	0	0	0	1110	1
13743	unclassified	0	0	0	0	342	1
13744	unclassified	0	0	0	0	648	1
13745	unclassified	0	0	0	0	888	1
13747	unclassified	0	0	0	0	345	1
13746	unclassified	0	0	0	0	981	1
13750	unclassified	0	0	0	0	267	1
13742	unclassified	0	0	0	0	2388	1
13748	unclassified	0	0	0	0	648	1
13749	unclassified	0	0	0	0	963	1
13752	unclassified	0	0	0	0	687	1
13754	unclassified	0	0	0	0	285	1
13755	unclassified	0	0	0	0	249	1
13751	unclassified	0	0	0	0	1140	1
13758	unclassified	0	0	0	0	381	1
13753	unclassified	0	0	0	0	1455	1
13759	unclassified	0	0	0	0	165	1
13757	unclassified	0	0	0	0	852	1
13756	unclassified	0	0	0	0	1206	1
13763	unclassified	0	0	0	0	363	1
13764	unclassified	0	0	0	0	150	1
13762	unclassified	0	0	0	0	876	1
13761	cid|34105	34105	81	64	24	1266	1
13767	unclassified	0	0	0	0	189	1
13766	unclassified	0	0	0	0	747	1
13765	unclassified	0	0	0	0	1170	1
13770	NC_000004.12	9606	64	0	23	243	1
13760	unclassified	0	0	0	0	2475	1
13771	unclassified	0	0	0	0	663	1
13769	unclassified	0	0	0	0	1011	1
13768	cid|582	582	64	0	23	1164	1
13774	unclassified	0	0	0	0	450	1
13772	unclassified	0	0	0	0	1176	1
13776	unclassified	0	0	0	0	558	1
13773	unclassified	0	0	0	0	1107	1
13775	unclassified	0	0	0	0	1374	1
13780	unclassified	0	0	0	0	444	1
13779	unclassified	0	0	0	0	882	1
13782	unclassified	0	0	0	0	168	1
13778	unclassified	0	0	0	0	1284	1
13777	unclassified	0	0	0	0	1875	1
13781	unclassified	0	0	0	0	1134	1
13783	unclassified	0	0	0	0	882	1
13787	unclassified	0	0	0	0	297	1
13784	unclassified	0	0	0	0	1146	1
13788	unclassified	0	0	0	0	294	1
13785	unclassified	0	0	0	0	1083	1
13789	unclassified	0	0	0	0	954	1
13786	unclassified	0	0	0	0	1497	1
13790	unclassified	0	0	0	0	924	1
13792	unclassified	0	0	0	0	249	1
13793	unclassified	0	0	0	0	267	1
13794	unclassified	0	0	0	0	282	1
13791	unclassified	0	0	0	0	1401	1
13798	unclassified	0	0	0	0	183	1
13796	unclassified	0	0	0	0	525	1
13800	unclassified	0	0	0	0	126	1
13797	unclassified	0	0	0	0	897	1
13801	unclassified	0	0	0	0	375	1
13795	unclassified	0	0	0	0	1230	1
13799	unclassified	0	0	0	0	1146	1
13803	unclassified	0	0	0	0	873	1
13804	unclassified	0	0	0	0	1689	1
13805	unclassified	0	0	0	0	1185	1
13807	unclassified	0	0	0	0	132	1
13808	unclassified	0	0	0	0	207	1
13802	NC_000012.12	9606	144	100	27	1920	1
13810	unclassified	0	0	0	0	588	1
13809	unclassified	0	0	0	0	993	1
13806	NC_000004.12	9606	64	0	23	2202	1
13813	unclassified	0	0	0	0	324	1
13812	unclassified	0	0	0	0	666	1
13814	unclassified	0	0	0	0	228	1
13811	unclassified	0	0	0	0	1443	1
13818	unclassified	0	0	0	0	69	1
13819	unclassified	0	0	0	0	135	1
13816	cid|553239	553239	144	144	27	345	2
13816	cid|1778262	1778262	144	144	27	345	2
13821	unclassified	0	0	0	0	357	1
13822	unclassified	0	0	0	0	162	1
13820	unclassified	0	0	0	0	630	1
13824	unclassified	0	0	0	0	135	1
13825	unclassified	0	0	0	0	333	1
13817	cid|43305	43305	81	0	24	1347	1
13826	unclassified	0	0	0	0	111	1
13828	unclassified	0	0	0	0	69	1
13827	unclassified	0	0	0	0	126	1
13829	unclassified	0	0	0	0	396	1
13823	unclassified	0	0	0	0	1041	1
13832	unclassified	0	0	0	0	195	1
13831	unclassified	0	0	0	0	357	1
13830	cid|312279	312279	121	121	26	843	3
13830	cid|1561	1561	121	121	26	843	3
13830	cid|83556	83556	121	121	26	843	3
13834	unclassified	0	0	0	0	294	1
13833	unclassified	0	0	0	0	537	1
13835	unclassified	0	0	0	0	240	1
13815	cid|415229	415229	64	64	23	2721	2
13815	cid|216778	216778	64	64	23	2721	2
13837	unclassified	0	0	0	0	1020	1
13836	unclassified	0	0	0	0	1119	1
13841	unclassified	0	0	0	0	159	1
13840	unclassified	0	0	0	0	441	1
13839	unclassified	0	0	0	0	1251	1
13843	unclassified	0	0	0	0	471	1
13842	unclassified	0	0	0	0	825	1
13844	unclassified	0	0	0	0	525	1
13838	unclassified	0	0	0	0	2112	1
13846	unclassified	0	0	0	0	471	1
13845	unclassified	0	0	0	0	807	1
13848	cid|70864	70864	64	0	23	732	1
13847	unclassified	0	0	0	0	1212	1
13850	unclassified	0	0	0	0	747	1
13851	unclassified	0	0	0	0	594	1
13852	unclassified	0	0	0	0	396	1
13849	unclassified	0	0	0	0	1455	1
13856	unclassified	0	0	0	0	204	1
13853	unclassified	0	0	0	0	618	1
13858	unclassified	0	0	0	0	234	1
13857	unclassified	0	0	0	0	786	1
13854	unclassified	0	0	0	0	1344	1
13855	unclassified	0	0	0	0	1164	1
13860	unclassified	0	0	0	0	144	1
13859	unclassified	0	0	0	0	789	1
13862	unclassified	0	0	0	0	447	1
13863	unclassified	0	0	0	0	474	1
13864	unclassified	0	0	0	0	363	1
13866	unclassified	0	0	0	0	114	1
13865	unclassified	0	0	0	0	267	1
13861	unclassified	0	0	0	0	1038	1
13867	unclassified	0	0	0	0	627	1
13871	unclassified	0	0	0	0	264	1
13870	unclassified	0	0	0	0	408	1
13869	unclassified	0	0	0	0	783	1
13872	unclassified	0	0	0	0	129	1
13875	unclassified	0	0	0	0	162	1
13874	unclassified	0	0	0	0	315	1
13876	cid|1229909	1229909	81	0	24	708	1
13868	cid|1164	1164	81	0	24	1644	1
13877	unclassified	0	0	0	0	765	1
13878	unclassified	0	0	0	0	414	1
13880	cid|133539	133539	64	0	23	429	1
13879	unclassified	0	0	0	0	729	1
13882	unclassified	0	0	0	0	324	1
13873	unclassified	0	0	0	0	2115	1
13884	unclassified	0	0	0	0	486	1
13885	cid|1502	1502	64	0	23	162	1
13881	cid|1556	1556	81	0	24	1254	1
13887	unclassified	0	0	0	0	357	1
13886	unclassified	0	0	0	0	642	1
13883	cid|1410606	1410606	196	0	29	1266	1
13888	unclassified	0	0	0	0	651	1
13889	unclassified	0	0	0	0	675	1
13891	cid|944547	944547	64	0	23	951	1
13892	cid|762954	762954	121	0	26	765	1
13890	unclassified	0	0	0	0	1284	1
13893	unclassified	0	0	0	0	819	1
13894	unclassified	0	0	0	0	606	1
13896	unclassified	0	0	0	0	267	1
13898	unclassified	0	0	0	0	270	1
13899	unclassified	0	0	0	0	237	1
13900	unclassified	0	0	0	0	192	1
13897	unclassified	0	0	0	0	756	1
13901	unclassified	0	0	0	0	297	1
13902	unclassified	0	0	0	0	171	1
13903	unclassified	0	0	0	0	147	1
13895	unclassified	0	0	0	0	1200	1
13905	unclassified	0	0	0	0	312	1
13904	NC_000004.12	9606	64	64	23	324	2
13904	cid|1428	1428	64	64	23	324	2
13907	cid|1580092	1580092	100	0	25	258	1
13906	unclassified	0	0	0	0	690	1
13909	unclassified	0	0	0	0	408	1
13911	unclassified	0	0	0	0	147	1
13908	NC_000023.11	9606	64	0	23	945	1
13910	unclassified	0	0	0	0	732	1
13914	unclassified	0	0	0	0	156	1
13912	unclassified	0	0	0	0	801	1
13915	unclassified	0	0	0	0	486	1
13917	unclassified	0	0	0	0	282	1
13918	unclassified	0	0	0	0	192	1
13913	cid|316068	316068	64	0	23	2055	1
13920	unclassified	0	0	0	0	1053	1
13919	unclassified	0	0	0	0	1272	1
13921	cid|1345697	1345697	81	81	24	492	2
13921	cid|33940	33940	81	81	24	492	2
13922	unclassified	0	0	0	0	447	1
13916	unclassified	0	0	0	0	2589	1
13926	unclassified	0	0	0	0	399	1
13924	unclassified	0	0	0	0	1008	1
13923	unclassified	0	0	0	0	1440	1
13929	unclassified	0	0	0	0	135	1
13928	unclassified	0	0	0	0	411	1
13930	unclassified	0	0	0	0	210	1
13931	unclassified	0	0	0	0	111	1
13932	NC_000004.12	9606	81	0	24	246	1
13927	unclassified	0	0	0	0	972	1
13935	unclassified	0	0	0	0	150	1
13934	unclassified	0	0	0	0	816	1
13933	cid|39152	39152	121	0	26	978	1
13938	unclassified	0	0	0	0	138	1
13925	cid|1229909	1229909	81	0	24	2394	1
13936	unclassified	0	0	0	0	879	1
13941	unclassified	0	0	0	0	213	1
13937	unclassified	0	0	0	0	954	1
13942	unclassified	0	0	0	0	645	1
13943	unclassified	0	0	0	0	618	1
13944	unclassified	0	0	0	0	459	1
13939	unclassified	0	0	0	0	1731	1
13945	unclassified	0	0	0	0	441	1
13940	cid|562	562	64	0	23	1812	1
13947	unclassified	0	0	0	0	357	1
13949	unclassified	0	0	0	0	495	1
13950	unclassified	0	0	0	0	591	1
13951	unclassified	0	0	0	0	132	1
13946	unclassified	0	0	0	0	1431	1
13948	unclassified	0	0	0	0	738	1
13954	unclassified	0	0	0	0	309	1
13956	unclassified	0	0	0	0	258	1
13953	unclassified	0	0	0	0	681	1
13958	unclassified	0	0	0	0	270	1
13952	unclassified	0	0	0	0	1011	1
13957	unclassified	0	0	0	0	462	1
13961	unclassified	0	0	0	0	150	1
13959	unclassified	0	0	0	0	315	1
13955	unclassified	0	0	0	0	1518	1
13963	unclassified	0	0	0	0	522	1
13965	unclassified	0	0	0	0	117	1
13960	unclassified	0	0	0	0	1083	1
13964	unclassified	0	0	0	0	690	1
13966	cid|1814128	1814128	81	0	24	726	1
13968	unclassified	0	0	0	0	630	1
13969	unclassified	0	0	0	0	696	1
13967	cid|1410606	1410606	361	0	34	1533	1
13970	unclassified	0	0	0	0	918	1
13962	cid|2287	2287	144	0	27	2769	1
13974	unclassified	0	0	0	0	414	1
13971	unclassified	0	0	0	0	906	1
13972	unclassified	0	0	0	0	1071	1
13973	unclassified	0	0	0	0	1080	1
13977	unclassified	0	0	0	0	444	1
13976	unclassified	0	0	0	0	1029	1
13975	unclassified	0	0	0	0	1299	1
13979	unclassified	0	0	0	0	243	1
13982	unclassified	0	0	0	0	342	1
13980	unclassified	0	0	0	0	687	1
13983	unclassified	0	0	0	0	174	1
13981	unclassified	0	0	0	0	657	1
13978	unclassified	0	0	0	0	1476	1
13986	unclassified	0	0	0	0	345	1
13987	unclassified	0	0	0	0	264	1
13988	unclassified	0	0	0	0	279	1
13984	unclassified	0	0	0	0	1029	1
13990	unclassified	0	0	0	0	336	1
13985	unclassified	0	0	0	0	1110	1
13991	unclassified	0	0	0	0	219	1
13989	unclassified	0	0	0	0	651	1
13993	unclassified	0	0	0	0	384	1
13996	unclassified	0	0	0	0	168	1
13992	unclassified	0	0	0	0	675	1
13995	unclassified	0	0	0	0	753	1
13998	unclassified	0	0	0	0	315	1
13997	unclassified	0	0	0	0	468	1
13994	unclassified	0	0	0	0	990	1
14001	unclassified	0	0	0	0	132	1
13999	unclassified	0	0	0	0	354	1
14000	unclassified	0	0	0	0	381	1
14003	unclassified	0	0	0	0	198	1
14006	unclassified	0	0	0	0	105	1
14005	unclassified	0	0	0	0	441	1
14008	unclassified	0	0	0	0	378	1
14002	unclassified	0	0	0	0	1035	1
14004	cid|1229909	1229909	81	0	24	1005	1
14007	unclassified	0	0	0	0	864	1
14010	unclassified	0	0	0	0	462	1
14012	unclassified	0	0	0	0	624	1
14009	unclassified	0	0	0	0	1173	1
14015	unclassified	0	0	0	0	333	1
14014	unclassified	0	0	0	0	708	1
14011	unclassified	0	0	0	0	1353	1
14013	cid|1496	1496	100	0	25	1266	1
14018	unclassified	0	0	0	0	546	1
14016	NC_000019.10	9606	121	121	26	576	3
14016	NC_000006.12	9606	121	121	26	576	3
14016	NC_000004.12	9606	121	121	26	576	3
14017	unclassified	0	0	0	0	738	1
14021	unclassified	0	0	0	0	180	1
14020	unclassified	0	0	0	0	240	1
14024	unclassified	0	0	0	0	222	1
14019	unclassified	0	0	0	0	705	1
14022	unclassified	0	0	0	0	351	1
14027	unclassified	0	0	0	0	102	1
14023	unclassified	0	0	0	0	546	1
14026	unclassified	0	0	0	0	483	1
14028	unclassified	0	0	0	0	459	1
14025	unclassified	0	0	0	0	822	1
14031	unclassified	0	0	0	0	357	1
14032	unclassified	0	0	0	0	369	1
14033	cid|549	549	64	0	23	363	1
14035	unclassified	0	0	0	0	126	1
14030	cid|2173	2173	64	64	23	1005	2
14030	NC_000013.11	9606	64	64	23	1005	2
14036	unclassified	0	0	0	0	339	1
14029	cid|42422	42422	64	0	23	1512	1
14034	unclassified	0	0	0	0	765	1
14039	unclassified	0	0	0	0	291	1
14037	unclassified	0	0	0	0	570	1
14041	unclassified	0	0	0	0	573	1
14040	unclassified	0	0	0	0	897	1
14044	unclassified	0	0	0	0	201	1
14043	unclassified	0	0	0	0	360	1
14045	unclassified	0	0	0	0	411	1
14046	unclassified	0	0	0	0	252	1
14048	unclassified	0	0	0	0	198	1
14042	unclassified	0	0	0	0	1437	1
14047	unclassified	0	0	0	0	387	1
14049	unclassified	0	0	0	0	291	1
14050	unclassified	0	0	0	0	192	1
14038	unclassified	0	0	0	0	2358	1
14053	unclassified	0	0	0	0	375	1
14052	unclassified	0	0	0	0	408	1
14056	unclassified	0	0	0	0	240	1
14054	unclassified	0	0	0	0	351	1
14058	unclassified	0	0	0	0	144	1
14055	unclassified	0	0	0	0	501	1
14060	unclassified	0	0	0	0	420	1
14059	unclassified	0	0	0	0	528	1
14057	unclassified	0	0	0	0	1056	1
14063	unclassified	0	0	0	0	588	1
14051	unclassified	0	0	0	0	2439	1
14064	unclassified	0	0	0	0	207	1
14065	unclassified	0	0	0	0	273	1
14067	unclassified	0	0	0	0	135	1
14066	unclassified	0	0	0	0	354	1
14069	unclassified	0	0	0	0	126	1
14061	NW_003315959.1	9606	169	169	28	1473	4
14061	NC_000006.12	9606	169	169	28	1473	4
14061	NC_000019.10	9606	169	169	28	1473	4
14061	NC_000023.11	9606	169	169	28	1473	4
14068	unclassified	0	0	0	0	639	1
14070	unclassified	0	0	0	0	651	1
14062	NC_000005.10	9606	81	81	24	1947	3
14062	NT_187498.1	9606	81	81	24	1947	3
14062	NC_000011.10	9606	81	81	24	1947	3
14072	unclassified	0	0	0	0	435	1
14073	unclassified	0	0	0	0	213	1
14076	unclassified	0	0	0	0	162	1
14071	unclassified	0	0	0	0	945	1
14075	unclassified	0	0	0	0	465	1
14078	unclassified	0	0	0	0	297	1
14079	unclassified	0	0	0	0	249	1
14077	unclassified	0	0	0	0	630	1
14080	cid|44001	44001	64	0	23	234	1
14082	unclassified	0	0	0	0	396	1
14074	NC_000004.12	9606	64	0	23	1542	1
14083	unclassified	0	0	0	0	651	1
14086	unclassified	0	0	0	0	153	1
14081	unclassified	0	0	0	0	909	1
14085	unclassified	0	0	0	0	378	1
14087	unclassified	0	0	0	0	330	1
14088	unclassified	0	0	0	0	618	1
14090	unclassified	0	0	0	0	534	1
14089	unclassified	0	0	0	0	729	1
14093	unclassified	0	0	0	0	414	1
14084	unclassified	0	0	0	0	1725	1
14092	unclassified	0	0	0	0	567	1
14091	unclassified	0	0	0	0	1026	1
14096	unclassified	0	0	0	0	756	1
14094	unclassified	0	0	0	0	921	1
14095	unclassified	0	0	0	0	930	1
14099	unclassified	0	0	0	0	606	1
14098	unclassified	0	0	0	0	810	1
14101	unclassified	0	0	0	0	561	1
14100	unclassified	0	0	0	0	1512	1
14103	unclassified	0	0	0	0	429	1
14097	unclassified	0	0	0	0	2133	1
14105	unclassified	0	0	0	0	324	1
14102	NC_000002.12	9606	522	0	60	1062	1
14106	unclassified	0	0	0	0	441	1
14107	unclassified	0	0	0	0	198	1
14109	unclassified	0	0	0	0	267	1
14104	unclassified	0	0	0	0	843	1
14110	unclassified	0	0	0	0	288	1
14111	unclassified	0	0	0	0	426	1
14112	unclassified	0	0	0	0	426	1
14115	unclassified	0	0	0	0	258	1
14108	unclassified	0	0	0	0	1068	1
14114	unclassified	0	0	0	0	462	1
14117	unclassified	0	0	0	0	105	1
14113	unclassified	0	0	0	0	996	1
14116	unclassified	0	0	0	0	510	1
14121	unclassified	0	0	0	0	444	1
14118	unclassified	0	0	0	0	855	1
14123	unclassified	0	0	0	0	204	1
14120	unclassified	0	0	0	0	1362	1
14122	unclassified	0	0	0	0	972	1
14124	unclassified	0	0	0	0	807	1
14119	cid|446683	446683	64	0	23	1815	1
14128	unclassified	0	0	0	0	126	1
14127	unclassified	0	0	0	0	423	1
14125	unclassified	0	0	0	0	981	1
14129	unclassified	0	0	0	0	426	1
14126	unclassified	0	0	0	0	858	1
14130	unclassified	0	0	0	0	546	1
14132	unclassified	0	0	0	0	363	1
14133	unclassified	0	0	0	0	291	1
14135	unclassified	0	0	0	0	375	1
14131	cid|2322	2322	196	0	29	1101	1
14136	unclassified	0	0	0	0	933	1
14137	unclassified	0	0	0	0	573	1
14134	unclassified	0	0	0	0	1245	1
14140	unclassified	0	0	0	0	153	1
14141	unclassified	0	0	0	0	132	1
14143	unclassified	0	0	0	0	276	1
14142	unclassified	0	0	0	0	636	1
14138	unclassified	0	0	0	0	1203	1
14139	cid|983545	983545	121	0	26	1050	1
14144	unclassified	0	0	0	0	513	1
14145	unclassified	0	0	0	0	402	1
14147	unclassified	0	0	0	0	201	1
14149	unclassified	0	0	0	0	222	1
14151	unclassified	0	0	0	0	255	1
14148	unclassified	0	0	0	0	765	1
14152	unclassified	0	0	0	0	345	1
14150	unclassified	0	0	0	0	1020	1
14153	unclassified	0	0	0	0	480	1
14155	unclassified	0	0	0	0	90	1
14146	unclassified	0	0	0	0	1443	1
14154	unclassified	0	0	0	0	555	1
14157	unclassified	0	0	0	0	795	1
14156	cid|1410606	1410606	100	0	25	1068	1
14158	unclassified	0	0	0	0	1131	1
14161	unclassified	0	0	0	0	312	1
14162	unclassified	0	0	0	0	183	1
14163	unclassified	0	0	0	0	138	1
14164	unclassified	0	0	0	0	156	1
14166	unclassified	0	0	0	0	348	1
14165	cid|999	999	64	0	23	504	1
14168	unclassified	0	0	0	0	177	1
14167	unclassified	0	0	0	0	333	1
14169	unclassified	0	0	0	0	735	1
14159	cid|2187	2187	64	64	23	2481	2
14159	cid|1229909	1229909	64	64	23	2481	2
14171	unclassified	0	0	0	0	240	1
14160	cid|29292	29292	100	100	25	2127	2
14160	NC_021901.1	1301279	100	100	25	2127	2
14170	cid|1580092	1580092	64	0	23	1341	1
14173	unclassified	0	0	0	0	438	1
14172	unclassified	0	0	0	0	801	1
14175	unclassified	0	0	0	0	465	1
14174	unclassified	0	0	0	0	831	1
14178	unclassified	0	0	0	0	189	1
14177	unclassified	0	0	0	0	324	1
14176	unclassified	0	0	0	0	705	1
14180	unclassified	0	0	0	0	222	1
14179	unclassified	0	0	0	0	363	1
14183	unclassified	0	0	0	0	150	1
14182	cid|33033	33033	64	0	23	825	1
14185	unclassified	0	0	0	0	606	1
14186	unclassified	0	0	0	0	180	1
14181	unclassified	0	0	0	0	1152	1
14188	unclassified	0	0	0	0	174	1
14184	unclassified	0	0	0	0	936	1
14189	unclassified	0	0	0	0	363	1
14187	unclassified	0	0	0	0	915	1
14192	unclassified	0	0	0	0	537	1
14193	unclassified	0	0	0	0	435	1
14194	unclassified	0	0	0	0	447	1
14190	unclassified	0	0	0	0	1410	1
14195	unclassified	0	0	0	0	459	1
14191	unclassified	0	0	0	0	1653	1
14196	cid|996	996	676	0	41	624	1
14199	unclassified	0	0	0	0	435	1
14200	unclassified	0	0	0	0	249	1
14198	unclassified	0	0	0	0	795	1
14201	unclassified	0	0	0	0	171	1
14204	unclassified	0	0	0	0	120	1
14203	unclassified	0	0	0	0	288	1
14197	NC_000023.11	9606	400	0	35	1095	1
14202	unclassified	0	0	0	0	681	1
14205	unclassified	0	0	0	0	648	1
14207	unclassified	0	0	0	0	699	1
14210	unclassified	0	0	0	0	180	1
14209	unclassified	0	0	0	0	429	1
14208	unclassified	0	0	0	0	759	1
14211	unclassified	0	0	0	0	813	1
14206	unclassified	0	0	0	0	1809	1
14214	unclassified	0	0	0	0	264	1
14213	unclassified	0	0	0	0	891	1
14215	unclassified	0	0	0	0	267	1
14212	unclassified	0	0	0	0	1185	1
14218	unclassified	0	0	0	0	294	1
14219	unclassified	0	0	0	0	252	1
14216	unclassified	0	0	0	0	582	1
14217	unclassified	0	0	0	0	582	1
14222	unclassified	0	0	0	0	186	1
14220	unclassified	0	0	0	0	396	1
14225	unclassified	0	0	0	0	276	1
14226	unclassified	0	0	0	0	483	1
14221	unclassified	0	0	0	0	1215	1
14227	unclassified	0	0	0	0	249	1
14224	unclassified	0	0	0	0	1038	1
14228	unclassified	0	0	0	0	213	1
14223	unclassified	0	0	0	0	1341	1
14232	unclassified	0	0	0	0	339	1
14231	cid|1561	1561	121	0	26	726	1
14233	unclassified	0	0	0	0	489	1
14234	unclassified	0	0	0	0	276	1
14229	unclassified	0	0	0	0	1179	1
14236	unclassified	0	0	0	0	417	1
14237	unclassified	0	0	0	0	540	1
14235	unclassified	0	0	0	0	771	1
14238	unclassified	0	0	0	0	327	1
14230	unclassified	0	0	0	0	2097	1
14241	unclassified	0	0	0	0	411	1
14240	cid|1358	1358	64	0	23	858	1
14242	unclassified	0	0	0	0	651	1
14243	unclassified	0	0	0	0	495	1
14244	unclassified	0	0	0	0	162	1
14247	unclassified	0	0	0	0	189	1
14248	unclassified	0	0	0	0	336	1
14246	unclassified	0	0	0	0	708	1
14245	unclassified	0	0	0	0	780	1
14239	unclassified	0	0	0	0	1875	1
14251	unclassified	0	0	0	0	216	1
14249	unclassified	0	0	0	0	441	1
14250	NC_000009.12	9606	100	0	25	414	1
14253	unclassified	0	0	0	0	315	1
14255	unclassified	0	0	0	0	261	1
14252	unclassified	0	0	0	0	591	1
14257	unclassified	0	0	0	0	390	1
14254	unclassified	0	0	0	0	888	1
14256	unclassified	0	0	0	0	897	1
14261	unclassified	0	0	0	0	111	1
14259	unclassified	0	0	0	0	735	1
14258	unclassified	0	0	0	0	1113	1
14262	unclassified	0	0	0	0	336	1
14263	unclassified	0	0	0	0	102	1
14266	unclassified	0	0	0	0	132	1
14260	unclassified	0	0	0	0	894	1
14265	unclassified	0	0	0	0	759	1
14267	unclassified	0	0	0	0	663	1
14269	unclassified	0	0	0	0	369	1
14271	unclassified	0	0	0	0	237	1
14264	NC_000017.11	9606	64	0	23	1323	1
14270	cid|788	788	64	0	23	555	1
14273	unclassified	0	0	0	0	285	1
14272	unclassified	0	0	0	0	360	1
14275	unclassified	0	0	0	0	312	1
14277	unclassified	0	0	0	0	504	1
14276	unclassified	0	0	0	0	819	1
14268	unclassified	0	0	0	0	2367	1
14274	unclassified	0	0	0	0	1185	1
14280	unclassified	0	0	0	0	345	1
14281	unclassified	0	0	0	0	693	1
14278	unclassified	0	0	0	0	879	1
14279	unclassified	0	0	0	0	1008	1
14283	unclassified	0	0	0	0	306	1
14282	unclassified	0	0	0	0	747	1
14284	unclassified	0	0	0	0	675	1
14286	unclassified	0	0	0	0	540	1
14285	unclassified	0	0	0	0	882	1
14290	cid|1566358	1566358	100	0	25	540	1
14288	unclassified	0	0	0	0	852	1
14289	unclassified	0	0	0	0	861	1
14292	unclassified	0	0	0	0	147	1
14293	unclassified	0	0	0	0	195	1
14291	unclassified	0	0	0	0	408	1
14287	unclassified	0	0	0	0	1575	1
14294	unclassified	0	0	0	0	324	1
14295	unclassified	0	0	0	0	303	1
14296	unclassified	0	0	0	0	513	1
14297	unclassified	0	0	0	0	759	1
14298	unclassified	0	0	0	0	786	1
14301	unclassified	0	0	0	0	228	1
14299	unclassified	0	0	0	0	951	1
14303	unclassified	0	0	0	0	828	1
14300	unclassified	0	0	0	0	1692	1
14302	NC_000014.9	9606	169	0	28	1176	1
14306	unclassified	0	0	0	0	123	1
14305	unclassified	0	0	0	0	516	1
14304	unclassified	0	0	0	0	1767	1
14307	unclassified	0	0	0	0	840	1
14308	unclassified	0	0	0	0	807	1
14310	unclassified	0	0	0	0	237	1
14313	unclassified	0	0	0	0	171	1
14312	unclassified	0	0	0	0	273	1
14311	unclassified	0	0	0	0	279	1
14315	unclassified	0	0	0	0	183	1
14314	unclassified	0	0	0	0	384	1
14309	unclassified	0	0	0	0	1248	1
14316	unclassified	0	0	0	0	543	1
14317	unclassified	0	0	0	0	480	1
14321	unclassified	0	0	0	0	123	1
14320	unclassified	0	0	0	0	483	1
14319	unclassified	0	0	0	0	669	1
14322	unclassified	0	0	0	0	357	1
14318	unclassified	0	0	0	0	819	1
14326	unclassified	0	0	0	0	462	1
14323	unclassified	0	0	0	0	765	1
14325	unclassified	0	0	0	0	867	1
14329	unclassified	0	0	0	0	330	1
14327	unclassified	0	0	0	0	786	1
14324	unclassified	0	0	0	0	1419	1
14330	unclassified	0	0	0	0	441	1
14333	unclassified	0	0	0	0	213	1
14328	unclassified	0	0	0	0	1455	1
14332	unclassified	0	0	0	0	732	1
14334	unclassified	0	0	0	0	504	1
14336	unclassified	0	0	0	0	201	1
14335	unclassified	0	0	0	0	345	1
14337	unclassified	0	0	0	0	381	1
14338	unclassified	0	0	0	0	672	1
14331	cid|1580092	1580092	144	144	27	1704	2
14331	cid|294671	294671	144	144	27	1704	2
14341	unclassified	0	0	0	0	297	1
14340	unclassified	0	0	0	0	996	1
14343	unclassified	0	0	0	0	402	1
14345	cid|1236179	1236179	64	0	23	93	1
14339	unclassified	0	0	0	0	1446	1
14344	unclassified	0	0	0	0	285	1
14342	unclassified	0	0	0	0	636	1
14346	unclassified	0	0	0	0	219	1
14348	unclassified	0	0	0	0	162	1
14349	unclassified	0	0	0	0	237	1
14351	unclassified	0	0	0	0	144	1
14352	unclassified	0	0	0	0	135	1
14347	unclassified	0	0	0	0	516	1
14353	unclassified	0	0	0	0	276	1
14350	unclassified	0	0	0	0	522	1
14354	unclassified	0	0	0	0	336	1
14356	unclassified	0	0	0	0	270	1
14357	unclassified	0	0	0	0	216	1
14355	unclassified	0	0	0	0	456	1
14358	cid|1664069	1664069	64	0	23	573	1
14359	NC_030874.1	1788435	64	0	23	561	1
14360	unclassified	0	0	0	0	819	1
14362	unclassified	0	0	0	0	888	1
14364	unclassified	0	0	0	0	396	1
14365	unclassified	0	0	0	0	633	1
14363	unclassified	0	0	0	0	1164	1
14361	unclassified	0	0	0	0	1893	1
14369	unclassified	0	0	0	0	564	1
14368	unclassified	0	0	0	0	1047	1
14370	unclassified	0	0	0	0	867	1
14366	unclassified	0	0	0	0	2166	1
14371	unclassified	0	0	0	0	1188	1
14374	unclassified	0	0	0	0	144	1
14372	unclassified	0	0	0	0	957	1
14373	unclassified	0	0	0	0	1290	1
14375	unclassified	0	0	0	0	690	1
14367	cid|1736674	1736674	100	0	25	2730	1
14376	unclassified	0	0	0	0	921	1
14377	unclassified	0	0	0	0	1053	1
14380	unclassified	0	0	0	0	720	1
14382	unclassified	0	0	0	0	201	1
14381	unclassified	0	0	0	0	396	1
14383	unclassified	0	0	0	0	195	1
14385	unclassified	0	0	0	0	366	1
14378	NC_020104.1	1269028	169	169	28	1767	2
14378	cid|1014	1014	169	169	28	1767	2
14384	unclassified	0	0	0	0	609	1
14379	unclassified	0	0	0	0	1923	1
14386	unclassified	0	0	0	0	267	1
14390	unclassified	0	0	0	0	633	1
14387	unclassified	0	0	0	0	903	1
14391	cid|61624	61624	169	0	28	360	1
14388	unclassified	0	0	0	0	1143	1
14392	unclassified	0	0	0	0	507	1
14395	unclassified	0	0	0	0	390	1
14393	cid|2261	2261	81	0	24	444	1
14397	unclassified	0	0	0	0	219	1
14389	cid|1731	1731	196	64	29	1878	1
14394	NC_000002.12	9606	64	0	23	1098	1
14396	unclassified	0	0	0	0	990	1
14401	unclassified	0	0	0	0	423	1
14400	unclassified	0	0	0	0	840	1
14398	unclassified	0	0	0	0	1371	1
14402	unclassified	0	0	0	0	255	1
14399	unclassified	0	0	0	0	1443	1
14405	unclassified	0	0	0	0	312	1
14407	unclassified	0	0	0	0	189	1
14408	unclassified	0	0	0	0	171	1
14404	unclassified	0	0	0	0	777	1
14403	unclassified	0	0	0	0	1020	1
14409	unclassified	0	0	0	0	399	1
14410	unclassified	0	0	0	0	408	1
14406	unclassified	0	0	0	0	1179	1
14411	unclassified	0	0	0	0	732	1
14413	unclassified	0	0	0	0	498	1
14412	unclassified	0	0	0	0	669	1
14414	unclassified	0	0	0	0	552	1
14417	unclassified	0	0	0	0	474	1
14415	unclassified	0	0	0	0	690	1
14419	unclassified	0	0	0	0	99	1
14421	unclassified	0	0	0	0	126	1
14416	unclassified	0	0	0	0	1026	1
14418	unclassified	0	0	0	0	984	1
14420	unclassified	0	0	0	0	714	1
14422	unclassified	0	0	0	0	906	1
14425	unclassified	0	0	0	0	675	1
14424	unclassified	0	0	0	0	969	1
14423	cid|1196095	1196095	64	0	23	1026	1
14426	unclassified	0	0	0	0	897	1
14429	unclassified	0	0	0	0	765	1
14427	cid|1496	1496	64	0	23	939	1
14428	unclassified	0	0	0	0	1062	1
14430	unclassified	0	0	0	0	972	1
14432	unclassified	0	0	0	0	651	1
14435	unclassified	0	0	0	0	186	1
14431	unclassified	0	0	0	0	1011	1
14434	unclassified	0	0	0	0	417	1
14433	unclassified	0	0	0	0	813	1
14437	unclassified	0	0	0	0	144	1
14440	unclassified	0	0	0	0	114	1
14441	unclassified	0	0	0	0	522	1
14436	unclassified	0	0	0	0	1077	1
14442	unclassified	0	0	0	0	468	1
14438	unclassified	0	0	0	0	1341	1
14439	unclassified	0	0	0	0	1416	1
14444	unclassified	0	0	0	0	324	1
14443	NC_000005.10	9606	64	0	23	573	1
14447	unclassified	0	0	0	0	321	1
14446	cid|1542	1542	64	0	23	372	1
14449	unclassified	0	0	0	0	372	1
14448	unclassified	0	0	0	0	585	1
14451	unclassified	0	0	0	0	195	1
14452	unclassified	0	0	0	0	408	1
14445	unclassified	0	0	0	0	1404	1
14453	unclassified	0	0	0	0	375	1
14456	unclassified	0	0	0	0	279	1
14455	unclassified	0	0	0	0	381	1
14450	unclassified	0	0	0	0	1263	1
14458	unclassified	0	0	0	0	216	1
14454	unclassified	0	0	0	0	867	1
14457	unclassified	0	0	0	0	468	1
14459	unclassified	0	0	0	0	594	1
14463	unclassified	0	0	0	0	270	1
14460	unclassified	0	0	0	0	789	1
14462	cid|1834200	1834200	121	0	26	639	1
14461	unclassified	0	0	0	0	735	1
14466	unclassified	0	0	0	0	798	1
14464	unclassified	0	0	0	0	996	1
14468	unclassified	0	0	0	0	210	1
14467	unclassified	0	0	0	0	1089	1
14469	unclassified	0	0	0	0	252	1
14465	unclassified	0	0	0	0	1608	1
14471	unclassified	0	0	0	0	441	1
14470	unclassified	0	0	0	0	615	1
14473	unclassified	0	0	0	0	198	1
14475	unclassified	0	0	0	0	72	1
14474	unclassified	0	0	0	0	183	1
14472	unclassified	0	0	0	0	651	1
14478	unclassified	0	0	0	0	369	1
14477	unclassified	0	0	0	0	462	1
14479	unclassified	0	0	0	0	549	1
14476	unclassified	0	0	0	0	924	1
14480	unclassified	0	0	0	0	816	1
14481	unclassified	0	0	0	0	900	1
14483	unclassified	0	0	0	0	657	1
14484	unclassified	0	0	0	0	450	1
14482	NC_000010.11	9606	121	0	26	1107	1
14487	unclassified	0	0	0	0	309	1
14486	unclassified	0	0	0	0	801	1
14488	unclassified	0	0	0	0	1056	1
14485	NC_000006.12	9606	64	0	23	1731	1
14491	unclassified	0	0	0	0	222	1
14489	unclassified	0	0	0	0	1398	1
14492	unclassified	0	0	0	0	438	1
14490	unclassified	0	0	0	0	1434	1
14496	unclassified	0	0	0	0	141	1
14493	unclassified	0	0	0	0	747	1
14495	unclassified	0	0	0	0	438	1
14499	unclassified	0	0	0	0	201	1
14497	unclassified	0	0	0	0	360	1
14500	unclassified	0	0	0	0	351	1
14494	unclassified	0	0	0	0	1245	1
14498	unclassified	0	0	0	0	1272	1
14503	unclassified	0	0	0	0	582	1
14505	unclassified	0	0	0	0	381	1
14502	unclassified	0	0	0	0	1557	1
14507	unclassified	0	0	0	0	213	1
14501	unclassified	0	0	0	0	2130	1
14506	unclassified	0	0	0	0	729	1
14508	unclassified	0	0	0	0	270	1
14511	unclassified	0	0	0	0	258	1
14509	unclassified	0	0	0	0	486	1
14504	cid|184064	184064	289	0	32	1611	1
14512	NC_000001.11	9606	81	0	24	891	1
14513	NC_000006.12	9606	64	0	23	1278	1
14514	unclassified	0	0	0	0	1020	1
14516	unclassified	0	0	0	0	117	1
14518	unclassified	0	0	0	0	591	1
14510	cid|57029	57029	81	64	24	1992	1
14519	unclassified	0	0	0	0	162	1
14515	NC_000002.12	9606	64	0	23	1377	1
14517	NC_000012.12	9606	64	0	23	1044	1
14523	unclassified	0	0	0	0	411	1
14522	unclassified	0	0	0	0	630	1
14520	NC_000003.12	9606	64	0	23	1065	1
14524	unclassified	0	0	0	0	528	1
14525	unclassified	0	0	0	0	624	1
14527	unclassified	0	0	0	0	555	1
14526	unclassified	0	0	0	0	825	1
14521	cid|241425	241425	121	121	26	1773	3
14521	cid|1647413	1647413	121	121	26	1773	3
14521	cid|1148	1148	121	121	26	1773	3
14528	unclassified	0	0	0	0	684	1
14529	unclassified	0	0	0	0	480	1
14530	unclassified	0	0	0	0	483	1
14533	unclassified	0	0	0	0	264	1
14534	unclassified	0	0	0	0	900	1
14535	cid|28901	28901	64	0	23	834	1
14531	cid|100901	100901	676	676	41	1176	2
14531	cid|77551	77551	676	676	41	1176	2
14536	unclassified	0	0	0	0	468	1
14538	unclassified	0	0	0	0	543	1
14532	cid|1497	1497	100	100	25	1854	4
14532	cid|1492	1492	100	100	25	1854	4
14532	cid|100379	100379	100	100	25	1854	4
14532	cid|1850246	1850246	100	100	25	1854	4
14540	unclassified	0	0	0	0	552	1
14537	unclassified	0	0	0	0	1341	1
14539	cid|1563	1563	121	81	26	987	1
14542	unclassified	0	0	0	0	309	1
14544	unclassified	0	0	0	0	531	1
14545	unclassified	0	0	0	0	666	1
14543	cid|1229909	1229909	121	0	26	858	1
14546	unclassified	0	0	0	0	537	1
14547	unclassified	0	0	0	0	537	1
14550	unclassified	0	0	0	0	231	1
14541	unclassified	0	0	0	0	1851	1
14551	cid|670	670	64	0	23	129	1
14549	unclassified	0	0	0	0	756	1
14552	unclassified	0	0	0	0	444	1
14553	unclassified	0	0	0	0	486	1
14548	unclassified	0	0	0	0	1299	1
14554	unclassified	0	0	0	0	321	1
14556	unclassified	0	0	0	0	219	1
14555	unclassified	0	0	0	0	291	1
14558	unclassified	0	0	0	0	147	1
14557	unclassified	0	0	0	0	207	1
14560	unclassified	0	0	0	0	327	1
14562	unclassified	0	0	0	0	237	1
14561	unclassified	0	0	0	0	333	1
14563	unclassified	0	0	0	0	198	1
14564	unclassified	0	0	0	0	255	1
14559	unclassified	0	0	0	0	660	1
14567	unclassified	0	0	0	0	240	1
14568	unclassified	0	0	0	0	270	1
14569	unclassified	0	0	0	0	111	1
14566	unclassified	0	0	0	0	417	1
14565	unclassified	0	0	0	0	717	1
14572	unclassified	0	0	0	0	822	1
14571	unclassified	0	0	0	0	924	1
14570	unclassified	0	0	0	0	1089	1
14575	unclassified	0	0	0	0	474	1
14573	unclassified	0	0	0	0	1341	1
14574	unclassified	0	0	0	0	783	1
14579	unclassified	0	0	0	0	291	1
14576	unclassified	0	0	0	0	1008	1
14580	unclassified	0	0	0	0	264	1
14581	unclassified	0	0	0	0	207	1
14577	unclassified	0	0	0	0	1029	1
14582	unclassified	0	0	0	0	270	1
14578	unclassified	0	0	0	0	882	1
14583	unclassified	0	0	0	0	348	1
14587	unclassified	0	0	0	0	222	1
14586	unclassified	0	0	0	0	486	1
14585	unclassified	0	0	0	0	585	1
14584	unclassified	0	0	0	0	696	1
14589	unclassified	0	0	0	0	93	1
14592	unclassified	0	0	0	0	282	1
14590	unclassified	0	0	0	0	426	1
14588	unclassified	0	0	0	0	834	1
14594	unclassified	0	0	0	0	120	1
14591	unclassified	0	0	0	0	852	1
14597	unclassified	0	0	0	0	87	1
14593	unclassified	0	0	0	0	924	1
14596	unclassified	0	0	0	0	930	1
14599	unclassified	0	0	0	0	561	1
14595	unclassified	0	0	0	0	1254	1
14601	unclassified	0	0	0	0	285	1
14603	unclassified	0	0	0	0	168	1
14600	unclassified	0	0	0	0	1020	1
14598	unclassified	0	0	0	0	1617	1
14604	unclassified	0	0	0	0	249	1
14607	unclassified	0	0	0	0	129	1
14605	unclassified	0	0	0	0	285	1
14602	unclassified	0	0	0	0	978	1
14608	unclassified	0	0	0	0	261	1
14609	unclassified	0	0	0	0	315	1
14611	unclassified	0	0	0	0	198	1
14606	unclassified	0	0	0	0	744	1
14614	unclassified	0	0	0	0	147	1
14610	unclassified	0	0	0	0	609	1
14613	unclassified	0	0	0	0	369	1
14616	unclassified	0	0	0	0	279	1
14617	unclassified	0	0	0	0	327	1
14618	unclassified	0	0	0	0	450	1
14615	unclassified	0	0	0	0	882	1
14620	unclassified	0	0	0	0	267	1
14612	cid|477693	477693	100	0	25	1257	1
14622	unclassified	0	0	0	0	558	1
14623	cid|1229909	1229909	81	0	24	564	1
14624	unclassified	0	0	0	0	288	1
14619	unclassified	0	0	0	0	1449	1
14621	unclassified	0	0	0	0	1287	1
14626	unclassified	0	0	0	0	402	1
14625	unclassified	0	0	0	0	651	1
14627	unclassified	0	0	0	0	435	1
14630	unclassified	0	0	0	0	201	1
14629	unclassified	0	0	0	0	231	1
14631	unclassified	0	0	0	0	153	1
14634	unclassified	0	0	0	0	411	1
14632	unclassified	0	0	0	0	672	1
14628	cid|57029	57029	81	0	24	1014	1
14636	unclassified	0	0	0	0	234	1
14638	unclassified	0	0	0	0	213	1
14639	unclassified	0	0	0	0	321	1
14637	cid|78327	78327	144	0	27	780	1
14633	unclassified	0	0	0	0	1677	1
14642	unclassified	0	0	0	0	639	1
14640	NC_000005.10	9606	121	0	26	924	1
14641	unclassified	0	0	0	0	1050	1
14635	NC_000023.11	9606	121	121	26	1878	2
14635	NC_000009.12	9606	121	121	26	1878	2
14643	unclassified	0	0	0	0	735	1
14646	unclassified	0	0	0	0	462	1
14645	NC_000002.12	9606	81	81	24	519	3
14645	NC_000011.10	9606	81	81	24	519	3
14645	NC_000007.14	9606	81	81	24	519	3
14644	unclassified	0	0	0	0	777	1
14649	unclassified	0	0	0	0	210	1
14647	unclassified	0	0	0	0	594	1
14648	unclassified	0	0	0	0	564	1
14653	unclassified	0	0	0	0	210	1
14650	unclassified	0	0	0	0	663	1
14651	unclassified	0	0	0	0	684	1
14654	unclassified	0	0	0	0	504	1
14656	unclassified	0	0	0	0	465	1
14655	unclassified	0	0	0	0	798	1
14657	unclassified	0	0	0	0	702	1
14658	unclassified	0	0	0	0	609	1
14661	NC_000005.10	9606	196	0	29	288	1
14659	NC_000013.11	9606	64	0	23	762	1
14660	unclassified	0	0	0	0	687	1
14662	unclassified	0	0	0	0	267	1
14664	unclassified	0	0	0	0	219	1
14652	unclassified	0	0	0	0	2274	1
14663	unclassified	0	0	0	0	627	1
14668	unclassified	0	0	0	0	237	1
14667	unclassified	0	0	0	0	495	1
14670	unclassified	0	0	0	0	489	1
14669	unclassified	0	0	0	0	612	1
14666	unclassified	0	0	0	0	1104	1
14671	unclassified	0	0	0	0	174	1
14665	cid|375286	375286	81	0	24	1389	1
14675	unclassified	0	0	0	0	204	1
14672	unclassified	0	0	0	0	306	1
14673	unclassified	0	0	0	0	630	1
14674	unclassified	0	0	0	0	600	1
14676	unclassified	0	0	0	0	483	1
14679	unclassified	0	0	0	0	378	1
14680	unclassified	0	0	0	0	270	1
14681	unclassified	0	0	0	0	102	1
14677	unclassified	0	0	0	0	882	1
14682	unclassified	0	0	0	0	366	1
14685	unclassified	0	0	0	0	108	1
14684	unclassified	0	0	0	0	861	1
14686	unclassified	0	0	0	0	771	1
14683	unclassified	0	0	0	0	1200	1
14678	unclassified	0	0	0	0	1806	1
14689	unclassified	0	0	0	0	210	1
14690	unclassified	0	0	0	0	264	1
14687	cid|42879	42879	64	0	23	960	1
14693	unclassified	0	0	0	0	297	1
14694	unclassified	0	0	0	0	111	1
14688	cid|1295	1295	100	0	25	1227	1
14695	unclassified	0	0	0	0	294	1
14691	unclassified	0	0	0	0	1107	1
14697	unclassified	0	0	0	0	408	1
14698	cid|1410606	1410606	225	0	30	606	1
14692	unclassified	0	0	0	0	1629	1
14699	unclassified	0	0	0	0	555	1
14701	unclassified	0	0	0	0	444	1
14702	unclassified	0	0	0	0	366	1
14700	unclassified	0	0	0	0	933	1
14696	unclassified	0	0	0	0	2382	1
14704	unclassified	0	0	0	0	1206	1
14703	unclassified	0	0	0	0	1371	1
14705	unclassified	0	0	0	0	1056	1
14706	unclassified	0	0	0	0	606	1
14710	unclassified	0	0	0	0	153	1
14711	unclassified	0	0	0	0	204	1
14708	unclassified	0	0	0	0	672	1
14707	unclassified	0	0	0	0	741	1
14709	unclassified	0	0	0	0	849	1
14714	unclassified	0	0	0	0	261	1
14716	unclassified	0	0	0	0	195	1
14715	unclassified	0	0	0	0	606	1
14712	unclassified	0	0	0	0	1281	1
14717	NC_000003.12	9606	64	0	23	804	1
14718	unclassified	0	0	0	0	534	1
14720	unclassified	0	0	0	0	108	1
14713	unclassified	0	0	0	0	1392	1
14719	unclassified	0	0	0	0	270	1
14723	unclassified	0	0	0	0	201	1
14721	unclassified	0	0	0	0	333	1
14725	unclassified	0	0	0	0	204	1
14724	cid|484429	484429	64	0	23	399	1
14727	unclassified	0	0	0	0	189	1
14722	unclassified	0	0	0	0	1074	1
14729	cid|82076	82076	64	0	23	666	1
14728	unclassified	0	0	0	0	849	1
14726	unclassified	0	0	0	0	1455	1
14730	unclassified	0	0	0	0	978	1
14731	unclassified	0	0	0	0	735	1
14732	unclassified	0	0	0	0	747	1
14736	unclassified	0	0	0	0	165	1
14734	unclassified	0	0	0	0	276	1
14735	unclassified	0	0	0	0	384	1
14737	unclassified	0	0	0	0	327	1
14740	unclassified	0	0	0	0	129	1
14741	unclassified	0	0	0	0	159	1
14733	cid|29554	29554	81	0	24	1299	1
14738	unclassified	0	0	0	0	642	1
14742	unclassified	0	0	0	0	747	1
14739	unclassified	0	0	0	0	1056	1
14743	unclassified	0	0	0	0	822	1
14746	unclassified	0	0	0	0	432	1
14748	unclassified	0	0	0	0	294	1
14744	cid|944547	944547	81	81	24	1077	2
14744	cid|69966	69966	81	81	24	1077	2
14747	unclassified	0	0	0	0	678	1
14750	unclassified	0	0	0	0	318	1
14749	NT_187660.1	9606	81	81	24	489	3
14749	NW_011332701.1	9606	81	81	24	489	3
14749	NC_000015.10	9606	81	81	24	489	3
14745	unclassified	0	0	0	0	1440	1
14751	unclassified	0	0	0	0	714	1
14752	unclassified	0	0	0	0	570	1
14756	unclassified	0	0	0	0	375	1
14755	unclassified	0	0	0	0	693	1
14754	unclassified	0	0	0	0	1224	1
14759	unclassified	0	0	0	0	267	1
14753	unclassified	0	0	0	0	1650	1
14757	cid|1304	1304	64	0	23	777	1
14761	unclassified	0	0	0	0	516	1
14760	unclassified	0	0	0	0	561	1
14764	unclassified	0	0	0	0	348	1
14765	unclassified	0	0	0	0	135	1
14762	unclassified	0	0	0	0	1035	1
14767	unclassified	0	0	0	0	579	1
14763	cid|79209	79209	64	0	23	1458	1
14766	unclassified	0	0	0	0	1260	1
14769	unclassified	0	0	0	0	441	1
14770	cid|1410606	1410606	100	0	25	348	1
14772	unclassified	0	0	0	0	318	1
14768	unclassified	0	0	0	0	1428	1
14758	cid|142877	142877	64	0	23	3561	1
14774	unclassified	0	0	0	0	822	1
14775	unclassified	0	0	0	0	441	1
14773	unclassified	0	0	0	0	1233	1
14771	unclassified	0	0	0	0	1866	1
14776	cid|396	396	64	64	23	759	2
14776	cid|190893	190893	64	64	23	759	2
14778	unclassified	0	0	0	0	540	1
14779	unclassified	0	0	0	0	414	1
14777	cid|253245	253245	81	0	24	1176	1
14783	unclassified	0	0	0	0	291	1
14780	cid|1624	1624	64	0	23	726	1
14785	unclassified	0	0	0	0	420	1
14784	unclassified	0	0	0	0	816	1
14782	cid|67760	67760	100	64	25	1440	1
14786	unclassified	0	0	0	0	726	1
14787	unclassified	0	0	0	0	660	1
14781	unclassified	0	0	0	0	2190	1
14788	unclassified	0	0	0	0	852	1
14791	unclassified	0	0	0	0	294	1
14792	unclassified	0	0	0	0	408	1
14789	unclassified	0	0	0	0	996	1
14790	unclassified	0	0	0	0	819	1
14793	unclassified	0	0	0	0	474	1
14795	unclassified	0	0	0	0	204	1
14797	unclassified	0	0	0	0	336	1
14796	unclassified	0	0	0	0	333	1
14798	unclassified	0	0	0	0	435	1
14800	unclassified	0	0	0	0	210	1
14794	unclassified	0	0	0	0	744	1
14803	unclassified	0	0	0	0	222	1
14799	NC_000016.10	9606	81	0	24	444	1
14802	unclassified	0	0	0	0	453	1
14804	unclassified	0	0	0	0	255	1
14805	unclassified	0	0	0	0	228	1
14806	unclassified	0	0	0	0	114	1
14807	unclassified	0	0	0	0	411	1
14810	unclassified	0	0	0	0	171	1
14809	unclassified	0	0	0	0	819	1
14801	unclassified	0	0	0	0	1506	1
14808	unclassified	0	0	0	0	1332	1
14813	unclassified	0	0	0	0	504	1
14814	unclassified	0	0	0	0	195	1
14815	unclassified	0	0	0	0	369	1
14811	cid|329	329	100	0	25	1272	1
14816	cid|19	19	121	0	26	510	1
14812	NC_000006.12	9606	64	0	23	1644	1
14818	unclassified	0	0	0	0	684	1
14820	unclassified	0	0	0	0	180	1
14817	unclassified	0	0	0	0	924	1
14819	cid|1280	1280	81	81	24	1209	2
14819	cid|2190	2190	81	81	24	1209	2
14821	unclassified	0	0	0	0	861	1
14823	unclassified	0	0	0	0	804	1
14822	unclassified	0	0	0	0	1080	1
14825	unclassified	0	0	0	0	429	1
14827	unclassified	0	0	0	0	168	1
14824	unclassified	0	0	0	0	1182	1
14828	unclassified	0	0	0	0	873	1
14826	unclassified	0	0	0	0	1206	1
14829	unclassified	0	0	0	0	1050	1
14832	unclassified	0	0	0	0	297	1
14833	unclassified	0	0	0	0	324	1
14830	unclassified	0	0	0	0	1068	1
14836	unclassified	0	0	0	0	264	1
14834	unclassified	0	0	0	0	951	1
14837	unclassified	0	0	0	0	306	1
14831	unclassified	0	0	0	0	1464	1
14835	unclassified	0	0	0	0	945	1
14840	unclassified	0	0	0	0	246	1
14838	unclassified	0	0	0	0	396	1
14839	unclassified	0	0	0	0	408	1
14843	unclassified	0	0	0	0	150	1
14844	unclassified	0	0	0	0	108	1
14841	unclassified	0	0	0	0	288	1
14847	unclassified	0	0	0	0	288	1
14846	unclassified	0	0	0	0	357	1
14848	unclassified	0	0	0	0	153	1
14842	unclassified	0	0	0	0	807	1
14850	unclassified	0	0	0	0	324	1
14852	unclassified	0	0	0	0	246	1
14849	unclassified	0	0	0	0	645	1
14845	unclassified	0	0	0	0	1134	1
14853	unclassified	0	0	0	0	216	1
14854	unclassified	0	0	0	0	336	1
14855	unclassified	0	0	0	0	270	1
14857	unclassified	0	0	0	0	135	1
14858	unclassified	0	0	0	0	168	1
14859	unclassified	0	0	0	0	180	1
14856	unclassified	0	0	0	0	483	1
14860	unclassified	0	0	0	0	276	1
14851	unclassified	0	0	0	0	1302	1
14861	unclassified	0	0	0	0	318	1
14865	unclassified	0	0	0	0	141	1
14863	unclassified	0	0	0	0	507	1
14864	unclassified	0	0	0	0	396	1
14862	unclassified	0	0	0	0	597	1
14866	unclassified	0	0	0	0	309	1
14868	unclassified	0	0	0	0	126	1
14867	unclassified	0	0	0	0	144	1
14869	unclassified	0	0	0	0	234	1
14872	unclassified	0	0	0	0	270	1
14871	unclassified	0	0	0	0	408	1
14873	unclassified	0	0	0	0	510	1
14875	unclassified	0	0	0	0	408	1
14876	unclassified	0	0	0	0	378	1
14877	unclassified	0	0	0	0	255	1
14878	unclassified	0	0	0	0	156	1
14870	unclassified	0	0	0	0	1224	1
14874	unclassified	0	0	0	0	1077	1
14881	unclassified	0	0	0	0	195	1
14882	unclassified	0	0	0	0	141	1
14880	unclassified	0	0	0	0	495	1
14879	unclassified	0	0	0	0	660	1
14884	unclassified	0	0	0	0	429	1
14885	unclassified	0	0	0	0	246	1
14887	unclassified	0	0	0	0	237	1
14886	unclassified	0	0	0	0	411	1
14883	unclassified	0	0	0	0	957	1
14889	unclassified	0	0	0	0	303	1
14892	unclassified	0	0	0	0	153	1
14891	unclassified	0	0	0	0	345	1
14888	unclassified	0	0	0	0	765	1
14895	unclassified	0	0	0	0	201	1
14890	unclassified	0	0	0	0	957	1
14893	NC_000012.12	9606	121	121	26	582	2
14893	NC_000004.12	9606	121	121	26	582	2
14894	unclassified	0	0	0	0	564	1
14897	unclassified	0	0	0	0	303	1
14899	unclassified	0	0	0	0	189	1
14898	unclassified	0	0	0	0	249	1
14896	unclassified	0	0	0	0	654	1
14901	unclassified	0	0	0	0	240	1
14900	unclassified	0	0	0	0	273	1
14902	unclassified	0	0	0	0	1110	1
14903	cid|1806905	1806905	64	0	23	1032	1
14905	NC_000002.12	9606	64	64	23	846	2
14905	cid|40576	40576	64	64	23	846	2
14906	unclassified	0	0	0	0	222	1
14907	unclassified	0	0	0	0	540	1
14909	unclassified	0	0	0	0	627	1
14904	unclassified	0	0	0	0	1851	1
14912	unclassified	0	0	0	0	273	1
14908	unclassified	0	0	0	0	1116	1
14910	cid|1410606	1410606	225	0	30	564	1
14911	unclassified	0	0	0	0	840	1
14915	unclassified	0	0	0	0	585	1
14914	unclassified	0	0	0	0	873	1
14916	unclassified	0	0	0	0	558	1
14913	unclassified	0	0	0	0	1053	1
14920	unclassified	0	0	0	0	261	1
14919	unclassified	0	0	0	0	522	1
14921	unclassified	0	0	0	0	198	1
14917	unclassified	0	0	0	0	924	1
14922	unclassified	0	0	0	0	411	1
14925	unclassified	0	0	0	0	120	1
14918	cid|1085624	1085624	64	0	23	1128	1
14926	unclassified	0	0	0	0	126	1
14928	unclassified	0	0	0	0	87	1
14929	unclassified	0	0	0	0	96	1
14927	unclassified	0	0	0	0	432	1
14923	unclassified	0	0	0	0	1113	1
14931	unclassified	0	0	0	0	147	1
14932	cid|1580092	1580092	121	0	26	345	1
14924	cid|628	628	81	0	24	1389	1
14930	NC_000013.11	9606	169	0	28	1386	1
14933	unclassified	0	0	0	0	1227	1
14936	unclassified	0	0	0	0	300	1
14934	unclassified	0	0	0	0	1350	1
14938	unclassified	0	0	0	0	804	1
14935	cid|66821	66821	81	0	24	1611	1
14939	NT_187420.1	9606	81	0	24	357	1
14940	unclassified	0	0	0	0	462	1
14942	unclassified	0	0	0	0	615	1
14944	unclassified	0	0	0	0	165	1
14945	unclassified	0	0	0	0	231	1
14946	unclassified	0	0	0	0	252	1
14943	unclassified	0	0	0	0	981	1
14937	cid|40754	40754	121	0	26	2118	1
14949	unclassified	0	0	0	0	147	1
14941	unclassified	0	0	0	0	1650	1
14948	NC_000015.10	9606	100	0	25	357	1
14952	NC_000001.11	9606	64	64	23	528	4
14952	NC_000004.12	9606	64	64	23	528	4
14952	NW_014040925.1	9606	64	64	23	528	4
14952	species	32630	64	64	23	528	4
14950	unclassified	0	0	0	0	1026	1
14947	unclassified	0	0	0	0	1308	1
14951	unclassified	0	0	0	0	1515	1
14955	unclassified	0	0	0	0	831	1
14954	unclassified	0	0	0	0	1035	1
14956	unclassified	0	0	0	0	285	1
14957	unclassified	0	0	0	0	363	1
14960	unclassified	0	0	0	0	174	1
14961	unclassified	0	0	0	0	93	1
14953	cid|1229909	1229909	100	0	25	1692	1
14958	unclassified	0	0	0	0	660	1
14962	unclassified	0	0	0	0	207	1
14963	unclassified	0	0	0	0	75	1
14959	unclassified	0	0	0	0	669	1
14964	unclassified	0	0	0	0	120	1
14966	unclassified	0	0	0	0	300	1
14968	unclassified	0	0	0	0	483	1
14967	unclassified	0	0	0	0	723	1
14970	unclassified	0	0	0	0	294	1
14969	unclassified	0	0	0	0	522	1
14965	unclassified	0	0	0	0	939	1
14974	unclassified	0	0	0	0	384	1
14973	unclassified	0	0	0	0	540	1
14972	unclassified	0	0	0	0	681	1
14976	unclassified	0	0	0	0	141	1
14975	unclassified	0	0	0	0	363	1
14977	NC_000004.12	9606	81	0	24	240	1
14979	unclassified	0	0	0	0	120	1
14971	unclassified	0	0	0	0	1245	1
14978	unclassified	0	0	0	0	570	1
14982	unclassified	0	0	0	0	543	1
14981	unclassified	0	0	0	0	1038	1
14985	unclassified	0	0	0	0	162	1
14986	unclassified	0	0	0	0	150	1
14984	unclassified	0	0	0	0	615	1
14983	unclassified	0	0	0	0	1272	1
14980	unclassified	0	0	0	0	1584	1
14990	unclassified	0	0	0	0	105	1
14988	unclassified	0	0	0	0	651	1
14989	unclassified	0	0	0	0	711	1
14992	unclassified	0	0	0	0	363	1
14991	cid|246432	246432	64	0	23	723	1
14987	unclassified	0	0	0	0	1314	1
14994	unclassified	0	0	0	0	417	1
14996	unclassified	0	0	0	0	123	1
14998	unclassified	0	0	0	0	144	1
14995	unclassified	0	0	0	0	516	1
14997	unclassified	0	0	0	0	237	1
15001	unclassified	0	0	0	0	84	1
15002	unclassified	0	0	0	0	153	1
15000	NC_000006.12	9606	64	0	23	621	1
15003	unclassified	0	0	0	0	537	1
14993	NC_000008.11	9606	64	0	23	1632	1
14999	unclassified	0	0	0	0	1413	1
15006	unclassified	0	0	0	0	480	1
15004	unclassified	0	0	0	0	1275	1
15008	cid|77038	77038	121	0	26	396	1
15007	unclassified	0	0	0	0	564	1
15005	cid|135735	135735	100	0	25	1182	1
15010	unclassified	0	0	0	0	471	1
15011	unclassified	0	0	0	0	582	1
15009	unclassified	0	0	0	0	738	1
15013	unclassified	0	0	0	0	372	1
15015	unclassified	0	0	0	0	210	1
15014	unclassified	0	0	0	0	354	1
15012	unclassified	0	0	0	0	891	1
15019	unclassified	0	0	0	0	228	1
15017	unclassified	0	0	0	0	459	1
15020	unclassified	0	0	0	0	252	1
15021	unclassified	0	0	0	0	279	1
15016	NC_006966.1	305674	100	0	25	804	1
15018	unclassified	0	0	0	0	729	1
15022	unclassified	0	0	0	0	174	1
15024	unclassified	0	0	0	0	237	1
15023	unclassified	0	0	0	0	294	1
15025	unclassified	0	0	0	0	225	1
15026	unclassified	0	0	0	0	366	1
15029	unclassified	0	0	0	0	249	1
15028	unclassified	0	0	0	0	678	1
15027	unclassified	0	0	0	0	711	1
15031	unclassified	0	0	0	0	528	1
15032	unclassified	0	0	0	0	531	1
15034	unclassified	0	0	0	0	216	1
15030	unclassified	0	0	0	0	954	1
15036	unclassified	0	0	0	0	168	1
15033	unclassified	0	0	0	0	750	1
15039	unclassified	0	0	0	0	411	1
15037	cid|97084	97084	64	0	23	732	1
15035	unclassified	0	0	0	0	975	1
15040	unclassified	0	0	0	0	321	1
15041	unclassified	0	0	0	0	642	1
15044	unclassified	0	0	0	0	273	1
15042	unclassified	0	0	0	0	918	1
15043	unclassified	0	0	0	0	966	1
15038	cid|384	384	256	225	31	1701	1
15045	unclassified	0	0	0	0	513	1
15048	unclassified	0	0	0	0	90	1
15050	unclassified	0	0	0	0	258	1
15051	unclassified	0	0	0	0	321	1
15047	unclassified	0	0	0	0	1032	1
15046	unclassified	0	0	0	0	1191	1
15052	unclassified	0	0	0	0	513	1
15055	unclassified	0	0	0	0	108	1
15049	unclassified	0	0	0	0	1419	1
15056	unclassified	0	0	0	0	264	1
15054	unclassified	0	0	0	0	570	1
15059	unclassified	0	0	0	0	204	1
15060	unclassified	0	0	0	0	189	1
15058	unclassified	0	0	0	0	591	1
15057	unclassified	0	0	0	0	852	1
15053	unclassified	0	0	0	0	1311	1
15063	unclassified	0	0	0	0	240	1
15061	unclassified	0	0	0	0	741	1
15064	unclassified	0	0	0	0	420	1
15065	unclassified	0	0	0	0	333	1
15066	unclassified	0	0	0	0	240	1
15067	unclassified	0	0	0	0	213	1
15069	unclassified	0	0	0	0	399	1
15070	cid|851	851	64	0	23	342	1
15062	unclassified	0	0	0	0	1374	1
15071	unclassified	0	0	0	0	255	1
15073	unclassified	0	0	0	0	183	1
15072	unclassified	0	0	0	0	354	1
15068	unclassified	0	0	0	0	831	1
15077	unclassified	0	0	0	0	126	1
15075	unclassified	0	0	0	0	357	1
15079	unclassified	0	0	0	0	126	1
15078	unclassified	0	0	0	0	564	1
15076	unclassified	0	0	0	0	834	1
15081	unclassified	0	0	0	0	189	1
15074	unclassified	0	0	0	0	1041	1
15080	unclassified	0	0	0	0	606	1
15082	unclassified	0	0	0	0	411	1
15084	unclassified	0	0	0	0	255	1
15086	unclassified	0	0	0	0	135	1
15088	unclassified	0	0	0	0	198	1
15089	unclassified	0	0	0	0	159	1
15083	unclassified	0	0	0	0	984	1
15090	unclassified	0	0	0	0	573	1
15085	unclassified	0	0	0	0	1326	1
15093	unclassified	0	0	0	0	63	1
15087	unclassified	0	0	0	0	1269	1
15094	unclassified	0	0	0	0	165	1
15092	unclassified	0	0	0	0	729	1
15097	unclassified	0	0	0	0	216	1
15098	unclassified	0	0	0	0	246	1
15099	unclassified	0	0	0	0	147	1
15100	unclassified	0	0	0	0	255	1
15101	unclassified	0	0	0	0	219	1
15096	unclassified	0	0	0	0	1626	1
15103	unclassified	0	0	0	0	150	1
15095	unclassified	0	0	0	0	2154	1
15104	unclassified	0	0	0	0	300	1
15106	unclassified	0	0	0	0	666	1
15105	unclassified	0	0	0	0	885	1
15091	NC_000008.11	9606	121	121	26	3156	2
15091	NC_000019.10	9606	121	121	26	3156	2
15107	unclassified	0	0	0	0	450	1
15109	unclassified	0	0	0	0	312	1
15108	unclassified	0	0	0	0	498	1
15102	unclassified	0	0	0	0	1905	1
15110	unclassified	0	0	0	0	360	1
15112	unclassified	0	0	0	0	144	1
15111	unclassified	0	0	0	0	558	1
15114	unclassified	0	0	0	0	657	1
15116	unclassified	0	0	0	0	375	1
15113	unclassified	0	0	0	0	846	1
15118	unclassified	0	0	0	0	564	1
15120	unclassified	0	0	0	0	303	1
15117	unclassified	0	0	0	0	897	1
15121	unclassified	0	0	0	0	585	1
15119	unclassified	0	0	0	0	1395	1
15123	unclassified	0	0	0	0	288	1
15122	unclassified	0	0	0	0	849	1
15115	unclassified	0	0	0	0	2361	1
15124	unclassified	0	0	0	0	180	1
15125	unclassified	0	0	0	0	210	1
15127	unclassified	0	0	0	0	201	1
15126	unclassified	0	0	0	0	333	1
15131	unclassified	0	0	0	0	144	1
15130	unclassified	0	0	0	0	336	1
15128	unclassified	0	0	0	0	522	1
15129	unclassified	0	0	0	0	666	1
15134	unclassified	0	0	0	0	522	1
15132	unclassified	0	0	0	0	660	1
15135	unclassified	0	0	0	0	345	1
15133	unclassified	0	0	0	0	753	1
15136	unclassified	0	0	0	0	333	1
15137	unclassified	0	0	0	0	492	1
15138	unclassified	0	0	0	0	531	1
15141	unclassified	0	0	0	0	318	1
15142	unclassified	0	0	0	0	309	1
15140	unclassified	0	0	0	0	765	1
15144	unclassified	0	0	0	0	345	1
15139	unclassified	0	0	0	0	1122	1
15145	unclassified	0	0	0	0	423	1
15143	unclassified	0	0	0	0	744	1
15146	unclassified	0	0	0	0	582	1
15150	unclassified	0	0	0	0	243	1
15148	unclassified	0	0	0	0	555	1
15147	unclassified	0	0	0	0	795	1
15149	unclassified	0	0	0	0	765	1
15153	unclassified	0	0	0	0	228	1
15152	cid|644281	644281	64	64	23	486	2
15152	cid|28197	28197	64	64	23	486	2
15154	unclassified	0	0	0	0	480	1
15155	unclassified	0	0	0	0	597	1
15156	unclassified	0	0	0	0	711	1
15157	unclassified	0	0	0	0	570	1
15151	cid|986	986	64	0	23	1278	1
15158	unclassified	0	0	0	0	591	1
15161	unclassified	0	0	0	0	291	1
15160	cid|2350	2350	64	0	23	615	1
15159	unclassified	0	0	0	0	723	1
15163	unclassified	0	0	0	0	567	1
15164	unclassified	0	0	0	0	237	1
15165	unclassified	0	0	0	0	252	1
15162	unclassified	0	0	0	0	1335	1
15167	unclassified	0	0	0	0	600	1
15168	cid|169679	169679	100	100	25	495	2
15168	cid|28199	28199	100	100	25	495	2
15171	unclassified	0	0	0	0	159	1
15170	unclassified	0	0	0	0	285	1
15169	unclassified	0	0	0	0	495	1
15174	unclassified	0	0	0	0	117	1
15166	unclassified	0	0	0	0	1152	1
15173	unclassified	0	0	0	0	366	1
15175	unclassified	0	0	0	0	426	1
15178	unclassified	0	0	0	0	342	1
15176	unclassified	0	0	0	0	1101	1
15179	unclassified	0	0	0	0	432	1
15177	unclassified	0	0	0	0	1167	1
15182	unclassified	0	0	0	0	198	1
15172	unclassified	0	0	0	0	1737	1
15183	unclassified	0	0	0	0	534	1
15184	unclassified	0	0	0	0	927	1
15180	unclassified	0	0	0	0	1479	1
15181	unclassified	0	0	0	0	1470	1
15187	unclassified	0	0	0	0	126	1
15185	unclassified	0	0	0	0	810	1
15186	unclassified	0	0	0	0	357	1
15188	unclassified	0	0	0	0	276	1
15191	unclassified	0	0	0	0	315	1
15192	unclassified	0	0	0	0	480	1
15193	unclassified	0	0	0	0	438	1
15194	cid|1176587	1176587	64	0	23	609	1
15195	unclassified	0	0	0	0	1161	1
15197	unclassified	0	0	0	0	213	1
15196	cid|839	839	64	0	23	1236	1
15189	cid|1410606	1410606	192	64	69	3351	1
15200	unclassified	0	0	0	0	510	1
15190	cid|40269	40269	100	64	25	3822	1
15198	cid|1603555	1603555	256	64	31	1542	1
15199	cid|253245	253245	196	0	29	1509	1
15201	unclassified	0	0	0	0	498	1
15202	unclassified	0	0	0	0	813	1
15204	unclassified	0	0	0	0	915	1
15205	unclassified	0	0	0	0	819	1
15203	unclassified	0	0	0	0	1248	1
15206	unclassified	0	0	0	0	696	1
15208	unclassified	0	0	0	0	459	1
15209	unclassified	0	0	0	0	447	1
15207	unclassified	0	0	0	0	621	1
15211	unclassified	0	0	0	0	609	1
15212	unclassified	0	0	0	0	582	1
15215	unclassified	0	0	0	0	132	1
15214	unclassified	0	0	0	0	423	1
15217	cid|2173	2173	64	0	23	162	1
15213	unclassified	0	0	0	0	1050	1
15210	unclassified	0	0	0	0	1434	1
15220	unclassified	0	0	0	0	177	1
15219	unclassified	0	0	0	0	558	1
15222	unclassified	0	0	0	0	261	1
15218	unclassified	0	0	0	0	1047	1
15223	unclassified	0	0	0	0	255	1
15224	unclassified	0	0	0	0	231	1
15221	unclassified	0	0	0	0	1077	1
15216	unclassified	0	0	0	0	1839	1
15226	unclassified	0	0	0	0	456	1
15227	unclassified	0	0	0	0	348	1
15230	unclassified	0	0	0	0	129	1
15229	unclassified	0	0	0	0	219	1
15228	unclassified	0	0	0	0	558	1
15231	unclassified	0	0	0	0	504	1
15225	unclassified	0	0	0	0	1410	1
15234	unclassified	0	0	0	0	396	1
15235	unclassified	0	0	0	0	222	1
15237	unclassified	0	0	0	0	66	1
15236	unclassified	0	0	0	0	480	1
15238	cid|141	141	64	64	23	369	2
15238	cid|142	142	64	64	23	369	2
15239	unclassified	0	0	0	0	180	1
15240	unclassified	0	0	0	0	405	1
15241	unclassified	0	0	0	0	552	1
15242	unclassified	0	0	0	0	315	1
15233	cid|451	451	81	81	24	1710	3
15233	species	9606	81	81	24	1710	3
15233	cid|1338	1338	81	81	24	1710	3
15232	cid|1405	1405	144	144	27	2220	2
15232	cid|1428	1428	144	144	27	2220	2
15244	unclassified	0	0	0	0	486	1
15243	cid|1488	1488	64	0	23	672	1
15245	unclassified	0	0	0	0	687	1
15248	unclassified	0	0	0	0	723	1
15247	unclassified	0	0	0	0	1014	1
15250	unclassified	0	0	0	0	357	1
15252	unclassified	0	0	0	0	111	1
15246	unclassified	0	0	0	0	1371	1
15251	unclassified	0	0	0	0	384	1
15253	unclassified	0	0	0	0	492	1
15256	unclassified	0	0	0	0	147	1
15249	cid|184064	184064	64	64	23	1680	2
15249	cid|29360	29360	64	64	23	1680	2
15254	cid|300825	300825	64	0	23	738	1
15259	unclassified	0	0	0	0	117	1
15257	unclassified	0	0	0	0	357	1
15258	unclassified	0	0	0	0	612	1
15260	unclassified	0	0	0	0	300	1
15263	unclassified	0	0	0	0	597	1
15261	cid|1488	1488	121	81	26	792	1
15262	unclassified	0	0	0	0	765	1
15255	unclassified	0	0	0	0	1860	1
15264	cid|195253	195253	121	0	26	549	1
15266	unclassified	0	0	0	0	537	1
15268	unclassified	0	0	0	0	420	1
15269	unclassified	0	0	0	0	483	1
15265	unclassified	0	0	0	0	1080	1
15272	unclassified	0	0	0	0	129	1
15271	unclassified	0	0	0	0	234	1
15274	unclassified	0	0	0	0	72	1
15267	NC_000003.12	9606	256	64	31	1152	1
15275	unclassified	0	0	0	0	618	1
15276	unclassified	0	0	0	0	468	1
15273	unclassified	0	0	0	0	762	1
15270	unclassified	0	0	0	0	1236	1
15278	unclassified	0	0	0	0	279	1
15277	unclassified	0	0	0	0	525	1
15280	unclassified	0	0	0	0	348	1
15283	unclassified	0	0	0	0	276	1
15281	unclassified	0	0	0	0	660	1
15279	NC_000012.12	9606	64	0	23	972	1
15285	unclassified	0	0	0	0	243	1
15286	unclassified	0	0	0	0	366	1
15287	unclassified	0	0	0	0	252	1
15284	unclassified	0	0	0	0	681	1
15290	unclassified	0	0	0	0	123	1
15282	unclassified	0	0	0	0	1227	1
15291	unclassified	0	0	0	0	123	1
15289	unclassified	0	0	0	0	405	1
15294	unclassified	0	0	0	0	180	1
15295	unclassified	0	0	0	0	312	1
15293	unclassified	0	0	0	0	591	1
15296	cid|291990	291990	81	0	24	432	1
15288	unclassified	0	0	0	0	1341	1
15297	unclassified	0	0	0	0	555	1
15292	unclassified	0	0	0	0	1146	1
15300	unclassified	0	0	0	0	180	1
15298	unclassified	0	0	0	0	381	1
15302	unclassified	0	0	0	0	261	1
15303	unclassified	0	0	0	0	288	1
15299	unclassified	0	0	0	0	777	1
15305	unclassified	0	0	0	0	246	1
15306	unclassified	0	0	0	0	405	1
15301	unclassified	0	0	0	0	1020	1
15308	unclassified	0	0	0	0	282	1
15304	unclassified	0	0	0	0	843	1
15309	unclassified	0	0	0	0	276	1
15311	unclassified	0	0	0	0	393	1
15313	unclassified	0	0	0	0	159	1
15310	unclassified	0	0	0	0	603	1
15315	unclassified	0	0	0	0	168	1
15314	unclassified	0	0	0	0	336	1
15307	unclassified	0	0	0	0	1623	1
15317	NC_000007.14	9606	121	0	26	339	1
15316	unclassified	0	0	0	0	558	1
15319	unclassified	0	0	0	0	156	1
15320	unclassified	0	0	0	0	117	1
15322	unclassified	0	0	0	0	204	1
15321	unclassified	0	0	0	0	438	1
15318	unclassified	0	0	0	0	735	1
15323	unclassified	0	0	0	0	222	1
15325	unclassified	0	0	0	0	153	1
15324	unclassified	0	0	0	0	204	1
15328	unclassified	0	0	0	0	114	1
15329	cid|50052	50052	100	0	25	114	1
15327	unclassified	0	0	0	0	321	1
15330	unclassified	0	0	0	0	129	1
15331	unclassified	0	0	0	0	519	1
15326	unclassified	0	0	0	0	969	1
15332	unclassified	0	0	0	0	465	1
15334	unclassified	0	0	0	0	144	1
15336	unclassified	0	0	0	0	138	1
15312	species	9606	64	0	23	2685	1
15335	unclassified	0	0	0	0	561	1
15338	NC_000014.9	9606	144	0	27	126	1
15340	unclassified	0	0	0	0	333	1
15337	unclassified	0	0	0	0	699	1
15341	cid|362837	362837	81	0	24	240	1
15342	unclassified	0	0	0	0	396	1
15333	cid|84163	84163	64	0	23	1572	1
15343	unclassified	0	0	0	0	423	1
15344	unclassified	0	0	0	0	405	1
15347	unclassified	0	0	0	0	282	1
15346	NC_000011.10	9606	121	0	26	483	1
15339	NC_000007.14	9606	64	64	23	1368	2
15339	NC_000002.12	9606	64	64	23	1368	2
15349	unclassified	0	0	0	0	84	1
15348	unclassified	0	0	0	0	255	1
15350	unclassified	0	0	0	0	171	1
15351	unclassified	0	0	0	0	138	1
15353	unclassified	0	0	0	0	240	1
15352	unclassified	0	0	0	0	429	1
15345	unclassified	0	0	0	0	1188	1
15354	unclassified	0	0	0	0	579	1
15355	unclassified	0	0	0	0	480	1
15358	unclassified	0	0	0	0	228	1
15359	unclassified	0	0	0	0	213	1
15360	unclassified	0	0	0	0	201	1
15361	unclassified	0	0	0	0	429	1
15356	unclassified	0	0	0	0	1035	1
15362	unclassified	0	0	0	0	510	1
15364	unclassified	0	0	0	0	246	1
15357	unclassified	0	0	0	0	1338	1
15365	unclassified	0	0	0	0	519	1
15363	unclassified	0	0	0	0	924	1
15367	NC_000010.11	9606	64	0	23	669	1
15366	unclassified	0	0	0	0	972	1
15370	NC_000014.9	9606	64	0	23	465	1
15369	unclassified	0	0	0	0	780	1
15371	unclassified	0	0	0	0	777	1
15368	cid|413888	413888	64	64	23	1287	5
15368	cid|31899	31899	64	64	23	1287	5
15368	cid|413889	413889	64	64	23	1287	5
15368	cid|52765	52765	64	64	23	1287	5
15368	cid|52766	52766	64	64	23	1287	5
15372	unclassified	0	0	0	0	612	1
15376	unclassified	0	0	0	0	231	1
15373	unclassified	0	0	0	0	891	1
15374	unclassified	0	0	0	0	537	1
15375	unclassified	0	0	0	0	588	1
15379	unclassified	0	0	0	0	165	1
15377	unclassified	0	0	0	0	300	1
15380	unclassified	0	0	0	0	213	1
15378	unclassified	0	0	0	0	378	1
15382	unclassified	0	0	0	0	156	1
15385	unclassified	0	0	0	0	243	1
15384	unclassified	0	0	0	0	312	1
15381	unclassified	0	0	0	0	519	1
15383	unclassified	0	0	0	0	480	1
15388	unclassified	0	0	0	0	159	1
15386	unclassified	0	0	0	0	255	1
15389	cid|1500960	1500960	64	0	23	192	1
15387	unclassified	0	0	0	0	285	1
15393	unclassified	0	0	0	0	228	1
15392	unclassified	0	0	0	0	372	1
15395	unclassified	0	0	0	0	255	1
15391	unclassified	0	0	0	0	633	1
15397	unclassified	0	0	0	0	465	1
15390	cid|1661	1661	81	0	24	1236	1
15399	unclassified	0	0	0	0	207	1
15396	unclassified	0	0	0	0	924	1
15401	unclassified	0	0	0	0	306	1
15394	unclassified	0	0	0	0	1683	1
15400	unclassified	0	0	0	0	693	1
15398	unclassified	0	0	0	0	1080	1
15403	unclassified	0	0	0	0	534	1
15404	unclassified	0	0	0	0	669	1
15405	cid|34062	34062	100	0	25	783	1
15402	unclassified	0	0	0	0	1398	1
15406	unclassified	0	0	0	0	1047	1
15408	unclassified	0	0	0	0	648	1
15407	cid|1834207	1834207	64	0	23	924	1
15410	unclassified	0	0	0	0	354	1
15409	unclassified	0	0	0	0	642	1
15412	NC_000004.12	9606	64	0	23	141	1
15414	unclassified	0	0	0	0	339	1
15416	unclassified	0	0	0	0	117	1
15415	unclassified	0	0	0	0	501	1
15418	unclassified	0	0	0	0	309	1
15411	unclassified	0	0	0	0	1023	1
15420	unclassified	0	0	0	0	255	1
15413	unclassified	0	0	0	0	1362	1
15421	unclassified	0	0	0	0	264	1
15417	cid|851	851	64	0	23	1143	1
15422	unclassified	0	0	0	0	291	1
15423	cid|1453352	1453352	64	0	23	375	1
15424	unclassified	0	0	0	0	222	1
15426	NC_000009.12	9606	64	0	23	468	1
15419	cid|658666	658666	81	81	24	1413	3
15419	cid|1396	1396	81	81	24	1413	3
15419	cid|1428	1428	81	81	24	1413	3
15428	unclassified	0	0	0	0	195	1
15425	unclassified	0	0	0	0	825	1
15427	unclassified	0	0	0	0	750	1
15429	unclassified	0	0	0	0	483	1
15432	unclassified	0	0	0	0	435	1
15431	unclassified	0	0	0	0	1053	1
15430	unclassified	0	0	0	0	1341	1
15434	unclassified	0	0	0	0	888	1
15435	unclassified	0	0	0	0	381	1
15436	unclassified	0	0	0	0	171	1
15438	unclassified	0	0	0	0	258	1
15437	unclassified	0	0	0	0	345	1
15433	unclassified	0	0	0	0	1464	1
15441	NC_000004.12	9606	64	0	23	255	1
15439	unclassified	0	0	0	0	654	1
15440	unclassified	0	0	0	0	816	1
15444	unclassified	0	0	0	0	468	1
15446	unclassified	0	0	0	0	72	1
15447	unclassified	0	0	0	0	126	1
15442	unclassified	0	0	0	0	1011	1
15445	unclassified	0	0	0	0	426	1
15443	unclassified	0	0	0	0	984	1
15448	unclassified	0	0	0	0	324	1
15451	unclassified	0	0	0	0	240	1
15450	unclassified	0	0	0	0	345	1
15452	unclassified	0	0	0	0	264	1
15449	unclassified	0	0	0	0	531	1
15453	unclassified	0	0	0	0	441	1
15454	unclassified	0	0	0	0	405	1
15457	unclassified	0	0	0	0	174	1
15458	unclassified	0	0	0	0	360	1
15456	unclassified	0	0	0	0	795	1
15460	unclassified	0	0	0	0	219	1
15462	unclassified	0	0	0	0	306	1
15459	unclassified	0	0	0	0	807	1
15461	NC_000006.12	9606	64	0	23	435	1
15464	unclassified	0	0	0	0	108	1
15463	unclassified	0	0	0	0	180	1
15465	unclassified	0	0	0	0	228	1
15467	unclassified	0	0	0	0	162	1
15466	unclassified	0	0	0	0	228	1
15468	unclassified	0	0	0	0	378	1
15471	unclassified	0	0	0	0	192	1
15455	cid|1534	1534	64	64	23	1968	2
15455	cid|1501	1501	64	64	23	1968	2
15472	unclassified	0	0	0	0	426	1
15473	unclassified	0	0	0	0	279	1
15470	cid|1622118	1622118	64	0	23	1005	1
15474	unclassified	0	0	0	0	171	1
15476	unclassified	0	0	0	0	264	1
15477	unclassified	0	0	0	0	255	1
15469	cid|241425	241425	81	0	24	1347	1
15479	unclassified	0	0	0	0	72	1
15478	unclassified	0	0	0	0	216	1
15475	unclassified	0	0	0	0	588	1
15482	unclassified	0	0	0	0	465	1
15481	unclassified	0	0	0	0	531	1
15483	unclassified	0	0	0	0	381	1
15484	unclassified	0	0	0	0	234	1
15486	unclassified	0	0	0	0	300	1
15487	unclassified	0	0	0	0	213	1
15489	unclassified	0	0	0	0	141	1
15488	unclassified	0	0	0	0	399	1
15480	unclassified	0	0	0	0	1371	1
15492	unclassified	0	0	0	0	357	1
15491	unclassified	0	0	0	0	441	1
15485	unclassified	0	0	0	0	1500	1
15490	unclassified	0	0	0	0	1137	1
15493	NC_000011.10	9606	64	0	23	342	1
15497	unclassified	0	0	0	0	186	1
15495	unclassified	0	0	0	0	303	1
15498	unclassified	0	0	0	0	207	1
15494	unclassified	0	0	0	0	438	1
15501	unclassified	0	0	0	0	552	1
15500	unclassified	0	0	0	0	654	1
15496	unclassified	0	0	0	0	1089	1
15499	unclassified	0	0	0	0	1029	1
15502	unclassified	0	0	0	0	657	1
15504	unclassified	0	0	0	0	639	1
15506	unclassified	0	0	0	0	114	1
15507	unclassified	0	0	0	0	225	1
15508	unclassified	0	0	0	0	396	1
15509	unclassified	0	0	0	0	216	1
15505	cid|1491	1491	81	0	24	1185	1
15511	unclassified	0	0	0	0	459	1
15512	unclassified	0	0	0	0	141	1
15510	cid|2208	2208	64	64	23	477	3
15510	cid|1434099	1434099	64	64	23	477	3
15510	cid|418008	418008	64	64	23	477	3
15513	unclassified	0	0	0	0	198	1
15515	unclassified	0	0	0	0	129	1
15516	unclassified	0	0	0	0	222	1
15514	unclassified	0	0	0	0	456	1
15503	cid|1229909	1229909	121	0	26	1818	1
15519	unclassified	0	0	0	0	75	1
15518	unclassified	0	0	0	0	195	1
15517	unclassified	0	0	0	0	393	1
15520	unclassified	0	0	0	0	177	1
15521	unclassified	0	0	0	0	240	1
15523	unclassified	0	0	0	0	162	1
15526	unclassified	0	0	0	0	327	1
15524	unclassified	0	0	0	0	600	1
15527	unclassified	0	0	0	0	189	1
15528	unclassified	0	0	0	0	129	1
15525	unclassified	0	0	0	0	642	1
15522	unclassified	0	0	0	0	834	1
15532	unclassified	0	0	0	0	219	1
15529	unclassified	0	0	0	0	411	1
15533	unclassified	0	0	0	0	141	1
15530	unclassified	0	0	0	0	450	1
15535	unclassified	0	0	0	0	132	1
15531	unclassified	0	0	0	0	561	1
15534	unclassified	0	0	0	0	504	1
15536	NC_000012.12	9606	64	0	23	681	1
15537	unclassified	0	0	0	0	780	1
15540	unclassified	0	0	0	0	153	1
15541	unclassified	0	0	0	0	282	1
15538	unclassified	0	0	0	0	1071	1
15543	unclassified	0	0	0	0	168	1
15544	unclassified	0	0	0	0	264	1
15539	unclassified	0	0	0	0	1458	1
15547	unclassified	0	0	0	0	258	1
15542	unclassified	0	0	0	0	1191	1
15545	unclassified	0	0	0	0	876	1
15550	NC_000016.10	9606	100	81	25	237	1
15549	unclassified	0	0	0	0	408	1
15546	unclassified	0	0	0	0	1170	1
15551	unclassified	0	0	0	0	177	1
15548	unclassified	0	0	0	0	699	1
15555	unclassified	0	0	0	0	243	1
15553	unclassified	0	0	0	0	612	1
15552	unclassified	0	0	0	0	870	1
15554	unclassified	0	0	0	0	807	1
15556	unclassified	0	0	0	0	462	1
15559	unclassified	0	0	0	0	255	1
15561	unclassified	0	0	0	0	300	1
15558	unclassified	0	0	0	0	819	1
15560	unclassified	0	0	0	0	804	1
15562	unclassified	0	0	0	0	423	1
15563	unclassified	0	0	0	0	339	1
15557	cid|1615909	1615909	100	0	25	1422	1
15567	unclassified	0	0	0	0	180	1
15564	unclassified	0	0	0	0	735	1
15568	unclassified	0	0	0	0	279	1
15566	unclassified	0	0	0	0	840	1
15565	cid|1349	1349	64	0	23	939	1
15571	unclassified	0	0	0	0	159	1
15570	unclassified	0	0	0	0	438	1
15569	cid|1423	1423	169	0	28	534	1
15573	unclassified	0	0	0	0	165	1
15572	unclassified	0	0	0	0	258	1
15575	unclassified	0	0	0	0	180	1
15574	unclassified	0	0	0	0	507	1
15578	unclassified	0	0	0	0	261	1
15576	unclassified	0	0	0	0	771	1
15577	cid|1006576	1006576	64	64	23	1182	2
15577	cid|29466	29466	64	64	23	1182	2
15582	unclassified	0	0	0	0	171	1
15580	unclassified	0	0	0	0	1227	1
15583	unclassified	0	0	0	0	303	1
15585	unclassified	0	0	0	0	129	1
15579	unclassified	0	0	0	0	1515	1
15586	unclassified	0	0	0	0	426	1
15584	cid|39152	39152	81	64	24	759	1
15581	unclassified	0	0	0	0	1695	1
15590	unclassified	0	0	0	0	162	1
15588	unclassified	0	0	0	0	345	1
15591	unclassified	0	0	0	0	306	1
15589	unclassified	0	0	0	0	843	1
15592	unclassified	0	0	0	0	870	1
15587	unclassified	0	0	0	0	1575	1
15596	unclassified	0	0	0	0	765	1
15594	unclassified	0	0	0	0	1008	1
15595	unclassified	0	0	0	0	1092	1
15593	cid|62322	62322	81	0	24	1734	1
15598	unclassified	0	0	0	0	849	1
15597	unclassified	0	0	0	0	984	1
15601	unclassified	0	0	0	0	237	1
15599	NW_014040925.1	9606	81	81	24	753	2
15599	NC_000001.11	9606	81	81	24	753	2
15602	unclassified	0	0	0	0	510	1
15604	unclassified	0	0	0	0	171	1
15603	unclassified	0	0	0	0	579	1
15606	unclassified	0	0	0	0	222	1
15607	unclassified	0	0	0	0	129	1
15600	unclassified	0	0	0	0	1248	1
15608	unclassified	0	0	0	0	153	1
15605	unclassified	0	0	0	0	483	1
15610	unclassified	0	0	0	0	141	1
15611	unclassified	0	0	0	0	186	1
15612	unclassified	0	0	0	0	153	1
15609	unclassified	0	0	0	0	420	1
15614	unclassified	0	0	0	0	666	1
15616	unclassified	0	0	0	0	519	1
15615	unclassified	0	0	0	0	705	1
15613	unclassified	0	0	0	0	930	1
15617	unclassified	0	0	0	0	381	1
15620	unclassified	0	0	0	0	369	1
15621	unclassified	0	0	0	0	303	1
15622	unclassified	0	0	0	0	585	1
15618	unclassified	0	0	0	0	1557	1
15624	cid|233055	233055	64	0	23	648	1
15623	unclassified	0	0	0	0	1119	1
15627	unclassified	0	0	0	0	138	1
15625	unclassified	0	0	0	0	324	1
15626	cid|743722	743722	100	0	25	222	1
15619	unclassified	0	0	0	0	1776	1
15630	unclassified	0	0	0	0	276	1
15632	unclassified	0	0	0	0	144	1
15633	unclassified	0	0	0	0	75	1
15629	unclassified	0	0	0	0	579	1
15634	unclassified	0	0	0	0	192	1
15631	unclassified	0	0	0	0	564	1
15635	unclassified	0	0	0	0	345	1
15636	unclassified	0	0	0	0	393	1
15637	unclassified	0	0	0	0	507	1
15638	unclassified	0	0	0	0	321	1
15641	unclassified	0	0	0	0	129	1
15639	unclassified	0	0	0	0	417	1
15640	unclassified	0	0	0	0	417	1
15644	unclassified	0	0	0	0	339	1
15642	unclassified	0	0	0	0	837	1
15628	NC_000002.12	9606	64	0	23	2208	1
15643	unclassified	0	0	0	0	1101	1
15645	unclassified	0	0	0	0	738	1
15648	unclassified	0	0	0	0	75	1
15649	unclassified	0	0	0	0	213	1
15647	unclassified	0	0	0	0	375	1
15646	unclassified	0	0	0	0	660	1
15650	unclassified	0	0	0	0	330	1
15653	unclassified	0	0	0	0	204	1
15651	unclassified	0	0	0	0	366	1
15655	unclassified	0	0	0	0	249	1
15654	NC_000019.10	9606	64	0	23	543	1
15657	unclassified	0	0	0	0	210	1
15652	unclassified	0	0	0	0	915	1
15656	unclassified	0	0	0	0	681	1
15661	unclassified	0	0	0	0	315	1
15659	unclassified	0	0	0	0	729	1
15660	NC_000014.9	9606	121	0	26	531	1
15664	unclassified	0	0	0	0	117	1
15658	cid|29554	29554	64	0	23	1341	1
15663	genus	780	81	0	24	438	1
15662	unclassified	0	0	0	0	1089	1
15667	unclassified	0	0	0	0	426	1
15665	unclassified	0	0	0	0	888	1
15666	unclassified	0	0	0	0	978	1
15670	unclassified	0	0	0	0	468	1
15671	unclassified	0	0	0	0	108	1
15669	unclassified	0	0	0	0	651	1
15672	unclassified	0	0	0	0	177	1
15674	unclassified	0	0	0	0	351	1
15675	unclassified	0	0	0	0	423	1
15676	unclassified	0	0	0	0	225	1
15673	unclassified	0	0	0	0	750	1
15668	cid|1229909	1229909	64	0	23	1524	1
15679	unclassified	0	0	0	0	180	1
15678	unclassified	0	0	0	0	621	1
15680	unclassified	0	0	0	0	369	1
15683	unclassified	0	0	0	0	489	1
15684	unclassified	0	0	0	0	156	1
15682	unclassified	0	0	0	0	756	1
15681	unclassified	0	0	0	0	1161	1
15687	unclassified	0	0	0	0	306	1
15685	unclassified	0	0	0	0	543	1
15689	unclassified	0	0	0	0	306	1
15677	species	9606	100	0	25	2142	1
15690	unclassified	0	0	0	0	375	1
15691	cid|656519	656519	64	0	23	432	1
15693	unclassified	0	0	0	0	225	1
15694	unclassified	0	0	0	0	102	1
15686	unclassified	0	0	0	0	1662	1
15692	unclassified	0	0	0	0	543	1
15697	unclassified	0	0	0	0	93	1
15695	unclassified	0	0	0	0	171	1
15699	unclassified	0	0	0	0	243	1
15698	unclassified	0	0	0	0	291	1
15688	cid|168169	168169	169	169	28	1410	4
15688	cid|1216932	1216932	169	169	28	1410	4
15688	cid|49118	49118	169	169	28	1410	4
15688	cid|1508644	1508644	169	169	28	1410	4
15696	unclassified	0	0	0	0	531	1
15700	unclassified	0	0	0	0	279	1
15703	unclassified	0	0	0	0	222	1
15702	unclassified	0	0	0	0	465	1
15704	unclassified	0	0	0	0	297	1
15706	unclassified	0	0	0	0	108	1
15705	unclassified	0	0	0	0	243	1
15707	unclassified	0	0	0	0	810	1
15709	unclassified	0	0	0	0	717	1
15701	NC_000006.12	9606	64	0	23	1386	1
15710	unclassified	0	0	0	0	588	1
15712	unclassified	0	0	0	0	612	1
15713	unclassified	0	0	0	0	261	1
15715	unclassified	0	0	0	0	171	1
15708	cid|80852	80852	64	0	23	1836	1
15717	NC_000006.12	9606	81	0	24	177	1
15716	unclassified	0	0	0	0	333	1
15711	cid|436114	436114	361	0	34	1452	1
15719	unclassified	0	0	0	0	228	1
15718	unclassified	0	0	0	0	381	1
15722	unclassified	0	0	0	0	156	1
15723	unclassified	0	0	0	0	408	1
15720	unclassified	0	0	0	0	882	1
15721	unclassified	0	0	0	0	882	1
15725	unclassified	0	0	0	0	120	1
15714	NC_000012.12	9606	81	0	24	2166	1
15727	unclassified	0	0	0	0	354	1
15724	unclassified	0	0	0	0	975	1
15730	unclassified	0	0	0	0	132	1
15726	unclassified	0	0	0	0	1008	1
15729	unclassified	0	0	0	0	774	1
15732	unclassified	0	0	0	0	459	1
15733	unclassified	0	0	0	0	315	1
15728	NC_000005.10	9606	64	0	23	1125	1
15736	unclassified	0	0	0	0	231	1
15735	unclassified	0	0	0	0	576	1
15734	unclassified	0	0	0	0	690	1
15731	unclassified	0	0	0	0	1407	1
15737	unclassified	0	0	0	0	324	1
15738	unclassified	0	0	0	0	270	1
15741	cid|360911	360911	64	0	23	171	1
15740	unclassified	0	0	0	0	210	1
15739	unclassified	0	0	0	0	315	1
15742	unclassified	0	0	0	0	483	1
15743	unclassified	0	0	0	0	480	1
15744	unclassified	0	0	0	0	453	1
15746	unclassified	0	0	0	0	138	1
15748	unclassified	0	0	0	0	201	1
15747	unclassified	0	0	0	0	327	1
15750	NC_000001.11	9606	64	0	23	117	1
15745	unclassified	0	0	0	0	927	1
15752	unclassified	0	0	0	0	198	1
15754	unclassified	0	0	0	0	219	1
15751	unclassified	0	0	0	0	453	1
15755	unclassified	0	0	0	0	102	1
15749	unclassified	0	0	0	0	786	1
15753	unclassified	0	0	0	0	444	1
15757	unclassified	0	0	0	0	168	1
15759	unclassified	0	0	0	0	153	1
15756	unclassified	0	0	0	0	342	1
15760	unclassified	0	0	0	0	315	1
15763	unclassified	0	0	0	0	144	1
15762	unclassified	0	0	0	0	660	1
15764	unclassified	0	0	0	0	471	1
15765	unclassified	0	0	0	0	195	1
15761	unclassified	0	0	0	0	993	1
15768	cid|173	173	100	0	25	258	1
15766	unclassified	0	0	0	0	657	1
15769	unclassified	0	0	0	0	294	1
15771	unclassified	0	0	0	0	309	1
15772	unclassified	0	0	0	0	162	1
15767	unclassified	0	0	0	0	1272	1
15770	unclassified	0	0	0	0	1017	1
15758	cid|96345	96345	196	0	29	2310	1
15775	unclassified	0	0	0	0	579	1
15773	unclassified	0	0	0	0	1080	1
15774	unclassified	0	0	0	0	1128	1
15776	cid|630129	630129	64	0	23	879	1
15777	unclassified	0	0	0	0	585	1
15780	unclassified	0	0	0	0	228	1
15781	unclassified	0	0	0	0	135	1
15779	unclassified	0	0	0	0	474	1
15782	unclassified	0	0	0	0	216	1
15783	unclassified	0	0	0	0	378	1
15778	cid|1329899	1329899	196	196	29	1314	2
15778	cid|385025	385025	196	196	29	1314	2
15785	unclassified	0	0	0	0	1041	1
15784	unclassified	0	0	0	0	1212	1
15786	unclassified	0	0	0	0	990	1
15788	unclassified	0	0	0	0	417	1
15789	unclassified	0	0	0	0	504	1
15791	unclassified	0	0	0	0	225	1
15793	unclassified	0	0	0	0	96	1
15787	unclassified	0	0	0	0	1086	1
15792	unclassified	0	0	0	0	525	1
15790	unclassified	0	0	0	0	1029	1
15796	unclassified	0	0	0	0	114	1
15795	unclassified	0	0	0	0	285	1
15797	unclassified	0	0	0	0	231	1
15799	unclassified	0	0	0	0	189	1
15801	unclassified	0	0	0	0	240	1
15798	unclassified	0	0	0	0	462	1
15800	unclassified	0	0	0	0	330	1
15804	unclassified	0	0	0	0	192	1
15805	unclassified	0	0	0	0	147	1
15794	unclassified	0	0	0	0	1257	1
15803	cid|79885	79885	64	0	23	465	1
15807	unclassified	0	0	0	0	213	1
15809	unclassified	0	0	0	0	210	1
15802	unclassified	0	0	0	0	1167	1
15808	unclassified	0	0	0	0	591	1
15806	cid|134821	134821	64	64	23	732	2
15806	cid|2130	2130	64	64	23	732	2
15812	unclassified	0	0	0	0	234	1
15811	unclassified	0	0	0	0	390	1
15815	NC_000007.14	9606	64	0	23	336	1
15814	unclassified	0	0	0	0	825	1
15813	unclassified	0	0	0	0	1212	1
15817	unclassified	0	0	0	0	432	1
15810	unclassified	0	0	0	0	1656	1
15816	unclassified	0	0	0	0	1101	1
15819	unclassified	0	0	0	0	1185	1
15821	cid|161398	161398	64	0	23	852	1
15818	cid|28197	28197	100	0	25	1713	1
15822	unclassified	0	0	0	0	1104	1
15823	unclassified	0	0	0	0	1113	1
15825	unclassified	0	0	0	0	249	1
15826	unclassified	0	0	0	0	228	1
15824	unclassified	0	0	0	0	1398	1
15829	unclassified	0	0	0	0	105	1
15820	unclassified	0	0	0	0	2202	1
15830	unclassified	0	0	0	0	246	1
15832	unclassified	0	0	0	0	210	1
15831	unclassified	0	0	0	0	258	1
15828	unclassified	0	0	0	0	870	1
15833	unclassified	0	0	0	0	171	1
15835	unclassified	0	0	0	0	162	1
15827	unclassified	0	0	0	0	1275	1
15837	unclassified	0	0	0	0	324	1
15836	unclassified	0	0	0	0	567	1
15834	unclassified	0	0	0	0	570	1
15841	unclassified	0	0	0	0	273	1
15838	unclassified	0	0	0	0	1257	1
15839	unclassified	0	0	0	0	1485	1
15840	cid|1493	1493	121	64	26	1446	1
15845	unclassified	0	0	0	0	216	1
15842	cid|1898044	1898044	64	0	23	1341	1
15847	unclassified	0	0	0	0	210	1
15846	unclassified	0	0	0	0	858	1
15849	unclassified	0	0	0	0	249	1
15850	unclassified	0	0	0	0	510	1
15848	unclassified	0	0	0	0	753	1
15852	unclassified	0	0	0	0	75	1
15843	unclassified	0	0	0	0	2736	1
15853	unclassified	0	0	0	0	477	1
15855	unclassified	0	0	0	0	240	1
15851	NC_000004.12	9606	64	0	23	1155	1
15844	unclassified	0	0	0	0	3111	1
15857	unclassified	0	0	0	0	201	1
15854	unclassified	0	0	0	0	918	1
15860	unclassified	0	0	0	0	153	1
15858	unclassified	0	0	0	0	387	1
15856	unclassified	0	0	0	0	642	1
15861	unclassified	0	0	0	0	219	1
15863	unclassified	0	0	0	0	192	1
15862	NC_000003.12	9606	64	0	23	486	1
15866	unclassified	0	0	0	0	123	1
15859	unclassified	0	0	0	0	936	1
15867	unclassified	0	0	0	0	165	1
15868	unclassified	0	0	0	0	267	1
15869	unclassified	0	0	0	0	342	1
15871	unclassified	0	0	0	0	192	1
15872	NC_000019.10	9606	100	0	25	78	1
15870	cid|1385664	1385664	81	0	24	654	1
15864	unclassified	0	0	0	0	1563	1
15865	unclassified	0	0	0	0	1296	1
15874	unclassified	0	0	0	0	531	1
15875	unclassified	0	0	0	0	372	1
15873	unclassified	0	0	0	0	717	1
15876	unclassified	0	0	0	0	294	1
15877	unclassified	0	0	0	0	234	1
15879	unclassified	0	0	0	0	291	1
15882	unclassified	0	0	0	0	102	1
15881	unclassified	0	0	0	0	291	1
15884	unclassified	0	0	0	0	315	1
15878	unclassified	0	0	0	0	852	1
15883	unclassified	0	0	0	0	405	1
15885	unclassified	0	0	0	0	162	1
15886	unclassified	0	0	0	0	150	1
15880	unclassified	0	0	0	0	693	1
15887	unclassified	0	0	0	0	255	1
15888	unclassified	0	0	0	0	339	1
15889	unclassified	0	0	0	0	372	1
15890	unclassified	0	0	0	0	285	1
15891	unclassified	0	0	0	0	561	1
15895	unclassified	0	0	0	0	102	1
15893	unclassified	0	0	0	0	444	1
15894	unclassified	0	0	0	0	465	1
15898	unclassified	0	0	0	0	129	1
15897	unclassified	0	0	0	0	300	1
15899	unclassified	0	0	0	0	144	1
15900	unclassified	0	0	0	0	201	1
15901	unclassified	0	0	0	0	312	1
15902	unclassified	0	0	0	0	384	1
15892	cid|384	384	64	0	23	1494	1
15903	unclassified	0	0	0	0	360	1
15905	cid|2109	2109	64	0	23	504	1
15906	cid|319938	319938	100	0	25	357	1
15896	cid|83171	83171	64	0	23	2142	1
15907	unclassified	0	0	0	0	675	1
15909	unclassified	0	0	0	0	258	1
15904	unclassified	0	0	0	0	1656	1
15910	unclassified	0	0	0	0	504	1
15911	unclassified	0	0	0	0	327	1
15908	cid|111955	111955	81	81	24	960	2
15908	cid|1501	1501	81	81	24	960	2
15912	unclassified	0	0	0	0	777	1
15916	unclassified	0	0	0	0	597	1
15914	NC_000011.10	9606	64	0	23	1188	1
15917	unclassified	0	0	0	0	246	1
15919	unclassified	0	0	0	0	177	1
15920	unclassified	0	0	0	0	159	1
15921	unclassified	0	0	0	0	147	1
15915	unclassified	0	0	0	0	1731	1
15918	unclassified	0	0	0	0	1332	1
15923	unclassified	0	0	0	0	222	1
15924	unclassified	0	0	0	0	150	1
15925	unclassified	0	0	0	0	360	1
15927	unclassified	0	0	0	0	171	1
15922	unclassified	0	0	0	0	1578	1
15913	cid|1603555	1603555	64	0	23	3114	1
15929	unclassified	0	0	0	0	129	1
15930	unclassified	0	0	0	0	198	1
15928	unclassified	0	0	0	0	315	1
15926	unclassified	0	0	0	0	1185	1
15931	unclassified	0	0	0	0	489	1
15934	unclassified	0	0	0	0	228	1
15933	unclassified	0	0	0	0	378	1
15936	unclassified	0	0	0	0	345	1
15932	unclassified	0	0	0	0	885	1
15939	unclassified	0	0	0	0	195	1
15938	unclassified	0	0	0	0	489	1
15940	unclassified	0	0	0	0	327	1
15941	unclassified	0	0	0	0	591	1
15942	unclassified	0	0	0	0	756	1
15935	cid|1615909	1615909	64	0	23	1788	1
15937	NC_019782.1	1206110	64	0	23	1416	1
15944	unclassified	0	0	0	0	165	1
15943	unclassified	0	0	0	0	750	1
15947	unclassified	0	0	0	0	438	1
15946	NC_000008.11	9606	64	0	23	669	1
15949	unclassified	0	0	0	0	342	1
15951	unclassified	0	0	0	0	192	1
15945	NC_000008.11	9606	81	0	24	1140	1
15948	unclassified	0	0	0	0	1095	1
15950	NC_000007.14	9606	64	0	23	951	1
15953	unclassified	0	0	0	0	840	1
15955	unclassified	0	0	0	0	168	1
15954	unclassified	0	0	0	0	663	1
15956	unclassified	0	0	0	0	231	1
15952	cid|877455	877455	144	0	27	1263	1
15959	unclassified	0	0	0	0	135	1
15957	unclassified	0	0	0	0	402	1
15960	unclassified	0	0	0	0	378	1
15958	unclassified	0	0	0	0	573	1
15963	unclassified	0	0	0	0	186	1
15962	unclassified	0	0	0	0	432	1
15961	cid|195	195	64	64	23	1176	2
15961	cid|197	197	64	64	23	1176	2
15964	unclassified	0	0	0	0	1026	1
15967	unclassified	0	0	0	0	264	1
15968	unclassified	0	0	0	0	285	1
15969	unclassified	0	0	0	0	174	1
15966	unclassified	0	0	0	0	900	1
15970	unclassified	0	0	0	0	255	1
15965	unclassified	0	0	0	0	1647	1
15971	unclassified	0	0	0	0	984	1
15973	unclassified	0	0	0	0	1095	1
15974	unclassified	0	0	0	0	1092	1
15977	unclassified	0	0	0	0	69	1
15972	NC_000003.12	9606	81	0	24	1230	1
15979	unclassified	0	0	0	0	339	1
15978	unclassified	0	0	0	0	663	1
15981	unclassified	0	0	0	0	231	1
15982	unclassified	0	0	0	0	462	1
15983	unclassified	0	0	0	0	510	1
15976	NC_000018.10	9606	64	0	23	1947	1
15980	unclassified	0	0	0	0	1128	1
15985	unclassified	0	0	0	0	111	1
15984	cid|2145	2145	64	64	23	306	2
15984	cid|1006576	1006576	64	64	23	306	2
15986	unclassified	0	0	0	0	378	1
15989	unclassified	0	0	0	0	123	1
15988	unclassified	0	0	0	0	420	1
15990	unclassified	0	0	0	0	240	1
15992	unclassified	0	0	0	0	180	1
15987	unclassified	0	0	0	0	1455	1
15991	unclassified	0	0	0	0	873	1
15975	unclassified	0	0	0	0	4227	1
15993	unclassified	0	0	0	0	600	1
15997	unclassified	0	0	0	0	129	1
15995	cid|34105	34105	64	0	23	723	1
15996	unclassified	0	0	0	0	654	1
16000	unclassified	0	0	0	0	429	1
15998	unclassified	0	0	0	0	798	1
16001	unclassified	0	0	0	0	300	1
15999	unclassified	0	0	0	0	885	1
16002	unclassified	0	0	0	0	237	1
16004	unclassified	0	0	0	0	213	1
16003	unclassified	0	0	0	0	369	1
16006	unclassified	0	0	0	0	228	1
16007	unclassified	0	0	0	0	174	1
15994	NC_000010.11	9606	100	64	25	2091	1
16005	unclassified	0	0	0	0	639	1
16010	unclassified	0	0	0	0	261	1
16008	unclassified	0	0	0	0	558	1
16012	unclassified	0	0	0	0	186	1
16013	unclassified	0	0	0	0	114	1
16014	unclassified	0	0	0	0	165	1
16016	unclassified	0	0	0	0	171	1
16015	unclassified	0	0	0	0	417	1
16017	unclassified	0	0	0	0	162	1
16009	unclassified	0	0	0	0	1143	1
16020	unclassified	0	0	0	0	276	1
16019	unclassified	0	0	0	0	330	1
16022	unclassified	0	0	0	0	81	1
16018	unclassified	0	0	0	0	543	1
16021	unclassified	0	0	0	0	300	1
16023	unclassified	0	0	0	0	309	1
16024	unclassified	0	0	0	0	324	1
16011	unclassified	0	0	0	0	1257	1
16026	unclassified	0	0	0	0	258	1
16025	unclassified	0	0	0	0	516	1
16029	unclassified	0	0	0	0	219	1
16027	cid|76853	76853	64	0	23	891	1
16028	unclassified	0	0	0	0	738	1
16030	unclassified	0	0	0	0	714	1
16031	unclassified	0	0	0	0	699	1
16035	unclassified	0	0	0	0	402	1
16034	unclassified	0	0	0	0	615	1
16033	unclassified	0	0	0	0	591	1
16032	unclassified	0	0	0	0	1479	1
16037	unclassified	0	0	0	0	426	1
16036	unclassified	0	0	0	0	762	1
16041	unclassified	0	0	0	0	138	1
16038	unclassified	0	0	0	0	597	1
16039	unclassified	0	0	0	0	375	1
16040	unclassified	0	0	0	0	420	1
16045	unclassified	0	0	0	0	312	1
16046	unclassified	0	0	0	0	216	1
16042	unclassified	0	0	0	0	783	1
16047	unclassified	0	0	0	0	138	1
16049	unclassified	0	0	0	0	246	1
16050	unclassified	0	0	0	0	129	1
16044	unclassified	0	0	0	0	1413	1
16051	unclassified	0	0	0	0	636	1
16052	unclassified	0	0	0	0	801	1
16053	unclassified	0	0	0	0	708	1
16048	cid|1752063	1752063	289	121	32	1584	1
16043	cid|28072	28072	81	0	24	2223	1
16054	unclassified	0	0	0	0	420	1
16055	unclassified	0	0	0	0	303	1
16056	unclassified	0	0	0	0	306	1
16058	unclassified	0	0	0	0	141	1
16059	unclassified	0	0	0	0	216	1
16057	unclassified	0	0	0	0	243	1
16060	unclassified	0	0	0	0	195	1
16061	unclassified	0	0	0	0	279	1
16063	unclassified	0	0	0	0	141	1
16062	unclassified	0	0	0	0	210	1
16064	unclassified	0	0	0	0	555	1
16066	cid|33952	33952	64	0	23	324	1
16067	cid|51669	51669	100	0	25	528	1
16069	unclassified	0	0	0	0	162	1
16065	cid|57029	57029	64	0	23	729	1
16068	unclassified	0	0	0	0	435	1
16072	unclassified	0	0	0	0	219	1
16071	unclassified	0	0	0	0	243	1
16073	unclassified	0	0	0	0	243	1
16070	unclassified	0	0	0	0	594	1
16074	unclassified	0	0	0	0	261	1
16078	unclassified	0	0	0	0	111	1
16076	unclassified	0	0	0	0	339	1
16077	NC_000004.12	9606	81	81	24	183	3
16077	NC_000015.10	9606	81	81	24	183	3
16077	NC_000012.12	9606	81	81	24	183	3
16079	unclassified	0	0	0	0	441	1
16080	unclassified	0	0	0	0	483	1
16082	unclassified	0	0	0	0	195	1
16083	unclassified	0	0	0	0	126	1
16085	unclassified	0	0	0	0	87	1
16086	unclassified	0	0	0	0	120	1
16084	unclassified	0	0	0	0	381	1
16081	unclassified	0	0	0	0	921	1
16088	unclassified	0	0	0	0	219	1
16089	unclassified	0	0	0	0	201	1
16090	cid|1219	1219	169	0	28	423	1
16075	cid|1410606	1410606	81	0	24	1644	1
16087	unclassified	0	0	0	0	948	1
16091	unclassified	0	0	0	0	474	1
16092	unclassified	0	0	0	0	423	1
16094	unclassified	0	0	0	0	294	1
16095	unclassified	0	0	0	0	396	1
16096	unclassified	0	0	0	0	303	1
16093	unclassified	0	0	0	0	558	1
16097	unclassified	0	0	0	0	516	1
16098	unclassified	0	0	0	0	483	1
16101	unclassified	0	0	0	0	576	1
16102	cid|1410606	1410606	144	81	27	516	1
16103	unclassified	0	0	0	0	375	1
16099	unclassified	0	0	0	0	1296	1
16100	unclassified	0	0	0	0	1164	1
16104	unclassified	0	0	0	0	1200	1
16107	unclassified	0	0	0	0	825	1
16105	NC_000005.10	9606	64	0	23	1365	1
16110	unclassified	0	0	0	0	132	1
16106	cid|56426	56426	64	0	23	1410	1
16109	unclassified	0	0	0	0	204	1
16113	unclassified	0	0	0	0	138	1
16112	unclassified	0	0	0	0	318	1
16111	unclassified	0	0	0	0	438	1
16108	unclassified	0	0	0	0	1167	1
16114	unclassified	0	0	0	0	366	1
16116	unclassified	0	0	0	0	336	1
16115	unclassified	0	0	0	0	534	1
16118	unclassified	0	0	0	0	237	1
16119	unclassified	0	0	0	0	261	1
16120	unclassified	0	0	0	0	327	1
16117	unclassified	0	0	0	0	816	1
16122	unclassified	0	0	0	0	921	1
16123	cid|2180	2180	169	0	28	735	1
16121	cid|1548	1548	64	0	23	1005	1
16124	cid|1488	1488	64	0	23	912	1
16128	unclassified	0	0	0	0	171	1
16126	unclassified	0	0	0	0	789	1
16129	unclassified	0	0	0	0	552	1
16130	unclassified	0	0	0	0	321	1
16125	unclassified	0	0	0	0	1341	1
16132	unclassified	0	0	0	0	576	1
16133	unclassified	0	0	0	0	405	1
16134	unclassified	0	0	0	0	372	1
16136	unclassified	0	0	0	0	330	1
16131	unclassified	0	0	0	0	1347	1
16137	unclassified	0	0	0	0	354	1
16138	unclassified	0	0	0	0	525	1
16139	unclassified	0	0	0	0	243	1
16135	unclassified	0	0	0	0	1356	1
16141	unclassified	0	0	0	0	327	1
16140	unclassified	0	0	0	0	444	1
16142	unclassified	0	0	0	0	237	1
16144	unclassified	0	0	0	0	261	1
16127	unclassified	0	0	0	0	2736	1
16143	unclassified	0	0	0	0	810	1
16147	unclassified	0	0	0	0	201	1
16146	unclassified	0	0	0	0	783	1
16149	unclassified	0	0	0	0	510	1
16148	unclassified	0	0	0	0	846	1
16152	unclassified	0	0	0	0	111	1
16150	unclassified	0	0	0	0	825	1
16151	unclassified	0	0	0	0	264	1
16145	cid|1639	1639	64	0	23	1692	1
16154	unclassified	0	0	0	0	237	1
16153	unclassified	0	0	0	0	402	1
16156	NC_000002.12	9606	64	0	23	246	1
16157	unclassified	0	0	0	0	255	1
16158	unclassified	0	0	0	0	330	1
16160	unclassified	0	0	0	0	156	1
16161	unclassified	0	0	0	0	480	1
16155	unclassified	0	0	0	0	1137	1
16159	unclassified	0	0	0	0	1101	1
16162	unclassified	0	0	0	0	849	1
16164	unclassified	0	0	0	0	267	1
16165	unclassified	0	0	0	0	444	1
16167	unclassified	0	0	0	0	486	1
16163	NC_000004.12	9606	81	0	24	1521	1
16168	unclassified	0	0	0	0	807	1
16169	unclassified	0	0	0	0	399	1
16166	unclassified	0	0	0	0	1455	1
16170	unclassified	0	0	0	0	441	1
16172	unclassified	0	0	0	0	315	1
16174	unclassified	0	0	0	0	183	1
16176	unclassified	0	0	0	0	177	1
16171	unclassified	0	0	0	0	906	1
16178	unclassified	0	0	0	0	237	1
16179	unclassified	0	0	0	0	273	1
16173	cid|29291	29291	64	0	23	1272	1
16177	cid|1580092	1580092	100	0	25	1035	1
16181	unclassified	0	0	0	0	285	1
16175	unclassified	0	0	0	0	1215	1
16183	unclassified	0	0	0	0	156	1
16184	cid|1284	1284	121	0	26	222	1
16185	unclassified	0	0	0	0	189	1
16187	unclassified	0	0	0	0	69	1
16188	unclassified	0	0	0	0	114	1
16180	unclassified	0	0	0	0	1002	1
16182	unclassified	0	0	0	0	738	1
16186	unclassified	0	0	0	0	471	1
16190	NC_000024.10	9606	81	0	24	321	1
16191	unclassified	0	0	0	0	321	1
16193	unclassified	0	0	0	0	195	1
16189	unclassified	0	0	0	0	720	1
16195	unclassified	0	0	0	0	153	1
16196	unclassified	0	0	0	0	234	1
16197	unclassified	0	0	0	0	573	1
16194	unclassified	0	0	0	0	867	1
16192	unclassified	0	0	0	0	1089	1
16200	unclassified	0	0	0	0	336	1
16198	unclassified	0	0	0	0	735	1
16199	unclassified	0	0	0	0	510	1
16201	unclassified	0	0	0	0	270	1
16202	unclassified	0	0	0	0	438	1
16206	unclassified	0	0	0	0	321	1
16205	unclassified	0	0	0	0	429	1
16204	unclassified	0	0	0	0	756	1
16203	NC_000011.10	9606	100	100	25	786	2
16203	NC_000001.11	9606	100	100	25	786	2
16210	unclassified	0	0	0	0	108	1
16209	cid|591197	591197	64	0	23	123	1
16208	NC_000002.12	9606	100	0	25	261	1
16212	unclassified	0	0	0	0	195	1
16207	unclassified	0	0	0	0	465	1
16215	unclassified	0	0	0	0	234	1
16216	unclassified	0	0	0	0	108	1
16211	unclassified	0	0	0	0	657	1
16218	unclassified	0	0	0	0	165	1
16217	unclassified	0	0	0	0	546	1
16213	unclassified	0	0	0	0	726	1
16214	unclassified	0	0	0	0	1164	1
16219	unclassified	0	0	0	0	666	1
16223	unclassified	0	0	0	0	645	1
16224	unclassified	0	0	0	0	168	1
16222	unclassified	0	0	0	0	855	1
16225	unclassified	0	0	0	0	153	1
16226	unclassified	0	0	0	0	177	1
16221	NC_000013.11	9606	81	0	24	978	1
16228	unclassified	0	0	0	0	240	1
16220	unclassified	0	0	0	0	1590	1
16227	unclassified	0	0	0	0	318	1
16231	unclassified	0	0	0	0	240	1
16232	unclassified	0	0	0	0	399	1
16234	cid|1002672	1002672	81	0	24	105	1
16230	cid|41431	41431	64	0	23	618	1
16236	unclassified	0	0	0	0	135	1
16235	unclassified	0	0	0	0	357	1
16229	unclassified	0	0	0	0	954	1
16239	unclassified	0	0	0	0	261	1
16238	unclassified	0	0	0	0	381	1
16233	NC_000011.10	9606	64	64	23	981	4
16233	NT_187583.1	9606	64	64	23	981	4
16233	NC_000005.10	9606	64	64	23	981	4
16233	NW_011332695.1	9606	64	64	23	981	4
16241	NC_000004.12	9606	64	0	23	273	1
16242	unclassified	0	0	0	0	204	1
16240	NC_000002.12	9606	121	0	26	261	1
16243	unclassified	0	0	0	0	276	1
16237	unclassified	0	0	0	0	1038	1
16245	unclassified	0	0	0	0	303	1
16246	unclassified	0	0	0	0	213	1
16249	unclassified	0	0	0	0	306	1
16244	unclassified	0	0	0	0	774	1
16248	unclassified	0	0	0	0	642	1
16251	unclassified	0	0	0	0	879	1
16250	unclassified	0	0	0	0	1125	1
16247	cid|644281	644281	100	0	25	1668	1
16254	unclassified	0	0	0	0	306	1
16253	unclassified	0	0	0	0	888	1
16252	unclassified	0	0	0	0	1422	1
16255	unclassified	0	0	0	0	1134	1
16256	unclassified	0	0	0	0	927	1
16259	unclassified	0	0	0	0	165	1
16261	unclassified	0	0	0	0	126	1
16260	cid|1751286	1751286	64	0	23	195	1
16257	unclassified	0	0	0	0	867	1
16262	unclassified	0	0	0	0	369	1
16258	unclassified	0	0	0	0	666	1
16265	unclassified	0	0	0	0	171	1
16267	unclassified	0	0	0	0	258	1
16264	unclassified	0	0	0	0	936	1
16269	unclassified	0	0	0	0	297	1
16268	unclassified	0	0	0	0	540	1
16263	unclassified	0	0	0	0	1380	1
16271	unclassified	0	0	0	0	216	1
16272	unclassified	0	0	0	0	210	1
16266	unclassified	0	0	0	0	1161	1
16274	unclassified	0	0	0	0	225	1
16273	unclassified	0	0	0	0	357	1
16270	unclassified	0	0	0	0	648	1
16276	unclassified	0	0	0	0	495	1
16278	NC_000014.9	9606	81	0	24	1026	1
16275	unclassified	0	0	0	0	1047	1
16277	cid|430522	430522	64	0	23	1203	1
16280	unclassified	0	0	0	0	186	1
16283	unclassified	0	0	0	0	138	1
16279	unclassified	0	0	0	0	969	1
16284	unclassified	0	0	0	0	120	1
16282	unclassified	0	0	0	0	441	1
16281	unclassified	0	0	0	0	450	1
16285	unclassified	0	0	0	0	393	1
16286	unclassified	0	0	0	0	363	1
16288	unclassified	0	0	0	0	195	1
16287	unclassified	0	0	0	0	276	1
16290	cid|1324350	1324350	64	0	23	522	1
16292	unclassified	0	0	0	0	606	1
16291	NC_000003.12	9606	225	0	30	570	1
16289	unclassified	0	0	0	0	915	1
16293	unclassified	0	0	0	0	390	1
16295	unclassified	0	0	0	0	195	1
16297	unclassified	0	0	0	0	309	1
16294	unclassified	0	0	0	0	534	1
16299	unclassified	0	0	0	0	390	1
16298	unclassified	0	0	0	0	738	1
16296	unclassified	0	0	0	0	1254	1
16300	unclassified	0	0	0	0	882	1
16301	unclassified	0	0	0	0	606	1
16303	cid|373994	373994	64	0	23	123	1
16302	unclassified	0	0	0	0	522	1
16307	unclassified	0	0	0	0	423	1
16304	unclassified	0	0	0	0	1194	1
16308	unclassified	0	0	0	0	264	1
16305	unclassified	0	0	0	0	1632	1
16306	unclassified	0	0	0	0	1728	1
16311	unclassified	0	0	0	0	243	1
16312	unclassified	0	0	0	0	147	1
16313	unclassified	0	0	0	0	81	1
16309	unclassified	0	0	0	0	879	1
16314	unclassified	0	0	0	0	219	1
16316	unclassified	0	0	0	0	216	1
16317	unclassified	0	0	0	0	216	1
16310	unclassified	0	0	0	0	1092	1
16315	unclassified	0	0	0	0	528	1
16320	unclassified	0	0	0	0	234	1
16322	unclassified	0	0	0	0	297	1
16318	NC_000004.12	9606	64	0	23	954	1
16321	unclassified	0	0	0	0	660	1
16325	unclassified	0	0	0	0	132	1
16324	unclassified	0	0	0	0	243	1
16326	unclassified	0	0	0	0	126	1
16323	unclassified	0	0	0	0	309	1
16328	unclassified	0	0	0	0	180	1
16327	unclassified	0	0	0	0	261	1
16319	unclassified	0	0	0	0	1422	1
16330	unclassified	0	0	0	0	285	1
16332	unclassified	0	0	0	0	216	1
16331	unclassified	0	0	0	0	360	1
16333	unclassified	0	0	0	0	369	1
16335	unclassified	0	0	0	0	294	1
16334	unclassified	0	0	0	0	399	1
16336	unclassified	0	0	0	0	177	1
16339	unclassified	0	0	0	0	123	1
16329	unclassified	0	0	0	0	870	1
16337	unclassified	0	0	0	0	303	1
16340	unclassified	0	0	0	0	102	1
16343	unclassified	0	0	0	0	153	1
16342	unclassified	0	0	0	0	216	1
16344	unclassified	0	0	0	0	198	1
16338	unclassified	0	0	0	0	648	1
16347	unclassified	0	0	0	0	132	1
16345	unclassified	0	0	0	0	297	1
16346	unclassified	0	0	0	0	414	1
16348	unclassified	0	0	0	0	267	1
16349	unclassified	0	0	0	0	345	1
16350	unclassified	0	0	0	0	204	1
16341	unclassified	0	0	0	0	975	1
16352	unclassified	0	0	0	0	393	1
16351	unclassified	0	0	0	0	627	1
16353	unclassified	0	0	0	0	561	1
16356	unclassified	0	0	0	0	588	1
16357	unclassified	0	0	0	0	651	1
16359	unclassified	0	0	0	0	333	1
16360	unclassified	0	0	0	0	357	1
16354	unclassified	0	0	0	0	1467	1
16361	unclassified	0	0	0	0	210	1
16355	cid|1505907	1505907	64	0	23	1983	1
16363	unclassified	0	0	0	0	555	1
16362	unclassified	0	0	0	0	675	1
16364	unclassified	0	0	0	0	924	1
16367	unclassified	0	0	0	0	489	1
16365	cid|33934	33934	100	64	25	1059	1
16368	unclassified	0	0	0	0	117	1
16369	unclassified	0	0	0	0	141	1
16358	unclassified	0	0	0	0	2661	1
16366	cid|1404	1404	400	324	35	951	1
16370	unclassified	0	0	0	0	720	1
16372	unclassified	0	0	0	0	672	1
16371	NC_000019.10	9606	64	0	23	888	1
16376	unclassified	0	0	0	0	468	1
16374	unclassified	0	0	0	0	849	1
16377	unclassified	0	0	0	0	285	1
16375	unclassified	0	0	0	0	1038	1
16373	unclassified	0	0	0	0	1323	1
16380	unclassified	0	0	0	0	534	1
16381	NC_000018.10	9606	100	0	25	465	1
16383	unclassified	0	0	0	0	288	1
16378	unclassified	0	0	0	0	1632	1
16382	unclassified	0	0	0	0	696	1
16385	unclassified	0	0	0	0	108	1
16386	unclassified	0	0	0	0	108	1
16384	unclassified	0	0	0	0	252	1
16387	unclassified	0	0	0	0	354	1
16388	unclassified	0	0	0	0	393	1
16389	unclassified	0	0	0	0	384	1
16390	unclassified	0	0	0	0	525	1
16392	unclassified	0	0	0	0	333	1
16391	unclassified	0	0	0	0	531	1
16379	cid|1538	1538	100	100	25	2385	2
16379	cid|84023	84023	100	100	25	2385	2
16395	unclassified	0	0	0	0	267	1
16393	unclassified	0	0	0	0	468	1
16394	unclassified	0	0	0	0	393	1
16396	NT_187595.1	9606	81	81	24	357	2
16396	NC_000013.11	9606	81	81	24	357	2
16397	unclassified	0	0	0	0	312	1
16398	unclassified	0	0	0	0	306	1
16399	unclassified	0	0	0	0	204	1
16402	unclassified	0	0	0	0	210	1
16400	unclassified	0	0	0	0	438	1
16401	unclassified	0	0	0	0	453	1
16406	unclassified	0	0	0	0	147	1
16403	unclassified	0	0	0	0	384	1
16405	unclassified	0	0	0	0	456	1
16404	unclassified	0	0	0	0	612	1
16407	unclassified	0	0	0	0	510	1
16408	cid|84156	84156	121	121	26	471	2
16408	cid|54261	54261	121	121	26	471	2
16411	unclassified	0	0	0	0	204	1
16409	unclassified	0	0	0	0	639	1
16414	cid|1603555	1603555	64	0	23	651	1
16410	genus	1386	256	256	31	972	2
16410	species	33934	256	256	31	972	2
16413	unclassified	0	0	0	0	969	1
16415	unclassified	0	0	0	0	294	1
16416	unclassified	0	0	0	0	564	1
16418	unclassified	0	0	0	0	330	1
16417	unclassified	0	0	0	0	534	1
16419	unclassified	0	0	0	0	321	1
16421	unclassified	0	0	0	0	267	1
16423	unclassified	0	0	0	0	450	1
16412	unclassified	0	0	0	0	1968	1
16420	cid|1580092	1580092	121	0	26	1272	1
16424	unclassified	0	0	0	0	471	1
16425	unclassified	0	0	0	0	486	1
16426	unclassified	0	0	0	0	411	1
16422	unclassified	0	0	0	0	1437	1
16428	unclassified	0	0	0	0	348	1
16431	unclassified	0	0	0	0	105	1
16427	unclassified	0	0	0	0	963	1
16432	unclassified	0	0	0	0	219	1
16433	unclassified	0	0	0	0	123	1
16430	unclassified	0	0	0	0	747	1
16435	unclassified	0	0	0	0	567	1
16436	unclassified	0	0	0	0	438	1
16434	unclassified	0	0	0	0	585	1
16439	unclassified	0	0	0	0	78	1
16437	unclassified	0	0	0	0	435	1
16441	unclassified	0	0	0	0	162	1
16438	unclassified	0	0	0	0	573	1
16440	unclassified	0	0	0	0	534	1
16443	unclassified	0	0	0	0	468	1
16444	unclassified	0	0	0	0	189	1
16429	unclassified	0	0	0	0	2556	1
16442	unclassified	0	0	0	0	756	1
16448	unclassified	0	0	0	0	264	1
16446	unclassified	0	0	0	0	417	1
16450	unclassified	0	0	0	0	198	1
16445	unclassified	0	0	0	0	876	1
16451	unclassified	0	0	0	0	252	1
16447	NC_000016.10	9606	64	0	23	1029	1
16452	unclassified	0	0	0	0	633	1
16454	unclassified	0	0	0	0	387	1
16453	unclassified	0	0	0	0	429	1
16449	unclassified	0	0	0	0	1206	1
16457	unclassified	0	0	0	0	243	1
16458	unclassified	0	0	0	0	258	1
16455	unclassified	0	0	0	0	708	1
16456	unclassified	0	0	0	0	897	1
16461	unclassified	0	0	0	0	654	1
16460	unclassified	0	0	0	0	852	1
16462	unclassified	0	0	0	0	984	1
16463	unclassified	0	0	0	0	864	1
16459	unclassified	0	0	0	0	1704	1
16464	unclassified	0	0	0	0	1134	1
16466	unclassified	0	0	0	0	465	1
16469	unclassified	0	0	0	0	267	1
16465	unclassified	0	0	0	0	1077	1
16471	unclassified	0	0	0	0	252	1
16468	cid|39152	39152	81	0	24	723	1
16467	unclassified	0	0	0	0	819	1
16470	unclassified	0	0	0	0	849	1
16473	unclassified	0	0	0	0	453	1
16474	unclassified	0	0	0	0	600	1
16472	unclassified	0	0	0	0	951	1
16476	unclassified	0	0	0	0	558	1
16478	unclassified	0	0	0	0	213	1
16479	unclassified	0	0	0	0	519	1
16481	unclassified	0	0	0	0	132	1
16482	unclassified	0	0	0	0	204	1
16480	unclassified	0	0	0	0	1026	1
16477	unclassified	0	0	0	0	1173	1
16483	unclassified	0	0	0	0	591	1
16486	unclassified	0	0	0	0	336	1
16487	unclassified	0	0	0	0	189	1
16485	unclassified	0	0	0	0	519	1
16475	NC_000011.10	9606	64	64	23	3144	2
16475	NC_000019.10	9606	64	64	23	3144	2
16489	unclassified	0	0	0	0	438	1
16488	unclassified	0	0	0	0	879	1
16490	cid|1825069	1825069	64	0	23	315	1
16491	unclassified	0	0	0	0	387	1
16492	unclassified	0	0	0	0	444	1
16494	unclassified	0	0	0	0	363	1
16496	unclassified	0	0	0	0	279	1
16484	unclassified	0	0	0	0	2718	1
16497	unclassified	0	0	0	0	240	1
16495	unclassified	0	0	0	0	1137	1
16499	cid|651457	651457	289	0	32	303	1
16498	unclassified	0	0	0	0	618	1
16502	unclassified	0	0	0	0	234	1
16493	unclassified	0	0	0	0	2019	1
16504	unclassified	0	0	0	0	111	1
16505	unclassified	0	0	0	0	366	1
16500	unclassified	0	0	0	0	1122	1
16501	unclassified	0	0	0	0	927	1
16503	unclassified	0	0	0	0	990	1
16507	unclassified	0	0	0	0	246	1
16509	unclassified	0	0	0	0	291	1
16508	unclassified	0	0	0	0	336	1
16506	unclassified	0	0	0	0	831	1
16512	unclassified	0	0	0	0	330	1
16513	unclassified	0	0	0	0	699	1
16514	unclassified	0	0	0	0	438	1
16515	unclassified	0	0	0	0	387	1
16511	unclassified	0	0	0	0	1260	1
16516	unclassified	0	0	0	0	255	1
16518	unclassified	0	0	0	0	351	1
16519	unclassified	0	0	0	0	255	1
16517	unclassified	0	0	0	0	384	1
16520	unclassified	0	0	0	0	132	1
16522	unclassified	0	0	0	0	93	1
16523	unclassified	0	0	0	0	156	1
16510	cid|33034	33034	81	0	24	2184	1
16524	unclassified	0	0	0	0	327	1
16526	cid|34085	34085	64	0	23	978	1
16528	unclassified	0	0	0	0	210	1
16521	cid|39152	39152	64	0	23	1290	1
16527	unclassified	0	0	0	0	1887	1
16530	unclassified	0	0	0	0	558	1
16531	unclassified	0	0	0	0	189	1
16532	unclassified	0	0	0	0	153	1
16533	unclassified	0	0	0	0	237	1
16529	unclassified	0	0	0	0	1221	1
16534	unclassified	0	0	0	0	297	1
16525	NC_000023.11	9606	64	0	23	2712	1
16535	unclassified	0	0	0	0	726	1
16536	unclassified	0	0	0	0	843	1
16540	unclassified	0	0	0	0	69	1
16541	unclassified	0	0	0	0	603	1
16542	unclassified	0	0	0	0	159	1
16539	unclassified	0	0	0	0	1206	1
16544	unclassified	0	0	0	0	126	1
16543	unclassified	0	0	0	0	435	1
16537	unclassified	0	0	0	0	1671	1
16545	unclassified	0	0	0	0	207	1
16538	cid|53345	53345	100	64	25	1572	1
16547	unclassified	0	0	0	0	183	1
16549	unclassified	0	0	0	0	318	1
16550	unclassified	0	0	0	0	459	1
16546	unclassified	0	0	0	0	1227	1
16553	unclassified	0	0	0	0	66	1
16554	unclassified	0	0	0	0	135	1
16548	unclassified	0	0	0	0	1275	1
16551	unclassified	0	0	0	0	774	1
16552	unclassified	0	0	0	0	570	1
16555	unclassified	0	0	0	0	207	1
16557	unclassified	0	0	0	0	249	1
16559	unclassified	0	0	0	0	213	1
16558	unclassified	0	0	0	0	222	1
16560	unclassified	0	0	0	0	273	1
16556	unclassified	0	0	0	0	981	1
16562	unclassified	0	0	0	0	633	1
16561	cid|182710	182710	81	0	24	786	1
16563	cid|264697	264697	196	196	29	546	2
16563	cid|1565991	1565991	196	196	29	546	2
16564	unclassified	0	0	0	0	246	1
16565	unclassified	0	0	0	0	225	1
16566	unclassified	0	0	0	0	267	1
16570	unclassified	0	0	0	0	279	1
16567	unclassified	0	0	0	0	705	1
16571	unclassified	0	0	0	0	321	1
16568	unclassified	0	0	0	0	1032	1
16569	unclassified	0	0	0	0	819	1
16575	unclassified	0	0	0	0	219	1
16572	unclassified	0	0	0	0	984	1
16576	unclassified	0	0	0	0	243	1
16573	cid|83560	83560	169	81	28	963	1
16579	unclassified	0	0	0	0	210	1
16580	unclassified	0	0	0	0	282	1
16574	cid|41431	41431	64	64	23	1395	2
16574	cid|395962	395962	64	64	23	1395	2
16577	unclassified	0	0	0	0	900	1
16582	unclassified	0	0	0	0	171	1
16583	unclassified	0	0	0	0	132	1
16585	unclassified	0	0	0	0	153	1
16578	cid|672	672	121	0	26	891	1
16584	unclassified	0	0	0	0	381	1
16588	unclassified	0	0	0	0	285	1
16587	unclassified	0	0	0	0	483	1
16586	unclassified	0	0	0	0	948	1
16590	unclassified	0	0	0	0	273	1
16581	cid|86665	86665	121	0	26	1479	1
16589	unclassified	0	0	0	0	627	1
16591	unclassified	0	0	0	0	306	1
16593	unclassified	0	0	0	0	198	1
16596	unclassified	0	0	0	0	129	1
16597	unclassified	0	0	0	0	600	1
16594	unclassified	0	0	0	0	1074	1
16599	unclassified	0	0	0	0	141	1
16600	unclassified	0	0	0	0	240	1
16598	cid|171284	171284	81	0	24	858	1
16601	unclassified	0	0	0	0	429	1
16603	unclassified	0	0	0	0	153	1
16604	unclassified	0	0	0	0	192	1
16602	unclassified	0	0	0	0	564	1
16606	unclassified	0	0	0	0	306	1
16592	NC_000018.10	9606	64	0	23	2445	1
16607	unclassified	0	0	0	0	189	1
16605	unclassified	0	0	0	0	1071	1
16609	NC_000023.11	9606	100	0	25	612	1
16595	unclassified	0	0	0	0	3525	1
16612	unclassified	0	0	0	0	99	1
16608	unclassified	0	0	0	0	783	1
16611	unclassified	0	0	0	0	480	1
16610	unclassified	0	0	0	0	954	1
16615	unclassified	0	0	0	0	186	1
16613	unclassified	0	0	0	0	483	1
16616	unclassified	0	0	0	0	132	1
16618	unclassified	0	0	0	0	642	1
16620	unclassified	0	0	0	0	297	1
16614	cid|33990	33990	64	0	23	1461	1
16619	cid|409322	409322	81	0	24	1593	1
16623	unclassified	0	0	0	0	159	1
16622	cid|985002	985002	169	0	28	501	1
16617	unclassified	0	0	0	0	2175	1
16621	unclassified	0	0	0	0	1209	1
16625	unclassified	0	0	0	0	240	1
16627	unclassified	0	0	0	0	186	1
16626	unclassified	0	0	0	0	345	1
16628	unclassified	0	0	0	0	258	1
16629	unclassified	0	0	0	0	357	1
16632	unclassified	0	0	0	0	156	1
16630	unclassified	0	0	0	0	426	1
16624	unclassified	0	0	0	0	1221	1
16633	unclassified	0	0	0	0	702	1
16635	unclassified	0	0	0	0	669	1
16634	cid|1685010	1685010	64	0	23	825	1
16631	unclassified	0	0	0	0	1131	1
16639	unclassified	0	0	0	0	117	1
16638	unclassified	0	0	0	0	786	1
16640	unclassified	0	0	0	0	570	1
16641	unclassified	0	0	0	0	246	1
16636	cid|1492898	1492898	144	100	27	1128	1
16643	unclassified	0	0	0	0	108	1
16637	unclassified	0	0	0	0	1323	1
16642	unclassified	0	0	0	0	249	1
16646	unclassified	0	0	0	0	213	1
16645	unclassified	0	0	0	0	420	1
16647	unclassified	0	0	0	0	201	1
16648	unclassified	0	0	0	0	180	1
16649	unclassified	0	0	0	0	306	1
16644	unclassified	0	0	0	0	882	1
16652	unclassified	0	0	0	0	237	1
16653	unclassified	0	0	0	0	249	1
16654	unclassified	0	0	0	0	186	1
16651	unclassified	0	0	0	0	708	1
16655	unclassified	0	0	0	0	258	1
16658	unclassified	0	0	0	0	363	1
16656	cid|2208	2208	64	0	23	570	1
16659	unclassified	0	0	0	0	252	1
16650	unclassified	0	0	0	0	1335	1
16662	unclassified	0	0	0	0	282	1
16660	unclassified	0	0	0	0	723	1
16664	unclassified	0	0	0	0	219	1
16665	unclassified	0	0	0	0	135	1
16657	unclassified	0	0	0	0	1668	1
16663	unclassified	0	0	0	0	396	1
16668	unclassified	0	0	0	0	162	1
16666	unclassified	0	0	0	0	411	1
16669	unclassified	0	0	0	0	174	1
16670	unclassified	0	0	0	0	162	1
16667	unclassified	0	0	0	0	471	1
16661	unclassified	0	0	0	0	1458	1
16671	unclassified	0	0	0	0	453	1
16672	unclassified	0	0	0	0	675	1
16673	unclassified	0	0	0	0	828	1
16674	unclassified	0	0	0	0	750	1
16678	unclassified	0	0	0	0	306	1
16675	unclassified	0	0	0	0	657	1
16676	unclassified	0	0	0	0	681	1
16681	unclassified	0	0	0	0	237	1
16677	cid|2105	2105	64	64	23	1140	2
16677	cid|2095	2095	64	64	23	1140	2
16682	NC_000008.11	9606	100	0	25	645	1
16680	cid|1580092	1580092	81	0	24	849	1
16683	unclassified	0	0	0	0	420	1
16679	unclassified	0	0	0	0	1371	1
16686	unclassified	0	0	0	0	219	1
16685	unclassified	0	0	0	0	225	1
16688	unclassified	0	0	0	0	294	1
16684	unclassified	0	0	0	0	795	1
16687	cid|82076	82076	64	0	23	564	1
16692	unclassified	0	0	0	0	291	1
16691	unclassified	0	0	0	0	405	1
16694	unclassified	0	0	0	0	99	1
16689	unclassified	0	0	0	0	816	1
16696	unclassified	0	0	0	0	234	1
16695	unclassified	0	0	0	0	702	1
16690	cid|315405	315405	64	0	23	1230	1
16693	cid|1219	1219	64	0	23	801	1
16700	unclassified	0	0	0	0	198	1
16698	unclassified	0	0	0	0	345	1
16699	unclassified	0	0	0	0	378	1
16702	unclassified	0	0	0	0	165	1
16697	unclassified	0	0	0	0	780	1
16704	unclassified	0	0	0	0	702	1
16705	unclassified	0	0	0	0	939	1
16703	unclassified	0	0	0	0	1548	1
16701	unclassified	0	0	0	0	1728	1
16706	unclassified	0	0	0	0	1050	1
16708	unclassified	0	0	0	0	564	1
16710	unclassified	0	0	0	0	495	1
16707	unclassified	0	0	0	0	831	1
16709	unclassified	0	0	0	0	1035	1
16713	NC_000001.11	9606	64	0	23	333	1
16711	NC_000002.12	9606	81	0	24	756	1
16714	unclassified	0	0	0	0	303	1
16712	unclassified	0	0	0	0	615	1
16716	unclassified	0	0	0	0	669	1
16719	unclassified	0	0	0	0	345	1
16718	unclassified	0	0	0	0	1011	1
16715	unclassified	0	0	0	0	1005	1
16720	unclassified	0	0	0	0	189	1
16717	unclassified	0	0	0	0	1293	1
16722	unclassified	0	0	0	0	237	1
16723	unclassified	0	0	0	0	291	1
16726	unclassified	0	0	0	0	144	1
16727	unclassified	0	0	0	0	108	1
16728	unclassified	0	0	0	0	135	1
16724	unclassified	0	0	0	0	660	1
16725	unclassified	0	0	0	0	468	1
16731	unclassified	0	0	0	0	219	1
16730	unclassified	0	0	0	0	621	1
16729	unclassified	0	0	0	0	876	1
16733	unclassified	0	0	0	0	681	1
16732	unclassified	0	0	0	0	903	1
16735	unclassified	0	0	0	0	114	1
16737	unclassified	0	0	0	0	165	1
16738	unclassified	0	0	0	0	87	1
16734	unclassified	0	0	0	0	945	1
16721	unclassified	0	0	0	0	2640	1
16736	unclassified	0	0	0	0	420	1
16740	unclassified	0	0	0	0	231	1
16743	unclassified	0	0	0	0	405	1
16741	unclassified	0	0	0	0	588	1
16744	unclassified	0	0	0	0	195	1
16745	unclassified	0	0	0	0	180	1
16742	cid|1538	1538	64	64	23	585	2
16742	cid|84023	84023	64	64	23	585	2
16746	unclassified	0	0	0	0	225	1
16748	unclassified	0	0	0	0	327	1
16747	NC_000021.9	9606	64	0	23	567	1
16739	cid|351679	351679	64	0	23	1665	1
16750	unclassified	0	0	0	0	288	1
16749	unclassified	0	0	0	0	831	1
16753	unclassified	0	0	0	0	390	1
16751	cid|1404	1404	64	64	23	885	3
16751	cid|1478	1478	64	64	23	885	3
16751	cid|1509	1509	64	64	23	885	3
16756	cid|1247	1247	64	0	23	288	1
16752	cid|82076	82076	81	81	24	1065	2
16752	NC_000013.11	9606	81	81	24	1065	2
16754	unclassified	0	0	0	0	1284	1
16757	unclassified	0	0	0	0	744	1
16759	unclassified	0	0	0	0	360	1
16761	unclassified	0	0	0	0	135	1
16760	unclassified	0	0	0	0	558	1
16758	unclassified	0	0	0	0	1320	1
16763	unclassified	0	0	0	0	132	1
16755	cid|1423	1423	196	64	29	1452	1
16764	unclassified	0	0	0	0	219	1
16767	unclassified	0	0	0	0	159	1
16765	unclassified	0	0	0	0	492	1
16762	unclassified	0	0	0	0	1119	1
16768	unclassified	0	0	0	0	390	1
16769	unclassified	0	0	0	0	285	1
16771	unclassified	0	0	0	0	123	1
16770	unclassified	0	0	0	0	294	1
16774	unclassified	0	0	0	0	318	1
16775	unclassified	0	0	0	0	243	1
16773	unclassified	0	0	0	0	849	1
16776	unclassified	0	0	0	0	279	1
16766	unclassified	0	0	0	0	1257	1
16777	NC_000006.12	9606	196	196	29	267	3
16777	NC_000023.11	9606	196	196	29	267	3
16777	NC_000010.11	9606	196	196	29	267	3
16772	unclassified	0	0	0	0	1293	1
16780	unclassified	0	0	0	0	153	1
16781	unclassified	0	0	0	0	147	1
16782	unclassified	0	0	0	0	588	1
16779	unclassified	0	0	0	0	939	1
16784	unclassified	0	0	0	0	357	1
16786	cid|1508404	1508404	100	0	25	630	1
16785	unclassified	0	0	0	0	738	1
16783	cid|983544	983544	121	81	26	1599	1
16787	unclassified	0	0	0	0	432	1
16788	unclassified	0	0	0	0	447	1
16778	unclassified	0	0	0	0	2721	1
16789	unclassified	0	0	0	0	435	1
16791	unclassified	0	0	0	0	414	1
16790	unclassified	0	0	0	0	777	1
16793	unclassified	0	0	0	0	435	1
16794	unclassified	0	0	0	0	261	1
16792	unclassified	0	0	0	0	702	1
16796	unclassified	0	0	0	0	216	1
16795	unclassified	0	0	0	0	264	1
16800	unclassified	0	0	0	0	195	1
16797	unclassified	0	0	0	0	342	1
16799	unclassified	0	0	0	0	321	1
16801	unclassified	0	0	0	0	363	1
16802	unclassified	0	0	0	0	288	1
16803	unclassified	0	0	0	0	372	1
16804	unclassified	0	0	0	0	207	1
16805	unclassified	0	0	0	0	174	1
16807	unclassified	0	0	0	0	420	1
16809	unclassified	0	0	0	0	561	1
16806	unclassified	0	0	0	0	1245	1
16798	cid|39766	39766	81	0	24	2190	1
16810	unclassified	0	0	0	0	648	1
16808	species	731	64	64	23	1230	5
16808	genus	1386	64	64	23	1230	5
16808	species	43305	64	64	23	1230	5
16808	species	1406	64	64	23	1230	5
16808	species	573062	64	64	23	1230	5
16812	unclassified	0	0	0	0	603	1
16813	unclassified	0	0	0	0	606	1
16814	unclassified	0	0	0	0	417	1
16816	cid|119484	119484	64	0	23	279	1
16815	unclassified	0	0	0	0	612	1
16817	unclassified	0	0	0	0	204	1
16811	NC_000003.12	9606	64	64	23	1371	2
16811	NC_000001.11	9606	64	64	23	1371	2
16819	unclassified	0	0	0	0	180	1
16818	unclassified	0	0	0	0	441	1
16820	unclassified	0	0	0	0	270	1
16821	unclassified	0	0	0	0	549	1
16822	unclassified	0	0	0	0	600	1
16825	cid|1501268	1501268	81	0	24	132	1
16823	unclassified	0	0	0	0	537	1
16828	unclassified	0	0	0	0	201	1
16824	unclassified	0	0	0	0	1182	1
16827	unclassified	0	0	0	0	1095	1
16826	NC_000011.10	9606	100	0	25	1140	1
16829	cid|1639	1639	289	0	32	1248	1
16832	unclassified	0	0	0	0	1068	1
16830	unclassified	0	0	0	0	999	1
16831	unclassified	0	0	0	0	1290	1
16833	unclassified	0	0	0	0	819	1
16834	unclassified	0	0	0	0	609	1
16835	cid|999	999	81	0	24	624	1
16836	unclassified	0	0	0	0	711	1
16838	unclassified	0	0	0	0	327	1
16837	unclassified	0	0	0	0	777	1
16842	unclassified	0	0	0	0	324	1
16843	unclassified	0	0	0	0	621	1
16841	unclassified	0	0	0	0	1011	1
16844	unclassified	0	0	0	0	102	1
16840	unclassified	0	0	0	0	1230	1
16839	unclassified	0	0	0	0	1377	1
16845	unclassified	0	0	0	0	663	1
16847	unclassified	0	0	0	0	552	1
16849	unclassified	0	0	0	0	219	1
16850	unclassified	0	0	0	0	222	1
16851	unclassified	0	0	0	0	255	1
16848	cid|885581	885581	100	0	25	516	1
16852	NC_000011.10	9606	121	0	26	384	1
16853	unclassified	0	0	0	0	327	1
16855	unclassified	0	0	0	0	156	1
16846	cid|203907	203907	81	64	24	1470	1
16856	unclassified	0	0	0	0	204	1
16854	unclassified	0	0	0	0	543	1
16859	cid|782	782	64	0	23	345	1
16860	unclassified	0	0	0	0	225	1
16861	NC_000018.10	9606	64	0	23	399	1
16858	unclassified	0	0	0	0	837	1
16864	unclassified	0	0	0	0	231	1
16863	unclassified	0	0	0	0	285	1
16866	unclassified	0	0	0	0	342	1
16865	unclassified	0	0	0	0	525	1
16867	unclassified	0	0	0	0	381	1
16868	unclassified	0	0	0	0	291	1
16862	unclassified	0	0	0	0	1059	1
16857	cid|234831	234831	81	0	24	1971	1
16869	unclassified	0	0	0	0	150	1
16872	unclassified	0	0	0	0	249	1
16870	unclassified	0	0	0	0	483	1
16871	unclassified	0	0	0	0	534	1
16875	NC_000004.12	9606	81	0	24	324	1
16876	unclassified	0	0	0	0	237	1
16874	unclassified	0	0	0	0	648	1
16873	unclassified	0	0	0	0	879	1
16877	unclassified	0	0	0	0	456	1
16879	unclassified	0	0	0	0	687	1
16880	unclassified	0	0	0	0	717	1
16878	unclassified	0	0	0	0	732	1
16881	unclassified	0	0	0	0	1149	1
16884	unclassified	0	0	0	0	468	1
16882	cid|1390	1390	64	0	23	738	1
16885	unclassified	0	0	0	0	519	1
16883	unclassified	0	0	0	0	1410	1
16887	unclassified	0	0	0	0	723	1
16888	unclassified	0	0	0	0	318	1
16889	unclassified	0	0	0	0	300	1
16891	unclassified	0	0	0	0	294	1
16893	unclassified	0	0	0	0	273	1
16892	unclassified	0	0	0	0	420	1
16886	unclassified	0	0	0	0	1263	1
16890	unclassified	0	0	0	0	864	1
16894	unclassified	0	0	0	0	336	1
16898	unclassified	0	0	0	0	234	1
16899	unclassified	0	0	0	0	162	1
16897	cid|1390	1390	81	81	24	882	3
16897	cid|1423	1423	81	81	24	882	3
16897	cid|492670	492670	81	81	24	882	3
16896	unclassified	0	0	0	0	1017	1
16895	unclassified	0	0	0	0	1668	1
16900	NC_000005.10	9606	144	0	27	1107	1
16902	unclassified	0	0	0	0	390	1
16901	unclassified	0	0	0	0	918	1
16903	unclassified	0	0	0	0	549	1
16907	unclassified	0	0	0	0	267	1
16906	unclassified	0	0	0	0	882	1
16908	unclassified	0	0	0	0	693	1
16905	unclassified	0	0	0	0	1206	1
16904	unclassified	0	0	0	0	1872	1
16912	unclassified	0	0	0	0	165	1
16913	unclassified	0	0	0	0	87	1
16914	unclassified	0	0	0	0	180	1
16915	unclassified	0	0	0	0	270	1
16916	cid|28199	28199	100	0	25	258	1
16917	unclassified	0	0	0	0	393	1
16909	cid|351671	351671	196	121	29	1983	1
16918	unclassified	0	0	0	0	207	1
16911	unclassified	0	0	0	0	1572	1
16920	unclassified	0	0	0	0	216	1
16919	NC_000015.10	9606	121	0	26	312	1
16922	unclassified	0	0	0	0	363	1
16923	unclassified	0	0	0	0	339	1
16925	unclassified	0	0	0	0	159	1
16921	unclassified	0	0	0	0	537	1
16924	NC_000015.10	9606	64	0	23	363	1
16910	cid|591197	591197	196	81	29	2868	1
16926	unclassified	0	0	0	0	645	1
16928	unclassified	0	0	0	0	492	1
16927	unclassified	0	0	0	0	546	1
16931	unclassified	0	0	0	0	219	1
16930	cid|40324	40324	81	81	24	156	2
16930	cid|674703	674703	81	81	24	156	2
16934	unclassified	0	0	0	0	144	1
16933	unclassified	0	0	0	0	327	1
16932	unclassified	0	0	0	0	552	1
16935	unclassified	0	0	0	0	330	1
16929	unclassified	0	0	0	0	1179	1
16938	unclassified	0	0	0	0	282	1
16940	unclassified	0	0	0	0	192	1
16937	unclassified	0	0	0	0	444	1
16936	NC_000006.12	9606	81	81	24	1029	2
16936	NC_000023.11	9606	81	81	24	1029	2
16943	unclassified	0	0	0	0	309	1
16942	unclassified	0	0	0	0	492	1
16941	unclassified	0	0	0	0	777	1
16944	unclassified	0	0	0	0	486	1
16939	unclassified	0	0	0	0	1437	1
16947	unclassified	0	0	0	0	438	1
16945	unclassified	0	0	0	0	720	1
16949	unclassified	0	0	0	0	444	1
16946	unclassified	0	0	0	0	1251	1
16952	unclassified	0	0	0	0	99	1
16948	unclassified	0	0	0	0	1029	1
16953	unclassified	0	0	0	0	123	1
16955	unclassified	0	0	0	0	132	1
16954	unclassified	0	0	0	0	219	1
16956	unclassified	0	0	0	0	333	1
16951	unclassified	0	0	0	0	882	1
16957	unclassified	0	0	0	0	336	1
16960	unclassified	0	0	0	0	117	1
16958	cid|1396	1396	64	0	23	375	1
16950	unclassified	0	0	0	0	1446	1
16959	unclassified	0	0	0	0	927	1
16961	unclassified	0	0	0	0	792	1
16962	unclassified	0	0	0	0	690	1
16966	unclassified	0	0	0	0	267	1
16963	unclassified	0	0	0	0	792	1
16967	unclassified	0	0	0	0	399	1
16964	unclassified	0	0	0	0	744	1
16965	unclassified	0	0	0	0	828	1
16968	unclassified	0	0	0	0	150	1
16972	unclassified	0	0	0	0	129	1
16971	unclassified	0	0	0	0	360	1
16973	unclassified	0	0	0	0	234	1
16969	unclassified	0	0	0	0	768	1
16975	unclassified	0	0	0	0	177	1
16970	unclassified	0	0	0	0	792	1
16977	unclassified	0	0	0	0	219	1
16974	unclassified	0	0	0	0	819	1
16978	unclassified	0	0	0	0	666	1
16976	unclassified	0	0	0	0	837	1
16980	unclassified	0	0	0	0	453	1
16983	cid|253245	253245	64	0	23	300	1
16979	unclassified	0	0	0	0	1122	1
16985	unclassified	0	0	0	0	162	1
16984	unclassified	0	0	0	0	630	1
16982	unclassified	0	0	0	0	1149	1
16987	unclassified	0	0	0	0	195	1
16988	unclassified	0	0	0	0	366	1
16981	unclassified	0	0	0	0	1653	1
16986	cid|418008	418008	64	64	23	423	2
16986	cid|2209	2209	64	64	23	423	2
16992	unclassified	0	0	0	0	189	1
16989	unclassified	0	0	0	0	639	1
16991	unclassified	0	0	0	0	345	1
16990	unclassified	0	0	0	0	468	1
16993	unclassified	0	0	0	0	255	1
16995	unclassified	0	0	0	0	234	1
16998	unclassified	0	0	0	0	192	1
16996	unclassified	0	0	0	0	438	1
17000	unclassified	0	0	0	0	153	1
16999	unclassified	0	0	0	0	363	1
16997	unclassified	0	0	0	0	531	1
17001	unclassified	0	0	0	0	252	1
17002	unclassified	0	0	0	0	270	1
17005	unclassified	0	0	0	0	213	1
16994	NC_000003.12	9606	100	0	25	1356	1
17003	unclassified	0	0	0	0	423	1
17004	unclassified	0	0	0	0	570	1
17007	unclassified	0	0	0	0	168	1
17009	unclassified	0	0	0	0	255	1
17010	unclassified	0	0	0	0	282	1
17012	unclassified	0	0	0	0	399	1
17006	unclassified	0	0	0	0	1113	1
17011	NC_000010.11	9606	81	81	24	579	3
17011	NC_000016.10	9606	81	81	24	579	3
17011	NC_000011.10	9606	81	81	24	579	3
17014	unclassified	0	0	0	0	156	1
17013	unclassified	0	0	0	0	384	1
17015	unclassified	0	0	0	0	246	1
17008	unclassified	0	0	0	0	1212	1
17016	cid|1216932	1216932	81	81	24	393	2
17016	cid|1496	1496	81	81	24	393	2
17018	unclassified	0	0	0	0	429	1
17017	NC_000010.11	9606	64	0	23	1005	1
17021	NC_000003.12	9606	64	0	23	582	1
17022	unclassified	0	0	0	0	249	1
17020	unclassified	0	0	0	0	933	1
17023	unclassified	0	0	0	0	345	1
17019	cid|40576	40576	64	0	23	924	1
17024	unclassified	0	0	0	0	423	1
17026	unclassified	0	0	0	0	432	1
17025	unclassified	0	0	0	0	606	1
17027	unclassified	0	0	0	0	333	1
17028	unclassified	0	0	0	0	414	1
17029	unclassified	0	0	0	0	363	1
17031	unclassified	0	0	0	0	411	1
17030	unclassified	0	0	0	0	909	1
17034	unclassified	0	0	0	0	345	1
17032	unclassified	0	0	0	0	810	1
17036	unclassified	0	0	0	0	273	1
17037	unclassified	0	0	0	0	342	1
17035	unclassified	0	0	0	0	543	1
17033	unclassified	0	0	0	0	1119	1
17040	unclassified	0	0	0	0	435	1
17039	unclassified	0	0	0	0	657	1
17038	cid|2287	2287	100	0	25	534	1
17041	unclassified	0	0	0	0	591	1
17042	unclassified	0	0	0	0	282	1
17043	unclassified	0	0	0	0	423	1
17047	unclassified	0	0	0	0	312	1
17046	unclassified	0	0	0	0	651	1
17044	unclassified	0	0	0	0	816	1
17048	unclassified	0	0	0	0	510	1
17050	unclassified	0	0	0	0	144	1
17051	unclassified	0	0	0	0	114	1
17049	unclassified	0	0	0	0	576	1
17054	unclassified	0	0	0	0	126	1
17052	unclassified	0	0	0	0	246	1
17053	unclassified	0	0	0	0	222	1
17045	unclassified	0	0	0	0	1467	1
17056	unclassified	0	0	0	0	123	1
17055	unclassified	0	0	0	0	333	1
17059	unclassified	0	0	0	0	264	1
17057	unclassified	0	0	0	0	474	1
17060	unclassified	0	0	0	0	201	1
17063	unclassified	0	0	0	0	507	1
17061	unclassified	0	0	0	0	471	1
17064	unclassified	0	0	0	0	102	1
17062	unclassified	0	0	0	0	717	1
17058	cid|446	446	64	0	23	1143	1
17065	unclassified	0	0	0	0	225	1
17066	unclassified	0	0	0	0	459	1
17067	unclassified	0	0	0	0	414	1
17071	unclassified	0	0	0	0	237	1
17072	unclassified	0	0	0	0	141	1
17070	unclassified	0	0	0	0	780	1
17073	unclassified	0	0	0	0	852	1
17068	cid|1229909	1229909	81	0	24	1620	1
17074	unclassified	0	0	0	0	1080	1
17075	cid|1580092	1580092	64	0	23	588	1
17069	cid|1410606	1410606	81	0	24	1623	1
17077	unclassified	0	0	0	0	132	1
17079	unclassified	0	0	0	0	135	1
17080	unclassified	0	0	0	0	135	1
17076	unclassified	0	0	0	0	1047	1
17082	NC_000020.11	9606	169	0	28	231	1
17084	unclassified	0	0	0	0	231	1
17081	unclassified	0	0	0	0	645	1
17083	unclassified	0	0	0	0	744	1
17087	unclassified	0	0	0	0	363	1
17085	unclassified	0	0	0	0	918	1
17086	unclassified	0	0	0	0	690	1
17078	cid|1306519	1306519	81	0	24	1830	1
17088	unclassified	0	0	0	0	537	1
17090	unclassified	0	0	0	0	267	1
17089	unclassified	0	0	0	0	651	1
17092	unclassified	0	0	0	0	330	1
17091	unclassified	0	0	0	0	594	1
17093	unclassified	0	0	0	0	246	1
17094	unclassified	0	0	0	0	348	1
17095	unclassified	0	0	0	0	354	1
17098	unclassified	0	0	0	0	237	1
17097	unclassified	0	0	0	0	552	1
17101	unclassified	0	0	0	0	168	1
17099	unclassified	0	0	0	0	663	1
17103	unclassified	0	0	0	0	171	1
17102	unclassified	0	0	0	0	255	1
17096	cid|164514	164514	64	0	23	1212	1
17104	unclassified	0	0	0	0	201	1
17106	unclassified	0	0	0	0	186	1
17105	cid|1314	1314	64	0	23	297	1
17100	cid|1286	1286	64	0	23	1104	1
17107	unclassified	0	0	0	0	402	1
17108	cid|74109	74109	64	64	23	570	2
17108	NC_000002.12	9606	64	64	23	570	2
17111	unclassified	0	0	0	0	426	1
17110	unclassified	0	0	0	0	609	1
17113	unclassified	0	0	0	0	339	1
17114	unclassified	0	0	0	0	345	1
17112	unclassified	0	0	0	0	645	1
17116	unclassified	0	0	0	0	210	1
17115	unclassified	0	0	0	0	417	1
17109	unclassified	0	0	0	0	1161	1
17119	unclassified	0	0	0	0	165	1
17120	unclassified	0	0	0	0	399	1
17121	unclassified	0	0	0	0	591	1
17122	unclassified	0	0	0	0	150	1
17117	unclassified	0	0	0	0	1077	1
17118	unclassified	0	0	0	0	1029	1
17125	unclassified	0	0	0	0	162	1
17123	unclassified	0	0	0	0	243	1
17124	unclassified	0	0	0	0	138	1
17128	unclassified	0	0	0	0	249	1
17126	unclassified	0	0	0	0	456	1
17127	unclassified	0	0	0	0	732	1
17130	unclassified	0	0	0	0	684	1
17129	unclassified	0	0	0	0	933	1
17131	unclassified	0	0	0	0	840	1
17133	unclassified	0	0	0	0	504	1
17132	unclassified	0	0	0	0	819	1
17136	unclassified	0	0	0	0	621	1
17134	unclassified	0	0	0	0	855	1
17135	unclassified	0	0	0	0	1182	1
17139	unclassified	0	0	0	0	234	1
17138	unclassified	0	0	0	0	558	1
17137	unclassified	0	0	0	0	1233	1
17143	unclassified	0	0	0	0	300	1
17144	unclassified	0	0	0	0	957	1
17142	unclassified	0	0	0	0	1422	1
17145	unclassified	0	0	0	0	276	1
17147	unclassified	0	0	0	0	201	1
17146	unclassified	0	0	0	0	507	1
17141	unclassified	0	0	0	0	1872	1
17140	unclassified	0	0	0	0	2796	1
17150	unclassified	0	0	0	0	393	1
17149	NC_000006.12	9606	225	0	30	810	1
17151	unclassified	0	0	0	0	363	1
17148	unclassified	0	0	0	0	1266	1
17153	unclassified	0	0	0	0	363	1
17152	unclassified	0	0	0	0	738	1
17156	unclassified	0	0	0	0	315	1
17158	unclassified	0	0	0	0	75	1
17155	unclassified	0	0	0	0	585	1
17160	unclassified	0	0	0	0	213	1
17154	unclassified	0	0	0	0	1062	1
17159	unclassified	0	0	0	0	441	1
17162	unclassified	0	0	0	0	147	1
17164	unclassified	0	0	0	0	267	1
17157	unclassified	0	0	0	0	882	1
17161	unclassified	0	0	0	0	966	1
17167	unclassified	0	0	0	0	144	1
17163	NC_000010.11	9606	100	100	25	972	2
17163	NC_000023.11	9606	100	100	25	972	2
17165	unclassified	0	0	0	0	954	1
17168	unclassified	0	0	0	0	372	1
17166	unclassified	0	0	0	0	603	1
17169	unclassified	0	0	0	0	396	1
17171	unclassified	0	0	0	0	252	1
17173	unclassified	0	0	0	0	273	1
17170	unclassified	0	0	0	0	681	1
17174	unclassified	0	0	0	0	441	1
17177	unclassified	0	0	0	0	165	1
17175	unclassified	0	0	0	0	1050	1
17172	unclassified	0	0	0	0	1287	1
17178	unclassified	0	0	0	0	747	1
17179	unclassified	0	0	0	0	132	1
17181	unclassified	0	0	0	0	351	1
17182	unclassified	0	0	0	0	510	1
17176	cid|33056	33056	320	0	54	1395	1
17185	unclassified	0	0	0	0	159	1
17184	unclassified	0	0	0	0	243	1
17187	unclassified	0	0	0	0	135	1
17180	unclassified	0	0	0	0	843	1
17186	unclassified	0	0	0	0	264	1
17188	unclassified	0	0	0	0	297	1
17190	unclassified	0	0	0	0	384	1
17189	unclassified	0	0	0	0	753	1
17183	unclassified	0	0	0	0	1716	1
17191	unclassified	0	0	0	0	993	1
17192	cid|1639	1639	121	64	26	813	1
17195	unclassified	0	0	0	0	204	1
17197	unclassified	0	0	0	0	216	1
17198	unclassified	0	0	0	0	258	1
17193	unclassified	0	0	0	0	846	1
17196	unclassified	0	0	0	0	582	1
17194	unclassified	0	0	0	0	1077	1
17200	unclassified	0	0	0	0	201	1
17199	unclassified	0	0	0	0	306	1
17201	unclassified	0	0	0	0	972	1
17202	unclassified	0	0	0	0	1056	1
17204	unclassified	0	0	0	0	1200	1
17206	unclassified	0	0	0	0	504	1
17207	cid|1741	1741	64	0	23	462	1
17203	NC_000008.11	9606	81	0	24	1554	1
17210	unclassified	0	0	0	0	252	1
17209	unclassified	0	0	0	0	933	1
17211	unclassified	0	0	0	0	216	1
17212	unclassified	0	0	0	0	114	1
17205	unclassified	0	0	0	0	2103	1
17208	unclassified	0	0	0	0	1518	1
17214	unclassified	0	0	0	0	396	1
17216	cid|591197	591197	81	0	24	597	1
17217	unclassified	0	0	0	0	732	1
17213	unclassified	0	0	0	0	1164	1
17219	unclassified	0	0	0	0	351	1
17218	cid|1134405	1134405	100	0	25	741	1
17215	cid|83554	83554	64	0	23	1392	1
17222	unclassified	0	0	0	0	159	1
17220	unclassified	0	0	0	0	408	1
17221	unclassified	0	0	0	0	531	1
17224	unclassified	0	0	0	0	390	1
17223	unclassified	0	0	0	0	636	1
17225	unclassified	0	0	0	0	354	1
17226	unclassified	0	0	0	0	432	1
17227	unclassified	0	0	0	0	237	1
17228	unclassified	0	0	0	0	240	1
17231	unclassified	0	0	0	0	117	1
17229	unclassified	0	0	0	0	279	1
17232	cid|319938	319938	64	64	23	201	2
17232	cid|1173027	1173027	64	64	23	201	2
17230	unclassified	0	0	0	0	390	1
17235	unclassified	0	0	0	0	258	1
17234	unclassified	0	0	0	0	336	1
17236	unclassified	0	0	0	0	519	1
17237	unclassified	0	0	0	0	411	1
17238	unclassified	0	0	0	0	297	1
17239	unclassified	0	0	0	0	162	1
17240	unclassified	0	0	0	0	228	1
17242	unclassified	0	0	0	0	195	1
17241	unclassified	0	0	0	0	279	1
17233	unclassified	0	0	0	0	1332	1
17244	unclassified	0	0	0	0	255	1
17243	unclassified	0	0	0	0	318	1
17248	unclassified	0	0	0	0	120	1
17245	unclassified	0	0	0	0	450	1
17246	unclassified	0	0	0	0	615	1
17249	unclassified	0	0	0	0	717	1
17250	cid|1648	1648	144	121	27	450	1
17252	unclassified	0	0	0	0	531	1
17247	cid|1117645	1117645	121	0	26	1329	1
17255	unclassified	0	0	0	0	210	1
17254	unclassified	0	0	0	0	543	1
17253	unclassified	0	0	0	0	786	1
17257	unclassified	0	0	0	0	282	1
17256	unclassified	0	0	0	0	606	1
17251	cid|394958	394958	81	0	24	1767	1
17261	unclassified	0	0	0	0	156	1
17258	unclassified	0	0	0	0	519	1
17262	unclassified	0	0	0	0	237	1
17260	unclassified	0	0	0	0	579	1
17259	unclassified	0	0	0	0	1101	1
17265	unclassified	0	0	0	0	777	1
17264	unclassified	0	0	0	0	897	1
17263	unclassified	0	0	0	0	840	1
17266	unclassified	0	0	0	0	399	1
17268	unclassified	0	0	0	0	288	1
17269	unclassified	0	0	0	0	336	1
17267	cid|743722	743722	81	0	24	546	1
17272	cid|187101	187101	81	0	24	189	1
17270	unclassified	0	0	0	0	750	1
17273	unclassified	0	0	0	0	270	1
17275	unclassified	0	0	0	0	264	1
17274	unclassified	0	0	0	0	420	1
17276	cid|136609	136609	64	0	23	456	1
17271	unclassified	0	0	0	0	1413	1
17277	unclassified	0	0	0	0	642	1
17279	unclassified	0	0	0	0	402	1
17278	unclassified	0	0	0	0	1029	1
17280	unclassified	0	0	0	0	1128	1
17283	unclassified	0	0	0	0	318	1
17282	unclassified	0	0	0	0	1338	1
17281	cid|1184387	1184387	121	121	26	1401	3
17281	cid|1156431	1156431	121	121	26	1401	3
17281	cid|1156433	1156433	121	121	26	1401	3
17285	unclassified	0	0	0	0	429	1
17288	unclassified	0	0	0	0	180	1
17289	unclassified	0	0	0	0	123	1
17286	unclassified	0	0	0	0	693	1
17291	unclassified	0	0	0	0	153	1
17284	cid|134821	134821	64	64	23	1245	2
17284	cid|166501	166501	64	64	23	1245	2
17292	unclassified	0	0	0	0	231	1
17290	unclassified	0	0	0	0	441	1
17293	unclassified	0	0	0	0	741	1
17296	unclassified	0	0	0	0	141	1
17287	unclassified	0	0	0	0	1995	1
17297	unclassified	0	0	0	0	498	1
17295	unclassified	0	0	0	0	1338	1
17299	unclassified	0	0	0	0	558	1
17298	unclassified	0	0	0	0	993	1
17300	unclassified	0	0	0	0	696	1
17301	cid|1428	1428	64	0	23	777	1
17304	unclassified	0	0	0	0	171	1
17302	unclassified	0	0	0	0	1005	1
17306	cid|1472767	1472767	81	0	24	264	1
17294	unclassified	0	0	0	0	3549	1
17303	cid|1580092	1580092	100	0	25	873	1
17308	unclassified	0	0	0	0	171	1
17310	unclassified	0	0	0	0	120	1
17307	unclassified	0	0	0	0	384	1
17309	unclassified	0	0	0	0	363	1
17313	unclassified	0	0	0	0	240	1
17305	unclassified	0	0	0	0	1656	1
17311	cid|985002	985002	64	64	23	474	2
17311	cid|1280	1280	64	64	23	474	2
17316	unclassified	0	0	0	0	249	1
17317	unclassified	0	0	0	0	156	1
17312	NC_000019.10	9606	256	256	31	936	3
17312	NC_000016.10	9606	256	256	31	936	3
17312	NC_000006.12	9606	256	256	31	936	3
17314	unclassified	0	0	0	0	720	1
17315	unclassified	0	0	0	0	1002	1
17318	cid|373994	373994	81	0	24	762	1
17322	unclassified	0	0	0	0	309	1
17321	unclassified	0	0	0	0	636	1
17323	unclassified	0	0	0	0	168	1
17325	unclassified	0	0	0	0	261	1
17320	unclassified	0	0	0	0	1086	1
17324	unclassified	0	0	0	0	552	1
17326	unclassified	0	0	0	0	186	1
17319	unclassified	0	0	0	0	1740	1
17329	unclassified	0	0	0	0	771	1
17330	unclassified	0	0	0	0	942	1
17331	unclassified	0	0	0	0	207	1
17328	cid|2424	2424	81	0	24	1020	1
17332	unclassified	0	0	0	0	195	1
17334	unclassified	0	0	0	0	210	1
17335	unclassified	0	0	0	0	210	1
17336	unclassified	0	0	0	0	105	1
17338	unclassified	0	0	0	0	180	1
17337	unclassified	0	0	0	0	390	1
17340	unclassified	0	0	0	0	243	1
17327	unclassified	0	0	0	0	1842	1
17333	unclassified	0	0	0	0	1362	1
17341	unclassified	0	0	0	0	474	1
17339	unclassified	0	0	0	0	1032	1
17343	unclassified	0	0	0	0	477	1
17342	unclassified	0	0	0	0	654	1
17346	unclassified	0	0	0	0	852	1
17348	unclassified	0	0	0	0	366	1
17347	unclassified	0	0	0	0	984	1
17344	species	9606	121	0	26	1167	1
17350	unclassified	0	0	0	0	177	1
17345	unclassified	0	0	0	0	1746	1
17349	unclassified	0	0	0	0	543	1
17352	unclassified	0	0	0	0	216	1
17353	unclassified	0	0	0	0	225	1
17354	unclassified	0	0	0	0	252	1
17357	unclassified	0	0	0	0	141	1
17351	unclassified	0	0	0	0	738	1
17356	unclassified	0	0	0	0	501	1
17355	cid|246432	246432	64	0	23	699	1
17358	unclassified	0	0	0	0	750	1
17360	unclassified	0	0	0	0	1212	1
17363	unclassified	0	0	0	0	129	1
17359	unclassified	0	0	0	0	1533	1
17362	cid|2105	2105	64	64	23	762	3
17362	NC_000023.11	9606	64	64	23	762	3
17362	cid|2095	2095	64	64	23	762	3
17366	unclassified	0	0	0	0	153	1
17364	unclassified	0	0	0	0	345	1
17367	unclassified	0	0	0	0	420	1
17361	unclassified	0	0	0	0	1410	1
17368	cid|29546	29546	64	0	23	510	1
17365	unclassified	0	0	0	0	1413	1
17372	unclassified	0	0	0	0	111	1
17369	unclassified	0	0	0	0	1002	1
17371	NC_000010.11	9606	121	0	26	699	1
17374	unclassified	0	0	0	0	231	1
17375	unclassified	0	0	0	0	384	1
17376	unclassified	0	0	0	0	348	1
17373	unclassified	0	0	0	0	1026	1
17379	unclassified	0	0	0	0	537	1
17378	unclassified	0	0	0	0	1062	1
17377	unclassified	0	0	0	0	1458	1
17370	cid|1229909	1229909	169	0	28	2181	1
17381	unclassified	0	0	0	0	312	1
17383	unclassified	0	0	0	0	150	1
17384	unclassified	0	0	0	0	180	1
17380	NC_000006.12	9606	121	0	26	600	1
17385	unclassified	0	0	0	0	390	1
17386	unclassified	0	0	0	0	525	1
17389	unclassified	0	0	0	0	267	1
17382	unclassified	0	0	0	0	1068	1
17391	unclassified	0	0	0	0	219	1
17388	unclassified	0	0	0	0	756	1
17387	NC_000004.12	9606	64	0	23	1554	1
17392	unclassified	0	0	0	0	798	1
17393	unclassified	0	0	0	0	603	1
17395	unclassified	0	0	0	0	621	1
17390	cid|126740	126740	64	64	23	1719	4
17390	cid|93929	93929	64	64	23	1719	4
17390	cid|1157948	1157948	64	64	23	1719	4
17390	cid|1157947	1157947	64	64	23	1719	4
17394	unclassified	0	0	0	0	1095	1
17397	unclassified	0	0	0	0	537	1
17396	unclassified	0	0	0	0	717	1
17398	unclassified	0	0	0	0	630	1
17400	unclassified	0	0	0	0	372	1
17403	cid|1404	1404	81	0	24	957	1
17399	unclassified	0	0	0	0	1881	1
17404	unclassified	0	0	0	0	495	1
17401	cid|1603555	1603555	121	0	26	1458	1
17402	cid|155863	155863	64	64	23	1767	2
17402	cid|511435	511435	64	64	23	1767	2
17405	unclassified	0	0	0	0	534	1
17408	unclassified	0	0	0	0	801	1
17406	cid|246432	246432	64	0	23	1659	1
17407	unclassified	0	0	0	0	1398	1
17410	cid|50339	50339	64	0	23	666	1
17409	unclassified	0	0	0	0	1563	1
17414	unclassified	0	0	0	0	255	1
17411	unclassified	0	0	0	0	975	1
17415	unclassified	0	0	0	0	489	1
17416	unclassified	0	0	0	0	144	1
17417	unclassified	0	0	0	0	108	1
17418	unclassified	0	0	0	0	237	1
17420	unclassified	0	0	0	0	207	1
17421	unclassified	0	0	0	0	228	1
17413	cid|1496	1496	225	0	30	1503	1
17419	unclassified	0	0	0	0	789	1
17424	unclassified	0	0	0	0	96	1
17412	unclassified	0	0	0	0	1641	1
17423	unclassified	0	0	0	0	327	1
17425	unclassified	0	0	0	0	255	1
17427	unclassified	0	0	0	0	192	1
17422	unclassified	0	0	0	0	600	1
17428	unclassified	0	0	0	0	183	1
17431	unclassified	0	0	0	0	171	1
17426	unclassified	0	0	0	0	456	1
17430	unclassified	0	0	0	0	423	1
17429	unclassified	0	0	0	0	720	1
17432	unclassified	0	0	0	0	585	1
17434	unclassified	0	0	0	0	402	1
17433	unclassified	0	0	0	0	444	1
17436	unclassified	0	0	0	0	276	1
17437	unclassified	0	0	0	0	264	1
17440	unclassified	0	0	0	0	588	1
17439	unclassified	0	0	0	0	729	1
17438	cid|1423	1423	64	0	23	780	1
17435	unclassified	0	0	0	0	1152	1
17441	unclassified	0	0	0	0	315	1
17445	unclassified	0	0	0	0	201	1
17444	NC_000006.12	9606	64	0	23	555	1
17443	unclassified	0	0	0	0	585	1
17447	unclassified	0	0	0	0	135	1
17448	unclassified	0	0	0	0	231	1
17446	unclassified	0	0	0	0	723	1
17451	unclassified	0	0	0	0	297	1
17450	unclassified	0	0	0	0	336	1
17449	unclassified	0	0	0	0	717	1
17442	unclassified	0	0	0	0	2019	1
17452	unclassified	0	0	0	0	681	1
17453	unclassified	0	0	0	0	690	1
17454	unclassified	0	0	0	0	942	1
17457	unclassified	0	0	0	0	231	1
17456	unclassified	0	0	0	0	492	1
17460	unclassified	0	0	0	0	174	1
17459	unclassified	0	0	0	0	198	1
17462	unclassified	0	0	0	0	180	1
17455	species	9606	121	0	26	906	1
17461	unclassified	0	0	0	0	867	1
17458	NC_000022.11	9606	100	100	25	1221	2
17458	NC_000011.10	9606	100	100	25	1221	2
17465	unclassified	0	0	0	0	171	1
17466	unclassified	0	0	0	0	273	1
17468	cid|1410606	1410606	64	0	23	513	1
17463	unclassified	0	0	0	0	1578	1
17469	unclassified	0	0	0	0	1041	1
17467	unclassified	0	0	0	0	1893	1
17470	unclassified	0	0	0	0	849	1
17471	unclassified	0	0	0	0	417	1
17472	unclassified	0	0	0	0	462	1
17474	unclassified	0	0	0	0	297	1
17464	NC_000008.11	9606	64	64	23	2829	5
17464	NC_000024.10	9606	64	64	23	2829	5
17464	NW_012132916.1	9606	64	64	23	2829	5
17464	NC_000003.12	9606	64	64	23	2829	5
17464	NC_000005.10	9606	64	64	23	2829	5
17476	unclassified	0	0	0	0	294	1
17475	unclassified	0	0	0	0	507	1
17477	unclassified	0	0	0	0	483	1
17479	unclassified	0	0	0	0	423	1
17480	unclassified	0	0	0	0	288	1
17473	unclassified	0	0	0	0	1023	1
17481	unclassified	0	0	0	0	186	1
17482	unclassified	0	0	0	0	228	1
17483	unclassified	0	0	0	0	174	1
17486	unclassified	0	0	0	0	102	1
17485	unclassified	0	0	0	0	264	1
17478	unclassified	0	0	0	0	1098	1
17484	unclassified	0	0	0	0	510	1
17489	unclassified	0	0	0	0	138	1
17490	unclassified	0	0	0	0	390	1
17491	unclassified	0	0	0	0	423	1
17488	unclassified	0	0	0	0	714	1
17487	unclassified	0	0	0	0	903	1
17494	unclassified	0	0	0	0	429	1
17493	unclassified	0	0	0	0	540	1
17495	NC_000011.10	9606	64	64	23	243	2
17495	NC_000003.12	9606	64	64	23	243	2
17496	unclassified	0	0	0	0	261	1
17497	unclassified	0	0	0	0	240	1
17500	unclassified	0	0	0	0	462	1
17492	cid|54261	54261	81	64	24	1113	1
17502	unclassified	0	0	0	0	120	1
17499	unclassified	0	0	0	0	840	1
17498	unclassified	0	0	0	0	834	1
17501	unclassified	0	0	0	0	465	1
17506	unclassified	0	0	0	0	147	1
17505	unclassified	0	0	0	0	231	1
17504	unclassified	0	0	0	0	474	1
17509	unclassified	0	0	0	0	120	1
17507	unclassified	0	0	0	0	357	1
17510	unclassified	0	0	0	0	324	1
17508	unclassified	0	0	0	0	399	1
17513	unclassified	0	0	0	0	213	1
17514	unclassified	0	0	0	0	312	1
17512	unclassified	0	0	0	0	942	1
17516	unclassified	0	0	0	0	252	1
17517	unclassified	0	0	0	0	213	1
17503	cid|187101	187101	225	144	30	2319	1
17511	unclassified	0	0	0	0	2517	1
17518	unclassified	0	0	0	0	1005	1
17515	cid|1396	1396	64	0	23	1359	1
17522	unclassified	0	0	0	0	393	1
17520	unclassified	0	0	0	0	858	1
17523	unclassified	0	0	0	0	366	1
17524	unclassified	0	0	0	0	474	1
17521	unclassified	0	0	0	0	1404	1
17526	unclassified	0	0	0	0	327	1
17519	cid|48296	48296	64	0	23	2697	1
17529	unclassified	0	0	0	0	753	1
17528	unclassified	0	0	0	0	1188	1
17530	unclassified	0	0	0	0	432	1
17531	unclassified	0	0	0	0	363	1
17533	unclassified	0	0	0	0	102	1
17525	cid|84030	84030	64	0	23	1950	1
17532	unclassified	0	0	0	0	294	1
17536	unclassified	0	0	0	0	135	1
17535	unclassified	0	0	0	0	189	1
17527	unclassified	0	0	0	0	2247	1
17538	unclassified	0	0	0	0	210	1
17534	NC_000016.10	9606	81	0	24	741	1
17539	unclassified	0	0	0	0	474	1
17542	unclassified	0	0	0	0	105	1
17541	unclassified	0	0	0	0	360	1
17537	unclassified	0	0	0	0	1116	1
17545	unclassified	0	0	0	0	288	1
17546	unclassified	0	0	0	0	198	1
17540	unclassified	0	0	0	0	1275	1
17547	unclassified	0	0	0	0	309	1
17543	NC_000003.12	9606	64	0	23	1284	1
17548	unclassified	0	0	0	0	453	1
17550	unclassified	0	0	0	0	348	1
17544	cid|135735	135735	64	0	23	1641	1
17553	unclassified	0	0	0	0	210	1
17549	cid|1229909	1229909	100	0	25	900	1
17555	unclassified	0	0	0	0	198	1
17556	unclassified	0	0	0	0	132	1
17554	unclassified	0	0	0	0	525	1
17557	unclassified	0	0	0	0	198	1
17552	unclassified	0	0	0	0	1038	1
17558	unclassified	0	0	0	0	279	1
17560	unclassified	0	0	0	0	126	1
17561	unclassified	0	0	0	0	126	1
17551	cid|1697053	1697053	81	81	24	972	2
17551	cid|142	142	81	81	24	972	2
17563	unclassified	0	0	0	0	240	1
17564	unclassified	0	0	0	0	201	1
17562	unclassified	0	0	0	0	300	1
17565	unclassified	0	0	0	0	333	1
17566	unclassified	0	0	0	0	435	1
17567	unclassified	0	0	0	0	534	1
17570	unclassified	0	0	0	0	165	1
17571	unclassified	0	0	0	0	117	1
17569	unclassified	0	0	0	0	294	1
17572	unclassified	0	0	0	0	387	1
17573	unclassified	0	0	0	0	372	1
17559	cid|380749	380749	100	0	25	2139	1
17575	unclassified	0	0	0	0	306	1
17574	unclassified	0	0	0	0	492	1
17576	unclassified	0	0	0	0	126	1
17577	unclassified	0	0	0	0	174	1
17568	unclassified	0	0	0	0	1653	1
17580	unclassified	0	0	0	0	177	1
17579	unclassified	0	0	0	0	336	1
17578	unclassified	0	0	0	0	663	1
17583	unclassified	0	0	0	0	360	1
17582	unclassified	0	0	0	0	507	1
17584	unclassified	0	0	0	0	372	1
17585	unclassified	0	0	0	0	510	1
17581	cid|2337	2337	144	100	27	1125	1
17587	unclassified	0	0	0	0	801	1
17590	unclassified	0	0	0	0	219	1
17588	unclassified	0	0	0	0	882	1
17586	unclassified	0	0	0	0	969	1
17589	unclassified	0	0	0	0	1077	1
17594	unclassified	0	0	0	0	471	1
17592	unclassified	0	0	0	0	852	1
17593	unclassified	0	0	0	0	735	1
17591	cid|96345	96345	64	64	23	885	2
17591	cid|1496	1496	64	64	23	885	2
17596	unclassified	0	0	0	0	72	1
17595	unclassified	0	0	0	0	192	1
17599	unclassified	0	0	0	0	351	1
17600	unclassified	0	0	0	0	456	1
17598	unclassified	0	0	0	0	657	1
17601	unclassified	0	0	0	0	444	1
17604	unclassified	0	0	0	0	192	1
17602	NC_000005.10	9606	64	0	23	630	1
17605	unclassified	0	0	0	0	564	1
17597	unclassified	0	0	0	0	1482	1
17603	NC_000010.11	9606	64	0	23	1251	1
17606	unclassified	0	0	0	0	1368	1
17608	unclassified	0	0	0	0	876	1
17611	unclassified	0	0	0	0	345	1
17609	species	9606	81	0	24	1359	1
17607	unclassified	0	0	0	0	2130	1
17612	unclassified	0	0	0	0	330	1
17614	unclassified	0	0	0	0	165	1
17613	unclassified	0	0	0	0	459	1
17610	unclassified	0	0	0	0	1311	1
17618	unclassified	0	0	0	0	417	1
17616	unclassified	0	0	0	0	801	1
17619	unclassified	0	0	0	0	357	1
17621	unclassified	0	0	0	0	132	1
17622	unclassified	0	0	0	0	273	1
17623	unclassified	0	0	0	0	426	1
17624	unclassified	0	0	0	0	117	1
17617	unclassified	0	0	0	0	1809	1
17620	unclassified	0	0	0	0	1341	1
17626	unclassified	0	0	0	0	126	1
17625	unclassified	0	0	0	0	414	1
17629	unclassified	0	0	0	0	291	1
17627	unclassified	0	0	0	0	492	1
17631	unclassified	0	0	0	0	201	1
17630	unclassified	0	0	0	0	327	1
17632	unclassified	0	0	0	0	273	1
17615	cid|666	666	81	81	24	2310	3
17615	cid|1648	1648	81	81	24	2310	3
17615	cid|1311	1311	81	81	24	2310	3
17628	unclassified	0	0	0	0	1020	1
17633	unclassified	0	0	0	0	384	1
17636	unclassified	0	0	0	0	138	1
17637	unclassified	0	0	0	0	147	1
17638	unclassified	0	0	0	0	255	1
17639	unclassified	0	0	0	0	273	1
17635	unclassified	0	0	0	0	570	1
17641	unclassified	0	0	0	0	294	1
17634	unclassified	0	0	0	0	843	1
17640	unclassified	0	0	0	0	543	1
17642	unclassified	0	0	0	0	735	1
17643	unclassified	0	0	0	0	876	1
17645	cid|2190	2190	81	0	24	1101	1
17644	unclassified	0	0	0	0	1386	1
17649	unclassified	0	0	0	0	150	1
17647	unclassified	0	0	0	0	855	1
17646	unclassified	0	0	0	0	1290	1
17650	unclassified	0	0	0	0	879	1
17653	unclassified	0	0	0	0	108	1
17651	unclassified	0	0	0	0	1062	1
17654	unclassified	0	0	0	0	300	1
17648	unclassified	0	0	0	0	1575	1
17655	unclassified	0	0	0	0	201	1
17657	unclassified	0	0	0	0	162	1
17656	cid|1548	1548	64	0	23	357	1
17652	unclassified	0	0	0	0	759	1
17658	unclassified	0	0	0	0	369	1
17661	unclassified	0	0	0	0	99	1
17660	unclassified	0	0	0	0	174	1
17664	unclassified	0	0	0	0	123	1
17659	NC_000007.14	9606	81	0	24	711	1
17662	unclassified	0	0	0	0	603	1
17663	unclassified	0	0	0	0	513	1
17667	unclassified	0	0	0	0	246	1
17665	unclassified	0	0	0	0	642	1
17669	unclassified	0	0	0	0	177	1
17666	cid|294	294	100	100	25	471	2
17666	cid|200450	200450	100	100	25	471	2
17668	unclassified	0	0	0	0	354	1
17671	unclassified	0	0	0	0	582	1
17673	unclassified	0	0	0	0	450	1
17670	unclassified	0	0	0	0	1041	1
17672	unclassified	0	0	0	0	879	1
17674	unclassified	0	0	0	0	483	1
17678	unclassified	0	0	0	0	129	1
17676	unclassified	0	0	0	0	294	1
17677	unclassified	0	0	0	0	273	1
17675	unclassified	0	0	0	0	540	1
17679	unclassified	0	0	0	0	381	1
17682	unclassified	0	0	0	0	219	1
17683	unclassified	0	0	0	0	405	1
17681	unclassified	0	0	0	0	702	1
17686	unclassified	0	0	0	0	132	1
17684	unclassified	0	0	0	0	489	1
17688	unclassified	0	0	0	0	102	1
17685	unclassified	0	0	0	0	324	1
17687	unclassified	0	0	0	0	282	1
17689	unclassified	0	0	0	0	183	1
17691	unclassified	0	0	0	0	216	1
17690	unclassified	0	0	0	0	363	1
17692	unclassified	0	0	0	0	219	1
17693	unclassified	0	0	0	0	168	1
17696	unclassified	0	0	0	0	186	1
17695	unclassified	0	0	0	0	201	1
17680	unclassified	0	0	0	0	1986	1
17699	unclassified	0	0	0	0	144	1
17698	unclassified	0	0	0	0	315	1
17694	unclassified	0	0	0	0	873	1
17702	unclassified	0	0	0	0	111	1
17700	unclassified	0	0	0	0	555	1
17703	unclassified	0	0	0	0	231	1
17704	unclassified	0	0	0	0	243	1
17706	unclassified	0	0	0	0	96	1
17707	unclassified	0	0	0	0	201	1
17705	NC_000006.12	9606	1089	1089	48	375	2
17705	NC_000010.11	9606	1089	1089	48	375	2
17708	unclassified	0	0	0	0	321	1
17709	unclassified	0	0	0	0	411	1
17711	unclassified	0	0	0	0	402	1
17697	unclassified	0	0	0	0	2811	1
17701	cid|1435069	1435069	81	0	24	1875	1
17710	unclassified	0	0	0	0	1167	1
17715	unclassified	0	0	0	0	111	1
17716	unclassified	0	0	0	0	273	1
17713	unclassified	0	0	0	0	504	1
17717	unclassified	0	0	0	0	147	1
17718	unclassified	0	0	0	0	168	1
17714	unclassified	0	0	0	0	549	1
17712	unclassified	0	0	0	0	1284	1
17720	unclassified	0	0	0	0	312	1
17723	unclassified	0	0	0	0	117	1
17719	unclassified	0	0	0	0	279	1
17722	unclassified	0	0	0	0	798	1
17724	unclassified	0	0	0	0	465	1
17725	unclassified	0	0	0	0	762	1
17721	unclassified	0	0	0	0	1161	1
17726	unclassified	0	0	0	0	663	1
17729	unclassified	0	0	0	0	255	1
17728	NC_000006.12	9606	64	0	23	444	1
17727	unclassified	0	0	0	0	1008	1
17730	unclassified	0	0	0	0	771	1
17732	unclassified	0	0	0	0	864	1
17733	unclassified	0	0	0	0	957	1
17734	unclassified	0	0	0	0	813	1
17736	unclassified	0	0	0	0	426	1
17738	unclassified	0	0	0	0	318	1
17735	unclassified	0	0	0	0	1131	1
17731	cid|1410606	1410606	225	225	30	1707	2
17731	cid|1603555	1603555	225	225	30	1707	2
17739	unclassified	0	0	0	0	297	1
17737	unclassified	0	0	0	0	849	1
17742	unclassified	0	0	0	0	141	1
17740	unclassified	0	0	0	0	315	1
17745	NC_000011.10	9606	64	0	23	312	1
17743	unclassified	0	0	0	0	678	1
17746	unclassified	0	0	0	0	510	1
17744	NC_000002.12	9606	81	0	24	897	1
17747	unclassified	0	0	0	0	447	1
17749	unclassified	0	0	0	0	237	1
17741	unclassified	0	0	0	0	1125	1
17751	unclassified	0	0	0	0	369	1
17748	unclassified	0	0	0	0	756	1
17752	unclassified	0	0	0	0	357	1
17753	unclassified	0	0	0	0	261	1
17754	unclassified	0	0	0	0	639	1
17750	cid|185008	185008	64	0	23	1197	1
17756	cid|294671	294671	121	0	26	420	1
17755	unclassified	0	0	0	0	753	1
17759	unclassified	0	0	0	0	180	1
17760	unclassified	0	0	0	0	246	1
17762	unclassified	0	0	0	0	171	1
17758	cid|55601	55601	64	64	23	837	2
17758	cid|45658	45658	64	64	23	837	2
17757	unclassified	0	0	0	0	1335	1
17763	unclassified	0	0	0	0	666	1
17765	unclassified	0	0	0	0	351	1
17764	unclassified	0	0	0	0	759	1
17761	unclassified	0	0	0	0	1467	1
17768	unclassified	0	0	0	0	60	1
17767	unclassified	0	0	0	0	432	1
17766	unclassified	0	0	0	0	480	1
17770	unclassified	0	0	0	0	411	1
17769	unclassified	0	0	0	0	474	1
17771	unclassified	0	0	0	0	276	1
17774	unclassified	0	0	0	0	231	1
17775	unclassified	0	0	0	0	249	1
17777	unclassified	0	0	0	0	387	1
17773	unclassified	0	0	0	0	813	1
17778	unclassified	0	0	0	0	219	1
17772	unclassified	0	0	0	0	1041	1
17779	unclassified	0	0	0	0	405	1
17782	unclassified	0	0	0	0	450	1
17781	cid|29311	29311	64	64	23	366	2
17781	cid|99598	99598	64	64	23	366	2
17776	cid|729	729	144	64	27	1392	1
17785	unclassified	0	0	0	0	201	1
17784	unclassified	0	0	0	0	312	1
17786	unclassified	0	0	0	0	186	1
17788	unclassified	0	0	0	0	102	1
17787	unclassified	0	0	0	0	309	1
17780	cid|33990	33990	64	0	23	1806	1
17789	unclassified	0	0	0	0	651	1
17783	unclassified	0	0	0	0	1272	1
17790	unclassified	0	0	0	0	570	1
17793	unclassified	0	0	0	0	243	1
17791	cid|1891280	1891280	64	0	23	504	1
17795	unclassified	0	0	0	0	216	1
17792	unclassified	0	0	0	0	534	1
17796	unclassified	0	0	0	0	201	1
17798	unclassified	0	0	0	0	90	1
17797	unclassified	0	0	0	0	327	1
17800	unclassified	0	0	0	0	327	1
17802	unclassified	0	0	0	0	261	1
17794	unclassified	0	0	0	0	825	1
17804	unclassified	0	0	0	0	201	1
17803	unclassified	0	0	0	0	387	1
17805	unclassified	0	0	0	0	225	1
17799	unclassified	0	0	0	0	1392	1
17806	unclassified	0	0	0	0	372	1
17808	unclassified	0	0	0	0	510	1
17807	unclassified	0	0	0	0	714	1
17801	unclassified	0	0	0	0	2370	1
17809	unclassified	0	0	0	0	1227	1
17811	unclassified	0	0	0	0	561	1
17812	unclassified	0	0	0	0	315	1
17815	unclassified	0	0	0	0	222	1
17810	unclassified	0	0	0	0	1533	1
17813	unclassified	0	0	0	0	1023	1
17814	unclassified	0	0	0	0	858	1
17818	NC_000008.11	9606	64	0	23	228	1
17817	unclassified	0	0	0	0	426	1
17816	unclassified	0	0	0	0	753	1
17819	unclassified	0	0	0	0	219	1
17821	unclassified	0	0	0	0	195	1
17822	unclassified	0	0	0	0	222	1
17824	unclassified	0	0	0	0	195	1
17820	unclassified	0	0	0	0	453	1
17826	unclassified	0	0	0	0	198	1
17825	unclassified	0	0	0	0	642	1
17828	unclassified	0	0	0	0	468	1
17823	unclassified	0	0	0	0	981	1
17827	unclassified	0	0	0	0	1002	1
17829	unclassified	0	0	0	0	489	1
17831	unclassified	0	0	0	0	198	1
17833	unclassified	0	0	0	0	156	1
17834	unclassified	0	0	0	0	156	1
17830	unclassified	0	0	0	0	777	1
17832	unclassified	0	0	0	0	660	1
17836	unclassified	0	0	0	0	300	1
17838	unclassified	0	0	0	0	195	1
17839	unclassified	0	0	0	0	147	1
17837	unclassified	0	0	0	0	576	1
17835	unclassified	0	0	0	0	738	1
17841	unclassified	0	0	0	0	225	1
17843	unclassified	0	0	0	0	507	1
17840	unclassified	0	0	0	0	840	1
17844	unclassified	0	0	0	0	414	1
17842	unclassified	0	0	0	0	972	1
17847	unclassified	0	0	0	0	588	1
17846	cid|1311	1311	81	81	24	960	2
17846	cid|666686	666686	81	81	24	960	2
17849	unclassified	0	0	0	0	408	1
17850	unclassified	0	0	0	0	399	1
17845	unclassified	0	0	0	0	1626	1
17853	unclassified	0	0	0	0	165	1
17851	unclassified	0	0	0	0	354	1
17852	cid|52584	52584	64	0	23	414	1
17855	unclassified	0	0	0	0	234	1
17856	unclassified	0	0	0	0	144	1
17857	unclassified	0	0	0	0	240	1
17848	unclassified	0	0	0	0	2088	1
17854	unclassified	0	0	0	0	762	1
17861	unclassified	0	0	0	0	99	1
17858	unclassified	0	0	0	0	498	1
17860	unclassified	0	0	0	0	228	1
17863	unclassified	0	0	0	0	270	1
17865	cid|14	14	81	0	24	318	1
17862	unclassified	0	0	0	0	651	1
17859	unclassified	0	0	0	0	807	1
17868	unclassified	0	0	0	0	237	1
17869	unclassified	0	0	0	0	141	1
17870	unclassified	0	0	0	0	180	1
17867	unclassified	0	0	0	0	672	1
17872	unclassified	0	0	0	0	120	1
17866	unclassified	0	0	0	0	912	1
17871	unclassified	0	0	0	0	282	1
17873	unclassified	0	0	0	0	312	1
17876	unclassified	0	0	0	0	258	1
17877	unclassified	0	0	0	0	288	1
17874	NC_000017.11	9606	169	169	28	717	2
17874	NC_000004.12	9606	169	169	28	717	2
17878	unclassified	0	0	0	0	351	1
17864	cid|379547	379547	196	0	29	2259	1
17879	unclassified	0	0	0	0	477	1
17875	cid|1625	1625	64	64	23	1005	2
17875	cid|224719	224719	64	64	23	1005	2
17880	unclassified	0	0	0	0	966	1
17882	unclassified	0	0	0	0	1173	1
17881	unclassified	0	0	0	0	1293	1
17883	cid|52765	52765	81	0	24	1134	1
17884	unclassified	0	0	0	0	957	1
17885	cid|1410606	1410606	64	0	23	561	1
17886	unclassified	0	0	0	0	588	1
17890	unclassified	0	0	0	0	189	1
17887	unclassified	0	0	0	0	432	1
17891	unclassified	0	0	0	0	693	1
17889	unclassified	0	0	0	0	1032	1
17888	unclassified	0	0	0	0	1149	1
17894	unclassified	0	0	0	0	159	1
17895	unclassified	0	0	0	0	84	1
17892	unclassified	0	0	0	0	756	1
17897	unclassified	0	0	0	0	153	1
17896	unclassified	0	0	0	0	255	1
17898	unclassified	0	0	0	0	192	1
17899	unclassified	0	0	0	0	630	1
17893	unclassified	0	0	0	0	1239	1
17902	unclassified	0	0	0	0	492	1
17900	unclassified	0	0	0	0	1083	1
17901	unclassified	0	0	0	0	858	1
17903	unclassified	0	0	0	0	381	1
17905	unclassified	0	0	0	0	183	1
17904	unclassified	0	0	0	0	288	1
17907	unclassified	0	0	0	0	240	1
17906	unclassified	0	0	0	0	237	1
17909	unclassified	0	0	0	0	255	1
17911	unclassified	0	0	0	0	153	1
17912	unclassified	0	0	0	0	147	1
17914	unclassified	0	0	0	0	258	1
17910	unclassified	0	0	0	0	756	1
17908	unclassified	0	0	0	0	1413	1
17915	cid|31899	31899	64	0	23	951	1
17913	unclassified	0	0	0	0	1143	1
17917	unclassified	0	0	0	0	504	1
17919	unclassified	0	0	0	0	540	1
17916	unclassified	0	0	0	0	1506	1
17920	unclassified	0	0	0	0	693	1
17922	unclassified	0	0	0	0	240	1
17921	unclassified	0	0	0	0	483	1
17924	unclassified	0	0	0	0	480	1
17925	unclassified	0	0	0	0	198	1
17926	unclassified	0	0	0	0	168	1
17923	NC_000003.12	9606	100	0	25	624	1
17929	cid|2173	2173	64	0	23	411	1
17927	unclassified	0	0	0	0	555	1
17931	unclassified	0	0	0	0	201	1
17918	cid|1410606	1410606	400	196	35	2283	1
17932	unclassified	0	0	0	0	282	1
17928	unclassified	0	0	0	0	1284	1
17930	unclassified	0	0	0	0	930	1
17935	unclassified	0	0	0	0	147	1
17934	unclassified	0	0	0	0	291	1
17938	unclassified	0	0	0	0	69	1
17936	unclassified	0	0	0	0	318	1
17933	NC_000005.10	9606	81	0	24	606	1
17941	unclassified	0	0	0	0	78	1
17940	unclassified	0	0	0	0	357	1
17943	unclassified	0	0	0	0	177	1
17937	unclassified	0	0	0	0	1206	1
17939	unclassified	0	0	0	0	903	1
17946	unclassified	0	0	0	0	276	1
17944	unclassified	0	0	0	0	891	1
17945	unclassified	0	0	0	0	477	1
17942	unclassified	0	0	0	0	1335	1
17948	unclassified	0	0	0	0	117	1
17950	unclassified	0	0	0	0	192	1
17949	unclassified	0	0	0	0	282	1
17953	unclassified	0	0	0	0	186	1
17952	unclassified	0	0	0	0	384	1
17951	unclassified	0	0	0	0	630	1
17954	unclassified	0	0	0	0	555	1
17956	NC_000004.12	9606	64	64	23	354	2
17956	NC_000014.9	9606	64	64	23	354	2
17957	unclassified	0	0	0	0	186	1
17958	unclassified	0	0	0	0	165	1
17960	unclassified	0	0	0	0	321	1
17959	unclassified	0	0	0	0	459	1
17961	unclassified	0	0	0	0	204	1
17962	unclassified	0	0	0	0	624	1
17963	unclassified	0	0	0	0	522	1
17964	unclassified	0	0	0	0	213	1
17955	unclassified	0	0	0	0	1923	1
17965	cid|1096	1096	64	0	23	891	1
17967	cid|1267021	1267021	64	0	23	1302	1
17947	NC_000023.11	9606	324	64	33	2904	1
17966	unclassified	0	0	0	0	1668	1
17968	unclassified	0	0	0	0	1050	1
17972	unclassified	0	0	0	0	348	1
17973	unclassified	0	0	0	0	270	1
17971	unclassified	0	0	0	0	933	1
17974	unclassified	0	0	0	0	240	1
17970	unclassified	0	0	0	0	1071	1
17969	unclassified	0	0	0	0	1653	1
17976	unclassified	0	0	0	0	450	1
17975	unclassified	0	0	0	0	543	1
17977	unclassified	0	0	0	0	336	1
17979	unclassified	0	0	0	0	342	1
17978	unclassified	0	0	0	0	381	1
17980	unclassified	0	0	0	0	396	1
17982	unclassified	0	0	0	0	165	1
17985	unclassified	0	0	0	0	945	1
17981	unclassified	0	0	0	0	1068	1
17984	unclassified	0	0	0	0	1341	1
17988	unclassified	0	0	0	0	156	1
17983	unclassified	0	0	0	0	1623	1
17990	unclassified	0	0	0	0	180	1
17986	unclassified	0	0	0	0	753	1
17989	unclassified	0	0	0	0	303	1
17993	unclassified	0	0	0	0	147	1
17987	unclassified	0	0	0	0	822	1
17992	unclassified	0	0	0	0	303	1
17994	unclassified	0	0	0	0	327	1
17996	unclassified	0	0	0	0	441	1
17997	unclassified	0	0	0	0	315	1
17998	unclassified	0	0	0	0	132	1
17999	unclassified	0	0	0	0	144	1
18000	unclassified	0	0	0	0	141	1
18001	unclassified	0	0	0	0	399	1
18003	unclassified	0	0	0	0	195	1
17995	unclassified	0	0	0	0	1098	1
17991	unclassified	0	0	0	0	1803	1
18004	unclassified	0	0	0	0	333	1
18002	unclassified	0	0	0	0	876	1
18008	unclassified	0	0	0	0	228	1
18007	unclassified	0	0	0	0	303	1
18006	unclassified	0	0	0	0	456	1
18005	unclassified	0	0	0	0	522	1
18010	unclassified	0	0	0	0	315	1
18009	unclassified	0	0	0	0	393	1
18012	unclassified	0	0	0	0	288	1
18011	unclassified	0	0	0	0	453	1
18015	unclassified	0	0	0	0	159	1
18014	unclassified	0	0	0	0	684	1
18017	unclassified	0	0	0	0	474	1
18013	unclassified	0	0	0	0	1050	1
18020	unclassified	0	0	0	0	246	1
18018	unclassified	0	0	0	0	609	1
18021	unclassified	0	0	0	0	195	1
18022	unclassified	0	0	0	0	237	1
18023	unclassified	0	0	0	0	417	1
18025	unclassified	0	0	0	0	156	1
18016	cid|49338	49338	100	0	25	1809	1
18024	unclassified	0	0	0	0	555	1
18027	unclassified	0	0	0	0	198	1
18019	unclassified	0	0	0	0	1128	1
18026	unclassified	0	0	0	0	273	1
18029	unclassified	0	0	0	0	237	1
18030	unclassified	0	0	0	0	180	1
18028	cid|56	56	81	0	24	300	1
18031	NC_000009.12	9606	81	0	24	234	1
18034	unclassified	0	0	0	0	267	1
18036	unclassified	0	0	0	0	126	1
18035	unclassified	0	0	0	0	408	1
18032	NT_187522.1	9606	64	64	23	543	2
18032	NC_000002.12	9606	64	64	23	543	2
18033	unclassified	0	0	0	0	552	1
18037	unclassified	0	0	0	0	393	1
18040	unclassified	0	0	0	0	171	1
18039	unclassified	0	0	0	0	444	1
18043	unclassified	0	0	0	0	144	1
18044	unclassified	0	0	0	0	135	1
18045	unclassified	0	0	0	0	102	1
18041	unclassified	0	0	0	0	636	1
18038	cid|2434	2434	64	0	23	927	1
18048	unclassified	0	0	0	0	243	1
18046	unclassified	0	0	0	0	441	1
18047	unclassified	0	0	0	0	456	1
18051	unclassified	0	0	0	0	306	1
18052	unclassified	0	0	0	0	246	1
18050	unclassified	0	0	0	0	735	1
18053	unclassified	0	0	0	0	177	1
18049	unclassified	0	0	0	0	975	1
18055	unclassified	0	0	0	0	447	1
18056	unclassified	0	0	0	0	471	1
18054	unclassified	0	0	0	0	864	1
18058	unclassified	0	0	0	0	327	1
18042	cid|1219	1219	64	0	23	2151	1
18059	unclassified	0	0	0	0	219	1
18057	unclassified	0	0	0	0	579	1
18062	unclassified	0	0	0	0	342	1
18060	unclassified	0	0	0	0	627	1
18061	unclassified	0	0	0	0	591	1
18065	unclassified	0	0	0	0	204	1
18066	unclassified	0	0	0	0	195	1
18064	unclassified	0	0	0	0	777	1
18067	unclassified	0	0	0	0	411	1
18070	unclassified	0	0	0	0	90	1
18068	unclassified	0	0	0	0	369	1
18063	unclassified	0	0	0	0	1455	1
18069	unclassified	0	0	0	0	603	1
18073	unclassified	0	0	0	0	348	1
18074	unclassified	0	0	0	0	261	1
18071	unclassified	0	0	0	0	819	1
18076	unclassified	0	0	0	0	213	1
18075	unclassified	0	0	0	0	333	1
18078	unclassified	0	0	0	0	150	1
18077	unclassified	0	0	0	0	300	1
18081	unclassified	0	0	0	0	102	1
18080	unclassified	0	0	0	0	234	1
18079	unclassified	0	0	0	0	345	1
18084	unclassified	0	0	0	0	153	1
18082	unclassified	0	0	0	0	372	1
18085	unclassified	0	0	0	0	147	1
18083	unclassified	0	0	0	0	348	1
18088	unclassified	0	0	0	0	138	1
18086	unclassified	0	0	0	0	414	1
18089	unclassified	0	0	0	0	234	1
18091	unclassified	0	0	0	0	222	1
18087	unclassified	0	0	0	0	1230	1
18090	unclassified	0	0	0	0	1083	1
18072	cid|1478	1478	81	0	24	2253	1
18094	unclassified	0	0	0	0	369	1
18093	unclassified	0	0	0	0	672	1
18097	unclassified	0	0	0	0	186	1
18096	unclassified	0	0	0	0	414	1
18099	unclassified	0	0	0	0	177	1
18092	unclassified	0	0	0	0	2199	1
18095	unclassified	0	0	0	0	1263	1
18098	unclassified	0	0	0	0	1083	1
18101	unclassified	0	0	0	0	663	1
18100	unclassified	0	0	0	0	1164	1
18104	unclassified	0	0	0	0	180	1
18106	unclassified	0	0	0	0	198	1
18107	unclassified	0	0	0	0	354	1
18105	unclassified	0	0	0	0	690	1
18102	unclassified	0	0	0	0	1107	1
18109	unclassified	0	0	0	0	423	1
18108	unclassified	0	0	0	0	465	1
18112	unclassified	0	0	0	0	192	1
18110	unclassified	0	0	0	0	351	1
18111	unclassified	0	0	0	0	459	1
18103	unclassified	0	0	0	0	1983	1
18116	unclassified	0	0	0	0	150	1
18114	unclassified	0	0	0	0	795	1
18113	unclassified	0	0	0	0	1059	1
18115	cid|43305	43305	64	64	23	1050	2
18115	cid|185008	185008	64	64	23	1050	2
18118	unclassified	0	0	0	0	486	1
18117	unclassified	0	0	0	0	1485	1
18119	unclassified	0	0	0	0	1188	1
18120	unclassified	0	0	0	0	936	1
18122	unclassified	0	0	0	0	603	1
18121	unclassified	0	0	0	0	798	1
18123	unclassified	0	0	0	0	309	1
18124	unclassified	0	0	0	0	303	1
18127	unclassified	0	0	0	0	204	1
18126	unclassified	0	0	0	0	249	1
18128	unclassified	0	0	0	0	300	1
18129	cid|1282	1282	64	0	23	258	1
18131	unclassified	0	0	0	0	252	1
18130	unclassified	0	0	0	0	399	1
18132	unclassified	0	0	0	0	351	1
18134	unclassified	0	0	0	0	135	1
18125	unclassified	0	0	0	0	1119	1
18133	unclassified	0	0	0	0	570	1
18135	unclassified	0	0	0	0	501	1
18136	unclassified	0	0	0	0	555	1
18137	unclassified	0	0	0	0	570	1
18138	unclassified	0	0	0	0	450	1
18140	unclassified	0	0	0	0	168	1
18141	unclassified	0	0	0	0	231	1
18143	unclassified	0	0	0	0	216	1
18142	unclassified	0	0	0	0	624	1
18144	unclassified	0	0	0	0	453	1
18139	unclassified	0	0	0	0	1245	1
18146	unclassified	0	0	0	0	570	1
18145	unclassified	0	0	0	0	678	1
18147	cid|818	818	64	0	23	702	1
18148	unclassified	0	0	0	0	681	1
18152	unclassified	0	0	0	0	90	1
18151	cid|1410606	1410606	324	0	33	393	1
18149	unclassified	0	0	0	0	711	1
18155	unclassified	0	0	0	0	207	1
18153	unclassified	0	0	0	0	603	1
18154	unclassified	0	0	0	0	603	1
18150	NC_000004.12	9606	100	0	25	1035	1
18159	unclassified	0	0	0	0	213	1
18160	unclassified	0	0	0	0	108	1
18158	unclassified	0	0	0	0	750	1
18156	cid|29388	29388	64	0	23	1059	1
18162	unclassified	0	0	0	0	126	1
18161	unclassified	0	0	0	0	426	1
18165	unclassified	0	0	0	0	315	1
18163	unclassified	0	0	0	0	825	1
18157	cid|586416	586416	64	0	23	1461	1
18166	unclassified	0	0	0	0	411	1
18164	unclassified	0	0	0	0	1176	1
18170	unclassified	0	0	0	0	258	1
18171	unclassified	0	0	0	0	288	1
18168	unclassified	0	0	0	0	1005	1
18173	unclassified	0	0	0	0	138	1
18174	unclassified	0	0	0	0	237	1
18169	unclassified	0	0	0	0	915	1
18167	unclassified	0	0	0	0	1656	1
18172	unclassified	0	0	0	0	720	1
18175	unclassified	0	0	0	0	357	1
18178	unclassified	0	0	0	0	411	1
18179	unclassified	0	0	0	0	387	1
18181	unclassified	0	0	0	0	99	1
18176	unclassified	0	0	0	0	678	1
18182	unclassified	0	0	0	0	162	1
18180	unclassified	0	0	0	0	942	1
18184	unclassified	0	0	0	0	816	1
18177	unclassified	0	0	0	0	1683	1
18186	unclassified	0	0	0	0	276	1
18187	unclassified	0	0	0	0	672	1
18188	unclassified	0	0	0	0	597	1
18189	unclassified	0	0	0	0	156	1
18183	unclassified	0	0	0	0	1686	1
18191	unclassified	0	0	0	0	192	1
18185	unclassified	0	0	0	0	1488	1
18193	unclassified	0	0	0	0	246	1
18190	NC_030938.1	1708712	64	0	23	597	1
18192	unclassified	0	0	0	0	318	1
18195	unclassified	0	0	0	0	183	1
18196	unclassified	0	0	0	0	918	1
18198	unclassified	0	0	0	0	879	1
18194	NC_000010.11	9606	196	0	29	1191	1
18200	unclassified	0	0	0	0	543	1
18197	unclassified	0	0	0	0	1422	1
18202	unclassified	0	0	0	0	414	1
18201	unclassified	0	0	0	0	1140	1
18204	unclassified	0	0	0	0	339	1
18203	unclassified	0	0	0	0	480	1
18205	unclassified	0	0	0	0	153	1
18199	unclassified	0	0	0	0	1839	1
18207	unclassified	0	0	0	0	147	1
18209	NC_000005.10	9606	81	0	24	159	1
18208	unclassified	0	0	0	0	288	1
18212	unclassified	0	0	0	0	558	1
18210	unclassified	0	0	0	0	657	1
18206	unclassified	0	0	0	0	1266	1
18213	unclassified	0	0	0	0	531	1
18215	unclassified	0	0	0	0	507	1
18211	unclassified	0	0	0	0	1851	1
18216	unclassified	0	0	0	0	708	1
18214	unclassified	0	0	0	0	909	1
18220	unclassified	0	0	0	0	258	1
18218	unclassified	0	0	0	0	510	1
18219	unclassified	0	0	0	0	585	1
18222	unclassified	0	0	0	0	174	1
18221	unclassified	0	0	0	0	294	1
18217	unclassified	0	0	0	0	1155	1
18225	unclassified	0	0	0	0	261	1
18226	unclassified	0	0	0	0	414	1
18228	unclassified	0	0	0	0	207	1
18227	unclassified	0	0	0	0	603	1
18230	unclassified	0	0	0	0	243	1
18231	unclassified	0	0	0	0	144	1
18224	unclassified	0	0	0	0	1617	1
18232	unclassified	0	0	0	0	165	1
18233	unclassified	0	0	0	0	561	1
18234	unclassified	0	0	0	0	468	1
18223	unclassified	0	0	0	0	2385	1
18229	unclassified	0	0	0	0	1581	1
18235	cid|1501	1501	64	0	23	435	1
18236	unclassified	0	0	0	0	390	1
18240	unclassified	0	0	0	0	504	1
18237	unclassified	0	0	0	0	1260	1
18238	unclassified	0	0	0	0	1152	1
18241	unclassified	0	0	0	0	249	1
18239	unclassified	0	0	0	0	1089	1
18243	unclassified	0	0	0	0	411	1
18242	unclassified	0	0	0	0	594	1
18245	unclassified	0	0	0	0	822	1
18246	unclassified	0	0	0	0	513	1
18248	unclassified	0	0	0	0	168	1
18247	unclassified	0	0	0	0	798	1
18249	unclassified	0	0	0	0	528	1
18244	unclassified	0	0	0	0	1362	1
18252	unclassified	0	0	0	0	273	1
18254	unclassified	0	0	0	0	120	1
18253	unclassified	0	0	0	0	507	1
18251	cid|1501	1501	81	0	24	1068	1
18255	unclassified	0	0	0	0	771	1
18257	unclassified	0	0	0	0	309	1
18250	unclassified	0	0	0	0	1809	1
18258	unclassified	0	0	0	0	486	1
18256	unclassified	0	0	0	0	825	1
18259	unclassified	0	0	0	0	852	1
18262	unclassified	0	0	0	0	429	1
18260	unclassified	0	0	0	0	1059	1
18263	unclassified	0	0	0	0	390	1
18265	unclassified	0	0	0	0	369	1
18261	unclassified	0	0	0	0	1263	1
18266	unclassified	0	0	0	0	417	1
18267	unclassified	0	0	0	0	171	1
18269	unclassified	0	0	0	0	429	1
18270	unclassified	0	0	0	0	513	1
18264	unclassified	0	0	0	0	945	1
18268	unclassified	0	0	0	0	690	1
18271	unclassified	0	0	0	0	336	1
18275	unclassified	0	0	0	0	123	1
18274	unclassified	0	0	0	0	450	1
18276	unclassified	0	0	0	0	402	1
18272	unclassified	0	0	0	0	807	1
18277	unclassified	0	0	0	0	381	1
18280	unclassified	0	0	0	0	492	1
18273	unclassified	0	0	0	0	1197	1
18279	unclassified	0	0	0	0	870	1
18278	unclassified	0	0	0	0	1008	1
18282	unclassified	0	0	0	0	579	1
18284	unclassified	0	0	0	0	513	1
18283	cid|32054	32054	81	81	24	948	2
18283	cid|246432	246432	81	81	24	948	2
18281	unclassified	0	0	0	0	1398	1
18287	unclassified	0	0	0	0	159	1
18289	NC_000006.12	9606	81	0	24	240	1
18285	unclassified	0	0	0	0	855	1
18288	unclassified	0	0	0	0	447	1
18290	unclassified	0	0	0	0	168	1
18291	unclassified	0	0	0	0	282	1
18286	unclassified	0	0	0	0	1461	1
18292	unclassified	0	0	0	0	420	1
18293	unclassified	0	0	0	0	486	1
18295	unclassified	0	0	0	0	393	1
18294	unclassified	0	0	0	0	516	1
18298	unclassified	0	0	0	0	174	1
18296	unclassified	0	0	0	0	615	1
18300	unclassified	0	0	0	0	270	1
18297	unclassified	0	0	0	0	759	1
18303	unclassified	0	0	0	0	165	1
18302	unclassified	0	0	0	0	336	1
18299	unclassified	0	0	0	0	642	1
18301	unclassified	0	0	0	0	726	1
18307	unclassified	0	0	0	0	183	1
18308	unclassified	0	0	0	0	159	1
18304	cid|712357	712357	64	0	23	810	1
18305	cid|1511	1511	64	0	23	912	1
18306	unclassified	0	0	0	0	1080	1
18310	unclassified	0	0	0	0	657	1
18311	unclassified	0	0	0	0	570	1
18309	unclassified	0	0	0	0	942	1
18313	unclassified	0	0	0	0	447	1
18314	unclassified	0	0	0	0	420	1
18312	unclassified	0	0	0	0	564	1
18316	unclassified	0	0	0	0	321	1
18319	unclassified	0	0	0	0	111	1
18317	unclassified	0	0	0	0	570	1
18318	unclassified	0	0	0	0	495	1
18320	unclassified	0	0	0	0	465	1
18322	unclassified	0	0	0	0	243	1
18321	unclassified	0	0	0	0	567	1
18315	unclassified	0	0	0	0	1521	1
18324	unclassified	0	0	0	0	138	1
18323	unclassified	0	0	0	0	615	1
18328	unclassified	0	0	0	0	411	1
18327	unclassified	0	0	0	0	591	1
18325	unclassified	0	0	0	0	855	1
18331	unclassified	0	0	0	0	186	1
18326	unclassified	0	0	0	0	1074	1
18330	unclassified	0	0	0	0	342	1
18332	unclassified	0	0	0	0	747	1
18334	unclassified	0	0	0	0	564	1
18333	unclassified	0	0	0	0	1191	1
18335	unclassified	0	0	0	0	819	1
18337	unclassified	0	0	0	0	582	1
18336	unclassified	0	0	0	0	1065	1
18340	unclassified	0	0	0	0	159	1
18338	unclassified	0	0	0	0	1209	1
18341	cid|201	201	225	0	30	459	1
18329	cid|29329	29329	64	0	23	3216	1
18344	unclassified	0	0	0	0	327	1
18339	unclassified	0	0	0	0	1560	1
18345	unclassified	0	0	0	0	126	1
18346	cid|29485	29485	100	0	25	783	1
18347	unclassified	0	0	0	0	810	1
18342	cid|210	210	81	0	24	1443	1
18343	unclassified	0	0	0	0	1245	1
18351	unclassified	0	0	0	0	201	1
18348	cid|1410606	1410606	81	0	24	681	1
18349	unclassified	0	0	0	0	723	1
18354	unclassified	0	0	0	0	504	1
18353	cid|1491	1491	64	0	23	588	1
18356	unclassified	0	0	0	0	210	1
18355	unclassified	0	0	0	0	501	1
18350	unclassified	0	0	0	0	1818	1
18357	unclassified	0	0	0	0	645	1
18358	unclassified	0	0	0	0	522	1
18352	unclassified	0	0	0	0	1551	1
18361	unclassified	0	0	0	0	531	1
18359	unclassified	0	0	0	0	1227	1
18363	unclassified	0	0	0	0	483	1
18362	unclassified	0	0	0	0	759	1
18366	unclassified	0	0	0	0	93	1
18365	unclassified	0	0	0	0	258	1
18364	unclassified	0	0	0	0	501	1
18360	unclassified	0	0	0	0	1497	1
18370	unclassified	0	0	0	0	270	1
18369	unclassified	0	0	0	0	369	1
18372	unclassified	0	0	0	0	228	1
18367	unclassified	0	0	0	0	714	1
18371	unclassified	0	0	0	0	384	1
18368	unclassified	0	0	0	0	825	1
18373	unclassified	0	0	0	0	162	1
18374	unclassified	0	0	0	0	120	1
18376	unclassified	0	0	0	0	228	1
18379	unclassified	0	0	0	0	264	1
18377	unclassified	0	0	0	0	672	1
18378	unclassified	0	0	0	0	624	1
18380	unclassified	0	0	0	0	558	1
18375	unclassified	0	0	0	0	1185	1
18383	unclassified	0	0	0	0	282	1
18382	unclassified	0	0	0	0	372	1
18384	unclassified	0	0	0	0	162	1
18386	unclassified	0	0	0	0	207	1
18381	unclassified	0	0	0	0	960	1
18389	unclassified	0	0	0	0	315	1
18388	unclassified	0	0	0	0	396	1
18385	unclassified	0	0	0	0	906	1
18387	unclassified	0	0	0	0	1026	1
18390	unclassified	0	0	0	0	534	1
18392	unclassified	0	0	0	0	342	1
18393	unclassified	0	0	0	0	174	1
18394	unclassified	0	0	0	0	198	1
18395	unclassified	0	0	0	0	309	1
18397	unclassified	0	0	0	0	189	1
18398	unclassified	0	0	0	0	228	1
18399	unclassified	0	0	0	0	288	1
18396	cid|149715	149715	81	0	24	990	1
18391	unclassified	0	0	0	0	1299	1
18401	unclassified	0	0	0	0	663	1
18402	unclassified	0	0	0	0	903	1
18400	unclassified	0	0	0	0	1458	1
18406	unclassified	0	0	0	0	156	1
18404	unclassified	0	0	0	0	915	1
18403	unclassified	0	0	0	0	939	1
18409	unclassified	0	0	0	0	327	1
18405	unclassified	0	0	0	0	828	1
18411	unclassified	0	0	0	0	237	1
18410	unclassified	0	0	0	0	444	1
18408	unclassified	0	0	0	0	1053	1
18412	unclassified	0	0	0	0	345	1
18415	unclassified	0	0	0	0	288	1
18416	unclassified	0	0	0	0	132	1
18417	unclassified	0	0	0	0	138	1
18407	unclassified	0	0	0	0	1920	1
18418	unclassified	0	0	0	0	204	1
18414	unclassified	0	0	0	0	1002	1
18413	cid|51365	51365	64	0	23	1077	1
18420	unclassified	0	0	0	0	429	1
18421	unclassified	0	0	0	0	408	1
18423	unclassified	0	0	0	0	279	1
18419	unclassified	0	0	0	0	1029	1
18422	unclassified	0	0	0	0	546	1
18425	unclassified	0	0	0	0	747	1
18427	unclassified	0	0	0	0	303	1
18426	unclassified	0	0	0	0	525	1
18428	unclassified	0	0	0	0	333	1
18429	unclassified	0	0	0	0	270	1
18430	unclassified	0	0	0	0	315	1
18424	unclassified	0	0	0	0	1362	1
18433	unclassified	0	0	0	0	195	1
18434	unclassified	0	0	0	0	135	1
18436	unclassified	0	0	0	0	249	1
18431	unclassified	0	0	0	0	684	1
18432	unclassified	0	0	0	0	726	1
18438	unclassified	0	0	0	0	282	1
18437	unclassified	0	0	0	0	447	1
18441	unclassified	0	0	0	0	186	1
18439	unclassified	0	0	0	0	255	1
18440	unclassified	0	0	0	0	282	1
18435	cid|1410606	1410606	100	0	25	1017	1
18443	unclassified	0	0	0	0	261	1
18442	unclassified	0	0	0	0	528	1
18446	NC_000002.12	9606	81	0	24	426	1
18444	unclassified	0	0	0	0	1071	1
18445	unclassified	0	0	0	0	1758	1
18449	unclassified	0	0	0	0	1107	1
18447	unclassified	0	0	0	0	1809	1
18450	unclassified	0	0	0	0	555	1
18448	unclassified	0	0	0	0	1407	1
18452	unclassified	0	0	0	0	672	1
18451	unclassified	0	0	0	0	705	1
18453	unclassified	0	0	0	0	531	1
18455	unclassified	0	0	0	0	159	1
18454	cid|553239	553239	81	0	24	492	1
18457	unclassified	0	0	0	0	303	1
18458	unclassified	0	0	0	0	300	1
18456	unclassified	0	0	0	0	471	1
18461	unclassified	0	0	0	0	234	1
18460	unclassified	0	0	0	0	489	1
18463	NC_000023.11	9606	64	0	23	447	1
18462	unclassified	0	0	0	0	822	1
18464	unclassified	0	0	0	0	639	1
18459	unclassified	0	0	0	0	1059	1
18465	unclassified	0	0	0	0	627	1
18467	unclassified	0	0	0	0	252	1
18468	unclassified	0	0	0	0	387	1
18466	unclassified	0	0	0	0	732	1
18470	unclassified	0	0	0	0	570	1
18472	unclassified	0	0	0	0	279	1
18471	unclassified	0	0	0	0	408	1
18473	unclassified	0	0	0	0	321	1
18469	unclassified	0	0	0	0	999	1
18474	unclassified	0	0	0	0	447	1
18476	unclassified	0	0	0	0	255	1
18478	unclassified	0	0	0	0	993	1
18479	unclassified	0	0	0	0	1083	1
18477	cid|744985	744985	64	0	23	1269	1
18480	unclassified	0	0	0	0	246	1
18483	unclassified	0	0	0	0	183	1
18481	unclassified	0	0	0	0	318	1
18475	unclassified	0	0	0	0	1422	1
18482	unclassified	0	0	0	0	429	1
18487	unclassified	0	0	0	0	219	1
18486	unclassified	0	0	0	0	585	1
18488	unclassified	0	0	0	0	786	1
18489	unclassified	0	0	0	0	690	1
18485	unclassified	0	0	0	0	1632	1
18492	unclassified	0	0	0	0	261	1
18484	unclassified	0	0	0	0	2010	1
18490	NW_011332698.1	9606	100	100	25	918	2
18490	NC_000013.11	9606	100	100	25	918	2
18493	unclassified	0	0	0	0	372	1
18491	unclassified	0	0	0	0	621	1
18495	unclassified	0	0	0	0	411	1
18494	unclassified	0	0	0	0	513	1
18496	unclassified	0	0	0	0	546	1
18498	unclassified	0	0	0	0	441	1
18501	unclassified	0	0	0	0	138	1
18500	unclassified	0	0	0	0	327	1
18497	cid|715451	715451	64	0	23	492	1
18502	unclassified	0	0	0	0	645	1
18505	unclassified	0	0	0	0	384	1
18506	unclassified	0	0	0	0	141	1
18507	unclassified	0	0	0	0	255	1
18503	cid|513050	513050	81	0	24	1332	1
18499	unclassified	0	0	0	0	2094	1
18504	cid|84599	84599	169	100	28	1785	1
18509	unclassified	0	0	0	0	1302	1
18508	unclassified	0	0	0	0	1395	1
18512	unclassified	0	0	0	0	225	1
18511	unclassified	0	0	0	0	378	1
18515	unclassified	0	0	0	0	309	1
18516	unclassified	0	0	0	0	282	1
18517	unclassified	0	0	0	0	150	1
18514	unclassified	0	0	0	0	1008	1
18519	unclassified	0	0	0	0	273	1
18510	cid|2180	2180	64	0	23	2574	1
18518	unclassified	0	0	0	0	435	1
18520	unclassified	0	0	0	0	417	1
18523	unclassified	0	0	0	0	153	1
18524	unclassified	0	0	0	0	339	1
18525	unclassified	0	0	0	0	309	1
18522	unclassified	0	0	0	0	882	1
18526	unclassified	0	0	0	0	153	1
18527	unclassified	0	0	0	0	228	1
18528	unclassified	0	0	0	0	333	1
18529	NC_000015.10	9606	64	0	23	306	1
18521	unclassified	0	0	0	0	2121	1
18530	unclassified	0	0	0	0	642	1
18533	unclassified	0	0	0	0	528	1
18531	unclassified	0	0	0	0	855	1
18534	unclassified	0	0	0	0	171	1
18536	unclassified	0	0	0	0	153	1
18532	unclassified	0	0	0	0	1041	1
18535	unclassified	0	0	0	0	168	1
18538	unclassified	0	0	0	0	165	1
18539	unclassified	0	0	0	0	195	1
18513	unclassified	0	0	0	0	4914	1
18542	unclassified	0	0	0	0	117	1
18541	unclassified	0	0	0	0	273	1
18537	unclassified	0	0	0	0	645	1
18543	unclassified	0	0	0	0	219	1
18545	unclassified	0	0	0	0	156	1
18546	unclassified	0	0	0	0	171	1
18548	unclassified	0	0	0	0	150	1
18549	unclassified	0	0	0	0	258	1
18547	unclassified	0	0	0	0	660	1
18544	unclassified	0	0	0	0	771	1
18551	unclassified	0	0	0	0	420	1
18550	unclassified	0	0	0	0	819	1
18553	unclassified	0	0	0	0	438	1
18552	unclassified	0	0	0	0	744	1
18555	unclassified	0	0	0	0	345	1
18554	unclassified	0	0	0	0	768	1
18557	unclassified	0	0	0	0	327	1
18540	cid|36854	36854	64	0	23	3039	1
18558	unclassified	0	0	0	0	804	1
18556	cid|96345	96345	64	0	23	1068	1
18559	unclassified	0	0	0	0	726	1
18560	unclassified	0	0	0	0	1248	1
18563	unclassified	0	0	0	0	912	1
18561	unclassified	0	0	0	0	1080	1
18565	cid|33959	33959	64	0	23	156	1
18564	unclassified	0	0	0	0	291	1
18562	unclassified	0	0	0	0	1008	1
18566	unclassified	0	0	0	0	372	1
18568	unclassified	0	0	0	0	468	1
18567	unclassified	0	0	0	0	618	1
18569	unclassified	0	0	0	0	579	1
18570	unclassified	0	0	0	0	597	1
18572	unclassified	0	0	0	0	516	1
18573	unclassified	0	0	0	0	468	1
18574	unclassified	0	0	0	0	744	1
18575	unclassified	0	0	0	0	558	1
18571	unclassified	0	0	0	0	1107	1
18577	unclassified	0	0	0	0	357	1
18576	cid|691	691	81	81	24	513	5
18576	cid|28450	28450	81	81	24	513	5
18576	cid|1763535	1763535	81	81	24	513	5
18576	cid|293091	293091	81	81	24	513	5
18576	NC_000013.11	9606	81	81	24	513	5
18580	unclassified	0	0	0	0	522	1
18579	unclassified	0	0	0	0	933	1
18581	unclassified	0	0	0	0	828	1
18582	unclassified	0	0	0	0	894	1
18583	unclassified	0	0	0	0	1227	1
18585	unclassified	0	0	0	0	486	1
18578	unclassified	0	0	0	0	2286	1
18587	unclassified	0	0	0	0	891	1
18584	unclassified	0	0	0	0	1263	1
18588	unclassified	0	0	0	0	1029	1
18590	unclassified	0	0	0	0	438	1
18589	unclassified	0	0	0	0	678	1
18593	unclassified	0	0	0	0	150	1
18594	unclassified	0	0	0	0	252	1
18586	unclassified	0	0	0	0	2121	1
18595	unclassified	0	0	0	0	393	1
18592	unclassified	0	0	0	0	744	1
18596	unclassified	0	0	0	0	567	1
18597	unclassified	0	0	0	0	417	1
18600	unclassified	0	0	0	0	174	1
18598	cid|717609	717609	64	0	23	705	1
18601	unclassified	0	0	0	0	873	1
18599	unclassified	0	0	0	0	1383	1
18603	unclassified	0	0	0	0	396	1
18591	unclassified	0	0	0	0	2958	1
18605	unclassified	0	0	0	0	429	1
18606	unclassified	0	0	0	0	426	1
18607	unclassified	0	0	0	0	342	1
18609	unclassified	0	0	0	0	66	1
18604	cid|1476901	1476901	100	0	25	1239	1
18602	cid|851	851	81	0	24	1488	1
18608	unclassified	0	0	0	0	1155	1
18610	unclassified	0	0	0	0	1191	1
18613	unclassified	0	0	0	0	504	1
18611	unclassified	0	0	0	0	1248	1
18614	unclassified	0	0	0	0	420	1
18615	unclassified	0	0	0	0	219	1
18616	unclassified	0	0	0	0	297	1
18617	unclassified	0	0	0	0	321	1
18618	unclassified	0	0	0	0	231	1
18621	unclassified	0	0	0	0	303	1
18612	cid|80852	80852	81	0	24	1548	1
18620	unclassified	0	0	0	0	786	1
18622	cid|470	470	64	0	23	516	1
18623	unclassified	0	0	0	0	498	1
18619	cid|76887	76887	64	0	23	1374	1
18625	unclassified	0	0	0	0	552	1
18626	unclassified	0	0	0	0	465	1
18624	unclassified	0	0	0	0	1266	1
18629	unclassified	0	0	0	0	492	1
18628	cid|385025	385025	121	100	26	855	1
18630	unclassified	0	0	0	0	477	1
18627	unclassified	0	0	0	0	1215	1
18633	unclassified	0	0	0	0	159	1
18631	unclassified	0	0	0	0	597	1
18635	cid|1603555	1603555	64	0	23	915	1
18634	unclassified	0	0	0	0	1113	1
18636	unclassified	0	0	0	0	828	1
18632	unclassified	0	0	0	0	1620	1
18637	unclassified	0	0	0	0	606	1
18639	NC_000004.12	9606	81	0	24	543	1
18640	unclassified	0	0	0	0	1212	1
18641	cid|1491	1491	81	0	24	927	1
18642	cid|199	199	64	0	23	600	1
18644	unclassified	0	0	0	0	414	1
18643	unclassified	0	0	0	0	417	1
18638	cid|1410606	1410606	121	0	26	1932	1
18646	unclassified	0	0	0	0	408	1
18649	unclassified	0	0	0	0	348	1
18647	unclassified	0	0	0	0	1347	1
18648	unclassified	0	0	0	0	1269	1
18645	cid|38986	38986	64	0	23	1542	1
18653	unclassified	0	0	0	0	372	1
18652	cid|1501	1501	64	0	23	615	1
18655	unclassified	0	0	0	0	195	1
18651	unclassified	0	0	0	0	1071	1
18650	NC_027707.1	1680908	64	0	23	1803	1
18656	unclassified	0	0	0	0	234	1
18654	unclassified	0	0	0	0	384	1
18657	unclassified	0	0	0	0	192	1
18659	unclassified	0	0	0	0	666	1
18658	unclassified	0	0	0	0	723	1
18661	unclassified	0	0	0	0	1041	1
18663	unclassified	0	0	0	0	924	1
18664	unclassified	0	0	0	0	675	1
18660	unclassified	0	0	0	0	1533	1
18665	unclassified	0	0	0	0	306	1
18667	unclassified	0	0	0	0	285	1
18666	unclassified	0	0	0	0	453	1
18668	unclassified	0	0	0	0	300	1
18662	cid|1486991	1486991	324	144	33	1707	1
18670	unclassified	0	0	0	0	786	1
18671	unclassified	0	0	0	0	873	1
18673	unclassified	0	0	0	0	168	1
18674	unclassified	0	0	0	0	234	1
18669	unclassified	0	0	0	0	993	1
18675	unclassified	0	0	0	0	321	1
18676	unclassified	0	0	0	0	693	1
18672	unclassified	0	0	0	0	1521	1
18680	unclassified	0	0	0	0	306	1
18681	NC_000001.11	9606	81	0	24	465	1
18679	unclassified	0	0	0	0	1140	1
18678	cid|42879	42879	121	0	26	1530	1
18677	unclassified	0	0	0	0	1650	1
18685	unclassified	0	0	0	0	213	1
18682	unclassified	0	0	0	0	621	1
18686	unclassified	0	0	0	0	81	1
18684	NC_000007.14	9606	81	0	24	366	1
18683	unclassified	0	0	0	0	696	1
18687	unclassified	0	0	0	0	312	1
18689	unclassified	0	0	0	0	282	1
18690	unclassified	0	0	0	0	270	1
18691	unclassified	0	0	0	0	1104	1
18688	cid|1462996	1462996	100	0	25	1257	1
18692	unclassified	0	0	0	0	1329	1
18696	unclassified	0	0	0	0	432	1
18697	unclassified	0	0	0	0	210	1
18695	cid|2187	2187	64	0	23	702	1
18694	unclassified	0	0	0	0	1263	1
18699	unclassified	0	0	0	0	123	1
18700	unclassified	0	0	0	0	207	1
18698	unclassified	0	0	0	0	573	1
18693	unclassified	0	0	0	0	2580	1
18702	unclassified	0	0	0	0	417	1
18703	unclassified	0	0	0	0	405	1
18705	unclassified	0	0	0	0	144	1
18704	unclassified	0	0	0	0	675	1
18707	unclassified	0	0	0	0	480	1
18708	unclassified	0	0	0	0	426	1
18709	unclassified	0	0	0	0	450	1
18706	unclassified	0	0	0	0	933	1
18701	unclassified	0	0	0	0	1521	1
18710	unclassified	0	0	0	0	540	1
18714	unclassified	0	0	0	0	234	1
18712	unclassified	0	0	0	0	834	1
18711	unclassified	0	0	0	0	960	1
18715	unclassified	0	0	0	0	666	1
18718	unclassified	0	0	0	0	111	1
18717	unclassified	0	0	0	0	720	1
18719	unclassified	0	0	0	0	333	1
18716	unclassified	0	0	0	0	999	1
18713	unclassified	0	0	0	0	1323	1
18721	unclassified	0	0	0	0	198	1
18720	unclassified	0	0	0	0	483	1
18724	unclassified	0	0	0	0	237	1
18723	unclassified	0	0	0	0	288	1
18722	unclassified	0	0	0	0	528	1
18726	cid|1329899	1329899	100	0	25	750	1
18728	unclassified	0	0	0	0	651	1
18727	unclassified	0	0	0	0	714	1
18725	cid|1624	1624	64	0	23	1365	1
18729	unclassified	0	0	0	0	1194	1
18730	unclassified	0	0	0	0	1143	1
18731	unclassified	0	0	0	0	963	1
18732	unclassified	0	0	0	0	885	1
18736	unclassified	0	0	0	0	459	1
18733	unclassified	0	0	0	0	714	1
18734	unclassified	0	0	0	0	1080	1
18735	cid|40542	40542	64	0	23	849	1
18737	unclassified	0	0	0	0	759	1
18740	unclassified	0	0	0	0	405	1
18741	unclassified	0	0	0	0	450	1
18739	unclassified	0	0	0	0	885	1
18742	unclassified	0	0	0	0	375	1
18738	unclassified	0	0	0	0	1383	1
18744	unclassified	0	0	0	0	330	1
18747	unclassified	0	0	0	0	489	1
18748	unclassified	0	0	0	0	438	1
18743	unclassified	0	0	0	0	1443	1
18745	unclassified	0	0	0	0	1188	1
18746	cid|44574	44574	64	0	23	1410	1
18749	cid|216936	216936	81	0	24	621	1
18753	unclassified	0	0	0	0	300	1
18750	unclassified	0	0	0	0	1014	1
18754	unclassified	0	0	0	0	381	1
18751	unclassified	0	0	0	0	1200	1
18756	unclassified	0	0	0	0	477	1
18758	unclassified	0	0	0	0	168	1
18755	unclassified	0	0	0	0	1140	1
18752	unclassified	0	0	0	0	1989	1
18759	unclassified	0	0	0	0	456	1
18762	unclassified	0	0	0	0	225	1
18760	unclassified	0	0	0	0	351	1
18764	unclassified	0	0	0	0	237	1
18761	unclassified	0	0	0	0	579	1
18765	unclassified	0	0	0	0	252	1
18767	unclassified	0	0	0	0	105	1
18763	unclassified	0	0	0	0	603	1
18766	cid|44012	44012	64	0	23	360	1
18757	unclassified	0	0	0	0	1344	1
18768	unclassified	0	0	0	0	177	1
18772	cid|1603555	1603555	81	0	24	294	1
18769	unclassified	0	0	0	0	552	1
18770	unclassified	0	0	0	0	543	1
18773	unclassified	0	0	0	0	468	1
18774	NC_000018.10	9606	64	0	23	534	1
18775	unclassified	0	0	0	0	681	1
18778	unclassified	0	0	0	0	297	1
18777	unclassified	0	0	0	0	666	1
18771	unclassified	0	0	0	0	1509	1
18779	unclassified	0	0	0	0	363	1
18781	unclassified	0	0	0	0	426	1
18780	NC_000012.12	9606	64	0	23	585	1
18776	unclassified	0	0	0	0	1509	1
18784	unclassified	0	0	0	0	309	1
18782	cid|1580092	1580092	100	0	25	897	1
18783	unclassified	0	0	0	0	591	1
18785	unclassified	0	0	0	0	651	1
18786	unclassified	0	0	0	0	459	1
18787	unclassified	0	0	0	0	543	1
18788	unclassified	0	0	0	0	369	1
18789	unclassified	0	0	0	0	633	1
18790	cid|851	851	64	0	23	1026	1
18793	unclassified	0	0	0	0	753	1
18792	unclassified	0	0	0	0	810	1
18795	unclassified	0	0	0	0	132	1
18797	NC_000007.14	9606	64	0	23	432	1
18798	unclassified	0	0	0	0	435	1
18794	unclassified	0	0	0	0	1368	1
18796	unclassified	0	0	0	0	1002	1
18800	unclassified	0	0	0	0	120	1
18791	cid|1410606	1410606	181	121	49	2346	1
18803	unclassified	0	0	0	0	480	1
18804	unclassified	0	0	0	0	96	1
18802	unclassified	0	0	0	0	1227	1
18799	unclassified	0	0	0	0	1623	1
18805	cid|46354	46354	64	0	23	597	1
18808	unclassified	0	0	0	0	324	1
18801	unclassified	0	0	0	0	1590	1
18807	unclassified	0	0	0	0	627	1
18810	unclassified	0	0	0	0	273	1
18809	unclassified	0	0	0	0	762	1
18811	unclassified	0	0	0	0	543	1
18813	unclassified	0	0	0	0	363	1
18814	unclassified	0	0	0	0	309	1
18806	unclassified	0	0	0	0	1674	1
18812	unclassified	0	0	0	0	942	1
18817	unclassified	0	0	0	0	552	1
18818	unclassified	0	0	0	0	327	1
18819	unclassified	0	0	0	0	498	1
18816	unclassified	0	0	0	0	1299	1
18815	unclassified	0	0	0	0	1407	1
18821	unclassified	0	0	0	0	273	1
18820	unclassified	0	0	0	0	510	1
18823	unclassified	0	0	0	0	738	1
18826	unclassified	0	0	0	0	210	1
18825	unclassified	0	0	0	0	948	1
18822	NC_000014.9	9606	121	121	26	1875	2
18822	NC_000001.11	9606	121	121	26	1875	2
18828	unclassified	0	0	0	0	597	1
18824	cid|1428	1428	64	0	23	2061	1
18830	unclassified	0	0	0	0	351	1
18827	unclassified	0	0	0	0	1704	1
18831	unclassified	0	0	0	0	978	1
18829	cid|106590	106590	121	64	26	822	1
18832	unclassified	0	0	0	0	516	1
18833	unclassified	0	0	0	0	792	1
18837	unclassified	0	0	0	0	513	1
18834	unclassified	0	0	0	0	828	1
18836	unclassified	0	0	0	0	687	1
18840	unclassified	0	0	0	0	288	1
18839	unclassified	0	0	0	0	741	1
18835	unclassified	0	0	0	0	1704	1
18842	cid|173	173	81	0	24	738	1
18838	cid|1565991	1565991	64	0	23	1566	1
18843	unclassified	0	0	0	0	810	1
18841	unclassified	0	0	0	0	1203	1
18845	cid|1727164	1727164	121	0	26	663	1
18846	unclassified	0	0	0	0	975	1
18844	unclassified	0	0	0	0	1581	1
18850	unclassified	0	0	0	0	195	1
18849	unclassified	0	0	0	0	858	1
18847	unclassified	0	0	0	0	1641	1
18852	unclassified	0	0	0	0	630	1
18848	unclassified	0	0	0	0	1821	1
18855	unclassified	0	0	0	0	168	1
18856	unclassified	0	0	0	0	459	1
18854	unclassified	0	0	0	0	699	1
18853	unclassified	0	0	0	0	972	1
18851	unclassified	0	0	0	0	2289	1
18857	unclassified	0	0	0	0	762	1
18858	unclassified	0	0	0	0	693	1
18860	unclassified	0	0	0	0	111	1
18861	unclassified	0	0	0	0	423	1
18859	unclassified	0	0	0	0	957	1
18863	unclassified	0	0	0	0	762	1
18865	unclassified	0	0	0	0	420	1
18862	unclassified	0	0	0	0	1227	1
18864	unclassified	0	0	0	0	894	1
18866	unclassified	0	0	0	0	570	1
18870	unclassified	0	0	0	0	234	1
18868	unclassified	0	0	0	0	528	1
18869	unclassified	0	0	0	0	432	1
18873	unclassified	0	0	0	0	279	1
18872	unclassified	0	0	0	0	336	1
18867	unclassified	0	0	0	0	834	1
18871	unclassified	0	0	0	0	855	1
18876	unclassified	0	0	0	0	261	1
18875	unclassified	0	0	0	0	486	1
18878	unclassified	0	0	0	0	138	1
18874	unclassified	0	0	0	0	690	1
18879	unclassified	0	0	0	0	204	1
18882	unclassified	0	0	0	0	294	1
18883	unclassified	0	0	0	0	222	1
18877	unclassified	0	0	0	0	954	1
18880	unclassified	0	0	0	0	717	1
18884	unclassified	0	0	0	0	300	1
18887	unclassified	0	0	0	0	156	1
18886	unclassified	0	0	0	0	216	1
18885	unclassified	0	0	0	0	414	1
18881	unclassified	0	0	0	0	1239	1
18888	unclassified	0	0	0	0	303	1
18891	unclassified	0	0	0	0	267	1
18890	unclassified	0	0	0	0	396	1
18892	unclassified	0	0	0	0	285	1
18893	unclassified	0	0	0	0	276	1
18894	unclassified	0	0	0	0	240	1
18889	unclassified	0	0	0	0	606	1
18897	unclassified	0	0	0	0	423	1
18898	unclassified	0	0	0	0	408	1
18895	unclassified	0	0	0	0	786	1
18899	unclassified	0	0	0	0	390	1
18896	cid|217159	217159	64	0	23	771	1
18900	unclassified	0	0	0	0	471	1
18901	unclassified	0	0	0	0	801	1
18904	unclassified	0	0	0	0	351	1
18902	unclassified	0	0	0	0	780	1
18906	unclassified	0	0	0	0	318	1
18907	unclassified	0	0	0	0	318	1
18903	unclassified	0	0	0	0	1161	1
18905	unclassified	0	0	0	0	648	1
18909	unclassified	0	0	0	0	270	1
18908	unclassified	0	0	0	0	366	1
18910	NC_000022.11	9606	81	0	24	603	1
18911	unclassified	0	0	0	0	978	1
18914	unclassified	0	0	0	0	534	1
18913	unclassified	0	0	0	0	672	1
18917	unclassified	0	0	0	0	381	1
18916	unclassified	0	0	0	0	606	1
18915	NC_000003.12	9606	64	0	23	870	1
18918	unclassified	0	0	0	0	516	1
18919	unclassified	0	0	0	0	564	1
18920	unclassified	0	0	0	0	279	1
18923	unclassified	0	0	0	0	237	1
18912	cid|164514	164514	81	0	24	2202	1
18922	unclassified	0	0	0	0	522	1
18925	unclassified	0	0	0	0	192	1
18924	unclassified	0	0	0	0	489	1
18921	cid|573	573	64	0	23	633	1
18926	unclassified	0	0	0	0	300	1
18927	NC_000003.12	9606	81	0	24	537	1
18931	unclassified	0	0	0	0	105	1
18929	unclassified	0	0	0	0	435	1
18930	unclassified	0	0	0	0	669	1
18932	unclassified	0	0	0	0	333	1
18934	unclassified	0	0	0	0	258	1
18935	unclassified	0	0	0	0	279	1
18933	unclassified	0	0	0	0	537	1
18936	unclassified	0	0	0	0	267	1
18939	unclassified	0	0	0	0	204	1
18928	unclassified	0	0	0	0	1524	1
18937	unclassified	0	0	0	0	594	1
18938	unclassified	0	0	0	0	441	1
18941	unclassified	0	0	0	0	189	1
18944	unclassified	0	0	0	0	69	1
18943	unclassified	0	0	0	0	267	1
18942	unclassified	0	0	0	0	369	1
18940	unclassified	0	0	0	0	714	1
18947	unclassified	0	0	0	0	303	1
18945	unclassified	0	0	0	0	678	1
18948	unclassified	0	0	0	0	432	1
18946	unclassified	0	0	0	0	543	1
18949	unclassified	0	0	0	0	435	1
18952	NC_000022.11	9606	81	0	24	426	1
18951	unclassified	0	0	0	0	747	1
18950	unclassified	0	0	0	0	930	1
18954	unclassified	0	0	0	0	216	1
18956	unclassified	0	0	0	0	210	1
18953	unclassified	0	0	0	0	855	1
18955	unclassified	0	0	0	0	417	1
18958	unclassified	0	0	0	0	231	1
18957	unclassified	0	0	0	0	321	1
18959	cid|1479	1479	64	0	23	231	1
18963	unclassified	0	0	0	0	129	1
18961	unclassified	0	0	0	0	306	1
18965	unclassified	0	0	0	0	333	1
18964	unclassified	0	0	0	0	486	1
18962	unclassified	0	0	0	0	552	1
18968	unclassified	0	0	0	0	201	1
18967	unclassified	0	0	0	0	747	1
18960	unclassified	0	0	0	0	1608	1
18970	unclassified	0	0	0	0	249	1
18969	unclassified	0	0	0	0	633	1
18966	unclassified	0	0	0	0	1311	1
18974	unclassified	0	0	0	0	183	1
18973	unclassified	0	0	0	0	648	1
18972	cid|353800	353800	100	0	25	1002	1
18971	cid|756828	756828	81	0	24	1095	1
18975	unclassified	0	0	0	0	690	1
18979	unclassified	0	0	0	0	408	1
18980	unclassified	0	0	0	0	171	1
18976	unclassified	0	0	0	0	711	1
18978	unclassified	0	0	0	0	1014	1
18983	cid|1410606	1410606	289	64	32	129	1
18982	unclassified	0	0	0	0	378	1
18977	unclassified	0	0	0	0	1341	1
18984	unclassified	0	0	0	0	279	1
18981	unclassified	0	0	0	0	990	1
18988	unclassified	0	0	0	0	339	1
18986	unclassified	0	0	0	0	813	1
18985	unclassified	0	0	0	0	1041	1
18987	unclassified	0	0	0	0	1062	1
18989	unclassified	0	0	0	0	768	1
18991	unclassified	0	0	0	0	156	1
18990	unclassified	0	0	0	0	870	1
18994	unclassified	0	0	0	0	348	1
18995	unclassified	0	0	0	0	168	1
18993	unclassified	0	0	0	0	795	1
18998	unclassified	0	0	0	0	162	1
18992	unclassified	0	0	0	0	1065	1
18997	unclassified	0	0	0	0	636	1
19000	unclassified	0	0	0	0	519	1
19001	unclassified	0	0	0	0	411	1
18999	unclassified	0	0	0	0	588	1
19002	unclassified	0	0	0	0	123	1
18996	unclassified	0	0	0	0	987	1
19004	unclassified	0	0	0	0	318	1
19003	unclassified	0	0	0	0	708	1
19005	unclassified	0	0	0	0	900	1
19006	unclassified	0	0	0	0	678	1
19009	unclassified	0	0	0	0	315	1
19007	unclassified	0	0	0	0	1275	1
19010	unclassified	0	0	0	0	570	1
19011	unclassified	0	0	0	0	408	1
19012	unclassified	0	0	0	0	225	1
19014	unclassified	0	0	0	0	438	1
19008	unclassified	0	0	0	0	1431	1
19013	unclassified	0	0	0	0	531	1
19017	unclassified	0	0	0	0	222	1
19015	cid|79329	79329	64	0	23	600	1
19019	unclassified	0	0	0	0	396	1
19020	unclassified	0	0	0	0	1059	1
19021	unclassified	0	0	0	0	801	1
19022	unclassified	0	0	0	0	309	1
19016	unclassified	0	0	0	0	1668	1
19018	unclassified	0	0	0	0	1473	1
19023	unclassified	0	0	0	0	630	1
19027	unclassified	0	0	0	0	351	1
19024	unclassified	0	0	0	0	831	1
19029	unclassified	0	0	0	0	327	1
19025	unclassified	0	0	0	0	1407	1
19030	unclassified	0	0	0	0	660	1
19028	unclassified	0	0	0	0	1266	1
19031	unclassified	0	0	0	0	729	1
19032	unclassified	0	0	0	0	579	1
19035	unclassified	0	0	0	0	159	1
19034	unclassified	0	0	0	0	516	1
19037	unclassified	0	0	0	0	168	1
19033	unclassified	0	0	0	0	840	1
19026	unclassified	0	0	0	0	2121	1
19038	unclassified	0	0	0	0	174	1
19041	unclassified	0	0	0	0	186	1
19039	unclassified	0	0	0	0	303	1
19040	cid|1491	1491	64	0	23	525	1
19042	unclassified	0	0	0	0	531	1
19036	NC_000007.14	9606	121	0	26	1458	1
19043	unclassified	0	0	0	0	1371	1
19044	unclassified	0	0	0	0	1044	1
19046	cid|573	573	64	0	23	1074	1
19047	unclassified	0	0	0	0	528	1
19049	unclassified	0	0	0	0	255	1
19051	unclassified	0	0	0	0	369	1
19052	unclassified	0	0	0	0	261	1
19045	unclassified	0	0	0	0	2334	1
19048	unclassified	0	0	0	0	1212	1
19050	cid|624186	624186	100	0	25	1719	1
19055	unclassified	0	0	0	0	525	1
19054	unclassified	0	0	0	0	1149	1
19056	unclassified	0	0	0	0	492	1
19058	unclassified	0	0	0	0	180	1
19059	unclassified	0	0	0	0	294	1
19060	unclassified	0	0	0	0	231	1
19053	unclassified	0	0	0	0	1749	1
19063	unclassified	0	0	0	0	546	1
19061	unclassified	0	0	0	0	1110	1
19062	unclassified	0	0	0	0	1140	1
19057	NC_000012.12	9606	81	0	24	1596	1
19067	unclassified	0	0	0	0	294	1
19066	cid|463014	463014	121	0	26	420	1
19069	unclassified	0	0	0	0	81	1
19065	cid|1408191	1408191	64	0	23	765	1
19064	unclassified	0	0	0	0	1350	1
19070	unclassified	0	0	0	0	321	1
19072	unclassified	0	0	0	0	189	1
19068	unclassified	0	0	0	0	501	1
19071	unclassified	0	0	0	0	387	1
19073	unclassified	0	0	0	0	318	1
19077	unclassified	0	0	0	0	120	1
19074	unclassified	0	0	0	0	543	1
19079	unclassified	0	0	0	0	105	1
19080	unclassified	0	0	0	0	249	1
19078	unclassified	0	0	0	0	993	1
19075	unclassified	0	0	0	0	1116	1
19083	unclassified	0	0	0	0	144	1
19082	unclassified	0	0	0	0	423	1
19081	unclassified	0	0	0	0	762	1
19085	unclassified	0	0	0	0	231	1
19076	cid|357276	357276	64	64	23	1416	4
19076	cid|821	821	64	64	23	1416	4
19076	cid|449	449	64	64	23	1416	4
19076	NC_028663.1	1589733	64	64	23	1416	4
19084	unclassified	0	0	0	0	351	1
19088	unclassified	0	0	0	0	105	1
19086	cid|1164	1164	64	0	23	417	1
19091	unclassified	0	0	0	0	216	1
19089	unclassified	0	0	0	0	504	1
19092	unclassified	0	0	0	0	360	1
19094	unclassified	0	0	0	0	186	1
19093	unclassified	0	0	0	0	246	1
19087	unclassified	0	0	0	0	1149	1
19095	unclassified	0	0	0	0	258	1
19090	unclassified	0	0	0	0	1299	1
19097	unclassified	0	0	0	0	582	1
19099	unclassified	0	0	0	0	357	1
19096	unclassified	0	0	0	0	639	1
19098	unclassified	0	0	0	0	687	1
19101	unclassified	0	0	0	0	213	1
19103	unclassified	0	0	0	0	123	1
19105	unclassified	0	0	0	0	177	1
19104	unclassified	0	0	0	0	615	1
19100	unclassified	0	0	0	0	1095	1
19108	unclassified	0	0	0	0	231	1
19107	unclassified	0	0	0	0	549	1
19106	unclassified	0	0	0	0	1227	1
19102	unclassified	0	0	0	0	1482	1
19111	unclassified	0	0	0	0	360	1
19109	unclassified	0	0	0	0	804	1
19110	unclassified	0	0	0	0	936	1
19112	unclassified	0	0	0	0	552	1
19114	unclassified	0	0	0	0	537	1
19113	unclassified	0	0	0	0	693	1
19115	cid|1603555	1603555	64	0	23	393	1
19118	unclassified	0	0	0	0	408	1
19119	unclassified	0	0	0	0	435	1
19116	unclassified	0	0	0	0	510	1
19117	unclassified	0	0	0	0	720	1
19120	unclassified	0	0	0	0	333	1
19121	unclassified	0	0	0	0	264	1
19122	unclassified	0	0	0	0	207	1
19124	unclassified	0	0	0	0	351	1
19123	unclassified	0	0	0	0	738	1
19125	unclassified	0	0	0	0	666	1
19126	unclassified	0	0	0	0	573	1
19128	unclassified	0	0	0	0	120	1
19127	cid|1295609	1295609	64	0	23	516	1
19129	unclassified	0	0	0	0	252	1
19131	unclassified	0	0	0	0	258	1
19133	unclassified	0	0	0	0	267	1
19134	unclassified	0	0	0	0	579	1
19135	unclassified	0	0	0	0	579	1
19132	unclassified	0	0	0	0	1143	1
19138	unclassified	0	0	0	0	81	1
19137	unclassified	0	0	0	0	333	1
19140	unclassified	0	0	0	0	120	1
19141	unclassified	0	0	0	0	183	1
19139	unclassified	0	0	0	0	477	1
19136	unclassified	0	0	0	0	897	1
19130	unclassified	0	0	0	0	1686	1
19143	cid|28188	28188	64	0	23	420	1
19144	unclassified	0	0	0	0	552	1
19147	unclassified	0	0	0	0	120	1
19142	unclassified	0	0	0	0	876	1
19146	unclassified	0	0	0	0	429	1
19145	unclassified	0	0	0	0	504	1
19148	unclassified	0	0	0	0	258	1
19149	unclassified	0	0	0	0	405	1
19150	unclassified	0	0	0	0	528	1
19153	unclassified	0	0	0	0	525	1
19152	unclassified	0	0	0	0	804	1
19155	unclassified	0	0	0	0	168	1
19157	unclassified	0	0	0	0	177	1
19151	unclassified	0	0	0	0	1245	1
19156	unclassified	0	0	0	0	780	1
19159	unclassified	0	0	0	0	282	1
19158	unclassified	0	0	0	0	930	1
19154	unclassified	0	0	0	0	1683	1
19162	unclassified	0	0	0	0	192	1
19160	unclassified	0	0	0	0	723	1
19161	unclassified	0	0	0	0	486	1
19163	unclassified	0	0	0	0	570	1
19166	unclassified	0	0	0	0	312	1
19164	NC_000023.11	9606	64	64	23	633	2
19164	NC_000014.9	9606	64	64	23	633	2
19168	unclassified	0	0	0	0	246	1
19169	unclassified	0	0	0	0	294	1
19165	unclassified	0	0	0	0	1014	1
19167	unclassified	0	0	0	0	603	1
19171	unclassified	0	0	0	0	225	1
19170	unclassified	0	0	0	0	528	1
19174	unclassified	0	0	0	0	414	1
19172	unclassified	0	0	0	0	591	1
19175	unclassified	0	0	0	0	276	1
19173	unclassified	0	0	0	0	870	1
19177	unclassified	0	0	0	0	444	1
19180	unclassified	0	0	0	0	144	1
19179	unclassified	0	0	0	0	417	1
19176	unclassified	0	0	0	0	813	1
19181	unclassified	0	0	0	0	186	1
19178	unclassified	0	0	0	0	510	1
19183	unclassified	0	0	0	0	141	1
19184	unclassified	0	0	0	0	144	1
19185	unclassified	0	0	0	0	180	1
19186	unclassified	0	0	0	0	183	1
19187	unclassified	0	0	0	0	207	1
19188	unclassified	0	0	0	0	138	1
19191	unclassified	0	0	0	0	447	1
19190	unclassified	0	0	0	0	714	1
19192	unclassified	0	0	0	0	189	1
19189	NC_000020.11	9606	64	0	23	1068	1
19195	unclassified	0	0	0	0	354	1
19194	unclassified	0	0	0	0	774	1
19196	unclassified	0	0	0	0	1026	1
19193	cid|111955	111955	121	0	26	1674	1
19197	unclassified	0	0	0	0	528	1
19182	unclassified	0	0	0	0	2604	1
19198	unclassified	0	0	0	0	156	1
19201	unclassified	0	0	0	0	339	1
19199	unclassified	0	0	0	0	540	1
19200	unclassified	0	0	0	0	450	1
19202	unclassified	0	0	0	0	810	1
19206	unclassified	0	0	0	0	273	1
19207	unclassified	0	0	0	0	744	1
19205	cid|1493	1493	64	0	23	1320	1
19209	unclassified	0	0	0	0	294	1
19208	unclassified	0	0	0	0	720	1
19204	NC_000001.11	9606	81	0	24	2754	1
19203	cid|2173	2173	81	0	24	2979	1
19210	unclassified	0	0	0	0	1017	1
19211	unclassified	0	0	0	0	1458	1
19214	unclassified	0	0	0	0	261	1
19212	unclassified	0	0	0	0	855	1
19213	unclassified	0	0	0	0	990	1
19217	unclassified	0	0	0	0	543	1
19218	unclassified	0	0	0	0	600	1
19215	unclassified	0	0	0	0	969	1
19216	unclassified	0	0	0	0	819	1
19220	unclassified	0	0	0	0	369	1
19223	unclassified	0	0	0	0	168	1
19219	unclassified	0	0	0	0	849	1
19221	unclassified	0	0	0	0	546	1
19224	unclassified	0	0	0	0	168	1
19227	unclassified	0	0	0	0	120	1
19225	unclassified	0	0	0	0	333	1
19226	unclassified	0	0	0	0	681	1
19222	unclassified	0	0	0	0	951	1
19228	unclassified	0	0	0	0	636	1
19229	unclassified	0	0	0	0	549	1
19231	unclassified	0	0	0	0	240	1
19232	unclassified	0	0	0	0	366	1
19235	unclassified	0	0	0	0	219	1
19230	unclassified	0	0	0	0	942	1
19236	unclassified	0	0	0	0	390	1
19233	unclassified	0	0	0	0	1116	1
19234	unclassified	0	0	0	0	843	1
19237	unclassified	0	0	0	0	465	1
19240	cid|1580092	1580092	64	0	23	294	1
19239	unclassified	0	0	0	0	492	1
19243	unclassified	0	0	0	0	72	1
19241	unclassified	0	0	0	0	1029	1
19238	cid|316	316	81	0	24	1455	1
19244	unclassified	0	0	0	0	849	1
19242	unclassified	0	0	0	0	894	1
19247	unclassified	0	0	0	0	192	1
19245	unclassified	0	0	0	0	744	1
19248	unclassified	0	0	0	0	369	1
19250	unclassified	0	0	0	0	552	1
19251	unclassified	0	0	0	0	513	1
19249	unclassified	0	0	0	0	1221	1
19246	unclassified	0	0	0	0	1572	1
19252	unclassified	0	0	0	0	708	1
19253	unclassified	0	0	0	0	657	1
19255	unclassified	0	0	0	0	540	1
19254	unclassified	0	0	0	0	936	1
19259	unclassified	0	0	0	0	267	1
19260	unclassified	0	0	0	0	168	1
19258	unclassified	0	0	0	0	786	1
19261	unclassified	0	0	0	0	102	1
19257	unclassified	0	0	0	0	765	1
19262	unclassified	0	0	0	0	141	1
19263	unclassified	0	0	0	0	276	1
19256	unclassified	0	0	0	0	1512	1
19265	unclassified	0	0	0	0	261	1
19266	unclassified	0	0	0	0	351	1
19264	cid|1583098	1583098	81	0	24	408	1
19267	unclassified	0	0	0	0	339	1
19268	unclassified	0	0	0	0	432	1
19271	unclassified	0	0	0	0	309	1
19269	unclassified	0	0	0	0	474	1
19272	unclassified	0	0	0	0	492	1
19274	unclassified	0	0	0	0	237	1
19273	unclassified	0	0	0	0	396	1
19276	unclassified	0	0	0	0	156	1
19277	unclassified	0	0	0	0	207	1
19278	unclassified	0	0	0	0	345	1
19275	unclassified	0	0	0	0	702	1
19281	unclassified	0	0	0	0	270	1
19270	unclassified	0	0	0	0	1329	1
19283	unclassified	0	0	0	0	204	1
19280	cid|186490	186490	225	169	30	624	1
19284	unclassified	0	0	0	0	246	1
19282	unclassified	0	0	0	0	702	1
19285	unclassified	0	0	0	0	243	1
19279	NC_000013.11	9606	121	121	26	1299	2
19279	NC_000003.12	9606	121	121	26	1299	2
19288	cid|1827146	1827146	81	81	24	507	2
19288	cid|1404	1404	81	81	24	507	2
19286	unclassified	0	0	0	0	714	1
19291	unclassified	0	0	0	0	216	1
19290	unclassified	0	0	0	0	423	1
19289	cid|1580092	1580092	121	81	26	1509	1
19287	cid|155863	155863	81	0	24	1842	1
19294	unclassified	0	0	0	0	162	1
19295	unclassified	0	0	0	0	174	1
19292	cid|65393	65393	64	0	23	900	1
19293	cid|56730	56730	64	0	23	1074	1
19296	unclassified	0	0	0	0	276	1
19299	unclassified	0	0	0	0	363	1
19297	unclassified	0	0	0	0	699	1
19298	unclassified	0	0	0	0	486	1
19303	unclassified	0	0	0	0	249	1
19300	unclassified	0	0	0	0	1098	1
19301	unclassified	0	0	0	0	1191	1
19305	unclassified	0	0	0	0	804	1
19304	unclassified	0	0	0	0	957	1
19307	unclassified	0	0	0	0	249	1
19309	unclassified	0	0	0	0	459	1
19302	unclassified	0	0	0	0	2127	1
19310	unclassified	0	0	0	0	453	1
19306	unclassified	0	0	0	0	1551	1
19311	unclassified	0	0	0	0	474	1
19308	unclassified	0	0	0	0	885	1
19312	unclassified	0	0	0	0	363	1
19316	unclassified	0	0	0	0	414	1
19315	unclassified	0	0	0	0	660	1
19317	unclassified	0	0	0	0	219	1
19318	unclassified	0	0	0	0	132	1
19313	unclassified	0	0	0	0	1221	1
19314	unclassified	0	0	0	0	1185	1
19319	unclassified	0	0	0	0	375	1
19321	unclassified	0	0	0	0	219	1
19322	unclassified	0	0	0	0	339	1
19323	unclassified	0	0	0	0	282	1
19320	unclassified	0	0	0	0	435	1
19324	unclassified	0	0	0	0	333	1
19325	unclassified	0	0	0	0	606	1
19327	unclassified	0	0	0	0	519	1
19326	NC_000006.12	9606	64	0	23	720	1
19329	unclassified	0	0	0	0	555	1
19328	unclassified	0	0	0	0	1020	1
19330	unclassified	0	0	0	0	447	1
19331	unclassified	0	0	0	0	516	1
19334	unclassified	0	0	0	0	579	1
19332	cid|1428	1428	100	100	25	1170	2
19332	cid|86662	86662	100	100	25	1170	2
19337	unclassified	0	0	0	0	270	1
19333	unclassified	0	0	0	0	1425	1
19335	unclassified	0	0	0	0	1524	1
19339	unclassified	0	0	0	0	369	1
19338	unclassified	0	0	0	0	456	1
19336	unclassified	0	0	0	0	966	1
19342	unclassified	0	0	0	0	327	1
19340	unclassified	0	0	0	0	804	1
19343	unclassified	0	0	0	0	402	1
19341	unclassified	0	0	0	0	681	1
19344	unclassified	0	0	0	0	405	1
19347	unclassified	0	0	0	0	207	1
19349	unclassified	0	0	0	0	165	1
19345	unclassified	0	0	0	0	627	1
19348	unclassified	0	0	0	0	447	1
19351	unclassified	0	0	0	0	135	1
19346	unclassified	0	0	0	0	990	1
19350	unclassified	0	0	0	0	801	1
19353	unclassified	0	0	0	0	564	1
19356	cid|851	851	100	0	25	411	1
19352	unclassified	0	0	0	0	1239	1
19358	unclassified	0	0	0	0	387	1
19359	unclassified	0	0	0	0	528	1
19354	unclassified	0	0	0	0	1383	1
19357	unclassified	0	0	0	0	1380	1
19355	cid|337090	337090	196	81	29	1974	1
19361	unclassified	0	0	0	0	867	1
19362	unclassified	0	0	0	0	990	1
19360	unclassified	0	0	0	0	1437	1
19365	unclassified	0	0	0	0	279	1
19363	unclassified	0	0	0	0	1149	1
19367	unclassified	0	0	0	0	210	1
19369	unclassified	0	0	0	0	294	1
19364	unclassified	0	0	0	0	1239	1
19370	unclassified	0	0	0	0	684	1
19366	cid|1580092	1580092	64	0	23	1404	1
19373	unclassified	0	0	0	0	258	1
19372	unclassified	0	0	0	0	387	1
19371	unclassified	0	0	0	0	519	1
19368	unclassified	0	0	0	0	2100	1
19375	unclassified	0	0	0	0	783	1
19377	unclassified	0	0	0	0	567	1
19374	cid|1580092	1580092	121	0	26	1419	1
19376	unclassified	0	0	0	0	741	1
19380	unclassified	0	0	0	0	870	1
19379	unclassified	0	0	0	0	1224	1
19382	unclassified	0	0	0	0	150	1
19381	unclassified	0	0	0	0	969	1
19383	unclassified	0	0	0	0	309	1
19378	unclassified	0	0	0	0	1866	1
19386	unclassified	0	0	0	0	348	1
19384	unclassified	0	0	0	0	696	1
19388	unclassified	0	0	0	0	141	1
19390	unclassified	0	0	0	0	138	1
19385	unclassified	0	0	0	0	711	1
19392	unclassified	0	0	0	0	153	1
19391	unclassified	0	0	0	0	402	1
19387	unclassified	0	0	0	0	978	1
19394	unclassified	0	0	0	0	315	1
19395	unclassified	0	0	0	0	582	1
19396	unclassified	0	0	0	0	312	1
19398	unclassified	0	0	0	0	342	1
19389	unclassified	0	0	0	0	1854	1
19393	unclassified	0	0	0	0	1092	1
19400	unclassified	0	0	0	0	183	1
19399	unclassified	0	0	0	0	555	1
19402	unclassified	0	0	0	0	156	1
19397	unclassified	0	0	0	0	1068	1
19405	unclassified	0	0	0	0	261	1
19404	unclassified	0	0	0	0	330	1
19403	unclassified	0	0	0	0	444	1
19408	unclassified	0	0	0	0	99	1
19407	unclassified	0	0	0	0	132	1
19401	unclassified	0	0	0	0	666	1
19410	unclassified	0	0	0	0	222	1
19411	NC_000007.14	9606	81	0	24	177	1
19409	unclassified	0	0	0	0	465	1
19412	unclassified	0	0	0	0	261	1
19413	unclassified	0	0	0	0	234	1
19415	unclassified	0	0	0	0	207	1
19414	unclassified	0	0	0	0	291	1
19418	unclassified	0	0	0	0	360	1
19406	unclassified	0	0	0	0	1407	1
19419	unclassified	0	0	0	0	321	1
19416	unclassified	0	0	0	0	780	1
19421	unclassified	0	0	0	0	168	1
19423	unclassified	0	0	0	0	162	1
19417	cid|911092	911092	144	121	27	966	1
19422	unclassified	0	0	0	0	609	1
19425	unclassified	0	0	0	0	609	1
19420	unclassified	0	0	0	0	1143	1
19424	unclassified	0	0	0	0	723	1
19427	unclassified	0	0	0	0	435	1
19429	unclassified	0	0	0	0	384	1
19426	unclassified	0	0	0	0	894	1
19428	unclassified	0	0	0	0	951	1
19431	unclassified	0	0	0	0	654	1
19432	unclassified	0	0	0	0	471	1
19434	unclassified	0	0	0	0	375	1
19435	unclassified	0	0	0	0	270	1
19430	unclassified	0	0	0	0	1590	1
19433	cid|292566	292566	225	64	30	936	1
19437	unclassified	0	0	0	0	402	1
19436	cid|142	142	64	64	23	789	2
19436	cid|141	141	64	64	23	789	2
19438	cid|1849031	1849031	169	169	28	339	2
19438	cid|1399115	1399115	169	169	28	339	2
19441	cid|1410606	1410606	64	0	23	183	1
19440	unclassified	0	0	0	0	408	1
19444	unclassified	0	0	0	0	189	1
19443	cid|2208	2208	81	0	24	879	1
19442	cid|233055	233055	100	100	25	951	2
19442	cid|1633874	1633874	100	100	25	951	2
19445	unclassified	0	0	0	0	504	1
19447	unclassified	0	0	0	0	591	1
19439	cid|73913	73913	81	81	24	1785	2
19439	cid|1229909	1229909	81	81	24	1785	2
19449	unclassified	0	0	0	0	180	1
19450	unclassified	0	0	0	0	384	1
19448	unclassified	0	0	0	0	738	1
19446	unclassified	0	0	0	0	1113	1
19451	unclassified	0	0	0	0	465	1
19454	unclassified	0	0	0	0	192	1
19455	unclassified	0	0	0	0	144	1
19452	unclassified	0	0	0	0	393	1
19456	unclassified	0	0	0	0	504	1
19458	unclassified	0	0	0	0	468	1
19457	unclassified	0	0	0	0	564	1
19453	unclassified	0	0	0	0	780	1
19459	unclassified	0	0	0	0	441	1
19460	unclassified	0	0	0	0	738	1
19461	unclassified	0	0	0	0	846	1
19464	cid|159	159	121	0	26	315	1
19462	unclassified	0	0	0	0	855	1
19463	unclassified	0	0	0	0	1284	1
19465	unclassified	0	0	0	0	930	1
19468	unclassified	0	0	0	0	237	1
19466	unclassified	0	0	0	0	786	1
19467	unclassified	0	0	0	0	873	1
19469	unclassified	0	0	0	0	615	1
19471	unclassified	0	0	0	0	663	1
19470	unclassified	0	0	0	0	750	1
19474	unclassified	0	0	0	0	480	1
19475	unclassified	0	0	0	0	513	1
19473	unclassified	0	0	0	0	843	1
19477	unclassified	0	0	0	0	459	1
19472	unclassified	0	0	0	0	1242	1
19480	unclassified	0	0	0	0	327	1
19476	cid|79885	79885	81	0	24	1125	1
19481	unclassified	0	0	0	0	144	1
19478	cid|234827	234827	121	0	26	1032	1
19482	unclassified	0	0	0	0	159	1
19485	unclassified	0	0	0	0	222	1
19479	unclassified	0	0	0	0	1080	1
19483	unclassified	0	0	0	0	348	1
19487	unclassified	0	0	0	0	324	1
19489	unclassified	0	0	0	0	291	1
19486	unclassified	0	0	0	0	945	1
19488	unclassified	0	0	0	0	774	1
19484	unclassified	0	0	0	0	1584	1
19491	unclassified	0	0	0	0	378	1
19490	cid|195	195	64	0	23	768	1
19495	unclassified	0	0	0	0	255	1
19494	unclassified	0	0	0	0	495	1
19496	unclassified	0	0	0	0	240	1
19493	unclassified	0	0	0	0	726	1
19492	unclassified	0	0	0	0	978	1
19498	unclassified	0	0	0	0	252	1
19497	unclassified	0	0	0	0	624	1
19500	unclassified	0	0	0	0	240	1
19499	unclassified	0	0	0	0	567	1
19501	unclassified	0	0	0	0	606	1
19503	unclassified	0	0	0	0	309	1
19504	unclassified	0	0	0	0	456	1
19502	unclassified	0	0	0	0	984	1
19507	unclassified	0	0	0	0	522	1
19506	unclassified	0	0	0	0	618	1
19505	unclassified	0	0	0	0	897	1
19508	unclassified	0	0	0	0	393	1
19509	unclassified	0	0	0	0	489	1
19512	unclassified	0	0	0	0	306	1
19510	unclassified	0	0	0	0	531	1
19514	unclassified	0	0	0	0	294	1
19513	unclassified	0	0	0	0	381	1
19511	unclassified	0	0	0	0	801	1
19516	unclassified	0	0	0	0	795	1
19517	unclassified	0	0	0	0	825	1
19520	unclassified	0	0	0	0	204	1
19519	unclassified	0	0	0	0	420	1
19521	unclassified	0	0	0	0	264	1
19518	unclassified	0	0	0	0	1323	1
19523	unclassified	0	0	0	0	603	1
19524	unclassified	0	0	0	0	477	1
19515	cid|446	446	100	0	25	1683	1
19525	cid|453816	453816	64	0	23	360	1
19522	unclassified	0	0	0	0	1053	1
19526	unclassified	0	0	0	0	462	1
19530	unclassified	0	0	0	0	393	1
19528	cid|33959	33959	64	0	23	666	1
19529	cid|1428	1428	64	64	23	990	2
19529	cid|1396	1396	64	64	23	990	2
19532	unclassified	0	0	0	0	549	1
19527	cid|443143	443143	64	0	23	1155	1
19531	unclassified	0	0	0	0	1044	1
19533	unclassified	0	0	0	0	423	1
19535	unclassified	0	0	0	0	336	1
19537	unclassified	0	0	0	0	288	1
19538	unclassified	0	0	0	0	297	1
19536	cid|1580092	1580092	144	0	27	762	1
19539	unclassified	0	0	0	0	522	1
19540	unclassified	0	0	0	0	159	1
19534	unclassified	0	0	0	0	1263	1
19544	unclassified	0	0	0	0	300	1
19541	unclassified	0	0	0	0	666	1
19545	unclassified	0	0	0	0	381	1
19542	unclassified	0	0	0	0	921	1
19546	unclassified	0	0	0	0	348	1
19543	unclassified	0	0	0	0	834	1
19547	unclassified	0	0	0	0	960	1
19548	unclassified	0	0	0	0	996	1
19549	unclassified	0	0	0	0	906	1
19552	unclassified	0	0	0	0	144	1
19551	unclassified	0	0	0	0	222	1
19550	unclassified	0	0	0	0	1209	1
19554	NC_000003.12	9606	64	0	23	753	1
19555	unclassified	0	0	0	0	798	1
19553	unclassified	0	0	0	0	999	1
19557	unclassified	0	0	0	0	213	1
19556	unclassified	0	0	0	0	423	1
19558	unclassified	0	0	0	0	216	1
19561	unclassified	0	0	0	0	564	1
19560	unclassified	0	0	0	0	717	1
19563	unclassified	0	0	0	0	195	1
19564	unclassified	0	0	0	0	273	1
19559	unclassified	0	0	0	0	1155	1
19566	unclassified	0	0	0	0	396	1
19562	unclassified	0	0	0	0	1593	1
19567	unclassified	0	0	0	0	816	1
19570	unclassified	0	0	0	0	216	1
19568	unclassified	0	0	0	0	846	1
19571	unclassified	0	0	0	0	222	1
19572	unclassified	0	0	0	0	195	1
19565	unclassified	0	0	0	0	1170	1
19574	unclassified	0	0	0	0	111	1
19569	unclassified	0	0	0	0	975	1
19576	unclassified	0	0	0	0	105	1
19573	cid|1781	1781	64	0	23	348	1
19578	unclassified	0	0	0	0	285	1
19579	unclassified	0	0	0	0	648	1
19575	unclassified	0	0	0	0	846	1
19577	unclassified	0	0	0	0	1038	1
19581	unclassified	0	0	0	0	522	1
19582	unclassified	0	0	0	0	360	1
19583	unclassified	0	0	0	0	570	1
19580	cid|1536769	1536769	64	0	23	1482	1
19584	unclassified	0	0	0	0	681	1
19587	unclassified	0	0	0	0	273	1
19585	unclassified	0	0	0	0	738	1
19586	cid|591197	591197	64	0	23	576	1
19589	unclassified	0	0	0	0	540	1
19588	unclassified	0	0	0	0	990	1
19593	unclassified	0	0	0	0	240	1
19592	unclassified	0	0	0	0	960	1
19594	unclassified	0	0	0	0	1131	1
19591	cid|1229909	1229909	81	0	24	2220	1
19595	unclassified	0	0	0	0	1119	1
19596	unclassified	0	0	0	0	441	1
19590	unclassified	0	0	0	0	2076	1
19600	unclassified	0	0	0	0	312	1
19597	cid|29485	29485	64	0	23	690	1
19598	unclassified	0	0	0	0	765	1
19602	unclassified	0	0	0	0	375	1
19604	unclassified	0	0	0	0	204	1
19599	cid|2296	2296	100	0	25	1005	1
19603	cid|1479	1479	64	0	23	453	1
19601	unclassified	0	0	0	0	807	1
19606	unclassified	0	0	0	0	378	1
19607	unclassified	0	0	0	0	315	1
19608	unclassified	0	0	0	0	267	1
19609	unclassified	0	0	0	0	414	1
19612	unclassified	0	0	0	0	258	1
19611	unclassified	0	0	0	0	573	1
19614	unclassified	0	0	0	0	204	1
19613	unclassified	0	0	0	0	357	1
19610	unclassified	0	0	0	0	1095	1
19605	unclassified	0	0	0	0	1680	1
19616	unclassified	0	0	0	0	321	1
19617	unclassified	0	0	0	0	567	1
19618	unclassified	0	0	0	0	1143	1
19619	unclassified	0	0	0	0	861	1
19622	unclassified	0	0	0	0	294	1
19620	unclassified	0	0	0	0	960	1
19615	unclassified	0	0	0	0	1371	1
19623	unclassified	0	0	0	0	285	1
19624	unclassified	0	0	0	0	312	1
19625	unclassified	0	0	0	0	294	1
19627	unclassified	0	0	0	0	180	1
19628	unclassified	0	0	0	0	240	1
19626	unclassified	0	0	0	0	474	1
19621	unclassified	0	0	0	0	1215	1
19632	unclassified	0	0	0	0	186	1
19631	unclassified	0	0	0	0	369	1
19630	unclassified	0	0	0	0	672	1
19629	unclassified	0	0	0	0	1161	1
19633	unclassified	0	0	0	0	1065	1
19635	unclassified	0	0	0	0	630	1
19636	unclassified	0	0	0	0	768	1
19637	unclassified	0	0	0	0	342	1
19634	cid|39766	39766	100	100	25	1359	2
19634	cid|488546	488546	100	100	25	1359	2
19641	unclassified	0	0	0	0	495	1
19639	cid|1538	1538	64	64	23	591	3
19639	cid|84023	84023	64	64	23	591	3
19639	cid|28031	28031	64	64	23	591	3
19640	unclassified	0	0	0	0	1047	1
19638	unclassified	0	0	0	0	1071	1
19642	unclassified	0	0	0	0	774	1
19644	unclassified	0	0	0	0	489	1
19646	unclassified	0	0	0	0	297	1
19643	unclassified	0	0	0	0	1032	1
19648	unclassified	0	0	0	0	312	1
19645	unclassified	0	0	0	0	711	1
19650	unclassified	0	0	0	0	111	1
19647	NC_000008.11	9606	64	0	23	516	1
19649	unclassified	0	0	0	0	699	1
19651	unclassified	0	0	0	0	474	1
19654	unclassified	0	0	0	0	132	1
19652	unclassified	0	0	0	0	846	1
19657	unclassified	0	0	0	0	144	1
19655	unclassified	0	0	0	0	399	1
19658	unclassified	0	0	0	0	420	1
19653	unclassified	0	0	0	0	1485	1
19660	unclassified	0	0	0	0	363	1
19661	unclassified	0	0	0	0	198	1
19656	NC_020859.1	869662	64	0	23	1314	1
19659	unclassified	0	0	0	0	768	1
19664	unclassified	0	0	0	0	390	1
19665	unclassified	0	0	0	0	444	1
19666	unclassified	0	0	0	0	315	1
19668	unclassified	0	0	0	0	123	1
19667	unclassified	0	0	0	0	294	1
19663	unclassified	0	0	0	0	1179	1
19670	unclassified	0	0	0	0	336	1
19669	cid|54299	54299	64	0	23	612	1
19672	unclassified	0	0	0	0	132	1
19662	unclassified	0	0	0	0	1815	1
19671	unclassified	0	0	0	0	1395	1
19673	unclassified	0	0	0	0	966	1
19675	unclassified	0	0	0	0	1089	1
19676	unclassified	0	0	0	0	435	1
19677	unclassified	0	0	0	0	495	1
19674	unclassified	0	0	0	0	1200	1
19680	unclassified	0	0	0	0	162	1
19681	unclassified	0	0	0	0	243	1
19678	cid|1484116	1484116	121	121	26	1092	3
19678	cid|97084	97084	121	121	26	1092	3
19678	cid|1112	1112	121	121	26	1092	3
19683	unclassified	0	0	0	0	633	1
19682	cid|1396	1396	64	64	23	1002	2
19682	cid|1428	1428	64	64	23	1002	2
19684	unclassified	0	0	0	0	498	1
19679	unclassified	0	0	0	0	1560	1
19687	unclassified	0	0	0	0	453	1
19688	unclassified	0	0	0	0	681	1
19690	unclassified	0	0	0	0	135	1
19691	unclassified	0	0	0	0	192	1
19686	unclassified	0	0	0	0	1188	1
19685	unclassified	0	0	0	0	1236	1
19693	unclassified	0	0	0	0	483	1
19692	unclassified	0	0	0	0	663	1
19695	unclassified	0	0	0	0	468	1
19689	cid|1221500	1221500	196	0	29	1398	1
19696	unclassified	0	0	0	0	612	1
19698	unclassified	0	0	0	0	513	1
19699	unclassified	0	0	0	0	717	1
19697	unclassified	0	0	0	0	1005	1
19701	unclassified	0	0	0	0	249	1
19702	unclassified	0	0	0	0	237	1
19700	unclassified	0	0	0	0	822	1
19694	cid|420950	420950	64	64	23	1647	3
19694	cid|60961	60961	64	64	23	1647	3
19694	cid|93466	93466	64	64	23	1647	3
19704	unclassified	0	0	0	0	225	1
19705	unclassified	0	0	0	0	144	1
19703	cid|1562970	1562970	64	0	23	333	1
19709	unclassified	0	0	0	0	465	1
19710	unclassified	0	0	0	0	183	1
19706	unclassified	0	0	0	0	627	1
19711	unclassified	0	0	0	0	207	1
19708	unclassified	0	0	0	0	945	1
19713	unclassified	0	0	0	0	354	1
19707	NC_000009.12	9606	64	0	23	1446	1
19714	unclassified	0	0	0	0	588	1
19712	unclassified	0	0	0	0	660	1
19716	unclassified	0	0	0	0	198	1
19715	cid|2148	2148	64	0	23	516	1
19720	unclassified	0	0	0	0	225	1
19719	unclassified	0	0	0	0	498	1
19718	unclassified	0	0	0	0	789	1
19717	cid|68895	68895	121	64	26	795	1
19721	unclassified	0	0	0	0	843	1
19723	unclassified	0	0	0	0	585	1
19725	unclassified	0	0	0	0	438	1
19726	unclassified	0	0	0	0	432	1
19722	cid|36745	36745	64	0	23	1797	1
19724	unclassified	0	0	0	0	1488	1
19727	unclassified	0	0	0	0	978	1
19731	unclassified	0	0	0	0	600	1
19729	unclassified	0	0	0	0	1065	1
19730	cid|379064	379064	64	0	23	1008	1
19728	cid|198252	198252	64	0	23	1284	1
19732	unclassified	0	0	0	0	609	1
19733	unclassified	0	0	0	0	546	1
19736	unclassified	0	0	0	0	135	1
19737	unclassified	0	0	0	0	291	1
19734	unclassified	0	0	0	0	669	1
19740	unclassified	0	0	0	0	558	1
19738	unclassified	0	0	0	0	900	1
19739	unclassified	0	0	0	0	849	1
19735	unclassified	0	0	0	0	1257	1
19741	unclassified	0	0	0	0	819	1
19744	unclassified	0	0	0	0	570	1
19742	cid|31909	31909	64	0	23	915	1
19743	cid|1590	1590	64	64	23	792	2
19743	cid|1007676	1007676	64	64	23	792	2
19745	unclassified	0	0	0	0	618	1
19747	unclassified	0	0	0	0	435	1
19746	unclassified	0	0	0	0	465	1
19749	unclassified	0	0	0	0	195	1
19752	unclassified	0	0	0	0	114	1
19748	unclassified	0	0	0	0	636	1
19753	unclassified	0	0	0	0	162	1
19750	unclassified	0	0	0	0	567	1
19751	NC_000006.12	9606	64	0	23	423	1
19754	unclassified	0	0	0	0	393	1
19756	unclassified	0	0	0	0	84	1
19755	unclassified	0	0	0	0	414	1
19757	cid|1580092	1580092	441	0	36	288	1
19760	unclassified	0	0	0	0	564	1
19759	unclassified	0	0	0	0	741	1
19758	unclassified	0	0	0	0	870	1
19761	unclassified	0	0	0	0	447	1
19764	unclassified	0	0	0	0	237	1
19765	unclassified	0	0	0	0	327	1
19762	unclassified	0	0	0	0	591	1
19768	unclassified	0	0	0	0	237	1
19763	unclassified	0	0	0	0	1113	1
19767	unclassified	0	0	0	0	573	1
19770	unclassified	0	0	0	0	717	1
19769	unclassified	0	0	0	0	1170	1
19772	unclassified	0	0	0	0	336	1
19774	unclassified	0	0	0	0	405	1
19766	NC_000004.12	9606	121	0	26	1983	1
19771	unclassified	0	0	0	0	1152	1
19777	unclassified	0	0	0	0	255	1
19773	unclassified	0	0	0	0	1014	1
19775	unclassified	0	0	0	0	564	1
19776	unclassified	0	0	0	0	858	1
19779	unclassified	0	0	0	0	618	1
19780	unclassified	0	0	0	0	510	1
19778	unclassified	0	0	0	0	678	1
19781	unclassified	0	0	0	0	321	1
19785	unclassified	0	0	0	0	276	1
19782	unclassified	0	0	0	0	720	1
19787	unclassified	0	0	0	0	123	1
19786	cid|1508644	1508644	64	64	23	498	2
19786	cid|49118	49118	64	64	23	498	2
19783	unclassified	0	0	0	0	918	1
19790	unclassified	0	0	0	0	159	1
19784	unclassified	0	0	0	0	966	1
19789	unclassified	0	0	0	0	327	1
19791	unclassified	0	0	0	0	156	1
19793	unclassified	0	0	0	0	273	1
19792	unclassified	0	0	0	0	651	1
19795	unclassified	0	0	0	0	546	1
19788	unclassified	0	0	0	0	1287	1
19797	unclassified	0	0	0	0	111	1
19798	unclassified	0	0	0	0	216	1
19794	unclassified	0	0	0	0	1215	1
19800	unclassified	0	0	0	0	267	1
19801	unclassified	0	0	0	0	342	1
19803	unclassified	0	0	0	0	270	1
19796	unclassified	0	0	0	0	969	1
19802	unclassified	0	0	0	0	777	1
19799	unclassified	0	0	0	0	1218	1
19804	unclassified	0	0	0	0	366	1
19805	unclassified	0	0	0	0	228	1
19807	unclassified	0	0	0	0	465	1
19810	unclassified	0	0	0	0	417	1
19806	unclassified	0	0	0	0	936	1
19809	unclassified	0	0	0	0	828	1
19812	unclassified	0	0	0	0	522	1
19813	unclassified	0	0	0	0	348	1
19808	unclassified	0	0	0	0	1488	1
19811	unclassified	0	0	0	0	741	1
19814	unclassified	0	0	0	0	483	1
19817	unclassified	0	0	0	0	336	1
19815	unclassified	0	0	0	0	444	1
19819	unclassified	0	0	0	0	147	1
19818	unclassified	0	0	0	0	426	1
19820	unclassified	0	0	0	0	387	1
19821	unclassified	0	0	0	0	558	1
19822	unclassified	0	0	0	0	417	1
19816	unclassified	0	0	0	0	1317	1
19824	cid|1570	1570	64	0	23	210	1
19825	unclassified	0	0	0	0	276	1
19827	unclassified	0	0	0	0	531	1
19828	unclassified	0	0	0	0	417	1
19829	unclassified	0	0	0	0	186	1
19823	unclassified	0	0	0	0	912	1
19826	unclassified	0	0	0	0	1167	1
19831	unclassified	0	0	0	0	855	1
19832	unclassified	0	0	0	0	660	1
19830	unclassified	0	0	0	0	1785	1
19833	unclassified	0	0	0	0	1323	1
19834	unclassified	0	0	0	0	1110	1
19835	unclassified	0	0	0	0	870	1
19836	unclassified	0	0	0	0	291	1
19838	unclassified	0	0	0	0	342	1
19837	unclassified	0	0	0	0	843	1
19841	unclassified	0	0	0	0	408	1
19840	unclassified	0	0	0	0	735	1
19844	unclassified	0	0	0	0	153	1
19843	unclassified	0	0	0	0	297	1
19846	unclassified	0	0	0	0	363	1
19842	cid|197	197	64	0	23	771	1
19847	unclassified	0	0	0	0	168	1
19845	unclassified	0	0	0	0	618	1
19849	cid|2223	2223	64	0	23	309	1
19848	unclassified	0	0	0	0	507	1
19839	cid|1580092	1580092	100	0	25	1575	1
19850	unclassified	0	0	0	0	822	1
19851	unclassified	0	0	0	0	663	1
19854	unclassified	0	0	0	0	510	1
19853	unclassified	0	0	0	0	723	1
19857	unclassified	0	0	0	0	153	1
19856	unclassified	0	0	0	0	522	1
19855	unclassified	0	0	0	0	852	1
19852	unclassified	0	0	0	0	1635	1
19858	unclassified	0	0	0	0	537	1
19862	unclassified	0	0	0	0	267	1
19861	unclassified	0	0	0	0	639	1
19860	unclassified	0	0	0	0	861	1
19859	unclassified	0	0	0	0	984	1
19866	unclassified	0	0	0	0	255	1
19864	cid|1238	1238	81	0	24	651	1
19865	unclassified	0	0	0	0	765	1
19867	unclassified	0	0	0	0	579	1
19869	unclassified	0	0	0	0	825	1
19870	unclassified	0	0	0	0	900	1
19868	cid|1639	1639	64	0	23	1539	1
19873	unclassified	0	0	0	0	126	1
19863	unclassified	0	0	0	0	2112	1
19871	unclassified	0	0	0	0	1347	1
19874	unclassified	0	0	0	0	798	1
19872	cid|1617448	1617448	100	64	25	1167	1
19875	unclassified	0	0	0	0	1008	1
19878	unclassified	0	0	0	0	606	1
19877	unclassified	0	0	0	0	780	1
19879	unclassified	0	0	0	0	198	1
19876	unclassified	0	0	0	0	1269	1
19881	unclassified	0	0	0	0	432	1
19882	unclassified	0	0	0	0	576	1
19883	unclassified	0	0	0	0	423	1
19884	unclassified	0	0	0	0	387	1
19885	unclassified	0	0	0	0	456	1
19880	unclassified	0	0	0	0	1485	1
19887	unclassified	0	0	0	0	840	1
19889	unclassified	0	0	0	0	420	1
19886	unclassified	0	0	0	0	1263	1
19891	unclassified	0	0	0	0	885	1
19888	unclassified	0	0	0	0	1464	1
19890	cid|1580092	1580092	100	0	25	1440	1
19893	unclassified	0	0	0	0	456	1
19894	unclassified	0	0	0	0	417	1
19895	unclassified	0	0	0	0	801	1
19897	unclassified	0	0	0	0	522	1
19896	unclassified	0	0	0	0	1227	1
19900	unclassified	0	0	0	0	93	1
19892	unclassified	0	0	0	0	2676	1
19902	unclassified	0	0	0	0	87	1
19898	unclassified	0	0	0	0	1113	1
19901	unclassified	0	0	0	0	648	1
19899	unclassified	0	0	0	0	807	1
19904	unclassified	0	0	0	0	462	1
19905	unclassified	0	0	0	0	417	1
19906	unclassified	0	0	0	0	465	1
19903	unclassified	0	0	0	0	957	1
19910	unclassified	0	0	0	0	228	1
19909	unclassified	0	0	0	0	327	1
19911	unclassified	0	0	0	0	360	1
19907	unclassified	0	0	0	0	1071	1
19913	unclassified	0	0	0	0	465	1
19912	unclassified	0	0	0	0	1095	1
19908	unclassified	0	0	0	0	2190	1
19917	unclassified	0	0	0	0	183	1
19918	unclassified	0	0	0	0	471	1
19916	unclassified	0	0	0	0	732	1
19919	unclassified	0	0	0	0	270	1
19915	unclassified	0	0	0	0	2367	1
19914	NC_000013.11	9606	64	0	23	2391	1
19922	unclassified	0	0	0	0	249	1
19920	unclassified	0	0	0	0	921	1
19921	unclassified	0	0	0	0	1059	1
19923	unclassified	0	0	0	0	570	1
19925	unclassified	0	0	0	0	291	1
19924	unclassified	0	0	0	0	480	1
19927	unclassified	0	0	0	0	186	1
19929	unclassified	0	0	0	0	261	1
19928	unclassified	0	0	0	0	315	1
19926	unclassified	0	0	0	0	1056	1
19930	unclassified	0	0	0	0	819	1
19933	unclassified	0	0	0	0	324	1
19932	unclassified	0	0	0	0	834	1
19931	unclassified	0	0	0	0	1233	1
19935	unclassified	0	0	0	0	945	1
19937	unclassified	0	0	0	0	789	1
19938	unclassified	0	0	0	0	441	1
19936	cid|2173	2173	100	0	25	1167	1
19939	unclassified	0	0	0	0	681	1
19940	unclassified	0	0	0	0	726	1
19941	unclassified	0	0	0	0	408	1
19942	unclassified	0	0	0	0	360	1
19934	unclassified	0	0	0	0	2523	1
19943	unclassified	0	0	0	0	243	1
19947	unclassified	0	0	0	0	225	1
19948	unclassified	0	0	0	0	288	1
19944	unclassified	0	0	0	0	864	1
19945	unclassified	0	0	0	0	1050	1
19951	unclassified	0	0	0	0	189	1
19949	unclassified	0	0	0	0	723	1
19952	unclassified	0	0	0	0	303	1
19946	unclassified	0	0	0	0	1614	1
19954	unclassified	0	0	0	0	315	1
19953	NC_000018.10	9606	81	0	24	603	1
19950	unclassified	0	0	0	0	783	1
19955	unclassified	0	0	0	0	345	1
19956	unclassified	0	0	0	0	252	1
19957	unclassified	0	0	0	0	213	1
19960	unclassified	0	0	0	0	99	1
19958	unclassified	0	0	0	0	345	1
19959	unclassified	0	0	0	0	420	1
19961	unclassified	0	0	0	0	357	1
19965	unclassified	0	0	0	0	339	1
19964	unclassified	0	0	0	0	588	1
19966	unclassified	0	0	0	0	477	1
19962	unclassified	0	0	0	0	1188	1
19968	unclassified	0	0	0	0	195	1
19967	unclassified	0	0	0	0	615	1
19970	unclassified	0	0	0	0	180	1
19963	unclassified	0	0	0	0	1116	1
19969	unclassified	0	0	0	0	765	1
19974	unclassified	0	0	0	0	246	1
19973	unclassified	0	0	0	0	585	1
19972	unclassified	0	0	0	0	999	1
19975	unclassified	0	0	0	0	471	1
19977	unclassified	0	0	0	0	186	1
19971	unclassified	0	0	0	0	1500	1
19980	unclassified	0	0	0	0	444	1
19979	cid|1405	1405	144	0	27	756	1
19981	unclassified	0	0	0	0	216	1
19976	NC_000001.11	9606	64	0	23	1077	1
19978	unclassified	0	0	0	0	1185	1
19984	unclassified	0	0	0	0	210	1
19985	unclassified	0	0	0	0	243	1
19987	unclassified	0	0	0	0	150	1
19988	unclassified	0	0	0	0	162	1
19986	unclassified	0	0	0	0	381	1
19989	unclassified	0	0	0	0	384	1
19991	unclassified	0	0	0	0	132	1
19990	unclassified	0	0	0	0	396	1
19982	unclassified	0	0	0	0	1437	1
19994	unclassified	0	0	0	0	303	1
19992	unclassified	0	0	0	0	396	1
19995	unclassified	0	0	0	0	252	1
19996	unclassified	0	0	0	0	360	1
19997	unclassified	0	0	0	0	192	1
19983	cid|1590	1590	100	0	25	2163	1
19998	unclassified	0	0	0	0	237	1
19993	unclassified	0	0	0	0	870	1
19999	unclassified	0	0	0	0	369	1
20002	unclassified	0	0	0	0	162	1
20001	unclassified	0	0	0	0	429	1
20003	unclassified	0	0	0	0	399	1
20004	unclassified	0	0	0	0	267	1
20000	unclassified	0	0	0	0	1041	1
20005	unclassified	0	0	0	0	663	1
20006	unclassified	0	0	0	0	543	1
20008	unclassified	0	0	0	0	630	1
20007	unclassified	0	0	0	0	951	1
20010	unclassified	0	0	0	0	1059	1
20009	unclassified	0	0	0	0	1650	1
20011	unclassified	0	0	0	0	1146	1
20013	unclassified	0	0	0	0	759	1
20015	unclassified	0	0	0	0	243	1
20016	unclassified	0	0	0	0	159	1
20017	unclassified	0	0	0	0	252	1
20018	unclassified	0	0	0	0	255	1
20012	unclassified	0	0	0	0	1560	1
20019	unclassified	0	0	0	0	465	1
20021	unclassified	0	0	0	0	231	1
20014	unclassified	0	0	0	0	1212	1
20022	unclassified	0	0	0	0	306	1
20025	unclassified	0	0	0	0	357	1
20023	unclassified	0	0	0	0	492	1
20020	unclassified	0	0	0	0	1335	1
20026	unclassified	0	0	0	0	330	1
20028	unclassified	0	0	0	0	108	1
20029	unclassified	0	0	0	0	198	1
20027	unclassified	0	0	0	0	357	1
20024	cid|314282	314282	121	121	26	978	3
20024	NC_000023.11	9606	121	121	26	978	3
20024	NC_000002.12	9606	121	121	26	978	3
20032	unclassified	0	0	0	0	150	1
20033	unclassified	0	0	0	0	162	1
20031	unclassified	0	0	0	0	474	1
20035	unclassified	0	0	0	0	303	1
20037	unclassified	0	0	0	0	300	1
20030	unclassified	0	0	0	0	1143	1
20034	unclassified	0	0	0	0	741	1
20036	unclassified	0	0	0	0	660	1
20040	unclassified	0	0	0	0	153	1
20039	unclassified	0	0	0	0	318	1
20038	unclassified	0	0	0	0	939	1
20042	unclassified	0	0	0	0	510	1
20043	unclassified	0	0	0	0	1044	1
20044	unclassified	0	0	0	0	597	1
20046	unclassified	0	0	0	0	96	1
20047	unclassified	0	0	0	0	225	1
20041	unclassified	0	0	0	0	1533	1
20049	NC_000020.11	9606	144	0	27	357	1
20048	unclassified	0	0	0	0	687	1
20045	cid|499229	499229	144	64	27	900	1
20050	unclassified	0	0	0	0	1149	1
20051	unclassified	0	0	0	0	939	1
20052	unclassified	0	0	0	0	918	1
20056	unclassified	0	0	0	0	153	1
20055	unclassified	0	0	0	0	570	1
20054	unclassified	0	0	0	0	867	1
20059	unclassified	0	0	0	0	189	1
20057	unclassified	0	0	0	0	666	1
20053	unclassified	0	0	0	0	1446	1
20060	unclassified	0	0	0	0	189	1
20061	unclassified	0	0	0	0	453	1
20058	unclassified	0	0	0	0	909	1
20063	unclassified	0	0	0	0	555	1
20066	unclassified	0	0	0	0	306	1
20064	unclassified	0	0	0	0	693	1
20062	unclassified	0	0	0	0	1275	1
20065	cid|680279	680279	64	0	23	1407	1
20067	unclassified	0	0	0	0	1158	1
20069	unclassified	0	0	0	0	582	1
20071	cid|461876	461876	196	0	29	426	1
20068	unclassified	0	0	0	0	1749	1
20070	cid|39765	39765	64	0	23	1005	1
20074	unclassified	0	0	0	0	441	1
20072	unclassified	0	0	0	0	951	1
20076	unclassified	0	0	0	0	258	1
20078	unclassified	0	0	0	0	456	1
20075	unclassified	0	0	0	0	1035	1
20077	unclassified	0	0	0	0	699	1
20073	unclassified	0	0	0	0	1587	1
20081	unclassified	0	0	0	0	81	1
20079	unclassified	0	0	0	0	366	1
20083	unclassified	0	0	0	0	324	1
20082	unclassified	0	0	0	0	606	1
20080	unclassified	0	0	0	0	1014	1
20084	unclassified	0	0	0	0	624	1
20088	unclassified	0	0	0	0	345	1
20087	unclassified	0	0	0	0	378	1
20085	unclassified	0	0	0	0	591	1
20086	unclassified	0	0	0	0	783	1
20090	unclassified	0	0	0	0	786	1
20089	cid|1396	1396	64	0	23	831	1
20092	unclassified	0	0	0	0	831	1
20093	unclassified	0	0	0	0	606	1
20094	unclassified	0	0	0	0	645	1
20095	unclassified	0	0	0	0	420	1
20091	cid|586416	586416	81	0	24	1350	1
20099	unclassified	0	0	0	0	255	1
20098	unclassified	0	0	0	0	498	1
20096	unclassified	0	0	0	0	711	1
20097	unclassified	0	0	0	0	717	1
20101	unclassified	0	0	0	0	417	1
20104	unclassified	0	0	0	0	105	1
20103	unclassified	0	0	0	0	378	1
20105	unclassified	0	0	0	0	186	1
20100	unclassified	0	0	0	0	678	1
20102	unclassified	0	0	0	0	720	1
20106	unclassified	0	0	0	0	774	1
20110	unclassified	0	0	0	0	183	1
20107	cid|84599	84599	256	81	31	759	1
20109	unclassified	0	0	0	0	1050	1
20108	unclassified	0	0	0	0	1422	1
20112	unclassified	0	0	0	0	1107	1
20114	unclassified	0	0	0	0	585	1
20111	cid|40576	40576	64	0	23	1977	1
20116	unclassified	0	0	0	0	303	1
20113	unclassified	0	0	0	0	1803	1
20117	unclassified	0	0	0	0	228	1
20115	unclassified	0	0	0	0	1335	1
20119	unclassified	0	0	0	0	429	1
20120	unclassified	0	0	0	0	549	1
20118	unclassified	0	0	0	0	597	1
20123	unclassified	0	0	0	0	126	1
20122	unclassified	0	0	0	0	507	1
20124	unclassified	0	0	0	0	525	1
20126	unclassified	0	0	0	0	342	1
20125	unclassified	0	0	0	0	702	1
20121	unclassified	0	0	0	0	1143	1
20129	unclassified	0	0	0	0	174	1
20127	unclassified	0	0	0	0	243	1
20130	unclassified	0	0	0	0	288	1
20131	unclassified	0	0	0	0	285	1
20128	unclassified	0	0	0	0	597	1
20134	unclassified	0	0	0	0	207	1
20133	unclassified	0	0	0	0	822	1
20137	unclassified	0	0	0	0	456	1
20135	unclassified	0	0	0	0	1080	1
20132	unclassified	0	0	0	0	1326	1
20140	unclassified	0	0	0	0	243	1
20138	unclassified	0	0	0	0	594	1
20139	unclassified	0	0	0	0	1023	1
20136	unclassified	0	0	0	0	1995	1
20142	unclassified	0	0	0	0	738	1
20145	unclassified	0	0	0	0	282	1
20144	unclassified	0	0	0	0	561	1
20143	unclassified	0	0	0	0	825	1
20141	unclassified	0	0	0	0	1230	1
20149	unclassified	0	0	0	0	186	1
20147	unclassified	0	0	0	0	600	1
20148	unclassified	0	0	0	0	630	1
20151	unclassified	0	0	0	0	399	1
20152	unclassified	0	0	0	0	192	1
20150	unclassified	0	0	0	0	483	1
20146	unclassified	0	0	0	0	1179	1
20154	unclassified	0	0	0	0	219	1
20156	unclassified	0	0	0	0	159	1
20157	unclassified	0	0	0	0	252	1
20155	unclassified	0	0	0	0	363	1
20159	unclassified	0	0	0	0	303	1
20161	unclassified	0	0	0	0	138	1
20160	unclassified	0	0	0	0	339	1
20158	unclassified	0	0	0	0	774	1
20162	unclassified	0	0	0	0	273	1
20153	unclassified	0	0	0	0	1368	1
20165	unclassified	0	0	0	0	306	1
20167	unclassified	0	0	0	0	300	1
20163	unclassified	0	0	0	0	897	1
20166	unclassified	0	0	0	0	630	1
20169	unclassified	0	0	0	0	78	1
20170	unclassified	0	0	0	0	246	1
20168	unclassified	0	0	0	0	570	1
20164	unclassified	0	0	0	0	1506	1
20173	unclassified	0	0	0	0	342	1
20172	unclassified	0	0	0	0	711	1
20175	unclassified	0	0	0	0	387	1
20177	unclassified	0	0	0	0	291	1
20174	unclassified	0	0	0	0	1158	1
20171	unclassified	0	0	0	0	1545	1
20176	unclassified	0	0	0	0	876	1
20178	unclassified	0	0	0	0	693	1
20182	NC_000011.10	9606	64	0	23	303	1
20183	unclassified	0	0	0	0	183	1
20184	unclassified	0	0	0	0	192	1
20179	unclassified	0	0	0	0	1509	1
20186	unclassified	0	0	0	0	150	1
20185	unclassified	0	0	0	0	528	1
20187	unclassified	0	0	0	0	159	1
20188	unclassified	0	0	0	0	360	1
20181	unclassified	0	0	0	0	1758	1
20189	unclassified	0	0	0	0	444	1
20191	unclassified	0	0	0	0	114	1
20193	unclassified	0	0	0	0	75	1
20194	unclassified	0	0	0	0	246	1
20190	unclassified	0	0	0	0	816	1
20180	unclassified	0	0	0	0	2097	1
20192	unclassified	0	0	0	0	762	1
20198	unclassified	0	0	0	0	204	1
20195	unclassified	0	0	0	0	690	1
20196	unclassified	0	0	0	0	543	1
20197	unclassified	0	0	0	0	492	1
20199	unclassified	0	0	0	0	327	1
20200	unclassified	0	0	0	0	438	1
20203	unclassified	0	0	0	0	414	1
20204	unclassified	0	0	0	0	291	1
20205	unclassified	0	0	0	0	132	1
20202	unclassified	0	0	0	0	534	1
20207	unclassified	0	0	0	0	324	1
20209	unclassified	0	0	0	0	93	1
20210	unclassified	0	0	0	0	282	1
20208	unclassified	0	0	0	0	531	1
20206	unclassified	0	0	0	0	771	1
20201	unclassified	0	0	0	0	1455	1
20211	unclassified	0	0	0	0	345	1
20212	unclassified	0	0	0	0	273	1
20216	unclassified	0	0	0	0	240	1
20214	unclassified	0	0	0	0	555	1
20217	unclassified	0	0	0	0	108	1
20213	unclassified	0	0	0	0	852	1
20220	unclassified	0	0	0	0	213	1
20215	unclassified	0	0	0	0	1200	1
20221	unclassified	0	0	0	0	714	1
20218	unclassified	0	0	0	0	1314	1
20219	unclassified	0	0	0	0	1017	1
20222	unclassified	0	0	0	0	549	1
20223	unclassified	0	0	0	0	159	1
20225	unclassified	0	0	0	0	288	1
20226	unclassified	0	0	0	0	435	1
20227	unclassified	0	0	0	0	720	1
20228	unclassified	0	0	0	0	462	1
20229	unclassified	0	0	0	0	546	1
20224	unclassified	0	0	0	0	1476	1
20231	unclassified	0	0	0	0	591	1
20232	unclassified	0	0	0	0	738	1
20230	unclassified	0	0	0	0	996	1
20234	unclassified	0	0	0	0	549	1
20233	unclassified	0	0	0	0	999	1
20236	unclassified	0	0	0	0	1218	1
20238	unclassified	0	0	0	0	684	1
20239	unclassified	0	0	0	0	195	1
20237	unclassified	0	0	0	0	843	1
20235	cid|1561	1561	81	0	24	1857	1
20240	unclassified	0	0	0	0	1641	1
20243	unclassified	0	0	0	0	1404	1
20245	unclassified	0	0	0	0	387	1
20242	unclassified	0	0	0	0	2022	1
20244	unclassified	0	0	0	0	1371	1
20241	cid|246432	246432	144	121	27	2889	1
20246	unclassified	0	0	0	0	1452	1
20247	unclassified	0	0	0	0	870	1
20248	unclassified	0	0	0	0	1041	1
20250	unclassified	0	0	0	0	546	1
20252	unclassified	0	0	0	0	645	1
20249	unclassified	0	0	0	0	1146	1
20251	cid|1410606	1410606	121	0	26	957	1
20254	NC_002816.1	28289	64	0	23	459	1
20255	unclassified	0	0	0	0	705	1
20253	unclassified	0	0	0	0	1053	1
20259	unclassified	0	0	0	0	261	1
20256	unclassified	0	0	0	0	561	1
20257	unclassified	0	0	0	0	711	1
20258	unclassified	0	0	0	0	501	1
20263	unclassified	0	0	0	0	270	1
20261	unclassified	0	0	0	0	363	1
20262	unclassified	0	0	0	0	843	1
20264	unclassified	0	0	0	0	876	1
20260	unclassified	0	0	0	0	1554	1
20266	unclassified	0	0	0	0	1005	1
20268	unclassified	0	0	0	0	780	1
20267	unclassified	0	0	0	0	1089	1
20265	unclassified	0	0	0	0	1728	1
20269	unclassified	0	0	0	0	996	1
20270	unclassified	0	0	0	0	843	1
20271	unclassified	0	0	0	0	765	1
20273	unclassified	0	0	0	0	237	1
20274	unclassified	0	0	0	0	426	1
20275	unclassified	0	0	0	0	492	1
20276	unclassified	0	0	0	0	555	1
20272	unclassified	0	0	0	0	1248	1
20279	unclassified	0	0	0	0	333	1
20277	unclassified	0	0	0	0	504	1
20282	unclassified	0	0	0	0	396	1
20280	unclassified	0	0	0	0	516	1
20278	unclassified	0	0	0	0	1194	1
20281	unclassified	0	0	0	0	858	1
20284	unclassified	0	0	0	0	216	1
20287	unclassified	0	0	0	0	135	1
20285	unclassified	0	0	0	0	354	1
20286	unclassified	0	0	0	0	468	1
20288	unclassified	0	0	0	0	267	1
20289	unclassified	0	0	0	0	600	1
20291	unclassified	0	0	0	0	462	1
20290	unclassified	0	0	0	0	642	1
20283	unclassified	0	0	0	0	1605	1
20294	unclassified	0	0	0	0	216	1
20295	unclassified	0	0	0	0	189	1
20292	unclassified	0	0	0	0	621	1
20297	unclassified	0	0	0	0	333	1
20296	unclassified	0	0	0	0	420	1
20299	unclassified	0	0	0	0	120	1
20298	unclassified	0	0	0	0	234	1
20302	NC_000003.12	9606	64	0	23	174	1
20301	unclassified	0	0	0	0	444	1
20293	unclassified	0	0	0	0	1176	1
20303	unclassified	0	0	0	0	645	1
20306	unclassified	0	0	0	0	96	1
20300	unclassified	0	0	0	0	1233	1
20307	unclassified	0	0	0	0	477	1
20308	unclassified	0	0	0	0	465	1
20309	unclassified	0	0	0	0	213	1
20311	unclassified	0	0	0	0	333	1
20310	unclassified	0	0	0	0	522	1
20304	unclassified	0	0	0	0	1785	1
20312	unclassified	0	0	0	0	297	1
20313	unclassified	0	0	0	0	411	1
20314	unclassified	0	0	0	0	345	1
20315	unclassified	0	0	0	0	540	1
20317	unclassified	0	0	0	0	297	1
20305	unclassified	0	0	0	0	1791	1
20316	unclassified	0	0	0	0	456	1
20319	unclassified	0	0	0	0	192	1
20318	unclassified	0	0	0	0	408	1
20323	unclassified	0	0	0	0	273	1
20321	unclassified	0	0	0	0	627	1
20322	unclassified	0	0	0	0	594	1
20320	unclassified	0	0	0	0	645	1
20325	unclassified	0	0	0	0	330	1
20324	unclassified	0	0	0	0	510	1
20326	unclassified	0	0	0	0	354	1
20328	unclassified	0	0	0	0	336	1
20329	unclassified	0	0	0	0	339	1
20330	unclassified	0	0	0	0	417	1
20327	unclassified	0	0	0	0	681	1
20331	unclassified	0	0	0	0	315	1
20334	unclassified	0	0	0	0	135	1
20335	unclassified	0	0	0	0	315	1
20332	unclassified	0	0	0	0	774	1
20337	NC_000007.14	9606	81	0	24	171	1
20336	unclassified	0	0	0	0	438	1
20333	cid|2180	2180	64	0	23	897	1
20340	unclassified	0	0	0	0	174	1
20339	unclassified	0	0	0	0	408	1
20341	unclassified	0	0	0	0	408	1
20338	unclassified	0	0	0	0	657	1
20342	unclassified	0	0	0	0	363	1
20345	unclassified	0	0	0	0	240	1
20344	unclassified	0	0	0	0	843	1
20346	unclassified	0	0	0	0	636	1
20343	unclassified	0	0	0	0	1242	1
20348	unclassified	0	0	0	0	345	1
20350	unclassified	0	0	0	0	144	1
20347	unclassified	0	0	0	0	930	1
20349	unclassified	0	0	0	0	405	1
20352	unclassified	0	0	0	0	507	1
20354	cid|365349	365349	81	0	24	528	1
20353	unclassified	0	0	0	0	1065	1
20356	unclassified	0	0	0	0	294	1
20355	unclassified	0	0	0	0	720	1
20358	unclassified	0	0	0	0	204	1
20351	unclassified	0	0	0	0	1398	1
20359	unclassified	0	0	0	0	234	1
20361	unclassified	0	0	0	0	90	1
20357	unclassified	0	0	0	0	450	1
20362	unclassified	0	0	0	0	132	1
20364	unclassified	0	0	0	0	153	1
20363	unclassified	0	0	0	0	309	1
20366	unclassified	0	0	0	0	261	1
20367	unclassified	0	0	0	0	234	1
20365	unclassified	0	0	0	0	417	1
20369	unclassified	0	0	0	0	219	1
20370	unclassified	0	0	0	0	225	1
20360	unclassified	0	0	0	0	906	1
20368	unclassified	0	0	0	0	906	1
20374	unclassified	0	0	0	0	162	1
20375	unclassified	0	0	0	0	129	1
20372	unclassified	0	0	0	0	1017	1
20371	unclassified	0	0	0	0	1227	1
20377	unclassified	0	0	0	0	222	1
20378	unclassified	0	0	0	0	186	1
20376	unclassified	0	0	0	0	897	1
20379	unclassified	0	0	0	0	486	1
20380	cid|818	818	64	0	23	633	1
20381	unclassified	0	0	0	0	417	1
20382	unclassified	0	0	0	0	477	1
20383	unclassified	0	0	0	0	321	1
20373	unclassified	0	0	0	0	1674	1
20386	unclassified	0	0	0	0	660	1
20385	unclassified	0	0	0	0	906	1
20384	unclassified	0	0	0	0	1746	1
20387	unclassified	0	0	0	0	1506	1
20389	unclassified	0	0	0	0	1323	1
20390	unclassified	0	0	0	0	663	1
20388	unclassified	0	0	0	0	1677	1
20394	unclassified	0	0	0	0	627	1
20391	unclassified	0	0	0	0	948	1
20393	unclassified	0	0	0	0	1254	1
20397	unclassified	0	0	0	0	126	1
20396	unclassified	0	0	0	0	456	1
20392	unclassified	0	0	0	0	1839	1
20400	unclassified	0	0	0	0	279	1
20398	unclassified	0	0	0	0	621	1
20399	NC_000003.12	9606	64	0	23	405	1
20395	unclassified	0	0	0	0	1341	1
20404	unclassified	0	0	0	0	93	1
20402	unclassified	0	0	0	0	363	1
20403	unclassified	0	0	0	0	294	1
20405	unclassified	0	0	0	0	327	1
20401	unclassified	0	0	0	0	636	1
20406	unclassified	0	0	0	0	495	1
20407	unclassified	0	0	0	0	411	1
20410	unclassified	0	0	0	0	180	1
20408	unclassified	0	0	0	0	588	1
20409	unclassified	0	0	0	0	411	1
20413	unclassified	0	0	0	0	129	1
20414	unclassified	0	0	0	0	144	1
20411	unclassified	0	0	0	0	240	1
20416	unclassified	0	0	0	0	180	1
20412	unclassified	0	0	0	0	657	1
20419	unclassified	0	0	0	0	237	1
20415	unclassified	0	0	0	0	837	1
20417	unclassified	0	0	0	0	723	1
20418	unclassified	0	0	0	0	1071	1
20420	unclassified	0	0	0	0	756	1
20423	unclassified	0	0	0	0	435	1
20421	unclassified	0	0	0	0	855	1
20422	unclassified	0	0	0	0	765	1
20426	unclassified	0	0	0	0	336	1
20425	unclassified	0	0	0	0	390	1
20428	unclassified	0	0	0	0	273	1
20429	unclassified	0	0	0	0	204	1
20424	unclassified	0	0	0	0	1002	1
20430	unclassified	0	0	0	0	273	1
20427	unclassified	0	0	0	0	603	1
20433	unclassified	0	0	0	0	168	1
20432	unclassified	0	0	0	0	318	1
20431	unclassified	0	0	0	0	519	1
20434	unclassified	0	0	0	0	306	1
20437	unclassified	0	0	0	0	333	1
20436	unclassified	0	0	0	0	402	1
20438	unclassified	0	0	0	0	162	1
20440	unclassified	0	0	0	0	150	1
20442	unclassified	0	0	0	0	273	1
20439	unclassified	0	0	0	0	537	1
20441	unclassified	0	0	0	0	456	1
20444	unclassified	0	0	0	0	123	1
20443	unclassified	0	0	0	0	222	1
20446	unclassified	0	0	0	0	135	1
20435	unclassified	0	0	0	0	1221	1
20447	unclassified	0	0	0	0	309	1
20448	unclassified	0	0	0	0	630	1
20445	unclassified	0	0	0	0	1173	1
20449	unclassified	0	0	0	0	1242	1
20453	unclassified	0	0	0	0	324	1
20450	unclassified	0	0	0	0	1461	1
20454	unclassified	0	0	0	0	228	1
20451	unclassified	0	0	0	0	1272	1
20457	unclassified	0	0	0	0	318	1
20452	unclassified	0	0	0	0	996	1
20456	unclassified	0	0	0	0	690	1
20455	unclassified	0	0	0	0	1002	1
20461	unclassified	0	0	0	0	138	1
20460	unclassified	0	0	0	0	534	1
20458	unclassified	0	0	0	0	1122	1
20464	unclassified	0	0	0	0	675	1
20462	unclassified	0	0	0	0	1314	1
20465	unclassified	0	0	0	0	450	1
20466	unclassified	0	0	0	0	369	1
20463	unclassified	0	0	0	0	1515	1
20468	unclassified	0	0	0	0	336	1
20469	unclassified	0	0	0	0	411	1
20471	unclassified	0	0	0	0	78	1
20459	unclassified	0	0	0	0	2217	1
20470	unclassified	0	0	0	0	687	1
20467	unclassified	0	0	0	0	1023	1
20474	unclassified	0	0	0	0	93	1
20472	unclassified	0	0	0	0	441	1
20475	unclassified	0	0	0	0	186	1
20477	unclassified	0	0	0	0	255	1
20473	unclassified	0	0	0	0	501	1
20479	unclassified	0	0	0	0	267	1
20478	unclassified	0	0	0	0	525	1
20480	unclassified	0	0	0	0	291	1
20481	unclassified	0	0	0	0	294	1
20476	unclassified	0	0	0	0	846	1
20483	unclassified	0	0	0	0	165	1
20482	unclassified	0	0	0	0	558	1
20484	unclassified	0	0	0	0	387	1
20486	unclassified	0	0	0	0	339	1
20488	unclassified	0	0	0	0	168	1
20489	unclassified	0	0	0	0	129	1
20487	unclassified	0	0	0	0	357	1
20485	unclassified	0	0	0	0	675	1
20491	unclassified	0	0	0	0	186	1
20493	unclassified	0	0	0	0	153	1
20494	unclassified	0	0	0	0	429	1
20495	unclassified	0	0	0	0	666	1
20490	unclassified	0	0	0	0	1047	1
20492	unclassified	0	0	0	0	1158	1
20498	unclassified	0	0	0	0	324	1
20496	unclassified	0	0	0	0	936	1
20499	cid|1410606	1410606	144	0	27	831	1
20500	cid|357808	357808	196	0	29	1200	1
20501	unclassified	0	0	0	0	816	1
20503	unclassified	0	0	0	0	300	1
20502	unclassified	0	0	0	0	1221	1
20497	NC_000006.12	9606	64	0	23	2472	1
20505	unclassified	0	0	0	0	1002	1
20507	unclassified	0	0	0	0	288	1
20506	unclassified	0	0	0	0	951	1
20509	unclassified	0	0	0	0	318	1
20508	unclassified	0	0	0	0	603	1
20510	unclassified	0	0	0	0	435	1
20504	cid|1491	1491	121	64	26	1623	1
20512	unclassified	0	0	0	0	591	1
20513	unclassified	0	0	0	0	537	1
20511	unclassified	0	0	0	0	1122	1
20515	unclassified	0	0	0	0	1020	1
20516	unclassified	0	0	0	0	1098	1
20514	unclassified	0	0	0	0	1143	1
20517	unclassified	0	0	0	0	1125	1
20519	unclassified	0	0	0	0	975	1
20518	cid|33970	33970	256	0	31	1245	1
20521	NC_028237.1	998864	64	0	23	1059	1
20523	cid|1406512	1406512	81	0	24	600	1
20520	unclassified	0	0	0	0	1272	1
20522	unclassified	0	0	0	0	945	1
20524	unclassified	0	0	0	0	618	1
20525	unclassified	0	0	0	0	711	1
20526	unclassified	0	0	0	0	810	1
20528	unclassified	0	0	0	0	900	1
20527	unclassified	0	0	0	0	1383	1
20532	unclassified	0	0	0	0	132	1
20529	unclassified	0	0	0	0	1200	1
20533	unclassified	0	0	0	0	258	1
20535	unclassified	0	0	0	0	264	1
20536	unclassified	0	0	0	0	399	1
20531	cid|1712675	1712675	64	0	23	1677	1
20530	unclassified	0	0	0	0	1542	1
20537	unclassified	0	0	0	0	444	1
20539	unclassified	0	0	0	0	126	1
20540	unclassified	0	0	0	0	270	1
20534	unclassified	0	0	0	0	1524	1
20542	unclassified	0	0	0	0	150	1
20538	unclassified	0	0	0	0	708	1
20543	unclassified	0	0	0	0	111	1
20544	unclassified	0	0	0	0	342	1
20546	unclassified	0	0	0	0	474	1
20541	unclassified	0	0	0	0	846	1
20549	unclassified	0	0	0	0	312	1
20545	unclassified	0	0	0	0	1176	1
20547	cid|1731	1731	121	0	26	834	1
20550	unclassified	0	0	0	0	306	1
20551	unclassified	0	0	0	0	333	1
20548	unclassified	0	0	0	0	1092	1
20552	unclassified	0	0	0	0	513	1
20554	unclassified	0	0	0	0	288	1
20553	unclassified	0	0	0	0	696	1
20557	unclassified	0	0	0	0	771	1
20556	unclassified	0	0	0	0	1086	1
20559	unclassified	0	0	0	0	309	1
20558	unclassified	0	0	0	0	804	1
20561	unclassified	0	0	0	0	591	1
20555	cid|729	729	64	0	23	2109	1
20560	unclassified	0	0	0	0	1116	1
20565	unclassified	0	0	0	0	177	1
20563	unclassified	0	0	0	0	744	1
20562	unclassified	0	0	0	0	675	1
20567	unclassified	0	0	0	0	150	1
20568	unclassified	0	0	0	0	123	1
20566	unclassified	0	0	0	0	483	1
20564	unclassified	0	0	0	0	894	1
20570	unclassified	0	0	0	0	195	1
20569	unclassified	0	0	0	0	588	1
20574	unclassified	0	0	0	0	159	1
20575	unclassified	0	0	0	0	138	1
20572	unclassified	0	0	0	0	630	1
20573	unclassified	0	0	0	0	279	1
20577	unclassified	0	0	0	0	234	1
20578	unclassified	0	0	0	0	162	1
20576	unclassified	0	0	0	0	288	1
20579	unclassified	0	0	0	0	354	1
20571	unclassified	0	0	0	0	1359	1
20580	unclassified	0	0	0	0	393	1
20581	unclassified	0	0	0	0	501	1
20583	unclassified	0	0	0	0	309	1
20586	unclassified	0	0	0	0	171	1
20582	unclassified	0	0	0	0	831	1
20584	unclassified	0	0	0	0	573	1
20585	unclassified	0	0	0	0	696	1
20589	unclassified	0	0	0	0	126	1
20590	unclassified	0	0	0	0	180	1
20587	unclassified	0	0	0	0	534	1
20588	unclassified	0	0	0	0	396	1
20591	unclassified	0	0	0	0	213	1
20593	unclassified	0	0	0	0	159	1
20594	unclassified	0	0	0	0	264	1
20592	unclassified	0	0	0	0	474	1
20598	unclassified	0	0	0	0	168	1
20599	unclassified	0	0	0	0	585	1
20595	unclassified	0	0	0	0	1038	1
20600	unclassified	0	0	0	0	291	1
20602	unclassified	0	0	0	0	237	1
20596	unclassified	0	0	0	0	1620	1
20601	unclassified	0	0	0	0	294	1
20604	unclassified	0	0	0	0	372	1
20597	unclassified	0	0	0	0	1836	1
20607	unclassified	0	0	0	0	144	1
20605	unclassified	0	0	0	0	477	1
20609	unclassified	0	0	0	0	120	1
20608	cid|1898044	1898044	81	0	24	192	1
20603	cid|216465	216465	64	0	23	858	1
20606	unclassified	0	0	0	0	489	1
20610	unclassified	0	0	0	0	282	1
20611	unclassified	0	0	0	0	294	1
20614	unclassified	0	0	0	0	126	1
20616	unclassified	0	0	0	0	417	1
20612	unclassified	0	0	0	0	933	1
20618	unclassified	0	0	0	0	177	1
20613	unclassified	0	0	0	0	1140	1
20615	unclassified	0	0	0	0	1017	1
20620	cid|1450761	1450761	64	64	23	126	2
20620	cid|189425	189425	64	64	23	126	2
20622	unclassified	0	0	0	0	318	1
20617	unclassified	0	0	0	0	858	1
20619	unclassified	0	0	0	0	921	1
20623	unclassified	0	0	0	0	399	1
20626	unclassified	0	0	0	0	399	1
20624	unclassified	0	0	0	0	459	1
20621	unclassified	0	0	0	0	1455	1
20628	unclassified	0	0	0	0	288	1
20625	cid|591197	591197	64	0	23	933	1
20629	unclassified	0	0	0	0	447	1
20631	unclassified	0	0	0	0	369	1
20627	unclassified	0	0	0	0	1389	1
20632	unclassified	0	0	0	0	726	1
20634	unclassified	0	0	0	0	114	1
20635	unclassified	0	0	0	0	114	1
20637	unclassified	0	0	0	0	558	1
20633	unclassified	0	0	0	0	1824	1
20638	unclassified	0	0	0	0	651	1
20630	cid|187493	187493	81	0	24	2232	1
20636	unclassified	0	0	0	0	1668	1
20639	unclassified	0	0	0	0	621	1
20641	unclassified	0	0	0	0	252	1
20643	unclassified	0	0	0	0	303	1
20645	unclassified	0	0	0	0	156	1
20642	unclassified	0	0	0	0	678	1
20640	unclassified	0	0	0	0	1200	1
20648	unclassified	0	0	0	0	114	1
20644	unclassified	0	0	0	0	651	1
20650	unclassified	0	0	0	0	252	1
20649	unclassified	0	0	0	0	462	1
20647	unclassified	0	0	0	0	882	1
20652	unclassified	0	0	0	0	312	1
20653	unclassified	0	0	0	0	192	1
20655	unclassified	0	0	0	0	213	1
20651	unclassified	0	0	0	0	561	1
20654	unclassified	0	0	0	0	651	1
20658	unclassified	0	0	0	0	312	1
20646	unclassified	0	0	0	0	1965	1
20656	unclassified	0	0	0	0	840	1
20659	unclassified	0	0	0	0	396	1
20660	unclassified	0	0	0	0	354	1
20662	unclassified	0	0	0	0	411	1
20657	unclassified	0	0	0	0	975	1
20661	unclassified	0	0	0	0	750	1
20664	unclassified	0	0	0	0	465	1
20663	cid|44251	44251	169	169	28	1542	2
20663	cid|28116	28116	169	169	28	1542	2
20666	unclassified	0	0	0	0	1533	1
20669	unclassified	0	0	0	0	69	1
20667	unclassified	0	0	0	0	1398	1
20668	unclassified	0	0	0	0	411	1
20665	unclassified	0	0	0	0	1647	1
20670	unclassified	0	0	0	0	447	1
20672	unclassified	0	0	0	0	339	1
20675	unclassified	0	0	0	0	231	1
20676	unclassified	0	0	0	0	549	1
20673	unclassified	0	0	0	0	795	1
20677	unclassified	0	0	0	0	153	1
20674	unclassified	0	0	0	0	1074	1
20680	unclassified	0	0	0	0	180	1
20678	unclassified	0	0	0	0	342	1
20681	unclassified	0	0	0	0	204	1
20679	unclassified	0	0	0	0	765	1
20682	unclassified	0	0	0	0	399	1
20684	unclassified	0	0	0	0	252	1
20683	unclassified	0	0	0	0	795	1
20686	unclassified	0	0	0	0	294	1
20671	unclassified	0	0	0	0	2661	1
20689	unclassified	0	0	0	0	120	1
20688	unclassified	0	0	0	0	210	1
20685	unclassified	0	0	0	0	573	1
20692	cid|1617448	1617448	64	0	23	168	1
20693	unclassified	0	0	0	0	348	1
20690	unclassified	0	0	0	0	885	1
20687	unclassified	0	0	0	0	1062	1
20694	unclassified	0	0	0	0	213	1
20691	unclassified	0	0	0	0	1092	1
20695	unclassified	0	0	0	0	297	1
20698	unclassified	0	0	0	0	291	1
20696	unclassified	0	0	0	0	675	1
20699	unclassified	0	0	0	0	624	1
20697	unclassified	0	0	0	0	753	1
20700	unclassified	0	0	0	0	576	1
20704	unclassified	0	0	0	0	81	1
20703	unclassified	0	0	0	0	507	1
20701	unclassified	0	0	0	0	1023	1
20702	unclassified	0	0	0	0	849	1
20706	unclassified	0	0	0	0	414	1
20708	unclassified	0	0	0	0	456	1
20710	unclassified	0	0	0	0	180	1
20705	unclassified	0	0	0	0	1155	1
20707	unclassified	0	0	0	0	915	1
20711	unclassified	0	0	0	0	1005	1
20709	unclassified	0	0	0	0	984	1
20713	unclassified	0	0	0	0	843	1
20715	unclassified	0	0	0	0	453	1
20716	unclassified	0	0	0	0	807	1
20718	unclassified	0	0	0	0	189	1
20714	cid|1229909	1229909	169	0	28	1440	1
20712	unclassified	0	0	0	0	2673	1
20719	unclassified	0	0	0	0	489	1
20720	unclassified	0	0	0	0	333	1
20721	unclassified	0	0	0	0	429	1
20723	unclassified	0	0	0	0	336	1
20717	unclassified	0	0	0	0	1086	1
20722	unclassified	0	0	0	0	672	1
20724	cid|111501	111501	81	0	24	237	1
20727	unclassified	0	0	0	0	126	1
20728	unclassified	0	0	0	0	345	1
20729	unclassified	0	0	0	0	264	1
20726	unclassified	0	0	0	0	597	1
20731	unclassified	0	0	0	0	330	1
20725	unclassified	0	0	0	0	1053	1
20730	unclassified	0	0	0	0	561	1
20732	unclassified	0	0	0	0	327	1
20733	unclassified	0	0	0	0	645	1
20734	unclassified	0	0	0	0	567	1
20735	unclassified	0	0	0	0	582	1
20737	unclassified	0	0	0	0	183	1
20736	unclassified	0	0	0	0	489	1
20739	unclassified	0	0	0	0	315	1
20741	unclassified	0	0	0	0	288	1
20743	unclassified	0	0	0	0	180	1
20738	unclassified	0	0	0	0	891	1
20742	unclassified	0	0	0	0	558	1
20746	unclassified	0	0	0	0	528	1
20740	unclassified	0	0	0	0	1623	1
20745	unclassified	0	0	0	0	909	1
20744	NC_000006.12	9606	64	0	23	1062	1
20747	unclassified	0	0	0	0	747	1
20749	unclassified	0	0	0	0	555	1
20748	unclassified	0	0	0	0	690	1
20751	unclassified	0	0	0	0	306	1
20753	unclassified	0	0	0	0	177	1
20754	unclassified	0	0	0	0	366	1
20756	unclassified	0	0	0	0	360	1
20752	unclassified	0	0	0	0	987	1
20757	unclassified	0	0	0	0	192	1
20755	unclassified	0	0	0	0	1512	1
20759	unclassified	0	0	0	0	636	1
20758	unclassified	0	0	0	0	840	1
20760	unclassified	0	0	0	0	216	1
20750	unclassified	0	0	0	0	1650	1
20761	unclassified	0	0	0	0	468	1
20763	unclassified	0	0	0	0	369	1
20764	unclassified	0	0	0	0	384	1
20762	unclassified	0	0	0	0	921	1
20766	cid|46541	46541	64	0	23	804	1
20767	unclassified	0	0	0	0	510	1
20769	unclassified	0	0	0	0	207	1
20765	unclassified	0	0	0	0	1179	1
20770	unclassified	0	0	0	0	249	1
20772	unclassified	0	0	0	0	135	1
20773	unclassified	0	0	0	0	135	1
20768	unclassified	0	0	0	0	969	1
20771	unclassified	0	0	0	0	426	1
20774	unclassified	0	0	0	0	240	1
20776	unclassified	0	0	0	0	165	1
20775	unclassified	0	0	0	0	201	1
20777	unclassified	0	0	0	0	255	1
20779	unclassified	0	0	0	0	210	1
20778	unclassified	0	0	0	0	471	1
20782	unclassified	0	0	0	0	513	1
20783	unclassified	0	0	0	0	489	1
20785	unclassified	0	0	0	0	246	1
20784	cid|1423	1423	81	0	24	798	1
20781	unclassified	0	0	0	0	1353	1
20786	unclassified	0	0	0	0	624	1
20780	unclassified	0	0	0	0	1800	1
20789	unclassified	0	0	0	0	651	1
20787	unclassified	0	0	0	0	990	1
20792	cid|398743	398743	64	0	23	522	1
20788	cid|1603555	1603555	289	0	32	1683	1
20790	unclassified	0	0	0	0	924	1
20791	unclassified	0	0	0	0	1032	1
20795	unclassified	0	0	0	0	294	1
20796	unclassified	0	0	0	0	354	1
20794	unclassified	0	0	0	0	585	1
20793	unclassified	0	0	0	0	975	1
20797	unclassified	0	0	0	0	237	1
20800	unclassified	0	0	0	0	210	1
20798	unclassified	0	0	0	0	330	1
20799	unclassified	0	0	0	0	408	1
20804	unclassified	0	0	0	0	156	1
20802	unclassified	0	0	0	0	375	1
20806	unclassified	0	0	0	0	123	1
20801	unclassified	0	0	0	0	513	1
20808	unclassified	0	0	0	0	180	1
20807	unclassified	0	0	0	0	414	1
20803	unclassified	0	0	0	0	912	1
20810	unclassified	0	0	0	0	411	1
20811	unclassified	0	0	0	0	414	1
20805	unclassified	0	0	0	0	1080	1
20809	unclassified	0	0	0	0	516	1
20812	unclassified	0	0	0	0	213	1
20815	unclassified	0	0	0	0	663	1
20814	unclassified	0	0	0	0	975	1
20813	unclassified	0	0	0	0	1641	1
20816	unclassified	0	0	0	0	1596	1
20817	unclassified	0	0	0	0	810	1
20820	unclassified	0	0	0	0	555	1
20818	unclassified	0	0	0	0	1413	1
20821	unclassified	0	0	0	0	495	1
20822	unclassified	0	0	0	0	285	1
20823	unclassified	0	0	0	0	528	1
20825	unclassified	0	0	0	0	420	1
20826	unclassified	0	0	0	0	336	1
20827	unclassified	0	0	0	0	240	1
20819	unclassified	0	0	0	0	1665	1
20829	cid|1396	1396	81	0	24	345	1
20831	unclassified	0	0	0	0	273	1
20828	unclassified	0	0	0	0	723	1
20833	unclassified	0	0	0	0	171	1
20830	unclassified	0	0	0	0	873	1
20834	unclassified	0	0	0	0	192	1
20835	unclassified	0	0	0	0	99	1
20837	unclassified	0	0	0	0	174	1
20824	unclassified	0	0	0	0	1767	1
20838	unclassified	0	0	0	0	135	1
20836	unclassified	0	0	0	0	435	1
20832	unclassified	0	0	0	0	891	1
20840	unclassified	0	0	0	0	201	1
20842	unclassified	0	0	0	0	111	1
20839	unclassified	0	0	0	0	378	1
20844	unclassified	0	0	0	0	180	1
20846	unclassified	0	0	0	0	288	1
20843	unclassified	0	0	0	0	582	1
20841	unclassified	0	0	0	0	906	1
20849	unclassified	0	0	0	0	135	1
20847	unclassified	0	0	0	0	471	1
20850	unclassified	0	0	0	0	342	1
20848	unclassified	0	0	0	0	1155	1
20851	unclassified	0	0	0	0	777	1
20852	unclassified	0	0	0	0	555	1
20845	cid|1536769	1536769	64	0	23	1854	1
20854	unclassified	0	0	0	0	723	1
20855	unclassified	0	0	0	0	978	1
20858	unclassified	0	0	0	0	261	1
20853	unclassified	0	0	0	0	1353	1
20860	unclassified	0	0	0	0	165	1
20859	unclassified	0	0	0	0	411	1
20856	unclassified	0	0	0	0	885	1
20857	unclassified	0	0	0	0	1068	1
20861	unclassified	0	0	0	0	471	1
20864	unclassified	0	0	0	0	303	1
20862	unclassified	0	0	0	0	579	1
20865	cid|2287	2287	100	0	25	774	1
20867	unclassified	0	0	0	0	660	1
20866	unclassified	0	0	0	0	837	1
20868	unclassified	0	0	0	0	165	1
20870	unclassified	0	0	0	0	261	1
20863	unclassified	0	0	0	0	1410	1
20869	unclassified	0	0	0	0	903	1
20872	unclassified	0	0	0	0	741	1
20874	unclassified	0	0	0	0	255	1
20871	unclassified	0	0	0	0	1125	1
20876	unclassified	0	0	0	0	255	1
20875	unclassified	0	0	0	0	672	1
20877	unclassified	0	0	0	0	492	1
20878	cid|1617448	1617448	100	0	25	552	1
20881	unclassified	0	0	0	0	162	1
20873	cid|1255	1255	64	0	23	1155	1
20879	unclassified	0	0	0	0	810	1
20883	NC_000001.11	9606	64	0	23	174	1
20884	unclassified	0	0	0	0	123	1
20880	unclassified	0	0	0	0	1065	1
20882	unclassified	0	0	0	0	714	1
20885	cid|1850526	1850526	64	0	23	669	1
20887	unclassified	0	0	0	0	1005	1
20888	cid|1850246	1850246	64	0	23	993	1
20886	unclassified	0	0	0	0	1275	1
20892	unclassified	0	0	0	0	222	1
20890	unclassified	0	0	0	0	285	1
20894	unclassified	0	0	0	0	285	1
20891	unclassified	0	0	0	0	687	1
20893	unclassified	0	0	0	0	507	1
20897	unclassified	0	0	0	0	339	1
20889	unclassified	0	0	0	0	1302	1
20896	unclassified	0	0	0	0	504	1
20895	NC_000004.12	9606	81	0	24	780	1
20900	unclassified	0	0	0	0	405	1
20902	unclassified	0	0	0	0	414	1
20898	unclassified	0	0	0	0	1227	1
20904	unclassified	0	0	0	0	327	1
20905	unclassified	0	0	0	0	210	1
20901	unclassified	0	0	0	0	1554	1
20899	cid|177758	177758	64	64	23	1353	2
20899	cid|38322	38322	64	64	23	1353	2
20903	cid|1156433	1156433	64	64	23	897	2
20903	cid|1156431	1156431	64	64	23	897	2
20909	unclassified	0	0	0	0	381	1
20907	unclassified	0	0	0	0	768	1
20906	unclassified	0	0	0	0	1158	1
20908	unclassified	0	0	0	0	1077	1
20912	unclassified	0	0	0	0	1029	1
20910	unclassified	0	0	0	0	1563	1
20914	unclassified	0	0	0	0	690	1
20911	cid|1126833	1126833	225	196	30	1707	1
20915	unclassified	0	0	0	0	819	1
20916	unclassified	0	0	0	0	306	1
20917	unclassified	0	0	0	0	345	1
20919	unclassified	0	0	0	0	327	1
20913	cid|634113	634113	144	0	27	1533	1
20921	unclassified	0	0	0	0	117	1
20918	unclassified	0	0	0	0	606	1
20922	unclassified	0	0	0	0	150	1
20920	unclassified	0	0	0	0	657	1
20923	unclassified	0	0	0	0	357	1
20926	unclassified	0	0	0	0	153	1
20925	unclassified	0	0	0	0	327	1
20929	unclassified	0	0	0	0	282	1
20928	unclassified	0	0	0	0	498	1
20927	unclassified	0	0	0	0	618	1
20930	unclassified	0	0	0	0	246	1
20924	cid|550	550	64	64	23	1767	2
20924	cid|299767	299767	64	64	23	1767	2
20931	unclassified	0	0	0	0	1188	1
20932	cid|2187	2187	121	64	26	1218	1
20934	unclassified	0	0	0	0	507	1
20935	unclassified	0	0	0	0	288	1
20933	unclassified	0	0	0	0	1302	1
20938	unclassified	0	0	0	0	651	1
20936	unclassified	0	0	0	0	975	1
20937	unclassified	0	0	0	0	918	1
20941	unclassified	0	0	0	0	75	1
20940	unclassified	0	0	0	0	207	1
20942	unclassified	0	0	0	0	111	1
20939	unclassified	0	0	0	0	339	1
20945	unclassified	0	0	0	0	165	1
20944	unclassified	0	0	0	0	255	1
20948	unclassified	0	0	0	0	303	1
20949	unclassified	0	0	0	0	159	1
20946	unclassified	0	0	0	0	687	1
20947	unclassified	0	0	0	0	828	1
20943	unclassified	0	0	0	0	1299	1
20950	unclassified	0	0	0	0	630	1
20952	unclassified	0	0	0	0	531	1
20954	unclassified	0	0	0	0	315	1
20955	unclassified	0	0	0	0	414	1
20953	unclassified	0	0	0	0	798	1
20956	unclassified	0	0	0	0	378	1
20957	unclassified	0	0	0	0	333	1
20958	unclassified	0	0	0	0	510	1
20959	unclassified	0	0	0	0	729	1
20951	unclassified	0	0	0	0	1512	1
20960	unclassified	0	0	0	0	954	1
20961	unclassified	0	0	0	0	756	1
20963	unclassified	0	0	0	0	438	1
20964	unclassified	0	0	0	0	549	1
20967	unclassified	0	0	0	0	960	1
20965	unclassified	0	0	0	0	1467	1
20966	unclassified	0	0	0	0	1224	1
20962	unclassified	0	0	0	0	2325	1
20968	unclassified	0	0	0	0	537	1
20969	unclassified	0	0	0	0	555	1
20971	unclassified	0	0	0	0	312	1
20973	unclassified	0	0	0	0	264	1
20972	unclassified	0	0	0	0	309	1
20974	unclassified	0	0	0	0	333	1
20970	unclassified	0	0	0	0	609	1
20975	unclassified	0	0	0	0	267	1
20978	unclassified	0	0	0	0	429	1
20976	unclassified	0	0	0	0	900	1
20979	unclassified	0	0	0	0	780	1
20977	unclassified	0	0	0	0	1098	1
20981	unclassified	0	0	0	0	360	1
20982	unclassified	0	0	0	0	309	1
20983	unclassified	0	0	0	0	969	1
20985	unclassified	0	0	0	0	708	1
20984	unclassified	0	0	0	0	720	1
20980	unclassified	0	0	0	0	1185	1
20986	unclassified	0	0	0	0	432	1
20988	unclassified	0	0	0	0	789	1
20990	unclassified	0	0	0	0	723	1
20987	unclassified	0	0	0	0	1374	1
20991	unclassified	0	0	0	0	663	1
20989	cid|1615909	1615909	64	0	23	1143	1
20992	unclassified	0	0	0	0	732	1
20995	unclassified	0	0	0	0	174	1
20996	unclassified	0	0	0	0	192	1
20997	unclassified	0	0	0	0	249	1
20994	unclassified	0	0	0	0	666	1
20999	unclassified	0	0	0	0	246	1
21000	unclassified	0	0	0	0	246	1
21002	unclassified	0	0	0	0	216	1
20998	unclassified	0	0	0	0	774	1
21004	unclassified	0	0	0	0	138	1
21001	unclassified	0	0	0	0	579	1
21003	unclassified	0	0	0	0	534	1
21005	unclassified	0	0	0	0	432	1
21006	unclassified	0	0	0	0	129	1
21008	unclassified	0	0	0	0	141	1
21007	unclassified	0	0	0	0	531	1
21009	unclassified	0	0	0	0	378	1
20993	cid|1580092	1580092	196	64	29	2169	1
21013	unclassified	0	0	0	0	168	1
21014	unclassified	0	0	0	0	183	1
21012	unclassified	0	0	0	0	465	1
21015	unclassified	0	0	0	0	150	1
21010	unclassified	0	0	0	0	1086	1
21016	unclassified	0	0	0	0	198	1
21018	unclassified	0	0	0	0	144	1
21011	unclassified	0	0	0	0	1080	1
21021	unclassified	0	0	0	0	327	1
21020	cid|1508420	1508420	121	0	26	528	1
21023	unclassified	0	0	0	0	264	1
21022	unclassified	0	0	0	0	450	1
21017	unclassified	0	0	0	0	1197	1
21019	unclassified	0	0	0	0	999	1
21024	unclassified	0	0	0	0	807	1
21025	unclassified	0	0	0	0	834	1
21026	unclassified	0	0	0	0	912	1
21030	unclassified	0	0	0	0	402	1
21028	unclassified	0	0	0	0	765	1
21032	unclassified	0	0	0	0	114	1
21029	unclassified	0	0	0	0	891	1
21034	unclassified	0	0	0	0	186	1
21027	unclassified	0	0	0	0	1161	1
21036	unclassified	0	0	0	0	87	1
21035	unclassified	0	0	0	0	495	1
21033	unclassified	0	0	0	0	771	1
21031	unclassified	0	0	0	0	1029	1
21037	unclassified	0	0	0	0	816	1
21039	unclassified	0	0	0	0	699	1
21042	unclassified	0	0	0	0	84	1
21038	unclassified	0	0	0	0	1014	1
21044	unclassified	0	0	0	0	387	1
21045	unclassified	0	0	0	0	564	1
21043	unclassified	0	0	0	0	1080	1
21041	unclassified	0	0	0	0	984	1
21047	unclassified	0	0	0	0	477	1
21040	unclassified	0	0	0	0	2577	1
21046	unclassified	0	0	0	0	1116	1
21048	unclassified	0	0	0	0	855	1
21050	unclassified	0	0	0	0	576	1
21053	unclassified	0	0	0	0	321	1
21054	unclassified	0	0	0	0	165	1
21055	unclassified	0	0	0	0	294	1
21049	unclassified	0	0	0	0	1809	1
21051	unclassified	0	0	0	0	1506	1
21052	unclassified	0	0	0	0	1401	1
21056	unclassified	0	0	0	0	951	1
21057	unclassified	0	0	0	0	627	1
21061	unclassified	0	0	0	0	348	1
21058	NC_000003.12	9606	64	0	23	690	1
21062	unclassified	0	0	0	0	150	1
21063	unclassified	0	0	0	0	198	1
21060	unclassified	0	0	0	0	837	1
21064	unclassified	0	0	0	0	330	1
21059	unclassified	0	0	0	0	1242	1
21067	unclassified	0	0	0	0	981	1
21065	unclassified	0	0	0	0	1269	1
21066	unclassified	0	0	0	0	1302	1
21071	unclassified	0	0	0	0	96	1
21068	unclassified	0	0	0	0	777	1
21070	unclassified	0	0	0	0	627	1
21069	unclassified	0	0	0	0	855	1
21074	unclassified	0	0	0	0	375	1
21075	unclassified	0	0	0	0	393	1
21076	unclassified	0	0	0	0	429	1
21072	unclassified	0	0	0	0	1224	1
21077	unclassified	0	0	0	0	762	1
21079	unclassified	0	0	0	0	510	1
21081	unclassified	0	0	0	0	201	1
21073	cid|1561	1561	64	0	23	1434	1
21080	unclassified	0	0	0	0	609	1
21082	unclassified	0	0	0	0	408	1
21085	unclassified	0	0	0	0	156	1
21078	unclassified	0	0	0	0	1233	1
21084	unclassified	0	0	0	0	351	1
21086	unclassified	0	0	0	0	138	1
21083	unclassified	0	0	0	0	393	1
21089	unclassified	0	0	0	0	261	1
21090	unclassified	0	0	0	0	177	1
21087	unclassified	0	0	0	0	387	1
21093	unclassified	0	0	0	0	204	1
21088	cid|56426	56426	64	0	23	747	1
21095	unclassified	0	0	0	0	234	1
21094	unclassified	0	0	0	0	549	1
21091	unclassified	0	0	0	0	981	1
21092	unclassified	0	0	0	0	936	1
21097	unclassified	0	0	0	0	417	1
21098	unclassified	0	0	0	0	237	1
21096	unclassified	0	0	0	0	615	1
21101	cid|1196083	1196083	64	0	23	420	1
21103	unclassified	0	0	0	0	426	1
21099	unclassified	0	0	0	0	810	1
21100	cid|1508420	1508420	64	0	23	987	1
21102	unclassified	0	0	0	0	927	1
21105	unclassified	0	0	0	0	195	1
21106	unclassified	0	0	0	0	258	1
21104	unclassified	0	0	0	0	408	1
21108	unclassified	0	0	0	0	219	1
21109	unclassified	0	0	0	0	291	1
21110	unclassified	0	0	0	0	375	1
21111	unclassified	0	0	0	0	393	1
21113	cid|55197	55197	3969	0	78	78	1
21107	unclassified	0	0	0	0	891	1
21115	unclassified	0	0	0	0	216	1
21114	unclassified	0	0	0	0	228	1
21116	unclassified	0	0	0	0	366	1
21112	unclassified	0	0	0	0	777	1
21120	unclassified	0	0	0	0	210	1
21117	unclassified	0	0	0	0	417	1
21119	unclassified	0	0	0	0	354	1
21122	unclassified	0	0	0	0	165	1
21123	unclassified	0	0	0	0	225	1
21118	unclassified	0	0	0	0	612	1
21121	unclassified	0	0	0	0	450	1
21125	unclassified	0	0	0	0	243	1
21126	unclassified	0	0	0	0	255	1
21127	unclassified	0	0	0	0	282	1
21129	unclassified	0	0	0	0	279	1
21130	unclassified	0	0	0	0	504	1
21128	unclassified	0	0	0	0	654	1
21124	unclassified	0	0	0	0	1215	1
21133	unclassified	0	0	0	0	483	1
21132	unclassified	0	0	0	0	582	1
21134	unclassified	0	0	0	0	546	1
21135	unclassified	0	0	0	0	780	1
21137	unclassified	0	0	0	0	663	1
21139	unclassified	0	0	0	0	153	1
21136	unclassified	0	0	0	0	1218	1
21131	unclassified	0	0	0	0	1650	1
21141	unclassified	0	0	0	0	444	1
21138	unclassified	0	0	0	0	1140	1
21143	unclassified	0	0	0	0	240	1
21144	unclassified	0	0	0	0	165	1
21142	unclassified	0	0	0	0	510	1
21145	unclassified	0	0	0	0	300	1
21146	unclassified	0	0	0	0	201	1
21147	unclassified	0	0	0	0	753	1
21149	unclassified	0	0	0	0	924	1
21148	unclassified	0	0	0	0	939	1
21140	cid|251701	251701	121	121	26	2463	3
21140	cid|2096	2096	121	121	26	2463	3
21140	cid|1406	1406	121	121	26	2463	3
21151	unclassified	0	0	0	0	1065	1
21150	unclassified	0	0	0	0	1002	1
21152	cid|44001	44001	81	81	24	1569	2
21152	cid|315358	315358	81	81	24	1569	2
21153	unclassified	0	0	0	0	1059	1
21156	unclassified	0	0	0	0	264	1
21155	unclassified	0	0	0	0	750	1
21157	unclassified	0	0	0	0	504	1
21158	unclassified	0	0	0	0	474	1
21154	unclassified	0	0	0	0	1542	1
21159	unclassified	0	0	0	0	423	1
21162	unclassified	0	0	0	0	144	1
21161	unclassified	0	0	0	0	648	1
21164	unclassified	0	0	0	0	459	1
21163	unclassified	0	0	0	0	567	1
21160	unclassified	0	0	0	0	1335	1
21166	unclassified	0	0	0	0	267	1
21168	cid|1603555	1603555	100	0	25	486	1
21169	unclassified	0	0	0	0	648	1
21165	unclassified	0	0	0	0	1212	1
21170	unclassified	0	0	0	0	267	1
21172	unclassified	0	0	0	0	138	1
21171	unclassified	0	0	0	0	267	1
21175	unclassified	0	0	0	0	273	1
21167	unclassified	0	0	0	0	1077	1
21177	unclassified	0	0	0	0	204	1
21176	unclassified	0	0	0	0	336	1
21174	unclassified	0	0	0	0	729	1
21180	unclassified	0	0	0	0	693	1
21173	unclassified	0	0	0	0	1995	1
21179	cid|201	201	100	0	25	1365	1
21181	unclassified	0	0	0	0	768	1
21178	unclassified	0	0	0	0	1122	1
21183	cid|868131	868131	81	0	24	243	1
21182	unclassified	0	0	0	0	813	1
21185	unclassified	0	0	0	0	600	1
21184	unclassified	0	0	0	0	1080	1
21189	unclassified	0	0	0	0	153	1
21186	unclassified	0	0	0	0	1047	1
21187	unclassified	0	0	0	0	975	1
21188	unclassified	0	0	0	0	522	1
21190	unclassified	0	0	0	0	387	1
21194	unclassified	0	0	0	0	237	1
21191	unclassified	0	0	0	0	948	1
21196	unclassified	0	0	0	0	183	1
21193	cid|1434099	1434099	64	64	23	621	3
21193	cid|2215	2215	64	64	23	621	3
21193	cid|2208	2208	64	64	23	621	3
21197	unclassified	0	0	0	0	237	1
21192	unclassified	0	0	0	0	1470	1
21200	unclassified	0	0	0	0	546	1
21199	unclassified	0	0	0	0	879	1
21198	unclassified	0	0	0	0	795	1
21195	unclassified	0	0	0	0	1638	1
21203	unclassified	0	0	0	0	60	1
21201	unclassified	0	0	0	0	231	1
21202	unclassified	0	0	0	0	249	1
21204	unclassified	0	0	0	0	171	1
21206	unclassified	0	0	0	0	144	1
21208	unclassified	0	0	0	0	333	1
21207	unclassified	0	0	0	0	357	1
21209	unclassified	0	0	0	0	498	1
21211	unclassified	0	0	0	0	219	1
21212	unclassified	0	0	0	0	192	1
21214	unclassified	0	0	0	0	165	1
21205	unclassified	0	0	0	0	870	1
21213	unclassified	0	0	0	0	369	1
21215	unclassified	0	0	0	0	168	1
21216	unclassified	0	0	0	0	210	1
21219	unclassified	0	0	0	0	381	1
21210	unclassified	0	0	0	0	1419	1
21217	unclassified	0	0	0	0	777	1
21221	unclassified	0	0	0	0	195	1
21220	unclassified	0	0	0	0	210	1
21223	unclassified	0	0	0	0	138	1
21218	unclassified	0	0	0	0	1041	1
21222	unclassified	0	0	0	0	519	1
21224	unclassified	0	0	0	0	444	1
21225	unclassified	0	0	0	0	483	1
21229	unclassified	0	0	0	0	216	1
21226	unclassified	0	0	0	0	861	1
21228	unclassified	0	0	0	0	384	1
21230	unclassified	0	0	0	0	426	1
21232	unclassified	0	0	0	0	462	1
21227	unclassified	0	0	0	0	1380	1
21233	unclassified	0	0	0	0	495	1
21236	unclassified	0	0	0	0	453	1
21237	unclassified	0	0	0	0	327	1
21231	cid|1229909	1229909	64	0	23	1785	1
21239	unclassified	0	0	0	0	318	1
21234	unclassified	0	0	0	0	1281	1
21238	unclassified	0	0	0	0	819	1
21235	unclassified	0	0	0	0	1719	1
21243	unclassified	0	0	0	0	180	1
21244	unclassified	0	0	0	0	375	1
21242	unclassified	0	0	0	0	1164	1
21241	unclassified	0	0	0	0	1077	1
21240	unclassified	0	0	0	0	1485	1
21245	cid|496866	496866	64	64	23	1266	3
21245	cid|29323	29323	64	64	23	1266	3
21245	cid|399726	399726	64	64	23	1266	3
21246	unclassified	0	0	0	0	1143	1
21249	unclassified	0	0	0	0	429	1
21247	NC_000003.12	9606	64	0	23	834	1
21250	unclassified	0	0	0	0	351	1
21248	unclassified	0	0	0	0	1440	1
21253	unclassified	0	0	0	0	807	1
21255	unclassified	0	0	0	0	108	1
21254	unclassified	0	0	0	0	903	1
21251	unclassified	0	0	0	0	1404	1
21258	unclassified	0	0	0	0	474	1
21256	unclassified	0	0	0	0	843	1
21257	unclassified	0	0	0	0	1089	1
21260	unclassified	0	0	0	0	519	1
21252	unclassified	0	0	0	0	1827	1
21261	unclassified	0	0	0	0	438	1
21259	unclassified	0	0	0	0	906	1
21263	unclassified	0	0	0	0	375	1
21262	unclassified	0	0	0	0	501	1
21264	unclassified	0	0	0	0	294	1
21268	unclassified	0	0	0	0	219	1
21267	unclassified	0	0	0	0	696	1
21265	unclassified	0	0	0	0	987	1
21270	unclassified	0	0	0	0	471	1
21269	unclassified	0	0	0	0	1092	1
21271	unclassified	0	0	0	0	783	1
21273	unclassified	0	0	0	0	273	1
21266	unclassified	0	0	0	0	1488	1
21276	unclassified	0	0	0	0	210	1
21274	unclassified	0	0	0	0	882	1
21272	unclassified	0	0	0	0	1542	1
21277	unclassified	0	0	0	0	582	1
21279	unclassified	0	0	0	0	198	1
21275	unclassified	0	0	0	0	1233	1
21278	unclassified	0	0	0	0	510	1
21281	unclassified	0	0	0	0	153	1
21282	unclassified	0	0	0	0	243	1
21283	unclassified	0	0	0	0	279	1
21284	unclassified	0	0	0	0	252	1
21280	unclassified	0	0	0	0	393	1
21285	cid|1774273	1774273	64	0	23	447	1
21289	unclassified	0	0	0	0	105	1
21286	unclassified	0	0	0	0	450	1
21288	unclassified	0	0	0	0	351	1
21291	unclassified	0	0	0	0	414	1
21293	unclassified	0	0	0	0	303	1
21287	unclassified	0	0	0	0	1236	1
21292	unclassified	0	0	0	0	828	1
21290	unclassified	0	0	0	0	1113	1
21294	unclassified	0	0	0	0	498	1
21295	unclassified	0	0	0	0	507	1
21297	unclassified	0	0	0	0	357	1
21298	unclassified	0	0	0	0	297	1
21300	unclassified	0	0	0	0	192	1
21299	unclassified	0	0	0	0	429	1
21302	unclassified	0	0	0	0	144	1
21296	unclassified	0	0	0	0	912	1
21304	unclassified	0	0	0	0	483	1
21305	unclassified	0	0	0	0	177	1
21303	unclassified	0	0	0	0	717	1
21301	unclassified	0	0	0	0	1038	1
21306	unclassified	0	0	0	0	390	1
21310	unclassified	0	0	0	0	141	1
21309	unclassified	0	0	0	0	441	1
21311	unclassified	0	0	0	0	468	1
21307	unclassified	0	0	0	0	792	1
21312	unclassified	0	0	0	0	381	1
21308	unclassified	0	0	0	0	948	1
21314	unclassified	0	0	0	0	162	1
21313	unclassified	0	0	0	0	267	1
21315	unclassified	0	0	0	0	192	1
21317	unclassified	0	0	0	0	174	1
21319	unclassified	0	0	0	0	465	1
21318	unclassified	0	0	0	0	603	1
21320	unclassified	0	0	0	0	393	1
21321	NC_000009.12	9606	121	0	26	402	1
21316	unclassified	0	0	0	0	1233	1
21324	unclassified	0	0	0	0	255	1
21323	unclassified	0	0	0	0	612	1
21326	unclassified	0	0	0	0	282	1
21325	unclassified	0	0	0	0	405	1
21328	unclassified	0	0	0	0	120	1
21329	unclassified	0	0	0	0	498	1
21330	unclassified	0	0	0	0	516	1
21327	unclassified	0	0	0	0	756	1
21322	unclassified	0	0	0	0	1830	1
21331	unclassified	0	0	0	0	495	1
21333	unclassified	0	0	0	0	327	1
21332	unclassified	0	0	0	0	609	1
21337	unclassified	0	0	0	0	297	1
21335	cid|204773	204773	324	0	33	651	1
21338	unclassified	0	0	0	0	396	1
21340	unclassified	0	0	0	0	252	1
21341	unclassified	0	0	0	0	111	1
21336	unclassified	0	0	0	0	1068	1
21339	unclassified	0	0	0	0	693	1
21342	unclassified	0	0	0	0	318	1
21344	unclassified	0	0	0	0	78	1
21346	unclassified	0	0	0	0	147	1
21345	unclassified	0	0	0	0	216	1
21347	unclassified	0	0	0	0	804	1
21343	unclassified	0	0	0	0	921	1
21348	cid|787	787	64	0	23	852	1
21351	unclassified	0	0	0	0	114	1
21349	unclassified	0	0	0	0	348	1
21352	unclassified	0	0	0	0	192	1
21334	unclassified	0	0	0	0	3072	1
21354	unclassified	0	0	0	0	180	1
21356	unclassified	0	0	0	0	84	1
21353	unclassified	0	0	0	0	363	1
21357	unclassified	0	0	0	0	210	1
21350	unclassified	0	0	0	0	753	1
21358	unclassified	0	0	0	0	570	1
21360	unclassified	0	0	0	0	255	1
21361	unclassified	0	0	0	0	189	1
21363	unclassified	0	0	0	0	114	1
21359	unclassified	0	0	0	0	918	1
21355	unclassified	0	0	0	0	1509	1
21365	unclassified	0	0	0	0	444	1
21362	unclassified	0	0	0	0	960	1
21366	unclassified	0	0	0	0	477	1
21367	unclassified	0	0	0	0	348	1
21364	cid|1229909	1229909	100	81	25	1323	1
21369	unclassified	0	0	0	0	510	1
21368	unclassified	0	0	0	0	657	1
21371	unclassified	0	0	0	0	483	1
21373	unclassified	0	0	0	0	207	1
21372	unclassified	0	0	0	0	594	1
21376	unclassified	0	0	0	0	216	1
21375	unclassified	0	0	0	0	420	1
21377	unclassified	0	0	0	0	186	1
21370	unclassified	0	0	0	0	1647	1
21379	unclassified	0	0	0	0	162	1
21380	unclassified	0	0	0	0	156	1
21374	unclassified	0	0	0	0	999	1
21382	unclassified	0	0	0	0	579	1
21384	unclassified	0	0	0	0	288	1
21383	unclassified	0	0	0	0	807	1
21381	unclassified	0	0	0	0	1095	1
21378	unclassified	0	0	0	0	1014	1
21386	unclassified	0	0	0	0	243	1
21385	unclassified	0	0	0	0	354	1
21387	unclassified	0	0	0	0	303	1
21389	unclassified	0	0	0	0	354	1
21390	unclassified	0	0	0	0	327	1
21391	unclassified	0	0	0	0	774	1
21393	unclassified	0	0	0	0	618	1
21392	unclassified	0	0	0	0	855	1
21394	unclassified	0	0	0	0	540	1
21395	unclassified	0	0	0	0	450	1
21398	unclassified	0	0	0	0	330	1
21399	unclassified	0	0	0	0	324	1
21397	cid|2203	2203	64	0	23	948	1
21396	unclassified	0	0	0	0	1374	1
21401	unclassified	0	0	0	0	243	1
21388	unclassified	0	0	0	0	2313	1
21402	unclassified	0	0	0	0	315	1
21400	unclassified	0	0	0	0	810	1
21403	unclassified	0	0	0	0	699	1
21406	cid|2261	2261	64	0	23	420	1
21408	unclassified	0	0	0	0	105	1
21405	unclassified	0	0	0	0	1476	1
21407	unclassified	0	0	0	0	1065	1
21404	unclassified	0	0	0	0	1380	1
21410	unclassified	0	0	0	0	255	1
21409	cid|1774273	1774273	64	0	23	924	1
21414	unclassified	0	0	0	0	225	1
21413	unclassified	0	0	0	0	384	1
21411	unclassified	0	0	0	0	726	1
21416	unclassified	0	0	0	0	255	1
21412	unclassified	0	0	0	0	939	1
21418	unclassified	0	0	0	0	657	1
21417	unclassified	0	0	0	0	927	1
21415	unclassified	0	0	0	0	1344	1
21420	unclassified	0	0	0	0	501	1
21422	unclassified	0	0	0	0	117	1
21419	unclassified	0	0	0	0	708	1
21421	unclassified	0	0	0	0	378	1
21423	unclassified	0	0	0	0	612	1
21424	unclassified	0	0	0	0	690	1
21425	unclassified	0	0	0	0	726	1
21426	unclassified	0	0	0	0	576	1
21427	unclassified	0	0	0	0	273	1
21429	unclassified	0	0	0	0	471	1
21432	unclassified	0	0	0	0	303	1
21428	cid|1229909	1229909	64	0	23	993	1
21431	unclassified	0	0	0	0	936	1
21435	unclassified	0	0	0	0	405	1
21434	NC_010576.1	475178	64	0	23	972	1
21437	unclassified	0	0	0	0	264	1
21438	unclassified	0	0	0	0	156	1
21430	unclassified	0	0	0	0	2070	1
21436	unclassified	0	0	0	0	1158	1
21440	unclassified	0	0	0	0	150	1
21433	unclassified	0	0	0	0	2121	1
21442	unclassified	0	0	0	0	276	1
21439	unclassified	0	0	0	0	663	1
21441	unclassified	0	0	0	0	546	1
21445	unclassified	0	0	0	0	168	1
21446	unclassified	0	0	0	0	126	1
21444	unclassified	0	0	0	0	465	1
21443	unclassified	0	0	0	0	1011	1
21448	unclassified	0	0	0	0	963	1
21449	unclassified	0	0	0	0	633	1
21447	unclassified	0	0	0	0	1212	1
21453	unclassified	0	0	0	0	117	1
21451	unclassified	0	0	0	0	399	1
21452	unclassified	0	0	0	0	177	1
21450	unclassified	0	0	0	0	756	1
21457	unclassified	0	0	0	0	636	1
21456	unclassified	0	0	0	0	609	1
21455	unclassified	0	0	0	0	834	1
21454	cid|1580092	1580092	100	0	25	915	1
21458	unclassified	0	0	0	0	459	1
21459	unclassified	0	0	0	0	438	1
21461	unclassified	0	0	0	0	585	1
21462	unclassified	0	0	0	0	603	1
21460	unclassified	0	0	0	0	1431	1
21464	unclassified	0	0	0	0	771	1
21463	unclassified	0	0	0	0	981	1
21466	unclassified	0	0	0	0	426	1
21467	unclassified	0	0	0	0	570	1
21469	unclassified	0	0	0	0	186	1
21468	NC_000015.10	9606	64	0	23	516	1
21465	unclassified	0	0	0	0	1440	1
21472	unclassified	0	0	0	0	99	1
21470	unclassified	0	0	0	0	414	1
21473	unclassified	0	0	0	0	384	1
21475	unclassified	0	0	0	0	318	1
21476	unclassified	0	0	0	0	324	1
21474	unclassified	0	0	0	0	579	1
21478	unclassified	0	0	0	0	267	1
21471	unclassified	0	0	0	0	1362	1
21477	unclassified	0	0	0	0	678	1
21482	unclassified	0	0	0	0	261	1
21479	unclassified	0	0	0	0	843	1
21484	unclassified	0	0	0	0	126	1
21480	NC_000023.11	9606	64	0	23	1218	1
21483	unclassified	0	0	0	0	867	1
21481	unclassified	0	0	0	0	1494	1
21486	unclassified	0	0	0	0	570	1
21487	unclassified	0	0	0	0	621	1
21488	unclassified	0	0	0	0	330	1
21485	unclassified	0	0	0	0	1053	1
21492	unclassified	0	0	0	0	333	1
21489	unclassified	0	0	0	0	1011	1
21490	unclassified	0	0	0	0	1206	1
21494	unclassified	0	0	0	0	438	1
21491	cid|76860	76860	64	64	23	1266	2
21491	cid|1328	1328	64	64	23	1266	2
21497	unclassified	0	0	0	0	381	1
21493	unclassified	0	0	0	0	960	1
21498	unclassified	0	0	0	0	129	1
21500	unclassified	0	0	0	0	312	1
21501	unclassified	0	0	0	0	186	1
21499	unclassified	0	0	0	0	441	1
21502	unclassified	0	0	0	0	396	1
21503	unclassified	0	0	0	0	225	1
21496	unclassified	0	0	0	0	1620	1
21495	unclassified	0	0	0	0	1746	1
21507	unclassified	0	0	0	0	402	1
21504	NC_000006.12	9606	81	0	24	627	1
21509	unclassified	0	0	0	0	84	1
21505	unclassified	0	0	0	0	549	1
21506	unclassified	0	0	0	0	732	1
21508	unclassified	0	0	0	0	354	1
21510	unclassified	0	0	0	0	219	1
21514	unclassified	0	0	0	0	336	1
21515	unclassified	0	0	0	0	108	1
21513	unclassified	0	0	0	0	885	1
21512	cid|2109	2109	81	0	24	879	1
21511	unclassified	0	0	0	0	1047	1
21516	unclassified	0	0	0	0	846	1
21518	unclassified	0	0	0	0	450	1
21520	unclassified	0	0	0	0	225	1
21519	unclassified	0	0	0	0	252	1
21521	unclassified	0	0	0	0	552	1
21524	unclassified	0	0	0	0	297	1
21517	unclassified	0	0	0	0	1476	1
21522	unclassified	0	0	0	0	1059	1
21523	unclassified	0	0	0	0	1401	1
21527	unclassified	0	0	0	0	840	1
21525	unclassified	0	0	0	0	1248	1
21528	unclassified	0	0	0	0	366	1
21529	unclassified	0	0	0	0	447	1
21530	unclassified	0	0	0	0	384	1
21531	unclassified	0	0	0	0	264	1
21526	cid|2285	2285	256	144	31	1530	1
21533	unclassified	0	0	0	0	324	1
21535	cid|562	562	81	81	24	150	3
21535	cid|624	624	81	81	24	150	3
21535	cid|1813821	1813821	81	81	24	150	3
21536	unclassified	0	0	0	0	456	1
21538	unclassified	0	0	0	0	141	1
21534	unclassified	0	0	0	0	591	1
21539	unclassified	0	0	0	0	348	1
21540	unclassified	0	0	0	0	291	1
21532	unclassified	0	0	0	0	1392	1
21541	unclassified	0	0	0	0	237	1
21537	unclassified	0	0	0	0	1059	1
21542	unclassified	0	0	0	0	231	1
21543	unclassified	0	0	0	0	246	1
21544	unclassified	0	0	0	0	414	1
21545	unclassified	0	0	0	0	378	1
21548	unclassified	0	0	0	0	525	1
21550	unclassified	0	0	0	0	288	1
21551	unclassified	0	0	0	0	201	1
21547	unclassified	0	0	0	0	990	1
21552	unclassified	0	0	0	0	162	1
21553	unclassified	0	0	0	0	210	1
21549	unclassified	0	0	0	0	1149	1
21546	unclassified	0	0	0	0	1569	1
21554	unclassified	0	0	0	0	306	1
21556	unclassified	0	0	0	0	225	1
21557	unclassified	0	0	0	0	417	1
21560	unclassified	0	0	0	0	213	1
21559	unclassified	0	0	0	0	402	1
21561	unclassified	0	0	0	0	183	1
21562	unclassified	0	0	0	0	204	1
21558	unclassified	0	0	0	0	786	1
21563	unclassified	0	0	0	0	282	1
21565	unclassified	0	0	0	0	153	1
21564	unclassified	0	0	0	0	267	1
21555	cid|400092	400092	121	0	26	1053	1
21566	unclassified	0	0	0	0	291	1
21568	unclassified	0	0	0	0	330	1
21571	unclassified	0	0	0	0	219	1
21567	unclassified	0	0	0	0	558	1
21573	unclassified	0	0	0	0	237	1
21572	unclassified	0	0	0	0	360	1
21569	unclassified	0	0	0	0	786	1
21570	cid|1336	1336	121	121	26	939	2
21570	cid|35623	35623	121	121	26	939	2
21576	unclassified	0	0	0	0	252	1
21575	unclassified	0	0	0	0	612	1
21574	unclassified	0	0	0	0	1209	1
21579	unclassified	0	0	0	0	774	1
21577	unclassified	0	0	0	0	1269	1
21580	unclassified	0	0	0	0	681	1
21582	unclassified	0	0	0	0	294	1
21584	unclassified	0	0	0	0	153	1
21578	unclassified	0	0	0	0	1407	1
21581	unclassified	0	0	0	0	753	1
21583	unclassified	0	0	0	0	519	1
21585	unclassified	0	0	0	0	336	1
21588	unclassified	0	0	0	0	231	1
21590	unclassified	0	0	0	0	360	1
21587	unclassified	0	0	0	0	810	1
21589	unclassified	0	0	0	0	1341	1
21591	NC_028872.1	1527531	64	0	23	759	1
21586	unclassified	0	0	0	0	1305	1
21593	unclassified	0	0	0	0	642	1
21594	unclassified	0	0	0	0	669	1
21592	cid|202747	202747	64	0	23	1395	1
21597	unclassified	0	0	0	0	456	1
21596	unclassified	0	0	0	0	612	1
21595	unclassified	0	0	0	0	1086	1
21600	unclassified	0	0	0	0	273	1
21598	cid|39669	39669	64	0	23	1254	1
21602	unclassified	0	0	0	0	1059	1
21603	unclassified	0	0	0	0	771	1
21601	unclassified	0	0	0	0	1881	1
21604	unclassified	0	0	0	0	1128	1
21605	unclassified	0	0	0	0	1020	1
21599	unclassified	0	0	0	0	2733	1
21606	unclassified	0	0	0	0	300	1
21608	unclassified	0	0	0	0	243	1
21607	unclassified	0	0	0	0	420	1
21611	unclassified	0	0	0	0	153	1
21609	unclassified	0	0	0	0	399	1
21612	unclassified	0	0	0	0	321	1
21613	unclassified	0	0	0	0	252	1
21614	unclassified	0	0	0	0	243	1
21615	unclassified	0	0	0	0	153	1
21617	unclassified	0	0	0	0	84	1
21619	unclassified	0	0	0	0	366	1
21610	unclassified	0	0	0	0	846	1
21616	unclassified	0	0	0	0	597	1
21618	unclassified	0	0	0	0	741	1
21620	unclassified	0	0	0	0	528	1
21622	unclassified	0	0	0	0	405	1
21624	unclassified	0	0	0	0	231	1
21623	unclassified	0	0	0	0	522	1
21626	unclassified	0	0	0	0	144	1
21625	NC_000001.11	9606	64	0	23	495	1
21621	unclassified	0	0	0	0	726	1
21628	unclassified	0	0	0	0	291	1
21627	unclassified	0	0	0	0	453	1
21630	unclassified	0	0	0	0	150	1
21632	unclassified	0	0	0	0	78	1
21629	unclassified	0	0	0	0	549	1
21634	unclassified	0	0	0	0	633	1
21633	cid|1563	1563	64	0	23	420	1
21637	unclassified	0	0	0	0	183	1
21636	unclassified	0	0	0	0	351	1
21631	unclassified	0	0	0	0	1440	1
21639	unclassified	0	0	0	0	336	1
21641	unclassified	0	0	0	0	267	1
21635	cid|2317	2317	64	0	23	1419	1
21638	cid|2110	2110	64	0	23	702	1
21643	unclassified	0	0	0	0	231	1
21640	unclassified	0	0	0	0	1020	1
21642	unclassified	0	0	0	0	693	1
21644	unclassified	0	0	0	0	408	1
21648	unclassified	0	0	0	0	129	1
21645	unclassified	0	0	0	0	534	1
21647	unclassified	0	0	0	0	300	1
21646	unclassified	0	0	0	0	303	1
21651	unclassified	0	0	0	0	231	1
21650	unclassified	0	0	0	0	498	1
21653	unclassified	0	0	0	0	312	1
21652	unclassified	0	0	0	0	588	1
21655	unclassified	0	0	0	0	279	1
21654	unclassified	0	0	0	0	405	1
21649	unclassified	0	0	0	0	795	1
21656	unclassified	0	0	0	0	270	1
21658	unclassified	0	0	0	0	165	1
21661	cid|241244	241244	144	0	27	273	1
21657	unclassified	0	0	0	0	588	1
21662	unclassified	0	0	0	0	102	1
21664	unclassified	0	0	0	0	255	1
21660	cid|197	197	64	0	23	711	1
21663	unclassified	0	0	0	0	363	1
21666	unclassified	0	0	0	0	429	1
21659	unclassified	0	0	0	0	1083	1
21667	unclassified	0	0	0	0	696	1
21668	unclassified	0	0	0	0	354	1
21671	unclassified	0	0	0	0	195	1
21665	unclassified	0	0	0	0	1182	1
21672	unclassified	0	0	0	0	771	1
21673	unclassified	0	0	0	0	555	1
21670	unclassified	0	0	0	0	1212	1
21675	cid|1493	1493	256	256	31	468	2
21675	cid|51663	51663	256	256	31	468	2
21676	unclassified	0	0	0	0	579	1
21677	unclassified	0	0	0	0	144	1
21678	unclassified	0	0	0	0	261	1
21669	unclassified	0	0	0	0	1728	1
21674	unclassified	0	0	0	0	1038	1
21681	unclassified	0	0	0	0	225	1
21679	unclassified	0	0	0	0	483	1
21680	unclassified	0	0	0	0	396	1
21683	unclassified	0	0	0	0	114	1
21685	unclassified	0	0	0	0	168	1
21687	unclassified	0	0	0	0	111	1
21686	unclassified	0	0	0	0	153	1
21682	unclassified	0	0	0	0	600	1
21689	unclassified	0	0	0	0	96	1
21691	unclassified	0	0	0	0	216	1
21688	unclassified	0	0	0	0	750	1
21690	unclassified	0	0	0	0	699	1
21684	unclassified	0	0	0	0	1065	1
21692	unclassified	0	0	0	0	321	1
21693	unclassified	0	0	0	0	171	1
21697	unclassified	0	0	0	0	228	1
21695	unclassified	0	0	0	0	390	1
21696	unclassified	0	0	0	0	324	1
21694	unclassified	0	0	0	0	606	1
21700	unclassified	0	0	0	0	210	1
21701	unclassified	0	0	0	0	336	1
21702	unclassified	0	0	0	0	186	1
21704	unclassified	0	0	0	0	171	1
21699	unclassified	0	0	0	0	939	1
21703	unclassified	0	0	0	0	477	1
21706	unclassified	0	0	0	0	216	1
21705	unclassified	0	0	0	0	219	1
21708	unclassified	0	0	0	0	138	1
21707	unclassified	0	0	0	0	420	1
21710	unclassified	0	0	0	0	237	1
21709	unclassified	0	0	0	0	621	1
21712	unclassified	0	0	0	0	471	1
21714	unclassified	0	0	0	0	117	1
21713	unclassified	0	0	0	0	252	1
21698	NC_000014.9	9606	100	0	25	2562	1
21715	unclassified	0	0	0	0	1137	1
21717	unclassified	0	0	0	0	789	1
21719	cid|1715860	1715860	64	0	23	225	1
21720	unclassified	0	0	0	0	270	1
21721	unclassified	0	0	0	0	165	1
21716	unclassified	0	0	0	0	1389	1
21718	unclassified	0	0	0	0	828	1
21723	unclassified	0	0	0	0	279	1
21711	unclassified	0	0	0	0	3036	1
21722	unclassified	0	0	0	0	765	1
21727	unclassified	0	0	0	0	210	1
21724	NC_000004.12	9606	64	0	23	954	1
21728	unclassified	0	0	0	0	282	1
21726	unclassified	0	0	0	0	834	1
21729	unclassified	0	0	0	0	957	1
21725	unclassified	0	0	0	0	1341	1
21731	cid|1229909	1229909	225	0	30	813	1
21730	unclassified	0	0	0	0	1131	1
21735	unclassified	0	0	0	0	246	1
21732	unclassified	0	0	0	0	765	1
21734	unclassified	0	0	0	0	999	1
21733	unclassified	0	0	0	0	996	1
21736	cid|399742	399742	64	0	23	612	1
21737	unclassified	0	0	0	0	657	1
21738	unclassified	0	0	0	0	306	1
21740	unclassified	0	0	0	0	474	1
21741	unclassified	0	0	0	0	747	1
21743	unclassified	0	0	0	0	441	1
21742	unclassified	0	0	0	0	897	1
21744	unclassified	0	0	0	0	183	1
21746	unclassified	0	0	0	0	258	1
21745	unclassified	0	0	0	0	639	1
21747	unclassified	0	0	0	0	450	1
21749	unclassified	0	0	0	0	96	1
21748	unclassified	0	0	0	0	438	1
21752	unclassified	0	0	0	0	303	1
21739	cid|1538	1538	169	169	28	1449	2
21739	cid|313588	313588	169	169	28	1449	2
21751	unclassified	0	0	0	0	669	1
21753	unclassified	0	0	0	0	555	1
21750	unclassified	0	0	0	0	1458	1
21755	unclassified	0	0	0	0	729	1
21754	unclassified	0	0	0	0	777	1
21756	unclassified	0	0	0	0	588	1
21757	unclassified	0	0	0	0	303	1
21760	unclassified	0	0	0	0	525	1
21761	unclassified	0	0	0	0	612	1
21759	unclassified	0	0	0	0	582	1
21763	unclassified	0	0	0	0	636	1
21758	unclassified	0	0	0	0	1995	1
21764	unclassified	0	0	0	0	1008	1
21765	unclassified	0	0	0	0	918	1
21766	unclassified	0	0	0	0	453	1
21767	unclassified	0	0	0	0	303	1
21768	unclassified	0	0	0	0	165	1
21769	unclassified	0	0	0	0	297	1
21772	unclassified	0	0	0	0	111	1
21762	cid|1580092	1580092	196	81	29	1788	1
21774	unclassified	0	0	0	0	126	1
21770	unclassified	0	0	0	0	417	1
21771	unclassified	0	0	0	0	495	1
21773	unclassified	0	0	0	0	753	1
21777	unclassified	0	0	0	0	573	1
21779	unclassified	0	0	0	0	213	1
21775	unclassified	0	0	0	0	975	1
21776	unclassified	0	0	0	0	786	1
21781	cid|55197	55197	3969	0	78	78	1
21780	cid|1790137	1790137	3136	3136	71	189	2
21780	cid|411153	411153	3136	3136	71	189	2
21778	unclassified	0	0	0	0	1020	1
21783	unclassified	0	0	0	0	363	1
21782	cid|1492	1492	81	81	24	501	2
21782	cid|1538644	1538644	81	81	24	501	2
21785	unclassified	0	0	0	0	138	1
21784	NC_000008.11	9606	64	0	23	282	1
21786	cid|316	316	100	0	25	333	1
21789	unclassified	0	0	0	0	270	1
21787	unclassified	0	0	0	0	297	1
21791	unclassified	0	0	0	0	333	1
21792	unclassified	0	0	0	0	306	1
21793	unclassified	0	0	0	0	144	1
21794	unclassified	0	0	0	0	162	1
21790	unclassified	0	0	0	0	759	1
21797	unclassified	0	0	0	0	177	1
21788	unclassified	0	0	0	0	1170	1
21795	unclassified	0	0	0	0	441	1
21800	unclassified	0	0	0	0	372	1
21798	unclassified	0	0	0	0	531	1
21799	unclassified	0	0	0	0	597	1
21802	unclassified	0	0	0	0	183	1
21796	unclassified	0	0	0	0	942	1
21801	unclassified	0	0	0	0	408	1
21805	unclassified	0	0	0	0	126	1
21803	unclassified	0	0	0	0	591	1
21808	unclassified	0	0	0	0	306	1
21807	unclassified	0	0	0	0	456	1
21804	cid|2287	2287	100	0	25	777	1
21806	unclassified	0	0	0	0	939	1
21809	unclassified	0	0	0	0	393	1
21813	unclassified	0	0	0	0	258	1
21811	unclassified	0	0	0	0	606	1
21812	unclassified	0	0	0	0	633	1
21814	unclassified	0	0	0	0	474	1
21816	unclassified	0	0	0	0	540	1
21815	cid|418008	418008	64	64	23	1005	2
21815	cid|2209	2209	64	64	23	1005	2
21817	unclassified	0	0	0	0	732	1
21818	unclassified	0	0	0	0	453	1
21819	unclassified	0	0	0	0	312	1
21822	unclassified	0	0	0	0	156	1
21810	unclassified	0	0	0	0	1707	1
21824	NC_000019.10	9606	64	0	23	231	1
21823	unclassified	0	0	0	0	624	1
21821	unclassified	0	0	0	0	864	1
21827	unclassified	0	0	0	0	84	1
21825	unclassified	0	0	0	0	234	1
21820	unclassified	0	0	0	0	1212	1
21826	unclassified	0	0	0	0	237	1
21830	unclassified	0	0	0	0	186	1
21831	unclassified	0	0	0	0	312	1
21828	unclassified	0	0	0	0	849	1
21833	unclassified	0	0	0	0	132	1
21832	unclassified	0	0	0	0	801	1
21834	unclassified	0	0	0	0	483	1
21836	unclassified	0	0	0	0	297	1
21829	unclassified	0	0	0	0	1071	1
21835	unclassified	0	0	0	0	639	1
21837	unclassified	0	0	0	0	273	1
21841	unclassified	0	0	0	0	186	1
21838	unclassified	0	0	0	0	705	1
21840	unclassified	0	0	0	0	561	1
21843	unclassified	0	0	0	0	594	1
21844	unclassified	0	0	0	0	525	1
21846	unclassified	0	0	0	0	384	1
21839	unclassified	0	0	0	0	1275	1
21845	unclassified	0	0	0	0	552	1
21849	unclassified	0	0	0	0	165	1
21842	unclassified	0	0	0	0	1494	1
21847	unclassified	0	0	0	0	348	1
21850	unclassified	0	0	0	0	156	1
21852	unclassified	0	0	0	0	114	1
21853	unclassified	0	0	0	0	225	1
21848	unclassified	0	0	0	0	522	1
21856	unclassified	0	0	0	0	117	1
21851	unclassified	0	0	0	0	609	1
21857	unclassified	0	0	0	0	246	1
21855	unclassified	0	0	0	0	534	1
21858	unclassified	0	0	0	0	273	1
21860	unclassified	0	0	0	0	156	1
21859	unclassified	0	0	0	0	219	1
21862	unclassified	0	0	0	0	345	1
21864	unclassified	0	0	0	0	219	1
21861	unclassified	0	0	0	0	726	1
21863	unclassified	0	0	0	0	453	1
21865	unclassified	0	0	0	0	189	1
21866	unclassified	0	0	0	0	219	1
21854	unclassified	0	0	0	0	1719	1
21868	unclassified	0	0	0	0	171	1
21871	unclassified	0	0	0	0	204	1
21870	unclassified	0	0	0	0	825	1
21867	cid|1891280	1891280	144	64	27	702	1
21872	cid|29385	29385	64	0	23	867	1
21869	unclassified	0	0	0	0	1263	1
21876	unclassified	0	0	0	0	480	1
21874	unclassified	0	0	0	0	774	1
21873	unclassified	0	0	0	0	990	1
21877	unclassified	0	0	0	0	171	1
21875	unclassified	0	0	0	0	789	1
21880	unclassified	0	0	0	0	237	1
21881	unclassified	0	0	0	0	270	1
21878	unclassified	0	0	0	0	684	1
21882	unclassified	0	0	0	0	549	1
21884	unclassified	0	0	0	0	252	1
21883	unclassified	0	0	0	0	771	1
21885	unclassified	0	0	0	0	453	1
21879	cid|189426	189426	64	0	23	1299	1
21887	unclassified	0	0	0	0	378	1
21890	unclassified	0	0	0	0	129	1
21889	unclassified	0	0	0	0	285	1
21888	unclassified	0	0	0	0	435	1
21886	unclassified	0	0	0	0	603	1
21893	unclassified	0	0	0	0	282	1
21891	unclassified	0	0	0	0	357	1
21894	unclassified	0	0	0	0	234	1
21895	unclassified	0	0	0	0	240	1
21896	unclassified	0	0	0	0	303	1
21892	unclassified	0	0	0	0	684	1
21898	unclassified	0	0	0	0	156	1
21900	unclassified	0	0	0	0	813	1
21901	unclassified	0	0	0	0	822	1
21903	unclassified	0	0	0	0	315	1
21897	unclassified	0	0	0	0	1197	1
21904	unclassified	0	0	0	0	303	1
21899	unclassified	0	0	0	0	1551	1
21907	unclassified	0	0	0	0	123	1
21902	unclassified	0	0	0	0	978	1
21908	unclassified	0	0	0	0	213	1
21905	unclassified	0	0	0	0	612	1
21906	unclassified	0	0	0	0	744	1
21911	unclassified	0	0	0	0	252	1
21909	unclassified	0	0	0	0	540	1
21914	unclassified	0	0	0	0	180	1
21915	unclassified	0	0	0	0	138	1
21913	unclassified	0	0	0	0	471	1
21910	unclassified	0	0	0	0	1104	1
21916	unclassified	0	0	0	0	573	1
21918	unclassified	0	0	0	0	309	1
21917	unclassified	0	0	0	0	504	1
21912	unclassified	0	0	0	0	1374	1
21919	unclassified	0	0	0	0	615	1
21920	unclassified	0	0	0	0	867	1
21923	unclassified	0	0	0	0	570	1
21922	unclassified	0	0	0	0	909	1
21925	unclassified	0	0	0	0	312	1
21921	unclassified	0	0	0	0	969	1
21924	unclassified	0	0	0	0	996	1
21927	unclassified	0	0	0	0	489	1
21926	unclassified	0	0	0	0	600	1
21929	unclassified	0	0	0	0	255	1
21928	unclassified	0	0	0	0	396	1
21931	unclassified	0	0	0	0	240	1
21930	unclassified	0	0	0	0	357	1
21932	unclassified	0	0	0	0	279	1
21934	unclassified	0	0	0	0	228	1
21935	unclassified	0	0	0	0	204	1
21937	unclassified	0	0	0	0	63	1
21936	unclassified	0	0	0	0	417	1
21939	unclassified	0	0	0	0	282	1
21938	unclassified	0	0	0	0	429	1
21933	unclassified	0	0	0	0	1002	1
21940	unclassified	0	0	0	0	630	1
21941	unclassified	0	0	0	0	651	1
21942	unclassified	0	0	0	0	978	1
21946	unclassified	0	0	0	0	474	1
21943	unclassified	0	0	0	0	849	1
21944	cid|1561223	1561223	100	0	25	1068	1
21945	unclassified	0	0	0	0	1077	1
21950	unclassified	0	0	0	0	285	1
21949	unclassified	0	0	0	0	453	1
21947	unclassified	0	0	0	0	888	1
21948	unclassified	0	0	0	0	687	1
21951	unclassified	0	0	0	0	1050	1
21952	unclassified	0	0	0	0	879	1
21953	unclassified	0	0	0	0	606	1
21954	unclassified	0	0	0	0	687	1
21955	unclassified	0	0	0	0	468	1
21956	unclassified	0	0	0	0	789	1
21959	unclassified	0	0	0	0	534	1
21958	unclassified	0	0	0	0	627	1
21962	unclassified	0	0	0	0	156	1
21957	unclassified	0	0	0	0	1284	1
21964	unclassified	0	0	0	0	150	1
21960	unclassified	0	0	0	0	690	1
21965	unclassified	0	0	0	0	159	1
21963	unclassified	0	0	0	0	387	1
21967	unclassified	0	0	0	0	210	1
21961	unclassified	0	0	0	0	1008	1
21968	unclassified	0	0	0	0	336	1
21969	unclassified	0	0	0	0	438	1
21970	unclassified	0	0	0	0	288	1
21973	unclassified	0	0	0	0	129	1
21971	unclassified	0	0	0	0	324	1
21974	unclassified	0	0	0	0	264	1
21972	unclassified	0	0	0	0	468	1
21966	unclassified	0	0	0	0	1419	1
21975	unclassified	0	0	0	0	369	1
21977	unclassified	0	0	0	0	300	1
21976	unclassified	0	0	0	0	396	1
21978	unclassified	0	0	0	0	507	1
21981	unclassified	0	0	0	0	576	1
21979	unclassified	0	0	0	0	612	1
21983	unclassified	0	0	0	0	231	1
21985	unclassified	0	0	0	0	210	1
21982	unclassified	0	0	0	0	705	1
21987	unclassified	0	0	0	0	255	1
21980	unclassified	0	0	0	0	1416	1
21988	unclassified	0	0	0	0	168	1
21986	unclassified	0	0	0	0	732	1
21984	unclassified	0	0	0	0	1014	1
21992	unclassified	0	0	0	0	171	1
21990	cid|40214	40214	64	0	23	1158	1
21993	unclassified	0	0	0	0	513	1
21991	unclassified	0	0	0	0	1221	1
21989	cid|1392	1392	121	121	26	1602	3
21989	cid|1428	1428	121	121	26	1602	3
21989	cid|1396	1396	121	121	26	1602	3
21995	unclassified	0	0	0	0	369	1
21994	unclassified	0	0	0	0	717	1
21996	unclassified	0	0	0	0	456	1
21998	unclassified	0	0	0	0	696	1
21997	unclassified	0	0	0	0	1047	1
21999	unclassified	0	0	0	0	1068	1
22000	unclassified	0	0	0	0	1044	1
22001	unclassified	0	0	0	0	408	1
22003	unclassified	0	0	0	0	291	1
22002	unclassified	0	0	0	0	1263	1
22004	unclassified	0	0	0	0	1188	1
22007	unclassified	0	0	0	0	177	1
22006	unclassified	0	0	0	0	1257	1
22005	unclassified	0	0	0	0	1122	1
22008	unclassified	0	0	0	0	591	1
22009	unclassified	0	0	0	0	825	1
22010	unclassified	0	0	0	0	588	1
22012	unclassified	0	0	0	0	387	1
22015	unclassified	0	0	0	0	123	1
22013	unclassified	0	0	0	0	492	1
22011	unclassified	0	0	0	0	1311	1
22014	unclassified	0	0	0	0	1194	1
22017	unclassified	0	0	0	0	774	1
22019	unclassified	0	0	0	0	468	1
22018	unclassified	0	0	0	0	429	1
22020	cid|263	263	81	0	24	447	1
22022	unclassified	0	0	0	0	309	1
22024	unclassified	0	0	0	0	147	1
22023	unclassified	0	0	0	0	732	1
22026	unclassified	0	0	0	0	300	1
22027	unclassified	0	0	0	0	231	1
22025	unclassified	0	0	0	0	696	1
22016	unclassified	0	0	0	0	3054	1
22030	unclassified	0	0	0	0	216	1
22021	cid|1548	1548	121	81	26	1548	1
22029	unclassified	0	0	0	0	447	1
22032	unclassified	0	0	0	0	369	1
22034	unclassified	0	0	0	0	279	1
22028	unclassified	0	0	0	0	1107	1
22035	unclassified	0	0	0	0	477	1
22037	unclassified	0	0	0	0	66	1
22036	unclassified	0	0	0	0	528	1
22033	unclassified	0	0	0	0	714	1
22031	unclassified	0	0	0	0	1587	1
22041	unclassified	0	0	0	0	240	1
22040	unclassified	0	0	0	0	603	1
22042	unclassified	0	0	0	0	216	1
22044	unclassified	0	0	0	0	321	1
22045	unclassified	0	0	0	0	171	1
22046	unclassified	0	0	0	0	189	1
22047	unclassified	0	0	0	0	126	1
22038	unclassified	0	0	0	0	1659	1
22039	NC_000001.11	9606	81	0	24	1650	1
22043	cid|67825	67825	64	0	23	852	1
22048	unclassified	0	0	0	0	390	1
22052	unclassified	0	0	0	0	150	1
22049	unclassified	0	0	0	0	1074	1
22054	unclassified	0	0	0	0	153	1
22051	unclassified	0	0	0	0	924	1
22050	cid|1229909	1229909	81	0	24	1353	1
22055	unclassified	0	0	0	0	246	1
22053	unclassified	0	0	0	0	948	1
22058	unclassified	0	0	0	0	336	1
22057	unclassified	0	0	0	0	624	1
22061	unclassified	0	0	0	0	234	1
22062	unclassified	0	0	0	0	273	1
22056	unclassified	0	0	0	0	945	1
22060	unclassified	0	0	0	0	1326	1
22059	unclassified	0	0	0	0	1704	1
22065	unclassified	0	0	0	0	492	1
22067	unclassified	0	0	0	0	399	1
22066	cid|324057	324057	121	0	26	762	1
22064	unclassified	0	0	0	0	1152	1
22068	unclassified	0	0	0	0	192	1
22069	unclassified	0	0	0	0	396	1
22072	unclassified	0	0	0	0	174	1
22071	unclassified	0	0	0	0	576	1
22063	NC_002188.1	10261	144	0	27	2337	1
22073	unclassified	0	0	0	0	519	1
22075	unclassified	0	0	0	0	240	1
22070	unclassified	0	0	0	0	981	1
22074	unclassified	0	0	0	0	708	1
22077	unclassified	0	0	0	0	447	1
22078	unclassified	0	0	0	0	552	1
22080	unclassified	0	0	0	0	300	1
22081	unclassified	0	0	0	0	60	1
22076	unclassified	0	0	0	0	966	1
22079	unclassified	0	0	0	0	627	1
22082	unclassified	0	0	0	0	258	1
22083	unclassified	0	0	0	0	504	1
22085	unclassified	0	0	0	0	690	1
22086	unclassified	0	0	0	0	804	1
22084	unclassified	0	0	0	0	996	1
22088	unclassified	0	0	0	0	327	1
22087	unclassified	0	0	0	0	612	1
22092	unclassified	0	0	0	0	192	1
22090	unclassified	0	0	0	0	555	1
22091	unclassified	0	0	0	0	501	1
22093	unclassified	0	0	0	0	162	1
22094	unclassified	0	0	0	0	189	1
22097	unclassified	0	0	0	0	123	1
22089	cid|29410	29410	64	0	23	963	1
22095	unclassified	0	0	0	0	414	1
22096	unclassified	0	0	0	0	411	1
22101	unclassified	0	0	0	0	69	1
22098	unclassified	0	0	0	0	711	1
22102	unclassified	0	0	0	0	231	1
22099	unclassified	0	0	0	0	876	1
22100	unclassified	0	0	0	0	909	1
22105	unclassified	0	0	0	0	210	1
22103	unclassified	0	0	0	0	489	1
22104	unclassified	0	0	0	0	480	1
22107	unclassified	0	0	0	0	210	1
22106	unclassified	0	0	0	0	582	1
22108	unclassified	0	0	0	0	489	1
22110	unclassified	0	0	0	0	459	1
22109	unclassified	0	0	0	0	471	1
22113	unclassified	0	0	0	0	72	1
22111	unclassified	0	0	0	0	195	1
22116	unclassified	0	0	0	0	177	1
22112	unclassified	0	0	0	0	471	1
22114	unclassified	0	0	0	0	426	1
22115	unclassified	0	0	0	0	561	1
22120	unclassified	0	0	0	0	216	1
22117	unclassified	0	0	0	0	609	1
22118	unclassified	0	0	0	0	552	1
22121	unclassified	0	0	0	0	210	1
22122	unclassified	0	0	0	0	333	1
22119	unclassified	0	0	0	0	654	1
22125	unclassified	0	0	0	0	351	1
22123	unclassified	0	0	0	0	699	1
22124	unclassified	0	0	0	0	564	1
22128	unclassified	0	0	0	0	369	1
22126	unclassified	0	0	0	0	456	1
22127	unclassified	0	0	0	0	459	1
22130	unclassified	0	0	0	0	342	1
22131	unclassified	0	0	0	0	501	1
22133	unclassified	0	0	0	0	312	1
22129	unclassified	0	0	0	0	1059	1
22135	cid|1855411	1855411	100	0	25	207	1
22134	unclassified	0	0	0	0	402	1
22137	unclassified	0	0	0	0	768	1
22136	unclassified	0	0	0	0	915	1
22139	unclassified	0	0	0	0	279	1
22140	unclassified	0	0	0	0	426	1
22141	unclassified	0	0	0	0	504	1
22142	unclassified	0	0	0	0	429	1
22132	cid|547144	547144	64	64	23	2616	4
22132	cid|547145	547145	64	64	23	2616	4
22132	cid|547146	547146	64	64	23	2616	4
22132	cid|547143	547143	64	64	23	2616	4
22144	cid|189426	189426	121	0	26	642	1
22143	unclassified	0	0	0	0	831	1
22145	unclassified	0	0	0	0	444	1
22146	unclassified	0	0	0	0	264	1
22148	unclassified	0	0	0	0	303	1
22147	unclassified	0	0	0	0	381	1
22138	unclassified	0	0	0	0	1968	1
22149	unclassified	0	0	0	0	522	1
22150	unclassified	0	0	0	0	765	1
22153	unclassified	0	0	0	0	507	1
22154	unclassified	0	0	0	0	252	1
22152	unclassified	0	0	0	0	558	1
22155	unclassified	0	0	0	0	120	1
22156	unclassified	0	0	0	0	351	1
22151	unclassified	0	0	0	0	1392	1
22157	unclassified	0	0	0	0	360	1
22158	unclassified	0	0	0	0	564	1
22162	unclassified	0	0	0	0	480	1
22160	unclassified	0	0	0	0	579	1
22161	unclassified	0	0	0	0	489	1
22163	unclassified	0	0	0	0	93	1
22164	unclassified	0	0	0	0	195	1
22159	unclassified	0	0	0	0	1080	1
22166	unclassified	0	0	0	0	345	1
22165	unclassified	0	0	0	0	312	1
22167	unclassified	0	0	0	0	309	1
22169	unclassified	0	0	0	0	183	1
22168	unclassified	0	0	0	0	306	1
22172	unclassified	0	0	0	0	273	1
22170	unclassified	0	0	0	0	417	1
22171	unclassified	0	0	0	0	663	1
22175	unclassified	0	0	0	0	321	1
22174	unclassified	0	0	0	0	678	1
22173	NC_000012.12	9606	100	0	25	1185	1
22178	unclassified	0	0	0	0	399	1
22176	unclassified	0	0	0	0	786	1
22179	unclassified	0	0	0	0	219	1
22177	unclassified	0	0	0	0	606	1
22180	unclassified	0	0	0	0	225	1
22184	unclassified	0	0	0	0	537	1
22181	unclassified	0	0	0	0	897	1
22182	unclassified	0	0	0	0	828	1
22186	unclassified	0	0	0	0	273	1
22185	unclassified	0	0	0	0	546	1
22187	unclassified	0	0	0	0	447	1
22183	cid|2317	2317	64	0	23	1101	1
22191	unclassified	0	0	0	0	354	1
22188	unclassified	0	0	0	0	843	1
22190	unclassified	0	0	0	0	663	1
22189	unclassified	0	0	0	0	1050	1
22195	unclassified	0	0	0	0	177	1
22193	unclassified	0	0	0	0	522	1
22197	unclassified	0	0	0	0	219	1
22192	unclassified	0	0	0	0	1008	1
22198	unclassified	0	0	0	0	474	1
22196	unclassified	0	0	0	0	756	1
22200	unclassified	0	0	0	0	231	1
22194	unclassified	0	0	0	0	1437	1
22199	unclassified	0	0	0	0	444	1
22203	unclassified	0	0	0	0	396	1
22202	unclassified	0	0	0	0	747	1
22206	unclassified	0	0	0	0	126	1
22205	unclassified	0	0	0	0	855	1
22201	unclassified	0	0	0	0	1620	1
22204	unclassified	0	0	0	0	1029	1
22208	unclassified	0	0	0	0	675	1
22207	unclassified	0	0	0	0	1275	1
22209	unclassified	0	0	0	0	711	1
22211	unclassified	0	0	0	0	810	1
22213	unclassified	0	0	0	0	585	1
22212	unclassified	0	0	0	0	783	1
22210	unclassified	0	0	0	0	1188	1
22215	unclassified	0	0	0	0	852	1
22216	unclassified	0	0	0	0	744	1
22217	cid|261292	261292	121	0	26	669	1
22214	unclassified	0	0	0	0	1461	1
22221	unclassified	0	0	0	0	282	1
22218	unclassified	0	0	0	0	843	1
22219	unclassified	0	0	0	0	966	1
22222	cid|73913	73913	100	0	25	408	1
22223	unclassified	0	0	0	0	477	1
22225	unclassified	0	0	0	0	210	1
22220	unclassified	0	0	0	0	816	1
22226	unclassified	0	0	0	0	336	1
22224	unclassified	0	0	0	0	837	1
22227	unclassified	0	0	0	0	435	1
22231	unclassified	0	0	0	0	180	1
22228	unclassified	0	0	0	0	492	1
22229	unclassified	0	0	0	0	723	1
22230	unclassified	0	0	0	0	576	1
22232	unclassified	0	0	0	0	393	1
22233	unclassified	0	0	0	0	555	1
22234	unclassified	0	0	0	0	654	1
22237	NC_000006.12	9606	64	0	23	237	1
22238	unclassified	0	0	0	0	360	1
22235	unclassified	0	0	0	0	1002	1
22236	unclassified	0	0	0	0	1107	1
22239	unclassified	0	0	0	0	372	1
22243	unclassified	0	0	0	0	213	1
22241	unclassified	0	0	0	0	609	1
22244	unclassified	0	0	0	0	564	1
22242	unclassified	0	0	0	0	972	1
22240	unclassified	0	0	0	0	1347	1
22245	unclassified	0	0	0	0	807	1
22249	unclassified	0	0	0	0	63	1
22248	unclassified	0	0	0	0	489	1
22250	unclassified	0	0	0	0	357	1
22246	unclassified	0	0	0	0	624	1
22247	unclassified	0	0	0	0	816	1
22252	unclassified	0	0	0	0	177	1
22251	unclassified	0	0	0	0	435	1
22255	unclassified	0	0	0	0	336	1
22257	unclassified	0	0	0	0	258	1
22258	unclassified	0	0	0	0	417	1
22254	unclassified	0	0	0	0	1224	1
22259	unclassified	0	0	0	0	222	1
22253	unclassified	0	0	0	0	1122	1
22260	unclassified	0	0	0	0	465	1
22263	unclassified	0	0	0	0	255	1
22264	unclassified	0	0	0	0	105	1
22256	unclassified	0	0	0	0	1713	1
22265	unclassified	0	0	0	0	207	1
22266	unclassified	0	0	0	0	465	1
22261	unclassified	0	0	0	0	1320	1
22262	unclassified	0	0	0	0	1170	1
22269	unclassified	0	0	0	0	162	1
22268	unclassified	0	0	0	0	528	1
22267	unclassified	0	0	0	0	1074	1
22270	unclassified	0	0	0	0	528	1
22272	unclassified	0	0	0	0	258	1
22275	unclassified	0	0	0	0	189	1
22273	unclassified	0	0	0	0	480	1
22274	unclassified	0	0	0	0	414	1
22278	unclassified	0	0	0	0	171	1
22277	unclassified	0	0	0	0	369	1
22271	unclassified	0	0	0	0	1704	1
22280	unclassified	0	0	0	0	492	1
22276	unclassified	0	0	0	0	1278	1
22281	unclassified	0	0	0	0	387	1
22284	unclassified	0	0	0	0	177	1
22282	unclassified	0	0	0	0	609	1
22283	unclassified	0	0	0	0	498	1
22279	unclassified	0	0	0	0	1161	1
22287	unclassified	0	0	0	0	174	1
22285	unclassified	0	0	0	0	537	1
22288	unclassified	0	0	0	0	312	1
22289	unclassified	0	0	0	0	393	1
22290	unclassified	0	0	0	0	627	1
22292	unclassified	0	0	0	0	378	1
22291	unclassified	0	0	0	0	597	1
22294	unclassified	0	0	0	0	387	1
22295	unclassified	0	0	0	0	204	1
22296	unclassified	0	0	0	0	330	1
22286	unclassified	0	0	0	0	1944	1
22293	unclassified	0	0	0	0	1224	1
22300	unclassified	0	0	0	0	207	1
22301	unclassified	0	0	0	0	210	1
22298	unclassified	0	0	0	0	795	1
22302	unclassified	0	0	0	0	159	1
22299	cid|446683	446683	100	0	25	924	1
22303	unclassified	0	0	0	0	414	1
22304	unclassified	0	0	0	0	366	1
22305	unclassified	0	0	0	0	297	1
22307	unclassified	0	0	0	0	264	1
22297	unclassified	0	0	0	0	1404	1
22309	unclassified	0	0	0	0	144	1
22310	unclassified	0	0	0	0	195	1
22308	unclassified	0	0	0	0	1047	1
22312	unclassified	0	0	0	0	642	1
22313	unclassified	0	0	0	0	252	1
22315	unclassified	0	0	0	0	153	1
22314	unclassified	0	0	0	0	408	1
22316	unclassified	0	0	0	0	318	1
22317	unclassified	0	0	0	0	228	1
22318	unclassified	0	0	0	0	384	1
22319	unclassified	0	0	0	0	153	1
22311	unclassified	0	0	0	0	1872	1
22320	unclassified	0	0	0	0	264	1
22323	unclassified	0	0	0	0	234	1
22322	unclassified	0	0	0	0	360	1
22321	unclassified	0	0	0	0	522	1
22324	unclassified	0	0	0	0	354	1
22326	unclassified	0	0	0	0	252	1
22328	unclassified	0	0	0	0	309	1
22325	unclassified	0	0	0	0	1209	1
22327	unclassified	0	0	0	0	1080	1
22329	unclassified	0	0	0	0	1068	1
22331	unclassified	0	0	0	0	819	1
22333	unclassified	0	0	0	0	330	1
22334	unclassified	0	0	0	0	213	1
22330	unclassified	0	0	0	0	1869	1
22336	unclassified	0	0	0	0	138	1
22335	unclassified	0	0	0	0	633	1
22337	unclassified	0	0	0	0	156	1
22338	unclassified	0	0	0	0	576	1
22340	unclassified	0	0	0	0	261	1
22332	cid|1705394	1705394	196	0	29	1323	1
22339	unclassified	0	0	0	0	1218	1
22343	unclassified	0	0	0	0	120	1
22341	unclassified	0	0	0	0	693	1
22344	unclassified	0	0	0	0	372	1
22345	unclassified	0	0	0	0	294	1
22346	unclassified	0	0	0	0	663	1
22347	unclassified	0	0	0	0	876	1
22349	unclassified	0	0	0	0	60	1
22342	unclassified	0	0	0	0	1584	1
22351	unclassified	0	0	0	0	348	1
22348	unclassified	0	0	0	0	1101	1
22350	cid|172045	172045	100	100	25	687	2
22350	cid|1117645	1117645	100	100	25	687	2
22352	unclassified	0	0	0	0	663	1
22353	unclassified	0	0	0	0	696	1
22356	unclassified	0	0	0	0	171	1
22357	unclassified	0	0	0	0	402	1
22355	unclassified	0	0	0	0	627	1
22358	unclassified	0	0	0	0	351	1
22360	unclassified	0	0	0	0	315	1
22306	unclassified	0	0	0	0	252	1
22361	unclassified	0	0	0	0	507	1
22359	unclassified	0	0	0	0	807	1
22363	unclassified	0	0	0	0	186	1
22362	cid|1662285	1662285	64	64	23	750	2
22362	NC_000002.12	9606	64	64	23	750	2
22354	cid|51229	51229	64	0	23	2751	1
22365	unclassified	0	0	0	0	465	1
22364	unclassified	0	0	0	0	588	1
22367	unclassified	0	0	0	0	516	1
22370	unclassified	0	0	0	0	141	1
22368	unclassified	0	0	0	0	789	1
22366	unclassified	0	0	0	0	834	1
22369	unclassified	0	0	0	0	606	1
22374	unclassified	0	0	0	0	108	1
22373	unclassified	0	0	0	0	318	1
22371	unclassified	0	0	0	0	672	1
22376	unclassified	0	0	0	0	213	1
22378	unclassified	0	0	0	0	150	1
22372	unclassified	0	0	0	0	717	1
22379	unclassified	0	0	0	0	531	1
22375	unclassified	0	0	0	0	849	1
22382	unclassified	0	0	0	0	114	1
22377	unclassified	0	0	0	0	1233	1
22380	unclassified	0	0	0	0	1161	1
22381	unclassified	0	0	0	0	636	1
22386	unclassified	0	0	0	0	255	1
22384	unclassified	0	0	0	0	393	1
22385	unclassified	0	0	0	0	744	1
22387	unclassified	0	0	0	0	756	1
22390	unclassified	0	0	0	0	252	1
22383	unclassified	0	0	0	0	1650	1
22392	unclassified	0	0	0	0	225	1
22391	unclassified	0	0	0	0	1140	1
22389	unclassified	0	0	0	0	1722	1
22388	unclassified	0	0	0	0	2043	1
22396	unclassified	0	0	0	0	240	1
22394	unclassified	0	0	0	0	315	1
22393	unclassified	0	0	0	0	705	1
22397	unclassified	0	0	0	0	360	1
22398	unclassified	0	0	0	0	603	1
22399	unclassified	0	0	0	0	522	1
22400	unclassified	0	0	0	0	408	1
22395	NC_000011.10	9606	64	0	23	1293	1
22401	unclassified	0	0	0	0	594	1
22402	unclassified	0	0	0	0	537	1
22405	unclassified	0	0	0	0	240	1
22403	unclassified	0	0	0	0	732	1
22408	unclassified	0	0	0	0	210	1
22404	unclassified	0	0	0	0	711	1
22409	unclassified	0	0	0	0	321	1
22407	unclassified	0	0	0	0	537	1
22410	unclassified	0	0	0	0	405	1
22406	unclassified	0	0	0	0	762	1
22412	unclassified	0	0	0	0	378	1
22413	unclassified	0	0	0	0	273	1
22414	unclassified	0	0	0	0	312	1
22411	unclassified	0	0	0	0	708	1
22416	unclassified	0	0	0	0	342	1
22419	unclassified	0	0	0	0	324	1
22417	unclassified	0	0	0	0	288	1
22420	unclassified	0	0	0	0	177	1
22421	unclassified	0	0	0	0	165	1
22418	unclassified	0	0	0	0	633	1
22423	cid|1715860	1715860	81	0	24	225	1
22424	unclassified	0	0	0	0	270	1
22426	unclassified	0	0	0	0	390	1
22425	unclassified	0	0	0	0	312	1
22415	cid|644281	644281	64	64	23	1317	3
22415	cid|1301915	1301915	64	64	23	1317	3
22415	cid|2190	2190	64	64	23	1317	3
22422	unclassified	0	0	0	0	891	1
22427	unclassified	0	0	0	0	210	1
22428	unclassified	0	0	0	0	336	1
22429	unclassified	0	0	0	0	591	1
22431	unclassified	0	0	0	0	555	1
22430	unclassified	0	0	0	0	1164	1
22432	unclassified	0	0	0	0	1140	1
22434	NC_000021.9	9606	81	0	24	1170	1
22433	unclassified	0	0	0	0	1398	1
22435	unclassified	0	0	0	0	939	1
22437	unclassified	0	0	0	0	255	1
22438	unclassified	0	0	0	0	210	1
22439	unclassified	0	0	0	0	162	1
22441	unclassified	0	0	0	0	180	1
22443	unclassified	0	0	0	0	321	1
22440	unclassified	0	0	0	0	585	1
22436	unclassified	0	0	0	0	876	1
22442	unclassified	0	0	0	0	567	1
22447	unclassified	0	0	0	0	273	1
22444	cid|1580092	1580092	100	0	25	1245	1
22445	cid|46234	46234	100	100	25	1440	2
22445	cid|1615909	1615909	100	100	25	1440	2
22448	unclassified	0	0	0	0	1323	1
22446	unclassified	0	0	0	0	1455	1
22450	unclassified	0	0	0	0	333	1
22453	unclassified	0	0	0	0	438	1
22452	unclassified	0	0	0	0	462	1
22451	unclassified	0	0	0	0	612	1
22454	unclassified	0	0	0	0	393	1
22455	unclassified	0	0	0	0	657	1
22457	unclassified	0	0	0	0	993	1
22449	unclassified	0	0	0	0	2382	1
22458	unclassified	0	0	0	0	501	1
22460	unclassified	0	0	0	0	429	1
22459	unclassified	0	0	0	0	465	1
22461	unclassified	0	0	0	0	492	1
22464	unclassified	0	0	0	0	249	1
22462	unclassified	0	0	0	0	954	1
22465	unclassified	0	0	0	0	345	1
22463	unclassified	0	0	0	0	1068	1
22456	cid|200415	200415	100	0	25	2802	1
22467	unclassified	0	0	0	0	243	1
22466	unclassified	0	0	0	0	345	1
22471	unclassified	0	0	0	0	117	1
22470	unclassified	0	0	0	0	309	1
22472	unclassified	0	0	0	0	513	1
22469	unclassified	0	0	0	0	909	1
22468	unclassified	0	0	0	0	1488	1
22475	unclassified	0	0	0	0	831	1
22474	cid|313588	313588	64	0	23	840	1
22477	unclassified	0	0	0	0	390	1
22476	cid|172	172	64	0	23	1062	1
22479	unclassified	0	0	0	0	645	1
22473	cid|77038	77038	100	100	25	1533	3
22473	cid|163164	163164	100	100	25	1533	3
22473	cid|66084	66084	100	100	25	1533	3
22478	unclassified	0	0	0	0	1323	1
22480	unclassified	0	0	0	0	579	1
22483	unclassified	0	0	0	0	192	1
22482	unclassified	0	0	0	0	258	1
22484	unclassified	0	0	0	0	432	1
22481	unclassified	0	0	0	0	1161	1
22487	unclassified	0	0	0	0	378	1
22485	unclassified	0	0	0	0	828	1
22489	unclassified	0	0	0	0	132	1
22486	cid|1165	1165	121	0	26	744	1
22490	unclassified	0	0	0	0	297	1
22492	unclassified	0	0	0	0	141	1
22493	unclassified	0	0	0	0	249	1
22488	unclassified	0	0	0	0	675	1
22491	unclassified	0	0	0	0	561	1
22494	unclassified	0	0	0	0	240	1
22497	unclassified	0	0	0	0	189	1
22498	unclassified	0	0	0	0	114	1
22495	unclassified	0	0	0	0	516	1
22496	unclassified	0	0	0	0	831	1
22501	unclassified	0	0	0	0	513	1
22502	unclassified	0	0	0	0	210	1
22499	unclassified	0	0	0	0	786	1
22503	unclassified	0	0	0	0	96	1
22505	unclassified	0	0	0	0	156	1
22500	unclassified	0	0	0	0	705	1
22508	unclassified	0	0	0	0	141	1
22506	unclassified	0	0	0	0	870	1
22509	unclassified	0	0	0	0	456	1
22510	unclassified	0	0	0	0	186	1
22507	unclassified	0	0	0	0	981	1
22504	unclassified	0	0	0	0	1218	1
22514	unclassified	0	0	0	0	108	1
22513	unclassified	0	0	0	0	147	1
22511	unclassified	0	0	0	0	333	1
22516	unclassified	0	0	0	0	324	1
22515	unclassified	0	0	0	0	393	1
22517	unclassified	0	0	0	0	369	1
22519	unclassified	0	0	0	0	240	1
22521	unclassified	0	0	0	0	315	1
22520	unclassified	0	0	0	0	492	1
22512	unclassified	0	0	0	0	1320	1
22523	unclassified	0	0	0	0	528	1
22524	unclassified	0	0	0	0	756	1
22522	unclassified	0	0	0	0	1152	1
22518	unclassified	0	0	0	0	1800	1
22528	unclassified	0	0	0	0	360	1
22526	cid|197162	197162	64	0	23	801	1
22529	cid|394958	394958	64	0	23	492	1
22527	unclassified	0	0	0	0	975	1
22532	unclassified	0	0	0	0	132	1
22531	unclassified	0	0	0	0	186	1
22534	unclassified	0	0	0	0	258	1
22533	unclassified	0	0	0	0	660	1
22535	unclassified	0	0	0	0	588	1
22536	unclassified	0	0	0	0	393	1
22537	unclassified	0	0	0	0	495	1
22539	unclassified	0	0	0	0	126	1
22538	unclassified	0	0	0	0	582	1
22530	unclassified	0	0	0	0	2235	1
22541	unclassified	0	0	0	0	369	1
22543	unclassified	0	0	0	0	111	1
22540	unclassified	0	0	0	0	579	1
22545	cid|2099	2099	144	0	27	207	1
22546	unclassified	0	0	0	0	204	1
22542	unclassified	0	0	0	0	1536	1
22547	unclassified	0	0	0	0	972	1
22544	unclassified	0	0	0	0	1614	1
22548	unclassified	0	0	0	0	339	1
22549	unclassified	0	0	0	0	303	1
22551	unclassified	0	0	0	0	420	1
22553	unclassified	0	0	0	0	270	1
22525	unclassified	0	0	0	0	4749	1
22550	unclassified	0	0	0	0	1203	1
22555	unclassified	0	0	0	0	162	1
22554	unclassified	0	0	0	0	618	1
22556	unclassified	0	0	0	0	162	1
22552	unclassified	0	0	0	0	1521	1
22558	unclassified	0	0	0	0	363	1
22557	unclassified	0	0	0	0	522	1
22561	unclassified	0	0	0	0	495	1
22562	unclassified	0	0	0	0	306	1
22560	unclassified	0	0	0	0	561	1
22564	unclassified	0	0	0	0	165	1
22563	unclassified	0	0	0	0	333	1
22565	unclassified	0	0	0	0	513	1
22559	unclassified	0	0	0	0	1539	1
22567	unclassified	0	0	0	0	504	1
22570	unclassified	0	0	0	0	168	1
22569	unclassified	0	0	0	0	354	1
22572	unclassified	0	0	0	0	96	1
22566	unclassified	0	0	0	0	783	1
22571	unclassified	0	0	0	0	309	1
22573	unclassified	0	0	0	0	228	1
22568	unclassified	0	0	0	0	984	1
22575	unclassified	0	0	0	0	456	1
22576	unclassified	0	0	0	0	459	1
22574	cid|1453352	1453352	196	0	29	627	1
22577	unclassified	0	0	0	0	849	1
22580	cid|1492898	1492898	121	121	26	336	3
22580	cid|151895	151895	121	121	26	336	3
22580	cid|91604	91604	121	121	26	336	3
22581	unclassified	0	0	0	0	942	1
22583	unclassified	0	0	0	0	957	1
22579	unclassified	0	0	0	0	2754	1
22582	NC_000010.11	9606	64	0	23	1599	1
22578	cid|1561	1561	81	64	24	2997	1
22584	unclassified	0	0	0	0	879	1
22587	unclassified	0	0	0	0	180	1
22585	cid|46541	46541	100	0	25	999	1
22586	unclassified	0	0	0	0	435	1
22591	unclassified	0	0	0	0	153	1
22590	unclassified	0	0	0	0	216	1
22589	unclassified	0	0	0	0	402	1
22588	unclassified	0	0	0	0	690	1
22593	unclassified	0	0	0	0	669	1
22596	unclassified	0	0	0	0	615	1
22592	unclassified	0	0	0	0	1194	1
22597	unclassified	0	0	0	0	387	1
22595	unclassified	0	0	0	0	2106	1
22598	unclassified	0	0	0	0	1158	1
22594	cid|673860	673860	81	0	24	2706	1
22600	unclassified	0	0	0	0	849	1
22601	unclassified	0	0	0	0	213	1
22602	unclassified	0	0	0	0	603	1
22599	unclassified	0	0	0	0	2094	1
22605	unclassified	0	0	0	0	105	1
22607	unclassified	0	0	0	0	81	1
22603	unclassified	0	0	0	0	735	1
22609	unclassified	0	0	0	0	168	1
22606	unclassified	0	0	0	0	420	1
22604	unclassified	0	0	0	0	864	1
22610	unclassified	0	0	0	0	204	1
22611	unclassified	0	0	0	0	276	1
22613	unclassified	0	0	0	0	417	1
22614	unclassified	0	0	0	0	342	1
22612	unclassified	0	0	0	0	633	1
22616	unclassified	0	0	0	0	417	1
22617	unclassified	0	0	0	0	489	1
22608	unclassified	0	0	0	0	2025	1
22615	unclassified	0	0	0	0	1209	1
22620	unclassified	0	0	0	0	114	1
22621	unclassified	0	0	0	0	135	1
22618	unclassified	0	0	0	0	882	1
22623	unclassified	0	0	0	0	195	1
22622	unclassified	0	0	0	0	450	1
22619	unclassified	0	0	0	0	693	1
22625	unclassified	0	0	0	0	216	1
22628	unclassified	0	0	0	0	153	1
22624	unclassified	0	0	0	0	606	1
22626	unclassified	0	0	0	0	477	1
22627	unclassified	0	0	0	0	384	1
22631	unclassified	0	0	0	0	234	1
22629	unclassified	0	0	0	0	450	1
22633	unclassified	0	0	0	0	381	1
22634	unclassified	0	0	0	0	345	1
22632	unclassified	0	0	0	0	588	1
22635	unclassified	0	0	0	0	279	1
22630	unclassified	0	0	0	0	1059	1
22638	unclassified	0	0	0	0	291	1
22636	unclassified	0	0	0	0	666	1
22637	unclassified	0	0	0	0	447	1
22639	unclassified	0	0	0	0	534	1
22641	unclassified	0	0	0	0	342	1
22640	unclassified	0	0	0	0	573	1
22643	unclassified	0	0	0	0	582	1
22644	unclassified	0	0	0	0	465	1
22642	unclassified	0	0	0	0	621	1
22646	unclassified	0	0	0	0	336	1
22645	unclassified	0	0	0	0	1038	1
22647	cid|884684	884684	64	0	23	900	1
22650	cid|139	139	100	0	25	432	1
22652	unclassified	0	0	0	0	465	1
22653	unclassified	0	0	0	0	204	1
22649	cid|33934	33934	100	81	25	1494	1
22654	unclassified	0	0	0	0	303	1
22648	unclassified	0	0	0	0	1533	1
22656	unclassified	0	0	0	0	162	1
22651	unclassified	0	0	0	0	1350	1
22659	NC_000016.10	9606	64	0	23	276	1
22655	unclassified	0	0	0	0	1008	1
22658	unclassified	0	0	0	0	624	1
22660	unclassified	0	0	0	0	375	1
22657	unclassified	0	0	0	0	984	1
22661	unclassified	0	0	0	0	1050	1
22662	unclassified	0	0	0	0	1062	1
22663	unclassified	0	0	0	0	1074	1
22666	unclassified	0	0	0	0	210	1
22668	unclassified	0	0	0	0	231	1
22665	unclassified	0	0	0	0	621	1
22669	unclassified	0	0	0	0	168	1
22671	unclassified	0	0	0	0	147	1
22670	unclassified	0	0	0	0	321	1
22673	unclassified	0	0	0	0	324	1
22672	unclassified	0	0	0	0	483	1
22664	unclassified	0	0	0	0	1431	1
22674	unclassified	0	0	0	0	339	1
22667	unclassified	0	0	0	0	1353	1
22678	unclassified	0	0	0	0	180	1
22677	unclassified	0	0	0	0	183	1
22675	unclassified	0	0	0	0	270	1
22676	unclassified	0	0	0	0	267	1
22679	unclassified	0	0	0	0	189	1
22681	unclassified	0	0	0	0	270	1
22680	unclassified	0	0	0	0	369	1
22682	unclassified	0	0	0	0	447	1
22683	unclassified	0	0	0	0	537	1
22684	unclassified	0	0	0	0	627	1
22686	unclassified	0	0	0	0	531	1
22688	unclassified	0	0	0	0	375	1
22687	unclassified	0	0	0	0	699	1
22685	unclassified	0	0	0	0	909	1
22690	unclassified	0	0	0	0	357	1
22689	unclassified	0	0	0	0	951	1
22693	unclassified	0	0	0	0	390	1
22692	unclassified	0	0	0	0	492	1
22694	unclassified	0	0	0	0	207	1
22695	unclassified	0	0	0	0	273	1
22696	unclassified	0	0	0	0	150	1
22698	unclassified	0	0	0	0	447	1
22697	unclassified	0	0	0	0	525	1
22691	unclassified	0	0	0	0	1485	1
22700	unclassified	0	0	0	0	228	1
22699	unclassified	0	0	0	0	636	1
22703	unclassified	0	0	0	0	276	1
22701	unclassified	0	0	0	0	648	1
22706	unclassified	0	0	0	0	183	1
22704	unclassified	0	0	0	0	420	1
22707	unclassified	0	0	0	0	147	1
22702	unclassified	0	0	0	0	1002	1
22709	unclassified	0	0	0	0	312	1
22708	unclassified	0	0	0	0	330	1
22705	cid|60890	60890	81	0	24	828	1
22711	unclassified	0	0	0	0	261	1
22710	unclassified	0	0	0	0	420	1
22713	unclassified	0	0	0	0	462	1
22715	unclassified	0	0	0	0	180	1
22712	unclassified	0	0	0	0	417	1
22717	unclassified	0	0	0	0	555	1
22716	unclassified	0	0	0	0	777	1
22718	unclassified	0	0	0	0	705	1
22720	unclassified	0	0	0	0	249	1
22714	unclassified	0	0	0	0	1266	1
22723	unclassified	0	0	0	0	138	1
22722	unclassified	0	0	0	0	717	1
22725	unclassified	0	0	0	0	177	1
22719	unclassified	0	0	0	0	1347	1
22724	unclassified	0	0	0	0	750	1
22721	unclassified	0	0	0	0	999	1
22728	unclassified	0	0	0	0	132	1
22727	unclassified	0	0	0	0	261	1
22729	unclassified	0	0	0	0	180	1
22730	unclassified	0	0	0	0	186	1
22731	unclassified	0	0	0	0	189	1
22733	unclassified	0	0	0	0	105	1
22732	unclassified	0	0	0	0	306	1
22736	unclassified	0	0	0	0	180	1
22735	unclassified	0	0	0	0	459	1
22726	unclassified	0	0	0	0	1023	1
22738	unclassified	0	0	0	0	111	1
22739	unclassified	0	0	0	0	195	1
22737	unclassified	0	0	0	0	291	1
22740	cid|172	172	64	0	23	279	1
22742	unclassified	0	0	0	0	402	1
22743	unclassified	0	0	0	0	540	1
22745	unclassified	0	0	0	0	219	1
22741	unclassified	0	0	0	0	999	1
22746	unclassified	0	0	0	0	138	1
22734	unclassified	0	0	0	0	1875	1
22749	unclassified	0	0	0	0	279	1
22744	unclassified	0	0	0	0	714	1
22750	unclassified	0	0	0	0	261	1
22748	unclassified	0	0	0	0	558	1
22751	unclassified	0	0	0	0	243	1
22753	unclassified	0	0	0	0	297	1
22754	unclassified	0	0	0	0	435	1
22752	unclassified	0	0	0	0	708	1
22755	unclassified	0	0	0	0	459	1
22747	unclassified	0	0	0	0	1590	1
22758	unclassified	0	0	0	0	216	1
22759	unclassified	0	0	0	0	165	1
22757	unclassified	0	0	0	0	534	1
22762	unclassified	0	0	0	0	387	1
22756	unclassified	0	0	0	0	870	1
22763	unclassified	0	0	0	0	135	1
22760	unclassified	0	0	0	0	1053	1
22766	unclassified	0	0	0	0	105	1
22764	unclassified	0	0	0	0	651	1
22767	unclassified	0	0	0	0	501	1
22765	unclassified	0	0	0	0	894	1
22768	unclassified	0	0	0	0	183	1
22770	unclassified	0	0	0	0	255	1
22771	unclassified	0	0	0	0	195	1
22761	cid|1580092	1580092	144	0	27	2169	1
22772	unclassified	0	0	0	0	399	1
22773	unclassified	0	0	0	0	543	1
22769	cid|39950	39950	100	100	25	1095	2
22769	cid|712357	712357	100	100	25	1095	2
22775	unclassified	0	0	0	0	639	1
22777	unclassified	0	0	0	0	546	1
22779	unclassified	0	0	0	0	120	1
22778	unclassified	0	0	0	0	807	1
22774	cid|1215089	1215089	100	0	25	1467	1
22780	unclassified	0	0	0	0	336	1
22782	unclassified	0	0	0	0	210	1
22783	unclassified	0	0	0	0	249	1
22776	unclassified	0	0	0	0	1053	1
22781	unclassified	0	0	0	0	519	1
22785	unclassified	0	0	0	0	252	1
22787	unclassified	0	0	0	0	300	1
22784	cid|40577	40577	169	0	28	705	1
22788	unclassified	0	0	0	0	534	1
22789	unclassified	0	0	0	0	438	1
22790	unclassified	0	0	0	0	606	1
22791	unclassified	0	0	0	0	1107	1
22794	unclassified	0	0	0	0	450	1
22795	unclassified	0	0	0	0	138	1
22792	unclassified	0	0	0	0	1809	1
22796	unclassified	0	0	0	0	291	1
22793	unclassified	0	0	0	0	1485	1
22797	unclassified	0	0	0	0	312	1
22798	NC_000014.9	9606	64	0	23	414	1
22800	unclassified	0	0	0	0	342	1
22802	unclassified	0	0	0	0	207	1
22799	unclassified	0	0	0	0	627	1
22801	unclassified	0	0	0	0	426	1
22804	unclassified	0	0	0	0	237	1
22786	NC_015780.1	68347	121	121	26	2778	2
22786	NC_023613.1	1301280	121	121	26	2778	2
22805	unclassified	0	0	0	0	585	1
22808	unclassified	0	0	0	0	402	1
22807	unclassified	0	0	0	0	660	1
22806	NC_000005.10	9606	64	0	23	1218	1
22803	unclassified	0	0	0	0	1764	1
22809	unclassified	0	0	0	0	888	1
22813	unclassified	0	0	0	0	630	1
22812	cid|644281	644281	64	0	23	972	1
22814	unclassified	0	0	0	0	336	1
22810	unclassified	0	0	0	0	1245	1
22817	unclassified	0	0	0	0	150	1
22816	unclassified	0	0	0	0	270	1
22815	unclassified	0	0	0	0	807	1
22818	unclassified	0	0	0	0	348	1
22819	unclassified	0	0	0	0	507	1
22811	unclassified	0	0	0	0	2286	1
22822	unclassified	0	0	0	0	471	1
22823	unclassified	0	0	0	0	474	1
22820	unclassified	0	0	0	0	741	1
22825	unclassified	0	0	0	0	288	1
22826	unclassified	0	0	0	0	366	1
22827	unclassified	0	0	0	0	141	1
22821	unclassified	0	0	0	0	1074	1
22829	unclassified	0	0	0	0	546	1
22828	unclassified	0	0	0	0	1122	1
22831	unclassified	0	0	0	0	597	1
22830	unclassified	0	0	0	0	1044	1
22833	unclassified	0	0	0	0	582	1
22824	unclassified	0	0	0	0	2361	1
22832	cid|76853	76853	121	81	26	900	1
22834	unclassified	0	0	0	0	747	1
22835	unclassified	0	0	0	0	897	1
22837	unclassified	0	0	0	0	474	1
22839	unclassified	0	0	0	0	258	1
22836	NC_000003.12	9606	64	0	23	1242	1
22842	unclassified	0	0	0	0	315	1
22841	unclassified	0	0	0	0	882	1
22843	unclassified	0	0	0	0	501	1
22840	unclassified	0	0	0	0	1275	1
22846	unclassified	0	0	0	0	123	1
22844	unclassified	0	0	0	0	453	1
22838	unclassified	0	0	0	0	1437	1
22847	unclassified	0	0	0	0	366	1
22845	unclassified	0	0	0	0	675	1
22851	unclassified	0	0	0	0	417	1
22849	unclassified	0	0	0	0	999	1
22850	unclassified	0	0	0	0	1389	1
22852	unclassified	0	0	0	0	960	1
22848	unclassified	0	0	0	0	2061	1
22853	unclassified	0	0	0	0	882	1
22855	unclassified	0	0	0	0	1113	1
22854	unclassified	0	0	0	0	1383	1
22856	unclassified	0	0	0	0	1164	1
22859	unclassified	0	0	0	0	159	1
22860	unclassified	0	0	0	0	273	1
22861	unclassified	0	0	0	0	375	1
22857	unclassified	0	0	0	0	855	1
22862	unclassified	0	0	0	0	228	1
22858	unclassified	0	0	0	0	849	1
22863	unclassified	0	0	0	0	195	1
22864	unclassified	0	0	0	0	162	1
22866	unclassified	0	0	0	0	498	1
22867	unclassified	0	0	0	0	441	1
22865	unclassified	0	0	0	0	792	1
22871	unclassified	0	0	0	0	264	1
22868	unclassified	0	0	0	0	843	1
22869	unclassified	0	0	0	0	768	1
22870	unclassified	0	0	0	0	759	1
22873	unclassified	0	0	0	0	246	1
22872	unclassified	0	0	0	0	576	1
22874	unclassified	0	0	0	0	516	1
22878	unclassified	0	0	0	0	360	1
22875	cid|1763534	1763534	64	0	23	837	1
22877	unclassified	0	0	0	0	627	1
22876	unclassified	0	0	0	0	729	1
22879	unclassified	0	0	0	0	303	1
22881	unclassified	0	0	0	0	216	1
22884	unclassified	0	0	0	0	189	1
22883	unclassified	0	0	0	0	279	1
22880	unclassified	0	0	0	0	648	1
22885	unclassified	0	0	0	0	291	1
22888	unclassified	0	0	0	0	117	1
22886	unclassified	0	0	0	0	387	1
22890	unclassified	0	0	0	0	87	1
22887	unclassified	0	0	0	0	381	1
22882	unclassified	0	0	0	0	723	1
22892	unclassified	0	0	0	0	171	1
22889	unclassified	0	0	0	0	732	1
22895	unclassified	0	0	0	0	267	1
22891	unclassified	0	0	0	0	909	1
22896	unclassified	0	0	0	0	366	1
22897	unclassified	0	0	0	0	276	1
22899	unclassified	0	0	0	0	165	1
22894	unclassified	0	0	0	0	1365	1
22893	unclassified	0	0	0	0	1239	1
22900	unclassified	0	0	0	0	681	1
22903	unclassified	0	0	0	0	213	1
22898	unclassified	0	0	0	0	1362	1
22904	unclassified	0	0	0	0	435	1
22906	unclassified	0	0	0	0	123	1
22905	unclassified	0	0	0	0	267	1
22902	unclassified	0	0	0	0	1215	1
22908	unclassified	0	0	0	0	531	1
22909	unclassified	0	0	0	0	156	1
22911	unclassified	0	0	0	0	114	1
22907	unclassified	0	0	0	0	945	1
22910	unclassified	0	0	0	0	624	1
22913	unclassified	0	0	0	0	303	1
22912	unclassified	0	0	0	0	450	1
22914	unclassified	0	0	0	0	129	1
22917	unclassified	0	0	0	0	312	1
22901	unclassified	0	0	0	0	2910	1
22915	unclassified	0	0	0	0	810	1
22918	unclassified	0	0	0	0	459	1
22916	unclassified	0	0	0	0	720	1
22919	unclassified	0	0	0	0	402	1
22923	unclassified	0	0	0	0	405	1
22920	unclassified	0	0	0	0	903	1
22924	unclassified	0	0	0	0	474	1
22925	unclassified	0	0	0	0	180	1
22922	unclassified	0	0	0	0	972	1
22928	unclassified	0	0	0	0	141	1
22926	unclassified	0	0	0	0	630	1
22921	unclassified	0	0	0	0	2013	1
22927	cid|1608473	1608473	64	64	23	807	2
22927	cid|33002	33002	64	64	23	807	2
22929	unclassified	0	0	0	0	528	1
22930	unclassified	0	0	0	0	663	1
22934	unclassified	0	0	0	0	168	1
22931	unclassified	0	0	0	0	642	1
22932	unclassified	0	0	0	0	597	1
22936	unclassified	0	0	0	0	390	1
22933	unclassified	0	0	0	0	870	1
22935	unclassified	0	0	0	0	1197	1
22937	unclassified	0	0	0	0	1188	1
22938	unclassified	0	0	0	0	801	1
22941	unclassified	0	0	0	0	174	1
22943	unclassified	0	0	0	0	192	1
22939	unclassified	0	0	0	0	1053	1
22940	unclassified	0	0	0	0	861	1
22944	unclassified	0	0	0	0	555	1
22946	unclassified	0	0	0	0	549	1
22942	cid|70255	70255	64	64	23	1395	2
22942	cid|53444	53444	64	64	23	1395	2
22945	unclassified	0	0	0	0	798	1
22947	unclassified	0	0	0	0	1200	1
22949	unclassified	0	0	0	0	558	1
22951	unclassified	0	0	0	0	177	1
22948	unclassified	0	0	0	0	1227	1
22952	unclassified	0	0	0	0	282	1
22955	unclassified	0	0	0	0	600	1
22954	NC_000010.11	9606	64	0	23	855	1
22956	unclassified	0	0	0	0	351	1
22957	unclassified	0	0	0	0	141	1
22953	cid|1793721	1793721	81	81	24	1020	2
22953	cid|83617	83617	81	81	24	1020	2
22958	unclassified	0	0	0	0	219	1
22959	unclassified	0	0	0	0	354	1
22962	unclassified	0	0	0	0	177	1
22960	unclassified	0	0	0	0	507	1
22963	unclassified	0	0	0	0	309	1
22964	unclassified	0	0	0	0	354	1
22965	unclassified	0	0	0	0	162	1
22961	unclassified	0	0	0	0	894	1
22968	unclassified	0	0	0	0	90	1
22966	unclassified	0	0	0	0	438	1
22970	unclassified	0	0	0	0	291	1
22971	unclassified	0	0	0	0	240	1
22967	unclassified	0	0	0	0	825	1
22969	unclassified	0	0	0	0	636	1
22973	unclassified	0	0	0	0	186	1
22975	unclassified	0	0	0	0	156	1
22950	unclassified	0	0	0	0	3219	1
22974	unclassified	0	0	0	0	417	1
22972	unclassified	0	0	0	0	567	1
22979	unclassified	0	0	0	0	228	1
22976	unclassified	0	0	0	0	492	1
22977	unclassified	0	0	0	0	381	1
22981	unclassified	0	0	0	0	135	1
22978	unclassified	0	0	0	0	600	1
22980	unclassified	0	0	0	0	354	1
22982	unclassified	0	0	0	0	210	1
22985	unclassified	0	0	0	0	102	1
22984	unclassified	0	0	0	0	171	1
22988	unclassified	0	0	0	0	123	1
22986	unclassified	0	0	0	0	285	1
22989	unclassified	0	0	0	0	267	1
22991	unclassified	0	0	0	0	306	1
22990	unclassified	0	0	0	0	393	1
22987	unclassified	0	0	0	0	888	1
22993	unclassified	0	0	0	0	138	1
22994	unclassified	0	0	0	0	192	1
22996	unclassified	0	0	0	0	150	1
22983	cid|1229909	1229909	81	0	24	1425	1
22995	unclassified	0	0	0	0	306	1
22992	unclassified	0	0	0	0	753	1
22997	unclassified	0	0	0	0	285	1
22999	unclassified	0	0	0	0	186	1
23000	unclassified	0	0	0	0	126	1
23002	unclassified	0	0	0	0	165	1
22998	unclassified	0	0	0	0	681	1
23004	unclassified	0	0	0	0	195	1
23003	unclassified	0	0	0	0	420	1
23006	unclassified	0	0	0	0	132	1
23005	unclassified	0	0	0	0	303	1
23008	unclassified	0	0	0	0	213	1
23010	unclassified	0	0	0	0	123	1
23001	unclassified	0	0	0	0	981	1
23009	unclassified	0	0	0	0	300	1
23011	unclassified	0	0	0	0	225	1
23013	unclassified	0	0	0	0	378	1
23007	unclassified	0	0	0	0	1095	1
23014	unclassified	0	0	0	0	198	1
23017	unclassified	0	0	0	0	369	1
23015	unclassified	0	0	0	0	759	1
23016	unclassified	0	0	0	0	606	1
23018	unclassified	0	0	0	0	210	1
23019	unclassified	0	0	0	0	324	1
23021	unclassified	0	0	0	0	210	1
23012	unclassified	0	0	0	0	1782	1
23022	unclassified	0	0	0	0	399	1
23024	unclassified	0	0	0	0	309	1
23026	unclassified	0	0	0	0	513	1
23023	unclassified	0	0	0	0	696	1
23025	cid|1580092	1580092	81	0	24	858	1
23029	unclassified	0	0	0	0	183	1
23027	unclassified	0	0	0	0	615	1
23030	unclassified	0	0	0	0	243	1
23028	unclassified	0	0	0	0	636	1
23020	NC_000009.12	9606	64	64	23	2142	2
23020	cid|42879	42879	64	64	23	2142	2
23031	unclassified	0	0	0	0	630	1
23032	cid|644281	644281	324	324	33	714	3
23032	cid|1509	1509	324	324	33	714	3
23032	cid|1491	1491	324	324	33	714	3
23034	unclassified	0	0	0	0	804	1
23033	NC_000004.12	9606	64	64	23	759	2
23033	NC_000014.9	9606	64	64	23	759	2
23036	unclassified	0	0	0	0	336	1
23038	unclassified	0	0	0	0	183	1
23039	unclassified	0	0	0	0	150	1
23037	unclassified	0	0	0	0	423	1
23035	unclassified	0	0	0	0	996	1
23042	unclassified	0	0	0	0	183	1
23044	unclassified	0	0	0	0	198	1
23043	unclassified	0	0	0	0	483	1
23045	unclassified	0	0	0	0	243	1
23046	unclassified	0	0	0	0	426	1
23047	unclassified	0	0	0	0	372	1
23049	unclassified	0	0	0	0	165	1
23040	unclassified	0	0	0	0	1170	1
23048	unclassified	0	0	0	0	435	1
23041	unclassified	0	0	0	0	1446	1
23052	unclassified	0	0	0	0	138	1
23053	unclassified	0	0	0	0	213	1
23054	unclassified	0	0	0	0	210	1
23055	unclassified	0	0	0	0	222	1
23056	unclassified	0	0	0	0	177	1
23051	unclassified	0	0	0	0	522	1
23058	unclassified	0	0	0	0	105	1
23057	unclassified	0	0	0	0	285	1
23059	unclassified	0	0	0	0	237	1
23062	unclassified	0	0	0	0	114	1
23061	unclassified	0	0	0	0	441	1
23063	unclassified	0	0	0	0	210	1
23050	unclassified	0	0	0	0	1446	1
23060	unclassified	0	0	0	0	735	1
23064	unclassified	0	0	0	0	207	1
23066	unclassified	0	0	0	0	210	1
23065	unclassified	0	0	0	0	252	1
23067	unclassified	0	0	0	0	411	1
23068	unclassified	0	0	0	0	420	1
23069	unclassified	0	0	0	0	357	1
23072	unclassified	0	0	0	0	390	1
23071	unclassified	0	0	0	0	483	1
23073	unclassified	0	0	0	0	588	1
23074	unclassified	0	0	0	0	225	1
23076	unclassified	0	0	0	0	159	1
23078	unclassified	0	0	0	0	138	1
23075	unclassified	0	0	0	0	441	1
23077	unclassified	0	0	0	0	345	1
23080	unclassified	0	0	0	0	240	1
23070	unclassified	0	0	0	0	1122	1
23081	unclassified	0	0	0	0	240	1
23084	unclassified	0	0	0	0	165	1
23079	unclassified	0	0	0	0	657	1
23085	unclassified	0	0	0	0	213	1
23082	unclassified	0	0	0	0	564	1
23088	unclassified	0	0	0	0	120	1
23089	unclassified	0	0	0	0	111	1
23087	unclassified	0	0	0	0	435	1
23090	unclassified	0	0	0	0	492	1
23083	unclassified	0	0	0	0	981	1
23091	unclassified	0	0	0	0	795	1
23086	unclassified	0	0	0	0	1284	1
23092	unclassified	0	0	0	0	657	1
23093	unclassified	0	0	0	0	405	1
23096	unclassified	0	0	0	0	216	1
23097	unclassified	0	0	0	0	195	1
23095	unclassified	0	0	0	0	732	1
23099	unclassified	0	0	0	0	228	1
23094	cid|1206	1206	169	0	28	1107	1
23100	unclassified	0	0	0	0	429	1
23098	unclassified	0	0	0	0	690	1
23104	unclassified	0	0	0	0	375	1
23101	unclassified	0	0	0	0	630	1
23105	unclassified	0	0	0	0	222	1
23103	unclassified	0	0	0	0	744	1
23102	cid|1580092	1580092	169	0	28	957	1
23109	unclassified	0	0	0	0	303	1
23107	unclassified	0	0	0	0	861	1
23108	unclassified	0	0	0	0	639	1
23106	unclassified	0	0	0	0	1047	1
23111	unclassified	0	0	0	0	333	1
23113	unclassified	0	0	0	0	222	1
23112	unclassified	0	0	0	0	561	1
23115	unclassified	0	0	0	0	195	1
23114	unclassified	0	0	0	0	555	1
23116	unclassified	0	0	0	0	237	1
23110	NC_000005.10	9606	64	0	23	1374	1
23118	unclassified	0	0	0	0	585	1
23117	unclassified	0	0	0	0	936	1
23119	unclassified	0	0	0	0	1128	1
23122	unclassified	0	0	0	0	99	1
23121	unclassified	0	0	0	0	756	1
23124	unclassified	0	0	0	0	315	1
23125	unclassified	0	0	0	0	501	1
23126	unclassified	0	0	0	0	318	1
23128	unclassified	0	0	0	0	102	1
23123	unclassified	0	0	0	0	999	1
23127	unclassified	0	0	0	0	273	1
23129	unclassified	0	0	0	0	213	1
23132	unclassified	0	0	0	0	99	1
23130	unclassified	0	0	0	0	579	1
23133	unclassified	0	0	0	0	123	1
23120	cid|65123	65123	64	64	23	1875	3
23120	cid|1281	1281	64	64	23	1875	3
23120	cid|1176587	1176587	64	64	23	1875	3
23134	unclassified	0	0	0	0	216	1
23136	unclassified	0	0	0	0	510	1
23131	unclassified	0	0	0	0	1407	1
23137	unclassified	0	0	0	0	954	1
23135	cid|1295392	1295392	64	0	23	1023	1
23139	unclassified	0	0	0	0	321	1
23140	unclassified	0	0	0	0	366	1
23142	unclassified	0	0	0	0	258	1
23138	unclassified	0	0	0	0	1428	1
23145	unclassified	0	0	0	0	168	1
23146	unclassified	0	0	0	0	153	1
23141	cid|35795	35795	64	0	23	942	1
23147	unclassified	0	0	0	0	207	1
23144	unclassified	0	0	0	0	1065	1
23143	NC_027331.1	1540095	81	0	24	1407	1
23148	unclassified	0	0	0	0	357	1
23149	unclassified	0	0	0	0	576	1
23150	unclassified	0	0	0	0	423	1
23154	unclassified	0	0	0	0	192	1
23151	unclassified	0	0	0	0	471	1
23153	unclassified	0	0	0	0	435	1
23156	unclassified	0	0	0	0	510	1
23157	cid|294699	294699	64	0	23	987	1
23152	cid|1324352	1324352	64	0	23	1179	1
23155	unclassified	0	0	0	0	1296	1
23160	unclassified	0	0	0	0	225	1
23158	cid|69499	69499	100	0	25	1086	1
23162	cid|1550241	1550241	400	0	35	195	1
23159	unclassified	0	0	0	0	678	1
23163	unclassified	0	0	0	0	360	1
23164	unclassified	0	0	0	0	216	1
23167	unclassified	0	0	0	0	69	1
23161	unclassified	0	0	0	0	1050	1
23166	unclassified	0	0	0	0	399	1
23168	unclassified	0	0	0	0	300	1
23165	unclassified	0	0	0	0	735	1
23169	unclassified	0	0	0	0	201	1
23170	unclassified	0	0	0	0	219	1
23171	unclassified	0	0	0	0	138	1
23172	unclassified	0	0	0	0	1095	1
23173	unclassified	0	0	0	0	1431	1
23177	unclassified	0	0	0	0	132	1
23176	unclassified	0	0	0	0	618	1
23174	unclassified	0	0	0	0	1680	1
23179	unclassified	0	0	0	0	126	1
23178	unclassified	0	0	0	0	408	1
23181	unclassified	0	0	0	0	174	1
23175	NC_000004.12	9606	64	0	23	1635	1
23182	unclassified	0	0	0	0	333	1
23183	unclassified	0	0	0	0	348	1
23180	cid|92706	92706	81	0	24	969	1
23185	unclassified	0	0	0	0	1056	1
23186	cid|1006576	1006576	64	0	23	1053	1
23189	unclassified	0	0	0	0	213	1
23187	unclassified	0	0	0	0	960	1
23184	cid|1300914	1300914	5219	0	160	543	1
23191	unclassified	0	0	0	0	279	1
23188	unclassified	0	0	0	0	708	1
23193	unclassified	0	0	0	0	372	1
23194	unclassified	0	0	0	0	501	1
23190	unclassified	0	0	0	0	936	1
23192	NC_000006.12	9606	64	0	23	624	1
23195	unclassified	0	0	0	0	840	1
23199	unclassified	0	0	0	0	129	1
23197	unclassified	0	0	0	0	702	1
23198	unclassified	0	0	0	0	555	1
23196	unclassified	0	0	0	0	1029	1
23201	unclassified	0	0	0	0	462	1
23203	unclassified	0	0	0	0	225	1
23200	unclassified	0	0	0	0	543	1
23204	unclassified	0	0	0	0	180	1
23205	unclassified	0	0	0	0	255	1
23206	unclassified	0	0	0	0	237	1
23207	unclassified	0	0	0	0	282	1
23208	unclassified	0	0	0	0	264	1
23211	unclassified	0	0	0	0	159	1
23209	unclassified	0	0	0	0	447	1
23210	unclassified	0	0	0	0	492	1
23212	unclassified	0	0	0	0	276	1
23213	unclassified	0	0	0	0	327	1
23215	unclassified	0	0	0	0	189	1
23217	unclassified	0	0	0	0	135	1
23214	unclassified	0	0	0	0	432	1
23216	unclassified	0	0	0	0	372	1
23202	unclassified	0	0	0	0	1377	1
23219	unclassified	0	0	0	0	327	1
23218	unclassified	0	0	0	0	453	1
23220	unclassified	0	0	0	0	315	1
23221	unclassified	0	0	0	0	183	1
23222	unclassified	0	0	0	0	228	1
23224	unclassified	0	0	0	0	492	1
23227	unclassified	0	0	0	0	183	1
23226	unclassified	0	0	0	0	486	1
23223	unclassified	0	0	0	0	732	1
23225	unclassified	0	0	0	0	555	1
23228	unclassified	0	0	0	0	96	1
23230	unclassified	0	0	0	0	438	1
23232	unclassified	0	0	0	0	426	1
23231	unclassified	0	0	0	0	600	1
23229	cid|784	784	64	0	23	861	1
23233	unclassified	0	0	0	0	522	1
23236	unclassified	0	0	0	0	411	1
23234	cid|336261	336261	81	0	24	1122	1
23238	unclassified	0	0	0	0	486	1
23240	unclassified	0	0	0	0	186	1
23237	unclassified	0	0	0	0	1047	1
23241	unclassified	0	0	0	0	171	1
23235	unclassified	0	0	0	0	1137	1
23243	unclassified	0	0	0	0	120	1
23239	unclassified	0	0	0	0	606	1
23242	unclassified	0	0	0	0	501	1
23244	unclassified	0	0	0	0	255	1
23246	unclassified	0	0	0	0	552	1
23247	unclassified	0	0	0	0	390	1
23245	unclassified	0	0	0	0	639	1
23248	unclassified	0	0	0	0	618	1
23250	unclassified	0	0	0	0	435	1
23249	unclassified	0	0	0	0	459	1
23252	unclassified	0	0	0	0	384	1
23253	unclassified	0	0	0	0	468	1
23255	unclassified	0	0	0	0	171	1
23256	unclassified	0	0	0	0	339	1
23251	unclassified	0	0	0	0	1221	1
23258	unclassified	0	0	0	0	99	1
23257	unclassified	0	0	0	0	486	1
23259	unclassified	0	0	0	0	390	1
23262	unclassified	0	0	0	0	93	1
23254	NC_000001.11	9606	64	64	23	1674	2
23254	NW_014040927.1	9606	64	64	23	1674	2
23263	unclassified	0	0	0	0	423	1
23264	unclassified	0	0	0	0	129	1
23260	unclassified	0	0	0	0	1062	1
23261	unclassified	0	0	0	0	684	1
23267	unclassified	0	0	0	0	444	1
23266	unclassified	0	0	0	0	639	1
23270	unclassified	0	0	0	0	276	1
23269	unclassified	0	0	0	0	477	1
23271	unclassified	0	0	0	0	225	1
23268	unclassified	0	0	0	0	660	1
23272	unclassified	0	0	0	0	309	1
23274	unclassified	0	0	0	0	258	1
23276	unclassified	0	0	0	0	144	1
23275	unclassified	0	0	0	0	543	1
23273	unclassified	0	0	0	0	939	1
23279	unclassified	0	0	0	0	384	1
23278	unclassified	0	0	0	0	726	1
23281	unclassified	0	0	0	0	231	1
23280	unclassified	0	0	0	0	495	1
23282	unclassified	0	0	0	0	234	1
23265	unclassified	0	0	0	0	2976	1
23284	unclassified	0	0	0	0	492	1
23285	unclassified	0	0	0	0	315	1
23286	unclassified	0	0	0	0	189	1
23283	cid|52765	52765	81	0	24	978	1
23277	unclassified	0	0	0	0	1719	1
23289	unclassified	0	0	0	0	192	1
23288	unclassified	0	0	0	0	405	1
23291	unclassified	0	0	0	0	204	1
23292	unclassified	0	0	0	0	162	1
23293	unclassified	0	0	0	0	549	1
23290	cid|1891280	1891280	144	0	27	702	1
23294	unclassified	0	0	0	0	681	1
23287	unclassified	0	0	0	0	1320	1
23298	unclassified	0	0	0	0	111	1
23297	unclassified	0	0	0	0	321	1
23296	unclassified	0	0	0	0	525	1
23299	unclassified	0	0	0	0	531	1
23295	unclassified	0	0	0	0	1182	1
23301	unclassified	0	0	0	0	561	1
23300	unclassified	0	0	0	0	1023	1
23304	unclassified	0	0	0	0	159	1
23302	unclassified	0	0	0	0	744	1
23303	unclassified	0	0	0	0	519	1
23305	unclassified	0	0	0	0	183	1
23307	unclassified	0	0	0	0	120	1
23309	unclassified	0	0	0	0	123	1
23306	unclassified	0	0	0	0	312	1
23311	unclassified	0	0	0	0	621	1
23313	unclassified	0	0	0	0	372	1
23310	unclassified	0	0	0	0	1128	1
23312	unclassified	0	0	0	0	732	1
23308	unclassified	0	0	0	0	1857	1
23314	unclassified	0	0	0	0	711	1
23317	unclassified	0	0	0	0	162	1
23319	unclassified	0	0	0	0	285	1
23318	unclassified	0	0	0	0	399	1
23320	unclassified	0	0	0	0	96	1
23321	unclassified	0	0	0	0	177	1
23316	unclassified	0	0	0	0	1101	1
23322	unclassified	0	0	0	0	345	1
23315	unclassified	0	0	0	0	1452	1
23325	unclassified	0	0	0	0	186	1
23324	unclassified	0	0	0	0	324	1
23327	unclassified	0	0	0	0	321	1
23323	unclassified	0	0	0	0	1173	1
23329	unclassified	0	0	0	0	513	1
23326	unclassified	0	0	0	0	1032	1
23330	unclassified	0	0	0	0	129	1
23331	unclassified	0	0	0	0	198	1
23328	unclassified	0	0	0	0	786	1
23332	NC_000013.11	9606	81	0	24	414	1
23334	unclassified	0	0	0	0	276	1
23337	unclassified	0	0	0	0	168	1
23333	cid|88058	88058	64	0	23	552	1
23339	unclassified	0	0	0	0	186	1
23340	unclassified	0	0	0	0	324	1
23335	unclassified	0	0	0	0	918	1
23336	cid|912	912	64	0	23	1146	1
23343	unclassified	0	0	0	0	123	1
23338	unclassified	0	0	0	0	1164	1
23342	unclassified	0	0	0	0	345	1
23341	unclassified	0	0	0	0	1173	1
23344	unclassified	0	0	0	0	534	1
23346	unclassified	0	0	0	0	351	1
23348	unclassified	0	0	0	0	258	1
23349	unclassified	0	0	0	0	114	1
23350	unclassified	0	0	0	0	327	1
23347	cid|1166130	1166130	81	0	24	741	1
23351	unclassified	0	0	0	0	336	1
23345	cid|151895	151895	64	0	23	1404	1
23353	unclassified	0	0	0	0	192	1
23352	unclassified	0	0	0	0	480	1
23357	unclassified	0	0	0	0	132	1
23354	unclassified	0	0	0	0	501	1
23356	unclassified	0	0	0	0	453	1
23358	unclassified	0	0	0	0	273	1
23361	unclassified	0	0	0	0	201	1
23359	unclassified	0	0	0	0	267	1
23360	NC_000009.12	9606	64	0	23	357	1
23355	unclassified	0	0	0	0	960	1
23362	unclassified	0	0	0	0	690	1
23363	unclassified	0	0	0	0	705	1
23364	unclassified	0	0	0	0	762	1
23365	unclassified	0	0	0	0	1068	1
23366	unclassified	0	0	0	0	525	1
23369	unclassified	0	0	0	0	135	1
23368	unclassified	0	0	0	0	639	1
23370	unclassified	0	0	0	0	891	1
23371	unclassified	0	0	0	0	951	1
23367	unclassified	0	0	0	0	1146	1
23373	unclassified	0	0	0	0	315	1
23372	unclassified	0	0	0	0	840	1
23375	unclassified	0	0	0	0	168	1
23374	unclassified	0	0	0	0	384	1
23376	unclassified	0	0	0	0	330	1
23380	cid|54254	54254	1225	0	50	87	1
23377	unclassified	0	0	0	0	936	1
23382	unclassified	0	0	0	0	525	1
23381	unclassified	0	0	0	0	933	1
23379	unclassified	0	0	0	0	1341	1
23378	unclassified	0	0	0	0	1368	1
23385	unclassified	0	0	0	0	327	1
23383	unclassified	0	0	0	0	618	1
23386	unclassified	0	0	0	0	507	1
23388	unclassified	0	0	0	0	486	1
23387	unclassified	0	0	0	0	1089	1
23390	unclassified	0	0	0	0	549	1
23391	unclassified	0	0	0	0	273	1
23384	unclassified	0	0	0	0	1839	1
23392	unclassified	0	0	0	0	348	1
23389	unclassified	0	0	0	0	939	1
23396	unclassified	0	0	0	0	207	1
23393	cid|2189	2189	81	0	24	798	1
23394	unclassified	0	0	0	0	1020	1
23395	unclassified	0	0	0	0	870	1
23397	unclassified	0	0	0	0	345	1
23398	unclassified	0	0	0	0	423	1
23399	unclassified	0	0	0	0	282	1
23401	unclassified	0	0	0	0	318	1
23403	unclassified	0	0	0	0	252	1
23404	unclassified	0	0	0	0	147	1
23400	unclassified	0	0	0	0	768	1
23405	unclassified	0	0	0	0	426	1
23402	unclassified	0	0	0	0	1098	1
23408	unclassified	0	0	0	0	480	1
23409	unclassified	0	0	0	0	222	1
23411	unclassified	0	0	0	0	309	1
23412	unclassified	0	0	0	0	87	1
23410	cid|1697043	1697043	121	0	26	537	1
23407	unclassified	0	0	0	0	1233	1
23406	unclassified	0	0	0	0	1272	1
23414	unclassified	0	0	0	0	606	1
23415	unclassified	0	0	0	0	822	1
23413	unclassified	0	0	0	0	1167	1
23417	unclassified	0	0	0	0	516	1
23418	unclassified	0	0	0	0	252	1
23419	unclassified	0	0	0	0	180	1
23420	unclassified	0	0	0	0	588	1
23422	unclassified	0	0	0	0	429	1
23424	unclassified	0	0	0	0	135	1
23421	unclassified	0	0	0	0	732	1
23416	unclassified	0	0	0	0	1275	1
23423	unclassified	0	0	0	0	291	1
23425	unclassified	0	0	0	0	159	1
23427	unclassified	0	0	0	0	150	1
23426	unclassified	0	0	0	0	231	1
23428	unclassified	0	0	0	0	234	1
23429	unclassified	0	0	0	0	312	1
23432	unclassified	0	0	0	0	270	1
23433	unclassified	0	0	0	0	324	1
23431	unclassified	0	0	0	0	564	1
23434	unclassified	0	0	0	0	588	1
23436	unclassified	0	0	0	0	564	1
23435	unclassified	0	0	0	0	693	1
23437	unclassified	0	0	0	0	285	1
23438	unclassified	0	0	0	0	198	1
23430	unclassified	0	0	0	0	1302	1
23442	unclassified	0	0	0	0	255	1
23440	unclassified	0	0	0	0	798	1
23444	unclassified	0	0	0	0	207	1
23439	unclassified	0	0	0	0	1005	1
23441	unclassified	0	0	0	0	993	1
23446	unclassified	0	0	0	0	435	1
23447	unclassified	0	0	0	0	615	1
23445	unclassified	0	0	0	0	804	1
23443	unclassified	0	0	0	0	930	1
23448	unclassified	0	0	0	0	396	1
23452	unclassified	0	0	0	0	192	1
23453	unclassified	0	0	0	0	192	1
23450	unclassified	0	0	0	0	504	1
23449	unclassified	0	0	0	0	621	1
23455	unclassified	0	0	0	0	339	1
23454	unclassified	0	0	0	0	498	1
23456	unclassified	0	0	0	0	453	1
23451	unclassified	0	0	0	0	897	1
23457	unclassified	0	0	0	0	309	1
23461	unclassified	0	0	0	0	393	1
23462	unclassified	0	0	0	0	240	1
23458	cid|1407499	1407499	100	0	25	753	1
23463	unclassified	0	0	0	0	192	1
23464	unclassified	0	0	0	0	144	1
23459	unclassified	0	0	0	0	897	1
23465	unclassified	0	0	0	0	99	1
23460	unclassified	0	0	0	0	846	1
23466	unclassified	0	0	0	0	387	1
23470	unclassified	0	0	0	0	276	1
23467	unclassified	0	0	0	0	636	1
23468	unclassified	0	0	0	0	918	1
23471	unclassified	0	0	0	0	597	1
23469	unclassified	0	0	0	0	966	1
23472	unclassified	0	0	0	0	726	1
23473	unclassified	0	0	0	0	1005	1
23476	unclassified	0	0	0	0	522	1
23475	unclassified	0	0	0	0	555	1
23478	unclassified	0	0	0	0	231	1
23480	unclassified	0	0	0	0	639	1
23479	cid|186490	186490	64	0	23	825	1
23474	unclassified	0	0	0	0	1944	1
23482	unclassified	0	0	0	0	486	1
23483	unclassified	0	0	0	0	435	1
23477	cid|644281	644281	64	0	23	1689	1
23481	unclassified	0	0	0	0	1182	1
23485	unclassified	0	0	0	0	636	1
23488	unclassified	0	0	0	0	255	1
23484	unclassified	0	0	0	0	753	1
23486	unclassified	0	0	0	0	1203	1
23490	unclassified	0	0	0	0	588	1
23487	cid|1715860	1715860	100	100	25	1146	2
23487	cid|1476901	1476901	100	100	25	1146	2
23489	unclassified	0	0	0	0	771	1
23491	unclassified	0	0	0	0	789	1
23493	unclassified	0	0	0	0	501	1
23496	unclassified	0	0	0	0	513	1
23497	unclassified	0	0	0	0	504	1
23492	NC_021798.1	1327972	64	64	23	1248	2
23492	NC_021788.1	1328029	64	64	23	1248	2
23494	cid|159	159	225	121	30	1542	1
23495	unclassified	0	0	0	0	1515	1
23498	unclassified	0	0	0	0	1215	1
23501	unclassified	0	0	0	0	915	1
23499	unclassified	0	0	0	0	810	1
23504	unclassified	0	0	0	0	123	1
23500	unclassified	0	0	0	0	1248	1
23505	unclassified	0	0	0	0	198	1
23503	unclassified	0	0	0	0	684	1
23502	unclassified	0	0	0	0	855	1
23506	unclassified	0	0	0	0	639	1
23509	unclassified	0	0	0	0	627	1
23507	unclassified	0	0	0	0	1080	1
23510	unclassified	0	0	0	0	1002	1
23511	unclassified	0	0	0	0	744	1
23508	unclassified	0	0	0	0	1692	1
23512	unclassified	0	0	0	0	825	1
23513	unclassified	0	0	0	0	873	1
23516	unclassified	0	0	0	0	231	1
23514	cid|224719	224719	81	0	24	1059	1
23515	unclassified	0	0	0	0	966	1
23517	unclassified	0	0	0	0	1227	1
23519	unclassified	0	0	0	0	777	1
23518	unclassified	0	0	0	0	834	1
23521	unclassified	0	0	0	0	297	1
23523	unclassified	0	0	0	0	303	1
23520	unclassified	0	0	0	0	1167	1
23525	unclassified	0	0	0	0	360	1
23526	unclassified	0	0	0	0	462	1
23524	unclassified	0	0	0	0	804	1
23528	unclassified	0	0	0	0	144	1
23529	unclassified	0	0	0	0	216	1
23522	unclassified	0	0	0	0	1503	1
23530	unclassified	0	0	0	0	549	1
23533	unclassified	0	0	0	0	888	1
23532	unclassified	0	0	0	0	1233	1
23527	unclassified	0	0	0	0	1572	1
23531	unclassified	0	0	0	0	1872	1
23534	unclassified	0	0	0	0	744	1
23535	unclassified	0	0	0	0	630	1
23536	unclassified	0	0	0	0	495	1
23539	unclassified	0	0	0	0	243	1
23538	unclassified	0	0	0	0	978	1
23540	unclassified	0	0	0	0	519	1
23541	unclassified	0	0	0	0	657	1
23542	unclassified	0	0	0	0	150	1
23537	unclassified	0	0	0	0	1308	1
23543	unclassified	0	0	0	0	246	1
23544	unclassified	0	0	0	0	288	1
23546	unclassified	0	0	0	0	303	1
23547	unclassified	0	0	0	0	333	1
23548	unclassified	0	0	0	0	630	1
23545	unclassified	0	0	0	0	888	1
23549	unclassified	0	0	0	0	726	1
23550	unclassified	0	0	0	0	528	1
23552	unclassified	0	0	0	0	567	1
23553	unclassified	0	0	0	0	762	1
23551	unclassified	0	0	0	0	1026	1
23554	unclassified	0	0	0	0	468	1
23556	unclassified	0	0	0	0	336	1
23557	unclassified	0	0	0	0	582	1
23559	unclassified	0	0	0	0	663	1
23555	unclassified	0	0	0	0	1653	1
23560	unclassified	0	0	0	0	738	1
23558	unclassified	0	0	0	0	894	1
23561	unclassified	0	0	0	0	420	1
23564	unclassified	0	0	0	0	204	1
23562	unclassified	0	0	0	0	807	1
23566	unclassified	0	0	0	0	354	1
23565	cid|1206	1206	81	81	24	1053	2
23565	cid|1491	1491	81	81	24	1053	2
23567	unclassified	0	0	0	0	930	1
23563	unclassified	0	0	0	0	1638	1
23571	unclassified	0	0	0	0	249	1
23572	unclassified	0	0	0	0	114	1
23568	cid|1410606	1410606	256	0	31	1044	1
23570	unclassified	0	0	0	0	1002	1
23569	unclassified	0	0	0	0	1335	1
23574	unclassified	0	0	0	0	336	1
23575	unclassified	0	0	0	0	378	1
23576	unclassified	0	0	0	0	405	1
23579	unclassified	0	0	0	0	312	1
23573	unclassified	0	0	0	0	1905	1
23577	unclassified	0	0	0	0	1062	1
23581	unclassified	0	0	0	0	492	1
23580	unclassified	0	0	0	0	1185	1
23578	unclassified	0	0	0	0	1491	1
23585	unclassified	0	0	0	0	120	1
23582	unclassified	0	0	0	0	465	1
23583	unclassified	0	0	0	0	939	1
23584	unclassified	0	0	0	0	972	1
23586	unclassified	0	0	0	0	1134	1
23589	unclassified	0	0	0	0	600	1
23590	unclassified	0	0	0	0	606	1
23587	unclassified	0	0	0	0	1401	1
23588	NC_000004.12	9606	64	0	23	1071	1
23593	unclassified	0	0	0	0	228	1
23595	unclassified	0	0	0	0	222	1
23594	unclassified	0	0	0	0	642	1
23591	unclassified	0	0	0	0	1152	1
23592	unclassified	0	0	0	0	1008	1
23597	unclassified	0	0	0	0	240	1
23596	unclassified	0	0	0	0	423	1
23600	unclassified	0	0	0	0	81	1
23598	unclassified	0	0	0	0	345	1
23599	unclassified	0	0	0	0	234	1
23604	unclassified	0	0	0	0	291	1
23601	unclassified	0	0	0	0	414	1
23605	unclassified	0	0	0	0	453	1
23602	unclassified	0	0	0	0	882	1
23606	unclassified	0	0	0	0	372	1
23608	unclassified	0	0	0	0	231	1
23603	unclassified	0	0	0	0	1050	1
23607	unclassified	0	0	0	0	387	1
23612	unclassified	0	0	0	0	120	1
23613	unclassified	0	0	0	0	816	1
23609	cid|28112	28112	100	64	25	1509	1
23611	cid|1583098	1583098	196	196	29	1977	2
23611	cid|851	851	196	196	29	1977	2
23616	unclassified	0	0	0	0	201	1
23614	unclassified	0	0	0	0	1923	1
23617	unclassified	0	0	0	0	246	1
23610	unclassified	0	0	0	0	2862	1
23619	unclassified	0	0	0	0	441	1
23615	unclassified	0	0	0	0	1734	1
23621	unclassified	0	0	0	0	411	1
23622	unclassified	0	0	0	0	159	1
23623	unclassified	0	0	0	0	411	1
23618	cid|473531	473531	557	196	63	1704	1
23624	unclassified	0	0	0	0	870	1
23627	unclassified	0	0	0	0	126	1
23625	unclassified	0	0	0	0	1287	1
23629	unclassified	0	0	0	0	207	1
23626	unclassified	0	0	0	0	1089	1
23620	unclassified	0	0	0	0	2664	1
23628	unclassified	0	0	0	0	726	1
23631	cid|33910	33910	64	0	23	507	1
23632	unclassified	0	0	0	0	591	1
23634	unclassified	0	0	0	0	153	1
23635	unclassified	0	0	0	0	132	1
23636	cid|589873	589873	64	0	23	897	1
23633	unclassified	0	0	0	0	1041	1
23637	unclassified	0	0	0	0	1242	1
23638	unclassified	0	0	0	0	480	1
23630	unclassified	0	0	0	0	2517	1
23642	unclassified	0	0	0	0	534	1
23641	cid|1497	1497	100	0	25	954	1
23640	cid|1219	1219	100	64	25	1011	1
23639	unclassified	0	0	0	0	1203	1
23644	unclassified	0	0	0	0	405	1
23646	unclassified	0	0	0	0	333	1
23647	unclassified	0	0	0	0	303	1
23648	unclassified	0	0	0	0	114	1
23645	unclassified	0	0	0	0	855	1
23650	unclassified	0	0	0	0	129	1
23651	unclassified	0	0	0	0	195	1
23643	unclassified	0	0	0	0	1311	1
23654	unclassified	0	0	0	0	159	1
23652	unclassified	0	0	0	0	324	1
23649	unclassified	0	0	0	0	639	1
23657	unclassified	0	0	0	0	372	1
23655	unclassified	0	0	0	0	1239	1
23658	unclassified	0	0	0	0	801	1
23653	unclassified	0	0	0	0	1746	1
23660	unclassified	0	0	0	0	876	1
23659	unclassified	0	0	0	0	1053	1
23661	unclassified	0	0	0	0	702	1
23663	unclassified	0	0	0	0	162	1
23662	unclassified	0	0	0	0	846	1
23656	unclassified	0	0	0	0	2142	1
23664	cid|1246	1246	64	0	23	990	1
23665	unclassified	0	0	0	0	864	1
23668	unclassified	0	0	0	0	1005	1
23670	unclassified	0	0	0	0	105	1
23669	unclassified	0	0	0	0	1146	1
23666	unclassified	0	0	0	0	1464	1
23671	unclassified	0	0	0	0	738	1
23673	unclassified	0	0	0	0	624	1
23674	unclassified	0	0	0	0	129	1
23672	unclassified	0	0	0	0	705	1
23675	unclassified	0	0	0	0	243	1
23676	unclassified	0	0	0	0	279	1
23679	unclassified	0	0	0	0	225	1
23678	unclassified	0	0	0	0	555	1
23677	unclassified	0	0	0	0	1134	1
23680	unclassified	0	0	0	0	783	1
23681	unclassified	0	0	0	0	729	1
23682	unclassified	0	0	0	0	384	1
23667	unclassified	0	0	0	0	2832	1
23683	cid|1609968	1609968	64	0	23	246	1
23684	unclassified	0	0	0	0	261	1
23688	unclassified	0	0	0	0	330	1
23685	unclassified	0	0	0	0	579	1
23690	unclassified	0	0	0	0	144	1
23686	unclassified	0	0	0	0	528	1
23687	unclassified	0	0	0	0	672	1
23691	unclassified	0	0	0	0	1131	1
23693	unclassified	0	0	0	0	996	1
23692	unclassified	0	0	0	0	1017	1
23689	unclassified	0	0	0	0	1626	1
23696	unclassified	0	0	0	0	141	1
23697	unclassified	0	0	0	0	414	1
23694	cid|56426	56426	225	225	30	645	2
23694	cid|38986	38986	225	225	30	645	2
23695	unclassified	0	0	0	0	984	1
23698	unclassified	0	0	0	0	603	1
23699	NC_000015.10	9606	64	64	23	354	2
23699	NC_000009.12	9606	64	64	23	354	2
23702	unclassified	0	0	0	0	291	1
23701	unclassified	0	0	0	0	693	1
23700	unclassified	0	0	0	0	894	1
23705	unclassified	0	0	0	0	528	1
23703	unclassified	0	0	0	0	1113	1
23704	unclassified	0	0	0	0	690	1
23707	unclassified	0	0	0	0	534	1
23710	unclassified	0	0	0	0	246	1
23706	unclassified	0	0	0	0	1167	1
23712	unclassified	0	0	0	0	216	1
23711	unclassified	0	0	0	0	540	1
23708	unclassified	0	0	0	0	1284	1
23709	unclassified	0	0	0	0	1107	1
23713	unclassified	0	0	0	0	837	1
23715	unclassified	0	0	0	0	555	1
23716	unclassified	0	0	0	0	513	1
23719	unclassified	0	0	0	0	168	1
23717	unclassified	0	0	0	0	1059	1
23714	unclassified	0	0	0	0	1809	1
23722	unclassified	0	0	0	0	654	1
23721	unclassified	0	0	0	0	897	1
23718	unclassified	0	0	0	0	1899	1
23723	unclassified	0	0	0	0	354	1
23725	unclassified	0	0	0	0	234	1
23720	unclassified	0	0	0	0	1536	1
23727	unclassified	0	0	0	0	312	1
23728	unclassified	0	0	0	0	315	1
23726	unclassified	0	0	0	0	915	1
23724	cid|413502	413502	121	64	26	1602	1
23731	unclassified	0	0	0	0	597	1
23729	unclassified	0	0	0	0	1224	1
23730	unclassified	0	0	0	0	1296	1
23733	unclassified	0	0	0	0	627	1
23732	unclassified	0	0	0	0	897	1
23734	unclassified	0	0	0	0	1023	1
23736	unclassified	0	0	0	0	438	1
23738	unclassified	0	0	0	0	429	1
23735	unclassified	0	0	0	0	1080	1
23740	unclassified	0	0	0	0	432	1
23737	unclassified	0	0	0	0	1299	1
23742	unclassified	0	0	0	0	399	1
23743	unclassified	0	0	0	0	381	1
23739	cid|1580092	1580092	529	0	38	1224	1
23746	cid|385025	385025	64	0	23	201	1
23744	unclassified	0	0	0	0	660	1
23747	unclassified	0	0	0	0	438	1
23748	unclassified	0	0	0	0	186	1
23741	unclassified	0	0	0	0	1107	1
23750	unclassified	0	0	0	0	216	1
23749	unclassified	0	0	0	0	420	1
23745	unclassified	0	0	0	0	1260	1
23752	unclassified	0	0	0	0	387	1
23754	unclassified	0	0	0	0	321	1
23755	unclassified	0	0	0	0	354	1
23751	unclassified	0	0	0	0	702	1
23758	unclassified	0	0	0	0	159	1
23757	unclassified	0	0	0	0	432	1
23753	unclassified	0	0	0	0	1272	1
23759	unclassified	0	0	0	0	345	1
23760	unclassified	0	0	0	0	690	1
23756	unclassified	0	0	0	0	1506	1
23761	unclassified	0	0	0	0	681	1
23763	unclassified	0	0	0	0	519	1
23762	unclassified	0	0	0	0	735	1
23766	unclassified	0	0	0	0	804	1
23767	unclassified	0	0	0	0	534	1
23768	cid|573062	573062	64	0	23	228	1
23765	unclassified	0	0	0	0	1386	1
23764	unclassified	0	0	0	0	1506	1
23770	unclassified	0	0	0	0	594	1
23769	unclassified	0	0	0	0	768	1
23772	unclassified	0	0	0	0	567	1
23773	unclassified	0	0	0	0	1047	1
23771	unclassified	0	0	0	0	1461	1
23774	unclassified	0	0	0	0	822	1
23776	unclassified	0	0	0	0	132	1
23777	unclassified	0	0	0	0	150	1
23778	unclassified	0	0	0	0	201	1
23775	unclassified	0	0	0	0	1308	1
23779	unclassified	0	0	0	0	525	1
23780	unclassified	0	0	0	0	768	1
23783	unclassified	0	0	0	0	330	1
23784	unclassified	0	0	0	0	213	1
23785	unclassified	0	0	0	0	351	1
23781	cid|97393	97393	144	0	27	744	1
23787	unclassified	0	0	0	0	351	1
23782	unclassified	0	0	0	0	1362	1
23789	unclassified	0	0	0	0	180	1
23788	unclassified	0	0	0	0	399	1
23790	unclassified	0	0	0	0	270	1
23791	unclassified	0	0	0	0	495	1
23786	unclassified	0	0	0	0	1269	1
23793	unclassified	0	0	0	0	441	1
23792	unclassified	0	0	0	0	495	1
23794	unclassified	0	0	0	0	351	1
23797	unclassified	0	0	0	0	537	1
23795	cid|1615909	1615909	100	100	25	969	3
23795	cid|28262	28262	100	100	25	969	3
23795	cid|44001	44001	100	100	25	969	3
23798	unclassified	0	0	0	0	801	1
23799	unclassified	0	0	0	0	315	1
23801	unclassified	0	0	0	0	345	1
23800	unclassified	0	0	0	0	447	1
23796	unclassified	0	0	0	0	1407	1
23802	unclassified	0	0	0	0	612	1
23803	unclassified	0	0	0	0	603	1
23804	unclassified	0	0	0	0	606	1
23805	unclassified	0	0	0	0	894	1
23808	unclassified	0	0	0	0	336	1
23807	unclassified	0	0	0	0	600	1
23806	unclassified	0	0	0	0	558	1
23811	unclassified	0	0	0	0	150	1
23810	unclassified	0	0	0	0	816	1
23814	unclassified	0	0	0	0	231	1
23809	unclassified	0	0	0	0	1176	1
23815	unclassified	0	0	0	0	180	1
23812	unclassified	0	0	0	0	675	1
23817	unclassified	0	0	0	0	75	1
23819	unclassified	0	0	0	0	123	1
23818	unclassified	0	0	0	0	174	1
23820	unclassified	0	0	0	0	138	1
23813	unclassified	0	0	0	0	1434	1
23816	unclassified	0	0	0	0	729	1
23821	unclassified	0	0	0	0	378	1
23825	unclassified	0	0	0	0	273	1
23822	unclassified	0	0	0	0	1020	1
23826	unclassified	0	0	0	0	423	1
23823	unclassified	0	0	0	0	1104	1
23824	cid|28901	28901	64	0	23	1293	1
23830	unclassified	0	0	0	0	258	1
23827	unclassified	0	0	0	0	888	1
23829	unclassified	0	0	0	0	858	1
23832	NC_000007.14	9606	361	0	34	261	1
23834	NC_000003.12	9606	64	0	23	255	1
23828	unclassified	0	0	0	0	1407	1
23835	unclassified	0	0	0	0	606	1
23831	unclassified	0	0	0	0	1329	1
23838	cid|168169	168169	64	0	23	633	1
23833	unclassified	0	0	0	0	1758	1
23837	unclassified	0	0	0	0	867	1
23840	unclassified	0	0	0	0	168	1
23836	unclassified	0	0	0	0	948	1
23841	unclassified	0	0	0	0	225	1
23842	unclassified	0	0	0	0	213	1
23845	unclassified	0	0	0	0	438	1
23844	unclassified	0	0	0	0	609	1
23839	unclassified	0	0	0	0	1236	1
23846	unclassified	0	0	0	0	480	1
23847	unclassified	0	0	0	0	351	1
23849	unclassified	0	0	0	0	318	1
23843	unclassified	0	0	0	0	1131	1
23851	cid|385025	385025	64	64	23	540	2
23851	cid|1329899	1329899	64	64	23	540	2
23850	cid|111955	111955	121	0	26	1260	1
23848	cid|200415	200415	64	0	23	1581	1
23855	unclassified	0	0	0	0	336	1
23852	unclassified	0	0	0	0	1437	1
23854	unclassified	0	0	0	0	843	1
23853	unclassified	0	0	0	0	1287	1
23857	unclassified	0	0	0	0	360	1
23858	unclassified	0	0	0	0	393	1
23861	unclassified	0	0	0	0	150	1
23862	unclassified	0	0	0	0	381	1
23863	unclassified	0	0	0	0	216	1
23859	unclassified	0	0	0	0	1125	1
23864	unclassified	0	0	0	0	213	1
23856	cid|1603555	1603555	121	0	26	1575	1
23860	unclassified	0	0	0	0	825	1
23865	unclassified	0	0	0	0	411	1
23867	unclassified	0	0	0	0	363	1
23870	unclassified	0	0	0	0	258	1
23871	unclassified	0	0	0	0	105	1
23868	cid|1406	1406	100	0	25	432	1
23869	unclassified	0	0	0	0	1293	1
23873	unclassified	0	0	0	0	639	1
23874	unclassified	0	0	0	0	150	1
23866	unclassified	0	0	0	0	1788	1
23876	unclassified	0	0	0	0	135	1
23877	unclassified	0	0	0	0	246	1
23879	unclassified	0	0	0	0	186	1
23872	unclassified	0	0	0	0	1449	1
23878	unclassified	0	0	0	0	666	1
23880	unclassified	0	0	0	0	579	1
23883	unclassified	0	0	0	0	96	1
23881	unclassified	0	0	0	0	798	1
23885	unclassified	0	0	0	0	618	1
23884	unclassified	0	0	0	0	1062	1
23887	unclassified	0	0	0	0	282	1
23886	unclassified	0	0	0	0	804	1
23875	unclassified	0	0	0	0	2283	1
23889	unclassified	0	0	0	0	207	1
23882	unclassified	0	0	0	0	2127	1
23891	unclassified	0	0	0	0	330	1
23892	unclassified	0	0	0	0	666	1
23890	unclassified	0	0	0	0	888	1
23893	unclassified	0	0	0	0	1461	1
23895	unclassified	0	0	0	0	915	1
23896	unclassified	0	0	0	0	513	1
23888	cid|33056	33056	169	169	28	2205	2
23888	cid|634113	634113	169	169	28	2205	2
23894	unclassified	0	0	0	0	1764	1
23898	unclassified	0	0	0	0	267	1
23897	unclassified	0	0	0	0	612	1
23901	unclassified	0	0	0	0	792	1
23899	unclassified	0	0	0	0	1101	1
23904	unclassified	0	0	0	0	153	1
23900	unclassified	0	0	0	0	1302	1
23905	unclassified	0	0	0	0	387	1
23906	unclassified	0	0	0	0	522	1
23902	unclassified	0	0	0	0	1002	1
23908	unclassified	0	0	0	0	102	1
23907	unclassified	0	0	0	0	768	1
23903	unclassified	0	0	0	0	1521	1
23911	unclassified	0	0	0	0	306	1
23909	unclassified	0	0	0	0	750	1
23913	unclassified	0	0	0	0	570	1
23910	cid|33952	33952	81	0	24	870	1
23915	unclassified	0	0	0	0	135	1
23914	unclassified	0	0	0	0	321	1
23912	NC_000001.11	9606	64	0	23	963	1
23917	unclassified	0	0	0	0	321	1
23919	unclassified	0	0	0	0	141	1
23918	unclassified	0	0	0	0	402	1
23920	cid|1229909	1229909	64	0	23	462	1
23916	cid|329	329	64	0	23	912	1
23922	unclassified	0	0	0	0	495	1
23923	unclassified	0	0	0	0	558	1
23926	unclassified	0	0	0	0	63	1
23924	cid|954	954	64	64	23	891	2
23924	cid|754409	754409	64	64	23	891	2
23921	unclassified	0	0	0	0	1509	1
23925	unclassified	0	0	0	0	708	1
23927	unclassified	0	0	0	0	684	1
23928	unclassified	0	0	0	0	261	1
23929	unclassified	0	0	0	0	207	1
23930	unclassified	0	0	0	0	333	1
23931	unclassified	0	0	0	0	540	1
23933	unclassified	0	0	0	0	549	1
23935	unclassified	0	0	0	0	189	1
23934	unclassified	0	0	0	0	603	1
23932	unclassified	0	0	0	0	1074	1
23938	unclassified	0	0	0	0	189	1
23936	unclassified	0	0	0	0	876	1
23940	unclassified	0	0	0	0	294	1
23937	cid|471223	471223	225	0	30	951	1
23939	unclassified	0	0	0	0	837	1
23942	unclassified	0	0	0	0	459	1
23943	unclassified	0	0	0	0	690	1
23944	cid|188932	188932	64	64	23	777	2
23944	cid|430522	430522	64	64	23	777	2
23947	unclassified	0	0	0	0	267	1
23946	unclassified	0	0	0	0	828	1
23941	unclassified	0	0	0	0	1800	1
23945	unclassified	0	0	0	0	744	1
23948	unclassified	0	0	0	0	618	1
23950	unclassified	0	0	0	0	801	1
23951	unclassified	0	0	0	0	759	1
23952	cid|1229909	1229909	64	0	23	951	1
23949	cid|300825	300825	100	0	25	1401	1
23953	unclassified	0	0	0	0	1005	1
23956	unclassified	0	0	0	0	600	1
23957	unclassified	0	0	0	0	564	1
23954	unclassified	0	0	0	0	1119	1
23955	unclassified	0	0	0	0	1149	1
23958	unclassified	0	0	0	0	561	1
23961	unclassified	0	0	0	0	309	1
23962	unclassified	0	0	0	0	441	1
23959	unclassified	0	0	0	0	897	1
23964	cid|477693	477693	64	0	23	375	1
23960	unclassified	0	0	0	0	1005	1
23963	unclassified	0	0	0	0	1455	1
23965	cid|28108	28108	64	0	23	948	1
23966	unclassified	0	0	0	0	1086	1
23968	unclassified	0	0	0	0	417	1
23969	unclassified	0	0	0	0	534	1
23971	unclassified	0	0	0	0	879	1
23967	unclassified	0	0	0	0	1476	1
23970	unclassified	0	0	0	0	1290	1
23973	unclassified	0	0	0	0	381	1
23975	unclassified	0	0	0	0	225	1
23977	unclassified	0	0	0	0	309	1
23972	unclassified	0	0	0	0	1653	1
23974	cid|33903	33903	64	0	23	738	1
23978	unclassified	0	0	0	0	387	1
23979	unclassified	0	0	0	0	210	1
23980	unclassified	0	0	0	0	432	1
23981	unclassified	0	0	0	0	696	1
23976	cid|1580092	1580092	289	0	32	1398	1
23984	unclassified	0	0	0	0	198	1
23982	cid|839	839	64	0	23	1005	1
23985	unclassified	0	0	0	0	369	1
23987	unclassified	0	0	0	0	276	1
23986	unclassified	0	0	0	0	555	1
23988	unclassified	0	0	0	0	525	1
23983	unclassified	0	0	0	0	1104	1
23991	unclassified	0	0	0	0	111	1
23990	unclassified	0	0	0	0	423	1
23993	unclassified	0	0	0	0	168	1
23989	unclassified	0	0	0	0	717	1
23994	unclassified	0	0	0	0	876	1
23995	unclassified	0	0	0	0	1083	1
23996	unclassified	0	0	0	0	1074	1
23992	unclassified	0	0	0	0	1212	1
23998	unclassified	0	0	0	0	297	1
24000	unclassified	0	0	0	0	288	1
23999	unclassified	0	0	0	0	822	1
23997	unclassified	0	0	0	0	1473	1
24001	unclassified	0	0	0	0	1383	1
24002	unclassified	0	0	0	0	927	1
24004	unclassified	0	0	0	0	621	1
24003	unclassified	0	0	0	0	957	1
24005	unclassified	0	0	0	0	168	1
24007	unclassified	0	0	0	0	180	1
24010	unclassified	0	0	0	0	171	1
24008	unclassified	0	0	0	0	420	1
24009	unclassified	0	0	0	0	681	1
24013	unclassified	0	0	0	0	249	1
24006	unclassified	0	0	0	0	1125	1
24011	unclassified	0	0	0	0	1005	1
24012	unclassified	0	0	0	0	1011	1
24016	unclassified	0	0	0	0	288	1
24014	unclassified	0	0	0	0	765	1
24015	unclassified	0	0	0	0	654	1
24018	unclassified	0	0	0	0	672	1
24019	unclassified	0	0	0	0	858	1
24021	unclassified	0	0	0	0	672	1
24020	unclassified	0	0	0	0	768	1
24017	unclassified	0	0	0	0	1455	1
24024	unclassified	0	0	0	0	255	1
24023	unclassified	0	0	0	0	459	1
24025	unclassified	0	0	0	0	345	1
24026	unclassified	0	0	0	0	144	1
24022	cid|882104	882104	100	0	25	1011	1
24027	unclassified	0	0	0	0	381	1
24029	unclassified	0	0	0	0	324	1
24028	NC_000019.10	9606	64	0	23	627	1
24032	unclassified	0	0	0	0	480	1
24033	unclassified	0	0	0	0	465	1
24031	unclassified	0	0	0	0	900	1
24036	unclassified	0	0	0	0	381	1
24037	unclassified	0	0	0	0	165	1
24034	unclassified	0	0	0	0	1383	1
24030	unclassified	0	0	0	0	2526	1
24038	unclassified	0	0	0	0	1158	1
24035	cid|1282	1282	256	256	31	1926	2
24035	cid|29385	29385	256	256	31	1926	2
24040	unclassified	0	0	0	0	600	1
24043	unclassified	0	0	0	0	432	1
24039	unclassified	0	0	0	0	987	1
24042	unclassified	0	0	0	0	687	1
24044	unclassified	0	0	0	0	363	1
24041	cid|1603555	1603555	64	0	23	1284	1
24045	cid|28112	28112	225	0	30	303	1
24049	unclassified	0	0	0	0	168	1
24047	unclassified	0	0	0	0	459	1
24051	unclassified	0	0	0	0	312	1
24048	unclassified	0	0	0	0	771	1
24052	unclassified	0	0	0	0	279	1
24046	unclassified	0	0	0	0	1362	1
24053	unclassified	0	0	0	0	474	1
24054	unclassified	0	0	0	0	333	1
24055	unclassified	0	0	0	0	321	1
24050	NC_022094.1	663237	64	0	23	1314	1
24058	unclassified	0	0	0	0	669	1
24056	unclassified	0	0	0	0	1182	1
24060	unclassified	0	0	0	0	612	1
24057	unclassified	0	0	0	0	1470	1
24059	unclassified	0	0	0	0	726	1
24063	unclassified	0	0	0	0	255	1
24061	unclassified	0	0	0	0	732	1
24062	unclassified	0	0	0	0	681	1
24064	unclassified	0	0	0	0	555	1
24067	unclassified	0	0	0	0	207	1
24065	unclassified	0	0	0	0	855	1
24066	unclassified	0	0	0	0	1128	1
24069	cid|1741	1741	144	0	27	1026	1
24071	unclassified	0	0	0	0	306	1
24068	unclassified	0	0	0	0	975	1
24074	unclassified	0	0	0	0	549	1
24070	cid|55205	55205	196	121	29	1398	1
24072	unclassified	0	0	0	0	1227	1
24075	unclassified	0	0	0	0	426	1
24073	unclassified	0	0	0	0	1704	1
24078	unclassified	0	0	0	0	399	1
24076	unclassified	0	0	0	0	936	1
24079	unclassified	0	0	0	0	555	1
24081	unclassified	0	0	0	0	414	1
24082	unclassified	0	0	0	0	180	1
24083	unclassified	0	0	0	0	234	1
24085	unclassified	0	0	0	0	189	1
24084	unclassified	0	0	0	0	453	1
24077	unclassified	0	0	0	0	1584	1
24080	unclassified	0	0	0	0	1287	1
24088	unclassified	0	0	0	0	288	1
24089	unclassified	0	0	0	0	165	1
24090	unclassified	0	0	0	0	492	1
24087	unclassified	0	0	0	0	1218	1
24091	unclassified	0	0	0	0	1188	1
24093	unclassified	0	0	0	0	624	1
24086	unclassified	0	0	0	0	1683	1
24092	unclassified	0	0	0	0	1176	1
24095	unclassified	0	0	0	0	408	1
24096	unclassified	0	0	0	0	735	1
24098	unclassified	0	0	0	0	621	1
24094	cid|1774273	1774273	81	64	24	1743	1
24099	unclassified	0	0	0	0	468	1
24100	unclassified	0	0	0	0	588	1
24101	unclassified	0	0	0	0	279	1
24097	unclassified	0	0	0	0	2148	1
24103	unclassified	0	0	0	0	666	1
24104	unclassified	0	0	0	0	891	1
24106	unclassified	0	0	0	0	375	1
24102	unclassified	0	0	0	0	921	1
24109	unclassified	0	0	0	0	255	1
24105	unclassified	0	0	0	0	1194	1
24107	unclassified	0	0	0	0	1443	1
24108	unclassified	0	0	0	0	1446	1
24111	cid|34085	34085	64	0	23	912	1
24110	unclassified	0	0	0	0	1302	1
24113	unclassified	0	0	0	0	759	1
24114	unclassified	0	0	0	0	477	1
24112	unclassified	0	0	0	0	1026	1
24118	cid|1580092	1580092	64	0	23	366	1
24117	unclassified	0	0	0	0	654	1
24116	unclassified	0	0	0	0	1389	1
24121	unclassified	0	0	0	0	252	1
24115	cid|1834196	1834196	64	64	23	1785	2
24115	cid|39152	39152	64	64	23	1785	2
24120	unclassified	0	0	0	0	1743	1
24119	unclassified	0	0	0	0	2154	1
24125	unclassified	0	0	0	0	171	1
24122	unclassified	0	0	0	0	1365	1
24123	unclassified	0	0	0	0	618	1
24127	unclassified	0	0	0	0	345	1
24124	cid|826	826	144	0	27	957	1
24130	unclassified	0	0	0	0	153	1
24128	unclassified	0	0	0	0	546	1
24126	unclassified	0	0	0	0	804	1
24131	unclassified	0	0	0	0	237	1
24133	unclassified	0	0	0	0	546	1
24134	unclassified	0	0	0	0	1038	1
24136	unclassified	0	0	0	0	444	1
24132	unclassified	0	0	0	0	1386	1
24138	unclassified	0	0	0	0	72	1
24129	NC_000008.11	9606	121	0	26	2070	1
24135	unclassified	0	0	0	0	1458	1
24140	unclassified	0	0	0	0	303	1
24137	cid|86106	86106	64	0	23	801	1
24142	unclassified	0	0	0	0	567	1
24139	cid|33045	33045	81	0	24	864	1
24143	cid|446683	446683	169	64	28	507	1
24146	unclassified	0	0	0	0	144	1
24144	cid|34020	34020	81	0	24	249	1
24141	unclassified	0	0	0	0	1026	1
24149	cid|224719	224719	64	0	23	528	1
24148	unclassified	0	0	0	0	846	1
24150	unclassified	0	0	0	0	711	1
24145	unclassified	0	0	0	0	1278	1
24152	unclassified	0	0	0	0	252	1
24153	unclassified	0	0	0	0	216	1
24151	unclassified	0	0	0	0	819	1
24147	unclassified	0	0	0	0	2127	1
24154	unclassified	0	0	0	0	672	1
24157	unclassified	0	0	0	0	420	1
24156	unclassified	0	0	0	0	1005	1
24159	unclassified	0	0	0	0	216	1
24158	unclassified	0	0	0	0	894	1
24155	unclassified	0	0	0	0	1287	1
24163	unclassified	0	0	0	0	90	1
24164	unclassified	0	0	0	0	408	1
24161	unclassified	0	0	0	0	1101	1
24162	cid|106590	106590	64	64	23	828	2
24162	cid|1315974	1315974	64	64	23	828	2
24165	unclassified	0	0	0	0	1038	1
24166	unclassified	0	0	0	0	1299	1
24167	unclassified	0	0	0	0	1428	1
24169	unclassified	0	0	0	0	297	1
24168	unclassified	0	0	0	0	792	1
24171	unclassified	0	0	0	0	456	1
24170	unclassified	0	0	0	0	1035	1
24172	unclassified	0	0	0	0	471	1
24174	cid|550	550	64	0	23	597	1
24173	unclassified	0	0	0	0	1068	1
24175	unclassified	0	0	0	0	582	1
24176	unclassified	0	0	0	0	612	1
24177	unclassified	0	0	0	0	642	1
24179	unclassified	0	0	0	0	450	1
24180	unclassified	0	0	0	0	456	1
24182	unclassified	0	0	0	0	321	1
24181	unclassified	0	0	0	0	630	1
24178	unclassified	0	0	0	0	1425	1
24184	unclassified	0	0	0	0	483	1
24183	unclassified	0	0	0	0	696	1
24187	unclassified	0	0	0	0	654	1
24185	unclassified	0	0	0	0	777	1
24188	unclassified	0	0	0	0	528	1
24186	unclassified	0	0	0	0	1287	1
24191	unclassified	0	0	0	0	327	1
24190	unclassified	0	0	0	0	486	1
24192	unclassified	0	0	0	0	654	1
24189	cid|66219	66219	81	0	24	1308	1
24195	unclassified	0	0	0	0	114	1
24193	unclassified	0	0	0	0	978	1
24196	unclassified	0	0	0	0	357	1
24198	unclassified	0	0	0	0	165	1
24197	unclassified	0	0	0	0	645	1
24199	unclassified	0	0	0	0	123	1
24194	unclassified	0	0	0	0	1521	1
24202	unclassified	0	0	0	0	147	1
24160	unclassified	0	0	0	0	7575	1
24203	unclassified	0	0	0	0	171	1
24200	unclassified	0	0	0	0	987	1
24201	cid|1853130	1853130	100	0	25	897	1
24206	unclassified	0	0	0	0	405	1
24205	unclassified	0	0	0	0	714	1
24208	unclassified	0	0	0	0	234	1
24207	unclassified	0	0	0	0	354	1
24204	unclassified	0	0	0	0	1002	1
24211	unclassified	0	0	0	0	177	1
24210	unclassified	0	0	0	0	270	1
24212	unclassified	0	0	0	0	225	1
24209	unclassified	0	0	0	0	681	1
24215	unclassified	0	0	0	0	252	1
24213	unclassified	0	0	0	0	447	1
24217	NC_000013.11	9606	64	0	23	513	1
24216	unclassified	0	0	0	0	711	1
24218	unclassified	0	0	0	0	387	1
24220	unclassified	0	0	0	0	216	1
24221	unclassified	0	0	0	0	426	1
24214	cid|35617	35617	64	64	23	1674	2
24214	cid|1168287	1168287	64	64	23	1674	2
24222	unclassified	0	0	0	0	1182	1
24219	unclassified	0	0	0	0	1557	1
24223	unclassified	0	0	0	0	807	1
24226	unclassified	0	0	0	0	186	1
24224	unclassified	0	0	0	0	1041	1
24225	unclassified	0	0	0	0	861	1
24230	unclassified	0	0	0	0	93	1
24228	unclassified	0	0	0	0	702	1
24231	unclassified	0	0	0	0	246	1
24232	unclassified	0	0	0	0	276	1
24229	unclassified	0	0	0	0	909	1
24233	unclassified	0	0	0	0	408	1
24234	unclassified	0	0	0	0	339	1
24227	unclassified	0	0	0	0	1203	1
24236	unclassified	0	0	0	0	225	1
24238	unclassified	0	0	0	0	210	1
24240	unclassified	0	0	0	0	123	1
24235	unclassified	0	0	0	0	684	1
24242	unclassified	0	0	0	0	258	1
24239	unclassified	0	0	0	0	1098	1
24237	NC_000012.12	9606	64	0	23	1419	1
24244	unclassified	0	0	0	0	468	1
24245	unclassified	0	0	0	0	459	1
24247	unclassified	0	0	0	0	96	1
24248	unclassified	0	0	0	0	165	1
24241	unclassified	0	0	0	0	1467	1
24243	unclassified	0	0	0	0	1542	1
24251	unclassified	0	0	0	0	759	1
24246	unclassified	0	0	0	0	1470	1
24250	unclassified	0	0	0	0	1077	1
24253	unclassified	0	0	0	0	819	1
24249	NC_000004.12	9606	64	0	23	1839	1
24254	cid|53953	53953	169	0	28	519	1
24252	unclassified	0	0	0	0	1128	1
24255	unclassified	0	0	0	0	321	1
24256	unclassified	0	0	0	0	333	1
24257	unclassified	0	0	0	0	480	1
24259	unclassified	0	0	0	0	306	1
24261	unclassified	0	0	0	0	333	1
24260	unclassified	0	0	0	0	864	1
24258	unclassified	0	0	0	0	1029	1
24262	unclassified	0	0	0	0	993	1
24265	unclassified	0	0	0	0	408	1
24264	cid|482564	482564	121	0	26	486	1
24267	unclassified	0	0	0	0	162	1
24266	unclassified	0	0	0	0	282	1
24269	unclassified	0	0	0	0	333	1
24270	unclassified	0	0	0	0	351	1
24268	unclassified	0	0	0	0	837	1
24272	unclassified	0	0	0	0	480	1
24273	unclassified	0	0	0	0	207	1
24275	unclassified	0	0	0	0	210	1
24263	unclassified	0	0	0	0	1674	1
24274	unclassified	0	0	0	0	492	1
24271	cid|101571	101571	169	0	28	828	1
24277	unclassified	0	0	0	0	222	1
24276	cid|413888	413888	64	0	23	357	1
24280	unclassified	0	0	0	0	306	1
24281	unclassified	0	0	0	0	447	1
24278	cid|65393	65393	64	0	23	1152	1
24282	unclassified	0	0	0	0	735	1
24279	unclassified	0	0	0	0	1476	1
24283	unclassified	0	0	0	0	1335	1
24286	unclassified	0	0	0	0	399	1
24285	unclassified	0	0	0	0	825	1
24288	unclassified	0	0	0	0	468	1
24284	unclassified	0	0	0	0	1824	1
24287	unclassified	0	0	0	0	1176	1
24292	unclassified	0	0	0	0	288	1
24291	unclassified	0	0	0	0	687	1
24293	unclassified	0	0	0	0	435	1
24289	unclassified	0	0	0	0	1443	1
24295	unclassified	0	0	0	0	759	1
24294	NC_000023.11	9606	81	0	24	1026	1
24290	unclassified	0	0	0	0	2202	1
24298	unclassified	0	0	0	0	108	1
24299	unclassified	0	0	0	0	126	1
24297	unclassified	0	0	0	0	435	1
24300	unclassified	0	0	0	0	318	1
24301	unclassified	0	0	0	0	450	1
24296	unclassified	0	0	0	0	1152	1
24305	unclassified	0	0	0	0	288	1
24304	unclassified	0	0	0	0	558	1
24307	unclassified	0	0	0	0	309	1
24303	unclassified	0	0	0	0	1269	1
24308	unclassified	0	0	0	0	168	1
24302	unclassified	0	0	0	0	1431	1
24306	unclassified	0	0	0	0	651	1
24309	unclassified	0	0	0	0	348	1
24310	unclassified	0	0	0	0	540	1
24313	unclassified	0	0	0	0	282	1
24312	unclassified	0	0	0	0	294	1
24316	unclassified	0	0	0	0	210	1
24311	unclassified	0	0	0	0	816	1
24314	unclassified	0	0	0	0	483	1
24317	unclassified	0	0	0	0	270	1
24315	unclassified	0	0	0	0	726	1
24318	cid|83984	83984	81	0	24	336	1
24319	unclassified	0	0	0	0	435	1
24320	unclassified	0	0	0	0	423	1
24321	unclassified	0	0	0	0	717	1
24322	cid|2209	2209	64	0	23	525	1
24323	unclassified	0	0	0	0	1029	1
24326	unclassified	0	0	0	0	846	1
24327	unclassified	0	0	0	0	717	1
24328	unclassified	0	0	0	0	657	1
24325	cid|999	999	64	0	23	1575	1
24330	unclassified	0	0	0	0	273	1
24331	unclassified	0	0	0	0	324	1
24333	unclassified	0	0	0	0	354	1
24324	cid|547144	547144	121	121	26	2058	4
24324	cid|547146	547146	121	121	26	2058	4
24324	cid|547143	547143	121	121	26	2058	4
24324	cid|547145	547145	121	121	26	2058	4
24332	unclassified	0	0	0	0	864	1
24329	unclassified	0	0	0	0	1680	1
24335	unclassified	0	0	0	0	528	1
24338	unclassified	0	0	0	0	105	1
24334	unclassified	0	0	0	0	1074	1
24339	unclassified	0	0	0	0	312	1
24337	cid|1646498	1646498	64	0	23	915	1
24340	unclassified	0	0	0	0	558	1
24343	unclassified	0	0	0	0	84	1
24341	unclassified	0	0	0	0	543	1
24344	unclassified	0	0	0	0	297	1
24345	unclassified	0	0	0	0	165	1
24336	unclassified	0	0	0	0	1572	1
24347	unclassified	0	0	0	0	312	1
24346	unclassified	0	0	0	0	441	1
24342	unclassified	0	0	0	0	915	1
24348	unclassified	0	0	0	0	390	1
24351	unclassified	0	0	0	0	114	1
24350	unclassified	0	0	0	0	201	1
24353	unclassified	0	0	0	0	252	1
24349	unclassified	0	0	0	0	300	1
24352	unclassified	0	0	0	0	441	1
24357	unclassified	0	0	0	0	312	1
24355	unclassified	0	0	0	0	678	1
24356	unclassified	0	0	0	0	606	1
24359	unclassified	0	0	0	0	291	1
24354	unclassified	0	0	0	0	1491	1
24360	unclassified	0	0	0	0	594	1
24358	unclassified	0	0	0	0	1188	1
24361	unclassified	0	0	0	0	696	1
24363	unclassified	0	0	0	0	189	1
24365	unclassified	0	0	0	0	144	1
24364	unclassified	0	0	0	0	156	1
24362	unclassified	0	0	0	0	450	1
24368	unclassified	0	0	0	0	303	1
24366	unclassified	0	0	0	0	432	1
24369	unclassified	0	0	0	0	435	1
24371	unclassified	0	0	0	0	339	1
24370	unclassified	0	0	0	0	573	1
24372	unclassified	0	0	0	0	486	1
24374	unclassified	0	0	0	0	444	1
24376	unclassified	0	0	0	0	426	1
24367	unclassified	0	0	0	0	1785	1
24377	unclassified	0	0	0	0	288	1
24375	unclassified	0	0	0	0	1110	1
24373	NC_000011.10	9606	81	0	24	1137	1
24381	unclassified	0	0	0	0	423	1
24379	unclassified	0	0	0	0	867	1
24380	unclassified	0	0	0	0	819	1
24383	unclassified	0	0	0	0	417	1
24382	unclassified	0	0	0	0	438	1
24384	unclassified	0	0	0	0	453	1
24378	unclassified	0	0	0	0	1854	1
24385	unclassified	0	0	0	0	606	1
24386	unclassified	0	0	0	0	726	1
24389	unclassified	0	0	0	0	363	1
24388	unclassified	0	0	0	0	852	1
24387	cid|53946	53946	64	0	23	1602	1
24391	unclassified	0	0	0	0	825	1
24393	unclassified	0	0	0	0	204	1
24395	unclassified	0	0	0	0	258	1
24394	unclassified	0	0	0	0	393	1
24392	unclassified	0	0	0	0	1155	1
24396	unclassified	0	0	0	0	378	1
24390	cid|1229909	1229909	81	0	24	1428	1
24398	unclassified	0	0	0	0	492	1
24399	unclassified	0	0	0	0	306	1
24397	unclassified	0	0	0	0	618	1
24401	unclassified	0	0	0	0	372	1
24400	unclassified	0	0	0	0	417	1
24403	unclassified	0	0	0	0	450	1
24406	unclassified	0	0	0	0	192	1
24402	unclassified	0	0	0	0	729	1
24404	unclassified	0	0	0	0	441	1
24407	unclassified	0	0	0	0	258	1
24408	unclassified	0	0	0	0	216	1
24410	unclassified	0	0	0	0	108	1
24409	unclassified	0	0	0	0	633	1
24411	unclassified	0	0	0	0	612	1
24414	unclassified	0	0	0	0	252	1
24415	unclassified	0	0	0	0	189	1
24412	unclassified	0	0	0	0	990	1
24405	unclassified	0	0	0	0	1353	1
24413	unclassified	0	0	0	0	1038	1
24417	unclassified	0	0	0	0	543	1
24418	unclassified	0	0	0	0	447	1
24419	unclassified	0	0	0	0	459	1
24421	unclassified	0	0	0	0	369	1
24416	unclassified	0	0	0	0	1218	1
24422	unclassified	0	0	0	0	288	1
24425	unclassified	0	0	0	0	261	1
24423	unclassified	0	0	0	0	405	1
24420	unclassified	0	0	0	0	1155	1
24426	unclassified	0	0	0	0	435	1
24429	unclassified	0	0	0	0	246	1
24427	unclassified	0	0	0	0	561	1
24428	unclassified	0	0	0	0	774	1
24430	unclassified	0	0	0	0	333	1
24431	unclassified	0	0	0	0	303	1
24433	unclassified	0	0	0	0	180	1
24424	NC_000003.12	9606	100	0	25	1938	1
24434	unclassified	0	0	0	0	564	1
24437	unclassified	0	0	0	0	162	1
24432	unclassified	0	0	0	0	1032	1
24436	unclassified	0	0	0	0	636	1
24435	unclassified	0	0	0	0	1131	1
24440	unclassified	0	0	0	0	204	1
24438	unclassified	0	0	0	0	438	1
24442	unclassified	0	0	0	0	387	1
24441	unclassified	0	0	0	0	510	1
24444	unclassified	0	0	0	0	225	1
24443	unclassified	0	0	0	0	510	1
24439	unclassified	0	0	0	0	1161	1
24447	unclassified	0	0	0	0	72	1
24446	unclassified	0	0	0	0	351	1
24450	unclassified	0	0	0	0	225	1
24451	unclassified	0	0	0	0	141	1
24449	unclassified	0	0	0	0	438	1
24445	unclassified	0	0	0	0	1152	1
24454	unclassified	0	0	0	0	846	1
24452	unclassified	0	0	0	0	1101	1
24448	unclassified	0	0	0	0	1656	1
24456	unclassified	0	0	0	0	273	1
24457	unclassified	0	0	0	0	540	1
24458	unclassified	0	0	0	0	318	1
24453	cid|246432	246432	64	0	23	1311	1
24461	unclassified	0	0	0	0	207	1
24459	unclassified	0	0	0	0	396	1
24455	cid|1229909	1229909	121	100	26	1110	1
24462	unclassified	0	0	0	0	243	1
24460	unclassified	0	0	0	0	915	1
24465	unclassified	0	0	0	0	354	1
24463	unclassified	0	0	0	0	819	1
24467	unclassified	0	0	0	0	234	1
24464	unclassified	0	0	0	0	864	1
24466	unclassified	0	0	0	0	564	1
24470	unclassified	0	0	0	0	168	1
24472	unclassified	0	0	0	0	426	1
24468	unclassified	0	0	0	0	1143	1
24469	unclassified	0	0	0	0	873	1
24471	unclassified	0	0	0	0	1203	1
24474	unclassified	0	0	0	0	360	1
24475	unclassified	0	0	0	0	375	1
24473	unclassified	0	0	0	0	1182	1
24478	NC_000015.10	9606	81	0	24	333	1
24476	unclassified	0	0	0	0	768	1
24479	unclassified	0	0	0	0	528	1
24481	unclassified	0	0	0	0	315	1
24483	unclassified	0	0	0	0	252	1
24482	unclassified	0	0	0	0	294	1
24484	unclassified	0	0	0	0	156	1
24477	cid|28901	28901	144	0	27	1434	1
24485	unclassified	0	0	0	0	213	1
24486	unclassified	0	0	0	0	270	1
24487	unclassified	0	0	0	0	276	1
24480	unclassified	0	0	0	0	1023	1
24491	unclassified	0	0	0	0	372	1
24490	unclassified	0	0	0	0	876	1
24489	unclassified	0	0	0	0	1197	1
24493	unclassified	0	0	0	0	504	1
24494	unclassified	0	0	0	0	339	1
24495	unclassified	0	0	0	0	285	1
24492	unclassified	0	0	0	0	1008	1
24488	cid|673862	673862	81	0	24	2181	1
24497	unclassified	0	0	0	0	921	1
24496	unclassified	0	0	0	0	1203	1
24498	unclassified	0	0	0	0	945	1
24501	unclassified	0	0	0	0	330	1
24503	unclassified	0	0	0	0	177	1
24500	unclassified	0	0	0	0	705	1
24499	unclassified	0	0	0	0	1368	1
24502	unclassified	0	0	0	0	474	1
24504	unclassified	0	0	0	0	369	1
24506	unclassified	0	0	0	0	255	1
24505	unclassified	0	0	0	0	699	1
24508	unclassified	0	0	0	0	633	1
24507	unclassified	0	0	0	0	675	1
24510	unclassified	0	0	0	0	297	1
24509	NC_000012.12	9606	81	0	24	1107	1
24511	unclassified	0	0	0	0	855	1
24513	unclassified	0	0	0	0	900	1
24514	unclassified	0	0	0	0	471	1
24517	unclassified	0	0	0	0	315	1
24516	unclassified	0	0	0	0	585	1
24518	unclassified	0	0	0	0	207	1
24515	unclassified	0	0	0	0	939	1
24512	unclassified	0	0	0	0	1410	1
24522	unclassified	0	0	0	0	162	1
24523	unclassified	0	0	0	0	264	1
24519	unclassified	0	0	0	0	921	1
24521	unclassified	0	0	0	0	723	1
24520	unclassified	0	0	0	0	927	1
24525	unclassified	0	0	0	0	648	1
24526	unclassified	0	0	0	0	684	1
24527	unclassified	0	0	0	0	867	1
24529	unclassified	0	0	0	0	225	1
24524	unclassified	0	0	0	0	939	1
24530	unclassified	0	0	0	0	774	1
24528	cid|34021	34021	81	0	24	1338	1
24531	unclassified	0	0	0	0	1578	1
24532	unclassified	0	0	0	0	1440	1
24535	unclassified	0	0	0	0	312	1
24537	unclassified	0	0	0	0	174	1
24534	unclassified	0	0	0	0	792	1
24538	unclassified	0	0	0	0	294	1
24539	unclassified	0	0	0	0	264	1
24536	unclassified	0	0	0	0	897	1
24541	unclassified	0	0	0	0	408	1
24533	unclassified	0	0	0	0	2832	1
24542	unclassified	0	0	0	0	570	1
24543	unclassified	0	0	0	0	723	1
24544	unclassified	0	0	0	0	153	1
24540	NC_000001.11	9606	64	0	23	1206	1
24545	unclassified	0	0	0	0	249	1
24548	unclassified	0	0	0	0	231	1
24547	unclassified	0	0	0	0	264	1
24549	unclassified	0	0	0	0	432	1
24551	unclassified	0	0	0	0	444	1
24552	unclassified	0	0	0	0	261	1
24546	cid|1164	1164	64	0	23	1263	1
24550	unclassified	0	0	0	0	897	1
24553	unclassified	0	0	0	0	843	1
24556	unclassified	0	0	0	0	765	1
24555	unclassified	0	0	0	0	777	1
24554	unclassified	0	0	0	0	912	1
24559	unclassified	0	0	0	0	195	1
24561	unclassified	0	0	0	0	99	1
24557	unclassified	0	0	0	0	867	1
24560	unclassified	0	0	0	0	393	1
24563	unclassified	0	0	0	0	189	1
24562	unclassified	0	0	0	0	348	1
24564	unclassified	0	0	0	0	183	1
24558	unclassified	0	0	0	0	900	1
24566	unclassified	0	0	0	0	264	1
24568	unclassified	0	0	0	0	315	1
24567	unclassified	0	0	0	0	480	1
24569	unclassified	0	0	0	0	606	1
24565	unclassified	0	0	0	0	954	1
24571	unclassified	0	0	0	0	225	1
24572	unclassified	0	0	0	0	234	1
24575	unclassified	0	0	0	0	150	1
24570	unclassified	0	0	0	0	1131	1
24576	unclassified	0	0	0	0	456	1
24578	unclassified	0	0	0	0	102	1
24573	unclassified	0	0	0	0	1035	1
24574	unclassified	0	0	0	0	867	1
24577	unclassified	0	0	0	0	372	1
24582	unclassified	0	0	0	0	99	1
24579	unclassified	0	0	0	0	381	1
24580	unclassified	0	0	0	0	270	1
24581	unclassified	0	0	0	0	336	1
24584	unclassified	0	0	0	0	375	1
24583	unclassified	0	0	0	0	468	1
24587	unclassified	0	0	0	0	228	1
24586	unclassified	0	0	0	0	504	1
24585	unclassified	0	0	0	0	960	1
24589	cid|1076	1076	64	0	23	294	1
24588	unclassified	0	0	0	0	621	1
24590	unclassified	0	0	0	0	177	1
24592	unclassified	0	0	0	0	471	1
24591	unclassified	0	0	0	0	786	1
24594	unclassified	0	0	0	0	474	1
24596	unclassified	0	0	0	0	84	1
24595	unclassified	0	0	0	0	309	1
24597	unclassified	0	0	0	0	369	1
24598	unclassified	0	0	0	0	759	1
24593	unclassified	0	0	0	0	1653	1
24600	unclassified	0	0	0	0	498	1
24601	unclassified	0	0	0	0	300	1
24603	unclassified	0	0	0	0	231	1
24604	unclassified	0	0	0	0	282	1
24602	unclassified	0	0	0	0	654	1
24599	unclassified	0	0	0	0	1815	1
24607	unclassified	0	0	0	0	681	1
24608	unclassified	0	0	0	0	435	1
24605	cid|693075	693075	64	0	23	867	1
24610	unclassified	0	0	0	0	210	1
24611	unclassified	0	0	0	0	144	1
24606	unclassified	0	0	0	0	1209	1
24609	unclassified	0	0	0	0	438	1
24613	unclassified	0	0	0	0	126	1
24612	unclassified	0	0	0	0	234	1
24616	unclassified	0	0	0	0	318	1
24615	unclassified	0	0	0	0	522	1
24614	unclassified	0	0	0	0	552	1
24620	unclassified	0	0	0	0	222	1
24621	unclassified	0	0	0	0	216	1
24619	unclassified	0	0	0	0	651	1
24618	unclassified	0	0	0	0	978	1
24623	unclassified	0	0	0	0	966	1
24624	unclassified	0	0	0	0	540	1
24622	unclassified	0	0	0	0	1440	1
24617	cid|42443	42443	64	0	23	2232	1
24625	unclassified	0	0	0	0	519	1
24627	unclassified	0	0	0	0	399	1
24628	unclassified	0	0	0	0	783	1
24626	unclassified	0	0	0	0	1257	1
24629	unclassified	0	0	0	0	870	1
24630	unclassified	0	0	0	0	798	1
24631	unclassified	0	0	0	0	216	1
24634	unclassified	0	0	0	0	258	1
24633	cid|34105	34105	81	0	24	216	1
24635	unclassified	0	0	0	0	309	1
24632	unclassified	0	0	0	0	468	1
24636	unclassified	0	0	0	0	252	1
24638	unclassified	0	0	0	0	573	1
24641	unclassified	0	0	0	0	132	1
24642	unclassified	0	0	0	0	270	1
24640	unclassified	0	0	0	0	870	1
24639	unclassified	0	0	0	0	981	1
24643	unclassified	0	0	0	0	156	1
24645	unclassified	0	0	0	0	132	1
24646	unclassified	0	0	0	0	189	1
24637	unclassified	0	0	0	0	1380	1
24647	unclassified	0	0	0	0	327	1
24649	unclassified	0	0	0	0	264	1
24644	unclassified	0	0	0	0	672	1
24648	unclassified	0	0	0	0	405	1
24650	unclassified	0	0	0	0	225	1
24651	unclassified	0	0	0	0	210	1
24652	cid|1548	1548	169	81	28	297	1
24656	unclassified	0	0	0	0	378	1
24657	unclassified	0	0	0	0	339	1
24654	unclassified	0	0	0	0	1371	1
24659	unclassified	0	0	0	0	141	1
24658	unclassified	0	0	0	0	639	1
24655	unclassified	0	0	0	0	1809	1
24661	unclassified	0	0	0	0	540	1
24662	unclassified	0	0	0	0	339	1
24663	unclassified	0	0	0	0	156	1
24665	unclassified	0	0	0	0	204	1
24664	unclassified	0	0	0	0	339	1
24666	unclassified	0	0	0	0	249	1
24660	unclassified	0	0	0	0	1467	1
24668	unclassified	0	0	0	0	906	1
24667	unclassified	0	0	0	0	1146	1
24653	unclassified	0	0	0	0	3933	1
24670	unclassified	0	0	0	0	480	1
24671	unclassified	0	0	0	0	537	1
24672	unclassified	0	0	0	0	336	1
24673	unclassified	0	0	0	0	183	1
24674	unclassified	0	0	0	0	327	1
24669	unclassified	0	0	0	0	1305	1
24676	unclassified	0	0	0	0	435	1
24677	unclassified	0	0	0	0	405	1
24675	unclassified	0	0	0	0	768	1
24679	unclassified	0	0	0	0	390	1
24680	unclassified	0	0	0	0	204	1
24678	unclassified	0	0	0	0	651	1
24681	unclassified	0	0	0	0	222	1
24684	unclassified	0	0	0	0	207	1
24683	unclassified	0	0	0	0	336	1
24686	unclassified	0	0	0	0	147	1
24685	unclassified	0	0	0	0	318	1
24687	unclassified	0	0	0	0	378	1
24682	unclassified	0	0	0	0	810	1
24688	unclassified	0	0	0	0	444	1
24690	unclassified	0	0	0	0	249	1
24692	unclassified	0	0	0	0	246	1
24694	unclassified	0	0	0	0	249	1
24693	unclassified	0	0	0	0	588	1
24691	unclassified	0	0	0	0	849	1
24689	unclassified	0	0	0	0	1389	1
24698	unclassified	0	0	0	0	306	1
24696	unclassified	0	0	0	0	1026	1
24697	unclassified	0	0	0	0	1005	1
24701	unclassified	0	0	0	0	258	1
24695	cid|28232	28232	144	0	27	1515	1
24700	unclassified	0	0	0	0	678	1
24699	unclassified	0	0	0	0	1134	1
24705	unclassified	0	0	0	0	168	1
24703	unclassified	0	0	0	0	537	1
24704	unclassified	0	0	0	0	390	1
24706	unclassified	0	0	0	0	477	1
24702	unclassified	0	0	0	0	1137	1
24709	unclassified	0	0	0	0	180	1
24711	unclassified	0	0	0	0	300	1
24708	unclassified	0	0	0	0	816	1
24707	unclassified	0	0	0	0	1035	1
24712	unclassified	0	0	0	0	285	1
24715	unclassified	0	0	0	0	147	1
24710	cid|562	562	100	0	25	783	1
24716	unclassified	0	0	0	0	267	1
24714	unclassified	0	0	0	0	534	1
24717	unclassified	0	0	0	0	351	1
24713	unclassified	0	0	0	0	879	1
24721	unclassified	0	0	0	0	222	1
24719	unclassified	0	0	0	0	585	1
24718	unclassified	0	0	0	0	1053	1
24720	unclassified	0	0	0	0	1050	1
24723	unclassified	0	0	0	0	969	1
24722	unclassified	0	0	0	0	1080	1
24726	unclassified	0	0	0	0	285	1
24725	cid|29388	29388	100	0	25	1065	1
24724	unclassified	0	0	0	0	1296	1
24730	NC_000001.11	9606	100	100	25	225	2
24730	NC_000007.14	9606	100	100	25	225	2
24731	unclassified	0	0	0	0	426	1
24732	unclassified	0	0	0	0	177	1
24728	unclassified	0	0	0	0	1425	1
24727	NC_000011.10	9606	64	0	23	1479	1
24729	unclassified	0	0	0	0	1281	1
24733	unclassified	0	0	0	0	255	1
24737	unclassified	0	0	0	0	252	1
24735	unclassified	0	0	0	0	450	1
24734	unclassified	0	0	0	0	660	1
24739	unclassified	0	0	0	0	237	1
24736	unclassified	0	0	0	0	585	1
24742	unclassified	0	0	0	0	414	1
24741	NC_000012.12	9606	64	0	23	558	1
24738	unclassified	0	0	0	0	1065	1
24744	cid|188932	188932	64	0	23	210	1
24743	unclassified	0	0	0	0	423	1
24745	unclassified	0	0	0	0	156	1
24748	unclassified	0	0	0	0	354	1
24747	unclassified	0	0	0	0	453	1
24746	unclassified	0	0	0	0	642	1
24749	unclassified	0	0	0	0	465	1
24751	cid|1173027	1173027	64	0	23	381	1
24753	unclassified	0	0	0	0	192	1
24752	unclassified	0	0	0	0	378	1
24740	cid|312279	312279	64	0	23	2220	1
24750	unclassified	0	0	0	0	960	1
24755	unclassified	0	0	0	0	297	1
24754	unclassified	0	0	0	0	615	1
24756	unclassified	0	0	0	0	864	1
24758	unclassified	0	0	0	0	714	1
24761	unclassified	0	0	0	0	330	1
24760	unclassified	0	0	0	0	438	1
24762	unclassified	0	0	0	0	210	1
24759	unclassified	0	0	0	0	1077	1
24763	unclassified	0	0	0	0	438	1
24764	unclassified	0	0	0	0	312	1
24766	unclassified	0	0	0	0	144	1
24768	unclassified	0	0	0	0	111	1
24765	unclassified	0	0	0	0	369	1
24770	unclassified	0	0	0	0	243	1
24767	unclassified	0	0	0	0	555	1
24757	unclassified	0	0	0	0	2292	1
24771	unclassified	0	0	0	0	537	1
24772	unclassified	0	0	0	0	621	1
24769	unclassified	0	0	0	0	1092	1
24774	unclassified	0	0	0	0	345	1
24777	unclassified	0	0	0	0	195	1
24775	unclassified	0	0	0	0	342	1
24778	unclassified	0	0	0	0	198	1
24776	unclassified	0	0	0	0	489	1
24779	unclassified	0	0	0	0	249	1
24773	unclassified	0	0	0	0	1191	1
24780	unclassified	0	0	0	0	144	1
24781	unclassified	0	0	0	0	102	1
24782	unclassified	0	0	0	0	378	1
24783	unclassified	0	0	0	0	519	1
24784	unclassified	0	0	0	0	510	1
24786	unclassified	0	0	0	0	405	1
24788	unclassified	0	0	0	0	222	1
24789	unclassified	0	0	0	0	330	1
24790	unclassified	0	0	0	0	579	1
24791	unclassified	0	0	0	0	357	1
24793	unclassified	0	0	0	0	462	1
24787	unclassified	0	0	0	0	1410	1
24794	unclassified	0	0	0	0	192	1
24795	unclassified	0	0	0	0	330	1
24785	cid|57029	57029	256	0	31	2334	1
24792	cid|1165	1165	144	0	27	1038	1
24796	unclassified	0	0	0	0	414	1
24798	unclassified	0	0	0	0	270	1
24800	unclassified	0	0	0	0	432	1
24801	unclassified	0	0	0	0	258	1
24797	unclassified	0	0	0	0	765	1
24799	unclassified	0	0	0	0	639	1
24803	unclassified	0	0	0	0	201	1
24802	unclassified	0	0	0	0	333	1
24805	unclassified	0	0	0	0	180	1
24808	unclassified	0	0	0	0	276	1
24806	unclassified	0	0	0	0	927	1
24804	unclassified	0	0	0	0	1089	1
24809	unclassified	0	0	0	0	612	1
24812	unclassified	0	0	0	0	753	1
24810	unclassified	0	0	0	0	972	1
24811	unclassified	0	0	0	0	948	1
24807	NC_000001.11	9606	81	0	24	1797	1
24814	unclassified	0	0	0	0	219	1
24816	unclassified	0	0	0	0	168	1
24818	unclassified	0	0	0	0	276	1
24813	unclassified	0	0	0	0	807	1
24820	unclassified	0	0	0	0	420	1
24819	unclassified	0	0	0	0	669	1
24815	unclassified	0	0	0	0	1326	1
24822	unclassified	0	0	0	0	381	1
24821	unclassified	0	0	0	0	537	1
24823	unclassified	0	0	0	0	609	1
24817	cid|1410606	1410606	698	0	66	1752	1
24824	unclassified	0	0	0	0	639	1
24827	unclassified	0	0	0	0	354	1
24825	unclassified	0	0	0	0	1107	1
24826	unclassified	0	0	0	0	996	1
24829	unclassified	0	0	0	0	549	1
24831	unclassified	0	0	0	0	249	1
24833	unclassified	0	0	0	0	132	1
24830	unclassified	0	0	0	0	825	1
24834	unclassified	0	0	0	0	510	1
24835	unclassified	0	0	0	0	504	1
24828	unclassified	0	0	0	0	1866	1
24836	unclassified	0	0	0	0	423	1
24838	unclassified	0	0	0	0	114	1
24837	unclassified	0	0	0	0	348	1
24841	unclassified	0	0	0	0	162	1
24842	unclassified	0	0	0	0	114	1
24839	unclassified	0	0	0	0	636	1
24832	cid|1316941	1316941	64	64	23	1725	2
24832	cid|1410606	1410606	64	64	23	1725	2
24840	unclassified	0	0	0	0	645	1
24846	unclassified	0	0	0	0	267	1
24844	unclassified	0	0	0	0	594	1
24843	unclassified	0	0	0	0	717	1
24848	unclassified	0	0	0	0	255	1
24845	unclassified	0	0	0	0	1113	1
24851	unclassified	0	0	0	0	174	1
24847	unclassified	0	0	0	0	927	1
24850	unclassified	0	0	0	0	666	1
24852	unclassified	0	0	0	0	249	1
24853	cid|35814	35814	121	0	26	285	1
24849	unclassified	0	0	0	0	1089	1
24856	unclassified	0	0	0	0	183	1
24857	unclassified	0	0	0	0	153	1
24855	unclassified	0	0	0	0	384	1
24854	unclassified	0	0	0	0	570	1
24859	unclassified	0	0	0	0	213	1
24860	unclassified	0	0	0	0	336	1
24861	unclassified	0	0	0	0	606	1
24864	unclassified	0	0	0	0	156	1
24863	unclassified	0	0	0	0	891	1
24865	unclassified	0	0	0	0	441	1
24862	unclassified	0	0	0	0	1251	1
24858	unclassified	0	0	0	0	1575	1
24869	unclassified	0	0	0	0	369	1
24867	unclassified	0	0	0	0	756	1
24870	unclassified	0	0	0	0	375	1
24868	NC_000003.12	9606	64	0	23	921	1
24871	unclassified	0	0	0	0	348	1
24866	unclassified	0	0	0	0	1317	1
24873	unclassified	0	0	0	0	408	1
24875	unclassified	0	0	0	0	387	1
24872	unclassified	0	0	0	0	786	1
24876	unclassified	0	0	0	0	204	1
24874	unclassified	0	0	0	0	636	1
24877	unclassified	0	0	0	0	345	1
24879	unclassified	0	0	0	0	378	1
24881	unclassified	0	0	0	0	189	1
24878	unclassified	0	0	0	0	600	1
24882	unclassified	0	0	0	0	324	1
24883	unclassified	0	0	0	0	396	1
24880	unclassified	0	0	0	0	921	1
24884	unclassified	0	0	0	0	717	1
24887	unclassified	0	0	0	0	405	1
24888	unclassified	0	0	0	0	93	1
24890	unclassified	0	0	0	0	219	1
24891	unclassified	0	0	0	0	159	1
24889	unclassified	0	0	0	0	393	1
24892	unclassified	0	0	0	0	90	1
24885	unclassified	0	0	0	0	1227	1
24894	unclassified	0	0	0	0	237	1
24893	unclassified	0	0	0	0	408	1
24886	unclassified	0	0	0	0	1566	1
24896	unclassified	0	0	0	0	588	1
24897	unclassified	0	0	0	0	756	1
24899	unclassified	0	0	0	0	498	1
24895	unclassified	0	0	0	0	1206	1
24901	unclassified	0	0	0	0	207	1
24898	unclassified	0	0	0	0	996	1
24902	unclassified	0	0	0	0	270	1
24900	unclassified	0	0	0	0	741	1
24903	unclassified	0	0	0	0	381	1
24904	unclassified	0	0	0	0	648	1
24905	unclassified	0	0	0	0	720	1
24906	unclassified	0	0	0	0	525	1
24907	unclassified	0	0	0	0	576	1
24910	unclassified	0	0	0	0	408	1
24909	unclassified	0	0	0	0	492	1
24911	unclassified	0	0	0	0	546	1
24914	unclassified	0	0	0	0	276	1
24912	unclassified	0	0	0	0	579	1
24913	unclassified	0	0	0	0	945	1
24917	unclassified	0	0	0	0	207	1
24915	unclassified	0	0	0	0	948	1
24916	unclassified	0	0	0	0	1002	1
24919	unclassified	0	0	0	0	186	1
24918	unclassified	0	0	0	0	504	1
24908	NC_000015.10	9606	64	0	23	2463	1
24921	unclassified	0	0	0	0	354	1
24920	unclassified	0	0	0	0	561	1
24922	unclassified	0	0	0	0	438	1
24923	unclassified	0	0	0	0	339	1
24924	unclassified	0	0	0	0	225	1
24927	unclassified	0	0	0	0	225	1
24926	unclassified	0	0	0	0	321	1
24930	unclassified	0	0	0	0	138	1
24929	unclassified	0	0	0	0	234	1
24928	unclassified	0	0	0	0	492	1
24931	unclassified	0	0	0	0	252	1
24925	unclassified	0	0	0	0	774	1
24934	unclassified	0	0	0	0	192	1
24933	unclassified	0	0	0	0	435	1
24936	unclassified	0	0	0	0	303	1
24935	unclassified	0	0	0	0	417	1
24937	unclassified	0	0	0	0	273	1
24932	unclassified	0	0	0	0	1017	1
24940	unclassified	0	0	0	0	255	1
24938	unclassified	0	0	0	0	432	1
24943	unclassified	0	0	0	0	162	1
24941	unclassified	0	0	0	0	321	1
24942	unclassified	0	0	0	0	366	1
24939	unclassified	0	0	0	0	693	1
24944	unclassified	0	0	0	0	180	1
24948	unclassified	0	0	0	0	246	1
24946	unclassified	0	0	0	0	330	1
24945	unclassified	0	0	0	0	402	1
24949	unclassified	0	0	0	0	123	1
24950	unclassified	0	0	0	0	195	1
24952	unclassified	0	0	0	0	318	1
24954	unclassified	0	0	0	0	786	1
24951	unclassified	0	0	0	0	1362	1
24953	unclassified	0	0	0	0	1188	1
24955	unclassified	0	0	0	0	165	1
24957	unclassified	0	0	0	0	198	1
24958	unclassified	0	0	0	0	435	1
24956	unclassified	0	0	0	0	618	1
24947	unclassified	0	0	0	0	2541	1
24959	unclassified	0	0	0	0	789	1
24961	unclassified	0	0	0	0	447	1
24963	unclassified	0	0	0	0	423	1
24960	unclassified	0	0	0	0	1125	1
24962	unclassified	0	0	0	0	837	1
24967	unclassified	0	0	0	0	243	1
24966	unclassified	0	0	0	0	339	1
24964	unclassified	0	0	0	0	975	1
24968	unclassified	0	0	0	0	966	1
24969	unclassified	0	0	0	0	945	1
24965	unclassified	0	0	0	0	1542	1
24971	unclassified	0	0	0	0	213	1
24972	unclassified	0	0	0	0	330	1
24974	unclassified	0	0	0	0	330	1
24970	unclassified	0	0	0	0	1395	1
24975	unclassified	0	0	0	0	228	1
24976	unclassified	0	0	0	0	273	1
24978	unclassified	0	0	0	0	756	1
24973	cid|1306519	1306519	64	0	23	1419	1
24980	unclassified	0	0	0	0	183	1
24982	unclassified	0	0	0	0	303	1
24979	unclassified	0	0	0	0	1101	1
24977	cid|40577	40577	64	0	23	1341	1
24985	unclassified	0	0	0	0	276	1
24984	unclassified	0	0	0	0	504	1
24986	unclassified	0	0	0	0	225	1
24981	unclassified	0	0	0	0	1053	1
24988	unclassified	0	0	0	0	132	1
24990	unclassified	0	0	0	0	162	1
24987	unclassified	0	0	0	0	657	1
24983	unclassified	0	0	0	0	1200	1
24991	unclassified	0	0	0	0	342	1
24992	unclassified	0	0	0	0	291	1
24993	unclassified	0	0	0	0	417	1
24994	unclassified	0	0	0	0	501	1
24989	unclassified	0	0	0	0	1014	1
24996	unclassified	0	0	0	0	510	1
24998	unclassified	0	0	0	0	747	1
24999	unclassified	0	0	0	0	450	1
24995	unclassified	0	0	0	0	1170	1
25000	unclassified	0	0	0	0	183	1
25003	unclassified	0	0	0	0	189	1
25002	unclassified	0	0	0	0	279	1
24997	unclassified	0	0	0	0	1203	1
25001	unclassified	0	0	0	0	381	1
25006	unclassified	0	0	0	0	270	1
25005	unclassified	0	0	0	0	417	1
25007	cid|669	669	81	0	24	603	1
25009	unclassified	0	0	0	0	351	1
25008	unclassified	0	0	0	0	474	1
25011	unclassified	0	0	0	0	348	1
25004	unclassified	0	0	0	0	1404	1
25010	unclassified	0	0	0	0	852	1
25015	unclassified	0	0	0	0	504	1
25013	unclassified	0	0	0	0	1059	1
25012	unclassified	0	0	0	0	1482	1
25014	unclassified	0	0	0	0	1263	1
25018	unclassified	0	0	0	0	654	1
25019	unclassified	0	0	0	0	321	1
25021	unclassified	0	0	0	0	93	1
25017	unclassified	0	0	0	0	918	1
25016	unclassified	0	0	0	0	966	1
25024	unclassified	0	0	0	0	120	1
25023	unclassified	0	0	0	0	417	1
25025	unclassified	0	0	0	0	330	1
25020	unclassified	0	0	0	0	1068	1
25026	unclassified	0	0	0	0	627	1
25027	unclassified	0	0	0	0	654	1
25022	unclassified	0	0	0	0	1143	1
25030	unclassified	0	0	0	0	132	1
25029	unclassified	0	0	0	0	438	1
25032	unclassified	0	0	0	0	609	1
25033	unclassified	0	0	0	0	393	1
25035	unclassified	0	0	0	0	228	1
25034	unclassified	0	0	0	0	273	1
25031	unclassified	0	0	0	0	1071	1
25028	unclassified	0	0	0	0	1269	1
25036	unclassified	0	0	0	0	291	1
25040	unclassified	0	0	0	0	138	1
25039	unclassified	0	0	0	0	507	1
25042	unclassified	0	0	0	0	210	1
25038	unclassified	0	0	0	0	795	1
25044	unclassified	0	0	0	0	153	1
25037	unclassified	0	0	0	0	1128	1
25041	unclassified	0	0	0	0	828	1
25047	unclassified	0	0	0	0	141	1
25048	unclassified	0	0	0	0	183	1
25043	unclassified	0	0	0	0	810	1
25050	unclassified	0	0	0	0	594	1
25049	unclassified	0	0	0	0	963	1
25051	unclassified	0	0	0	0	138	1
25045	unclassified	0	0	0	0	1350	1
25052	unclassified	0	0	0	0	144	1
25054	unclassified	0	0	0	0	177	1
25053	unclassified	0	0	0	0	204	1
25046	unclassified	0	0	0	0	1644	1
25056	unclassified	0	0	0	0	237	1
25055	unclassified	0	0	0	0	417	1
25060	unclassified	0	0	0	0	165	1
25058	unclassified	0	0	0	0	354	1
25059	unclassified	0	0	0	0	465	1
25062	unclassified	0	0	0	0	276	1
25061	unclassified	0	0	0	0	588	1
25064	unclassified	0	0	0	0	630	1
25057	cid|1763538	1763538	144	64	27	1236	1
25065	unclassified	0	0	0	0	609	1
25066	unclassified	0	0	0	0	261	1
25067	unclassified	0	0	0	0	462	1
25070	unclassified	0	0	0	0	102	1
25068	unclassified	0	0	0	0	327	1
25072	unclassified	0	0	0	0	315	1
25071	unclassified	0	0	0	0	363	1
25063	unclassified	0	0	0	0	2049	1
25074	unclassified	0	0	0	0	420	1
25073	NC_000008.11	9606	100	0	25	498	1
25075	unclassified	0	0	0	0	420	1
25076	unclassified	0	0	0	0	522	1
25078	unclassified	0	0	0	0	165	1
25079	unclassified	0	0	0	0	336	1
25077	unclassified	0	0	0	0	798	1
25080	unclassified	0	0	0	0	393	1
25083	unclassified	0	0	0	0	171	1
25082	unclassified	0	0	0	0	201	1
25084	unclassified	0	0	0	0	213	1
25085	unclassified	0	0	0	0	408	1
25086	unclassified	0	0	0	0	342	1
25087	unclassified	0	0	0	0	204	1
25069	NC_000003.12	9606	64	0	23	2721	1
25088	unclassified	0	0	0	0	204	1
25091	unclassified	0	0	0	0	267	1
25081	unclassified	0	0	0	0	1521	1
25089	unclassified	0	0	0	0	654	1
25090	NC_000024.10	9606	64	64	23	612	2
25090	NC_000023.11	9606	64	64	23	612	2
25092	unclassified	0	0	0	0	378	1
25093	unclassified	0	0	0	0	168	1
25096	unclassified	0	0	0	0	195	1
25097	unclassified	0	0	0	0	801	1
25098	unclassified	0	0	0	0	831	1
25099	unclassified	0	0	0	0	267	1
25094	unclassified	0	0	0	0	1419	1
25095	unclassified	0	0	0	0	1371	1
25103	unclassified	0	0	0	0	351	1
25101	unclassified	0	0	0	0	633	1
25102	unclassified	0	0	0	0	492	1
25104	unclassified	0	0	0	0	249	1
25105	unclassified	0	0	0	0	405	1
25106	unclassified	0	0	0	0	273	1
25108	unclassified	0	0	0	0	288	1
25107	unclassified	0	0	0	0	450	1
25100	unclassified	0	0	0	0	1401	1
25109	unclassified	0	0	0	0	489	1
25110	unclassified	0	0	0	0	318	1
25114	unclassified	0	0	0	0	153	1
25113	cid|497965	497965	64	0	23	555	1
25115	unclassified	0	0	0	0	273	1
25112	unclassified	0	0	0	0	720	1
25116	unclassified	0	0	0	0	306	1
25118	unclassified	0	0	0	0	270	1
25119	unclassified	0	0	0	0	264	1
25117	unclassified	0	0	0	0	615	1
25120	unclassified	0	0	0	0	402	1
25122	unclassified	0	0	0	0	162	1
25111	unclassified	0	0	0	0	1656	1
25121	unclassified	0	0	0	0	615	1
25124	unclassified	0	0	0	0	489	1
25126	unclassified	0	0	0	0	756	1
25127	unclassified	0	0	0	0	735	1
25123	cid|738	738	81	0	24	1296	1
25125	unclassified	0	0	0	0	1266	1
25128	unclassified	0	0	0	0	522	1
25131	unclassified	0	0	0	0	213	1
25132	unclassified	0	0	0	0	210	1
25129	unclassified	0	0	0	0	618	1
25130	unclassified	0	0	0	0	678	1
25134	unclassified	0	0	0	0	183	1
25133	unclassified	0	0	0	0	264	1
25135	unclassified	0	0	0	0	318	1
25137	unclassified	0	0	0	0	387	1
25138	unclassified	0	0	0	0	369	1
25139	unclassified	0	0	0	0	246	1
25136	unclassified	0	0	0	0	501	1
25140	unclassified	0	0	0	0	183	1
25142	unclassified	0	0	0	0	276	1
25143	unclassified	0	0	0	0	363	1
25141	unclassified	0	0	0	0	450	1
25144	unclassified	0	0	0	0	429	1
25145	unclassified	0	0	0	0	390	1
25149	unclassified	0	0	0	0	204	1
25148	unclassified	0	0	0	0	474	1
25146	unclassified	0	0	0	0	759	1
25150	unclassified	0	0	0	0	249	1
25151	unclassified	0	0	0	0	246	1
25147	unclassified	0	0	0	0	873	1
25152	unclassified	0	0	0	0	438	1
25154	unclassified	0	0	0	0	315	1
25155	unclassified	0	0	0	0	339	1
25156	unclassified	0	0	0	0	117	1
25159	unclassified	0	0	0	0	159	1
25157	unclassified	0	0	0	0	420	1
25160	cid|1284	1284	64	0	23	243	1
25153	cid|1352	1352	64	64	23	960	2
25153	cid|150829	150829	64	64	23	960	2
25158	cid|129958	129958	64	0	23	636	1
25161	unclassified	0	0	0	0	450	1
25163	unclassified	0	0	0	0	333	1
25165	unclassified	0	0	0	0	126	1
25162	unclassified	0	0	0	0	486	1
25166	unclassified	0	0	0	0	174	1
25169	cid|392734	392734	81	0	24	174	1
25164	unclassified	0	0	0	0	765	1
25170	unclassified	0	0	0	0	261	1
25168	unclassified	0	0	0	0	747	1
25171	unclassified	0	0	0	0	198	1
25167	unclassified	0	0	0	0	930	1
25174	unclassified	0	0	0	0	225	1
25175	unclassified	0	0	0	0	111	1
25176	cid|1598	1598	64	0	23	483	1
25173	unclassified	0	0	0	0	819	1
25179	unclassified	0	0	0	0	339	1
25180	unclassified	0	0	0	0	114	1
25177	unclassified	0	0	0	0	1203	1
25181	unclassified	0	0	0	0	318	1
25182	unclassified	0	0	0	0	381	1
25178	unclassified	0	0	0	0	1269	1
25184	unclassified	0	0	0	0	219	1
25172	cid|197162	197162	81	0	24	2040	1
25187	unclassified	0	0	0	0	300	1
25186	unclassified	0	0	0	0	510	1
25189	unclassified	0	0	0	0	111	1
25183	unclassified	0	0	0	0	1188	1
25188	unclassified	0	0	0	0	315	1
25185	unclassified	0	0	0	0	1140	1
25190	unclassified	0	0	0	0	486	1
25193	unclassified	0	0	0	0	480	1
25191	cid|61624	61624	64	0	23	918	1
25194	unclassified	0	0	0	0	594	1
25197	unclassified	0	0	0	0	135	1
25195	unclassified	0	0	0	0	312	1
25196	unclassified	0	0	0	0	336	1
25199	unclassified	0	0	0	0	339	1
25198	unclassified	0	0	0	0	468	1
25201	unclassified	0	0	0	0	303	1
25192	unclassified	0	0	0	0	1842	1
25200	unclassified	0	0	0	0	981	1
25202	unclassified	0	0	0	0	669	1
25205	unclassified	0	0	0	0	279	1
25206	unclassified	0	0	0	0	258	1
25207	unclassified	0	0	0	0	153	1
25208	unclassified	0	0	0	0	285	1
25210	unclassified	0	0	0	0	90	1
25203	unclassified	0	0	0	0	1161	1
25204	unclassified	0	0	0	0	1302	1
25211	unclassified	0	0	0	0	279	1
25212	unclassified	0	0	0	0	432	1
25215	unclassified	0	0	0	0	153	1
25213	unclassified	0	0	0	0	492	1
25214	unclassified	0	0	0	0	471	1
25218	unclassified	0	0	0	0	276	1
25216	unclassified	0	0	0	0	426	1
25219	unclassified	0	0	0	0	210	1
25209	unclassified	0	0	0	0	1509	1
25221	unclassified	0	0	0	0	174	1
25220	unclassified	0	0	0	0	426	1
25222	unclassified	0	0	0	0	246	1
25224	unclassified	0	0	0	0	393	1
25226	unclassified	0	0	0	0	249	1
25225	unclassified	0	0	0	0	738	1
25223	unclassified	0	0	0	0	882	1
25217	unclassified	0	0	0	0	1659	1
25229	unclassified	0	0	0	0	105	1
25227	unclassified	0	0	0	0	690	1
25230	unclassified	0	0	0	0	855	1
25233	unclassified	0	0	0	0	327	1
25234	unclassified	0	0	0	0	141	1
25235	unclassified	0	0	0	0	78	1
25228	unclassified	0	0	0	0	1647	1
25232	unclassified	0	0	0	0	1050	1
25237	unclassified	0	0	0	0	174	1
25238	unclassified	0	0	0	0	324	1
25236	unclassified	0	0	0	0	441	1
25239	unclassified	0	0	0	0	186	1
25241	unclassified	0	0	0	0	162	1
25231	cid|29486	29486	169	169	28	1992	2
25231	cid|261964	261964	169	169	28	1992	2
25242	unclassified	0	0	0	0	687	1
25243	unclassified	0	0	0	0	546	1
25240	unclassified	0	0	0	0	726	1
25245	unclassified	0	0	0	0	177	1
25244	unclassified	0	0	0	0	327	1
25249	unclassified	0	0	0	0	246	1
25248	cid|1916	1916	64	64	23	480	4
25248	cid|1771	1771	64	64	23	480	4
25248	cid|60920	60920	64	64	23	480	4
25248	cid|1902	1902	64	64	23	480	4
25250	unclassified	0	0	0	0	555	1
25247	unclassified	0	0	0	0	963	1
25246	unclassified	0	0	0	0	1146	1
25253	unclassified	0	0	0	0	261	1
25254	unclassified	0	0	0	0	288	1
25252	unclassified	0	0	0	0	495	1
25255	unclassified	0	0	0	0	432	1
25257	unclassified	0	0	0	0	309	1
25259	unclassified	0	0	0	0	69	1
25260	unclassified	0	0	0	0	90	1
25258	unclassified	0	0	0	0	273	1
25251	unclassified	0	0	0	0	1338	1
25262	unclassified	0	0	0	0	354	1
25256	unclassified	0	0	0	0	972	1
25264	unclassified	0	0	0	0	210	1
25263	unclassified	0	0	0	0	516	1
25266	unclassified	0	0	0	0	141	1
25265	unclassified	0	0	0	0	324	1
25268	unclassified	0	0	0	0	120	1
25267	unclassified	0	0	0	0	267	1
25271	unclassified	0	0	0	0	114	1
25272	unclassified	0	0	0	0	288	1
25270	unclassified	0	0	0	0	633	1
25273	unclassified	0	0	0	0	189	1
25269	unclassified	0	0	0	0	897	1
25275	unclassified	0	0	0	0	243	1
25274	unclassified	0	0	0	0	507	1
25276	unclassified	0	0	0	0	798	1
25279	unclassified	0	0	0	0	78	1
25261	unclassified	0	0	0	0	2757	1
25277	unclassified	0	0	0	0	1074	1
25282	unclassified	0	0	0	0	216	1
25278	unclassified	0	0	0	0	1392	1
25280	unclassified	0	0	0	0	867	1
25281	unclassified	0	0	0	0	732	1
25283	unclassified	0	0	0	0	621	1
25285	unclassified	0	0	0	0	225	1
25288	unclassified	0	0	0	0	414	1
25284	unclassified	0	0	0	0	849	1
25287	unclassified	0	0	0	0	582	1
25290	unclassified	0	0	0	0	183	1
25286	unclassified	0	0	0	0	972	1
25292	unclassified	0	0	0	0	351	1
25293	unclassified	0	0	0	0	714	1
25291	unclassified	0	0	0	0	963	1
25295	unclassified	0	0	0	0	291	1
25289	cid|208962	208962	64	0	23	1578	1
25297	unclassified	0	0	0	0	831	1
25296	unclassified	0	0	0	0	1209	1
25294	cid|436114	436114	196	0	29	1737	1
25301	unclassified	0	0	0	0	324	1
25298	unclassified	0	0	0	0	1278	1
25300	unclassified	0	0	0	0	654	1
25299	unclassified	0	0	0	0	852	1
25304	unclassified	0	0	0	0	180	1
25303	unclassified	0	0	0	0	246	1
25307	unclassified	0	0	0	0	201	1
25308	unclassified	0	0	0	0	96	1
25309	unclassified	0	0	0	0	114	1
25306	unclassified	0	0	0	0	477	1
25311	unclassified	0	0	0	0	108	1
25305	unclassified	0	0	0	0	720	1
25312	unclassified	0	0	0	0	141	1
25313	NC_000018.10	9606	794	169	68	132	1
25314	unclassified	0	0	0	0	207	1
25316	unclassified	0	0	0	0	111	1
25315	unclassified	0	0	0	0	267	1
25318	unclassified	0	0	0	0	216	1
25310	unclassified	0	0	0	0	891	1
25317	unclassified	0	0	0	0	444	1
25320	unclassified	0	0	0	0	246	1
25321	unclassified	0	0	0	0	453	1
25302	cid|2234	2234	64	0	23	2529	1
25323	unclassified	0	0	0	0	462	1
25319	cid|1476901	1476901	121	64	26	1056	1
25326	unclassified	0	0	0	0	165	1
25324	unclassified	0	0	0	0	294	1
25322	unclassified	0	0	0	0	1032	1
25327	unclassified	0	0	0	0	240	1
25329	unclassified	0	0	0	0	264	1
25325	unclassified	0	0	0	0	882	1
25328	unclassified	0	0	0	0	756	1
25330	unclassified	0	0	0	0	576	1
25332	unclassified	0	0	0	0	144	1
25335	unclassified	0	0	0	0	234	1
25334	unclassified	0	0	0	0	342	1
25336	unclassified	0	0	0	0	231	1
25331	cid|986	986	64	0	23	1182	1
25337	unclassified	0	0	0	0	495	1
25338	unclassified	0	0	0	0	429	1
25339	unclassified	0	0	0	0	291	1
25340	unclassified	0	0	0	0	264	1
25341	unclassified	0	0	0	0	333	1
25333	cid|33075	33075	64	0	23	1116	1
25342	unclassified	0	0	0	0	405	1
25344	unclassified	0	0	0	0	225	1
25345	unclassified	0	0	0	0	330	1
25346	unclassified	0	0	0	0	219	1
25347	unclassified	0	0	0	0	276	1
25350	unclassified	0	0	0	0	186	1
25349	unclassified	0	0	0	0	396	1
25343	unclassified	0	0	0	0	981	1
25352	unclassified	0	0	0	0	282	1
25353	unclassified	0	0	0	0	246	1
25354	NC_000023.11	9606	64	0	23	312	1
25348	unclassified	0	0	0	0	1098	1
25357	unclassified	0	0	0	0	231	1
25351	unclassified	0	0	0	0	1002	1
25358	unclassified	0	0	0	0	177	1
25356	unclassified	0	0	0	0	654	1
25359	unclassified	0	0	0	0	357	1
25355	cid|1712654	1712654	64	0	23	966	1
25360	unclassified	0	0	0	0	285	1
25363	unclassified	0	0	0	0	81	1
25361	unclassified	0	0	0	0	285	1
25366	unclassified	0	0	0	0	714	1
25362	unclassified	0	0	0	0	996	1
25365	unclassified	0	0	0	0	912	1
25367	unclassified	0	0	0	0	213	1
25364	unclassified	0	0	0	0	1404	1
25369	unclassified	0	0	0	0	585	1
25368	unclassified	0	0	0	0	786	1
25371	unclassified	0	0	0	0	339	1
25373	unclassified	0	0	0	0	177	1
25370	unclassified	0	0	0	0	852	1
25374	unclassified	0	0	0	0	354	1
25372	unclassified	0	0	0	0	600	1
25377	unclassified	0	0	0	0	519	1
25378	unclassified	0	0	0	0	537	1
25376	unclassified	0	0	0	0	1032	1
25379	unclassified	0	0	0	0	369	1
25380	cid|55802	55802	100	0	25	450	1
25375	unclassified	0	0	0	0	1455	1
25384	unclassified	0	0	0	0	237	1
25383	unclassified	0	0	0	0	756	1
25382	unclassified	0	0	0	0	882	1
25381	unclassified	0	0	0	0	957	1
25386	unclassified	0	0	0	0	285	1
25388	unclassified	0	0	0	0	399	1
25390	unclassified	0	0	0	0	171	1
25385	unclassified	0	0	0	0	1377	1
25389	unclassified	0	0	0	0	900	1
25392	unclassified	0	0	0	0	129	1
25394	unclassified	0	0	0	0	90	1
25391	unclassified	0	0	0	0	1107	1
25395	cid|196	196	144	64	27	741	1
25393	unclassified	0	0	0	0	1416	1
25398	unclassified	0	0	0	0	174	1
25397	cid|446	446	64	0	23	372	1
25399	unclassified	0	0	0	0	276	1
25387	NC_000008.11	9606	144	0	27	2556	1
25402	unclassified	0	0	0	0	219	1
25401	unclassified	0	0	0	0	492	1
25403	unclassified	0	0	0	0	351	1
25405	unclassified	0	0	0	0	222	1
25396	NC_000019.10	9606	100	0	25	2169	1
25406	unclassified	0	0	0	0	240	1
25407	unclassified	0	0	0	0	93	1
25400	unclassified	0	0	0	0	1311	1
25409	unclassified	0	0	0	0	240	1
25408	unclassified	0	0	0	0	405	1
25411	unclassified	0	0	0	0	318	1
25410	unclassified	0	0	0	0	492	1
25404	unclassified	0	0	0	0	1170	1
25413	unclassified	0	0	0	0	147	1
25415	unclassified	0	0	0	0	567	1
25417	unclassified	0	0	0	0	126	1
25416	unclassified	0	0	0	0	705	1
25419	unclassified	0	0	0	0	177	1
25420	unclassified	0	0	0	0	210	1
25412	unclassified	0	0	0	0	1383	1
25422	unclassified	0	0	0	0	186	1
25414	unclassified	0	0	0	0	1530	1
25418	cid|851	851	64	0	23	888	1
25423	unclassified	0	0	0	0	309	1
25424	unclassified	0	0	0	0	228	1
25425	unclassified	0	0	0	0	180	1
25421	unclassified	0	0	0	0	768	1
25427	unclassified	0	0	0	0	453	1
25426	unclassified	0	0	0	0	627	1
25430	unclassified	0	0	0	0	309	1
25428	unclassified	0	0	0	0	909	1
25429	unclassified	0	0	0	0	1089	1
25432	cid|2325	2325	64	64	23	669	2
25432	cid|46354	46354	64	64	23	669	2
25431	unclassified	0	0	0	0	1140	1
25433	unclassified	0	0	0	0	957	1
25434	unclassified	0	0	0	0	753	1
25435	unclassified	0	0	0	0	615	1
25438	unclassified	0	0	0	0	363	1
25437	unclassified	0	0	0	0	480	1
25439	unclassified	0	0	0	0	327	1
25440	unclassified	0	0	0	0	366	1
25442	unclassified	0	0	0	0	312	1
25443	unclassified	0	0	0	0	327	1
25444	unclassified	0	0	0	0	726	1
25436	cid|1603555	1603555	225	0	30	1686	1
25441	unclassified	0	0	0	0	1314	1
25446	unclassified	0	0	0	0	387	1
25445	unclassified	0	0	0	0	993	1
25447	unclassified	0	0	0	0	552	1
25451	unclassified	0	0	0	0	192	1
25450	unclassified	0	0	0	0	774	1
25448	unclassified	0	0	0	0	1260	1
25454	unclassified	0	0	0	0	288	1
25452	NC_000003.12	9606	400	0	35	1056	1
25455	unclassified	0	0	0	0	201	1
25453	unclassified	0	0	0	0	624	1
25449	unclassified	0	0	0	0	2055	1
25457	unclassified	0	0	0	0	603	1
25458	unclassified	0	0	0	0	732	1
25456	unclassified	0	0	0	0	840	1
25459	unclassified	0	0	0	0	363	1
25460	unclassified	0	0	0	0	378	1
25464	unclassified	0	0	0	0	138	1
25462	unclassified	0	0	0	0	369	1
25461	unclassified	0	0	0	0	525	1
25463	unclassified	0	0	0	0	501	1
25467	unclassified	0	0	0	0	120	1
25468	unclassified	0	0	0	0	126	1
25465	cid|208226	208226	81	0	24	483	1
25469	unclassified	0	0	0	0	867	1
25470	cid|1435069	1435069	64	0	23	1269	1
25471	unclassified	0	0	0	0	1338	1
25466	unclassified	0	0	0	0	1923	1
25472	cid|2210	2210	81	0	24	825	1
25475	unclassified	0	0	0	0	582	1
25474	unclassified	0	0	0	0	879	1
25473	NC_000002.12	9606	144	0	27	1062	1
25476	unclassified	0	0	0	0	846	1
25479	unclassified	0	0	0	0	204	1
25477	unclassified	0	0	0	0	855	1
25480	unclassified	0	0	0	0	675	1
25482	unclassified	0	0	0	0	183	1
25478	unclassified	0	0	0	0	1032	1
25485	unclassified	0	0	0	0	207	1
25483	unclassified	0	0	0	0	489	1
25481	unclassified	0	0	0	0	1110	1
25486	unclassified	0	0	0	0	243	1
25487	unclassified	0	0	0	0	255	1
25490	unclassified	0	0	0	0	210	1
25491	unclassified	0	0	0	0	252	1
25489	unclassified	0	0	0	0	726	1
25488	unclassified	0	0	0	0	906	1
25492	unclassified	0	0	0	0	444	1
25493	unclassified	0	0	0	0	291	1
25494	unclassified	0	0	0	0	222	1
25495	unclassified	0	0	0	0	279	1
25497	unclassified	0	0	0	0	279	1
25484	unclassified	0	0	0	0	2187	1
25499	unclassified	0	0	0	0	327	1
25500	unclassified	0	0	0	0	498	1
25498	unclassified	0	0	0	0	1059	1
25503	unclassified	0	0	0	0	372	1
25502	unclassified	0	0	0	0	381	1
25505	unclassified	0	0	0	0	228	1
25496	cid|54262	54262	121	0	26	1890	1
25501	unclassified	0	0	0	0	1320	1
25504	unclassified	0	0	0	0	522	1
25508	unclassified	0	0	0	0	456	1
25506	unclassified	0	0	0	0	837	1
25510	unclassified	0	0	0	0	165	1
25509	unclassified	0	0	0	0	609	1
25511	unclassified	0	0	0	0	159	1
25512	unclassified	0	0	0	0	291	1
25507	unclassified	0	0	0	0	1497	1
25513	unclassified	0	0	0	0	882	1
25515	unclassified	0	0	0	0	828	1
25516	unclassified	0	0	0	0	471	1
25517	unclassified	0	0	0	0	225	1
25519	unclassified	0	0	0	0	270	1
25521	unclassified	0	0	0	0	192	1
25514	unclassified	0	0	0	0	1641	1
25522	unclassified	0	0	0	0	390	1
25523	unclassified	0	0	0	0	405	1
25520	unclassified	0	0	0	0	1086	1
25524	unclassified	0	0	0	0	453	1
25526	unclassified	0	0	0	0	180	1
25525	unclassified	0	0	0	0	663	1
25528	unclassified	0	0	0	0	363	1
25527	unclassified	0	0	0	0	435	1
25518	unclassified	0	0	0	0	1806	1
25532	unclassified	0	0	0	0	231	1
25529	unclassified	0	0	0	0	318	1
25533	unclassified	0	0	0	0	111	1
25531	unclassified	0	0	0	0	369	1
25530	unclassified	0	0	0	0	498	1
25534	unclassified	0	0	0	0	204	1
25538	unclassified	0	0	0	0	414	1
25536	unclassified	0	0	0	0	561	1
25537	unclassified	0	0	0	0	585	1
25535	cid|463025	463025	100	0	25	729	1
25540	unclassified	0	0	0	0	267	1
25541	unclassified	0	0	0	0	186	1
25539	unclassified	0	0	0	0	363	1
25542	unclassified	0	0	0	0	453	1
25545	unclassified	0	0	0	0	777	1
25544	unclassified	0	0	0	0	921	1
25543	unclassified	0	0	0	0	984	1
25548	unclassified	0	0	0	0	120	1
25549	unclassified	0	0	0	0	141	1
25546	cid|396	396	64	64	23	678	2
25546	cid|29449	29449	64	64	23	678	2
25552	unclassified	0	0	0	0	159	1
25550	unclassified	0	0	0	0	441	1
25551	unclassified	0	0	0	0	456	1
25547	unclassified	0	0	0	0	807	1
25556	unclassified	0	0	0	0	363	1
25553	unclassified	0	0	0	0	801	1
25555	cid|1570330	1570330	64	64	23	501	4
25555	cid|1423	1423	64	64	23	501	4
25555	cid|492670	492670	64	64	23	501	4
25555	cid|1390	1390	64	64	23	501	4
25554	unclassified	0	0	0	0	933	1
25559	unclassified	0	0	0	0	195	1
25558	unclassified	0	0	0	0	483	1
25561	unclassified	0	0	0	0	405	1
25560	unclassified	0	0	0	0	591	1
25562	unclassified	0	0	0	0	684	1
25563	unclassified	0	0	0	0	585	1
25566	unclassified	0	0	0	0	303	1
25557	unclassified	0	0	0	0	1659	1
25567	unclassified	0	0	0	0	186	1
25565	unclassified	0	0	0	0	660	1
25564	unclassified	0	0	0	0	1362	1
25570	unclassified	0	0	0	0	252	1
25572	unclassified	0	0	0	0	411	1
25573	unclassified	0	0	0	0	258	1
25569	unclassified	0	0	0	0	1011	1
25571	unclassified	0	0	0	0	774	1
25574	unclassified	0	0	0	0	207	1
25568	unclassified	0	0	0	0	1314	1
25576	unclassified	0	0	0	0	345	1
25575	unclassified	0	0	0	0	492	1
25577	unclassified	0	0	0	0	414	1
25581	unclassified	0	0	0	0	333	1
25582	unclassified	0	0	0	0	168	1
25580	unclassified	0	0	0	0	780	1
25583	unclassified	0	0	0	0	408	1
25585	unclassified	0	0	0	0	246	1
25579	unclassified	0	0	0	0	1392	1
25586	unclassified	0	0	0	0	150	1
25578	unclassified	0	0	0	0	1542	1
25587	unclassified	0	0	0	0	384	1
25588	unclassified	0	0	0	0	597	1
25590	unclassified	0	0	0	0	279	1
25589	unclassified	0	0	0	0	768	1
25584	cid|1580092	1580092	64	0	23	1623	1
25594	unclassified	0	0	0	0	162	1
25595	unclassified	0	0	0	0	177	1
25592	unclassified	0	0	0	0	1635	1
25591	unclassified	0	0	0	0	1827	1
25593	unclassified	0	0	0	0	1788	1
25597	unclassified	0	0	0	0	393	1
25596	unclassified	0	0	0	0	1287	1
25599	unclassified	0	0	0	0	402	1
25598	unclassified	0	0	0	0	573	1
25602	unclassified	0	0	0	0	147	1
25600	unclassified	0	0	0	0	543	1
25601	NC_000004.12	9606	64	0	23	516	1
25604	unclassified	0	0	0	0	165	1
25603	unclassified	0	0	0	0	378	1
25606	unclassified	0	0	0	0	144	1
25605	unclassified	0	0	0	0	456	1
25609	unclassified	0	0	0	0	330	1
25607	unclassified	0	0	0	0	492	1
25608	unclassified	0	0	0	0	474	1
25610	unclassified	0	0	0	0	240	1
25614	unclassified	0	0	0	0	201	1
25612	unclassified	0	0	0	0	411	1
25615	unclassified	0	0	0	0	156	1
25611	unclassified	0	0	0	0	801	1
25617	unclassified	0	0	0	0	318	1
25613	unclassified	0	0	0	0	714	1
25616	unclassified	0	0	0	0	555	1
25619	unclassified	0	0	0	0	573	1
25618	unclassified	0	0	0	0	666	1
25621	unclassified	0	0	0	0	672	1
25620	unclassified	0	0	0	0	972	1
25623	cid|263819	263819	64	0	23	654	1
25624	unclassified	0	0	0	0	552	1
25627	unclassified	0	0	0	0	99	1
25622	unclassified	0	0	0	0	1026	1
25625	unclassified	0	0	0	0	648	1
25628	unclassified	0	0	0	0	228	1
25630	unclassified	0	0	0	0	417	1
25629	unclassified	0	0	0	0	732	1
25633	unclassified	0	0	0	0	267	1
25631	unclassified	0	0	0	0	996	1
25635	unclassified	0	0	0	0	162	1
25634	unclassified	0	0	0	0	489	1
25626	cid|376805	376805	64	0	23	1827	1
25636	unclassified	0	0	0	0	429	1
25638	unclassified	0	0	0	0	96	1
25637	unclassified	0	0	0	0	474	1
25640	unclassified	0	0	0	0	264	1
25632	unclassified	0	0	0	0	1644	1
25642	unclassified	0	0	0	0	159	1
25641	unclassified	0	0	0	0	351	1
25639	unclassified	0	0	0	0	840	1
25643	unclassified	0	0	0	0	573	1
25647	unclassified	0	0	0	0	180	1
25646	unclassified	0	0	0	0	405	1
25644	unclassified	0	0	0	0	837	1
25650	unclassified	0	0	0	0	384	1
25645	cid|294	294	81	81	24	1161	2
25645	cid|930166	930166	81	81	24	1161	2
25651	unclassified	0	0	0	0	480	1
25652	unclassified	0	0	0	0	285	1
25649	unclassified	0	0	0	0	1392	1
25648	unclassified	0	0	0	0	1653	1
25653	unclassified	0	0	0	0	627	1
25654	unclassified	0	0	0	0	1005	1
25656	unclassified	0	0	0	0	516	1
25657	unclassified	0	0	0	0	492	1
25655	unclassified	0	0	0	0	666	1
25660	unclassified	0	0	0	0	267	1
25661	unclassified	0	0	0	0	273	1
25658	cid|53399	53399	64	0	23	408	1
25664	unclassified	0	0	0	0	276	1
25663	unclassified	0	0	0	0	681	1
25665	unclassified	0	0	0	0	522	1
25667	unclassified	0	0	0	0	129	1
25659	unclassified	0	0	0	0	1356	1
25662	species	9606	64	0	23	966	1
25666	unclassified	0	0	0	0	618	1
25671	unclassified	0	0	0	0	477	1
25668	unclassified	0	0	0	0	951	1
25670	unclassified	0	0	0	0	897	1
25672	unclassified	0	0	0	0	450	1
25669	NC_000002.12	9606	64	0	23	1116	1
25673	unclassified	0	0	0	0	444	1
25675	unclassified	0	0	0	0	345	1
25676	unclassified	0	0	0	0	360	1
25677	unclassified	0	0	0	0	567	1
25679	unclassified	0	0	0	0	522	1
25674	unclassified	0	0	0	0	1242	1
25678	unclassified	0	0	0	0	711	1
25683	unclassified	0	0	0	0	306	1
25681	cid|384	384	64	0	23	396	1
25680	unclassified	0	0	0	0	669	1
25685	unclassified	0	0	0	0	156	1
25684	unclassified	0	0	0	0	171	1
25686	unclassified	0	0	0	0	216	1
25682	unclassified	0	0	0	0	813	1
25689	unclassified	0	0	0	0	525	1
25690	unclassified	0	0	0	0	288	1
25691	unclassified	0	0	0	0	336	1
25687	unclassified	0	0	0	0	1089	1
25688	unclassified	0	0	0	0	1038	1
25692	unclassified	0	0	0	0	753	1
25696	unclassified	0	0	0	0	201	1
25693	unclassified	0	0	0	0	822	1
25694	unclassified	0	0	0	0	957	1
25695	unclassified	0	0	0	0	987	1
25699	unclassified	0	0	0	0	357	1
25700	unclassified	0	0	0	0	507	1
25697	unclassified	0	0	0	0	1095	1
25698	unclassified	0	0	0	0	993	1
25701	unclassified	0	0	0	0	516	1
25704	unclassified	0	0	0	0	366	1
25705	unclassified	0	0	0	0	207	1
25706	unclassified	0	0	0	0	213	1
25707	unclassified	0	0	0	0	297	1
25708	unclassified	0	0	0	0	252	1
25709	unclassified	0	0	0	0	276	1
25710	unclassified	0	0	0	0	378	1
25702	unclassified	0	0	0	0	1260	1
25713	unclassified	0	0	0	0	207	1
25711	unclassified	0	0	0	0	714	1
25712	unclassified	0	0	0	0	762	1
25716	unclassified	0	0	0	0	180	1
25715	unclassified	0	0	0	0	567	1
25717	unclassified	0	0	0	0	258	1
25718	unclassified	0	0	0	0	234	1
25720	unclassified	0	0	0	0	186	1
25719	unclassified	0	0	0	0	309	1
25722	unclassified	0	0	0	0	126	1
25714	unclassified	0	0	0	0	1593	1
25724	unclassified	0	0	0	0	198	1
25725	unclassified	0	0	0	0	273	1
25723	unclassified	0	0	0	0	888	1
25727	unclassified	0	0	0	0	204	1
25726	unclassified	0	0	0	0	438	1
25703	cid|39765	39765	196	64	29	3378	1
25721	unclassified	0	0	0	0	1407	1
25730	unclassified	0	0	0	0	276	1
25728	unclassified	0	0	0	0	780	1
25733	unclassified	0	0	0	0	168	1
25732	unclassified	0	0	0	0	603	1
25729	unclassified	0	0	0	0	1215	1
25735	unclassified	0	0	0	0	222	1
25734	unclassified	0	0	0	0	369	1
25736	unclassified	0	0	0	0	141	1
25737	unclassified	0	0	0	0	684	1
25731	unclassified	0	0	0	0	1851	1
25738	unclassified	0	0	0	0	732	1
25739	unclassified	0	0	0	0	777	1
25743	unclassified	0	0	0	0	222	1
25740	unclassified	0	0	0	0	585	1
25744	unclassified	0	0	0	0	246	1
25745	unclassified	0	0	0	0	594	1
25746	unclassified	0	0	0	0	666	1
25741	unclassified	0	0	0	0	1224	1
25742	unclassified	0	0	0	0	1311	1
25748	unclassified	0	0	0	0	438	1
25749	unclassified	0	0	0	0	447	1
25750	unclassified	0	0	0	0	711	1
25752	unclassified	0	0	0	0	420	1
25754	unclassified	0	0	0	0	258	1
25753	unclassified	0	0	0	0	435	1
25747	unclassified	0	0	0	0	1380	1
25751	cid|367488	367488	196	169	29	849	1
25757	unclassified	0	0	0	0	603	1
25755	unclassified	0	0	0	0	822	1
25758	unclassified	0	0	0	0	474	1
25759	unclassified	0	0	0	0	171	1
25756	unclassified	0	0	0	0	963	1
25760	unclassified	0	0	0	0	255	1
25764	unclassified	0	0	0	0	249	1
25763	unclassified	0	0	0	0	435	1
25765	unclassified	0	0	0	0	279	1
25761	unclassified	0	0	0	0	1266	1
25762	unclassified	0	0	0	0	1317	1
25766	NT_187689.1	9606	169	169	28	897	3
25766	NC_000003.12	9606	169	169	28	897	3
25766	NT_187532.1	9606	169	169	28	897	3
25768	cid|102116	102116	64	0	23	453	1
25769	unclassified	0	0	0	0	822	1
25770	unclassified	0	0	0	0	603	1
25767	unclassified	0	0	0	0	1512	1
25774	unclassified	0	0	0	0	336	1
25773	unclassified	0	0	0	0	618	1
25771	unclassified	0	0	0	0	1185	1
25772	unclassified	0	0	0	0	912	1
25777	unclassified	0	0	0	0	129	1
25776	unclassified	0	0	0	0	330	1
25778	unclassified	0	0	0	0	672	1
25780	unclassified	0	0	0	0	777	1
25779	unclassified	0	0	0	0	1131	1
25782	unclassified	0	0	0	0	612	1
25775	unclassified	0	0	0	0	2037	1
25785	unclassified	0	0	0	0	333	1
25784	unclassified	0	0	0	0	486	1
25787	unclassified	0	0	0	0	210	1
25783	unclassified	0	0	0	0	984	1
25786	unclassified	0	0	0	0	678	1
25781	cid|1300914	1300914	81	0	24	1782	1
25788	unclassified	0	0	0	0	441	1
25789	unclassified	0	0	0	0	432	1
25792	unclassified	0	0	0	0	174	1
25790	NC_000013.11	9606	81	0	24	702	1
25793	unclassified	0	0	0	0	861	1
25796	unclassified	0	0	0	0	159	1
25791	cid|9	9	100	0	25	1227	1
25794	unclassified	0	0	0	0	1038	1
25795	unclassified	0	0	0	0	804	1
25799	unclassified	0	0	0	0	318	1
25800	unclassified	0	0	0	0	339	1
25797	unclassified	0	0	0	0	741	1
25803	unclassified	0	0	0	0	129	1
25798	unclassified	0	0	0	0	750	1
25801	unclassified	0	0	0	0	483	1
25802	unclassified	0	0	0	0	303	1
25804	unclassified	0	0	0	0	318	1
25807	unclassified	0	0	0	0	192	1
25805	unclassified	0	0	0	0	402	1
25810	unclassified	0	0	0	0	231	1
25806	unclassified	0	0	0	0	870	1
25808	unclassified	0	0	0	0	678	1
25811	unclassified	0	0	0	0	657	1
25814	unclassified	0	0	0	0	312	1
25812	unclassified	0	0	0	0	687	1
25809	unclassified	0	0	0	0	1665	1
25816	unclassified	0	0	0	0	501	1
25813	cid|713030	713030	64	0	23	1011	1
25819	unclassified	0	0	0	0	273	1
25817	unclassified	0	0	0	0	576	1
25820	unclassified	0	0	0	0	393	1
25821	unclassified	0	0	0	0	318	1
25818	NC_000003.12	9606	121	0	26	864	1
25823	unclassified	0	0	0	0	174	1
25822	unclassified	0	0	0	0	327	1
25824	unclassified	0	0	0	0	234	1
25815	unclassified	0	0	0	0	1806	1
25826	unclassified	0	0	0	0	453	1
25825	unclassified	0	0	0	0	621	1
25827	unclassified	0	0	0	0	435	1
25829	unclassified	0	0	0	0	162	1
25831	unclassified	0	0	0	0	135	1
25833	unclassified	0	0	0	0	261	1
25832	unclassified	0	0	0	0	354	1
25828	unclassified	0	0	0	0	783	1
25835	NC_000012.12	9606	64	0	23	465	1
25834	unclassified	0	0	0	0	753	1
25836	cid|986	986	100	0	25	762	1
25837	unclassified	0	0	0	0	393	1
25838	unclassified	0	0	0	0	423	1
25840	unclassified	0	0	0	0	516	1
25842	unclassified	0	0	0	0	138	1
25841	cid|1396	1396	64	0	23	900	1
25839	unclassified	0	0	0	0	1242	1
25830	cid|199	199	121	64	26	2232	1
25846	unclassified	0	0	0	0	168	1
25844	unclassified	0	0	0	0	312	1
25843	unclassified	0	0	0	0	975	1
25847	unclassified	0	0	0	0	264	1
25848	unclassified	0	0	0	0	195	1
25845	unclassified	0	0	0	0	591	1
25850	unclassified	0	0	0	0	186	1
25849	unclassified	0	0	0	0	201	1
25852	unclassified	0	0	0	0	315	1
25853	unclassified	0	0	0	0	345	1
25851	unclassified	0	0	0	0	756	1
25855	NC_010356.1	379529	64	0	23	312	1
25854	unclassified	0	0	0	0	735	1
25856	unclassified	0	0	0	0	660	1
25860	unclassified	0	0	0	0	135	1
25861	unclassified	0	0	0	0	159	1
25857	unclassified	0	0	0	0	702	1
25859	unclassified	0	0	0	0	576	1
25862	unclassified	0	0	0	0	207	1
25858	unclassified	0	0	0	0	1014	1
25865	unclassified	0	0	0	0	471	1
25867	unclassified	0	0	0	0	867	1
25866	unclassified	0	0	0	0	1407	1
25863	cid|319938	319938	64	0	23	1935	1
25869	unclassified	0	0	0	0	252	1
25864	unclassified	0	0	0	0	1944	1
25870	unclassified	0	0	0	0	186	1
25871	unclassified	0	0	0	0	171	1
25873	unclassified	0	0	0	0	228	1
25872	unclassified	0	0	0	0	519	1
25874	unclassified	0	0	0	0	381	1
25868	unclassified	0	0	0	0	1152	1
25878	unclassified	0	0	0	0	228	1
25876	cid|84599	84599	64	0	23	741	1
25879	unclassified	0	0	0	0	777	1
25880	unclassified	0	0	0	0	582	1
25881	unclassified	0	0	0	0	483	1
25875	unclassified	0	0	0	0	2361	1
25882	unclassified	0	0	0	0	894	1
25883	unclassified	0	0	0	0	672	1
25885	unclassified	0	0	0	0	231	1
25884	unclassified	0	0	0	0	252	1
25886	unclassified	0	0	0	0	168	1
25888	unclassified	0	0	0	0	324	1
25890	unclassified	0	0	0	0	111	1
25891	unclassified	0	0	0	0	231	1
25887	unclassified	0	0	0	0	999	1
25889	unclassified	0	0	0	0	1122	1
25877	unclassified	0	0	0	0	3576	1
25893	unclassified	0	0	0	0	570	1
25892	unclassified	0	0	0	0	999	1
25894	unclassified	0	0	0	0	387	1
25896	unclassified	0	0	0	0	225	1
25895	unclassified	0	0	0	0	669	1
25897	unclassified	0	0	0	0	375	1
25899	unclassified	0	0	0	0	306	1
25900	unclassified	0	0	0	0	255	1
25898	unclassified	0	0	0	0	552	1
25902	unclassified	0	0	0	0	162	1
25904	unclassified	0	0	0	0	351	1
25905	unclassified	0	0	0	0	663	1
25906	unclassified	0	0	0	0	492	1
25907	unclassified	0	0	0	0	225	1
25901	unclassified	0	0	0	0	1257	1
25903	unclassified	0	0	0	0	1164	1
25909	unclassified	0	0	0	0	294	1
25908	unclassified	0	0	0	0	525	1
25912	unclassified	0	0	0	0	165	1
25911	unclassified	0	0	0	0	444	1
25910	unclassified	0	0	0	0	630	1
25914	unclassified	0	0	0	0	246	1
25913	unclassified	0	0	0	0	411	1
25917	unclassified	0	0	0	0	180	1
25916	unclassified	0	0	0	0	249	1
25918	unclassified	0	0	0	0	249	1
25915	unclassified	0	0	0	0	555	1
25920	unclassified	0	0	0	0	321	1
25919	unclassified	0	0	0	0	471	1
25922	unclassified	0	0	0	0	294	1
25925	unclassified	0	0	0	0	300	1
25921	unclassified	0	0	0	0	861	1
25923	unclassified	0	0	0	0	618	1
25924	unclassified	0	0	0	0	597	1
25928	unclassified	0	0	0	0	108	1
25926	cid|944547	944547	64	0	23	369	1
25929	unclassified	0	0	0	0	471	1
25932	unclassified	0	0	0	0	279	1
25930	unclassified	0	0	0	0	924	1
25933	unclassified	0	0	0	0	558	1
25934	unclassified	0	0	0	0	351	1
25927	unclassified	0	0	0	0	1728	1
25935	unclassified	0	0	0	0	516	1
25936	cid|2261	2261	81	0	24	450	1
25937	unclassified	0	0	0	0	465	1
25938	unclassified	0	0	0	0	504	1
25939	unclassified	0	0	0	0	777	1
25940	unclassified	0	0	0	0	729	1
25941	unclassified	0	0	0	0	750	1
25943	unclassified	0	0	0	0	417	1
25942	unclassified	0	0	0	0	684	1
25946	unclassified	0	0	0	0	177	1
25931	unclassified	0	0	0	0	3546	1
25944	unclassified	0	0	0	0	705	1
25945	unclassified	0	0	0	0	627	1
25949	unclassified	0	0	0	0	165	1
25948	unclassified	0	0	0	0	222	1
25951	unclassified	0	0	0	0	204	1
25950	unclassified	0	0	0	0	258	1
25952	unclassified	0	0	0	0	309	1
25955	unclassified	0	0	0	0	183	1
25953	NC_000007.14	9606	64	64	23	297	2
25953	NC_000012.12	9606	64	64	23	297	2
25954	unclassified	0	0	0	0	435	1
25947	unclassified	0	0	0	0	1440	1
25957	unclassified	0	0	0	0	747	1
25956	unclassified	0	0	0	0	816	1
25960	unclassified	0	0	0	0	159	1
25959	unclassified	0	0	0	0	492	1
25961	unclassified	0	0	0	0	219	1
25958	unclassified	0	0	0	0	948	1
25962	unclassified	0	0	0	0	357	1
25963	unclassified	0	0	0	0	372	1
25964	unclassified	0	0	0	0	267	1
25968	unclassified	0	0	0	0	156	1
25966	unclassified	0	0	0	0	375	1
25965	unclassified	0	0	0	0	684	1
25967	unclassified	0	0	0	0	465	1
25970	unclassified	0	0	0	0	267	1
25971	unclassified	0	0	0	0	168	1
25974	unclassified	0	0	0	0	99	1
25969	unclassified	0	0	0	0	738	1
25972	unclassified	0	0	0	0	693	1
25973	unclassified	0	0	0	0	666	1
25976	unclassified	0	0	0	0	816	1
25975	cid|150340	150340	64	64	23	1209	3
25975	cid|670	670	64	64	23	1209	3
25975	cid|1291540	1291540	64	64	23	1209	3
25977	unclassified	0	0	0	0	1197	1
25979	unclassified	0	0	0	0	837	1
25978	unclassified	0	0	0	0	1008	1
25981	unclassified	0	0	0	0	234	1
25980	unclassified	0	0	0	0	621	1
25982	unclassified	0	0	0	0	288	1
25984	unclassified	0	0	0	0	273	1
25983	unclassified	0	0	0	0	378	1
25985	unclassified	0	0	0	0	393	1
25986	unclassified	0	0	0	0	357	1
25987	unclassified	0	0	0	0	399	1
25988	unclassified	0	0	0	0	303	1
25990	unclassified	0	0	0	0	420	1
25989	unclassified	0	0	0	0	849	1
25993	unclassified	0	0	0	0	453	1
25991	unclassified	0	0	0	0	738	1
25992	unclassified	0	0	0	0	855	1
25994	cid|387092	387092	81	0	24	567	1
25998	unclassified	0	0	0	0	351	1
25997	unclassified	0	0	0	0	930	1
25995	unclassified	0	0	0	0	1275	1
25996	unclassified	0	0	0	0	1470	1
26000	unclassified	0	0	0	0	585	1
25999	unclassified	0	0	0	0	1029	1
26002	unclassified	0	0	0	0	405	1
26004	unclassified	0	0	0	0	210	1
26005	unclassified	0	0	0	0	267	1
26007	unclassified	0	0	0	0	138	1
26003	unclassified	0	0	0	0	816	1
26008	unclassified	0	0	0	0	414	1
26001	unclassified	0	0	0	0	1446	1
26006	unclassified	0	0	0	0	864	1
26010	unclassified	0	0	0	0	327	1
26013	unclassified	0	0	0	0	84	1
26014	unclassified	0	0	0	0	588	1
26011	unclassified	0	0	0	0	1011	1
26015	unclassified	0	0	0	0	438	1
26016	unclassified	0	0	0	0	468	1
26012	unclassified	0	0	0	0	1305	1
26017	cid|46234	46234	64	0	23	273	1
26009	cid|160660	160660	289	0	32	1695	1
26019	unclassified	0	0	0	0	324	1
26018	unclassified	0	0	0	0	447	1
26020	unclassified	0	0	0	0	333	1
26021	unclassified	0	0	0	0	282	1
26024	unclassified	0	0	0	0	141	1
26025	unclassified	0	0	0	0	219	1
26026	unclassified	0	0	0	0	171	1
26022	unclassified	0	0	0	0	606	1
26027	unclassified	0	0	0	0	300	1
26030	unclassified	0	0	0	0	318	1
26028	cid|1229909	1229909	100	0	25	564	1
26031	unclassified	0	0	0	0	270	1
26029	cid|1603555	1603555	1024	0	47	627	1
26023	unclassified	0	0	0	0	1296	1
26033	unclassified	0	0	0	0	333	1
26034	unclassified	0	0	0	0	306	1
26032	unclassified	0	0	0	0	543	1
26038	unclassified	0	0	0	0	300	1
26036	unclassified	0	0	0	0	672	1
26039	unclassified	0	0	0	0	366	1
26035	unclassified	0	0	0	0	993	1
26040	unclassified	0	0	0	0	234	1
26041	unclassified	0	0	0	0	405	1
26044	unclassified	0	0	0	0	111	1
26042	unclassified	0	0	0	0	459	1
26037	unclassified	0	0	0	0	1290	1
26045	unclassified	0	0	0	0	120	1
26043	unclassified	0	0	0	0	510	1
26046	unclassified	0	0	0	0	213	1
26047	unclassified	0	0	0	0	279	1
26051	unclassified	0	0	0	0	231	1
26049	unclassified	0	0	0	0	531	1
26052	unclassified	0	0	0	0	186	1
26048	unclassified	0	0	0	0	741	1
26055	unclassified	0	0	0	0	189	1
26054	unclassified	0	0	0	0	366	1
26053	unclassified	0	0	0	0	495	1
26050	unclassified	0	0	0	0	1269	1
26057	unclassified	0	0	0	0	507	1
26058	unclassified	0	0	0	0	531	1
26056	unclassified	0	0	0	0	723	1
26062	cid|1445505	1445505	121	0	26	681	1
26061	NC_014767.1	880161	64	0	23	951	1
26059	cid|1364	1364	64	0	23	1275	1
26065	unclassified	0	0	0	0	450	1
26064	unclassified	0	0	0	0	729	1
26063	unclassified	0	0	0	0	1422	1
26060	NC_000010.11	9606	81	64	24	1983	1
26068	unclassified	0	0	0	0	147	1
26067	unclassified	0	0	0	0	696	1
26070	unclassified	0	0	0	0	156	1
26066	unclassified	0	0	0	0	1029	1
26069	unclassified	0	0	0	0	456	1
26072	unclassified	0	0	0	0	759	1
26073	unclassified	0	0	0	0	732	1
26074	unclassified	0	0	0	0	861	1
26071	unclassified	0	0	0	0	1092	1
26077	unclassified	0	0	0	0	432	1
26076	unclassified	0	0	0	0	801	1
26079	unclassified	0	0	0	0	339	1
26078	unclassified	0	0	0	0	1092	1
26080	unclassified	0	0	0	0	657	1
26075	unclassified	0	0	0	0	1620	1
26084	unclassified	0	0	0	0	102	1
26081	unclassified	0	0	0	0	660	1
26086	unclassified	0	0	0	0	276	1
26085	unclassified	0	0	0	0	363	1
26083	unclassified	0	0	0	0	630	1
26087	NC_000002.12	9606	100	0	25	330	1
26089	unclassified	0	0	0	0	300	1
26090	unclassified	0	0	0	0	360	1
26091	unclassified	0	0	0	0	480	1
26088	unclassified	0	0	0	0	990	1
26092	unclassified	0	0	0	0	360	1
26082	cid|86665	86665	81	0	24	1425	1
26093	unclassified	0	0	0	0	249	1
26097	unclassified	0	0	0	0	183	1
26098	unclassified	0	0	0	0	159	1
26099	unclassified	0	0	0	0	225	1
26094	unclassified	0	0	0	0	729	1
26095	unclassified	0	0	0	0	1119	1
26101	unclassified	0	0	0	0	570	1
26103	unclassified	0	0	0	0	129	1
26104	unclassified	0	0	0	0	135	1
26096	cid|456327	456327	64	0	23	1452	1
26102	unclassified	0	0	0	0	624	1
26106	unclassified	0	0	0	0	606	1
26100	unclassified	0	0	0	0	1668	1
26109	unclassified	0	0	0	0	192	1
26105	unclassified	0	0	0	0	1191	1
26107	unclassified	0	0	0	0	1398	1
26108	unclassified	0	0	0	0	837	1
26110	unclassified	0	0	0	0	561	1
26112	cid|1206	1206	100	0	25	339	1
26114	unclassified	0	0	0	0	339	1
26111	unclassified	0	0	0	0	942	1
26115	unclassified	0	0	0	0	279	1
26116	unclassified	0	0	0	0	384	1
26113	unclassified	0	0	0	0	846	1
26118	unclassified	0	0	0	0	255	1
26117	unclassified	0	0	0	0	381	1
26119	unclassified	0	0	0	0	219	1
26121	unclassified	0	0	0	0	279	1
26123	unclassified	0	0	0	0	330	1
26124	unclassified	0	0	0	0	231	1
26125	cid|738	738	64	0	23	270	1
26120	unclassified	0	0	0	0	798	1
26122	NC_000014.9	9606	256	81	31	1263	1
26128	unclassified	0	0	0	0	876	1
26126	unclassified	0	0	0	0	1224	1
26131	unclassified	0	0	0	0	390	1
26130	unclassified	0	0	0	0	528	1
26132	unclassified	0	0	0	0	534	1
26133	unclassified	0	0	0	0	627	1
26127	NC_000019.10	9606	64	0	23	2130	1
26136	unclassified	0	0	0	0	465	1
26129	family	31989	64	64	23	1308	5
26129	family	1853232	64	64	23	1308	5
26129	family	186822	64	64	23	1308	5
26129	order	80840	64	64	23	1308	5
26129	family	39	64	64	23	1308	5
26135	unclassified	0	0	0	0	786	1
26134	unclassified	0	0	0	0	1290	1
26138	unclassified	0	0	0	0	615	1
26137	unclassified	0	0	0	0	696	1
26142	unclassified	0	0	0	0	276	1
26141	unclassified	0	0	0	0	291	1
26143	unclassified	0	0	0	0	153	1
26139	unclassified	0	0	0	0	876	1
26146	unclassified	0	0	0	0	225	1
26144	unclassified	0	0	0	0	438	1
26145	unclassified	0	0	0	0	459	1
26140	unclassified	0	0	0	0	1050	1
26147	unclassified	0	0	0	0	408	1
26148	unclassified	0	0	0	0	540	1
26150	unclassified	0	0	0	0	411	1
26151	unclassified	0	0	0	0	369	1
26153	unclassified	0	0	0	0	321	1
26154	unclassified	0	0	0	0	207	1
26149	unclassified	0	0	0	0	1071	1
26155	unclassified	0	0	0	0	417	1
26158	unclassified	0	0	0	0	345	1
26157	unclassified	0	0	0	0	492	1
26159	unclassified	0	0	0	0	135	1
26152	unclassified	0	0	0	0	1395	1
26156	unclassified	0	0	0	0	1125	1
26162	unclassified	0	0	0	0	225	1
26161	unclassified	0	0	0	0	411	1
26160	unclassified	0	0	0	0	585	1
26165	unclassified	0	0	0	0	393	1
26167	unclassified	0	0	0	0	246	1
26164	unclassified	0	0	0	0	843	1
26163	unclassified	0	0	0	0	936	1
26168	unclassified	0	0	0	0	294	1
26166	unclassified	0	0	0	0	831	1
26171	unclassified	0	0	0	0	723	1
26169	cid|76832	76832	81	64	24	909	1
26172	unclassified	0	0	0	0	906	1
26174	unclassified	0	0	0	0	828	1
26173	unclassified	0	0	0	0	1113	1
26176	unclassified	0	0	0	0	369	1
26170	cid|28031	28031	121	64	26	2004	1
26177	unclassified	0	0	0	0	426	1
26175	unclassified	0	0	0	0	1386	1
26179	unclassified	0	0	0	0	144	1
26182	unclassified	0	0	0	0	417	1
26183	unclassified	0	0	0	0	372	1
26181	unclassified	0	0	0	0	945	1
26184	unclassified	0	0	0	0	375	1
26178	unclassified	0	0	0	0	1404	1
26180	unclassified	0	0	0	0	1299	1
26186	unclassified	0	0	0	0	255	1
26188	unclassified	0	0	0	0	270	1
26190	unclassified	0	0	0	0	180	1
26189	unclassified	0	0	0	0	414	1
26185	unclassified	0	0	0	0	951	1
26192	unclassified	0	0	0	0	153	1
26194	unclassified	0	0	0	0	183	1
26191	unclassified	0	0	0	0	738	1
26187	unclassified	0	0	0	0	1368	1
26195	unclassified	0	0	0	0	339	1
26196	unclassified	0	0	0	0	189	1
26193	unclassified	0	0	0	0	660	1
26197	unclassified	0	0	0	0	138	1
26199	unclassified	0	0	0	0	354	1
26198	unclassified	0	0	0	0	618	1
26200	unclassified	0	0	0	0	609	1
26201	unclassified	0	0	0	0	819	1
26205	unclassified	0	0	0	0	165	1
26206	unclassified	0	0	0	0	423	1
26204	unclassified	0	0	0	0	996	1
26202	unclassified	0	0	0	0	1332	1
26207	unclassified	0	0	0	0	222	1
26209	unclassified	0	0	0	0	225	1
26211	unclassified	0	0	0	0	321	1
26210	unclassified	0	0	0	0	549	1
26208	unclassified	0	0	0	0	747	1
26212	unclassified	0	0	0	0	276	1
26215	unclassified	0	0	0	0	339	1
26214	unclassified	0	0	0	0	450	1
26216	unclassified	0	0	0	0	234	1
26213	cid|1336	1336	64	64	23	795	2
26213	cid|1428	1428	64	64	23	795	2
26217	NC_000007.14	9606	64	0	23	459	1
26203	unclassified	0	0	0	0	2880	1
26220	unclassified	0	0	0	0	123	1
26221	unclassified	0	0	0	0	216	1
26219	unclassified	0	0	0	0	597	1
26218	unclassified	0	0	0	0	948	1
26223	unclassified	0	0	0	0	528	1
26224	unclassified	0	0	0	0	666	1
26222	unclassified	0	0	0	0	1152	1
26225	unclassified	0	0	0	0	672	1
26227	unclassified	0	0	0	0	372	1
26226	unclassified	0	0	0	0	939	1
26230	cid|497725	497725	64	0	23	486	1
26228	unclassified	0	0	0	0	744	1
26231	unclassified	0	0	0	0	252	1
26234	unclassified	0	0	0	0	111	1
26232	unclassified	0	0	0	0	378	1
26236	unclassified	0	0	0	0	354	1
26237	unclassified	0	0	0	0	519	1
26229	unclassified	0	0	0	0	1929	1
26235	genus	780	81	0	24	936	1
26238	unclassified	0	0	0	0	144	1
26233	unclassified	0	0	0	0	1542	1
26242	unclassified	0	0	0	0	183	1
26239	unclassified	0	0	0	0	588	1
26241	unclassified	0	0	0	0	546	1
26240	unclassified	0	0	0	0	651	1
26245	unclassified	0	0	0	0	657	1
26243	unclassified	0	0	0	0	963	1
26246	unclassified	0	0	0	0	846	1
26244	unclassified	0	0	0	0	1161	1
26250	unclassified	0	0	0	0	144	1
26249	unclassified	0	0	0	0	624	1
26251	unclassified	0	0	0	0	594	1
26252	unclassified	0	0	0	0	381	1
26247	unclassified	0	0	0	0	1608	1
26253	cid|1427364	1427364	64	64	23	603	2
26253	cid|413882	413882	64	64	23	603	2
26256	NC_000007.14	9606	64	0	23	126	1
26254	unclassified	0	0	0	0	945	1
26248	unclassified	0	0	0	0	2094	1
26259	cid|1396	1396	64	0	23	210	1
26255	unclassified	0	0	0	0	900	1
26260	unclassified	0	0	0	0	162	1
26258	unclassified	0	0	0	0	405	1
26261	unclassified	0	0	0	0	276	1
26257	unclassified	0	0	0	0	795	1
26262	unclassified	0	0	0	0	234	1
26263	unclassified	0	0	0	0	333	1
26264	unclassified	0	0	0	0	234	1
26266	unclassified	0	0	0	0	423	1
26265	unclassified	0	0	0	0	504	1
26269	unclassified	0	0	0	0	174	1
26267	unclassified	0	0	0	0	591	1
26270	unclassified	0	0	0	0	327	1
26272	unclassified	0	0	0	0	201	1
26273	NC_000018.10	9606	81	0	24	129	1
26268	unclassified	0	0	0	0	810	1
26274	unclassified	0	0	0	0	408	1
26276	cid|826	826	64	0	23	444	1
26271	unclassified	0	0	0	0	1011	1
26279	unclassified	0	0	0	0	255	1
26277	unclassified	0	0	0	0	570	1
26280	unclassified	0	0	0	0	207	1
26278	cid|1491	1491	64	64	23	591	2
26278	cid|1850246	1850246	64	64	23	591	2
26275	unclassified	0	0	0	0	1368	1
26283	unclassified	0	0	0	0	330	1
26281	unclassified	0	0	0	0	591	1
26284	unclassified	0	0	0	0	384	1
26285	unclassified	0	0	0	0	390	1
26282	unclassified	0	0	0	0	879	1
26286	unclassified	0	0	0	0	513	1
26289	unclassified	0	0	0	0	339	1
26288	unclassified	0	0	0	0	636	1
26292	unclassified	0	0	0	0	207	1
26287	unclassified	0	0	0	0	1002	1
26290	cid|1892404	1892404	81	81	24	1095	3
26290	cid|1396	1396	81	81	24	1095	3
26290	cid|1428	1428	81	81	24	1095	3
26291	unclassified	0	0	0	0	915	1
26294	unclassified	0	0	0	0	633	1
26293	unclassified	0	0	0	0	993	1
26298	unclassified	0	0	0	0	276	1
26297	unclassified	0	0	0	0	636	1
26299	unclassified	0	0	0	0	270	1
26296	unclassified	0	0	0	0	1062	1
26301	unclassified	0	0	0	0	249	1
26300	unclassified	0	0	0	0	780	1
26303	unclassified	0	0	0	0	450	1
26295	unclassified	0	0	0	0	1686	1
26304	unclassified	0	0	0	0	216	1
26305	unclassified	0	0	0	0	237	1
26308	unclassified	0	0	0	0	261	1
26306	unclassified	0	0	0	0	414	1
26307	unclassified	0	0	0	0	546	1
26309	unclassified	0	0	0	0	396	1
26310	NC_000013.11	9606	64	0	23	378	1
26312	unclassified	0	0	0	0	138	1
26314	unclassified	0	0	0	0	141	1
26302	cid|200451	200451	64	0	23	1620	1
26313	unclassified	0	0	0	0	444	1
26316	unclassified	0	0	0	0	366	1
26311	unclassified	0	0	0	0	879	1
26317	unclassified	0	0	0	0	189	1
26315	unclassified	0	0	0	0	504	1
26318	unclassified	0	0	0	0	213	1
26322	unclassified	0	0	0	0	132	1
26323	unclassified	0	0	0	0	279	1
26321	unclassified	0	0	0	0	510	1
26324	NC_000003.12	9606	169	0	28	168	1
26325	unclassified	0	0	0	0	750	1
26326	unclassified	0	0	0	0	702	1
26320	unclassified	0	0	0	0	1527	1
26328	unclassified	0	0	0	0	201	1
26329	unclassified	0	0	0	0	120	1
26327	unclassified	0	0	0	0	432	1
26319	cid|403957	403957	100	0	25	1554	1
26331	unclassified	0	0	0	0	243	1
26334	unclassified	0	0	0	0	249	1
26330	unclassified	0	0	0	0	522	1
26333	unclassified	0	0	0	0	588	1
26336	unclassified	0	0	0	0	351	1
26332	unclassified	0	0	0	0	828	1
26338	unclassified	0	0	0	0	291	1
26339	unclassified	0	0	0	0	546	1
26340	unclassified	0	0	0	0	582	1
26335	unclassified	0	0	0	0	1485	1
26342	unclassified	0	0	0	0	444	1
26337	unclassified	0	0	0	0	1587	1
26344	unclassified	0	0	0	0	234	1
26343	unclassified	0	0	0	0	531	1
26341	cid|1163710	1163710	64	64	23	918	2
26341	cid|413497	413497	64	64	23	918	2
26345	unclassified	0	0	0	0	342	1
26348	unclassified	0	0	0	0	177	1
26346	unclassified	0	0	0	0	447	1
26349	unclassified	0	0	0	0	330	1
26351	unclassified	0	0	0	0	147	1
26350	unclassified	0	0	0	0	399	1
26347	unclassified	0	0	0	0	669	1
26352	unclassified	0	0	0	0	396	1
26354	unclassified	0	0	0	0	345	1
26355	unclassified	0	0	0	0	426	1
26357	unclassified	0	0	0	0	216	1
26356	unclassified	0	0	0	0	381	1
26358	unclassified	0	0	0	0	414	1
26360	unclassified	0	0	0	0	348	1
26353	NC_000003.12	9606	64	0	23	1344	1
26361	unclassified	0	0	0	0	426	1
26363	unclassified	0	0	0	0	564	1
26364	unclassified	0	0	0	0	504	1
26365	unclassified	0	0	0	0	447	1
26362	unclassified	0	0	0	0	1287	1
26359	unclassified	0	0	0	0	1800	1
26367	unclassified	0	0	0	0	138	1
26369	unclassified	0	0	0	0	147	1
26368	unclassified	0	0	0	0	240	1
26366	unclassified	0	0	0	0	777	1
26372	unclassified	0	0	0	0	402	1
26371	unclassified	0	0	0	0	897	1
26373	unclassified	0	0	0	0	831	1
26374	unclassified	0	0	0	0	552	1
26370	unclassified	0	0	0	0	1137	1
26377	unclassified	0	0	0	0	258	1
26378	unclassified	0	0	0	0	678	1
26380	unclassified	0	0	0	0	111	1
26375	unclassified	0	0	0	0	921	1
26379	unclassified	0	0	0	0	753	1
26376	unclassified	0	0	0	0	1047	1
26382	unclassified	0	0	0	0	333	1
26383	unclassified	0	0	0	0	372	1
26385	unclassified	0	0	0	0	252	1
26381	unclassified	0	0	0	0	609	1
26384	unclassified	0	0	0	0	480	1
26389	unclassified	0	0	0	0	225	1
26388	unclassified	0	0	0	0	564	1
26390	unclassified	0	0	0	0	747	1
26392	unclassified	0	0	0	0	129	1
26391	unclassified	0	0	0	0	588	1
26394	unclassified	0	0	0	0	384	1
26395	unclassified	0	0	0	0	294	1
26393	unclassified	0	0	0	0	744	1
26397	unclassified	0	0	0	0	336	1
26396	NC_000002.12	9606	64	0	23	498	1
26399	unclassified	0	0	0	0	510	1
26386	cid|1168034	1168034	64	0	23	3333	1
26400	unclassified	0	0	0	0	408	1
26387	cid|1580092	1580092	81	0	24	3507	1
26401	unclassified	0	0	0	0	873	1
26402	cid|128944	128944	64	0	23	831	1
26405	unclassified	0	0	0	0	168	1
26403	unclassified	0	0	0	0	1038	1
26404	unclassified	0	0	0	0	654	1
26398	unclassified	0	0	0	0	2331	1
26407	unclassified	0	0	0	0	240	1
26408	unclassified	0	0	0	0	252	1
26406	unclassified	0	0	0	0	582	1
26412	unclassified	0	0	0	0	273	1
26410	unclassified	0	0	0	0	585	1
26413	cid|1102	1102	289	0	32	606	1
26411	unclassified	0	0	0	0	996	1
26414	unclassified	0	0	0	0	729	1
26415	unclassified	0	0	0	0	699	1
26417	unclassified	0	0	0	0	534	1
26409	unclassified	0	0	0	0	2004	1
26418	unclassified	0	0	0	0	357	1
26416	unclassified	0	0	0	0	1047	1
26421	unclassified	0	0	0	0	462	1
26422	unclassified	0	0	0	0	711	1
26423	unclassified	0	0	0	0	384	1
26425	unclassified	0	0	0	0	183	1
26419	unclassified	0	0	0	0	1419	1
26424	unclassified	0	0	0	0	552	1
26427	unclassified	0	0	0	0	258	1
26429	unclassified	0	0	0	0	252	1
26420	unclassified	0	0	0	0	1944	1
26428	unclassified	0	0	0	0	531	1
26430	unclassified	0	0	0	0	210	1
26432	unclassified	0	0	0	0	174	1
26426	NC_000002.12	9606	64	64	23	1062	3
26426	NC_000024.10	9606	64	64	23	1062	3
26426	NC_000015.10	9606	64	64	23	1062	3
26434	unclassified	0	0	0	0	441	1
26433	cid|1408	1408	64	0	23	762	1
26436	unclassified	0	0	0	0	195	1
26435	unclassified	0	0	0	0	621	1
26437	unclassified	0	0	0	0	468	1
26431	unclassified	0	0	0	0	1533	1
26438	unclassified	0	0	0	0	750	1
26440	unclassified	0	0	0	0	351	1
26439	unclassified	0	0	0	0	1011	1
26443	unclassified	0	0	0	0	405	1
26442	unclassified	0	0	0	0	510	1
26441	unclassified	0	0	0	0	738	1
26446	unclassified	0	0	0	0	303	1
26445	unclassified	0	0	0	0	462	1
26447	unclassified	0	0	0	0	396	1
26449	unclassified	0	0	0	0	252	1
26444	unclassified	0	0	0	0	1101	1
26448	unclassified	0	0	0	0	840	1
26450	unclassified	0	0	0	0	675	1
26451	cid|100716	100716	64	0	23	531	1
26452	unclassified	0	0	0	0	504	1
26454	unclassified	0	0	0	0	291	1
26453	unclassified	0	0	0	0	402	1
26457	unclassified	0	0	0	0	198	1
26456	unclassified	0	0	0	0	495	1
26458	unclassified	0	0	0	0	525	1
26455	unclassified	0	0	0	0	789	1
26459	unclassified	0	0	0	0	579	1
26461	unclassified	0	0	0	0	750	1
26463	unclassified	0	0	0	0	594	1
26462	unclassified	0	0	0	0	741	1
26465	unclassified	0	0	0	0	141	1
26467	unclassified	0	0	0	0	213	1
26460	unclassified	0	0	0	0	1521	1
26468	unclassified	0	0	0	0	354	1
26464	unclassified	0	0	0	0	774	1
26469	unclassified	0	0	0	0	225	1
26471	unclassified	0	0	0	0	273	1
26473	unclassified	0	0	0	0	237	1
26470	unclassified	0	0	0	0	585	1
26474	unclassified	0	0	0	0	270	1
26472	unclassified	0	0	0	0	756	1
26475	unclassified	0	0	0	0	429	1
26477	unclassified	0	0	0	0	222	1
26478	unclassified	0	0	0	0	90	1
26476	unclassified	0	0	0	0	366	1
26481	unclassified	0	0	0	0	156	1
26480	unclassified	0	0	0	0	267	1
26483	unclassified	0	0	0	0	219	1
26482	unclassified	0	0	0	0	384	1
26466	unclassified	0	0	0	0	2295	1
26485	unclassified	0	0	0	0	174	1
26486	unclassified	0	0	0	0	321	1
26488	unclassified	0	0	0	0	108	1
26479	cid|391036	391036	121	121	26	1143	3
26479	cid|35795	35795	121	121	26	1143	3
26479	cid|945	945	121	121	26	1143	3
26489	unclassified	0	0	0	0	234	1
26484	NC_006565.1	298338	225	0	30	783	1
26491	unclassified	0	0	0	0	309	1
26490	unclassified	0	0	0	0	519	1
26492	unclassified	0	0	0	0	426	1
26493	unclassified	0	0	0	0	261	1
26487	unclassified	0	0	0	0	1416	1
26494	unclassified	0	0	0	0	612	1
26497	unclassified	0	0	0	0	225	1
26498	unclassified	0	0	0	0	201	1
26495	cid|1904944	1904944	100	100	25	927	2
26495	cid|40324	40324	100	100	25	927	2
26499	unclassified	0	0	0	0	579	1
26496	unclassified	0	0	0	0	1104	1
26501	unclassified	0	0	0	0	231	1
26504	unclassified	0	0	0	0	102	1
26502	unclassified	0	0	0	0	168	1
26503	unclassified	0	0	0	0	378	1
26506	unclassified	0	0	0	0	300	1
26508	unclassified	0	0	0	0	219	1
26500	unclassified	0	0	0	0	1065	1
26507	unclassified	0	0	0	0	522	1
26510	unclassified	0	0	0	0	357	1
26509	unclassified	0	0	0	0	474	1
26505	unclassified	0	0	0	0	1323	1
26513	unclassified	0	0	0	0	318	1
26512	unclassified	0	0	0	0	630	1
26515	unclassified	0	0	0	0	513	1
26514	unclassified	0	0	0	0	597	1
26517	unclassified	0	0	0	0	153	1
26511	unclassified	0	0	0	0	1317	1
26518	unclassified	0	0	0	0	447	1
26520	NC_000010.11	9606	144	0	27	318	1
26519	unclassified	0	0	0	0	504	1
26516	unclassified	0	0	0	0	1059	1
26522	unclassified	0	0	0	0	678	1
26521	unclassified	0	0	0	0	888	1
26523	unclassified	0	0	0	0	768	1
26525	unclassified	0	0	0	0	336	1
26524	unclassified	0	0	0	0	1125	1
26526	unclassified	0	0	0	0	804	1
26530	unclassified	0	0	0	0	228	1
26529	unclassified	0	0	0	0	627	1
26527	cid|358766	358766	64	0	23	1158	1
26531	unclassified	0	0	0	0	444	1
26532	unclassified	0	0	0	0	354	1
26535	unclassified	0	0	0	0	189	1
26536	unclassified	0	0	0	0	105	1
26534	unclassified	0	0	0	0	426	1
26537	unclassified	0	0	0	0	297	1
26538	unclassified	0	0	0	0	516	1
26539	unclassified	0	0	0	0	252	1
26528	cid|29329	29329	196	64	29	1884	1
26540	unclassified	0	0	0	0	240	1
26533	unclassified	0	0	0	0	1338	1
26541	unclassified	0	0	0	0	372	1
26543	unclassified	0	0	0	0	243	1
26542	unclassified	0	0	0	0	390	1
26545	unclassified	0	0	0	0	258	1
26544	unclassified	0	0	0	0	492	1
26549	unclassified	0	0	0	0	174	1
26548	unclassified	0	0	0	0	417	1
26547	unclassified	0	0	0	0	795	1
26551	unclassified	0	0	0	0	588	1
26546	unclassified	0	0	0	0	1242	1
26552	unclassified	0	0	0	0	324	1
26553	unclassified	0	0	0	0	198	1
26554	unclassified	0	0	0	0	219	1
26550	unclassified	0	0	0	0	1029	1
26555	cid|1358	1358	64	0	23	414	1
26558	unclassified	0	0	0	0	240	1
26557	unclassified	0	0	0	0	537	1
26560	unclassified	0	0	0	0	201	1
26559	unclassified	0	0	0	0	498	1
26556	unclassified	0	0	0	0	849	1
26561	unclassified	0	0	0	0	372	1
26562	unclassified	0	0	0	0	408	1
26564	unclassified	0	0	0	0	165	1
26565	unclassified	0	0	0	0	201	1
26563	unclassified	0	0	0	0	528	1
26566	unclassified	0	0	0	0	357	1
26570	unclassified	0	0	0	0	279	1
26568	unclassified	0	0	0	0	729	1
26569	unclassified	0	0	0	0	786	1
26572	unclassified	0	0	0	0	606	1
26567	unclassified	0	0	0	0	1488	1
26571	cid|743722	743722	169	64	28	972	1
26574	unclassified	0	0	0	0	531	1
26576	unclassified	0	0	0	0	336	1
26573	cid|1229909	1229909	64	0	23	1002	1
26578	unclassified	0	0	0	0	171	1
26580	unclassified	0	0	0	0	312	1
26579	unclassified	0	0	0	0	477	1
26575	unclassified	0	0	0	0	1221	1
26582	unclassified	0	0	0	0	222	1
26583	unclassified	0	0	0	0	201	1
26585	unclassified	0	0	0	0	132	1
26584	unclassified	0	0	0	0	330	1
26577	unclassified	0	0	0	0	1347	1
26587	NC_000006.12	9606	64	0	23	624	1
26589	unclassified	0	0	0	0	216	1
26581	unclassified	0	0	0	0	1494	1
26586	unclassified	0	0	0	0	1149	1
26592	unclassified	0	0	0	0	186	1
26591	unclassified	0	0	0	0	411	1
26593	unclassified	0	0	0	0	297	1
26588	cid|1492898	1492898	64	0	23	1392	1
26590	unclassified	0	0	0	0	762	1
26594	unclassified	0	0	0	0	390	1
26596	unclassified	0	0	0	0	291	1
26597	unclassified	0	0	0	0	240	1
26595	unclassified	0	0	0	0	399	1
26598	unclassified	0	0	0	0	156	1
26599	unclassified	0	0	0	0	210	1
26600	unclassified	0	0	0	0	207	1
26603	unclassified	0	0	0	0	177	1
26602	unclassified	0	0	0	0	288	1
26604	unclassified	0	0	0	0	207	1
26601	unclassified	0	0	0	0	405	1
26605	unclassified	0	0	0	0	180	1
26609	unclassified	0	0	0	0	126	1
26607	unclassified	0	0	0	0	237	1
26610	unclassified	0	0	0	0	153	1
26608	unclassified	0	0	0	0	342	1
26613	unclassified	0	0	0	0	258	1
26611	cid|1165	1165	81	0	24	405	1
26614	unclassified	0	0	0	0	105	1
26612	unclassified	0	0	0	0	462	1
26615	unclassified	0	0	0	0	222	1
26606	unclassified	0	0	0	0	1191	1
26617	unclassified	0	0	0	0	360	1
26616	unclassified	0	0	0	0	531	1
26619	unclassified	0	0	0	0	291	1
26621	unclassified	0	0	0	0	384	1
26618	unclassified	0	0	0	0	876	1
26620	unclassified	0	0	0	0	855	1
26622	unclassified	0	0	0	0	576	1
26624	unclassified	0	0	0	0	249	1
26627	unclassified	0	0	0	0	183	1
26623	unclassified	0	0	0	0	711	1
26629	unclassified	0	0	0	0	96	1
26628	unclassified	0	0	0	0	312	1
26625	cid|104	104	64	0	23	621	1
26626	NC_000002.12	9606	81	0	24	633	1
26630	unclassified	0	0	0	0	252	1
26631	unclassified	0	0	0	0	150	1
26634	unclassified	0	0	0	0	261	1
26633	unclassified	0	0	0	0	423	1
26635	unclassified	0	0	0	0	561	1
26632	unclassified	0	0	0	0	975	1
26637	unclassified	0	0	0	0	579	1
26639	unclassified	0	0	0	0	171	1
26638	unclassified	0	0	0	0	678	1
26642	unclassified	0	0	0	0	162	1
26636	unclassified	0	0	0	0	1599	1
26641	unclassified	0	0	0	0	810	1
26644	unclassified	0	0	0	0	156	1
26645	unclassified	0	0	0	0	480	1
26640	unclassified	0	0	0	0	1413	1
26643	unclassified	0	0	0	0	1044	1
26649	unclassified	0	0	0	0	117	1
26648	unclassified	0	0	0	0	270	1
26647	unclassified	0	0	0	0	333	1
26650	unclassified	0	0	0	0	306	1
26652	unclassified	0	0	0	0	144	1
26646	unclassified	0	0	0	0	924	1
26651	unclassified	0	0	0	0	423	1
26654	unclassified	0	0	0	0	324	1
26653	unclassified	0	0	0	0	501	1
26656	unclassified	0	0	0	0	420	1
26655	unclassified	0	0	0	0	651	1
26659	unclassified	0	0	0	0	120	1
26660	unclassified	0	0	0	0	141	1
26661	unclassified	0	0	0	0	144	1
26658	unclassified	0	0	0	0	471	1
26662	unclassified	0	0	0	0	282	1
26664	unclassified	0	0	0	0	249	1
26663	unclassified	0	0	0	0	336	1
26667	unclassified	0	0	0	0	138	1
26665	unclassified	0	0	0	0	261	1
26666	unclassified	0	0	0	0	270	1
26668	unclassified	0	0	0	0	165	1
26657	unclassified	0	0	0	0	1257	1
26670	unclassified	0	0	0	0	228	1
26673	unclassified	0	0	0	0	288	1
26672	unclassified	0	0	0	0	660	1
26674	unclassified	0	0	0	0	390	1
26671	unclassified	0	0	0	0	762	1
26675	unclassified	0	0	0	0	99	1
26676	unclassified	0	0	0	0	144	1
26678	unclassified	0	0	0	0	141	1
26677	unclassified	0	0	0	0	315	1
26680	unclassified	0	0	0	0	168	1
26681	unclassified	0	0	0	0	165	1
26682	unclassified	0	0	0	0	255	1
26679	unclassified	0	0	0	0	501	1
26669	unclassified	0	0	0	0	1644	1
26683	unclassified	0	0	0	0	249	1
26685	unclassified	0	0	0	0	228	1
26686	unclassified	0	0	0	0	336	1
26687	unclassified	0	0	0	0	480	1
26689	unclassified	0	0	0	0	294	1
26690	unclassified	0	0	0	0	618	1
26692	unclassified	0	0	0	0	138	1
26688	unclassified	0	0	0	0	1221	1
26693	unclassified	0	0	0	0	501	1
26684	cid|563177	563177	64	0	23	1989	1
26691	unclassified	0	0	0	0	1401	1
26695	unclassified	0	0	0	0	378	1
26696	unclassified	0	0	0	0	435	1
26698	unclassified	0	0	0	0	246	1
26697	unclassified	0	0	0	0	420	1
26699	unclassified	0	0	0	0	387	1
26694	cid|47735	47735	144	81	27	1218	1
26700	unclassified	0	0	0	0	1014	1
26702	unclassified	0	0	0	0	870	1
26704	unclassified	0	0	0	0	300	1
26703	unclassified	0	0	0	0	1179	1
26706	unclassified	0	0	0	0	339	1
26701	unclassified	0	0	0	0	1857	1
26705	unclassified	0	0	0	0	846	1
26708	unclassified	0	0	0	0	441	1
26709	unclassified	0	0	0	0	543	1
26710	unclassified	0	0	0	0	702	1
26711	unclassified	0	0	0	0	768	1
26713	unclassified	0	0	0	0	396	1
26712	unclassified	0	0	0	0	702	1
26707	unclassified	0	0	0	0	1575	1
26716	unclassified	0	0	0	0	168	1
26715	unclassified	0	0	0	0	345	1
26717	unclassified	0	0	0	0	234	1
26718	unclassified	0	0	0	0	213	1
26720	unclassified	0	0	0	0	216	1
26719	cid|1556	1556	144	0	27	414	1
26714	unclassified	0	0	0	0	1119	1
26723	unclassified	0	0	0	0	189	1
26722	unclassified	0	0	0	0	465	1
26724	unclassified	0	0	0	0	291	1
26725	unclassified	0	0	0	0	324	1
26726	unclassified	0	0	0	0	435	1
26727	unclassified	0	0	0	0	537	1
26721	unclassified	0	0	0	0	1497	1
26730	unclassified	0	0	0	0	420	1
26731	unclassified	0	0	0	0	210	1
26729	unclassified	0	0	0	0	633	1
26728	unclassified	0	0	0	0	1038	1
26732	unclassified	0	0	0	0	651	1
26734	unclassified	0	0	0	0	564	1
26737	unclassified	0	0	0	0	123	1
26733	unclassified	0	0	0	0	750	1
26735	unclassified	0	0	0	0	597	1
26740	unclassified	0	0	0	0	123	1
26741	unclassified	0	0	0	0	111	1
26736	unclassified	0	0	0	0	765	1
26742	unclassified	0	0	0	0	408	1
26739	cid|28110	28110	64	0	23	810	1
26745	unclassified	0	0	0	0	183	1
26738	unclassified	0	0	0	0	1173	1
26743	unclassified	0	0	0	0	639	1
26744	unclassified	0	0	0	0	642	1
26748	unclassified	0	0	0	0	189	1
26747	unclassified	0	0	0	0	246	1
26746	unclassified	0	0	0	0	471	1
26750	unclassified	0	0	0	0	354	1
26751	unclassified	0	0	0	0	363	1
26752	unclassified	0	0	0	0	651	1
26749	unclassified	0	0	0	0	1116	1
26755	unclassified	0	0	0	0	330	1
26753	cid|2285	2285	64	0	23	969	1
26758	unclassified	0	0	0	0	192	1
26757	cid|553239	553239	100	0	25	468	1
26760	unclassified	0	0	0	0	210	1
26756	unclassified	0	0	0	0	1218	1
26762	unclassified	0	0	0	0	60	1
26754	unclassified	0	0	0	0	1968	1
26763	unclassified	0	0	0	0	306	1
26761	unclassified	0	0	0	0	930	1
26764	unclassified	0	0	0	0	348	1
26765	unclassified	0	0	0	0	267	1
26766	unclassified	0	0	0	0	417	1
26759	unclassified	0	0	0	0	1704	1
26767	unclassified	0	0	0	0	513	1
26768	unclassified	0	0	0	0	855	1
26770	unclassified	0	0	0	0	1050	1
26773	unclassified	0	0	0	0	252	1
26774	unclassified	0	0	0	0	150	1
26772	unclassified	0	0	0	0	1302	1
26769	cid|1564	1564	64	0	23	1665	1
26777	unclassified	0	0	0	0	579	1
26775	unclassified	0	0	0	0	1227	1
26771	NC_000001.11	9606	81	0	24	2436	1
26778	unclassified	0	0	0	0	597	1
26779	unclassified	0	0	0	0	339	1
26776	unclassified	0	0	0	0	1509	1
26780	unclassified	0	0	0	0	393	1
26784	unclassified	0	0	0	0	162	1
26782	unclassified	0	0	0	0	774	1
26783	unclassified	0	0	0	0	804	1
26786	unclassified	0	0	0	0	285	1
26781	unclassified	0	0	0	0	1185	1
26785	unclassified	0	0	0	0	771	1
26788	unclassified	0	0	0	0	297	1
26791	unclassified	0	0	0	0	183	1
26789	unclassified	0	0	0	0	438	1
26787	unclassified	0	0	0	0	1008	1
26793	unclassified	0	0	0	0	726	1
26792	unclassified	0	0	0	0	861	1
26794	unclassified	0	0	0	0	558	1
26795	cid|42256	42256	81	0	24	378	1
26790	unclassified	0	0	0	0	1527	1
26796	unclassified	0	0	0	0	558	1
26799	unclassified	0	0	0	0	270	1
26801	unclassified	0	0	0	0	450	1
26800	unclassified	0	0	0	0	501	1
26802	unclassified	0	0	0	0	153	1
26803	unclassified	0	0	0	0	549	1
26798	unclassified	0	0	0	0	1629	1
26804	unclassified	0	0	0	0	885	1
26806	unclassified	0	0	0	0	255	1
26805	unclassified	0	0	0	0	828	1
26797	cid|96345	96345	81	0	24	2238	1
26808	unclassified	0	0	0	0	657	1
26810	unclassified	0	0	0	0	510	1
26807	unclassified	0	0	0	0	930	1
26809	unclassified	0	0	0	0	708	1
26813	unclassified	0	0	0	0	120	1
26811	unclassified	0	0	0	0	360	1
26815	unclassified	0	0	0	0	276	1
26817	unclassified	0	0	0	0	60	1
26818	unclassified	0	0	0	0	183	1
26816	unclassified	0	0	0	0	510	1
26819	unclassified	0	0	0	0	258	1
26814	unclassified	0	0	0	0	1197	1
26821	unclassified	0	0	0	0	489	1
26812	unclassified	0	0	0	0	1557	1
26820	unclassified	0	0	0	0	858	1
26823	unclassified	0	0	0	0	192	1
26824	unclassified	0	0	0	0	162	1
26822	unclassified	0	0	0	0	426	1
26827	unclassified	0	0	0	0	270	1
26825	unclassified	0	0	0	0	498	1
26828	unclassified	0	0	0	0	306	1
26831	unclassified	0	0	0	0	252	1
26826	unclassified	0	0	0	0	708	1
26830	unclassified	0	0	0	0	447	1
26832	unclassified	0	0	0	0	201	1
26835	unclassified	0	0	0	0	348	1
26833	unclassified	0	0	0	0	636	1
26837	unclassified	0	0	0	0	237	1
26834	unclassified	0	0	0	0	774	1
26838	unclassified	0	0	0	0	405	1
26839	unclassified	0	0	0	0	513	1
26836	unclassified	0	0	0	0	945	1
26829	cid|1117645	1117645	64	0	23	1962	1
26840	unclassified	0	0	0	0	279	1
26842	unclassified	0	0	0	0	216	1
26841	unclassified	0	0	0	0	378	1
26846	unclassified	0	0	0	0	357	1
26845	unclassified	0	0	0	0	519	1
26843	unclassified	0	0	0	0	795	1
26844	unclassified	0	0	0	0	798	1
26847	unclassified	0	0	0	0	282	1
26848	unclassified	0	0	0	0	276	1
26851	unclassified	0	0	0	0	345	1
26849	unclassified	0	0	0	0	636	1
26852	unclassified	0	0	0	0	753	1
26850	NC_000004.12	9606	64	64	23	969	2
26850	NC_000014.9	9606	64	64	23	969	2
26854	unclassified	0	0	0	0	429	1
26853	unclassified	0	0	0	0	717	1
26856	unclassified	0	0	0	0	453	1
26859	unclassified	0	0	0	0	141	1
26857	unclassified	0	0	0	0	573	1
26858	unclassified	0	0	0	0	477	1
26861	unclassified	0	0	0	0	309	1
26860	unclassified	0	0	0	0	396	1
26863	unclassified	0	0	0	0	168	1
26855	cid|283734	283734	289	289	32	1245	2
26855	cid|1295	1295	289	289	32	1245	2
26864	unclassified	0	0	0	0	402	1
26862	unclassified	0	0	0	0	651	1
26866	unclassified	0	0	0	0	213	1
26869	unclassified	0	0	0	0	168	1
26865	unclassified	0	0	0	0	582	1
26868	unclassified	0	0	0	0	351	1
26871	unclassified	0	0	0	0	333	1
26870	unclassified	0	0	0	0	522	1
26867	unclassified	0	0	0	0	999	1
26873	unclassified	0	0	0	0	345	1
26874	unclassified	0	0	0	0	462	1
26872	unclassified	0	0	0	0	987	1
26875	unclassified	0	0	0	0	528	1
26878	unclassified	0	0	0	0	276	1
26879	unclassified	0	0	0	0	255	1
26877	unclassified	0	0	0	0	543	1
26880	unclassified	0	0	0	0	192	1
26876	unclassified	0	0	0	0	954	1
26884	unclassified	0	0	0	0	156	1
26881	unclassified	0	0	0	0	396	1
26885	unclassified	0	0	0	0	177	1
26886	unclassified	0	0	0	0	252	1
26883	unclassified	0	0	0	0	564	1
26887	unclassified	0	0	0	0	525	1
26889	unclassified	0	0	0	0	306	1
26890	unclassified	0	0	0	0	192	1
26891	unclassified	0	0	0	0	327	1
26882	unclassified	0	0	0	0	1311	1
26892	unclassified	0	0	0	0	660	1
26893	unclassified	0	0	0	0	639	1
26896	unclassified	0	0	0	0	180	1
26888	cid|499229	499229	225	121	30	1413	1
26894	unclassified	0	0	0	0	888	1
26899	unclassified	0	0	0	0	111	1
26898	unclassified	0	0	0	0	300	1
26900	unclassified	0	0	0	0	393	1
26895	cid|36809	36809	64	0	23	948	1
26901	unclassified	0	0	0	0	330	1
26897	unclassified	0	0	0	0	834	1
26903	unclassified	0	0	0	0	396	1
26902	unclassified	0	0	0	0	483	1
26907	unclassified	0	0	0	0	147	1
26906	unclassified	0	0	0	0	513	1
26904	unclassified	0	0	0	0	936	1
26909	unclassified	0	0	0	0	387	1
26908	unclassified	0	0	0	0	1119	1
26905	unclassified	0	0	0	0	1578	1
26911	unclassified	0	0	0	0	579	1
26913	unclassified	0	0	0	0	597	1
26912	unclassified	0	0	0	0	825	1
26914	unclassified	0	0	0	0	768	1
26915	unclassified	0	0	0	0	294	1
26910	cid|54262	54262	64	0	23	1725	1
26918	unclassified	0	0	0	0	168	1
26919	unclassified	0	0	0	0	351	1
26917	unclassified	0	0	0	0	648	1
26916	unclassified	0	0	0	0	789	1
26920	unclassified	0	0	0	0	765	1
26923	unclassified	0	0	0	0	384	1
26921	unclassified	0	0	0	0	582	1
26922	unclassified	0	0	0	0	540	1
26924	unclassified	0	0	0	0	606	1
26925	unclassified	0	0	0	0	723	1
26927	unclassified	0	0	0	0	855	1
26929	unclassified	0	0	0	0	327	1
26931	unclassified	0	0	0	0	201	1
26926	unclassified	0	0	0	0	1242	1
26930	unclassified	0	0	0	0	486	1
26928	unclassified	0	0	0	0	1251	1
26933	unclassified	0	0	0	0	735	1
26932	unclassified	0	0	0	0	915	1
26935	unclassified	0	0	0	0	546	1
26937	unclassified	0	0	0	0	294	1
26936	unclassified	0	0	0	0	456	1
26934	unclassified	0	0	0	0	1113	1
26939	unclassified	0	0	0	0	360	1
26940	unclassified	0	0	0	0	606	1
26938	unclassified	0	0	0	0	1191	1
26941	unclassified	0	0	0	0	1068	1
26945	unclassified	0	0	0	0	435	1
26943	unclassified	0	0	0	0	1029	1
26942	cid|388950	388950	100	0	25	1455	1
26944	unclassified	0	0	0	0	699	1
26949	unclassified	0	0	0	0	318	1
26946	unclassified	0	0	0	0	393	1
26950	unclassified	0	0	0	0	192	1
26948	unclassified	0	0	0	0	630	1
26953	unclassified	0	0	0	0	555	1
26952	unclassified	0	0	0	0	669	1
26951	unclassified	0	0	0	0	975	1
26947	unclassified	0	0	0	0	1506	1
26955	unclassified	0	0	0	0	453	1
26957	unclassified	0	0	0	0	489	1
26954	unclassified	0	0	0	0	1023	1
26956	unclassified	0	0	0	0	1062	1
26959	unclassified	0	0	0	0	465	1
26958	unclassified	0	0	0	0	780	1
26961	unclassified	0	0	0	0	552	1
26960	unclassified	0	0	0	0	963	1
26964	unclassified	0	0	0	0	297	1
26966	unclassified	0	0	0	0	297	1
26963	unclassified	0	0	0	0	1137	1
26962	cid|859653	859653	81	0	24	1281	1
26965	unclassified	0	0	0	0	636	1
26968	unclassified	0	0	0	0	468	1
26969	unclassified	0	0	0	0	396	1
26967	unclassified	0	0	0	0	837	1
26972	unclassified	0	0	0	0	402	1
26970	unclassified	0	0	0	0	777	1
26971	cid|150340	150340	100	0	25	588	1
26974	unclassified	0	0	0	0	636	1
26973	unclassified	0	0	0	0	966	1
26976	unclassified	0	0	0	0	774	1
26975	unclassified	0	0	0	0	915	1
26979	unclassified	0	0	0	0	630	1
26978	unclassified	0	0	0	0	1077	1
26977	unclassified	0	0	0	0	1320	1
26980	unclassified	0	0	0	0	969	1
26981	cid|2277	2277	64	0	23	513	1
26982	cid|34	34	64	0	23	576	1
26984	unclassified	0	0	0	0	825	1
26985	unclassified	0	0	0	0	1062	1
26983	unclassified	0	0	0	0	1440	1
26986	NC_000013.11	9606	64	0	23	960	1
26989	unclassified	0	0	0	0	681	1
26988	unclassified	0	0	0	0	1053	1
26990	unclassified	0	0	0	0	909	1
26992	unclassified	0	0	0	0	249	1
26991	unclassified	0	0	0	0	453	1
26993	unclassified	0	0	0	0	279	1
26994	unclassified	0	0	0	0	162	1
26987	unclassified	0	0	0	0	1962	1
26995	unclassified	0	0	0	0	324	1
26996	unclassified	0	0	0	0	396	1
27000	unclassified	0	0	0	0	252	1
26998	unclassified	0	0	0	0	882	1
26997	unclassified	0	0	0	0	1377	1
26999	unclassified	0	0	0	0	1134	1
27003	unclassified	0	0	0	0	177	1
27001	unclassified	0	0	0	0	1455	1
27004	unclassified	0	0	0	0	1275	1
27005	unclassified	0	0	0	0	1185	1
27002	unclassified	0	0	0	0	1767	1
27008	unclassified	0	0	0	0	243	1
27007	unclassified	0	0	0	0	366	1
27010	unclassified	0	0	0	0	246	1
27009	unclassified	0	0	0	0	393	1
27006	unclassified	0	0	0	0	1221	1
27011	unclassified	0	0	0	0	405	1
27015	unclassified	0	0	0	0	180	1
27014	unclassified	0	0	0	0	288	1
27013	unclassified	0	0	0	0	363	1
27017	unclassified	0	0	0	0	132	1
27018	unclassified	0	0	0	0	210	1
27016	unclassified	0	0	0	0	258	1
27019	unclassified	0	0	0	0	141	1
27020	unclassified	0	0	0	0	720	1
27021	unclassified	0	0	0	0	747	1
27022	unclassified	0	0	0	0	816	1
27012	unclassified	0	0	0	0	1503	1
27025	unclassified	0	0	0	0	417	1
27026	unclassified	0	0	0	0	468	1
27023	unclassified	0	0	0	0	708	1
27029	unclassified	0	0	0	0	267	1
27028	unclassified	0	0	0	0	420	1
27024	unclassified	0	0	0	0	1128	1
27027	unclassified	0	0	0	0	612	1
27031	unclassified	0	0	0	0	228	1
27030	unclassified	0	0	0	0	423	1
27032	unclassified	0	0	0	0	411	1
27034	unclassified	0	0	0	0	210	1
27033	unclassified	0	0	0	0	441	1
27035	unclassified	0	0	0	0	519	1
27036	unclassified	0	0	0	0	375	1
27040	unclassified	0	0	0	0	492	1
27037	unclassified	0	0	0	0	1194	1
27038	unclassified	0	0	0	0	1356	1
27039	unclassified	0	0	0	0	1425	1
27042	unclassified	0	0	0	0	825	1
27041	unclassified	0	0	0	0	1248	1
27043	unclassified	0	0	0	0	855	1
27047	unclassified	0	0	0	0	228	1
27048	unclassified	0	0	0	0	156	1
27045	unclassified	0	0	0	0	780	1
27044	unclassified	0	0	0	0	996	1
27051	unclassified	0	0	0	0	237	1
27050	NC_000015.10	9606	64	0	23	240	1
27046	unclassified	0	0	0	0	1095	1
27049	unclassified	0	0	0	0	573	1
27053	unclassified	0	0	0	0	108	1
27052	unclassified	0	0	0	0	228	1
27056	unclassified	0	0	0	0	243	1
27057	unclassified	0	0	0	0	228	1
27054	unclassified	0	0	0	0	435	1
27055	unclassified	0	0	0	0	1104	1
27058	unclassified	0	0	0	0	999	1
27061	unclassified	0	0	0	0	420	1
27060	unclassified	0	0	0	0	1131	1
27062	unclassified	0	0	0	0	510	1
27063	unclassified	0	0	0	0	822	1
27064	unclassified	0	0	0	0	840	1
27059	unclassified	0	0	0	0	2136	1
27065	unclassified	0	0	0	0	1110	1
27067	unclassified	0	0	0	0	537	1
27068	unclassified	0	0	0	0	543	1
27069	unclassified	0	0	0	0	222	1
27072	unclassified	0	0	0	0	198	1
27070	unclassified	0	0	0	0	387	1
27066	unclassified	0	0	0	0	1182	1
27071	unclassified	0	0	0	0	456	1
27074	unclassified	0	0	0	0	426	1
27075	unclassified	0	0	0	0	528	1
27077	unclassified	0	0	0	0	309	1
27073	unclassified	0	0	0	0	807	1
27078	unclassified	0	0	0	0	198	1
27079	unclassified	0	0	0	0	318	1
27076	cid|1697043	1697043	100	64	25	774	1
27081	unclassified	0	0	0	0	732	1
27082	unclassified	0	0	0	0	570	1
27083	NC_000010.11	9606	64	0	23	651	1
27084	unclassified	0	0	0	0	375	1
27086	unclassified	0	0	0	0	309	1
27085	unclassified	0	0	0	0	507	1
27087	unclassified	0	0	0	0	186	1
27089	unclassified	0	0	0	0	243	1
27090	unclassified	0	0	0	0	483	1
27091	unclassified	0	0	0	0	390	1
27088	unclassified	0	0	0	0	903	1
27094	unclassified	0	0	0	0	297	1
27093	unclassified	0	0	0	0	546	1
27095	unclassified	0	0	0	0	321	1
27080	unclassified	0	0	0	0	2835	1
27097	unclassified	0	0	0	0	453	1
27099	unclassified	0	0	0	0	645	1
27098	unclassified	0	0	0	0	990	1
27096	cid|172	172	64	0	23	1542	1
27092	unclassified	0	0	0	0	2280	1
27103	unclassified	0	0	0	0	204	1
27104	unclassified	0	0	0	0	144	1
27102	unclassified	0	0	0	0	372	1
27101	unclassified	0	0	0	0	594	1
27106	unclassified	0	0	0	0	234	1
27105	unclassified	0	0	0	0	240	1
27100	unclassified	0	0	0	0	816	1
27107	unclassified	0	0	0	0	282	1
27109	unclassified	0	0	0	0	156	1
27108	unclassified	0	0	0	0	195	1
27113	unclassified	0	0	0	0	228	1
27110	unclassified	0	0	0	0	471	1
27115	unclassified	0	0	0	0	138	1
27114	unclassified	0	0	0	0	453	1
27112	unclassified	0	0	0	0	840	1
27116	unclassified	0	0	0	0	459	1
27117	unclassified	0	0	0	0	399	1
27118	unclassified	0	0	0	0	339	1
27121	unclassified	0	0	0	0	483	1
27120	unclassified	0	0	0	0	576	1
27111	unclassified	0	0	0	0	1815	1
27119	unclassified	0	0	0	0	984	1
27122	unclassified	0	0	0	0	333	1
27123	unclassified	0	0	0	0	507	1
27124	unclassified	0	0	0	0	525	1
27126	unclassified	0	0	0	0	393	1
27127	unclassified	0	0	0	0	291	1
27125	unclassified	0	0	0	0	585	1
27129	unclassified	0	0	0	0	210	1
27130	unclassified	0	0	0	0	303	1
27128	unclassified	0	0	0	0	849	1
27132	unclassified	0	0	0	0	1281	1
27134	unclassified	0	0	0	0	1125	1
27133	unclassified	0	0	0	0	1572	1
27136	unclassified	0	0	0	0	198	1
27138	unclassified	0	0	0	0	438	1
27137	unclassified	0	0	0	0	729	1
27135	unclassified	0	0	0	0	1317	1
27139	unclassified	0	0	0	0	303	1
27131	unclassified	0	0	0	0	2583	1
27141	unclassified	0	0	0	0	294	1
27142	unclassified	0	0	0	0	333	1
27143	unclassified	0	0	0	0	294	1
27145	unclassified	0	0	0	0	309	1
27140	unclassified	0	0	0	0	891	1
27146	unclassified	0	0	0	0	234	1
27144	unclassified	0	0	0	0	597	1
27147	unclassified	0	0	0	0	516	1
27149	unclassified	0	0	0	0	444	1
27151	unclassified	0	0	0	0	231	1
27148	unclassified	0	0	0	0	717	1
27154	unclassified	0	0	0	0	258	1
27152	unclassified	0	0	0	0	621	1
27150	unclassified	0	0	0	0	1293	1
27156	unclassified	0	0	0	0	336	1
27157	unclassified	0	0	0	0	201	1
27158	unclassified	0	0	0	0	174	1
27155	unclassified	0	0	0	0	897	1
27159	unclassified	0	0	0	0	336	1
27162	unclassified	0	0	0	0	303	1
27153	unclassified	0	0	0	0	1518	1
27163	unclassified	0	0	0	0	249	1
27160	unclassified	0	0	0	0	810	1
27164	unclassified	0	0	0	0	324	1
27165	unclassified	0	0	0	0	297	1
27167	unclassified	0	0	0	0	162	1
27166	unclassified	0	0	0	0	387	1
27168	unclassified	0	0	0	0	492	1
27161	unclassified	0	0	0	0	1596	1
27172	unclassified	0	0	0	0	288	1
27169	unclassified	0	0	0	0	984	1
27170	unclassified	0	0	0	0	996	1
27174	unclassified	0	0	0	0	156	1
27173	unclassified	0	0	0	0	426	1
27175	unclassified	0	0	0	0	405	1
27177	unclassified	0	0	0	0	396	1
27171	unclassified	0	0	0	0	1530	1
27178	unclassified	0	0	0	0	450	1
27180	unclassified	0	0	0	0	138	1
27181	unclassified	0	0	0	0	102	1
27179	unclassified	0	0	0	0	732	1
27182	unclassified	0	0	0	0	591	1
27176	unclassified	0	0	0	0	1545	1
27184	unclassified	0	0	0	0	516	1
27186	unclassified	0	0	0	0	531	1
27188	unclassified	0	0	0	0	414	1
27187	unclassified	0	0	0	0	870	1
27185	unclassified	0	0	0	0	1296	1
27183	cid|53345	53345	64	0	23	2055	1
27189	cid|996	996	64	0	23	831	1
27190	unclassified	0	0	0	0	1083	1
27193	unclassified	0	0	0	0	804	1
27194	unclassified	0	0	0	0	420	1
27192	unclassified	0	0	0	0	1263	1
27196	unclassified	0	0	0	0	384	1
27195	unclassified	0	0	0	0	618	1
27198	unclassified	0	0	0	0	165	1
27197	unclassified	0	0	0	0	777	1
27199	unclassified	0	0	0	0	360	1
27200	unclassified	0	0	0	0	423	1
27201	unclassified	0	0	0	0	303	1
27203	cid|1311	1311	81	0	24	561	1
27191	NC_028104.1	1586712	64	0	23	3033	1
27202	unclassified	0	0	0	0	804	1
27205	unclassified	0	0	0	0	480	1
27204	unclassified	0	0	0	0	855	1
27208	unclassified	0	0	0	0	144	1
27210	unclassified	0	0	0	0	597	1
27209	unclassified	0	0	0	0	759	1
27206	cid|1428	1428	81	81	24	1203	4
27206	cid|1396	1396	81	81	24	1203	4
27206	cid|1892404	1892404	81	81	24	1203	4
27206	cid|155322	155322	81	81	24	1203	4
27213	unclassified	0	0	0	0	132	1
27211	unclassified	0	0	0	0	414	1
27212	unclassified	0	0	0	0	573	1
27207	unclassified	0	0	0	0	1863	1
27215	unclassified	0	0	0	0	555	1
27217	unclassified	0	0	0	0	318	1
27216	unclassified	0	0	0	0	429	1
27218	unclassified	0	0	0	0	282	1
27219	unclassified	0	0	0	0	213	1
27220	unclassified	0	0	0	0	261	1
27214	cid|173	173	81	0	24	1164	1
27221	unclassified	0	0	0	0	555	1
27224	unclassified	0	0	0	0	813	1
27223	unclassified	0	0	0	0	1038	1
27222	unclassified	0	0	0	0	1176	1
27225	unclassified	0	0	0	0	828	1
27227	unclassified	0	0	0	0	189	1
27229	unclassified	0	0	0	0	192	1
27228	unclassified	0	0	0	0	510	1
27230	unclassified	0	0	0	0	450	1
27231	unclassified	0	0	0	0	492	1
27226	unclassified	0	0	0	0	1011	1
27232	unclassified	0	0	0	0	426	1
27233	unclassified	0	0	0	0	327	1
27235	unclassified	0	0	0	0	306	1
27236	unclassified	0	0	0	0	444	1
27237	unclassified	0	0	0	0	663	1
27238	unclassified	0	0	0	0	504	1
27239	unclassified	0	0	0	0	330	1
27234	unclassified	0	0	0	0	978	1
27240	unclassified	0	0	0	0	405	1
27242	unclassified	0	0	0	0	258	1
27245	unclassified	0	0	0	0	246	1
27246	unclassified	0	0	0	0	492	1
27244	unclassified	0	0	0	0	762	1
27247	unclassified	0	0	0	0	465	1
27241	unclassified	0	0	0	0	1536	1
27243	cid|19	19	196	0	29	1503	1
27250	unclassified	0	0	0	0	231	1
27248	unclassified	0	0	0	0	672	1
27251	unclassified	0	0	0	0	339	1
27249	cid|1219	1219	64	0	23	432	1
27253	unclassified	0	0	0	0	189	1
27256	unclassified	0	0	0	0	348	1
27257	unclassified	0	0	0	0	543	1
27254	unclassified	0	0	0	0	1110	1
27255	unclassified	0	0	0	0	1260	1
27259	unclassified	0	0	0	0	255	1
27258	cid|1286	1286	100	0	25	480	1
27252	unclassified	0	0	0	0	1737	1
27260	unclassified	0	0	0	0	537	1
27263	unclassified	0	0	0	0	219	1
27262	unclassified	0	0	0	0	651	1
27265	cid|190893	190893	64	0	23	363	1
27261	unclassified	0	0	0	0	1176	1
27267	unclassified	0	0	0	0	357	1
27264	unclassified	0	0	0	0	996	1
27268	cid|1752063	1752063	289	64	32	543	1
27271	unclassified	0	0	0	0	300	1
27269	unclassified	0	0	0	0	999	1
27270	cid|83406	83406	64	0	23	825	1
27266	unclassified	0	0	0	0	1698	1
27272	unclassified	0	0	0	0	408	1
27275	unclassified	0	0	0	0	222	1
27276	unclassified	0	0	0	0	270	1
27273	unclassified	0	0	0	0	471	1
27277	unclassified	0	0	0	0	336	1
27274	unclassified	0	0	0	0	726	1
27279	unclassified	0	0	0	0	408	1
27278	unclassified	0	0	0	0	435	1
27282	unclassified	0	0	0	0	186	1
27281	unclassified	0	0	0	0	495	1
27283	cid|399742	399742	64	0	23	393	1
27280	unclassified	0	0	0	0	717	1
27284	unclassified	0	0	0	0	555	1
27285	unclassified	0	0	0	0	363	1
27286	unclassified	0	0	0	0	348	1
27290	unclassified	0	0	0	0	411	1
27291	unclassified	0	0	0	0	165	1
27289	unclassified	0	0	0	0	690	1
27292	unclassified	0	0	0	0	192	1
27287	unclassified	0	0	0	0	1149	1
27288	unclassified	0	0	0	0	996	1
27293	unclassified	0	0	0	0	477	1
27296	unclassified	0	0	0	0	243	1
27294	unclassified	0	0	0	0	414	1
27297	unclassified	0	0	0	0	126	1
27298	unclassified	0	0	0	0	117	1
27295	unclassified	0	0	0	0	606	1
27301	unclassified	0	0	0	0	441	1
27299	unclassified	0	0	0	0	612	1
27300	unclassified	0	0	0	0	675	1
27305	unclassified	0	0	0	0	558	1
27303	cid|1603555	1603555	169	0	28	699	1
27302	unclassified	0	0	0	0	1098	1
27304	unclassified	0	0	0	0	726	1
27306	unclassified	0	0	0	0	246	1
27309	unclassified	0	0	0	0	306	1
27307	unclassified	0	0	0	0	411	1
27312	unclassified	0	0	0	0	339	1
27313	unclassified	0	0	0	0	111	1
27311	unclassified	0	0	0	0	537	1
27310	unclassified	0	0	0	0	774	1
27308	unclassified	0	0	0	0	1020	1
27316	unclassified	0	0	0	0	210	1
27318	unclassified	0	0	0	0	96	1
27314	unclassified	0	0	0	0	429	1
27319	unclassified	0	0	0	0	240	1
27315	unclassified	0	0	0	0	708	1
27320	unclassified	0	0	0	0	540	1
27323	unclassified	0	0	0	0	285	1
27322	unclassified	0	0	0	0	735	1
27317	unclassified	0	0	0	0	1269	1
27324	unclassified	0	0	0	0	333	1
27321	unclassified	0	0	0	0	981	1
27327	unclassified	0	0	0	0	273	1
27325	unclassified	0	0	0	0	450	1
27329	unclassified	0	0	0	0	381	1
27331	unclassified	0	0	0	0	318	1
27326	unclassified	0	0	0	0	1440	1
27328	unclassified	0	0	0	0	1278	1
27332	unclassified	0	0	0	0	402	1
27333	unclassified	0	0	0	0	492	1
27335	unclassified	0	0	0	0	498	1
27334	unclassified	0	0	0	0	552	1
27336	unclassified	0	0	0	0	159	1
27337	unclassified	0	0	0	0	225	1
27330	unclassified	0	0	0	0	1827	1
27338	unclassified	0	0	0	0	285	1
27339	unclassified	0	0	0	0	300	1
27341	unclassified	0	0	0	0	159	1
27340	unclassified	0	0	0	0	339	1
27343	unclassified	0	0	0	0	204	1
27344	unclassified	0	0	0	0	186	1
27342	unclassified	0	0	0	0	483	1
27347	unclassified	0	0	0	0	399	1
27345	unclassified	0	0	0	0	537	1
27348	unclassified	0	0	0	0	672	1
27346	cid|1281	1281	121	0	26	1263	1
27350	unclassified	0	0	0	0	984	1
27352	unclassified	0	0	0	0	264	1
27353	unclassified	0	0	0	0	261	1
27355	unclassified	0	0	0	0	159	1
27351	unclassified	0	0	0	0	1092	1
27356	unclassified	0	0	0	0	213	1
27354	unclassified	0	0	0	0	480	1
27358	unclassified	0	0	0	0	189	1
27359	unclassified	0	0	0	0	855	1
27349	unclassified	0	0	0	0	2544	1
27357	unclassified	0	0	0	0	924	1
27360	unclassified	0	0	0	0	810	1
27364	unclassified	0	0	0	0	207	1
27361	unclassified	0	0	0	0	696	1
27365	unclassified	0	0	0	0	483	1
27366	unclassified	0	0	0	0	213	1
27362	unclassified	0	0	0	0	921	1
27363	unclassified	0	0	0	0	1032	1
27367	unclassified	0	0	0	0	630	1
27368	unclassified	0	0	0	0	777	1
27370	unclassified	0	0	0	0	843	1
27369	unclassified	0	0	0	0	993	1
27373	unclassified	0	0	0	0	465	1
27371	cid|84022	84022	64	0	23	1065	1
27372	unclassified	0	0	0	0	1077	1
27374	unclassified	0	0	0	0	897	1
27376	unclassified	0	0	0	0	420	1
27375	unclassified	0	0	0	0	702	1
27377	unclassified	0	0	0	0	357	1
27379	unclassified	0	0	0	0	366	1
27381	unclassified	0	0	0	0	186	1
27382	unclassified	0	0	0	0	300	1
27383	unclassified	0	0	0	0	309	1
27380	unclassified	0	0	0	0	594	1
27378	unclassified	0	0	0	0	864	1
27385	unclassified	0	0	0	0	135	1
27384	unclassified	0	0	0	0	519	1
27386	unclassified	0	0	0	0	459	1
27387	unclassified	0	0	0	0	567	1
27389	unclassified	0	0	0	0	234	1
27390	unclassified	0	0	0	0	291	1
27388	unclassified	0	0	0	0	750	1
27391	unclassified	0	0	0	0	333	1
27395	unclassified	0	0	0	0	105	1
27393	unclassified	0	0	0	0	558	1
27392	unclassified	0	0	0	0	861	1
27396	unclassified	0	0	0	0	441	1
27394	unclassified	0	0	0	0	783	1
27400	unclassified	0	0	0	0	138	1
27398	unclassified	0	0	0	0	408	1
27401	unclassified	0	0	0	0	303	1
27397	unclassified	0	0	0	0	726	1
27399	unclassified	0	0	0	0	717	1
27404	unclassified	0	0	0	0	342	1
27402	unclassified	0	0	0	0	591	1
27403	unclassified	0	0	0	0	504	1
27406	unclassified	0	0	0	0	255	1
27407	unclassified	0	0	0	0	240	1
27408	unclassified	0	0	0	0	180	1
27411	unclassified	0	0	0	0	96	1
27410	unclassified	0	0	0	0	306	1
27409	unclassified	0	0	0	0	387	1
27405	unclassified	0	0	0	0	1008	1
27414	unclassified	0	0	0	0	339	1
27416	unclassified	0	0	0	0	228	1
27417	unclassified	0	0	0	0	225	1
27415	unclassified	0	0	0	0	657	1
27419	unclassified	0	0	0	0	195	1
27412	cid|2331	2331	64	0	23	1311	1
27413	unclassified	0	0	0	0	1341	1
27420	unclassified	0	0	0	0	210	1
27422	unclassified	0	0	0	0	153	1
27423	unclassified	0	0	0	0	273	1
27424	unclassified	0	0	0	0	234	1
27418	unclassified	0	0	0	0	975	1
27421	unclassified	0	0	0	0	633	1
27427	unclassified	0	0	0	0	198	1
27425	unclassified	0	0	0	0	333	1
27429	unclassified	0	0	0	0	297	1
27428	unclassified	0	0	0	0	408	1
27432	unclassified	0	0	0	0	141	1
27430	unclassified	0	0	0	0	423	1
27431	unclassified	0	0	0	0	294	1
27426	unclassified	0	0	0	0	870	1
27434	unclassified	0	0	0	0	210	1
27435	unclassified	0	0	0	0	255	1
27436	unclassified	0	0	0	0	381	1
27433	unclassified	0	0	0	0	420	1
27437	unclassified	0	0	0	0	249	1
27439	unclassified	0	0	0	0	138	1
27440	unclassified	0	0	0	0	288	1
27441	unclassified	0	0	0	0	285	1
27442	unclassified	0	0	0	0	219	1
27444	unclassified	0	0	0	0	231	1
27443	unclassified	0	0	0	0	594	1
27438	unclassified	0	0	0	0	1050	1
27446	unclassified	0	0	0	0	693	1
27448	cid|940	940	144	0	27	270	1
27445	unclassified	0	0	0	0	1035	1
27450	unclassified	0	0	0	0	375	1
27449	unclassified	0	0	0	0	513	1
27451	unclassified	0	0	0	0	558	1
27453	unclassified	0	0	0	0	351	1
27455	unclassified	0	0	0	0	78	1
27447	unclassified	0	0	0	0	1227	1
27457	unclassified	0	0	0	0	180	1
27456	unclassified	0	0	0	0	408	1
27458	unclassified	0	0	0	0	240	1
27452	unclassified	0	0	0	0	1071	1
27454	unclassified	0	0	0	0	1044	1
27461	unclassified	0	0	0	0	291	1
27460	unclassified	0	0	0	0	531	1
27462	unclassified	0	0	0	0	312	1
27459	unclassified	0	0	0	0	720	1
27466	unclassified	0	0	0	0	294	1
27463	unclassified	0	0	0	0	594	1
27465	unclassified	0	0	0	0	609	1
27468	unclassified	0	0	0	0	288	1
27464	unclassified	0	0	0	0	894	1
27470	unclassified	0	0	0	0	354	1
27469	unclassified	0	0	0	0	486	1
27467	unclassified	0	0	0	0	972	1
27472	unclassified	0	0	0	0	294	1
27473	unclassified	0	0	0	0	261	1
27471	unclassified	0	0	0	0	633	1
27476	unclassified	0	0	0	0	102	1
27477	unclassified	0	0	0	0	252	1
27475	unclassified	0	0	0	0	387	1
27480	unclassified	0	0	0	0	321	1
27479	unclassified	0	0	0	0	678	1
27482	unclassified	0	0	0	0	120	1
27478	unclassified	0	0	0	0	999	1
27481	unclassified	0	0	0	0	468	1
27485	unclassified	0	0	0	0	315	1
27484	unclassified	0	0	0	0	387	1
27486	unclassified	0	0	0	0	99	1
27483	unclassified	0	0	0	0	612	1
27487	unclassified	0	0	0	0	270	1
27489	unclassified	0	0	0	0	261	1
27474	unclassified	0	0	0	0	2133	1
27488	unclassified	0	0	0	0	756	1
27490	unclassified	0	0	0	0	606	1
27494	unclassified	0	0	0	0	87	1
27492	unclassified	0	0	0	0	507	1
27495	unclassified	0	0	0	0	318	1
27491	unclassified	0	0	0	0	873	1
27493	unclassified	0	0	0	0	669	1
27496	unclassified	0	0	0	0	942	1
27497	unclassified	0	0	0	0	795	1
27499	cid|1566358	1566358	100	0	25	771	1
27498	unclassified	0	0	0	0	1023	1
27502	unclassified	0	0	0	0	99	1
27501	unclassified	0	0	0	0	840	1
27500	unclassified	0	0	0	0	1053	1
27504	unclassified	0	0	0	0	798	1
27506	unclassified	0	0	0	0	666	1
27503	unclassified	0	0	0	0	1386	1
27507	cid|1768242	1768242	64	0	23	972	1
27505	unclassified	0	0	0	0	1602	1
27510	cid|1295609	1295609	64	0	23	399	1
27512	unclassified	0	0	0	0	309	1
27511	unclassified	0	0	0	0	600	1
27509	unclassified	0	0	0	0	1491	1
27514	unclassified	0	0	0	0	267	1
27513	unclassified	0	0	0	0	447	1
27508	unclassified	0	0	0	0	1641	1
27518	unclassified	0	0	0	0	291	1
27515	unclassified	0	0	0	0	618	1
27517	unclassified	0	0	0	0	759	1
27519	unclassified	0	0	0	0	510	1
27522	unclassified	0	0	0	0	276	1
27520	unclassified	0	0	0	0	759	1
27523	unclassified	0	0	0	0	219	1
27516	unclassified	0	0	0	0	1806	1
27521	unclassified	0	0	0	0	1098	1
27525	unclassified	0	0	0	0	408	1
27527	unclassified	0	0	0	0	435	1
27529	unclassified	0	0	0	0	339	1
27524	unclassified	0	0	0	0	1746	1
27531	unclassified	0	0	0	0	237	1
27528	cid|166501	166501	100	100	25	1269	2
27528	cid|379064	379064	100	100	25	1269	2
27533	unclassified	0	0	0	0	324	1
27530	unclassified	0	0	0	0	1077	1
27532	unclassified	0	0	0	0	648	1
27526	unclassified	0	0	0	0	2130	1
27536	unclassified	0	0	0	0	198	1
27537	NC_000010.11	9606	64	0	23	189	1
27535	unclassified	0	0	0	0	507	1
27534	unclassified	0	0	0	0	567	1
27539	unclassified	0	0	0	0	165	1
27538	unclassified	0	0	0	0	243	1
27541	unclassified	0	0	0	0	216	1
27543	unclassified	0	0	0	0	324	1
27544	unclassified	0	0	0	0	267	1
27540	unclassified	0	0	0	0	489	1
27547	unclassified	0	0	0	0	171	1
27546	unclassified	0	0	0	0	303	1
27549	unclassified	0	0	0	0	201	1
27548	unclassified	0	0	0	0	447	1
27542	unclassified	0	0	0	0	1149	1
27550	unclassified	0	0	0	0	573	1
27551	unclassified	0	0	0	0	474	1
27545	unclassified	0	0	0	0	1101	1
27552	unclassified	0	0	0	0	300	1
27555	unclassified	0	0	0	0	153	1
27553	unclassified	0	0	0	0	207	1
27554	unclassified	0	0	0	0	192	1
27557	unclassified	0	0	0	0	252	1
27556	unclassified	0	0	0	0	348	1
27558	unclassified	0	0	0	0	264	1
27559	unclassified	0	0	0	0	480	1
27560	unclassified	0	0	0	0	393	1
27561	unclassified	0	0	0	0	444	1
27563	unclassified	0	0	0	0	297	1
27562	unclassified	0	0	0	0	579	1
27565	unclassified	0	0	0	0	210	1
27564	unclassified	0	0	0	0	330	1
27569	unclassified	0	0	0	0	111	1
27567	unclassified	0	0	0	0	252	1
27568	unclassified	0	0	0	0	327	1
27571	unclassified	0	0	0	0	234	1
27566	unclassified	0	0	0	0	564	1
27572	unclassified	0	0	0	0	438	1
27574	unclassified	0	0	0	0	363	1
27570	unclassified	0	0	0	0	714	1
27577	unclassified	0	0	0	0	363	1
27575	unclassified	0	0	0	0	750	1
27576	unclassified	0	0	0	0	705	1
27579	unclassified	0	0	0	0	213	1
27573	unclassified	0	0	0	0	1461	1
27580	unclassified	0	0	0	0	501	1
27581	unclassified	0	0	0	0	501	1
27582	unclassified	0	0	0	0	252	1
27578	unclassified	0	0	0	0	1083	1
27583	unclassified	0	0	0	0	459	1
27584	unclassified	0	0	0	0	462	1
27588	unclassified	0	0	0	0	159	1
27586	unclassified	0	0	0	0	534	1
27587	NC_000023.11	9606	64	64	23	372	2
27587	NC_000024.10	9606	64	64	23	372	2
27589	unclassified	0	0	0	0	213	1
27592	unclassified	0	0	0	0	165	1
27593	unclassified	0	0	0	0	186	1
27591	unclassified	0	0	0	0	828	1
27595	unclassified	0	0	0	0	315	1
27590	unclassified	0	0	0	0	1410	1
27585	unclassified	0	0	0	0	2175	1
27594	cid|1603555	1603555	121	0	26	1131	1
27597	unclassified	0	0	0	0	258	1
27596	NC_000014.9	9606	64	0	23	537	1
27598	unclassified	0	0	0	0	567	1
27601	unclassified	0	0	0	0	366	1
27602	unclassified	0	0	0	0	255	1
27599	unclassified	0	0	0	0	741	1
27600	unclassified	0	0	0	0	828	1
27605	unclassified	0	0	0	0	399	1
27603	unclassified	0	0	0	0	639	1
27604	unclassified	0	0	0	0	591	1
27607	unclassified	0	0	0	0	447	1
27609	unclassified	0	0	0	0	285	1
27606	unclassified	0	0	0	0	726	1
27612	unclassified	0	0	0	0	174	1
27608	unclassified	0	0	0	0	600	1
27614	unclassified	0	0	0	0	177	1
27610	unclassified	0	0	0	0	402	1
27611	unclassified	0	0	0	0	450	1
27617	unclassified	0	0	0	0	264	1
27613	unclassified	0	0	0	0	513	1
27619	unclassified	0	0	0	0	150	1
27620	unclassified	0	0	0	0	168	1
27618	unclassified	0	0	0	0	429	1
27621	unclassified	0	0	0	0	147	1
27616	unclassified	0	0	0	0	786	1
27615	unclassified	0	0	0	0	1080	1
27623	unclassified	0	0	0	0	333	1
27622	unclassified	0	0	0	0	471	1
27624	unclassified	0	0	0	0	402	1
27625	unclassified	0	0	0	0	552	1
27627	unclassified	0	0	0	0	1152	1
27629	unclassified	0	0	0	0	924	1
27630	unclassified	0	0	0	0	351	1
27626	unclassified	0	0	0	0	1680	1
27631	unclassified	0	0	0	0	396	1
27628	cid|1465	1465	64	64	23	1452	2
27628	cid|1561	1561	64	64	23	1452	2
27633	unclassified	0	0	0	0	429	1
27634	unclassified	0	0	0	0	528	1
27632	unclassified	0	0	0	0	963	1
27635	unclassified	0	0	0	0	750	1
27636	unclassified	0	0	0	0	690	1
27639	unclassified	0	0	0	0	537	1
27638	unclassified	0	0	0	0	654	1
27640	unclassified	0	0	0	0	519	1
27637	unclassified	0	0	0	0	978	1
27641	unclassified	0	0	0	0	270	1
27642	unclassified	0	0	0	0	219	1
27643	unclassified	0	0	0	0	414	1
27645	unclassified	0	0	0	0	504	1
27646	unclassified	0	0	0	0	825	1
27647	unclassified	0	0	0	0	669	1
27648	unclassified	0	0	0	0	567	1
27649	unclassified	0	0	0	0	279	1
27650	unclassified	0	0	0	0	288	1
27644	unclassified	0	0	0	0	1305	1
27652	unclassified	0	0	0	0	231	1
27651	unclassified	0	0	0	0	390	1
27653	unclassified	0	0	0	0	360	1
27654	unclassified	0	0	0	0	492	1
27655	unclassified	0	0	0	0	453	1
27657	unclassified	0	0	0	0	213	1
27660	cid|58049	58049	64	0	23	204	1
27661	unclassified	0	0	0	0	111	1
27658	unclassified	0	0	0	0	504	1
27659	unclassified	0	0	0	0	540	1
27656	unclassified	0	0	0	0	933	1
27663	unclassified	0	0	0	0	327	1
27665	unclassified	0	0	0	0	270	1
27662	unclassified	0	0	0	0	525	1
27668	unclassified	0	0	0	0	186	1
27666	unclassified	0	0	0	0	468	1
27669	unclassified	0	0	0	0	387	1
27670	unclassified	0	0	0	0	456	1
27664	cid|143361	143361	81	0	24	1293	1
27671	unclassified	0	0	0	0	531	1
27667	unclassified	0	0	0	0	1323	1
27675	unclassified	0	0	0	0	99	1
27673	unclassified	0	0	0	0	1185	1
27676	unclassified	0	0	0	0	831	1
27672	cid|58290	58290	81	0	24	1683	1
27677	unclassified	0	0	0	0	1158	1
27678	unclassified	0	0	0	0	1158	1
27674	cid|288965	288965	64	0	23	2202	1
27679	unclassified	0	0	0	0	1398	1
27680	unclassified	0	0	0	0	1251	1
27683	unclassified	0	0	0	0	1263	1
27684	unclassified	0	0	0	0	867	1
27686	cid|1501	1501	64	0	23	486	1
27685	unclassified	0	0	0	0	813	1
27687	unclassified	0	0	0	0	447	1
27682	unclassified	0	0	0	0	2727	1
27689	unclassified	0	0	0	0	336	1
27681	cid|413888	413888	100	100	25	3015	2
27681	cid|717609	717609	100	100	25	3015	2
27688	unclassified	0	0	0	0	1044	1
27692	unclassified	0	0	0	0	315	1
27691	unclassified	0	0	0	0	651	1
27690	unclassified	0	0	0	0	1068	1
27695	unclassified	0	0	0	0	138	1
27696	unclassified	0	0	0	0	189	1
27693	unclassified	0	0	0	0	459	1
27697	unclassified	0	0	0	0	270	1
27699	unclassified	0	0	0	0	672	1
27694	unclassified	0	0	0	0	1365	1
27700	unclassified	0	0	0	0	573	1
27698	unclassified	0	0	0	0	1086	1
27702	unclassified	0	0	0	0	360	1
27705	unclassified	0	0	0	0	108	1
27703	unclassified	0	0	0	0	450	1
27704	unclassified	0	0	0	0	294	1
27706	unclassified	0	0	0	0	504	1
27708	unclassified	0	0	0	0	453	1
27701	unclassified	0	0	0	0	1290	1
27709	cid|1351	1351	64	0	23	351	1
27710	cid|591154	591154	100	0	25	330	1
27707	NC_000003.12	9606	64	64	23	1119	4
27707	NT_167249.2	9606	64	64	23	1119	4
27707	NT_167246.2	9606	64	64	23	1119	4
27707	NT_167248.2	9606	64	64	23	1119	4
27711	unclassified	0	0	0	0	696	1
27713	unclassified	0	0	0	0	990	1
27715	unclassified	0	0	0	0	723	1
27714	unclassified	0	0	0	0	984	1
27717	unclassified	0	0	0	0	381	1
27716	unclassified	0	0	0	0	516	1
27712	unclassified	0	0	0	0	1629	1
27718	unclassified	0	0	0	0	651	1
27721	NC_000006.12	9606	64	0	23	399	1
27720	unclassified	0	0	0	0	1032	1
27722	unclassified	0	0	0	0	702	1
27724	unclassified	0	0	0	0	216	1
27723	unclassified	0	0	0	0	666	1
27719	cid|1196095	1196095	81	0	24	1272	1
27726	unclassified	0	0	0	0	336	1
27727	unclassified	0	0	0	0	339	1
27725	unclassified	0	0	0	0	477	1
27730	unclassified	0	0	0	0	177	1
27728	unclassified	0	0	0	0	648	1
27729	NC_000006.12	9606	64	0	23	360	1
27731	unclassified	0	0	0	0	327	1
27734	unclassified	0	0	0	0	153	1
27732	unclassified	0	0	0	0	345	1
27733	unclassified	0	0	0	0	351	1
27738	unclassified	0	0	0	0	396	1
27739	unclassified	0	0	0	0	66	1
27740	unclassified	0	0	0	0	393	1
27737	unclassified	0	0	0	0	1152	1
27735	unclassified	0	0	0	0	1197	1
27736	cid|9	9	81	0	24	1323	1
27742	unclassified	0	0	0	0	399	1
27741	unclassified	0	0	0	0	564	1
27744	unclassified	0	0	0	0	279	1
27743	unclassified	0	0	0	0	627	1
27748	unclassified	0	0	0	0	123	1
27746	unclassified	0	0	0	0	378	1
27747	unclassified	0	0	0	0	627	1
27749	unclassified	0	0	0	0	396	1
27750	unclassified	0	0	0	0	549	1
27753	unclassified	0	0	0	0	294	1
27745	unclassified	0	0	0	0	1233	1
27752	unclassified	0	0	0	0	492	1
27755	unclassified	0	0	0	0	102	1
27754	unclassified	0	0	0	0	270	1
27751	unclassified	0	0	0	0	831	1
27758	unclassified	0	0	0	0	291	1
27760	unclassified	0	0	0	0	774	1
27759	unclassified	0	0	0	0	1311	1
27756	unclassified	0	0	0	0	1632	1
27762	unclassified	0	0	0	0	399	1
27757	unclassified	0	0	0	0	1950	1
27761	unclassified	0	0	0	0	1056	1
27765	unclassified	0	0	0	0	654	1
27764	unclassified	0	0	0	0	687	1
27766	unclassified	0	0	0	0	396	1
27769	unclassified	0	0	0	0	66	1
27767	unclassified	0	0	0	0	411	1
27768	unclassified	0	0	0	0	573	1
27763	unclassified	0	0	0	0	1473	1
27771	cid|111781	111781	64	0	23	309	1
27772	unclassified	0	0	0	0	207	1
27774	unclassified	0	0	0	0	183	1
27773	unclassified	0	0	0	0	456	1
27770	unclassified	0	0	0	0	1107	1
27777	unclassified	0	0	0	0	513	1
27779	unclassified	0	0	0	0	288	1
27778	unclassified	0	0	0	0	684	1
27775	cid|53953	53953	256	0	31	1221	1
27776	unclassified	0	0	0	0	1233	1
27782	unclassified	0	0	0	0	558	1
27784	unclassified	0	0	0	0	318	1
27781	unclassified	0	0	0	0	1062	1
27783	unclassified	0	0	0	0	852	1
27780	unclassified	0	0	0	0	1611	1
27787	unclassified	0	0	0	0	606	1
27785	unclassified	0	0	0	0	708	1
27789	unclassified	0	0	0	0	87	1
27788	unclassified	0	0	0	0	420	1
27792	unclassified	0	0	0	0	141	1
27791	unclassified	0	0	0	0	369	1
27786	unclassified	0	0	0	0	1239	1
27794	unclassified	0	0	0	0	255	1
27796	unclassified	0	0	0	0	885	1
27795	cid|877455	877455	64	0	23	1272	1
27793	cid|39152	39152	64	0	23	1434	1
27797	unclassified	0	0	0	0	399	1
27800	unclassified	0	0	0	0	147	1
27799	unclassified	0	0	0	0	324	1
27790	unclassified	0	0	0	0	2241	1
27801	unclassified	0	0	0	0	645	1
27798	unclassified	0	0	0	0	984	1
27803	unclassified	0	0	0	0	981	1
27804	unclassified	0	0	0	0	594	1
27802	unclassified	0	0	0	0	1332	1
27805	unclassified	0	0	0	0	1116	1
27806	unclassified	0	0	0	0	717	1
27808	unclassified	0	0	0	0	459	1
27807	cid|2098	2098	100	0	25	1245	1
27809	unclassified	0	0	0	0	711	1
27810	unclassified	0	0	0	0	1056	1
27813	unclassified	0	0	0	0	558	1
27811	unclassified	0	0	0	0	1275	1
27816	unclassified	0	0	0	0	96	1
27814	unclassified	0	0	0	0	387	1
27812	unclassified	0	0	0	0	1047	1
27818	unclassified	0	0	0	0	309	1
27817	unclassified	0	0	0	0	372	1
27821	unclassified	0	0	0	0	231	1
27815	unclassified	0	0	0	0	840	1
27822	unclassified	0	0	0	0	381	1
27823	unclassified	0	0	0	0	633	1
27824	unclassified	0	0	0	0	468	1
27819	unclassified	0	0	0	0	1539	1
27825	unclassified	0	0	0	0	582	1
27828	cid|365349	365349	64	0	23	375	1
27820	cid|1410606	1410606	144	64	27	1647	1
27826	unclassified	0	0	0	0	855	1
27829	unclassified	0	0	0	0	336	1
27827	cid|33002	33002	64	0	23	750	1
27831	unclassified	0	0	0	0	288	1
27834	unclassified	0	0	0	0	414	1
27830	unclassified	0	0	0	0	753	1
27832	unclassified	0	0	0	0	624	1
27833	unclassified	0	0	0	0	675	1
27838	unclassified	0	0	0	0	126	1
27835	NC_000022.11	9606	64	0	23	966	1
27837	cid|1561	1561	81	0	24	822	1
27839	unclassified	0	0	0	0	819	1
27836	unclassified	0	0	0	0	1173	1
27840	unclassified	0	0	0	0	375	1
27843	unclassified	0	0	0	0	324	1
27841	unclassified	0	0	0	0	558	1
27842	unclassified	0	0	0	0	552	1
27844	unclassified	0	0	0	0	393	1
27848	unclassified	0	0	0	0	648	1
27845	cid|1365176	1365176	64	64	23	825	2
27845	cid|1483572	1483572	64	64	23	825	2
27847	unclassified	0	0	0	0	708	1
27846	unclassified	0	0	0	0	750	1
27849	unclassified	0	0	0	0	285	1
27851	unclassified	0	0	0	0	351	1
27853	unclassified	0	0	0	0	402	1
27852	cid|591197	591197	121	0	26	549	1
27854	unclassified	0	0	0	0	486	1
27855	unclassified	0	0	0	0	393	1
27850	unclassified	0	0	0	0	1266	1
27859	unclassified	0	0	0	0	144	1
27858	unclassified	0	0	0	0	405	1
27857	unclassified	0	0	0	0	627	1
27856	unclassified	0	0	0	0	990	1
27861	cid|413502	413502	64	64	23	306	4
27861	cid|1163710	1163710	64	64	23	306	4
27861	cid|535744	535744	64	64	23	306	4
27861	cid|413497	413497	64	64	23	306	4
27860	unclassified	0	0	0	0	462	1
27865	unclassified	0	0	0	0	306	1
27863	unclassified	0	0	0	0	708	1
27867	unclassified	0	0	0	0	204	1
27864	unclassified	0	0	0	0	996	1
27862	unclassified	0	0	0	0	1449	1
27868	unclassified	0	0	0	0	537	1
27870	cid|155978	155978	64	0	23	219	1
27872	NC_000020.11	9606	64	0	23	477	1
27871	unclassified	0	0	0	0	666	1
27873	unclassified	0	0	0	0	285	1
27869	unclassified	0	0	0	0	1320	1
27875	unclassified	0	0	0	0	324	1
27876	unclassified	0	0	0	0	294	1
27874	unclassified	0	0	0	0	834	1
27877	unclassified	0	0	0	0	465	1
27866	cid|224719	224719	100	81	25	2448	1
27878	unclassified	0	0	0	0	462	1
27879	unclassified	0	0	0	0	396	1
27882	unclassified	0	0	0	0	429	1
27883	unclassified	0	0	0	0	408	1
27881	unclassified	0	0	0	0	732	1
27884	unclassified	0	0	0	0	216	1
27885	unclassified	0	0	0	0	315	1
27887	unclassified	0	0	0	0	246	1
27889	unclassified	0	0	0	0	309	1
27890	unclassified	0	0	0	0	120	1
27880	unclassified	0	0	0	0	1644	1
27888	unclassified	0	0	0	0	618	1
27892	unclassified	0	0	0	0	120	1
27886	cid|67760	67760	81	64	24	1263	1
27891	cid|73913	73913	81	0	24	681	1
27893	unclassified	0	0	0	0	615	1
27895	unclassified	0	0	0	0	132	1
27894	unclassified	0	0	0	0	606	1
27898	unclassified	0	0	0	0	393	1
27897	unclassified	0	0	0	0	543	1
27899	unclassified	0	0	0	0	492	1
27896	unclassified	0	0	0	0	696	1
27901	unclassified	0	0	0	0	411	1
27903	unclassified	0	0	0	0	333	1
27902	unclassified	0	0	0	0	435	1
27904	unclassified	0	0	0	0	183	1
27900	unclassified	0	0	0	0	720	1
27907	unclassified	0	0	0	0	309	1
27908	unclassified	0	0	0	0	420	1
27910	unclassified	0	0	0	0	234	1
27909	unclassified	0	0	0	0	531	1
27912	unclassified	0	0	0	0	102	1
27913	unclassified	0	0	0	0	744	1
27911	unclassified	0	0	0	0	1011	1
27915	unclassified	0	0	0	0	501	1
27914	unclassified	0	0	0	0	1101	1
27917	unclassified	0	0	0	0	294	1
27905	cid|84156	84156	225	0	30	2754	1
27916	unclassified	0	0	0	0	1041	1
27918	unclassified	0	0	0	0	339	1
27920	unclassified	0	0	0	0	168	1
27919	unclassified	0	0	0	0	678	1
27923	unclassified	0	0	0	0	129	1
27922	unclassified	0	0	0	0	465	1
27921	unclassified	0	0	0	0	945	1
27906	cid|1288	1288	81	0	24	3825	1
27926	unclassified	0	0	0	0	249	1
27928	unclassified	0	0	0	0	84	1
27929	unclassified	0	0	0	0	213	1
27927	unclassified	0	0	0	0	426	1
27924	unclassified	0	0	0	0	1035	1
27925	cid|84378	84378	81	0	24	1056	1
27931	unclassified	0	0	0	0	255	1
27932	unclassified	0	0	0	0	474	1
27934	unclassified	0	0	0	0	315	1
27933	unclassified	0	0	0	0	570	1
27937	unclassified	0	0	0	0	702	1
27935	unclassified	0	0	0	0	1002	1
27930	unclassified	0	0	0	0	1674	1
27940	unclassified	0	0	0	0	207	1
27938	unclassified	0	0	0	0	408	1
27941	unclassified	0	0	0	0	291	1
27939	NC_000001.11	9606	64	0	23	801	1
27943	unclassified	0	0	0	0	216	1
27936	cid|1288970	1288970	100	100	25	1605	3
27936	cid|36809	36809	100	100	25	1605	3
27936	cid|1134405	1134405	100	100	25	1605	3
27944	unclassified	0	0	0	0	303	1
27947	unclassified	0	0	0	0	384	1
27946	unclassified	0	0	0	0	450	1
27942	unclassified	0	0	0	0	1122	1
27950	unclassified	0	0	0	0	426	1
27948	unclassified	0	0	0	0	975	1
27949	unclassified	0	0	0	0	1050	1
27951	unclassified	0	0	0	0	636	1
27945	unclassified	0	0	0	0	1983	1
27955	unclassified	0	0	0	0	438	1
27952	unclassified	0	0	0	0	924	1
27953	unclassified	0	0	0	0	825	1
27957	unclassified	0	0	0	0	267	1
27958	unclassified	0	0	0	0	438	1
27959	unclassified	0	0	0	0	228	1
27960	unclassified	0	0	0	0	249	1
27954	unclassified	0	0	0	0	1479	1
27956	unclassified	0	0	0	0	1371	1
27964	cid|985762	985762	64	0	23	81	1
27961	unclassified	0	0	0	0	1173	1
27965	unclassified	0	0	0	0	429	1
27966	unclassified	0	0	0	0	378	1
27967	unclassified	0	0	0	0	336	1
27962	cid|1488	1488	121	121	26	1980	2
27962	cid|187101	187101	121	121	26	1980	2
27963	cid|2317	2317	81	81	24	1980	2
27963	cid|198252	198252	81	81	24	1980	2
27970	unclassified	0	0	0	0	162	1
27972	unclassified	0	0	0	0	132	1
27971	unclassified	0	0	0	0	219	1
27969	unclassified	0	0	0	0	1407	1
27968	unclassified	0	0	0	0	1713	1
27975	unclassified	0	0	0	0	435	1
27973	unclassified	0	0	0	0	783	1
27977	unclassified	0	0	0	0	195	1
27978	unclassified	0	0	0	0	177	1
27974	unclassified	0	0	0	0	933	1
27976	unclassified	0	0	0	0	573	1
27981	unclassified	0	0	0	0	444	1
27982	unclassified	0	0	0	0	990	1
27983	cid|55205	55205	64	64	23	555	2
27983	cid|361575	361575	64	64	23	555	2
27979	unclassified	0	0	0	0	1380	1
27980	cid|34085	34085	64	0	23	1353	1
27985	unclassified	0	0	0	0	291	1
27987	unclassified	0	0	0	0	270	1
27989	unclassified	0	0	0	0	390	1
27984	unclassified	0	0	0	0	1014	1
27988	unclassified	0	0	0	0	1266	1
27992	unclassified	0	0	0	0	174	1
27986	cid|43080	43080	144	0	27	1314	1
27991	unclassified	0	0	0	0	861	1
27990	unclassified	0	0	0	0	1032	1
27994	unclassified	0	0	0	0	201	1
27996	unclassified	0	0	0	0	387	1
27995	unclassified	0	0	0	0	522	1
27997	unclassified	0	0	0	0	597	1
27998	unclassified	0	0	0	0	273	1
27999	unclassified	0	0	0	0	339	1
28002	unclassified	0	0	0	0	201	1
27993	cid|166314	166314	64	0	23	1218	1
28003	unclassified	0	0	0	0	246	1
28000	unclassified	0	0	0	0	609	1
28001	unclassified	0	0	0	0	981	1
28004	unclassified	0	0	0	0	834	1
28005	unclassified	0	0	0	0	735	1
28006	unclassified	0	0	0	0	804	1
28007	cid|28108	28108	64	0	23	687	1
28008	unclassified	0	0	0	0	642	1
28011	unclassified	0	0	0	0	603	1
28012	unclassified	0	0	0	0	438	1
28009	unclassified	0	0	0	0	1218	1
28010	unclassified	0	0	0	0	1143	1
28014	unclassified	0	0	0	0	279	1
28015	unclassified	0	0	0	0	333	1
28017	unclassified	0	0	0	0	345	1
28013	unclassified	0	0	0	0	690	1
28016	unclassified	0	0	0	0	591	1
28020	unclassified	0	0	0	0	291	1
28019	unclassified	0	0	0	0	597	1
28018	unclassified	0	0	0	0	816	1
28022	unclassified	0	0	0	0	408	1
28024	unclassified	0	0	0	0	162	1
28021	NC_000006.12	9606	64	0	23	603	1
28023	unclassified	0	0	0	0	357	1
28025	unclassified	0	0	0	0	426	1
28026	unclassified	0	0	0	0	522	1
28029	unclassified	0	0	0	0	282	1
28028	unclassified	0	0	0	0	1029	1
28030	unclassified	0	0	0	0	1026	1
28027	cid|1229909	1229909	64	0	23	1539	1
28031	cid|1492898	1492898	169	0	28	1002	1
28034	unclassified	0	0	0	0	264	1
28036	unclassified	0	0	0	0	225	1
28035	unclassified	0	0	0	0	501	1
28033	unclassified	0	0	0	0	756	1
28039	unclassified	0	0	0	0	519	1
28032	cid|57029	57029	64	0	23	1749	1
28040	unclassified	0	0	0	0	513	1
28037	unclassified	0	0	0	0	1458	1
28038	NC_000008.11	9606	64	64	23	1368	3
28038	NT_187680.1	9606	64	64	23	1368	3
28038	NT_187654.1	9606	64	64	23	1368	3
28042	unclassified	0	0	0	0	504	1
28044	unclassified	0	0	0	0	573	1
28043	unclassified	0	0	0	0	594	1
28041	unclassified	0	0	0	0	1431	1
28046	unclassified	0	0	0	0	270	1
28049	unclassified	0	0	0	0	240	1
28047	unclassified	0	0	0	0	603	1
28051	unclassified	0	0	0	0	96	1
28045	NC_000024.10	9606	64	0	23	1158	1
28052	unclassified	0	0	0	0	471	1
28048	cid|1502	1502	81	0	24	1017	1
28054	unclassified	0	0	0	0	183	1
28053	unclassified	0	0	0	0	675	1
28050	unclassified	0	0	0	0	1035	1
28055	unclassified	0	0	0	0	426	1
28057	unclassified	0	0	0	0	258	1
28056	unclassified	0	0	0	0	585	1
28060	unclassified	0	0	0	0	240	1
28059	unclassified	0	0	0	0	558	1
28058	unclassified	0	0	0	0	1107	1
28063	unclassified	0	0	0	0	471	1
28062	unclassified	0	0	0	0	1008	1
28064	unclassified	0	0	0	0	633	1
28065	unclassified	0	0	0	0	663	1
28066	NC_000006.12	9606	64	0	23	606	1
28061	NC_000011.10	9606	64	0	23	1899	1
28069	unclassified	0	0	0	0	345	1
28068	NC_000001.11	9606	64	0	23	1116	1
28072	unclassified	0	0	0	0	132	1
28070	unclassified	0	0	0	0	912	1
28071	unclassified	0	0	0	0	1008	1
28073	unclassified	0	0	0	0	924	1
28075	unclassified	0	0	0	0	831	1
28067	NC_000004.12	9606	64	0	23	2649	1
28076	unclassified	0	0	0	0	567	1
28078	unclassified	0	0	0	0	567	1
28080	unclassified	0	0	0	0	192	1
28079	unclassified	0	0	0	0	279	1
28081	unclassified	0	0	0	0	81	1
28077	unclassified	0	0	0	0	948	1
28084	unclassified	0	0	0	0	333	1
28074	unclassified	0	0	0	0	2379	1
28083	unclassified	0	0	0	0	414	1
28087	unclassified	0	0	0	0	273	1
28085	unclassified	0	0	0	0	675	1
28082	NC_000001.11	9606	81	0	24	1065	1
28088	unclassified	0	0	0	0	651	1
28089	unclassified	0	0	0	0	381	1
28086	unclassified	0	0	0	0	1209	1
28092	unclassified	0	0	0	0	276	1
28091	unclassified	0	0	0	0	492	1
28090	unclassified	0	0	0	0	1290	1
28094	unclassified	0	0	0	0	918	1
28095	cid|744985	744985	81	0	24	720	1
28093	unclassified	0	0	0	0	984	1
28096	unclassified	0	0	0	0	321	1
28100	unclassified	0	0	0	0	387	1
28098	unclassified	0	0	0	0	591	1
28099	cid|309806	309806	64	0	23	600	1
28097	unclassified	0	0	0	0	1194	1
28103	unclassified	0	0	0	0	648	1
28101	unclassified	0	0	0	0	1008	1
28102	unclassified	0	0	0	0	1347	1
28106	unclassified	0	0	0	0	525	1
28105	cid|1229909	1229909	64	0	23	870	1
28107	unclassified	0	0	0	0	366	1
28104	unclassified	0	0	0	0	1089	1
28111	unclassified	0	0	0	0	567	1
28108	NC_000004.12	9606	81	0	24	870	1
28110	unclassified	0	0	0	0	744	1
28114	unclassified	0	0	0	0	333	1
28109	unclassified	0	0	0	0	1065	1
28112	unclassified	0	0	0	0	519	1
28113	unclassified	0	0	0	0	411	1
28115	NC_000013.11	9606	64	0	23	135	1
28116	unclassified	0	0	0	0	189	1
28120	unclassified	0	0	0	0	99	1
28119	unclassified	0	0	0	0	579	1
28118	unclassified	0	0	0	0	897	1
28122	unclassified	0	0	0	0	324	1
28123	unclassified	0	0	0	0	435	1
28117	unclassified	0	0	0	0	1371	1
28121	unclassified	0	0	0	0	1305	1
28124	unclassified	0	0	0	0	600	1
28126	unclassified	0	0	0	0	282	1
28125	unclassified	0	0	0	0	309	1
28130	unclassified	0	0	0	0	78	1
28129	unclassified	0	0	0	0	231	1
28127	unclassified	0	0	0	0	855	1
28131	unclassified	0	0	0	0	618	1
28132	unclassified	0	0	0	0	657	1
28134	unclassified	0	0	0	0	207	1
28128	unclassified	0	0	0	0	1038	1
28136	unclassified	0	0	0	0	153	1
28133	unclassified	0	0	0	0	474	1
28137	unclassified	0	0	0	0	408	1
28138	unclassified	0	0	0	0	309	1
28135	unclassified	0	0	0	0	750	1
28142	unclassified	0	0	0	0	144	1
28139	cid|93222	93222	100	100	25	810	2
28139	cid|573737	573737	100	100	25	810	2
28140	unclassified	0	0	0	0	726	1
28141	cid|824	824	64	0	23	852	1
28144	unclassified	0	0	0	0	285	1
28143	cid|2190	2190	81	0	24	858	1
28148	unclassified	0	0	0	0	339	1
28145	unclassified	0	0	0	0	915	1
28146	unclassified	0	0	0	0	789	1
28147	unclassified	0	0	0	0	726	1
28151	unclassified	0	0	0	0	255	1
28149	unclassified	0	0	0	0	450	1
28153	unclassified	0	0	0	0	204	1
28150	unclassified	0	0	0	0	531	1
28156	unclassified	0	0	0	0	360	1
28155	unclassified	0	0	0	0	414	1
28154	unclassified	0	0	0	0	1512	1
28158	NC_000011.10	9606	81	0	24	1068	1
28152	cid|43080	43080	169	64	28	1749	1
28159	unclassified	0	0	0	0	291	1
28157	unclassified	0	0	0	0	1479	1
28160	unclassified	0	0	0	0	303	1
28161	unclassified	0	0	0	0	732	1
28165	unclassified	0	0	0	0	102	1
28162	unclassified	0	0	0	0	705	1
28163	unclassified	0	0	0	0	846	1
28164	unclassified	0	0	0	0	855	1
28166	unclassified	0	0	0	0	483	1
28168	unclassified	0	0	0	0	441	1
28171	unclassified	0	0	0	0	345	1
28169	unclassified	0	0	0	0	744	1
28170	unclassified	0	0	0	0	549	1
28172	unclassified	0	0	0	0	216	1
28167	NC_000003.12	9606	64	0	23	1191	1
28174	unclassified	0	0	0	0	273	1
28176	unclassified	0	0	0	0	129	1
28173	unclassified	0	0	0	0	459	1
28179	unclassified	0	0	0	0	267	1
28175	unclassified	0	0	0	0	660	1
28178	unclassified	0	0	0	0	591	1
28182	unclassified	0	0	0	0	117	1
28180	unclassified	0	0	0	0	498	1
28183	unclassified	0	0	0	0	351	1
28177	unclassified	0	0	0	0	1113	1
28181	unclassified	0	0	0	0	837	1
28184	unclassified	0	0	0	0	414	1
28188	unclassified	0	0	0	0	264	1
28185	unclassified	0	0	0	0	600	1
28187	unclassified	0	0	0	0	450	1
28186	unclassified	0	0	0	0	681	1
28191	unclassified	0	0	0	0	495	1
28189	unclassified	0	0	0	0	684	1
28190	unclassified	0	0	0	0	954	1
28193	unclassified	0	0	0	0	666	1
28195	unclassified	0	0	0	0	414	1
28196	unclassified	0	0	0	0	366	1
28192	cid|1580092	1580092	64	0	23	1398	1
28194	unclassified	0	0	0	0	1275	1
28198	unclassified	0	0	0	0	402	1
28197	unclassified	0	0	0	0	741	1
28202	unclassified	0	0	0	0	285	1
28201	unclassified	0	0	0	0	510	1
28200	unclassified	0	0	0	0	639	1
28203	unclassified	0	0	0	0	246	1
28204	unclassified	0	0	0	0	288	1
28206	unclassified	0	0	0	0	426	1
28205	unclassified	0	0	0	0	822	1
28199	unclassified	0	0	0	0	1692	1
28210	unclassified	0	0	0	0	234	1
28209	unclassified	0	0	0	0	372	1
28207	unclassified	0	0	0	0	1098	1
28213	unclassified	0	0	0	0	288	1
28214	unclassified	0	0	0	0	306	1
28212	unclassified	0	0	0	0	717	1
28211	unclassified	0	0	0	0	798	1
28208	cid|100716	100716	64	0	23	1635	1
28215	unclassified	0	0	0	0	306	1
28217	unclassified	0	0	0	0	531	1
28216	unclassified	0	0	0	0	801	1
28220	NC_000002.12	9606	64	0	23	540	1
28218	unclassified	0	0	0	0	1200	1
28221	NC_006565.1	298338	64	0	23	582	1
28223	unclassified	0	0	0	0	135	1
28224	unclassified	0	0	0	0	504	1
28225	unclassified	0	0	0	0	696	1
28222	NC_000004.12	9606	64	0	23	1209	1
28228	unclassified	0	0	0	0	651	1
28226	unclassified	0	0	0	0	1128	1
28227	unclassified	0	0	0	0	1197	1
28219	unclassified	0	0	0	0	2754	1
28229	NC_000004.12	9606	64	0	23	636	1
28230	unclassified	0	0	0	0	603	1
28234	unclassified	0	0	0	0	666	1
28231	unclassified	0	0	0	0	1005	1
28232	unclassified	0	0	0	0	1335	1
28233	unclassified	0	0	0	0	1272	1
28235	unclassified	0	0	0	0	675	1
28236	unclassified	0	0	0	0	711	1
28238	unclassified	0	0	0	0	726	1
28237	unclassified	0	0	0	0	843	1
28240	unclassified	0	0	0	0	495	1
28239	cid|80852	80852	64	0	23	810	1
28244	unclassified	0	0	0	0	327	1
28241	unclassified	0	0	0	0	618	1
28242	unclassified	0	0	0	0	705	1
28245	unclassified	0	0	0	0	339	1
28246	unclassified	0	0	0	0	354	1
28247	unclassified	0	0	0	0	309	1
28250	unclassified	0	0	0	0	210	1
28243	unclassified	0	0	0	0	1206	1
28248	unclassified	0	0	0	0	825	1
28253	unclassified	0	0	0	0	111	1
28249	unclassified	0	0	0	0	927	1
28251	unclassified	0	0	0	0	897	1
28255	unclassified	0	0	0	0	195	1
28252	unclassified	0	0	0	0	945	1
28257	unclassified	0	0	0	0	123	1
28254	unclassified	0	0	0	0	531	1
28256	unclassified	0	0	0	0	345	1
28260	unclassified	0	0	0	0	294	1
28259	cid|1283	1283	64	0	23	396	1
28258	unclassified	0	0	0	0	786	1
28263	unclassified	0	0	0	0	414	1
28264	unclassified	0	0	0	0	294	1
28265	unclassified	0	0	0	0	264	1
28262	unclassified	0	0	0	0	765	1
28268	unclassified	0	0	0	0	120	1
28267	unclassified	0	0	0	0	342	1
28261	unclassified	0	0	0	0	1350	1
28271	unclassified	0	0	0	0	273	1
28266	unclassified	0	0	0	0	981	1
28273	unclassified	0	0	0	0	318	1
28272	unclassified	0	0	0	0	522	1
28269	cid|1715860	1715860	64	0	23	1035	1
28275	unclassified	0	0	0	0	675	1
28274	unclassified	0	0	0	0	882	1
28277	unclassified	0	0	0	0	225	1
28270	unclassified	0	0	0	0	1875	1
28276	unclassified	0	0	0	0	978	1
28280	cid|1491	1491	81	0	24	327	1
28278	unclassified	0	0	0	0	576	1
28282	unclassified	0	0	0	0	60	1
28279	unclassified	0	0	0	0	579	1
28283	unclassified	0	0	0	0	339	1
28281	unclassified	0	0	0	0	1236	1
28284	unclassified	0	0	0	0	807	1
28286	unclassified	0	0	0	0	645	1
28285	unclassified	0	0	0	0	1044	1
28289	unclassified	0	0	0	0	369	1
28287	unclassified	0	0	0	0	483	1
28288	unclassified	0	0	0	0	633	1
28291	unclassified	0	0	0	0	186	1
28290	cid|471223	471223	81	0	24	324	1
28295	unclassified	0	0	0	0	267	1
28294	unclassified	0	0	0	0	489	1
28292	unclassified	0	0	0	0	831	1
28296	unclassified	0	0	0	0	546	1
28299	unclassified	0	0	0	0	138	1
28298	unclassified	0	0	0	0	309	1
28293	unclassified	0	0	0	0	1299	1
28300	unclassified	0	0	0	0	324	1
28297	unclassified	0	0	0	0	1059	1
28302	unclassified	0	0	0	0	291	1
28304	unclassified	0	0	0	0	183	1
28303	unclassified	0	0	0	0	459	1
28301	cid|208596	208596	64	64	23	624	4
28301	cid|186490	186490	64	64	23	624	4
28301	NC_000005.10	9606	64	64	23	624	4
28301	cid|147709	147709	64	64	23	624	4
28305	unclassified	0	0	0	0	1179	1
28308	unclassified	0	0	0	0	864	1
28307	unclassified	0	0	0	0	1050	1
28309	unclassified	0	0	0	0	225	1
28306	unclassified	0	0	0	0	1245	1
28311	unclassified	0	0	0	0	174	1
28312	NC_000013.11	9606	64	0	23	444	1
28313	unclassified	0	0	0	0	483	1
28315	unclassified	0	0	0	0	255	1
28314	unclassified	0	0	0	0	636	1
28310	unclassified	0	0	0	0	981	1
28317	unclassified	0	0	0	0	351	1
28319	unclassified	0	0	0	0	630	1
28316	unclassified	0	0	0	0	1386	1
28320	unclassified	0	0	0	0	900	1
28318	unclassified	0	0	0	0	1482	1
28322	unclassified	0	0	0	0	384	1
28324	unclassified	0	0	0	0	303	1
28321	unclassified	0	0	0	0	1323	1
28325	unclassified	0	0	0	0	651	1
28326	unclassified	0	0	0	0	687	1
28327	unclassified	0	0	0	0	852	1
28330	unclassified	0	0	0	0	279	1
28328	cid|83171	83171	121	0	26	1227	1
28323	cid|731	731	100	0	25	2076	1
28332	unclassified	0	0	0	0	288	1
28334	unclassified	0	0	0	0	78	1
28333	unclassified	0	0	0	0	246	1
28329	unclassified	0	0	0	0	1407	1
28335	unclassified	0	0	0	0	120	1
28331	unclassified	0	0	0	0	948	1
28337	unclassified	0	0	0	0	675	1
28336	unclassified	0	0	0	0	789	1
28338	unclassified	0	0	0	0	876	1
28339	unclassified	0	0	0	0	762	1
28340	unclassified	0	0	0	0	693	1
28343	unclassified	0	0	0	0	420	1
28341	unclassified	0	0	0	0	969	1
28344	unclassified	0	0	0	0	399	1
28346	unclassified	0	0	0	0	225	1
28342	unclassified	0	0	0	0	1245	1
28348	unclassified	0	0	0	0	375	1
28345	cid|1580092	1580092	196	0	29	978	1
28349	cid|1850246	1850246	64	0	23	633	1
28351	unclassified	0	0	0	0	531	1
28350	unclassified	0	0	0	0	678	1
28352	unclassified	0	0	0	0	219	1
28347	unclassified	0	0	0	0	1743	1
28353	unclassified	0	0	0	0	738	1
28354	unclassified	0	0	0	0	741	1
28356	unclassified	0	0	0	0	315	1
28357	unclassified	0	0	0	0	480	1
28355	unclassified	0	0	0	0	1191	1
28358	unclassified	0	0	0	0	870	1
28359	unclassified	0	0	0	0	840	1
28361	unclassified	0	0	0	0	984	1
28362	unclassified	0	0	0	0	669	1
28364	unclassified	0	0	0	0	150	1
28360	cid|762954	762954	64	0	23	1263	1
28363	unclassified	0	0	0	0	1050	1
28365	unclassified	0	0	0	0	582	1
28368	unclassified	0	0	0	0	267	1
28367	unclassified	0	0	0	0	963	1
28370	unclassified	0	0	0	0	675	1
28366	NC_000007.14	9606	81	0	24	1272	1
28371	unclassified	0	0	0	0	582	1
28374	unclassified	0	0	0	0	492	1
28369	unclassified	0	0	0	0	1596	1
28375	unclassified	0	0	0	0	153	1
28373	cid|1410606	1410606	196	0	29	930	1
28377	unclassified	0	0	0	0	168	1
28372	unclassified	0	0	0	0	1149	1
28376	unclassified	0	0	0	0	309	1
28379	unclassified	0	0	0	0	378	1
28381	unclassified	0	0	0	0	483	1
28382	unclassified	0	0	0	0	252	1
28383	unclassified	0	0	0	0	87	1
28380	unclassified	0	0	0	0	627	1
28384	unclassified	0	0	0	0	402	1
28387	unclassified	0	0	0	0	345	1
28385	unclassified	0	0	0	0	861	1
28386	unclassified	0	0	0	0	957	1
28378	cid|43658	43658	64	0	23	1770	1
28389	unclassified	0	0	0	0	651	1
28392	unclassified	0	0	0	0	117	1
28390	unclassified	0	0	0	0	1107	1
28388	cid|39766	39766	81	0	24	1359	1
28393	unclassified	0	0	0	0	813	1
28391	unclassified	0	0	0	0	1452	1
28397	unclassified	0	0	0	0	255	1
28395	unclassified	0	0	0	0	627	1
28394	unclassified	0	0	0	0	1041	1
28396	unclassified	0	0	0	0	1074	1
28399	unclassified	0	0	0	0	882	1
28398	cid|716	716	64	64	23	954	3
28398	cid|718	718	64	64	23	954	3
28398	cid|715	715	64	64	23	954	3
28402	unclassified	0	0	0	0	231	1
28401	unclassified	0	0	0	0	402	1
28403	unclassified	0	0	0	0	342	1
28405	unclassified	0	0	0	0	204	1
28400	unclassified	0	0	0	0	1074	1
28406	unclassified	0	0	0	0	495	1
28408	cid|1219	1219	64	0	23	504	1
28407	unclassified	0	0	0	0	663	1
28411	unclassified	0	0	0	0	129	1
28404	unclassified	0	0	0	0	1224	1
28412	unclassified	0	0	0	0	294	1
28410	unclassified	0	0	0	0	561	1
28414	unclassified	0	0	0	0	408	1
28409	unclassified	0	0	0	0	1107	1
28416	unclassified	0	0	0	0	498	1
28413	unclassified	0	0	0	0	936	1
28418	unclassified	0	0	0	0	195	1
28415	unclassified	0	0	0	0	1149	1
28417	unclassified	0	0	0	0	1128	1
28422	unclassified	0	0	0	0	216	1
28421	unclassified	0	0	0	0	594	1
28420	cid|1186051	1186051	64	0	23	1071	1
28423	unclassified	0	0	0	0	396	1
28424	unclassified	0	0	0	0	696	1
28425	unclassified	0	0	0	0	432	1
28419	NC_000001.11	9606	64	0	23	1800	1
28427	unclassified	0	0	0	0	393	1
28430	unclassified	0	0	0	0	702	1
28426	unclassified	0	0	0	0	1365	1
28428	NC_000004.12	9606	121	0	26	1038	1
28431	unclassified	0	0	0	0	249	1
28432	unclassified	0	0	0	0	507	1
28433	unclassified	0	0	0	0	516	1
28434	unclassified	0	0	0	0	381	1
28429	unclassified	0	0	0	0	1560	1
28435	cid|1790137	1790137	64	0	23	606	1
28438	unclassified	0	0	0	0	390	1
28436	unclassified	0	0	0	0	870	1
28441	unclassified	0	0	0	0	90	1
28437	unclassified	0	0	0	0	930	1
28439	unclassified	0	0	0	0	663	1
28442	unclassified	0	0	0	0	327	1
28444	unclassified	0	0	0	0	243	1
28445	unclassified	0	0	0	0	678	1
28446	unclassified	0	0	0	0	642	1
28443	unclassified	0	0	0	0	1080	1
28440	unclassified	0	0	0	0	1581	1
28450	unclassified	0	0	0	0	213	1
28447	unclassified	0	0	0	0	714	1
28448	unclassified	0	0	0	0	882	1
28451	unclassified	0	0	0	0	480	1
28454	unclassified	0	0	0	0	66	1
28449	unclassified	0	0	0	0	855	1
28453	unclassified	0	0	0	0	219	1
28452	unclassified	0	0	0	0	597	1
28457	unclassified	0	0	0	0	285	1
28458	unclassified	0	0	0	0	612	1
28460	unclassified	0	0	0	0	417	1
28459	unclassified	0	0	0	0	1026	1
28462	unclassified	0	0	0	0	129	1
28455	unclassified	0	0	0	0	1596	1
28463	unclassified	0	0	0	0	342	1
28456	unclassified	0	0	0	0	1896	1
28461	cid|253245	253245	81	0	24	675	1
28465	unclassified	0	0	0	0	132	1
28464	unclassified	0	0	0	0	840	1
28467	species	9606	81	0	24	504	1
28469	unclassified	0	0	0	0	294	1
28466	unclassified	0	0	0	0	1164	1
28468	unclassified	0	0	0	0	1134	1
28473	unclassified	0	0	0	0	156	1
28472	unclassified	0	0	0	0	411	1
28471	unclassified	0	0	0	0	453	1
28470	unclassified	0	0	0	0	723	1
28477	unclassified	0	0	0	0	177	1
28475	unclassified	0	0	0	0	921	1
28476	unclassified	0	0	0	0	954	1
28479	unclassified	0	0	0	0	447	1
28474	cid|1622118	1622118	64	0	23	1482	1
28478	unclassified	0	0	0	0	1200	1
28480	unclassified	0	0	0	0	708	1
28482	unclassified	0	0	0	0	294	1
28484	unclassified	0	0	0	0	240	1
28481	cid|1006576	1006576	64	0	23	714	1
28483	unclassified	0	0	0	0	807	1
28485	unclassified	0	0	0	0	708	1
28487	cid|875453	875453	64	0	23	585	1
28489	unclassified	0	0	0	0	399	1
28488	unclassified	0	0	0	0	732	1
28486	unclassified	0	0	0	0	1023	1
28490	unclassified	0	0	0	0	438	1
28493	unclassified	0	0	0	0	585	1
28492	unclassified	0	0	0	0	732	1
28491	unclassified	0	0	0	0	939	1
28495	unclassified	0	0	0	0	381	1
28494	unclassified	0	0	0	0	861	1
28497	unclassified	0	0	0	0	504	1
28496	unclassified	0	0	0	0	798	1
28499	unclassified	0	0	0	0	1005	1
28502	unclassified	0	0	0	0	513	1
28498	unclassified	0	0	0	0	1581	1
28500	cid|817	817	81	0	24	1305	1
28505	unclassified	0	0	0	0	309	1
28501	unclassified	0	0	0	0	1530	1
28504	unclassified	0	0	0	0	564	1
28507	unclassified	0	0	0	0	258	1
28508	unclassified	0	0	0	0	630	1
28503	unclassified	0	0	0	0	1299	1
28510	unclassified	0	0	0	0	147	1
28506	cid|370405	370405	121	0	26	1284	1
28513	unclassified	0	0	0	0	423	1
28511	unclassified	0	0	0	0	918	1
28512	cid|1581680	1581680	81	0	24	936	1
28515	unclassified	0	0	0	0	558	1
28514	unclassified	0	0	0	0	720	1
28517	unclassified	0	0	0	0	129	1
28509	cid|1479	1479	81	81	24	1851	2
28509	cid|367806	367806	81	81	24	1851	2
28520	unclassified	0	0	0	0	255	1
28518	unclassified	0	0	0	0	876	1
28521	unclassified	0	0	0	0	699	1
28516	cid|1295609	1295609	81	0	24	1278	1
28519	cid|994696	994696	144	81	27	1146	1
28523	cid|1741	1741	64	0	23	717	1
28524	unclassified	0	0	0	0	807	1
28522	unclassified	0	0	0	0	1065	1
28527	unclassified	0	0	0	0	150	1
28526	unclassified	0	0	0	0	441	1
28530	unclassified	0	0	0	0	267	1
28528	unclassified	0	0	0	0	792	1
28532	unclassified	0	0	0	0	90	1
28531	unclassified	0	0	0	0	570	1
28529	unclassified	0	0	0	0	1143	1
28533	unclassified	0	0	0	0	441	1
28535	unclassified	0	0	0	0	237	1
28525	unclassified	0	0	0	0	1827	1
28536	unclassified	0	0	0	0	564	1
28537	unclassified	0	0	0	0	693	1
28539	unclassified	0	0	0	0	261	1
28538	unclassified	0	0	0	0	798	1
28534	unclassified	0	0	0	0	1170	1
28543	unclassified	0	0	0	0	81	1
28541	unclassified	0	0	0	0	342	1
28540	unclassified	0	0	0	0	414	1
28544	unclassified	0	0	0	0	405	1
28545	unclassified	0	0	0	0	339	1
28542	unclassified	0	0	0	0	933	1
28547	unclassified	0	0	0	0	675	1
28546	unclassified	0	0	0	0	1104	1
28550	unclassified	0	0	0	0	345	1
28548	cid|418008	418008	196	0	29	915	1
28551	unclassified	0	0	0	0	441	1
28549	unclassified	0	0	0	0	999	1
28553	unclassified	0	0	0	0	360	1
28554	unclassified	0	0	0	0	873	1
28555	unclassified	0	0	0	0	969	1
28552	unclassified	0	0	0	0	1665	1
28557	unclassified	0	0	0	0	492	1
28558	unclassified	0	0	0	0	456	1
28560	unclassified	0	0	0	0	387	1
28556	unclassified	0	0	0	0	1794	1
28561	unclassified	0	0	0	0	600	1
28562	unclassified	0	0	0	0	651	1
28559	cid|102134	102134	64	0	23	1158	1
28564	unclassified	0	0	0	0	420	1
28565	unclassified	0	0	0	0	315	1
28563	unclassified	0	0	0	0	936	1
28569	unclassified	0	0	0	0	120	1
28566	NC_000017.11	9606	64	0	23	723	1
28567	unclassified	0	0	0	0	783	1
28571	unclassified	0	0	0	0	264	1
28570	unclassified	0	0	0	0	657	1
28574	unclassified	0	0	0	0	219	1
28568	unclassified	0	0	0	0	1215	1
28572	unclassified	0	0	0	0	624	1
28573	unclassified	0	0	0	0	672	1
28577	unclassified	0	0	0	0	411	1
28576	cid|52227	52227	64	0	23	585	1
28575	unclassified	0	0	0	0	1158	1
28580	unclassified	0	0	0	0	402	1
28582	unclassified	0	0	0	0	282	1
28579	NC_000019.10	9606	64	0	23	897	1
28581	unclassified	0	0	0	0	447	1
28578	unclassified	0	0	0	0	1323	1
28584	unclassified	0	0	0	0	261	1
28585	unclassified	0	0	0	0	453	1
28586	unclassified	0	0	0	0	420	1
28587	unclassified	0	0	0	0	462	1
28583	unclassified	0	0	0	0	885	1
28590	unclassified	0	0	0	0	342	1
28592	unclassified	0	0	0	0	309	1
28588	unclassified	0	0	0	0	918	1
28594	unclassified	0	0	0	0	225	1
28595	cid|1624	1624	121	0	26	384	1
28593	unclassified	0	0	0	0	933	1
28596	unclassified	0	0	0	0	315	1
28591	cid|1301915	1301915	81	81	24	1317	2
28591	cid|644281	644281	81	81	24	1317	2
28589	unclassified	0	0	0	0	2001	1
28597	unclassified	0	0	0	0	441	1
28600	unclassified	0	0	0	0	168	1
28598	unclassified	0	0	0	0	609	1
28602	unclassified	0	0	0	0	291	1
28599	unclassified	0	0	0	0	1038	1
28603	NC_000005.10	9606	64	0	23	1158	1
28601	unclassified	0	0	0	0	1509	1
28606	unclassified	0	0	0	0	216	1
28605	unclassified	0	0	0	0	1008	1
28608	unclassified	0	0	0	0	585	1
28609	cid|1520	1520	64	0	23	648	1
28607	unclassified	0	0	0	0	1116	1
28604	cid|1410606	1410606	64	0	23	2346	1
28612	unclassified	0	0	0	0	219	1
28611	cid|32025	32025	64	0	23	543	1
28610	cid|111955	111955	64	64	23	681	2
28610	cid|60520	60520	64	64	23	681	2
28616	unclassified	0	0	0	0	291	1
28614	unclassified	0	0	0	0	444	1
28615	unclassified	0	0	0	0	414	1
28617	unclassified	0	0	0	0	159	1
28613	unclassified	0	0	0	0	834	1
28619	unclassified	0	0	0	0	285	1
28618	unclassified	0	0	0	0	801	1
28622	unclassified	0	0	0	0	564	1
28623	unclassified	0	0	0	0	522	1
28624	unclassified	0	0	0	0	360	1
28625	cid|216933	216933	64	0	23	351	1
28621	cid|373994	373994	81	0	24	1425	1
28620	unclassified	0	0	0	0	1614	1
28626	unclassified	0	0	0	0	681	1
28628	unclassified	0	0	0	0	393	1
28627	unclassified	0	0	0	0	693	1
28630	unclassified	0	0	0	0	417	1
28631	unclassified	0	0	0	0	342	1
28629	cid|1408	1408	100	64	25	1095	1
28633	unclassified	0	0	0	0	600	1
28634	cid|1685010	1685010	169	81	28	621	1
28635	unclassified	0	0	0	0	387	1
28632	unclassified	0	0	0	0	948	1
28637	unclassified	0	0	0	0	261	1
28639	unclassified	0	0	0	0	753	1
28636	unclassified	0	0	0	0	1053	1
28638	cid|2110	2110	64	64	23	921	4
28638	cid|169679	169679	64	64	23	921	4
28638	cid|1597	1597	64	64	23	921	4
28638	cid|169760	169760	64	64	23	921	4
28640	unclassified	0	0	0	0	1305	1
28641	unclassified	0	0	0	0	630	1
28644	unclassified	0	0	0	0	171	1
28642	unclassified	0	0	0	0	717	1
28647	unclassified	0	0	0	0	315	1
28643	unclassified	0	0	0	0	714	1
28646	unclassified	0	0	0	0	468	1
28649	unclassified	0	0	0	0	270	1
28648	unclassified	0	0	0	0	507	1
28645	unclassified	0	0	0	0	1116	1
28652	unclassified	0	0	0	0	306	1
28653	unclassified	0	0	0	0	108	1
28650	unclassified	0	0	0	0	954	1
28654	unclassified	0	0	0	0	423	1
28656	unclassified	0	0	0	0	240	1
28658	unclassified	0	0	0	0	90	1
28657	unclassified	0	0	0	0	189	1
28651	unclassified	0	0	0	0	1113	1
28660	unclassified	0	0	0	0	351	1
28661	unclassified	0	0	0	0	381	1
28662	unclassified	0	0	0	0	108	1
28663	unclassified	0	0	0	0	267	1
28655	unclassified	0	0	0	0	1437	1
28665	unclassified	0	0	0	0	354	1
28666	unclassified	0	0	0	0	306	1
28659	unclassified	0	0	0	0	1449	1
28664	cid|2226	2226	81	0	24	1011	1
28668	unclassified	0	0	0	0	729	1
28671	unclassified	0	0	0	0	201	1
28670	cid|1548	1548	169	0	28	543	1
28669	unclassified	0	0	0	0	783	1
28667	unclassified	0	0	0	0	1320	1
28672	unclassified	0	0	0	0	402	1
28674	unclassified	0	0	0	0	402	1
28673	unclassified	0	0	0	0	735	1
28676	cid|1625	1625	64	0	23	429	1
28675	unclassified	0	0	0	0	672	1
28677	unclassified	0	0	0	0	510	1
28678	unclassified	0	0	0	0	336	1
28679	unclassified	0	0	0	0	345	1
28682	unclassified	0	0	0	0	63	1
28681	unclassified	0	0	0	0	276	1
28685	unclassified	0	0	0	0	261	1
28680	unclassified	0	0	0	0	591	1
28683	unclassified	0	0	0	0	582	1
28684	cid|52584	52584	64	0	23	687	1
28688	unclassified	0	0	0	0	339	1
28687	unclassified	0	0	0	0	516	1
28686	unclassified	0	0	0	0	597	1
28691	unclassified	0	0	0	0	129	1
28690	unclassified	0	0	0	0	297	1
28694	unclassified	0	0	0	0	549	1
28693	unclassified	0	0	0	0	822	1
28692	unclassified	0	0	0	0	1053	1
28695	unclassified	0	0	0	0	333	1
28689	cid|1131462	1131462	64	64	23	1188	3
28689	cid|55583	55583	64	64	23	1188	3
28689	cid|1147129	1147129	64	64	23	1188	3
28697	unclassified	0	0	0	0	135	1
28696	unclassified	0	0	0	0	387	1
28698	unclassified	0	0	0	0	183	1
28701	unclassified	0	0	0	0	219	1
28703	unclassified	0	0	0	0	102	1
28702	unclassified	0	0	0	0	444	1
28705	unclassified	0	0	0	0	534	1
28699	unclassified	0	0	0	0	1221	1
28700	unclassified	0	0	0	0	1437	1
28707	unclassified	0	0	0	0	453	1
28709	unclassified	0	0	0	0	288	1
28708	unclassified	0	0	0	0	513	1
28704	unclassified	0	0	0	0	1593	1
28710	unclassified	0	0	0	0	222	1
28706	NC_000002.12	9606	64	0	23	1080	1
28711	unclassified	0	0	0	0	333	1
28714	unclassified	0	0	0	0	246	1
28715	unclassified	0	0	0	0	363	1
28712	unclassified	0	0	0	0	696	1
28713	cid|200991	200991	81	64	24	1233	1
28716	unclassified	0	0	0	0	1257	1
28718	NC_000021.9	9606	2916	2916	69	1050	3
28718	NT_167214.1	9606	2916	2916	69	1050	3
28718	NT_187388.1	9606	2916	2916	69	1050	3
28719	NT_187388.1	9606	5353	5353	125	1047	3
28719	NC_000021.9	9606	5353	5353	125	1047	3
28719	NT_167214.1	9606	5353	5353	125	1047	3
28717	NT_187388.1	9606	4349	4349	150	1799	2
28717	NC_000021.9	9606	4349	4349	150	1799	2
28720	cid|1603555	1603555	5174	0	164	1467	1
