gene_callers_id	sample_01_reads_against_MAGs	sample_02_reads_against_MAGs	sample_03_reads_against_MAGs	sample_04_reads_against_MAGs	sample_05_reads_against_MAGs	sample_06_reads_against_MAGs	sample_07_reads_against_MAGs	sample_08_reads_against_MAGs	sample_09_reads_against_MAGs	sample_10_reads_against_MAGs	sample_11_reads_against_MAGs	sample_12_reads_against_MAGs	sample_13_reads_against_MAGs	sample_14_reads_against_MAGs	sample_15_reads_against_MAGs	sample_16_reads_against_MAGs	sample_17_reads_against_MAGs	sample_18_reads_against_MAGs	sample_19_reads_against_MAGs	sample_20_reads_against_MAGs	sample_21_reads_against_MAGs	sample_22_reads_against_MAGs	sample_23_reads_against_MAGs	sample_24_reads_against_MAGs
10247	2.2467236331823437	0.0	0.0	0.0	1.3037673063788637	0.0	0.0	0.0	3.2746865395042057	0.0	0.0	0.0	0.0	0.0	0.0	0.0	2.9331055285984724	0.0	0.0	0.0	0.0	0.0	0.0	0.0
10248	5.185198880667266	0.0	0.0	0.0	0.0	0.0	0.0	0.0	2.4524797334798527	0.0	0.0	0.0	0.0	0.0	0.0	0.0	2.2969272178394093	0.0	0.0	0.0	0.0	0.0	0.0	0.0
10249	1.9562041544474729	0.0	0.0	0.0	0.0	0.0	0.0	0.0	0.765629033876204	0.0	0.0	0.0	0.0	0.0	0.0	0.0	1.7006056912958405	0.0	0.0	0.0	0.0	0.0	0.0	0.0
10250	2.4833748132418534	0.0	0.0	0.0	0.0	0.0	0.0	0.0	2.3025458187275207	0.5636353238722668	0.0	0.0	0.0	0.0	0.0	0.0	3.3241878699060963	0.0	0.0	0.0	0.0	0.41907896319829	0.0	0.0
10251	1.9980377897957275	0.0	0.0	0.0	0.0	0.0	0.0	0.0	2.156420276834433	0.0	0.0	0.0	0.0	0.0	0.0	0.0	2.852762686151103	0.6459747480317567	0.0	0.0	0.0	0.0	0.0	0.0
10252	3.850504729862931	0.0	0.8804027136774462	0.0	0.9640094044456035	0.0	0.0	0.0	4.160579146530846	0.0	0.0	0.0	0.0	0.0	0.0	0.0	3.9430658595478962	0.0	0.0	0.0	0.0	0.0	0.0	0.0
10253	3.3897163449267365	0.0	1.3909807402872287	0.0	0.0	0.0	0.0	0.0	2.735313870337038	0.0	0.0	0.7754825219496132	0.0	0.0	0.0	0.0	2.8931782048798187	0.0	1.8150042321746227	0.0	0.0	0.0	0.0	0.0
10254	2.9686487796890253	0.0	1.4577535976564011	0.0	0.0	0.0	0.0	0.0	2.956185729795888	0.0	0.0	0.0	0.0	0.49248165689976314	0.0	0.0	5.960398669496076	0.0	0.0	0.0	0.0	1.3757314102667393	0.0	0.0
10255	3.0312656479713933	0.0	0.5676163773190284	0.0	0.0	0.0	0.0	0.0	3.2611730376357095	0.0	0.0	0.0	0.0	0.0	0.0	0.0	3.98002120695163	0.0	0.4780297515298478	0.0	0.0	1.4741964828598286	0.0	0.37446434380530247
10256	1.0742554302507974	0.0	0.0	0.0	0.0	0.0	0.0	0.0	3.2348764788953805	0.0	0.0	0.0	0.0	0.0	0.0	0.0	7.592978382804382	0.0	0.0	0.0	0.0	0.0	0.0	0.0
10257	3.0982718729255407	0.0	0.0	0.0	0.9011033679686236	0.0	0.0	0.0	3.4735967387937543	0.0	0.0	0.0	0.0	0.0	0.0	0.0	2.2830937777047637	0.0	0.4960996809092468	0.0	0.0	0.0	0.0	0.0
10258	1.1576017721117051	0.0	0.0	0.0	0.0	0.0	0.0	0.0	3.380096156330608	0.0	0.0	0.0	0.0	0.0	0.0	0.0	2.0154387571954286	0.4075940816672082	0.9162323280496918	0.0	0.0	0.0	0.0	0.0
10259	2.2112539627712176	0.0	0.0	0.0	0.0	0.0	0.0	0.0	3.15226314116515	0.0	0.0	0.0	0.0	0.0	0.0	0.0	4.250792137575008	0.0	0.7571945806683245	0.0	0.0	0.0	0.0	0.0
10260	2.758728984427937	0.0	0.0	0.0	0.0	0.0	0.0	0.0	0.0	0.0	0.0	0.0	0.0	0.0	0.0	0.0	0.9860132971832694	0.0	0.0	0.0	0.0	0.0	0.0	0.0
10261	1.1620440798947913	0.0	0.0	0.0	0.0	0.0	0.0	0.0	1.9371781268139256	0.0	0.0	0.0	0.0	0.0	0.0	0.0	4.126087724890833	0.0	0.0	0.0	0.0	0.811786822870895	0.0	0.0
10262	2.1584627918649035	0.0	0.0	0.0	0.0	0.0	0.0	0.0	2.224280644530557	0.7075819847926544	0.0	0.0	0.0	0.0	0.0	0.0	4.713654842566654	0.0	0.0	0.0	0.0	0.0	0.0	0.0
10263	1.101126297925004	0.0	0.0	0.0	0.0	0.0	0.0	0.0	4.056881241093177	0.0	0.0	0.0	0.0	0.0	0.0	0.0	2.280508023638184	0.0	0.0	0.0	0.0	0.0	0.0	0.0
10264	4.317820146227391	0.0	0.0	0.0	0.0	0.0	0.0	0.0	1.1783375621403678	0.0	0.0	0.0	0.5659960666663133	0.0	0.0	0.0	1.9498789918032648	0.0	0.0	0.0	0.0	0.0	0.0	0.0
10265	4.099915811903249	0.0	0.0	0.0	0.0	0.0	0.0	0.0	1.4232244989058906	0.0	0.0	0.0	0.0	0.0	0.0	0.0	2.3159455065196166	0.0	0.0	0.0	0.0	0.0	0.0	0.0
10266	1.1501735980083856	0.0	1.10968792716346	0.0	0.0	0.0	0.0	0.0	3.3015382321306506	0.0	0.0	0.0	0.0	0.9505091822895897	0.0	0.0	4.216690067387512	0.0	0.0	0.0	0.0	0.0	0.0	0.0
10267	2.405760618138412	0.0	0.0	0.0	0.0	0.0	0.0	0.0	4.600047655803078	0.0	0.0	0.0	1.609723344496979	0.0	0.0	0.0	5.291676138571703	0.0	0.0	0.0	0.0	1.017304019701872	0.0	0.0
10268	1.0568558459879425	0.0	0.0	0.0	0.0	0.0	0.0	0.0	0.7245591281964966	0.19897843013616578	0.0	0.0	0.0	0.0	0.0	0.0	2.97321197965705	0.0	0.0	0.0	0.0	0.8816753358900485	0.0	0.0
10269	2.8813242820674896	0.0	0.0	0.0	0.0	0.0	0.0	0.0	2.9167573523498094	0.0	0.0	0.0	0.0	0.0	0.0	0.0	2.943851494114125	0.0	0.0	0.0	0.0	0.7257592473773468	0.0	0.0
10270	2.278663420480986	0.0	0.0	0.0	0.0	0.0	0.0	0.0	2.2207865416977217	0.0	0.0	0.0	0.0	0.0	0.0	0.0	2.8399757830158574	0.0	0.0	0.0	0.0	0.7673083985434246	0.0	0.0
10271	4.73509587906676	0.0	0.0	0.0	0.0	0.0	0.0	0.0	1.0060142852403005	0.0	0.0	0.0	0.0	0.0	0.0	0.0	0.7128971154264381	0.0	0.0	0.0	0.0	0.0	0.0	0.0
10272	2.48975995443794	0.0	0.0	0.0	0.0	0.0	0.0	0.0	2.1895524052424897	0.0	0.0	0.0	0.0	0.7629192771506328	0.0	0.0	3.257423629705562	0.0	0.0	0.0	0.0	0.0	0.0	0.0
10273	3.1104516688611925	0.0	0.0	0.0	0.17613630338505237	0.0	0.0	0.0	3.5933686827196016	0.0	0.0	0.0	1.548399466791066	0.0	0.0	0.0	2.8441643871413875	0.0	1.0462669622104188	0.0	0.0	0.0	0.0	0.0
10274	1.688187253972011	0.0	0.4892392065848394	0.0	0.0	0.0	0.0	0.0	2.896118635244059	0.9090987984825546	0.0	0.0	0.0	0.0	0.0	0.0	1.8180065423802176	0.49797327262867486	0.47993822097136785	0.0	0.0	0.0	0.0	0.0
10275	3.09386507671978	0.0	0.0	0.0	0.0	0.541306484427641	0.0	0.0	4.3729300627077645	0.0	0.0	0.0	0.0	0.0	0.0	0.0	2.0980828357487105	0.0	2.00676686886259	0.4891902817269953	0.0	0.0	0.0	0.0
10276	2.3357420325693994	0.0	0.8491773268851017	0.0	0.0	0.0	0.0	0.0	5.397334080625621	0.0	0.0	0.0	0.0	0.0	0.0	0.0	3.3289575166502834	0.0	1.3138708586796857	0.0	0.0	0.0	0.0	0.0
10277	1.841681450209135	0.0	0.0	0.0	0.0	0.0	0.0	0.0	3.2594691467257824	0.0	0.0	0.0	0.0	0.0	0.0	0.0	3.9770514039703437	0.0	1.2633526950695826	0.0	0.0	0.0	0.0	0.0
10278	2.0395168830482815	0.0	0.0	0.0	1.3196276341333733	0.0	0.0	0.0	4.104341023157676	0.0	0.0	0.0	0.0	0.9311576850103004	0.0	0.0	4.814733005221019	0.0	0.0	0.0	0.0	0.0	0.0	0.0
10279	3.2042133955848953	0.0	0.0	0.0	0.0	0.0	0.0	0.0	2.1373763753918267	0.0	0.0	0.0	0.0	0.0	0.0	0.0	2.0263081765250974	0.0	0.7446040434610143	0.0	0.0	0.0	0.0	0.0
10280	3.023136217752558	0.0	0.0	0.0	0.0	0.0	0.0	0.0	3.063863931030812	0.0	0.0	0.0	0.8167748823462617	0.0	0.0	0.0	3.2774497060222525	0.0	0.0	0.0	0.0	0.0	0.0	0.0
10281	1.357505908294921	0.0	0.7960254453817985	0.0	0.0	0.0	0.0	0.0	1.2575440718990503	0.0	0.0	0.0	0.0	0.0	0.0	0.0	4.196768000466356	0.0	0.0	0.0	0.9261346845820223	0.0	0.0	0.0
10282	2.0995402264910537	0.0	1.5968920053910927	0.0	0.0	0.0	0.0	0.0	2.0417274443016775	0.0	0.0	0.0	0.0	0.0	0.0	0.0	1.2092542172652707	0.0	1.3273194013833736	0.0	0.0	0.0	0.0	0.0
10283	1.1377170122662312	0.0	0.0	0.0	0.0	0.0	0.0	0.0	0.0	0.0	0.0	0.0	0.0	0.0	0.0	0.0	1.02191666309664	0.0	0.0	0.0	0.0	0.0	0.0	0.0
10284	2.1711100434712374	0.0	0.0	0.0	0.0	0.0	0.0	0.0	1.2212549770505154	0.0	0.0	0.0	0.0	0.0	0.0	0.0	1.190896091933965	0.0	0.6841976644394254	0.0	0.0	0.1677657522143511	0.0	0.0
10285	2.0270520518975785	0.0	0.0	0.0	0.0	0.0	0.0	0.0	0.660714166547489	0.0	0.0	0.0	0.0	0.9262074960876984	0.0	0.0	3.7695462369966304	0.0	1.0911420555834057	0.0	0.0	0.0	0.0	0.0
10286	3.404694786117487	0.0	0.0	0.0	0.5133400988028141	0.0	0.0	0.0	2.0085123778335654	0.36402002838962966	0.0	0.4964172895766319	0.0	0.0	0.0	0.0	3.2727317166882712	0.0	0.972547510947306	0.0	0.0	0.0	0.0	0.0
10287	1.1049233674294607	0.0	0.0	0.0	0.0	0.0	0.0	0.0	3.1417230410891017	0.0	0.0	0.0	0.0	0.0	0.0	0.0	2.138856440642474	0.0	1.9911228571247097	0.0	0.0	0.0	0.0	0.0
10288	4.671278554393568	0.0	0.6375136291433166	0.0	0.0	0.0	0.0	0.0	3.2536643699684373	0.0	0.0	0.0	0.0	0.5753880657524594	0.0	0.0	2.7098828575162877	0.0	0.0	0.0	0.0	0.0	0.0	0.0
10289	4.5040370214672025	0.0	0.7995777498215029	0.0	0.0	0.0	0.0	0.0	2.335006291758943	0.0	0.0	0.0	1.2115624742327262	0.0	0.0	0.0	3.1601184706041496	0.0	0.0	0.0	0.0	0.0	0.0	0.0
10290	4.869483482645269	0.0	0.0	0.0	2.281937300812782	0.0	0.0	0.0	0.8929886156164425	0.0	0.0	0.0	0.0	0.0	0.0	0.0	2.1204588838300538	0.0	0.0	0.0	0.0	0.0	0.0	0.0
10291	2.1251153687886886	0.0	0.7833232644941654	0.0	0.0	0.0	0.0	0.0	1.135849547800875	0.0	0.0	0.0	0.0	0.0	0.0	0.0	2.1033076238756556	0.0	0.0	0.0	0.0	0.9287681675838292	0.0	0.0
10292	2.242695851229781	0.0	0.16852911295070871	0.0	0.0	0.0	0.0	0.0	3.416738802900336	0.0	0.0	0.0	0.3311626995923324	0.0	0.0	0.0	3.0771764359083225	0.0	1.395336114597709	0.0	0.7260481047852468	0.17977691258187303	0.0	0.0
10293	3.302029007478382	0.0	0.0	0.0	0.8645173234275503	0.0	0.0	0.0	4.233774968581964	0.0	0.0	0.0	0.0	0.0	0.0	0.0	3.062360239119851	0.0	0.8293815149065076	0.0	0.0	0.0	0.0	0.0
10294	2.060137535861785	0.0	0.8285225361037927	0.0	0.5940223505114149	0.0	0.0	0.0	0.9126523976637647	0.0	0.0	0.0	0.0	0.0	0.0	0.0	1.1629345281893648	0.0	1.0785032000430872	0.0	0.693115358919266	0.0	0.0	0.0
10295	2.532737963264391	0.0	0.0	0.0	0.0	0.0	0.0	0.0	3.5078832312366073	0.0	0.0	0.0	0.0	0.0	0.0	0.0	2.8080674178645046	0.0	0.622006161416736	0.0	0.0	0.3886925398937701	0.0	0.0
10296	3.9687440099653166	0.0	0.0	0.0	0.0	0.0	0.0	0.0	3.428090603736071	0.0	0.0	0.0	0.0	0.0	0.0	0.0	5.179783134780942	0.0	0.0	0.0	0.0	0.0	0.0	0.0
10297	2.2953942020240574	0.0	2.117954926420403	0.0	0.0	0.0	0.0	0.0	1.2939889360580774	0.0	0.0	0.0	0.0	0.0	0.0	0.0	4.08040167673772	0.0	0.0	0.0	0.0	0.0	0.0	0.0
10298	2.916251776715354	0.0	0.0	0.0	0.9607294178001335	0.0	0.0	0.0	1.8736726708162863	0.0	0.0	0.0	0.0	0.0	0.0	0.0	2.944689541537542	0.0	0.0	0.0	0.0	0.4981684487025276	0.0	0.0
10299	3.5049918721257827	0.0	0.0	0.0	0.8879312939088427	0.0	0.0	0.0	2.3908005350431014	0.0	0.0	0.0	1.3096760896820063	0.0	0.0	0.0	3.9138628843776733	0.0	0.0	0.0	0.515929869976963	0.0	0.0	0.0
10300	6.321937184487076	0.0	0.0	0.0	0.19025266352511105	0.0	0.0	0.0	2.869556948693583	0.0	0.0	0.0	0.0	0.0	0.0	0.0	6.046258713267588	0.0	0.0	0.0	0.0	0.41675266517277204	0.0	0.0
10301	3.178800874543733	0.0	1.886548542044345	2.141457975537642	1.8767607494959329	0.0	0.0	0.8394516748307099	2.212252663929383	0.8989285986397185	0.0	0.0	0.6754849897899187	1.150603927961709	0.0	2.3166230097204883	8.664062108631391	0.3904929179202876	1.6291899120149511	0.8403183900513534	1.053190041901641	0.0	3.023444089415285	3.4474118560529674
10302	1.1702301732286124	0.0	0.0	0.0	0.0	0.0	0.0	0.0	2.0935284411920385	0.0	0.0	0.0	0.0	0.0	0.0	0.0	6.399128495398768	0.0	1.7343440811272894	0.0	0.0	0.0	0.0	0.0
10303	2.797566199608413	0.0	0.0	0.0	0.7374162341377899	0.0	0.0	0.0	1.159991227144123	0.0	0.0	0.0	0.0	0.0	0.0	0.0	2.2941649921023757	0.0	1.3935709018266615	0.0	0.0	0.8742054388281398	0.0	0.0
10304	1.0269066083464153	0.0	0.9472862848660558	0.0	0.0	0.0	0.0	0.0	1.2508144794508018	0.8036974285548786	0.0	0.0	0.8724669409581677	0.0	0.0	0.0	1.183425480445894	0.0	0.948395203587633	0.0	0.0	0.0	0.0	0.0
10305	1.1041651599176114	0.0	0.0	0.0	0.0	0.0	0.0	0.0	0.8013792400087908	0.0	0.9233174728781823	0.0	0.0	0.0	0.0	0.0	3.852086633056353	0.9760186153204188	0.9163558217419441	0.0	0.0	0.0	0.0	0.0
10306	3.2682880524205493	0.0	0.8945984821050424	0.0	0.8745074975494955	0.0	0.0	0.0	3.1511287850718177	0.0	0.0	0.0	1.5489547163813226	0.0	0.0	0.0	3.059203717155987	0.0	0.9926928439324831	0.0	0.0	0.0	0.0	0.0
10307	1.768107894410744	0.0	0.0	0.0	0.0	0.0	0.0	0.0	2.6412327684606067	0.0	0.0	0.0	0.8534023214309434	0.9967440952148829	0.0	0.0	1.7785161984216884	0.0	0.45099250714466765	0.0	0.0	0.0	0.0	0.0
10308	1.2426728202279376	0.0	1.1136069953752668	0.0	0.0	0.0	0.0	0.0	3.0477623410353853	0.1830753656453343	0.0	0.0	0.0	0.9621502090065552	0.0	0.0	3.121485678247807	0.0	0.49862637103097257	0.0	0.0	0.0	0.0	0.5123642715650712
10309	5.065798189599935	0.0	0.6989403496498826	0.0	1.2624831291514036	0.0	0.0	0.0	5.991673563056175	0.0	0.0	0.0	0.8953976037420791	0.0	0.0	0.0	2.097096625554701	0.0	0.0	0.0	0.0	0.0	0.0	0.4985277881910484
10310	3.1957136680223583	0.0	0.7477754463438762	0.0	0.0	0.0	0.0	0.0	3.2846825838402887	0.0	0.0	0.0	0.0	0.0	0.0	0.0	3.594291475801281	0.0	0.0	0.0	0.0	0.0	0.0	0.0
10311	2.0877821832027355	0.0	0.9950481738528468	0.0	1.4024913535137886	0.0	0.0	0.0	3.5286069007551473	0.0	0.0	0.0	0.0	0.0	0.0	0.0	1.869282287360919	0.0	0.0	0.0	0.0	0.0	0.0	0.0
10312	4.065540848191447	0.0	0.0	0.0	0.9977753031397177	0.0	0.0	0.0	4.745937515654239	0.0	0.0	0.0	0.0	0.8618389872298056	0.0	0.0	1.0885464314090296	0.0	0.0	0.0	0.0	0.0	0.0	0.0
10313	4.100767580794396	0.0	0.0	0.0	0.0	0.0	0.0	0.0	2.4942893522032272	0.0	0.0	0.0	0.0	0.0	0.0	0.0	3.971181504312188	0.0	0.0	0.0	0.0	0.9057930854606651	0.0	0.0
10314	3.014240956935481	0.0	0.9195648371898082	0.0	0.0	0.0	0.0	0.0	1.6992663089928495	0.0	0.0	0.0	0.0	0.0	0.0	0.0	4.7357219563696376	0.0	0.0	0.0	0.0	0.8962349005905256	0.0	0.0
10315	1.5787003759847933	0.0	0.0	0.0	0.0	0.0	0.0	0.0	0.9047544496413292	0.0	0.0	0.0	1.5819001885921617	0.0	0.0	0.0	1.083134305900303	0.0	0.0	0.0	0.0	0.0	0.0	0.0
10316	2.2857134918190787	0.0	0.0	0.0	0.0	0.0	0.0	0.0	2.2517757839410946	0.4297573245736381	0.0	0.41216082202203114	0.8745023276056241	1.2912483193492341	0.0	0.0	3.2594925873976246	0.0	1.0424113337890166	0.0	0.0	0.0	0.0	0.0
10317	2.1475733201380196	0.0	0.0	0.0	0.0	0.0	0.0	0.0	2.2228547207213696	0.0	0.0	0.0	0.0	0.0	0.0	0.0	2.145227260688247	0.0	0.0	0.0	0.0	0.0	0.0	0.0
10318	3.031873196783853	0.0	1.4367457475232777	0.0	0.0	0.0	0.0	0.0	1.9309938112000389	0.0	0.0	0.0	0.0	0.0	0.0	0.0	3.355617262193152	0.8290978990391937	0.0	0.0	0.0	0.0	0.0	0.0
10319	3.421274587423978	0.0	0.6008221644392889	0.0	0.0	0.0	0.0	0.0	2.1001959680774953	0.674802818552376	0.0	0.0	0.0	0.0	0.0	0.0	4.412472452234379	0.0	0.0	0.0	0.0	1.09032153962596	0.0	0.0
10320	3.808351689840106	0.0	0.601685792969525	0.0	0.0	0.0	0.0	0.0	3.301406671226779	0.0	0.0	0.0	0.0	1.2118646381100737	0.0	0.0	4.4293963681301385	0.0	0.9048543007942231	0.0	0.0	0.0	0.0	0.0
10321	1.744183158988709	0.0	0.0	0.0	0.9985930275359494	0.0	0.0	0.0	2.2777736426008364	0.0	0.0	0.0	0.0	0.0	0.0	0.0	4.258002587945415	0.0	0.4637397779020425	0.0	0.0	0.0	0.0	0.0
10322	2.054130423279206	0.0	0.0	0.0	0.0	0.0	0.0	0.0	0.9778176236781023	0.0	0.0	0.0	0.0	0.7646511348482335	0.0	0.0	1.9399913735613505	0.0	0.8964263756235535	0.0	0.0	0.5691665988829198	0.0	0.0
10323	2.166889046208506	0.0	0.0	0.0	0.0	0.0	0.0	0.0	0.6381663073428935	0.0	0.0	0.0	0.9479444448138727	0.0	0.0	0.0	3.269223492615039	0.0	2.5712043945057914	0.0	0.8178587780712893	0.0	0.0	0.0
10324	3.105156508851629	0.0	0.0	0.0	0.0	0.0	0.0	0.0	1.1348321828452888	0.0	0.0	0.0	0.7883613038676438	0.37892158138441456	0.0	0.0	3.180607136631628	0.0	0.0	0.0	0.40007995726425294	0.0	0.0	0.0
10325	2.205000398487437	0.0	0.9371847331284021	0.0	0.0	0.0	0.0	0.0	3.3363762145823137	0.0	0.0	0.0	0.0	0.0	0.0	0.0	3.737091396111101	0.0	0.9007517829731778	0.0	0.0	0.0	0.0	0.0
10326	4.561448804513838	0.0	0.0	0.0	0.0	0.0	0.0	0.0	3.1387392858800114	0.0	0.0	0.0	1.346036979105727	0.0	0.0	0.0	4.27757273945239	0.0	0.735993015347599	0.0	0.0	0.0	0.0	0.0
10327	3.3210364779226356	0.0	0.0	0.0	1.0155145692190533	0.0	0.0	0.0	2.071377516181622	0.0	0.0	0.0	0.0	0.6971091173843793	0.0	0.0	4.535171960050042	0.0	1.1713691846562941	0.0	0.0	0.7368284028419135	0.0	0.0
10328	1.1489530946718802	0.0	1.3539035040270542	0.0	0.0	0.0	0.0	0.0	1.891200849204503	0.0	0.0	0.0	0.0	0.0	0.0	0.0	2.309632899839968	0.0	1.6367672367540185	0.0	0.0	0.0	0.0	0.0
10329	1.795294917424337	0.0	0.0	0.0	0.0	0.0	0.0	0.0	0.8081439518692203	0.0	0.0	0.0	0.9929803338163609	0.9349275320122219	0.0	0.0	2.3786870389071346	0.0	0.0	0.0	0.0	0.8543407550072879	0.0	0.0
10330	1.9793694766380485	0.0	0.0	0.0	0.0	0.0	0.0	0.0	0.8793793367364505	0.0	0.0	0.0	0.494741143126972	0.0	0.0	0.0	2.2758780853318004	0.0	0.17452121918882524	0.0	0.0	0.0	0.0	0.0
10331	3.727889566309596	0.0	0.0	0.0	0.0	0.0	0.0	0.0	5.210599574298649	0.0	0.0	0.0	0.6285393610547089	0.0	0.0	0.0	1.7241568094138593	0.0	0.0	0.0	0.0	0.8287655651653713	0.0	0.0
10332	2.1573334304442566	0.0	0.0	0.0	1.088077427920139	0.0	0.0	0.0	3.32647992537652	0.0	0.0	0.0	0.0	0.0	0.0	0.0	3.187793888055488	0.0	0.0	0.0	0.0	0.0	0.0	0.0
10333	1.1289818038811827	0.0	0.7717163094429165	0.0	0.0	0.0	0.0	0.0	1.005398741932103	0.9039335388886399	0.0	0.0	0.4442317833059195	0.0	0.0	0.0	2.1792165818668243	0.0	0.5781461721064561	0.0	0.0	0.0	0.0	0.0
10334	2.507117205787071	0.0	0.9076538461274607	0.0	0.0	0.0	0.0	0.0	2.25287248393435	0.0	0.0	0.0	0.4683488917283621	0.0	0.0	0.0	2.8157477082211737	0.0	0.0	0.0	0.0	0.0	0.0	0.0
10335	0.0	0.0	0.0	0.0	0.0	0.0	0.0	0.0	0.49350048590841006	0.0	0.0	0.0	0.0	0.0	0.0	0.0	2.462285766654662	0.0	0.0	0.0	0.0	0.0	0.0	0.0
10336	3.0551074666291305	0.0	0.0	0.0	1.0069361159257666	0.0	0.0	0.0	1.8164537188900898	0.0	0.0	0.0	0.0	0.0	0.0	0.0	2.043666727486309	0.0	0.0	0.0	0.0	0.0	0.0	0.0
10337	2.6440537831449773	0.0	0.477711855389884	0.0	0.0	0.0	0.0	0.0	1.2572150051447037	0.0	0.0	0.0	0.0	0.0	0.0	0.0	2.385899622113789	0.0	0.0	0.0	0.0	0.0	0.0	0.0
10338	1.7996627384153177	0.0	0.0	0.0	0.0	0.0	0.0	0.0	2.9064016257403695	0.0	0.0	0.0	0.0	0.0	0.0	0.0	3.0588828891525814	0.0	0.0	0.0	0.0	0.0	0.0	0.0
10339	2.3815505170101066	0.0	0.0	0.0	0.0	0.0	0.0	0.0	2.3145687279959937	0.0	0.0	0.0	0.0	0.0	0.0	0.0	3.0902143604268675	0.0	0.0	0.0	0.0	0.0	0.0	0.0
10340	1.2564012342013529	0.0	0.568042714979839	0.0	0.0	0.0	0.0	0.0	1.244700678232864	0.0	0.0	0.0	0.0	0.6054001417221689	0.0	0.0	0.9867631489689159	0.0	0.625	0.0	0.0	0.0	0.0	0.0
10341	4.582614147902168	0.0	0.0	0.0	0.0	0.0	0.0	0.0	2.8517567908975736	0.0	0.0	0.0	1.1074381815254042	0.0	0.0	0.0	1.3203000357896977	0.0	1.2717754756940878	0.0	0.0	0.0	0.0	0.0
10342	5.284877534584463	0.0	0.9367496997597596	0.0	0.0	0.0	0.0	0.0	2.2453037408976293	0.0	0.0	0.0	0.0	0.0	0.0	0.0	0.868867398142867	0.0	1.4916201110053309	0.0	0.0	0.0	0.0	0.0
10343	0.727257854907777	0.0	2.167801140309982	0.0	0.0	0.0	0.0	0.0	1.1424011713888134	0.0	0.0	0.0	0.9617522135464195	0.0	0.0	0.0	1.1016038192199522	0.0	0.0	0.0	0.0	0.48243264127139107	0.0	0.0
10344	3.319474848716566	0.0	0.0	0.0	0.0	0.0	0.0	0.0	2.334480196145706	0.0	0.0	0.0	0.0	0.0	0.0	0.0	4.9380198174885095	0.0	0.0	0.0	0.0	0.0	0.0	0.0
10345	2.3671164729076724	0.0	0.0	0.0	0.0	0.0	0.0	0.0	3.46886490743694	0.0	0.0	0.26089210689730497	1.4886740314771827	0.0	0.0	0.0	1.1039953397810556	0.0	0.0	0.0	0.0	0.0	0.0	0.0
10346	3.4802890264861785	0.0	0.8325193309457197	0.0	1.0083836837694948	0.0	0.0	0.0	3.658137566278886	0.0	0.0	0.0	0.6881990693894962	0.0	0.0	0.0	2.078952915742036	0.0	0.0	0.0	0.0	0.0	0.0	0.0
10347	5.741661716288962	0.0	0.0	0.0	0.6641986509453899	0.0	0.0	0.0	3.53788639506576	0.0	0.0	0.0	0.0	0.9887730192003018	0.0	0.0	1.936845916537702	0.0	0.061779752860525255	0.0	0.0	0.0	0.0	0.0
10348	4.444668383374332	0.0	0.0	0.0	0.0	0.0	0.0	0.0	2.3776737596793076	0.0	0.0	0.0	0.0	0.0	0.0	0.0	4.19307377733649	0.4375429772131465	0.0	0.0	0.0	0.0	0.0	0.0
10349	2.2425853187782043	0.0	0.0	0.0	0.6684609771907755	0.0	0.0	0.0	3.170692965264482	0.8924016969079722	0.0	0.0	1.4657627374433635	0.0	0.0	0.0	1.2340545016096756	0.0	0.0	0.0	0.0	0.0	0.0	0.0
10350	1.626319521328981	0.0	0.0	0.0	0.0	0.0	0.0	0.0	2.000372920637739	0.0	0.0	0.0	0.0	0.0	0.0	0.0	3.1052193982838667	0.0	0.0	0.0	0.0	0.0	0.0	0.0
10351	3.3066650315765562	0.0	1.979471843091654	0.0	0.0	0.0	0.0	0.0	2.8819578738346157	0.0	0.0	0.0	1.1901794455231105	0.0	0.0	0.0	4.115703924258101	0.0	1.0497674274291136	0.0	0.0	2.4788492817955845	0.0	0.0
10352	1.6299162926415056	0.0	0.0	0.0	0.0	0.0	0.0	0.0	5.877325200526969	0.0	0.6931400644243754	0.0	0.0	0.0	0.0	0.0	6.815697296029816	0.0	0.2907794003287378	0.0	0.0	0.0	0.0	0.0
10353	4.2307148117299915	0.0	0.0	0.0	0.0	0.0	0.0	0.0	2.658676541061399	0.0	0.0	0.0	0.0	0.0	0.0	0.0	1.3377345743366975	0.0	0.0	0.0	0.0	0.0	0.0	0.0
10354	1.8053264567836969	0.0	0.0	0.0	0.0	0.0	0.0	0.0	1.0795376133976224	0.0	0.0	0.0	0.0	0.0	0.0	0.0	1.1416859276503184	0.0	0.8260119114428418	0.0	0.0	0.0	0.0	0.0
10355	2.6699841858864573	0.0	0.0	0.0	0.0	0.0	0.0	0.0	3.5586490242122437	0.0	0.0	0.0	0.9565845473580157	0.0	0.0	0.0	2.042125033875066	0.0	1.356929944151194	0.0	0.0	0.0	0.0	0.0
10356	1.0052072036148703	0.0	1.239092388947292	0.0	0.0	0.21223995921951241	0.0	0.0	1.2020424794694151	0.0	0.7297731046471807	0.0	0.0	0.0	0.0	0.0	1.3470444919603692	0.9170850536284341	1.7278202769126183	0.0	0.0	0.0	0.0	0.0
10357	2.7432575534557118	0.0	0.0	0.0	0.0	0.0	0.0	0.0	3.751433275080605	0.0	0.0	0.0	0.0	0.0	0.0	0.0	2.0607612689546926	0.0	0.6192031830623899	0.0	0.0	0.0	0.0	0.0
10358	2.3864786651321697	0.0	0.5661149274759597	0.0	0.0	0.0	0.0	0.0	1.2847313049643498	0.0	0.0	0.0	0.0	0.0	0.0	0.0	2.382740052675149	0.0	0.8594248722902491	0.0	0.0	0.0	0.0	0.0
10359	3.228969518603252	0.0	0.0	0.0	0.8977909936059935	0.0	0.0	0.0	2.057746848593335	0.0	0.0	0.0	0.0	0.0	0.0	0.0	3.505023997400637	0.0	0.0	0.0	0.0	0.0	0.0	0.0
10360	2.711835873729921	0.0	0.840187921423204	0.0	0.6968914277281281	0.0	0.0	0.0	4.034209914193413	0.0	0.0	0.0	0.0	0.0	0.0	0.0	4.539159930945124	0.0	0.0	0.0	0.0	0.0	0.0	0.0
10361	1.1630827272862165	0.0	0.7498495846206363	0.0	0.7564097369749775	0.0	0.0	0.0	2.441400541725227	0.0	0.0	0.0	2.599211480297707	0.0	0.0	0.0	3.063457688828967	0.0	0.9067034561465647	0.0	0.0	0.0	0.0	0.0
10362	1.3396362204055194	0.0	0.9241197167067319	0.0	0.0	0.0	0.0	0.0	2.1732118967894287	0.6018437731995431	0.0	0.0	0.0	0.0	0.0	0.0	3.7631768353447432	0.0	0.0	0.0	0.0	0.0	0.0	0.0
10363	4.607106027263131	0.0	0.9425578373927797	0.0	0.6788418482870979	0.0	0.0	0.0	3.3313857490491556	0.0	0.0	0.0	0.0	0.0	0.0	0.0	2.8688569717255583	0.0	0.0	0.0	0.0	0.0	0.0	0.0
10364	1.3277694446375874	0.0	0.5168754576792631	0.0	0.0	0.0	0.0	0.0	1.2484556802940088	0.0	0.0	0.0	0.0	0.0	0.0	0.0	1.7345590168892249	0.0	0.0	0.0	0.0	0.0	0.0	0.0
10365	1.9761461664206958	0.0	0.0	0.0	0.303093835734329	0.0	0.0	0.0	0.79465101469317	0.0	0.0	0.0	0.0	0.0	0.0	0.0	1.9482734135225457	0.0	0.0	0.0	0.0	0.0	0.0	0.0
10366	1.1793620391831543	0.0	0.0	0.0	0.0	0.0	0.0	0.0	2.2347842825909026	0.0	0.0	0.0	0.0	0.0	0.0	0.0	1.0663121560399562	0.0	0.0	0.0	0.0	0.0	0.0	0.0
10367	2.4506113327622416	0.0	0.8232086979744987	0.0	1.3337728267206714	0.0	0.0	0.0	1.9050603508071615	0.36599786609028395	0.0	0.0	0.0	0.0	0.0	0.0	3.2116965348688433	0.0	0.47899199087675687	0.0	0.0	0.0	0.0	0.0
10368	3.2192305087077293	0.0	0.0	0.0	0.0	0.0	0.0	0.0	3.2946463523547433	0.0	0.0	0.0	0.0	0.0	0.0	0.0	1.8142788753087116	0.0	1.2874365127684064	0.0	0.0	0.0	0.0	0.0
10369	3.3012615159339527	0.0	0.0	0.0	0.0	0.0	0.0	0.0	3.391671070046889	0.08353872207061931	0.0	0.0	0.0	0.0	0.0	0.0	3.1736911792264797	0.0	0.0	0.0	0.0	1.1548052930754529	0.0	0.0
10370	4.425749012758376	0.0	0.0	0.0	0.0	0.0	0.0	0.0	3.3823358826865713	0.0	0.0	0.0	1.1456652200280133	0.0	0.0	0.0	3.123189085191749	0.0	0.629501787741588	0.0	0.0	1.0026594629844383	0.0	0.0
10371	2.1533866345248893	0.0	1.0601000599232695	0.0	0.0	0.0	0.0	0.0	1.9074773981060245	0.0	0.0	0.0	0.0	0.0	0.0	0.0	2.008867514325861	0.0	0.804557587682404	0.0	0.0	0.0	0.0	0.0
10372	2.3335091939622057	0.0	0.0	0.0	0.0	0.0	0.0	0.0	1.3994078162549601	0.0	0.0	0.0	0.0	0.0	0.0	0.0	2.577108289154654	0.0	0.0	0.0	0.0	0.0905326541330853	0.0	0.0
10373	6.8708275188245835	0.0	0.0	0.0	0.0	0.0	0.0	0.0	3.120832476750891	0.0	0.0	0.0	0.0	0.5685969302905199	0.0	0.0	6.287358737487903	0.0	0.0	0.0	0.0	0.0	0.0	0.0
10374	2.8202094112273834	0.0	0.0	0.0	1.0075171434381989	0.0	0.0	0.0	3.10853131577638	0.9899007057137251	0.0	0.0	0.0	0.0	0.0	0.0	1.2186695842415842	0.0	0.2883062205340663	0.0	0.0	0.0	0.0	0.0
10375	1.0685672109844264	0.0	0.0	0.0	0.0	0.0	0.0	0.0	1.2062421647238573	1.0652144314691687	0.0	0.0	0.0	0.0	0.0	0.0	3.446991661288717	0.0	0.0	0.0	0.0	0.44597216981145527	0.0	0.0
10376	2.1595273157040777	0.0	0.0	0.0	0.0	0.0	0.0	0.0	3.3941816207022444	0.0	0.0	0.0	1.5207299708853534	0.0	0.0	0.0	3.0635051646131557	0.0	0.0	0.0	0.0	0.0	0.0	0.0
10377	3.1160653784251764	0.0	0.972382213541459	0.0	0.0	0.0	0.0	0.0	2.450573637511542	0.0	0.0	0.0	0.0	0.0	0.0	0.0	3.1311053123823798	0.0	1.5933364210266856	0.0	0.0	0.0	0.0	0.0
10378	0.9495729734559436	0.0	0.0	0.0	1.5264742735081172	0.0	0.0	0.0	2.0038665384887	0.0	0.0	0.0	0.0	0.0	0.0	0.0	4.188206120292233	0.0	0.0	0.0	0.0	0.0	0.0	0.0
10379	5.128136213505596	0.0	0.0	0.0	0.5511982358197879	0.0	0.0	0.0	2.2802451930855088	0.0	0.0	0.0	0.0	0.0	0.0	0.0	4.657459337792651	0.0	1.1789925381641777	0.0	0.0	1.3424922825744716	0.0	0.0
10380	6.542296201067909	0.0	0.7647341616257627	0.0	0.7591116488646016	0.0	0.0	0.0	3.2496679860282724	0.0	0.0	0.0	0.0	0.0	0.0	0.0	3.1614713942753023	0.0	1.1732275863278012	0.0	0.0	0.0	0.0	0.0
10381	0.7209461239298449	0.0	0.0	0.0	0.0	0.0	0.0	0.0	1.8308517527614214	0.0	0.0	0.0	0.0	0.0	0.0	0.0	0.0	0.0	0.0	0.0	0.0	0.0	0.0	0.0
10382	1.882060867312449	0.0	0.7742339583241116	0.0	0.0	0.0	0.0	0.0	0.9379519927970744	0.0	0.0	0.0	0.0	0.0	0.0	0.0	2.0626530471670437	0.0	0.0	0.0	0.0	0.0	0.0	0.0
10383	4.002315856557001	0.0	0.0	0.0	0.0	0.0	0.0	0.0	2.1113154158697713	0.0	0.0	0.8198002603953367	0.0	0.0	0.0	0.0	2.211667610391789	0.0	0.0	0.0	0.0	0.0	0.0	0.0
10384	1.5925079081747993	0.0	0.5761391888799088	0.0	0.0	0.0	0.0	0.0	1.2206634913608276	0.0	0.0	0.0	0.0	0.0	0.0	0.0	3.940751107151108	0.0	0.0	0.0	0.0	0.2345876801169289	0.0	0.0
10385	3.397900960939021	0.0	0.0	0.0	0.0	0.0	0.0	0.0	1.981583375261162	0.0	0.0	0.0	0.0	0.0	0.0	0.0	2.8443319677092447	0.0	0.0	0.0	0.0	0.0	0.0	0.0
10386	1.1921893089061322	0.0	0.0	0.0	0.0	0.0	0.0	0.0	2.361754478118006	0.0	0.0	0.0	0.0	0.0	0.0	0.0	1.3500342893571906	0.0	0.0	0.0	0.0	0.0	0.0	0.0
10387	1.2155245781143218	0.0	0.0	0.0	0.0	0.0	0.0	0.0	0.23134051674184525	0.0	0.0	0.0	0.0	0.0	0.0	0.0	2.236740978316808	0.0	0.0	0.0	0.0	0.0	0.0	0.0
10388	4.198386248667269	0.0	0.0	0.0	0.0	0.0	0.0	0.0	2.037188935725294	0.0	0.0	0.0	0.934964693085475	0.0	0.0	0.0	3.229040724425754	0.0	0.0	0.0	0.0	0.39577241246597245	0.0	0.0
10389	1.079438454348296	0.0	0.0	0.0	0.0	0.0	0.0	0.0	2.0696119679733678	0.0	0.0	0.0	0.0	0.0	0.0	0.0	1.288302069478359	0.0	0.0	0.0	0.0	0.0	0.0	0.0
10390	1.0126508499655462	0.0	1.68240056488381	0.0	0.9880672644166278	0.0	0.0	0.0	1.0334579737465033	0.0	0.0	0.0	0.0	0.0	0.0	0.0	3.043669764745803	0.0	0.0	0.0	0.0	0.0	0.0	0.0
10391	2.2582700822751676	0.0	0.0	0.0	0.0	0.0	0.0	0.0	3.188332581999562	0.0	0.0	0.8998361351760913	0.0	0.0	0.0	0.0	2.4017522902412085	0.0	0.0	0.0	0.0	0.0	0.0	0.0
10392	2.0263571202974635	0.0	0.885286512067205	0.0	0.0	0.0	0.0	0.0	2.282514518818232	0.0	0.0	0.0	0.9772433634301273	0.8837215127381165	0.0	0.0	2.3136580321674547	0.0	1.4354811251305468	0.0	0.0	0.0	0.0	0.0
10393	3.9438263835457894	0.0	0.0	0.0	0.0	0.0	0.0	0.0	2.1248494958742277	0.0	0.0	0.0	0.0	0.7036569603737501	0.0	0.924793988522052	0.8830452606556104	0.0	0.0	0.0	0.0	0.0	0.0	0.0
10394	2.37104708804594	0.0	1.1565773384069205	0.0	0.0	0.0	0.0	0.0	3.1534012312601223	0.0	0.0	0.0	0.0	0.0	0.0	0.0	2.0548664016946803	0.0	0.6740491500622584	0.0	0.0	0.0	0.0	0.0
10395	1.974914743151815	0.0	1.0619994431798856	0.0	0.0	0.0	0.0	0.0	2.812742404613466	0.0	0.0	0.0	0.8937551334345044	0.0	0.0	0.0	3.30927811335543	0.0	1.46838400951144	0.0	0.0	0.627482607410279	0.0	0.0
10396	1.1947740841412968	0.2881416194396542	0.0	0.0	0.0	0.0	0.0	0.0	3.3485770686677485	0.0	0.0	0.0	0.0	0.0	0.0	0.0	3.0408755680082136	0.0	0.0	0.0	0.0	0.0	0.0	0.0
10397	3.46454261852204	0.0	2.3683128796026107	0.0	0.0	0.0	0.0	0.0	1.238619688582099	0.0	0.0	0.0	0.0	0.0	0.0	0.0	2.286406271834577	0.0	0.0	0.0	0.0	0.0	0.0	0.0
10398	3.225244057369578	0.0	1.4962776672151183	0.0	0.0	0.0	0.0	0.0	4.1053946754247574	0.0	0.0	0.0	0.0	0.0	0.0	0.0	3.1678191098549373	0.0	0.0	0.0	0.0	0.8106536028402452	0.0	0.0
10399	2.4380412975624584	0.0	0.0	0.0	1.3711257842376818	0.0	0.0	0.0	2.4425082985306164	0.0	0.0	1.6370539626954335	0.0	0.0	0.0	0.0	0.9189831572377924	0.0	0.0	0.0	0.0	0.0	0.0	0.0
10400	0.9795122521324386	0.0	0.9015069960497087	0.0	0.0	0.0	0.0	0.0	1.7549316476183454	0.0	0.2250242487982274	0.0	0.0	0.0	0.0	0.0	2.030180676581014	0.0	0.0	0.0	0.0	0.0	0.0	0.0
10401	4.688927259877443	0.0	0.0	0.0	0.0	0.0	0.0	0.0	2.559678757239793	0.0	0.0	0.0	0.0	0.0	0.0	0.0	4.303389834213239	0.0	0.8693732916428886	0.0	0.0	0.7775465027867066	0.0	0.0
10402	2.2205287483925247	0.0	0.0	0.0	0.0	0.0	0.0	0.0	1.0130627910487968	0.0	0.0	0.0	0.0	0.0	0.0	0.0	1.4801571037910517	0.0	0.4864934740333197	0.0	0.0	1.263826508430366	0.0	0.0
10403	1.7031320913474195	0.0	0.0	0.0	0.0	0.0	0.0	0.0	3.219140341349829	0.0	0.0	0.0	0.6452716685956508	0.0	0.0	0.0	1.201827597769308	0.0	0.0	0.0	0.0	0.0	0.0	0.0
10404	1.2453454692613968	0.0	0.0	0.0	0.0	0.0	0.0	0.0	2.375438912517068	0.0	0.0	0.0	0.0	0.0	0.0	0.0	2.0597716437375415	0.0	0.0	0.0	0.0	0.0	0.0	0.0
10405	1.9375996457794975	0.0	0.0	0.0	0.0	0.0	0.0	0.0	0.8463094068887368	0.0	0.0	0.0	0.0	0.8302286633343829	0.0	0.0	3.532944748521868	0.0	0.7970061438908189	0.0	0.0	0.0	0.0	0.0
10406	0.6950060791578857	0.0	0.0	0.0	0.0	0.0	0.0	0.0	0.0	0.0	0.0	0.0	0.0	0.0	0.0	0.0	1.094757032651246	0.0	0.0	0.0	0.0	0.0	0.0	0.0
10407	1.987523727694517	0.0	0.0	0.0	0.0	0.0	0.0	0.0	1.9554545325460415	0.0	0.0	0.0	0.0	0.0	0.0	0.0	5.692007867527577	0.0	1.1013172591736424	0.0	0.0	0.0	0.0	0.0
10408	3.448336529330318	0.0	0.27638539919628335	0.0	0.0	0.0	0.0	0.0	4.247924378096317	0.0	0.0	0.0	0.0	0.0	0.0	0.0	1.1862341431217078	0.0	0.0	0.0	0.0	0.0	0.0	0.0
10409	5.544377266777569	0.0	0.0	0.0	0.0	0.0	0.0	0.0	2.230048559527546	0.0	0.2426063677196081	0.0	0.0	0.0	0.0	0.0	3.076838900259071	0.0	0.0	0.0	0.0	0.0	0.0	0.0
10410	2.307930700154545	0.0	0.0	0.0	0.0	0.0	0.0	0.0	2.271701088976089	0.0	0.0	0.0	0.0	0.0	0.0	0.0	3.1960896501329326	0.0	0.903747324704022	0.0	0.0	0.0	0.0	0.0
10411	4.322605907069082	0.0	0.0	0.0	0.0	0.0	0.0	0.0	4.595045605230684	0.0	0.6518711038559107	0.0	0.0	0.0	0.0	0.0	1.927931463483896	0.0	1.1448093733580753	0.0	0.0	0.0	0.0	0.0
10412	3.237889261246171	0.0	0.0	0.0	1.006907027561521	0.0	0.0	0.0	4.442818916603852	0.0	0.2030582155168534	0.0	0.0	0.0	0.0	0.0	1.8154397455070337	0.0	0.0	0.0	0.0	0.0	0.0	0.0
10413	1.1520061712736245	0.0	0.0	0.0	0.0	0.0	0.0	0.0	1.631128236391163	0.0	0.0	0.0	0.48074301554537097	0.0	0.0	0.0	3.0989407117763346	0.0	0.0	0.0	0.0	0.0	0.0	0.0
10414	3.277557278894984	0.0	0.0	0.0	0.0	0.0	0.0	0.0	3.3915864121119363	0.0	0.0	0.0	0.0	0.0	0.0	0.0	2.8456601686120178	0.0	0.0	0.0	0.0	0.0	0.0	0.0
10415	2.464602796476531	0.0	0.8850388115662482	0.0	0.0	0.0	0.0	0.0	0.8859744701290179	0.0	0.0	0.0	0.8163549843240404	0.34781987143831633	0.0	0.0	1.0307720754707574	0.0	0.0	0.0	0.0	0.6439539126088725	0.0	0.0
10416	2.2512131190483124	0.0	0.0	0.0	0.0	0.0	0.0	0.0	6.085118778119459	0.4969039949999533	0.0	0.0	0.0	0.8359395358212915	0.0	0.0	1.1060585196430737	0.0	0.0	0.0	0.0	0.0	0.0	0.0
10417	3.5145816181470715	0.0	0.0	0.0	0.0	0.0	0.0	0.0	4.2464575572280445	0.0	0.0	0.0	0.0	0.0	0.0	0.0	2.0116872958537173	0.0	0.0	0.0	0.0	0.0	0.0	0.0
10418	1.893291488296385	0.0	0.0	0.0	1.0870121241049737	0.0	0.0	0.0	2.945225278222975	0.0	0.0	0.0	0.0	0.0	0.0	0.0	2.3006258107708693	0.0	0.0	0.0	0.0	0.37334513042150463	0.0	0.0
10419	3.2491232731130797	0.0	0.0	0.0	0.0	0.0	0.0	0.0	3.0419787795104556	0.0	0.0	0.0	0.0	0.0	0.0	0.0	4.417548936037468	0.0	1.4385808333631467	0.0	0.0	0.7642943901744365	0.0	0.0
10420	4.013700291213289	0.0	0.0	0.0	0.0	0.0	0.0	0.0	2.027830720486156	0.0	0.0	0.0	0.0	0.0	0.0	0.0	2.0858427217686093	0.0	0.9245244022579233	0.0	0.0	0.0	0.0	0.0
10421	3.477813714035642	0.0	0.0	0.0	0.0	0.0	0.0	0.0	2.4513005302546205	0.0	0.0	0.5810845502258742	0.0	0.0	0.0	0.0	3.0055988739193285	0.0	0.0	0.0	0.0	0.0	0.0	0.0
10422	2.3369783922060896	0.0	0.5794203045614646	0.0	0.0	0.0	0.0	0.0	2.227464483572094	0.0	0.0	0.0	0.0	0.0	0.0	0.0	3.9721600471107683	0.0	0.44500559105699955	0.0	0.0	0.0	0.0	0.0
10423	3.2923173773633843	0.0	0.0	0.0	0.8535020166544185	0.0	0.0	0.0	4.107502697045775	0.0	0.0	0.0	0.0	0.0	0.0	0.0	1.9863933999834278	0.0	1.0096433789683223	0.0	0.0	1.2180557325848347	0.0	0.0
10424	0.88617584128166	0.0	0.0	0.0	0.0	0.0	0.0	0.0	0.0	0.0	0.0	0.0	0.0	0.0	0.0	0.0	2.1710909665433755	0.0	0.0	0.0	0.0	0.0	0.0	0.0
10425	2.0720032931501557	0.0	0.0	0.0	0.0	0.0	0.0	0.0	5.066772609630581	0.0	0.0	1.0218303182943387	0.0	0.0	0.0	0.0	2.368023505335417	0.0	0.7955484056891394	0.0	0.0	0.0	0.0	0.0
10426	1.1735033890371311	0.0	0.0	0.0	0.7010658911563957	0.0	0.0	0.0	1.6095200182788545	0.0	0.0	0.0	0.0	0.0	0.0	0.0	1.2467309980093233	0.0	0.0	0.0	0.0	0.0	0.0	0.0
10427	4.601685954522719	0.0	1.0521390046249792	0.0	1.1038285637737373	0.0	0.0	0.0	3.0352932224314317	0.0	0.0	0.0	0.0	0.0	0.0	0.0	4.13556471731329	0.0	0.8916190012373147	0.0	0.0	0.0	0.0	0.0
10428	3.682468342140424	0.0	1.1943727172547909	0.0	0.6890018686634467	0.0	0.0	0.0	4.201434923280659	0.0	0.0	0.0	0.0	0.0	0.0	0.0	2.828765093493612	0.0	2.270767707170391	0.0	0.0	0.29247114236788335	0.0	0.0
10429	2.487272288572363	0.0	0.0	0.0	0.0	0.0	0.0	0.0	4.18888899575879	0.0	0.0	0.0	0.0	0.0	0.0	0.0	1.0144230765046145	0.0	0.6027637058449147	0.0	2.0882315694442255	0.0	0.0	0.0
10430	1.0493237093068946	0.0	0.9816544557712124	0.0	0.0	0.0	0.0	0.0	1.3178385003317992	0.0	0.0	0.0	0.9316522454765733	0.0	0.0	0.0	2.155093748713486	0.0	0.0	0.0	0.0	0.7521856891781229	0.0	0.0
10431	2.0460494690089823	0.0	0.3029971790714219	0.0	0.0	0.0	0.0	0.0	3.4590170435897516	0.0	0.0	0.628539361054709	0.0	0.0	0.0	0.0	1.150274207741515	0.0	0.7778247379455354	0.0	0.0	0.0	0.0	0.0
10432	3.143400270377334	0.0	0.7006999184058951	0.0	0.0	0.0	0.0	0.0	2.951916072331646	0.0	0.0	0.0	0.0	0.0	0.0	0.0	2.9558815602126702	0.0	0.0	0.0	0.0	0.0	0.0	0.0
10433	2.5034930779239697	0.0	0.0	0.0	0.0	0.0	0.0	0.0	3.379936440618733	0.0	0.0	0.0	0.0	0.0	0.0	0.0	2.0836267713207497	0.0	0.8204770623180955	0.0	0.0	0.4981081407313631	0.0	0.0
10434	3.448879088510371	0.0	0.9541016158094116	0.0	0.0	0.0	0.0	0.0	2.235852729295751	0.0	0.0	0.0	0.0	0.7632607815222802	0.0	0.0	2.249963944849121	0.0	0.0	0.0	0.0	0.0	0.0	0.0
10435	0.7540739028638984	0.5772679122570457	0.0	0.0	0.0	0.0	0.0	0.0	2.025655808703079	0.0	0.0	0.0	0.0	0.0	0.0	0.0	2.0650569672533177	0.0	0.0	0.0	0.0	0.0	0.0	0.0
10436	0.9293308843767583	0.0	0.0	0.0	0.0	0.0	0.0	0.0	1.149606263877292	0.0	0.0	0.0	0.0	0.0	0.0	0.0	2.5141111186622465	0.0	0.9070963694155731	0.0	0.0	0.9819576680900322	0.0	0.0
10437	1.3201582488660428	0.0	0.0	0.0	0.0	0.0	0.0	0.0	3.009014283513583	0.0	0.0	0.0	0.0	0.0	0.0	0.0	3.0719924168567743	0.0	0.9585203343177512	0.0	0.0	2.2186697082040125	0.0	0.0
10438	1.2987666774914106	0.0	0.0	0.0	0.0	0.0	0.0	0.0	2.2032574482896714	0.0	0.0	0.0	0.0	0.0	0.0	0.0	0.9593462975478281	0.0	0.9352493560675097	0.0	0.0	0.9955248258583845	0.0	0.0
10439	0.8641575298407257	0.0	0.0	0.0	0.0	0.0	0.0	0.0	1.3221670775377121	0.0	0.0	0.0	0.0	0.0	0.0	0.0	2.1103009898530347	0.0	0.0	0.0	0.0	0.0	0.0	0.0
10440	2.160641259389051	0.0	1.1948989174185483	0.0	0.9067415769747844	0.0	0.0	0.0	2.087510692872528	0.3305882028474967	0.0	0.0	0.0	0.8984502139186868	0.0	0.0	1.2034552331806514	0.0	0.7597264237631122	0.0	0.0	0.4300752941438572	0.0	0.0
10441	3.2747547393676473	0.0	0.8296204893394008	0.0	0.0	0.0	0.0	0.0	1.9514803730282353	0.0	0.6632716472870542	0.0	1.3225502285966995	0.0	0.0	0.0	1.8728161654367297	0.0	0.9779982382487629	0.0	0.6991221667908292	0.992475878808518	0.0	0.0
10442	2.215981596880848	0.0	0.0	0.0	0.0	0.0	0.0	0.0	2.0209154378273224	0.0	0.0	0.0	0.0	0.0	0.0	0.0	3.297425327549164	0.0	0.9698238590569558	0.0	0.5847629943890379	0.5987868539194575	0.0	1.02255495346419
10443	3.7859557399569463	0.0	0.0	0.0	0.0	0.0	0.0	0.0	1.0727429770731753	0.0	0.0	0.0	0.0	0.0	0.0	0.0	4.0201201995492735	0.0	0.0	0.0	0.0	0.0	0.0	0.5526054760256552
10444	2.374866648551808	0.0	0.0	0.0	0.0	0.0	0.0	0.0	3.3234373401409223	0.0	0.0	0.0	0.0	0.0	0.0	0.0	3.3708327238148095	0.9130940864741395	0.0	0.0	0.0	0.0	0.0	0.0
10445	1.7884612799834387	0.0	0.0	0.0	0.6968964974004177	0.0	0.0	0.0	2.404554948754857	0.0	0.0	0.0	0.6615197709104219	0.0	0.0	0.0	1.9533640362347466	0.0	0.0	0.0	0.0	0.0	0.0	0.0
10446	2.178087828209863	0.0	0.0	0.0	0.0	0.0	0.0	0.0	4.692890694810912	0.0	0.0	0.0	0.0	0.0	0.0	0.0	2.817723544321235	0.0	1.21760288156967	0.0	0.0	0.0	0.0	0.0
10447	7.166381065820879	0.0	1.0722291455760498	0.0	0.0	0.0	0.0	0.0	7.0067559378282045	0.0	0.0	0.0	0.0	0.0	0.0	0.0	5.82206581021195	0.0	1.8197235213446812	0.0	0.0	0.0	0.0	0.0
10448	3.3455863227256772	0.0	0.7773690339157213	0.0	0.0	0.0	0.0	0.0	3.513844796366416	0.0	0.0	0.0	0.0	0.0	0.0	0.0	2.2289915869078447	0.0	1.2404605579943966	0.0	0.0	0.0	0.0	0.0
10449	2.9279142627769117	0.0	0.43254458114184136	0.0	0.0	0.3427060698004425	0.0	0.0	4.977841874252157	0.43254458114184136	0.0	0.0	0.685412139600885	0.0	0.0	0.0	1.9414244315499454	0.0	1.9885618818628517	0.0	0.0	0.0	0.0	0.0
10450	3.421626713386974	0.0	0.6236360621387027	0.0	0.0	0.0	0.0	0.0	1.9207428395496633	0.0	0.0	0.0	0.0	0.0	0.0	0.0	3.0943877780891973	0.0	0.0	0.0	0.0	0.0	0.0	0.0
10451	2.168856049403716	0.0	0.5077131354004859	0.0	1.2121182122699954	0.0	0.0	0.0	6.687049842229644	1.046670834583957	0.0	0.0	0.0	0.0	0.0	0.0	6.015712054129033	0.0	1.9279658586236128	0.0	0.0	0.0	0.0	0.0
10452	4.265902469048317	0.0	0.7996308083288233	0.0	0.0	0.0	0.0	0.0	2.9411625470171128	0.5684924451171879	0.0	0.0	0.0	0.0	0.0	0.0	3.2296599332426577	0.0	0.0	0.0	0.0	0.0	0.0	0.0
10453	2.0057340096342218	0.0	0.9064775919275485	0.0	1.7422406323602204	0.0	0.0	0.0	3.1584145183238834	0.0	0.3085243668028373	0.0	0.0	0.0	0.0	0.0	3.079439778253074	0.0	0.8603636957995837	0.0	0.0	0.6367112909658239	0.0	0.0
10454	3.4759129413432697	0.0	0.8253112679745706	0.0	0.0	0.0	0.0	0.0	4.289234072599363	0.0	0.0	0.0	0.0	0.0	0.0	0.0	7.172524420329809	0.0	0.9164343118860758	0.0	1.0400497328832934	0.0	0.0	0.0
10455	2.0411085335230554	0.0	0.0	0.0	0.0	0.0	0.0	0.0	3.1587994639189168	0.0	0.0	0.0	0.0	0.0	0.0	0.0	5.744978719163367	0.27155431071230524	0.8932879095559836	0.0	0.0	0.0	0.0	0.0
10456	1.2453934437122163	0.0	0.0	0.0	0.0	0.0	0.0	0.0	3.2539294984867264	0.0	0.0	0.0	0.0	0.0	0.0	0.0	3.9464080829191976	0.0	0.8016829959609635	0.0	0.0	0.0	0.0	0.0
10457	4.335809010343631	0.0	0.911654971362244	0.0	0.5816882013768957	0.0	0.0	0.0	1.7988286464689447	0.0	0.0	0.16963333203941489	0.0	0.0	0.0	0.0	1.9111109520480496	0.0	0.8487000846288094	0.0	0.0	0.0	0.0	0.0
10458	2.256967041456968	0.0	0.0	0.0	0.0	0.0	0.0	0.0	1.9157955767478978	0.0	0.0	0.0	0.0	0.0	0.0	0.0	1.3899450099283042	0.0	0.6976684405754779	0.0	0.0	0.0	0.0	0.0
10459	2.6149835902428764	0.0	0.0	0.0	0.0	0.0	0.0	0.0	1.6921935891106479	0.0	0.0	0.0	0.0	0.0	0.0	0.0	0.9620913858416693	0.0	0.0	0.0	0.0	0.0	0.0	0.0
10460	1.9492488361110205	0.0	1.102788445077961	0.0	0.0	0.0	0.0	0.0	1.8376485260039053	0.0	0.0	0.0	0.0	0.0	0.0	0.0	1.9790765290888832	0.0	0.0	0.0	0.0	0.0	0.0	0.0
10461	0.9266361599572331	0.0	0.0	0.0	0.0	0.0	0.0	0.0	2.2058238602708906	0.0	0.0	0.0	0.0	0.0	0.0	0.0	1.4197138812143562	0.0	2.1317738797993937	0.0	0.0	0.48927678416368076	0.0	0.0
10462	1.6687645130455047	0.0	0.0	0.0	0.0	0.0	0.0	0.0	1.0114071180403323	0.0	0.0	0.0	0.7986158552996668	0.0	0.0	0.0	2.0987137408968053	0.0	0.0	0.0	0.0	0.0	0.0	0.0
10463	2.8067565668154497	0.0	0.5994506864284296	0.0	0.0	0.0	0.0	0.0	2.0746734585154303	0.5778874247119241	0.0	0.0	0.0	0.0	0.0	0.0	2.188209046516814	0.0	1.8751504165637947	0.0	0.0	0.9257926262870338	0.0	0.0
10464	2.8455569780431422	0.0	0.8145548229575807	0.0	1.0993455140263728	0.0	0.0	0.0	2.077403932058924	0.0	0.0	0.0	0.6878486830678303	0.0	0.0	0.0	4.059044768345382	0.0	1.390897705837105	0.0	0.512365598010834	0.0	0.0	0.0
10465	2.0418156093481072	0.0	1.2202301071475399	0.0	0.0	0.0	0.0	0.0	3.3053289015848892	1.1013447492625512	0.0	0.0	0.0	0.0	0.0	0.0	3.0788765770912443	0.0	0.133100529213148	0.0	0.0	0.0	0.0	0.0
10466	2.214417853029544	0.0	0.0	0.0	0.0	0.0	0.0	0.0	3.5223788372669014	0.0	0.0	0.0	0.0	0.0	0.0	0.0	2.256680845062082	0.0	0.0	0.0	0.0	1.404124815841225	0.0	0.0
10467	4.635461542100075	0.0	0.9494758325076816	0.0	0.0	0.0	0.0	0.0	2.872538330718085	0.0	0.0	0.0	0.0	0.0	0.0	0.0	2.785058233150335	0.0	0.0	0.0	0.6406438012553781	0.0	0.0	0.0
10468	5.111198652882067	0.0	0.0	0.0	0.0	0.0	0.0	0.0	2.866966565872174	0.0	0.0	0.0	0.8426500884694861	0.0	0.0	0.0	3.1836217520867827	0.0	0.0	0.0	0.0	0.0	0.0	0.0
10469	3.5854170677927355	0.0	0.0	0.0	0.0	0.0	0.0	0.0	2.764477029029043	0.0	0.0	0.0	0.0	0.0	0.0	0.0	3.8935272685093163	0.0	1.1553551849419375	0.0	0.0	0.0	0.0	0.0
10470	2.191618782625206	0.0	0.0	0.0	0.0	0.0	0.0	0.0	2.1927049241423733	0.0	0.0	0.0	0.0	0.0	0.0	0.0	4.1157718078082235	0.0	0.0	0.0	0.0	0.0	0.0	0.0
10471	1.116529585571292	1.5555345663020523	0.0	0.0	0.0	0.0	0.0	0.0	3.2610364247344896	0.0	0.0	0.0	0.0	0.0	0.0	0.0	2.0459708439307915	0.0	0.0	0.0	0.0	0.0	0.0	0.0
10472	2.011993596752592	0.0	0.0	0.0	0.0	0.0	0.0	0.0	1.8693280862152106	0.0	0.0	0.0	0.7822506068192105	0.0	0.0	0.0	1.674854372929714	0.0	1.2695459993531684	0.0	0.0	0.0	0.0	0.0
10473	3.2582642706957192	0.0	0.0	0.0	0.0	0.0	0.0	0.0	3.2105379165798174	0.0	0.0	0.0	0.7537589705730617	0.6303804386400612	0.0	0.0	4.238911490847529	0.0	2.2987793694029617	0.0	0.0	1.0340245911945474	0.0	0.0
10474	0.9516428650818434	0.0	0.0	0.0	0.9207801232632977	0.0	0.0	0.0	2.0405258429089117	0.0	0.0	0.660794475230984	0.0	0.0	0.0	0.0	2.1728117983643016	0.047565027127898014	1.1688853028546824	0.0	0.0	1.3643634979681374	0.0	0.0
10475	4.395463754535254	0.0	0.0	0.0	0.0	0.0	0.0	0.0	2.2601148512460973	0.0	0.8045849750079166	0.0	0.0	0.0	0.0	0.0	2.7893014073071045	0.0	0.0	0.0	0.0	0.0	0.0	0.0
10476	1.0427806304958958	0.0	0.0	0.0	0.0	0.0	0.0	0.0	1.2153362871764501	0.0	0.0	0.0	0.9731735028589027	0.0	0.0	0.0	2.078464818080884	0.0	0.11547005383792516	0.0	0.0	0.8438733448937833	0.0	0.0
10477	3.387504962713315	0.0	0.0	0.0	0.961293927289607	0.0	0.0	0.0	2.7654085094104506	0.2661087436305347	0.0	0.0	1.4196634904350878	0.0	0.0	0.0	3.318497616697367	0.0	0.0	0.0	0.0	0.0	0.0	0.0
10478	1.9660352962273764	0.0	0.0	0.0	0.0	0.0	0.0	0.0	0.9249379460707797	0.0	0.0	0.0	1.6826220700157093	1.06603158675856	0.0	0.0	2.405738432715182	0.0	0.0	0.0	0.0	0.0	0.0	0.0
10479	1.9708440739984971	0.0	0.0	0.0	0.0	0.0	0.0	0.0	1.8162454813382443	0.0	0.0	0.0	1.2983732400075354	0.0	0.0	0.0	2.1602553678054432	0.45534636628204167	0.923471516888177	0.0	0.0	0.0	0.0	0.0
10480	3.1731563637453273	0.0	0.49884173306252555	0.0	0.0	0.0	0.0	0.0	3.5856609616192716	0.0	0.0	0.0	0.0	0.0	0.0	0.0	3.110693612481383	0.0	0.7626541352417806	0.0	0.0	0.0	0.0	0.0
10481	2.037383900918583	0.0	0.0	0.0	0.0	0.0	0.0	0.0	2.131301236225492	0.0	0.0	0.0	0.0	0.0	0.0	0.0	5.773055595633057	0.0	0.0	0.0	0.0	0.0	0.0	0.0
10482	0.36594307936698656	0.0	0.0	0.0	0.0	0.0	0.0	0.0	1.2256534468324478	0.49968102070118653	0.0	0.0	0.0	0.0	0.0	0.0	1.4168479585392997	0.0	0.0	0.0	0.0	0.0	0.0	0.0
10483	3.381397614358431	0.0	0.0	0.0	0.22454042557408607	0.0	0.0	0.0	0.8618460989207135	0.0	0.0	0.0	0.0	0.8228611517180228	0.0	0.0	2.8460670488855624	0.4409596546416207	0.0	0.0	0.0	0.0	0.0	0.0
10484	2.0153354644429076	0.0	0.0	0.0	0.0	0.0	0.0	0.0	3.006911911423517	0.0	0.0	0.0	0.0	0.0	0.0	0.0	4.555527902133866	0.0	0.6833933584502052	0.0	0.0	0.8577156933038799	0.0	0.0
10485	3.5837331915379522	0.0	0.20724604996490884	0.0	0.0	0.0	0.0	0.0	2.044082259272804	0.0	0.0	0.0	0.0	0.0	0.0	0.0	4.2225789915457765	0.0	1.087867873492037	0.0	0.0	0.0	0.0	0.0
10486	3.610438144566993	0.0	0.6863018978768163	0.0	0.0	0.0	0.0	0.0	4.339743702015003	1.8209123508606124	0.0	0.0	0.0	0.0	0.0	0.0	3.566069751247461	0.0	1.028283112649577	0.0	0.0	0.0	0.0	0.0
10487	0.7681108846161208	0.0	0.0	0.0	0.1914262023070646	0.0	0.0	0.0	1.556086724990484	0.0	0.0	0.0	0.0	0.24944382578492943	0.0	0.0	0.631025640822146	0.0	0.0	0.0	0.0	0.0	0.0	0.0
10488	8.262218858777558	0.0	0.0	0.0	0.0	0.0	0.0	0.0	3.891120915592502	0.0	0.0	0.0	0.0	0.7926608376812906	0.0	0.0	9.035918185791495	0.0	0.0	0.0	1.5588680192961673	0.0	0.0	0.0
10489	2.9028897382792906	0.0	0.7795182059668502	0.0	1.0411184208088409	0.0	0.0	0.0	2.1599583682412447	0.0	0.0	0.0	0.0	0.2912816132395993	0.0	0.0	5.38534601825061	0.0	0.0	0.0	0.0	0.0	0.0	0.0
10490	4.114638004981468	0.0	0.5309950030358902	0.0	0.0	0.0	0.0	0.0	2.25272850217872	0.0	0.0	0.0	0.0	0.6943402428349295	0.0	0.0	4.283818089733882	0.0	1.3439000221448723	0.0	0.0	0.6330063771346854	0.0	0.0
10491	3.2611814378300776	0.0	0.948878156418569	0.0	0.4109325510837064	0.0	0.0	0.0	3.0785742669060756	0.0	0.0	0.0	0.7127287418709458	0.0	0.0	0.0	2.8757420897981136	0.0	0.0	0.0	0.0	0.0	0.0	0.0
10492	2.67490183490701	0.0	0.0	0.0	0.7304325011413678	0.0	0.0	0.0	2.1871743854210157	1.1887894952290068	0.0	0.0	0.7025320768700233	0.0	0.0	0.0	1.9323350257211225	0.0	0.9459429181122204	0.0	0.0	0.0	0.0	0.0
10493	2.954500196946363	0.0	0.0	0.0	0.8142514032471988	0.9684393691649908	0.0	0.0	2.1392218126359293	0.0	0.0	0.0	0.0	0.0	0.0	0.0	3.553708341325525	0.0	0.6259514666985656	0.0	0.0	0.0	0.0	0.0
10494	5.893995202422735	0.0	0.0	0.0	0.0	0.0	0.0	0.0	3.316881606436109	0.0	0.0	0.0	0.0	0.0	0.0	0.0	2.1486589940173064	0.3730984166588195	0.6451750964020615	0.0	0.0	0.0	0.0	0.0
10495	3.0708660743513287	0.0	0.0	0.0	0.0	0.0	0.0	0.0	2.715698858475927	0.0	0.0	0.0	0.0	0.4953433274030685	0.0	0.0	2.522370726689265	0.0	0.0	0.0	0.0	0.0	0.0	0.0
10496	3.982498928484801	0.0	0.0	0.0	0.0	0.0	0.0	0.0	3.6473235049827974	0.0	0.0	0.0	0.0	0.0	0.0	0.0	7.040374910360612	0.0	0.867603328474947	0.0	0.0	0.0	0.0	0.0
10497	2.4603604096123854	0.0	0.0	0.0	0.0	0.0	0.0	0.0	3.216583440064089	0.0	0.0	0.0	0.0	0.0	0.0	0.0	3.5677661293662695	0.0	0.0	0.0	0.0	0.0	0.0	0.0
10498	1.8926023750381378	0.0	0.0	0.0	0.0	0.0	0.0	0.0	2.308124900623401	0.0	0.0	0.0	0.0	0.0	0.0	0.0	2.351617689704488	0.0	0.0	0.0	0.0	0.28207137844117897	0.0	0.0
10499	3.421827721945932	0.0	0.0	0.0	0.0	0.0	0.0	0.0	3.8811663553412803	0.0	0.0	0.0	0.0	0.0	0.0	0.0	4.482026197287933	0.0	1.212820404401795	0.0	0.13012165243810317	0.0	0.0	0.0
10500	3.6941238051883984	0.0	0.0	0.0	0.0	0.0	0.0	0.0	4.6470560320315855	0.0	0.0	0.0	0.0	0.8660254037844386	0.0	0.0	7.452738262105053	0.0	1.353301739574389	0.0	0.0	0.0	0.0	0.0
10501	1.8194815718531152	0.0	0.0	0.0	0.0	0.0	0.0	0.0	2.0912816531040317	0.0	0.0	0.8817601090979564	1.5138562054354219	0.0	0.0	0.0	1.9991343253079792	0.0	0.0	0.0	0.0	1.3681874324532886	0.0	0.0
10502	3.1732530216015546	0.0	0.6266701042024694	0.0	0.7899417298180521	0.0	0.0	0.0	1.735678584218657	0.0	0.0	0.0	0.9965217285917831	0.0	0.0	0.0	2.513794143865489	0.0	0.0	0.0	0.0	0.4221996577691746	0.0	0.0
10503	2.8945868805065773	2.887056529007887	1.8230582510180549	0.0	1.184424052850445	1.9688304051706824	0.0	0.0	3.2267629713556687	11.109692841374125	3.090710333121037	0.0	4.421440864354884	5.131699368171499	0.0	2.454282096045157	2.9593091046211364	2.1893184202851117	3.2109997416379628	0.0	2.8983590536856596	5.9382217221401925	0.0	1.250251109985644
10504	2.059024955387736	0.0	0.7267961645792571	0.0	0.9102130504227692	0.0	0.0	0.0	1.3508031637309552	0.0	0.5932321384418561	0.0	0.0	0.0	0.0	0.0	2.1087619836013927	0.0	0.0	0.0	0.9066043735013732	0.7570522048189081	0.0	0.0
10505	2.0086597744405172	0.0	0.0	0.0	0.0	0.0	0.0	0.0	2.4573745840447065	0.0	0.0	0.0	0.0	1.6821405586679572	0.0	0.0	2.2500424201964733	0.0	0.0	0.0	0.0	0.0	0.0	0.0
10506	2.2146620258396057	0.0	0.0	0.0	0.0	0.0	0.0	0.0	2.610231084369912	0.0	0.0	0.0	0.0	0.0	0.0	0.0	2.6775990069515245	0.0	0.9129117552935238	0.0	0.0	0.0	0.0	0.0
10507	2.2726340099502425	0.0	0.0	0.0	0.0	0.0	0.0	0.0	3.2029707204663485	0.5535669975008761	0.0	0.0	0.802351332590978	0.0	0.0	0.0	5.412962354281765	0.0	0.0	0.0	0.0	0.0	0.0	0.0
10508	0.9743410070010783	0.0	0.9733857607280664	0.0	1.8391990600882187	0.0	0.0	0.0	1.3767107634412061	0.0	0.0	0.0	0.0	0.0	0.0	0.0	2.272215967826122	0.0	0.8632620972454916	0.0	0.0	2.1467586821778952	0.0	0.0
10509	1.6478676114696096	0.0	0.0	0.0	0.8110281760003929	0.0	0.0	0.0	2.2487008595087867	0.0	0.0	0.0	0.0	0.7723311412834593	0.0	0.0	1.1924694908394295	0.0	0.4951906672410033	0.0	0.3985779278165586	0.0	0.0	0.0
10510	3.2297229958029727	0.0	0.9185914076827071	0.0	0.0	0.0	0.0	0.0	3.1495085937675804	0.0	0.0	0.1778863603648955	0.0	0.0	0.0	0.0	3.0393028495041037	0.0	1.0028604267331664	0.0	0.0	0.0	0.0	0.0
10511	0.9079902772819352	0.0	1.2725829538592481	0.0	0.5147321129869703	0.0	0.0	0.0	3.928851402010059	0.4566232594791834	0.0	0.0	0.9092113989474115	0.0	0.0	0.0	3.3168464330802405	0.0	0.0	0.0	0.0	0.0	0.0	0.0
10512	3.53019245357631	0.0	0.0	0.0	0.0	0.0	0.0	0.0	2.200002863096238	0.0	0.0	0.0	0.0	0.0	0.0	0.0	4.306133973383555	0.0	0.0	0.0	0.0	0.0	0.0	0.0
10513	0.8130424726198116	0.0	0.6215694710010522	0.0	0.0	0.0	0.0	0.0	1.2707832038645486	1.4168456135789318	0.0	0.0	0.0	0.0	0.0	0.0	1.5314054539536852	0.0	0.0	0.0	0.0	0.3005347298613606	0.0	0.0
10514	0.7019307103904011	0.0	1.4068693794636231	0.0	0.886193651143938	0.0	0.0	0.0	3.426311723907321	0.0	0.0	0.0	0.0	0.0	0.0	0.0	2.0447271433883523	0.0	0.8176204583776994	0.0	0.0	1.5127253302240828	0.0	0.0
10515	1.353214727625687	0.0	0.0	0.0	0.9829113388964362	0.0	0.0	0.0	3.050120500642376	0.0	0.0	0.0	0.0	0.0	0.0	0.0	1.560242911574923	0.0	0.9829113388964362	0.0	0.0	0.20681203672464205	0.0	0.0
10516	2.608376718439743	0.0	0.0	0.0	0.8418113818131061	0.0	0.0	0.0	2.9520429105769894	0.0	0.0	0.0	0.0	0.0	0.0	0.0	4.568938397558165	0.0	0.7857245148639778	0.0	0.32282594346760185	0.0	0.0	0.0
10517	2.053581376135876	0.0	1.216905730514385	0.0	0.0	0.0	0.0	0.0	3.2444237674976684	1.040274071783186	0.0	0.0	0.30851375515413665	0.0	0.0	0.0	2.613552953120222	0.0	0.834699698193636	0.0	0.0	0.49999704773517006	0.0	0.0
10518	2.696879498068019	0.0	0.0	0.0	0.0	0.0	0.0	0.0	4.321852632712778	0.0	0.0	0.0	0.0	0.0	0.0	0.0	5.322298912109441	0.0	0.0	0.0	0.0	0.0	0.0	0.0
10519	2.589204037881443	0.5480005260576595	0.0	0.0	0.0	0.0	0.0	0.0	3.8248354117505157	0.0	0.0	0.0	1.2656832291803102	0.0	0.0	0.0	2.5926672707879206	0.0	0.0	0.0	0.0	0.0	0.0	0.0
10520	3.066588799285833	0.0	1.0693319113540878	0.0	0.0	0.0	0.0	0.0	4.4686179409627265	0.0	0.0	0.0	0.0	0.0	0.0	0.0	2.9769865120588546	0.0	0.0	0.0	0.0	0.0	0.0	0.0
10521	2.418335771734753	0.0	0.7516628094136693	0.0	1.6024089778916704	0.5539826973074273	0.0	0.0	1.2234376791468549	0.0	0.0	0.0	0.0	0.0	0.0	0.0	3.236178660358014	0.0	0.0	0.0	0.0	0.0	0.0	0.0
10522	3.0904567913212015	0.0	0.24650736377087917	0.0	0.0	0.0	0.0	0.0	1.9092177604315872	0.0	0.0	0.0	0.0	0.16282170095553541	0.0	0.0	3.193952158948738	0.0	1.1909887433093462	0.0	0.0	0.0	0.0	0.0
10523	1.0904712761768036	0.0	0.0	0.0	0.0	0.0	0.0	0.0	1.265054311898725	0.35035292216481234	0.9070362073481097	0.5373518073646744	0.0	0.0	0.0	0.0	3.1951460482369707	0.0	0.0	0.0	0.0	0.0	0.0	0.0
10524	3.9101721512480885	0.0	0.0	0.0	0.0	0.0	0.0	0.0	1.9386958934548335	0.0	0.0	0.0	0.0	0.0	0.0	0.0	2.693733492725824	0.0	1.2730106328440571	0.0	0.0	0.6940441782103042	0.0	0.0
10525	1.4366750637326269	0.0	0.0	0.0	0.4655889859085402	0.0	0.0	0.0	1.804597086531726	0.0	0.0	0.0	0.0	0.0	0.0	0.0	4.202701323279875	0.0	1.048309031549481	0.0	0.0	0.0	0.0	0.0
10526	3.3408418610750674	0.0	0.7738111494011579	0.0	0.0	0.0	0.0	0.0	1.985046391363007	0.0	0.0	0.0	0.0	0.0	0.0	0.0	4.224326640109817	0.0	0.6389710663783132	0.0	0.0	0.0	0.0	0.0
10527	3.2651492477976705	0.0	1.2564805668693193	0.0	1.7816408421585181	0.0	0.0	0.0	1.0824641061992792	0.0	0.0	0.0	0.0	0.0	0.0	0.0	2.1834719322094784	0.0	0.9056505880933892	0.0	0.0	0.0	0.0	0.0
10528	2.3252431784172813	0.0	0.9348811934567297	0.0	0.0	0.0	0.0	0.0	2.3268993716315127	0.0	0.0	0.0	0.6325273772363349	0.0	0.0	0.0	4.341791394370116	0.0	0.2875185899366876	0.0	0.0	0.0	0.0	0.0
10529	2.8948394802454716	0.0	0.9987238056006689	0.0	0.0	0.0	0.0	0.0	2.1578282770563297	0.0	0.0	0.0	0.0	0.0	0.0	0.0	2.2548467913915853	0.3425657465138978	0.0	0.0	0.0	0.0	0.0	0.0
10530	2.082143510301132	0.0	0.0	0.0	1.7074468774003095	0.0	0.0	0.0	4.087554914623059	0.6972556157990923	0.0	0.0	0.0	0.0	0.0	0.0	1.9886237003146894	0.0	0.0	0.0	0.0	0.6678140037913541	0.0	0.0
10531	4.39069861559056	0.0	1.1542256460957983	0.0	1.1461554568764043	0.0	0.0	0.0	4.526576801405379	0.48658976601232584	0.0	0.0	0.0	0.0	0.0	0.0	5.1080375569995695	0.0	1.4995866652626666	0.0	0.0	0.0	0.0	0.0
10532	2.2711353010235995	0.0	0.5653459118097522	0.0	0.0	0.0	0.0	0.0	1.9364737425422416	0.0	0.0	0.0	0.0	0.0	0.0	0.0	2.106843356145786	0.0	0.0	0.0	0.0	0.0	0.0	0.0
10533	1.1525888992546571	0.0	0.0	0.0	0.0	0.0	0.0	0.0	1.0586596838037408	0.0	0.0	0.0	0.0	0.0	0.0	0.0	2.3003477997902837	0.0	0.0	0.0	0.2604287187293802	0.0	0.0	0.0
10534	0.6121452485232417	0.0	0.8636125001876627	0.0	0.6724825318131755	0.0	0.0	0.0	3.7856986056443978	0.0	0.0	0.0	0.0	0.0	0.0	0.0	2.1707858662455664	0.0	0.0	0.0	0.0	0.5965737876255051	0.0	0.0
10535	3.4019279455947133	0.0	0.0	0.0	0.9560807333111566	0.0	0.0	0.0	3.154701302683943	0.0	0.0	0.0	0.2720036681884881	0.0	0.0	0.0	1.7617071360043117	0.0	0.0	0.0	0.0	0.0	0.0	0.0
10536	1.126575964288404	0.0	0.9219418920644807	0.0	0.0	0.0	0.0	0.0	1.7959470978982996	0.0	0.0	0.0	0.0	0.0	0.0	0.0	2.928087538951978	0.0	0.0	0.0	0.0	0.0	0.0	0.0
10537	2.3784311286490003	0.0	0.0	0.0	0.0	0.0	0.0	0.0	1.8952355949818516	0.0	0.7685765261463622	0.0	0.0	0.0	0.0	0.0	1.3612476097814954	0.0	0.0	0.0	0.0	0.0	0.0	0.0
10538	0.780476651700856	0.0	0.0	0.0	0.0	0.0	0.0	0.0	3.0258543883976894	0.0	0.0	0.0	0.5124858797446209	0.5728649300693311	0.0	0.0	4.34504852624588	0.7188902507383135	0.0	0.0	0.0	1.786447755718298	0.0	0.0
10539	3.2161885539121773	0.0	0.0	0.0	0.0	0.0	0.0	0.0	5.254362008680466	0.0	0.0	0.0	0.0	1.3516062257838652	0.0	0.0	2.8051846565332195	0.0	1.086017294341661	0.0	0.0	0.7240638555028656	0.0	0.0
10540	0.7441904624788229	0.0	0.0	0.0	0.0	0.0	0.0	0.0	1.0952135932672815	0.0	0.0	0.0	0.15399608931622702	0.0	0.0	0.0	0.8137703743822469	0.0	0.0	0.0	0.0	0.0	0.0	0.0
10541	5.737295079633757	0.0	0.0	0.0	0.0	0.0	0.0	0.0	1.9750743979290666	0.0	0.0	0.0	1.6919412497292974	0.0	0.0	0.0	2.613693094656161	0.0	0.0	0.0	0.0	0.0	0.0	0.0
10542	3.1067613256016458	0.0	0.8643963818720751	0.0	0.7814614596779319	0.0	0.0	0.0	3.042894601442072	0.0	0.0	0.0	1.4612118346206144	0.0	0.0	0.0	5.199313579888386	0.0	0.9906343853476232	0.0	0.0	0.0	0.0	0.0
10543	1.6596400814917605	0.0	0.42496930850257003	0.0	0.7303917289351267	0.0	0.0	0.0	0.7779241459085829	0.0	0.0	0.0	0.0	0.0	0.0	0.0	2.4768876779615763	0.0	0.6103722711801577	0.0	0.0	0.0	0.0	0.0
10544	1.8528733580853711	0.0	0.0	0.0	0.0	0.0	0.0	0.0	1.184225920137286	0.0	0.0	0.0	1.4293067764740306	0.0	0.0	0.0	2.4098501519432567	0.0	0.0	0.0	0.0	0.0	0.0	0.0
10545	3.083154132766385	0.0	0.0	0.0	0.7930299935341152	0.0	0.0	0.0	3.2821706528165335	0.0	0.0	0.0	0.0	0.0	0.0	0.0	3.2640171260042967	0.0	0.0	0.0	0.0	0.0	0.0	0.0
10546	3.067394287576778	0.0	0.0	0.0	0.0	0.0	0.0	0.0	2.8111166680424433	0.0	0.0	0.0	0.0	0.0	0.0	0.0	3.3714975837797785	0.0	1.1158425487912822	0.0	0.0	0.0	0.0	0.0
10547	1.8207308515720524	0.0	0.0	0.0	0.0	0.0	0.0	0.0	4.007360632686039	0.0	0.0	0.0	0.8709737896803403	0.0	0.0	0.0	3.039413734217543	0.0	0.6895081293351722	0.0	0.0	0.0	0.0	0.0
10548	2.2755138835895132	0.0	0.0	0.0	0.0	0.0	0.0	0.0	7.102016333408422	0.0	0.0	0.0	0.0	0.0	0.0	0.0	1.8374079823640719	0.0	0.0	0.0	0.0	0.0	0.0	0.0
10549	1.0767711519762304	0.0	0.0	0.0	1.142438018384516	0.0	0.0	0.0	3.1343074109858375	0.0	0.0	0.0	0.0	0.0	0.0	0.0	2.243250142497278	0.0	0.7895002581357221	0.0	0.0	0.0	0.0	0.0
10550	1.9749959902452419	0.0	0.8533952024941404	0.0	0.0	0.0	0.0	0.0	2.3194490186248973	0.0	0.0	0.0	0.0	0.0	0.0	0.0	3.3053628961783494	0.0	0.0	0.0	1.053525379523598	0.0	0.0	1.4815202404537884
10551	7.538096591196657	0.0	0.0	0.0	0.0	0.0	0.0	0.6786981395121315	3.4977894705085015	0.0	0.0	0.0	0.0	0.9428090415820635	0.0	0.0	2.797462445151733	0.0	0.0	0.0	0.0	0.0	0.0	0.0
10552	1.2672072663867384	0.0	0.0	0.0	0.0	0.0	0.0	0.0	1.689427911059441	0.8456663143057758	0.0	0.7171005797696504	0.0	0.0	0.0	0.0	3.0165140061837143	0.0	0.6252198878575724	0.0	0.0	0.0	0.0	0.0
10553	2.88015073237742	0.0	0.0	0.0	0.9717209161256809	0.0	0.0	0.0	1.8202210271792574	0.0	0.0	0.0	0.0	0.0	0.0	0.0	0.8103603984433679	0.0	0.0	0.0	0.719593713431202	0.0	0.0	0.0
10554	0.7605318804304809	0.7160652012493112	0.0	0.0	0.0	0.0	0.0	0.0	0.8805191556886446	0.0	0.0	0.0	0.0	0.0	0.0	0.0	1.8503250425820472	0.0	0.9173218028264827	0.0	0.8987594391873386	0.0	0.0	0.0
10555	2.239625868787072	0.0	0.0	0.0	0.0	0.0	0.0	0.0	0.9711781311512513	0.0	0.0	0.0	0.0	0.3993491828830757	0.0	0.0	0.9586720064781932	0.0	0.9931456776262421	0.0	0.0	0.0	0.0	0.0
10556	1.1481334678457018	0.0	0.0	0.0	0.0	0.0	0.0	0.0	1.2329414536380765	0.0	0.0	0.0	0.560791604748615	0.0	0.0	0.0	1.5620029053163484	0.0	0.897575774396095	0.0	0.0	0.0	0.0	0.0
10557	2.7218590318945934	0.0	0.0	0.0	0.6441103589529131	0.0	0.0	0.0	2.1124654027784784	0.0	0.8020323924286357	0.0	0.0	0.0	0.0	0.0	1.9038900068069546	0.0	0.0	0.0	0.0	0.0	0.0	0.0
10558	1.8367383706114246	0.0	0.0	0.0	0.0	0.0	0.0	0.0	2.435843858390243	0.0	0.0	0.0	0.4322922188304171	0.0	0.0	0.0	3.5072974972294584	0.0	0.47386590645932974	0.0	0.0	0.0	0.0	0.0
10559	1.9225570036846436	0.8182870302722912	0.0	0.0	0.8316442937969085	0.0	0.0	0.0	2.1821980689728413	0.0	0.9007473458427456	0.0	0.919136417460794	0.0	0.0	0.0	3.53211921758466	0.49989795918261093	1.150408829848202	0.0	0.0	0.0	0.0	0.0
10560	3.8142579416676403	0.0	2.729747786210941	0.0	1.3635154825072997	0.0	0.0	0.0	2.4876863548418493	0.0	0.0	0.0	0.0	0.4511005798581298	0.0	0.0	3.9049702124709444	0.6935275482407355	0.0	0.0	0.0	0.45500737663631113	0.0	0.0
10561	1.1927102333267068	0.0	0.0	0.0	0.0	0.0	0.0	0.0	0.7563885219165869	0.0	0.0	0.0	0.0	0.0	0.0	0.0	1.103205321148071	0.0	0.0	0.0	0.7915448249319448	0.0	0.0	0.0
10562	1.046270110099076	0.0	0.0	0.0	0.0	0.0	0.0	0.0	1.8067549536563228	0.0	0.0	0.0	0.0	1.2231634408397234	0.0	0.0	3.8489260711275652	0.0	0.0	0.0	0.0	0.0	0.0	0.0
10563	0.8870956969291443	0.0	0.7757712212078512	0.0	0.0	0.0	0.0	0.0	2.5366266213798196	0.0	0.0	0.0	0.0	0.0	0.0	0.0	2.662157811918566	0.0	0.8210950763638257	0.0	0.9965217285917832	0.0	0.0	0.0
10564	3.0262280812422877	0.0	0.0	0.0	0.0	0.6572215940802181	0.0	0.0	2.607358836385597	0.44256428987380214	0.0	0.0	0.0	0.0	0.0	0.0	3.0632797333561617	0.0	0.0	0.0	0.0	0.0	0.0	0.0
10565	3.7747923654523863	0.0	0.0	0.0	0.0	1.295498544301279	0.0	0.0	2.920097051530451	0.0	0.0	0.0	0.0	0.0	0.0	0.0	1.8847108458777537	1.865942219411992	0.9581360505471155	0.0	0.0	0.0	0.0	0.0
10566	2.702645918124078	0.0	0.0	0.0	1.2842295845075686	0.0	0.0	0.0	1.9311853808836568	0.0	0.0	0.0	0.0	0.6792237731312503	0.0	0.0	3.3920923319827234	0.0	0.7957953321802532	0.0	0.0	0.6270334813613825	0.0	0.0
10567	2.982613456067143	0.0	0.0	0.0	0.0	0.0	0.0	0.0	1.5702200704917995	0.0	0.44489582085546114	0.0	0.0	0.0	0.0	0.0	2.7200676757853075	0.0	1.0662221524730267	0.0	0.0	0.2866988923925492	0.0	0.0
10568	2.0247690899245474	0.0	0.9313934983853441	0.0	0.0	0.0	0.0	0.0	3.483164798117934	0.0	0.0	0.0	0.0	0.0	0.0	0.0	1.034657135006649	0.0	0.0	0.0	0.7945011687643613	0.0	0.0	0.0
10569	3.381703436164279	0.0	0.9888264649460884	0.0	0.0	0.0	0.0	0.0	2.7217289280034147	0.4786813161897337	0.0	0.0	0.0	0.0	0.0	0.0	2.0051338894628	0.0	0.0	0.0	0.0	0.0	0.0	0.0
10570	3.1971340779451642	0.0	0.8745813989642515	0.0	0.829453492757094	0.0	0.0	0.0	2.390483435143727	0.0	0.0	0.0	0.0	0.0	0.0	0.0	4.459140729382246	0.0	0.0	0.0	0.0	0.0	0.0	0.0
10571	1.245882106068717	0.0	0.0	0.0	0.0	0.0	0.0	0.0	1.7866285351161695	0.0	0.0	0.0	0.0	0.0	0.0	0.0	3.0631987103190603	0.0	0.44418725994992647	0.0	0.0	0.0	0.0	0.0
10572	1.0956986106353082	0.0	0.0	0.0	1.202031427964809	0.0	0.0	0.0	1.7233437903206692	0.0	0.0	0.0	0.3961764968056257	0.0	0.0	0.0	1.0019054972582229	0.0	0.0	0.0	0.0	0.9382669785646046	0.0	0.0
10573	1.6299635885746668	0.0	0.0	0.0	0.0	0.0	0.0	0.0	2.9310132970776084	0.0	0.0	0.0	1.3474548873616965	0.0	0.0	0.0	3.1406564110099584	0.0	0.9299251201478073	0.0	0.0	0.4900223975279338	0.0	0.0
10574	1.9926264745390936	0.0	1.0865563877033235	0.0	0.0	0.0	0.0	0.0	2.0523499474159532	0.0	0.0	0.0	0.0	0.0	0.0	0.0	4.4708232729879045	0.0	1.8237526775929667	0.0	0.0	0.0	0.0	0.0
10575	1.8897360219016777	0.0	1.138064183654139	0.0	0.0	0.0	0.0	0.0	2.689586245658926	0.0	0.0	0.854891762887358	0.0	0.0	0.0	0.0	3.3736924144303857	0.0	1.4046428516741936	0.0	0.0	0.9634484072249788	0.0	0.0
10576	2.131543466838152	0.0	0.9784784131696788	0.0	0.0	0.8396210257421074	0.0	0.0	2.173812786783431	0.0	0.0	0.0	0.0	0.0	0.0	0.0	0.7329003050503234	0.0	0.5832598425193934	0.0	0.0	0.0	0.0	0.0
10577	3.8403248050410603	0.0	0.0	0.0	0.0	0.0	0.0	0.0	1.246817846517631	0.0	0.0	0.0	0.0	0.7453559924999298	0.0	0.0	1.2329746185582084	0.0	0.9629048182922603	0.0	0.0	0.0	0.0	0.0
10578	2.23864641427872	0.0	0.0	0.0	0.7390101822818514	0.0	0.0	0.0	4.165007782265545	0.0	0.0	0.0	0.0	0.0	0.0	0.8322419390017253	1.1188332105992542	0.0	0.5468826054095278	0.0	0.0	0.0	0.0	0.0
10579	1.3319178410255608	0.0	1.3588291467811953	0.0	0.0	0.0	0.0	0.0	2.139726539463046	0.0	0.0	0.0	0.0	0.0	0.0	0.0	3.0989270240864326	0.0	0.9060641865413606	0.0	0.0	0.0	0.0	0.0
10580	1.7423124509140184	0.0	0.0	0.0	0.0	0.0	0.0	0.0	2.182303986692804	0.28664335343900715	0.0	0.0	0.0	1.5426716498237227	0.0	0.0	4.420479001415996	0.0	0.0	0.0	0.0	0.0	0.0	0.0
10581	1.08781841609252	0.0	0.0	0.0	0.9507735129200665	0.0	0.0	0.0	2.1880430457260096	0.0	0.0	0.0	0.0	0.6949622331586005	0.0	0.0	3.0838564618008206	0.0	1.1296166891855208	0.0	0.0	0.0	0.0	0.0
10582	2.50806438614874	0.0	0.0	0.0	0.0	0.0	0.0	0.0	2.5027161929686694	0.0	0.0	0.0	0.0	0.0	0.0	0.0	2.085540967260159	0.0	0.0	0.0	0.0	0.0	0.0	0.0
10583	0.4930850453120938	0.0	0.0	0.0	0.0	0.0	0.0	0.0	0.0	0.0	0.0	0.0	0.0	0.0	0.0	0.0	1.0370170330433808	0.0	0.0	0.0	0.0	0.0	0.0	0.0
10584	2.0122098690262065	0.0	1.600995880220356	0.0	0.8025114238078214	0.0	0.0	0.0	4.458766075396044	0.0	0.0	0.0	0.0	0.0	0.0	0.0	1.872862307055723	0.0	0.0	0.0	0.0	0.0	0.0	0.0
10585	3.130083130138676	0.0	0.0	0.0	0.0	0.0	0.0	0.0	4.69311646632423	0.0	0.0	0.0	0.0	0.4957229359433908	0.0	0.0	1.6740813970668185	0.0	0.0	0.0	0.6057308627482811	0.0	0.0	0.0
10586	5.929307120100709	0.0	0.7821037875395952	0.0	0.7476952783103352	0.0	0.0	0.0	3.4099113758736275	0.0	0.0	0.0	0.0	0.0	0.0	0.0	2.901395242629642	0.0	0.0	0.0	0.7278449953763867	0.0	0.0	0.0
10587	3.3308237225192485	0.0	0.6923739286567687	0.0	0.0	0.0	0.0	0.0	2.218307295108155	0.3986108520793716	0.0	0.5422057140684559	0.0	0.0	0.0	0.0	4.4046881129906446	0.0	0.0	0.0	0.0	0.0	0.0	0.0
10588	1.0034542417195282	0.0	0.0	0.0	0.8624443317722128	0.0	0.0	0.0	1.992785464499372	0.4969039949999533	0.0	0.0	0.0	0.0	0.0	0.0	1.9906869334780348	0.0	0.0	0.0	0.0	0.0	0.0	0.0
10589	2.26357739382104	0.0	0.0	0.0	0.0	0.0	0.0	0.0	2.865110033197784	1.2990613130195605	0.0	0.0	0.0	0.0	0.0	0.0	4.547098999872447	0.0	0.0	0.0	0.0	0.0	0.0	0.0
10590	1.9988986746391102	0.0	0.9981535765673868	0.0	0.9459000673476335	0.0	0.0	0.0	3.0114217355868997	0.0	0.0	0.0	0.0	0.0	0.0	0.0	2.128643389566622	0.0	0.0	0.0	0.0	0.0	0.0	0.0
10591	2.90254394245487	0.0	0.0	0.0	0.0	0.0	0.0	0.0	3.218336630005757	0.0	0.0	0.0	0.0	0.0	0.0	0.0	4.299316951101683	0.0	1.4527281544737973	0.0	0.0	0.0	0.0	0.0
10592	3.00947962804914	0.0	0.0	0.0	0.0	0.0	0.0	0.0	2.237328305078305	0.0	0.0	0.0	0.929849467127327	0.0	0.0	0.0	3.4256967976068777	0.0	0.0	0.0	0.0	0.0	0.0	0.47099796707024183
10593	2.1233828760865125	0.0	0.0	0.0	0.0	0.0	0.0	0.0	2.15790029702635	0.0	0.0	0.0	0.9487039006988456	0.0	0.0	0.0	2.061771627350595	0.0	0.0	0.0	0.0	0.0	0.0	0.0
10594	2.4780078019785705	0.0	1.3471867350511215	0.0	0.0	0.0	0.0	0.0	3.357601507397803	0.5754646234178173	0.2005124581547048	0.0	0.0	0.0	0.0	0.0	1.9965190703623896	0.0	0.0	0.0	0.0	0.9222006006513905	0.0	0.0
10595	1.9078346030988584	0.0	0.9349017293060944	0.0	0.0	0.0	0.0	0.0	1.2805110353541485	0.46002246641630734	0.0	0.0	0.0	0.0	0.0	0.0	2.2526911389037507	0.0	0.7792756977990035	0.0	0.0	1.0236851709866193	0.0	0.0
10596	2.3539868990688233	0.0	0.0	0.0	1.4801884523283277	0.0	0.0	0.0	2.0919424336796864	0.0	0.9047825996770288	0.0	0.4782210886595562	0.0	0.0	0.0	3.1835291182526366	0.0	0.0	0.0	0.0	0.8611940926528283	0.0	0.0
10597	2.316382554731544	0.0	0.0	0.0	0.0	0.0	0.0	0.0	1.230336535640013	0.0	0.0	0.0	0.0	0.0	0.0	0.0	2.3884193380099608	0.0	1.0705398081973792	0.0	0.0	2.293155366370684	0.0	0.0
10598	1.2364824660660938	0.0	0.0	0.0	0.0	0.0	0.0	0.0	1.3835403186908115	0.0	0.0	0.0	0.0	0.0	0.0	0.0	2.5527520854710004	0.0	0.0	0.0	0.0	0.0	0.0	0.0
10599	2.391812481303601	0.0	1.1520143905610083	0.0	0.0	0.0	0.0	0.0	4.320396568260411	0.0	0.0	0.0	0.0	0.0	0.0	0.0	2.934983118505363	0.0	0.0	0.0	0.0	0.0	0.0	0.0
10600	3.2074048352795703	0.0	0.8371270211261839	0.0	0.5667631829215598	0.0	0.0	0.0	2.8768567303451906	0.0	0.504780275563535	0.0	0.0	1.1180457293110782	0.0	0.0	3.471023461771671	0.0	0.0	0.0	0.6273096341449692	0.0	0.0	0.0
10601	1.751755159304907	0.0	0.0	0.0	0.0	0.0	0.0	0.0	1.8686988895759387	0.0	0.0	0.5300710733859489	0.0	0.0	0.0	0.0	2.912713324958918	0.0	0.5447706637584194	0.0	0.0	0.0	0.0	1.8048956000968672
10602	1.587182433897732	0.0	0.0	0.0	2.0995002344767437	0.42163702135578396	0.0	0.0	2.296816863203081	0.0	0.0	0.0	0.0	0.0	0.0	0.0	0.8992576807461952	0.0	0.0	0.0	0.0	0.0	0.0	0.0
10603	0.9232794664835886	0.0	0.0	0.0	0.0	0.0	0.0	0.0	2.61415328555769	0.0	0.0	0.0	0.0	0.0	0.0	0.0	10.548628109864875	0.0	0.0	0.0	0.0	0.0	0.0	0.0
10604	2.3928613917146095	0.0	0.9627865935353265	0.0	0.0	0.0	0.0	0.0	3.5855017890863574	0.6495687078153007	0.0	0.0	0.0	0.0	0.0	0.0	3.1459086416477264	0.0	0.0	0.0	0.0	0.0	0.0	0.0
10605	1.9421644604950632	0.0	0.44912130515184834	0.0	0.0	0.0	0.0	0.0	1.846175919849384	0.0	0.0	0.0	0.9083823733171668	0.0	0.0	0.0	1.8240923619851626	0.0	0.9549941942393209	0.0	0.0	0.0	0.0	0.0
10606	1.019584072808469	0.0	0.0	0.0	0.0	0.0	0.0	0.0	3.642537332827463	0.0	0.0	0.0	0.0	0.9559491442368517	0.0	0.0	3.1498145051376234	0.0	0.198506839236418	0.0	0.0	0.0	0.0	0.0
10607	2.0769690618261825	0.0	0.0	0.0	0.8772222804729807	0.0	0.0	0.0	3.089713495165224	0.0	0.6881844870521658	0.0	0.0	0.0	0.0	0.0	3.216702929145774	0.0	0.0	0.0	0.0	0.0	0.0	0.0
10608	1.953580836364741	0.0	0.0	0.0	0.0	0.0	0.0	0.0	3.5023700101572617	0.0	0.0	0.0	0.9499162987057826	0.0	0.0	0.0	5.352436758081869	0.0	0.0	0.0	0.0	0.5433112486916672	0.0	0.0
10609	2.2656209446039037	0.0	0.0	0.0	0.669058352767998	0.0	0.0	0.0	2.2015806192306093	0.0	0.0	0.0	0.0	0.0	0.0	0.0	1.058718807113306	0.0	0.6253838936841115	0.0	0.0	0.0	0.0	0.0
10610	1.0238429135565306	0.0	0.8789456175351122	0.0	0.0	0.0	0.0	0.0	4.809572961748153	0.0	0.0	0.0	0.0	0.0	0.0	0.0	1.1858558561906964	0.0	0.47140452079103173	0.0	0.0	0.0	0.0	0.0
10611	2.0722727630387205	0.0	2.522729404575493	0.0	0.0	0.0	0.0	0.0	3.3892397353063566	0.0	0.0	0.0	0.0	0.0	0.0	0.0	2.4719821673753852	0.0	0.0	0.0	0.0	0.0	0.0	0.0
10612	2.2497763842011604	0.0	2.3870800010838056	0.0	0.0	0.0	0.0	0.0	4.989328889748911	0.0	0.0	0.0	0.0	0.0	0.0	0.0	1.7451068435068786	0.34736787322053553	0.0	0.0	0.0	0.0	0.0	0.0
10613	2.8377618931093345	0.0	0.0	0.0	0.0	0.0	0.0	0.0	0.890800220275646	0.0	0.936554849555484	0.0	0.9654452243267819	0.0	0.0	0.0	0.8588364221433556	0.0	0.0	0.0	0.0	0.0	0.0	0.0
10614	3.2733320177391634	0.0	0.8061356182918098	0.0	0.0	0.0	0.0	0.0	2.134878663130982	0.0	0.8202212747118702	0.0	0.0	0.0	0.0	0.0	3.3885807293290555	0.0	0.0	0.0	0.0	0.0	0.0	0.0
10615	4.2178210421676114	0.0	0.0	0.0	0.0	0.0	0.0	0.0	2.9439668979298967	0.0	0.0	0.0	0.9515024985876126	0.0	0.0	0.0	3.319942355426904	0.0	0.9491078890853066	0.0	0.0	0.0	0.0	0.0
10616	2.460327148971603	0.0	0.0	0.0	0.0	0.0	0.0	0.0	2.98031052358533	0.8887803753208975	0.0	0.0	0.0	0.0	0.0	0.0	4.447945782129786	0.0	0.0	0.0	0.0	0.0	0.0	0.0
10617	1.1779779741606595	0.0	0.0	0.0	0.0	0.0	0.0	0.0	3.5294476098996577	0.0	0.0	0.0	0.0	0.0	0.0	0.0	1.4138944915148708	0.0	0.0	0.0	0.0	0.0	0.0	0.0
10618	4.2218586699349165	0.0	1.701874974655375	0.0	0.0	0.0	0.0	0.0	4.348310432521011	0.0	0.0	0.0	0.0	0.0	0.0	0.0	4.421990740746431	0.0	0.0	0.0	0.0	0.0	0.0	0.0
10619	2.1352678752105945	0.0	0.0	0.0	0.0	0.0	0.0	0.0	2.1925323198588047	0.0	0.0	0.0	0.0	0.0	0.0	0.0	3.408436251291486	0.0	0.0	0.0	0.0	0.5797441519562598	0.0	0.0
10620	1.4713663296873805	0.0	0.8438952743462875	0.0	0.0	0.0	0.0	0.0	1.957333640100008	0.0	0.0	0.0	0.11250822315345618	0.0	0.0	0.0	4.396787502540125	0.0	0.0	0.0	0.0	0.0	0.0	0.0
10621	1.2777141558809426	0.0	0.0	0.0	0.9672780018739597	0.0	0.0	0.0	2.1212386491196096	0.0	0.0	0.0	0.0	0.0	0.0	0.0	2.2840649845686616	0.0	0.0	0.0	0.0	0.0	0.0	0.0
10622	3.184525534951924	0.0	0.0	0.0	0.0	0.0	0.0	0.0	3.1555335870292764	0.8421264622231285	0.0	0.0	0.0	0.0	0.0	0.0	5.671695863149091	0.0	0.0	0.0	0.0	0.0	0.0	0.6377483167994438
10623	1.8091306831606366	0.0	0.9504744566311781	0.0	0.0	0.0	0.0	0.0	1.7107452485848254	0.0	0.0	0.0	0.10192909266031734	0.5972121284676734	0.0	0.0	3.1312304658090926	0.0	2.0300477211139643	0.0	0.0	0.0	0.0	0.0
10624	2.776072637232333	0.0	1.064830332195527	0.0	0.0	0.0	0.0	0.0	2.546859655215527	0.0	0.0	0.0	0.0	0.0	0.0	0.0	4.499455749400846	0.0	0.49908088157577585	0.0	0.0	0.0	0.0	0.0
10625	2.0707527402093873	0.0	0.0	0.0	0.9704308468600199	0.0	0.0	0.0	4.136054367259156	0.0	0.0	0.0	0.0	0.0	0.0	0.0	2.9693822590692562	0.0	0.8305343402069023	0.0	0.0	0.4998201405781731	0.0	0.0
10626	2.3645312340025173	0.0	1.3957652903621702	0.0	0.0	0.0	0.0	0.0	4.111971308866104	0.0	0.0	0.0	0.0	0.0	0.0	0.0	2.397045880446362	0.0	1.7126049144704985	0.0	0.0	0.0	0.0	0.0
10627	3.1534212003683093	0.0	1.0148014950192124	0.0	0.0	0.0	0.0	0.0	3.3846387777779223	0.0	0.0	0.0	0.5856964973269763	0.0	0.0	0.0	3.1362349781356187	0.0	0.8379680959353207	0.0	0.0	0.0	0.0	0.0
10628	4.122818667994767	0.0	0.5038360828904827	0.0	0.0	0.0	0.0	0.0	2.741431818581786	0.0	0.0	0.413741805756817	0.0	0.0	0.0	0.0	1.1112315899295107	0.0	1.1530583492336595	0.0	0.0	1.9640726769131565	0.0	0.0
10629	2.019510826807283	0.0	0.6352312094909244	0.0	1.1809375027134754	0.0	0.0	0.0	2.2466653888671013	0.44187623635530754	0.0	0.0	0.8040295561975009	0.0	0.0	0.0	1.9727484593598017	0.0	0.0	0.0	0.0	0.0	0.0	0.0
10630	3.083617751177665	0.0	0.0	0.0	0.0	0.0	0.0	0.0	2.8533879641506767	0.0	0.0	0.0	0.0	0.0	0.0	0.0	5.769465823054988	0.0	1.3937286783270653	0.0	0.0	0.6768060655346128	0.0	0.0
10631	3.2718292379049094	0.0	0.0	0.0	0.0	0.0	0.0	0.0	2.3650588604352394	0.0	0.0	0.0	0.0	0.0	0.0	0.0	1.2684409619877635	0.0	1.2483387398358667	0.0	0.5681620893039434	0.411614883192982	0.0	0.5
10632	4.83135113349355	0.0	0.0	0.0	0.0	0.0	0.0	0.0	1.8899249789392754	0.0	0.0	0.0	0.0	0.0	0.0	0.0	3.264908609649523	0.0	1.3612340325805246	0.0	0.0	0.0	0.0	0.0
10633	3.088014152221616	0.0	0.8736255706110897	0.0	0.0	0.0	0.0	0.0	3.1871624121975035	0.0	1.1246623980697565	0.0	0.0	0.0	0.0	0.0	4.096009526697155	0.0	0.6969894967223621	0.0	0.0	0.42259683874272275	0.0	0.0
10634	0.8592733517832465	0.0	0.0	0.0	0.0	0.0	0.0	0.0	1.289872383862615	0.0	0.0	0.0	0.0	0.0	0.0	0.0	2.2809610614073788	0.0	0.0	0.0	0.9700418545236047	0.0	0.0	0.0
10635	2.8208228484445463	0.0	0.0	0.0	0.7590756432205006	0.0	0.0	0.0	2.4847360108225303	0.0	0.7198518838038904	0.0	0.0	0.0	0.0	0.0	3.3828571630955206	0.0	0.48770470544011396	0.0	0.0	0.0	0.0	0.0
10636	4.125735871615387	0.0	0.0	0.0	0.0	0.0	0.0	0.0	2.4449995191985807	0.0	0.0	0.0	0.8739559791026182	0.0	0.0	0.0	6.9936679279936556	0.0	0.7304084432619238	0.0	0.0	0.0	0.0	0.0
10637	1.9708105669649423	0.0	0.0	0.0	0.0	0.0	0.0	0.0	1.953374233425153	0.0	0.0	0.0	0.0	0.4724281230540925	0.0	0.0	3.1449479360811616	0.0	0.4371516161644622	0.0	0.0	0.0	0.0	0.0
10638	4.447141495312901	0.0	0.0	0.0	0.0	0.0	0.0	0.0	2.460291069114252	0.0	0.0	0.0	0.8274859421673769	0.0	0.0	0.0	3.061652272194817	0.0	0.0	0.0	0.0	0.0	0.0	0.0
10639	3.5170686607471	0.0	0.0	0.0	1.8305292904031865	0.0	0.0	0.0	1.103071968740442	0.0	0.0	0.0	0.4824780525303532	0.8307565412099023	0.0	0.0	1.9516045528176327	0.0	0.0	0.0	0.0	0.0	0.0	0.0
10640	4.173533309660944	0.0	0.0	0.0	0.0	0.0	0.0	0.0	3.0401891130266585	0.0	0.0	0.0	0.0	1.0507972904378893	0.0	0.0	3.3222756489395278	0.0	0.0	0.0	0.0	0.0	0.0	0.0
10641	3.184796225387926	0.0	0.9968845412474603	0.0	0.0	0.0	0.0	0.0	2.0301551878488793	0.0	0.0	0.0	0.0	0.0	0.0	0.0	4.455634130756562	0.0	0.0	0.0	0.0	0.0	0.0	0.0
10642	1.8606596238283815	0.0	0.0	0.0	0.0	0.0	0.0	0.0	2.1943264326783023	0.0	0.0	0.0	0.0	0.0	0.0	0.0	2.299223969955585	0.0	0.0	0.0	0.0	0.0	0.0	0.0
10643	1.537977147033918	0.0	0.826564826281488	0.0	0.0	0.0	0.0	0.0	2.4669203023370274	0.5848781709403127	0.0	0.0	0.0	0.0	0.0	0.0	2.2061890746706547	0.0	0.0	0.0	0.0	0.0	0.0	0.0
10644	1.2030657098187678	0.0	0.6569034203054102	0.0	0.0	0.8535371943176759	0.0	0.0	1.1696072037605931	0.0	0.0	0.0	0.0	0.0	0.0	0.0	3.262504985662894	0.0	0.8446183451300083	0.0	0.0	0.5615524470599457	0.0	0.0
10645	2.3733067779674992	0.0	0.0	0.0	1.2786233658415527	0.0	0.0	0.0	1.8182062478090704	0.0	0.0	0.0	0.0	0.0	0.0	0.0	4.067186425534758	0.0	0.0	0.0	0.0	0.0	0.0	0.0
10646	0.8926464069815961	0.0	0.45435743078455687	0.0	0.0	0.0	0.0	0.0	2.109102450994007	0.0	0.0	0.0	0.0	0.0	0.0	0.0	3.6511594067441595	0.0	0.0	0.0	0.0	0.0	0.0	0.0
10647	2.1185259782316495	0.0	0.6191979916601771	0.0	1.3478255144974025	0.5611111098723042	0.0	0.0	2.2104430470312515	0.0	0.0	0.0	0.0	0.0	0.0	0.0	4.549337314678782	0.0	0.8994123304279413	0.0	0.0	0.0	0.0	0.0
10648	3.3702787267600622	0.0	0.0	0.0	1.5947461075222662	0.0	0.0	0.0	1.7916728051919892	0.0	0.0	0.0	0.0	0.0	0.0	0.0	4.628593711017833	0.0	0.8287482132406844	0.0	0.0	0.0	0.0	0.0
10649	1.8904473014298682	0.0	1.0532482438258566	0.0	0.0	0.0	0.0	0.0	1.28717786176071	0.0	0.0	0.0	0.0	0.0	0.0	0.0	2.3064821526080537	0.0	0.0	0.0	0.0	0.0	0.0	0.6910432375450767
10650	2.1536615071819307	0.32242463622556533	0.0	0.0	0.8814919518773213	0.0	0.0	0.0	0.0	0.0	0.0	0.0	0.0	0.0	0.0	0.0	0.9806249723564424	0.0	0.0	0.0	0.0	0.0	0.0	0.0
10651	2.180938064388292	0.0	0.0	0.0	0.927226838688158	0.0	0.0	0.0	1.9447890836578825	0.0	0.0	0.0	0.0	0.0	0.0	0.0	3.4341659910100866	0.0	0.0	0.0	0.0	0.0	0.0	0.0
10652	1.1637981285452965	0.0	0.0	0.0	0.0	0.0	0.0	0.0	1.812362051141073	0.0	0.0	0.0	0.0	0.0	0.0	0.0	4.846716598903503	0.0	1.2509292526451763	0.0	0.7883896893693436	0.49319515083262105	0.0	0.9326588877853652
10653	0.916319167280992	0.0	0.0	0.0	0.0	0.0	0.0	0.0	1.339406048736479	0.0	0.0	0.0	0.0	0.0	0.0	0.0	3.1075519367670306	0.0	0.7664730893913936	0.0	0.0	0.0	0.0	0.0
10654	0.6298282888767285	0.0	0.0	0.0	0.0	0.0	0.0	0.0	1.0095034532988096	0.0	0.0	0.0	0.0	0.0	0.0	0.0	1.8816721563988417	0.0	0.0	0.0	0.0	0.0	0.0	0.0
10655	2.4522786581035327	0.0	0.0	0.0	0.0	0.0	0.0	0.0	2.0777889536679375	0.26788971950285617	0.0	0.0	0.0	0.0	0.0	0.0	2.0769513069132315	0.0	0.0	0.0	0.30200167956314794	0.0	0.0	0.0
10656	2.393769148314377	0.0	0.0	0.0	0.0	0.0	0.0	0.0	1.0051796095340795	0.0	0.0	0.0	0.0	0.0	0.0	0.0	1.6860464962122088	0.0	0.6662045933725439	0.0	0.0	0.0	0.0	0.0
10657	2.9802373388139323	0.0	0.0	0.0	0.0	0.0	0.0	0.0	3.589262267274417	0.32254738858495163	0.0	0.0	1.1320912093316027	0.0	0.0	0.0	2.9735377268192704	0.0	0.0	0.0	0.0	0.0	0.0	0.0
10658	2.5154851001856873	0.0	0.1840015523105529	0.0	0.0	0.0	0.0	0.0	1.8731544008464684	0.0	0.0	0.0	0.0	0.0	0.0	0.0	2.2771090579121824	0.0	1.4357789589057797	0.0	0.0	0.0	0.0	0.0
10659	2.224936755427872	0.0	0.0	0.0	0.0	0.0	0.0	0.0	2.1105320604604167	0.0	0.0	0.0	0.0	0.0	0.0	0.0	3.2623163033460028	0.5819780294608735	1.00130723228106	0.0	0.0	0.6846149071244501	0.0	0.0
10660	2.0969624835059246	0.0	0.980182991813449	0.0	0.0	0.0	0.0	0.0	2.2673928045694898	0.0	0.0	0.0	0.0	0.7826277850288699	0.0	0.0	0.9454425137373739	0.0	0.0	0.0	0.0	0.0	0.0	0.0
10661	3.045440725894718	0.0	0.0	0.0	0.5810865295151408	0.0	0.0	0.0	3.2410861865071325	1.4481747704939005	0.0	0.0	0.0	0.7326964827283322	0.0	0.0	1.2278636256712614	0.0	0.0	0.0	0.0	0.0	0.0	0.0
10662	3.859775625609431	0.0	0.6743399804490892	0.0	0.7848884454091767	0.0	0.0	0.0	1.2369619516420192	0.0	0.0	0.0	0.0	0.0	0.0	0.0	1.2422856675048681	0.0	0.0	0.0	0.0	0.0	0.0	0.0
10663	1.5801770539130464	0.0	0.0	0.0	0.627859582490738	0.0	0.0	0.0	5.690598170085788	0.0	0.0	0.0	0.0	0.0	0.0	0.0	4.988840153492344	0.0	1.29673893749207	0.0	0.0	0.0	0.0	0.0
10664	1.2655492448576742	0.0	0.0	0.0	0.0	0.0	0.0	0.0	2.095098790962944	0.0	0.0	0.0	0.0	0.0	0.0	0.0	2.724901897067022	0.0	0.8995192855799787	0.0	0.0	0.0	0.0	0.0
10665	2.026122442188519	0.0	0.8488733341906789	0.0	0.0	0.0	0.0	0.0	2.9205247869388025	0.0	0.0	0.0	0.0	0.0	0.0	0.0	5.616256724890531	0.0	0.656447927689956	0.0	1.1244516830803746	0.0	0.0	0.0
10666	4.807489242099523	0.0	0.0	0.0	0.0	0.0	0.0	0.0	1.8380379166091068	0.0	0.0	0.0	0.0	0.6140809000968211	0.0	0.0	2.5756713775213442	0.0	1.026641092403796	0.0	0.0	0.0	0.0	0.0
10667	4.344386742878704	0.0	0.0	0.0	0.7662267509135815	0.0	0.0	0.0	3.767005783627434	0.0	0.0	0.2182020515213835	0.0	0.25221395129490093	0.0	0.0	3.5296607203947232	0.0	1.6314627729444384	0.0	0.0	0.0	0.0	0.0
10668	0.7831023057411657	0.0	0.0	0.0	0.0	0.0	0.0	0.0	2.896008142322979	0.0	0.0	0.0	0.0	0.0	0.0	0.0	1.7537115731274722	0.0	0.0	0.0	0.0	0.0	0.0	0.0
10669	5.0152167306297	0.0	0.0	0.0	0.0	0.0	0.0	0.0	2.267856830396179	0.0	0.0	0.0	0.0	0.0	0.0	0.0	1.1691904234477697	0.0	0.8369200868402411	0.0	0.0	0.0	0.0	0.0
10670	2.0489256626846215	0.0	0.0	0.0	1.496928684034298	0.0	0.0	0.0	1.2345857510794827	0.0	0.0	0.0	0.0	0.0	0.0	0.0	1.0838582856194376	0.0	0.0	0.0	0.0	0.0	0.0	0.0
10671	1.838592187499081	0.0	0.9187148446888782	0.0	0.0	0.0	0.0	0.0	3.0135657713035786	0.0	0.0	0.0	0.0	0.0	0.0	0.0	5.495223289919084	0.0	0.0	0.0	0.0	0.0	0.0	0.0
10672	3.1774723119965667	0.0	0.0	0.0	0.0	0.0	0.0	0.0	3.8237154860879747	0.6304124612555421	0.0	0.0	0.0	0.0	0.0	0.0	4.033964099414975	0.0	0.856480442825967	0.0	0.0	1.2302279367024542	0.0	0.0
10673	3.186912381746038	0.0	0.0	0.0	1.016917757697307	0.0	0.0	0.0	3.3533256120528168	0.0	0.0	0.0	0.0	0.0	0.0	0.0	3.2486458308550046	0.0	0.9628615089525865	0.0	0.0	0.5053691946417194	0.0	0.0
10674	5.312181652061385	0.6907242240951731	0.0	0.0	0.0	0.0	0.0	0.0	3.0531844782050754	0.0	0.0	0.0	0.0	0.0	0.0	0.0	2.185180741288908	0.0	1.0545277840178418	0.0	0.0	0.0	0.0	0.0
10675	2.1543506878163257	0.0	1.393729579321932	0.0	1.3432564028029903	0.0	0.0	0.0	1.9101390106684513	0.0	0.0	0.0	0.651092447801697	0.0	0.0	0.0	3.2008523917311575	2.268519819265472	1.0810008657084529	0.0	0.0	0.0	0.0	0.0
10676	3.138296183799734	0.0	0.0	0.0	0.0	0.0	0.0	0.0	3.0906990068503895	0.0	0.0	0.0	0.0	0.0	0.0	0.0	3.009595059646237	0.0	0.0	0.0	0.0	0.0	0.0	0.0
10677	4.030535046903998	0.0	0.803771120271864	0.0	2.055060429581567	0.0	0.0	0.0	3.1702686027177216	1.3514586541332914	0.0	0.0	1.2531407745586873	0.0	0.0	0.0	3.257993294753408	0.0	0.0	0.0	0.0	0.0	0.0	0.0
10678	2.177309140513578	0.0	0.0	0.0	0.0	0.0	0.0	0.0	2.0063858015953313	0.0	0.0	0.0	0.0	0.0	0.0	0.0	3.601605318426416	0.0	0.499509783016302	0.0	0.0	0.0	0.0	0.0
10679	2.8048941637838447	0.0	0.0	0.0	0.0	0.0	0.0	0.0	1.7069463211553062	0.0	0.0	0.0	0.0	0.0	0.0	0.0	5.992433607617621	0.0	0.4956528474167727	0.0	0.0	0.0	0.0	0.0
10680	5.430461678195546	0.0	0.0	0.0	0.0	0.0	0.0	0.0	3.348823225815851	0.0	0.0	0.0	0.0	0.0	0.0	0.0	4.422227475550702	0.0	0.0	0.0	0.0	0.0	0.0	0.0
10681	3.0219008867924946	0.0	0.0	0.0	0.0	0.0	0.0	0.0	1.9746414919802004	0.0	0.0	0.0	0.0	0.0	0.0	0.0	2.180578666338494	0.0	0.0	0.0	0.0	0.0	0.0	0.0
10682	1.6201637434393954	0.0	0.0	0.0	0.0	0.0	0.0	0.0	0.9021661757091928	0.0	0.0	0.0	0.0	0.7353793460119915	0.0	0.0	5.4547278088224695	0.0	0.0	0.0	0.0	0.0	0.0	0.0
10683	2.1221747559236146	0.0	0.0	0.0	1.1942384290796164	0.0	0.0	0.0	2.18095512356106	0.0	0.0	0.0	0.0	0.0	0.0	0.0	4.549509194859108	0.0	0.0	0.0	0.0	0.0	0.0	0.0
10684	4.935427391565493	0.0	0.0	0.0	0.0	0.0	0.0	0.0	4.51903809608247	1.142755551040163	0.0	0.0	0.0	0.0	0.0	0.0	2.1842130800594495	0.0	1.2291144795191444	0.0	0.0	0.7318500769607067	0.0	0.0
10685	1.3083959645306156	0.0	0.0	0.0	0.0	0.0	0.0	0.0	2.8773925237072455	0.0	0.0	0.0	0.0	0.0	0.0	0.0	2.1760171151088277	0.0	0.44871018536448115	0.0	0.0	0.0	0.0	0.0
10686	2.3613208701191857	0.0	0.0	0.0	0.0	0.0	0.0	0.0	1.2201392116309215	0.0	0.0	0.0	1.7423430472400983	0.0	0.0	0.0	1.6569737868106165	0.0	0.0	0.0	0.0	0.4928009828524287	0.0	0.0
10687	1.8610428881437462	0.7689615153347873	0.0	0.0	0.25289931211051614	0.0	0.0	0.0	2.8262502194270605	0.0	0.0	0.0	0.0	0.0	0.0	0.0	1.772541855950912	0.0	0.46770717334674267	0.0	0.0	0.0	0.0	0.8833308765689106
10688	2.4496461485330325	0.0	0.0	0.0	0.0	0.0	0.0	0.0	6.0870117343608525	0.0	0.0	0.0	0.7729371721926349	0.0	0.0	0.0	1.411819077185971	0.0	0.0	0.0	0.0	0.0	0.0	0.0
10689	1.0927118668354914	0.0	0.0	0.0	0.0	0.0	0.0	0.0	0.8494824479467893	0.0	0.0	0.0	0.8722218611435333	1.7643162390521776	0.0	0.0	3.2983498194083247	0.0	0.8091638633319881	0.0	0.0	0.0	0.0	0.0
10690	3.0764346740308293	0.0	0.0	0.0	0.0	0.0	0.0	0.0	2.08648548773878	0.0	0.0	0.0	0.0	0.0	0.0	0.0	3.3802002247002285	0.0	1.5063087010436396	0.0	0.0	0.8777003106486806	0.0	0.0
10691	4.272592088673783	0.0	0.0	0.0	0.0	0.0	0.0	0.0	3.1157458202367625	0.5620414011459745	0.0	0.0	0.0	0.0	0.0	0.0	3.0667946967976	0.0	0.9225977452011481	0.0	0.0	0.5168215624907352	0.0	0.0
10692	1.7338711881371565	0.0	1.1273861571279897	0.0	0.0	0.0	0.0	0.0	1.734465458393405	0.0	0.9333998246699231	0.0	0.0	0.0	0.0	0.0	2.2765933978462725	0.0	0.0	0.0	0.0	0.0	0.0	0.0
10693	1.921917343706973	0.0	0.5154491644552391	0.0	0.38907835159660664	0.0	0.0	0.0	2.9825416507094644	0.0	0.0	0.0	0.0	0.0	0.0	0.0	4.355376846981715	0.0	1.2702486000283473	0.0	0.0	1.0432572467902044	0.0	0.0
10694	2.0115768171257886	0.0	1.4342544783984037	0.0	0.0	0.0	0.0	0.0	4.714189690535141	0.0	0.0	0.0	1.4779293151120647	0.0	0.0	0.0	4.24398063695543	0.0	1.9268451327975946	0.0	0.0	0.4760139996250025	0.0	0.0
10695	2.1635259631728587	0.0	0.0	0.0	0.0	0.0	0.0	0.0	4.038835098339906	0.0	0.0	0.0	0.0	0.0	0.0	0.0	2.029709955623102	0.0	0.0	0.0	0.7754410744244389	0.0	0.0	0.0
10696	1.8028369166076241	0.0	1.2075351366362328	0.0	0.0	0.0	0.0	0.0	2.1949023942041483	0.0	0.0	0.0	0.0	0.0	0.0	0.0	3.8248736975015287	0.0	0.0	0.0	0.0	0.0	0.0	0.0
10697	1.328722978382638	0.0	0.0	0.0	0.0	0.0	0.0	0.0	1.6008494925190566	0.0	0.0	0.0	0.0	0.0	0.0	0.0	2.0839060839480696	0.0	0.0	0.0	0.0	0.0	0.0	0.0
10698	3.423914661608453	0.0	0.0	0.0	0.0	0.0	0.0	0.0	3.01362107161352	0.0	0.0	0.0	0.0	0.0	0.0	0.0	3.515756875822352	0.0	0.0	0.0	0.0	0.0	0.0	0.0
10699	4.365199368141668	0.0	0.0	0.0	0.8632489558499444	0.0	0.0	0.0	2.664812281357271	0.0	0.0	0.0	0.8181244373465273	0.0	0.0	0.0	1.9695349247299745	0.0	0.0	0.0	0.0	0.0	0.0	0.0
10700	1.1783972720946227	0.0	0.0	0.0	0.0	0.0	0.0	0.0	2.339908769167019	0.0	0.0	0.0	0.0	0.0	0.0	0.0	4.135613044807998	0.0	1.346510882863351	0.0	0.0	0.0	0.0	0.0
10701	2.3151487817279595	0.0	0.0	0.0	0.0	0.0	0.0	0.0	4.412505556048802	0.0	0.0	0.0	0.0	0.19106476465346264	0.0	0.0	3.2519373090858856	0.0	0.8576659489918455	0.0	0.49085615853554504	0.0	0.0	0.0
10702	3.0333843101025453	0.0	0.8752985804142971	0.0	0.8293176108539246	1.2115528433646858	0.0	0.0	3.4449055186283863	0.0	0.0	0.0	0.0	0.0	0.0	0.0	4.49756682464364	0.0	0.9230159299354326	0.0	0.0	0.0	0.0	0.0
10703	2.9956799166315067	0.0	0.0	0.0	0.0	0.0	0.0	0.0	4.07510021568942	0.0	0.0	0.0	0.8682929057716056	0.0	0.0	0.0	3.1546216235867695	0.0	0.9690887707529942	0.0	0.0	0.0	0.0	0.0
10704	1.3535891648675564	0.0	0.0	0.0	0.6076663495903123	0.0	0.0	0.0	1.00801789844934	0.0	0.0	0.0	0.0	0.0	0.0	0.0	7.060103983092661	0.0	0.0	0.0	0.0	0.0	0.0	0.0
10705	2.2974435101520214	0.0	0.0	0.0	0.0	0.0	0.0	0.0	2.122436331766672	0.0	0.0	0.0	1.0016711062725479	0.0	0.0	0.0	2.8473094899863676	0.0	0.6764611464102415	0.0	0.0	0.0	0.0	0.0
10706	4.2162595018680715	0.0	0.0	0.0	0.6072070920341235	0.0	0.0	0.0	3.052481871323353	0.0	0.0	0.0	0.3436884886240537	0.0	0.0	0.0	3.2623848438616867	0.0	0.5631867578098149	0.0	0.0	0.0	0.0	0.0
10707	2.0694042792919944	0.0	0.0	0.0	0.0	0.0	0.0	0.0	2.984717636666369	0.0	0.0	0.0	0.0	0.0	0.0	0.0	2.3684242241066733	0.0	0.822056434866498	0.0	0.7630033949182301	0.0	0.0	0.0
10708	3.114199823314013	0.0	0.0	0.0	0.0	0.0	0.0	0.0	4.42681625086371	0.1718184900527221	0.0	0.6067774136512426	1.0092439284111872	0.0	0.0	0.0	3.022758443474871	0.0	0.8976177714707487	0.0	0.7715093788990032	0.0	0.0	0.0
10709	0.938431514511114	0.0	0.0	0.0	0.0	0.0	0.0	0.0	2.147456692912312	0.0	0.0	0.0	0.0	0.0	0.0	0.0	3.532363269849136	0.0	0.0	0.0	0.0	0.0	0.0	0.0
10710	2.152608515846895	0.0	0.8966983091960806	0.0	0.4856937692620732	0.49157838190420416	0.0	0.0	2.403718198723491	0.0	0.0	0.0	0.0	0.0	0.0	0.0	2.493047451964332	0.0	0.7407736899500565	0.0	0.0	0.4999956597033841	0.0	0.0
10711	1.0174583199387561	0.0	0.9582391258043174	0.0	0.0	0.0	0.0	0.0	2.856050483763009	0.0	0.0	0.0	0.0	0.9096431534764975	0.0	0.0	3.3685213782549606	0.6403735021237389	0.9440997193179463	0.0	0.0	0.0	0.0	0.0
10712	2.151750219666658	0.0	1.0201466255022507	0.0	0.0	0.0	0.0	0.0	2.0220858584051307	0.0	0.0	0.0	0.0	0.0	0.0	0.0	4.116130291158434	0.0	0.9726682841020708	0.0	0.0	0.0	0.0	0.0
10713	0.0	0.0	0.0	0.0	0.0	0.0	0.0	0.0	0.0	0.0	0.0	0.0	0.9272284360133375	0.0	0.0	0.0	0.8283404600726695	0.0	0.0	0.0	0.0	0.0	0.0	0.0
10714	3.6367436535805036	0.0	0.0	0.0	0.0	0.0	0.0	0.0	3.5191824988023823	0.0	0.0	0.0	0.0	0.0	0.0	0.0	3.008986726038555	0.0	0.0	0.0	0.0	0.0	0.0	0.0
10715	2.839747138646812	0.0	0.0	0.0	0.7809379491306355	0.0	0.0	0.0	2.0341435926080447	0.0	0.0	0.0	1.1314427249174177	0.0	0.0	0.0	3.0737739866771343	0.0	0.5960387571331695	0.0	0.0	0.0	0.0	0.0
10716	2.107239697334918	0.33713155068074396	0.0	0.0	0.0	0.0	0.0	0.0	2.337703399284622	0.0	0.0	0.0	0.0	0.0	0.0	0.0	1.9994455994349478	0.0	0.0	0.0	0.0	0.0	0.0	0.0
10717	1.2999971905346954	0.0	0.3782436258399151	0.0	0.0	0.0	0.0	0.0	2.096792471741328	0.0	0.0	0.0	0.7488233097545659	0.0	0.0	0.0	1.9667041398130214	0.0	0.0	0.0	0.0	0.0	0.0	0.0
10718	0.0	0.0	0.0	0.0	0.0	0.0	0.0	0.0	2.27231509288756	0.0	0.0	0.0	0.0	0.0	0.0	0.0	1.9925714917734636	0.0	0.0	0.0	0.0	0.0	0.0	0.0
10719	3.687010356456846	0.0	0.721704243897395	0.0	1.6744217750570634	0.0	0.0	0.0	2.334241916886063	0.0	0.0	0.0	0.0	0.0	0.0	0.0	3.360339704500491	0.0	0.0	0.0	0.0	0.0	0.0	0.0
10720	2.326562404568612	0.0	0.0	0.0	0.0	0.0	0.0	0.0	2.7731420589616254	0.0	0.0	0.0	0.0	0.0	0.0	0.0	5.114697753150136	0.0	0.0	0.0	0.0	0.0	0.0	0.0
10721	3.3799807456187976	0.0	0.0	0.0	0.0	0.0	0.0	0.0	2.2675822047047984	0.0	0.0	0.0	0.0	0.0	0.0	0.0	4.18420750429725	0.0	0.0	0.0	0.0	0.0	0.0	0.0
10722	3.5464632941981256	0.0	0.0	0.0	0.0	0.0	0.0	0.0	2.1198304676054063	0.0	0.0	0.0	0.0	0.0	0.0	0.0	2.1369854175238854	0.0	0.9174353305159625	0.0	0.0	0.0	0.0	0.0
10723	2.257094929948092	0.0	0.0	0.0	0.0	0.0	0.0	0.0	4.220127778489602	0.0	0.0	0.0	0.0	0.0	0.0	0.0	2.1603367847144828	0.0	0.0	0.0	0.0	0.0	0.0	0.0
10724	3.1230234132438746	0.0	1.4954607300104645	0.0	0.0	0.0	0.0	0.0	2.9396623734347833	0.0	0.0	0.0	0.0	0.0	0.0	0.0	2.1023083449753694	0.20687893396383653	0.0	0.0	0.0	0.0	0.0	0.0
10725	2.1792817313854007	0.0	1.429000621618286	0.0	0.5250354931561961	0.0	0.0	0.0	2.054681308356444	0.0	0.0	0.0	0.0	0.0	0.0	0.0	4.6627008079475525	0.0	0.0	0.0	0.0	0.0	0.0	0.0
10726	2.249927628771014	0.0	0.0	0.0	0.0	0.0	0.0	0.0	4.242763469775934	0.0	0.0	0.8888052096067232	0.0	0.0	0.0	0.0	2.2266584934949645	0.0	0.0	0.0	0.0	0.0	0.0	0.0
10727	4.329764031392484	0.0	0.8449969011814478	0.0	0.0	0.0	0.0	0.0	1.9622978910002844	0.0	0.0	0.0	0.0	0.0	0.0	0.0	2.0132403202759677	0.0	0.0	0.0	0.0	0.890377730085362	0.0	0.0
10728	1.2822235461190932	0.0	0.0	0.0	0.0	0.0	0.0	0.0	0.9786614301091371	0.0	0.0	0.0	0.9486794478982297	0.0	0.0	0.0	1.2383673602805692	0.0	0.5795602908774252	0.0	0.0	0.34358549132037247	0.0	0.0
10729	2.035264975207151	0.0	0.0	0.0	0.0	0.0	0.0	0.0	3.098234900479159	0.0	0.0	0.0	0.0	0.0	0.0	0.0	2.2252617219595217	0.0	1.175592723202767	0.0	0.0	0.0	0.0	0.0
10730	1.9045623893699704	0.0	0.0	0.0	0.0	0.0	0.0	0.0	1.869682937215368	0.48450927536582566	0.0	0.0	0.0	0.0	0.0	0.0	1.038088712106478	0.0	1.5006999697060783	0.0	1.6942408484500227	0.0	0.0	0.0
10731	1.725520277235191	0.0	0.0	0.0	1.016982619707585	0.0	0.0	0.0	2.9660579580914677	0.3679424115809939	0.0	0.0	0.0	0.0	0.0	0.0	5.187412601195317	0.0	0.6939472508487329	0.0	0.0	0.0	0.0	0.0
10732	4.3903240237367545	0.0	0.8157308730129101	0.0	0.954027073708762	0.10482201257840673	0.0	0.0	3.331866917282533	0.0	0.0	0.0	0.0	0.0	0.0	0.0	4.159822834557012	0.0	0.0	0.0	0.0	0.5311067490680706	0.0	0.0
10733	3.0896354989657557	0.0	0.0	0.0	0.0	0.0	0.0	0.0	2.029010642674332	0.0	0.0	0.0	0.0	0.0	0.0	0.0	3.356818632679343	0.0	0.0	0.0	0.0	0.0	0.0	0.0
10734	1.6536519251521724	0.0	0.0	0.0	0.0	0.0	0.0	0.0	0.9625307721520268	0.0	0.0	0.0	0.992980333816361	0.10259202937226548	0.0	0.0	1.0632119740200532	0.0	1.3375137248574036	0.0	0.9341852313536978	0.0	0.0	0.0
10735	1.9752404992080435	0.0	1.5133138922214702	0.0	0.0	0.0	0.0	0.0	2.4816745090240766	0.0	0.0	0.0	0.0	0.0	0.0	0.0	2.35040189281312	0.0	1.0275195359133926	0.0	0.0	0.6590837484135659	0.0	0.0
10736	2.9177933227750694	0.0	0.0	0.0	0.0	0.0	0.0	0.0	3.0390294849108574	0.0	0.0	0.0	0.0	0.0	0.0	0.0	2.33690511658729	0.0	0.0	0.0	0.0	1.2107318442328407	0.0	0.0
10737	2.1639570930059464	0.0	0.0	0.0	0.0	0.0	0.0	0.0	2.489427701417258	0.0	0.0	0.0	0.0	0.0	0.0	0.0	3.154418801526319	0.0	0.0	0.0	0.0	0.0	0.0	0.0
10738	2.966450685039996	0.0	0.0	0.0	0.0	0.0	0.0	0.0	2.8996920374392885	0.0	0.0	0.0	0.0	0.0	0.0	0.0	3.0101116264076957	0.0	0.0	0.0	0.0	0.0	0.0	0.0
10739	2.013722089758927	0.0	0.0	0.0	2.41251546286193	0.0	0.0	0.0	1.1320588614251028	0.0	0.0	0.0	0.92689797625658	0.38512357283308635	0.0	0.0	5.9378936758048155	0.0	0.0	0.0	0.0	0.0	0.0	0.0
10740	1.3864495070149732	0.0	0.0	0.0	0.0	0.0	0.0	0.0	2.225716146082374	0.0	0.0	0.0	0.0	0.0	0.0	0.0	1.24050276815269	0.0	0.0	0.0	0.0	0.0	0.0	2.218710833236356
10741	6.255724431561306	0.0	0.0	0.0	0.0	0.0	0.0	0.0	3.386179401257411	0.0	0.0	0.0	0.0	0.7973420987735358	0.0	0.0	7.9582416322038885	0.0	0.0	0.984863216673034	0.0	0.4416654382844553	0.0	0.0
10742	1.2498699203909271	0.0	0.0	0.0	0.0	0.0	0.0	0.0	0.5945542949879188	0.4625250818659317	0.0	0.0	0.45307408360317697	0.0	0.0	0.0	0.7340441784746551	0.0	0.5225519239179137	0.0	0.0	0.0	0.0	0.0
10743	0.9746917655911637	0.0	0.7856742013183862	0.0	1.0886621079036347	0.0	0.0	0.0	7.2449402170686685	0.8348535643115843	0.0	0.0	0.0	0.0	0.0	0.0	2.4081755884266993	0.0	0.920082153597065	0.0	0.0	0.0	0.0	0.0
10744	4.501859428197909	0.0	1.4399154272814663	0.0	0.0	0.0	0.0	0.0	2.292350455914304	0.0	0.0	0.0	0.0	0.0	0.0	0.0	2.9725262748401677	0.0	0.0	0.0	0.5185085165216904	0.9569523275401478	0.0	0.0
10745	0.0	0.0	0.0	0.0	0.0	0.0	0.0	0.0	1.0414944761263272	0.0	0.0	0.0	0.0	0.0	0.0	0.0	0.8381404052084444	0.0	0.0	0.0	0.0	0.0	0.0	0.0
10746	2.320239444611786	0.0	0.0	0.0	0.7906308276027662	0.0	0.0	0.0	1.31940796498782	0.0	0.0	0.0	0.0	0.0	0.0	0.0	1.021570650467304	0.0	0.0	0.0	0.0	0.0	0.0	0.0
10747	1.131569508368747	0.0	1.0228011645584991	0.0	0.0	0.0	0.0	0.0	1.0606334962225121	0.0	0.0	0.0	0.0	0.0	0.0	0.0	3.217725386040627	0.0	0.9477678454605266	0.0	0.0	0.0	0.0	0.0
10748	2.1260189459441277	0.0	0.0	0.0	0.0	0.0	0.0	0.0	2.4741952790149004	0.0	0.7364804067881756	0.0	0.8762513880137264	0.0	0.0	0.0	3.0652030106400265	0.0	0.0	0.0	0.0	0.0	0.0	0.0
10749	3.234179841855863	0.0	0.0	0.0	0.0	0.0	0.0	0.0	3.0960498661925824	0.0	0.0	0.0	0.0	0.0	0.0	0.0	3.0065927305831335	0.0	2.7832525222679343	0.0	0.0	0.0	0.0	0.0
10750	2.4403229811480096	0.0	1.592030348556687	0.0	0.0	0.0	0.0	0.0	4.1904152993717565	0.0	0.0	0.9287366236455094	0.0	0.0	0.0	0.0	1.2165946477864416	0.0	0.0	0.0	0.0	0.5831484302419909	0.0	0.0
10751	2.344738404567916	0.0	0.6033619912534985	0.0	0.0	0.0	0.0	0.0	2.098842685728857	0.0	0.0	0.0	0.0	0.0	0.0	0.0	2.954912506503334	0.0	1.047677967346784	0.0	0.0	0.0	0.0	0.0
10752	3.193657356194313	0.0	0.9200202340511061	0.0	1.0180162352533468	0.0	0.0	0.0	4.4204277614657075	0.0	0.0	0.0	0.0	0.0	0.0	0.0	4.062732407510306	0.0	0.0	0.0	0.0	0.0	0.0	0.0
10753	2.692871731019178	0.0	0.0	0.0	0.0	0.0	0.0	0.0	1.7919373019561224	0.0	0.0	0.0	0.0	0.7417569915577613	0.0	0.0	2.4949907965678246	0.0	0.0	0.0	0.0	0.8270001692289917	0.0	0.0
10754	2.2182946108360615	0.0	0.0	0.0	0.4002828545796966	0.6316490260489735	0.0	0.0	3.381934691604176	0.0	0.0	0.0	0.0	0.0	0.0	0.0	2.1265688971021426	0.0	1.8135482766925215	0.0	0.0	0.709977625425646	0.0	0.0
10755	4.904683127200208	0.0	0.0	0.0	0.0	0.5066013392727319	0.0	0.0	3.1568959980184483	0.0	0.0	0.0	0.0	0.0	0.0	0.0	2.2539020902766373	0.0	0.0	0.0	0.0	0.878986357467811	0.0	0.0
10756	3.054936943450182	0.0	0.0	0.0	0.0	0.0	0.0	0.0	4.04335575017361	0.0	0.0	0.0	0.0	0.6182401977768225	0.0	0.0	3.9449324204417695	0.0	1.272346848327739	0.0	0.0	0.0	0.2853292417825497	0.0
10757	2.1061005653460434	0.0	0.0	0.0	0.7422339892283566	0.723897217082583	0.0	0.0	1.9222528376151646	0.0	0.0	0.0	0.0	0.0	0.0	0.0	3.166847463687392	0.0	0.7240981217976037	0.0	0.0	0.0	0.0	0.0
10758	0.9914990410761695	0.0	0.0	0.0	0.0	0.0	0.0	0.0	1.7853571071357126	0.0	0.0	0.8871201995900613	0.0	0.911970217629679	0.0	0.0	1.452870721479834	0.0	0.0	0.0	0.0	0.0	0.0	0.0
10759	2.1549484359950943	0.0	0.0	0.0	0.0	0.0	0.0	0.0	2.4303294015287236	0.5828103612116761	0.0	0.0	0.0	0.0	0.0	0.0	3.051785464381224	0.0	0.0	0.0	0.0	0.0	0.0	0.0
10760	2.2709935498303815	0.0	0.0	0.0	0.5866840083342469	0.0	0.0	0.0	2.1525793597714116	0.0	0.0	0.0	0.0	0.0	0.0	0.0	3.1420424001012752	0.0	0.5790565165456772	0.0	0.0	0.0	0.0	0.0
10761	1.8853012882927889	0.0	0.5593841329148583	0.0	0.0	0.0	0.0	0.0	2.565462379810357	0.0	0.0	0.0	0.0	0.8706313647047652	0.0	0.0	1.2128924886637342	0.0	0.0	0.0	0.0	0.0	0.0	0.0
10762	0.8561453352985461	0.0	1.177409597514533	0.0	0.0	0.0	0.0	0.0	2.807465277516124	0.0	0.0	0.0	0.0	0.0	0.0	0.0	1.405601040734634	0.0	0.0	0.0	0.0	0.0	0.0	0.0
10763	4.16679699796165	0.0	0.0	0.0	0.3318466848142711	0.0	0.0	0.0	4.669796316897747	0.0	0.0	0.0	0.0	0.0	0.0	0.0	3.33830377643532	0.0	0.5530496260634201	0.0	0.0	0.0	0.0	0.0
10764	1.9079564636177964	0.0	0.0	0.0	0.0	0.0	0.0	0.0	5.467047648569377	0.0	0.0	0.0	0.0	0.0	0.0	0.0	3.135111890915114	0.0	0.0	0.0	0.0	0.0	0.0	0.0
10765	2.934433639940134	0.0	1.1538936105704691	0.0	0.0	0.0	0.0	0.0	1.7258815565985424	0.0	0.0	0.0	0.0	0.0	0.0	0.0	2.156956530481241	0.0	0.13785596313006768	0.0	0.0	0.0	0.0	0.0
10766	2.1780115436117033	0.0	0.0	0.0	1.5643513962210425	0.0	0.0	0.0	3.0767106158378614	0.0	0.0	0.0	0.9651598401239364	0.0	0.0	0.0	2.092169810325027	0.0	0.0	0.0	0.0	0.0	0.0	0.0
10767	2.3621438437999074	1.6395595089469985	1.96658559630618	0.0	1.1818446472706343	0.0	0.0	0.0	1.1261625068690946	1.4338667168217039	1.0686595042831344	0.0	1.0577759679868133	2.197394547456061	0.0	0.0	2.0246092377073146	1.4286024776140778	2.1974448668907804	0.0	0.0	1.845561739947707	0.0	0.0
10768	3.1224228593634864	2.2455562041274004	1.654517734764227	0.0	0.8458104556977245	0.0	0.0	0.0	1.3104506768054747	2.3981548008560627	0.0	0.0	2.185054457160103	1.9214242343614885	0.0	0.0	0.8390938230481446	1.692501678595586	2.0903234034708467	0.0	0.0	1.8183144733419214	0.0	0.0
10769	4.395047945703571	0.0	1.7080137951230827	0.0	0.0	0.0	0.0	0.0	0.8881941729649487	1.1562040501993074	0.8812131411039826	0.0	0.7489389237675791	1.547911873778277	0.0	0.0	2.208683724843396	1.283560583793148	1.7224462219919439	0.537938672834903	0.0	1.046337216924806	0.0	0.7700960562809117
10770	2.2643333230766483	0.8469189613963767	0.9065160153243268	0.0	1.4168682377149449	0.0	0.0	0.0	1.8221647850010423	1.267606585254291	0.8972771328856974	0.0	4.477724520655151	0.0	0.0	0.0	1.1014825867388411	1.1608344989150723	0.0	0.0	0.0	1.445619902492466	0.0	0.0
10771	1.3284471057215295	1.0844611357478189	0.0	0.0	0.21601289425255246	1.1371450784819754	0.0	0.0	1.1966304252075488	1.2404311465393743	0.8784104109185004	0.0	0.0	0.0	0.0	0.0	1.4267369023149397	0.7358480406241927	1.0278716173376883	0.0	0.0	0.9102868925800598	0.0	0.0
10772	0.0	0.0	0.0	0.0	0.0	0.0	0.0	0.0	0.0	0.0	0.0	0.0	0.0	0.0	0.0	0.0	0.0	0.0	0.0	0.0	0.0	0.0	0.0	0.0
10773	0.742748502650383	0.0	0.0	0.0	0.0	0.7015573981166646	0.0	0.0	4.044376850471739	0.0	0.0	0.0	0.0	0.0	0.0	0.0	8.754578421435202	0.0	0.0	0.0	0.0	0.0	0.0	0.0
10774	3.284483501749391	0.0	0.0	0.0	0.0	0.0	0.0	0.0	2.0752624949500493	0.0	0.0	0.0	0.6817124168598993	0.0	0.0	0.0	2.900501064854342	0.0	1.2527911335580308	0.0	0.0	0.0	0.0	0.0
10775	4.307835160664744	0.0	0.0	0.0	0.0	0.0	0.0	0.0	2.2205990873890387	0.0	0.0	0.0	0.0	0.0	0.0	0.0	3.3728065547454538	0.0	0.7434435643230314	0.0	0.0	0.0	0.0	0.0
10776	3.4209314995013247	0.0	0.0	0.0	0.0	0.0	0.0	0.0	3.3846251920111143	0.0	0.0	0.0	0.0	0.0	0.0	0.0	3.2497025797975505	0.0	0.0	0.0	0.0	0.0	0.0	0.0
10777	3.917446482628622	0.0	0.0	0.0	0.0	0.0	0.0	0.0	4.504574972037977	0.0	0.0	0.0	0.0	0.0	0.0	0.0	2.0528085170979926	0.0	0.8905501584835559	0.0	0.0	0.0	0.0	0.22453228377144432
10778	1.0499753505108653	0.0	0.0	0.0	0.0	0.0	0.0	0.0	0.9273114507462549	0.0	0.0	0.0	0.0	0.0	0.0	0.0	1.9811155410480858	0.0	0.6272338718823404	0.0	0.0	0.0	0.0	0.0
10779	1.8644525444695406	0.0	0.0	0.0	0.0	0.9205261315681763	0.0	0.0	4.553950541602546	0.0	0.0	0.0	0.0	0.0	0.0	0.0	1.136870313058565	0.0	2.2163909509735196	0.0	0.0	0.0	0.0	0.0
10780	2.310897589049572	0.0	0.941576265970686	0.0	0.0	0.0	0.0	0.0	2.2395438825338037	0.0	0.0	0.0	1.0432595784639722	0.0	0.0	0.0	2.080612004485716	0.0	1.147123501694107	0.0	0.0	0.0	0.0	0.28184667046775963
10781	1.3742587431792337	0.0	0.0	0.0	0.0	0.448830278930404	0.0	0.0	0.9166004960114429	0.0	0.0	0.0	0.0	0.0	0.0	0.0	1.367401765577619	0.0	0.0	0.0	0.0	0.0	0.0	0.0
10782	4.266732784053746	0.0	0.7723269313502469	0.0	0.0	0.0	0.0	0.0	4.348158915434206	0.0	0.0	0.0	0.0	0.0	0.0	0.0	4.611790184236745	0.0	0.8582783153888177	0.0	0.0	0.0	0.0	0.0
10783	2.8517131377435545	0.0	0.0	0.0	0.855997280667521	0.0	0.0	0.0	1.130986400863687	0.0	0.0	0.0	0.0	0.0	0.0	0.0	2.224628934889546	0.0	0.0	0.0	0.0	0.0	0.0	0.0
10784	2.08107551202511	0.0	0.0	0.0	0.9203886146552427	0.0	0.0	0.0	5.173750376191188	0.0	0.0	0.0	0.0	0.0	0.0	0.0	2.2561288025796826	0.0	0.0	0.0	0.0	1.1690733137345402	0.0	0.0
10785	3.654260228831402	0.0	1.0448563371015722	0.0	0.7326872903990833	0.0	0.0	0.0	3.1672205223405245	0.0	0.7060575012078554	0.0	0.0	0.0	0.0	0.0	3.657638382642446	0.0	1.0102853047546438	0.0	0.0	0.0	0.0	0.0
10786	2.183426137252386	0.0	0.0	0.0	0.0	0.0	0.0	0.0	1.8055400854038106	0.0	0.0	0.0	0.40450103585370617	0.0	0.0	0.0	2.179316900399495	0.0	0.4936054019109102	0.0	0.0	0.0	0.0	0.0
10787	1.052048239250125	0.0	0.0	0.0	1.3019605845607605	0.0	0.0	0.0	1.7759932356926698	0.0	0.6248148240821209	0.0	0.3447424330789883	0.0	0.0	0.0	4.602088024451918	0.0	1.2027600462417491	0.0	0.0	0.0	0.0	0.0
10788	1.0279760317239863	0.0	0.7523486230438151	0.0	0.0	0.0	0.0	0.0	3.12121562019346	0.6399520599115264	0.38821548771026143	0.0	0.6058030279945888	0.0	0.0	0.0	2.8994999568891187	0.0	0.0	0.0	0.0	0.0	0.0	0.0
10789	2.976088752538739	0.0	0.0	0.0	0.0	0.0	0.0	0.0	3.2525521613407267	0.0	0.0	0.0	0.0	0.0	0.0	0.0	3.0701028071813856	0.0	0.8543965270166077	0.0	0.0	0.0	0.0	0.0
10790	4.081554555383863	0.0	0.0	0.0	0.0	0.0	0.0	0.0	1.2590892422386526	0.0	0.0	0.0	0.0	0.0	0.0	0.0	3.244351789463259	0.0	1.6143667937125328	0.0	0.0	0.0	0.0	0.0
10791	1.1885868354840208	0.0	0.9982497111627496	0.0	0.0	0.0	0.0	0.0	2.2531114212341405	0.0	0.0	0.0	0.0	0.0	0.0	0.0	1.6132859541087365	0.0	1.0825172420941838	0.0	0.0	0.0	0.0	0.0
10792	2.6421084154005654	0.0	0.74216218804302	0.0	0.0	0.0	0.0	0.0	2.862578648999933	0.0	0.0	0.0	0.0	0.0	0.0	0.0	4.4489134128094046	0.0	1.0337450520737725	0.0	0.0	0.0	0.0	0.0
10793	2.9948952836786273	0.0	0.0	0.0	0.9458885843417992	0.0	0.0	0.0	2.054793034261055	0.46951052749249933	0.0	0.0	0.0	1.1890776057558166	0.0	0.0	4.41205602307963	0.0	0.0	0.0	0.0	0.0	0.0	0.0
10794	3.873725095675209	0.0	0.0	0.0	1.9418829885522124	0.0	0.0	0.0	4.486125120665099	0.0	0.0	0.0	0.0	0.0	0.0	0.0	3.17665726338085	0.0	0.0	0.0	0.0	0.0	0.0	0.0
10795	2.4792837653714654	0.0	0.0	0.0	1.5016629505756391	0.0	0.0	0.0	1.9083210411320004	0.0	0.0	0.0	0.0	1.443451568647821	0.0	0.0	3.1832914656469926	0.0	0.0	0.0	0.0	0.0	0.0	0.0
10796	0.898341551894183	0.0	0.0	0.0	1.4132217512976104	0.0	0.0	0.0	1.4304581652094084	0.0	0.0	0.0	0.0	0.0	0.0	0.0	1.0693093406209844	0.0	0.0	0.0	0.0	0.8810441775080505	0.0	0.0
10797	2.7149868396625454	0.0	0.0	0.0	0.8637760171897129	0.0	0.0	0.0	6.083854664807528	0.0	0.0	0.6341090009664461	0.0	0.0	0.0	0.0	2.293706845652286	0.8637760171897129	0.0	0.0	1.2231614901589045	0.0	0.0	0.0
10798	1.3261892852206585	0.0	0.0	0.0	0.3618375374271867	0.0	0.0	0.0	1.4298753493602594	0.0	0.0	0.0	0.0	0.0	0.0	0.0	1.9609188316702693	0.0	0.0	0.0	0.0	0.0	0.0	0.0
10799	1.6024070435857842	0.0	0.0	0.0	0.4110149099154914	0.0	0.0	0.0	1.004191747377457	1.462345670869617	0.0	0.0	0.5994789404140899	1.7475180812925641	0.0	0.0	0.7152374611626129	0.0	0.0	0.0	0.0	0.0	0.0	0.0
10800	2.0371943347915367	0.0	1.1160601282910063	0.0	0.8220778554861701	0.0	0.0	0.0	4.863874711266587	0.0	0.0	0.0	0.0	0.0	0.0	0.0	1.3879032822957569	0.0	0.0	0.0	0.0	0.0	0.0	0.0
10801	2.376367130794063	0.0	0.9757809372497497	0.0	0.0	0.0	0.0	0.0	2.289820026249775	0.9626262543456602	0.0	0.0	0.0	0.0	0.0	0.0	2.9749387248591637	0.0	0.8685120327558316	0.0	0.0	0.0	0.0	0.0
10802	2.110182882260505	0.0	0.6600583938814303	0.0	0.0	0.0	0.0	0.0	0.7937425522324498	0.0	0.0	0.0	0.0	0.0	0.0	0.0	2.296494913752018	0.0	0.0	0.0	0.0	0.0	0.0	0.0
10803	3.4256053593928697	0.0	0.0	0.0	1.4312131378802682	0.0	0.0	0.0	4.3011744563097025	0.0	0.0	0.0	0.7043359912244737	0.0	0.0	0.0	3.4376143237395542	0.11228004181710426	0.0	0.0	0.0	0.0	0.0	0.0
10804	2.772547774078678	0.0	2.182342978129064	0.0	1.068283038830355	0.0	0.0	0.0	1.867678724654088	0.0	0.0	0.0	0.0	0.0	0.0	0.0	2.4563577524973783	0.0	0.0	0.0	0.0	0.0	0.0	0.0
10805	2.0970125503972383	0.0	0.0	0.0	0.0	0.0	0.0	0.0	2.523100691263684	0.0	0.0	0.0	0.0	0.0	0.0	0.0	2.233495288420773	0.0	0.7440439840686779	0.0	0.0811089318802377	0.0	0.0	0.0
10806	5.910987374809081	0.9032514798088483	2.2354535670845648	1.2081564668369726	0.8423639792879429	0.0	1.573801139143054	0.0	5.341462137475989	2.0849951345280617	2.2301813888235977	0.9216449798684136	1.9016425782634967	2.1965691532395932	0.0	1.6579426561601254	3.8681663628042235	2.3496694970914804	2.0228765666760533	2.3686234698925177	1.0378033868462573	2.210437278426034	1.1510152705439896	2.5878090529055497
10807	1.1068849922343091	1.178974247443142	1.2781890542414462	0.0	0.483956953329396	0.0	0.0	0.0	0.7148569144683888	1.0269991008704396	0.26646935501059654	0.0	1.6466250623592125	1.4423481475807833	0.0	0.2227082128267535	1.041036365167612	0.0	0.6667455574623593	0.0	0.0	0.3794178730891059	0.5478785815953567	0.5707302956287277
10808	1.0888653606707486	0.0	0.0	0.0	0.0	0.0	0.0	0.0	2.348536066101075	2.9952666054209627	0.9522680318230436	0.0	0.2734591967494556	0.0	0.0	0.0	1.2382249659904832	0.0	0.0	0.0	0.0	0.0	0.0	0.0
10809	1.808729639240355	0.0	1.531094571434054	0.0	0.0	0.0	0.0	0.0	2.300402363853477	2.948110924760355	0.0	0.0	0.0	0.0	0.0	0.0	3.1709421883299473	0.49822548991498755	1.1402962255895017	0.0	0.0	0.0	0.0	0.0
10810	2.4659196307645996	0.0	2.147460347694289	0.0	0.0	0.0	0.0	0.0	1.547289224405539	0.0	0.0	0.0	0.0	0.0	0.0	0.0	1.3295153021463666	0.0	0.0	0.0	0.0	0.0	0.0	0.0
10811	1.8074137058515003	0.0	1.000104408328728	0.0	1.5265881679159976	0.0	0.0	0.0	2.350918999234219	0.26826452067057827	0.5412245678362141	0.0	0.0	0.0	0.0	0.0	2.357419231216872	0.0	0.0	0.0	0.0	0.0	0.0	0.0
10812	2.0920171165761063	0.0	0.0	0.0	0.0	0.0	0.0	0.0	2.209815629460997	0.0	0.5911086882851303	0.0	0.0	0.0	0.0	0.0	6.636532717900801	0.0	1.0469561396876665	0.0	0.0	0.0	0.0	0.0
10813	1.1970771696093783	0.0	0.0	0.0	0.0	0.0	0.0	0.0	3.850822907836739	0.0	0.0	0.0	0.7488496487096085	0.0	0.0	0.0	6.812926861615196	0.0	0.0	0.0	0.0	1.2088433625934887	0.0	0.0
10814	1.0811285870646201	0.0	0.0	0.0	0.0	0.0	0.0	0.0	0.9919448217770122	0.0	0.0	0.0	0.3256238378226666	0.0	0.0	0.0	3.4162277800079375	0.0	0.3171727627659276	0.0	0.0	0.0	0.0	0.0
10815	2.2808693968181073	0.0	0.0	0.0	0.0	0.0	0.0	0.0	1.1271952506123308	0.0	0.0	0.0	0.0	0.0	0.0	0.0	1.1252190763676528	0.0	0.42558065203254747	0.0	0.0	0.0	0.0	0.0
10816	3.274241063709706	0.0	0.0	0.0	0.9837603124744039	0.0	0.0	0.0	1.2007528355893984	0.0	0.0	0.0	0.0	0.0	0.0	0.0	2.9229099047364877	0.7257814487668419	0.0	0.0	0.0	0.0	0.0	0.0
10817	4.290426211919057	0.0	0.0	0.0	0.5763480982046192	0.0	0.0	0.0	5.353221812252472	0.0	0.0	0.0	1.7134549410081676	0.0	0.0	0.0	3.10050900188922	0.0	0.0	0.0	0.0	0.0	0.0	0.0
10818	5.284358450175861	0.0	0.0	0.0	0.0	0.0	0.0	0.0	3.045850146032737	0.0	0.0	0.0	0.0	0.0	0.0	0.0	3.3823399238141687	0.0	0.0	0.0	0.0	0.0	0.0	0.0
10819	3.424160409182456	0.0	0.0	0.0	1.3827870987295487	0.0	0.0	0.0	2.113916150904656	0.8145459835738214	0.6108566664434875	0.0	0.0	0.0	0.0	0.0	5.61682632076013	0.0	0.0	0.0	0.0	0.0	0.0	0.0
10820	1.5106752058580044	0.0	0.0	0.0	0.9480297097551916	0.0	0.0	0.0	1.0551809300897061	0.0	0.0	0.0	0.0	0.0	0.0	0.0	1.4286894874475913	0.0	0.0	0.0	0.0	0.0	0.0	0.0
10821	1.4237421269780435	0.0	0.0	0.0	0.0	0.0	0.0	0.0	1.653678144255006	0.0	0.0	0.0	1.3902659839659604	0.0	0.0	0.0	2.2684361285114027	0.0	0.0	0.0	0.0	0.0	0.0	0.0
10822	2.2208455437872736	0.0	0.8965968741952297	0.0	1.3941316241923343	0.0	0.0	0.0	2.0380962901037307	0.0	0.8520415392130323	0.0	0.0	1.1569954375661458	0.0	0.0	3.1173756821832543	0.0	0.9318305326085532	0.0	0.0	1.1916921626208794	0.0	0.0
10823	1.874016824410001	0.0	1.8546032395150083	0.0	0.0	0.0	0.0	0.0	3.5265362688166393	0.0	0.8477632286806074	0.0	0.0	0.0	0.0	0.0	2.022014259758488	0.0	0.0	0.0	0.0	0.0	0.0	0.0
10824	1.021468535298922	0.0	1.4046134653250646	0.0	0.9082445726855104	0.0	0.0	0.0	1.184786403054018	0.0	0.49442340589881917	0.0	0.0	0.0	0.0	0.0	1.0811881355029749	0.0	0.0	0.0	0.0	0.0	0.0	0.0
10825	2.0329454690900586	0.0	0.0	0.0	0.0	0.0	0.0	0.0	5.285598721953561	0.0	0.0	0.0	0.0	0.0	0.0	0.0	2.035029249605384	0.0	1.0876297222097626	0.0	0.0	0.0	0.0	0.0
10826	3.9101615503570324	0.17053862086255483	0.0	0.0	0.0	0.0	0.0	0.0	2.035912774877675	0.0	0.0	0.0	0.0	0.0	0.0	0.0	3.3433023024584183	0.0	0.0	0.0	0.0	0.0	0.0	0.0
10827	1.749932373068771	0.0	0.0	0.0	0.0	0.0	0.0	0.0	1.4877196969726567	0.0	0.0	0.0	0.0	0.0	0.0	0.0	2.863620972580652	0.0	0.0	0.0	0.0	0.0	0.0	0.0
10828	1.075470037922552	0.0	0.0	0.0	0.0	0.0	0.0	0.0	1.3548609331396888	0.0	0.0	0.0	0.0	0.0	0.0	0.0	1.38007187085603	0.0	1.3437096247164249	0.0	0.0	0.0	0.0	0.0
10829	0.48853013632887476	0.0	1.3702561948604632	0.0	0.0	0.0	0.0	0.0	2.378677378869348	0.0	0.0	0.0	0.0	0.0	0.0	0.0	1.9327182929749485	0.0	1.3374666756549167	0.0	0.0	0.0	0.0	0.0
10830	2.168429001094171	0.0	0.0	0.0	0.0	0.0	0.0	0.0	2.0504595950935833	0.0	0.0	0.0	0.0	0.0	0.0	0.0	3.444449231653287	0.0	0.0	0.0	0.0	0.0	0.0	0.0
10831	1.8732538061474697	0.0	0.0	0.0	0.8916091655958357	0.0	0.0	0.0	4.600270147436627	0.0	0.0	0.0	0.0	0.0	0.0	0.0	1.160512686820211	0.0	0.0	0.0	0.0	1.635907049904525	0.0	0.0
10832	1.7818492364642828	0.0	0.0	0.0	0.0	0.3900350462765733	0.0	0.0	1.9164129092340878	0.0	0.0	0.7939573780943678	1.0881380065642592	0.0	0.0	0.0	3.1910777042034955	0.0	0.0	0.0	0.0	0.0	0.0	0.0
10833	2.233016007116561	0.0	0.0	0.0	0.0	0.0	0.0	0.0	3.010756235245956	0.0	0.0	0.0	0.0	0.0	0.0	0.0	3.3799177095112958	0.0	0.0	0.0	0.0	0.0	0.0	0.0
10834	2.7834406365032502	0.0	0.0	0.0	0.0	1.2929597621319353	0.0	0.0	2.5932435113700296	0.0	0.0	0.0	1.214834323523492	0.2406426910234982	0.0	0.0	3.168520058732614	0.0	0.0	0.0	0.0	0.0	0.0	0.0
10835	3.109255295294097	0.0	0.0	0.0	0.9066646463047208	0.0	0.0	0.0	3.3156270649090396	0.0	0.0	0.0	0.21977706654517587	0.0	0.0	0.0	3.1301274767866976	0.0	0.0	0.0	0.0	0.0	0.0	0.0
10836	5.151544965089963	0.0	0.0	0.0	0.9401135312350517	0.0	0.0	0.0	2.1235034731122	0.0	0.0	0.0	1.0667679710954496	0.0	0.0	0.0	3.3917875460623295	0.0	0.8269427542046207	0.0	0.0	0.0	0.0	0.0
10837	1.090342335779882	0.0	0.0	0.0	0.0	0.0	0.0	0.0	1.1569836261205735	0.0	0.0	0.0	1.7948399976833451	0.0	0.0	0.0	2.3632621137216487	0.0	0.0	0.17707955091578959	0.0	0.0	0.0	0.0
10838	2.8903668355240426	0.4696885022040973	0.0	0.0	0.4400124889763794	0.0	0.0	0.0	2.019514185682498	0.0	0.7418061706910228	0.0	0.0	0.0	0.0	0.0	1.8495297909123531	0.0	0.9550175592842334	0.0	0.0	0.0	0.0	0.0
10839	2.3244517916791927	0.0	0.0	0.0	0.0	0.0	0.0	0.0	2.2766188325948726	0.9224935417688064	0.0	0.0	0.0	0.0	0.0	0.0	2.9969815136133717	0.0	0.0	0.0	0.0	0.0	0.0	0.0
10840	2.1892985272542838	0.0	0.0	0.0	0.9098815609879715	0.0	0.0	0.0	1.7738253143107074	0.0	0.25694187503076976	0.0	0.8092024019235831	0.0	0.0	0.0	3.5103820071391043	0.0	0.0	0.0	0.0	0.0	0.0	0.0
10841	2.257965174987421	0.0	0.0	0.0	0.0	0.0	0.0	0.0	3.273060008075472	0.0	0.0	0.0	0.0	0.0	0.0	0.0	2.845171173784331	0.0	0.8922373052887956	0.0	0.0	0.44227458043425444	0.0	0.533837201739306
10842	3.094507465541751	0.0	0.0	0.0	1.4389222014780365	0.0	0.0	0.0	2.312613019990359	0.0	0.0	0.0	0.0	0.0	0.0	0.0	1.8580752810368044	0.0	0.0	0.0	0.0	0.0	0.0	0.0
10843	1.2639488023014627	0.0	0.0	0.0	0.0	0.0	0.0	0.0	2.735451008713394	0.0	0.0	0.0	0.0	0.0	0.0	0.0	2.185866186646448	0.0	1.6606148003926227	0.0	0.0	0.0	0.0	0.0
10844	1.224632964875933	0.0	0.0	0.0	0.0	0.0	0.0	0.0	4.607093296426208	0.0	0.0	0.0	0.7625393366262845	0.0	0.0	0.0	3.675625452804439	0.0	0.0	0.0	0.0	0.0	0.0	0.0
10845	1.1829591108292972	0.0	0.0	0.0	0.0	0.0	0.0	0.0	1.28564869306645	0.0	0.0	0.0	0.48379515211426455	0.0	0.0	0.0	1.0643013635609289	0.0	0.0	0.0	0.0	0.8907235428302466	0.0	0.0
10846	0.9956969116187454	0.0	1.0497174097671138	0.0	0.0	0.0	0.0	0.0	2.0018708795714146	0.0	1.0131897266345617	0.0	0.4213250442347431	0.0	0.0	0.0	0.973008748948632	0.0	1.0559545568995559	0.0	0.0	0.0	0.0	0.0
10847	2.699971064659768	0.0	0.7638292077380584	0.0	0.0	0.0	0.0	0.0	3.2182853881910085	0.0	0.6698279134178793	0.0	0.0	0.0	0.0	0.0	2.9742913999184624	0.0	0.474587494494488	0.0	0.0	0.0	0.0	0.0
10848	3.515511019927688	0.0	0.0	0.0	0.0	0.0	0.0	0.0	1.7325037515992736	0.0	0.48081232491124054	0.0	0.9442991299648443	0.0	0.0	0.0	2.134245124670204	0.0	0.0	0.0	0.0	0.27254015279256655	0.0	0.0
10849	0.0	0.0	0.0	0.0	0.0	0.0	0.0	0.0	1.1507662831994832	0.0	0.0	0.0	0.0	0.0	0.0	0.0	2.4405560381827343	0.0	0.0	0.0	0.0	0.0	0.0	0.0
10850	2.162979183845979	0.0	0.0	0.0	0.0	0.0	0.0	0.0	2.0361619096513586	0.0	0.0	0.0	0.0	0.0	0.0	0.0	4.428724796719169	0.0	0.0	0.0	0.0	0.0	0.0	0.0
10851	3.0253120789711097	0.0	0.0	0.0	0.0	0.0	0.0	0.0	3.9763755360746287	0.0	0.0	0.0	0.0	1.2110501274366068	0.0	0.0	2.0185074511793473	0.0	0.3932513210548297	0.0	1.0944440618035307	0.0	0.0	0.0
10852	3.1628095837402688	0.45477731434665375	0.0	0.0	1.4168845814324327	0.0	0.0	0.0	4.1268425625298155	0.0	0.0	0.0	0.6375418140320823	0.0	0.0	0.0	4.403336278490714	0.0	0.8292016897279327	0.0	0.0	0.0	0.0	0.0
10853	2.362286632560205	0.0	1.1063591574538858	0.0	0.0	0.0	0.0	0.0	2.3190898576547294	0.5220956759389912	0.0	0.0	0.0	0.0	0.0	0.0	2.117038363712183	0.0	0.7453559924999298	0.0	0.0	1.101335981125398	0.0	0.0
10854	2.188871341249561	0.0	1.0274114102995773	0.0	0.0	0.0	0.0	0.0	2.2216496915218262	0.0	0.0	0.6229174930928291	0.6207370857221441	0.0	0.0	0.0	4.216340211224179	0.0	0.0	0.0	0.0	0.0	0.0	0.0
10855	4.318993477758583	0.38393843884075973	0.5976362580023832	0.0	1.3044202402027596	0.0	0.0	0.0	3.357225171089889	0.0	0.0	0.2968732997805159	0.0	0.0	0.0	0.0	4.232549007590617	0.0	0.0	0.0	0.0	0.0	0.0	0.0
10856	4.141611612543867	0.0	0.0	0.0	0.0	0.0	0.0	0.0	3.113013701414301	0.0	0.0	0.0	0.0	0.9414976306252406	0.0	0.0	2.3621848690083302	0.0	0.8927704793188889	0.0	0.0	0.0	0.0	0.0
10857	3.084839159322393	0.0	0.0	0.0	0.5270005241640048	0.0	0.0	0.0	2.0772256688970554	0.0	0.0	0.0	0.0	0.0	0.0	0.0	3.021160767609467	0.0	0.9972971311187926	0.0	0.0	0.0	0.0	0.0
10858	2.3313008500778003	0.0	0.8244204211037355	0.0	0.6972459962428585	0.0	0.0	0.0	5.519731936140445	0.0	0.0	0.0	0.0	0.0	0.0	0.0	2.6245030189238605	0.0	0.0	0.0	0.0	1.072041298949151	0.0	0.0
10859	4.414720275774942	0.0	0.784383796795545	0.0	0.5791198181911864	0.0	0.0	0.0	1.8831087577245536	0.0	0.0	0.0	0.0	0.0	0.0	0.0	3.126310872687014	0.0	0.7543483965001145	0.0	0.0	0.0	0.0	0.0
10860	3.197857366636018	0.0	0.0	0.0	0.0	0.0	0.0	0.0	2.819632464941178	0.0	0.0	0.0	0.0	0.0	0.0	0.0	2.651785832927293	0.0	0.0	0.0	0.0	0.3975488060037495	0.0	0.0
10861	3.8570528368582204	0.0	0.6694499722205705	0.0	0.9873692111787127	0.0	0.0	0.0	3.5360921513967094	0.0	0.06169194186933959	0.0	1.3786858246803742	1.378738455215911	0.0	0.0	5.594271275809779	0.0	0.0	0.0	0.0	0.0	0.0	0.0
10862	1.2002690423313878	0.0	1.3872610055880636	0.0	1.4788774680275947	0.9990016390711546	0.0	0.0	2.1870219006034115	0.0	0.0	0.0	0.0	0.0	0.0	0.0	1.8180974683386761	0.0	0.9408128440233191	0.0	0.0	0.0	0.0	0.0
10863	2.1631791290818843	0.0	0.0	0.0	1.0879383606359367	0.0	0.0	0.0	1.0046951303091154	0.0	0.0	0.0	0.0	0.0	0.0	0.0	2.493356653165312	0.0	0.7623906519448147	0.0	0.0	0.7344234322090886	0.0	0.0
10864	3.50363081474382	0.0	0.0	0.0	0.0	0.0	0.0	0.0	2.854606229044812	0.0	0.0	0.0	0.9353362299803599	0.0	0.0	0.0	1.9554768438597243	0.0	0.803911808566643	0.0	0.0	0.0	0.0	0.0
10865	3.31247327722208	0.0	0.0	0.0	0.0	0.0	0.0	0.0	2.7948406422372183	0.0	0.0	0.0	1.2060998066540232	0.8806316375325185	0.0	0.0	3.141914533775224	0.0	0.9319501997260156	0.0	0.0	0.0	0.0	0.0
10866	1.9516406734005758	0.0	0.0	0.0	0.0	0.0	0.0	0.0	2.0006864205143255	0.0	1.4320546208314628	0.0	0.0	0.0	0.0	0.0	5.552770154308612	0.0	3.4365699059139363	0.0	0.0	0.0	0.0	0.0
10867	6.904630058759274	0.0	0.853077425851854	0.0	0.0	0.0	0.0	0.0	3.1113901152908703	0.0	0.0	0.0	0.7760947578888708	0.0	0.0	0.0	4.241860904546259	0.0	1.0081051513623047	0.0	0.0	0.9785155206650761	0.0	0.0
10868	3.518175546417452	0.0	0.0	0.0	0.6683972850705809	0.0	0.0	0.0	3.3779784530611803	0.0	0.0	0.0	0.0	0.0	0.0	0.0	2.999921978007467	0.0	0.0	0.0	0.0	0.0	0.0	0.0
10869	2.0525593429944298	0.0	0.5622171906322464	0.0	0.0	0.0	0.0	0.0	2.099698925508382	0.0	0.0	0.8209957827312566	0.0	0.0	0.0	0.0	3.5606809778255712	0.0	0.0	0.0	0.0	0.0	0.0	0.0
10870	1.9585437047237042	0.0	0.0	0.0	0.0	0.0	0.0	0.0	3.754215737337045	0.0	0.0	0.0	0.0	0.0	0.0	0.0	3.423316713719086	0.0	1.1613411000496743	0.0	0.0	0.0	0.0	0.0
10871	1.9241816552486193	0.0	0.0	0.0	1.6740667984556679	0.0	0.0	0.0	3.019710540750748	0.0	0.0	0.0	0.0	0.0	0.0	0.0	1.9384615384615387	0.0	0.6346784795949344	0.0	0.0	0.0	0.0	0.0
10872	2.276994478446376	0.0	0.49992213926642587	0.0	0.0	0.0	0.0	0.0	3.3606419216408407	0.31168220406930247	0.0	0.0	0.0	0.0	0.0	0.0	4.253799319064704	0.0	0.0	0.0	0.0	0.0	0.0	0.0
10873	0.9572479987644508	0.0	0.0	0.0	0.0	0.0	0.0	0.0	2.6175937389456276	0.0	0.0	0.0	0.34775391390534816	0.0	0.0	0.0	2.2757055460193962	0.0	0.0	0.0	0.0	0.0	0.0	0.0
10874	2.281042583155176	0.0	0.8819059685821229	0.0	0.0	0.0	0.0	0.0	2.343619598012473	0.0	0.0	0.0	0.0	0.0	0.0	0.0	3.2383725521785784	0.0	1.696919644107992	0.0	0.0	0.0	0.0	0.0
10875	2.057848951132635	0.0	0.0	0.0	0.8216581996347136	0.0	0.0	0.0	1.3230394337755809	0.0	0.0	0.0	0.0	0.0	0.0	0.0	4.0972727238668725	0.0	0.8042294973476987	0.0	0.0	0.0	0.0	0.0
10876	2.7373458309340117	0.0	0.0	0.0	0.0	0.0	0.0	0.0	1.1723391599330435	0.0	0.0	0.0	0.0	0.0	0.0	0.0	4.241361727742112	0.0	0.9033118078616167	0.0	0.0	0.0	0.0	0.0
10877	2.2722237861442784	0.0	0.9994747420245949	0.0	0.0	0.0	0.0	0.0	1.08114801334531	0.0	0.0	0.0	0.881613260457832	0.0	0.0	0.0	1.5868427688612614	0.0	0.8876824374399714	0.0	0.0	0.0	0.0	0.0
10878	3.2483461840704084	0.0	0.572832448984662	0.0	0.0	0.0	0.0	0.0	2.301643508205172	0.0	0.9435192196652591	0.0	0.0	0.0	0.0	0.0	8.16246406717485	0.0	0.8083294688310576	0.0	0.0	0.0	0.0	0.0
10879	2.1252444914320763	0.0	0.0	0.0	0.0	0.023642574259338092	0.0	0.0	2.137870503324014	0.0	0.2610533128207505	0.0	0.0	1.2167914592442706	0.0	0.0	3.0157861144703606	0.0	0.577156007201779	0.0	0.0	0.0	0.0	0.0
10880	2.2525895123832647	0.0	0.0	0.0	0.0	0.0	0.0	0.0	1.1559212110493717	0.0	0.0	0.0	0.0	0.0	0.0	0.0	2.7316052842139578	0.0	0.36726721073577023	0.0	0.0	0.0	0.0	0.0
10881	3.501302552674561	0.0	2.3444663444383766	0.0	0.8308242425925959	0.542503485637685	0.0	0.0	1.9993062532916233	0.0	0.0	0.0	0.0	0.0	0.0	0.0	1.9067174439503782	0.0	0.9328748733631932	0.0	0.965993332165427	0.0	0.0	0.0
10882	3.0923293753956833	0.0	0.0	0.0	0.6896425782838959	0.0	0.0	0.0	4.517546847084255	0.0	0.0	0.3130858061562883	0.0	0.0	0.0	0.0	3.6805230986783224	0.24027521345026628	0.0	0.0	0.0	0.0	0.0	0.0
10883	3.3088628597561254	0.0	0.7892389044045302	0.0	0.0	0.0	0.0	0.0	4.115779336554756	0.0	0.0	0.0	0.0	0.0	0.0	0.0	2.1271653213252004	0.0	0.0	0.0	0.0	0.7977062533773863	0.0	0.0
10884	1.396728802042738	0.0	1.2894566346715244	0.0	0.0	0.0	0.0	0.0	1.0903057610112545	0.0	0.0	0.0	0.0	0.0	0.0	0.0	1.1597338655436813	0.0	0.497727260961116	0.0	0.0	0.0	0.0	0.0
10885	2.3040766810636737	0.0	1.6403753564285315	0.0	0.0	0.0	0.0	0.0	3.0228238345405987	0.0	0.0	0.0	0.9303832955595565	0.0	0.0	0.0	3.934839093889015	0.8404783873058659	0.0	0.0	0.0	0.9616745281137964	0.0	0.0
10886	1.3214552224172562	0.0	0.8813506774176664	0.0	0.0	0.0	0.0	0.0	3.4764011653138915	0.0	0.0	0.938324570900593	0.0	1.247662406248945	0.0	0.5460738570604706	1.9228444303907037	0.0	1.4702075299651407	0.0	0.0	0.0	0.0	1.2200187137165572
10887	3.0126735852571205	0.0	0.9125622612317619	0.0	0.0	0.0	0.0	0.0	2.9918635726000344	0.0	0.0	0.0	0.0	0.0	0.0	0.0	2.10949698902124	0.0	0.0	0.0	0.0	0.8484305177410484	0.0	0.0
10888	3.2904177910337977	0.0	0.7464862721358138	0.0	1.219599236615101	0.0	0.0	0.0	3.3131545229224213	0.0	0.0	0.0	0.8236976381645569	0.7818169314129835	0.0	0.0	3.244612292377437	0.0	0.0	0.0	0.0	0.0	0.0	0.0
10889	1.993047746919434	0.0	0.4522775859167387	0.0	0.0	0.0	0.0	0.0	1.9099226142514756	0.0	0.0	0.0	0.0	0.0	0.0	0.0	1.947322086491909	0.0	1.473316945108535	0.0	0.0	0.0	0.0	0.0
10890	1.2586122052465532	0.0	0.8887803753208976	0.0	0.9435532298088111	0.0	0.0	0.0	3.3537096932497334	0.0	0.0	0.0	1.152981373733801	0.0	0.0	0.0	8.382591640458044	0.0	2.3818432113246524	0.0	0.0	0.29507633119692755	0.0	0.0
10891	3.3116542613782136	0.0	1.2273410017559694	0.0	0.0	0.0	0.0	0.0	3.939881132135517	0.0	0.0	0.0	0.9244805547346704	0.0	0.0	0.0	2.40541188654843	0.0	0.0	0.0	0.0	0.0	0.0	0.0
10892	1.9730735632136676	0.0	0.0	0.0	0.0	0.0	0.0	0.0	2.0567091723734863	0.0	0.0	0.0	0.0	0.0	0.0	0.0	3.9725268715280646	0.0	0.0	0.0	0.0	0.0	0.0	0.0
10893	1.8629332081969325	0.0	0.0	0.0	0.0	0.0	0.0	0.0	3.1441729837449848	0.0	0.0	0.0	0.7853726726478983	0.0	0.0	0.0	3.5347826083993708	0.0	0.0	0.0	0.0	0.0	0.0	0.0
10894	3.1379092730949334	0.0	0.0	0.0	0.0	0.0	0.0	0.0	1.9344212910512268	0.0	0.0	0.0	0.0	0.0	0.0	0.0	3.210981527869319	0.0	0.8077699178555138	0.0	0.0	0.0	0.0	0.0
10895	0.9209085526577959	0.0	0.0	0.0	0.0	0.0	0.0	0.0	2.646777682157198	0.0	0.0	0.0	0.8874038195527406	0.0	0.0	0.0	4.928460597077839	0.0	0.0	0.0	0.0	0.0	0.0	0.0
10896	3.196399879906882	0.0	0.0	0.0	0.0	0.0	0.0	0.0	2.9313819657084563	0.0	0.0	0.0	0.0	0.0	0.0	0.0	1.7498558187433184	0.0	0.0	0.0	0.3412493268394696	0.0	0.0	0.0
10897	1.9669485444420833	0.0	0.0	0.0	0.0	0.0	0.0	0.0	4.19019084340487	0.0	0.8758370954700757	0.0	0.196430354630071	0.0	0.0	0.0	2.843238294517349	0.0	0.5033047914806038	0.0	0.0	0.0	0.0	0.0
10898	3.3854689230566635	0.0	0.0	0.0	0.0	0.0	0.0	0.0	3.128345629105137	0.0	0.0	0.0	0.0	0.0	0.0	0.0	5.42002111589692	0.0	0.0	0.0	0.0	0.0	0.0	0.0
10899	2.8167874630391796	0.0	0.0	0.0	1.581638856148407	0.0	0.0	0.0	3.5600698167063727	0.0	1.9673386555377037	0.0	1.118783770343128	0.0	0.0	0.0	3.9178911529246663	0.0	1.0639527525444796	0.0	0.0	0.0	0.0	0.45510627580075996
10900	2.8676443587868783	0.0	0.0	0.0	0.0	0.0	0.0	0.0	2.7382188443456728	0.10828401373315735	0.0	0.0	0.0	0.0	0.0	0.0	3.2596757848323237	0.0	1.1959018561364194	0.0	0.0	0.0	0.0	0.0
10901	3.5056659362137648	0.0	0.8505866224468153	0.0	0.0	0.0	0.0	0.0	3.113313239254483	0.0	0.0	0.0	2.042181915928656	0.1827200478278133	0.0	0.0	1.9486956048448816	0.0	1.3026679022358811	0.0	0.7138126548062191	0.0	0.0	0.0
10902	4.164896318118798	0.0	0.85458794562535	0.0	0.0	0.4831290534394704	0.0	0.0	0.0	0.0	0.0	0.0	0.0	0.0	0.0	0.0	4.823628282440774	0.0	0.0	0.0	0.0	0.0	0.0	0.0
10903	2.0085693019588766	0.0	0.0	0.0	0.0	0.0	0.0	0.0	0.8081220356417685	0.0	0.0	0.0	0.0	0.0	0.0	0.0	1.2792722965859697	0.0	1.0206539866974285	0.0	0.0	0.9014198300817635	0.0	0.0
10904	3.1784108010677627	0.0	0.0	0.0	0.6792083332537169	0.0	0.0	0.0	2.9016052926044966	0.0	0.0	0.0	0.0	0.0	0.0	0.0	4.652886794114314	0.0	0.9038624301093339	0.0	0.0	0.0	0.0	0.0
10905	7.72882033752987	0.0	0.44327670284159315	0.0	0.0	0.0	0.0	0.0	2.902127314757085	0.0	0.0	0.0	0.6158667948419356	0.0	0.0	0.0	3.2478931421969643	0.0	0.0	0.0	1.0753776537827444	0.0	0.0	0.0
10906	1.1345175635664775	0.0	1.6584675623677236	0.0	0.0	0.0	0.0	0.0	0.9902171560950591	0.0	0.0	0.0	0.0	0.7240295287552259	0.0	0.0	2.1507872440312	0.0	0.0	0.0	0.0	0.6833835218509859	0.0	0.0
10907	2.5873538606073967	0.0	0.0	0.0	0.0	0.0	0.0	0.0	3.453008356919192	0.0	0.0	0.0	0.0	0.0	0.0	0.0	1.3793267385607577	0.0	0.0	0.0	0.0	1.2389042420341585	0.0	0.0
10908	1.9584897172250333	0.0	1.225673150685801	0.0	0.850370854223718	0.0	0.0	0.0	4.15808209290425	1.1801214014253143	0.0	0.0	0.0	0.0	0.0	0.0	3.015466140167892	0.0	0.0	0.0	0.0	0.2578051058771889	0.0	0.0
10909	0.9850246108334966	0.0	0.42295258468165065	0.0	0.0	0.0	0.0	0.0	1.2319687145298157	1.25786415094088	0.0	0.0	0.0	0.8459051693633013	0.0	0.0	1.6880317838106629	0.0	0.0	0.0	0.0	0.0	0.0	0.0
10910	1.1180932328760156	0.0	0.9072451823303764	0.0	0.0	0.0	0.0	0.0	3.1881654745277137	0.0	0.0	0.0	0.0	0.0	0.0	0.0	1.106850799932248	0.0	0.0	0.0	0.0	0.0	0.0	0.0
10911	0.8590110593001701	0.0	0.0	0.0	0.9247390617980078	0.0	0.0	0.0	2.0317724216933644	0.0	0.0	0.0	0.0	0.0	0.0	0.0	1.2971010004422308	0.0	0.0	0.0	0.0	0.0	0.0	0.0
10912	3.110823535924177	0.0	0.0	0.0	0.6786354877130171	0.0	0.0	0.0	2.296105327926933	0.4529917777171713	0.0	0.0	0.0	0.0	0.0	0.0	3.4598308137787903	0.5857789236590862	1.259775234548462	0.0	0.0	0.0	0.0	0.0
10913	3.2195852516287	0.0	1.1256458015506523	0.0	0.0	0.0	0.0	0.0	4.091068777972696	0.0	0.0	0.0	1.284336064398355	0.0	0.0	0.0	2.07432922992844	0.0	1.541537956615912	0.0	0.0	0.0	0.0	0.0
10914	3.186450786187073	0.0	1.0562132868446468	0.0	0.0	0.0	0.0	0.0	2.901722477768691	0.0	0.0	0.0	0.0	0.0	0.0	0.0	3.9051821599041934	0.0	0.9226320222023453	0.0	0.0	0.0	0.0	0.0
10915	3.155407615859197	0.0	0.0	0.0	0.0	0.0	0.0	0.0	1.3025786095090834	0.0	0.0	1.4958719489037644	0.0	0.0	0.0	0.0	3.2800571641360152	0.0	0.0	0.0	0.0	0.0	0.0	0.0
10916	1.3217031786731201	0.0	0.0	0.0	0.0	0.0	0.0	0.0	4.128572137730764	0.0	0.0	0.0	0.0	0.0	0.0	0.0	4.1126020763365565	0.0	0.9972966799775583	0.0	0.0	0.0	0.0	0.0
10917	5.752248255862915	0.0	0.0	0.0	0.6642872447939548	0.0	0.0	0.0	4.240666352644506	0.0	0.0	0.0	0.0	0.0	0.0	0.0	4.013362974731211	0.0	0.0	0.0	0.0	0.0	0.0	0.0
10918	2.348717925415234	0.0	0.0	0.0	0.0	0.0	0.0	0.0	0.5194376920232854	0.0	0.0	0.0	0.0	1.8778259756452418	0.0	0.0	0.983930630897335	0.0	0.0	0.0	0.0	0.0	0.0	0.0
10919	1.9651123925086422	0.0	0.8787808054572763	0.0	0.7193361609001507	0.0	0.0	0.0	1.015940995265037	0.0	0.0	0.8687065449437197	0.9292683982679324	0.9896642715519971	0.0	0.0	3.232139882226218	0.0	0.7259837039421567	0.0	0.0	0.0	0.0	0.49461144640471877
10920	1.2860535314656678	0.0	0.0	0.0	0.0	0.0	0.0	0.0	3.0764753479373255	0.0	0.0	0.0	1.2931424066786372	0.0	0.0	0.0	2.0	0.0	0.0	0.0	0.0	0.3537733109712427	0.0	0.0
10921	0.8958772225236382	0.0	0.0	0.0	0.0	0.0	0.0	0.0	1.8307543051123214	0.0	0.0	0.0	0.0	0.0	0.0	0.0	1.0359466460431328	0.0	1.0889661802331132	0.0	0.0	0.4935444657678128	0.0	0.0
10922	2.2521458664969254	0.7478026550449742	1.1383493936335156	0.0	0.0	0.0	0.0	0.0	1.3403233727575479	0.9268610292833367	1.102571539629062	0.431544895505737	0.0	2.7308431548318945	1.107277961925362	4.052567619590258	2.943866943866944	3.574081607399151	0.0	3.407290957672639	0.0	2.146265918046777	0.0	1.833054763724501
10923	1.1674595126217715	0.0	1.1409158519474574	0.0	0.0	0.0	0.0	0.0	4.4561295586276275	0.0	0.0	0.0	0.0	0.0	0.0	0.0	3.7647728919112837	0.0	0.0	0.0	0.0	0.0	0.0	0.0
10924	0.9425216747842019	0.0	0.9927133513657395	1.28135603102218	0.0	1.0187351941382714	0.0	0.0	1.7764850255515627	3.6441441383920874	1.3940217366983598	0.6722817935340473	1.2324991594906212	1.5493859680110715	0.0	1.6901241797227144	1.0302852048368865	0.45956820873039694	0.0	0.7940662825498398	2.0	0.7633190682801	0.0	0.7558781562884265
10925	0.0	0.0	0.0	0.0	0.0	0.0	0.0	0.0	2.0544368519849296	0.0	0.0	0.0	0.0	0.0	0.0	0.0	7.908262595788699	0.0	0.0	0.0	0.0	0.0	0.0	0.0
10926	1.3920180005299363	0.0	1.1664493265482965	0.0	0.0	0.0	0.0	0.0	2.0473295545485173	0.0	0.0	0.0	0.8617072458377805	0.9708036864146697	0.0	0.0	0.9445869237200739	0.0	0.7592942709574932	0.0	0.0	0.0	0.0	0.0
10927	4.005996876426254	0.0	0.0	0.0	0.0	0.0	0.0	0.0	2.041591448018705	0.0	0.0	0.0	0.0	0.0	0.0	0.0	2.164181825137995	0.5664820565904602	0.0	0.0	0.0	0.23782962109335787	0.0	0.0
10928	3.0272833042436336	0.0	2.0112743145617618	0.0	0.0	0.0	0.0	0.0	2.128341484314432	0.0	0.0	0.0	0.0	0.0	0.0	0.0	1.992715062847336	0.0	1.2889299999792239	0.0	0.14524883467914088	0.0	0.0	0.0
10929	0.9544429874047854	0.0	0.0	0.0	0.0	0.0	0.0	0.0	3.843522411651955	0.0	0.0	0.0	0.0	0.0	0.0	0.0	2.081553464692012	0.0	0.8478209331148452	0.0	0.0	0.0	0.0	0.0
10930	1.1972238452383828	0.0	0.0	0.0	0.0	0.0	0.0	0.0	1.1817025892727353	0.9762964800032459	0.0	0.0	0.0	0.0	0.0	0.0	4.4459272199557205	0.0	0.4403473823863556	0.0	0.0	0.30232504180404235	0.0	0.0
10931	1.104971853988525	0.0	0.0	0.0	0.0	0.0	0.0	0.0	3.005725626558842	0.0	1.5483709576274727	0.0	0.0	0.0	0.0	0.0	5.509031725396658	0.0	0.0	0.0	0.9077665859134578	0.0	0.0	0.0
10932	2.3221384576545607	0.0	0.4250104473264975	0.0	0.0	0.0	0.0	0.0	6.746323171873711	0.0	0.0	0.0	0.0	0.0	0.0	0.0	2.1376057218818962	0.0	0.0	0.0	0.0	0.0	0.0	0.0
10933	1.254500759633565	0.0	1.0148672600668305	0.0	0.3838076775330756	0.0	0.0	0.0	2.2097411613127904	0.0	0.0	0.0	0.0	0.7269724127426631	0.0	0.0	3.3603630184908404	1.2175921137866965	0.4653284383696697	0.0	0.0	0.7155339886328873	0.0	0.0
10934	2.3159385302734083	0.0	0.0	0.0	0.0	0.0	0.0	0.0	3.4984629244804504	0.0	0.0	0.0	0.9438631034738048	0.0	0.0	0.0	4.99855223101945	0.0	2.239557801603291	0.0	0.4717722788920496	0.0	0.0	0.0
10935	1.5274326477070908	0.0	0.8007033245245345	0.0	0.8308583283910397	0.0	0.0	0.0	7.0408951041906445	0.0	0.0	0.0	0.14098998848713404	0.7580693814853345	0.0	0.0	3.2127969063264374	0.0	0.0	0.0	0.0	0.0	0.0	0.0
10936	2.077139241402483	0.0	0.0	0.0	0.0	0.0	0.0	0.0	2.305364210077414	0.0	0.0	0.0	0.0	0.7366018191998185	0.0	0.0	4.431502633373571	0.0	0.0	0.0	0.0	0.0	0.0	0.0
10937	0.8078621926504852	0.0	0.0	0.0	0.0	0.0	0.0	0.0	2.620138821032943	0.0	0.0	0.0	0.0	0.0	0.0	0.0	1.1297257299885552	0.0	0.7646511348482334	0.0	0.0	0.0	0.0	0.0
10938	2.2286610319997493	0.0	0.0	0.0	1.6132285675585203	0.0	0.0	0.0	2.056406935812887	0.0	0.0	0.0	0.0	0.0	0.0	0.0	1.2910373900123775	0.0	0.8044568679585044	0.0	0.0	0.0	0.0	0.0
10939	3.1465542748208826	0.0	0.0	0.0	0.0	0.0	0.0	0.0	2.8397760061928543	0.0	0.0	0.0	0.0	0.0	0.0	0.0	4.361561656504231	0.0	1.1001523997310785	0.0	0.0	0.0	0.0	0.0
10940	1.0931080087130727	0.0	0.754207105369206	0.0	0.9294766473412939	0.0	0.0	0.0	2.666269577451389	0.0	0.0	0.0	0.0	0.7254150672087761	0.0	0.0	4.6649636677713024	0.0	0.0	0.0	0.0	0.0	0.0	0.0
10941	5.656387966625855	0.0	2.364023070484416	0.0	1.7889137940214495	0.0	0.0	0.0	3.675583177151271	7.526794565546326	0.0	0.0	2.8363971901249574	0.0	0.0	0.0	4.609543736859089	1.6133655735578798	0.5874017035577218	0.7274676139561245	1.8124048429781743	2.437491531548901	1.2340893900134313	2.380053892808962
10942	5.756871637008469	1.0825587609598406	2.097016210733496	1.3711595337078482	2.130884165780026	2.9666489488334142	0.6386908437788837	1.7234655448343539	2.0914588247591523	2.8935951815677745	1.8066241322348546	0.90285534036678	0.8289850417687777	1.4660439090550954	2.6616763325677186	2.145178935745191	1.9894191025651105	1.0686901398246587	1.2558040895267337	0.6633818760217565	1.6857580497763203	1.9147563962251672	1.748427045358484	0.8197131137295594
10943	6.444950839880123	0.0	1.349143697513451	0.0	0.0	0.0	0.0	0.0	2.8707553481821497	0.0	0.0	0.0	0.0	0.0	0.0	0.0	2.8336026513097092	0.0	0.0	0.0	0.0	0.0	0.0	0.0
10944	3.1545220446156925	0.0	1.1118679686464545	0.0	0.0	0.0	0.0	0.0	2.1241327000039005	0.0	0.0	0.0	0.0	0.0	0.0	0.0	2.929938692881993	0.0	0.0	0.0	0.0	0.0	0.0	0.0
10945	3.527551522816644	0.0	1.1218301083326028	0.0	0.0	0.0	0.0	0.0	2.5862167590954415	0.0	0.0	0.0	0.0	0.0	0.0	0.0	2.1930524661575186	0.0	0.9987908610359734	0.0	0.0	0.4560795981391329	0.0	0.0
10946	2.1772538041812015	0.0	0.0	0.0	1.1460613564085744	0.0	0.0	0.0	6.444776752711474	0.0	0.0	0.0	0.0	0.0	0.0	0.0	3.1593264385446926	0.0	0.0	0.0	0.0	0.0	0.0	0.0
10947	3.316216219158142	0.0	0.8490928460304421	0.0	0.0	0.0	0.0	0.0	3.0335719869487194	0.0	0.0	0.0	0.0	1.9334896925108305	0.0	0.0	4.356820689701152	0.0	0.0	0.0	0.0	0.5988791248486565	0.0	0.0
10948	3.558547226704588	0.0	0.2519180414452413	0.0	0.0	0.0	0.0	0.0	2.492722584772684	0.0	0.0	0.0	0.0	0.0	0.0	0.0	3.5393979943013303	0.0	0.0	0.0	0.0	0.0	0.0	0.0
10949	2.1056722492595505	0.0	1.438540505980803	0.0	0.7746040043429463	0.0	0.0	0.0	2.359511486069116	0.0	0.0	0.0	0.0	1.5350389279072578	0.0	0.0	2.003782906497394	0.0	0.8547388405613966	0.0	0.0	0.0	0.0	0.0
10950	2.5170038605214726	0.0	0.0	0.0	0.0	0.0	0.0	0.0	1.8442945944337035	0.0	0.0	0.0	0.0	0.0	0.0	0.0	3.2083167864765962	0.0	0.4326076392665094	0.0	0.0	0.0	0.0	0.0
10951	2.0391665755185016	0.0	1.1185730310157285	0.0	1.9012502510884763	0.0	0.0	0.0	3.0834378722411255	0.0	0.0	0.0	1.1638551445256196	0.0	0.0	0.0	3.333861433947358	0.0	0.6026371725582517	0.0	0.0	0.0	0.0	0.0
10952	2.457419706864855	0.0	0.0	0.0	0.0	0.5469731844292886	0.0	0.0	1.0768467616427542	0.0	0.0	0.0	0.0	0.0	0.0	0.0	5.508924069571276	0.0	0.0	0.0	0.8617580960093478	0.0	0.0	0.0
10953	3.3531413571182114	0.0	0.5226226660020272	0.0	0.0	0.0	0.0	0.0	2.0921205462268593	0.0	0.0	0.0	0.7263629529250412	0.0	0.0	0.0	1.9703303104568775	0.0	1.339141534457678	0.0	0.0	0.48725328388441597	0.0	0.0
10954	3.117426645280622	0.0	0.0	0.0	0.0	0.0	0.0	0.0	2.225897615436295	0.0	0.0	0.0	0.0	0.0	0.0	0.0	7.882207486043667	0.0	0.0	0.0	0.0	0.0	0.0	0.0
10955	4.345170700033199	0.0	0.0	0.0	0.0	0.0	0.0	0.0	5.46871482436671	0.0	0.0	0.0	0.0	0.7992359386093629	0.0	0.0	6.993150366378777	0.0	0.9379466935812504	0.0	0.0	0.0	0.0	0.0
10956	2.0471206168098943	0.0	0.0	0.0	0.0	0.0	0.0	0.0	4.786949336541728	0.0	0.0	0.0	0.0	0.0	0.0	0.0	3.1017758587933923	0.0	1.1409440711125727	0.0	0.0	0.0	0.0	0.0
10957	1.1045794412356695	0.0	0.0	0.0	0.9999237892008193	0.0	0.0	0.0	5.836483439729305	0.0	0.0	0.0	0.9651889435196495	0.5495477626960418	0.0	0.0	2.877017800723777	0.0	1.419364412713246	0.0	0.0	2.0381755142569613	0.0	0.0
10958	3.7050065658142346	0.9834030131279131	0.0	0.0	0.0	0.0	0.0	0.0	0.0	0.0	0.0	0.0	0.0	0.0	0.0	0.0	2.319347529745045	0.0	0.0	0.0	0.0	0.0	0.0	0.0
10959	5.970113960528281	0.0	0.0	0.0	0.0	0.532938710021193	0.0	0.0	4.526814896300962	0.3732231458322137	1.2108294257831407	0.0	0.0	0.0	0.0	0.0	2.981884049633276	0.0	0.9422744177559258	0.0	0.0	0.0	0.0	0.0
10960	3.0820471011851227	0.0	0.0	0.0	0.0	0.0	0.0	0.0	1.7350768541337565	0.0	0.859686199980543	0.0	0.19083250812507255	0.0	0.0	0.6770568306371672	2.1351682235118488	0.0	0.1714198257421934	0.0	0.0	0.0	0.0	0.0
10961	0.916666142392636	0.0	0.8675971273000805	0.0	0.0	0.0	0.0	0.0	2.1966805313888704	0.0	0.0	0.0	0.0	0.0	0.0	0.0	0.8996334700440078	0.0	0.0	0.0	0.0	0.7769561786743704	0.0	0.0
10962	2.1772542144557425	0.0	0.0	0.0	0.0	0.857342248848499	0.0	0.0	3.1215169119829804	0.0	0.0	0.0	1.3626032087834803	0.0	0.0	0.0	3.4642837758852343	0.0	1.1604024904801853	0.0	0.0	0.15282730165301275	0.0	0.0
10963	1.2421625351202061	0.0	0.0	0.0	0.0	0.0	0.0	0.0	2.526751291087827	0.0	0.0	0.0	0.8136211946295768	0.0	0.0	0.0	1.9994972076991422	0.0	0.0	0.0	0.0	0.0	0.0	0.0
10964	2.1530275346223373	0.0	0.0	0.0	0.0	0.0	0.0	0.0	4.0830213623127065	0.0	0.0	0.0	0.0	0.0	0.0	0.0	1.1940898228057049	0.0	0.0	0.0	0.0	0.0	0.0	0.0
10965	1.2383474930636922	0.0	0.0	0.0	0.0	0.0	0.0	0.0	3.0772366292651836	0.0	0.0	0.0	0.873216187572245	0.0	0.0	0.0	3.1875582084572613	0.0	0.0	0.0	0.0	0.0	0.0	0.0
10966	1.9268974643896675	0.0	0.0	0.0	0.0	0.0	0.0	0.0	2.063998106448142	0.0	0.0	0.0	0.0	0.0	0.0	0.0	4.337057471699843	1.2138169955995197	0.30080638486473366	0.0	0.0	0.0	0.0	0.0
10967	1.8442548741247522	0.0	0.0	0.0	1.0716838189533837	0.0	0.0	0.0	2.111704210759513	0.0	0.0	0.0	0.0	0.0	0.0	0.0	3.2703981724733797	0.0	0.0	0.0	0.0	0.0	0.0	0.44339627510136714
10968	2.419919501006284	0.0	0.0	0.0	0.0	0.0	0.0	0.0	4.110818519952629	0.0	0.0	0.0	0.0	0.0	0.0	0.0	3.139896563618246	0.0	0.7171507521066722	0.0	0.0	0.0	0.0	0.0
10969	1.1498391963726027	0.0	0.9563243241796955	0.0	0.0	0.0	0.0	0.0	0.8675007365657642	0.0	0.0	1.9777593096523405	0.0	0.9776462764957927	0.0	0.0	3.9125012471824814	0.0	0.6190914001467798	0.0	0.0	0.0	0.0	0.0
10970	0.9351136816361799	0.0	0.765320228064107	0.0	0.0	0.0	0.0	0.0	2.6314287565297714	0.0	0.0	0.0	0.6267138881491564	0.0	0.0	0.0	3.431164221954532	0.0	1.1129944211063791	0.0	0.0	0.18458759346902318	0.0	0.0
10971	8.490058211542141	0.0	0.0	0.0	1.0352516755581862	0.0	0.0	0.0	2.6371088151725655	0.0	0.0	0.0	1.6791640291331558	0.9058250506713669	0.0	0.0	5.274822725862172	0.0	1.0770282827738014	0.0	0.0	0.0	0.0	0.0
10972	2.153702302514039	0.0	0.0	0.0	1.1565700451128371	0.0	0.0	0.0	3.214162243257412	0.0	0.0	0.0	0.0	0.0	0.0	0.0	3.484984357615208	0.0	1.1491330256337433	0.0	0.0	0.1941077438551307	0.0	0.0
10973	2.5329430889859177	1.0006812991370468	0.8720351843349499	0.0	0.0	0.0	0.0	0.0	1.6613514488014174	0.0	0.0	0.0	0.0	0.0	0.0	0.0	3.37472515047816	0.0	1.0451922782855219	0.0	0.0	0.0	0.0	0.0
10974	3.0593329929528323	0.0	0.0	0.0	0.7689409529398384	0.0	0.0	0.0	1.8105486896212906	0.0	0.0	0.0	0.0	0.0	0.0	0.0	3.799303328989056	0.0	0.8136207565520001	0.0	0.0	0.0	0.0	0.0
10975	2.2684980794118337	0.0	0.0	0.0	0.0	0.0	0.0	0.0	1.218940249264615	0.0	0.0	0.0	0.0	0.0	0.0	0.0	3.626020503438725	0.0	0.6697586566342196	0.0	0.0	0.0	0.0	0.0
10976	1.9782009839223438	0.0	0.0	0.0	0.4768415706866725	0.0	0.0	0.0	2.804583465148023	0.0	0.0	0.0	0.570729391049894	0.41931047018626433	0.0	0.0	1.4300289154286137	0.0	0.0	0.0	0.0	0.21540880161775236	0.0	0.0
10977	3.057929647813486	0.0	0.7761285286667013	0.0	0.0	0.0	0.0	0.0	3.3260157776865586	0.3800703722067194	0.0	0.0	0.9603294873206807	0.2390206159778354	0.0	0.0	7.597790505685204	0.0	0.773437344378034	0.0	0.0	0.0	0.0	0.9348387804716063
10978	2.201652550254458	0.0	0.7174158819600128	0.0	0.0	0.0	0.0	0.0	2.275693337034332	0.0	0.0	0.0	0.0	0.0	0.0	0.0	5.22439086143133	0.0	1.745976381016963	0.0	0.0	0.0	0.0	0.0
10979	1.9775432802869688	0.0	0.0	0.0	0.0	0.0	0.0	0.0	2.894644175342479	0.0	0.0	0.0	0.9934629226281215	0.0	0.0	0.0	2.216659704806667	0.0	0.4949653741707488	0.0	0.0	0.0	0.0	0.0
10980	5.221071401096143	0.0	0.0	0.0	0.0	0.0	0.0	0.0	2.7848559407013256	0.0	0.0	0.0	0.0	0.0	0.0	0.0	2.208455041441067	0.0	0.0	0.0	0.0	0.0	0.0	0.0
10981	0.9698857395704765	0.0	0.0	0.0	0.0	0.0	0.0	0.0	2.2161100196463654	0.0	0.0	0.0	0.0	0.0	0.0	0.0	1.0712836568673005	0.0	0.0	0.0	0.0	0.0	0.0	0.0
10982	3.1951776010926594	0.0	0.0	0.0	0.0	0.0	0.0	0.0	2.4302890811328446	0.0	0.0	0.0	0.0	0.0	0.0	0.0	2.1847722655107518	0.0	1.238296413823556	0.0	0.0	0.0	0.0	0.0
10983	1.066419719697847	0.0	0.0	0.0	0.0	0.8601505882877146	0.0	0.0	2.4002696041642144	0.0	0.0	0.0	0.0	0.0	0.0	0.0	2.7743105148773584	0.0	0.7680033830025006	0.0	0.0	0.0	0.0	0.0
10984	4.451631121956552	0.0	1.4621081117592198	0.0	0.0	0.0	0.0	0.0	4.25066238893635	0.0	0.0	0.0	0.8950110473812457	0.0	0.0	0.0	2.7371260579278203	0.0	1.249467717196897	0.0	0.0	0.0	0.0	0.0
10985	2.2361042761405843	0.0	0.0	0.0	0.0	0.0	0.0	0.0	2.2575812051040915	0.0	0.0	0.0	0.9496547455799235	0.0	0.0	0.0	3.0695304977031364	0.0	0.0	0.0	0.0	0.7362303362567257	0.0	0.0
10986	2.63017796450039	0.0	1.3895781223285244	0.0	0.0	0.0	0.0	0.0	1.7777889623805432	0.0	0.0	0.0	0.8713985573823391	0.0	0.0	0.0	4.308780614643457	0.0	0.7490528999433753	0.0	0.0	0.3493334256690053	0.0	0.4111321905441839
10987	2.996515883707276	0.0	0.0	0.0	0.0	0.0	0.0	0.0	2.210409937111281	0.0	0.8949938731992562	0.0	0.0	0.0	0.0	0.0	3.217743233653246	0.0	2.706742989555578	0.0	0.0	0.0	0.0	0.0
10988	2.1532703321396043	0.0	0.0	0.0	0.0	0.0	0.0	0.0	3.1266984444135257	0.0	0.0	0.0	0.0	0.0	0.0	0.0	2.720182281338849	0.0	1.0078335301301902	0.0	0.0	1.1696845079219278	0.0	0.0
10989	2.3464342582088675	0.0	0.7047173077821777	0.0	0.0	0.0	0.0	0.0	2.1732716757151778	0.0	0.0	0.0	0.0	0.0	0.0	0.0	4.3972433666965465	0.0	0.0	0.0	0.0	0.0	0.0	0.0
10990	2.501869591024479	0.0	1.755231373972027	0.0	0.0	0.0	0.0	0.0	1.3103966859288196	0.0	0.0	0.0	0.0	0.0	0.0	0.0	1.9450152485258643	0.0	0.0	0.0	0.0	0.0	0.0	0.0
10991	2.050286329753449	0.0	0.0	0.0	0.0	0.0	0.0	0.0	1.8791722431142832	0.0	0.0	0.0	0.0	0.0	0.0	0.0	3.579576828030752	0.0	0.5638542996940539	0.0	1.4075118351261968	0.0	0.0	0.0
10992	5.216013370084855	0.0	0.0	0.0	0.9948125961765039	0.0	0.0	0.0	2.408569239997874	0.0	0.0	0.0	0.0	0.0	0.0	0.0	2.790498023931195	0.0	0.9788905642372582	0.0	0.0	0.0	0.0	0.0
10993	3.210276876123486	0.0	0.7679262574485035	0.0	0.0	0.0	0.0	0.0	1.19736093360383	0.0	0.0	0.7384144569299397	0.0	0.0	0.0	0.0	3.6049073695252067	0.0	0.9386629095892022	0.0	0.0	0.0	0.0	0.0
10994	3.5927028909145626	0.0	0.0	0.0	0.0	0.0	0.0	0.0	2.383523703679293	0.0	0.0	0.0	0.0	0.0	0.0	0.0	3.031282393823104	0.0	0.0	0.0	0.0	0.0	0.0	0.0
10995	1.962704230079681	0.0	0.0	0.0	0.0	0.0	0.0	0.0	2.8096457302844855	0.0	0.0	0.0	1.1106212483255167	0.0	0.0	0.0	2.667008521879452	0.0	0.0	0.0	0.0	0.0	0.0	0.0
10996	1.831684106680698	0.0	0.0	0.0	0.0	0.0	0.0	0.0	2.172064283489734	0.0	0.0	0.0	0.0	0.0	0.0	0.0	0.7131186347846777	0.0	0.0	0.0	0.0	0.0	0.0	0.0
10997	1.2299185966794697	0.0	0.0	0.0	0.0	0.0	0.0	0.0	4.8223133682641555	1.2288490166307255	0.0	0.0	0.0	0.9347480092446349	0.0	0.0	1.0410358069660721	0.0	0.0	0.0	0.0	0.0	0.0	0.0
10998	1.8494514779438658	0.0	0.0	0.0	0.0	0.0	0.0	0.0	2.2935479695602945	0.0	0.0	0.0	0.72160242458822	0.0	0.0	0.0	2.7383667638279414	0.38375973197681446	0.0	0.0	0.0	0.6814930932353956	0.0	0.0
10999	6.138736000927757	0.0	0.0	0.0	0.0	0.0	0.0	0.0	1.7602690121010138	0.0	0.0	0.0	0.0	0.0	0.0	0.0	3.4387447381219234	0.0	0.0	0.0	0.0	0.0	0.0	0.0
11000	3.0700476826038963	0.0	0.0	0.0	1.992720285818585	0.0	0.0	0.0	4.332238947686474	0.0	0.0	0.0	0.0	0.0	0.0	0.0	1.2335613517759352	0.0	2.1151345526982666	0.0	0.0	0.5469760031337767	0.0	0.0
11001	2.832905837823302	0.0	0.0	0.0	0.0	0.0	0.0	0.0	2.05510757743251	0.0	0.0	0.0	0.0	0.0	0.0	0.0	4.504714930688335	0.0	0.0	0.0	0.0	0.8960607295468987	0.0	0.0
11002	1.9426825199517967	0.0	0.0	0.0	0.0	0.0	0.0	0.0	4.379586139791704	0.0	0.0	0.0	0.19428463085935266	0.0	0.0	0.0	3.513235039601388	0.0	1.0152415622305284	0.0	0.0	0.0	0.0	0.0
11003	0.9086348463220071	0.0	0.0	0.0	0.0	0.0	0.0	0.0	1.9084785168906426	0.0	0.0	0.0	0.9317174058284279	0.0	0.0	0.0	1.2378107126747449	0.0	0.0	0.0	0.0	0.0	0.0	0.0
11004	3.419971854122954	0.0	2.408314814743617	0.0	0.0	0.0	0.0	0.0	2.1815961227181715	0.0	0.0	0.0	0.0	0.0	0.0	0.0	0.7770576862593226	0.0	0.0	0.0	0.7373090880750247	0.0	0.0	0.0
11005	0.8652580000968146	0.0	0.0	0.0	0.0	0.0	0.0	0.0	4.4548723735216536	0.0	0.0	0.0	0.0	0.7401811230624827	0.0	0.0	4.284013576476308	0.0	0.0	0.0	0.0	1.0847862391388814	0.0	0.45762232185066826
11006	2.843726361868129	0.0	2.7771720039451187	0.0	0.0	0.0	0.0	0.0	1.725122146214939	0.0	0.0	0.0	0.0	0.0	0.0	0.0	3.478802592047742	0.0	0.0	0.0	0.0	0.0	0.0	0.0
11007	0.7159739335952601	0.0	0.0	0.0	0.0	0.0	0.0	0.0	3.4943026114708955	0.0	0.0	0.0	0.0	0.0	0.0	0.0	1.2255030675822838	0.0	0.0	0.0	0.0	0.0	0.0	0.0
11008	1.0052459376365466	0.0	0.0	0.0	0.0	0.0	0.0	0.0	2.2630806181613417	0.0	0.0	0.0	0.45633536568354527	0.0	0.0	0.0	2.996891329970422	0.0	0.0	0.0	0.9987799293916483	0.0	0.0	0.0
11009	5.369371649319062	0.0	0.0	0.0	0.0	0.0	0.0	0.0	3.7034551771678017	0.0	0.7261843774138906	0.0	0.0	0.8936317033954441	0.0	0.0	4.039598394618994	0.0	0.0	0.0	0.5960861646661891	1.051491011250397	0.0	0.0
11010	2.3836444484513533	0.0	0.0	0.0	0.0	0.0	0.0	0.0	0.9215941036985028	0.0	0.0	0.0	0.8415229429827026	0.0	0.0	0.0	1.5038617748827845	0.0	0.0	0.0	0.0	0.0	0.0	0.0
11011	3.083638682428019	0.0	1.0234536574523745	0.0	0.0	0.45351810367405493	0.0	0.0	3.625968429904312	0.0	0.0	0.0	1.6475621683905772	0.0	0.0	0.0	7.42425739556073	0.0	1.3060736489790876	0.0	0.0	0.7105878142363817	0.0	0.0
11012	3.08707595132206	0.0	0.0	0.0	0.9195082360933742	0.0	0.0	0.0	2.159693936667382	0.0	0.0	0.0	0.6927237796207012	0.0	0.0	0.0	3.32181973033273	0.0	0.0	0.0	0.0	0.6008327186567318	0.0	0.0
11013	1.9821570670329085	0.0	1.5284442317706666	0.0	0.0	0.0	0.0	0.0	2.3017020667157766	0.0	0.0	0.0	0.3114428065920979	0.0	0.0	0.0	2.2936634157617695	0.0	1.6146210495923954	0.0	0.0	0.0	0.0	0.0
11014	1.9653375977224763	0.0	0.0	0.0	0.0	0.0	0.0	0.0	4.173476392938744	0.0	0.0	0.0	0.0	0.0	0.0	0.0	6.862675645271068	0.0	0.0	0.0	0.0	0.0	0.0	0.0
11015	2.7390139643633473	0.0	2.128339153547797	0.0	0.0	0.0	0.0	0.0	2.0753721497715927	0.0	0.0	0.0	1.9572923854550446	0.0	0.0	0.0	3.8944424366717194	0.0	1.5428385768048554	0.0	0.0	0.0	0.0	0.5230535244436559
11016	3.764025114322136	0.0	0.0	0.0	0.0	0.0	0.0	0.0	4.446452277742955	0.0	0.0	0.0	0.0	0.0	0.0	0.0	4.087028643304557	0.0	0.0	0.0	0.0	0.0	0.0	0.0
11017	1.03657555869743	0.0	1.1198563202040217	0.0	0.0	0.0	0.0	0.0	6.809314507954816	0.0	0.8038051050897215	0.0	0.0	0.0	0.0	0.0	5.630941853343916	0.0	0.0	0.0	0.0	0.0	0.0	0.0
11018	7.896321320206823	0.0	0.6210317427335859	0.0	0.0	0.0	0.0	0.0	7.907318071462503	0.0	0.0	0.0	0.7938805144637513	0.0	0.0	0.0	7.859530871949885	0.0	0.0	0.0	0.0	0.0	0.0	0.0
11019	1.8794026799603316	0.0	0.9985212206554118	0.0	0.9692347881453749	0.0	0.0	0.0	2.188921786464063	0.0	0.0	0.0	0.0699275158268192	0.0	0.0	0.0	2.244497168400246	0.0	1.2895588572277068	0.0	0.0	0.0	0.0	0.0
11020	1.3425716043436962	0.0	0.0	0.0	0.0	0.0	0.0	0.0	3.5338316551384983	0.0	0.0	0.0	1.1976347199773703	1.5737172326974893	0.0	0.0	1.8328136073602155	0.0	0.0	0.0	0.0	0.6928790322313017	0.0	0.0
11021	0.34411625048596556	0.0	0.0	0.0	0.0	0.0	0.0	0.0	0.9386283612143345	0.0	0.0	0.0	0.0	0.0	0.0	0.0	0.33071891388307384	0.0	0.0	0.1015291077584267	0.0	0.0	0.0	0.0
11022	1.2247618745343056	0.0	0.0	0.0	0.0	0.0	0.0	0.0	1.7394520645770055	0.0	0.0	0.0	0.9421459634403234	0.0	0.0	0.0	4.321659654480719	0.0	0.0	0.0	0.0	0.0	0.0	0.0
11023	2.7986156490930414	0.0	0.0	0.0	0.0	0.0	0.0	0.0	2.9959121855551225	0.0	0.0	0.0	0.0	0.0	0.0	0.0	3.404604347113428	0.0	0.7517859425309207	0.0	0.0	0.20079671557155934	0.0	0.0
11024	6.419355280884695	0.0	0.0	0.0	0.0	0.0	0.0	0.0	2.5659219698883198	0.0	0.0	0.0	0.8460627767619979	0.0	0.0	0.0	2.2680510565756773	0.0	0.0	0.0	0.0	0.0	0.0	0.0
11025	2.435731978886826	0.0	0.0	0.0	0.7495192615364008	0.0	0.0	0.0	1.0204271974179724	0.0	0.0	0.0	0.0	0.9843059135695007	0.0	0.0	3.5861396536603354	0.0	0.0	0.0	0.0	0.4859621071134796	0.0	0.0
11026	3.046194024825538	0.0	0.0	0.0	0.7038667557433731	0.0	0.0	0.0	3.1315300382559657	0.0	0.0	0.0	0.0	0.0	0.0	0.0	2.194379011686053	0.0	0.0	0.0	0.0	0.0	0.0	0.0
11027	4.0922850029162054	0.0	0.0	0.0	0.8761430028669495	0.0	0.0	0.0	1.301801714912703	0.0	0.0	0.0	0.7497534111391512	0.0	0.0	0.0	3.3305341071649575	0.0	0.8819320134033091	0.0	1.213941796256189	0.0	0.0	0.0
11028	3.2665309163519574	0.0	0.0	0.0	1.6666523188262317	0.0	0.0	0.0	4.37701554988181	0.0	0.7441165733264695	0.0	0.0	0.0	0.0	0.0	3.525443827367151	0.0	1.3241348077090358	0.0	0.0	0.0	0.0	1.0611541383005338
11029	2.2950211544183623	0.0	0.8061568759119594	0.0	0.0	0.0	0.0	0.0	3.4014877138122612	0.0	0.0	0.0	0.7580087695310592	0.0	0.0	0.0	7.267770954287316	0.0	0.0	0.0	0.0	0.0	0.0	0.0
11030	1.0009855661780533	0.0	0.0	0.0	0.0	0.0	0.0	0.0	2.3741499049561203	0.0	0.0	0.0	0.0	0.0	0.0	0.0	5.016083507080001	0.0	0.0	0.0	0.0	0.0	0.0	0.0
11031	2.0567565703278685	0.0	0.8681531835468826	0.0	0.0	0.0	0.0	0.0	4.658352333514143	0.0	0.0	0.0	0.7234628160288966	0.0	0.0	0.0	3.254441808134041	0.0	0.0	0.0	0.0	0.0	0.0	0.0
11032	3.903021367660293	0.0	0.0	0.0	1.3703559919517918	0.7715170495274924	0.0	0.0	3.8929817125915456	0.48759448618843704	0.0	0.0	0.0	0.0	0.0	0.0	3.0678274435966277	0.0	0.24522715120929786	0.0	0.0	1.479700103290372	0.0	0.0
11033	1.893335569316923	0.0	0.8440438773591225	0.0	0.0	0.0	0.0	0.0	1.2424664401485954	0.0	0.0	0.0	0.9938079899999067	0.0	0.0	0.0	1.0723567408245434	0.0	0.0	0.0	0.0	0.0	0.0	0.0
11034	3.491920768115292	0.0	0.8782750424941971	0.0	1.1424363407261235	0.0	0.0	0.0	3.288057614497949	0.0	0.0	0.0	0.0	0.0	0.0	0.0	3.145925344083501	0.0	0.8357930599588554	0.0	0.0	0.0	0.0	0.0
11035	5.73883211999697	0.0	1.6893393894931958	0.0	0.0	0.0	0.0	0.0	3.0684119809145125	1.4230711535240346	0.0	0.0	0.0	0.0	0.0	0.0	2.949985052869466	0.0	0.0	0.0	0.0	0.0	0.0	0.0
11036	5.872150671913401	0.0	0.7761713058973836	0.0	0.8803887055354067	0.6448753835074393	0.0	0.0	1.1151054692774387	0.0	0.0	0.0	0.6951388441259055	0.0	0.0	0.0	1.3760326700667063	0.0	0.0	0.0	0.0	0.49747349613500474	0.0	0.0
11037	2.46743625580953	0.0	1.3026347108741245	0.0	0.0	0.0	0.0	0.0	3.490988101944201	0.0	0.0	0.0	0.8554804077600939	0.0	0.0	0.0	3.629422519836249	0.0	1.4489221204385985	0.0	0.0	0.9544037581772827	0.0	0.0
11038	2.1273137339982857	0.0	0.0	0.0	0.0	0.0	0.0	0.0	2.0004310682942963	0.0	0.0	0.0	0.0	0.9357789456747883	0.0	0.0	4.235106184903777	0.0	1.299305791401144	0.0	0.0	0.9137706289077391	0.0	0.0
11039	6.397063813163339	0.0	0.0	0.0	0.0	0.0	0.0	0.0	2.7209030726609815	0.0	0.0	0.0	0.0	0.0	0.0	0.0	3.1468881278000476	0.0	0.0	0.0	0.0	0.0	0.0	0.0
11040	2.461346587402842	0.0	0.771106995966445	0.0	0.0	0.0	0.0	0.0	1.7816000246407024	0.0	0.0	0.0	0.7128950841755515	0.0	0.0	0.0	1.1990695930297142	0.0	0.0	0.0	0.0	0.0	0.0	0.0
11041	2.110482105045537	0.0	0.7651228427754692	0.0	0.0	0.0	0.0	0.0	3.2952917867765317	0.0	0.0	0.0	0.0	0.0	0.0	0.0	3.463446242967078	0.0	0.8745063200666302	0.0	0.43059121548191365	0.0	0.0	0.0
11042	2.2914113325193997	0.0	0.0	0.0	0.0	0.0	0.0	0.0	2.452932678467508	0.0	0.0	0.0	0.0	0.0	0.0	0.0	6.378615310288275	1.275775705235615	0.0	0.0	0.0	0.0	0.0	0.0
11043	1.079383969853733	0.0	0.9492177894243897	0.0	0.0	0.0	0.0	0.0	1.023659638588329	0.0	0.0	0.0	1.9116278371205835	0.0	0.0	0.0	0.8410783061956698	1.1595887081156684	0.0	0.0	0.0	0.4157397096415491	0.0	0.0
11044	1.4073572109467212	0.30669691714115316	0.0	0.0	0.0	0.651048486077412	0.0	0.0	1.1099163632738556	0.0	0.0	0.0	0.0	0.0	0.0	0.0	3.207855655161561	0.0	0.4175161901483382	0.0	0.0	0.0	0.0	0.0
11045	2.144837383906103	0.0	0.0	0.0	0.0	0.0	0.0	0.0	2.0178358600567012	0.0	0.0	0.0	0.0	0.0	0.0	0.0	3.3366066135298933	0.0	0.0	0.0	0.0	0.623962787311054	0.0	0.0
11046	1.093355942508801	0.0	0.0	0.0	0.0	0.0	0.0	0.0	2.1010414084448694	0.0	0.0	0.0	0.0	0.0	0.0	0.0	2.1190866850071375	0.0	0.0	0.0	0.0	0.0	0.0	0.0
11047	2.296994862443371	0.0	0.0	0.0	0.0	0.0	0.0	0.0	2.273631697509337	0.0	0.0	0.0	0.4959342471553208	0.0	0.0	0.0	3.1631597032967864	0.0	0.0	0.0	0.0	0.0	0.0	0.0
11048	1.8378557375300317	0.0	0.0	0.0	0.8577621075613494	0.0	0.0	0.0	2.2347982553076364	0.0	0.0	0.0	1.0420686315453587	0.5648358990317035	0.0	0.0	5.542296170064547	0.0	0.7182105492263587	0.0	0.0	0.0	0.0	0.0
11049	1.0945908502999973	0.0	0.0	0.0	0.0	0.0	0.0	0.0	3.2007435186189106	0.0	0.0	0.0	0.0	0.0	0.0	0.0	1.1096868741576094	0.0	0.7006396932867177	0.0	0.0	0.0	0.0	0.0
11050	3.156793119759917	0.0	0.0	0.0	0.0	0.0	0.0	0.0	2.9517560499695787	0.0	0.0	0.0	0.0	0.0	0.0	0.0	4.188907403908396	0.0	0.0	0.0	0.0	0.0	0.0	0.0
11051	2.3392276285683864	0.0	1.2992734642708523	0.0	0.0	0.0	0.0	0.0	4.803541874144119	0.0	0.0	0.0	0.0	0.0	0.0	0.0	6.836296362513874	0.0	0.0	0.0	0.0	0.0	0.0	0.0
11052	4.062894368381967	0.0	0.0	0.0	0.0	0.0	0.0	0.0	4.662353688037815	0.0	0.0	0.0	0.0	0.0	0.0	0.0	2.5428172918298975	0.0	0.8538895266057086	0.0	0.63287788927527	0.0	0.0	0.0
11053	2.353175705823591	0.0	0.0	0.0	1.1073902194384644	0.0	0.0	0.0	2.1377726012447718	0.0	0.0	0.0	0.0	0.0	0.0	0.0	1.184811172631698	0.0	0.7874939051163307	0.0	0.0	0.0	0.0	0.0
11054	2.075313521122817	0.0	0.0	0.0	0.0	1.4870114116830662	0.0	0.0	0.977547952787995	0.0	0.0	0.0	1.6647199374537767	0.0	0.0	0.0	2.2159346791182757	0.0	1.3164379338213215	0.0	0.0	0.0	0.0	0.0
11055	1.1799728517274994	0.0	0.0	0.0	0.0	0.0	0.0	0.0	1.0870535228246727	0.0	0.0	0.0	0.0	0.0	0.0	0.0	3.0384564029355654	0.0	0.25270087312648365	0.0	0.0	0.0	0.0	0.0
11056	4.451223296025345	0.0	0.777217171211329	0.0	0.0	0.0	0.0	0.0	2.3610425230092766	0.0	0.0	0.0	0.8074852566787604	0.0	0.0	0.0	4.221508383478198	0.0	2.2725368795136682	0.0	0.0	0.0	0.0	0.0
11057	1.0565057996482563	0.0	0.0	0.0	0.0	0.0	0.0	0.0	2.0530357087254414	0.9160255899140132	0.0	0.0	1.4873489138300255	0.0	0.0	0.0	1.272447159829682	0.0	0.0	0.0	0.0	0.0	0.0	0.0
11058	3.16370035866711	0.0	1.2787224654581215	0.0	0.0	0.0	0.0	0.0	2.1955211258947616	1.4532247165986836	0.0	0.0	0.0	0.0	0.0	0.0	5.243580944493005	0.0	0.0	0.0	0.0	0.8210709240528349	0.0	0.0
11059	3.495575634463058	0.0	0.0	0.0	1.63737964234757	0.0	0.0	0.0	0.8929361806592221	0.0	1.0273372951888105	0.0	0.0	0.0	0.0	0.0	2.124887073203056	0.0	0.914192654992662	0.0	0.0	0.0	0.0	0.0
11060	2.495060571257312	0.0	0.0	0.0	0.0	0.0	0.0	0.0	2.16903502865767	0.0	0.0	0.0	0.0	0.0	0.0	0.0	2.2757911890963096	0.5791197420289138	0.0	0.0	0.0	0.0	0.0	0.0
11061	1.8610599510386818	0.0	0.8502257677720807	0.0	0.0	0.0	0.0	0.0	3.3714012024923155	0.0	0.0	0.0	0.0	0.0	0.0	0.0	2.1350951823816295	0.0	0.0	0.0	0.0	0.0	0.0	0.0
11062	1.097662921341925	0.0	0.0	0.0	0.7023919393146935	0.0	0.0	0.0	2.3818002067910675	0.0	0.0	0.0	0.0	0.0	0.0	0.0	2.1049252275675183	0.0	0.6963388389616645	0.0	0.0	0.3444318818812639	0.0	0.0
11063	2.954391121606061	0.0	0.0	0.0	0.0	0.0	0.0	0.0	3.0524469401978678	0.46337849832404904	0.0	0.0	0.0	0.0	0.0	0.0	11.678048174240331	0.0	0.0	0.0	0.0	0.0	0.0	0.0
11064	3.377278428037972	0.0	0.0	0.0	0.0	0.0	0.0	0.0	2.1952075418121546	0.8873424978301397	0.0	0.0	0.0	0.0	0.0	0.0	3.3465589758399736	0.0	1.2668036101413882	0.0	0.0	0.0	0.0	0.0
11065	2.1830003638631688	0.0	0.0	0.0	0.0	0.0	0.0	0.0	1.8781813288835203	0.0	0.0	0.0	0.0	0.0	0.0	0.0	3.3261717005918654	0.0	0.39463936418252604	0.0	0.0	0.0	0.0	0.0
11066	3.4102571246067654	0.0	0.0	0.0	0.0	0.0	0.0	0.0	3.9854631253759125	0.0	0.0	0.0	0.9220482424657078	0.0	0.0	0.0	4.005761861650813	0.0	0.6064945202145637	0.0	0.0	0.0	0.0	0.0
11067	2.26230685532724	0.0	0.0	0.0	0.0	0.0	0.0	0.0	3.99482187335472	0.8474907532076297	0.0	0.0	0.0	0.0	0.0	0.0	3.114821103601653	0.0	0.7158773357894659	0.0	0.0	0.6590634429142337	0.0	0.10979090264411827
11068	1.6884245208621897	0.0	0.517570323332929	0.0	0.0	0.0	0.0	0.0	2.039549782086593	1.284574836504697	0.0	0.0	0.0	0.0	0.0	0.0	1.4702702502635334	0.0	0.7904599579590759	0.0	0.0	0.0	0.0	0.0
11069	5.411302968378907	0.0	0.0	0.0	0.0	0.0	0.0	0.0	2.2963152014727526	0.0	0.5180877552018296	0.0	0.0	0.0	0.0	0.0	3.425157015259301	0.0	1.0439232830205893	0.0	0.0	1.7820021566131758	0.0	0.4947897672921383
11070	3.101526672719187	0.0	0.0	0.0	0.0	0.0	0.0	0.0	1.824506451479498	0.0	0.0	0.7107724073337138	0.0	0.6385292310755235	0.0	0.0	2.072453229832068	0.0	0.0	0.0	0.0	0.0	0.0	0.0
11071	3.317515305102115	0.0	0.0	0.0	0.0	0.0	0.0	0.0	2.5926330306748064	0.49724866598882334	0.0	0.0	0.0	0.0	0.0	0.0	1.925872073183931	0.0	0.0	0.0	0.0	0.0	0.0	0.0
11072	1.956047443065813	0.0	0.32952402263176517	0.0	0.0	0.0	0.0	0.0	4.475377992398129	0.0	0.0	0.0	0.0	0.0	0.0	0.0	5.768447117157871	0.0	0.6197000250543343	0.0	0.0	0.2407456697609544	0.0	0.0
11073	1.896920854467207	0.0	1.8257112987574373	0.0	0.0	0.0	0.0	0.0	2.266254999692819	0.0	0.0	0.0	0.0	0.0	0.0	0.0	2.2501644630691238	0.0	0.9346772548516176	0.0	0.0	0.0	0.0	0.0
11074	1.2649388993121402	0.0	0.0	0.0	0.0	0.0	0.0	0.0	1.7286842438462449	0.0	0.9504924429776308	0.0	0.0	0.0	0.0	0.0	3.56447042071684	0.0	0.6771647128064845	0.0	0.0	0.0	0.0	0.0
11075	1.2835180085456026	0.0	0.0	0.0	0.0	0.0	0.0	0.0	2.560432484276794	0.0	0.0	0.0	0.0	0.0	0.0	0.0	2.8583246977465446	0.0	0.0	0.0	0.0	0.0	0.0	0.0
11076	0.9011188001219681	0.0	0.0	0.0	0.4907300400650262	0.0	0.0	0.0	1.0045072742123764	0.0	0.0	0.0	0.0	0.0	0.0	0.0	2.8034086394958546	0.0	0.0	0.0	0.8405933750763337	0.0	0.0	0.0
11077	3.1596674690620237	0.0	0.0	0.0	0.49847884847602725	0.0	0.0	0.0	3.322463870327384	0.0	0.0	0.0	0.0	0.0	0.0	0.0	3.993084532498418	0.0	0.0	0.0	0.0	0.0	0.0	0.0
11078	2.9073926633266156	0.0	0.0	0.0	0.9476050057453159	0.0	0.0	0.0	1.3267887704371124	0.0	0.0	0.0	0.0	0.0	0.0	0.0	1.913048447108059	0.0	0.49300664859163473	0.0	0.0	0.0	0.0	0.0
11079	3.2701111878497198	0.0	0.0	0.0	0.7738791177495933	0.0	0.0	0.0	1.4563081175813493	0.0	0.9073601650589487	0.0	0.0	0.0	0.0	0.0	1.2665570127975554	0.0	0.0	0.0	0.0	0.0	0.0	0.0
11080	4.47666584089537	0.0	0.0	0.0	0.0	0.0	0.0	0.0	5.668150905335689	0.0	0.0	0.0	0.0	0.0	0.0	0.0	3.2170441813510187	0.0	0.0	0.0	0.0	1.1125979878095018	0.0	0.0
11081	2.7010192351509104	0.0	0.0	0.0	0.0	0.0	0.0	0.0	2.87954443461202	0.0	0.0	0.0	0.0	0.0	0.0	0.0	2.7284960621392385	0.0	0.0	0.0	0.0	0.0	0.0	0.0
11082	1.263033880769844	0.0	0.9926672343416452	0.0	0.0	0.0	0.0	0.0	4.087418959441276	0.0	0.0	0.0	0.0	0.0	0.0	0.0	4.300540897179126	0.0	0.0	0.0	0.0	0.21846220395352683	0.0	0.0
11083	3.4556810077050506	0.0	0.06741928338006119	0.0	0.0	0.0	0.0	0.0	2.0664193320233895	0.0	0.0	0.0	0.0	0.0	0.0	0.0	3.754852136762021	0.0	0.0	0.0	0.0	0.0	0.0	0.0
11084	1.954225948165384	1.8116570273503527	0.0	0.0	1.098726904227351	0.0	0.0	0.0	2.2812706268859375	0.0	0.0	0.0	0.0	0.8691127616425515	0.0	0.0	4.32881047316598	0.0	0.0	0.0	0.0	0.0	0.0	0.0
11085	2.9101163592691086	1.7577398301614096	0.9300611668619883	0.0	0.0	0.0	0.0	0.0	1.9410446266496715	0.0	0.0	0.0	1.3846449134434908	0.0	0.0	0.0	3.0752420908529348	0.0	0.0	0.0	0.0	0.0	0.0	0.0
11086	2.9212181916937716	0.0	1.5343486355896536	0.0	0.0	0.0	0.0	0.0	3.2290566132494867	0.0	0.7134128695359098	0.0	0.0	0.0	0.0	0.0	5.057383247861194	0.9113828688117003	1.174608801910137	0.0	0.0	0.0	0.0	0.0
11087	3.610756147870578	0.0	1.0150419396003971	0.0	0.0	1.0091499413145966	0.0	0.0	1.5853219900810966	0.0	0.0	0.0	0.0	0.0	0.0	0.0	2.906215384997914	0.0	0.0	0.0	0.0	0.0	0.0	0.0
11088	1.968313567681635	0.0	0.7453559924999299	0.0	1.1052442083206313	0.0	0.0	0.0	2.68124623493346	0.0	0.0	0.0	0.0	0.0	0.0	0.0	3.2945331080943454	0.0	1.0783635732911836	0.0	0.0	0.0	0.0	0.0
11089	2.7074476052263345	0.0	0.0	0.0	0.0	0.0	0.0	0.0	3.136700931482632	0.0	0.0	0.0	0.4445081734556014	0.0	0.0	0.0	2.8566247194528507	0.0	0.0	0.0	0.0	0.0	0.0	0.0
11090	1.1262044564595994	0.0	0.0	0.0	0.7103856411743843	0.0	0.0	0.0	2.4643686423416113	0.0	0.0	0.0	0.0	0.0	0.0	0.0	2.2566875462697213	0.0	1.2363224521762386	0.0	0.0	0.0	0.0	1.3718590926074383
11091	3.0740307007344168	0.0	0.0	0.0	1.1211896809592365	0.0	0.0	0.0	1.7360605073132065	0.0	0.0	0.0	0.0	0.0	0.0	0.0	2.342159123417122	0.0	0.10272725484937718	0.0	0.0	0.0	0.0	0.0
11092	1.964263686733472	0.0	1.6137346559860937	0.0	0.0	0.0	0.0	0.0	1.894617925383583	0.0	0.0	0.0	0.0	0.0	0.0	0.0	3.6047786687584713	0.0	0.0	0.0	0.0	0.0	0.0	0.0
11093	2.246216411141294	0.0	0.0	0.0	0.0	0.0	0.0	0.0	2.3159958226133797	0.0	0.0	0.0	0.0	0.0	0.0	0.0	2.3668413502364665	0.0	1.2757719714152167	0.0	0.0	0.0	0.0	0.0
11094	1.8349413446394365	0.0	0.0	0.0	0.0	0.0	0.0	0.0	2.2729404561289033	0.0	0.5507160195683085	0.0	0.0	0.0	0.0	0.0	3.1236518500446535	0.0	0.0	0.0	0.0	0.0	0.0	0.0
11095	4.664885986987506	0.0	0.0	0.0	0.0	0.0	0.0	0.0	4.66471761004572	0.0	0.0	0.6309348627826764	0.0	0.0	0.0	0.0	2.148680241843367	0.0	0.7588731761667461	0.0	0.0	0.0	0.0	0.0
11096	1.1790380695019114	0.0	1.9821424035243818	0.0	0.0	0.0	0.0	0.0	2.2427348780584317	0.895609666253919	0.0	0.0	0.9838468275572664	0.0	0.0	0.0	1.9670338999226036	0.0	1.0858584408541245	0.0	0.0	0.0	0.0	0.0
11097	2.4644956099657196	0.0	0.0	0.0	0.0	0.9600978598823126	0.0	0.0	2.5110284153523432	0.4734314537545988	0.9483425790694443	0.0	0.0	0.0	0.0	0.0	1.5716284548200312	0.0	0.0	0.0	0.9979288424655693	0.0	0.0	0.0
11098	1.695992007318693	0.0	1.3597385369580761	0.0	0.0	0.0	0.0	0.0	1.024559525953579	0.12801909579781015	0.0	0.0	0.0	0.0	0.0	0.0	0.6290733926445573	0.0	0.41758232721225164	0.0	0.0	0.0	0.0	0.0
11099	1.9201555533401302	0.0	0.0	0.0	0.5712807493284031	0.0	0.0	0.0	2.172828306552503	0.0	0.0	0.9732945709813774	0.0	0.91120659380184	0.0	0.0	4.357320562743598	0.0	0.9376140182599965	0.0	0.0	0.0	0.0	0.0
11100	1.1846984225474975	0.0	0.0	0.0	0.0	0.0	0.0	0.0	1.799459857709999	0.0	0.0	0.0	0.0	0.0	0.0	0.0	2.2826180298685372	0.0	2.320566958612761	0.0	0.0	1.4304729057103822	0.0	0.0
11101	2.3862930783655436	0.0	0.0	0.0	0.0	0.0	0.0	0.0	2.0909738618833886	0.0	0.0	0.0	0.0	0.0	0.0	0.0	3.220525840935123	0.0	0.0	0.0	0.0	0.0	0.0	0.0
11102	2.3417777226915306	0.0	0.0	0.0	0.0	0.0	0.0	0.0	2.7609330995101695	0.0	0.0	0.0	0.0	0.0	0.0	0.0	2.417206662160539	0.0	0.0	0.0	0.0	0.0	0.0	0.0
11103	1.07290993753997	0.0	0.0	0.0	0.0	0.0	0.0	0.0	1.0448962040375758	0.0	0.0	0.0	0.0	0.0	0.0	0.0	3.8825830344071726	0.8197414181393496	0.0	0.0	0.0	2.515382619431921	0.0	0.0
11104	1.8191458269785221	0.0	0.0	0.0	0.0	0.0	0.0	0.0	2.3730074769004292	0.94817166454096	0.0	0.0	2.3117534635565304	0.0	0.0	0.0	4.235128762333097	0.0	0.0	0.0	0.0	0.0	0.0	0.0
11105	1.806890165728376	0.0	0.0	0.0	0.0	0.0	0.0	0.0	2.10686888763359	0.0	0.0	0.0	0.0	0.0	0.0	0.0	3.0585683297180046	0.0	0.8044192747008051	0.0	0.44954812269737265	0.0	0.0	0.0
11106	1.0113669894951254	0.0	0.9433972420695909	0.0	0.8016601671959502	0.0	0.0	0.0	0.6594551182703194	0.0	0.0	0.0	0.0	0.0	0.0	0.0	1.7504467308851335	0.0	0.5656937784871479	0.0	0.0	0.0	0.0	0.0
11107	3.174001020316616	0.0	0.0	0.0	0.0	0.0	0.0	0.0	2.132292687646685	0.0	0.0	0.0	0.0	0.0	0.0	0.0	3.5592269219379107	0.0	0.0	0.0	0.0	0.917314774845776	0.0	0.0
11108	2.4982219931173337	0.0	0.0	0.0	0.0	0.0	0.0	0.0	3.0999877586626603	0.0	0.0	0.0	0.0	0.0	0.0	0.0	3.1130969968316484	0.0	0.0	0.0	0.0	0.8441037320206815	0.0	0.0
11109	2.095649645461626	0.0	0.0	0.0	0.0	0.0	0.0	0.0	2.175688473605984	0.0	0.0	0.0	0.0	0.0	0.0	0.0	4.061623632517561	0.0	1.0804478921404235	0.0	0.0	0.0	0.0	0.0
11110	1.2286471798295882	0.0	0.0	0.0	0.0	0.0	0.0	0.0	3.2669089308864345	0.0	0.0	0.0	0.0	0.0	0.0	0.0	4.450518384094417	0.0	1.230243647557531	0.0	0.0	0.0	0.0	0.0
11111	2.0153835396357067	0.0	0.2693860993507572	0.0	0.0	0.0	0.0	0.0	1.8568227136745379	0.0	0.0	0.0	0.0	0.0	0.0	0.0	1.3300869535928541	0.0	1.2103274553212295	0.0	0.0	0.0	0.0	0.0
11112	0.6142441846426768	0.0	0.0	0.0	0.0	0.0	0.0	0.0	2.1153369113651026	0.9336085163851782	0.0	0.0	0.0	1.3990050884040315	0.0	0.0	2.21716452714586	0.0	0.0	0.0	0.0	0.0	0.0	0.0
11113	2.6928501092420873	0.0	0.0	0.0	0.0	0.0	0.0	0.0	2.407241940414409	0.3833026860191581	0.0	0.0	0.0	0.35629335469030243	0.0	0.0	3.6784058948822635	0.0	0.0	0.0	0.0	1.27345901760352	0.0	0.0
11114	2.962485643887714	0.0	0.0	0.0	0.0	0.0	0.0	0.0	2.1456468087755307	0.0	0.0	0.0	0.0	0.0	0.0	0.0	3.334827847566141	0.0	0.44928530731827837	0.0	0.0	0.0	0.0	0.0
11115	2.448418394585817	0.0	0.0	0.0	0.0	0.0	0.0	0.0	3.1611556708727235	0.4980688329521098	0.0	0.0	0.0	0.0	0.0	0.0	3.2133304646753436	0.0	0.7861755099700667	0.0	0.0	0.44946428177283365	0.0	0.0
11116	1.8165776507462885	0.0	0.0	0.0	0.0	0.0	0.0	0.0	1.0895863009482898	0.0	0.0	0.0	0.0	0.0	0.0	0.0	0.9454753815572142	0.0	0.14111020290820958	0.0	0.0	0.49719950736327334	0.0	0.0
11117	1.9209057033858714	0.0	0.0	0.0	0.0	0.0	0.0	0.0	2.432710958860162	0.0	0.0	0.0	1.2860110949572496	0.0	0.0	0.0	3.8867080293682412	0.0	0.0	0.0	0.0	0.0	0.0	0.0
11118	6.145018917470239	0.0	0.0	0.0	0.0	0.0	0.0	0.0	2.7844180899813384	0.0	0.0	0.0	0.0	0.0	0.0	0.0	2.8511929168186376	0.0	1.4477602254547564	0.0	0.0	0.0	0.0	0.0
11119	1.2149084862032957	0.0	0.0	0.0	0.9999956491756277	0.0	0.0	0.0	2.1893760177134434	0.0	0.0	0.0	0.0	0.0	0.0	0.0	1.9918429911093096	0.0	0.0	0.0	0.0	0.0	0.0	0.0
11120	2.288857369636366	0.0	0.0	0.0	0.0	0.0	0.0	0.0	1.893388232772138	1.077364452717638	0.0	0.0	0.0	0.0	0.0	0.0	7.463905999243197	0.0	1.8300759247464011	0.0	0.0	0.7865246038208716	0.0	0.0
11121	4.957752348916543	0.0	0.0	0.0	0.0	0.0	0.0	0.0	4.113753182391843	0.0	0.0	0.0	0.0	0.0	0.0	0.0	3.5201312373718134	0.0	0.8375218200822457	0.0	0.0	0.0	0.0	0.0
11122	1.2600238078681083	0.0	0.0	0.0	0.0	0.0	0.0	0.0	2.15264533738737	0.0	0.0	0.0	0.0	0.0	0.0	0.0	2.9870848181368563	0.0	0.0	0.0	0.0	0.0	0.0	0.0
11123	1.9746965813004764	0.0	0.0	0.0	0.0	0.7282631291677383	0.0	0.0	2.422266259329294	0.0	0.0	0.0	0.0	0.0	0.0	0.0	3.064483116215316	0.9142634962635182	2.273786255483675	0.0	0.0	0.5158051953703312	0.0	0.0
11124	3.4815252412613877	0.0	0.0	0.0	0.0	0.21399855537530532	0.0	0.0	3.0502622667471933	0.0	0.0	0.0	0.0	0.0	0.0	0.0	3.2231717841014786	0.0	1.114669429682465	0.0	0.0	0.0	0.0	0.0
11125	2.991491744626697	0.0	0.0	0.0	0.0	0.0	0.0	0.0	2.0038685911821403	0.0	0.0	0.0	0.0	0.5512449850728833	0.0	0.0	2.1965261278673647	0.0	0.0	0.0	0.0	0.4227401116630232	0.0	0.0
11126	4.672368219916154	0.0	0.0	0.0	1.153533626900345	0.0	0.0	0.0	3.3289337428506482	0.0	0.0	0.0	0.0	0.0	0.0	0.0	3.0805541037612376	0.0	0.5190364926122393	0.0	0.0	0.7193041532615474	0.0	0.0
11127	0.8068715304598785	0.0	0.0	0.0	0.0	0.0	0.0	0.0	1.2017914156899783	0.0	0.0	0.0	0.0	0.0	0.0	0.0	2.864202415751209	0.0	0.0	0.0	0.08304347738264861	0.0	0.0	0.0
11128	2.0768810604889323	0.0	0.0	0.0	0.0	0.0	0.0	0.0	2.9412719452723786	0.0	0.0	0.0	0.0	0.0	0.0	0.0	4.444078248373705	0.0	0.8733192597662102	0.0	0.0	0.0	0.0	0.0
11129	2.887138661754204	0.0	0.0	0.0	0.0	0.0	0.0	0.0	2.0135275270890918	0.0	0.0	0.0	0.0	0.0	0.0	0.0	3.3611888410252764	0.0	0.0	0.0	0.0	0.0	0.0	0.0
11130	3.828957139578617	0.0	1.0142472931903388	0.0	0.0	0.0	0.0	0.0	2.307904846684245	0.0	0.0	0.0	0.0	1.2382418736611673	0.0	0.0	3.2950613194839935	0.0	0.0	0.0	0.0	0.920214134170657	0.0	0.0
11131	1.2683888331283741	0.0	0.0	0.0	0.0	0.0	0.0	0.0	1.9725386179344713	0.0	0.0	0.0	0.0	0.0	0.0	0.0	2.2943271475297933	0.0	0.6796403549505932	0.0	0.0	1.1786602207696724	0.0	0.0
11132	1.2286615993722179	0.0	0.44951315312227735	0.0	0.0	0.0	0.0	0.0	1.9617136840607736	0.0	0.0	0.0	0.0	0.7659860924831147	0.0	0.0	1.7515380348506122	0.0	0.24736422327595414	0.0	0.0	0.0	0.0	0.0
11133	1.0555555555555556	0.0	0.0	0.0	0.0	0.0	0.0	0.0	0.984657324105032	0.0	0.0	0.0	0.0	0.0	0.0	0.0	1.3860401388257073	0.6201436158464214	0.0	0.0	0.0	0.0	0.0	0.0
11134	3.0561404971464734	0.0	1.2616908447595345	0.0	0.0	0.0	0.0	0.0	2.2247751969727627	0.0	0.0	0.0	0.0	0.0	0.0	0.0	1.915680361198017	0.0	0.0	0.0	0.0	0.0	0.0	0.0
11135	2.2939293115504964	0.0	1.7468682081858942	0.0	0.0	0.6112547706198477	0.0	0.0	2.3409884937529393	0.0	0.0	0.0	0.0	0.0	0.0	0.0	2.3155431016573176	0.0	0.0	0.0	0.0	0.0	0.0	0.0
11136	1.933423763040635	0.0	0.8816268175347327	0.0	0.0	0.0	0.0	0.0	2.054137369058458	0.0	0.0	0.0	0.0	0.0	0.0	0.0	2.1805719648245643	0.0	0.0	0.0	0.7377548041099943	0.36602430714222495	0.0	0.0
11137	2.2393410721683287	0.0	0.0	0.0	0.0	0.0	0.0	0.0	1.0731908047709693	0.0	0.0	0.0	0.0	0.0	0.0	0.0	1.127264310793564	0.0	0.0	0.0	0.0	0.0	0.0	0.0
11138	1.872650191263621	0.0	0.0	0.0	0.0	0.0	0.0	0.0	2.172412287741209	0.49011797262344925	0.0	0.0	0.6843878208201452	0.0	0.0	0.0	4.325278856163149	0.0	0.0	0.0	0.0	0.0	0.0	0.0
11139	4.723800639416722	0.0	0.0	0.0	0.0	0.0	0.0	0.0	2.1482085780643954	0.0	0.0	0.0	0.0	0.0	0.0	0.0	3.9762480352085685	0.0	0.0	0.0	0.0	0.0	0.0	0.0
11140	2.9781701780189973	0.0	0.0	0.0	0.9733030181681164	0.0	0.0	0.0	3.2724786993204478	0.0	0.0	0.0	0.0	0.0	0.0	0.0	5.5535001627321225	0.0	0.0	0.0	0.0	0.4063093566836832	0.0	0.0
11141	1.9155894994371077	0.0	0.0	0.0	0.0	0.0	0.0	0.0	1.2833325817698618	0.0	0.971726063872878	0.0	0.0	0.0	0.0	0.0	2.7901115071305345	0.0	0.0	0.0	0.0	0.0	0.0	0.0
11142	3.9825837097475905	0.0	0.0	0.0	0.0	0.0	0.0	0.0	2.1145287151082384	0.0	0.0	0.0	0.794124147396613	0.0	0.0	0.0	1.9135386712244007	0.0	0.0	0.0	0.0	0.0	0.0	0.0
11143	2.3777888931875455	0.0	0.0	0.0	0.0	0.0	0.0	0.0	3.6025494005096954	0.0	0.0	0.0	0.0	0.0	0.0	0.0	3.158077451049388	0.0	0.0	0.0	0.0	0.0	0.0	0.0
11144	2.270173999120459	0.0	0.0	0.0	0.0	0.0	0.0	0.0	2.921421235918883	0.0	0.0	0.0	0.0	0.0	0.0	0.0	2.1474542978998867	0.0	0.45877267833179775	0.0	0.4089857372666251	0.0	0.0	0.0
11145	2.2550412912598614	0.0	0.0	0.0	0.0	0.0	0.0	0.0	1.062549765278523	0.49720670366844366	0.0	0.0	1.261722808086009	0.0	0.0	0.0	4.0674710801251335	0.0	0.7094327346412355	0.0	0.0	0.272151351318878	0.0	0.0
11146	1.8560516989253806	0.0	0.0	0.0	0.0	0.0	0.0	0.0	1.0555630960356461	0.0	0.0	0.0	1.078210761150019	0.0	0.0	0.0	3.3690501688229206	0.0	1.0121536991736368	0.0	0.0	0.0	0.0	0.0
11147	1.9537780169858805	0.0	0.0	0.0	0.8372623194414017	0.0	0.0	0.0	2.155848586646201	0.0	0.0	0.0	0.0	0.0	0.0	0.0	2.3144296351524094	0.0	0.7966903017983589	0.0	0.26513719386196666	0.6694269563238189	0.0	0.0
11148	3.3749714219183296	0.0	0.0	0.0	0.0	0.0	0.0	0.0	1.7978377004926207	0.0	0.0	0.0	0.0	0.0	0.0	0.0	2.2442006620215036	0.0	2.0775499704281426	0.0	0.0	0.0	0.0	0.0
11149	3.1739822976574503	0.0	0.0	0.0	0.0	0.0	0.0	0.0	4.378985312104414	0.0	0.0	1.3845929025056187	0.0	1.5726153927757938	0.0	0.0	2.825006035848038	0.0	0.0	0.0	0.0	1.3061910452193572	0.0	0.0
11150	2.0513554343820948	0.0	0.0	0.0	0.0	0.0	0.0	0.0	1.8157469037197487	0.0	0.0	0.0	1.0329319157808514	0.0	0.0	0.0	2.176846351368036	0.0	0.0	0.0	0.0	0.0	0.0	0.0
11151	3.710585043159766	0.8795389091493482	1.7859659183217014	0.0	0.29835080319796137	0.0	0.0	0.0	2.624718681478038	0.0	0.0	0.0	0.0	3.926484862455819	0.0	0.0	5.0433828101483655	0.0	0.5977315338987408	0.0	0.0	0.3441046616667068	0.0	0.0
11152	6.0302353841564535	0.0	0.0	0.0	1.8239361358512411	0.0	0.0	0.0	1.2550702953544044	0.0	0.0	0.0	1.371493655619261	0.0	0.0	0.0	2.1528276275996174	0.0	0.0	0.0	0.0	0.0	0.0	0.0
11153	4.179315067885001	0.0	0.0	0.0	0.0	0.0	0.0	0.0	3.12863203795775	0.0	0.0	0.0	0.2948110924760355	0.0	0.0	0.0	2.2018035654795765	0.0	0.0	0.0	0.0	0.0	0.0	0.0
11154	1.952971203530942	0.0	0.8136640885690465	0.0	1.0900120854983977	0.0	0.0	0.0	0.9945362089915455	0.0	0.0	0.0	0.0	0.0	0.0	0.0	1.0766186728500364	0.0	0.0	0.0	0.0	0.0	0.0	0.0
11155	1.83255353754506	0.0	0.0	0.0	0.0	0.0	0.0	0.0	1.0428171125362165	0.0	0.0	0.0	0.0	0.0	0.0	0.0	4.293401852018035	0.0	0.0	0.0	0.0	0.0	0.0	0.0
11156	4.221808575340158	0.6435166681443035	0.0	0.0	0.0	0.0	0.0	0.0	2.3892636959935025	0.0	0.0	0.0	1.7789240988727915	0.0	0.0	0.0	1.987286174712133	0.0	0.0	0.0	0.0	0.0	0.0	0.0
11157	1.5203722856315496	0.0	0.7032708354846524	0.0	0.0	0.0	0.0	0.0	1.1892708835143488	0.0	0.0	0.0	0.0	0.0	0.0	0.0	2.831473640210449	0.0	0.0	0.0	0.0	0.0	0.0	0.0
11158	2.4652999608523034	0.0	1.874376607837491	0.0	0.0	0.0	0.0	0.0	2.3040814848440756	0.0	0.0	0.0	0.0	1.4595699005462455	0.0	0.0	5.394767262582581	0.0	0.0	0.0	0.0	0.0	0.0	0.0
11159	1.7988473439215729	0.0	0.0	0.0	0.0	0.0	0.0	0.0	3.616439061552606	0.0	0.0	0.0	0.0	0.0	0.0	0.0	1.8278575918652944	0.0	0.0	0.0	0.0	0.6423173548033435	0.0	0.0
11160	2.979412023642293	0.0	0.0	0.0	0.0	0.0	0.0	0.0	2.8502014589150333	0.0	0.0	0.0	0.0	0.0	0.0	0.0	2.855929817515919	0.0	0.8141830747444383	0.0	0.0	0.0	0.0	0.0
11161	2.087678136111982	0.0	0.49822548991498755	0.0	0.0	0.0	0.0	0.0	1.8638586783167688	0.0	0.0	0.9451628853614947	0.0	0.0	0.0	0.0	1.1134268177520301	0.0	0.0	0.0	0.0	0.0	0.0	0.0
11162	2.974741444811087	0.0	0.0	0.0	0.0	0.7199462245703577	0.0	0.0	3.5387645902507736	0.0	0.0	0.0	0.0	0.0	0.0	0.0	1.8890282280112165	0.0	0.0	0.0	0.0	0.0	0.0	0.0
11163	2.988651112893619	0.0	0.0	0.0	0.0	0.6037301457352733	0.0	0.0	2.09166265792954	0.0	0.0	0.0	0.0	0.6439587158322555	0.0	0.0	3.489119137897059	0.0	0.121792569994914	0.0	0.0	0.0	0.0	0.0
11164	3.250342408544379	0.0	0.0	0.0	0.0	0.0	0.0	0.0	1.7482603883048464	0.7727635042223823	0.0	0.0	0.0	0.0	0.0	0.0	1.8670416386519584	0.0	0.0	0.0	0.0	0.0	0.0	0.0
11165	2.095742375832515	0.0	0.0	0.0	0.0	0.0	0.0	0.0	2.261267590653669	0.0	0.0	0.0	1.12041291609104	0.0	0.0	0.0	1.9374144631367347	0.0	0.41740838141499376	0.0	0.0	0.6334841628959276	0.0	0.0
11166	2.070873562827391	0.0	0.648144213718233	0.0	0.0	0.0	0.0	0.0	2.9885289464421865	0.0	0.0	0.0	0.0	0.0	0.0	0.0	1.453390801195127	0.0	0.5988868648573547	0.0	0.0	0.0	0.0	0.0
11167	3.2611764214278436	0.0	0.0	0.0	0.0	0.0	0.0	0.0	1.9756146239206052	0.0	0.0	0.0	0.0	0.0	0.0	0.0	0.9694534977331162	0.0	0.8841351770729792	0.0	0.0	0.0	0.0	0.0
11168	2.314330569667502	0.0	0.0	0.0	0.8369051160692779	0.0	0.0	0.0	4.450866435474172	0.0	0.4473355623424577	0.0	0.0	0.0	0.0	0.0	3.9755034569508845	0.0	0.8572254431223755	0.0	0.0	0.0	0.0	0.0
11169	1.0432258713488187	0.0	0.38142781925805114	0.0	0.0	0.0	0.0	0.0	1.0127902053238864	0.0	0.0	0.0	0.0	0.0	0.0	0.0	1.962328766777773	0.0	0.0	0.0	0.0	0.3615603694175295	0.0	0.0
11170	2.0149751776759706	0.0	0.0	0.0	0.0	0.0	0.0	0.0	2.151820288861399	0.0	0.0	0.798374951439656	0.0	0.0	0.0	0.0	2.0387751396915927	0.0	0.0	0.0	0.0	0.4952678800123564	0.0	0.0
11171	2.378209155649256	0.0	0.0	0.0	0.0	0.0	0.0	0.0	3.3414468104380926	0.0	0.0	0.46075311979974304	0.0	0.48769179351546715	0.0	0.0	3.2547757612075108	0.0	0.7844005374309995	0.0	0.0	0.5971940221735362	0.0	0.0
11172	2.1271817344461805	0.0	0.0	0.0	0.0	0.0	0.0	0.0	4.3797369028878705	0.0	0.0	0.0	1.7714962968866523	0.0	0.0	0.0	3.0790309610685553	0.0	0.0	0.0	0.0	0.0	0.0	0.0
11173	0.9970105686015569	0.0	0.0	0.0	0.0	0.0	0.0	0.0	2.3174827402025033	0.0	0.0	0.0	0.0	0.0	0.0	0.0	4.011051659373844	0.0	0.9030172840548553	0.0	0.23269809724151835	0.0	0.0	0.0
11174	3.2058655878971725	0.0	1.2333785550584135	0.0	0.0	0.0	0.0	0.0	2.2597590009957385	0.0	0.0	0.0	0.0	0.0	0.0	0.0	4.015339627041756	0.6505181232954604	0.0	0.0	0.0	0.4105528181367858	0.0	0.0
11175	1.2858840844678308	0.0	0.0	0.0	0.0	0.0	0.0	0.0	2.173263966881819	0.4768594998946104	0.0	0.0	0.0	0.0	0.0	0.0	3.8608548598539145	0.0	1.3581109982352824	0.0	0.0	0.0	0.0	0.0
11176	1.738868231116508	0.0	0.695991453176871	0.0	0.0	0.0	0.0	0.0	3.058071880538979	0.6415457975151222	0.0	0.0	1.5022270553201305	0.0	0.0	0.0	3.5510134074776216	0.0	2.316231014562438	0.0	0.0	0.5743282336684155	0.0	0.0
11177	2.378296931902385	0.0	0.0	0.0	0.0	0.0	0.0	0.0	1.7476042903684168	0.0	0.0	0.0	1.0864038040358661	0.0	0.0	0.0	3.4578312888604357	0.0	0.0	0.0	0.0	0.0	0.0	0.0
11178	2.3893795601954197	0.0	0.0	0.0	0.0	0.34992710611188255	0.0	0.0	1.4198062868565642	0.44109343916754146	0.0	0.8764562641629061	0.0	0.0	0.0	0.0	2.9731637187272995	0.0	0.0	0.0	0.0	0.0	0.0	0.0
11179	1.2883991226203837	0.0	0.0	0.0	0.0	0.0	0.0	0.0	2.5826646496598857	0.0	0.0	0.0	1.3982843518878543	0.0	0.0	0.0	2.0019890331863004	0.0	0.7568515056548943	0.0	0.0	0.0	0.0	0.0
11180	2.3697175878723424	0.0	0.7710442154575273	0.0	0.9287925326828056	0.0	0.0	0.0	2.7391886182185297	0.4903615863839435	0.0	0.0	0.0	0.0	0.0	0.0	2.295848437628348	0.0	0.0	0.0	0.0	0.8618083897369263	0.0	0.0
11181	0.5069967063480861	0.0	0.0	0.0	0.8270038166315749	0.0	0.0	0.0	1.06259553667603	0.0	0.0	0.0	0.0	0.0	0.0	0.0	1.1705987845252834	0.0	0.0	0.0	0.0	0.0	0.0	0.0
11182	2.934430360853657	0.0	0.0	0.0	0.0	0.0	0.0	0.0	2.6363566701405703	0.0	0.0	0.0	1.0394179600980116	0.0	0.0	0.0	5.480539532404109	0.0	0.0	0.0	0.0	0.0	0.0	0.0
11183	0.0	0.0	0.0	0.0	0.0	0.0	0.0	0.0	0.0	0.0	0.0	0.0	0.0	0.0	0.0	0.0	0.7571838567259043	0.0	0.0	0.0	0.0	0.0	0.0	0.0
11184	4.230009903728207	0.0	0.0	0.0	0.8634958498265517	0.5208655727302643	0.0	0.0	3.1668199201558442	0.0	0.0	0.0	0.0	0.0	0.0	0.0	1.2314395569316672	0.0	0.662387279574835	0.0	0.0	0.0	0.0	0.0
11185	2.1574197141828813	0.0	0.0	0.0	0.9959336201110792	0.0	0.0	0.0	3.777227803868169	0.0	0.0	0.0	1.048775958960337	0.0	0.0	0.0	1.247416922921858	0.0	0.73383341737579	0.0	0.0	0.0	0.0	0.0
11186	1.9861440728448088	0.0	0.0	0.0	0.8829921490932218	0.0	0.0	0.0	1.7374083153711992	0.0	0.8389440440666602	0.0	0.0	0.0	0.0	0.0	3.848875959789579	0.0	0.7055835307313887	0.0	0.0	0.0	0.0	0.0
11187	2.12691157214879	0.0	1.4710679645775036	0.0	0.0	0.5828405809824618	0.0	0.0	2.6205110302280485	0.24351520445698663	0.0	0.0	0.0	0.0	0.0	0.0	4.090630226931278	0.0	0.0	0.0	0.0	0.0	0.0	0.0
11188	2.361567003904558	0.0	0.0	0.0	0.0	0.0	0.0	0.0	2.4839439322253223	0.0	0.0	0.0	0.0	0.0	0.0	0.0	1.406385355224695	0.0	0.6378797869649918	0.0	0.0	0.0	0.0	0.0
11189	1.1820492545248964	0.0	0.0	0.0	0.0	0.0	0.0	0.0	3.4011821187337645	0.0	0.0	0.0	0.0	0.0	0.0	0.0	4.519332500558837	0.0	0.2202029851153079	0.0	0.6542373287565569	0.0	0.0	0.0
11190	2.047101458180155	0.0	0.0	0.0	0.0	0.0	0.0	0.0	2.9861582812474747	0.0	0.08873285624999165	0.0	0.0	0.0	0.0	0.0	2.1474079688326855	0.0	0.0	0.0	0.0	0.0	0.0	0.0
11191	3.7686704963752278	0.0	0.0	0.0	0.0	0.0	0.0	0.0	2.4767777876009553	0.0	0.0	0.0	0.0	0.0	0.0	0.0	3.646964848987093	0.0	0.0	0.0	1.5812196810509473	0.0	0.0	0.0
11192	2.2546167805384467	0.0	0.0	0.0	0.866958635595609	0.0	0.0	0.0	2.194631136157209	0.0	0.0	0.0	0.7974205784274204	0.0	0.0	0.0	3.101364358399273	0.0	0.0	0.0	0.0	0.0	0.0	0.0
11193	3.1735461121808415	0.0	1.1102884301792517	0.0	0.0	0.0	0.0	0.0	1.3211670536011557	0.0	0.0	0.0	0.0	0.0	0.0	0.0	1.7609916895913993	0.0	1.1045506332541661	0.0	0.0	0.0	0.0	0.0
11194	3.6071574689640578	0.0	0.0	0.0	0.0	0.0	0.0	0.0	2.3568769067810957	0.0	0.0	0.0	0.0	0.7405895537321774	0.0	1.3513521684947782	2.4240807385682923	0.0	0.4849647246270424	0.0	0.0	0.7543533779234163	0.0	0.0
11195	2.253334402538739	0.0	0.0	0.0	1.366449264062333	0.0	0.0	0.0	1.9908617944075953	0.0	0.0	0.0	0.0	0.0	0.0	0.0	2.902870269446196	0.0	0.0	0.0	0.0	0.0	0.0	0.0
11196	4.50498820824841	0.0	0.0	0.0	0.0	0.0	0.0	0.0	4.272471435476104	0.0	0.0	0.0	1.2788339158833644	0.0	0.0	0.0	4.146952047815554	0.0	1.0173898937515107	0.0	0.0	0.0	0.0	0.0
11197	2.0882987674865454	0.0	1.0992839924443292	0.0	0.0	0.0	0.0	0.0	2.9474157331690134	0.0	0.0	0.0	0.0	0.0	0.0	0.0	2.1435768338296723	0.0	0.7670198667169733	0.0	0.9151230733376803	0.0	0.0	0.0
11198	2.5421888684205394	0.0	0.0	0.0	0.7960254453817985	0.0	0.0	0.0	3.3864193859163314	0.0	0.0	0.0	0.8708984687167463	0.0	0.0	0.0	0.7632568679273193	0.0	1.5519375988952908	0.0	0.0	0.0	0.0	0.0
11199	2.2626020661298467	0.0	0.7058581733092041	0.0	1.1608111879290495	0.0	0.0	0.0	1.6876144872662602	0.0	0.0	0.0	0.0	0.8973072639279961	0.0	0.0	2.976154718849823	0.0	1.2186382207543052	0.0	0.0	0.0	0.0	0.0
11200	3.18428779998494	0.0	0.0	0.0	1.0708496361608792	0.0	0.0	0.0	1.998075860907242	0.0	0.0	0.0	1.1381029612605087	0.0	0.0	0.0	2.1346853372209393	0.0	0.9474088914255036	0.0	0.0	0.0	0.0	0.0
11201	3.455782146736442	0.5520741570461213	0.0	0.0	0.0	0.0	0.0	0.0	2.252460608452744	0.0	0.9326696074385505	0.0	0.8270772935683108	0.0	0.0	0.0	3.1868538155525075	0.0	0.0	0.0	1.0674468899573446	0.0	0.0	0.0
11202	1.6703310895867252	0.0	0.7643524670448516	0.0	0.0	0.0	0.0	0.0	2.9587209216915706	0.0	0.0	0.0	0.0	0.0	0.0	0.0	2.0946728434263084	0.0	0.0	0.0	0.0	0.9875337503565529	0.0	0.0
11203	1.9764517046160077	0.0	0.0	0.0	0.0	0.0	0.0	0.0	4.415188686294345	0.0	0.0	0.40413768829321856	0.7930462590264512	0.0	0.0	0.0	6.809498598274816	0.0	0.9652300111626555	0.0	0.7399558906241912	0.849318393978451	0.0	0.0
11204	0.0	0.0	0.0	0.0	0.0	0.0	0.0	0.0	0.0	0.0	0.0	0.0	0.0	0.0	0.0	0.0	0.0	0.0	0.0	0.0	0.0	0.0	0.0	0.0
11205	3.1420062626010616	0.0	0.0	0.0	0.0	0.0	0.0	0.0	1.7719860892627688	0.0	0.0	0.0	1.018844114798721	0.0	0.0	0.0	2.416997790957843	0.0	0.0	0.0	0.0	0.0	0.0	0.0
11206	1.7895664679793921	0.0	0.8064179869207339	0.0	0.0	0.0	0.0	0.0	3.720278166367051	0.0	0.0	0.0	0.0	0.0	0.0	0.0	3.4165334475820432	0.0	1.454079978136365	0.0	0.0	1.0261964261929377	0.0	0.0
11207	2.1752317753862496	0.0	1.2502772574351997	0.0	1.9298666630385781	0.0	0.0	0.0	3.4710361430518692	0.0	0.0	0.0	0.0	0.0	0.0	0.0	6.377522495012167	0.0	1.0411018337236784	0.0	0.8400565991754526	0.0	0.0	0.0
11208	2.128053201214746	0.0	0.8367514128908456	0.0	0.0	0.0	0.0	0.0	4.641380310822908	0.0	0.0	0.0	0.9583607545329645	0.0	0.0	0.0	2.233906598017687	0.0	0.5174302887661669	0.0	0.0	0.0	0.0	0.0
11209	1.7059719094416352	0.0	0.606124334558825	0.0	0.3536584740821727	0.0	0.0	0.0	1.6274231718221763	0.0	0.0	0.0	0.0	0.8474429764661093	0.0	0.0	6.155604372191797	0.0	0.8883865959274095	0.0	0.0	0.0	0.0	0.0
11210	2.242733937470006	0.0	0.0	0.0	0.0	0.0	0.0	0.0	1.4817477775176366	0.0	0.0	0.0	0.0	0.0	0.0	0.0	2.1044045943351466	0.0	0.0	0.0	0.0	0.0	0.0	0.0
11211	1.9455364808695266	0.0	0.0	0.0	0.6871579810185996	0.0	0.0	0.0	4.582089337384085	0.7855857977776963	0.0	0.0	0.8883666375386015	0.0	0.0	0.0	0.9540985483603569	0.0	0.0	0.0	0.0	0.0	0.0	0.0
11212	4.276844428058943	0.0	1.0928523674295763	0.0	1.4708872588589619	0.0	0.0	0.0	3.7042282198575758	0.0	0.0	0.0	0.0	0.0	0.0	0.0	4.273699621092264	0.0	0.7044686825548448	0.0	0.0	0.0	0.0	0.0
11213	3.4426076805057133	0.0	0.0	0.0	0.0	0.0	0.0	0.0	1.8940819830200128	0.0	0.0	0.0	0.0	0.0	0.0	0.0	4.54427854777641	0.0	0.7437836277143651	0.0	0.0	0.0	0.0	0.0
11214	2.236812835618378	0.0	0.7193857563718171	0.0	0.9107640367176735	0.0	0.0	0.0	2.9000909478451784	0.0	0.5326948560911186	0.0	0.0	0.0	0.0	0.0	3.8537966052928825	0.0	0.0	0.0	0.0	0.0	0.0	0.0
11215	2.0505903561213543	0.0	0.0	0.0	0.3154087325840637	0.0	0.0	0.0	2.0483656780183015	0.0	0.0	0.0	0.0	0.0	0.0	0.0	2.724674965549131	0.0	1.0388030659074887	0.0	0.0	0.0	0.0	0.0
11216	0.8451470311570078	0.0	0.9778433046468302	0.0	0.0	0.0	0.0	0.0	1.8364365459094767	0.0	0.0	0.0	0.0	0.0	0.0	0.0	1.9793554001840632	0.0	3.2803130933126705	0.0	0.0	0.0	0.0	0.0
11217	3.0374139793634516	0.0	0.0	0.0	0.0	0.0	0.0	0.0	1.8939001358966014	0.0	0.6574073858516877	0.0	0.0	0.0	0.0	0.0	4.787333966067789	0.0	0.9963017012380371	0.0	0.0	0.0	0.0	0.0
11218	2.5889488214331315	0.0	0.0	0.0	0.0	0.0	0.0	0.0	5.9722752733423965	0.0	0.0	0.0	0.0	0.0	0.0	0.0	1.2616441779463938	0.0	0.0	0.0	0.0	0.44647097646492684	0.0	0.6332914720658265
11219	3.522352271434906	0.0	0.0	0.0	0.0	0.0	0.0	0.0	3.908525249891813	1.3939239954840679	0.0	0.0	0.7686749191964521	0.0	0.0	0.0	1.7691069264992998	0.0	0.434305253808791	0.0	0.0	0.0	0.0	0.0
11220	1.2016521893713863	0.0	0.0	0.0	0.0	0.0	0.0	0.0	2.4198856779301576	0.0	0.0	0.0	0.0	0.0	0.0	0.0	1.2028330466274695	0.0	0.0	0.0	0.0	0.0	0.0	0.0
11221	1.0535142668377862	0.0	0.0	0.0	0.0	0.0	0.0	0.0	2.3841604656825384	0.0	1.2907067511331156	0.0	0.0	0.0	0.0	0.0	3.3707842016943257	0.0	0.0	0.0	0.0	0.0	0.0	0.0
11222	5.804303945406153	0.0	0.0	0.0	0.0	0.0	0.0	0.0	3.2146450049013797	0.0	0.0	0.0	1.1274034224114786	0.0	0.0	0.0	3.1716967433842824	0.0	1.1784814146972575	0.0	0.0	0.0	0.0	0.0
11223	1.2908165548866586	0.0	0.0	0.0	0.5804851346002708	0.0	0.0	0.0	2.79321279958697	0.0	0.0	0.0	0.0	0.0	0.0	0.0	3.5557706052386875	0.0	0.9850763930548195	0.0	0.0	0.0	0.0	0.0
11224	4.32711670095292	0.0	0.0	0.0	0.0	0.0	0.0	0.0	5.812402510211523	0.0	0.0	0.0	0.0	0.0	0.0	0.0	5.983288418071747	0.0	1.1150414240646451	0.0	0.0	0.0	0.0	0.0
11225	0.0	0.0	0.0	0.0	0.0	0.0	0.8452436069525723	0.0	0.0	0.0	1.1966506545837203	0.4347174226188142	0.0	0.0	0.0	2.4109235256203947	0.0	1.7295021598970137	1.2083186722075605	6.82828062636256	0.0	0.0	1.9153515156679277	2.1652332760412993
11226	2.715640105318317	0.0	1.2770221797574113	0.0	0.0	0.0	0.0	0.0	1.1662270343743817	0.0	0.0	0.0	0.0	0.0	0.0	0.0	5.629768493461636	0.0	0.0	0.0	0.0	2.3209949487491106	0.0	0.0
11227	2.701486323834972	0.712170004037708	0.9648728177102813	1.1100479957499856	0.8810360968737265	1.8118812475457733	0.0	1.2338238090330331	5.21530463847257	2.0825412514644626	1.7640509236204882	0.0	0.0	0.8995450348648876	0.0	0.934729439341843	2.9978644651592368	2.1264382724000694	1.1764160816256986	2.4326734534659136	0.0	3.024146661555647	0.9076803115136528	3.2970874692486833
11228	1.1894886742125694	1.4987175417957574	0.0	0.0	0.0	0.0	0.0	0.0	2.297801483342522	0.0	0.0	0.0	0.7924909343858527	0.0	0.0	0.0	2.0971050791192947	0.0	0.0	0.0	0.0	0.0	0.0	0.0
11229	2.3301844202133095	0.0	0.0	0.0	0.0	0.0	0.0	0.0	3.0959750522387366	0.0	0.0	0.0	0.9494982828662919	0.0	0.0	0.0	3.3180882657592154	0.0	0.0	0.0	0.0	0.0	0.0	0.0
11230	2.383773063557227	0.0	1.0429589779814286	0.0	0.0	0.0	0.0	0.0	2.1245130881896377	0.27946257845647304	0.0	0.0	0.3622042123995209	0.0	0.0	0.0	2.685557828226793	0.0	0.0	0.0	0.0	0.0	0.0	1.1062365866109585
11231	3.6595057445853514	0.0	0.0	0.0	0.0	0.0	0.0	0.0	2.4606550226506494	0.0	0.0	0.0	0.0	0.0	0.0	0.0	4.4785282775440685	0.0	0.9098157514786033	0.0	0.0	0.0	0.0	0.0
11232	2.3199345942909493	0.0	0.0	0.0	0.0	0.0	0.0	0.0	1.2865509281151255	0.0	0.0	0.0	0.40325755811212577	0.0	0.0	0.0	3.2070771677758603	0.0	1.213702800297015	0.0	0.0	0.0	0.0	0.0
11233	3.4668442247629256	0.0	0.9877877469200714	0.0	0.0	0.0	0.0	0.0	3.606813230524647	0.0	0.3143628085764765	0.0	0.0	0.8222857756378449	0.0	0.0	2.373336558103053	0.0	0.0	0.0	0.0	0.0	0.0	0.0
11234	2.251217522491285	0.0	0.0	0.0	0.0	0.0	0.0	0.0	1.8949234514971247	0.0	0.0	0.0	0.0	0.0	0.0	0.0	2.094824887078966	0.0	1.0459199843235047	0.0	0.0	0.0	0.0	0.0
11235	2.057452892685777	0.0	0.6934340564798082	0.0	0.0	0.0	0.0	0.0	4.303247551247385	0.0	0.0	0.0	0.0	0.0	0.0	0.0	3.400962993765673	0.0	0.0	0.0	0.0	0.0	0.0	0.0
11236	2.6509173348007584	0.0	0.0	0.0	0.5260764512887728	0.0	0.0	0.0	1.8674764195077853	0.0	0.0	0.0	0.0	0.0	0.0	0.0	3.4872589522431507	0.0	0.9543466530324071	0.0	0.0	0.0	0.0	0.0
11237	1.206515412057303	0.0	0.0	0.0	0.657322654433459	0.0	0.0	0.0	1.9688485781245835	0.0	0.0	0.0	0.0	0.423291079742281	0.0	0.0	1.79847412608314	0.0	0.9616745281137964	0.0	0.0	0.0	0.0	0.0
11238	4.180773265022751	0.0	1.0881525615752647	0.0	0.0	0.0	0.0	0.0	5.360297433813018	0.0	0.0	0.0	0.0	0.0	0.0	0.0	3.429176264179031	0.0	0.0	0.0	0.0	0.6496747741656608	0.0	0.0
11239	1.016121001478046	0.0	0.0	0.0	0.0	0.0	0.0	0.0	3.5011549117360596	0.0	0.0	0.39880458813971786	0.0	0.0	0.0	0.0	1.9405993248813527	0.0	0.3877985651176444	0.0	0.0	0.0	0.0	0.0
11240	0.9498537899183338	0.0	0.0	0.0	0.0	0.0	0.0	0.0	3.043686932082954	0.0	0.0	0.0	0.0	0.0	0.0	0.0	3.926254352987168	0.0	0.0	0.0	0.0	0.0	0.0	0.0
11241	3.9344027238436623	0.0	1.2727548262813286	0.0	0.0	0.0	0.0	0.0	2.246078401473503	0.0	0.0	0.0	0.0	0.0	0.0	0.0	3.288821346919022	0.0	1.8457816795060666	0.0	0.0	1.0629816129889922	0.0	0.0
11242	5.717937608426139	0.0	0.0	0.0	0.0	0.0	0.0	0.0	2.424922042784107	0.0	1.0857779289307061	0.0	0.0	0.0	0.0	0.0	5.715512248913578	0.0	1.8850547102083233	0.0	0.0	0.0	0.0	0.0
11243	0.5765836095626149	0.0	0.0	0.0	0.0	0.0	0.0	0.0	0.0	0.0	0.0	0.0	0.0	0.0	0.0	0.0	0.4976057776774225	0.0	0.0	0.0	0.0	0.0	0.0	0.0
11244	1.8030543275327962	0.0	0.0	0.0	0.0	0.0	0.0	0.0	2.1251383094714864	0.0	0.0	0.0	0.0	0.0	0.0	0.0	3.1690822503399945	0.0	0.0	0.0	0.0	0.0	0.0	0.0
11245	3.16599993859797	0.0	0.0	0.0	1.3089459458180697	0.0	0.0	0.0	3.0488794937121413	0.0	0.0	0.0	0.0	0.0	0.0	0.0	4.269006066083784	0.0	1.1047967804535277	0.0	0.0	0.0	0.0	0.0
11246	3.191083869318805	0.0	0.0	0.0	0.7312470322826768	0.0	0.0	0.0	2.429353216378549	0.0	0.0	0.0	0.0	0.0	0.0	0.0	2.1031049731919107	0.0	0.0	0.0	0.0	0.0	0.0	0.0
11247	5.253444332391148	0.0	0.0	0.0	0.0	0.0	0.0	0.0	2.0866640042581523	0.0	0.0	0.0	0.0	0.0	0.0	0.0	3.674649679588219	0.0	0.0	0.0	0.3974484096406981	0.0	0.0	0.0
11248	3.3458087457569423	0.0	0.0	0.0	0.0	0.0	0.0	0.0	3.4491071767680834	0.0	0.0	0.0	0.7181871498587413	0.0	0.0	0.0	4.113224608511326	0.0	1.1122319534914231	0.0	0.0	0.0	0.0	0.0
11249	5.496522992597925	0.0	0.0	0.0	0.0	0.0	0.0	0.0	4.7952676191390164	0.7554650942561184	0.0	0.560585393451057	0.0	0.0	0.0	0.0	4.790743246144601	0.0	0.49990131037789726	0.0	0.0	0.8031873402396731	0.0	0.0
11250	1.997944260344325	0.0	0.0	0.0	0.0	0.0	0.0	0.0	2.110875110654908	0.0	0.0	0.0	0.0	0.0	0.0	0.0	3.194324492396719	0.0	1.9821927222321976	0.0	0.0	1.7288419045898211	0.0	0.0
11251	2.2979505338420534	0.0	0.0	0.0	0.0	0.0	0.0	0.0	1.0462063190084196	0.0	0.0	0.0	0.0	0.0	0.0	0.0	2.088270503121429	0.0	0.5703303364790736	0.0	0.0	0.0	0.0	0.0
11252	2.264332474919455	0.0	0.0	0.0	1.2654107005173671	0.0	0.0	0.0	4.409098678953101	0.0	0.0	0.0	0.0	0.459267775916701	0.0	0.0	3.1944713531474154	0.0	0.8080084098652421	0.0	0.0	0.0	0.0	0.0
11253	3.3345786944524356	0.0	0.8927051810196037	0.0	0.0	0.0	0.0	0.0	4.359717234391763	0.0	0.0	0.0	0.0	0.0	0.0	0.0	2.9508408176728436	0.0	0.0	0.0	0.0	0.0	0.0	0.0
11254	2.1143715299876216	0.0	0.0	0.0	0.0	0.0	0.0	0.0	4.295680273700853	0.48789046862487484	0.0	0.0	0.8136991833092927	0.0	0.0	0.0	5.129847932391561	0.0	0.0	0.0	0.0	1.411854401516051	0.0	0.0
11255	3.454391718570539	0.0	0.0	0.0	0.0	0.0	0.0	0.0	2.1772111419117284	0.0	0.0	0.0	0.7563303372393481	0.0	0.0	0.0	2.8334545229602006	0.0	0.0	0.0	0.0	0.470573892043911	0.0	0.0
11256	2.81696126921226	0.0	1.3317413758101486	0.0	0.0	0.0	0.0	0.0	2.2180329187391865	0.0	0.0	0.0	0.0	0.0	0.0	0.0	2.255534367311954	0.0	0.0	0.0	0.0	0.0	0.0	0.0
11257	3.375598458664104	0.0	0.0	0.0	0.0	0.0	0.0	0.0	1.2137891922435877	0.8034335248394585	0.0	0.0	0.0	0.0	0.0	0.0	1.10937364153977	0.0	1.3234743284020942	0.0	0.0	0.0	0.0	0.0
11258	2.45446979145161	0.0	0.0	0.0	0.0	0.0	0.0	0.0	1.1475418320829098	0.0	0.0	0.0	0.0	0.0	0.0	0.0	1.2938800920181035	0.0	0.44284274170133026	0.0	0.0	0.0	0.0	0.0
11259	3.276865456838627	0.0	0.0	0.0	0.8196136242495945	0.0	0.0	0.0	3.2368392032477704	0.939061200082295	0.0	0.0	0.0	0.0	0.0	0.0	1.2356034114091254	0.0	0.0	0.0	0.0	0.0	0.0	0.0
11260	2.1056877674837655	0.0	0.0	0.0	0.0	0.0	0.0	0.0	1.374178155353707	0.8207052624086594	0.0	0.0	0.0	0.0	0.0	0.0	0.7696274058458246	0.0	0.0	0.49988110114727	0.0	0.0	0.0	0.0
11261	2.217921507609528	0.0	0.0	0.0	0.0	0.0	0.0	0.0	3.262637292453124	0.0	0.0	0.0	0.0	0.0	0.0	0.0	4.655406498743863	0.0	0.8401674676149355	0.0	0.0	0.0	0.0	0.0
11262	1.2955127506607387	0.0	1.2470978702927196	0.0	0.3808479467978398	0.0	0.0	0.0	1.2253288358452652	0.0	0.0	0.0	0.0	0.0	0.0	0.0	3.1224044711132257	0.0	1.3285168202995947	0.0	0.0	0.0	0.0	0.0
11263	1.7910186488577813	0.0	0.0	0.0	0.0	0.0	0.0	0.0	6.091470871046092	0.0	0.0	0.0	1.1805510975317661	0.0	0.0	0.0	1.7896419370753265	0.0	1.2471974433742894	0.0	0.0	0.0	0.0	0.0
11264	2.279393969937184	0.0	0.5782078644692098	0.0	0.0	0.0	0.0	0.0	4.324209005317982	0.0	0.0	0.0	0.0	0.0	0.0	0.0	3.4253041794603507	0.0	0.0	0.0	0.0	0.0	0.0	0.0
11265	2.3767446617961983	0.0	0.0	0.0	0.29582049462158433	0.0	0.0	0.0	1.1184556641648036	0.0	0.0	0.0	1.5772860425872717	0.0	0.0	0.0	4.403482258395053	0.0	0.0	0.0	0.0	0.6929317699703663	0.0	0.0
11266	4.417616765416713	0.0	0.0	0.0	0.0	0.0	0.0	0.0	1.9760595128614618	0.0	0.0	0.0	0.0	0.0	0.0	0.0	4.249722330679082	0.0	0.0	0.0	0.0	0.7332624208591569	0.0	0.0
11267	2.9410741839287056	0.0	0.0	0.0	0.0	0.0	0.0	0.0	2.2816767194768186	1.2900035753086947	0.0	0.0	1.165288286835417	0.7220095840338008	0.0	0.0	0.8391364531986302	0.0	0.0	0.0	0.0	0.0	0.0	0.4929117859591554
11268	2.384010265317609	0.0	0.0	0.0	0.0	0.0	0.0	0.0	4.305663332532999	0.0	0.0	0.0	0.0	1.0870845751657128	0.0	0.0	4.174635784927894	0.0	0.6662674411283396	0.0	0.0	0.0	0.0	0.9694016613559215
11269	3.6259038372262977	0.0	0.0	0.0	0.957251718054232	0.0	0.0	0.0	3.0707124821332576	0.0	0.0	0.0	0.6741292531768216	1.0879833879145513	0.0	1.084525105458149	1.973918576617253	0.0	0.0	0.0	0.0	5.980686433796634	0.0	0.0
11270	0.884463819173358	0.0	0.10845754260886067	0.0	0.5721411727379443	0.0	0.0	0.0	2.3738510169750864	0.0	0.0	0.0	0.0	0.0	0.0	0.0	2.1003219627905216	0.0	0.6355124969556839	0.0	0.0	0.0	0.0	0.0
11271	2.3542486215594463	0.0	0.7646024524611704	0.0	1.4564972484198349	0.0	0.0	0.0	1.662429859237017	2.116506473986042	0.0	0.0	0.0	0.0	0.0	1.3874535611969403	3.396351956374699	0.0	1.2305363236406057	0.0	0.0	1.289137287673687	0.0	0.8395732411030147
11272	2.6090975686764466	0.0	0.0	0.0	0.0	0.0	0.0	0.0	4.467522211416337	0.0	0.0	0.0	0.0	0.0	0.0	0.0	3.4656086426503223	0.0	0.4999540963498286	0.0	0.0	0.0	0.0	0.0
11273	2.3879584421722986	0.0	0.0	0.0	0.0	0.0	0.0	0.0	2.8091377582578536	0.0	0.0	0.0	0.0	0.0	0.0	0.0	2.8071354685227607	0.0	0.48089196933178296	0.0	0.0	0.0	0.0	0.0
11274	2.150383058960874	0.0	0.8020833295094488	0.0	0.6324734088665591	0.0	0.0	0.0	1.1404925847110563	0.0	0.0	0.0	0.0	0.0	0.0	0.0	3.215689263508893	0.0	0.0	0.0	0.1840015523105529	0.7339550964500503	0.0	0.0
11275	2.1047250774353174	0.0	1.33688354680897	0.0	0.0	0.0	0.0	0.0	1.5159549813847708	0.0	0.0	0.0	0.0	0.0	0.0	0.0	2.8686518650686113	0.0	0.0	0.0	0.0	0.3436805835224107	0.0	0.0
11276	1.7599015236034863	0.0	1.454857525324351	0.0	0.0	0.0	0.0	0.0	2.0070604453413905	0.0	0.0	0.0	0.0	0.774452639738121	0.0	0.0	6.015346327536929	0.0	0.0	0.0	0.0	0.0	0.0	0.0
11277	2.1508136397673017	0.5169232455174122	1.3752360800758703	0.0	0.0	0.0	0.0	0.0	5.428041618608021	0.0	0.0	0.0	0.7209842706089433	0.0	0.0	0.0	3.1237510893090334	0.0	0.7591476505054876	0.0	0.0	0.0	0.0	0.0
11278	1.1589783258581916	0.0	0.0	0.0	0.0	0.0	0.0	0.0	2.2145101447548674	0.0	0.0	0.0	0.0	0.0	0.0	0.0	2.112666750062926	0.0	0.0	0.0	0.0	0.0	0.0	0.0
11279	3.1074398263933993	0.0	1.0327369082526359	0.0	0.0	0.0	0.0	0.0	3.0456602936564465	0.49629773263760535	0.0	0.0	0.0	0.0	0.0	0.0	4.120966413492048	0.0	0.0	0.0	0.0	0.0	0.0	0.0
11280	1.2471929506280561	0.0	0.0	0.0	0.0	0.8295500454654144	0.0	0.0	1.8353669238472057	0.0	0.0	0.0	0.0	0.0	0.0	0.0	2.1378456445683818	0.0	1.173163548531734	0.0	0.0	0.0	0.0	0.0
11281	0.6762605160437523	0.0	0.0	0.0	0.0	0.0	0.0	0.0	3.549081778404972	0.0	0.0	0.939530312300397	0.7328731560817855	0.0	0.0	0.0	8.051969912387031	0.0	0.5734185415872367	0.0	0.0	0.0	0.0	0.0
11282	5.320018614852946	0.0	1.087558912864008	0.0	0.7970100231760947	0.0	0.0	0.0	2.829510825921654	0.0	0.0	0.0	0.0	0.0	0.0	0.0	1.0017673147797073	0.0	0.0	0.0	0.0	0.0	0.0	0.0
11283	2.3005997561611973	0.0	0.6551289777534749	0.0	0.0	0.0	0.0	0.0	2.9944870211148547	0.0	0.0	0.0	0.0	0.0	0.0	0.0	3.5096640351596773	0.0	1.025434670572076	0.0	0.0	0.0	0.0	0.0
11284	3.483744548332228	0.0	0.0	0.0	0.0	0.0	0.0	0.0	2.3776035200941945	0.0	0.0	0.0	0.0	0.0	0.0	0.0	3.4194848001015306	0.0	1.0538086083895404	0.0	0.0	0.0	0.0	0.0
11285	1.1419773854242141	0.0	0.6580878245151527	0.0	0.0	0.0	0.0	0.0	3.287625597202815	0.0	0.0	0.0	0.0	0.0	0.0	0.0	2.070908378225689	0.0	0.49961538455846694	0.0	0.0	0.0	0.0	0.4766601736920758
11286	3.12481474788555	0.0	0.0	0.0	1.618731719347637	1.056224930139341	0.0	0.0	2.186109681767737	0.0	0.0	0.0	0.0	0.6112921663145461	0.0	0.0	4.112844621138266	0.0	0.0	0.0	0.0	0.0	0.0	0.0
11287	3.5807698108709483	0.0	0.8155413392630897	0.0	0.0	0.0	0.0	0.0	2.0830434174861345	0.0	0.0	0.0	0.0	0.0	0.0	0.0	3.6362931436616686	0.0	0.755130424487402	0.0	0.0	0.0	0.0	0.0
11288	4.447626639173726	0.0	1.5455923912137735	0.0	0.0	0.0	0.0	0.0	1.9970762267713018	0.0	0.0	0.0	0.0	0.0	0.0	0.0	3.8958084900465715	0.0	0.0	0.0	0.0	0.0	0.0	0.0
11289	4.96391091142009	0.0	0.0	0.0	1.415974898815591	0.0	0.0	0.0	2.3492660486505557	0.0	0.0	0.0	0.0	0.0	0.0	0.0	1.164065899858027	0.0	0.0	0.0	0.0	0.0	0.0	0.0
11290	1.1451725962569028	0.0	0.0	0.0	0.9609065844705369	0.0	0.0	0.0	3.081655977804169	0.0	0.0	0.0	0.0	0.0	0.0	0.0	3.814100081745279	0.0	0.0	0.0	0.0	0.3917856889289195	0.0	0.0
11291	5.85928919249339	0.0	0.0	0.0	0.0	0.0	0.0	0.0	2.14032929862768	0.0	0.2095538698974917	0.0	0.0	0.0	0.0	0.0	2.3619710229198287	0.0	0.0	0.0	0.0	0.0	0.0	0.0
11292	3.6270598356888115	0.0	0.0	0.0	0.0	0.0	0.0	0.0	2.841453444931809	0.0	0.0	0.0	0.0	0.0	0.0	0.0	7.746087651047285	0.0	0.0	0.0	0.0	0.0	0.0	0.0
11293	4.43125281089826	0.0	0.9812109290413579	0.0	0.0	0.0	0.0	0.0	2.193915196375851	0.0	0.0	0.0	1.4994738353386068	0.0	0.0	0.0	3.0355786248292578	0.0	0.7886941016265884	0.0	0.0	0.0	0.0	0.0
11294	2.1288464528183044	0.0	1.633279598258916	0.0	0.0	0.0	0.0	0.0	2.2161633986674794	0.9098785560491998	0.0	0.0	0.0	0.0	0.0	0.0	4.489123471523722	0.0	0.0	0.0	0.0	0.9044542617593999	0.0	0.0
11295	2.486612682020561	0.0	0.0	0.0	1.0171321561769893	0.0	0.0	0.0	1.3957824389137603	0.3347249861102851	0.0	0.0	0.0	0.0	0.0	0.0	2.1135747198457895	0.0	1.3388750585189164	0.0	0.0	0.5887070270676416	0.0	0.0
11296	3.1292476684999	0.0	0.0	0.0	0.6461713453935541	0.0	0.0	0.0	2.869300985817639	0.0	0.0	0.0	0.8547987962355139	0.0	0.0	0.0	2.152455274914804	0.0	0.0	0.0	0.0	1.2898021791778411	0.0	0.0
11297	2.697963020595637	0.0	0.0	0.0	0.0	0.0	0.0	0.0	4.2471504588521745	0.0	0.0	0.0	0.9318490720709736	0.0	0.0	0.0	4.57667858570415	0.0	0.0	0.0	0.0	0.0	0.0	0.0
11298	2.81621424481338	0.0	0.0	0.0	0.0	0.5698348180145484	0.0	0.0	2.720897657805733	0.0	0.0	0.0	0.0	0.0	0.0	0.0	3.917489466808495	0.0	0.7316270238673915	0.0	0.0	0.653933136673291	0.0	0.0
11299	3.1393779324820965	0.0	0.9681018623587782	0.0	0.0	0.0	0.0	0.0	2.018939427716689	0.0	0.0	0.0	0.0	0.0	0.0	0.0	4.060528010171764	0.0	1.0124385743293804	0.0	0.0	0.4980150862683723	0.0	0.0
11300	2.1327710899310914	0.0	0.9022598791298528	0.0	0.0	0.0	0.0	0.0	4.529926999908196	2.4821558272419604	0.0	0.0	0.0	0.0	0.0	0.0	2.4191795547240442	0.0	0.0	0.0	0.0	0.4080248799621483	0.0	0.0
11301	1.482245269750436	0.0	0.0	0.0	0.0	0.0	0.0	0.0	1.1327974344728229	0.0	0.0	0.0	0.0	0.0	0.0	0.0	1.6846549491374432	0.0	0.6043940434545276	0.0	0.0	0.0	0.0	0.0
11302	3.082466943425258	0.0	0.9194321559964179	0.0	0.0	0.0	0.0	0.0	4.230498366581063	0.0	0.0	0.0	0.5179321749446911	0.7050016068699866	0.0	0.0	5.3737165040355395	0.0	0.0	0.0	0.0	0.0	0.0	0.0
11303	1.7559406714221693	0.0	0.0	0.0	1.0241363371471006	0.0	0.0	0.0	3.4629407429696903	0.0	0.0	0.0	1.0318978367927334	0.0	0.0	0.0	2.2443106304276026	0.0	0.8395825615178324	0.0	0.0	0.0	0.0	0.0
11304	1.1703987430414604	0.0	0.0	0.0	0.0	0.0	0.0	0.0	3.2018870330806903	0.0	0.0	0.0	0.0	0.0	0.0	0.0	2.011469122922656	0.0	0.0	0.0	0.0	0.0	0.0	0.0
11305	3.3688959904451523	0.0	0.0	0.0	0.5006652005429301	0.0	0.0	0.0	1.7826297876185053	0.0	0.0	0.0	0.0	0.0	0.0	0.0	3.43875248720478	0.0	0.0	0.0	0.0	0.0	0.0	0.0
11306	3.1984315712118314	0.0	0.0	0.0	0.8798286087811046	0.0	0.0	0.0	3.469865735871713	0.0	0.0	0.0	0.0	0.0	0.0	0.0	3.3004133636187745	0.0	1.5854665865889503	0.0	0.0	0.0	0.0	0.0
11307	2.0816420702299334	0.0	0.0	0.0	0.0	0.0	0.0	0.0	3.2777726691605933	0.7379831483367902	0.0	0.0	0.0	0.0	0.0	0.0	4.204650068107761	0.0	0.0	0.0	0.0	1.0461913049584406	0.0	0.0
11308	2.352170260696004	0.0	1.498880455153772	0.0	1.1278141498574774	0.0	0.0	0.0	3.3778600452354444	0.0	0.0	0.0	0.0	0.0	0.0	0.0	2.235044006829712	0.0	0.0	0.0	0.0	0.0	0.0	0.0
11309	3.6446489047759365	0.0	0.0	0.0	0.8332550894288665	0.0	0.0	0.0	3.618968719617894	0.0	0.0	0.0	0.0	0.0	0.0	0.0	3.734297249205382	0.0	0.0	0.0	0.0	0.0	0.0	0.0
11310	1.1222847062613623	0.0	0.0	0.0	0.0	0.0	0.0	0.0	0.980677892830473	0.0	0.0	0.0	0.0	0.0	0.0	0.0	1.59676604465175	0.0	0.0	0.0	0.0	0.0	0.0	0.0
11311	4.17796020492332	0.0	0.8479533851047814	0.0	1.541680915543639	0.0	0.0	0.0	0.8332988973601236	0.0	0.0	0.0	0.9983660119803514	0.0	0.0	0.0	2.2331897632938116	0.0	0.0	0.0	0.0	0.0	0.0	0.0
11312	0.9838886634179463	0.0	1.0653592431756111	0.0	0.07658262528464405	0.0	0.0	0.0	3.268597655112301	0.0	0.0	0.0	2.1450519373002392	0.34914204163102697	0.0	0.0	2.47009458697198	0.0	0.8254106905146925	0.0	0.0	0.44517912493897666	0.0	0.0
11313	7.355579491713763	0.0	0.0	0.0	0.0	0.0	0.0	0.0	2.4266959384112847	0.0	0.0	0.0	0.0	0.0	0.0	0.0	1.176891884282706	0.0	0.0	0.0	0.0	0.0	0.0	0.0
11314	2.0146098021606487	0.0	0.654639375555161	0.0	0.0	0.3765891841281671	0.0	0.0	1.940645062367263	0.0	0.0	0.0	0.0	0.0	0.0	0.0	2.012636270740695	0.0	1.0296152894392423	0.0	0.0	0.0	0.0	0.0
11315	1.4244569493653452	0.0	0.0	0.0	0.0	0.0	0.0	0.0	1.3839802941875752	0.0	0.0	0.0	0.0	0.0	0.0	0.0	2.023627194146984	0.0	0.24709112326370886	0.0	0.0	0.0	0.0	0.0
11316	2.4307332362681158	0.0	0.0	0.0	0.0	0.0	0.0	0.0	2.016676938478837	0.0	0.0	0.0	0.0	0.0	0.0	0.0	3.3562568786591815	0.0	0.0	0.0	0.0	3.023657914083675	0.0	0.0
11317	0.6957976229672858	0.0	0.0	0.0	1.176811027943848	0.0	0.0	0.0	1.0999822441748777	0.0	0.0	0.0	0.0	0.0	0.0	0.0	2.2444567361241994	0.0	1.2572106078126661	0.0	0.0	0.0	0.0	0.0
11318	0.8157423114079067	0.0	1.0476899927877779	0.0	0.0	0.0	0.0	0.0	3.8157042292913763	0.0	0.0	0.0	0.0	0.0	0.0	0.0	0.9846904855044947	0.0	0.0	0.0	0.0	0.0	0.0	0.0
11319	2.1557698740821105	0.0	0.7809481669021998	0.0	0.0	0.0	0.0	0.0	2.955259471313779	0.0	0.0	0.0	0.8539582469101664	0.0	0.0	0.0	3.259057733204703	0.0	1.7449661185140355	0.0	0.0	0.0	0.0	0.0
11320	4.727198909068319	0.0	0.0	0.0	0.8352292942427548	0.0	0.0	0.0	1.6363497803240385	0.0	0.0	0.0	0.0	0.0	0.0	0.0	2.3393058951334083	0.0	0.0	0.0	0.0	0.4689818128771898	0.0	0.0
11321	3.150195898600939	0.0	0.0	0.0	1.0076295670547561	0.0	0.0	0.0	3.058755854600909	0.0	0.0	0.0	0.0	0.0	0.0	0.0	4.249140017022283	0.0	0.0	0.0	0.0	1.4958910079367085	0.0	0.0
11322	1.9227478878242776	0.0	0.0	0.0	0.0	0.0	0.0	0.0	1.23682117287749	2.9698635511426077	0.0	0.0	0.0	0.0	0.0	0.0	3.1769700309188322	0.0	0.0	0.0	0.0	0.0	0.0	0.0
11323	5.922818603588841	0.0	0.9365392395311634	1.3745735163230788	0.8935696451057835	0.0	0.0	0.5143965861919836	3.030969807170931	0.6074557237474025	0.0	0.0	1.1017717561027365	0.0	0.0	1.055086424924028	4.453298687800159	1.6435638863807236	0.66829975613447	1.2462503717356441	0.6291302089449227	1.2015786824891217	0.0	3.1279227900662745
11324	0.0	0.0	0.0	0.0	0.0	0.0	0.0	0.0	0.0	0.0	0.8086645618767669	0.0	0.0	0.0	0.0	0.0	5.675983403948529	0.0	0.0	0.0	0.0	0.0	0.0	0.0
11325	3.226155871301652	0.0	0.0	0.0	0.0	0.0	0.0	0.0	1.1773160195745591	0.0	0.0	0.0	1.3302672440638603	0.13469247196555437	0.0	0.0	5.50290823970766	0.0	0.83039966363676	0.0	0.0	0.0	0.0	0.0
11326	1.1964048298475523	0.0	0.0	0.0	0.0	0.0	0.0	0.0	3.4041181608289275	1.1095886752252753	0.0	0.0	1.3794531539331487	0.0	0.0	0.0	5.328658336500827	0.0	0.7055599281417487	0.0	0.0	0.0	0.0	0.0
11327	3.951937158222321	0.0	1.4337536342697534	0.0	0.0	0.0	0.0	0.0	2.9119149351566285	0.0	0.0	0.0	0.7041938434105071	0.0	0.0	0.0	4.209321943239255	0.0	1.033375297591166	0.0	0.0	0.0	0.0	0.0
11328	2.1595741445949077	0.0	0.0	0.0	0.0	0.0	0.0	0.0	2.8312650050112205	0.0	0.0	0.0	0.6762961948805247	0.0	0.0	0.7148340047318592	3.4434925193975015	0.0	0.0	0.0	0.0	0.0	0.0	0.0
11329	2.9530068209356606	0.0	0.0	0.0	0.7601093995979844	0.9553567980447136	0.0	0.0	2.196904387744011	0.0	0.0	0.0	0.6267193980217537	0.0	0.0	0.0	4.8696136795577845	0.0	0.840721425587662	0.0	0.0	0.0	0.0	0.0
11330	2.1063597314727045	0.0	0.8820411233851996	0.0	0.0	0.0	0.0	0.0	2.9997145874855455	0.0	0.0	0.0	0.0	0.0	0.0	0.0	5.096669253797842	0.0	0.7419219752023348	0.0	0.0	0.0	0.0	0.0
11331	2.0673277197354487	0.0	0.8109476618476357	0.0	0.0	0.0	0.0	0.0	3.037984467160638	0.0	0.0	0.0	0.0	0.0	0.0	0.0	4.639157691377661	0.0	0.0	0.0	0.0	0.7007058443296248	0.0	0.0
11332	3.2412104467413068	0.0	0.0	0.0	1.3154151563418988	0.0	0.0	0.0	2.270639114922839	0.0	0.0	0.0	0.0	0.0	0.0	0.0	4.373194953563158	0.0	0.0	0.0	0.0	0.0	0.0	0.0
11333	3.6271564940517647	0.0	0.0	0.0	0.0	0.0	0.0	0.0	2.4931583359178675	0.0	0.0	0.0	0.0	0.8589232813690317	0.0	0.0	3.0811216561515997	0.0	0.0	0.0	0.0	0.0	0.0	0.0
11334	3.0869404067004518	0.0	0.9531521201236764	0.0	1.3345906236548568	0.0	0.0	0.0	2.259187497907736	0.0	0.0	0.0	1.5494642675104056	0.0	0.0	0.0	4.715310306646443	1.1206565822008334	0.0	0.0	0.0	1.129100253101594	0.0	0.0
11335	1.9593288183156286	0.0	1.127760579089048	0.0	0.0	0.0	0.0	0.0	3.2935557794150716	0.0	0.0	0.0	1.0959540901485743	0.0	0.0	0.0	1.9013848807343856	0.3613263063146113	1.0047746147955905	0.0	0.0	1.8009798523718283	0.0	0.0
11336	1.2086018553942781	0.0	0.0	0.0	0.8612410187910619	0.0	0.0	0.0	2.071732629876533	0.0	0.0	0.0	0.0	0.0	0.0	0.0	0.8763977970245024	0.0	0.0	0.0	0.0	0.9999850696129288	0.0	0.0
11337	3.2119533549019783	0.0	0.0	0.0	1.100385839590127	0.0	0.0	0.0	2.4755139505680828	0.0	0.0	0.0	0.0	0.0	0.0	0.0	2.2372783489459294	0.0	1.788071901369843	0.0	0.8377204573182072	0.0	0.0	0.0
11338	1.7167481618683342	0.0	0.0	0.0	0.48965343614473356	0.0	0.0	0.0	1.9025284032226355	0.0	0.8793421577437803	0.0	0.0	0.0	0.0	0.0	1.156978555000611	0.0	0.9816918156232524	0.0	0.0	0.0	0.0	0.0
11339	1.1627429179563809	0.0	0.0	0.0	2.01435229205724	0.0	0.0	0.0	3.3365862573098224	0.0	0.0	0.0	0.0	0.0	0.0	0.0	2.401994527652511	0.0	0.0	0.0	0.0	0.9081827742767751	0.0	0.0
11340	2.9915618867252074	0.0	0.0	0.0	0.0	0.0	0.0	0.0	0.9558963756006331	0.0	0.0	0.0	0.0	0.0	0.0	0.0	8.59331901421814	0.0	0.0	0.0	0.0	0.0	0.0	0.0
11341	6.865442062891919	0.9896168107733763	0.0	0.0	0.0	0.0	0.0	0.0	2.719942385913743	0.0	0.0	0.0	0.0	0.0	0.0	0.0	4.37850938576732	0.0	0.0	0.0	0.0	0.0	0.0	0.0
11342	2.7552210071597005	0.0	0.9801889076574042	0.0	0.0	0.0	0.0	0.0	4.607207943216789	0.0	0.3923483074507714	0.5897852358192422	0.0	0.5742660021275741	0.0	0.0	2.109604953524288	0.0	0.0	0.0	0.0	0.4635992289770461	0.0	1.298541721371384
11343	2.6166675155483796	0.0	0.7603516412450925	0.0	0.0	0.0	0.0	0.0	3.1503483028740344	0.0	0.0	0.0	0.6768246984542402	0.0	0.0	0.0	2.342417065654752	0.0	0.5460647412875502	0.0	0.0	0.0	0.0	0.0
11344	2.004977259909485	0.0	0.9633071756542548	0.0	0.0	0.0	0.0	0.0	1.9800911592174082	0.0	0.0	0.0	0.0	0.0	0.0	0.0	8.886831095937842	0.0	0.998071723234778	0.0	0.0	1.0966882550808192	0.0	0.0
11345	1.960744308732121	0.0	0.8429079815924008	0.0	0.0	0.0	0.0	0.0	2.7061136306422955	0.0	0.0	0.0	0.0	0.0	0.0	0.0	4.163327336858622	0.0	0.44548345426303676	0.0	0.0	0.0	0.0	0.0
11346	4.598426503761621	0.0	0.4145663616415941	0.0	1.3124833980207247	0.0	0.0	0.0	3.1154422702578777	0.7941797481516182	0.0	0.0	1.1596481383537685	0.0	0.0	0.0	5.493115346335591	0.0	2.0250504435750045	0.0	0.0	0.0	0.0	0.0
11347	0.0	0.0	0.0	0.0	0.0	0.0	0.0	0.0	0.0	0.0	0.0	0.0	0.0	0.0	0.0	0.0	1.1992010739496466	0.0	0.0	0.0	0.0	0.0	0.0	0.0
11348	2.264016701483692	0.10313616179167137	0.8198484035397523	0.0	0.0	0.0	0.0	0.0	3.1818769470995556	0.0	0.0	0.0	0.0	0.0	0.0	0.0	3.1498552252402745	0.0	0.0	0.0	0.0	0.0	0.0	0.0
11349	2.2757207558656414	0.0	0.0	0.0	0.9626121868240721	0.0	0.0	0.0	2.411308682330971	0.0	0.0	0.0	0.0	0.0	0.0	0.0	1.185764995125234	0.0	0.0	0.0	0.0	0.0	0.0	0.0
11350	2.2715907545023444	0.0	1.0703417222429088	0.0	0.0	0.0	0.0	0.0	3.173238389442675	0.0	0.0	0.0	0.0	0.0	0.0	0.0	2.175307915138715	0.0	0.0	0.0	0.0	0.7036079172659397	0.0	0.0
11351	3.276550243157403	0.0	0.0	0.0	0.0	0.0	0.0	0.0	1.0919337386000858	1.088750234670843	0.0	0.0	0.0	0.0	0.0	0.0	3.1377338250363715	0.0	1.2182047057267105	0.0	0.0	0.0	0.0	0.0
11352	3.007048779028728	0.0	0.0	0.0	0.0	0.0	0.0	0.0	2.314380223370483	0.0	0.0	0.0	0.0	0.0	0.0	0.0	3.254273168319694	0.0	0.8335629432998666	0.0	0.0	0.0	0.0	0.0
11353	2.0311765452499273	0.0	0.0	0.0	0.7963270573608122	0.8015829360594974	0.0	0.0	1.057914776089921	0.0	0.0	0.0	1.7622622260002059	0.0	0.0	0.0	1.8942892417961414	0.0	0.0	0.0	0.9999860025335408	0.0	0.0	0.0
11354	2.17645928057476	0.0	0.0	0.0	0.0	0.0	0.0	0.0	0.9401756278498918	0.0	0.0	0.0	0.0	0.0	0.0	0.0	1.0684512261336423	0.0	0.9291876995744308	0.33270455805683713	0.0	0.0	0.0	0.0
11355	0.0	0.0	0.0	0.0	0.0	0.0	0.0	0.0	0.0	0.0	0.0	0.0	0.0	0.0	0.0	0.0	1.111439793594594	0.0	0.0	0.0	0.0	0.0	0.0	0.0
11356	2.5713942789833872	0.0	2.070832485680299	0.0	1.0906073712792812	0.0	0.0	0.0	2.11740650906162	0.0	0.0	0.0	0.0	0.0	0.0	0.0	2.3455609639972406	0.0	1.4866845126853718	0.0	0.0	0.34975258370181367	0.0	0.0
11357	3.354730057940551	0.0	0.5749249140276645	0.0	0.9392174266662735	0.0	0.0	0.0	5.554436950752292	0.8779375530215161	0.0	0.0	0.0	1.0040443418007043	0.0	0.0	3.2798094053975335	0.0	0.5243031800492286	0.0	0.0	0.0	0.0	0.0
11358	3.0946940920819896	0.0	0.0	0.0	0.0	0.0	0.0	0.0	4.502958308823255	0.0	0.0	0.0	0.0	0.0	0.0	0.0	3.0915807509927067	0.0	0.0	0.0	0.0	0.0	0.0	0.0
11359	2.5584198058058596	0.0	0.0	0.0	0.0	0.0	0.0	0.0	3.752530694246884	0.0	0.0	0.0	0.0	0.7960254453817985	0.0	0.0	3.0847866605571155	0.0	0.7051453161565402	0.0	0.0	0.0	0.0	0.0
11360	3.167241919295198	0.0	1.4130381546048862	0.0	0.0	0.0	0.0	0.0	3.3317218795793395	0.725015167343552	0.0	0.0	1.3768370908563923	0.0	0.0	0.0	1.9712637781295104	0.0	0.959192640233755	0.0	0.0	0.0	0.0	0.0
11361	1.1063339115189685	0.0	0.0	0.0	0.8515660242922666	0.0	0.0	0.0	3.0333794328308556	0.0	0.0	0.0	0.0	0.0	0.0	0.0	1.751689176613415	0.0	0.0	0.0	0.0	0.0	0.0	0.0
11362	1.9030098995106068	0.0	0.0	0.0	1.0366129899327858	0.0	0.0	0.0	3.0665787655698304	0.0	0.0	0.0	0.0	0.0	0.0	0.0	4.322811971587584	0.0	2.0364958905460635	0.0	0.0	0.0	0.0	0.0
11363	5.032239497587487	0.0	0.25790930885756014	0.0	0.0	0.0	0.0	0.0	3.8162941795911838	0.0	0.0	0.0	0.0	0.0	0.0	0.0	4.511860709770685	0.0	0.0	0.0	0.0	0.0	0.0	0.0
11364	5.3751020201681134	0.0	0.0	0.0	1.2555304081666194	0.0	0.0	0.0	2.322116415540066	0.0	0.0	0.0	0.985851397853722	0.6843361544023683	0.0	0.0	2.3266977536332725	0.0	0.0	0.0	0.0	0.0	0.0	0.0
11365	2.0252541858690387	0.0	0.6537451330311667	0.0	0.0	0.0	0.0	0.0	3.1976919725757784	0.0	0.0	0.0	0.0	0.0	0.0	0.0	3.0068273383315955	0.0	1.1792239270199063	0.0	0.0	0.0	0.0	0.0
11366	1.7584525687466104	0.0	0.0	0.0	1.9618796509626855	0.0	0.0	0.0	6.41745055844477	0.0	0.0	0.0	0.0	0.0	0.0	0.0	1.9235678773271319	0.0	0.5729238614120864	0.0	0.0	0.0	0.0	0.0
11367	2.7376369192382537	0.0	0.9071970766860485	0.0	1.4967040554511766	0.0	0.0	0.0	3.122696613620207	0.0	0.0	0.0	0.0	0.0	0.0	0.0	3.3960937267396267	0.0	1.3639732087778502	0.0	0.0	0.0	0.0	0.0
11368	5.569178825842669	0.0	0.0	0.0	0.0	0.0	0.0	0.0	1.356865220826923	0.0	0.0	0.3552760242410689	0.0	0.0	0.0	0.0	3.0004005321950045	0.0	0.0	0.0	0.0	0.0	0.0	0.0
11369	7.151662419689053	0.0	0.0	0.0	0.0	0.0	0.0	0.0	0.7319987856699096	0.0	0.0	0.0	0.0	0.0	0.0	0.0	1.2089539601597303	0.0	0.8861415670529247	0.0	0.0	0.0	0.0	0.0
11370	4.430245346672566	0.0	0.0	0.0	0.0	0.0	0.0	0.0	3.6302684139265384	0.0	0.0	0.0	0.0	0.0	0.0	0.0	4.886534323850201	0.0	0.0	0.0	0.0	0.0	0.0	0.0
11371	1.9204649120129589	0.0	0.0	0.0	0.0	0.0	0.0	0.0	1.3807590529175626	0.4781301602940294	0.0	0.0	0.0	0.0	0.0	0.0	1.964792131440872	0.0	0.0	0.0	0.0	0.0	0.0	0.0
11372	1.2320328886841332	0.0	0.0	0.0	0.0	0.0	0.0	0.0	2.4864214158136453	0.0	0.0	0.0	0.0	0.0	0.0	0.0	1.2149958210383358	0.0	0.0	0.0	0.0	0.7543759878189411	0.0	0.0
11373	0.9470430229188803	0.0	0.0	0.0	1.0543361377464135	0.0	0.0	0.0	3.7838272078032795	0.0	0.0	0.0	0.0	0.0	0.0	0.0	2.4572528799405915	0.0	0.0	0.0	0.837350318299071	1.151994513018483	0.0	0.0
11374	3.2350876835370426	0.0	0.0	0.0	1.5186379687147997	0.0	0.0	0.0	3.2825721680458355	0.0	0.0	0.0	0.0	0.0	0.0	0.0	5.832581612327667	0.0	0.8702698515474793	0.0	0.0	1.5507220144999558	0.0	0.0
11375	2.3895301934594895	0.0	0.0	0.0	1.3921169159650284	0.0	0.0	0.0	2.8865392479330385	0.0	0.0	0.0	0.0	0.0	0.0	0.0	3.881811646019266	0.0	0.0	0.0	0.0	0.0	0.0	0.0
11376	4.468120920166791	0.0	0.0	0.0	0.0	0.0	0.0	0.0	3.3460740649496907	0.0	0.0	0.0	0.0	0.0	0.0	0.0	4.338493894195595	0.0	0.0	0.0	0.0	0.0	0.0	0.0
11377	2.7863207253674753	0.0	0.0	0.0	1.3311999589428345	0.0	0.0	0.0	2.811863049064217	0.0	0.0	0.0	0.0	0.0	0.0	0.0	2.7785928773141215	0.0	0.0	0.0	0.31258550287747056	0.0	0.0	0.0
11378	2.116605066327377	0.0	0.0	0.0	1.2892985726075423	0.0	0.0	0.0	3.2643433281551952	0.0	0.0	0.0	0.0	0.0	0.0	0.0	1.765665510822266	0.0	0.0	0.0	0.0	0.0	0.0	0.0
11379	2.151220914958346	0.0	0.0	0.0	0.0	0.0	0.0	0.0	2.3678512085451677	0.0	0.0	0.0	0.0	0.0	0.0	0.0	3.8524102496260957	0.0	0.7827688083720165	0.0	0.0	0.0	0.0	0.0
11380	2.059739490756026	0.0	0.0	0.0	0.0	0.0	0.0	0.0	0.8071250607440904	0.0	0.0	0.0	0.8186468951801383	0.0	0.0	0.0	4.6450362400724	0.0	0.0	0.0	0.0	0.0	0.0	0.0
11381	1.8977727609747486	0.0	0.0	0.0	0.0	0.0	0.0	0.0	1.9137263979632264	0.0	0.0	0.0	0.708329092870135	0.0	0.0	0.0	3.342248366012227	0.0	0.0	0.0	0.0	0.0	0.0	0.0
11382	3.4446047803148945	0.0	0.0	0.0	0.0	0.0	0.0	0.0	2.117573268376623	0.0	0.0	0.0	0.0	0.9865030823329508	0.0	0.0	3.367898241534309	0.0	0.9709872363506147	0.0	0.0	0.0	0.0	0.0
11383	2.2354021511127873	0.0	0.9647637096331413	0.0	0.0	0.0	0.0	0.0	2.0588536959481796	0.0	0.0	0.0	0.0	0.0	0.0	0.0	3.0412147042593167	0.0	0.7814981786379402	0.0	0.8615985105493161	0.0	0.0	0.0
11384	1.1176767116504107	0.0	0.0	0.0	0.789693452000898	0.0	0.0	0.0	2.0055458635208545	0.0	0.0	0.0	0.0	0.0	0.0	0.0	6.933957611672757	0.0	0.9144346611199715	0.0	0.0	0.0	0.0	0.0
11385	2.6524297806957304	0.0	0.0	0.0	0.0	0.0	0.0	0.0	1.6214557919287444	0.0	0.0	0.0	0.0	0.0	0.0	0.0	4.212846161652283	0.0	0.0	0.0	0.0	0.0	0.0	0.0
11386	3.903107665970138	0.0	0.0	0.0	0.0	0.0	0.0	0.0	3.335625211038007	0.0	0.0	0.0	0.0	0.0	0.0	0.0	2.2692874269361134	0.0	0.472972972972973	0.0	0.0	0.49338206117645095	0.0	0.0
11387	2.076506400164116	0.0	0.0	0.0	0.0	0.0	0.0	0.0	2.1038561748458635	0.0	0.0	0.0	0.0	0.0	0.0	0.0	2.3014788722034463	0.0	0.0	0.0	0.0	0.0	0.0	0.0
11388	1.2776953411015148	0.0	0.9330821420152123	0.0	0.0	0.0	0.0	0.0	4.522525503559486	0.8364722823698694	0.0	0.0	0.8306101559840047	0.0	0.0	0.0	2.9835059274712923	0.0	0.7164321702614952	0.0	0.0	0.0	0.0	0.0
11389	3.401164633524924	0.0	2.1396293680471046	0.0	0.0	0.0	0.0	0.0	1.2567714687262923	0.0	0.0	0.0	0.7016921614358202	0.6952175691361804	0.0	0.0	2.8533717175761084	0.9871886104085095	0.0	0.0	0.0	0.0	0.0	0.0
11390	1.6784187740043932	0.0	0.0	0.0	0.0	0.0	0.0	0.0	1.5455408940343962	0.0	0.0	0.0	0.0	0.0	0.0	0.0	4.049351930529831	0.0	0.0	0.0	0.0	0.4938102062534522	0.0	0.0
11391	0.83653805554042	0.0	0.0	0.0	0.0	0.0	0.0	0.0	2.8930472208766695	0.0	0.0	0.0	0.0	0.0	0.0	0.0	1.472607165555402	0.0	0.0	0.0	0.0	0.0	0.0	0.0
11392	2.0510581475432206	0.0	0.0	0.0	0.8581214235700714	0.0	0.0	0.0	1.2653018903170261	0.0	0.0	0.0	0.0	0.0	0.0	0.0	2.430093582088627	0.0	0.0	0.0	0.0	0.0	0.0	0.0
11393	1.8607047649270483	0.0	0.0	0.0	0.0	0.0	0.0	0.0	1.5277414449372446	0.0	0.0	0.0	0.0	0.9850246108334964	0.0	0.0	1.0486891703868546	0.0	0.4188705093859448	0.0	0.0	0.0	0.0	0.0
11394	5.8853181519698134	0.0	0.8708154246950397	0.0	0.7119940917835582	0.0	0.0	0.0	3.168034597354076	0.0	0.0	0.0	0.0	0.0	0.0	0.0	7.7290504402715445	0.0	0.0	0.0	0.0	0.0	0.0	0.0
11395	1.0340069165683603	0.0	0.0	0.0	0.0	0.0	0.0	0.0	2.0618734602638646	0.0	0.0	0.0	0.0	0.0	0.0	0.0	4.039951832582924	0.0	0.0	0.0	0.0	0.0	0.0	0.0
11396	4.279470271524623	0.0	0.0	0.0	0.0	0.0	0.0	0.0	1.2759909510860319	0.0	0.0	0.0	0.0	0.0	0.0	0.0	0.9451427376899905	0.0	0.0	0.0	0.0	0.0	0.0	0.0
11397	2.0265192073922997	0.0	0.0	0.0	0.0	0.0	0.0	0.0	1.9999454890782051	0.0	0.4121608220220313	0.0	1.143828036380926	0.0	0.0	0.0	1.9375505946797968	0.0	0.0	0.0	0.0	0.0	0.0	0.0
11398	2.379233862425546	0.0	0.0	0.0	0.0	0.0	0.0	0.0	1.1627244126391214	0.0	0.0	0.0	0.6412069747591006	0.0	0.0	0.0	1.1296730375436845	0.0	0.0	0.0	0.0	0.0	0.0	0.0
11399	1.2816493597008396	0.0	0.0	0.0	0.4948716593053935	0.0	0.0	0.0	2.2556300240533753	0.0	0.0	0.0	0.6647736197785342	0.0	0.0	0.0	2.8049876212838365	0.0	0.0	0.0	0.0	0.0	0.0	0.0
11400	3.146828760492948	0.0	0.591615302114833	0.0	0.0	0.0	0.0	0.0	4.243648914122338	0.0	0.0	0.0	0.615330848858557	1.0502079565846842	0.0	0.0	2.408793633166075	0.0	0.0	0.0	0.0	0.0	0.0	0.0
11401	3.840769774847306	0.0	0.8080572350384837	0.0	0.0	0.0	0.0	0.0	3.179270827157304	0.0	0.0	0.0	0.0	0.0	0.0	0.0	1.8724587693606811	0.0	0.0	0.0	0.0	0.0	0.0	0.0
11402	4.291619907540887	0.0	0.0	0.0	0.0	0.0	0.0	0.0	3.937571608384441	0.0	0.0	0.0	0.9004006211503097	0.0	0.0	0.0	3.2133479534829497	0.0	0.0	0.0	0.0	0.0	0.0	0.0
11403	4.3669113160387845	0.0	0.0	0.0	0.0	0.0	0.0	0.0	3.5801677380527734	0.0	0.0	0.0	0.8793566126400254	0.0	0.0	0.0	3.17290261842757	0.0	0.0	0.0	0.0	0.0	0.0	0.0
11404	3.2124882642952173	0.0	0.0	0.0	0.0	0.0	0.0	0.0	2.13486983064237	0.0	0.0	0.0	0.0	0.0	0.0	0.0	4.338280421493808	0.0	1.310342658047238	0.0	0.0	1.2129584449235469	0.0	0.0
11405	4.759328616340698	0.0	1.0110492424947009	0.0	0.0	0.0	0.0	0.0	1.8877485729186005	0.0	0.0	0.0	0.0	0.0	0.0	0.7646702366047132	2.0232898395166616	0.0	0.6598629735606762	0.0	0.0	0.0	0.0	0.0
11406	3.561167556087783	0.0	0.0	0.0	0.0	0.0	0.0	0.0	3.1871341114668055	0.0	0.0	0.0	0.0	0.0	0.0	0.0	3.6214078557310914	0.0	0.6258261741897153	0.0	0.0	0.0	0.0	0.0
11407	2.1055956397225453	0.0	0.0	0.0	0.0	0.6359763280734628	0.0	0.0	2.3436933893479424	0.0	0.0	0.0	0.5800697704404087	0.0	0.0	0.0	2.13683684228516	0.0	1.1776305735588264	0.0	0.0	0.49833043978222274	0.0	0.0
11408	1.9703786849357094	0.0	0.23405971592156563	0.0	2.206459829361058	0.0	0.0	0.0	2.231697641817956	0.0	0.0	0.0	0.0	0.5467413025391831	0.0	0.0	1.9592614260693708	0.0	0.0	0.0	0.971695678600836	0.43859080982515913	0.0	0.0
11409	2.306803849485257	0.0	0.0	0.0	0.0	0.0	0.0	0.0	0.0	0.0	0.0	0.0	0.0	0.0	0.0	0.0	1.2130373265302083	0.0	1.067431076425923	0.0	0.0	0.0	0.0	0.0
11410	2.740359077036028	0.0	1.4756455380667575	0.0	0.0	0.0	0.0	0.0	3.5981223516802356	0.0	0.0	0.0	0.0	0.0	0.0	0.0	3.7874895479922905	0.0	0.0	0.0	0.0	0.0	0.0	0.0
11411	4.231306486592461	0.0	0.0	0.0	0.0	0.0	0.0	0.0	5.708221588962902	0.0	0.0	0.0	0.0	0.0	0.0	0.0	3.3276019278462505	0.0	0.0	0.0	0.0	0.0	0.0	0.0
11412	0.4241825029957634	0.0	0.499560565619502	0.0	0.0	0.0	0.0	0.0	1.2398360323683069	0.0	0.0	0.0	0.20316602112923327	0.0	0.0	0.0	1.160104468019257	0.0	0.8652370428562579	0.0	0.0	0.0	0.0	0.0
11413	1.122555567222158	0.0	0.7891550181779367	0.0	0.0	0.0	0.0	0.0	2.925253044227345	0.0	0.0	0.0	0.0	0.6775263464348664	0.0	0.0	2.3145872110264216	0.0	0.4995657836784083	0.0	0.0	0.0	0.0	0.0
11414	3.040299621059653	0.0	1.7070732980647743	0.0	0.7261205820168751	0.0	0.0	0.0	1.1332094466707845	0.0	0.0	0.0	0.3824029629066299	0.0	0.0	0.0	2.346914159368619	0.0	1.3188273282958867	0.0	0.0	0.0	0.0	0.0
11415	3.59276409591548	0.0	0.0	0.0	3.1719938271602084	0.0	0.0	0.0	3.2166920709741107	0.0	0.0	0.0	0.0	0.8930609185745109	0.0	0.0	3.1649008971519685	0.8828389728488597	1.6056500074838849	0.0	0.0	0.0	0.0	0.3393931623797227
11416	3.3449903234514635	0.0	0.0	0.0	0.0	0.0	0.0	0.0	1.0769442592118759	0.0	0.0	0.0	0.0	0.0	0.0	0.0	3.11953603954832	0.0	0.0	0.0	0.0	0.4783329646768236	0.0	0.0
11417	1.2917187988917038	0.0	1.7763346460498601	0.0	0.0	0.0	0.0	0.0	5.577299236651183	0.0	0.0	0.0	1.1914366809209078	0.0	0.0	0.0	3.0826642891815954	0.0	1.9194615376519892	0.0	0.0	0.0	0.0	0.0
11418	0.9853407687206365	0.0	1.2060975417754638	0.0	0.0	0.0	0.0	0.0	1.2100238801590608	0.0	0.0	0.0	0.0	0.0	0.0	0.0	7.0661030003049685	0.2625987300828739	0.0	0.0	0.0	0.0	0.0	0.0
11419	1.1790008864210382	0.0	0.0	0.0	0.0	0.0	0.0	0.0	0.9282661280770442	0.0	0.0	0.0	0.4790326880999391	1.2596876741835095	0.0	0.0	0.9539392014169454	0.0	1.6196402376775285	0.0	0.0	0.0	0.0	0.0
11420	1.9331498754391452	0.0	0.7216212416879159	0.0	0.0	0.0	0.0	0.0	1.7320230607939018	0.0	0.0	0.0	0.0	0.0	0.0	0.0	3.2604856698268043	0.0	1.0754386952117658	0.0	0.0	0.9090593428863094	0.0	0.0
11421	1.7966501298558344	0.0	1.0197617392399134	0.0	0.0	0.0	0.0	0.0	2.1027494914199623	0.0	0.0	0.0	0.0	0.49312450609894426	0.0	0.0	1.8475068336539524	0.0	0.0	0.0	0.0	0.0	0.0	0.0
11422	5.049125289012924	0.0	0.8348804086260266	0.0	0.0	0.0	0.0	0.0	5.724974009411675	0.0	0.0	0.0	0.0	0.0	0.0	0.0	3.3586792323404158	0.0	1.2118455252722204	0.0	0.0	0.0	0.0	0.0
11423	3.3282204296973372	0.0	0.0	0.0	0.0	0.0	0.0	0.0	1.17601371369688	0.0	0.0	0.0	0.0	0.0	0.0	0.0	0.7827865396140383	0.0	0.5613386412448175	0.0	0.0	0.46933302030400686	0.0	0.0
11424	1.923813249684006	0.0	0.0	0.0	0.0	0.0	0.0	0.0	1.9768558329769523	0.0	0.0	0.0	1.307972117211384	0.0	0.0	0.0	4.082100217230289	0.0	0.6293920552142543	0.0	0.0	0.0	0.0	0.0
11425	1.9364768544697748	0.0	0.9966519642536001	0.0	0.0	0.0	0.0	0.0	3.186763671227508	0.0	0.5993021006073759	0.0	0.0	0.0	0.0	0.0	4.683807879041904	0.0	0.0	0.0	0.0	0.0	0.0	0.0
11426	3.0180541307272075	0.0	0.0	0.0	0.0	0.0	0.0	0.0	2.3285172318326763	0.0	0.0	0.0	0.0	0.0	0.0	0.0	1.9271019104130929	0.0	0.0	0.0	0.0	0.0	0.0	0.0
11427	1.2394450205177976	0.8471504267793767	0.9487394702908993	0.0	0.0	0.0	0.0	0.0	6.815729599663365	0.0	0.0	0.0	0.0	0.0	0.0	0.0	5.415173995588689	0.0	0.0	0.0	0.0	0.0	0.0	0.0
11428	2.3217602205098506	0.0	0.0	0.0	0.6103722711801577	0.0	0.0	0.0	1.8710004602129853	0.0	0.0	0.0	0.86794059245666	0.0	0.0	0.0	3.3240687646888034	0.0	0.0	0.0	0.0	0.0	0.0	0.0
11429	2.5527751561256675	0.0	0.0	0.0	0.0	0.0	0.0	0.0	1.6011104320895797	0.0	0.0	0.5381373771953534	0.8948422377075679	0.0	0.0	0.0	3.3368348090790874	0.0	0.5712301242715437	0.0	0.0	0.0	0.0	0.0
11430	2.139976932768256	0.0	1.1262844002949592	0.0	0.0	0.0	0.0	0.0	3.0942794265557727	0.0	0.0	0.5395955031310109	0.8813260641609849	0.0	0.0	0.0	3.2802491058268526	0.0	1.1899949682533528	0.0	0.0	0.4247801824179409	0.0	0.0
11431	1.8869971813748436	0.0	0.0	0.0	0.0	0.0	0.0	0.0	2.864363850197549	0.0	0.0	0.0	0.0	0.0	0.0	0.0	3.37878319077609	0.0	0.0	0.0	0.0	0.0	0.0	0.0
11432	3.337437549333986	0.0	0.0	0.0	0.0	0.0	0.0	0.0	3.5562641204151495	0.0	0.0	0.0	0.0	0.0	0.0	0.0	3.2093429338569965	0.0	1.1180579147269034	0.0	0.0	0.8933286262589339	0.0	0.0
11433	2.9588550310607937	0.0	0.945837835727917	0.0	0.0	0.0	0.0	0.0	2.4212588319024797	0.0	0.0	0.0	0.81833540935862	0.0	0.0	0.0	4.474759379868002	0.0	0.0	0.0	0.0	0.0	0.0	0.0
11434	3.258895899591236	0.0	0.0	0.0	0.0	0.6251079576184126	0.0	0.0	2.424793317160327	0.10121661748720759	0.0	0.0	0.0	0.0	0.0	0.0	2.1446870860280787	0.0	0.0	0.0	0.0	0.0	0.0	0.0
11435	3.660895157053622	0.0	0.803955145378836	0.0	0.0	0.0	0.0	0.0	2.06302281699894	0.0	0.0	0.0	0.0	0.0	0.0	0.0	1.994919105539091	0.0	1.111922269079556	0.0	0.0	0.0	0.0	0.0
11436	2.893515392299022	0.0	0.0	0.0	0.0	0.0	0.0	0.0	1.9797289440572083	0.0	0.0	0.0	0.0	0.0	0.0	0.0	7.15180993973691	0.0	0.4614300942950192	0.0	0.7079189222290219	0.0	0.0	0.0
11437	1.807179518941094	0.0	0.0	0.0	0.0	0.9337733302149392	0.0	0.0	3.154989092010237	0.0	0.0	0.0	1.2748221318144974	0.0	0.0	0.0	3.201931640537906	0.0	1.2173255091459174	0.0	0.0	0.4901483341013659	0.0	0.0
11438	1.279596458586283	0.0	0.0	0.0	0.0	0.0	0.0	0.0	0.9664083897107979	0.0	0.0	0.0	0.0	0.0	0.0	0.0	2.98784160686908	0.0	0.0	0.0	0.0	0.0	0.0	0.0
11439	1.277942132756627	0.0	1.1835948075109726	0.0	0.0	0.0	0.0	0.0	1.9739431097525084	0.0	0.0	0.0	0.0	0.0	0.0	0.0	1.0367276463953452	0.0	0.0	0.0	0.0	0.0	0.0	0.0
11440	1.0526275626109198	0.0	0.0	0.0	0.0	0.0	0.0	0.0	2.331855495039608	0.0	0.0	0.0	0.0	0.0	0.0	0.0	1.9268648949600626	0.0	0.0	0.0	0.6198619625444135	0.0	0.0	0.0
11441	3.315022944467311	0.0	2.177240649703672	0.0	0.0	0.0	0.0	0.0	3.0034155769567907	0.6818870806566067	0.0	0.0	0.0	0.0	0.0	0.0	3.344296779351483	0.0	0.0	0.0	0.0	0.0	0.0	0.0
11442	4.7024669860518085	0.0	0.0	0.0	0.9797335880763177	0.0	0.0	0.0	3.224485211290864	0.0	0.0	0.0	0.0	0.0	0.0	0.0	1.120546721178061	0.0	0.0	0.0	0.0	0.0	0.0	0.0
11443	2.3644379423886734	0.0	0.0	0.0	0.0	0.0	0.0	0.0	1.1850872089614477	0.0	0.0	0.0	0.7811930069140691	0.0	0.0	0.0	3.1509150054363584	0.0	0.9398851146507708	0.0	0.0	0.0	0.0	0.0
11444	3.2256598610472387	0.0	0.0	0.0	0.0	0.0	0.0	0.0	3.5095040558501913	0.0	0.0	0.0	0.0	0.0	0.0	0.0	4.407640397436131	0.0	0.0	0.0	0.0	0.5873653015963094	0.0	0.0
11445	0.2461988111168209	0.0	0.0	0.0	0.0	0.0	0.0	0.0	0.7945717760342567	0.0	0.0	0.0	0.5	0.0	0.0	0.0	3.4812878478179705	0.0	0.0	0.0	0.0	0.0	0.0	0.0
11446	2.3833300297563116	0.0	0.8695326938213093	0.0	0.0	0.0	0.0	0.0	1.7182651028230784	0.0	0.0	0.0	0.0	0.8514268039588717	0.0	0.0	3.3094954927702602	0.0	0.0	0.0	0.0	0.0	0.0	0.0
11447	2.9483569757188146	0.0	0.0	0.0	0.0	0.0	0.0	0.0	4.509905711841027	0.0	0.0	0.0	0.0	0.0	0.0	0.0	2.23225604334729	0.3608690722779248	0.0	0.0	0.0	0.0	0.0	0.0
11448	2.9426648310796577	0.0	0.0	0.0	0.7950397149496485	0.0	0.0	0.0	3.264112229973456	0.0	0.0	0.0	1.0582423360532258	0.0	0.0	0.0	4.974411614406454	0.0	1.08788773453902	0.0	0.0	0.0	0.0	0.0
11449	4.057041289268567	0.0	0.0	0.0	0.0	0.0	0.0	0.0	2.2813040225969017	0.0	0.0	0.0	0.0	0.0	0.0	0.0	4.435468320131503	0.0	0.0	0.0	0.0	0.0	0.0	0.0
11450	2.24736789581226	0.0	0.0	0.0	0.0	0.19873177764901725	0.0	0.0	3.1912714718449497	0.0	1.1104394024186552	0.0	0.0	0.0	0.0	0.0	5.105208086633489	0.0	0.9400426091023993	0.0	0.0	0.0	0.0	0.0
11451	2.109337367500988	0.6873112896494857	0.6971192561213425	0.0	0.0	0.0	0.0	0.0	1.0637791393356328	0.0	0.0	0.0	0.0	0.0	0.0	0.0	4.103952731984304	0.0	1.3354925284985943	0.0	0.0	0.0	0.0	0.0
11452	1.8750304535680464	0.0	0.0	0.0	0.0	0.0	0.0	0.0	1.0855665061225754	0.0	0.0	0.0	0.9114000912828805	0.0	0.0	0.0	1.352409911043733	0.0	1.2200951848321329	0.0	0.0	0.0	0.0	0.0
11453	1.0386570840599885	0.0	0.0	0.0	1.8560985713696263	0.0	0.0	0.0	1.3367805536140591	0.0	0.0	0.0	0.0	0.0	0.0	0.0	1.6865134337669179	0.0	0.0	0.0	0.0	0.0	0.0	0.0
11454	3.1792782370700383	0.0	0.915849742817966	0.0	0.0	0.0	0.0	0.0	3.384296063132879	0.0	0.0	0.0	0.7083993348678963	0.0	0.0	0.0	3.3528561431387476	0.0	1.0244410270465132	0.0	0.0	0.7079301511916657	0.0	0.0
11455	27.103030570730827	0.0	3.259012380376517	0.0	1.0622070641827253	0.0	0.0	0.0	47.222246385885455	2.308996149551295	2.173729760148344	1.1827701122501861	3.516870385621611	0.0	0.0	0.0	67.5524769619295	0.0	4.881083659955049	0.0	0.0	0.0	0.0	0.0
11456	2.822757883817476	0.0	0.0	0.0	1.0895112636633522	0.0	0.0	0.0	1.1811053476181381	0.0	0.0	0.0	0.0	0.0	0.0	0.0	3.0824355285418483	0.0	0.0	0.0	0.0	0.0	0.0	0.0
11457	4.166425718292764	0.0	1.1189503308981763	0.0	1.0536569098799937	0.0	0.0	0.0	2.8746415264713465	0.0	0.0	0.0	0.0	0.0	0.0	0.0	3.351847031813689	0.0	0.7745137210903487	0.0	0.0	0.0	0.0	0.0
11458	2.2589025001619505	0.0	0.7663613279340121	0.0	0.9522966521010774	0.0	0.0	0.0	4.734377904037643	0.0	0.0	0.0	0.0	0.0	0.0	0.0	2.1684743282697507	0.0	0.0	0.0	0.0	0.0	0.0	0.0
11459	1.0504790781119326	0.0	0.0	0.0	0.8057274354805766	0.0	0.0	0.0	2.1300285172680202	0.0	0.0	0.0	1.1378777791223387	0.0	0.0	0.0	1.1330770655006819	0.0	0.0	0.0	0.0	0.0	0.0	0.0
11460	3.2493986658689162	0.0	0.0	0.0	0.0	0.0	0.0	0.0	3.078094419828218	0.0	0.0	0.0	0.2759160581419027	1.1529417611828185	0.0	0.0	3.254098210706218	0.0	0.0	0.0	0.5201117188586094	0.8211609607786062	0.0	0.0
11461	1.8906544994779273	0.0	0.0	0.0	0.0	0.0	0.0	0.0	2.1188493582827315	0.0	0.0	0.0	0.0	0.0	0.0	0.0	6.50801864651582	0.0	1.166495291417036	0.0	0.0	0.0	0.0	0.0
11462	3.019870126308117	0.0	0.0	0.0	0.0	0.0	0.0	0.0	3.4331284983844106	0.0	0.0	0.0	0.0	0.0	0.0	0.0	5.611565612772502	0.0	1.2837810691873397	0.0	0.0	0.0	0.0	0.0
11463	2.6735770239168137	0.0	0.0	0.0	0.0	0.0	0.0	0.0	1.2428625770545543	0.0	0.0	0.0	0.0	0.8021797871126278	0.0	0.0	3.0535464104023697	0.0	0.0	0.0	0.0	0.0	0.0	0.0
11464	1.1785638400482394	0.0	0.0	0.0	0.0	0.0	0.0	0.0	0.7382460444239343	0.2996974185497828	0.0	0.0	0.0	0.0	0.0	0.0	2.2038350154985737	0.0	0.2478614679716954	0.0	0.0	0.0	0.0	0.0
11465	3.737267569092933	0.0	0.0	0.0	0.0	0.0	0.0	0.0	2.247472050368675	0.0	0.0	0.0	0.0	0.0	0.0	0.0	2.6476351481783897	0.0	0.7451658458113337	0.0	0.0	0.0	0.0	0.0
11466	1.651126781331014	0.0	0.9672747311056508	0.0	0.39098274038584074	0.0	0.0	0.0	2.0418991757078366	0.0	0.0	0.0	0.0	0.0	0.0	0.0	0.7737739428603689	0.0	0.0	0.0	0.0	0.0	0.0	0.0
11467	3.4338570155895307	0.0	0.0	0.0	0.0	0.8819906902097266	0.0	0.0	3.409288621214978	0.7746226899233941	0.0	0.0	0.0	0.0	0.0	3.1996603339964325	6.506075394237743	0.0	1.1011655661263322	0.0	0.0	3.243587491301103	0.0	0.0
11468	0.9733393373280245	0.0	0.9993138935727438	0.0	0.0	0.0	0.0	0.0	1.2354501802819768	0.0	0.0	0.0	0.0	0.0	0.0	0.0	3.0041671262869545	0.0	1.5880838220049747	0.0	0.0	0.0	0.0	0.0
11469	2.858867312441861	0.0	1.2192477173933598	0.0	0.0	0.0	0.0	0.0	2.1824195768512693	0.0	0.9805882156901952	0.0	0.9322607850283289	0.0	0.0	0.0	4.224882229880954	0.0	0.8355347061130366	0.0	0.0	0.0	0.0	0.0
11470	3.0499938966001516	0.0	1.006468228766116	0.0	0.5966019877255753	0.0	0.0	0.0	3.040653689294962	0.0	0.0	0.0	0.0	1.289798101909378	0.0	0.0	4.263707478339868	0.5514902312194533	0.0	0.0	0.0	0.0	0.0	0.0
11471	3.1218859235591383	0.0	0.0	0.0	0.0	0.0	0.0	0.0	3.126021568708494	0.0	0.0	0.0	0.0	0.0	0.0	0.0	3.214560050312309	0.0	0.0	0.0	0.0	0.0	0.0	0.0
11472	1.9685970003177045	0.0	0.0	0.0	0.6573066939390473	0.7820717427960604	0.0	0.0	1.1851100547294628	0.0	0.0	0.0	0.5185085165216904	0.9709874536577084	0.0	0.0	3.1454701328494226	0.0	0.0	0.0	0.0	0.0	0.0	0.0
11473	2.1537524789005063	0.0	1.4317428230930374	0.0	0.0	0.0	0.0	0.0	4.375637075310337	0.0	0.0	0.0	0.0	0.0	0.0	0.0	1.908461229061341	0.0	0.0	0.0	0.0	0.0	0.0	0.0
11474	1.9172310763181364	0.0	0.0	0.0	1.4987357555900536	0.0	0.0	0.0	2.9842739158123037	0.0	0.0	0.0	0.5725438251387119	0.0	0.0	0.0	5.80965868298034	0.0	0.0	0.0	0.0	0.0	0.0	0.0
11475	2.4981812680308724	0.0	1.6840515983872733	0.0	0.0	0.0	0.0	0.0	3.2637308646067447	0.0	0.0	2.543922794019602	1.459256482051195	0.0	0.0	0.0	2.249769307423355	0.0	0.44883027893040395	0.0	0.0	0.0	0.0	0.0
11476	1.5734832122279683	0.0	0.0	0.0	0.0	0.0	0.0	0.0	2.057349503757059	0.0	0.0	0.0	0.0	0.0	0.0	0.0	1.0882850820540928	0.0	0.0	0.0	0.0	0.0	0.0	0.0
11477	2.8627292026426785	0.0	0.0	0.0	0.6897747493856513	0.0	0.0	0.0	3.353943750722327	0.0	0.0	0.0	0.9428090415820634	0.9998563527967882	0.0	0.0	1.6421168648220617	0.0	0.0	0.0	0.0	0.0	0.0	0.0
11478	3.2854052134341782	0.0	0.8992574096936254	0.0	0.0	0.0	0.0	0.0	5.519815884630035	0.0	0.0	0.0	0.9433981132056605	0.0	0.0	0.0	9.863937715393204	0.0	1.2549577113600174	0.0	0.0	0.0	0.0	0.0
11479	3.370402376632192	0.0	1.6129183406647536	0.0	0.0	0.0	0.0	0.0	3.199107564473353	0.0	0.0	0.0	0.0	0.0	0.0	0.0	4.421421689679827	0.0	1.1029002838840718	0.0	0.0	1.2857078502524037	0.0	0.0
11480	2.2283933482669864	0.0	0.0	0.0	1.1924512951277029	0.0	0.0	0.0	0.9599439697927221	0.0	0.0	0.0	0.0	0.0	0.0	0.0	6.47406013888727	0.0	0.0	0.0	0.0	0.0	0.0	0.0
11481	1.269047529706063	0.0	0.0	0.0	0.0	0.0	0.0	0.0	1.9229101183545052	0.0	0.0	0.0	0.0	1.4000379890126877	0.0	0.0	2.341022648077789	0.0	0.0	0.0	0.0	0.0	0.0	0.0
11482	2.1018300099071165	0.0	0.0	0.0	0.0	0.0	0.0	0.0	1.630791129678119	0.0	0.0	0.0	0.0	0.0	0.0	0.0	2.01625475559305	0.0	0.49078420492357855	0.0	0.0	0.0	0.0	0.0
11483	4.2117142978113895	0.0	0.0	0.0	0.0	0.0	0.0	0.0	3.029992534039398	0.0	0.0	0.0	1.7202026689382335	0.0	0.0	0.0	2.493376642894798	0.0	0.0	0.0	0.0	1.4989449414504856	0.0	0.0
11484	2.0696060014640705	0.0	0.998015295799238	0.0	0.0	0.0	0.0	0.0	5.640953709807847	0.0	0.0	0.0	0.0	1.4666627460465678	0.0	0.0	3.126925976284474	0.0	1.621311742012049	0.0	0.0	0.0	0.0	0.0
11485	1.7140314963420147	0.0	0.37979074344400765	0.0	0.0	0.0	0.0	0.0	1.7997436675319816	0.0	0.0	0.0	0.17737743275830428	0.0	0.0	0.0	4.974707832260849	0.0	0.5691056910569106	0.0	1.9610861649591895	0.0	0.0	0.0
11486	0.9371851323096319	0.0	0.4119735698102759	0.0	0.0	0.0	0.0	0.0	2.2199303451324943	0.0	0.0	0.0	0.0	0.0	0.0	0.0	1.1712662549651194	0.0	1.5318607058809954	0.0	0.0	0.0	0.0	0.0
11487	1.2586987810028445	0.0	0.0	0.0	1.5478803659809126	0.0	0.0	0.0	2.6611835661642087	0.0	0.0	0.0	0.0	0.0	0.0	0.0	2.9972556235399477	0.0	0.0	0.0	0.0	0.0	0.0	0.0
11488	0.853501856461855	0.0	0.8478081717295622	0.0	0.0	0.0	0.0	0.0	1.9808243846262212	0.0	0.0	0.0	0.0	0.0	0.0	0.0	2.2775518413810727	0.0	1.1404409176651953	0.0	0.0	0.0	0.0	0.0
11489	0.9121450992313521	0.0	1.3165348035235864	0.0	0.0	0.0	0.0	0.0	1.5852593136180413	0.0	0.0	0.0	0.0	0.0	0.0	0.0	1.0969168447678703	0.0	0.0	0.0	0.0	0.0	0.0	0.0
11490	1.1369266640579891	0.0	0.0	0.0	0.0	0.0	0.0	0.0	1.051193213272831	0.0	0.0	0.0	0.0	0.6790237979748394	0.0	0.0	2.427427543670498	0.0	0.9307837421364699	0.0	0.0	0.0	0.0	0.0
11491	2.3674820030279675	0.0	1.181802530539002	0.0	0.9582469160826894	0.0	0.0	0.0	5.6834258558124855	1.2752400620960844	0.0	0.0	0.0	0.0	0.0	0.0	3.1965581328490917	0.0	1.5738509467929573	0.0	0.0	0.32035327461452573	0.0	0.0
11492	4.42266864958969	0.0	0.0	0.0	0.9248410432133994	1.2572421989770406	0.0	0.0	1.2610544737119933	0.5697196905751455	0.0	0.0	0.0	0.8900070586278807	0.0	0.0	4.112892091812666	0.0	1.2020943047032213	0.0	0.6678979414498086	0.0	0.0	0.0
11493	5.459208585161051	0.0	1.2094749228360722	0.0	0.0	0.0	0.0	0.0	2.254771119255617	0.0	0.0	0.0	0.0	0.0	0.0	0.0	3.0101954951386016	0.0	0.8949261159349944	0.0	0.0	0.0	0.0	0.0
11494	3.009888559422394	0.0	1.093585388686838	0.0	0.0	0.0	0.0	0.0	2.216065735633711	0.0	0.0	0.0	0.0	1.171278046208612	0.0	0.0	5.202631877876896	0.0	0.896584183454063	0.0	0.0	0.0	0.0	0.0
11495	1.2366977938314547	0.0	0.0	0.0	0.6731254513564978	0.0	0.0	0.0	1.8520408747276746	0.0	0.0	0.0	0.0	0.0	0.0	0.0	4.698225576503147	0.0	0.0	0.0	0.0	1.4503291315572993	0.0	0.0
11496	4.207484444462184	0.0	0.3666759038045966	0.0	0.0	0.0	0.0	0.0	3.0004285340190577	0.0	0.0	0.0	0.0	0.0	0.0	0.0	3.199666897932521	0.0	2.364181582731444	0.0	0.0	0.0	0.0	0.0
11497	1.2850917104470814	0.0	0.0	0.0	0.0	0.0	0.0	0.0	3.180703157397193	1.2650690168475425	0.0	0.0	1.5377422798286133	0.0	0.0	0.0	6.361290899942411	0.0	0.0	0.0	0.0	0.0	0.0	0.0
11498	1.4738572814913462	0.0	1.1569719858690024	0.0	0.0	0.0	0.0	0.0	0.9203329020037222	1.888797332169413	0.0	0.0	1.065367583928747	0.9286926080043564	0.0	0.0	1.0698930796177994	1.144218924765346	0.8997418130082214	0.0	1.9581927377262696	0.0	0.0	0.0
11499	1.1816350244229614	0.0	1.101733391215347	0.0	1.1231996698523128	0.0	0.0	0.0	2.065345310796899	1.0928836609296608	0.0	0.0	0.0	0.0	0.0	0.0	3.1334010958553287	0.0	2.01927083293588	0.0	0.0	1.1605757795846605	0.0	0.0
11500	1.930140473459927	0.0	0.0	0.0	1.3624322285928943	0.0	0.0	0.0	3.4819303142730136	0.9226763184345096	1.8853650133854083	0.0	0.0	2.0157932720248644	0.0	0.0	2.1443217337149885	0.0	0.8957876016645455	0.0	0.0	1.1712917846407955	0.0	0.0
11501	1.166992142099604	0.0	0.0	0.0	0.0	0.0	0.0	0.0	1.018977862011838	0.0	0.0	0.0	1.1383922843067642	0.0	0.0	1.0	2.0206185452864567	0.0	0.7233210624439191	0.0	0.8536583853561615	0.42274216432714634	0.0	0.0
11502	2.2323123370646667	1.0195333256467343	1.4328473461743865	0.0	0.0	0.0	0.0	0.0	3.2081576242750307	0.0	0.0	0.0	1.0620252981177345	0.0	0.0	0.0	1.1876831851481544	0.497101088740379	2.0116922507289643	0.0	0.0	0.0	0.0	0.0
11503	2.7554581967397174	0.0	1.465218956256424	0.0	1.2940516257008714	0.0	0.0	0.0	1.1725727017556533	0.5614831789520138	0.0	0.41789195720642563	0.0	0.0	0.0	0.0	3.355615153921035	0.0	0.1386483884679505	0.0	0.6678190731735842	0.0	0.0	0.0
11504	1.9735781647924153	0.0	0.7963178739222572	0.0	0.0	0.0	0.0	0.0	2.6989949594221216	0.0	0.0	0.0	0.0	0.0	0.0	0.0	4.107862837534804	0.0	0.0	0.0	0.0	0.0	0.0	0.0
11505	1.3023227079444832	0.0	0.0	0.0	0.0	0.0	0.0	0.0	1.974091732884996	0.0	0.0	0.0	1.130515134373604	1.1489168847795765	0.0	0.0	1.9635869122454916	0.0	1.0677440491602899	0.0	0.9280983390621004	0.0	0.0	0.0
11506	3.296455772298553	0.0	0.0	0.0	1.5775752192066856	0.0	0.0	0.0	3.0922280017792727	0.6578439447496227	0.0	0.0	0.5414096030840012	0.5463681554785317	0.0	0.0	3.0197104245354134	0.0	0.0	0.0	0.0	0.4957593632444829	0.0	0.0
11507	1.2247221351429884	0.0	0.0	0.0	0.0	0.0	0.0	0.0	2.3544849241150327	0.0	0.0	0.0	0.0	0.0	0.0	0.0	2.483943437359233	0.0	0.0	0.0	0.0	0.0	0.0	0.0
11508	1.235889815520665	0.0	0.0	0.0	0.0	0.0	0.0	0.0	4.364177659008679	0.0	0.0	0.0	0.0	0.0	0.0	0.74535599249993	2.9521029768667053	0.0	1.2225696700281068	0.0	0.0	0.0	0.0	0.0
11509	3.078505410682827	0.0	0.0	0.0	0.0	0.0	0.0	0.0	1.8932317193108938	0.0	0.0	0.0	0.9363986349990682	0.0	0.0	0.0	3.340450975154663	0.0	0.0	0.0	1.0671152317512138	0.0	0.0	0.0
11510	4.363774412641501	0.0	0.0	0.0	1.7799840562094091	0.0	0.0	0.0	1.3051849404947076	0.0	0.0	0.0	0.0	0.0	0.0	0.0	2.975942311082137	0.0	0.05546975541855378	0.0	0.0	0.0	0.0	0.0
11511	1.645439768822143	0.0	0.0	0.0	0.0	0.0	0.0	0.0	3.3995506576733847	0.0	0.0	0.0	0.0	0.0	0.0	0.0	1.8592607460028894	0.0	0.0	0.0	0.0	0.0	0.0	0.0
11512	1.8217946397736766	0.0	0.7044610933889575	0.0	0.0	0.0	0.0	0.0	4.772254559455825	0.0	0.0	0.0	0.0	0.14865653511399612	0.0	0.0	8.800119247227965	0.0	1.1836853936376468	0.0	0.0	0.0	0.0	0.0
11513	2.868180048901718	0.0	0.0	0.0	0.0	0.0	0.0	0.0	3.4558160760904393	0.0	0.0	0.0	0.0	0.0	0.0	0.0	2.176451375387864	0.0	1.3893458273787058	0.0	0.0	1.147896479828119	0.0	0.0
11514	1.230871232473042	0.0	0.6333538848205733	0.0	0.0	0.0	0.0	0.0	2.152926032339859	0.0	0.0	0.0	0.6453305712150275	0.0	0.0	0.0	1.1386632811671362	0.0	0.0	0.0	0.0	0.0	0.0	0.0
11515	2.0070832068596447	0.0	0.0	0.0	0.0	0.0	0.0	0.0	3.4464611672566097	0.0	0.0	0.0	0.0	0.0	0.0	0.0	4.374878999173735	0.0	0.0	0.0	0.0	0.9211394082657423	0.0	0.0
11516	2.00945996703134	0.0	0.0	0.0	0.0	0.0	0.0	0.0	2.1451116788893403	0.0	0.0	0.3588241393683627	0.0	0.0	0.0	0.0	4.646713038865086	0.0	0.0	0.0	0.0	0.0	0.0	0.0
11517	2.1058079474861495	0.0	0.0	0.0	0.0	0.0	0.0	0.0	1.3443286635178004	0.0	0.0	0.0	0.0	0.0	0.0	0.0	2.9492533045478972	0.0	0.0	0.0	0.0	0.0	0.0	0.0
11518	2.3600766566469082	0.0	0.0	0.0	0.0	0.0	0.0	0.0	3.0074546689811075	0.0	0.0	0.0	1.0014003577771036	0.0	0.0	0.0	3.4716380459871248	0.0	1.3429290945236225	0.0	0.0	0.0	0.0	0.0
11519	1.5938996025339423	0.0	1.9787134278807714	0.0	0.0	0.0	0.0	0.0	1.958745767710318	0.0	0.0	0.0	0.0	0.0	0.0	0.0	2.8940200090182886	0.0	0.8496254680005809	0.0	0.0	0.0	0.0	0.0
11520	1.9278461911553	0.0	2.01334743569994	0.0	0.0	0.0	0.0	0.0	1.2852641751795622	0.0	0.0	0.0	0.0	0.0	0.0	0.0	1.9577558151477983	0.0	0.0	0.0	0.0	0.0	0.0	0.0
11521	0.9319220797342525	0.0	1.7259424723390007	0.0	0.0	0.0	0.0	0.0	2.2894226421034327	0.0	0.0	0.0	0.4884347348116059	0.0	0.0	0.0	3.2889313883284115	0.0	0.0	0.0	0.0	0.0	0.0	0.0
11522	1.1400316367132846	0.0	0.0	0.0	0.0	0.0	0.0	0.0	3.0430603082326213	0.0	0.7207139199192696	0.0	0.0	0.0	0.0	0.0	1.9777032416969835	0.0	1.1169327253513224	0.0	0.0	0.0	0.0	0.0
11523	1.1876376330797913	0.0	1.3629305980734607	0.0	0.4720179128621841	0.0	0.0	0.0	2.4195834352218566	0.0	0.0	0.0	1.4566980203306101	0.0	0.0	0.0	2.403604066694662	0.0	0.436725795888434	0.0	0.0	0.0	0.0	0.0
11524	2.058759783594333	0.0	0.0	0.0	0.8817620000292202	0.0	0.0	0.0	1.7382654859234359	0.0	0.0	0.0	0.0	0.0	0.0	0.0	3.250716344273671	0.0	0.0	0.0	0.0	0.0	0.0	0.0
11525	1.9462861378280512	0.0	0.0	0.0	0.0	0.0	0.0	0.0	3.64281313644573	0.0	0.0	0.0	0.0	0.0	0.0	0.0	2.10732659376244	0.0	1.1833578305321437	0.0	0.0	1.0244810725966023	0.0	0.0
11526	3.001098672947375	0.0	0.8801495589120759	0.0	0.0	0.0	0.0	0.0	3.17647956730143	0.0	0.0	0.0	0.0	0.0	0.0	0.0	2.2206935872503815	0.0	0.8697531610479179	0.0	0.0	0.4772445792538752	0.0	0.0
11527	2.0462276230190235	0.0	0.7517720639017206	0.0	0.0	0.0	0.0	0.0	2.309602080987864	0.0	0.0	0.0	1.1810377166642143	0.0	0.0	0.0	1.140875181171743	0.0	0.0	0.0	0.9428568281887393	0.0	0.0	0.0
11528	2.1876238593792294	0.0	0.0	0.0	0.0	0.0	0.0	0.0	5.272848391741644	0.0	0.0	0.0	0.7952313171961491	0.0	0.0	0.0	2.1284599167842	0.0	0.0	0.0	0.0	0.0	0.0	0.0
11529	1.9221126740696342	0.0	0.0	0.0	0.0	0.0	0.0	0.0	2.353528256166668	0.0	0.7768751575963265	0.0	0.8377099841828212	0.0	0.0	0.0	5.5377804408473175	0.0	1.3979634804134422	0.0	0.0	0.0	0.0	0.0
11530	3.0392317442682057	0.0	0.0	0.0	0.21004441021942685	0.0	0.0	0.0	2.024311506139242	0.0	0.0	0.0	0.5306052677022521	0.0	0.0	0.0	3.411078009473784	0.0	1.2084365206285255	0.0	0.0	0.0	0.0	0.0
11531	3.427665224156071	0.0	0.0	0.0	0.0	0.0	0.0	0.0	1.0193017217683875	0.0	0.0	0.0	0.0	0.0	0.0	0.0	2.722137873450962	0.0	0.0	0.0	0.0	0.0	0.0	0.0
11532	3.2248853376239395	0.0	0.7951617507429527	0.0	0.0	0.0	0.0	0.0	3.073446418743768	0.0	0.0	0.0	0.9809723346965975	0.0	0.0	0.0	3.5236086714626813	0.0	0.0	0.0	0.09386442218750242	0.0	0.0	0.0
11533	2.9827967153156716	0.0	0.8335362200726533	0.0	0.0	0.0	0.0	0.0	2.255712490292805	0.6380294438015358	0.0	0.0	0.0	1.1436981247182754	0.0	0.0	3.1613905702343184	0.0	1.0186952475454516	0.0	0.0	0.0	0.0	0.0
11534	3.2377537929116675	0.0	1.2015456627905408	0.0	1.1282808383932925	0.0	0.0	0.0	2.2528537085829416	0.3734083193515538	0.47001409596731747	0.0	0.0	0.0	0.0	0.0	3.9536533159869114	0.3198136330276446	0.0	0.0	0.0	0.42596813429559566	0.0	0.0
11535	2.914927979093623	0.0	0.0	0.0	0.0	0.0	0.0	0.0	2.307767048840649	0.0	0.0	0.0	0.0	0.0	0.0	0.0	5.2263530869532895	0.0	0.0	0.0	0.6964631153594864	0.0	0.0	0.0
11536	3.274475751849916	0.0	0.0	0.0	0.0	0.0	0.0	0.0	4.328929870485259	0.0	0.0	0.0	0.6692809796579472	0.0	0.0	0.0	3.726006110522539	0.0	0.0	0.0	0.0	0.0	0.0	0.0
11537	4.241520456803052	0.5551628078276735	0.0	0.0	0.0	0.0	0.0	0.0	5.602231484741113	0.0	0.0	0.0	0.0	0.0	0.0	0.0	2.2178526348230636	0.0	1.0892618389429671	0.0	0.4963510981289971	0.0	0.0	0.0
11538	3.0984753298940833	0.0	0.9127766825764178	0.0	0.0	0.0	0.0	0.0	2.4140779885257273	0.0	0.0	0.0	0.8880768643479804	0.0	0.0	0.0	4.301824079938456	0.0	0.0	0.0	0.0	0.0	0.0	0.0
11539	1.813398134132765	0.0	0.0	0.0	0.0	0.0	0.0	0.0	1.220751057463157	0.0	0.7495287152478912	0.0	0.0	0.0	0.0	0.0	1.8818460186302761	0.0	1.6913271788486006	0.0	0.0	0.7923569746399917	0.0	0.0
11540	1.1024145623400903	0.0	0.0	0.0	0.0	0.0	0.0	0.0	3.176218255032594	0.0	0.9784775221854695	0.0	0.0	0.0	0.0	0.0	1.1140079490947317	0.0	0.9226032029725865	0.0	0.0	0.8486239301562589	0.0	0.0
11541	3.968818811499936	0.0	0.0	0.0	0.7365881711072326	0.0	0.0	0.0	1.9228312589305883	0.0	0.0	0.0	0.0	0.0	0.0	0.0	3.5603630236795363	0.0	0.5457556285101357	0.0	0.0	0.0	0.0	0.0
11542	2.19212352607599	0.0	0.0	0.0	0.0	0.0	0.0	0.0	2.3937955461193323	0.0	0.0	0.0	0.0	0.0	0.0	0.0	2.270094961433241	0.0	0.0	0.0	0.0	0.0	0.0	0.0
11543	3.177554602155784	0.0	0.0	0.0	0.0	0.0	0.0	0.0	3.427544881588339	0.992516301060435	0.0	0.0	0.0	0.0	0.0	0.0	1.1065107453225034	0.0	0.9079207320950179	0.0	0.0	0.32356702254194436	0.0	0.0
11544	1.5813030672776545	0.0	0.0	0.0	1.1821130037709233	0.0	0.0	0.0	1.8926703587673481	0.9722772935567052	0.0	0.0	0.0	0.0	0.0	0.0	0.8094362697766464	0.0	0.0	0.0	0.0	0.0	0.0	0.0
11545	1.1857923068825031	0.0	0.0	0.0	3.446983622204476	0.0	0.0	0.0	1.0464114771974322	0.0	0.0	0.0	0.0	0.6778977845357426	0.0	0.0	2.98203927241447	0.0	0.0	0.0	0.0	0.43059763858259936	0.0	0.0
11546	1.0192204040367123	0.0	0.692843032994964	0.0	1.4453060968339135	0.0	0.0	0.0	1.0100312014316963	0.0	0.0	0.0	0.0	0.0	0.0	0.0	5.098646114409818	0.0	0.0	0.0	0.0	0.0	0.0	0.0
11547	1.710646321134113	0.0	0.0	0.0	0.0	0.0	0.0	0.0	2.826572936102445	0.0	0.0	0.0	0.06919429799946787	0.0	0.0	0.0	7.030374999609773	0.0	0.9525212838628148	0.0	0.0	0.0	0.0	0.0
11548	1.8133721855574723	0.0	0.0	0.0	0.0	0.0	0.0	0.0	1.8637776391090306	0.0	0.0	0.0	0.0	0.0	0.0	0.0	2.4600130469565253	0.0	0.0	0.0	0.0	0.0	0.0	0.0
11549	2.1406065101552496	0.0	0.0	0.0	0.0	0.0	0.0	0.0	1.260720992387128	0.0	0.0	0.0	0.0	0.0	0.0	0.0	0.7379271570770882	0.0	0.8162388687518352	0.0	0.0	0.4422166387140533	0.0	0.0
11550	2.962284477980123	0.0	0.0	0.0	0.0	0.0	0.0	0.0	2.391945036380124	0.0	0.0	0.0	0.0	0.8316084059421825	0.0	0.0	3.0119570924489136	0.0	0.7718162517397295	0.0	0.0	0.0	0.0	0.0
11551	2.0589345515901964	0.0	0.0	0.0	0.0	0.0	0.0	0.0	3.1909052707393024	0.0	0.0	0.0	0.0	0.0	0.0	0.0	2.153833086772318	0.0	1.0745380686487185	0.0	0.0	0.0	0.0	0.0
11552	2.2028836472978663	0.0	0.0	0.0	0.0	0.0	0.0	0.0	2.1028789532440375	0.0	0.5671010230367531	0.0	0.0	0.0	0.0	0.0	3.9961516510033905	0.0	0.0	0.0	0.0	1.7630138720963209	0.0	0.0
11553	2.080790309724863	0.0	0.6007932835850238	0.0	0.402701362310505	0.0	0.0	0.0	1.8751912532608563	0.7306280355960655	0.0	0.0	0.0	0.8988461854750972	0.0	0.0	3.149001503519343	0.0	0.0	0.0	0.0	0.0	0.0	0.0
11554	0.899860356672637	0.0	0.0	0.0	0.8023984722262014	0.0	0.0	0.0	1.8727585589188354	0.0	0.0	0.0	1.0522892772184227	0.9343632842713366	0.0	0.0	1.285670737608132	0.0	0.0	0.0	0.7015261848122819	0.0	0.0	0.0
11555	3.0444996998549025	0.0	0.9938700483689499	0.0	0.0	0.0	0.0	0.0	1.9300471105192583	0.0	0.0	0.0	0.23517710260937305	1.0586113993635182	0.0	0.0	3.8487536085401066	0.0	0.8987730843439266	0.0	0.0	0.0	0.0	0.0
11556	4.324082638437524	0.0	0.8867361035708956	0.0	0.0	0.0	0.0	0.0	2.9756401679857674	0.0	0.0	0.0	0.0	0.8205199306375973	0.0	0.0	4.268256529058191	0.0	0.0	0.0	0.0	0.0	0.0	0.0
11557	4.941438606386391	0.0	0.0	0.0	0.858266987727142	0.0	0.0	0.0	2.113033960377073	0.0	0.0	0.0	0.0	0.0	0.0	0.0	1.2008639088130126	0.0	0.0	0.0	0.0	0.0	0.0	0.0
11558	1.100859504391976	0.0	2.0379600431424643	0.0	0.5058204462794132	0.0	0.0	0.0	1.0617014272511929	0.0	0.0	0.0	0.0	0.0	0.0	0.0	2.155357230058604	0.0	0.4821784664409727	0.0	0.0	0.0	0.0	0.0
11559	4.846418523013775	0.0	0.9131817029289183	0.0	0.0	0.0	0.0	0.0	3.2328200140554255	0.0	0.0	0.0	0.0	0.677277267839819	0.0	0.0	3.7070792704328777	0.0	1.327763585873274	0.0	0.0	0.0	0.0	0.0
11560	3.1344995130870337	0.0	0.7215093726587729	0.0	0.0	0.0	0.0	0.0	4.341762196359379	0.0	0.0	0.0	0.0	1.4344463615469984	0.0	0.0	4.240708928115046	0.0	0.6329489313015672	0.0	0.0	0.0	0.0	0.0
11561	2.411260549766719	0.0	0.6057409065395692	0.0	0.0	0.0	0.0	0.0	3.5003654932173314	0.0	0.0	0.0	0.0	0.0	0.0	0.0	5.381283000499818	0.0	0.0	0.0	0.0	0.0	0.0	0.0
11562	2.2313869905736485	0.0	0.0	0.0	0.0	0.0	0.0	0.0	3.132772945876955	0.39963457357941096	0.0	0.0	1.5060611061736227	0.0	0.0	0.0	3.2245260674051	0.0	0.0	0.0	0.0	0.0	0.0	0.0
11563	4.254470424438097	0.0	0.0	0.0	0.0	0.0	0.0	0.0	2.0136120650896334	0.0	0.0	0.0	0.0	0.0	0.0	0.0	3.181102196667274	0.0	0.0	0.0	0.0	0.0	0.0	0.2515763441026523
11564	4.9223046187636355	0.0	0.6588381184192359	0.0	0.0	0.0	0.0	0.0	1.655352759376422	0.0	0.4235294117647058	0.0	0.0	0.8029549425428186	0.0	0.0	4.228227583365402	0.0	0.7023988117404051	0.0	0.0	0.0	0.0	0.0
11565	2.928030871167479	0.0	1.6153919667469716	0.0	0.0	0.0	0.0	0.0	3.0875212541120143	0.0	0.0	0.0	0.0	0.0	0.0	0.0	4.069040851909576	0.0	0.6244966692343293	0.0	0.0	0.8907527623337765	0.0	0.0
11566	2.413015666875784	0.0	0.0	0.0	1.6410485147731277	0.0	0.0	0.0	2.0624695099504975	0.0	0.6361302762760642	0.0	0.3552467795046459	0.0	0.0	0.0	4.465888487930083	0.0	0.0	0.0	0.0	1.2728969583853464	0.0	0.0
11567	2.34385378931562	0.0	0.0	0.0	0.0	0.0	0.0	0.0	3.666317408535668	0.0	0.0	0.0	0.0	0.0	0.0	0.0	2.3221930262595403	0.0	0.0	0.0	0.0	0.0	0.0	0.0
11568	1.1067914594470705	0.0	0.0	0.0	0.8879234598798706	0.0	0.0	0.0	2.7384579369159447	0.0	0.0	0.0	0.0	0.0	0.0	0.0	1.4380314280832076	0.0	0.0	0.0	0.0	0.0	0.0	0.0
11569	2.1165814176418833	0.0	0.0	0.0	0.0	0.0	0.0	0.0	2.874396647467386	0.0	0.0	0.0	0.8625020124572401	0.0	0.0	0.0	2.2330447327218548	0.0	0.6738791633016815	0.0	0.0	2.138058909013044	0.0	0.0
11570	5.763553287742092	0.0	0.8436133452558185	0.0	0.0	0.7697589753236574	0.0	0.0	4.170948878791434	0.0	0.0	0.0	0.0	0.0	0.0	0.0	2.365189458116687	0.0	2.219524498604541	0.0	0.0	0.0	0.0	0.0
11571	1.9576528963877522	0.0	0.0	0.0	0.7081662745853972	0.0	0.0	0.0	2.8270779499897354	0.0	0.0	0.0	1.4690749561154202	0.0	0.0	0.0	2.9620084599684984	0.0	0.0	0.0	0.0	0.0	0.0	0.0
11572	0.755688930471519	0.0	0.0	0.0	0.0	0.0	0.0	0.0	0.9342196957404062	0.0	0.0	0.0	0.0	0.0	0.0	0.0	1.737007926130743	0.0	0.0	0.0	0.0	0.0	0.0	0.0
11573	2.9125221151389535	0.0	1.2137630469920906	0.0	0.0	0.0	0.0	0.0	2.2041525466546457	0.8465819736472286	0.0	0.0	0.0	0.0	0.0	0.0	1.056414487816787	0.0	0.0	0.0	0.0	0.0	0.0	0.0
11574	3.2427159486497956	0.0	0.0	0.0	0.0	0.4327450260913223	0.0	0.0	1.8353991309080893	0.0	0.0	0.0	0.0	0.0	0.0	0.0	4.015022392634737	0.0	0.0	0.0	0.0	2.27355378431275	0.0	0.0
11575	2.0740313254569114	0.0	0.0	0.0	0.0	0.0	0.0	0.0	3.556855538247041	1.5465079363416945	0.0	0.0	0.7599026171804912	0.0	0.0	0.0	2.2351496415625074	0.0	0.0	0.0	0.0	0.0	0.0	0.0
11576	3.862692761033267	0.0	0.0	0.0	0.0	0.0	0.0	0.0	2.2028776900702907	0.0	0.0	0.8149522319360912	0.0	0.0	0.0	0.0	6.599640696728	0.0	1.0047556275081528	0.0	0.0	0.0	0.0	0.0
11577	1.5867074725879782	0.0	0.0	0.0	0.0	0.0	0.0	0.0	2.451603258675112	0.0	0.0	0.0	0.0	0.0	0.0	0.0	4.7796456712168816	0.0	0.0	0.0	0.0	0.0	0.0	0.0
11578	2.3744286743210408	0.0	0.0	0.0	0.0	0.0	0.0	0.0	2.2268474287037643	0.0	0.0	0.0	0.0	0.0	0.0	0.0	4.1481757014664105	0.0	0.0	0.0	0.0	0.0	0.0	0.0
11579	2.1073660606928386	0.0	1.1449940708843722	0.0	0.0	0.0	0.0	0.0	1.997803284836478	0.0	0.0	0.0	0.0	0.0	0.0	0.0	2.898867255913644	0.0	0.0	0.2099588060302106	0.0	0.9327696240753304	0.0	0.0
11580	3.141881233876085	0.0	0.0	0.0	0.8189151510940301	0.0	0.0	0.0	2.714802331258354	0.0	0.0	0.0	0.0	0.0	0.0	0.0	4.21219169947962	0.0	0.6859930532708057	0.0	0.0	0.0	0.0	0.0
11581	1.1750730490612924	0.0	0.0	0.0	1.4915591316305192	0.0	0.0	0.0	4.191609118405613	0.0	0.0	0.0	0.0	0.0	0.0	0.0	3.166338467402471	0.0	0.8372898343108123	0.0	0.0	0.7434864396789241	0.0	0.0
11582	6.124243568339874	0.0	0.0	0.0	0.0	0.0	0.0	0.0	1.3655696887153908	0.0	0.0	0.0	0.0	0.0	0.0	0.0	3.221045954078642	0.0	0.0	0.0	0.0	0.0	0.0	0.0
11583	1.7739623771185506	0.0	0.0	0.0	0.0	0.0	0.0	0.0	3.072867638937872	0.0	0.0	0.0	0.0983493556317571	0.0	0.0	0.0	4.649329623441088	0.0	0.0	0.0	0.0	0.0	0.0	0.0
11584	0.5512036390929644	0.0	0.0	0.0	1.1281521496355325	0.0	0.0	0.0	0.7256386407167765	0.0	0.0	0.0	0.0	0.0	0.0	0.0	3.9788101753388836	0.0	1.9854333042470167	0.0	0.0	0.0	0.0	0.0
11585	3.4406205261758136	0.0	0.0	0.0	0.0	0.0	0.0	0.0	2.216004834247467	0.0	0.0	0.0	0.0	0.0	0.0	0.0	1.5108635756570497	0.0	0.0	0.0	0.0	0.0	0.0	0.0
11586	1.8634841356492475	0.0	0.0	0.0	0.0	0.0	0.0	0.0	1.958883889205229	0.0	0.0	0.0	0.0	1.0069595940685367	0.0	0.0	5.855958820940902	0.0	0.0	0.0	0.0	0.0	0.0	0.0
11587	5.423944294602757	0.0	0.0	0.0	1.0628239728598636	0.0	0.0	0.0	2.432384855243032	0.0	0.0	0.0	1.7553810128559482	0.0	0.0	0.0	3.2447108861741865	0.0	1.0447588449296796	0.0	0.0	0.3653232777328165	0.0	0.0
11588	4.3926987683126875	0.0	0.0	0.0	0.0	0.0	0.0	0.0	2.1957613074050752	0.0	0.0	0.0	0.0	0.0	0.0	0.0	3.002863286306067	0.0	0.0	0.0	0.0	0.6630025222189703	0.0	0.0
11589	1.6713909142896177	0.0	0.8619787295791663	0.0	0.0	0.0	0.0	0.0	2.167850739716942	0.0	0.0	0.0	0.0	0.0	0.0	0.0	3.1698061680965055	0.0	0.7109674469025401	0.0	0.0	0.0	0.0	0.0
11590	1.2399366370326277	0.0	0.9918448707318489	0.0	0.8155542879641342	0.0	0.0	0.0	2.2859603511769815	0.9416231578888183	0.0	0.0	0.0	0.0	0.0	0.0	1.165373335916176	0.25281954820054164	0.3726779962499649	0.0	0.0	0.0	0.0	0.0
11591	2.1512629759877377	0.7404857391879681	0.6187923602196033	0.0	0.892801429036147	0.0	0.0	0.0	1.7497418446031123	0.0	0.0	0.0	0.0	0.0	0.0	0.0	2.248937023010196	0.0	1.401433808434107	0.0	0.0	0.0	0.0	0.0
11592	1.3090716707091534	0.0	0.0	0.0	0.0	0.0	0.0	0.0	0.9596994492606239	0.0	0.0	0.0	1.5632279992626699	0.0	0.0	0.0	1.9589343124464784	0.0	0.0	0.0	0.0	0.0	0.0	0.0
11593	2.007850844531818	0.0	0.0	0.0	0.0	0.0	0.0	0.0	2.4829312956540024	0.0	0.0	0.0	2.257076266461809	0.0	0.0	0.0	4.549513055867785	0.0	0.6796030560296651	0.0	0.0	0.0	0.0	0.0
11594	2.840857272541474	0.0	0.0	0.0	0.0	0.0	0.0	0.0	2.247500601178884	0.0	0.0	0.0	0.0	0.6730655866634523	0.0	0.0	1.1262625592566933	0.0	0.0	0.0	0.0	0.0	0.0	0.0
11595	4.282675109122482	0.0	0.824798408217177	0.0	0.0	0.0	0.0	0.0	2.1683517535634884	0.0	0.0	0.0	0.0	0.0	0.0	0.0	3.2546635763652985	0.0	0.8560895198092618	0.0	0.0	0.0	0.0	0.0
11596	3.5561914370245256	0.0	0.8983111235995183	0.0	0.0	0.0	0.0	0.0	5.564834986668497	0.42565752280877006	0.0	0.0	0.8181060371538487	0.0	0.0	0.0	2.4389132516371443	0.0	1.0158037525110375	0.0	0.8202591209970059	0.0	0.0	0.0
11597	1.8264630616889796	0.0	1.0214890289340504	0.0	0.0	0.0	0.0	0.0	2.2356644940361874	0.0	0.0	0.0	0.0	0.0	0.0	0.0	3.720841377228024	0.0	0.0	0.0	0.0	0.0	0.0	0.0
11598	1.0796217535596568	0.0	0.0	0.0	0.0	0.0	0.0	0.0	2.178213805992282	0.0	0.0	0.0	0.0	0.0	0.0	0.0	3.7982700011004695	0.0	1.3776129157404047	0.0	0.0	0.0	0.0	0.0
11599	2.175799501985928	0.0	0.0	0.0	0.0	0.0	0.0	0.0	4.357270936495447	0.0	0.7675173096159529	0.0	3.1377473216292304	0.0	0.0	0.0	2.203341493196059	0.0	0.0	0.0	0.0	0.0	0.0	0.0
11600	2.1939407926924717	0.0	1.6403510485177202	0.0	0.0	2.1406540980586057	0.0	0.0	5.569051699322118	0.0	0.0	0.0	0.0	0.0	0.0	0.0	3.2825132054486947	0.0	0.0	0.0	0.0	0.0	0.0	0.0
11601	4.667841245138083	0.0	0.8408693244331821	0.0	0.0	0.0	0.0	0.0	2.0693648209202586	0.3271712318618412	0.0	0.0	0.0	0.0	0.0	0.0	3.152264260376366	0.0	0.6743359803625963	0.0	0.0	0.0	0.0	0.0
11602	4.651007708477366	0.0	0.0	0.0	0.0	0.0	0.0	0.0	0.9348563246945586	0.0	0.0	0.0	0.9400962672702924	0.0	0.0	0.0	2.8860089185063944	0.0	0.3887884397360085	0.0	0.0	0.43937761202684555	0.0	0.0
11603	3.0086407586898987	0.0	0.0	0.0	0.0	0.0	0.0	0.0	4.111408588239281	0.0	0.0	0.0	0.0	0.0	0.0	0.0	3.2466044863687826	0.0	0.0	0.0	0.0	0.0	0.0	0.0
11604	1.970600530035098	0.0	0.0	0.0	0.0	0.0	0.0	0.0	2.3207460452520023	0.0	0.0	0.0	0.0	0.0	0.0	0.0	2.2687675366066893	0.0	0.6988018314768151	0.0	0.9642855403666057	0.0	0.0	0.0
11605	2.025773515530998	0.0	0.9919453389958317	0.0	0.4281485656874319	0.0	0.0	0.0	4.286338666934468	0.1879420714534727	0.0	0.0	0.9312118746856461	0.0	0.0	0.0	2.0193692389081392	0.0	0.977405863611541	0.0	0.0	0.0	0.0	0.0
11606	1.8929692773687623	0.0	1.2666264659298534	0.0	0.0	0.0	0.0	0.0	2.108882051450685	0.7641838219257088	0.0	0.0	0.0	0.0	0.0	0.0	3.351033640708779	0.0	0.979667095188922	0.0	0.0	0.0	0.0	0.0
11607	3.3988369319439826	0.0	0.9002363945825977	0.0	0.8066241825963363	0.0	0.0	0.0	4.108103402148533	0.12345140580419127	0.0	0.0	1.3250243520143699	2.1448507858392567	0.0	0.0	3.331821491365747	0.0	0.9453607673132606	0.0	0.0	0.0	0.0	0.0
11608	2.231095104914168	0.0	0.0	0.0	0.0	0.0	0.0	0.0	3.268622406950278	0.0	0.0	0.0	0.0	0.0	0.0	0.0	4.069830963556821	0.0	1.2483062256268378	0.0	0.0	0.0	0.0	0.0
11609	2.175112802242527	0.0	0.0	0.0	0.0	0.0	0.0	0.0	2.0586144710947325	0.0	0.0	0.0	0.0	0.0	0.0	0.0	5.684115274782382	0.12803579577040367	1.5876949073953068	0.0	0.0	0.0	0.0	0.0
11610	2.630387771004371	0.0	0.0	0.0	1.2261029300436928	0.0	0.0	0.0	2.0989784830925773	0.0	0.0	0.0	0.0	0.0	0.0	0.0	3.3097163802068192	0.0	0.9078665505047409	0.0	0.0	1.5697650825095193	0.0	0.0
11611	1.2477562288151907	0.0	0.0	0.0	0.0	0.0	0.0	0.0	1.1637665435627211	0.0	0.0	0.0	0.0	0.0	0.0	0.0	1.3777516618801642	0.0	0.49958671530852744	0.0	0.0	0.0	0.0	0.0
11612	2.7850477102010474	0.0	0.0	0.0	0.0	0.0	0.0	0.0	2.0012898858179704	0.0	0.0	0.0	0.0	0.0	0.0	0.0	4.570752334408093	0.0	1.0466505562673118	0.0	0.0	0.9799324251078346	0.0	0.0
11613	2.1733642872747283	0.0	0.8989331499509894	0.0	0.995221495689608	0.0	0.0	0.0	1.5498401282611198	0.7795176365515304	0.0	0.0	0.0	1.574786025276314	0.0	0.0	2.789463609592255	0.0	1.3739436697283216	0.0	0.0	0.0	0.0	0.0
11614	5.711677197443942	0.0	0.0	0.0	0.0	0.0	0.0	0.0	0.9700418545236047	0.6890339520186047	0.0	0.0	0.0	0.0	0.0	0.0	2.1013319126690666	0.0	1.0464948433300614	0.0	0.0	0.0	0.0	0.0
11615	1.01200262131852	0.0	0.0	0.0	0.0	0.0	0.0	0.0	0.6493310860993796	0.0	0.0	0.0	0.0	0.0	0.0	0.0	4.7874534293529925	0.0	0.0	0.0	0.0	0.9986139979479092	0.0	0.0
11616	5.967463048233915	0.0	0.0	0.0	0.0	0.0	0.0	0.0	4.355198560500433	0.0	0.0	0.0	0.0	0.0	0.0	0.0	7.306722098073394	0.8852650044522226	0.0	0.0	0.0	0.0	0.0	0.0
11617	1.3360369273030805	0.0	0.5527707983925667	0.0	0.0	0.0	0.0	0.0	3.361795155369623	0.0	0.0	0.0	0.0	0.0	0.0	0.0	1.4829587992227824	0.0	0.0	0.0	0.0	0.49789487400008003	0.0	0.0
11618	2.0400616104908558	0.0	0.9456862204544174	0.0	1.4287370110327697	0.0	0.0	0.0	1.974863014803622	0.0	0.0	0.0	0.0	0.0	0.0	0.0	3.4157269581031398	0.0	0.0	0.0	0.0	0.0	0.0	0.0
11619	2.042433234401571	0.0	0.0	0.0	0.679869268479038	0.0	0.0	0.0	0.7393486220957672	0.0	0.0	0.0	0.0	0.0	0.0	0.0	0.8489956996231469	0.0	0.0	0.0	0.0	0.0	0.0	0.0
11620	3.5608487286999804	0.0	0.0	0.0	0.0	0.0	0.0	0.0	1.2901133929882354	0.0	0.0	0.0	0.0	0.0	0.0	0.0	1.1938084719047568	0.0	0.0	0.0	0.6258175367602637	0.0	0.0	0.0
11621	2.4547034420882583	0.0	0.0	0.0	0.0	0.0	0.0	0.0	1.6915131453861758	0.0	0.0	0.0	0.15660251066652495	0.0	0.0	0.0	2.920020892531594	0.0	1.25481943435056	0.0	0.0	0.0	0.0	0.0
11622	4.530871063795807	0.0	0.0	0.0	0.6591287388930201	0.0	0.0	0.0	2.5766060206498964	0.0	0.0	0.0	0.0	0.0	0.0	0.0	2.8607619899287178	0.0	1.0992847875879062	0.0	0.0	0.0	0.0	0.0
11623	3.218108149358371	0.0	0.0	0.0	1.1352327546380563	0.0	0.0	0.0	3.63319084688854	0.0	0.0	0.0	0.0	0.0	0.0	0.0	3.245219110234978	0.0	0.0	0.0	0.0	0.0	0.0	0.0
11624	4.211463766708708	0.0	0.9458234949192731	0.0	0.0	0.0	0.0	0.0	3.3450324139418135	0.4407046440438789	0.0	0.0	0.0	0.0	0.0	0.0	4.2798636124819565	0.0	0.0	0.0	0.0	0.8068456146698395	0.0	0.0
11625	4.189656177637496	0.0	0.49767856154076395	0.0	1.7884181575271594	0.0	0.0	0.0	3.2580695728546365	1.2012770982028529	0.0	0.0	0.0	0.0	0.0	0.0	2.244723885132082	0.0	0.0	0.0	0.0	0.0	0.0	0.0
11626	2.3946294373272776	0.0	1.2372139930222132	0.0	0.0	0.0	0.0	0.0	4.3211342508867565	0.0	0.0	0.0	0.6435239788080924	0.5448374741736189	0.0	0.0	4.155128047640308	0.0	0.0	0.0	0.0	0.0	0.0	0.0
11627	3.3753125637329835	0.0	1.2162708270432245	0.0	0.0	0.0	0.0	0.0	3.0123672796685854	0.0	0.0	0.0	0.0	0.0	0.0	0.0	2.1000726635598754	0.0	0.0	0.0	0.0	0.0	0.0	0.0
11628	4.0506566007344285	0.0	0.9395597385115869	0.0	1.6479740657012558	0.0	0.0	0.0	1.5451083125958225	0.0	0.0	0.0	0.0	0.0	0.0	0.0	6.956795799685373	0.0	0.0	0.0	0.0	0.0	0.0	0.0
11629	6.226809736467562	0.0	1.5198599961432322	0.0	1.4502394274397212	0.0	0.0	0.0	3.837695014147075	0.0	0.0	0.0	0.0	0.0	0.0	0.0	3.634058612878519	0.0	0.48961037941858165	0.0	0.0	2.292028495465097	0.0	0.0
11630	2.1860410586729793	0.0	0.0	0.0	0.0	0.0	0.0	0.0	1.3491232476028143	0.0	0.0	0.0	0.0	0.0	0.0	0.0	3.875534930018947	0.0	0.4893403968259809	0.0	0.0	0.0	0.0	0.0
11631	2.0282016216225345	0.0	0.0	0.0	0.0	0.0	0.0	0.0	1.658757300178761	0.0	0.0	0.0	1.0765254884010338	0.0	0.0	0.0	5.491090103878531	0.0	0.8892780460650631	0.0	0.0	0.0	0.0	0.0
11632	1.553756400024561	0.0	0.0	0.0	0.0	0.0	0.0	0.0	1.701967839859485	0.0	0.5421561178967175	0.0	0.0	0.0	0.0	0.0	1.937254251045653	0.0	0.964428083258559	0.0	0.0	0.0	0.0	0.0
11633	1.892828886084686	0.0	0.0	0.0	0.30454347814923616	0.0	0.0	0.0	1.1529744985429362	0.0	0.0	0.0	0.0	0.0	0.0	0.0	0.8727781724717578	0.0	0.10659331604018049	0.0	0.0	0.0	0.0	0.0
11634	2.010806993944626	0.0	0.0	0.0	0.0	3.398369661524808	0.0	0.0	1.2166810545350821	0.0	0.0	0.0	0.0	0.6398304539635935	0.0	0.0	3.260411755685298	0.0	0.0	0.0	0.0	0.0	0.0	0.0
11635	2.1620446814064564	0.0	0.0	0.0	0.0	0.0	0.0	0.0	2.798556239479894	0.0	0.0	0.0	0.0	0.0	0.0	0.0	2.3057427855187105	0.0	0.0	0.0	0.0	0.0	0.0	0.0
11636	1.241333267325817	0.0	0.0	0.0	0.0	0.11145510168223251	0.0	0.0	2.1585621293995882	0.0	0.0	0.0	0.0	0.0	0.0	0.0	3.0775075869634696	0.0	1.1111862084042068	0.0	0.0	0.0	0.0	0.0
11637	1.9118149817421368	0.0	1.5161250411264375	0.0	0.9108022539865469	0.0	0.0	0.0	0.8351542605344768	0.0	0.0	0.0	0.0	0.0	0.0	0.0	4.969135321553055	0.0	0.0	0.0	0.0	0.0	0.0	0.0
11638	2.4912444733813692	0.0	0.0	0.0	0.0	0.0	0.0	0.0	2.298415575162487	0.0	0.0	0.5347587490341177	0.0	0.0	0.0	0.0	4.044135940265288	0.0	0.8808203245969076	0.0	0.0	0.0	0.0	0.0
11639	0.9233675918888246	0.0	0.0	0.0	0.5073298846716664	0.0	0.0	0.0	1.2062982863104614	0.0	0.0	0.0	0.0	0.0	0.0	0.0	3.294627541486156	0.0	0.0	0.0	0.0	0.0	0.0	0.0
11640	2.3075120360097174	0.0	0.0	0.0	0.0	0.0	0.0	0.0	3.4660592700251094	0.2397008098580153	0.0	0.0	0.0	0.0	0.0	0.0	2.3504534817855385	0.0	0.0	0.0	0.0	2.079349213810803	0.0	0.0
11641	4.8707287344866605	0.0	0.0	0.0	1.0599410934356477	0.0	0.0	0.0	7.625530199682254	0.4118023779498924	0.0	0.0	0.0	0.0	0.0	0.0	1.3939268627748846	0.0	0.0	0.0	0.0	0.0	0.0	0.0
11642	3.173760242301815	0.0	0.0	0.0	0.0	0.0	0.0	0.0	3.957003856915526	0.0	0.0	0.0	0.0	0.0	0.0	0.0	4.433622925429942	0.0	0.0	0.0	0.0	0.0	0.0	0.0
11643	2.3140133785200803	0.0	0.0	0.0	0.0	0.0	0.0	0.0	2.034935809129217	0.0	0.0	0.0	0.0	0.0	0.0	0.0	3.48287577565423	0.0	0.7329170501891333	0.0	0.0	0.8105732052125906	0.0	0.0
11644	2.4747351143857648	0.0	1.01320273685432	0.0	0.0	0.0	0.0	0.0	2.129152053067861	0.0	0.0	0.0	0.0	0.0	0.0	0.0	2.1518689937366045	0.0	2.178641244236123	0.0	0.0	0.0	0.0	0.0
11645	3.0070623941688077	0.0	0.0	0.0	0.0	0.0	0.0	0.0	2.4200265692302425	0.0	0.0	0.0	0.0	0.0	0.0	0.0	2.9069756670922966	0.0	0.0	0.0	0.0	0.0	0.0	0.0
11646	2.374161744896439	0.0	0.27338476370299664	0.0	0.0	0.0	0.0	0.0	1.367642708555677	0.0	0.0	0.0	0.0	0.0	0.0	0.0	1.8632622015556566	0.0	0.0	0.0	0.0	0.0	0.0	0.0
11647	2.0234410450799563	0.0	0.0	0.0	0.0	0.0	0.0	0.0	3.853633178470189	0.0	0.0	0.0	0.0	0.0	0.0	0.0	3.0807699465693785	0.0	0.0	0.0	0.0	0.0	0.0	0.0
11648	1.9445436482630056	0.0	0.0	0.0	0.0	0.0	0.0	0.0	1.6538197658193627	0.0	0.0	0.0	0.9803474032463576	0.0	0.0	0.0	2.124613334345149	0.0	0.3685995053239421	0.0	0.0	0.0	0.0	0.0
11649	5.825275412120155	0.0	0.0	0.0	0.0	0.0	0.0	0.0	1.2085716549184151	0.0	1.254996925872975	0.0	0.0	0.0	0.0	0.0	2.475676794679785	0.0	0.6400812342191264	0.0	0.0	0.0	0.0	0.0
11650	2.981569040084768	0.0	0.0	0.0	0.0	0.0	0.0	0.0	2.152475822061547	0.0	0.3021771570082832	0.0	0.0	0.0	0.0	0.0	3.213344318802691	0.0	0.0	0.0	0.0	0.0	0.0	0.0
11651	1.3499274032639088	0.0	0.0	0.0	0.0	0.0	0.0	0.0	3.7501018504687162	0.0	0.0	0.0	0.0	0.0	0.0	0.0	2.92570574254169	0.0	0.0	0.0	0.0	0.0	0.0	0.0
11652	3.471417939591208	0.0	0.0	0.0	0.0	0.0	0.0	0.0	2.986489782763682	0.0	0.0	0.0	0.0	0.0	0.0	0.0	2.0588190757696347	0.0	0.0	0.0	0.0	0.0	0.0	0.0
11653	3.2107212722672176	0.0	1.0749162366628329	0.0	0.0	0.0	0.0	0.0	2.936950480387844	0.7540381697685765	0.0	0.0	0.0	1.2041742125024761	0.0	0.0	3.4792922163104465	0.0	0.0	0.0	0.0	0.48351732683021675	0.0	0.3685572589218727
11654	4.8624883734471505	0.0	1.1914390510851531	0.0	0.0	0.5479082061503221	0.0	0.0	3.44907353598178	0.0	0.0	0.0	0.0	0.0	0.0	0.0	2.213756749680695	0.0	0.0	0.0	0.0	0.0	0.0	0.0
11655	2.677883011654965	0.0	0.0	0.0	0.0	0.0	0.0	0.0	5.114370061969173	0.0	0.0	0.0	0.0	0.0	0.0	0.0	4.446911108040718	0.0	0.6724886349452943	0.0	0.0	0.0	0.0	0.0
11656	0.8594991208481476	0.0	0.0	0.0	0.0	0.0	0.0	0.0	3.1691230077002746	0.0	0.0	0.0	0.9699653213473707	0.0	0.0	0.0	3.370429086133854	0.0	0.0	0.0	0.0	0.0	0.0	0.0
11657	3.675112363282567	0.0	0.0	0.0	0.0	0.0	0.0	0.0	5.399553565719615	0.0	0.0	0.0	0.5342219668196967	0.0	0.0	0.0	4.627589082147799	0.8947327135828427	1.3703774196550633	0.0	0.0	0.0	0.0	0.0
11658	4.459409215978677	0.0	0.0	0.0	0.0	0.0	0.0	0.0	1.9201915582830824	0.0	0.0	0.0	0.0	0.8635783618837035	0.0	0.0	2.6562830805050868	0.0	0.0	0.0	0.0	0.0	0.0	0.0
11659	0.0	0.0	0.0	0.0	0.0	0.0	0.0	0.0	0.0	0.0	0.0	0.0	0.0	0.0	0.0	0.0	1.0063288257335863	0.0	0.0	0.0	0.0	0.0	0.0	0.0
11660	2.0947974690006688	0.0	0.0	0.0	1.1743130712689884	0.0	0.0	0.0	2.0493875869081633	0.758126701660587	0.0	0.0	0.0	0.0	0.0	0.0	4.072789613103237	0.0	1.0251917095969345	0.0	0.0	0.0	0.0	0.0
11661	3.539475647020125	0.0	0.0	0.0	0.38827052069463597	0.0	0.0	0.0	3.2592201119778976	0.0	0.0	0.0	0.0	0.6409047253493168	0.0	0.0	3.631255966943247	0.0	0.0	0.0	0.0	0.0	0.0	0.0
11662	1.1883590500492307	0.0	0.0	0.0	0.0	0.0	0.0	0.0	1.0663379398844481	0.0	0.0	0.0	0.9222973496159422	0.0	0.0	0.0	0.851987360877003	0.0	0.0	0.0	0.0	0.0	0.0	0.0
11663	2.312260227142415	0.0	0.0	0.0	0.0	0.0	0.0	0.0	3.9369948374411465	0.0	0.0	0.0	0.0	0.0	0.0	0.0	5.36214074223583	0.0	0.0	0.0	0.0	0.0	0.0	0.0
11664	1.3244715886531147	0.0	0.0	0.0	1.0072796376967612	0.0	0.0	0.0	1.207662253090253	0.0	0.0	0.0	0.0	0.0	0.0	0.0	3.4849529929177065	0.0	0.0	0.0	0.0	0.0	0.0	0.0
11665	3.146404454689855	0.0	0.0	0.0	1.2559839467845488	0.0	0.0	0.0	3.35147362393983	0.0	0.0	0.0	0.6467050425253403	0.0	0.0	0.0	4.559594434517616	0.0	1.6787116342002588	0.0	0.0	0.7784267312507656	0.0	0.0
11666	2.13711122493779	0.0	0.0	0.0	0.0	0.0	0.0	0.0	3.515137509272079	0.0	0.0	0.0	0.0	0.0	0.0	0.0	3.4046711977839186	0.0	0.0	0.0	0.0	0.0	0.0	0.0
11667	1.0476163419878481	0.0	0.0	0.0	0.0	0.0	0.0	0.0	7.0557949533870685	0.0	0.0	0.0	0.7985811568622818	0.0	0.0	0.0	1.1065186266278484	0.0	0.0	0.0	0.0	0.0	0.0	0.0
11668	2.3477603119818355	0.0	0.0	0.0	0.0	0.0	0.0	0.0	1.819379127801831	0.0	0.0	0.0	0.0	0.0	0.0	0.0	3.141066770550116	0.0	0.0	0.0	0.0	0.0	0.0	0.0
11669	3.466594863038914	0.0	0.775492990238902	0.0	0.0	0.49543969351980083	0.0	0.0	1.1590277711800838	0.0	0.0	0.0	0.0	0.0	0.0	0.0	5.180650311023491	0.0	0.0	0.0	0.0	0.0	0.0	0.0
11670	1.9450497842070045	0.0	0.8903899226365244	0.0	0.9390762858161308	0.0	0.0	0.0	2.091288214052171	0.0	0.0	0.0	0.0	1.0252050355375353	0.0	0.0	6.863705998611201	0.0	0.0	0.0	0.0	0.9318939881744878	0.0	0.0
11671	1.7400908311923715	0.0	0.0	0.0	0.9980260103278632	0.0	0.0	0.0	4.8750831400878	0.0	0.9393371673612856	0.0	0.0	0.0	0.0	0.0	3.4550824606195003	0.0	1.7521253634443377	0.0	0.0	0.4950689188195913	0.0	0.0
11672	2.2253507797316665	0.0	0.0	0.0	0.0	0.0	0.0	0.0	2.131285980058623	0.925863014225493	1.6896921344215028	0.0	0.0	0.0	0.0	0.0	2.129731188807948	1.7435821025702865	2.1414711900871084	1.671575755821396	0.0	0.0	0.0	0.9783280866527542
11673	1.9015604704911309	0.0	0.0	0.0	0.0	0.0	0.0	0.0	0.9974541506504836	0.0	0.0	0.0	0.0	0.0	0.0	0.0	2.9996920454257516	0.0	0.0	0.0	0.0	0.0	0.0	0.0
11674	1.0501982262672016	0.0	0.0	0.0	0.0	0.0	0.0	0.0	2.070869759515091	0.0	0.0	0.0	0.0	0.0	0.0	0.0	3.4299765639177395	0.0	0.0	0.0	0.0	0.963206216626266	0.0	0.0
11675	0.8236692116457051	0.758383064660545	0.0	0.0	1.826086826111469	0.0	0.0	0.0	2.3066995910840404	0.0	0.0	0.0	0.5441056230557996	0.0	0.0	0.0	2.1826386915792075	0.0	0.0	0.0	0.0	1.3058389715049605	0.0	0.0
11676	4.433487020943549	0.0	0.710046946804693	0.0	0.0	0.23405971592156558	0.0	0.0	2.386766757677749	0.0	0.0	0.0	0.0	0.0	0.0	0.0	3.360436168861535	0.0	0.0	0.0	0.0	0.0	0.0	0.0
11677	2.2834913347484234	0.0	0.0	0.0	0.0	0.0	0.0	0.0	2.576688285010509	0.0	0.0	0.0	0.0	0.0	0.0	0.0	6.476117501158843	0.0	0.0	0.0	0.0	0.0	0.0	0.0
11678	5.820616355674469	0.0	0.0	0.0	0.0	0.0	0.0	0.0	2.2121296526477447	0.0	0.0	0.0	1.829419691059344	0.0	0.9288841632581077	0.0	3.8938830209021327	0.0	0.0	0.0	0.0	0.0	0.0	0.0
11679	5.78101766899706	0.0	0.7713439460925193	0.0	0.0	0.0	0.0	0.0	2.363601257537522	0.0	0.0	0.0	0.0	0.9054797530534578	0.0	0.0	8.059399240026398	0.39020331619951254	0.0	0.0	0.6980930678598007	0.4127951050434949	0.0	0.0
11680	4.211681836142052	0.0	0.0	0.0	1.2041306222979118	0.0	0.0	0.0	2.1644810971607544	0.0	0.0	0.0	0.7664741606139696	0.0	0.0	0.0	4.154070567092964	0.0	0.8547254269972057	0.0	0.0	0.0	0.0	0.0
11681	2.547101380743802	0.0	0.0	0.0	0.0	0.0	0.0	0.0	1.6625641220991754	0.0	0.0	0.0	0.0	0.0	0.0	0.0	1.198164591157304	0.0	0.0	0.0	0.0	0.0	0.0	0.0
11682	2.9156150270841947	0.0	0.0	0.0	1.0893281795870757	0.0	0.0	0.0	2.1268389897637183	1.130978588828449	0.0	0.0	0.0	0.0	0.0	0.0	2.010415630008186	0.0	0.0	0.0	0.0	0.0	0.0	0.0
11683	1.5280795372143792	0.0	0.9723277210400995	0.0	0.5123827078917542	0.0	0.0	0.0	2.1656407827707715	1.1078431348025202	0.0	0.0	2.4822556050674733	0.0	0.0	0.0	7.4825475381092605	0.0	0.9556739044863711	0.6546104920204183	0.0	0.0	0.0	0.0
11684	0.46064233199380555	0.0	0.2592542582608452	0.0	0.0	0.937559071862949	0.0	0.0	1.1022408277003977	0.0	0.0	0.0	0.0	0.0	0.0	0.0	2.517818159443543	0.0	0.0	0.0	0.0	0.0	0.0	0.0
11685	2.1202337070860136	0.0	1.0867207473756668	0.0	0.3513827816971997	0.0	0.0	0.0	1.8975174599478302	0.0	0.0	0.0	0.0	0.0	0.0	0.0	3.549488814020034	0.0	0.0	0.0	0.0	0.0	0.0	0.0
11686	3.3765718143589125	0.0	0.0	0.0	0.0	0.0	0.0	0.0	2.2441529022155233	0.0	0.0	0.0	0.0	0.0	0.0	0.0	2.6269051663115315	0.0	0.8520927079082784	0.0	0.0	0.0	0.0	0.0
11687	2.7027886728298465	0.0	0.0	0.0	0.0	0.0	0.0	0.0	3.183932464440347	0.0	0.0	0.0	1.6034898778592293	0.0	0.0	0.0	4.242464321492739	0.0	1.1359143067693682	0.0	0.0	0.0	0.0	0.0
11688	3.089805819141391	0.0	0.0	0.0	0.0	0.23660246326609277	0.0	0.0	3.1781061939710513	0.0	0.0	0.0	0.0	0.0	0.0	0.0	3.728999806030161	0.0	0.9324066098906638	0.0	0.0	0.0	0.0	0.0
11689	2.143131089424542	0.0	0.7504167894358819	0.0	0.0	0.6754756902502844	0.0	0.0	2.4470019373671867	0.54495990559521	0.0	0.0	0.0	0.0	0.0	0.0	3.088953889503175	0.0	0.0	0.0	0.0	0.0	0.0	0.0
11690	3.1343775959173383	0.0	0.0	0.0	0.7153451963912248	0.0	0.0	0.0	3.0540210780309347	0.0	0.0	0.0	0.0	0.0	0.0	0.0	3.4361762155971753	0.0	0.47538525757606304	0.0	0.0	0.0	0.0	0.0
11691	2.015055911332946	0.0	0.0	0.0	0.8052706540245059	0.0	0.0	0.0	3.0345058969758427	0.5710785901081249	0.0	0.0	0.0	0.0	0.0	0.0	5.598031119521824	0.0	0.48222728616385196	0.0	0.0	0.0	0.0	0.0
11692	5.9089854348032835	0.0	0.0	0.0	0.8327137614479547	0.0	0.0	0.0	2.8665191173763653	0.19768897992714834	0.5950297107312787	0.0	0.0	0.0	0.0	0.0	4.499146900069991	0.0	0.0	0.0	0.0	0.0	0.26635623649314627	0.0
11693	7.662736322107354	0.0	0.0	0.0	0.0	0.0	0.0	0.0	2.9944789680273542	0.0	0.0	0.0	0.0	0.0	0.0	0.0	5.678071569574894	0.0	0.0	0.0	0.0	0.0	0.0	0.0
11694	2.2406200209742315	0.0	0.0	0.0	0.0	0.0	0.0	0.0	2.139344025476346	0.4694690644240049	0.0	0.0	0.0	2.0452732237609497	0.0	0.0	1.1788362186456587	0.0	0.0	0.0	0.0	0.0	0.0	0.0
11695	1.9523757839859581	0.0	0.6769230769230771	0.0	0.7088856576521606	0.0	0.0	0.0	2.8751308846592005	0.0	0.0	0.0	0.0	0.0	0.0	0.0	3.1632177287305927	0.0	0.0	0.0	0.0	0.0	0.0	0.0
11696	0.9403199830763366	0.0	0.0	0.0	0.0	0.0	0.0	0.0	1.0445491877517805	0.0	0.0	0.0	0.4849826606736854	0.9428090415820635	0.0	0.0	1.7631164356564024	0.0	0.0	0.0	0.0	0.0	0.0	0.0
11697	4.538801949908794	0.0	0.0	0.0	0.0	0.0	0.0	0.0	4.009946489177584	0.0	0.0	0.0	1.3643726968211574	0.0	0.0	0.0	2.1756568165428996	0.0	0.4436417389100395	0.0	2.220975028802308	0.0	0.0	0.0
11698	0.9721351964750895	0.0	0.0	0.0	0.0	0.0	0.0	0.0	1.0372730507282772	0.0	0.0	0.0	0.0	0.0	0.0	0.743310015626405	2.99118440588664	0.0	0.4769540275286133	0.0	0.27393350512555803	0.44835391249761786	0.0	0.0
11699	1.1891816602868128	0.0	1.2187949638819633	0.0	0.0	0.0	0.0	0.0	4.04557904005189	0.0	0.0	0.0	0.0	0.0	0.0	0.0	2.3382991188703723	0.0	2.023474982188293	0.0	0.0	0.0	0.0	0.0
11700	1.1405717685913461	0.0	0.0	0.0	0.0	0.0	0.0	0.0	4.256727560794104	0.4988278684898797	0.0	0.0	0.0	0.0	0.0	0.0	1.9451907128786377	0.0	0.0	0.0	0.0	0.0	0.0	0.0
11701	1.8488247598053427	0.0	0.0	0.0	0.6616065049572942	0.0	0.0	0.0	1.803660114231779	0.0	0.0	0.0	0.0	0.0	0.0	0.0	3.8209210583676527	0.0	0.6113373318662401	0.0	0.0	0.0	0.0	0.0
11702	3.353811285221309	0.0	0.9480559356038297	0.0	1.0620651216162191	0.0	0.0	0.0	7.319104384002774	0.0	0.0	0.0	0.0	0.0	0.0	0.0	4.638934039860217	0.0	0.9332951003801967	0.0	0.0	0.0	0.0	0.0
11703	2.7463579628026844	0.0	1.1766081741953454	0.0	0.0	0.0	0.0	0.0	3.6834724139874555	0.0	0.0	0.0	0.0	0.0	0.0	0.0	2.1935590899600754	0.0	0.0	0.0	0.0	0.0	0.0	0.0
11704	1.3122594955127758	0.0	0.0	0.0	0.0	0.0	0.0	0.0	0.9993554793445572	0.0	0.0	0.0	0.0	0.0	0.0	0.0	1.4116636335659696	0.0	0.0	0.0	0.0	0.0	0.0	0.0
11705	0.9323761478785595	0.0	1.1821366235038788	0.0	0.0	0.0	0.0	0.0	1.920833458802342	0.0	0.0	0.0	0.0	0.0	0.0	0.0	1.1369590454969825	0.0	0.0	0.0	0.0	0.0	0.0	0.0
11706	3.530735297948521	0.0	0.9124614352604073	0.0	0.8972448407741616	0.0	0.0	0.0	1.644649447020096	0.0	0.0	0.0	0.0	0.0	0.0	0.0	3.4110054066383615	0.0	1.0152755654224994	0.0	0.0	0.0	0.0	0.0
11707	0.7460258286961027	0.0	0.0	0.0	0.0	0.0	0.0	0.0	2.5194123293335693	0.0	0.0	0.0	0.0	0.0	0.0	0.0	1.7659396166324137	0.0	0.0	0.0	0.0	0.0	0.0	0.0
11708	3.2495974792281843	0.0	0.0	0.0	0.0	0.0	0.0	0.0	4.039044955180648	0.0	0.0	0.0	0.0	0.0	0.0	0.0	3.9930790738220945	0.0	1.0883125131440687	0.0	0.0	0.0	0.0	0.0
11709	1.6617468520372736	0.0	0.0	0.0	0.0	0.0	0.0	0.0	1.0488899378537024	0.0	0.0	0.0	0.0	0.0	0.0	0.0	2.311662967354203	0.0	0.0	0.0	0.0	0.0	0.0	0.0
11710	1.0071380120524687	0.0	0.0	0.0	0.0	0.0	0.0	0.0	5.0925589224476155	0.0	0.0	0.0	0.0	0.0	0.0	0.0	1.976149285787507	0.0	0.0	0.0	0.0	0.0	0.0	0.0
11711	2.088546147310063	0.0	0.0	0.0	0.0	0.0	0.0	0.0	3.881948210376724	0.0	0.0	0.0	1.6840642931186025	0.0	0.0	0.0	3.807971505683466	0.0	1.3812755015800562	0.0	0.0	0.0	0.0	0.0
11712	1.07574382592681	0.0	0.0	0.0	0.0	0.0	0.0	0.0	1.4270809572668783	0.9968716196494499	0.6435693125562622	0.0	0.0	0.0	0.0	0.0	3.213217266260986	0.0	0.8007389036943078	0.0	0.0	0.0	0.0	0.0
11713	2.285355701798873	0.0	1.2240959508885685	0.0	0.0	0.0	0.0	0.0	2.763353160635922	0.0	0.0	0.0	0.0	0.0	0.0	0.0	4.163243807463655	0.0	0.9744897254715749	0.0	0.0	0.0	0.0	0.0
11714	2.1349261011581024	0.0	0.915317969328484	0.0	0.9322772456999738	0.0	0.0	0.0	3.2315834664475944	0.0	0.0	0.0	0.0	0.0	0.0	0.0	3.472020583220339	0.0	0.8310628760302886	0.0	0.0	1.220390426959476	0.0	0.0
11715	2.397422983095921	0.0	1.0367883454700237	0.0	0.8314794192830981	0.0	0.0	0.0	1.1015210414458825	0.0	0.0	0.0	0.0	2.1042440167301044	0.0	0.0	2.1073911344812064	0.0	1.9835356261602446	0.0	0.0	0.0	0.0	0.0
11716	2.142694336509631	0.0	1.8430914033435029	0.0	0.0	0.0	0.0	0.0	2.3386171233085857	0.0	0.0	0.0	0.0	0.7555497719389982	0.0	0.0	4.121490702531121	0.0	0.0	0.0	0.0	0.0	0.0	0.0
11717	8.456576702943096	0.0	0.0	0.0	1.6114999525718594	0.0	0.0	0.0	5.727650793945691	0.0	0.0	0.0	0.0	0.0	0.0	0.0	3.943201164646019	0.0	1.1628056413300354	0.0	0.0	0.0	0.0	0.0
11718	0.8928454023835976	0.0	0.0	0.0	0.0	0.0	0.0	0.0	0.0	0.0	0.0	0.0	0.0	0.0	0.0	0.0	0.8819109283819151	0.0	0.0	0.0	0.0	0.0	0.0	0.0
11719	0.6402560468631874	0.0	0.0	0.0	0.0	0.0	0.0	0.0	1.9197839092848668	0.0	0.0	0.0	0.0	0.0	0.0	0.0	0.8624969733400204	0.0	0.0	0.0	0.0	0.0	0.0	0.0
11720	0.9496797585027417	0.0	0.0	0.0	0.0	0.0	0.0	0.0	1.2218271573743147	0.85771569330388	1.868886930082291	0.0	0.0	0.0	0.0	0.5997222377272587	0.9417780966764419	0.9004168051135156	0.0	1.1351574619990792	0.0	0.0	0.0	0.0
11721	2.5882135630704433	0.0	0.0	0.0	0.0	0.0	0.1622178637604754	0.0	1.1730982805422292	0.0	0.0	0.0	0.0	0.9346485561076727	0.0	0.0	1.9559837872991903	0.0	0.3341291320705016	0.0	0.0	1.3969586091057173	0.0	0.0
11722	1.1448974205037674	0.0	0.6328453566480007	0.0	0.0	0.0	0.0	0.0	1.113864627580201	0.0	0.0	0.0	0.5547441391547676	0.0	0.0	0.0	1.958401408500708	0.0	0.0	0.0	0.0	0.0	0.0	0.0
11723	0.8344432863155556	0.0	0.8282763226524507	0.0	0.0	0.0	0.0	0.0	1.1488645730296216	0.5887250820393354	0.0	0.0	1.8607047649270485	0.0	0.0	0.0	2.1071092276035794	0.0	0.7669836301309755	0.0	0.0	0.0	0.0	0.0
11724	1.2101206492400334	0.0	0.15149858953571094	0.0	0.0	0.0	0.0	0.0	1.919621183021259	0.0	0.0	0.0	0.0	0.0	0.0	0.0	1.0892699923029134	0.0	1.5693597138985889	0.0	0.9357413131303888	0.4832840211530965	0.0	0.0
11725	6.871431949737956	0.0	0.8267185888205592	0.0	0.0	0.0	0.0	0.0	0.9639740593620602	1.1275406711065261	0.0	0.0	0.0	0.0	0.0	0.0	3.3218101714700534	0.0	1.48613123755773	0.0	0.0	0.0	0.0	0.0
11726	2.0396078054371136	0.0	0.0	0.0	0.0	0.0	0.0	0.0	1.0942924629700381	0.0	0.0	0.0	0.0	0.0	0.0	0.0	2.014189606804908	0.0	0.0	0.0	0.0	0.0	0.0	0.0
11727	2.2554673334749578	0.0	0.0	0.0	0.7753115717187492	0.0	0.0	0.0	3.8087088920666847	0.0	0.0	0.0	0.0	0.0	0.0	0.0	0.9183294170254201	0.0	1.0877811951828424	0.0	0.0	0.0	0.0	0.0
11728	3.5871313182924536	0.0	0.0	0.0	0.0	0.0	0.0	0.0	3.2182459858396184	0.0	0.0	0.0	0.0	0.0	0.0	0.0	2.321835817150425	0.0	1.4142135623730951	0.0	0.0	0.0	0.0	0.0
11729	2.205017258901644	0.0	0.0	0.0	0.0	0.0	0.0	0.0	3.31064792942553	0.0	0.291919698916633	0.0	0.0	0.0	0.0	0.0	5.49773904321817	0.0	0.0	0.0	0.0	0.416008897773129	0.0	0.0
11730	1.8119802190150298	0.0	0.0	0.0	0.0	0.0	0.0	0.0	3.118393764831952	0.0	0.0	0.0	0.0	1.3070065921266514	0.0	0.0	3.2155813403963767	0.0	0.0	0.0	0.7173658151960624	0.0	0.0	0.0
11731	2.6790337884190887	0.0	0.0	0.0	0.0	0.0	0.0	0.0	0.928603285334957	0.0	0.0	0.0	0.0	0.0	0.0	0.0	4.453274674753196	0.0	0.0	0.0	0.0	0.0	0.0	0.0
11732	2.65313317537181	0.0	0.0	0.0	0.8705593143366409	0.0	0.0	0.0	2.6495577386862887	0.0	0.0	0.0	1.468918768413876	0.0	0.0	0.0	2.6918875354296214	0.0	0.0	0.0	0.0	0.0	0.0	0.0
11733	5.6711903716101695	0.0	0.0	0.0	0.0	0.0	0.0	0.0	5.608035094861012	0.0	0.0	0.0	0.0	0.0	0.0	0.0	2.4441946587117576	0.0	0.6938364191537597	0.0	0.0	1.0681873747197885	0.0	0.0
11734	3.0304022689979875	0.0	1.0307639254995884	0.0	0.0	0.0	0.0	0.0	2.429826665227217	0.0	0.0	0.0	0.0	0.7187719111661595	0.0	0.0	3.0560306418747056	0.0	0.0	0.0	0.0	0.0	0.0	0.0
11735	5.427835138662723	0.0	0.0	0.0	0.0	0.0	0.0	0.0	3.426444644938766	0.0	0.0	0.0	1.1210094175842098	0.0	0.0	0.0	4.37942268006313	0.0	1.3686913511625265	0.0	0.0	0.8992505447253785	0.0	0.0
11736	3.902278903956573	0.0	0.0	0.0	0.0	0.0	0.0	0.0	2.1499860426048203	0.0	0.0	0.0	0.0	0.0	0.0	0.0	3.239170204528322	0.0	0.0	0.0	0.0	0.0	0.0	0.0
11737	3.59076893362434	0.0	0.0	0.0	0.5577633906953736	0.0	0.0	0.0	4.997271078630994	0.0	0.0	0.0	0.0	0.0	0.0	0.0	1.9107008933252985	0.0	0.48737106557073695	0.0	0.0	0.0	0.0	1.0696994421990509
11738	4.295188662612166	0.0	0.0	0.0	0.8508573931289118	0.0	0.0	0.0	3.229840477455134	0.0	0.0	0.0	1.0511579641336288	0.0	0.0	0.0	2.294074489267483	0.0	0.642603015482434	0.0	0.0	0.0	0.0	0.5535377019992856
11739	2.1028637448923275	0.0	0.0	0.0	0.8721749964075551	0.0	0.0	0.0	3.6214408469788846	0.0	0.0	0.0	0.0	0.0	0.0	0.0	3.258848807777925	0.0	0.0	0.0	0.7785920894734003	0.0	0.0	0.0
11740	1.8076767376441107	0.0	0.8380993489000781	0.0	0.0	0.0	0.0	0.0	2.2029976182648836	0.0	0.5975900523162883	0.0	0.0	1.760189761851675	0.0	0.0	4.207260844771924	0.0	0.0	0.0	0.0	0.9014484822344978	0.0	0.0
11741	1.9547412473017398	0.0	0.0	0.0	0.0	0.0	0.0	0.0	3.15832844375565	0.0	0.0	0.0	0.0	0.0	0.0	0.0	2.156624127198553	0.0	0.4173789065749625	0.0	0.0	0.0	0.0	0.0
11742	2.362288077944298	0.0	0.0	0.0	1.3375105783172538	0.0	0.0	0.0	2.3144797847346115	0.0	0.0	0.0	0.0	0.0	0.0	0.0	2.131708051578692	0.0	0.20630663844041605	0.0	0.0	0.0	0.0	0.0
11743	3.7843923222545186	0.0	0.0	0.0	0.0	0.0	0.0	0.0	2.7313412284606713	0.0	0.0	0.0	0.0	0.0	0.0	0.0	1.0574238588525329	0.0	0.9817625231716167	0.0	0.989743318610787	0.48562090605645564	0.0	0.0
11744	2.9123399113822517	0.0	1.3209892320513692	0.0	0.0	0.0	0.0	0.0	2.7518868696753738	0.0	0.0	0.0	0.0	0.0	0.0	0.0	1.1664454873721528	0.0	0.0	0.0	0.0	0.0	0.0	0.0
11745	1.100287325772599	0.0	0.0	0.0	0.0	0.0	0.0	0.0	1.716527524847816	0.0	0.0	0.0	0.0	0.0	0.0	0.0	1.2989997808563054	1.4999132822661512	0.0	0.0	0.0	0.0	0.0	0.0
11746	1.1437906690364754	0.0	0.0	0.0	0.0	0.0	0.0	0.0	3.311921518019298	0.0	0.0	0.0	0.0	0.0	0.0	0.0	2.1671332634436795	0.0	0.0	0.0	0.0	0.8751760882270146	0.0	0.0
11747	0.7378592875475051	0.0	0.8106105858884319	0.0	0.0	0.0	0.0	0.0	1.8942070776146198	0.0	0.0	0.0	0.9292826636560452	0.0	0.0	0.0	1.9282100277802139	0.0	0.0	0.0	0.0	0.4826340625577972	0.0	0.0
11748	4.450798862569446	0.0	0.8267223592435746	0.0	0.0	0.0	0.0	0.0	2.319643386360077	0.0	0.0	0.0	0.0	0.0	0.0	0.0	5.0091870235497655	0.0	0.2766065142582371	0.0	0.7179060341344026	0.8162518477250907	0.0	0.0
11749	2.2904966791728225	0.0	0.0	0.0	0.0	0.0	0.0	0.0	2.0604754485951045	0.0	0.0	0.0	0.0	0.0	0.0	0.0	2.4553349826009314	0.42425643672727653	0.5476475268942983	0.0	0.0	0.0	0.0	0.0
11750	1.992582763709509	0.0	0.0	0.0	0.0	0.0	0.0	0.0	2.114397637197009	0.0	0.22579005650358994	0.0	0.0	0.0	0.0	0.0	4.056300388516504	1.7209802925234137	0.0	0.0	0.0	0.0	0.0	0.0
11751	2.0910124923028306	0.0	0.0	0.0	0.0	0.0	0.0	0.0	2.158920934407777	0.0	0.0	0.0	0.0	0.0	0.0	0.0	2.0159500573329656	0.0	1.0291102383837516	0.0	0.0	0.0	0.0	0.0
11752	1.7866469828901412	0.0	0.0	0.0	0.0	0.0	0.0	0.0	3.3216392207513605	0.0	0.0	0.0	0.0	0.0	0.0	0.0	3.616860938021076	0.0	0.8130745179275669	0.0	0.0	0.0	0.0	0.0
11753	5.770868135291645	0.0	0.0	0.0	0.0	0.0	0.0	0.0	2.058606249588355	0.0	0.0	0.0	0.0	0.0	0.0	0.0	2.3328877365404788	0.0	0.0	0.0	0.0	0.0	0.0	0.0
11754	3.4181677085239754	0.0	0.0	0.0	0.0	0.0	0.0	0.0	1.9109720415820732	0.0	0.0	0.0	0.549122208867241	0.0	0.0	0.0	4.229004086053634	0.0	0.0	0.0	0.0	0.0	0.0	0.0
11755	5.13805217029465	0.0	0.0	0.0	0.44608155313816195	0.0	0.0	0.0	1.5597123768001506	0.0	0.0	0.0	0.0	0.0	0.0	0.0	0.880857961342596	0.0	0.0	0.0	0.9095399574355348	0.0	0.0	0.0
11756	1.9697801205889875	0.0	0.0	0.0	0.7372596978754631	0.0	0.0	0.0	5.655084537457263	0.0	0.0	0.0	0.0	0.3428396514843867	0.0	0.0	2.0950115880247506	0.0	0.0	0.0	0.24721407619279928	0.0	0.0	0.0
11757	4.701040618471626	0.0	0.0	0.0	0.0	0.0	0.0	0.0	5.929931512939528	0.0	0.0	0.0	1.1034586243079472	0.0	0.0	0.0	3.0495954829859278	0.0	0.0	0.0	0.0	0.0	0.0	0.0
11758	3.221483288811925	0.0	0.0	0.0	0.0	0.0	0.0	0.0	3.6104863803652303	0.0	0.20472300119982495	0.0	0.0	0.0	0.0	0.0	3.5868831392173455	0.0	0.0	0.0	0.0	0.0	0.0	0.0
11759	1.560191205382692	0.0	0.8251131353733511	0.0	0.0	1.551196407669023	0.0	0.0	1.7872047579555232	0.0	0.0	0.0	1.0705190200574881	0.5530845968030877	0.0	0.0	4.418185365564289	0.0	0.0	0.0	0.0	0.0	0.0	0.4261555314114534
11760	0.677937139735019	0.0	0.0	0.0	0.0	0.0	0.0	0.0	1.2409673645990857	0.0	0.0	0.0	0.0	0.0	0.0	0.0	1.7361799986332986	0.0	0.0	0.0	0.0	0.0	0.0	0.0
11761	1.5228510997151445	0.0	0.0	0.0	0.0	0.0	0.0	0.0	2.1974529929519435	0.0	0.0	0.0	1.1547925867303388	0.0	0.0	0.0	4.322119144517546	0.0	0.0	0.0	0.0	0.0	0.0	0.0
11762	3.883048712573691	0.0	0.16481689033449953	0.0	0.0	0.0	0.0	0.0	6.138923413328991	0.0	0.0	0.0	0.8470139026319422	0.0	0.0	0.0	2.336779418332109	0.0	0.0	0.0	0.0	0.0	0.0	0.0
11763	3.34170910174359	0.0	0.0	0.0	0.0	0.0	0.0	0.0	3.2108393656363767	0.0	0.4665976373089907	0.0	0.0	0.0	0.0	0.0	6.574439426453968	0.0	0.7601324046966296	0.0	0.0	0.0	0.0	0.0
11764	4.445807525695666	0.0	0.0	0.0	0.6624263470741314	0.0	0.0	0.0	1.2213702817591177	0.0	0.0	0.0	0.0	0.0	0.0	0.0	1.1548205252326256	0.0	1.10490983393825	0.4997569698455907	0.0	0.0	0.0	0.0
11765	1.9375155447061758	0.0	1.2600705447623866	0.0	0.0	0.0	0.0	0.0	1.8064718498881833	0.0	0.0	0.0	0.0	0.0	0.0	0.0	3.309396492702594	0.0	0.0	0.0	0.0	0.0	0.0	0.0
11766	0.9769918993971255	0.0	0.0	0.0	0.0	0.0	0.0	0.0	3.03432831742256	0.0	0.0	0.0	0.0	0.0	0.0	0.0	1.7539271617150372	0.0	0.0	0.0	0.0	0.0	0.0	0.0
11767	2.386776565464592	0.0	0.0	0.0	0.0	0.0	0.0	0.0	0.8276670415093698	0.0	0.0	0.0	0.0	0.0	0.0	0.0	1.2496995675289775	0.0	0.0	0.0	0.0	0.0	0.0	0.0
11768	3.409025919294821	0.0	1.4132154049344616	0.0	0.0	0.0	0.0	0.0	3.4611192836754268	0.0	0.0	0.0	0.0	0.0	0.0	0.0	6.229994028856457	0.0	0.0	0.0	0.0	0.0	0.0	0.0
11769	2.1577276223739705	0.0	0.0	0.0	0.0	0.0	0.0	0.0	3.2543116464468635	0.7108119180430981	0.0	0.0	0.0	0.0	0.0	0.0	3.46031620627731	0.0	0.9746813281140996	0.0	0.0	0.0	0.0	0.0
11770	2.124316663297683	0.0	1.4284998564928175	0.0	0.0	0.0	0.0	0.0	4.8891662998345655	0.0	0.0	0.0	0.0	0.0	0.0	0.0	2.708382557324123	0.0	0.0	0.0	0.0	0.0	0.0	0.0
11771	4.280353959763167	0.0	0.9232708161152081	0.0	0.43861129996366804	0.0	0.0	0.0	2.1787165976563996	0.0	0.0	0.0	0.0	0.0	0.0	0.0	3.230200861470347	0.0	0.8646849293890458	0.0	0.0	0.0	0.0	0.0
11772	2.1268639788871218	0.0	0.0	0.0	0.0	0.0	0.0	0.0	1.0778384057260275	0.0	0.0	0.0	0.0	0.0	0.0	0.0	3.0731841742726607	0.0	0.0	0.0	0.0	0.0	0.0	0.0
11773	2.0947374565488808	0.0	0.0	0.0	0.969671890243797	0.0	0.0	0.0	1.7903191592954273	0.0	0.0	0.0	0.0	0.0	0.0	0.0	3.851603006087486	0.0	0.0	0.0	0.0	0.0	0.0	0.0
11774	4.272511382362003	0.0	1.2296865453228507	0.0	0.0	0.0	0.0	0.0	2.1053076971026607	0.0	0.0	0.0	0.0	0.0	0.0	0.0	2.0434947729051203	0.0	0.0	0.0	0.0	0.0	0.0	0.0
11775	4.614550455028266	0.0	0.0	0.0	0.0	0.0	0.0	0.0	0.854903023559193	0.0	0.0	0.0	0.0	0.0	0.0	0.0	2.0482824767477785	0.845398219793393	0.0	0.0	0.0	0.0	0.0	0.0
11776	2.2243791185438644	0.0	0.8689217441457198	0.0	0.0	0.0	0.0	0.0	1.907140133661064	0.0	0.0	0.0	0.0	0.0	0.0	0.0	1.2799219443601741	0.0	0.0	0.0	0.0	0.48379515211426455	0.0	0.0
11777	4.841211463083714	0.0	0.0	0.0	0.0	0.0	0.0	0.0	2.338615933652115	0.0	0.0	0.0	0.8753867000391777	0.0	0.0	0.0	3.624319823345418	0.0	0.0	0.0	0.0	0.0	0.0	0.0
11778	0.982648953499886	0.0	0.0	0.0	1.7925728831386334	0.0	0.0	0.0	1.9871121298163286	0.0	0.0	0.0	0.0	0.0	0.0	0.0	4.3285957787743845	0.0	0.49345300469099873	0.0	0.0	0.0	0.0	0.0
11779	5.30528636400754	0.0	0.0	0.0	0.0	0.0	0.0	0.0	3.8998480765288996	0.0	0.0	0.0	1.2720737970543825	0.0	0.0	0.0	3.2448721857309115	0.0	0.9124156445406805	0.0	0.0	0.0	0.0	0.0
11780	2.362523520525129	0.0	0.0	0.0	0.0	0.0	0.0	0.0	2.113839154766091	0.0	0.0	0.0	0.0	0.0	0.0	0.0	1.8711114191058569	0.0	0.26836818808308854	0.0	0.0	0.0	0.0	0.0
11781	2.2663538362202553	0.0	0.8749212442249138	0.0	1.008436321521028	0.0	0.0	0.0	3.241141682044546	0.0	0.0	0.0	0.0	0.0	0.0	0.0	3.1330264479821848	0.0	1.2992799723176702	0.0	0.0	0.0	0.0	0.0
11782	0.0	0.0	0.0	0.0	0.0	0.0	0.0	0.0	3.2298228790297427	0.0	0.0	0.7283689051591531	0.0	0.0	0.0	0.0	2.2543206496017487	0.0	0.0	0.0	0.0	0.0	0.0	0.0
11783	3.8954510956677115	0.0	0.9196485783988052	0.0	0.0	0.0	0.0	0.0	4.247734907474712	0.0	0.0	0.0	0.0	0.0	0.0	0.0	3.093490597362122	0.0	0.0	0.0	0.0	0.0	0.0	0.0
11784	2.949393598518531	0.0	0.0	0.0	0.0	0.0	0.0	0.0	1.3440362259532925	0.0	0.0	0.0	0.6085806194501846	0.0	0.0	0.0	3.4650969599135495	0.0	0.0	0.0	0.0	0.0	0.0	0.0
11785	1.7608287115671672	0.0	0.0	0.0	0.0	0.0	0.0	0.0	2.016366292291993	0.0	0.0	0.0	0.0	0.0	0.0	0.0	2.2665043555857207	0.0	0.0	0.0	0.0	1.1491689366798103	0.0	0.0
11786	1.1612888680592446	0.0	0.0	0.0	0.0	0.0	0.0	0.0	1.7293543136146776	0.0	0.0	0.0	0.0	0.0	0.0	0.0	0.9082582458471034	0.0	0.7409327998180935	0.0	0.0	0.0	0.0	0.0
11787	0.7020970495074619	0.0	0.0	0.0	0.0	0.0	0.0	0.0	1.015433942626539	0.0	0.0	0.0	0.0	0.0	0.0	0.0	1.045526383066291	0.0	0.0	0.0	0.5527707983925667	0.0	0.0	0.0
11788	1.888077967621841	0.0	0.0	0.0	0.0	0.0	0.0	0.0	1.0924809850090624	0.0	0.0	0.0	1.499356691047395	0.0	0.0	0.0	2.6601587140116543	0.38569460791993504	0.0	0.0	0.0	0.0	0.0	0.0
11789	1.781443006084038	0.0	0.0	0.0	0.0	0.0	0.0	0.0	2.210575827753343	0.0	0.0	0.0	0.3844017957231429	0.0	0.0	0.0	1.2052884769114571	0.0	1.2111236829819603	0.0	0.0	0.0	0.0	0.0
11790	1.2590695359969655	0.0	0.0	0.0	0.0	0.0	0.0	0.0	1.8837608596731275	0.0	0.0	0.0	0.0	0.0	0.0	0.0	2.300986079877708	0.0	0.0	0.0	0.0	0.0	0.0	0.0
11791	2.4405631930772667	0.0	0.0	0.0	0.0	0.0	0.0	0.0	3.167453491936071	0.814956513953307	0.0	0.0	0.38246632294607097	0.0	0.0	0.0	1.2231995177347523	0.0	0.8606970238348383	0.0	0.0	0.0	0.0	0.0
11792	1.444150831923159	0.0	0.9462681335696509	0.0	0.9864305457825855	0.0	0.0	0.0	1.9446883228759808	0.9107603519601122	0.0	0.0	0.0	0.0	0.0	0.0	1.8828200291311628	0.0	1.0120679706366975	0.6503536174474902	0.0	0.0	0.0	0.0
11793	5.294159131565528	0.0	0.0	0.0	0.0	0.0	0.0	0.0	3.3258462883315736	0.0	0.0	0.0	0.0	0.0	0.0	0.0	3.124814250462888	0.0	0.0	0.4252702659109337	0.07013604354880143	0.8248635941348771	0.0	0.0
11794	2.8278491333854325	0.0	0.0	0.0	0.0	0.0	0.0	0.0	1.7017256223534125	0.0	0.0	0.0	0.0	0.836544738053759	0.0	0.0	3.6463885372895097	0.0	0.7276293317647691	0.0	0.0	0.0	0.0	0.2317364336727352
11795	2.882189193683614	0.0	0.0	0.0	0.0	0.0	0.0	0.0	3.2721348131279577	0.0	0.0	0.0	0.0	0.0	0.0	0.0	2.1327243924375807	0.0	0.0	0.0	0.0	0.0	0.0	0.0
11796	2.881029677602397	0.0	0.0	0.0	0.0	0.0	0.0	0.0	2.8299029064100325	0.0	0.0	0.0	0.0	0.8574525112939657	0.0	0.0	1.772489669617038	0.0	1.0624551602901025	0.0	0.4702478073131003	0.0	0.0	0.0
11797	2.30382074556612	0.0	0.48955138802913956	0.0	0.9926720003919683	0.6136604369061828	0.0	0.0	4.4601124108382635	0.0	0.0	0.0	0.0	0.0	0.0	0.0	3.184246076691165	0.0	0.0	0.0	0.0	0.9756518786228131	0.0	0.0
11798	2.1431225599265242	0.0	0.0	0.0	0.0	0.0	0.0	0.0	2.0806657056815245	0.0	0.0	0.0	0.0	0.0	0.0	0.0	5.413888516162556	0.47941945281352094	0.47157261863270766	0.0	0.0	0.0	0.0	0.0
11799	2.0472833248726787	0.0	0.0	0.0	0.0	0.0	0.0	0.0	3.8367954522671393	0.0	0.0	0.0	0.0	0.0	0.0	0.0	2.68399694098637	0.48525937403830194	0.2965504060471991	0.0	0.0	0.0	0.0	0.0
11800	4.251894566229293	0.0	0.0	0.0	0.0	0.0	0.0	0.0	2.1367770256736076	0.0	0.0	0.0	0.0	0.0	0.0	0.0	5.578649470740367	0.0	1.0085006839327553	0.0	0.0	0.0	0.0	0.0
11801	2.8812005906416966	0.0	1.127604078036928	0.0	0.0	0.0	0.0	0.0	3.2125545005601945	0.0	0.5495607253668489	0.0	0.0	0.0	0.0	0.0	4.116510843501157	0.0	0.0	0.0	0.0	0.0	0.0	0.0
11802	1.1770275387399685	0.0	0.0	0.0	0.0	0.0	0.0	0.0	1.641129423636042	0.0	0.0	0.0	0.0	0.0	0.0	0.0	3.6528527664461556	0.0	0.0	0.0	0.0	0.0	0.0	0.0
11803	3.676485768355522	0.0	0.8689828617660104	0.0	1.3865831658649685	0.0	0.0	0.0	3.228822789336081	0.0	0.0	0.0	1.242937760796177	0.0	0.0	0.0	4.2809250815639714	0.0	1.0489720062852388	0.0	0.0	0.0	0.0	0.0
11804	0.9138581798360101	0.0	0.0	0.0	0.0	0.0	0.0	0.0	1.391203143731417	0.0	0.0	0.0	0.0	0.0	0.0	0.0	1.1728418437380443	0.0	0.3295035303624143	0.0	0.0	0.0	0.0	0.0
11805	2.1233412849677307	0.0	0.8673210872518085	0.0	0.0	0.0	0.0	0.0	1.7102017918929744	0.0	0.0	0.0	0.0	0.0	0.0	0.0	3.098496521035155	0.0	0.0	0.0	0.0	0.0	0.0	0.0
11806	3.5015344362031806	0.0	1.5859760785391233	0.0	0.0	0.0	0.0	0.0	1.7617942961958724	0.0	0.0	0.0	0.0	0.5595751744238958	0.0	0.0	1.9904576178243771	0.0	0.0	0.0	0.0	0.0	0.0	0.0
11807	2.120566215690831	0.0	0.0	0.0	1.154576274145238	0.0	0.0	0.0	2.2033681007185786	0.0	0.0	0.0	0.0	0.0	0.0	0.0	2.2800466562696915	0.0	0.8697079932779052	0.0	0.0	0.0	0.0	0.47867063339985816
11808	2.3090417217676307	0.0	0.0	0.0	1.8818516783237946	0.0	0.0	0.0	4.223824402618515	0.0	0.0	0.0	0.0	0.0	0.0	0.0	6.394683324712852	0.0	1.031005584015848	0.0	0.0	0.6927743892394963	0.0	0.0
11809	8.20508681596795	0.0	0.0	0.0	0.0	0.0	0.0	0.0	2.8469174499295216	0.0	0.0	0.0	0.0	0.0	0.0	0.0	2.962184570527374	0.0	0.0	0.0	0.0	0.0	0.0	0.0
11810	1.9537765178871709	0.0	1.4116167651579845	0.0	0.0	0.0	0.0	0.0	2.2306479384587643	0.8716121870938379	0.0	0.0	0.0	0.0	0.0	0.0	2.15817806392097	0.0	0.0	0.0	0.0	0.0	0.0	0.0
11811	0.7869822777027338	0.0	0.7793655802354574	0.0	0.0	0.0	0.0	0.0	1.0980293124838592	0.0	0.0	0.0	0.0	0.0	0.0	0.0	2.052177503747435	0.0	0.12125430454680534	0.0	0.0	1.4243808029335236	0.0	0.0
11812	2.0784333628451686	0.0	0.0	0.0	0.0	0.0	0.0	0.0	5.1461581574607775	0.0	0.0	0.0	1.625659836674764	0.0	0.0	0.0	2.7676986561841828	0.0	0.0	0.0	0.0	0.0	0.0	0.0
11813	2.1612584974689044	0.0	1.0456661714268043	0.0	1.5886893188200704	0.0	0.0	0.0	4.108027959810295	0.0	0.0	0.0	2.7214140545472874	0.0	0.0	0.0	2.186980322627434	0.0	0.0	0.0	0.0	0.0	0.0	0.0
11814	2.24763462507159	0.0	0.9254047585625931	0.0	1.2350057664593965	0.0	0.0	0.0	3.2476238706088645	0.0	0.0	0.0	2.6235948105825764	0.0	0.0	0.0	3.5269038835593207	0.0	0.0	0.0	0.0	0.0	0.0	0.0
11815	2.4456736458480646	0.0	0.0	0.0	0.0	0.0	0.0	0.0	3.4723312209661037	0.0	0.0	0.0	0.6884375621697097	0.0	0.0	0.0	2.869422596327846	0.0	0.8009250896484609	0.0	0.0	0.0	0.0	0.0
11816	5.8727444880778	0.0	1.7881469331531523	0.0	0.0	0.0	0.0	0.0	3.2233386941346427	0.0	0.0	0.0	0.601217736816954	0.0	0.0	0.0	3.606579268028574	0.0	0.0	0.0	0.0	0.0	0.0	0.0
11817	2.079215075594276	0.0	0.8181750220348679	0.0	0.5974357905133766	0.0	0.0	0.0	3.0819120676152063	0.0	0.0	0.0	0.0	0.0	0.0	0.0	2.2071054806792216	0.0	1.1464487674346422	0.0	0.0	0.0	0.0	0.0
11818	3.6541192267332803	0.0	0.974996043043569	0.0	0.0	0.0	0.0	0.0	2.0693479939437345	0.0	0.0	0.0	0.0	0.0	0.0	0.0	1.273507952985698	0.0	0.0	0.0	0.0	0.0	0.0	0.0
11819	1.842780985591243	0.0	0.0	0.0	0.8432118757453065	0.0	0.0	0.0	2.1606124402270543	0.0	0.0	0.0	0.0	0.0	0.0	0.0	4.454131315932433	0.0	0.5595218089843165	0.0	0.0	0.0	0.0	0.0
11820	3.126757206053889	0.6591996061331172	0.8153478638457657	1.923588739928918	0.9353251508856396	0.0	0.0	0.0	3.085625109206027	2.8970482731842555	1.5982848099287308	0.0	0.0	0.0	0.0	1.863815501259042	8.316570249412264	2.257519358411468	1.868479522901914	2.2610490147600824	1.6615927973523192	0.0	0.9242266939679321	2.8678538147000823
11821	1.8887956837885536	1.5658461930171432	0.0	0.9870009718168198	2.0818340249118226	0.0	1.169385193233213	1.3514321881034026	2.0983711596833614	8.22262105369381	1.3466785556353498	2.0498342388437667	3.1299423269004514	1.904607259941512	3.1364913324998143	2.997376100776146	1.9805204759176644	4.483220371110236	1.7441171066434389	2.2339897344278765	2.629092782319031	2.5755331596082054	2.479080549494865	2.936826648224303
11822	2.2535009799568906	0.0	0.0	0.0	0.0	0.0	0.0	0.0	1.8119552097827805	0.23529411764705885	0.0	0.0	0.0	0.0	0.0	0.0	0.8095217376865073	0.0	0.0	0.0	0.0	0.0	0.0	0.0
11823	1.730051902335617	0.0	0.0	0.0	0.0	0.0	0.0	0.0	1.711558204999839	0.4845187519306273	0.0	0.0	0.0	0.0	0.0	0.0	3.193313997387265	0.0	0.0	0.0	0.0	0.0	0.0	0.0
11824	2.2200183208446997	0.0	0.0	0.0	0.0	0.0	0.0	0.0	2.042071072613272	0.0	0.0	0.0	0.0	0.0	0.0	0.0	1.9382220205100198	0.0	0.0	0.0	0.0	0.0	0.0	0.0
11825	3.2005095807516075	0.0	1.191182657011305	0.0	0.6572304179040284	0.0	0.0	0.0	4.7624439192017824	0.5418734427081228	0.0	0.0	0.0	0.0	0.0	0.0	2.9403019659596	0.0	0.683619593121896	0.0	0.0	0.8448649985064182	0.0	0.0
11826	0.6123540359110542	0.0	0.0	0.0	0.0	0.0	0.0	0.0	3.8225127381743422	0.9968787855197795	0.0	0.0	0.0	0.0	0.0	0.0	1.0679821803288667	0.0	0.0	0.0	0.0	0.0	0.0	0.0
11827	1.865024484163844	0.0	0.0	0.0	0.8198704898617205	0.0	0.0	0.0	2.055015345727652	0.6764592212742058	0.0	0.0	0.0	0.0	0.0	0.0	3.310453738399259	0.0	0.8759769632464135	0.0	0.356091603798854	0.0	0.0	0.0
11828	1.0619913365146405	0.0	0.0	0.0	0.0	0.0	0.0	0.0	2.3661990928999335	0.0	0.0	0.0	0.0	0.0	0.0	0.0	4.502018557299528	0.0	0.8756279227272102	0.0	0.0	0.9108080037431454	0.0	0.0
11829	2.984519924895588	0.0	0.0	0.0	0.0	0.0	0.0	0.0	2.1682168372916237	0.2565799077442772	0.0	0.0	0.0	0.0	0.0	0.0	2.141693605954255	0.0	0.0	0.0	0.0	0.0	0.0	0.0
11830	2.100854186110887	0.0	0.0	0.0	0.0	0.0	0.0	0.0	2.8317895038161947	0.0	0.0	0.0	0.0	0.0	0.0	0.0	2.134450226658636	0.0	0.6369565530552724	0.0	0.0	0.0	0.0	0.0
11831	2.341388583290454	0.28924725650225136	0.7193299671858925	0.0	0.0	0.0	0.0	0.0	1.2873429477884932	0.4747568632471863	0.0	0.0	1.16758737767499	0.0	0.0	0.0	5.561586269227995	0.0	0.0	0.0	0.0	0.0	0.0	0.0
11832	2.274853470089116	0.0	0.0	0.0	0.0	0.0	0.0	0.0	2.400369416732703	0.0	0.0	0.0	0.0	0.0	0.0	0.0	2.116716858778997	0.0	0.6592354344425755	0.4581228472908511	0.0	0.7110624983383739	0.0	0.0
11833	3.0531267624752085	0.0	0.9281805882421666	0.0	0.0	0.0	0.0	0.0	3.4762138556177877	0.0	0.0	0.0	0.0	0.0	0.0	0.0	1.9596836220436529	0.0	0.4726976546401854	0.0	0.0	1.0878096818736502	0.0	0.0
11834	0.8639937851460362	0.0	0.0	0.0	0.0	0.0	0.0	0.0	1.0751063264165939	0.0	0.0	0.0	0.0	0.0	0.0	0.0	1.5160026018740498	0.0	0.0	0.0	0.0	0.0	0.0	0.0
11835	2.904969407139731	0.0	0.0	0.0	0.0	0.0	0.0	0.0	3.173867491713441	0.0	0.0	0.0	0.0	0.0	0.0	0.0	5.388685599520108	0.0	0.0	0.0	0.0	0.0	0.0	0.0
11836	4.405243399648978	0.0	0.0	0.0	0.0	1.1114752489736028	0.0	0.0	2.016506190658003	0.0	0.0	0.0	0.0	0.0	0.0	0.0	5.4021591616678295	0.0	1.0729879565991682	0.0	0.0	0.0	0.0	0.0
11837	2.0161089375164933	0.0	0.8693399395133065	0.0	0.9587228861503142	0.0	0.0	0.0	2.912802796149671	0.0	0.0	0.0	0.0	0.0	0.0	0.0	6.284166617676065	0.0	0.0	0.0	0.0	0.0	0.0	0.0
11838	2.3069968512675314	0.0	0.7485609205361751	0.0	0.21500497156031673	0.0	0.0	0.0	1.251693050655003	0.0	0.0	0.0	0.0	0.0	0.0	0.0	1.1523292253542845	0.0	0.46044331210868217	0.0	0.0	0.0	0.0	0.0
11839	2.9589242418151693	0.0	0.0	0.0	0.0	0.0	0.0	0.0	3.0051748321917637	0.0	0.0	0.0	0.0	0.0	0.0	0.0	4.053675953333473	0.0	1.2096483862274716	0.0	0.0	0.0	0.0	0.0
11840	0.3451217118177418	0.0	0.0	0.0	0.0	0.0	0.0	0.0	0.0	0.0	0.0	0.0	0.0	0.0	0.0	0.0	0.8957859200545899	0.0	0.0	0.0	0.0	0.0	0.0	0.0
11841	0.9892045361437459	0.0	0.0	0.0	0.0	0.0	0.0	0.0	2.306143245904339	0.0	0.0	0.0	0.0	0.0	0.0	0.0	2.317271820143249	0.0	0.0	0.0	0.0	0.0	0.0	0.0
11842	2.202769646594468	0.0	0.0	0.0	0.0	0.0	0.0	0.0	3.1697346134843305	0.0	0.0	0.0	0.0	0.0	0.0	0.0	3.3768020894143653	0.0	0.0	0.0	0.0	0.0	0.0	0.0
11843	4.150862443273079	0.0	1.2813953194478491	0.0	0.0	0.0	0.0	0.0	3.1461841923519223	0.0	0.0	0.0	0.0	0.0	0.0	0.0	3.418584046974913	0.0	0.0	0.0	0.0	0.0	0.0	0.0
11844	2.1266341574201646	0.0	0.5950792453377267	0.0	0.9480623886853909	0.0	0.0	0.0	4.339674714030428	0.0	0.0	0.0	0.0	0.0	0.0	0.0	3.9940156953907784	0.0	0.8180959754962072	0.0	0.0	0.0	0.0	0.0
11845	3.0877316735221565	0.0	0.0	0.0	0.0	0.0	0.0	0.0	3.2069993532425416	0.0	0.684823078152202	0.2773337135255016	0.0	0.8973901327662568	0.0	0.0	3.068949829957537	0.0	1.591004697111163	0.0	0.0	0.7839569111054357	0.0	0.0
11846	2.0148233744270416	0.0	1.274691408475574	0.0	0.0	0.0	0.0	0.0	4.107910728771446	0.0	0.0	0.0	0.0	0.0	0.0	0.0	3.2409388049823438	0.0	0.0	0.0	0.0	0.0	0.0	0.0
11847	2.2989966706528286	0.0	0.0	0.0	0.7501748021347456	0.0	0.0	0.0	3.4206371284557964	0.0	0.0	0.0	0.0	0.0	0.0	0.0	3.656276274978841	0.0	0.9162775103253994	0.0	0.0	0.35994715779095027	0.0	0.0
11848	1.105021990110909	0.0	1.5189912206096317	0.0	0.0	0.0	0.0	0.0	3.114723854462302	0.0	0.0	0.0	0.0	0.0	0.0	0.0	2.0922953682709893	0.0	0.0	0.0	0.0	0.0	0.0	0.0
11849	0.8001074041758213	0.0	0.0	0.0	0.0	0.0	0.0	0.0	2.5970397348934395	0.0	0.3225473885849515	0.0	0.8814846122482833	0.0	0.0	0.0	0.9214944359085284	0.0	0.5194444004964348	0.0	0.0	0.0	0.0	0.0
11850	1.986886587795716	0.0	0.0	0.0	0.0	0.0	0.0	0.0	3.187865470644142	0.0	0.0	0.0	0.0	0.0	0.0	0.0	1.14540814135686	0.0	0.0	0.0	0.0	0.0	0.0	0.0
11851	2.218315792327686	0.0	0.0	0.0	0.0	0.0	0.0	0.0	5.766742869581342	0.0	0.0	0.0	0.0	0.0	0.0	0.0	5.01323321469025	0.07049068316072016	0.0	0.0	0.0	0.49624839420473044	0.0	0.0
11852	1.1933974739642268	0.0	0.0	0.0	0.0	0.5280611484171355	0.0	0.0	2.19475234817564	0.0	0.0	0.0	0.0	0.0	0.0	0.0	3.5984869470320415	0.0	0.0	0.0	0.0	0.0	0.0	0.0
11853	2.997773747357936	0.0	0.0	0.0	0.0	0.0	0.0	0.0	2.0529432396548546	0.0	0.0	0.0	0.0	0.8575331200399019	0.0	0.0	3.0637890398953997	0.0	0.0	0.0	0.0	0.0	0.0	0.0
11854	3.3074996756257815	0.0	0.0	0.0	2.13765711471894	0.0	0.0	0.0	3.352024519013603	0.0	0.0	0.0	0.0	0.0	0.0	0.0	2.2505091103465444	0.0	0.3702160587093841	0.0	0.0	0.7879816195062793	0.0	0.0
11855	1.0774328568359561	0.0	0.0	0.0	0.7568639288788744	0.0	0.0	0.0	3.355831447628729	0.0	0.0	0.5660528941865887	0.0	0.0	0.0	0.0	2.2340989838756045	0.0	1.2022411528419281	0.0	0.0	0.0	0.0	0.0
11856	0.9097463428365613	0.0	0.0	0.0	0.0	0.0	0.0	0.0	1.0075163339804032	0.0	0.0	0.0	0.0	0.0	0.0	0.0	2.1820788583468564	0.0	0.0	0.0	0.0	0.0	0.0	0.0
11857	1.0171029950045474	0.0	1.2381079127835204	0.0	0.0	0.0	0.0	0.0	1.2046042035625883	0.0	0.0	0.0	0.0	0.0	0.0	0.0	1.813703050090124	0.0	1.1239296110916752	0.0	0.0	0.9052084128598265	0.0	0.0
11858	1.2668971610102016	0.0	0.6760330256668451	0.0	0.9099378271316719	0.0	0.0	0.0	1.1060902494720883	0.0	0.0	0.0	0.0	0.0	0.0	0.0	0.7095988709014494	0.0	0.0	0.0	0.8787445014790318	0.0	0.0	0.0
11859	2.3456469571076477	0.0	0.0	0.0	0.0	0.0	0.0	0.0	1.1593121989178345	0.0	0.0	0.0	0.0	0.822595175035413	0.0	0.0	2.2398140244014293	0.0	0.0	0.0	0.0	0.8366586198189022	0.0	0.0
11860	3.1997744826437766	0.0	0.0	0.0	1.1303938047021784	0.0	0.0	0.0	3.9056405832634566	0.0	0.0	0.0	0.0	0.3568243000406191	0.0	0.0	2.6851572287816525	0.0	0.0	0.0	0.9672747311056508	0.0	0.0	0.0
11861	2.1512031187740184	0.0	0.0	0.0	0.0	0.0	0.0	0.0	4.544959925700077	0.0	0.0	0.0	0.0	0.0	0.0	0.0	2.0887629070592597	0.0	0.0	0.0	0.0	0.0	0.0	0.0
11862	3.1369115271953962	0.0	0.0	0.0	0.0	0.0	0.0	0.0	1.0664493353803697	0.0	0.0	0.0	0.0	0.0	0.0	0.0	2.1682241553064387	0.0	1.5978712449481336	0.0	0.0	0.0	0.0	0.0
11863	0.9994959761780587	0.0	2.528927067172344	0.0	0.7459751447533088	0.0	0.0	0.0	1.86358813398341	0.0	0.0	0.0	0.0	0.0	0.0	0.0	0.7835820883369383	0.0	0.24533540308073717	0.0	0.0	0.0	0.0	0.0
11864	1.267649288684679	0.0	0.0	0.0	0.0	0.0	0.0	0.0	1.7660189661366394	0.0	0.0	0.0	0.0	0.0	0.0	0.0	3.4720181712347227	0.0	0.0	0.0	0.0	0.0	0.0	0.0
11865	2.735740618106868	0.0	0.0	0.0	0.7758215600062437	0.0	0.0	0.0	3.2490326279912116	0.0	0.0	0.0	0.0	0.0	0.0	0.0	0.9510438223483106	0.0	0.0	0.0	0.0	0.0	0.0	0.0
11866	1.1840460032916305	0.0	0.0	0.0	0.0	0.0	0.0	0.0	2.791868828501002	0.0	0.0	0.0	0.0	0.0	0.0	0.0	1.1721805755695802	0.0	0.0	0.0	0.0	0.0	0.0	0.0
11867	2.094584879513181	0.0	0.0	0.0	0.7770834800154138	0.0	0.0	0.0	1.291870757355757	0.0	0.0	0.0	0.9089613997364389	0.0	0.0	0.0	4.109987781315355	0.0	0.9493722237649136	0.0	0.0	0.4975080147316241	0.0	0.0
11868	4.792519747819147	0.0	0.8011812113104945	0.0	0.0	0.0	0.0	0.0	1.110510865988517	0.0	0.0	1.8633163076631967	0.0	0.0	0.0	0.0	1.9025111866824695	0.0	0.364326000843947	0.0	0.0	0.0	0.0	0.0
11869	1.8734935154410852	0.0	0.0	0.0	0.8362246062461755	0.0	0.0	0.0	3.360130703731575	0.8578030700949958	0.0	0.0	0.9102237867081018	0.0	0.0	0.0	4.237671543525209	0.0	0.0	0.0	0.0	0.0	0.0	0.0
11870	1.1505235575075097	0.0	0.0	0.0	0.7215555534720199	0.0	0.0	0.0	1.4990236260604486	0.0	0.0	0.0	1.72523722135536	0.0	0.0	0.0	2.779854548714176	0.0	1.2463623725902409	0.0	0.0	0.0	0.0	0.0
11871	1.8864181700775606	0.0	0.0	0.0	0.0	0.0	0.0	0.0	2.254153294690168	0.0	0.0	0.0	0.0	0.0	0.0	0.0	2.2646543492227362	0.0	0.2935435239509037	0.0	0.0	0.6443794794178425	0.0	0.0
11872	3.0315363331091123	0.0	0.0	0.0	1.0383745661400057	0.0	0.0	0.0	4.014427929511428	0.0	0.0	0.16822121508432908	0.0	0.0	0.0	0.0	3.511284409190498	0.0	1.0941161204922323	0.0	0.0	0.0	0.0	0.0
11873	3.940807666349002	0.0	0.7588560011844875	0.0	0.49902596716332526	0.0	0.0	0.0	2.031145164580412	0.0	0.0	0.0	0.0	1.1972132708553678	0.0	0.0	1.3398654806258872	0.0	0.0	0.0	0.0	0.0	0.0	0.0
11874	1.6885826190689104	0.0	0.0	0.0	0.0	0.0	0.0	0.0	3.329665837553501	0.7486890448969744	0.0	0.0	0.0	0.9769180296764542	0.0	0.0	5.432873372156231	0.0	0.613249419288272	0.0	0.0	0.5893136735591826	0.0	0.0
11875	3.1471794262556174	0.5915778444390479	0.8521854573939333	0.0	0.0	0.0	0.0	0.0	2.630881385331605	0.0	0.0	0.0	0.0	0.0	0.0	0.0	4.213254309170063	0.0	0.8650768988409284	0.0	0.0	1.215677768992491	0.0	0.0
11876	2.304138678926516	0.0	0.0	0.0	1.4835752286057764	0.0	0.0	0.0	4.171362928092647	0.0	0.0	0.0	0.9142321898175305	0.0	0.0	0.0	4.572710336557393	0.0	0.7074044237486988	0.0	1.2221854984500815	0.0	0.0	0.0
11877	1.0948325835986925	0.0	0.0	0.0	1.328165440560776	0.0	0.0	0.0	2.225848640904598	0.0	0.0	0.0	0.0	0.0	0.0	0.0	2.281856679292585	0.0	0.8455889274892963	0.0	0.0	1.215680946658835	0.0	0.9590585057123927
11878	6.141572005356057	0.0	0.0	0.0	1.0121926315626482	0.0	0.0	0.0	1.9081359229132957	0.0	0.0	0.0	0.6033086505437862	0.0	0.0	0.0	4.364094842551502	0.0	1.221581091201081	0.0	0.0	0.0	0.0	0.0
11879	2.998428118269426	0.0	0.0	0.0	0.0	0.0	0.0	0.0	2.2411602852158166	0.0	0.0	0.0	0.0	0.8803257637294432	0.0	0.0	5.480627571894197	0.0	1.611493034587088	0.0	0.0	1.32021809035449	0.0	0.0
11880	3.428747455249518	0.0	1.0044869898529694	0.0	0.0	0.0	0.0	0.0	3.310024910029991	0.0	0.0	0.0	0.0	0.0	0.0	0.0	4.0997976142186285	0.0	0.0	0.0	0.0	0.0	0.0	0.0
11881	2.3467054284532	0.0	1.200453145974111	0.0	0.0	0.0	0.0	0.0	1.4468323049083927	0.0	0.0	0.0	0.0	0.0	0.0	0.0	2.2760547182275253	0.0	0.0	0.0	0.0	0.0	0.0	0.0
11882	5.461070695726251	0.0	1.0685914241651289	0.0	0.0	0.0	0.0	0.0	4.427327199930549	0.0	0.0	0.0	0.0	0.0	0.0	0.0	5.4299854234342115	0.0	0.8329313968186498	0.0	0.0	0.0	0.0	0.20628328168408128
11883	4.22777639524449	0.0	0.0	0.0	0.990765167900411	0.0	0.0	0.0	2.218122987025562	0.0	0.0	0.0	1.3254669913272226	0.0	0.0	0.0	3.9327359377252895	0.34273303299584607	0.7742977013013186	0.0	0.0	0.0	0.0	0.0
11884	3.1773227477128443	0.0	0.0	0.0	0.0	0.0	0.0	0.0	4.056345135905601	0.0	0.0	0.0	0.0	0.0	0.0	0.0	2.203929431478273	0.0	0.0	0.0	0.0	0.0	0.0	0.0
11885	3.22565487204057	0.0	0.0	0.0	0.0	0.0	0.0	0.0	3.250369561751863	0.0	0.0	0.43412072969162324	0.0	0.0	0.0	0.0	3.3436543208255793	0.48305647757073683	0.0	0.0	0.0	0.19834953441860226	0.0	0.0
11886	2.2702933753317858	0.0	0.0	0.0	0.0	0.0	0.0	0.0	3.1091363360258	0.0	0.0	0.0	0.0	0.0	0.0	0.0	4.374163616330572	0.0	0.0	0.0	0.0	0.0	0.0	0.0
11887	3.473350190557322	0.0	0.0	0.0	0.0	0.0	0.0	0.0	3.3430466066008306	0.0	0.0	0.22471491188223836	0.0	0.0	0.0	0.0	2.0866929455562535	0.0	1.254550364956358	0.0	0.0	0.0	0.0	0.0
11888	4.571034551530849	0.0	0.0	0.0	0.0	0.0	0.0	0.0	1.8128071913898263	0.0	0.0	0.0	0.0	0.0	0.0	0.0	0.7031378442700815	0.0	0.0	0.0	0.0	0.0	0.0	0.44626692849964866
11889	3.835768722836144	0.0	0.0	0.0	0.0	0.0	0.0	0.0	2.0537371073212323	0.0	0.0	0.0	0.8982057988684145	0.0	0.0	0.0	3.2250480466261413	1.2491331803397934	0.0	0.0	0.0	0.0	0.0	0.3494546274871997
11890	1.4831908474518645	0.0	0.0	0.0	0.32604227082352566	0.0	0.0	0.0	3.2558585852821147	0.0	0.0	0.0	0.0	0.0	0.0	0.0	1.2495916492762058	0.0	0.9793471832664417	0.0	0.0	0.0	0.0	0.0
11891	2.588573953558438	0.0	0.0	0.0	0.0	0.0	0.0	0.0	3.446371322766152	0.0	0.0	1.2612952273838176	0.0	0.8185269813477168	0.0	0.0	1.8535849077423374	0.0	0.0	0.0	0.0	0.0	0.0	0.0
11892	1.754195404016994	0.0	0.0	0.0	0.6711883693572869	0.0	0.0	0.0	2.154031470284173	0.0	0.0	0.0	0.0	0.0	0.0	0.0	3.7853957144042996	0.0	0.0	0.0	0.27830128994776043	0.9759403317742414	0.0	0.0
11893	1.1284995977646644	0.0	0.0	0.0	0.0	0.0	0.0	0.0	1.2658978626031345	0.0	0.0	0.0	0.9804875486974349	0.0	0.0	0.0	1.1386048566807458	0.0	0.0	0.0	0.0	0.3161237950240502	0.0	0.0
11894	2.1480226787516434	0.0	0.0	0.0	0.0	0.0	0.0	0.0	2.8784424584748627	0.0	0.0	0.0	0.0	0.7371377933207436	0.0	0.0	4.094199449929433	0.0	0.5797254786783513	0.0	0.0	0.0	0.0	0.0
11895	7.633913488149729	0.0	0.0	0.0	0.0	0.0	0.0	0.0	7.248414648095069	0.0	0.0	0.0	0.0	0.0	0.0	0.0	7.3130027843646355	0.0	0.9089440119283199	0.0	0.0	0.932317338612132	0.0	0.0
11896	2.0972280915239474	0.0	0.0	0.0	0.0	0.0	0.0	0.0	2.097598855958378	0.0	0.0	0.0	0.0	0.0	0.0	0.0	2.9873018669533695	0.0	1.4652735599747093	0.0	0.0	0.0	0.0	0.0
11897	3.194286549764525	0.0	0.8080951376411629	0.0	0.7977656173815302	0.0	0.0	0.0	1.2430159386286115	0.0	0.0	0.0	0.0	0.9880948137434714	0.0	0.0	1.5597493624687782	0.0	0.0	0.0	0.0	0.0	0.0	0.0
11898	3.348870456337978	0.0	0.0	0.0	0.0	0.0	0.0	0.0	6.007494907341028	0.0	0.0	0.0	0.0	0.0	0.0	0.0	1.1244635286529898	0.0	0.0	0.0	0.0	0.0	0.0	0.0
11899	2.227778461401509	0.0	0.0	0.0	0.0	0.0	0.0	0.0	3.87300611507666	0.0	0.0	0.0	0.0	0.0	0.0	0.0	3.3153602989679594	0.0	0.0	0.0	0.0	0.0	0.0	0.0
11900	2.1609119592343715	0.0	0.8394690384797542	0.0	0.0	0.0	0.0	0.0	0.9258200997725515	0.0	0.0	0.0	0.0	0.0	0.0	0.0	1.7618017987932957	0.0	0.0	0.0	0.0	0.0	0.0	0.0
11901	2.300861528436414	0.0	0.9252961945947304	0.0	1.1006807429321797	0.0	0.0	0.0	3.223191727780658	0.0	0.0	0.0	0.0	0.0	0.0	0.0	2.939183209094668	0.0	0.0	0.0	0.0	0.0	0.0	0.0
11902	4.407539570486704	0.0	0.0	0.0	0.0	0.0	0.0	0.0	3.0935282082595656	0.0	0.0	0.0	0.0	0.9405588118467744	0.0	0.0	4.382194159158338	0.0	1.2244066284605712	0.0	0.0	0.0	0.0	0.0
11903	2.4114405651818642	0.0	0.0	0.0	0.0	0.0	0.0	0.0	3.0665429298487163	0.0	0.0	0.0	0.0	0.0	0.0	0.0	3.2377499426852014	0.0	0.0	0.0	0.0	0.0	0.0	0.0
11904	2.2275194590478145	0.0	0.0	0.0	0.0	0.5031696147165795	0.0	0.0	2.252269626935112	0.0	0.0	0.0	0.0	0.0	0.0	0.0	4.147651977320392	0.0	0.0	0.0	0.0	0.0	0.0	0.0
11905	2.9758693930481686	0.0	0.0	0.0	0.3210226714043038	0.0	0.0	0.0	3.1698359062883266	0.0	1.4774188437641158	0.0	0.616312639689687	0.0	0.0	0.0	4.367906878376732	0.0	0.0	0.0	0.0	0.0	0.0	0.0
11906	1.9744552910285378	0.0	0.0	0.0	0.0	0.0	0.0	0.0	2.886059417046006	0.0	0.0	0.0	0.0	0.0	0.0	0.0	3.02962151412685	0.0	0.0	0.0	0.0	0.0	0.0	0.0
11907	2.207804003228219	0.0	0.0	0.0	0.0	0.0	0.0	0.0	5.335101426548129	0.0	0.0	0.0	0.0	0.0	0.0	0.0	3.1320074600616197	0.0	1.1177254234696594	0.0	0.0	0.0	0.0	0.0
11908	3.163349930236233	0.0	0.0	0.0	0.0	0.0	0.0	0.0	2.4104796880266153	0.0	0.0	0.0	0.0	0.0	0.0	0.0	6.368777719459928	0.0	0.0	0.0	0.0	0.0	0.0	0.0
11909	0.0	0.0	0.0	0.0	0.0	0.0	0.0	0.0	1.2236554758877896	0.0	0.0	0.0	0.0	0.0	0.0	0.0	0.4936729866535936	0.0	0.0	0.0	0.0	0.0	0.0	0.0
11910	3.334546598488823	0.0	0.7862405112241169	0.0	0.0	0.0	0.0	0.0	1.9802790655649503	0.6720555329071453	0.0	0.0	0.0	0.0	0.0	0.0	2.40574238808117	0.0	0.0	0.0	0.0	0.0	0.0	0.0
11911	1.429947254153056	0.0	0.34482758620689663	0.0	0.0	0.0	0.0	0.0	0.993988001783895	0.0	0.0	0.0	0.7130143641044057	0.0	0.0	0.0	2.100761577961167	0.0	0.7349134419837141	0.0	0.0	0.0	0.0	0.0
11912	1.0842303432191032	0.0	0.5099019513592785	0.0	0.9749960430435692	0.9303523824635243	0.8595146491472762	0.4119735698102758	3.2105813116647526	0.9916160895910284	0.0	0.0	0.0	0.0	0.8784807311840871	0.4969039949999533	1.0243973601663552	0.9994442900376633	0.4969039949999533	1.2512216252748976	0.9997530559290659	0.0	0.4969039949999533	0.0
11913	2.1139352992790137	0.0	0.0	0.0	0.5983141298513667	0.0	0.0	0.0	2.9874698788777176	0.0	0.0	0.5324449288757299	0.0	0.0	0.0	0.0	4.581269679145177	0.0	0.0	0.0	0.0	0.9844334789937917	0.0	0.0
11914	1.2467607415443083	0.0	0.7040744597070355	0.0	0.0	0.0	0.0	0.0	3.6110736736068834	0.0	0.0	0.0	0.0	0.0	0.0	0.0	2.023026910745114	0.0	1.2288840899449156	0.0	0.0	0.0	0.0	0.0
11915	3.2484350442536494	0.0	0.0	0.0	0.0	0.0	0.0	0.0	2.0743277738192227	0.0	0.0	0.0	0.0	0.0	0.0	0.0	3.4714513990145783	0.0	0.9053452533520557	0.0	0.0	0.0	0.0	0.0
11916	1.980471096432471	0.0	2.0002652357294197	0.0	0.0	0.0	0.0	0.0	2.048833143510551	0.0	0.0	0.0	0.0	0.5780996109650907	0.0	0.0	1.0649082704585167	0.0	0.0	0.0	0.0	0.0	0.0	0.0
11917	2.2728263334979966	0.0	1.3917127692116595	0.0	0.0	0.0	0.0	0.0	1.8705977409934866	0.0	0.0	0.0	0.762638122586111	0.7649091882828523	0.0	0.0	4.14440965261598	0.0	0.9166914798477106	0.0	0.0	0.9577304200343632	0.0	0.0
11918	2.1156832714486686	0.0	1.4284838011527583	0.0	0.0	0.0	0.0	0.0	3.9693840452180416	0.0	0.0	0.0	0.0	0.0	0.0	0.0	3.5590643225830485	0.0	0.0	0.0	0.0	0.0	0.0	0.0
11919	1.9596980605036993	0.0	0.0	0.0	1.675183017319334	0.0	0.0	0.0	3.3907982449509873	0.0	0.0	0.0	0.6450121250815792	0.0	0.0	0.0	2.117194530417095	0.0	0.0	0.0	0.0	0.0	0.0	0.0
11920	2.031551296933569	0.0	0.0	0.0	0.0	0.0	0.0	0.0	1.841796126773533	0.0	0.0	0.0	0.0	1.637620013299324	0.0	0.0	2.435515456159144	0.0	0.4999961553100934	0.0	0.7096197356089425	0.0	0.0	0.0
11921	4.339639505765427	0.0	0.0	0.0	0.0	0.0	0.0	0.0	3.0201013305738593	0.0	0.0	0.0	0.0	0.0	0.0	0.0	3.049338556745792	0.0	0.4922261456382681	0.0	0.0	0.0	0.0	0.0
11922	4.598864932219686	0.0	0.0	0.0	0.863527168631091	0.0	0.0	0.0	2.1973900314040526	0.0	0.6226895274901275	0.0	0.0	0.0	0.0	0.0	2.2139561712472666	0.0	0.0	0.0	0.0	1.0095860666226668	0.0	0.0
11923	4.734677464283635	0.0	0.0	0.0	0.8705593143366404	0.0	0.0	0.0	5.610381048013162	0.0	0.0	0.0	0.0	0.0	0.0	0.0	1.9383817157622207	0.0	0.9938693880707955	0.0	0.0	0.820438806195041	0.0	0.0
11924	3.272007079576416	0.0	0.9176249071297002	0.0	0.0	0.0	0.0	0.0	2.3858004544341793	0.0	0.0	0.0	0.0	0.0	0.0	0.0	4.043761093427546	0.0	0.0	0.0	0.0	0.0	0.0	0.0
11925	3.392382167256352	0.0	0.0	0.0	0.0	0.0	0.0	0.0	1.9236632176610111	0.0	0.0	0.0	1.0890838513879102	0.0	0.0	0.0	4.1208398268301725	0.0	1.833356634246624	0.0	0.0	0.8981817310656337	0.0	0.0
11926	3.3408205034335547	0.0	0.8728022704653579	0.0	1.2332024291717483	0.0	0.0	0.0	3.3935247232149237	0.0	0.0	0.0	0.0	0.0	0.0	0.0	3.001516052019506	0.0	0.0	0.0	0.0	1.9313274574989983	0.0	0.0
11927	1.2758036127175147	0.0	0.0	0.0	0.0	0.0	0.0	0.0	2.149867371502854	0.7942699518499747	0.0	0.0	0.0	0.0	0.0	0.0	2.512338238343372	0.0	0.0	0.0	0.0	0.0	0.0	0.0
11928	7.135109730212766	0.0	0.0	0.0	0.0	0.0	0.0	0.0	1.7569573271265282	0.0	0.0	0.0	0.0	0.0	0.0	0.0	1.3191987994434584	0.0	0.7922434284122684	0.0	0.0	0.0	0.0	0.0
11929	3.806868690614895	0.0	0.0	0.0	1.487432364398578	0.0	0.0	0.0	2.911862684013609	0.0	0.0	0.0	0.7737480051538205	0.0	0.0	0.0	2.3834147047233785	0.0	1.3370089028071785	0.0	0.0	0.0	0.0	0.0
11930	2.2227661744746476	0.0	0.7452850614683222	0.0	0.0	0.0	0.0	0.0	2.1798982394567576	0.0	0.0	0.0	0.0	0.0	0.0	0.0	3.950578315990478	0.0	0.0	0.0	0.0	0.0	0.0	0.0
11931	1.306539795817334	0.0	1.2155656405101656	0.0	0.0	0.0	0.0	0.0	2.0585937661040483	0.0	0.0	0.0	0.0	0.0	0.0	0.0	4.034614887102721	0.0	0.0	0.0	0.0	1.47818300301022	0.0	0.0
11932	2.288395988098893	0.0	0.0	0.0	0.0	0.0	0.0	0.0	3.2998980992956457	0.0	0.0	0.0	1.2181751176591773	0.0	0.0	0.0	4.6917038534002735	0.0	0.0	0.0	0.0	0.0	0.0	0.0
11933	2.1372380192021523	0.0	0.0	0.0	0.0	0.0	0.0	0.0	1.5628491285287855	0.0	0.0	0.0	2.0311658747406596	1.2956276947574836	0.0	0.0	4.037277723776025	0.0	0.0	0.0	0.0	0.0	0.0	0.0
11934	2.1672790923032617	0.0	1.3985540283877576	0.0	0.0	0.0	0.0	0.0	2.3701639967280923	1.3118538913652273	1.1184287198252667	0.0	1.9473490712905515	0.0	0.0	0.0	4.124994639612173	0.0	2.5174856262537957	0.0	0.0	0.6617863981449484	0.0	0.0
11935	5.526140723191638	0.4186714709587313	0.0	0.0	1.0688154073009322	0.0	0.0	0.0	2.182712358856744	7.639372913872631	0.880853289640161	1.8234756260166474	0.0	0.0	0.0	0.0	8.19290046776359	0.9373229749120995	2.3197652400231235	0.0	0.0	1.2542327647476608	0.0	0.0
11936	0.0	0.0	0.0	0.0	0.0	0.0	0.0	0.0	0.0	0.0	0.0	0.0	0.0	0.0	0.0	0.0	0.0	0.0	0.0	0.0	0.0	0.0	0.0	0.0
11937	0.0	0.0	0.0	0.0	0.0	0.0	0.0	0.0	1.887343628548395	0.0	0.0	0.0	0.0	0.0	0.0	0.0	3.7916664797787205	0.0	0.0	0.0	0.0	0.0	0.0	0.0
11938	1.3676158536792142	0.0	0.0	0.0	0.9741148556058669	0.0	0.0	0.0	0.727959265911219	0.0	0.0	0.0	0.0	0.0	0.0	0.0	0.894583707508397	0.0	0.0	0.0	0.0	0.0	0.0	0.0
11939	3.310808554899729	0.0	1.4590310626102145	0.0	1.6838824013699605	0.0	0.0	0.0	5.214899222529721	0.8499210414087549	0.9312655762903074	0.0	0.0	0.0	0.0	0.0	3.3790557253018902	0.0	0.0	0.0	0.0	0.0	0.0	0.0
11940	2.61192902234012	0.0	0.0	0.0	1.2951798397379202	0.0	0.0	0.0	4.681725996934943	0.0	0.0	0.0	0.0	0.0	0.0	0.0	4.239044931753896	0.0	0.0	0.0	0.0	0.0	0.0	0.0
11941	3.302299748065058	0.0	0.0	0.0	0.0	0.0	0.0	0.0	4.139389692671178	0.0	0.0	0.6002838850965376	0.0	0.0	0.0	0.0	4.0264744138133555	0.0	0.14538204001347413	0.0	0.0	0.9485679249707548	0.0	0.0
11942	2.4387399329252366	0.0	0.5071224184486268	0.0	0.0	0.0	0.0	0.0	0.9738188917062317	0.0	0.0	0.0	0.0	0.0	0.0	0.0	0.9997548959496506	0.0	0.0	0.0	0.0	0.4753778112959433	0.0	0.0
11943	2.5832353526091936	0.0	0.0	0.0	0.9635402216149402	0.0	0.0	0.0	2.7913816176792507	0.0	0.0	0.0	0.0	1.3907531934182382	0.0	0.0	5.252012365263162	0.0	0.6538408232544006	0.0	0.0	0.20695929612940495	0.0	0.0
11944	2.5214333891454377	0.0	0.0	0.0	0.0	0.0	0.0	0.0	1.686410687832315	0.0	0.0	0.0	1.6589817099212665	0.0	0.0	0.0	1.9574170525818642	0.0	0.0	0.0	0.0	0.9527931416501338	0.0	0.0
11945	1.0466878978738388	0.0	0.0	0.0	0.0	0.0	0.0	0.0	2.4968555666362073	0.0	0.0	0.0	1.9651666713375997	0.0	0.0	0.0	4.3824039733378966	0.0	0.0	0.0	0.0	0.0	0.0	0.0
11946	3.217114332097207	0.0	0.0	0.0	0.8442862892284781	0.0	0.0	0.0	2.217274426486929	0.0	0.0	0.0	0.0	0.0	0.0	0.0	5.392650144294928	0.0	0.0	0.0	0.0	0.0	0.0	0.0
11947	1.1835619281992031	0.0	0.0	0.0	0.0	0.0	0.0	0.0	4.7060991149690246	0.0	0.0	0.0	0.0	0.0	0.0	0.0	2.047485155674778	0.0	0.0	0.0	0.0	0.0	0.0	0.0
11948	2.158200697032902	0.0	0.7745943407934153	0.0	1.2363768546951712	0.0	0.0	0.0	2.2326845167261617	0.0	0.0	0.0	0.32155978914549094	0.0	0.0	0.0	4.2745511856786	0.0	0.8086293086676452	0.0	1.5713828364830664	0.0	0.0	0.0
11949	1.2276584878729155	0.0	0.0	0.0	0.0	0.0	0.0	0.0	1.194022604733354	0.0	0.0	0.0	0.0	0.0	0.0	0.0	2.1761859932844265	0.0	1.3440581805642142	0.0	0.0	0.0	0.0	0.0
11950	3.1167540537288185	0.0	0.0	0.0	0.9553853296972483	0.0	0.0	0.0	3.0693596258958817	0.8216091518230536	0.0	0.0	0.0	0.0	0.0	0.0	3.4257487220612584	0.0	0.0	0.0	0.8631151576367158	0.0	0.0	0.0
11951	2.1764162136555485	0.0	0.0	0.0	0.0	0.0	0.0	0.0	2.9528920544279527	0.9157024292621817	0.0	0.0	0.0	0.0	0.0	0.0	2.2235633956158294	0.0	0.7076607975129106	0.0	0.0	0.0	0.0	0.0
11952	3.3458244607805305	0.0	0.0	0.0	1.323525684501124	0.0	0.0	0.0	2.382849326463962	0.0	0.814197291573664	0.0	0.9729104850663889	0.0	0.0	0.0	2.4530662209360594	0.0	0.5870375323429504	0.0	1.639368615083917	0.0	0.0	0.0
11953	3.359198245402114	0.0	0.0	0.0	0.0	0.0	0.0	0.0	2.7224906132661806	0.0	0.0	0.0	0.0	0.0	0.0	0.0	3.0424415989057825	0.0	0.0	0.0	0.0	0.0	0.0	0.0
11954	4.718389168214919	0.0	0.49582952068250924	0.0	0.0	0.0	0.0	0.0	2.567271800047159	0.0	0.0	0.0	0.0	0.0	0.0	0.0	1.0340546090578857	0.0	0.0	0.0	0.0	0.0	0.0	0.0
11955	2.315800768923578	0.0	0.5513236430739252	0.0	0.0	0.0	0.0	0.0	1.053904623721554	0.0	0.0	0.0	0.0	0.0	0.0	0.0	0.8626720051131697	0.0	0.0	0.0	0.0	0.0	0.0	0.0
11956	1.4715022491199337	0.0	0.2596883064924672	0.0	0.0	0.0	0.0	0.0	2.0542690341805034	0.0	0.0	0.0	0.3363294419627186	0.0	0.0	0.0	4.191257751484286	0.0	0.3228487064715759	0.0	0.0	0.0	0.0	0.0
11957	3.596736519023736	0.0	2.5773888779666696	0.0	0.6257782623312076	0.0	0.0	0.0	1.6704727090943787	0.0	0.0	0.0	0.0	0.0	0.0	0.0	2.203839590361923	0.0	0.6336926650470439	0.0	0.0	0.0	0.0	0.0
11958	0.9315207495702231	0.0	0.0	0.0	0.0	0.0	0.0	0.0	2.3658749235595007	0.0	0.0	0.0	0.1779919904958718	0.0	0.0	0.0	2.3053341211127116	0.0	0.0	0.0	0.0	0.0	0.0	0.0
11959	1.321326789345723	0.0	0.0	0.0	0.0	0.0	0.0	0.0	1.0496749062752018	0.0	0.0	0.0	0.0	0.0	0.0	0.0	1.2318469623282178	0.0	0.9128645924121395	0.0	0.0	0.0	0.0	0.0
11960	2.2595275327102193	0.0	0.7927584591949456	0.0	0.0	0.0	0.0	0.0	4.246525978976902	0.0	0.0	0.0	1.4876345373526176	0.0	0.0	0.0	1.096174887895166	0.0	0.7152966976217662	0.0	0.0	0.0	0.0	0.0
11961	1.1348625775869985	0.0	0.0	0.0	0.0	0.0	0.0	0.0	1.940913870644588	0.0	0.9227370861906489	0.0	0.0	0.0	0.0	0.0	3.0373525638615093	0.0	1.133053328121207	0.0	0.0	0.0	0.0	0.0
11962	2.3029838331574286	0.0	0.0	0.0	0.4958201983528838	0.0	0.0	0.0	1.8120644178900196	0.0	0.0	0.0	0.0	0.0	0.0	0.0	0.7912729552976872	0.0	0.0	0.0	0.0	0.0	0.0	0.0
11963	4.535079211009917	0.0	1.1480880559447737	0.0	0.0	0.0	0.0	0.0	2.0547313818587485	0.0	0.0	0.0	0.0	0.0	0.0	0.0	1.1820512590676264	0.0	0.5750165925331279	0.0	0.0	0.0	0.0	0.0
11964	1.0554260043380168	0.0	0.0	0.0	0.0	0.0	0.0	0.0	0.6678708133495209	0.0	0.0	0.0	0.0	0.0	0.0	0.0	0.8365862437369361	0.0	0.8982944762291901	0.0	0.0	0.0	0.0	0.3173690919038396
11965	2.1540470700143857	0.0	0.0	0.0	0.0	0.0	0.0	0.0	4.999307943272599	0.0	0.0	0.0	0.9487147907565738	0.0	0.0	0.0	4.078863774774457	0.0	0.0	0.0	0.0	0.0	0.0	0.0
11966	3.3162738670414504	0.0	1.088627090735205	0.0	0.0	0.0	0.0	0.0	2.227184576195823	0.164953350394415	0.0	0.0	1.041315766255176	0.0	0.0	0.0	5.179025570323588	0.0	0.8183945569098696	0.0	0.0	0.0	0.0	0.0
11967	4.007480757239925	0.0	0.0	0.0	0.0	0.0	0.0	0.0	5.940210786572862	0.0	0.0	0.0	2.3356909055268322	0.9996475218720665	0.0	0.0	3.711277892075292	0.0	0.0	0.0	0.0	0.0	0.0	0.0
11968	3.4542051932373767	0.0	1.0358708067141222	0.0	0.40869346840977205	0.0	0.0	0.0	3.473232914394945	0.0	0.0	0.0	0.0	0.0	0.0	0.0	3.6290044912143546	0.0	1.003855947829197	0.0	0.0	0.0	0.0	0.0
11969	2.2005332347677835	0.0	0.0	0.0	0.8596834424960011	0.0	0.0	0.0	2.0792249722693534	0.0	0.0	0.0	0.0	0.0	0.0	0.0	4.202993745236368	0.0	0.0	0.0	0.0	0.0	0.0	0.0
11970	2.328087261327075	0.0	0.889892785968702	0.0	0.0	0.0	0.0	0.0	2.2451471757558323	0.0	0.0	0.0	0.0	0.0	0.0	0.0	4.271211332809381	0.0	0.7882768345800794	0.0	0.0	0.8019270635156482	0.0	0.0
11971	1.7257434706825272	0.0	0.0	0.0	0.0	0.0	0.0	0.0	2.677501220785756	0.0	0.0	0.9759334576101503	0.0	0.0	0.0	0.0	2.890497592632185	0.0	0.0	0.0	0.0	0.7258901226376846	0.0	0.0
11972	3.36570526531979	0.0	0.0	0.0	0.7100811478783691	0.0	0.0	0.0	4.501481830987453	0.47522762323780976	0.0	0.0	0.0	0.0	0.0	0.0	3.6681544922183793	0.0	0.0	0.0	0.3409679903143383	0.0	0.0	0.0
11973	3.263595306883448	0.0	1.1304674771076886	0.0	0.0	0.0	0.0	0.0	3.205128944144651	0.0	0.0	0.0	1.2076908206376615	0.775674086451546	0.0	0.0	3.0527503360952934	0.0	0.7973906788166069	0.0	0.0	0.3984690742495505	0.0	0.0
11974	2.228637938308956	0.0	1.2955834868848066	0.0	0.0	0.0	0.0	0.0	2.7730289650740727	0.0	0.0	0.49539688926367953	0.0	0.0	0.0	0.0	4.308623768411172	0.0	0.9922466988849933	0.0	0.0	0.0	0.0	0.0
11975	1.4899476302238195	0.0	0.0	0.0	0.0	0.0	0.0	0.0	3.1540799077900545	0.0	0.0	0.0	2.4952706344086786	0.0	0.0	0.0	3.64749757225481	0.0	0.0	0.0	0.0	0.0	0.0	0.0
11976	2.8483952493712024	0.0	0.72073536446286	0.0	0.0	0.0	0.0	0.0	2.3478172519694853	0.0	0.0	0.0	0.0	0.0	0.0	0.0	1.9272547252097123	0.0	0.958845474146052	0.0	0.0	0.0	0.0	0.0
11977	1.7375793124585608	0.0	0.0	0.0	0.0	0.0	0.0	0.0	1.9860925428900567	0.0	0.0	0.0	0.0	0.0	0.0	0.0	2.2989499232356243	0.0	0.7105906995107284	0.0	0.0	0.0	0.0	0.0
11978	2.3383933606375256	0.0	0.0	0.0	0.0	0.0	0.0	0.0	1.9457497248362432	0.0	0.0	0.0	0.0	0.0	0.0	0.0	1.875428360819552	0.0	0.9275786160262416	0.0	0.0	0.0	0.0	0.0
11979	1.9328574847224962	0.6905648921414242	0.4408800545489782	0.0	2.9220927167864845	0.0	0.0	0.0	5.406534736345116	0.29344863263618126	0.0	0.0	0.0	0.0	0.0	0.0	1.1304510102935446	0.0	0.0	0.0	0.0	0.7077707543312889	0.0	0.0
11980	2.7556934070839874	0.0	0.0	0.0	0.0	0.0	0.0	0.0	4.174844435147173	0.0	0.0	0.6982571735503077	0.5848781709403127	0.0	0.0	1.7134088695677272	1.7937810178947506	0.0	0.0	0.0	0.0	0.7719991506731282	0.0	0.0
11981	3.149193473703555	0.0	1.265809119604029	0.0	0.8992597958228641	0.0	0.0	0.0	2.7295161464837427	1.161871232151399	0.0	0.0	0.0	0.0	0.0	0.0	3.1584785343863353	0.0	0.0	0.0	0.0	0.0	0.0	0.0
11982	1.988312216996702	0.0	0.0	0.0	0.0	0.0	0.0	0.0	2.25006637084071	0.0	0.0	0.0	0.0	0.0	0.0	0.0	6.092255025636195	0.0	0.0	0.0	0.0	0.0	0.0	0.0
11983	2.965198138404919	0.0	0.0	0.0	1.301884626711299	0.0	0.0	0.0	3.2628821615252983	0.0	0.0	0.0	0.0	0.0	0.0	0.0	2.113817399871616	0.0	0.0	0.0	0.0	0.0	0.0	0.0
11984	1.9000900442047794	0.0	0.0	0.0	0.0	0.0	0.0	0.0	1.9212092664437073	0.0	0.0	0.0	0.0	0.0	0.0	0.0	7.149064674892169	0.0	0.44645972605446127	0.34545346048935066	0.0	0.5591667830253509	0.0	0.0
11985	0.49487165930539345	0.0	0.0	0.0	0.0	0.0	0.0	0.0	0.9004242827072628	0.0	0.0	0.0	0.0	0.0	0.0	0.0	1.782765422320168	0.0	0.0	0.0	0.0	0.0	0.0	0.0
11986	2.2500350941747436	0.0	1.0022904512603668	0.0	0.0	0.0	0.0	0.0	3.075505432069697	0.0	0.0	0.0	0.0	0.0	0.0	0.0	3.235822934533245	0.0	1.0381425674163343	0.0	0.0	0.0	0.0	0.0
11987	4.382946329671182	0.0	0.0	0.0	0.0	0.0	0.0	0.0	2.678700915834246	0.0	0.4950509143692093	0.0	0.0	0.0	0.0	0.0	2.3572347917300407	0.0	0.0	0.0	0.0	0.44659375653887207	0.0	0.0
11988	2.173631295395662	0.0	0.0	0.0	0.0	0.0	0.0	0.0	3.4134745499873387	0.0	0.0	0.0	0.0	0.0	0.0	0.0	4.173011066975498	0.0	2.0614062849293626	0.0	0.0	0.9940379914373122	0.0	0.0
11989	1.0466053724338003	0.0	0.0	0.0	0.0	0.0	0.0	0.0	3.9836061322737075	0.24431084085753177	0.0	0.0	1.41616017521793	0.0	0.0	0.0	1.2489995996796799	0.0	1.1227211384938545	0.0	0.0	1.388225277643223	0.0	0.0
11990	2.434855449145202	0.0	0.9972857867647761	0.0	0.0	0.0	0.0	0.0	4.150195863918315	0.0	0.4884762580644697	0.0	1.3212193573925948	0.0	0.0	0.0	3.0224398123812266	0.0	0.6793917871392405	0.0	0.0	1.8930545319018723	0.0	0.0
11991	2.261978943214265	0.0	0.0	0.0	0.0	0.0	0.0	0.0	3.3879033846709117	0.0	0.0	0.0	0.0	0.5432153383063352	0.0	0.0	3.322262850917776	0.0	0.0	0.0	0.0	0.6821141953573462	0.0	0.0
11992	2.251401533326725	0.0	0.0	0.0	0.0	0.0	0.0	0.0	1.2618262103061615	0.0	0.0	0.0	0.0	0.0	0.0	0.0	0.9178275866031356	0.0	0.0	0.0	0.0	0.0	0.0	0.0
11993	1.0210565472861446	0.0	1.7822109842660503	0.0	0.8440707118006398	0.0	0.0	0.0	2.0990931565265374	0.0	0.0	0.0	0.0	0.0	0.0	0.0	4.136100619863883	0.0	1.3006769780313985	0.0	0.0	0.9238838364869785	0.0	0.0
11994	2.1354440563092787	0.0	0.0	0.0	0.0	0.0	0.0	0.0	3.2613894999366604	0.0	0.0	0.27186902655766854	0.0	0.0	0.0	0.0	4.301243422547714	0.0	0.0	0.0	0.0	0.0	0.0	0.0
11995	4.479001870887341	0.0	0.0	0.0	0.0	0.0	0.0	0.0	2.527657835713486	0.0	0.0	0.0	0.0	0.0	0.0	0.0	1.2963508162077433	0.0	0.586931054249652	0.0	0.0	0.7651349002031747	0.0	0.0
11996	1.9343038707311033	0.0	0.9708645656335562	0.0	0.0	0.0	0.0	0.0	2.8873590707821775	0.0	0.0	0.0	0.0	0.0	0.0	0.0	2.0855731472862926	0.0	0.9001569009410848	0.0	0.0	0.0	0.0	0.2795266993309995
11997	2.8392403654299856	0.0	0.0	0.0	0.0	0.0	0.0	0.0	2.9930441274164234	0.0	0.0	0.0	1.3699440874421054	0.0	0.0	0.0	2.0234710085776997	0.0	1.0137242099455195	0.0	0.0	0.0	0.0	0.0
11998	2.5932350529169823	0.0	0.7042127703995443	0.0	0.903291199871227	0.0	0.0	0.0	0.9226023078591771	0.0	0.0	0.0	1.7160676686433984	0.0	0.0	0.0	3.364007016918446	0.0	0.0	0.0	0.0	0.0	0.0	0.0
11999	5.466561276559122	0.0	0.7158010571712847	0.0	0.0	0.0	0.0	0.0	2.4742889672496484	0.0	0.0	0.0	0.0	0.0	0.0	0.0	3.758556601930434	0.0	0.0	0.0	0.0	0.7090331169607562	0.0	0.0
12000	2.9096007258871524	0.0	0.19180250027086604	0.0	0.0	0.0	0.0	0.0	3.2941599272532964	0.0	0.0	0.0	1.507246077207372	1.094770579777031	0.0	0.0	4.48932385969407	0.0	1.8552536265138266	0.0	0.0	0.5956033483470476	0.0	0.0
12001	1.9525260491164318	0.0	0.0	0.0	0.0	0.0	0.0	0.0	1.163908540613349	0.0	0.0	0.0	0.0	0.0	0.0	0.0	1.6215863439256464	0.0	0.0	0.0	0.0	0.0	0.0	0.0
12002	2.859015454581724	0.0	0.0	0.0	0.8568917815934736	0.0	0.0	0.0	3.9815459052398268	0.0	0.0	0.0	0.8435168386085702	0.0	0.0	0.0	2.089677699792083	0.0	0.0	0.0	0.0	0.0	0.0	0.0
12003	2.976856669055397	0.0	0.0	0.0	0.8662215504973051	0.0	0.0	0.0	3.9424748763058663	0.0	0.0	0.2692844500722549	0.0	0.0	0.0	0.0	4.267455718962101	0.0	0.0	0.0	0.0	0.6135836487822975	0.0	0.0
12004	0.821653782626833	0.0	0.7306769318115076	0.0	0.0	0.0	0.0	0.0	1.5032605034786668	0.4999504042056014	0.0	0.0	0.0	0.0	0.0	0.0	1.072759679839038	0.0	0.0	0.0	0.0	0.0	0.0	0.0
12005	3.3613330030532196	0.0	0.9873950704465134	0.0	0.7268868878096281	0.0	0.0	0.0	2.1371343288732314	0.0	0.0	0.0	0.0	0.0	0.0	0.0	4.105374239857582	0.0	0.9665696697780863	0.0	0.0	0.880937099685682	0.0	0.0
12006	4.308894124267697	0.0	0.0	0.0	0.5298783036714682	0.0	0.0	0.0	4.01562294764068	0.0	0.0	0.0	0.0	0.0	0.0	0.0	4.268238451661338	0.0	0.0	0.0	0.0	0.0	0.0	0.0
12007	2.110484680277619	0.0	0.0	0.0	1.3351970235523507	0.0	0.0	0.0	3.142494874362631	0.0	0.0	0.0	0.0	0.0	0.0	0.0	2.429704815155349	0.0	1.4204124699236738	0.0	0.0	0.0	0.0	0.0
12008	3.0374442082917112	0.0	0.0	0.0	0.0	0.0	0.0	0.0	2.0754311380379886	0.0	0.0	0.0	1.5804772623154866	0.0	0.0	0.0	2.8844001657940557	0.0	2.098629187076775	0.0	0.0	0.0	0.0	0.0
12009	4.046700619333213	0.0	0.0	0.0	0.9024843902772602	0.0	0.0	0.0	2.2958873819398833	0.0	0.0	0.0	1.0424596383071114	0.0	0.0	0.0	5.5625970843838966	0.0	1.3274329679643997	0.0	0.0	0.0	0.0	0.0
12010	1.6467734995108163	0.0	0.0	0.0	0.0	0.0	0.0	0.0	1.2180383459097068	0.0	0.0	0.0	0.3882154877102613	0.0	0.0	0.0	1.1231185110593773	0.0	0.0	0.0	0.0	0.0	0.0	0.0
28720	37.7854303517122	17.484935957393514	8.884946731354384	4.345227701052079	11.143732889161239	11.456813577203048	7.198810819414633	6.601845910021393	24.071474432226346	84.19672531336262	33.59299443789039	8.086147978928025	20.118161819393535	27.02998396783559	12.96340986292195	31.9195617120406	32.529501095208644	36.12107110763841	31.561838668990756	51.520191500590734	8.594197770837273	27.965149627239036	10.170429659883387	57.98462102525238
